(1790953994.659953) can0 2A1#0100010000000000
(1790953994.660072) can0 2A2#0000E2BF000014CE
(1790953994.660195) can0 2A3#0002DFBA0002BF20
(1790953994.660292) can0 2A4#000118C7FFFD54F4
(1790953994.660417) can0 2A5#0000133A0000135D
(1790953994.660549) can0 2A6#FFFFF84700000253
(1790953994.660668) can0 2A7#00004EADFFFFFD8E
(1790953994.664956) can0 2A1#0100010000000000
(1790953994.665072) can0 2A2#0000E2BF000014CE
(1790953994.665195) can0 2A3#0002DFBA0002BF20
(1790953994.665319) can0 2A4#000118C7FFFD54F4
(1790953994.665442) can0 2A5#0000133A0000135D
(1790953994.665568) can0 2A6#FFFFF84700000253
(1790953994.665695) can0 2A7#00004EADFFFFFD8E
(1790953994.669951) can0 2A1#0100010000000000
(1790953994.670069) can0 2A2#0000E2BF000014CE
(1790953994.670194) can0 2A3#0002DFBA0002BF20
(1790953994.670293) can0 2A4#000118C7FFFD54F4
(1790953994.670416) can0 2A5#0000133A0000135D
(1790953994.670546) can0 2A6#FFFFF84700000253
(1790953994.670670) can0 2A7#00004EADFFFFFD8E
(1790953994.674947) can0 2A1#0100010000000000
(1790953994.675069) can0 2A2#0000E2BF000014CE
(1790953994.675194) can0 2A3#0002DFBA0002BF20
(1790953994.675318) can0 2A4#000118C7FFFD54F4
(1790953994.675441) can0 2A5#0000133A0000135D
(1790953994.675567) can0 2A6#FFFFF84700000253
(1790953994.675693) can0 2A7#00004EADFFFFFD8E
(1790953994.679953) can0 2A1#0100010000000000
(1790953994.680072) can0 2A2#0000E2BF000014CE
(1790953994.680195) can0 2A3#0002DFBA0002BF20
(1790953994.680318) can0 2A4#000118C7FFFD54F4
(1790953994.680417) can0 2A5#0000133A0000135D
(1790953994.680542) can0 2A6#FFFFF84700000253
(1790953994.680668) can0 2A7#00004EADFFFFFD8E
(1790953994.684952) can0 2A1#0100010000000000
(1790953994.685094) can0 2A2#0000E2BF000014CE
(1790953994.685193) can0 2A3#0002DFBA0002BF20
(1790953994.685317) can0 2A4#000118C7FFFD54F4
(1790953994.685441) can0 2A5#0000133A0000135D
(1790953994.685542) can0 2A6#FFFFF84700000253
(1790953994.685668) can0 2A7#00004EADFFFFFD8E
(1790953994.689950) can0 2A1#0100010000000000
(1790953994.690068) can0 2A2#0000E2BF000014CE
(1790953994.690194) can0 2A3#0002DFBA0002BF20
(1790953994.690292) can0 2A4#000118C7FFFD54F4
(1790953994.690416) can0 2A5#0000133A0000135D
(1790953994.690542) can0 2A6#FFFFF84700000253
(1790953994.690669) can0 2A7#00004EADFFFFFD8E
(1790953994.694976) can0 2A1#0100010000000000
(1790953994.695073) can0 2A2#0000E2BF000014CE
(1790953994.695193) can0 2A3#0002DFBA0002BF20
(1790953994.695319) can0 2A4#000118C7FFFD54F4
(1790953994.695441) can0 2A5#0000133A0000135D
(1790953994.695543) can0 2A6#FFFFF84700000253
(1790953994.695694) can0 2A7#00004EADFFFFFD8E
(1790953994.699950) can0 2A1#0100010000000000
(1790953994.700068) can0 2A2#0000E2BF000014CE
(1790953994.700193) can0 2A3#0002DFBA0002BF20
(1790953994.700292) can0 2A4#000118C7FFFD54F4
(1790953994.700417) can0 2A5#0000133A0000135D
(1790953994.700542) can0 2A6#FFFFF84700000253
(1790953994.700669) can0 2A7#00004EADFFFFFD8E
(1790953994.704950) can0 2A1#0100010000000000
(1790953994.705068) can0 2A2#0000E2BF000014CE
(1790953994.705193) can0 2A3#0002DFBA0002BF20
(1790953994.705317) can0 2A4#000118C7FFFD54F4
(1790953994.705442) can0 2A5#0000133A0000135D
(1790953994.705569) can0 2A6#FFFFF84700000253
(1790953994.705693) can0 2A7#00004EADFFFFFD8E
(1790953994.709956) can0 2A1#0100010000000000
(1790953994.710069) can0 2A2#0000E2BF000014CE
(1790953994.710194) can0 2A3#0002DFBA0002BF20
(1790953994.710318) can0 2A4#000118C7FFFD54F4
(1790953994.710417) can0 2A5#0000133A0000135D
(1790953994.710542) can0 2A6#FFFFF84700000253
(1790953994.710675) can0 2A7#00004EADFFFFFD8E
(1790953994.714944) can0 2A1#0100010000000000
(1790953994.715068) can0 2A2#0000E2BF000014CE
(1790953994.715193) can0 2A3#0002DFBA0002BF20
(1790953994.715318) can0 2A4#000118C7FFFD54F4
(1790953994.715441) can0 2A5#0000133A0000135D
(1790953994.715586) can0 2A6#FFFFF84700000253
(1790953994.715693) can0 2A7#00004EADFFFFFD8E
(1790953994.719948) can0 2A1#0100010000000000
(1790953994.720067) can0 2A2#0000E2BF000014CE
(1790953994.720166) can0 2A3#0002DFBA0002BF20
(1790953994.720292) can0 2A4#000118C7FFFD54F4
(1790953994.720417) can0 2A5#0000133A0000135D
(1790953994.720542) can0 2A6#FFFFF84700000253
(1790953994.720667) can0 2A7#00004EADFFFFFD8E
(1790953994.724975) can0 2A1#0100010000000000
(1790953994.725067) can0 2A2#0000E2BF000014CE
(1790953994.725191) can0 2A3#0002DFBA0002BF20
(1790953994.725316) can0 2A4#000118C7FFFD54F4
(1790953994.725441) can0 2A5#0000133A0000135D
(1790953994.725542) can0 2A6#FFFFF84700000253
(1790953994.725666) can0 2A7#00004EADFFFFFD8E
(1790953994.729947) can0 2A1#0100010000000000
(1790953994.730067) can0 2A2#0000E2BF000014CE
(1790953994.730192) can0 2A3#0002DFBA0002BF20
(1790953994.730317) can0 2A4#000118C7FFFD54F4
(1790953994.730417) can0 2A5#0000133A0000135D
(1790953994.730542) can0 2A6#FFFFF84700000253
(1790953994.730667) can0 2A7#00004EADFFFFFD8E
(1790953994.734976) can0 2A1#0100010000000000
(1790953994.735070) can0 2A2#0000E2BF000014CE
(1790953994.735192) can0 2A3#0002DFBA0002BF20
(1790953994.735317) can0 2A4#000118C7FFFD54F4
(1790953994.735441) can0 2A5#0000133A0000135D
(1790953994.735566) can0 2A6#FFFFF84700000253
(1790953994.735692) can0 2A7#00004EADFFFFFD8E
(1790953994.739946) can0 2A1#0100010000000000
(1790953994.740067) can0 2A2#0000E2BF000014CE
(1790953994.740167) can0 2A3#0002DFBA0002BF20
(1790953994.740291) can0 2A4#000118C7FFFD54F4
(1790953994.740416) can0 2A5#0000133A0000135D
(1790953994.740542) can0 2A6#FFFFF84700000253
(1790953994.740667) can0 2A7#00004EADFFFFFD8E
(1790953994.744947) can0 2A1#0100010000000000
(1790953994.745067) can0 2A2#0000E2BF000014CE
(1790953994.745192) can0 2A3#0002DFBA0002BF20
(1790953994.745316) can0 2A4#000118C7FFFD54F4
(1790953994.745441) can0 2A5#0000133A0000135D
(1790953994.745567) can0 2A6#FFFFF84700000253
(1790953994.745693) can0 2A7#00004EADFFFFFD8E
(1790953994.749945) can0 2A1#0100010000000000
(1790953994.750068) can0 2A2#0000E2BF000014CE
(1790953994.750192) can0 2A3#0002DFBA0002BF20
(1790953994.750316) can0 2A4#000118C7FFFD54F4
(1790953994.750416) can0 2A5#0000133A0000135D
(1790953994.750542) can0 2A6#FFFFF84700000253
(1790953994.750667) can0 2A7#00004EADFFFFFD8E
(1790953994.754946) can0 2A1#0100010000000000
(1790953994.755070) can0 2A2#0000E2BF000014CE
(1790953994.755193) can0 2A3#0002DFBA0002BF20
(1790953994.755318) can0 2A4#000118C7FFFD54F4
(1790953994.755442) can0 2A5#0000133A0000135D
(1790953994.755567) can0 2A6#FFFFF84700000253
(1790953994.755667) can0 2A7#00004EADFFFFFD8E
(1790953994.759949) can0 2A1#0100010000000000
(1790953994.760067) can0 2A2#0000E2BF000014CE
(1790953994.760192) can0 2A3#0002DFBA0002BF20
(1790953994.760317) can0 2A4#000118C7FFFD54F4
(1790953994.760442) can0 2A5#0000133A0000135D
(1790953994.760542) can0 2A6#FFFFF84700000253
(1790953994.760667) can0 2A7#00004EADFFFFFD8E
(1790953994.764956) can0 2A1#0100010000000000
(1790953994.765069) can0 2A2#0000E2BF000014CE
(1790953994.765192) can0 2A3#0002DFBA0002BF20
(1790953994.765317) can0 2A4#000118C7FFFD54F4
(1790953994.765445) can0 2A5#0000133A0000135D
(1790953994.765569) can0 2A6#FFFFF84700000253
(1790953994.765694) can0 2A7#00004EADFFFFFD8E
(1790953994.769962) can0 2A1#0100010000000000
(1790953994.770071) can0 2A2#0000E2BF000014CE
(1790953994.770216) can0 2A3#0002DFBA0002BF20
(1790953994.770318) can0 2A4#000118C7FFFD54F4
(1790953994.770418) can0 2A5#0000133A0000135D
(1790953994.770544) can0 2A6#FFFFF84700000253
(1790953994.770669) can0 2A7#00004EADFFFFFD8E
(1790953994.775007) can0 2A1#0100010000000000
(1790953994.775095) can0 2A2#0000E2BF000014CE
(1790953994.775193) can0 2A3#0002DFBA0002BF20
(1790953994.775319) can0 2A4#000118C7FFFD54F4
(1790953994.775443) can0 2A5#0000133A0000135D
(1790953994.775543) can0 2A6#FFFFF84700000253
(1790953994.775668) can0 2A7#00004EADFFFFFD8E
(1790953994.779948) can0 2A1#0100010000000000
(1790953994.780069) can0 2A2#0000E2BF000014CE
(1790953994.780200) can0 2A3#0002DFBA0002BF20
(1790953994.780296) can0 2A4#000118C7FFFD54F4
(1790953994.780419) can0 2A5#0000133A0000135D
(1790953994.780543) can0 2A6#FFFFF84700000253
(1790953994.780667) can0 2A7#00004EADFFFFFD8E
(1790953994.784987) can0 2A1#0100010000000000
(1790953994.785077) can0 2A2#0000E2BF000014CE
(1790953994.785197) can0 2A3#0002DFBA0002BF20
(1790953994.785319) can0 2A4#000118C7FFFD54F4
(1790953994.785444) can0 2A5#0000133A0000135D
(1790953994.785568) can0 2A6#FFFFF84700000253
(1790953994.785668) can0 2A7#00004EADFFFFFD8E
(1790953994.789960) can0 2A1#0100010000000000
(1790953994.790069) can0 2A2#0000E2BF000014CE
(1790953994.790194) can0 2A3#0002DFBA0002BF20
(1790953994.790294) can0 2A4#000118C7FFFD54F4
(1790953994.790418) can0 2A5#0000133A0000135D
(1790953994.790544) can0 2A6#FFFFF84700000253
(1790953994.790669) can0 2A7#00004EADFFFFFD8E
(1790953994.794983) can0 2A1#0100010000000000
(1790953994.795069) can0 2A2#0000E2BF000014CE
(1790953994.795193) can0 2A3#0002DFBA0002BF20
(1790953994.795318) can0 2A4#000118C7FFFD54F4
(1790953994.795417) can0 2A5#0000133A0000135D
(1790953994.795541) can0 2A6#FFFFF84700000253
(1790953994.795692) can0 2A7#00004EADFFFFFD8E
(1790953994.799950) can0 2A1#0100010000000000
(1790953994.800068) can0 2A2#0000E2BF000014CE
(1790953994.800192) can0 2A3#0002DFBA0002BF20
(1790953994.800317) can0 2A4#000118C7FFFD54F4
(1790953994.800417) can0 2A5#0000133A0000135D
(1790953994.800542) can0 2A6#FFFFF84700000253
(1790953994.800667) can0 2A7#00004EADFFFFFD8E
(1790953994.804945) can0 2A1#0100010000000000
(1790953994.805069) can0 2A2#0000E2BF000014CE
(1790953994.805192) can0 2A3#0002DFBA0002BF20
(1790953994.805317) can0 2A4#000118C7FFFD54F4
(1790953994.805442) can0 2A5#0000133A0000135D
(1790953994.805567) can0 2A6#FFFFF84700000253
(1790953994.805692) can0 2A7#00004EADFFFFFD8E
(1790953994.809946) can0 2A1#0100010000000000
(1790953994.810067) can0 2A2#0000E2BF000014CE
(1790953994.810167) can0 2A3#0002DFBA0002BF20
(1790953994.810294) can0 2A4#000118C7FFFD54F4
(1790953994.810418) can0 2A5#0000133A0000135D
(1790953994.810543) can0 2A6#FFFFF84700000253
(1790953994.810668) can0 2A7#00004EADFFFFFD8E
(1790953994.814947) can0 2A1#0100010000000000
(1790953994.815068) can0 2A2#0000E2BF000014CE
(1790953994.815192) can0 2A3#0002DFBA0002BF20
(1790953994.815317) can0 2A4#000118C7FFFD54F4
(1790953994.815442) can0 2A5#0000133A0000135D
(1790953994.815567) can0 2A6#FFFFF84700000253
(1790953994.815667) can0 2A7#00004EADFFFFFD8E
(1790953994.819942) can0 2A1#0100010000000000
(1790953994.820069) can0 2A2#0000E2BF000014CE
(1790953994.820192) can0 2A3#0002DFBA0002BF20
(1790953994.820292) can0 2A4#000118C7FFFD54F4
(1790953994.820417) can0 2A5#0000133A0000135D
(1790953994.820541) can0 2A6#FFFFF84700000253
(1790953994.820667) can0 2A7#00004EADFFFFFD8E
(1790953994.824975) can0 2A1#0100010000000000
(1790953994.825099) can0 2A2#0000E2BF000014CE
(1790953994.825219) can0 2A3#0002DFBA0002BF20
(1790953994.825319) can0 2A4#000118C7FFFD54F4
(1790953994.825443) can0 2A5#0000133A0000135D
(1790953994.825567) can0 2A6#FFFFF84700000253
(1790953994.825692) can0 2A7#00004EADFFFFFD8E
(1790953994.829943) can0 2A1#0100010000000000
(1790953994.830069) can0 2A2#0000E2BF000014CE
(1790953994.830192) can0 2A3#0002DFBA0002BF20
(1790953994.830316) can0 2A4#000118C7FFFD54F4
(1790953994.830417) can0 2A5#0000133A0000135D
(1790953994.830542) can0 2A6#FFFFF84700000253
(1790953994.830668) can0 2A7#00004EADFFFFFD8E
(1790953994.834945) can0 2A1#0100010000000000
(1790953994.835068) can0 2A2#0000E2BF000014CE
(1790953994.835193) can0 2A3#0002DFBA0002BF20
(1790953994.835318) can0 2A4#000118C7FFFD54F4
(1790953994.835442) can0 2A5#0000133A0000135D
(1790953994.835567) can0 2A6#FFFFF84700000253
(1790953994.835693) can0 2A7#00004EADFFFFFD8E
(1790953994.839947) can0 2A1#0100010000000000
(1790953994.840068) can0 2A2#0000E2BF000014CE
(1790953994.840193) can0 2A3#0002DFBA0002BF20
(1790953994.840292) can0 2A4#000118C7FFFD54F4
(1790953994.840442) can0 2A5#0000133A0000135D
(1790953994.840543) can0 2A6#FFFFF84700000253
(1790953994.840668) can0 2A7#00004EADFFFFFD8E
(1790953994.844951) can0 2A1#0100010000000000
(1790953994.845068) can0 2A2#0000E2BF000014CE
(1790953994.845193) can0 2A3#0002DFBA0002BF20
(1790953994.845318) can0 2A4#000118C7FFFD54F4
(1790953994.845443) can0 2A5#0000133A0000135D
(1790953994.845567) can0 2A6#FFFFF84700000253
(1790953994.845668) can0 2A7#00004EADFFFFFD8E
(1790953994.849946) can0 2A1#0100010000000000
(1790953994.850067) can0 2A2#0000E2BF000014CE
(1790953994.850193) can0 2A3#0002DFBA0002BF20
(1790953994.850293) can0 2A4#000118C7FFFD54F4
(1790953994.850418) can0 2A5#0000133A0000135D
(1790953994.850543) can0 2A6#FFFFF84700000253
(1790953994.850668) can0 2A7#00004EADFFFFFD8E
(1790953994.854969) can0 2A1#0100010000000000
(1790953994.855068) can0 2A2#0000E2BF000014CE
(1790953994.855193) can0 2A3#0002DFBA0002BF20
(1790953994.855317) can0 2A4#000118C7FFFD54F4
(1790953994.855442) can0 2A5#0000133A0000135D
(1790953994.855568) can0 2A6#FFFFF84700000253
(1790953994.855668) can0 2A7#00004EADFFFFFD8E
(1790953994.859946) can0 2A1#0100010000000000
(1790953994.860067) can0 2A2#0000E2BF000014CE
(1790953994.860168) can0 2A3#0002DFBA0002BF20
(1790953994.860292) can0 2A4#000118C7FFFD54F4
(1790953994.860417) can0 2A5#0000133A0000135D
(1790953994.860542) can0 2A6#FFFFF84700000253
(1790953994.860667) can0 2A7#00004EADFFFFFD8E
(1790953994.864968) can0 2A1#0100010000000000
(1790953994.865068) can0 2A2#0000E2BF000014CE
(1790953994.865193) can0 2A3#0002DFBA0002BF20
(1790953994.865317) can0 2A4#000118C7FFFD54F4
(1790953994.865443) can0 2A5#0000133A0000135D
(1790953994.865571) can0 2A6#FFFFF84700000253
(1790953994.865693) can0 2A7#00004EADFFFFFD8E
(1790953994.869942) can0 2A1#0100010000000000
(1790953994.870068) can0 2A2#0000E2BF000014CE
(1790953994.870193) can0 2A3#0002DFBA0002BF20
(1790953994.870317) can0 2A4#000118C7FFFD54F4
(1790953994.870418) can0 2A5#0000133A0000135D
(1790953994.870543) can0 2A6#FFFFF84700000253
(1790953994.870668) can0 2A7#00004EADFFFFFD8E
(1790953994.874976) can0 2A1#0100010000000000
(1790953994.875093) can0 2A2#0000E2BF000014CE
(1790953994.875193) can0 2A3#0002DFBA0002BF20
(1790953994.875317) can0 2A4#000118C7FFFD54F4
(1790953994.875442) can0 2A5#0000133A0000135D
(1790953994.875568) can0 2A6#FFFFF84700000253
(1790953994.875668) can0 2A7#00004EADFFFFFD8E
(1790953994.879948) can0 2A1#0100010000000000
(1790953994.880068) can0 2A2#0000E2BF000014CE
(1790953994.880170) can0 2A3#0002DFBA0002BF20
(1790953994.880319) can0 2A4#000118C7FFFD54F4
(1790953994.880418) can0 2A5#0000133A0000135D
(1790953994.880542) can0 2A6#FFFFF84700000253
(1790953994.880666) can0 2A7#00004EADFFFFFD8E
(1790953994.884969) can0 2A1#0100010000000000
(1790953994.885069) can0 2A2#0000E2BF000014CE
(1790953994.885194) can0 2A3#0002DFBA0002BF20
(1790953994.885318) can0 2A4#000118C7FFFD54F4
(1790953994.885442) can0 2A5#0000133A0000135D
(1790953994.885541) can0 2A6#FFFFF84700000253
(1790953994.885694) can0 2A7#00004EADFFFFFD8E
(1790953994.889949) can0 2A1#0100010000000000
(1790953994.890068) can0 2A2#0000E2BF000014CE
(1790953994.890193) can0 2A3#0002DFBA0002BF20
(1790953994.890317) can0 2A4#000118C7FFFD54F4
(1790953994.890416) can0 2A5#0000133A0000135D
(1790953994.890548) can0 2A6#FFFFF84700000253
(1790953994.890668) can0 2A7#00004EADFFFFFD8E
(1790953994.894946) can0 2A1#0100010000000000
(1790953994.895069) can0 2A2#0000E2BF000014CE
(1790953994.895194) can0 2A3#0002DFBA0002BF20
(1790953994.895318) can0 2A4#000118C7FFFD54F4
(1790953994.895441) can0 2A5#0000133A0000135D
(1790953994.895570) can0 2A6#FFFFF84700000253
(1790953994.895694) can0 2A7#00004EADFFFFFD8E
(1790953994.899946) can0 2A1#0100010000000000
(1790953994.900066) can0 2A2#0000E2BF000014CE
(1790953994.900192) can0 2A3#0002DFBA0002BF20
(1790953994.900316) can0 2A4#000118C7FFFD54F4
(1790953994.900416) can0 2A5#0000133A0000135D
(1790953994.900542) can0 2A6#FFFFF84700000253
(1790953994.900667) can0 2A7#00004EADFFFFFD8E
(1790953994.904942) can0 2A1#0100010000000000
(1790953994.905092) can0 2A2#0000E2BF000014CE
(1790953994.905192) can0 2A3#0002DFBA0002BF20
(1790953994.905317) can0 2A4#000118C7FFFD54F4
(1790953994.905441) can0 2A5#0000133A0000135D
(1790953994.905566) can0 2A6#FFFFF84700000253
(1790953994.905667) can0 2A7#00004EADFFFFFD8E
(1790953994.909946) can0 2A1#0100010000000000
(1790953994.910067) can0 2A2#0000E2BF000014CE
(1790953994.910167) can0 2A3#0002DFBA0002BF20
(1790953994.910292) can0 2A4#000118C7FFFD54F4
(1790953994.910417) can0 2A5#0000133A0000135D
(1790953994.910542) can0 2A6#FFFFF84700000253
(1790953994.910666) can0 2A7#00004EADFFFFFD8E
(1790953994.914971) can0 2A1#0100010000000000
(1790953994.915066) can0 2A2#0000E2BF000014CE
(1790953994.915192) can0 2A3#0002DFBA0002BF20
(1790953994.915316) can0 2A4#000118C7FFFD54F4
(1790953994.915442) can0 2A5#0000133A0000135D
(1790953994.915567) can0 2A6#FFFFF84700000253
(1790953994.915692) can0 2A7#00004EADFFFFFD8E
(1790953994.919943) can0 2A1#0100010000000000
(1790953994.920067) can0 2A2#0000E2BF000014CE
(1790953994.920192) can0 2A3#0002DFBA0002BF20
(1790953994.920317) can0 2A4#000118C7FFFD54F4
(1790953994.920416) can0 2A5#0000133A0000135D
(1790953994.920542) can0 2A6#FFFFF84700000253
(1790953994.920667) can0 2A7#00004EADFFFFFD8E
(1790953994.924943) can0 2A1#0100010000000000
(1790953994.925092) can0 2A2#0000E2BF000014CE
(1790953994.925191) can0 2A3#0002DFBA0002BF20
(1790953994.925317) can0 2A4#000118C7FFFD54F4
(1790953994.925441) can0 2A5#0000133A0000135D
(1790953994.925567) can0 2A6#FFFFF84700000253
(1790953994.925692) can0 2A7#00004EADFFFFFD8E
(1790953994.929946) can0 2A1#0100010000000000
(1790953994.930067) can0 2A2#0000E2BF000014CE
(1790953994.930192) can0 2A3#0002DFBA0002BF20
(1790953994.930292) can0 2A4#000118C7FFFD54F4
(1790953994.930442) can0 2A5#0000133A0000135D
(1790953994.930542) can0 2A6#FFFFF84700000253
(1790953994.930666) can0 2A7#00004EADFFFFFD8E
(1790953994.934944) can0 2A1#0100010000000000
(1790953994.935067) can0 2A2#0000E2BF000014CE
(1790953994.935191) can0 2A3#0002DFBA0002BF20
(1790953994.935317) can0 2A4#000118C7FFFD54F4
(1790953994.935441) can0 2A5#0000133A0000135D
(1790953994.935567) can0 2A6#FFFFF84700000253
(1790953994.935692) can0 2A7#00004EADFFFFFD8E
(1790953994.939942) can0 2A1#0100010000000000
(1790953994.940067) can0 2A2#0000E2BF000014CE
(1790953994.940192) can0 2A3#0002DFBA0002BF20
(1790953994.940292) can0 2A4#000118C7FFFD54F4
(1790953994.940416) can0 2A5#0000133A0000135D
(1790953994.940541) can0 2A6#FFFFF84700000253
(1790953994.940667) can0 2A7#00004EADFFFFFD8E
(1790953994.944942) can0 2A1#0100010000000000
(1790953994.945066) can0 2A2#0000E2BF000014CE
(1790953994.945192) can0 2A3#0002DFBA0002BF20
(1790953994.945317) can0 2A4#000118C7FFFD54F4
(1790953994.945442) can0 2A5#0000133A0000135D
(1790953994.945566) can0 2A6#FFFFF84700000253
(1790953994.945692) can0 2A7#00004EADFFFFFD8E
(1790953994.949942) can0 2A1#0100010000000000
(1790953994.950067) can0 2A2#0000E2BF000014CE
(1790953994.950191) can0 2A3#0002DFBA0002BF20
(1790953994.950291) can0 2A4#000118C7FFFD54F4
(1790953994.950416) can0 2A5#0000133A0000135D
(1790953994.950542) can0 2A6#FFFFF84700000253
(1790953994.950667) can0 2A7#00004EADFFFFFD8E
(1790953994.954966) can0 2A1#0100010000000000
(1790953994.955091) can0 2A2#0000E2BF000014CE
(1790953994.955192) can0 2A3#0002DFBA0002BF20
(1790953994.955316) can0 2A4#000118C7FFFD54F4
(1790953994.955442) can0 2A5#0000133A0000135D
(1790953994.955541) can0 2A6#FFFFF84700000253
(1790953994.955667) can0 2A7#00004EADFFFFFD8E
(1790953994.959947) can0 2A1#0100010000000000
(1790953994.960066) can0 2A2#0000E2BF000014CE
(1790953994.960192) can0 2A3#0002DFBA0002BF20
(1790953994.960292) can0 2A4#000118C7FFFD54F4
(1790953994.960417) can0 2A5#0000133A0000135D
(1790953994.960542) can0 2A6#FFFFF84700000253
(1790953994.960666) can0 2A7#00004EADFFFFFD8E
(1790953994.964974) can0 2A1#0100010000000000
(1790953994.965076) can0 2A2#0000E2BF000014CE
(1790953994.965191) can0 2A3#0002DFBA0002BF20
(1790953994.965319) can0 2A4#000118C7FFFD54F4
(1790953994.965442) can0 2A5#0000133A0000135D
(1790953994.965543) can0 2A6#FFFFF84700000253
(1790953994.965693) can0 2A7#00004EADFFFFFD8E
(1790953994.969942) can0 2A1#0100010000000000
(1790953994.970069) can0 2A2#0000E2BF000014CE
(1790953994.970195) can0 2A3#0002DFBA0002BF20
(1790953994.970297) can0 2A4#000118C7FFFD54F4
(1790953994.970417) can0 2A5#0000133A0000135D
(1790953994.970542) can0 2A6#FFFFF84700000253
(1790953994.970668) can0 2A7#00004EADFFFFFD8E
(1790953994.974976) can0 2A1#0100010000000000
(1790953994.975068) can0 2A2#0000E2BF000014CE
(1790953994.975193) can0 2A3#0002DFBA0002BF20
(1790953994.975317) can0 2A4#000118C7FFFD54F4
(1790953994.975442) can0 2A5#0000133A0000135D
(1790953994.975569) can0 2A6#FFFFF84700000253
(1790953994.975668) can0 2A7#00004EADFFFFFD8E
(1790953994.979948) can0 2A1#0100010000000000
(1790953994.980069) can0 2A2#0000E2BF000014CE
(1790953994.980193) can0 2A3#0002DFBA0002BF20
(1790953994.980318) can0 2A4#000118C7FFFD54F4
(1790953994.980420) can0 2A5#0000133A0000135D
(1790953994.980545) can0 2A6#FFFFF84700000253
(1790953994.980668) can0 2A7#00004EADFFFFFD8E
(1790953994.984948) can0 2A1#0100010000000000
(1790953994.985094) can0 2A2#0000E2BF000014CE
(1790953994.985192) can0 2A3#0002DFBA0002BF20
(1790953994.985318) can0 2A4#000118C7FFFD54F4
(1790953994.985442) can0 2A5#0000133A0000135D
(1790953994.985567) can0 2A6#FFFFF84700000253
(1790953994.985694) can0 2A7#00004EADFFFFFD8E
(1790953994.989955) can0 2A1#0100010000000000
(1790953994.990069) can0 2A2#0000E2BF000014CE
(1790953994.990196) can0 2A3#0002DFBA0002BF20
(1790953994.990320) can0 2A4#000118C7FFFD54F4
(1790953994.990419) can0 2A5#0000133A0000135D
(1790953994.990545) can0 2A6#FFFFF84700000253
(1790953994.990669) can0 2A7#00004EADFFFFFD8E
(1790953994.994951) can0 2A1#0100010000000000
(1790953994.995079) can0 2A2#0000E2BF000014CE
(1790953994.995219) can0 2A3#0002DFBA0002BF20
(1790953994.995318) can0 2A4#000118C7FFFD54F4
(1790953994.995444) can0 2A5#0000133A0000135D
(1790953994.995567) can0 2A6#FFFFF84700000253
(1790953994.995668) can0 2A7#00004EADFFFFFD8E
(1790953994.999943) can0 2A1#0100010000000000
(1790953995.000078) can0 2A2#0000E2BF000014CE
(1790953995.000195) can0 2A3#0002DFBA0002BF20
(1790953995.000318) can0 2A4#000118C7FFFD54F4
(1790953995.000443) can0 2A5#0000133A0000135D
(1790953995.000543) can0 2A6#FFFFF84700000253
(1790953995.000668) can0 2A7#00004EADFFFFFD8E
(1790953995.004959) can0 2A1#0100010000000000
(1790953995.005073) can0 2A2#0000E2BF000014CE
(1790953995.005194) can0 2A3#0002DFBA0002BF20
(1790953995.005318) can0 2A4#000118C7FFFD54F4
(1790953995.005442) can0 2A5#0000133A0000135D
(1790953995.005569) can0 2A6#FFFFF84700000253
(1790953995.005668) can0 2A7#00004EADFFFFFD8E
(1790953995.009945) can0 2A1#0100010000000000
(1790953995.010067) can0 2A2#0000E2BF000014CE
(1790953995.010193) can0 2A3#0002DFBA0002BF20
(1790953995.010294) can0 2A4#000118C7FFFD54F4
(1790953995.010416) can0 2A5#0000133A0000135D
(1790953995.010542) can0 2A6#FFFFF84700000253
(1790953995.010667) can0 2A7#00004EADFFFFFD8E
(1790953995.014948) can0 2A1#0100010000000000
(1790953995.015065) can0 2A2#0000E2BF000014CE
(1790953995.015190) can0 2A3#0002DFBA0002BF20
(1790953995.015318) can0 2A4#000118C7FFFD54F4
(1790953995.015442) can0 2A5#0000133A0000135D
(1790953995.015567) can0 2A6#FFFFF84700000253
(1790953995.015692) can0 2A7#00004EADFFFFFD8E
(1790953995.019947) can0 2A1#0100010000000000
(1790953995.020066) can0 2A2#0000E2BF000014CE
(1790953995.020192) can0 2A3#0002DFBA0002BF20
(1790953995.020317) can0 2A4#000118C7FFFD54F4
(1790953995.020418) can0 2A5#0000133A0000135D
(1790953995.020543) can0 2A6#FFFFF84700000253
(1790953995.020667) can0 2A7#00004EADFFFFFD8E
(1790953995.024955) can0 2A1#0100010000000000
(1790953995.025067) can0 2A2#0000E2BF000014CE
(1790953995.025192) can0 2A3#0002DFBA0002BF20
(1790953995.025317) can0 2A4#000118C7FFFD54F4
(1790953995.025442) can0 2A5#0000133A0000135D
(1790953995.025569) can0 2A6#FFFFF84700000253
(1790953995.025692) can0 2A7#00004EADFFFFFD8E
(1790953995.029944) can0 2A1#0100010000000000
(1790953995.030067) can0 2A2#0000E2BF000014CE
(1790953995.030192) can0 2A3#0002DFBA0002BF20
(1790953995.030316) can0 2A4#000118C7FFFD54F4
(1790953995.030417) can0 2A5#0000133A0000135D
(1790953995.030542) can0 2A6#FFFFF84700000253
(1790953995.030670) can0 2A7#00004EADFFFFFD8E
(1790953995.034947) can0 2A1#0100010000000000
(1790953995.035067) can0 2A2#0000E2BF000014CE
(1790953995.035217) can0 2A3#0002DFBA0002BF20
(1790953995.035317) can0 2A4#000118C7FFFD54F4
(1790953995.035442) can0 2A5#0000133A0000135D
(1790953995.035567) can0 2A6#FFFFF84700000253
(1790953995.035693) can0 2A7#00004EADFFFFFD8E
(1790953995.039945) can0 2A1#0100010000000000
(1790953995.040070) can0 2A2#0000E2BF000014CE
(1790953995.040192) can0 2A3#0002DFBA0002BF20
(1790953995.040292) can0 2A4#000118C7FFFD54F4
(1790953995.040417) can0 2A5#0000133A0000135D
(1790953995.040542) can0 2A6#FFFFF84700000253
(1790953995.040667) can0 2A7#00004EADFFFFFD8E
(1790953995.044974) can0 2A1#0100010000000000
(1790953995.045068) can0 2A2#0000E2BF000014CE
(1790953995.045192) can0 2A3#0002DFBA0002BF20
(1790953995.045317) can0 2A4#000118C7FFFD54F4
(1790953995.045442) can0 2A5#0000133A0000135D
(1790953995.045568) can0 2A6#FFFFF84700000253
(1790953995.045692) can0 2A7#00004EADFFFFFD8E
(1790953995.049949) can0 2A1#0100010000000000
(1790953995.050067) can0 2A2#0000E2BF000014CE
(1790953995.050193) can0 2A3#0002DFBA0002BF20
(1790953995.050316) can0 2A4#000118C7FFFD54F4
(1790953995.050417) can0 2A5#0000133A0000135D
(1790953995.050542) can0 2A6#FFFFF84700000253
(1790953995.050667) can0 2A7#00004EADFFFFFD8E
(1790953995.054989) can0 2A1#0100010000000000
(1790953995.055093) can0 2A2#0000E2BF000014CE
(1790953995.055217) can0 2A3#0002DFBA0002BF20
(1790953995.055317) can0 2A4#000118C7FFFD54F4
(1790953995.055442) can0 2A5#0000133A0000135D
(1790953995.055567) can0 2A6#FFFFF84700000253
(1790953995.055692) can0 2A7#00004EADFFFFFD8E
(1790953995.059950) can0 2A1#0100010000000000
(1790953995.060067) can0 2A2#0000E2BF000014CE
(1790953995.060191) can0 2A3#0002DFBA0002BF20
(1790953995.060292) can0 2A4#000118C7FFFD54F4
(1790953995.060417) can0 2A5#0000133A0000135D
(1790953995.060542) can0 2A6#FFFFF84700000253
(1790953995.060667) can0 2A7#00004EADFFFFFD8E
(1790953995.064948) can0 2A1#0100010000000000
(1790953995.065067) can0 2A2#0000E2BF000014CE
(1790953995.065192) can0 2A3#0002DFBA0002BF20
(1790953995.065316) can0 2A4#000118C7FFFD54F4
(1790953995.065442) can0 2A5#0000133A0000135D
(1790953995.065567) can0 2A6#FFFFF84700000253
(1790953995.065692) can0 2A7#00004EADFFFFFD8E
(1790953995.069946) can0 2A1#0100010000000000
(1790953995.070066) can0 2A2#0000E2BF000014CE
(1790953995.070193) can0 2A3#0002DFBA0002BF20
(1790953995.070317) can0 2A4#000118C7FFFD54F4
(1790953995.070417) can0 2A5#0000133A0000135D
(1790953995.070541) can0 2A6#FFFFF84700000253
(1790953995.070667) can0 2A7#00004EADFFFFFD8E
(1790953995.074949) can0 2A1#0100010000000000
(1790953995.075067) can0 2A2#0000E2BF000014CE
(1790953995.075192) can0 2A3#0002DFBA0002BF20
(1790953995.075317) can0 2A4#000118C7FFFD54F4
(1790953995.075441) can0 2A5#0000133A0000135D
(1790953995.075567) can0 2A6#FFFFF84700000253
(1790953995.075692) can0 2A7#00004EADFFFFFD8E
(1790953995.079948) can0 2A1#0100010000000000
(1790953995.080067) can0 2A2#0000E2BF000014CE
(1790953995.080192) can0 2A3#0002DFBA0002BF20
(1790953995.080317) can0 2A4#000118C7FFFD54F4
(1790953995.080416) can0 2A5#0000133A0000135D
(1790953995.080542) can0 2A6#FFFFF84700000253
(1790953995.080667) can0 2A7#00004EADFFFFFD8E
(1790953995.084974) can0 2A1#0100010000000000
(1790953995.085092) can0 2A2#0000E2BF000014CE
(1790953995.085192) can0 2A3#0002DFBA0002BF20
(1790953995.085317) can0 2A4#000118C7FFFD54F4
(1790953995.085442) can0 2A5#0000133A0000135D
(1790953995.085567) can0 2A6#FFFFF84700000253
(1790953995.085667) can0 2A7#00004EADFFFFFD8E
(1790953995.089948) can0 2A1#0100010000000000
(1790953995.090067) can0 2A2#0000E2BF000014CE
(1790953995.090192) can0 2A3#0002DFBA0002BF20
(1790953995.090292) can0 2A4#000118C7FFFD54F4
(1790953995.090417) can0 2A5#0000133A0000135D
(1790953995.090542) can0 2A6#FFFFF84700000253
(1790953995.090667) can0 2A7#00004EADFFFFFD8E
(1790953995.094977) can0 2A1#0100010000000000
(1790953995.095067) can0 2A2#0000E2BF000014CE
(1790953995.095192) can0 2A3#0002DFBA0002BF20
(1790953995.095317) can0 2A4#000118C7FFFD54F4
(1790953995.095442) can0 2A5#0000133A0000135D
(1790953995.095568) can0 2A6#FFFFF84700000253
(1790953995.095692) can0 2A7#00004EADFFFFFD8E
(1790953995.099950) can0 2A1#0100010000000000
(1790953995.100067) can0 2A2#0000E2BF000014CE
(1790953995.100193) can0 2A3#0002DFBA0002BF20
(1790953995.100292) can0 2A4#000118C7FFFD54F4
(1790953995.100417) can0 2A5#0000133A0000135D
(1790953995.100542) can0 2A6#FFFFF84700000253
(1790953995.100667) can0 2A7#00004EADFFFFFD8E
(1790953995.104949) can0 2A1#0100010000000000
(1790953995.105067) can0 2A2#0000E2BF000014CE
(1790953995.105192) can0 2A3#0002DFBA0002BF20
(1790953995.105318) can0 2A4#000118C7FFFD54F4
(1790953995.105442) can0 2A5#0000133A0000135D
(1790953995.105567) can0 2A6#FFFFF84700000253
(1790953995.105692) can0 2A7#00004EADFFFFFD8E
(1790953995.109952) can0 2A1#0100010000000000
(1790953995.110067) can0 2A2#0000E2BF000014CE
(1790953995.110192) can0 2A3#0002DFBA0002BF20
(1790953995.110317) can0 2A4#000118C7FFFD54F4
(1790953995.110417) can0 2A5#0000133A0000135D
(1790953995.110542) can0 2A6#FFFFF84700000253
(1790953995.110667) can0 2A7#00004EADFFFFFD8E
(1790953995.114979) can0 2A1#0100010000000000
(1790953995.115092) can0 2A2#0000E2BF000014CE
(1790953995.115192) can0 2A3#0002DFBA0002BF20
(1790953995.115317) can0 2A4#000118C7FFFD54F4
(1790953995.115442) can0 2A5#0000133A0000135D
(1790953995.115567) can0 2A6#FFFFF84700000253
(1790953995.115692) can0 2A7#00004EADFFFFFD8E
(1790953995.119950) can0 2A1#0100010000000000
(1790953995.120067) can0 2A2#0000E2BF000014CE
(1790953995.120192) can0 2A3#0002DFBA0002BF20
(1790953995.120317) can0 2A4#000118C7FFFD54F4
(1790953995.120442) can0 2A5#0000133A0000135D
(1790953995.120542) can0 2A6#FFFFF84700000253
(1790953995.120667) can0 2A7#00004EADFFFFFD8E
(1790953995.124977) can0 2A1#0100010000000000
(1790953995.125067) can0 2A2#0000E2BF000014CE
(1790953995.125192) can0 2A3#0002DFBA0002BF20
(1790953995.125317) can0 2A4#000118C7FFFD54F4
(1790953995.125441) can0 2A5#0000133A0000135D
(1790953995.125567) can0 2A6#FFFFF84700000253
(1790953995.125667) can0 2A7#00004EADFFFFFD8E
(1790953995.129945) can0 2A1#0100010000000000
(1790953995.130074) can0 2A2#0000E2BF000014CE
(1790953995.130195) can0 2A3#0002DFBA0002BF20
(1790953995.130319) can0 2A4#000118C7FFFD54F4
(1790953995.130418) can0 2A5#0000133A0000135D
(1790953995.130542) can0 2A6#FFFFF84700000253
(1790953995.130668) can0 2A7#00004EADFFFFFD8E
(1790953995.134977) can0 2A1#0100010000000000
(1790953995.135094) can0 2A2#0000E2BF000014CE
(1790953995.135193) can0 2A3#0002DFBA0002BF20
(1790953995.135317) can0 2A4#000118C7FFFD54F4
(1790953995.135442) can0 2A5#0000133A0000135D
(1790953995.135544) can0 2A6#FFFFF84700000253
(1790953995.135668) can0 2A7#00004EADFFFFFD8E
(1790953995.139945) can0 2A1#0100010000000000
(1790953995.140069) can0 2A2#0000E2BF000014CE
(1790953995.140194) can0 2A3#0002DFBA0002BF20
(1790953995.140317) can0 2A4#000118C7FFFD54F4
(1790953995.140441) can0 2A5#0000133A0000135D
(1790953995.140542) can0 2A6#FFFFF84700000253
(1790953995.140669) can0 2A7#00004EADFFFFFD8E
(1790953995.144953) can0 2A1#0100010000000000
(1790953995.145069) can0 2A2#0000E2BF000014CE
(1790953995.145194) can0 2A3#0002DFBA0002BF20
(1790953995.145318) can0 2A4#000118C7FFFD54F4
(1790953995.145442) can0 2A5#0000133A0000135D
(1790953995.145569) can0 2A6#FFFFF84700000253
(1790953995.145693) can0 2A7#00004EADFFFFFD8E
(1790953995.149951) can0 2A1#0100010000000000
(1790953995.150069) can0 2A2#0000E2BF000014CE
(1790953995.150194) can0 2A3#0002DFBA0002BF20
(1790953995.150318) can0 2A4#000118C7FFFD54F4
(1790953995.150442) can0 2A5#0000133A0000135D
(1790953995.150542) can0 2A6#FFFFF84700000253
(1790953995.150669) can0 2A7#00004EADFFFFFD8E
(1790953995.154951) can0 2A1#0100010000000000
(1790953995.155094) can0 2A2#0000E2BF000014CE
(1790953995.155194) can0 2A3#0002DFBA0002BF20
(1790953995.155318) can0 2A4#000118C7FFFD54F4
(1790953995.155442) can0 2A5#0000133A0000135D
(1790953995.155567) can0 2A6#FFFFF84700000253
(1790953995.155694) can0 2A7#00004EADFFFFFD8E
(1790953995.159952) can0 2A1#0100010000000000
(1790953995.160069) can0 2A2#0000E2BF000014CE
(1790953995.160194) can0 2A3#0002DFBA0002BF20
(1790953995.160293) can0 2A4#000118C7FFFD54F4
(1790953995.160442) can0 2A5#0000133A0000135D
(1790953995.160549) can0 2A6#FFFFF84700000253
(1790953995.160668) can0 2A7#00004EADFFFFFD8E
(1790953995.164952) can0 2A1#0100010000000000
(1790953995.165094) can0 2A2#0000E2BF000014CE
(1790953995.165193) can0 2A3#0002DFBA0002BF20
(1790953995.165317) can0 2A4#000118C7FFFD54F4
(1790953995.165441) can0 2A5#0000133A0000135D
(1790953995.165567) can0 2A6#FFFFF84700000253
(1790953995.165693) can0 2A7#00004EADFFFFFD8E
(1790953995.169953) can0 2A1#0100010000000000
(1790953995.170069) can0 2A2#0000E2BF000014CE
(1790953995.170194) can0 2A3#0002DFBA0002BF20
(1790953995.170318) can0 2A4#000118C7FFFD54F4
(1790953995.170417) can0 2A5#0000133A0000135D
(1790953995.170542) can0 2A6#FFFFF84700000253
(1790953995.170669) can0 2A7#00004EADFFFFFD8E
(1790953995.174979) can0 2A1#0100010000000000
(1790953995.175069) can0 2A2#0000E2BF000014CE
(1790953995.175194) can0 2A3#0002DFBA0002BF20
(1790953995.175318) can0 2A4#000118C7FFFD54F4
(1790953995.175441) can0 2A5#0000133A0000135D
(1790953995.175569) can0 2A6#FFFFF84700000253
(1790953995.175698) can0 2A7#00004EADFFFFFD8E
(1790953995.179949) can0 2A1#0100010000000000
(1790953995.180067) can0 2A2#0000E2BF000014CE
(1790953995.180192) can0 2A3#0002DFBA0002BF20
(1790953995.180291) can0 2A4#000118C7FFFD54F4
(1790953995.180417) can0 2A5#0000133A0000135D
(1790953995.180542) can0 2A6#FFFFF84700000253
(1790953995.180667) can0 2A7#00004EADFFFFFD8E
(1790953995.184979) can0 2A1#0100010000000000
(1790953995.185096) can0 2A2#0000E2BF000014CE
(1790953995.185193) can0 2A3#0002DFBA0002BF20
(1790953995.185321) can0 2A4#000118C7FFFD54F4
(1790953995.185442) can0 2A5#0000133A0000135D
(1790953995.185542) can0 2A6#FFFFF84700000253
(1790953995.185668) can0 2A7#00004EADFFFFFD8E
(1790953995.189951) can0 2A1#0100010000000000
(1790953995.190069) can0 2A2#0000E2BF000014CE
(1790953995.190194) can0 2A3#0002DFBA0002BF20
(1790953995.190317) can0 2A4#000118C7FFFD54F4
(1790953995.190417) can0 2A5#0000133A0000135D
(1790953995.190542) can0 2A6#FFFFF84700000253
(1790953995.190668) can0 2A7#00004EADFFFFFD8E
(1790953995.194998) can0 2A1#0100010000000000
(1790953995.195093) can0 2A2#0000E2BF000014CE
(1790953995.195193) can0 2A3#0002DFBA0002BF20
(1790953995.195317) can0 2A4#000118C7FFFD54F4
(1790953995.195442) can0 2A5#0000133A0000135D
(1790953995.195568) can0 2A6#FFFFF84700000253
(1790953995.195693) can0 2A7#00004EADFFFFFD8E
(1790953995.199949) can0 2A1#0100010000000000
(1790953995.200068) can0 2A2#0000E2BF000014CE
(1790953995.200193) can0 2A3#0002DFBA0002BF20
(1790953995.200318) can0 2A4#000118C7FFFD54F4
(1790953995.200443) can0 2A5#0000133A0000135D
(1790953995.200544) can0 2A6#FFFFF84700000253
(1790953995.200669) can0 2A7#00004EADFFFFFD8E
(1790953995.204949) can0 2A1#0100010000000000
(1790953995.205068) can0 2A2#0000E2BF000014CE
(1790953995.205192) can0 2A3#0002DFBA0002BF20
(1790953995.205318) can0 2A4#000118C7FFFD54F4
(1790953995.205442) can0 2A5#0000133A0000135D
(1790953995.205568) can0 2A6#FFFFF84700000253
(1790953995.205693) can0 2A7#00004EADFFFFFD8E
(1790953995.209946) can0 2A1#0100010000000000
(1790953995.210067) can0 2A2#0000E2BF000014CE
(1790953995.210193) can0 2A3#0002DFBA0002BF20
(1790953995.210317) can0 2A4#000118C7FFFD54F4
(1790953995.210442) can0 2A5#0000133A0000135D
(1790953995.210542) can0 2A6#FFFFF84700000253
(1790953995.210667) can0 2A7#00004EADFFFFFD8E
(1790953995.214971) can0 2A1#0100010000000000
(1790953995.215068) can0 2A2#0000E2BF000014CE
(1790953995.215192) can0 2A3#0002DFBA0002BF20
(1790953995.215317) can0 2A4#000118C7FFFD54F4
(1790953995.215442) can0 2A5#0000133A0000135D
(1790953995.215568) can0 2A6#FFFFF84700000253
(1790953995.215692) can0 2A7#00004EADFFFFFD8E
(1790953995.219945) can0 2A1#0100010000000000
(1790953995.220068) can0 2A2#0000E2BF000014CE
(1790953995.220193) can0 2A3#0002DFBA0002BF20
(1790953995.220317) can0 2A4#000118C7FFFD54F4
(1790953995.220442) can0 2A5#0000133A0000135D
(1790953995.220542) can0 2A6#FFFFF84700000253
(1790953995.220669) can0 2A7#00004EADFFFFFD8E
(1790953995.224951) can0 2A1#0100010000000000
(1790953995.225070) can0 2A2#0000E2BF000014CE
(1790953995.225220) can0 2A3#0002DFBA0002BF20
(1790953995.225318) can0 2A4#000118C7FFFD54F4
(1790953995.225443) can0 2A5#0000133A0000135D
(1790953995.225567) can0 2A6#FFFFF84700000253
(1790953995.225694) can0 2A7#00004EADFFFFFD8E
(1790953995.229945) can0 2A1#0100010000000000
(1790953995.230079) can0 2A2#0000E2BF000014CE
(1790953995.230197) can0 2A3#0002DFBA0002BF20
(1790953995.230318) can0 2A4#000118C7FFFD54F4
(1790953995.230416) can0 2A5#0000133A0000135D
(1790953995.230542) can0 2A6#FFFFF84700000253
(1790953995.230667) can0 2A7#00004EADFFFFFD8E
(1790953995.234979) can0 2A1#0100010000000000
(1790953995.235093) can0 2A2#0000E2BF000014CE
(1790953995.235193) can0 2A3#0002DFBA0002BF20
(1790953995.235318) can0 2A4#000118C7FFFD54F4
(1790953995.235444) can0 2A5#0000133A0000135D
(1790953995.235569) can0 2A6#FFFFF84700000253
(1790953995.235669) can0 2A7#00004EADFFFFFD8E
(1790953995.239951) can0 2A1#0100010000000000
(1790953995.240070) can0 2A2#0000E2BF000014CE
(1790953995.240194) can0 2A3#0002DFBA0002BF20
(1790953995.240318) can0 2A4#000118C7FFFD54F4
(1790953995.240417) can0 2A5#0000133A0000135D
(1790953995.240543) can0 2A6#FFFFF84700000253
(1790953995.240668) can0 2A7#00004EADFFFFFD8E
(1790953995.244946) can0 2A1#0100010000000000
(1790953995.245069) can0 2A2#0000E2BF000014CE
(1790953995.245194) can0 2A3#0002DFBA0002BF20
(1790953995.245319) can0 2A4#000118C7FFFD54F4
(1790953995.245445) can0 2A5#0000133A0000135D
(1790953995.245568) can0 2A6#FFFFF84700000253
(1790953995.245694) can0 2A7#00004EADFFFFFD8E
(1790953995.249944) can0 2A1#0100010000000000
(1790953995.250069) can0 2A2#0000E2BF000014CE
(1790953995.250194) can0 2A3#0002DFBA0002BF20
(1790953995.250318) can0 2A4#000118C7FFFD54F4
(1790953995.250443) can0 2A5#0000133A0000135D
(1790953995.250543) can0 2A6#FFFFF84700000253
(1790953995.250668) can0 2A7#00004EADFFFFFD8E
(1790953995.254947) can0 2A1#0100010000000000
(1790953995.255070) can0 2A2#0000E2BF000014CE
(1790953995.255193) can0 2A3#0002DFBA0002BF20
(1790953995.255318) can0 2A4#000118C7FFFD54F4
(1790953995.255443) can0 2A5#0000133A0000135D
(1790953995.255568) can0 2A6#FFFFF84700000253
(1790953995.255697) can0 2A7#00004EADFFFFFD8E
(1790953995.259950) can0 2A1#0100010000000000
(1790953995.260069) can0 2A2#0000E2BF000014CE
(1790953995.260194) can0 2A3#0002DFBA0002BF20
(1790953995.260318) can0 2A4#000118C7FFFD54F4
(1790953995.260444) can0 2A5#0000133A0000135D
(1790953995.260543) can0 2A6#FFFFF84700000253
(1790953995.260668) can0 2A7#00004EADFFFFFD8E
(1790953995.264948) can0 2A1#0100010000000000
(1790953995.265069) can0 2A2#0000E2BF000014CE
(1790953995.265218) can0 2A3#0002DFBA0002BF20
(1790953995.265318) can0 2A4#000118C7FFFD54F4
(1790953995.265443) can0 2A5#0000133A0000135D
(1790953995.265568) can0 2A6#FFFFF84700000253
(1790953995.265668) can0 2A7#00004EADFFFFFD8E
(1790953995.269950) can0 2A1#0100010000000000
(1790953995.270069) can0 2A2#0000E2BF000014CE
(1790953995.270194) can0 2A3#0002DFBA0002BF20
(1790953995.270318) can0 2A4#000118C7FFFD54F4
(1790953995.270442) can0 2A5#0000133A0000135D
(1790953995.270543) can0 2A6#FFFFF84700000253
(1790953995.270670) can0 2A7#00004EADFFFFFD8E
(1790953995.274970) can0 2A1#0100010000000000
(1790953995.275069) can0 2A2#0000E2BF000014CE
(1790953995.275194) can0 2A3#0002DFBA0002BF20
(1790953995.275318) can0 2A4#000118C7FFFD54F4
(1790953995.275442) can0 2A5#0000133A0000135D
(1790953995.275567) can0 2A6#FFFFF84700000253
(1790953995.275704) can0 2A7#00004EADFFFFFD8E
(1790953995.279951) can0 2A1#0100010000000000
(1790953995.280067) can0 2A2#0000E2BF000014CE
(1790953995.280192) can0 2A3#0002DFBA0002BF20
(1790953995.280321) can0 2A4#000118C7FFFD54F4
(1790953995.280442) can0 2A5#0000133A0000135D
(1790953995.280542) can0 2A6#FFFFF84700000253
(1790953995.280667) can0 2A7#00004EADFFFFFD8E
(1790953995.284949) can0 2A1#0100010000000000
(1790953995.285093) can0 2A2#0000E2BF000014CE
(1790953995.285192) can0 2A3#0002DFBA0002BF20
(1790953995.285317) can0 2A4#000118C7FFFD54F4
(1790953995.285442) can0 2A5#0000133A0000135D
(1790953995.285567) can0 2A6#FFFFF84700000253
(1790953995.285694) can0 2A7#00004EADFFFFFD8E
(1790953995.289943) can0 2A1#0100010000000000
(1790953995.290067) can0 2A2#0000E2BF000014CE
(1790953995.290192) can0 2A3#0002DFBA0002BF20
(1790953995.290317) can0 2A4#000118C7FFFD54F4
(1790953995.290442) can0 2A5#0000133A0000135D
(1790953995.290542) can0 2A6#FFFFF84700000253
(1790953995.290667) can0 2A7#00004EADFFFFFD8E
(1790953995.294948) can0 2A1#0100010000000000
(1790953995.295068) can0 2A2#0000E2BF000014CE
(1790953995.295217) can0 2A3#0002DFBA0002BF20
(1790953995.295317) can0 2A4#000118C7FFFD54F4
(1790953995.295444) can0 2A5#0000133A0000135D
(1790953995.295568) can0 2A6#FFFFF84700000253
(1790953995.295693) can0 2A7#00004EADFFFFFD8E
(1790953995.299948) can0 2A1#0100010000000000
(1790953995.300067) can0 2A2#0000E2BF000014CE
(1790953995.300193) can0 2A3#0002DFBA0002BF20
(1790953995.300317) can0 2A4#000118C7FFFD54F4
(1790953995.300442) can0 2A5#0000133A0000135D
(1790953995.300542) can0 2A6#FFFFF84700000253
(1790953995.300667) can0 2A7#00004EADFFFFFD8E
(1790953995.304950) can0 2A1#0100010000000000
(1790953995.305092) can0 2A2#0000E2BF000014CE
(1790953995.305193) can0 2A3#0002DFBA0002BF20
(1790953995.305317) can0 2A4#000118C7FFFD54F4
(1790953995.305442) can0 2A5#0000133A0000135D
(1790953995.305567) can0 2A6#FFFFF84700000253
(1790953995.305693) can0 2A7#00004EADFFFFFD8E
(1790953995.309950) can0 2A1#0100010000000000
(1790953995.310066) can0 2A2#0000E2BF000014CE
(1790953995.310193) can0 2A3#0002DFBA0002BF20
(1790953995.310317) can0 2A4#000118C7FFFD54F4
(1790953995.310442) can0 2A5#0000133A0000135D
(1790953995.310547) can0 2A6#FFFFF84700000253
(1790953995.310670) can0 2A7#00004EADFFFFFD8E
(1790953995.314985) can0 2A1#0100010000000000
(1790953995.315069) can0 2A2#0000E2BF000014CE
(1790953995.315195) can0 2A3#0002DFBA0002BF20
(1790953995.315318) can0 2A4#000118C7FFFD54F4
(1790953995.315442) can0 2A5#0000133A0000135D
(1790953995.315567) can0 2A6#FFFFF84700000253
(1790953995.315695) can0 2A7#00004EADFFFFFD8E
(1790953995.319950) can0 2A1#0100010000000000
(1790953995.320069) can0 2A2#0000E2BF000014CE
(1790953995.320192) can0 2A3#0002DFBA0002BF20
(1790953995.320319) can0 2A4#000118C7FFFD54F4
(1790953995.320417) can0 2A5#0000133A0000135D
(1790953995.320555) can0 2A6#FFFFF84700000253
(1790953995.320669) can0 2A7#00004EADFFFFFD8E
(1790953995.324976) can0 2A1#0100010000000000
(1790953995.325107) can0 2A2#0000E2BF000014CE
(1790953995.325193) can0 2A3#0002DFBA0002BF20
(1790953995.325318) can0 2A4#000118C7FFFD54F4
(1790953995.325443) can0 2A5#0000133A0000135D
(1790953995.325564) can0 2A6#FFFFF84700000253
(1790953995.325670) can0 2A7#00004EADFFFFFD8E
(1790953995.329945) can0 2A1#0100010000000000
(1790953995.330068) can0 2A2#0000E2BF000014CE
(1790953995.330191) can0 2A3#0002DFBA0002BF20
(1790953995.330319) can0 2A4#000118C7FFFD54F4
(1790953995.330440) can0 2A5#0000133A0000135D
(1790953995.330541) can0 2A6#FFFFF84700000253
(1790953995.330670) can0 2A7#00004EADFFFFFD8E
(1790953995.334969) can0 2A1#0100010000000000
(1790953995.335096) can0 2A2#0000E2BF000014CE
(1790953995.335193) can0 2A3#0002DFBA0002BF20
(1790953995.335319) can0 2A4#000118C7FFFD54F4
(1790953995.335441) can0 2A5#0000133A0000135D
(1790953995.335569) can0 2A6#FFFFF84700000253
(1790953995.335693) can0 2A7#00004EADFFFFFD8E
(1790953995.339942) can0 2A1#0100010000000000
(1790953995.340064) can0 2A2#0000E2BF000014CE
(1790953995.340191) can0 2A3#0002DFBA0002BF20
(1790953995.340290) can0 2A4#000118C7FFFD54F4
(1790953995.340416) can0 2A5#0000133A0000135D
(1790953995.340541) can0 2A6#FFFFF84700000253
(1790953995.340666) can0 2A7#00004EADFFFFFD8E
(1790953995.344945) can0 2A1#0100010000000000
(1790953995.345068) can0 2A2#0000E2BF000014CE
(1790953995.345192) can0 2A3#0002DFBA0002BF20
(1790953995.345317) can0 2A4#000118C7FFFD54F4
(1790953995.345442) can0 2A5#0000133A0000135D
(1790953995.345566) can0 2A6#FFFFF84700000253
(1790953995.345691) can0 2A7#00004EADFFFFFD8E
(1790953995.349955) can0 2A1#0100010000000000
(1790953995.350067) can0 2A2#0000E2BF000014CE
(1790953995.350193) can0 2A3#0002DFBA0002BF20
(1790953995.350318) can0 2A4#000118C7FFFD54F4
(1790953995.350442) can0 2A5#0000133A0000135D
(1790953995.350543) can0 2A6#FFFFF84700000253
(1790953995.350668) can0 2A7#00004EADFFFFFD8E
(1790953995.354956) can0 2A1#0100010000000000
(1790953995.355069) can0 2A2#0000E2BF000014CE
(1790953995.355217) can0 2A3#0002DFBA0002BF20
(1790953995.355316) can0 2A4#000118C7FFFD54F4
(1790953995.355442) can0 2A5#0000133A0000135D
(1790953995.355568) can0 2A6#FFFFF84700000253
(1790953995.355693) can0 2A7#00004EADFFFFFD8E
(1790953995.359948) can0 2A1#0100010000000000
(1790953995.360066) can0 2A2#0000E2BF000014CE
(1790953995.360191) can0 2A3#0002DFBA0002BF20
(1790953995.360291) can0 2A4#000118C7FFFD54F4
(1790953995.360415) can0 2A5#0000133A0000135D
(1790953995.360540) can0 2A6#FFFFF84700000253
(1790953995.360665) can0 2A7#00004EADFFFFFD8E
(1790953995.364985) can0 2A1#0100010000000000
(1790953995.365072) can0 2A2#0000E2BF000014CE
(1790953995.365191) can0 2A3#0002DFBA0002BF20
(1790953995.365316) can0 2A4#000118C7FFFD54F4
(1790953995.365441) can0 2A5#0000133A0000135D
(1790953995.365566) can0 2A6#FFFFF84700000253
(1790953995.365690) can0 2A7#00004EADFFFFFD8E
(1790953995.369948) can0 2A1#0100010000000000
(1790953995.370068) can0 2A2#0000E2BF000014CE
(1790953995.370192) can0 2A3#0002DFBA0002BF20
(1790953995.370318) can0 2A4#000118C7FFFD54F4
(1790953995.370443) can0 2A5#0000133A0000135D
(1790953995.370547) can0 2A6#FFFFF84700000253
(1790953995.370668) can0 2A7#00004EADFFFFFD8E
(1790953995.374994) can0 2A1#0100010000000000
(1790953995.375092) can0 2A2#0000E2BF000014CE
(1790953995.375218) can0 2A3#0002DFBA0002BF20
(1790953995.375317) can0 2A4#000118C7FFFD54F4
(1790953995.375442) can0 2A5#0000133A0000135D
(1790953995.375567) can0 2A6#FFFFF84700000253
(1790953995.375692) can0 2A7#00004EADFFFFFD8E
(1790953995.379946) can0 2A1#0100010000000000
(1790953995.380066) can0 2A2#0000E2BF000014CE
(1790953995.380192) can0 2A3#0002DFBA0002BF20
(1790953995.380318) can0 2A4#000118C7FFFD54F4
(1790953995.380442) can0 2A5#0000133A0000135D
(1790953995.380543) can0 2A6#FFFFF84700000253
(1790953995.380668) can0 2A7#00004EADFFFFFD8E
(1790953995.384949) can0 2A1#0100010000000000
(1790953995.385069) can0 2A2#0000E2BF000014CE
(1790953995.385218) can0 2A3#0002DFBA0002BF20
(1790953995.385316) can0 2A4#000118C7FFFD54F4
(1790953995.385442) can0 2A5#0000133A0000135D
(1790953995.385567) can0 2A6#FFFFF84700000253
(1790953995.385692) can0 2A7#00004EADFFFFFD8E
(1790953995.389953) can0 2A1#0100010000000000
(1790953995.390069) can0 2A2#0000E2BF000014CE
(1790953995.390193) can0 2A3#0002DFBA0002BF20
(1790953995.390319) can0 2A4#000118C7FFFD54F4
(1790953995.390422) can0 2A5#0000133A0000135D
(1790953995.390569) can0 2A6#FFFFF84700000253
(1790953995.390665) can0 2A7#00004EADFFFFFD8E
(1790953995.394973) can0 2A1#0100010000000000
(1790953995.395067) can0 2A2#0000E2BF000014CE
(1790953995.395194) can0 2A3#0002DFBA0002BF20
(1790953995.395319) can0 2A4#000118C7FFFD54F4
(1790953995.395441) can0 2A5#0000133A0000135D
(1790953995.395567) can0 2A6#FFFFF84700000253
(1790953995.395693) can0 2A7#00004EADFFFFFD8E
(1790953995.399944) can0 2A1#0100010000000000
(1790953995.400069) can0 2A2#0000E2BF000014CE
(1790953995.400194) can0 2A3#0002DFBA0002BF20
(1790953995.400318) can0 2A4#000118C7FFFD54F4
(1790953995.400441) can0 2A5#0000133A0000135D
(1790953995.400542) can0 2A6#FFFFF84700000253
(1790953995.400668) can0 2A7#00004EADFFFFFD8E
(1790953995.404975) can0 2A1#0100010000000000
(1790953995.405072) can0 2A2#0000E2BF000014CE
(1790953995.405195) can0 2A3#0002DFBA0002BF20
(1790953995.405320) can0 2A4#000118C7FFFD54F4
(1790953995.405443) can0 2A5#0000133A0000135D
(1790953995.405573) can0 2A6#FFFFF84700000253
(1790953995.405691) can0 2A7#00004EADFFFFFD8E
(1790953995.409947) can0 2A1#0100010000000000
(1790953995.410068) can0 2A2#0000E2BF000014CE
(1790953995.410193) can0 2A3#0002DFBA0002BF20
(1790953995.410319) can0 2A4#000118C7FFFD54F4
(1790953995.410418) can0 2A5#0000133A0000135D
(1790953995.410541) can0 2A6#FFFFF84700000253
(1790953995.410666) can0 2A7#00004EADFFFFFD8E
(1790953995.414976) can0 2A1#0100010000000000
(1790953995.415067) can0 2A2#0000E2BF000014CE
(1790953995.415194) can0 2A3#0002DFBA0002BF20
(1790953995.415318) can0 2A4#000118C7FFFD54F4
(1790953995.415443) can0 2A5#0000133A0000135D
(1790953995.415566) can0 2A6#FFFFF84700000253
(1790953995.415667) can0 2A7#00004EADFFFFFD8E
(1790953995.419952) can0 2A1#0100010000000000
(1790953995.420069) can0 2A2#0000E2BF000014CE
(1790953995.420194) can0 2A3#0002DFBA0002BF20
(1790953995.420318) can0 2A4#000118C7FFFD54F4
(1790953995.420448) can0 2A5#0000133A0000135D
(1790953995.420568) can0 2A6#FFFFF84700000253
(1790953995.420668) can0 2A7#00004EADFFFFFD8E
(1790953995.424973) can0 2A1#0100010000000000
(1790953995.425063) can0 2A2#0000E2BF000014CE
(1790953995.425188) can0 2A3#0002DFBA0002BF20
(1790953995.425313) can0 2A4#000118C7FFFD54F4
(1790953995.425438) can0 2A5#0000133A0000135D
(1790953995.425563) can0 2A6#FFFFF84700000253
(1790953995.425689) can0 2A7#00004EADFFFFFD8E
(1790953995.429946) can0 2A1#0100010000000000
(1790953995.430069) can0 2A2#0000E2BF000014CE
(1790953995.430191) can0 2A3#0002DFBA0002BF20
(1790953995.430316) can0 2A4#000118C7FFFD54F4
(1790953995.430417) can0 2A5#0000133A0000135D
(1790953995.430568) can0 2A6#FFFFF84700000253
(1790953995.430669) can0 2A7#00004EADFFFFFD8E
(1790953995.434980) can0 2A1#0100010000000000
(1790953995.435066) can0 2A2#0000E2BF000014CE
(1790953995.435193) can0 2A3#0002DFBA0002BF20
(1790953995.435318) can0 2A4#000118C7FFFD54F4
(1790953995.435441) can0 2A5#0000133A0000135D
(1790953995.435568) can0 2A6#FFFFF84700000253
(1790953995.435693) can0 2A7#00004EADFFFFFD8E
(1790953995.439974) can0 2A1#0100010000000000
(1790953995.440065) can0 2A2#0000E2BF000014CE
(1790953995.440192) can0 2A3#0002DFBA0002BF20
(1790953995.440316) can0 2A4#000118C7FFFD54F4
(1790953995.440416) can0 2A5#0000133A0000135D
(1790953995.440539) can0 2A6#FFFFF84700000253
(1790953995.440665) can0 2A7#00004EADFFFFFD8E
(1790953995.444978) can0 2A1#0100010000000000
(1790953995.445094) can0 2A2#0000E2BF000014CE
(1790953995.445193) can0 2A3#0002DFBA0002BF20
(1790953995.445318) can0 2A4#000118C7FFFD54F4
(1790953995.445442) can0 2A5#0000133A0000135D
(1790953995.445568) can0 2A6#FFFFF84700000253
(1790953995.445694) can0 2A7#00004EADFFFFFD8E
(1790953995.449957) can0 2A1#0100010000000000
(1790953995.450070) can0 2A2#0000E2BF000014CE
(1790953995.450194) can0 2A3#0002DFBA0002BF20
(1790953995.450317) can0 2A4#000118C7FFFD54F4
(1790953995.450442) can0 2A5#0000133A0000135D
(1790953995.450542) can0 2A6#FFFFF84700000253
(1790953995.450668) can0 2A7#00004EADFFFFFD8E
(1790953995.455000) can0 2A1#0100010000000000
(1790953995.455068) can0 2A2#0000E2BF000014CE
(1790953995.455194) can0 2A3#0002DFBA0002BF20
(1790953995.455318) can0 2A4#000118C7FFFD54F4
(1790953995.455447) can0 2A5#0000133A0000135D
(1790953995.455569) can0 2A6#FFFFF84700000253
(1790953995.455694) can0 2A7#00004EADFFFFFD8E
(1790953995.459957) can0 2A1#0100010000000000
(1790953995.460068) can0 2A2#0000E2BF000014CE
(1790953995.460197) can0 2A3#0002DFBA0002BF20
(1790953995.460318) can0 2A4#000118C7FFFD54F4
(1790953995.460442) can0 2A5#0000133A0000135D
(1790953995.460542) can0 2A6#FFFFF84700000253
(1790953995.460667) can0 2A7#00004EADFFFFFD8E
(1790953995.464975) can0 2A1#0100010000000000
(1790953995.465076) can0 2A2#0000E2BF000014CE
(1790953995.465210) can0 2A3#0002DFBA0002BF20
(1790953995.465322) can0 2A4#000118C7FFFD54F4
(1790953995.465487) can0 2A5#0000133A0000135D
(1790953995.465569) can0 2A6#FFFFF84700000253
(1790953995.465697) can0 2A7#00004EADFFFFFD8E
(1790953995.469952) can0 2A1#0100010000000000
(1790953995.470067) can0 2A2#0000E2BF000014CE
(1790953995.470192) can0 2A3#0002DFBA0002BF20
(1790953995.470317) can0 2A4#000118C7FFFD54F4
(1790953995.470442) can0 2A5#0000133A0000135D
(1790953995.470549) can0 2A6#FFFFF84700000253
(1790953995.470668) can0 2A7#00004EADFFFFFD8E
(1790953995.475003) can0 2A1#0100010000000000
(1790953995.475069) can0 2A2#0000E2BF000014CE
(1790953995.475193) can0 2A3#0002DFBA0002BF20
(1790953995.475318) can0 2A4#000118C7FFFD54F4
(1790953995.475443) can0 2A5#0000133A0000135D
(1790953995.475568) can0 2A6#FFFFF84700000253
(1790953995.475693) can0 2A7#00004EADFFFFFD8E
(1790953995.479955) can0 2A1#0100010000000000
(1790953995.480067) can0 2A2#0000E2BF000014CE
(1790953995.480191) can0 2A3#0002DFBA0002BF20
(1790953995.480316) can0 2A4#000118C7FFFD54F4
(1790953995.480440) can0 2A5#0000133A0000135D
(1790953995.480567) can0 2A6#FFFFF84700000253
(1790953995.480666) can0 2A7#00004EADFFFFFD8E
(1790953995.484980) can0 2A1#0100010000000000
(1790953995.485069) can0 2A2#0000E2BF000014CE
(1790953995.485193) can0 2A3#0002DFBA0002BF20
(1790953995.485319) can0 2A4#000118C7FFFD54F4
(1790953995.485442) can0 2A5#0000133A0000135D
(1790953995.485570) can0 2A6#FFFFF84700000253
(1790953995.485668) can0 2A7#00004EADFFFFFD8E
(1790953995.489955) can0 2A1#0100010000000000
(1790953995.490074) can0 2A2#0000E2BF000014CE
(1790953995.490195) can0 2A3#0002DFBA0002BF20
(1790953995.490293) can0 2A4#000118C7FFFD54F4
(1790953995.490416) can0 2A5#0000133A0000135D
(1790953995.490543) can0 2A6#FFFFF84700000253
(1790953995.490667) can0 2A7#00004EADFFFFFD8E
(1790953995.494978) can0 2A1#0100010000000000
(1790953995.495092) can0 2A2#0000E2BF000014CE
(1790953995.495191) can0 2A3#0002DFBA0002BF20
(1790953995.495316) can0 2A4#000118C7FFFD54F4
(1790953995.495441) can0 2A5#0000133A0000135D
(1790953995.495566) can0 2A6#FFFFF84700000253
(1790953995.495692) can0 2A7#00004EADFFFFFD8E
(1790953995.499948) can0 2A1#0100010000000000
(1790953995.500067) can0 2A2#0000E2BF000014CE
(1790953995.500192) can0 2A3#0002DFBA0002BF20
(1790953995.500316) can0 2A4#000118C7FFFD54F4
(1790953995.500444) can0 2A5#0000133A0000135D
(1790953995.500542) can0 2A6#FFFFF84700000253
(1790953995.500666) can0 2A7#00004EADFFFFFD8E
(1790953995.504969) can0 2A1#0100010000000000
(1790953995.505092) can0 2A2#0000E2BF000014CE
(1790953995.505219) can0 2A3#0002DFBA0002BF20
(1790953995.505319) can0 2A4#000118C7FFFD54F4
(1790953995.505443) can0 2A5#0000133A0000135D
(1790953995.505568) can0 2A6#FFFFF84700000253
(1790953995.505693) can0 2A7#00004EADFFFFFD8E
(1790953995.509978) can0 2A1#0100010000000000
(1790953995.510066) can0 2A2#0000E2BF000014CE
(1790953995.510194) can0 2A3#0002DFBA0002BF20
(1790953995.510324) can0 2A4#000118C7FFFD54F4
(1790953995.510445) can0 2A5#0000133A0000135D
(1790953995.510544) can0 2A6#FFFFF84700000253
(1790953995.510667) can0 2A7#00004EADFFFFFD8E
(1790953995.514982) can0 2A1#0100010000000000
(1790953995.515066) can0 2A2#0000E2BF000014CE
(1790953995.515191) can0 2A3#0002DFBA0002BF20
(1790953995.515317) can0 2A4#000118C7FFFD54F4
(1790953995.515443) can0 2A5#0000133A0000135D
(1790953995.515569) can0 2A6#FFFFF84700000253
(1790953995.515695) can0 2A7#00004EADFFFFFD8E
(1790953995.519953) can0 2A1#0100010000000000
(1790953995.520071) can0 2A2#0000E2BF000014CE
(1790953995.520199) can0 2A3#0002DFBA0002BF20
(1790953995.520321) can0 2A4#000118C7FFFD54F4
(1790953995.520444) can0 2A5#0000133A0000135D
(1790953995.520544) can0 2A6#FFFFF84700000253
(1790953995.520669) can0 2A7#00004EADFFFFFD8E
(1790953995.524978) can0 2A1#0100010000000000
(1790953995.525069) can0 2A2#0000E2BF000014CE
(1790953995.525193) can0 2A3#0002DFBA0002BF20
(1790953995.525319) can0 2A4#000118C7FFFD54F4
(1790953995.525444) can0 2A5#0000133A0000135D
(1790953995.525569) can0 2A6#FFFFF84700000253
(1790953995.525694) can0 2A7#00004EADFFFFFD8E
(1790953995.529945) can0 2A1#0100010000000000
(1790953995.530068) can0 2A2#0000E2BF000014CE
(1790953995.530194) can0 2A3#0002DFBA0002BF20
(1790953995.530317) can0 2A4#000118C7FFFD54F4
(1790953995.530444) can0 2A5#0000133A0000135D
(1790953995.530568) can0 2A6#FFFFF84700000253
(1790953995.530669) can0 2A7#00004EADFFFFFD8E
(1790953995.534979) can0 2A1#0100010000000000
(1790953995.535066) can0 2A2#0000E2BF000014CE
(1790953995.535196) can0 2A3#0002DFBA0002BF20
(1790953995.535319) can0 2A4#000118C7FFFD54F4
(1790953995.535443) can0 2A5#0000133A0000135D
(1790953995.535568) can0 2A6#FFFFF84700000253
(1790953995.535694) can0 2A7#00004EADFFFFFD8E
(1790953995.539982) can0 2A1#0100010000000000
(1790953995.540069) can0 2A2#0000E2BF000014CE
(1790953995.540193) can0 2A3#0002DFBA0002BF20
(1790953995.540319) can0 2A4#000118C7FFFD54F4
(1790953995.540418) can0 2A5#0000133A0000135D
(1790953995.540543) can0 2A6#FFFFF84700000253
(1790953995.540668) can0 2A7#00004EADFFFFFD8E
(1790953995.544978) can0 2A1#0100010000000000
(1790953995.545072) can0 2A2#0000E2BF000014CE
(1790953995.545195) can0 2A3#0002DFBA0002BF20
(1790953995.545316) can0 2A4#000118C7FFFD54F4
(1790953995.545441) can0 2A5#0000133A0000135D
(1790953995.545571) can0 2A6#FFFFF84700000253
(1790953995.545692) can0 2A7#00004EADFFFFFD8E
(1790953995.549971) can0 2A1#0100010000000000
(1790953995.550067) can0 2A2#0000E2BF000014CE
(1790953995.550193) can0 2A3#0002DFBA0002BF20
(1790953995.550322) can0 2A4#000118C7FFFD54F4
(1790953995.550442) can0 2A5#0000133A0000135D
(1790953995.550543) can0 2A6#FFFFF84700000253
(1790953995.550668) can0 2A7#00004EADFFFFFD8E
(1790953995.554981) can0 2A1#0100010000000000
(1790953995.555069) can0 2A2#0000E2BF000014CE
(1790953995.555194) can0 2A3#0002DFBA0002BF20
(1790953995.555317) can0 2A4#000118C7FFFD54F4
(1790953995.555442) can0 2A5#0000133A0000135D
(1790953995.555566) can0 2A6#FFFFF84700000253
(1790953995.555693) can0 2A7#00004EADFFFFFD8E
(1790953995.559947) can0 2A1#0100010000000000
(1790953995.560069) can0 2A2#0000E2BF000014CE
(1790953995.560193) can0 2A3#0002DFBA0002BF20
(1790953995.560317) can0 2A4#000118C7FFFD54F4
(1790953995.560417) can0 2A5#0000133A0000135D
(1790953995.560542) can0 2A6#FFFFF84700000253
(1790953995.560666) can0 2A7#00004EADFFFFFD8E
(1790953995.564978) can0 2A1#0100010000000000
(1790953995.565068) can0 2A2#0000E2BF000014CE
(1790953995.565195) can0 2A3#0002DFBA0002BF20
(1790953995.565319) can0 2A4#000118C7FFFD54F4
(1790953995.565443) can0 2A5#0000133A0000135D
(1790953995.565568) can0 2A6#FFFFF84700000253
(1790953995.565693) can0 2A7#00004EADFFFFFD8E
(1790953995.569952) can0 2A1#0100010000000000
(1790953995.570067) can0 2A2#0000E2BF000014CE
(1790953995.570193) can0 2A3#0002DFBA0002BF20
(1790953995.570318) can0 2A4#000118C7FFFD54F4
(1790953995.570443) can0 2A5#0000133A0000135D
(1790953995.570542) can0 2A6#FFFFF84700000253
(1790953995.570668) can0 2A7#00004EADFFFFFD8E
(1790953995.574978) can0 2A1#0100010000000000
(1790953995.575096) can0 2A2#0000E2BF000014CE
(1790953995.575217) can0 2A3#0002DFBA0002BF20
(1790953995.575316) can0 2A4#000118C7FFFD54F4
(1790953995.575441) can0 2A5#0000133A0000135D
(1790953995.575570) can0 2A6#FFFFF84700000253
(1790953995.575693) can0 2A7#00004EADFFFFFD8E
(1790953995.579950) can0 2A1#0100010000000000
(1790953995.580067) can0 2A2#0000E2BF000014CE
(1790953995.580193) can0 2A3#0002DFBA0002BF20
(1790953995.580318) can0 2A4#000118C7FFFD54F4
(1790953995.580443) can0 2A5#0000133A0000135D
(1790953995.580544) can0 2A6#FFFFF84700000253
(1790953995.580666) can0 2A7#00004EADFFFFFD8E
(1790953995.584975) can0 2A1#0100010000000000
(1790953995.585092) can0 2A2#0000E2BF000014CE
(1790953995.585219) can0 2A3#0002DFBA0002BF20
(1790953995.585318) can0 2A4#000118C7FFFD54F4
(1790953995.585443) can0 2A5#0000133A0000135D
(1790953995.585567) can0 2A6#FFFFF84700000253
(1790953995.585694) can0 2A7#00004EADFFFFFD8E
(1790953995.589955) can0 2A1#0100010000000000
(1790953995.590070) can0 2A2#0000E2BF000014CE
(1790953995.590193) can0 2A3#0002DFBA0002BF20
(1790953995.590318) can0 2A4#000118C7FFFD54F4
(1790953995.590443) can0 2A5#0000133A0000135D
(1790953995.590544) can0 2A6#FFFFF84700000253
(1790953995.590669) can0 2A7#00004EADFFFFFD8E
(1790953995.594975) can0 2A1#0100010000000000
(1790953995.595096) can0 2A2#0000E2BF000014CE
(1790953995.595218) can0 2A3#0002DFBA0002BF20
(1790953995.595316) can0 2A4#000118C7FFFD54F4
(1790953995.595441) can0 2A5#0000133A0000135D
(1790953995.595566) can0 2A6#FFFFF84700000253
(1790953995.595693) can0 2A7#00004EADFFFFFD8E
(1790953995.599947) can0 2A1#0100010000000000
(1790953995.600066) can0 2A2#0000E2BF000014CE
(1790953995.600193) can0 2A3#0002DFBA0002BF20
(1790953995.600321) can0 2A4#000118C7FFFD54F4
(1790953995.600444) can0 2A5#0000133A0000135D
(1790953995.600569) can0 2A6#FFFFF84700000253
(1790953995.600667) can0 2A7#00004EADFFFFFD8E
(1790953995.604951) can0 2A1#0100010000000000
(1790953995.605092) can0 2A2#0000E2BF000014CE
(1790953995.605217) can0 2A3#0002DFBA0002BF20
(1790953995.605316) can0 2A4#000118C7FFFD54F4
(1790953995.605442) can0 2A5#0000133A0000135D
(1790953995.605567) can0 2A6#FFFFF84700000253
(1790953995.605692) can0 2A7#00004EADFFFFFD8E
(1790953995.609951) can0 2A1#0100010000000000
(1790953995.610067) can0 2A2#0000E2BF000014CE
(1790953995.610195) can0 2A3#0002DFBA0002BF20
(1790953995.610317) can0 2A4#000118C7FFFD54F4
(1790953995.610442) can0 2A5#0000133A0000135D
(1790953995.610542) can0 2A6#FFFFF84700000253
(1790953995.610668) can0 2A7#00004EADFFFFFD8E
(1790953995.614984) can0 2A1#0100010000000000
(1790953995.615072) can0 2A2#0000E2BF000014CE
(1790953995.615220) can0 2A3#0002DFBA0002BF20
(1790953995.615317) can0 2A4#000118C7FFFD54F4
(1790953995.615443) can0 2A5#0000133A0000135D
(1790953995.615566) can0 2A6#FFFFF84700000253
(1790953995.615692) can0 2A7#00004EADFFFFFD8E
(1790953995.619953) can0 2A1#0100010000000000
(1790953995.620074) can0 2A2#0000E2BF000014CE
(1790953995.620196) can0 2A3#0002DFBA0002BF20
(1790953995.620319) can0 2A4#000118C7FFFD54F4
(1790953995.620443) can0 2A5#0000133A0000135D
(1790953995.620568) can0 2A6#FFFFF84700000253
(1790953995.620666) can0 2A7#00004EADFFFFFD8E
(1790953995.624954) can0 2A1#0100010000000000
(1790953995.625093) can0 2A2#0000E2BF000014CE
(1790953995.625220) can0 2A3#0002DFBA0002BF20
(1790953995.625317) can0 2A4#000118C7FFFD54F4
(1790953995.625443) can0 2A5#0000133A0000135D
(1790953995.625568) can0 2A6#FFFFF84700000253
(1790953995.625695) can0 2A7#00004EADFFFFFD8E
(1790953995.629954) can0 2A1#0100010000000000
(1790953995.630067) can0 2A2#0000E2BF000014CE
(1790953995.630194) can0 2A3#0002DFBA0002BF20
(1790953995.630293) can0 2A4#000118C7FFFD54F4
(1790953995.630416) can0 2A5#0000133A0000135D
(1790953995.630543) can0 2A6#FFFFF84700000253
(1790953995.630668) can0 2A7#00004EADFFFFFD8E
(1790953995.634980) can0 2A1#0100010000000000
(1790953995.635067) can0 2A2#0000E2BF000014CE
(1790953995.635193) can0 2A3#0002DFBA0002BF20
(1790953995.635319) can0 2A4#000118C7FFFD54F4
(1790953995.635443) can0 2A5#0000133A0000135D
(1790953995.635568) can0 2A6#FFFFF84700000253
(1790953995.635693) can0 2A7#00004EADFFFFFD8E
(1790953995.639945) can0 2A1#0100010000000000
(1790953995.640068) can0 2A2#0000E2BF000014CE
(1790953995.640192) can0 2A3#0002DFBA0002BF20
(1790953995.640319) can0 2A4#000118C7FFFD54F4
(1790953995.640443) can0 2A5#0000133A0000135D
(1790953995.640543) can0 2A6#FFFFF84700000253
(1790953995.640672) can0 2A7#00004EADFFFFFD8E
(1790953995.644982) can0 2A1#0100010000000000
(1790953995.645071) can0 2A2#0000E2BF000014CE
(1790953995.645195) can0 2A3#0002DFBA0002BF20
(1790953995.645317) can0 2A4#000118C7FFFD54F4
(1790953995.645443) can0 2A5#0000133A0000135D
(1790953995.645569) can0 2A6#FFFFF84700000253
(1790953995.645693) can0 2A7#00004EADFFFFFD8E
(1790953995.649950) can0 2A1#0100010000000000
(1790953995.650068) can0 2A2#0000E2BF000014CE
(1790953995.650195) can0 2A3#0002DFBA0002BF20
(1790953995.650319) can0 2A4#000118C7FFFD54F4
(1790953995.650443) can0 2A5#0000133A0000135D
(1790953995.650569) can0 2A6#FFFFF84700000253
(1790953995.650668) can0 2A7#00004EADFFFFFD8E
(1790953995.654981) can0 2A1#0100010000000000
(1790953995.655094) can0 2A2#0000E2BF000014CE
(1790953995.655194) can0 2A3#0002DFBA0002BF20
(1790953995.655318) can0 2A4#000118C7FFFD54F4
(1790953995.655443) can0 2A5#0000133A0000135D
(1790953995.655567) can0 2A6#FFFFF84700000253
(1790953995.655694) can0 2A7#00004EADFFFFFD8E
(1790953995.659948) can0 2A1#0100010000000000
(1790953995.660067) can0 2A2#0000E2BF000014CE
(1790953995.660196) can0 2A3#0002DFBA0002BF20
(1790953995.660319) can0 2A4#000118C7FFFD54F4
(1790953995.660418) can0 2A5#0000133A0000135D
(1790953995.660543) can0 2A6#FFFFF84700000253
(1790953995.660669) can0 2A7#00004EADFFFFFD8E
(1790953995.664979) can0 2A1#0100010000000000
(1790953995.665091) can0 2A2#0000E2BF000014CE
(1790953995.665195) can0 2A3#0002DFBA0002BF20
(1790953995.665320) can0 2A4#000118C7FFFD54F4
(1790953995.665443) can0 2A5#0000133A0000135D
(1790953995.665568) can0 2A6#FFFFF84700000253
(1790953995.665692) can0 2A7#00004EADFFFFFD8E
(1790953995.669952) can0 2A1#0100010000000000
(1790953995.670067) can0 2A2#0000E2BF000014CE
(1790953995.670195) can0 2A3#0002DFBA0002BF20
(1790953995.670318) can0 2A4#000118C7FFFD54F4
(1790953995.670443) can0 2A5#0000133A0000135D
(1790953995.670568) can0 2A6#FFFFF84700000253
(1790953995.670669) can0 2A7#00004EADFFFFFD8E
(1790953995.674978) can0 2A1#0100010000000000
(1790953995.675069) can0 2A2#0000E2BF000014CE
(1790953995.675194) can0 2A3#0002DFBA0002BF20
(1790953995.675319) can0 2A4#000118C7FFFD54F4
(1790953995.675443) can0 2A5#0000133A0000135D
(1790953995.675568) can0 2A6#FFFFF84700000253
(1790953995.675694) can0 2A7#00004EADFFFFFD8E
(1790953995.679954) can0 2A1#0100010000000000
(1790953995.680066) can0 2A2#0000E2BF000014CE
(1790953995.680195) can0 2A3#0002DFBA0002BF20
(1790953995.680319) can0 2A4#000118C7FFFD54F4
(1790953995.680443) can0 2A5#0000133A0000135D
(1790953995.680543) can0 2A6#FFFFF84700000253
(1790953995.680669) can0 2A7#00004EADFFFFFD8E
(1790953995.684975) can0 2A1#0100010000000000
(1790953995.685093) can0 2A2#0000E2BF000014CE
(1790953995.685220) can0 2A3#0002DFBA0002BF20
(1790953995.685344) can0 2A4#000118C7FFFD54F4
(1790953995.685443) can0 2A5#0000133A0000135D
(1790953995.685569) can0 2A6#FFFFF84700000253
(1790953995.685694) can0 2A7#00004EADFFFFFD8E
(1790953995.689972) can0 2A1#0100010000000000
(1790953995.690067) can0 2A2#0000E2BF000014CE
(1790953995.690195) can0 2A3#0002DFBA0002BF20
(1790953995.690320) can0 2A4#000118C7FFFD54F4
(1790953995.690443) can0 2A5#0000133A0000135D
(1790953995.690543) can0 2A6#FFFFF84700000253
(1790953995.690670) can0 2A7#00004EADFFFFFD8E
(1790953995.694980) can0 2A1#0100010000000000
(1790953995.695093) can0 2A2#0000E2BF000014CE
(1790953995.695195) can0 2A3#0002DFBA0002BF20
(1790953995.695319) can0 2A4#000118C7FFFD54F4
(1790953995.695443) can0 2A5#0000133A0000135D
(1790953995.695568) can0 2A6#FFFFF84700000253
(1790953995.695695) can0 2A7#00004EADFFFFFD8E
(1790953995.699949) can0 2A1#0100010000000000
(1790953995.700067) can0 2A2#0000E2BF000014CE
(1790953995.700195) can0 2A3#0002DFBA0002BF20
(1790953995.700319) can0 2A4#000118C7FFFD54F4
(1790953995.700443) can0 2A5#0000133A0000135D
(1790953995.700568) can0 2A6#FFFFF84700000253
(1790953995.700674) can0 2A7#00004EADFFFFFD8E
(1790953995.704978) can0 2A1#0100010000000000
(1790953995.705100) can0 2A2#0000E2BF000014CE
(1790953995.705194) can0 2A3#0002DFBA0002BF20
(1790953995.705320) can0 2A4#000118C7FFFD54F4
(1790953995.705443) can0 2A5#0000133A0000135D
(1790953995.705568) can0 2A6#FFFFF84700000253
(1790953995.705692) can0 2A7#00004EADFFFFFD8E
(1790953995.709953) can0 2A1#0100010000000000
(1790953995.710068) can0 2A2#0000E2BF000014CE
(1790953995.710197) can0 2A3#0002DFBA0002BF20
(1790953995.710319) can0 2A4#000118C7FFFD54F4
(1790953995.710418) can0 2A5#0000133A0000135D
(1790953995.710569) can0 2A6#FFFFF84700000253
(1790953995.710669) can0 2A7#00004EADFFFFFD8E
(1790953995.714976) can0 2A1#0100010000000000
(1790953995.715092) can0 2A2#0000E2BF000014CE
(1790953995.715220) can0 2A3#0002DFBA0002BF20
(1790953995.715319) can0 2A4#000118C7FFFD54F4
(1790953995.715442) can0 2A5#0000133A0000135D
(1790953995.715568) can0 2A6#FFFFF84700000253
(1790953995.715695) can0 2A7#00004EADFFFFFD8E
(1790953995.719980) can0 2A1#0100010000000000
(1790953995.720073) can0 2A2#0000E2BF000014CE
(1790953995.720200) can0 2A3#0002DFBA0002BF20
(1790953995.720319) can0 2A4#000118C7FFFD54F4
(1790953995.720416) can0 2A5#0000133A0000135D
(1790953995.720543) can0 2A6#FFFFF84700000253
(1790953995.720669) can0 2A7#00004EADFFFFFD8E
(1790953995.724991) can0 2A1#0100010000000000
(1790953995.725092) can0 2A2#0000E2BF000014CE
(1790953995.725192) can0 2A3#0002DFBA0002BF20
(1790953995.725320) can0 2A4#000118C7FFFD54F4
(1790953995.725441) can0 2A5#0000133A0000135D
(1790953995.725567) can0 2A6#FFFFF84700000253
(1790953995.725694) can0 2A7#00004EADFFFFFD8E
(1790953995.729945) can0 2A1#0100010000000000
(1790953995.730068) can0 2A2#0000E2BF000014CE
(1790953995.730195) can0 2A3#0002DFBA0002BF20
(1790953995.730319) can0 2A4#000118C7FFFD54F4
(1790953995.730444) can0 2A5#0000133A0000135D
(1790953995.730543) can0 2A6#FFFFF84700000253
(1790953995.730668) can0 2A7#00004EADFFFFFD8E
(1790953995.734980) can0 2A1#0100010000000000
(1790953995.735096) can0 2A2#0000E2BF000014CE
(1790953995.735219) can0 2A3#0002DFBA0002BF20
(1790953995.735344) can0 2A4#000118C7FFFD54F4
(1790953995.735444) can0 2A5#0000133A0000135D
(1790953995.735570) can0 2A6#FFFFF84700000253
(1790953995.735695) can0 2A7#00004EADFFFFFD8E
(1790953995.739953) can0 2A1#0100010000000000
(1790953995.740071) can0 2A2#0000E2BF000014CE
(1790953995.740194) can0 2A3#0002DFBA0002BF20
(1790953995.740318) can0 2A4#000118C7FFFD54F4
(1790953995.740444) can0 2A5#0000133A0000135D
(1790953995.740569) can0 2A6#FFFFF84700000253
(1790953995.740668) can0 2A7#00004EADFFFFFD8E
(1790953995.745001) can0 2A1#0100010000000000
(1790953995.745094) can0 2A2#0000E2BF000014CE
(1790953995.745192) can0 2A3#0002DFBA0002BF20
(1790953995.745346) can0 2A4#000118C7FFFD54F4
(1790953995.745444) can0 2A5#0000133A0000135D
(1790953995.745569) can0 2A6#FFFFF84700000253
(1790953995.745693) can0 2A7#00004EADFFFFFD8E
(1790953995.749974) can0 2A1#0100010000000000
(1790953995.750069) can0 2A2#0000E2BF000014CE
(1790953995.750194) can0 2A3#0002DFBA0002BF20
(1790953995.750318) can0 2A4#000118C7FFFD54F4
(1790953995.750445) can0 2A5#0000133A0000135D
(1790953995.750544) can0 2A6#FFFFF84700000253
(1790953995.750669) can0 2A7#00004EADFFFFFD8E
(1790953995.754984) can0 2A1#0100010000000000
(1790953995.755095) can0 2A2#0000E2BF000014CE
(1790953995.755217) can0 2A3#0002DFBA0002BF20
(1790953995.755316) can0 2A4#000118C7FFFD54F4
(1790953995.755443) can0 2A5#0000133A0000135D
(1790953995.755567) can0 2A6#FFFFF84700000253
(1790953995.755691) can0 2A7#00004EADFFFFFD8E
(1790953995.759951) can0 2A1#0100010000000000
(1790953995.760073) can0 2A2#0000E2BF000014CE
(1790953995.760193) can0 2A3#0002DFBA0002BF20
(1790953995.760318) can0 2A4#000118C7FFFD54F4
(1790953995.760442) can0 2A5#0000133A0000135D
(1790953995.760567) can0 2A6#FFFFF84700000253
(1790953995.760668) can0 2A7#00004EADFFFFFD8E
(1790953995.764985) can0 2A1#0100010000000000
(1790953995.765093) can0 2A2#0000E2BF000014CE
(1790953995.765220) can0 2A3#0002DFBA0002BF20
(1790953995.765345) can0 2A4#000118C7FFFD54F4
(1790953995.765444) can0 2A5#0000133A0000135D
(1790953995.765569) can0 2A6#FFFFF84700000253
(1790953995.765694) can0 2A7#00004EADFFFFFD8E
(1790953995.769952) can0 2A1#0100010000000000
(1790953995.770069) can0 2A2#0000E2BF000014CE
(1790953995.770192) can0 2A3#0002DFBA0002BF20
(1790953995.770318) can0 2A4#000118C7FFFD54F4
(1790953995.770441) can0 2A5#0000133A0000135D
(1790953995.770567) can0 2A6#FFFFF84700000253
(1790953995.770668) can0 2A7#00004EADFFFFFD8E
(1790953995.774993) can0 2A1#0100010000000000
(1790953995.775092) can0 2A2#0000E2BF000014CE
(1790953995.775193) can0 2A3#0002DFBA0002BF20
(1790953995.775344) can0 2A4#000118C7FFFD54F4
(1790953995.775443) can0 2A5#0000133A0000135D
(1790953995.775568) can0 2A6#FFFFF84700000253
(1790953995.775694) can0 2A7#00004EADFFFFFD8E
(1790953995.779944) can0 2A1#0100010000000000
(1790953995.780067) can0 2A2#0000E2BF000014CE
(1790953995.780193) can0 2A3#0002DFBA0002BF20
(1790953995.780318) can0 2A4#000118C7FFFD54F4
(1790953995.780443) can0 2A5#0000133A0000135D
(1790953995.780568) can0 2A6#FFFFF84700000253
(1790953995.780668) can0 2A7#00004EADFFFFFD8E
(1790953995.784979) can0 2A1#0100010000000000
(1790953995.785093) can0 2A2#0000E2BF000014CE
(1790953995.785193) can0 2A3#0002DFBA0002BF20
(1790953995.785345) can0 2A4#000118C7FFFD54F4
(1790953995.785443) can0 2A5#0000133A0000135D
(1790953995.785568) can0 2A6#FFFFF84700000253
(1790953995.785693) can0 2A7#00004EADFFFFFD8E
(1790953995.789973) can0 2A1#0100010000000000
(1790953995.790067) can0 2A2#0000E2BF000014CE
(1790953995.790193) can0 2A3#0002DFBA0002BF20
(1790953995.790318) can0 2A4#000118C7FFFD54F4
(1790953995.790417) can0 2A5#0000133A0000135D
(1790953995.790543) can0 2A6#FFFFF84700000253
(1790953995.790669) can0 2A7#00004EADFFFFFD8E
(1790953995.794997) can0 2A1#0100010000000000
(1790953995.795069) can0 2A2#0000E2BF000014CE
(1790953995.795194) can0 2A3#0002DFBA0002BF20
(1790953995.795319) can0 2A4#000118C7FFFD54F4
(1790953995.795444) can0 2A5#0000133A0000135D
(1790953995.795569) can0 2A6#FFFFF84700000253
(1790953995.795694) can0 2A7#00004EADFFFFFD8E
(1790953995.799977) can0 2A1#0100010000000000
(1790953995.800067) can0 2A2#0000E2BF000014CE
(1790953995.800193) can0 2A3#0002DFBA0002BF20
(1790953995.800319) can0 2A4#000118C7FFFD54F4
(1790953995.800443) can0 2A5#0000133A0000135D
(1790953995.800544) can0 2A6#FFFFF84700000253
(1790953995.800667) can0 2A7#00004EADFFFFFD8E
(1790953995.805014) can0 2A1#0100010000000000
(1790953995.805092) can0 2A2#0000E2BF000014CE
(1790953995.805193) can0 2A3#0002DFBA0002BF20
(1790953995.805316) can0 2A4#000118C7FFFD54F4
(1790953995.805444) can0 2A5#0000133A0000135D
(1790953995.805569) can0 2A6#FFFFF84700000253
(1790953995.805693) can0 2A7#00004EADFFFFFD8E
(1790953995.809971) can0 2A1#0100010000000000
(1790953995.810069) can0 2A2#0000E2BF000014CE
(1790953995.810191) can0 2A3#0002DFBA0002BF20
(1790953995.810316) can0 2A4#000118C7FFFD54F4
(1790953995.810414) can0 2A5#0000133A0000135D
(1790953995.810541) can0 2A6#FFFFF84700000253
(1790953995.810666) can0 2A7#00004EADFFFFFD8E
(1790953995.814978) can0 2A1#0100010000000000
(1790953995.815067) can0 2A2#0000E2BF000014CE
(1790953995.815194) can0 2A3#0002DFBA0002BF20
(1790953995.815318) can0 2A4#000118C7FFFD54F4
(1790953995.815450) can0 2A5#0000133A0000135D
(1790953995.815569) can0 2A6#FFFFF84700000253
(1790953995.815693) can0 2A7#00004EADFFFFFD8E
(1790953995.819971) can0 2A1#0100010000000000
(1790953995.820071) can0 2A2#0000E2BF000014CE
(1790953995.820195) can0 2A3#0002DFBA0002BF20
(1790953995.820319) can0 2A4#000118C7FFFD54F4
(1790953995.820445) can0 2A5#0000133A0000135D
(1790953995.820544) can0 2A6#FFFFF84700000253
(1790953995.820668) can0 2A7#00004EADFFFFFD8E
(1790953995.824983) can0 2A1#0100010000000000
(1790953995.825093) can0 2A2#0000E2BF000014CE
(1790953995.825220) can0 2A3#0002DFBA0002BF20
(1790953995.825344) can0 2A4#000118C7FFFD54F4
(1790953995.825442) can0 2A5#0000133A0000135D
(1790953995.825567) can0 2A6#FFFFF84700000253
(1790953995.825693) can0 2A7#00004EADFFFFFD8E
(1790953995.829955) can0 2A1#0100010000000000
(1790953995.830072) can0 2A2#0000E2BF000014CE
(1790953995.830194) can0 2A3#0002DFBA0002BF20
(1790953995.830319) can0 2A4#000118C7FFFD54F4
(1790953995.830443) can0 2A5#0000133A0000135D
(1790953995.830568) can0 2A6#FFFFF84700000253
(1790953995.830695) can0 2A7#00004EADFFFFFD8E
(1790953995.834976) can0 2A1#0100010000000000
(1790953995.835093) can0 2A2#0000E2BF000014CE
(1790953995.835195) can0 2A3#0002DFBA0002BF20
(1790953995.835342) can0 2A4#000118C7FFFD54F4
(1790953995.835442) can0 2A5#0000133A0000135D
(1790953995.835576) can0 2A6#FFFFF84700000253
(1790953995.835693) can0 2A7#00004EADFFFFFD8E
(1790953995.839977) can0 2A1#0100010000000000
(1790953995.840071) can0 2A2#0000E2BF000014CE
(1790953995.840194) can0 2A3#0002DFBA0002BF20
(1790953995.840317) can0 2A4#000118C7FFFD54F4
(1790953995.840444) can0 2A5#0000133A0000135D
(1790953995.840545) can0 2A6#FFFFF84700000253
(1790953995.840670) can0 2A7#00004EADFFFFFD8E
(1790953995.844973) can0 2A1#0100010000000000
(1790953995.845092) can0 2A2#0000E2BF000014CE
(1790953995.845192) can0 2A3#0002DFBA0002BF20
(1790953995.845319) can0 2A4#000118C7FFFD54F4
(1790953995.845443) can0 2A5#0000133A0000135D
(1790953995.845569) can0 2A6#FFFFF84700000253
(1790953995.845694) can0 2A7#00004EADFFFFFD8E
(1790953995.849985) can0 2A1#0100010000000000
(1790953995.850073) can0 2A2#0000E2BF000014CE
(1790953995.850195) can0 2A3#0002DFBA0002BF20
(1790953995.850318) can0 2A4#000118C7FFFD54F4
(1790953995.850443) can0 2A5#0000133A0000135D
(1790953995.850542) can0 2A6#FFFFF84700000253
(1790953995.850668) can0 2A7#00004EADFFFFFD8E
(1790953995.854992) can0 2A1#0100010000000000
(1790953995.855093) can0 2A2#0000E2BF000014CE
(1790953995.855194) can0 2A3#0002DFBA0002BF20
(1790953995.855318) can0 2A4#000118C7FFFD54F4
(1790953995.855443) can0 2A5#0000133A0000135D
(1790953995.855571) can0 2A6#FFFFF84700000253
(1790953995.855695) can0 2A7#00004EADFFFFFD8E
(1790953995.859972) can0 2A1#0100010000000000
(1790953995.860069) can0 2A2#0000E2BF000014CE
(1790953995.860193) can0 2A3#0002DFBA0002BF20
(1790953995.860319) can0 2A4#000118C7FFFD54F4
(1790953995.860419) can0 2A5#0000133A0000135D
(1790953995.860543) can0 2A6#FFFFF84700000253
(1790953995.860668) can0 2A7#00004EADFFFFFD8E
(1790953995.864991) can0 2A1#0100010000000000
(1790953995.865093) can0 2A2#0000E2BF000014CE
(1790953995.865192) can0 2A3#0002DFBA0002BF20
(1790953995.865317) can0 2A4#000118C7FFFD54F4
(1790953995.865441) can0 2A5#0000133A0000135D
(1790953995.865568) can0 2A6#FFFFF84700000253
(1790953995.865693) can0 2A7#00004EADFFFFFD8E
(1790953995.869985) can0 2A1#0100010000000000
(1790953995.870094) can0 2A2#0000E2BF000014CE
(1790953995.870194) can0 2A3#0002DFBA0002BF20
(1790953995.870318) can0 2A4#000118C7FFFD54F4
(1790953995.870444) can0 2A5#0000133A0000135D
(1790953995.870568) can0 2A6#FFFFF84700000253
(1790953995.870670) can0 2A7#00004EADFFFFFD8E
(1790953995.874991) can0 2A1#0100010000000000
(1790953995.875071) can0 2A2#0000E2BF000014CE
(1790953995.875197) can0 2A3#0002DFBA0002BF20
(1790953995.875320) can0 2A4#000118C7FFFD54F4
(1790953995.875441) can0 2A5#0000133A0000135D
(1790953995.875568) can0 2A6#FFFFF84700000253
(1790953995.875692) can0 2A7#00004EADFFFFFD8E
(1790953995.879976) can0 2A1#0100010000000000
(1790953995.880069) can0 2A2#0000E2BF000014CE
(1790953995.880195) can0 2A3#0002DFBA0002BF20
(1790953995.880319) can0 2A4#000118C7FFFD54F4
(1790953995.880443) can0 2A5#0000133A0000135D
(1790953995.880544) can0 2A6#FFFFF84700000253
(1790953995.880667) can0 2A7#00004EADFFFFFD8E
(1790953995.884974) can0 2A1#0100010000000000
(1790953995.885093) can0 2A2#0000E2BF000014CE
(1790953995.885217) can0 2A3#0002DFBA0002BF20
(1790953995.885341) can0 2A4#000118C7FFFD54F4
(1790953995.885442) can0 2A5#0000133A0000135D
(1790953995.885568) can0 2A6#FFFFF84700000253
(1790953995.885693) can0 2A7#00004EADFFFFFD8E
(1790953995.889958) can0 2A1#0100010000000000
(1790953995.890067) can0 2A2#0000E2BF000014CE
(1790953995.890196) can0 2A3#0002DFBA0002BF20
(1790953995.890317) can0 2A4#000118C7FFFD54F4
(1790953995.890419) can0 2A5#0000133A0000135D
(1790953995.890544) can0 2A6#FFFFF84700000253
(1790953995.890694) can0 2A7#00004EADFFFFFD8E
(1790953995.894975) can0 2A1#0100010000000000
(1790953995.895091) can0 2A2#0000E2BF000014CE
(1790953995.895217) can0 2A3#0002DFBA0002BF20
(1790953995.895344) can0 2A4#000118C7FFFD54F4
(1790953995.895441) can0 2A5#0000133A0000135D
(1790953995.895569) can0 2A6#FFFFF84700000253
(1790953995.895692) can0 2A7#00004EADFFFFFD8E
(1790953995.899948) can0 2A1#0100010000000000
(1790953995.900071) can0 2A2#0000E2BF000014CE
(1790953995.900194) can0 2A3#0002DFBA0002BF20
(1790953995.900319) can0 2A4#000118C7FFFD54F4
(1790953995.900444) can0 2A5#0000133A0000135D
(1790953995.900569) can0 2A6#FFFFF84700000253
(1790953995.900667) can0 2A7#00004EADFFFFFD8E
(1790953995.904981) can0 2A1#0100010000000000
(1790953995.905095) can0 2A2#0000E2BF000014CE
(1790953995.905219) can0 2A3#0002DFBA0002BF20
(1790953995.905344) can0 2A4#000118C7FFFD54F4
(1790953995.905446) can0 2A5#0000133A0000135D
(1790953995.905572) can0 2A6#FFFFF84700000253
(1790953995.905696) can0 2A7#00004EADFFFFFD8E
(1790953995.909972) can0 2A1#0100010000000000
(1790953995.910075) can0 2A2#0000E2BF000014CE
(1790953995.910192) can0 2A3#0002DFBA0002BF20
(1790953995.910317) can0 2A4#000118C7FFFD54F4
(1790953995.910442) can0 2A5#0000133A0000135D
(1790953995.910543) can0 2A6#FFFFF84700000253
(1790953995.910668) can0 2A7#00004EADFFFFFD8E
(1790953995.914978) can0 2A1#0100010000000000
(1790953995.915095) can0 2A2#0000E2BF000014CE
(1790953995.915194) can0 2A3#0002DFBA0002BF20
(1790953995.915319) can0 2A4#000118C7FFFD54F4
(1790953995.915443) can0 2A5#0000133A0000135D
(1790953995.915571) can0 2A6#FFFFF84700000253
(1790953995.915693) can0 2A7#00004EADFFFFFD8E
(1790953995.919973) can0 2A1#0100010000000000
(1790953995.920068) can0 2A2#0000E2BF000014CE
(1790953995.920194) can0 2A3#0002DFBA0002BF20
(1790953995.920319) can0 2A4#000118C7FFFD54F4
(1790953995.920444) can0 2A5#0000133A0000135D
(1790953995.920541) can0 2A6#FFFFF84700000253
(1790953995.920669) can0 2A7#00004EADFFFFFD8E
(1790953995.924977) can0 2A1#0100010000000000
(1790953995.925094) can0 2A2#0000E2BF000014CE
(1790953995.925218) can0 2A3#0002DFBA0002BF20
(1790953995.925316) can0 2A4#000118C7FFFD54F4
(1790953995.925441) can0 2A5#0000133A0000135D
(1790953995.925568) can0 2A6#FFFFF84700000253
(1790953995.925692) can0 2A7#00004EADFFFFFD8E
(1790953995.929975) can0 2A1#0100010000000000
(1790953995.930069) can0 2A2#0000E2BF000014CE
(1790953995.930193) can0 2A3#0002DFBA0002BF20
(1790953995.930322) can0 2A4#000118C7FFFD54F4
(1790953995.930442) can0 2A5#0000133A0000135D
(1790953995.930543) can0 2A6#FFFFF84700000253
(1790953995.930668) can0 2A7#00004EADFFFFFD8E
(1790953995.934976) can0 2A1#0100010000000000
(1790953995.935094) can0 2A2#0000E2BF000014CE
(1790953995.935223) can0 2A3#0002DFBA0002BF20
(1790953995.935319) can0 2A4#000118C7FFFD54F4
(1790953995.935443) can0 2A5#0000133A0000135D
(1790953995.935573) can0 2A6#FFFFF84700000253
(1790953995.935696) can0 2A7#00004EADFFFFFD8E
(1790953995.939979) can0 2A1#0100010000000000
(1790953995.940095) can0 2A2#0000E2BF000014CE
(1790953995.940194) can0 2A3#0002DFBA0002BF20
(1790953995.940319) can0 2A4#000118C7FFFD54F4
(1790953995.940442) can0 2A5#0000133A0000135D
(1790953995.940542) can0 2A6#FFFFF84700000253
(1790953995.940669) can0 2A7#00004EADFFFFFD8E
(1790953995.944972) can0 2A1#0100010000000000
(1790953995.945093) can0 2A2#0000E2BF000014CE
(1790953995.945219) can0 2A3#0002DFBA0002BF20
(1790953995.945317) can0 2A4#000118C7FFFD54F4
(1790953995.945444) can0 2A5#0000133A0000135D
(1790953995.945569) can0 2A6#FFFFF84700000253
(1790953995.945692) can0 2A7#00004EADFFFFFD8E
(1790953995.949983) can0 2A1#0100010000000000
(1790953995.950075) can0 2A2#0000E2BF000014CE
(1790953995.950193) can0 2A3#0002DFBA0002BF20
(1790953995.950317) can0 2A4#000118C7FFFD54F4
(1790953995.950417) can0 2A5#0000133A0000135D
(1790953995.950542) can0 2A6#FFFFF84700000253
(1790953995.950668) can0 2A7#00004EADFFFFFD8E
(1790953995.955014) can0 2A1#0100010000000000
(1790953995.955095) can0 2A2#0000E2BF000014CE
(1790953995.955219) can0 2A3#0002DFBA0002BF20
(1790953995.955318) can0 2A4#000118C7FFFD54F4
(1790953995.955445) can0 2A5#0000133A0000135D
(1790953995.955568) can0 2A6#FFFFF84700000253
(1790953995.955693) can0 2A7#00004EADFFFFFD8E
(1790953995.959954) can0 2A1#0100010000000000
(1790953995.960073) can0 2A2#0000E2BF000014CE
(1790953995.960195) can0 2A3#0002DFBA0002BF20
(1790953995.960320) can0 2A4#000118C7FFFD54F4
(1790953995.960445) can0 2A5#0000133A0000135D
(1790953995.960570) can0 2A6#FFFFF84700000253
(1790953995.960695) can0 2A7#00004EADFFFFFD8E
(1790953995.964979) can0 2A1#0100010000000000
(1790953995.965093) can0 2A2#0000E2BF000014CE
(1790953995.965220) can0 2A3#0002DFBA0002BF20
(1790953995.965318) can0 2A4#000118C7FFFD54F4
(1790953995.965445) can0 2A5#0000133A0000135D
(1790953995.965571) can0 2A6#FFFFF84700000253
(1790953995.965695) can0 2A7#00004EADFFFFFD8E
(1790953995.969959) can0 2A1#0100010000000000
(1790953995.970085) can0 2A2#0000E2BF000014CE
(1790953995.970197) can0 2A3#0002DFBA0002BF20
(1790953995.970318) can0 2A4#000118C7FFFD54F4
(1790953995.970443) can0 2A5#0000133A0000135D
(1790953995.970568) can0 2A6#FFFFF84700000253
(1790953995.970667) can0 2A7#00004EADFFFFFD8E
(1790953995.974981) can0 2A1#0100010000000000
(1790953995.975093) can0 2A2#0000E2BF000014CE
(1790953995.975217) can0 2A3#0002DFBA0002BF20
(1790953995.975340) can0 2A4#000118C7FFFD54F4
(1790953995.975441) can0 2A5#0000133A0000135D
(1790953995.975565) can0 2A6#FFFFF84700000253
(1790953995.975690) can0 2A7#00004EADFFFFFD8E
(1790953995.979948) can0 2A1#0100010000000000
(1790953995.980068) can0 2A2#0000E2BF000014CE
(1790953995.980200) can0 2A3#0002DFBA0002BF20
(1790953995.980321) can0 2A4#000118C7FFFD54F4
(1790953995.980445) can0 2A5#0000133A0000135D
(1790953995.980570) can0 2A6#FFFFF84700000253
(1790953995.980694) can0 2A7#00004EADFFFFFD8E
(1790953995.984981) can0 2A1#0100010000000000
(1790953995.985092) can0 2A2#0000E2BF000014CE
(1790953995.985219) can0 2A3#0002DFBA0002BF20
(1790953995.985345) can0 2A4#000118C7FFFD54F4
(1790953995.985445) can0 2A5#0000133A0000135D
(1790953995.985570) can0 2A6#FFFFF84700000253
(1790953995.985696) can0 2A7#00004EADFFFFFD8E
(1790953995.989984) can0 2A1#0100010000000000
(1790953995.990098) can0 2A2#0000E2BF000014CE
(1790953995.990193) can0 2A3#0002DFBA0002BF20
(1790953995.990319) can0 2A4#000118C7FFFD54F4
(1790953995.990444) can0 2A5#0000133A0000135D
(1790953995.990543) can0 2A6#FFFFF84700000253
(1790953995.990669) can0 2A7#00004EADFFFFFD8E
(1790953995.994984) can0 2A1#0100010000000000
(1790953995.995097) can0 2A2#0000E2BF000014CE
(1790953995.995197) can0 2A3#0002DFBA0002BF20
(1790953995.995318) can0 2A4#000118C7FFFD54F4
(1790953995.995446) can0 2A5#0000133A0000135D
(1790953995.995569) can0 2A6#FFFFF84700000253
(1790953995.995696) can0 2A7#00004EADFFFFFD8E
(1790953995.999982) can0 2A1#0100010000000000
(1790953996.000069) can0 2A2#0000E2BF000014CE
(1790953996.000193) can0 2A3#0002DFBA0002BF20
(1790953996.000318) can0 2A4#000118C7FFFD54F4
(1790953996.000417) can0 2A5#0000133A0000135D
(1790953996.000543) can0 2A6#FFFFF84700000253
(1790953996.000669) can0 2A7#00004EADFFFFFD8E
(1790953996.004984) can0 2A1#0100010000000000
(1790953996.005072) can0 2A2#0000E2BF000014CE
(1790953996.005223) can0 2A3#0002DFBA0002BF20
(1790953996.005324) can0 2A4#000118C7FFFD54F4
(1790953996.005443) can0 2A5#0000133A0000135D
(1790953996.005569) can0 2A6#FFFFF84700000253
(1790953996.005693) can0 2A7#00004EADFFFFFD8E
(1790953996.009987) can0 2A1#0100010000000000
(1790953996.010070) can0 2A2#0000E2BF000014CE
(1790953996.010191) can0 2A3#0002DFBA0002BF20
(1790953996.010317) can0 2A4#000118C7FFFD54F4
(1790953996.010441) can0 2A5#0000133A0000135D
(1790953996.010540) can0 2A6#FFFFF84700000253
(1790953996.010667) can0 2A7#00004EADFFFFFD8E
(1790953996.014973) can0 2A1#0100010000000000
(1790953996.015092) can0 2A2#0000E2BF000014CE
(1790953996.015192) can0 2A3#0002DFBA0002BF20
(1790953996.015316) can0 2A4#000118C7FFFD54F4
(1790953996.015441) can0 2A5#0000133A0000135D
(1790953996.015566) can0 2A6#FFFFF84700000253
(1790953996.015691) can0 2A7#00004EADFFFFFD8E
(1790953996.019977) can0 2A1#0100010000000000
(1790953996.020095) can0 2A2#0000E2BF000014CE
(1790953996.020193) can0 2A3#0002DFBA0002BF20
(1790953996.020318) can0 2A4#000118C7FFFD54F4
(1790953996.020442) can0 2A5#0000133A0000135D
(1790953996.020568) can0 2A6#FFFFF84700000253
(1790953996.020667) can0 2A7#00004EADFFFFFD8E
(1790953996.024993) can0 2A1#0100010000000000
(1790953996.025073) can0 2A2#0000E2BF000014CE
(1790953996.025196) can0 2A3#0002DFBA0002BF20
(1790953996.025319) can0 2A4#000118C7FFFD54F4
(1790953996.025443) can0 2A5#0000133A0000135D
(1790953996.025569) can0 2A6#FFFFF84700000253
(1790953996.025692) can0 2A7#00004EADFFFFFD8E
(1790953996.029954) can0 2A1#0100010000000000
(1790953996.030068) can0 2A2#0000E2BF000014CE
(1790953996.030193) can0 2A3#0002DFBA0002BF20
(1790953996.030317) can0 2A4#000118C7FFFD54F4
(1790953996.030443) can0 2A5#0000133A0000135D
(1790953996.030542) can0 2A6#FFFFF84700000253
(1790953996.030668) can0 2A7#00004EADFFFFFD8E
(1790953996.034978) can0 2A1#0100010000000000
(1790953996.035096) can0 2A2#0000E2BF000014CE
(1790953996.035193) can0 2A3#0002DFBA0002BF20
(1790953996.035320) can0 2A4#000118C7FFFD54F4
(1790953996.035443) can0 2A5#0000133A0000135D
(1790953996.035569) can0 2A6#FFFFF84700000253
(1790953996.035694) can0 2A7#00004EADFFFFFD8E
(1790953996.039980) can0 2A1#0100010000000000
(1790953996.040072) can0 2A2#0000E2BF000014CE
(1790953996.040199) can0 2A3#0002DFBA0002BF20
(1790953996.040320) can0 2A4#000118C7FFFD54F4
(1790953996.040444) can0 2A5#0000133A0000135D
(1790953996.040571) can0 2A6#FFFFF84700000253
(1790953996.040671) can0 2A7#00004EADFFFFFD8E
(1790953996.044977) can0 2A1#0100010000000000
(1790953996.045074) can0 2A2#0000E2BF000014CE
(1790953996.045195) can0 2A3#0002DFBA0002BF20
(1790953996.045320) can0 2A4#000118C7FFFD54F4
(1790953996.045445) can0 2A5#0000133A0000135D
(1790953996.045570) can0 2A6#FFFFF84700000253
(1790953996.045695) can0 2A7#00004EADFFFFFD8E
(1790953996.049977) can0 2A1#0100010000000000
(1790953996.050093) can0 2A2#0000E2BF000014CE
(1790953996.050195) can0 2A3#0002DFBA0002BF20
(1790953996.050318) can0 2A4#000118C7FFFD54F4
(1790953996.050444) can0 2A5#0000133A0000135D
(1790953996.050570) can0 2A6#FFFFF84700000253
(1790953996.050668) can0 2A7#00004EADFFFFFD8E
(1790953996.054990) can0 2A1#0100010000000000
(1790953996.055094) can0 2A2#0000E2BF000014CE
(1790953996.055218) can0 2A3#0002DFBA0002BF20
(1790953996.055343) can0 2A4#000118C7FFFD54F4
(1790953996.055442) can0 2A5#0000133A0000135D
(1790953996.055568) can0 2A6#FFFFF84700000253
(1790953996.055694) can0 2A7#00004EADFFFFFD8E
(1790953996.059955) can0 2A1#0100010000000000
(1790953996.060069) can0 2A2#0000E2BF000014CE
(1790953996.060191) can0 2A3#0002DFBA0002BF20
(1790953996.060315) can0 2A4#000118C7FFFD54F4
(1790953996.060441) can0 2A5#0000133A0000135D
(1790953996.060566) can0 2A6#FFFFF84700000253
(1790953996.060666) can0 2A7#00004EADFFFFFD8E
(1790953996.064975) can0 2A1#0100010000000000
(1790953996.065068) can0 2A2#0000E2BF000014CE
(1790953996.065192) can0 2A3#0002DFBA0002BF20
(1790953996.065319) can0 2A4#000118C7FFFD54F4
(1790953996.065444) can0 2A5#0000133A0000135D
(1790953996.065569) can0 2A6#FFFFF84700000253
(1790953996.065695) can0 2A7#00004EADFFFFFD8E
(1790953996.069974) can0 2A1#0100010000000000
(1790953996.070068) can0 2A2#0000E2BF000014CE
(1790953996.070193) can0 2A3#0002DFBA0002BF20
(1790953996.070317) can0 2A4#000118C7FFFD54F4
(1790953996.070442) can0 2A5#0000133A0000135D
(1790953996.070574) can0 2A6#FFFFF84700000253
(1790953996.070668) can0 2A7#00004EADFFFFFD8E
(1790953996.074996) can0 2A1#0100010000000000
(1790953996.075098) can0 2A2#0000E2BF000014CE
(1790953996.075219) can0 2A3#0002DFBA0002BF20
(1790953996.075319) can0 2A4#000118C7FFFD54F4
(1790953996.075444) can0 2A5#0000133A0000135D
(1790953996.075571) can0 2A6#FFFFF84700000253
(1790953996.075696) can0 2A7#00004EADFFFFFD8E
(1790953996.079973) can0 2A1#0100010000000000
(1790953996.080071) can0 2A2#0000E2BF000014CE
(1790953996.080193) can0 2A3#0002DFBA0002BF20
(1790953996.080318) can0 2A4#000118C7FFFD54F4
(1790953996.080443) can0 2A5#0000133A0000135D
(1790953996.080567) can0 2A6#FFFFF84700000253
(1790953996.080696) can0 2A7#00004EADFFFFFD8E
(1790953996.084979) can0 2A1#0100010000000000
(1790953996.085097) can0 2A2#0000E2BF000014CE
(1790953996.085195) can0 2A3#0002DFBA0002BF20
(1790953996.085329) can0 2A4#000118C7FFFD54F4
(1790953996.085444) can0 2A5#0000133A0000135D
(1790953996.085568) can0 2A6#FFFFF84700000253
(1790953996.085694) can0 2A7#00004EADFFFFFD8E
(1790953996.089985) can0 2A1#0100010000000000
(1790953996.090097) can0 2A2#0000E2BF000014CE
(1790953996.090218) can0 2A3#0002DFBA0002BF20
(1790953996.090318) can0 2A4#000118C7FFFD54F4
(1790953996.090443) can0 2A5#0000133A0000135D
(1790953996.090572) can0 2A6#FFFFF84700000253
(1790953996.090693) can0 2A7#00004EADFFFFFD8E
(1790953996.094976) can0 2A1#0100010000000000
(1790953996.095110) can0 2A2#0000E2BF000014CE
(1790953996.095218) can0 2A3#0002DFBA0002BF20
(1790953996.095347) can0 2A4#000118C7FFFD54F4
(1790953996.095443) can0 2A5#0000133A0000135D
(1790953996.095568) can0 2A6#FFFFF84700000253
(1790953996.095693) can0 2A7#00004EADFFFFFD8E
(1790953996.099945) can0 2A1#0100010000000000
(1790953996.100070) can0 2A2#0000E2BF000014CE
(1790953996.100195) can0 2A3#0002DFBA0002BF20
(1790953996.100319) can0 2A4#000118C7FFFD54F4
(1790953996.100445) can0 2A5#0000133A0000135D
(1790953996.100567) can0 2A6#FFFFF84700000253
(1790953996.100693) can0 2A7#00004EADFFFFFD8E
(1790953996.104984) can0 2A1#0100010000000000
(1790953996.105105) can0 2A2#0000E2BF000014CE
(1790953996.105194) can0 2A3#0002DFBA0002BF20
(1790953996.105345) can0 2A4#000118C7FFFD54F4
(1790953996.105443) can0 2A5#0000133A0000135D
(1790953996.105568) can0 2A6#FFFFF84700000253
(1790953996.105693) can0 2A7#00004EADFFFFFD8E
(1790953996.109952) can0 2A1#0100010000000000
(1790953996.110069) can0 2A2#0000E2BF000014CE
(1790953996.110193) can0 2A3#0002DFBA0002BF20
(1790953996.110321) can0 2A4#000118C7FFFD54F4
(1790953996.110443) can0 2A5#0000133A0000135D
(1790953996.110569) can0 2A6#FFFFF84700000253
(1790953996.110693) can0 2A7#00004EADFFFFFD8E
(1790953996.114977) can0 2A1#0100010000000000
(1790953996.115074) can0 2A2#0000E2BF000014CE
(1790953996.115194) can0 2A3#0002DFBA0002BF20
(1790953996.115345) can0 2A4#000118C7FFFD54F4
(1790953996.115443) can0 2A5#0000133A0000135D
(1790953996.115569) can0 2A6#FFFFF84700000253
(1790953996.115694) can0 2A7#00004EADFFFFFD8E
(1790953996.119951) can0 2A1#0100010000000000
(1790953996.120068) can0 2A2#0000E2BF000014CE
(1790953996.120194) can0 2A3#0002DFBA0002BF20
(1790953996.120318) can0 2A4#000118C7FFFD54F4
(1790953996.120444) can0 2A5#0000133A0000135D
(1790953996.120835) can0 2A6#FFFFF84700000253
(1790953996.120838) can0 2A7#00004EADFFFFFD8E
(1790953996.124998) can0 2A1#0100010000000000
(1790953996.125093) can0 2A2#0000E2BF000014CE
(1790953996.125218) can0 2A3#0002DFBA0002BF20
(1790953996.125317) can0 2A4#000118C7FFFD54F4
(1790953996.125444) can0 2A5#0000133A0000135D
(1790953996.125569) can0 2A6#FFFFF84700000253
(1790953996.125694) can0 2A7#00004EADFFFFFD8E
(1790953996.129944) can0 2A1#0100010000000000
(1790953996.130097) can0 2A2#0000E2BF000014CE
(1790953996.130194) can0 2A3#0002DFBA0002BF20
(1790953996.130320) can0 2A4#000118C7FFFD54F4
(1790953996.130444) can0 2A5#0000133A0000135D
(1790953996.130544) can0 2A6#FFFFF84700000253
(1790953996.130668) can0 2A7#00004EADFFFFFD8E
(1790953996.134981) can0 2A1#0100010000000000
(1790953996.135096) can0 2A2#0000E2BF000014CE
(1790953996.135221) can0 2A3#0002DFBA0002BF20
(1790953996.135320) can0 2A4#000118C7FFFD54F4
(1790953996.135445) can0 2A5#0000133A0000135D
(1790953996.135569) can0 2A6#FFFFF84700000253
(1790953996.135696) can0 2A7#00004EADFFFFFD8E
(1790953996.139995) can0 2A1#0100010000000000
(1790953996.140071) can0 2A2#0000E2BF000014CE
(1790953996.140194) can0 2A3#0002DFBA0002BF20
(1790953996.140319) can0 2A4#000118C7FFFD54F4
(1790953996.140445) can0 2A5#0000133A0000135D
(1790953996.140545) can0 2A6#FFFFF84700000253
(1790953996.140680) can0 2A7#00004EADFFFFFD8E
(1790953996.144976) can0 2A1#0100010000000000
(1790953996.145093) can0 2A2#0000E2BF000014CE
(1790953996.145220) can0 2A3#0002DFBA0002BF20
(1790953996.145320) can0 2A4#000118C7FFFD54F4
(1790953996.145443) can0 2A5#0000133A0000135D
(1790953996.145569) can0 2A6#FFFFF84700000253
(1790953996.145696) can0 2A7#00004EADFFFFFD8E
(1790953996.149943) can0 2A1#0100010000000000
(1790953996.150068) can0 2A2#0000E2BF000014CE
(1790953996.150196) can0 2A3#0002DFBA0002BF20
(1790953996.150319) can0 2A4#000118C7FFFD54F4
(1790953996.150444) can0 2A5#0000133A0000135D
(1790953996.150578) can0 2A6#FFFFF84700000253
(1790953996.150695) can0 2A7#00004EADFFFFFD8E
(1790953996.155000) can0 2A1#0100010000000000
(1790953996.155095) can0 2A2#0000E2BF000014CE
(1790953996.155193) can0 2A3#0002DFBA0002BF20
(1790953996.155324) can0 2A4#000118C7FFFD54F4
(1790953996.155443) can0 2A5#0000133A0000135D
(1790953996.155569) can0 2A6#FFFFF84700000253
(1790953996.155694) can0 2A7#00004EADFFFFFD8E
(1790953996.159968) can0 2A1#0100010000000000
(1790953996.160067) can0 2A2#0000E2BF000014CE
(1790953996.160194) can0 2A3#0002DFBA0002BF20
(1790953996.160319) can0 2A4#000118C7FFFD54F4
(1790953996.160444) can0 2A5#0000133A0000135D
(1790953996.160569) can0 2A6#FFFFF84700000253
(1790953996.160694) can0 2A7#00004EADFFFFFD8E
(1790953996.164978) can0 2A1#0100010000000000
(1790953996.165104) can0 2A2#0000E2BF000014CE
(1790953996.165199) can0 2A3#0002DFBA0002BF20
(1790953996.165318) can0 2A4#000118C7FFFD54F4
(1790953996.165443) can0 2A5#0000133A0000135D
(1790953996.165569) can0 2A6#FFFFF84700000253
(1790953996.165693) can0 2A7#00004EADFFFFFD8E
(1790953996.169978) can0 2A1#0100010000000000
(1790953996.170071) can0 2A2#0000E2BF000014CE
(1790953996.170198) can0 2A3#0002DFBA0002BF20
(1790953996.170320) can0 2A4#000118C7FFFD54F4
(1790953996.170444) can0 2A5#0000133A0000135D
(1790953996.170542) can0 2A6#FFFFF84700000253
(1790953996.170758) can0 2A7#00004EADFFFFFD8E
(1790953996.174979) can0 2A1#0100010000000000
(1790953996.175092) can0 2A2#0000E2BF000014CE
(1790953996.175217) can0 2A3#0002DFBA0002BF20
(1790953996.175316) can0 2A4#000118C7FFFD54F4
(1790953996.175442) can0 2A5#0000133A0000135D
(1790953996.175566) can0 2A6#FFFFF84700000253
(1790953996.175692) can0 2A7#00004EADFFFFFD8E
(1790953996.179976) can0 2A1#0100010000000000
(1790953996.180095) can0 2A2#0000E2BF000014CE
(1790953996.180193) can0 2A3#0002DFBA0002BF20
(1790953996.180318) can0 2A4#000118C7FFFD54F4
(1790953996.180443) can0 2A5#0000133A0000135D
(1790953996.180568) can0 2A6#FFFFF84700000253
(1790953996.180668) can0 2A7#00004EADFFFFFD8E
(1790953996.184977) can0 2A1#0100010000000000
(1790953996.185069) can0 2A2#0000E2BF000014CE
(1790953996.185194) can0 2A3#0002DFBA0002BF20
(1790953996.185345) can0 2A4#000118C7FFFD54F4
(1790953996.185444) can0 2A5#0000133A0000135D
(1790953996.185569) can0 2A6#FFFFF84700000253
(1790953996.185694) can0 2A7#00004EADFFFFFD8E
(1790953996.189983) can0 2A1#0100010000000000
(1790953996.190070) can0 2A2#0000E2BF000014CE
(1790953996.190193) can0 2A3#0002DFBA0002BF20
(1790953996.190318) can0 2A4#000118C7FFFD54F4
(1790953996.190442) can0 2A5#0000133A0000135D
(1790953996.190542) can0 2A6#FFFFF84700000253
(1790953996.190669) can0 2A7#00004EADFFFFFD8E
(1790953996.194971) can0 2A1#0100010000000000
(1790953996.195093) can0 2A2#0000E2BF000014CE
(1790953996.195193) can0 2A3#0002DFBA0002BF20
(1790953996.195318) can0 2A4#000118C7FFFD54F4
(1790953996.195443) can0 2A5#0000133A0000135D
(1790953996.195568) can0 2A6#FFFFF84700000253
(1790953996.195693) can0 2A7#00004EADFFFFFD8E
(1790953996.199976) can0 2A1#0100010000000000
(1790953996.200094) can0 2A2#0000E2BF000014CE
(1790953996.200193) can0 2A3#0002DFBA0002BF20
(1790953996.200317) can0 2A4#000118C7FFFD54F4
(1790953996.200442) can0 2A5#0000133A0000135D
(1790953996.200569) can0 2A6#FFFFF84700000253
(1790953996.200669) can0 2A7#00004EADFFFFFD8E
(1790953996.204991) can0 2A1#0100010000000000
(1790953996.205101) can0 2A2#0000E2BF000014CE
(1790953996.205217) can0 2A3#0002DFBA0002BF20
(1790953996.205342) can0 2A4#000118C7FFFD54F4
(1790953996.205442) can0 2A5#0000133A0000135D
(1790953996.205567) can0 2A6#FFFFF84700000253
(1790953996.205693) can0 2A7#00004EADFFFFFD8E
(1790953996.209951) can0 2A1#0100010000000000
(1790953996.210067) can0 2A2#0000E2BF000014CE
(1790953996.210192) can0 2A3#0002DFBA0002BF20
(1790953996.210316) can0 2A4#000118C7FFFD54F4
(1790953996.210442) can0 2A5#0000133A0000135D
(1790953996.210566) can0 2A6#FFFFF84700000253
(1790953996.210666) can0 2A7#00004EADFFFFFD8E
(1790953996.214968) can0 2A1#0100010000000000
(1790953996.215094) can0 2A2#0000E2BF000014CE
(1790953996.215219) can0 2A3#0002DFBA0002BF20
(1790953996.215344) can0 2A4#000118C7FFFD54F4
(1790953996.215442) can0 2A5#0000133A0000135D
(1790953996.215569) can0 2A6#FFFFF84700000253
(1790953996.215692) can0 2A7#00004EADFFFFFD8E
(1790953996.219954) can0 2A1#0100010000000000
(1790953996.220068) can0 2A2#0000E2BF000014CE
(1790953996.220195) can0 2A3#0002DFBA0002BF20
(1790953996.220318) can0 2A4#000118C7FFFD54F4
(1790953996.220443) can0 2A5#0000133A0000135D
(1790953996.220567) can0 2A6#FFFFF84700000253
(1790953996.220670) can0 2A7#00004EADFFFFFD8E
(1790953996.224976) can0 2A1#0100010000000000
(1790953996.225094) can0 2A2#0000E2BF000014CE
(1790953996.225220) can0 2A3#0002DFBA0002BF20
(1790953996.225344) can0 2A4#000118C7FFFD54F4
(1790953996.225444) can0 2A5#0000133A0000135D
(1790953996.225571) can0 2A6#FFFFF84700000253
(1790953996.225693) can0 2A7#00004EADFFFFFD8E
(1790953996.229949) can0 2A1#0100010000000000
(1790953996.230069) can0 2A2#0000E2BF000014CE
(1790953996.230208) can0 2A3#0002DFBA0002BF20
(1790953996.230321) can0 2A4#000118C7FFFD54F4
(1790953996.230445) can0 2A5#0000133A0000135D
(1790953996.230571) can0 2A6#FFFFF84700000253
(1790953996.230695) can0 2A7#00004EADFFFFFD8E
(1790953996.234979) can0 2A1#0100010000000000
(1790953996.235095) can0 2A2#0000E2BF000014CE
(1790953996.235222) can0 2A3#0002DFBA0002BF20
(1790953996.235346) can0 2A4#000118C7FFFD54F4
(1790953996.235444) can0 2A5#0000133A0000135D
(1790953996.235569) can0 2A6#FFFFF84700000253
(1790953996.235694) can0 2A7#00004EADFFFFFD8E
(1790953996.239997) can0 2A1#0100010000000000
(1790953996.240071) can0 2A2#0000E2BF000014CE
(1790953996.240195) can0 2A3#0002DFBA0002BF20
(1790953996.240320) can0 2A4#000118C7FFFD54F4
(1790953996.240446) can0 2A5#0000133A0000135D
(1790953996.240543) can0 2A6#FFFFF84700000253
(1790953996.240669) can0 2A7#00004EADFFFFFD8E
(1790953996.244975) can0 2A1#0100010000000000
(1790953996.245095) can0 2A2#0000E2BF000014CE
(1790953996.245194) can0 2A3#0002DFBA0002BF20
(1790953996.245318) can0 2A4#000118C7FFFD54F4
(1790953996.245442) can0 2A5#0000133A0000135D
(1790953996.245569) can0 2A6#FFFFF84700000253
(1790953996.245694) can0 2A7#00004EADFFFFFD8E
(1790953996.249969) can0 2A1#0100010000000000
(1790953996.250093) can0 2A2#0000E2BF000014CE
(1790953996.250194) can0 2A3#0002DFBA0002BF20
(1790953996.250319) can0 2A4#000118C7FFFD54F4
(1790953996.250443) can0 2A5#0000133A0000135D
(1790953996.250567) can0 2A6#FFFFF84700000253
(1790953996.250693) can0 2A7#00004EADFFFFFD8E
(1790953996.254992) can0 2A1#0100010000000000
(1790953996.255099) can0 2A2#0000E2BF000014CE
(1790953996.255219) can0 2A3#0002DFBA0002BF20
(1790953996.255343) can0 2A4#000118C7FFFD54F4
(1790953996.255443) can0 2A5#0000133A0000135D
(1790953996.255570) can0 2A6#FFFFF84700000253
(1790953996.255694) can0 2A7#00004EADFFFFFD8E
(1790953996.259974) can0 2A1#0100010000000000
(1790953996.260072) can0 2A2#0000E2BF000014CE
(1790953996.260193) can0 2A3#0002DFBA0002BF20
(1790953996.260320) can0 2A4#000118C7FFFD54F4
(1790953996.260419) can0 2A5#0000133A0000135D
(1790953996.260544) can0 2A6#FFFFF84700000253
(1790953996.260670) can0 2A7#00004EADFFFFFD8E
(1790953996.264988) can0 2A1#0100010000000000
(1790953996.265094) can0 2A2#0000E2BF000014CE
(1790953996.265196) can0 2A3#0002DFBA0002BF20
(1790953996.265344) can0 2A4#000118C7FFFD54F4
(1790953996.265443) can0 2A5#0000133A0000135D
(1790953996.265574) can0 2A6#FFFFF84700000253
(1790953996.265695) can0 2A7#00004EADFFFFFD8E
(1790953996.269985) can0 2A1#0100010000000000
(1790953996.270068) can0 2A2#0000E2BF000014CE
(1790953996.270193) can0 2A3#0002DFBA0002BF20
(1790953996.270319) can0 2A4#000118C7FFFD54F4
(1790953996.270449) can0 2A5#0000133A0000135D
(1790953996.270544) can0 2A6#FFFFF84700000253
(1790953996.270670) can0 2A7#00004EADFFFFFD8E
(1790953996.274978) can0 2A1#0100010000000000
(1790953996.275095) can0 2A2#0000E2BF000014CE
(1790953996.275221) can0 2A3#0002DFBA0002BF20
(1790953996.275345) can0 2A4#000118C7FFFD54F4
(1790953996.275444) can0 2A5#0000133A0000135D
(1790953996.275577) can0 2A6#FFFFF84700000253
(1790953996.275695) can0 2A7#00004EADFFFFFD8E
(1790953996.279950) can0 2A1#0100010000000000
(1790953996.280069) can0 2A2#0000E2BF000014CE
(1790953996.280198) can0 2A3#0002DFBA0002BF20
(1790953996.280320) can0 2A4#000118C7FFFD54F4
(1790953996.280444) can0 2A5#0000133A0000135D
(1790953996.280570) can0 2A6#FFFFF84700000253
(1790953996.280695) can0 2A7#00004EADFFFFFD8E
(1790953996.284977) can0 2A1#0100010000000000
(1790953996.285094) can0 2A2#0000E2BF000014CE
(1790953996.285192) can0 2A3#0002DFBA0002BF20
(1790953996.285317) can0 2A4#000118C7FFFD54F4
(1790953996.285441) can0 2A5#0000133A0000135D
(1790953996.285568) can0 2A6#FFFFF84700000253
(1790953996.285692) can0 2A7#00004EADFFFFFD8E
(1790953996.289982) can0 2A1#0100010000000000
(1790953996.290069) can0 2A2#0000E2BF000014CE
(1790953996.290194) can0 2A3#0002DFBA0002BF20
(1790953996.290319) can0 2A4#000118C7FFFD54F4
(1790953996.290443) can0 2A5#0000133A0000135D
(1790953996.290543) can0 2A6#FFFFF84700000253
(1790953996.290670) can0 2A7#00004EADFFFFFD8E
(1790953996.294973) can0 2A1#0100010000000000
(1790953996.295093) can0 2A2#0000E2BF000014CE
(1790953996.295218) can0 2A3#0002DFBA0002BF20
(1790953996.295322) can0 2A4#000118C7FFFD54F4
(1790953996.295446) can0 2A5#0000133A0000135D
(1790953996.295569) can0 2A6#FFFFF84700000253
(1790953996.295707) can0 2A7#00004EADFFFFFD8E
(1790953996.299953) can0 2A1#0100010000000000
(1790953996.300073) can0 2A2#0000E2BF000014CE
(1790953996.300195) can0 2A3#0002DFBA0002BF20
(1790953996.300319) can0 2A4#000118C7FFFD54F4
(1790953996.300444) can0 2A5#0000133A0000135D
(1790953996.300569) can0 2A6#FFFFF84700000253
(1790953996.300693) can0 2A7#00004EADFFFFFD8E
(1790953996.304975) can0 2A1#0100010000000000
(1790953996.305069) can0 2A2#0000E2BF000014CE
(1790953996.305221) can0 2A3#0002DFBA0002BF20
(1790953996.305342) can0 2A4#000118C7FFFD54F4
(1790953996.305442) can0 2A5#0000133A0000135D
(1790953996.305569) can0 2A6#FFFFF84700000253
(1790953996.305699) can0 2A7#00004EADFFFFFD8E
(1790953996.309954) can0 2A1#0100010000000000
(1790953996.310095) can0 2A2#0000E2BF000014CE
(1790953996.310192) can0 2A3#0002DFBA0002BF20
(1790953996.310318) can0 2A4#000118C7FFFD54F4
(1790953996.310442) can0 2A5#0000133A0000135D
(1790953996.310542) can0 2A6#FFFFF84700000253
(1790953996.310668) can0 2A7#00004EADFFFFFD8E
(1790953996.314985) can0 2A1#0100010000000000
(1790953996.315093) can0 2A2#0000E2BF000014CE
(1790953996.315220) can0 2A3#0002DFBA0002BF20
(1790953996.315317) can0 2A4#000118C7FFFD54F4
(1790953996.315443) can0 2A5#0000133A0000135D
(1790953996.315569) can0 2A6#FFFFF84700000253
(1790953996.315694) can0 2A7#00004EADFFFFFD8E
(1790953996.319954) can0 2A1#0100010000000000
(1790953996.320067) can0 2A2#0000E2BF000014CE
(1790953996.320195) can0 2A3#0002DFBA0002BF20
(1790953996.320320) can0 2A4#000118C7FFFD54F4
(1790953996.320442) can0 2A5#0000133A0000135D
(1790953996.320569) can0 2A6#FFFFF84700000253
(1790953996.320694) can0 2A7#00004EADFFFFFD8E
(1790953996.324982) can0 2A1#0100010000000000
(1790953996.325070) can0 2A2#0000E2BF000014CE
(1790953996.325220) can0 2A3#0002DFBA0002BF20
(1790953996.325318) can0 2A4#000118C7FFFD54F4
(1790953996.325443) can0 2A5#0000133A0000135D
(1790953996.325568) can0 2A6#FFFFF84700000253
(1790953996.325695) can0 2A7#00004EADFFFFFD8E
(1790953996.329948) can0 2A1#0100010000000000
(1790953996.330070) can0 2A2#0000E2BF000014CE
(1790953996.330195) can0 2A3#0002DFBA0002BF20
(1790953996.330318) can0 2A4#000118C7FFFD54F4
(1790953996.330443) can0 2A5#0000133A0000135D
(1790953996.330568) can0 2A6#FFFFF84700000253
(1790953996.330693) can0 2A7#00004EADFFFFFD8E
(1790953996.334973) can0 2A1#0100010000000000
(1790953996.335095) can0 2A2#0000E2BF000014CE
(1790953996.335219) can0 2A3#0002DFBA0002BF20
(1790953996.335320) can0 2A4#000118C7FFFD54F4
(1790953996.335468) can0 2A5#0000133A0000135D
(1790953996.335572) can0 2A6#FFFFF84700000253
(1790953996.335694) can0 2A7#00004EADFFFFFD8E
(1790953996.339982) can0 2A1#0100010000000000
(1790953996.340072) can0 2A2#0000E2BF000014CE
(1790953996.340193) can0 2A3#0002DFBA0002BF20
(1790953996.340317) can0 2A4#000118C7FFFD54F4
(1790953996.340443) can0 2A5#0000133A0000135D
(1790953996.340543) can0 2A6#FFFFF84700000253
(1790953996.340667) can0 2A7#00004EADFFFFFD8E
(1790953996.344983) can0 2A1#0100010000000000
(1790953996.345095) can0 2A2#0000E2BF000014CE
(1790953996.345219) can0 2A3#0002DFBA0002BF20
(1790953996.345319) can0 2A4#000118C7FFFD54F4
(1790953996.345443) can0 2A5#0000133A0000135D
(1790953996.345569) can0 2A6#FFFFF84700000253
(1790953996.345694) can0 2A7#00004EADFFFFFD8E
(1790953996.349976) can0 2A1#0100010000000000
(1790953996.350067) can0 2A2#0000E2BF000014CE
(1790953996.350194) can0 2A3#0002DFBA0002BF20
(1790953996.350320) can0 2A4#000118C7FFFD54F4
(1790953996.350443) can0 2A5#0000133A0000135D
(1790953996.350568) can0 2A6#FFFFF84700000253
(1790953996.350698) can0 2A7#00004EADFFFFFD8E
(1790953996.354979) can0 2A1#0100010000000000
(1790953996.355099) can0 2A2#0000E2BF000014CE
(1790953996.355222) can0 2A3#0002DFBA0002BF20
(1790953996.355343) can0 2A4#000118C7FFFD54F4
(1790953996.355444) can0 2A5#0000133A0000135D
(1790953996.355569) can0 2A6#FFFFF84700000253
(1790953996.355693) can0 2A7#00004EADFFFFFD8E
(1790953996.359977) can0 2A1#0100010000000000
(1790953996.360067) can0 2A2#0000E2BF000014CE
(1790953996.360194) can0 2A3#0002DFBA0002BF20
(1790953996.360319) can0 2A4#000118C7FFFD54F4
(1790953996.360442) can0 2A5#0000133A0000135D
(1790953996.360544) can0 2A6#FFFFF84700000253
(1790953996.360668) can0 2A7#00004EADFFFFFD8E
(1790953996.364984) can0 2A1#0100010000000000
(1790953996.365092) can0 2A2#0000E2BF000014CE
(1790953996.365219) can0 2A3#0002DFBA0002BF20
(1790953996.365318) can0 2A4#000118C7FFFD54F4
(1790953996.365444) can0 2A5#0000133A0000135D
(1790953996.365566) can0 2A6#FFFFF84700000253
(1790953996.365695) can0 2A7#00004EADFFFFFD8E
(1790953996.369948) can0 2A1#0100010000000000
(1790953996.370067) can0 2A2#0000E2BF000014CE
(1790953996.370195) can0 2A3#0002DFBA0002BF20
(1790953996.370319) can0 2A4#000118C7FFFD54F4
(1790953996.370445) can0 2A5#0000133A0000135D
(1790953996.370569) can0 2A6#FFFFF84700000253
(1790953996.370693) can0 2A7#00004EADFFFFFD8E
(1790953996.375008) can0 2A1#0100010000000000
(1790953996.375094) can0 2A2#0000E2BF000014CE
(1790953996.375219) can0 2A3#0002DFBA0002BF20
(1790953996.375344) can0 2A4#000118C7FFFD54F4
(1790953996.375444) can0 2A5#0000133A0000135D
(1790953996.375570) can0 2A6#FFFFF84700000253
(1790953996.375693) can0 2A7#00004EADFFFFFD8E
(1790953996.379955) can0 2A1#0100010000000000
(1790953996.380068) can0 2A2#0000E2BF000014CE
(1790953996.380195) can0 2A3#0002DFBA0002BF20
(1790953996.380319) can0 2A4#000118C7FFFD54F4
(1790953996.380443) can0 2A5#0000133A0000135D
(1790953996.380570) can0 2A6#FFFFF84700000253
(1790953996.380694) can0 2A7#00004EADFFFFFD8E
(1790953996.384998) can0 2A1#0100010000000000
(1790953996.385092) can0 2A2#0000E2BF000014CE
(1790953996.385219) can0 2A3#0002DFBA0002BF20
(1790953996.385545) can0 2A4#000118C7FFFD54F4
(1790953996.385548) can0 2A5#0000133A0000135D
(1790953996.385569) can0 2A6#FFFFF84700000253
(1790953996.385696) can0 2A7#00004EADFFFFFD8E
(1790953996.389979) can0 2A1#0100010000000000
(1790953996.390096) can0 2A2#0000E2BF000014CE
(1790953996.390191) can0 2A3#0002DFBA0002BF20
(1790953996.390318) can0 2A4#000118C7FFFD54F4
(1790953996.390443) can0 2A5#0000133A0000135D
(1790953996.390569) can0 2A6#FFFFF84700000253
(1790953996.390666) can0 2A7#00004EADFFFFFD8E
(1790953996.394982) can0 2A1#0100010000000000
(1790953996.395095) can0 2A2#0000E2BF000014CE
(1790953996.395217) can0 2A3#0002DFBA0002BF20
(1790953996.395320) can0 2A4#000118C7FFFD54F4
(1790953996.395442) can0 2A5#0000133A0000135D
(1790953996.395570) can0 2A6#FFFFF84700000253
(1790953996.395696) can0 2A7#00004EADFFFFFD8E
(1790953996.399980) can0 2A1#0100010000000000
(1790953996.400101) can0 2A2#0000E2BF000014CE
(1790953996.400195) can0 2A3#0002DFBA0002BF20
(1790953996.400326) can0 2A4#000118C7FFFD54F4
(1790953996.400445) can0 2A5#0000133A0000135D
(1790953996.400586) can0 2A6#FFFFF84700000253
(1790953996.400674) can0 2A7#00004EADFFFFFD8E
(1790953996.405010) can0 2A1#0100010000000000
(1790953996.405099) can0 2A2#0000E2BF000014CE
(1790953996.405219) can0 2A3#0002DFBA0002BF20
(1790953996.405322) can0 2A4#000118C7FFFD54F4
(1790953996.405446) can0 2A5#0000133A0000135D
(1790953996.405571) can0 2A6#FFFFF84700000253
(1790953996.405695) can0 2A7#00004EADFFFFFD8E
(1790953996.409993) can0 2A1#0100010000000000
(1790953996.410075) can0 2A2#0000E2BF000014CE
(1790953996.410199) can0 2A3#0002DFBA0002BF20
(1790953996.410322) can0 2A4#000118C7FFFD54F4
(1790953996.410444) can0 2A5#0000133A0000135D
(1790953996.410570) can0 2A6#FFFFF84700000253
(1790953996.410699) can0 2A7#00004EADFFFFFD8E
(1790953996.414992) can0 2A1#0100010000000000
(1790953996.415096) can0 2A2#0000E2BF000014CE
(1790953996.415221) can0 2A3#0002DFBA0002BF20
(1790953996.415348) can0 2A4#000118C7FFFD54F4
(1790953996.415446) can0 2A5#0000133A0000135D
(1790953996.415570) can0 2A6#FFFFF84700000253
(1790953996.415694) can0 2A7#00004EADFFFFFD8E
(1790953996.419958) can0 2A1#0100010000000000
(1790953996.420071) can0 2A2#0000E2BF000014CE
(1790953996.420195) can0 2A3#0002DFBA0002BF20
(1790953996.420319) can0 2A4#000118C7FFFD54F4
(1790953996.420446) can0 2A5#0000133A0000135D
(1790953996.420571) can0 2A6#FFFFF84700000253
(1790953996.420695) can0 2A7#00004EADFFFFFD8E
(1790953996.424977) can0 2A1#0100010000000000
(1790953996.425091) can0 2A2#0000E2BF000014CE
(1790953996.425218) can0 2A3#0002DFBA0002BF20
(1790953996.425342) can0 2A4#000118C7FFFD54F4
(1790953996.425466) can0 2A5#0000133A0000135D
(1790953996.425566) can0 2A6#FFFFF84700000253
(1790953996.425695) can0 2A7#00004EADFFFFFD8E
(1790953996.429943) can0 2A1#0100010000000000
(1790953996.430067) can0 2A2#0000E2BF000014CE
(1790953996.430196) can0 2A3#0002DFBA0002BF20
(1790953996.430319) can0 2A4#000118C7FFFD54F4
(1790953996.430442) can0 2A5#0000133A0000135D
(1790953996.430567) can0 2A6#FFFFF84700000253
(1790953996.430693) can0 2A7#00004EADFFFFFD8E
(1790953996.434992) can0 2A1#0100010000000000
(1790953996.435094) can0 2A2#0000E2BF000014CE
(1790953996.435219) can0 2A3#0002DFBA0002BF20
(1790953996.435317) can0 2A4#000118C7FFFD54F4
(1790953996.435444) can0 2A5#0000133A0000135D
(1790953996.435573) can0 2A6#FFFFF84700000253
(1790953996.435695) can0 2A7#00004EADFFFFFD8E
(1790953996.439973) can0 2A1#0100010000000000
(1790953996.440093) can0 2A2#0000E2BF000014CE
(1790953996.440192) can0 2A3#0002DFBA0002BF20
(1790953996.440318) can0 2A4#000118C7FFFD54F4
(1790953996.440443) can0 2A5#0000133A0000135D
(1790953996.440542) can0 2A6#FFFFF84700000253
(1790953996.440667) can0 2A7#00004EADFFFFFD8E
(1790953996.444988) can0 2A1#0100010000000000
(1790953996.445092) can0 2A2#0000E2BF000014CE
(1790953996.445219) can0 2A3#0002DFBA0002BF20
(1790953996.445318) can0 2A4#000118C7FFFD54F4
(1790953996.445442) can0 2A5#0000133A0000135D
(1790953996.445568) can0 2A6#FFFFF84700000253
(1790953996.445693) can0 2A7#00004EADFFFFFD8E
(1790953996.449998) can0 2A1#0100010000000000
(1790953996.450071) can0 2A2#0000E2BF000014CE
(1790953996.450196) can0 2A3#0002DFBA0002BF20
(1790953996.450323) can0 2A4#000118C7FFFD54F4
(1790953996.450446) can0 2A5#0000133A0000135D
(1790953996.450569) can0 2A6#FFFFF84700000253
(1790953996.450667) can0 2A7#00004EADFFFFFD8E
(1790953996.455010) can0 2A1#0100010000000000
(1790953996.455095) can0 2A2#0000E2BF000014CE
(1790953996.455221) can0 2A3#0002DFBA0002BF20
(1790953996.455318) can0 2A4#000118C7FFFD54F4
(1790953996.455443) can0 2A5#0000133A0000135D
(1790953996.455568) can0 2A6#FFFFF84700000253
(1790953996.455692) can0 2A7#00004EADFFFFFD8E
(1790953996.460195) can0 2A1#0100010000000000
(1790953996.460206) can0 2A2#0000E2BF000014CE
(1790953996.460208) can0 2A3#0002DFBA0002BF20
(1790953996.460321) can0 2A4#000118C7FFFD54F4
(1790953996.460458) can0 2A5#0000133A0000135D
(1790953996.460578) can0 2A6#FFFFF84700000253
(1790953996.460700) can0 2A7#00004EADFFFFFD8E
(1790953996.464991) can0 2A1#0100010000000000
(1790953996.465093) can0 2A2#0000E2BF000014CE
(1790953996.465218) can0 2A3#0002DFBA0002BF20
(1790953996.465343) can0 2A4#000118C7FFFD54F4
(1790953996.465468) can0 2A5#0000133A0000135D
(1790953996.465566) can0 2A6#FFFFF84700000253
(1790953996.465692) can0 2A7#00004EADFFFFFD8E
(1790953996.469977) can0 2A1#0100010000000000
(1790953996.470073) can0 2A2#0000E2BF000014CE
(1790953996.470195) can0 2A3#0002DFBA0002BF20
(1790953996.470319) can0 2A4#000118C7FFFD54F4
(1790953996.470443) can0 2A5#0000133A0000135D
(1790953996.470568) can0 2A6#FFFFF84700000253
(1790953996.470695) can0 2A7#00004EADFFFFFD8E
(1790953996.474999) can0 2A1#0100010000000000
(1790953996.475095) can0 2A2#0000E2BF000014CE
(1790953996.475219) can0 2A3#0002DFBA0002BF20
(1790953996.475343) can0 2A4#000118C7FFFD54F4
(1790953996.475443) can0 2A5#0000133A0000135D
(1790953996.475569) can0 2A6#FFFFF84700000253
(1790953996.475694) can0 2A7#00004EADFFFFFD8E
(1790953996.480011) can0 2A1#0100010000000000
(1790953996.480092) can0 2A2#0000E2BF000014CE
(1790953996.480192) can0 2A3#0002DFBA0002BF20
(1790953996.480320) can0 2A4#000118C7FFFD54F4
(1790953996.480444) can0 2A5#0000133A0000135D
(1790953996.480544) can0 2A6#FFFFF84700000253
(1790953996.480667) can0 2A7#00004EADFFFFFD8E
(1790953996.484992) can0 2A1#0100010000000000
(1790953996.485094) can0 2A2#0000E2BF000014CE
(1790953996.485218) can0 2A3#0002DFBA0002BF20
(1790953996.485348) can0 2A4#000118C7FFFD54F4
(1790953996.485443) can0 2A5#0000133A0000135D
(1790953996.485570) can0 2A6#FFFFF84700000253
(1790953996.485695) can0 2A7#00004EADFFFFFD8E
(1790953996.489978) can0 2A1#0100010000000000
(1790953996.490068) can0 2A2#0000E2BF000014CE
(1790953996.490217) can0 2A3#0002DFBA0002BF20
(1790953996.490316) can0 2A4#000118C7FFFD54F4
(1790953996.490443) can0 2A5#0000133A0000135D
(1790953996.490571) can0 2A6#FFFFF84700000253
(1790953996.490669) can0 2A7#00004EADFFFFFD8E
(1790953996.494997) can0 2A1#0100010000000000
(1790953996.495101) can0 2A2#0000E2BF000014CE
(1790953996.495219) can0 2A3#0002DFBA0002BF20
(1790953996.495344) can0 2A4#000118C7FFFD54F4
(1790953996.495467) can0 2A5#0000133A0000135D
(1790953996.495568) can0 2A6#FFFFF84700000253
(1790953996.495692) can0 2A7#00004EADFFFFFD8E
(1790953996.499955) can0 2A1#0100010000000000
(1790953996.500069) can0 2A2#0000E2BF000014CE
(1790953996.500194) can0 2A3#0002DFBA0002BF20
(1790953996.500316) can0 2A4#000118C7FFFD54F4
(1790953996.500441) can0 2A5#0000133A0000135D
(1790953996.500568) can0 2A6#FFFFF84700000253
(1790953996.500698) can0 2A7#00004EADFFFFFD8E
(1790953996.505003) can0 2A1#0100010000000000
(1790953996.505097) can0 2A2#0000E2BF000014CE
(1790953996.505193) can0 2A3#0002DFBA0002BF20
(1790953996.505319) can0 2A4#000118C7FFFD54F4
(1790953996.505445) can0 2A5#0000133A0000135D
(1790953996.505570) can0 2A6#FFFFF84700000253
(1790953996.505695) can0 2A7#00004EADFFFFFD8E
(1790953996.509993) can0 2A1#0100010000000000
(1790953996.510069) can0 2A2#0000E2BF000014CE
(1790953996.510217) can0 2A3#0002DFBA0002BF20
(1790953996.510320) can0 2A4#000118C7FFFD54F4
(1790953996.510446) can0 2A5#0000133A0000135D
(1790953996.510568) can0 2A6#FFFFF84700000253
(1790953996.510693) can0 2A7#00004EADFFFFFD8E
(1790953996.514985) can0 2A1#0100010000000000
(1790953996.515094) can0 2A2#0000E2BF000014CE
(1790953996.515219) can0 2A3#0002DFBA0002BF20
(1790953996.515318) can0 2A4#000118C7FFFD54F4
(1790953996.515442) can0 2A5#0000133A0000135D
(1790953996.515568) can0 2A6#FFFFF84700000253
(1790953996.515702) can0 2A7#00004EADFFFFFD8E
(1790953996.519987) can0 2A1#0100010000000000
(1790953996.520067) can0 2A2#0000E2BF000014CE
(1790953996.520192) can0 2A3#0002DFBA0002BF20
(1790953996.520320) can0 2A4#000118C7FFFD54F4
(1790953996.520444) can0 2A5#0000133A0000135D
(1790953996.520574) can0 2A6#FFFFF84700000253
(1790953996.520693) can0 2A7#00004EADFFFFFD8E
(1790953996.524982) can0 2A1#0100010000000000
(1790953996.525092) can0 2A2#0000E2BF000014CE
(1790953996.525221) can0 2A3#0002DFBA0002BF20
(1790953996.525346) can0 2A4#000118C7FFFD54F4
(1790953996.525444) can0 2A5#0000133A0000135D
(1790953996.525570) can0 2A6#FFFFF84700000253
(1790953996.525694) can0 2A7#00004EADFFFFFD8E
(1790953996.529980) can0 2A1#0100010000000000
(1790953996.530092) can0 2A2#0000E2BF000014CE
(1790953996.530219) can0 2A3#0002DFBA0002BF20
(1790953996.530320) can0 2A4#000118C7FFFD54F4
(1790953996.530445) can0 2A5#0000133A0000135D
(1790953996.530568) can0 2A6#FFFFF84700000253
(1790953996.530671) can0 2A7#00004EADFFFFFD8E
(1790953996.534972) can0 2A1#0100010000000000
(1790953996.535091) can0 2A2#0000E2BF000014CE
(1790953996.535215) can0 2A3#0002DFBA0002BF20
(1790953996.535340) can0 2A4#000118C7FFFD54F4
(1790953996.535466) can0 2A5#0000133A0000135D
(1790953996.535565) can0 2A6#FFFFF84700000253
(1790953996.535693) can0 2A7#00004EADFFFFFD8E
(1790953996.539999) can0 2A1#0100010000000000
(1790953996.540096) can0 2A2#0000E2BF000014CE
(1790953996.540192) can0 2A3#0002DFBA0002BF20
(1790953996.540320) can0 2A4#000118C7FFFD54F4
(1790953996.540524) can0 2A5#0000133A0000135D
(1790953996.540566) can0 2A6#FFFFF84700000253
(1790953996.540692) can0 2A7#00004EADFFFFFD8E
(1790953996.544996) can0 2A1#0100010000000000
(1790953996.545094) can0 2A2#0000E2BF000014CE
(1790953996.545220) can0 2A3#0002DFBA0002BF20
(1790953996.545344) can0 2A4#000118C7FFFD54F4
(1790953996.545443) can0 2A5#0000133A0000135D
(1790953996.545569) can0 2A6#FFFFF84700000253
(1790953996.545693) can0 2A7#00004EADFFFFFD8E
(1790953996.549958) can0 2A1#0100010000000000
(1790953996.550066) can0 2A2#0000E2BF000014CE
(1790953996.550194) can0 2A3#0002DFBA0002BF20
(1790953996.550319) can0 2A4#000118C7FFFD54F4
(1790953996.550441) can0 2A5#0000133A0000135D
(1790953996.550568) can0 2A6#FFFFF84700000253
(1790953996.550692) can0 2A7#00004EADFFFFFD8E
(1790953996.555029) can0 2A1#0100010000000000
(1790953996.555140) can0 2A2#0000E2BF000014CE
(1790953996.555217) can0 2A3#0002DFBA0002BF20
(1790953996.555343) can0 2A4#000118C7FFFD54F4
(1790953996.555442) can0 2A5#0000133A0000135D
(1790953996.555567) can0 2A6#FFFFF84700000253
(1790953996.555694) can0 2A7#00004EADFFFFFD8E
(1790953996.559946) can0 2A1#0100010000000000
(1790953996.560066) can0 2A2#0000E2BF000014CE
(1790953996.560194) can0 2A3#0002DFBA0002BF20
(1790953996.560316) can0 2A4#000118C7FFFD54F4
(1790953996.560448) can0 2A5#0000133A0000135D
(1790953996.560568) can0 2A6#FFFFF84700000253
(1790953996.560691) can0 2A7#00004EADFFFFFD8E
(1790953996.564979) can0 2A1#0100010000000000
(1790953996.565091) can0 2A2#0000E2BF000014CE
(1790953996.565217) can0 2A3#0002DFBA0002BF20
(1790953996.565349) can0 2A4#000118C7FFFD54F4
(1790953996.565467) can0 2A5#0000133A0000135D
(1790953996.565567) can0 2A6#FFFFF84700000253
(1790953996.565693) can0 2A7#00004EADFFFFFD8E
(1790953996.569961) can0 2A1#0100010000000000
(1790953996.570072) can0 2A2#0000E2BF000014CE
(1790953996.570194) can0 2A3#0002DFBA0002BF20
(1790953996.570319) can0 2A4#000118C7FFFD54F4
(1790953996.570444) can0 2A5#0000133A0000135D
(1790953996.570569) can0 2A6#FFFFF84700000253
(1790953996.570696) can0 2A7#00004EADFFFFFD8E
(1790953996.574989) can0 2A1#0100010000000000
(1790953996.575096) can0 2A2#0000E2BF000014CE
(1790953996.575222) can0 2A3#0002DFBA0002BF20
(1790953996.575319) can0 2A4#000118C7FFFD54F4
(1790953996.575442) can0 2A5#0000133A0000135D
(1790953996.575568) can0 2A6#FFFFF84700000253
(1790953996.575694) can0 2A7#00004EADFFFFFD8E
(1790953996.579974) can0 2A1#0100010000000000
(1790953996.580094) can0 2A2#0000E2BF000014CE
(1790953996.580193) can0 2A3#0002DFBA0002BF20
(1790953996.580318) can0 2A4#000118C7FFFD54F4
(1790953996.580444) can0 2A5#0000133A0000135D
(1790953996.580544) can0 2A6#FFFFF84700000253
(1790953996.580667) can0 2A7#00004EADFFFFFD8E
(1790953996.584978) can0 2A1#0100010000000000
(1790953996.585096) can0 2A2#0000E2BF000014CE
(1790953996.585221) can0 2A3#0002DFBA0002BF20
(1790953996.585325) can0 2A4#000118C7FFFD54F4
(1790953996.585446) can0 2A5#0000133A0000135D
(1790953996.585569) can0 2A6#FFFFF84700000253
(1790953996.585700) can0 2A7#00004EADFFFFFD8E
(1790953996.589971) can0 2A1#0100010000000000
(1790953996.590070) can0 2A2#0000E2BF000014CE
(1790953996.590193) can0 2A3#0002DFBA0002BF20
(1790953996.590319) can0 2A4#000118C7FFFD54F4
(1790953996.590445) can0 2A5#0000133A0000135D
(1790953996.590569) can0 2A6#FFFFF84700000253
(1790953996.590698) can0 2A7#00004EADFFFFFD8E
(1790953996.594999) can0 2A1#0100010000000000
(1790953996.595101) can0 2A2#0000E2BF000014CE
(1790953996.595220) can0 2A3#0002DFBA0002BF20
(1790953996.595344) can0 2A4#000118C7FFFD54F4
(1790953996.595471) can0 2A5#0000133A0000135D
(1790953996.595570) can0 2A6#FFFFF84700000253
(1790953996.595696) can0 2A7#00004EADFFFFFD8E
(1790953996.599946) can0 2A1#0100010000000000
(1790953996.600067) can0 2A2#0000E2BF000014CE
(1790953996.600218) can0 2A3#0002DFBA0002BF20
(1790953996.600319) can0 2A4#000118C7FFFD54F4
(1790953996.600443) can0 2A5#0000133A0000135D
(1790953996.600568) can0 2A6#FFFFF84700000253
(1790953996.600694) can0 2A7#00004EADFFFFFD8E
(1790953996.604981) can0 2A1#0100010000000000
(1790953996.605096) can0 2A2#0000E2BF000014CE
(1790953996.605220) can0 2A3#0002DFBA0002BF20
(1790953996.605344) can0 2A4#000118C7FFFD54F4
(1790953996.605469) can0 2A5#0000133A0000135D
(1790953996.605567) can0 2A6#FFFFF84700000253
(1790953996.605692) can0 2A7#00004EADFFFFFD8E
(1790953996.609950) can0 2A1#0100010000000000
(1790953996.610067) can0 2A2#0000E2BF000014CE
(1790953996.610217) can0 2A3#0002DFBA0002BF20
(1790953996.610317) can0 2A4#000118C7FFFD54F4
(1790953996.610442) can0 2A5#0000133A0000135D
(1790953996.610569) can0 2A6#FFFFF84700000253
(1790953996.610693) can0 2A7#00004EADFFFFFD8E
(1790953996.614972) can0 2A1#0100010000000000
(1790953996.615092) can0 2A2#0000E2BF000014CE
(1790953996.615218) can0 2A3#0002DFBA0002BF20
(1790953996.615342) can0 2A4#000118C7FFFD54F4
(1790953996.615440) can0 2A5#0000133A0000135D
(1790953996.615567) can0 2A6#FFFFF84700000253
(1790953996.615692) can0 2A7#00004EADFFFFFD8E
(1790953996.619975) can0 2A1#0100010000000000
(1790953996.620083) can0 2A2#0000E2BF000014CE
(1790953996.620193) can0 2A3#0002DFBA0002BF20
(1790953996.620318) can0 2A4#000118C7FFFD54F4
(1790953996.620461) can0 2A5#0000133A0000135D
(1790953996.620572) can0 2A6#FFFFF84700000253
(1790953996.620696) can0 2A7#00004EADFFFFFD8E
(1790953996.624986) can0 2A1#0100010000000000
(1790953996.625101) can0 2A2#0000E2BF000014CE
(1790953996.625220) can0 2A3#0002DFBA0002BF20
(1790953996.625343) can0 2A4#000118C7FFFD54F4
(1790953996.625468) can0 2A5#0000133A0000135D
(1790953996.625569) can0 2A6#FFFFF84700000253
(1790953996.625694) can0 2A7#00004EADFFFFFD8E
(1790953996.629972) can0 2A1#0100010000000000
(1790953996.630098) can0 2A2#0000E2BF000014CE
(1790953996.630193) can0 2A3#0002DFBA0002BF20
(1790953996.630318) can0 2A4#000118C7FFFD54F4
(1790953996.630443) can0 2A5#0000133A0000135D
(1790953996.630570) can0 2A6#FFFFF84700000253
(1790953996.630670) can0 2A7#00004EADFFFFFD8E
(1790953996.634975) can0 2A1#0100010000000000
(1790953996.635094) can0 2A2#0000E2BF000014CE
(1790953996.635220) can0 2A3#0002DFBA0002BF20
(1790953996.635318) can0 2A4#000118C7FFFD54F4
(1790953996.635444) can0 2A5#0000133A0000135D
(1790953996.635569) can0 2A6#FFFFF84700000253
(1790953996.635693) can0 2A7#00004EADFFFFFD8E
(1790953996.639953) can0 2A1#0100010000000000
(1790953996.640072) can0 2A2#0000E2BF000014CE
(1790953996.640196) can0 2A3#0002DFBA0002BF20
(1790953996.640324) can0 2A4#000118C7FFFD54F4
(1790953996.640446) can0 2A5#0000133A0000135D
(1790953996.640571) can0 2A6#FFFFF84700000253
(1790953996.640697) can0 2A7#00004EADFFFFFD8E
(1790953996.644984) can0 2A1#0100010000000000
(1790953996.645101) can0 2A2#0000E2BF000014CE
(1790953996.645225) can0 2A3#0002DFBA0002BF20
(1790953996.645345) can0 2A4#000118C7FFFD54F4
(1790953996.645468) can0 2A5#0000133A0000135D
(1790953996.645567) can0 2A6#FFFFF84700000253
(1790953996.645697) can0 2A7#00004EADFFFFFD8E
(1790953996.649998) can0 2A1#0100010000000000
(1790953996.650101) can0 2A2#0000E2BF000014CE
(1790953996.650221) can0 2A3#0002DFBA0002BF20
(1790953996.650324) can0 2A4#000118C7FFFD54F4
(1790953996.650445) can0 2A5#0000133A0000135D
(1790953996.650572) can0 2A6#FFFFF84700000253
(1790953996.650698) can0 2A7#00004EADFFFFFD8E
(1790953996.655002) can0 2A1#0100010000000000
(1790953996.655098) can0 2A2#0000E2BF000014CE
(1790953996.655221) can0 2A3#0002DFBA0002BF20
(1790953996.655345) can0 2A4#000118C7FFFD54F4
(1790953996.655471) can0 2A5#0000133A0000135D
(1790953996.655570) can0 2A6#FFFFF84700000253
(1790953996.655695) can0 2A7#00004EADFFFFFD8E
(1790953996.659987) can0 2A1#0100010000000000
(1790953996.660069) can0 2A2#0000E2BF000014CE
(1790953996.660199) can0 2A3#0002DFBA0002BF20
(1790953996.660320) can0 2A4#000118C7FFFD54F4
(1790953996.660444) can0 2A5#0000133A0000135D
(1790953996.660569) can0 2A6#FFFFF84700000253
(1790953996.660692) can0 2A7#00004EADFFFFFD8E
(1790953996.664990) can0 2A1#0100010000000000
(1790953996.665091) can0 2A2#0000E2BF000014CE
(1790953996.665218) can0 2A3#0002DFBA0002BF20
(1790953996.665343) can0 2A4#000118C7FFFD54F4
(1790953996.665467) can0 2A5#0000133A0000135D
(1790953996.665568) can0 2A6#FFFFF84700000253
(1790953996.665692) can0 2A7#00004EADFFFFFD8E
(1790953996.669986) can0 2A1#0100010000000000
(1790953996.670070) can0 2A2#0000E2BF000014CE
(1790953996.670194) can0 2A3#0002DFBA0002BF20
(1790953996.670319) can0 2A4#000118C7FFFD54F4
(1790953996.670445) can0 2A5#0000133A0000135D
(1790953996.670568) can0 2A6#FFFFF84700000253
(1790953996.670693) can0 2A7#00004EADFFFFFD8E
(1790953996.674982) can0 2A1#0100010000000000
(1790953996.675100) can0 2A2#0000E2BF000014CE
(1790953996.675219) can0 2A3#0002DFBA0002BF20
(1790953996.675341) can0 2A4#000118C7FFFD54F4
(1790953996.675465) can0 2A5#0000133A0000135D
(1790953996.675567) can0 2A6#FFFFF84700000253
(1790953996.675692) can0 2A7#00004EADFFFFFD8E
(1790953996.679971) can0 2A1#0100010000000000
(1790953996.680066) can0 2A2#0000E2BF000014CE
(1790953996.680191) can0 2A3#0002DFBA0002BF20
(1790953996.680318) can0 2A4#000118C7FFFD54F4
(1790953996.680444) can0 2A5#0000133A0000135D
(1790953996.680566) can0 2A6#FFFFF84700000253
(1790953996.680693) can0 2A7#00004EADFFFFFD8E
(1790953996.684969) can0 2A1#0100010000000000
(1790953996.685092) can0 2A2#0000E2BF000014CE
(1790953996.685216) can0 2A3#0002DFBA0002BF20
(1790953996.685342) can0 2A4#000118C7FFFD54F4
(1790953996.685467) can0 2A5#0000133A0000135D
(1790953996.685566) can0 2A6#FFFFF84700000253
(1790953996.685692) can0 2A7#00004EADFFFFFD8E
(1790953996.689991) can0 2A1#0100010000000000
(1790953996.690068) can0 2A2#0000E2BF000014CE
(1790953996.690194) can0 2A3#0002DFBA0002BF20
(1790953996.690318) can0 2A4#000118C7FFFD54F4
(1790953996.690445) can0 2A5#0000133A0000135D
(1790953996.690569) can0 2A6#FFFFF84700000253
(1790953996.690694) can0 2A7#00004EADFFFFFD8E
(1790953996.694968) can0 2A1#0100010000000000
(1790953996.695096) can0 2A2#0000E2BF000014CE
(1790953996.695219) can0 2A3#0002DFBA0002BF20
(1790953996.695342) can0 2A4#000118C7FFFD54F4
(1790953996.695443) can0 2A5#0000133A0000135D
(1790953996.695570) can0 2A6#FFFFF84700000253
(1790953996.695694) can0 2A7#00004EADFFFFFD8E
(1790953996.699952) can0 2A1#0100010000000000
(1790953996.700068) can0 2A2#0000E2BF000014CE
(1790953996.700194) can0 2A3#0002DFBA0002BF20
(1790953996.700318) can0 2A4#000118C7FFFD54F4
(1790953996.700442) can0 2A5#0000133A0000135D
(1790953996.700568) can0 2A6#FFFFF84700000253
(1790953996.700693) can0 2A7#00004EADFFFFFD8E
(1790953996.704987) can0 2A1#0100010000000000
(1790953996.705094) can0 2A2#0000E2BF000014CE
(1790953996.705194) can0 2A3#0002DFBA0002BF20
(1790953996.705343) can0 2A4#000118C7FFFD54F4
(1790953996.705468) can0 2A5#0000133A0000135D
(1790953996.705568) can0 2A6#FFFFF84700000253
(1790953996.705693) can0 2A7#00004EADFFFFFD8E
(1790953996.709976) can0 2A1#0100010000000000
(1790953996.710094) can0 2A2#0000E2BF000014CE
(1790953996.710193) can0 2A3#0002DFBA0002BF20
(1790953996.710321) can0 2A4#000118C7FFFD54F4
(1790953996.710444) can0 2A5#0000133A0000135D
(1790953996.710542) can0 2A6#FFFFF84700000253
(1790953996.710669) can0 2A7#00004EADFFFFFD8E
(1790953996.714984) can0 2A1#0100010000000000
(1790953996.715095) can0 2A2#0000E2BF000014CE
(1790953996.715218) can0 2A3#0002DFBA0002BF20
(1790953996.715317) can0 2A4#000118C7FFFD54F4
(1790953996.715442) can0 2A5#0000133A0000135D
(1790953996.715568) can0 2A6#FFFFF84700000253
(1790953996.715692) can0 2A7#00004EADFFFFFD8E
(1790953996.719985) can0 2A1#0100010000000000
(1790953996.720100) can0 2A2#0000E2BF000014CE
(1790953996.720196) can0 2A3#0002DFBA0002BF20
(1790953996.720321) can0 2A4#000118C7FFFD54F4
(1790953996.720444) can0 2A5#0000133A0000135D
(1790953996.720569) can0 2A6#FFFFF84700000253
(1790953996.720668) can0 2A7#00004EADFFFFFD8E
(1790953996.725010) can0 2A1#0100010000000000
(1790953996.725094) can0 2A2#0000E2BF000014CE
(1790953996.725220) can0 2A3#0002DFBA0002BF20
(1790953996.725344) can0 2A4#000118C7FFFD54F4
(1790953996.725445) can0 2A5#0000133A0000135D
(1790953996.725570) can0 2A6#FFFFF84700000253
(1790953996.725693) can0 2A7#00004EADFFFFFD8E
(1790953996.729960) can0 2A1#0100010000000000
(1790953996.730072) can0 2A2#0000E2BF000014CE
(1790953996.730196) can0 2A3#0002DFBA0002BF20
(1790953996.730319) can0 2A4#000118C7FFFD54F4
(1790953996.730443) can0 2A5#0000133A0000135D
(1790953996.730570) can0 2A6#FFFFF84700000253
(1790953996.730695) can0 2A7#00004EADFFFFFD8E
(1790953996.734994) can0 2A1#0100010000000000
(1790953996.735095) can0 2A2#0000E2BF000014CE
(1790953996.735220) can0 2A3#0002DFBA0002BF20
(1790953996.735346) can0 2A4#000118C7FFFD54F4
(1790953996.735471) can0 2A5#0000133A0000135D
(1790953996.735571) can0 2A6#FFFFF84700000253
(1790953996.735695) can0 2A7#00004EADFFFFFD8E
(1790953996.739996) can0 2A1#0100010000000000
(1790953996.740093) can0 2A2#0000E2BF000014CE
(1790953996.740196) can0 2A3#0002DFBA0002BF20
(1790953996.740317) can0 2A4#000118C7FFFD54F4
(1790953996.740443) can0 2A5#0000133A0000135D
(1790953996.740543) can0 2A6#FFFFF84700000253
(1790953996.740693) can0 2A7#00004EADFFFFFD8E
(1790953996.744975) can0 2A1#0100010000000000
(1790953996.745094) can0 2A2#0000E2BF000014CE
(1790953996.745196) can0 2A3#0002DFBA0002BF20
(1790953996.745344) can0 2A4#000118C7FFFD54F4
(1790953996.745452) can0 2A5#0000133A0000135D
(1790953996.745569) can0 2A6#FFFFF84700000253
(1790953996.745694) can0 2A7#00004EADFFFFFD8E
(1790953996.749970) can0 2A1#0100010000000000
(1790953996.750065) can0 2A2#0000E2BF000014CE
(1790953996.750215) can0 2A3#0002DFBA0002BF20
(1790953996.750315) can0 2A4#000118C7FFFD54F4
(1790953996.750440) can0 2A5#0000133A0000135D
(1790953996.750565) can0 2A6#FFFFF84700000253
(1790953996.750692) can0 2A7#00004EADFFFFFD8E
(1790953996.755041) can0 2A1#0100010000000000
(1790953996.755093) can0 2A2#0000E2BF000014CE
(1790953996.755217) can0 2A3#0002DFBA0002BF20
(1790953996.755345) can0 2A4#000118C7FFFD54F4
(1790953996.755468) can0 2A5#0000133A0000135D
(1790953996.755593) can0 2A6#FFFFF84700000253
(1790953996.755693) can0 2A7#00004EADFFFFFD8E
(1790953996.759949) can0 2A1#0100010000000000
(1790953996.760093) can0 2A2#0000E2BF000014CE
(1790953996.760217) can0 2A3#0002DFBA0002BF20
(1790953996.760316) can0 2A4#000118C7FFFD54F4
(1790953996.760440) can0 2A5#0000133A0000135D
(1790953996.760565) can0 2A6#FFFFF84700000253
(1790953996.760690) can0 2A7#00004EADFFFFFD8E
(1790953996.764992) can0 2A1#0100010000000000
(1790953996.765093) can0 2A2#0000E2BF000014CE
(1790953996.765217) can0 2A3#0002DFBA0002BF20
(1790953996.765341) can0 2A4#000118C7FFFD54F4
(1790953996.765466) can0 2A5#0000133A0000135D
(1790953996.765566) can0 2A6#FFFFF84700000253
(1790953996.765691) can0 2A7#00004EADFFFFFD8E
(1790953996.769980) can0 2A1#0100010000000000
(1790953996.770093) can0 2A2#0000E2BF000014CE
(1790953996.770195) can0 2A3#0002DFBA0002BF20
(1790953996.770318) can0 2A4#000118C7FFFD54F4
(1790953996.770441) can0 2A5#0000133A0000135D
(1790953996.770567) can0 2A6#FFFFF84700000253
(1790953996.770752) can0 2A7#00004EADFFFFFD8E
(1790953996.774982) can0 2A1#0100010000000000
(1790953996.775093) can0 2A2#0000E2BF000014CE
(1790953996.775216) can0 2A3#0002DFBA0002BF20
(1790953996.775341) can0 2A4#000118C7FFFD54F4
(1790953996.775468) can0 2A5#0000133A0000135D
(1790953996.775569) can0 2A6#FFFFF84700000253
(1790953996.775697) can0 2A7#00004EADFFFFFD8E
(1790953996.779973) can0 2A1#0100010000000000
(1790953996.780093) can0 2A2#0000E2BF000014CE
(1790953996.780217) can0 2A3#0002DFBA0002BF20
(1790953996.780318) can0 2A4#000118C7FFFD54F4
(1790953996.780443) can0 2A5#0000133A0000135D
(1790953996.780567) can0 2A6#FFFFF84700000253
(1790953996.780692) can0 2A7#00004EADFFFFFD8E
(1790953996.784979) can0 2A1#0100010000000000
(1790953996.785093) can0 2A2#0000E2BF000014CE
(1790953996.785223) can0 2A3#0002DFBA0002BF20
(1790953996.785342) can0 2A4#000118C7FFFD54F4
(1790953996.785466) can0 2A5#0000133A0000135D
(1790953996.785566) can0 2A6#FFFFF84700000253
(1790953996.785692) can0 2A7#00004EADFFFFFD8E
(1790953996.789988) can0 2A1#0100010000000000
(1790953996.790075) can0 2A2#0000E2BF000014CE
(1790953996.790194) can0 2A3#0002DFBA0002BF20
(1790953996.790318) can0 2A4#000118C7FFFD54F4
(1790953996.790442) can0 2A5#0000133A0000135D
(1790953996.790576) can0 2A6#FFFFF84700000253
(1790953996.790696) can0 2A7#00004EADFFFFFD8E
(1790953996.794989) can0 2A1#0100010000000000
(1790953996.795098) can0 2A2#0000E2BF000014CE
(1790953996.795223) can0 2A3#0002DFBA0002BF20
(1790953996.795344) can0 2A4#000118C7FFFD54F4
(1790953996.795469) can0 2A5#0000133A0000135D
(1790953996.795577) can0 2A6#FFFFF84700000253
(1790953996.795693) can0 2A7#00004EADFFFFFD8E
(1790953996.799967) can0 2A1#0100010000000000
(1790953996.800067) can0 2A2#0000E2BF000014CE
(1790953996.800192) can0 2A3#0002DFBA0002BF20
(1790953996.800317) can0 2A4#000118C7FFFD54F4
(1790953996.800443) can0 2A5#0000133A0000135D
(1790953996.800569) can0 2A6#FFFFF84700000253
(1790953996.800692) can0 2A7#00004EADFFFFFD8E
(1790953996.805008) can0 2A1#0100010000000000
(1790953996.805096) can0 2A2#0000E2BF000014CE
(1790953996.805220) can0 2A3#0002DFBA0002BF20
(1790953996.805347) can0 2A4#000118C7FFFD54F4
(1790953996.805470) can0 2A5#0000133A0000135D
(1790953996.805569) can0 2A6#FFFFF84700000253
(1790953996.805696) can0 2A7#00004EADFFFFFD8E
(1790953996.809978) can0 2A1#0100010000000000
(1790953996.810098) can0 2A2#0000E2BF000014CE
(1790953996.810196) can0 2A3#0002DFBA0002BF20
(1790953996.810319) can0 2A4#000118C7FFFD54F4
(1790953996.810445) can0 2A5#0000133A0000135D
(1790953996.810569) can0 2A6#FFFFF84700000253
(1790953996.810670) can0 2A7#00004EADFFFFFD8E
(1790953996.815010) can0 2A1#0100010000000000
(1790953996.815093) can0 2A2#0000E2BF000014CE
(1790953996.815220) can0 2A3#0002DFBA0002BF20
(1790953996.815341) can0 2A4#000118C7FFFD54F4
(1790953996.815466) can0 2A5#0000133A0000135D
(1790953996.815567) can0 2A6#FFFFF84700000253
(1790953996.815693) can0 2A7#00004EADFFFFFD8E
(1790953996.819975) can0 2A1#0100010000000000
(1790953996.820069) can0 2A2#0000E2BF000014CE
(1790953996.820221) can0 2A3#0002DFBA0002BF20
(1790953996.820317) can0 2A4#000118C7FFFD54F4
(1790953996.820442) can0 2A5#0000133A0000135D
(1790953996.820569) can0 2A6#FFFFF84700000253
(1790953996.820710) can0 2A7#00004EADFFFFFD8E
(1790953996.824974) can0 2A1#0100010000000000
(1790953996.825094) can0 2A2#0000E2BF000014CE
(1790953996.825220) can0 2A3#0002DFBA0002BF20
(1790953996.825346) can0 2A4#000118C7FFFD54F4
(1790953996.825471) can0 2A5#0000133A0000135D
(1790953996.825571) can0 2A6#FFFFF84700000253
(1790953996.825695) can0 2A7#00004EADFFFFFD8E
(1790953996.829972) can0 2A1#0100010000000000
(1790953996.830094) can0 2A2#0000E2BF000014CE
(1790953996.830219) can0 2A3#0002DFBA0002BF20
(1790953996.830320) can0 2A4#000118C7FFFD54F4
(1790953996.830456) can0 2A5#0000133A0000135D
(1790953996.830573) can0 2A6#FFFFF84700000253
(1790953996.830695) can0 2A7#00004EADFFFFFD8E
(1790953996.834978) can0 2A1#0100010000000000
(1790953996.835095) can0 2A2#0000E2BF000014CE
(1790953996.835218) can0 2A3#0002DFBA0002BF20
(1790953996.835343) can0 2A4#000118C7FFFD54F4
(1790953996.835470) can0 2A5#0000133A0000135D
(1790953996.835575) can0 2A6#FFFFF84700000253
(1790953996.835697) can0 2A7#00004EADFFFFFD8E
(1790953996.839972) can0 2A1#0100010000000000
(1790953996.840095) can0 2A2#0000E2BF000014CE
(1790953996.840220) can0 2A3#0002DFBA0002BF20
(1790953996.840320) can0 2A4#000118C7FFFD54F4
(1790953996.840445) can0 2A5#0000133A0000135D
(1790953996.840570) can0 2A6#FFFFF84700000253
(1790953996.840670) can0 2A7#00004EADFFFFFD8E
(1790953996.844980) can0 2A1#0100010000000000
(1790953996.845093) can0 2A2#0000E2BF000014CE
(1790953996.845219) can0 2A3#0002DFBA0002BF20
(1790953996.845343) can0 2A4#000118C7FFFD54F4
(1790953996.845443) can0 2A5#0000133A0000135D
(1790953996.845568) can0 2A6#FFFFF84700000253
(1790953996.845693) can0 2A7#00004EADFFFFFD8E
(1790953996.849975) can0 2A1#0100010000000000
(1790953996.850091) can0 2A2#0000E2BF000014CE
(1790953996.850192) can0 2A3#0002DFBA0002BF20
(1790953996.850318) can0 2A4#000118C7FFFD54F4
(1790953996.850440) can0 2A5#0000133A0000135D
(1790953996.850566) can0 2A6#FFFFF84700000253
(1790953996.850693) can0 2A7#00004EADFFFFFD8E
(1790953996.854980) can0 2A1#0100010000000000
(1790953996.855093) can0 2A2#0000E2BF000014CE
(1790953996.855217) can0 2A3#0002DFBA0002BF20
(1790953996.855316) can0 2A4#000118C7FFFD54F4
(1790953996.855442) can0 2A5#0000133A0000135D
(1790953996.855567) can0 2A6#FFFFF84700000253
(1790953996.855691) can0 2A7#00004EADFFFFFD8E
(1790953996.859974) can0 2A1#0100010000000000
(1790953996.860068) can0 2A2#0000E2BF000014CE
(1790953996.860219) can0 2A3#0002DFBA0002BF20
(1790953996.860317) can0 2A4#000118C7FFFD54F4
(1790953996.860443) can0 2A5#0000133A0000135D
(1790953996.860568) can0 2A6#FFFFF84700000253
(1790953996.860695) can0 2A7#00004EADFFFFFD8E
(1790953996.864972) can0 2A1#0100010000000000
(1790953996.865096) can0 2A2#0000E2BF000014CE
(1790953996.865197) can0 2A3#0002DFBA0002BF20
(1790953996.865345) can0 2A4#000118C7FFFD54F4
(1790953996.865444) can0 2A5#0000133A0000135D
(1790953996.865570) can0 2A6#FFFFF84700000253
(1790953996.865695) can0 2A7#00004EADFFFFFD8E
(1790953996.869989) can0 2A1#0100010000000000
(1790953996.870095) can0 2A2#0000E2BF000014CE
(1790953996.870222) can0 2A3#0002DFBA0002BF20
(1790953996.870346) can0 2A4#000118C7FFFD54F4
(1790953996.870444) can0 2A5#0000133A0000135D
(1790953996.870569) can0 2A6#FFFFF84700000253
(1790953996.870695) can0 2A7#00004EADFFFFFD8E
(1790953996.874982) can0 2A1#0100010000000000
(1790953996.875098) can0 2A2#0000E2BF000014CE
(1790953996.875222) can0 2A3#0002DFBA0002BF20
(1790953996.875347) can0 2A4#000118C7FFFD54F4
(1790953996.875471) can0 2A5#0000133A0000135D
(1790953996.875596) can0 2A6#FFFFF84700000253
(1790953996.875696) can0 2A7#00004EADFFFFFD8E
(1790953996.879976) can0 2A1#0100010000000000
(1790953996.880097) can0 2A2#0000E2BF000014CE
(1790953996.880194) can0 2A3#0002DFBA0002BF20
(1790953996.880320) can0 2A4#000118C7FFFD54F4
(1790953996.880446) can0 2A5#0000133A0000135D
(1790953996.880570) can0 2A6#FFFFF84700000253
(1790953996.880670) can0 2A7#00004EADFFFFFD8E
(1790953996.884972) can0 2A1#0100010000000000
(1790953996.885101) can0 2A2#0000E2BF000014CE
(1790953996.885225) can0 2A3#0002DFBA0002BF20
(1790953996.885347) can0 2A4#000118C7FFFD54F4
(1790953996.885468) can0 2A5#0000133A0000135D
(1790953996.885568) can0 2A6#FFFFF84700000253
(1790953996.885693) can0 2A7#00004EADFFFFFD8E
(1790953996.889970) can0 2A1#0100010000000000
(1790953996.890071) can0 2A2#0000E2BF000014CE
(1790953996.890195) can0 2A3#0002DFBA0002BF20
(1790953996.890320) can0 2A4#000118C7FFFD54F4
(1790953996.890450) can0 2A5#0000133A0000135D
(1790953996.890569) can0 2A6#FFFFF84700000253
(1790953996.890694) can0 2A7#00004EADFFFFFD8E
(1790953996.895001) can0 2A1#0100010000000000
(1790953996.895095) can0 2A2#0000E2BF000014CE
(1790953996.895219) can0 2A3#0002DFBA0002BF20
(1790953996.895319) can0 2A4#000118C7FFFD54F4
(1790953996.895446) can0 2A5#0000133A0000135D
(1790953996.895593) can0 2A6#FFFFF84700000253
(1790953996.895694) can0 2A7#00004EADFFFFFD8E
(1790953996.899974) can0 2A1#0100010000000000
(1790953996.900094) can0 2A2#0000E2BF000014CE
(1790953996.900194) can0 2A3#0002DFBA0002BF20
(1790953996.900320) can0 2A4#000118C7FFFD54F4
(1790953996.900442) can0 2A5#0000133A0000135D
(1790953996.900569) can0 2A6#FFFFF84700000253
(1790953996.900697) can0 2A7#00004EADFFFFFD8E
(1790953996.904981) can0 2A1#0100010000000000
(1790953996.905093) can0 2A2#0000E2BF000014CE
(1790953996.905219) can0 2A3#0002DFBA0002BF20
(1790953996.905344) can0 2A4#000118C7FFFD54F4
(1790953996.905469) can0 2A5#0000133A0000135D
(1790953996.905568) can0 2A6#FFFFF84700000253
(1790953996.905693) can0 2A7#00004EADFFFFFD8E
(1790953996.909948) can0 2A1#0100010000000000
(1790953996.910068) can0 2A2#0000E2BF000014CE
(1790953996.910219) can0 2A3#0002DFBA0002BF20
(1790953996.910319) can0 2A4#000118C7FFFD54F4
(1790953996.910443) can0 2A5#0000133A0000135D
(1790953996.910569) can0 2A6#FFFFF84700000253
(1790953996.910694) can0 2A7#00004EADFFFFFD8E
(1790953996.914978) can0 2A1#0100010000000000
(1790953996.915095) can0 2A2#0000E2BF000014CE
(1790953996.915196) can0 2A3#0002DFBA0002BF20
(1790953996.915352) can0 2A4#000118C7FFFD54F4
(1790953996.915471) can0 2A5#0000133A0000135D
(1790953996.915568) can0 2A6#FFFFF84700000253
(1790953996.915695) can0 2A7#00004EADFFFFFD8E
(1790953996.919977) can0 2A1#0100010000000000
(1790953996.920098) can0 2A2#0000E2BF000014CE
(1790953996.920197) can0 2A3#0002DFBA0002BF20
(1790953996.920321) can0 2A4#000118C7FFFD54F4
(1790953996.920446) can0 2A5#0000133A0000135D
(1790953996.920570) can0 2A6#FFFFF84700000253
(1790953996.920696) can0 2A7#00004EADFFFFFD8E
(1790953996.924985) can0 2A1#0100010000000000
(1790953996.925093) can0 2A2#0000E2BF000014CE
(1790953996.925218) can0 2A3#0002DFBA0002BF20
(1790953996.925344) can0 2A4#000118C7FFFD54F4
(1790953996.925468) can0 2A5#0000133A0000135D
(1790953996.925568) can0 2A6#FFFFF84700000253
(1790953996.925693) can0 2A7#00004EADFFFFFD8E
(1790953996.929979) can0 2A1#0100010000000000
(1790953996.930070) can0 2A2#0000E2BF000014CE
(1790953996.930197) can0 2A3#0002DFBA0002BF20
(1790953996.930321) can0 2A4#000118C7FFFD54F4
(1790953996.930444) can0 2A5#0000133A0000135D
(1790953996.930570) can0 2A6#FFFFF84700000253
(1790953996.930694) can0 2A7#00004EADFFFFFD8E
(1790953996.934995) can0 2A1#0100010000000000
(1790953996.935101) can0 2A2#0000E2BF000014CE
(1790953996.935223) can0 2A3#0002DFBA0002BF20
(1790953996.935346) can0 2A4#000118C7FFFD54F4
(1790953996.935470) can0 2A5#0000133A0000135D
(1790953996.935570) can0 2A6#FFFFF84700000253
(1790953996.935696) can0 2A7#00004EADFFFFFD8E
(1790953996.939967) can0 2A1#0100010000000000
(1790953996.940076) can0 2A2#0000E2BF000014CE
(1790953996.940223) can0 2A3#0002DFBA0002BF20
(1790953996.940319) can0 2A4#000118C7FFFD54F4
(1790953996.940447) can0 2A5#0000133A0000135D
(1790953996.940571) can0 2A6#FFFFF84700000253
(1790953996.940696) can0 2A7#00004EADFFFFFD8E
(1790953996.944981) can0 2A1#0100010000000000
(1790953996.945100) can0 2A2#0000E2BF000014CE
(1790953996.945220) can0 2A3#0002DFBA0002BF20
(1790953996.945343) can0 2A4#000118C7FFFD54F4
(1790953996.945468) can0 2A5#0000133A0000135D
(1790953996.945593) can0 2A6#FFFFF84700000253
(1790953996.945692) can0 2A7#00004EADFFFFFD8E
(1790953996.949976) can0 2A1#0100010000000000
(1790953996.950068) can0 2A2#0000E2BF000014CE
(1790953996.950218) can0 2A3#0002DFBA0002BF20
(1790953996.950318) can0 2A4#000118C7FFFD54F4
(1790953996.950443) can0 2A5#0000133A0000135D
(1790953996.950568) can0 2A6#FFFFF84700000253
(1790953996.950693) can0 2A7#00004EADFFFFFD8E
(1790953996.954983) can0 2A1#0100010000000000
(1790953996.955092) can0 2A2#0000E2BF000014CE
(1790953996.955218) can0 2A3#0002DFBA0002BF20
(1790953996.955342) can0 2A4#000118C7FFFD54F4
(1790953996.955442) can0 2A5#0000133A0000135D
(1790953996.955566) can0 2A6#FFFFF84700000253
(1790953996.955718) can0 2A7#00004EADFFFFFD8E
(1790953996.959967) can0 2A1#0100010000000000
(1790953996.960092) can0 2A2#0000E2BF000014CE
(1790953996.960191) can0 2A3#0002DFBA0002BF20
(1790953996.960317) can0 2A4#000118C7FFFD54F4
(1790953996.960442) can0 2A5#0000133A0000135D
(1790953996.960543) can0 2A6#FFFFF84700000253
(1790953996.960668) can0 2A7#00004EADFFFFFD8E
(1790953996.964975) can0 2A1#0100010000000000
(1790953996.965091) can0 2A2#0000E2BF000014CE
(1790953996.965218) can0 2A3#0002DFBA0002BF20
(1790953996.965341) can0 2A4#000118C7FFFD54F4
(1790953996.965442) can0 2A5#0000133A0000135D
(1790953996.965567) can0 2A6#FFFFF84700000253
(1790953996.965692) can0 2A7#00004EADFFFFFD8E
(1790953996.969979) can0 2A1#0100010000000000
(1790953996.970096) can0 2A2#0000E2BF000014CE
(1790953996.970193) can0 2A3#0002DFBA0002BF20
(1790953996.970320) can0 2A4#000118C7FFFD54F4
(1790953996.970443) can0 2A5#0000133A0000135D
(1790953996.970570) can0 2A6#FFFFF84700000253
(1790953996.970696) can0 2A7#00004EADFFFFFD8E
(1790953996.974975) can0 2A1#0100010000000000
(1790953996.975094) can0 2A2#0000E2BF000014CE
(1790953996.975219) can0 2A3#0002DFBA0002BF20
(1790953996.975344) can0 2A4#000118C7FFFD54F4
(1790953996.975466) can0 2A5#0000133A0000135D
(1790953996.975595) can0 2A6#FFFFF84700000253
(1790953996.975691) can0 2A7#00004EADFFFFFD8E
(1790953996.979966) can0 2A1#0100010000000000
(1790953996.980092) can0 2A2#0000E2BF000014CE
(1790953996.980221) can0 2A3#0002DFBA0002BF20
(1790953996.980317) can0 2A4#000118C7FFFD54F4
(1790953996.980443) can0 2A5#0000133A0000135D
(1790953996.980565) can0 2A6#FFFFF84700000253
(1790953996.980692) can0 2A7#00004EADFFFFFD8E
(1790953996.984972) can0 2A1#0100010000000000
(1790953996.985092) can0 2A2#0000E2BF000014CE
(1790953996.985218) can0 2A3#0002DFBA0002BF20
(1790953996.985343) can0 2A4#000118C7FFFD54F4
(1790953996.985467) can0 2A5#0000133A0000135D
(1790953996.985567) can0 2A6#FFFFF84700000253
(1790953996.985693) can0 2A7#00004EADFFFFFD8E
(1790953996.989975) can0 2A1#0100010000000000
(1790953996.990069) can0 2A2#0000E2BF000014CE
(1790953996.990194) can0 2A3#0002DFBA0002BF20
(1790953996.990317) can0 2A4#000118C7FFFD54F4
(1790953996.990442) can0 2A5#0000133A0000135D
(1790953996.990566) can0 2A6#FFFFF84700000253
(1790953996.990693) can0 2A7#00004EADFFFFFD8E
(1790953996.994969) can0 2A1#0100010000000000
(1790953996.995094) can0 2A2#0000E2BF000014CE
(1790953996.995218) can0 2A3#0002DFBA0002BF20
(1790953996.995315) can0 2A4#000118C7FFFD54F4
(1790953996.995442) can0 2A5#0000133A0000135D
(1790953996.995569) can0 2A6#FFFFF84700000253
(1790953996.995693) can0 2A7#00004EADFFFFFD8E
(1790953996.999989) can0 2A1#0100010000000000
(1790953997.000094) can0 2A2#0000E2BF000014CE
(1790953997.000194) can0 2A3#0002DFBA0002BF20
(1790953997.000316) can0 2A4#000118C7FFFD54F4
(1790953997.000442) can0 2A5#0000133A0000135D
(1790953997.000568) can0 2A6#FFFFF84700000253
(1790953997.000692) can0 2A7#00004EADFFFFFD8E
(1790953997.004979) can0 2A1#0100010000000000
(1790953997.005096) can0 2A2#0000E2BF000014CE
(1790953997.005194) can0 2A3#0002DFBA0002BF20
(1790953997.005343) can0 2A4#000118C7FFFD54F4
(1790953997.005468) can0 2A5#0000133A0000135D
(1790953997.005569) can0 2A6#FFFFF84700000253
(1790953997.005697) can0 2A7#00004EADFFFFFD8E
(1790953997.009976) can0 2A1#0100010000000000
(1790953997.010065) can0 2A2#0000E2BF000014CE
(1790953997.010195) can0 2A3#0002DFBA0002BF20
(1790953997.010319) can0 2A4#000118C7FFFD54F4
(1790953997.010443) can0 2A5#0000133A0000135D
(1790953997.010565) can0 2A6#FFFFF84700000253
(1790953997.010691) can0 2A7#00004EADFFFFFD8E
(1790953997.014994) can0 2A1#0100010000000000
(1790953997.015093) can0 2A2#0000E2BF000014CE
(1790953997.015219) can0 2A3#0002DFBA0002BF20
(1790953997.015345) can0 2A4#000118C7FFFD54F4
(1790953997.015443) can0 2A5#0000133A0000135D
(1790953997.015569) can0 2A6#FFFFF84700000253
(1790953997.015694) can0 2A7#00004EADFFFFFD8E
(1790953997.019974) can0 2A1#0100010000000000
(1790953997.020096) can0 2A2#0000E2BF000014CE
(1790953997.020194) can0 2A3#0002DFBA0002BF20
(1790953997.020319) can0 2A4#000118C7FFFD54F4
(1790953997.020448) can0 2A5#0000133A0000135D
(1790953997.020569) can0 2A6#FFFFF84700000253
(1790953997.020695) can0 2A7#00004EADFFFFFD8E
(1790953997.024981) can0 2A1#0100010000000000
(1790953997.025095) can0 2A2#0000E2BF000014CE
(1790953997.025218) can0 2A3#0002DFBA0002BF20
(1790953997.025343) can0 2A4#000118C7FFFD54F4
(1790953997.025443) can0 2A5#0000133A0000135D
(1790953997.025569) can0 2A6#FFFFF84700000253
(1790953997.025693) can0 2A7#00004EADFFFFFD8E
(1790953997.029974) can0 2A1#0100010000000000
(1790953997.030096) can0 2A2#0000E2BF000014CE
(1790953997.030221) can0 2A3#0002DFBA0002BF20
(1790953997.030321) can0 2A4#000118C7FFFD54F4
(1790953997.030444) can0 2A5#0000133A0000135D
(1790953997.030569) can0 2A6#FFFFF84700000253
(1790953997.030670) can0 2A7#00004EADFFFFFD8E
(1790953997.034974) can0 2A1#0100010000000000
(1790953997.035094) can0 2A2#0000E2BF000014CE
(1790953997.035218) can0 2A3#0002DFBA0002BF20
(1790953997.035343) can0 2A4#000118C7FFFD54F4
(1790953997.035442) can0 2A5#0000133A0000135D
(1790953997.035571) can0 2A6#FFFFF84700000253
(1790953997.035693) can0 2A7#00004EADFFFFFD8E
(1790953997.039987) can0 2A1#0100010000000000
(1790953997.040096) can0 2A2#0000E2BF000014CE
(1790953997.040224) can0 2A3#0002DFBA0002BF20
(1790953997.040322) can0 2A4#000118C7FFFD54F4
(1790953997.040445) can0 2A5#0000133A0000135D
(1790953997.040571) can0 2A6#FFFFF84700000253
(1790953997.040697) can0 2A7#00004EADFFFFFD8E
(1790953997.044979) can0 2A1#0100010000000000
(1790953997.045095) can0 2A2#0000E2BF000014CE
(1790953997.045221) can0 2A3#0002DFBA0002BF20
(1790953997.045347) can0 2A4#000118C7FFFD54F4
(1790953997.045467) can0 2A5#0000133A0000135D
(1790953997.045593) can0 2A6#FFFFF84700000253
(1790953997.045694) can0 2A7#00004EADFFFFFD8E
(1790953997.049977) can0 2A1#0100010000000000
(1790953997.050093) can0 2A2#0000E2BF000014CE
(1790953997.050194) can0 2A3#0002DFBA0002BF20
(1790953997.050316) can0 2A4#000118C7FFFD54F4
(1790953997.050441) can0 2A5#0000133A0000135D
(1790953997.050567) can0 2A6#FFFFF84700000253
(1790953997.050668) can0 2A7#00004EADFFFFFD8E
(1790953997.054995) can0 2A1#0100010000000000
(1790953997.055096) can0 2A2#0000E2BF000014CE
(1790953997.055217) can0 2A3#0002DFBA0002BF20
(1790953997.055347) can0 2A4#000118C7FFFD54F4
(1790953997.055445) can0 2A5#0000133A0000135D
(1790953997.055568) can0 2A6#FFFFF84700000253
(1790953997.055694) can0 2A7#00004EADFFFFFD8E
(1790953997.059978) can0 2A1#0100010000000000
(1790953997.060067) can0 2A2#0000E2BF000014CE
(1790953997.060195) can0 2A3#0002DFBA0002BF20
(1790953997.060319) can0 2A4#000118C7FFFD54F4
(1790953997.060443) can0 2A5#0000133A0000135D
(1790953997.060570) can0 2A6#FFFFF84700000253
(1790953997.060693) can0 2A7#00004EADFFFFFD8E
(1790953997.064993) can0 2A1#0100010000000000
(1790953997.065091) can0 2A2#0000E2BF000014CE
(1790953997.065217) can0 2A3#0002DFBA0002BF20
(1790953997.065342) can0 2A4#000118C7FFFD54F4
(1790953997.065467) can0 2A5#0000133A0000135D
(1790953997.065566) can0 2A6#FFFFF84700000253
(1790953997.065690) can0 2A7#00004EADFFFFFD8E
(1790953997.069975) can0 2A1#0100010000000000
(1790953997.070093) can0 2A2#0000E2BF000014CE
(1790953997.070191) can0 2A3#0002DFBA0002BF20
(1790953997.070316) can0 2A4#000118C7FFFD54F4
(1790953997.070441) can0 2A5#0000133A0000135D
(1790953997.070566) can0 2A6#FFFFF84700000253
(1790953997.070690) can0 2A7#00004EADFFFFFD8E
(1790953997.075005) can0 2A1#0100010000000000
(1790953997.075094) can0 2A2#0000E2BF000014CE
(1790953997.075220) can0 2A3#0002DFBA0002BF20
(1790953997.075343) can0 2A4#000118C7FFFD54F4
(1790953997.075444) can0 2A5#0000133A0000135D
(1790953997.075569) can0 2A6#FFFFF84700000253
(1790953997.075693) can0 2A7#00004EADFFFFFD8E
(1790953997.079991) can0 2A1#0100010000000000
(1790953997.080092) can0 2A2#0000E2BF000014CE
(1790953997.080198) can0 2A3#0002DFBA0002BF20
(1790953997.080319) can0 2A4#000118C7FFFD54F4
(1790953997.080452) can0 2A5#0000133A0000135D
(1790953997.080569) can0 2A6#FFFFF84700000253
(1790953997.080693) can0 2A7#00004EADFFFFFD8E
(1790953997.084982) can0 2A1#0100010000000000
(1790953997.085093) can0 2A2#0000E2BF000014CE
(1790953997.085220) can0 2A3#0002DFBA0002BF20
(1790953997.085344) can0 2A4#000118C7FFFD54F4
(1790953997.085466) can0 2A5#0000133A0000135D
(1790953997.085567) can0 2A6#FFFFF84700000253
(1790953997.085692) can0 2A7#00004EADFFFFFD8E
(1790953997.090005) can0 2A1#0100010000000000
(1790953997.090068) can0 2A2#0000E2BF000014CE
(1790953997.090193) can0 2A3#0002DFBA0002BF20
(1790953997.090319) can0 2A4#000118C7FFFD54F4
(1790953997.090445) can0 2A5#0000133A0000135D
(1790953997.090569) can0 2A6#FFFFF84700000253
(1790953997.090694) can0 2A7#00004EADFFFFFD8E
(1790953997.094986) can0 2A1#0100010000000000
(1790953997.095095) can0 2A2#0000E2BF000014CE
(1790953997.095218) can0 2A3#0002DFBA0002BF20
(1790953997.095345) can0 2A4#000118C7FFFD54F4
(1790953997.095444) can0 2A5#0000133A0000135D
(1790953997.095569) can0 2A6#FFFFF84700000253
(1790953997.095694) can0 2A7#00004EADFFFFFD8E
(1790953997.099973) can0 2A1#0100010000000000
(1790953997.100070) can0 2A2#0000E2BF000014CE
(1790953997.100218) can0 2A3#0002DFBA0002BF20
(1790953997.100319) can0 2A4#000118C7FFFD54F4
(1790953997.100443) can0 2A5#0000133A0000135D
(1790953997.100569) can0 2A6#FFFFF84700000253
(1790953997.100695) can0 2A7#00004EADFFFFFD8E
(1790953997.104983) can0 2A1#0100010000000000
(1790953997.105096) can0 2A2#0000E2BF000014CE
(1790953997.105224) can0 2A3#0002DFBA0002BF20
(1790953997.105344) can0 2A4#000118C7FFFD54F4
(1790953997.105467) can0 2A5#0000133A0000135D
(1790953997.105570) can0 2A6#FFFFF84700000253
(1790953997.105694) can0 2A7#00004EADFFFFFD8E
(1790953997.109970) can0 2A1#0100010000000000
(1790953997.110071) can0 2A2#0000E2BF000014CE
(1790953997.110197) can0 2A3#0002DFBA0002BF20
(1790953997.110321) can0 2A4#000118C7FFFD54F4
(1790953997.110445) can0 2A5#0000133A0000135D
(1790953997.110568) can0 2A6#FFFFF84700000253
(1790953997.110693) can0 2A7#00004EADFFFFFD8E
(1790953997.114976) can0 2A1#0100010000000000
(1790953997.115112) can0 2A2#0000E2BF000014CE
(1790953997.115219) can0 2A3#0002DFBA0002BF20
(1790953997.115343) can0 2A4#000118C7FFFD54F4
(1790953997.115468) can0 2A5#0000133A0000135D
(1790953997.115568) can0 2A6#FFFFF84700000253
(1790953997.115693) can0 2A7#00004EADFFFFFD8E
(1790953997.119980) can0 2A1#0100010000000000
(1790953997.120095) can0 2A2#0000E2BF000014CE
(1790953997.120220) can0 2A3#0002DFBA0002BF20
(1790953997.120317) can0 2A4#000118C7FFFD54F4
(1790953997.120442) can0 2A5#0000133A0000135D
(1790953997.120569) can0 2A6#FFFFF84700000253
(1790953997.120693) can0 2A7#00004EADFFFFFD8E
(1790953997.124997) can0 2A1#0100010000000000
(1790953997.125093) can0 2A2#0000E2BF000014CE
(1790953997.125221) can0 2A3#0002DFBA0002BF20
(1790953997.125345) can0 2A4#000118C7FFFD54F4
(1790953997.125442) can0 2A5#0000133A0000135D
(1790953997.125568) can0 2A6#FFFFF84700000253
(1790953997.125694) can0 2A7#00004EADFFFFFD8E
(1790953997.129976) can0 2A1#0100010000000000
(1790953997.130071) can0 2A2#0000E2BF000014CE
(1790953997.130194) can0 2A3#0002DFBA0002BF20
(1790953997.130317) can0 2A4#000118C7FFFD54F4
(1790953997.130488) can0 2A5#0000133A0000135D
(1790953997.130568) can0 2A6#FFFFF84700000253
(1790953997.130691) can0 2A7#00004EADFFFFFD8E
(1790953997.134973) can0 2A1#0100010000000000
(1790953997.135093) can0 2A2#0000E2BF000014CE
(1790953997.135217) can0 2A3#0002DFBA0002BF20
(1790953997.135342) can0 2A4#000118C7FFFD54F4
(1790953997.135466) can0 2A5#0000133A0000135D
(1790953997.135591) can0 2A6#FFFFF84700000253
(1790953997.135717) can0 2A7#00004EADFFFFFD8E
(1790953997.139989) can0 2A1#0100010000000000
(1790953997.140068) can0 2A2#0000E2BF000014CE
(1790953997.140198) can0 2A3#0002DFBA0002BF20
(1790953997.140347) can0 2A4#000118C7FFFD54F4
(1790953997.140444) can0 2A5#0000133A0000135D
(1790953997.140573) can0 2A6#FFFFF84700000253
(1790953997.140695) can0 2A7#00004EADFFFFFD8E
(1790953997.144969) can0 2A1#0100010000000000
(1790953997.145098) can0 2A2#0000E2BF000014CE
(1790953997.145220) can0 2A3#0002DFBA0002BF20
(1790953997.145343) can0 2A4#000118C7FFFD54F4
(1790953997.145468) can0 2A5#0000133A0000135D
(1790953997.145594) can0 2A6#FFFFF84700000253
(1790953997.145695) can0 2A7#00004EADFFFFFD8E
(1790953997.149973) can0 2A1#0100010000000000
(1790953997.150093) can0 2A2#0000E2BF000014CE
(1790953997.150218) can0 2A3#0002DFBA0002BF20
(1790953997.150318) can0 2A4#000118C7FFFD54F4
(1790953997.150442) can0 2A5#0000133A0000135D
(1790953997.150568) can0 2A6#FFFFF84700000253
(1790953997.150693) can0 2A7#00004EADFFFFFD8E
(1790953997.155001) can0 2A1#0100010000000000
(1790953997.155096) can0 2A2#0000E2BF000014CE
(1790953997.155221) can0 2A3#0002DFBA0002BF20
(1790953997.155344) can0 2A4#000118C7FFFD54F4
(1790953997.155471) can0 2A5#0000133A0000135D
(1790953997.155569) can0 2A6#FFFFF84700000253
(1790953997.155693) can0 2A7#00004EADFFFFFD8E
(1790953997.160088) can0 2A1#0100010000000000
(1790953997.160100) can0 2A2#0000E2BF000014CE
(1790953997.160222) can0 2A3#0002DFBA0002BF20
(1790953997.160321) can0 2A4#000118C7FFFD54F4
(1790953997.160446) can0 2A5#0000133A0000135D
(1790953997.160569) can0 2A6#FFFFF84700000253
(1790953997.160696) can0 2A7#00004EADFFFFFD8E
(1790953997.164977) can0 2A1#0100010000000000
(1790953997.165095) can0 2A2#0000E2BF000014CE
(1790953997.165219) can0 2A3#0002DFBA0002BF20
(1790953997.165343) can0 2A4#000118C7FFFD54F4
(1790953997.165469) can0 2A5#0000133A0000135D
(1790953997.165570) can0 2A6#FFFFF84700000253
(1790953997.165693) can0 2A7#00004EADFFFFFD8E
(1790953997.169972) can0 2A1#0100010000000000
(1790953997.170091) can0 2A2#0000E2BF000014CE
(1790953997.170192) can0 2A3#0002DFBA0002BF20
(1790953997.170317) can0 2A4#000118C7FFFD54F4
(1790953997.170440) can0 2A5#0000133A0000135D
(1790953997.170566) can0 2A6#FFFFF84700000253
(1790953997.170693) can0 2A7#00004EADFFFFFD8E
(1790953997.174981) can0 2A1#0100010000000000
(1790953997.175094) can0 2A2#0000E2BF000014CE
(1790953997.175218) can0 2A3#0002DFBA0002BF20
(1790953997.175343) can0 2A4#000118C7FFFD54F4
(1790953997.175470) can0 2A5#0000133A0000135D
(1790953997.175595) can0 2A6#FFFFF84700000253
(1790953997.175694) can0 2A7#00004EADFFFFFD8E
(1790953997.179971) can0 2A1#0100010000000000
(1790953997.180094) can0 2A2#0000E2BF000014CE
(1790953997.180192) can0 2A3#0002DFBA0002BF20
(1790953997.180317) can0 2A4#000118C7FFFD54F4
(1790953997.180442) can0 2A5#0000133A0000135D
(1790953997.180567) can0 2A6#FFFFF84700000253
(1790953997.180692) can0 2A7#00004EADFFFFFD8E
(1790953997.185002) can0 2A1#0100010000000000
(1790953997.185091) can0 2A2#0000E2BF000014CE
(1790953997.185222) can0 2A3#0002DFBA0002BF20
(1790953997.185343) can0 2A4#000118C7FFFD54F4
(1790953997.185468) can0 2A5#0000133A0000135D
(1790953997.185566) can0 2A6#FFFFF84700000253
(1790953997.185691) can0 2A7#00004EADFFFFFD8E
(1790953997.189997) can0 2A1#0100010000000000
(1790953997.190094) can0 2A2#0000E2BF000014CE
(1790953997.190219) can0 2A3#0002DFBA0002BF20
(1790953997.190327) can0 2A4#000118C7FFFD54F4
(1790953997.190447) can0 2A5#0000133A0000135D
(1790953997.190569) can0 2A6#FFFFF84700000253
(1790953997.190694) can0 2A7#00004EADFFFFFD8E
(1790953997.194987) can0 2A1#0100010000000000
(1790953997.195095) can0 2A2#0000E2BF000014CE
(1790953997.195223) can0 2A3#0002DFBA0002BF20
(1790953997.195349) can0 2A4#000118C7FFFD54F4
(1790953997.195474) can0 2A5#0000133A0000135D
(1790953997.195597) can0 2A6#FFFFF84700000253
(1790953997.195696) can0 2A7#00004EADFFFFFD8E
(1790953997.199978) can0 2A1#0100010000000000
(1790953997.200093) can0 2A2#0000E2BF000014CE
(1790953997.200193) can0 2A3#0002DFBA0002BF20
(1790953997.200317) can0 2A4#000118C7FFFD54F4
(1790953997.200443) can0 2A5#0000133A0000135D
(1790953997.200566) can0 2A6#FFFFF84700000253
(1790953997.200693) can0 2A7#00004EADFFFFFD8E
(1790953997.204981) can0 2A1#0100010000000000
(1790953997.205093) can0 2A2#0000E2BF000014CE
(1790953997.205222) can0 2A3#0002DFBA0002BF20
(1790953997.205354) can0 2A4#000118C7FFFD54F4
(1790953997.205469) can0 2A5#0000133A0000135D
(1790953997.205595) can0 2A6#FFFFF84700000253
(1790953997.205695) can0 2A7#00004EADFFFFFD8E
(1790953997.209987) can0 2A1#0100010000000000
(1790953997.210117) can0 2A2#0000E2BF000014CE
(1790953997.210219) can0 2A3#0002DFBA0002BF20
(1790953997.210316) can0 2A4#000118C7FFFD54F4
(1790953997.210443) can0 2A5#0000133A0000135D
(1790953997.210568) can0 2A6#FFFFF84700000253
(1790953997.210694) can0 2A7#00004EADFFFFFD8E
(1790953997.214976) can0 2A1#0100010000000000
(1790953997.215090) can0 2A2#0000E2BF000014CE
(1790953997.215217) can0 2A3#0002DFBA0002BF20
(1790953997.215342) can0 2A4#000118C7FFFD54F4
(1790953997.215466) can0 2A5#0000133A0000135D
(1790953997.215565) can0 2A6#FFFFF84700000253
(1790953997.215691) can0 2A7#00004EADFFFFFD8E
(1790953997.219979) can0 2A1#0100010000000000
(1790953997.220095) can0 2A2#0000E2BF000014CE
(1790953997.220220) can0 2A3#0002DFBA0002BF20
(1790953997.220319) can0 2A4#000118C7FFFD54F4
(1790953997.220448) can0 2A5#0000133A0000135D
(1790953997.220568) can0 2A6#FFFFF84700000253
(1790953997.220697) can0 2A7#00004EADFFFFFD8E
(1790953997.224984) can0 2A1#0100010000000000
(1790953997.225095) can0 2A2#0000E2BF000014CE
(1790953997.225219) can0 2A3#0002DFBA0002BF20
(1790953997.225344) can0 2A4#000118C7FFFD54F4
(1790953997.225470) can0 2A5#0000133A0000135D
(1790953997.225570) can0 2A6#FFFFF84700000253
(1790953997.225693) can0 2A7#00004EADFFFFFD8E
(1790953997.229976) can0 2A1#0100010000000000
(1790953997.230067) can0 2A2#0000E2BF000014CE
(1790953997.230194) can0 2A3#0002DFBA0002BF20
(1790953997.230343) can0 2A4#000118C7FFFD54F4
(1790953997.230443) can0 2A5#0000133A0000135D
(1790953997.230568) can0 2A6#FFFFF84700000253
(1790953997.230695) can0 2A7#00004EADFFFFFD8E
(1790953997.234976) can0 2A1#0100010000000000
(1790953997.235093) can0 2A2#0000E2BF000014CE
(1790953997.235235) can0 2A3#0002DFBA0002BF20
(1790953997.235346) can0 2A4#000118C7FFFD54F4
(1790953997.235469) can0 2A5#0000133A0000135D
(1790953997.235569) can0 2A6#FFFFF84700000253
(1790953997.235694) can0 2A7#00004EADFFFFFD8E
(1790953997.239980) can0 2A1#0100010000000000
(1790953997.240094) can0 2A2#0000E2BF000014CE
(1790953997.240222) can0 2A3#0002DFBA0002BF20
(1790953997.240319) can0 2A4#000118C7FFFD54F4
(1790953997.240445) can0 2A5#0000133A0000135D
(1790953997.240570) can0 2A6#FFFFF84700000253
(1790953997.240694) can0 2A7#00004EADFFFFFD8E
(1790953997.244970) can0 2A1#0100010000000000
(1790953997.245091) can0 2A2#0000E2BF000014CE
(1790953997.245217) can0 2A3#0002DFBA0002BF20
(1790953997.245342) can0 2A4#000118C7FFFD54F4
(1790953997.245467) can0 2A5#0000133A0000135D
(1790953997.245565) can0 2A6#FFFFF84700000253
(1790953997.245692) can0 2A7#00004EADFFFFFD8E
(1790953997.249973) can0 2A1#0100010000000000
(1790953997.250093) can0 2A2#0000E2BF000014CE
(1790953997.250222) can0 2A3#0002DFBA0002BF20
(1790953997.250319) can0 2A4#000118C7FFFD54F4
(1790953997.250446) can0 2A5#0000133A0000135D
(1790953997.250572) can0 2A6#FFFFF84700000253
(1790953997.250695) can0 2A7#00004EADFFFFFD8E
(1790953997.254998) can0 2A1#0100010000000000
(1790953997.255096) can0 2A2#0000E2BF000014CE
(1790953997.255221) can0 2A3#0002DFBA0002BF20
(1790953997.255346) can0 2A4#000118C7FFFD54F4
(1790953997.255470) can0 2A5#0000133A0000135D
(1790953997.255568) can0 2A6#FFFFF84700000253
(1790953997.255694) can0 2A7#00004EADFFFFFD8E
(1790953997.259989) can0 2A1#0100010000000000
(1790953997.260077) can0 2A2#0000E2BF000014CE
(1790953997.260223) can0 2A3#0002DFBA0002BF20
(1790953997.260318) can0 2A4#000118C7FFFD54F4
(1790953997.260445) can0 2A5#0000133A0000135D
(1790953997.260569) can0 2A6#FFFFF84700000253
(1790953997.260698) can0 2A7#00004EADFFFFFD8E
(1790953997.264975) can0 2A1#0100010000000000
(1790953997.265094) can0 2A2#0000E2BF000014CE
(1790953997.265220) can0 2A3#0002DFBA0002BF20
(1790953997.265343) can0 2A4#000118C7FFFD54F4
(1790953997.265468) can0 2A5#0000133A0000135D
(1790953997.265568) can0 2A6#FFFFF84700000253
(1790953997.265692) can0 2A7#00004EADFFFFFD8E
(1790953997.269974) can0 2A1#0100010000000000
(1790953997.270073) can0 2A2#0000E2BF000014CE
(1790953997.270221) can0 2A3#0002DFBA0002BF20
(1790953997.270345) can0 2A4#000118C7FFFD54F4
(1790953997.270444) can0 2A5#0000133A0000135D
(1790953997.270570) can0 2A6#FFFFF84700000253
(1790953997.270694) can0 2A7#00004EADFFFFFD8E
(1790953997.275001) can0 2A1#0100010000000000
(1790953997.275094) can0 2A2#0000E2BF000014CE
(1790953997.275221) can0 2A3#0002DFBA0002BF20
(1790953997.275344) can0 2A4#000118C7FFFD54F4
(1790953997.275472) can0 2A5#0000133A0000135D
(1790953997.275596) can0 2A6#FFFFF84700000253
(1790953997.275694) can0 2A7#00004EADFFFFFD8E
(1790953997.279967) can0 2A1#0100010000000000
(1790953997.280070) can0 2A2#0000E2BF000014CE
(1790953997.280192) can0 2A3#0002DFBA0002BF20
(1790953997.280317) can0 2A4#000118C7FFFD54F4
(1790953997.280442) can0 2A5#0000133A0000135D
(1790953997.280567) can0 2A6#FFFFF84700000253
(1790953997.280693) can0 2A7#00004EADFFFFFD8E
(1790953997.284971) can0 2A1#0100010000000000
(1790953997.285093) can0 2A2#0000E2BF000014CE
(1790953997.285217) can0 2A3#0002DFBA0002BF20
(1790953997.285343) can0 2A4#000118C7FFFD54F4
(1790953997.285469) can0 2A5#0000133A0000135D
(1790953997.285591) can0 2A6#FFFFF84700000253
(1790953997.285691) can0 2A7#00004EADFFFFFD8E
(1790953997.290000) can0 2A1#0100010000000000
(1790953997.290094) can0 2A2#0000E2BF000014CE
(1790953997.290220) can0 2A3#0002DFBA0002BF20
(1790953997.290318) can0 2A4#000118C7FFFD54F4
(1790953997.290445) can0 2A5#0000133A0000135D
(1790953997.290569) can0 2A6#FFFFF84700000253
(1790953997.290695) can0 2A7#00004EADFFFFFD8E
(1790953997.294978) can0 2A1#0100010000000000
(1790953997.295091) can0 2A2#0000E2BF000014CE
(1790953997.295217) can0 2A3#0002DFBA0002BF20
(1790953997.295342) can0 2A4#000118C7FFFD54F4
(1790953997.295442) can0 2A5#0000133A0000135D
(1790953997.295567) can0 2A6#FFFFF84700000253
(1790953997.295692) can0 2A7#00004EADFFFFFD8E
(1790953997.299970) can0 2A1#0100010000000000
(1790953997.300090) can0 2A2#0000E2BF000014CE
(1790953997.300217) can0 2A3#0002DFBA0002BF20
(1790953997.300343) can0 2A4#000118C7FFFD54F4
(1790953997.300442) can0 2A5#0000133A0000135D
(1790953997.300568) can0 2A6#FFFFF84700000253
(1790953997.300695) can0 2A7#00004EADFFFFFD8E
(1790953997.304981) can0 2A1#0100010000000000
(1790953997.305098) can0 2A2#0000E2BF000014CE
(1790953997.305228) can0 2A3#0002DFBA0002BF20
(1790953997.305346) can0 2A4#000118C7FFFD54F4
(1790953997.305470) can0 2A5#0000133A0000135D
(1790953997.305594) can0 2A6#FFFFF84700000253
(1790953997.305697) can0 2A7#00004EADFFFFFD8E
(1790953997.309981) can0 2A1#0100010000000000
(1790953997.310095) can0 2A2#0000E2BF000014CE
(1790953997.310221) can0 2A3#0002DFBA0002BF20
(1790953997.310318) can0 2A4#000118C7FFFD54F4
(1790953997.310444) can0 2A5#0000133A0000135D
(1790953997.310570) can0 2A6#FFFFF84700000253
(1790953997.310693) can0 2A7#00004EADFFFFFD8E
(1790953997.314974) can0 2A1#0100010000000000
(1790953997.315094) can0 2A2#0000E2BF000014CE
(1790953997.315219) can0 2A3#0002DFBA0002BF20
(1790953997.315343) can0 2A4#000118C7FFFD54F4
(1790953997.315468) can0 2A5#0000133A0000135D
(1790953997.315567) can0 2A6#FFFFF84700000253
(1790953997.315704) can0 2A7#00004EADFFFFFD8E
(1790953997.319973) can0 2A1#0100010000000000
(1790953997.320095) can0 2A2#0000E2BF000014CE
(1790953997.320220) can0 2A3#0002DFBA0002BF20
(1790953997.320323) can0 2A4#000118C7FFFD54F4
(1790953997.320446) can0 2A5#0000133A0000135D
(1790953997.320569) can0 2A6#FFFFF84700000253
(1790953997.320670) can0 2A7#00004EADFFFFFD8E
(1790953997.324995) can0 2A1#0100010000000000
(1790953997.325094) can0 2A2#0000E2BF000014CE
(1790953997.325222) can0 2A3#0002DFBA0002BF20
(1790953997.325346) can0 2A4#000118C7FFFD54F4
(1790953997.325469) can0 2A5#0000133A0000135D
(1790953997.325596) can0 2A6#FFFFF84700000253
(1790953997.325695) can0 2A7#00004EADFFFFFD8E
(1790953997.329973) can0 2A1#0100010000000000
(1790953997.330091) can0 2A2#0000E2BF000014CE
(1790953997.330219) can0 2A3#0002DFBA0002BF20
(1790953997.330341) can0 2A4#000118C7FFFD54F4
(1790953997.330440) can0 2A5#0000133A0000135D
(1790953997.330567) can0 2A6#FFFFF84700000253
(1790953997.330692) can0 2A7#00004EADFFFFFD8E
(1790953997.334971) can0 2A1#0100010000000000
(1790953997.335092) can0 2A2#0000E2BF000014CE
(1790953997.335216) can0 2A3#0002DFBA0002BF20
(1790953997.335341) can0 2A4#000118C7FFFD54F4
(1790953997.335467) can0 2A5#0000133A0000135D
(1790953997.335566) can0 2A6#FFFFF84700000253
(1790953997.335699) can0 2A7#00004EADFFFFFD8E
(1790953997.339991) can0 2A1#0100010000000000
(1790953997.340093) can0 2A2#0000E2BF000014CE
(1790953997.340218) can0 2A3#0002DFBA0002BF20
(1790953997.340319) can0 2A4#000118C7FFFD54F4
(1790953997.340444) can0 2A5#0000133A0000135D
(1790953997.340570) can0 2A6#FFFFF84700000253
(1790953997.340703) can0 2A7#00004EADFFFFFD8E
(1790953997.345004) can0 2A1#0100010000000000
(1790953997.345119) can0 2A2#0000E2BF000014CE
(1790953997.345217) can0 2A3#0002DFBA0002BF20
(1790953997.345341) can0 2A4#000118C7FFFD54F4
(1790953997.345466) can0 2A5#0000133A0000135D
(1790953997.345567) can0 2A6#FFFFF84700000253
(1790953997.345694) can0 2A7#00004EADFFFFFD8E
(1790953997.349976) can0 2A1#0100010000000000
(1790953997.350091) can0 2A2#0000E2BF000014CE
(1790953997.350219) can0 2A3#0002DFBA0002BF20
(1790953997.350319) can0 2A4#000118C7FFFD54F4
(1790953997.350443) can0 2A5#0000133A0000135D
(1790953997.350568) can0 2A6#FFFFF84700000253
(1790953997.350692) can0 2A7#00004EADFFFFFD8E
(1790953997.354988) can0 2A1#0100010000000000
(1790953997.355093) can0 2A2#0000E2BF000014CE
(1790953997.355218) can0 2A3#0002DFBA0002BF20
(1790953997.355341) can0 2A4#000118C7FFFD54F4
(1790953997.355468) can0 2A5#0000133A0000135D
(1790953997.355566) can0 2A6#FFFFF84700000253
(1790953997.355691) can0 2A7#00004EADFFFFFD8E
(1790953997.359970) can0 2A1#0100010000000000
(1790953997.360069) can0 2A2#0000E2BF000014CE
(1790953997.360219) can0 2A3#0002DFBA0002BF20
(1790953997.360344) can0 2A4#000118C7FFFD54F4
(1790953997.360442) can0 2A5#0000133A0000135D
(1790953997.360568) can0 2A6#FFFFF84700000253
(1790953997.360692) can0 2A7#00004EADFFFFFD8E
(1790953997.364976) can0 2A1#0100010000000000
(1790953997.365092) can0 2A2#0000E2BF000014CE
(1790953997.365220) can0 2A3#0002DFBA0002BF20
(1790953997.365343) can0 2A4#000118C7FFFD54F4
(1790953997.365467) can0 2A5#0000133A0000135D
(1790953997.365593) can0 2A6#FFFFF84700000253
(1790953997.365692) can0 2A7#00004EADFFFFFD8E
(1790953997.369972) can0 2A1#0100010000000000
(1790953997.370097) can0 2A2#0000E2BF000014CE
(1790953997.370194) can0 2A3#0002DFBA0002BF20
(1790953997.370319) can0 2A4#000118C7FFFD54F4
(1790953997.370442) can0 2A5#0000133A0000135D
(1790953997.370566) can0 2A6#FFFFF84700000253
(1790953997.370693) can0 2A7#00004EADFFFFFD8E
(1790953997.374991) can0 2A1#0100010000000000
(1790953997.375092) can0 2A2#0000E2BF000014CE
(1790953997.375220) can0 2A3#0002DFBA0002BF20
(1790953997.375342) can0 2A4#000118C7FFFD54F4
(1790953997.375466) can0 2A5#0000133A0000135D
(1790953997.375591) can0 2A6#FFFFF84700000253
(1790953997.375693) can0 2A7#00004EADFFFFFD8E
(1790953997.379979) can0 2A1#0100010000000000
(1790953997.380092) can0 2A2#0000E2BF000014CE
(1790953997.380192) can0 2A3#0002DFBA0002BF20
(1790953997.380342) can0 2A4#000118C7FFFD54F4
(1790953997.380441) can0 2A5#0000133A0000135D
(1790953997.380567) can0 2A6#FFFFF84700000253
(1790953997.380692) can0 2A7#00004EADFFFFFD8E
(1790953997.384978) can0 2A1#0100010000000000
(1790953997.385092) can0 2A2#0000E2BF000014CE
(1790953997.385217) can0 2A3#0002DFBA0002BF20
(1790953997.385342) can0 2A4#000118C7FFFD54F4
(1790953997.385467) can0 2A5#0000133A0000135D
(1790953997.385567) can0 2A6#FFFFF84700000253
(1790953997.385692) can0 2A7#00004EADFFFFFD8E
(1790953997.389973) can0 2A1#0100010000000000
(1790953997.390093) can0 2A2#0000E2BF000014CE
(1790953997.390194) can0 2A3#0002DFBA0002BF20
(1790953997.390318) can0 2A4#000118C7FFFD54F4
(1790953997.390443) can0 2A5#0000133A0000135D
(1790953997.390569) can0 2A6#FFFFF84700000253
(1790953997.390693) can0 2A7#00004EADFFFFFD8E
(1790953997.394975) can0 2A1#0100010000000000
(1790953997.395093) can0 2A2#0000E2BF000014CE
(1790953997.395218) can0 2A3#0002DFBA0002BF20
(1790953997.395343) can0 2A4#000118C7FFFD54F4
(1790953997.395474) can0 2A5#0000133A0000135D
(1790953997.395594) can0 2A6#FFFFF84700000253
(1790953997.395693) can0 2A7#00004EADFFFFFD8E
(1790953997.399976) can0 2A1#0100010000000000
(1790953997.400093) can0 2A2#0000E2BF000014CE
(1790953997.400218) can0 2A3#0002DFBA0002BF20
(1790953997.400343) can0 2A4#000118C7FFFD54F4
(1790953997.400443) can0 2A5#0000133A0000135D
(1790953997.400568) can0 2A6#FFFFF84700000253
(1790953997.400693) can0 2A7#00004EADFFFFFD8E
(1790953997.404997) can0 2A1#0100010000000000
(1790953997.405094) can0 2A2#0000E2BF000014CE
(1790953997.405219) can0 2A3#0002DFBA0002BF20
(1790953997.405343) can0 2A4#000118C7FFFD54F4
(1790953997.405469) can0 2A5#0000133A0000135D
(1790953997.405569) can0 2A6#FFFFF84700000253
(1790953997.405694) can0 2A7#00004EADFFFFFD8E
(1790953997.409968) can0 2A1#0100010000000000
(1790953997.410095) can0 2A2#0000E2BF000014CE
(1790953997.410193) can0 2A3#0002DFBA0002BF20
(1790953997.410343) can0 2A4#000118C7FFFD54F4
(1790953997.410440) can0 2A5#0000133A0000135D
(1790953997.410565) can0 2A6#FFFFF84700000253
(1790953997.410691) can0 2A7#00004EADFFFFFD8E
(1790953997.414974) can0 2A1#0100010000000000
(1790953997.415091) can0 2A2#0000E2BF000014CE
(1790953997.415218) can0 2A3#0002DFBA0002BF20
(1790953997.415342) can0 2A4#000118C7FFFD54F4
(1790953997.415467) can0 2A5#0000133A0000135D
(1790953997.415592) can0 2A6#FFFFF84700000253
(1790953997.415693) can0 2A7#00004EADFFFFFD8E
(1790953997.419971) can0 2A1#0100010000000000
(1790953997.420067) can0 2A2#0000E2BF000014CE
(1790953997.420217) can0 2A3#0002DFBA0002BF20
(1790953997.420342) can0 2A4#000118C7FFFD54F4
(1790953997.420440) can0 2A5#0000133A0000135D
(1790953997.420567) can0 2A6#FFFFF84700000253
(1790953997.420692) can0 2A7#00004EADFFFFFD8E
(1790953997.424972) can0 2A1#0100010000000000
(1790953997.425092) can0 2A2#0000E2BF000014CE
(1790953997.425217) can0 2A3#0002DFBA0002BF20
(1790953997.425342) can0 2A4#000118C7FFFD54F4
(1790953997.425467) can0 2A5#0000133A0000135D
(1790953997.425568) can0 2A6#FFFFF84700000253
(1790953997.425691) can0 2A7#00004EADFFFFFD8E
(1790953997.429973) can0 2A1#0100010000000000
(1790953997.430093) can0 2A2#0000E2BF000014CE
(1790953997.430217) can0 2A3#0002DFBA0002BF20
(1790953997.430316) can0 2A4#000118C7FFFD54F4
(1790953997.430442) can0 2A5#0000133A0000135D
(1790953997.430568) can0 2A6#FFFFF84700000253
(1790953997.430692) can0 2A7#00004EADFFFFFD8E
(1790953997.435001) can0 2A1#0100010000000000
(1790953997.435094) can0 2A2#0000E2BF000014CE
(1790953997.435220) can0 2A3#0002DFBA0002BF20
(1790953997.435344) can0 2A4#000118C7FFFD54F4
(1790953997.435443) can0 2A5#0000133A0000135D
(1790953997.435596) can0 2A6#FFFFF84700000253
(1790953997.435720) can0 2A7#00004EADFFFFFD8E
(1790953997.439976) can0 2A1#0100010000000000
(1790953997.440069) can0 2A2#0000E2BF000014CE
(1790953997.440196) can0 2A3#0002DFBA0002BF20
(1790953997.440346) can0 2A4#000118C7FFFD54F4
(1790953997.440445) can0 2A5#0000133A0000135D
(1790953997.440571) can0 2A6#FFFFF84700000253
(1790953997.440696) can0 2A7#00004EADFFFFFD8E
(1790953997.444982) can0 2A1#0100010000000000
(1790953997.445094) can0 2A2#0000E2BF000014CE
(1790953997.445220) can0 2A3#0002DFBA0002BF20
(1790953997.445345) can0 2A4#000118C7FFFD54F4
(1790953997.445469) can0 2A5#0000133A0000135D
(1790953997.445594) can0 2A6#FFFFF84700000253
(1790953997.445695) can0 2A7#00004EADFFFFFD8E
(1790953997.449977) can0 2A1#0100010000000000
(1790953997.450093) can0 2A2#0000E2BF000014CE
(1790953997.450194) can0 2A3#0002DFBA0002BF20
(1790953997.450345) can0 2A4#000118C7FFFD54F4
(1790953997.450444) can0 2A5#0000133A0000135D
(1790953997.450570) can0 2A6#FFFFF84700000253
(1790953997.450695) can0 2A7#00004EADFFFFFD8E
(1790953997.454980) can0 2A1#0100010000000000
(1790953997.455094) can0 2A2#0000E2BF000014CE
(1790953997.455220) can0 2A3#0002DFBA0002BF20
(1790953997.455344) can0 2A4#000118C7FFFD54F4
(1790953997.455468) can0 2A5#0000133A0000135D
(1790953997.455595) can0 2A6#FFFFF84700000253
(1790953997.455694) can0 2A7#00004EADFFFFFD8E
(1790953997.459988) can0 2A1#0100010000000000
(1790953997.460093) can0 2A2#0000E2BF000014CE
(1790953997.460220) can0 2A3#0002DFBA0002BF20
(1790953997.460342) can0 2A4#000118C7FFFD54F4
(1790953997.460443) can0 2A5#0000133A0000135D
(1790953997.460569) can0 2A6#FFFFF84700000253
(1790953997.460692) can0 2A7#00004EADFFFFFD8E
(1790953997.464976) can0 2A1#0100010000000000
(1790953997.465099) can0 2A2#0000E2BF000014CE
(1790953997.465218) can0 2A3#0002DFBA0002BF20
(1790953997.465341) can0 2A4#000118C7FFFD54F4
(1790953997.465467) can0 2A5#0000133A0000135D
(1790953997.465592) can0 2A6#FFFFF84700000253
(1790953997.465691) can0 2A7#00004EADFFFFFD8E
(1790953997.469970) can0 2A1#0100010000000000
(1790953997.470096) can0 2A2#0000E2BF000014CE
(1790953997.470196) can0 2A3#0002DFBA0002BF20
(1790953997.470323) can0 2A4#000118C7FFFD54F4
(1790953997.470442) can0 2A5#0000133A0000135D
(1790953997.470566) can0 2A6#FFFFF84700000253
(1790953997.470692) can0 2A7#00004EADFFFFFD8E
(1790953997.474982) can0 2A1#0100010000000000
(1790953997.475094) can0 2A2#0000E2BF000014CE
(1790953997.475220) can0 2A3#0002DFBA0002BF20
(1790953997.475342) can0 2A4#000118C7FFFD54F4
(1790953997.475468) can0 2A5#0000133A0000135D
(1790953997.475591) can0 2A6#FFFFF84700000253
(1790953997.475695) can0 2A7#00004EADFFFFFD8E
(1790953997.479967) can0 2A1#0100010000000000
(1790953997.480097) can0 2A2#0000E2BF000014CE
(1790953997.480217) can0 2A3#0002DFBA0002BF20
(1790953997.480343) can0 2A4#000118C7FFFD54F4
(1790953997.480443) can0 2A5#0000133A0000135D
(1790953997.480569) can0 2A6#FFFFF84700000253
(1790953997.480695) can0 2A7#00004EADFFFFFD8E
(1790953997.484992) can0 2A1#0100010000000000
(1790953997.485122) can0 2A2#0000E2BF000014CE
(1790953997.485221) can0 2A3#0002DFBA0002BF20
(1790953997.485345) can0 2A4#000118C7FFFD54F4
(1790953997.485471) can0 2A5#0000133A0000135D
(1790953997.485569) can0 2A6#FFFFF84700000253
(1790953997.485695) can0 2A7#00004EADFFFFFD8E
(1790953997.489981) can0 2A1#0100010000000000
(1790953997.490094) can0 2A2#0000E2BF000014CE
(1790953997.490197) can0 2A3#0002DFBA0002BF20
(1790953997.490320) can0 2A4#000118C7FFFD54F4
(1790953997.490445) can0 2A5#0000133A0000135D
(1790953997.490567) can0 2A6#FFFFF84700000253
(1790953997.490694) can0 2A7#00004EADFFFFFD8E
(1790953997.494982) can0 2A1#0100010000000000
(1790953997.495093) can0 2A2#0000E2BF000014CE
(1790953997.495217) can0 2A3#0002DFBA0002BF20
(1790953997.495343) can0 2A4#000118C7FFFD54F4
(1790953997.495467) can0 2A5#0000133A0000135D
(1790953997.495592) can0 2A6#FFFFF84700000253
(1790953997.495718) can0 2A7#00004EADFFFFFD8E
(1790953997.499974) can0 2A1#0100010000000000
(1790953997.500102) can0 2A2#0000E2BF000014CE
(1790953997.500217) can0 2A3#0002DFBA0002BF20
(1790953997.500316) can0 2A4#000118C7FFFD54F4
(1790953997.500443) can0 2A5#0000133A0000135D
(1790953997.500568) can0 2A6#FFFFF84700000253
(1790953997.500694) can0 2A7#00004EADFFFFFD8E
(1790953997.504976) can0 2A1#0100010000000000
(1790953997.505099) can0 2A2#0000E2BF000014CE
(1790953997.505218) can0 2A3#0002DFBA0002BF20
(1790953997.505348) can0 2A4#000118C7FFFD54F4
(1790953997.505469) can0 2A5#0000133A0000135D
(1790953997.505596) can0 2A6#FFFFF84700000253
(1790953997.505694) can0 2A7#00004EADFFFFFD8E
(1790953997.509966) can0 2A1#0100010000000000
(1790953997.510092) can0 2A2#0000E2BF000014CE
(1790953997.510216) can0 2A3#0002DFBA0002BF20
(1790953997.510345) can0 2A4#000118C7FFFD54F4
(1790953997.510442) can0 2A5#0000133A0000135D
(1790953997.510567) can0 2A6#FFFFF84700000253
(1790953997.510691) can0 2A7#00004EADFFFFFD8E
(1790953997.514974) can0 2A1#0100010000000000
(1790953997.515090) can0 2A2#0000E2BF000014CE
(1790953997.515217) can0 2A3#0002DFBA0002BF20
(1790953997.515340) can0 2A4#000118C7FFFD54F4
(1790953997.515467) can0 2A5#0000133A0000135D
(1790953997.515590) can0 2A6#FFFFF84700000253
(1790953997.515716) can0 2A7#00004EADFFFFFD8E
(1790953997.519971) can0 2A1#0100010000000000
(1790953997.520094) can0 2A2#0000E2BF000014CE
(1790953997.520218) can0 2A3#0002DFBA0002BF20
(1790953997.520343) can0 2A4#000118C7FFFD54F4
(1790953997.520444) can0 2A5#0000133A0000135D
(1790953997.520570) can0 2A6#FFFFF84700000253
(1790953997.520695) can0 2A7#00004EADFFFFFD8E
(1790953997.524974) can0 2A1#0100010000000000
(1790953997.525097) can0 2A2#0000E2BF000014CE
(1790953997.525219) can0 2A3#0002DFBA0002BF20
(1790953997.525343) can0 2A4#000118C7FFFD54F4
(1790953997.525469) can0 2A5#0000133A0000135D
(1790953997.525594) can0 2A6#FFFFF84700000253
(1790953997.525694) can0 2A7#00004EADFFFFFD8E
(1790953997.529975) can0 2A1#0100010000000000
(1790953997.530091) can0 2A2#0000E2BF000014CE
(1790953997.530218) can0 2A3#0002DFBA0002BF20
(1790953997.530341) can0 2A4#000118C7FFFD54F4
(1790953997.530443) can0 2A5#0000133A0000135D
(1790953997.530568) can0 2A6#FFFFF84700000253
(1790953997.530691) can0 2A7#00004EADFFFFFD8E
(1790953997.534969) can0 2A1#0100010000000000
(1790953997.535092) can0 2A2#0000E2BF000014CE
(1790953997.535217) can0 2A3#0002DFBA0002BF20
(1790953997.535343) can0 2A4#000118C7FFFD54F4
(1790953997.535468) can0 2A5#0000133A0000135D
(1790953997.535593) can0 2A6#FFFFF84700000253
(1790953997.535718) can0 2A7#00004EADFFFFFD8E
(1790953997.539976) can0 2A1#0100010000000000
(1790953997.540072) can0 2A2#0000E2BF000014CE
(1790953997.540196) can0 2A3#0002DFBA0002BF20
(1790953997.540320) can0 2A4#000118C7FFFD54F4
(1790953997.540444) can0 2A5#0000133A0000135D
(1790953997.540569) can0 2A6#FFFFF84700000253
(1790953997.540693) can0 2A7#00004EADFFFFFD8E
(1790953997.544991) can0 2A1#0100010000000000
(1790953997.545094) can0 2A2#0000E2BF000014CE
(1790953997.545220) can0 2A3#0002DFBA0002BF20
(1790953997.545346) can0 2A4#000118C7FFFD54F4
(1790953997.545470) can0 2A5#0000133A0000135D
(1790953997.545595) can0 2A6#FFFFF84700000253
(1790953997.545695) can0 2A7#00004EADFFFFFD8E
(1790953997.549968) can0 2A1#0100010000000000
(1790953997.550099) can0 2A2#0000E2BF000014CE
(1790953997.550217) can0 2A3#0002DFBA0002BF20
(1790953997.550344) can0 2A4#000118C7FFFD54F4
(1790953997.550444) can0 2A5#0000133A0000135D
(1790953997.550566) can0 2A6#FFFFF84700000253
(1790953997.550695) can0 2A7#00004EADFFFFFD8E
(1790953997.555003) can0 2A1#0100010000000000
(1790953997.555097) can0 2A2#0000E2BF000014CE
(1790953997.555222) can0 2A3#0002DFBA0002BF20
(1790953997.555347) can0 2A4#000118C7FFFD54F4
(1790953997.555471) can0 2A5#0000133A0000135D
(1790953997.555596) can0 2A6#FFFFF84700000253
(1790953997.555697) can0 2A7#00004EADFFFFFD8E
(1790953997.559983) can0 2A1#0100010000000000
(1790953997.560069) can0 2A2#0000E2BF000014CE
(1790953997.560194) can0 2A3#0002DFBA0002BF20
(1790953997.560319) can0 2A4#000118C7FFFD54F4
(1790953997.560443) can0 2A5#0000133A0000135D
(1790953997.560569) can0 2A6#FFFFF84700000253
(1790953997.560693) can0 2A7#00004EADFFFFFD8E
(1790953997.564973) can0 2A1#0100010000000000
(1790953997.565094) can0 2A2#0000E2BF000014CE
(1790953997.565218) can0 2A3#0002DFBA0002BF20
(1790953997.565344) can0 2A4#000118C7FFFD54F4
(1790953997.565466) can0 2A5#0000133A0000135D
(1790953997.565568) can0 2A6#FFFFF84700000253
(1790953997.565693) can0 2A7#00004EADFFFFFD8E
(1790953997.569978) can0 2A1#0100010000000000
(1790953997.570096) can0 2A2#0000E2BF000014CE
(1790953997.570197) can0 2A3#0002DFBA0002BF20
(1790953997.570320) can0 2A4#000118C7FFFD54F4
(1790953997.570445) can0 2A5#0000133A0000135D
(1790953997.570570) can0 2A6#FFFFF84700000253
(1790953997.570694) can0 2A7#00004EADFFFFFD8E
(1790953997.574992) can0 2A1#0100010000000000
(1790953997.575095) can0 2A2#0000E2BF000014CE
(1790953997.575221) can0 2A3#0002DFBA0002BF20
(1790953997.575345) can0 2A4#000118C7FFFD54F4
(1790953997.575471) can0 2A5#0000133A0000135D
(1790953997.575595) can0 2A6#FFFFF84700000253
(1790953997.575696) can0 2A7#00004EADFFFFFD8E
(1790953997.579979) can0 2A1#0100010000000000
(1790953997.580065) can0 2A2#0000E2BF000014CE
(1790953997.580190) can0 2A3#0002DFBA0002BF20
(1790953997.580317) can0 2A4#000118C7FFFD54F4
(1790953997.580441) can0 2A5#0000133A0000135D
(1790953997.580566) can0 2A6#FFFFF84700000253
(1790953997.580690) can0 2A7#00004EADFFFFFD8E
(1790953997.584972) can0 2A1#0100010000000000
(1790953997.585092) can0 2A2#0000E2BF000014CE
(1790953997.585217) can0 2A3#0002DFBA0002BF20
(1790953997.585346) can0 2A4#000118C7FFFD54F4
(1790953997.585468) can0 2A5#0000133A0000135D
(1790953997.585601) can0 2A6#FFFFF84700000253
(1790953997.585718) can0 2A7#00004EADFFFFFD8E
(1790953997.589974) can0 2A1#0100010000000000
(1790953997.590069) can0 2A2#0000E2BF000014CE
(1790953997.590195) can0 2A3#0002DFBA0002BF20
(1790953997.590320) can0 2A4#000118C7FFFD54F4
(1790953997.590446) can0 2A5#0000133A0000135D
(1790953997.590570) can0 2A6#FFFFF84700000253
(1790953997.590694) can0 2A7#00004EADFFFFFD8E
(1790953997.594973) can0 2A1#0100010000000000
(1790953997.595091) can0 2A2#0000E2BF000014CE
(1790953997.595219) can0 2A3#0002DFBA0002BF20
(1790953997.595341) can0 2A4#000118C7FFFD54F4
(1790953997.595468) can0 2A5#0000133A0000135D
(1790953997.595594) can0 2A6#FFFFF84700000253
(1790953997.595696) can0 2A7#00004EADFFFFFD8E
(1790953997.599974) can0 2A1#0100010000000000
(1790953997.600092) can0 2A2#0000E2BF000014CE
(1790953997.600217) can0 2A3#0002DFBA0002BF20
(1790953997.600317) can0 2A4#000118C7FFFD54F4
(1790953997.600443) can0 2A5#0000133A0000135D
(1790953997.600567) can0 2A6#FFFFF84700000253
(1790953997.600692) can0 2A7#00004EADFFFFFD8E
(1790953997.605011) can0 2A1#0100010000000000
(1790953997.605121) can0 2A2#0000E2BF000014CE
(1790953997.605222) can0 2A3#0002DFBA0002BF20
(1790953997.605345) can0 2A4#000118C7FFFD54F4
(1790953997.605468) can0 2A5#0000133A0000135D
(1790953997.605570) can0 2A6#FFFFF84700000253
(1790953997.605695) can0 2A7#00004EADFFFFFD8E
(1790953997.609982) can0 2A1#0100010000000000
(1790953997.610094) can0 2A2#0000E2BF000014CE
(1790953997.610218) can0 2A3#0002DFBA0002BF20
(1790953997.610318) can0 2A4#000118C7FFFD54F4
(1790953997.610444) can0 2A5#0000133A0000135D
(1790953997.610566) can0 2A6#FFFFF84700000253
(1790953997.610691) can0 2A7#00004EADFFFFFD8E
(1790953997.614971) can0 2A1#0100010000000000
(1790953997.615091) can0 2A2#0000E2BF000014CE
(1790953997.615217) can0 2A3#0002DFBA0002BF20
(1790953997.615342) can0 2A4#000118C7FFFD54F4
(1790953997.615466) can0 2A5#0000133A0000135D
(1790953997.615591) can0 2A6#FFFFF84700000253
(1790953997.615698) can0 2A7#00004EADFFFFFD8E
(1790953997.619983) can0 2A1#0100010000000000
(1790953997.620095) can0 2A2#0000E2BF000014CE
(1790953997.620222) can0 2A3#0002DFBA0002BF20
(1790953997.620318) can0 2A4#000118C7FFFD54F4
(1790953997.620444) can0 2A5#0000133A0000135D
(1790953997.620570) can0 2A6#FFFFF84700000253
(1790953997.620695) can0 2A7#00004EADFFFFFD8E
(1790953997.625008) can0 2A1#0100010000000000
(1790953997.625096) can0 2A2#0000E2BF000014CE
(1790953997.625224) can0 2A3#0002DFBA0002BF20
(1790953997.625347) can0 2A4#000118C7FFFD54F4
(1790953997.625492) can0 2A5#0000133A0000135D
(1790953997.625597) can0 2A6#FFFFF84700000253
(1790953997.625722) can0 2A7#00004EADFFFFFD8E
(1790953997.630012) can0 2A1#0100010000000000
(1790953997.630071) can0 2A2#0000E2BF000014CE
(1790953997.630198) can0 2A3#0002DFBA0002BF20
(1790953997.630324) can0 2A4#000118C7FFFD54F4
(1790953997.630445) can0 2A5#0000133A0000135D
(1790953997.630570) can0 2A6#FFFFF84700000253
(1790953997.630694) can0 2A7#00004EADFFFFFD8E
(1790953997.634993) can0 2A1#0100010000000000
(1790953997.635097) can0 2A2#0000E2BF000014CE
(1790953997.635219) can0 2A3#0002DFBA0002BF20
(1790953997.635344) can0 2A4#000118C7FFFD54F4
(1790953997.635470) can0 2A5#0000133A0000135D
(1790953997.635596) can0 2A6#FFFFF84700000253
(1790953997.635694) can0 2A7#00004EADFFFFFD8E
(1790953997.639997) can0 2A1#0100010000000000
(1790953997.640070) can0 2A2#0000E2BF000014CE
(1790953997.640197) can0 2A3#0002DFBA0002BF20
(1790953997.640321) can0 2A4#000118C7FFFD54F4
(1790953997.640446) can0 2A5#0000133A0000135D
(1790953997.640570) can0 2A6#FFFFF84700000253
(1790953997.640694) can0 2A7#00004EADFFFFFD8E
(1790953997.644979) can0 2A1#0100010000000000
(1790953997.645094) can0 2A2#0000E2BF000014CE
(1790953997.645218) can0 2A3#0002DFBA0002BF20
(1790953997.645342) can0 2A4#000118C7FFFD54F4
(1790953997.645468) can0 2A5#0000133A0000135D
(1790953997.645592) can0 2A6#FFFFF84700000253
(1790953997.645692) can0 2A7#00004EADFFFFFD8E
(1790953997.650002) can0 2A1#0100010000000000
(1790953997.650069) can0 2A2#0000E2BF000014CE
(1790953997.650195) can0 2A3#0002DFBA0002BF20
(1790953997.650320) can0 2A4#000118C7FFFD54F4
(1790953997.650445) can0 2A5#0000133A0000135D
(1790953997.650570) can0 2A6#FFFFF84700000253
(1790953997.650696) can0 2A7#00004EADFFFFFD8E
(1790953997.654992) can0 2A1#0100010000000000
(1790953997.655097) can0 2A2#0000E2BF000014CE
(1790953997.655238) can0 2A3#0002DFBA0002BF20
(1790953997.655345) can0 2A4#000118C7FFFD54F4
(1790953997.655467) can0 2A5#0000133A0000135D
(1790953997.655592) can0 2A6#FFFFF84700000253
(1790953997.655694) can0 2A7#00004EADFFFFFD8E
(1790953997.659983) can0 2A1#0100010000000000
(1790953997.660093) can0 2A2#0000E2BF000014CE
(1790953997.660221) can0 2A3#0002DFBA0002BF20
(1790953997.660345) can0 2A4#000118C7FFFD54F4
(1790953997.660444) can0 2A5#0000133A0000135D
(1790953997.660570) can0 2A6#FFFFF84700000253
(1790953997.660695) can0 2A7#00004EADFFFFFD8E
(1790953997.664979) can0 2A1#0100010000000000
(1790953997.665092) can0 2A2#0000E2BF000014CE
(1790953997.665219) can0 2A3#0002DFBA0002BF20
(1790953997.665343) can0 2A4#000118C7FFFD54F4
(1790953997.665468) can0 2A5#0000133A0000135D
(1790953997.665593) can0 2A6#FFFFF84700000253
(1790953997.665719) can0 2A7#00004EADFFFFFD8E
(1790953997.669981) can0 2A1#0100010000000000
(1790953997.670095) can0 2A2#0000E2BF000014CE
(1790953997.670219) can0 2A3#0002DFBA0002BF20
(1790953997.670345) can0 2A4#000118C7FFFD54F4
(1790953997.670443) can0 2A5#0000133A0000135D
(1790953997.670568) can0 2A6#FFFFF84700000253
(1790953997.670692) can0 2A7#00004EADFFFFFD8E
(1790953997.675000) can0 2A1#0100010000000000
(1790953997.675097) can0 2A2#0000E2BF000014CE
(1790953997.675221) can0 2A3#0002DFBA0002BF20
(1790953997.675345) can0 2A4#000118C7FFFD54F4
(1790953997.675467) can0 2A5#0000133A0000135D
(1790953997.675593) can0 2A6#FFFFF84700000253
(1790953997.675692) can0 2A7#00004EADFFFFFD8E
(1790953997.679983) can0 2A1#0100010000000000
(1790953997.680069) can0 2A2#0000E2BF000014CE
(1790953997.680205) can0 2A3#0002DFBA0002BF20
(1790953997.680344) can0 2A4#000118C7FFFD54F4
(1790953997.680471) can0 2A5#0000133A0000135D
(1790953997.680570) can0 2A6#FFFFF84700000253
(1790953997.680696) can0 2A7#00004EADFFFFFD8E
(1790953997.684977) can0 2A1#0100010000000000
(1790953997.685097) can0 2A2#0000E2BF000014CE
(1790953997.685221) can0 2A3#0002DFBA0002BF20
(1790953997.685345) can0 2A4#000118C7FFFD54F4
(1790953997.685471) can0 2A5#0000133A0000135D
(1790953997.685594) can0 2A6#FFFFF84700000253
(1790953997.685722) can0 2A7#00004EADFFFFFD8E
(1790953997.689996) can0 2A1#0100010000000000
(1790953997.690096) can0 2A2#0000E2BF000014CE
(1790953997.690197) can0 2A3#0002DFBA0002BF20
(1790953997.690347) can0 2A4#000118C7FFFD54F4
(1790953997.690471) can0 2A5#0000133A0000135D
(1790953997.690569) can0 2A6#FFFFF84700000253
(1790953997.690695) can0 2A7#00004EADFFFFFD8E
(1790953997.694977) can0 2A1#0100010000000000
(1790953997.695095) can0 2A2#0000E2BF000014CE
(1790953997.695220) can0 2A3#0002DFBA0002BF20
(1790953997.695341) can0 2A4#000118C7FFFD54F4
(1790953997.695466) can0 2A5#0000133A0000135D
(1790953997.695598) can0 2A6#FFFFF84700000253
(1790953997.695720) can0 2A7#00004EADFFFFFD8E
(1790953997.700162) can0 2A1#0100010000000000
(1790953997.700170) can0 2A2#0000E2BF000014CE
(1790953997.700220) can0 2A3#0002DFBA0002BF20
(1790953997.700321) can0 2A4#000118C7FFFD54F4
(1790953997.700447) can0 2A5#0000133A0000135D
(1790953997.700570) can0 2A6#FFFFF84700000253
(1790953997.700696) can0 2A7#00004EADFFFFFD8E
(1790953997.705027) can0 2A1#0100010000000000
(1790953997.705120) can0 2A2#0000E2BF000014CE
(1790953997.705221) can0 2A3#0002DFBA0002BF20
(1790953997.705357) can0 2A4#000118C7FFFD54F4
(1790953997.705469) can0 2A5#0000133A0000135D
(1790953997.705572) can0 2A6#FFFFF84700000253
(1790953997.705694) can0 2A7#00004EADFFFFFD8E
(1790953997.709975) can0 2A1#0100010000000000
(1790953997.710091) can0 2A2#0000E2BF000014CE
(1790953997.710220) can0 2A3#0002DFBA0002BF20
(1790953997.710344) can0 2A4#000118C7FFFD54F4
(1790953997.710441) can0 2A5#0000133A0000135D
(1790953997.710571) can0 2A6#FFFFF84700000253
(1790953997.710694) can0 2A7#00004EADFFFFFD8E
(1790953997.714978) can0 2A1#0100010000000000
(1790953997.715120) can0 2A2#0000E2BF000014CE
(1790953997.715219) can0 2A3#0002DFBA0002BF20
(1790953997.715343) can0 2A4#000118C7FFFD54F4
(1790953997.715467) can0 2A5#0000133A0000135D
(1790953997.715592) can0 2A6#FFFFF84700000253
(1790953997.715693) can0 2A7#00004EADFFFFFD8E
(1790953997.719976) can0 2A1#0100010000000000
(1790953997.720098) can0 2A2#0000E2BF000014CE
(1790953997.720221) can0 2A3#0002DFBA0002BF20
(1790953997.720347) can0 2A4#000118C7FFFD54F4
(1790953997.720446) can0 2A5#0000133A0000135D
(1790953997.720571) can0 2A6#FFFFF84700000253
(1790953997.720699) can0 2A7#00004EADFFFFFD8E
(1790953997.724976) can0 2A1#0100010000000000
(1790953997.725097) can0 2A2#0000E2BF000014CE
(1790953997.725221) can0 2A3#0002DFBA0002BF20
(1790953997.725348) can0 2A4#000118C7FFFD54F4
(1790953997.725472) can0 2A5#0000133A0000135D
(1790953997.725597) can0 2A6#FFFFF84700000253
(1790953997.725720) can0 2A7#00004EADFFFFFD8E
(1790953997.729975) can0 2A1#0100010000000000
(1790953997.730095) can0 2A2#0000E2BF000014CE
(1790953997.730217) can0 2A3#0002DFBA0002BF20
(1790953997.730319) can0 2A4#000118C7FFFD54F4
(1790953997.730444) can0 2A5#0000133A0000135D
(1790953997.730569) can0 2A6#FFFFF84700000253
(1790953997.730697) can0 2A7#00004EADFFFFFD8E
(1790953997.734975) can0 2A1#0100010000000000
(1790953997.735099) can0 2A2#0000E2BF000014CE
(1790953997.735219) can0 2A3#0002DFBA0002BF20
(1790953997.735343) can0 2A4#000118C7FFFD54F4
(1790953997.735468) can0 2A5#0000133A0000135D
(1790953997.735596) can0 2A6#FFFFF84700000253
(1790953997.735717) can0 2A7#00004EADFFFFFD8E
(1790953997.739980) can0 2A1#0100010000000000
(1790953997.740092) can0 2A2#0000E2BF000014CE
(1790953997.740218) can0 2A3#0002DFBA0002BF20
(1790953997.740318) can0 2A4#000118C7FFFD54F4
(1790953997.740442) can0 2A5#0000133A0000135D
(1790953997.740568) can0 2A6#FFFFF84700000253
(1790953997.740693) can0 2A7#00004EADFFFFFD8E
(1790953997.745004) can0 2A1#0100010000000000
(1790953997.745117) can0 2A2#0000E2BF000014CE
(1790953997.745217) can0 2A3#0002DFBA0002BF20
(1790953997.745343) can0 2A4#000118C7FFFD54F4
(1790953997.745467) can0 2A5#0000133A0000135D
(1790953997.745567) can0 2A6#FFFFF84700000253
(1790953997.745692) can0 2A7#00004EADFFFFFD8E
(1790953997.749973) can0 2A1#0100010000000000
(1790953997.750068) can0 2A2#0000E2BF000014CE
(1790953997.750218) can0 2A3#0002DFBA0002BF20
(1790953997.750342) can0 2A4#000118C7FFFD54F4
(1790953997.750443) can0 2A5#0000133A0000135D
(1790953997.750569) can0 2A6#FFFFF84700000253
(1790953997.750694) can0 2A7#00004EADFFFFFD8E
(1790953997.755003) can0 2A1#0100010000000000
(1790953997.755121) can0 2A2#0000E2BF000014CE
(1790953997.755220) can0 2A3#0002DFBA0002BF20
(1790953997.755344) can0 2A4#000118C7FFFD54F4
(1790953997.755470) can0 2A5#0000133A0000135D
(1790953997.755569) can0 2A6#FFFFF84700000253
(1790953997.755696) can0 2A7#00004EADFFFFFD8E
(1790953997.759976) can0 2A1#0100010000000000
(1790953997.760094) can0 2A2#0000E2BF000014CE
(1790953997.760194) can0 2A3#0002DFBA0002BF20
(1790953997.760319) can0 2A4#000118C7FFFD54F4
(1790953997.760444) can0 2A5#0000133A0000135D
(1790953997.760569) can0 2A6#FFFFF84700000253
(1790953997.760694) can0 2A7#00004EADFFFFFD8E
(1790953997.764997) can0 2A1#0100010000000000
(1790953997.765094) can0 2A2#0000E2BF000014CE
(1790953997.765219) can0 2A3#0002DFBA0002BF20
(1790953997.765344) can0 2A4#000118C7FFFD54F4
(1790953997.765469) can0 2A5#0000133A0000135D
(1790953997.765575) can0 2A6#FFFFF84700000253
(1790953997.765694) can0 2A7#00004EADFFFFFD8E
(1790953997.769981) can0 2A1#0100010000000000
(1790953997.770095) can0 2A2#0000E2BF000014CE
(1790953997.770198) can0 2A3#0002DFBA0002BF20
(1790953997.770321) can0 2A4#000118C7FFFD54F4
(1790953997.770469) can0 2A5#0000133A0000135D
(1790953997.770570) can0 2A6#FFFFF84700000253
(1790953997.770694) can0 2A7#00004EADFFFFFD8E
(1790953997.774998) can0 2A1#0100010000000000
(1790953997.775095) can0 2A2#0000E2BF000014CE
(1790953997.775220) can0 2A3#0002DFBA0002BF20
(1790953997.775347) can0 2A4#000118C7FFFD54F4
(1790953997.775470) can0 2A5#0000133A0000135D
(1790953997.775595) can0 2A6#FFFFF84700000253
(1790953997.775697) can0 2A7#00004EADFFFFFD8E
(1790953997.779972) can0 2A1#0100010000000000
(1790953997.780095) can0 2A2#0000E2BF000014CE
(1790953997.780218) can0 2A3#0002DFBA0002BF20
(1790953997.780319) can0 2A4#000118C7FFFD54F4
(1790953997.780442) can0 2A5#0000133A0000135D
(1790953997.780569) can0 2A6#FFFFF84700000253
(1790953997.780692) can0 2A7#00004EADFFFFFD8E
(1790953997.785006) can0 2A1#0100010000000000
(1790953997.785119) can0 2A2#0000E2BF000014CE
(1790953997.785242) can0 2A3#0002DFBA0002BF20
(1790953997.785342) can0 2A4#000118C7FFFD54F4
(1790953997.785468) can0 2A5#0000133A0000135D
(1790953997.785595) can0 2A6#FFFFF84700000253
(1790953997.785693) can0 2A7#00004EADFFFFFD8E
(1790953997.789980) can0 2A1#0100010000000000
(1790953997.790092) can0 2A2#0000E2BF000014CE
(1790953997.790220) can0 2A3#0002DFBA0002BF20
(1790953997.790342) can0 2A4#000118C7FFFD54F4
(1790953997.790443) can0 2A5#0000133A0000135D
(1790953997.790568) can0 2A6#FFFFF84700000253
(1790953997.790699) can0 2A7#00004EADFFFFFD8E
(1790953997.795004) can0 2A1#0100010000000000
(1790953997.795099) can0 2A2#0000E2BF000014CE
(1790953997.795220) can0 2A3#0002DFBA0002BF20
(1790953997.795344) can0 2A4#000118C7FFFD54F4
(1790953997.795443) can0 2A5#0000133A0000135D
(1790953997.795568) can0 2A6#FFFFF84700000253
(1790953997.795719) can0 2A7#00004EADFFFFFD8E
(1790953997.799978) can0 2A1#0100010000000000
(1790953997.800100) can0 2A2#0000E2BF000014CE
(1790953997.800221) can0 2A3#0002DFBA0002BF20
(1790953997.800342) can0 2A4#000118C7FFFD54F4
(1790953997.800443) can0 2A5#0000133A0000135D
(1790953997.800568) can0 2A6#FFFFF84700000253
(1790953997.800693) can0 2A7#00004EADFFFFFD8E
(1790953997.805017) can0 2A1#0100010000000000
(1790953997.805118) can0 2A2#0000E2BF000014CE
(1790953997.805218) can0 2A3#0002DFBA0002BF20
(1790953997.805343) can0 2A4#000118C7FFFD54F4
(1790953997.805467) can0 2A5#0000133A0000135D
(1790953997.805594) can0 2A6#FFFFF84700000253
(1790953997.805698) can0 2A7#00004EADFFFFFD8E
(1790953997.809976) can0 2A1#0100010000000000
(1790953997.810095) can0 2A2#0000E2BF000014CE
(1790953997.810223) can0 2A3#0002DFBA0002BF20
(1790953997.810343) can0 2A4#000118C7FFFD54F4
(1790953997.810470) can0 2A5#0000133A0000135D
(1790953997.810570) can0 2A6#FFFFF84700000253
(1790953997.810695) can0 2A7#00004EADFFFFFD8E
(1790953997.814977) can0 2A1#0100010000000000
(1790953997.815098) can0 2A2#0000E2BF000014CE
(1790953997.815221) can0 2A3#0002DFBA0002BF20
(1790953997.815343) can0 2A4#000118C7FFFD54F4
(1790953997.815471) can0 2A5#0000133A0000135D
(1790953997.815594) can0 2A6#FFFFF84700000253
(1790953997.815696) can0 2A7#00004EADFFFFFD8E
(1790953997.819976) can0 2A1#0100010000000000
(1790953997.820097) can0 2A2#0000E2BF000014CE
(1790953997.820222) can0 2A3#0002DFBA0002BF20
(1790953997.820345) can0 2A4#000118C7FFFD54F4
(1790953997.820444) can0 2A5#0000133A0000135D
(1790953997.820569) can0 2A6#FFFFF84700000253
(1790953997.820694) can0 2A7#00004EADFFFFFD8E
(1790953997.824998) can0 2A1#0100010000000000
(1790953997.825099) can0 2A2#0000E2BF000014CE
(1790953997.825223) can0 2A3#0002DFBA0002BF20
(1790953997.825347) can0 2A4#000118C7FFFD54F4
(1790953997.825475) can0 2A5#0000133A0000135D
(1790953997.825598) can0 2A6#FFFFF84700000253
(1790953997.825724) can0 2A7#00004EADFFFFFD8E
(1790953997.829978) can0 2A1#0100010000000000
(1790953997.830094) can0 2A2#0000E2BF000014CE
(1790953997.830222) can0 2A3#0002DFBA0002BF20
(1790953997.830318) can0 2A4#000118C7FFFD54F4
(1790953997.830444) can0 2A5#0000133A0000135D
(1790953997.830569) can0 2A6#FFFFF84700000253
(1790953997.830698) can0 2A7#00004EADFFFFFD8E
(1790953997.834975) can0 2A1#0100010000000000
(1790953997.835093) can0 2A2#0000E2BF000014CE
(1790953997.835218) can0 2A3#0002DFBA0002BF20
(1790953997.835343) can0 2A4#000118C7FFFD54F4
(1790953997.835468) can0 2A5#0000133A0000135D
(1790953997.835593) can0 2A6#FFFFF84700000253
(1790953997.835694) can0 2A7#00004EADFFFFFD8E
(1790953997.839982) can0 2A1#0100010000000000
(1790953997.840097) can0 2A2#0000E2BF000014CE
(1790953997.840218) can0 2A3#0002DFBA0002BF20
(1790953997.840343) can0 2A4#000118C7FFFD54F4
(1790953997.840442) can0 2A5#0000133A0000135D
(1790953997.840571) can0 2A6#FFFFF84700000253
(1790953997.840694) can0 2A7#00004EADFFFFFD8E
(1790953997.844971) can0 2A1#0100010000000000
(1790953997.845092) can0 2A2#0000E2BF000014CE
(1790953997.845218) can0 2A3#0002DFBA0002BF20
(1790953997.845344) can0 2A4#000118C7FFFD54F4
(1790953997.845468) can0 2A5#0000133A0000135D
(1790953997.845593) can0 2A6#FFFFF84700000253
(1790953997.845720) can0 2A7#00004EADFFFFFD8E
(1790953997.849984) can0 2A1#0100010000000000
(1790953997.850094) can0 2A2#0000E2BF000014CE
(1790953997.850220) can0 2A3#0002DFBA0002BF20
(1790953997.850345) can0 2A4#000118C7FFFD54F4
(1790953997.850444) can0 2A5#0000133A0000135D
(1790953997.850568) can0 2A6#FFFFF84700000253
(1790953997.850694) can0 2A7#00004EADFFFFFD8E
(1790953997.854996) can0 2A1#0100010000000000
(1790953997.855096) can0 2A2#0000E2BF000014CE
(1790953997.855234) can0 2A3#0002DFBA0002BF20
(1790953997.855347) can0 2A4#000118C7FFFD54F4
(1790953997.855472) can0 2A5#0000133A0000135D
(1790953997.855597) can0 2A6#FFFFF84700000253
(1790953997.855721) can0 2A7#00004EADFFFFFD8E
(1790953997.859981) can0 2A1#0100010000000000
(1790953997.860096) can0 2A2#0000E2BF000014CE
(1790953997.860194) can0 2A3#0002DFBA0002BF20
(1790953997.860319) can0 2A4#000118C7FFFD54F4
(1790953997.860469) can0 2A5#0000133A0000135D
(1790953997.860569) can0 2A6#FFFFF84700000253
(1790953997.860695) can0 2A7#00004EADFFFFFD8E
(1790953997.864999) can0 2A1#0100010000000000
(1790953997.865091) can0 2A2#0000E2BF000014CE
(1790953997.865219) can0 2A3#0002DFBA0002BF20
(1790953997.865344) can0 2A4#000118C7FFFD54F4
(1790953997.865467) can0 2A5#0000133A0000135D
(1790953997.865592) can0 2A6#FFFFF84700000253
(1790953997.865694) can0 2A7#00004EADFFFFFD8E
(1790953997.869973) can0 2A1#0100010000000000
(1790953997.870094) can0 2A2#0000E2BF000014CE
(1790953997.870220) can0 2A3#0002DFBA0002BF20
(1790953997.870346) can0 2A4#000118C7FFFD54F4
(1790953997.870445) can0 2A5#0000133A0000135D
(1790953997.870569) can0 2A6#FFFFF84700000253
(1790953997.870694) can0 2A7#00004EADFFFFFD8E
(1790953997.874976) can0 2A1#0100010000000000
(1790953997.875095) can0 2A2#0000E2BF000014CE
(1790953997.875221) can0 2A3#0002DFBA0002BF20
(1790953997.875344) can0 2A4#000118C7FFFD54F4
(1790953997.875469) can0 2A5#0000133A0000135D
(1790953997.875595) can0 2A6#FFFFF84700000253
(1790953997.875722) can0 2A7#00004EADFFFFFD8E
(1790953997.879975) can0 2A1#0100010000000000
(1790953997.880093) can0 2A2#0000E2BF000014CE
(1790953997.880224) can0 2A3#0002DFBA0002BF20
(1790953997.880346) can0 2A4#000118C7FFFD54F4
(1790953997.880445) can0 2A5#0000133A0000135D
(1790953997.880570) can0 2A6#FFFFF84700000253
(1790953997.880696) can0 2A7#00004EADFFFFFD8E
(1790953997.885008) can0 2A1#0100010000000000
(1790953997.885121) can0 2A2#0000E2BF000014CE
(1790953997.885223) can0 2A3#0002DFBA0002BF20
(1790953997.885345) can0 2A4#000118C7FFFD54F4
(1790953997.885470) can0 2A5#0000133A0000135D
(1790953997.885572) can0 2A6#FFFFF84700000253
(1790953997.885696) can0 2A7#00004EADFFFFFD8E
(1790953997.889971) can0 2A1#0100010000000000
(1790953997.890096) can0 2A2#0000E2BF000014CE
(1790953997.890219) can0 2A3#0002DFBA0002BF20
(1790953997.890320) can0 2A4#000118C7FFFD54F4
(1790953997.890445) can0 2A5#0000133A0000135D
(1790953997.890570) can0 2A6#FFFFF84700000253
(1790953997.890695) can0 2A7#00004EADFFFFFD8E
(1790953997.894976) can0 2A1#0100010000000000
(1790953997.895095) can0 2A2#0000E2BF000014CE
(1790953997.895220) can0 2A3#0002DFBA0002BF20
(1790953997.895345) can0 2A4#000118C7FFFD54F4
(1790953997.895470) can0 2A5#0000133A0000135D
(1790953997.895597) can0 2A6#FFFFF84700000253
(1790953997.895720) can0 2A7#00004EADFFFFFD8E
(1790953997.899977) can0 2A1#0100010000000000
(1790953997.900095) can0 2A2#0000E2BF000014CE
(1790953997.900221) can0 2A3#0002DFBA0002BF20
(1790953997.900346) can0 2A4#000118C7FFFD54F4
(1790953997.900445) can0 2A5#0000133A0000135D
(1790953997.900570) can0 2A6#FFFFF84700000253
(1790953997.900695) can0 2A7#00004EADFFFFFD8E
(1790953997.904996) can0 2A1#0100010000000000
(1790953997.905096) can0 2A2#0000E2BF000014CE
(1790953997.905220) can0 2A3#0002DFBA0002BF20
(1790953997.905346) can0 2A4#000118C7FFFD54F4
(1790953997.905470) can0 2A5#0000133A0000135D
(1790953997.905595) can0 2A6#FFFFF84700000253
(1790953997.905720) can0 2A7#00004EADFFFFFD8E
(1790953997.909970) can0 2A1#0100010000000000
(1790953997.910094) can0 2A2#0000E2BF000014CE
(1790953997.910195) can0 2A3#0002DFBA0002BF20
(1790953997.910346) can0 2A4#000118C7FFFD54F4
(1790953997.910470) can0 2A5#0000133A0000135D
(1790953997.910570) can0 2A6#FFFFF84700000253
(1790953997.910695) can0 2A7#00004EADFFFFFD8E
(1790953997.914998) can0 2A1#0100010000000000
(1790953997.915096) can0 2A2#0000E2BF000014CE
(1790953997.915220) can0 2A3#0002DFBA0002BF20
(1790953997.915346) can0 2A4#000118C7FFFD54F4
(1790953997.915470) can0 2A5#0000133A0000135D
(1790953997.915595) can0 2A6#FFFFF84700000253
(1790953997.915696) can0 2A7#00004EADFFFFFD8E
(1790953997.919976) can0 2A1#0100010000000000
(1790953997.920074) can0 2A2#0000E2BF000014CE
(1790953997.920222) can0 2A3#0002DFBA0002BF20
(1790953997.920321) can0 2A4#000118C7FFFD54F4
(1790953997.920471) can0 2A5#0000133A0000135D
(1790953997.920572) can0 2A6#FFFFF84700000253
(1790953997.920697) can0 2A7#00004EADFFFFFD8E
(1790953997.925009) can0 2A1#0100010000000000
(1790953997.925104) can0 2A2#0000E2BF000014CE
(1790953997.925221) can0 2A3#0002DFBA0002BF20
(1790953997.925346) can0 2A4#000118C7FFFD54F4
(1790953997.925471) can0 2A5#0000133A0000135D
(1790953997.925595) can0 2A6#FFFFF84700000253
(1790953997.925720) can0 2A7#00004EADFFFFFD8E
(1790953997.929972) can0 2A1#0100010000000000
(1790953997.930093) can0 2A2#0000E2BF000014CE
(1790953997.930221) can0 2A3#0002DFBA0002BF20
(1790953997.930345) can0 2A4#000118C7FFFD54F4
(1790953997.930469) can0 2A5#0000133A0000135D
(1790953997.930570) can0 2A6#FFFFF84700000253
(1790953997.930694) can0 2A7#00004EADFFFFFD8E
(1790953997.934977) can0 2A1#0100010000000000
(1790953997.935096) can0 2A2#0000E2BF000014CE
(1790953997.935222) can0 2A3#0002DFBA0002BF20
(1790953997.935345) can0 2A4#000118C7FFFD54F4
(1790953997.935468) can0 2A5#0000133A0000135D
(1790953997.935594) can0 2A6#FFFFF84700000253
(1790953997.935696) can0 2A7#00004EADFFFFFD8E
(1790953997.939985) can0 2A1#0100010000000000
(1790953997.940098) can0 2A2#0000E2BF000014CE
(1790953997.940222) can0 2A3#0002DFBA0002BF20
(1790953997.940318) can0 2A4#000118C7FFFD54F4
(1790953997.940445) can0 2A5#0000133A0000135D
(1790953997.940570) can0 2A6#FFFFF84700000253
(1790953997.940696) can0 2A7#00004EADFFFFFD8E
(1790953997.945002) can0 2A1#0100010000000000
(1790953997.945093) can0 2A2#0000E2BF000014CE
(1790953997.945220) can0 2A3#0002DFBA0002BF20
(1790953997.945343) can0 2A4#000118C7FFFD54F4
(1790953997.945468) can0 2A5#0000133A0000135D
(1790953997.945568) can0 2A6#FFFFF84700000253
(1790953997.945695) can0 2A7#00004EADFFFFFD8E
(1790953997.949970) can0 2A1#0100010000000000
(1790953997.950094) can0 2A2#0000E2BF000014CE
(1790953997.950218) can0 2A3#0002DFBA0002BF20
(1790953997.950319) can0 2A4#000118C7FFFD54F4
(1790953997.950469) can0 2A5#0000133A0000135D
(1790953997.950569) can0 2A6#FFFFF84700000253
(1790953997.950694) can0 2A7#00004EADFFFFFD8E
(1790953997.955000) can0 2A1#0100010000000000
(1790953997.955093) can0 2A2#0000E2BF000014CE
(1790953997.955219) can0 2A3#0002DFBA0002BF20
(1790953997.955344) can0 2A4#000118C7FFFD54F4
(1790953997.955469) can0 2A5#0000133A0000135D
(1790953997.955595) can0 2A6#FFFFF84700000253
(1790953997.955720) can0 2A7#00004EADFFFFFD8E
(1790953997.959970) can0 2A1#0100010000000000
(1790953997.960094) can0 2A2#0000E2BF000014CE
(1790953997.960194) can0 2A3#0002DFBA0002BF20
(1790953997.960344) can0 2A4#000118C7FFFD54F4
(1790953997.960469) can0 2A5#0000133A0000135D
(1790953997.960569) can0 2A6#FFFFF84700000253
(1790953997.960694) can0 2A7#00004EADFFFFFD8E
(1790953997.965000) can0 2A1#0100010000000000
(1790953997.965096) can0 2A2#0000E2BF000014CE
(1790953997.965221) can0 2A3#0002DFBA0002BF20
(1790953997.965345) can0 2A4#000118C7FFFD54F4
(1790953997.965471) can0 2A5#0000133A0000135D
(1790953997.965595) can0 2A6#FFFFF84700000253
(1790953997.965721) can0 2A7#00004EADFFFFFD8E
(1790953997.969980) can0 2A1#0100010000000000
(1790953997.970098) can0 2A2#0000E2BF000014CE
(1790953997.970223) can0 2A3#0002DFBA0002BF20
(1790953997.970347) can0 2A4#000118C7FFFD54F4
(1790953997.970446) can0 2A5#0000133A0000135D
(1790953997.970580) can0 2A6#FFFFF84700000253
(1790953997.970704) can0 2A7#00004EADFFFFFD8E
(1790953997.975024) can0 2A1#0100010000000000
(1790953997.975125) can0 2A2#0000E2BF000014CE
(1790953997.975222) can0 2A3#0002DFBA0002BF20
(1790953997.975349) can0 2A4#000118C7FFFD54F4
(1790953997.975473) can0 2A5#0000133A0000135D
(1790953997.975571) can0 2A6#FFFFF84700000253
(1790953997.975696) can0 2A7#00004EADFFFFFD8E
(1790953997.979973) can0 2A1#0100010000000000
(1790953997.980099) can0 2A2#0000E2BF000014CE
(1790953997.980220) can0 2A3#0002DFBA0002BF20
(1790953997.980319) can0 2A4#000118C7FFFD54F4
(1790953997.980444) can0 2A5#0000133A0000135D
(1790953997.980570) can0 2A6#FFFFF84700000253
(1790953997.980704) can0 2A7#00004EADFFFFFD8E
(1790953997.985067) can0 2A1#0100010000000000
(1790953997.985093) can0 2A2#0000E2BF000014CE
(1790953997.985217) can0 2A3#0002DFBA0002BF20
(1790953997.985343) can0 2A4#000118C7FFFD54F4
(1790953997.985470) can0 2A5#0000133A0000135D
(1790953997.985568) can0 2A6#FFFFF84700000253
(1790953997.985719) can0 2A7#00004EADFFFFFD8E
(1790953997.989971) can0 2A1#0100010000000000
(1790953997.990093) can0 2A2#0000E2BF000014CE
(1790953997.990218) can0 2A3#0002DFBA0002BF20
(1790953997.990317) can0 2A4#000118C7FFFD54F4
(1790953997.990442) can0 2A5#0000133A0000135D
(1790953997.990574) can0 2A6#FFFFF84700000253
(1790953997.990693) can0 2A7#00004EADFFFFFD8E
(1790953997.995006) can0 2A1#0100010000000000
(1790953997.995093) can0 2A2#0000E2BF000014CE
(1790953997.995218) can0 2A3#0002DFBA0002BF20
(1790953997.995343) can0 2A4#000118C7FFFD54F4
(1790953997.995468) can0 2A5#0000133A0000135D
(1790953997.995567) can0 2A6#FFFFF84700000253
(1790953997.995691) can0 2A7#00004EADFFFFFD8E
(1790953997.999975) can0 2A1#0100010000000000
(1790953998.000095) can0 2A2#0000E2BF000014CE
(1790953998.000219) can0 2A3#0002DFBA0002BF20
(1790953998.000344) can0 2A4#000118C7FFFD54F4
(1790953998.000468) can0 2A5#0000133A0000135D
(1790953998.000568) can0 2A6#FFFFF84700000253
(1790953998.000693) can0 2A7#00004EADFFFFFD8E
(1790953998.005008) can0 2A1#0100010000000000
(1790953998.005094) can0 2A2#0000E2BF000014CE
(1790953998.005228) can0 2A3#0002DFBA0002BF20
(1790953998.005345) can0 2A4#000118C7FFFD54F4
(1790953998.005468) can0 2A5#0000133A0000135D
(1790953998.005595) can0 2A6#FFFFF84700000253
(1790953998.005694) can0 2A7#00004EADFFFFFD8E
(1790953998.009971) can0 2A1#0100010000000000
(1790953998.010094) can0 2A2#0000E2BF000014CE
(1790953998.010221) can0 2A3#0002DFBA0002BF20
(1790953998.010320) can0 2A4#000118C7FFFD54F4
(1790953998.010445) can0 2A5#0000133A0000135D
(1790953998.010569) can0 2A6#FFFFF84700000253
(1790953998.010693) can0 2A7#00004EADFFFFFD8E
(1790953998.014973) can0 2A1#0100010000000000
(1790953998.015118) can0 2A2#0000E2BF000014CE
(1790953998.015218) can0 2A3#0002DFBA0002BF20
(1790953998.015348) can0 2A4#000118C7FFFD54F4
(1790953998.015470) can0 2A5#0000133A0000135D
(1790953998.015596) can0 2A6#FFFFF84700000253
(1790953998.015694) can0 2A7#00004EADFFFFFD8E
(1790953998.019973) can0 2A1#0100010000000000
(1790953998.020093) can0 2A2#0000E2BF000014CE
(1790953998.020221) can0 2A3#0002DFBA0002BF20
(1790953998.020319) can0 2A4#000118C7FFFD54F4
(1790953998.020445) can0 2A5#0000133A0000135D
(1790953998.020569) can0 2A6#FFFFF84700000253
(1790953998.020698) can0 2A7#00004EADFFFFFD8E
(1790953998.025000) can0 2A1#0100010000000000
(1790953998.025116) can0 2A2#0000E2BF000014CE
(1790953998.025218) can0 2A3#0002DFBA0002BF20
(1790953998.025343) can0 2A4#000118C7FFFD54F4
(1790953998.025468) can0 2A5#0000133A0000135D
(1790953998.025568) can0 2A6#FFFFF84700000253
(1790953998.025694) can0 2A7#00004EADFFFFFD8E
(1790953998.030213) can0 2A1#0100010000000000
(1790953998.030217) can0 2A2#0000E2BF000014CE
(1790953998.030218) can0 2A3#0002DFBA0002BF20
(1790953998.030346) can0 2A4#000118C7FFFD54F4
(1790953998.030445) can0 2A5#0000133A0000135D
(1790953998.030570) can0 2A6#FFFFF84700000253
(1790953998.030695) can0 2A7#00004EADFFFFFD8E
(1790953998.034999) can0 2A1#0100010000000000
(1790953998.035093) can0 2A2#0000E2BF000014CE
(1790953998.035220) can0 2A3#0002DFBA0002BF20
(1790953998.035343) can0 2A4#000118C7FFFD54F4
(1790953998.035469) can0 2A5#0000133A0000135D
(1790953998.035596) can0 2A6#FFFFF84700000253
(1790953998.035693) can0 2A7#00004EADFFFFFD8E
(1790953998.039971) can0 2A1#0100010000000000
(1790953998.040094) can0 2A2#0000E2BF000014CE
(1790953998.040221) can0 2A3#0002DFBA0002BF20
(1790953998.040321) can0 2A4#000118C7FFFD54F4
(1790953998.040446) can0 2A5#0000133A0000135D
(1790953998.040573) can0 2A6#FFFFF84700000253
(1790953998.040694) can0 2A7#00004EADFFFFFD8E
(1790953998.045000) can0 2A1#0100010000000000
(1790953998.045097) can0 2A2#0000E2BF000014CE
(1790953998.045219) can0 2A3#0002DFBA0002BF20
(1790953998.045344) can0 2A4#000118C7FFFD54F4
(1790953998.045470) can0 2A5#0000133A0000135D
(1790953998.045569) can0 2A6#FFFFF84700000253
(1790953998.045694) can0 2A7#00004EADFFFFFD8E
(1790953998.049968) can0 2A1#0100010000000000
(1790953998.050094) can0 2A2#0000E2BF000014CE
(1790953998.050218) can0 2A3#0002DFBA0002BF20
(1790953998.050317) can0 2A4#000118C7FFFD54F4
(1790953998.050443) can0 2A5#0000133A0000135D
(1790953998.050567) can0 2A6#FFFFF84700000253
(1790953998.050694) can0 2A7#00004EADFFFFFD8E
(1790953998.055003) can0 2A1#0100010000000000
(1790953998.055118) can0 2A2#0000E2BF000014CE
(1790953998.055244) can0 2A3#0002DFBA0002BF20
(1790953998.055369) can0 2A4#000118C7FFFD54F4
(1790953998.055469) can0 2A5#0000133A0000135D
(1790953998.055594) can0 2A6#FFFFF84700000253
(1790953998.055719) can0 2A7#00004EADFFFFFD8E
(1790953998.059975) can0 2A1#0100010000000000
(1790953998.060097) can0 2A2#0000E2BF000014CE
(1790953998.060217) can0 2A3#0002DFBA0002BF20
(1790953998.060343) can0 2A4#000118C7FFFD54F4
(1790953998.060441) can0 2A5#0000133A0000135D
(1790953998.060568) can0 2A6#FFFFF84700000253
(1790953998.060693) can0 2A7#00004EADFFFFFD8E
(1790953998.064974) can0 2A1#0100010000000000
(1790953998.065093) can0 2A2#0000E2BF000014CE
(1790953998.065218) can0 2A3#0002DFBA0002BF20
(1790953998.065347) can0 2A4#000118C7FFFD54F4
(1790953998.065469) can0 2A5#0000133A0000135D
(1790953998.065593) can0 2A6#FFFFF84700000253
(1790953998.065694) can0 2A7#00004EADFFFFFD8E
(1790953998.069974) can0 2A1#0100010000000000
(1790953998.070093) can0 2A2#0000E2BF000014CE
(1790953998.070220) can0 2A3#0002DFBA0002BF20
(1790953998.070349) can0 2A4#000118C7FFFD54F4
(1790953998.070445) can0 2A5#0000133A0000135D
(1790953998.070570) can0 2A6#FFFFF84700000253
(1790953998.070695) can0 2A7#00004EADFFFFFD8E
(1790953998.074981) can0 2A1#0100010000000000
(1790953998.075099) can0 2A2#0000E2BF000014CE
(1790953998.075221) can0 2A3#0002DFBA0002BF20
(1790953998.075349) can0 2A4#000118C7FFFD54F4
(1790953998.075468) can0 2A5#0000133A0000135D
(1790953998.075594) can0 2A6#FFFFF84700000253
(1790953998.075721) can0 2A7#00004EADFFFFFD8E
(1790953998.079972) can0 2A1#0100010000000000
(1790953998.080096) can0 2A2#0000E2BF000014CE
(1790953998.080216) can0 2A3#0002DFBA0002BF20
(1790953998.080316) can0 2A4#000118C7FFFD54F4
(1790953998.080446) can0 2A5#0000133A0000135D
(1790953998.080578) can0 2A6#FFFFF84700000253
(1790953998.080692) can0 2A7#00004EADFFFFFD8E
(1790953998.084998) can0 2A1#0100010000000000
(1790953998.085107) can0 2A2#0000E2BF000014CE
(1790953998.085221) can0 2A3#0002DFBA0002BF20
(1790953998.085345) can0 2A4#000118C7FFFD54F4
(1790953998.085470) can0 2A5#0000133A0000135D
(1790953998.085570) can0 2A6#FFFFF84700000253
(1790953998.085696) can0 2A7#00004EADFFFFFD8E
(1790953998.089980) can0 2A1#0100010000000000
(1790953998.090098) can0 2A2#0000E2BF000014CE
(1790953998.090223) can0 2A3#0002DFBA0002BF20
(1790953998.090347) can0 2A4#000118C7FFFD54F4
(1790953998.090445) can0 2A5#0000133A0000135D
(1790953998.090569) can0 2A6#FFFFF84700000253
(1790953998.090700) can0 2A7#00004EADFFFFFD8E
(1790953998.095002) can0 2A1#0100010000000000
(1790953998.095095) can0 2A2#0000E2BF000014CE
(1790953998.095222) can0 2A3#0002DFBA0002BF20
(1790953998.095344) can0 2A4#000118C7FFFD54F4
(1790953998.095469) can0 2A5#0000133A0000135D
(1790953998.095595) can0 2A6#FFFFF84700000253
(1790953998.095697) can0 2A7#00004EADFFFFFD8E
(1790953998.099976) can0 2A1#0100010000000000
(1790953998.100092) can0 2A2#0000E2BF000014CE
(1790953998.100218) can0 2A3#0002DFBA0002BF20
(1790953998.100344) can0 2A4#000118C7FFFD54F4
(1790953998.100468) can0 2A5#0000133A0000135D
(1790953998.100569) can0 2A6#FFFFF84700000253
(1790953998.100693) can0 2A7#00004EADFFFFFD8E
(1790953998.105010) can0 2A1#0100010000000000
(1790953998.105095) can0 2A2#0000E2BF000014CE
(1790953998.105220) can0 2A3#0002DFBA0002BF20
(1790953998.105344) can0 2A4#000118C7FFFD54F4
(1790953998.105469) can0 2A5#0000133A0000135D
(1790953998.105595) can0 2A6#FFFFF84700000253
(1790953998.105721) can0 2A7#00004EADFFFFFD8E
(1790953998.109985) can0 2A1#0100010000000000
(1790953998.110094) can0 2A2#0000E2BF000014CE
(1790953998.110221) can0 2A3#0002DFBA0002BF20
(1790953998.110319) can0 2A4#000118C7FFFD54F4
(1790953998.110443) can0 2A5#0000133A0000135D
(1790953998.110571) can0 2A6#FFFFF84700000253
(1790953998.110695) can0 2A7#00004EADFFFFFD8E
(1790953998.115005) can0 2A1#0100010000000000
(1790953998.115092) can0 2A2#0000E2BF000014CE
(1790953998.115219) can0 2A3#0002DFBA0002BF20
(1790953998.115342) can0 2A4#000118C7FFFD54F4
(1790953998.115468) can0 2A5#0000133A0000135D
(1790953998.115567) can0 2A6#FFFFF84700000253
(1790953998.115692) can0 2A7#00004EADFFFFFD8E
(1790953998.119971) can0 2A1#0100010000000000
(1790953998.120094) can0 2A2#0000E2BF000014CE
(1790953998.120220) can0 2A3#0002DFBA0002BF20
(1790953998.120321) can0 2A4#000118C7FFFD54F4
(1790953998.120445) can0 2A5#0000133A0000135D
(1790953998.120570) can0 2A6#FFFFF84700000253
(1790953998.120695) can0 2A7#00004EADFFFFFD8E
(1790953998.125011) can0 2A1#0100010000000000
(1790953998.125104) can0 2A2#0000E2BF000014CE
(1790953998.125220) can0 2A3#0002DFBA0002BF20
(1790953998.125344) can0 2A4#000118C7FFFD54F4
(1790953998.125469) can0 2A5#0000133A0000135D
(1790953998.125569) can0 2A6#FFFFF84700000253
(1790953998.125724) can0 2A7#00004EADFFFFFD8E
(1790953998.129978) can0 2A1#0100010000000000
(1790953998.130095) can0 2A2#0000E2BF000014CE
(1790953998.130221) can0 2A3#0002DFBA0002BF20
(1790953998.130344) can0 2A4#000118C7FFFD54F4
(1790953998.130444) can0 2A5#0000133A0000135D
(1790953998.130569) can0 2A6#FFFFF84700000253
(1790953998.130696) can0 2A7#00004EADFFFFFD8E
(1790953998.134979) can0 2A1#0100010000000000
(1790953998.135094) can0 2A2#0000E2BF000014CE
(1790953998.135221) can0 2A3#0002DFBA0002BF20
(1790953998.135348) can0 2A4#000118C7FFFD54F4
(1790953998.135471) can0 2A5#0000133A0000135D
(1790953998.135596) can0 2A6#FFFFF84700000253
(1790953998.135722) can0 2A7#00004EADFFFFFD8E
(1790953998.139976) can0 2A1#0100010000000000
(1790953998.140094) can0 2A2#0000E2BF000014CE
(1790953998.140220) can0 2A3#0002DFBA0002BF20
(1790953998.140342) can0 2A4#000118C7FFFD54F4
(1790953998.140469) can0 2A5#0000133A0000135D
(1790953998.140570) can0 2A6#FFFFF84700000253
(1790953998.140694) can0 2A7#00004EADFFFFFD8E
(1790953998.144997) can0 2A1#0100010000000000
(1790953998.145094) can0 2A2#0000E2BF000014CE
(1790953998.145220) can0 2A3#0002DFBA0002BF20
(1790953998.145342) can0 2A4#000118C7FFFD54F4
(1790953998.145469) can0 2A5#0000133A0000135D
(1790953998.145593) can0 2A6#FFFFF84700000253
(1790953998.145718) can0 2A7#00004EADFFFFFD8E
(1790953998.149981) can0 2A1#0100010000000000
(1790953998.150095) can0 2A2#0000E2BF000014CE
(1790953998.150220) can0 2A3#0002DFBA0002BF20
(1790953998.150346) can0 2A4#000118C7FFFD54F4
(1790953998.150470) can0 2A5#0000133A0000135D
(1790953998.150572) can0 2A6#FFFFF84700000253
(1790953998.150695) can0 2A7#00004EADFFFFFD8E
(1790953998.154986) can0 2A1#0100010000000000
(1790953998.155123) can0 2A2#0000E2BF000014CE
(1790953998.155245) can0 2A3#0002DFBA0002BF20
(1790953998.155344) can0 2A4#000118C7FFFD54F4
(1790953998.155471) can0 2A5#0000133A0000135D
(1790953998.155595) can0 2A6#FFFFF84700000253
(1790953998.155695) can0 2A7#00004EADFFFFFD8E
(1790953998.159984) can0 2A1#0100010000000000
(1790953998.160095) can0 2A2#0000E2BF000014CE
(1790953998.160220) can0 2A3#0002DFBA0002BF20
(1790953998.160344) can0 2A4#000118C7FFFD54F4
(1790953998.160447) can0 2A5#0000133A0000135D
(1790953998.160582) can0 2A6#FFFFF84700000253
(1790953998.160695) can0 2A7#00004EADFFFFFD8E
(1790953998.165007) can0 2A1#0100010000000000
(1790953998.165097) can0 2A2#0000E2BF000014CE
(1790953998.165245) can0 2A3#0002DFBA0002BF20
(1790953998.165343) can0 2A4#000118C7FFFD54F4
(1790953998.165468) can0 2A5#0000133A0000135D
(1790953998.165595) can0 2A6#FFFFF84700000253
(1790953998.165719) can0 2A7#00004EADFFFFFD8E
(1790953998.169987) can0 2A1#0100010000000000
(1790953998.170096) can0 2A2#0000E2BF000014CE
(1790953998.170219) can0 2A3#0002DFBA0002BF20
(1790953998.170345) can0 2A4#000118C7FFFD54F4
(1790953998.170473) can0 2A5#0000133A0000135D
(1790953998.170572) can0 2A6#FFFFF84700000253
(1790953998.170697) can0 2A7#00004EADFFFFFD8E
(1790953998.175005) can0 2A1#0100010000000000
(1790953998.175095) can0 2A2#0000E2BF000014CE
(1790953998.175223) can0 2A3#0002DFBA0002BF20
(1790953998.175344) can0 2A4#000118C7FFFD54F4
(1790953998.175471) can0 2A5#0000133A0000135D
(1790953998.175597) can0 2A6#FFFFF84700000253
(1790953998.175720) can0 2A7#00004EADFFFFFD8E
(1790953998.179967) can0 2A1#0100010000000000
(1790953998.180093) can0 2A2#0000E2BF000014CE
(1790953998.180220) can0 2A3#0002DFBA0002BF20
(1790953998.180343) can0 2A4#000118C7FFFD54F4
(1790953998.180469) can0 2A5#0000133A0000135D
(1790953998.180568) can0 2A6#FFFFF84700000253
(1790953998.180694) can0 2A7#00004EADFFFFFD8E
(1790953998.184996) can0 2A1#0100010000000000
(1790953998.185094) can0 2A2#0000E2BF000014CE
(1790953998.185220) can0 2A3#0002DFBA0002BF20
(1790953998.185344) can0 2A4#000118C7FFFD54F4
(1790953998.185469) can0 2A5#0000133A0000135D
(1790953998.185593) can0 2A6#FFFFF84700000253
(1790953998.185718) can0 2A7#00004EADFFFFFD8E
(1790953998.189971) can0 2A1#0100010000000000
(1790953998.190098) can0 2A2#0000E2BF000014CE
(1790953998.190224) can0 2A3#0002DFBA0002BF20
(1790953998.190320) can0 2A4#000118C7FFFD54F4
(1790953998.190445) can0 2A5#0000133A0000135D
(1790953998.190570) can0 2A6#FFFFF84700000253
(1790953998.190698) can0 2A7#00004EADFFFFFD8E
(1790953998.195008) can0 2A1#0100010000000000
(1790953998.195121) can0 2A2#0000E2BF000014CE
(1790953998.195222) can0 2A3#0002DFBA0002BF20
(1790953998.195346) can0 2A4#000118C7FFFD54F4
(1790953998.195470) can0 2A5#0000133A0000135D
(1790953998.195572) can0 2A6#FFFFF84700000253
(1790953998.195695) can0 2A7#00004EADFFFFFD8E
(1790953998.199971) can0 2A1#0100010000000000
(1790953998.200094) can0 2A2#0000E2BF000014CE
(1790953998.200220) can0 2A3#0002DFBA0002BF20
(1790953998.200345) can0 2A4#000118C7FFFD54F4
(1790953998.200446) can0 2A5#0000133A0000135D
(1790953998.200570) can0 2A6#FFFFF84700000253
(1790953998.200694) can0 2A7#00004EADFFFFFD8E
(1790953998.205001) can0 2A1#0100010000000000
(1790953998.205121) can0 2A2#0000E2BF000014CE
(1790953998.205246) can0 2A3#0002DFBA0002BF20
(1790953998.205343) can0 2A4#000118C7FFFD54F4
(1790953998.205471) can0 2A5#0000133A0000135D
(1790953998.205600) can0 2A6#FFFFF84700000253
(1790953998.205720) can0 2A7#00004EADFFFFFD8E
(1790953998.209969) can0 2A1#0100010000000000
(1790953998.210093) can0 2A2#0000E2BF000014CE
(1790953998.210217) can0 2A3#0002DFBA0002BF20
(1790953998.210317) can0 2A4#000118C7FFFD54F4
(1790953998.210467) can0 2A5#0000133A0000135D
(1790953998.210567) can0 2A6#FFFFF84700000253
(1790953998.210694) can0 2A7#00004EADFFFFFD8E
(1790953998.214974) can0 2A1#0100010000000000
(1790953998.215096) can0 2A2#0000E2BF000014CE
(1790953998.215217) can0 2A3#0002DFBA0002BF20
(1790953998.215342) can0 2A4#000118C7FFFD54F4
(1790953998.215467) can0 2A5#0000133A0000135D
(1790953998.215592) can0 2A6#FFFFF84700000253
(1790953998.215717) can0 2A7#00004EADFFFFFD8E
(1790953998.219974) can0 2A1#0100010000000000
(1790953998.220096) can0 2A2#0000E2BF000014CE
(1790953998.220220) can0 2A3#0002DFBA0002BF20
(1790953998.220321) can0 2A4#000118C7FFFD54F4
(1790953998.220445) can0 2A5#0000133A0000135D
(1790953998.220570) can0 2A6#FFFFF84700000253
(1790953998.220696) can0 2A7#00004EADFFFFFD8E
(1790953998.225003) can0 2A1#0100010000000000
(1790953998.225100) can0 2A2#0000E2BF000014CE
(1790953998.225222) can0 2A3#0002DFBA0002BF20
(1790953998.225346) can0 2A4#000118C7FFFD54F4
(1790953998.225470) can0 2A5#0000133A0000135D
(1790953998.225570) can0 2A6#FFFFF84700000253
(1790953998.225708) can0 2A7#00004EADFFFFFD8E
(1790953998.229974) can0 2A1#0100010000000000
(1790953998.230095) can0 2A2#0000E2BF000014CE
(1790953998.230222) can0 2A3#0002DFBA0002BF20
(1790953998.230346) can0 2A4#000118C7FFFD54F4
(1790953998.230469) can0 2A5#0000133A0000135D
(1790953998.230574) can0 2A6#FFFFF84700000253
(1790953998.230694) can0 2A7#00004EADFFFFFD8E
(1790953998.235005) can0 2A1#0100010000000000
(1790953998.235095) can0 2A2#0000E2BF000014CE
(1790953998.235221) can0 2A3#0002DFBA0002BF20
(1790953998.235343) can0 2A4#000118C7FFFD54F4
(1790953998.235469) can0 2A5#0000133A0000135D
(1790953998.235594) can0 2A6#FFFFF84700000253
(1790953998.235719) can0 2A7#00004EADFFFFFD8E
(1790953998.239978) can0 2A1#0100010000000000
(1790953998.240101) can0 2A2#0000E2BF000014CE
(1790953998.240221) can0 2A3#0002DFBA0002BF20
(1790953998.240345) can0 2A4#000118C7FFFD54F4
(1790953998.240471) can0 2A5#0000133A0000135D
(1790953998.240569) can0 2A6#FFFFF84700000253
(1790953998.240695) can0 2A7#00004EADFFFFFD8E
(1790953998.244977) can0 2A1#0100010000000000
(1790953998.245120) can0 2A2#0000E2BF000014CE
(1790953998.245242) can0 2A3#0002DFBA0002BF20
(1790953998.245344) can0 2A4#000118C7FFFD54F4
(1790953998.245467) can0 2A5#0000133A0000135D
(1790953998.245593) can0 2A6#FFFFF84700000253
(1790953998.245692) can0 2A7#00004EADFFFFFD8E
(1790953998.249972) can0 2A1#0100010000000000
(1790953998.250091) can0 2A2#0000E2BF000014CE
(1790953998.250218) can0 2A3#0002DFBA0002BF20
(1790953998.250318) can0 2A4#000118C7FFFD54F4
(1790953998.250441) can0 2A5#0000133A0000135D
(1790953998.250567) can0 2A6#FFFFF84700000253
(1790953998.250694) can0 2A7#00004EADFFFFFD8E
(1790953998.255003) can0 2A1#0100010000000000
(1790953998.255119) can0 2A2#0000E2BF000014CE
(1790953998.255221) can0 2A3#0002DFBA0002BF20
(1790953998.255344) can0 2A4#000118C7FFFD54F4
(1790953998.255470) can0 2A5#0000133A0000135D
(1790953998.255596) can0 2A6#FFFFF84700000253
(1790953998.255694) can0 2A7#00004EADFFFFFD8E
(1790953998.259973) can0 2A1#0100010000000000
(1790953998.260094) can0 2A2#0000E2BF000014CE
(1790953998.260195) can0 2A3#0002DFBA0002BF20
(1790953998.260345) can0 2A4#000118C7FFFD54F4
(1790953998.260445) can0 2A5#0000133A0000135D
(1790953998.260568) can0 2A6#FFFFF84700000253
(1790953998.260694) can0 2A7#00004EADFFFFFD8E
(1790953998.264976) can0 2A1#0100010000000000
(1790953998.265100) can0 2A2#0000E2BF000014CE
(1790953998.265220) can0 2A3#0002DFBA0002BF20
(1790953998.265346) can0 2A4#000118C7FFFD54F4
(1790953998.265475) can0 2A5#0000133A0000135D
(1790953998.265599) can0 2A6#FFFFF84700000253
(1790953998.265720) can0 2A7#00004EADFFFFFD8E
(1790953998.269973) can0 2A1#0100010000000000
(1790953998.270097) can0 2A2#0000E2BF000014CE
(1790953998.270220) can0 2A3#0002DFBA0002BF20
(1790953998.270346) can0 2A4#000118C7FFFD54F4
(1790953998.270445) can0 2A5#0000133A0000135D
(1790953998.270570) can0 2A6#FFFFF84700000253
(1790953998.270696) can0 2A7#00004EADFFFFFD8E
(1790953998.274993) can0 2A1#0100010000000000
(1790953998.275101) can0 2A2#0000E2BF000014CE
(1790953998.275221) can0 2A3#0002DFBA0002BF20
(1790953998.275348) can0 2A4#000118C7FFFD54F4
(1790953998.275469) can0 2A5#0000133A0000135D
(1790953998.275594) can0 2A6#FFFFF84700000253
(1790953998.275720) can0 2A7#00004EADFFFFFD8E
(1790953998.279968) can0 2A1#0100010000000000
(1790953998.280092) can0 2A2#0000E2BF000014CE
(1790953998.280192) can0 2A3#0002DFBA0002BF20
(1790953998.280342) can0 2A4#000118C7FFFD54F4
(1790953998.280467) can0 2A5#0000133A0000135D
(1790953998.280568) can0 2A6#FFFFF84700000253
(1790953998.280692) can0 2A7#00004EADFFFFFD8E
(1790953998.285000) can0 2A1#0100010000000000
(1790953998.285096) can0 2A2#0000E2BF000014CE
(1790953998.285222) can0 2A3#0002DFBA0002BF20
(1790953998.285347) can0 2A4#000118C7FFFD54F4
(1790953998.285472) can0 2A5#0000133A0000135D
(1790953998.285595) can0 2A6#FFFFF84700000253
(1790953998.285720) can0 2A7#00004EADFFFFFD8E
(1790953998.289975) can0 2A1#0100010000000000
(1790953998.290095) can0 2A2#0000E2BF000014CE
(1790953998.290220) can0 2A3#0002DFBA0002BF20
(1790953998.290344) can0 2A4#000118C7FFFD54F4
(1790953998.290444) can0 2A5#0000133A0000135D
(1790953998.290570) can0 2A6#FFFFF84700000253
(1790953998.290695) can0 2A7#00004EADFFFFFD8E
(1790953998.295000) can0 2A1#0100010000000000
(1790953998.295119) can0 2A2#0000E2BF000014CE
(1790953998.295245) can0 2A3#0002DFBA0002BF20
(1790953998.295344) can0 2A4#000118C7FFFD54F4
(1790953998.295469) can0 2A5#0000133A0000135D
(1790953998.295595) can0 2A6#FFFFF84700000253
(1790953998.295720) can0 2A7#00004EADFFFFFD8E
(1790953998.299978) can0 2A1#0100010000000000
(1790953998.300095) can0 2A2#0000E2BF000014CE
(1790953998.300220) can0 2A3#0002DFBA0002BF20
(1790953998.300346) can0 2A4#000118C7FFFD54F4
(1790953998.300471) can0 2A5#0000133A0000135D
(1790953998.300569) can0 2A6#FFFFF84700000253
(1790953998.300698) can0 2A7#00004EADFFFFFD8E
(1790953998.304986) can0 2A1#0100010000000000
(1790953998.305096) can0 2A2#0000E2BF000014CE
(1790953998.305245) can0 2A3#0002DFBA0002BF20
(1790953998.305344) can0 2A4#000118C7FFFD54F4
(1790953998.305469) can0 2A5#0000133A0000135D
(1790953998.305594) can0 2A6#FFFFF84700000253
(1790953998.305720) can0 2A7#00004EADFFFFFD8E
(1790953998.309969) can0 2A1#0100010000000000
(1790953998.310099) can0 2A2#0000E2BF000014CE
(1790953998.310219) can0 2A3#0002DFBA0002BF20
(1790953998.310343) can0 2A4#000118C7FFFD54F4
(1790953998.310467) can0 2A5#0000133A0000135D
(1790953998.310569) can0 2A6#FFFFF84700000253
(1790953998.310692) can0 2A7#00004EADFFFFFD8E
(1790953998.314975) can0 2A1#0100010000000000
(1790953998.315095) can0 2A2#0000E2BF000014CE
(1790953998.315219) can0 2A3#0002DFBA0002BF20
(1790953998.315343) can0 2A4#000118C7FFFD54F4
(1790953998.315469) can0 2A5#0000133A0000135D
(1790953998.315594) can0 2A6#FFFFF84700000253
(1790953998.315717) can0 2A7#00004EADFFFFFD8E
(1790953998.319988) can0 2A1#0100010000000000
(1790953998.320095) can0 2A2#0000E2BF000014CE
(1790953998.320222) can0 2A3#0002DFBA0002BF20
(1790953998.320348) can0 2A4#000118C7FFFD54F4
(1790953998.320471) can0 2A5#0000133A0000135D
(1790953998.320573) can0 2A6#FFFFF84700000253
(1790953998.320696) can0 2A7#00004EADFFFFFD8E
(1790953998.325004) can0 2A1#0100010000000000
(1790953998.325100) can0 2A2#0000E2BF000014CE
(1790953998.325222) can0 2A3#0002DFBA0002BF20
(1790953998.325348) can0 2A4#000118C7FFFD54F4
(1790953998.325472) can0 2A5#0000133A0000135D
(1790953998.325596) can0 2A6#FFFFF84700000253
(1790953998.325707) can0 2A7#00004EADFFFFFD8E
(1790953998.330012) can0 2A1#0100010000000000
(1790953998.330097) can0 2A2#0000E2BF000014CE
(1790953998.330222) can0 2A3#0002DFBA0002BF20
(1790953998.330347) can0 2A4#000118C7FFFD54F4
(1790953998.330446) can0 2A5#0000133A0000135D
(1790953998.330572) can0 2A6#FFFFF84700000253
(1790953998.330697) can0 2A7#00004EADFFFFFD8E
(1790953998.335003) can0 2A1#0100010000000000
(1790953998.335123) can0 2A2#0000E2BF000014CE
(1790953998.335221) can0 2A3#0002DFBA0002BF20
(1790953998.335346) can0 2A4#000118C7FFFD54F4
(1790953998.335471) can0 2A5#0000133A0000135D
(1790953998.335572) can0 2A6#FFFFF84700000253
(1790953998.335696) can0 2A7#00004EADFFFFFD8E
(1790953998.339976) can0 2A1#0100010000000000
(1790953998.340098) can0 2A2#0000E2BF000014CE
(1790953998.340222) can0 2A3#0002DFBA0002BF20
(1790953998.340346) can0 2A4#000118C7FFFD54F4
(1790953998.340446) can0 2A5#0000133A0000135D
(1790953998.340571) can0 2A6#FFFFF84700000253
(1790953998.340696) can0 2A7#00004EADFFFFFD8E
(1790953998.344999) can0 2A1#0100010000000000
(1790953998.345118) can0 2A2#0000E2BF000014CE
(1790953998.345218) can0 2A3#0002DFBA0002BF20
(1790953998.345342) can0 2A4#000118C7FFFD54F4
(1790953998.345469) can0 2A5#0000133A0000135D
(1790953998.345593) can0 2A6#FFFFF84700000253
(1790953998.345718) can0 2A7#00004EADFFFFFD8E
(1790953998.349969) can0 2A1#0100010000000000
(1790953998.350097) can0 2A2#0000E2BF000014CE
(1790953998.350218) can0 2A3#0002DFBA0002BF20
(1790953998.350344) can0 2A4#000118C7FFFD54F4
(1790953998.350443) can0 2A5#0000133A0000135D
(1790953998.350575) can0 2A6#FFFFF84700000253
(1790953998.350693) can0 2A7#00004EADFFFFFD8E
(1790953998.355025) can0 2A1#0100010000000000
(1790953998.355097) can0 2A2#0000E2BF000014CE
(1790953998.355221) can0 2A3#0002DFBA0002BF20
(1790953998.355345) can0 2A4#000118C7FFFD54F4
(1790953998.355470) can0 2A5#0000133A0000135D
(1790953998.355594) can0 2A6#FFFFF84700000253
(1790953998.355721) can0 2A7#00004EADFFFFFD8E
(1790953998.359980) can0 2A1#0100010000000000
(1790953998.360098) can0 2A2#0000E2BF000014CE
(1790953998.360220) can0 2A3#0002DFBA0002BF20
(1790953998.360318) can0 2A4#000118C7FFFD54F4
(1790953998.360443) can0 2A5#0000133A0000135D
(1790953998.360568) can0 2A6#FFFFF84700000253
(1790953998.360693) can0 2A7#00004EADFFFFFD8E
(1790953998.364999) can0 2A1#0100010000000000
(1790953998.365119) can0 2A2#0000E2BF000014CE
(1790953998.365221) can0 2A3#0002DFBA0002BF20
(1790953998.365342) can0 2A4#000118C7FFFD54F4
(1790953998.365468) can0 2A5#0000133A0000135D
(1790953998.365593) can0 2A6#FFFFF84700000253
(1790953998.365693) can0 2A7#00004EADFFFFFD8E
(1790953998.369975) can0 2A1#0100010000000000
(1790953998.370097) can0 2A2#0000E2BF000014CE
(1790953998.370219) can0 2A3#0002DFBA0002BF20
(1790953998.370345) can0 2A4#000118C7FFFD54F4
(1790953998.370470) can0 2A5#0000133A0000135D
(1790953998.370570) can0 2A6#FFFFF84700000253
(1790953998.370694) can0 2A7#00004EADFFFFFD8E
(1790953998.375006) can0 2A1#0100010000000000
(1790953998.375099) can0 2A2#0000E2BF000014CE
(1790953998.375222) can0 2A3#0002DFBA0002BF20
(1790953998.375347) can0 2A4#000118C7FFFD54F4
(1790953998.375471) can0 2A5#0000133A0000135D
(1790953998.375594) can0 2A6#FFFFF84700000253
(1790953998.375721) can0 2A7#00004EADFFFFFD8E
(1790953998.379973) can0 2A1#0100010000000000
(1790953998.380097) can0 2A2#0000E2BF000014CE
(1790953998.380219) can0 2A3#0002DFBA0002BF20
(1790953998.380345) can0 2A4#000118C7FFFD54F4
(1790953998.380445) can0 2A5#0000133A0000135D
(1790953998.380570) can0 2A6#FFFFF84700000253
(1790953998.380696) can0 2A7#00004EADFFFFFD8E
(1790953998.385004) can0 2A1#0100010000000000
(1790953998.385095) can0 2A2#0000E2BF000014CE
(1790953998.385219) can0 2A3#0002DFBA0002BF20
(1790953998.385344) can0 2A4#000118C7FFFD54F4
(1790953998.385470) can0 2A5#0000133A0000135D
(1790953998.385594) can0 2A6#FFFFF84700000253
(1790953998.385720) can0 2A7#00004EADFFFFFD8E
(1790953998.389982) can0 2A1#0100010000000000
(1790953998.390096) can0 2A2#0000E2BF000014CE
(1790953998.390220) can0 2A3#0002DFBA0002BF20
(1790953998.390345) can0 2A4#000118C7FFFD54F4
(1790953998.390445) can0 2A5#0000133A0000135D
(1790953998.390570) can0 2A6#FFFFF84700000253
(1790953998.390695) can0 2A7#00004EADFFFFFD8E
(1790953998.395006) can0 2A1#0100010000000000
(1790953998.395119) can0 2A2#0000E2BF000014CE
(1790953998.395244) can0 2A3#0002DFBA0002BF20
(1790953998.395344) can0 2A4#000118C7FFFD54F4
(1790953998.395469) can0 2A5#0000133A0000135D
(1790953998.395594) can0 2A6#FFFFF84700000253
(1790953998.395719) can0 2A7#00004EADFFFFFD8E
(1790953998.399971) can0 2A1#0100010000000000
(1790953998.400097) can0 2A2#0000E2BF000014CE
(1790953998.400219) can0 2A3#0002DFBA0002BF20
(1790953998.400344) can0 2A4#000118C7FFFD54F4
(1790953998.400443) can0 2A5#0000133A0000135D
(1790953998.400594) can0 2A6#FFFFF84700000253
(1790953998.400694) can0 2A7#00004EADFFFFFD8E
(1790953998.405006) can0 2A1#0100010000000000
(1790953998.405094) can0 2A2#0000E2BF000014CE
(1790953998.405221) can0 2A3#0002DFBA0002BF20
(1790953998.405344) can0 2A4#000118C7FFFD54F4
(1790953998.405470) can0 2A5#0000133A0000135D
(1790953998.405596) can0 2A6#FFFFF84700000253
(1790953998.405696) can0 2A7#00004EADFFFFFD8E
(1790953998.409970) can0 2A1#0100010000000000
(1790953998.410094) can0 2A2#0000E2BF000014CE
(1790953998.410220) can0 2A3#0002DFBA0002BF20
(1790953998.410345) can0 2A4#000118C7FFFD54F4
(1790953998.410445) can0 2A5#0000133A0000135D
(1790953998.410571) can0 2A6#FFFFF84700000253
(1790953998.410695) can0 2A7#00004EADFFFFFD8E
(1790953998.415004) can0 2A1#0100010000000000
(1790953998.415094) can0 2A2#0000E2BF000014CE
(1790953998.415221) can0 2A3#0002DFBA0002BF20
(1790953998.415346) can0 2A4#000118C7FFFD54F4
(1790953998.415471) can0 2A5#0000133A0000135D
(1790953998.415596) can0 2A6#FFFFF84700000253
(1790953998.415719) can0 2A7#00004EADFFFFFD8E
(1790953998.419985) can0 2A1#0100010000000000
(1790953998.420094) can0 2A2#0000E2BF000014CE
(1790953998.420223) can0 2A3#0002DFBA0002BF20
(1790953998.420322) can0 2A4#000118C7FFFD54F4
(1790953998.420470) can0 2A5#0000133A0000135D
(1790953998.420597) can0 2A6#FFFFF84700000253
(1790953998.420696) can0 2A7#00004EADFFFFFD8E
(1790953998.425004) can0 2A1#0100010000000000
(1790953998.425097) can0 2A2#0000E2BF000014CE
(1790953998.425224) can0 2A3#0002DFBA0002BF20
(1790953998.425347) can0 2A4#000118C7FFFD54F4
(1790953998.425471) can0 2A5#0000133A0000135D
(1790953998.425601) can0 2A6#FFFFF84700000253
(1790953998.425722) can0 2A7#00004EADFFFFFD8E
(1790953998.429976) can0 2A1#0100010000000000
(1790953998.430097) can0 2A2#0000E2BF000014CE
(1790953998.430219) can0 2A3#0002DFBA0002BF20
(1790953998.430345) can0 2A4#000118C7FFFD54F4
(1790953998.430469) can0 2A5#0000133A0000135D
(1790953998.430567) can0 2A6#FFFFF84700000253
(1790953998.430695) can0 2A7#00004EADFFFFFD8E
(1790953998.435001) can0 2A1#0100010000000000
(1790953998.435120) can0 2A2#0000E2BF000014CE
(1790953998.435219) can0 2A3#0002DFBA0002BF20
(1790953998.435345) can0 2A4#000118C7FFFD54F4
(1790953998.435472) can0 2A5#0000133A0000135D
(1790953998.435595) can0 2A6#FFFFF84700000253
(1790953998.435718) can0 2A7#00004EADFFFFFD8E
(1790953998.439976) can0 2A1#0100010000000000
(1790953998.440095) can0 2A2#0000E2BF000014CE
(1790953998.440220) can0 2A3#0002DFBA0002BF20
(1790953998.440343) can0 2A4#000118C7FFFD54F4
(1790953998.440443) can0 2A5#0000133A0000135D
(1790953998.440569) can0 2A6#FFFFF84700000253
(1790953998.440694) can0 2A7#00004EADFFFFFD8E
(1790953998.445005) can0 2A1#0100010000000000
(1790953998.445098) can0 2A2#0000E2BF000014CE
(1790953998.445221) can0 2A3#0002DFBA0002BF20
(1790953998.445345) can0 2A4#000118C7FFFD54F4
(1790953998.445467) can0 2A5#0000133A0000135D
(1790953998.445593) can0 2A6#FFFFF84700000253
(1790953998.445719) can0 2A7#00004EADFFFFFD8E
(1790953998.449968) can0 2A1#0100010000000000
(1790953998.450093) can0 2A2#0000E2BF000014CE
(1790953998.450219) can0 2A3#0002DFBA0002BF20
(1790953998.450344) can0 2A4#000118C7FFFD54F4
(1790953998.450467) can0 2A5#0000133A0000135D
(1790953998.450569) can0 2A6#FFFFF84700000253
(1790953998.450694) can0 2A7#00004EADFFFFFD8E
(1790953998.455034) can0 2A1#0100010000000000
(1790953998.455123) can0 2A2#0000E2BF000014CE
(1790953998.455248) can0 2A3#0002DFBA0002BF20
(1790953998.455345) can0 2A4#000118C7FFFD54F4
(1790953998.455472) can0 2A5#0000133A0000135D
(1790953998.455600) can0 2A6#FFFFF84700000253
(1790953998.455724) can0 2A7#00004EADFFFFFD8E
(1790953998.459995) can0 2A1#0100010000000000
(1790953998.460097) can0 2A2#0000E2BF000014CE
(1790953998.460220) can0 2A3#0002DFBA0002BF20
(1790953998.460345) can0 2A4#000118C7FFFD54F4
(1790953998.460472) can0 2A5#0000133A0000135D
(1790953998.460570) can0 2A6#FFFFF84700000253
(1790953998.460695) can0 2A7#00004EADFFFFFD8E
(1790953998.464982) can0 2A1#0100010000000000
(1790953998.465118) can0 2A2#0000E2BF000014CE
(1790953998.465243) can0 2A3#0002DFBA0002BF20
(1790953998.465342) can0 2A4#000118C7FFFD54F4
(1790953998.465473) can0 2A5#0000133A0000135D
(1790953998.465592) can0 2A6#FFFFF84700000253
(1790953998.465718) can0 2A7#00004EADFFFFFD8E
(1790953998.470021) can0 2A1#0100010000000000
(1790953998.470097) can0 2A2#0000E2BF000014CE
(1790953998.470224) can0 2A3#0002DFBA0002BF20
(1790953998.470346) can0 2A4#000118C7FFFD54F4
(1790953998.470447) can0 2A5#0000133A0000135D
(1790953998.470572) can0 2A6#FFFFF84700000253
(1790953998.470697) can0 2A7#00004EADFFFFFD8E
(1790953998.475021) can0 2A1#0100010000000000
(1790953998.475094) can0 2A2#0000E2BF000014CE
(1790953998.475220) can0 2A3#0002DFBA0002BF20
(1790953998.475346) can0 2A4#000118C7FFFD54F4
(1790953998.475469) can0 2A5#0000133A0000135D
(1790953998.475594) can0 2A6#FFFFF84700000253
(1790953998.475719) can0 2A7#00004EADFFFFFD8E
(1790953998.479982) can0 2A1#0100010000000000
(1790953998.480094) can0 2A2#0000E2BF000014CE
(1790953998.480219) can0 2A3#0002DFBA0002BF20
(1790953998.480345) can0 2A4#000118C7FFFD54F4
(1790953998.480469) can0 2A5#0000133A0000135D
(1790953998.480594) can0 2A6#FFFFF84700000253
(1790953998.480693) can0 2A7#00004EADFFFFFD8E
(1790953998.484977) can0 2A1#0100010000000000
(1790953998.485097) can0 2A2#0000E2BF000014CE
(1790953998.485225) can0 2A3#0002DFBA0002BF20
(1790953998.485346) can0 2A4#000118C7FFFD54F4
(1790953998.485472) can0 2A5#0000133A0000135D
(1790953998.485597) can0 2A6#FFFFF84700000253
(1790953998.485722) can0 2A7#00004EADFFFFFD8E
(1790953998.489977) can0 2A1#0100010000000000
(1790953998.490096) can0 2A2#0000E2BF000014CE
(1790953998.490225) can0 2A3#0002DFBA0002BF20
(1790953998.490346) can0 2A4#000118C7FFFD54F4
(1790953998.490471) can0 2A5#0000133A0000135D
(1790953998.490571) can0 2A6#FFFFF84700000253
(1790953998.490695) can0 2A7#00004EADFFFFFD8E
(1790953998.494982) can0 2A1#0100010000000000
(1790953998.495093) can0 2A2#0000E2BF000014CE
(1790953998.495219) can0 2A3#0002DFBA0002BF20
(1790953998.495345) can0 2A4#000118C7FFFD54F4
(1790953998.495469) can0 2A5#0000133A0000135D
(1790953998.495594) can0 2A6#FFFFF84700000253
(1790953998.495719) can0 2A7#00004EADFFFFFD8E
(1790953998.499982) can0 2A1#0100010000000000
(1790953998.500094) can0 2A2#0000E2BF000014CE
(1790953998.500219) can0 2A3#0002DFBA0002BF20
(1790953998.500344) can0 2A4#000118C7FFFD54F4
(1790953998.500467) can0 2A5#0000133A0000135D
(1790953998.500594) can0 2A6#FFFFF84700000253
(1790953998.500692) can0 2A7#00004EADFFFFFD8E
(1790953998.504995) can0 2A1#0100010000000000
(1790953998.505095) can0 2A2#0000E2BF000014CE
(1790953998.505221) can0 2A3#0002DFBA0002BF20
(1790953998.505346) can0 2A4#000118C7FFFD54F4
(1790953998.505471) can0 2A5#0000133A0000135D
(1790953998.505596) can0 2A6#FFFFF84700000253
(1790953998.505721) can0 2A7#00004EADFFFFFD8E
(1790953998.509981) can0 2A1#0100010000000000
(1790953998.510094) can0 2A2#0000E2BF000014CE
(1790953998.510221) can0 2A3#0002DFBA0002BF20
(1790953998.510346) can0 2A4#000118C7FFFD54F4
(1790953998.510471) can0 2A5#0000133A0000135D
(1790953998.510569) can0 2A6#FFFFF84700000253
(1790953998.510696) can0 2A7#00004EADFFFFFD8E
(1790953998.514973) can0 2A1#0100010000000000
(1790953998.515119) can0 2A2#0000E2BF000014CE
(1790953998.515243) can0 2A3#0002DFBA0002BF20
(1790953998.515343) can0 2A4#000118C7FFFD54F4
(1790953998.515469) can0 2A5#0000133A0000135D
(1790953998.515594) can0 2A6#FFFFF84700000253
(1790953998.515717) can0 2A7#00004EADFFFFFD8E
(1790953998.519976) can0 2A1#0100010000000000
(1790953998.520096) can0 2A2#0000E2BF000014CE
(1790953998.520222) can0 2A3#0002DFBA0002BF20
(1790953998.520347) can0 2A4#000118C7FFFD54F4
(1790953998.520471) can0 2A5#0000133A0000135D
(1790953998.520596) can0 2A6#FFFFF84700000253
(1790953998.520708) can0 2A7#00004EADFFFFFD8E
(1790953998.524989) can0 2A1#0100010000000000
(1790953998.525120) can0 2A2#0000E2BF000014CE
(1790953998.525223) can0 2A3#0002DFBA0002BF20
(1790953998.525347) can0 2A4#000118C7FFFD54F4
(1790953998.525469) can0 2A5#0000133A0000135D
(1790953998.525596) can0 2A6#FFFFF84700000253
(1790953998.525721) can0 2A7#00004EADFFFFFD8E
(1790953998.529977) can0 2A1#0100010000000000
(1790953998.530096) can0 2A2#0000E2BF000014CE
(1790953998.530222) can0 2A3#0002DFBA0002BF20
(1790953998.530346) can0 2A4#000118C7FFFD54F4
(1790953998.530472) can0 2A5#0000133A0000135D
(1790953998.530570) can0 2A6#FFFFF84700000253
(1790953998.530696) can0 2A7#00004EADFFFFFD8E
(1790953998.534999) can0 2A1#0100010000000000
(1790953998.535124) can0 2A2#0000E2BF000014CE
(1790953998.535247) can0 2A3#0002DFBA0002BF20
(1790953998.535346) can0 2A4#000118C7FFFD54F4
(1790953998.535473) can0 2A5#0000133A0000135D
(1790953998.535596) can0 2A6#FFFFF84700000253
(1790953998.535724) can0 2A7#00004EADFFFFFD8E
(1790953998.539986) can0 2A1#0100010000000000
(1790953998.540100) can0 2A2#0000E2BF000014CE
(1790953998.540222) can0 2A3#0002DFBA0002BF20
(1790953998.540346) can0 2A4#000118C7FFFD54F4
(1790953998.540471) can0 2A5#0000133A0000135D
(1790953998.540596) can0 2A6#FFFFF84700000253
(1790953998.540697) can0 2A7#00004EADFFFFFD8E
(1790953998.544976) can0 2A1#0100010000000000
(1790953998.545094) can0 2A2#0000E2BF000014CE
(1790953998.545243) can0 2A3#0002DFBA0002BF20
(1790953998.545374) can0 2A4#000118C7FFFD54F4
(1790953998.545467) can0 2A5#0000133A0000135D
(1790953998.545594) can0 2A6#FFFFF84700000253
(1790953998.545720) can0 2A7#00004EADFFFFFD8E
(1790953998.549970) can0 2A1#0100010000000000
(1790953998.550093) can0 2A2#0000E2BF000014CE
(1790953998.550232) can0 2A3#0002DFBA0002BF20
(1790953998.550345) can0 2A4#000118C7FFFD54F4
(1790953998.550444) can0 2A5#0000133A0000135D
(1790953998.550569) can0 2A6#FFFFF84700000253
(1790953998.550695) can0 2A7#00004EADFFFFFD8E
(1790953998.555006) can0 2A1#0100010000000000
(1790953998.555098) can0 2A2#0000E2BF000014CE
(1790953998.555221) can0 2A3#0002DFBA0002BF20
(1790953998.555346) can0 2A4#000118C7FFFD54F4
(1790953998.555471) can0 2A5#0000133A0000135D
(1790953998.555596) can0 2A6#FFFFF84700000253
(1790953998.555721) can0 2A7#00004EADFFFFFD8E
(1790953998.560008) can0 2A1#0100010000000000
(1790953998.560097) can0 2A2#0000E2BF000014CE
(1790953998.560222) can0 2A3#0002DFBA0002BF20
(1790953998.560346) can0 2A4#000118C7FFFD54F4
(1790953998.560444) can0 2A5#0000133A0000135D
(1790953998.560571) can0 2A6#FFFFF84700000253
(1790953998.560695) can0 2A7#00004EADFFFFFD8E
(1790953998.565005) can0 2A1#0100010000000000
(1790953998.565096) can0 2A2#0000E2BF000014CE
(1790953998.565217) can0 2A3#0002DFBA0002BF20
(1790953998.565344) can0 2A4#000118C7FFFD54F4
(1790953998.565467) can0 2A5#0000133A0000135D
(1790953998.565592) can0 2A6#FFFFF84700000253
(1790953998.565718) can0 2A7#00004EADFFFFFD8E
(1790953998.570004) can0 2A1#0100010000000000
(1790953998.570096) can0 2A2#0000E2BF000014CE
(1790953998.570223) can0 2A3#0002DFBA0002BF20
(1790953998.570346) can0 2A4#000118C7FFFD54F4
(1790953998.570446) can0 2A5#0000133A0000135D
(1790953998.570573) can0 2A6#FFFFF84700000253
(1790953998.570696) can0 2A7#00004EADFFFFFD8E
(1790953998.575032) can0 2A1#0100010000000000
(1790953998.575095) can0 2A2#0000E2BF000014CE
(1790953998.575224) can0 2A3#0002DFBA0002BF20
(1790953998.575345) can0 2A4#000118C7FFFD54F4
(1790953998.575474) can0 2A5#0000133A0000135D
(1790953998.575597) can0 2A6#FFFFF84700000253
(1790953998.575722) can0 2A7#00004EADFFFFFD8E
(1790953998.579991) can0 2A1#0100010000000000
(1790953998.580095) can0 2A2#0000E2BF000014CE
(1790953998.580219) can0 2A3#0002DFBA0002BF20
(1790953998.580342) can0 2A4#000118C7FFFD54F4
(1790953998.580467) can0 2A5#0000133A0000135D
(1790953998.580592) can0 2A6#FFFFF84700000253
(1790953998.580694) can0 2A7#00004EADFFFFFD8E
(1790953998.584997) can0 2A1#0100010000000000
(1790953998.585097) can0 2A2#0000E2BF000014CE
(1790953998.585221) can0 2A3#0002DFBA0002BF20
(1790953998.585346) can0 2A4#000118C7FFFD54F4
(1790953998.585471) can0 2A5#0000133A0000135D
(1790953998.585596) can0 2A6#FFFFF84700000253
(1790953998.585721) can0 2A7#00004EADFFFFFD8E
(1790953998.589987) can0 2A1#0100010000000000
(1790953998.590096) can0 2A2#0000E2BF000014CE
(1790953998.590221) can0 2A3#0002DFBA0002BF20
(1790953998.590346) can0 2A4#000118C7FFFD54F4
(1790953998.590473) can0 2A5#0000133A0000135D
(1790953998.590573) can0 2A6#FFFFF84700000253
(1790953998.590696) can0 2A7#00004EADFFFFFD8E
(1790953998.594981) can0 2A1#0100010000000000
(1790953998.595100) can0 2A2#0000E2BF000014CE
(1790953998.595247) can0 2A3#0002DFBA0002BF20
(1790953998.595371) can0 2A4#000118C7FFFD54F4
(1790953998.595471) can0 2A5#0000133A0000135D
(1790953998.595595) can0 2A6#FFFFF84700000253
(1790953998.595721) can0 2A7#00004EADFFFFFD8E
(1790953998.599974) can0 2A1#0100010000000000
(1790953998.600105) can0 2A2#0000E2BF000014CE
(1790953998.600221) can0 2A3#0002DFBA0002BF20
(1790953998.600345) can0 2A4#000118C7FFFD54F4
(1790953998.600471) can0 2A5#0000133A0000135D
(1790953998.600594) can0 2A6#FFFFF84700000253
(1790953998.600696) can0 2A7#00004EADFFFFFD8E
(1790953998.605010) can0 2A1#0100010000000000
(1790953998.605099) can0 2A2#0000E2BF000014CE
(1790953998.605246) can0 2A3#0002DFBA0002BF20
(1790953998.605346) can0 2A4#000118C7FFFD54F4
(1790953998.605471) can0 2A5#0000133A0000135D
(1790953998.605596) can0 2A6#FFFFF84700000253
(1790953998.605721) can0 2A7#00004EADFFFFFD8E
(1790953998.610006) can0 2A1#0100010000000000
(1790953998.610095) can0 2A2#0000E2BF000014CE
(1790953998.610221) can0 2A3#0002DFBA0002BF20
(1790953998.610346) can0 2A4#000118C7FFFD54F4
(1790953998.610444) can0 2A5#0000133A0000135D
(1790953998.610572) can0 2A6#FFFFF84700000253
(1790953998.610697) can0 2A7#00004EADFFFFFD8E
(1790953998.615015) can0 2A1#0100010000000000
(1790953998.615095) can0 2A2#0000E2BF000014CE
(1790953998.615219) can0 2A3#0002DFBA0002BF20
(1790953998.615342) can0 2A4#000118C7FFFD54F4
(1790953998.615471) can0 2A5#0000133A0000135D
(1790953998.615594) can0 2A6#FFFFF84700000253
(1790953998.615718) can0 2A7#00004EADFFFFFD8E
(1790953998.620002) can0 2A1#0100010000000000
(1790953998.620095) can0 2A2#0000E2BF000014CE
(1790953998.620220) can0 2A3#0002DFBA0002BF20
(1790953998.620345) can0 2A4#000118C7FFFD54F4
(1790953998.620445) can0 2A5#0000133A0000135D
(1790953998.620572) can0 2A6#FFFFF84700000253
(1790953998.620696) can0 2A7#00004EADFFFFFD8E
(1790953998.625017) can0 2A1#0100010000000000
(1790953998.625095) can0 2A2#0000E2BF000014CE
(1790953998.625223) can0 2A3#0002DFBA0002BF20
(1790953998.625349) can0 2A4#000118C7FFFD54F4
(1790953998.625472) can0 2A5#0000133A0000135D
(1790953998.625598) can0 2A6#FFFFF84700000253
(1790953998.625724) can0 2A7#00004EADFFFFFD8E
(1790953998.629975) can0 2A1#0100010000000000
(1790953998.630095) can0 2A2#0000E2BF000014CE
(1790953998.630219) can0 2A3#0002DFBA0002BF20
(1790953998.630344) can0 2A4#000118C7FFFD54F4
(1790953998.630467) can0 2A5#0000133A0000135D
(1790953998.630593) can0 2A6#FFFFF84700000253
(1790953998.630693) can0 2A7#00004EADFFFFFD8E
(1790953998.634974) can0 2A1#0100010000000000
(1790953998.635095) can0 2A2#0000E2BF000014CE
(1790953998.635245) can0 2A3#0002DFBA0002BF20
(1790953998.635345) can0 2A4#000118C7FFFD54F4
(1790953998.635470) can0 2A5#0000133A0000135D
(1790953998.635596) can0 2A6#FFFFF84700000253
(1790953998.635721) can0 2A7#00004EADFFFFFD8E
(1790953998.639985) can0 2A1#0100010000000000
(1790953998.640111) can0 2A2#0000E2BF000014CE
(1790953998.640223) can0 2A3#0002DFBA0002BF20
(1790953998.640347) can0 2A4#000118C7FFFD54F4
(1790953998.640472) can0 2A5#0000133A0000135D
(1790953998.640571) can0 2A6#FFFFF84700000253
(1790953998.640695) can0 2A7#00004EADFFFFFD8E
(1790953998.644990) can0 2A1#0100010000000000
(1790953998.645123) can0 2A2#0000E2BF000014CE
(1790953998.645250) can0 2A3#0002DFBA0002BF20
(1790953998.645346) can0 2A4#000118C7FFFD54F4
(1790953998.645467) can0 2A5#0000133A0000135D
(1790953998.645595) can0 2A6#FFFFF84700000253
(1790953998.645718) can0 2A7#00004EADFFFFFD8E
(1790953998.649979) can0 2A1#0100010000000000
(1790953998.650095) can0 2A2#0000E2BF000014CE
(1790953998.650223) can0 2A3#0002DFBA0002BF20
(1790953998.650345) can0 2A4#000118C7FFFD54F4
(1790953998.650469) can0 2A5#0000133A0000135D
(1790953998.650570) can0 2A6#FFFFF84700000253
(1790953998.650696) can0 2A7#00004EADFFFFFD8E
(1790953998.655011) can0 2A1#0100010000000000
(1790953998.655123) can0 2A2#0000E2BF000014CE
(1790953998.655249) can0 2A3#0002DFBA0002BF20
(1790953998.655345) can0 2A4#000118C7FFFD54F4
(1790953998.655471) can0 2A5#0000133A0000135D
(1790953998.655595) can0 2A6#FFFFF84700000253
(1790953998.655720) can0 2A7#00004EADFFFFFD8E
(1790953998.659978) can0 2A1#0100010000000000
(1790953998.660096) can0 2A2#0000E2BF000014CE
(1790953998.660221) can0 2A3#0002DFBA0002BF20
(1790953998.660452) can0 2A4#000118C7FFFD54F4
(1790953998.660470) can0 2A5#0000133A0000135D
(1790953998.660595) can0 2A6#FFFFF84700000253
(1790953998.660695) can0 2A7#00004EADFFFFFD8E
(1790953998.665004) can0 2A1#0100010000000000
(1790953998.665093) can0 2A2#0000E2BF000014CE
(1790953998.665243) can0 2A3#0002DFBA0002BF20
(1790953998.665343) can0 2A4#000118C7FFFD54F4
(1790953998.665469) can0 2A5#0000133A0000135D
(1790953998.665593) can0 2A6#FFFFF84700000253
(1790953998.665718) can0 2A7#00004EADFFFFFD8E
(1790953998.669979) can0 2A1#0100010000000000
(1790953998.670099) can0 2A2#0000E2BF000014CE
(1790953998.670224) can0 2A3#0002DFBA0002BF20
(1790953998.670345) can0 2A4#000118C7FFFD54F4
(1790953998.670472) can0 2A5#0000133A0000135D
(1790953998.670597) can0 2A6#FFFFF84700000253
(1790953998.670697) can0 2A7#00004EADFFFFFD8E
(1790953998.675016) can0 2A1#0100010000000000
(1790953998.675120) can0 2A2#0000E2BF000014CE
(1790953998.675221) can0 2A3#0002DFBA0002BF20
(1790953998.675373) can0 2A4#000118C7FFFD54F4
(1790953998.675497) can0 2A5#0000133A0000135D
(1790953998.675597) can0 2A6#FFFFF84700000253
(1790953998.675720) can0 2A7#00004EADFFFFFD8E
(1790953998.680007) can0 2A1#0100010000000000
(1790953998.680093) can0 2A2#0000E2BF000014CE
(1790953998.680219) can0 2A3#0002DFBA0002BF20
(1790953998.680343) can0 2A4#000118C7FFFD54F4
(1790953998.680469) can0 2A5#0000133A0000135D
(1790953998.680569) can0 2A6#FFFFF84700000253
(1790953998.680694) can0 2A7#00004EADFFFFFD8E
(1790953998.685007) can0 2A1#0100010000000000
(1790953998.685123) can0 2A2#0000E2BF000014CE
(1790953998.685246) can0 2A3#0002DFBA0002BF20
(1790953998.685347) can0 2A4#000118C7FFFD54F4
(1790953998.685471) can0 2A5#0000133A0000135D
(1790953998.685596) can0 2A6#FFFFF84700000253
(1790953998.685721) can0 2A7#00004EADFFFFFD8E
(1790953998.689983) can0 2A1#0100010000000000
(1790953998.690113) can0 2A2#0000E2BF000014CE
(1790953998.690222) can0 2A3#0002DFBA0002BF20
(1790953998.690345) can0 2A4#000118C7FFFD54F4
(1790953998.690445) can0 2A5#0000133A0000135D
(1790953998.690570) can0 2A6#FFFFF84700000253
(1790953998.690695) can0 2A7#00004EADFFFFFD8E
(1790953998.695057) can0 2A1#0100010000000000
(1790953998.695095) can0 2A2#0000E2BF000014CE
(1790953998.695221) can0 2A3#0002DFBA0002BF20
(1790953998.695346) can0 2A4#000118C7FFFD54F4
(1790953998.695471) can0 2A5#0000133A0000135D
(1790953998.695593) can0 2A6#FFFFF84700000253
(1790953998.695719) can0 2A7#00004EADFFFFFD8E
(1790953998.699972) can0 2A1#0100010000000000
(1790953998.700092) can0 2A2#0000E2BF000014CE
(1790953998.700219) can0 2A3#0002DFBA0002BF20
(1790953998.700343) can0 2A4#000118C7FFFD54F4
(1790953998.700443) can0 2A5#0000133A0000135D
(1790953998.700568) can0 2A6#FFFFF84700000253
(1790953998.700692) can0 2A7#00004EADFFFFFD8E
(1790953998.704979) can0 2A1#0100010000000000
(1790953998.705124) can0 2A2#0000E2BF000014CE
(1790953998.705221) can0 2A3#0002DFBA0002BF20
(1790953998.705348) can0 2A4#000118C7FFFD54F4
(1790953998.705472) can0 2A5#0000133A0000135D
(1790953998.705596) can0 2A6#FFFFF84700000253
(1790953998.705721) can0 2A7#00004EADFFFFFD8E
(1790953998.709969) can0 2A1#0100010000000000
(1790953998.710095) can0 2A2#0000E2BF000014CE
(1790953998.710223) can0 2A3#0002DFBA0002BF20
(1790953998.710345) can0 2A4#000118C7FFFD54F4
(1790953998.710470) can0 2A5#0000133A0000135D
(1790953998.710595) can0 2A6#FFFFF84700000253
(1790953998.710694) can0 2A7#00004EADFFFFFD8E
(1790953998.715007) can0 2A1#0100010000000000
(1790953998.715118) can0 2A2#0000E2BF000014CE
(1790953998.715217) can0 2A3#0002DFBA0002BF20
(1790953998.715367) can0 2A4#000118C7FFFD54F4
(1790953998.715467) can0 2A5#0000133A0000135D
(1790953998.715595) can0 2A6#FFFFF84700000253
(1790953998.715722) can0 2A7#00004EADFFFFFD8E
(1790953998.719989) can0 2A1#0100010000000000
(1790953998.720096) can0 2A2#0000E2BF000014CE
(1790953998.720220) can0 2A3#0002DFBA0002BF20
(1790953998.720346) can0 2A4#000118C7FFFD54F4
(1790953998.720472) can0 2A5#0000133A0000135D
(1790953998.720572) can0 2A6#FFFFF84700000253
(1790953998.720697) can0 2A7#00004EADFFFFFD8E
(1790953998.725001) can0 2A1#0100010000000000
(1790953998.725121) can0 2A2#0000E2BF000014CE
(1790953998.725247) can0 2A3#0002DFBA0002BF20
(1790953998.725345) can0 2A4#000118C7FFFD54F4
(1790953998.725471) can0 2A5#0000133A0000135D
(1790953998.725595) can0 2A6#FFFFF84700000253
(1790953998.725720) can0 2A7#00004EADFFFFFD8E
(1790953998.729980) can0 2A1#0100010000000000
(1790953998.730095) can0 2A2#0000E2BF000014CE
(1790953998.730218) can0 2A3#0002DFBA0002BF20
(1790953998.730343) can0 2A4#000118C7FFFD54F4
(1790953998.730468) can0 2A5#0000133A0000135D
(1790953998.730569) can0 2A6#FFFFF84700000253
(1790953998.730696) can0 2A7#00004EADFFFFFD8E
(1790953998.734999) can0 2A1#0100010000000000
(1790953998.735121) can0 2A2#0000E2BF000014CE
(1790953998.735245) can0 2A3#0002DFBA0002BF20
(1790953998.735345) can0 2A4#000118C7FFFD54F4
(1790953998.735468) can0 2A5#0000133A0000135D
(1790953998.735595) can0 2A6#FFFFF84700000253
(1790953998.735720) can0 2A7#00004EADFFFFFD8E
(1790953998.739976) can0 2A1#0100010000000000
(1790953998.740096) can0 2A2#0000E2BF000014CE
(1790953998.740223) can0 2A3#0002DFBA0002BF20
(1790953998.740347) can0 2A4#000118C7FFFD54F4
(1790953998.740445) can0 2A5#0000133A0000135D
(1790953998.740569) can0 2A6#FFFFF84700000253
(1790953998.740694) can0 2A7#00004EADFFFFFD8E
(1790953998.745024) can0 2A1#0100010000000000
(1790953998.745120) can0 2A2#0000E2BF000014CE
(1790953998.745221) can0 2A3#0002DFBA0002BF20
(1790953998.745344) can0 2A4#000118C7FFFD54F4
(1790953998.745470) can0 2A5#0000133A0000135D
(1790953998.745596) can0 2A6#FFFFF84700000253
(1790953998.745722) can0 2A7#00004EADFFFFFD8E
(1790953998.749976) can0 2A1#0100010000000000
(1790953998.750093) can0 2A2#0000E2BF000014CE
(1790953998.750220) can0 2A3#0002DFBA0002BF20
(1790953998.750342) can0 2A4#000118C7FFFD54F4
(1790953998.750469) can0 2A5#0000133A0000135D
(1790953998.750594) can0 2A6#FFFFF84700000253
(1790953998.750695) can0 2A7#00004EADFFFFFD8E
(1790953998.755002) can0 2A1#0100010000000000
(1790953998.755099) can0 2A2#0000E2BF000014CE
(1790953998.755221) can0 2A3#0002DFBA0002BF20
(1790953998.755371) can0 2A4#000118C7FFFD54F4
(1790953998.755469) can0 2A5#0000133A0000135D
(1790953998.755596) can0 2A6#FFFFF84700000253
(1790953998.755725) can0 2A7#00004EADFFFFFD8E
(1790953998.759975) can0 2A1#0100010000000000
(1790953998.760094) can0 2A2#0000E2BF000014CE
(1790953998.760221) can0 2A3#0002DFBA0002BF20
(1790953998.760346) can0 2A4#000118C7FFFD54F4
(1790953998.760471) can0 2A5#0000133A0000135D
(1790953998.760571) can0 2A6#FFFFF84700000253
(1790953998.760696) can0 2A7#00004EADFFFFFD8E
(1790953998.764996) can0 2A1#0100010000000000
(1790953998.765117) can0 2A2#0000E2BF000014CE
(1790953998.765244) can0 2A3#0002DFBA0002BF20
(1790953998.765366) can0 2A4#000118C7FFFD54F4
(1790953998.765468) can0 2A5#0000133A0000135D
(1790953998.765594) can0 2A6#FFFFF84700000253
(1790953998.765717) can0 2A7#00004EADFFFFFD8E
(1790953998.770000) can0 2A1#0100010000000000
(1790953998.770094) can0 2A2#0000E2BF000014CE
(1790953998.770222) can0 2A3#0002DFBA0002BF20
(1790953998.770345) can0 2A4#000118C7FFFD54F4
(1790953998.770471) can0 2A5#0000133A0000135D
(1790953998.770571) can0 2A6#FFFFF84700000253
(1790953998.770696) can0 2A7#00004EADFFFFFD8E
(1790953998.775001) can0 2A1#0100010000000000
(1790953998.775123) can0 2A2#0000E2BF000014CE
(1790953998.775219) can0 2A3#0002DFBA0002BF20
(1790953998.775347) can0 2A4#000118C7FFFD54F4
(1790953998.775471) can0 2A5#0000133A0000135D
(1790953998.775597) can0 2A6#FFFFF84700000253
(1790953998.775719) can0 2A7#00004EADFFFFFD8E
(1790953998.779972) can0 2A1#0100010000000000
(1790953998.780095) can0 2A2#0000E2BF000014CE
(1790953998.780218) can0 2A3#0002DFBA0002BF20
(1790953998.780342) can0 2A4#000118C7FFFD54F4
(1790953998.780467) can0 2A5#0000133A0000135D
(1790953998.780594) can0 2A6#FFFFF84700000253
(1790953998.780694) can0 2A7#00004EADFFFFFD8E
(1790953998.785006) can0 2A1#0100010000000000
(1790953998.785121) can0 2A2#0000E2BF000014CE
(1790953998.785222) can0 2A3#0002DFBA0002BF20
(1790953998.785346) can0 2A4#000118C7FFFD54F4
(1790953998.785471) can0 2A5#0000133A0000135D
(1790953998.785596) can0 2A6#FFFFF84700000253
(1790953998.785721) can0 2A7#00004EADFFFFFD8E
(1790953998.790007) can0 2A1#0100010000000000
(1790953998.790101) can0 2A2#0000E2BF000014CE
(1790953998.790220) can0 2A3#0002DFBA0002BF20
(1790953998.790345) can0 2A4#000118C7FFFD54F4
(1790953998.790470) can0 2A5#0000133A0000135D
(1790953998.790571) can0 2A6#FFFFF84700000253
(1790953998.790705) can0 2A7#00004EADFFFFFD8E
(1790953998.795004) can0 2A1#0100010000000000
(1790953998.795122) can0 2A2#0000E2BF000014CE
(1790953998.795248) can0 2A3#0002DFBA0002BF20
(1790953998.795345) can0 2A4#000118C7FFFD54F4
(1790953998.795469) can0 2A5#0000133A0000135D
(1790953998.795599) can0 2A6#FFFFF84700000253
(1790953998.795722) can0 2A7#00004EADFFFFFD8E
(1790953998.799982) can0 2A1#0100010000000000
(1790953998.800093) can0 2A2#0000E2BF000014CE
(1790953998.800220) can0 2A3#0002DFBA0002BF20
(1790953998.800344) can0 2A4#000118C7FFFD54F4
(1790953998.800469) can0 2A5#0000133A0000135D
(1790953998.800593) can0 2A6#FFFFF84700000253
(1790953998.800694) can0 2A7#00004EADFFFFFD8E
(1790953998.805002) can0 2A1#0100010000000000
(1790953998.805096) can0 2A2#0000E2BF000014CE
(1790953998.805245) can0 2A3#0002DFBA0002BF20
(1790953998.805345) can0 2A4#000118C7FFFD54F4
(1790953998.805469) can0 2A5#0000133A0000135D
(1790953998.805594) can0 2A6#FFFFF84700000253
(1790953998.805719) can0 2A7#00004EADFFFFFD8E
(1790953998.809968) can0 2A1#0100010000000000
(1790953998.810094) can0 2A2#0000E2BF000014CE
(1790953998.810217) can0 2A3#0002DFBA0002BF20
(1790953998.810342) can0 2A4#000118C7FFFD54F4
(1790953998.810467) can0 2A5#0000133A0000135D
(1790953998.810594) can0 2A6#FFFFF84700000253
(1790953998.810692) can0 2A7#00004EADFFFFFD8E
(1790953998.815010) can0 2A1#0100010000000000
(1790953998.815095) can0 2A2#0000E2BF000014CE
(1790953998.815221) can0 2A3#0002DFBA0002BF20
(1790953998.815345) can0 2A4#000118C7FFFD54F4
(1790953998.815471) can0 2A5#0000133A0000135D
(1790953998.815595) can0 2A6#FFFFF84700000253
(1790953998.815721) can0 2A7#00004EADFFFFFD8E
(1790953998.819977) can0 2A1#0100010000000000
(1790953998.820096) can0 2A2#0000E2BF000014CE
(1790953998.820220) can0 2A3#0002DFBA0002BF20
(1790953998.820346) can0 2A4#000118C7FFFD54F4
(1790953998.820470) can0 2A5#0000133A0000135D
(1790953998.820572) can0 2A6#FFFFF84700000253
(1790953998.820695) can0 2A7#00004EADFFFFFD8E
(1790953998.825007) can0 2A1#0100010000000000
(1790953998.825121) can0 2A2#0000E2BF000014CE
(1790953998.825244) can0 2A3#0002DFBA0002BF20
(1790953998.825344) can0 2A4#000118C7FFFD54F4
(1790953998.825467) can0 2A5#0000133A0000135D
(1790953998.825594) can0 2A6#FFFFF84700000253
(1790953998.825719) can0 2A7#00004EADFFFFFD8E
(1790953998.830001) can0 2A1#0100010000000000
(1790953998.830098) can0 2A2#0000E2BF000014CE
(1790953998.830223) can0 2A3#0002DFBA0002BF20
(1790953998.830347) can0 2A4#000118C7FFFD54F4
(1790953998.830448) can0 2A5#0000133A0000135D
(1790953998.830584) can0 2A6#FFFFF84700000253
(1790953998.830697) can0 2A7#00004EADFFFFFD8E
(1790953998.835005) can0 2A1#0100010000000000
(1790953998.835124) can0 2A2#0000E2BF000014CE
(1790953998.835218) can0 2A3#0002DFBA0002BF20
(1790953998.835344) can0 2A4#000118C7FFFD54F4
(1790953998.835469) can0 2A5#0000133A0000135D
(1790953998.835594) can0 2A6#FFFFF84700000253
(1790953998.835719) can0 2A7#00004EADFFFFFD8E
(1790953998.839982) can0 2A1#0100010000000000
(1790953998.840096) can0 2A2#0000E2BF000014CE
(1790953998.840223) can0 2A3#0002DFBA0002BF20
(1790953998.840346) can0 2A4#000118C7FFFD54F4
(1790953998.840471) can0 2A5#0000133A0000135D
(1790953998.840597) can0 2A6#FFFFF84700000253
(1790953998.840720) can0 2A7#00004EADFFFFFD8E
(1790953998.845014) can0 2A1#0100010000000000
(1790953998.845100) can0 2A2#0000E2BF000014CE
(1790953998.845246) can0 2A3#0002DFBA0002BF20
(1790953998.845345) can0 2A4#000118C7FFFD54F4
(1790953998.845471) can0 2A5#0000133A0000135D
(1790953998.845597) can0 2A6#FFFFF84700000253
(1790953998.845721) can0 2A7#00004EADFFFFFD8E
(1790953998.850011) can0 2A1#0100010000000000
(1790953998.850099) can0 2A2#0000E2BF000014CE
(1790953998.850221) can0 2A3#0002DFBA0002BF20
(1790953998.850345) can0 2A4#000118C7FFFD54F4
(1790953998.850473) can0 2A5#0000133A0000135D
(1790953998.850575) can0 2A6#FFFFF84700000253
(1790953998.850698) can0 2A7#00004EADFFFFFD8E
(1790953998.855015) can0 2A1#0100010000000000
(1790953998.855120) can0 2A2#0000E2BF000014CE
(1790953998.855249) can0 2A3#0002DFBA0002BF20
(1790953998.855348) can0 2A4#000118C7FFFD54F4
(1790953998.855471) can0 2A5#0000133A0000135D
(1790953998.855596) can0 2A6#FFFFF84700000253
(1790953998.855722) can0 2A7#00004EADFFFFFD8E
(1790953998.859980) can0 2A1#0100010000000000
(1790953998.860096) can0 2A2#0000E2BF000014CE
(1790953998.860222) can0 2A3#0002DFBA0002BF20
(1790953998.860346) can0 2A4#000118C7FFFD54F4
(1790953998.860471) can0 2A5#0000133A0000135D
(1790953998.860596) can0 2A6#FFFFF84700000253
(1790953998.860697) can0 2A7#00004EADFFFFFD8E
(1790953998.865009) can0 2A1#0100010000000000
(1790953998.865098) can0 2A2#0000E2BF000014CE
(1790953998.865221) can0 2A3#0002DFBA0002BF20
(1790953998.865373) can0 2A4#000118C7FFFD54F4
(1790953998.865473) can0 2A5#0000133A0000135D
(1790953998.865596) can0 2A6#FFFFF84700000253
(1790953998.865724) can0 2A7#00004EADFFFFFD8E
(1790953998.870033) can0 2A1#0100010000000000
(1790953998.870097) can0 2A2#0000E2BF000014CE
(1790953998.870223) can0 2A3#0002DFBA0002BF20
(1790953998.870347) can0 2A4#000118C7FFFD54F4
(1790953998.870472) can0 2A5#0000133A0000135D
(1790953998.870597) can0 2A6#FFFFF84700000253
(1790953998.870698) can0 2A7#00004EADFFFFFD8E
(1790953998.875010) can0 2A1#0100010000000000
(1790953998.875120) can0 2A2#0000E2BF000014CE
(1790953998.875222) can0 2A3#0002DFBA0002BF20
(1790953998.875347) can0 2A4#000118C7FFFD54F4
(1790953998.875472) can0 2A5#0000133A0000135D
(1790953998.875599) can0 2A6#FFFFF84700000253
(1790953998.875722) can0 2A7#00004EADFFFFFD8E
(1790953998.879980) can0 2A1#0100010000000000
(1790953998.880098) can0 2A2#0000E2BF000014CE
(1790953998.880222) can0 2A3#0002DFBA0002BF20
(1790953998.880347) can0 2A4#000118C7FFFD54F4
(1790953998.880472) can0 2A5#0000133A0000135D
(1790953998.880571) can0 2A6#FFFFF84700000253
(1790953998.880697) can0 2A7#00004EADFFFFFD8E
(1790953998.884996) can0 2A1#0100010000000000
(1790953998.885123) can0 2A2#0000E2BF000014CE
(1790953998.885222) can0 2A3#0002DFBA0002BF20
(1790953998.885347) can0 2A4#000118C7FFFD54F4
(1790953998.885473) can0 2A5#0000133A0000135D
(1790953998.885597) can0 2A6#FFFFF84700000253
(1790953998.885723) can0 2A7#00004EADFFFFFD8E
(1790953998.889971) can0 2A1#0100010000000000
(1790953998.890097) can0 2A2#0000E2BF000014CE
(1790953998.890222) can0 2A3#0002DFBA0002BF20
(1790953998.890346) can0 2A4#000118C7FFFD54F4
(1790953998.890471) can0 2A5#0000133A0000135D
(1790953998.890597) can0 2A6#FFFFF84700000253
(1790953998.890722) can0 2A7#00004EADFFFFFD8E
(1790953998.894995) can0 2A1#0100010000000000
(1790953998.895122) can0 2A2#0000E2BF000014CE
(1790953998.895222) can0 2A3#0002DFBA0002BF20
(1790953998.895346) can0 2A4#000118C7FFFD54F4
(1790953998.895471) can0 2A5#0000133A0000135D
(1790953998.895597) can0 2A6#FFFFF84700000253
(1790953998.895722) can0 2A7#00004EADFFFFFD8E
(1790953998.899982) can0 2A1#0100010000000000
(1790953998.900120) can0 2A2#0000E2BF000014CE
(1790953998.900223) can0 2A3#0002DFBA0002BF20
(1790953998.900347) can0 2A4#000118C7FFFD54F4
(1790953998.900472) can0 2A5#0000133A0000135D
(1790953998.900597) can0 2A6#FFFFF84700000253
(1790953998.900698) can0 2A7#00004EADFFFFFD8E
(1790953998.905005) can0 2A1#0100010000000000
(1790953998.905103) can0 2A2#0000E2BF000014CE
(1790953998.905222) can0 2A3#0002DFBA0002BF20
(1790953998.905347) can0 2A4#000118C7FFFD54F4
(1790953998.905471) can0 2A5#0000133A0000135D
(1790953998.905597) can0 2A6#FFFFF84700000253
(1790953998.905722) can0 2A7#00004EADFFFFFD8E
(1790953998.909978) can0 2A1#0100010000000000
(1790953998.910102) can0 2A2#0000E2BF000014CE
(1790953998.910222) can0 2A3#0002DFBA0002BF20
(1790953998.910347) can0 2A4#000118C7FFFD54F4
(1790953998.910472) can0 2A5#0000133A0000135D
(1790953998.910571) can0 2A6#FFFFF84700000253
(1790953998.910697) can0 2A7#00004EADFFFFFD8E
(1790953998.915020) can0 2A1#0100010000000000
(1790953998.915121) can0 2A2#0000E2BF000014CE
(1790953998.915247) can0 2A3#0002DFBA0002BF20
(1790953998.915347) can0 2A4#000118C7FFFD54F4
(1790953998.915472) can0 2A5#0000133A0000135D
(1790953998.915597) can0 2A6#FFFFF84700000253
(1790953998.915722) can0 2A7#00004EADFFFFFD8E
(1790953998.920000) can0 2A1#0100010000000000
(1790953998.920102) can0 2A2#0000E2BF000014CE
(1790953998.920222) can0 2A3#0002DFBA0002BF20
(1790953998.920347) can0 2A4#000118C7FFFD54F4
(1790953998.920446) can0 2A5#0000133A0000135D
(1790953998.920572) can0 2A6#FFFFF84700000253
(1790953998.920697) can0 2A7#00004EADFFFFFD8E
(1790953998.925008) can0 2A1#0100010000000000
(1790953998.925127) can0 2A2#0000E2BF000014CE
(1790953998.925222) can0 2A3#0002DFBA0002BF20
(1790953998.925347) can0 2A4#000118C7FFFD54F4
(1790953998.925472) can0 2A5#0000133A0000135D
(1790953998.925597) can0 2A6#FFFFF84700000253
(1790953998.925722) can0 2A7#00004EADFFFFFD8E
(1790953998.929971) can0 2A1#0100010000000000
(1790953998.930098) can0 2A2#0000E2BF000014CE
(1790953998.930222) can0 2A3#0002DFBA0002BF20
(1790953998.930345) can0 2A4#000118C7FFFD54F4
(1790953998.930472) can0 2A5#0000133A0000135D
(1790953998.930572) can0 2A6#FFFFF84700000253
(1790953998.930697) can0 2A7#00004EADFFFFFD8E
(1790953998.935005) can0 2A1#0100010000000000
(1790953998.935120) can0 2A2#0000E2BF000014CE
(1790953998.935246) can0 2A3#0002DFBA0002BF20
(1790953998.935372) can0 2A4#000118C7FFFD54F4
(1790953998.935471) can0 2A5#0000133A0000135D
(1790953998.935597) can0 2A6#FFFFF84700000253
(1790953998.935722) can0 2A7#00004EADFFFFFD8E
(1790953998.940005) can0 2A1#0100010000000000
(1790953998.940098) can0 2A2#0000E2BF000014CE
(1790953998.940219) can0 2A3#0002DFBA0002BF20
(1790953998.940344) can0 2A4#000118C7FFFD54F4
(1790953998.940469) can0 2A5#0000133A0000135D
(1790953998.940570) can0 2A6#FFFFF84700000253
(1790953998.940695) can0 2A7#00004EADFFFFFD8E
(1790953998.945007) can0 2A1#0100010000000000
(1790953998.945122) can0 2A2#0000E2BF000014CE
(1790953998.945220) can0 2A3#0002DFBA0002BF20
(1790953998.945348) can0 2A4#000118C7FFFD54F4
(1790953998.945473) can0 2A5#0000133A0000135D
(1790953998.945596) can0 2A6#FFFFF84700000253
(1790953998.945721) can0 2A7#00004EADFFFFFD8E
(1790953998.949995) can0 2A1#0100010000000000
(1790953998.950095) can0 2A2#0000E2BF000014CE
(1790953998.950219) can0 2A3#0002DFBA0002BF20
(1790953998.950346) can0 2A4#000118C7FFFD54F4
(1790953998.950468) can0 2A5#0000133A0000135D
(1790953998.950571) can0 2A6#FFFFF84700000253
(1790953998.950695) can0 2A7#00004EADFFFFFD8E
(1790953998.954998) can0 2A1#0100010000000000
(1790953998.955119) can0 2A2#0000E2BF000014CE
(1790953998.955246) can0 2A3#0002DFBA0002BF20
(1790953998.955371) can0 2A4#000118C7FFFD54F4
(1790953998.955470) can0 2A5#0000133A0000135D
(1790953998.955596) can0 2A6#FFFFF84700000253
(1790953998.955721) can0 2A7#00004EADFFFFFD8E
(1790953998.960007) can0 2A1#0100010000000000
(1790953998.960099) can0 2A2#0000E2BF000014CE
(1790953998.960220) can0 2A3#0002DFBA0002BF20
(1790953998.960346) can0 2A4#000118C7FFFD54F4
(1790953998.960470) can0 2A5#0000133A0000135D
(1790953998.960569) can0 2A6#FFFFF84700000253
(1790953998.960694) can0 2A7#00004EADFFFFFD8E
(1790953998.965026) can0 2A1#0100010000000000
(1790953998.965119) can0 2A2#0000E2BF000014CE
(1790953998.965221) can0 2A3#0002DFBA0002BF20
(1790953998.965346) can0 2A4#000118C7FFFD54F4
(1790953998.965471) can0 2A5#0000133A0000135D
(1790953998.965595) can0 2A6#FFFFF84700000253
(1790953998.965719) can0 2A7#00004EADFFFFFD8E
(1790953998.970000) can0 2A1#0100010000000000
(1790953998.970099) can0 2A2#0000E2BF000014CE
(1790953998.970221) can0 2A3#0002DFBA0002BF20
(1790953998.970346) can0 2A4#000118C7FFFD54F4
(1790953998.970446) can0 2A5#0000133A0000135D
(1790953998.970571) can0 2A6#FFFFF84700000253
(1790953998.970696) can0 2A7#00004EADFFFFFD8E
(1790953998.974999) can0 2A1#0100010000000000
(1790953998.975119) can0 2A2#0000E2BF000014CE
(1790953998.975221) can0 2A3#0002DFBA0002BF20
(1790953998.975344) can0 2A4#000118C7FFFD54F4
(1790953998.975470) can0 2A5#0000133A0000135D
(1790953998.975594) can0 2A6#FFFFF84700000253
(1790953998.975719) can0 2A7#00004EADFFFFFD8E
(1790953998.979988) can0 2A1#0100010000000000
(1790953998.980096) can0 2A2#0000E2BF000014CE
(1790953998.980221) can0 2A3#0002DFBA0002BF20
(1790953998.980346) can0 2A4#000118C7FFFD54F4
(1790953998.980471) can0 2A5#0000133A0000135D
(1790953998.980595) can0 2A6#FFFFF84700000253
(1790953998.980719) can0 2A7#00004EADFFFFFD8E
(1790953998.985004) can0 2A1#0100010000000000
(1790953998.985124) can0 2A2#0000E2BF000014CE
(1790953998.985221) can0 2A3#0002DFBA0002BF20
(1790953998.985346) can0 2A4#000118C7FFFD54F4
(1790953998.985471) can0 2A5#0000133A0000135D
(1790953998.985594) can0 2A6#FFFFF84700000253
(1790953998.985721) can0 2A7#00004EADFFFFFD8E
(1790953998.989973) can0 2A1#0100010000000000
(1790953998.990094) can0 2A2#0000E2BF000014CE
(1790953998.990221) can0 2A3#0002DFBA0002BF20
(1790953998.990345) can0 2A4#000118C7FFFD54F4
(1790953998.990471) can0 2A5#0000133A0000135D
(1790953998.990602) can0 2A6#FFFFF84700000253
(1790953998.990696) can0 2A7#00004EADFFFFFD8E
(1790953998.994997) can0 2A1#0100010000000000
(1790953998.995121) can0 2A2#0000E2BF000014CE
(1790953998.995221) can0 2A3#0002DFBA0002BF20
(1790953998.995346) can0 2A4#000118C7FFFD54F4
(1790953998.995469) can0 2A5#0000133A0000135D
(1790953998.995595) can0 2A6#FFFFF84700000253
(1790953998.995722) can0 2A7#00004EADFFFFFD8E
(1790953998.999974) can0 2A1#0100010000000000
(1790953999.000094) can0 2A2#0000E2BF000014CE
(1790953999.000221) can0 2A3#0002DFBA0002BF20
(1790953999.000346) can0 2A4#000118C7FFFD54F4
(1790953999.000470) can0 2A5#0000133A0000135D
(1790953999.000594) can0 2A6#FFFFF84700000253
(1790953999.000694) can0 2A7#00004EADFFFFFD8E
(1790953999.005000) can0 2A1#0100010000000000
(1790953999.005120) can0 2A2#0000E2BF000014CE
(1790953999.005246) can0 2A3#0002DFBA0002BF20
(1790953999.005346) can0 2A4#000118C7FFFD54F4
(1790953999.005469) can0 2A5#0000133A0000135D
(1790953999.005595) can0 2A6#FFFFF84700000253
(1790953999.005720) can0 2A7#00004EADFFFFFD8E
(1790953999.010002) can0 2A1#0100010000000000
(1790953999.010099) can0 2A2#0000E2BF000014CE
(1790953999.010221) can0 2A3#0002DFBA0002BF20
(1790953999.010346) can0 2A4#000118C7FFFD54F4
(1790953999.010445) can0 2A5#0000133A0000135D
(1790953999.010571) can0 2A6#FFFFF84700000253
(1790953999.010721) can0 2A7#00004EADFFFFFD8E
(1790953999.015012) can0 2A1#0100010000000000
(1790953999.015121) can0 2A2#0000E2BF000014CE
(1790953999.015221) can0 2A3#0002DFBA0002BF20
(1790953999.015344) can0 2A4#000118C7FFFD54F4
(1790953999.015471) can0 2A5#0000133A0000135D
(1790953999.015596) can0 2A6#FFFFF84700000253
(1790953999.015721) can0 2A7#00004EADFFFFFD8E
(1790953999.019994) can0 2A1#0100010000000000
(1790953999.020098) can0 2A2#0000E2BF000014CE
(1790953999.020220) can0 2A3#0002DFBA0002BF20
(1790953999.020346) can0 2A4#000118C7FFFD54F4
(1790953999.020471) can0 2A5#0000133A0000135D
(1790953999.020597) can0 2A6#FFFFF84700000253
(1790953999.020721) can0 2A7#00004EADFFFFFD8E
(1790953999.025005) can0 2A1#0100010000000000
(1790953999.025121) can0 2A2#0000E2BF000014CE
(1790953999.025247) can0 2A3#0002DFBA0002BF20
(1790953999.025370) can0 2A4#000118C7FFFD54F4
(1790953999.025469) can0 2A5#0000133A0000135D
(1790953999.025596) can0 2A6#FFFFF84700000253
(1790953999.025723) can0 2A7#00004EADFFFFFD8E
(1790953999.030001) can0 2A1#0100010000000000
(1790953999.030096) can0 2A2#0000E2BF000014CE
(1790953999.030220) can0 2A3#0002DFBA0002BF20
(1790953999.030347) can0 2A4#000118C7FFFD54F4
(1790953999.030470) can0 2A5#0000133A0000135D
(1790953999.030596) can0 2A6#FFFFF84700000253
(1790953999.030695) can0 2A7#00004EADFFFFFD8E
(1790953999.035006) can0 2A1#0100010000000000
(1790953999.035120) can0 2A2#0000E2BF000014CE
(1790953999.035247) can0 2A3#0002DFBA0002BF20
(1790953999.035371) can0 2A4#000118C7FFFD54F4
(1790953999.035471) can0 2A5#0000133A0000135D
(1790953999.035595) can0 2A6#FFFFF84700000253
(1790953999.035721) can0 2A7#00004EADFFFFFD8E
(1790953999.039972) can0 2A1#0100010000000000
(1790953999.040094) can0 2A2#0000E2BF000014CE
(1790953999.040221) can0 2A3#0002DFBA0002BF20
(1790953999.040346) can0 2A4#000118C7FFFD54F4
(1790953999.040469) can0 2A5#0000133A0000135D
(1790953999.040595) can0 2A6#FFFFF84700000253
(1790953999.040720) can0 2A7#00004EADFFFFFD8E
(1790953999.045002) can0 2A1#0100010000000000
(1790953999.045095) can0 2A2#0000E2BF000014CE
(1790953999.045223) can0 2A3#0002DFBA0002BF20
(1790953999.045348) can0 2A4#000118C7FFFD54F4
(1790953999.045471) can0 2A5#0000133A0000135D
(1790953999.045598) can0 2A6#FFFFF84700000253
(1790953999.045723) can0 2A7#00004EADFFFFFD8E
(1790953999.049996) can0 2A1#0100010000000000
(1790953999.050098) can0 2A2#0000E2BF000014CE
(1790953999.050221) can0 2A3#0002DFBA0002BF20
(1790953999.050346) can0 2A4#000118C7FFFD54F4
(1790953999.050471) can0 2A5#0000133A0000135D
(1790953999.050596) can0 2A6#FFFFF84700000253
(1790953999.050720) can0 2A7#00004EADFFFFFD8E
(1790953999.055004) can0 2A1#0100010000000000
(1790953999.055132) can0 2A2#0000E2BF000014CE
(1790953999.055222) can0 2A3#0002DFBA0002BF20
(1790953999.055346) can0 2A4#000118C7FFFD54F4
(1790953999.055471) can0 2A5#0000133A0000135D
(1790953999.055596) can0 2A6#FFFFF84700000253
(1790953999.055723) can0 2A7#00004EADFFFFFD8E
(1790953999.059975) can0 2A1#0100010000000000
(1790953999.060099) can0 2A2#0000E2BF000014CE
(1790953999.060220) can0 2A3#0002DFBA0002BF20
(1790953999.060348) can0 2A4#000118C7FFFD54F4
(1790953999.060471) can0 2A5#0000133A0000135D
(1790953999.060572) can0 2A6#FFFFF84700000253
(1790953999.060695) can0 2A7#00004EADFFFFFD8E
(1790953999.065033) can0 2A1#0100010000000000
(1790953999.065128) can0 2A2#0000E2BF000014CE
(1790953999.065221) can0 2A3#0002DFBA0002BF20
(1790953999.065348) can0 2A4#000118C7FFFD54F4
(1790953999.065473) can0 2A5#0000133A0000135D
(1790953999.065596) can0 2A6#FFFFF84700000253
(1790953999.065723) can0 2A7#00004EADFFFFFD8E
(1790953999.069976) can0 2A1#0100010000000000
(1790953999.070123) can0 2A2#0000E2BF000014CE
(1790953999.070220) can0 2A3#0002DFBA0002BF20
(1790953999.070346) can0 2A4#000118C7FFFD54F4
(1790953999.070473) can0 2A5#0000133A0000135D
(1790953999.070594) can0 2A6#FFFFF84700000253
(1790953999.070695) can0 2A7#00004EADFFFFFD8E
(1790953999.075011) can0 2A1#0100010000000000
(1790953999.075121) can0 2A2#0000E2BF000014CE
(1790953999.075247) can0 2A3#0002DFBA0002BF20
(1790953999.075371) can0 2A4#000118C7FFFD54F4
(1790953999.075471) can0 2A5#0000133A0000135D
(1790953999.075595) can0 2A6#FFFFF84700000253
(1790953999.075721) can0 2A7#00004EADFFFFFD8E
(1790953999.080014) can0 2A1#0100010000000000
(1790953999.080096) can0 2A2#0000E2BF000014CE
(1790953999.080222) can0 2A3#0002DFBA0002BF20
(1790953999.080346) can0 2A4#000118C7FFFD54F4
(1790953999.080470) can0 2A5#0000133A0000135D
(1790953999.080601) can0 2A6#FFFFF84700000253
(1790953999.080695) can0 2A7#00004EADFFFFFD8E
(1790953999.085002) can0 2A1#0100010000000000
(1790953999.085122) can0 2A2#0000E2BF000014CE
(1790953999.085245) can0 2A3#0002DFBA0002BF20
(1790953999.085346) can0 2A4#000118C7FFFD54F4
(1790953999.085471) can0 2A5#0000133A0000135D
(1790953999.085595) can0 2A6#FFFFF84700000253
(1790953999.085722) can0 2A7#00004EADFFFFFD8E
(1790953999.089978) can0 2A1#0100010000000000
(1790953999.090095) can0 2A2#0000E2BF000014CE
(1790953999.090223) can0 2A3#0002DFBA0002BF20
(1790953999.090344) can0 2A4#000118C7FFFD54F4
(1790953999.090471) can0 2A5#0000133A0000135D
(1790953999.090595) can0 2A6#FFFFF84700000253
(1790953999.090695) can0 2A7#00004EADFFFFFD8E
(1790953999.095006) can0 2A1#0100010000000000
(1790953999.095122) can0 2A2#0000E2BF000014CE
(1790953999.095245) can0 2A3#0002DFBA0002BF20
(1790953999.095372) can0 2A4#000118C7FFFD54F4
(1790953999.095471) can0 2A5#0000133A0000135D
(1790953999.095595) can0 2A6#FFFFF84700000253
(1790953999.095721) can0 2A7#00004EADFFFFFD8E
(1790953999.099995) can0 2A1#0100010000000000
(1790953999.100097) can0 2A2#0000E2BF000014CE
(1790953999.100220) can0 2A3#0002DFBA0002BF20
(1790953999.100345) can0 2A4#000118C7FFFD54F4
(1790953999.100474) can0 2A5#0000133A0000135D
(1790953999.100572) can0 2A6#FFFFF84700000253
(1790953999.100696) can0 2A7#00004EADFFFFFD8E
(1790953999.105005) can0 2A1#0100010000000000
(1790953999.105131) can0 2A2#0000E2BF000014CE
(1790953999.105247) can0 2A3#0002DFBA0002BF20
(1790953999.105344) can0 2A4#000118C7FFFD54F4
(1790953999.105471) can0 2A5#0000133A0000135D
(1790953999.105596) can0 2A6#FFFFF84700000253
(1790953999.105696) can0 2A7#00004EADFFFFFD8E
(1790953999.109977) can0 2A1#0100010000000000
(1790953999.110094) can0 2A2#0000E2BF000014CE
(1790953999.110221) can0 2A3#0002DFBA0002BF20
(1790953999.110344) can0 2A4#000118C7FFFD54F4
(1790953999.110470) can0 2A5#0000133A0000135D
(1790953999.110569) can0 2A6#FFFFF84700000253
(1790953999.110720) can0 2A7#00004EADFFFFFD8E
(1790953999.115014) can0 2A1#0100010000000000
(1790953999.115119) can0 2A2#0000E2BF000014CE
(1790953999.115246) can0 2A3#0002DFBA0002BF20
(1790953999.115345) can0 2A4#000118C7FFFD54F4
(1790953999.115471) can0 2A5#0000133A0000135D
(1790953999.115596) can0 2A6#FFFFF84700000253
(1790953999.115720) can0 2A7#00004EADFFFFFD8E
(1790953999.120006) can0 2A1#0100010000000000
(1790953999.120100) can0 2A2#0000E2BF000014CE
(1790953999.120221) can0 2A3#0002DFBA0002BF20
(1790953999.120344) can0 2A4#000118C7FFFD54F4
(1790953999.120469) can0 2A5#0000133A0000135D
(1790953999.120571) can0 2A6#FFFFF84700000253
(1790953999.120695) can0 2A7#00004EADFFFFFD8E
(1790953999.125009) can0 2A1#0100010000000000
(1790953999.125121) can0 2A2#0000E2BF000014CE
(1790953999.125221) can0 2A3#0002DFBA0002BF20
(1790953999.125344) can0 2A4#000118C7FFFD54F4
(1790953999.125471) can0 2A5#0000133A0000135D
(1790953999.125596) can0 2A6#FFFFF84700000253
(1790953999.125719) can0 2A7#00004EADFFFFFD8E
(1790953999.129986) can0 2A1#0100010000000000
(1790953999.130095) can0 2A2#0000E2BF000014CE
(1790953999.130221) can0 2A3#0002DFBA0002BF20
(1790953999.130346) can0 2A4#000118C7FFFD54F4
(1790953999.130471) can0 2A5#0000133A0000135D
(1790953999.130597) can0 2A6#FFFFF84700000253
(1790953999.130696) can0 2A7#00004EADFFFFFD8E
(1790953999.135000) can0 2A1#0100010000000000
(1790953999.135099) can0 2A2#0000E2BF000014CE
(1790953999.135246) can0 2A3#0002DFBA0002BF20
(1790953999.135346) can0 2A4#000118C7FFFD54F4
(1790953999.135471) can0 2A5#0000133A0000135D
(1790953999.135595) can0 2A6#FFFFF84700000253
(1790953999.135721) can0 2A7#00004EADFFFFFD8E
(1790953999.139999) can0 2A1#0100010000000000
(1790953999.140122) can0 2A2#0000E2BF000014CE
(1790953999.140221) can0 2A3#0002DFBA0002BF20
(1790953999.140346) can0 2A4#000118C7FFFD54F4
(1790953999.140472) can0 2A5#0000133A0000135D
(1790953999.140594) can0 2A6#FFFFF84700000253
(1790953999.140695) can0 2A7#00004EADFFFFFD8E
(1790953999.145005) can0 2A1#0100010000000000
(1790953999.145121) can0 2A2#0000E2BF000014CE
(1790953999.145246) can0 2A3#0002DFBA0002BF20
(1790953999.145351) can0 2A4#000118C7FFFD54F4
(1790953999.145471) can0 2A5#0000133A0000135D
(1790953999.145598) can0 2A6#FFFFF84700000253
(1790953999.145698) can0 2A7#00004EADFFFFFD8E
(1790953999.149975) can0 2A1#0100010000000000
(1790953999.150095) can0 2A2#0000E2BF000014CE
(1790953999.150220) can0 2A3#0002DFBA0002BF20
(1790953999.150345) can0 2A4#000118C7FFFD54F4
(1790953999.150470) can0 2A5#0000133A0000135D
(1790953999.150594) can0 2A6#FFFFF84700000253
(1790953999.150695) can0 2A7#00004EADFFFFFD8E
(1790953999.154999) can0 2A1#0100010000000000
(1790953999.155120) can0 2A2#0000E2BF000014CE
(1790953999.155245) can0 2A3#0002DFBA0002BF20
(1790953999.155345) can0 2A4#000118C7FFFD54F4
(1790953999.155470) can0 2A5#0000133A0000135D
(1790953999.155596) can0 2A6#FFFFF84700000253
(1790953999.155720) can0 2A7#00004EADFFFFFD8E
(1790953999.159975) can0 2A1#0100010000000000
(1790953999.160095) can0 2A2#0000E2BF000014CE
(1790953999.160220) can0 2A3#0002DFBA0002BF20
(1790953999.160345) can0 2A4#000118C7FFFD54F4
(1790953999.160469) can0 2A5#0000133A0000135D
(1790953999.160595) can0 2A6#FFFFF84700000253
(1790953999.160695) can0 2A7#00004EADFFFFFD8E
(1790953999.165006) can0 2A1#0100010000000000
(1790953999.165122) can0 2A2#0000E2BF000014CE
(1790953999.165220) can0 2A3#0002DFBA0002BF20
(1790953999.165370) can0 2A4#000118C7FFFD54F4
(1790953999.165474) can0 2A5#0000133A0000135D
(1790953999.165595) can0 2A6#FFFFF84700000253
(1790953999.165720) can0 2A7#00004EADFFFFFD8E
(1790953999.170001) can0 2A1#0100010000000000
(1790953999.170102) can0 2A2#0000E2BF000014CE
(1790953999.170220) can0 2A3#0002DFBA0002BF20
(1790953999.170345) can0 2A4#000118C7FFFD54F4
(1790953999.170469) can0 2A5#0000133A0000135D
(1790953999.170595) can0 2A6#FFFFF84700000253
(1790953999.170695) can0 2A7#00004EADFFFFFD8E
(1790953999.175000) can0 2A1#0100010000000000
(1790953999.175129) can0 2A2#0000E2BF000014CE
(1790953999.175221) can0 2A3#0002DFBA0002BF20
(1790953999.175371) can0 2A4#000118C7FFFD54F4
(1790953999.175470) can0 2A5#0000133A0000135D
(1790953999.175594) can0 2A6#FFFFF84700000253
(1790953999.175721) can0 2A7#00004EADFFFFFD8E
(1790953999.180010) can0 2A1#0100010000000000
(1790953999.180097) can0 2A2#0000E2BF000014CE
(1790953999.180221) can0 2A3#0002DFBA0002BF20
(1790953999.180345) can0 2A4#000118C7FFFD54F4
(1790953999.180471) can0 2A5#0000133A0000135D
(1790953999.180597) can0 2A6#FFFFF84700000253
(1790953999.180694) can0 2A7#00004EADFFFFFD8E
(1790953999.185009) can0 2A1#0100010000000000
(1790953999.185122) can0 2A2#0000E2BF000014CE
(1790953999.185248) can0 2A3#0002DFBA0002BF20
(1790953999.185370) can0 2A4#000118C7FFFD54F4
(1790953999.185469) can0 2A5#0000133A0000135D
(1790953999.185597) can0 2A6#FFFFF84700000253
(1790953999.185721) can0 2A7#00004EADFFFFFD8E
(1790953999.190006) can0 2A1#0100010000000000
(1790953999.190120) can0 2A2#0000E2BF000014CE
(1790953999.190222) can0 2A3#0002DFBA0002BF20
(1790953999.190346) can0 2A4#000118C7FFFD54F4
(1790953999.190471) can0 2A5#0000133A0000135D
(1790953999.190572) can0 2A6#FFFFF84700000253
(1790953999.190695) can0 2A7#00004EADFFFFFD8E
(1790953999.195005) can0 2A1#0100010000000000
(1790953999.195120) can0 2A2#0000E2BF000014CE
(1790953999.195247) can0 2A3#0002DFBA0002BF20
(1790953999.195344) can0 2A4#000118C7FFFD54F4
(1790953999.195471) can0 2A5#0000133A0000135D
(1790953999.195597) can0 2A6#FFFFF84700000253
(1790953999.195721) can0 2A7#00004EADFFFFFD8E
(1790953999.200003) can0 2A1#0100010000000000
(1790953999.200120) can0 2A2#0000E2BF000014CE
(1790953999.200222) can0 2A3#0002DFBA0002BF20
(1790953999.200345) can0 2A4#000118C7FFFD54F4
(1790953999.200472) can0 2A5#0000133A0000135D
(1790953999.200595) can0 2A6#FFFFF84700000253
(1790953999.200695) can0 2A7#00004EADFFFFFD8E
(1790953999.205000) can0 2A1#0100010000000000
(1790953999.205121) can0 2A2#0000E2BF000014CE
(1790953999.205247) can0 2A3#0002DFBA0002BF20
(1790953999.205346) can0 2A4#000118C7FFFD54F4
(1790953999.205469) can0 2A5#0000133A0000135D
(1790953999.205595) can0 2A6#FFFFF84700000253
(1790953999.205721) can0 2A7#00004EADFFFFFD8E
(1790953999.209978) can0 2A1#0100010000000000
(1790953999.210096) can0 2A2#0000E2BF000014CE
(1790953999.210222) can0 2A3#0002DFBA0002BF20
(1790953999.210344) can0 2A4#000118C7FFFD54F4
(1790953999.210469) can0 2A5#0000133A0000135D
(1790953999.210577) can0 2A6#FFFFF84700000253
(1790953999.210722) can0 2A7#00004EADFFFFFD8E
(1790953999.215007) can0 2A1#0100010000000000
(1790953999.215120) can0 2A2#0000E2BF000014CE
(1790953999.215223) can0 2A3#0002DFBA0002BF20
(1790953999.215347) can0 2A4#000118C7FFFD54F4
(1790953999.215469) can0 2A5#0000133A0000135D
(1790953999.215595) can0 2A6#FFFFF84700000253
(1790953999.215720) can0 2A7#00004EADFFFFFD8E
(1790953999.220002) can0 2A1#0100010000000000
(1790953999.220095) can0 2A2#0000E2BF000014CE
(1790953999.220220) can0 2A3#0002DFBA0002BF20
(1790953999.220344) can0 2A4#000118C7FFFD54F4
(1790953999.220471) can0 2A5#0000133A0000135D
(1790953999.220596) can0 2A6#FFFFF84700000253
(1790953999.220695) can0 2A7#00004EADFFFFFD8E
(1790953999.225005) can0 2A1#0100010000000000
(1790953999.225120) can0 2A2#0000E2BF000014CE
(1790953999.225247) can0 2A3#0002DFBA0002BF20
(1790953999.225372) can0 2A4#000118C7FFFD54F4
(1790953999.225469) can0 2A5#0000133A0000135D
(1790953999.225597) can0 2A6#FFFFF84700000253
(1790953999.225720) can0 2A7#00004EADFFFFFD8E
(1790953999.229980) can0 2A1#0100010000000000
(1790953999.230095) can0 2A2#0000E2BF000014CE
(1790953999.230222) can0 2A3#0002DFBA0002BF20
(1790953999.230344) can0 2A4#000118C7FFFD54F4
(1790953999.230470) can0 2A5#0000133A0000135D
(1790953999.230600) can0 2A6#FFFFF84700000253
(1790953999.230699) can0 2A7#00004EADFFFFFD8E
(1790953999.235004) can0 2A1#0100010000000000
(1790953999.235122) can0 2A2#0000E2BF000014CE
(1790953999.235220) can0 2A3#0002DFBA0002BF20
(1790953999.235346) can0 2A4#000118C7FFFD54F4
(1790953999.235471) can0 2A5#0000133A0000135D
(1790953999.235595) can0 2A6#FFFFF84700000253
(1790953999.235720) can0 2A7#00004EADFFFFFD8E
(1790953999.239973) can0 2A1#0100010000000000
(1790953999.240096) can0 2A2#0000E2BF000014CE
(1790953999.240220) can0 2A3#0002DFBA0002BF20
(1790953999.240349) can0 2A4#000118C7FFFD54F4
(1790953999.240476) can0 2A5#0000133A0000135D
(1790953999.240595) can0 2A6#FFFFF84700000253
(1790953999.240697) can0 2A7#00004EADFFFFFD8E
(1790953999.245004) can0 2A1#0100010000000000
(1790953999.245121) can0 2A2#0000E2BF000014CE
(1790953999.245222) can0 2A3#0002DFBA0002BF20
(1790953999.245344) can0 2A4#000118C7FFFD54F4
(1790953999.245471) can0 2A5#0000133A0000135D
(1790953999.245601) can0 2A6#FFFFF84700000253
(1790953999.245720) can0 2A7#00004EADFFFFFD8E
(1790953999.249979) can0 2A1#0100010000000000
(1790953999.250095) can0 2A2#0000E2BF000014CE
(1790953999.250223) can0 2A3#0002DFBA0002BF20
(1790953999.250345) can0 2A4#000118C7FFFD54F4
(1790953999.250471) can0 2A5#0000133A0000135D
(1790953999.250595) can0 2A6#FFFFF84700000253
(1790953999.250721) can0 2A7#00004EADFFFFFD8E
(1790953999.255004) can0 2A1#0100010000000000
(1790953999.255123) can0 2A2#0000E2BF000014CE
(1790953999.255221) can0 2A3#0002DFBA0002BF20
(1790953999.255346) can0 2A4#000118C7FFFD54F4
(1790953999.255471) can0 2A5#0000133A0000135D
(1790953999.255597) can0 2A6#FFFFF84700000253
(1790953999.255721) can0 2A7#00004EADFFFFFD8E
(1790953999.259977) can0 2A1#0100010000000000
(1790953999.260094) can0 2A2#0000E2BF000014CE
(1790953999.260221) can0 2A3#0002DFBA0002BF20
(1790953999.260346) can0 2A4#000118C7FFFD54F4
(1790953999.260469) can0 2A5#0000133A0000135D
(1790953999.260596) can0 2A6#FFFFF84700000253
(1790953999.260721) can0 2A7#00004EADFFFFFD8E
(1790953999.265007) can0 2A1#0100010000000000
(1790953999.265125) can0 2A2#0000E2BF000014CE
(1790953999.265221) can0 2A3#0002DFBA0002BF20
(1790953999.265344) can0 2A4#000118C7FFFD54F4
(1790953999.265471) can0 2A5#0000133A0000135D
(1790953999.265595) can0 2A6#FFFFF84700000253
(1790953999.265722) can0 2A7#00004EADFFFFFD8E
(1790953999.269976) can0 2A1#0100010000000000
(1790953999.270098) can0 2A2#0000E2BF000014CE
(1790953999.270220) can0 2A3#0002DFBA0002BF20
(1790953999.270345) can0 2A4#000118C7FFFD54F4
(1790953999.270470) can0 2A5#0000133A0000135D
(1790953999.270595) can0 2A6#FFFFF84700000253
(1790953999.270695) can0 2A7#00004EADFFFFFD8E
(1790953999.275000) can0 2A1#0100010000000000
(1790953999.275120) can0 2A2#0000E2BF000014CE
(1790953999.275245) can0 2A3#0002DFBA0002BF20
(1790953999.275345) can0 2A4#000118C7FFFD54F4
(1790953999.275470) can0 2A5#0000133A0000135D
(1790953999.275595) can0 2A6#FFFFF84700000253
(1790953999.275720) can0 2A7#00004EADFFFFFD8E
(1790953999.280002) can0 2A1#0100010000000000
(1790953999.280101) can0 2A2#0000E2BF000014CE
(1790953999.280220) can0 2A3#0002DFBA0002BF20
(1790953999.280345) can0 2A4#000118C7FFFD54F4
(1790953999.280470) can0 2A5#0000133A0000135D
(1790953999.280595) can0 2A6#FFFFF84700000253
(1790953999.280720) can0 2A7#00004EADFFFFFD8E
(1790953999.285002) can0 2A1#0100010000000000
(1790953999.285121) can0 2A2#0000E2BF000014CE
(1790953999.285245) can0 2A3#0002DFBA0002BF20
(1790953999.285345) can0 2A4#000118C7FFFD54F4
(1790953999.285470) can0 2A5#0000133A0000135D
(1790953999.285595) can0 2A6#FFFFF84700000253
(1790953999.285720) can0 2A7#00004EADFFFFFD8E
(1790953999.290005) can0 2A1#0100010000000000
(1790953999.290102) can0 2A2#0000E2BF000014CE
(1790953999.290222) can0 2A3#0002DFBA0002BF20
(1790953999.290345) can0 2A4#000118C7FFFD54F4
(1790953999.290470) can0 2A5#0000133A0000135D
(1790953999.290570) can0 2A6#FFFFF84700000253
(1790953999.290693) can0 2A7#00004EADFFFFFD8E
(1790953999.294998) can0 2A1#0100010000000000
(1790953999.295120) can0 2A2#0000E2BF000014CE
(1790953999.295219) can0 2A3#0002DFBA0002BF20
(1790953999.295345) can0 2A4#000118C7FFFD54F4
(1790953999.295470) can0 2A5#0000133A0000135D
(1790953999.295595) can0 2A6#FFFFF84700000253
(1790953999.295720) can0 2A7#00004EADFFFFFD8E
(1790953999.299975) can0 2A1#0100010000000000
(1790953999.300103) can0 2A2#0000E2BF000014CE
(1790953999.300223) can0 2A3#0002DFBA0002BF20
(1790953999.300347) can0 2A4#000118C7FFFD54F4
(1790953999.300469) can0 2A5#0000133A0000135D
(1790953999.300602) can0 2A6#FFFFF84700000253
(1790953999.300722) can0 2A7#00004EADFFFFFD8E
(1790953999.305003) can0 2A1#0100010000000000
(1790953999.305121) can0 2A2#0000E2BF000014CE
(1790953999.305223) can0 2A3#0002DFBA0002BF20
(1790953999.305369) can0 2A4#000118C7FFFD54F4
(1790953999.305470) can0 2A5#0000133A0000135D
(1790953999.305595) can0 2A6#FFFFF84700000253
(1790953999.305722) can0 2A7#00004EADFFFFFD8E
(1790953999.309973) can0 2A1#0100010000000000
(1790953999.310097) can0 2A2#0000E2BF000014CE
(1790953999.310223) can0 2A3#0002DFBA0002BF20
(1790953999.310346) can0 2A4#000118C7FFFD54F4
(1790953999.310472) can0 2A5#0000133A0000135D
(1790953999.310596) can0 2A6#FFFFF84700000253
(1790953999.310695) can0 2A7#00004EADFFFFFD8E
(1790953999.315011) can0 2A1#0100010000000000
(1790953999.315121) can0 2A2#0000E2BF000014CE
(1790953999.315246) can0 2A3#0002DFBA0002BF20
(1790953999.315371) can0 2A4#000118C7FFFD54F4
(1790953999.315496) can0 2A5#0000133A0000135D
(1790953999.315596) can0 2A6#FFFFF84700000253
(1790953999.315721) can0 2A7#00004EADFFFFFD8E
(1790953999.320000) can0 2A1#0100010000000000
(1790953999.320099) can0 2A2#0000E2BF000014CE
(1790953999.320221) can0 2A3#0002DFBA0002BF20
(1790953999.320350) can0 2A4#000118C7FFFD54F4
(1790953999.320471) can0 2A5#0000133A0000135D
(1790953999.320594) can0 2A6#FFFFF84700000253
(1790953999.320720) can0 2A7#00004EADFFFFFD8E
(1790953999.325001) can0 2A1#0100010000000000
(1790953999.325123) can0 2A2#0000E2BF000014CE
(1790953999.325221) can0 2A3#0002DFBA0002BF20
(1790953999.325346) can0 2A4#000118C7FFFD54F4
(1790953999.325471) can0 2A5#0000133A0000135D
(1790953999.325594) can0 2A6#FFFFF84700000253
(1790953999.325721) can0 2A7#00004EADFFFFFD8E
(1790953999.330002) can0 2A1#0100010000000000
(1790953999.330127) can0 2A2#0000E2BF000014CE
(1790953999.330221) can0 2A3#0002DFBA0002BF20
(1790953999.330346) can0 2A4#000118C7FFFD54F4
(1790953999.330469) can0 2A5#0000133A0000135D
(1790953999.330571) can0 2A6#FFFFF84700000253
(1790953999.330695) can0 2A7#00004EADFFFFFD8E
(1790953999.335008) can0 2A1#0100010000000000
(1790953999.335104) can0 2A2#0000E2BF000014CE
(1790953999.335222) can0 2A3#0002DFBA0002BF20
(1790953999.335372) can0 2A4#000118C7FFFD54F4
(1790953999.335471) can0 2A5#0000133A0000135D
(1790953999.335596) can0 2A6#FFFFF84700000253
(1790953999.335721) can0 2A7#00004EADFFFFFD8E
(1790953999.339975) can0 2A1#0100010000000000
(1790953999.340103) can0 2A2#0000E2BF000014CE
(1790953999.340227) can0 2A3#0002DFBA0002BF20
(1790953999.340347) can0 2A4#000118C7FFFD54F4
(1790953999.340471) can0 2A5#0000133A0000135D
(1790953999.340596) can0 2A6#FFFFF84700000253
(1790953999.340721) can0 2A7#00004EADFFFFFD8E
(1790953999.344999) can0 2A1#0100010000000000
(1790953999.345119) can0 2A2#0000E2BF000014CE
(1790953999.345246) can0 2A3#0002DFBA0002BF20
(1790953999.345369) can0 2A4#000118C7FFFD54F4
(1790953999.345496) can0 2A5#0000133A0000135D
(1790953999.345596) can0 2A6#FFFFF84700000253
(1790953999.345720) can0 2A7#00004EADFFFFFD8E
(1790953999.350001) can0 2A1#0100010000000000
(1790953999.350100) can0 2A2#0000E2BF000014CE
(1790953999.350221) can0 2A3#0002DFBA0002BF20
(1790953999.350346) can0 2A4#000118C7FFFD54F4
(1790953999.350470) can0 2A5#0000133A0000135D
(1790953999.350597) can0 2A6#FFFFF84700000253
(1790953999.350694) can0 2A7#00004EADFFFFFD8E
(1790953999.354999) can0 2A1#0100010000000000
(1790953999.355124) can0 2A2#0000E2BF000014CE
(1790953999.355245) can0 2A3#0002DFBA0002BF20
(1790953999.355345) can0 2A4#000118C7FFFD54F4
(1790953999.355471) can0 2A5#0000133A0000135D
(1790953999.355596) can0 2A6#FFFFF84700000253
(1790953999.355720) can0 2A7#00004EADFFFFFD8E
(1790953999.359974) can0 2A1#0100010000000000
(1790953999.360094) can0 2A2#0000E2BF000014CE
(1790953999.360221) can0 2A3#0002DFBA0002BF20
(1790953999.360346) can0 2A4#000118C7FFFD54F4
(1790953999.360469) can0 2A5#0000133A0000135D
(1790953999.360596) can0 2A6#FFFFF84700000253
(1790953999.360721) can0 2A7#00004EADFFFFFD8E
(1790953999.364997) can0 2A1#0100010000000000
(1790953999.365094) can0 2A2#0000E2BF000014CE
(1790953999.365246) can0 2A3#0002DFBA0002BF20
(1790953999.365371) can0 2A4#000118C7FFFD54F4
(1790953999.365496) can0 2A5#0000133A0000135D
(1790953999.365597) can0 2A6#FFFFF84700000253
(1790953999.365722) can0 2A7#00004EADFFFFFD8E
(1790953999.370001) can0 2A1#0100010000000000
(1790953999.370099) can0 2A2#0000E2BF000014CE
(1790953999.370219) can0 2A3#0002DFBA0002BF20
(1790953999.370345) can0 2A4#000118C7FFFD54F4
(1790953999.370471) can0 2A5#0000133A0000135D
(1790953999.370596) can0 2A6#FFFFF84700000253
(1790953999.370720) can0 2A7#00004EADFFFFFD8E
(1790953999.375000) can0 2A1#0100010000000000
(1790953999.375123) can0 2A2#0000E2BF000014CE
(1790953999.375244) can0 2A3#0002DFBA0002BF20
(1790953999.375346) can0 2A4#000118C7FFFD54F4
(1790953999.375471) can0 2A5#0000133A0000135D
(1790953999.375596) can0 2A6#FFFFF84700000253
(1790953999.375721) can0 2A7#00004EADFFFFFD8E
(1790953999.379971) can0 2A1#0100010000000000
(1790953999.380094) can0 2A2#0000E2BF000014CE
(1790953999.380221) can0 2A3#0002DFBA0002BF20
(1790953999.380346) can0 2A4#000118C7FFFD54F4
(1790953999.380471) can0 2A5#0000133A0000135D
(1790953999.380595) can0 2A6#FFFFF84700000253
(1790953999.380721) can0 2A7#00004EADFFFFFD8E
(1790953999.385001) can0 2A1#0100010000000000
(1790953999.385120) can0 2A2#0000E2BF000014CE
(1790953999.385222) can0 2A3#0002DFBA0002BF20
(1790953999.385346) can0 2A4#000118C7FFFD54F4
(1790953999.385469) can0 2A5#0000133A0000135D
(1790953999.385596) can0 2A6#FFFFF84700000253
(1790953999.385720) can0 2A7#00004EADFFFFFD8E
(1790953999.389974) can0 2A1#0100010000000000
(1790953999.390095) can0 2A2#0000E2BF000014CE
(1790953999.390221) can0 2A3#0002DFBA0002BF20
(1790953999.390346) can0 2A4#000118C7FFFD54F4
(1790953999.390470) can0 2A5#0000133A0000135D
(1790953999.390594) can0 2A6#FFFFF84700000253
(1790953999.390722) can0 2A7#00004EADFFFFFD8E
(1790953999.394996) can0 2A1#0100010000000000
(1790953999.395120) can0 2A2#0000E2BF000014CE
(1790953999.395219) can0 2A3#0002DFBA0002BF20
(1790953999.395371) can0 2A4#000118C7FFFD54F4
(1790953999.395469) can0 2A5#0000133A0000135D
(1790953999.395594) can0 2A6#FFFFF84700000253
(1790953999.395722) can0 2A7#00004EADFFFFFD8E
(1790953999.400000) can0 2A1#0100010000000000
(1790953999.400097) can0 2A2#0000E2BF000014CE
(1790953999.400221) can0 2A3#0002DFBA0002BF20
(1790953999.400346) can0 2A4#000118C7FFFD54F4
(1790953999.400474) can0 2A5#0000133A0000135D
(1790953999.400596) can0 2A6#FFFFF84700000253
(1790953999.400720) can0 2A7#00004EADFFFFFD8E
(1790953999.405007) can0 2A1#0100010000000000
(1790953999.405122) can0 2A2#0000E2BF000014CE
(1790953999.405246) can0 2A3#0002DFBA0002BF20
(1790953999.405370) can0 2A4#000118C7FFFD54F4
(1790953999.405471) can0 2A5#0000133A0000135D
(1790953999.405596) can0 2A6#FFFFF84700000253
(1790953999.405722) can0 2A7#00004EADFFFFFD8E
(1790953999.409974) can0 2A1#0100010000000000
(1790953999.410119) can0 2A2#0000E2BF000014CE
(1790953999.410219) can0 2A3#0002DFBA0002BF20
(1790953999.410347) can0 2A4#000118C7FFFD54F4
(1790953999.410470) can0 2A5#0000133A0000135D
(1790953999.410594) can0 2A6#FFFFF84700000253
(1790953999.410699) can0 2A7#00004EADFFFFFD8E
(1790953999.415000) can0 2A1#0100010000000000
(1790953999.415119) can0 2A2#0000E2BF000014CE
(1790953999.415246) can0 2A3#0002DFBA0002BF20
(1790953999.415345) can0 2A4#000118C7FFFD54F4
(1790953999.415495) can0 2A5#0000133A0000135D
(1790953999.415594) can0 2A6#FFFFF84700000253
(1790953999.415721) can0 2A7#00004EADFFFFFD8E
(1790953999.420012) can0 2A1#0100010000000000
(1790953999.420096) can0 2A2#0000E2BF000014CE
(1790953999.420221) can0 2A3#0002DFBA0002BF20
(1790953999.420346) can0 2A4#000118C7FFFD54F4
(1790953999.420470) can0 2A5#0000133A0000135D
(1790953999.420572) can0 2A6#FFFFF84700000253
(1790953999.420696) can0 2A7#00004EADFFFFFD8E
(1790953999.424997) can0 2A1#0100010000000000
(1790953999.425123) can0 2A2#0000E2BF000014CE
(1790953999.425248) can0 2A3#0002DFBA0002BF20
(1790953999.425346) can0 2A4#000118C7FFFD54F4
(1790953999.425470) can0 2A5#0000133A0000135D
(1790953999.425597) can0 2A6#FFFFF84700000253
(1790953999.425720) can0 2A7#00004EADFFFFFD8E
(1790953999.429983) can0 2A1#0100010000000000
(1790953999.430095) can0 2A2#0000E2BF000014CE
(1790953999.430221) can0 2A3#0002DFBA0002BF20
(1790953999.430345) can0 2A4#000118C7FFFD54F4
(1790953999.430470) can0 2A5#0000133A0000135D
(1790953999.430596) can0 2A6#FFFFF84700000253
(1790953999.430721) can0 2A7#00004EADFFFFFD8E
(1790953999.435005) can0 2A1#0100010000000000
(1790953999.435120) can0 2A2#0000E2BF000014CE
(1790953999.435222) can0 2A3#0002DFBA0002BF20
(1790953999.435372) can0 2A4#000118C7FFFD54F4
(1790953999.435471) can0 2A5#0000133A0000135D
(1790953999.435596) can0 2A6#FFFFF84700000253
(1790953999.435720) can0 2A7#00004EADFFFFFD8E
(1790953999.439998) can0 2A1#0100010000000000
(1790953999.440124) can0 2A2#0000E2BF000014CE
(1790953999.440225) can0 2A3#0002DFBA0002BF20
(1790953999.440346) can0 2A4#000118C7FFFD54F4
(1790953999.440471) can0 2A5#0000133A0000135D
(1790953999.440599) can0 2A6#FFFFF84700000253
(1790953999.440699) can0 2A7#00004EADFFFFFD8E
(1790953999.445008) can0 2A1#0100010000000000
(1790953999.445122) can0 2A2#0000E2BF000014CE
(1790953999.445248) can0 2A3#0002DFBA0002BF20
(1790953999.445373) can0 2A4#000118C7FFFD54F4
(1790953999.445471) can0 2A5#0000133A0000135D
(1790953999.445595) can0 2A6#FFFFF84700000253
(1790953999.445722) can0 2A7#00004EADFFFFFD8E
(1790953999.450014) can0 2A1#0100010000000000
(1790953999.450120) can0 2A2#0000E2BF000014CE
(1790953999.450222) can0 2A3#0002DFBA0002BF20
(1790953999.450348) can0 2A4#000118C7FFFD54F4
(1790953999.450472) can0 2A5#0000133A0000135D
(1790953999.450597) can0 2A6#FFFFF84700000253
(1790953999.450723) can0 2A7#00004EADFFFFFD8E
(1790953999.455000) can0 2A1#0100010000000000
(1790953999.455120) can0 2A2#0000E2BF000014CE
(1790953999.455245) can0 2A3#0002DFBA0002BF20
(1790953999.455372) can0 2A4#000118C7FFFD54F4
(1790953999.455496) can0 2A5#0000133A0000135D
(1790953999.455596) can0 2A6#FFFFF84700000253
(1790953999.455721) can0 2A7#00004EADFFFFFD8E
(1790953999.460005) can0 2A1#0100010000000000
(1790953999.460122) can0 2A2#0000E2BF000014CE
(1790953999.460227) can0 2A3#0002DFBA0002BF20
(1790953999.460347) can0 2A4#000118C7FFFD54F4
(1790953999.460472) can0 2A5#0000133A0000135D
(1790953999.460597) can0 2A6#FFFFF84700000253
(1790953999.460697) can0 2A7#00004EADFFFFFD8E
(1790953999.465001) can0 2A1#0100010000000000
(1790953999.465121) can0 2A2#0000E2BF000014CE
(1790953999.465246) can0 2A3#0002DFBA0002BF20
(1790953999.465346) can0 2A4#000118C7FFFD54F4
(1790953999.465494) can0 2A5#0000133A0000135D
(1790953999.465595) can0 2A6#FFFFF84700000253
(1790953999.465721) can0 2A7#00004EADFFFFFD8E
(1790953999.469996) can0 2A1#0100010000000000
(1790953999.470122) can0 2A2#0000E2BF000014CE
(1790953999.470222) can0 2A3#0002DFBA0002BF20
(1790953999.470346) can0 2A4#000118C7FFFD54F4
(1790953999.470471) can0 2A5#0000133A0000135D
(1790953999.470596) can0 2A6#FFFFF84700000253
(1790953999.470720) can0 2A7#00004EADFFFFFD8E
(1790953999.475012) can0 2A1#0100010000000000
(1790953999.475121) can0 2A2#0000E2BF000014CE
(1790953999.475247) can0 2A3#0002DFBA0002BF20
(1790953999.475371) can0 2A4#000118C7FFFD54F4
(1790953999.475496) can0 2A5#0000133A0000135D
(1790953999.475596) can0 2A6#FFFFF84700000253
(1790953999.475723) can0 2A7#00004EADFFFFFD8E
(1790953999.479978) can0 2A1#0100010000000000
(1790953999.480095) can0 2A2#0000E2BF000014CE
(1790953999.480222) can0 2A3#0002DFBA0002BF20
(1790953999.480347) can0 2A4#000118C7FFFD54F4
(1790953999.480471) can0 2A5#0000133A0000135D
(1790953999.480595) can0 2A6#FFFFF84700000253
(1790953999.480722) can0 2A7#00004EADFFFFFD8E
(1790953999.485000) can0 2A1#0100010000000000
(1790953999.485121) can0 2A2#0000E2BF000014CE
(1790953999.485247) can0 2A3#0002DFBA0002BF20
(1790953999.485371) can0 2A4#000118C7FFFD54F4
(1790953999.485471) can0 2A5#0000133A0000135D
(1790953999.485596) can0 2A6#FFFFF84700000253
(1790953999.485720) can0 2A7#00004EADFFFFFD8E
(1790953999.489975) can0 2A1#0100010000000000
(1790953999.490095) can0 2A2#0000E2BF000014CE
(1790953999.490221) can0 2A3#0002DFBA0002BF20
(1790953999.490346) can0 2A4#000118C7FFFD54F4
(1790953999.490471) can0 2A5#0000133A0000135D
(1790953999.490596) can0 2A6#FFFFF84700000253
(1790953999.490722) can0 2A7#00004EADFFFFFD8E
(1790953999.495009) can0 2A1#0100010000000000
(1790953999.495139) can0 2A2#0000E2BF000014CE
(1790953999.495252) can0 2A3#0002DFBA0002BF20
(1790953999.495371) can0 2A4#000118C7FFFD54F4
(1790953999.495470) can0 2A5#0000133A0000135D
(1790953999.495597) can0 2A6#FFFFF84700000253
(1790953999.495721) can0 2A7#00004EADFFFFFD8E
(1790953999.500000) can0 2A1#0100010000000000
(1790953999.500100) can0 2A2#0000E2BF000014CE
(1790953999.500222) can0 2A3#0002DFBA0002BF20
(1790953999.500346) can0 2A4#000118C7FFFD54F4
(1790953999.500471) can0 2A5#0000133A0000135D
(1790953999.500595) can0 2A6#FFFFF84700000253
(1790953999.500724) can0 2A7#00004EADFFFFFD8E
(1790953999.505005) can0 2A1#0100010000000000
(1790953999.505121) can0 2A2#0000E2BF000014CE
(1790953999.505246) can0 2A3#0002DFBA0002BF20
(1790953999.505346) can0 2A4#000118C7FFFD54F4
(1790953999.505470) can0 2A5#0000133A0000135D
(1790953999.505596) can0 2A6#FFFFF84700000253
(1790953999.505722) can0 2A7#00004EADFFFFFD8E
(1790953999.510003) can0 2A1#0100010000000000
(1790953999.510098) can0 2A2#0000E2BF000014CE
(1790953999.510221) can0 2A3#0002DFBA0002BF20
(1790953999.510345) can0 2A4#000118C7FFFD54F4
(1790953999.510471) can0 2A5#0000133A0000135D
(1790953999.510596) can0 2A6#FFFFF84700000253
(1790953999.510721) can0 2A7#00004EADFFFFFD8E
(1790953999.515002) can0 2A1#0100010000000000
(1790953999.515120) can0 2A2#0000E2BF000014CE
(1790953999.515221) can0 2A3#0002DFBA0002BF20
(1790953999.515347) can0 2A4#000118C7FFFD54F4
(1790953999.515496) can0 2A5#0000133A0000135D
(1790953999.515596) can0 2A6#FFFFF84700000253
(1790953999.515722) can0 2A7#00004EADFFFFFD8E
(1790953999.520002) can0 2A1#0100010000000000
(1790953999.520125) can0 2A2#0000E2BF000014CE
(1790953999.520221) can0 2A3#0002DFBA0002BF20
(1790953999.520344) can0 2A4#000118C7FFFD54F4
(1790953999.520471) can0 2A5#0000133A0000135D
(1790953999.520594) can0 2A6#FFFFF84700000253
(1790953999.520697) can0 2A7#00004EADFFFFFD8E
(1790953999.525001) can0 2A1#0100010000000000
(1790953999.525119) can0 2A2#0000E2BF000014CE
(1790953999.525246) can0 2A3#0002DFBA0002BF20
(1790953999.525371) can0 2A4#000118C7FFFD54F4
(1790953999.525470) can0 2A5#0000133A0000135D
(1790953999.525596) can0 2A6#FFFFF84700000253
(1790953999.525722) can0 2A7#00004EADFFFFFD8E
(1790953999.530001) can0 2A1#0100010000000000
(1790953999.530100) can0 2A2#0000E2BF000014CE
(1790953999.530221) can0 2A3#0002DFBA0002BF20
(1790953999.530346) can0 2A4#000118C7FFFD54F4
(1790953999.530469) can0 2A5#0000133A0000135D
(1790953999.530596) can0 2A6#FFFFF84700000253
(1790953999.530697) can0 2A7#00004EADFFFFFD8E
(1790953999.535002) can0 2A1#0100010000000000
(1790953999.535120) can0 2A2#0000E2BF000014CE
(1790953999.535246) can0 2A3#0002DFBA0002BF20
(1790953999.535345) can0 2A4#000118C7FFFD54F4
(1790953999.535470) can0 2A5#0000133A0000135D
(1790953999.535596) can0 2A6#FFFFF84700000253
(1790953999.535722) can0 2A7#00004EADFFFFFD8E
(1790953999.539998) can0 2A1#0100010000000000
(1790953999.540094) can0 2A2#0000E2BF000014CE
(1790953999.540221) can0 2A3#0002DFBA0002BF20
(1790953999.540346) can0 2A4#000118C7FFFD54F4
(1790953999.540471) can0 2A5#0000133A0000135D
(1790953999.540596) can0 2A6#FFFFF84700000253
(1790953999.540720) can0 2A7#00004EADFFFFFD8E
(1790953999.544996) can0 2A1#0100010000000000
(1790953999.545125) can0 2A2#0000E2BF000014CE
(1790953999.545247) can0 2A3#0002DFBA0002BF20
(1790953999.545347) can0 2A4#000118C7FFFD54F4
(1790953999.545471) can0 2A5#0000133A0000135D
(1790953999.545597) can0 2A6#FFFFF84700000253
(1790953999.545728) can0 2A7#00004EADFFFFFD8E
(1790953999.550006) can0 2A1#0100010000000000
(1790953999.550122) can0 2A2#0000E2BF000014CE
(1790953999.550247) can0 2A3#0002DFBA0002BF20
(1790953999.550345) can0 2A4#000118C7FFFD54F4
(1790953999.550471) can0 2A5#0000133A0000135D
(1790953999.550597) can0 2A6#FFFFF84700000253
(1790953999.550721) can0 2A7#00004EADFFFFFD8E
(1790953999.555006) can0 2A1#0100010000000000
(1790953999.555123) can0 2A2#0000E2BF000014CE
(1790953999.555246) can0 2A3#0002DFBA0002BF20
(1790953999.555372) can0 2A4#000118C7FFFD54F4
(1790953999.555471) can0 2A5#0000133A0000135D
(1790953999.555595) can0 2A6#FFFFF84700000253
(1790953999.555721) can0 2A7#00004EADFFFFFD8E
(1790953999.559997) can0 2A1#0100010000000000
(1790953999.560098) can0 2A2#0000E2BF000014CE
(1790953999.560221) can0 2A3#0002DFBA0002BF20
(1790953999.560345) can0 2A4#000118C7FFFD54F4
(1790953999.560471) can0 2A5#0000133A0000135D
(1790953999.560597) can0 2A6#FFFFF84700000253
(1790953999.560720) can0 2A7#00004EADFFFFFD8E
(1790953999.565009) can0 2A1#0100010000000000
(1790953999.565121) can0 2A2#0000E2BF000014CE
(1790953999.565248) can0 2A3#0002DFBA0002BF20
(1790953999.565346) can0 2A4#000118C7FFFD54F4
(1790953999.565471) can0 2A5#0000133A0000135D
(1790953999.565596) can0 2A6#FFFFF84700000253
(1790953999.565721) can0 2A7#00004EADFFFFFD8E
(1790953999.569979) can0 2A1#0100010000000000
(1790953999.570124) can0 2A2#0000E2BF000014CE
(1790953999.570220) can0 2A3#0002DFBA0002BF20
(1790953999.570346) can0 2A4#000118C7FFFD54F4
(1790953999.570471) can0 2A5#0000133A0000135D
(1790953999.570595) can0 2A6#FFFFF84700000253
(1790953999.570721) can0 2A7#00004EADFFFFFD8E
(1790953999.574999) can0 2A1#0100010000000000
(1790953999.575121) can0 2A2#0000E2BF000014CE
(1790953999.575248) can0 2A3#0002DFBA0002BF20
(1790953999.575371) can0 2A4#000118C7FFFD54F4
(1790953999.575495) can0 2A5#0000133A0000135D
(1790953999.575596) can0 2A6#FFFFF84700000253
(1790953999.575722) can0 2A7#00004EADFFFFFD8E
(1790953999.580005) can0 2A1#0100010000000000
(1790953999.580100) can0 2A2#0000E2BF000014CE
(1790953999.580248) can0 2A3#0002DFBA0002BF20
(1790953999.580349) can0 2A4#000118C7FFFD54F4
(1790953999.580470) can0 2A5#0000133A0000135D
(1790953999.580597) can0 2A6#FFFFF84700000253
(1790953999.580721) can0 2A7#00004EADFFFFFD8E
(1790953999.585007) can0 2A1#0100010000000000
(1790953999.585121) can0 2A2#0000E2BF000014CE
(1790953999.585247) can0 2A3#0002DFBA0002BF20
(1790953999.585371) can0 2A4#000118C7FFFD54F4
(1790953999.585496) can0 2A5#0000133A0000135D
(1790953999.585596) can0 2A6#FFFFF84700000253
(1790953999.585722) can0 2A7#00004EADFFFFFD8E
(1790953999.589984) can0 2A1#0100010000000000
(1790953999.590121) can0 2A2#0000E2BF000014CE
(1790953999.590248) can0 2A3#0002DFBA0002BF20
(1790953999.590347) can0 2A4#000118C7FFFD54F4
(1790953999.590472) can0 2A5#0000133A0000135D
(1790953999.590596) can0 2A6#FFFFF84700000253
(1790953999.590695) can0 2A7#00004EADFFFFFD8E
(1790953999.595007) can0 2A1#0100010000000000
(1790953999.595122) can0 2A2#0000E2BF000014CE
(1790953999.595248) can0 2A3#0002DFBA0002BF20
(1790953999.595372) can0 2A4#000118C7FFFD54F4
(1790953999.595496) can0 2A5#0000133A0000135D
(1790953999.595597) can0 2A6#FFFFF84700000253
(1790953999.595722) can0 2A7#00004EADFFFFFD8E
(1790953999.600009) can0 2A1#0100010000000000
(1790953999.600104) can0 2A2#0000E2BF000014CE
(1790953999.600224) can0 2A3#0002DFBA0002BF20
(1790953999.600347) can0 2A4#000118C7FFFD54F4
(1790953999.600471) can0 2A5#0000133A0000135D
(1790953999.600594) can0 2A6#FFFFF84700000253
(1790953999.600721) can0 2A7#00004EADFFFFFD8E
(1790953999.605005) can0 2A1#0100010000000000
(1790953999.605120) can0 2A2#0000E2BF000014CE
(1790953999.605247) can0 2A3#0002DFBA0002BF20
(1790953999.605371) can0 2A4#000118C7FFFD54F4
(1790953999.605471) can0 2A5#0000133A0000135D
(1790953999.605596) can0 2A6#FFFFF84700000253
(1790953999.605721) can0 2A7#00004EADFFFFFD8E
(1790953999.610006) can0 2A1#0100010000000000
(1790953999.610121) can0 2A2#0000E2BF000014CE
(1790953999.610222) can0 2A3#0002DFBA0002BF20
(1790953999.610346) can0 2A4#000118C7FFFD54F4
(1790953999.610471) can0 2A5#0000133A0000135D
(1790953999.610594) can0 2A6#FFFFF84700000253
(1790953999.610720) can0 2A7#00004EADFFFFFD8E
(1790953999.615006) can0 2A1#0100010000000000
(1790953999.615122) can0 2A2#0000E2BF000014CE
(1790953999.615248) can0 2A3#0002DFBA0002BF20
(1790953999.615346) can0 2A4#000118C7FFFD54F4
(1790953999.615496) can0 2A5#0000133A0000135D
(1790953999.615595) can0 2A6#FFFFF84700000253
(1790953999.615721) can0 2A7#00004EADFFFFFD8E
(1790953999.620007) can0 2A1#0100010000000000
(1790953999.620121) can0 2A2#0000E2BF000014CE
(1790953999.620222) can0 2A3#0002DFBA0002BF20
(1790953999.620347) can0 2A4#000118C7FFFD54F4
(1790953999.620471) can0 2A5#0000133A0000135D
(1790953999.620596) can0 2A6#FFFFF84700000253
(1790953999.620721) can0 2A7#00004EADFFFFFD8E
(1790953999.625005) can0 2A1#0100010000000000
(1790953999.625121) can0 2A2#0000E2BF000014CE
(1790953999.625248) can0 2A3#0002DFBA0002BF20
(1790953999.625371) can0 2A4#000118C7FFFD54F4
(1790953999.625496) can0 2A5#0000133A0000135D
(1790953999.625596) can0 2A6#FFFFF84700000253
(1790953999.625721) can0 2A7#00004EADFFFFFD8E
(1790953999.630006) can0 2A1#0100010000000000
(1790953999.630123) can0 2A2#0000E2BF000014CE
(1790953999.630220) can0 2A3#0002DFBA0002BF20
(1790953999.630347) can0 2A4#000118C7FFFD54F4
(1790953999.630471) can0 2A5#0000133A0000135D
(1790953999.630596) can0 2A6#FFFFF84700000253
(1790953999.630721) can0 2A7#00004EADFFFFFD8E
(1790953999.635004) can0 2A1#0100010000000000
(1790953999.635122) can0 2A2#0000E2BF000014CE
(1790953999.635247) can0 2A3#0002DFBA0002BF20
(1790953999.635372) can0 2A4#000118C7FFFD54F4
(1790953999.635497) can0 2A5#0000133A0000135D
(1790953999.635598) can0 2A6#FFFFF84700000253
(1790953999.635723) can0 2A7#00004EADFFFFFD8E
(1790953999.640005) can0 2A1#0100010000000000
(1790953999.640133) can0 2A2#0000E2BF000014CE
(1790953999.640248) can0 2A3#0002DFBA0002BF20
(1790953999.640346) can0 2A4#000118C7FFFD54F4
(1790953999.640470) can0 2A5#0000133A0000135D
(1790953999.640596) can0 2A6#FFFFF84700000253
(1790953999.640695) can0 2A7#00004EADFFFFFD8E
(1790953999.644999) can0 2A1#0100010000000000
(1790953999.645121) can0 2A2#0000E2BF000014CE
(1790953999.645247) can0 2A3#0002DFBA0002BF20
(1790953999.645371) can0 2A4#000118C7FFFD54F4
(1790953999.645472) can0 2A5#0000133A0000135D
(1790953999.645596) can0 2A6#FFFFF84700000253
(1790953999.645721) can0 2A7#00004EADFFFFFD8E
(1790953999.650005) can0 2A1#0100010000000000
(1790953999.650122) can0 2A2#0000E2BF000014CE
(1790953999.650223) can0 2A3#0002DFBA0002BF20
(1790953999.650345) can0 2A4#000118C7FFFD54F4
(1790953999.650471) can0 2A5#0000133A0000135D
(1790953999.650600) can0 2A6#FFFFF84700000253
(1790953999.650723) can0 2A7#00004EADFFFFFD8E
(1790953999.655006) can0 2A1#0100010000000000
(1790953999.655121) can0 2A2#0000E2BF000014CE
(1790953999.655247) can0 2A3#0002DFBA0002BF20
(1790953999.655373) can0 2A4#000118C7FFFD54F4
(1790953999.655496) can0 2A5#0000133A0000135D
(1790953999.655595) can0 2A6#FFFFF84700000253
(1790953999.655720) can0 2A7#00004EADFFFFFD8E
