(1790952717.529662) can0 2A1#0100010000000000
(1790952717.529751) can0 2A2#0000D2B4000003FE
(1790952717.529885) can0 2A3#0002DF34FFFD737C
(1790952717.530002) can0 2A4#00011AB6FFFD7B76
(1790952717.530100) can0 2A5#000007BF000007CA
(1790952717.530225) can0 2A6#FFFFF847FFFFFA7E
(1790952717.530351) can0 2A7#00005689FFFFF5D5
(1790952717.534675) can0 2A1#0100010000000000
(1790952717.534776) can0 2A2#0000D2B4000003FE
(1790952717.534902) can0 2A3#0002DF34FFFD737C
(1790952717.534999) can0 2A4#00011AB6FFFD7B76
(1790952717.535125) can0 2A5#000007BF000007CA
(1790952717.535251) can0 2A6#FFFFF847FFFFFA7E
(1790952717.535351) can0 2A7#00005689FFFFF5D5
(1790952717.539631) can0 2A1#0100010000000000
(1790952717.539753) can0 2A2#0000D2B4000003FE
(1790952717.539877) can0 2A3#0002DF34FFFD737C
(1790952717.540001) can0 2A4#00011AB6FFFD7B76
(1790952717.540123) can0 2A5#000007BF000007CA
(1790952717.540224) can0 2A6#FFFFF847FFFFFA7E
(1790952717.540348) can0 2A7#00005689FFFFF5D5
(1790952717.544679) can0 2A1#0100010000000000
(1790952717.544750) can0 2A2#0000D2B4000003FE
(1790952717.544898) can0 2A3#0002DF34FFFD737C
(1790952717.544998) can0 2A4#00011AB6FFFD7B76
(1790952717.545130) can0 2A5#000007BF000007CA
(1790952717.545248) can0 2A6#FFFFF847FFFFFA7E
(1790952717.545351) can0 2A7#00005689FFFFF5D5
(1790952717.549664) can0 2A1#0100010000000000
(1790952717.549749) can0 2A2#0000D2B4000003FE
(1790952717.549873) can0 2A3#0002DF34FFFD737C
(1790952717.549973) can0 2A4#00011AB6FFFD7B76
(1790952717.550104) can0 2A5#000007BF000007CA
(1790952717.550248) can0 2A6#FFFFF847FFFFFA7E
(1790952717.550348) can0 2A7#00005689FFFFF5D5
(1790952717.554656) can0 2A1#0100010000000000
(1790952717.554772) can0 2A2#0000D2B4000003FE
(1790952717.554898) can0 2A3#0002DF34FFFD737C
(1790952717.554999) can0 2A4#00011AB6FFFD7B76
(1790952717.555123) can0 2A5#000007BF000007CA
(1790952717.555223) can0 2A6#FFFFF847FFFFFA7E
(1790952717.555349) can0 2A7#00005689FFFFF5D5
(1790952717.559631) can0 2A1#0100010000000000
(1790952717.559750) can0 2A2#0000D2B4000003FE
(1790952717.559873) can0 2A3#0002DF34FFFD737C
(1790952717.559997) can0 2A4#00011AB6FFFD7B76
(1790952717.560122) can0 2A5#000007BF000007CA
(1790952717.560223) can0 2A6#FFFFF847FFFFFA7E
(1790952717.560347) can0 2A7#00005689FFFFF5D5
(1790952717.564658) can0 2A1#0100010000000000
(1790952717.564773) can0 2A2#0000D2B4000003FE
(1790952717.564872) can0 2A3#0002DF34FFFD737C
(1790952717.564997) can0 2A4#00011AB6FFFD7B76
(1790952717.565122) can0 2A5#000007BF000007CA
(1790952717.565248) can0 2A6#FFFFF847FFFFFA7E
(1790952717.565373) can0 2A7#00005689FFFFF5D5
(1790952717.569628) can0 2A1#0100010000000000
(1790952717.569748) can0 2A2#0000D2B4000003FE
(1790952717.569873) can0 2A3#0002DF34FFFD737C
(1790952717.569998) can0 2A4#00011AB6FFFD7B76
(1790952717.570122) can0 2A5#000007BF000007CA
(1790952717.570223) can0 2A6#FFFFF847FFFFFA7E
(1790952717.570348) can0 2A7#00005689FFFFF5D5
(1790952717.574660) can0 2A1#0100010000000000
(1790952717.574773) can0 2A2#0000D2B4000003FE
(1790952717.574874) can0 2A3#0002DF34FFFD737C
(1790952717.574998) can0 2A4#00011AB6FFFD7B76
(1790952717.575123) can0 2A5#000007BF000007CA
(1790952717.575248) can0 2A6#FFFFF847FFFFFA7E
(1790952717.575373) can0 2A7#00005689FFFFF5D5
(1790952717.579647) can0 2A1#0100010000000000
(1790952717.579750) can0 2A2#0000D2B4000003FE
(1790952717.579877) can0 2A3#0002DF34FFFD737C
(1790952717.579999) can0 2A4#00011AB6FFFD7B76
(1790952717.580124) can0 2A5#000007BF000007CA
(1790952717.580224) can0 2A6#FFFFF847FFFFFA7E
(1790952717.580348) can0 2A7#00005689FFFFF5D5
(1790952717.584657) can0 2A1#0100010000000000
(1790952717.584772) can0 2A2#0000D2B4000003FE
(1790952717.584901) can0 2A3#0002DF34FFFD737C
(1790952717.585024) can0 2A4#00011AB6FFFD7B76
(1790952717.585123) can0 2A5#000007BF000007CA
(1790952717.585249) can0 2A6#FFFFF847FFFFFA7E
(1790952717.585375) can0 2A7#00005689FFFFF5D5
(1790952717.589628) can0 2A1#0100010000000000
(1790952717.589747) can0 2A2#0000D2B4000003FE
(1790952717.589874) can0 2A3#0002DF34FFFD737C
(1790952717.589999) can0 2A4#00011AB6FFFD7B76
(1790952717.590124) can0 2A5#000007BF000007CA
(1790952717.590225) can0 2A6#FFFFF847FFFFFA7E
(1790952717.590350) can0 2A7#00005689FFFFF5D5
(1790952717.594656) can0 2A1#0100010000000000
(1790952717.594774) can0 2A2#0000D2B4000003FE
(1790952717.594899) can0 2A3#0002DF34FFFD737C
(1790952717.594999) can0 2A4#00011AB6FFFD7B76
(1790952717.595124) can0 2A5#000007BF000007CA
(1790952717.595249) can0 2A6#FFFFF847FFFFFA7E
(1790952717.595350) can0 2A7#00005689FFFFF5D5
(1790952717.599657) can0 2A1#0100010000000000
(1790952717.599748) can0 2A2#0000D2B4000003FE
(1790952717.599873) can0 2A3#0002DF34FFFD737C
(1790952717.599998) can0 2A4#00011AB6FFFD7B76
(1790952717.600096) can0 2A5#000007BF000007CA
(1790952717.600224) can0 2A6#FFFFF847FFFFFA7E
(1790952717.600350) can0 2A7#00005689FFFFF5D5
(1790952717.604655) can0 2A1#0100010000000000
(1790952717.604775) can0 2A2#0000D2B4000003FE
(1790952717.604902) can0 2A3#0002DF34FFFD737C
(1790952717.605000) can0 2A4#00011AB6FFFD7B76
(1790952717.605124) can0 2A5#000007BF000007CA
(1790952717.605248) can0 2A6#FFFFF847FFFFFA7E
(1790952717.605348) can0 2A7#00005689FFFFF5D5
(1790952717.609669) can0 2A1#0100010000000000
(1790952717.609748) can0 2A2#0000D2B4000003FE
(1790952717.609876) can0 2A3#0002DF34FFFD737C
(1790952717.610000) can0 2A4#00011AB6FFFD7B76
(1790952717.610125) can0 2A5#000007BF000007CA
(1790952717.610225) can0 2A6#FFFFF847FFFFFA7E
(1790952717.610351) can0 2A7#00005689FFFFF5D5
(1790952717.614664) can0 2A1#0100010000000000
(1790952717.614773) can0 2A2#0000D2B4000003FE
(1790952717.614900) can0 2A3#0002DF34FFFD737C
(1790952717.614998) can0 2A4#00011AB6FFFD7B76
(1790952717.615124) can0 2A5#000007BF000007CA
(1790952717.615250) can0 2A6#FFFFF847FFFFFA7E
(1790952717.615374) can0 2A7#00005689FFFFF5D5
(1790952717.619655) can0 2A1#0100010000000000
(1790952717.619749) can0 2A2#0000D2B4000003FE
(1790952717.619873) can0 2A3#0002DF34FFFD737C
(1790952717.619997) can0 2A4#00011AB6FFFD7B76
(1790952717.620097) can0 2A5#000007BF000007CA
(1790952717.620223) can0 2A6#FFFFF847FFFFFA7E
(1790952717.620351) can0 2A7#00005689FFFFF5D5
(1790952717.624656) can0 2A1#0100010000000000
(1790952717.624773) can0 2A2#0000D2B4000003FE
(1790952717.624898) can0 2A3#0002DF34FFFD737C
(1790952717.624999) can0 2A4#00011AB6FFFD7B76
(1790952717.625122) can0 2A5#000007BF000007CA
(1790952717.625247) can0 2A6#FFFFF847FFFFFA7E
(1790952717.625349) can0 2A7#00005689FFFFF5D5
(1790952717.629653) can0 2A1#0100010000000000
(1790952717.629748) can0 2A2#0000D2B4000003FE
(1790952717.629875) can0 2A3#0002DF34FFFD737C
(1790952717.630001) can0 2A4#00011AB6FFFD7B76
(1790952717.630099) can0 2A5#000007BF000007CA
(1790952717.630249) can0 2A6#FFFFF847FFFFFA7E
(1790952717.630348) can0 2A7#00005689FFFFF5D5
(1790952717.634668) can0 2A1#0100010000000000
(1790952717.634777) can0 2A2#0000D2B4000003FE
(1790952717.634901) can0 2A3#0002DF34FFFD737C
(1790952717.634999) can0 2A4#00011AB6FFFD7B76
(1790952717.635124) can0 2A5#000007BF000007CA
(1790952717.635224) can0 2A6#FFFFF847FFFFFA7E
(1790952717.635375) can0 2A7#00005689FFFFF5D5
(1790952717.639629) can0 2A1#0100010000000000
(1790952717.639749) can0 2A2#0000D2B4000003FE
(1790952717.639875) can0 2A3#0002DF34FFFD737C
(1790952717.640001) can0 2A4#00011AB6FFFD7B76
(1790952717.640125) can0 2A5#000007BF000007CA
(1790952717.640225) can0 2A6#FFFFF847FFFFFA7E
(1790952717.640351) can0 2A7#00005689FFFFF5D5
(1790952717.644664) can0 2A1#0100010000000000
(1790952717.644773) can0 2A2#0000D2B4000003FE
(1790952717.644898) can0 2A3#0002DF34FFFD737C
(1790952717.644997) can0 2A4#00011AB6FFFD7B76
(1790952717.645123) can0 2A5#000007BF000007CA
(1790952717.645248) can0 2A6#FFFFF847FFFFFA7E
(1790952717.645374) can0 2A7#00005689FFFFF5D5
(1790952717.649661) can0 2A1#0100010000000000
(1790952717.649750) can0 2A2#0000D2B4000003FE
(1790952717.649874) can0 2A3#0002DF34FFFD737C
(1790952717.649999) can0 2A4#00011AB6FFFD7B76
(1790952717.650123) can0 2A5#000007BF000007CA
(1790952717.650225) can0 2A6#FFFFF847FFFFFA7E
(1790952717.650350) can0 2A7#00005689FFFFF5D5
(1790952717.654661) can0 2A1#0100010000000000
(1790952717.654774) can0 2A2#0000D2B4000003FE
(1790952717.654876) can0 2A3#0002DF34FFFD737C
(1790952717.654999) can0 2A4#00011AB6FFFD7B76
(1790952717.655125) can0 2A5#000007BF000007CA
(1790952717.655249) can0 2A6#FFFFF847FFFFFA7E
(1790952717.655374) can0 2A7#00005689FFFFF5D5
(1790952717.659671) can0 2A1#0100010000000000
(1790952717.659748) can0 2A2#0000D2B4000003FE
(1790952717.659876) can0 2A3#0002DF34FFFD737C
(1790952717.660001) can0 2A4#00011AB6FFFD7B76
(1790952717.660123) can0 2A5#000007BF000007CA
(1790952717.660230) can0 2A6#FFFFF847FFFFFA7E
(1790952717.660351) can0 2A7#00005689FFFFF5D5
(1790952717.664654) can0 2A1#0100010000000000
(1790952717.664775) can0 2A2#0000D2B4000003FE
(1790952717.664899) can0 2A3#0002DF34FFFD737C
(1790952717.664999) can0 2A4#00011AB6FFFD7B76
(1790952717.665126) can0 2A5#000007BF000007CA
(1790952717.665248) can0 2A6#FFFFF847FFFFFA7E
(1790952717.665374) can0 2A7#00005689FFFFF5D5
(1790952717.669631) can0 2A1#0100010000000000
(1790952717.669749) can0 2A2#0000D2B4000003FE
(1790952717.669873) can0 2A3#0002DF34FFFD737C
(1790952717.670000) can0 2A4#00011AB6FFFD7B76
(1790952717.670127) can0 2A5#000007BF000007CA
(1790952717.670250) can0 2A6#FFFFF847FFFFFA7E
(1790952717.670349) can0 2A7#00005689FFFFF5D5
(1790952717.674657) can0 2A1#0100010000000000
(1790952717.674773) can0 2A2#0000D2B4000003FE
(1790952717.674873) can0 2A3#0002DF34FFFD737C
(1790952717.674998) can0 2A4#00011AB6FFFD7B76
(1790952717.675125) can0 2A5#000007BF000007CA
(1790952717.675248) can0 2A6#FFFFF847FFFFFA7E
(1790952717.675348) can0 2A7#00005689FFFFF5D5
(1790952717.679656) can0 2A1#0100010000000000
(1790952717.679778) can0 2A2#0000D2B4000003FE
(1790952717.679876) can0 2A3#0002DF34FFFD737C
(1790952717.679998) can0 2A4#00011AB6FFFD7B76
(1790952717.680100) can0 2A5#000007BF000007CA
(1790952717.680229) can0 2A6#FFFFF847FFFFFA7E
(1790952717.680349) can0 2A7#00005689FFFFF5D5
(1790952717.684659) can0 2A1#0100010000000000
(1790952717.684774) can0 2A2#0000D2B4000003FE
(1790952717.684877) can0 2A3#0002DF34FFFD737C
(1790952717.685000) can0 2A4#00011AB6FFFD7B76
(1790952717.685125) can0 2A5#000007BF000007CA
(1790952717.685250) can0 2A6#FFFFF847FFFFFA7E
(1790952717.685375) can0 2A7#00005689FFFFF5D5
(1790952717.689652) can0 2A1#0100010000000000
(1790952717.689748) can0 2A2#0000D2B4000003FE
(1790952717.689876) can0 2A3#0002DF34FFFD737C
(1790952717.690000) can0 2A4#00011AB6FFFD7B76
(1790952717.690098) can0 2A5#000007BF000007CA
(1790952717.690225) can0 2A6#FFFFF847FFFFFA7E
(1790952717.690355) can0 2A7#00005689FFFFF5D5
(1790952717.694661) can0 2A1#0100010000000000
(1790952717.694777) can0 2A2#0000D2B4000003FE
(1790952717.694901) can0 2A3#0002DF34FFFD737C
(1790952717.694998) can0 2A4#00011AB6FFFD7B76
(1790952717.695123) can0 2A5#000007BF000007CA
(1790952717.695226) can0 2A6#FFFFF847FFFFFA7E
(1790952717.695348) can0 2A7#00005689FFFFF5D5
(1790952717.699635) can0 2A1#0100010000000000
(1790952717.699751) can0 2A2#0000D2B4000003FE
(1790952717.699875) can0 2A3#0002DF34FFFD737C
(1790952717.700000) can0 2A4#00011AB6FFFD7B76
(1790952717.700125) can0 2A5#000007BF000007CA
(1790952717.700222) can0 2A6#FFFFF847FFFFFA7E
(1790952717.700349) can0 2A7#00005689FFFFF5D5
(1790952717.704658) can0 2A1#0100010000000000
(1790952717.704754) can0 2A2#0000D2B4000003FE
(1790952717.704877) can0 2A3#0002DF34FFFD737C
(1790952717.705000) can0 2A4#00011AB6FFFD7B76
(1790952717.705125) can0 2A5#000007BF000007CA
(1790952717.705249) can0 2A6#FFFFF847FFFFFA7E
(1790952717.705374) can0 2A7#00005689FFFFF5D5
(1790952717.709632) can0 2A1#0100010000000000
(1790952717.709750) can0 2A2#0000D2B4000003FE
(1790952717.709873) can0 2A3#0002DF34FFFD737C
(1790952717.709998) can0 2A4#00011AB6FFFD7B76
(1790952717.710125) can0 2A5#000007BF000007CA
(1790952717.710223) can0 2A6#FFFFF847FFFFFA7E
(1790952717.710350) can0 2A7#00005689FFFFF5D5
(1790952717.714658) can0 2A1#0100010000000000
(1790952717.714773) can0 2A2#0000D2B4000003FE
(1790952717.714900) can0 2A3#0002DF34FFFD737C
(1790952717.714998) can0 2A4#00011AB6FFFD7B76
(1790952717.715122) can0 2A5#000007BF000007CA
(1790952717.715248) can0 2A6#FFFFF847FFFFFA7E
(1790952717.715374) can0 2A7#00005689FFFFF5D5
(1790952717.719658) can0 2A1#0100010000000000
(1790952717.719750) can0 2A2#0000D2B4000003FE
(1790952717.719874) can0 2A3#0002DF34FFFD737C
(1790952717.719999) can0 2A4#00011AB6FFFD7B76
(1790952717.720124) can0 2A5#000007BF000007CA
(1790952717.720224) can0 2A6#FFFFF847FFFFFA7E
(1790952717.720349) can0 2A7#00005689FFFFF5D5
(1790952717.724658) can0 2A1#0100010000000000
(1790952717.724772) can0 2A2#0000D2B4000003FE
(1790952717.724879) can0 2A3#0002DF34FFFD737C
(1790952717.724997) can0 2A4#00011AB6FFFD7B76
(1790952717.725123) can0 2A5#000007BF000007CA
(1790952717.725248) can0 2A6#FFFFF847FFFFFA7E
(1790952717.725349) can0 2A7#00005689FFFFF5D5
(1790952717.729652) can0 2A1#0100010000000000
(1790952717.729772) can0 2A2#0000D2B4000003FE
(1790952717.729876) can0 2A3#0002DF34FFFD737C
(1790952717.729999) can0 2A4#00011AB6FFFD7B76
(1790952717.730097) can0 2A5#000007BF000007CA
(1790952717.730222) can0 2A6#FFFFF847FFFFFA7E
(1790952717.730349) can0 2A7#00005689FFFFF5D5
(1790952717.734652) can0 2A1#0100010000000000
(1790952717.734771) can0 2A2#0000D2B4000003FE
(1790952717.734873) can0 2A3#0002DF34FFFD737C
(1790952717.734999) can0 2A4#00011AB6FFFD7B76
(1790952717.735123) can0 2A5#000007BF000007CA
(1790952717.735249) can0 2A6#FFFFF847FFFFFA7E
(1790952717.735375) can0 2A7#00005689FFFFF5D5
(1790952717.739653) can0 2A1#0100010000000000
(1790952717.739771) can0 2A2#0000D2B4000003FE
(1790952717.739873) can0 2A3#0002DF34FFFD737C
(1790952717.739997) can0 2A4#00011AB6FFFD7B76
(1790952717.740136) can0 2A5#000007BF000007CA
(1790952717.740223) can0 2A6#FFFFF847FFFFFA7E
(1790952717.740350) can0 2A7#00005689FFFFF5D5
(1790952717.744655) can0 2A1#0100010000000000
(1790952717.744769) can0 2A2#0000D2B4000003FE
(1790952717.744896) can0 2A3#0002DF34FFFD737C
(1790952717.744998) can0 2A4#00011AB6FFFD7B76
(1790952717.745119) can0 2A5#000007BF000007CA
(1790952717.745245) can0 2A6#FFFFF847FFFFFA7E
(1790952717.745369) can0 2A7#00005689FFFFF5D5
(1790952717.749631) can0 2A1#0100010000000000
(1790952717.749747) can0 2A2#0000D2B4000003FE
(1790952717.749873) can0 2A3#0002DF34FFFD737C
(1790952717.749999) can0 2A4#00011AB6FFFD7B76
(1790952717.750123) can0 2A5#000007BF000007CA
(1790952717.750222) can0 2A6#FFFFF847FFFFFA7E
(1790952717.750349) can0 2A7#00005689FFFFF5D5
(1790952717.754652) can0 2A1#0100010000000000
(1790952717.754751) can0 2A2#0000D2B4000003FE
(1790952717.754898) can0 2A3#0002DF34FFFD737C
(1790952717.754998) can0 2A4#00011AB6FFFD7B76
(1790952717.755122) can0 2A5#000007BF000007CA
(1790952717.755247) can0 2A6#FFFFF847FFFFFA7E
(1790952717.755372) can0 2A7#00005689FFFFF5D5
(1790952717.759627) can0 2A1#0100010000000000
(1790952717.759746) can0 2A2#0000D2B4000003FE
(1790952717.759876) can0 2A3#0002DF34FFFD737C
(1790952717.759996) can0 2A4#00011AB6FFFD7B76
(1790952717.760122) can0 2A5#000007BF000007CA
(1790952717.760224) can0 2A6#FFFFF847FFFFFA7E
(1790952717.760348) can0 2A7#00005689FFFFF5D5
(1790952717.764653) can0 2A1#0100010000000000
(1790952717.764771) can0 2A2#0000D2B4000003FE
(1790952717.764898) can0 2A3#0002DF34FFFD737C
(1790952717.764996) can0 2A4#00011AB6FFFD7B76
(1790952717.765121) can0 2A5#000007BF000007CA
(1790952717.765248) can0 2A6#FFFFF847FFFFFA7E
(1790952717.765349) can0 2A7#00005689FFFFF5D5
(1790952717.769625) can0 2A1#0100010000000000
(1790952717.769746) can0 2A2#0000D2B4000003FE
(1790952717.769873) can0 2A3#0002DF34FFFD737C
(1790952717.769998) can0 2A4#00011AB6FFFD7B76
(1790952717.770123) can0 2A5#000007BF000007CA
(1790952717.770221) can0 2A6#FFFFF847FFFFFA7E
(1790952717.770349) can0 2A7#00005689FFFFF5D5
(1790952717.774652) can0 2A1#0100010000000000
(1790952717.774771) can0 2A2#0000D2B4000003FE
(1790952717.774898) can0 2A3#0002DF34FFFD737C
(1790952717.774998) can0 2A4#00011AB6FFFD7B76
(1790952717.775121) can0 2A5#000007BF000007CA
(1790952717.775246) can0 2A6#FFFFF847FFFFFA7E
(1790952717.775372) can0 2A7#00005689FFFFF5D5
(1790952717.779651) can0 2A1#0100010000000000
(1790952717.779750) can0 2A2#0000D2B4000003FE
(1790952717.779872) can0 2A3#0002DF34FFFD737C
(1790952717.779996) can0 2A4#00011AB6FFFD7B76
(1790952717.780097) can0 2A5#000007BF000007CA
(1790952717.780223) can0 2A6#FFFFF847FFFFFA7E
(1790952717.780349) can0 2A7#00005689FFFFF5D5
(1790952717.784659) can0 2A1#0100010000000000
(1790952717.784772) can0 2A2#0000D2B4000003FE
(1790952717.784874) can0 2A3#0002DF34FFFD737C
(1790952717.784997) can0 2A4#00011AB6FFFD7B76
(1790952717.785123) can0 2A5#000007BF000007CA
(1790952717.785248) can0 2A6#FFFFF847FFFFFA7E
(1790952717.785374) can0 2A7#00005689FFFFF5D5
(1790952717.789651) can0 2A1#0100010000000000
(1790952717.789746) can0 2A2#0000D2B4000003FE
(1790952717.789873) can0 2A3#0002DF34FFFD737C
(1790952717.789997) can0 2A4#00011AB6FFFD7B76
(1790952717.790097) can0 2A5#000007BF000007CA
(1790952717.790248) can0 2A6#FFFFF847FFFFFA7E
(1790952717.790347) can0 2A7#00005689FFFFF5D5
(1790952717.794654) can0 2A1#0100010000000000
(1790952717.794772) can0 2A2#0000D2B4000003FE
(1790952717.794871) can0 2A3#0002DF34FFFD737C
(1790952717.794998) can0 2A4#00011AB6FFFD7B76
(1790952717.795148) can0 2A5#000007BF000007CA
(1790952717.795248) can0 2A6#FFFFF847FFFFFA7E
(1790952717.795373) can0 2A7#00005689FFFFF5D5
(1790952717.799654) can0 2A1#0100010000000000
(1790952717.799751) can0 2A2#0000D2B4000003FE
(1790952717.799873) can0 2A3#0002DF34FFFD737C
(1790952717.799996) can0 2A4#00011AB6FFFD7B76
(1790952717.800123) can0 2A5#000007BF000007CA
(1790952717.800223) can0 2A6#FFFFF847FFFFFA7E
(1790952717.800346) can0 2A7#00005689FFFFF5D5
(1790952717.804653) can0 2A1#0100010000000000
(1790952717.804773) can0 2A2#0000D2B4000003FE
(1790952717.804896) can0 2A3#0002DF34FFFD737C
(1790952717.804997) can0 2A4#00011AB6FFFD7B76
(1790952717.805123) can0 2A5#000007BF000007CA
(1790952717.805247) can0 2A6#FFFFF847FFFFFA7E
(1790952717.805374) can0 2A7#00005689FFFFF5D5
(1790952717.809641) can0 2A1#0100010000000000
(1790952717.809747) can0 2A2#0000D2B4000003FE
(1790952717.809874) can0 2A3#0002DF34FFFD737C
(1790952717.809998) can0 2A4#00011AB6FFFD7B76
(1790952717.810123) can0 2A5#000007BF000007CA
(1790952717.810224) can0 2A6#FFFFF847FFFFFA7E
(1790952717.810349) can0 2A7#00005689FFFFF5D5
(1790952717.814653) can0 2A1#0100010000000000
(1790952717.814771) can0 2A2#0000D2B4000003FE
(1790952717.814898) can0 2A3#0002DF34FFFD737C
(1790952717.814998) can0 2A4#00011AB6FFFD7B76
(1790952717.815123) can0 2A5#000007BF000007CA
(1790952717.815248) can0 2A6#FFFFF847FFFFFA7E
(1790952717.815373) can0 2A7#00005689FFFFF5D5
(1790952717.819651) can0 2A1#0100010000000000
(1790952717.819746) can0 2A2#0000D2B4000003FE
(1790952717.819874) can0 2A3#0002DF34FFFD737C
(1790952717.819973) can0 2A4#00011AB6FFFD7B76
(1790952717.820123) can0 2A5#000007BF000007CA
(1790952717.820248) can0 2A6#FFFFF847FFFFFA7E
(1790952717.820348) can0 2A7#00005689FFFFF5D5
(1790952717.824655) can0 2A1#0100010000000000
(1790952717.824773) can0 2A2#0000D2B4000003FE
(1790952717.824873) can0 2A3#0002DF34FFFD737C
(1790952717.824996) can0 2A4#00011AB6FFFD7B76
(1790952717.825123) can0 2A5#000007BF000007CA
(1790952717.825248) can0 2A6#FFFFF847FFFFFA7E
(1790952717.825372) can0 2A7#00005689FFFFF5D5
(1790952717.829622) can0 2A1#0100010000000000
(1790952717.829749) can0 2A2#0000D2B4000003FE
(1790952717.829871) can0 2A3#0002DF34FFFD737C
(1790952717.829997) can0 2A4#00011AB6FFFD7B76
(1790952717.830121) can0 2A5#000007BF000007CA
(1790952717.830222) can0 2A6#FFFFF847FFFFFA7E
(1790952717.830347) can0 2A7#00005689FFFFF5D5
(1790952717.834657) can0 2A1#0100010000000000
(1790952717.834772) can0 2A2#0000D2B4000003FE
(1790952717.834897) can0 2A3#0002DF34FFFD737C
(1790952717.834997) can0 2A4#00011AB6FFFD7B76
(1790952717.835121) can0 2A5#000007BF000007CA
(1790952717.835247) can0 2A6#FFFFF847FFFFFA7E
(1790952717.835373) can0 2A7#00005689FFFFF5D5
(1790952717.839632) can0 2A1#0100010000000000
(1790952717.839749) can0 2A2#0000D2B4000003FE
(1790952717.839871) can0 2A3#0002DF34FFFD737C
(1790952717.839997) can0 2A4#00011AB6FFFD7B76
(1790952717.840121) can0 2A5#000007BF000007CA
(1790952717.840227) can0 2A6#FFFFF847FFFFFA7E
(1790952717.840348) can0 2A7#00005689FFFFF5D5
(1790952717.844667) can0 2A1#0100010000000000
(1790952717.844772) can0 2A2#0000D2B4000003FE
(1790952717.844898) can0 2A3#0002DF34FFFD737C
(1790952717.844997) can0 2A4#00011AB6FFFD7B76
(1790952717.845122) can0 2A5#000007BF000007CA
(1790952717.845247) can0 2A6#FFFFF847FFFFFA7E
(1790952717.845348) can0 2A7#00005689FFFFF5D5
(1790952717.849634) can0 2A1#0100010000000000
(1790952717.849748) can0 2A2#0000D2B4000003FE
(1790952717.849872) can0 2A3#0002DF34FFFD737C
(1790952717.849998) can0 2A4#00011AB6FFFD7B76
(1790952717.850122) can0 2A5#000007BF000007CA
(1790952717.850222) can0 2A6#FFFFF847FFFFFA7E
(1790952717.850348) can0 2A7#00005689FFFFF5D5
(1790952717.854656) can0 2A1#0100010000000000
(1790952717.854772) can0 2A2#0000D2B4000003FE
(1790952717.854873) can0 2A3#0002DF34FFFD737C
(1790952717.854997) can0 2A4#00011AB6FFFD7B76
(1790952717.855122) can0 2A5#000007BF000007CA
(1790952717.855247) can0 2A6#FFFFF847FFFFFA7E
(1790952717.855372) can0 2A7#00005689FFFFF5D5
(1790952717.859655) can0 2A1#0100010000000000
(1790952717.859775) can0 2A2#0000D2B4000003FE
(1790952717.859874) can0 2A3#0002DF34FFFD737C
(1790952717.859998) can0 2A4#00011AB6FFFD7B76
(1790952717.860096) can0 2A5#000007BF000007CA
(1790952717.860222) can0 2A6#FFFFF847FFFFFA7E
(1790952717.860347) can0 2A7#00005689FFFFF5D5
(1790952717.864656) can0 2A1#0100010000000000
(1790952717.864773) can0 2A2#0000D2B4000003FE
(1790952717.864872) can0 2A3#0002DF34FFFD737C
(1790952717.864999) can0 2A4#00011AB6FFFD7B76
(1790952717.865124) can0 2A5#000007BF000007CA
(1790952717.865250) can0 2A6#FFFFF847FFFFFA7E
(1790952717.865375) can0 2A7#00005689FFFFF5D5
(1790952717.869632) can0 2A1#0100010000000000
(1790952717.869750) can0 2A2#0000D2B4000003FE
(1790952717.869903) can0 2A3#0002DF34FFFD737C
(1790952717.869998) can0 2A4#00011AB6FFFD7B76
(1790952717.870122) can0 2A5#000007BF000007CA
(1790952717.870247) can0 2A6#FFFFF847FFFFFA7E
(1790952717.870346) can0 2A7#00005689FFFFF5D5
(1790952717.874685) can0 2A1#0100010000000000
(1790952717.874776) can0 2A2#0000D2B4000003FE
(1790952717.874901) can0 2A3#0002DF34FFFD737C
(1790952717.874998) can0 2A4#00011AB6FFFD7B76
(1790952717.875124) can0 2A5#000007BF000007CA
(1790952717.875249) can0 2A6#FFFFF847FFFFFA7E
(1790952717.875375) can0 2A7#00005689FFFFF5D5
(1790952717.879627) can0 2A1#0100010000000000
(1790952717.879775) can0 2A2#0000D2B4000003FE
(1790952717.879875) can0 2A3#0002DF34FFFD737C
(1790952717.879997) can0 2A4#00011AB6FFFD7B76
(1790952717.880123) can0 2A5#000007BF000007CA
(1790952717.880222) can0 2A6#FFFFF847FFFFFA7E
(1790952717.880348) can0 2A7#00005689FFFFF5D5
(1790952717.884660) can0 2A1#0100010000000000
(1790952717.884774) can0 2A2#0000D2B4000003FE
(1790952717.884900) can0 2A3#0002DF34FFFD737C
(1790952717.884997) can0 2A4#00011AB6FFFD7B76
(1790952717.885123) can0 2A5#000007BF000007CA
(1790952717.885249) can0 2A6#FFFFF847FFFFFA7E
(1790952717.885374) can0 2A7#00005689FFFFF5D5
(1790952717.889655) can0 2A1#0100010000000000
(1790952717.889746) can0 2A2#0000D2B4000003FE
(1790952717.889874) can0 2A3#0002DF34FFFD737C
(1790952717.889974) can0 2A4#00011AB6FFFD7B76
(1790952717.890127) can0 2A5#000007BF000007CA
(1790952717.890250) can0 2A6#FFFFF847FFFFFA7E
(1790952717.890352) can0 2A7#00005689FFFFF5D5
(1790952717.894675) can0 2A1#0100010000000000
(1790952717.894776) can0 2A2#0000D2B4000003FE
(1790952717.894884) can0 2A3#0002DF34FFFD737C
(1790952717.894997) can0 2A4#00011AB6FFFD7B76
(1790952717.895124) can0 2A5#000007BF000007CA
(1790952717.895250) can0 2A6#FFFFF847FFFFFA7E
(1790952717.895374) can0 2A7#00005689FFFFF5D5
(1790952717.899653) can0 2A1#0100010000000000
(1790952717.899747) can0 2A2#0000D2B4000003FE
(1790952717.899876) can0 2A3#0002DF34FFFD737C
(1790952717.899999) can0 2A4#00011AB6FFFD7B76
(1790952717.900124) can0 2A5#000007BF000007CA
(1790952717.900250) can0 2A6#FFFFF847FFFFFA7E
(1790952717.900348) can0 2A7#00005689FFFFF5D5
(1790952717.904656) can0 2A1#0100010000000000
(1790952717.904772) can0 2A2#0000D2B4000003FE
(1790952717.904899) can0 2A3#0002DF34FFFD737C
(1790952717.904999) can0 2A4#00011AB6FFFD7B76
(1790952717.905123) can0 2A5#000007BF000007CA
(1790952717.905249) can0 2A6#FFFFF847FFFFFA7E
(1790952717.905372) can0 2A7#00005689FFFFF5D5
(1790952717.909629) can0 2A1#0100010000000000
(1790952717.909746) can0 2A2#0000D2B4000003FE
(1790952717.909875) can0 2A3#0002DF34FFFD737C
(1790952717.909997) can0 2A4#00011AB6FFFD7B76
(1790952717.910127) can0 2A5#000007BF000007CA
(1790952717.910223) can0 2A6#FFFFF847FFFFFA7E
(1790952717.910349) can0 2A7#00005689FFFFF5D5
(1790952717.914658) can0 2A1#0100010000000000
(1790952717.914775) can0 2A2#0000D2B4000003FE
(1790952717.914900) can0 2A3#0002DF34FFFD737C
(1790952717.914997) can0 2A4#00011AB6FFFD7B76
(1790952717.915124) can0 2A5#000007BF000007CA
(1790952717.915249) can0 2A6#FFFFF847FFFFFA7E
(1790952717.915349) can0 2A7#00005689FFFFF5D5
(1790952717.919677) can0 2A1#0100010000000000
(1790952717.919748) can0 2A2#0000D2B4000003FE
(1790952717.919886) can0 2A3#0002DF34FFFD737C
(1790952717.920000) can0 2A4#00011AB6FFFD7B76
(1790952717.920124) can0 2A5#000007BF000007CA
(1790952717.920248) can0 2A6#FFFFF847FFFFFA7E
(1790952717.920347) can0 2A7#00005689FFFFF5D5
(1790952717.924657) can0 2A1#0100010000000000
(1790952717.924772) can0 2A2#0000D2B4000003FE
(1790952717.924899) can0 2A3#0002DF34FFFD737C
(1790952717.924997) can0 2A4#00011AB6FFFD7B76
(1790952717.925124) can0 2A5#000007BF000007CA
(1790952717.925252) can0 2A6#FFFFF847FFFFFA7E
(1790952717.925375) can0 2A7#00005689FFFFF5D5
(1790952717.929656) can0 2A1#0100010000000000
(1790952717.929747) can0 2A2#0000D2B4000003FE
(1790952717.929873) can0 2A3#0002DF34FFFD737C
(1790952717.929997) can0 2A4#00011AB6FFFD7B76
(1790952717.930096) can0 2A5#000007BF000007CA
(1790952717.930247) can0 2A6#FFFFF847FFFFFA7E
(1790952717.930348) can0 2A7#00005689FFFFF5D5
(1790952717.934659) can0 2A1#0100010000000000
(1790952717.934773) can0 2A2#0000D2B4000003FE
(1790952717.934873) can0 2A3#0002DF34FFFD737C
(1790952717.934998) can0 2A4#00011AB6FFFD7B76
(1790952717.935150) can0 2A5#000007BF000007CA
(1790952717.935249) can0 2A6#FFFFF847FFFFFA7E
(1790952717.935373) can0 2A7#00005689FFFFF5D5
(1790952717.939638) can0 2A1#0100010000000000
(1790952717.939747) can0 2A2#0000D2B4000003FE
(1790952717.939874) can0 2A3#0002DF34FFFD737C
(1790952717.939997) can0 2A4#00011AB6FFFD7B76
(1790952717.940122) can0 2A5#000007BF000007CA
(1790952717.940222) can0 2A6#FFFFF847FFFFFA7E
(1790952717.940349) can0 2A7#00005689FFFFF5D5
(1790952717.944657) can0 2A1#0100010000000000
(1790952717.944772) can0 2A2#0000D2B4000003FE
(1790952717.944898) can0 2A3#0002DF34FFFD737C
(1790952717.945022) can0 2A4#00011AB6FFFD7B76
(1790952717.945124) can0 2A5#000007BF000007CA
(1790952717.945247) can0 2A6#FFFFF847FFFFFA7E
(1790952717.945373) can0 2A7#00005689FFFFF5D5
(1790952717.949657) can0 2A1#0100010000000000
(1790952717.949778) can0 2A2#0000D2B4000003FE
(1790952717.949872) can0 2A3#0002DF34FFFD737C
(1790952717.949997) can0 2A4#00011AB6FFFD7B76
(1790952717.950123) can0 2A5#000007BF000007CA
(1790952717.950222) can0 2A6#FFFFF847FFFFFA7E
(1790952717.950350) can0 2A7#00005689FFFFF5D5
(1790952717.954657) can0 2A1#0100010000000000
(1790952717.954775) can0 2A2#0000D2B4000003FE
(1790952717.954899) can0 2A3#0002DF34FFFD737C
(1790952717.954997) can0 2A4#00011AB6FFFD7B76
(1790952717.955122) can0 2A5#000007BF000007CA
(1790952717.955249) can0 2A6#FFFFF847FFFFFA7E
(1790952717.955374) can0 2A7#00005689FFFFF5D5
(1790952717.959657) can0 2A1#0100010000000000
(1790952717.959746) can0 2A2#0000D2B4000003FE
(1790952717.959872) can0 2A3#0002DF34FFFD737C
(1790952717.959998) can0 2A4#00011AB6FFFD7B76
(1790952717.960121) can0 2A5#000007BF000007CA
(1790952717.960247) can0 2A6#FFFFF847FFFFFA7E
(1790952717.960350) can0 2A7#00005689FFFFF5D5
(1790952717.964658) can0 2A1#0100010000000000
(1790952717.964772) can0 2A2#0000D2B4000003FE
(1790952717.964897) can0 2A3#0002DF34FFFD737C
(1790952717.964997) can0 2A4#00011AB6FFFD7B76
(1790952717.965122) can0 2A5#000007BF000007CA
(1790952717.965247) can0 2A6#FFFFF847FFFFFA7E
(1790952717.965373) can0 2A7#00005689FFFFF5D5
(1790952717.969656) can0 2A1#0100010000000000
(1790952717.969745) can0 2A2#0000D2B4000003FE
(1790952717.969875) can0 2A3#0002DF34FFFD737C
(1790952717.969972) can0 2A4#00011AB6FFFD7B76
(1790952717.970121) can0 2A5#000007BF000007CA
(1790952717.970249) can0 2A6#FFFFF847FFFFFA7E
(1790952717.970349) can0 2A7#00005689FFFFF5D5
(1790952717.974659) can0 2A1#0100010000000000
(1790952717.974772) can0 2A2#0000D2B4000003FE
(1790952717.974900) can0 2A3#0002DF34FFFD737C
(1790952717.974997) can0 2A4#00011AB6FFFD7B76
(1790952717.975122) can0 2A5#000007BF000007CA
(1790952717.975249) can0 2A6#FFFFF847FFFFFA7E
(1790952717.975374) can0 2A7#00005689FFFFF5D5
(1790952717.979663) can0 2A1#0100010000000000
(1790952717.979772) can0 2A2#0000D2B4000003FE
(1790952717.979875) can0 2A3#0002DF34FFFD737C
(1790952717.979997) can0 2A4#00011AB6FFFD7B76
(1790952717.980127) can0 2A5#000007BF000007CA
(1790952717.980222) can0 2A6#FFFFF847FFFFFA7E
(1790952717.980349) can0 2A7#00005689FFFFF5D5
(1790952717.984656) can0 2A1#0100010000000000
(1790952717.984773) can0 2A2#0000D2B4000003FE
(1790952717.984899) can0 2A3#0002DF34FFFD737C
(1790952717.984997) can0 2A4#00011AB6FFFD7B76
(1790952717.985122) can0 2A5#000007BF000007CA
(1790952717.985247) can0 2A6#FFFFF847FFFFFA7E
(1790952717.985347) can0 2A7#00005689FFFFF5D5
(1790952717.989626) can0 2A1#0100010000000000
(1790952717.989749) can0 2A2#0000D2B4000003FE
(1790952717.989874) can0 2A3#0002DF34FFFD737C
(1790952717.989998) can0 2A4#00011AB6FFFD7B76
(1790952717.990123) can0 2A5#000007BF000007CA
(1790952717.990223) can0 2A6#FFFFF847FFFFFA7E
(1790952717.990347) can0 2A7#00005689FFFFF5D5
(1790952717.994650) can0 2A1#0100010000000000
(1790952717.994775) can0 2A2#0000D2B4000003FE
(1790952717.994897) can0 2A3#0002DF34FFFD737C
(1790952717.994997) can0 2A4#00011AB6FFFD7B76
(1790952717.995122) can0 2A5#000007BF000007CA
(1790952717.995247) can0 2A6#FFFFF847FFFFFA7E
(1790952717.995373) can0 2A7#00005689FFFFF5D5
(1790952717.999657) can0 2A1#0100010000000000
(1790952717.999772) can0 2A2#0000D2B4000003FE
(1790952717.999876) can0 2A3#0002DF34FFFD737C
(1790952718.000000) can0 2A4#00011AB6FFFD7B76
(1790952718.000124) can0 2A5#000007BF000007CA
(1790952718.000222) can0 2A6#FFFFF847FFFFFA7E
(1790952718.000349) can0 2A7#00005689FFFFF5D5
(1790952718.004658) can0 2A1#0100010000000000
(1790952718.004772) can0 2A2#0000D2B4000003FE
(1790952718.004900) can0 2A3#0002DF34FFFD737C
(1790952718.004996) can0 2A4#00011AB6FFFD7B76
(1790952718.005122) can0 2A5#000007BF000007CA
(1790952718.005247) can0 2A6#FFFFF847FFFFFA7E
(1790952718.005382) can0 2A7#00005689FFFFF5D5
(1790952718.009639) can0 2A1#0100010000000000
(1790952718.009746) can0 2A2#0000D2B4000003FE
(1790952718.009876) can0 2A3#0002DF34FFFD737C
(1790952718.010000) can0 2A4#00011AB6FFFD7B76
(1790952718.010125) can0 2A5#000007BF000007CA
(1790952718.010249) can0 2A6#FFFFF847FFFFFA7E
(1790952718.010347) can0 2A7#00005689FFFFF5D5
(1790952718.014656) can0 2A1#0100010000000000
(1790952718.014775) can0 2A2#0000D2B4000003FE
(1790952718.014899) can0 2A3#0002DF34FFFD737C
(1790952718.014997) can0 2A4#00011AB6FFFD7B76
(1790952718.015127) can0 2A5#000007BF000007CA
(1790952718.015249) can0 2A6#FFFFF847FFFFFA7E
(1790952718.015373) can0 2A7#00005689FFFFF5D5
(1790952718.019657) can0 2A1#0100010000000000
(1790952718.019746) can0 2A2#0000D2B4000003FE
(1790952718.019880) can0 2A3#0002DF34FFFD737C
(1790952718.019997) can0 2A4#00011AB6FFFD7B76
(1790952718.020096) can0 2A5#000007BF000007CA
(1790952718.020223) can0 2A6#FFFFF847FFFFFA7E
(1790952718.020350) can0 2A7#00005689FFFFF5D5
(1790952718.024664) can0 2A1#0100010000000000
(1790952718.024772) can0 2A2#0000D2B4000003FE
(1790952718.024874) can0 2A3#0002DF34FFFD737C
(1790952718.024999) can0 2A4#00011AB6FFFD7B76
(1790952718.025121) can0 2A5#000007BF000007CA
(1790952718.025250) can0 2A6#FFFFF847FFFFFA7E
(1790952718.025372) can0 2A7#00005689FFFFF5D5
(1790952718.029657) can0 2A1#0100010000000000
(1790952718.029772) can0 2A2#0000D2B4000003FE
(1790952718.029874) can0 2A3#0002DF34FFFD737C
(1790952718.029999) can0 2A4#00011AB6FFFD7B76
(1790952718.030123) can0 2A5#000007BF000007CA
(1790952718.030221) can0 2A6#FFFFF847FFFFFA7E
(1790952718.030349) can0 2A7#00005689FFFFF5D5
(1790952718.034672) can0 2A1#0100010000000000
(1790952718.034771) can0 2A2#0000D2B4000003FE
(1790952718.034899) can0 2A3#0002DF34FFFD737C
(1790952718.034997) can0 2A4#00011AB6FFFD7B76
(1790952718.035122) can0 2A5#000007BF000007CA
(1790952718.035249) can0 2A6#FFFFF847FFFFFA7E
(1790952718.035374) can0 2A7#00005689FFFFF5D5
(1790952718.039631) can0 2A1#0100010000000000
(1790952718.039775) can0 2A2#0000D2B4000003FE
(1790952718.039872) can0 2A3#0002DF34FFFD737C
(1790952718.040000) can0 2A4#00011AB6FFFD7B76
(1790952718.040122) can0 2A5#000007BF000007CA
(1790952718.040222) can0 2A6#FFFFF847FFFFFA7E
(1790952718.040350) can0 2A7#00005689FFFFF5D5
(1790952718.044663) can0 2A1#0100010000000000
(1790952718.044772) can0 2A2#0000D2B4000003FE
(1790952718.044897) can0 2A3#0002DF34FFFD737C
(1790952718.044997) can0 2A4#00011AB6FFFD7B76
(1790952718.045122) can0 2A5#000007BF000007CA
(1790952718.045250) can0 2A6#FFFFF847FFFFFA7E
(1790952718.045374) can0 2A7#00005689FFFFF5D5
(1790952718.049629) can0 2A1#0100010000000000
(1790952718.049747) can0 2A2#0000D2B4000003FE
(1790952718.049873) can0 2A3#0002DF34FFFD737C
(1790952718.049998) can0 2A4#00011AB6FFFD7B76
(1790952718.050121) can0 2A5#000007BF000007CA
(1790952718.050224) can0 2A6#FFFFF847FFFFFA7E
(1790952718.050349) can0 2A7#00005689FFFFF5D5
(1790952718.054654) can0 2A1#0100010000000000
(1790952718.054774) can0 2A2#0000D2B4000003FE
(1790952718.054899) can0 2A3#0002DF34FFFD737C
(1790952718.054998) can0 2A4#00011AB6FFFD7B76
(1790952718.055124) can0 2A5#000007BF000007CA
(1790952718.055248) can0 2A6#FFFFF847FFFFFA7E
(1790952718.055348) can0 2A7#00005689FFFFF5D5
(1790952718.059656) can0 2A1#0100010000000000
(1790952718.059751) can0 2A2#0000D2B4000003FE
(1790952718.059875) can0 2A3#0002DF34FFFD737C
(1790952718.060000) can0 2A4#00011AB6FFFD7B76
(1790952718.060122) can0 2A5#000007BF000007CA
(1790952718.060222) can0 2A6#FFFFF847FFFFFA7E
(1790952718.060350) can0 2A7#00005689FFFFF5D5
(1790952718.064658) can0 2A1#0100010000000000
(1790952718.064775) can0 2A2#0000D2B4000003FE
(1790952718.064900) can0 2A3#0002DF34FFFD737C
(1790952718.065024) can0 2A4#00011AB6FFFD7B76
(1790952718.065122) can0 2A5#000007BF000007CA
(1790952718.065249) can0 2A6#FFFFF847FFFFFA7E
(1790952718.065377) can0 2A7#00005689FFFFF5D5
(1790952718.069656) can0 2A1#0100010000000000
(1790952718.069774) can0 2A2#0000D2B4000003FE
(1790952718.069872) can0 2A3#0002DF34FFFD737C
(1790952718.069999) can0 2A4#00011AB6FFFD7B76
(1790952718.070121) can0 2A5#000007BF000007CA
(1790952718.070221) can0 2A6#FFFFF847FFFFFA7E
(1790952718.070347) can0 2A7#00005689FFFFF5D5
(1790952718.074663) can0 2A1#0100010000000000
(1790952718.074771) can0 2A2#0000D2B4000003FE
(1790952718.074899) can0 2A3#0002DF34FFFD737C
(1790952718.075024) can0 2A4#00011AB6FFFD7B76
(1790952718.075122) can0 2A5#000007BF000007CA
(1790952718.075247) can0 2A6#FFFFF847FFFFFA7E
(1790952718.075373) can0 2A7#00005689FFFFF5D5
(1790952718.079630) can0 2A1#0100010000000000
(1790952718.079747) can0 2A2#0000D2B4000003FE
(1790952718.079874) can0 2A3#0002DF34FFFD737C
(1790952718.079996) can0 2A4#00011AB6FFFD7B76
(1790952718.080121) can0 2A5#000007BF000007CA
(1790952718.080222) can0 2A6#FFFFF847FFFFFA7E
(1790952718.080347) can0 2A7#00005689FFFFF5D5
(1790952718.084665) can0 2A1#0100010000000000
(1790952718.084772) can0 2A2#0000D2B4000003FE
(1790952718.084898) can0 2A3#0002DF34FFFD737C
(1790952718.085022) can0 2A4#00011AB6FFFD7B76
(1790952718.085122) can0 2A5#000007BF000007CA
(1790952718.085248) can0 2A6#FFFFF847FFFFFA7E
(1790952718.085372) can0 2A7#00005689FFFFF5D5
(1790952718.089655) can0 2A1#0100010000000000
(1790952718.089753) can0 2A2#0000D2B4000003FE
(1790952718.089875) can0 2A3#0002DF34FFFD737C
(1790952718.089997) can0 2A4#00011AB6FFFD7B76
(1790952718.090122) can0 2A5#000007BF000007CA
(1790952718.090246) can0 2A6#FFFFF847FFFFFA7E
(1790952718.090347) can0 2A7#00005689FFFFF5D5
(1790952718.094662) can0 2A1#0100010000000000
(1790952718.094772) can0 2A2#0000D2B4000003FE
(1790952718.094873) can0 2A3#0002DF34FFFD737C
(1790952718.094997) can0 2A4#00011AB6FFFD7B76
(1790952718.095147) can0 2A5#000007BF000007CA
(1790952718.095248) can0 2A6#FFFFF847FFFFFA7E
(1790952718.095374) can0 2A7#00005689FFFFF5D5
(1790952718.099662) can0 2A1#0100010000000000
(1790952718.099771) can0 2A2#0000D2B4000003FE
(1790952718.099875) can0 2A3#0002DF34FFFD737C
(1790952718.099999) can0 2A4#00011AB6FFFD7B76
(1790952718.100122) can0 2A5#000007BF000007CA
(1790952718.100224) can0 2A6#FFFFF847FFFFFA7E
(1790952718.100349) can0 2A7#00005689FFFFF5D5
(1790952718.104657) can0 2A1#0100010000000000
(1790952718.104775) can0 2A2#0000D2B4000003FE
(1790952718.104897) can0 2A3#0002DF34FFFD737C
(1790952718.105022) can0 2A4#00011AB6FFFD7B76
(1790952718.105122) can0 2A5#000007BF000007CA
(1790952718.105249) can0 2A6#FFFFF847FFFFFA7E
(1790952718.105374) can0 2A7#00005689FFFFF5D5
(1790952718.109654) can0 2A1#0100010000000000
(1790952718.109746) can0 2A2#0000D2B4000003FE
(1790952718.109874) can0 2A3#0002DF34FFFD737C
(1790952718.109971) can0 2A4#00011AB6FFFD7B76
(1790952718.110095) can0 2A5#000007BF000007CA
(1790952718.110249) can0 2A6#FFFFF847FFFFFA7E
(1790952718.110349) can0 2A7#00005689FFFFF5D5
(1790952718.114655) can0 2A1#0100010000000000
(1790952718.114772) can0 2A2#0000D2B4000003FE
(1790952718.114900) can0 2A3#0002DF34FFFD737C
(1790952718.114997) can0 2A4#00011AB6FFFD7B76
(1790952718.115124) can0 2A5#000007BF000007CA
(1790952718.115246) can0 2A6#FFFFF847FFFFFA7E
(1790952718.115372) can0 2A7#00005689FFFFF5D5
(1790952718.119654) can0 2A1#0100010000000000
(1790952718.119771) can0 2A2#0000D2B4000003FE
(1790952718.119871) can0 2A3#0002DF34FFFD737C
(1790952718.119996) can0 2A4#00011AB6FFFD7B76
(1790952718.120123) can0 2A5#000007BF000007CA
(1790952718.120221) can0 2A6#FFFFF847FFFFFA7E
(1790952718.120348) can0 2A7#00005689FFFFF5D5
(1790952718.124650) can0 2A1#0100010000000000
(1790952718.124772) can0 2A2#0000D2B4000003FE
(1790952718.124897) can0 2A3#0002DF34FFFD737C
(1790952718.124997) can0 2A4#00011AB6FFFD7B76
(1790952718.125121) can0 2A5#000007BF000007CA
(1790952718.125249) can0 2A6#FFFFF847FFFFFA7E
(1790952718.125373) can0 2A7#00005689FFFFF5D5
(1790952718.129650) can0 2A1#0100010000000000
(1790952718.129775) can0 2A2#0000D2B4000003FE
(1790952718.129872) can0 2A3#0002DF34FFFD737C
(1790952718.130000) can0 2A4#00011AB6FFFD7B76
(1790952718.130121) can0 2A5#000007BF000007CA
(1790952718.130224) can0 2A6#FFFFF847FFFFFA7E
(1790952718.130347) can0 2A7#00005689FFFFF5D5
(1790952718.134664) can0 2A1#0100010000000000
(1790952718.134781) can0 2A2#0000D2B4000003FE
(1790952718.134900) can0 2A3#0002DF34FFFD737C
(1790952718.135024) can0 2A4#00011AB6FFFD7B76
(1790952718.135121) can0 2A5#000007BF000007CA
(1790952718.135248) can0 2A6#FFFFF847FFFFFA7E
(1790952718.135372) can0 2A7#00005689FFFFF5D5
(1790952718.139629) can0 2A1#0100010000000000
(1790952718.139747) can0 2A2#0000D2B4000003FE
(1790952718.139874) can0 2A3#0002DF34FFFD737C
(1790952718.139996) can0 2A4#00011AB6FFFD7B76
(1790952718.140123) can0 2A5#000007BF000007CA
(1790952718.140221) can0 2A6#FFFFF847FFFFFA7E
(1790952718.140346) can0 2A7#00005689FFFFF5D5
(1790952718.144651) can0 2A1#0100010000000000
(1790952718.144774) can0 2A2#0000D2B4000003FE
(1790952718.144899) can0 2A3#0002DF34FFFD737C
(1790952718.145021) can0 2A4#00011AB6FFFD7B76
(1790952718.145123) can0 2A5#000007BF000007CA
(1790952718.145249) can0 2A6#FFFFF847FFFFFA7E
(1790952718.145371) can0 2A7#00005689FFFFF5D5
(1790952718.149668) can0 2A1#0100010000000000
(1790952718.149771) can0 2A2#0000D2B4000003FE
(1790952718.149879) can0 2A3#0002DF34FFFD737C
(1790952718.149998) can0 2A4#00011AB6FFFD7B76
(1790952718.150122) can0 2A5#000007BF000007CA
(1790952718.150222) can0 2A6#FFFFF847FFFFFA7E
(1790952718.150348) can0 2A7#00005689FFFFF5D5
(1790952718.154657) can0 2A1#0100010000000000
(1790952718.154771) can0 2A2#0000D2B4000003FE
(1790952718.154900) can0 2A3#0002DF34FFFD737C
(1790952718.155023) can0 2A4#00011AB6FFFD7B76
(1790952718.155122) can0 2A5#000007BF000007CA
(1790952718.155249) can0 2A6#FFFFF847FFFFFA7E
(1790952718.155372) can0 2A7#00005689FFFFF5D5
(1790952718.159656) can0 2A1#0100010000000000
(1790952718.159772) can0 2A2#0000D2B4000003FE
(1790952718.159873) can0 2A3#0002DF34FFFD737C
(1790952718.159997) can0 2A4#00011AB6FFFD7B76
(1790952718.160127) can0 2A5#000007BF000007CA
(1790952718.160221) can0 2A6#FFFFF847FFFFFA7E
(1790952718.160348) can0 2A7#00005689FFFFF5D5
(1790952718.164658) can0 2A1#0100010000000000
(1790952718.164776) can0 2A2#0000D2B4000003FE
(1790952718.164897) can0 2A3#0002DF34FFFD737C
(1790952718.164998) can0 2A4#00011AB6FFFD7B76
(1790952718.165125) can0 2A5#000007BF000007CA
(1790952718.165247) can0 2A6#FFFFF847FFFFFA7E
(1790952718.165371) can0 2A7#00005689FFFFF5D5
(1790952718.169664) can0 2A1#0100010000000000
(1790952718.169747) can0 2A2#0000D2B4000003FE
(1790952718.169873) can0 2A3#0002DF34FFFD737C
(1790952718.169997) can0 2A4#00011AB6FFFD7B76
(1790952718.170123) can0 2A5#000007BF000007CA
(1790952718.170246) can0 2A6#FFFFF847FFFFFA7E
(1790952718.170346) can0 2A7#00005689FFFFF5D5
(1790952718.174656) can0 2A1#0100010000000000
(1790952718.174772) can0 2A2#0000D2B4000003FE
(1790952718.174874) can0 2A3#0002DF34FFFD737C
(1790952718.174996) can0 2A4#00011AB6FFFD7B76
(1790952718.175147) can0 2A5#000007BF000007CA
(1790952718.175247) can0 2A6#FFFFF847FFFFFA7E
(1790952718.175374) can0 2A7#00005689FFFFF5D5
(1790952718.179636) can0 2A1#0100010000000000
(1790952718.179773) can0 2A2#0000D2B4000003FE
(1790952718.179871) can0 2A3#0002DF34FFFD737C
(1790952718.179997) can0 2A4#00011AB6FFFD7B76
(1790952718.180122) can0 2A5#000007BF000007CA
(1790952718.180222) can0 2A6#FFFFF847FFFFFA7E
(1790952718.180348) can0 2A7#00005689FFFFF5D5
(1790952718.184659) can0 2A1#0100010000000000
(1790952718.184774) can0 2A2#0000D2B4000003FE
(1790952718.184897) can0 2A3#0002DF34FFFD737C
(1790952718.184998) can0 2A4#00011AB6FFFD7B76
(1790952718.185123) can0 2A5#000007BF000007CA
(1790952718.185248) can0 2A6#FFFFF847FFFFFA7E
(1790952718.185373) can0 2A7#00005689FFFFF5D5
(1790952718.189653) can0 2A1#0100010000000000
(1790952718.189770) can0 2A2#0000D2B4000003FE
(1790952718.189872) can0 2A3#0002DF34FFFD737C
(1790952718.189997) can0 2A4#00011AB6FFFD7B76
(1790952718.190122) can0 2A5#000007BF000007CA
(1790952718.190222) can0 2A6#FFFFF847FFFFFA7E
(1790952718.190348) can0 2A7#00005689FFFFF5D5
(1790952718.194662) can0 2A1#0100010000000000
(1790952718.194796) can0 2A2#0000D2B4000003FE
(1790952718.194901) can0 2A3#0002DF34FFFD737C
(1790952718.194997) can0 2A4#00011AB6FFFD7B76
(1790952718.195122) can0 2A5#000007BF000007CA
(1790952718.195247) can0 2A6#FFFFF847FFFFFA7E
(1790952718.195348) can0 2A7#00005689FFFFF5D5
(1790952718.199642) can0 2A1#0100010000000000
(1790952718.199747) can0 2A2#0000D2B4000003FE
(1790952718.199880) can0 2A3#0002DF34FFFD737C
(1790952718.199998) can0 2A4#00011AB6FFFD7B76
(1790952718.200129) can0 2A5#000007BF000007CA
(1790952718.200247) can0 2A6#FFFFF847FFFFFA7E
(1790952718.200348) can0 2A7#00005689FFFFF5D5
(1790952718.204670) can0 2A1#0100010000000000
(1790952718.204772) can0 2A2#0000D2B4000003FE
(1790952718.204896) can0 2A3#0002DF34FFFD737C
(1790952718.204997) can0 2A4#00011AB6FFFD7B76
(1790952718.205122) can0 2A5#000007BF000007CA
(1790952718.205247) can0 2A6#FFFFF847FFFFFA7E
(1790952718.205348) can0 2A7#00005689FFFFF5D5
(1790952718.209636) can0 2A1#0100010000000000
(1790952718.209772) can0 2A2#0000D2B4000003FE
(1790952718.209871) can0 2A3#0002DF34FFFD737C
(1790952718.209996) can0 2A4#00011AB6FFFD7B76
(1790952718.210121) can0 2A5#000007BF000007CA
(1790952718.210223) can0 2A6#FFFFF847FFFFFA7E
(1790952718.210348) can0 2A7#00005689FFFFF5D5
(1790952718.214662) can0 2A1#0100010000000000
(1790952718.214776) can0 2A2#0000D2B4000003FE
(1790952718.214899) can0 2A3#0002DF34FFFD737C
(1790952718.214996) can0 2A4#00011AB6FFFD7B76
(1790952718.215123) can0 2A5#000007BF000007CA
(1790952718.215247) can0 2A6#FFFFF847FFFFFA7E
(1790952718.215373) can0 2A7#00005689FFFFF5D5
(1790952718.219627) can0 2A1#0100010000000000
(1790952718.219746) can0 2A2#0000D2B4000003FE
(1790952718.219896) can0 2A3#0002DF34FFFD737C
(1790952718.219996) can0 2A4#00011AB6FFFD7B76
(1790952718.220123) can0 2A5#000007BF000007CA
(1790952718.220221) can0 2A6#FFFFF847FFFFFA7E
(1790952718.220347) can0 2A7#00005689FFFFF5D5
(1790952718.224651) can0 2A1#0100010000000000
(1790952718.224773) can0 2A2#0000D2B4000003FE
(1790952718.224899) can0 2A3#0002DF34FFFD737C
(1790952718.224997) can0 2A4#00011AB6FFFD7B76
(1790952718.225122) can0 2A5#000007BF000007CA
(1790952718.225247) can0 2A6#FFFFF847FFFFFA7E
(1790952718.225371) can0 2A7#00005689FFFFF5D5
(1790952718.229654) can0 2A1#0100010000000000
(1790952718.229774) can0 2A2#0000D2B4000003FE
(1790952718.229872) can0 2A3#0002DF34FFFD737C
(1790952718.229996) can0 2A4#00011AB6FFFD7B76
(1790952718.230121) can0 2A5#000007BF000007CA
(1790952718.230220) can0 2A6#FFFFF847FFFFFA7E
(1790952718.230346) can0 2A7#00005689FFFFF5D5
(1790952718.234675) can0 2A1#0100010000000000
(1790952718.234773) can0 2A2#0000D2B4000003FE
(1790952718.234872) can0 2A3#0002DF34FFFD737C
(1790952718.235023) can0 2A4#00011AB6FFFD7B76
(1790952718.235147) can0 2A5#000007BF000007CA
(1790952718.235248) can0 2A6#FFFFF847FFFFFA7E
(1790952718.235372) can0 2A7#00005689FFFFF5D5
(1790952718.239658) can0 2A1#0100010000000000
(1790952718.239746) can0 2A2#0000D2B4000003FE
(1790952718.239875) can0 2A3#0002DF34FFFD737C
(1790952718.239999) can0 2A4#00011AB6FFFD7B76
(1790952718.240131) can0 2A5#000007BF000007CA
(1790952718.240249) can0 2A6#FFFFF847FFFFFA7E
(1790952718.240347) can0 2A7#00005689FFFFF5D5
(1790952718.244656) can0 2A1#0100010000000000
(1790952718.244772) can0 2A2#0000D2B4000003FE
(1790952718.244897) can0 2A3#0002DF34FFFD737C
(1790952718.244997) can0 2A4#00011AB6FFFD7B76
(1790952718.245122) can0 2A5#000007BF000007CA
(1790952718.245248) can0 2A6#FFFFF847FFFFFA7E
(1790952718.245372) can0 2A7#00005689FFFFF5D5
(1790952718.249670) can0 2A1#0100010000000000
(1790952718.249754) can0 2A2#0000D2B4000003FE
(1790952718.249873) can0 2A3#0002DF34FFFD737C
(1790952718.249998) can0 2A4#00011AB6FFFD7B76
(1790952718.250122) can0 2A5#000007BF000007CA
(1790952718.250247) can0 2A6#FFFFF847FFFFFA7E
(1790952718.250373) can0 2A7#00005689FFFFF5D5
(1790952718.254657) can0 2A1#0100010000000000
(1790952718.254770) can0 2A2#0000D2B4000003FE
(1790952718.254895) can0 2A3#0002DF34FFFD737C
(1790952718.255000) can0 2A4#00011AB6FFFD7B76
(1790952718.255123) can0 2A5#000007BF000007CA
(1790952718.255248) can0 2A6#FFFFF847FFFFFA7E
(1790952718.255373) can0 2A7#00005689FFFFF5D5
(1790952718.259636) can0 2A1#0100010000000000
(1790952718.259752) can0 2A2#0000D2B4000003FE
(1790952718.259879) can0 2A3#0002DF34FFFD737C
(1790952718.259997) can0 2A4#00011AB6FFFD7B76
(1790952718.260122) can0 2A5#000007BF000007CA
(1790952718.260222) can0 2A6#FFFFF847FFFFFA7E
(1790952718.260348) can0 2A7#00005689FFFFF5D5
(1790952718.264662) can0 2A1#0100010000000000
(1790952718.264773) can0 2A2#0000D2B4000003FE
(1790952718.264897) can0 2A3#0002DF34FFFD737C
(1790952718.264996) can0 2A4#00011AB6FFFD7B76
(1790952718.265121) can0 2A5#000007BF000007CA
(1790952718.265245) can0 2A6#FFFFF847FFFFFA7E
(1790952718.265373) can0 2A7#00005689FFFFF5D5
(1790952718.269672) can0 2A1#0100010000000000
(1790952718.269746) can0 2A2#0000D2B4000003FE
(1790952718.269872) can0 2A3#0002DF34FFFD737C
(1790952718.269997) can0 2A4#00011AB6FFFD7B76
(1790952718.270122) can0 2A5#000007BF000007CA
(1790952718.270221) can0 2A6#FFFFF847FFFFFA7E
(1790952718.270348) can0 2A7#00005689FFFFF5D5
(1790952718.274650) can0 2A1#0100010000000000
(1790952718.274770) can0 2A2#0000D2B4000003FE
(1790952718.274894) can0 2A3#0002DF34FFFD737C
(1790952718.274994) can0 2A4#00011AB6FFFD7B76
(1790952718.275119) can0 2A5#000007BF000007CA
(1790952718.275245) can0 2A6#FFFFF847FFFFFA7E
(1790952718.275372) can0 2A7#00005689FFFFF5D5
(1790952718.279662) can0 2A1#0100010000000000
(1790952718.279748) can0 2A2#0000D2B4000003FE
(1790952718.279873) can0 2A3#0002DF34FFFD737C
(1790952718.279996) can0 2A4#00011AB6FFFD7B76
(1790952718.280121) can0 2A5#000007BF000007CA
(1790952718.280248) can0 2A6#FFFFF847FFFFFA7E
(1790952718.280374) can0 2A7#00005689FFFFF5D5
(1790952718.284673) can0 2A1#0100010000000000
(1790952718.284773) can0 2A2#0000D2B4000003FE
(1790952718.284888) can0 2A3#0002DF34FFFD737C
(1790952718.285023) can0 2A4#00011AB6FFFD7B76
(1790952718.285150) can0 2A5#000007BF000007CA
(1790952718.285254) can0 2A6#FFFFF847FFFFFA7E
(1790952718.285373) can0 2A7#00005689FFFFF5D5
(1790952718.289674) can0 2A1#0100010000000000
(1790952718.289750) can0 2A2#0000D2B4000003FE
(1790952718.289879) can0 2A3#0002DF34FFFD737C
(1790952718.289999) can0 2A4#00011AB6FFFD7B76
(1790952718.290139) can0 2A5#000007BF000007CA
(1790952718.290247) can0 2A6#FFFFF847FFFFFA7E
(1790952718.290349) can0 2A7#00005689FFFFF5D5
(1790952718.294680) can0 2A1#0100010000000000
(1790952718.294769) can0 2A2#0000D2B4000003FE
(1790952718.294895) can0 2A3#0002DF34FFFD737C
(1790952718.294996) can0 2A4#00011AB6FFFD7B76
(1790952718.295146) can0 2A5#000007BF000007CA
(1790952718.295246) can0 2A6#FFFFF847FFFFFA7E
(1790952718.295372) can0 2A7#00005689FFFFF5D5
(1790952718.299655) can0 2A1#0100010000000000
(1790952718.299771) can0 2A2#0000D2B4000003FE
(1790952718.299872) can0 2A3#0002DF34FFFD737C
(1790952718.299996) can0 2A4#00011AB6FFFD7B76
(1790952718.300120) can0 2A5#000007BF000007CA
(1790952718.300222) can0 2A6#FFFFF847FFFFFA7E
(1790952718.300345) can0 2A7#00005689FFFFF5D5
(1790952718.304662) can0 2A1#0100010000000000
(1790952718.304771) can0 2A2#0000D2B4000003FE
(1790952718.304897) can0 2A3#0002DF34FFFD737C
(1790952718.305006) can0 2A4#00011AB6FFFD7B76
(1790952718.305151) can0 2A5#000007BF000007CA
(1790952718.305245) can0 2A6#FFFFF847FFFFFA7E
(1790952718.305371) can0 2A7#00005689FFFFF5D5
(1790952718.309654) can0 2A1#0100010000000000
(1790952718.309768) can0 2A2#0000D2B4000003FE
(1790952718.309871) can0 2A3#0002DF34FFFD737C
(1790952718.309996) can0 2A4#00011AB6FFFD7B76
(1790952718.310120) can0 2A5#000007BF000007CA
(1790952718.310246) can0 2A6#FFFFF847FFFFFA7E
(1790952718.310344) can0 2A7#00005689FFFFF5D5
(1790952718.314651) can0 2A1#0100010000000000
(1790952718.314771) can0 2A2#0000D2B4000003FE
(1790952718.314921) can0 2A3#0002DF34FFFD737C
(1790952718.314995) can0 2A4#00011AB6FFFD7B76
(1790952718.315122) can0 2A5#000007BF000007CA
(1790952718.315247) can0 2A6#FFFFF847FFFFFA7E
(1790952718.315375) can0 2A7#00005689FFFFF5D5
(1790952718.319632) can0 2A1#0100010000000000
(1790952718.319747) can0 2A2#0000D2B4000003FE
(1790952718.319896) can0 2A3#0002DF34FFFD737C
(1790952718.319995) can0 2A4#00011AB6FFFD7B76
(1790952718.320130) can0 2A5#000007BF000007CA
(1790952718.320220) can0 2A6#FFFFF847FFFFFA7E
(1790952718.320347) can0 2A7#00005689FFFFF5D5
(1790952718.324661) can0 2A1#0100010000000000
(1790952718.324773) can0 2A2#0000D2B4000003FE
(1790952718.324898) can0 2A3#0002DF34FFFD737C
(1790952718.324996) can0 2A4#00011AB6FFFD7B76
(1790952718.325121) can0 2A5#000007BF000007CA
(1790952718.325247) can0 2A6#FFFFF847FFFFFA7E
(1790952718.325370) can0 2A7#00005689FFFFF5D5
(1790952718.329645) can0 2A1#0100010000000000
(1790952718.329744) can0 2A2#0000D2B4000003FE
(1790952718.329870) can0 2A3#0002DF34FFFD737C
(1790952718.329996) can0 2A4#00011AB6FFFD7B76
(1790952718.330127) can0 2A5#000007BF000007CA
(1790952718.330247) can0 2A6#FFFFF847FFFFFA7E
(1790952718.330371) can0 2A7#00005689FFFFF5D5
(1790952718.334673) can0 2A1#0100010000000000
(1790952718.334771) can0 2A2#0000D2B4000003FE
(1790952718.334899) can0 2A3#0002DF34FFFD737C
(1790952718.334997) can0 2A4#00011AB6FFFD7B76
(1790952718.335120) can0 2A5#000007BF000007CA
(1790952718.335247) can0 2A6#FFFFF847FFFFFA7E
(1790952718.335373) can0 2A7#00005689FFFFF5D5
(1790952718.339655) can0 2A1#0100010000000000
(1790952718.339745) can0 2A2#0000D2B4000003FE
(1790952718.339874) can0 2A3#0002DF34FFFD737C
(1790952718.339998) can0 2A4#00011AB6FFFD7B76
(1790952718.340123) can0 2A5#000007BF000007CA
(1790952718.340247) can0 2A6#FFFFF847FFFFFA7E
(1790952718.340374) can0 2A7#00005689FFFFF5D5
(1790952718.344656) can0 2A1#0100010000000000
(1790952718.344770) can0 2A2#0000D2B4000003FE
(1790952718.344897) can0 2A3#0002DF34FFFD737C
(1790952718.344995) can0 2A4#00011AB6FFFD7B76
(1790952718.345122) can0 2A5#000007BF000007CA
(1790952718.345247) can0 2A6#FFFFF847FFFFFA7E
(1790952718.345373) can0 2A7#00005689FFFFF5D5
(1790952718.349673) can0 2A1#0100010000000000
(1790952718.349773) can0 2A2#0000D2B4000003FE
(1790952718.349871) can0 2A3#0002DF34FFFD737C
(1790952718.349997) can0 2A4#00011AB6FFFD7B76
(1790952718.350123) can0 2A5#000007BF000007CA
(1790952718.350247) can0 2A6#FFFFF847FFFFFA7E
(1790952718.350348) can0 2A7#00005689FFFFF5D5
(1790952718.354654) can0 2A1#0100010000000000
(1790952718.354776) can0 2A2#0000D2B4000003FE
(1790952718.354898) can0 2A3#0002DF34FFFD737C
(1790952718.355023) can0 2A4#00011AB6FFFD7B76
(1790952718.355148) can0 2A5#000007BF000007CA
(1790952718.355248) can0 2A6#FFFFF847FFFFFA7E
(1790952718.355373) can0 2A7#00005689FFFFF5D5
(1790952718.359654) can0 2A1#0100010000000000
(1790952718.359775) can0 2A2#0000D2B4000003FE
(1790952718.359897) can0 2A3#0002DF34FFFD737C
(1790952718.360237) can0 2A4#00011AB6FFFD7B76
(1790952718.360240) can0 2A5#000007BF000007CA
(1790952718.360241) can0 2A6#FFFFF847FFFFFA7E
(1790952718.360374) can0 2A7#00005689FFFFF5D5
(1790952718.364658) can0 2A1#0100010000000000
(1790952718.364774) can0 2A2#0000D2B4000003FE
(1790952718.364900) can0 2A3#0002DF34FFFD737C
(1790952718.364997) can0 2A4#00011AB6FFFD7B76
(1790952718.365122) can0 2A5#000007BF000007CA
(1790952718.365252) can0 2A6#FFFFF847FFFFFA7E
(1790952718.365375) can0 2A7#00005689FFFFF5D5
(1790952718.369659) can0 2A1#0100010000000000
(1790952718.369773) can0 2A2#0000D2B4000003FE
(1790952718.369872) can0 2A3#0002DF34FFFD737C
(1790952718.369997) can0 2A4#00011AB6FFFD7B76
(1790952718.370097) can0 2A5#000007BF000007CA
(1790952718.370248) can0 2A6#FFFFF847FFFFFA7E
(1790952718.370373) can0 2A7#00005689FFFFF5D5
(1790952718.374664) can0 2A1#0100010000000000
(1790952718.374830) can0 2A2#0000D2B4000003FE
(1790952718.374899) can0 2A3#0002DF34FFFD737C
(1790952718.374998) can0 2A4#00011AB6FFFD7B76
(1790952718.375147) can0 2A5#000007BF000007CA
(1790952718.375247) can0 2A6#FFFFF847FFFFFA7E
(1790952718.375371) can0 2A7#00005689FFFFF5D5
(1790952718.379648) can0 2A1#0100010000000000
(1790952718.379745) can0 2A2#0000D2B4000003FE
(1790952718.380221) can0 2A3#0002DF34FFFD737C
(1790952718.380224) can0 2A4#00011AB6FFFD7B76
(1790952718.380225) can0 2A5#000007BF000007CA
(1790952718.380245) can0 2A6#FFFFF847FFFFFA7E
(1790952718.380373) can0 2A7#00005689FFFFF5D5
(1790952718.384676) can0 2A1#0100010000000000
(1790952718.384783) can0 2A2#0000D2B4000003FE
(1790952718.384897) can0 2A3#0002DF34FFFD737C
(1790952718.384995) can0 2A4#00011AB6FFFD7B76
(1790952718.385145) can0 2A5#000007BF000007CA
(1790952718.385245) can0 2A6#FFFFF847FFFFFA7E
(1790952718.385371) can0 2A7#00005689FFFFF5D5
(1790952718.389658) can0 2A1#0100010000000000
(1790952718.389770) can0 2A2#0000D2B4000003FE
(1790952718.389873) can0 2A3#0002DF34FFFD737C
(1790952718.389996) can0 2A4#00011AB6FFFD7B76
(1790952718.390122) can0 2A5#000007BF000007CA
(1790952718.390222) can0 2A6#FFFFF847FFFFFA7E
(1790952718.390347) can0 2A7#00005689FFFFF5D5
(1790952718.394660) can0 2A1#0100010000000000
(1790952718.394772) can0 2A2#0000D2B4000003FE
(1790952718.394898) can0 2A3#0002DF34FFFD737C
(1790952718.394996) can0 2A4#00011AB6FFFD7B76
(1790952718.395122) can0 2A5#000007BF000007CA
(1790952718.395248) can0 2A6#FFFFF847FFFFFA7E
(1790952718.395373) can0 2A7#00005689FFFFF5D5
(1790952718.399638) can0 2A1#0100010000000000
(1790952718.399776) can0 2A2#0000D2B4000003FE
(1790952718.399901) can0 2A3#0002DF34FFFD737C
(1790952718.400000) can0 2A4#00011AB6FFFD7B76
(1790952718.400123) can0 2A5#000007BF000007CA
(1790952718.400224) can0 2A6#FFFFF847FFFFFA7E
(1790952718.400348) can0 2A7#00005689FFFFF5D5
(1790952718.404689) can0 2A1#0100010000000000
(1790952718.404781) can0 2A2#0000D2B4000003FE
(1790952718.404896) can0 2A3#0002DF34FFFD737C
(1790952718.404996) can0 2A4#00011AB6FFFD7B76
(1790952718.405122) can0 2A5#000007BF000007CA
(1790952718.405248) can0 2A6#FFFFF847FFFFFA7E
(1790952718.405370) can0 2A7#00005689FFFFF5D5
(1790952718.409637) can0 2A1#0100010000000000
(1790952718.409770) can0 2A2#0000D2B4000003FE
(1790952718.409898) can0 2A3#0002DF34FFFD737C
(1790952718.409998) can0 2A4#00011AB6FFFD7B76
(1790952718.410120) can0 2A5#000007BF000007CA
(1790952718.410220) can0 2A6#FFFFF847FFFFFA7E
(1790952718.410349) can0 2A7#00005689FFFFF5D5
(1790952718.414657) can0 2A1#0100010000000000
(1790952718.414773) can0 2A2#0000D2B4000003FE
(1790952718.414898) can0 2A3#0002DF34FFFD737C
(1790952718.414999) can0 2A4#00011AB6FFFD7B76
(1790952718.415122) can0 2A5#000007BF000007CA
(1790952718.415250) can0 2A6#FFFFF847FFFFFA7E
(1790952718.415376) can0 2A7#00005689FFFFF5D5
(1790952718.419649) can0 2A1#0100010000000000
(1790952718.419753) can0 2A2#0000D2B4000003FE
(1790952718.419888) can0 2A3#0002DF34FFFD737C
(1790952718.420000) can0 2A4#00011AB6FFFD7B76
(1790952718.420123) can0 2A5#000007BF000007CA
(1790952718.420246) can0 2A6#FFFFF847FFFFFA7E
(1790952718.420346) can0 2A7#00005689FFFFF5D5
(1790952718.424653) can0 2A1#0100010000000000
(1790952718.424780) can0 2A2#0000D2B4000003FE
(1790952718.424899) can0 2A3#0002DF34FFFD737C
(1790952718.425024) can0 2A4#00011AB6FFFD7B76
(1790952718.425148) can0 2A5#000007BF000007CA
(1790952718.425246) can0 2A6#FFFFF847FFFFFA7E
(1790952718.425371) can0 2A7#00005689FFFFF5D5
(1790952718.429651) can0 2A1#0100010000000000
(1790952718.429747) can0 2A2#0000D2B4000003FE
(1790952718.429873) can0 2A3#0002DF34FFFD737C
(1790952718.429998) can0 2A4#00011AB6FFFD7B76
(1790952718.430120) can0 2A5#000007BF000007CA
(1790952718.430250) can0 2A6#FFFFF847FFFFFA7E
(1790952718.430348) can0 2A7#00005689FFFFF5D5
(1790952718.434670) can0 2A1#0100010000000000
(1790952718.434775) can0 2A2#0000D2B4000003FE
(1790952718.434898) can0 2A3#0002DF34FFFD737C
(1790952718.435022) can0 2A4#00011AB6FFFD7B76
(1790952718.435148) can0 2A5#000007BF000007CA
(1790952718.435247) can0 2A6#FFFFF847FFFFFA7E
(1790952718.435376) can0 2A7#00005689FFFFF5D5
(1790952718.439670) can0 2A1#0100010000000000
(1790952718.439771) can0 2A2#0000D2B4000003FE
(1790952718.439874) can0 2A3#0002DF34FFFD737C
(1790952718.439997) can0 2A4#00011AB6FFFD7B76
(1790952718.440139) can0 2A5#000007BF000007CA
(1790952718.440247) can0 2A6#FFFFF847FFFFFA7E
(1790952718.440375) can0 2A7#00005689FFFFF5D5
(1790952718.444663) can0 2A1#0100010000000000
(1790952718.444773) can0 2A2#0000D2B4000003FE
(1790952718.444906) can0 2A3#0002DF34FFFD737C
(1790952718.444997) can0 2A4#00011AB6FFFD7B76
(1790952718.445147) can0 2A5#000007BF000007CA
(1790952718.445247) can0 2A6#FFFFF847FFFFFA7E
(1790952718.445373) can0 2A7#00005689FFFFF5D5
(1790952718.449664) can0 2A1#0100010000000000
(1790952718.449772) can0 2A2#0000D2B4000003FE
(1790952718.449873) can0 2A3#0002DF34FFFD737C
(1790952718.449999) can0 2A4#00011AB6FFFD7B76
(1790952718.450124) can0 2A5#000007BF000007CA
(1790952718.450224) can0 2A6#FFFFF847FFFFFA7E
(1790952718.450348) can0 2A7#00005689FFFFF5D5
(1790952718.454657) can0 2A1#0100010000000000
(1790952718.454771) can0 2A2#0000D2B4000003FE
(1790952718.454896) can0 2A3#0002DF34FFFD737C
(1790952718.454997) can0 2A4#00011AB6FFFD7B76
(1790952718.455121) can0 2A5#000007BF000007CA
(1790952718.455247) can0 2A6#FFFFF847FFFFFA7E
(1790952718.455371) can0 2A7#00005689FFFFF5D5
(1790952718.459678) can0 2A1#0100010000000000
(1790952718.459748) can0 2A2#0000D2B4000003FE
(1790952718.459897) can0 2A3#0002DF34FFFD737C
(1790952718.459996) can0 2A4#00011AB6FFFD7B76
(1790952718.460124) can0 2A5#000007BF000007CA
(1790952718.460247) can0 2A6#FFFFF847FFFFFA7E
(1790952718.460346) can0 2A7#00005689FFFFF5D5
(1790952718.464658) can0 2A1#0100010000000000
(1790952718.464772) can0 2A2#0000D2B4000003FE
(1790952718.464897) can0 2A3#0002DF34FFFD737C
(1790952718.464996) can0 2A4#00011AB6FFFD7B76
(1790952718.465123) can0 2A5#000007BF000007CA
(1790952718.465247) can0 2A6#FFFFF847FFFFFA7E
(1790952718.465373) can0 2A7#00005689FFFFF5D5
(1790952718.469652) can0 2A1#0100010000000000
(1790952718.469746) can0 2A2#0000D2B4000003FE
(1790952718.469870) can0 2A3#0002DF34FFFD737C
(1790952718.469994) can0 2A4#00011AB6FFFD7B76
(1790952718.470120) can0 2A5#000007BF000007CA
(1790952718.470245) can0 2A6#FFFFF847FFFFFA7E
(1790952718.470346) can0 2A7#00005689FFFFF5D5
(1790952718.474670) can0 2A1#0100010000000000
(1790952718.474772) can0 2A2#0000D2B4000003FE
(1790952718.474897) can0 2A3#0002DF34FFFD737C
(1790952718.475023) can0 2A4#00011AB6FFFD7B76
(1790952718.475148) can0 2A5#000007BF000007CA
(1790952718.475246) can0 2A6#FFFFF847FFFFFA7E
(1790952718.475371) can0 2A7#00005689FFFFF5D5
(1790952718.479625) can0 2A1#0100010000000000
(1790952718.479771) can0 2A2#0000D2B4000003FE
(1790952718.479898) can0 2A3#0002DF34FFFD737C
(1790952718.479997) can0 2A4#00011AB6FFFD7B76
(1790952718.480130) can0 2A5#000007BF000007CA
(1790952718.480247) can0 2A6#FFFFF847FFFFFA7E
(1790952718.480346) can0 2A7#00005689FFFFF5D5
(1790952718.484680) can0 2A1#0100010000000000
(1790952718.484770) can0 2A2#0000D2B4000003FE
(1790952718.484897) can0 2A3#0002DF34FFFD737C
(1790952718.484997) can0 2A4#00011AB6FFFD7B76
(1790952718.485146) can0 2A5#000007BF000007CA
(1790952718.485245) can0 2A6#FFFFF847FFFFFA7E
(1790952718.485372) can0 2A7#00005689FFFFF5D5
(1790952718.489656) can0 2A1#0100010000000000
(1790952718.489770) can0 2A2#0000D2B4000003FE
(1790952718.489897) can0 2A3#0002DF34FFFD737C
(1790952718.489996) can0 2A4#00011AB6FFFD7B76
(1790952718.490121) can0 2A5#000007BF000007CA
(1790952718.490222) can0 2A6#FFFFF847FFFFFA7E
(1790952718.490347) can0 2A7#00005689FFFFF5D5
(1790952718.494675) can0 2A1#0100010000000000
(1790952718.494771) can0 2A2#0000D2B4000003FE
(1790952718.494895) can0 2A3#0002DF34FFFD737C
(1790952718.494995) can0 2A4#00011AB6FFFD7B76
(1790952718.495120) can0 2A5#000007BF000007CA
(1790952718.495247) can0 2A6#FFFFF847FFFFFA7E
(1790952718.495373) can0 2A7#00005689FFFFF5D5
(1790952718.499667) can0 2A1#0100010000000000
(1790952718.499770) can0 2A2#0000D2B4000003FE
(1790952718.499872) can0 2A3#0002DF34FFFD737C
(1790952718.499996) can0 2A4#00011AB6FFFD7B76
(1790952718.500121) can0 2A5#000007BF000007CA
(1790952718.500222) can0 2A6#FFFFF847FFFFFA7E
(1790952718.500348) can0 2A7#00005689FFFFF5D5
(1790952718.504649) can0 2A1#0100010000000000
(1790952718.504773) can0 2A2#0000D2B4000003FE
(1790952718.504897) can0 2A3#0002DF34FFFD737C
(1790952718.504995) can0 2A4#00011AB6FFFD7B76
(1790952718.505122) can0 2A5#000007BF000007CA
(1790952718.505247) can0 2A6#FFFFF847FFFFFA7E
(1790952718.505371) can0 2A7#00005689FFFFF5D5
(1790952718.509651) can0 2A1#0100010000000000
(1790952718.509769) can0 2A2#0000D2B4000003FE
(1790952718.509879) can0 2A3#0002DF34FFFD737C
(1790952718.509998) can0 2A4#00011AB6FFFD7B76
(1790952718.510120) can0 2A5#000007BF000007CA
(1790952718.510222) can0 2A6#FFFFF847FFFFFA7E
(1790952718.510346) can0 2A7#00005689FFFFF5D5
(1790952718.514655) can0 2A1#0100010000000000
(1790952718.514783) can0 2A2#0000D2B4000003FE
(1790952718.514915) can0 2A3#0002DF34FFFD737C
(1790952718.515007) can0 2A4#00011AB6FFFD7B76
(1790952718.515119) can0 2A5#000007BF000007CA
(1790952718.515246) can0 2A6#FFFFF847FFFFFA7E
(1790952718.515374) can0 2A7#00005689FFFFF5D5
(1790952718.519657) can0 2A1#0100010000000000
(1790952718.519772) can0 2A2#0000D2B4000003FE
(1790952718.519882) can0 2A3#0002DF34FFFD737C
(1790952718.519999) can0 2A4#00011AB6FFFD7B76
(1790952718.520137) can0 2A5#000007BF000007CA
(1790952718.520257) can0 2A6#FFFFF847FFFFFA7E
(1790952718.520375) can0 2A7#00005689FFFFF5D5
(1790952718.524668) can0 2A1#0100010000000000
(1790952718.524774) can0 2A2#0000D2B4000003FE
(1790952718.524897) can0 2A3#0002DF34FFFD737C
(1790952718.524997) can0 2A4#00011AB6FFFD7B76
(1790952718.525123) can0 2A5#000007BF000007CA
(1790952718.525247) can0 2A6#FFFFF847FFFFFA7E
(1790952718.525370) can0 2A7#00005689FFFFF5D5
(1790952718.529646) can0 2A1#0100010000000000
(1790952718.529769) can0 2A2#0000D2B4000003FE
(1790952718.529871) can0 2A3#0002DF34FFFD737C
(1790952718.529997) can0 2A4#00011AB6FFFD7B76
(1790952718.530121) can0 2A5#000007BF000007CA
(1790952718.530245) can0 2A6#FFFFF847FFFFFA7E
(1790952718.530372) can0 2A7#00005689FFFFF5D5
(1790952718.534667) can0 2A1#0100010000000000
(1790952718.534770) can0 2A2#0000D2B4000003FE
(1790952718.534899) can0 2A3#0002DF34FFFD737C
(1790952718.534995) can0 2A4#00011AB6FFFD7B76
(1790952718.535119) can0 2A5#000007BF000007CA
(1790952718.535247) can0 2A6#FFFFF847FFFFFA7E
(1790952718.535372) can0 2A7#00005689FFFFF5D5
(1790952718.539652) can0 2A1#0100010000000000
(1790952718.539746) can0 2A2#0000D2B4000003FE
(1790952718.539871) can0 2A3#0002DF34FFFD737C
(1790952718.539996) can0 2A4#00011AB6FFFD7B76
(1790952718.540123) can0 2A5#000007BF000007CA
(1790952718.540246) can0 2A6#FFFFF847FFFFFA7E
(1790952718.540347) can0 2A7#00005689FFFFF5D5
(1790952718.544653) can0 2A1#0100010000000000
(1790952718.544773) can0 2A2#0000D2B4000003FE
(1790952718.544896) can0 2A3#0002DF34FFFD737C
(1790952718.545023) can0 2A4#00011AB6FFFD7B76
(1790952718.545146) can0 2A5#000007BF000007CA
(1790952718.545248) can0 2A6#FFFFF847FFFFFA7E
(1790952718.545371) can0 2A7#00005689FFFFF5D5
(1790952718.549679) can0 2A1#0100010000000000
(1790952718.549770) can0 2A2#0000D2B4000003FE
(1790952718.549871) can0 2A3#0002DF34FFFD737C
(1790952718.549995) can0 2A4#00011AB6FFFD7B76
(1790952718.550121) can0 2A5#000007BF000007CA
(1790952718.550246) can0 2A6#FFFFF847FFFFFA7E
(1790952718.550348) can0 2A7#00005689FFFFF5D5
(1790952718.554657) can0 2A1#0100010000000000
(1790952718.554778) can0 2A2#0000D2B4000003FE
(1790952718.554896) can0 2A3#0002DF34FFFD737C
(1790952718.555021) can0 2A4#00011AB6FFFD7B76
(1790952718.555145) can0 2A5#000007BF000007CA
(1790952718.555246) can0 2A6#FFFFF847FFFFFA7E
(1790952718.555371) can0 2A7#00005689FFFFF5D5
(1790952718.559664) can0 2A1#0100010000000000
(1790952718.559771) can0 2A2#0000D2B4000003FE
(1790952718.559879) can0 2A3#0002DF34FFFD737C
(1790952718.559995) can0 2A4#00011AB6FFFD7B76
(1790952718.560127) can0 2A5#000007BF000007CA
(1790952718.560221) can0 2A6#FFFFF847FFFFFA7E
(1790952718.560348) can0 2A7#00005689FFFFF5D5
(1790952718.564665) can0 2A1#0100010000000000
(1790952718.564774) can0 2A2#0000D2B4000003FE
(1790952718.564897) can0 2A3#0002DF34FFFD737C
(1790952718.564997) can0 2A4#00011AB6FFFD7B76
(1790952718.565122) can0 2A5#000007BF000007CA
(1790952718.565247) can0 2A6#FFFFF847FFFFFA7E
(1790952718.565372) can0 2A7#00005689FFFFF5D5
(1790952718.569657) can0 2A1#0100010000000000
(1790952718.569770) can0 2A2#0000D2B4000003FE
(1790952718.569871) can0 2A3#0002DF34FFFD737C
(1790952718.569996) can0 2A4#00011AB6FFFD7B76
(1790952718.570121) can0 2A5#000007BF000007CA
(1790952718.570246) can0 2A6#FFFFF847FFFFFA7E
(1790952718.570371) can0 2A7#00005689FFFFF5D5
(1790952718.574650) can0 2A1#0100010000000000
(1790952718.574777) can0 2A2#0000D2B4000003FE
(1790952718.574897) can0 2A3#0002DF34FFFD737C
(1790952718.574996) can0 2A4#00011AB6FFFD7B76
(1790952718.575145) can0 2A5#000007BF000007CA
(1790952718.575245) can0 2A6#FFFFF847FFFFFA7E
(1790952718.575372) can0 2A7#00005689FFFFF5D5
(1790952718.579650) can0 2A1#0100010000000000
(1790952718.579771) can0 2A2#0000D2B4000003FE
(1790952718.579871) can0 2A3#0002DF34FFFD737C
(1790952718.579997) can0 2A4#00011AB6FFFD7B76
(1790952718.580121) can0 2A5#000007BF000007CA
(1790952718.580246) can0 2A6#FFFFF847FFFFFA7E
(1790952718.580370) can0 2A7#00005689FFFFF5D5
(1790952718.584684) can0 2A1#0100010000000000
(1790952718.584772) can0 2A2#0000D2B4000003FE
(1790952718.584898) can0 2A3#0002DF34FFFD737C
(1790952718.584998) can0 2A4#00011AB6FFFD7B76
(1790952718.585122) can0 2A5#000007BF000007CA
(1790952718.585247) can0 2A6#FFFFF847FFFFFA7E
(1790952718.585385) can0 2A7#00005689FFFFF5D5
(1790952718.589652) can0 2A1#0100010000000000
(1790952718.589746) can0 2A2#0000D2B4000003FE
(1790952718.589897) can0 2A3#0002DF34FFFD737C
(1790952718.589996) can0 2A4#00011AB6FFFD7B76
(1790952718.590122) can0 2A5#000007BF000007CA
(1790952718.590247) can0 2A6#FFFFF847FFFFFA7E
(1790952718.590346) can0 2A7#00005689FFFFF5D5
(1790952718.594656) can0 2A1#0100010000000000
(1790952718.594774) can0 2A2#0000D2B4000003FE
(1790952718.594898) can0 2A3#0002DF34FFFD737C
(1790952718.595022) can0 2A4#00011AB6FFFD7B76
(1790952718.595147) can0 2A5#000007BF000007CA
(1790952718.595245) can0 2A6#FFFFF847FFFFFA7E
(1790952718.595370) can0 2A7#00005689FFFFF5D5
(1790952718.599666) can0 2A1#0100010000000000
(1790952718.599772) can0 2A2#0000D2B4000003FE
(1790952718.599899) can0 2A3#0002DF34FFFD737C
(1790952718.599995) can0 2A4#00011AB6FFFD7B76
(1790952718.600128) can0 2A5#000007BF000007CA
(1790952718.600245) can0 2A6#FFFFF847FFFFFA7E
(1790952718.600346) can0 2A7#00005689FFFFF5D5
(1790952718.604652) can0 2A1#0100010000000000
(1790952718.604776) can0 2A2#0000D2B4000003FE
(1790952718.604896) can0 2A3#0002DF34FFFD737C
(1790952718.605021) can0 2A4#00011AB6FFFD7B76
(1790952718.605146) can0 2A5#000007BF000007CA
(1790952718.605246) can0 2A6#FFFFF847FFFFFA7E
(1790952718.605371) can0 2A7#00005689FFFFF5D5
(1790952718.609661) can0 2A1#0100010000000000
(1790952718.609770) can0 2A2#0000D2B4000003FE
(1790952718.609872) can0 2A3#0002DF34FFFD737C
(1790952718.609997) can0 2A4#00011AB6FFFD7B76
(1790952718.610122) can0 2A5#000007BF000007CA
(1790952718.610222) can0 2A6#FFFFF847FFFFFA7E
(1790952718.610345) can0 2A7#00005689FFFFF5D5
(1790952718.614658) can0 2A1#0100010000000000
(1790952718.614773) can0 2A2#0000D2B4000003FE
(1790952718.614898) can0 2A3#0002DF34FFFD737C
(1790952718.614997) can0 2A4#00011AB6FFFD7B76
(1790952718.615121) can0 2A5#000007BF000007CA
(1790952718.615248) can0 2A6#FFFFF847FFFFFA7E
(1790952718.615371) can0 2A7#00005689FFFFF5D5
(1790952718.619656) can0 2A1#0100010000000000
(1790952718.619769) can0 2A2#0000D2B4000003FE
(1790952718.619882) can0 2A3#0002DF34FFFD737C
(1790952718.619996) can0 2A4#00011AB6FFFD7B76
(1790952718.620121) can0 2A5#000007BF000007CA
(1790952718.620246) can0 2A6#FFFFF847FFFFFA7E
(1790952718.620373) can0 2A7#00005689FFFFF5D5
(1790952718.624662) can0 2A1#0100010000000000
(1790952718.624775) can0 2A2#0000D2B4000003FE
(1790952718.624897) can0 2A3#0002DF34FFFD737C
(1790952718.625024) can0 2A4#00011AB6FFFD7B76
(1790952718.625145) can0 2A5#000007BF000007CA
(1790952718.625247) can0 2A6#FFFFF847FFFFFA7E
(1790952718.625372) can0 2A7#00005689FFFFF5D5
(1790952718.629645) can0 2A1#0100010000000000
(1790952718.629773) can0 2A2#0000D2B4000003FE
(1790952718.629896) can0 2A3#0002DF34FFFD737C
(1790952718.629995) can0 2A4#00011AB6FFFD7B76
(1790952718.630123) can0 2A5#000007BF000007CA
(1790952718.630260) can0 2A6#FFFFF847FFFFFA7E
(1790952718.630347) can0 2A7#00005689FFFFF5D5
(1790952718.634659) can0 2A1#0100010000000000
(1790952718.634770) can0 2A2#0000D2B4000003FE
(1790952718.634896) can0 2A3#0002DF34FFFD737C
(1790952718.635021) can0 2A4#00011AB6FFFD7B76
(1790952718.635121) can0 2A5#000007BF000007CA
(1790952718.635247) can0 2A6#FFFFF847FFFFFA7E
(1790952718.635373) can0 2A7#00005689FFFFF5D5
(1790952718.639651) can0 2A1#0100010000000000
(1790952718.639745) can0 2A2#0000D2B4000003FE
(1790952718.639897) can0 2A3#0002DF34FFFD737C
(1790952718.639996) can0 2A4#00011AB6FFFD7B76
(1790952718.640126) can0 2A5#000007BF000007CA
(1790952718.640246) can0 2A6#FFFFF847FFFFFA7E
(1790952718.640344) can0 2A7#00005689FFFFF5D5
(1790952718.644670) can0 2A1#0100010000000000
(1790952718.644770) can0 2A2#0000D2B4000003FE
(1790952718.644896) can0 2A3#0002DF34FFFD737C
(1790952718.645021) can0 2A4#00011AB6FFFD7B76
(1790952718.645148) can0 2A5#000007BF000007CA
(1790952718.645246) can0 2A6#FFFFF847FFFFFA7E
(1790952718.645372) can0 2A7#00005689FFFFF5D5
(1790952718.649662) can0 2A1#0100010000000000
(1790952718.649770) can0 2A2#0000D2B4000003FE
(1790952718.649872) can0 2A3#0002DF34FFFD737C
(1790952718.649996) can0 2A4#00011AB6FFFD7B76
(1790952718.650122) can0 2A5#000007BF000007CA
(1790952718.650246) can0 2A6#FFFFF847FFFFFA7E
(1790952718.650372) can0 2A7#00005689FFFFF5D5
(1790952718.654657) can0 2A1#0100010000000000
(1790952718.654769) can0 2A2#0000D2B4000003FE
(1790952718.654873) can0 2A3#0002DF34FFFD737C
(1790952718.655022) can0 2A4#00011AB6FFFD7B76
(1790952718.655147) can0 2A5#000007BF000007CA
(1790952718.655247) can0 2A6#FFFFF847FFFFFA7E
(1790952718.655373) can0 2A7#00005689FFFFF5D5
(1790952718.659651) can0 2A1#0100010000000000
(1790952718.659769) can0 2A2#0000D2B4000003FE
(1790952718.659874) can0 2A3#0002DF34FFFD737C
(1790952718.659997) can0 2A4#00011AB6FFFD7B76
(1790952718.660121) can0 2A5#000007BF000007CA
(1790952718.660222) can0 2A6#FFFFF847FFFFFA7E
(1790952718.660347) can0 2A7#00005689FFFFF5D5
(1790952718.664699) can0 2A1#0100010000000000
(1790952718.664772) can0 2A2#0000D2B4000003FE
(1790952718.664900) can0 2A3#0002DF34FFFD737C
(1790952718.665023) can0 2A4#00011AB6FFFD7B76
(1790952718.665134) can0 2A5#000007BF000007CA
(1790952718.665248) can0 2A6#FFFFF847FFFFFA7E
(1790952718.665377) can0 2A7#00005689FFFFF5D5
(1790952718.669660) can0 2A1#0100010000000000
(1790952718.669746) can0 2A2#0000D2B4000003FE
(1790952718.669872) can0 2A3#0002DF34FFFD737C
(1790952718.669995) can0 2A4#00011AB6FFFD7B76
(1790952718.670121) can0 2A5#000007BF000007CA
(1790952718.670245) can0 2A6#FFFFF847FFFFFA7E
(1790952718.670347) can0 2A7#00005689FFFFF5D5
(1790952718.674664) can0 2A1#0100010000000000
(1790952718.674770) can0 2A2#0000D2B4000003FE
(1790952718.674896) can0 2A3#0002DF34FFFD737C
(1790952718.675020) can0 2A4#00011AB6FFFD7B76
(1790952718.675121) can0 2A5#000007BF000007CA
(1790952718.675245) can0 2A6#FFFFF847FFFFFA7E
(1790952718.675373) can0 2A7#00005689FFFFF5D5
(1790952718.679648) can0 2A1#0100010000000000
(1790952718.679772) can0 2A2#0000D2B4000003FE
(1790952718.679870) can0 2A3#0002DF34FFFD737C
(1790952718.679995) can0 2A4#00011AB6FFFD7B76
(1790952718.680122) can0 2A5#000007BF000007CA
(1790952718.680246) can0 2A6#FFFFF847FFFFFA7E
(1790952718.680374) can0 2A7#00005689FFFFF5D5
(1790952718.684688) can0 2A1#0100010000000000
(1790952718.684772) can0 2A2#0000D2B4000003FE
(1790952718.684897) can0 2A3#0002DF34FFFD737C
(1790952718.685021) can0 2A4#00011AB6FFFD7B76
(1790952718.685121) can0 2A5#000007BF000007CA
(1790952718.685247) can0 2A6#FFFFF847FFFFFA7E
(1790952718.685372) can0 2A7#00005689FFFFF5D5
(1790952718.689625) can0 2A1#0100010000000000
(1790952718.689770) can0 2A2#0000D2B4000003FE
(1790952718.689897) can0 2A3#0002DF34FFFD737C
(1790952718.689997) can0 2A4#00011AB6FFFD7B76
(1790952718.690128) can0 2A5#000007BF000007CA
(1790952718.690245) can0 2A6#FFFFF847FFFFFA7E
(1790952718.690348) can0 2A7#00005689FFFFF5D5
(1790952718.694659) can0 2A1#0100010000000000
(1790952718.694770) can0 2A2#0000D2B4000003FE
(1790952718.694897) can0 2A3#0002DF34FFFD737C
(1790952718.695022) can0 2A4#00011AB6FFFD7B76
(1790952718.695146) can0 2A5#000007BF000007CA
(1790952718.695247) can0 2A6#FFFFF847FFFFFA7E
(1790952718.695372) can0 2A7#00005689FFFFF5D5
(1790952718.699659) can0 2A1#0100010000000000
(1790952718.699746) can0 2A2#0000D2B4000003FE
(1790952718.699878) can0 2A3#0002DF34FFFD737C
(1790952718.699999) can0 2A4#00011AB6FFFD7B76
(1790952718.700121) can0 2A5#000007BF000007CA
(1790952718.700244) can0 2A6#FFFFF847FFFFFA7E
(1790952718.700347) can0 2A7#00005689FFFFF5D5
(1790952718.704649) can0 2A1#0100010000000000
(1790952718.704769) can0 2A2#0000D2B4000003FE
(1790952718.704897) can0 2A3#0002DF34FFFD737C
(1790952718.705021) can0 2A4#00011AB6FFFD7B76
(1790952718.705146) can0 2A5#000007BF000007CA
(1790952718.705246) can0 2A6#FFFFF847FFFFFA7E
(1790952718.705372) can0 2A7#00005689FFFFF5D5
(1790952718.709672) can0 2A1#0100010000000000
(1790952718.709745) can0 2A2#0000D2B4000003FE
(1790952718.709871) can0 2A3#0002DF34FFFD737C
(1790952718.709996) can0 2A4#00011AB6FFFD7B76
(1790952718.710119) can0 2A5#000007BF000007CA
(1790952718.710248) can0 2A6#FFFFF847FFFFFA7E
(1790952718.710347) can0 2A7#00005689FFFFF5D5
(1790952718.714657) can0 2A1#0100010000000000
(1790952718.714773) can0 2A2#0000D2B4000003FE
(1790952718.714898) can0 2A3#0002DF34FFFD737C
(1790952718.715023) can0 2A4#00011AB6FFFD7B76
(1790952718.715122) can0 2A5#000007BF000007CA
(1790952718.715246) can0 2A6#FFFFF847FFFFFA7E
(1790952718.715372) can0 2A7#00005689FFFFF5D5
(1790952718.719655) can0 2A1#0100010000000000
(1790952718.719744) can0 2A2#0000D2B4000003FE
(1790952718.719895) can0 2A3#0002DF34FFFD737C
(1790952718.719995) can0 2A4#00011AB6FFFD7B76
(1790952718.720120) can0 2A5#000007BF000007CA
(1790952718.720220) can0 2A6#FFFFF847FFFFFA7E
(1790952718.720346) can0 2A7#00005689FFFFF5D5
(1790952718.724702) can0 2A1#0100010000000000
(1790952718.724772) can0 2A2#0000D2B4000003FE
(1790952718.724896) can0 2A3#0002DF34FFFD737C
(1790952718.724996) can0 2A4#00011AB6FFFD7B76
(1790952718.725123) can0 2A5#000007BF000007CA
(1790952718.725246) can0 2A6#FFFFF847FFFFFA7E
(1790952718.725371) can0 2A7#00005689FFFFF5D5
(1790952718.729653) can0 2A1#0100010000000000
(1790952718.729770) can0 2A2#0000D2B4000003FE
(1790952718.729935) can0 2A3#0002DF34FFFD737C
(1790952718.729994) can0 2A4#00011AB6FFFD7B76
(1790952718.730127) can0 2A5#000007BF000007CA
(1790952718.730246) can0 2A6#FFFFF847FFFFFA7E
(1790952718.730374) can0 2A7#00005689FFFFF5D5
(1790952718.734650) can0 2A1#0100010000000000
(1790952718.734773) can0 2A2#0000D2B4000003FE
(1790952718.734884) can0 2A3#0002DF34FFFD737C
(1790952718.735023) can0 2A4#00011AB6FFFD7B76
(1790952718.735146) can0 2A5#000007BF000007CA
(1790952718.735247) can0 2A6#FFFFF847FFFFFA7E
(1790952718.735370) can0 2A7#00005689FFFFF5D5
(1790952718.739650) can0 2A1#0100010000000000
(1790952718.739770) can0 2A2#0000D2B4000003FE
(1790952718.739873) can0 2A3#0002DF34FFFD737C
(1790952718.739996) can0 2A4#00011AB6FFFD7B76
(1790952718.740121) can0 2A5#000007BF000007CA
(1790952718.740245) can0 2A6#FFFFF847FFFFFA7E
(1790952718.740371) can0 2A7#00005689FFFFF5D5
(1790952718.744653) can0 2A1#0100010000000000
(1790952718.744769) can0 2A2#0000D2B4000003FE
(1790952718.744897) can0 2A3#0002DF34FFFD737C
(1790952718.744994) can0 2A4#00011AB6FFFD7B76
(1790952718.745146) can0 2A5#000007BF000007CA
(1790952718.745247) can0 2A6#FFFFF847FFFFFA7E
(1790952718.745370) can0 2A7#00005689FFFFF5D5
(1790952718.749660) can0 2A1#0100010000000000
(1790952718.749772) can0 2A2#0000D2B4000003FE
(1790952718.749874) can0 2A3#0002DF34FFFD737C
(1790952718.749998) can0 2A4#00011AB6FFFD7B76
(1790952718.750121) can0 2A5#000007BF000007CA
(1790952718.750220) can0 2A6#FFFFF847FFFFFA7E
(1790952718.750346) can0 2A7#00005689FFFFF5D5
(1790952718.754681) can0 2A1#0100010000000000
(1790952718.754778) can0 2A2#0000D2B4000003FE
(1790952718.754897) can0 2A3#0002DF34FFFD737C
(1790952718.754995) can0 2A4#00011AB6FFFD7B76
(1790952718.755120) can0 2A5#000007BF000007CA
(1790952718.755251) can0 2A6#FFFFF847FFFFFA7E
(1790952718.755372) can0 2A7#00005689FFFFF5D5
(1790952718.759660) can0 2A1#0100010000000000
(1790952718.759773) can0 2A2#0000D2B4000003FE
(1790952718.759895) can0 2A3#0002DF34FFFD737C
(1790952718.759995) can0 2A4#00011AB6FFFD7B76
(1790952718.760122) can0 2A5#000007BF000007CA
(1790952718.760220) can0 2A6#FFFFF847FFFFFA7E
(1790952718.760347) can0 2A7#00005689FFFFF5D5
(1790952718.764678) can0 2A1#0100010000000000
(1790952718.764770) can0 2A2#0000D2B4000003FE
(1790952718.764898) can0 2A3#0002DF34FFFD737C
(1790952718.764995) can0 2A4#00011AB6FFFD7B76
(1790952718.765120) can0 2A5#000007BF000007CA
(1790952718.765273) can0 2A6#FFFFF847FFFFFA7E
(1790952718.765372) can0 2A7#00005689FFFFF5D5
(1790952718.769633) can0 2A1#0100010000000000
(1790952718.769770) can0 2A2#0000D2B4000003FE
(1790952718.769897) can0 2A3#0002DF34FFFD737C
(1790952718.769994) can0 2A4#00011AB6FFFD7B76
(1790952718.770120) can0 2A5#000007BF000007CA
(1790952718.770246) can0 2A6#FFFFF847FFFFFA7E
(1790952718.770345) can0 2A7#00005689FFFFF5D5
(1790952718.774655) can0 2A1#0100010000000000
(1790952718.774770) can0 2A2#0000D2B4000003FE
(1790952718.774898) can0 2A3#0002DF34FFFD737C
(1790952718.775020) can0 2A4#00011AB6FFFD7B76
(1790952718.775121) can0 2A5#000007BF000007CA
(1790952718.775244) can0 2A6#FFFFF847FFFFFA7E
(1790952718.775370) can0 2A7#00005689FFFFF5D5
(1790952718.779645) can0 2A1#0100010000000000
(1790952718.779772) can0 2A2#0000D2B4000003FE
(1790952718.779872) can0 2A3#0002DF34FFFD737C
(1790952718.779995) can0 2A4#00011AB6FFFD7B76
(1790952718.780120) can0 2A5#000007BF000007CA
(1790952718.780251) can0 2A6#FFFFF847FFFFFA7E
(1790952718.780369) can0 2A7#00005689FFFFF5D5
(1790952718.784656) can0 2A1#0100010000000000
(1790952718.784769) can0 2A2#0000D2B4000003FE
(1790952718.784896) can0 2A3#0002DF34FFFD737C
(1790952718.784997) can0 2A4#00011AB6FFFD7B76
(1790952718.785147) can0 2A5#000007BF000007CA
(1790952718.785244) can0 2A6#FFFFF847FFFFFA7E
(1790952718.785372) can0 2A7#00005689FFFFF5D5
(1790952718.789658) can0 2A1#0100010000000000
(1790952718.789771) can0 2A2#0000D2B4000003FE
(1790952718.789871) can0 2A3#0002DF34FFFD737C
(1790952718.789998) can0 2A4#00011AB6FFFD7B76
(1790952718.790122) can0 2A5#000007BF000007CA
(1790952718.790245) can0 2A6#FFFFF847FFFFFA7E
(1790952718.790370) can0 2A7#00005689FFFFF5D5
(1790952718.794655) can0 2A1#0100010000000000
(1790952718.794772) can0 2A2#0000D2B4000003FE
(1790952718.794895) can0 2A3#0002DF34FFFD737C
(1790952718.795019) can0 2A4#00011AB6FFFD7B76
(1790952718.795147) can0 2A5#000007BF000007CA
(1790952718.795245) can0 2A6#FFFFF847FFFFFA7E
(1790952718.795371) can0 2A7#00005689FFFFF5D5
(1790952718.799654) can0 2A1#0100010000000000
(1790952718.799769) can0 2A2#0000D2B4000003FE
(1790952718.799874) can0 2A3#0002DF34FFFD737C
(1790952718.799996) can0 2A4#00011AB6FFFD7B76
(1790952718.800119) can0 2A5#000007BF000007CA
(1790952718.800246) can0 2A6#FFFFF847FFFFFA7E
(1790952718.800370) can0 2A7#00005689FFFFF5D5
(1790952718.804683) can0 2A1#0100010000000000
(1790952718.804779) can0 2A2#0000D2B4000003FE
(1790952718.804897) can0 2A3#0002DF34FFFD737C
(1790952718.804994) can0 2A4#00011AB6FFFD7B76
(1790952718.805119) can0 2A5#000007BF000007CA
(1790952718.805271) can0 2A6#FFFFF847FFFFFA7E
(1790952718.805370) can0 2A7#00005689FFFFF5D5
(1790952718.809664) can0 2A1#0100010000000000
(1790952718.809771) can0 2A2#0000D2B4000003FE
(1790952718.809896) can0 2A3#0002DF34FFFD737C
(1790952718.809994) can0 2A4#00011AB6FFFD7B76
(1790952718.810128) can0 2A5#000007BF000007CA
(1790952718.810245) can0 2A6#FFFFF847FFFFFA7E
(1790952718.810347) can0 2A7#00005689FFFFF5D5
(1790952718.814685) can0 2A1#0100010000000000
(1790952718.814769) can0 2A2#0000D2B4000003FE
(1790952718.814896) can0 2A3#0002DF34FFFD737C
(1790952718.814995) can0 2A4#00011AB6FFFD7B76
(1790952718.815118) can0 2A5#000007BF000007CA
(1790952718.815245) can0 2A6#FFFFF847FFFFFA7E
(1790952718.815374) can0 2A7#00005689FFFFF5D5
(1790952718.819658) can0 2A1#0100010000000000
(1790952718.819749) can0 2A2#0000D2B4000003FE
(1790952718.819869) can0 2A3#0002DF34FFFD737C
(1790952718.819995) can0 2A4#00011AB6FFFD7B76
(1790952718.820120) can0 2A5#000007BF000007CA
(1790952718.820244) can0 2A6#FFFFF847FFFFFA7E
(1790952718.820346) can0 2A7#00005689FFFFF5D5
(1790952718.824653) can0 2A1#0100010000000000
(1790952718.824773) can0 2A2#0000D2B4000003FE
(1790952718.824894) can0 2A3#0002DF34FFFD737C
(1790952718.825020) can0 2A4#00011AB6FFFD7B76
(1790952718.825119) can0 2A5#000007BF000007CA
(1790952718.825246) can0 2A6#FFFFF847FFFFFA7E
(1790952718.825371) can0 2A7#00005689FFFFF5D5
(1790952718.829643) can0 2A1#0100010000000000
(1790952718.829770) can0 2A2#0000D2B4000003FE
(1790952718.829868) can0 2A3#0002DF34FFFD737C
(1790952718.829995) can0 2A4#00011AB6FFFD7B76
(1790952718.830119) can0 2A5#000007BF000007CA
(1790952718.830244) can0 2A6#FFFFF847FFFFFA7E
(1790952718.830371) can0 2A7#00005689FFFFF5D5
(1790952718.834648) can0 2A1#0100010000000000
(1790952718.834770) can0 2A2#0000D2B4000003FE
(1790952718.834896) can0 2A3#0002DF34FFFD737C
(1790952718.835019) can0 2A4#00011AB6FFFD7B76
(1790952718.835145) can0 2A5#000007BF000007CA
(1790952718.835243) can0 2A6#FFFFF847FFFFFA7E
(1790952718.835369) can0 2A7#00005689FFFFF5D5
(1790952718.839653) can0 2A1#0100010000000000
(1790952718.839773) can0 2A2#0000D2B4000003FE
(1790952718.839870) can0 2A3#0002DF34FFFD737C
(1790952718.839995) can0 2A4#00011AB6FFFD7B76
(1790952718.840120) can0 2A5#000007BF000007CA
(1790952718.840245) can0 2A6#FFFFF847FFFFFA7E
(1790952718.840371) can0 2A7#00005689FFFFF5D5
(1790952718.844655) can0 2A1#0100010000000000
(1790952718.844769) can0 2A2#0000D2B4000003FE
(1790952718.844895) can0 2A3#0002DF34FFFD737C
(1790952718.845020) can0 2A4#00011AB6FFFD7B76
(1790952718.845144) can0 2A5#000007BF000007CA
(1790952718.845245) can0 2A6#FFFFF847FFFFFA7E
(1790952718.845371) can0 2A7#00005689FFFFF5D5
(1790952718.849659) can0 2A1#0100010000000000
(1790952718.849768) can0 2A2#0000D2B4000003FE
(1790952718.849895) can0 2A3#0002DF34FFFD737C
(1790952718.849995) can0 2A4#00011AB6FFFD7B76
(1790952718.850119) can0 2A5#000007BF000007CA
(1790952718.850245) can0 2A6#FFFFF847FFFFFA7E
(1790952718.850345) can0 2A7#00005689FFFFF5D5
(1790952718.854675) can0 2A1#0100010000000000
(1790952718.854793) can0 2A2#0000D2B4000003FE
(1790952718.854895) can0 2A3#0002DF34FFFD737C
(1790952718.855019) can0 2A4#00011AB6FFFD7B76
(1790952718.855145) can0 2A5#000007BF000007CA
(1790952718.855245) can0 2A6#FFFFF847FFFFFA7E
(1790952718.855369) can0 2A7#00005689FFFFF5D5
(1790952718.859652) can0 2A1#0100010000000000
(1790952718.859768) can0 2A2#0000D2B4000003FE
(1790952718.859895) can0 2A3#0002DF34FFFD737C
(1790952718.859993) can0 2A4#00011AB6FFFD7B76
(1790952718.860120) can0 2A5#000007BF000007CA
(1790952718.860219) can0 2A6#FFFFF847FFFFFA7E
(1790952718.860344) can0 2A7#00005689FFFFF5D5
(1790952718.864663) can0 2A1#0100010000000000
(1790952718.864775) can0 2A2#0000D2B4000003FE
(1790952718.864896) can0 2A3#0002DF34FFFD737C
(1790952718.864995) can0 2A4#00011AB6FFFD7B76
(1790952718.865119) can0 2A5#000007BF000007CA
(1790952718.865269) can0 2A6#FFFFF847FFFFFA7E
(1790952718.865371) can0 2A7#00005689FFFFF5D5
(1790952718.869649) can0 2A1#0100010000000000
(1790952718.869746) can0 2A2#0000D2B4000003FE
(1790952718.869879) can0 2A3#0002DF34FFFD737C
(1790952718.869996) can0 2A4#00011AB6FFFD7B76
(1790952718.870120) can0 2A5#000007BF000007CA
(1790952718.870245) can0 2A6#FFFFF847FFFFFA7E
(1790952718.870346) can0 2A7#00005689FFFFF5D5
(1790952718.874650) can0 2A1#0100010000000000
(1790952718.874769) can0 2A2#0000D2B4000003FE
(1790952718.874895) can0 2A3#0002DF34FFFD737C
(1790952718.875020) can0 2A4#00011AB6FFFD7B76
(1790952718.875118) can0 2A5#000007BF000007CA
(1790952718.875245) can0 2A6#FFFFF847FFFFFA7E
(1790952718.875371) can0 2A7#00005689FFFFF5D5
(1790952718.879646) can0 2A1#0100010000000000
(1790952718.879771) can0 2A2#0000D2B4000003FE
(1790952718.879869) can0 2A3#0002DF34FFFD737C
(1790952718.879994) can0 2A4#00011AB6FFFD7B76
(1790952718.880120) can0 2A5#000007BF000007CA
(1790952718.880245) can0 2A6#FFFFF847FFFFFA7E
(1790952718.880371) can0 2A7#00005689FFFFF5D5
(1790952718.884654) can0 2A1#0100010000000000
(1790952718.884768) can0 2A2#0000D2B4000003FE
(1790952718.884868) can0 2A3#0002DF34FFFD737C
(1790952718.885019) can0 2A4#00011AB6FFFD7B76
(1790952718.885145) can0 2A5#000007BF000007CA
(1790952718.885243) can0 2A6#FFFFF847FFFFFA7E
(1790952718.885371) can0 2A7#00005689FFFFF5D5
(1790952718.889653) can0 2A1#0100010000000000
(1790952718.889769) can0 2A2#0000D2B4000003FE
(1790952718.889895) can0 2A3#0002DF34FFFD737C
(1790952718.889995) can0 2A4#00011AB6FFFD7B76
(1790952718.890118) can0 2A5#000007BF000007CA
(1790952718.890245) can0 2A6#FFFFF847FFFFFA7E
(1790952718.890371) can0 2A7#00005689FFFFF5D5
(1790952718.894648) can0 2A1#0100010000000000
(1790952718.894769) can0 2A2#0000D2B4000003FE
(1790952718.894896) can0 2A3#0002DF34FFFD737C
(1790952718.895020) can0 2A4#00011AB6FFFD7B76
(1790952718.895143) can0 2A5#000007BF000007CA
(1790952718.895245) can0 2A6#FFFFF847FFFFFA7E
(1790952718.895371) can0 2A7#00005689FFFFF5D5
(1790952718.899651) can0 2A1#0100010000000000
(1790952718.899769) can0 2A2#0000D2B4000003FE
(1790952718.899870) can0 2A3#0002DF34FFFD737C
(1790952718.899995) can0 2A4#00011AB6FFFD7B76
(1790952718.900120) can0 2A5#000007BF000007CA
(1790952718.900245) can0 2A6#FFFFF847FFFFFA7E
(1790952718.900371) can0 2A7#00005689FFFFF5D5
(1790952718.904649) can0 2A1#0100010000000000
(1790952718.904768) can0 2A2#0000D2B4000003FE
(1790952718.904895) can0 2A3#0002DF34FFFD737C
(1790952718.905018) can0 2A4#00011AB6FFFD7B76
(1790952718.905145) can0 2A5#000007BF000007CA
(1790952718.905245) can0 2A6#FFFFF847FFFFFA7E
(1790952718.905371) can0 2A7#00005689FFFFF5D5
(1790952718.909648) can0 2A1#0100010000000000
(1790952718.909768) can0 2A2#0000D2B4000003FE
(1790952718.909870) can0 2A3#0002DF34FFFD737C
(1790952718.909993) can0 2A4#00011AB6FFFD7B76
(1790952718.910126) can0 2A5#000007BF000007CA
(1790952718.910246) can0 2A6#FFFFF847FFFFFA7E
(1790952718.910371) can0 2A7#00005689FFFFF5D5
(1790952718.914663) can0 2A1#0100010000000000
(1790952718.914770) can0 2A2#0000D2B4000003FE
(1790952718.914896) can0 2A3#0002DF34FFFD737C
(1790952718.915021) can0 2A4#00011AB6FFFD7B76
(1790952718.915145) can0 2A5#000007BF000007CA
(1790952718.915243) can0 2A6#FFFFF847FFFFFA7E
(1790952718.915370) can0 2A7#00005689FFFFF5D5
(1790952718.919662) can0 2A1#0100010000000000
(1790952718.919769) can0 2A2#0000D2B4000003FE
(1790952718.919900) can0 2A3#0002DF34FFFD737C
(1790952718.919994) can0 2A4#00011AB6FFFD7B76
(1790952718.920118) can0 2A5#000007BF000007CA
(1790952718.920244) can0 2A6#FFFFF847FFFFFA7E
(1790952718.920346) can0 2A7#00005689FFFFF5D5
(1790952718.924675) can0 2A1#0100010000000000
(1790952718.924773) can0 2A2#0000D2B4000003FE
(1790952718.924895) can0 2A3#0002DF34FFFD737C
(1790952718.925020) can0 2A4#00011AB6FFFD7B76
(1790952718.925145) can0 2A5#000007BF000007CA
(1790952718.925245) can0 2A6#FFFFF847FFFFFA7E
(1790952718.925371) can0 2A7#00005689FFFFF5D5
(1790952718.929647) can0 2A1#0100010000000000
(1790952718.929771) can0 2A2#0000D2B4000003FE
(1790952718.929881) can0 2A3#0002DF34FFFD737C
(1790952718.929995) can0 2A4#00011AB6FFFD7B76
(1790952718.930118) can0 2A5#000007BF000007CA
(1790952718.930243) can0 2A6#FFFFF847FFFFFA7E
(1790952718.930371) can0 2A7#00005689FFFFF5D5
(1790952718.934646) can0 2A1#0100010000000000
(1790952718.934769) can0 2A2#0000D2B4000003FE
(1790952718.934896) can0 2A3#0002DF34FFFD737C
(1790952718.935018) can0 2A4#00011AB6FFFD7B76
(1790952718.935143) can0 2A5#000007BF000007CA
(1790952718.935243) can0 2A6#FFFFF847FFFFFA7E
(1790952718.935374) can0 2A7#00005689FFFFF5D5
(1790952718.939648) can0 2A1#0100010000000000
(1790952718.939768) can0 2A2#0000D2B4000003FE
(1790952718.939869) can0 2A3#0002DF34FFFD737C
(1790952718.939994) can0 2A4#00011AB6FFFD7B76
(1790952718.940120) can0 2A5#000007BF000007CA
(1790952718.940245) can0 2A6#FFFFF847FFFFFA7E
(1790952718.940371) can0 2A7#00005689FFFFF5D5
(1790952718.944679) can0 2A1#0100010000000000
(1790952718.944780) can0 2A2#0000D2B4000003FE
(1790952718.944896) can0 2A3#0002DF34FFFD737C
(1790952718.945020) can0 2A4#00011AB6FFFD7B76
(1790952718.945145) can0 2A5#000007BF000007CA
(1790952718.945244) can0 2A6#FFFFF847FFFFFA7E
(1790952718.945371) can0 2A7#00005689FFFFF5D5
(1790952718.949649) can0 2A1#0100010000000000
(1790952718.949768) can0 2A2#0000D2B4000003FE
(1790952718.949895) can0 2A3#0002DF34FFFD737C
(1790952718.949995) can0 2A4#00011AB6FFFD7B76
(1790952718.950126) can0 2A5#000007BF000007CA
(1790952718.950220) can0 2A6#FFFFF847FFFFFA7E
(1790952718.950346) can0 2A7#00005689FFFFF5D5
(1790952718.954651) can0 2A1#0100010000000000
(1790952718.954768) can0 2A2#0000D2B4000003FE
(1790952718.954895) can0 2A3#0002DF34FFFD737C
(1790952718.954994) can0 2A4#00011AB6FFFD7B76
(1790952718.955146) can0 2A5#000007BF000007CA
(1790952718.955247) can0 2A6#FFFFF847FFFFFA7E
(1790952718.955370) can0 2A7#00005689FFFFF5D5
(1790952718.959645) can0 2A1#0100010000000000
(1790952718.959771) can0 2A2#0000D2B4000003FE
(1790952718.959871) can0 2A3#0002DF34FFFD737C
(1790952718.959994) can0 2A4#00011AB6FFFD7B76
(1790952718.960119) can0 2A5#000007BF000007CA
(1790952718.960244) can0 2A6#FFFFF847FFFFFA7E
(1790952718.960371) can0 2A7#00005689FFFFF5D5
(1790952718.964654) can0 2A1#0100010000000000
(1790952718.964770) can0 2A2#0000D2B4000003FE
(1790952718.964897) can0 2A3#0002DF34FFFD737C
(1790952718.965019) can0 2A4#00011AB6FFFD7B76
(1790952718.965145) can0 2A5#000007BF000007CA
(1790952718.965246) can0 2A6#FFFFF847FFFFFA7E
(1790952718.965370) can0 2A7#00005689FFFFF5D5
(1790952718.969659) can0 2A1#0100010000000000
(1790952718.969770) can0 2A2#0000D2B4000003FE
(1790952718.969895) can0 2A3#0002DF34FFFD737C
(1790952718.969995) can0 2A4#00011AB6FFFD7B76
(1790952718.970121) can0 2A5#000007BF000007CA
(1790952718.970244) can0 2A6#FFFFF847FFFFFA7E
(1790952718.970345) can0 2A7#00005689FFFFF5D5
(1790952718.974674) can0 2A1#0100010000000000
(1790952718.974770) can0 2A2#0000D2B4000003FE
(1790952718.974898) can0 2A3#0002DF34FFFD737C
(1790952718.975021) can0 2A4#00011AB6FFFD7B76
(1790952718.975144) can0 2A5#000007BF000007CA
(1790952718.975244) can0 2A6#FFFFF847FFFFFA7E
(1790952718.975369) can0 2A7#00005689FFFFF5D5
(1790952718.979647) can0 2A1#0100010000000000
(1790952718.979772) can0 2A2#0000D2B4000003FE
(1790952718.979873) can0 2A3#0002DF34FFFD737C
(1790952718.979997) can0 2A4#00011AB6FFFD7B76
(1790952718.980122) can0 2A5#000007BF000007CA
(1790952718.980244) can0 2A6#FFFFF847FFFFFA7E
(1790952718.980368) can0 2A7#00005689FFFFF5D5
(1790952718.984658) can0 2A1#0100010000000000
(1790952718.984769) can0 2A2#0000D2B4000003FE
(1790952718.984897) can0 2A3#0002DF34FFFD737C
(1790952718.985022) can0 2A4#00011AB6FFFD7B76
(1790952718.985144) can0 2A5#000007BF000007CA
(1790952718.985246) can0 2A6#FFFFF847FFFFFA7E
(1790952718.985369) can0 2A7#00005689FFFFF5D5
(1790952718.989652) can0 2A1#0100010000000000
(1790952718.989769) can0 2A2#0000D2B4000003FE
(1790952718.989872) can0 2A3#0002DF34FFFD737C
(1790952718.989996) can0 2A4#00011AB6FFFD7B76
(1790952718.990119) can0 2A5#000007BF000007CA
(1790952718.990247) can0 2A6#FFFFF847FFFFFA7E
(1790952718.990370) can0 2A7#00005689FFFFF5D5
(1790952718.994657) can0 2A1#0100010000000000
(1790952718.994768) can0 2A2#0000D2B4000003FE
(1790952718.994897) can0 2A3#0002DF34FFFD737C
(1790952718.995021) can0 2A4#00011AB6FFFD7B76
(1790952718.995145) can0 2A5#000007BF000007CA
(1790952718.995243) can0 2A6#FFFFF847FFFFFA7E
(1790952718.995371) can0 2A7#00005689FFFFF5D5
(1790952718.999667) can0 2A1#0100010000000000
(1790952718.999771) can0 2A2#0000D2B4000003FE
(1790952718.999895) can0 2A3#0002DF34FFFD737C
(1790952718.999995) can0 2A4#00011AB6FFFD7B76
(1790952719.000127) can0 2A5#000007BF000007CA
(1790952719.000247) can0 2A6#FFFFF847FFFFFA7E
(1790952719.000345) can0 2A7#00005689FFFFF5D5
(1790952719.004691) can0 2A1#0100010000000000
(1790952719.004772) can0 2A2#0000D2B4000003FE
(1790952719.004898) can0 2A3#0002DF34FFFD737C
(1790952719.005027) can0 2A4#00011AB6FFFD7B76
(1790952719.005159) can0 2A5#000007BF000007CA
(1790952719.005254) can0 2A6#FFFFF847FFFFFA7E
(1790952719.005372) can0 2A7#00005689FFFFF5D5
(1790952719.009664) can0 2A1#0100010000000000
(1790952719.009769) can0 2A2#0000D2B4000003FE
(1790952719.009872) can0 2A3#0002DF34FFFD737C
(1790952719.009995) can0 2A4#00011AB6FFFD7B76
(1790952719.010120) can0 2A5#000007BF000007CA
(1790952719.010245) can0 2A6#FFFFF847FFFFFA7E
(1790952719.010346) can0 2A7#00005689FFFFF5D5
(1790952719.014652) can0 2A1#0100010000000000
(1790952719.014798) can0 2A2#0000D2B4000003FE
(1790952719.014894) can0 2A3#0002DF34FFFD737C
(1790952719.015016) can0 2A4#00011AB6FFFD7B76
(1790952719.015141) can0 2A5#000007BF000007CA
(1790952719.015242) can0 2A6#FFFFF847FFFFFA7E
(1790952719.015367) can0 2A7#00005689FFFFF5D5
(1790952719.019651) can0 2A1#0100010000000000
(1790952719.019746) can0 2A2#0000D2B4000003FE
(1790952719.019872) can0 2A3#0002DF34FFFD737C
(1790952719.019996) can0 2A4#00011AB6FFFD7B76
(1790952719.020121) can0 2A5#000007BF000007CA
(1790952719.020246) can0 2A6#FFFFF847FFFFFA7E
(1790952719.020372) can0 2A7#00005689FFFFF5D5
(1790952719.024649) can0 2A1#0100010000000000
(1790952719.024770) can0 2A2#0000D2B4000003FE
(1790952719.024980) can0 2A3#0002DF34FFFD737C
(1790952719.025019) can0 2A4#00011AB6FFFD7B76
(1790952719.025146) can0 2A5#000007BF000007CA
(1790952719.025244) can0 2A6#FFFFF847FFFFFA7E
(1790952719.025370) can0 2A7#00005689FFFFF5D5
(1790952719.029645) can0 2A1#0100010000000000
(1790952719.029771) can0 2A2#0000D2B4000003FE
(1790952719.029871) can0 2A3#0002DF34FFFD737C
(1790952719.029994) can0 2A4#00011AB6FFFD7B76
(1790952719.030118) can0 2A5#000007BF000007CA
(1790952719.030254) can0 2A6#FFFFF847FFFFFA7E
(1790952719.030373) can0 2A7#00005689FFFFF5D5
(1790952719.034656) can0 2A1#0100010000000000
(1790952719.034769) can0 2A2#0000D2B4000003FE
(1790952719.034895) can0 2A3#0002DF34FFFD737C
(1790952719.035020) can0 2A4#00011AB6FFFD7B76
(1790952719.035144) can0 2A5#000007BF000007CA
(1790952719.035245) can0 2A6#FFFFF847FFFFFA7E
(1790952719.035370) can0 2A7#00005689FFFFF5D5
(1790952719.039649) can0 2A1#0100010000000000
(1790952719.039768) can0 2A2#0000D2B4000003FE
(1790952719.039883) can0 2A3#0002DF34FFFD737C
(1790952719.039996) can0 2A4#00011AB6FFFD7B76
(1790952719.040127) can0 2A5#000007BF000007CA
(1790952719.040244) can0 2A6#FFFFF847FFFFFA7E
(1790952719.040371) can0 2A7#00005689FFFFF5D5
(1790952719.044657) can0 2A1#0100010000000000
(1790952719.044773) can0 2A2#0000D2B4000003FE
(1790952719.044895) can0 2A3#0002DF34FFFD737C
(1790952719.045020) can0 2A4#00011AB6FFFD7B76
(1790952719.045145) can0 2A5#000007BF000007CA
(1790952719.045245) can0 2A6#FFFFF847FFFFFA7E
(1790952719.045369) can0 2A7#00005689FFFFF5D5
(1790952719.049651) can0 2A1#0100010000000000
(1790952719.049767) can0 2A2#0000D2B4000003FE
(1790952719.049895) can0 2A3#0002DF34FFFD737C
(1790952719.049993) can0 2A4#00011AB6FFFD7B76
(1790952719.050120) can0 2A5#000007BF000007CA
(1790952719.050220) can0 2A6#FFFFF847FFFFFA7E
(1790952719.050345) can0 2A7#00005689FFFFF5D5
(1790952719.054650) can0 2A1#0100010000000000
(1790952719.054768) can0 2A2#0000D2B4000003FE
(1790952719.054896) can0 2A3#0002DF34FFFD737C
(1790952719.054995) can0 2A4#00011AB6FFFD7B76
(1790952719.055120) can0 2A5#000007BF000007CA
(1790952719.055269) can0 2A6#FFFFF847FFFFFA7E
(1790952719.055371) can0 2A7#00005689FFFFF5D5
(1790952719.059651) can0 2A1#0100010000000000
(1790952719.059772) can0 2A2#0000D2B4000003FE
(1790952719.059893) can0 2A3#0002DF34FFFD737C
(1790952719.059995) can0 2A4#00011AB6FFFD7B76
(1790952719.060119) can0 2A5#000007BF000007CA
(1790952719.060245) can0 2A6#FFFFF847FFFFFA7E
(1790952719.060345) can0 2A7#00005689FFFFF5D5
(1790952719.064679) can0 2A1#0100010000000000
(1790952719.064794) can0 2A2#0000D2B4000003FE
(1790952719.064896) can0 2A3#0002DF34FFFD737C
(1790952719.065022) can0 2A4#00011AB6FFFD7B76
(1790952719.065146) can0 2A5#000007BF000007CA
(1790952719.065246) can0 2A6#FFFFF847FFFFFA7E
(1790952719.065372) can0 2A7#00005689FFFFF5D5
(1790952719.069652) can0 2A1#0100010000000000
(1790952719.069743) can0 2A2#0000D2B4000003FE
(1790952719.069869) can0 2A3#0002DF34FFFD737C
(1790952719.070018) can0 2A4#00011AB6FFFD7B76
(1790952719.070124) can0 2A5#000007BF000007CA
(1790952719.070243) can0 2A6#FFFFF847FFFFFA7E
(1790952719.070369) can0 2A7#00005689FFFFF5D5
(1790952719.074681) can0 2A1#0100010000000000
(1790952719.074769) can0 2A2#0000D2B4000003FE
(1790952719.074894) can0 2A3#0002DF34FFFD737C
(1790952719.075018) can0 2A4#00011AB6FFFD7B76
(1790952719.075145) can0 2A5#000007BF000007CA
(1790952719.075244) can0 2A6#FFFFF847FFFFFA7E
(1790952719.075372) can0 2A7#00005689FFFFF5D5
(1790952719.079654) can0 2A1#0100010000000000
(1790952719.079768) can0 2A2#0000D2B4000003FE
(1790952719.079876) can0 2A3#0002DF34FFFD737C
(1790952719.079995) can0 2A4#00011AB6FFFD7B76
(1790952719.080120) can0 2A5#000007BF000007CA
(1790952719.080245) can0 2A6#FFFFF847FFFFFA7E
(1790952719.080370) can0 2A7#00005689FFFFF5D5
(1790952719.084654) can0 2A1#0100010000000000
(1790952719.084768) can0 2A2#0000D2B4000003FE
(1790952719.084896) can0 2A3#0002DF34FFFD737C
(1790952719.085020) can0 2A4#00011AB6FFFD7B76
(1790952719.085145) can0 2A5#000007BF000007CA
(1790952719.085245) can0 2A6#FFFFF847FFFFFA7E
(1790952719.085371) can0 2A7#00005689FFFFF5D5
(1790952719.089649) can0 2A1#0100010000000000
(1790952719.089771) can0 2A2#0000D2B4000003FE
(1790952719.089872) can0 2A3#0002DF34FFFD737C
(1790952719.089996) can0 2A4#00011AB6FFFD7B76
(1790952719.090119) can0 2A5#000007BF000007CA
(1790952719.090243) can0 2A6#FFFFF847FFFFFA7E
(1790952719.090371) can0 2A7#00005689FFFFF5D5
(1790952719.094673) can0 2A1#0100010000000000
(1790952719.094769) can0 2A2#0000D2B4000003FE
(1790952719.094897) can0 2A3#0002DF34FFFD737C
(1790952719.095023) can0 2A4#00011AB6FFFD7B76
(1790952719.095145) can0 2A5#000007BF000007CA
(1790952719.095247) can0 2A6#FFFFF847FFFFFA7E
(1790952719.095370) can0 2A7#00005689FFFFF5D5
(1790952719.099650) can0 2A1#0100010000000000
(1790952719.099778) can0 2A2#0000D2B4000003FE
(1790952719.099898) can0 2A3#0002DF34FFFD737C
(1790952719.099996) can0 2A4#00011AB6FFFD7B76
(1790952719.100121) can0 2A5#000007BF000007CA
(1790952719.100244) can0 2A6#FFFFF847FFFFFA7E
(1790952719.100345) can0 2A7#00005689FFFFF5D5
(1790952719.104674) can0 2A1#0100010000000000
(1790952719.104797) can0 2A2#0000D2B4000003FE
(1790952719.104896) can0 2A3#0002DF34FFFD737C
(1790952719.105022) can0 2A4#00011AB6FFFD7B76
(1790952719.105145) can0 2A5#000007BF000007CA
(1790952719.105246) can0 2A6#FFFFF847FFFFFA7E
(1790952719.105370) can0 2A7#00005689FFFFF5D5
(1790952719.109651) can0 2A1#0100010000000000
(1790952719.109769) can0 2A2#0000D2B4000003FE
(1790952719.109896) can0 2A3#0002DF34FFFD737C
(1790952719.109993) can0 2A4#00011AB6FFFD7B76
(1790952719.110120) can0 2A5#000007BF000007CA
(1790952719.110244) can0 2A6#FFFFF847FFFFFA7E
(1790952719.110370) can0 2A7#00005689FFFFF5D5
(1790952719.114678) can0 2A1#0100010000000000
(1790952719.114769) can0 2A2#0000D2B4000003FE
(1790952719.114896) can0 2A3#0002DF34FFFD737C
(1790952719.115019) can0 2A4#00011AB6FFFD7B76
(1790952719.115143) can0 2A5#000007BF000007CA
(1790952719.115270) can0 2A6#FFFFF847FFFFFA7E
(1790952719.115369) can0 2A7#00005689FFFFF5D5
(1790952719.119651) can0 2A1#0100010000000000
(1790952719.119769) can0 2A2#0000D2B4000003FE
(1790952719.119894) can0 2A3#0002DF34FFFD737C
(1790952719.119994) can0 2A4#00011AB6FFFD7B76
(1790952719.120119) can0 2A5#000007BF000007CA
(1790952719.120244) can0 2A6#FFFFF847FFFFFA7E
(1790952719.120369) can0 2A7#00005689FFFFF5D5
(1790952719.124676) can0 2A1#0100010000000000
(1790952719.124772) can0 2A2#0000D2B4000003FE
(1790952719.124894) can0 2A3#0002DF34FFFD737C
(1790952719.125020) can0 2A4#00011AB6FFFD7B76
(1790952719.125118) can0 2A5#000007BF000007CA
(1790952719.125244) can0 2A6#FFFFF847FFFFFA7E
(1790952719.125372) can0 2A7#00005689FFFFF5D5
(1790952719.129651) can0 2A1#0100010000000000
(1790952719.129768) can0 2A2#0000D2B4000003FE
(1790952719.129870) can0 2A3#0002DF34FFFD737C
(1790952719.129992) can0 2A4#00011AB6FFFD7B76
(1790952719.130131) can0 2A5#000007BF000007CA
(1790952719.130244) can0 2A6#FFFFF847FFFFFA7E
(1790952719.130369) can0 2A7#00005689FFFFF5D5
(1790952719.134652) can0 2A1#0100010000000000
(1790952719.134769) can0 2A2#0000D2B4000003FE
(1790952719.134894) can0 2A3#0002DF34FFFD737C
(1790952719.135018) can0 2A4#00011AB6FFFD7B76
(1790952719.135142) can0 2A5#000007BF000007CA
(1790952719.135243) can0 2A6#FFFFF847FFFFFA7E
(1790952719.135370) can0 2A7#00005689FFFFF5D5
(1790952719.139654) can0 2A1#0100010000000000
(1790952719.139771) can0 2A2#0000D2B4000003FE
(1790952719.139887) can0 2A3#0002DF34FFFD737C
(1790952719.139998) can0 2A4#00011AB6FFFD7B76
(1790952719.140122) can0 2A5#000007BF000007CA
(1790952719.140247) can0 2A6#FFFFF847FFFFFA7E
(1790952719.140371) can0 2A7#00005689FFFFF5D5
(1790952719.144680) can0 2A1#0100010000000000
(1790952719.144770) can0 2A2#0000D2B4000003FE
(1790952719.144896) can0 2A3#0002DF34FFFD737C
(1790952719.145020) can0 2A4#00011AB6FFFD7B76
(1790952719.145144) can0 2A5#000007BF000007CA
(1790952719.145246) can0 2A6#FFFFF847FFFFFA7E
(1790952719.145371) can0 2A7#00005689FFFFF5D5
(1790952719.149653) can0 2A1#0100010000000000
(1790952719.149771) can0 2A2#0000D2B4000003FE
(1790952719.149896) can0 2A3#0002DF34FFFD737C
(1790952719.150004) can0 2A4#00011AB6FFFD7B76
(1790952719.150119) can0 2A5#000007BF000007CA
(1790952719.150243) can0 2A6#FFFFF847FFFFFA7E
(1790952719.150348) can0 2A7#00005689FFFFF5D5
(1790952719.154681) can0 2A1#0100010000000000
(1790952719.154768) can0 2A2#0000D2B4000003FE
(1790952719.154895) can0 2A3#0002DF34FFFD737C
(1790952719.155019) can0 2A4#00011AB6FFFD7B76
(1790952719.155120) can0 2A5#000007BF000007CA
(1790952719.155246) can0 2A6#FFFFF847FFFFFA7E
(1790952719.155371) can0 2A7#00005689FFFFF5D5
(1790952719.159658) can0 2A1#0100010000000000
(1790952719.159769) can0 2A2#0000D2B4000003FE
(1790952719.159894) can0 2A3#0002DF34FFFD737C
(1790952719.159994) can0 2A4#00011AB6FFFD7B76
(1790952719.160119) can0 2A5#000007BF000007CA
(1790952719.160244) can0 2A6#FFFFF847FFFFFA7E
(1790952719.160344) can0 2A7#00005689FFFFF5D5
(1790952719.164674) can0 2A1#0100010000000000
(1790952719.164794) can0 2A2#0000D2B4000003FE
(1790952719.164896) can0 2A3#0002DF34FFFD737C
(1790952719.165022) can0 2A4#00011AB6FFFD7B76
(1790952719.165121) can0 2A5#000007BF000007CA
(1790952719.165245) can0 2A6#FFFFF847FFFFFA7E
(1790952719.165370) can0 2A7#00005689FFFFF5D5
(1790952719.169657) can0 2A1#0100010000000000
(1790952719.169768) can0 2A2#0000D2B4000003FE
(1790952719.169897) can0 2A3#0002DF34FFFD737C
(1790952719.169993) can0 2A4#00011AB6FFFD7B76
(1790952719.170122) can0 2A5#000007BF000007CA
(1790952719.170246) can0 2A6#FFFFF847FFFFFA7E
(1790952719.170344) can0 2A7#00005689FFFFF5D5
(1790952719.174680) can0 2A1#0100010000000000
(1790952719.174795) can0 2A2#0000D2B4000003FE
(1790952719.174896) can0 2A3#0002DF34FFFD737C
(1790952719.175019) can0 2A4#00011AB6FFFD7B76
(1790952719.175121) can0 2A5#000007BF000007CA
(1790952719.175245) can0 2A6#FFFFF847FFFFFA7E
(1790952719.175373) can0 2A7#00005689FFFFF5D5
(1790952719.179644) can0 2A1#0100010000000000
(1790952719.179770) can0 2A2#0000D2B4000003FE
(1790952719.179881) can0 2A3#0002DF34FFFD737C
(1790952719.179994) can0 2A4#00011AB6FFFD7B76
(1790952719.180119) can0 2A5#000007BF000007CA
(1790952719.180243) can0 2A6#FFFFF847FFFFFA7E
(1790952719.180371) can0 2A7#00005689FFFFF5D5
(1790952719.184653) can0 2A1#0100010000000000
(1790952719.184768) can0 2A2#0000D2B4000003FE
(1790952719.184893) can0 2A3#0002DF34FFFD737C
(1790952719.185017) can0 2A4#00011AB6FFFD7B76
(1790952719.185142) can0 2A5#000007BF000007CA
(1790952719.185243) can0 2A6#FFFFF847FFFFFA7E
(1790952719.185369) can0 2A7#00005689FFFFF5D5
(1790952719.189654) can0 2A1#0100010000000000
(1790952719.189770) can0 2A2#0000D2B4000003FE
(1790952719.189902) can0 2A3#0002DF34FFFD737C
(1790952719.189997) can0 2A4#00011AB6FFFD7B76
(1790952719.190120) can0 2A5#000007BF000007CA
(1790952719.190245) can0 2A6#FFFFF847FFFFFA7E
(1790952719.190370) can0 2A7#00005689FFFFF5D5
(1790952719.194661) can0 2A1#0100010000000000
(1790952719.194769) can0 2A2#0000D2B4000003FE
(1790952719.194897) can0 2A3#0002DF34FFFD737C
(1790952719.195019) can0 2A4#00011AB6FFFD7B76
(1790952719.195144) can0 2A5#000007BF000007CA
(1790952719.195243) can0 2A6#FFFFF847FFFFFA7E
(1790952719.195369) can0 2A7#00005689FFFFF5D5
(1790952719.199649) can0 2A1#0100010000000000
(1790952719.199769) can0 2A2#0000D2B4000003FE
(1790952719.199895) can0 2A3#0002DF34FFFD737C
(1790952719.199993) can0 2A4#00011AB6FFFD7B76
(1790952719.200120) can0 2A5#000007BF000007CA
(1790952719.200245) can0 2A6#FFFFF847FFFFFA7E
(1790952719.200345) can0 2A7#00005689FFFFF5D5
(1790952719.204676) can0 2A1#0100010000000000
(1790952719.204768) can0 2A2#0000D2B4000003FE
(1790952719.204895) can0 2A3#0002DF34FFFD737C
(1790952719.205020) can0 2A4#00011AB6FFFD7B76
(1790952719.205117) can0 2A5#000007BF000007CA
(1790952719.205270) can0 2A6#FFFFF847FFFFFA7E
(1790952719.205371) can0 2A7#00005689FFFFF5D5
(1790952719.209656) can0 2A1#0100010000000000
(1790952719.209770) can0 2A2#0000D2B4000003FE
(1790952719.209896) can0 2A3#0002DF34FFFD737C
(1790952719.209995) can0 2A4#00011AB6FFFD7B76
(1790952719.210118) can0 2A5#000007BF000007CA
(1790952719.210246) can0 2A6#FFFFF847FFFFFA7E
(1790952719.210370) can0 2A7#00005689FFFFF5D5
(1790952719.214677) can0 2A1#0100010000000000
(1790952719.214769) can0 2A2#0000D2B4000003FE
(1790952719.214912) can0 2A3#0002DF34FFFD737C
(1790952719.215022) can0 2A4#00011AB6FFFD7B76
(1790952719.215119) can0 2A5#000007BF000007CA
(1790952719.215271) can0 2A6#FFFFF847FFFFFA7E
(1790952719.215371) can0 2A7#00005689FFFFF5D5
(1790952719.219667) can0 2A1#0100010000000000
(1790952719.219743) can0 2A2#0000D2B4000003FE
(1790952719.219909) can0 2A3#0002DF34FFFD737C
(1790952719.220018) can0 2A4#00011AB6FFFD7B76
(1790952719.220117) can0 2A5#000007BF000007CA
(1790952719.220246) can0 2A6#FFFFF847FFFFFA7E
(1790952719.220371) can0 2A7#00005689FFFFF5D5
(1790952719.224675) can0 2A1#0100010000000000
(1790952719.224774) can0 2A2#0000D2B4000003FE
(1790952719.224897) can0 2A3#0002DF34FFFD737C
(1790952719.225021) can0 2A4#00011AB6FFFD7B76
(1790952719.225145) can0 2A5#000007BF000007CA
(1790952719.225246) can0 2A6#FFFFF847FFFFFA7E
(1790952719.225373) can0 2A7#00005689FFFFF5D5
(1790952719.229652) can0 2A1#0100010000000000
(1790952719.229770) can0 2A2#0000D2B4000003FE
(1790952719.229898) can0 2A3#0002DF34FFFD737C
(1790952719.229995) can0 2A4#00011AB6FFFD7B76
(1790952719.230120) can0 2A5#000007BF000007CA
(1790952719.230249) can0 2A6#FFFFF847FFFFFA7E
(1790952719.230373) can0 2A7#00005689FFFFF5D5
(1790952719.234714) can0 2A1#0100010000000000
(1790952719.234770) can0 2A2#0000D2B4000003FE
(1790952719.234907) can0 2A3#0002DF34FFFD737C
(1790952719.235289) can0 2A4#00011AB6FFFD7B76
(1790952719.235292) can0 2A5#000007BF000007CA
(1790952719.235293) can0 2A6#FFFFF847FFFFFA7E
(1790952719.235380) can0 2A7#00005689FFFFF5D5
(1790952719.239661) can0 2A1#0100010000000000
(1790952719.239766) can0 2A2#0000D2B4000003FE
(1790952719.239893) can0 2A3#0002DF34FFFD737C
(1790952719.239992) can0 2A4#00011AB6FFFD7B76
(1790952719.240117) can0 2A5#000007BF000007CA
(1790952719.240243) can0 2A6#FFFFF847FFFFFA7E
(1790952719.240369) can0 2A7#00005689FFFFF5D5
(1790952719.244693) can0 2A1#0100010000000000
(1790952719.244773) can0 2A2#0000D2B4000003FE
(1790952719.244897) can0 2A3#0002DF34FFFD737C
(1790952719.245023) can0 2A4#00011AB6FFFD7B76
(1790952719.245120) can0 2A5#000007BF000007CA
(1790952719.245246) can0 2A6#FFFFF847FFFFFA7E
(1790952719.245373) can0 2A7#00005689FFFFF5D5
(1790952719.249661) can0 2A1#0100010000000000
(1790952719.249779) can0 2A2#0000D2B4000003FE
(1790952719.249908) can0 2A3#0002DF34FFFD737C
(1790952719.250000) can0 2A4#00011AB6FFFD7B76
(1790952719.250127) can0 2A5#000007BF000007CA
(1790952719.250245) can0 2A6#FFFFF847FFFFFA7E
(1790952719.250343) can0 2A7#00005689FFFFF5D5
(1790952719.254699) can0 2A1#0100010000000000
(1790952719.254796) can0 2A2#0000D2B4000003FE
(1790952719.254893) can0 2A3#0002DF34FFFD737C
(1790952719.255016) can0 2A4#00011AB6FFFD7B76
(1790952719.255140) can0 2A5#000007BF000007CA
(1790952719.255241) can0 2A6#FFFFF847FFFFFA7E
(1790952719.255367) can0 2A7#00005689FFFFF5D5
(1790952719.259656) can0 2A1#0100010000000000
(1790952719.259771) can0 2A2#0000D2B4000003FE
(1790952719.259897) can0 2A3#0002DF34FFFD737C
(1790952719.259996) can0 2A4#00011AB6FFFD7B76
(1790952719.260118) can0 2A5#000007BF000007CA
(1790952719.260244) can0 2A6#FFFFF847FFFFFA7E
(1790952719.260368) can0 2A7#00005689FFFFF5D5
(1790952719.264695) can0 2A1#0100010000000000
(1790952719.264795) can0 2A2#0000D2B4000003FE
(1790952719.264893) can0 2A3#0002DF34FFFD737C
(1790952719.265017) can0 2A4#00011AB6FFFD7B76
(1790952719.265119) can0 2A5#000007BF000007CA
(1790952719.265242) can0 2A6#FFFFF847FFFFFA7E
(1790952719.265368) can0 2A7#00005689FFFFF5D5
(1790952719.269653) can0 2A1#0100010000000000
(1790952719.269745) can0 2A2#0000D2B4000003FE
(1790952719.269895) can0 2A3#0002DF34FFFD737C
(1790952719.269993) can0 2A4#00011AB6FFFD7B76
(1790952719.270119) can0 2A5#000007BF000007CA
(1790952719.270245) can0 2A6#FFFFF847FFFFFA7E
(1790952719.270370) can0 2A7#00005689FFFFF5D5
(1790952719.274652) can0 2A1#0100010000000000
(1790952719.274769) can0 2A2#0000D2B4000003FE
(1790952719.274894) can0 2A3#0002DF34FFFD737C
(1790952719.275017) can0 2A4#00011AB6FFFD7B76
(1790952719.275142) can0 2A5#000007BF000007CA
(1790952719.275243) can0 2A6#FFFFF847FFFFFA7E
(1790952719.275368) can0 2A7#00005689FFFFF5D5
(1790952719.279796) can0 2A1#0100010000000000
(1790952719.279811) can0 2A2#0000D2B4000003FE
(1790952719.280072) can0 2A3#0002DF34FFFD737C
(1790952719.280081) can0 2A4#00011AB6FFFD7B76
(1790952719.280119) can0 2A5#000007BF000007CA
(1790952719.280306) can0 2A6#FFFFF847FFFFFA7E
(1790952719.280475) can0 2A7#00005689FFFFF5D5
(1790952719.284768) can0 2A1#0100010000000000
(1790952719.284781) can0 2A2#0000D2B4000003FE
(1790952719.284969) can0 2A3#0002DF34FFFD737C
(1790952719.284995) can0 2A4#00011AB6FFFD7B76
(1790952719.285210) can0 2A5#000007BF000007CA
(1790952719.285269) can0 2A6#FFFFF847FFFFFA7E
(1790952719.285369) can0 2A7#00005689FFFFF5D5
(1790952719.289722) can0 2A1#0100010000000000
(1790952719.289771) can0 2A2#0000D2B4000003FE
(1790952719.290020) can0 2A3#0002DF34FFFD737C
(1790952719.290031) can0 2A4#00011AB6FFFD7B76
(1790952719.290276) can0 2A5#000007BF000007CA
(1790952719.290283) can0 2A6#FFFFF847FFFFFA7E
(1790952719.290372) can0 2A7#00005689FFFFF5D5
(1790952719.294748) can0 2A1#0100010000000000
(1790952719.294772) can0 2A2#0000D2B4000003FE
(1790952719.294979) can0 2A3#0002DF34FFFD737C
(1790952719.295127) can0 2A4#00011AB6FFFD7B76
(1790952719.295138) can0 2A5#000007BF000007CA
(1790952719.295346) can0 2A6#FFFFF847FFFFFA7E
(1790952719.295371) can0 2A7#00005689FFFFF5D5
(1790952719.299727) can0 2A1#0100010000000000
(1790952719.299769) can0 2A2#0000D2B4000003FE
(1790952719.299898) can0 2A3#0002DF34FFFD737C
(1790952719.300021) can0 2A4#00011AB6FFFD7B76
(1790952719.300121) can0 2A5#000007BF000007CA
(1790952719.300246) can0 2A6#FFFFF847FFFFFA7E
(1790952719.300346) can0 2A7#00005689FFFFF5D5
(1790952719.304693) can0 2A1#0100010000000000
(1790952719.304798) can0 2A2#0000D2B4000003FE
(1790952719.304923) can0 2A3#0002DF34FFFD737C
(1790952719.305020) can0 2A4#00011AB6FFFD7B76
(1790952719.305144) can0 2A5#000007BF000007CA
(1790952719.305245) can0 2A6#FFFFF847FFFFFA7E
(1790952719.305374) can0 2A7#00005689FFFFF5D5
(1790952719.309673) can0 2A1#0100010000000000
(1790952719.309771) can0 2A2#0000D2B4000003FE
(1790952719.309894) can0 2A3#0002DF34FFFD737C
(1790952719.309993) can0 2A4#00011AB6FFFD7B76
(1790952719.310118) can0 2A5#000007BF000007CA
(1790952719.310244) can0 2A6#FFFFF847FFFFFA7E
(1790952719.310373) can0 2A7#00005689FFFFF5D5
(1790952719.314693) can0 2A1#0100010000000000
(1790952719.314771) can0 2A2#0000D2B4000003FE
(1790952719.315032) can0 2A3#0002DF34FFFD737C
(1790952719.315046) can0 2A4#00011AB6FFFD7B76
(1790952719.315121) can0 2A5#000007BF000007CA
(1790952719.315249) can0 2A6#FFFFF847FFFFFA7E
(1790952719.315373) can0 2A7#00005689FFFFF5D5
(1790952719.319682) can0 2A1#0100010000000000
(1790952719.319773) can0 2A2#0000D2B4000003FE
(1790952719.319895) can0 2A3#0002DF34FFFD737C
(1790952719.319996) can0 2A4#00011AB6FFFD7B76
(1790952719.320119) can0 2A5#000007BF000007CA
(1790952719.320245) can0 2A6#FFFFF847FFFFFA7E
(1790952719.320345) can0 2A7#00005689FFFFF5D5
(1790952719.324700) can0 2A1#0100010000000000
(1790952719.324772) can0 2A2#0000D2B4000003FE
(1790952719.324908) can0 2A3#0002DF34FFFD737C
(1790952719.325021) can0 2A4#00011AB6FFFD7B76
(1790952719.325119) can0 2A5#000007BF000007CA
(1790952719.325244) can0 2A6#FFFFF847FFFFFA7E
(1790952719.325371) can0 2A7#00005689FFFFF5D5
(1790952719.329679) can0 2A1#0100010000000000
(1790952719.329745) can0 2A2#0000D2B4000003FE
(1790952719.329910) can0 2A3#0002DF34FFFD737C
(1790952719.329994) can0 2A4#00011AB6FFFD7B76
(1790952719.330124) can0 2A5#000007BF000007CA
(1790952719.330248) can0 2A6#FFFFF847FFFFFA7E
(1790952719.330368) can0 2A7#00005689FFFFF5D5
(1790952719.334677) can0 2A1#0100010000000000
(1790952719.334774) can0 2A2#0000D2B4000003FE
(1790952719.334895) can0 2A3#0002DF34FFFD737C
(1790952719.335021) can0 2A4#00011AB6FFFD7B76
(1790952719.335144) can0 2A5#000007BF000007CA
(1790952719.335244) can0 2A6#FFFFF847FFFFFA7E
(1790952719.335370) can0 2A7#00005689FFFFF5D5
(1790952719.339669) can0 2A1#0100010000000000
(1790952719.339769) can0 2A2#0000D2B4000003FE
(1790952719.339894) can0 2A3#0002DF34FFFD737C
(1790952719.340019) can0 2A4#00011AB6FFFD7B76
(1790952719.340145) can0 2A5#000007BF000007CA
(1790952719.340245) can0 2A6#FFFFF847FFFFFA7E
(1790952719.340368) can0 2A7#00005689FFFFF5D5
(1790952719.344682) can0 2A1#0100010000000000
(1790952719.344769) can0 2A2#0000D2B4000003FE
(1790952719.344897) can0 2A3#0002DF34FFFD737C
(1790952719.345020) can0 2A4#00011AB6FFFD7B76
(1790952719.345144) can0 2A5#000007BF000007CA
(1790952719.345243) can0 2A6#FFFFF847FFFFFA7E
(1790952719.345370) can0 2A7#00005689FFFFF5D5
(1790952719.349683) can0 2A1#0100010000000000
(1790952719.349745) can0 2A2#0000D2B4000003FE
(1790952719.349896) can0 2A3#0002DF34FFFD737C
(1790952719.350017) can0 2A4#00011AB6FFFD7B76
(1790952719.350116) can0 2A5#000007BF000007CA
(1790952719.350243) can0 2A6#FFFFF847FFFFFA7E
(1790952719.350343) can0 2A7#00005689FFFFF5D5
(1790952719.354674) can0 2A1#0100010000000000
(1790952719.354799) can0 2A2#0000D2B4000003FE
(1790952719.354892) can0 2A3#0002DF34FFFD737C
(1790952719.355017) can0 2A4#00011AB6FFFD7B76
(1790952719.355143) can0 2A5#000007BF000007CA
(1790952719.355242) can0 2A6#FFFFF847FFFFFA7E
(1790952719.355368) can0 2A7#00005689FFFFF5D5
(1790952719.359673) can0 2A1#0100010000000000
(1790952719.359769) can0 2A2#0000D2B4000003FE
(1790952719.359894) can0 2A3#0002DF34FFFD737C
(1790952719.359994) can0 2A4#00011AB6FFFD7B76
(1790952719.360118) can0 2A5#000007BF000007CA
(1790952719.360247) can0 2A6#FFFFF847FFFFFA7E
(1790952719.360344) can0 2A7#00005689FFFFF5D5
(1790952719.364693) can0 2A1#0100010000000000
(1790952719.364770) can0 2A2#0000D2B4000003FE
(1790952719.364895) can0 2A3#0002DF34FFFD737C
(1790952719.365019) can0 2A4#00011AB6FFFD7B76
(1790952719.365120) can0 2A5#000007BF000007CA
(1790952719.365243) can0 2A6#FFFFF847FFFFFA7E
(1790952719.365372) can0 2A7#00005689FFFFF5D5
(1790952719.369671) can0 2A1#0100010000000000
(1790952719.369768) can0 2A2#0000D2B4000003FE
(1790952719.369893) can0 2A3#0002DF34FFFD737C
(1790952719.369991) can0 2A4#00011AB6FFFD7B76
(1790952719.370117) can0 2A5#000007BF000007CA
(1790952719.370241) can0 2A6#FFFFF847FFFFFA7E
(1790952719.370342) can0 2A7#00005689FFFFF5D5
(1790952719.374694) can0 2A1#0100010000000000
(1790952719.374769) can0 2A2#0000D2B4000003FE
(1790952719.374894) can0 2A3#0002DF34FFFD737C
(1790952719.375019) can0 2A4#00011AB6FFFD7B76
(1790952719.375144) can0 2A5#000007BF000007CA
(1790952719.375243) can0 2A6#FFFFF847FFFFFA7E
(1790952719.375370) can0 2A7#00005689FFFFF5D5
(1790952719.379710) can0 2A1#0100010000000000
(1790952719.379769) can0 2A2#0000D2B4000003FE
(1790952719.379893) can0 2A3#0002DF34FFFD737C
(1790952719.379992) can0 2A4#00011AB6FFFD7B76
(1790952719.380122) can0 2A5#000007BF000007CA
(1790952719.380249) can0 2A6#FFFFF847FFFFFA7E
(1790952719.380370) can0 2A7#00005689FFFFF5D5
(1790952719.384673) can0 2A1#0100010000000000
(1790952719.384770) can0 2A2#0000D2B4000003FE
(1790952719.384893) can0 2A3#0002DF34FFFD737C
(1790952719.385017) can0 2A4#00011AB6FFFD7B76
(1790952719.385141) can0 2A5#000007BF000007CA
(1790952719.385242) can0 2A6#FFFFF847FFFFFA7E
(1790952719.385369) can0 2A7#00005689FFFFF5D5
(1790952719.389660) can0 2A1#0100010000000000
(1790952719.389771) can0 2A2#0000D2B4000003FE
(1790952719.389893) can0 2A3#0002DF34FFFD737C
(1790952719.390018) can0 2A4#00011AB6FFFD7B76
(1790952719.390118) can0 2A5#000007BF000007CA
(1790952719.390243) can0 2A6#FFFFF847FFFFFA7E
(1790952719.390343) can0 2A7#00005689FFFFF5D5
(1790952719.394670) can0 2A1#0100010000000000
(1790952719.394797) can0 2A2#0000D2B4000003FE
(1790952719.394918) can0 2A3#0002DF34FFFD737C
(1790952719.395016) can0 2A4#00011AB6FFFD7B76
(1790952719.395141) can0 2A5#000007BF000007CA
(1790952719.395242) can0 2A6#FFFFF847FFFFFA7E
(1790952719.395367) can0 2A7#00005689FFFFF5D5
(1790952719.399654) can0 2A1#0100010000000000
(1790952719.399770) can0 2A2#0000D2B4000003FE
(1790952719.399893) can0 2A3#0002DF34FFFD737C
(1790952719.400017) can0 2A4#00011AB6FFFD7B76
(1790952719.400116) can0 2A5#000007BF000007CA
(1790952719.400242) can0 2A6#FFFFF847FFFFFA7E
(1790952719.400367) can0 2A7#00005689FFFFF5D5
(1790952719.404656) can0 2A1#0100010000000000
(1790952719.404767) can0 2A2#0000D2B4000003FE
(1790952719.404892) can0 2A3#0002DF34FFFD737C
(1790952719.405016) can0 2A4#00011AB6FFFD7B76
(1790952719.405142) can0 2A5#000007BF000007CA
(1790952719.405242) can0 2A6#FFFFF847FFFFFA7E
(1790952719.405368) can0 2A7#00005689FFFFF5D5
(1790952719.409662) can0 2A1#0100010000000000
(1790952719.409771) can0 2A2#0000D2B4000003FE
(1790952719.409894) can0 2A3#0002DF34FFFD737C
(1790952719.409994) can0 2A4#00011AB6FFFD7B76
(1790952719.410118) can0 2A5#000007BF000007CA
(1790952719.410244) can0 2A6#FFFFF847FFFFFA7E
(1790952719.410369) can0 2A7#00005689FFFFF5D5
(1790952719.414656) can0 2A1#0100010000000000
(1790952719.414767) can0 2A2#0000D2B4000003FE
(1790952719.414891) can0 2A3#0002DF34FFFD737C
(1790952719.415016) can0 2A4#00011AB6FFFD7B76
(1790952719.415141) can0 2A5#000007BF000007CA
(1790952719.415241) can0 2A6#FFFFF847FFFFFA7E
(1790952719.415367) can0 2A7#00005689FFFFF5D5
(1790952719.419654) can0 2A1#0100010000000000
(1790952719.419769) can0 2A2#0000D2B4000003FE
(1790952719.419870) can0 2A3#0002DF34FFFD737C
(1790952719.419992) can0 2A4#00011AB6FFFD7B76
(1790952719.420116) can0 2A5#000007BF000007CA
(1790952719.420241) can0 2A6#FFFFF847FFFFFA7E
(1790952719.420367) can0 2A7#00005689FFFFF5D5
(1790952719.424653) can0 2A1#0100010000000000
(1790952719.424768) can0 2A2#0000D2B4000003FE
(1790952719.424895) can0 2A3#0002DF34FFFD737C
(1790952719.425019) can0 2A4#00011AB6FFFD7B76
(1790952719.425143) can0 2A5#000007BF000007CA
(1790952719.425244) can0 2A6#FFFFF847FFFFFA7E
(1790952719.425369) can0 2A7#00005689FFFFF5D5
(1790952719.429659) can0 2A1#0100010000000000
(1790952719.429770) can0 2A2#0000D2B4000003FE
(1790952719.429894) can0 2A3#0002DF34FFFD737C
(1790952719.429993) can0 2A4#00011AB6FFFD7B76
(1790952719.430117) can0 2A5#000007BF000007CA
(1790952719.430243) can0 2A6#FFFFF847FFFFFA7E
(1790952719.430370) can0 2A7#00005689FFFFF5D5
(1790952719.434679) can0 2A1#0100010000000000
(1790952719.434768) can0 2A2#0000D2B4000003FE
(1790952719.434893) can0 2A3#0002DF34FFFD737C
(1790952719.435017) can0 2A4#00011AB6FFFD7B76
(1790952719.435116) can0 2A5#000007BF000007CA
(1790952719.435267) can0 2A6#FFFFF847FFFFFA7E
(1790952719.435368) can0 2A7#00005689FFFFF5D5
(1790952719.439716) can0 2A1#0100010000000000
(1790952719.439771) can0 2A2#0000D2B4000003FE
(1790952719.440031) can0 2A3#0002DF34FFFD737C
(1790952719.440042) can0 2A4#00011AB6FFFD7B76
(1790952719.440279) can0 2A5#000007BF000007CA
(1790952719.440284) can0 2A6#FFFFF847FFFFFA7E
(1790952719.440370) can0 2A7#00005689FFFFF5D5
(1790952719.444740) can0 2A1#0100010000000000
(1790952719.444796) can0 2A2#0000D2B4000003FE
(1790952719.444893) can0 2A3#0002DF34FFFD737C
(1790952719.445017) can0 2A4#00011AB6FFFD7B76
(1790952719.445214) can0 2A5#000007BF000007CA
(1790952719.445246) can0 2A6#FFFFF847FFFFFA7E
(1790952719.445465) can0 2A7#00005689FFFFF5D5
(1790952719.449683) can0 2A1#0100010000000000
(1790952719.449769) can0 2A2#0000D2B4000003FE
(1790952719.449894) can0 2A3#0002DF34FFFD737C
(1790952719.449995) can0 2A4#00011AB6FFFD7B76
(1790952719.450122) can0 2A5#000007BF000007CA
(1790952719.450247) can0 2A6#FFFFF847FFFFFA7E
(1790952719.450346) can0 2A7#00005689FFFFF5D5
(1790952719.454802) can0 2A1#0100010000000000
(1790952719.454828) can0 2A2#0000D2B4000003FE
(1790952719.454893) can0 2A3#0002DF34FFFD737C
(1790952719.455018) can0 2A4#00011AB6FFFD7B76
(1790952719.455257) can0 2A5#000007BF000007CA
(1790952719.455267) can0 2A6#FFFFF847FFFFFA7E
(1790952719.455434) can0 2A7#00005689FFFFF5D5
(1790952719.459659) can0 2A1#0100010000000000
(1790952719.459771) can0 2A2#0000D2B4000003FE
(1790952719.460044) can0 2A3#0002DF34FFFD737C
(1790952719.460050) can0 2A4#00011AB6FFFD7B76
(1790952719.460216) can0 2A5#000007BF000007CA
(1790952719.460356) can0 2A6#FFFFF847FFFFFA7E
(1790952719.460361) can0 2A7#00005689FFFFF5D5
(1790952719.464677) can0 2A1#0100010000000000
(1790952719.464767) can0 2A2#0000D2B4000003FE
(1790952719.464891) can0 2A3#0002DF34FFFD737C
(1790952719.464991) can0 2A4#00011AB6FFFD7B76
(1790952719.465141) can0 2A5#000007BF000007CA
(1790952719.465268) can0 2A6#FFFFF847FFFFFA7E
(1790952719.465368) can0 2A7#00005689FFFFF5D5
(1790952719.469659) can0 2A1#0100010000000000
(1790952719.469768) can0 2A2#0000D2B4000003FE
(1790952719.469899) can0 2A3#0002DF34FFFD737C
(1790952719.469993) can0 2A4#00011AB6FFFD7B76
(1790952719.470117) can0 2A5#000007BF000007CA
(1790952719.470243) can0 2A6#FFFFF847FFFFFA7E
(1790952719.470344) can0 2A7#00005689FFFFF5D5
(1790952719.474683) can0 2A1#0100010000000000
(1790952719.474769) can0 2A2#0000D2B4000003FE
(1790952719.474894) can0 2A3#0002DF34FFFD737C
(1790952719.475019) can0 2A4#00011AB6FFFD7B76
(1790952719.475119) can0 2A5#000007BF000007CA
(1790952719.475269) can0 2A6#FFFFF847FFFFFA7E
(1790952719.475370) can0 2A7#00005689FFFFF5D5
(1790952719.479653) can0 2A1#0100010000000000
(1790952719.479769) can0 2A2#0000D2B4000003FE
(1790952719.479883) can0 2A3#0002DF34FFFD737C
(1790952719.479993) can0 2A4#00011AB6FFFD7B76
(1790952719.480142) can0 2A5#000007BF000007CA
(1790952719.480243) can0 2A6#FFFFF847FFFFFA7E
(1790952719.480371) can0 2A7#00005689FFFFF5D5
(1790952719.484661) can0 2A1#0100010000000000
(1790952719.484770) can0 2A2#0000D2B4000003FE
(1790952719.484896) can0 2A3#0002DF34FFFD737C
(1790952719.485018) can0 2A4#00011AB6FFFD7B76
(1790952719.485145) can0 2A5#000007BF000007CA
(1790952719.485256) can0 2A6#FFFFF847FFFFFA7E
(1790952719.485369) can0 2A7#00005689FFFFF5D5
(1790952719.489661) can0 2A1#0100010000000000
(1790952719.489771) can0 2A2#0000D2B4000003FE
(1790952719.490032) can0 2A3#0002DF34FFFD737C
(1790952719.490038) can0 2A4#00011AB6FFFD7B76
(1790952719.490117) can0 2A5#000007BF000007CA
(1790952719.490242) can0 2A6#FFFFF847FFFFFA7E
(1790952719.490370) can0 2A7#00005689FFFFF5D5
(1790952719.494780) can0 2A1#0100010000000000
(1790952719.494789) can0 2A2#0000D2B4000003FE
(1790952719.494895) can0 2A3#0002DF34FFFD737C
(1790952719.495017) can0 2A4#00011AB6FFFD7B76
(1790952719.495142) can0 2A5#000007BF000007CA
(1790952719.495242) can0 2A6#FFFFF847FFFFFA7E
(1790952719.495369) can0 2A7#00005689FFFFF5D5
(1790952719.499739) can0 2A1#0100010000000000
(1790952719.499773) can0 2A2#0000D2B4000003FE
(1790952719.500012) can0 2A3#0002DF34FFFD737C
(1790952719.500020) can0 2A4#00011AB6FFFD7B76
(1790952719.500204) can0 2A5#000007BF000007CA
(1790952719.500252) can0 2A6#FFFFF847FFFFFA7E
(1790952719.500397) can0 2A7#00005689FFFFF5D5
(1790952719.504756) can0 2A1#0100010000000000
(1790952719.504796) can0 2A2#0000D2B4000003FE
(1790952719.505041) can0 2A3#0002DF34FFFD737C
(1790952719.505051) can0 2A4#00011AB6FFFD7B76
(1790952719.505217) can0 2A5#000007BF000007CA
(1790952719.505249) can0 2A6#FFFFF847FFFFFA7E
(1790952719.505445) can0 2A7#00005689FFFFF5D5
(1790952719.509772) can0 2A1#0100010000000000
(1790952719.509784) can0 2A2#0000D2B4000003FE
(1790952719.509882) can0 2A3#0002DF34FFFD737C
(1790952719.510085) can0 2A4#00011AB6FFFD7B76
(1790952719.510118) can0 2A5#000007BF000007CA
(1790952719.510241) can0 2A6#FFFFF847FFFFFA7E
(1790952719.510369) can0 2A7#00005689FFFFF5D5
(1790952719.514678) can0 2A1#0100010000000000
(1790952719.514771) can0 2A2#0000D2B4000003FE
(1790952719.515051) can0 2A3#0002DF34FFFD737C
(1790952719.515062) can0 2A4#00011AB6FFFD7B76
(1790952719.515151) can0 2A5#000007BF000007CA
(1790952719.515247) can0 2A6#FFFFF847FFFFFA7E
(1790952719.515505) can0 2A7#00005689FFFFF5D5
(1790952719.519752) can0 2A1#0100010000000000
(1790952719.519795) can0 2A2#0000D2B4000003FE
(1790952719.519894) can0 2A3#0002DF34FFFD737C
(1790952719.519994) can0 2A4#00011AB6FFFD7B76
(1790952719.520126) can0 2A5#000007BF000007CA
(1790952719.520244) can0 2A6#FFFFF847FFFFFA7E
(1790952719.520369) can0 2A7#00005689FFFFF5D5
(1790952719.524728) can0 2A1#0100010000000000
(1790952719.524796) can0 2A2#0000D2B4000003FE
(1790952719.524896) can0 2A3#0002DF34FFFD737C
(1790952719.525021) can0 2A4#00011AB6FFFD7B76
(1790952719.525147) can0 2A5#000007BF000007CA
(1790952719.525245) can0 2A6#FFFFF847FFFFFA7E
(1790952719.525370) can0 2A7#00005689FFFFF5D5
(1790952719.529654) can0 2A1#0100010000000000
(1790952719.529770) can0 2A2#0000D2B4000003FE
(1790952719.530027) can0 2A3#0002DF34FFFD737C
(1790952719.530036) can0 2A4#00011AB6FFFD7B76
(1790952719.530120) can0 2A5#000007BF000007CA
(1790952719.530243) can0 2A6#FFFFF847FFFFFA7E
(1790952719.530368) can0 2A7#00005689FFFFF5D5
(1790952719.534661) can0 2A1#0100010000000000
(1790952719.534771) can0 2A2#0000D2B4000003FE
(1790952719.534898) can0 2A3#0002DF34FFFD737C
(1790952719.535019) can0 2A4#00011AB6FFFD7B76
(1790952719.535145) can0 2A5#000007BF000007CA
(1790952719.535243) can0 2A6#FFFFF847FFFFFA7E
(1790952719.535369) can0 2A7#00005689FFFFF5D5
(1790952719.539732) can0 2A1#0100010000000000
(1790952719.539896) can0 2A2#0000D2B4000003FE
(1790952719.539901) can0 2A3#0002DF34FFFD737C
(1790952719.540093) can0 2A4#00011AB6FFFD7B76
(1790952719.540115) can0 2A5#000007BF000007CA
(1790952719.540321) can0 2A6#FFFFF847FFFFFA7E
(1790952719.540374) can0 2A7#00005689FFFFF5D5
(1790952719.544802) can0 2A1#0100010000000000
(1790952719.544816) can0 2A2#0000D2B4000003FE
(1790952719.544896) can0 2A3#0002DF34FFFD737C
(1790952719.544996) can0 2A4#00011AB6FFFD7B76
(1790952719.545144) can0 2A5#000007BF000007CA
(1790952719.545270) can0 2A6#FFFFF847FFFFFA7E
(1790952719.545371) can0 2A7#00005689FFFFF5D5
(1790952719.549666) can0 2A1#0100010000000000
(1790952719.549770) can0 2A2#0000D2B4000003FE
(1790952719.549894) can0 2A3#0002DF34FFFD737C
(1790952719.549993) can0 2A4#00011AB6FFFD7B76
(1790952719.550118) can0 2A5#000007BF000007CA
(1790952719.550243) can0 2A6#FFFFF847FFFFFA7E
(1790952719.550368) can0 2A7#00005689FFFFF5D5
(1790952719.554687) can0 2A1#0100010000000000
(1790952719.554774) can0 2A2#0000D2B4000003FE
(1790952719.555047) can0 2A3#0002DF34FFFD737C
(1790952719.555058) can0 2A4#00011AB6FFFD7B76
(1790952719.555125) can0 2A5#000007BF000007CA
(1790952719.555248) can0 2A6#FFFFF847FFFFFA7E
(1790952719.555374) can0 2A7#00005689FFFFF5D5
(1790952719.559741) can0 2A1#0100010000000000
(1790952719.559782) can0 2A2#0000D2B4000003FE
(1790952719.559881) can0 2A3#0002DF34FFFD737C
(1790952719.560051) can0 2A4#00011AB6FFFD7B76
(1790952719.560136) can0 2A5#000007BF000007CA
(1790952719.560320) can0 2A6#FFFFF847FFFFFA7E
(1790952719.560380) can0 2A7#00005689FFFFF5D5
(1790952719.564746) can0 2A1#0100010000000000
(1790952719.564779) can0 2A2#0000D2B4000003FE
(1790952719.564899) can0 2A3#0002DF34FFFD737C
(1790952719.565123) can0 2A4#00011AB6FFFD7B76
(1790952719.565154) can0 2A5#000007BF000007CA
(1790952719.565321) can0 2A6#FFFFF847FFFFFA7E
(1790952719.565373) can0 2A7#00005689FFFFF5D5
(1790952719.569657) can0 2A1#0100010000000000
(1790952719.569770) can0 2A2#0000D2B4000003FE
(1790952719.569886) can0 2A3#0002DF34FFFD737C
(1790952719.569994) can0 2A4#00011AB6FFFD7B76
(1790952719.570144) can0 2A5#000007BF000007CA
(1790952719.570243) can0 2A6#FFFFF847FFFFFA7E
(1790952719.570368) can0 2A7#00005689FFFFF5D5
(1790952719.574691) can0 2A1#0100010000000000
(1790952719.574770) can0 2A2#0000D2B4000003FE
(1790952719.574993) can0 2A3#0002DF34FFFD737C
(1790952719.575018) can0 2A4#00011AB6FFFD7B76
(1790952719.575144) can0 2A5#000007BF000007CA
(1790952719.575243) can0 2A6#FFFFF847FFFFFA7E
(1790952719.575369) can0 2A7#00005689FFFFF5D5
(1790952719.579659) can0 2A1#0100010000000000
(1790952719.579770) can0 2A2#0000D2B4000003FE
(1790952719.579894) can0 2A3#0002DF34FFFD737C
(1790952719.579994) can0 2A4#00011AB6FFFD7B76
(1790952719.580117) can0 2A5#000007BF000007CA
(1790952719.580242) can0 2A6#FFFFF847FFFFFA7E
(1790952719.580380) can0 2A7#00005689FFFFF5D5
(1790952719.584695) can0 2A1#0100010000000000
(1790952719.584794) can0 2A2#0000D2B4000003FE
(1790952719.585119) can0 2A3#0002DF34FFFD737C
(1790952719.585124) can0 2A4#00011AB6FFFD7B76
(1790952719.585142) can0 2A5#000007BF000007CA
(1790952719.585244) can0 2A6#FFFFF847FFFFFA7E
(1790952719.585367) can0 2A7#00005689FFFFF5D5
(1790952719.589654) can0 2A1#0100010000000000
(1790952719.589766) can0 2A2#0000D2B4000003FE
(1790952719.590018) can0 2A3#0002DF34FFFD737C
(1790952719.590025) can0 2A4#00011AB6FFFD7B76
(1790952719.590117) can0 2A5#000007BF000007CA
(1790952719.590241) can0 2A6#FFFFF847FFFFFA7E
(1790952719.590367) can0 2A7#00005689FFFFF5D5
(1790952719.594648) can0 2A1#0100010000000000
(1790952719.594766) can0 2A2#0000D2B4000003FE
(1790952719.594891) can0 2A3#0002DF34FFFD737C
(1790952719.595018) can0 2A4#00011AB6FFFD7B76
(1790952719.595144) can0 2A5#000007BF000007CA
(1790952719.595241) can0 2A6#FFFFF847FFFFFA7E
(1790952719.595367) can0 2A7#00005689FFFFF5D5
(1790952719.599672) can0 2A1#0100010000000000
(1790952719.599769) can0 2A2#0000D2B4000003FE
(1790952719.599894) can0 2A3#0002DF34FFFD737C
(1790952719.599994) can0 2A4#00011AB6FFFD7B76
(1790952719.600118) can0 2A5#000007BF000007CA
(1790952719.600246) can0 2A6#FFFFF847FFFFFA7E
(1790952719.600372) can0 2A7#00005689FFFFF5D5
(1790952719.604672) can0 2A1#0100010000000000
(1790952719.604768) can0 2A2#0000D2B4000003FE
(1790952719.604894) can0 2A3#0002DF34FFFD737C
(1790952719.605018) can0 2A4#00011AB6FFFD7B76
(1790952719.605143) can0 2A5#000007BF000007CA
(1790952719.605269) can0 2A6#FFFFF847FFFFFA7E
(1790952719.605380) can0 2A7#00005689FFFFF5D5
(1790952719.609661) can0 2A1#0100010000000000
(1790952719.609768) can0 2A2#0000D2B4000003FE
(1790952719.609894) can0 2A3#0002DF34FFFD737C
(1790952719.609994) can0 2A4#00011AB6FFFD7B76
(1790952719.610126) can0 2A5#000007BF000007CA
(1790952719.610243) can0 2A6#FFFFF847FFFFFA7E
(1790952719.610370) can0 2A7#00005689FFFFF5D5
(1790952719.614681) can0 2A1#0100010000000000
(1790952719.614773) can0 2A2#0000D2B4000003FE
(1790952719.614897) can0 2A3#0002DF34FFFD737C
(1790952719.615021) can0 2A4#00011AB6FFFD7B76
(1790952719.615145) can0 2A5#000007BF000007CA
(1790952719.615269) can0 2A6#FFFFF847FFFFFA7E
(1790952719.615370) can0 2A7#00005689FFFFF5D5
(1790952719.619652) can0 2A1#0100010000000000
(1790952719.619770) can0 2A2#0000D2B4000003FE
(1790952719.619897) can0 2A3#0002DF34FFFD737C
(1790952719.620021) can0 2A4#00011AB6FFFD7B76
(1790952719.620120) can0 2A5#000007BF000007CA
(1790952719.620244) can0 2A6#FFFFF847FFFFFA7E
(1790952719.620345) can0 2A7#00005689FFFFF5D5
(1790952719.624682) can0 2A1#0100010000000000
(1790952719.624795) can0 2A2#0000D2B4000003FE
(1790952719.624896) can0 2A3#0002DF34FFFD737C
(1790952719.625020) can0 2A4#00011AB6FFFD7B76
(1790952719.625145) can0 2A5#000007BF000007CA
(1790952719.625245) can0 2A6#FFFFF847FFFFFA7E
(1790952719.625370) can0 2A7#00005689FFFFF5D5
(1790952719.629649) can0 2A1#0100010000000000
(1790952719.629773) can0 2A2#0000D2B4000003FE
(1790952719.629875) can0 2A3#0002DF34FFFD737C
(1790952719.630021) can0 2A4#00011AB6FFFD7B76
(1790952719.630156) can0 2A5#000007BF000007CA
(1790952719.630246) can0 2A6#FFFFF847FFFFFA7E
(1790952719.630373) can0 2A7#00005689FFFFF5D5
(1790952719.634667) can0 2A1#0100010000000000
(1790952719.634775) can0 2A2#0000D2B4000003FE
(1790952719.634900) can0 2A3#0002DF34FFFD737C
(1790952719.635021) can0 2A4#00011AB6FFFD7B76
(1790952719.635143) can0 2A5#000007BF000007CA
(1790952719.635243) can0 2A6#FFFFF847FFFFFA7E
(1790952719.635371) can0 2A7#00005689FFFFF5D5
(1790952719.639654) can0 2A1#0100010000000000
(1790952719.639768) can0 2A2#0000D2B4000003FE
(1790952719.639894) can0 2A3#0002DF34FFFD737C
(1790952719.640018) can0 2A4#00011AB6FFFD7B76
(1790952719.640143) can0 2A5#000007BF000007CA
(1790952719.640244) can0 2A6#FFFFF847FFFFFA7E
(1790952719.640371) can0 2A7#00005689FFFFF5D5
(1790952719.644658) can0 2A1#0100010000000000
(1790952719.644770) can0 2A2#0000D2B4000003FE
(1790952719.644895) can0 2A3#0002DF34FFFD737C
(1790952719.645018) can0 2A4#00011AB6FFFD7B76
(1790952719.645143) can0 2A5#000007BF000007CA
(1790952719.645243) can0 2A6#FFFFF847FFFFFA7E
(1790952719.645370) can0 2A7#00005689FFFFF5D5
(1790952719.649654) can0 2A1#0100010000000000
(1790952719.649772) can0 2A2#0000D2B4000003FE
(1790952719.649895) can0 2A3#0002DF34FFFD737C
(1790952719.649996) can0 2A4#00011AB6FFFD7B76
(1790952719.650146) can0 2A5#000007BF000007CA
(1790952719.650246) can0 2A6#FFFFF847FFFFFA7E
(1790952719.650371) can0 2A7#00005689FFFFF5D5
(1790952719.654674) can0 2A1#0100010000000000
(1790952719.654774) can0 2A2#0000D2B4000003FE
(1790952719.654895) can0 2A3#0002DF34FFFD737C
(1790952719.655020) can0 2A4#00011AB6FFFD7B76
(1790952719.655145) can0 2A5#000007BF000007CA
(1790952719.655245) can0 2A6#FFFFF847FFFFFA7E
(1790952719.655371) can0 2A7#00005689FFFFF5D5
(1790952719.659669) can0 2A1#0100010000000000
(1790952719.659771) can0 2A2#0000D2B4000003FE
(1790952719.659896) can0 2A3#0002DF34FFFD737C
(1790952719.659998) can0 2A4#00011AB6FFFD7B76
(1790952719.660121) can0 2A5#000007BF000007CA
(1790952719.660246) can0 2A6#FFFFF847FFFFFA7E
(1790952719.660373) can0 2A7#00005689FFFFF5D5
(1790952719.664691) can0 2A1#0100010000000000
(1790952719.664800) can0 2A2#0000D2B4000003FE
(1790952719.664895) can0 2A3#0002DF34FFFD737C
(1790952719.665025) can0 2A4#00011AB6FFFD7B76
(1790952719.665146) can0 2A5#000007BF000007CA
(1790952719.665271) can0 2A6#FFFFF847FFFFFA7E
(1790952719.665370) can0 2A7#00005689FFFFF5D5
(1790952719.669655) can0 2A1#0100010000000000
(1790952719.669770) can0 2A2#0000D2B4000003FE
(1790952719.669896) can0 2A3#0002DF34FFFD737C
(1790952719.670016) can0 2A4#00011AB6FFFD7B76
(1790952719.670116) can0 2A5#000007BF000007CA
(1790952719.670242) can0 2A6#FFFFF847FFFFFA7E
(1790952719.670342) can0 2A7#00005689FFFFF5D5
(1790952719.674680) can0 2A1#0100010000000000
(1790952719.674791) can0 2A2#0000D2B4000003FE
(1790952719.674891) can0 2A3#0002DF34FFFD737C
(1790952719.675016) can0 2A4#00011AB6FFFD7B76
(1790952719.675141) can0 2A5#000007BF000007CA
(1790952719.675244) can0 2A6#FFFFF847FFFFFA7E
(1790952719.675369) can0 2A7#00005689FFFFF5D5
(1790952719.679653) can0 2A1#0100010000000000
(1790952719.679772) can0 2A2#0000D2B4000003FE
(1790952719.679895) can0 2A3#0002DF34FFFD737C
(1790952719.679994) can0 2A4#00011AB6FFFD7B76
(1790952719.680144) can0 2A5#000007BF000007CA
(1790952719.680244) can0 2A6#FFFFF847FFFFFA7E
(1790952719.680374) can0 2A7#00005689FFFFF5D5
(1790952719.684655) can0 2A1#0100010000000000
(1790952719.684771) can0 2A2#0000D2B4000003FE
(1790952719.684896) can0 2A3#0002DF34FFFD737C
(1790952719.685017) can0 2A4#00011AB6FFFD7B76
(1790952719.685141) can0 2A5#000007BF000007CA
(1790952719.685241) can0 2A6#FFFFF847FFFFFA7E
(1790952719.685368) can0 2A7#00005689FFFFF5D5
(1790952719.689715) can0 2A1#0100010000000000
(1790952719.689767) can0 2A2#0000D2B4000003FE
(1790952719.689891) can0 2A3#0002DF34FFFD737C
(1790952719.690016) can0 2A4#00011AB6FFFD7B76
(1790952719.690141) can0 2A5#000007BF000007CA
(1790952719.690242) can0 2A6#FFFFF847FFFFFA7E
(1790952719.690368) can0 2A7#00005689FFFFF5D5
(1790952719.694662) can0 2A1#0100010000000000
(1790952719.694767) can0 2A2#0000D2B4000003FE
(1790952719.694893) can0 2A3#0002DF34FFFD737C
(1790952719.695018) can0 2A4#00011AB6FFFD7B76
(1790952719.695142) can0 2A5#000007BF000007CA
(1790952719.695242) can0 2A6#FFFFF847FFFFFA7E
(1790952719.695377) can0 2A7#00005689FFFFF5D5
(1790952719.699659) can0 2A1#0100010000000000
(1790952719.699768) can0 2A2#0000D2B4000003FE
(1790952719.699869) can0 2A3#0002DF34FFFD737C
(1790952719.699993) can0 2A4#00011AB6FFFD7B76
(1790952719.700144) can0 2A5#000007BF000007CA
(1790952719.700243) can0 2A6#FFFFF847FFFFFA7E
(1790952719.700370) can0 2A7#00005689FFFFF5D5
(1790952719.704659) can0 2A1#0100010000000000
(1790952719.704770) can0 2A2#0000D2B4000003FE
(1790952719.704894) can0 2A3#0002DF34FFFD737C
(1790952719.705018) can0 2A4#00011AB6FFFD7B76
(1790952719.705144) can0 2A5#000007BF000007CA
(1790952719.705244) can0 2A6#FFFFF847FFFFFA7E
(1790952719.705371) can0 2A7#00005689FFFFF5D5
(1790952719.709654) can0 2A1#0100010000000000
(1790952719.709766) can0 2A2#0000D2B4000003FE
(1790952719.709892) can0 2A3#0002DF34FFFD737C
(1790952719.709991) can0 2A4#00011AB6FFFD7B76
(1790952719.710116) can0 2A5#000007BF000007CA
(1790952719.710241) can0 2A6#FFFFF847FFFFFA7E
(1790952719.710367) can0 2A7#00005689FFFFF5D5
(1790952719.714683) can0 2A1#0100010000000000
(1790952719.714799) can0 2A2#0000D2B4000003FE
(1790952719.714894) can0 2A3#0002DF34FFFD737C
(1790952719.715021) can0 2A4#00011AB6FFFD7B76
(1790952719.715145) can0 2A5#000007BF000007CA
(1790952719.715271) can0 2A6#FFFFF847FFFFFA7E
(1790952719.715370) can0 2A7#00005689FFFFF5D5
(1790952719.719671) can0 2A1#0100010000000000
(1790952719.719772) can0 2A2#0000D2B4000003FE
(1790952719.719898) can0 2A3#0002DF34FFFD737C
(1790952719.719997) can0 2A4#00011AB6FFFD7B76
(1790952719.720120) can0 2A5#000007BF000007CA
(1790952719.720243) can0 2A6#FFFFF847FFFFFA7E
(1790952719.720371) can0 2A7#00005689FFFFF5D5
(1790952719.724681) can0 2A1#0100010000000000
(1790952719.724791) can0 2A2#0000D2B4000003FE
(1790952719.724916) can0 2A3#0002DF34FFFD737C
(1790952719.725017) can0 2A4#00011AB6FFFD7B76
(1790952719.725141) can0 2A5#000007BF000007CA
(1790952719.725241) can0 2A6#FFFFF847FFFFFA7E
(1790952719.725367) can0 2A7#00005689FFFFF5D5
(1790952719.729658) can0 2A1#0100010000000000
(1790952719.729770) can0 2A2#0000D2B4000003FE
(1790952719.729892) can0 2A3#0002DF34FFFD737C
(1790952719.730016) can0 2A4#00011AB6FFFD7B76
(1790952719.730143) can0 2A5#000007BF000007CA
(1790952719.730245) can0 2A6#FFFFF847FFFFFA7E
(1790952719.730369) can0 2A7#00005689FFFFF5D5
(1790952719.734661) can0 2A1#0100010000000000
(1790952719.734769) can0 2A2#0000D2B4000003FE
(1790952719.734893) can0 2A3#0002DF34FFFD737C
(1790952719.735018) can0 2A4#00011AB6FFFD7B76
(1790952719.735144) can0 2A5#000007BF000007CA
(1790952719.735244) can0 2A6#FFFFF847FFFFFA7E
(1790952719.735368) can0 2A7#00005689FFFFF5D5
(1790952719.739648) can0 2A1#0100010000000000
(1790952719.739784) can0 2A2#0000D2B4000003FE
(1790952719.739904) can0 2A3#0002DF34FFFD737C
(1790952719.740016) can0 2A4#00011AB6FFFD7B76
(1790952719.740143) can0 2A5#000007BF000007CA
(1790952719.740244) can0 2A6#FFFFF847FFFFFA7E
(1790952719.740367) can0 2A7#00005689FFFFF5D5
(1790952719.744654) can0 2A1#0100010000000000
(1790952719.744768) can0 2A2#0000D2B4000003FE
(1790952719.744893) can0 2A3#0002DF34FFFD737C
(1790952719.745022) can0 2A4#00011AB6FFFD7B76
(1790952719.745141) can0 2A5#000007BF000007CA
(1790952719.745241) can0 2A6#FFFFF847FFFFFA7E
(1790952719.745366) can0 2A7#00005689FFFFF5D5
(1790952719.749654) can0 2A1#0100010000000000
(1790952719.749768) can0 2A2#0000D2B4000003FE
(1790952719.749893) can0 2A3#0002DF34FFFD737C
(1790952719.749993) can0 2A4#00011AB6FFFD7B76
(1790952719.750144) can0 2A5#000007BF000007CA
(1790952719.750258) can0 2A6#FFFFF847FFFFFA7E
(1790952719.750372) can0 2A7#00005689FFFFF5D5
(1790952719.754711) can0 2A1#0100010000000000
(1790952719.754769) can0 2A2#0000D2B4000003FE
(1790952719.754898) can0 2A3#0002DF34FFFD737C
(1790952719.755020) can0 2A4#00011AB6FFFD7B76
(1790952719.755143) can0 2A5#000007BF000007CA
(1790952719.755267) can0 2A6#FFFFF847FFFFFA7E
(1790952719.755369) can0 2A7#00005689FFFFF5D5
(1790952719.759680) can0 2A1#0100010000000000
(1790952719.759766) can0 2A2#0000D2B4000003FE
(1790952719.759891) can0 2A3#0002DF34FFFD737C
(1790952719.759991) can0 2A4#00011AB6FFFD7B76
(1790952719.760116) can0 2A5#000007BF000007CA
(1790952719.760241) can0 2A6#FFFFF847FFFFFA7E
(1790952719.760367) can0 2A7#00005689FFFFF5D5
(1790952719.764680) can0 2A1#0100010000000000
(1790952719.764796) can0 2A2#0000D2B4000003FE
(1790952719.764895) can0 2A3#0002DF34FFFD737C
(1790952719.765021) can0 2A4#00011AB6FFFD7B76
(1790952719.765144) can0 2A5#000007BF000007CA
(1790952719.765246) can0 2A6#FFFFF847FFFFFA7E
(1790952719.765372) can0 2A7#00005689FFFFF5D5
(1790952719.769659) can0 2A1#0100010000000000
(1790952719.769768) can0 2A2#0000D2B4000003FE
(1790952719.769893) can0 2A3#0002DF34FFFD737C
(1790952719.769993) can0 2A4#00011AB6FFFD7B76
(1790952719.770118) can0 2A5#000007BF000007CA
(1790952719.770244) can0 2A6#FFFFF847FFFFFA7E
(1790952719.770371) can0 2A7#00005689FFFFF5D5
(1790952719.774674) can0 2A1#0100010000000000
(1790952719.774795) can0 2A2#0000D2B4000003FE
(1790952719.774919) can0 2A3#0002DF34FFFD737C
(1790952719.775019) can0 2A4#00011AB6FFFD7B76
(1790952719.775141) can0 2A5#000007BF000007CA
(1790952719.775243) can0 2A6#FFFFF847FFFFFA7E
(1790952719.775371) can0 2A7#00005689FFFFF5D5
(1790952719.779647) can0 2A1#0100010000000000
(1790952719.779770) can0 2A2#0000D2B4000003FE
(1790952719.779896) can0 2A3#0002DF34FFFD737C
(1790952719.780019) can0 2A4#00011AB6FFFD7B76
(1790952719.780145) can0 2A5#000007BF000007CA
(1790952719.780245) can0 2A6#FFFFF847FFFFFA7E
(1790952719.780371) can0 2A7#00005689FFFFF5D5
(1790952719.784668) can0 2A1#0100010000000000
(1790952719.784769) can0 2A2#0000D2B4000003FE
(1790952719.784897) can0 2A3#0002DF34FFFD737C
(1790952719.785020) can0 2A4#00011AB6FFFD7B76
(1790952719.785145) can0 2A5#000007BF000007CA
(1790952719.785245) can0 2A6#FFFFF847FFFFFA7E
(1790952719.785370) can0 2A7#00005689FFFFF5D5
(1790952719.789655) can0 2A1#0100010000000000
(1790952719.789768) can0 2A2#0000D2B4000003FE
(1790952719.789893) can0 2A3#0002DF34FFFD737C
(1790952719.790018) can0 2A4#00011AB6FFFD7B76
(1790952719.790144) can0 2A5#000007BF000007CA
(1790952719.790245) can0 2A6#FFFFF847FFFFFA7E
(1790952719.790369) can0 2A7#00005689FFFFF5D5
(1790952719.794686) can0 2A1#0100010000000000
(1790952719.794768) can0 2A2#0000D2B4000003FE
(1790952719.795196) can0 2A3#0002DF34FFFD737C
(1790952719.795202) can0 2A4#00011AB6FFFD7B76
(1790952719.795204) can0 2A5#000007BF000007CA
(1790952719.795268) can0 2A6#FFFFF847FFFFFA7E
(1790952719.795368) can0 2A7#00005689FFFFF5D5
(1790952719.799659) can0 2A1#0100010000000000
(1790952719.799770) can0 2A2#0000D2B4000003FE
(1790952719.799895) can0 2A3#0002DF34FFFD737C
(1790952719.799995) can0 2A4#00011AB6FFFD7B76
(1790952719.800144) can0 2A5#000007BF000007CA
(1790952719.800245) can0 2A6#FFFFF847FFFFFA7E
(1790952719.800369) can0 2A7#00005689FFFFF5D5
(1790952719.804681) can0 2A1#0100010000000000
(1790952719.804769) can0 2A2#0000D2B4000003FE
(1790952719.804894) can0 2A3#0002DF34FFFD737C
(1790952719.805019) can0 2A4#00011AB6FFFD7B76
(1790952719.805145) can0 2A5#000007BF000007CA
(1790952719.805269) can0 2A6#FFFFF847FFFFFA7E
(1790952719.805369) can0 2A7#00005689FFFFF5D5
(1790952719.809651) can0 2A1#0100010000000000
(1790952719.809769) can0 2A2#0000D2B4000003FE
(1790952719.809869) can0 2A3#0002DF34FFFD737C
(1790952719.809994) can0 2A4#00011AB6FFFD7B76
(1790952719.810143) can0 2A5#000007BF000007CA
(1790952719.810244) can0 2A6#FFFFF847FFFFFA7E
(1790952719.810369) can0 2A7#00005689FFFFF5D5
(1790952719.814649) can0 2A1#0100010000000000
(1790952719.814769) can0 2A2#0000D2B4000003FE
(1790952719.814894) can0 2A3#0002DF34FFFD737C
(1790952719.815019) can0 2A4#00011AB6FFFD7B76
(1790952719.815145) can0 2A5#000007BF000007CA
(1790952719.815269) can0 2A6#FFFFF847FFFFFA7E
(1790952719.815370) can0 2A7#00005689FFFFF5D5
(1790952719.819650) can0 2A1#0100010000000000
(1790952719.819769) can0 2A2#0000D2B4000003FE
(1790952719.819893) can0 2A3#0002DF34FFFD737C
(1790952719.819993) can0 2A4#00011AB6FFFD7B76
(1790952719.820119) can0 2A5#000007BF000007CA
(1790952719.820248) can0 2A6#FFFFF847FFFFFA7E
(1790952719.820373) can0 2A7#00005689FFFFF5D5
(1790952719.824677) can0 2A1#0100010000000000
(1790952719.824769) can0 2A2#0000D2B4000003FE
(1790952719.824894) can0 2A3#0002DF34FFFD737C
(1790952719.825018) can0 2A4#00011AB6FFFD7B76
(1790952719.825143) can0 2A5#000007BF000007CA
(1790952719.825268) can0 2A6#FFFFF847FFFFFA7E
(1790952719.825393) can0 2A7#00005689FFFFF5D5
(1790952719.829647) can0 2A1#0100010000000000
(1790952719.829769) can0 2A2#0000D2B4000003FE
(1790952719.829895) can0 2A3#0002DF34FFFD737C
(1790952719.829994) can0 2A4#00011AB6FFFD7B76
(1790952719.830125) can0 2A5#000007BF000007CA
(1790952719.830249) can0 2A6#FFFFF847FFFFFA7E
(1790952719.830369) can0 2A7#00005689FFFFF5D5
(1790952719.834698) can0 2A1#0100010000000000
(1790952719.834795) can0 2A2#0000D2B4000003FE
(1790952719.834893) can0 2A3#0002DF34FFFD737C
(1790952719.835018) can0 2A4#00011AB6FFFD7B76
(1790952719.835143) can0 2A5#000007BF000007CA
(1790952719.835243) can0 2A6#FFFFF847FFFFFA7E
(1790952719.835383) can0 2A7#00005689FFFFF5D5
(1790952719.839653) can0 2A1#0100010000000000
(1790952719.839772) can0 2A2#0000D2B4000003FE
(1790952719.839895) can0 2A3#0002DF34FFFD737C
(1790952719.840021) can0 2A4#00011AB6FFFD7B76
(1790952719.840144) can0 2A5#000007BF000007CA
(1790952719.840246) can0 2A6#FFFFF847FFFFFA7E
(1790952719.840371) can0 2A7#00005689FFFFF5D5
(1790952719.844684) can0 2A1#0100010000000000
(1790952719.844793) can0 2A2#0000D2B4000003FE
(1790952719.844917) can0 2A3#0002DF34FFFD737C
(1790952719.845017) can0 2A4#00011AB6FFFD7B76
(1790952719.845143) can0 2A5#000007BF000007CA
(1790952719.845241) can0 2A6#FFFFF847FFFFFA7E
(1790952719.845368) can0 2A7#00005689FFFFF5D5
(1790952719.849687) can0 2A1#0100010000000000
(1790952719.849767) can0 2A2#0000D2B4000003FE
(1790952719.849892) can0 2A3#0002DF34FFFD737C
(1790952719.850017) can0 2A4#00011AB6FFFD7B76
(1790952719.850117) can0 2A5#000007BF000007CA
(1790952719.850242) can0 2A6#FFFFF847FFFFFA7E
(1790952719.850369) can0 2A7#00005689FFFFF5D5
(1790952719.854693) can0 2A1#0100010000000000
(1790952719.854791) can0 2A2#0000D2B4000003FE
(1790952719.854915) can0 2A3#0002DF34FFFD737C
(1790952719.855016) can0 2A4#00011AB6FFFD7B76
(1790952719.855141) can0 2A5#000007BF000007CA
(1790952719.855257) can0 2A6#FFFFF847FFFFFA7E
(1790952719.855378) can0 2A7#00005689FFFFF5D5
(1790952719.859648) can0 2A1#0100010000000000
(1790952719.859766) can0 2A2#0000D2B4000003FE
(1790952719.859891) can0 2A3#0002DF34FFFD737C
(1790952719.859990) can0 2A4#00011AB6FFFD7B76
(1790952719.860116) can0 2A5#000007BF000007CA
(1790952719.860241) can0 2A6#FFFFF847FFFFFA7E
(1790952719.860367) can0 2A7#00005689FFFFF5D5
(1790952719.864682) can0 2A1#0100010000000000
(1790952719.864793) can0 2A2#0000D2B4000003FE
(1790952719.864894) can0 2A3#0002DF34FFFD737C
(1790952719.865018) can0 2A4#00011AB6FFFD7B76
(1790952719.865142) can0 2A5#000007BF000007CA
(1790952719.865243) can0 2A6#FFFFF847FFFFFA7E
(1790952719.865369) can0 2A7#00005689FFFFF5D5
(1790952719.869647) can0 2A1#0100010000000000
(1790952719.869767) can0 2A2#0000D2B4000003FE
(1790952719.869894) can0 2A3#0002DF34FFFD737C
(1790952719.870018) can0 2A4#00011AB6FFFD7B76
(1790952719.870142) can0 2A5#000007BF000007CA
(1790952719.870243) can0 2A6#FFFFF847FFFFFA7E
(1790952719.870368) can0 2A7#00005689FFFFF5D5
(1790952719.874675) can0 2A1#0100010000000000
(1790952719.874767) can0 2A2#0000D2B4000003FE
(1790952719.874893) can0 2A3#0002DF34FFFD737C
(1790952719.875018) can0 2A4#00011AB6FFFD7B76
(1790952719.875143) can0 2A5#000007BF000007CA
(1790952719.875243) can0 2A6#FFFFF847FFFFFA7E
(1790952719.875369) can0 2A7#00005689FFFFF5D5
(1790952719.879648) can0 2A1#0100010000000000
(1790952719.879770) can0 2A2#0000D2B4000003FE
(1790952719.879896) can0 2A3#0002DF34FFFD737C
(1790952719.879993) can0 2A4#00011AB6FFFD7B76
(1790952719.880126) can0 2A5#000007BF000007CA
(1790952719.880253) can0 2A6#FFFFF847FFFFFA7E
(1790952719.880371) can0 2A7#00005689FFFFF5D5
(1790952719.884710) can0 2A1#0100010000000000
(1790952719.884794) can0 2A2#0000D2B4000003FE
(1790952719.884895) can0 2A3#0002DF34FFFD737C
(1790952719.885018) can0 2A4#00011AB6FFFD7B76
(1790952719.885143) can0 2A5#000007BF000007CA
(1790952719.885268) can0 2A6#FFFFF847FFFFFA7E
(1790952719.885371) can0 2A7#00005689FFFFF5D5
(1790952719.889656) can0 2A1#0100010000000000
(1790952719.889771) can0 2A2#0000D2B4000003FE
(1790952719.889894) can0 2A3#0002DF34FFFD737C
(1790952719.889996) can0 2A4#00011AB6FFFD7B76
(1790952719.890119) can0 2A5#000007BF000007CA
(1790952719.890244) can0 2A6#FFFFF847FFFFFA7E
(1790952719.890369) can0 2A7#00005689FFFFF5D5
(1790952719.894672) can0 2A1#0100010000000000
(1790952719.894791) can0 2A2#0000D2B4000003FE
(1790952719.894892) can0 2A3#0002DF34FFFD737C
(1790952719.895016) can0 2A4#00011AB6FFFD7B76
(1790952719.895140) can0 2A5#000007BF000007CA
(1790952719.895266) can0 2A6#FFFFF847FFFFFA7E
(1790952719.895367) can0 2A7#00005689FFFFF5D5
(1790952719.899651) can0 2A1#0100010000000000
(1790952719.899773) can0 2A2#0000D2B4000003FE
(1790952719.899894) can0 2A3#0002DF34FFFD737C
(1790952719.899993) can0 2A4#00011AB6FFFD7B76
(1790952719.900118) can0 2A5#000007BF000007CA
(1790952719.900244) can0 2A6#FFFFF847FFFFFA7E
(1790952719.900369) can0 2A7#00005689FFFFF5D5
(1790952719.904684) can0 2A1#0100010000000000
(1790952719.904794) can0 2A2#0000D2B4000003FE
(1790952719.904895) can0 2A3#0002DF34FFFD737C
(1790952719.905019) can0 2A4#00011AB6FFFD7B76
(1790952719.905144) can0 2A5#000007BF000007CA
(1790952719.905244) can0 2A6#FFFFF847FFFFFA7E
(1790952719.905396) can0 2A7#00005689FFFFF5D5
(1790952719.909649) can0 2A1#0100010000000000
(1790952719.909771) can0 2A2#0000D2B4000003FE
(1790952719.909895) can0 2A3#0002DF34FFFD737C
(1790952719.909996) can0 2A4#00011AB6FFFD7B76
(1790952719.910120) can0 2A5#000007BF000007CA
(1790952719.910244) can0 2A6#FFFFF847FFFFFA7E
(1790952719.910369) can0 2A7#00005689FFFFF5D5
(1790952719.914691) can0 2A1#0100010000000000
(1790952719.914769) can0 2A2#0000D2B4000003FE
(1790952719.914896) can0 2A3#0002DF34FFFD737C
(1790952719.915020) can0 2A4#00011AB6FFFD7B76
(1790952719.915145) can0 2A5#000007BF000007CA
(1790952719.915272) can0 2A6#FFFFF847FFFFFA7E
(1790952719.915369) can0 2A7#00005689FFFFF5D5
(1790952719.919652) can0 2A1#0100010000000000
(1790952719.919772) can0 2A2#0000D2B4000003FE
(1790952719.919896) can0 2A3#0002DF34FFFD737C
(1790952719.920020) can0 2A4#00011AB6FFFD7B76
(1790952719.920126) can0 2A5#000007BF000007CA
(1790952719.920244) can0 2A6#FFFFF847FFFFFA7E
(1790952719.920368) can0 2A7#00005689FFFFF5D5
(1790952719.924675) can0 2A1#0100010000000000
(1790952719.924793) can0 2A2#0000D2B4000003FE
(1790952719.924894) can0 2A3#0002DF34FFFD737C
(1790952719.925017) can0 2A4#00011AB6FFFD7B76
(1790952719.925142) can0 2A5#000007BF000007CA
(1790952719.925242) can0 2A6#FFFFF847FFFFFA7E
(1790952719.925391) can0 2A7#00005689FFFFF5D5
(1790952719.929644) can0 2A1#0100010000000000
(1790952719.929770) can0 2A2#0000D2B4000003FE
(1790952719.929895) can0 2A3#0002DF34FFFD737C
(1790952719.929994) can0 2A4#00011AB6FFFD7B76
(1790952719.930144) can0 2A5#000007BF000007CA
(1790952719.930243) can0 2A6#FFFFF847FFFFFA7E
(1790952719.930370) can0 2A7#00005689FFFFF5D5
(1790952719.934691) can0 2A1#0100010000000000
(1790952719.934769) can0 2A2#0000D2B4000003FE
(1790952719.934894) can0 2A3#0002DF34FFFD737C
(1790952719.935019) can0 2A4#00011AB6FFFD7B76
(1790952719.935145) can0 2A5#000007BF000007CA
(1790952719.935270) can0 2A6#FFFFF847FFFFFA7E
(1790952719.935372) can0 2A7#00005689FFFFF5D5
(1790952719.939644) can0 2A1#0100010000000000
(1790952719.939766) can0 2A2#0000D2B4000003FE
(1790952719.939891) can0 2A3#0002DF34FFFD737C
(1790952719.940015) can0 2A4#00011AB6FFFD7B76
(1790952719.940140) can0 2A5#000007BF000007CA
(1790952719.940241) can0 2A6#FFFFF847FFFFFA7E
(1790952719.940396) can0 2A7#00005689FFFFF5D5
(1790952719.944672) can0 2A1#0100010000000000
(1790952719.944791) can0 2A2#0000D2B4000003FE
(1790952719.944922) can0 2A3#0002DF34FFFD737C
(1790952719.945015) can0 2A4#00011AB6FFFD7B76
(1790952719.945140) can0 2A5#000007BF000007CA
(1790952719.945265) can0 2A6#FFFFF847FFFFFA7E
(1790952719.945366) can0 2A7#00005689FFFFF5D5
(1790952719.949665) can0 2A1#0100010000000000
(1790952719.949768) can0 2A2#0000D2B4000003FE
(1790952719.949893) can0 2A3#0002DF34FFFD737C
(1790952719.949993) can0 2A4#00011AB6FFFD7B76
(1790952719.950143) can0 2A5#000007BF000007CA
(1790952719.950243) can0 2A6#FFFFF847FFFFFA7E
(1790952719.950368) can0 2A7#00005689FFFFF5D5
(1790952719.954654) can0 2A1#0100010000000000
(1790952719.954773) can0 2A2#0000D2B4000003FE
(1790952719.954896) can0 2A3#0002DF34FFFD737C
(1790952719.955019) can0 2A4#00011AB6FFFD7B76
(1790952719.955144) can0 2A5#000007BF000007CA
(1790952719.955270) can0 2A6#FFFFF847FFFFFA7E
(1790952719.955369) can0 2A7#00005689FFFFF5D5
(1790952719.959648) can0 2A1#0100010000000000
(1790952719.959770) can0 2A2#0000D2B4000003FE
(1790952719.959894) can0 2A3#0002DF34FFFD737C
(1790952719.960019) can0 2A4#00011AB6FFFD7B76
(1790952719.960144) can0 2A5#000007BF000007CA
(1790952719.960243) can0 2A6#FFFFF847FFFFFA7E
(1790952719.960368) can0 2A7#00005689FFFFF5D5
(1790952719.964652) can0 2A1#0100010000000000
(1790952719.964771) can0 2A2#0000D2B4000003FE
(1790952719.964895) can0 2A3#0002DF34FFFD737C
(1790952719.965022) can0 2A4#00011AB6FFFD7B76
(1790952719.965144) can0 2A5#000007BF000007CA
(1790952719.965269) can0 2A6#FFFFF847FFFFFA7E
(1790952719.965368) can0 2A7#00005689FFFFF5D5
(1790952719.969649) can0 2A1#0100010000000000
(1790952719.969767) can0 2A2#0000D2B4000003FE
(1790952719.969892) can0 2A3#0002DF34FFFD737C
(1790952719.969992) can0 2A4#00011AB6FFFD7B76
(1790952719.970144) can0 2A5#000007BF000007CA
(1790952719.970246) can0 2A6#FFFFF847FFFFFA7E
(1790952719.970368) can0 2A7#00005689FFFFF5D5
(1790952719.974672) can0 2A1#0100010000000000
(1790952719.974769) can0 2A2#0000D2B4000003FE
(1790952719.974911) can0 2A3#0002DF34FFFD737C
(1790952719.975018) can0 2A4#00011AB6FFFD7B76
(1790952719.975143) can0 2A5#000007BF000007CA
(1790952719.975272) can0 2A6#FFFFF847FFFFFA7E
(1790952719.975368) can0 2A7#00005689FFFFF5D5
(1790952719.979674) can0 2A1#0100010000000000
(1790952719.979767) can0 2A2#0000D2B4000003FE
(1790952719.979894) can0 2A3#0002DF34FFFD737C
(1790952719.979993) can0 2A4#00011AB6FFFD7B76
(1790952719.980117) can0 2A5#000007BF000007CA
(1790952719.980244) can0 2A6#FFFFF847FFFFFA7E
(1790952719.980370) can0 2A7#00005689FFFFF5D5
(1790952719.984678) can0 2A1#0100010000000000
(1790952719.984793) can0 2A2#0000D2B4000003FE
(1790952719.984895) can0 2A3#0002DF34FFFD737C
(1790952719.985017) can0 2A4#00011AB6FFFD7B76
(1790952719.985142) can0 2A5#000007BF000007CA
(1790952719.985268) can0 2A6#FFFFF847FFFFFA7E
(1790952719.985368) can0 2A7#00005689FFFFF5D5
(1790952719.989649) can0 2A1#0100010000000000
(1790952719.989774) can0 2A2#0000D2B4000003FE
(1790952719.989895) can0 2A3#0002DF34FFFD737C
(1790952719.989995) can0 2A4#00011AB6FFFD7B76
(1790952719.990146) can0 2A5#000007BF000007CA
(1790952719.990244) can0 2A6#FFFFF847FFFFFA7E
(1790952719.990370) can0 2A7#00005689FFFFF5D5
(1790952719.994653) can0 2A1#0100010000000000
(1790952719.994767) can0 2A2#0000D2B4000003FE
(1790952719.994892) can0 2A3#0002DF34FFFD737C
(1790952719.995018) can0 2A4#00011AB6FFFD7B76
(1790952719.995142) can0 2A5#000007BF000007CA
(1790952719.995267) can0 2A6#FFFFF847FFFFFA7E
(1790952719.995366) can0 2A7#00005689FFFFF5D5
(1790952719.999655) can0 2A1#0100010000000000
(1790952719.999768) can0 2A2#0000D2B4000003FE
(1790952719.999878) can0 2A3#0002DF34FFFD737C
(1790952720.000018) can0 2A4#00011AB6FFFD7B76
(1790952720.000141) can0 2A5#000007BF000007CA
(1790952720.000243) can0 2A6#FFFFF847FFFFFA7E
(1790952720.000370) can0 2A7#00005689FFFFF5D5
(1790952720.004656) can0 2A1#0100010000000000
(1790952720.004766) can0 2A2#0000D2B4000003FE
(1790952720.004890) can0 2A3#0002DF34FFFD737C
(1790952720.005015) can0 2A4#00011AB6FFFD7B76
(1790952720.005140) can0 2A5#000007BF000007CA
(1790952720.005266) can0 2A6#FFFFF847FFFFFA7E
(1790952720.005367) can0 2A7#00005689FFFFF5D5
(1790952720.009649) can0 2A1#0100010000000000
(1790952720.009765) can0 2A2#0000D2B4000003FE
(1790952720.009891) can0 2A3#0002DF34FFFD737C
(1790952720.010015) can0 2A4#00011AB6FFFD7B76
(1790952720.010140) can0 2A5#000007BF000007CA
(1790952720.010241) can0 2A6#FFFFF847FFFFFA7E
(1790952720.010366) can0 2A7#00005689FFFFF5D5
(1790952720.014654) can0 2A1#0100010000000000
(1790952720.014770) can0 2A2#0000D2B4000003FE
(1790952720.014904) can0 2A3#0002DF34FFFD737C
(1790952720.015020) can0 2A4#00011AB6FFFD7B76
(1790952720.015144) can0 2A5#000007BF000007CA
(1790952720.015244) can0 2A6#FFFFF847FFFFFA7E
(1790952720.015369) can0 2A7#00005689FFFFF5D5
(1790952720.019645) can0 2A1#0100010000000000
(1790952720.019769) can0 2A2#0000D2B4000003FE
(1790952720.019893) can0 2A3#0002DF34FFFD737C
(1790952720.020018) can0 2A4#00011AB6FFFD7B76
(1790952720.020144) can0 2A5#000007BF000007CA
(1790952720.020243) can0 2A6#FFFFF847FFFFFA7E
(1790952720.020368) can0 2A7#00005689FFFFF5D5
(1790952720.024672) can0 2A1#0100010000000000
(1790952720.024774) can0 2A2#0000D2B4000003FE
(1790952720.024893) can0 2A3#0002DF34FFFD737C
(1790952720.025018) can0 2A4#00011AB6FFFD7B76
(1790952720.025143) can0 2A5#000007BF000007CA
(1790952720.025243) can0 2A6#FFFFF847FFFFFA7E
(1790952720.025369) can0 2A7#00005689FFFFF5D5
(1790952720.029645) can0 2A1#0100010000000000
(1790952720.029770) can0 2A2#0000D2B4000003FE
(1790952720.029903) can0 2A3#0002DF34FFFD737C
(1790952720.029993) can0 2A4#00011AB6FFFD7B76
(1790952720.030144) can0 2A5#000007BF000007CA
(1790952720.030242) can0 2A6#FFFFF847FFFFFA7E
(1790952720.030368) can0 2A7#00005689FFFFF5D5
(1790952720.034680) can0 2A1#0100010000000000
(1790952720.034770) can0 2A2#0000D2B4000003FE
(1790952720.034894) can0 2A3#0002DF34FFFD737C
(1790952720.035019) can0 2A4#00011AB6FFFD7B76
(1790952720.035142) can0 2A5#000007BF000007CA
(1790952720.035268) can0 2A6#FFFFF847FFFFFA7E
(1790952720.035368) can0 2A7#00005689FFFFF5D5
(1790952720.039677) can0 2A1#0100010000000000
(1790952720.039769) can0 2A2#0000D2B4000003FE
(1790952720.039867) can0 2A3#0002DF34FFFD737C
(1790952720.039993) can0 2A4#00011AB6FFFD7B76
(1790952720.040143) can0 2A5#000007BF000007CA
(1790952720.040242) can0 2A6#FFFFF847FFFFFA7E
(1790952720.040368) can0 2A7#00005689FFFFF5D5
(1790952720.044682) can0 2A1#0100010000000000
(1790952720.044767) can0 2A2#0000D2B4000003FE
(1790952720.044891) can0 2A3#0002DF34FFFD737C
(1790952720.045016) can0 2A4#00011AB6FFFD7B76
(1790952720.045141) can0 2A5#000007BF000007CA
(1790952720.045266) can0 2A6#FFFFF847FFFFFA7E
(1790952720.045390) can0 2A7#00005689FFFFF5D5
(1790952720.049685) can0 2A1#0100010000000000
(1790952720.049768) can0 2A2#0000D2B4000003FE
(1790952720.049897) can0 2A3#0002DF34FFFD737C
(1790952720.050019) can0 2A4#00011AB6FFFD7B76
(1790952720.050119) can0 2A5#000007BF000007CA
(1790952720.050242) can0 2A6#FFFFF847FFFFFA7E
(1790952720.050366) can0 2A7#00005689FFFFF5D5
(1790952720.054705) can0 2A1#0100010000000000
(1790952720.054791) can0 2A2#0000D2B4000003FE
(1790952720.054891) can0 2A3#0002DF34FFFD737C
(1790952720.055017) can0 2A4#00011AB6FFFD7B76
(1790952720.055141) can0 2A5#000007BF000007CA
(1790952720.055242) can0 2A6#FFFFF847FFFFFA7E
(1790952720.055366) can0 2A7#00005689FFFFF5D5
(1790952720.059649) can0 2A1#0100010000000000
(1790952720.059765) can0 2A2#0000D2B4000003FE
(1790952720.059890) can0 2A3#0002DF34FFFD737C
(1790952720.059989) can0 2A4#00011AB6FFFD7B76
(1790952720.060121) can0 2A5#000007BF000007CA
(1790952720.060241) can0 2A6#FFFFF847FFFFFA7E
(1790952720.060366) can0 2A7#00005689FFFFF5D5
(1790952720.064676) can0 2A1#0100010000000000
(1790952720.064791) can0 2A2#0000D2B4000003FE
(1790952720.064890) can0 2A3#0002DF34FFFD737C
(1790952720.065015) can0 2A4#00011AB6FFFD7B76
(1790952720.065142) can0 2A5#000007BF000007CA
(1790952720.065278) can0 2A6#FFFFF847FFFFFA7E
(1790952720.065395) can0 2A7#00005689FFFFF5D5
(1790952720.069673) can0 2A1#0100010000000000
(1790952720.069769) can0 2A2#0000D2B4000003FE
(1790952720.069891) can0 2A3#0002DF34FFFD737C
(1790952720.070020) can0 2A4#00011AB6FFFD7B76
(1790952720.070119) can0 2A5#000007BF000007CA
(1790952720.070244) can0 2A6#FFFFF847FFFFFA7E
(1790952720.070369) can0 2A7#00005689FFFFF5D5
(1790952720.074671) can0 2A1#0100010000000000
(1790952720.074790) can0 2A2#0000D2B4000003FE
(1790952720.074891) can0 2A3#0002DF34FFFD737C
(1790952720.075015) can0 2A4#00011AB6FFFD7B76
(1790952720.075141) can0 2A5#000007BF000007CA
(1790952720.075242) can0 2A6#FFFFF847FFFFFA7E
(1790952720.075390) can0 2A7#00005689FFFFF5D5
(1790952720.079642) can0 2A1#0100010000000000
(1790952720.079767) can0 2A2#0000D2B4000003FE
(1790952720.079893) can0 2A3#0002DF34FFFD737C
(1790952720.080015) can0 2A4#00011AB6FFFD7B76
(1790952720.080140) can0 2A5#000007BF000007CA
(1790952720.080241) can0 2A6#FFFFF847FFFFFA7E
(1790952720.080366) can0 2A7#00005689FFFFF5D5
(1790952720.084663) can0 2A1#0100010000000000
(1790952720.084769) can0 2A2#0000D2B4000003FE
(1790952720.084920) can0 2A3#0002DF34FFFD737C
(1790952720.085018) can0 2A4#00011AB6FFFD7B76
(1790952720.085142) can0 2A5#000007BF000007CA
(1790952720.085277) can0 2A6#FFFFF847FFFFFA7E
(1790952720.085366) can0 2A7#00005689FFFFF5D5
(1790952720.089650) can0 2A1#0100010000000000
(1790952720.089766) can0 2A2#0000D2B4000003FE
(1790952720.089892) can0 2A3#0002DF34FFFD737C
(1790952720.090016) can0 2A4#00011AB6FFFD7B76
(1790952720.090141) can0 2A5#000007BF000007CA
(1790952720.090239) can0 2A6#FFFFF847FFFFFA7E
(1790952720.090365) can0 2A7#00005689FFFFF5D5
(1790952720.094649) can0 2A1#0100010000000000
(1790952720.094766) can0 2A2#0000D2B4000003FE
(1790952720.094891) can0 2A3#0002DF34FFFD737C
(1790952720.095014) can0 2A4#00011AB6FFFD7B76
(1790952720.095141) can0 2A5#000007BF000007CA
(1790952720.095265) can0 2A6#FFFFF847FFFFFA7E
(1790952720.095365) can0 2A7#00005689FFFFF5D5
(1790952720.099657) can0 2A1#0100010000000000
(1790952720.099768) can0 2A2#0000D2B4000003FE
(1790952720.099871) can0 2A3#0002DF34FFFD737C
(1790952720.099994) can0 2A4#00011AB6FFFD7B76
(1790952720.100141) can0 2A5#000007BF000007CA
(1790952720.100243) can0 2A6#FFFFF847FFFFFA7E
(1790952720.100366) can0 2A7#00005689FFFFF5D5
(1790952720.104650) can0 2A1#0100010000000000
(1790952720.104766) can0 2A2#0000D2B4000003FE
(1790952720.104891) can0 2A3#0002DF34FFFD737C
(1790952720.105014) can0 2A4#00011AB6FFFD7B76
(1790952720.105146) can0 2A5#000007BF000007CA
(1790952720.105264) can0 2A6#FFFFF847FFFFFA7E
(1790952720.105365) can0 2A7#00005689FFFFF5D5
(1790952720.109643) can0 2A1#0100010000000000
(1790952720.109764) can0 2A2#0000D2B4000003FE
(1790952720.109889) can0 2A3#0002DF34FFFD737C
(1790952720.110014) can0 2A4#00011AB6FFFD7B76
(1790952720.110114) can0 2A5#000007BF000007CA
(1790952720.110239) can0 2A6#FFFFF847FFFFFA7E
(1790952720.110371) can0 2A7#00005689FFFFF5D5
(1790952720.114674) can0 2A1#0100010000000000
(1790952720.114794) can0 2A2#0000D2B4000003FE
(1790952720.114895) can0 2A3#0002DF34FFFD737C
(1790952720.115019) can0 2A4#00011AB6FFFD7B76
(1790952720.115140) can0 2A5#000007BF000007CA
(1790952720.115269) can0 2A6#FFFFF847FFFFFA7E
(1790952720.115367) can0 2A7#00005689FFFFF5D5
(1790952720.119651) can0 2A1#0100010000000000
(1790952720.119764) can0 2A2#0000D2B4000003FE
(1790952720.119889) can0 2A3#0002DF34FFFD737C
(1790952720.120014) can0 2A4#00011AB6FFFD7B76
(1790952720.120139) can0 2A5#000007BF000007CA
(1790952720.120239) can0 2A6#FFFFF847FFFFFA7E
(1790952720.120365) can0 2A7#00005689FFFFF5D5
(1790952720.124670) can0 2A1#0100010000000000
(1790952720.124789) can0 2A2#0000D2B4000003FE
(1790952720.124914) can0 2A3#0002DF34FFFD737C
(1790952720.125014) can0 2A4#00011AB6FFFD7B76
(1790952720.125140) can0 2A5#000007BF000007CA
(1790952720.125268) can0 2A6#FFFFF847FFFFFA7E
(1790952720.125367) can0 2A7#00005689FFFFF5D5
(1790952720.129669) can0 2A1#0100010000000000
(1790952720.129767) can0 2A2#0000D2B4000003FE
(1790952720.129892) can0 2A3#0002DF34FFFD737C
(1790952720.130019) can0 2A4#00011AB6FFFD7B76
(1790952720.130116) can0 2A5#000007BF000007CA
(1790952720.130242) can0 2A6#FFFFF847FFFFFA7E
(1790952720.130367) can0 2A7#00005689FFFFF5D5
(1790952720.134681) can0 2A1#0100010000000000
(1790952720.134792) can0 2A2#0000D2B4000003FE
(1790952720.134891) can0 2A3#0002DF34FFFD737C
(1790952720.135016) can0 2A4#00011AB6FFFD7B76
(1790952720.135141) can0 2A5#000007BF000007CA
(1790952720.135243) can0 2A6#FFFFF847FFFFFA7E
(1790952720.135368) can0 2A7#00005689FFFFF5D5
(1790952720.139680) can0 2A1#0100010000000000
(1790952720.139765) can0 2A2#0000D2B4000003FE
(1790952720.139889) can0 2A3#0002DF34FFFD737C
(1790952720.140014) can0 2A4#00011AB6FFFD7B76
(1790952720.140116) can0 2A5#000007BF000007CA
(1790952720.140240) can0 2A6#FFFFF847FFFFFA7E
(1790952720.140366) can0 2A7#00005689FFFFF5D5
(1790952720.144681) can0 2A1#0100010000000000
(1790952720.144792) can0 2A2#0000D2B4000003FE
(1790952720.144892) can0 2A3#0002DF34FFFD737C
(1790952720.145017) can0 2A4#00011AB6FFFD7B76
(1790952720.145140) can0 2A5#000007BF000007CA
(1790952720.145241) can0 2A6#FFFFF847FFFFFA7E
(1790952720.145364) can0 2A7#00005689FFFFF5D5
(1790952720.149656) can0 2A1#0100010000000000
(1790952720.149766) can0 2A2#0000D2B4000003FE
(1790952720.149893) can0 2A3#0002DF34FFFD737C
(1790952720.150016) can0 2A4#00011AB6FFFD7B76
(1790952720.150122) can0 2A5#000007BF000007CA
(1790952720.150245) can0 2A6#FFFFF847FFFFFA7E
(1790952720.150367) can0 2A7#00005689FFFFF5D5
(1790952720.154664) can0 2A1#0100010000000000
(1790952720.154790) can0 2A2#0000D2B4000003FE
(1790952720.154914) can0 2A3#0002DF34FFFD737C
(1790952720.155014) can0 2A4#00011AB6FFFD7B76
(1790952720.155141) can0 2A5#000007BF000007CA
(1790952720.155239) can0 2A6#FFFFF847FFFFFA7E
(1790952720.155365) can0 2A7#00005689FFFFF5D5
(1790952720.159640) can0 2A1#0100010000000000
(1790952720.159763) can0 2A2#0000D2B4000003FE
(1790952720.159889) can0 2A3#0002DF34FFFD737C
(1790952720.160014) can0 2A4#00011AB6FFFD7B76
(1790952720.160114) can0 2A5#000007BF000007CA
(1790952720.160239) can0 2A6#FFFFF847FFFFFA7E
(1790952720.160365) can0 2A7#00005689FFFFF5D5
(1790952720.164688) can0 2A1#0100010000000000
(1790952720.164796) can0 2A2#0000D2B4000003FE
(1790952720.164892) can0 2A3#0002DF34FFFD737C
(1790952720.165017) can0 2A4#00011AB6FFFD7B76
(1790952720.165143) can0 2A5#000007BF000007CA
(1790952720.165267) can0 2A6#FFFFF847FFFFFA7E
(1790952720.165393) can0 2A7#00005689FFFFF5D5
(1790952720.169659) can0 2A1#0100010000000000
(1790952720.169770) can0 2A2#0000D2B4000003FE
(1790952720.169894) can0 2A3#0002DF34FFFD737C
(1790952720.170017) can0 2A4#00011AB6FFFD7B76
(1790952720.170141) can0 2A5#000007BF000007CA
(1790952720.170242) can0 2A6#FFFFF847FFFFFA7E
(1790952720.170367) can0 2A7#00005689FFFFF5D5
(1790952720.174644) can0 2A1#0100010000000000
(1790952720.174765) can0 2A2#0000D2B4000003FE
(1790952720.174914) can0 2A3#0002DF34FFFD737C
(1790952720.175014) can0 2A4#00011AB6FFFD7B76
(1790952720.175141) can0 2A5#000007BF000007CA
(1790952720.175264) can0 2A6#FFFFF847FFFFFA7E
(1790952720.175364) can0 2A7#00005689FFFFF5D5
(1790952720.179667) can0 2A1#0100010000000000
(1790952720.179766) can0 2A2#0000D2B4000003FE
(1790952720.179894) can0 2A3#0002DF34FFFD737C
(1790952720.180017) can0 2A4#00011AB6FFFD7B76
(1790952720.180141) can0 2A5#000007BF000007CA
(1790952720.180241) can0 2A6#FFFFF847FFFFFA7E
(1790952720.180369) can0 2A7#00005689FFFFF5D5
(1790952720.184703) can0 2A1#0100010000000000
(1790952720.184792) can0 2A2#0000D2B4000003FE
(1790952720.184892) can0 2A3#0002DF34FFFD737C
(1790952720.185016) can0 2A4#00011AB6FFFD7B76
(1790952720.185143) can0 2A5#000007BF000007CA
(1790952720.185241) can0 2A6#FFFFF847FFFFFA7E
(1790952720.185370) can0 2A7#00005689FFFFF5D5
(1790952720.189645) can0 2A1#0100010000000000
(1790952720.189764) can0 2A2#0000D2B4000003FE
(1790952720.189891) can0 2A3#0002DF34FFFD737C
(1790952720.189988) can0 2A4#00011AB6FFFD7B76
(1790952720.190120) can0 2A5#000007BF000007CA
(1790952720.190239) can0 2A6#FFFFF847FFFFFA7E
(1790952720.190365) can0 2A7#00005689FFFFF5D5
(1790952720.194671) can0 2A1#0100010000000000
(1790952720.194766) can0 2A2#0000D2B4000003FE
(1790952720.194891) can0 2A3#0002DF34FFFD737C
(1790952720.195017) can0 2A4#00011AB6FFFD7B76
(1790952720.195140) can0 2A5#000007BF000007CA
(1790952720.195266) can0 2A6#FFFFF847FFFFFA7E
(1790952720.195392) can0 2A7#00005689FFFFF5D5
(1790952720.199658) can0 2A1#0100010000000000
(1790952720.199766) can0 2A2#0000D2B4000003FE
(1790952720.199892) can0 2A3#0002DF34FFFD737C
(1790952720.200015) can0 2A4#00011AB6FFFD7B76
(1790952720.200141) can0 2A5#000007BF000007CA
(1790952720.200240) can0 2A6#FFFFF847FFFFFA7E
(1790952720.200366) can0 2A7#00005689FFFFF5D5
(1790952720.204667) can0 2A1#0100010000000000
(1790952720.204791) can0 2A2#0000D2B4000003FE
(1790952720.204890) can0 2A3#0002DF34FFFD737C
(1790952720.205015) can0 2A4#00011AB6FFFD7B76
(1790952720.205141) can0 2A5#000007BF000007CA
(1790952720.205266) can0 2A6#FFFFF847FFFFFA7E
(1790952720.205391) can0 2A7#00005689FFFFF5D5
(1790952720.209643) can0 2A1#0100010000000000
(1790952720.209764) can0 2A2#0000D2B4000003FE
(1790952720.209890) can0 2A3#0002DF34FFFD737C
(1790952720.210013) can0 2A4#00011AB6FFFD7B76
(1790952720.210113) can0 2A5#000007BF000007CA
(1790952720.210238) can0 2A6#FFFFF847FFFFFA7E
(1790952720.210365) can0 2A7#00005689FFFFF5D5
(1790952720.214677) can0 2A1#0100010000000000
(1790952720.214805) can0 2A2#0000D2B4000003FE
(1790952720.214919) can0 2A3#0002DF34FFFD737C
(1790952720.215019) can0 2A4#00011AB6FFFD7B76
(1790952720.215144) can0 2A5#000007BF000007CA
(1790952720.215267) can0 2A6#FFFFF847FFFFFA7E
(1790952720.215368) can0 2A7#00005689FFFFF5D5
(1790952720.219654) can0 2A1#0100010000000000
(1790952720.219765) can0 2A2#0000D2B4000003FE
(1790952720.219892) can0 2A3#0002DF34FFFD737C
(1790952720.220017) can0 2A4#00011AB6FFFD7B76
(1790952720.220142) can0 2A5#000007BF000007CA
(1790952720.220240) can0 2A6#FFFFF847FFFFFA7E
(1790952720.220369) can0 2A7#00005689FFFFF5D5
(1790952720.224673) can0 2A1#0100010000000000
(1790952720.224767) can0 2A2#0000D2B4000003FE
(1790952720.224890) can0 2A3#0002DF34FFFD737C
(1790952720.225013) can0 2A4#00011AB6FFFD7B76
(1790952720.225139) can0 2A5#000007BF000007CA
(1790952720.225264) can0 2A6#FFFFF847FFFFFA7E
(1790952720.225364) can0 2A7#00005689FFFFF5D5
(1790952720.229640) can0 2A1#0100010000000000
(1790952720.229765) can0 2A2#0000D2B4000003FE
(1790952720.229889) can0 2A3#0002DF34FFFD737C
(1790952720.230017) can0 2A4#00011AB6FFFD7B76
(1790952720.230140) can0 2A5#000007BF000007CA
(1790952720.230242) can0 2A6#FFFFF847FFFFFA7E
(1790952720.230367) can0 2A7#00005689FFFFF5D5
(1790952720.234691) can0 2A1#0100010000000000
(1790952720.234790) can0 2A2#0000D2B4000003FE
(1790952720.234917) can0 2A3#0002DF34FFFD737C
(1790952720.235015) can0 2A4#00011AB6FFFD7B76
(1790952720.235140) can0 2A5#000007BF000007CA
(1790952720.235268) can0 2A6#FFFFF847FFFFFA7E
(1790952720.235366) can0 2A7#00005689FFFFF5D5
(1790952720.239651) can0 2A1#0100010000000000
(1790952720.239762) can0 2A2#0000D2B4000003FE
(1790952720.239889) can0 2A3#0002DF34FFFD737C
(1790952720.240012) can0 2A4#00011AB6FFFD7B76
(1790952720.240139) can0 2A5#000007BF000007CA
(1790952720.240239) can0 2A6#FFFFF847FFFFFA7E
(1790952720.240364) can0 2A7#00005689FFFFF5D5
(1790952720.244670) can0 2A1#0100010000000000
(1790952720.244788) can0 2A2#0000D2B4000003FE
(1790952720.244889) can0 2A3#0002DF34FFFD737C
(1790952720.245012) can0 2A4#00011AB6FFFD7B76
(1790952720.245137) can0 2A5#000007BF000007CA
(1790952720.245264) can0 2A6#FFFFF847FFFFFA7E
(1790952720.245390) can0 2A7#00005689FFFFF5D5
(1790952720.249659) can0 2A1#0100010000000000
(1790952720.249765) can0 2A2#0000D2B4000003FE
(1790952720.249891) can0 2A3#0002DF34FFFD737C
(1790952720.250016) can0 2A4#00011AB6FFFD7B76
(1790952720.250141) can0 2A5#000007BF000007CA
(1790952720.250241) can0 2A6#FFFFF847FFFFFA7E
(1790952720.250367) can0 2A7#00005689FFFFF5D5
(1790952720.254669) can0 2A1#0100010000000000
(1790952720.254791) can0 2A2#0000D2B4000003FE
(1790952720.254891) can0 2A3#0002DF34FFFD737C
(1790952720.255016) can0 2A4#00011AB6FFFD7B76
(1790952720.255140) can0 2A5#000007BF000007CA
(1790952720.255267) can0 2A6#FFFFF847FFFFFA7E
(1790952720.255392) can0 2A7#00005689FFFFF5D5
(1790952720.259644) can0 2A1#0100010000000000
(1790952720.259766) can0 2A2#0000D2B4000003FE
(1790952720.259889) can0 2A3#0002DF34FFFD737C
(1790952720.260017) can0 2A4#00011AB6FFFD7B76
(1790952720.260138) can0 2A5#000007BF000007CA
(1790952720.260240) can0 2A6#FFFFF847FFFFFA7E
(1790952720.260365) can0 2A7#00005689FFFFF5D5
(1790952720.264696) can0 2A1#0100010000000000
(1790952720.264790) can0 2A2#0000D2B4000003FE
(1790952720.264891) can0 2A3#0002DF34FFFD737C
(1790952720.265016) can0 2A4#00011AB6FFFD7B76
(1790952720.265141) can0 2A5#000007BF000007CA
(1790952720.265243) can0 2A6#FFFFF847FFFFFA7E
(1790952720.265366) can0 2A7#00005689FFFFF5D5
(1790952720.269650) can0 2A1#0100010000000000
(1790952720.269765) can0 2A2#0000D2B4000003FE
(1790952720.269893) can0 2A3#0002DF34FFFD737C
(1790952720.270016) can0 2A4#00011AB6FFFD7B76
(1790952720.270143) can0 2A5#000007BF000007CA
(1790952720.270241) can0 2A6#FFFFF847FFFFFA7E
(1790952720.270367) can0 2A7#00005689FFFFF5D5
(1790952720.274639) can0 2A1#0100010000000000
(1790952720.274792) can0 2A2#0000D2B4000003FE
(1790952720.274891) can0 2A3#0002DF34FFFD737C
(1790952720.275014) can0 2A4#00011AB6FFFD7B76
(1790952720.275139) can0 2A5#000007BF000007CA
(1790952720.275266) can0 2A6#FFFFF847FFFFFA7E
(1790952720.275366) can0 2A7#00005689FFFFF5D5
(1790952720.279668) can0 2A1#0100010000000000
(1790952720.279765) can0 2A2#0000D2B4000003FE
(1790952720.279893) can0 2A3#0002DF34FFFD737C
(1790952720.279993) can0 2A4#00011AB6FFFD7B76
(1790952720.280116) can0 2A5#000007BF000007CA
(1790952720.280240) can0 2A6#FFFFF847FFFFFA7E
(1790952720.280366) can0 2A7#00005689FFFFF5D5
(1790952720.284676) can0 2A1#0100010000000000
(1790952720.284792) can0 2A2#0000D2B4000003FE
(1790952720.284891) can0 2A3#0002DF34FFFD737C
(1790952720.285016) can0 2A4#00011AB6FFFD7B76
(1790952720.285140) can0 2A5#000007BF000007CA
(1790952720.285267) can0 2A6#FFFFF847FFFFFA7E
(1790952720.285392) can0 2A7#00005689FFFFF5D5
(1790952720.289643) can0 2A1#0100010000000000
(1790952720.289762) can0 2A2#0000D2B4000003FE
(1790952720.289890) can0 2A3#0002DF34FFFD737C
(1790952720.289990) can0 2A4#00011AB6FFFD7B76
(1790952720.290139) can0 2A5#000007BF000007CA
(1790952720.290238) can0 2A6#FFFFF847FFFFFA7E
(1790952720.290365) can0 2A7#00005689FFFFF5D5
(1790952720.294668) can0 2A1#0100010000000000
(1790952720.294792) can0 2A2#0000D2B4000003FE
(1790952720.294893) can0 2A3#0002DF34FFFD737C
(1790952720.295016) can0 2A4#00011AB6FFFD7B76
(1790952720.295141) can0 2A5#000007BF000007CA
(1790952720.295266) can0 2A6#FFFFF847FFFFFA7E
(1790952720.295393) can0 2A7#00005689FFFFF5D5
(1790952720.299666) can0 2A1#0100010000000000
(1790952720.299770) can0 2A2#0000D2B4000003FE
(1790952720.299893) can0 2A3#0002DF34FFFD737C
(1790952720.300015) can0 2A4#00011AB6FFFD7B76
(1790952720.300140) can0 2A5#000007BF000007CA
(1790952720.300498) can0 2A6#FFFFF847FFFFFA7E
(1790952720.300499) can0 2A7#00005689FFFFF5D5
(1790952720.304691) can0 2A1#0100010000000000
(1790952720.304793) can0 2A2#0000D2B4000003FE
(1790952720.304916) can0 2A3#0002DF34FFFD737C
(1790952720.305014) can0 2A4#00011AB6FFFD7B76
(1790952720.305141) can0 2A5#000007BF000007CA
(1790952720.305264) can0 2A6#FFFFF847FFFFFA7E
(1790952720.305366) can0 2A7#00005689FFFFF5D5
(1790952720.309644) can0 2A1#0100010000000000
(1790952720.309766) can0 2A2#0000D2B4000003FE
(1790952720.309891) can0 2A3#0002DF34FFFD737C
(1790952720.310016) can0 2A4#00011AB6FFFD7B76
(1790952720.310138) can0 2A5#000007BF000007CA
(1790952720.310238) can0 2A6#FFFFF847FFFFFA7E
(1790952720.310365) can0 2A7#00005689FFFFF5D5
(1790952720.314677) can0 2A1#0100010000000000
(1790952720.314795) can0 2A2#0000D2B4000003FE
(1790952720.314892) can0 2A3#0002DF34FFFD737C
(1790952720.315017) can0 2A4#00011AB6FFFD7B76
(1790952720.315140) can0 2A5#000007BF000007CA
(1790952720.315240) can0 2A6#FFFFF847FFFFFA7E
(1790952720.315366) can0 2A7#00005689FFFFF5D5
(1790952720.319653) can0 2A1#0100010000000000
(1790952720.319769) can0 2A2#0000D2B4000003FE
(1790952720.319894) can0 2A3#0002DF34FFFD737C
(1790952720.320018) can0 2A4#00011AB6FFFD7B76
(1790952720.320143) can0 2A5#000007BF000007CA
(1790952720.320240) can0 2A6#FFFFF847FFFFFA7E
(1790952720.320366) can0 2A7#00005689FFFFF5D5
(1790952720.324667) can0 2A1#0100010000000000
(1790952720.324791) can0 2A2#0000D2B4000003FE
(1790952720.324892) can0 2A3#0002DF34FFFD737C
(1790952720.325013) can0 2A4#00011AB6FFFD7B76
(1790952720.325140) can0 2A5#000007BF000007CA
(1790952720.325266) can0 2A6#FFFFF847FFFFFA7E
(1790952720.325365) can0 2A7#00005689FFFFF5D5
(1790952720.329667) can0 2A1#0100010000000000
(1790952720.329768) can0 2A2#0000D2B4000003FE
(1790952720.329892) can0 2A3#0002DF34FFFD737C
(1790952720.330018) can0 2A4#00011AB6FFFD7B76
(1790952720.330116) can0 2A5#000007BF000007CA
(1790952720.330242) can0 2A6#FFFFF847FFFFFA7E
(1790952720.330365) can0 2A7#00005689FFFFF5D5
(1790952720.334677) can0 2A1#0100010000000000
(1790952720.334792) can0 2A2#0000D2B4000003FE
(1790952720.334892) can0 2A3#0002DF34FFFD737C
(1790952720.335018) can0 2A4#00011AB6FFFD7B76
(1790952720.335143) can0 2A5#000007BF000007CA
(1790952720.335265) can0 2A6#FFFFF847FFFFFA7E
(1790952720.335368) can0 2A7#00005689FFFFF5D5
(1790952720.339642) can0 2A1#0100010000000000
(1790952720.339763) can0 2A2#0000D2B4000003FE
(1790952720.339890) can0 2A3#0002DF34FFFD737C
(1790952720.340015) can0 2A4#00011AB6FFFD7B76
(1790952720.340140) can0 2A5#000007BF000007CA
(1790952720.340241) can0 2A6#FFFFF847FFFFFA7E
(1790952720.340364) can0 2A7#00005689FFFFF5D5
(1790952720.344668) can0 2A1#0100010000000000
(1790952720.344788) can0 2A2#0000D2B4000003FE
(1790952720.344916) can0 2A3#0002DF34FFFD737C
(1790952720.345018) can0 2A4#00011AB6FFFD7B76
(1790952720.345142) can0 2A5#000007BF000007CA
(1790952720.345238) can0 2A6#FFFFF847FFFFFA7E
(1790952720.345366) can0 2A7#00005689FFFFF5D5
(1790952720.349648) can0 2A1#0100010000000000
(1790952720.349769) can0 2A2#0000D2B4000003FE
(1790952720.349893) can0 2A3#0002DF34FFFD737C
(1790952720.350017) can0 2A4#00011AB6FFFD7B76
(1790952720.350140) can0 2A5#000007BF000007CA
(1790952720.350240) can0 2A6#FFFFF847FFFFFA7E
(1790952720.350366) can0 2A7#00005689FFFFF5D5
(1790952720.354671) can0 2A1#0100010000000000
(1790952720.354771) can0 2A2#0000D2B4000003FE
(1790952720.354891) can0 2A3#0002DF34FFFD737C
(1790952720.355017) can0 2A4#00011AB6FFFD7B76
(1790952720.355142) can0 2A5#000007BF000007CA
(1790952720.355265) can0 2A6#FFFFF847FFFFFA7E
(1790952720.355366) can0 2A7#00005689FFFFF5D5
(1790952720.359643) can0 2A1#0100010000000000
(1790952720.359763) can0 2A2#0000D2B4000003FE
(1790952720.359890) can0 2A3#0002DF34FFFD737C
(1790952720.360015) can0 2A4#00011AB6FFFD7B76
(1790952720.360140) can0 2A5#000007BF000007CA
(1790952720.360240) can0 2A6#FFFFF847FFFFFA7E
(1790952720.360364) can0 2A7#00005689FFFFF5D5
(1790952720.364645) can0 2A1#0100010000000000
(1790952720.364791) can0 2A2#0000D2B4000003FE
(1790952720.364892) can0 2A3#0002DF34FFFD737C
(1790952720.365014) can0 2A4#00011AB6FFFD7B76
(1790952720.365140) can0 2A5#000007BF000007CA
(1790952720.365267) can0 2A6#FFFFF847FFFFFA7E
(1790952720.365366) can0 2A7#00005689FFFFF5D5
(1790952720.369649) can0 2A1#0100010000000000
(1790952720.369764) can0 2A2#0000D2B4000003FE
(1790952720.369892) can0 2A3#0002DF34FFFD737C
(1790952720.370014) can0 2A4#00011AB6FFFD7B76
(1790952720.370141) can0 2A5#000007BF000007CA
(1790952720.370242) can0 2A6#FFFFF847FFFFFA7E
(1790952720.370365) can0 2A7#00005689FFFFF5D5
(1790952720.374670) can0 2A1#0100010000000000
(1790952720.374790) can0 2A2#0000D2B4000003FE
(1790952720.374890) can0 2A3#0002DF34FFFD737C
(1790952720.375013) can0 2A4#00011AB6FFFD7B76
(1790952720.375140) can0 2A5#000007BF000007CA
(1790952720.375265) can0 2A6#FFFFF847FFFFFA7E
(1790952720.375391) can0 2A7#00005689FFFFF5D5
(1790952720.379640) can0 2A1#0100010000000000
(1790952720.379765) can0 2A2#0000D2B4000003FE
(1790952720.379893) can0 2A3#0002DF34FFFD737C
(1790952720.380016) can0 2A4#00011AB6FFFD7B76
(1790952720.380114) can0 2A5#000007BF000007CA
(1790952720.380239) can0 2A6#FFFFF847FFFFFA7E
(1790952720.380364) can0 2A7#00005689FFFFF5D5
(1790952720.384678) can0 2A1#0100010000000000
(1790952720.384789) can0 2A2#0000D2B4000003FE
(1790952720.384891) can0 2A3#0002DF34FFFD737C
(1790952720.385016) can0 2A4#00011AB6FFFD7B76
(1790952720.385142) can0 2A5#000007BF000007CA
(1790952720.385268) can0 2A6#FFFFF847FFFFFA7E
(1790952720.385392) can0 2A7#00005689FFFFF5D5
(1790952720.389693) can0 2A1#0100010000000000
(1790952720.389790) can0 2A2#0000D2B4000003FE
(1790952720.389895) can0 2A3#0002DF34FFFD737C
(1790952720.390014) can0 2A4#00011AB6FFFD7B76
(1790952720.390138) can0 2A5#000007BF000007CA
(1790952720.390240) can0 2A6#FFFFF847FFFFFA7E
(1790952720.390363) can0 2A7#00005689FFFFF5D5
(1790952720.394673) can0 2A1#0100010000000000
(1790952720.394787) can0 2A2#0000D2B4000003FE
(1790952720.394889) can0 2A3#0002DF34FFFD737C
(1790952720.395014) can0 2A4#00011AB6FFFD7B76
(1790952720.395139) can0 2A5#000007BF000007CA
(1790952720.395239) can0 2A6#FFFFF847FFFFFA7E
(1790952720.395365) can0 2A7#00005689FFFFF5D5
(1790952720.399671) can0 2A1#0100010000000000
(1790952720.399768) can0 2A2#0000D2B4000003FE
(1790952720.399893) can0 2A3#0002DF34FFFD737C
(1790952720.400018) can0 2A4#00011AB6FFFD7B76
(1790952720.400143) can0 2A5#000007BF000007CA
(1790952720.400241) can0 2A6#FFFFF847FFFFFA7E
(1790952720.400368) can0 2A7#00005689FFFFF5D5
(1790952720.404680) can0 2A1#0100010000000000
(1790952720.404801) can0 2A2#0000D2B4000003FE
(1790952720.404922) can0 2A3#0002DF34FFFD737C
(1790952720.405017) can0 2A4#00011AB6FFFD7B76
(1790952720.405144) can0 2A5#000007BF000007CA
(1790952720.405279) can0 2A6#FFFFF847FFFFFA7E
(1790952720.405370) can0 2A7#00005689FFFFF5D5
(1790952720.409648) can0 2A1#0100010000000000
(1790952720.409764) can0 2A2#0000D2B4000003FE
(1790952720.409890) can0 2A3#0002DF34FFFD737C
(1790952720.410013) can0 2A4#00011AB6FFFD7B76
(1790952720.410139) can0 2A5#000007BF000007CA
(1790952720.410240) can0 2A6#FFFFF847FFFFFA7E
(1790952720.410366) can0 2A7#00005689FFFFF5D5
(1790952720.414684) can0 2A1#0100010000000000
(1790952720.414794) can0 2A2#0000D2B4000003FE
(1790952720.414917) can0 2A3#0002DF34FFFD737C
(1790952720.415015) can0 2A4#00011AB6FFFD7B76
(1790952720.415141) can0 2A5#000007BF000007CA
(1790952720.415243) can0 2A6#FFFFF847FFFFFA7E
(1790952720.415367) can0 2A7#00005689FFFFF5D5
(1790952720.419650) can0 2A1#0100010000000000
(1790952720.419771) can0 2A2#0000D2B4000003FE
(1790952720.419893) can0 2A3#0002DF34FFFD737C
(1790952720.420018) can0 2A4#00011AB6FFFD7B76
(1790952720.420141) can0 2A5#000007BF000007CA
(1790952720.420240) can0 2A6#FFFFF847FFFFFA7E
(1790952720.420366) can0 2A7#00005689FFFFF5D5
(1790952720.424671) can0 2A1#0100010000000000
(1790952720.424790) can0 2A2#0000D2B4000003FE
(1790952720.424915) can0 2A3#0002DF34FFFD737C
(1790952720.425015) can0 2A4#00011AB6FFFD7B76
(1790952720.425140) can0 2A5#000007BF000007CA
(1790952720.425265) can0 2A6#FFFFF847FFFFFA7E
(1790952720.425366) can0 2A7#00005689FFFFF5D5
(1790952720.429668) can0 2A1#0100010000000000
(1790952720.429768) can0 2A2#0000D2B4000003FE
(1790952720.429903) can0 2A3#0002DF34FFFD737C
(1790952720.429990) can0 2A4#00011AB6FFFD7B76
(1790952720.430141) can0 2A5#000007BF000007CA
(1790952720.430267) can0 2A6#FFFFF847FFFFFA7E
(1790952720.430366) can0 2A7#00005689FFFFF5D5
(1790952720.434672) can0 2A1#0100010000000000
(1790952720.434793) can0 2A2#0000D2B4000003FE
(1790952720.434892) can0 2A3#0002DF34FFFD737C
(1790952720.435017) can0 2A4#00011AB6FFFD7B76
(1790952720.435141) can0 2A5#000007BF000007CA
(1790952720.435267) can0 2A6#FFFFF847FFFFFA7E
(1790952720.435391) can0 2A7#00005689FFFFF5D5
(1790952720.439645) can0 2A1#0100010000000000
(1790952720.439762) can0 2A2#0000D2B4000003FE
(1790952720.439890) can0 2A3#0002DF34FFFD737C
(1790952720.440014) can0 2A4#00011AB6FFFD7B76
(1790952720.440137) can0 2A5#000007BF000007CA
(1790952720.440240) can0 2A6#FFFFF847FFFFFA7E
(1790952720.440367) can0 2A7#00005689FFFFF5D5
(1790952720.444673) can0 2A1#0100010000000000
(1790952720.444763) can0 2A2#0000D2B4000003FE
(1790952720.444888) can0 2A3#0002DF34FFFD737C
(1790952720.445013) can0 2A4#00011AB6FFFD7B76
(1790952720.445137) can0 2A5#000007BF000007CA
(1790952720.445263) can0 2A6#FFFFF847FFFFFA7E
(1790952720.445389) can0 2A7#00005689FFFFF5D5
(1790952720.449669) can0 2A1#0100010000000000
(1790952720.449771) can0 2A2#0000D2B4000003FE
(1790952720.449890) can0 2A3#0002DF34FFFD737C
(1790952720.450015) can0 2A4#00011AB6FFFD7B76
(1790952720.450114) can0 2A5#000007BF000007CA
(1790952720.450239) can0 2A6#FFFFF847FFFFFA7E
(1790952720.450368) can0 2A7#00005689FFFFF5D5
(1790952720.454673) can0 2A1#0100010000000000
(1790952720.454789) can0 2A2#0000D2B4000003FE
(1790952720.454890) can0 2A3#0002DF34FFFD737C
(1790952720.455015) can0 2A4#00011AB6FFFD7B76
(1790952720.455141) can0 2A5#000007BF000007CA
(1790952720.455270) can0 2A6#FFFFF847FFFFFA7E
(1790952720.455392) can0 2A7#00005689FFFFF5D5
(1790952720.459656) can0 2A1#0100010000000000
(1790952720.459763) can0 2A2#0000D2B4000003FE
(1790952720.459888) can0 2A3#0002DF34FFFD737C
(1790952720.460014) can0 2A4#00011AB6FFFD7B76
(1790952720.460137) can0 2A5#000007BF000007CA
(1790952720.460238) can0 2A6#FFFFF847FFFFFA7E
(1790952720.460364) can0 2A7#00005689FFFFF5D5
(1790952720.464676) can0 2A1#0100010000000000
(1790952720.464790) can0 2A2#0000D2B4000003FE
(1790952720.464914) can0 2A3#0002DF34FFFD737C
(1790952720.465014) can0 2A4#00011AB6FFFD7B76
(1790952720.465139) can0 2A5#000007BF000007CA
(1790952720.465265) can0 2A6#FFFFF847FFFFFA7E
(1790952720.465395) can0 2A7#00005689FFFFF5D5
(1790952720.469667) can0 2A1#0100010000000000
(1790952720.469765) can0 2A2#0000D2B4000003FE
(1790952720.469894) can0 2A3#0002DF34FFFD737C
(1790952720.469991) can0 2A4#00011AB6FFFD7B76
(1790952720.470116) can0 2A5#000007BF000007CA
(1790952720.470268) can0 2A6#FFFFF847FFFFFA7E
(1790952720.470368) can0 2A7#00005689FFFFF5D5
(1790952720.474675) can0 2A1#0100010000000000
(1790952720.474788) can0 2A2#0000D2B4000003FE
(1790952720.474890) can0 2A3#0002DF34FFFD737C
(1790952720.475017) can0 2A4#00011AB6FFFD7B76
(1790952720.475138) can0 2A5#000007BF000007CA
(1790952720.475263) can0 2A6#FFFFF847FFFFFA7E
(1790952720.475391) can0 2A7#00005689FFFFF5D5
(1790952720.479641) can0 2A1#0100010000000000
(1790952720.479764) can0 2A2#0000D2B4000003FE
(1790952720.479891) can0 2A3#0002DF34FFFD737C
(1790952720.480015) can0 2A4#00011AB6FFFD7B76
(1790952720.480140) can0 2A5#000007BF000007CA
(1790952720.480241) can0 2A6#FFFFF847FFFFFA7E
(1790952720.480367) can0 2A7#00005689FFFFF5D5
(1790952720.484679) can0 2A1#0100010000000000
(1790952720.484789) can0 2A2#0000D2B4000003FE
(1790952720.484916) can0 2A3#0002DF34FFFD737C
(1790952720.485016) can0 2A4#00011AB6FFFD7B76
(1790952720.485142) can0 2A5#000007BF000007CA
(1790952720.485242) can0 2A6#FFFFF847FFFFFA7E
(1790952720.485368) can0 2A7#00005689FFFFF5D5
(1790952720.489692) can0 2A1#0100010000000000
(1790952720.489765) can0 2A2#0000D2B4000003FE
(1790952720.489891) can0 2A3#0002DF34FFFD737C
(1790952720.490014) can0 2A4#00011AB6FFFD7B76
(1790952720.490141) can0 2A5#000007BF000007CA
(1790952720.490253) can0 2A6#FFFFF847FFFFFA7E
(1790952720.490373) can0 2A7#00005689FFFFF5D5
(1790952720.494700) can0 2A1#0100010000000000
(1790952720.494793) can0 2A2#0000D2B4000003FE
(1790952720.494918) can0 2A3#0002DF34FFFD737C
(1790952720.495013) can0 2A4#00011AB6FFFD7B76
(1790952720.495140) can0 2A5#000007BF000007CA
(1790952720.495266) can0 2A6#FFFFF847FFFFFA7E
(1790952720.495367) can0 2A7#00005689FFFFF5D5
(1790952720.499653) can0 2A1#0100010000000000
(1790952720.499768) can0 2A2#0000D2B4000003FE
(1790952720.499889) can0 2A3#0002DF34FFFD737C
(1790952720.500012) can0 2A4#00011AB6FFFD7B76
(1790952720.500137) can0 2A5#000007BF000007CA
(1790952720.500239) can0 2A6#FFFFF847FFFFFA7E
(1790952720.500365) can0 2A7#00005689FFFFF5D5
(1790952720.504689) can0 2A1#0100010000000000
(1790952720.504796) can0 2A2#0000D2B4000003FE
(1790952720.504918) can0 2A3#0002DF34FFFD737C
(1790952720.505019) can0 2A4#00011AB6FFFD7B76
(1790952720.505144) can0 2A5#000007BF000007CA
(1790952720.505266) can0 2A6#FFFFF847FFFFFA7E
(1790952720.505367) can0 2A7#00005689FFFFF5D5
(1790952720.509649) can0 2A1#0100010000000000
(1790952720.509771) can0 2A2#0000D2B4000003FE
(1790952720.509893) can0 2A3#0002DF34FFFD737C
(1790952720.510017) can0 2A4#00011AB6FFFD7B76
(1790952720.510143) can0 2A5#000007BF000007CA
(1790952720.510241) can0 2A6#FFFFF847FFFFFA7E
(1790952720.510368) can0 2A7#00005689FFFFF5D5
(1790952720.514675) can0 2A1#0100010000000000
(1790952720.514790) can0 2A2#0000D2B4000003FE
(1790952720.514888) can0 2A3#0002DF34FFFD737C
(1790952720.515012) can0 2A4#00011AB6FFFD7B76
(1790952720.515136) can0 2A5#000007BF000007CA
(1790952720.515262) can0 2A6#FFFFF847FFFFFA7E
(1790952720.515388) can0 2A7#00005689FFFFF5D5
(1790952720.519647) can0 2A1#0100010000000000
(1790952720.519791) can0 2A2#0000D2B4000003FE
(1790952720.519892) can0 2A3#0002DF34FFFD737C
(1790952720.520015) can0 2A4#00011AB6FFFD7B76
(1790952720.520117) can0 2A5#000007BF000007CA
(1790952720.520241) can0 2A6#FFFFF847FFFFFA7E
(1790952720.520365) can0 2A7#00005689FFFFF5D5
(1790952720.524674) can0 2A1#0100010000000000
(1790952720.524789) can0 2A2#0000D2B4000003FE
(1790952720.524892) can0 2A3#0002DF34FFFD737C
(1790952720.525017) can0 2A4#00011AB6FFFD7B76
(1790952720.525142) can0 2A5#000007BF000007CA
(1790952720.525266) can0 2A6#FFFFF847FFFFFA7E
(1790952720.525391) can0 2A7#00005689FFFFF5D5
(1790952720.529672) can0 2A1#0100010000000000
(1790952720.529764) can0 2A2#0000D2B4000003FE
(1790952720.529894) can0 2A3#0002DF34FFFD737C
(1790952720.529989) can0 2A4#00011AB6FFFD7B76
(1790952720.530116) can0 2A5#000007BF000007CA
(1790952720.530264) can0 2A6#FFFFF847FFFFFA7E
(1790952720.530364) can0 2A7#00005689FFFFF5D5
(1790952720.534702) can0 2A1#0100010000000000
(1790952720.534789) can0 2A2#0000D2B4000003FE
(1790952720.534890) can0 2A3#0002DF34FFFD737C
(1790952720.535013) can0 2A4#00011AB6FFFD7B76
(1790952720.535138) can0 2A5#000007BF000007CA
(1790952720.535263) can0 2A6#FFFFF847FFFFFA7E
(1790952720.535389) can0 2A7#00005689FFFFF5D5
(1790952720.539673) can0 2A1#0100010000000000
(1790952720.539762) can0 2A2#0000D2B4000003FE
(1790952720.539890) can0 2A3#0002DF34FFFD737C
(1790952720.540015) can0 2A4#00011AB6FFFD7B76
(1790952720.540125) can0 2A5#000007BF000007CA
(1790952720.540242) can0 2A6#FFFFF847FFFFFA7E
(1790952720.540364) can0 2A7#00005689FFFFF5D5
(1790952720.544675) can0 2A1#0100010000000000
(1790952720.544787) can0 2A2#0000D2B4000003FE
(1790952720.544889) can0 2A3#0002DF34FFFD737C
(1790952720.545012) can0 2A4#00011AB6FFFD7B76
(1790952720.545138) can0 2A5#000007BF000007CA
(1790952720.545263) can0 2A6#FFFFF847FFFFFA7E
(1790952720.545389) can0 2A7#00005689FFFFF5D5
(1790952720.549691) can0 2A1#0100010000000000
(1790952720.549765) can0 2A2#0000D2B4000003FE
(1790952720.549891) can0 2A3#0002DF34FFFD737C
(1790952720.550016) can0 2A4#00011AB6FFFD7B76
(1790952720.550141) can0 2A5#000007BF000007CA
(1790952720.550240) can0 2A6#FFFFF847FFFFFA7E
(1790952720.550366) can0 2A7#00005689FFFFF5D5
(1790952720.554677) can0 2A1#0100010000000000
(1790952720.554790) can0 2A2#0000D2B4000003FE
(1790952720.554916) can0 2A3#0002DF34FFFD737C
(1790952720.555014) can0 2A4#00011AB6FFFD7B76
(1790952720.555137) can0 2A5#000007BF000007CA
(1790952720.555238) can0 2A6#FFFFF847FFFFFA7E
(1790952720.555363) can0 2A7#00005689FFFFF5D5
(1790952720.559668) can0 2A1#0100010000000000
(1790952720.559762) can0 2A2#0000D2B4000003FE
(1790952720.559889) can0 2A3#0002DF34FFFD737C
(1790952720.560014) can0 2A4#00011AB6FFFD7B76
(1790952720.560112) can0 2A5#000007BF000007CA
(1790952720.560237) can0 2A6#FFFFF847FFFFFA7E
(1790952720.560362) can0 2A7#00005689FFFFF5D5
(1790952720.564677) can0 2A1#0100010000000000
(1790952720.564792) can0 2A2#0000D2B4000003FE
(1790952720.564893) can0 2A3#0002DF34FFFD737C
(1790952720.565018) can0 2A4#00011AB6FFFD7B76
(1790952720.565144) can0 2A5#000007BF000007CA
(1790952720.565270) can0 2A6#FFFFF847FFFFFA7E
(1790952720.565392) can0 2A7#00005689FFFFF5D5
(1790952720.569653) can0 2A1#0100010000000000
(1790952720.569765) can0 2A2#0000D2B4000003FE
(1790952720.569893) can0 2A3#0002DF34FFFD737C
(1790952720.570015) can0 2A4#00011AB6FFFD7B76
(1790952720.570115) can0 2A5#000007BF000007CA
(1790952720.570242) can0 2A6#FFFFF847FFFFFA7E
(1790952720.570367) can0 2A7#00005689FFFFF5D5
(1790952720.574669) can0 2A1#0100010000000000
(1790952720.574793) can0 2A2#0000D2B4000003FE
(1790952720.574917) can0 2A3#0002DF34FFFD737C
(1790952720.575018) can0 2A4#00011AB6FFFD7B76
(1790952720.575143) can0 2A5#000007BF000007CA
(1790952720.575242) can0 2A6#FFFFF847FFFFFA7E
(1790952720.575367) can0 2A7#00005689FFFFF5D5
(1790952720.579643) can0 2A1#0100010000000000
(1790952720.579765) can0 2A2#0000D2B4000003FE
(1790952720.579887) can0 2A3#0002DF34FFFD737C
(1790952720.580015) can0 2A4#00011AB6FFFD7B76
(1790952720.580141) can0 2A5#000007BF000007CA
(1790952720.580238) can0 2A6#FFFFF847FFFFFA7E
(1790952720.580364) can0 2A7#00005689FFFFF5D5
(1790952720.584676) can0 2A1#0100010000000000
(1790952720.584762) can0 2A2#0000D2B4000003FE
(1790952720.584890) can0 2A3#0002DF34FFFD737C
(1790952720.585012) can0 2A4#00011AB6FFFD7B76
(1790952720.585140) can0 2A5#000007BF000007CA
(1790952720.585265) can0 2A6#FFFFF847FFFFFA7E
(1790952720.585389) can0 2A7#00005689FFFFF5D5
(1790952720.589644) can0 2A1#0100010000000000
(1790952720.589762) can0 2A2#0000D2B4000003FE
(1790952720.589888) can0 2A3#0002DF34FFFD737C
(1790952720.590013) can0 2A4#00011AB6FFFD7B76
(1790952720.590140) can0 2A5#000007BF000007CA
(1790952720.590240) can0 2A6#FFFFF847FFFFFA7E
(1790952720.590364) can0 2A7#00005689FFFFF5D5
(1790952720.594670) can0 2A1#0100010000000000
(1790952720.594790) can0 2A2#0000D2B4000003FE
(1790952720.594890) can0 2A3#0002DF34FFFD737C
(1790952720.595018) can0 2A4#00011AB6FFFD7B76
(1790952720.595143) can0 2A5#000007BF000007CA
(1790952720.595267) can0 2A6#FFFFF847FFFFFA7E
(1790952720.595392) can0 2A7#00005689FFFFF5D5
(1790952720.599677) can0 2A1#0100010000000000
(1790952720.599766) can0 2A2#0000D2B4000003FE
(1790952720.599894) can0 2A3#0002DF34FFFD737C
(1790952720.600014) can0 2A4#00011AB6FFFD7B76
(1790952720.600120) can0 2A5#000007BF000007CA
(1790952720.600242) can0 2A6#FFFFF847FFFFFA7E
(1790952720.600366) can0 2A7#00005689FFFFF5D5
(1790952720.604671) can0 2A1#0100010000000000
(1790952720.604790) can0 2A2#0000D2B4000003FE
(1790952720.604892) can0 2A3#0002DF34FFFD737C
(1790952720.605015) can0 2A4#00011AB6FFFD7B76
(1790952720.605143) can0 2A5#000007BF000007CA
(1790952720.605267) can0 2A6#FFFFF847FFFFFA7E
(1790952720.605392) can0 2A7#00005689FFFFF5D5
(1790952720.609670) can0 2A1#0100010000000000
(1790952720.609771) can0 2A2#0000D2B4000003FE
(1790952720.609892) can0 2A3#0002DF34FFFD737C
(1790952720.610015) can0 2A4#00011AB6FFFD7B76
(1790952720.610142) can0 2A5#000007BF000007CA
(1790952720.610240) can0 2A6#FFFFF847FFFFFA7E
(1790952720.610366) can0 2A7#00005689FFFFF5D5
(1790952720.614671) can0 2A1#0100010000000000
(1790952720.614770) can0 2A2#0000D2B4000003FE
(1790952720.614889) can0 2A3#0002DF34FFFD737C
(1790952720.615017) can0 2A4#00011AB6FFFD7B76
(1790952720.615142) can0 2A5#000007BF000007CA
(1790952720.615267) can0 2A6#FFFFF847FFFFFA7E
(1790952720.615366) can0 2A7#00005689FFFFF5D5
(1790952720.619649) can0 2A1#0100010000000000
(1790952720.619766) can0 2A2#0000D2B4000003FE
(1790952720.619893) can0 2A3#0002DF34FFFD737C
(1790952720.620018) can0 2A4#00011AB6FFFD7B76
(1790952720.620143) can0 2A5#000007BF000007CA
(1790952720.620242) can0 2A6#FFFFF847FFFFFA7E
(1790952720.620366) can0 2A7#00005689FFFFF5D5
(1790952720.624673) can0 2A1#0100010000000000
(1790952720.624763) can0 2A2#0000D2B4000003FE
(1790952720.624913) can0 2A3#0002DF34FFFD737C
(1790952720.625015) can0 2A4#00011AB6FFFD7B76
(1790952720.625141) can0 2A5#000007BF000007CA
(1790952720.625267) can0 2A6#FFFFF847FFFFFA7E
(1790952720.625390) can0 2A7#00005689FFFFF5D5
(1790952720.629641) can0 2A1#0100010000000000
(1790952720.629789) can0 2A2#0000D2B4000003FE
(1790952720.629889) can0 2A3#0002DF34FFFD737C
(1790952720.630013) can0 2A4#00011AB6FFFD7B76
(1790952720.630138) can0 2A5#000007BF000007CA
(1790952720.630240) can0 2A6#FFFFF847FFFFFA7E
(1790952720.630365) can0 2A7#00005689FFFFF5D5
(1790952720.634670) can0 2A1#0100010000000000
(1790952720.634788) can0 2A2#0000D2B4000003FE
(1790952720.634915) can0 2A3#0002DF34FFFD737C
(1790952720.635012) can0 2A4#00011AB6FFFD7B76
(1790952720.635139) can0 2A5#000007BF000007CA
(1790952720.635237) can0 2A6#FFFFF847FFFFFA7E
(1790952720.635363) can0 2A7#00005689FFFFF5D5
(1790952720.639673) can0 2A1#0100010000000000
(1790952720.639765) can0 2A2#0000D2B4000003FE
(1790952720.639892) can0 2A3#0002DF34FFFD737C
(1790952720.640016) can0 2A4#00011AB6FFFD7B76
(1790952720.640139) can0 2A5#000007BF000007CA
(1790952720.640242) can0 2A6#FFFFF847FFFFFA7E
(1790952720.640367) can0 2A7#00005689FFFFF5D5
(1790952720.644677) can0 2A1#0100010000000000
(1790952720.644789) can0 2A2#0000D2B4000003FE
(1790952720.644892) can0 2A3#0002DF34FFFD737C
(1790952720.645014) can0 2A4#00011AB6FFFD7B76
(1790952720.645139) can0 2A5#000007BF000007CA
(1790952720.645267) can0 2A6#FFFFF847FFFFFA7E
(1790952720.645392) can0 2A7#00005689FFFFF5D5
(1790952720.649647) can0 2A1#0100010000000000
(1790952720.649767) can0 2A2#0000D2B4000003FE
(1790952720.649890) can0 2A3#0002DF34FFFD737C
(1790952720.650018) can0 2A4#00011AB6FFFD7B76
(1790952720.650140) can0 2A5#000007BF000007CA
(1790952720.650241) can0 2A6#FFFFF847FFFFFA7E
(1790952720.650368) can0 2A7#00005689FFFFF5D5
(1790952720.654703) can0 2A1#0100010000000000
(1790952720.654789) can0 2A2#0000D2B4000003FE
(1790952720.654891) can0 2A3#0002DF34FFFD737C
(1790952720.655017) can0 2A4#00011AB6FFFD7B76
(1790952720.655139) can0 2A5#000007BF000007CA
(1790952720.655264) can0 2A6#FFFFF847FFFFFA7E
(1790952720.655387) can0 2A7#00005689FFFFF5D5
(1790952720.659672) can0 2A1#0100010000000000
(1790952720.659767) can0 2A2#0000D2B4000003FE
(1790952720.659888) can0 2A3#0002DF34FFFD737C
(1790952720.660023) can0 2A4#00011AB6FFFD7B76
(1790952720.660112) can0 2A5#000007BF000007CA
(1790952720.660239) can0 2A6#FFFFF847FFFFFA7E
(1790952720.660363) can0 2A7#00005689FFFFF5D5
(1790952720.664670) can0 2A1#0100010000000000
(1790952720.664789) can0 2A2#0000D2B4000003FE
(1790952720.664889) can0 2A3#0002DF34FFFD737C
(1790952720.665012) can0 2A4#00011AB6FFFD7B76
(1790952720.665140) can0 2A5#000007BF000007CA
(1790952720.665264) can0 2A6#FFFFF847FFFFFA7E
(1790952720.665390) can0 2A7#00005689FFFFF5D5
(1790952720.669648) can0 2A1#0100010000000000
(1790952720.669769) can0 2A2#0000D2B4000003FE
(1790952720.669891) can0 2A3#0002DF34FFFD737C
(1790952720.670012) can0 2A4#00011AB6FFFD7B76
(1790952720.670139) can0 2A5#000007BF000007CA
(1790952720.670238) can0 2A6#FFFFF847FFFFFA7E
(1790952720.670363) can0 2A7#00005689FFFFF5D5
(1790952720.674673) can0 2A1#0100010000000000
(1790952720.674793) can0 2A2#0000D2B4000003FE
(1790952720.674913) can0 2A3#0002DF34FFFD737C
(1790952720.675014) can0 2A4#00011AB6FFFD7B76
(1790952720.675141) can0 2A5#000007BF000007CA
(1790952720.675263) can0 2A6#FFFFF847FFFFFA7E
(1790952720.675391) can0 2A7#00005689FFFFF5D5
(1790952720.679672) can0 2A1#0100010000000000
(1790952720.679765) can0 2A2#0000D2B4000003FE
(1790952720.679891) can0 2A3#0002DF34FFFD737C
(1790952720.680018) can0 2A4#00011AB6FFFD7B76
(1790952720.680142) can0 2A5#000007BF000007CA
(1790952720.680242) can0 2A6#FFFFF847FFFFFA7E
(1790952720.680367) can0 2A7#00005689FFFFF5D5
(1790952720.684705) can0 2A1#0100010000000000
(1790952720.684790) can0 2A2#0000D2B4000003FE
(1790952720.684891) can0 2A3#0002DF34FFFD737C
(1790952720.685015) can0 2A4#00011AB6FFFD7B76
(1790952720.685144) can0 2A5#000007BF000007CA
(1790952720.685266) can0 2A6#FFFFF847FFFFFA7E
(1790952720.685392) can0 2A7#00005689FFFFF5D5
(1790952720.689685) can0 2A1#0100010000000000
(1790952720.689762) can0 2A2#0000D2B4000003FE
(1790952720.689891) can0 2A3#0002DF34FFFD737C
(1790952720.690013) can0 2A4#00011AB6FFFD7B76
(1790952720.690122) can0 2A5#000007BF000007CA
(1790952720.690239) can0 2A6#FFFFF847FFFFFA7E
(1790952720.690367) can0 2A7#00005689FFFFF5D5
(1790952720.694674) can0 2A1#0100010000000000
(1790952720.694788) can0 2A2#0000D2B4000003FE
(1790952720.694888) can0 2A3#0002DF34FFFD737C
(1790952720.695015) can0 2A4#00011AB6FFFD7B76
(1790952720.695137) can0 2A5#000007BF000007CA
(1790952720.695263) can0 2A6#FFFFF847FFFFFA7E
(1790952720.695390) can0 2A7#00005689FFFFF5D5
(1790952720.699676) can0 2A1#0100010000000000
(1790952720.699763) can0 2A2#0000D2B4000003FE
(1790952720.699891) can0 2A3#0002DF34FFFD737C
(1790952720.700015) can0 2A4#00011AB6FFFD7B76
(1790952720.700138) can0 2A5#000007BF000007CA
(1790952720.700238) can0 2A6#FFFFF847FFFFFA7E
(1790952720.700364) can0 2A7#00005689FFFFF5D5
(1790952720.704677) can0 2A1#0100010000000000
(1790952720.704789) can0 2A2#0000D2B4000003FE
(1790952720.704893) can0 2A3#0002DF34FFFD737C
(1790952720.705017) can0 2A4#00011AB6FFFD7B76
(1790952720.705142) can0 2A5#000007BF000007CA
(1790952720.705264) can0 2A6#FFFFF847FFFFFA7E
(1790952720.705392) can0 2A7#00005689FFFFF5D5
(1790952720.709648) can0 2A1#0100010000000000
(1790952720.709764) can0 2A2#0000D2B4000003FE
(1790952720.709890) can0 2A3#0002DF34FFFD737C
(1790952720.710016) can0 2A4#00011AB6FFFD7B76
(1790952720.710138) can0 2A5#000007BF000007CA
(1790952720.710240) can0 2A6#FFFFF847FFFFFA7E
(1790952720.710366) can0 2A7#00005689FFFFF5D5
(1790952720.714673) can0 2A1#0100010000000000
(1790952720.714791) can0 2A2#0000D2B4000003FE
(1790952720.714916) can0 2A3#0002DF34FFFD737C
(1790952720.715023) can0 2A4#00011AB6FFFD7B76
(1790952720.715350) can0 2A5#000007BF000007CA
(1790952720.715353) can0 2A6#FFFFF847FFFFFA7E
(1790952720.715362) can0 2A7#00005689FFFFF5D5
(1790952720.719655) can0 2A1#0100010000000000
(1790952720.719763) can0 2A2#0000D2B4000003FE
(1790952720.719890) can0 2A3#0002DF34FFFD737C
(1790952720.720016) can0 2A4#00011AB6FFFD7B76
(1790952720.720140) can0 2A5#000007BF000007CA
(1790952720.720238) can0 2A6#FFFFF847FFFFFA7E
(1790952720.720363) can0 2A7#00005689FFFFF5D5
(1790952720.724682) can0 2A1#0100010000000000
(1790952720.724788) can0 2A2#0000D2B4000003FE
(1790952720.724917) can0 2A3#0002DF34FFFD737C
(1790952720.725015) can0 2A4#00011AB6FFFD7B76
(1790952720.725138) can0 2A5#000007BF000007CA
(1790952720.725263) can0 2A6#FFFFF847FFFFFA7E
(1790952720.725386) can0 2A7#00005689FFFFF5D5
(1790952720.729668) can0 2A1#0100010000000000
(1790952720.729763) can0 2A2#0000D2B4000003FE
(1790952720.729889) can0 2A3#0002DF34FFFD737C
(1790952720.730013) can0 2A4#00011AB6FFFD7B76
(1790952720.730138) can0 2A5#000007BF000007CA
(1790952720.730239) can0 2A6#FFFFF847FFFFFA7E
(1790952720.730364) can0 2A7#00005689FFFFF5D5
(1790952720.734675) can0 2A1#0100010000000000
(1790952720.734787) can0 2A2#0000D2B4000003FE
(1790952720.734889) can0 2A3#0002DF34FFFD737C
(1790952720.735014) can0 2A4#00011AB6FFFD7B76
(1790952720.735138) can0 2A5#000007BF000007CA
(1790952720.735263) can0 2A6#FFFFF847FFFFFA7E
(1790952720.735389) can0 2A7#00005689FFFFF5D5
(1790952720.739685) can0 2A1#0100010000000000
(1790952720.739789) can0 2A2#0000D2B4000003FE
(1790952720.739892) can0 2A3#0002DF34FFFD737C
(1790952720.740016) can0 2A4#00011AB6FFFD7B76
(1790952720.740113) can0 2A5#000007BF000007CA
(1790952720.740241) can0 2A6#FFFFF847FFFFFA7E
(1790952720.740367) can0 2A7#00005689FFFFF5D5
(1790952720.744682) can0 2A1#0100010000000000
(1790952720.744789) can0 2A2#0000D2B4000003FE
(1790952720.744917) can0 2A3#0002DF34FFFD737C
(1790952720.745015) can0 2A4#00011AB6FFFD7B76
(1790952720.745139) can0 2A5#000007BF000007CA
(1790952720.745266) can0 2A6#FFFFF847FFFFFA7E
(1790952720.745390) can0 2A7#00005689FFFFF5D5
(1790952720.749675) can0 2A1#0100010000000000
(1790952720.749773) can0 2A2#0000D2B4000003FE
(1790952720.749894) can0 2A3#0002DF34FFFD737C
(1790952720.750017) can0 2A4#00011AB6FFFD7B76
(1790952720.750143) can0 2A5#000007BF000007CA
(1790952720.750243) can0 2A6#FFFFF847FFFFFA7E
(1790952720.750368) can0 2A7#00005689FFFFF5D5
(1790952720.754696) can0 2A1#0100010000000000
(1790952720.754791) can0 2A2#0000D2B4000003FE
(1790952720.754915) can0 2A3#0002DF34FFFD737C
(1790952720.755015) can0 2A4#00011AB6FFFD7B76
(1790952720.755141) can0 2A5#000007BF000007CA
(1790952720.755267) can0 2A6#FFFFF847FFFFFA7E
(1790952720.755366) can0 2A7#00005689FFFFF5D5
(1790952720.759654) can0 2A1#0100010000000000
(1790952720.759766) can0 2A2#0000D2B4000003FE
(1790952720.759891) can0 2A3#0002DF34FFFD737C
(1790952720.760015) can0 2A4#00011AB6FFFD7B76
(1790952720.760141) can0 2A5#000007BF000007CA
(1790952720.760245) can0 2A6#FFFFF847FFFFFA7E
(1790952720.760367) can0 2A7#00005689FFFFF5D5
(1790952720.764673) can0 2A1#0100010000000000
(1790952720.764792) can0 2A2#0000D2B4000003FE
(1790952720.764917) can0 2A3#0002DF34FFFD737C
(1790952720.765017) can0 2A4#00011AB6FFFD7B76
(1790952720.765142) can0 2A5#000007BF000007CA
(1790952720.765267) can0 2A6#FFFFF847FFFFFA7E
(1790952720.765368) can0 2A7#00005689FFFFF5D5
(1790952720.769650) can0 2A1#0100010000000000
(1790952720.769768) can0 2A2#0000D2B4000003FE
(1790952720.769892) can0 2A3#0002DF34FFFD737C
(1790952720.770016) can0 2A4#00011AB6FFFD7B76
(1790952720.770141) can0 2A5#000007BF000007CA
(1790952720.770242) can0 2A6#FFFFF847FFFFFA7E
(1790952720.770368) can0 2A7#00005689FFFFF5D5
(1790952720.774670) can0 2A1#0100010000000000
(1790952720.774794) can0 2A2#0000D2B4000003FE
(1790952720.774916) can0 2A3#0002DF34FFFD737C
(1790952720.775016) can0 2A4#00011AB6FFFD7B76
(1790952720.775142) can0 2A5#000007BF000007CA
(1790952720.775266) can0 2A6#FFFFF847FFFFFA7E
(1790952720.775392) can0 2A7#00005689FFFFF5D5
(1790952720.779676) can0 2A1#0100010000000000
(1790952720.779797) can0 2A2#0000D2B4000003FE
(1790952720.779892) can0 2A3#0002DF34FFFD737C
(1790952720.780014) can0 2A4#00011AB6FFFD7B76
(1790952720.780138) can0 2A5#000007BF000007CA
(1790952720.780240) can0 2A6#FFFFF847FFFFFA7E
(1790952720.780366) can0 2A7#00005689FFFFF5D5
(1790952720.784680) can0 2A1#0100010000000000
(1790952720.784788) can0 2A2#0000D2B4000003FE
(1790952720.784913) can0 2A3#0002DF34FFFD737C
(1790952720.785013) can0 2A4#00011AB6FFFD7B76
(1790952720.785137) can0 2A5#000007BF000007CA
(1790952720.785273) can0 2A6#FFFFF847FFFFFA7E
(1790952720.785397) can0 2A7#00005689FFFFF5D5
(1790952720.789647) can0 2A1#0100010000000000
(1790952720.789766) can0 2A2#0000D2B4000003FE
(1790952720.789889) can0 2A3#0002DF34FFFD737C
(1790952720.790014) can0 2A4#00011AB6FFFD7B76
(1790952720.790139) can0 2A5#000007BF000007CA
(1790952720.790239) can0 2A6#FFFFF847FFFFFA7E
(1790952720.790363) can0 2A7#00005689FFFFF5D5
(1790952720.794664) can0 2A1#0100010000000000
(1790952720.794790) can0 2A2#0000D2B4000003FE
(1790952720.794912) can0 2A3#0002DF34FFFD737C
(1790952720.795012) can0 2A4#00011AB6FFFD7B76
(1790952720.795143) can0 2A5#000007BF000007CA
(1790952720.795262) can0 2A6#FFFFF847FFFFFA7E
(1790952720.795390) can0 2A7#00005689FFFFF5D5
(1790952720.799662) can0 2A1#0100010000000000
(1790952720.799763) can0 2A2#0000D2B4000003FE
(1790952720.799893) can0 2A3#0002DF34FFFD737C
(1790952720.800014) can0 2A4#00011AB6FFFD7B76
(1790952720.800138) can0 2A5#000007BF000007CA
(1790952720.800238) can0 2A6#FFFFF847FFFFFA7E
(1790952720.800365) can0 2A7#00005689FFFFF5D5
(1790952720.804664) can0 2A1#0100010000000000
(1790952720.804793) can0 2A2#0000D2B4000003FE
(1790952720.804914) can0 2A3#0002DF34FFFD737C
(1790952720.805042) can0 2A4#00011AB6FFFD7B76
(1790952720.805143) can0 2A5#000007BF000007CA
(1790952720.805266) can0 2A6#FFFFF847FFFFFA7E
(1790952720.805390) can0 2A7#00005689FFFFF5D5
(1790952720.809648) can0 2A1#0100010000000000
(1790952720.809764) can0 2A2#0000D2B4000003FE
(1790952720.809891) can0 2A3#0002DF34FFFD737C
(1790952720.810016) can0 2A4#00011AB6FFFD7B76
(1790952720.810141) can0 2A5#000007BF000007CA
(1790952720.810241) can0 2A6#FFFFF847FFFFFA7E
(1790952720.810366) can0 2A7#00005689FFFFF5D5
(1790952720.814683) can0 2A1#0100010000000000
(1790952720.814792) can0 2A2#0000D2B4000003FE
(1790952720.814914) can0 2A3#0002DF34FFFD737C
(1790952720.815014) can0 2A4#00011AB6FFFD7B76
(1790952720.815141) can0 2A5#000007BF000007CA
(1790952720.815263) can0 2A6#FFFFF847FFFFFA7E
(1790952720.815391) can0 2A7#00005689FFFFF5D5
(1790952720.819674) can0 2A1#0100010000000000
(1790952720.819770) can0 2A2#0000D2B4000003FE
(1790952720.819892) can0 2A3#0002DF34FFFD737C
(1790952720.819989) can0 2A4#00011AB6FFFD7B76
(1790952720.820141) can0 2A5#000007BF000007CA
(1790952720.820266) can0 2A6#FFFFF847FFFFFA7E
(1790952720.820365) can0 2A7#00005689FFFFF5D5
(1790952720.824673) can0 2A1#0100010000000000
(1790952720.824789) can0 2A2#0000D2B4000003FE
(1790952720.824891) can0 2A3#0002DF34FFFD737C
(1790952720.825014) can0 2A4#00011AB6FFFD7B76
(1790952720.825139) can0 2A5#000007BF000007CA
(1790952720.825267) can0 2A6#FFFFF847FFFFFA7E
(1790952720.825391) can0 2A7#00005689FFFFF5D5
(1790952720.829638) can0 2A1#0100010000000000
(1790952720.829763) can0 2A2#0000D2B4000003FE
(1790952720.829893) can0 2A3#0002DF34FFFD737C
(1790952720.830013) can0 2A4#00011AB6FFFD7B76
(1790952720.830141) can0 2A5#000007BF000007CA
(1790952720.830244) can0 2A6#FFFFF847FFFFFA7E
(1790952720.830365) can0 2A7#00005689FFFFF5D5
(1790952720.834682) can0 2A1#0100010000000000
(1790952720.834790) can0 2A2#0000D2B4000003FE
(1790952720.834889) can0 2A3#0002DF34FFFD737C
(1790952720.835014) can0 2A4#00011AB6FFFD7B76
(1790952720.835142) can0 2A5#000007BF000007CA
(1790952720.835266) can0 2A6#FFFFF847FFFFFA7E
(1790952720.835389) can0 2A7#00005689FFFFF5D5
(1790952720.839700) can0 2A1#0100010000000000
(1790952720.839764) can0 2A2#0000D2B4000003FE
(1790952720.839890) can0 2A3#0002DF34FFFD737C
(1790952720.840016) can0 2A4#00011AB6FFFD7B76
(1790952720.840141) can0 2A5#000007BF000007CA
(1790952720.840265) can0 2A6#FFFFF847FFFFFA7E
(1790952720.840365) can0 2A7#00005689FFFFF5D5
(1790952720.844674) can0 2A1#0100010000000000
(1790952720.844792) can0 2A2#0000D2B4000003FE
(1790952720.844889) can0 2A3#0002DF34FFFD737C
(1790952720.845017) can0 2A4#00011AB6FFFD7B76
(1790952720.845141) can0 2A5#000007BF000007CA
(1790952720.845266) can0 2A6#FFFFF847FFFFFA7E
(1790952720.845391) can0 2A7#00005689FFFFF5D5
(1790952720.849669) can0 2A1#0100010000000000
(1790952720.849765) can0 2A2#0000D2B4000003FE
(1790952720.849889) can0 2A3#0002DF34FFFD737C
(1790952720.850015) can0 2A4#00011AB6FFFD7B76
(1790952720.850140) can0 2A5#000007BF000007CA
(1790952720.850241) can0 2A6#FFFFF847FFFFFA7E
(1790952720.850366) can0 2A7#00005689FFFFF5D5
(1790952720.854672) can0 2A1#0100010000000000
(1790952720.854789) can0 2A2#0000D2B4000003FE
(1790952720.854916) can0 2A3#0002DF34FFFD737C
(1790952720.855014) can0 2A4#00011AB6FFFD7B76
(1790952720.855140) can0 2A5#000007BF000007CA
(1790952720.855264) can0 2A6#FFFFF847FFFFFA7E
(1790952720.855364) can0 2A7#00005689FFFFF5D5
(1790952720.859655) can0 2A1#0100010000000000
(1790952720.859764) can0 2A2#0000D2B4000003FE
(1790952720.859889) can0 2A3#0002DF34FFFD737C
(1790952720.860016) can0 2A4#00011AB6FFFD7B76
(1790952720.860140) can0 2A5#000007BF000007CA
(1790952720.860240) can0 2A6#FFFFF847FFFFFA7E
(1790952720.860366) can0 2A7#00005689FFFFF5D5
(1790952720.864681) can0 2A1#0100010000000000
(1790952720.864790) can0 2A2#0000D2B4000003FE
(1790952720.864916) can0 2A3#0002DF34FFFD737C
(1790952720.865014) can0 2A4#00011AB6FFFD7B76
(1790952720.865141) can0 2A5#000007BF000007CA
(1790952720.865265) can0 2A6#FFFFF847FFFFFA7E
(1790952720.865366) can0 2A7#00005689FFFFF5D5
(1790952720.869649) can0 2A1#0100010000000000
(1790952720.869765) can0 2A2#0000D2B4000003FE
(1790952720.869889) can0 2A3#0002DF34FFFD737C
(1790952720.870016) can0 2A4#00011AB6FFFD7B76
(1790952720.870141) can0 2A5#000007BF000007CA
(1790952720.870238) can0 2A6#FFFFF847FFFFFA7E
(1790952720.870364) can0 2A7#00005689FFFFF5D5
(1790952720.874673) can0 2A1#0100010000000000
(1790952720.874788) can0 2A2#0000D2B4000003FE
(1790952720.874916) can0 2A3#0002DF34FFFD737C
(1790952720.875014) can0 2A4#00011AB6FFFD7B76
(1790952720.875139) can0 2A5#000007BF000007CA
(1790952720.875264) can0 2A6#FFFFF847FFFFFA7E
(1790952720.875391) can0 2A7#00005689FFFFF5D5
(1790952720.879670) can0 2A1#0100010000000000
(1790952720.879768) can0 2A2#0000D2B4000003FE
(1790952720.879890) can0 2A3#0002DF34FFFD737C
(1790952720.880015) can0 2A4#00011AB6FFFD7B76
(1790952720.880145) can0 2A5#000007BF000007CA
(1790952720.880265) can0 2A6#FFFFF847FFFFFA7E
(1790952720.880365) can0 2A7#00005689FFFFF5D5
(1790952720.884677) can0 2A1#0100010000000000
(1790952720.884791) can0 2A2#0000D2B4000003FE
(1790952720.884894) can0 2A3#0002DF34FFFD737C
(1790952720.885017) can0 2A4#00011AB6FFFD7B76
(1790952720.885139) can0 2A5#000007BF000007CA
(1790952720.885264) can0 2A6#FFFFF847FFFFFA7E
(1790952720.885389) can0 2A7#00005689FFFFF5D5
(1790952720.889672) can0 2A1#0100010000000000
(1790952720.889789) can0 2A2#0000D2B4000003FE
(1790952720.889891) can0 2A3#0002DF34FFFD737C
(1790952720.890016) can0 2A4#00011AB6FFFD7B76
(1790952720.890141) can0 2A5#000007BF000007CA
(1790952720.890239) can0 2A6#FFFFF847FFFFFA7E
(1790952720.890366) can0 2A7#00005689FFFFF5D5
(1790952720.894675) can0 2A1#0100010000000000
(1790952720.894788) can0 2A2#0000D2B4000003FE
(1790952720.894891) can0 2A3#0002DF34FFFD737C
(1790952720.895014) can0 2A4#00011AB6FFFD7B76
(1790952720.895139) can0 2A5#000007BF000007CA
(1790952720.895263) can0 2A6#FFFFF847FFFFFA7E
(1790952720.895390) can0 2A7#00005689FFFFF5D5
(1790952720.899646) can0 2A1#0100010000000000
(1790952720.899790) can0 2A2#0000D2B4000003FE
(1790952720.899890) can0 2A3#0002DF34FFFD737C
(1790952720.900013) can0 2A4#00011AB6FFFD7B76
(1790952720.900138) can0 2A5#000007BF000007CA
(1790952720.900240) can0 2A6#FFFFF847FFFFFA7E
(1790952720.900365) can0 2A7#00005689FFFFF5D5
(1790952720.904675) can0 2A1#0100010000000000
(1790952720.904788) can0 2A2#0000D2B4000003FE
(1790952720.904916) can0 2A3#0002DF34FFFD737C
(1790952720.905015) can0 2A4#00011AB6FFFD7B76
(1790952720.905139) can0 2A5#000007BF000007CA
(1790952720.905264) can0 2A6#FFFFF847FFFFFA7E
(1790952720.905388) can0 2A7#00005689FFFFF5D5
(1790952720.909645) can0 2A1#0100010000000000
(1790952720.909790) can0 2A2#0000D2B4000003FE
(1790952720.909889) can0 2A3#0002DF34FFFD737C
(1790952720.910014) can0 2A4#00011AB6FFFD7B76
(1790952720.910139) can0 2A5#000007BF000007CA
(1790952720.910240) can0 2A6#FFFFF847FFFFFA7E
(1790952720.910363) can0 2A7#00005689FFFFF5D5
(1790952720.914671) can0 2A1#0100010000000000
(1790952720.914788) can0 2A2#0000D2B4000003FE
(1790952720.914914) can0 2A3#0002DF34FFFD737C
(1790952720.915015) can0 2A4#00011AB6FFFD7B76
(1790952720.915139) can0 2A5#000007BF000007CA
(1790952720.915267) can0 2A6#FFFFF847FFFFFA7E
(1790952720.915364) can0 2A7#00005689FFFFF5D5
(1790952720.919647) can0 2A1#0100010000000000
(1790952720.919762) can0 2A2#0000D2B4000003FE
(1790952720.919889) can0 2A3#0002DF34FFFD737C
(1790952720.920014) can0 2A4#00011AB6FFFD7B76
(1790952720.920139) can0 2A5#000007BF000007CA
(1790952720.920238) can0 2A6#FFFFF847FFFFFA7E
(1790952720.920365) can0 2A7#00005689FFFFF5D5
(1790952720.924668) can0 2A1#0100010000000000
(1790952720.924792) can0 2A2#0000D2B4000003FE
(1790952720.924916) can0 2A3#0002DF34FFFD737C
(1790952720.925014) can0 2A4#00011AB6FFFD7B76
(1790952720.925140) can0 2A5#000007BF000007CA
(1790952720.925266) can0 2A6#FFFFF847FFFFFA7E
(1790952720.925389) can0 2A7#00005689FFFFF5D5
(1790952720.929664) can0 2A1#0100010000000000
(1790952720.929765) can0 2A2#0000D2B4000003FE
(1790952720.929888) can0 2A3#0002DF34FFFD737C
(1790952720.930015) can0 2A4#00011AB6FFFD7B76
(1790952720.930140) can0 2A5#000007BF000007CA
(1790952720.930263) can0 2A6#FFFFF847FFFFFA7E
(1790952720.930364) can0 2A7#00005689FFFFF5D5
(1790952720.934670) can0 2A1#0100010000000000
(1790952720.934789) can0 2A2#0000D2B4000003FE
(1790952720.934892) can0 2A3#0002DF34FFFD737C
(1790952720.935015) can0 2A4#00011AB6FFFD7B76
(1790952720.935141) can0 2A5#000007BF000007CA
(1790952720.935265) can0 2A6#FFFFF847FFFFFA7E
(1790952720.935390) can0 2A7#00005689FFFFF5D5
(1790952720.939668) can0 2A1#0100010000000000
(1790952720.939788) can0 2A2#0000D2B4000003FE
(1790952720.939891) can0 2A3#0002DF34FFFD737C
(1790952720.940015) can0 2A4#00011AB6FFFD7B76
(1790952720.940139) can0 2A5#000007BF000007CA
(1790952720.940238) can0 2A6#FFFFF847FFFFFA7E
(1790952720.940365) can0 2A7#00005689FFFFF5D5
(1790952720.944670) can0 2A1#0100010000000000
(1790952720.944792) can0 2A2#0000D2B4000003FE
(1790952720.944913) can0 2A3#0002DF34FFFD737C
(1790952720.945015) can0 2A4#00011AB6FFFD7B76
(1790952720.945140) can0 2A5#000007BF000007CA
(1790952720.945265) can0 2A6#FFFFF847FFFFFA7E
(1790952720.945389) can0 2A7#00005689FFFFF5D5
(1790952720.949640) can0 2A1#0100010000000000
(1790952720.949763) can0 2A2#0000D2B4000003FE
(1790952720.949890) can0 2A3#0002DF34FFFD737C
(1790952720.950015) can0 2A4#00011AB6FFFD7B76
(1790952720.950137) can0 2A5#000007BF000007CA
(1790952720.950238) can0 2A6#FFFFF847FFFFFA7E
(1790952720.950363) can0 2A7#00005689FFFFF5D5
(1790952720.954666) can0 2A1#0100010000000000
(1790952720.954788) can0 2A2#0000D2B4000003FE
(1790952720.954915) can0 2A3#0002DF34FFFD737C
(1790952720.955014) can0 2A4#00011AB6FFFD7B76
(1790952720.955140) can0 2A5#000007BF000007CA
(1790952720.955265) can0 2A6#FFFFF847FFFFFA7E
(1790952720.955390) can0 2A7#00005689FFFFF5D5
(1790952720.959669) can0 2A1#0100010000000000
(1790952720.959771) can0 2A2#0000D2B4000003FE
(1790952720.959890) can0 2A3#0002DF34FFFD737C
(1790952720.960015) can0 2A4#00011AB6FFFD7B76
(1790952720.960138) can0 2A5#000007BF000007CA
(1790952720.960263) can0 2A6#FFFFF847FFFFFA7E
(1790952720.960364) can0 2A7#00005689FFFFF5D5
(1790952720.964667) can0 2A1#0100010000000000
(1790952720.964791) can0 2A2#0000D2B4000003FE
(1790952720.964892) can0 2A3#0002DF34FFFD737C
(1790952720.965015) can0 2A4#00011AB6FFFD7B76
(1790952720.965141) can0 2A5#000007BF000007CA
(1790952720.965265) can0 2A6#FFFFF847FFFFFA7E
(1790952720.965391) can0 2A7#00005689FFFFF5D5
(1790952720.969680) can0 2A1#0100010000000000
(1790952720.969790) can0 2A2#0000D2B4000003FE
(1790952720.969891) can0 2A3#0002DF34FFFD737C
(1790952720.970014) can0 2A4#00011AB6FFFD7B76
(1790952720.970116) can0 2A5#000007BF000007CA
(1790952720.970265) can0 2A6#FFFFF847FFFFFA7E
(1790952720.970389) can0 2A7#00005689FFFFF5D5
(1790952720.974673) can0 2A1#0100010000000000
(1790952720.974789) can0 2A2#0000D2B4000003FE
(1790952720.974916) can0 2A3#0002DF34FFFD737C
(1790952720.975014) can0 2A4#00011AB6FFFD7B76
(1790952720.975139) can0 2A5#000007BF000007CA
(1790952720.975266) can0 2A6#FFFFF847FFFFFA7E
(1790952720.975390) can0 2A7#00005689FFFFF5D5
(1790952720.979670) can0 2A1#0100010000000000
(1790952720.979792) can0 2A2#0000D2B4000003FE
(1790952720.979889) can0 2A3#0002DF34FFFD737C
(1790952720.980013) can0 2A4#00011AB6FFFD7B76
(1790952720.980139) can0 2A5#000007BF000007CA
(1790952720.980239) can0 2A6#FFFFF847FFFFFA7E
(1790952720.980368) can0 2A7#00005689FFFFF5D5
(1790952720.984702) can0 2A1#0100010000000000
(1790952720.984790) can0 2A2#0000D2B4000003FE
(1790952720.984916) can0 2A3#0002DF34FFFD737C
(1790952720.985016) can0 2A4#00011AB6FFFD7B76
(1790952720.985140) can0 2A5#000007BF000007CA
(1790952720.985266) can0 2A6#FFFFF847FFFFFA7E
(1790952720.985391) can0 2A7#00005689FFFFF5D5
(1790952720.989640) can0 2A1#0100010000000000
(1790952720.989764) can0 2A2#0000D2B4000003FE
(1790952720.989893) can0 2A3#0002DF34FFFD737C
(1790952720.990017) can0 2A4#00011AB6FFFD7B76
(1790952720.990140) can0 2A5#000007BF000007CA
(1790952720.990240) can0 2A6#FFFFF847FFFFFA7E
(1790952720.990364) can0 2A7#00005689FFFFF5D5
(1790952720.994674) can0 2A1#0100010000000000
(1790952720.994790) can0 2A2#0000D2B4000003FE
(1790952720.994916) can0 2A3#0002DF34FFFD737C
(1790952720.995015) can0 2A4#00011AB6FFFD7B76
(1790952720.995137) can0 2A5#000007BF000007CA
(1790952720.995263) can0 2A6#FFFFF847FFFFFA7E
(1790952720.995364) can0 2A7#00005689FFFFF5D5
(1790952720.999652) can0 2A1#0100010000000000
(1790952720.999788) can0 2A2#0000D2B4000003FE
(1790952720.999888) can0 2A3#0002DF34FFFD737C
(1790952721.000013) can0 2A4#00011AB6FFFD7B76
(1790952721.000137) can0 2A5#000007BF000007CA
(1790952721.000239) can0 2A6#FFFFF847FFFFFA7E
(1790952721.000365) can0 2A7#00005689FFFFF5D5
(1790952721.004672) can0 2A1#0100010000000000
(1790952721.004789) can0 2A2#0000D2B4000003FE
(1790952721.004915) can0 2A3#0002DF34FFFD737C
(1790952721.005013) can0 2A4#00011AB6FFFD7B76
(1790952721.005139) can0 2A5#000007BF000007CA
(1790952721.005265) can0 2A6#FFFFF847FFFFFA7E
(1790952721.005364) can0 2A7#00005689FFFFF5D5
(1790952721.009671) can0 2A1#0100010000000000
(1790952721.009766) can0 2A2#0000D2B4000003FE
(1790952721.009892) can0 2A3#0002DF34FFFD737C
(1790952721.010016) can0 2A4#00011AB6FFFD7B76
(1790952721.010141) can0 2A5#000007BF000007CA
(1790952721.010240) can0 2A6#FFFFF847FFFFFA7E
(1790952721.010364) can0 2A7#00005689FFFFF5D5
(1790952721.014674) can0 2A1#0100010000000000
(1790952721.014791) can0 2A2#0000D2B4000003FE
(1790952721.014919) can0 2A3#0002DF34FFFD737C
(1790952721.015014) can0 2A4#00011AB6FFFD7B76
(1790952721.015139) can0 2A5#000007BF000007CA
(1790952721.015263) can0 2A6#FFFFF847FFFFFA7E
(1790952721.015390) can0 2A7#00005689FFFFF5D5
(1790952721.019644) can0 2A1#0100010000000000
(1790952721.019762) can0 2A2#0000D2B4000003FE
(1790952721.019889) can0 2A3#0002DF34FFFD737C
(1790952721.020015) can0 2A4#00011AB6FFFD7B76
(1790952721.020137) can0 2A5#000007BF000007CA
(1790952721.020239) can0 2A6#FFFFF847FFFFFA7E
(1790952721.020364) can0 2A7#00005689FFFFF5D5
(1790952721.024671) can0 2A1#0100010000000000
(1790952721.024788) can0 2A2#0000D2B4000003FE
(1790952721.024914) can0 2A3#0002DF34FFFD737C
(1790952721.025013) can0 2A4#00011AB6FFFD7B76
(1790952721.025139) can0 2A5#000007BF000007CA
(1790952721.025263) can0 2A6#FFFFF847FFFFFA7E
(1790952721.025391) can0 2A7#00005689FFFFF5D5
(1790952721.029667) can0 2A1#0100010000000000
(1790952721.029764) can0 2A2#0000D2B4000003FE
(1790952721.029889) can0 2A3#0002DF34FFFD737C
(1790952721.030015) can0 2A4#00011AB6FFFD7B76
(1790952721.030137) can0 2A5#000007BF000007CA
(1790952721.030271) can0 2A6#FFFFF847FFFFFA7E
(1790952721.030392) can0 2A7#00005689FFFFF5D5
(1790952721.034674) can0 2A1#0100010000000000
(1790952721.034788) can0 2A2#0000D2B4000003FE
(1790952721.034889) can0 2A3#0002DF34FFFD737C
(1790952721.035041) can0 2A4#00011AB6FFFD7B76
(1790952721.035139) can0 2A5#000007BF000007CA
(1790952721.035265) can0 2A6#FFFFF847FFFFFA7E
(1790952721.035389) can0 2A7#00005689FFFFF5D5
(1790952721.039675) can0 2A1#0100010000000000
(1790952721.039764) can0 2A2#0000D2B4000003FE
(1790952721.039890) can0 2A3#0002DF34FFFD737C
(1790952721.040014) can0 2A4#00011AB6FFFD7B76
(1790952721.040138) can0 2A5#000007BF000007CA
(1790952721.040263) can0 2A6#FFFFF847FFFFFA7E
(1790952721.040364) can0 2A7#00005689FFFFF5D5
(1790952721.044674) can0 2A1#0100010000000000
(1790952721.044790) can0 2A2#0000D2B4000003FE
(1790952721.044892) can0 2A3#0002DF34FFFD737C
(1790952721.045017) can0 2A4#00011AB6FFFD7B76
(1790952721.045139) can0 2A5#000007BF000007CA
(1790952721.045265) can0 2A6#FFFFF847FFFFFA7E
(1790952721.045391) can0 2A7#00005689FFFFF5D5
(1790952721.049682) can0 2A1#0100010000000000
(1790952721.049789) can0 2A2#0000D2B4000003FE
(1790952721.049904) can0 2A3#0002DF34FFFD737C
(1790952721.050013) can0 2A4#00011AB6FFFD7B76
(1790952721.050142) can0 2A5#000007BF000007CA
(1790952721.050238) can0 2A6#FFFFF847FFFFFA7E
(1790952721.050364) can0 2A7#00005689FFFFF5D5
(1790952721.054670) can0 2A1#0100010000000000
(1790952721.054792) can0 2A2#0000D2B4000003FE
(1790952721.054914) can0 2A3#0002DF34FFFD737C
(1790952721.055014) can0 2A4#00011AB6FFFD7B76
(1790952721.055139) can0 2A5#000007BF000007CA
(1790952721.055264) can0 2A6#FFFFF847FFFFFA7E
(1790952721.055389) can0 2A7#00005689FFFFF5D5
(1790952721.059673) can0 2A1#0100010000000000
(1790952721.059791) can0 2A2#0000D2B4000003FE
(1790952721.059891) can0 2A3#0002DF34FFFD737C
(1790952721.060016) can0 2A4#00011AB6FFFD7B76
(1790952721.060140) can0 2A5#000007BF000007CA
(1790952721.060265) can0 2A6#FFFFF847FFFFFA7E
(1790952721.060364) can0 2A7#00005689FFFFF5D5
(1790952721.064670) can0 2A1#0100010000000000
(1790952721.064791) can0 2A2#0000D2B4000003FE
(1790952721.064914) can0 2A3#0002DF34FFFD737C
(1790952721.065013) can0 2A4#00011AB6FFFD7B76
(1790952721.065144) can0 2A5#000007BF000007CA
(1790952721.065270) can0 2A6#FFFFF847FFFFFA7E
(1790952721.065392) can0 2A7#00005689FFFFF5D5
(1790952721.069645) can0 2A1#0100010000000000
(1790952721.069762) can0 2A2#0000D2B4000003FE
(1790952721.069889) can0 2A3#0002DF34FFFD737C
(1790952721.070014) can0 2A4#00011AB6FFFD7B76
(1790952721.070139) can0 2A5#000007BF000007CA
(1790952721.070239) can0 2A6#FFFFF847FFFFFA7E
(1790952721.070364) can0 2A7#00005689FFFFF5D5
(1790952721.074671) can0 2A1#0100010000000000
(1790952721.074787) can0 2A2#0000D2B4000003FE
(1790952721.074914) can0 2A3#0002DF34FFFD737C
(1790952721.075014) can0 2A4#00011AB6FFFD7B76
(1790952721.075139) can0 2A5#000007BF000007CA
(1790952721.075264) can0 2A6#FFFFF847FFFFFA7E
(1790952721.075364) can0 2A7#00005689FFFFF5D5
(1790952721.079663) can0 2A1#0100010000000000
(1790952721.079762) can0 2A2#0000D2B4000003FE
(1790952721.079892) can0 2A3#0002DF34FFFD737C
(1790952721.080013) can0 2A4#00011AB6FFFD7B76
(1790952721.080137) can0 2A5#000007BF000007CA
(1790952721.080262) can0 2A6#FFFFF847FFFFFA7E
(1790952721.080364) can0 2A7#00005689FFFFF5D5
(1790952721.084671) can0 2A1#0100010000000000
(1790952721.084787) can0 2A2#0000D2B4000003FE
(1790952721.084889) can0 2A3#0002DF34FFFD737C
(1790952721.085014) can0 2A4#00011AB6FFFD7B76
(1790952721.085137) can0 2A5#000007BF000007CA
(1790952721.085264) can0 2A6#FFFFF847FFFFFA7E
(1790952721.085390) can0 2A7#00005689FFFFF5D5
(1790952721.089669) can0 2A1#0100010000000000
(1790952721.089763) can0 2A2#0000D2B4000003FE
(1790952721.089890) can0 2A3#0002DF34FFFD737C
(1790952721.090014) can0 2A4#00011AB6FFFD7B76
(1790952721.090139) can0 2A5#000007BF000007CA
(1790952721.090265) can0 2A6#FFFFF847FFFFFA7E
(1790952721.090365) can0 2A7#00005689FFFFF5D5
(1790952721.094670) can0 2A1#0100010000000000
(1790952721.094789) can0 2A2#0000D2B4000003FE
(1790952721.094900) can0 2A3#0002DF34FFFD737C
(1790952721.095013) can0 2A4#00011AB6FFFD7B76
(1790952721.095138) can0 2A5#000007BF000007CA
(1790952721.095265) can0 2A6#FFFFF847FFFFFA7E
(1790952721.095390) can0 2A7#00005689FFFFF5D5
(1790952721.099670) can0 2A1#0100010000000000
(1790952721.099788) can0 2A2#0000D2B4000003FE
(1790952721.099889) can0 2A3#0002DF34FFFD737C
(1790952721.100014) can0 2A4#00011AB6FFFD7B76
(1790952721.100137) can0 2A5#000007BF000007CA
(1790952721.100238) can0 2A6#FFFFF847FFFFFA7E
(1790952721.100392) can0 2A7#00005689FFFFF5D5
(1790952721.104672) can0 2A1#0100010000000000
(1790952721.104787) can0 2A2#0000D2B4000003FE
(1790952721.104916) can0 2A3#0002DF34FFFD737C
(1790952721.105014) can0 2A4#00011AB6FFFD7B76
(1790952721.105137) can0 2A5#000007BF000007CA
(1790952721.105264) can0 2A6#FFFFF847FFFFFA7E
(1790952721.105390) can0 2A7#00005689FFFFF5D5
(1790952721.109668) can0 2A1#0100010000000000
(1790952721.109762) can0 2A2#0000D2B4000003FE
(1790952721.109900) can0 2A3#0002DF34FFFD737C
(1790952721.110014) can0 2A4#00011AB6FFFD7B76
(1790952721.110139) can0 2A5#000007BF000007CA
(1790952721.110237) can0 2A6#FFFFF847FFFFFA7E
(1790952721.110364) can0 2A7#00005689FFFFF5D5
(1790952721.114669) can0 2A1#0100010000000000
(1790952721.114787) can0 2A2#0000D2B4000003FE
(1790952721.114889) can0 2A3#0002DF34FFFD737C
(1790952721.115039) can0 2A4#00011AB6FFFD7B76
(1790952721.115139) can0 2A5#000007BF000007CA
(1790952721.115264) can0 2A6#FFFFF847FFFFFA7E
(1790952721.115390) can0 2A7#00005689FFFFF5D5
(1790952721.119683) can0 2A1#0100010000000000
(1790952721.119788) can0 2A2#0000D2B4000003FE
(1790952721.119889) can0 2A3#0002DF34FFFD737C
(1790952721.120014) can0 2A4#00011AB6FFFD7B76
(1790952721.120138) can0 2A5#000007BF000007CA
(1790952721.120240) can0 2A6#FFFFF847FFFFFA7E
(1790952721.120365) can0 2A7#00005689FFFFF5D5
(1790952721.124673) can0 2A1#0100010000000000
(1790952721.124787) can0 2A2#0000D2B4000003FE
(1790952721.124914) can0 2A3#0002DF34FFFD737C
(1790952721.125014) can0 2A4#00011AB6FFFD7B76
(1790952721.125139) can0 2A5#000007BF000007CA
(1790952721.125264) can0 2A6#FFFFF847FFFFFA7E
(1790952721.125363) can0 2A7#00005689FFFFF5D5
(1790952721.129665) can0 2A1#0100010000000000
(1790952721.129762) can0 2A2#0000D2B4000003FE
(1790952721.129889) can0 2A3#0002DF34FFFD737C
(1790952721.130014) can0 2A4#00011AB6FFFD7B76
(1790952721.130115) can0 2A5#000007BF000007CA
(1790952721.130239) can0 2A6#FFFFF847FFFFFA7E
(1790952721.130387) can0 2A7#00005689FFFFF5D5
(1790952721.134676) can0 2A1#0100010000000000
(1790952721.134788) can0 2A2#0000D2B4000003FE
(1790952721.134914) can0 2A3#0002DF34FFFD737C
(1790952721.135014) can0 2A4#00011AB6FFFD7B76
(1790952721.135139) can0 2A5#000007BF000007CA
(1790952721.135264) can0 2A6#FFFFF847FFFFFA7E
(1790952721.135390) can0 2A7#00005689FFFFF5D5
(1790952721.139644) can0 2A1#0100010000000000
(1790952721.139787) can0 2A2#0000D2B4000003FE
(1790952721.139890) can0 2A3#0002DF34FFFD737C
(1790952721.140014) can0 2A4#00011AB6FFFD7B76
(1790952721.140138) can0 2A5#000007BF000007CA
(1790952721.140237) can0 2A6#FFFFF847FFFFFA7E
(1790952721.140365) can0 2A7#00005689FFFFF5D5
(1790952721.144670) can0 2A1#0100010000000000
(1790952721.144787) can0 2A2#0000D2B4000003FE
(1790952721.144914) can0 2A3#0002DF34FFFD737C
(1790952721.145014) can0 2A4#00011AB6FFFD7B76
(1790952721.145139) can0 2A5#000007BF000007CA
(1790952721.145264) can0 2A6#FFFFF847FFFFFA7E
(1790952721.145389) can0 2A7#00005689FFFFF5D5
(1790952721.149671) can0 2A1#0100010000000000
(1790952721.149762) can0 2A2#0000D2B4000003FE
(1790952721.149889) can0 2A3#0002DF34FFFD737C
(1790952721.150014) can0 2A4#00011AB6FFFD7B76
(1790952721.150137) can0 2A5#000007BF000007CA
(1790952721.150239) can0 2A6#FFFFF847FFFFFA7E
(1790952721.150365) can0 2A7#00005689FFFFF5D5
(1790952721.154669) can0 2A1#0100010000000000
(1790952721.154787) can0 2A2#0000D2B4000003FE
(1790952721.154914) can0 2A3#0002DF34FFFD737C
(1790952721.155013) can0 2A4#00011AB6FFFD7B76
(1790952721.155139) can0 2A5#000007BF000007CA
(1790952721.155264) can0 2A6#FFFFF847FFFFFA7E
(1790952721.155390) can0 2A7#00005689FFFFF5D5
(1790952721.159641) can0 2A1#0100010000000000
(1790952721.159762) can0 2A2#0000D2B4000003FE
(1790952721.159887) can0 2A3#0002DF34FFFD737C
(1790952721.160014) can0 2A4#00011AB6FFFD7B76
(1790952721.160137) can0 2A5#000007BF000007CA
(1790952721.160237) can0 2A6#FFFFF847FFFFFA7E
(1790952721.160364) can0 2A7#00005689FFFFF5D5
(1790952721.164667) can0 2A1#0100010000000000
(1790952721.164792) can0 2A2#0000D2B4000003FE
(1790952721.164916) can0 2A3#0002DF34FFFD737C
(1790952721.165038) can0 2A4#00011AB6FFFD7B76
(1790952721.165139) can0 2A5#000007BF000007CA
(1790952721.165264) can0 2A6#FFFFF847FFFFFA7E
(1790952721.165388) can0 2A7#00005689FFFFF5D5
(1790952721.169664) can0 2A1#0100010000000000
(1790952721.169762) can0 2A2#0000D2B4000003FE
(1790952721.169889) can0 2A3#0002DF34FFFD737C
(1790952721.170014) can0 2A4#00011AB6FFFD7B76
(1790952721.170145) can0 2A5#000007BF000007CA
(1790952721.170265) can0 2A6#FFFFF847FFFFFA7E
(1790952721.170391) can0 2A7#00005689FFFFF5D5
(1790952721.174666) can0 2A1#0100010000000000
(1790952721.174788) can0 2A2#0000D2B4000003FE
(1790952721.174889) can0 2A3#0002DF34FFFD737C
(1790952721.175037) can0 2A4#00011AB6FFFD7B76
(1790952721.175146) can0 2A5#000007BF000007CA
(1790952721.175266) can0 2A6#FFFFF847FFFFFA7E
(1790952721.175388) can0 2A7#00005689FFFFF5D5
(1790952721.179637) can0 2A1#0100010000000000
(1790952721.179763) can0 2A2#0000D2B4000003FE
(1790952721.179887) can0 2A3#0002DF34FFFD737C
(1790952721.180012) can0 2A4#00011AB6FFFD7B76
(1790952721.180145) can0 2A5#000007BF000007CA
(1790952721.180239) can0 2A6#FFFFF847FFFFFA7E
(1790952721.180363) can0 2A7#00005689FFFFF5D5
(1790952721.184668) can0 2A1#0100010000000000
(1790952721.184794) can0 2A2#0000D2B4000003FE
(1790952721.184915) can0 2A3#0002DF34FFFD737C
(1790952721.185013) can0 2A4#00011AB6FFFD7B76
(1790952721.185145) can0 2A5#000007BF000007CA
(1790952721.185264) can0 2A6#FFFFF847FFFFFA7E
(1790952721.185389) can0 2A7#00005689FFFFF5D5
(1790952721.189667) can0 2A1#0100010000000000
(1790952721.189788) can0 2A2#0000D2B4000003FE
(1790952721.189891) can0 2A3#0002DF34FFFD737C
(1790952721.190014) can0 2A4#00011AB6FFFD7B76
(1790952721.190138) can0 2A5#000007BF000007CA
(1790952721.190239) can0 2A6#FFFFF847FFFFFA7E
(1790952721.190364) can0 2A7#00005689FFFFF5D5
(1790952721.194672) can0 2A1#0100010000000000
(1790952721.194787) can0 2A2#0000D2B4000003FE
(1790952721.194914) can0 2A3#0002DF34FFFD737C
(1790952721.195016) can0 2A4#00011AB6FFFD7B76
(1790952721.195138) can0 2A5#000007BF000007CA
(1790952721.195263) can0 2A6#FFFFF847FFFFFA7E
(1790952721.195394) can0 2A7#00005689FFFFF5D5
(1790952721.199657) can0 2A1#0100010000000000
(1790952721.199788) can0 2A2#0000D2B4000003FE
(1790952721.199888) can0 2A3#0002DF34FFFD737C
(1790952721.200012) can0 2A4#00011AB6FFFD7B76
(1790952721.200139) can0 2A5#000007BF000007CA
(1790952721.200242) can0 2A6#FFFFF847FFFFFA7E
(1790952721.200365) can0 2A7#00005689FFFFF5D5
(1790952721.204671) can0 2A1#0100010000000000
(1790952721.204790) can0 2A2#0000D2B4000003FE
(1790952721.204915) can0 2A3#0002DF34FFFD737C
(1790952721.205015) can0 2A4#00011AB6FFFD7B76
(1790952721.205145) can0 2A5#000007BF000007CA
(1790952721.205263) can0 2A6#FFFFF847FFFFFA7E
(1790952721.205364) can0 2A7#00005689FFFFF5D5
(1790952721.209639) can0 2A1#0100010000000000
(1790952721.209790) can0 2A2#0000D2B4000003FE
(1790952721.209887) can0 2A3#0002DF34FFFD737C
(1790952721.210015) can0 2A4#00011AB6FFFD7B76
(1790952721.210138) can0 2A5#000007BF000007CA
(1790952721.210241) can0 2A6#FFFFF847FFFFFA7E
(1790952721.210365) can0 2A7#00005689FFFFF5D5
(1790952721.214681) can0 2A1#0100010000000000
(1790952721.214792) can0 2A2#0000D2B4000003FE
(1790952721.214916) can0 2A3#0002DF34FFFD737C
(1790952721.215013) can0 2A4#00011AB6FFFD7B76
(1790952721.215148) can0 2A5#000007BF000007CA
(1790952721.215263) can0 2A6#FFFFF847FFFFFA7E
(1790952721.215393) can0 2A7#00005689FFFFF5D5
(1790952721.219672) can0 2A1#0100010000000000
(1790952721.219763) can0 2A2#0000D2B4000003FE
(1790952721.219889) can0 2A3#0002DF34FFFD737C
(1790952721.220014) can0 2A4#00011AB6FFFD7B76
(1790952721.220138) can0 2A5#000007BF000007CA
(1790952721.220263) can0 2A6#FFFFF847FFFFFA7E
(1790952721.220364) can0 2A7#00005689FFFFF5D5
(1790952721.224673) can0 2A1#0100010000000000
(1790952721.224787) can0 2A2#0000D2B4000003FE
(1790952721.224917) can0 2A3#0002DF34FFFD737C
(1790952721.225037) can0 2A4#00011AB6FFFD7B76
(1790952721.225140) can0 2A5#000007BF000007CA
(1790952721.225263) can0 2A6#FFFFF847FFFFFA7E
(1790952721.225389) can0 2A7#00005689FFFFF5D5
(1790952721.229672) can0 2A1#0100010000000000
(1790952721.229791) can0 2A2#0000D2B4000003FE
(1790952721.229889) can0 2A3#0002DF34FFFD737C
(1790952721.230013) can0 2A4#00011AB6FFFD7B76
(1790952721.230137) can0 2A5#000007BF000007CA
(1790952721.230238) can0 2A6#FFFFF847FFFFFA7E
(1790952721.230364) can0 2A7#00005689FFFFF5D5
(1790952721.234679) can0 2A1#0100010000000000
(1790952721.234788) can0 2A2#0000D2B4000003FE
(1790952721.234917) can0 2A3#0002DF34FFFD737C
(1790952721.235014) can0 2A4#00011AB6FFFD7B76
(1790952721.235139) can0 2A5#000007BF000007CA
(1790952721.235264) can0 2A6#FFFFF847FFFFFA7E
(1790952721.235388) can0 2A7#00005689FFFFF5D5
(1790952721.239645) can0 2A1#0100010000000000
(1790952721.239789) can0 2A2#0000D2B4000003FE
(1790952721.239889) can0 2A3#0002DF34FFFD737C
(1790952721.240014) can0 2A4#00011AB6FFFD7B76
(1790952721.240145) can0 2A5#000007BF000007CA
(1790952721.240239) can0 2A6#FFFFF847FFFFFA7E
(1790952721.240365) can0 2A7#00005689FFFFF5D5
(1790952721.244669) can0 2A1#0100010000000000
(1790952721.244789) can0 2A2#0000D2B4000003FE
(1790952721.244914) can0 2A3#0002DF34FFFD737C
(1790952721.245014) can0 2A4#00011AB6FFFD7B76
(1790952721.245148) can0 2A5#000007BF000007CA
(1790952721.245264) can0 2A6#FFFFF847FFFFFA7E
(1790952721.245388) can0 2A7#00005689FFFFF5D5
(1790952721.249643) can0 2A1#0100010000000000
(1790952721.249763) can0 2A2#0000D2B4000003FE
(1790952721.249889) can0 2A3#0002DF34FFFD737C
(1790952721.250014) can0 2A4#00011AB6FFFD7B76
(1790952721.250142) can0 2A5#000007BF000007CA
(1790952721.250241) can0 2A6#FFFFF847FFFFFA7E
(1790952721.250366) can0 2A7#00005689FFFFF5D5
(1790952721.254682) can0 2A1#0100010000000000
(1790952721.254788) can0 2A2#0000D2B4000003FE
(1790952721.254916) can0 2A3#0002DF34FFFD737C
(1790952721.255012) can0 2A4#00011AB6FFFD7B76
(1790952721.255137) can0 2A5#000007BF000007CA
(1790952721.255263) can0 2A6#FFFFF847FFFFFA7E
(1790952721.255389) can0 2A7#00005689FFFFF5D5
(1790952721.259643) can0 2A1#0100010000000000
(1790952721.259762) can0 2A2#0000D2B4000003FE
(1790952721.259889) can0 2A3#0002DF34FFFD737C
(1790952721.260014) can0 2A4#00011AB6FFFD7B76
(1790952721.260141) can0 2A5#000007BF000007CA
(1790952721.260241) can0 2A6#FFFFF847FFFFFA7E
(1790952721.260365) can0 2A7#00005689FFFFF5D5
(1790952721.264690) can0 2A1#0100010000000000
(1790952721.264789) can0 2A2#0000D2B4000003FE
(1790952721.264915) can0 2A3#0002DF34FFFD737C
(1790952721.265013) can0 2A4#00011AB6FFFD7B76
(1790952721.265145) can0 2A5#000007BF000007CA
(1790952721.265263) can0 2A6#FFFFF847FFFFFA7E
(1790952721.265391) can0 2A7#00005689FFFFF5D5
(1790952721.269645) can0 2A1#0100010000000000
(1790952721.269765) can0 2A2#0000D2B4000003FE
(1790952721.269890) can0 2A3#0002DF34FFFD737C
(1790952721.270014) can0 2A4#00011AB6FFFD7B76
(1790952721.270144) can0 2A5#000007BF000007CA
(1790952721.270240) can0 2A6#FFFFF847FFFFFA7E
(1790952721.270365) can0 2A7#00005689FFFFF5D5
(1790952721.274678) can0 2A1#0100010000000000
(1790952721.274789) can0 2A2#0000D2B4000003FE
(1790952721.274915) can0 2A3#0002DF34FFFD737C
(1790952721.275038) can0 2A4#00011AB6FFFD7B76
(1790952721.275143) can0 2A5#000007BF000007CA
(1790952721.275265) can0 2A6#FFFFF847FFFFFA7E
(1790952721.275392) can0 2A7#00005689FFFFF5D5
(1790952721.279638) can0 2A1#0100010000000000
(1790952721.279763) can0 2A2#0000D2B4000003FE
(1790952721.279891) can0 2A3#0002DF34FFFD737C
(1790952721.280014) can0 2A4#00011AB6FFFD7B76
(1790952721.280142) can0 2A5#000007BF000007CA
(1790952721.280242) can0 2A6#FFFFF847FFFFFA7E
(1790952721.280365) can0 2A7#00005689FFFFF5D5
(1790952721.284683) can0 2A1#0100010000000000
(1790952721.284788) can0 2A2#0000D2B4000003FE
(1790952721.284914) can0 2A3#0002DF34FFFD737C
(1790952721.285015) can0 2A4#00011AB6FFFD7B76
(1790952721.285139) can0 2A5#000007BF000007CA
(1790952721.285264) can0 2A6#FFFFF847FFFFFA7E
(1790952721.285389) can0 2A7#00005689FFFFF5D5
(1790952721.289647) can0 2A1#0100010000000000
(1790952721.289787) can0 2A2#0000D2B4000003FE
(1790952721.289914) can0 2A3#0002DF34FFFD737C
(1790952721.290013) can0 2A4#00011AB6FFFD7B76
(1790952721.290139) can0 2A5#000007BF000007CA
(1790952721.290239) can0 2A6#FFFFF847FFFFFA7E
(1790952721.290362) can0 2A7#00005689FFFFF5D5
(1790952721.294668) can0 2A1#0100010000000000
(1790952721.294787) can0 2A2#0000D2B4000003FE
(1790952721.294914) can0 2A3#0002DF34FFFD737C
(1790952721.295013) can0 2A4#00011AB6FFFD7B76
(1790952721.295140) can0 2A5#000007BF000007CA
(1790952721.295263) can0 2A6#FFFFF847FFFFFA7E
(1790952721.295388) can0 2A7#00005689FFFFF5D5
(1790952721.299657) can0 2A1#0100010000000000
(1790952721.299764) can0 2A2#0000D2B4000003FE
(1790952721.299890) can0 2A3#0002DF34FFFD737C
(1790952721.300013) can0 2A4#00011AB6FFFD7B76
(1790952721.300137) can0 2A5#000007BF000007CA
(1790952721.300237) can0 2A6#FFFFF847FFFFFA7E
(1790952721.300363) can0 2A7#00005689FFFFF5D5
(1790952721.304671) can0 2A1#0100010000000000
(1790952721.304786) can0 2A2#0000D2B4000003FE
(1790952721.304913) can0 2A3#0002DF34FFFD737C
(1790952721.305013) can0 2A4#00011AB6FFFD7B76
(1790952721.305138) can0 2A5#000007BF000007CA
(1790952721.305263) can0 2A6#FFFFF847FFFFFA7E
(1790952721.305389) can0 2A7#00005689FFFFF5D5
(1790952721.309667) can0 2A1#0100010000000000
(1790952721.309786) can0 2A2#0000D2B4000003FE
(1790952721.309888) can0 2A3#0002DF34FFFD737C
(1790952721.310014) can0 2A4#00011AB6FFFD7B76
(1790952721.310138) can0 2A5#000007BF000007CA
(1790952721.310239) can0 2A6#FFFFF847FFFFFA7E
(1790952721.310364) can0 2A7#00005689FFFFF5D5
(1790952721.314694) can0 2A1#0100010000000000
(1790952721.314786) can0 2A2#0000D2B4000003FE
(1790952721.314915) can0 2A3#0002DF34FFFD737C
(1790952721.315038) can0 2A4#00011AB6FFFD7B76
(1790952721.315137) can0 2A5#000007BF000007CA
(1790952721.315264) can0 2A6#FFFFF847FFFFFA7E
(1790952721.315389) can0 2A7#00005689FFFFF5D5
(1790952721.319664) can0 2A1#0100010000000000
(1790952721.319764) can0 2A2#0000D2B4000003FE
(1790952721.319889) can0 2A3#0002DF34FFFD737C
(1790952721.320013) can0 2A4#00011AB6FFFD7B76
(1790952721.320138) can0 2A5#000007BF000007CA
(1790952721.320239) can0 2A6#FFFFF847FFFFFA7E
(1790952721.320363) can0 2A7#00005689FFFFF5D5
(1790952721.324668) can0 2A1#0100010000000000
(1790952721.324787) can0 2A2#0000D2B4000003FE
(1790952721.324915) can0 2A3#0002DF34FFFD737C
(1790952721.325015) can0 2A4#00011AB6FFFD7B76
(1790952721.325138) can0 2A5#000007BF000007CA
(1790952721.325264) can0 2A6#FFFFF847FFFFFA7E
(1790952721.325389) can0 2A7#00005689FFFFF5D5
(1790952721.329663) can0 2A1#0100010000000000
(1790952721.329787) can0 2A2#0000D2B4000003FE
(1790952721.329889) can0 2A3#0002DF34FFFD737C
(1790952721.330014) can0 2A4#00011AB6FFFD7B76
(1790952721.330139) can0 2A5#000007BF000007CA
(1790952721.330264) can0 2A6#FFFFF847FFFFFA7E
(1790952721.330390) can0 2A7#00005689FFFFF5D5
(1790952721.334677) can0 2A1#0100010000000000
(1790952721.334788) can0 2A2#0000D2B4000003FE
(1790952721.334918) can0 2A3#0002DF34FFFD737C
(1790952721.335014) can0 2A4#00011AB6FFFD7B76
(1790952721.335138) can0 2A5#000007BF000007CA
(1790952721.335264) can0 2A6#FFFFF847FFFFFA7E
(1790952721.335390) can0 2A7#00005689FFFFF5D5
(1790952721.339668) can0 2A1#0100010000000000
(1790952721.339788) can0 2A2#0000D2B4000003FE
(1790952721.339902) can0 2A3#0002DF34FFFD737C
(1790952721.340023) can0 2A4#00011AB6FFFD7B76
(1790952721.340135) can0 2A5#000007BF000007CA
(1790952721.340237) can0 2A6#FFFFF847FFFFFA7E
(1790952721.340363) can0 2A7#00005689FFFFF5D5
(1790952721.344663) can0 2A1#0100010000000000
(1790952721.344786) can0 2A2#0000D2B4000003FE
(1790952721.344911) can0 2A3#0002DF34FFFD737C
(1790952721.345010) can0 2A4#00011AB6FFFD7B76
(1790952721.345161) can0 2A5#000007BF000007CA
(1790952721.345260) can0 2A6#FFFFF847FFFFFA7E
(1790952721.345388) can0 2A7#00005689FFFFF5D5
(1790952721.349663) can0 2A1#0100010000000000
(1790952721.349768) can0 2A2#0000D2B4000003FE
(1790952721.349891) can0 2A3#0002DF34FFFD737C
(1790952721.350012) can0 2A4#00011AB6FFFD7B76
(1790952721.350138) can0 2A5#000007BF000007CA
(1790952721.350262) can0 2A6#FFFFF847FFFFFA7E
(1790952721.350363) can0 2A7#00005689FFFFF5D5
(1790952721.354669) can0 2A1#0100010000000000
(1790952721.354787) can0 2A2#0000D2B4000003FE
(1790952721.354915) can0 2A3#0002DF34FFFD737C
(1790952721.355039) can0 2A4#00011AB6FFFD7B76
(1790952721.355138) can0 2A5#000007BF000007CA
(1790952721.355263) can0 2A6#FFFFF847FFFFFA7E
(1790952721.355364) can0 2A7#00005689FFFFF5D5
(1790952721.359641) can0 2A1#0100010000000000
(1790952721.359762) can0 2A2#0000D2B4000003FE
(1790952721.359890) can0 2A3#0002DF34FFFD737C
(1790952721.360013) can0 2A4#00011AB6FFFD7B76
(1790952721.360139) can0 2A5#000007BF000007CA
(1790952721.360237) can0 2A6#FFFFF847FFFFFA7E
(1790952721.360363) can0 2A7#00005689FFFFF5D5
(1790952721.364668) can0 2A1#0100010000000000
(1790952721.364789) can0 2A2#0000D2B4000003FE
(1790952721.364914) can0 2A3#0002DF34FFFD737C
(1790952721.365012) can0 2A4#00011AB6FFFD7B76
(1790952721.365139) can0 2A5#000007BF000007CA
(1790952721.365268) can0 2A6#FFFFF847FFFFFA7E
(1790952721.365389) can0 2A7#00005689FFFFF5D5
(1790952721.369643) can0 2A1#0100010000000000
(1790952721.369764) can0 2A2#0000D2B4000003FE
(1790952721.369891) can0 2A3#0002DF34FFFD737C
(1790952721.370014) can0 2A4#00011AB6FFFD7B76
(1790952721.370139) can0 2A5#000007BF000007CA
(1790952721.370237) can0 2A6#FFFFF847FFFFFA7E
(1790952721.370368) can0 2A7#00005689FFFFF5D5
(1790952721.374673) can0 2A1#0100010000000000
(1790952721.374788) can0 2A2#0000D2B4000003FE
(1790952721.374914) can0 2A3#0002DF34FFFD737C
(1790952721.375013) can0 2A4#00011AB6FFFD7B76
(1790952721.375136) can0 2A5#000007BF000007CA
(1790952721.375262) can0 2A6#FFFFF847FFFFFA7E
(1790952721.375390) can0 2A7#00005689FFFFF5D5
(1790952721.379662) can0 2A1#0100010000000000
(1790952721.379791) can0 2A2#0000D2B4000003FE
(1790952721.379887) can0 2A3#0002DF34FFFD737C
(1790952721.380014) can0 2A4#00011AB6FFFD7B76
(1790952721.380137) can0 2A5#000007BF000007CA
(1790952721.380265) can0 2A6#FFFFF847FFFFFA7E
(1790952721.380365) can0 2A7#00005689FFFFF5D5
(1790952721.384674) can0 2A1#0100010000000000
(1790952721.384789) can0 2A2#0000D2B4000003FE
(1790952721.384913) can0 2A3#0002DF34FFFD737C
(1790952721.385037) can0 2A4#00011AB6FFFD7B76
(1790952721.385140) can0 2A5#000007BF000007CA
(1790952721.385262) can0 2A6#FFFFF847FFFFFA7E
(1790952721.385387) can0 2A7#00005689FFFFF5D5
(1790952721.389673) can0 2A1#0100010000000000
(1790952721.389762) can0 2A2#0000D2B4000003FE
(1790952721.389889) can0 2A3#0002DF34FFFD737C
(1790952721.390012) can0 2A4#00011AB6FFFD7B76
(1790952721.390138) can0 2A5#000007BF000007CA
(1790952721.390262) can0 2A6#FFFFF847FFFFFA7E
(1790952721.390390) can0 2A7#00005689FFFFF5D5
(1790952721.394674) can0 2A1#0100010000000000
(1790952721.394787) can0 2A2#0000D2B4000003FE
(1790952721.394887) can0 2A3#0002DF34FFFD737C
(1790952721.395040) can0 2A4#00011AB6FFFD7B76
(1790952721.395137) can0 2A5#000007BF000007CA
(1790952721.395263) can0 2A6#FFFFF847FFFFFA7E
(1790952721.395388) can0 2A7#00005689FFFFF5D5
(1790952721.399670) can0 2A1#0100010000000000
(1790952721.399791) can0 2A2#0000D2B4000003FE
(1790952721.399888) can0 2A3#0002DF34FFFD737C
(1790952721.400015) can0 2A4#00011AB6FFFD7B76
(1790952721.400138) can0 2A5#000007BF000007CA
(1790952721.400237) can0 2A6#FFFFF847FFFFFA7E
(1790952721.400364) can0 2A7#00005689FFFFF5D5
(1790952721.404675) can0 2A1#0100010000000000
(1790952721.404786) can0 2A2#0000D2B4000003FE
(1790952721.404915) can0 2A3#0002DF34FFFD737C
(1790952721.405012) can0 2A4#00011AB6FFFD7B76
(1790952721.405137) can0 2A5#000007BF000007CA
(1790952721.405263) can0 2A6#FFFFF847FFFFFA7E
(1790952721.405388) can0 2A7#00005689FFFFF5D5
(1790952721.409669) can0 2A1#0100010000000000
(1790952721.409765) can0 2A2#0000D2B4000003FE
(1790952721.409890) can0 2A3#0002DF34FFFD737C
(1790952721.410013) can0 2A4#00011AB6FFFD7B76
(1790952721.410137) can0 2A5#000007BF000007CA
(1790952721.410262) can0 2A6#FFFFF847FFFFFA7E
(1790952721.410386) can0 2A7#00005689FFFFF5D5
(1790952721.414672) can0 2A1#0100010000000000
(1790952721.414787) can0 2A2#0000D2B4000003FE
(1790952721.414914) can0 2A3#0002DF34FFFD737C
(1790952721.415012) can0 2A4#00011AB6FFFD7B76
(1790952721.415162) can0 2A5#000007BF000007CA
(1790952721.415264) can0 2A6#FFFFF847FFFFFA7E
(1790952721.415388) can0 2A7#00005689FFFFF5D5
(1790952721.419647) can0 2A1#0100010000000000
(1790952721.419787) can0 2A2#0000D2B4000003FE
(1790952721.419913) can0 2A3#0002DF34FFFD737C
(1790952721.420013) can0 2A4#00011AB6FFFD7B76
(1790952721.420139) can0 2A5#000007BF000007CA
(1790952721.420237) can0 2A6#FFFFF847FFFFFA7E
(1790952721.420364) can0 2A7#00005689FFFFF5D5
(1790952721.424669) can0 2A1#0100010000000000
(1790952721.424788) can0 2A2#0000D2B4000003FE
(1790952721.424914) can0 2A3#0002DF34FFFD737C
(1790952721.425012) can0 2A4#00011AB6FFFD7B76
(1790952721.425140) can0 2A5#000007BF000007CA
(1790952721.425262) can0 2A6#FFFFF847FFFFFA7E
(1790952721.425387) can0 2A7#00005689FFFFF5D5
(1790952721.429663) can0 2A1#0100010000000000
(1790952721.429765) can0 2A2#0000D2B4000003FE
(1790952721.429887) can0 2A3#0002DF34FFFD737C
(1790952721.430012) can0 2A4#00011AB6FFFD7B76
(1790952721.430139) can0 2A5#000007BF000007CA
(1790952721.430263) can0 2A6#FFFFF847FFFFFA7E
(1790952721.430362) can0 2A7#00005689FFFFF5D5
(1790952721.434679) can0 2A1#0100010000000000
(1790952721.434788) can0 2A2#0000D2B4000003FE
(1790952721.434913) can0 2A3#0002DF34FFFD737C
(1790952721.435039) can0 2A4#00011AB6FFFD7B76
(1790952721.435137) can0 2A5#000007BF000007CA
(1790952721.435264) can0 2A6#FFFFF847FFFFFA7E
(1790952721.435389) can0 2A7#00005689FFFFF5D5
(1790952721.439670) can0 2A1#0100010000000000
(1790952721.439787) can0 2A2#0000D2B4000003FE
(1790952721.439890) can0 2A3#0002DF34FFFD737C
(1790952721.440015) can0 2A4#00011AB6FFFD7B76
(1790952721.440137) can0 2A5#000007BF000007CA
(1790952721.440263) can0 2A6#FFFFF847FFFFFA7E
(1790952721.440389) can0 2A7#00005689FFFFF5D5
(1790952721.444678) can0 2A1#0100010000000000
(1790952721.444786) can0 2A2#0000D2B4000003FE
(1790952721.444890) can0 2A3#0002DF34FFFD737C
(1790952721.445012) can0 2A4#00011AB6FFFD7B76
(1790952721.445137) can0 2A5#000007BF000007CA
(1790952721.445263) can0 2A6#FFFFF847FFFFFA7E
(1790952721.445389) can0 2A7#00005689FFFFF5D5
(1790952721.449681) can0 2A1#0100010000000000
(1790952721.449788) can0 2A2#0000D2B4000003FE
(1790952721.449890) can0 2A3#0002DF34FFFD737C
(1790952721.450012) can0 2A4#00011AB6FFFD7B76
(1790952721.450140) can0 2A5#000007BF000007CA
(1790952721.450237) can0 2A6#FFFFF847FFFFFA7E
(1790952721.450364) can0 2A7#00005689FFFFF5D5
(1790952721.454676) can0 2A1#0100010000000000
(1790952721.454788) can0 2A2#0000D2B4000003FE
(1790952721.454915) can0 2A3#0002DF34FFFD737C
(1790952721.455012) can0 2A4#00011AB6FFFD7B76
(1790952721.455140) can0 2A5#000007BF000007CA
(1790952721.455264) can0 2A6#FFFFF847FFFFFA7E
(1790952721.455389) can0 2A7#00005689FFFFF5D5
(1790952721.459667) can0 2A1#0100010000000000
(1790952721.459788) can0 2A2#0000D2B4000003FE
(1790952721.459888) can0 2A3#0002DF34FFFD737C
(1790952721.460015) can0 2A4#00011AB6FFFD7B76
(1790952721.460139) can0 2A5#000007BF000007CA
(1790952721.460237) can0 2A6#FFFFF847FFFFFA7E
(1790952721.460362) can0 2A7#00005689FFFFF5D5
(1790952721.464667) can0 2A1#0100010000000000
(1790952721.464787) can0 2A2#0000D2B4000003FE
(1790952721.464913) can0 2A3#0002DF34FFFD737C
(1790952721.465012) can0 2A4#00011AB6FFFD7B76
(1790952721.465137) can0 2A5#000007BF000007CA
(1790952721.465265) can0 2A6#FFFFF847FFFFFA7E
(1790952721.465389) can0 2A7#00005689FFFFF5D5
(1790952721.469648) can0 2A1#0100010000000000
(1790952721.469763) can0 2A2#0000D2B4000003FE
(1790952721.469912) can0 2A3#0002DF34FFFD737C
(1790952721.470012) can0 2A4#00011AB6FFFD7B76
(1790952721.470138) can0 2A5#000007BF000007CA
(1790952721.470239) can0 2A6#FFFFF847FFFFFA7E
(1790952721.470363) can0 2A7#00005689FFFFF5D5
(1790952721.474682) can0 2A1#0100010000000000
(1790952721.474789) can0 2A2#0000D2B4000003FE
(1790952721.474917) can0 2A3#0002DF34FFFD737C
(1790952721.475012) can0 2A4#00011AB6FFFD7B76
(1790952721.475137) can0 2A5#000007BF000007CA
(1790952721.475264) can0 2A6#FFFFF847FFFFFA7E
(1790952721.475388) can0 2A7#00005689FFFFF5D5
(1790952721.479672) can0 2A1#0100010000000000
(1790952721.479787) can0 2A2#0000D2B4000003FE
(1790952721.479887) can0 2A3#0002DF34FFFD737C
(1790952721.480014) can0 2A4#00011AB6FFFD7B76
(1790952721.480137) can0 2A5#000007BF000007CA
(1790952721.480262) can0 2A6#FFFFF847FFFFFA7E
(1790952721.480387) can0 2A7#00005689FFFFF5D5
(1790952721.484672) can0 2A1#0100010000000000
(1790952721.484793) can0 2A2#0000D2B4000003FE
(1790952721.484914) can0 2A3#0002DF34FFFD737C
(1790952721.485012) can0 2A4#00011AB6FFFD7B76
(1790952721.485141) can0 2A5#000007BF000007CA
(1790952721.485266) can0 2A6#FFFFF847FFFFFA7E
(1790952721.485389) can0 2A7#00005689FFFFF5D5
(1790952721.489667) can0 2A1#0100010000000000
(1790952721.489788) can0 2A2#0000D2B4000003FE
(1790952721.489915) can0 2A3#0002DF34FFFD737C
(1790952721.490014) can0 2A4#00011AB6FFFD7B76
(1790952721.490139) can0 2A5#000007BF000007CA
(1790952721.490264) can0 2A6#FFFFF847FFFFFA7E
(1790952721.490363) can0 2A7#00005689FFFFF5D5
(1790952721.494670) can0 2A1#0100010000000000
(1790952721.494787) can0 2A2#0000D2B4000003FE
(1790952721.494915) can0 2A3#0002DF34FFFD737C
(1790952721.495039) can0 2A4#00011AB6FFFD7B76
(1790952721.495137) can0 2A5#000007BF000007CA
(1790952721.495262) can0 2A6#FFFFF847FFFFFA7E
(1790952721.495392) can0 2A7#00005689FFFFF5D5
(1790952721.499670) can0 2A1#0100010000000000
(1790952721.499764) can0 2A2#0000D2B4000003FE
(1790952721.499911) can0 2A3#0002DF34FFFD737C
(1790952721.500012) can0 2A4#00011AB6FFFD7B76
(1790952721.500136) can0 2A5#000007BF000007CA
(1790952721.500262) can0 2A6#FFFFF847FFFFFA7E
(1790952721.500363) can0 2A7#00005689FFFFF5D5
(1790952721.504668) can0 2A1#0100010000000000
(1790952721.504786) can0 2A2#0000D2B4000003FE
(1790952721.504912) can0 2A3#0002DF34FFFD737C
(1790952721.505037) can0 2A4#00011AB6FFFD7B76
(1790952721.505142) can0 2A5#000007BF000007CA
(1790952721.505262) can0 2A6#FFFFF847FFFFFA7E
(1790952721.505388) can0 2A7#00005689FFFFF5D5
(1790952721.509667) can0 2A1#0100010000000000
(1790952721.509764) can0 2A2#0000D2B4000003FE
(1790952721.509886) can0 2A3#0002DF34FFFD737C
(1790952721.510011) can0 2A4#00011AB6FFFD7B76
(1790952721.510137) can0 2A5#000007BF000007CA
(1790952721.510261) can0 2A6#FFFFF847FFFFFA7E
(1790952721.510363) can0 2A7#00005689FFFFF5D5
(1790952721.514669) can0 2A1#0100010000000000
(1790952721.514789) can0 2A2#0000D2B4000003FE
(1790952721.514913) can0 2A3#0002DF34FFFD737C
(1790952721.515037) can0 2A4#00011AB6FFFD7B76
(1790952721.515137) can0 2A5#000007BF000007CA
(1790952721.515262) can0 2A6#FFFFF847FFFFFA7E
(1790952721.515387) can0 2A7#00005689FFFFF5D5
(1790952721.519670) can0 2A1#0100010000000000
(1790952721.519787) can0 2A2#0000D2B4000003FE
(1790952721.519887) can0 2A3#0002DF34FFFD737C
(1790952721.520012) can0 2A4#00011AB6FFFD7B76
(1790952721.520137) can0 2A5#000007BF000007CA
(1790952721.520262) can0 2A6#FFFFF847FFFFFA7E
(1790952721.520362) can0 2A7#00005689FFFFF5D5
(1790952721.524669) can0 2A1#0100010000000000
(1790952721.524787) can0 2A2#0000D2B4000003FE
(1790952721.524887) can0 2A3#0002DF34FFFD737C
(1790952721.525011) can0 2A4#00011AB6FFFD7B76
(1790952721.525142) can0 2A5#000007BF000007CA
(1790952721.525261) can0 2A6#FFFFF847FFFFFA7E
(1790952721.525387) can0 2A7#00005689FFFFF5D5
(1790952721.529663) can0 2A1#0100010000000000
(1790952721.529788) can0 2A2#0000D2B4000003FE
(1790952721.529915) can0 2A3#0002DF34FFFD737C
(1790952721.530012) can0 2A4#00011AB6FFFD7B76
(1790952721.530139) can0 2A5#000007BF000007CA
(1790952721.530262) can0 2A6#FFFFF847FFFFFA7E
(1790952721.530363) can0 2A7#00005689FFFFF5D5
(1790952721.534667) can0 2A1#0100010000000000
(1790952721.534790) can0 2A2#0000D2B4000003FE
(1790952721.534914) can0 2A3#0002DF34FFFD737C
(1790952721.535012) can0 2A4#00011AB6FFFD7B76
(1790952721.535138) can0 2A5#000007BF000007CA
(1790952721.535265) can0 2A6#FFFFF847FFFFFA7E
(1790952721.535386) can0 2A7#00005689FFFFF5D5
(1790952721.539665) can0 2A1#0100010000000000
(1790952721.539765) can0 2A2#0000D2B4000003FE
(1790952721.539887) can0 2A3#0002DF34FFFD737C
(1790952721.540012) can0 2A4#00011AB6FFFD7B76
(1790952721.540136) can0 2A5#000007BF000007CA
(1790952721.540263) can0 2A6#FFFFF847FFFFFA7E
(1790952721.540364) can0 2A7#00005689FFFFF5D5
(1790952721.544673) can0 2A1#0100010000000000
(1790952721.544793) can0 2A2#0000D2B4000003FE
(1790952721.544913) can0 2A3#0002DF34FFFD737C
(1790952721.545038) can0 2A4#00011AB6FFFD7B76
(1790952721.545137) can0 2A5#000007BF000007CA
(1790952721.545264) can0 2A6#FFFFF847FFFFFA7E
(1790952721.545391) can0 2A7#00005689FFFFF5D5
(1790952721.549670) can0 2A1#0100010000000000
(1790952721.549763) can0 2A2#0000D2B4000003FE
(1790952721.549889) can0 2A3#0002DF34FFFD737C
(1790952721.550012) can0 2A4#00011AB6FFFD7B76
(1790952721.550140) can0 2A5#000007BF000007CA
(1790952721.550261) can0 2A6#FFFFF847FFFFFA7E
(1790952721.550362) can0 2A7#00005689FFFFF5D5
(1790952721.554673) can0 2A1#0100010000000000
(1790952721.554787) can0 2A2#0000D2B4000003FE
(1790952721.554914) can0 2A3#0002DF34FFFD737C
(1790952721.555012) can0 2A4#00011AB6FFFD7B76
(1790952721.555137) can0 2A5#000007BF000007CA
(1790952721.555264) can0 2A6#FFFFF847FFFFFA7E
(1790952721.555389) can0 2A7#00005689FFFFF5D5
(1790952721.559679) can0 2A1#0100010000000000
(1790952721.559794) can0 2A2#0000D2B4000003FE
(1790952721.559912) can0 2A3#0002DF34FFFD737C
(1790952721.560012) can0 2A4#00011AB6FFFD7B76
(1790952721.560137) can0 2A5#000007BF000007CA
(1790952721.560237) can0 2A6#FFFFF847FFFFFA7E
(1790952721.560364) can0 2A7#00005689FFFFF5D5
(1790952721.564692) can0 2A1#0100010000000000
(1790952721.564788) can0 2A2#0000D2B4000003FE
(1790952721.564914) can0 2A3#0002DF34FFFD737C
(1790952721.565014) can0 2A4#00011AB6FFFD7B76
(1790952721.565139) can0 2A5#000007BF000007CA
(1790952721.565264) can0 2A6#FFFFF847FFFFFA7E
(1790952721.565390) can0 2A7#00005689FFFFF5D5
(1790952721.569679) can0 2A1#0100010000000000
(1790952721.569761) can0 2A2#0000D2B4000003FE
(1790952721.569890) can0 2A3#0002DF34FFFD737C
(1790952721.570013) can0 2A4#00011AB6FFFD7B76
(1790952721.570137) can0 2A5#000007BF000007CA
(1790952721.570263) can0 2A6#FFFFF847FFFFFA7E
(1790952721.570367) can0 2A7#00005689FFFFF5D5
(1790952721.574672) can0 2A1#0100010000000000
(1790952721.574787) can0 2A2#0000D2B4000003FE
(1790952721.574914) can0 2A3#0002DF34FFFD737C
(1790952721.575037) can0 2A4#00011AB6FFFD7B76
(1790952721.575137) can0 2A5#000007BF000007CA
(1790952721.575262) can0 2A6#FFFFF847FFFFFA7E
(1790952721.575387) can0 2A7#00005689FFFFF5D5
(1790952721.579671) can0 2A1#0100010000000000
(1790952721.579788) can0 2A2#0000D2B4000003FE
(1790952721.579914) can0 2A3#0002DF34FFFD737C
(1790952721.580012) can0 2A4#00011AB6FFFD7B76
(1790952721.580137) can0 2A5#000007BF000007CA
(1790952721.580236) can0 2A6#FFFFF847FFFFFA7E
(1790952721.580362) can0 2A7#00005689FFFFF5D5
(1790952721.584673) can0 2A1#0100010000000000
(1790952721.584786) can0 2A2#0000D2B4000003FE
(1790952721.584912) can0 2A3#0002DF34FFFD737C
(1790952721.585012) can0 2A4#00011AB6FFFD7B76
(1790952721.585140) can0 2A5#000007BF000007CA
(1790952721.585264) can0 2A6#FFFFF847FFFFFA7E
(1790952721.585387) can0 2A7#00005689FFFFF5D5
(1790952721.589672) can0 2A1#0100010000000000
(1790952721.589763) can0 2A2#0000D2B4000003FE
(1790952721.589915) can0 2A3#0002DF34FFFD737C
(1790952721.590012) can0 2A4#00011AB6FFFD7B76
(1790952721.590139) can0 2A5#000007BF000007CA
(1790952721.590264) can0 2A6#FFFFF847FFFFFA7E
(1790952721.590364) can0 2A7#00005689FFFFF5D5
(1790952721.594671) can0 2A1#0100010000000000
(1790952721.594787) can0 2A2#0000D2B4000003FE
(1790952721.594914) can0 2A3#0002DF34FFFD737C
(1790952721.595039) can0 2A4#00011AB6FFFD7B76
(1790952721.595139) can0 2A5#000007BF000007CA
(1790952721.595264) can0 2A6#FFFFF847FFFFFA7E
(1790952721.595396) can0 2A7#00005689FFFFF5D5
(1790952721.599666) can0 2A1#0100010000000000
(1790952721.599789) can0 2A2#0000D2B4000003FE
(1790952721.599890) can0 2A3#0002DF34FFFD737C
(1790952721.600014) can0 2A4#00011AB6FFFD7B76
(1790952721.600139) can0 2A5#000007BF000007CA
(1790952721.600264) can0 2A6#FFFFF847FFFFFA7E
(1790952721.600364) can0 2A7#00005689FFFFF5D5
(1790952721.604671) can0 2A1#0100010000000000
(1790952721.604789) can0 2A2#0000D2B4000003FE
(1790952721.604914) can0 2A3#0002DF34FFFD737C
(1790952721.605039) can0 2A4#00011AB6FFFD7B76
(1790952721.605139) can0 2A5#000007BF000007CA
(1790952721.605264) can0 2A6#FFFFF847FFFFFA7E
(1790952721.605389) can0 2A7#00005689FFFFF5D5
(1790952721.609652) can0 2A1#0100010000000000
(1790952721.609787) can0 2A2#0000D2B4000003FE
(1790952721.609915) can0 2A3#0002DF34FFFD737C
(1790952721.610012) can0 2A4#00011AB6FFFD7B76
(1790952721.610137) can0 2A5#000007BF000007CA
(1790952721.610236) can0 2A6#FFFFF847FFFFFA7E
(1790952721.610364) can0 2A7#00005689FFFFF5D5
(1790952721.614673) can0 2A1#0100010000000000
(1790952721.614787) can0 2A2#0000D2B4000003FE
(1790952721.614915) can0 2A3#0002DF34FFFD737C
(1790952721.615012) can0 2A4#00011AB6FFFD7B76
(1790952721.615136) can0 2A5#000007BF000007CA
(1790952721.615263) can0 2A6#FFFFF847FFFFFA7E
(1790952721.615388) can0 2A7#00005689FFFFF5D5
(1790952721.619672) can0 2A1#0100010000000000
(1790952721.619761) can0 2A2#0000D2B4000003FE
(1790952721.619890) can0 2A3#0002DF34FFFD737C
(1790952721.620012) can0 2A4#00011AB6FFFD7B76
(1790952721.620139) can0 2A5#000007BF000007CA
(1790952721.620262) can0 2A6#FFFFF847FFFFFA7E
(1790952721.620362) can0 2A7#00005689FFFFF5D5
(1790952721.624673) can0 2A1#0100010000000000
(1790952721.624787) can0 2A2#0000D2B4000003FE
(1790952721.624915) can0 2A3#0002DF34FFFD737C
(1790952721.625037) can0 2A4#00011AB6FFFD7B76
(1790952721.625137) can0 2A5#000007BF000007CA
(1790952721.625264) can0 2A6#FFFFF847FFFFFA7E
(1790952721.625389) can0 2A7#00005689FFFFF5D5
(1790952721.629675) can0 2A1#0100010000000000
(1790952721.629786) can0 2A2#0000D2B4000003FE
(1790952721.629888) can0 2A3#0002DF34FFFD737C
(1790952721.630012) can0 2A4#00011AB6FFFD7B76
(1790952721.630139) can0 2A5#000007BF000007CA
(1790952721.630264) can0 2A6#FFFFF847FFFFFA7E
(1790952721.630388) can0 2A7#00005689FFFFF5D5
(1790952721.634671) can0 2A1#0100010000000000
(1790952721.634786) can0 2A2#0000D2B4000003FE
(1790952721.634914) can0 2A3#0002DF34FFFD737C
(1790952721.635011) can0 2A4#00011AB6FFFD7B76
(1790952721.635137) can0 2A5#000007BF000007CA
(1790952721.635264) can0 2A6#FFFFF847FFFFFA7E
(1790952721.635388) can0 2A7#00005689FFFFF5D5
(1790952721.639671) can0 2A1#0100010000000000
(1790952721.639768) can0 2A2#0000D2B4000003FE
(1790952721.639914) can0 2A3#0002DF34FFFD737C
(1790952721.640012) can0 2A4#00011AB6FFFD7B76
(1790952721.640139) can0 2A5#000007BF000007CA
(1790952721.640263) can0 2A6#FFFFF847FFFFFA7E
(1790952721.640361) can0 2A7#00005689FFFFF5D5
(1790952721.644671) can0 2A1#0100010000000000
(1790952721.644786) can0 2A2#0000D2B4000003FE
(1790952721.644912) can0 2A3#0002DF34FFFD737C
(1790952721.645039) can0 2A4#00011AB6FFFD7B76
(1790952721.645137) can0 2A5#000007BF000007CA
(1790952721.645264) can0 2A6#FFFFF847FFFFFA7E
(1790952721.645388) can0 2A7#00005689FFFFF5D5
(1790952721.649669) can0 2A1#0100010000000000
(1790952721.649762) can0 2A2#0000D2B4000003FE
(1790952721.649890) can0 2A3#0002DF34FFFD737C
(1790952721.650012) can0 2A4#00011AB6FFFD7B76
(1790952721.650139) can0 2A5#000007BF000007CA
(1790952721.650263) can0 2A6#FFFFF847FFFFFA7E
(1790952721.650362) can0 2A7#00005689FFFFF5D5
(1790952721.654671) can0 2A1#0100010000000000
(1790952721.654786) can0 2A2#0000D2B4000003FE
(1790952721.654915) can0 2A3#0002DF34FFFD737C
(1790952721.655036) can0 2A4#00011AB6FFFD7B76
(1790952721.655136) can0 2A5#000007BF000007CA
(1790952721.655263) can0 2A6#FFFFF847FFFFFA7E
(1790952721.655389) can0 2A7#00005689FFFFF5D5
(1790952721.659669) can0 2A1#0100010000000000
(1790952721.659787) can0 2A2#0000D2B4000003FE
(1790952721.659915) can0 2A3#0002DF34FFFD737C
(1790952721.660012) can0 2A4#00011AB6FFFD7B76
(1790952721.660136) can0 2A5#000007BF000007CA
(1790952721.660264) can0 2A6#FFFFF847FFFFFA7E
(1790952721.660364) can0 2A7#00005689FFFFF5D5
(1790952721.664670) can0 2A1#0100010000000000
(1790952721.664788) can0 2A2#0000D2B4000003FE
(1790952721.664915) can0 2A3#0002DF34FFFD737C
(1790952721.665037) can0 2A4#00011AB6FFFD7B76
(1790952721.665136) can0 2A5#000007BF000007CA
(1790952721.665262) can0 2A6#FFFFF847FFFFFA7E
(1790952721.665389) can0 2A7#00005689FFFFF5D5
(1790952721.669670) can0 2A1#0100010000000000
(1790952721.669767) can0 2A2#0000D2B4000003FE
(1790952721.669889) can0 2A3#0002DF34FFFD737C
(1790952721.670012) can0 2A4#00011AB6FFFD7B76
(1790952721.670137) can0 2A5#000007BF000007CA
(1790952721.670263) can0 2A6#FFFFF847FFFFFA7E
(1790952721.670362) can0 2A7#00005689FFFFF5D5
(1790952721.674682) can0 2A1#0100010000000000
(1790952721.674786) can0 2A2#0000D2B4000003FE
(1790952721.674912) can0 2A3#0002DF34FFFD737C
(1790952721.675037) can0 2A4#00011AB6FFFD7B76
(1790952721.675137) can0 2A5#000007BF000007CA
(1790952721.675261) can0 2A6#FFFFF847FFFFFA7E
(1790952721.675389) can0 2A7#00005689FFFFF5D5
(1790952721.679671) can0 2A1#0100010000000000
(1790952721.679787) can0 2A2#0000D2B4000003FE
(1790952721.679887) can0 2A3#0002DF34FFFD737C
(1790952721.680011) can0 2A4#00011AB6FFFD7B76
(1790952721.680137) can0 2A5#000007BF000007CA
(1790952721.680263) can0 2A6#FFFFF847FFFFFA7E
(1790952721.680386) can0 2A7#00005689FFFFF5D5
(1790952721.684676) can0 2A1#0100010000000000
(1790952721.684787) can0 2A2#0000D2B4000003FE
(1790952721.684889) can0 2A3#0002DF34FFFD737C
(1790952721.685037) can0 2A4#00011AB6FFFD7B76
(1790952721.685162) can0 2A5#000007BF000007CA
(1790952721.685262) can0 2A6#FFFFF847FFFFFA7E
(1790952721.685391) can0 2A7#00005689FFFFF5D5
(1790952721.689669) can0 2A1#0100010000000000
(1790952721.689788) can0 2A2#0000D2B4000003FE
(1790952721.689914) can0 2A3#0002DF34FFFD737C
(1790952721.690013) can0 2A4#00011AB6FFFD7B76
(1790952721.690137) can0 2A5#000007BF000007CA
(1790952721.690238) can0 2A6#FFFFF847FFFFFA7E
(1790952721.690388) can0 2A7#00005689FFFFF5D5
(1790952721.694696) can0 2A1#0100010000000000
(1790952721.694787) can0 2A2#0000D2B4000003FE
(1790952721.694914) can0 2A3#0002DF34FFFD737C
(1790952721.695040) can0 2A4#00011AB6FFFD7B76
(1790952721.695137) can0 2A5#000007BF000007CA
(1790952721.695264) can0 2A6#FFFFF847FFFFFA7E
(1790952721.695390) can0 2A7#00005689FFFFF5D5
(1790952721.699664) can0 2A1#0100010000000000
(1790952721.699761) can0 2A2#0000D2B4000003FE
(1790952721.699914) can0 2A3#0002DF34FFFD737C
(1790952721.700013) can0 2A4#00011AB6FFFD7B76
(1790952721.700138) can0 2A5#000007BF000007CA
(1790952721.700262) can0 2A6#FFFFF847FFFFFA7E
(1790952721.700362) can0 2A7#00005689FFFFF5D5
(1790952721.704693) can0 2A1#0100010000000000
(1790952721.704791) can0 2A2#0000D2B4000003FE
(1790952721.704913) can0 2A3#0002DF34FFFD737C
(1790952721.705039) can0 2A4#00011AB6FFFD7B76
(1790952721.705138) can0 2A5#000007BF000007CA
(1790952721.705263) can0 2A6#FFFFF847FFFFFA7E
(1790952721.705387) can0 2A7#00005689FFFFF5D5
(1790952721.709672) can0 2A1#0100010000000000
(1790952721.709766) can0 2A2#0000D2B4000003FE
(1790952721.709891) can0 2A3#0002DF34FFFD737C
(1790952721.710012) can0 2A4#00011AB6FFFD7B76
(1790952721.710138) can0 2A5#000007BF000007CA
(1790952721.710262) can0 2A6#FFFFF847FFFFFA7E
(1790952721.710363) can0 2A7#00005689FFFFF5D5
(1790952721.714667) can0 2A1#0100010000000000
(1790952721.714788) can0 2A2#0000D2B4000003FE
(1790952721.714915) can0 2A3#0002DF34FFFD737C
(1790952721.715038) can0 2A4#00011AB6FFFD7B76
(1790952721.715139) can0 2A5#000007BF000007CA
(1790952721.715262) can0 2A6#FFFFF847FFFFFA7E
(1790952721.715390) can0 2A7#00005689FFFFF5D5
(1790952721.719673) can0 2A1#0100010000000000
(1790952721.719761) can0 2A2#0000D2B4000003FE
(1790952721.719889) can0 2A3#0002DF34FFFD737C
(1790952721.720013) can0 2A4#00011AB6FFFD7B76
(1790952721.720138) can0 2A5#000007BF000007CA
(1790952721.720263) can0 2A6#FFFFF847FFFFFA7E
(1790952721.720364) can0 2A7#00005689FFFFF5D5
(1790952721.724674) can0 2A1#0100010000000000
(1790952721.724787) can0 2A2#0000D2B4000003FE
(1790952721.724913) can0 2A3#0002DF34FFFD737C
(1790952721.725037) can0 2A4#00011AB6FFFD7B76
(1790952721.725137) can0 2A5#000007BF000007CA
(1790952721.725263) can0 2A6#FFFFF847FFFFFA7E
(1790952721.725389) can0 2A7#00005689FFFFF5D5
(1790952721.729670) can0 2A1#0100010000000000
(1790952721.729787) can0 2A2#0000D2B4000003FE
(1790952721.729888) can0 2A3#0002DF34FFFD737C
(1790952721.730012) can0 2A4#00011AB6FFFD7B76
(1790952721.730137) can0 2A5#000007BF000007CA
(1790952721.730263) can0 2A6#FFFFF847FFFFFA7E
(1790952721.730388) can0 2A7#00005689FFFFF5D5
(1790952721.734674) can0 2A1#0100010000000000
(1790952721.734785) can0 2A2#0000D2B4000003FE
(1790952721.734914) can0 2A3#0002DF34FFFD737C
(1790952721.735012) can0 2A4#00011AB6FFFD7B76
(1790952721.735162) can0 2A5#000007BF000007CA
(1790952721.735261) can0 2A6#FFFFF847FFFFFA7E
(1790952721.735388) can0 2A7#00005689FFFFF5D5
(1790952721.739666) can0 2A1#0100010000000000
(1790952721.739787) can0 2A2#0000D2B4000003FE
(1790952721.739889) can0 2A3#0002DF34FFFD737C
(1790952721.740012) can0 2A4#00011AB6FFFD7B76
(1790952721.740138) can0 2A5#000007BF000007CA
(1790952721.740262) can0 2A6#FFFFF847FFFFFA7E
(1790952721.740392) can0 2A7#00005689FFFFF5D5
(1790952721.744709) can0 2A1#0100010000000000
(1790952721.744794) can0 2A2#0000D2B4000003FE
(1790952721.744915) can0 2A3#0002DF34FFFD737C
(1790952721.745012) can0 2A4#00011AB6FFFD7B76
(1790952721.745139) can0 2A5#000007BF000007CA
(1790952721.745262) can0 2A6#FFFFF847FFFFFA7E
(1790952721.745388) can0 2A7#00005689FFFFF5D5
(1790952721.749671) can0 2A1#0100010000000000
(1790952721.749787) can0 2A2#0000D2B4000003FE
(1790952721.749914) can0 2A3#0002DF34FFFD737C
(1790952721.750011) can0 2A4#00011AB6FFFD7B76
(1790952721.750139) can0 2A5#000007BF000007CA
(1790952721.750238) can0 2A6#FFFFF847FFFFFA7E
(1790952721.750365) can0 2A7#00005689FFFFF5D5
(1790952721.754673) can0 2A1#0100010000000000
(1790952721.754787) can0 2A2#0000D2B4000003FE
(1790952721.754914) can0 2A3#0002DF34FFFD737C
(1790952721.755012) can0 2A4#00011AB6FFFD7B76
(1790952721.755136) can0 2A5#000007BF000007CA
(1790952721.755261) can0 2A6#FFFFF847FFFFFA7E
(1790952721.755387) can0 2A7#00005689FFFFF5D5
(1790952721.759670) can0 2A1#0100010000000000
(1790952721.759785) can0 2A2#0000D2B4000003FE
(1790952721.759887) can0 2A3#0002DF34FFFD737C
(1790952721.760012) can0 2A4#00011AB6FFFD7B76
(1790952721.760137) can0 2A5#000007BF000007CA
(1790952721.760262) can0 2A6#FFFFF847FFFFFA7E
(1790952721.760364) can0 2A7#00005689FFFFF5D5
(1790952721.764696) can0 2A1#0100010000000000
(1790952721.764788) can0 2A2#0000D2B4000003FE
(1790952721.764913) can0 2A3#0002DF34FFFD737C
(1790952721.765037) can0 2A4#00011AB6FFFD7B76
(1790952721.765139) can0 2A5#000007BF000007CA
(1790952721.765264) can0 2A6#FFFFF847FFFFFA7E
(1790952721.765388) can0 2A7#00005689FFFFF5D5
(1790952721.769676) can0 2A1#0100010000000000
(1790952721.769770) can0 2A2#0000D2B4000003FE
(1790952721.769889) can0 2A3#0002DF34FFFD737C
(1790952721.770014) can0 2A4#00011AB6FFFD7B76
(1790952721.770136) can0 2A5#000007BF000007CA
(1790952721.770263) can0 2A6#FFFFF847FFFFFA7E
(1790952721.770361) can0 2A7#00005689FFFFF5D5
(1790952721.774672) can0 2A1#0100010000000000
(1790952721.774786) can0 2A2#0000D2B4000003FE
(1790952721.774914) can0 2A3#0002DF34FFFD737C
(1790952721.775039) can0 2A4#00011AB6FFFD7B76
(1790952721.775136) can0 2A5#000007BF000007CA
(1790952721.775263) can0 2A6#FFFFF847FFFFFA7E
(1790952721.775389) can0 2A7#00005689FFFFF5D5
(1790952721.779672) can0 2A1#0100010000000000
(1790952721.779786) can0 2A2#0000D2B4000003FE
(1790952721.779914) can0 2A3#0002DF34FFFD737C
(1790952721.780011) can0 2A4#00011AB6FFFD7B76
(1790952721.780135) can0 2A5#000007BF000007CA
(1790952721.780237) can0 2A6#FFFFF847FFFFFA7E
(1790952721.780363) can0 2A7#00005689FFFFF5D5
(1790952721.784693) can0 2A1#0100010000000000
(1790952721.784788) can0 2A2#0000D2B4000003FE
(1790952721.784912) can0 2A3#0002DF34FFFD737C
(1790952721.785012) can0 2A4#00011AB6FFFD7B76
(1790952721.785137) can0 2A5#000007BF000007CA
(1790952721.785262) can0 2A6#FFFFF847FFFFFA7E
(1790952721.785386) can0 2A7#00005689FFFFF5D5
(1790952721.789662) can0 2A1#0100010000000000
(1790952721.789787) can0 2A2#0000D2B4000003FE
(1790952721.789914) can0 2A3#0002DF34FFFD737C
(1790952721.790012) can0 2A4#00011AB6FFFD7B76
(1790952721.790137) can0 2A5#000007BF000007CA
(1790952721.790262) can0 2A6#FFFFF847FFFFFA7E
(1790952721.790361) can0 2A7#00005689FFFFF5D5
(1790952721.794671) can0 2A1#0100010000000000
(1790952721.794785) can0 2A2#0000D2B4000003FE
(1790952721.794910) can0 2A3#0002DF34FFFD737C
(1790952721.795012) can0 2A4#00011AB6FFFD7B76
(1790952721.795137) can0 2A5#000007BF000007CA
(1790952721.795261) can0 2A6#FFFFF847FFFFFA7E
(1790952721.795388) can0 2A7#00005689FFFFF5D5
(1790952721.799667) can0 2A1#0100010000000000
(1790952721.799761) can0 2A2#0000D2B4000003FE
(1790952721.799887) can0 2A3#0002DF34FFFD737C
(1790952721.800012) can0 2A4#00011AB6FFFD7B76
(1790952721.800137) can0 2A5#000007BF000007CA
(1790952721.800262) can0 2A6#FFFFF847FFFFFA7E
(1790952721.800363) can0 2A7#00005689FFFFF5D5
(1790952721.804671) can0 2A1#0100010000000000
(1790952721.804787) can0 2A2#0000D2B4000003FE
(1790952721.804912) can0 2A3#0002DF34FFFD737C
(1790952721.805037) can0 2A4#00011AB6FFFD7B76
(1790952721.805137) can0 2A5#000007BF000007CA
(1790952721.805262) can0 2A6#FFFFF847FFFFFA7E
(1790952721.805386) can0 2A7#00005689FFFFF5D5
(1790952721.809678) can0 2A1#0100010000000000
(1790952721.809786) can0 2A2#0000D2B4000003FE
(1790952721.809887) can0 2A3#0002DF34FFFD737C
(1790952721.810012) can0 2A4#00011AB6FFFD7B76
(1790952721.810136) can0 2A5#000007BF000007CA
(1790952721.810262) can0 2A6#FFFFF847FFFFFA7E
(1790952721.810361) can0 2A7#00005689FFFFF5D5
(1790952721.814693) can0 2A1#0100010000000000
(1790952721.814790) can0 2A2#0000D2B4000003FE
(1790952721.814914) can0 2A3#0002DF34FFFD737C
(1790952721.815037) can0 2A4#00011AB6FFFD7B76
(1790952721.815136) can0 2A5#000007BF000007CA
(1790952721.815261) can0 2A6#FFFFF847FFFFFA7E
(1790952721.815388) can0 2A7#00005689FFFFF5D5
(1790952721.819671) can0 2A1#0100010000000000
(1790952721.819765) can0 2A2#0000D2B4000003FE
(1790952721.819887) can0 2A3#0002DF34FFFD737C
(1790952721.820012) can0 2A4#00011AB6FFFD7B76
(1790952721.820138) can0 2A5#000007BF000007CA
(1790952721.820263) can0 2A6#FFFFF847FFFFFA7E
(1790952721.820362) can0 2A7#00005689FFFFF5D5
(1790952721.824673) can0 2A1#0100010000000000
(1790952721.824785) can0 2A2#0000D2B4000003FE
(1790952721.824912) can0 2A3#0002DF34FFFD737C
(1790952721.825037) can0 2A4#00011AB6FFFD7B76
(1790952721.825137) can0 2A5#000007BF000007CA
(1790952721.825262) can0 2A6#FFFFF847FFFFFA7E
(1790952721.825388) can0 2A7#00005689FFFFF5D5
(1790952721.829672) can0 2A1#0100010000000000
(1790952721.829785) can0 2A2#0000D2B4000003FE
(1790952721.829887) can0 2A3#0002DF34FFFD737C
(1790952721.830010) can0 2A4#00011AB6FFFD7B76
(1790952721.830137) can0 2A5#000007BF000007CA
(1790952721.830262) can0 2A6#FFFFF847FFFFFA7E
(1790952721.830388) can0 2A7#00005689FFFFF5D5
(1790952721.834673) can0 2A1#0100010000000000
(1790952721.834786) can0 2A2#0000D2B4000003FE
(1790952721.834911) can0 2A3#0002DF34FFFD737C
(1790952721.835013) can0 2A4#00011AB6FFFD7B76
(1790952721.835163) can0 2A5#000007BF000007CA
(1790952721.835261) can0 2A6#FFFFF847FFFFFA7E
(1790952721.835387) can0 2A7#00005689FFFFF5D5
(1790952721.839662) can0 2A1#0100010000000000
(1790952721.839788) can0 2A2#0000D2B4000003FE
(1790952721.839911) can0 2A3#0002DF34FFFD737C
(1790952721.840010) can0 2A4#00011AB6FFFD7B76
(1790952721.840136) can0 2A5#000007BF000007CA
(1790952721.840261) can0 2A6#FFFFF847FFFFFA7E
(1790952721.840361) can0 2A7#00005689FFFFF5D5
(1790952721.844671) can0 2A1#0100010000000000
(1790952721.844789) can0 2A2#0000D2B4000003FE
(1790952721.844914) can0 2A3#0002DF34FFFD737C
(1790952721.845036) can0 2A4#00011AB6FFFD7B76
(1790952721.845136) can0 2A5#000007BF000007CA
(1790952721.845263) can0 2A6#FFFFF847FFFFFA7E
(1790952721.845386) can0 2A7#00005689FFFFF5D5
(1790952721.849670) can0 2A1#0100010000000000
(1790952721.849762) can0 2A2#0000D2B4000003FE
(1790952721.849889) can0 2A3#0002DF34FFFD737C
(1790952721.850011) can0 2A4#00011AB6FFFD7B76
(1790952721.850136) can0 2A5#000007BF000007CA
(1790952721.850261) can0 2A6#FFFFF847FFFFFA7E
(1790952721.850361) can0 2A7#00005689FFFFF5D5
(1790952721.854672) can0 2A1#0100010000000000
(1790952721.854786) can0 2A2#0000D2B4000003FE
(1790952721.854914) can0 2A3#0002DF34FFFD737C
(1790952721.855038) can0 2A4#00011AB6FFFD7B76
(1790952721.855136) can0 2A5#000007BF000007CA
(1790952721.855263) can0 2A6#FFFFF847FFFFFA7E
(1790952721.855387) can0 2A7#00005689FFFFF5D5
(1790952721.859664) can0 2A1#0100010000000000
(1790952721.859786) can0 2A2#0000D2B4000003FE
(1790952721.859888) can0 2A3#0002DF34FFFD737C
(1790952721.860011) can0 2A4#00011AB6FFFD7B76
(1790952721.860137) can0 2A5#000007BF000007CA
(1790952721.860261) can0 2A6#FFFFF847FFFFFA7E
(1790952721.860362) can0 2A7#00005689FFFFF5D5
(1790952721.864665) can0 2A1#0100010000000000
(1790952721.864786) can0 2A2#0000D2B4000003FE
(1790952721.864913) can0 2A3#0002DF34FFFD737C
(1790952721.865036) can0 2A4#00011AB6FFFD7B76
(1790952721.865136) can0 2A5#000007BF000007CA
(1790952721.865261) can0 2A6#FFFFF847FFFFFA7E
(1790952721.865388) can0 2A7#00005689FFFFF5D5
(1790952721.869663) can0 2A1#0100010000000000
(1790952721.869786) can0 2A2#0000D2B4000003FE
(1790952721.869888) can0 2A3#0002DF34FFFD737C
(1790952721.870013) can0 2A4#00011AB6FFFD7B76
(1790952721.870136) can0 2A5#000007BF000007CA
(1790952721.870263) can0 2A6#FFFFF847FFFFFA7E
(1790952721.870361) can0 2A7#00005689FFFFF5D5
(1790952721.874670) can0 2A1#0100010000000000
(1790952721.874791) can0 2A2#0000D2B4000003FE
(1790952721.874913) can0 2A3#0002DF34FFFD737C
(1790952721.875036) can0 2A4#00011AB6FFFD7B76
(1790952721.875136) can0 2A5#000007BF000007CA
(1790952721.875263) can0 2A6#FFFFF847FFFFFA7E
(1790952721.875386) can0 2A7#00005689FFFFF5D5
(1790952721.879671) can0 2A1#0100010000000000
(1790952721.879786) can0 2A2#0000D2B4000003FE
(1790952721.879886) can0 2A3#0002DF34FFFD737C
(1790952721.880014) can0 2A4#00011AB6FFFD7B76
(1790952721.880136) can0 2A5#000007BF000007CA
(1790952721.880261) can0 2A6#FFFFF847FFFFFA7E
(1790952721.880361) can0 2A7#00005689FFFFF5D5
(1790952721.884670) can0 2A1#0100010000000000
(1790952721.884786) can0 2A2#0000D2B4000003FE
(1790952721.884913) can0 2A3#0002DF34FFFD737C
(1790952721.885036) can0 2A4#00011AB6FFFD7B76
(1790952721.885138) can0 2A5#000007BF000007CA
(1790952721.885263) can0 2A6#FFFFF847FFFFFA7E
(1790952721.885388) can0 2A7#00005689FFFFF5D5
(1790952721.889664) can0 2A1#0100010000000000
(1790952721.889786) can0 2A2#0000D2B4000003FE
(1790952721.889912) can0 2A3#0002DF34FFFD737C
(1790952721.890009) can0 2A4#00011AB6FFFD7B76
(1790952721.890134) can0 2A5#000007BF000007CA
(1790952721.890261) can0 2A6#FFFFF847FFFFFA7E
(1790952721.890384) can0 2A7#00005689FFFFF5D5
(1790952721.894672) can0 2A1#0100010000000000
(1790952721.894789) can0 2A2#0000D2B4000003FE
(1790952721.894914) can0 2A3#0002DF34FFFD737C
(1790952721.895035) can0 2A4#00011AB6FFFD7B76
(1790952721.895136) can0 2A5#000007BF000007CA
(1790952721.895263) can0 2A6#FFFFF847FFFFFA7E
(1790952721.895387) can0 2A7#00005689FFFFF5D5
(1790952721.899670) can0 2A1#0100010000000000
(1790952721.899765) can0 2A2#0000D2B4000003FE
(1790952721.899888) can0 2A3#0002DF34FFFD737C
(1790952721.900013) can0 2A4#00011AB6FFFD7B76
(1790952721.900136) can0 2A5#000007BF000007CA
(1790952721.900261) can0 2A6#FFFFF847FFFFFA7E
(1790952721.900361) can0 2A7#00005689FFFFF5D5
(1790952721.904671) can0 2A1#0100010000000000
(1790952721.904786) can0 2A2#0000D2B4000003FE
(1790952721.904914) can0 2A3#0002DF34FFFD737C
(1790952721.905038) can0 2A4#00011AB6FFFD7B76
(1790952721.905137) can0 2A5#000007BF000007CA
(1790952721.905263) can0 2A6#FFFFF847FFFFFA7E
(1790952721.905388) can0 2A7#00005689FFFFF5D5
(1790952721.909663) can0 2A1#0100010000000000
(1790952721.909786) can0 2A2#0000D2B4000003FE
(1790952721.909886) can0 2A3#0002DF34FFFD737C
(1790952721.910013) can0 2A4#00011AB6FFFD7B76
(1790952721.910136) can0 2A5#000007BF000007CA
(1790952721.910264) can0 2A6#FFFFF847FFFFFA7E
(1790952721.910361) can0 2A7#00005689FFFFF5D5
(1790952721.914666) can0 2A1#0100010000000000
(1790952721.914787) can0 2A2#0000D2B4000003FE
(1790952721.914914) can0 2A3#0002DF34FFFD737C
(1790952721.915036) can0 2A4#00011AB6FFFD7B76
(1790952721.915135) can0 2A5#000007BF000007CA
(1790952721.915261) can0 2A6#FFFFF847FFFFFA7E
(1790952721.915386) can0 2A7#00005689FFFFF5D5
(1790952721.919665) can0 2A1#0100010000000000
(1790952721.919762) can0 2A2#0000D2B4000003FE
(1790952721.919913) can0 2A3#0002DF34FFFD737C
(1790952721.920011) can0 2A4#00011AB6FFFD7B76
(1790952721.920136) can0 2A5#000007BF000007CA
(1790952721.920260) can0 2A6#FFFFF847FFFFFA7E
(1790952721.920363) can0 2A7#00005689FFFFF5D5
(1790952721.924670) can0 2A1#0100010000000000
(1790952721.924790) can0 2A2#0000D2B4000003FE
(1790952721.924913) can0 2A3#0002DF34FFFD737C
(1790952721.925038) can0 2A4#00011AB6FFFD7B76
(1790952721.925138) can0 2A5#000007BF000007CA
(1790952721.925261) can0 2A6#FFFFF847FFFFFA7E
(1790952721.925387) can0 2A7#00005689FFFFF5D5
(1790952721.929669) can0 2A1#0100010000000000
(1790952721.929786) can0 2A2#0000D2B4000003FE
(1790952721.929888) can0 2A3#0002DF34FFFD737C
(1790952721.930012) can0 2A4#00011AB6FFFD7B76
(1790952721.930139) can0 2A5#000007BF000007CA
(1790952721.930261) can0 2A6#FFFFF847FFFFFA7E
(1790952721.930388) can0 2A7#00005689FFFFF5D5
(1790952721.934666) can0 2A1#0100010000000000
(1790952721.934790) can0 2A2#0000D2B4000003FE
(1790952721.934913) can0 2A3#0002DF34FFFD737C
(1790952721.935011) can0 2A4#00011AB6FFFD7B76
(1790952721.935139) can0 2A5#000007BF000007CA
(1790952721.935262) can0 2A6#FFFFF847FFFFFA7E
(1790952721.935387) can0 2A7#00005689FFFFF5D5
(1790952721.939673) can0 2A1#0100010000000000
(1790952721.939760) can0 2A2#0000D2B4000003FE
(1790952721.939887) can0 2A3#0002DF34FFFD737C
(1790952721.940014) can0 2A4#00011AB6FFFD7B76
(1790952721.940136) can0 2A5#000007BF000007CA
(1790952721.940260) can0 2A6#FFFFF847FFFFFA7E
(1790952721.940361) can0 2A7#00005689FFFFF5D5
(1790952721.944676) can0 2A1#0100010000000000
(1790952721.944785) can0 2A2#0000D2B4000003FE
(1790952721.944914) can0 2A3#0002DF34FFFD737C
(1790952721.945036) can0 2A4#00011AB6FFFD7B76
(1790952721.945160) can0 2A5#000007BF000007CA
(1790952721.945261) can0 2A6#FFFFF847FFFFFA7E
(1790952721.945388) can0 2A7#00005689FFFFF5D5
(1790952721.949675) can0 2A1#0100010000000000
(1790952721.949786) can0 2A2#0000D2B4000003FE
(1790952721.949911) can0 2A3#0002DF34FFFD737C
(1790952721.950010) can0 2A4#00011AB6FFFD7B76
(1790952721.950138) can0 2A5#000007BF000007CA
(1790952721.950263) can0 2A6#FFFFF847FFFFFA7E
(1790952721.950362) can0 2A7#00005689FFFFF5D5
(1790952721.954677) can0 2A1#0100010000000000
(1790952721.954788) can0 2A2#0000D2B4000003FE
(1790952721.954914) can0 2A3#0002DF34FFFD737C
(1790952721.955038) can0 2A4#00011AB6FFFD7B76
(1790952721.955143) can0 2A5#000007BF000007CA
(1790952721.955263) can0 2A6#FFFFF847FFFFFA7E
(1790952721.955388) can0 2A7#00005689FFFFF5D5
(1790952721.959674) can0 2A1#0100010000000000
(1790952721.959761) can0 2A2#0000D2B4000003FE
(1790952721.959886) can0 2A3#0002DF34FFFD737C
(1790952721.960013) can0 2A4#00011AB6FFFD7B76
(1790952721.960136) can0 2A5#000007BF000007CA
(1790952721.960265) can0 2A6#FFFFF847FFFFFA7E
(1790952721.960362) can0 2A7#00005689FFFFF5D5
(1790952721.964672) can0 2A1#0100010000000000
(1790952721.964785) can0 2A2#0000D2B4000003FE
(1790952721.964913) can0 2A3#0002DF34FFFD737C
(1790952721.965036) can0 2A4#00011AB6FFFD7B76
(1790952721.965136) can0 2A5#000007BF000007CA
(1790952721.965261) can0 2A6#FFFFF847FFFFFA7E
(1790952721.965386) can0 2A7#00005689FFFFF5D5
(1790952721.969669) can0 2A1#0100010000000000
(1790952721.969786) can0 2A2#0000D2B4000003FE
(1790952721.969885) can0 2A3#0002DF34FFFD737C
(1790952721.970011) can0 2A4#00011AB6FFFD7B76
(1790952721.970135) can0 2A5#000007BF000007CA
(1790952721.970262) can0 2A6#FFFFF847FFFFFA7E
(1790952721.970387) can0 2A7#00005689FFFFF5D5
(1790952721.974663) can0 2A1#0100010000000000
(1790952721.974786) can0 2A2#0000D2B4000003FE
(1790952721.974913) can0 2A3#0002DF34FFFD737C
(1790952721.975010) can0 2A4#00011AB6FFFD7B76
(1790952721.975135) can0 2A5#000007BF000007CA
(1790952721.975260) can0 2A6#FFFFF847FFFFFA7E
(1790952721.975386) can0 2A7#00005689FFFFF5D5
(1790952721.979672) can0 2A1#0100010000000000
(1790952721.979789) can0 2A2#0000D2B4000003FE
(1790952721.979910) can0 2A3#0002DF34FFFD737C
(1790952721.980011) can0 2A4#00011AB6FFFD7B76
(1790952721.980138) can0 2A5#000007BF000007CA
(1790952721.980236) can0 2A6#FFFFF847FFFFFA7E
(1790952721.980361) can0 2A7#00005689FFFFF5D5
(1790952721.984692) can0 2A1#0100010000000000
(1790952721.984789) can0 2A2#0000D2B4000003FE
(1790952721.984914) can0 2A3#0002DF34FFFD737C
(1790952721.985038) can0 2A4#00011AB6FFFD7B76
(1790952721.985135) can0 2A5#000007BF000007CA
(1790952721.985262) can0 2A6#FFFFF847FFFFFA7E
(1790952721.985386) can0 2A7#00005689FFFFF5D5
(1790952721.989669) can0 2A1#0100010000000000
(1790952721.989788) can0 2A2#0000D2B4000003FE
(1790952721.989886) can0 2A3#0002DF34FFFD737C
(1790952721.990011) can0 2A4#00011AB6FFFD7B76
(1790952721.990137) can0 2A5#000007BF000007CA
(1790952721.990263) can0 2A6#FFFFF847FFFFFA7E
(1790952721.990388) can0 2A7#00005689FFFFF5D5
(1790952721.994682) can0 2A1#0100010000000000
(1790952721.994784) can0 2A2#0000D2B4000003FE
(1790952721.994911) can0 2A3#0002DF34FFFD737C
(1790952721.995036) can0 2A4#00011AB6FFFD7B76
(1790952721.995161) can0 2A5#000007BF000007CA
(1790952721.995260) can0 2A6#FFFFF847FFFFFA7E
(1790952721.995385) can0 2A7#00005689FFFFF5D5
(1790952721.999666) can0 2A1#0100010000000000
(1790952721.999785) can0 2A2#0000D2B4000003FE
(1790952721.999886) can0 2A3#0002DF34FFFD737C
(1790952722.000011) can0 2A4#00011AB6FFFD7B76
(1790952722.000135) can0 2A5#000007BF000007CA
(1790952722.000261) can0 2A6#FFFFF847FFFFFA7E
(1790952722.000389) can0 2A7#00005689FFFFF5D5
(1790952722.004696) can0 2A1#0100010000000000
(1790952722.004785) can0 2A2#0000D2B4000003FE
(1790952722.004912) can0 2A3#0002DF34FFFD737C
(1790952722.005036) can0 2A4#00011AB6FFFD7B76
(1790952722.005136) can0 2A5#000007BF000007CA
(1790952722.005261) can0 2A6#FFFFF847FFFFFA7E
(1790952722.005386) can0 2A7#00005689FFFFF5D5
(1790952722.009671) can0 2A1#0100010000000000
(1790952722.009786) can0 2A2#0000D2B4000003FE
(1790952722.009911) can0 2A3#0002DF34FFFD737C
(1790952722.010011) can0 2A4#00011AB6FFFD7B76
(1790952722.010136) can0 2A5#000007BF000007CA
(1790952722.010260) can0 2A6#FFFFF847FFFFFA7E
(1790952722.010360) can0 2A7#00005689FFFFF5D5
(1790952722.014668) can0 2A1#0100010000000000
(1790952722.014785) can0 2A2#0000D2B4000003FE
(1790952722.014911) can0 2A3#0002DF34FFFD737C
(1790952722.015037) can0 2A4#00011AB6FFFD7B76
(1790952722.015136) can0 2A5#000007BF000007CA
(1790952722.015260) can0 2A6#FFFFF847FFFFFA7E
(1790952722.015387) can0 2A7#00005689FFFFF5D5
(1790952722.019668) can0 2A1#0100010000000000
(1790952722.019785) can0 2A2#0000D2B4000003FE
(1790952722.019887) can0 2A3#0002DF34FFFD737C
(1790952722.020011) can0 2A4#00011AB6FFFD7B76
(1790952722.020135) can0 2A5#000007BF000007CA
(1790952722.020260) can0 2A6#FFFFF847FFFFFA7E
(1790952722.020387) can0 2A7#00005689FFFFF5D5
(1790952722.024665) can0 2A1#0100010000000000
(1790952722.024785) can0 2A2#0000D2B4000003FE
(1790952722.024911) can0 2A3#0002DF34FFFD737C
(1790952722.025036) can0 2A4#00011AB6FFFD7B76
(1790952722.025159) can0 2A5#000007BF000007CA
(1790952722.025261) can0 2A6#FFFFF847FFFFFA7E
(1790952722.025387) can0 2A7#00005689FFFFF5D5
(1790952722.029667) can0 2A1#0100010000000000
(1790952722.029784) can0 2A2#0000D2B4000003FE
(1790952722.029911) can0 2A3#0002DF34FFFD737C
(1790952722.030011) can0 2A4#00011AB6FFFD7B76
(1790952722.030136) can0 2A5#000007BF000007CA
(1790952722.030261) can0 2A6#FFFFF847FFFFFA7E
(1790952722.030360) can0 2A7#00005689FFFFF5D5
(1790952722.034665) can0 2A1#0100010000000000
(1790952722.034789) can0 2A2#0000D2B4000003FE
(1790952722.034911) can0 2A3#0002DF34FFFD737C
(1790952722.035036) can0 2A4#00011AB6FFFD7B76
(1790952722.035160) can0 2A5#000007BF000007CA
(1790952722.035261) can0 2A6#FFFFF847FFFFFA7E
(1790952722.035387) can0 2A7#00005689FFFFF5D5
(1790952722.039661) can0 2A1#0100010000000000
(1790952722.039786) can0 2A2#0000D2B4000003FE
(1790952722.039911) can0 2A3#0002DF34FFFD737C
(1790952722.040009) can0 2A4#00011AB6FFFD7B76
(1790952722.040135) can0 2A5#000007BF000007CA
(1790952722.040262) can0 2A6#FFFFF847FFFFFA7E
(1790952722.040359) can0 2A7#00005689FFFFF5D5
(1790952722.044665) can0 2A1#0100010000000000
(1790952722.044785) can0 2A2#0000D2B4000003FE
(1790952722.044911) can0 2A3#0002DF34FFFD737C
(1790952722.045036) can0 2A4#00011AB6FFFD7B76
(1790952722.045136) can0 2A5#000007BF000007CA
(1790952722.045259) can0 2A6#FFFFF847FFFFFA7E
(1790952722.045387) can0 2A7#00005689FFFFF5D5
(1790952722.049664) can0 2A1#0100010000000000
(1790952722.049784) can0 2A2#0000D2B4000003FE
(1790952722.049885) can0 2A3#0002DF34FFFD737C
(1790952722.050011) can0 2A4#00011AB6FFFD7B76
(1790952722.050136) can0 2A5#000007BF000007CA
(1790952722.050261) can0 2A6#FFFFF847FFFFFA7E
(1790952722.050362) can0 2A7#00005689FFFFF5D5
(1790952722.054662) can0 2A1#0100010000000000
(1790952722.054784) can0 2A2#0000D2B4000003FE
(1790952722.054912) can0 2A3#0002DF34FFFD737C
(1790952722.055036) can0 2A4#00011AB6FFFD7B76
(1790952722.055135) can0 2A5#000007BF000007CA
(1790952722.055260) can0 2A6#FFFFF847FFFFFA7E
(1790952722.055387) can0 2A7#00005689FFFFF5D5
(1790952722.059661) can0 2A1#0100010000000000
(1790952722.059785) can0 2A2#0000D2B4000003FE
(1790952722.059911) can0 2A3#0002DF34FFFD737C
(1790952722.060011) can0 2A4#00011AB6FFFD7B76
(1790952722.060135) can0 2A5#000007BF000007CA
(1790952722.060234) can0 2A6#FFFFF847FFFFFA7E
(1790952722.060385) can0 2A7#00005689FFFFF5D5
(1790952722.064691) can0 2A1#0100010000000000
(1790952722.064786) can0 2A2#0000D2B4000003FE
(1790952722.064911) can0 2A3#0002DF34FFFD737C
(1790952722.065035) can0 2A4#00011AB6FFFD7B76
(1790952722.065134) can0 2A5#000007BF000007CA
(1790952722.065261) can0 2A6#FFFFF847FFFFFA7E
(1790952722.065387) can0 2A7#00005689FFFFF5D5
(1790952722.069664) can0 2A1#0100010000000000
(1790952722.069784) can0 2A2#0000D2B4000003FE
(1790952722.069884) can0 2A3#0002DF34FFFD737C
(1790952722.070011) can0 2A4#00011AB6FFFD7B76
(1790952722.070135) can0 2A5#000007BF000007CA
(1790952722.070261) can0 2A6#FFFFF847FFFFFA7E
(1790952722.070387) can0 2A7#00005689FFFFF5D5
(1790952722.074689) can0 2A1#0100010000000000
(1790952722.074789) can0 2A2#0000D2B4000003FE
(1790952722.074911) can0 2A3#0002DF34FFFD737C
(1790952722.075036) can0 2A4#00011AB6FFFD7B76
(1790952722.075136) can0 2A5#000007BF000007CA
(1790952722.075261) can0 2A6#FFFFF847FFFFFA7E
(1790952722.075386) can0 2A7#00005689FFFFF5D5
(1790952722.079669) can0 2A1#0100010000000000
(1790952722.079785) can0 2A2#0000D2B4000003FE
(1790952722.079909) can0 2A3#0002DF34FFFD737C
(1790952722.080009) can0 2A4#00011AB6FFFD7B76
(1790952722.080134) can0 2A5#000007BF000007CA
(1790952722.080236) can0 2A6#FFFFF847FFFFFA7E
(1790952722.080360) can0 2A7#00005689FFFFF5D5
(1790952722.084666) can0 2A1#0100010000000000
(1790952722.084786) can0 2A2#0000D2B4000003FE
(1790952722.084911) can0 2A3#0002DF34FFFD737C
(1790952722.085035) can0 2A4#00011AB6FFFD7B76
(1790952722.085159) can0 2A5#000007BF000007CA
(1790952722.085286) can0 2A6#FFFFF847FFFFFA7E
(1790952722.085387) can0 2A7#00005689FFFFF5D5
(1790952722.089661) can0 2A1#0100010000000000
(1790952722.089784) can0 2A2#0000D2B4000003FE
(1790952722.089911) can0 2A3#0002DF34FFFD737C
(1790952722.090011) can0 2A4#00011AB6FFFD7B76
(1790952722.090136) can0 2A5#000007BF000007CA
(1790952722.090236) can0 2A6#FFFFF847FFFFFA7E
(1790952722.090387) can0 2A7#00005689FFFFF5D5
(1790952722.094666) can0 2A1#0100010000000000
(1790952722.094784) can0 2A2#0000D2B4000003FE
(1790952722.094911) can0 2A3#0002DF34FFFD737C
(1790952722.095035) can0 2A4#00011AB6FFFD7B76
(1790952722.095134) can0 2A5#000007BF000007CA
(1790952722.095261) can0 2A6#FFFFF847FFFFFA7E
(1790952722.095386) can0 2A7#00005689FFFFF5D5
(1790952722.099673) can0 2A1#0100010000000000
(1790952722.099784) can0 2A2#0000D2B4000003FE
(1790952722.099886) can0 2A3#0002DF34FFFD737C
(1790952722.100011) can0 2A4#00011AB6FFFD7B76
(1790952722.100137) can0 2A5#000007BF000007CA
(1790952722.100262) can0 2A6#FFFFF847FFFFFA7E
(1790952722.100360) can0 2A7#00005689FFFFF5D5
(1790952722.104665) can0 2A1#0100010000000000
(1790952722.104811) can0 2A2#0000D2B4000003FE
(1790952722.104910) can0 2A3#0002DF34FFFD737C
(1790952722.105035) can0 2A4#00011AB6FFFD7B76
(1790952722.105136) can0 2A5#000007BF000007CA
(1790952722.105261) can0 2A6#FFFFF847FFFFFA7E
(1790952722.105386) can0 2A7#00005689FFFFF5D5
(1790952722.109664) can0 2A1#0100010000000000
(1790952722.109784) can0 2A2#0000D2B4000003FE
(1790952722.109912) can0 2A3#0002DF34FFFD737C
(1790952722.110011) can0 2A4#00011AB6FFFD7B76
(1790952722.110135) can0 2A5#000007BF000007CA
(1790952722.110264) can0 2A6#FFFFF847FFFFFA7E
(1790952722.110360) can0 2A7#00005689FFFFF5D5
(1790952722.114689) can0 2A1#0100010000000000
(1790952722.114789) can0 2A2#0000D2B4000003FE
(1790952722.114910) can0 2A3#0002DF34FFFD737C
(1790952722.115034) can0 2A4#00011AB6FFFD7B76
(1790952722.115136) can0 2A5#000007BF000007CA
(1790952722.115269) can0 2A6#FFFFF847FFFFFA7E
(1790952722.115387) can0 2A7#00005689FFFFF5D5
(1790952722.119669) can0 2A1#0100010000000000
(1790952722.119759) can0 2A2#0000D2B4000003FE
(1790952722.119885) can0 2A3#0002DF34FFFD737C
(1790952722.120011) can0 2A4#00011AB6FFFD7B76
(1790952722.120136) can0 2A5#000007BF000007CA
(1790952722.120261) can0 2A6#FFFFF847FFFFFA7E
(1790952722.120387) can0 2A7#00005689FFFFF5D5
(1790952722.124668) can0 2A1#0100010000000000
(1790952722.124784) can0 2A2#0000D2B4000003FE
(1790952722.124911) can0 2A3#0002DF34FFFD737C
(1790952722.125036) can0 2A4#00011AB6FFFD7B76
(1790952722.125159) can0 2A5#000007BF000007CA
(1790952722.125261) can0 2A6#FFFFF847FFFFFA7E
(1790952722.125384) can0 2A7#00005689FFFFF5D5
(1790952722.129665) can0 2A1#0100010000000000
(1790952722.129785) can0 2A2#0000D2B4000003FE
(1790952722.129913) can0 2A3#0002DF34FFFD737C
(1790952722.130010) can0 2A4#00011AB6FFFD7B76
(1790952722.130138) can0 2A5#000007BF000007CA
(1790952722.130262) can0 2A6#FFFFF847FFFFFA7E
(1790952722.130360) can0 2A7#00005689FFFFF5D5
(1790952722.134677) can0 2A1#0100010000000000
(1790952722.134786) can0 2A2#0000D2B4000003FE
(1790952722.134911) can0 2A3#0002DF34FFFD737C
(1790952722.135010) can0 2A4#00011AB6FFFD7B76
(1790952722.135160) can0 2A5#000007BF000007CA
(1790952722.135262) can0 2A6#FFFFF847FFFFFA7E
(1790952722.135387) can0 2A7#00005689FFFFF5D5
(1790952722.139674) can0 2A1#0100010000000000
(1790952722.139788) can0 2A2#0000D2B4000003FE
(1790952722.139913) can0 2A3#0002DF34FFFD737C
(1790952722.140010) can0 2A4#00011AB6FFFD7B76
(1790952722.140135) can0 2A5#000007BF000007CA
(1790952722.140265) can0 2A6#FFFFF847FFFFFA7E
(1790952722.140385) can0 2A7#00005689FFFFF5D5
(1790952722.144697) can0 2A1#0100010000000000
(1790952722.144810) can0 2A2#0000D2B4000003FE
(1790952722.144913) can0 2A3#0002DF34FFFD737C
(1790952722.145035) can0 2A4#00011AB6FFFD7B76
(1790952722.145138) can0 2A5#000007BF000007CA
(1790952722.145262) can0 2A6#FFFFF847FFFFFA7E
(1790952722.145387) can0 2A7#00005689FFFFF5D5
(1790952722.149674) can0 2A1#0100010000000000
(1790952722.149760) can0 2A2#0000D2B4000003FE
(1790952722.149911) can0 2A3#0002DF34FFFD737C
(1790952722.150010) can0 2A4#00011AB6FFFD7B76
(1790952722.150135) can0 2A5#000007BF000007CA
(1790952722.150261) can0 2A6#FFFFF847FFFFFA7E
(1790952722.150363) can0 2A7#00005689FFFFF5D5
(1790952722.154695) can0 2A1#0100010000000000
(1790952722.154784) can0 2A2#0000D2B4000003FE
(1790952722.154913) can0 2A3#0002DF34FFFD737C
(1790952722.155035) can0 2A4#00011AB6FFFD7B76
(1790952722.155136) can0 2A5#000007BF000007CA
(1790952722.155262) can0 2A6#FFFFF847FFFFFA7E
(1790952722.155388) can0 2A7#00005689FFFFF5D5
(1790952722.159665) can0 2A1#0100010000000000
(1790952722.159786) can0 2A2#0000D2B4000003FE
(1790952722.159910) can0 2A3#0002DF34FFFD737C
(1790952722.160010) can0 2A4#00011AB6FFFD7B76
(1790952722.160135) can0 2A5#000007BF000007CA
(1790952722.160262) can0 2A6#FFFFF847FFFFFA7E
(1790952722.160386) can0 2A7#00005689FFFFF5D5
(1790952722.164671) can0 2A1#0100010000000000
(1790952722.164785) can0 2A2#0000D2B4000003FE
(1790952722.164913) can0 2A3#0002DF34FFFD737C
(1790952722.165039) can0 2A4#00011AB6FFFD7B76
(1790952722.165135) can0 2A5#000007BF000007CA
(1790952722.165263) can0 2A6#FFFFF847FFFFFA7E
(1790952722.165386) can0 2A7#00005689FFFFF5D5
(1790952722.169669) can0 2A1#0100010000000000
(1790952722.169785) can0 2A2#0000D2B4000003FE
(1790952722.169887) can0 2A3#0002DF34FFFD737C
(1790952722.170012) can0 2A4#00011AB6FFFD7B76
(1790952722.170137) can0 2A5#000007BF000007CA
(1790952722.170262) can0 2A6#FFFFF847FFFFFA7E
(1790952722.170387) can0 2A7#00005689FFFFF5D5
(1790952722.174669) can0 2A1#0100010000000000
(1790952722.174786) can0 2A2#0000D2B4000003FE
(1790952722.174912) can0 2A3#0002DF34FFFD737C
(1790952722.175035) can0 2A4#00011AB6FFFD7B76
(1790952722.175160) can0 2A5#000007BF000007CA
(1790952722.175260) can0 2A6#FFFFF847FFFFFA7E
(1790952722.175385) can0 2A7#00005689FFFFF5D5
(1790952722.179668) can0 2A1#0100010000000000
(1790952722.179787) can0 2A2#0000D2B4000003FE
(1790952722.179913) can0 2A3#0002DF34FFFD737C
(1790952722.180011) can0 2A4#00011AB6FFFD7B76
(1790952722.180135) can0 2A5#000007BF000007CA
(1790952722.180260) can0 2A6#FFFFF847FFFFFA7E
(1790952722.180360) can0 2A7#00005689FFFFF5D5
(1790952722.184669) can0 2A1#0100010000000000
(1790952722.184785) can0 2A2#0000D2B4000003FE
(1790952722.184913) can0 2A3#0002DF34FFFD737C
(1790952722.185037) can0 2A4#00011AB6FFFD7B76
(1790952722.185161) can0 2A5#000007BF000007CA
(1790952722.185262) can0 2A6#FFFFF847FFFFFA7E
(1790952722.185388) can0 2A7#00005689FFFFF5D5
(1790952722.189669) can0 2A1#0100010000000000
(1790952722.189766) can0 2A2#0000D2B4000003FE
(1790952722.189912) can0 2A3#0002DF34FFFD737C
(1790952722.190010) can0 2A4#00011AB6FFFD7B76
(1790952722.190133) can0 2A5#000007BF000007CA
(1790952722.190260) can0 2A6#FFFFF847FFFFFA7E
(1790952722.190361) can0 2A7#00005689FFFFF5D5
(1790952722.194671) can0 2A1#0100010000000000
(1790952722.194785) can0 2A2#0000D2B4000003FE
(1790952722.194912) can0 2A3#0002DF34FFFD737C
(1790952722.195037) can0 2A4#00011AB6FFFD7B76
(1790952722.195136) can0 2A5#000007BF000007CA
(1790952722.195262) can0 2A6#FFFFF847FFFFFA7E
(1790952722.195385) can0 2A7#00005689FFFFF5D5
(1790952722.199669) can0 2A1#0100010000000000
(1790952722.199784) can0 2A2#0000D2B4000003FE
(1790952722.199887) can0 2A3#0002DF34FFFD737C
(1790952722.200010) can0 2A4#00011AB6FFFD7B76
(1790952722.200136) can0 2A5#000007BF000007CA
(1790952722.200261) can0 2A6#FFFFF847FFFFFA7E
(1790952722.200386) can0 2A7#00005689FFFFF5D5
(1790952722.204680) can0 2A1#0100010000000000
(1790952722.204784) can0 2A2#0000D2B4000003FE
(1790952722.204910) can0 2A3#0002DF34FFFD737C
(1790952722.205035) can0 2A4#00011AB6FFFD7B76
(1790952722.205161) can0 2A5#000007BF000007CA
(1790952722.205262) can0 2A6#FFFFF847FFFFFA7E
(1790952722.205387) can0 2A7#00005689FFFFF5D5
(1790952722.209672) can0 2A1#0100010000000000
(1790952722.209785) can0 2A2#0000D2B4000003FE
(1790952722.209886) can0 2A3#0002DF34FFFD737C
(1790952722.210011) can0 2A4#00011AB6FFFD7B76
(1790952722.210136) can0 2A5#000007BF000007CA
(1790952722.210261) can0 2A6#FFFFF847FFFFFA7E
(1790952722.210387) can0 2A7#00005689FFFFF5D5
(1790952722.214670) can0 2A1#0100010000000000
(1790952722.214784) can0 2A2#0000D2B4000003FE
(1790952722.214911) can0 2A3#0002DF34FFFD737C
(1790952722.215036) can0 2A4#00011AB6FFFD7B76
(1790952722.215160) can0 2A5#000007BF000007CA
(1790952722.215285) can0 2A6#FFFFF847FFFFFA7E
(1790952722.215384) can0 2A7#00005689FFFFF5D5
(1790952722.219667) can0 2A1#0100010000000000
(1790952722.219784) can0 2A2#0000D2B4000003FE
(1790952722.219911) can0 2A3#0002DF34FFFD737C
(1790952722.220011) can0 2A4#00011AB6FFFD7B76
(1790952722.220135) can0 2A5#000007BF000007CA
(1790952722.220261) can0 2A6#FFFFF847FFFFFA7E
(1790952722.220385) can0 2A7#00005689FFFFF5D5
(1790952722.224665) can0 2A1#0100010000000000
(1790952722.224783) can0 2A2#0000D2B4000003FE
(1790952722.224911) can0 2A3#0002DF34FFFD737C
(1790952722.225036) can0 2A4#00011AB6FFFD7B76
(1790952722.225160) can0 2A5#000007BF000007CA
(1790952722.225260) can0 2A6#FFFFF847FFFFFA7E
(1790952722.225387) can0 2A7#00005689FFFFF5D5
(1790952722.229665) can0 2A1#0100010000000000
(1790952722.229784) can0 2A2#0000D2B4000003FE
(1790952722.229910) can0 2A3#0002DF34FFFD737C
(1790952722.230010) can0 2A4#00011AB6FFFD7B76
(1790952722.230135) can0 2A5#000007BF000007CA
(1790952722.230261) can0 2A6#FFFFF847FFFFFA7E
(1790952722.230386) can0 2A7#00005689FFFFF5D5
(1790952722.234686) can0 2A1#0100010000000000
(1790952722.234786) can0 2A2#0000D2B4000003FE
(1790952722.234912) can0 2A3#0002DF34FFFD737C
(1790952722.235037) can0 2A4#00011AB6FFFD7B76
(1790952722.235161) can0 2A5#000007BF000007CA
(1790952722.235262) can0 2A6#FFFFF847FFFFFA7E
(1790952722.235387) can0 2A7#00005689FFFFF5D5
(1790952722.239672) can0 2A1#0100010000000000
(1790952722.239789) can0 2A2#0000D2B4000003FE
(1790952722.239912) can0 2A3#0002DF34FFFD737C
(1790952722.240009) can0 2A4#00011AB6FFFD7B76
(1790952722.240134) can0 2A5#000007BF000007CA
(1790952722.240260) can0 2A6#FFFFF847FFFFFA7E
(1790952722.240385) can0 2A7#00005689FFFFF5D5
(1790952722.244665) can0 2A1#0100010000000000
(1790952722.244785) can0 2A2#0000D2B4000003FE
(1790952722.244909) can0 2A3#0002DF34FFFD737C
(1790952722.245034) can0 2A4#00011AB6FFFD7B76
(1790952722.245160) can0 2A5#000007BF000007CA
(1790952722.245260) can0 2A6#FFFFF847FFFFFA7E
(1790952722.245386) can0 2A7#00005689FFFFF5D5
(1790952722.249662) can0 2A1#0100010000000000
(1790952722.249785) can0 2A2#0000D2B4000003FE
(1790952722.249911) can0 2A3#0002DF34FFFD737C
(1790952722.250010) can0 2A4#00011AB6FFFD7B76
(1790952722.250136) can0 2A5#000007BF000007CA
(1790952722.250259) can0 2A6#FFFFF847FFFFFA7E
(1790952722.250385) can0 2A7#00005689FFFFF5D5
(1790952722.254689) can0 2A1#0100010000000000
(1790952722.254784) can0 2A2#0000D2B4000003FE
(1790952722.254909) can0 2A3#0002DF34FFFD737C
(1790952722.255034) can0 2A4#00011AB6FFFD7B76
(1790952722.255134) can0 2A5#000007BF000007CA
(1790952722.255260) can0 2A6#FFFFF847FFFFFA7E
(1790952722.255384) can0 2A7#00005689FFFFF5D5
(1790952722.259665) can0 2A1#0100010000000000
(1790952722.259784) can0 2A2#0000D2B4000003FE
(1790952722.259910) can0 2A3#0002DF34FFFD737C
(1790952722.260009) can0 2A4#00011AB6FFFD7B76
(1790952722.260135) can0 2A5#000007BF000007CA
(1790952722.260259) can0 2A6#FFFFF847FFFFFA7E
(1790952722.260360) can0 2A7#00005689FFFFF5D5
(1790952722.264692) can0 2A1#0100010000000000
(1790952722.264810) can0 2A2#0000D2B4000003FE
(1790952722.264911) can0 2A3#0002DF34FFFD737C
(1790952722.265034) can0 2A4#00011AB6FFFD7B76
(1790952722.265134) can0 2A5#000007BF000007CA
(1790952722.265260) can0 2A6#FFFFF847FFFFFA7E
(1790952722.265386) can0 2A7#00005689FFFFF5D5
(1790952722.269665) can0 2A1#0100010000000000
(1790952722.269767) can0 2A2#0000D2B4000003FE
(1790952722.269884) can0 2A3#0002DF34FFFD737C
(1790952722.270036) can0 2A4#00011AB6FFFD7B76
(1790952722.270135) can0 2A5#000007BF000007CA
(1790952722.270260) can0 2A6#FFFFF847FFFFFA7E
(1790952722.270386) can0 2A7#00005689FFFFF5D5
(1790952722.274666) can0 2A1#0100010000000000
(1790952722.274784) can0 2A2#0000D2B4000003FE
(1790952722.274909) can0 2A3#0002DF34FFFD737C
(1790952722.275034) can0 2A4#00011AB6FFFD7B76
(1790952722.275161) can0 2A5#000007BF000007CA
(1790952722.275261) can0 2A6#FFFFF847FFFFFA7E
(1790952722.275385) can0 2A7#00005689FFFFF5D5
(1790952722.279664) can0 2A1#0100010000000000
(1790952722.279785) can0 2A2#0000D2B4000003FE
(1790952722.279909) can0 2A3#0002DF34FFFD737C
(1790952722.280009) can0 2A4#00011AB6FFFD7B76
(1790952722.280134) can0 2A5#000007BF000007CA
(1790952722.280261) can0 2A6#FFFFF847FFFFFA7E
(1790952722.280385) can0 2A7#00005689FFFFF5D5
(1790952722.284690) can0 2A1#0100010000000000
(1790952722.284790) can0 2A2#0000D2B4000003FE
(1790952722.284909) can0 2A3#0002DF34FFFD737C
(1790952722.285009) can0 2A4#00011AB6FFFD7B76
(1790952722.285160) can0 2A5#000007BF000007CA
(1790952722.285284) can0 2A6#FFFFF847FFFFFA7E
(1790952722.285385) can0 2A7#00005689FFFFF5D5
(1790952722.289665) can0 2A1#0100010000000000
(1790952722.289784) can0 2A2#0000D2B4000003FE
(1790952722.289909) can0 2A3#0002DF34FFFD737C
(1790952722.290009) can0 2A4#00011AB6FFFD7B76
(1790952722.290134) can0 2A5#000007BF000007CA
(1790952722.290259) can0 2A6#FFFFF847FFFFFA7E
(1790952722.290385) can0 2A7#00005689FFFFF5D5
(1790952722.294666) can0 2A1#0100010000000000
(1790952722.294784) can0 2A2#0000D2B4000003FE
(1790952722.294909) can0 2A3#0002DF34FFFD737C
(1790952722.295034) can0 2A4#00011AB6FFFD7B76
(1790952722.295134) can0 2A5#000007BF000007CA
(1790952722.295259) can0 2A6#FFFFF847FFFFFA7E
(1790952722.295385) can0 2A7#00005689FFFFF5D5
(1790952722.299668) can0 2A1#0100010000000000
(1790952722.299767) can0 2A2#0000D2B4000003FE
(1790952722.299884) can0 2A3#0002DF34FFFD737C
(1790952722.300009) can0 2A4#00011AB6FFFD7B76
(1790952722.300134) can0 2A5#000007BF000007CA
(1790952722.300259) can0 2A6#FFFFF847FFFFFA7E
(1790952722.300385) can0 2A7#00005689FFFFF5D5
(1790952722.304671) can0 2A1#0100010000000000
(1790952722.304784) can0 2A2#0000D2B4000003FE
(1790952722.304909) can0 2A3#0002DF34FFFD737C
(1790952722.305034) can0 2A4#00011AB6FFFD7B76
(1790952722.305134) can0 2A5#000007BF000007CA
(1790952722.305259) can0 2A6#FFFFF847FFFFFA7E
(1790952722.305389) can0 2A7#00005689FFFFF5D5
(1790952722.309664) can0 2A1#0100010000000000
(1790952722.309784) can0 2A2#0000D2B4000003FE
(1790952722.309912) can0 2A3#0002DF34FFFD737C
(1790952722.310034) can0 2A4#00011AB6FFFD7B76
(1790952722.310134) can0 2A5#000007BF000007CA
(1790952722.310260) can0 2A6#FFFFF847FFFFFA7E
(1790952722.310386) can0 2A7#00005689FFFFF5D5
(1790952722.314669) can0 2A1#0100010000000000
(1790952722.314784) can0 2A2#0000D2B4000003FE
(1790952722.314909) can0 2A3#0002DF34FFFD737C
(1790952722.315034) can0 2A4#00011AB6FFFD7B76
(1790952722.315159) can0 2A5#000007BF000007CA
(1790952722.315284) can0 2A6#FFFFF847FFFFFA7E
(1790952722.315385) can0 2A7#00005689FFFFF5D5
(1790952722.319668) can0 2A1#0100010000000000
(1790952722.319759) can0 2A2#0000D2B4000003FE
(1790952722.319909) can0 2A3#0002DF34FFFD737C
(1790952722.320009) can0 2A4#00011AB6FFFD7B76
(1790952722.320134) can0 2A5#000007BF000007CA
(1790952722.320260) can0 2A6#FFFFF847FFFFFA7E
(1790952722.320360) can0 2A7#00005689FFFFF5D5
(1790952722.324666) can0 2A1#0100010000000000
(1790952722.324809) can0 2A2#0000D2B4000003FE
(1790952722.324909) can0 2A3#0002DF34FFFD737C
(1790952722.325034) can0 2A4#00011AB6FFFD7B76
(1790952722.325134) can0 2A5#000007BF000007CA
(1790952722.325259) can0 2A6#FFFFF847FFFFFA7E
(1790952722.325386) can0 2A7#00005689FFFFF5D5
(1790952722.329662) can0 2A1#0100010000000000
(1790952722.329784) can0 2A2#0000D2B4000003FE
(1790952722.329884) can0 2A3#0002DF34FFFD737C
(1790952722.330011) can0 2A4#00011AB6FFFD7B76
(1790952722.330134) can0 2A5#000007BF000007CA
(1790952722.330259) can0 2A6#FFFFF847FFFFFA7E
(1790952722.330385) can0 2A7#00005689FFFFF5D5
(1790952722.334665) can0 2A1#0100010000000000
(1790952722.334784) can0 2A2#0000D2B4000003FE
(1790952722.334914) can0 2A3#0002DF34FFFD737C
(1790952722.335034) can0 2A4#00011AB6FFFD7B76
(1790952722.335159) can0 2A5#000007BF000007CA
(1790952722.335259) can0 2A6#FFFFF847FFFFFA7E
(1790952722.335385) can0 2A7#00005689FFFFF5D5
(1790952722.339664) can0 2A1#0100010000000000
(1790952722.339784) can0 2A2#0000D2B4000003FE
(1790952722.339910) can0 2A3#0002DF34FFFD737C
(1790952722.340009) can0 2A4#00011AB6FFFD7B76
(1790952722.340134) can0 2A5#000007BF000007CA
(1790952722.340259) can0 2A6#FFFFF847FFFFFA7E
(1790952722.340385) can0 2A7#00005689FFFFF5D5
(1790952722.344664) can0 2A1#0100010000000000
(1790952722.344784) can0 2A2#0000D2B4000003FE
(1790952722.344910) can0 2A3#0002DF34FFFD737C
(1790952722.345034) can0 2A4#00011AB6FFFD7B76
(1790952722.345159) can0 2A5#000007BF000007CA
(1790952722.345259) can0 2A6#FFFFF847FFFFFA7E
(1790952722.345385) can0 2A7#00005689FFFFF5D5
(1790952722.349664) can0 2A1#0100010000000000
(1790952722.349765) can0 2A2#0000D2B4000003FE
(1790952722.349911) can0 2A3#0002DF34FFFD737C
(1790952722.350009) can0 2A4#00011AB6FFFD7B76
(1790952722.350134) can0 2A5#000007BF000007CA
(1790952722.350261) can0 2A6#FFFFF847FFFFFA7E
(1790952722.350386) can0 2A7#00005689FFFFF5D5
(1790952722.354673) can0 2A1#0100010000000000
(1790952722.354793) can0 2A2#0000D2B4000003FE
(1790952722.354913) can0 2A3#0002DF34FFFD737C
(1790952722.355035) can0 2A4#00011AB6FFFD7B76
(1790952722.355162) can0 2A5#000007BF000007CA
(1790952722.355259) can0 2A6#FFFFF847FFFFFA7E
(1790952722.355387) can0 2A7#00005689FFFFF5D5
(1790952722.359668) can0 2A1#0100010000000000
(1790952722.359784) can0 2A2#0000D2B4000003FE
(1790952722.359909) can0 2A3#0002DF34FFFD737C
(1790952722.360034) can0 2A4#00011AB6FFFD7B76
(1790952722.360135) can0 2A5#000007BF000007CA
(1790952722.360261) can0 2A6#FFFFF847FFFFFA7E
(1790952722.360386) can0 2A7#00005689FFFFF5D5
(1790952722.364671) can0 2A1#0100010000000000
(1790952722.364785) can0 2A2#0000D2B4000003FE
(1790952722.364912) can0 2A3#0002DF34FFFD737C
(1790952722.365035) can0 2A4#00011AB6FFFD7B76
(1790952722.365162) can0 2A5#000007BF000007CA
(1790952722.365261) can0 2A6#FFFFF847FFFFFA7E
(1790952722.365387) can0 2A7#00005689FFFFF5D5
(1790952722.369674) can0 2A1#0100010000000000
(1790952722.369787) can0 2A2#0000D2B4000003FE
(1790952722.369887) can0 2A3#0002DF34FFFD737C
(1790952722.370009) can0 2A4#00011AB6FFFD7B76
(1790952722.370134) can0 2A5#000007BF000007CA
(1790952722.370261) can0 2A6#FFFFF847FFFFFA7E
(1790952722.370386) can0 2A7#00005689FFFFF5D5
(1790952722.374676) can0 2A1#0100010000000000
(1790952722.374784) can0 2A2#0000D2B4000003FE
(1790952722.374910) can0 2A3#0002DF34FFFD737C
(1790952722.375037) can0 2A4#00011AB6FFFD7B76
(1790952722.375159) can0 2A5#000007BF000007CA
(1790952722.375259) can0 2A6#FFFFF847FFFFFA7E
(1790952722.375387) can0 2A7#00005689FFFFF5D5
(1790952722.379668) can0 2A1#0100010000000000
(1790952722.379784) can0 2A2#0000D2B4000003FE
(1790952722.379912) can0 2A3#0002DF34FFFD737C
(1790952722.380010) can0 2A4#00011AB6FFFD7B76
(1790952722.380135) can0 2A5#000007BF000007CA
(1790952722.380259) can0 2A6#FFFFF847FFFFFA7E
(1790952722.380385) can0 2A7#00005689FFFFF5D5
(1790952722.384668) can0 2A1#0100010000000000
(1790952722.384784) can0 2A2#0000D2B4000003FE
(1790952722.384913) can0 2A3#0002DF34FFFD737C
(1790952722.385035) can0 2A4#00011AB6FFFD7B76
(1790952722.385160) can0 2A5#000007BF000007CA
(1790952722.385286) can0 2A6#FFFFF847FFFFFA7E
(1790952722.385384) can0 2A7#00005689FFFFF5D5
(1790952722.389669) can0 2A1#0100010000000000
(1790952722.389785) can0 2A2#0000D2B4000003FE
(1790952722.389909) can0 2A3#0002DF34FFFD737C
(1790952722.390012) can0 2A4#00011AB6FFFD7B76
(1790952722.390137) can0 2A5#000007BF000007CA
(1790952722.390259) can0 2A6#FFFFF847FFFFFA7E
(1790952722.390358) can0 2A7#00005689FFFFF5D5
(1790952722.394672) can0 2A1#0100010000000000
(1790952722.394809) can0 2A2#0000D2B4000003FE
(1790952722.394910) can0 2A3#0002DF34FFFD737C
(1790952722.395036) can0 2A4#00011AB6FFFD7B76
(1790952722.395162) can0 2A5#000007BF000007CA
(1790952722.395259) can0 2A6#FFFFF847FFFFFA7E
(1790952722.395386) can0 2A7#00005689FFFFF5D5
(1790952722.399666) can0 2A1#0100010000000000
(1790952722.399784) can0 2A2#0000D2B4000003FE
(1790952722.399911) can0 2A3#0002DF34FFFD737C
(1790952722.400011) can0 2A4#00011AB6FFFD7B76
(1790952722.400136) can0 2A5#000007BF000007CA
(1790952722.400261) can0 2A6#FFFFF847FFFFFA7E
(1790952722.400387) can0 2A7#00005689FFFFF5D5
(1790952722.404697) can0 2A1#0100010000000000
(1790952722.404792) can0 2A2#0000D2B4000003FE
(1790952722.404911) can0 2A3#0002DF34FFFD737C
(1790952722.405036) can0 2A4#00011AB6FFFD7B76
(1790952722.405135) can0 2A5#000007BF000007CA
(1790952722.405260) can0 2A6#FFFFF847FFFFFA7E
(1790952722.405387) can0 2A7#00005689FFFFF5D5
(1790952722.409674) can0 2A1#0100010000000000
(1790952722.409784) can0 2A2#0000D2B4000003FE
(1790952722.409911) can0 2A3#0002DF34FFFD737C
(1790952722.410009) can0 2A4#00011AB6FFFD7B76
(1790952722.410136) can0 2A5#000007BF000007CA
(1790952722.410259) can0 2A6#FFFFF847FFFFFA7E
(1790952722.410385) can0 2A7#00005689FFFFF5D5
(1790952722.414691) can0 2A1#0100010000000000
(1790952722.414812) can0 2A2#0000D2B4000003FE
(1790952722.414911) can0 2A3#0002DF34FFFD737C
(1790952722.415036) can0 2A4#00011AB6FFFD7B76
(1790952722.415134) can0 2A5#000007BF000007CA
(1790952722.415261) can0 2A6#FFFFF847FFFFFA7E
(1790952722.415385) can0 2A7#00005689FFFFF5D5
(1790952722.419667) can0 2A1#0100010000000000
(1790952722.419784) can0 2A2#0000D2B4000003FE
(1790952722.419911) can0 2A3#0002DF34FFFD737C
(1790952722.420011) can0 2A4#00011AB6FFFD7B76
(1790952722.420136) can0 2A5#000007BF000007CA
(1790952722.420261) can0 2A6#FFFFF847FFFFFA7E
(1790952722.420360) can0 2A7#00005689FFFFF5D5
(1790952722.424691) can0 2A1#0100010000000000
(1790952722.424785) can0 2A2#0000D2B4000003FE
(1790952722.424911) can0 2A3#0002DF34FFFD737C
(1790952722.425036) can0 2A4#00011AB6FFFD7B76
(1790952722.425136) can0 2A5#000007BF000007CA
(1790952722.425259) can0 2A6#FFFFF847FFFFFA7E
(1790952722.425385) can0 2A7#00005689FFFFF5D5
(1790952722.429663) can0 2A1#0100010000000000
(1790952722.429784) can0 2A2#0000D2B4000003FE
(1790952722.429888) can0 2A3#0002DF34FFFD737C
(1790952722.430011) can0 2A4#00011AB6FFFD7B76
(1790952722.430133) can0 2A5#000007BF000007CA
(1790952722.430261) can0 2A6#FFFFF847FFFFFA7E
(1790952722.430386) can0 2A7#00005689FFFFF5D5
(1790952722.434664) can0 2A1#0100010000000000
(1790952722.434784) can0 2A2#0000D2B4000003FE
(1790952722.434911) can0 2A3#0002DF34FFFD737C
(1790952722.435034) can0 2A4#00011AB6FFFD7B76
(1790952722.435159) can0 2A5#000007BF000007CA
(1790952722.435284) can0 2A6#FFFFF847FFFFFA7E
(1790952722.435391) can0 2A7#00005689FFFFF5D5
(1790952722.439663) can0 2A1#0100010000000000
(1790952722.439784) can0 2A2#0000D2B4000003FE
(1790952722.439884) can0 2A3#0002DF34FFFD737C
(1790952722.440010) can0 2A4#00011AB6FFFD7B76
(1790952722.440140) can0 2A5#000007BF000007CA
(1790952722.440260) can0 2A6#FFFFF847FFFFFA7E
(1790952722.440386) can0 2A7#00005689FFFFF5D5
(1790952722.444689) can0 2A1#0100010000000000
(1790952722.444808) can0 2A2#0000D2B4000003FE
(1790952722.444910) can0 2A3#0002DF34FFFD737C
(1790952722.445033) can0 2A4#00011AB6FFFD7B76
(1790952722.445158) can0 2A5#000007BF000007CA
(1790952722.445285) can0 2A6#FFFFF847FFFFFA7E
(1790952722.445409) can0 2A7#00005689FFFFF5D5
(1790952722.449660) can0 2A1#0100010000000000
(1790952722.449784) can0 2A2#0000D2B4000003FE
(1790952722.449908) can0 2A3#0002DF34FFFD737C
(1790952722.450009) can0 2A4#00011AB6FFFD7B76
(1790952722.450133) can0 2A5#000007BF000007CA
(1790952722.450260) can0 2A6#FFFFF847FFFFFA7E
(1790952722.450361) can0 2A7#00005689FFFFF5D5
(1790952722.454685) can0 2A1#0100010000000000
(1790952722.454810) can0 2A2#0000D2B4000003FE
(1790952722.454911) can0 2A3#0002DF34FFFD737C
(1790952722.455035) can0 2A4#00011AB6FFFD7B76
(1790952722.455135) can0 2A5#000007BF000007CA
(1790952722.455260) can0 2A6#FFFFF847FFFFFA7E
(1790952722.455386) can0 2A7#00005689FFFFF5D5
(1790952722.459662) can0 2A1#0100010000000000
(1790952722.459781) can0 2A2#0000D2B4000003FE
(1790952722.459908) can0 2A3#0002DF34FFFD737C
(1790952722.460006) can0 2A4#00011AB6FFFD7B76
(1790952722.460132) can0 2A5#000007BF000007CA
(1790952722.460258) can0 2A6#FFFFF847FFFFFA7E
(1790952722.460384) can0 2A7#00005689FFFFF5D5
(1790952722.464661) can0 2A1#0100010000000000
(1790952722.464809) can0 2A2#0000D2B4000003FE
(1790952722.464910) can0 2A3#0002DF34FFFD737C
(1790952722.465033) can0 2A4#00011AB6FFFD7B76
(1790952722.465134) can0 2A5#000007BF000007CA
(1790952722.465258) can0 2A6#FFFFF847FFFFFA7E
(1790952722.465383) can0 2A7#00005689FFFFF5D5
(1790952722.469667) can0 2A1#0100010000000000
(1790952722.469787) can0 2A2#0000D2B4000003FE
(1790952722.469885) can0 2A3#0002DF34FFFD737C
(1790952722.470010) can0 2A4#00011AB6FFFD7B76
(1790952722.470133) can0 2A5#000007BF000007CA
(1790952722.470261) can0 2A6#FFFFF847FFFFFA7E
(1790952722.470385) can0 2A7#00005689FFFFF5D5
(1790952722.474698) can0 2A1#0100010000000000
(1790952722.474792) can0 2A2#0000D2B4000003FE
(1790952722.474912) can0 2A3#0002DF34FFFD737C
(1790952722.475034) can0 2A4#00011AB6FFFD7B76
(1790952722.475135) can0 2A5#000007BF000007CA
(1790952722.475261) can0 2A6#FFFFF847FFFFFA7E
(1790952722.475386) can0 2A7#00005689FFFFF5D5
(1790952722.479696) can0 2A1#0100010000000000
(1790952722.479792) can0 2A2#0000D2B4000003FE
(1790952722.479909) can0 2A3#0002DF34FFFD737C
(1790952722.480034) can0 2A4#00011AB6FFFD7B76
(1790952722.480136) can0 2A5#000007BF000007CA
(1790952722.480259) can0 2A6#FFFFF847FFFFFA7E
(1790952722.480383) can0 2A7#00005689FFFFF5D5
(1790952722.484698) can0 2A1#0100010000000000
(1790952722.484810) can0 2A2#0000D2B4000003FE
(1790952722.484912) can0 2A3#0002DF34FFFD737C
(1790952722.485037) can0 2A4#00011AB6FFFD7B76
(1790952722.485159) can0 2A5#000007BF000007CA
(1790952722.485259) can0 2A6#FFFFF847FFFFFA7E
(1790952722.485386) can0 2A7#00005689FFFFF5D5
(1790952722.489671) can0 2A1#0100010000000000
(1790952722.489784) can0 2A2#0000D2B4000003FE
(1790952722.489888) can0 2A3#0002DF34FFFD737C
(1790952722.490012) can0 2A4#00011AB6FFFD7B76
(1790952722.490136) can0 2A5#000007BF000007CA
(1790952722.490259) can0 2A6#FFFFF847FFFFFA7E
(1790952722.490383) can0 2A7#00005689FFFFF5D5
(1790952722.494694) can0 2A1#0100010000000000
(1790952722.494791) can0 2A2#0000D2B4000003FE
(1790952722.494911) can0 2A3#0002DF34FFFD737C
(1790952722.495034) can0 2A4#00011AB6FFFD7B76
(1790952722.495134) can0 2A5#000007BF000007CA
(1790952722.495259) can0 2A6#FFFFF847FFFFFA7E
(1790952722.495384) can0 2A7#00005689FFFFF5D5
(1790952722.499670) can0 2A1#0100010000000000
(1790952722.499784) can0 2A2#0000D2B4000003FE
(1790952722.499913) can0 2A3#0002DF34FFFD737C
(1790952722.500009) can0 2A4#00011AB6FFFD7B76
(1790952722.500134) can0 2A5#000007BF000007CA
(1790952722.500259) can0 2A6#FFFFF847FFFFFA7E
(1790952722.500383) can0 2A7#00005689FFFFF5D5
(1790952722.504672) can0 2A1#0100010000000000
(1790952722.504784) can0 2A2#0000D2B4000003FE
(1790952722.504912) can0 2A3#0002DF34FFFD737C
(1790952722.505036) can0 2A4#00011AB6FFFD7B76
(1790952722.505134) can0 2A5#000007BF000007CA
(1790952722.505261) can0 2A6#FFFFF847FFFFFA7E
(1790952722.505385) can0 2A7#00005689FFFFF5D5
(1790952722.509668) can0 2A1#0100010000000000
(1790952722.509758) can0 2A2#0000D2B4000003FE
(1790952722.509911) can0 2A3#0002DF34FFFD737C
(1790952722.510037) can0 2A4#00011AB6FFFD7B76
(1790952722.510134) can0 2A5#000007BF000007CA
(1790952722.510259) can0 2A6#FFFFF847FFFFFA7E
(1790952722.510384) can0 2A7#00005689FFFFF5D5
(1790952722.514670) can0 2A1#0100010000000000
(1790952722.514784) can0 2A2#0000D2B4000003FE
(1790952722.514912) can0 2A3#0002DF34FFFD737C
(1790952722.515039) can0 2A4#00011AB6FFFD7B76
(1790952722.515161) can0 2A5#000007BF000007CA
(1790952722.515259) can0 2A6#FFFFF847FFFFFA7E
(1790952722.515385) can0 2A7#00005689FFFFF5D5
(1790952722.519659) can0 2A1#0100010000000000
(1790952722.519787) can0 2A2#0000D2B4000003FE
(1790952722.519910) can0 2A3#0002DF34FFFD737C
(1790952722.520036) can0 2A4#00011AB6FFFD7B76
(1790952722.520134) can0 2A5#000007BF000007CA
(1790952722.520260) can0 2A6#FFFFF847FFFFFA7E
(1790952722.520361) can0 2A7#00005689FFFFF5D5
(1790952722.524694) can0 2A1#0100010000000000
(1790952722.524785) can0 2A2#0000D2B4000003FE
(1790952722.524909) can0 2A3#0002DF34FFFD737C
(1790952722.525037) can0 2A4#00011AB6FFFD7B76
(1790952722.525133) can0 2A5#000007BF000007CA
(1790952722.525261) can0 2A6#FFFFF847FFFFFA7E
(1790952722.525384) can0 2A7#00005689FFFFF5D5
