(1790954204.507167) can0 2A3#000329D10002A0EA
(1790954204.507268) can0 2A4#000127970002B552
(1790954204.507405) can0 2A5#0000133A0000135D
(1790954204.507517) can0 2A6#FFFFEC9B00000648
(1790954204.507644) can0 2A7#00004B0A0000013B
(1790954204.511895) can0 2A1#0100010000000000
(1790954204.512042) can0 2A2#0000E1BE000016BD
(1790954204.512142) can0 2A3#000329D10002A0EA
(1790954204.512267) can0 2A4#000127970002B552
(1790954204.512392) can0 2A5#0000133A0000135D
(1790954204.512517) can0 2A6#FFFFEC9B00000648
(1790954204.512617) can0 2A7#00004B0A0000013B
(1790954204.516919) can0 2A1#0100010000000000
(1790954204.517042) can0 2A2#0000E1BE000016BD
(1790954204.517167) can0 2A3#000329D10002A0EA
(1790954204.517267) can0 2A4#000127970002B552
(1790954204.517392) can0 2A5#0000133A0000135D
(1790954204.517518) can0 2A6#FFFFEC9B00000648
(1790954204.517642) can0 2A7#00004B0A0000013B
(1790954204.521920) can0 2A1#0100010000000000
(1790954204.522043) can0 2A2#0000E1BE000016BD
(1790954204.522143) can0 2A3#000329D10002A0EA
(1790954204.522268) can0 2A4#000127970002B552
(1790954204.522393) can0 2A5#0000133A0000135D
(1790954204.522520) can0 2A6#FFFFEC9B00000648
(1790954204.522618) can0 2A7#00004B0A0000013B
(1790954204.526940) can0 2A1#0100010000000000
(1790954204.527041) can0 2A2#0000E1BE000016BD
(1790954204.527165) can0 2A3#000329D10002A0EA
(1790954204.527268) can0 2A4#000127970002B552
(1790954204.527393) can0 2A5#0000133A0000135D
(1790954204.527515) can0 2A6#FFFFEC9B00000648
(1790954204.527640) can0 2A7#00004B0A0000013B
(1790954204.531922) can0 2A1#0100010000000000
(1790954204.532014) can0 2A2#0000E1BE000016BD
(1790954204.532165) can0 2A3#000329D10002A0EA
(1790954204.532264) can0 2A4#000127970002B552
(1790954204.532390) can0 2A5#0000133A0000135D
(1790954204.532516) can0 2A6#FFFFEC9B00000648
(1790954204.532615) can0 2A7#00004B0A0000013B
(1790954204.536918) can0 2A1#0100010000000000
(1790954204.537041) can0 2A2#0000E1BE000016BD
(1790954204.537168) can0 2A3#000329D10002A0EA
(1790954204.537274) can0 2A4#000127970002B552
(1790954204.537392) can0 2A5#0000133A0000135D
(1790954204.537516) can0 2A6#FFFFEC9B00000648
(1790954204.537644) can0 2A7#00004B0A0000013B
(1790954204.541921) can0 2A1#0100010000000000
(1790954204.542039) can0 2A2#0000E1BE000016BD
(1790954204.542141) can0 2A3#000329D10002A0EA
(1790954204.542266) can0 2A4#000127970002B552
(1790954204.542389) can0 2A5#0000133A0000135D
(1790954204.542516) can0 2A6#FFFFEC9B00000648
(1790954204.542640) can0 2A7#00004B0A0000013B
(1790954204.546916) can0 2A1#0100010000000000
(1790954204.547039) can0 2A2#0000E1BE000016BD
(1790954204.547166) can0 2A3#000329D10002A0EA
(1790954204.547264) can0 2A4#000127970002B552
(1790954204.547390) can0 2A5#0000133A0000135D
(1790954204.547514) can0 2A6#FFFFEC9B00000648
(1790954204.547641) can0 2A7#00004B0A0000013B
(1790954204.551918) can0 2A1#0100010000000000
(1790954204.552040) can0 2A2#0000E1BE000016BD
(1790954204.552140) can0 2A3#000329D10002A0EA
(1790954204.552266) can0 2A4#000127970002B552
(1790954204.552391) can0 2A5#0000133A0000135D
(1790954204.552515) can0 2A6#FFFFEC9B00000648
(1790954204.552640) can0 2A7#00004B0A0000013B
(1790954204.556930) can0 2A1#0100010000000000
(1790954204.557042) can0 2A2#0000E1BE000016BD
(1790954204.557142) can0 2A3#000329D10002A0EA
(1790954204.557268) can0 2A4#000127970002B552
(1790954204.557392) can0 2A5#0000133A0000135D
(1790954204.557517) can0 2A6#FFFFEC9B00000648
(1790954204.557642) can0 2A7#00004B0A0000013B
(1790954204.561918) can0 2A1#0100010000000000
(1790954204.562020) can0 2A2#0000E1BE000016BD
(1790954204.562168) can0 2A3#000329D10002A0EA
(1790954204.562268) can0 2A4#000127970002B552
(1790954204.562392) can0 2A5#0000133A0000135D
(1790954204.562518) can0 2A6#FFFFEC9B00000648
(1790954204.562617) can0 2A7#00004B0A0000013B
(1790954204.566913) can0 2A1#0100010000000000
(1790954204.567040) can0 2A2#0000E1BE000016BD
(1790954204.567166) can0 2A3#000329D10002A0EA
(1790954204.567290) can0 2A4#000127970002B552
(1790954204.567391) can0 2A5#0000133A0000135D
(1790954204.567514) can0 2A6#FFFFEC9B00000648
(1790954204.567641) can0 2A7#00004B0A0000013B
(1790954204.571925) can0 2A1#0100010000000000
(1790954204.572042) can0 2A2#0000E1BE000016BD
(1790954204.572144) can0 2A3#000329D10002A0EA
(1790954204.572267) can0 2A4#000127970002B552
(1790954204.572393) can0 2A5#0000133A0000135D
(1790954204.572521) can0 2A6#FFFFEC9B00000648
(1790954204.572616) can0 2A7#00004B0A0000013B
(1790954204.576925) can0 2A1#0100010000000000
(1790954204.577041) can0 2A2#0000E1BE000016BD
(1790954204.577167) can0 2A3#000329D10002A0EA
(1790954204.577291) can0 2A4#000127970002B552
(1790954204.577416) can0 2A5#0000133A0000135D
(1790954204.577517) can0 2A6#FFFFEC9B00000648
(1790954204.577641) can0 2A7#00004B0A0000013B
(1790954204.581898) can0 2A1#0100010000000000
(1790954204.582043) can0 2A2#0000E1BE000016BD
(1790954204.582141) can0 2A3#000329D10002A0EA
(1790954204.582266) can0 2A4#000127970002B552
(1790954204.582391) can0 2A5#0000133A0000135D
(1790954204.582497) can0 2A6#FFFFEC9B00000648
(1790954204.582616) can0 2A7#00004B0A0000013B
(1790954204.586944) can0 2A1#0100010000000000
(1790954204.587040) can0 2A2#0000E1BE000016BD
(1790954204.587172) can0 2A3#000329D10002A0EA
(1790954204.587265) can0 2A4#000127970002B552
(1790954204.587392) can0 2A5#0000133A0000135D
(1790954204.587518) can0 2A6#FFFFEC9B00000648
(1790954204.587642) can0 2A7#00004B0A0000013B
(1790954204.591926) can0 2A1#0100010000000000
(1790954204.592042) can0 2A2#0000E1BE000016BD
(1790954204.592141) can0 2A3#000329D10002A0EA
(1790954204.592266) can0 2A4#000127970002B552
(1790954204.592391) can0 2A5#0000133A0000135D
(1790954204.592516) can0 2A6#FFFFEC9B00000648
(1790954204.592641) can0 2A7#00004B0A0000013B
(1790954204.596925) can0 2A1#0100010000000000
(1790954204.597039) can0 2A2#0000E1BE000016BD
(1790954204.597139) can0 2A3#000329D10002A0EA
(1790954204.597316) can0 2A4#000127970002B552
(1790954204.597389) can0 2A5#0000133A0000135D
(1790954204.597515) can0 2A6#FFFFEC9B00000648
(1790954204.597640) can0 2A7#00004B0A0000013B
(1790954204.601924) can0 2A1#0100010000000000
(1790954204.602042) can0 2A2#0000E1BE000016BD
(1790954204.602141) can0 2A3#000329D10002A0EA
(1790954204.602265) can0 2A4#000127970002B552
(1790954204.602393) can0 2A5#0000133A0000135D
(1790954204.602532) can0 2A6#FFFFEC9B00000648
(1790954204.602643) can0 2A7#00004B0A0000013B
(1790954204.606929) can0 2A1#0100010000000000
(1790954204.607048) can0 2A2#0000E1BE000016BD
(1790954204.607144) can0 2A3#000329D10002A0EA
(1790954204.607292) can0 2A4#000127970002B552
(1790954204.607393) can0 2A5#0000133A0000135D
(1790954204.607518) can0 2A6#FFFFEC9B00000648
(1790954204.607653) can0 2A7#00004B0A0000013B
(1790954204.611924) can0 2A1#0100010000000000
(1790954204.612017) can0 2A2#0000E1BE000016BD
(1790954204.612143) can0 2A3#000329D10002A0EA
(1790954204.612267) can0 2A4#000127970002B552
(1790954204.612393) can0 2A5#0000133A0000135D
(1790954204.612519) can0 2A6#FFFFEC9B00000648
(1790954204.612618) can0 2A7#00004B0A0000013B
(1790954204.616920) can0 2A1#0100010000000000
(1790954204.617044) can0 2A2#0000E1BE000016BD
(1790954204.617167) can0 2A3#000329D10002A0EA
(1790954204.617266) can0 2A4#000127970002B552
(1790954204.617391) can0 2A5#0000133A0000135D
(1790954204.617518) can0 2A6#FFFFEC9B00000648
(1790954204.617642) can0 2A7#00004B0A0000013B
(1790954204.621920) can0 2A1#0100010000000000
(1790954204.622042) can0 2A2#0000E1BE000016BD
(1790954204.622143) can0 2A3#000329D10002A0EA
(1790954204.622267) can0 2A4#000127970002B552
(1790954204.622392) can0 2A5#0000133A0000135D
(1790954204.622492) can0 2A6#FFFFEC9B00000648
(1790954204.622616) can0 2A7#00004B0A0000013B
(1790954204.626946) can0 2A1#0100010000000000
(1790954204.627041) can0 2A2#0000E1BE000016BD
(1790954204.627167) can0 2A3#000329D10002A0EA
(1790954204.627267) can0 2A4#000127970002B552
(1790954204.627392) can0 2A5#0000133A0000135D
(1790954204.627517) can0 2A6#FFFFEC9B00000648
(1790954204.627642) can0 2A7#00004B0A0000013B
(1790954204.631918) can0 2A1#0100010000000000
(1790954204.632042) can0 2A2#0000E1BE000016BD
(1790954204.632143) can0 2A3#000329D10002A0EA
(1790954204.632267) can0 2A4#000127970002B552
(1790954204.632392) can0 2A5#0000133A0000135D
(1790954204.632516) can0 2A6#FFFFEC9B00000648
(1790954204.632642) can0 2A7#00004B0A0000013B
(1790954204.636951) can0 2A1#0100010000000000
(1790954204.637040) can0 2A2#0000E1BE000016BD
(1790954204.637167) can0 2A3#000329D10002A0EA
(1790954204.637267) can0 2A4#000127970002B552
(1790954204.637392) can0 2A5#0000133A0000135D
(1790954204.637517) can0 2A6#FFFFEC9B00000648
(1790954204.637642) can0 2A7#00004B0A0000013B
(1790954204.641923) can0 2A1#0100010000000000
(1790954204.642041) can0 2A2#0000E1BE000016BD
(1790954204.642143) can0 2A3#000329D10002A0EA
(1790954204.642267) can0 2A4#000127970002B552
(1790954204.642392) can0 2A5#0000133A0000135D
(1790954204.642518) can0 2A6#FFFFEC9B00000648
(1790954204.642643) can0 2A7#00004B0A0000013B
(1790954204.646920) can0 2A1#0100010000000000
(1790954204.647038) can0 2A2#0000E1BE000016BD
(1790954204.647141) can0 2A3#000329D10002A0EA
(1790954204.647266) can0 2A4#000127970002B552
(1790954204.647391) can0 2A5#0000133A0000135D
(1790954204.647515) can0 2A6#FFFFEC9B00000648
(1790954204.647640) can0 2A7#00004B0A0000013B
(1790954204.651921) can0 2A1#0100010000000000
(1790954204.652041) can0 2A2#0000E1BE000016BD
(1790954204.652448) can0 2A3#000329D10002A0EA
(1790954204.652451) can0 2A4#000127970002B552
(1790954204.652452) can0 2A5#0000133A0000135D
(1790954204.652531) can0 2A6#FFFFEC9B00000648
(1790954204.652643) can0 2A7#00004B0A0000013B
(1790954204.656921) can0 2A1#0100010000000000
(1790954204.657041) can0 2A2#0000E1BE000016BD
(1790954204.657143) can0 2A3#000329D10002A0EA
(1790954204.657293) can0 2A4#000127970002B552
(1790954204.657402) can0 2A5#0000133A0000135D
(1790954204.657517) can0 2A6#FFFFEC9B00000648
(1790954204.657641) can0 2A7#00004B0A0000013B
(1790954204.661922) can0 2A1#0100010000000000
(1790954204.662046) can0 2A2#0000E1BE000016BD
(1790954204.662144) can0 2A3#000329D10002A0EA
(1790954204.662268) can0 2A4#000127970002B552
(1790954204.662392) can0 2A5#0000133A0000135D
(1790954204.662518) can0 2A6#FFFFEC9B00000648
(1790954204.662617) can0 2A7#00004B0A0000013B
(1790954204.666919) can0 2A1#0100010000000000
(1790954204.667043) can0 2A2#0000E1BE000016BD
(1790954204.667168) can0 2A3#000329D10002A0EA
(1790954204.667290) can0 2A4#000127970002B552
(1790954204.667417) can0 2A5#0000133A0000135D
(1790954204.667517) can0 2A6#FFFFEC9B00000648
(1790954204.667642) can0 2A7#00004B0A0000013B
(1790954204.671922) can0 2A1#0100010000000000
(1790954204.672045) can0 2A2#0000E1BE000016BD
(1790954204.672143) can0 2A3#000329D10002A0EA
(1790954204.672268) can0 2A4#000127970002B552
(1790954204.672393) can0 2A5#0000133A0000135D
(1790954204.672518) can0 2A6#FFFFEC9B00000648
(1790954204.672643) can0 2A7#00004B0A0000013B
(1790954204.676950) can0 2A1#0100010000000000
(1790954204.677043) can0 2A2#0000E1BE000016BD
(1790954204.677166) can0 2A3#000329D10002A0EA
(1790954204.677267) can0 2A4#000127970002B552
(1790954204.677391) can0 2A5#0000133A0000135D
(1790954204.677517) can0 2A6#FFFFEC9B00000648
(1790954204.677643) can0 2A7#00004B0A0000013B
(1790954204.681924) can0 2A1#0100010000000000
(1790954204.682045) can0 2A2#0000E1BE000016BD
(1790954204.682143) can0 2A3#000329D10002A0EA
(1790954204.682268) can0 2A4#000127970002B552
(1790954204.682392) can0 2A5#0000133A0000135D
(1790954204.682517) can0 2A6#FFFFEC9B00000648
(1790954204.682617) can0 2A7#00004B0A0000013B
(1790954204.686933) can0 2A1#0100010000000000
(1790954204.687041) can0 2A2#0000E1BE000016BD
(1790954204.687169) can0 2A3#000329D10002A0EA
(1790954204.687268) can0 2A4#000127970002B552
(1790954204.687393) can0 2A5#0000133A0000135D
(1790954204.687518) can0 2A6#FFFFEC9B00000648
(1790954204.687643) can0 2A7#00004B0A0000013B
(1790954204.691922) can0 2A1#0100010000000000
(1790954204.692044) can0 2A2#0000E1BE000016BD
(1790954204.692142) can0 2A3#000329D10002A0EA
(1790954204.692268) can0 2A4#000127970002B552
(1790954204.692393) can0 2A5#0000133A0000135D
(1790954204.692518) can0 2A6#FFFFEC9B00000648
(1790954204.692644) can0 2A7#00004B0A0000013B
(1790954204.696922) can0 2A1#0100010000000000
(1790954204.697045) can0 2A2#0000E1BE000016BD
(1790954204.697143) can0 2A3#000329D10002A0EA
(1790954204.697293) can0 2A4#000127970002B552
(1790954204.697393) can0 2A5#0000133A0000135D
(1790954204.697518) can0 2A6#FFFFEC9B00000648
(1790954204.697643) can0 2A7#00004B0A0000013B
(1790954204.701924) can0 2A1#0100010000000000
(1790954204.702021) can0 2A2#0000E1BE000016BD
(1790954204.702143) can0 2A3#000329D10002A0EA
(1790954204.702269) can0 2A4#000127970002B552
(1790954204.702393) can0 2A5#0000133A0000135D
(1790954204.702518) can0 2A6#FFFFEC9B00000648
(1790954204.702619) can0 2A7#00004B0A0000013B
(1790954204.706926) can0 2A1#0100010000000000
(1790954204.707043) can0 2A2#0000E1BE000016BD
(1790954204.707166) can0 2A3#000329D10002A0EA
(1790954204.707268) can0 2A4#000127970002B552
(1790954204.707391) can0 2A5#0000133A0000135D
(1790954204.707518) can0 2A6#FFFFEC9B00000648
(1790954204.707641) can0 2A7#00004B0A0000013B
(1790954204.711924) can0 2A1#0100010000000000
(1790954204.712021) can0 2A2#0000E1BE000016BD
(1790954204.712141) can0 2A3#000329D10002A0EA
(1790954204.712267) can0 2A4#000127970002B552
(1790954204.712391) can0 2A5#0000133A0000135D
(1790954204.712493) can0 2A6#FFFFEC9B00000648
(1790954204.712618) can0 2A7#00004B0A0000013B
(1790954204.716959) can0 2A1#0100010000000000
(1790954204.717042) can0 2A2#0000E1BE000016BD
(1790954204.717168) can0 2A3#000329D10002A0EA
(1790954204.717268) can0 2A4#000127970002B552
(1790954204.717393) can0 2A5#0000133A0000135D
(1790954204.717518) can0 2A6#FFFFEC9B00000648
(1790954204.717643) can0 2A7#00004B0A0000013B
(1790954204.721932) can0 2A1#0100010000000000
(1790954204.722041) can0 2A2#0000E1BE000016BD
(1790954204.722143) can0 2A3#000329D10002A0EA
(1790954204.722268) can0 2A4#000127970002B552
(1790954204.722393) can0 2A5#0000133A0000135D
(1790954204.722493) can0 2A6#FFFFEC9B00000648
(1790954204.722642) can0 2A7#00004B0A0000013B
(1790954204.726927) can0 2A1#0100010000000000
(1790954204.727042) can0 2A2#0000E1BE000016BD
(1790954204.727143) can0 2A3#000329D10002A0EA
(1790954204.727268) can0 2A4#000127970002B552
(1790954204.727416) can0 2A5#0000133A0000135D
(1790954204.727518) can0 2A6#FFFFEC9B00000648
(1790954204.727643) can0 2A7#00004B0A0000013B
(1790954204.731920) can0 2A1#0100010000000000
(1790954204.732041) can0 2A2#0000E1BE000016BD
(1790954204.732143) can0 2A3#000329D10002A0EA
(1790954204.732267) can0 2A4#000127970002B552
(1790954204.732392) can0 2A5#0000133A0000135D
(1790954204.732492) can0 2A6#FFFFEC9B00000648
(1790954204.732617) can0 2A7#00004B0A0000013B
(1790954204.736929) can0 2A1#0100010000000000
(1790954204.737045) can0 2A2#0000E1BE000016BD
(1790954204.737147) can0 2A3#000329D10002A0EA
(1790954204.737268) can0 2A4#000127970002B552
(1790954204.737417) can0 2A5#0000133A0000135D
(1790954204.737517) can0 2A6#FFFFEC9B00000648
(1790954204.737642) can0 2A7#00004B0A0000013B
(1790954204.741926) can0 2A1#0100010000000000
(1790954204.742044) can0 2A2#0000E1BE000016BD
(1790954204.742144) can0 2A3#000329D10002A0EA
(1790954204.742268) can0 2A4#000127970002B552
(1790954204.742394) can0 2A5#0000133A0000135D
(1790954204.742518) can0 2A6#FFFFEC9B00000648
(1790954204.742644) can0 2A7#00004B0A0000013B
(1790954204.746923) can0 2A1#0100010000000000
(1790954204.747043) can0 2A2#0000E1BE000016BD
(1790954204.747166) can0 2A3#000329D10002A0EA
(1790954204.747293) can0 2A4#000127970002B552
(1790954204.747418) can0 2A5#0000133A0000135D
(1790954204.747518) can0 2A6#FFFFEC9B00000648
(1790954204.747643) can0 2A7#00004B0A0000013B
(1790954204.751926) can0 2A1#0100010000000000
(1790954204.752043) can0 2A2#0000E1BE000016BD
(1790954204.752143) can0 2A3#000329D10002A0EA
(1790954204.752267) can0 2A4#000127970002B552
(1790954204.752392) can0 2A5#0000133A0000135D
(1790954204.752518) can0 2A6#FFFFEC9B00000648
(1790954204.752617) can0 2A7#00004B0A0000013B
(1790954204.756926) can0 2A1#0100010000000000
(1790954204.757040) can0 2A2#0000E1BE000016BD
(1790954204.757167) can0 2A3#000329D10002A0EA
(1790954204.757293) can0 2A4#000127970002B552
(1790954204.757394) can0 2A5#0000133A0000135D
(1790954204.757517) can0 2A6#FFFFEC9B00000648
(1790954204.757640) can0 2A7#00004B0A0000013B
(1790954204.761921) can0 2A1#0100010000000000
(1790954204.762041) can0 2A2#0000E1BE000016BD
(1790954204.762151) can0 2A3#000329D10002A0EA
(1790954204.762268) can0 2A4#000127970002B552
(1790954204.762394) can0 2A5#0000133A0000135D
(1790954204.762518) can0 2A6#FFFFEC9B00000648
(1790954204.762618) can0 2A7#00004B0A0000013B
(1790954204.766931) can0 2A1#0100010000000000
(1790954204.767041) can0 2A2#0000E1BE000016BD
(1790954204.767167) can0 2A3#000329D10002A0EA
(1790954204.767292) can0 2A4#000127970002B552
(1790954204.767393) can0 2A5#0000133A0000135D
(1790954204.767518) can0 2A6#FFFFEC9B00000648
(1790954204.767643) can0 2A7#00004B0A0000013B
(1790954204.771926) can0 2A1#0100010000000000
(1790954204.772016) can0 2A2#0000E1BE000016BD
(1790954204.772168) can0 2A3#000329D10002A0EA
(1790954204.772269) can0 2A4#000127970002B552
(1790954204.772393) can0 2A5#0000133A0000135D
(1790954204.772518) can0 2A6#FFFFEC9B00000648
(1790954204.772617) can0 2A7#00004B0A0000013B
(1790954204.776926) can0 2A1#0100010000000000
(1790954204.777045) can0 2A2#0000E1BE000016BD
(1790954204.777166) can0 2A3#000329D10002A0EA
(1790954204.777265) can0 2A4#000127970002B552
(1790954204.777392) can0 2A5#0000133A0000135D
(1790954204.777517) can0 2A6#FFFFEC9B00000648
(1790954204.777642) can0 2A7#00004B0A0000013B
(1790954204.781919) can0 2A1#0100010000000000
(1790954204.782041) can0 2A2#0000E1BE000016BD
(1790954204.782143) can0 2A3#000329D10002A0EA
(1790954204.782268) can0 2A4#000127970002B552
(1790954204.782392) can0 2A5#0000133A0000135D
(1790954204.782516) can0 2A6#FFFFEC9B00000648
(1790954204.782643) can0 2A7#00004B0A0000013B
(1790954204.786926) can0 2A1#0100010000000000
(1790954204.787046) can0 2A2#0000E1BE000016BD
(1790954204.787142) can0 2A3#000329D10002A0EA
(1790954204.787293) can0 2A4#000127970002B552
(1790954204.787391) can0 2A5#0000133A0000135D
(1790954204.787520) can0 2A6#FFFFEC9B00000648
(1790954204.787641) can0 2A7#00004B0A0000013B
(1790954204.791926) can0 2A1#0100010000000000
(1790954204.792018) can0 2A2#0000E1BE000016BD
(1790954204.792143) can0 2A3#000329D10002A0EA
(1790954204.792267) can0 2A4#000127970002B552
(1790954204.792393) can0 2A5#0000133A0000135D
(1790954204.792517) can0 2A6#FFFFEC9B00000648
(1790954204.792617) can0 2A7#00004B0A0000013B
(1790954204.796927) can0 2A1#0100010000000000
(1790954204.797042) can0 2A2#0000E1BE000016BD
(1790954204.797168) can0 2A3#000329D10002A0EA
(1790954204.797270) can0 2A4#000127970002B552
(1790954204.797397) can0 2A5#0000133A0000135D
(1790954204.797517) can0 2A6#FFFFEC9B00000648
(1790954204.797642) can0 2A7#00004B0A0000013B
(1790954204.801926) can0 2A1#0100010000000000
(1790954204.802051) can0 2A2#0000E1BE000016BD
(1790954204.802144) can0 2A3#000329D10002A0EA
(1790954204.802274) can0 2A4#000127970002B552
(1790954204.802399) can0 2A5#0000133A0000135D
(1790954204.802528) can0 2A6#FFFFEC9B00000648
(1790954204.802641) can0 2A7#00004B0A0000013B
(1790954204.806950) can0 2A1#0100010000000000
(1790954204.807041) can0 2A2#0000E1BE000016BD
(1790954204.807168) can0 2A3#000329D10002A0EA
(1790954204.807268) can0 2A4#000127970002B552
(1790954204.807418) can0 2A5#0000133A0000135D
(1790954204.807518) can0 2A6#FFFFEC9B00000648
(1790954204.807643) can0 2A7#00004B0A0000013B
(1790954204.811921) can0 2A1#0100010000000000
(1790954204.812047) can0 2A2#0000E1BE000016BD
(1790954204.812143) can0 2A3#000329D10002A0EA
(1790954204.812267) can0 2A4#000127970002B552
(1790954204.812392) can0 2A5#0000133A0000135D
(1790954204.812493) can0 2A6#FFFFEC9B00000648
(1790954204.812642) can0 2A7#00004B0A0000013B
(1790954204.816919) can0 2A1#0100010000000000
(1790954204.817042) can0 2A2#0000E1BE000016BD
(1790954204.817167) can0 2A3#000329D10002A0EA
(1790954204.817291) can0 2A4#000127970002B552
(1790954204.817393) can0 2A5#0000133A0000135D
(1790954204.817518) can0 2A6#FFFFEC9B00000648
(1790954204.817643) can0 2A7#00004B0A0000013B
(1790954204.821926) can0 2A1#0100010000000000
(1790954204.822046) can0 2A2#0000E1BE000016BD
(1790954204.822142) can0 2A3#000329D10002A0EA
(1790954204.822267) can0 2A4#000127970002B552
(1790954204.822391) can0 2A5#0000133A0000135D
(1790954204.822518) can0 2A6#FFFFEC9B00000648
(1790954204.822642) can0 2A7#00004B0A0000013B
(1790954204.826943) can0 2A1#0100010000000000
(1790954204.827040) can0 2A2#0000E1BE000016BD
(1790954204.827168) can0 2A3#000329D10002A0EA
(1790954204.827266) can0 2A4#000127970002B552
(1790954204.827417) can0 2A5#0000133A0000135D
(1790954204.827517) can0 2A6#FFFFEC9B00000648
(1790954204.827642) can0 2A7#00004B0A0000013B
(1790954204.831928) can0 2A1#0100010000000000
(1790954204.832016) can0 2A2#0000E1BE000016BD
(1790954204.832168) can0 2A3#000329D10002A0EA
(1790954204.832267) can0 2A4#000127970002B552
(1790954204.832393) can0 2A5#0000133A0000135D
(1790954204.832517) can0 2A6#FFFFEC9B00000648
(1790954204.832617) can0 2A7#00004B0A0000013B
(1790954204.836924) can0 2A1#0100010000000000
(1790954204.837040) can0 2A2#0000E1BE000016BD
(1790954204.837167) can0 2A3#000329D10002A0EA
(1790954204.837290) can0 2A4#000127970002B552
(1790954204.837416) can0 2A5#0000133A0000135D
(1790954204.837517) can0 2A6#FFFFEC9B00000648
(1790954204.837642) can0 2A7#00004B0A0000013B
(1790954204.841922) can0 2A1#0100010000000000
(1790954204.842017) can0 2A2#0000E1BE000016BD
(1790954204.842168) can0 2A3#000329D10002A0EA
(1790954204.842265) can0 2A4#000127970002B552
(1790954204.842393) can0 2A5#0000133A0000135D
(1790954204.842491) can0 2A6#FFFFEC9B00000648
(1790954204.842615) can0 2A7#00004B0A0000013B
(1790954204.846949) can0 2A1#0100010000000000
(1790954204.847041) can0 2A2#0000E1BE000016BD
(1790954204.847168) can0 2A3#000329D10002A0EA
(1790954204.847265) can0 2A4#000127970002B552
(1790954204.847390) can0 2A5#0000133A0000135D
(1790954204.847518) can0 2A6#FFFFEC9B00000648
(1790954204.847643) can0 2A7#00004B0A0000013B
(1790954204.851917) can0 2A1#0100010000000000
(1790954204.852042) can0 2A2#0000E1BE000016BD
(1790954204.852141) can0 2A3#000329D10002A0EA
(1790954204.852266) can0 2A4#000127970002B552
(1790954204.852392) can0 2A5#0000133A0000135D
(1790954204.852517) can0 2A6#FFFFEC9B00000648
(1790954204.852643) can0 2A7#00004B0A0000013B
(1790954204.856946) can0 2A1#0100010000000000
(1790954204.857040) can0 2A2#0000E1BE000016BD
(1790954204.857167) can0 2A3#000329D10002A0EA
(1790954204.857267) can0 2A4#000127970002B552
(1790954204.857393) can0 2A5#0000133A0000135D
(1790954204.857517) can0 2A6#FFFFEC9B00000648
(1790954204.857643) can0 2A7#00004B0A0000013B
(1790954204.861932) can0 2A1#0100010000000000
(1790954204.862039) can0 2A2#0000E1BE000016BD
(1790954204.862139) can0 2A3#000329D10002A0EA
(1790954204.862286) can0 2A4#000127970002B552
(1790954204.862391) can0 2A5#0000133A0000135D
(1790954204.862517) can0 2A6#FFFFEC9B00000648
(1790954204.862641) can0 2A7#00004B0A0000013B
(1790954204.866924) can0 2A1#0100010000000000
(1790954204.867045) can0 2A2#0000E1BE000016BD
(1790954204.867168) can0 2A3#000329D10002A0EA
(1790954204.867266) can0 2A4#000127970002B552
(1790954204.867390) can0 2A5#0000133A0000135D
(1790954204.867517) can0 2A6#FFFFEC9B00000648
(1790954204.867643) can0 2A7#00004B0A0000013B
(1790954204.871922) can0 2A1#0100010000000000
(1790954204.872040) can0 2A2#0000E1BE000016BD
(1790954204.872143) can0 2A3#000329D10002A0EA
(1790954204.872266) can0 2A4#000127970002B552
(1790954204.872391) can0 2A5#0000133A0000135D
(1790954204.872516) can0 2A6#FFFFEC9B00000648
(1790954204.872643) can0 2A7#00004B0A0000013B
(1790954204.876943) can0 2A1#0100010000000000
(1790954204.877047) can0 2A2#0000E1BE000016BD
(1790954204.877171) can0 2A3#000329D10002A0EA
(1790954204.877267) can0 2A4#000127970002B552
(1790954204.877396) can0 2A5#0000133A0000135D
(1790954204.877521) can0 2A6#FFFFEC9B00000648
(1790954204.877646) can0 2A7#00004B0A0000013B
(1790954204.881917) can0 2A1#0100010000000000
(1790954204.882040) can0 2A2#0000E1BE000016BD
(1790954204.882140) can0 2A3#000329D10002A0EA
(1790954204.882264) can0 2A4#000127970002B552
(1790954204.882393) can0 2A5#0000133A0000135D
(1790954204.882519) can0 2A6#FFFFEC9B00000648
(1790954204.882641) can0 2A7#00004B0A0000013B
(1790954204.886944) can0 2A1#0100010000000000
(1790954204.887043) can0 2A2#0000E1BE000016BD
(1790954204.887166) can0 2A3#000329D10002A0EA
(1790954204.887292) can0 2A4#000127970002B552
(1790954204.887416) can0 2A5#0000133A0000135D
(1790954204.887518) can0 2A6#FFFFEC9B00000648
(1790954204.887641) can0 2A7#00004B0A0000013B
(1790954204.891921) can0 2A1#0100010000000000
(1790954204.892046) can0 2A2#0000E1BE000016BD
(1790954204.892142) can0 2A3#000329D10002A0EA
(1790954204.892266) can0 2A4#000127970002B552
(1790954204.892392) can0 2A5#0000133A0000135D
(1790954204.892518) can0 2A6#FFFFEC9B00000648
(1790954204.892618) can0 2A7#00004B0A0000013B
(1790954204.896921) can0 2A1#0100010000000000
(1790954204.897044) can0 2A2#0000E1BE000016BD
(1790954204.897168) can0 2A3#000329D10002A0EA
(1790954204.897294) can0 2A4#000127970002B552
(1790954204.897390) can0 2A5#0000133A0000135D
(1790954204.897517) can0 2A6#FFFFEC9B00000648
(1790954204.897641) can0 2A7#00004B0A0000013B
(1790954204.901922) can0 2A1#0100010000000000
(1790954204.902044) can0 2A2#0000E1BE000016BD
(1790954204.902168) can0 2A3#000329D10002A0EA
(1790954204.902266) can0 2A4#000127970002B552
(1790954204.902393) can0 2A5#0000133A0000135D
(1790954204.902518) can0 2A6#FFFFEC9B00000648
(1790954204.902618) can0 2A7#00004B0A0000013B
(1790954204.906921) can0 2A1#0100010000000000
(1790954204.907047) can0 2A2#0000E1BE000016BD
(1790954204.907168) can0 2A3#000329D10002A0EA
(1790954204.907265) can0 2A4#000127970002B552
(1790954204.907393) can0 2A5#0000133A0000135D
(1790954204.907520) can0 2A6#FFFFEC9B00000648
(1790954204.907641) can0 2A7#00004B0A0000013B
(1790954204.911917) can0 2A1#0100010000000000
(1790954204.912038) can0 2A2#0000E1BE000016BD
(1790954204.912142) can0 2A3#000329D10002A0EA
(1790954204.912265) can0 2A4#000127970002B552
(1790954204.912389) can0 2A5#0000133A0000135D
(1790954204.912516) can0 2A6#FFFFEC9B00000648
(1790954204.912616) can0 2A7#00004B0A0000013B
(1790954204.916949) can0 2A1#0100010000000000
(1790954204.917040) can0 2A2#0000E1BE000016BD
(1790954204.917167) can0 2A3#000329D10002A0EA
(1790954204.917266) can0 2A4#000127970002B552
(1790954204.917416) can0 2A5#0000133A0000135D
(1790954204.917515) can0 2A6#FFFFEC9B00000648
(1790954204.917640) can0 2A7#00004B0A0000013B
(1790954204.921923) can0 2A1#0100010000000000
(1790954204.922047) can0 2A2#0000E1BE000016BD
(1790954204.922143) can0 2A3#000329D10002A0EA
(1790954204.922269) can0 2A4#000127970002B552
(1790954204.922393) can0 2A5#0000133A0000135D
(1790954204.922519) can0 2A6#FFFFEC9B00000648
(1790954204.922643) can0 2A7#00004B0A0000013B
(1790954204.926950) can0 2A1#0100010000000000
(1790954204.927043) can0 2A2#0000E1BE000016BD
(1790954204.927169) can0 2A3#000329D10002A0EA
(1790954204.927268) can0 2A4#000127970002B552
(1790954204.927394) can0 2A5#0000133A0000135D
(1790954204.927518) can0 2A6#FFFFEC9B00000648
(1790954204.927643) can0 2A7#00004B0A0000013B
(1790954204.931924) can0 2A1#0100010000000000
(1790954204.932045) can0 2A2#0000E1BE000016BD
(1790954204.932145) can0 2A3#000329D10002A0EA
(1790954204.932269) can0 2A4#000127970002B552
(1790954204.932392) can0 2A5#0000133A0000135D
(1790954204.932519) can0 2A6#FFFFEC9B00000648
(1790954204.932641) can0 2A7#00004B0A0000013B
(1790954204.936934) can0 2A1#0100010000000000
(1790954204.937096) can0 2A2#0000E1BE000016BD
(1790954204.937193) can0 2A3#000329D10002A0EA
(1790954204.937294) can0 2A4#000127970002B552
(1790954204.937392) can0 2A5#0000133A0000135D
(1790954204.937518) can0 2A6#FFFFEC9B00000648
(1790954204.937643) can0 2A7#00004B0A0000013B
(1790954204.941925) can0 2A1#0100010000000000
(1790954204.942044) can0 2A2#0000E1BE000016BD
(1790954204.942144) can0 2A3#000329D10002A0EA
(1790954204.942268) can0 2A4#000127970002B552
(1790954204.942392) can0 2A5#0000133A0000135D
(1790954204.942520) can0 2A6#FFFFEC9B00000648
(1790954204.942643) can0 2A7#00004B0A0000013B
(1790954204.946927) can0 2A1#0100010000000000
(1790954204.947048) can0 2A2#0000E1BE000016BD
(1790954204.947167) can0 2A3#000329D10002A0EA
(1790954204.947266) can0 2A4#000127970002B552
(1790954204.947391) can0 2A5#0000133A0000135D
(1790954204.947516) can0 2A6#FFFFEC9B00000648
(1790954204.947643) can0 2A7#00004B0A0000013B
(1790954204.951925) can0 2A1#0100010000000000
(1790954204.952045) can0 2A2#0000E1BE000016BD
(1790954204.952142) can0 2A3#000329D10002A0EA
(1790954204.952269) can0 2A4#000127970002B552
(1790954204.952399) can0 2A5#0000133A0000135D
(1790954204.952519) can0 2A6#FFFFEC9B00000648
(1790954204.952642) can0 2A7#00004B0A0000013B
(1790954204.956954) can0 2A1#0100010000000000
(1790954204.957048) can0 2A2#0000E1BE000016BD
(1790954204.957170) can0 2A3#000329D10002A0EA
(1790954204.957267) can0 2A4#000127970002B552
(1790954204.957392) can0 2A5#0000133A0000135D
(1790954204.957544) can0 2A6#FFFFEC9B00000648
(1790954204.957642) can0 2A7#00004B0A0000013B
(1790954204.961928) can0 2A1#0100010000000000
(1790954204.962042) can0 2A2#0000E1BE000016BD
(1790954204.962141) can0 2A3#000329D10002A0EA
(1790954204.962269) can0 2A4#000127970002B552
(1790954204.962392) can0 2A5#0000133A0000135D
(1790954204.962517) can0 2A6#FFFFEC9B00000648
(1790954204.962644) can0 2A7#00004B0A0000013B
(1790954204.966953) can0 2A1#0100010000000000
(1790954204.967092) can0 2A2#0000E1BE000016BD
(1790954204.967192) can0 2A3#000329D10002A0EA
(1790954204.967295) can0 2A4#000127970002B552
(1790954204.967420) can0 2A5#0000133A0000135D
(1790954204.967517) can0 2A6#FFFFEC9B00000648
(1790954204.967641) can0 2A7#00004B0A0000013B
(1790954204.971928) can0 2A1#0100010000000000
(1790954204.972043) can0 2A2#0000E1BE000016BD
(1790954204.972146) can0 2A3#000329D10002A0EA
(1790954204.972266) can0 2A4#000127970002B552
(1790954204.972392) can0 2A5#0000133A0000135D
(1790954204.972520) can0 2A6#FFFFEC9B00000648
(1790954204.972642) can0 2A7#00004B0A0000013B
(1790954204.976930) can0 2A1#0100010000000000
(1790954204.977042) can0 2A2#0000E1BE000016BD
(1790954204.977171) can0 2A3#000329D10002A0EA
(1790954204.977291) can0 2A4#000127970002B552
(1790954204.977417) can0 2A5#0000133A0000135D
(1790954204.977517) can0 2A6#FFFFEC9B00000648
(1790954204.977642) can0 2A7#00004B0A0000013B
(1790954204.981927) can0 2A1#0100010000000000
(1790954204.982042) can0 2A2#0000E1BE000016BD
(1790954204.982167) can0 2A3#000329D10002A0EA
(1790954204.982267) can0 2A4#000127970002B552
(1790954204.982391) can0 2A5#0000133A0000135D
(1790954204.982517) can0 2A6#FFFFEC9B00000648
(1790954204.982617) can0 2A7#00004B0A0000013B
(1790954204.986926) can0 2A1#0100010000000000
(1790954204.987049) can0 2A2#0000E1BE000016BD
(1790954204.987169) can0 2A3#000329D10002A0EA
(1790954204.987267) can0 2A4#000127970002B552
(1790954204.987391) can0 2A5#0000133A0000135D
(1790954204.987517) can0 2A6#FFFFEC9B00000648
(1790954204.987642) can0 2A7#00004B0A0000013B
(1790954204.991928) can0 2A1#0100010000000000
(1790954204.992042) can0 2A2#0000E1BE000016BD
(1790954204.992145) can0 2A3#000329D10002A0EA
(1790954204.992270) can0 2A4#000127970002B552
(1790954204.992395) can0 2A5#0000133A0000135D
(1790954204.992519) can0 2A6#FFFFEC9B00000648
(1790954204.992641) can0 2A7#00004B0A0000013B
(1790954204.996925) can0 2A1#0100010000000000
(1790954204.997042) can0 2A2#0000E1BE000016BD
(1790954204.997166) can0 2A3#000329D10002A0EA
(1790954204.997296) can0 2A4#000127970002B552
(1790954204.997392) can0 2A5#0000133A0000135D
(1790954204.997516) can0 2A6#FFFFEC9B00000648
(1790954204.997646) can0 2A7#00004B0A0000013B
(1790954205.001925) can0 2A1#0100010000000000
(1790954205.002046) can0 2A2#0000E1BE000016BD
(1790954205.002145) can0 2A3#000329D10002A0EA
(1790954205.002270) can0 2A4#000127970002B552
(1790954205.002395) can0 2A5#0000133A0000135D
(1790954205.002520) can0 2A6#FFFFEC9B00000648
(1790954205.002644) can0 2A7#00004B0A0000013B
(1790954205.006926) can0 2A1#0100010000000000
(1790954205.007042) can0 2A2#0000E1BE000016BD
(1790954205.007169) can0 2A3#000329D10002A0EA
(1790954205.007291) can0 2A4#000127970002B552
(1790954205.007419) can0 2A5#0000133A0000135D
(1790954205.007516) can0 2A6#FFFFEC9B00000648
(1790954205.007644) can0 2A7#00004B0A0000013B
(1790954205.011923) can0 2A1#0100010000000000
(1790954205.012042) can0 2A2#0000E1BE000016BD
(1790954205.012144) can0 2A3#000329D10002A0EA
(1790954205.012269) can0 2A4#000127970002B552
(1790954205.012393) can0 2A5#0000133A0000135D
(1790954205.012519) can0 2A6#FFFFEC9B00000648
(1790954205.012644) can0 2A7#00004B0A0000013B
(1790954205.016948) can0 2A1#0100010000000000
(1790954205.017040) can0 2A2#0000E1BE000016BD
(1790954205.017166) can0 2A3#000329D10002A0EA
(1790954205.017267) can0 2A4#000127970002B552
(1790954205.017416) can0 2A5#0000133A0000135D
(1790954205.017516) can0 2A6#FFFFEC9B00000648
(1790954205.017641) can0 2A7#00004B0A0000013B
(1790954205.021924) can0 2A1#0100010000000000
(1790954205.022041) can0 2A2#0000E1BE000016BD
(1790954205.022143) can0 2A3#000329D10002A0EA
(1790954205.022267) can0 2A4#000127970002B552
(1790954205.022393) can0 2A5#0000133A0000135D
(1790954205.022517) can0 2A6#FFFFEC9B00000648
(1790954205.022617) can0 2A7#00004B0A0000013B
(1790954205.026924) can0 2A1#0100010000000000
(1790954205.027049) can0 2A2#0000E1BE000016BD
(1790954205.027168) can0 2A3#000329D10002A0EA
(1790954205.027292) can0 2A4#000127970002B552
(1790954205.027393) can0 2A5#0000133A0000135D
(1790954205.027517) can0 2A6#FFFFEC9B00000648
(1790954205.027642) can0 2A7#00004B0A0000013B
(1790954205.031922) can0 2A1#0100010000000000
(1790954205.032040) can0 2A2#0000E1BE000016BD
(1790954205.032143) can0 2A3#000329D10002A0EA
(1790954205.032268) can0 2A4#000127970002B552
(1790954205.032393) can0 2A5#0000133A0000135D
(1790954205.032517) can0 2A6#FFFFEC9B00000648
(1790954205.032642) can0 2A7#00004B0A0000013B
(1790954205.036947) can0 2A1#0100010000000000
(1790954205.037090) can0 2A2#0000E1BE000016BD
(1790954205.037193) can0 2A3#000329D10002A0EA
(1790954205.037294) can0 2A4#000127970002B552
(1790954205.037393) can0 2A5#0000133A0000135D
(1790954205.037518) can0 2A6#FFFFEC9B00000648
(1790954205.037643) can0 2A7#00004B0A0000013B
(1790954205.041921) can0 2A1#0100010000000000
(1790954205.042043) can0 2A2#0000E1BE000016BD
(1790954205.042168) can0 2A3#000329D10002A0EA
(1790954205.042266) can0 2A4#000127970002B552
(1790954205.042393) can0 2A5#0000133A0000135D
(1790954205.042518) can0 2A6#FFFFEC9B00000648
(1790954205.042617) can0 2A7#00004B0A0000013B
(1790954205.046947) can0 2A1#0100010000000000
(1790954205.047042) can0 2A2#0000E1BE000016BD
(1790954205.047168) can0 2A3#000329D10002A0EA
(1790954205.047268) can0 2A4#000127970002B552
(1790954205.047391) can0 2A5#0000133A0000135D
(1790954205.047515) can0 2A6#FFFFEC9B00000648
(1790954205.047642) can0 2A7#00004B0A0000013B
(1790954205.051921) can0 2A1#0100010000000000
(1790954205.052041) can0 2A2#0000E1BE000016BD
(1790954205.052142) can0 2A3#000329D10002A0EA
(1790954205.052267) can0 2A4#000127970002B552
(1790954205.052392) can0 2A5#0000133A0000135D
(1790954205.052517) can0 2A6#FFFFEC9B00000648
(1790954205.052643) can0 2A7#00004B0A0000013B
(1790954205.056943) can0 2A1#0100010000000000
(1790954205.057041) can0 2A2#0000E1BE000016BD
(1790954205.057168) can0 2A3#000329D10002A0EA
(1790954205.057267) can0 2A4#000127970002B552
(1790954205.057393) can0 2A5#0000133A0000135D
(1790954205.057518) can0 2A6#FFFFEC9B00000648
(1790954205.057642) can0 2A7#00004B0A0000013B
(1790954205.061924) can0 2A1#0100010000000000
(1790954205.062042) can0 2A2#0000E1BE000016BD
(1790954205.062142) can0 2A3#000329D10002A0EA
(1790954205.062272) can0 2A4#000127970002B552
(1790954205.062392) can0 2A5#0000133A0000135D
(1790954205.062522) can0 2A6#FFFFEC9B00000648
(1790954205.062642) can0 2A7#00004B0A0000013B
(1790954205.066951) can0 2A1#0100010000000000
(1790954205.067091) can0 2A2#0000E1BE000016BD
(1790954205.067167) can0 2A3#000329D10002A0EA
(1790954205.067294) can0 2A4#000127970002B552
(1790954205.067394) can0 2A5#0000133A0000135D
(1790954205.067520) can0 2A6#FFFFEC9B00000648
(1790954205.067642) can0 2A7#00004B0A0000013B
(1790954205.071926) can0 2A1#0100010000000000
(1790954205.072021) can0 2A2#0000E1BE000016BD
(1790954205.072171) can0 2A3#000329D10002A0EA
(1790954205.072267) can0 2A4#000127970002B552
(1790954205.072392) can0 2A5#0000133A0000135D
(1790954205.072521) can0 2A6#FFFFEC9B00000648
(1790954205.072616) can0 2A7#00004B0A0000013B
(1790954205.076927) can0 2A1#0100010000000000
(1790954205.077042) can0 2A2#0000E1BE000016BD
(1790954205.077170) can0 2A3#000329D10002A0EA
(1790954205.077295) can0 2A4#000127970002B552
(1790954205.077392) can0 2A5#0000133A0000135D
(1790954205.077517) can0 2A6#FFFFEC9B00000648
(1790954205.077644) can0 2A7#00004B0A0000013B
(1790954205.081925) can0 2A1#0100010000000000
(1790954205.082047) can0 2A2#0000E1BE000016BD
(1790954205.082145) can0 2A3#000329D10002A0EA
(1790954205.082269) can0 2A4#000127970002B552
(1790954205.082394) can0 2A5#0000133A0000135D
(1790954205.082517) can0 2A6#FFFFEC9B00000648
(1790954205.082642) can0 2A7#00004B0A0000013B
(1790954205.086947) can0 2A1#0100010000000000
(1790954205.087043) can0 2A2#0000E1BE000016BD
(1790954205.087170) can0 2A3#000329D10002A0EA
(1790954205.087267) can0 2A4#000127970002B552
(1790954205.087394) can0 2A5#0000133A0000135D
(1790954205.087516) can0 2A6#FFFFEC9B00000648
(1790954205.087642) can0 2A7#00004B0A0000013B
(1790954205.091922) can0 2A1#0100010000000000
(1790954205.092042) can0 2A2#0000E1BE000016BD
(1790954205.092167) can0 2A3#000329D10002A0EA
(1790954205.092269) can0 2A4#000127970002B552
(1790954205.092394) can0 2A5#0000133A0000135D
(1790954205.092517) can0 2A6#FFFFEC9B00000648
(1790954205.092617) can0 2A7#00004B0A0000013B
(1790954205.096920) can0 2A1#0100010000000000
(1790954205.097045) can0 2A2#0000E1BE000016BD
(1790954205.097169) can0 2A3#000329D10002A0EA
(1790954205.097292) can0 2A4#000127970002B552
(1790954205.097391) can0 2A5#0000133A0000135D
(1790954205.097519) can0 2A6#FFFFEC9B00000648
(1790954205.097644) can0 2A7#00004B0A0000013B
(1790954205.101932) can0 2A1#0100010000000000
(1790954205.102043) can0 2A2#0000E1BE000016BD
(1790954205.102169) can0 2A3#000329D10002A0EA
(1790954205.102268) can0 2A4#000127970002B552
(1790954205.102392) can0 2A5#0000133A0000135D
(1790954205.102518) can0 2A6#FFFFEC9B00000648
(1790954205.102617) can0 2A7#00004B0A0000013B
(1790954205.106945) can0 2A1#0100010000000000
(1790954205.107043) can0 2A2#0000E1BE000016BD
(1790954205.107170) can0 2A3#000329D10002A0EA
(1790954205.107294) can0 2A4#000127970002B552
(1790954205.107394) can0 2A5#0000133A0000135D
(1790954205.107519) can0 2A6#FFFFEC9B00000648
(1790954205.107644) can0 2A7#00004B0A0000013B
(1790954205.111930) can0 2A1#0100010000000000
(1790954205.112043) can0 2A2#0000E1BE000016BD
(1790954205.112144) can0 2A3#000329D10002A0EA
(1790954205.112292) can0 2A4#000127970002B552
(1790954205.112394) can0 2A5#0000133A0000135D
(1790954205.112517) can0 2A6#FFFFEC9B00000648
(1790954205.112644) can0 2A7#00004B0A0000013B
(1790954205.116948) can0 2A1#0100010000000000
(1790954205.117042) can0 2A2#0000E1BE000016BD
(1790954205.117170) can0 2A3#000329D10002A0EA
(1790954205.117294) can0 2A4#000127970002B552
(1790954205.117419) can0 2A5#0000133A0000135D
(1790954205.117519) can0 2A6#FFFFEC9B00000648
(1790954205.117647) can0 2A7#00004B0A0000013B
(1790954205.121935) can0 2A1#0100010000000000
(1790954205.122044) can0 2A2#0000E1BE000016BD
(1790954205.122145) can0 2A3#000329D10002A0EA
(1790954205.122270) can0 2A4#000127970002B552
(1790954205.122395) can0 2A5#0000133A0000135D
(1790954205.122517) can0 2A6#FFFFEC9B00000648
(1790954205.122645) can0 2A7#00004B0A0000013B
(1790954205.126955) can0 2A1#0100010000000000
(1790954205.127043) can0 2A2#0000E1BE000016BD
(1790954205.127171) can0 2A3#000329D10002A0EA
(1790954205.127292) can0 2A4#000127970002B552
(1790954205.127417) can0 2A5#0000133A0000135D
(1790954205.127517) can0 2A6#FFFFEC9B00000648
(1790954205.127643) can0 2A7#00004B0A0000013B
(1790954205.131925) can0 2A1#0100010000000000
(1790954205.132042) can0 2A2#0000E1BE000016BD
(1790954205.132141) can0 2A3#000329D10002A0EA
(1790954205.132270) can0 2A4#000127970002B552
(1790954205.132391) can0 2A5#0000133A0000135D
(1790954205.132515) can0 2A6#FFFFEC9B00000648
(1790954205.132640) can0 2A7#00004B0A0000013B
(1790954205.136945) can0 2A1#0100010000000000
(1790954205.137043) can0 2A2#0000E1BE000016BD
(1790954205.137170) can0 2A3#000329D10002A0EA
(1790954205.137267) can0 2A4#000127970002B552
(1790954205.137417) can0 2A5#0000133A0000135D
(1790954205.137517) can0 2A6#FFFFEC9B00000648
(1790954205.137644) can0 2A7#00004B0A0000013B
(1790954205.141924) can0 2A1#0100010000000000
(1790954205.142042) can0 2A2#0000E1BE000016BD
(1790954205.142168) can0 2A3#000329D10002A0EA
(1790954205.142267) can0 2A4#000127970002B552
(1790954205.142394) can0 2A5#0000133A0000135D
(1790954205.142517) can0 2A6#FFFFEC9B00000648
(1790954205.142642) can0 2A7#00004B0A0000013B
(1790954205.146925) can0 2A1#0100010000000000
(1790954205.147042) can0 2A2#0000E1BE000016BD
(1790954205.147167) can0 2A3#000329D10002A0EA
(1790954205.147292) can0 2A4#000127970002B552
(1790954205.147416) can0 2A5#0000133A0000135D
(1790954205.147517) can0 2A6#FFFFEC9B00000648
(1790954205.147642) can0 2A7#00004B0A0000013B
(1790954205.151925) can0 2A1#0100010000000000
(1790954205.152042) can0 2A2#0000E1BE000016BD
(1790954205.152145) can0 2A3#000329D10002A0EA
(1790954205.152267) can0 2A4#000127970002B552
(1790954205.152392) can0 2A5#0000133A0000135D
(1790954205.152517) can0 2A6#FFFFEC9B00000648
(1790954205.152642) can0 2A7#00004B0A0000013B
(1790954205.156944) can0 2A1#0100010000000000
(1790954205.157042) can0 2A2#0000E1BE000016BD
(1790954205.157171) can0 2A3#000329D10002A0EA
(1790954205.157295) can0 2A4#000127970002B552
(1790954205.157417) can0 2A5#0000133A0000135D
(1790954205.157517) can0 2A6#FFFFEC9B00000648
(1790954205.157644) can0 2A7#00004B0A0000013B
(1790954205.161919) can0 2A1#0100010000000000
(1790954205.162042) can0 2A2#0000E1BE000016BD
(1790954205.162167) can0 2A3#000329D10002A0EA
(1790954205.162270) can0 2A4#000127970002B552
(1790954205.162392) can0 2A5#0000133A0000135D
(1790954205.162517) can0 2A6#FFFFEC9B00000648
(1790954205.162617) can0 2A7#00004B0A0000013B
(1790954205.166933) can0 2A1#0100010000000000
(1790954205.167046) can0 2A2#0000E1BE000016BD
(1790954205.167168) can0 2A3#000329D10002A0EA
(1790954205.167295) can0 2A4#000127970002B552
(1790954205.167395) can0 2A5#0000133A0000135D
(1790954205.167517) can0 2A6#FFFFEC9B00000648
(1790954205.167642) can0 2A7#00004B0A0000013B
(1790954205.171926) can0 2A1#0100010000000000
(1790954205.172042) can0 2A2#0000E1BE000016BD
(1790954205.172170) can0 2A3#000329D10002A0EA
(1790954205.172267) can0 2A4#000127970002B552
(1790954205.172392) can0 2A5#0000133A0000135D
(1790954205.172518) can0 2A6#FFFFEC9B00000648
(1790954205.172617) can0 2A7#00004B0A0000013B
(1790954205.176955) can0 2A1#0100010000000000
(1790954205.177092) can0 2A2#0000E1BE000016BD
(1790954205.177193) can0 2A3#000329D10002A0EA
(1790954205.177292) can0 2A4#000127970002B552
(1790954205.177417) can0 2A5#0000133A0000135D
(1790954205.177517) can0 2A6#FFFFEC9B00000648
(1790954205.177642) can0 2A7#00004B0A0000013B
(1790954205.181924) can0 2A1#0100010000000000
(1790954205.182043) can0 2A2#0000E1BE000016BD
(1790954205.182145) can0 2A3#000329D10002A0EA
(1790954205.182267) can0 2A4#000127970002B552
(1790954205.182394) can0 2A5#0000133A0000135D
(1790954205.182519) can0 2A6#FFFFEC9B00000648
(1790954205.182642) can0 2A7#00004B0A0000013B
(1790954205.186948) can0 2A1#0100010000000000
(1790954205.187043) can0 2A2#0000E1BE000016BD
(1790954205.187167) can0 2A3#000329D10002A0EA
(1790954205.187292) can0 2A4#000127970002B552
(1790954205.187392) can0 2A5#0000133A0000135D
(1790954205.187542) can0 2A6#FFFFEC9B00000648
(1790954205.187645) can0 2A7#00004B0A0000013B
(1790954205.191925) can0 2A1#0100010000000000
(1790954205.192042) can0 2A2#0000E1BE000016BD
(1790954205.192168) can0 2A3#000329D10002A0EA
(1790954205.192270) can0 2A4#000127970002B552
(1790954205.192392) can0 2A5#0000133A0000135D
(1790954205.192519) can0 2A6#FFFFEC9B00000648
(1790954205.192617) can0 2A7#00004B0A0000013B
(1790954205.196926) can0 2A1#0100010000000000
(1790954205.197095) can0 2A2#0000E1BE000016BD
(1790954205.197195) can0 2A3#000329D10002A0EA
(1790954205.197292) can0 2A4#000127970002B552
(1790954205.197419) can0 2A5#0000133A0000135D
(1790954205.197517) can0 2A6#FFFFEC9B00000648
(1790954205.197642) can0 2A7#00004B0A0000013B
(1790954205.201926) can0 2A1#0100010000000000
(1790954205.202045) can0 2A2#0000E1BE000016BD
(1790954205.202167) can0 2A3#000329D10002A0EA
(1790954205.202267) can0 2A4#000127970002B552
(1790954205.202392) can0 2A5#0000133A0000135D
(1790954205.202519) can0 2A6#FFFFEC9B00000648
(1790954205.202617) can0 2A7#00004B0A0000013B
(1790954205.206927) can0 2A1#0100010000000000
(1790954205.207042) can0 2A2#0000E1BE000016BD
(1790954205.207169) can0 2A3#000329D10002A0EA
(1790954205.207292) can0 2A4#000127970002B552
(1790954205.207392) can0 2A5#0000133A0000135D
(1790954205.207517) can0 2A6#FFFFEC9B00000648
(1790954205.207641) can0 2A7#00004B0A0000013B
(1790954205.211927) can0 2A1#0100010000000000
(1790954205.212046) can0 2A2#0000E1BE000016BD
(1790954205.212170) can0 2A3#000329D10002A0EA
(1790954205.212267) can0 2A4#000127970002B552
(1790954205.212392) can0 2A5#0000133A0000135D
(1790954205.212517) can0 2A6#FFFFEC9B00000648
(1790954205.212619) can0 2A7#00004B0A0000013B
(1790954205.216918) can0 2A1#0100010000000000
(1790954205.217045) can0 2A2#0000E1BE000016BD
(1790954205.217167) can0 2A3#000329D10002A0EA
(1790954205.217292) can0 2A4#000127970002B552
(1790954205.217392) can0 2A5#0000133A0000135D
(1790954205.217518) can0 2A6#FFFFEC9B00000648
(1790954205.217643) can0 2A7#00004B0A0000013B
(1790954205.221921) can0 2A1#0100010000000000
(1790954205.222047) can0 2A2#0000E1BE000016BD
(1790954205.222167) can0 2A3#000329D10002A0EA
(1790954205.222267) can0 2A4#000127970002B552
(1790954205.222393) can0 2A5#0000133A0000135D
(1790954205.222518) can0 2A6#FFFFEC9B00000648
(1790954205.222642) can0 2A7#00004B0A0000013B
(1790954205.226923) can0 2A1#0100010000000000
(1790954205.227044) can0 2A2#0000E1BE000016BD
(1790954205.227166) can0 2A3#000329D10002A0EA
(1790954205.227292) can0 2A4#000127970002B552
(1790954205.227417) can0 2A5#0000133A0000135D
(1790954205.227517) can0 2A6#FFFFEC9B00000648
(1790954205.227642) can0 2A7#00004B0A0000013B
(1790954205.231925) can0 2A1#0100010000000000
(1790954205.232043) can0 2A2#0000E1BE000016BD
(1790954205.232143) can0 2A3#000329D10002A0EA
(1790954205.232266) can0 2A4#000127970002B552
(1790954205.232393) can0 2A5#0000133A0000135D
(1790954205.232518) can0 2A6#FFFFEC9B00000648
(1790954205.232642) can0 2A7#00004B0A0000013B
(1790954205.236946) can0 2A1#0100010000000000
(1790954205.237046) can0 2A2#0000E1BE000016BD
(1790954205.237168) can0 2A3#000329D10002A0EA
(1790954205.237292) can0 2A4#000127970002B552
(1790954205.237418) can0 2A5#0000133A0000135D
(1790954205.237517) can0 2A6#FFFFEC9B00000648
(1790954205.237643) can0 2A7#00004B0A0000013B
(1790954205.241921) can0 2A1#0100010000000000
(1790954205.242041) can0 2A2#0000E1BE000016BD
(1790954205.242168) can0 2A3#000329D10002A0EA
(1790954205.242267) can0 2A4#000127970002B552
(1790954205.242393) can0 2A5#0000133A0000135D
(1790954205.242518) can0 2A6#FFFFEC9B00000648
(1790954205.242617) can0 2A7#00004B0A0000013B
(1790954205.246925) can0 2A1#0100010000000000
(1790954205.247041) can0 2A2#0000E1BE000016BD
(1790954205.247168) can0 2A3#000329D10002A0EA
(1790954205.247291) can0 2A4#000127970002B552
(1790954205.247393) can0 2A5#0000133A0000135D
(1790954205.247518) can0 2A6#FFFFEC9B00000648
(1790954205.247643) can0 2A7#00004B0A0000013B
(1790954205.251927) can0 2A1#0100010000000000
(1790954205.252046) can0 2A2#0000E1BE000016BD
(1790954205.252168) can0 2A3#000329D10002A0EA
(1790954205.252267) can0 2A4#000127970002B552
(1790954205.252393) can0 2A5#0000133A0000135D
(1790954205.252518) can0 2A6#FFFFEC9B00000648
(1790954205.252643) can0 2A7#00004B0A0000013B
(1790954205.256944) can0 2A1#0100010000000000
(1790954205.257093) can0 2A2#0000E1BE000016BD
(1790954205.257193) can0 2A3#000329D10002A0EA
(1790954205.257294) can0 2A4#000127970002B552
(1790954205.257394) can0 2A5#0000133A0000135D
(1790954205.257517) can0 2A6#FFFFEC9B00000648
(1790954205.257643) can0 2A7#00004B0A0000013B
(1790954205.261920) can0 2A1#0100010000000000
(1790954205.262018) can0 2A2#0000E1BE000016BD
(1790954205.262170) can0 2A3#000329D10002A0EA
(1790954205.262267) can0 2A4#000127970002B552
(1790954205.262392) can0 2A5#0000133A0000135D
(1790954205.262518) can0 2A6#FFFFEC9B00000648
(1790954205.262617) can0 2A7#00004B0A0000013B
(1790954205.266951) can0 2A1#0100010000000000
(1790954205.267090) can0 2A2#0000E1BE000016BD
(1790954205.267194) can0 2A3#000329D10002A0EA
(1790954205.267293) can0 2A4#000127970002B552
(1790954205.267419) can0 2A5#0000133A0000135D
(1790954205.267520) can0 2A6#FFFFEC9B00000648
(1790954205.267644) can0 2A7#00004B0A0000013B
(1790954205.271921) can0 2A1#0100010000000000
(1790954205.272049) can0 2A2#0000E1BE000016BD
(1790954205.272169) can0 2A3#000329D10002A0EA
(1790954205.272271) can0 2A4#000127970002B552
(1790954205.272393) can0 2A5#0000133A0000135D
(1790954205.272519) can0 2A6#FFFFEC9B00000648
(1790954205.272646) can0 2A7#00004B0A0000013B
(1790954205.276920) can0 2A1#0100010000000000
(1790954205.277047) can0 2A2#0000E1BE000016BD
(1790954205.277169) can0 2A3#000329D10002A0EA
(1790954205.277295) can0 2A4#000127970002B552
(1790954205.277419) can0 2A5#0000133A0000135D
(1790954205.277519) can0 2A6#FFFFEC9B00000648
(1790954205.277644) can0 2A7#00004B0A0000013B
(1790954205.281918) can0 2A1#0100010000000000
(1790954205.282041) can0 2A2#0000E1BE000016BD
(1790954205.282143) can0 2A3#000329D10002A0EA
(1790954205.282269) can0 2A4#000127970002B552
(1790954205.282393) can0 2A5#0000133A0000135D
(1790954205.282519) can0 2A6#FFFFEC9B00000648
(1790954205.282644) can0 2A7#00004B0A0000013B
(1790954205.286932) can0 2A1#0100010000000000
(1790954205.287043) can0 2A2#0000E1BE000016BD
(1790954205.287166) can0 2A3#000329D10002A0EA
(1790954205.287291) can0 2A4#000127970002B552
(1790954205.287416) can0 2A5#0000133A0000135D
(1790954205.287516) can0 2A6#FFFFEC9B00000648
(1790954205.287641) can0 2A7#00004B0A0000013B
(1790954205.291929) can0 2A1#0100010000000000
(1790954205.292044) can0 2A2#0000E1BE000016BD
(1790954205.292169) can0 2A3#000329D10002A0EA
(1790954205.292268) can0 2A4#000127970002B552
(1790954205.292393) can0 2A5#0000133A0000135D
(1790954205.292518) can0 2A6#FFFFEC9B00000648
(1790954205.292645) can0 2A7#00004B0A0000013B
(1790954205.296944) can0 2A1#0100010000000000
(1790954205.297093) can0 2A2#0000E1BE000016BD
(1790954205.297193) can0 2A3#000329D10002A0EA
(1790954205.297292) can0 2A4#000127970002B552
(1790954205.297394) can0 2A5#0000133A0000135D
(1790954205.297517) can0 2A6#FFFFEC9B00000648
(1790954205.297643) can0 2A7#00004B0A0000013B
(1790954205.301919) can0 2A1#0100010000000000
(1790954205.302043) can0 2A2#0000E1BE000016BD
(1790954205.302168) can0 2A3#000329D10002A0EA
(1790954205.302267) can0 2A4#000127970002B552
(1790954205.302393) can0 2A5#0000133A0000135D
(1790954205.302518) can0 2A6#FFFFEC9B00000648
(1790954205.302643) can0 2A7#00004B0A0000013B
(1790954205.306948) can0 2A1#0100010000000000
(1790954205.307091) can0 2A2#0000E1BE000016BD
(1790954205.307193) can0 2A3#000329D10002A0EA
(1790954205.307293) can0 2A4#000127970002B552
(1790954205.307393) can0 2A5#0000133A0000135D
(1790954205.307518) can0 2A6#FFFFEC9B00000648
(1790954205.307642) can0 2A7#00004B0A0000013B
(1790954205.311925) can0 2A1#0100010000000000
(1790954205.312041) can0 2A2#0000E1BE000016BD
(1790954205.312143) can0 2A3#000329D10002A0EA
(1790954205.312268) can0 2A4#000127970002B552
(1790954205.312392) can0 2A5#0000133A0000135D
(1790954205.312518) can0 2A6#FFFFEC9B00000648
(1790954205.312643) can0 2A7#00004B0A0000013B
(1790954205.316946) can0 2A1#0100010000000000
(1790954205.317045) can0 2A2#0000E1BE000016BD
(1790954205.317168) can0 2A3#000329D10002A0EA
(1790954205.317292) can0 2A4#000127970002B552
(1790954205.317417) can0 2A5#0000133A0000135D
(1790954205.317541) can0 2A6#FFFFEC9B00000648
(1790954205.317642) can0 2A7#00004B0A0000013B
(1790954205.321918) can0 2A1#0100010000000000
(1790954205.322043) can0 2A2#0000E1BE000016BD
(1790954205.322141) can0 2A3#000329D10002A0EA
(1790954205.322266) can0 2A4#000127970002B552
(1790954205.322392) can0 2A5#0000133A0000135D
(1790954205.322518) can0 2A6#FFFFEC9B00000648
(1790954205.322643) can0 2A7#00004B0A0000013B
(1790954205.326948) can0 2A1#0100010000000000
(1790954205.327092) can0 2A2#0000E1BE000016BD
(1790954205.327166) can0 2A3#000329D10002A0EA
(1790954205.327293) can0 2A4#000127970002B552
(1790954205.327417) can0 2A5#0000133A0000135D
(1790954205.327517) can0 2A6#FFFFEC9B00000648
(1790954205.327642) can0 2A7#00004B0A0000013B
(1790954205.331918) can0 2A1#0100010000000000
(1790954205.332044) can0 2A2#0000E1BE000016BD
(1790954205.332143) can0 2A3#000329D10002A0EA
(1790954205.332293) can0 2A4#000127970002B552
(1790954205.332392) can0 2A5#0000133A0000135D
(1790954205.332519) can0 2A6#FFFFEC9B00000648
(1790954205.332645) can0 2A7#00004B0A0000013B
(1790954205.336950) can0 2A1#0100010000000000
(1790954205.337092) can0 2A2#0000E1BE000016BD
(1790954205.337167) can0 2A3#000329D10002A0EA
(1790954205.337292) can0 2A4#000127970002B552
(1790954205.337417) can0 2A5#0000133A0000135D
(1790954205.337542) can0 2A6#FFFFEC9B00000648
(1790954205.337647) can0 2A7#00004B0A0000013B
(1790954205.341927) can0 2A1#0100010000000000
(1790954205.342049) can0 2A2#0000E1BE000016BD
(1790954205.342170) can0 2A3#000329D10002A0EA
(1790954205.342267) can0 2A4#000127970002B552
(1790954205.342394) can0 2A5#0000133A0000135D
(1790954205.342520) can0 2A6#FFFFEC9B00000648
(1790954205.342617) can0 2A7#00004B0A0000013B
(1790954205.346927) can0 2A1#0100010000000000
(1790954205.347095) can0 2A2#0000E1BE000016BD
(1790954205.347193) can0 2A3#000329D10002A0EA
(1790954205.347292) can0 2A4#000127970002B552
(1790954205.347418) can0 2A5#0000133A0000135D
(1790954205.347520) can0 2A6#FFFFEC9B00000648
(1790954205.347642) can0 2A7#00004B0A0000013B
(1790954205.351917) can0 2A1#0100010000000000
(1790954205.352042) can0 2A2#0000E1BE000016BD
(1790954205.352144) can0 2A3#000329D10002A0EA
(1790954205.352270) can0 2A4#000127970002B552
(1790954205.352395) can0 2A5#0000133A0000135D
(1790954205.352519) can0 2A6#FFFFEC9B00000648
(1790954205.352642) can0 2A7#00004B0A0000013B
(1790954205.356967) can0 2A1#0100010000000000
(1790954205.357047) can0 2A2#0000E1BE000016BD
(1790954205.357168) can0 2A3#000329D10002A0EA
(1790954205.357295) can0 2A4#000127970002B552
(1790954205.357393) can0 2A5#0000133A0000135D
(1790954205.357547) can0 2A6#FFFFEC9B00000648
(1790954205.357642) can0 2A7#00004B0A0000013B
(1790954205.361929) can0 2A1#0100010000000000
(1790954205.362048) can0 2A2#0000E1BE000016BD
(1790954205.362170) can0 2A3#000329D10002A0EA
(1790954205.362267) can0 2A4#000127970002B552
(1790954205.362393) can0 2A5#0000133A0000135D
(1790954205.362521) can0 2A6#FFFFEC9B00000648
(1790954205.362645) can0 2A7#00004B0A0000013B
(1790954205.366934) can0 2A1#0100010000000000
(1790954205.367051) can0 2A2#0000E1BE000016BD
(1790954205.367170) can0 2A3#000329D10002A0EA
(1790954205.367293) can0 2A4#000127970002B552
(1790954205.367418) can0 2A5#0000133A0000135D
(1790954205.367517) can0 2A6#FFFFEC9B00000648
(1790954205.367644) can0 2A7#00004B0A0000013B
(1790954205.371926) can0 2A1#0100010000000000
(1790954205.372041) can0 2A2#0000E1BE000016BD
(1790954205.372169) can0 2A3#000329D10002A0EA
(1790954205.372268) can0 2A4#000127970002B552
(1790954205.372393) can0 2A5#0000133A0000135D
(1790954205.372519) can0 2A6#FFFFEC9B00000648
(1790954205.372643) can0 2A7#00004B0A0000013B
(1790954205.376949) can0 2A1#0100010000000000
(1790954205.377046) can0 2A2#0000E1BE000016BD
(1790954205.377168) can0 2A3#000329D10002A0EA
(1790954205.377293) can0 2A4#000127970002B552
(1790954205.377393) can0 2A5#0000133A0000135D
(1790954205.377544) can0 2A6#FFFFEC9B00000648
(1790954205.377643) can0 2A7#00004B0A0000013B
(1790954205.381924) can0 2A1#0100010000000000
(1790954205.382048) can0 2A2#0000E1BE000016BD
(1790954205.382171) can0 2A3#000329D10002A0EA
(1790954205.382268) can0 2A4#000127970002B552
(1790954205.382395) can0 2A5#0000133A0000135D
(1790954205.382520) can0 2A6#FFFFEC9B00000648
(1790954205.382618) can0 2A7#00004B0A0000013B
(1790954205.386930) can0 2A1#0100010000000000
(1790954205.387046) can0 2A2#0000E1BE000016BD
(1790954205.387171) can0 2A3#000329D10002A0EA
(1790954205.387293) can0 2A4#000127970002B552
(1790954205.387393) can0 2A5#0000133A0000135D
(1790954205.387522) can0 2A6#FFFFEC9B00000648
(1790954205.387645) can0 2A7#00004B0A0000013B
(1790954205.391925) can0 2A1#0100010000000000
(1790954205.392052) can0 2A2#0000E1BE000016BD
(1790954205.392147) can0 2A3#000329D10002A0EA
(1790954205.392296) can0 2A4#000127970002B552
(1790954205.392395) can0 2A5#0000133A0000135D
(1790954205.392521) can0 2A6#FFFFEC9B00000648
(1790954205.392645) can0 2A7#00004B0A0000013B
(1790954205.396949) can0 2A1#0100010000000000
(1790954205.397042) can0 2A2#0000E1BE000016BD
(1790954205.397167) can0 2A3#000329D10002A0EA
(1790954205.397295) can0 2A4#000127970002B552
(1790954205.397416) can0 2A5#0000133A0000135D
(1790954205.397516) can0 2A6#FFFFEC9B00000648
(1790954205.397642) can0 2A7#00004B0A0000013B
(1790954205.401933) can0 2A1#0100010000000000
(1790954205.402046) can0 2A2#0000E1BE000016BD
(1790954205.402143) can0 2A3#000329D10002A0EA
(1790954205.402267) can0 2A4#000127970002B552
(1790954205.402392) can0 2A5#0000133A0000135D
(1790954205.402517) can0 2A6#FFFFEC9B00000648
(1790954205.402643) can0 2A7#00004B0A0000013B
(1790954205.406960) can0 2A1#0100010000000000
(1790954205.407095) can0 2A2#0000E1BE000016BD
(1790954205.407167) can0 2A3#000329D10002A0EA
(1790954205.407294) can0 2A4#000127970002B552
(1790954205.407418) can0 2A5#0000133A0000135D
(1790954205.407517) can0 2A6#FFFFEC9B00000648
(1790954205.407643) can0 2A7#00004B0A0000013B
(1790954205.411942) can0 2A1#0100010000000000
(1790954205.412044) can0 2A2#0000E1BE000016BD
(1790954205.412143) can0 2A3#000329D10002A0EA
(1790954205.412294) can0 2A4#000127970002B552
(1790954205.412392) can0 2A5#0000133A0000135D
(1790954205.412517) can0 2A6#FFFFEC9B00000648
(1790954205.412642) can0 2A7#00004B0A0000013B
(1790954205.416958) can0 2A1#0100010000000000
(1790954205.417043) can0 2A2#0000E1BE000016BD
(1790954205.417168) can0 2A3#000329D10002A0EA
(1790954205.417292) can0 2A4#000127970002B552
(1790954205.417417) can0 2A5#0000133A0000135D
(1790954205.417517) can0 2A6#FFFFEC9B00000648
(1790954205.417642) can0 2A7#00004B0A0000013B
(1790954205.421931) can0 2A1#0100010000000000
(1790954205.422043) can0 2A2#0000E1BE000016BD
(1790954205.422167) can0 2A3#000329D10002A0EA
(1790954205.422267) can0 2A4#000127970002B552
(1790954205.422392) can0 2A5#0000133A0000135D
(1790954205.422518) can0 2A6#FFFFEC9B00000648
(1790954205.422643) can0 2A7#00004B0A0000013B
(1790954205.426931) can0 2A1#0100010000000000
(1790954205.427042) can0 2A2#0000E1BE000016BD
(1790954205.427168) can0 2A3#000329D10002A0EA
(1790954205.427292) can0 2A4#000127970002B552
(1790954205.427417) can0 2A5#0000133A0000135D
(1790954205.427518) can0 2A6#FFFFEC9B00000648
(1790954205.427642) can0 2A7#00004B0A0000013B
(1790954205.431933) can0 2A1#0100010000000000
(1790954205.432042) can0 2A2#0000E1BE000016BD
(1790954205.432167) can0 2A3#000329D10002A0EA
(1790954205.432267) can0 2A4#000127970002B552
(1790954205.432391) can0 2A5#0000133A0000135D
(1790954205.432517) can0 2A6#FFFFEC9B00000648
(1790954205.432642) can0 2A7#00004B0A0000013B
(1790954205.436952) can0 2A1#0100010000000000
(1790954205.437093) can0 2A2#0000E1BE000016BD
(1790954205.437192) can0 2A3#000329D10002A0EA
(1790954205.437292) can0 2A4#000127970002B552
(1790954205.437392) can0 2A5#0000133A0000135D
(1790954205.437517) can0 2A6#FFFFEC9B00000648
(1790954205.437642) can0 2A7#00004B0A0000013B
(1790954205.441927) can0 2A1#0100010000000000
(1790954205.442043) can0 2A2#0000E1BE000016BD
(1790954205.442143) can0 2A3#000329D10002A0EA
(1790954205.442292) can0 2A4#000127970002B552
(1790954205.442392) can0 2A5#0000133A0000135D
(1790954205.442516) can0 2A6#FFFFEC9B00000648
(1790954205.442642) can0 2A7#00004B0A0000013B
(1790954205.446927) can0 2A1#0100010000000000
(1790954205.447043) can0 2A2#0000E1BE000016BD
(1790954205.447169) can0 2A3#000329D10002A0EA
(1790954205.447293) can0 2A4#000127970002B552
(1790954205.447417) can0 2A5#0000133A0000135D
(1790954205.447517) can0 2A6#FFFFEC9B00000648
(1790954205.447642) can0 2A7#00004B0A0000013B
(1790954205.451926) can0 2A1#0100010000000000
(1790954205.452044) can0 2A2#0000E1BE000016BD
(1790954205.452169) can0 2A3#000329D10002A0EA
(1790954205.452292) can0 2A4#000127970002B552
(1790954205.452392) can0 2A5#0000133A0000135D
(1790954205.452517) can0 2A6#FFFFEC9B00000648
(1790954205.452643) can0 2A7#00004B0A0000013B
(1790954205.456963) can0 2A1#0100010000000000
(1790954205.457043) can0 2A2#0000E1BE000016BD
(1790954205.457168) can0 2A3#000329D10002A0EA
(1790954205.457292) can0 2A4#000127970002B552
(1790954205.457418) can0 2A5#0000133A0000135D
(1790954205.457519) can0 2A6#FFFFEC9B00000648
(1790954205.457643) can0 2A7#00004B0A0000013B
(1790954205.461933) can0 2A1#0100010000000000
(1790954205.462043) can0 2A2#0000E1BE000016BD
(1790954205.462142) can0 2A3#000329D10002A0EA
(1790954205.462266) can0 2A4#000127970002B552
(1790954205.462392) can0 2A5#0000133A0000135D
(1790954205.462517) can0 2A6#FFFFEC9B00000648
(1790954205.462644) can0 2A7#00004B0A0000013B
(1790954205.466966) can0 2A1#0100010000000000
(1790954205.467095) can0 2A2#0000E1BE000016BD
(1790954205.467193) can0 2A3#000329D10002A0EA
(1790954205.467292) can0 2A4#000127970002B552
(1790954205.467417) can0 2A5#0000133A0000135D
(1790954205.467517) can0 2A6#FFFFEC9B00000648
(1790954205.467642) can0 2A7#00004B0A0000013B
(1790954205.471931) can0 2A1#0100010000000000
(1790954205.472042) can0 2A2#0000E1BE000016BD
(1790954205.472167) can0 2A3#000329D10002A0EA
(1790954205.472268) can0 2A4#000127970002B552
(1790954205.472393) can0 2A5#0000133A0000135D
(1790954205.472518) can0 2A6#FFFFEC9B00000648
(1790954205.472617) can0 2A7#00004B0A0000013B
(1790954205.476931) can0 2A1#0100010000000000
(1790954205.477099) can0 2A2#0000E1BE000016BD
(1790954205.477192) can0 2A3#000329D10002A0EA
(1790954205.477293) can0 2A4#000127970002B552
(1790954205.477417) can0 2A5#0000133A0000135D
(1790954205.477517) can0 2A6#FFFFEC9B00000648
(1790954205.477642) can0 2A7#00004B0A0000013B
(1790954205.481928) can0 2A1#0100010000000000
(1790954205.482044) can0 2A2#0000E1BE000016BD
(1790954205.482167) can0 2A3#000329D10002A0EA
(1790954205.482267) can0 2A4#000127970002B552
(1790954205.482392) can0 2A5#0000133A0000135D
(1790954205.482517) can0 2A6#FFFFEC9B00000648
(1790954205.482617) can0 2A7#00004B0A0000013B
(1790954205.486928) can0 2A1#0100010000000000
(1790954205.487043) can0 2A2#0000E1BE000016BD
(1790954205.487167) can0 2A3#000329D10002A0EA
(1790954205.487292) can0 2A4#000127970002B552
(1790954205.487392) can0 2A5#0000133A0000135D
(1790954205.487519) can0 2A6#FFFFEC9B00000648
(1790954205.487642) can0 2A7#00004B0A0000013B
(1790954205.491936) can0 2A1#0100010000000000
(1790954205.492045) can0 2A2#0000E1BE000016BD
(1790954205.492168) can0 2A3#000329D10002A0EA
(1790954205.492267) can0 2A4#000127970002B552
(1790954205.492392) can0 2A5#0000133A0000135D
(1790954205.492517) can0 2A6#FFFFEC9B00000648
(1790954205.492618) can0 2A7#00004B0A0000013B
(1790954205.496980) can0 2A1#0100010000000000
(1790954205.497097) can0 2A2#0000E1BE000016BD
(1790954205.497193) can0 2A3#000329D10002A0EA
(1790954205.497293) can0 2A4#000127970002B552
(1790954205.497416) can0 2A5#0000133A0000135D
(1790954205.497518) can0 2A6#FFFFEC9B00000648
(1790954205.497646) can0 2A7#00004B0A0000013B
(1790954205.501931) can0 2A1#0100010000000000
(1790954205.502045) can0 2A2#0000E1BE000016BD
(1790954205.502143) can0 2A3#000329D10002A0EA
(1790954205.502268) can0 2A4#000127970002B552
(1790954205.502394) can0 2A5#0000133A0000135D
(1790954205.502519) can0 2A6#FFFFEC9B00000648
(1790954205.502643) can0 2A7#00004B0A0000013B
(1790954205.507027) can0 2A1#0100010000000000
(1790954205.507052) can0 2A2#0000E1BE000016BD
(1790954205.507248) can0 2A3#000329D10002A0EA
(1790954205.507444) can0 2A4#000127970002B552
(1790954205.507450) can0 2A5#0000133A0000135D
(1790954205.507657) can0 2A6#FFFFEC9B00000648
(1790954205.507662) can0 2A7#00004B0A0000013B
(1790954205.512017) can0 2A1#0100010000000000
(1790954205.512050) can0 2A2#0000E1BE000016BD
(1790954205.512213) can0 2A3#000329D10002A0EA
(1790954205.512405) can0 2A4#000127970002B552
(1790954205.512412) can0 2A5#0000133A0000135D
(1790954205.512657) can0 2A6#FFFFEC9B00000648
(1790954205.512662) can0 2A7#00004B0A0000013B
(1790954205.517061) can0 2A1#0100010000000000
(1790954205.517072) can0 2A2#0000E1BE000016BD
(1790954205.517170) can0 2A3#000329D10002A0EA
(1790954205.517341) can0 2A4#000127970002B552
(1790954205.517525) can0 2A5#0000133A0000135D
(1790954205.517531) can0 2A6#FFFFEC9B00000648
(1790954205.517645) can0 2A7#00004B0A0000013B
(1790954205.521924) can0 2A1#0100010000000000
(1790954205.522044) can0 2A2#0000E1BE000016BD
(1790954205.522169) can0 2A3#000329D10002A0EA
(1790954205.522267) can0 2A4#000127970002B552
(1790954205.522393) can0 2A5#0000133A0000135D
(1790954205.522520) can0 2A6#FFFFEC9B00000648
(1790954205.522645) can0 2A7#00004B0A0000013B
(1790954205.527033) can0 2A1#0100010000000000
(1790954205.527180) can0 2A2#0000E1BE000016BD
(1790954205.527185) can0 2A3#000329D10002A0EA
(1790954205.527354) can0 2A4#000127970002B552
(1790954205.527472) can0 2A5#0000133A0000135D
(1790954205.527657) can0 2A6#FFFFEC9B00000648
(1790954205.527662) can0 2A7#00004B0A0000013B
(1790954205.532062) can0 2A1#0100010000000000
(1790954205.532072) can0 2A2#0000E1BE000016BD
(1790954205.532345) can0 2A3#000329D10002A0EA
(1790954205.532357) can0 2A4#000127970002B552
(1790954205.532395) can0 2A5#0000133A0000135D
(1790954205.532601) can0 2A6#FFFFEC9B00000648
(1790954205.532645) can0 2A7#00004B0A0000013B
(1790954205.536959) can0 2A1#0100010000000000
(1790954205.537043) can0 2A2#0000E1BE000016BD
(1790954205.537168) can0 2A3#000329D10002A0EA
(1790954205.537267) can0 2A4#000127970002B552
(1790954205.537417) can0 2A5#0000133A0000135D
(1790954205.537518) can0 2A6#FFFFEC9B00000648
(1790954205.537642) can0 2A7#00004B0A0000013B
(1790954205.541930) can0 2A1#0100010000000000
(1790954205.542043) can0 2A2#0000E1BE000016BD
(1790954205.542166) can0 2A3#000329D10002A0EA
(1790954205.542267) can0 2A4#000127970002B552
(1790954205.542392) can0 2A5#0000133A0000135D
(1790954205.542516) can0 2A6#FFFFEC9B00000648
(1790954205.542643) can0 2A7#00004B0A0000013B
(1790954205.546925) can0 2A1#0100010000000000
(1790954205.547044) can0 2A2#0000E1BE000016BD
(1790954205.547166) can0 2A3#000329D10002A0EA
(1790954205.547292) can0 2A4#000127970002B552
(1790954205.547418) can0 2A5#0000133A0000135D
(1790954205.547517) can0 2A6#FFFFEC9B00000648
(1790954205.547641) can0 2A7#00004B0A0000013B
(1790954205.551924) can0 2A1#0100010000000000
(1790954205.552042) can0 2A2#0000E1BE000016BD
(1790954205.552167) can0 2A3#000329D10002A0EA
(1790954205.552267) can0 2A4#000127970002B552
(1790954205.552391) can0 2A5#0000133A0000135D
(1790954205.552517) can0 2A6#FFFFEC9B00000648
(1790954205.552643) can0 2A7#00004B0A0000013B
(1790954205.556933) can0 2A1#0100010000000000
(1790954205.557044) can0 2A2#0000E1BE000016BD
(1790954205.557165) can0 2A3#000329D10002A0EA
(1790954205.557291) can0 2A4#000127970002B552
(1790954205.557415) can0 2A5#0000133A0000135D
(1790954205.557515) can0 2A6#FFFFEC9B00000648
(1790954205.557640) can0 2A7#00004B0A0000013B
(1790954205.561926) can0 2A1#0100010000000000
(1790954205.562043) can0 2A2#0000E1BE000016BD
(1790954205.562144) can0 2A3#000329D10002A0EA
(1790954205.562268) can0 2A4#000127970002B552
(1790954205.562391) can0 2A5#0000133A0000135D
(1790954205.562517) can0 2A6#FFFFEC9B00000648
(1790954205.562640) can0 2A7#00004B0A0000013B
(1790954205.566953) can0 2A1#0100010000000000
(1790954205.567044) can0 2A2#0000E1BE000016BD
(1790954205.567168) can0 2A3#000329D10002A0EA
(1790954205.567292) can0 2A4#000127970002B552
(1790954205.567416) can0 2A5#0000133A0000135D
(1790954205.567515) can0 2A6#FFFFEC9B00000648
(1790954205.567639) can0 2A7#00004B0A0000013B
(1790954205.572123) can0 2A1#0100010000000000
(1790954205.572130) can0 2A2#0000E1BE000016BD
(1790954205.572168) can0 2A3#000329D10002A0EA
(1790954205.572267) can0 2A4#000127970002B552
(1790954205.572393) can0 2A5#0000133A0000135D
(1790954205.572517) can0 2A6#FFFFEC9B00000648
(1790954205.572643) can0 2A7#00004B0A0000013B
(1790954205.577047) can0 2A1#0100010000000000
(1790954205.577095) can0 2A2#0000E1BE000016BD
(1790954205.577168) can0 2A3#000329D10002A0EA
(1790954205.577294) can0 2A4#000127970002B552
(1790954205.577394) can0 2A5#0000133A0000135D
(1790954205.577519) can0 2A6#FFFFEC9B00000648
(1790954205.577644) can0 2A7#00004B0A0000013B
(1790954205.582019) can0 2A1#0100010000000000
(1790954205.582041) can0 2A2#0000E1BE000016BD
(1790954205.582168) can0 2A3#000329D10002A0EA
(1790954205.582269) can0 2A4#000127970002B552
(1790954205.582393) can0 2A5#0000133A0000135D
(1790954205.582518) can0 2A6#FFFFEC9B00000648
(1790954205.582643) can0 2A7#00004B0A0000013B
(1790954205.587017) can0 2A1#0100010000000000
(1790954205.587228) can0 2A2#0000E1BE000016BD
(1790954205.587235) can0 2A3#000329D10002A0EA
(1790954205.587385) can0 2A4#000127970002B552
(1790954205.587417) can0 2A5#0000133A0000135D
(1790954205.587655) can0 2A6#FFFFEC9B00000648
(1790954205.587661) can0 2A7#00004B0A0000013B
(1790954205.591998) can0 2A1#0100010000000000
(1790954205.592186) can0 2A2#0000E1BE000016BD
(1790954205.592191) can0 2A3#000329D10002A0EA
(1790954205.592408) can0 2A4#000127970002B552
(1790954205.592413) can0 2A5#0000133A0000135D
(1790954205.592565) can0 2A6#FFFFEC9B00000648
(1790954205.592644) can0 2A7#00004B0A0000013B
(1790954205.597013) can0 2A1#0100010000000000
(1790954205.597044) can0 2A2#0000E1BE000016BD
(1790954205.597261) can0 2A3#000329D10002A0EA
(1790954205.597395) can0 2A4#000127970002B552
(1790954205.597419) can0 2A5#0000133A0000135D
(1790954205.597629) can0 2A6#FFFFEC9B00000648
(1790954205.597643) can0 2A7#00004B0A0000013B
(1790954205.601932) can0 2A1#0100010000000000
(1790954205.602042) can0 2A2#0000E1BE000016BD
(1790954205.602166) can0 2A3#000329D10002A0EA
(1790954205.602290) can0 2A4#000127970002B552
(1790954205.602389) can0 2A5#0000133A0000135D
(1790954205.602516) can0 2A6#FFFFEC9B00000648
(1790954205.602644) can0 2A7#00004B0A0000013B
(1790954205.607050) can0 2A1#0100010000000000
(1790954205.607057) can0 2A2#0000E1BE000016BD
(1790954205.607170) can0 2A3#000329D10002A0EA
(1790954205.607268) can0 2A4#000127970002B552
(1790954205.607419) can0 2A5#0000133A0000135D
(1790954205.607544) can0 2A6#FFFFEC9B00000648
(1790954205.607643) can0 2A7#00004B0A0000013B
(1790954205.611927) can0 2A1#0100010000000000
(1790954205.612044) can0 2A2#0000E1BE000016BD
(1790954205.612142) can0 2A3#000329D10002A0EA
(1790954205.612293) can0 2A4#000127970002B552
(1790954205.612393) can0 2A5#0000133A0000135D
(1790954205.612518) can0 2A6#FFFFEC9B00000648
(1790954205.612644) can0 2A7#00004B0A0000013B
(1790954205.617111) can0 2A1#0100010000000000
(1790954205.617124) can0 2A2#0000E1BE000016BD
(1790954205.617273) can0 2A3#000329D10002A0EA
(1790954205.617296) can0 2A4#000127970002B552
(1790954205.617418) can0 2A5#0000133A0000135D
(1790954205.617518) can0 2A6#FFFFEC9B00000648
(1790954205.617643) can0 2A7#00004B0A0000013B
(1790954205.621927) can0 2A1#0100010000000000
(1790954205.622046) can0 2A2#0000E1BE000016BD
(1790954205.622170) can0 2A3#000329D10002A0EA
(1790954205.622270) can0 2A4#000127970002B552
(1790954205.622394) can0 2A5#0000133A0000135D
(1790954205.622522) can0 2A6#FFFFEC9B00000648
(1790954205.622646) can0 2A7#00004B0A0000013B
(1790954205.627079) can0 2A1#0100010000000000
(1790954205.627099) can0 2A2#0000E1BE000016BD
(1790954205.627171) can0 2A3#000329D10002A0EA
(1790954205.627356) can0 2A4#000127970002B552
(1790954205.627504) can0 2A5#0000133A0000135D
(1790954205.627546) can0 2A6#FFFFEC9B00000648
(1790954205.627726) can0 2A7#00004B0A0000013B
(1790954205.632062) can0 2A1#0100010000000000
(1790954205.632077) can0 2A2#0000E1BE000016BD
(1790954205.632149) can0 2A3#000329D10002A0EA
(1790954205.632345) can0 2A4#000127970002B552
(1790954205.632393) can0 2A5#0000133A0000135D
(1790954205.632577) can0 2A6#FFFFEC9B00000648
(1790954205.632648) can0 2A7#00004B0A0000013B
(1790954205.636967) can0 2A1#0100010000000000
(1790954205.637043) can0 2A2#0000E1BE000016BD
(1790954205.637167) can0 2A3#000329D10002A0EA
(1790954205.637293) can0 2A4#000127970002B552
(1790954205.637418) can0 2A5#0000133A0000135D
(1790954205.637544) can0 2A6#FFFFEC9B00000648
(1790954205.637644) can0 2A7#00004B0A0000013B
(1790954205.642022) can0 2A1#0100010000000000
(1790954205.642042) can0 2A2#0000E1BE000016BD
(1790954205.642190) can0 2A3#000329D10002A0EA
(1790954205.642334) can0 2A4#000127970002B552
(1790954205.642436) can0 2A5#0000133A0000135D
(1790954205.642572) can0 2A6#FFFFEC9B00000648
(1790954205.642692) can0 2A7#00004B0A0000013B
(1790954205.646956) can0 2A1#0100010000000000
(1790954205.647137) can0 2A2#0000E1BE000016BD
(1790954205.647169) can0 2A3#000329D10002A0EA
(1790954205.647390) can0 2A4#000127970002B552
(1790954205.647417) can0 2A5#0000133A0000135D
(1790954205.647521) can0 2A6#FFFFEC9B00000648
(1790954205.647644) can0 2A7#00004B0A0000013B
(1790954205.651936) can0 2A1#0100010000000000
(1790954205.652046) can0 2A2#0000E1BE000016BD
(1790954205.652145) can0 2A3#000329D10002A0EA
(1790954205.652269) can0 2A4#000127970002B552
(1790954205.652395) can0 2A5#0000133A0000135D
(1790954205.652519) can0 2A6#FFFFEC9B00000648
(1790954205.652644) can0 2A7#00004B0A0000013B
(1790954205.656965) can0 2A1#0100010000000000
(1790954205.657042) can0 2A2#0000E1BE000016BD
(1790954205.657166) can0 2A3#000329D10002A0EA
(1790954205.657293) can0 2A4#000127970002B552
(1790954205.657417) can0 2A5#0000133A0000135D
(1790954205.657516) can0 2A6#FFFFEC9B00000648
(1790954205.657643) can0 2A7#00004B0A0000013B
(1790954205.662056) can0 2A1#0100010000000000
(1790954205.662065) can0 2A2#0000E1BE000016BD
(1790954205.662278) can0 2A3#000329D10002A0EA
(1790954205.662282) can0 2A4#000127970002B552
(1790954205.662395) can0 2A5#0000133A0000135D
(1790954205.662520) can0 2A6#FFFFEC9B00000648
(1790954205.662645) can0 2A7#00004B0A0000013B
(1790954205.667112) can0 2A1#0100010000000000
(1790954205.667126) can0 2A2#0000E1BE000016BD
(1790954205.667168) can0 2A3#000329D10002A0EA
(1790954205.667346) can0 2A4#000127970002B552
(1790954205.667536) can0 2A5#0000133A0000135D
(1790954205.667544) can0 2A6#FFFFEC9B00000648
(1790954205.667730) can0 2A7#00004B0A0000013B
(1790954205.671933) can0 2A1#0100010000000000
(1790954205.672047) can0 2A2#0000E1BE000016BD
(1790954205.672171) can0 2A3#000329D10002A0EA
(1790954205.672269) can0 2A4#000127970002B552
(1790954205.672394) can0 2A5#0000133A0000135D
(1790954205.672520) can0 2A6#FFFFEC9B00000648
(1790954205.672644) can0 2A7#00004B0A0000013B
(1790954205.677085) can0 2A1#0100010000000000
(1790954205.677096) can0 2A2#0000E1BE000016BD
(1790954205.677252) can0 2A3#000329D10002A0EA
(1790954205.677399) can0 2A4#000127970002B552
(1790954205.677424) can0 2A5#0000133A0000135D
(1790954205.677598) can0 2A6#FFFFEC9B00000648
(1790954205.677712) can0 2A7#00004B0A0000013B
(1790954205.682078) can0 2A1#0100010000000000
(1790954205.682099) can0 2A2#0000E1BE000016BD
(1790954205.682146) can0 2A3#000329D10002A0EA
(1790954205.682332) can0 2A4#000127970002B552
(1790954205.682397) can0 2A5#0000133A0000135D
(1790954205.682520) can0 2A6#FFFFEC9B00000648
(1790954205.682645) can0 2A7#00004B0A0000013B
(1790954205.687100) can0 2A1#0100010000000000
(1790954205.687125) can0 2A2#0000E1BE000016BD
(1790954205.687171) can0 2A3#000329D10002A0EA
(1790954205.687296) can0 2A4#000127970002B552
(1790954205.687429) can0 2A5#0000133A0000135D
(1790954205.687547) can0 2A6#FFFFEC9B00000648
(1790954205.687650) can0 2A7#00004B0A0000013B
(1790954205.691997) can0 2A1#0100010000000000
(1790954205.692133) can0 2A2#0000E1BE000016BD
(1790954205.692167) can0 2A3#000329D10002A0EA
(1790954205.692292) can0 2A4#000127970002B552
(1790954205.692392) can0 2A5#0000133A0000135D
(1790954205.692517) can0 2A6#FFFFEC9B00000648
(1790954205.692643) can0 2A7#00004B0A0000013B
(1790954205.696997) can0 2A1#0100010000000000
(1790954205.697043) can0 2A2#0000E1BE000016BD
(1790954205.697167) can0 2A3#000329D10002A0EA
(1790954205.697298) can0 2A4#000127970002B552
(1790954205.697424) can0 2A5#0000133A0000135D
(1790954205.697520) can0 2A6#FFFFEC9B00000648
(1790954205.697649) can0 2A7#00004B0A0000013B
(1790954205.702055) can0 2A1#0100010000000000
(1790954205.702062) can0 2A2#0000E1BE000016BD
(1790954205.702254) can0 2A3#000329D10002A0EA
(1790954205.702401) can0 2A4#000127970002B552
(1790954205.702406) can0 2A5#0000133A0000135D
(1790954205.702572) can0 2A6#FFFFEC9B00000648
(1790954205.702708) can0 2A7#00004B0A0000013B
(1790954205.707047) can0 2A1#0100010000000000
(1790954205.707305) can0 2A2#0000E1BE000016BD
(1790954205.707310) can0 2A3#000329D10002A0EA
(1790954205.707312) can0 2A4#000127970002B552
(1790954205.707478) can0 2A5#0000133A0000135D
(1790954205.707518) can0 2A6#FFFFEC9B00000648
(1790954205.707642) can0 2A7#00004B0A0000013B
(1790954205.711930) can0 2A1#0100010000000000
(1790954205.712046) can0 2A2#0000E1BE000016BD
(1790954205.712169) can0 2A3#000329D10002A0EA
(1790954205.712268) can0 2A4#000127970002B552
(1790954205.712392) can0 2A5#0000133A0000135D
(1790954205.712517) can0 2A6#FFFFEC9B00000648
(1790954205.712642) can0 2A7#00004B0A0000013B
(1790954205.716983) can0 2A1#0100010000000000
(1790954205.717050) can0 2A2#0000E1BE000016BD
(1790954205.717171) can0 2A3#000329D10002A0EA
(1790954205.717296) can0 2A4#000127970002B552
(1790954205.717420) can0 2A5#0000133A0000135D
(1790954205.717545) can0 2A6#FFFFEC9B00000648
(1790954205.717645) can0 2A7#00004B0A0000013B
(1790954205.722006) can0 2A1#0100010000000000
(1790954205.722198) can0 2A2#0000E1BE000016BD
(1790954205.722203) can0 2A3#000329D10002A0EA
(1790954205.722374) can0 2A4#000127970002B552
(1790954205.722400) can0 2A5#0000133A0000135D
(1790954205.722603) can0 2A6#FFFFEC9B00000648
(1790954205.722644) can0 2A7#00004B0A0000013B
(1790954205.727049) can0 2A1#0100010000000000
(1790954205.727201) can0 2A2#0000E1BE000016BD
(1790954205.727206) can0 2A3#000329D10002A0EA
(1790954205.727365) can0 2A4#000127970002B552
(1790954205.727537) can0 2A5#0000133A0000135D
(1790954205.727542) can0 2A6#FFFFEC9B00000648
(1790954205.727700) can0 2A7#00004B0A0000013B
(1790954205.732020) can0 2A1#0100010000000000
(1790954205.732057) can0 2A2#0000E1BE000016BD
(1790954205.732170) can0 2A3#000329D10002A0EA
(1790954205.732271) can0 2A4#000127970002B552
(1790954205.732522) can0 2A5#0000133A0000135D
(1790954205.732533) can0 2A6#FFFFEC9B00000648
(1790954205.732650) can0 2A7#00004B0A0000013B
(1790954205.736958) can0 2A1#0100010000000000
(1790954205.737095) can0 2A2#0000E1BE000016BD
(1790954205.737193) can0 2A3#000329D10002A0EA
(1790954205.737293) can0 2A4#000127970002B552
(1790954205.737418) can0 2A5#0000133A0000135D
(1790954205.737520) can0 2A6#FFFFEC9B00000648
(1790954205.737642) can0 2A7#00004B0A0000013B
(1790954205.742057) can0 2A1#0100010000000000
(1790954205.742069) can0 2A2#0000E1BE000016BD
(1790954205.742302) can0 2A3#000329D10002A0EA
(1790954205.742307) can0 2A4#000127970002B552
(1790954205.742394) can0 2A5#0000133A0000135D
(1790954205.742519) can0 2A6#FFFFEC9B00000648
(1790954205.742646) can0 2A7#00004B0A0000013B
(1790954205.746957) can0 2A1#0100010000000000
(1790954205.747102) can0 2A2#0000E1BE000016BD
(1790954205.747195) can0 2A3#000329D10002A0EA
(1790954205.747293) can0 2A4#000127970002B552
(1790954205.747418) can0 2A5#0000133A0000135D
(1790954205.747518) can0 2A6#FFFFEC9B00000648
(1790954205.747643) can0 2A7#00004B0A0000013B
(1790954205.752055) can0 2A1#0100010000000000
(1790954205.752067) can0 2A2#0000E1BE000016BD
(1790954205.752170) can0 2A3#000329D10002A0EA
(1790954205.752293) can0 2A4#000127970002B552
(1790954205.752393) can0 2A5#0000133A0000135D
(1790954205.752518) can0 2A6#FFFFEC9B00000648
(1790954205.752643) can0 2A7#00004B0A0000013B
(1790954205.757043) can0 2A1#0100010000000000
(1790954205.757056) can0 2A2#0000E1BE000016BD
(1790954205.757170) can0 2A3#000329D10002A0EA
(1790954205.757298) can0 2A4#000127970002B552
(1790954205.757418) can0 2A5#0000133A0000135D
(1790954205.757543) can0 2A6#FFFFEC9B00000648
(1790954205.757643) can0 2A7#00004B0A0000013B
(1790954205.762199) can0 2A1#0100010000000000
(1790954205.762207) can0 2A2#0000E1BE000016BD
(1790954205.762209) can0 2A3#000329D10002A0EA
(1790954205.762268) can0 2A4#000127970002B552
(1790954205.762392) can0 2A5#0000133A0000135D
(1790954205.762517) can0 2A6#FFFFEC9B00000648
(1790954205.762642) can0 2A7#00004B0A0000013B
(1790954205.767066) can0 2A1#0100010000000000
(1790954205.767076) can0 2A2#0000E1BE000016BD
(1790954205.767276) can0 2A3#000329D10002A0EA
(1790954205.767290) can0 2A4#000127970002B552
(1790954205.767474) can0 2A5#0000133A0000135D
(1790954205.767591) can0 2A6#FFFFEC9B00000648
(1790954205.767719) can0 2A7#00004B0A0000013B
(1790954205.772024) can0 2A1#0100010000000000
(1790954205.772042) can0 2A2#0000E1BE000016BD
(1790954205.772224) can0 2A3#000329D10002A0EA
(1790954205.772375) can0 2A4#000127970002B552
(1790954205.772524) can0 2A5#0000133A0000135D
(1790954205.772529) can0 2A6#FFFFEC9B00000648
(1790954205.772644) can0 2A7#00004B0A0000013B
(1790954205.777080) can0 2A1#0100010000000000
(1790954205.777102) can0 2A2#0000E1BE000016BD
(1790954205.777305) can0 2A3#000329D10002A0EA
(1790954205.777311) can0 2A4#000127970002B552
(1790954205.777475) can0 2A5#0000133A0000135D
(1790954205.777622) can0 2A6#FFFFEC9B00000648
(1790954205.777650) can0 2A7#00004B0A0000013B
(1790954205.782070) can0 2A1#0100010000000000
(1790954205.782092) can0 2A2#0000E1BE000016BD
(1790954205.782172) can0 2A3#000329D10002A0EA
(1790954205.782336) can0 2A4#000127970002B552
(1790954205.782405) can0 2A5#0000133A0000135D
(1790954205.782594) can0 2A6#FFFFEC9B00000648
(1790954205.782652) can0 2A7#00004B0A0000013B
(1790954205.787043) can0 2A1#0100010000000000
(1790954205.787058) can0 2A2#0000E1BE000016BD
(1790954205.787170) can0 2A3#000329D10002A0EA
(1790954205.787293) can0 2A4#000127970002B552
(1790954205.787418) can0 2A5#0000133A0000135D
(1790954205.787518) can0 2A6#FFFFEC9B00000648
(1790954205.787643) can0 2A7#00004B0A0000013B
(1790954205.792025) can0 2A1#0100010000000000
(1790954205.792053) can0 2A2#0000E1BE000016BD
(1790954205.792203) can0 2A3#000329D10002A0EA
(1790954205.792269) can0 2A4#000127970002B552
(1790954205.792418) can0 2A5#0000133A0000135D
(1790954205.792518) can0 2A6#FFFFEC9B00000648
(1790954205.792643) can0 2A7#00004B0A0000013B
(1790954205.796988) can0 2A1#0100010000000000
(1790954205.797045) can0 2A2#0000E1BE000016BD
(1790954205.797221) can0 2A3#000329D10002A0EA
(1790954205.797367) can0 2A4#000127970002B552
(1790954205.797420) can0 2A5#0000133A0000135D
(1790954205.797519) can0 2A6#FFFFEC9B00000648
(1790954205.797726) can0 2A7#00004B0A0000013B
(1790954205.802030) can0 2A1#0100010000000000
(1790954205.802064) can0 2A2#0000E1BE000016BD
(1790954205.802282) can0 2A3#000329D10002A0EA
(1790954205.802290) can0 2A4#000127970002B552
(1790954205.802457) can0 2A5#0000133A0000135D
(1790954205.802520) can0 2A6#FFFFEC9B00000648
(1790954205.802619) can0 2A7#00004B0A0000013B
(1790954205.807096) can0 2A1#0100010000000000
(1790954205.807110) can0 2A2#0000E1BE000016BD
(1790954205.807174) can0 2A3#000329D10002A0EA
(1790954205.807363) can0 2A4#000127970002B552
(1790954205.807394) can0 2A5#0000133A0000135D
(1790954205.807589) can0 2A6#FFFFEC9B00000648
(1790954205.807648) can0 2A7#00004B0A0000013B
(1790954205.812050) can0 2A1#0100010000000000
(1790954205.812062) can0 2A2#0000E1BE000016BD
(1790954205.812312) can0 2A3#000329D10002A0EA
(1790954205.812320) can0 2A4#000127970002B552
(1790954205.812531) can0 2A5#0000133A0000135D
(1790954205.812538) can0 2A6#FFFFEC9B00000648
(1790954205.812735) can0 2A7#00004B0A0000013B
(1790954205.817007) can0 2A1#0100010000000000
(1790954205.817182) can0 2A2#0000E1BE000016BD
(1790954205.817190) can0 2A3#000329D10002A0EA
(1790954205.817348) can0 2A4#000127970002B552
(1790954205.817530) can0 2A5#0000133A0000135D
(1790954205.817538) can0 2A6#FFFFEC9B00000648
(1790954205.817726) can0 2A7#00004B0A0000013B
(1790954205.822031) can0 2A1#0100010000000000
(1790954205.822069) can0 2A2#0000E1BE000016BD
(1790954205.822173) can0 2A3#000329D10002A0EA
(1790954205.822295) can0 2A4#000127970002B552
(1790954205.822395) can0 2A5#0000133A0000135D
(1790954205.822520) can0 2A6#FFFFEC9B00000648
(1790954205.822645) can0 2A7#00004B0A0000013B
(1790954205.827069) can0 2A1#0100010000000000
(1790954205.827082) can0 2A2#0000E1BE000016BD
(1790954205.827271) can0 2A3#000329D10002A0EA
(1790954205.827294) can0 2A4#000127970002B552
(1790954205.827467) can0 2A5#0000133A0000135D
(1790954205.827522) can0 2A6#FFFFEC9B00000648
(1790954205.827645) can0 2A7#00004B0A0000013B
(1790954205.831944) can0 2A1#0100010000000000
(1790954205.832050) can0 2A2#0000E1BE000016BD
(1790954205.832147) can0 2A3#000329D10002A0EA
(1790954205.832298) can0 2A4#000127970002B552
(1790954205.832422) can0 2A5#0000133A0000135D
(1790954205.832520) can0 2A6#FFFFEC9B00000648
(1790954205.832647) can0 2A7#00004B0A0000013B
(1790954205.836950) can0 2A1#0100010000000000
(1790954205.837044) can0 2A2#0000E1BE000016BD
(1790954205.837168) can0 2A3#000329D10002A0EA
(1790954205.837293) can0 2A4#000127970002B552
(1790954205.837418) can0 2A5#0000133A0000135D
(1790954205.837543) can0 2A6#FFFFEC9B00000648
(1790954205.837643) can0 2A7#00004B0A0000013B
(1790954205.841925) can0 2A1#0100010000000000
(1790954205.842043) can0 2A2#0000E1BE000016BD
(1790954205.842168) can0 2A3#000329D10002A0EA
(1790954205.842269) can0 2A4#000127970002B552
(1790954205.842393) can0 2A5#0000133A0000135D
(1790954205.842518) can0 2A6#FFFFEC9B00000648
(1790954205.842643) can0 2A7#00004B0A0000013B
(1790954205.846956) can0 2A1#0100010000000000
(1790954205.847098) can0 2A2#0000E1BE000016BD
(1790954205.847169) can0 2A3#000329D10002A0EA
(1790954205.847293) can0 2A4#000127970002B552
(1790954205.847418) can0 2A5#0000133A0000135D
(1790954205.847543) can0 2A6#FFFFEC9B00000648
(1790954205.847643) can0 2A7#00004B0A0000013B
(1790954205.851921) can0 2A1#0100010000000000
(1790954205.852044) can0 2A2#0000E1BE000016BD
(1790954205.852142) can0 2A3#000329D10002A0EA
(1790954205.852267) can0 2A4#000127970002B552
(1790954205.852392) can0 2A5#0000133A0000135D
(1790954205.852517) can0 2A6#FFFFEC9B00000648
(1790954205.852642) can0 2A7#00004B0A0000013B
(1790954205.856946) can0 2A1#0100010000000000
(1790954205.857043) can0 2A2#0000E1BE000016BD
(1790954205.857168) can0 2A3#000329D10002A0EA
(1790954205.857293) can0 2A4#000127970002B552
(1790954205.857418) can0 2A5#0000133A0000135D
(1790954205.857544) can0 2A6#FFFFEC9B00000648
(1790954205.857643) can0 2A7#00004B0A0000013B
(1790954205.861928) can0 2A1#0100010000000000
(1790954205.862049) can0 2A2#0000E1BE000016BD
(1790954205.862172) can0 2A3#000329D10002A0EA
(1790954205.862269) can0 2A4#000127970002B552
(1790954205.862394) can0 2A5#0000133A0000135D
(1790954205.862519) can0 2A6#FFFFEC9B00000648
(1790954205.862646) can0 2A7#00004B0A0000013B
(1790954205.866969) can0 2A1#0100010000000000
(1790954205.867099) can0 2A2#0000E1BE000016BD
(1790954205.867170) can0 2A3#000329D10002A0EA
(1790954205.867297) can0 2A4#000127970002B552
(1790954205.867425) can0 2A5#0000133A0000135D
(1790954205.867522) can0 2A6#FFFFEC9B00000648
(1790954205.867671) can0 2A7#00004B0A0000013B
(1790954205.871919) can0 2A1#0100010000000000
(1790954205.872042) can0 2A2#0000E1BE000016BD
(1790954205.872167) can0 2A3#000329D10002A0EA
(1790954205.872267) can0 2A4#000127970002B552
(1790954205.872392) can0 2A5#0000133A0000135D
(1790954205.872517) can0 2A6#FFFFEC9B00000648
(1790954205.872646) can0 2A7#00004B0A0000013B
(1790954205.876952) can0 2A1#0100010000000000
(1790954205.877095) can0 2A2#0000E1BE000016BD
(1790954205.877169) can0 2A3#000329D10002A0EA
(1790954205.877295) can0 2A4#000127970002B552
(1790954205.877419) can0 2A5#0000133A0000135D
(1790954205.877519) can0 2A6#FFFFEC9B00000648
(1790954205.877644) can0 2A7#00004B0A0000013B
(1790954205.881944) can0 2A1#0100010000000000
(1790954205.882049) can0 2A2#0000E1BE000016BD
(1790954205.882172) can0 2A3#000329D10002A0EA
(1790954205.882295) can0 2A4#000127970002B552
(1790954205.882398) can0 2A5#0000133A0000135D
(1790954205.882521) can0 2A6#FFFFEC9B00000648
(1790954205.882946) can0 2A7#00004B0A0000013B
(1790954205.886953) can0 2A1#0100010000000000
(1790954205.887044) can0 2A2#0000E1BE000016BD
(1790954205.887169) can0 2A3#000329D10002A0EA
(1790954205.887294) can0 2A4#000127970002B552
(1790954205.887419) can0 2A5#0000133A0000135D
(1790954205.887521) can0 2A6#FFFFEC9B00000648
(1790954205.887645) can0 2A7#00004B0A0000013B
(1790954205.891929) can0 2A1#0100010000000000
(1790954205.892048) can0 2A2#0000E1BE000016BD
(1790954205.892145) can0 2A3#000329D10002A0EA
(1790954205.892268) can0 2A4#000127970002B552
(1790954205.892393) can0 2A5#0000133A0000135D
(1790954205.892518) can0 2A6#FFFFEC9B00000648
(1790954205.892643) can0 2A7#00004B0A0000013B
(1790954205.896960) can0 2A1#0100010000000000
(1790954205.897047) can0 2A2#0000E1BE000016BD
(1790954205.897168) can0 2A3#000329D10002A0EA
(1790954205.897293) can0 2A4#000127970002B552
(1790954205.897418) can0 2A5#0000133A0000135D
(1790954205.897544) can0 2A6#FFFFEC9B00000648
(1790954205.897645) can0 2A7#00004B0A0000013B
(1790954205.901951) can0 2A1#0100010000000000
(1790954205.902046) can0 2A2#0000E1BE000016BD
(1790954205.902171) can0 2A3#000329D10002A0EA
(1790954205.902269) can0 2A4#000127970002B552
(1790954205.902395) can0 2A5#0000133A0000135D
(1790954205.902521) can0 2A6#FFFFEC9B00000648
(1790954205.902646) can0 2A7#00004B0A0000013B
(1790954205.906948) can0 2A1#0100010000000000
(1790954205.907043) can0 2A2#0000E1BE000016BD
(1790954205.907169) can0 2A3#000329D10002A0EA
(1790954205.907294) can0 2A4#000127970002B552
(1790954205.907419) can0 2A5#0000133A0000135D
(1790954205.907518) can0 2A6#FFFFEC9B00000648
(1790954205.907643) can0 2A7#00004B0A0000013B
(1790954205.911923) can0 2A1#0100010000000000
(1790954205.912044) can0 2A2#0000E1BE000016BD
(1790954205.912162) can0 2A3#000329D10002A0EA
(1790954205.912271) can0 2A4#000127970002B552
(1790954205.912396) can0 2A5#0000133A0000135D
(1790954205.912522) can0 2A6#FFFFEC9B00000648
(1790954205.912646) can0 2A7#00004B0A0000013B
(1790954205.916970) can0 2A1#0100010000000000
(1790954205.917048) can0 2A2#0000E1BE000016BD
(1790954205.917171) can0 2A3#000329D10002A0EA
(1790954205.917297) can0 2A4#000127970002B552
(1790954205.917421) can0 2A5#0000133A0000135D
(1790954205.917546) can0 2A6#FFFFEC9B00000648
(1790954205.917646) can0 2A7#00004B0A0000013B
(1790954205.921932) can0 2A1#0100010000000000
(1790954205.922045) can0 2A2#0000E1BE000016BD
(1790954205.922144) can0 2A3#000329D10002A0EA
(1790954205.922269) can0 2A4#000127970002B552
(1790954205.922419) can0 2A5#0000133A0000135D
(1790954205.922519) can0 2A6#FFFFEC9B00000648
(1790954205.922645) can0 2A7#00004B0A0000013B
(1790954205.926955) can0 2A1#0100010000000000
(1790954205.927095) can0 2A2#0000E1BE000016BD
(1790954205.927170) can0 2A3#000329D10002A0EA
(1790954205.927294) can0 2A4#000127970002B552
(1790954205.927419) can0 2A5#0000133A0000135D
(1790954205.927544) can0 2A6#FFFFEC9B00000648
(1790954205.927645) can0 2A7#00004B0A0000013B
(1790954205.931951) can0 2A1#0100010000000000
(1790954205.932046) can0 2A2#0000E1BE000016BD
(1790954205.932170) can0 2A3#000329D10002A0EA
(1790954205.932270) can0 2A4#000127970002B552
(1790954205.932394) can0 2A5#0000133A0000135D
(1790954205.932520) can0 2A6#FFFFEC9B00000648
(1790954205.932646) can0 2A7#00004B0A0000013B
(1790954205.936959) can0 2A1#0100010000000000
(1790954205.937099) can0 2A2#0000E1BE000016BD
(1790954205.937170) can0 2A3#000329D10002A0EA
(1790954205.937297) can0 2A4#000127970002B552
(1790954205.937421) can0 2A5#0000133A0000135D
(1790954205.937545) can0 2A6#FFFFEC9B00000648
(1790954205.937671) can0 2A7#00004B0A0000013B
(1790954205.941921) can0 2A1#0100010000000000
(1790954205.942045) can0 2A2#0000E1BE000016BD
(1790954205.942169) can0 2A3#000329D10002A0EA
(1790954205.942295) can0 2A4#000127970002B552
(1790954205.942394) can0 2A5#0000133A0000135D
(1790954205.942519) can0 2A6#FFFFEC9B00000648
(1790954205.942644) can0 2A7#00004B0A0000013B
(1790954205.946932) can0 2A1#0100010000000000
(1790954205.947047) can0 2A2#0000E1BE000016BD
(1790954205.947171) can0 2A3#000329D10002A0EA
(1790954205.947296) can0 2A4#000127970002B552
(1790954205.947421) can0 2A5#0000133A0000135D
(1790954205.947521) can0 2A6#FFFFEC9B00000648
(1790954205.947645) can0 2A7#00004B0A0000013B
(1790954205.951934) can0 2A1#0100010000000000
(1790954205.952045) can0 2A2#0000E1BE000016BD
(1790954205.952170) can0 2A3#000329D10002A0EA
(1790954205.952295) can0 2A4#000127970002B552
(1790954205.952396) can0 2A5#0000133A0000135D
(1790954205.952521) can0 2A6#FFFFEC9B00000648
(1790954205.952647) can0 2A7#00004B0A0000013B
(1790954205.956954) can0 2A1#0100010000000000
(1790954205.957043) can0 2A2#0000E1BE000016BD
(1790954205.957169) can0 2A3#000329D10002A0EA
(1790954205.957294) can0 2A4#000127970002B552
(1790954205.957419) can0 2A5#0000133A0000135D
(1790954205.957545) can0 2A6#FFFFEC9B00000648
(1790954205.957646) can0 2A7#00004B0A0000013B
(1790954205.961927) can0 2A1#0100010000000000
(1790954205.962047) can0 2A2#0000E1BE000016BD
(1790954205.962144) can0 2A3#000329D10002A0EA
(1790954205.962268) can0 2A4#000127970002B552
(1790954205.962420) can0 2A5#0000133A0000135D
(1790954205.962518) can0 2A6#FFFFEC9B00000648
(1790954205.962643) can0 2A7#00004B0A0000013B
(1790954205.966968) can0 2A1#0100010000000000
(1790954205.967046) can0 2A2#0000E1BE000016BD
(1790954205.967171) can0 2A3#000329D10002A0EA
(1790954205.967294) can0 2A4#000127970002B552
(1790954205.967419) can0 2A5#0000133A0000135D
(1790954205.967544) can0 2A6#FFFFEC9B00000648
(1790954205.967644) can0 2A7#00004B0A0000013B
(1790954205.971920) can0 2A1#0100010000000000
(1790954205.972046) can0 2A2#0000E1BE000016BD
(1790954205.972171) can0 2A3#000329D10002A0EA
(1790954205.972273) can0 2A4#000127970002B552
(1790954205.972396) can0 2A5#0000133A0000135D
(1790954205.972522) can0 2A6#FFFFEC9B00000648
(1790954205.972645) can0 2A7#00004B0A0000013B
(1790954205.976948) can0 2A1#0100010000000000
(1790954205.977092) can0 2A2#0000E1BE000016BD
(1790954205.977167) can0 2A3#000329D10002A0EA
(1790954205.977291) can0 2A4#000127970002B552
(1790954205.977416) can0 2A5#0000133A0000135D
(1790954205.977542) can0 2A6#FFFFEC9B00000648
(1790954205.977641) can0 2A7#00004B0A0000013B
(1790954205.981946) can0 2A1#0100010000000000
(1790954205.982051) can0 2A2#0000E1BE000016BD
(1790954205.982172) can0 2A3#000329D10002A0EA
(1790954205.982297) can0 2A4#000127970002B552
(1790954205.982396) can0 2A5#0000133A0000135D
(1790954205.982521) can0 2A6#FFFFEC9B00000648
(1790954205.982649) can0 2A7#00004B0A0000013B
(1790954205.986960) can0 2A1#0100010000000000
(1790954205.987098) can0 2A2#0000E1BE000016BD
(1790954205.987171) can0 2A3#000329D10002A0EA
(1790954205.987296) can0 2A4#000127970002B552
(1790954205.987421) can0 2A5#0000133A0000135D
(1790954205.987522) can0 2A6#FFFFEC9B00000648
(1790954205.987647) can0 2A7#00004B0A0000013B
(1790954205.991925) can0 2A1#0100010000000000
(1790954205.992044) can0 2A2#0000E1BE000016BD
(1790954205.992169) can0 2A3#000329D10002A0EA
(1790954205.992269) can0 2A4#000127970002B552
(1790954205.992394) can0 2A5#0000133A0000135D
(1790954205.992519) can0 2A6#FFFFEC9B00000648
(1790954205.992644) can0 2A7#00004B0A0000013B
(1790954205.996958) can0 2A1#0100010000000000
(1790954205.997098) can0 2A2#0000E1BE000016BD
(1790954205.997170) can0 2A3#000329D10002A0EA
(1790954205.997295) can0 2A4#000127970002B552
(1790954205.997394) can0 2A5#0000133A0000135D
(1790954205.997545) can0 2A6#FFFFEC9B00000648
(1790954205.997672) can0 2A7#00004B0A0000013B
(1790954206.001932) can0 2A1#0100010000000000
(1790954206.002047) can0 2A2#0000E1BE000016BD
(1790954206.002170) can0 2A3#000329D10002A0EA
(1790954206.002270) can0 2A4#000127970002B552
(1790954206.002396) can0 2A5#0000133A0000135D
(1790954206.002520) can0 2A6#FFFFEC9B00000648
(1790954206.002646) can0 2A7#00004B0A0000013B
(1790954206.006970) can0 2A1#0100010000000000
(1790954206.007095) can0 2A2#0000E1BE000016BD
(1790954206.007170) can0 2A3#000329D10002A0EA
(1790954206.007295) can0 2A4#000127970002B552
(1790954206.007420) can0 2A5#0000133A0000135D
(1790954206.007545) can0 2A6#FFFFEC9B00000648
(1790954206.007670) can0 2A7#00004B0A0000013B
(1790954206.011926) can0 2A1#0100010000000000
(1790954206.012046) can0 2A2#0000E1BE000016BD
(1790954206.012170) can0 2A3#000329D10002A0EA
(1790954206.012269) can0 2A4#000127970002B552
(1790954206.012395) can0 2A5#0000133A0000135D
(1790954206.012522) can0 2A6#FFFFEC9B00000648
(1790954206.012645) can0 2A7#00004B0A0000013B
(1790954206.016956) can0 2A1#0100010000000000
(1790954206.017098) can0 2A2#0000E1BE000016BD
(1790954206.017170) can0 2A3#000329D10002A0EA
(1790954206.017295) can0 2A4#000127970002B552
(1790954206.017419) can0 2A5#0000133A0000135D
(1790954206.017519) can0 2A6#FFFFEC9B00000648
(1790954206.017671) can0 2A7#00004B0A0000013B
(1790954206.021934) can0 2A1#0100010000000000
(1790954206.022042) can0 2A2#0000E1BE000016BD
(1790954206.022168) can0 2A3#000329D10002A0EA
(1790954206.022268) can0 2A4#000127970002B552
(1790954206.022393) can0 2A5#0000133A0000135D
(1790954206.022517) can0 2A6#FFFFEC9B00000648
(1790954206.022642) can0 2A7#00004B0A0000013B
(1790954206.026949) can0 2A1#0100010000000000
(1790954206.027093) can0 2A2#0000E1BE000016BD
(1790954206.027168) can0 2A3#000329D10002A0EA
(1790954206.027292) can0 2A4#000127970002B552
(1790954206.027417) can0 2A5#0000133A0000135D
(1790954206.027542) can0 2A6#FFFFEC9B00000648
(1790954206.027667) can0 2A7#00004B0A0000013B
(1790954206.031933) can0 2A1#0100010000000000
(1790954206.032044) can0 2A2#0000E1BE000016BD
(1790954206.032406) can0 2A3#000329D10002A0EA
(1790954206.032409) can0 2A4#000127970002B552
(1790954206.032410) can0 2A5#0000133A0000135D
(1790954206.032520) can0 2A6#FFFFEC9B00000648
(1790954206.032645) can0 2A7#00004B0A0000013B
(1790954206.036928) can0 2A1#0100010000000000
(1790954206.037094) can0 2A2#0000E1BE000016BD
(1790954206.037194) can0 2A3#000329D10002A0EA
(1790954206.037298) can0 2A4#000127970002B552
(1790954206.037419) can0 2A5#0000133A0000135D
(1790954206.037544) can0 2A6#FFFFEC9B00000648
(1790954206.037645) can0 2A7#00004B0A0000013B
(1790954206.041924) can0 2A1#0100010000000000
(1790954206.042044) can0 2A2#0000E1BE000016BD
(1790954206.042169) can0 2A3#000329D10002A0EA
(1790954206.042293) can0 2A4#000127970002B552
(1790954206.042394) can0 2A5#0000133A0000135D
(1790954206.042519) can0 2A6#FFFFEC9B00000648
(1790954206.042644) can0 2A7#00004B0A0000013B
(1790954206.046955) can0 2A1#0100010000000000
(1790954206.047045) can0 2A2#0000E1BE000016BD
(1790954206.047194) can0 2A3#000329D10002A0EA
(1790954206.047293) can0 2A4#000127970002B552
(1790954206.047419) can0 2A5#0000133A0000135D
(1790954206.047544) can0 2A6#FFFFEC9B00000648
(1790954206.047644) can0 2A7#00004B0A0000013B
(1790954206.051922) can0 2A1#0100010000000000
(1790954206.052044) can0 2A2#0000E1BE000016BD
(1790954206.052169) can0 2A3#000329D10002A0EA
(1790954206.052294) can0 2A4#000127970002B552
(1790954206.052419) can0 2A5#0000133A0000135D
(1790954206.052519) can0 2A6#FFFFEC9B00000648
(1790954206.052644) can0 2A7#00004B0A0000013B
(1790954206.056946) can0 2A1#0100010000000000
(1790954206.057046) can0 2A2#0000E1BE000016BD
(1790954206.057173) can0 2A3#000329D10002A0EA
(1790954206.057293) can0 2A4#000127970002B552
(1790954206.057419) can0 2A5#0000133A0000135D
(1790954206.057544) can0 2A6#FFFFEC9B00000648
(1790954206.057643) can0 2A7#00004B0A0000013B
(1790954206.061928) can0 2A1#0100010000000000
(1790954206.062052) can0 2A2#0000E1BE000016BD
(1790954206.062172) can0 2A3#000329D10002A0EA
(1790954206.062294) can0 2A4#000127970002B552
(1790954206.062424) can0 2A5#0000133A0000135D
(1790954206.062522) can0 2A6#FFFFEC9B00000648
(1790954206.062645) can0 2A7#00004B0A0000013B
(1790954206.066978) can0 2A1#0100010000000000
(1790954206.067097) can0 2A2#0000E1BE000016BD
(1790954206.067170) can0 2A3#000329D10002A0EA
(1790954206.067296) can0 2A4#000127970002B552
(1790954206.067423) can0 2A5#0000133A0000135D
(1790954206.067546) can0 2A6#FFFFEC9B00000648
(1790954206.067645) can0 2A7#00004B0A0000013B
(1790954206.071919) can0 2A1#0100010000000000
(1790954206.072046) can0 2A2#0000E1BE000016BD
(1790954206.072169) can0 2A3#000329D10002A0EA
(1790954206.072270) can0 2A4#000127970002B552
(1790954206.072395) can0 2A5#0000133A0000135D
(1790954206.072520) can0 2A6#FFFFEC9B00000648
(1790954206.072645) can0 2A7#00004B0A0000013B
(1790954206.076970) can0 2A1#0100010000000000
(1790954206.077095) can0 2A2#0000E1BE000016BD
(1790954206.077170) can0 2A3#000329D10002A0EA
(1790954206.077322) can0 2A4#000127970002B552
(1790954206.077424) can0 2A5#0000133A0000135D
(1790954206.077522) can0 2A6#FFFFEC9B00000648
(1790954206.077646) can0 2A7#00004B0A0000013B
(1790954206.081933) can0 2A1#0100010000000000
(1790954206.082048) can0 2A2#0000E1BE000016BD
(1790954206.082171) can0 2A3#000329D10002A0EA
(1790954206.082297) can0 2A4#000127970002B552
(1790954206.082421) can0 2A5#0000133A0000135D
(1790954206.082534) can0 2A6#FFFFEC9B00000648
(1790954206.082646) can0 2A7#00004B0A0000013B
(1790954206.086959) can0 2A1#0100010000000000
(1790954206.087095) can0 2A2#0000E1BE000016BD
(1790954206.087170) can0 2A3#000329D10002A0EA
(1790954206.087295) can0 2A4#000127970002B552
(1790954206.087420) can0 2A5#0000133A0000135D
(1790954206.087546) can0 2A6#FFFFEC9B00000648
(1790954206.087648) can0 2A7#00004B0A0000013B
(1790954206.091934) can0 2A1#0100010000000000
(1790954206.092052) can0 2A2#0000E1BE000016BD
(1790954206.092169) can0 2A3#000329D10002A0EA
(1790954206.092295) can0 2A4#000127970002B552
(1790954206.092420) can0 2A5#0000133A0000135D
(1790954206.092520) can0 2A6#FFFFEC9B00000648
(1790954206.092644) can0 2A7#00004B0A0000013B
(1790954206.096952) can0 2A1#0100010000000000
(1790954206.097096) can0 2A2#0000E1BE000016BD
(1790954206.097172) can0 2A3#000329D10002A0EA
(1790954206.097295) can0 2A4#000127970002B552
(1790954206.097420) can0 2A5#0000133A0000135D
(1790954206.097528) can0 2A6#FFFFEC9B00000648
(1790954206.097651) can0 2A7#00004B0A0000013B
(1790954206.101951) can0 2A1#0100010000000000
(1790954206.102046) can0 2A2#0000E1BE000016BD
(1790954206.102170) can0 2A3#000329D10002A0EA
(1790954206.102295) can0 2A4#000127970002B552
(1790954206.102394) can0 2A5#0000133A0000135D
(1790954206.102519) can0 2A6#FFFFEC9B00000648
(1790954206.102644) can0 2A7#00004B0A0000013B
(1790954206.106949) can0 2A1#0100010000000000
(1790954206.107044) can0 2A2#0000E1BE000016BD
(1790954206.107194) can0 2A3#000329D10002A0EA
(1790954206.107294) can0 2A4#000127970002B552
(1790954206.107420) can0 2A5#0000133A0000135D
(1790954206.107545) can0 2A6#FFFFEC9B00000648
(1790954206.107643) can0 2A7#00004B0A0000013B
(1790954206.111926) can0 2A1#0100010000000000
(1790954206.112048) can0 2A2#0000E1BE000016BD
(1790954206.112171) can0 2A3#000329D10002A0EA
(1790954206.112295) can0 2A4#000127970002B552
(1790954206.112420) can0 2A5#0000133A0000135D
(1790954206.112520) can0 2A6#FFFFEC9B00000648
(1790954206.112644) can0 2A7#00004B0A0000013B
(1790954206.116960) can0 2A1#0100010000000000
(1790954206.117101) can0 2A2#0000E1BE000016BD
(1790954206.117172) can0 2A3#000329D10002A0EA
(1790954206.117295) can0 2A4#000127970002B552
(1790954206.117421) can0 2A5#0000133A0000135D
(1790954206.117575) can0 2A6#FFFFEC9B00000648
(1790954206.117646) can0 2A7#00004B0A0000013B
(1790954206.121926) can0 2A1#0100010000000000
(1790954206.122047) can0 2A2#0000E1BE000016BD
(1790954206.122172) can0 2A3#000329D10002A0EA
(1790954206.122271) can0 2A4#000127970002B552
(1790954206.122397) can0 2A5#0000133A0000135D
(1790954206.122522) can0 2A6#FFFFEC9B00000648
(1790954206.122648) can0 2A7#00004B0A0000013B
(1790954206.126968) can0 2A1#0100010000000000
(1790954206.127046) can0 2A2#0000E1BE000016BD
(1790954206.127171) can0 2A3#000329D10002A0EA
(1790954206.127296) can0 2A4#000127970002B552
(1790954206.127420) can0 2A5#0000133A0000135D
(1790954206.127546) can0 2A6#FFFFEC9B00000648
(1790954206.127646) can0 2A7#00004B0A0000013B
(1790954206.131955) can0 2A1#0100010000000000
(1790954206.132045) can0 2A2#0000E1BE000016BD
(1790954206.132170) can0 2A3#000329D10002A0EA
(1790954206.132269) can0 2A4#000127970002B552
(1790954206.132394) can0 2A5#0000133A0000135D
(1790954206.132520) can0 2A6#FFFFEC9B00000648
(1790954206.132644) can0 2A7#00004B0A0000013B
(1790954206.136962) can0 2A1#0100010000000000
(1790954206.137099) can0 2A2#0000E1BE000016BD
(1790954206.137171) can0 2A3#000329D10002A0EA
(1790954206.137297) can0 2A4#000127970002B552
(1790954206.137422) can0 2A5#0000133A0000135D
(1790954206.137547) can0 2A6#FFFFEC9B00000648
(1790954206.137672) can0 2A7#00004B0A0000013B
(1790954206.141930) can0 2A1#0100010000000000
(1790954206.142049) can0 2A2#0000E1BE000016BD
(1790954206.142171) can0 2A3#000329D10002A0EA
(1790954206.142296) can0 2A4#000127970002B552
(1790954206.142420) can0 2A5#0000133A0000135D
(1790954206.142520) can0 2A6#FFFFEC9B00000648
(1790954206.142645) can0 2A7#00004B0A0000013B
(1790954206.146951) can0 2A1#0100010000000000
(1790954206.147045) can0 2A2#0000E1BE000016BD
(1790954206.147168) can0 2A3#000329D10002A0EA
(1790954206.147292) can0 2A4#000127970002B552
(1790954206.147418) can0 2A5#0000133A0000135D
(1790954206.147543) can0 2A6#FFFFEC9B00000648
(1790954206.147643) can0 2A7#00004B0A0000013B
(1790954206.151925) can0 2A1#0100010000000000
(1790954206.152047) can0 2A2#0000E1BE000016BD
(1790954206.152170) can0 2A3#000329D10002A0EA
(1790954206.152296) can0 2A4#000127970002B552
(1790954206.152395) can0 2A5#0000133A0000135D
(1790954206.152520) can0 2A6#FFFFEC9B00000648
(1790954206.152645) can0 2A7#00004B0A0000013B
(1790954206.156984) can0 2A1#0100010000000000
(1790954206.157046) can0 2A2#0000E1BE000016BD
(1790954206.157197) can0 2A3#000329D10002A0EA
(1790954206.157294) can0 2A4#000127970002B552
(1790954206.157419) can0 2A5#0000133A0000135D
(1790954206.157544) can0 2A6#FFFFEC9B00000648
(1790954206.157646) can0 2A7#00004B0A0000013B
(1790954206.161967) can0 2A1#0100010000000000
(1790954206.162045) can0 2A2#0000E1BE000016BD
(1790954206.162174) can0 2A3#000329D10002A0EA
(1790954206.162274) can0 2A4#000127970002B552
(1790954206.162396) can0 2A5#0000133A0000135D
(1790954206.162525) can0 2A6#FFFFEC9B00000648
(1790954206.162646) can0 2A7#00004B0A0000013B
(1790954206.166967) can0 2A1#0100010000000000
(1790954206.167098) can0 2A2#0000E1BE000016BD
(1790954206.167170) can0 2A3#000329D10002A0EA
(1790954206.167297) can0 2A4#000127970002B552
(1790954206.167421) can0 2A5#0000133A0000135D
(1790954206.167546) can0 2A6#FFFFEC9B00000648
(1790954206.167647) can0 2A7#00004B0A0000013B
(1790954206.171954) can0 2A1#0100010000000000
(1790954206.172049) can0 2A2#0000E1BE000016BD
(1790954206.172147) can0 2A3#000329D10002A0EA
(1790954206.172273) can0 2A4#000127970002B552
(1790954206.172396) can0 2A5#0000133A0000135D
(1790954206.172523) can0 2A6#FFFFEC9B00000648
(1790954206.172650) can0 2A7#00004B0A0000013B
(1790954206.176957) can0 2A1#0100010000000000
(1790954206.177098) can0 2A2#0000E1BE000016BD
(1790954206.177171) can0 2A3#000329D10002A0EA
(1790954206.177296) can0 2A4#000127970002B552
(1790954206.177396) can0 2A5#0000133A0000135D
(1790954206.177547) can0 2A6#FFFFEC9B00000648
(1790954206.177671) can0 2A7#00004B0A0000013B
(1790954206.181931) can0 2A1#0100010000000000
(1790954206.182047) can0 2A2#0000E1BE000016BD
(1790954206.182172) can0 2A3#000329D10002A0EA
(1790954206.182273) can0 2A4#000127970002B552
(1790954206.182397) can0 2A5#0000133A0000135D
(1790954206.182523) can0 2A6#FFFFEC9B00000648
(1790954206.182647) can0 2A7#00004B0A0000013B
(1790954206.186954) can0 2A1#0100010000000000
(1790954206.187095) can0 2A2#0000E1BE000016BD
(1790954206.187170) can0 2A3#000329D10002A0EA
(1790954206.187325) can0 2A4#000127970002B552
(1790954206.187420) can0 2A5#0000133A0000135D
(1790954206.187521) can0 2A6#FFFFEC9B00000648
(1790954206.187675) can0 2A7#00004B0A0000013B
(1790954206.191960) can0 2A1#0100010000000000
(1790954206.192052) can0 2A2#0000E1BE000016BD
(1790954206.192170) can0 2A3#000329D10002A0EA
(1790954206.192296) can0 2A4#000127970002B552
(1790954206.192421) can0 2A5#0000133A0000135D
(1790954206.192519) can0 2A6#FFFFEC9B00000648
(1790954206.192645) can0 2A7#00004B0A0000013B
(1790954206.196973) can0 2A1#0100010000000000
(1790954206.197097) can0 2A2#0000E1BE000016BD
(1790954206.197169) can0 2A3#000329D10002A0EA
(1790954206.197293) can0 2A4#000127970002B552
(1790954206.197419) can0 2A5#0000133A0000135D
(1790954206.197543) can0 2A6#FFFFEC9B00000648
(1790954206.197643) can0 2A7#00004B0A0000013B
(1790954206.201937) can0 2A1#0100010000000000
(1790954206.202122) can0 2A2#0000E1BE000016BD
(1790954206.202194) can0 2A3#000329D10002A0EA
(1790954206.202294) can0 2A4#000127970002B552
(1790954206.202419) can0 2A5#0000133A0000135D
(1790954206.202520) can0 2A6#FFFFEC9B00000648
(1790954206.202644) can0 2A7#00004B0A0000013B
(1790954206.206969) can0 2A1#0100010000000000
(1790954206.207094) can0 2A2#0000E1BE000016BD
(1790954206.207194) can0 2A3#000329D10002A0EA
(1790954206.207293) can0 2A4#000127970002B552
(1790954206.207418) can0 2A5#0000133A0000135D
(1790954206.207518) can0 2A6#FFFFEC9B00000648
(1790954206.207643) can0 2A7#00004B0A0000013B
(1790954206.211958) can0 2A1#0100010000000000
(1790954206.212043) can0 2A2#0000E1BE000016BD
(1790954206.212172) can0 2A3#000329D10002A0EA
(1790954206.212269) can0 2A4#000127970002B552
(1790954206.212393) can0 2A5#0000133A0000135D
(1790954206.212518) can0 2A6#FFFFEC9B00000648
(1790954206.212644) can0 2A7#00004B0A0000013B
(1790954206.216956) can0 2A1#0100010000000000
(1790954206.217094) can0 2A2#0000E1BE000016BD
(1790954206.217168) can0 2A3#000329D10002A0EA
(1790954206.217294) can0 2A4#000127970002B552
(1790954206.217419) can0 2A5#0000133A0000135D
(1790954206.217518) can0 2A6#FFFFEC9B00000648
(1790954206.217643) can0 2A7#00004B0A0000013B
(1790954206.221948) can0 2A1#0100010000000000
(1790954206.222045) can0 2A2#0000E1BE000016BD
(1790954206.222169) can0 2A3#000329D10002A0EA
(1790954206.222293) can0 2A4#000127970002B552
(1790954206.222418) can0 2A5#0000133A0000135D
(1790954206.222518) can0 2A6#FFFFEC9B00000648
(1790954206.222644) can0 2A7#00004B0A0000013B
(1790954206.226958) can0 2A1#0100010000000000
(1790954206.227095) can0 2A2#0000E1BE000016BD
(1790954206.227168) can0 2A3#000329D10002A0EA
(1790954206.227293) can0 2A4#000127970002B552
(1790954206.227418) can0 2A5#0000133A0000135D
(1790954206.227518) can0 2A6#FFFFEC9B00000648
(1790954206.227669) can0 2A7#00004B0A0000013B
(1790954206.231938) can0 2A1#0100010000000000
(1790954206.232319) can0 2A2#0000E1BE000016BD
(1790954206.232329) can0 2A3#000329D10002A0EA
(1790954206.232330) can0 2A4#000127970002B552
(1790954206.232394) can0 2A5#0000133A0000135D
(1790954206.232518) can0 2A6#FFFFEC9B00000648
(1790954206.232644) can0 2A7#00004B0A0000013B
(1790954206.236967) can0 2A1#0100010000000000
(1790954206.237096) can0 2A2#0000E1BE000016BD
(1790954206.237168) can0 2A3#000329D10002A0EA
(1790954206.237293) can0 2A4#000127970002B552
(1790954206.237418) can0 2A5#0000133A0000135D
(1790954206.237518) can0 2A6#FFFFEC9B00000648
(1790954206.237643) can0 2A7#00004B0A0000013B
(1790954206.241967) can0 2A1#0100010000000000
(1790954206.242043) can0 2A2#0000E1BE000016BD
(1790954206.242169) can0 2A3#000329D10002A0EA
(1790954206.242294) can0 2A4#000127970002B552
(1790954206.242418) can0 2A5#0000133A0000135D
(1790954206.242518) can0 2A6#FFFFEC9B00000648
(1790954206.242643) can0 2A7#00004B0A0000013B
(1790954206.247124) can0 2A1#0100010000000000
(1790954206.247144) can0 2A2#0000E1BE000016BD
(1790954206.247176) can0 2A3#000329D10002A0EA
(1790954206.247399) can0 2A4#000127970002B552
(1790954206.247424) can0 2A5#0000133A0000135D
(1790954206.247550) can0 2A6#FFFFEC9B00000648
(1790954206.247645) can0 2A7#00004B0A0000013B
(1790954206.252006) can0 2A1#0100010000000000
(1790954206.252045) can0 2A2#0000E1BE000016BD
(1790954206.252172) can0 2A3#000329D10002A0EA
(1790954206.252269) can0 2A4#000127970002B552
(1790954206.252394) can0 2A5#0000133A0000135D
(1790954206.252524) can0 2A6#FFFFEC9B00000648
(1790954206.252646) can0 2A7#00004B0A0000013B
(1790954206.256970) can0 2A1#0100010000000000
(1790954206.257095) can0 2A2#0000E1BE000016BD
(1790954206.257194) can0 2A3#000329D10002A0EA
(1790954206.257294) can0 2A4#000127970002B552
(1790954206.257418) can0 2A5#0000133A0000135D
(1790954206.257545) can0 2A6#FFFFEC9B00000648
(1790954206.257645) can0 2A7#00004B0A0000013B
(1790954206.261945) can0 2A1#0100010000000000
(1790954206.262051) can0 2A2#0000E1BE000016BD
(1790954206.262169) can0 2A3#000329D10002A0EA
(1790954206.262293) can0 2A4#000127970002B552
(1790954206.262418) can0 2A5#0000133A0000135D
(1790954206.262523) can0 2A6#FFFFEC9B00000648
(1790954206.262644) can0 2A7#00004B0A0000013B
(1790954206.266970) can0 2A1#0100010000000000
(1790954206.267045) can0 2A2#0000E1BE000016BD
(1790954206.267192) can0 2A3#000329D10002A0EA
(1790954206.267292) can0 2A4#000127970002B552
(1790954206.267417) can0 2A5#0000133A0000135D
(1790954206.267542) can0 2A6#FFFFEC9B00000648
(1790954206.267643) can0 2A7#00004B0A0000013B
(1790954206.271956) can0 2A1#0100010000000000
(1790954206.272044) can0 2A2#0000E1BE000016BD
(1790954206.272167) can0 2A3#000329D10002A0EA
(1790954206.272267) can0 2A4#000127970002B552
(1790954206.272392) can0 2A5#0000133A0000135D
(1790954206.272517) can0 2A6#FFFFEC9B00000648
(1790954206.272642) can0 2A7#00004B0A0000013B
(1790954206.277021) can0 2A1#0100010000000000
(1790954206.277168) can0 2A2#0000E1BE000016BD
(1790954206.277194) can0 2A3#000329D10002A0EA
(1790954206.277392) can0 2A4#000127970002B552
(1790954206.277420) can0 2A5#0000133A0000135D
(1790954206.277614) can0 2A6#FFFFEC9B00000648
(1790954206.277776) can0 2A7#00004B0A0000013B
(1790954206.281960) can0 2A1#0100010000000000
(1790954206.282046) can0 2A2#0000E1BE000016BD
(1790954206.282168) can0 2A3#000329D10002A0EA
(1790954206.282295) can0 2A4#000127970002B552
(1790954206.282395) can0 2A5#0000133A0000135D
(1790954206.282519) can0 2A6#FFFFEC9B00000648
(1790954206.282644) can0 2A7#00004B0A0000013B
(1790954206.286972) can0 2A1#0100010000000000
(1790954206.287045) can0 2A2#0000E1BE000016BD
(1790954206.287174) can0 2A3#000329D10002A0EA
(1790954206.287296) can0 2A4#000127970002B552
(1790954206.287424) can0 2A5#0000133A0000135D
(1790954206.287521) can0 2A6#FFFFEC9B00000648
(1790954206.287646) can0 2A7#00004B0A0000013B
(1790954206.291945) can0 2A1#0100010000000000
(1790954206.292047) can0 2A2#0000E1BE000016BD
(1790954206.292171) can0 2A3#000329D10002A0EA
(1790954206.292272) can0 2A4#000127970002B552
(1790954206.292396) can0 2A5#0000133A0000135D
(1790954206.292523) can0 2A6#FFFFEC9B00000648
(1790954206.292648) can0 2A7#00004B0A0000013B
(1790954206.296976) can0 2A1#0100010000000000
(1790954206.297101) can0 2A2#0000E1BE000016BD
(1790954206.297170) can0 2A3#000329D10002A0EA
(1790954206.297294) can0 2A4#000127970002B552
(1790954206.297422) can0 2A5#0000133A0000135D
(1790954206.297547) can0 2A6#FFFFEC9B00000648
(1790954206.297671) can0 2A7#00004B0A0000013B
(1790954206.302044) can0 2A1#0100010000000000
(1790954206.302094) can0 2A2#0000E1BE000016BD
(1790954206.302195) can0 2A3#000329D10002A0EA
(1790954206.302294) can0 2A4#000127970002B552
(1790954206.302418) can0 2A5#0000133A0000135D
(1790954206.302520) can0 2A6#FFFFEC9B00000648
(1790954206.302646) can0 2A7#00004B0A0000013B
(1790954206.307057) can0 2A1#0100010000000000
(1790954206.307095) can0 2A2#0000E1BE000016BD
(1790954206.307172) can0 2A3#000329D10002A0EA
(1790954206.307295) can0 2A4#000127970002B552
(1790954206.307420) can0 2A5#0000133A0000135D
(1790954206.307822) can0 2A6#FFFFEC9B00000648
(1790954206.307827) can0 2A7#00004B0A0000013B
(1790954206.312063) can0 2A1#0100010000000000
(1790954206.312072) can0 2A2#0000E1BE000016BD
(1790954206.312272) can0 2A3#000329D10002A0EA
(1790954206.312282) can0 2A4#000127970002B552
(1790954206.312445) can0 2A5#0000133A0000135D
(1790954206.312652) can0 2A6#FFFFEC9B00000648
(1790954206.312664) can0 2A7#00004B0A0000013B
(1790954206.317066) can0 2A1#0100010000000000
(1790954206.317114) can0 2A2#0000E1BE000016BD
(1790954206.317174) can0 2A3#000329D10002A0EA
(1790954206.317364) can0 2A4#000127970002B552
(1790954206.317558) can0 2A5#0000133A0000135D
(1790954206.317566) can0 2A6#FFFFEC9B00000648
(1790954206.317672) can0 2A7#00004B0A0000013B
(1790954206.321935) can0 2A1#0100010000000000
(1790954206.322045) can0 2A2#0000E1BE000016BD
(1790954206.322169) can0 2A3#000329D10002A0EA
(1790954206.322294) can0 2A4#000127970002B552
(1790954206.322394) can0 2A5#0000133A0000135D
(1790954206.322519) can0 2A6#FFFFEC9B00000648
(1790954206.322643) can0 2A7#00004B0A0000013B
(1790954206.327020) can0 2A1#0100010000000000
(1790954206.327142) can0 2A2#0000E1BE000016BD
(1790954206.327259) can0 2A3#000329D10002A0EA
(1790954206.327380) can0 2A4#000127970002B552
(1790954206.327516) can0 2A5#0000133A0000135D
(1790954206.327612) can0 2A6#FFFFEC9B00000648
(1790954206.327778) can0 2A7#00004B0A0000013B
(1790954206.332024) can0 2A1#0100010000000000
(1790954206.332099) can0 2A2#0000E1BE000016BD
(1790954206.332221) can0 2A3#000329D10002A0EA
(1790954206.332352) can0 2A4#000127970002B552
(1790954206.332397) can0 2A5#0000133A0000135D
(1790954206.332610) can0 2A6#FFFFEC9B00000648
(1790954206.332646) can0 2A7#00004B0A0000013B
(1790954206.336964) can0 2A1#0100010000000000
(1790954206.337104) can0 2A2#0000E1BE000016BD
(1790954206.337198) can0 2A3#000329D10002A0EA
(1790954206.337295) can0 2A4#000127970002B552
(1790954206.337421) can0 2A5#0000133A0000135D
(1790954206.337545) can0 2A6#FFFFEC9B00000648
(1790954206.337646) can0 2A7#00004B0A0000013B
(1790954206.342048) can0 2A1#0100010000000000
(1790954206.342060) can0 2A2#0000E1BE000016BD
(1790954206.342172) can0 2A3#000329D10002A0EA
(1790954206.342295) can0 2A4#000127970002B552
(1790954206.342421) can0 2A5#0000133A0000135D
(1790954206.342520) can0 2A6#FFFFEC9B00000648
(1790954206.342647) can0 2A7#00004B0A0000013B
(1790954206.346957) can0 2A1#0100010000000000
(1790954206.347098) can0 2A2#0000E1BE000016BD
(1790954206.347170) can0 2A3#000329D10002A0EA
(1790954206.347296) can0 2A4#000127970002B552
(1790954206.347420) can0 2A5#0000133A0000135D
(1790954206.347547) can0 2A6#FFFFEC9B00000648
(1790954206.347669) can0 2A7#00004B0A0000013B
(1790954206.351932) can0 2A1#0100010000000000
(1790954206.352049) can0 2A2#0000E1BE000016BD
(1790954206.352171) can0 2A3#000329D10002A0EA
(1790954206.352295) can0 2A4#000127970002B552
(1790954206.352419) can0 2A5#0000133A0000135D
(1790954206.352520) can0 2A6#FFFFEC9B00000648
(1790954206.352645) can0 2A7#00004B0A0000013B
(1790954206.357040) can0 2A1#0100010000000000
(1790954206.357215) can0 2A2#0000E1BE000016BD
(1790954206.357220) can0 2A3#000329D10002A0EA
(1790954206.357355) can0 2A4#000127970002B552
(1790954206.357501) can0 2A5#0000133A0000135D
(1790954206.357636) can0 2A6#FFFFEC9B00000648
(1790954206.357800) can0 2A7#00004B0A0000013B
(1790954206.362024) can0 2A1#0100010000000000
(1790954206.362046) can0 2A2#0000E1BE000016BD
(1790954206.362204) can0 2A3#000329D10002A0EA
(1790954206.362379) can0 2A4#000127970002B552
(1790954206.362400) can0 2A5#0000133A0000135D
(1790954206.362604) can0 2A6#FFFFEC9B00000648
(1790954206.362643) can0 2A7#00004B0A0000013B
(1790954206.366983) can0 2A1#0100010000000000
(1790954206.367095) can0 2A2#0000E1BE000016BD
(1790954206.367196) can0 2A3#000329D10002A0EA
(1790954206.367295) can0 2A4#000127970002B552
(1790954206.367420) can0 2A5#0000133A0000135D
(1790954206.367545) can0 2A6#FFFFEC9B00000648
(1790954206.367645) can0 2A7#00004B0A0000013B
(1790954206.372021) can0 2A1#0100010000000000
(1790954206.372054) can0 2A2#0000E1BE000016BD
(1790954206.372243) can0 2A3#000329D10002A0EA
(1790954206.372268) can0 2A4#000127970002B552
(1790954206.372437) can0 2A5#0000133A0000135D
(1790954206.372613) can0 2A6#FFFFEC9B00000648
(1790954206.372645) can0 2A7#00004B0A0000013B
(1790954206.377040) can0 2A1#0100010000000000
(1790954206.377095) can0 2A2#0000E1BE000016BD
(1790954206.377196) can0 2A3#000329D10002A0EA
(1790954206.377296) can0 2A4#000127970002B552
(1790954206.377420) can0 2A5#0000133A0000135D
(1790954206.377521) can0 2A6#FFFFEC9B00000648
(1790954206.377645) can0 2A7#00004B0A0000013B
(1790954206.382016) can0 2A1#0100010000000000
(1790954206.382056) can0 2A2#0000E1BE000016BD
(1790954206.382304) can0 2A3#000329D10002A0EA
(1790954206.382313) can0 2A4#000127970002B552
(1790954206.382532) can0 2A5#0000133A0000135D
(1790954206.382542) can0 2A6#FFFFEC9B00000648
(1790954206.382648) can0 2A7#00004B0A0000013B
(1790954206.387047) can0 2A1#0100010000000000
(1790954206.387096) can0 2A2#0000E1BE000016BD
(1790954206.387248) can0 2A3#000329D10002A0EA
(1790954206.387305) can0 2A4#000127970002B552
(1790954206.387505) can0 2A5#0000133A0000135D
(1790954206.387545) can0 2A6#FFFFEC9B00000648
(1790954206.387766) can0 2A7#00004B0A0000013B
(1790954206.392061) can0 2A1#0100010000000000
(1790954206.392070) can0 2A2#0000E1BE000016BD
(1790954206.392240) can0 2A3#000329D10002A0EA
(1790954206.392372) can0 2A4#000127970002B552
(1790954206.392394) can0 2A5#0000133A0000135D
(1790954206.392596) can0 2A6#FFFFEC9B00000648
(1790954206.392713) can0 2A7#00004B0A0000013B
(1790954206.397038) can0 2A1#0100010000000000
(1790954206.397232) can0 2A2#0000E1BE000016BD
(1790954206.397238) can0 2A3#000329D10002A0EA
(1790954206.397413) can0 2A4#000127970002B552
(1790954206.397434) can0 2A5#0000133A0000135D
(1790954206.397691) can0 2A6#FFFFEC9B00000648
(1790954206.397698) can0 2A7#00004B0A0000013B
(1790954206.401972) can0 2A1#0100010000000000
(1790954206.402049) can0 2A2#0000E1BE000016BD
(1790954206.402170) can0 2A3#000329D10002A0EA
(1790954206.402270) can0 2A4#000127970002B552
(1790954206.402395) can0 2A5#0000133A0000135D
(1790954206.402521) can0 2A6#FFFFEC9B00000648
(1790954206.402645) can0 2A7#00004B0A0000013B
(1790954206.407058) can0 2A1#0100010000000000
(1790954206.407203) can0 2A2#0000E1BE000016BD
(1790954206.407209) can0 2A3#000329D10002A0EA
(1790954206.407418) can0 2A4#000127970002B552
(1790954206.407424) can0 2A5#0000133A0000135D
(1790954206.407619) can0 2A6#FFFFEC9B00000648
(1790954206.407757) can0 2A7#00004B0A0000013B
(1790954206.412052) can0 2A1#0100010000000000
(1790954206.412066) can0 2A2#0000E1BE000016BD
(1790954206.412232) can0 2A3#000329D10002A0EA
(1790954206.412400) can0 2A4#000127970002B552
(1790954206.412406) can0 2A5#0000133A0000135D
(1790954206.412641) can0 2A6#FFFFEC9B00000648
(1790954206.412647) can0 2A7#00004B0A0000013B
(1790954206.417061) can0 2A1#0100010000000000
(1790954206.417121) can0 2A2#0000E1BE000016BD
(1790954206.417171) can0 2A3#000329D10002A0EA
(1790954206.417296) can0 2A4#000127970002B552
(1790954206.417420) can0 2A5#0000133A0000135D
(1790954206.417547) can0 2A6#FFFFEC9B00000648
(1790954206.417670) can0 2A7#00004B0A0000013B
(1790954206.421964) can0 2A1#0100010000000000
(1790954206.422047) can0 2A2#0000E1BE000016BD
(1790954206.422171) can0 2A3#000329D10002A0EA
(1790954206.422295) can0 2A4#000127970002B552
(1790954206.422395) can0 2A5#0000133A0000135D
(1790954206.422521) can0 2A6#FFFFEC9B00000648
(1790954206.422647) can0 2A7#00004B0A0000013B
(1790954206.426971) can0 2A1#0100010000000000
(1790954206.427099) can0 2A2#0000E1BE000016BD
(1790954206.427170) can0 2A3#000329D10002A0EA
(1790954206.427295) can0 2A4#000127970002B552
(1790954206.427421) can0 2A5#0000133A0000135D
(1790954206.427545) can0 2A6#FFFFEC9B00000648
(1790954206.427670) can0 2A7#00004B0A0000013B
(1790954206.432076) can0 2A1#0100010000000000
(1790954206.432088) can0 2A2#0000E1BE000016BD
(1790954206.432171) can0 2A3#000329D10002A0EA
(1790954206.432296) can0 2A4#000127970002B552
(1790954206.432395) can0 2A5#0000133A0000135D
(1790954206.432521) can0 2A6#FFFFEC9B00000648
(1790954206.432645) can0 2A7#00004B0A0000013B
(1790954206.436963) can0 2A1#0100010000000000
(1790954206.437193) can0 2A2#0000E1BE000016BD
(1790954206.437199) can0 2A3#000329D10002A0EA
(1790954206.437419) can0 2A4#000127970002B552
(1790954206.437425) can0 2A5#0000133A0000135D
(1790954206.437590) can0 2A6#FFFFEC9B00000648
(1790954206.437750) can0 2A7#00004B0A0000013B
(1790954206.442072) can0 2A1#0100010000000000
(1790954206.442084) can0 2A2#0000E1BE000016BD
(1790954206.442264) can0 2A3#000329D10002A0EA
(1790954206.442433) can0 2A4#000127970002B552
(1790954206.442438) can0 2A5#0000133A0000135D
(1790954206.442520) can0 2A6#FFFFEC9B00000648
(1790954206.442645) can0 2A7#00004B0A0000013B
(1790954206.447053) can0 2A1#0100010000000000
(1790954206.447183) can0 2A2#0000E1BE000016BD
(1790954206.447188) can0 2A3#000329D10002A0EA
(1790954206.447347) can0 2A4#000127970002B552
(1790954206.447507) can0 2A5#0000133A0000135D
(1790954206.447698) can0 2A6#FFFFEC9B00000648
(1790954206.447704) can0 2A7#00004B0A0000013B
(1790954206.452079) can0 2A1#0100010000000000
(1790954206.452104) can0 2A2#0000E1BE000016BD
(1790954206.452273) can0 2A3#000329D10002A0EA
(1790954206.452301) can0 2A4#000127970002B552
(1790954206.452444) can0 2A5#0000133A0000135D
(1790954206.452523) can0 2A6#FFFFEC9B00000648
(1790954206.452646) can0 2A7#00004B0A0000013B
(1790954206.457129) can0 2A1#0100010000000000
(1790954206.457142) can0 2A2#0000E1BE000016BD
(1790954206.457175) can0 2A3#000329D10002A0EA
(1790954206.457297) can0 2A4#000127970002B552
(1790954206.457421) can0 2A5#0000133A0000135D
(1790954206.457545) can0 2A6#FFFFEC9B00000648
(1790954206.457670) can0 2A7#00004B0A0000013B
(1790954206.462050) can0 2A1#0100010000000000
(1790954206.462066) can0 2A2#0000E1BE000016BD
(1790954206.462307) can0 2A3#000329D10002A0EA
(1790954206.462318) can0 2A4#000127970002B552
(1790954206.462523) can0 2A5#0000133A0000135D
(1790954206.462532) can0 2A6#FFFFEC9B00000648
(1790954206.462649) can0 2A7#00004B0A0000013B
(1790954206.467033) can0 2A1#0100010000000000
(1790954206.467100) can0 2A2#0000E1BE000016BD
(1790954206.467268) can0 2A3#000329D10002A0EA
(1790954206.467293) can0 2A4#000127970002B552
(1790954206.467422) can0 2A5#0000133A0000135D
(1790954206.467548) can0 2A6#FFFFEC9B00000648
(1790954206.467671) can0 2A7#00004B0A0000013B
(1790954206.471928) can0 2A1#0100010000000000
(1790954206.472127) can0 2A2#0000E1BE000016BD
(1790954206.472259) can0 2A3#000329D10002A0EA
(1790954206.472428) can0 2A4#000127970002B552
(1790954206.472433) can0 2A5#0000133A0000135D
(1790954206.472521) can0 2A6#FFFFEC9B00000648
(1790954206.472644) can0 2A7#00004B0A0000013B
(1790954206.476968) can0 2A1#0100010000000000
(1790954206.477046) can0 2A2#0000E1BE000016BD
(1790954206.477170) can0 2A3#000329D10002A0EA
(1790954206.477297) can0 2A4#000127970002B552
(1790954206.477471) can0 2A5#0000133A0000135D
(1790954206.477654) can0 2A6#FFFFEC9B00000648
(1790954206.477660) can0 2A7#00004B0A0000013B
(1790954206.481938) can0 2A1#0100010000000000
(1790954206.482048) can0 2A2#0000E1BE000016BD
(1790954206.482170) can0 2A3#000329D10002A0EA
(1790954206.482295) can0 2A4#000127970002B552
(1790954206.482421) can0 2A5#0000133A0000135D
(1790954206.482521) can0 2A6#FFFFEC9B00000648
(1790954206.482646) can0 2A7#00004B0A0000013B
(1790954206.487053) can0 2A1#0100010000000000
(1790954206.487099) can0 2A2#0000E1BE000016BD
(1790954206.487179) can0 2A3#000329D10002A0EA
(1790954206.487366) can0 2A4#000127970002B552
(1790954206.487422) can0 2A5#0000133A0000135D
(1790954206.487551) can0 2A6#FFFFEC9B00000648
(1790954206.487778) can0 2A7#00004B0A0000013B
(1790954206.491960) can0 2A1#0100010000000000
(1790954206.492046) can0 2A2#0000E1BE000016BD
(1790954206.492171) can0 2A3#000329D10002A0EA
(1790954206.492269) can0 2A4#000127970002B552
(1790954206.492562) can0 2A5#0000133A0000135D
(1790954206.492570) can0 2A6#FFFFEC9B00000648
(1790954206.492646) can0 2A7#00004B0A0000013B
(1790954206.496953) can0 2A1#0100010000000000
(1790954206.497094) can0 2A2#0000E1BE000016BD
(1790954206.497168) can0 2A3#000329D10002A0EA
(1790954206.497292) can0 2A4#000127970002B552
(1790954206.497419) can0 2A5#0000133A0000135D
(1790954206.497518) can0 2A6#FFFFEC9B00000648
(1790954206.497642) can0 2A7#00004B0A0000013B
(1790954206.502022) can0 2A1#0100010000000000
(1790954206.502052) can0 2A2#0000E1BE000016BD
(1790954206.502227) can0 2A3#000329D10002A0EA
(1790954206.502373) can0 2A4#000127970002B552
(1790954206.502576) can0 2A5#0000133A0000135D
(1790954206.502582) can0 2A6#FFFFEC9B00000648
(1790954206.502715) can0 2A7#00004B0A0000013B
(1790954206.507066) can0 2A1#0100010000000000
(1790954206.507101) can0 2A2#0000E1BE000016BD
(1790954206.507246) can0 2A3#000329D10002A0EA
(1790954206.507420) can0 2A4#000127970002B552
(1790954206.507426) can0 2A5#0000133A0000135D
(1790954206.507610) can0 2A6#FFFFEC9B00000648
(1790954206.507732) can0 2A7#00004B0A0000013B
(1790954206.512018) can0 2A1#0100010000000000
(1790954206.512049) can0 2A2#0000E1BE000016BD
(1790954206.512296) can0 2A3#000329D10002A0EA
(1790954206.512302) can0 2A4#000127970002B552
(1790954206.512557) can0 2A5#0000133A0000135D
(1790954206.512563) can0 2A6#FFFFEC9B00000648
(1790954206.512732) can0 2A7#00004B0A0000013B
(1790954206.516989) can0 2A1#0100010000000000
(1790954206.517046) can0 2A2#0000E1BE000016BD
(1790954206.517198) can0 2A3#000329D10002A0EA
(1790954206.517297) can0 2A4#000127970002B552
(1790954206.517422) can0 2A5#0000133A0000135D
(1790954206.517521) can0 2A6#FFFFEC9B00000648
(1790954206.517646) can0 2A7#00004B0A0000013B
(1790954206.522000) can0 2A1#0100010000000000
(1790954206.522233) can0 2A2#0000E1BE000016BD
(1790954206.522238) can0 2A3#000329D10002A0EA
(1790954206.522426) can0 2A4#000127970002B552
(1790954206.522432) can0 2A5#0000133A0000135D
(1790954206.522521) can0 2A6#FFFFEC9B00000648
(1790954206.522645) can0 2A7#00004B0A0000013B
(1790954206.527079) can0 2A1#0100010000000000
(1790954206.527098) can0 2A2#0000E1BE000016BD
(1790954206.527252) can0 2A3#000329D10002A0EA
(1790954206.527403) can0 2A4#000127970002B552
(1790954206.527417) can0 2A5#0000133A0000135D
(1790954206.527630) can0 2A6#FFFFEC9B00000648
(1790954206.527809) can0 2A7#00004B0A0000013B
(1790954206.531942) can0 2A1#0100010000000000
(1790954206.532124) can0 2A2#0000E1BE000016BD
(1790954206.532170) can0 2A3#000329D10002A0EA
(1790954206.532295) can0 2A4#000127970002B552
(1790954206.532420) can0 2A5#0000133A0000135D
(1790954206.532520) can0 2A6#FFFFEC9B00000648
(1790954206.532645) can0 2A7#00004B0A0000013B
(1790954206.536960) can0 2A1#0100010000000000
(1790954206.537097) can0 2A2#0000E1BE000016BD
(1790954206.537170) can0 2A3#000329D10002A0EA
(1790954206.537296) can0 2A4#000127970002B552
(1790954206.537421) can0 2A5#0000133A0000135D
(1790954206.537553) can0 2A6#FFFFEC9B00000648
(1790954206.537674) can0 2A7#00004B0A0000013B
(1790954206.542045) can0 2A1#0100010000000000
(1790954206.542054) can0 2A2#0000E1BE000016BD
(1790954206.542245) can0 2A3#000329D10002A0EA
(1790954206.542415) can0 2A4#000127970002B552
(1790954206.542421) can0 2A5#0000133A0000135D
(1790954206.542575) can0 2A6#FFFFEC9B00000648
(1790954206.542730) can0 2A7#00004B0A0000013B
(1790954206.547028) can0 2A1#0100010000000000
(1790954206.547173) can0 2A2#0000E1BE000016BD
(1790954206.547198) can0 2A3#000329D10002A0EA
(1790954206.547352) can0 2A4#000127970002B552
(1790954206.547518) can0 2A5#0000133A0000135D
(1790954206.547631) can0 2A6#FFFFEC9B00000648
(1790954206.547793) can0 2A7#00004B0A0000013B
(1790954206.552061) can0 2A1#0100010000000000
(1790954206.552070) can0 2A2#0000E1BE000016BD
(1790954206.552243) can0 2A3#000329D10002A0EA
(1790954206.552397) can0 2A4#000127970002B552
(1790954206.552403) can0 2A5#0000133A0000135D
(1790954206.552584) can0 2A6#FFFFEC9B00000648
(1790954206.552726) can0 2A7#00004B0A0000013B
(1790954206.556974) can0 2A1#0100010000000000
(1790954206.557106) can0 2A2#0000E1BE000016BD
(1790954206.557175) can0 2A3#000329D10002A0EA
(1790954206.557298) can0 2A4#000127970002B552
(1790954206.557422) can0 2A5#0000133A0000135D
(1790954206.557548) can0 2A6#FFFFEC9B00000648
(1790954206.557673) can0 2A7#00004B0A0000013B
(1790954206.562060) can0 2A1#0100010000000000
(1790954206.562079) can0 2A2#0000E1BE000016BD
(1790954206.562173) can0 2A3#000329D10002A0EA
(1790954206.562296) can0 2A4#000127970002B552
(1790954206.562556) can0 2A5#0000133A0000135D
(1790954206.562566) can0 2A6#FFFFEC9B00000648
(1790954206.562648) can0 2A7#00004B0A0000013B
(1790954206.567089) can0 2A1#0100010000000000
(1790954206.567133) can0 2A2#0000E1BE000016BD
(1790954206.567173) can0 2A3#000329D10002A0EA
(1790954206.567299) can0 2A4#000127970002B552
(1790954206.567422) can0 2A5#0000133A0000135D
(1790954206.567549) can0 2A6#FFFFEC9B00000648
(1790954206.567647) can0 2A7#00004B0A0000013B
(1790954206.572015) can0 2A1#0100010000000000
(1790954206.572056) can0 2A2#0000E1BE000016BD
(1790954206.572175) can0 2A3#000329D10002A0EA
(1790954206.572299) can0 2A4#000127970002B552
(1790954206.572439) can0 2A5#0000133A0000135D
(1790954206.572525) can0 2A6#FFFFEC9B00000648
(1790954206.572649) can0 2A7#00004B0A0000013B
(1790954206.577058) can0 2A1#0100010000000000
(1790954206.577083) can0 2A2#0000E1BE000016BD
(1790954206.577199) can0 2A3#000329D10002A0EA
(1790954206.577296) can0 2A4#000127970002B552
(1790954206.577420) can0 2A5#0000133A0000135D
(1790954206.577548) can0 2A6#FFFFEC9B00000648
(1790954206.577647) can0 2A7#00004B0A0000013B
(1790954206.582079) can0 2A1#0100010000000000
(1790954206.582099) can0 2A2#0000E1BE000016BD
(1790954206.582297) can0 2A3#000329D10002A0EA
(1790954206.582302) can0 2A4#000127970002B552
(1790954206.582449) can0 2A5#0000133A0000135D
(1790954206.582613) can0 2A6#FFFFEC9B00000648
(1790954206.582812) can0 2A7#00004B0A0000013B
(1790954206.587099) can0 2A1#0100010000000000
(1790954206.587117) can0 2A2#0000E1BE000016BD
(1790954206.587173) can0 2A3#000329D10002A0EA
(1790954206.587296) can0 2A4#000127970002B552
(1790954206.587421) can0 2A5#0000133A0000135D
(1790954206.587546) can0 2A6#FFFFEC9B00000648
(1790954206.587670) can0 2A7#00004B0A0000013B
(1790954206.592025) can0 2A1#0100010000000000
(1790954206.592069) can0 2A2#0000E1BE000016BD
(1790954206.592271) can0 2A3#000329D10002A0EA
(1790954206.592299) can0 2A4#000127970002B552
(1790954206.592548) can0 2A5#0000133A0000135D
(1790954206.592556) can0 2A6#FFFFEC9B00000648
(1790954206.592648) can0 2A7#00004B0A0000013B
(1790954206.597027) can0 2A1#0100010000000000
(1790954206.597098) can0 2A2#0000E1BE000016BD
(1790954206.597237) can0 2A3#000329D10002A0EA
(1790954206.597297) can0 2A4#000127970002B552
(1790954206.597421) can0 2A5#0000133A0000135D
(1790954206.597548) can0 2A6#FFFFEC9B00000648
(1790954206.597671) can0 2A7#00004B0A0000013B
(1790954206.602009) can0 2A1#0100010000000000
(1790954206.602049) can0 2A2#0000E1BE000016BD
(1790954206.602219) can0 2A3#000329D10002A0EA
(1790954206.602384) can0 2A4#000127970002B552
(1790954206.602543) can0 2A5#0000133A0000135D
(1790954206.602550) can0 2A6#FFFFEC9B00000648
(1790954206.602648) can0 2A7#00004B0A0000013B
(1790954206.607083) can0 2A1#0100010000000000
(1790954206.607104) can0 2A2#0000E1BE000016BD
(1790954206.607317) can0 2A3#000329D10002A0EA
(1790954206.607323) can0 2A4#000127970002B552
(1790954206.607513) can0 2A5#0000133A0000135D
(1790954206.607537) can0 2A6#FFFFEC9B00000648
(1790954206.607648) can0 2A7#00004B0A0000013B
(1790954206.612074) can0 2A1#0100010000000000
(1790954206.612098) can0 2A2#0000E1BE000016BD
(1790954206.612310) can0 2A3#000329D10002A0EA
(1790954206.612316) can0 2A4#000127970002B552
(1790954206.612478) can0 2A5#0000133A0000135D
(1790954206.612522) can0 2A6#FFFFEC9B00000648
(1790954206.612648) can0 2A7#00004B0A0000013B
(1790954206.617054) can0 2A1#0100010000000000
(1790954206.617098) can0 2A2#0000E1BE000016BD
(1790954206.617242) can0 2A3#000329D10002A0EA
(1790954206.617393) can0 2A4#000127970002B552
(1790954206.617421) can0 2A5#0000133A0000135D
(1790954206.617620) can0 2A6#FFFFEC9B00000648
(1790954206.617674) can0 2A7#00004B0A0000013B
(1790954206.622002) can0 2A1#0100010000000000
(1790954206.622048) can0 2A2#0000E1BE000016BD
(1790954206.622173) can0 2A3#000329D10002A0EA
(1790954206.622297) can0 2A4#000127970002B552
(1790954206.622421) can0 2A5#0000133A0000135D
(1790954206.622521) can0 2A6#FFFFEC9B00000648
(1790954206.622648) can0 2A7#00004B0A0000013B
(1790954206.627066) can0 2A1#0100010000000000
(1790954206.627118) can0 2A2#0000E1BE000016BD
(1790954206.627176) can0 2A3#000329D10002A0EA
(1790954206.627370) can0 2A4#000127970002B552
(1790954206.627424) can0 2A5#0000133A0000135D
(1790954206.627551) can0 2A6#FFFFEC9B00000648
(1790954206.627756) can0 2A7#00004B0A0000013B
(1790954206.631997) can0 2A1#0100010000000000
(1790954206.632224) can0 2A2#0000E1BE000016BD
(1790954206.632232) can0 2A3#000329D10002A0EA
(1790954206.632404) can0 2A4#000127970002B552
(1790954206.632421) can0 2A5#0000133A0000135D
(1790954206.632610) can0 2A6#FFFFEC9B00000648
(1790954206.632647) can0 2A7#00004B0A0000013B
(1790954206.637030) can0 2A1#0100010000000000
(1790954206.637102) can0 2A2#0000E1BE000016BD
(1790954206.637171) can0 2A3#000329D10002A0EA
(1790954206.637296) can0 2A4#000127970002B552
(1790954206.637421) can0 2A5#0000133A0000135D
(1790954206.637547) can0 2A6#FFFFEC9B00000648
(1790954206.637672) can0 2A7#00004B0A0000013B
(1790954206.642059) can0 2A1#0100010000000000
(1790954206.642078) can0 2A2#0000E1BE000016BD
(1790954206.642277) can0 2A3#000329D10002A0EA
(1790954206.642296) can0 2A4#000127970002B552
(1790954206.642472) can0 2A5#0000133A0000135D
(1790954206.642522) can0 2A6#FFFFEC9B00000648
(1790954206.642648) can0 2A7#00004B0A0000013B
(1790954206.647010) can0 2A1#0100010000000000
(1790954206.647220) can0 2A2#0000E1BE000016BD
(1790954206.647226) can0 2A3#000329D10002A0EA
(1790954206.647433) can0 2A4#000127970002B552
(1790954206.647441) can0 2A5#0000133A0000135D
(1790954206.647549) can0 2A6#FFFFEC9B00000648
(1790954206.647671) can0 2A7#00004B0A0000013B
(1790954206.652017) can0 2A1#0100010000000000
(1790954206.652223) can0 2A2#0000E1BE000016BD
(1790954206.652238) can0 2A3#000329D10002A0EA
(1790954206.652435) can0 2A4#000127970002B552
(1790954206.652441) can0 2A5#0000133A0000135D
(1790954206.652523) can0 2A6#FFFFEC9B00000648
(1790954206.652646) can0 2A7#00004B0A0000013B
(1790954206.657069) can0 2A1#0100010000000000
(1790954206.657115) can0 2A2#0000E1BE000016BD
(1790954206.657198) can0 2A3#000329D10002A0EA
(1790954206.657295) can0 2A4#000127970002B552
(1790954206.657422) can0 2A5#0000133A0000135D
(1790954206.657546) can0 2A6#FFFFEC9B00000648
(1790954206.657645) can0 2A7#00004B0A0000013B
(1790954206.662029) can0 2A1#0100010000000000
(1790954206.662082) can0 2A2#0000E1BE000016BD
(1790954206.662174) can0 2A3#000329D10002A0EA
(1790954206.662272) can0 2A4#000127970002B552
(1790954206.662396) can0 2A5#0000133A0000135D
(1790954206.662522) can0 2A6#FFFFEC9B00000648
(1790954206.662646) can0 2A7#00004B0A0000013B
(1790954206.667060) can0 2A1#0100010000000000
(1790954206.667103) can0 2A2#0000E1BE000016BD
(1790954206.667278) can0 2A3#000329D10002A0EA
(1790954206.667295) can0 2A4#000127970002B552
(1790954206.667428) can0 2A5#0000133A0000135D
(1790954206.667548) can0 2A6#FFFFEC9B00000648
(1790954206.667671) can0 2A7#00004B0A0000013B
(1790954206.671936) can0 2A1#0100010000000000
(1790954206.672048) can0 2A2#0000E1BE000016BD
(1790954206.672173) can0 2A3#000329D10002A0EA
(1790954206.672298) can0 2A4#000127970002B552
(1790954206.672422) can0 2A5#0000133A0000135D
(1790954206.672521) can0 2A6#FFFFEC9B00000648
(1790954206.672646) can0 2A7#00004B0A0000013B
(1790954206.677047) can0 2A1#0100010000000000
(1790954206.677097) can0 2A2#0000E1BE000016BD
(1790954206.677173) can0 2A3#000329D10002A0EA
(1790954206.677299) can0 2A4#000127970002B552
(1790954206.677426) can0 2A5#0000133A0000135D
(1790954206.677610) can0 2A6#FFFFEC9B00000648
(1790954206.677673) can0 2A7#00004B0A0000013B
(1790954206.682079) can0 2A1#0100010000000000
(1790954206.682100) can0 2A2#0000E1BE000016BD
(1790954206.682173) can0 2A3#000329D10002A0EA
(1790954206.682297) can0 2A4#000127970002B552
(1790954206.682396) can0 2A5#0000133A0000135D
(1790954206.682627) can0 2A6#FFFFEC9B00000648
(1790954206.682662) can0 2A7#00004B0A0000013B
(1790954206.687123) can0 2A1#0100010000000000
(1790954206.687145) can0 2A2#0000E1BE000016BD
(1790954206.687172) can0 2A3#000329D10002A0EA
(1790954206.687300) can0 2A4#000127970002B552
(1790954206.687423) can0 2A5#0000133A0000135D
(1790954206.687549) can0 2A6#FFFFEC9B00000648
(1790954206.687673) can0 2A7#00004B0A0000013B
(1790954206.692063) can0 2A1#0100010000000000
(1790954206.692081) can0 2A2#0000E1BE000016BD
(1790954206.692174) can0 2A3#000329D10002A0EA
(1790954206.692273) can0 2A4#000127970002B552
(1790954206.692423) can0 2A5#0000133A0000135D
(1790954206.692669) can0 2A6#FFFFEC9B00000648
(1790954206.692680) can0 2A7#00004B0A0000013B
(1790954206.697055) can0 2A1#0100010000000000
(1790954206.697098) can0 2A2#0000E1BE000016BD
(1790954206.697199) can0 2A3#000329D10002A0EA
(1790954206.697297) can0 2A4#000127970002B552
(1790954206.697423) can0 2A5#0000133A0000135D
(1790954206.697635) can0 2A6#FFFFEC9B00000648
(1790954206.697672) can0 2A7#00004B0A0000013B
(1790954206.702031) can0 2A1#0100010000000000
(1790954206.702072) can0 2A2#0000E1BE000016BD
(1790954206.702175) can0 2A3#000329D10002A0EA
(1790954206.702299) can0 2A4#000127970002B552
(1790954206.702397) can0 2A5#0000133A0000135D
(1790954206.702613) can0 2A6#FFFFEC9B00000648
(1790954206.702646) can0 2A7#00004B0A0000013B
(1790954206.707053) can0 2A1#0100010000000000
(1790954206.707096) can0 2A2#0000E1BE000016BD
(1790954206.707172) can0 2A3#000329D10002A0EA
(1790954206.707298) can0 2A4#000127970002B552
(1790954206.707422) can0 2A5#0000133A0000135D
(1790954206.707630) can0 2A6#FFFFEC9B00000648
(1790954206.707672) can0 2A7#00004B0A0000013B
(1790954206.712030) can0 2A1#0100010000000000
(1790954206.712071) can0 2A2#0000E1BE000016BD
(1790954206.712172) can0 2A3#000329D10002A0EA
(1790954206.712296) can0 2A4#000127970002B552
(1790954206.712395) can0 2A5#0000133A0000135D
(1790954206.712594) can0 2A6#FFFFEC9B00000648
(1790954206.712645) can0 2A7#00004B0A0000013B
(1790954206.717029) can0 2A1#0100010000000000
(1790954206.717097) can0 2A2#0000E1BE000016BD
(1790954206.717173) can0 2A3#000329D10002A0EA
(1790954206.717297) can0 2A4#000127970002B552
(1790954206.717508) can0 2A5#0000133A0000135D
(1790954206.717547) can0 2A6#FFFFEC9B00000648
(1790954206.717647) can0 2A7#00004B0A0000013B
(1790954206.722012) can0 2A1#0100010000000000
(1790954206.722048) can0 2A2#0000E1BE000016BD
(1790954206.722174) can0 2A3#000329D10002A0EA
(1790954206.722298) can0 2A4#000127970002B552
(1790954206.722400) can0 2A5#0000133A0000135D
(1790954206.722524) can0 2A6#FFFFEC9B00000648
(1790954206.722649) can0 2A7#00004B0A0000013B
(1790954206.726960) can0 2A1#0100010000000000
(1790954206.727096) can0 2A2#0000E1BE000016BD
(1790954206.727194) can0 2A3#000329D10002A0EA
(1790954206.727293) can0 2A4#000127970002B552
(1790954206.727418) can0 2A5#0000133A0000135D
(1790954206.727544) can0 2A6#FFFFEC9B00000648
(1790954206.727668) can0 2A7#00004B0A0000013B
(1790954206.731964) can0 2A1#0100010000000000
(1790954206.732047) can0 2A2#0000E1BE000016BD
(1790954206.732171) can0 2A3#000329D10002A0EA
(1790954206.732295) can0 2A4#000127970002B552
(1790954206.732394) can0 2A5#0000133A0000135D
(1790954206.732520) can0 2A6#FFFFEC9B00000648
(1790954206.732646) can0 2A7#00004B0A0000013B
(1790954206.736977) can0 2A1#0100010000000000
(1790954206.737100) can0 2A2#0000E1BE000016BD
(1790954206.737197) can0 2A3#000329D10002A0EA
(1790954206.737298) can0 2A4#000127970002B552
(1790954206.737423) can0 2A5#0000133A0000135D
(1790954206.737549) can0 2A6#FFFFEC9B00000648
(1790954206.737672) can0 2A7#00004B0A0000013B
(1790954206.742031) can0 2A1#0100010000000000
(1790954206.742077) can0 2A2#0000E1BE000016BD
(1790954206.742174) can0 2A3#000329D10002A0EA
(1790954206.742295) can0 2A4#000127970002B552
(1790954206.742421) can0 2A5#0000133A0000135D
(1790954206.742619) can0 2A6#FFFFEC9B00000648
(1790954206.742650) can0 2A7#00004B0A0000013B
(1790954206.747046) can0 2A1#0100010000000000
(1790954206.747063) can0 2A2#0000E1BE000016BD
(1790954206.747197) can0 2A3#000329D10002A0EA
(1790954206.747295) can0 2A4#000127970002B552
(1790954206.747421) can0 2A5#0000133A0000135D
(1790954206.747545) can0 2A6#FFFFEC9B00000648
(1790954206.747646) can0 2A7#00004B0A0000013B
(1790954206.752026) can0 2A1#0100010000000000
(1790954206.752059) can0 2A2#0000E1BE000016BD
(1790954206.752171) can0 2A3#000329D10002A0EA
(1790954206.752294) can0 2A4#000127970002B552
(1790954206.752396) can0 2A5#0000133A0000135D
(1790954206.752520) can0 2A6#FFFFEC9B00000648
(1790954206.752645) can0 2A7#00004B0A0000013B
(1790954206.757036) can0 2A1#0100010000000000
(1790954206.757094) can0 2A2#0000E1BE000016BD
(1790954206.757170) can0 2A3#000329D10002A0EA
(1790954206.757295) can0 2A4#000127970002B552
(1790954206.757521) can0 2A5#0000133A0000135D
(1790954206.757550) can0 2A6#FFFFEC9B00000648
(1790954206.757671) can0 2A7#00004B0A0000013B
(1790954206.762062) can0 2A1#0100010000000000
(1790954206.762076) can0 2A2#0000E1BE000016BD
(1790954206.762169) can0 2A3#000329D10002A0EA
(1790954206.762294) can0 2A4#000127970002B552
(1790954206.762529) can0 2A5#0000133A0000135D
(1790954206.762553) can0 2A6#FFFFEC9B00000648
(1790954206.762645) can0 2A7#00004B0A0000013B
(1790954206.766984) can0 2A1#0100010000000000
(1790954206.767099) can0 2A2#0000E1BE000016BD
(1790954206.767170) can0 2A3#000329D10002A0EA
(1790954206.767299) can0 2A4#000127970002B552
(1790954206.767421) can0 2A5#0000133A0000135D
(1790954206.767547) can0 2A6#FFFFEC9B00000648
(1790954206.767673) can0 2A7#00004B0A0000013B
(1790954206.771968) can0 2A1#0100010000000000
(1790954206.772049) can0 2A2#0000E1BE000016BD
(1790954206.772175) can0 2A3#000329D10002A0EA
(1790954206.772299) can0 2A4#000127970002B552
(1790954206.772396) can0 2A5#0000133A0000135D
(1790954206.772523) can0 2A6#FFFFEC9B00000648
(1790954206.772647) can0 2A7#00004B0A0000013B
(1790954206.776983) can0 2A1#0100010000000000
(1790954206.777098) can0 2A2#0000E1BE000016BD
(1790954206.777170) can0 2A3#000329D10002A0EA
(1790954206.777316) can0 2A4#000127970002B552
(1790954206.777423) can0 2A5#0000133A0000135D
(1790954206.777548) can0 2A6#FFFFEC9B00000648
(1790954206.777798) can0 2A7#00004B0A0000013B
(1790954206.782013) can0 2A1#0100010000000000
(1790954206.782064) can0 2A2#0000E1BE000016BD
(1790954206.782252) can0 2A3#000329D10002A0EA
(1790954206.782296) can0 2A4#000127970002B552
(1790954206.782397) can0 2A5#0000133A0000135D
(1790954206.782522) can0 2A6#FFFFEC9B00000648
(1790954206.782648) can0 2A7#00004B0A0000013B
(1790954206.787030) can0 2A1#0100010000000000
(1790954206.787096) can0 2A2#0000E1BE000016BD
(1790954206.787171) can0 2A3#000329D10002A0EA
(1790954206.787296) can0 2A4#000127970002B552
(1790954206.787426) can0 2A5#0000133A0000135D
(1790954206.787547) can0 2A6#FFFFEC9B00000648
(1790954206.787674) can0 2A7#00004B0A0000013B
(1790954206.791963) can0 2A1#0100010000000000
(1790954206.792051) can0 2A2#0000E1BE000016BD
(1790954206.792172) can0 2A3#000329D10002A0EA
(1790954206.792299) can0 2A4#000127970002B552
(1790954206.792423) can0 2A5#0000133A0000135D
(1790954206.792521) can0 2A6#FFFFEC9B00000648
(1790954206.792648) can0 2A7#00004B0A0000013B
(1790954206.797048) can0 2A1#0100010000000000
(1790954206.797068) can0 2A2#0000E1BE000016BD
(1790954206.797272) can0 2A3#000329D10002A0EA
(1790954206.797301) can0 2A4#000127970002B552
(1790954206.797501) can0 2A5#0000133A0000135D
(1790954206.797631) can0 2A6#FFFFEC9B00000648
(1790954206.797649) can0 2A7#00004B0A0000013B
(1790954206.801935) can0 2A1#0100010000000000
(1790954206.802167) can0 2A2#0000E1BE000016BD
(1790954206.802178) can0 2A3#000329D10002A0EA
(1790954206.802297) can0 2A4#000127970002B552
(1790954206.802421) can0 2A5#0000133A0000135D
(1790954206.802520) can0 2A6#FFFFEC9B00000648
(1790954206.802644) can0 2A7#00004B0A0000013B
(1790954206.806960) can0 2A1#0100010000000000
(1790954206.807048) can0 2A2#0000E1BE000016BD
(1790954206.807197) can0 2A3#000329D10002A0EA
(1790954206.807297) can0 2A4#000127970002B552
(1790954206.807421) can0 2A5#0000133A0000135D
(1790954206.807545) can0 2A6#FFFFEC9B00000648
(1790954206.807670) can0 2A7#00004B0A0000013B
(1790954206.811969) can0 2A1#0100010000000000
(1790954206.812045) can0 2A2#0000E1BE000016BD
(1790954206.812168) can0 2A3#000329D10002A0EA
(1790954206.812293) can0 2A4#000127970002B552
(1790954206.812406) can0 2A5#0000133A0000135D
(1790954206.812550) can0 2A6#FFFFEC9B00000648
(1790954206.812649) can0 2A7#00004B0A0000013B
(1790954206.817036) can0 2A1#0100010000000000
(1790954206.817094) can0 2A2#0000E1BE000016BD
(1790954206.817301) can0 2A3#000329D10002A0EA
(1790954206.817310) can0 2A4#000127970002B552
(1790954206.817500) can0 2A5#0000133A0000135D
(1790954206.817545) can0 2A6#FFFFEC9B00000648
(1790954206.817670) can0 2A7#00004B0A0000013B
(1790954206.821942) can0 2A1#0100010000000000
(1790954206.822100) can0 2A2#0000E1BE000016BD
(1790954206.822196) can0 2A3#000329D10002A0EA
(1790954206.822297) can0 2A4#000127970002B552
(1790954206.822420) can0 2A5#0000133A0000135D
(1790954206.822521) can0 2A6#FFFFEC9B00000648
(1790954206.822644) can0 2A7#00004B0A0000013B
(1790954206.826983) can0 2A1#0100010000000000
(1790954206.827100) can0 2A2#0000E1BE000016BD
(1790954206.827197) can0 2A3#000329D10002A0EA
(1790954206.827295) can0 2A4#000127970002B552
(1790954206.827422) can0 2A5#0000133A0000135D
(1790954206.827547) can0 2A6#FFFFEC9B00000648
(1790954206.827645) can0 2A7#00004B0A0000013B
(1790954206.832046) can0 2A1#0100010000000000
(1790954206.832063) can0 2A2#0000E1BE000016BD
(1790954206.832235) can0 2A3#000329D10002A0EA
(1790954206.832392) can0 2A4#000127970002B552
(1790954206.832610) can0 2A5#0000133A0000135D
(1790954206.832620) can0 2A6#FFFFEC9B00000648
(1790954206.832651) can0 2A7#00004B0A0000013B
(1790954206.836983) can0 2A1#0100010000000000
(1790954206.837107) can0 2A2#0000E1BE000016BD
(1790954206.837173) can0 2A3#000329D10002A0EA
(1790954206.837296) can0 2A4#000127970002B552
(1790954206.837421) can0 2A5#0000133A0000135D
(1790954206.837559) can0 2A6#FFFFEC9B00000648
(1790954206.837672) can0 2A7#00004B0A0000013B
(1790954206.842092) can0 2A1#0100010000000000
(1790954206.842109) can0 2A2#0000E1BE000016BD
(1790954206.842171) can0 2A3#000329D10002A0EA
(1790954206.842295) can0 2A4#000127970002B552
(1790954206.842399) can0 2A5#0000133A0000135D
(1790954206.842522) can0 2A6#FFFFEC9B00000648
(1790954206.842644) can0 2A7#00004B0A0000013B
(1790954206.847052) can0 2A1#0100010000000000
(1790954206.847094) can0 2A2#0000E1BE000016BD
(1790954206.847171) can0 2A3#000329D10002A0EA
(1790954206.847294) can0 2A4#000127970002B552
(1790954206.847419) can0 2A5#0000133A0000135D
(1790954206.847545) can0 2A6#FFFFEC9B00000648
(1790954206.847670) can0 2A7#00004B0A0000013B
(1790954206.852051) can0 2A1#0100010000000000
(1790954206.852068) can0 2A2#0000E1BE000016BD
(1790954206.852173) can0 2A3#000329D10002A0EA
(1790954206.852295) can0 2A4#000127970002B552
(1790954206.852419) can0 2A5#0000133A0000135D
(1790954206.852520) can0 2A6#FFFFEC9B00000648
(1790954206.852644) can0 2A7#00004B0A0000013B
(1790954206.856992) can0 2A1#0100010000000000
(1790954206.857099) can0 2A2#0000E1BE000016BD
(1790954206.857170) can0 2A3#000329D10002A0EA
(1790954206.857295) can0 2A4#000127970002B552
(1790954206.857419) can0 2A5#0000133A0000135D
(1790954206.857545) can0 2A6#FFFFEC9B00000648
(1790954206.857670) can0 2A7#00004B0A0000013B
(1790954206.861926) can0 2A1#0100010000000000
(1790954206.862045) can0 2A2#0000E1BE000016BD
(1790954206.862170) can0 2A3#000329D10002A0EA
(1790954206.862293) can0 2A4#000127970002B552
(1790954206.862419) can0 2A5#0000133A0000135D
(1790954206.862519) can0 2A6#FFFFEC9B00000648
(1790954206.862644) can0 2A7#00004B0A0000013B
(1790954206.866965) can0 2A1#0100010000000000
(1790954206.867097) can0 2A2#0000E1BE000016BD
(1790954206.867195) can0 2A3#000329D10002A0EA
(1790954206.867294) can0 2A4#000127970002B552
(1790954206.867418) can0 2A5#0000133A0000135D
(1790954206.867544) can0 2A6#FFFFEC9B00000648
(1790954206.867668) can0 2A7#00004B0A0000013B
(1790954206.871950) can0 2A1#0100010000000000
(1790954206.872045) can0 2A2#0000E1BE000016BD
(1790954206.872168) can0 2A3#000329D10002A0EA
(1790954206.872293) can0 2A4#000127970002B552
(1790954206.872419) can0 2A5#0000133A0000135D
(1790954206.872543) can0 2A6#FFFFEC9B00000648
(1790954206.872644) can0 2A7#00004B0A0000013B
(1790954206.876949) can0 2A1#0100010000000000
(1790954206.877092) can0 2A2#0000E1BE000016BD
(1790954206.877167) can0 2A3#000329D10002A0EA
(1790954206.877291) can0 2A4#000127970002B552
(1790954206.877416) can0 2A5#0000133A0000135D
(1790954206.877541) can0 2A6#FFFFEC9B00000648
(1790954206.877666) can0 2A7#00004B0A0000013B
(1790954206.881944) can0 2A1#0100010000000000
(1790954206.882046) can0 2A2#0000E1BE000016BD
(1790954206.882179) can0 2A3#000329D10002A0EA
(1790954206.882296) can0 2A4#000127970002B552
(1790954206.882393) can0 2A5#0000133A0000135D
(1790954206.882526) can0 2A6#FFFFEC9B00000648
(1790954206.882646) can0 2A7#00004B0A0000013B
(1790954206.886974) can0 2A1#0100010000000000
(1790954206.887099) can0 2A2#0000E1BE000016BD
(1790954206.887172) can0 2A3#000329D10002A0EA
(1790954206.887298) can0 2A4#000127970002B552
(1790954206.887421) can0 2A5#0000133A0000135D
(1790954206.887547) can0 2A6#FFFFEC9B00000648
(1790954206.887712) can0 2A7#00004B0A0000013B
(1790954206.891972) can0 2A1#0100010000000000
(1790954206.892047) can0 2A2#0000E1BE000016BD
(1790954206.892170) can0 2A3#000329D10002A0EA
(1790954206.892295) can0 2A4#000127970002B552
(1790954206.892420) can0 2A5#0000133A0000135D
(1790954206.892548) can0 2A6#FFFFEC9B00000648
(1790954206.892645) can0 2A7#00004B0A0000013B
(1790954206.896972) can0 2A1#0100010000000000
(1790954206.897097) can0 2A2#0000E1BE000016BD
(1790954206.897169) can0 2A3#000329D10002A0EA
(1790954206.897297) can0 2A4#000127970002B552
(1790954206.897418) can0 2A5#0000133A0000135D
(1790954206.897543) can0 2A6#FFFFEC9B00000648
(1790954206.897669) can0 2A7#00004B0A0000013B
(1790954206.901978) can0 2A1#0100010000000000
(1790954206.902101) can0 2A2#0000E1BE000016BD
(1790954206.902197) can0 2A3#000329D10002A0EA
(1790954206.902298) can0 2A4#000127970002B552
(1790954206.902422) can0 2A5#0000133A0000135D
(1790954206.902522) can0 2A6#FFFFEC9B00000648
(1790954206.902648) can0 2A7#00004B0A0000013B
(1790954206.906971) can0 2A1#0100010000000000
(1790954206.907102) can0 2A2#0000E1BE000016BD
(1790954206.907200) can0 2A3#000329D10002A0EA
(1790954206.907298) can0 2A4#000127970002B552
(1790954206.907418) can0 2A5#0000133A0000135D
(1790954206.907549) can0 2A6#FFFFEC9B00000648
(1790954206.907644) can0 2A7#00004B0A0000013B
(1790954206.911958) can0 2A1#0100010000000000
(1790954206.912120) can0 2A2#0000E1BE000016BD
(1790954206.912169) can0 2A3#000329D10002A0EA
(1790954206.912269) can0 2A4#000127970002B552
(1790954206.912394) can0 2A5#0000133A0000135D
(1790954206.912545) can0 2A6#FFFFEC9B00000648
(1790954206.912644) can0 2A7#00004B0A0000013B
(1790954206.916947) can0 2A1#0100010000000000
(1790954206.917093) can0 2A2#0000E1BE000016BD
(1790954206.917168) can0 2A3#000329D10002A0EA
(1790954206.917293) can0 2A4#000127970002B552
(1790954206.917418) can0 2A5#0000133A0000135D
(1790954206.917543) can0 2A6#FFFFEC9B00000648
(1790954206.917669) can0 2A7#00004B0A0000013B
(1790954206.921959) can0 2A1#0100010000000000
(1790954206.922094) can0 2A2#0000E1BE000016BD
(1790954206.922168) can0 2A3#000329D10002A0EA
(1790954206.922294) can0 2A4#000127970002B552
(1790954206.922393) can0 2A5#0000133A0000135D
(1790954206.922519) can0 2A6#FFFFEC9B00000648
(1790954206.922643) can0 2A7#00004B0A0000013B
(1790954206.926948) can0 2A1#0100010000000000
(1790954206.927093) can0 2A2#0000E1BE000016BD
(1790954206.927169) can0 2A3#000329D10002A0EA
(1790954206.927293) can0 2A4#000127970002B552
(1790954206.927418) can0 2A5#0000133A0000135D
(1790954206.927544) can0 2A6#FFFFEC9B00000648
(1790954206.927668) can0 2A7#00004B0A0000013B
(1790954206.931926) can0 2A1#0100010000000000
(1790954206.932043) can0 2A2#0000E1BE000016BD
(1790954206.932168) can0 2A3#000329D10002A0EA
(1790954206.932293) can0 2A4#000127970002B552
(1790954206.932419) can0 2A5#0000133A0000135D
(1790954206.932518) can0 2A6#FFFFEC9B00000648
(1790954206.932643) can0 2A7#00004B0A0000013B
(1790954206.936957) can0 2A1#0100010000000000
(1790954206.937095) can0 2A2#0000E1BE000016BD
(1790954206.937196) can0 2A3#000329D10002A0EA
(1790954206.937295) can0 2A4#000127970002B552
(1790954206.937420) can0 2A5#0000133A0000135D
(1790954206.937546) can0 2A6#FFFFEC9B00000648
(1790954206.937645) can0 2A7#00004B0A0000013B
(1790954206.941965) can0 2A1#0100010000000000
(1790954206.942097) can0 2A2#0000E1BE000016BD
(1790954206.942171) can0 2A3#000329D10002A0EA
(1790954206.942295) can0 2A4#000127970002B552
(1790954206.942396) can0 2A5#0000133A0000135D
(1790954206.942520) can0 2A6#FFFFEC9B00000648
(1790954206.942646) can0 2A7#00004B0A0000013B
(1790954206.946960) can0 2A1#0100010000000000
(1790954206.947365) can0 2A2#0000E1BE000016BD
(1790954206.947378) can0 2A3#000329D10002A0EA
(1790954206.947379) can0 2A4#000127970002B552
(1790954206.947423) can0 2A5#0000133A0000135D
(1790954206.947550) can0 2A6#FFFFEC9B00000648
(1790954206.947672) can0 2A7#00004B0A0000013B
(1790954206.951949) can0 2A1#0100010000000000
(1790954206.952045) can0 2A2#0000E1BE000016BD
(1790954206.952202) can0 2A3#000329D10002A0EA
(1790954206.952294) can0 2A4#000127970002B552
(1790954206.952418) can0 2A5#0000133A0000135D
(1790954206.952517) can0 2A6#FFFFEC9B00000648
(1790954206.952643) can0 2A7#00004B0A0000013B
(1790954206.956951) can0 2A1#0100010000000000
(1790954206.957097) can0 2A2#0000E1BE000016BD
(1790954206.957260) can0 2A3#000329D10002A0EA
(1790954206.957294) can0 2A4#000127970002B552
(1790954206.957418) can0 2A5#0000133A0000135D
(1790954206.957543) can0 2A6#FFFFEC9B00000648
(1790954206.957668) can0 2A7#00004B0A0000013B
(1790954206.961949) can0 2A1#0100010000000000
(1790954206.962044) can0 2A2#0000E1BE000016BD
(1790954206.962168) can0 2A3#000329D10002A0EA
(1790954206.962292) can0 2A4#000127970002B552
(1790954206.962420) can0 2A5#0000133A0000135D
(1790954206.962519) can0 2A6#FFFFEC9B00000648
(1790954206.962642) can0 2A7#00004B0A0000013B
(1790954206.966952) can0 2A1#0100010000000000
(1790954206.967095) can0 2A2#0000E1BE000016BD
(1790954206.967195) can0 2A3#000329D10002A0EA
(1790954206.967296) can0 2A4#000127970002B552
(1790954206.967420) can0 2A5#0000133A0000135D
(1790954206.967545) can0 2A6#FFFFEC9B00000648
(1790954206.967670) can0 2A7#00004B0A0000013B
(1790954206.971953) can0 2A1#0100010000000000
(1790954206.972046) can0 2A2#0000E1BE000016BD
(1790954206.972171) can0 2A3#000329D10002A0EA
(1790954206.972295) can0 2A4#000127970002B552
(1790954206.972421) can0 2A5#0000133A0000135D
(1790954206.972520) can0 2A6#FFFFEC9B00000648
(1790954206.972645) can0 2A7#00004B0A0000013B
(1790954206.976956) can0 2A1#0100010000000000
(1790954206.977096) can0 2A2#0000E1BE000016BD
(1790954206.977195) can0 2A3#000329D10002A0EA
(1790954206.977321) can0 2A4#000127970002B552
(1790954206.977420) can0 2A5#0000133A0000135D
(1790954206.977543) can0 2A6#FFFFEC9B00000648
(1790954206.977668) can0 2A7#00004B0A0000013B
(1790954206.981953) can0 2A1#0100010000000000
(1790954206.982049) can0 2A2#0000E1BE000016BD
(1790954206.982171) can0 2A3#000329D10002A0EA
(1790954206.982302) can0 2A4#000127970002B552
(1790954206.982423) can0 2A5#0000133A0000135D
(1790954206.982523) can0 2A6#FFFFEC9B00000648
(1790954206.982648) can0 2A7#00004B0A0000013B
(1790954206.986963) can0 2A1#0100010000000000
(1790954206.987103) can0 2A2#0000E1BE000016BD
(1790954206.987170) can0 2A3#000329D10002A0EA
(1790954206.987297) can0 2A4#000127970002B552
(1790954206.987421) can0 2A5#0000133A0000135D
(1790954206.987546) can0 2A6#FFFFEC9B00000648
(1790954206.987671) can0 2A7#00004B0A0000013B
(1790954206.991960) can0 2A1#0100010000000000
(1790954206.992046) can0 2A2#0000E1BE000016BD
(1790954206.992171) can0 2A3#000329D10002A0EA
(1790954206.992297) can0 2A4#000127970002B552
(1790954206.992420) can0 2A5#0000133A0000135D
(1790954206.992522) can0 2A6#FFFFEC9B00000648
(1790954206.992647) can0 2A7#00004B0A0000013B
(1790954206.996966) can0 2A1#0100010000000000
(1790954206.997100) can0 2A2#0000E1BE000016BD
(1790954206.997169) can0 2A3#000329D10002A0EA
(1790954206.997302) can0 2A4#000127970002B552
(1790954206.997422) can0 2A5#0000133A0000135D
(1790954206.997544) can0 2A6#FFFFEC9B00000648
(1790954206.997668) can0 2A7#00004B0A0000013B
(1790954207.001951) can0 2A1#0100010000000000
(1790954207.002101) can0 2A2#0000E1BE000016BD
(1790954207.002173) can0 2A3#000329D10002A0EA
(1790954207.002296) can0 2A4#000127970002B552
(1790954207.002421) can0 2A5#0000133A0000135D
(1790954207.002521) can0 2A6#FFFFEC9B00000648
(1790954207.002647) can0 2A7#00004B0A0000013B
(1790954207.006954) can0 2A1#0100010000000000
(1790954207.007097) can0 2A2#0000E1BE000016BD
(1790954207.007197) can0 2A3#000329D10002A0EA
(1790954207.007296) can0 2A4#000127970002B552
(1790954207.007421) can0 2A5#0000133A0000135D
(1790954207.007546) can0 2A6#FFFFEC9B00000648
(1790954207.007646) can0 2A7#00004B0A0000013B
(1790954207.011965) can0 2A1#0100010000000000
(1790954207.012048) can0 2A2#0000E1BE000016BD
(1790954207.012172) can0 2A3#000329D10002A0EA
(1790954207.012302) can0 2A4#000127970002B552
(1790954207.012422) can0 2A5#0000133A0000135D
(1790954207.012522) can0 2A6#FFFFEC9B00000648
(1790954207.012647) can0 2A7#00004B0A0000013B
(1790954207.016971) can0 2A1#0100010000000000
(1790954207.017097) can0 2A2#0000E1BE000016BD
(1790954207.017196) can0 2A3#000329D10002A0EA
(1790954207.017296) can0 2A4#000127970002B552
(1790954207.017420) can0 2A5#0000133A0000135D
(1790954207.017546) can0 2A6#FFFFEC9B00000648
(1790954207.017672) can0 2A7#00004B0A0000013B
(1790954207.021927) can0 2A1#0100010000000000
(1790954207.022044) can0 2A2#0000E1BE000016BD
(1790954207.022169) can0 2A3#000329D10002A0EA
(1790954207.022293) can0 2A4#000127970002B552
(1790954207.022420) can0 2A5#0000133A0000135D
(1790954207.022519) can0 2A6#FFFFEC9B00000648
(1790954207.022643) can0 2A7#00004B0A0000013B
(1790954207.026965) can0 2A1#0100010000000000
(1790954207.027098) can0 2A2#0000E1BE000016BD
(1790954207.027170) can0 2A3#000329D10002A0EA
(1790954207.027294) can0 2A4#000127970002B552
(1790954207.027419) can0 2A5#0000133A0000135D
(1790954207.027545) can0 2A6#FFFFEC9B00000648
(1790954207.027669) can0 2A7#00004B0A0000013B
(1790954207.031970) can0 2A1#0100010000000000
(1790954207.032049) can0 2A2#0000E1BE000016BD
(1790954207.032173) can0 2A3#000329D10002A0EA
(1790954207.032297) can0 2A4#000127970002B552
(1790954207.032395) can0 2A5#0000133A0000135D
(1790954207.032546) can0 2A6#FFFFEC9B00000648
(1790954207.032646) can0 2A7#00004B0A0000013B
(1790954207.036963) can0 2A1#0100010000000000
(1790954207.037100) can0 2A2#0000E1BE000016BD
(1790954207.037170) can0 2A3#000329D10002A0EA
(1790954207.037293) can0 2A4#000127970002B552
(1790954207.037418) can0 2A5#0000133A0000135D
(1790954207.037545) can0 2A6#FFFFEC9B00000648
(1790954207.037670) can0 2A7#00004B0A0000013B
(1790954207.041953) can0 2A1#0100010000000000
(1790954207.042046) can0 2A2#0000E1BE000016BD
(1790954207.042170) can0 2A3#000329D10002A0EA
(1790954207.042295) can0 2A4#000127970002B552
(1790954207.042421) can0 2A5#0000133A0000135D
(1790954207.042545) can0 2A6#FFFFEC9B00000648
(1790954207.042648) can0 2A7#00004B0A0000013B
(1790954207.046962) can0 2A1#0100010000000000
(1790954207.047097) can0 2A2#0000E1BE000016BD
(1790954207.047172) can0 2A3#000329D10002A0EA
(1790954207.047295) can0 2A4#000127970002B552
(1790954207.047420) can0 2A5#0000133A0000135D
(1790954207.047545) can0 2A6#FFFFEC9B00000648
(1790954207.047670) can0 2A7#00004B0A0000013B
(1790954207.051956) can0 2A1#0100010000000000
(1790954207.052096) can0 2A2#0000E1BE000016BD
(1790954207.052194) can0 2A3#000329D10002A0EA
(1790954207.052294) can0 2A4#000127970002B552
(1790954207.052420) can0 2A5#0000133A0000135D
(1790954207.052526) can0 2A6#FFFFEC9B00000648
(1790954207.052644) can0 2A7#00004B0A0000013B
(1790954207.056978) can0 2A1#0100010000000000
(1790954207.057095) can0 2A2#0000E1BE000016BD
(1790954207.057198) can0 2A3#000329D10002A0EA
(1790954207.057296) can0 2A4#000127970002B552
(1790954207.057420) can0 2A5#0000133A0000135D
(1790954207.057546) can0 2A6#FFFFEC9B00000648
(1790954207.057671) can0 2A7#00004B0A0000013B
(1790954207.061950) can0 2A1#0100010000000000
(1790954207.062046) can0 2A2#0000E1BE000016BD
(1790954207.062175) can0 2A3#000329D10002A0EA
(1790954207.062298) can0 2A4#000127970002B552
(1790954207.062424) can0 2A5#0000133A0000135D
(1790954207.062524) can0 2A6#FFFFEC9B00000648
(1790954207.062648) can0 2A7#00004B0A0000013B
(1790954207.066971) can0 2A1#0100010000000000
(1790954207.067096) can0 2A2#0000E1BE000016BD
(1790954207.067197) can0 2A3#000329D10002A0EA
(1790954207.067296) can0 2A4#000127970002B552
(1790954207.067421) can0 2A5#0000133A0000135D
(1790954207.067546) can0 2A6#FFFFEC9B00000648
(1790954207.067645) can0 2A7#00004B0A0000013B
(1790954207.071929) can0 2A1#0100010000000000
(1790954207.072047) can0 2A2#0000E1BE000016BD
(1790954207.072172) can0 2A3#000329D10002A0EA
(1790954207.072295) can0 2A4#000127970002B552
(1790954207.072420) can0 2A5#0000133A0000135D
(1790954207.072520) can0 2A6#FFFFEC9B00000648
(1790954207.072645) can0 2A7#00004B0A0000013B
(1790954207.076958) can0 2A1#0100010000000000
(1790954207.077097) can0 2A2#0000E1BE000016BD
(1790954207.077197) can0 2A3#000329D10002A0EA
(1790954207.077297) can0 2A4#000127970002B552
(1790954207.077423) can0 2A5#0000133A0000135D
(1790954207.077547) can0 2A6#FFFFEC9B00000648
(1790954207.077647) can0 2A7#00004B0A0000013B
(1790954207.081963) can0 2A1#0100010000000000
(1790954207.082051) can0 2A2#0000E1BE000016BD
(1790954207.082174) can0 2A3#000329D10002A0EA
(1790954207.082297) can0 2A4#000127970002B552
(1790954207.082423) can0 2A5#0000133A0000135D
(1790954207.082548) can0 2A6#FFFFEC9B00000648
(1790954207.082651) can0 2A7#00004B0A0000013B
(1790954207.086954) can0 2A1#0100010000000000
(1790954207.087099) can0 2A2#0000E1BE000016BD
(1790954207.087172) can0 2A3#000329D10002A0EA
(1790954207.087296) can0 2A4#000127970002B552
(1790954207.087422) can0 2A5#0000133A0000135D
(1790954207.087547) can0 2A6#FFFFEC9B00000648
(1790954207.087673) can0 2A7#00004B0A0000013B
(1790954207.091958) can0 2A1#0100010000000000
(1790954207.092047) can0 2A2#0000E1BE000016BD
(1790954207.092172) can0 2A3#000329D10002A0EA
(1790954207.092297) can0 2A4#000127970002B552
(1790954207.092422) can0 2A5#0000133A0000135D
(1790954207.092547) can0 2A6#FFFFEC9B00000648
(1790954207.092647) can0 2A7#00004B0A0000013B
(1790954207.096984) can0 2A1#0100010000000000
(1790954207.097101) can0 2A2#0000E1BE000016BD
(1790954207.097173) can0 2A3#000329D10002A0EA
(1790954207.097302) can0 2A4#000127970002B552
(1790954207.097423) can0 2A5#0000133A0000135D
(1790954207.097548) can0 2A6#FFFFEC9B00000648
(1790954207.097672) can0 2A7#00004B0A0000013B
(1790954207.101954) can0 2A1#0100010000000000
(1790954207.102136) can0 2A2#0000E1BE000016BD
(1790954207.102171) can0 2A3#000329D10002A0EA
(1790954207.102301) can0 2A4#000127970002B552
(1790954207.102423) can0 2A5#0000133A0000135D
(1790954207.102546) can0 2A6#FFFFEC9B00000648
(1790954207.102646) can0 2A7#00004B0A0000013B
(1790954207.106965) can0 2A1#0100010000000000
(1790954207.107095) can0 2A2#0000E1BE000016BD
(1790954207.107195) can0 2A3#000329D10002A0EA
(1790954207.107296) can0 2A4#000127970002B552
(1790954207.107424) can0 2A5#0000133A0000135D
(1790954207.107548) can0 2A6#FFFFEC9B00000648
(1790954207.107669) can0 2A7#00004B0A0000013B
(1790954207.111928) can0 2A1#0100010000000000
(1790954207.112046) can0 2A2#0000E1BE000016BD
(1790954207.112171) can0 2A3#000329D10002A0EA
(1790954207.112295) can0 2A4#000127970002B552
(1790954207.112420) can0 2A5#0000133A0000135D
(1790954207.112521) can0 2A6#FFFFEC9B00000648
(1790954207.112645) can0 2A7#00004B0A0000013B
(1790954207.116955) can0 2A1#0100010000000000
(1790954207.117096) can0 2A2#0000E1BE000016BD
(1790954207.117170) can0 2A3#000329D10002A0EA
(1790954207.117296) can0 2A4#000127970002B552
(1790954207.117421) can0 2A5#0000133A0000135D
(1790954207.117545) can0 2A6#FFFFEC9B00000648
(1790954207.117670) can0 2A7#00004B0A0000013B
(1790954207.121958) can0 2A1#0100010000000000
(1790954207.122099) can0 2A2#0000E1BE000016BD
(1790954207.122197) can0 2A3#000329D10002A0EA
(1790954207.122297) can0 2A4#000127970002B552
(1790954207.122422) can0 2A5#0000133A0000135D
(1790954207.122522) can0 2A6#FFFFEC9B00000648
(1790954207.122647) can0 2A7#00004B0A0000013B
(1790954207.126954) can0 2A1#0100010000000000
(1790954207.127099) can0 2A2#0000E1BE000016BD
(1790954207.127197) can0 2A3#000329D10002A0EA
(1790954207.127297) can0 2A4#000127970002B552
(1790954207.127422) can0 2A5#0000133A0000135D
(1790954207.127547) can0 2A6#FFFFEC9B00000648
(1790954207.127671) can0 2A7#00004B0A0000013B
(1790954207.131971) can0 2A1#0100010000000000
(1790954207.132047) can0 2A2#0000E1BE000016BD
(1790954207.132171) can0 2A3#000329D10002A0EA
(1790954207.132297) can0 2A4#000127970002B552
(1790954207.132423) can0 2A5#0000133A0000135D
(1790954207.132548) can0 2A6#FFFFEC9B00000648
(1790954207.132647) can0 2A7#00004B0A0000013B
(1790954207.136975) can0 2A1#0100010000000000
(1790954207.137099) can0 2A2#0000E1BE000016BD
(1790954207.137171) can0 2A3#000329D10002A0EA
(1790954207.137297) can0 2A4#000127970002B552
(1790954207.137422) can0 2A5#0000133A0000135D
(1790954207.137547) can0 2A6#FFFFEC9B00000648
(1790954207.137671) can0 2A7#00004B0A0000013B
(1790954207.141932) can0 2A1#0100010000000000
(1790954207.142096) can0 2A2#0000E1BE000016BD
(1790954207.142194) can0 2A3#000329D10002A0EA
(1790954207.142294) can0 2A4#000127970002B552
(1790954207.142419) can0 2A5#0000133A0000135D
(1790954207.142519) can0 2A6#FFFFEC9B00000648
(1790954207.142644) can0 2A7#00004B0A0000013B
(1790954207.146949) can0 2A1#0100010000000000
(1790954207.147096) can0 2A2#0000E1BE000016BD
(1790954207.147195) can0 2A3#000329D10002A0EA
(1790954207.147295) can0 2A4#000127970002B552
(1790954207.147419) can0 2A5#0000133A0000135D
(1790954207.147544) can0 2A6#FFFFEC9B00000648
(1790954207.147668) can0 2A7#00004B0A0000013B
(1790954207.151950) can0 2A1#0100010000000000
(1790954207.152044) can0 2A2#0000E1BE000016BD
(1790954207.152169) can0 2A3#000329D10002A0EA
(1790954207.152295) can0 2A4#000127970002B552
(1790954207.152419) can0 2A5#0000133A0000135D
(1790954207.152518) can0 2A6#FFFFEC9B00000648
(1790954207.152643) can0 2A7#00004B0A0000013B
(1790954207.156958) can0 2A1#0100010000000000
(1790954207.157096) can0 2A2#0000E1BE000016BD
(1790954207.157196) can0 2A3#000329D10002A0EA
(1790954207.157295) can0 2A4#000127970002B552
(1790954207.157420) can0 2A5#0000133A0000135D
(1790954207.157546) can0 2A6#FFFFEC9B00000648
(1790954207.157670) can0 2A7#00004B0A0000013B
(1790954207.161955) can0 2A1#0100010000000000
(1790954207.162046) can0 2A2#0000E1BE000016BD
(1790954207.162171) can0 2A3#000329D10002A0EA
(1790954207.162295) can0 2A4#000127970002B552
(1790954207.162421) can0 2A5#0000133A0000135D
(1790954207.162546) can0 2A6#FFFFEC9B00000648
(1790954207.162648) can0 2A7#00004B0A0000013B
(1790954207.166953) can0 2A1#0100010000000000
(1790954207.167097) can0 2A2#0000E1BE000016BD
(1790954207.167172) can0 2A3#000329D10002A0EA
(1790954207.167296) can0 2A4#000127970002B552
(1790954207.167421) can0 2A5#0000133A0000135D
(1790954207.167547) can0 2A6#FFFFEC9B00000648
(1790954207.167671) can0 2A7#00004B0A0000013B
(1790954207.171924) can0 2A1#0100010000000000
(1790954207.172052) can0 2A2#0000E1BE000016BD
(1790954207.172171) can0 2A3#000329D10002A0EA
(1790954207.172297) can0 2A4#000127970002B552
(1790954207.172419) can0 2A5#0000133A0000135D
(1790954207.172544) can0 2A6#FFFFEC9B00000648
(1790954207.172644) can0 2A7#00004B0A0000013B
(1790954207.176958) can0 2A1#0100010000000000
(1790954207.177096) can0 2A2#0000E1BE000016BD
(1790954207.177195) can0 2A3#000329D10002A0EA
(1790954207.177320) can0 2A4#000127970002B552
(1790954207.177421) can0 2A5#0000133A0000135D
(1790954207.177546) can0 2A6#FFFFEC9B00000648
(1790954207.177670) can0 2A7#00004B0A0000013B
(1790954207.181960) can0 2A1#0100010000000000
(1790954207.182097) can0 2A2#0000E1BE000016BD
(1790954207.182197) can0 2A3#000329D10002A0EA
(1790954207.182295) can0 2A4#000127970002B552
(1790954207.182420) can0 2A5#0000133A0000135D
(1790954207.182520) can0 2A6#FFFFEC9B00000648
(1790954207.182645) can0 2A7#00004B0A0000013B
(1790954207.186954) can0 2A1#0100010000000000
(1790954207.187097) can0 2A2#0000E1BE000016BD
(1790954207.187196) can0 2A3#000329D10002A0EA
(1790954207.187324) can0 2A4#000127970002B552
(1790954207.187421) can0 2A5#0000133A0000135D
(1790954207.187548) can0 2A6#FFFFEC9B00000648
(1790954207.187672) can0 2A7#00004B0A0000013B
(1790954207.191954) can0 2A1#0100010000000000
(1790954207.192051) can0 2A2#0000E1BE000016BD
(1790954207.192180) can0 2A3#000329D10002A0EA
(1790954207.192298) can0 2A4#000127970002B552
(1790954207.192423) can0 2A5#0000133A0000135D
(1790954207.192525) can0 2A6#FFFFEC9B00000648
(1790954207.192646) can0 2A7#00004B0A0000013B
(1790954207.196952) can0 2A1#0100010000000000
(1790954207.197094) can0 2A2#0000E1BE000016BD
(1790954207.197193) can0 2A3#000329D10002A0EA
(1790954207.197293) can0 2A4#000127970002B552
(1790954207.197418) can0 2A5#0000133A0000135D
(1790954207.197545) can0 2A6#FFFFEC9B00000648
(1790954207.197668) can0 2A7#00004B0A0000013B
(1790954207.201952) can0 2A1#0100010000000000
(1790954207.202094) can0 2A2#0000E1BE000016BD
(1790954207.202193) can0 2A3#000329D10002A0EA
(1790954207.202293) can0 2A4#000127970002B552
(1790954207.202418) can0 2A5#0000133A0000135D
(1790954207.202543) can0 2A6#FFFFEC9B00000648
(1790954207.202643) can0 2A7#00004B0A0000013B
(1790954207.206948) can0 2A1#0100010000000000
(1790954207.207097) can0 2A2#0000E1BE000016BD
(1790954207.207195) can0 2A3#000329D10002A0EA
(1790954207.207319) can0 2A4#000127970002B552
(1790954207.207419) can0 2A5#0000133A0000135D
(1790954207.207544) can0 2A6#FFFFEC9B00000648
(1790954207.207669) can0 2A7#00004B0A0000013B
(1790954207.211949) can0 2A1#0100010000000000
(1790954207.212097) can0 2A2#0000E1BE000016BD
(1790954207.212171) can0 2A3#000329D10002A0EA
(1790954207.212298) can0 2A4#000127970002B552
(1790954207.212421) can0 2A5#0000133A0000135D
(1790954207.212521) can0 2A6#FFFFEC9B00000648
(1790954207.212646) can0 2A7#00004B0A0000013B
(1790954207.216958) can0 2A1#0100010000000000
(1790954207.217097) can0 2A2#0000E1BE000016BD
(1790954207.217197) can0 2A3#000329D10002A0EA
(1790954207.217317) can0 2A4#000127970002B552
(1790954207.217422) can0 2A5#0000133A0000135D
(1790954207.217546) can0 2A6#FFFFEC9B00000648
(1790954207.217669) can0 2A7#00004B0A0000013B
(1790954207.221940) can0 2A1#0100010000000000
(1790954207.222045) can0 2A2#0000E1BE000016BD
(1790954207.222170) can0 2A3#000329D10002A0EA
(1790954207.222295) can0 2A4#000127970002B552
(1790954207.222419) can0 2A5#0000133A0000135D
(1790954207.222519) can0 2A6#FFFFEC9B00000648
(1790954207.222644) can0 2A7#00004B0A0000013B
(1790954207.226951) can0 2A1#0100010000000000
(1790954207.227102) can0 2A2#0000E1BE000016BD
(1790954207.227197) can0 2A3#000329D10002A0EA
(1790954207.227294) can0 2A4#000127970002B552
(1790954207.227420) can0 2A5#0000133A0000135D
(1790954207.227544) can0 2A6#FFFFEC9B00000648
(1790954207.227670) can0 2A7#00004B0A0000013B
(1790954207.231972) can0 2A1#0100010000000000
(1790954207.232048) can0 2A2#0000E1BE000016BD
(1790954207.232173) can0 2A3#000329D10002A0EA
(1790954207.232299) can0 2A4#000127970002B552
(1790954207.232425) can0 2A5#0000133A0000135D
(1790954207.232524) can0 2A6#FFFFEC9B00000648
(1790954207.232647) can0 2A7#00004B0A0000013B
(1790954207.236971) can0 2A1#0100010000000000
(1790954207.237095) can0 2A2#0000E1BE000016BD
(1790954207.237194) can0 2A3#000329D10002A0EA
(1790954207.237294) can0 2A4#000127970002B552
(1790954207.237419) can0 2A5#0000133A0000135D
(1790954207.237551) can0 2A6#FFFFEC9B00000648
(1790954207.237672) can0 2A7#00004B0A0000013B
(1790954207.241946) can0 2A1#0100010000000000
(1790954207.242044) can0 2A2#0000E1BE000016BD
(1790954207.242169) can0 2A3#000329D10002A0EA
(1790954207.242293) can0 2A4#000127970002B552
(1790954207.242419) can0 2A5#0000133A0000135D
(1790954207.242544) can0 2A6#FFFFEC9B00000648
(1790954207.242643) can0 2A7#00004B0A0000013B
(1790954207.246951) can0 2A1#0100010000000000
(1790954207.247097) can0 2A2#0000E1BE000016BD
(1790954207.247201) can0 2A3#000329D10002A0EA
(1790954207.247319) can0 2A4#000127970002B552
(1790954207.247420) can0 2A5#0000133A0000135D
(1790954207.247543) can0 2A6#FFFFEC9B00000648
(1790954207.247668) can0 2A7#00004B0A0000013B
(1790954207.251949) can0 2A1#0100010000000000
(1790954207.252096) can0 2A2#0000E1BE000016BD
(1790954207.252171) can0 2A3#000329D10002A0EA
(1790954207.252295) can0 2A4#000127970002B552
(1790954207.252395) can0 2A5#0000133A0000135D
(1790954207.252546) can0 2A6#FFFFEC9B00000648
(1790954207.252670) can0 2A7#00004B0A0000013B
(1790954207.256958) can0 2A1#0100010000000000
(1790954207.257097) can0 2A2#0000E1BE000016BD
(1790954207.257171) can0 2A3#000329D10002A0EA
(1790954207.257296) can0 2A4#000127970002B552
(1790954207.257420) can0 2A5#0000133A0000135D
(1790954207.257545) can0 2A6#FFFFEC9B00000648
(1790954207.257670) can0 2A7#00004B0A0000013B
(1790954207.261925) can0 2A1#0100010000000000
(1790954207.262045) can0 2A2#0000E1BE000016BD
(1790954207.262173) can0 2A3#000329D10002A0EA
(1790954207.262295) can0 2A4#000127970002B552
(1790954207.262422) can0 2A5#0000133A0000135D
(1790954207.262521) can0 2A6#FFFFEC9B00000648
(1790954207.262645) can0 2A7#00004B0A0000013B
(1790954207.266961) can0 2A1#0100010000000000
(1790954207.267095) can0 2A2#0000E1BE000016BD
(1790954207.267196) can0 2A3#000329D10002A0EA
(1790954207.267295) can0 2A4#000127970002B552
(1790954207.267420) can0 2A5#0000133A0000135D
(1790954207.267547) can0 2A6#FFFFEC9B00000648
(1790954207.267675) can0 2A7#00004B0A0000013B
(1790954207.271937) can0 2A1#0100010000000000
(1790954207.272045) can0 2A2#0000E1BE000016BD
(1790954207.272169) can0 2A3#000329D10002A0EA
(1790954207.272294) can0 2A4#000127970002B552
(1790954207.272419) can0 2A5#0000133A0000135D
(1790954207.272543) can0 2A6#FFFFEC9B00000648
(1790954207.272644) can0 2A7#00004B0A0000013B
(1790954207.276950) can0 2A1#0100010000000000
(1790954207.277094) can0 2A2#0000E1BE000016BD
(1790954207.277195) can0 2A3#000329D10002A0EA
(1790954207.277295) can0 2A4#000127970002B552
(1790954207.277421) can0 2A5#0000133A0000135D
(1790954207.277546) can0 2A6#FFFFEC9B00000648
(1790954207.277646) can0 2A7#00004B0A0000013B
(1790954207.281962) can0 2A1#0100010000000000
(1790954207.282047) can0 2A2#0000E1BE000016BD
(1790954207.282172) can0 2A3#000329D10002A0EA
(1790954207.282296) can0 2A4#000127970002B552
(1790954207.282420) can0 2A5#0000133A0000135D
(1790954207.282552) can0 2A6#FFFFEC9B00000648
(1790954207.282648) can0 2A7#00004B0A0000013B
(1790954207.286956) can0 2A1#0100010000000000
(1790954207.287098) can0 2A2#0000E1BE000016BD
(1790954207.287196) can0 2A3#000329D10002A0EA
(1790954207.287322) can0 2A4#000127970002B552
(1790954207.287421) can0 2A5#0000133A0000135D
(1790954207.287549) can0 2A6#FFFFEC9B00000648
(1790954207.287676) can0 2A7#00004B0A0000013B
(1790954207.291962) can0 2A1#0100010000000000
(1790954207.292097) can0 2A2#0000E1BE000016BD
(1790954207.292462) can0 2A3#000329D10002A0EA
(1790954207.292465) can0 2A4#000127970002B552
(1790954207.292468) can0 2A5#0000133A0000135D
(1790954207.292521) can0 2A6#FFFFEC9B00000648
(1790954207.292651) can0 2A7#00004B0A0000013B
(1790954207.296964) can0 2A1#0100010000000000
(1790954207.297099) can0 2A2#0000E1BE000016BD
(1790954207.297197) can0 2A3#000329D10002A0EA
(1790954207.297297) can0 2A4#000127970002B552
(1790954207.297423) can0 2A5#0000133A0000135D
(1790954207.297549) can0 2A6#FFFFEC9B00000648
(1790954207.297675) can0 2A7#00004B0A0000013B
(1790954207.301955) can0 2A1#0100010000000000
(1790954207.302046) can0 2A2#0000E1BE000016BD
(1790954207.302170) can0 2A3#000329D10002A0EA
(1790954207.302293) can0 2A4#000127970002B552
(1790954207.302419) can0 2A5#0000133A0000135D
(1790954207.302544) can0 2A6#FFFFEC9B00000648
(1790954207.302644) can0 2A7#00004B0A0000013B
(1790954207.306961) can0 2A1#0100010000000000
(1790954207.307099) can0 2A2#0000E1BE000016BD
(1790954207.307196) can0 2A3#000329D10002A0EA
(1790954207.307320) can0 2A4#000127970002B552
(1790954207.307421) can0 2A5#0000133A0000135D
(1790954207.307546) can0 2A6#FFFFEC9B00000648
(1790954207.307670) can0 2A7#00004B0A0000013B
(1790954207.311947) can0 2A1#0100010000000000
(1790954207.312098) can0 2A2#0000E1BE000016BD
(1790954207.312171) can0 2A3#000329D10002A0EA
(1790954207.312295) can0 2A4#000127970002B552
(1790954207.312420) can0 2A5#0000133A0000135D
(1790954207.312520) can0 2A6#FFFFEC9B00000648
(1790954207.312647) can0 2A7#00004B0A0000013B
(1790954207.316975) can0 2A1#0100010000000000
(1790954207.317097) can0 2A2#0000E1BE000016BD
(1790954207.317197) can0 2A3#000329D10002A0EA
(1790954207.317296) can0 2A4#000127970002B552
(1790954207.317422) can0 2A5#0000133A0000135D
(1790954207.317546) can0 2A6#FFFFEC9B00000648
(1790954207.317671) can0 2A7#00004B0A0000013B
(1790954207.321930) can0 2A1#0100010000000000
(1790954207.322095) can0 2A2#0000E1BE000016BD
(1790954207.322196) can0 2A3#000329D10002A0EA
(1790954207.322295) can0 2A4#000127970002B552
(1790954207.322420) can0 2A5#0000133A0000135D
(1790954207.322521) can0 2A6#FFFFEC9B00000648
(1790954207.322645) can0 2A7#00004B0A0000013B
(1790954207.326954) can0 2A1#0100010000000000
(1790954207.327095) can0 2A2#0000E1BE000016BD
(1790954207.327195) can0 2A3#000329D10002A0EA
(1790954207.327295) can0 2A4#000127970002B552
(1790954207.327420) can0 2A5#0000133A0000135D
(1790954207.327545) can0 2A6#FFFFEC9B00000648
(1790954207.327670) can0 2A7#00004B0A0000013B
(1790954207.331949) can0 2A1#0100010000000000
(1790954207.332045) can0 2A2#0000E1BE000016BD
(1790954207.332170) can0 2A3#000329D10002A0EA
(1790954207.332295) can0 2A4#000127970002B552
(1790954207.332420) can0 2A5#0000133A0000135D
(1790954207.332520) can0 2A6#FFFFEC9B00000648
(1790954207.332645) can0 2A7#00004B0A0000013B
(1790954207.336949) can0 2A1#0100010000000000
(1790954207.337095) can0 2A2#0000E1BE000016BD
(1790954207.337195) can0 2A3#000329D10002A0EA
(1790954207.337295) can0 2A4#000127970002B552
(1790954207.337420) can0 2A5#0000133A0000135D
(1790954207.337545) can0 2A6#FFFFEC9B00000648
(1790954207.337670) can0 2A7#00004B0A0000013B
(1790954207.341948) can0 2A1#0100010000000000
(1790954207.342128) can0 2A2#0000E1BE000016BD
(1790954207.342171) can0 2A3#000329D10002A0EA
(1790954207.342296) can0 2A4#000127970002B552
(1790954207.342421) can0 2A5#0000133A0000135D
(1790954207.342521) can0 2A6#FFFFEC9B00000648
(1790954207.342672) can0 2A7#00004B0A0000013B
(1790954207.346971) can0 2A1#0100010000000000
(1790954207.347097) can0 2A2#0000E1BE000016BD
(1790954207.347171) can0 2A3#000329D10002A0EA
(1790954207.347295) can0 2A4#000127970002B552
(1790954207.347421) can0 2A5#0000133A0000135D
(1790954207.347546) can0 2A6#FFFFEC9B00000648
(1790954207.347671) can0 2A7#00004B0A0000013B
(1790954207.351957) can0 2A1#0100010000000000
(1790954207.352096) can0 2A2#0000E1BE000016BD
(1790954207.352195) can0 2A3#000329D10002A0EA
(1790954207.352295) can0 2A4#000127970002B552
(1790954207.352420) can0 2A5#0000133A0000135D
(1790954207.352545) can0 2A6#FFFFEC9B00000648
(1790954207.352645) can0 2A7#00004B0A0000013B
(1790954207.356949) can0 2A1#0100010000000000
(1790954207.357095) can0 2A2#0000E1BE000016BD
(1790954207.357195) can0 2A3#000329D10002A0EA
(1790954207.357295) can0 2A4#000127970002B552
(1790954207.357421) can0 2A5#0000133A0000135D
(1790954207.357545) can0 2A6#FFFFEC9B00000648
(1790954207.357670) can0 2A7#00004B0A0000013B
(1790954207.361954) can0 2A1#0100010000000000
(1790954207.362046) can0 2A2#0000E1BE000016BD
(1790954207.362170) can0 2A3#000329D10002A0EA
(1790954207.362295) can0 2A4#000127970002B552
(1790954207.362420) can0 2A5#0000133A0000135D
(1790954207.362545) can0 2A6#FFFFEC9B00000648
(1790954207.362645) can0 2A7#00004B0A0000013B
(1790954207.366946) can0 2A1#0100010000000000
(1790954207.367095) can0 2A2#0000E1BE000016BD
(1790954207.367170) can0 2A3#000329D10002A0EA
(1790954207.367295) can0 2A4#000127970002B552
(1790954207.367420) can0 2A5#0000133A0000135D
(1790954207.367545) can0 2A6#FFFFEC9B00000648
(1790954207.367670) can0 2A7#00004B0A0000013B
(1790954207.371949) can0 2A1#0100010000000000
(1790954207.372095) can0 2A2#0000E1BE000016BD
(1790954207.372170) can0 2A3#000329D10002A0EA
(1790954207.372296) can0 2A4#000127970002B552
(1790954207.372420) can0 2A5#0000133A0000135D
(1790954207.372521) can0 2A6#FFFFEC9B00000648
(1790954207.372670) can0 2A7#00004B0A0000013B
(1790954207.376954) can0 2A1#0100010000000000
(1790954207.377095) can0 2A2#0000E1BE000016BD
(1790954207.377195) can0 2A3#000329D10002A0EA
(1790954207.377295) can0 2A4#000127970002B552
(1790954207.377420) can0 2A5#0000133A0000135D
(1790954207.377546) can0 2A6#FFFFEC9B00000648
(1790954207.377670) can0 2A7#00004B0A0000013B
(1790954207.381948) can0 2A1#0100010000000000
(1790954207.382095) can0 2A2#0000E1BE000016BD
(1790954207.382170) can0 2A3#000329D10002A0EA
(1790954207.382295) can0 2A4#000127970002B552
(1790954207.382420) can0 2A5#0000133A0000135D
(1790954207.382520) can0 2A6#FFFFEC9B00000648
(1790954207.382645) can0 2A7#00004B0A0000013B
(1790954207.386949) can0 2A1#0100010000000000
(1790954207.387095) can0 2A2#0000E1BE000016BD
(1790954207.387195) can0 2A3#000329D10002A0EA
(1790954207.387295) can0 2A4#000127970002B552
(1790954207.387420) can0 2A5#0000133A0000135D
(1790954207.387545) can0 2A6#FFFFEC9B00000648
(1790954207.387670) can0 2A7#00004B0A0000013B
(1790954207.391954) can0 2A1#0100010000000000
(1790954207.392096) can0 2A2#0000E1BE000016BD
(1790954207.392170) can0 2A3#000329D10002A0EA
(1790954207.392295) can0 2A4#000127970002B552
(1790954207.392395) can0 2A5#0000133A0000135D
(1790954207.392520) can0 2A6#FFFFEC9B00000648
(1790954207.392670) can0 2A7#00004B0A0000013B
(1790954207.396950) can0 2A1#0100010000000000
(1790954207.397096) can0 2A2#0000E1BE000016BD
(1790954207.397170) can0 2A3#000329D10002A0EA
(1790954207.397295) can0 2A4#000127970002B552
(1790954207.397421) can0 2A5#0000133A0000135D
(1790954207.397547) can0 2A6#FFFFEC9B00000648
(1790954207.397670) can0 2A7#00004B0A0000013B
(1790954207.401946) can0 2A1#0100010000000000
(1790954207.402095) can0 2A2#0000E1BE000016BD
(1790954207.402196) can0 2A3#000329D10002A0EA
(1790954207.402296) can0 2A4#000127970002B552
(1790954207.402420) can0 2A5#0000133A0000135D
(1790954207.402543) can0 2A6#FFFFEC9B00000648
(1790954207.402645) can0 2A7#00004B0A0000013B
(1790954207.406954) can0 2A1#0100010000000000
(1790954207.407097) can0 2A2#0000E1BE000016BD
(1790954207.407198) can0 2A3#000329D10002A0EA
(1790954207.407322) can0 2A4#000127970002B552
(1790954207.407422) can0 2A5#0000133A0000135D
(1790954207.407548) can0 2A6#FFFFEC9B00000648
(1790954207.407671) can0 2A7#00004B0A0000013B
(1790954207.411953) can0 2A1#0100010000000000
(1790954207.412101) can0 2A2#0000E1BE000016BD
(1790954207.412198) can0 2A3#000329D10002A0EA
(1790954207.412297) can0 2A4#000127970002B552
(1790954207.412421) can0 2A5#0000133A0000135D
(1790954207.412521) can0 2A6#FFFFEC9B00000648
(1790954207.412646) can0 2A7#00004B0A0000013B
(1790954207.416984) can0 2A1#0100010000000000
(1790954207.417104) can0 2A2#0000E1BE000016BD
(1790954207.417200) can0 2A3#000329D10002A0EA
(1790954207.417298) can0 2A4#000127970002B552
(1790954207.417423) can0 2A5#0000133A0000135D
(1790954207.417548) can0 2A6#FFFFEC9B00000648
(1790954207.417673) can0 2A7#00004B0A0000013B
(1790954207.421932) can0 2A1#0100010000000000
(1790954207.422048) can0 2A2#0000E1BE000016BD
(1790954207.422172) can0 2A3#000329D10002A0EA
(1790954207.422297) can0 2A4#000127970002B552
(1790954207.422422) can0 2A5#0000133A0000135D
(1790954207.422523) can0 2A6#FFFFEC9B00000648
(1790954207.422647) can0 2A7#00004B0A0000013B
(1790954207.426952) can0 2A1#0100010000000000
(1790954207.427096) can0 2A2#0000E1BE000016BD
(1790954207.427172) can0 2A3#000329D10002A0EA
(1790954207.427296) can0 2A4#000127970002B552
(1790954207.427421) can0 2A5#0000133A0000135D
(1790954207.427546) can0 2A6#FFFFEC9B00000648
(1790954207.427671) can0 2A7#00004B0A0000013B
(1790954207.431945) can0 2A1#0100010000000000
(1790954207.432097) can0 2A2#0000E1BE000016BD
(1790954207.432196) can0 2A3#000329D10002A0EA
(1790954207.432296) can0 2A4#000127970002B552
(1790954207.432421) can0 2A5#0000133A0000135D
(1790954207.432546) can0 2A6#FFFFEC9B00000648
(1790954207.432646) can0 2A7#00004B0A0000013B
(1790954207.436949) can0 2A1#0100010000000000
(1790954207.437097) can0 2A2#0000E1BE000016BD
(1790954207.437196) can0 2A3#000329D10002A0EA
(1790954207.437295) can0 2A4#000127970002B552
(1790954207.437421) can0 2A5#0000133A0000135D
(1790954207.437546) can0 2A6#FFFFEC9B00000648
(1790954207.437670) can0 2A7#00004B0A0000013B
(1790954207.441947) can0 2A1#0100010000000000
(1790954207.442096) can0 2A2#0000E1BE000016BD
(1790954207.442196) can0 2A3#000329D10002A0EA
(1790954207.442296) can0 2A4#000127970002B552
(1790954207.442421) can0 2A5#0000133A0000135D
(1790954207.442521) can0 2A6#FFFFEC9B00000648
(1790954207.442646) can0 2A7#00004B0A0000013B
(1790954207.446960) can0 2A1#0100010000000000
(1790954207.447097) can0 2A2#0000E1BE000016BD
(1790954207.447197) can0 2A3#000329D10002A0EA
(1790954207.447296) can0 2A4#000127970002B552
(1790954207.447421) can0 2A5#0000133A0000135D
(1790954207.447546) can0 2A6#FFFFEC9B00000648
(1790954207.447647) can0 2A7#00004B0A0000013B
(1790954207.452216) can0 2A1#0100010000000000
(1790954207.452220) can0 2A2#0000E1BE000016BD
(1790954207.452222) can0 2A3#000329D10002A0EA
(1790954207.452295) can0 2A4#000127970002B552
(1790954207.452421) can0 2A5#0000133A0000135D
(1790954207.452521) can0 2A6#FFFFEC9B00000648
(1790954207.452645) can0 2A7#00004B0A0000013B
(1790954207.456959) can0 2A1#0100010000000000
(1790954207.457100) can0 2A2#0000E1BE000016BD
(1790954207.457197) can0 2A3#000329D10002A0EA
(1790954207.457295) can0 2A4#000127970002B552
(1790954207.457420) can0 2A5#0000133A0000135D
(1790954207.457545) can0 2A6#FFFFEC9B00000648
(1790954207.457671) can0 2A7#00004B0A0000013B
(1790954207.461951) can0 2A1#0100010000000000
(1790954207.462050) can0 2A2#0000E1BE000016BD
(1790954207.462180) can0 2A3#000329D10002A0EA
(1790954207.462299) can0 2A4#000127970002B552
(1790954207.462425) can0 2A5#0000133A0000135D
(1790954207.462521) can0 2A6#FFFFEC9B00000648
(1790954207.462646) can0 2A7#00004B0A0000013B
(1790954207.466984) can0 2A1#0100010000000000
(1790954207.467098) can0 2A2#0000E1BE000016BD
(1790954207.467197) can0 2A3#000329D10002A0EA
(1790954207.467297) can0 2A4#000127970002B552
(1790954207.467421) can0 2A5#0000133A0000135D
(1790954207.467551) can0 2A6#FFFFEC9B00000648
(1790954207.467674) can0 2A7#00004B0A0000013B
(1790954207.471949) can0 2A1#0100010000000000
(1790954207.472046) can0 2A2#0000E1BE000016BD
(1790954207.472171) can0 2A3#000329D10002A0EA
(1790954207.472296) can0 2A4#000127970002B552
(1790954207.472421) can0 2A5#0000133A0000135D
(1790954207.472521) can0 2A6#FFFFEC9B00000648
(1790954207.472645) can0 2A7#00004B0A0000013B
(1790954207.476979) can0 2A1#0100010000000000
(1790954207.477096) can0 2A2#0000E1BE000016BD
(1790954207.477196) can0 2A3#000329D10002A0EA
(1790954207.477296) can0 2A4#000127970002B552
(1790954207.477424) can0 2A5#0000133A0000135D
(1790954207.477548) can0 2A6#FFFFEC9B00000648
(1790954207.477672) can0 2A7#00004B0A0000013B
(1790954207.481954) can0 2A1#0100010000000000
(1790954207.482050) can0 2A2#0000E1BE000016BD
(1790954207.482182) can0 2A3#000329D10002A0EA
(1790954207.482298) can0 2A4#000127970002B552
(1790954207.482422) can0 2A5#0000133A0000135D
(1790954207.482546) can0 2A6#FFFFEC9B00000648
(1790954207.482646) can0 2A7#00004B0A0000013B
(1790954207.486972) can0 2A1#0100010000000000
(1790954207.487097) can0 2A2#0000E1BE000016BD
(1790954207.487171) can0 2A3#000329D10002A0EA
(1790954207.487321) can0 2A4#000127970002B552
(1790954207.487420) can0 2A5#0000133A0000135D
(1790954207.487546) can0 2A6#FFFFEC9B00000648
(1790954207.487671) can0 2A7#00004B0A0000013B
(1790954207.491952) can0 2A1#0100010000000000
(1790954207.492058) can0 2A2#0000E1BE000016BD
(1790954207.492178) can0 2A3#000329D10002A0EA
(1790954207.492297) can0 2A4#000127970002B552
(1790954207.492421) can0 2A5#0000133A0000135D
(1790954207.492521) can0 2A6#FFFFEC9B00000648
(1790954207.492645) can0 2A7#00004B0A0000013B
(1790954207.496979) can0 2A1#0100010000000000
(1790954207.497098) can0 2A2#0000E1BE000016BD
(1790954207.497196) can0 2A3#000329D10002A0EA
(1790954207.497296) can0 2A4#000127970002B552
(1790954207.497420) can0 2A5#0000133A0000135D
(1790954207.497546) can0 2A6#FFFFEC9B00000648
(1790954207.497675) can0 2A7#00004B0A0000013B
(1790954207.501955) can0 2A1#0100010000000000
(1790954207.502097) can0 2A2#0000E1BE000016BD
(1790954207.502171) can0 2A3#000329D10002A0EA
(1790954207.502295) can0 2A4#000127970002B552
(1790954207.502421) can0 2A5#0000133A0000135D
(1790954207.502546) can0 2A6#FFFFEC9B00000648
(1790954207.502646) can0 2A7#00004B0A0000013B
(1790954207.506976) can0 2A1#0100010000000000
(1790954207.507096) can0 2A2#0000E1BE000016BD
(1790954207.507196) can0 2A3#000329D10002A0EA
(1790954207.507296) can0 2A4#000127970002B552
(1790954207.507421) can0 2A5#0000133A0000135D
(1790954207.507546) can0 2A6#FFFFEC9B00000648
(1790954207.507671) can0 2A7#00004B0A0000013B
(1790954207.511956) can0 2A1#0100010000000000
(1790954207.512096) can0 2A2#0000E1BE000016BD
(1790954207.512171) can0 2A3#000329D10002A0EA
(1790954207.512296) can0 2A4#000127970002B552
(1790954207.512420) can0 2A5#0000133A0000135D
(1790954207.512521) can0 2A6#FFFFEC9B00000648
(1790954207.512645) can0 2A7#00004B0A0000013B
(1790954207.516953) can0 2A1#0100010000000000
(1790954207.517096) can0 2A2#0000E1BE000016BD
(1790954207.517196) can0 2A3#000329D10002A0EA
(1790954207.517297) can0 2A4#000127970002B552
(1790954207.517421) can0 2A5#0000133A0000135D
(1790954207.517546) can0 2A6#FFFFEC9B00000648
(1790954207.517671) can0 2A7#00004B0A0000013B
(1790954207.521929) can0 2A1#0100010000000000
(1790954207.522049) can0 2A2#0000E1BE000016BD
(1790954207.522171) can0 2A3#000329D10002A0EA
(1790954207.522295) can0 2A4#000127970002B552
(1790954207.522420) can0 2A5#0000133A0000135D
(1790954207.522520) can0 2A6#FFFFEC9B00000648
(1790954207.522647) can0 2A7#00004B0A0000013B
(1790954207.526977) can0 2A1#0100010000000000
(1790954207.527096) can0 2A2#0000E1BE000016BD
(1790954207.527195) can0 2A3#000329D10002A0EA
(1790954207.527296) can0 2A4#000127970002B552
(1790954207.527421) can0 2A5#0000133A0000135D
(1790954207.527545) can0 2A6#FFFFEC9B00000648
(1790954207.527670) can0 2A7#00004B0A0000013B
(1790954207.531951) can0 2A1#0100010000000000
(1790954207.532046) can0 2A2#0000E1BE000016BD
(1790954207.532171) can0 2A3#000329D10002A0EA
(1790954207.532296) can0 2A4#000127970002B552
(1790954207.532421) can0 2A5#0000133A0000135D
(1790954207.532546) can0 2A6#FFFFEC9B00000648
(1790954207.532647) can0 2A7#00004B0A0000013B
(1790954207.536953) can0 2A1#0100010000000000
(1790954207.537097) can0 2A2#0000E1BE000016BD
(1790954207.537196) can0 2A3#000329D10002A0EA
(1790954207.537296) can0 2A4#000127970002B552
(1790954207.537421) can0 2A5#0000133A0000135D
(1790954207.537552) can0 2A6#FFFFEC9B00000648
(1790954207.537673) can0 2A7#00004B0A0000013B
(1790954207.541954) can0 2A1#0100010000000000
(1790954207.542096) can0 2A2#0000E1BE000016BD
(1790954207.542171) can0 2A3#000329D10002A0EA
(1790954207.542296) can0 2A4#000127970002B552
(1790954207.542396) can0 2A5#0000133A0000135D
(1790954207.542546) can0 2A6#FFFFEC9B00000648
(1790954207.542645) can0 2A7#00004B0A0000013B
(1790954207.546980) can0 2A1#0100010000000000
(1790954207.547095) can0 2A2#0000E1BE000016BD
(1790954207.547195) can0 2A3#000329D10002A0EA
(1790954207.547297) can0 2A4#000127970002B552
(1790954207.547421) can0 2A5#0000133A0000135D
(1790954207.547545) can0 2A6#FFFFEC9B00000648
(1790954207.547671) can0 2A7#00004B0A0000013B
(1790954207.551956) can0 2A1#0100010000000000
(1790954207.552095) can0 2A2#0000E1BE000016BD
(1790954207.552195) can0 2A3#000329D10002A0EA
(1790954207.552296) can0 2A4#000127970002B552
(1790954207.552420) can0 2A5#0000133A0000135D
(1790954207.552520) can0 2A6#FFFFEC9B00000648
(1790954207.552646) can0 2A7#00004B0A0000013B
(1790954207.556949) can0 2A1#0100010000000000
(1790954207.557096) can0 2A2#0000E1BE000016BD
(1790954207.557195) can0 2A3#000329D10002A0EA
(1790954207.557295) can0 2A4#000127970002B552
(1790954207.557420) can0 2A5#0000133A0000135D
(1790954207.557546) can0 2A6#FFFFEC9B00000648
(1790954207.557670) can0 2A7#00004B0A0000013B
(1790954207.561961) can0 2A1#0100010000000000
(1790954207.562049) can0 2A2#0000E1BE000016BD
(1790954207.562195) can0 2A3#000329D10002A0EA
(1790954207.562295) can0 2A4#000127970002B552
(1790954207.562420) can0 2A5#0000133A0000135D
(1790954207.562548) can0 2A6#FFFFEC9B00000648
(1790954207.562647) can0 2A7#00004B0A0000013B
(1790954207.566957) can0 2A1#0100010000000000
(1790954207.567098) can0 2A2#0000E1BE000016BD
(1790954207.567196) can0 2A3#000329D10002A0EA
(1790954207.567297) can0 2A4#000127970002B552
(1790954207.567447) can0 2A5#0000133A0000135D
(1790954207.567546) can0 2A6#FFFFEC9B00000648
(1790954207.567671) can0 2A7#00004B0A0000013B
(1790954207.571954) can0 2A1#0100010000000000
(1790954207.572048) can0 2A2#0000E1BE000016BD
(1790954207.572196) can0 2A3#000329D10002A0EA
(1790954207.572296) can0 2A4#000127970002B552
(1790954207.572421) can0 2A5#0000133A0000135D
(1790954207.572546) can0 2A6#FFFFEC9B00000648
(1790954207.572647) can0 2A7#00004B0A0000013B
(1790954207.576951) can0 2A1#0100010000000000
(1790954207.577097) can0 2A2#0000E1BE000016BD
(1790954207.577202) can0 2A3#000329D10002A0EA
(1790954207.577298) can0 2A4#000127970002B552
(1790954207.577447) can0 2A5#0000133A0000135D
(1790954207.577547) can0 2A6#FFFFEC9B00000648
(1790954207.577672) can0 2A7#00004B0A0000013B
(1790954207.581956) can0 2A1#0100010000000000
(1790954207.582116) can0 2A2#0000E1BE000016BD
(1790954207.582172) can0 2A3#000329D10002A0EA
(1790954207.582296) can0 2A4#000127970002B552
(1790954207.582397) can0 2A5#0000133A0000135D
(1790954207.582522) can0 2A6#FFFFEC9B00000648
(1790954207.582672) can0 2A7#00004B0A0000013B
(1790954207.586954) can0 2A1#0100010000000000
(1790954207.587097) can0 2A2#0000E1BE000016BD
(1790954207.587172) can0 2A3#000329D10002A0EA
(1790954207.587297) can0 2A4#000127970002B552
(1790954207.587423) can0 2A5#0000133A0000135D
(1790954207.587548) can0 2A6#FFFFEC9B00000648
(1790954207.587672) can0 2A7#00004B0A0000013B
(1790954207.591950) can0 2A1#0100010000000000
(1790954207.592047) can0 2A2#0000E1BE000016BD
(1790954207.592172) can0 2A3#000329D10002A0EA
(1790954207.592297) can0 2A4#000127970002B552
(1790954207.592421) can0 2A5#0000133A0000135D
(1790954207.592547) can0 2A6#FFFFEC9B00000648
(1790954207.592647) can0 2A7#00004B0A0000013B
(1790954207.596967) can0 2A1#0100010000000000
(1790954207.597097) can0 2A2#0000E1BE000016BD
(1790954207.597196) can0 2A3#000329D10002A0EA
(1790954207.597295) can0 2A4#000127970002B552
(1790954207.597420) can0 2A5#0000133A0000135D
(1790954207.597546) can0 2A6#FFFFEC9B00000648
(1790954207.597671) can0 2A7#00004B0A0000013B
(1790954207.601961) can0 2A1#0100010000000000
(1790954207.602100) can0 2A2#0000E1BE000016BD
(1790954207.602196) can0 2A3#000329D10002A0EA
(1790954207.602296) can0 2A4#000127970002B552
(1790954207.602421) can0 2A5#0000133A0000135D
(1790954207.602521) can0 2A6#FFFFEC9B00000648
(1790954207.602649) can0 2A7#00004B0A0000013B
(1790954207.606982) can0 2A1#0100010000000000
(1790954207.607099) can0 2A2#0000E1BE000016BD
(1790954207.607199) can0 2A3#000329D10002A0EA
(1790954207.607321) can0 2A4#000127970002B552
(1790954207.607427) can0 2A5#0000133A0000135D
(1790954207.607548) can0 2A6#FFFFEC9B00000648
(1790954207.607672) can0 2A7#00004B0A0000013B
(1790954207.611950) can0 2A1#0100010000000000
(1790954207.612097) can0 2A2#0000E1BE000016BD
(1790954207.612172) can0 2A3#000329D10002A0EA
(1790954207.612298) can0 2A4#000127970002B552
(1790954207.612398) can0 2A5#0000133A0000135D
(1790954207.612548) can0 2A6#FFFFEC9B00000648
(1790954207.612647) can0 2A7#00004B0A0000013B
(1790954207.616963) can0 2A1#0100010000000000
(1790954207.617097) can0 2A2#0000E1BE000016BD
(1790954207.617197) can0 2A3#000329D10002A0EA
(1790954207.617297) can0 2A4#000127970002B552
(1790954207.617422) can0 2A5#0000133A0000135D
(1790954207.617545) can0 2A6#FFFFEC9B00000648
(1790954207.617672) can0 2A7#00004B0A0000013B
(1790954207.621968) can0 2A1#0100010000000000
(1790954207.622047) can0 2A2#0000E1BE000016BD
(1790954207.622172) can0 2A3#000329D10002A0EA
(1790954207.622303) can0 2A4#000127970002B552
(1790954207.622423) can0 2A5#0000133A0000135D
(1790954207.622523) can0 2A6#FFFFEC9B00000648
(1790954207.622647) can0 2A7#00004B0A0000013B
(1790954207.626982) can0 2A1#0100010000000000
(1790954207.627099) can0 2A2#0000E1BE000016BD
(1790954207.627199) can0 2A3#000329D10002A0EA
(1790954207.627298) can0 2A4#000127970002B552
(1790954207.627422) can0 2A5#0000133A0000135D
(1790954207.627548) can0 2A6#FFFFEC9B00000648
(1790954207.627673) can0 2A7#00004B0A0000013B
(1790954207.631958) can0 2A1#0100010000000000
(1790954207.632047) can0 2A2#0000E1BE000016BD
(1790954207.632173) can0 2A3#000329D10002A0EA
(1790954207.632297) can0 2A4#000127970002B552
(1790954207.632422) can0 2A5#0000133A0000135D
(1790954207.632548) can0 2A6#FFFFEC9B00000648
(1790954207.632647) can0 2A7#00004B0A0000013B
(1790954207.636952) can0 2A1#0100010000000000
(1790954207.637096) can0 2A2#0000E1BE000016BD
(1790954207.637198) can0 2A3#000329D10002A0EA
(1790954207.637322) can0 2A4#000127970002B552
(1790954207.637421) can0 2A5#0000133A0000135D
(1790954207.637547) can0 2A6#FFFFEC9B00000648
(1790954207.637672) can0 2A7#00004B0A0000013B
(1790954207.641951) can0 2A1#0100010000000000
(1790954207.642047) can0 2A2#0000E1BE000016BD
(1790954207.642173) can0 2A3#000329D10002A0EA
(1790954207.642296) can0 2A4#000127970002B552
(1790954207.642422) can0 2A5#0000133A0000135D
(1790954207.642521) can0 2A6#FFFFEC9B00000648
(1790954207.642646) can0 2A7#00004B0A0000013B
(1790954207.646976) can0 2A1#0100010000000000
(1790954207.647097) can0 2A2#0000E1BE000016BD
(1790954207.647198) can0 2A3#000329D10002A0EA
(1790954207.647297) can0 2A4#000127970002B552
(1790954207.647423) can0 2A5#0000133A0000135D
(1790954207.647546) can0 2A6#FFFFEC9B00000648
(1790954207.647672) can0 2A7#00004B0A0000013B
(1790954207.651952) can0 2A1#0100010000000000
(1790954207.652097) can0 2A2#0000E1BE000016BD
(1790954207.652197) can0 2A3#000329D10002A0EA
(1790954207.652295) can0 2A4#000127970002B552
(1790954207.652422) can0 2A5#0000133A0000135D
(1790954207.652546) can0 2A6#FFFFEC9B00000648
(1790954207.652646) can0 2A7#00004B0A0000013B
(1790954207.656961) can0 2A1#0100010000000000
(1790954207.657098) can0 2A2#0000E1BE000016BD
(1790954207.657197) can0 2A3#000329D10002A0EA
(1790954207.657321) can0 2A4#000127970002B552
(1790954207.657446) can0 2A5#0000133A0000135D
(1790954207.657547) can0 2A6#FFFFEC9B00000648
(1790954207.657671) can0 2A7#00004B0A0000013B
(1790954207.661951) can0 2A1#0100010000000000
(1790954207.662111) can0 2A2#0000E1BE000016BD
(1790954207.662171) can0 2A3#000329D10002A0EA
(1790954207.662296) can0 2A4#000127970002B552
(1790954207.662422) can0 2A5#0000133A0000135D
(1790954207.662521) can0 2A6#FFFFEC9B00000648
(1790954207.662647) can0 2A7#00004B0A0000013B
(1790954207.666980) can0 2A1#0100010000000000
(1790954207.667096) can0 2A2#0000E1BE000016BD
(1790954207.667197) can0 2A3#000329D10002A0EA
(1790954207.667297) can0 2A4#000127970002B552
(1790954207.667422) can0 2A5#0000133A0000135D
(1790954207.667548) can0 2A6#FFFFEC9B00000648
(1790954207.667672) can0 2A7#00004B0A0000013B
(1790954207.671959) can0 2A1#0100010000000000
(1790954207.672046) can0 2A2#0000E1BE000016BD
(1790954207.672171) can0 2A3#000329D10002A0EA
(1790954207.672296) can0 2A4#000127970002B552
(1790954207.672421) can0 2A5#0000133A0000135D
(1790954207.672546) can0 2A6#FFFFEC9B00000648
(1790954207.672645) can0 2A7#00004B0A0000013B
(1790954207.676960) can0 2A1#0100010000000000
(1790954207.677096) can0 2A2#0000E1BE000016BD
(1790954207.677196) can0 2A3#000329D10002A0EA
(1790954207.677296) can0 2A4#000127970002B552
(1790954207.677421) can0 2A5#0000133A0000135D
(1790954207.677546) can0 2A6#FFFFEC9B00000648
(1790954207.677670) can0 2A7#00004B0A0000013B
(1790954207.681953) can0 2A1#0100010000000000
(1790954207.682047) can0 2A2#0000E1BE000016BD
(1790954207.682196) can0 2A3#000329D10002A0EA
(1790954207.682296) can0 2A4#000127970002B552
(1790954207.682421) can0 2A5#0000133A0000135D
(1790954207.682546) can0 2A6#FFFFEC9B00000648
(1790954207.682647) can0 2A7#00004B0A0000013B
(1790954207.686948) can0 2A1#0100010000000000
(1790954207.687095) can0 2A2#0000E1BE000016BD
(1790954207.687194) can0 2A3#000329D10002A0EA
(1790954207.687319) can0 2A4#000127970002B552
(1790954207.687419) can0 2A5#0000133A0000135D
(1790954207.687547) can0 2A6#FFFFEC9B00000648
(1790954207.687676) can0 2A7#00004B0A0000013B
(1790954207.691971) can0 2A1#0100010000000000
(1790954207.692098) can0 2A2#0000E1BE000016BD
(1790954207.692171) can0 2A3#000329D10002A0EA
(1790954207.692296) can0 2A4#000127970002B552
(1790954207.692421) can0 2A5#0000133A0000135D
(1790954207.692521) can0 2A6#FFFFEC9B00000648
(1790954207.692647) can0 2A7#00004B0A0000013B
(1790954207.696988) can0 2A1#0100010000000000
(1790954207.697101) can0 2A2#0000E1BE000016BD
(1790954207.697199) can0 2A3#000329D10002A0EA
(1790954207.697297) can0 2A4#000127970002B552
(1790954207.697423) can0 2A5#0000133A0000135D
(1790954207.697547) can0 2A6#FFFFEC9B00000648
(1790954207.697673) can0 2A7#00004B0A0000013B
(1790954207.701962) can0 2A1#0100010000000000
(1790954207.702047) can0 2A2#0000E1BE000016BD
(1790954207.702173) can0 2A3#000329D10002A0EA
(1790954207.702298) can0 2A4#000127970002B552
(1790954207.702422) can0 2A5#0000133A0000135D
(1790954207.702547) can0 2A6#FFFFEC9B00000648
(1790954207.702647) can0 2A7#00004B0A0000013B
(1790954207.706964) can0 2A1#0100010000000000
(1790954207.707097) can0 2A2#0000E1BE000016BD
(1790954207.707197) can0 2A3#000329D10002A0EA
(1790954207.707322) can0 2A4#000127970002B552
(1790954207.707421) can0 2A5#0000133A0000135D
(1790954207.707547) can0 2A6#FFFFEC9B00000648
(1790954207.707672) can0 2A7#00004B0A0000013B
(1790954207.711955) can0 2A1#0100010000000000
(1790954207.712137) can0 2A2#0000E1BE000016BD
(1790954207.712170) can0 2A3#000329D10002A0EA
(1790954207.712296) can0 2A4#000127970002B552
(1790954207.712421) can0 2A5#0000133A0000135D
(1790954207.712523) can0 2A6#FFFFEC9B00000648
(1790954207.712671) can0 2A7#00004B0A0000013B
(1790954207.716970) can0 2A1#0100010000000000
(1790954207.717096) can0 2A2#0000E1BE000016BD
(1790954207.717197) can0 2A3#000329D10002A0EA
(1790954207.717296) can0 2A4#000127970002B552
(1790954207.717448) can0 2A5#0000133A0000135D
(1790954207.717547) can0 2A6#FFFFEC9B00000648
(1790954207.717671) can0 2A7#00004B0A0000013B
(1790954207.721959) can0 2A1#0100010000000000
(1790954207.722097) can0 2A2#0000E1BE000016BD
(1790954207.722172) can0 2A3#000329D10002A0EA
(1790954207.722299) can0 2A4#000127970002B552
(1790954207.722422) can0 2A5#0000133A0000135D
(1790954207.722546) can0 2A6#FFFFEC9B00000648
(1790954207.722671) can0 2A7#00004B0A0000013B
(1790954207.726957) can0 2A1#0100010000000000
(1790954207.727096) can0 2A2#0000E1BE000016BD
(1790954207.727196) can0 2A3#000329D10002A0EA
(1790954207.727322) can0 2A4#000127970002B552
(1790954207.727446) can0 2A5#0000133A0000135D
(1790954207.727547) can0 2A6#FFFFEC9B00000648
(1790954207.727671) can0 2A7#00004B0A0000013B
(1790954207.731959) can0 2A1#0100010000000000
(1790954207.732096) can0 2A2#0000E1BE000016BD
(1790954207.732196) can0 2A3#000329D10002A0EA
(1790954207.732297) can0 2A4#000127970002B552
(1790954207.732420) can0 2A5#0000133A0000135D
(1790954207.732520) can0 2A6#FFFFEC9B00000648
(1790954207.732646) can0 2A7#00004B0A0000013B
(1790954207.736950) can0 2A1#0100010000000000
(1790954207.737096) can0 2A2#0000E1BE000016BD
(1790954207.737196) can0 2A3#000329D10002A0EA
(1790954207.737311) can0 2A4#000127970002B552
(1790954207.737422) can0 2A5#0000133A0000135D
(1790954207.737547) can0 2A6#FFFFEC9B00000648
(1790954207.737671) can0 2A7#00004B0A0000013B
(1790954207.741959) can0 2A1#0100010000000000
(1790954207.742045) can0 2A2#0000E1BE000016BD
(1790954207.742173) can0 2A3#000329D10002A0EA
(1790954207.742297) can0 2A4#000127970002B552
(1790954207.742422) can0 2A5#0000133A0000135D
(1790954207.742548) can0 2A6#FFFFEC9B00000648
(1790954207.742645) can0 2A7#00004B0A0000013B
(1790954207.746969) can0 2A1#0100010000000000
(1790954207.747098) can0 2A2#0000E1BE000016BD
(1790954207.747197) can0 2A3#000329D10002A0EA
(1790954207.747320) can0 2A4#000127970002B552
(1790954207.747419) can0 2A5#0000133A0000135D
(1790954207.747546) can0 2A6#FFFFEC9B00000648
(1790954207.747671) can0 2A7#00004B0A0000013B
(1790954207.751951) can0 2A1#0100010000000000
(1790954207.752120) can0 2A2#0000E1BE000016BD
(1790954207.752170) can0 2A3#000329D10002A0EA
(1790954207.752297) can0 2A4#000127970002B552
(1790954207.752422) can0 2A5#0000133A0000135D
(1790954207.752547) can0 2A6#FFFFEC9B00000648
(1790954207.752674) can0 2A7#00004B0A0000013B
(1790954207.756978) can0 2A1#0100010000000000
(1790954207.757096) can0 2A2#0000E1BE000016BD
(1790954207.757196) can0 2A3#000329D10002A0EA
(1790954207.757296) can0 2A4#000127970002B552
(1790954207.757421) can0 2A5#0000133A0000135D
(1790954207.757546) can0 2A6#FFFFEC9B00000648
(1790954207.757671) can0 2A7#00004B0A0000013B
(1790954207.761962) can0 2A1#0100010000000000
(1790954207.762095) can0 2A2#0000E1BE000016BD
(1790954207.762171) can0 2A3#000329D10002A0EA
(1790954207.762296) can0 2A4#000127970002B552
(1790954207.762420) can0 2A5#0000133A0000135D
(1790954207.762522) can0 2A6#FFFFEC9B00000648
(1790954207.762671) can0 2A7#00004B0A0000013B
(1790954207.766979) can0 2A1#0100010000000000
(1790954207.767095) can0 2A2#0000E1BE000016BD
(1790954207.767197) can0 2A3#000329D10002A0EA
(1790954207.767298) can0 2A4#000127970002B552
(1790954207.767421) can0 2A5#0000133A0000135D
(1790954207.767546) can0 2A6#FFFFEC9B00000648
(1790954207.767671) can0 2A7#00004B0A0000013B
(1790954207.771969) can0 2A1#0100010000000000
(1790954207.772098) can0 2A2#0000E1BE000016BD
(1790954207.772170) can0 2A3#000329D10002A0EA
(1790954207.772301) can0 2A4#000127970002B552
(1790954207.772427) can0 2A5#0000133A0000135D
(1790954207.772545) can0 2A6#FFFFEC9B00000648
(1790954207.772646) can0 2A7#00004B0A0000013B
(1790954207.776987) can0 2A1#0100010000000000
(1790954207.777106) can0 2A2#0000E1BE000016BD
(1790954207.777216) can0 2A3#000329D10002A0EA
(1790954207.777320) can0 2A4#000127970002B552
(1790954207.777423) can0 2A5#0000133A0000135D
(1790954207.777547) can0 2A6#FFFFEC9B00000648
(1790954207.777650) can0 2A7#00004B0A0000013B
(1790954207.781962) can0 2A1#0100010000000000
(1790954207.782098) can0 2A2#0000E1BE000016BD
(1790954207.782174) can0 2A3#000329D10002A0EA
(1790954207.782300) can0 2A4#000127970002B552
(1790954207.782424) can0 2A5#0000133A0000135D
(1790954207.782807) can0 2A6#FFFFEC9B00000648
(1790954207.782810) can0 2A7#00004B0A0000013B
(1790954207.786981) can0 2A1#0100010000000000
(1790954207.787095) can0 2A2#0000E1BE000016BD
(1790954207.787195) can0 2A3#000329D10002A0EA
(1790954207.787294) can0 2A4#000127970002B552
(1790954207.787420) can0 2A5#0000133A0000135D
(1790954207.787548) can0 2A6#FFFFEC9B00000648
(1790954207.787671) can0 2A7#00004B0A0000013B
(1790954207.792039) can0 2A1#0100010000000000
(1790954207.792093) can0 2A2#0000E1BE000016BD
(1790954207.792170) can0 2A3#000329D10002A0EA
(1790954207.792295) can0 2A4#000127970002B552
(1790954207.792421) can0 2A5#0000133A0000135D
(1790954207.792547) can0 2A6#FFFFEC9B00000648
(1790954207.792670) can0 2A7#00004B0A0000013B
(1790954207.796955) can0 2A1#0100010000000000
(1790954207.797096) can0 2A2#0000E1BE000016BD
(1790954207.797169) can0 2A3#000329D10002A0EA
(1790954207.797327) can0 2A4#000127970002B552
(1790954207.797423) can0 2A5#0000133A0000135D
(1790954207.797548) can0 2A6#FFFFEC9B00000648
(1790954207.797698) can0 2A7#00004B0A0000013B
(1790954207.801953) can0 2A1#0100010000000000
(1790954207.802125) can0 2A2#0000E1BE000016BD
(1790954207.802168) can0 2A3#000329D10002A0EA
(1790954207.802294) can0 2A4#000127970002B552
(1790954207.802420) can0 2A5#0000133A0000135D
(1790954207.802544) can0 2A6#FFFFEC9B00000648
(1790954207.802669) can0 2A7#00004B0A0000013B
(1790954207.806951) can0 2A1#0100010000000000
(1790954207.807096) can0 2A2#0000E1BE000016BD
(1790954207.807171) can0 2A3#000329D10002A0EA
(1790954207.807321) can0 2A4#000127970002B552
(1790954207.807422) can0 2A5#0000133A0000135D
(1790954207.807547) can0 2A6#FFFFEC9B00000648
(1790954207.807672) can0 2A7#00004B0A0000013B
(1790954207.811956) can0 2A1#0100010000000000
(1790954207.812100) can0 2A2#0000E1BE000016BD
(1790954207.812172) can0 2A3#000329D10002A0EA
(1790954207.812296) can0 2A4#000127970002B552
(1790954207.812420) can0 2A5#0000133A0000135D
(1790954207.812522) can0 2A6#FFFFEC9B00000648
(1790954207.812647) can0 2A7#00004B0A0000013B
(1790954207.816979) can0 2A1#0100010000000000
(1790954207.817094) can0 2A2#0000E1BE000016BD
(1790954207.817197) can0 2A3#000329D10002A0EA
(1790954207.817298) can0 2A4#000127970002B552
(1790954207.817420) can0 2A5#0000133A0000135D
(1790954207.817547) can0 2A6#FFFFEC9B00000648
(1790954207.817672) can0 2A7#00004B0A0000013B
(1790954207.821949) can0 2A1#0100010000000000
(1790954207.822097) can0 2A2#0000E1BE000016BD
(1790954207.822196) can0 2A3#000329D10002A0EA
(1790954207.822295) can0 2A4#000127970002B552
(1790954207.822420) can0 2A5#0000133A0000135D
(1790954207.822521) can0 2A6#FFFFEC9B00000648
(1790954207.822645) can0 2A7#00004B0A0000013B
(1790954207.826978) can0 2A1#0100010000000000
(1790954207.827095) can0 2A2#0000E1BE000016BD
(1790954207.827197) can0 2A3#000329D10002A0EA
(1790954207.827297) can0 2A4#000127970002B552
(1790954207.827423) can0 2A5#0000133A0000135D
(1790954207.827546) can0 2A6#FFFFEC9B00000648
(1790954207.827672) can0 2A7#00004B0A0000013B
(1790954207.831949) can0 2A1#0100010000000000
(1790954207.832048) can0 2A2#0000E1BE000016BD
(1790954207.832198) can0 2A3#000329D10002A0EA
(1790954207.832296) can0 2A4#000127970002B552
(1790954207.832422) can0 2A5#0000133A0000135D
(1790954207.832547) can0 2A6#FFFFEC9B00000648
(1790954207.832645) can0 2A7#00004B0A0000013B
(1790954207.836952) can0 2A1#0100010000000000
(1790954207.837096) can0 2A2#0000E1BE000016BD
(1790954207.837195) can0 2A3#000329D10002A0EA
(1790954207.837359) can0 2A4#000127970002B552
(1790954207.837423) can0 2A5#0000133A0000135D
(1790954207.837556) can0 2A6#FFFFEC9B00000648
(1790954207.837669) can0 2A7#00004B0A0000013B
(1790954207.841948) can0 2A1#0100010000000000
(1790954207.842111) can0 2A2#0000E1BE000016BD
(1790954207.842168) can0 2A3#000329D10002A0EA
(1790954207.842294) can0 2A4#000127970002B552
(1790954207.842419) can0 2A5#0000133A0000135D
(1790954207.842544) can0 2A6#FFFFEC9B00000648
(1790954207.842644) can0 2A7#00004B0A0000013B
(1790954207.846958) can0 2A1#0100010000000000
(1790954207.847096) can0 2A2#0000E1BE000016BD
(1790954207.847197) can0 2A3#000329D10002A0EA
(1790954207.847297) can0 2A4#000127970002B552
(1790954207.847422) can0 2A5#0000133A0000135D
(1790954207.847547) can0 2A6#FFFFEC9B00000648
(1790954207.847670) can0 2A7#00004B0A0000013B
(1790954207.851959) can0 2A1#0100010000000000
(1790954207.852100) can0 2A2#0000E1BE000016BD
(1790954207.852172) can0 2A3#000329D10002A0EA
(1790954207.852299) can0 2A4#000127970002B552
(1790954207.852421) can0 2A5#0000133A0000135D
(1790954207.852547) can0 2A6#FFFFEC9B00000648
(1790954207.852670) can0 2A7#00004B0A0000013B
(1790954207.856954) can0 2A1#0100010000000000
(1790954207.857092) can0 2A2#0000E1BE000016BD
(1790954207.857192) can0 2A3#000329D10002A0EA
(1790954207.857293) can0 2A4#000127970002B552
(1790954207.857420) can0 2A5#0000133A0000135D
(1790954207.857546) can0 2A6#FFFFEC9B00000648
(1790954207.857669) can0 2A7#00004B0A0000013B
(1790954207.861954) can0 2A1#0100010000000000
(1790954207.862093) can0 2A2#0000E1BE000016BD
(1790954207.862168) can0 2A3#000329D10002A0EA
(1790954207.862293) can0 2A4#000127970002B552
(1790954207.862418) can0 2A5#0000133A0000135D
(1790954207.862543) can0 2A6#FFFFEC9B00000648
(1790954207.862672) can0 2A7#00004B0A0000013B
(1790954207.866970) can0 2A1#0100010000000000
(1790954207.867095) can0 2A2#0000E1BE000016BD
(1790954207.867196) can0 2A3#000329D10002A0EA
(1790954207.867321) can0 2A4#000127970002B552
(1790954207.867443) can0 2A5#0000133A0000135D
(1790954207.867546) can0 2A6#FFFFEC9B00000648
(1790954207.867671) can0 2A7#00004B0A0000013B
(1790954207.871953) can0 2A1#0100010000000000
(1790954207.872102) can0 2A2#0000E1BE000016BD
(1790954207.872198) can0 2A3#000329D10002A0EA
(1790954207.872296) can0 2A4#000127970002B552
(1790954207.872421) can0 2A5#0000133A0000135D
(1790954207.872546) can0 2A6#FFFFEC9B00000648
(1790954207.872668) can0 2A7#00004B0A0000013B
(1790954207.876976) can0 2A1#0100010000000000
(1790954207.877095) can0 2A2#0000E1BE000016BD
(1790954207.877197) can0 2A3#000329D10002A0EA
(1790954207.877295) can0 2A4#000127970002B552
(1790954207.877420) can0 2A5#0000133A0000135D
(1790954207.877560) can0 2A6#FFFFEC9B00000648
(1790954207.877670) can0 2A7#00004B0A0000013B
(1790954207.881981) can0 2A1#0100010000000000
(1790954207.882099) can0 2A2#0000E1BE000016BD
(1790954207.882172) can0 2A3#000329D10002A0EA
(1790954207.882296) can0 2A4#000127970002B552
(1790954207.882423) can0 2A5#0000133A0000135D
(1790954207.882548) can0 2A6#FFFFEC9B00000648
(1790954207.882674) can0 2A7#00004B0A0000013B
(1790954207.886987) can0 2A1#0100010000000000
(1790954207.887092) can0 2A2#0000E1BE000016BD
(1790954207.887195) can0 2A3#000329D10002A0EA
(1790954207.887320) can0 2A4#000127970002B552
(1790954207.887419) can0 2A5#0000133A0000135D
(1790954207.887545) can0 2A6#FFFFEC9B00000648
(1790954207.887671) can0 2A7#00004B0A0000013B
(1790954207.891955) can0 2A1#0100010000000000
(1790954207.892115) can0 2A2#0000E1BE000016BD
(1790954207.892170) can0 2A3#000329D10002A0EA
(1790954207.892295) can0 2A4#000127970002B552
(1790954207.892420) can0 2A5#0000133A0000135D
(1790954207.892545) can0 2A6#FFFFEC9B00000648
(1790954207.892645) can0 2A7#00004B0A0000013B
(1790954207.896959) can0 2A1#0100010000000000
(1790954207.897095) can0 2A2#0000E1BE000016BD
(1790954207.897195) can0 2A3#000329D10002A0EA
(1790954207.897296) can0 2A4#000127970002B552
(1790954207.897422) can0 2A5#0000133A0000135D
(1790954207.897546) can0 2A6#FFFFEC9B00000648
(1790954207.897674) can0 2A7#00004B0A0000013B
(1790954207.901954) can0 2A1#0100010000000000
(1790954207.902100) can0 2A2#0000E1BE000016BD
(1790954207.902173) can0 2A3#000329D10002A0EA
(1790954207.902299) can0 2A4#000127970002B552
(1790954207.902423) can0 2A5#0000133A0000135D
(1790954207.902547) can0 2A6#FFFFEC9B00000648
(1790954207.902671) can0 2A7#00004B0A0000013B
(1790954207.906986) can0 2A1#0100010000000000
(1790954207.907097) can0 2A2#0000E1BE000016BD
(1790954207.907194) can0 2A3#000329D10002A0EA
(1790954207.907320) can0 2A4#000127970002B552
(1790954207.907445) can0 2A5#0000133A0000135D
(1790954207.907546) can0 2A6#FFFFEC9B00000648
(1790954207.907671) can0 2A7#00004B0A0000013B
(1790954207.911960) can0 2A1#0100010000000000
(1790954207.912098) can0 2A2#0000E1BE000016BD
(1790954207.912197) can0 2A3#000329D10002A0EA
(1790954207.912296) can0 2A4#000127970002B552
(1790954207.912422) can0 2A5#0000133A0000135D
(1790954207.912547) can0 2A6#FFFFEC9B00000648
(1790954207.912648) can0 2A7#00004B0A0000013B
(1790954207.916949) can0 2A1#0100010000000000
(1790954207.917099) can0 2A2#0000E1BE000016BD
(1790954207.917198) can0 2A3#000329D10002A0EA
(1790954207.917298) can0 2A4#000127970002B552
(1790954207.917422) can0 2A5#0000133A0000135D
(1790954207.917545) can0 2A6#FFFFEC9B00000648
(1790954207.917673) can0 2A7#00004B0A0000013B
(1790954207.921958) can0 2A1#0100010000000000
(1790954207.922095) can0 2A2#0000E1BE000016BD
(1790954207.922199) can0 2A3#000329D10002A0EA
(1790954207.922298) can0 2A4#000127970002B552
(1790954207.922420) can0 2A5#0000133A0000135D
(1790954207.922547) can0 2A6#FFFFEC9B00000648
(1790954207.922645) can0 2A7#00004B0A0000013B
(1790954207.926953) can0 2A1#0100010000000000
(1790954207.927097) can0 2A2#0000E1BE000016BD
(1790954207.927197) can0 2A3#000329D10002A0EA
(1790954207.927322) can0 2A4#000127970002B552
(1790954207.927447) can0 2A5#0000133A0000135D
(1790954207.927547) can0 2A6#FFFFEC9B00000648
(1790954207.927672) can0 2A7#00004B0A0000013B
(1790954207.931961) can0 2A1#0100010000000000
(1790954207.932108) can0 2A2#0000E1BE000016BD
(1790954207.932173) can0 2A3#000329D10002A0EA
(1790954207.932297) can0 2A4#000127970002B552
(1790954207.932420) can0 2A5#0000133A0000135D
(1790954207.932548) can0 2A6#FFFFEC9B00000648
(1790954207.932673) can0 2A7#00004B0A0000013B
(1790954207.936975) can0 2A1#0100010000000000
(1790954207.937100) can0 2A2#0000E1BE000016BD
(1790954207.937196) can0 2A3#000329D10002A0EA
(1790954207.937296) can0 2A4#000127970002B552
(1790954207.937419) can0 2A5#0000133A0000135D
(1790954207.937546) can0 2A6#FFFFEC9B00000648
(1790954207.937671) can0 2A7#00004B0A0000013B
(1790954207.941945) can0 2A1#0100010000000000
(1790954207.942096) can0 2A2#0000E1BE000016BD
(1790954207.942196) can0 2A3#000329D10002A0EA
(1790954207.942293) can0 2A4#000127970002B552
(1790954207.942420) can0 2A5#0000133A0000135D
(1790954207.942543) can0 2A6#FFFFEC9B00000648
(1790954207.942670) can0 2A7#00004B0A0000013B
(1790954207.946955) can0 2A1#0100010000000000
(1790954207.947097) can0 2A2#0000E1BE000016BD
(1790954207.947196) can0 2A3#000329D10002A0EA
(1790954207.947318) can0 2A4#000127970002B552
(1790954207.947447) can0 2A5#0000133A0000135D
(1790954207.947545) can0 2A6#FFFFEC9B00000648
(1790954207.947670) can0 2A7#00004B0A0000013B
(1790954207.951944) can0 2A1#0100010000000000
(1790954207.952094) can0 2A2#0000E1BE000016BD
(1790954207.952169) can0 2A3#000329D10002A0EA
(1790954207.952295) can0 2A4#000127970002B552
(1790954207.952420) can0 2A5#0000133A0000135D
(1790954207.952545) can0 2A6#FFFFEC9B00000648
(1790954207.952645) can0 2A7#00004B0A0000013B
(1790954207.956946) can0 2A1#0100010000000000
(1790954207.957096) can0 2A2#0000E1BE000016BD
(1790954207.957196) can0 2A3#000329D10002A0EA
(1790954207.957318) can0 2A4#000127970002B552
(1790954207.957445) can0 2A5#0000133A0000135D
(1790954207.957543) can0 2A6#FFFFEC9B00000648
(1790954207.957671) can0 2A7#00004B0A0000013B
(1790954207.961948) can0 2A1#0100010000000000
(1790954207.962095) can0 2A2#0000E1BE000016BD
(1790954207.962170) can0 2A3#000329D10002A0EA
(1790954207.962297) can0 2A4#000127970002B552
(1790954207.962423) can0 2A5#0000133A0000135D
(1790954207.962547) can0 2A6#FFFFEC9B00000648
(1790954207.962645) can0 2A7#00004B0A0000013B
(1790954207.966960) can0 2A1#0100010000000000
(1790954207.967100) can0 2A2#0000E1BE000016BD
(1790954207.967199) can0 2A3#000329D10002A0EA
(1790954207.967320) can0 2A4#000127970002B552
(1790954207.967445) can0 2A5#0000133A0000135D
(1790954207.967545) can0 2A6#FFFFEC9B00000648
(1790954207.967670) can0 2A7#00004B0A0000013B
(1790954207.971951) can0 2A1#0100010000000000
(1790954207.972044) can0 2A2#0000E1BE000016BD
(1790954207.972196) can0 2A3#000329D10002A0EA
(1790954207.972295) can0 2A4#000127970002B552
(1790954207.972420) can0 2A5#0000133A0000135D
(1790954207.972544) can0 2A6#FFFFEC9B00000648
(1790954207.972645) can0 2A7#00004B0A0000013B
(1790954207.976948) can0 2A1#0100010000000000
(1790954207.977093) can0 2A2#0000E1BE000016BD
(1790954207.977195) can0 2A3#000329D10002A0EA
(1790954207.977320) can0 2A4#000127970002B552
(1790954207.977417) can0 2A5#0000133A0000135D
(1790954207.977545) can0 2A6#FFFFEC9B00000648
(1790954207.977669) can0 2A7#00004B0A0000013B
(1790954207.981952) can0 2A1#0100010000000000
(1790954207.982106) can0 2A2#0000E1BE000016BD
(1790954207.982172) can0 2A3#000329D10002A0EA
(1790954207.982297) can0 2A4#000127970002B552
(1790954207.982423) can0 2A5#0000133A0000135D
(1790954207.982548) can0 2A6#FFFFEC9B00000648
(1790954207.982672) can0 2A7#00004B0A0000013B
(1790954207.986977) can0 2A1#0100010000000000
(1790954207.987096) can0 2A2#0000E1BE000016BD
(1790954207.987195) can0 2A3#000329D10002A0EA
(1790954207.987296) can0 2A4#000127970002B552
(1790954207.987421) can0 2A5#0000133A0000135D
(1790954207.987546) can0 2A6#FFFFEC9B00000648
(1790954207.987670) can0 2A7#00004B0A0000013B
(1790954207.991946) can0 2A1#0100010000000000
(1790954207.992096) can0 2A2#0000E1BE000016BD
(1790954207.992195) can0 2A3#000329D10002A0EA
(1790954207.992295) can0 2A4#000127970002B552
(1790954207.992420) can0 2A5#0000133A0000135D
(1790954207.992545) can0 2A6#FFFFEC9B00000648
(1790954207.992670) can0 2A7#00004B0A0000013B
(1790954207.996951) can0 2A1#0100010000000000
(1790954207.997096) can0 2A2#0000E1BE000016BD
(1790954207.997197) can0 2A3#000329D10002A0EA
(1790954207.997322) can0 2A4#000127970002B552
(1790954207.997446) can0 2A5#0000133A0000135D
(1790954207.997547) can0 2A6#FFFFEC9B00000648
(1790954207.997670) can0 2A7#00004B0A0000013B
(1790954208.001957) can0 2A1#0100010000000000
(1790954208.002099) can0 2A2#0000E1BE000016BD
(1790954208.002172) can0 2A3#000329D10002A0EA
(1790954208.002299) can0 2A4#000127970002B552
(1790954208.002421) can0 2A5#0000133A0000135D
(1790954208.002548) can0 2A6#FFFFEC9B00000648
(1790954208.002671) can0 2A7#00004B0A0000013B
(1790954208.006981) can0 2A1#0100010000000000
(1790954208.007092) can0 2A2#0000E1BE000016BD
(1790954208.007195) can0 2A3#000329D10002A0EA
(1790954208.007294) can0 2A4#000127970002B552
(1790954208.007438) can0 2A5#0000133A0000135D
(1790954208.007545) can0 2A6#FFFFEC9B00000648
(1790954208.007669) can0 2A7#00004B0A0000013B
(1790954208.011951) can0 2A1#0100010000000000
(1790954208.012094) can0 2A2#0000E1BE000016BD
(1790954208.012194) can0 2A3#000329D10002A0EA
(1790954208.012293) can0 2A4#000127970002B552
(1790954208.012419) can0 2A5#0000133A0000135D
(1790954208.012544) can0 2A6#FFFFEC9B00000648
(1790954208.012669) can0 2A7#00004B0A0000013B
(1790954208.016950) can0 2A1#0100010000000000
(1790954208.017092) can0 2A2#0000E1BE000016BD
(1790954208.017195) can0 2A3#000329D10002A0EA
(1790954208.017320) can0 2A4#000127970002B552
(1790954208.017420) can0 2A5#0000133A0000135D
(1790954208.017544) can0 2A6#FFFFEC9B00000648
(1790954208.017668) can0 2A7#00004B0A0000013B
(1790954208.021952) can0 2A1#0100010000000000
(1790954208.022094) can0 2A2#0000E1BE000016BD
(1790954208.022169) can0 2A3#000329D10002A0EA
(1790954208.022294) can0 2A4#000127970002B552
(1790954208.022419) can0 2A5#0000133A0000135D
(1790954208.022544) can0 2A6#FFFFEC9B00000648
(1790954208.022669) can0 2A7#00004B0A0000013B
(1790954208.026972) can0 2A1#0100010000000000
(1790954208.027096) can0 2A2#0000E1BE000016BD
(1790954208.027196) can0 2A3#000329D10002A0EA
(1790954208.027296) can0 2A4#000127970002B552
(1790954208.027421) can0 2A5#0000133A0000135D
(1790954208.027546) can0 2A6#FFFFEC9B00000648
(1790954208.027671) can0 2A7#00004B0A0000013B
(1790954208.031954) can0 2A1#0100010000000000
(1790954208.032107) can0 2A2#0000E1BE000016BD
(1790954208.032172) can0 2A3#000329D10002A0EA
(1790954208.032298) can0 2A4#000127970002B552
(1790954208.032420) can0 2A5#0000133A0000135D
(1790954208.032547) can0 2A6#FFFFEC9B00000648
(1790954208.032672) can0 2A7#00004B0A0000013B
(1790954208.036955) can0 2A1#0100010000000000
(1790954208.037094) can0 2A2#0000E1BE000016BD
(1790954208.037194) can0 2A3#000329D10002A0EA
(1790954208.037321) can0 2A4#000127970002B552
(1790954208.037445) can0 2A5#0000133A0000135D
(1790954208.037543) can0 2A6#FFFFEC9B00000648
(1790954208.037670) can0 2A7#00004B0A0000013B
(1790954208.041951) can0 2A1#0100010000000000
(1790954208.042096) can0 2A2#0000E1BE000016BD
(1790954208.042195) can0 2A3#000329D10002A0EA
(1790954208.042295) can0 2A4#000127970002B552
(1790954208.042420) can0 2A5#0000133A0000135D
(1790954208.042545) can0 2A6#FFFFEC9B00000648
(1790954208.042645) can0 2A7#00004B0A0000013B
(1790954208.046951) can0 2A1#0100010000000000
(1790954208.047096) can0 2A2#0000E1BE000016BD
(1790954208.047198) can0 2A3#000329D10002A0EA
(1790954208.047322) can0 2A4#000127970002B552
(1790954208.047420) can0 2A5#0000133A0000135D
(1790954208.047547) can0 2A6#FFFFEC9B00000648
(1790954208.047671) can0 2A7#00004B0A0000013B
(1790954208.051950) can0 2A1#0100010000000000
(1790954208.052098) can0 2A2#0000E1BE000016BD
(1790954208.052172) can0 2A3#000329D10002A0EA
(1790954208.052297) can0 2A4#000127970002B552
(1790954208.052422) can0 2A5#0000133A0000135D
(1790954208.052547) can0 2A6#FFFFEC9B00000648
(1790954208.052672) can0 2A7#00004B0A0000013B
(1790954208.056973) can0 2A1#0100010000000000
(1790954208.057093) can0 2A2#0000E1BE000016BD
(1790954208.057196) can0 2A3#000329D10002A0EA
(1790954208.057320) can0 2A4#000127970002B552
(1790954208.057418) can0 2A5#0000133A0000135D
(1790954208.057545) can0 2A6#FFFFEC9B00000648
(1790954208.057670) can0 2A7#00004B0A0000013B
(1790954208.061947) can0 2A1#0100010000000000
(1790954208.062094) can0 2A2#0000E1BE000016BD
(1790954208.062170) can0 2A3#000329D10002A0EA
(1790954208.062295) can0 2A4#000127970002B552
(1790954208.062420) can0 2A5#0000133A0000135D
(1790954208.062545) can0 2A6#FFFFEC9B00000648
(1790954208.062670) can0 2A7#00004B0A0000013B
(1790954208.066949) can0 2A1#0100010000000000
(1790954208.067099) can0 2A2#0000E1BE000016BD
(1790954208.067198) can0 2A3#000329D10002A0EA
(1790954208.067323) can0 2A4#000127970002B552
(1790954208.067423) can0 2A5#0000133A0000135D
(1790954208.067548) can0 2A6#FFFFEC9B00000648
(1790954208.067674) can0 2A7#00004B0A0000013B
(1790954208.071949) can0 2A1#0100010000000000
(1790954208.072098) can0 2A2#0000E1BE000016BD
(1790954208.072172) can0 2A3#000329D10002A0EA
(1790954208.072297) can0 2A4#000127970002B552
(1790954208.072422) can0 2A5#0000133A0000135D
(1790954208.072548) can0 2A6#FFFFEC9B00000648
(1790954208.072672) can0 2A7#00004B0A0000013B
(1790954208.076951) can0 2A1#0100010000000000
(1790954208.077095) can0 2A2#0000E1BE000016BD
(1790954208.077195) can0 2A3#000329D10002A0EA
(1790954208.077320) can0 2A4#000127970002B552
(1790954208.077420) can0 2A5#0000133A0000135D
(1790954208.077545) can0 2A6#FFFFEC9B00000648
(1790954208.077670) can0 2A7#00004B0A0000013B
(1790954208.081952) can0 2A1#0100010000000000
(1790954208.082105) can0 2A2#0000E1BE000016BD
(1790954208.082198) can0 2A3#000329D10002A0EA
(1790954208.082297) can0 2A4#000127970002B552
(1790954208.082420) can0 2A5#0000133A0000135D
(1790954208.082548) can0 2A6#FFFFEC9B00000648
(1790954208.082647) can0 2A7#00004B0A0000013B
(1790954208.086949) can0 2A1#0100010000000000
(1790954208.087096) can0 2A2#0000E1BE000016BD
(1790954208.087195) can0 2A3#000329D10002A0EA
(1790954208.087293) can0 2A4#000127970002B552
(1790954208.087420) can0 2A5#0000133A0000135D
(1790954208.087542) can0 2A6#FFFFEC9B00000648
(1790954208.087670) can0 2A7#00004B0A0000013B
(1790954208.091948) can0 2A1#0100010000000000
(1790954208.092097) can0 2A2#0000E1BE000016BD
(1790954208.092172) can0 2A3#000329D10002A0EA
(1790954208.092297) can0 2A4#000127970002B552
(1790954208.092422) can0 2A5#0000133A0000135D
(1790954208.092547) can0 2A6#FFFFEC9B00000648
(1790954208.092647) can0 2A7#00004B0A0000013B
(1790954208.096950) can0 2A1#0100010000000000
(1790954208.097097) can0 2A2#0000E1BE000016BD
(1790954208.097197) can0 2A3#000329D10002A0EA
(1790954208.097322) can0 2A4#000127970002B552
(1790954208.097424) can0 2A5#0000133A0000135D
(1790954208.097547) can0 2A6#FFFFEC9B00000648
(1790954208.097675) can0 2A7#00004B0A0000013B
(1790954208.101951) can0 2A1#0100010000000000
(1790954208.102100) can0 2A2#0000E1BE000016BD
(1790954208.102198) can0 2A3#000329D10002A0EA
(1790954208.102296) can0 2A4#000127970002B552
(1790954208.102423) can0 2A5#0000133A0000135D
(1790954208.102549) can0 2A6#FFFFEC9B00000648
(1790954208.102673) can0 2A7#00004B0A0000013B
(1790954208.106946) can0 2A1#0100010000000000
(1790954208.107098) can0 2A2#0000E1BE000016BD
(1790954208.107195) can0 2A3#000329D10002A0EA
(1790954208.107325) can0 2A4#000127970002B552
(1790954208.107446) can0 2A5#0000133A0000135D
(1790954208.107545) can0 2A6#FFFFEC9B00000648
(1790954208.107670) can0 2A7#00004B0A0000013B
(1790954208.111952) can0 2A1#0100010000000000
(1790954208.112096) can0 2A2#0000E1BE000016BD
(1790954208.112171) can0 2A3#000329D10002A0EA
(1790954208.112296) can0 2A4#000127970002B552
(1790954208.112421) can0 2A5#0000133A0000135D
(1790954208.112546) can0 2A6#FFFFEC9B00000648
(1790954208.112671) can0 2A7#00004B0A0000013B
(1790954208.116978) can0 2A1#0100010000000000
(1790954208.117097) can0 2A2#0000E1BE000016BD
(1790954208.117198) can0 2A3#000329D10002A0EA
(1790954208.117296) can0 2A4#000127970002B552
(1790954208.117421) can0 2A5#0000133A0000135D
(1790954208.117545) can0 2A6#FFFFEC9B00000648
(1790954208.117672) can0 2A7#00004B0A0000013B
(1790954208.121950) can0 2A1#0100010000000000
(1790954208.122102) can0 2A2#0000E1BE000016BD
(1790954208.122195) can0 2A3#000329D10002A0EA
(1790954208.122293) can0 2A4#000127970002B552
(1790954208.122420) can0 2A5#0000133A0000135D
(1790954208.122545) can0 2A6#FFFFEC9B00000648
(1790954208.122670) can0 2A7#00004B0A0000013B
(1790954208.126953) can0 2A1#0100010000000000
(1790954208.127094) can0 2A2#0000E1BE000016BD
(1790954208.127195) can0 2A3#000329D10002A0EA
(1790954208.127336) can0 2A4#000127970002B552
(1790954208.127445) can0 2A5#0000133A0000135D
(1790954208.127545) can0 2A6#FFFFEC9B00000648
(1790954208.127669) can0 2A7#00004B0A0000013B
(1790954208.131947) can0 2A1#0100010000000000
(1790954208.132095) can0 2A2#0000E1BE000016BD
(1790954208.132170) can0 2A3#000329D10002A0EA
(1790954208.132294) can0 2A4#000127970002B552
(1790954208.132419) can0 2A5#0000133A0000135D
(1790954208.132544) can0 2A6#FFFFEC9B00000648
(1790954208.132669) can0 2A7#00004B0A0000013B
(1790954208.136971) can0 2A1#0100010000000000
(1790954208.137095) can0 2A2#0000E1BE000016BD
(1790954208.137195) can0 2A3#000329D10002A0EA
(1790954208.137294) can0 2A4#000127970002B552
(1790954208.137445) can0 2A5#0000133A0000135D
(1790954208.137569) can0 2A6#FFFFEC9B00000648
(1790954208.137668) can0 2A7#00004B0A0000013B
(1790954208.141946) can0 2A1#0100010000000000
(1790954208.142094) can0 2A2#0000E1BE000016BD
(1790954208.142169) can0 2A3#000329D10002A0EA
(1790954208.142294) can0 2A4#000127970002B552
(1790954208.142419) can0 2A5#0000133A0000135D
(1790954208.142545) can0 2A6#FFFFEC9B00000648
(1790954208.142644) can0 2A7#00004B0A0000013B
(1790954208.146949) can0 2A1#0100010000000000
(1790954208.147097) can0 2A2#0000E1BE000016BD
(1790954208.147200) can0 2A3#000329D10002A0EA
(1790954208.147322) can0 2A4#000127970002B552
(1790954208.147446) can0 2A5#0000133A0000135D
(1790954208.147554) can0 2A6#FFFFEC9B00000648
(1790954208.147673) can0 2A7#00004B0A0000013B
(1790954208.151975) can0 2A1#0100010000000000
(1790954208.152097) can0 2A2#0000E1BE000016BD
(1790954208.152172) can0 2A3#000329D10002A0EA
(1790954208.152297) can0 2A4#000127970002B552
(1790954208.152422) can0 2A5#0000133A0000135D
(1790954208.152547) can0 2A6#FFFFEC9B00000648
(1790954208.152673) can0 2A7#00004B0A0000013B
(1790954208.156970) can0 2A1#0100010000000000
(1790954208.157093) can0 2A2#0000E1BE000016BD
(1790954208.157195) can0 2A3#000329D10002A0EA
(1790954208.157296) can0 2A4#000127970002B552
(1790954208.157420) can0 2A5#0000133A0000135D
(1790954208.157545) can0 2A6#FFFFEC9B00000648
(1790954208.157671) can0 2A7#00004B0A0000013B
(1790954208.161950) can0 2A1#0100010000000000
(1790954208.162046) can0 2A2#0000E1BE000016BD
(1790954208.162196) can0 2A3#000329D10002A0EA
(1790954208.162295) can0 2A4#000127970002B552
(1790954208.162422) can0 2A5#0000133A0000135D
(1790954208.162546) can0 2A6#FFFFEC9B00000648
(1790954208.162647) can0 2A7#00004B0A0000013B
(1790954208.166959) can0 2A1#0100010000000000
(1790954208.167098) can0 2A2#0000E1BE000016BD
(1790954208.167200) can0 2A3#000329D10002A0EA
(1790954208.167322) can0 2A4#000127970002B552
(1790954208.167422) can0 2A5#0000133A0000135D
(1790954208.167548) can0 2A6#FFFFEC9B00000648
(1790954208.167670) can0 2A7#00004B0A0000013B
(1790954208.171951) can0 2A1#0100010000000000
(1790954208.172047) can0 2A2#0000E1BE000016BD
(1790954208.172199) can0 2A3#000329D10002A0EA
(1790954208.172295) can0 2A4#000127970002B552
(1790954208.172423) can0 2A5#0000133A0000135D
(1790954208.172548) can0 2A6#FFFFEC9B00000648
(1790954208.172648) can0 2A7#00004B0A0000013B
(1790954208.176995) can0 2A1#0100010000000000
(1790954208.177093) can0 2A2#0000E1BE000016BD
(1790954208.177195) can0 2A3#000329D10002A0EA
(1790954208.177319) can0 2A4#000127970002B552
(1790954208.177420) can0 2A5#0000133A0000135D
(1790954208.177545) can0 2A6#FFFFEC9B00000648
(1790954208.177670) can0 2A7#00004B0A0000013B
(1790954208.181962) can0 2A1#0100010000000000
(1790954208.182098) can0 2A2#0000E1BE000016BD
(1790954208.182172) can0 2A3#000329D10002A0EA
(1790954208.182321) can0 2A4#000127970002B552
(1790954208.182420) can0 2A5#0000133A0000135D
(1790954208.182546) can0 2A6#FFFFEC9B00000648
(1790954208.182671) can0 2A7#00004B0A0000013B
(1790954208.186947) can0 2A1#0100010000000000
(1790954208.187097) can0 2A2#0000E1BE000016BD
(1790954208.187197) can0 2A3#000329D10002A0EA
(1790954208.187322) can0 2A4#000127970002B552
(1790954208.187446) can0 2A5#0000133A0000135D
(1790954208.187546) can0 2A6#FFFFEC9B00000648
(1790954208.187671) can0 2A7#00004B0A0000013B
(1790954208.191952) can0 2A1#0100010000000000
(1790954208.192045) can0 2A2#0000E1BE000016BD
(1790954208.192196) can0 2A3#000329D10002A0EA
(1790954208.192296) can0 2A4#000127970002B552
(1790954208.192421) can0 2A5#0000133A0000135D
(1790954208.192546) can0 2A6#FFFFEC9B00000648
(1790954208.192644) can0 2A7#00004B0A0000013B
(1790954208.196960) can0 2A1#0100010000000000
(1790954208.197100) can0 2A2#0000E1BE000016BD
(1790954208.197198) can0 2A3#000329D10002A0EA
(1790954208.197323) can0 2A4#000127970002B552
(1790954208.197421) can0 2A5#0000133A0000135D
(1790954208.197548) can0 2A6#FFFFEC9B00000648
(1790954208.197673) can0 2A7#00004B0A0000013B
(1790954208.201980) can0 2A1#0100010000000000
(1790954208.202047) can0 2A2#0000E1BE000016BD
(1790954208.202196) can0 2A3#000329D10002A0EA
(1790954208.202350) can0 2A4#000127970002B552
(1790954208.202423) can0 2A5#0000133A0000135D
(1790954208.202547) can0 2A6#FFFFEC9B00000648
(1790954208.202647) can0 2A7#00004B0A0000013B
(1790954208.206956) can0 2A1#0100010000000000
(1790954208.207095) can0 2A2#0000E1BE000016BD
(1790954208.207195) can0 2A3#000329D10002A0EA
(1790954208.207320) can0 2A4#000127970002B552
(1790954208.207422) can0 2A5#0000133A0000135D
(1790954208.207546) can0 2A6#FFFFEC9B00000648
(1790954208.207669) can0 2A7#00004B0A0000013B
(1790954208.211957) can0 2A1#0100010000000000
(1790954208.212095) can0 2A2#0000E1BE000016BD
(1790954208.212169) can0 2A3#000329D10002A0EA
(1790954208.212294) can0 2A4#000127970002B552
(1790954208.212422) can0 2A5#0000133A0000135D
(1790954208.212544) can0 2A6#FFFFEC9B00000648
(1790954208.212669) can0 2A7#00004B0A0000013B
(1790954208.216984) can0 2A1#0100010000000000
(1790954208.217095) can0 2A2#0000E1BE000016BD
(1790954208.217194) can0 2A3#000329D10002A0EA
(1790954208.217322) can0 2A4#000127970002B552
(1790954208.217419) can0 2A5#0000133A0000135D
(1790954208.217572) can0 2A6#FFFFEC9B00000648
(1790954208.217669) can0 2A7#00004B0A0000013B
(1790954208.221971) can0 2A1#0100010000000000
(1790954208.222094) can0 2A2#0000E1BE000016BD
(1790954208.222195) can0 2A3#000329D10002A0EA
(1790954208.222295) can0 2A4#000127970002B552
(1790954208.222420) can0 2A5#0000133A0000135D
(1790954208.222545) can0 2A6#FFFFEC9B00000648
(1790954208.222644) can0 2A7#00004B0A0000013B
(1790954208.226952) can0 2A1#0100010000000000
(1790954208.227096) can0 2A2#0000E1BE000016BD
(1790954208.227197) can0 2A3#000329D10002A0EA
(1790954208.227322) can0 2A4#000127970002B552
(1790954208.227419) can0 2A5#0000133A0000135D
(1790954208.227544) can0 2A6#FFFFEC9B00000648
(1790954208.227669) can0 2A7#00004B0A0000013B
(1790954208.231954) can0 2A1#0100010000000000
(1790954208.232095) can0 2A2#0000E1BE000016BD
(1790954208.232169) can0 2A3#000329D10002A0EA
(1790954208.232320) can0 2A4#000127970002B552
(1790954208.232419) can0 2A5#0000133A0000135D
(1790954208.232544) can0 2A6#FFFFEC9B00000648
(1790954208.232669) can0 2A7#00004B0A0000013B
(1790954208.237005) can0 2A1#0100010000000000
(1790954208.237097) can0 2A2#0000E1BE000016BD
(1790954208.237196) can0 2A3#000329D10002A0EA
(1790954208.237320) can0 2A4#000127970002B552
(1790954208.237445) can0 2A5#0000133A0000135D
(1790954208.237570) can0 2A6#FFFFEC9B00000648
(1790954208.237696) can0 2A7#00004B0A0000013B
(1790954208.241949) can0 2A1#0100010000000000
(1790954208.242095) can0 2A2#0000E1BE000016BD
(1790954208.242194) can0 2A3#000329D10002A0EA
(1790954208.242294) can0 2A4#000127970002B552
(1790954208.242423) can0 2A5#0000133A0000135D
(1790954208.242545) can0 2A6#FFFFEC9B00000648
(1790954208.242670) can0 2A7#00004B0A0000013B
(1790954208.246950) can0 2A1#0100010000000000
(1790954208.247097) can0 2A2#0000E1BE000016BD
(1790954208.247198) can0 2A3#000329D10002A0EA
(1790954208.247320) can0 2A4#000127970002B552
(1790954208.247447) can0 2A5#0000133A0000135D
(1790954208.247546) can0 2A6#FFFFEC9B00000648
(1790954208.247672) can0 2A7#00004B0A0000013B
(1790954208.251955) can0 2A1#0100010000000000
(1790954208.252098) can0 2A2#0000E1BE000016BD
(1790954208.252172) can0 2A3#000329D10002A0EA
(1790954208.252297) can0 2A4#000127970002B552
(1790954208.252421) can0 2A5#0000133A0000135D
(1790954208.252547) can0 2A6#FFFFEC9B00000648
(1790954208.252671) can0 2A7#00004B0A0000013B
(1790954208.256978) can0 2A1#0100010000000000
(1790954208.257093) can0 2A2#0000E1BE000016BD
(1790954208.257195) can0 2A3#000329D10002A0EA
(1790954208.257296) can0 2A4#000127970002B552
(1790954208.257420) can0 2A5#0000133A0000135D
(1790954208.257570) can0 2A6#FFFFEC9B00000648
(1790954208.257669) can0 2A7#00004B0A0000013B
(1790954208.261945) can0 2A1#0100010000000000
(1790954208.262042) can0 2A2#0000E1BE000016BD
(1790954208.262194) can0 2A3#000329D10002A0EA
(1790954208.262294) can0 2A4#000127970002B552
(1790954208.262419) can0 2A5#0000133A0000135D
(1790954208.262546) can0 2A6#FFFFEC9B00000648
(1790954208.262673) can0 2A7#00004B0A0000013B
(1790954208.266984) can0 2A1#0100010000000000
(1790954208.267098) can0 2A2#0000E1BE000016BD
(1790954208.267201) can0 2A3#000329D10002A0EA
(1790954208.267322) can0 2A4#000127970002B552
(1790954208.267449) can0 2A5#0000133A0000135D
(1790954208.267573) can0 2A6#FFFFEC9B00000648
(1790954208.267674) can0 2A7#00004B0A0000013B
(1790954208.271960) can0 2A1#0100010000000000
(1790954208.272099) can0 2A2#0000E1BE000016BD
(1790954208.272171) can0 2A3#000329D10002A0EA
(1790954208.272297) can0 2A4#000127970002B552
(1790954208.272422) can0 2A5#0000133A0000135D
(1790954208.272546) can0 2A6#FFFFEC9B00000648
(1790954208.272671) can0 2A7#00004B0A0000013B
(1790954208.276983) can0 2A1#0100010000000000
(1790954208.277097) can0 2A2#0000E1BE000016BD
(1790954208.277194) can0 2A3#000329D10002A0EA
(1790954208.277294) can0 2A4#000127970002B552
(1790954208.277445) can0 2A5#0000133A0000135D
(1790954208.277569) can0 2A6#FFFFEC9B00000648
(1790954208.277668) can0 2A7#00004B0A0000013B
(1790954208.281974) can0 2A1#0100010000000000
(1790954208.282101) can0 2A2#0000E1BE000016BD
(1790954208.282196) can0 2A3#000329D10002A0EA
(1790954208.282298) can0 2A4#000127970002B552
(1790954208.282422) can0 2A5#0000133A0000135D
(1790954208.282547) can0 2A6#FFFFEC9B00000648
(1790954208.282674) can0 2A7#00004B0A0000013B
(1790954208.286963) can0 2A1#0100010000000000
(1790954208.287101) can0 2A2#0000E1BE000016BD
(1790954208.287196) can0 2A3#000329D10002A0EA
(1790954208.287327) can0 2A4#000127970002B552
(1790954208.287446) can0 2A5#0000133A0000135D
(1790954208.287574) can0 2A6#FFFFEC9B00000648
(1790954208.287678) can0 2A7#00004B0A0000013B
(1790954208.291959) can0 2A1#0100010000000000
(1790954208.292096) can0 2A2#0000E1BE000016BD
(1790954208.292196) can0 2A3#000329D10002A0EA
(1790954208.292295) can0 2A4#000127970002B552
(1790954208.292420) can0 2A5#0000133A0000135D
(1790954208.292545) can0 2A6#FFFFEC9B00000648
(1790954208.292670) can0 2A7#00004B0A0000013B
(1790954208.296957) can0 2A1#0100010000000000
(1790954208.297098) can0 2A2#0000E1BE000016BD
(1790954208.297197) can0 2A3#000329D10002A0EA
(1790954208.297322) can0 2A4#000127970002B552
(1790954208.297447) can0 2A5#0000133A0000135D
(1790954208.297572) can0 2A6#FFFFEC9B00000648
(1790954208.297672) can0 2A7#00004B0A0000013B
(1790954208.301961) can0 2A1#0100010000000000
(1790954208.302106) can0 2A2#0000E1BE000016BD
(1790954208.302170) can0 2A3#000329D10002A0EA
(1790954208.302296) can0 2A4#000127970002B552
(1790954208.302423) can0 2A5#0000133A0000135D
(1790954208.302546) can0 2A6#FFFFEC9B00000648
(1790954208.302675) can0 2A7#00004B0A0000013B
(1790954208.306978) can0 2A1#0100010000000000
(1790954208.307095) can0 2A2#0000E1BE000016BD
(1790954208.307194) can0 2A3#000329D10002A0EA
(1790954208.307320) can0 2A4#000127970002B552
(1790954208.307419) can0 2A5#0000133A0000135D
(1790954208.307547) can0 2A6#FFFFEC9B00000648
(1790954208.307668) can0 2A7#00004B0A0000013B
(1790954208.311953) can0 2A1#0100010000000000
(1790954208.312094) can0 2A2#0000E1BE000016BD
(1790954208.312195) can0 2A3#000329D10002A0EA
(1790954208.312295) can0 2A4#000127970002B552
(1790954208.312422) can0 2A5#0000133A0000135D
(1790954208.312549) can0 2A6#FFFFEC9B00000648
(1790954208.312671) can0 2A7#00004B0A0000013B
(1790954208.316995) can0 2A1#0100010000000000
(1790954208.317095) can0 2A2#0000E1BE000016BD
(1790954208.317196) can0 2A3#000329D10002A0EA
(1790954208.317322) can0 2A4#000127970002B552
(1790954208.317421) can0 2A5#0000133A0000135D
(1790954208.317547) can0 2A6#FFFFEC9B00000648
(1790954208.317674) can0 2A7#00004B0A0000013B
(1790954208.321955) can0 2A1#0100010000000000
(1790954208.322097) can0 2A2#0000E1BE000016BD
(1790954208.322171) can0 2A3#000329D10002A0EA
(1790954208.322296) can0 2A4#000127970002B552
(1790954208.322422) can0 2A5#0000133A0000135D
(1790954208.322547) can0 2A6#FFFFEC9B00000648
(1790954208.322669) can0 2A7#00004B0A0000013B
(1790954208.326973) can0 2A1#0100010000000000
(1790954208.327095) can0 2A2#0000E1BE000016BD
(1790954208.327196) can0 2A3#000329D10002A0EA
(1790954208.327321) can0 2A4#000127970002B552
(1790954208.327421) can0 2A5#0000133A0000135D
(1790954208.327546) can0 2A6#FFFFEC9B00000648
(1790954208.327671) can0 2A7#00004B0A0000013B
(1790954208.331958) can0 2A1#0100010000000000
(1790954208.332098) can0 2A2#0000E1BE000016BD
(1790954208.332171) can0 2A3#000329D10002A0EA
(1790954208.332297) can0 2A4#000127970002B552
(1790954208.332421) can0 2A5#0000133A0000135D
(1790954208.332547) can0 2A6#FFFFEC9B00000648
(1790954208.332672) can0 2A7#00004B0A0000013B
(1790954208.337006) can0 2A1#0100010000000000
(1790954208.337097) can0 2A2#0000E1BE000016BD
(1790954208.337198) can0 2A3#000329D10002A0EA
(1790954208.337328) can0 2A4#000127970002B552
(1790954208.337423) can0 2A5#0000133A0000135D
(1790954208.337575) can0 2A6#FFFFEC9B00000648
(1790954208.337688) can0 2A7#00004B0A0000013B
(1790954208.341980) can0 2A1#0100010000000000
(1790954208.342099) can0 2A2#0000E1BE000016BD
(1790954208.342195) can0 2A3#000329D10002A0EA
(1790954208.342321) can0 2A4#000127970002B552
(1790954208.342421) can0 2A5#0000133A0000135D
(1790954208.342547) can0 2A6#FFFFEC9B00000648
(1790954208.342671) can0 2A7#00004B0A0000013B
(1790954208.346967) can0 2A1#0100010000000000
(1790954208.347099) can0 2A2#0000E1BE000016BD
(1790954208.347198) can0 2A3#000329D10002A0EA
(1790954208.347323) can0 2A4#000127970002B552
(1790954208.347448) can0 2A5#0000133A0000135D
(1790954208.347574) can0 2A6#FFFFEC9B00000648
(1790954208.347675) can0 2A7#00004B0A0000013B
(1790954208.351965) can0 2A1#0100010000000000
(1790954208.352097) can0 2A2#0000E1BE000016BD
(1790954208.352195) can0 2A3#000329D10002A0EA
(1790954208.352296) can0 2A4#000127970002B552
(1790954208.352420) can0 2A5#0000133A0000135D
(1790954208.352546) can0 2A6#FFFFEC9B00000648
(1790954208.352671) can0 2A7#00004B0A0000013B
(1790954208.357002) can0 2A1#0100010000000000
(1790954208.357099) can0 2A2#0000E1BE000016BD
(1790954208.357196) can0 2A3#000329D10002A0EA
(1790954208.357321) can0 2A4#000127970002B552
(1790954208.357422) can0 2A5#0000133A0000135D
(1790954208.357576) can0 2A6#FFFFEC9B00000648
(1790954208.357672) can0 2A7#00004B0A0000013B
(1790954208.361963) can0 2A1#0100010000000000
(1790954208.362097) can0 2A2#0000E1BE000016BD
(1790954208.362195) can0 2A3#000329D10002A0EA
(1790954208.362295) can0 2A4#000127970002B552
(1790954208.362421) can0 2A5#0000133A0000135D
(1790954208.362548) can0 2A6#FFFFEC9B00000648
(1790954208.362644) can0 2A7#00004B0A0000013B
(1790954208.366962) can0 2A1#0100010000000000
(1790954208.367097) can0 2A2#0000E1BE000016BD
(1790954208.367195) can0 2A3#000329D10002A0EA
(1790954208.367320) can0 2A4#000127970002B552
(1790954208.367419) can0 2A5#0000133A0000135D
(1790954208.367545) can0 2A6#FFFFEC9B00000648
(1790954208.367669) can0 2A7#00004B0A0000013B
(1790954208.371959) can0 2A1#0100010000000000
(1790954208.372099) can0 2A2#0000E1BE000016BD
(1790954208.372197) can0 2A3#000329D10002A0EA
(1790954208.372295) can0 2A4#000127970002B552
(1790954208.372421) can0 2A5#0000133A0000135D
(1790954208.372546) can0 2A6#FFFFEC9B00000648
(1790954208.372645) can0 2A7#00004B0A0000013B
(1790954208.376986) can0 2A1#0100010000000000
(1790954208.377100) can0 2A2#0000E1BE000016BD
(1790954208.377198) can0 2A3#000329D10002A0EA
(1790954208.377323) can0 2A4#000127970002B552
(1790954208.377422) can0 2A5#0000133A0000135D
(1790954208.377545) can0 2A6#FFFFEC9B00000648
(1790954208.377669) can0 2A7#00004B0A0000013B
(1790954208.381961) can0 2A1#0100010000000000
(1790954208.382103) can0 2A2#0000E1BE000016BD
(1790954208.382169) can0 2A3#000329D10002A0EA
(1790954208.382294) can0 2A4#000127970002B552
(1790954208.382420) can0 2A5#0000133A0000135D
(1790954208.382544) can0 2A6#FFFFEC9B00000648
(1790954208.382668) can0 2A7#00004B0A0000013B
(1790954208.386966) can0 2A1#0100010000000000
(1790954208.387099) can0 2A2#0000E1BE000016BD
(1790954208.387197) can0 2A3#000329D10002A0EA
(1790954208.387323) can0 2A4#000127970002B552
(1790954208.387447) can0 2A5#0000133A0000135D
(1790954208.387572) can0 2A6#FFFFEC9B00000648
(1790954208.387672) can0 2A7#00004B0A0000013B
(1790954208.391957) can0 2A1#0100010000000000
(1790954208.392095) can0 2A2#0000E1BE000016BD
(1790954208.392194) can0 2A3#000329D10002A0EA
(1790954208.392318) can0 2A4#000127970002B552
(1790954208.392419) can0 2A5#0000133A0000135D
(1790954208.392543) can0 2A6#FFFFEC9B00000648
(1790954208.392670) can0 2A7#00004B0A0000013B
(1790954208.396970) can0 2A1#0100010000000000
(1790954208.397104) can0 2A2#0000E1BE000016BD
(1790954208.397199) can0 2A3#000329D10002A0EA
(1790954208.397322) can0 2A4#000127970002B552
(1790954208.397447) can0 2A5#0000133A0000135D
(1790954208.397547) can0 2A6#FFFFEC9B00000648
(1790954208.397677) can0 2A7#00004B0A0000013B
(1790954208.401958) can0 2A1#0100010000000000
(1790954208.402095) can0 2A2#0000E1BE000016BD
(1790954208.402170) can0 2A3#000329D10002A0EA
(1790954208.402295) can0 2A4#000127970002B552
(1790954208.402420) can0 2A5#0000133A0000135D
(1790954208.402545) can0 2A6#FFFFEC9B00000648
(1790954208.402670) can0 2A7#00004B0A0000013B
(1790954208.407108) can0 2A1#0100010000000000
(1790954208.407122) can0 2A2#0000E1BE000016BD
(1790954208.407321) can0 2A3#000329D10002A0EA
(1790954208.407329) can0 2A4#000127970002B552
(1790954208.407581) can0 2A5#0000133A0000135D
(1790954208.407590) can0 2A6#FFFFEC9B00000648
(1790954208.407671) can0 2A7#00004B0A0000013B
(1790954208.412033) can0 2A1#0100010000000000
(1790954208.412102) can0 2A2#0000E1BE000016BD
(1790954208.412243) can0 2A3#000329D10002A0EA
(1790954208.412407) can0 2A4#000127970002B552
(1790954208.412423) can0 2A5#0000133A0000135D
(1790954208.412612) can0 2A6#FFFFEC9B00000648
(1790954208.412704) can0 2A7#00004B0A0000013B
(1790954208.417134) can0 2A1#0100010000000000
(1790954208.417148) can0 2A2#0000E1BE000016BD
(1790954208.417331) can0 2A3#000329D10002A0EA
(1790954208.417336) can0 2A4#000127970002B552
(1790954208.417550) can0 2A5#0000133A0000135D
(1790954208.417557) can0 2A6#FFFFEC9B00000648
(1790954208.417672) can0 2A7#00004B0A0000013B
(1790954208.421961) can0 2A1#0100010000000000
(1790954208.422121) can0 2A2#0000E1BE000016BD
(1790954208.422172) can0 2A3#000329D10002A0EA
(1790954208.422296) can0 2A4#000127970002B552
(1790954208.422420) can0 2A5#0000133A0000135D
(1790954208.422546) can0 2A6#FFFFEC9B00000648
(1790954208.422670) can0 2A7#00004B0A0000013B
(1790954208.427047) can0 2A1#0100010000000000
(1790954208.427098) can0 2A2#0000E1BE000016BD
(1790954208.427260) can0 2A3#000329D10002A0EA
(1790954208.427402) can0 2A4#000127970002B552
(1790954208.427563) can0 2A5#0000133A0000135D
(1790954208.427568) can0 2A6#FFFFEC9B00000648
(1790954208.427791) can0 2A7#00004B0A0000013B
(1790954208.431964) can0 2A1#0100010000000000
(1790954208.432098) can0 2A2#0000E1BE000016BD
(1790954208.432309) can0 2A3#000329D10002A0EA
(1790954208.432319) can0 2A4#000127970002B552
(1790954208.432533) can0 2A5#0000133A0000135D
(1790954208.432541) can0 2A6#FFFFEC9B00000648
(1790954208.432672) can0 2A7#00004B0A0000013B
(1790954208.436982) can0 2A1#0100010000000000
(1790954208.437097) can0 2A2#0000E1BE000016BD
(1790954208.437196) can0 2A3#000329D10002A0EA
(1790954208.437297) can0 2A4#000127970002B552
(1790954208.437421) can0 2A5#0000133A0000135D
(1790954208.437571) can0 2A6#FFFFEC9B00000648
(1790954208.437672) can0 2A7#00004B0A0000013B
(1790954208.441968) can0 2A1#0100010000000000
(1790954208.442095) can0 2A2#0000E1BE000016BD
(1790954208.442196) can0 2A3#000329D10002A0EA
(1790954208.442320) can0 2A4#000127970002B552
(1790954208.442418) can0 2A5#0000133A0000135D
(1790954208.442545) can0 2A6#FFFFEC9B00000648
(1790954208.442669) can0 2A7#00004B0A0000013B
(1790954208.446952) can0 2A1#0100010000000000
(1790954208.447096) can0 2A2#0000E1BE000016BD
(1790954208.447193) can0 2A3#000329D10002A0EA
(1790954208.447318) can0 2A4#000127970002B552
(1790954208.447443) can0 2A5#0000133A0000135D
(1790954208.447544) can0 2A6#FFFFEC9B00000648
(1790954208.447668) can0 2A7#00004B0A0000013B
(1790954208.451948) can0 2A1#0100010000000000
(1790954208.452096) can0 2A2#0000E1BE000016BD
(1790954208.452195) can0 2A3#000329D10002A0EA
(1790954208.452295) can0 2A4#000127970002B552
(1790954208.452419) can0 2A5#0000133A0000135D
(1790954208.452545) can0 2A6#FFFFEC9B00000648
(1790954208.452670) can0 2A7#00004B0A0000013B
(1790954208.456989) can0 2A1#0100010000000000
(1790954208.457100) can0 2A2#0000E1BE000016BD
(1790954208.457198) can0 2A3#000329D10002A0EA
(1790954208.457322) can0 2A4#000127970002B552
(1790954208.457447) can0 2A5#0000133A0000135D
(1790954208.457572) can0 2A6#FFFFEC9B00000648
(1790954208.457672) can0 2A7#00004B0A0000013B
(1790954208.461958) can0 2A1#0100010000000000
(1790954208.462118) can0 2A2#0000E1BE000016BD
(1790954208.462197) can0 2A3#000329D10002A0EA
(1790954208.462304) can0 2A4#000127970002B552
(1790954208.462420) can0 2A5#0000133A0000135D
(1790954208.462548) can0 2A6#FFFFEC9B00000648
(1790954208.462671) can0 2A7#00004B0A0000013B
(1790954208.466987) can0 2A1#0100010000000000
(1790954208.467161) can0 2A2#0000E1BE000016BD
(1790954208.467201) can0 2A3#000329D10002A0EA
(1790954208.467325) can0 2A4#000127970002B552
(1790954208.467447) can0 2A5#0000133A0000135D
(1790954208.467570) can0 2A6#FFFFEC9B00000648
(1790954208.467671) can0 2A7#00004B0A0000013B
(1790954208.471961) can0 2A1#0100010000000000
(1790954208.472095) can0 2A2#0000E1BE000016BD
(1790954208.472195) can0 2A3#000329D10002A0EA
(1790954208.472296) can0 2A4#000127970002B552
(1790954208.472420) can0 2A5#0000133A0000135D
(1790954208.472520) can0 2A6#FFFFEC9B00000648
(1790954208.472671) can0 2A7#00004B0A0000013B
(1790954208.476974) can0 2A1#0100010000000000
(1790954208.477095) can0 2A2#0000E1BE000016BD
(1790954208.477196) can0 2A3#000329D10002A0EA
(1790954208.477293) can0 2A4#000127970002B552
(1790954208.477420) can0 2A5#0000133A0000135D
(1790954208.477546) can0 2A6#FFFFEC9B00000648
(1790954208.477692) can0 2A7#00004B0A0000013B
(1790954208.481965) can0 2A1#0100010000000000
(1790954208.482100) can0 2A2#0000E1BE000016BD
(1790954208.482197) can0 2A3#000329D10002A0EA
(1790954208.482299) can0 2A4#000127970002B552
(1790954208.482423) can0 2A5#0000133A0000135D
(1790954208.482549) can0 2A6#FFFFEC9B00000648
(1790954208.482646) can0 2A7#00004B0A0000013B
(1790954208.486993) can0 2A1#0100010000000000
(1790954208.487098) can0 2A2#0000E1BE000016BD
(1790954208.487198) can0 2A3#000329D10002A0EA
(1790954208.487297) can0 2A4#000127970002B552
(1790954208.487422) can0 2A5#0000133A0000135D
(1790954208.487575) can0 2A6#FFFFEC9B00000648
(1790954208.487674) can0 2A7#00004B0A0000013B
(1790954208.491960) can0 2A1#0100010000000000
(1790954208.492097) can0 2A2#0000E1BE000016BD
(1790954208.492197) can0 2A3#000329D10002A0EA
(1790954208.492322) can0 2A4#000127970002B552
(1790954208.492422) can0 2A5#0000133A0000135D
(1790954208.492547) can0 2A6#FFFFEC9B00000648
(1790954208.492672) can0 2A7#00004B0A0000013B
(1790954208.496961) can0 2A1#0100010000000000
(1790954208.497098) can0 2A2#0000E1BE000016BD
(1790954208.497198) can0 2A3#000329D10002A0EA
(1790954208.497322) can0 2A4#000127970002B552
(1790954208.497447) can0 2A5#0000133A0000135D
(1790954208.497546) can0 2A6#FFFFEC9B00000648
(1790954208.497671) can0 2A7#00004B0A0000013B
(1790954208.501958) can0 2A1#0100010000000000
(1790954208.502099) can0 2A2#0000E1BE000016BD
(1790954208.502196) can0 2A3#000329D10002A0EA
(1790954208.502296) can0 2A4#000127970002B552
(1790954208.502420) can0 2A5#0000133A0000135D
(1790954208.502547) can0 2A6#FFFFEC9B00000648
(1790954208.502672) can0 2A7#00004B0A0000013B
(1790954208.507059) can0 2A1#0100010000000000
(1790954208.507096) can0 2A2#0000E1BE000016BD
(1790954208.507196) can0 2A3#000329D10002A0EA
(1790954208.507320) can0 2A4#000127970002B552
(1790954208.507420) can0 2A5#0000133A0000135D
(1790954208.507571) can0 2A6#FFFFEC9B00000648
(1790954208.507670) can0 2A7#00004B0A0000013B
(1790954208.511960) can0 2A1#0100010000000000
(1790954208.512117) can0 2A2#0000E1BE000016BD
(1790954208.512195) can0 2A3#000329D10002A0EA
(1790954208.512320) can0 2A4#000127970002B552
(1790954208.512420) can0 2A5#0000133A0000135D
(1790954208.512546) can0 2A6#FFFFEC9B00000648
(1790954208.512670) can0 2A7#00004B0A0000013B
(1790954208.516985) can0 2A1#0100010000000000
(1790954208.517100) can0 2A2#0000E1BE000016BD
(1790954208.517198) can0 2A3#000329D10002A0EA
(1790954208.517323) can0 2A4#000127970002B552
(1790954208.517447) can0 2A5#0000133A0000135D
(1790954208.517548) can0 2A6#FFFFEC9B00000648
(1790954208.517674) can0 2A7#00004B0A0000013B
(1790954208.521962) can0 2A1#0100010000000000
(1790954208.522100) can0 2A2#0000E1BE000016BD
(1790954208.522172) can0 2A3#000329D10002A0EA
(1790954208.522296) can0 2A4#000127970002B552
(1790954208.522422) can0 2A5#0000133A0000135D
(1790954208.522547) can0 2A6#FFFFEC9B00000648
(1790954208.522672) can0 2A7#00004B0A0000013B
(1790954208.526979) can0 2A1#0100010000000000
(1790954208.527121) can0 2A2#0000E1BE000016BD
(1790954208.527196) can0 2A3#000329D10002A0EA
(1790954208.527320) can0 2A4#000127970002B552
(1790954208.527445) can0 2A5#0000133A0000135D
(1790954208.527571) can0 2A6#FFFFEC9B00000648
(1790954208.527701) can0 2A7#00004B0A0000013B
(1790954208.531951) can0 2A1#0100010000000000
(1790954208.532095) can0 2A2#0000E1BE000016BD
(1790954208.532197) can0 2A3#000329D10002A0EA
(1790954208.532298) can0 2A4#000127970002B552
(1790954208.532421) can0 2A5#0000133A0000135D
(1790954208.532546) can0 2A6#FFFFEC9B00000648
(1790954208.532646) can0 2A7#00004B0A0000013B
(1790954208.536974) can0 2A1#0100010000000000
(1790954208.537097) can0 2A2#0000E1BE000016BD
(1790954208.537198) can0 2A3#000329D10002A0EA
(1790954208.537297) can0 2A4#000127970002B552
(1790954208.537448) can0 2A5#0000133A0000135D
(1790954208.537573) can0 2A6#FFFFEC9B00000648
(1790954208.537674) can0 2A7#00004B0A0000013B
(1790954208.541957) can0 2A1#0100010000000000
(1790954208.542097) can0 2A2#0000E1BE000016BD
(1790954208.542199) can0 2A3#000329D10002A0EA
(1790954208.542324) can0 2A4#000127970002B552
(1790954208.542421) can0 2A5#0000133A0000135D
(1790954208.542550) can0 2A6#FFFFEC9B00000648
(1790954208.542675) can0 2A7#00004B0A0000013B
(1790954208.546992) can0 2A1#0100010000000000
(1790954208.547096) can0 2A2#0000E1BE000016BD
(1790954208.547199) can0 2A3#000329D10002A0EA
(1790954208.547321) can0 2A4#000127970002B552
(1790954208.547447) can0 2A5#0000133A0000135D
(1790954208.547546) can0 2A6#FFFFEC9B00000648
(1790954208.547673) can0 2A7#00004B0A0000013B
(1790954208.551960) can0 2A1#0100010000000000
(1790954208.552156) can0 2A2#0000E1BE000016BD
(1790954208.552196) can0 2A3#000329D10002A0EA
(1790954208.552299) can0 2A4#000127970002B552
(1790954208.552425) can0 2A5#0000133A0000135D
(1790954208.552546) can0 2A6#FFFFEC9B00000648
(1790954208.552670) can0 2A7#00004B0A0000013B
(1790954208.556975) can0 2A1#0100010000000000
(1790954208.557094) can0 2A2#0000E1BE000016BD
(1790954208.557194) can0 2A3#000329D10002A0EA
(1790954208.557294) can0 2A4#000127970002B552
(1790954208.557420) can0 2A5#0000133A0000135D
(1790954208.557570) can0 2A6#FFFFEC9B00000648
(1790954208.557667) can0 2A7#00004B0A0000013B
(1790954208.561946) can0 2A1#0100010000000000
(1790954208.562094) can0 2A2#0000E1BE000016BD
(1790954208.562194) can0 2A3#000329D10002A0EA
(1790954208.562294) can0 2A4#000127970002B552
(1790954208.562421) can0 2A5#0000133A0000135D
(1790954208.562547) can0 2A6#FFFFEC9B00000648
(1790954208.562645) can0 2A7#00004B0A0000013B
(1790954208.566995) can0 2A1#0100010000000000
(1790954208.567096) can0 2A2#0000E1BE000016BD
(1790954208.567196) can0 2A3#000329D10002A0EA
(1790954208.567298) can0 2A4#000127970002B552
(1790954208.567420) can0 2A5#0000133A0000135D
(1790954208.567570) can0 2A6#FFFFEC9B00000648
(1790954208.567669) can0 2A7#00004B0A0000013B
(1790954208.571961) can0 2A1#0100010000000000
(1790954208.572098) can0 2A2#0000E1BE000016BD
(1790954208.572198) can0 2A3#000329D10002A0EA
(1790954208.572323) can0 2A4#000127970002B552
(1790954208.572420) can0 2A5#0000133A0000135D
(1790954208.572546) can0 2A6#FFFFEC9B00000648
(1790954208.572670) can0 2A7#00004B0A0000013B
(1790954208.576969) can0 2A1#0100010000000000
(1790954208.577101) can0 2A2#0000E1BE000016BD
(1790954208.577197) can0 2A3#000329D10002A0EA
(1790954208.577322) can0 2A4#000127970002B552
(1790954208.577445) can0 2A5#0000133A0000135D
(1790954208.577572) can0 2A6#FFFFEC9B00000648
(1790954208.577709) can0 2A7#00004B0A0000013B
(1790954208.581957) can0 2A1#0100010000000000
(1790954208.582102) can0 2A2#0000E1BE000016BD
(1790954208.582175) can0 2A3#000329D10002A0EA
(1790954208.582307) can0 2A4#000127970002B552
(1790954208.582421) can0 2A5#0000133A0000135D
(1790954208.582546) can0 2A6#FFFFEC9B00000648
(1790954208.582671) can0 2A7#00004B0A0000013B
(1790954208.586978) can0 2A1#0100010000000000
(1790954208.587098) can0 2A2#0000E1BE000016BD
(1790954208.587197) can0 2A3#000329D10002A0EA
(1790954208.587322) can0 2A4#000127970002B552
(1790954208.587447) can0 2A5#0000133A0000135D
(1790954208.587572) can0 2A6#FFFFEC9B00000648
(1790954208.587672) can0 2A7#00004B0A0000013B
(1790954208.591947) can0 2A1#0100010000000000
(1790954208.592096) can0 2A2#0000E1BE000016BD
(1790954208.592172) can0 2A3#000329D10002A0EA
(1790954208.592322) can0 2A4#000127970002B552
(1790954208.592421) can0 2A5#0000133A0000135D
(1790954208.592547) can0 2A6#FFFFEC9B00000648
(1790954208.592672) can0 2A7#00004B0A0000013B
(1790954208.596986) can0 2A1#0100010000000000
(1790954208.597100) can0 2A2#0000E1BE000016BD
(1790954208.597201) can0 2A3#000329D10002A0EA
(1790954208.597325) can0 2A4#000127970002B552
(1790954208.597449) can0 2A5#0000133A0000135D
(1790954208.597574) can0 2A6#FFFFEC9B00000648
(1790954208.597675) can0 2A7#00004B0A0000013B
(1790954208.601973) can0 2A1#0100010000000000
(1790954208.602145) can0 2A2#0000E1BE000016BD
(1790954208.602170) can0 2A3#000329D10002A0EA
(1790954208.602301) can0 2A4#000127970002B552
(1790954208.602423) can0 2A5#0000133A0000135D
(1790954208.602549) can0 2A6#FFFFEC9B00000648
(1790954208.602672) can0 2A7#00004B0A0000013B
(1790954208.606982) can0 2A1#0100010000000000
(1790954208.607096) can0 2A2#0000E1BE000016BD
(1790954208.607195) can0 2A3#000329D10002A0EA
(1790954208.607320) can0 2A4#000127970002B552
(1790954208.607445) can0 2A5#0000133A0000135D
(1790954208.607557) can0 2A6#FFFFEC9B00000648
(1790954208.607670) can0 2A7#00004B0A0000013B
(1790954208.611951) can0 2A1#0100010000000000
(1790954208.612099) can0 2A2#0000E1BE000016BD
(1790954208.612198) can0 2A3#000329D10002A0EA
(1790954208.612325) can0 2A4#000127970002B552
(1790954208.612423) can0 2A5#0000133A0000135D
(1790954208.612548) can0 2A6#FFFFEC9B00000648
(1790954208.612673) can0 2A7#00004B0A0000013B
(1790954208.616995) can0 2A1#0100010000000000
(1790954208.617098) can0 2A2#0000E1BE000016BD
(1790954208.617198) can0 2A3#000329D10002A0EA
(1790954208.617324) can0 2A4#000127970002B552
(1790954208.617445) can0 2A5#0000133A0000135D
(1790954208.617571) can0 2A6#FFFFEC9B00000648
(1790954208.617672) can0 2A7#00004B0A0000013B
(1790954208.621958) can0 2A1#0100010000000000
(1790954208.622096) can0 2A2#0000E1BE000016BD
(1790954208.622198) can0 2A3#000329D10002A0EA
(1790954208.622320) can0 2A4#000127970002B552
(1790954208.622422) can0 2A5#0000133A0000135D
(1790954208.622548) can0 2A6#FFFFEC9B00000648
(1790954208.622672) can0 2A7#00004B0A0000013B
(1790954208.626950) can0 2A1#0100010000000000
(1790954208.627094) can0 2A2#0000E1BE000016BD
(1790954208.627193) can0 2A3#000329D10002A0EA
(1790954208.627318) can0 2A4#000127970002B552
(1790954208.627443) can0 2A5#0000133A0000135D
(1790954208.627543) can0 2A6#FFFFEC9B00000648
(1790954208.627688) can0 2A7#00004B0A0000013B
(1790954208.631972) can0 2A1#0100010000000000
(1790954208.632100) can0 2A2#0000E1BE000016BD
(1790954208.632197) can0 2A3#000329D10002A0EA
(1790954208.632323) can0 2A4#000127970002B552
(1790954208.632421) can0 2A5#0000133A0000135D
(1790954208.632552) can0 2A6#FFFFEC9B00000648
(1790954208.632673) can0 2A7#00004B0A0000013B
(1790954208.636958) can0 2A1#0100010000000000
(1790954208.637096) can0 2A2#0000E1BE000016BD
(1790954208.637195) can0 2A3#000329D10002A0EA
(1790954208.637320) can0 2A4#000127970002B552
(1790954208.637445) can0 2A5#0000133A0000135D
(1790954208.637544) can0 2A6#FFFFEC9B00000648
(1790954208.637670) can0 2A7#00004B0A0000013B
(1790954208.641949) can0 2A1#0100010000000000
(1790954208.642116) can0 2A2#0000E1BE000016BD
(1790954208.642196) can0 2A3#000329D10002A0EA
(1790954208.642295) can0 2A4#000127970002B552
(1790954208.642420) can0 2A5#0000133A0000135D
(1790954208.642546) can0 2A6#FFFFEC9B00000648
(1790954208.642670) can0 2A7#00004B0A0000013B
(1790954208.646981) can0 2A1#0100010000000000
(1790954208.647099) can0 2A2#0000E1BE000016BD
(1790954208.647197) can0 2A3#000329D10002A0EA
(1790954208.647297) can0 2A4#000127970002B552
(1790954208.647447) can0 2A5#0000133A0000135D
(1790954208.647547) can0 2A6#FFFFEC9B00000648
(1790954208.647672) can0 2A7#00004B0A0000013B
(1790954208.651951) can0 2A1#0100010000000000
(1790954208.652096) can0 2A2#0000E1BE000016BD
(1790954208.652197) can0 2A3#000329D10002A0EA
(1790954208.652295) can0 2A4#000127970002B552
(1790954208.652422) can0 2A5#0000133A0000135D
(1790954208.652547) can0 2A6#FFFFEC9B00000648
(1790954208.652672) can0 2A7#00004B0A0000013B
(1790954208.656993) can0 2A1#0100010000000000
(1790954208.657098) can0 2A2#0000E1BE000016BD
(1790954208.657198) can0 2A3#000329D10002A0EA
(1790954208.657324) can0 2A4#000127970002B552
(1790954208.657449) can0 2A5#0000133A0000135D
(1790954208.657549) can0 2A6#FFFFEC9B00000648
(1790954208.657674) can0 2A7#00004B0A0000013B
(1790954208.661957) can0 2A1#0100010000000000
(1790954208.662098) can0 2A2#0000E1BE000016BD
(1790954208.662199) can0 2A3#000329D10002A0EA
(1790954208.662297) can0 2A4#000127970002B552
(1790954208.662423) can0 2A5#0000133A0000135D
(1790954208.662548) can0 2A6#FFFFEC9B00000648
(1790954208.662649) can0 2A7#00004B0A0000013B
(1790954208.666996) can0 2A1#0100010000000000
(1790954208.667098) can0 2A2#0000E1BE000016BD
(1790954208.667198) can0 2A3#000329D10002A0EA
(1790954208.667326) can0 2A4#000127970002B552
(1790954208.667423) can0 2A5#0000133A0000135D
(1790954208.667545) can0 2A6#FFFFEC9B00000648
(1790954208.667672) can0 2A7#00004B0A0000013B
(1790954208.671969) can0 2A1#0100010000000000
(1790954208.672097) can0 2A2#0000E1BE000016BD
(1790954208.672171) can0 2A3#000329D10002A0EA
(1790954208.672298) can0 2A4#000127970002B552
(1790954208.672423) can0 2A5#0000133A0000135D
(1790954208.672547) can0 2A6#FFFFEC9B00000648
(1790954208.672673) can0 2A7#00004B0A0000013B
(1790954208.676976) can0 2A1#0100010000000000
(1790954208.677095) can0 2A2#0000E1BE000016BD
(1790954208.677195) can0 2A3#000329D10002A0EA
(1790954208.677322) can0 2A4#000127970002B552
(1790954208.677444) can0 2A5#0000133A0000135D
(1790954208.677570) can0 2A6#FFFFEC9B00000648
(1790954208.677692) can0 2A7#00004B0A0000013B
(1790954208.681970) can0 2A1#0100010000000000
(1790954208.682116) can0 2A2#0000E1BE000016BD
(1790954208.682195) can0 2A3#000329D10002A0EA
(1790954208.682323) can0 2A4#000127970002B552
(1790954208.682420) can0 2A5#0000133A0000135D
(1790954208.682547) can0 2A6#FFFFEC9B00000648
(1790954208.682672) can0 2A7#00004B0A0000013B
(1790954208.686975) can0 2A1#0100010000000000
(1790954208.687099) can0 2A2#0000E1BE000016BD
(1790954208.687195) can0 2A3#000329D10002A0EA
(1790954208.687322) can0 2A4#000127970002B552
(1790954208.687445) can0 2A5#0000133A0000135D
(1790954208.687547) can0 2A6#FFFFEC9B00000648
(1790954208.687672) can0 2A7#00004B0A0000013B
(1790954208.691954) can0 2A1#0100010000000000
(1790954208.692113) can0 2A2#0000E1BE000016BD
(1790954208.692197) can0 2A3#000329D10002A0EA
(1790954208.692297) can0 2A4#000127970002B552
(1790954208.692422) can0 2A5#0000133A0000135D
(1790954208.692547) can0 2A6#FFFFEC9B00000648
(1790954208.692672) can0 2A7#00004B0A0000013B
(1790954208.696988) can0 2A1#0100010000000000
(1790954208.697099) can0 2A2#0000E1BE000016BD
(1790954208.697199) can0 2A3#000329D10002A0EA
(1790954208.697323) can0 2A4#000127970002B552
(1790954208.697447) can0 2A5#0000133A0000135D
(1790954208.697548) can0 2A6#FFFFEC9B00000648
(1790954208.697705) can0 2A7#00004B0A0000013B
(1790954208.701984) can0 2A1#0100010000000000
(1790954208.702096) can0 2A2#0000E1BE000016BD
(1790954208.702194) can0 2A3#000329D10002A0EA
(1790954208.702319) can0 2A4#000127970002B552
(1790954208.702422) can0 2A5#0000133A0000135D
(1790954208.702544) can0 2A6#FFFFEC9B00000648
(1790954208.702669) can0 2A7#00004B0A0000013B
(1790954208.706990) can0 2A1#0100010000000000
(1790954208.707094) can0 2A2#0000E1BE000016BD
(1790954208.707195) can0 2A3#000329D10002A0EA
(1790954208.707319) can0 2A4#000127970002B552
(1790954208.707463) can0 2A5#0000133A0000135D
(1790954208.707546) can0 2A6#FFFFEC9B00000648
(1790954208.707673) can0 2A7#00004B0A0000013B
(1790954208.711959) can0 2A1#0100010000000000
(1790954208.712098) can0 2A2#0000E1BE000016BD
(1790954208.712199) can0 2A3#000329D10002A0EA
(1790954208.712298) can0 2A4#000127970002B552
(1790954208.712424) can0 2A5#0000133A0000135D
(1790954208.712547) can0 2A6#FFFFEC9B00000648
(1790954208.712680) can0 2A7#00004B0A0000013B
(1790954208.716991) can0 2A1#0100010000000000
(1790954208.717096) can0 2A2#0000E1BE000016BD
(1790954208.717197) can0 2A3#000329D10002A0EA
(1790954208.717322) can0 2A4#000127970002B552
(1790954208.717446) can0 2A5#0000133A0000135D
(1790954208.717572) can0 2A6#FFFFEC9B00000648
(1790954208.717672) can0 2A7#00004B0A0000013B
(1790954208.721982) can0 2A1#0100010000000000
(1790954208.722101) can0 2A2#0000E1BE000016BD
(1790954208.722201) can0 2A3#000329D10002A0EA
(1790954208.722300) can0 2A4#000127970002B552
(1790954208.722422) can0 2A5#0000133A0000135D
(1790954208.722549) can0 2A6#FFFFEC9B00000648
(1790954208.722672) can0 2A7#00004B0A0000013B
(1790954208.726984) can0 2A1#0100010000000000
(1790954208.727096) can0 2A2#0000E1BE000016BD
(1790954208.727197) can0 2A3#000329D10002A0EA
(1790954208.727321) can0 2A4#000127970002B552
(1790954208.727447) can0 2A5#0000133A0000135D
(1790954208.727572) can0 2A6#FFFFEC9B00000648
(1790954208.727698) can0 2A7#00004B0A0000013B
(1790954208.731970) can0 2A1#0100010000000000
(1790954208.732126) can0 2A2#0000E1BE000016BD
(1790954208.732196) can0 2A3#000329D10002A0EA
(1790954208.732320) can0 2A4#000127970002B552
(1790954208.732422) can0 2A5#0000133A0000135D
(1790954208.732547) can0 2A6#FFFFEC9B00000648
(1790954208.732673) can0 2A7#00004B0A0000013B
(1790954208.736975) can0 2A1#0100010000000000
(1790954208.737102) can0 2A2#0000E1BE000016BD
(1790954208.737197) can0 2A3#000329D10002A0EA
(1790954208.737323) can0 2A4#000127970002B552
(1790954208.737448) can0 2A5#0000133A0000135D
(1790954208.737547) can0 2A6#FFFFEC9B00000648
(1790954208.737675) can0 2A7#00004B0A0000013B
(1790954208.741957) can0 2A1#0100010000000000
(1790954208.742100) can0 2A2#0000E1BE000016BD
(1790954208.742199) can0 2A3#000329D10002A0EA
(1790954208.742299) can0 2A4#000127970002B552
(1790954208.742424) can0 2A5#0000133A0000135D
(1790954208.742549) can0 2A6#FFFFEC9B00000648
(1790954208.742674) can0 2A7#00004B0A0000013B
(1790954208.746986) can0 2A1#0100010000000000
(1790954208.747099) can0 2A2#0000E1BE000016BD
(1790954208.747199) can0 2A3#000329D10002A0EA
(1790954208.747324) can0 2A4#000127970002B552
(1790954208.747449) can0 2A5#0000133A0000135D
(1790954208.747574) can0 2A6#FFFFEC9B00000648
(1790954208.747674) can0 2A7#00004B0A0000013B
(1790954208.751964) can0 2A1#0100010000000000
(1790954208.752102) can0 2A2#0000E1BE000016BD
(1790954208.752172) can0 2A3#000329D10002A0EA
(1790954208.752302) can0 2A4#000127970002B552
(1790954208.752424) can0 2A5#0000133A0000135D
(1790954208.752549) can0 2A6#FFFFEC9B00000648
(1790954208.752673) can0 2A7#00004B0A0000013B
(1790954208.756979) can0 2A1#0100010000000000
(1790954208.757112) can0 2A2#0000E1BE000016BD
(1790954208.757199) can0 2A3#000329D10002A0EA
(1790954208.757323) can0 2A4#000127970002B552
(1790954208.757448) can0 2A5#0000133A0000135D
(1790954208.757574) can0 2A6#FFFFEC9B00000648
(1790954208.757698) can0 2A7#00004B0A0000013B
(1790954208.761960) can0 2A1#0100010000000000
(1790954208.762099) can0 2A2#0000E1BE000016BD
(1790954208.762198) can0 2A3#000329D10002A0EA
(1790954208.762295) can0 2A4#000127970002B552
(1790954208.762422) can0 2A5#0000133A0000135D
(1790954208.762546) can0 2A6#FFFFEC9B00000648
(1790954208.762672) can0 2A7#00004B0A0000013B
(1790954208.766987) can0 2A1#0100010000000000
(1790954208.767098) can0 2A2#0000E1BE000016BD
(1790954208.767197) can0 2A3#000329D10002A0EA
(1790954208.767323) can0 2A4#000127970002B552
(1790954208.767421) can0 2A5#0000133A0000135D
(1790954208.767548) can0 2A6#FFFFEC9B00000648
(1790954208.767671) can0 2A7#00004B0A0000013B
(1790954208.771958) can0 2A1#0100010000000000
(1790954208.772123) can0 2A2#0000E1BE000016BD
(1790954208.772197) can0 2A3#000329D10002A0EA
(1790954208.772298) can0 2A4#000127970002B552
(1790954208.772422) can0 2A5#0000133A0000135D
(1790954208.772547) can0 2A6#FFFFEC9B00000648
(1790954208.772673) can0 2A7#00004B0A0000013B
(1790954208.776980) can0 2A1#0100010000000000
(1790954208.777097) can0 2A2#0000E1BE000016BD
(1790954208.777197) can0 2A3#000329D10002A0EA
(1790954208.777325) can0 2A4#000127970002B552
(1790954208.777447) can0 2A5#0000133A0000135D
(1790954208.777572) can0 2A6#FFFFEC9B00000648
(1790954208.777703) can0 2A7#00004B0A0000013B
(1790954208.781985) can0 2A1#0100010000000000
(1790954208.782096) can0 2A2#0000E1BE000016BD
(1790954208.782197) can0 2A3#000329D10002A0EA
(1790954208.782297) can0 2A4#000127970002B552
(1790954208.782421) can0 2A5#0000133A0000135D
(1790954208.782547) can0 2A6#FFFFEC9B00000648
(1790954208.782673) can0 2A7#00004B0A0000013B
(1790954208.786982) can0 2A1#0100010000000000
(1790954208.787099) can0 2A2#0000E1BE000016BD
(1790954208.787200) can0 2A3#000329D10002A0EA
(1790954208.787324) can0 2A4#000127970002B552
(1790954208.787450) can0 2A5#0000133A0000135D
(1790954208.787547) can0 2A6#FFFFEC9B00000648
(1790954208.787674) can0 2A7#00004B0A0000013B
(1790954208.791951) can0 2A1#0100010000000000
(1790954208.792099) can0 2A2#0000E1BE000016BD
(1790954208.792197) can0 2A3#000329D10002A0EA
(1790954208.792323) can0 2A4#000127970002B552
(1790954208.792420) can0 2A5#0000133A0000135D
(1790954208.792547) can0 2A6#FFFFEC9B00000648
(1790954208.792671) can0 2A7#00004B0A0000013B
(1790954208.796982) can0 2A1#0100010000000000
(1790954208.797099) can0 2A2#0000E1BE000016BD
(1790954208.797197) can0 2A3#000329D10002A0EA
(1790954208.797321) can0 2A4#000127970002B552
(1790954208.797448) can0 2A5#0000133A0000135D
(1790954208.797572) can0 2A6#FFFFEC9B00000648
(1790954208.797671) can0 2A7#00004B0A0000013B
(1790954208.801957) can0 2A1#0100010000000000
(1790954208.802099) can0 2A2#0000E1BE000016BD
(1790954208.802196) can0 2A3#000329D10002A0EA
(1790954208.802298) can0 2A4#000127970002B552
(1790954208.802421) can0 2A5#0000133A0000135D
(1790954208.802546) can0 2A6#FFFFEC9B00000648
(1790954208.802671) can0 2A7#00004B0A0000013B
(1790954208.806977) can0 2A1#0100010000000000
(1790954208.807100) can0 2A2#0000E1BE000016BD
(1790954208.807196) can0 2A3#000329D10002A0EA
(1790954208.807321) can0 2A4#000127970002B552
(1790954208.807449) can0 2A5#0000133A0000135D
(1790954208.807573) can0 2A6#FFFFEC9B00000648
(1790954208.807671) can0 2A7#00004B0A0000013B
(1790954208.811949) can0 2A1#0100010000000000
(1790954208.812108) can0 2A2#0000E1BE000016BD
(1790954208.812196) can0 2A3#000329D10002A0EA
(1790954208.812296) can0 2A4#000127970002B552
(1790954208.812424) can0 2A5#0000133A0000135D
(1790954208.812550) can0 2A6#FFFFEC9B00000648
(1790954208.812673) can0 2A7#00004B0A0000013B
(1790954208.816977) can0 2A1#0100010000000000
(1790954208.817100) can0 2A2#0000E1BE000016BD
(1790954208.817196) can0 2A3#000329D10002A0EA
(1790954208.817321) can0 2A4#000127970002B552
(1790954208.817424) can0 2A5#0000133A0000135D
(1790954208.817575) can0 2A6#FFFFEC9B00000648
(1790954208.817671) can0 2A7#00004B0A0000013B
(1790954208.821958) can0 2A1#0100010000000000
(1790954208.822096) can0 2A2#0000E1BE000016BD
(1790954208.822197) can0 2A3#000329D10002A0EA
(1790954208.822295) can0 2A4#000127970002B552
(1790954208.822422) can0 2A5#0000133A0000135D
(1790954208.822547) can0 2A6#FFFFEC9B00000648
(1790954208.822672) can0 2A7#00004B0A0000013B
(1790954208.826975) can0 2A1#0100010000000000
(1790954208.827094) can0 2A2#0000E1BE000016BD
(1790954208.827198) can0 2A3#000329D10002A0EA
(1790954208.827322) can0 2A4#000127970002B552
(1790954208.827449) can0 2A5#0000133A0000135D
(1790954208.827572) can0 2A6#FFFFEC9B00000648
(1790954208.827690) can0 2A7#00004B0A0000013B
(1790954208.831950) can0 2A1#0100010000000000
(1790954208.832101) can0 2A2#0000E1BE000016BD
(1790954208.832197) can0 2A3#000329D10002A0EA
(1790954208.832298) can0 2A4#000127970002B552
(1790954208.832426) can0 2A5#0000133A0000135D
(1790954208.832549) can0 2A6#FFFFEC9B00000648
(1790954208.832674) can0 2A7#00004B0A0000013B
(1790954208.836961) can0 2A1#0100010000000000
(1790954208.837100) can0 2A2#0000E1BE000016BD
(1790954208.837196) can0 2A3#000329D10002A0EA
(1790954208.837322) can0 2A4#000127970002B552
(1790954208.837450) can0 2A5#0000133A0000135D
(1790954208.837547) can0 2A6#FFFFEC9B00000648
(1790954208.837671) can0 2A7#00004B0A0000013B
(1790954208.841957) can0 2A1#0100010000000000
(1790954208.842098) can0 2A2#0000E1BE000016BD
(1790954208.842199) can0 2A3#000329D10002A0EA
(1790954208.842301) can0 2A4#000127970002B552
(1790954208.842424) can0 2A5#0000133A0000135D
(1790954208.842557) can0 2A6#FFFFEC9B00000648
(1790954208.842675) can0 2A7#00004B0A0000013B
(1790954208.846984) can0 2A1#0100010000000000
(1790954208.847096) can0 2A2#0000E1BE000016BD
(1790954208.847198) can0 2A3#000329D10002A0EA
(1790954208.847323) can0 2A4#000127970002B552
(1790954208.847445) can0 2A5#0000133A0000135D
(1790954208.847546) can0 2A6#FFFFEC9B00000648
(1790954208.847699) can0 2A7#00004B0A0000013B
(1790954208.851949) can0 2A1#0100010000000000
(1790954208.852105) can0 2A2#0000E1BE000016BD
(1790954208.852169) can0 2A3#000329D10002A0EA
(1790954208.852295) can0 2A4#000127970002B552
(1790954208.852420) can0 2A5#0000133A0000135D
(1790954208.852545) can0 2A6#FFFFEC9B00000648
(1790954208.852670) can0 2A7#00004B0A0000013B
(1790954208.856976) can0 2A1#0100010000000000
(1790954208.857095) can0 2A2#0000E1BE000016BD
(1790954208.857197) can0 2A3#000329D10002A0EA
(1790954208.857321) can0 2A4#000127970002B552
(1790954208.857447) can0 2A5#0000133A0000135D
(1790954208.857572) can0 2A6#FFFFEC9B00000648
(1790954208.857670) can0 2A7#00004B0A0000013B
(1790954208.861950) can0 2A1#0100010000000000
(1790954208.862098) can0 2A2#0000E1BE000016BD
(1790954208.862197) can0 2A3#000329D10002A0EA
(1790954208.862295) can0 2A4#000127970002B552
(1790954208.862422) can0 2A5#0000133A0000135D
(1790954208.862550) can0 2A6#FFFFEC9B00000648
(1790954208.862673) can0 2A7#00004B0A0000013B
(1790954208.866996) can0 2A1#0100010000000000
(1790954208.867095) can0 2A2#0000E1BE000016BD
(1790954208.867199) can0 2A3#000329D10002A0EA
(1790954208.867322) can0 2A4#000127970002B552
(1790954208.867447) can0 2A5#0000133A0000135D
(1790954208.867573) can0 2A6#FFFFEC9B00000648
(1790954208.867672) can0 2A7#00004B0A0000013B
(1790954208.871949) can0 2A1#0100010000000000
(1790954208.872097) can0 2A2#0000E1BE000016BD
(1790954208.872197) can0 2A3#000329D10002A0EA
(1790954208.872297) can0 2A4#000127970002B552
(1790954208.872422) can0 2A5#0000133A0000135D
(1790954208.872547) can0 2A6#FFFFEC9B00000648
(1790954208.872671) can0 2A7#00004B0A0000013B
(1790954208.876973) can0 2A1#0100010000000000
(1790954208.877097) can0 2A2#0000E1BE000016BD
(1790954208.877197) can0 2A3#000329D10002A0EA
(1790954208.877322) can0 2A4#000127970002B552
(1790954208.877447) can0 2A5#0000133A0000135D
(1790954208.877573) can0 2A6#FFFFEC9B00000648
(1790954208.877695) can0 2A7#00004B0A0000013B
(1790954208.881949) can0 2A1#0100010000000000
(1790954208.882097) can0 2A2#0000E1BE000016BD
(1790954208.882197) can0 2A3#000329D10002A0EA
(1790954208.882296) can0 2A4#000127970002B552
(1790954208.882422) can0 2A5#0000133A0000135D
(1790954208.882547) can0 2A6#FFFFEC9B00000648
(1790954208.882671) can0 2A7#00004B0A0000013B
(1790954208.886983) can0 2A1#0100010000000000
(1790954208.887095) can0 2A2#0000E1BE000016BD
(1790954208.887197) can0 2A3#000329D10002A0EA
(1790954208.887322) can0 2A4#000127970002B552
(1790954208.887421) can0 2A5#0000133A0000135D
(1790954208.887572) can0 2A6#FFFFEC9B00000648
(1790954208.887672) can0 2A7#00004B0A0000013B
(1790954208.891951) can0 2A1#0100010000000000
(1790954208.892102) can0 2A2#0000E1BE000016BD
(1790954208.892195) can0 2A3#000329D10002A0EA
(1790954208.892320) can0 2A4#000127970002B552
(1790954208.892423) can0 2A5#0000133A0000135D
(1790954208.892554) can0 2A6#FFFFEC9B00000648
(1790954208.892673) can0 2A7#00004B0A0000013B
(1790954208.896980) can0 2A1#0100010000000000
(1790954208.897095) can0 2A2#0000E1BE000016BD
(1790954208.897197) can0 2A3#000329D10002A0EA
(1790954208.897323) can0 2A4#000127970002B552
(1790954208.897447) can0 2A5#0000133A0000135D
(1790954208.897571) can0 2A6#FFFFEC9B00000648
(1790954208.897674) can0 2A7#00004B0A0000013B
(1790954208.901956) can0 2A1#0100010000000000
(1790954208.902098) can0 2A2#0000E1BE000016BD
(1790954208.902198) can0 2A3#000329D10002A0EA
(1790954208.902295) can0 2A4#000127970002B552
(1790954208.902422) can0 2A5#0000133A0000135D
(1790954208.902547) can0 2A6#FFFFEC9B00000648
(1790954208.902673) can0 2A7#00004B0A0000013B
(1790954208.906985) can0 2A1#0100010000000000
(1790954208.907096) can0 2A2#0000E1BE000016BD
(1790954208.907199) can0 2A3#000329D10002A0EA
(1790954208.907323) can0 2A4#000127970002B552
(1790954208.907446) can0 2A5#0000133A0000135D
(1790954208.907573) can0 2A6#FFFFEC9B00000648
(1790954208.907695) can0 2A7#00004B0A0000013B
(1790954208.911963) can0 2A1#0100010000000000
(1790954208.912096) can0 2A2#0000E1BE000016BD
(1790954208.912195) can0 2A3#000329D10002A0EA
(1790954208.912320) can0 2A4#000127970002B552
(1790954208.912421) can0 2A5#0000133A0000135D
(1790954208.912545) can0 2A6#FFFFEC9B00000648
(1790954208.912671) can0 2A7#00004B0A0000013B
(1790954208.916981) can0 2A1#0100010000000000
(1790954208.917098) can0 2A2#0000E1BE000016BD
(1790954208.917196) can0 2A3#000329D10002A0EA
(1790954208.917320) can0 2A4#000127970002B552
(1790954208.917421) can0 2A5#0000133A0000135D
(1790954208.917571) can0 2A6#FFFFEC9B00000648
(1790954208.917696) can0 2A7#00004B0A0000013B
(1790954208.921959) can0 2A1#0100010000000000
(1790954208.922096) can0 2A2#0000E1BE000016BD
(1790954208.922197) can0 2A3#000329D10002A0EA
(1790954208.922296) can0 2A4#000127970002B552
(1790954208.922423) can0 2A5#0000133A0000135D
(1790954208.922548) can0 2A6#FFFFEC9B00000648
(1790954208.922670) can0 2A7#00004B0A0000013B
(1790954208.926978) can0 2A1#0100010000000000
(1790954208.927099) can0 2A2#0000E1BE000016BD
(1790954208.927197) can0 2A3#000329D10002A0EA
(1790954208.927322) can0 2A4#000127970002B552
(1790954208.927448) can0 2A5#0000133A0000135D
(1790954208.927571) can0 2A6#FFFFEC9B00000648
(1790954208.927696) can0 2A7#00004B0A0000013B
(1790954208.931951) can0 2A1#0100010000000000
(1790954208.932099) can0 2A2#0000E1BE000016BD
(1790954208.932197) can0 2A3#000329D10002A0EA
(1790954208.932298) can0 2A4#000127970002B552
(1790954208.932422) can0 2A5#0000133A0000135D
(1790954208.932548) can0 2A6#FFFFEC9B00000648
(1790954208.932671) can0 2A7#00004B0A0000013B
(1790954208.936972) can0 2A1#0100010000000000
(1790954208.937099) can0 2A2#0000E1BE000016BD
(1790954208.937197) can0 2A3#000329D10002A0EA
(1790954208.937322) can0 2A4#000127970002B552
(1790954208.937422) can0 2A5#0000133A0000135D
(1790954208.937570) can0 2A6#FFFFEC9B00000648
(1790954208.937670) can0 2A7#00004B0A0000013B
(1790954208.941954) can0 2A1#0100010000000000
(1790954208.942095) can0 2A2#0000E1BE000016BD
(1790954208.942197) can0 2A3#000329D10002A0EA
(1790954208.942322) can0 2A4#000127970002B552
(1790954208.942423) can0 2A5#0000133A0000135D
(1790954208.942547) can0 2A6#FFFFEC9B00000648
(1790954208.942672) can0 2A7#00004B0A0000013B
(1790954208.946978) can0 2A1#0100010000000000
(1790954208.947095) can0 2A2#0000E1BE000016BD
(1790954208.947197) can0 2A3#000329D10002A0EA
(1790954208.947322) can0 2A4#000127970002B552
(1790954208.947446) can0 2A5#0000133A0000135D
(1790954208.947545) can0 2A6#FFFFEC9B00000648
(1790954208.947674) can0 2A7#00004B0A0000013B
(1790954208.951953) can0 2A1#0100010000000000
(1790954208.952095) can0 2A2#0000E1BE000016BD
(1790954208.952197) can0 2A3#000329D10002A0EA
(1790954208.952297) can0 2A4#000127970002B552
(1790954208.952422) can0 2A5#0000133A0000135D
(1790954208.952547) can0 2A6#FFFFEC9B00000648
(1790954208.952672) can0 2A7#00004B0A0000013B
(1790954208.956977) can0 2A1#0100010000000000
(1790954208.957098) can0 2A2#0000E1BE000016BD
(1790954208.957196) can0 2A3#000329D10002A0EA
(1790954208.957320) can0 2A4#000127970002B552
(1790954208.957448) can0 2A5#0000133A0000135D
(1790954208.957572) can0 2A6#FFFFEC9B00000648
(1790954208.957697) can0 2A7#00004B0A0000013B
(1790954208.961950) can0 2A1#0100010000000000
(1790954208.962097) can0 2A2#0000E1BE000016BD
(1790954208.962197) can0 2A3#000329D10002A0EA
(1790954208.962322) can0 2A4#000127970002B552
(1790954208.962422) can0 2A5#0000133A0000135D
(1790954208.962545) can0 2A6#FFFFEC9B00000648
(1790954208.962672) can0 2A7#00004B0A0000013B
(1790954208.966952) can0 2A1#0100010000000000
(1790954208.967106) can0 2A2#0000E1BE000016BD
(1790954208.967196) can0 2A3#000329D10002A0EA
(1790954208.967323) can0 2A4#000127970002B552
(1790954208.967447) can0 2A5#0000133A0000135D
(1790954208.967548) can0 2A6#FFFFEC9B00000648
(1790954208.967672) can0 2A7#00004B0A0000013B
(1790954208.971954) can0 2A1#0100010000000000
(1790954208.972108) can0 2A2#0000E1BE000016BD
(1790954208.972198) can0 2A3#000329D10002A0EA
(1790954208.972323) can0 2A4#000127970002B552
(1790954208.972448) can0 2A5#0000133A0000135D
(1790954208.972546) can0 2A6#FFFFEC9B00000648
(1790954208.972671) can0 2A7#00004B0A0000013B
(1790954208.976995) can0 2A1#0100010000000000
(1790954208.977096) can0 2A2#0000E1BE000016BD
(1790954208.977198) can0 2A3#000329D10002A0EA
(1790954208.977321) can0 2A4#000127970002B552
(1790954208.977445) can0 2A5#0000133A0000135D
(1790954208.977572) can0 2A6#FFFFEC9B00000648
(1790954208.977681) can0 2A7#00004B0A0000013B
(1790954208.981951) can0 2A1#0100010000000000
(1790954208.982096) can0 2A2#0000E1BE000016BD
(1790954208.982199) can0 2A3#000329D10002A0EA
(1790954208.982322) can0 2A4#000127970002B552
(1790954208.982447) can0 2A5#0000133A0000135D
(1790954208.982546) can0 2A6#FFFFEC9B00000648
(1790954208.982672) can0 2A7#00004B0A0000013B
(1790954208.986981) can0 2A1#0100010000000000
(1790954208.987095) can0 2A2#0000E1BE000016BD
(1790954208.987197) can0 2A3#000329D10002A0EA
(1790954208.987321) can0 2A4#000127970002B552
(1790954208.987447) can0 2A5#0000133A0000135D
(1790954208.987570) can0 2A6#FFFFEC9B00000648
(1790954208.987672) can0 2A7#00004B0A0000013B
(1790954208.991960) can0 2A1#0100010000000000
(1790954208.992095) can0 2A2#0000E1BE000016BD
(1790954208.992172) can0 2A3#000329D10002A0EA
(1790954208.992323) can0 2A4#000127970002B552
(1790954208.992447) can0 2A5#0000133A0000135D
(1790954208.992547) can0 2A6#FFFFEC9B00000648
(1790954208.992670) can0 2A7#00004B0A0000013B
(1790954208.996989) can0 2A1#0100010000000000
(1790954208.997096) can0 2A2#0000E1BE000016BD
(1790954208.997197) can0 2A3#000329D10002A0EA
(1790954208.997322) can0 2A4#000127970002B552
(1790954208.997448) can0 2A5#0000133A0000135D
(1790954208.997571) can0 2A6#FFFFEC9B00000648
(1790954208.997672) can0 2A7#00004B0A0000013B
(1790954209.001954) can0 2A1#0100010000000000
(1790954209.002096) can0 2A2#0000E1BE000016BD
(1790954209.002198) can0 2A3#000329D10002A0EA
(1790954209.002297) can0 2A4#000127970002B552
(1790954209.002423) can0 2A5#0000133A0000135D
(1790954209.002546) can0 2A6#FFFFEC9B00000648
(1790954209.002673) can0 2A7#00004B0A0000013B
(1790954209.006997) can0 2A1#0100010000000000
(1790954209.007096) can0 2A2#0000E1BE000016BD
(1790954209.007199) can0 2A3#000329D10002A0EA
(1790954209.007323) can0 2A4#000127970002B552
(1790954209.007448) can0 2A5#0000133A0000135D
(1790954209.007574) can0 2A6#FFFFEC9B00000648
(1790954209.007698) can0 2A7#00004B0A0000013B
(1790954209.011959) can0 2A1#0100010000000000
(1790954209.012119) can0 2A2#0000E1BE000016BD
(1790954209.012199) can0 2A3#000329D10002A0EA
(1790954209.012324) can0 2A4#000127970002B552
(1790954209.012449) can0 2A5#0000133A0000135D
(1790954209.012548) can0 2A6#FFFFEC9B00000648
(1790954209.012674) can0 2A7#00004B0A0000013B
(1790954209.016982) can0 2A1#0100010000000000
(1790954209.017099) can0 2A2#0000E1BE000016BD
(1790954209.017198) can0 2A3#000329D10002A0EA
(1790954209.017325) can0 2A4#000127970002B552
(1790954209.017450) can0 2A5#0000133A0000135D
(1790954209.017574) can0 2A6#FFFFEC9B00000648
(1790954209.017698) can0 2A7#00004B0A0000013B
(1790954209.021961) can0 2A1#0100010000000000
(1790954209.022099) can0 2A2#0000E1BE000016BD
(1790954209.022199) can0 2A3#000329D10002A0EA
(1790954209.022324) can0 2A4#000127970002B552
(1790954209.022424) can0 2A5#0000133A0000135D
(1790954209.022549) can0 2A6#FFFFEC9B00000648
(1790954209.022674) can0 2A7#00004B0A0000013B
(1790954209.026984) can0 2A1#0100010000000000
(1790954209.027100) can0 2A2#0000E1BE000016BD
(1790954209.027198) can0 2A3#000329D10002A0EA
(1790954209.027323) can0 2A4#000127970002B552
(1790954209.027448) can0 2A5#0000133A0000135D
(1790954209.027573) can0 2A6#FFFFEC9B00000648
(1790954209.027681) can0 2A7#00004B0A0000013B
(1790954209.031958) can0 2A1#0100010000000000
(1790954209.032096) can0 2A2#0000E1BE000016BD
(1790954209.032198) can0 2A3#000329D10002A0EA
(1790954209.032321) can0 2A4#000127970002B552
(1790954209.032421) can0 2A5#0000133A0000135D
(1790954209.032549) can0 2A6#FFFFEC9B00000648
(1790954209.032671) can0 2A7#00004B0A0000013B
(1790954209.036978) can0 2A1#0100010000000000
(1790954209.037096) can0 2A2#0000E1BE000016BD
(1790954209.037199) can0 2A3#000329D10002A0EA
(1790954209.037323) can0 2A4#000127970002B552
(1790954209.037446) can0 2A5#0000133A0000135D
(1790954209.037571) can0 2A6#FFFFEC9B00000648
(1790954209.037671) can0 2A7#00004B0A0000013B
(1790954209.041976) can0 2A1#0100010000000000
(1790954209.042097) can0 2A2#0000E1BE000016BD
(1790954209.042197) can0 2A3#000329D10002A0EA
(1790954209.042296) can0 2A4#000127970002B552
(1790954209.042423) can0 2A5#0000133A0000135D
(1790954209.042546) can0 2A6#FFFFEC9B00000648
(1790954209.042671) can0 2A7#00004B0A0000013B
(1790954209.046980) can0 2A1#0100010000000000
(1790954209.047099) can0 2A2#0000E1BE000016BD
(1790954209.047198) can0 2A3#000329D10002A0EA
(1790954209.047330) can0 2A4#000127970002B552
(1790954209.047447) can0 2A5#0000133A0000135D
(1790954209.047549) can0 2A6#FFFFEC9B00000648
(1790954209.047672) can0 2A7#00004B0A0000013B
(1790954209.051959) can0 2A1#0100010000000000
(1790954209.052112) can0 2A2#0000E1BE000016BD
(1790954209.052197) can0 2A3#000329D10002A0EA
(1790954209.052298) can0 2A4#000127970002B552
(1790954209.052446) can0 2A5#0000133A0000135D
(1790954209.052546) can0 2A6#FFFFEC9B00000648
(1790954209.052671) can0 2A7#00004B0A0000013B
(1790954209.056978) can0 2A1#0100010000000000
(1790954209.057096) can0 2A2#0000E1BE000016BD
(1790954209.057196) can0 2A3#000329D10002A0EA
(1790954209.057320) can0 2A4#000127970002B552
(1790954209.057421) can0 2A5#0000133A0000135D
(1790954209.057571) can0 2A6#FFFFEC9B00000648
(1790954209.057671) can0 2A7#00004B0A0000013B
(1790954209.061963) can0 2A1#0100010000000000
(1790954209.062096) can0 2A2#0000E1BE000016BD
(1790954209.062196) can0 2A3#000329D10002A0EA
(1790954209.062321) can0 2A4#000127970002B552
(1790954209.062445) can0 2A5#0000133A0000135D
(1790954209.062546) can0 2A6#FFFFEC9B00000648
(1790954209.062671) can0 2A7#00004B0A0000013B
(1790954209.066981) can0 2A1#0100010000000000
(1790954209.067096) can0 2A2#0000E1BE000016BD
(1790954209.067196) can0 2A3#000329D10002A0EA
(1790954209.067322) can0 2A4#000127970002B552
(1790954209.067447) can0 2A5#0000133A0000135D
(1790954209.067572) can0 2A6#FFFFEC9B00000648
(1790954209.067672) can0 2A7#00004B0A0000013B
(1790954209.071966) can0 2A1#0100010000000000
(1790954209.072096) can0 2A2#0000E1BE000016BD
(1790954209.072197) can0 2A3#000329D10002A0EA
(1790954209.072321) can0 2A4#000127970002B552
(1790954209.072447) can0 2A5#0000133A0000135D
(1790954209.072548) can0 2A6#FFFFEC9B00000648
(1790954209.072672) can0 2A7#00004B0A0000013B
(1790954209.076986) can0 2A1#0100010000000000
(1790954209.077096) can0 2A2#0000E1BE000016BD
(1790954209.077198) can0 2A3#000329D10002A0EA
(1790954209.077323) can0 2A4#000127970002B552
(1790954209.077420) can0 2A5#0000133A0000135D
(1790954209.077572) can0 2A6#FFFFEC9B00000648
(1790954209.077701) can0 2A7#00004B0A0000013B
(1790954209.081966) can0 2A1#0100010000000000
(1790954209.082095) can0 2A2#0000E1BE000016BD
(1790954209.082197) can0 2A3#000329D10002A0EA
(1790954209.082324) can0 2A4#000127970002B552
(1790954209.082447) can0 2A5#0000133A0000135D
(1790954209.082547) can0 2A6#FFFFEC9B00000648
(1790954209.082672) can0 2A7#00004B0A0000013B
(1790954209.086998) can0 2A1#0100010000000000
(1790954209.087096) can0 2A2#0000E1BE000016BD
(1790954209.087197) can0 2A3#000329D10002A0EA
(1790954209.087323) can0 2A4#000127970002B552
(1790954209.087446) can0 2A5#0000133A0000135D
(1790954209.087572) can0 2A6#FFFFEC9B00000648
(1790954209.087697) can0 2A7#00004B0A0000013B
(1790954209.091992) can0 2A1#0100010000000000
(1790954209.092101) can0 2A2#0000E1BE000016BD
(1790954209.092198) can0 2A3#000329D10002A0EA
(1790954209.092297) can0 2A4#000127970002B552
(1790954209.092421) can0 2A5#0000133A0000135D
(1790954209.092547) can0 2A6#FFFFEC9B00000648
(1790954209.092671) can0 2A7#00004B0A0000013B
(1790954209.096991) can0 2A1#0100010000000000
(1790954209.097096) can0 2A2#0000E1BE000016BD
(1790954209.097197) can0 2A3#000329D10002A0EA
(1790954209.097323) can0 2A4#000127970002B552
(1790954209.097449) can0 2A5#0000133A0000135D
(1790954209.097547) can0 2A6#FFFFEC9B00000648
(1790954209.097673) can0 2A7#00004B0A0000013B
(1790954209.101952) can0 2A1#0100010000000000
(1790954209.102098) can0 2A2#0000E1BE000016BD
(1790954209.102197) can0 2A3#000329D10002A0EA
(1790954209.102297) can0 2A4#000127970002B552
(1790954209.102422) can0 2A5#0000133A0000135D
(1790954209.102548) can0 2A6#FFFFEC9B00000648
(1790954209.102673) can0 2A7#00004B0A0000013B
(1790954209.106991) can0 2A1#0100010000000000
(1790954209.107095) can0 2A2#0000E1BE000016BD
(1790954209.107197) can0 2A3#000329D10002A0EA
(1790954209.107322) can0 2A4#000127970002B552
(1790954209.107448) can0 2A5#0000133A0000135D
(1790954209.107547) can0 2A6#FFFFEC9B00000648
(1790954209.107672) can0 2A7#00004B0A0000013B
(1790954209.111963) can0 2A1#0100010000000000
(1790954209.112097) can0 2A2#0000E1BE000016BD
(1790954209.112172) can0 2A3#000329D10002A0EA
(1790954209.112297) can0 2A4#000127970002B552
(1790954209.112423) can0 2A5#0000133A0000135D
(1790954209.112547) can0 2A6#FFFFEC9B00000648
(1790954209.112672) can0 2A7#00004B0A0000013B
(1790954209.116987) can0 2A1#0100010000000000
(1790954209.117097) can0 2A2#0000E1BE000016BD
(1790954209.117199) can0 2A3#000329D10002A0EA
(1790954209.117322) can0 2A4#000127970002B552
(1790954209.117448) can0 2A5#0000133A0000135D
(1790954209.117573) can0 2A6#FFFFEC9B00000648
(1790954209.117697) can0 2A7#00004B0A0000013B
(1790954209.121990) can0 2A1#0100010000000000
(1790954209.122096) can0 2A2#0000E1BE000016BD
(1790954209.122197) can0 2A3#000329D10002A0EA
(1790954209.122297) can0 2A4#000127970002B552
(1790954209.122423) can0 2A5#0000133A0000135D
(1790954209.122547) can0 2A6#FFFFEC9B00000648
(1790954209.122672) can0 2A7#00004B0A0000013B
(1790954209.126988) can0 2A1#0100010000000000
(1790954209.127095) can0 2A2#0000E1BE000016BD
(1790954209.127197) can0 2A3#000329D10002A0EA
(1790954209.127323) can0 2A4#000127970002B552
(1790954209.127447) can0 2A5#0000133A0000135D
(1790954209.127573) can0 2A6#FFFFEC9B00000648
(1790954209.127698) can0 2A7#00004B0A0000013B
(1790954209.131967) can0 2A1#0100010000000000
(1790954209.132104) can0 2A2#0000E1BE000016BD
(1790954209.132198) can0 2A3#000329D10002A0EA
(1790954209.132322) can0 2A4#000127970002B552
(1790954209.132447) can0 2A5#0000133A0000135D
(1790954209.132547) can0 2A6#FFFFEC9B00000648
(1790954209.132672) can0 2A7#00004B0A0000013B
(1790954209.137001) can0 2A1#0100010000000000
(1790954209.137098) can0 2A2#0000E1BE000016BD
(1790954209.137199) can0 2A3#000329D10002A0EA
(1790954209.137322) can0 2A4#000127970002B552
(1790954209.137447) can0 2A5#0000133A0000135D
(1790954209.137573) can0 2A6#FFFFEC9B00000648
(1790954209.137697) can0 2A7#00004B0A0000013B
(1790954209.141952) can0 2A1#0100010000000000
(1790954209.142098) can0 2A2#0000E1BE000016BD
(1790954209.142197) can0 2A3#000329D10002A0EA
(1790954209.142297) can0 2A4#000127970002B552
(1790954209.142422) can0 2A5#0000133A0000135D
(1790954209.142548) can0 2A6#FFFFEC9B00000648
(1790954209.142672) can0 2A7#00004B0A0000013B
(1790954209.146990) can0 2A1#0100010000000000
(1790954209.147096) can0 2A2#0000E1BE000016BD
(1790954209.147197) can0 2A3#000329D10002A0EA
(1790954209.147322) can0 2A4#000127970002B552
(1790954209.147445) can0 2A5#0000133A0000135D
(1790954209.147547) can0 2A6#FFFFEC9B00000648
(1790954209.147671) can0 2A7#00004B0A0000013B
(1790954209.151951) can0 2A1#0100010000000000
(1790954209.152098) can0 2A2#0000E1BE000016BD
(1790954209.152172) can0 2A3#000329D10002A0EA
(1790954209.152322) can0 2A4#000127970002B552
(1790954209.152421) can0 2A5#0000133A0000135D
(1790954209.152547) can0 2A6#FFFFEC9B00000648
(1790954209.152670) can0 2A7#00004B0A0000013B
(1790954209.156985) can0 2A1#0100010000000000
(1790954209.157095) can0 2A2#0000E1BE000016BD
(1790954209.157198) can0 2A3#000329D10002A0EA
(1790954209.157322) can0 2A4#000127970002B552
(1790954209.157447) can0 2A5#0000133A0000135D
(1790954209.157573) can0 2A6#FFFFEC9B00000648
(1790954209.157697) can0 2A7#00004B0A0000013B
(1790954209.161963) can0 2A1#0100010000000000
(1790954209.162095) can0 2A2#0000E1BE000016BD
(1790954209.162197) can0 2A3#000329D10002A0EA
(1790954209.162322) can0 2A4#000127970002B552
(1790954209.162422) can0 2A5#0000133A0000135D
(1790954209.162548) can0 2A6#FFFFEC9B00000648
(1790954209.162672) can0 2A7#00004B0A0000013B
(1790954209.166980) can0 2A1#0100010000000000
(1790954209.167099) can0 2A2#0000E1BE000016BD
(1790954209.167197) can0 2A3#000329D10002A0EA
(1790954209.167322) can0 2A4#000127970002B552
(1790954209.167446) can0 2A5#0000133A0000135D
(1790954209.167596) can0 2A6#FFFFEC9B00000648
(1790954209.167671) can0 2A7#00004B0A0000013B
(1790954209.171968) can0 2A1#0100010000000000
(1790954209.172109) can0 2A2#0000E1BE000016BD
(1790954209.172198) can0 2A3#000329D10002A0EA
(1790954209.172323) can0 2A4#000127970002B552
(1790954209.172422) can0 2A5#0000133A0000135D
(1790954209.172547) can0 2A6#FFFFEC9B00000648
(1790954209.172673) can0 2A7#00004B0A0000013B
(1790954209.176992) can0 2A1#0100010000000000
(1790954209.177096) can0 2A2#0000E1BE000016BD
(1790954209.177198) can0 2A3#000329D10002A0EA
(1790954209.177322) can0 2A4#000127970002B552
(1790954209.177447) can0 2A5#0000133A0000135D
(1790954209.177547) can0 2A6#FFFFEC9B00000648
(1790954209.177712) can0 2A7#00004B0A0000013B
(1790954209.181966) can0 2A1#0100010000000000
(1790954209.182098) can0 2A2#0000E1BE000016BD
(1790954209.182201) can0 2A3#000329D10002A0EA
(1790954209.182322) can0 2A4#000127970002B552
(1790954209.182422) can0 2A5#0000133A0000135D
(1790954209.182547) can0 2A6#FFFFEC9B00000648
(1790954209.182672) can0 2A7#00004B0A0000013B
(1790954209.186990) can0 2A1#0100010000000000
(1790954209.187096) can0 2A2#0000E1BE000016BD
(1790954209.187197) can0 2A3#000329D10002A0EA
(1790954209.187322) can0 2A4#000127970002B552
(1790954209.187447) can0 2A5#0000133A0000135D
(1790954209.187573) can0 2A6#FFFFEC9B00000648
(1790954209.187697) can0 2A7#00004B0A0000013B
(1790954209.191969) can0 2A1#0100010000000000
(1790954209.192098) can0 2A2#0000E1BE000016BD
(1790954209.192196) can0 2A3#000329D10002A0EA
(1790954209.192299) can0 2A4#000127970002B552
(1790954209.192423) can0 2A5#0000133A0000135D
(1790954209.192549) can0 2A6#FFFFEC9B00000648
(1790954209.192672) can0 2A7#00004B0A0000013B
(1790954209.196992) can0 2A1#0100010000000000
(1790954209.197097) can0 2A2#0000E1BE000016BD
(1790954209.197197) can0 2A3#000329D10002A0EA
(1790954209.197322) can0 2A4#000127970002B552
(1790954209.197448) can0 2A5#0000133A0000135D
(1790954209.197573) can0 2A6#FFFFEC9B00000648
(1790954209.197672) can0 2A7#00004B0A0000013B
(1790954209.201996) can0 2A1#0100010000000000
(1790954209.202096) can0 2A2#0000E1BE000016BD
(1790954209.202197) can0 2A3#000329D10002A0EA
(1790954209.202297) can0 2A4#000127970002B552
(1790954209.202422) can0 2A5#0000133A0000135D
(1790954209.202547) can0 2A6#FFFFEC9B00000648
(1790954209.202672) can0 2A7#00004B0A0000013B
(1790954209.206988) can0 2A1#0100010000000000
(1790954209.207097) can0 2A2#0000E1BE000016BD
(1790954209.207198) can0 2A3#000329D10002A0EA
(1790954209.207322) can0 2A4#000127970002B552
(1790954209.207450) can0 2A5#0000133A0000135D
(1790954209.207548) can0 2A6#FFFFEC9B00000648
(1790954209.207673) can0 2A7#00004B0A0000013B
(1790954209.211989) can0 2A1#0100010000000000
(1790954209.212097) can0 2A2#0000E1BE000016BD
(1790954209.212199) can0 2A3#000329D10002A0EA
(1790954209.212298) can0 2A4#000127970002B552
(1790954209.212423) can0 2A5#0000133A0000135D
(1790954209.212547) can0 2A6#FFFFEC9B00000648
(1790954209.212674) can0 2A7#00004B0A0000013B
(1790954209.216988) can0 2A1#0100010000000000
(1790954209.217097) can0 2A2#0000E1BE000016BD
(1790954209.217198) can0 2A3#000329D10002A0EA
(1790954209.217322) can0 2A4#000127970002B552
(1790954209.217448) can0 2A5#0000133A0000135D
(1790954209.217548) can0 2A6#FFFFEC9B00000648
(1790954209.217673) can0 2A7#00004B0A0000013B
(1790954209.221966) can0 2A1#0100010000000000
(1790954209.222098) can0 2A2#0000E1BE000016BD
(1790954209.222199) can0 2A3#000329D10002A0EA
(1790954209.222323) can0 2A4#000127970002B552
(1790954209.222421) can0 2A5#0000133A0000135D
(1790954209.222548) can0 2A6#FFFFEC9B00000648
(1790954209.222673) can0 2A7#00004B0A0000013B
(1790954209.226990) can0 2A1#0100010000000000
(1790954209.227100) can0 2A2#0000E1BE000016BD
(1790954209.227199) can0 2A3#000329D10002A0EA
(1790954209.227323) can0 2A4#000127970002B552
(1790954209.227448) can0 2A5#0000133A0000135D
(1790954209.227546) can0 2A6#FFFFEC9B00000648
(1790954209.227709) can0 2A7#00004B0A0000013B
(1790954209.231956) can0 2A1#0100010000000000
(1790954209.232096) can0 2A2#0000E1BE000016BD
(1790954209.232197) can0 2A3#000329D10002A0EA
(1790954209.232297) can0 2A4#000127970002B552
(1790954209.232421) can0 2A5#0000133A0000135D
(1790954209.232547) can0 2A6#FFFFEC9B00000648
(1790954209.232673) can0 2A7#00004B0A0000013B
(1790954209.236992) can0 2A1#0100010000000000
(1790954209.237097) can0 2A2#0000E1BE000016BD
(1790954209.237198) can0 2A3#000329D10002A0EA
(1790954209.237322) can0 2A4#000127970002B552
(1790954209.237447) can0 2A5#0000133A0000135D
(1790954209.237572) can0 2A6#FFFFEC9B00000648
(1790954209.237697) can0 2A7#00004B0A0000013B
(1790954209.241963) can0 2A1#0100010000000000
(1790954209.242099) can0 2A2#0000E1BE000016BD
(1790954209.242197) can0 2A3#000329D10002A0EA
(1790954209.242296) can0 2A4#000127970002B552
(1790954209.242442) can0 2A5#0000133A0000135D
(1790954209.242549) can0 2A6#FFFFEC9B00000648
(1790954209.242673) can0 2A7#00004B0A0000013B
(1790954209.246981) can0 2A1#0100010000000000
(1790954209.247097) can0 2A2#0000E1BE000016BD
(1790954209.247199) can0 2A3#000329D10002A0EA
(1790954209.247323) can0 2A4#000127970002B552
(1790954209.247447) can0 2A5#0000133A0000135D
(1790954209.247546) can0 2A6#FFFFEC9B00000648
(1790954209.247671) can0 2A7#00004B0A0000013B
(1790954209.251964) can0 2A1#0100010000000000
(1790954209.252098) can0 2A2#0000E1BE000016BD
(1790954209.252199) can0 2A3#000329D10002A0EA
(1790954209.252296) can0 2A4#000127970002B552
(1790954209.252449) can0 2A5#0000133A0000135D
(1790954209.252546) can0 2A6#FFFFEC9B00000648
(1790954209.252673) can0 2A7#00004B0A0000013B
(1790954209.256988) can0 2A1#0100010000000000
(1790954209.257097) can0 2A2#0000E1BE000016BD
(1790954209.257200) can0 2A3#000329D10002A0EA
(1790954209.257323) can0 2A4#000127970002B552
(1790954209.257448) can0 2A5#0000133A0000135D
(1790954209.257573) can0 2A6#FFFFEC9B00000648
(1790954209.257671) can0 2A7#00004B0A0000013B
(1790954209.261963) can0 2A1#0100010000000000
(1790954209.262099) can0 2A2#0000E1BE000016BD
(1790954209.262199) can0 2A3#000329D10002A0EA
(1790954209.262323) can0 2A4#000127970002B552
(1790954209.262423) can0 2A5#0000133A0000135D
(1790954209.262548) can0 2A6#FFFFEC9B00000648
(1790954209.262673) can0 2A7#00004B0A0000013B
(1790954209.266988) can0 2A1#0100010000000000
(1790954209.267097) can0 2A2#0000E1BE000016BD
(1790954209.267198) can0 2A3#000329D10002A0EA
(1790954209.267323) can0 2A4#000127970002B552
(1790954209.267446) can0 2A5#0000133A0000135D
(1790954209.267548) can0 2A6#FFFFEC9B00000648
(1790954209.267696) can0 2A7#00004B0A0000013B
(1790954209.271954) can0 2A1#0100010000000000
(1790954209.272097) can0 2A2#0000E1BE000016BD
(1790954209.272199) can0 2A3#000329D10002A0EA
(1790954209.272321) can0 2A4#000127970002B552
(1790954209.272423) can0 2A5#0000133A0000135D
(1790954209.272548) can0 2A6#FFFFEC9B00000648
(1790954209.272673) can0 2A7#00004B0A0000013B
(1790954209.276988) can0 2A1#0100010000000000
(1790954209.277099) can0 2A2#0000E1BE000016BD
(1790954209.277198) can0 2A3#000329D10002A0EA
(1790954209.277322) can0 2A4#000127970002B552
(1790954209.277448) can0 2A5#0000133A0000135D
(1790954209.277574) can0 2A6#FFFFEC9B00000648
(1790954209.277696) can0 2A7#00004B0A0000013B
(1790954209.281963) can0 2A1#0100010000000000
(1790954209.282097) can0 2A2#0000E1BE000016BD
(1790954209.282196) can0 2A3#000329D10002A0EA
(1790954209.282322) can0 2A4#000127970002B552
(1790954209.282423) can0 2A5#0000133A0000135D
(1790954209.282546) can0 2A6#FFFFEC9B00000648
(1790954209.282673) can0 2A7#00004B0A0000013B
(1790954209.286981) can0 2A1#0100010000000000
(1790954209.287097) can0 2A2#0000E1BE000016BD
(1790954209.287224) can0 2A3#000329D10002A0EA
(1790954209.287321) can0 2A4#000127970002B552
(1790954209.287448) can0 2A5#0000133A0000135D
(1790954209.287573) can0 2A6#FFFFEC9B00000648
(1790954209.287673) can0 2A7#00004B0A0000013B
(1790954209.291970) can0 2A1#0100010000000000
(1790954209.292097) can0 2A2#0000E1BE000016BD
(1790954209.292198) can0 2A3#000329D10002A0EA
(1790954209.292321) can0 2A4#000127970002B552
(1790954209.292423) can0 2A5#0000133A0000135D
(1790954209.292548) can0 2A6#FFFFEC9B00000648
(1790954209.292673) can0 2A7#00004B0A0000013B
(1790954209.296979) can0 2A1#0100010000000000
(1790954209.297094) can0 2A2#0000E1BE000016BD
(1790954209.297196) can0 2A3#000329D10002A0EA
(1790954209.297321) can0 2A4#000127970002B552
(1790954209.297420) can0 2A5#0000133A0000135D
(1790954209.297571) can0 2A6#FFFFEC9B00000648
(1790954209.297694) can0 2A7#00004B0A0000013B
(1790954209.301991) can0 2A1#0100010000000000
(1790954209.302097) can0 2A2#0000E1BE000016BD
(1790954209.302196) can0 2A3#000329D10002A0EA
(1790954209.302296) can0 2A4#000127970002B552
(1790954209.302423) can0 2A5#0000133A0000135D
(1790954209.302548) can0 2A6#FFFFEC9B00000648
(1790954209.302673) can0 2A7#00004B0A0000013B
(1790954209.306995) can0 2A1#0100010000000000
(1790954209.307096) can0 2A2#0000E1BE000016BD
(1790954209.307199) can0 2A3#000329D10002A0EA
(1790954209.307321) can0 2A4#000127970002B552
(1790954209.307423) can0 2A5#0000133A0000135D
(1790954209.307574) can0 2A6#FFFFEC9B00000648
(1790954209.307698) can0 2A7#00004B0A0000013B
(1790954209.311967) can0 2A1#0100010000000000
(1790954209.312096) can0 2A2#0000E1BE000016BD
(1790954209.312198) can0 2A3#000329D10002A0EA
(1790954209.312321) can0 2A4#000127970002B552
(1790954209.312448) can0 2A5#0000133A0000135D
(1790954209.312548) can0 2A6#FFFFEC9B00000648
(1790954209.312673) can0 2A7#00004B0A0000013B
(1790954209.316987) can0 2A1#0100010000000000
(1790954209.317097) can0 2A2#0000E1BE000016BD
(1790954209.317199) can0 2A3#000329D10002A0EA
(1790954209.317323) can0 2A4#000127970002B552
(1790954209.317448) can0 2A5#0000133A0000135D
(1790954209.317573) can0 2A6#FFFFEC9B00000648
(1790954209.317698) can0 2A7#00004B0A0000013B
(1790954209.322220) can0 2A1#0100010000000000
(1790954209.322225) can0 2A2#0000E1BE000016BD
(1790954209.322226) can0 2A3#000329D10002A0EA
(1790954209.322318) can0 2A4#000127970002B552
(1790954209.322424) can0 2A5#0000133A0000135D
(1790954209.322547) can0 2A6#FFFFEC9B00000648
(1790954209.322673) can0 2A7#00004B0A0000013B
(1790954209.327007) can0 2A1#0100010000000000
(1790954209.327096) can0 2A2#0000E1BE000016BD
(1790954209.327197) can0 2A3#000329D10002A0EA
(1790954209.327323) can0 2A4#000127970002B552
(1790954209.327422) can0 2A5#0000133A0000135D
(1790954209.327572) can0 2A6#FFFFEC9B00000648
(1790954209.327673) can0 2A7#00004B0A0000013B
(1790954209.331967) can0 2A1#0100010000000000
(1790954209.332113) can0 2A2#0000E1BE000016BD
(1790954209.332199) can0 2A3#000329D10002A0EA
(1790954209.332323) can0 2A4#000127970002B552
(1790954209.332448) can0 2A5#0000133A0000135D
(1790954209.332549) can0 2A6#FFFFEC9B00000648
(1790954209.332673) can0 2A7#00004B0A0000013B
(1790954209.336992) can0 2A1#0100010000000000
(1790954209.337097) can0 2A2#0000E1BE000016BD
(1790954209.337199) can0 2A3#000329D10002A0EA
(1790954209.337324) can0 2A4#000127970002B552
(1790954209.337449) can0 2A5#0000133A0000135D
(1790954209.337574) can0 2A6#FFFFEC9B00000648
(1790954209.337673) can0 2A7#00004B0A0000013B
(1790954209.341955) can0 2A1#0100010000000000
(1790954209.342098) can0 2A2#0000E1BE000016BD
(1790954209.342199) can0 2A3#000329D10002A0EA
(1790954209.342324) can0 2A4#000127970002B552
(1790954209.342422) can0 2A5#0000133A0000135D
(1790954209.342548) can0 2A6#FFFFEC9B00000648
(1790954209.342671) can0 2A7#00004B0A0000013B
(1790954209.346989) can0 2A1#0100010000000000
(1790954209.347096) can0 2A2#0000E1BE000016BD
(1790954209.347198) can0 2A3#000329D10002A0EA
(1790954209.347323) can0 2A4#000127970002B552
(1790954209.347449) can0 2A5#0000133A0000135D
(1790954209.347574) can0 2A6#FFFFEC9B00000648
(1790954209.347699) can0 2A7#00004B0A0000013B
(1790954209.351952) can0 2A1#0100010000000000
(1790954209.352099) can0 2A2#0000E1BE000016BD
(1790954209.352198) can0 2A3#000329D10002A0EA
(1790954209.352299) can0 2A4#000127970002B552
(1790954209.352423) can0 2A5#0000133A0000135D
(1790954209.352548) can0 2A6#FFFFEC9B00000648
(1790954209.352674) can0 2A7#00004B0A0000013B
(1790954209.356982) can0 2A1#0100010000000000
(1790954209.357097) can0 2A2#0000E1BE000016BD
(1790954209.357198) can0 2A3#000329D10002A0EA
(1790954209.357324) can0 2A4#000127970002B552
(1790954209.357448) can0 2A5#0000133A0000135D
(1790954209.357573) can0 2A6#FFFFEC9B00000648
(1790954209.357673) can0 2A7#00004B0A0000013B
(1790954209.361953) can0 2A1#0100010000000000
(1790954209.362099) can0 2A2#0000E1BE000016BD
(1790954209.362199) can0 2A3#000329D10002A0EA
(1790954209.362323) can0 2A4#000127970002B552
(1790954209.362448) can0 2A5#0000133A0000135D
(1790954209.362547) can0 2A6#FFFFEC9B00000648
(1790954209.362673) can0 2A7#00004B0A0000013B
(1790954209.366977) can0 2A1#0100010000000000
(1790954209.367096) can0 2A2#0000E1BE000016BD
(1790954209.367198) can0 2A3#000329D10002A0EA
(1790954209.367321) can0 2A4#000127970002B552
(1790954209.367448) can0 2A5#0000133A0000135D
(1790954209.367586) can0 2A6#FFFFEC9B00000648
(1790954209.367698) can0 2A7#00004B0A0000013B
(1790954209.371956) can0 2A1#0100010000000000
(1790954209.372102) can0 2A2#0000E1BE000016BD
(1790954209.372197) can0 2A3#000329D10002A0EA
(1790954209.372322) can0 2A4#000127970002B552
(1790954209.372448) can0 2A5#0000133A0000135D
(1790954209.372547) can0 2A6#FFFFEC9B00000648
(1790954209.372672) can0 2A7#00004B0A0000013B
(1790954209.376980) can0 2A1#0100010000000000
(1790954209.377095) can0 2A2#0000E1BE000016BD
(1790954209.377199) can0 2A3#000329D10002A0EA
(1790954209.377322) can0 2A4#000127970002B552
(1790954209.377448) can0 2A5#0000133A0000135D
(1790954209.377572) can0 2A6#FFFFEC9B00000648
(1790954209.377696) can0 2A7#00004B0A0000013B
(1790954209.381977) can0 2A1#0100010000000000
(1790954209.382096) can0 2A2#0000E1BE000016BD
(1790954209.382196) can0 2A3#000329D10002A0EA
(1790954209.382320) can0 2A4#000127970002B552
(1790954209.382420) can0 2A5#0000133A0000135D
(1790954209.382546) can0 2A6#FFFFEC9B00000648
(1790954209.382672) can0 2A7#00004B0A0000013B
(1790954209.387033) can0 2A1#0100010000000000
(1790954209.387097) can0 2A2#0000E1BE000016BD
(1790954209.387197) can0 2A3#000329D10002A0EA
(1790954209.387326) can0 2A4#000127970002B552
(1790954209.387449) can0 2A5#0000133A0000135D
(1790954209.387573) can0 2A6#FFFFEC9B00000648
(1790954209.387699) can0 2A7#00004B0A0000013B
(1790954209.391952) can0 2A1#0100010000000000
(1790954209.392096) can0 2A2#0000E1BE000016BD
(1790954209.392197) can0 2A3#000329D10002A0EA
(1790954209.392323) can0 2A4#000127970002B552
(1790954209.392446) can0 2A5#0000133A0000135D
(1790954209.392546) can0 2A6#FFFFEC9B00000648
(1790954209.392671) can0 2A7#00004B0A0000013B
(1790954209.396977) can0 2A1#0100010000000000
(1790954209.397098) can0 2A2#0000E1BE000016BD
(1790954209.397197) can0 2A3#000329D10002A0EA
(1790954209.397323) can0 2A4#000127970002B552
(1790954209.397448) can0 2A5#0000133A0000135D
(1790954209.397573) can0 2A6#FFFFEC9B00000648
(1790954209.397672) can0 2A7#00004B0A0000013B
(1790954209.401952) can0 2A1#0100010000000000
(1790954209.402098) can0 2A2#0000E1BE000016BD
(1790954209.402199) can0 2A3#000329D10002A0EA
(1790954209.402298) can0 2A4#000127970002B552
(1790954209.402422) can0 2A5#0000133A0000135D
(1790954209.402548) can0 2A6#FFFFEC9B00000648
(1790954209.402673) can0 2A7#00004B0A0000013B
(1790954209.406978) can0 2A1#0100010000000000
(1790954209.407096) can0 2A2#0000E1BE000016BD
(1790954209.407198) can0 2A3#000329D10002A0EA
(1790954209.407323) can0 2A4#000127970002B552
(1790954209.407452) can0 2A5#0000133A0000135D
(1790954209.407574) can0 2A6#FFFFEC9B00000648
(1790954209.407699) can0 2A7#00004B0A0000013B
(1790954209.411990) can0 2A1#0100010000000000
(1790954209.412105) can0 2A2#0000E1BE000016BD
(1790954209.412197) can0 2A3#000329D10002A0EA
(1790954209.412321) can0 2A4#000127970002B552
(1790954209.412421) can0 2A5#0000133A0000135D
(1790954209.412548) can0 2A6#FFFFEC9B00000648
(1790954209.412671) can0 2A7#00004B0A0000013B
(1790954209.416978) can0 2A1#0100010000000000
(1790954209.417105) can0 2A2#0000E1BE000016BD
(1790954209.417196) can0 2A3#000329D10002A0EA
(1790954209.417321) can0 2A4#000127970002B552
(1790954209.417446) can0 2A5#0000133A0000135D
(1790954209.417571) can0 2A6#FFFFEC9B00000648
(1790954209.417696) can0 2A7#00004B0A0000013B
(1790954209.421982) can0 2A1#0100010000000000
(1790954209.422099) can0 2A2#0000E1BE000016BD
(1790954209.422197) can0 2A3#000329D10002A0EA
(1790954209.422322) can0 2A4#000127970002B552
(1790954209.422422) can0 2A5#0000133A0000135D
(1790954209.422547) can0 2A6#FFFFEC9B00000648
(1790954209.422672) can0 2A7#00004B0A0000013B
(1790954209.426979) can0 2A1#0100010000000000
(1790954209.427095) can0 2A2#0000E1BE000016BD
(1790954209.427197) can0 2A3#000329D10002A0EA
(1790954209.427322) can0 2A4#000127970002B552
(1790954209.427448) can0 2A5#0000133A0000135D
(1790954209.427573) can0 2A6#FFFFEC9B00000648
(1790954209.427672) can0 2A7#00004B0A0000013B
(1790954209.431976) can0 2A1#0100010000000000
(1790954209.432102) can0 2A2#0000E1BE000016BD
(1790954209.432196) can0 2A3#000329D10002A0EA
(1790954209.432322) can0 2A4#000127970002B552
(1790954209.432421) can0 2A5#0000133A0000135D
(1790954209.432547) can0 2A6#FFFFEC9B00000648
(1790954209.432672) can0 2A7#00004B0A0000013B
(1790954209.436973) can0 2A1#0100010000000000
(1790954209.437097) can0 2A2#0000E1BE000016BD
(1790954209.437197) can0 2A3#000329D10002A0EA
(1790954209.437320) can0 2A4#000127970002B552
(1790954209.437447) can0 2A5#0000133A0000135D
(1790954209.437572) can0 2A6#FFFFEC9B00000648
(1790954209.437672) can0 2A7#00004B0A0000013B
(1790954209.441976) can0 2A1#0100010000000000
(1790954209.442095) can0 2A2#0000E1BE000016BD
(1790954209.442197) can0 2A3#000329D10002A0EA
(1790954209.442323) can0 2A4#000127970002B552
(1790954209.442422) can0 2A5#0000133A0000135D
(1790954209.442548) can0 2A6#FFFFEC9B00000648
(1790954209.442672) can0 2A7#00004B0A0000013B
(1790954209.446972) can0 2A1#0100010000000000
(1790954209.447097) can0 2A2#0000E1BE000016BD
(1790954209.447198) can0 2A3#000329D10002A0EA
(1790954209.447322) can0 2A4#000127970002B552
(1790954209.447447) can0 2A5#0000133A0000135D
(1790954209.447548) can0 2A6#FFFFEC9B00000648
(1790954209.447697) can0 2A7#00004B0A0000013B
(1790954209.451951) can0 2A1#0100010000000000
(1790954209.452095) can0 2A2#0000E1BE000016BD
(1790954209.452197) can0 2A3#000329D10002A0EA
(1790954209.452322) can0 2A4#000127970002B552
(1790954209.452447) can0 2A5#0000133A0000135D
(1790954209.452547) can0 2A6#FFFFEC9B00000648
(1790954209.452674) can0 2A7#00004B0A0000013B
(1790954209.456988) can0 2A1#0100010000000000
(1790954209.457100) can0 2A2#0000E1BE000016BD
(1790954209.457198) can0 2A3#000329D10002A0EA
(1790954209.457322) can0 2A4#000127970002B552
(1790954209.457447) can0 2A5#0000133A0000135D
(1790954209.457571) can0 2A6#FFFFEC9B00000648
(1790954209.457697) can0 2A7#00004B0A0000013B
(1790954209.461975) can0 2A1#0100010000000000
(1790954209.462096) can0 2A2#0000E1BE000016BD
(1790954209.462196) can0 2A3#000329D10002A0EA
(1790954209.462297) can0 2A4#000127970002B552
(1790954209.462421) can0 2A5#0000133A0000135D
(1790954209.462548) can0 2A6#FFFFEC9B00000648
(1790954209.462673) can0 2A7#00004B0A0000013B
(1790954209.466975) can0 2A1#0100010000000000
(1790954209.467096) can0 2A2#0000E1BE000016BD
(1790954209.467197) can0 2A3#000329D10002A0EA
(1790954209.467322) can0 2A4#000127970002B552
(1790954209.467448) can0 2A5#0000133A0000135D
(1790954209.467591) can0 2A6#FFFFEC9B00000648
(1790954209.467700) can0 2A7#00004B0A0000013B
(1790954209.471976) can0 2A1#0100010000000000
(1790954209.472095) can0 2A2#0000E1BE000016BD
(1790954209.472197) can0 2A3#000329D10002A0EA
(1790954209.472297) can0 2A4#000127970002B552
(1790954209.472422) can0 2A5#0000133A0000135D
(1790954209.472548) can0 2A6#FFFFEC9B00000648
(1790954209.472673) can0 2A7#00004B0A0000013B
(1790954209.476979) can0 2A1#0100010000000000
(1790954209.477095) can0 2A2#0000E1BE000016BD
(1790954209.477197) can0 2A3#000329D10002A0EA
(1790954209.477322) can0 2A4#000127970002B552
(1790954209.477447) can0 2A5#0000133A0000135D
(1790954209.477571) can0 2A6#FFFFEC9B00000648
(1790954209.477697) can0 2A7#00004B0A0000013B
(1790954209.481973) can0 2A1#0100010000000000
(1790954209.482096) can0 2A2#0000E1BE000016BD
(1790954209.482196) can0 2A3#000329D10002A0EA
(1790954209.482321) can0 2A4#000127970002B552
(1790954209.482421) can0 2A5#0000133A0000135D
(1790954209.482546) can0 2A6#FFFFEC9B00000648
(1790954209.482671) can0 2A7#00004B0A0000013B
(1790954209.486977) can0 2A1#0100010000000000
(1790954209.487096) can0 2A2#0000E1BE000016BD
(1790954209.487198) can0 2A3#000329D10002A0EA
(1790954209.487321) can0 2A4#000127970002B552
(1790954209.487446) can0 2A5#0000133A0000135D
(1790954209.487547) can0 2A6#FFFFEC9B00000648
(1790954209.487671) can0 2A7#00004B0A0000013B
(1790954209.491978) can0 2A1#0100010000000000
(1790954209.492096) can0 2A2#0000E1BE000016BD
(1790954209.492196) can0 2A3#000329D10002A0EA
(1790954209.492321) can0 2A4#000127970002B552
(1790954209.492446) can0 2A5#0000133A0000135D
(1790954209.492546) can0 2A6#FFFFEC9B00000648
(1790954209.492671) can0 2A7#00004B0A0000013B
(1790954209.496978) can0 2A1#0100010000000000
(1790954209.497096) can0 2A2#0000E1BE000016BD
(1790954209.497196) can0 2A3#000329D10002A0EA
(1790954209.497321) can0 2A4#000127970002B552
(1790954209.497446) can0 2A5#0000133A0000135D
(1790954209.497571) can0 2A6#FFFFEC9B00000648
(1790954209.497696) can0 2A7#00004B0A0000013B
(1790954209.501951) can0 2A1#0100010000000000
(1790954209.502096) can0 2A2#0000E1BE000016BD
(1790954209.502196) can0 2A3#000329D10002A0EA
(1790954209.502321) can0 2A4#000127970002B552
(1790954209.502421) can0 2A5#0000133A0000135D
(1790954209.502546) can0 2A6#FFFFEC9B00000648
(1790954209.502671) can0 2A7#00004B0A0000013B
