(1790951868.244688) can0 2A1#0100010000000000
(1790951868.244762) can0 2A2#0000CCC6000003CA
(1790951868.244888) can0 2A3#0002B94BFFFD7389
(1790951868.245013) can0 2A4#00011AC6FFFD7B82
(1790951868.245152) can0 2A5#000007BF00000000
(1790951868.245262) can0 2A6#00000000FFFFFA7E
(1790951868.245360) can0 2A7#00005689FFFFF5D5
(1790951868.249673) can0 2A1#0100010000000000
(1790951868.249786) can0 2A2#0000CCC6000003CA
(1790951868.249885) can0 2A3#0002B94BFFFD7389
(1790951868.250013) can0 2A4#00011AC6FFFD7B82
(1790951868.250135) can0 2A5#000007BF00000000
(1790951868.250271) can0 2A6#00000000FFFFFA7E
(1790951868.250385) can0 2A7#00005689FFFFF5D5
(1790951868.254668) can0 2A1#0100010000000000
(1790951868.254758) can0 2A2#0000CCC6000003CA
(1790951868.254886) can0 2A3#0002B94BFFFD7389
(1790951868.255010) can0 2A4#00011AC6FFFD7B82
(1790951868.255112) can0 2A5#000007BF00000000
(1790951868.255233) can0 2A6#00000000FFFFFA7E
(1790951868.255358) can0 2A7#00005689FFFFF5D5
(1790951868.259668) can0 2A1#0100010000000000
(1790951868.259783) can0 2A2#0000CCC6000003CA
(1790951868.259883) can0 2A3#0002B94BFFFD7389
(1790951868.260008) can0 2A4#00011AC6FFFD7B82
(1790951868.260133) can0 2A5#000007BF00000000
(1790951868.260259) can0 2A6#00000000FFFFFA7E
(1790951868.260383) can0 2A7#00005689FFFFF5D5
(1790951868.264637) can0 2A1#0100010000000000
(1790951868.264784) can0 2A2#0000CCC6000003CA
(1790951868.264888) can0 2A3#0002B94BFFFD7389
(1790951868.265010) can0 2A4#00011AC6FFFD7B82
(1790951868.265108) can0 2A5#000007BF00000000
(1790951868.265233) can0 2A6#00000000FFFFFA7E
(1790951868.265358) can0 2A7#00005689FFFFF5D5
(1790951868.269665) can0 2A1#0100010000000000
(1790951868.269784) can0 2A2#0000CCC6000003CA
(1790951868.269908) can0 2A3#0002B94BFFFD7389
(1790951868.270010) can0 2A4#00011AC6FFFD7B82
(1790951868.270134) can0 2A5#000007BF00000000
(1790951868.270258) can0 2A6#00000000FFFFFA7E
(1790951868.270383) can0 2A7#00005689FFFFF5D5
(1790951868.274681) can0 2A1#0100010000000000
(1790951868.274782) can0 2A2#0000CCC6000003CA
(1790951868.274886) can0 2A3#0002B94BFFFD7389
(1790951868.275009) can0 2A4#00011AC6FFFD7B82
(1790951868.275134) can0 2A5#000007BF00000000
(1790951868.275258) can0 2A6#00000000FFFFFA7E
(1790951868.275358) can0 2A7#00005689FFFFF5D5
(1790951868.279667) can0 2A1#0100010000000000
(1790951868.279783) can0 2A2#0000CCC6000003CA
(1790951868.279909) can0 2A3#0002B94BFFFD7389
(1790951868.280009) can0 2A4#00011AC6FFFD7B82
(1790951868.280133) can0 2A5#000007BF00000000
(1790951868.280258) can0 2A6#00000000FFFFFA7E
(1790951868.280384) can0 2A7#00005689FFFFF5D5
(1790951868.284665) can0 2A1#0100010000000000
(1790951868.284760) can0 2A2#0000CCC6000003CA
(1790951868.284884) can0 2A3#0002B94BFFFD7389
(1790951868.285009) can0 2A4#00011AC6FFFD7B82
(1790951868.285135) can0 2A5#000007BF00000000
(1790951868.285234) can0 2A6#00000000FFFFFA7E
(1790951868.285359) can0 2A7#00005689FFFFF5D5
(1790951868.289671) can0 2A1#0100010000000000
(1790951868.289783) can0 2A2#0000CCC6000003CA
(1790951868.289912) can0 2A3#0002B94BFFFD7389
(1790951868.290010) can0 2A4#00011AC6FFFD7B82
(1790951868.290134) can0 2A5#000007BF00000000
(1790951868.290261) can0 2A6#00000000FFFFFA7E
(1790951868.290384) can0 2A7#00005689FFFFF5D5
(1790951868.294664) can0 2A1#0100010000000000
(1790951868.294758) can0 2A2#0000CCC6000003CA
(1790951868.294883) can0 2A3#0002B94BFFFD7389
(1790951868.295009) can0 2A4#00011AC6FFFD7B82
(1790951868.295108) can0 2A5#000007BF00000000
(1790951868.295268) can0 2A6#00000000FFFFFA7E
(1790951868.295360) can0 2A7#00005689FFFFF5D5
(1790951868.299665) can0 2A1#0100010000000000
(1790951868.299759) can0 2A2#0000CCC6000003CA
(1790951868.299909) can0 2A3#0002B94BFFFD7389
(1790951868.300009) can0 2A4#00011AC6FFFD7B82
(1790951868.300133) can0 2A5#000007BF00000000
(1790951868.300259) can0 2A6#00000000FFFFFA7E
(1790951868.300387) can0 2A7#00005689FFFFF5D5
(1790951868.304642) can0 2A1#0100010000000000
(1790951868.304787) can0 2A2#0000CCC6000003CA
(1790951868.304890) can0 2A3#0002B94BFFFD7389
(1790951868.305010) can0 2A4#00011AC6FFFD7B82
(1790951868.305108) can0 2A5#000007BF00000000
(1790951868.305232) can0 2A6#00000000FFFFFA7E
(1790951868.305359) can0 2A7#00005689FFFFF5D5
(1790951868.309666) can0 2A1#0100010000000000
(1790951868.309783) can0 2A2#0000CCC6000003CA
(1790951868.309909) can0 2A3#0002B94BFFFD7389
(1790951868.310008) can0 2A4#00011AC6FFFD7B82
(1790951868.310134) can0 2A5#000007BF00000000
(1790951868.310258) can0 2A6#00000000FFFFFA7E
(1790951868.310386) can0 2A7#00005689FFFFF5D5
(1790951868.314638) can0 2A1#0100010000000000
(1790951868.314761) can0 2A2#0000CCC6000003CA
(1790951868.314888) can0 2A3#0002B94BFFFD7389
(1790951868.315010) can0 2A4#00011AC6FFFD7B82
(1790951868.315135) can0 2A5#000007BF00000000
(1790951868.315259) can0 2A6#00000000FFFFFA7E
(1790951868.315384) can0 2A7#00005689FFFFF5D5
(1790951868.319674) can0 2A1#0100010000000000
(1790951868.319784) can0 2A2#0000CCC6000003CA
(1790951868.319887) can0 2A3#0002B94BFFFD7389
(1790951868.320009) can0 2A4#00011AC6FFFD7B82
(1790951868.320134) can0 2A5#000007BF00000000
(1790951868.320259) can0 2A6#00000000FFFFFA7E
(1790951868.320384) can0 2A7#00005689FFFFF5D5
(1790951868.324667) can0 2A1#0100010000000000
(1790951868.324758) can0 2A2#0000CCC6000003CA
(1790951868.324886) can0 2A3#0002B94BFFFD7389
(1790951868.324983) can0 2A4#00011AC6FFFD7B82
(1790951868.325108) can0 2A5#000007BF00000000
(1790951868.325258) can0 2A6#00000000FFFFFA7E
(1790951868.325358) can0 2A7#00005689FFFFF5D5
(1790951868.329671) can0 2A1#0100010000000000
(1790951868.329784) can0 2A2#0000CCC6000003CA
(1790951868.330206) can0 2A3#0002B94BFFFD7389
(1790951868.330210) can0 2A4#00011AC6FFFD7B82
(1790951868.330212) can0 2A5#000007BF00000000
(1790951868.330259) can0 2A6#00000000FFFFFA7E
(1790951868.330384) can0 2A7#00005689FFFFF5D5
(1790951868.334644) can0 2A1#0100010000000000
(1790951868.334758) can0 2A2#0000CCC6000003CA
(1790951868.334884) can0 2A3#0002B94BFFFD7389
(1790951868.335008) can0 2A4#00011AC6FFFD7B82
(1790951868.335134) can0 2A5#000007BF00000000
(1790951868.335259) can0 2A6#00000000FFFFFA7E
(1790951868.335384) can0 2A7#00005689FFFFF5D5
(1790951868.339684) can0 2A1#0100010000000000
(1790951868.339785) can0 2A2#0000CCC6000003CA
(1790951868.339889) can0 2A3#0002B94BFFFD7389
(1790951868.340008) can0 2A4#00011AC6FFFD7B82
(1790951868.340134) can0 2A5#000007BF00000000
(1790951868.340259) can0 2A6#00000000FFFFFA7E
(1790951868.340383) can0 2A7#00005689FFFFF5D5
(1790951868.344648) can0 2A1#0100010000000000
(1790951868.344759) can0 2A2#0000CCC6000003CA
(1790951868.344884) can0 2A3#0002B94BFFFD7389
(1790951868.345009) can0 2A4#00011AC6FFFD7B82
(1790951868.345134) can0 2A5#000007BF00000000
(1790951868.345258) can0 2A6#00000000FFFFFA7E
(1790951868.345359) can0 2A7#00005689FFFFF5D5
(1790951868.349669) can0 2A1#0100010000000000
(1790951868.349785) can0 2A2#0000CCC6000003CA
(1790951868.349911) can0 2A3#0002B94BFFFD7389
(1790951868.350009) can0 2A4#00011AC6FFFD7B82
(1790951868.350134) can0 2A5#000007BF00000000
(1790951868.350259) can0 2A6#00000000FFFFFA7E
(1790951868.350388) can0 2A7#00005689FFFFF5D5
(1790951868.354672) can0 2A1#0100010000000000
(1790951868.354759) can0 2A2#0000CCC6000003CA
(1790951868.354884) can0 2A3#0002B94BFFFD7389
(1790951868.355009) can0 2A4#00011AC6FFFD7B82
(1790951868.355133) can0 2A5#000007BF00000000
(1790951868.355262) can0 2A6#00000000FFFFFA7E
(1790951868.355385) can0 2A7#00005689FFFFF5D5
(1790951868.359671) can0 2A1#0100010000000000
(1790951868.359788) can0 2A2#0000CCC6000003CA
(1790951868.359912) can0 2A3#0002B94BFFFD7389
(1790951868.360011) can0 2A4#00011AC6FFFD7B82
(1790951868.360136) can0 2A5#000007BF00000000
(1790951868.360261) can0 2A6#00000000FFFFFA7E
(1790951868.360383) can0 2A7#00005689FFFFF5D5
(1790951868.364675) can0 2A1#0100010000000000
(1790951868.364760) can0 2A2#0000CCC6000003CA
(1790951868.364885) can0 2A3#0002B94BFFFD7389
(1790951868.365011) can0 2A4#00011AC6FFFD7B82
(1790951868.365111) can0 2A5#000007BF00000000
(1790951868.365235) can0 2A6#00000000FFFFFA7E
(1790951868.365385) can0 2A7#00005689FFFFF5D5
(1790951868.369674) can0 2A1#0100010000000000
(1790951868.369786) can0 2A2#0000CCC6000003CA
(1790951868.369911) can0 2A3#0002B94BFFFD7389
(1790951868.370010) can0 2A4#00011AC6FFFD7B82
(1790951868.370136) can0 2A5#000007BF00000000
(1790951868.370260) can0 2A6#00000000FFFFFA7E
(1790951868.370385) can0 2A7#00005689FFFFF5D5
(1790951868.374665) can0 2A1#0100010000000000
(1790951868.374786) can0 2A2#0000CCC6000003CA
(1790951868.374885) can0 2A3#0002B94BFFFD7389
(1790951868.375010) can0 2A4#00011AC6FFFD7B82
(1790951868.375135) can0 2A5#000007BF00000000
(1790951868.375260) can0 2A6#00000000FFFFFA7E
(1790951868.375360) can0 2A7#00005689FFFFF5D5
(1790951868.379676) can0 2A1#0100010000000000
(1790951868.379785) can0 2A2#0000CCC6000003CA
(1790951868.379911) can0 2A3#0002B94BFFFD7389
(1790951868.380010) can0 2A4#00011AC6FFFD7B82
(1790951868.380135) can0 2A5#000007BF00000000
(1790951868.380260) can0 2A6#00000000FFFFFA7E
(1790951868.380384) can0 2A7#00005689FFFFF5D5
(1790951868.384669) can0 2A1#0100010000000000
(1790951868.384762) can0 2A2#0000CCC6000003CA
(1790951868.384886) can0 2A3#0002B94BFFFD7389
(1790951868.385010) can0 2A4#00011AC6FFFD7B82
(1790951868.385135) can0 2A5#000007BF00000000
(1790951868.385265) can0 2A6#00000000FFFFFA7E
(1790951868.385385) can0 2A7#00005689FFFFF5D5
(1790951868.389669) can0 2A1#0100010000000000
(1790951868.389759) can0 2A2#0000CCC6000003CA
(1790951868.389912) can0 2A3#0002B94BFFFD7389
(1790951868.390012) can0 2A4#00011AC6FFFD7B82
(1790951868.390136) can0 2A5#000007BF00000000
(1790951868.390260) can0 2A6#00000000FFFFFA7E
(1790951868.390385) can0 2A7#00005689FFFFF5D5
(1790951868.394641) can0 2A1#0100010000000000
(1790951868.394761) can0 2A2#0000CCC6000003CA
(1790951868.394887) can0 2A3#0002B94BFFFD7389
(1790951868.395010) can0 2A4#00011AC6FFFD7B82
(1790951868.395109) can0 2A5#000007BF00000000
(1790951868.395236) can0 2A6#00000000FFFFFA7E
(1790951868.395360) can0 2A7#00005689FFFFF5D5
(1790951868.399664) can0 2A1#0100010000000000
(1790951868.399785) can0 2A2#0000CCC6000003CA
(1790951868.399913) can0 2A3#0002B94BFFFD7389
(1790951868.400011) can0 2A4#00011AC6FFFD7B82
(1790951868.400136) can0 2A5#000007BF00000000
(1790951868.400261) can0 2A6#00000000FFFFFA7E
(1790951868.400385) can0 2A7#00005689FFFFF5D5
(1790951868.404635) can0 2A1#0100010000000000
(1790951868.404761) can0 2A2#0000CCC6000003CA
(1790951868.404887) can0 2A3#0002B94BFFFD7389
(1790951868.405010) can0 2A4#00011AC6FFFD7B82
(1790951868.405136) can0 2A5#000007BF00000000
(1790951868.405260) can0 2A6#00000000FFFFFA7E
(1790951868.405360) can0 2A7#00005689FFFFF5D5
(1790951868.409667) can0 2A1#0100010000000000
(1790951868.409785) can0 2A2#0000CCC6000003CA
(1790951868.409910) can0 2A3#0002B94BFFFD7389
(1790951868.410010) can0 2A4#00011AC6FFFD7B82
(1790951868.410135) can0 2A5#000007BF00000000
(1790951868.410262) can0 2A6#00000000FFFFFA7E
(1790951868.410385) can0 2A7#00005689FFFFF5D5
(1790951868.414662) can0 2A1#0100010000000000
(1790951868.414786) can0 2A2#0000CCC6000003CA
(1790951868.414885) can0 2A3#0002B94BFFFD7389
(1790951868.415011) can0 2A4#00011AC6FFFD7B82
(1790951868.415134) can0 2A5#000007BF00000000
(1790951868.415260) can0 2A6#00000000FFFFFA7E
(1790951868.415360) can0 2A7#00005689FFFFF5D5
(1790951868.419671) can0 2A1#0100010000000000
(1790951868.419787) can0 2A2#0000CCC6000003CA
(1790951868.419912) can0 2A3#0002B94BFFFD7389
(1790951868.420012) can0 2A4#00011AC6FFFD7B82
(1790951868.420137) can0 2A5#000007BF00000000
(1790951868.420261) can0 2A6#00000000FFFFFA7E
(1790951868.420387) can0 2A7#00005689FFFFF5D5
(1790951868.424668) can0 2A1#0100010000000000
(1790951868.424787) can0 2A2#0000CCC6000003CA
(1790951868.424887) can0 2A3#0002B94BFFFD7389
(1790951868.425012) can0 2A4#00011AC6FFFD7B82
(1790951868.425136) can0 2A5#000007BF00000000
(1790951868.425262) can0 2A6#00000000FFFFFA7E
(1790951868.425365) can0 2A7#00005689FFFFF5D5
(1790951868.429677) can0 2A1#0100010000000000
(1790951868.429787) can0 2A2#0000CCC6000003CA
(1790951868.429911) can0 2A3#0002B94BFFFD7389
(1790951868.430011) can0 2A4#00011AC6FFFD7B82
(1790951868.430135) can0 2A5#000007BF00000000
(1790951868.430260) can0 2A6#00000000FFFFFA7E
(1790951868.430385) can0 2A7#00005689FFFFF5D5
(1790951868.434639) can0 2A1#0100010000000000
(1790951868.434760) can0 2A2#0000CCC6000003CA
(1790951868.434885) can0 2A3#0002B94BFFFD7389
(1790951868.435010) can0 2A4#00011AC6FFFD7B82
(1790951868.435133) can0 2A5#000007BF00000000
(1790951868.435258) can0 2A6#00000000FFFFFA7E
(1790951868.435359) can0 2A7#00005689FFFFF5D5
(1790951868.439669) can0 2A1#0100010000000000
(1790951868.439784) can0 2A2#0000CCC6000003CA
(1790951868.439910) can0 2A3#0002B94BFFFD7389
(1790951868.440009) can0 2A4#00011AC6FFFD7B82
(1790951868.440134) can0 2A5#000007BF00000000
(1790951868.440258) can0 2A6#00000000FFFFFA7E
(1790951868.440386) can0 2A7#00005689FFFFF5D5
(1790951868.444640) can0 2A1#0100010000000000
(1790951868.444787) can0 2A2#0000CCC6000003CA
(1790951868.444887) can0 2A3#0002B94BFFFD7389
(1790951868.445011) can0 2A4#00011AC6FFFD7B82
(1790951868.445136) can0 2A5#000007BF00000000
(1790951868.445260) can0 2A6#00000000FFFFFA7E
(1790951868.445360) can0 2A7#00005689FFFFF5D5
(1790951868.449664) can0 2A1#0100010000000000
(1790951868.449785) can0 2A2#0000CCC6000003CA
(1790951868.449911) can0 2A3#0002B94BFFFD7389
(1790951868.450011) can0 2A4#00011AC6FFFD7B82
(1790951868.450135) can0 2A5#000007BF00000000
(1790951868.450261) can0 2A6#00000000FFFFFA7E
(1790951868.450386) can0 2A7#00005689FFFFF5D5
(1790951868.454665) can0 2A1#0100010000000000
(1790951868.454762) can0 2A2#0000CCC6000003CA
(1790951868.454888) can0 2A3#0002B94BFFFD7389
(1790951868.455011) can0 2A4#00011AC6FFFD7B82
(1790951868.455136) can0 2A5#000007BF00000000
(1790951868.455261) can0 2A6#00000000FFFFFA7E
(1790951868.455386) can0 2A7#00005689FFFFF5D5
(1790951868.459694) can0 2A1#0100010000000000
(1790951868.459786) can0 2A2#0000CCC6000003CA
(1790951868.459911) can0 2A3#0002B94BFFFD7389
(1790951868.460011) can0 2A4#00011AC6FFFD7B82
(1790951868.460136) can0 2A5#000007BF00000000
(1790951868.460260) can0 2A6#00000000FFFFFA7E
(1790951868.460385) can0 2A7#00005689FFFFF5D5
(1790951868.464666) can0 2A1#0100010000000000
(1790951868.464761) can0 2A2#0000CCC6000003CA
(1790951868.464886) can0 2A3#0002B94BFFFD7389
(1790951868.465011) can0 2A4#00011AC6FFFD7B82
(1790951868.465109) can0 2A5#000007BF00000000
(1790951868.465261) can0 2A6#00000000FFFFFA7E
(1790951868.465363) can0 2A7#00005689FFFFF5D5
(1790951868.469669) can0 2A1#0100010000000000
(1790951868.469785) can0 2A2#0000CCC6000003CA
(1790951868.469911) can0 2A3#0002B94BFFFD7389
(1790951868.470009) can0 2A4#00011AC6FFFD7B82
(1790951868.470134) can0 2A5#000007BF00000000
(1790951868.470260) can0 2A6#00000000FFFFFA7E
(1790951868.470384) can0 2A7#00005689FFFFF5D5
(1790951868.474669) can0 2A1#0100010000000000
(1790951868.474788) can0 2A2#0000CCC6000003CA
(1790951868.474886) can0 2A3#0002B94BFFFD7389
(1790951868.475011) can0 2A4#00011AC6FFFD7B82
(1790951868.475136) can0 2A5#000007BF00000000
(1790951868.475261) can0 2A6#00000000FFFFFA7E
(1790951868.475362) can0 2A7#00005689FFFFF5D5
(1790951868.479672) can0 2A1#0100010000000000
(1790951868.479790) can0 2A2#0000CCC6000003CA
(1790951868.479886) can0 2A3#0002B94BFFFD7389
(1790951868.480012) can0 2A4#00011AC6FFFD7B82
(1790951868.480161) can0 2A5#000007BF00000000
(1790951868.480260) can0 2A6#00000000FFFFFA7E
(1790951868.480385) can0 2A7#00005689FFFFF5D5
(1790951868.484642) can0 2A1#0100010000000000
(1790951868.484787) can0 2A2#0000CCC6000003CA
(1790951868.484886) can0 2A3#0002B94BFFFD7389
(1790951868.485011) can0 2A4#00011AC6FFFD7B82
(1790951868.485136) can0 2A5#000007BF00000000
(1790951868.485260) can0 2A6#00000000FFFFFA7E
(1790951868.485359) can0 2A7#00005689FFFFF5D5
(1790951868.489677) can0 2A1#0100010000000000
(1790951868.489787) can0 2A2#0000CCC6000003CA
(1790951868.489911) can0 2A3#0002B94BFFFD7389
(1790951868.490011) can0 2A4#00011AC6FFFD7B82
(1790951868.490136) can0 2A5#000007BF00000000
(1790951868.490261) can0 2A6#00000000FFFFFA7E
(1790951868.490384) can0 2A7#00005689FFFFF5D5
(1790951868.494675) can0 2A1#0100010000000000
(1790951868.494786) can0 2A2#0000CCC6000003CA
(1790951868.494886) can0 2A3#0002B94BFFFD7389
(1790951868.495011) can0 2A4#00011AC6FFFD7B82
(1790951868.495136) can0 2A5#000007BF00000000
(1790951868.495260) can0 2A6#00000000FFFFFA7E
(1790951868.495360) can0 2A7#00005689FFFFF5D5
(1790951868.499674) can0 2A1#0100010000000000
(1790951868.499786) can0 2A2#0000CCC6000003CA
(1790951868.499911) can0 2A3#0002B94BFFFD7389
(1790951868.500011) can0 2A4#00011AC6FFFD7B82
(1790951868.500136) can0 2A5#000007BF00000000
(1790951868.500260) can0 2A6#00000000FFFFFA7E
(1790951868.500387) can0 2A7#00005689FFFFF5D5
(1790951868.504642) can0 2A1#0100010000000000
(1790951868.504760) can0 2A2#0000CCC6000003CA
(1790951868.504887) can0 2A3#0002B94BFFFD7389
(1790951868.505011) can0 2A4#00011AC6FFFD7B82
(1790951868.505136) can0 2A5#000007BF00000000
(1790951868.505260) can0 2A6#00000000FFFFFA7E
(1790951868.505384) can0 2A7#00005689FFFFF5D5
(1790951868.509663) can0 2A1#0100010000000000
(1790951868.509785) can0 2A2#0000CCC6000003CA
(1790951868.509885) can0 2A3#0002B94BFFFD7389
(1790951868.510009) can0 2A4#00011AC6FFFD7B82
(1790951868.510135) can0 2A5#000007BF00000000
(1790951868.510259) can0 2A6#00000000FFFFFA7E
(1790951868.510384) can0 2A7#00005689FFFFF5D5
(1790951868.514660) can0 2A1#0100010000000000
(1790951868.514759) can0 2A2#0000CCC6000003CA
(1790951868.514884) can0 2A3#0002B94BFFFD7389
(1790951868.515009) can0 2A4#00011AC6FFFD7B82
(1790951868.515139) can0 2A5#000007BF00000000
(1790951868.515260) can0 2A6#00000000FFFFFA7E
(1790951868.515384) can0 2A7#00005689FFFFF5D5
(1790951868.519666) can0 2A1#0100010000000000
(1790951868.519797) can0 2A2#0000CCC6000003CA
(1790951868.519912) can0 2A3#0002B94BFFFD7389
(1790951868.520013) can0 2A4#00011AC6FFFD7B82
(1790951868.520136) can0 2A5#000007BF00000000
(1790951868.520267) can0 2A6#00000000FFFFFA7E
(1790951868.520385) can0 2A7#00005689FFFFF5D5
(1790951868.524641) can0 2A1#0100010000000000
(1790951868.524760) can0 2A2#0000CCC6000003CA
(1790951868.524914) can0 2A3#0002B94BFFFD7389
(1790951868.525010) can0 2A4#00011AC6FFFD7B82
(1790951868.525136) can0 2A5#000007BF00000000
(1790951868.525260) can0 2A6#00000000FFFFFA7E
(1790951868.525361) can0 2A7#00005689FFFFF5D5
(1790951868.529668) can0 2A1#0100010000000000
(1790951868.529803) can0 2A2#0000CCC6000003CA
(1790951868.529911) can0 2A3#0002B94BFFFD7389
(1790951868.530009) can0 2A4#00011AC6FFFD7B82
(1790951868.530138) can0 2A5#000007BF00000000
(1790951868.530260) can0 2A6#00000000FFFFFA7E
(1790951868.530384) can0 2A7#00005689FFFFF5D5
(1790951868.534669) can0 2A1#0100010000000000
(1790951868.534784) can0 2A2#0000CCC6000003CA
(1790951868.534886) can0 2A3#0002B94BFFFD7389
(1790951868.535010) can0 2A4#00011AC6FFFD7B82
(1790951868.535136) can0 2A5#000007BF00000000
(1790951868.535260) can0 2A6#00000000FFFFFA7E
(1790951868.535385) can0 2A7#00005689FFFFF5D5
(1790951868.539664) can0 2A1#0100010000000000
(1790951868.539784) can0 2A2#0000CCC6000003CA
(1790951868.539912) can0 2A3#0002B94BFFFD7389
(1790951868.540012) can0 2A4#00011AC6FFFD7B82
(1790951868.540134) can0 2A5#000007BF00000000
(1790951868.540260) can0 2A6#00000000FFFFFA7E
(1790951868.540386) can0 2A7#00005689FFFFF5D5
(1790951868.544669) can0 2A1#0100010000000000
(1790951868.544759) can0 2A2#0000CCC6000003CA
(1790951868.544886) can0 2A3#0002B94BFFFD7389
(1790951868.545009) can0 2A4#00011AC6FFFD7B82
(1790951868.545135) can0 2A5#000007BF00000000
(1790951868.545260) can0 2A6#00000000FFFFFA7E
(1790951868.545385) can0 2A7#00005689FFFFF5D5
(1790951868.549681) can0 2A1#0100010000000000
(1790951868.549787) can0 2A2#0000CCC6000003CA
(1790951868.549910) can0 2A3#0002B94BFFFD7389
(1790951868.550016) can0 2A4#00011AC6FFFD7B82
(1790951868.550134) can0 2A5#000007BF00000000
(1790951868.550260) can0 2A6#00000000FFFFFA7E
(1790951868.550386) can0 2A7#00005689FFFFF5D5
(1790951868.554639) can0 2A1#0100010000000000
(1790951868.554759) can0 2A2#0000CCC6000003CA
(1790951868.554909) can0 2A3#0002B94BFFFD7389
(1790951868.555013) can0 2A4#00011AC6FFFD7B82
(1790951868.555135) can0 2A5#000007BF00000000
(1790951868.555259) can0 2A6#00000000FFFFFA7E
(1790951868.555384) can0 2A7#00005689FFFFF5D5
(1790951868.559668) can0 2A1#0100010000000000
(1790951868.559784) can0 2A2#0000CCC6000003CA
(1790951868.559911) can0 2A3#0002B94BFFFD7389
(1790951868.560009) can0 2A4#00011AC6FFFD7B82
(1790951868.560136) can0 2A5#000007BF00000000
(1790951868.560259) can0 2A6#00000000FFFFFA7E
(1790951868.560384) can0 2A7#00005689FFFFF5D5
(1790951868.564669) can0 2A1#0100010000000000
(1790951868.564762) can0 2A2#0000CCC6000003CA
(1790951868.564886) can0 2A3#0002B94BFFFD7389
(1790951868.565011) can0 2A4#00011AC6FFFD7B82
(1790951868.565135) can0 2A5#000007BF00000000
(1790951868.565260) can0 2A6#00000000FFFFFA7E
(1790951868.565387) can0 2A7#00005689FFFFF5D5
(1790951868.569667) can0 2A1#0100010000000000
(1790951868.569784) can0 2A2#0000CCC6000003CA
(1790951868.569910) can0 2A3#0002B94BFFFD7389
(1790951868.570010) can0 2A4#00011AC6FFFD7B82
(1790951868.570134) can0 2A5#000007BF00000000
(1790951868.570259) can0 2A6#00000000FFFFFA7E
(1790951868.570385) can0 2A7#00005689FFFFF5D5
(1790951868.574666) can0 2A1#0100010000000000
(1790951868.574759) can0 2A2#0000CCC6000003CA
(1790951868.574909) can0 2A3#0002B94BFFFD7389
(1790951868.575011) can0 2A4#00011AC6FFFD7B82
(1790951868.575135) can0 2A5#000007BF00000000
(1790951868.575259) can0 2A6#00000000FFFFFA7E
(1790951868.575385) can0 2A7#00005689FFFFF5D5
(1790951868.579667) can0 2A1#0100010000000000
(1790951868.579784) can0 2A2#0000CCC6000003CA
(1790951868.579884) can0 2A3#0002B94BFFFD7389
(1790951868.580042) can0 2A4#00011AC6FFFD7B82
(1790951868.580135) can0 2A5#000007BF00000000
(1790951868.580260) can0 2A6#00000000FFFFFA7E
(1790951868.580384) can0 2A7#00005689FFFFF5D5
(1790951868.584667) can0 2A1#0100010000000000
(1790951868.584785) can0 2A2#0000CCC6000003CA
(1790951868.584884) can0 2A3#0002B94BFFFD7389
(1790951868.585009) can0 2A4#00011AC6FFFD7B82
(1790951868.585135) can0 2A5#000007BF00000000
(1790951868.585260) can0 2A6#00000000FFFFFA7E
(1790951868.585385) can0 2A7#00005689FFFFF5D5
(1790951868.589673) can0 2A1#0100010000000000
(1790951868.589786) can0 2A2#0000CCC6000003CA
(1790951868.589886) can0 2A3#0002B94BFFFD7389
(1790951868.590011) can0 2A4#00011AC6FFFD7B82
(1790951868.590161) can0 2A5#000007BF00000000
(1790951868.590260) can0 2A6#00000000FFFFFA7E
(1790951868.590385) can0 2A7#00005689FFFFF5D5
(1790951868.594662) can0 2A1#0100010000000000
(1790951868.594761) can0 2A2#0000CCC6000003CA
(1790951868.594887) can0 2A3#0002B94BFFFD7389
(1790951868.595012) can0 2A4#00011AC6FFFD7B82
(1790951868.595136) can0 2A5#000007BF00000000
(1790951868.595260) can0 2A6#00000000FFFFFA7E
(1790951868.595385) can0 2A7#00005689FFFFF5D5
(1790951868.599663) can0 2A1#0100010000000000
(1790951868.599786) can0 2A2#0000CCC6000003CA
(1790951868.599912) can0 2A3#0002B94BFFFD7389
(1790951868.600011) can0 2A4#00011AC6FFFD7B82
(1790951868.600137) can0 2A5#000007BF00000000
(1790951868.600260) can0 2A6#00000000FFFFFA7E
(1790951868.600385) can0 2A7#00005689FFFFF5D5
(1790951868.604639) can0 2A1#0100010000000000
(1790951868.604761) can0 2A2#0000CCC6000003CA
(1790951868.604911) can0 2A3#0002B94BFFFD7389
(1790951868.605011) can0 2A4#00011AC6FFFD7B82
(1790951868.605140) can0 2A5#000007BF00000000
(1790951868.605261) can0 2A6#00000000FFFFFA7E
(1790951868.605385) can0 2A7#00005689FFFFF5D5
(1790951868.609672) can0 2A1#0100010000000000
(1790951868.609784) can0 2A2#0000CCC6000003CA
(1790951868.609887) can0 2A3#0002B94BFFFD7389
(1790951868.610010) can0 2A4#00011AC6FFFD7B82
(1790951868.610136) can0 2A5#000007BF00000000
(1790951868.610286) can0 2A6#00000000FFFFFA7E
(1790951868.610384) can0 2A7#00005689FFFFF5D5
(1790951868.614663) can0 2A1#0100010000000000
(1790951868.614770) can0 2A2#0000CCC6000003CA
(1790951868.614889) can0 2A3#0002B94BFFFD7389
(1790951868.615009) can0 2A4#00011AC6FFFD7B82
(1790951868.615136) can0 2A5#000007BF00000000
(1790951868.615261) can0 2A6#00000000FFFFFA7E
(1790951868.615385) can0 2A7#00005689FFFFF5D5
(1790951868.619662) can0 2A1#0100010000000000
(1790951868.619787) can0 2A2#0000CCC6000003CA
(1790951868.619914) can0 2A3#0002B94BFFFD7389
(1790951868.620010) can0 2A4#00011AC6FFFD7B82
(1790951868.620136) can0 2A5#000007BF00000000
(1790951868.620259) can0 2A6#00000000FFFFFA7E
(1790951868.620386) can0 2A7#00005689FFFFF5D5
(1790951868.624663) can0 2A1#0100010000000000
(1790951868.624759) can0 2A2#0000CCC6000003CA
(1790951868.624886) can0 2A3#0002B94BFFFD7389
(1790951868.625010) can0 2A4#00011AC6FFFD7B82
(1790951868.625136) can0 2A5#000007BF00000000
(1790951868.625259) can0 2A6#00000000FFFFFA7E
(1790951868.625386) can0 2A7#00005689FFFFF5D5
(1790951868.629665) can0 2A1#0100010000000000
(1790951868.629784) can0 2A2#0000CCC6000003CA
(1790951868.629915) can0 2A3#0002B94BFFFD7389
(1790951868.630011) can0 2A4#00011AC6FFFD7B82
(1790951868.630135) can0 2A5#000007BF00000000
(1790951868.630261) can0 2A6#00000000FFFFFA7E
(1790951868.630386) can0 2A7#00005689FFFFF5D5
(1790951868.634640) can0 2A1#0100010000000000
(1790951868.634761) can0 2A2#0000CCC6000003CA
(1790951868.634911) can0 2A3#0002B94BFFFD7389
(1790951868.635011) can0 2A4#00011AC6FFFD7B82
(1790951868.635136) can0 2A5#000007BF00000000
(1790951868.635260) can0 2A6#00000000FFFFFA7E
(1790951868.635389) can0 2A7#00005689FFFFF5D5
(1790951868.639662) can0 2A1#0100010000000000
(1790951868.639786) can0 2A2#0000CCC6000003CA
(1790951868.639911) can0 2A3#0002B94BFFFD7389
(1790951868.640011) can0 2A4#00011AC6FFFD7B82
(1790951868.640135) can0 2A5#000007BF00000000
(1790951868.640260) can0 2A6#00000000FFFFFA7E
(1790951868.640386) can0 2A7#00005689FFFFF5D5
(1790951868.644664) can0 2A1#0100010000000000
(1790951868.644790) can0 2A2#0000CCC6000003CA
(1790951868.644886) can0 2A3#0002B94BFFFD7389
(1790951868.645011) can0 2A4#00011AC6FFFD7B82
(1790951868.645135) can0 2A5#000007BF00000000
(1790951868.645261) can0 2A6#00000000FFFFFA7E
(1790951868.645386) can0 2A7#00005689FFFFF5D5
(1790951868.649666) can0 2A1#0100010000000000
(1790951868.649785) can0 2A2#0000CCC6000003CA
(1790951868.649910) can0 2A3#0002B94BFFFD7389
(1790951868.650035) can0 2A4#00011AC6FFFD7B82
(1790951868.650161) can0 2A5#000007BF00000000
(1790951868.650260) can0 2A6#00000000FFFFFA7E
(1790951868.650386) can0 2A7#00005689FFFFF5D5
(1790951868.654668) can0 2A1#0100010000000000
(1790951868.654761) can0 2A2#0000CCC6000003CA
(1790951868.654887) can0 2A3#0002B94BFFFD7389
(1790951868.655011) can0 2A4#00011AC6FFFD7B82
(1790951868.655110) can0 2A5#000007BF00000000
(1790951868.655236) can0 2A6#00000000FFFFFA7E
(1790951868.655386) can0 2A7#00005689FFFFF5D5
(1790951868.659676) can0 2A1#0100010000000000
(1790951868.659787) can0 2A2#0000CCC6000003CA
(1790951868.659911) can0 2A3#0002B94BFFFD7389
(1790951868.660011) can0 2A4#00011AC6FFFD7B82
(1790951868.660141) can0 2A5#000007BF00000000
(1790951868.660261) can0 2A6#00000000FFFFFA7E
(1790951868.660387) can0 2A7#00005689FFFFF5D5
(1790951868.664637) can0 2A1#0100010000000000
(1790951868.664761) can0 2A2#0000CCC6000003CA
(1790951868.664886) can0 2A3#0002B94BFFFD7389
(1790951868.665011) can0 2A4#00011AC6FFFD7B82
(1790951868.665136) can0 2A5#000007BF00000000
(1790951868.665261) can0 2A6#00000000FFFFFA7E
(1790951868.665361) can0 2A7#00005689FFFFF5D5
(1790951868.669664) can0 2A1#0100010000000000
(1790951868.669795) can0 2A2#0000CCC6000003CA
(1790951868.669913) can0 2A3#0002B94BFFFD7389
(1790951868.670010) can0 2A4#00011AC6FFFD7B82
(1790951868.670136) can0 2A5#000007BF00000000
(1790951868.670260) can0 2A6#00000000FFFFFA7E
(1790951868.670386) can0 2A7#00005689FFFFF5D5
(1790951868.674666) can0 2A1#0100010000000000
(1790951868.674760) can0 2A2#0000CCC6000003CA
(1790951868.674889) can0 2A3#0002B94BFFFD7389
(1790951868.675009) can0 2A4#00011AC6FFFD7B82
(1790951868.675137) can0 2A5#000007BF00000000
(1790951868.675261) can0 2A6#00000000FFFFFA7E
(1790951868.675385) can0 2A7#00005689FFFFF5D5
(1790951868.679669) can0 2A1#0100010000000000
(1790951868.679785) can0 2A2#0000CCC6000003CA
(1790951868.679912) can0 2A3#0002B94BFFFD7389
(1790951868.680010) can0 2A4#00011AC6FFFD7B82
(1790951868.680136) can0 2A5#000007BF00000000
(1790951868.680261) can0 2A6#00000000FFFFFA7E
(1790951868.680385) can0 2A7#00005689FFFFF5D5
(1790951868.684639) can0 2A1#0100010000000000
(1790951868.684760) can0 2A2#0000CCC6000003CA
(1790951868.684912) can0 2A3#0002B94BFFFD7389
(1790951868.685011) can0 2A4#00011AC6FFFD7B82
(1790951868.685136) can0 2A5#000007BF00000000
(1790951868.685260) can0 2A6#00000000FFFFFA7E
(1790951868.685386) can0 2A7#00005689FFFFF5D5
(1790951868.689666) can0 2A1#0100010000000000
(1790951868.689789) can0 2A2#0000CCC6000003CA
(1790951868.689913) can0 2A3#0002B94BFFFD7389
(1790951868.690014) can0 2A4#00011AC6FFFD7B82
(1790951868.690137) can0 2A5#000007BF00000000
(1790951868.690262) can0 2A6#00000000FFFFFA7E
(1790951868.690386) can0 2A7#00005689FFFFF5D5
(1790951868.694667) can0 2A1#0100010000000000
(1790951868.694762) can0 2A2#0000CCC6000003CA
(1790951868.694890) can0 2A3#0002B94BFFFD7389
(1790951868.695011) can0 2A4#00011AC6FFFD7B82
(1790951868.695136) can0 2A5#000007BF00000000
(1790951868.695261) can0 2A6#00000000FFFFFA7E
(1790951868.695386) can0 2A7#00005689FFFFF5D5
(1790951868.699666) can0 2A1#0100010000000000
(1790951868.699787) can0 2A2#0000CCC6000003CA
(1790951868.699912) can0 2A3#0002B94BFFFD7389
(1790951868.700011) can0 2A4#00011AC6FFFD7B82
(1790951868.700137) can0 2A5#000007BF00000000
(1790951868.700264) can0 2A6#00000000FFFFFA7E
(1790951868.700390) can0 2A7#00005689FFFFF5D5
(1790951868.704641) can0 2A1#0100010000000000
(1790951868.704765) can0 2A2#0000CCC6000003CA
(1790951868.704913) can0 2A3#0002B94BFFFD7389
(1790951868.705011) can0 2A4#00011AC6FFFD7B82
(1790951868.705136) can0 2A5#000007BF00000000
(1790951868.705261) can0 2A6#00000000FFFFFA7E
(1790951868.705362) can0 2A7#00005689FFFFF5D5
(1790951868.709668) can0 2A1#0100010000000000
(1790951868.709787) can0 2A2#0000CCC6000003CA
(1790951868.709912) can0 2A3#0002B94BFFFD7389
(1790951868.710011) can0 2A4#00011AC6FFFD7B82
(1790951868.710136) can0 2A5#000007BF00000000
(1790951868.710261) can0 2A6#00000000FFFFFA7E
(1790951868.710386) can0 2A7#00005689FFFFF5D5
(1790951868.714670) can0 2A1#0100010000000000
(1790951868.714762) can0 2A2#0000CCC6000003CA
(1790951868.714887) can0 2A3#0002B94BFFFD7389
(1790951868.715011) can0 2A4#00011AC6FFFD7B82
(1790951868.715136) can0 2A5#000007BF00000000
(1790951868.715261) can0 2A6#00000000FFFFFA7E
(1790951868.715361) can0 2A7#00005689FFFFF5D5
(1790951868.719666) can0 2A1#0100010000000000
(1790951868.719787) can0 2A2#0000CCC6000003CA
(1790951868.719912) can0 2A3#0002B94BFFFD7389
(1790951868.720011) can0 2A4#00011AC6FFFD7B82
(1790951868.720137) can0 2A5#000007BF00000000
(1790951868.720261) can0 2A6#00000000FFFFFA7E
(1790951868.720387) can0 2A7#00005689FFFFF5D5
(1790951868.724673) can0 2A1#0100010000000000
(1790951868.724789) can0 2A2#0000CCC6000003CA
(1790951868.724887) can0 2A3#0002B94BFFFD7389
(1790951868.725027) can0 2A4#00011AC6FFFD7B82
(1790951868.725138) can0 2A5#000007BF00000000
(1790951868.725263) can0 2A6#00000000FFFFFA7E
(1790951868.725386) can0 2A7#00005689FFFFF5D5
(1790951868.729667) can0 2A1#0100010000000000
(1790951868.729787) can0 2A2#0000CCC6000003CA
(1790951868.729913) can0 2A3#0002B94BFFFD7389
(1790951868.730037) can0 2A4#00011AC6FFFD7B82
(1790951868.730169) can0 2A5#000007BF00000000
(1790951868.730288) can0 2A6#00000000FFFFFA7E
(1790951868.730386) can0 2A7#00005689FFFFF5D5
(1790951868.734669) can0 2A1#0100010000000000
(1790951868.734788) can0 2A2#0000CCC6000003CA
(1790951868.734888) can0 2A3#0002B94BFFFD7389
(1790951868.735011) can0 2A4#00011AC6FFFD7B82
(1790951868.735138) can0 2A5#000007BF00000000
(1790951868.735237) can0 2A6#00000000FFFFFA7E
(1790951868.735387) can0 2A7#00005689FFFFF5D5
(1790951868.739669) can0 2A1#0100010000000000
(1790951868.739785) can0 2A2#0000CCC6000003CA
(1790951868.739912) can0 2A3#0002B94BFFFD7389
(1790951868.740010) can0 2A4#00011AC6FFFD7B82
(1790951868.740134) can0 2A5#000007BF00000000
(1790951868.740261) can0 2A6#00000000FFFFFA7E
(1790951868.740385) can0 2A7#00005689FFFFF5D5
(1790951868.744664) can0 2A1#0100010000000000
(1790951868.744764) can0 2A2#0000CCC6000003CA
(1790951868.744908) can0 2A3#0002B94BFFFD7389
(1790951868.745012) can0 2A4#00011AC6FFFD7B82
(1790951868.745136) can0 2A5#000007BF00000000
(1790951868.745263) can0 2A6#00000000FFFFFA7E
(1790951868.745387) can0 2A7#00005689FFFFF5D5
(1790951868.749686) can0 2A1#0100010000000000
(1790951868.749788) can0 2A2#0000CCC6000003CA
(1790951868.749912) can0 2A3#0002B94BFFFD7389
(1790951868.750012) can0 2A4#00011AC6FFFD7B82
(1790951868.750137) can0 2A5#000007BF00000000
(1790951868.750262) can0 2A6#00000000FFFFFA7E
(1790951868.750386) can0 2A7#00005689FFFFF5D5
(1790951868.754670) can0 2A1#0100010000000000
(1790951868.754787) can0 2A2#0000CCC6000003CA
(1790951868.754887) can0 2A3#0002B94BFFFD7389
(1790951868.755012) can0 2A4#00011AC6FFFD7B82
(1790951868.755136) can0 2A5#000007BF00000000
(1790951868.755260) can0 2A6#00000000FFFFFA7E
(1790951868.755360) can0 2A7#00005689FFFFF5D5
(1790951868.759693) can0 2A1#0100010000000000
(1790951868.759786) can0 2A2#0000CCC6000003CA
(1790951868.759911) can0 2A3#0002B94BFFFD7389
(1790951868.760011) can0 2A4#00011AC6FFFD7B82
(1790951868.760136) can0 2A5#000007BF00000000
(1790951868.760261) can0 2A6#00000000FFFFFA7E
(1790951868.760386) can0 2A7#00005689FFFFF5D5
(1790951868.764637) can0 2A1#0100010000000000
(1790951868.764760) can0 2A2#0000CCC6000003CA
(1790951868.764913) can0 2A3#0002B94BFFFD7389
(1790951868.765011) can0 2A4#00011AC6FFFD7B82
(1790951868.765136) can0 2A5#000007BF00000000
(1790951868.765260) can0 2A6#00000000FFFFFA7E
(1790951868.765386) can0 2A7#00005689FFFFF5D5
(1790951868.769667) can0 2A1#0100010000000000
(1790951868.769785) can0 2A2#0000CCC6000003CA
(1790951868.769913) can0 2A3#0002B94BFFFD7389
(1790951868.770011) can0 2A4#00011AC6FFFD7B82
(1790951868.770136) can0 2A5#000007BF00000000
(1790951868.770260) can0 2A6#00000000FFFFFA7E
(1790951868.770386) can0 2A7#00005689FFFFF5D5
(1790951868.774640) can0 2A1#0100010000000000
(1790951868.774765) can0 2A2#0000CCC6000003CA
(1790951868.774914) can0 2A3#0002B94BFFFD7389
(1790951868.775012) can0 2A4#00011AC6FFFD7B82
(1790951868.775137) can0 2A5#000007BF00000000
(1790951868.775261) can0 2A6#00000000FFFFFA7E
(1790951868.775387) can0 2A7#00005689FFFFF5D5
(1790951868.779664) can0 2A1#0100010000000000
(1790951868.779792) can0 2A2#0000CCC6000003CA
(1790951868.779913) can0 2A3#0002B94BFFFD7389
(1790951868.780036) can0 2A4#00011AC6FFFD7B82
(1790951868.780137) can0 2A5#000007BF00000000
(1790951868.780266) can0 2A6#00000000FFFFFA7E
(1790951868.780387) can0 2A7#00005689FFFFF5D5
(1790951868.784665) can0 2A1#0100010000000000
(1790951868.784760) can0 2A2#0000CCC6000003CA
(1790951868.784887) can0 2A3#0002B94BFFFD7389
(1790951868.785011) can0 2A4#00011AC6FFFD7B82
(1790951868.785147) can0 2A5#000007BF00000000
(1790951868.785262) can0 2A6#00000000FFFFFA7E
(1790951868.785387) can0 2A7#00005689FFFFF5D5
(1790951868.789671) can0 2A1#0100010000000000
(1790951868.789785) can0 2A2#0000CCC6000003CA
(1790951868.789913) can0 2A3#0002B94BFFFD7389
(1790951868.790011) can0 2A4#00011AC6FFFD7B82
(1790951868.790137) can0 2A5#000007BF00000000
(1790951868.790260) can0 2A6#00000000FFFFFA7E
(1790951868.790388) can0 2A7#00005689FFFFF5D5
(1790951868.794671) can0 2A1#0100010000000000
(1790951868.794760) can0 2A2#0000CCC6000003CA
(1790951868.794887) can0 2A3#0002B94BFFFD7389
(1790951868.795012) can0 2A4#00011AC6FFFD7B82
(1790951868.795137) can0 2A5#000007BF00000000
(1790951868.795261) can0 2A6#00000000FFFFFA7E
(1790951868.795388) can0 2A7#00005689FFFFF5D5
(1790951868.799669) can0 2A1#0100010000000000
(1790951868.799788) can0 2A2#0000CCC6000003CA
(1790951868.799913) can0 2A3#0002B94BFFFD7389
(1790951868.800013) can0 2A4#00011AC6FFFD7B82
(1790951868.800137) can0 2A5#000007BF00000000
(1790951868.800262) can0 2A6#00000000FFFFFA7E
(1790951868.800386) can0 2A7#00005689FFFFF5D5
(1790951868.804667) can0 2A1#0100010000000000
(1790951868.804788) can0 2A2#0000CCC6000003CA
(1790951868.804886) can0 2A3#0002B94BFFFD7389
(1790951868.805012) can0 2A4#00011AC6FFFD7B82
(1790951868.805138) can0 2A5#000007BF00000000
(1790951868.805262) can0 2A6#00000000FFFFFA7E
(1790951868.805387) can0 2A7#00005689FFFFF5D5
(1790951868.809670) can0 2A1#0100010000000000
(1790951868.809786) can0 2A2#0000CCC6000003CA
(1790951868.809914) can0 2A3#0002B94BFFFD7389
(1790951868.810012) can0 2A4#00011AC6FFFD7B82
(1790951868.810137) can0 2A5#000007BF00000000
(1790951868.810262) can0 2A6#00000000FFFFFA7E
(1790951868.810387) can0 2A7#00005689FFFFF5D5
(1790951868.814667) can0 2A1#0100010000000000
(1790951868.814762) can0 2A2#0000CCC6000003CA
(1790951868.814887) can0 2A3#0002B94BFFFD7389
(1790951868.815013) can0 2A4#00011AC6FFFD7B82
(1790951868.815137) can0 2A5#000007BF00000000
(1790951868.815262) can0 2A6#00000000FFFFFA7E
(1790951868.815385) can0 2A7#00005689FFFFF5D5
(1790951868.819675) can0 2A1#0100010000000000
(1790951868.819787) can0 2A2#0000CCC6000003CA
(1790951868.819914) can0 2A3#0002B94BFFFD7389
(1790951868.820012) can0 2A4#00011AC6FFFD7B82
(1790951868.820139) can0 2A5#000007BF00000000
(1790951868.820262) can0 2A6#00000000FFFFFA7E
(1790951868.820386) can0 2A7#00005689FFFFF5D5
(1790951868.824678) can0 2A1#0100010000000000
(1790951868.824786) can0 2A2#0000CCC6000003CA
(1790951868.824886) can0 2A3#0002B94BFFFD7389
(1790951868.825012) can0 2A4#00011AC6FFFD7B82
(1790951868.825112) can0 2A5#000007BF00000000
(1790951868.825262) can0 2A6#00000000FFFFFA7E
(1790951868.825361) can0 2A7#00005689FFFFF5D5
(1790951868.829669) can0 2A1#0100010000000000
(1790951868.829787) can0 2A2#0000CCC6000003CA
(1790951868.829912) can0 2A3#0002B94BFFFD7389
(1790951868.830011) can0 2A4#00011AC6FFFD7B82
(1790951868.830136) can0 2A5#000007BF00000000
(1790951868.830261) can0 2A6#00000000FFFFFA7E
(1790951868.830385) can0 2A7#00005689FFFFF5D5
(1790951868.834640) can0 2A1#0100010000000000
(1790951868.834762) can0 2A2#0000CCC6000003CA
(1790951868.834912) can0 2A3#0002B94BFFFD7389
(1790951868.835012) can0 2A4#00011AC6FFFD7B82
(1790951868.835136) can0 2A5#000007BF00000000
(1790951868.835262) can0 2A6#00000000FFFFFA7E
(1790951868.835385) can0 2A7#00005689FFFFF5D5
(1790951868.839678) can0 2A1#0100010000000000
(1790951868.839789) can0 2A2#0000CCC6000003CA
(1790951868.839913) can0 2A3#0002B94BFFFD7389
(1790951868.840040) can0 2A4#00011AC6FFFD7B82
(1790951868.840163) can0 2A5#000007BF00000000
(1790951868.840287) can0 2A6#00000000FFFFFA7E
(1790951868.840385) can0 2A7#00005689FFFFF5D5
(1790951868.844648) can0 2A1#0100010000000000
(1790951868.844761) can0 2A2#0000CCC6000003CA
(1790951868.844913) can0 2A3#0002B94BFFFD7389
(1790951868.845012) can0 2A4#00011AC6FFFD7B82
(1790951868.845138) can0 2A5#000007BF00000000
(1790951868.845262) can0 2A6#00000000FFFFFA7E
(1790951868.845360) can0 2A7#00005689FFFFF5D5
(1790951868.849675) can0 2A1#0100010000000000
(1790951868.849787) can0 2A2#0000CCC6000003CA
(1790951868.849913) can0 2A3#0002B94BFFFD7389
(1790951868.850013) can0 2A4#00011AC6FFFD7B82
(1790951868.850136) can0 2A5#000007BF00000000
(1790951868.850260) can0 2A6#00000000FFFFFA7E
(1790951868.850388) can0 2A7#00005689FFFFF5D5
(1790951868.854672) can0 2A1#0100010000000000
(1790951868.854789) can0 2A2#0000CCC6000003CA
(1790951868.854914) can0 2A3#0002B94BFFFD7389
(1790951868.855013) can0 2A4#00011AC6FFFD7B82
(1790951868.855139) can0 2A5#000007BF00000000
(1790951868.855263) can0 2A6#00000000FFFFFA7E
(1790951868.855389) can0 2A7#00005689FFFFF5D5
(1790951868.859671) can0 2A1#0100010000000000
(1790951868.859786) can0 2A2#0000CCC6000003CA
(1790951868.859913) can0 2A3#0002B94BFFFD7389
(1790951868.860036) can0 2A4#00011AC6FFFD7B82
(1790951868.860162) can0 2A5#000007BF00000000
(1790951868.860286) can0 2A6#00000000FFFFFA7E
(1790951868.860387) can0 2A7#00005689FFFFF5D5
(1790951868.864639) can0 2A1#0100010000000000
(1790951868.864761) can0 2A2#0000CCC6000003CA
(1790951868.864911) can0 2A3#0002B94BFFFD7389
(1790951868.865013) can0 2A4#00011AC6FFFD7B82
(1790951868.865135) can0 2A5#000007BF00000000
(1790951868.865262) can0 2A6#00000000FFFFFA7E
(1790951868.865386) can0 2A7#00005689FFFFF5D5
(1790951868.869672) can0 2A1#0100010000000000
(1790951868.869786) can0 2A2#0000CCC6000003CA
(1790951868.869911) can0 2A3#0002B94BFFFD7389
(1790951868.870013) can0 2A4#00011AC6FFFD7B82
(1790951868.870136) can0 2A5#000007BF00000000
(1790951868.870262) can0 2A6#00000000FFFFFA7E
(1790951868.870386) can0 2A7#00005689FFFFF5D5
(1790951868.874650) can0 2A1#0100010000000000
(1790951868.874761) can0 2A2#0000CCC6000003CA
(1790951868.874913) can0 2A3#0002B94BFFFD7389
(1790951868.875011) can0 2A4#00011AC6FFFD7B82
(1790951868.875138) can0 2A5#000007BF00000000
(1790951868.875262) can0 2A6#00000000FFFFFA7E
(1790951868.875386) can0 2A7#00005689FFFFF5D5
(1790951868.879676) can0 2A1#0100010000000000
(1790951868.879785) can0 2A2#0000CCC6000003CA
(1790951868.879910) can0 2A3#0002B94BFFFD7389
(1790951868.880009) can0 2A4#00011AC6FFFD7B82
(1790951868.880136) can0 2A5#000007BF00000000
(1790951868.880290) can0 2A6#00000000FFFFFA7E
(1790951868.880386) can0 2A7#00005689FFFFF5D5
(1790951868.884640) can0 2A1#0100010000000000
(1790951868.884791) can0 2A2#0000CCC6000003CA
(1790951868.884912) can0 2A3#0002B94BFFFD7389
(1790951868.885011) can0 2A4#00011AC6FFFD7B82
(1790951868.885136) can0 2A5#000007BF00000000
(1790951868.885261) can0 2A6#00000000FFFFFA7E
(1790951868.885363) can0 2A7#00005689FFFFF5D5
(1790951868.889668) can0 2A1#0100010000000000
(1790951868.889787) can0 2A2#0000CCC6000003CA
(1790951868.889914) can0 2A3#0002B94BFFFD7389
(1790951868.890012) can0 2A4#00011AC6FFFD7B82
(1790951868.890136) can0 2A5#000007BF00000000
(1790951868.890262) can0 2A6#00000000FFFFFA7E
(1790951868.890386) can0 2A7#00005689FFFFF5D5
(1790951868.894662) can0 2A1#0100010000000000
(1790951868.894761) can0 2A2#0000CCC6000003CA
(1790951868.894914) can0 2A3#0002B94BFFFD7389
(1790951868.895013) can0 2A4#00011AC6FFFD7B82
(1790951868.895137) can0 2A5#000007BF00000000
(1790951868.895262) can0 2A6#00000000FFFFFA7E
(1790951868.895388) can0 2A7#00005689FFFFF5D5
(1790951868.899669) can0 2A1#0100010000000000
(1790951868.899788) can0 2A2#0000CCC6000003CA
(1790951868.899913) can0 2A3#0002B94BFFFD7389
(1790951868.900010) can0 2A4#00011AC6FFFD7B82
(1790951868.900136) can0 2A5#000007BF00000000
(1790951868.900263) can0 2A6#00000000FFFFFA7E
(1790951868.900386) can0 2A7#00005689FFFFF5D5
(1790951868.904642) can0 2A1#0100010000000000
(1790951868.904759) can0 2A2#0000CCC6000003CA
(1790951868.904912) can0 2A3#0002B94BFFFD7389
(1790951868.905012) can0 2A4#00011AC6FFFD7B82
(1790951868.905137) can0 2A5#000007BF00000000
(1790951868.905262) can0 2A6#00000000FFFFFA7E
(1790951868.905387) can0 2A7#00005689FFFFF5D5
(1790951868.909666) can0 2A1#0100010000000000
(1790951868.909784) can0 2A2#0000CCC6000003CA
(1790951868.909911) can0 2A3#0002B94BFFFD7389
(1790951868.910011) can0 2A4#00011AC6FFFD7B82
(1790951868.910135) can0 2A5#000007BF00000000
(1790951868.910286) can0 2A6#00000000FFFFFA7E
(1790951868.910385) can0 2A7#00005689FFFFF5D5
(1790951868.914665) can0 2A1#0100010000000000
(1790951868.914760) can0 2A2#0000CCC6000003CA
(1790951868.914888) can0 2A3#0002B94BFFFD7389
(1790951868.915011) can0 2A4#00011AC6FFFD7B82
(1790951868.915137) can0 2A5#000007BF00000000
(1790951868.915267) can0 2A6#00000000FFFFFA7E
(1790951868.915385) can0 2A7#00005689FFFFF5D5
(1790951868.919668) can0 2A1#0100010000000000
(1790951868.919791) can0 2A2#0000CCC6000003CA
(1790951868.919914) can0 2A3#0002B94BFFFD7389
(1790951868.920011) can0 2A4#00011AC6FFFD7B82
(1790951868.920136) can0 2A5#000007BF00000000
(1790951868.920262) can0 2A6#00000000FFFFFA7E
(1790951868.920385) can0 2A7#00005689FFFFF5D5
(1790951868.924665) can0 2A1#0100010000000000
(1790951868.924760) can0 2A2#0000CCC6000003CA
(1790951868.924887) can0 2A3#0002B94BFFFD7389
(1790951868.925011) can0 2A4#00011AC6FFFD7B82
(1790951868.925142) can0 2A5#000007BF00000000
(1790951868.925262) can0 2A6#00000000FFFFFA7E
(1790951868.925388) can0 2A7#00005689FFFFF5D5
(1790951868.929670) can0 2A1#0100010000000000
(1790951868.929785) can0 2A2#0000CCC6000003CA
(1790951868.929914) can0 2A3#0002B94BFFFD7389
(1790951868.930011) can0 2A4#00011AC6FFFD7B82
(1790951868.930163) can0 2A5#000007BF00000000
(1790951868.930294) can0 2A6#00000000FFFFFA7E
(1790951868.930387) can0 2A7#00005689FFFFF5D5
(1790951868.934639) can0 2A1#0100010000000000
(1790951868.934794) can0 2A2#0000CCC6000003CA
(1790951868.934913) can0 2A3#0002B94BFFFD7389
(1790951868.935013) can0 2A4#00011AC6FFFD7B82
(1790951868.935137) can0 2A5#000007BF00000000
(1790951868.935262) can0 2A6#00000000FFFFFA7E
(1790951868.935362) can0 2A7#00005689FFFFF5D5
(1790951868.939668) can0 2A1#0100010000000000
(1790951868.939785) can0 2A2#0000CCC6000003CA
(1790951868.939912) can0 2A3#0002B94BFFFD7389
(1790951868.940044) can0 2A4#00011AC6FFFD7B82
(1790951868.940135) can0 2A5#000007BF00000000
(1790951868.940263) can0 2A6#00000000FFFFFA7E
(1790951868.940386) can0 2A7#00005689FFFFF5D5
(1790951868.944670) can0 2A1#0100010000000000
(1790951868.944761) can0 2A2#0000CCC6000003CA
(1790951868.944887) can0 2A3#0002B94BFFFD7389
(1790951868.945019) can0 2A4#00011AC6FFFD7B82
(1790951868.945136) can0 2A5#000007BF00000000
(1790951868.945262) can0 2A6#00000000FFFFFA7E
(1790951868.945386) can0 2A7#00005689FFFFF5D5
(1790951868.949668) can0 2A1#0100010000000000
(1790951868.949786) can0 2A2#0000CCC6000003CA
(1790951868.949911) can0 2A3#0002B94BFFFD7389
(1790951868.950018) can0 2A4#00011AC6FFFD7B82
(1790951868.950137) can0 2A5#000007BF00000000
(1790951868.950266) can0 2A6#00000000FFFFFA7E
(1790951868.950386) can0 2A7#00005689FFFFF5D5
(1790951868.954644) can0 2A1#0100010000000000
(1790951868.954763) can0 2A2#0000CCC6000003CA
(1790951868.954913) can0 2A3#0002B94BFFFD7389
(1790951868.955011) can0 2A4#00011AC6FFFD7B82
(1790951868.955137) can0 2A5#000007BF00000000
(1790951868.955263) can0 2A6#00000000FFFFFA7E
(1790951868.955387) can0 2A7#00005689FFFFF5D5
(1790951868.959672) can0 2A1#0100010000000000
(1790951868.959785) can0 2A2#0000CCC6000003CA
(1790951868.959914) can0 2A3#0002B94BFFFD7389
(1790951868.960012) can0 2A4#00011AC6FFFD7B82
(1790951868.960137) can0 2A5#000007BF00000000
(1790951868.960286) can0 2A6#00000000FFFFFA7E
(1790951868.960388) can0 2A7#00005689FFFFF5D5
(1790951868.964664) can0 2A1#0100010000000000
(1790951868.964763) can0 2A2#0000CCC6000003CA
(1790951868.964890) can0 2A3#0002B94BFFFD7389
(1790951868.965010) can0 2A4#00011AC6FFFD7B82
(1790951868.965137) can0 2A5#000007BF00000000
(1790951868.965262) can0 2A6#00000000FFFFFA7E
(1790951868.965388) can0 2A7#00005689FFFFF5D5
(1790951868.969662) can0 2A1#0100010000000000
(1790951868.969786) can0 2A2#0000CCC6000003CA
(1790951868.969913) can0 2A3#0002B94BFFFD7389
(1790951868.970011) can0 2A4#00011AC6FFFD7B82
(1790951868.970136) can0 2A5#000007BF00000000
(1790951868.970262) can0 2A6#00000000FFFFFA7E
(1790951868.970387) can0 2A7#00005689FFFFF5D5
(1790951868.974661) can0 2A1#0100010000000000
(1790951868.974761) can0 2A2#0000CCC6000003CA
(1790951868.974887) can0 2A3#0002B94BFFFD7389
(1790951868.975011) can0 2A4#00011AC6FFFD7B82
(1790951868.975135) can0 2A5#000007BF00000000
(1790951868.975262) can0 2A6#00000000FFFFFA7E
(1790951868.975387) can0 2A7#00005689FFFFF5D5
(1790951868.979664) can0 2A1#0100010000000000
(1790951868.979785) can0 2A2#0000CCC6000003CA
(1790951868.979912) can0 2A3#0002B94BFFFD7389
(1790951868.980011) can0 2A4#00011AC6FFFD7B82
(1790951868.980137) can0 2A5#000007BF00000000
(1790951868.980262) can0 2A6#00000000FFFFFA7E
(1790951868.980386) can0 2A7#00005689FFFFF5D5
(1790951868.984666) can0 2A1#0100010000000000
(1790951868.984799) can0 2A2#0000CCC6000003CA
(1790951868.984913) can0 2A3#0002B94BFFFD7389
(1790951868.985010) can0 2A4#00011AC6FFFD7B82
(1790951868.985135) can0 2A5#000007BF00000000
(1790951868.985263) can0 2A6#00000000FFFFFA7E
(1790951868.985360) can0 2A7#00005689FFFFF5D5
(1790951868.989664) can0 2A1#0100010000000000
(1790951868.989789) can0 2A2#0000CCC6000003CA
(1790951868.989912) can0 2A3#0002B94BFFFD7389
(1790951868.990036) can0 2A4#00011AC6FFFD7B82
(1790951868.990139) can0 2A5#000007BF00000000
(1790951868.990262) can0 2A6#00000000FFFFFA7E
(1790951868.990386) can0 2A7#00005689FFFFF5D5
(1790951868.994661) can0 2A1#0100010000000000
(1790951868.994796) can0 2A2#0000CCC6000003CA
(1790951868.994888) can0 2A3#0002B94BFFFD7389
(1790951868.995010) can0 2A4#00011AC6FFFD7B82
(1790951868.995137) can0 2A5#000007BF00000000
(1790951868.995237) can0 2A6#00000000FFFFFA7E
(1790951868.995386) can0 2A7#00005689FFFFF5D5
(1790951868.999672) can0 2A1#0100010000000000
(1790951868.999825) can0 2A2#0000CCC6000003CA
(1790951868.999911) can0 2A3#0002B94BFFFD7389
(1790951869.000035) can0 2A4#00011AC6FFFD7B82
(1790951869.000162) can0 2A5#000007BF00000000
(1790951869.000287) can0 2A6#00000000FFFFFA7E
(1790951869.000388) can0 2A7#00005689FFFFF5D5
(1790951869.004643) can0 2A1#0100010000000000
(1790951869.004789) can0 2A2#0000CCC6000003CA
(1790951869.004911) can0 2A3#0002B94BFFFD7389
(1790951869.005013) can0 2A4#00011AC6FFFD7B82
(1790951869.005135) can0 2A5#000007BF00000000
(1790951869.005261) can0 2A6#00000000FFFFFA7E
(1790951869.005388) can0 2A7#00005689FFFFF5D5
(1790951869.009667) can0 2A1#0100010000000000
(1790951869.009786) can0 2A2#0000CCC6000003CA
(1790951869.009913) can0 2A3#0002B94BFFFD7389
(1790951869.010036) can0 2A4#00011AC6FFFD7B82
(1790951869.010163) can0 2A5#000007BF00000000
(1790951869.010260) can0 2A6#00000000FFFFFA7E
(1790951869.010385) can0 2A7#00005689FFFFF5D5
(1790951869.014667) can0 2A1#0100010000000000
(1790951869.014761) can0 2A2#0000CCC6000003CA
(1790951869.014889) can0 2A3#0002B94BFFFD7389
(1790951869.015011) can0 2A4#00011AC6FFFD7B82
(1790951869.015137) can0 2A5#000007BF00000000
(1790951869.015262) can0 2A6#00000000FFFFFA7E
(1790951869.015388) can0 2A7#00005689FFFFF5D5
(1790951869.019668) can0 2A1#0100010000000000
(1790951869.019787) can0 2A2#0000CCC6000003CA
(1790951869.019911) can0 2A3#0002B94BFFFD7389
(1790951869.020037) can0 2A4#00011AC6FFFD7B82
(1790951869.020163) can0 2A5#000007BF00000000
(1790951869.020286) can0 2A6#00000000FFFFFA7E
(1790951869.020387) can0 2A7#00005689FFFFF5D5
(1790951869.024665) can0 2A1#0100010000000000
(1790951869.024761) can0 2A2#0000CCC6000003CA
(1790951869.024888) can0 2A3#0002B94BFFFD7389
(1790951869.025013) can0 2A4#00011AC6FFFD7B82
(1790951869.025137) can0 2A5#000007BF00000000
(1790951869.025261) can0 2A6#00000000FFFFFA7E
(1790951869.025386) can0 2A7#00005689FFFFF5D5
(1790951869.029680) can0 2A1#0100010000000000
(1790951869.029786) can0 2A2#0000CCC6000003CA
(1790951869.029912) can0 2A3#0002B94BFFFD7389
(1790951869.030036) can0 2A4#00011AC6FFFD7B82
(1790951869.030163) can0 2A5#000007BF00000000
(1790951869.030261) can0 2A6#00000000FFFFFA7E
(1790951869.030387) can0 2A7#00005689FFFFF5D5
(1790951869.034666) can0 2A1#0100010000000000
(1790951869.034762) can0 2A2#0000CCC6000003CA
(1790951869.034913) can0 2A3#0002B94BFFFD7389
(1790951869.035013) can0 2A4#00011AC6FFFD7B82
(1790951869.035136) can0 2A5#000007BF00000000
(1790951869.035261) can0 2A6#00000000FFFFFA7E
(1790951869.035386) can0 2A7#00005689FFFFF5D5
(1790951869.039669) can0 2A1#0100010000000000
(1790951869.039787) can0 2A2#0000CCC6000003CA
(1790951869.039912) can0 2A3#0002B94BFFFD7389
(1790951869.040037) can0 2A4#00011AC6FFFD7B82
(1790951869.040163) can0 2A5#000007BF00000000
(1790951869.040261) can0 2A6#00000000FFFFFA7E
(1790951869.040388) can0 2A7#00005689FFFFF5D5
(1790951869.044665) can0 2A1#0100010000000000
(1790951869.044760) can0 2A2#0000CCC6000003CA
(1790951869.044888) can0 2A3#0002B94BFFFD7389
(1790951869.045013) can0 2A4#00011AC6FFFD7B82
(1790951869.045137) can0 2A5#000007BF00000000
(1790951869.045262) can0 2A6#00000000FFFFFA7E
(1790951869.045385) can0 2A7#00005689FFFFF5D5
(1790951869.049682) can0 2A1#0100010000000000
(1790951869.049786) can0 2A2#0000CCC6000003CA
(1790951869.049913) can0 2A3#0002B94BFFFD7389
(1790951869.050011) can0 2A4#00011AC6FFFD7B82
(1790951869.050137) can0 2A5#000007BF00000000
(1790951869.050261) can0 2A6#00000000FFFFFA7E
(1790951869.050388) can0 2A7#00005689FFFFF5D5
(1790951869.054642) can0 2A1#0100010000000000
(1790951869.054761) can0 2A2#0000CCC6000003CA
(1790951869.054913) can0 2A3#0002B94BFFFD7389
(1790951869.055013) can0 2A4#00011AC6FFFD7B82
(1790951869.055137) can0 2A5#000007BF00000000
(1790951869.055261) can0 2A6#00000000FFFFFA7E
(1790951869.055385) can0 2A7#00005689FFFFF5D5
(1790951869.059671) can0 2A1#0100010000000000
(1790951869.059788) can0 2A2#0000CCC6000003CA
(1790951869.059913) can0 2A3#0002B94BFFFD7389
(1790951869.060038) can0 2A4#00011AC6FFFD7B82
(1790951869.060163) can0 2A5#000007BF00000000
(1790951869.060263) can0 2A6#00000000FFFFFA7E
(1790951869.060386) can0 2A7#00005689FFFFF5D5
(1790951869.064666) can0 2A1#0100010000000000
(1790951869.064765) can0 2A2#0000CCC6000003CA
(1790951869.064915) can0 2A3#0002B94BFFFD7389
(1790951869.065014) can0 2A4#00011AC6FFFD7B82
(1790951869.065139) can0 2A5#000007BF00000000
(1790951869.065262) can0 2A6#00000000FFFFFA7E
(1790951869.065386) can0 2A7#00005689FFFFF5D5
(1790951869.069672) can0 2A1#0100010000000000
(1790951869.069786) can0 2A2#0000CCC6000003CA
(1790951869.069913) can0 2A3#0002B94BFFFD7389
(1790951869.070036) can0 2A4#00011AC6FFFD7B82
(1790951869.070163) can0 2A5#000007BF00000000
(1790951869.070288) can0 2A6#00000000FFFFFA7E
(1790951869.070386) can0 2A7#00005689FFFFF5D5
(1790951869.074664) can0 2A1#0100010000000000
(1790951869.074764) can0 2A2#0000CCC6000003CA
(1790951869.074914) can0 2A3#0002B94BFFFD7389
(1790951869.075013) can0 2A4#00011AC6FFFD7B82
(1790951869.075138) can0 2A5#000007BF00000000
(1790951869.075262) can0 2A6#00000000FFFFFA7E
(1790951869.075388) can0 2A7#00005689FFFFF5D5
(1790951869.079669) can0 2A1#0100010000000000
(1790951869.079788) can0 2A2#0000CCC6000003CA
(1790951869.079913) can0 2A3#0002B94BFFFD7389
(1790951869.080010) can0 2A4#00011AC6FFFD7B82
(1790951869.080137) can0 2A5#000007BF00000000
(1790951869.080288) can0 2A6#00000000FFFFFA7E
(1790951869.080388) can0 2A7#00005689FFFFF5D5
(1790951869.084677) can0 2A1#0100010000000000
(1790951869.084786) can0 2A2#0000CCC6000003CA
(1790951869.084913) can0 2A3#0002B94BFFFD7389
(1790951869.085013) can0 2A4#00011AC6FFFD7B82
(1790951869.085136) can0 2A5#000007BF00000000
(1790951869.085263) can0 2A6#00000000FFFFFA7E
(1790951869.085388) can0 2A7#00005689FFFFF5D5
(1790951869.089669) can0 2A1#0100010000000000
(1790951869.089787) can0 2A2#0000CCC6000003CA
(1790951869.089913) can0 2A3#0002B94BFFFD7389
(1790951869.090013) can0 2A4#00011AC6FFFD7B82
(1790951869.090135) can0 2A5#000007BF00000000
(1790951869.090260) can0 2A6#00000000FFFFFA7E
(1790951869.090387) can0 2A7#00005689FFFFF5D5
(1790951869.094664) can0 2A1#0100010000000000
(1790951869.094786) can0 2A2#0000CCC6000003CA
(1790951869.094888) can0 2A3#0002B94BFFFD7389
(1790951869.095013) can0 2A4#00011AC6FFFD7B82
(1790951869.095136) can0 2A5#000007BF00000000
(1790951869.095262) can0 2A6#00000000FFFFFA7E
(1790951869.095386) can0 2A7#00005689FFFFF5D5
(1790951869.099681) can0 2A1#0100010000000000
(1790951869.099789) can0 2A2#0000CCC6000003CA
(1790951869.099915) can0 2A3#0002B94BFFFD7389
(1790951869.100011) can0 2A4#00011AC6FFFD7B82
(1790951869.100138) can0 2A5#000007BF00000000
(1790951869.100261) can0 2A6#00000000FFFFFA7E
(1790951869.100389) can0 2A7#00005689FFFFF5D5
(1790951869.104647) can0 2A1#0100010000000000
(1790951869.104762) can0 2A2#0000CCC6000003CA
(1790951869.104913) can0 2A3#0002B94BFFFD7389
(1790951869.105013) can0 2A4#00011AC6FFFD7B82
(1790951869.105136) can0 2A5#000007BF00000000
(1790951869.105261) can0 2A6#00000000FFFFFA7E
(1790951869.105391) can0 2A7#00005689FFFFF5D5
(1790951869.109671) can0 2A1#0100010000000000
(1790951869.109786) can0 2A2#0000CCC6000003CA
(1790951869.109915) can0 2A3#0002B94BFFFD7389
(1790951869.110038) can0 2A4#00011AC6FFFD7B82
(1790951869.110136) can0 2A5#000007BF00000000
(1790951869.110262) can0 2A6#00000000FFFFFA7E
(1790951869.110387) can0 2A7#00005689FFFFF5D5
(1790951869.114662) can0 2A1#0100010000000000
(1790951869.114764) can0 2A2#0000CCC6000003CA
(1790951869.114915) can0 2A3#0002B94BFFFD7389
(1790951869.115011) can0 2A4#00011AC6FFFD7B82
(1790951869.115136) can0 2A5#000007BF00000000
(1790951869.115262) can0 2A6#00000000FFFFFA7E
(1790951869.115385) can0 2A7#00005689FFFFF5D5
(1790951869.119667) can0 2A1#0100010000000000
(1790951869.119791) can0 2A2#0000CCC6000003CA
(1790951869.119914) can0 2A3#0002B94BFFFD7389
(1790951869.120044) can0 2A4#00011AC6FFFD7B82
(1790951869.120162) can0 2A5#000007BF00000000
(1790951869.120287) can0 2A6#00000000FFFFFA7E
(1790951869.120386) can0 2A7#00005689FFFFF5D5
(1790951869.124669) can0 2A1#0100010000000000
(1790951869.124783) can0 2A2#0000CCC6000003CA
(1790951869.124885) can0 2A3#0002B94BFFFD7389
(1790951869.125010) can0 2A4#00011AC6FFFD7B82
(1790951869.125135) can0 2A5#000007BF00000000
(1790951869.125261) can0 2A6#00000000FFFFFA7E
(1790951869.125383) can0 2A7#00005689FFFFF5D5
(1790951869.129697) can0 2A1#0100010000000000
(1790951869.129786) can0 2A2#0000CCC6000003CA
(1790951869.129914) can0 2A3#0002B94BFFFD7389
(1790951869.130011) can0 2A4#00011AC6FFFD7B82
(1790951869.130139) can0 2A5#000007BF00000000
(1790951869.130263) can0 2A6#00000000FFFFFA7E
(1790951869.130388) can0 2A7#00005689FFFFF5D5
(1790951869.134667) can0 2A1#0100010000000000
(1790951869.134765) can0 2A2#0000CCC6000003CA
(1790951869.134915) can0 2A3#0002B94BFFFD7389
(1790951869.135013) can0 2A4#00011AC6FFFD7B82
(1790951869.135138) can0 2A5#000007BF00000000
(1790951869.135261) can0 2A6#00000000FFFFFA7E
(1790951869.135388) can0 2A7#00005689FFFFF5D5
(1790951869.139670) can0 2A1#0100010000000000
(1790951869.139784) can0 2A2#0000CCC6000003CA
(1790951869.139912) can0 2A3#0002B94BFFFD7389
(1790951869.140013) can0 2A4#00011AC6FFFD7B82
(1790951869.140138) can0 2A5#000007BF00000000
(1790951869.140263) can0 2A6#00000000FFFFFA7E
(1790951869.140386) can0 2A7#00005689FFFFF5D5
(1790951869.144669) can0 2A1#0100010000000000
(1790951869.144766) can0 2A2#0000CCC6000003CA
(1790951869.144889) can0 2A3#0002B94BFFFD7389
(1790951869.145013) can0 2A4#00011AC6FFFD7B82
(1790951869.145136) can0 2A5#000007BF00000000
(1790951869.145263) can0 2A6#00000000FFFFFA7E
(1790951869.145388) can0 2A7#00005689FFFFF5D5
(1790951869.149678) can0 2A1#0100010000000000
(1790951869.149786) can0 2A2#0000CCC6000003CA
(1790951869.149913) can0 2A3#0002B94BFFFD7389
(1790951869.150013) can0 2A4#00011AC6FFFD7B82
(1790951869.150136) can0 2A5#000007BF00000000
(1790951869.150263) can0 2A6#00000000FFFFFA7E
(1790951869.150386) can0 2A7#00005689FFFFF5D5
(1790951869.154668) can0 2A1#0100010000000000
(1790951869.154786) can0 2A2#0000CCC6000003CA
(1790951869.154913) can0 2A3#0002B94BFFFD7389
(1790951869.155011) can0 2A4#00011AC6FFFD7B82
(1790951869.155138) can0 2A5#000007BF00000000
(1790951869.155261) can0 2A6#00000000FFFFFA7E
(1790951869.155386) can0 2A7#00005689FFFFF5D5
(1790951869.159665) can0 2A1#0100010000000000
(1790951869.159786) can0 2A2#0000CCC6000003CA
(1790951869.159913) can0 2A3#0002B94BFFFD7389
(1790951869.160038) can0 2A4#00011AC6FFFD7B82
(1790951869.160136) can0 2A5#000007BF00000000
(1790951869.160263) can0 2A6#00000000FFFFFA7E
(1790951869.160386) can0 2A7#00005689FFFFF5D5
(1790951869.164664) can0 2A1#0100010000000000
(1790951869.164791) can0 2A2#0000CCC6000003CA
(1790951869.164888) can0 2A3#0002B94BFFFD7389
(1790951869.165012) can0 2A4#00011AC6FFFD7B82
(1790951869.165139) can0 2A5#000007BF00000000
(1790951869.165261) can0 2A6#00000000FFFFFA7E
(1790951869.165388) can0 2A7#00005689FFFFF5D5
(1790951869.169692) can0 2A1#0100010000000000
(1790951869.169788) can0 2A2#0000CCC6000003CA
(1790951869.169911) can0 2A3#0002B94BFFFD7389
(1790951869.170011) can0 2A4#00011AC6FFFD7B82
(1790951869.170138) can0 2A5#000007BF00000000
(1790951869.170262) can0 2A6#00000000FFFFFA7E
(1790951869.170388) can0 2A7#00005689FFFFF5D5
(1790951869.174663) can0 2A1#0100010000000000
(1790951869.174788) can0 2A2#0000CCC6000003CA
(1790951869.174886) can0 2A3#0002B94BFFFD7389
(1790951869.175013) can0 2A4#00011AC6FFFD7B82
(1790951869.175136) can0 2A5#000007BF00000000
(1790951869.175261) can0 2A6#00000000FFFFFA7E
(1790951869.175386) can0 2A7#00005689FFFFF5D5
(1790951869.179664) can0 2A1#0100010000000000
(1790951869.179788) can0 2A2#0000CCC6000003CA
(1790951869.179914) can0 2A3#0002B94BFFFD7389
(1790951869.180011) can0 2A4#00011AC6FFFD7B82
(1790951869.180136) can0 2A5#000007BF00000000
(1790951869.180261) can0 2A6#00000000FFFFFA7E
(1790951869.180388) can0 2A7#00005689FFFFF5D5
(1790951869.184673) can0 2A1#0100010000000000
(1790951869.184762) can0 2A2#0000CCC6000003CA
(1790951869.184917) can0 2A3#0002B94BFFFD7389
(1790951869.185012) can0 2A4#00011AC6FFFD7B82
(1790951869.185137) can0 2A5#000007BF00000000
(1790951869.185265) can0 2A6#00000000FFFFFA7E
(1790951869.185388) can0 2A7#00005689FFFFF5D5
(1790951869.189667) can0 2A1#0100010000000000
(1790951869.189795) can0 2A2#0000CCC6000003CA
(1790951869.189913) can0 2A3#0002B94BFFFD7389
(1790951869.190039) can0 2A4#00011AC6FFFD7B82
(1790951869.190162) can0 2A5#000007BF00000000
(1790951869.190289) can0 2A6#00000000FFFFFA7E
(1790951869.190387) can0 2A7#00005689FFFFF5D5
(1790951869.194665) can0 2A1#0100010000000000
(1790951869.194762) can0 2A2#0000CCC6000003CA
(1790951869.194889) can0 2A3#0002B94BFFFD7389
(1790951869.195011) can0 2A4#00011AC6FFFD7B82
(1790951869.195136) can0 2A5#000007BF00000000
(1790951869.195263) can0 2A6#00000000FFFFFA7E
(1790951869.195387) can0 2A7#00005689FFFFF5D5
(1790951869.199682) can0 2A1#0100010000000000
(1790951869.199792) can0 2A2#0000CCC6000003CA
(1790951869.199914) can0 2A3#0002B94BFFFD7389
(1790951869.200039) can0 2A4#00011AC6FFFD7B82
(1790951869.200162) can0 2A5#000007BF00000000
(1790951869.200286) can0 2A6#00000000FFFFFA7E
(1790951869.200386) can0 2A7#00005689FFFFF5D5
(1790951869.204673) can0 2A1#0100010000000000
(1790951869.204787) can0 2A2#0000CCC6000003CA
(1790951869.204913) can0 2A3#0002B94BFFFD7389
(1790951869.205012) can0 2A4#00011AC6FFFD7B82
(1790951869.205140) can0 2A5#000007BF00000000
(1790951869.205264) can0 2A6#00000000FFFFFA7E
(1790951869.205388) can0 2A7#00005689FFFFF5D5
(1790951869.209677) can0 2A1#0100010000000000
(1790951869.209793) can0 2A2#0000CCC6000003CA
(1790951869.209917) can0 2A3#0002B94BFFFD7389
(1790951869.210012) can0 2A4#00011AC6FFFD7B82
(1790951869.210139) can0 2A5#000007BF00000000
(1790951869.210265) can0 2A6#00000000FFFFFA7E
(1790951869.210388) can0 2A7#00005689FFFFF5D5
(1790951869.214667) can0 2A1#0100010000000000
(1790951869.214767) can0 2A2#0000CCC6000003CA
(1790951869.214913) can0 2A3#0002B94BFFFD7389
(1790951869.215014) can0 2A4#00011AC6FFFD7B82
(1790951869.215139) can0 2A5#000007BF00000000
(1790951869.215264) can0 2A6#00000000FFFFFA7E
(1790951869.215388) can0 2A7#00005689FFFFF5D5
(1790951869.219668) can0 2A1#0100010000000000
(1790951869.219786) can0 2A2#0000CCC6000003CA
(1790951869.219914) can0 2A3#0002B94BFFFD7389
(1790951869.220011) can0 2A4#00011AC6FFFD7B82
(1790951869.220140) can0 2A5#000007BF00000000
(1790951869.220289) can0 2A6#00000000FFFFFA7E
(1790951869.220390) can0 2A7#00005689FFFFF5D5
(1790951869.224668) can0 2A1#0100010000000000
(1790951869.224787) can0 2A2#0000CCC6000003CA
(1790951869.224889) can0 2A3#0002B94BFFFD7389
(1790951869.225012) can0 2A4#00011AC6FFFD7B82
(1790951869.225138) can0 2A5#000007BF00000000
(1790951869.225262) can0 2A6#00000000FFFFFA7E
(1790951869.225389) can0 2A7#00005689FFFFF5D5
(1790951869.229669) can0 2A1#0100010000000000
(1790951869.229787) can0 2A2#0000CCC6000003CA
(1790951869.229913) can0 2A3#0002B94BFFFD7389
(1790951869.230014) can0 2A4#00011AC6FFFD7B82
(1790951869.230136) can0 2A5#000007BF00000000
(1790951869.230262) can0 2A6#00000000FFFFFA7E
(1790951869.230392) can0 2A7#00005689FFFFF5D5
(1790951869.234674) can0 2A1#0100010000000000
(1790951869.234770) can0 2A2#0000CCC6000003CA
(1790951869.234889) can0 2A3#0002B94BFFFD7389
(1790951869.235013) can0 2A4#00011AC6FFFD7B82
(1790951869.235139) can0 2A5#000007BF00000000
(1790951869.235261) can0 2A6#00000000FFFFFA7E
(1790951869.235386) can0 2A7#00005689FFFFF5D5
(1790951869.239663) can0 2A1#0100010000000000
(1790951869.239786) can0 2A2#0000CCC6000003CA
(1790951869.239914) can0 2A3#0002B94BFFFD7389
(1790951869.240011) can0 2A4#00011AC6FFFD7B82
(1790951869.240138) can0 2A5#000007BF00000000
(1790951869.240262) can0 2A6#00000000FFFFFA7E
(1790951869.240388) can0 2A7#00005689FFFFF5D5
(1790951869.244672) can0 2A1#0100010000000000
(1790951869.244761) can0 2A2#0000CCC6000003CA
(1790951869.244916) can0 2A3#0002B94BFFFD7389
(1790951869.245012) can0 2A4#00011AC6FFFD7B82
(1790951869.245139) can0 2A5#000007BF00000000
(1790951869.245264) can0 2A6#00000000FFFFFA7E
(1790951869.245389) can0 2A7#00005689FFFFF5D5
(1790951869.249674) can0 2A1#0100010000000000
(1790951869.249793) can0 2A2#0000CCC6000003CA
(1790951869.249914) can0 2A3#0002B94BFFFD7389
(1790951869.250037) can0 2A4#00011AC6FFFD7B82
(1790951869.250162) can0 2A5#000007BF00000000
(1790951869.250262) can0 2A6#00000000FFFFFA7E
(1790951869.250390) can0 2A7#00005689FFFFF5D5
(1790951869.254668) can0 2A1#0100010000000000
(1790951869.254787) can0 2A2#0000CCC6000003CA
(1790951869.254886) can0 2A3#0002B94BFFFD7389
(1790951869.255012) can0 2A4#00011AC6FFFD7B82
(1790951869.255139) can0 2A5#000007BF00000000
(1790951869.255264) can0 2A6#00000000FFFFFA7E
(1790951869.255388) can0 2A7#00005689FFFFF5D5
(1790951869.259679) can0 2A1#0100010000000000
(1790951869.259786) can0 2A2#0000CCC6000003CA
(1790951869.259915) can0 2A3#0002B94BFFFD7389
(1790951869.260040) can0 2A4#00011AC6FFFD7B82
(1790951869.260137) can0 2A5#000007BF00000000
(1790951869.260263) can0 2A6#00000000FFFFFA7E
(1790951869.260388) can0 2A7#00005689FFFFF5D5
(1790951869.264673) can0 2A1#0100010000000000
(1790951869.264787) can0 2A2#0000CCC6000003CA
(1790951869.264891) can0 2A3#0002B94BFFFD7389
(1790951869.265015) can0 2A4#00011AC6FFFD7B82
(1790951869.265137) can0 2A5#000007BF00000000
(1790951869.265262) can0 2A6#00000000FFFFFA7E
(1790951869.265387) can0 2A7#00005689FFFFF5D5
(1790951869.269673) can0 2A1#0100010000000000
(1790951869.269787) can0 2A2#0000CCC6000003CA
(1790951869.269912) can0 2A3#0002B94BFFFD7389
(1790951869.270012) can0 2A4#00011AC6FFFD7B82
(1790951869.270137) can0 2A5#000007BF00000000
(1790951869.270263) can0 2A6#00000000FFFFFA7E
(1790951869.270390) can0 2A7#00005689FFFFF5D5
(1790951869.274675) can0 2A1#0100010000000000
(1790951869.274786) can0 2A2#0000CCC6000003CA
(1790951869.274887) can0 2A3#0002B94BFFFD7389
(1790951869.275012) can0 2A4#00011AC6FFFD7B82
(1790951869.275140) can0 2A5#000007BF00000000
(1790951869.275262) can0 2A6#00000000FFFFFA7E
(1790951869.275387) can0 2A7#00005689FFFFF5D5
(1790951869.279698) can0 2A1#0100010000000000
(1790951869.279795) can0 2A2#0000CCC6000003CA
(1790951869.279916) can0 2A3#0002B94BFFFD7389
(1790951869.280012) can0 2A4#00011AC6FFFD7B82
(1790951869.280137) can0 2A5#000007BF00000000
(1790951869.280263) can0 2A6#00000000FFFFFA7E
(1790951869.280388) can0 2A7#00005689FFFFF5D5
(1790951869.284677) can0 2A1#0100010000000000
(1790951869.284769) can0 2A2#0000CCC6000003CA
(1790951869.284914) can0 2A3#0002B94BFFFD7389
(1790951869.285013) can0 2A4#00011AC6FFFD7B82
(1790951869.285140) can0 2A5#000007BF00000000
(1790951869.285263) can0 2A6#00000000FFFFFA7E
(1790951869.285388) can0 2A7#00005689FFFFF5D5
(1790951869.289666) can0 2A1#0100010000000000
(1790951869.289787) can0 2A2#0000CCC6000003CA
(1790951869.289915) can0 2A3#0002B94BFFFD7389
(1790951869.290037) can0 2A4#00011AC6FFFD7B82
(1790951869.290164) can0 2A5#000007BF00000000
(1790951869.290288) can0 2A6#00000000FFFFFA7E
(1790951869.290387) can0 2A7#00005689FFFFF5D5
(1790951869.294671) can0 2A1#0100010000000000
(1790951869.294787) can0 2A2#0000CCC6000003CA
(1790951869.294888) can0 2A3#0002B94BFFFD7389
(1790951869.295012) can0 2A4#00011AC6FFFD7B82
(1790951869.295138) can0 2A5#000007BF00000000
(1790951869.295262) can0 2A6#00000000FFFFFA7E
(1790951869.295386) can0 2A7#00005689FFFFF5D5
(1790951869.299703) can0 2A1#0100010000000000
(1790951869.299789) can0 2A2#0000CCC6000003CA
(1790951869.299914) can0 2A3#0002B94BFFFD7389
(1790951869.300012) can0 2A4#00011AC6FFFD7B82
(1790951869.300137) can0 2A5#000007BF00000000
(1790951869.300264) can0 2A6#00000000FFFFFA7E
(1790951869.300388) can0 2A7#00005689FFFFF5D5
(1790951869.304664) can0 2A1#0100010000000000
(1790951869.304787) can0 2A2#0000CCC6000003CA
(1790951869.304915) can0 2A3#0002B94BFFFD7389
(1790951869.305012) can0 2A4#00011AC6FFFD7B82
(1790951869.305139) can0 2A5#000007BF00000000
(1790951869.305261) can0 2A6#00000000FFFFFA7E
(1790951869.305386) can0 2A7#00005689FFFFF5D5
(1790951869.309700) can0 2A1#0100010000000000
(1790951869.309794) can0 2A2#0000CCC6000003CA
(1790951869.309915) can0 2A3#0002B94BFFFD7389
(1790951869.310039) can0 2A4#00011AC6FFFD7B82
(1790951869.310139) can0 2A5#000007BF00000000
(1790951869.310264) can0 2A6#00000000FFFFFA7E
(1790951869.310414) can0 2A7#00005689FFFFF5D5
(1790951869.314673) can0 2A1#0100010000000000
(1790951869.314787) can0 2A2#0000CCC6000003CA
(1790951869.314915) can0 2A3#0002B94BFFFD7389
(1790951869.315012) can0 2A4#00011AC6FFFD7B82
(1790951869.315138) can0 2A5#000007BF00000000
(1790951869.315264) can0 2A6#00000000FFFFFA7E
(1790951869.315388) can0 2A7#00005689FFFFF5D5
(1790951869.319673) can0 2A1#0100010000000000
(1790951869.319787) can0 2A2#0000CCC6000003CA
(1790951869.319915) can0 2A3#0002B94BFFFD7389
(1790951869.320043) can0 2A4#00011AC6FFFD7B82
(1790951869.320163) can0 2A5#000007BF00000000
(1790951869.320288) can0 2A6#00000000FFFFFA7E
(1790951869.320388) can0 2A7#00005689FFFFF5D5
(1790951869.324667) can0 2A1#0100010000000000
(1790951869.324788) can0 2A2#0000CCC6000003CA
(1790951869.324889) can0 2A3#0002B94BFFFD7389
(1790951869.325013) can0 2A4#00011AC6FFFD7B82
(1790951869.325137) can0 2A5#000007BF00000000
(1790951869.325261) can0 2A6#00000000FFFFFA7E
(1790951869.325391) can0 2A7#00005689FFFFF5D5
(1790951869.329696) can0 2A1#0100010000000000
(1790951869.329793) can0 2A2#0000CCC6000003CA
(1790951869.329914) can0 2A3#0002B94BFFFD7389
(1790951869.330015) can0 2A4#00011AC6FFFD7B82
(1790951869.330139) can0 2A5#000007BF00000000
(1790951869.330261) can0 2A6#00000000FFFFFA7E
(1790951869.330389) can0 2A7#00005689FFFFF5D5
(1790951869.334674) can0 2A1#0100010000000000
(1790951869.334787) can0 2A2#0000CCC6000003CA
(1790951869.334915) can0 2A3#0002B94BFFFD7389
(1790951869.335015) can0 2A4#00011AC6FFFD7B82
(1790951869.335140) can0 2A5#000007BF00000000
(1790951869.335262) can0 2A6#00000000FFFFFA7E
(1790951869.335387) can0 2A7#00005689FFFFF5D5
(1790951869.339673) can0 2A1#0100010000000000
(1790951869.339787) can0 2A2#0000CCC6000003CA
(1790951869.339915) can0 2A3#0002B94BFFFD7389
(1790951869.340040) can0 2A4#00011AC6FFFD7B82
(1790951869.340163) can0 2A5#000007BF00000000
(1790951869.340290) can0 2A6#00000000FFFFFA7E
(1790951869.340387) can0 2A7#00005689FFFFF5D5
(1790951869.344671) can0 2A1#0100010000000000
(1790951869.344787) can0 2A2#0000CCC6000003CA
(1790951869.344914) can0 2A3#0002B94BFFFD7389
(1790951869.345014) can0 2A4#00011AC6FFFD7B82
(1790951869.345139) can0 2A5#000007BF00000000
(1790951869.345264) can0 2A6#00000000FFFFFA7E
(1790951869.345389) can0 2A7#00005689FFFFF5D5
(1790951869.349695) can0 2A1#0100010000000000
(1790951869.349794) can0 2A2#0000CCC6000003CA
(1790951869.349915) can0 2A3#0002B94BFFFD7389
(1790951869.350039) can0 2A4#00011AC6FFFD7B82
(1790951869.350139) can0 2A5#000007BF00000000
(1790951869.350274) can0 2A6#00000000FFFFFA7E
(1790951869.350387) can0 2A7#00005689FFFFF5D5
(1790951869.354671) can0 2A1#0100010000000000
(1790951869.354763) can0 2A2#0000CCC6000003CA
(1790951869.354915) can0 2A3#0002B94BFFFD7389
(1790951869.355012) can0 2A4#00011AC6FFFD7B82
(1790951869.355139) can0 2A5#000007BF00000000
(1790951869.355262) can0 2A6#00000000FFFFFA7E
(1790951869.355389) can0 2A7#00005689FFFFF5D5
(1790951869.359675) can0 2A1#0100010000000000
(1790951869.359787) can0 2A2#0000CCC6000003CA
(1790951869.359913) can0 2A3#0002B94BFFFD7389
(1790951869.360049) can0 2A4#00011AC6FFFD7B82
(1790951869.360162) can0 2A5#000007BF00000000
(1790951869.360289) can0 2A6#00000000FFFFFA7E
(1790951869.360417) can0 2A7#00005689FFFFF5D5
(1790951869.364674) can0 2A1#0100010000000000
(1790951869.364762) can0 2A2#0000CCC6000003CA
(1790951869.364915) can0 2A3#0002B94BFFFD7389
(1790951869.365015) can0 2A4#00011AC6FFFD7B82
(1790951869.365139) can0 2A5#000007BF00000000
(1790951869.365262) can0 2A6#00000000FFFFFA7E
(1790951869.365390) can0 2A7#00005689FFFFF5D5
(1790951869.369668) can0 2A1#0100010000000000
(1790951869.369793) can0 2A2#0000CCC6000003CA
(1790951869.369915) can0 2A3#0002B94BFFFD7389
(1790951869.370012) can0 2A4#00011AC6FFFD7B82
(1790951869.370139) can0 2A5#000007BF00000000
(1790951869.370262) can0 2A6#00000000FFFFFA7E
(1790951869.370389) can0 2A7#00005689FFFFF5D5
(1790951869.374663) can0 2A1#0100010000000000
(1790951869.374790) can0 2A2#0000CCC6000003CA
(1790951869.374889) can0 2A3#0002B94BFFFD7389
(1790951869.375015) can0 2A4#00011AC6FFFD7B82
(1790951869.375137) can0 2A5#000007BF00000000
(1790951869.375262) can0 2A6#00000000FFFFFA7E
(1790951869.375389) can0 2A7#00005689FFFFF5D5
(1790951869.379693) can0 2A1#0100010000000000
(1790951869.379787) can0 2A2#0000CCC6000003CA
(1790951869.379915) can0 2A3#0002B94BFFFD7389
(1790951869.380038) can0 2A4#00011AC6FFFD7B82
(1790951869.380162) can0 2A5#000007BF00000000
(1790951869.380287) can0 2A6#00000000FFFFFA7E
(1790951869.380413) can0 2A7#00005689FFFFF5D5
(1790951869.384668) can0 2A1#0100010000000000
(1790951869.384788) can0 2A2#0000CCC6000003CA
(1790951869.384913) can0 2A3#0002B94BFFFD7389
(1790951869.385012) can0 2A4#00011AC6FFFD7B82
(1790951869.385140) can0 2A5#000007BF00000000
(1790951869.385264) can0 2A6#00000000FFFFFA7E
(1790951869.385387) can0 2A7#00005689FFFFF5D5
(1790951869.389676) can0 2A1#0100010000000000
(1790951869.389788) can0 2A2#0000CCC6000003CA
(1790951869.389913) can0 2A3#0002B94BFFFD7389
(1790951869.390037) can0 2A4#00011AC6FFFD7B82
(1790951869.390162) can0 2A5#000007BF00000000
(1790951869.390289) can0 2A6#00000000FFFFFA7E
(1790951869.390387) can0 2A7#00005689FFFFF5D5
(1790951869.394672) can0 2A1#0100010000000000
(1790951869.394767) can0 2A2#0000CCC6000003CA
(1790951869.394928) can0 2A3#0002B94BFFFD7389
(1790951869.395012) can0 2A4#00011AC6FFFD7B82
(1790951869.395141) can0 2A5#000007BF00000000
(1790951869.395263) can0 2A6#00000000FFFFFA7E
(1790951869.395388) can0 2A7#00005689FFFFF5D5
(1790951869.399668) can0 2A1#0100010000000000
(1790951869.399786) can0 2A2#0000CCC6000003CA
(1790951869.399913) can0 2A3#0002B94BFFFD7389
(1790951869.400038) can0 2A4#00011AC6FFFD7B82
(1790951869.400163) can0 2A5#000007BF00000000
(1790951869.400286) can0 2A6#00000000FFFFFA7E
(1790951869.400388) can0 2A7#00005689FFFFF5D5
(1790951869.404668) can0 2A1#0100010000000000
(1790951869.404787) can0 2A2#0000CCC6000003CA
(1790951869.404914) can0 2A3#0002B94BFFFD7389
(1790951869.405013) can0 2A4#00011AC6FFFD7B82
(1790951869.405138) can0 2A5#000007BF00000000
(1790951869.405263) can0 2A6#00000000FFFFFA7E
(1790951869.405387) can0 2A7#00005689FFFFF5D5
(1790951869.409701) can0 2A1#0100010000000000
(1790951869.409792) can0 2A2#0000CCC6000003CA
(1790951869.409915) can0 2A3#0002B94BFFFD7389
(1790951869.410045) can0 2A4#00011AC6FFFD7B82
(1790951869.410139) can0 2A5#000007BF00000000
(1790951869.410264) can0 2A6#00000000FFFFFA7E
(1790951869.410390) can0 2A7#00005689FFFFF5D5
(1790951869.414671) can0 2A1#0100010000000000
(1790951869.414788) can0 2A2#0000CCC6000003CA
(1790951869.414888) can0 2A3#0002B94BFFFD7389
(1790951869.415013) can0 2A4#00011AC6FFFD7B82
(1790951869.415137) can0 2A5#000007BF00000000
(1790951869.415265) can0 2A6#00000000FFFFFA7E
(1790951869.415387) can0 2A7#00005689FFFFF5D5
(1790951869.419696) can0 2A1#0100010000000000
(1790951869.419789) can0 2A2#0000CCC6000003CA
(1790951869.419914) can0 2A3#0002B94BFFFD7389
(1790951869.420013) can0 2A4#00011AC6FFFD7B82
(1790951869.420138) can0 2A5#000007BF00000000
(1790951869.420262) can0 2A6#00000000FFFFFA7E
(1790951869.420389) can0 2A7#00005689FFFFF5D5
(1790951869.424673) can0 2A1#0100010000000000
(1790951869.424788) can0 2A2#0000CCC6000003CA
(1790951869.424888) can0 2A3#0002B94BFFFD7389
(1790951869.425013) can0 2A4#00011AC6FFFD7B82
(1790951869.425138) can0 2A5#000007BF00000000
(1790951869.425262) can0 2A6#00000000FFFFFA7E
(1790951869.425388) can0 2A7#00005689FFFFF5D5
(1790951869.429704) can0 2A1#0100010000000000
(1790951869.429796) can0 2A2#0000CCC6000003CA
(1790951869.429916) can0 2A3#0002B94BFFFD7389
(1790951869.430013) can0 2A4#00011AC6FFFD7B82
(1790951869.430165) can0 2A5#000007BF00000000
(1790951869.430287) can0 2A6#00000000FFFFFA7E
(1790951869.430412) can0 2A7#00005689FFFFF5D5
(1790951869.434672) can0 2A1#0100010000000000
(1790951869.434788) can0 2A2#0000CCC6000003CA
(1790951869.434915) can0 2A3#0002B94BFFFD7389
(1790951869.435012) can0 2A4#00011AC6FFFD7B82
(1790951869.435140) can0 2A5#000007BF00000000
(1790951869.435262) can0 2A6#00000000FFFFFA7E
(1790951869.435387) can0 2A7#00005689FFFFF5D5
(1790951869.439673) can0 2A1#0100010000000000
(1790951869.439789) can0 2A2#0000CCC6000003CA
(1790951869.439913) can0 2A3#0002B94BFFFD7389
(1790951869.440038) can0 2A4#00011AC6FFFD7B82
(1790951869.440165) can0 2A5#000007BF00000000
(1790951869.440289) can0 2A6#00000000FFFFFA7E
(1790951869.440414) can0 2A7#00005689FFFFF5D5
(1790951869.444680) can0 2A1#0100010000000000
(1790951869.444770) can0 2A2#0000CCC6000003CA
(1790951869.444915) can0 2A3#0002B94BFFFD7389
(1790951869.445015) can0 2A4#00011AC6FFFD7B82
(1790951869.445138) can0 2A5#000007BF00000000
(1790951869.445263) can0 2A6#00000000FFFFFA7E
(1790951869.445386) can0 2A7#00005689FFFFF5D5
(1790951869.449675) can0 2A1#0100010000000000
(1790951869.449788) can0 2A2#0000CCC6000003CA
(1790951869.449913) can0 2A3#0002B94BFFFD7389
(1790951869.450037) can0 2A4#00011AC6FFFD7B82
(1790951869.450165) can0 2A5#000007BF00000000
(1790951869.450289) can0 2A6#00000000FFFFFA7E
(1790951869.450386) can0 2A7#00005689FFFFF5D5
(1790951869.454670) can0 2A1#0100010000000000
(1790951869.454788) can0 2A2#0000CCC6000003CA
(1790951869.454913) can0 2A3#0002B94BFFFD7389
(1790951869.455013) can0 2A4#00011AC6FFFD7B82
(1790951869.455140) can0 2A5#000007BF00000000
(1790951869.455265) can0 2A6#00000000FFFFFA7E
(1790951869.455389) can0 2A7#00005689FFFFF5D5
(1790951869.459676) can0 2A1#0100010000000000
(1790951869.459789) can0 2A2#0000CCC6000003CA
(1790951869.459915) can0 2A3#0002B94BFFFD7389
(1790951869.460039) can0 2A4#00011AC6FFFD7B82
(1790951869.460162) can0 2A5#000007BF00000000
(1790951869.460289) can0 2A6#00000000FFFFFA7E
(1790951869.460414) can0 2A7#00005689FFFFF5D5
(1790951869.464673) can0 2A1#0100010000000000
(1790951869.464762) can0 2A2#0000CCC6000003CA
(1790951869.464891) can0 2A3#0002B94BFFFD7389
(1790951869.465012) can0 2A4#00011AC6FFFD7B82
(1790951869.465138) can0 2A5#000007BF00000000
(1790951869.465264) can0 2A6#00000000FFFFFA7E
(1790951869.465388) can0 2A7#00005689FFFFF5D5
(1790951869.469673) can0 2A1#0100010000000000
(1790951869.469791) can0 2A2#0000CCC6000003CA
(1790951869.469915) can0 2A3#0002B94BFFFD7389
(1790951869.470039) can0 2A4#00011AC6FFFD7B82
(1790951869.470163) can0 2A5#000007BF00000000
(1790951869.470290) can0 2A6#00000000FFFFFA7E
(1790951869.470388) can0 2A7#00005689FFFFF5D5
(1790951869.474674) can0 2A1#0100010000000000
(1790951869.474788) can0 2A2#0000CCC6000003CA
(1790951869.474890) can0 2A3#0002B94BFFFD7389
(1790951869.475013) can0 2A4#00011AC6FFFD7B82
(1790951869.475138) can0 2A5#000007BF00000000
(1790951869.475264) can0 2A6#00000000FFFFFA7E
(1790951869.475388) can0 2A7#00005689FFFFF5D5
(1790951869.479704) can0 2A1#0100010000000000
(1790951869.479793) can0 2A2#0000CCC6000003CA
(1790951869.479914) can0 2A3#0002B94BFFFD7389
(1790951869.480013) can0 2A4#00011AC6FFFD7B82
(1790951869.480164) can0 2A5#000007BF00000000
(1790951869.480289) can0 2A6#00000000FFFFFA7E
(1790951869.480414) can0 2A7#00005689FFFFF5D5
(1790951869.484676) can0 2A1#0100010000000000
(1790951869.484788) can0 2A2#0000CCC6000003CA
(1790951869.484914) can0 2A3#0002B94BFFFD7389
(1790951869.485014) can0 2A4#00011AC6FFFD7B82
(1790951869.485138) can0 2A5#000007BF00000000
(1790951869.485264) can0 2A6#00000000FFFFFA7E
(1790951869.485389) can0 2A7#00005689FFFFF5D5
(1790951869.489674) can0 2A1#0100010000000000
(1790951869.489787) can0 2A2#0000CCC6000003CA
(1790951869.489914) can0 2A3#0002B94BFFFD7389
(1790951869.490038) can0 2A4#00011AC6FFFD7B82
(1790951869.490138) can0 2A5#000007BF00000000
(1790951869.490263) can0 2A6#00000000FFFFFA7E
(1790951869.490388) can0 2A7#00005689FFFFF5D5
(1790951869.494668) can0 2A1#0100010000000000
(1790951869.494767) can0 2A2#0000CCC6000003CA
(1790951869.494916) can0 2A3#0002B94BFFFD7389
(1790951869.495013) can0 2A4#00011AC6FFFD7B82
(1790951869.495138) can0 2A5#000007BF00000000
(1790951869.495264) can0 2A6#00000000FFFFFA7E
(1790951869.495388) can0 2A7#00005689FFFFF5D5
(1790951869.499670) can0 2A1#0100010000000000
(1790951869.499787) can0 2A2#0000CCC6000003CA
(1790951869.499914) can0 2A3#0002B94BFFFD7389
(1790951869.500038) can0 2A4#00011AC6FFFD7B82
(1790951869.500164) can0 2A5#000007BF00000000
(1790951869.500288) can0 2A6#00000000FFFFFA7E
(1790951869.500413) can0 2A7#00005689FFFFF5D5
(1790951869.504667) can0 2A1#0100010000000000
(1790951869.504788) can0 2A2#0000CCC6000003CA
(1790951869.504914) can0 2A3#0002B94BFFFD7389
(1790951869.505014) can0 2A4#00011AC6FFFD7B82
(1790951869.505138) can0 2A5#000007BF00000000
(1790951869.505262) can0 2A6#00000000FFFFFA7E
(1790951869.505389) can0 2A7#00005689FFFFF5D5
(1790951869.509672) can0 2A1#0100010000000000
(1790951869.509787) can0 2A2#0000CCC6000003CA
(1790951869.509914) can0 2A3#0002B94BFFFD7389
(1790951869.510040) can0 2A4#00011AC6FFFD7B82
(1790951869.510162) can0 2A5#000007BF00000000
(1790951869.510289) can0 2A6#00000000FFFFFA7E
(1790951869.510420) can0 2A7#00005689FFFFF5D5
(1790951869.514669) can0 2A1#0100010000000000
(1790951869.514787) can0 2A2#0000CCC6000003CA
(1790951869.514914) can0 2A3#0002B94BFFFD7389
(1790951869.515014) can0 2A4#00011AC6FFFD7B82
(1790951869.515138) can0 2A5#000007BF00000000
(1790951869.515262) can0 2A6#00000000FFFFFA7E
(1790951869.515388) can0 2A7#00005689FFFFF5D5
(1790951869.519678) can0 2A1#0100010000000000
(1790951869.519790) can0 2A2#0000CCC6000003CA
(1790951869.519917) can0 2A3#0002B94BFFFD7389
(1790951869.520022) can0 2A4#00011AC6FFFD7B82
(1790951869.520138) can0 2A5#000007BF00000000
(1790951869.520262) can0 2A6#00000000FFFFFA7E
(1790951869.520414) can0 2A7#00005689FFFFF5D5
(1790951869.524677) can0 2A1#0100010000000000
(1790951869.524789) can0 2A2#0000CCC6000003CA
(1790951869.524891) can0 2A3#0002B94BFFFD7389
(1790951869.525016) can0 2A4#00011AC6FFFD7B82
(1790951869.525140) can0 2A5#000007BF00000000
(1790951869.525263) can0 2A6#00000000FFFFFA7E
(1790951869.525388) can0 2A7#00005689FFFFF5D5
(1790951869.529691) can0 2A1#0100010000000000
(1790951869.529788) can0 2A2#0000CCC6000003CA
(1790951869.529916) can0 2A3#0002B94BFFFD7389
(1790951869.530038) can0 2A4#00011AC6FFFD7B82
(1790951869.530140) can0 2A5#000007BF00000000
(1790951869.530264) can0 2A6#00000000FFFFFA7E
(1790951869.530389) can0 2A7#00005689FFFFF5D5
(1790951869.534673) can0 2A1#0100010000000000
(1790951869.534789) can0 2A2#0000CCC6000003CA
(1790951869.534890) can0 2A3#0002B94BFFFD7389
(1790951869.535018) can0 2A4#00011AC6FFFD7B82
(1790951869.535142) can0 2A5#000007BF00000000
(1790951869.535265) can0 2A6#00000000FFFFFA7E
(1790951869.535389) can0 2A7#00005689FFFFF5D5
(1790951869.539697) can0 2A1#0100010000000000
(1790951869.539788) can0 2A2#0000CCC6000003CA
(1790951869.539915) can0 2A3#0002B94BFFFD7389
(1790951869.540013) can0 2A4#00011AC6FFFD7B82
(1790951869.540138) can0 2A5#000007BF00000000
(1790951869.540262) can0 2A6#00000000FFFFFA7E
(1790951869.540423) can0 2A7#00005689FFFFF5D5
(1790951869.544675) can0 2A1#0100010000000000
(1790951869.544790) can0 2A2#0000CCC6000003CA
(1790951869.544911) can0 2A3#0002B94BFFFD7389
(1790951869.545013) can0 2A4#00011AC6FFFD7B82
(1790951869.545140) can0 2A5#000007BF00000000
(1790951869.545262) can0 2A6#00000000FFFFFA7E
(1790951869.545388) can0 2A7#00005689FFFFF5D5
(1790951869.549670) can0 2A1#0100010000000000
(1790951869.549787) can0 2A2#0000CCC6000003CA
(1790951869.549917) can0 2A3#0002B94BFFFD7389
(1790951869.550039) can0 2A4#00011AC6FFFD7B82
(1790951869.550165) can0 2A5#000007BF00000000
(1790951869.550290) can0 2A6#00000000FFFFFA7E
(1790951869.550415) can0 2A7#00005689FFFFF5D5
(1790951869.554668) can0 2A1#0100010000000000
(1790951869.554787) can0 2A2#0000CCC6000003CA
(1790951869.554917) can0 2A3#0002B94BFFFD7389
(1790951869.555015) can0 2A4#00011AC6FFFD7B82
(1790951869.555138) can0 2A5#000007BF00000000
(1790951869.555266) can0 2A6#00000000FFFFFA7E
(1790951869.555390) can0 2A7#00005689FFFFF5D5
(1790951869.559675) can0 2A1#0100010000000000
(1790951869.559788) can0 2A2#0000CCC6000003CA
(1790951869.559916) can0 2A3#0002B94BFFFD7389
(1790951869.560048) can0 2A4#00011AC6FFFD7B82
(1790951869.560164) can0 2A5#000007BF00000000
(1790951869.560289) can0 2A6#00000000FFFFFA7E
(1790951869.560389) can0 2A7#00005689FFFFF5D5
(1790951869.564668) can0 2A1#0100010000000000
(1790951869.564787) can0 2A2#0000CCC6000003CA
(1790951869.564892) can0 2A3#0002B94BFFFD7389
(1790951869.565014) can0 2A4#00011AC6FFFD7B82
(1790951869.565140) can0 2A5#000007BF00000000
(1790951869.565264) can0 2A6#00000000FFFFFA7E
(1790951869.565389) can0 2A7#00005689FFFFF5D5
(1790951869.569703) can0 2A1#0100010000000000
(1790951869.569794) can0 2A2#0000CCC6000003CA
(1790951869.569914) can0 2A3#0002B94BFFFD7389
(1790951869.570015) can0 2A4#00011AC6FFFD7B82
(1790951869.570140) can0 2A5#000007BF00000000
(1790951869.570267) can0 2A6#00000000FFFFFA7E
(1790951869.570412) can0 2A7#00005689FFFFF5D5
(1790951869.574671) can0 2A1#0100010000000000
(1790951869.574791) can0 2A2#0000CCC6000003CA
(1790951869.574918) can0 2A3#0002B94BFFFD7389
(1790951869.575015) can0 2A4#00011AC6FFFD7B82
(1790951869.575138) can0 2A5#000007BF00000000
(1790951869.575265) can0 2A6#00000000FFFFFA7E
(1790951869.575390) can0 2A7#00005689FFFFF5D5
(1790951869.579704) can0 2A1#0100010000000000
(1790951869.579788) can0 2A2#0000CCC6000003CA
(1790951869.579913) can0 2A3#0002B94BFFFD7389
(1790951869.580042) can0 2A4#00011AC6FFFD7B82
(1790951869.580138) can0 2A5#000007BF00000000
(1790951869.580262) can0 2A6#00000000FFFFFA7E
(1790951869.580389) can0 2A7#00005689FFFFF5D5
(1790951869.584672) can0 2A1#0100010000000000
(1790951869.584766) can0 2A2#0000CCC6000003CA
(1790951869.584917) can0 2A3#0002B94BFFFD7389
(1790951869.585015) can0 2A4#00011AC6FFFD7B82
(1790951869.585139) can0 2A5#000007BF00000000
(1790951869.585262) can0 2A6#00000000FFFFFA7E
(1790951869.585389) can0 2A7#00005689FFFFF5D5
(1790951869.589665) can0 2A1#0100010000000000
(1790951869.589792) can0 2A2#0000CCC6000003CA
(1790951869.589914) can0 2A3#0002B94BFFFD7389
(1790951869.590015) can0 2A4#00011AC6FFFD7B82
(1790951869.590145) can0 2A5#000007BF00000000
(1790951869.590298) can0 2A6#00000000FFFFFA7E
(1790951869.590414) can0 2A7#00005689FFFFF5D5
(1790951869.594669) can0 2A1#0100010000000000
(1790951869.594788) can0 2A2#0000CCC6000003CA
(1790951869.594917) can0 2A3#0002B94BFFFD7389
(1790951869.595013) can0 2A4#00011AC6FFFD7B82
(1790951869.595141) can0 2A5#000007BF00000000
(1790951869.595263) can0 2A6#00000000FFFFFA7E
(1790951869.595390) can0 2A7#00005689FFFFF5D5
(1790951869.599672) can0 2A1#0100010000000000
(1790951869.599796) can0 2A2#0000CCC6000003CA
(1790951869.599917) can0 2A3#0002B94BFFFD7389
(1790951869.600040) can0 2A4#00011AC6FFFD7B82
(1790951869.600163) can0 2A5#000007BF00000000
(1790951869.600291) can0 2A6#00000000FFFFFA7E
(1790951869.600413) can0 2A7#00005689FFFFF5D5
(1790951869.604673) can0 2A1#0100010000000000
(1790951869.604788) can0 2A2#0000CCC6000003CA
(1790951869.604916) can0 2A3#0002B94BFFFD7389
(1790951869.605017) can0 2A4#00011AC6FFFD7B82
(1790951869.605140) can0 2A5#000007BF00000000
(1790951869.605263) can0 2A6#00000000FFFFFA7E
(1790951869.605388) can0 2A7#00005689FFFFF5D5
(1790951869.609696) can0 2A1#0100010000000000
(1790951869.609788) can0 2A2#0000CCC6000003CA
(1790951869.609914) can0 2A3#0002B94BFFFD7389
(1790951869.610015) can0 2A4#00011AC6FFFD7B82
(1790951869.610140) can0 2A5#000007BF00000000
(1790951869.610265) can0 2A6#00000000FFFFFA7E
(1790951869.610414) can0 2A7#00005689FFFFF5D5
(1790951869.614671) can0 2A1#0100010000000000
(1790951869.614788) can0 2A2#0000CCC6000003CA
(1790951869.614889) can0 2A3#0002B94BFFFD7389
(1790951869.615014) can0 2A4#00011AC6FFFD7B82
(1790951869.615138) can0 2A5#000007BF00000000
(1790951869.615265) can0 2A6#00000000FFFFFA7E
(1790951869.615389) can0 2A7#00005689FFFFF5D5
(1790951869.619693) can0 2A1#0100010000000000
(1790951869.619794) can0 2A2#0000CCC6000003CA
(1790951869.619917) can0 2A3#0002B94BFFFD7389
(1790951869.620015) can0 2A4#00011AC6FFFD7B82
(1790951869.620138) can0 2A5#000007BF00000000
(1790951869.620265) can0 2A6#00000000FFFFFA7E
(1790951869.620392) can0 2A7#00005689FFFFF5D5
(1790951869.624679) can0 2A1#0100010000000000
(1790951869.624789) can0 2A2#0000CCC6000003CA
(1790951869.624896) can0 2A3#0002B94BFFFD7389
(1790951869.625014) can0 2A4#00011AC6FFFD7B82
(1790951869.625138) can0 2A5#000007BF00000000
(1790951869.625266) can0 2A6#00000000FFFFFA7E
(1790951869.625390) can0 2A7#00005689FFFFF5D5
(1790951869.629698) can0 2A1#0100010000000000
(1790951869.629795) can0 2A2#0000CCC6000003CA
(1790951869.629915) can0 2A3#0002B94BFFFD7389
(1790951869.630041) can0 2A4#00011AC6FFFD7B82
(1790951869.630141) can0 2A5#000007BF00000000
(1790951869.630264) can0 2A6#00000000FFFFFA7E
(1790951869.630391) can0 2A7#00005689FFFFF5D5
(1790951869.634672) can0 2A1#0100010000000000
(1790951869.634767) can0 2A2#0000CCC6000003CA
(1790951869.634914) can0 2A3#0002B94BFFFD7389
(1790951869.635013) can0 2A4#00011AC6FFFD7B82
(1790951869.635139) can0 2A5#000007BF00000000
(1790951869.635265) can0 2A6#00000000FFFFFA7E
(1790951869.635391) can0 2A7#00005689FFFFF5D5
(1790951869.639672) can0 2A1#0100010000000000
(1790951869.639789) can0 2A2#0000CCC6000003CA
(1790951869.639915) can0 2A3#0002B94BFFFD7389
(1790951869.640039) can0 2A4#00011AC6FFFD7B82
(1790951869.640164) can0 2A5#000007BF00000000
(1790951869.640289) can0 2A6#00000000FFFFFA7E
(1790951869.640414) can0 2A7#00005689FFFFF5D5
(1790951869.644676) can0 2A1#0100010000000000
(1790951869.644788) can0 2A2#0000CCC6000003CA
(1790951869.644915) can0 2A3#0002B94BFFFD7389
(1790951869.645014) can0 2A4#00011AC6FFFD7B82
(1790951869.645139) can0 2A5#000007BF00000000
(1790951869.645264) can0 2A6#00000000FFFFFA7E
(1790951869.645389) can0 2A7#00005689FFFFF5D5
(1790951869.649675) can0 2A1#0100010000000000
(1790951869.649790) can0 2A2#0000CCC6000003CA
(1790951869.649914) can0 2A3#0002B94BFFFD7389
(1790951869.650039) can0 2A4#00011AC6FFFD7B82
(1790951869.650139) can0 2A5#000007BF00000000
(1790951869.650264) can0 2A6#00000000FFFFFA7E
(1790951869.650389) can0 2A7#00005689FFFFF5D5
(1790951869.654668) can0 2A1#0100010000000000
(1790951869.654789) can0 2A2#0000CCC6000003CA
(1790951869.654917) can0 2A3#0002B94BFFFD7389
(1790951869.655013) can0 2A4#00011AC6FFFD7B82
(1790951869.655140) can0 2A5#000007BF00000000
(1790951869.655263) can0 2A6#00000000FFFFFA7E
(1790951869.655390) can0 2A7#00005689FFFFF5D5
(1790951869.659674) can0 2A1#0100010000000000
(1790951869.659789) can0 2A2#0000CCC6000003CA
(1790951869.659916) can0 2A3#0002B94BFFFD7389
(1790951869.660038) can0 2A4#00011AC6FFFD7B82
(1790951869.660165) can0 2A5#000007BF00000000
(1790951869.660290) can0 2A6#00000000FFFFFA7E
(1790951869.660390) can0 2A7#00005689FFFFF5D5
(1790951869.664667) can0 2A1#0100010000000000
(1790951869.664789) can0 2A2#0000CCC6000003CA
(1790951869.664915) can0 2A3#0002B94BFFFD7389
(1790951869.665013) can0 2A4#00011AC6FFFD7B82
(1790951869.665140) can0 2A5#000007BF00000000
(1790951869.665265) can0 2A6#00000000FFFFFA7E
(1790951869.665390) can0 2A7#00005689FFFFF5D5
(1790951869.669675) can0 2A1#0100010000000000
(1790951869.669788) can0 2A2#0000CCC6000003CA
(1790951869.669916) can0 2A3#0002B94BFFFD7389
(1790951869.670039) can0 2A4#00011AC6FFFD7B82
(1790951869.670165) can0 2A5#000007BF00000000
(1790951869.670291) can0 2A6#00000000FFFFFA7E
(1790951869.670390) can0 2A7#00005689FFFFF5D5
(1790951869.674681) can0 2A1#0100010000000000
(1790951869.674788) can0 2A2#0000CCC6000003CA
(1790951869.674891) can0 2A3#0002B94BFFFD7389
(1790951869.675014) can0 2A4#00011AC6FFFD7B82
(1790951869.675140) can0 2A5#000007BF00000000
(1790951869.675264) can0 2A6#00000000FFFFFA7E
(1790951869.675389) can0 2A7#00005689FFFFF5D5
(1790951869.679671) can0 2A1#0100010000000000
(1790951869.679796) can0 2A2#0000CCC6000003CA
(1790951869.679915) can0 2A3#0002B94BFFFD7389
(1790951869.680013) can0 2A4#00011AC6FFFD7B82
(1790951869.680165) can0 2A5#000007BF00000000
(1790951869.680263) can0 2A6#00000000FFFFFA7E
(1790951869.680390) can0 2A7#00005689FFFFF5D5
(1790951869.684668) can0 2A1#0100010000000000
(1790951869.684795) can0 2A2#0000CCC6000003CA
(1790951869.684920) can0 2A3#0002B94BFFFD7389
(1790951869.685014) can0 2A4#00011AC6FFFD7B82
(1790951869.685138) can0 2A5#000007BF00000000
(1790951869.685265) can0 2A6#00000000FFFFFA7E
(1790951869.685390) can0 2A7#00005689FFFFF5D5
(1790951869.689709) can0 2A1#0100010000000000
(1790951869.689797) can0 2A2#0000CCC6000003CA
(1790951869.689916) can0 2A3#0002B94BFFFD7389
(1790951869.690041) can0 2A4#00011AC6FFFD7B82
(1790951869.690142) can0 2A5#000007BF00000000
(1790951869.690265) can0 2A6#00000000FFFFFA7E
(1790951869.690391) can0 2A7#00005689FFFFF5D5
(1790951869.694674) can0 2A1#0100010000000000
(1790951869.694789) can0 2A2#0000CCC6000003CA
(1790951869.694916) can0 2A3#0002B94BFFFD7389
(1790951869.695014) can0 2A4#00011AC6FFFD7B82
(1790951869.695141) can0 2A5#000007BF00000000
(1790951869.695275) can0 2A6#00000000FFFFFA7E
(1790951869.695388) can0 2A7#00005689FFFFF5D5
(1790951869.699677) can0 2A1#0100010000000000
(1790951869.699790) can0 2A2#0000CCC6000003CA
(1790951869.699916) can0 2A3#0002B94BFFFD7389
(1790951869.700039) can0 2A4#00011AC6FFFD7B82
(1790951869.700164) can0 2A5#000007BF00000000
(1790951869.700291) can0 2A6#00000000FFFFFA7E
(1790951869.700388) can0 2A7#00005689FFFFF5D5
(1790951869.704673) can0 2A1#0100010000000000
(1790951869.704789) can0 2A2#0000CCC6000003CA
(1790951869.704916) can0 2A3#0002B94BFFFD7389
(1790951869.705014) can0 2A4#00011AC6FFFD7B82
(1790951869.705141) can0 2A5#000007BF00000000
(1790951869.705265) can0 2A6#00000000FFFFFA7E
(1790951869.705390) can0 2A7#00005689FFFFF5D5
(1790951869.709704) can0 2A1#0100010000000000
(1790951869.709795) can0 2A2#0000CCC6000003CA
(1790951869.709916) can0 2A3#0002B94BFFFD7389
(1790951869.710041) can0 2A4#00011AC6FFFD7B82
(1790951869.710139) can0 2A5#000007BF00000000
(1790951869.710265) can0 2A6#00000000FFFFFA7E
(1790951869.710390) can0 2A7#00005689FFFFF5D5
(1790951869.714677) can0 2A1#0100010000000000
(1790951869.714791) can0 2A2#0000CCC6000003CA
(1790951869.714892) can0 2A3#0002B94BFFFD7389
(1790951869.715016) can0 2A4#00011AC6FFFD7B82
(1790951869.715139) can0 2A5#000007BF00000000
(1790951869.715264) can0 2A6#00000000FFFFFA7E
(1790951869.715391) can0 2A7#00005689FFFFF5D5
(1790951869.719702) can0 2A1#0100010000000000
(1790951869.719796) can0 2A2#0000CCC6000003CA
(1790951869.719914) can0 2A3#0002B94BFFFD7389
(1790951869.720015) can0 2A4#00011AC6FFFD7B82
(1790951869.720139) can0 2A5#000007BF00000000
(1790951869.720265) can0 2A6#00000000FFFFFA7E
(1790951869.720392) can0 2A7#00005689FFFFF5D5
(1790951869.724671) can0 2A1#0100010000000000
(1790951869.724788) can0 2A2#0000CCC6000003CA
(1790951869.724890) can0 2A3#0002B94BFFFD7389
(1790951869.725014) can0 2A4#00011AC6FFFD7B82
(1790951869.725140) can0 2A5#000007BF00000000
(1790951869.725263) can0 2A6#00000000FFFFFA7E
(1790951869.725389) can0 2A7#00005689FFFFF5D5
(1790951869.729695) can0 2A1#0100010000000000
(1790951869.729793) can0 2A2#0000CCC6000003CA
(1790951869.729915) can0 2A3#0002B94BFFFD7389
(1790951869.730040) can0 2A4#00011AC6FFFD7B82
(1790951869.730138) can0 2A5#000007BF00000000
(1790951869.730263) can0 2A6#00000000FFFFFA7E
(1790951869.730388) can0 2A7#00005689FFFFF5D5
(1790951869.734674) can0 2A1#0100010000000000
(1790951869.734788) can0 2A2#0000CCC6000003CA
(1790951869.734913) can0 2A3#0002B94BFFFD7389
(1790951869.735015) can0 2A4#00011AC6FFFD7B82
(1790951869.735140) can0 2A5#000007BF00000000
(1790951869.735264) can0 2A6#00000000FFFFFA7E
(1790951869.735389) can0 2A7#00005689FFFFF5D5
(1790951869.739683) can0 2A1#0100010000000000
(1790951869.739788) can0 2A2#0000CCC6000003CA
(1790951869.739913) can0 2A3#0002B94BFFFD7389
(1790951869.740040) can0 2A4#00011AC6FFFD7B82
(1790951869.740163) can0 2A5#000007BF00000000
(1790951869.740290) can0 2A6#00000000FFFFFA7E
(1790951869.740390) can0 2A7#00005689FFFFF5D5
(1790951869.744666) can0 2A1#0100010000000000
(1790951869.744790) can0 2A2#0000CCC6000003CA
(1790951869.744916) can0 2A3#0002B94BFFFD7389
(1790951869.745015) can0 2A4#00011AC6FFFD7B82
(1790951869.745140) can0 2A5#000007BF00000000
(1790951869.745265) can0 2A6#00000000FFFFFA7E
(1790951869.745388) can0 2A7#00005689FFFFF5D5
(1790951869.749696) can0 2A1#0100010000000000
(1790951869.749814) can0 2A2#0000CCC6000003CA
(1790951869.749918) can0 2A3#0002B94BFFFD7389
(1790951869.750042) can0 2A4#00011AC6FFFD7B82
(1790951869.750142) can0 2A5#000007BF00000000
(1790951869.750266) can0 2A6#00000000FFFFFA7E
(1790951869.750414) can0 2A7#00005689FFFFF5D5
(1790951869.754678) can0 2A1#0100010000000000
(1790951869.754792) can0 2A2#0000CCC6000003CA
(1790951869.754929) can0 2A3#0002B94BFFFD7389
(1790951869.755014) can0 2A4#00011AC6FFFD7B82
(1790951869.755140) can0 2A5#000007BF00000000
(1790951869.755265) can0 2A6#00000000FFFFFA7E
(1790951869.755390) can0 2A7#00005689FFFFF5D5
(1790951869.759675) can0 2A1#0100010000000000
(1790951869.759792) can0 2A2#0000CCC6000003CA
(1790951869.759911) can0 2A3#0002B94BFFFD7389
(1790951869.760041) can0 2A4#00011AC6FFFD7B82
(1790951869.760165) can0 2A5#000007BF00000000
(1790951869.760290) can0 2A6#00000000FFFFFA7E
(1790951869.760419) can0 2A7#00005689FFFFF5D5
(1790951869.764669) can0 2A1#0100010000000000
(1790951869.764768) can0 2A2#0000CCC6000003CA
(1790951869.764918) can0 2A3#0002B94BFFFD7389
(1790951869.765015) can0 2A4#00011AC6FFFD7B82
(1790951869.765141) can0 2A5#000007BF00000000
(1790951869.765266) can0 2A6#00000000FFFFFA7E
(1790951869.765391) can0 2A7#00005689FFFFF5D5
(1790951869.769699) can0 2A1#0100010000000000
(1790951869.769789) can0 2A2#0000CCC6000003CA
(1790951869.769916) can0 2A3#0002B94BFFFD7389
(1790951869.770014) can0 2A4#00011AC6FFFD7B82
(1790951869.770169) can0 2A5#000007BF00000000
(1790951869.770265) can0 2A6#00000000FFFFFA7E
(1790951869.770414) can0 2A7#00005689FFFFF5D5
(1790951869.774666) can0 2A1#0100010000000000
(1790951869.774790) can0 2A2#0000CCC6000003CA
(1790951869.774907) can0 2A3#0002B94BFFFD7389
(1790951869.775017) can0 2A4#00011AC6FFFD7B82
(1790951869.775143) can0 2A5#000007BF00000000
(1790951869.775267) can0 2A6#00000000FFFFFA7E
(1790951869.775393) can0 2A7#00005689FFFFF5D5
(1790951869.779694) can0 2A1#0100010000000000
(1790951869.779790) can0 2A2#0000CCC6000003CA
(1790951869.779917) can0 2A3#0002B94BFFFD7389
(1790951869.780014) can0 2A4#00011AC6FFFD7B82
(1790951869.780141) can0 2A5#000007BF00000000
(1790951869.780267) can0 2A6#00000000FFFFFA7E
(1790951869.780392) can0 2A7#00005689FFFFF5D5
(1790951869.784678) can0 2A1#0100010000000000
(1790951869.784791) can0 2A2#0000CCC6000003CA
(1790951869.784919) can0 2A3#0002B94BFFFD7389
(1790951869.785016) can0 2A4#00011AC6FFFD7B82
(1790951869.785140) can0 2A5#000007BF00000000
(1790951869.785267) can0 2A6#00000000FFFFFA7E
(1790951869.785391) can0 2A7#00005689FFFFF5D5
(1790951869.789680) can0 2A1#0100010000000000
(1790951869.789823) can0 2A2#0000CCC6000003CA
(1790951869.789915) can0 2A3#0002B94BFFFD7389
(1790951869.790042) can0 2A4#00011AC6FFFD7B82
(1790951869.790141) can0 2A5#000007BF00000000
(1790951869.790268) can0 2A6#00000000FFFFFA7E
(1790951869.790394) can0 2A7#00005689FFFFF5D5
(1790951869.794673) can0 2A1#0100010000000000
(1790951869.794790) can0 2A2#0000CCC6000003CA
(1790951869.794916) can0 2A3#0002B94BFFFD7389
(1790951869.795044) can0 2A4#00011AC6FFFD7B82
(1790951869.795149) can0 2A5#000007BF00000000
(1790951869.795264) can0 2A6#00000000FFFFFA7E
(1790951869.795393) can0 2A7#00005689FFFFF5D5
(1790951869.799701) can0 2A1#0100010000000000
(1790951869.799794) can0 2A2#0000CCC6000003CA
(1790951869.799919) can0 2A3#0002B94BFFFD7389
(1790951869.800045) can0 2A4#00011AC6FFFD7B82
(1790951869.800142) can0 2A5#000007BF00000000
(1790951869.800268) can0 2A6#00000000FFFFFA7E
(1790951869.800391) can0 2A7#00005689FFFFF5D5
(1790951869.804669) can0 2A1#0100010000000000
(1790951869.804788) can0 2A2#0000CCC6000003CA
(1790951869.804915) can0 2A3#0002B94BFFFD7389
(1790951869.805015) can0 2A4#00011AC6FFFD7B82
(1790951869.805139) can0 2A5#000007BF00000000
(1790951869.805268) can0 2A6#00000000FFFFFA7E
(1790951869.805390) can0 2A7#00005689FFFFF5D5
(1790951869.809676) can0 2A1#0100010000000000
(1790951869.809789) can0 2A2#0000CCC6000003CA
(1790951869.809918) can0 2A3#0002B94BFFFD7389
(1790951869.810040) can0 2A4#00011AC6FFFD7B82
(1790951869.810167) can0 2A5#000007BF00000000
(1790951869.810290) can0 2A6#00000000FFFFFA7E
(1790951869.810417) can0 2A7#00005689FFFFF5D5
(1790951869.814668) can0 2A1#0100010000000000
(1790951869.814763) can0 2A2#0000CCC6000003CA
(1790951869.814921) can0 2A3#0002B94BFFFD7389
(1790951869.815039) can0 2A4#00011AC6FFFD7B82
(1790951869.815143) can0 2A5#000007BF00000000
(1790951869.815264) can0 2A6#00000000FFFFFA7E
(1790951869.815391) can0 2A7#00005689FFFFF5D5
(1790951869.819698) can0 2A1#0100010000000000
(1790951869.819793) can0 2A2#0000CCC6000003CA
(1790951869.819917) can0 2A3#0002B94BFFFD7389
(1790951869.820017) can0 2A4#00011AC6FFFD7B82
(1790951869.820167) can0 2A5#000007BF00000000
(1790951869.820264) can0 2A6#00000000FFFFFA7E
(1790951869.820415) can0 2A7#00005689FFFFF5D5
(1790951869.824678) can0 2A1#0100010000000000
(1790951869.824789) can0 2A2#0000CCC6000003CA
(1790951869.824890) can0 2A3#0002B94BFFFD7389
(1790951869.825018) can0 2A4#00011AC6FFFD7B82
(1790951869.825141) can0 2A5#000007BF00000000
(1790951869.825267) can0 2A6#00000000FFFFFA7E
(1790951869.825389) can0 2A7#00005689FFFFF5D5
(1790951869.829687) can0 2A1#0100010000000000
(1790951869.829790) can0 2A2#0000CCC6000003CA
(1790951869.829917) can0 2A3#0002B94BFFFD7389
(1790951869.830046) can0 2A4#00011AC6FFFD7B82
(1790951869.830167) can0 2A5#000007BF00000000
(1790951869.830290) can0 2A6#00000000FFFFFA7E
(1790951869.830390) can0 2A7#00005689FFFFF5D5
(1790951869.834674) can0 2A1#0100010000000000
(1790951869.834788) can0 2A2#0000CCC6000003CA
(1790951869.834914) can0 2A3#0002B94BFFFD7389
(1790951869.835044) can0 2A4#00011AC6FFFD7B82
(1790951869.835139) can0 2A5#000007BF00000000
(1790951869.835264) can0 2A6#00000000FFFFFA7E
(1790951869.835393) can0 2A7#00005689FFFFF5D5
(1790951869.839697) can0 2A1#0100010000000000
(1790951869.839793) can0 2A2#0000CCC6000003CA
(1790951869.839917) can0 2A3#0002B94BFFFD7389
(1790951869.840015) can0 2A4#00011AC6FFFD7B82
(1790951869.840167) can0 2A5#000007BF00000000
(1790951869.840289) can0 2A6#00000000FFFFFA7E
(1790951869.840418) can0 2A7#00005689FFFFF5D5
(1790951869.844670) can0 2A1#0100010000000000
(1790951869.844770) can0 2A2#0000CCC6000003CA
(1790951869.844919) can0 2A3#0002B94BFFFD7389
(1790951869.845015) can0 2A4#00011AC6FFFD7B82
(1790951869.845144) can0 2A5#000007BF00000000
(1790951869.845267) can0 2A6#00000000FFFFFA7E
(1790951869.845390) can0 2A7#00005689FFFFF5D5
(1790951869.849701) can0 2A1#0100010000000000
(1790951869.849795) can0 2A2#0000CCC6000003CA
(1790951869.849918) can0 2A3#0002B94BFFFD7389
(1790951869.850014) can0 2A4#00011AC6FFFD7B82
(1790951869.850166) can0 2A5#000007BF00000000
(1790951869.850264) can0 2A6#00000000FFFFFA7E
(1790951869.850417) can0 2A7#00005689FFFFF5D5
(1790951869.854675) can0 2A1#0100010000000000
(1790951869.854792) can0 2A2#0000CCC6000003CA
(1790951869.854915) can0 2A3#0002B94BFFFD7389
(1790951869.855015) can0 2A4#00011AC6FFFD7B82
(1790951869.855140) can0 2A5#000007BF00000000
(1790951869.855267) can0 2A6#00000000FFFFFA7E
(1790951869.855392) can0 2A7#00005689FFFFF5D5
(1790951869.859674) can0 2A1#0100010000000000
(1790951869.859789) can0 2A2#0000CCC6000003CA
(1790951869.859916) can0 2A3#0002B94BFFFD7389
(1790951869.860039) can0 2A4#00011AC6FFFD7B82
(1790951869.860165) can0 2A5#000007BF00000000
(1790951869.860290) can0 2A6#00000000FFFFFA7E
(1790951869.860421) can0 2A7#00005689FFFFF5D5
(1790951869.864668) can0 2A1#0100010000000000
(1790951869.864768) can0 2A2#0000CCC6000003CA
(1790951869.864915) can0 2A3#0002B94BFFFD7389
(1790951869.865015) can0 2A4#00011AC6FFFD7B82
(1790951869.865141) can0 2A5#000007BF00000000
(1790951869.865264) can0 2A6#00000000FFFFFA7E
(1790951869.865388) can0 2A7#00005689FFFFF5D5
(1790951869.869698) can0 2A1#0100010000000000
(1790951869.869794) can0 2A2#0000CCC6000003CA
(1790951869.869915) can0 2A3#0002B94BFFFD7389
(1790951869.870041) can0 2A4#00011AC6FFFD7B82
(1790951869.870167) can0 2A5#000007BF00000000
(1790951869.870264) can0 2A6#00000000FFFFFA7E
(1790951869.870415) can0 2A7#00005689FFFFF5D5
(1790951869.874674) can0 2A1#0100010000000000
(1790951869.874773) can0 2A2#0000CCC6000003CA
(1790951869.874917) can0 2A3#0002B94BFFFD7389
(1790951869.875016) can0 2A4#00011AC6FFFD7B82
(1790951869.875141) can0 2A5#000007BF00000000
(1790951869.875264) can0 2A6#00000000FFFFFA7E
(1790951869.875389) can0 2A7#00005689FFFFF5D5
(1790951869.879672) can0 2A1#0100010000000000
(1790951869.879789) can0 2A2#0000CCC6000003CA
(1790951869.879917) can0 2A3#0002B94BFFFD7389
(1790951869.880039) can0 2A4#00011AC6FFFD7B82
(1790951869.880166) can0 2A5#000007BF00000000
(1790951869.880291) can0 2A6#00000000FFFFFA7E
(1790951869.880392) can0 2A7#00005689FFFFF5D5
(1790951869.884677) can0 2A1#0100010000000000
(1790951869.884792) can0 2A2#0000CCC6000003CA
(1790951869.884914) can0 2A3#0002B94BFFFD7389
(1790951869.885014) can0 2A4#00011AC6FFFD7B82
(1790951869.885142) can0 2A5#000007BF00000000
(1790951869.885264) can0 2A6#00000000FFFFFA7E
(1790951869.885392) can0 2A7#00005689FFFFF5D5
(1790951869.889700) can0 2A1#0100010000000000
(1790951869.889798) can0 2A2#0000CCC6000003CA
(1790951869.889916) can0 2A3#0002B94BFFFD7389
(1790951869.890039) can0 2A4#00011AC6FFFD7B82
(1790951869.890140) can0 2A5#000007BF00000000
(1790951869.890264) can0 2A6#00000000FFFFFA7E
(1790951869.890392) can0 2A7#00005689FFFFF5D5
(1790951869.894670) can0 2A1#0100010000000000
(1790951869.894789) can0 2A2#0000CCC6000003CA
(1790951869.894915) can0 2A3#0002B94BFFFD7389
(1790951869.895014) can0 2A4#00011AC6FFFD7B82
(1790951869.895142) can0 2A5#000007BF00000000
(1790951869.895266) can0 2A6#00000000FFFFFA7E
(1790951869.895390) can0 2A7#00005689FFFFF5D5
(1790951869.899672) can0 2A1#0100010000000000
(1790951869.899789) can0 2A2#0000CCC6000003CA
(1790951869.899916) can0 2A3#0002B94BFFFD7389
(1790951869.900042) can0 2A4#00011AC6FFFD7B82
(1790951869.900166) can0 2A5#000007BF00000000
(1790951869.900292) can0 2A6#00000000FFFFFA7E
(1790951869.900414) can0 2A7#00005689FFFFF5D5
(1790951869.904669) can0 2A1#0100010000000000
(1790951869.904790) can0 2A2#0000CCC6000003CA
(1790951869.904917) can0 2A3#0002B94BFFFD7389
(1790951869.905017) can0 2A4#00011AC6FFFD7B82
(1790951869.905141) can0 2A5#000007BF00000000
(1790951869.905267) can0 2A6#00000000FFFFFA7E
(1790951869.905389) can0 2A7#00005689FFFFF5D5
(1790951869.909698) can0 2A1#0100010000000000
(1790951869.909822) can0 2A2#0000CCC6000003CA
(1790951869.909916) can0 2A3#0002B94BFFFD7389
(1790951869.910040) can0 2A4#00011AC6FFFD7B82
(1790951869.910166) can0 2A5#000007BF00000000
(1790951869.910292) can0 2A6#00000000FFFFFA7E
(1790951869.910392) can0 2A7#00005689FFFFF5D5
(1790951869.914669) can0 2A1#0100010000000000
(1790951869.914795) can0 2A2#0000CCC6000003CA
(1790951869.914917) can0 2A3#0002B94BFFFD7389
(1790951869.915015) can0 2A4#00011AC6FFFD7B82
(1790951869.915141) can0 2A5#000007BF00000000
(1790951869.915267) can0 2A6#00000000FFFFFA7E
(1790951869.915392) can0 2A7#00005689FFFFF5D5
(1790951869.919669) can0 2A1#0100010000000000
(1790951869.919790) can0 2A2#0000CCC6000003CA
(1790951869.919918) can0 2A3#0002B94BFFFD7389
(1790951869.920042) can0 2A4#00011AC6FFFD7B82
(1790951869.920166) can0 2A5#000007BF00000000
(1790951869.920292) can0 2A6#00000000FFFFFA7E
(1790951869.920391) can0 2A7#00005689FFFFF5D5
(1790951869.924669) can0 2A1#0100010000000000
(1790951869.924789) can0 2A2#0000CCC6000003CA
(1790951869.924917) can0 2A3#0002B94BFFFD7389
(1790951869.925014) can0 2A4#00011AC6FFFD7B82
(1790951869.925142) can0 2A5#000007BF00000000
(1790951869.925265) can0 2A6#00000000FFFFFA7E
(1790951869.925390) can0 2A7#00005689FFFFF5D5
(1790951869.929694) can0 2A1#0100010000000000
(1790951869.929790) can0 2A2#0000CCC6000003CA
(1790951869.929914) can0 2A3#0002B94BFFFD7389
(1790951869.930039) can0 2A4#00011AC6FFFD7B82
(1790951869.930166) can0 2A5#000007BF00000000
(1790951869.930291) can0 2A6#00000000FFFFFA7E
(1790951869.930417) can0 2A7#00005689FFFFF5D5
(1790951869.934671) can0 2A1#0100010000000000
(1790951869.934803) can0 2A2#0000CCC6000003CA
(1790951869.934916) can0 2A3#0002B94BFFFD7389
(1790951869.935017) can0 2A4#00011AC6FFFD7B82
(1790951869.935142) can0 2A5#000007BF00000000
(1790951869.935266) can0 2A6#00000000FFFFFA7E
(1790951869.935390) can0 2A7#00005689FFFFF5D5
(1790951869.939704) can0 2A1#0100010000000000
(1790951869.939817) can0 2A2#0000CCC6000003CA
(1790951869.939918) can0 2A3#0002B94BFFFD7389
(1790951869.940040) can0 2A4#00011AC6FFFD7B82
(1790951869.940179) can0 2A5#000007BF00000000
(1790951869.940290) can0 2A6#00000000FFFFFA7E
(1790951869.940389) can0 2A7#00005689FFFFF5D5
(1790951869.944675) can0 2A1#0100010000000000
(1790951869.944798) can0 2A2#0000CCC6000003CA
(1790951869.944917) can0 2A3#0002B94BFFFD7389
(1790951869.945015) can0 2A4#00011AC6FFFD7B82
(1790951869.945142) can0 2A5#000007BF00000000
(1790951869.945266) can0 2A6#00000000FFFFFA7E
(1790951869.945391) can0 2A7#00005689FFFFF5D5
(1790951869.949700) can0 2A1#0100010000000000
(1790951869.949815) can0 2A2#0000CCC6000003CA
(1790951869.949916) can0 2A3#0002B94BFFFD7389
(1790951869.950040) can0 2A4#00011AC6FFFD7B82
(1790951869.950779) can0 2A5#000007BF00000000
(1790951869.950781) can0 2A6#00000000FFFFFA7E
(1790951869.950782) can0 2A7#00005689FFFFF5D5
(1790951869.954671) can0 2A1#0100010000000000
(1790951869.954767) can0 2A2#0000CCC6000003CA
(1790951869.954916) can0 2A3#0002B94BFFFD7389
(1790951869.955017) can0 2A4#00011AC6FFFD7B82
(1790951869.955143) can0 2A5#000007BF00000000
(1790951869.955266) can0 2A6#00000000FFFFFA7E
(1790951869.955390) can0 2A7#00005689FFFFF5D5
(1790951869.959698) can0 2A1#0100010000000000
(1790951869.959795) can0 2A2#0000CCC6000003CA
(1790951869.959916) can0 2A3#0002B94BFFFD7389
(1790951869.960040) can0 2A4#00011AC6FFFD7B82
(1790951869.960140) can0 2A5#000007BF00000000
(1790951869.960311) can0 2A6#00000000FFFFFA7E
(1790951869.960392) can0 2A7#00005689FFFFF5D5
(1790951869.964668) can0 2A1#0100010000000000
(1790951869.964789) can0 2A2#0000CCC6000003CA
(1790951869.964915) can0 2A3#0002B94BFFFD7389
(1790951869.965015) can0 2A4#00011AC6FFFD7B82
(1790951869.965141) can0 2A5#000007BF00000000
(1790951869.965265) can0 2A6#00000000FFFFFA7E
(1790951869.965391) can0 2A7#00005689FFFFF5D5
(1790951869.969668) can0 2A1#0100010000000000
(1790951869.969789) can0 2A2#0000CCC6000003CA
(1790951869.969916) can0 2A3#0002B94BFFFD7389
(1790951869.970040) can0 2A4#00011AC6FFFD7B82
(1790951869.970139) can0 2A5#000007BF00000000
(1790951869.970266) can0 2A6#00000000FFFFFA7E
(1790951869.970391) can0 2A7#00005689FFFFF5D5
(1790951869.974673) can0 2A1#0100010000000000
(1790951869.974792) can0 2A2#0000CCC6000003CA
(1790951869.974916) can0 2A3#0002B94BFFFD7389
(1790951869.975016) can0 2A4#00011AC6FFFD7B82
(1790951869.975141) can0 2A5#000007BF00000000
(1790951869.975265) can0 2A6#00000000FFFFFA7E
(1790951869.975392) can0 2A7#00005689FFFFF5D5
(1790951869.979691) can0 2A1#0100010000000000
(1790951869.979816) can0 2A2#0000CCC6000003CA
(1790951869.979918) can0 2A3#0002B94BFFFD7389
(1790951869.980042) can0 2A4#00011AC6FFFD7B82
(1790951869.980166) can0 2A5#000007BF00000000
(1790951869.980291) can0 2A6#00000000FFFFFA7E
(1790951869.980392) can0 2A7#00005689FFFFF5D5
(1790951869.984672) can0 2A1#0100010000000000
(1790951869.984792) can0 2A2#0000CCC6000003CA
(1790951869.984893) can0 2A3#0002B94BFFFD7389
(1790951869.985016) can0 2A4#00011AC6FFFD7B82
(1790951869.985166) can0 2A5#000007BF00000000
(1790951869.985265) can0 2A6#00000000FFFFFA7E
(1790951869.985391) can0 2A7#00005689FFFFF5D5
(1790951869.989710) can0 2A1#0100010000000000
(1790951869.989790) can0 2A2#0000CCC6000003CA
(1790951869.989916) can0 2A3#0002B94BFFFD7389
(1790951869.990041) can0 2A4#00011AC6FFFD7B82
(1790951869.990139) can0 2A5#000007BF00000000
(1790951869.990267) can0 2A6#00000000FFFFFA7E
(1790951869.990415) can0 2A7#00005689FFFFF5D5
(1790951869.994671) can0 2A1#0100010000000000
(1790951869.994792) can0 2A2#0000CCC6000003CA
(1790951869.994917) can0 2A3#0002B94BFFFD7389
(1790951869.995043) can0 2A4#00011AC6FFFD7B82
(1790951869.995141) can0 2A5#000007BF00000000
(1790951869.995267) can0 2A6#00000000FFFFFA7E
(1790951869.995390) can0 2A7#00005689FFFFF5D5
(1790951869.999720) can0 2A1#0100010000000000
(1790951869.999796) can0 2A2#0000CCC6000003CA
(1790951869.999924) can0 2A3#0002B94BFFFD7389
(1790951870.000049) can0 2A4#00011AC6FFFD7B82
(1790951870.000143) can0 2A5#000007BF00000000
(1790951870.000290) can0 2A6#00000000FFFFFA7E
(1790951870.000390) can0 2A7#00005689FFFFF5D5
(1790951870.004673) can0 2A1#0100010000000000
(1790951870.004790) can0 2A2#0000CCC6000003CA
(1790951870.004918) can0 2A3#0002B94BFFFD7389
(1790951870.005017) can0 2A4#00011AC6FFFD7B82
(1790951870.005140) can0 2A5#000007BF00000000
(1790951870.005266) can0 2A6#00000000FFFFFA7E
(1790951870.005391) can0 2A7#00005689FFFFF5D5
(1790951870.009676) can0 2A1#0100010000000000
(1790951870.009789) can0 2A2#0000CCC6000003CA
(1790951870.009916) can0 2A3#0002B94BFFFD7389
(1790951870.010047) can0 2A4#00011AC6FFFD7B82
(1790951870.010168) can0 2A5#000007BF00000000
(1790951870.010292) can0 2A6#00000000FFFFFA7E
(1790951870.010391) can0 2A7#00005689FFFFF5D5
(1790951870.014666) can0 2A1#0100010000000000
(1790951870.014791) can0 2A2#0000CCC6000003CA
(1790951870.014893) can0 2A3#0002B94BFFFD7389
(1790951870.015018) can0 2A4#00011AC6FFFD7B82
(1790951870.015170) can0 2A5#000007BF00000000
(1790951870.015267) can0 2A6#00000000FFFFFA7E
(1790951870.015393) can0 2A7#00005689FFFFF5D5
(1790951870.019702) can0 2A1#0100010000000000
(1790951870.019816) can0 2A2#0000CCC6000003CA
(1790951870.019918) can0 2A3#0002B94BFFFD7389
(1790951870.020016) can0 2A4#00011AC6FFFD7B82
(1790951870.020166) can0 2A5#000007BF00000000
(1790951870.020292) can0 2A6#00000000FFFFFA7E
(1790951870.020416) can0 2A7#00005689FFFFF5D5
(1790951870.024674) can0 2A1#0100010000000000
(1790951870.024794) can0 2A2#0000CCC6000003CA
(1790951870.024915) can0 2A3#0002B94BFFFD7389
(1790951870.025016) can0 2A4#00011AC6FFFD7B82
(1790951870.025141) can0 2A5#000007BF00000000
(1790951870.025266) can0 2A6#00000000FFFFFA7E
(1790951870.025391) can0 2A7#00005689FFFFF5D5
(1790951870.029703) can0 2A1#0100010000000000
(1790951870.029817) can0 2A2#0000CCC6000003CA
(1790951870.029916) can0 2A3#0002B94BFFFD7389
(1790951870.030041) can0 2A4#00011AC6FFFD7B82
(1790951870.030169) can0 2A5#000007BF00000000
(1790951870.030291) can0 2A6#00000000FFFFFA7E
(1790951870.030392) can0 2A7#00005689FFFFF5D5
(1790951870.034684) can0 2A1#0100010000000000
(1790951870.034791) can0 2A2#0000CCC6000003CA
(1790951870.034920) can0 2A3#0002B94BFFFD7389
(1790951870.035016) can0 2A4#00011AC6FFFD7B82
(1790951870.035141) can0 2A5#000007BF00000000
(1790951870.035268) can0 2A6#00000000FFFFFA7E
(1790951870.035393) can0 2A7#00005689FFFFF5D5
(1790951870.039702) can0 2A1#0100010000000000
(1790951870.039792) can0 2A2#0000CCC6000003CA
(1790951870.039919) can0 2A3#0002B94BFFFD7389
(1790951870.040044) can0 2A4#00011AC6FFFD7B82
(1790951870.040141) can0 2A5#000007BF00000000
(1790951870.040294) can0 2A6#00000000FFFFFA7E
(1790951870.040392) can0 2A7#00005689FFFFF5D5
(1790951870.044674) can0 2A1#0100010000000000
(1790951870.044790) can0 2A2#0000CCC6000003CA
(1790951870.044917) can0 2A3#0002B94BFFFD7389
(1790951870.045016) can0 2A4#00011AC6FFFD7B82
(1790951870.045142) can0 2A5#000007BF00000000
(1790951870.045267) can0 2A6#00000000FFFFFA7E
(1790951870.045392) can0 2A7#00005689FFFFF5D5
(1790951870.049703) can0 2A1#0100010000000000
(1790951870.049791) can0 2A2#0000CCC6000003CA
(1790951870.049917) can0 2A3#0002B94BFFFD7389
(1790951870.050041) can0 2A4#00011AC6FFFD7B82
(1790951870.050166) can0 2A5#000007BF00000000
(1790951870.050292) can0 2A6#00000000FFFFFA7E
(1790951870.050417) can0 2A7#00005689FFFFF5D5
(1790951870.054673) can0 2A1#0100010000000000
(1790951870.054792) can0 2A2#0000CCC6000003CA
(1790951870.054917) can0 2A3#0002B94BFFFD7389
(1790951870.055018) can0 2A4#00011AC6FFFD7B82
(1790951870.055142) can0 2A5#000007BF00000000
(1790951870.055268) can0 2A6#00000000FFFFFA7E
(1790951870.055390) can0 2A7#00005689FFFFF5D5
(1790951870.059707) can0 2A1#0100010000000000
(1790951870.059816) can0 2A2#0000CCC6000003CA
(1790951870.059919) can0 2A3#0002B94BFFFD7389
(1790951870.060043) can0 2A4#00011AC6FFFD7B82
(1790951870.060144) can0 2A5#000007BF00000000
(1790951870.060265) can0 2A6#00000000FFFFFA7E
(1790951870.060390) can0 2A7#00005689FFFFF5D5
(1790951870.064674) can0 2A1#0100010000000000
(1790951870.064791) can0 2A2#0000CCC6000003CA
(1790951870.064893) can0 2A3#0002B94BFFFD7389
(1790951870.065042) can0 2A4#00011AC6FFFD7B82
(1790951870.065141) can0 2A5#000007BF00000000
(1790951870.065266) can0 2A6#00000000FFFFFA7E
(1790951870.065394) can0 2A7#00005689FFFFF5D5
(1790951870.069703) can0 2A1#0100010000000000
(1790951870.069817) can0 2A2#0000CCC6000003CA
(1790951870.069917) can0 2A3#0002B94BFFFD7389
(1790951870.070042) can0 2A4#00011AC6FFFD7B82
(1790951870.070140) can0 2A5#000007BF00000000
(1790951870.070268) can0 2A6#00000000FFFFFA7E
(1790951870.070392) can0 2A7#00005689FFFFF5D5
(1790951870.074674) can0 2A1#0100010000000000
(1790951870.074790) can0 2A2#0000CCC6000003CA
(1790951870.074915) can0 2A3#0002B94BFFFD7389
(1790951870.075016) can0 2A4#00011AC6FFFD7B82
(1790951870.075141) can0 2A5#000007BF00000000
(1790951870.075267) can0 2A6#00000000FFFFFA7E
(1790951870.075390) can0 2A7#00005689FFFFF5D5
(1790951870.079705) can0 2A1#0100010000000000
(1790951870.079793) can0 2A2#0000CCC6000003CA
(1790951870.079917) can0 2A3#0002B94BFFFD7389
(1790951870.080016) can0 2A4#00011AC6FFFD7B82
(1790951870.080142) can0 2A5#000007BF00000000
(1790951870.080292) can0 2A6#00000000FFFFFA7E
(1790951870.080390) can0 2A7#00005689FFFFF5D5
(1790951870.084675) can0 2A1#0100010000000000
(1790951870.084792) can0 2A2#0000CCC6000003CA
(1790951870.084917) can0 2A3#0002B94BFFFD7389
(1790951870.085015) can0 2A4#00011AC6FFFD7B82
(1790951870.085140) can0 2A5#000007BF00000000
(1790951870.085267) can0 2A6#00000000FFFFFA7E
(1790951870.085392) can0 2A7#00005689FFFFF5D5
(1790951870.089696) can0 2A1#0100010000000000
(1790951870.089792) can0 2A2#0000CCC6000003CA
(1790951870.089919) can0 2A3#0002B94BFFFD7389
(1790951870.090042) can0 2A4#00011AC6FFFD7B82
(1790951870.090146) can0 2A5#000007BF00000000
(1790951870.090292) can0 2A6#00000000FFFFFA7E
(1790951870.090392) can0 2A7#00005689FFFFF5D5
(1790951870.094675) can0 2A1#0100010000000000
(1790951870.094790) can0 2A2#0000CCC6000003CA
(1790951870.094918) can0 2A3#0002B94BFFFD7389
(1790951870.095018) can0 2A4#00011AC6FFFD7B82
(1790951870.095142) can0 2A5#000007BF00000000
(1790951870.095267) can0 2A6#00000000FFFFFA7E
(1790951870.095392) can0 2A7#00005689FFFFF5D5
(1790951870.099685) can0 2A1#0100010000000000
(1790951870.099792) can0 2A2#0000CCC6000003CA
(1790951870.099917) can0 2A3#0002B94BFFFD7389
(1790951870.100042) can0 2A4#00011AC6FFFD7B82
(1790951870.100167) can0 2A5#000007BF00000000
(1790951870.100292) can0 2A6#00000000FFFFFA7E
(1790951870.100393) can0 2A7#00005689FFFFF5D5
(1790951870.104671) can0 2A1#0100010000000000
(1790951870.104794) can0 2A2#0000CCC6000003CA
(1790951870.104917) can0 2A3#0002B94BFFFD7389
(1790951870.105016) can0 2A4#00011AC6FFFD7B82
(1790951870.105141) can0 2A5#000007BF00000000
(1790951870.105266) can0 2A6#00000000FFFFFA7E
(1790951870.105390) can0 2A7#00005689FFFFF5D5
(1790951870.109695) can0 2A1#0100010000000000
(1790951870.109795) can0 2A2#0000CCC6000003CA
(1790951870.109917) can0 2A3#0002B94BFFFD7389
(1790951870.110042) can0 2A4#00011AC6FFFD7B82
(1790951870.110166) can0 2A5#000007BF00000000
(1790951870.110292) can0 2A6#00000000FFFFFA7E
(1790951870.110417) can0 2A7#00005689FFFFF5D5
(1790951870.114671) can0 2A1#0100010000000000
(1790951870.114792) can0 2A2#0000CCC6000003CA
(1790951870.114917) can0 2A3#0002B94BFFFD7389
(1790951870.115041) can0 2A4#00011AC6FFFD7B82
(1790951870.115140) can0 2A5#000007BF00000000
(1790951870.115268) can0 2A6#00000000FFFFFA7E
(1790951870.115390) can0 2A7#00005689FFFFF5D5
(1790951870.119699) can0 2A1#0100010000000000
(1790951870.119792) can0 2A2#0000CCC6000003CA
(1790951870.119919) can0 2A3#0002B94BFFFD7389
(1790951870.120040) can0 2A4#00011AC6FFFD7B82
(1790951870.120168) can0 2A5#000007BF00000000
(1790951870.120266) can0 2A6#00000000FFFFFA7E
(1790951870.120393) can0 2A7#00005689FFFFF5D5
(1790951870.124671) can0 2A1#0100010000000000
(1790951870.124793) can0 2A2#0000CCC6000003CA
(1790951870.124894) can0 2A3#0002B94BFFFD7389
(1790951870.125021) can0 2A4#00011AC6FFFD7B82
(1790951870.125169) can0 2A5#000007BF00000000
(1790951870.125269) can0 2A6#00000000FFFFFA7E
(1790951870.125394) can0 2A7#00005689FFFFF5D5
(1790951870.129702) can0 2A1#0100010000000000
(1790951870.129799) can0 2A2#0000CCC6000003CA
(1790951870.129919) can0 2A3#0002B94BFFFD7389
(1790951870.130041) can0 2A4#00011AC6FFFD7B82
(1790951870.130143) can0 2A5#000007BF00000000
(1790951870.130291) can0 2A6#00000000FFFFFA7E
(1790951870.130391) can0 2A7#00005689FFFFF5D5
(1790951870.134679) can0 2A1#0100010000000000
(1790951870.134792) can0 2A2#0000CCC6000003CA
(1790951870.134916) can0 2A3#0002B94BFFFD7389
(1790951870.135044) can0 2A4#00011AC6FFFD7B82
(1790951870.135143) can0 2A5#000007BF00000000
(1790951870.135268) can0 2A6#00000000FFFFFA7E
(1790951870.135393) can0 2A7#00005689FFFFF5D5
(1790951870.139700) can0 2A1#0100010000000000
(1790951870.139790) can0 2A2#0000CCC6000003CA
(1790951870.139918) can0 2A3#0002B94BFFFD7389
(1790951870.140046) can0 2A4#00011AC6FFFD7B82
(1790951870.140167) can0 2A5#000007BF00000000
(1790951870.140294) can0 2A6#00000000FFFFFA7E
(1790951870.140420) can0 2A7#00005689FFFFF5D5
(1790951870.144674) can0 2A1#0100010000000000
(1790951870.144792) can0 2A2#0000CCC6000003CA
(1790951870.144918) can0 2A3#0002B94BFFFD7389
(1790951870.145019) can0 2A4#00011AC6FFFD7B82
(1790951870.145144) can0 2A5#000007BF00000000
(1790951870.145268) can0 2A6#00000000FFFFFA7E
(1790951870.145392) can0 2A7#00005689FFFFF5D5
(1790951870.149686) can0 2A1#0100010000000000
(1790951870.149817) can0 2A2#0000CCC6000003CA
(1790951870.149919) can0 2A3#0002B94BFFFD7389
(1790951870.150044) can0 2A4#00011AC6FFFD7B82
(1790951870.150169) can0 2A5#000007BF00000000
(1790951870.150268) can0 2A6#00000000FFFFFA7E
(1790951870.150393) can0 2A7#00005689FFFFF5D5
(1790951870.154676) can0 2A1#0100010000000000
(1790951870.154791) can0 2A2#0000CCC6000003CA
(1790951870.154918) can0 2A3#0002B94BFFFD7389
(1790951870.155016) can0 2A4#00011AC6FFFD7B82
(1790951870.155141) can0 2A5#000007BF00000000
(1790951870.155269) can0 2A6#00000000FFFFFA7E
(1790951870.155394) can0 2A7#00005689FFFFF5D5
(1790951870.159702) can0 2A1#0100010000000000
(1790951870.159798) can0 2A2#0000CCC6000003CA
(1790951870.159919) can0 2A3#0002B94BFFFD7389
(1790951870.160043) can0 2A4#00011AC6FFFD7B82
(1790951870.160170) can0 2A5#000007BF00000000
(1790951870.160291) can0 2A6#00000000FFFFFA7E
(1790951870.160416) can0 2A7#00005689FFFFF5D5
(1790951870.164676) can0 2A1#0100010000000000
(1790951870.164792) can0 2A2#0000CCC6000003CA
(1790951870.164919) can0 2A3#0002B94BFFFD7389
(1790951870.165043) can0 2A4#00011AC6FFFD7B82
(1790951870.165144) can0 2A5#000007BF00000000
(1790951870.165276) can0 2A6#00000000FFFFFA7E
(1790951870.165393) can0 2A7#00005689FFFFF5D5
(1790951870.169698) can0 2A1#0100010000000000
(1790951870.169796) can0 2A2#0000CCC6000003CA
(1790951870.169920) can0 2A3#0002B94BFFFD7389
(1790951870.170041) can0 2A4#00011AC6FFFD7B82
(1790951870.170144) can0 2A5#000007BF00000000
(1790951870.170293) can0 2A6#00000000FFFFFA7E
(1790951870.170392) can0 2A7#00005689FFFFF5D5
(1790951870.174677) can0 2A1#0100010000000000
(1790951870.174795) can0 2A2#0000CCC6000003CA
(1790951870.174919) can0 2A3#0002B94BFFFD7389
(1790951870.175017) can0 2A4#00011AC6FFFD7B82
(1790951870.175142) can0 2A5#000007BF00000000
(1790951870.175268) can0 2A6#00000000FFFFFA7E
(1790951870.175392) can0 2A7#00005689FFFFF5D5
(1790951870.179705) can0 2A1#0100010000000000
(1790951870.179819) can0 2A2#0000CCC6000003CA
(1790951870.179919) can0 2A3#0002B94BFFFD7389
(1790951870.180044) can0 2A4#00011AC6FFFD7B82
(1790951870.180144) can0 2A5#000007BF00000000
(1790951870.180268) can0 2A6#00000000FFFFFA7E
(1790951870.180418) can0 2A7#00005689FFFFF5D5
(1790951870.184674) can0 2A1#0100010000000000
(1790951870.184792) can0 2A2#0000CCC6000003CA
(1790951870.184916) can0 2A3#0002B94BFFFD7389
(1790951870.185041) can0 2A4#00011AC6FFFD7B82
(1790951870.185141) can0 2A5#000007BF00000000
(1790951870.185269) can0 2A6#00000000FFFFFA7E
(1790951870.185393) can0 2A7#00005689FFFFF5D5
(1790951870.189676) can0 2A1#0100010000000000
(1790951870.189799) can0 2A2#0000CCC6000003CA
(1790951870.189919) can0 2A3#0002B94BFFFD7389
(1790951870.190042) can0 2A4#00011AC6FFFD7B82
(1790951870.190166) can0 2A5#000007BF00000000
(1790951870.190291) can0 2A6#00000000FFFFFA7E
(1790951870.190392) can0 2A7#00005689FFFFF5D5
(1790951870.194674) can0 2A1#0100010000000000
(1790951870.194791) can0 2A2#0000CCC6000003CA
(1790951870.194920) can0 2A3#0002B94BFFFD7389
(1790951870.195017) can0 2A4#00011AC6FFFD7B82
(1790951870.195168) can0 2A5#000007BF00000000
(1790951870.195293) can0 2A6#00000000FFFFFA7E
(1790951870.195392) can0 2A7#00005689FFFFF5D5
(1790951870.199705) can0 2A1#0100010000000000
(1790951870.199815) can0 2A2#0000CCC6000003CA
(1790951870.199918) can0 2A3#0002B94BFFFD7389
(1790951870.200043) can0 2A4#00011AC6FFFD7B82
(1790951870.200167) can0 2A5#000007BF00000000
(1790951870.200293) can0 2A6#00000000FFFFFA7E
(1790951870.200418) can0 2A7#00005689FFFFF5D5
(1790951870.204672) can0 2A1#0100010000000000
(1790951870.204793) can0 2A2#0000CCC6000003CA
(1790951870.204922) can0 2A3#0002B94BFFFD7389
(1790951870.205043) can0 2A4#00011AC6FFFD7B82
(1790951870.205143) can0 2A5#000007BF00000000
(1790951870.205267) can0 2A6#00000000FFFFFA7E
(1790951870.205393) can0 2A7#00005689FFFFF5D5
(1790951870.209699) can0 2A1#0100010000000000
(1790951870.209795) can0 2A2#0000CCC6000003CA
(1790951870.209919) can0 2A3#0002B94BFFFD7389
(1790951870.210043) can0 2A4#00011AC6FFFD7B82
(1790951870.210168) can0 2A5#000007BF00000000
(1790951870.210299) can0 2A6#00000000FFFFFA7E
(1790951870.210420) can0 2A7#00005689FFFFF5D5
(1790951870.214669) can0 2A1#0100010000000000
(1790951870.214790) can0 2A2#0000CCC6000003CA
(1790951870.214918) can0 2A3#0002B94BFFFD7389
(1790951870.215041) can0 2A4#00011AC6FFFD7B82
(1790951870.215141) can0 2A5#000007BF00000000
(1790951870.215297) can0 2A6#00000000FFFFFA7E
(1790951870.215392) can0 2A7#00005689FFFFF5D5
(1790951870.219698) can0 2A1#0100010000000000
(1790951870.219791) can0 2A2#0000CCC6000003CA
(1790951870.219918) can0 2A3#0002B94BFFFD7389
(1790951870.220044) can0 2A4#00011AC6FFFD7B82
(1790951870.220142) can0 2A5#000007BF00000000
(1790951870.220292) can0 2A6#00000000FFFFFA7E
(1790951870.220394) can0 2A7#00005689FFFFF5D5
(1790951870.224674) can0 2A1#0100010000000000
(1790951870.224791) can0 2A2#0000CCC6000003CA
(1790951870.224919) can0 2A3#0002B94BFFFD7389
(1790951870.225026) can0 2A4#00011AC6FFFD7B82
(1790951870.225169) can0 2A5#000007BF00000000
(1790951870.225271) can0 2A6#00000000FFFFFA7E
(1790951870.225392) can0 2A7#00005689FFFFF5D5
(1790951870.229719) can0 2A1#0100010000000000
(1790951870.229817) can0 2A2#0000CCC6000003CA
(1790951870.229918) can0 2A3#0002B94BFFFD7389
(1790951870.230044) can0 2A4#00011AC6FFFD7B82
(1790951870.230142) can0 2A5#000007BF00000000
(1790951870.230267) can0 2A6#00000000FFFFFA7E
(1790951870.230416) can0 2A7#00005689FFFFF5D5
(1790951870.234674) can0 2A1#0100010000000000
(1790951870.234791) can0 2A2#0000CCC6000003CA
(1790951870.234920) can0 2A3#0002B94BFFFD7389
(1790951870.235020) can0 2A4#00011AC6FFFD7B82
(1790951870.235142) can0 2A5#000007BF00000000
(1790951870.235269) can0 2A6#00000000FFFFFA7E
(1790951870.235392) can0 2A7#00005689FFFFF5D5
(1790951870.239702) can0 2A1#0100010000000000
(1790951870.239818) can0 2A2#0000CCC6000003CA
(1790951870.239917) can0 2A3#0002B94BFFFD7389
(1790951870.240045) can0 2A4#00011AC6FFFD7B82
(1790951870.240168) can0 2A5#000007BF00000000
(1790951870.240293) can0 2A6#00000000FFFFFA7E
(1790951870.240393) can0 2A7#00005689FFFFF5D5
(1790951870.244677) can0 2A1#0100010000000000
(1790951870.244791) can0 2A2#0000CCC6000003CA
(1790951870.244920) can0 2A3#0002B94BFFFD7389
(1790951870.245042) can0 2A4#00011AC6FFFD7B82
(1790951870.245142) can0 2A5#000007BF00000000
(1790951870.245268) can0 2A6#00000000FFFFFA7E
(1790951870.245393) can0 2A7#00005689FFFFF5D5
(1790951870.249701) can0 2A1#0100010000000000
(1790951870.249798) can0 2A2#0000CCC6000003CA
(1790951870.249919) can0 2A3#0002B94BFFFD7389
(1790951870.250042) can0 2A4#00011AC6FFFD7B82
(1790951870.250169) can0 2A5#000007BF00000000
(1790951870.250294) can0 2A6#00000000FFFFFA7E
(1790951870.250418) can0 2A7#00005689FFFFF5D5
(1790951870.254677) can0 2A1#0100010000000000
(1790951870.254792) can0 2A2#0000CCC6000003CA
(1790951870.254919) can0 2A3#0002B94BFFFD7389
(1790951870.255045) can0 2A4#00011AC6FFFD7B82
(1790951870.255142) can0 2A5#000007BF00000000
(1790951870.255269) can0 2A6#00000000FFFFFA7E
(1790951870.255393) can0 2A7#00005689FFFFF5D5
(1790951870.259705) can0 2A1#0100010000000000
(1790951870.259799) can0 2A2#0000CCC6000003CA
(1790951870.259919) can0 2A3#0002B94BFFFD7389
(1790951870.260045) can0 2A4#00011AC6FFFD7B82
(1790951870.260169) can0 2A5#000007BF00000000
(1790951870.260292) can0 2A6#00000000FFFFFA7E
(1790951870.260418) can0 2A7#00005689FFFFF5D5
(1790951870.264673) can0 2A1#0100010000000000
(1790951870.264792) can0 2A2#0000CCC6000003CA
(1790951870.264920) can0 2A3#0002B94BFFFD7389
(1790951870.265043) can0 2A4#00011AC6FFFD7B82
(1790951870.265167) can0 2A5#000007BF00000000
(1790951870.265292) can0 2A6#00000000FFFFFA7E
(1790951870.265392) can0 2A7#00005689FFFFF5D5
(1790951870.269702) can0 2A1#0100010000000000
(1790951870.269791) can0 2A2#0000CCC6000003CA
(1790951870.269919) can0 2A3#0002B94BFFFD7389
(1790951870.270042) can0 2A4#00011AC6FFFD7B82
(1790951870.270142) can0 2A5#000007BF00000000
(1790951870.270269) can0 2A6#00000000FFFFFA7E
(1790951870.270418) can0 2A7#00005689FFFFF5D5
(1790951870.274677) can0 2A1#0100010000000000
(1790951870.274792) can0 2A2#0000CCC6000003CA
(1790951870.274920) can0 2A3#0002B94BFFFD7389
(1790951870.275017) can0 2A4#00011AC6FFFD7B82
(1790951870.275144) can0 2A5#000007BF00000000
(1790951870.275267) can0 2A6#00000000FFFFFA7E
(1790951870.275394) can0 2A7#00005689FFFFF5D5
(1790951870.279706) can0 2A1#0100010000000000
(1790951870.279796) can0 2A2#0000CCC6000003CA
(1790951870.279920) can0 2A3#0002B94BFFFD7389
(1790951870.280044) can0 2A4#00011AC6FFFD7B82
(1790951870.280170) can0 2A5#000007BF00000000
(1790951870.280294) can0 2A6#00000000FFFFFA7E
(1790951870.280417) can0 2A7#00005689FFFFF5D5
(1790951870.284678) can0 2A1#0100010000000000
(1790951870.284792) can0 2A2#0000CCC6000003CA
(1790951870.284919) can0 2A3#0002B94BFFFD7389
(1790951870.285017) can0 2A4#00011AC6FFFD7B82
(1790951870.285144) can0 2A5#000007BF00000000
(1790951870.285268) can0 2A6#00000000FFFFFA7E
(1790951870.285391) can0 2A7#00005689FFFFF5D5
(1790951870.289704) can0 2A1#0100010000000000
(1790951870.289816) can0 2A2#0000CCC6000003CA
(1790951870.289920) can0 2A3#0002B94BFFFD7389
(1790951870.290045) can0 2A4#00011AC6FFFD7B82
(1790951870.290167) can0 2A5#000007BF00000000
(1790951870.290294) can0 2A6#00000000FFFFFA7E
(1790951870.290392) can0 2A7#00005689FFFFF5D5
(1790951870.294679) can0 2A1#0100010000000000
(1790951870.294794) can0 2A2#0000CCC6000003CA
(1790951870.294895) can0 2A3#0002B94BFFFD7389
(1790951870.295018) can0 2A4#00011AC6FFFD7B82
(1790951870.295170) can0 2A5#000007BF00000000
(1790951870.295269) can0 2A6#00000000FFFFFA7E
(1790951870.295395) can0 2A7#00005689FFFFF5D5
(1790951870.299708) can0 2A1#0100010000000000
(1790951870.299817) can0 2A2#0000CCC6000003CA
(1790951870.299920) can0 2A3#0002B94BFFFD7389
(1790951870.300045) can0 2A4#00011AC6FFFD7B82
(1790951870.300171) can0 2A5#000007BF00000000
(1790951870.300292) can0 2A6#00000000FFFFFA7E
(1790951870.300395) can0 2A7#00005689FFFFF5D5
(1790951870.304678) can0 2A1#0100010000000000
(1790951870.304792) can0 2A2#0000CCC6000003CA
(1790951870.304918) can0 2A3#0002B94BFFFD7389
(1790951870.305042) can0 2A4#00011AC6FFFD7B82
(1790951870.305142) can0 2A5#000007BF00000000
(1790951870.305270) can0 2A6#00000000FFFFFA7E
(1790951870.305394) can0 2A7#00005689FFFFF5D5
(1790951870.309704) can0 2A1#0100010000000000
(1790951870.309798) can0 2A2#0000CCC6000003CA
(1790951870.309919) can0 2A3#0002B94BFFFD7389
(1790951870.310046) can0 2A4#00011AC6FFFD7B82
(1790951870.310170) can0 2A5#000007BF00000000
(1790951870.310294) can0 2A6#00000000FFFFFA7E
(1790951870.310418) can0 2A7#00005689FFFFF5D5
(1790951870.314679) can0 2A1#0100010000000000
(1790951870.314795) can0 2A2#0000CCC6000003CA
(1790951870.314920) can0 2A3#0002B94BFFFD7389
(1790951870.315041) can0 2A4#00011AC6FFFD7B82
(1790951870.315167) can0 2A5#000007BF00000000
(1790951870.315293) can0 2A6#00000000FFFFFA7E
(1790951870.315418) can0 2A7#00005689FFFFF5D5
(1790951870.319711) can0 2A1#0100010000000000
(1790951870.319819) can0 2A2#0000CCC6000003CA
(1790951870.319919) can0 2A3#0002B94BFFFD7389
(1790951870.320042) can0 2A4#00011AC6FFFD7B82
(1790951870.320170) can0 2A5#000007BF00000000
(1790951870.320292) can0 2A6#00000000FFFFFA7E
(1790951870.320428) can0 2A7#00005689FFFFF5D5
(1790951870.324670) can0 2A1#0100010000000000
(1790951870.324796) can0 2A2#0000CCC6000003CA
(1790951870.324924) can0 2A3#0002B94BFFFD7389
(1790951870.325019) can0 2A4#00011AC6FFFD7B82
(1790951870.325144) can0 2A5#000007BF00000000
(1790951870.325268) can0 2A6#00000000FFFFFA7E
(1790951870.325392) can0 2A7#00005689FFFFF5D5
(1790951870.329704) can0 2A1#0100010000000000
(1790951870.329816) can0 2A2#0000CCC6000003CA
(1790951870.329920) can0 2A3#0002B94BFFFD7389
(1790951870.330042) can0 2A4#00011AC6FFFD7B82
(1790951870.330168) can0 2A5#000007BF00000000
(1790951870.330297) can0 2A6#00000000FFFFFA7E
(1790951870.330394) can0 2A7#00005689FFFFF5D5
(1790951870.334679) can0 2A1#0100010000000000
(1790951870.334791) can0 2A2#0000CCC6000003CA
(1790951870.334919) can0 2A3#0002B94BFFFD7389
(1790951870.335018) can0 2A4#00011AC6FFFD7B82
(1790951870.335144) can0 2A5#000007BF00000000
(1790951870.335267) can0 2A6#00000000FFFFFA7E
(1790951870.335395) can0 2A7#00005689FFFFF5D5
(1790951870.339699) can0 2A1#0100010000000000
(1790951870.339796) can0 2A2#0000CCC6000003CA
(1790951870.339921) can0 2A3#0002B94BFFFD7389
(1790951870.340041) can0 2A4#00011AC6FFFD7B82
(1790951870.340171) can0 2A5#000007BF00000000
(1790951870.340292) can0 2A6#00000000FFFFFA7E
(1790951870.340417) can0 2A7#00005689FFFFF5D5
(1790951870.344673) can0 2A1#0100010000000000
(1790951870.344791) can0 2A2#0000CCC6000003CA
(1790951870.344920) can0 2A3#0002B94BFFFD7389
(1790951870.345044) can0 2A4#00011AC6FFFD7B82
(1790951870.345142) can0 2A5#000007BF00000000
(1790951870.345269) can0 2A6#00000000FFFFFA7E
(1790951870.345417) can0 2A7#00005689FFFFF5D5
(1790951870.349699) can0 2A1#0100010000000000
(1790951870.349791) can0 2A2#0000CCC6000003CA
(1790951870.349919) can0 2A3#0002B94BFFFD7389
(1790951870.350045) can0 2A4#00011AC6FFFD7B82
(1790951870.350171) can0 2A5#000007BF00000000
(1790951870.350295) can0 2A6#00000000FFFFFA7E
(1790951870.350420) can0 2A7#00005689FFFFF5D5
(1790951870.354674) can0 2A1#0100010000000000
(1790951870.354790) can0 2A2#0000CCC6000003CA
(1790951870.354917) can0 2A3#0002B94BFFFD7389
(1790951870.355016) can0 2A4#00011AC6FFFD7B82
(1790951870.355146) can0 2A5#000007BF00000000
(1790951870.355272) can0 2A6#00000000FFFFFA7E
(1790951870.355392) can0 2A7#00005689FFFFF5D5
(1790951870.359700) can0 2A1#0100010000000000
(1790951870.359817) can0 2A2#0000CCC6000003CA
(1790951870.359930) can0 2A3#0002B94BFFFD7389
(1790951870.360045) can0 2A4#00011AC6FFFD7B82
(1790951870.360170) can0 2A5#000007BF00000000
(1790951870.360296) can0 2A6#00000000FFFFFA7E
(1790951870.360425) can0 2A7#00005689FFFFF5D5
(1790951870.364675) can0 2A1#0100010000000000
(1790951870.364793) can0 2A2#0000CCC6000003CA
(1790951870.364919) can0 2A3#0002B94BFFFD7389
(1790951870.365017) can0 2A4#00011AC6FFFD7B82
(1790951870.365146) can0 2A5#000007BF00000000
(1790951870.365268) can0 2A6#00000000FFFFFA7E
(1790951870.365392) can0 2A7#00005689FFFFF5D5
(1790951870.369698) can0 2A1#0100010000000000
(1790951870.369818) can0 2A2#0000CCC6000003CA
(1790951870.369920) can0 2A3#0002B94BFFFD7389
(1790951870.370044) can0 2A4#00011AC6FFFD7B82
(1790951870.370168) can0 2A5#000007BF00000000
(1790951870.370295) can0 2A6#00000000FFFFFA7E
(1790951870.370394) can0 2A7#00005689FFFFF5D5
(1790951870.374672) can0 2A1#0100010000000000
(1790951870.374792) can0 2A2#0000CCC6000003CA
(1790951870.374918) can0 2A3#0002B94BFFFD7389
(1790951870.375045) can0 2A4#00011AC6FFFD7B82
(1790951870.375169) can0 2A5#000007BF00000000
(1790951870.375292) can0 2A6#00000000FFFFFA7E
(1790951870.375395) can0 2A7#00005689FFFFF5D5
(1790951870.379701) can0 2A1#0100010000000000
(1790951870.379817) can0 2A2#0000CCC6000003CA
(1790951870.379920) can0 2A3#0002B94BFFFD7389
(1790951870.380045) can0 2A4#00011AC6FFFD7B82
(1790951870.380175) can0 2A5#000007BF00000000
(1790951870.380294) can0 2A6#00000000FFFFFA7E
(1790951870.380419) can0 2A7#00005689FFFFF5D5
(1790951870.384687) can0 2A1#0100010000000000
(1790951870.384797) can0 2A2#0000CCC6000003CA
(1790951870.384918) can0 2A3#0002B94BFFFD7389
(1790951870.385020) can0 2A4#00011AC6FFFD7B82
(1790951870.385146) can0 2A5#000007BF00000000
(1790951870.385270) can0 2A6#00000000FFFFFA7E
(1790951870.385393) can0 2A7#00005689FFFFF5D5
(1790951870.389712) can0 2A1#0100010000000000
(1790951870.389817) can0 2A2#0000CCC6000003CA
(1790951870.389919) can0 2A3#0002B94BFFFD7389
(1790951870.390043) can0 2A4#00011AC6FFFD7B82
(1790951870.390143) can0 2A5#000007BF00000000
(1790951870.390268) can0 2A6#00000000FFFFFA7E
(1790951870.390400) can0 2A7#00005689FFFFF5D5
(1790951870.394675) can0 2A1#0100010000000000
(1790951870.394791) can0 2A2#0000CCC6000003CA
(1790951870.394920) can0 2A3#0002B94BFFFD7389
(1790951870.395044) can0 2A4#00011AC6FFFD7B82
(1790951870.395143) can0 2A5#000007BF00000000
(1790951870.395270) can0 2A6#00000000FFFFFA7E
(1790951870.395396) can0 2A7#00005689FFFFF5D5
(1790951870.399681) can0 2A1#0100010000000000
(1790951870.399793) can0 2A2#0000CCC6000003CA
(1790951870.399918) can0 2A3#0002B94BFFFD7389
(1790951870.400044) can0 2A4#00011AC6FFFD7B82
(1790951870.400168) can0 2A5#000007BF00000000
(1790951870.400292) can0 2A6#00000000FFFFFA7E
(1790951870.400424) can0 2A7#00005689FFFFF5D5
(1790951870.404674) can0 2A1#0100010000000000
(1790951870.404799) can0 2A2#0000CCC6000003CA
(1790951870.404920) can0 2A3#0002B94BFFFD7389
(1790951870.405018) can0 2A4#00011AC6FFFD7B82
(1790951870.405145) can0 2A5#000007BF00000000
(1790951870.405267) can0 2A6#00000000FFFFFA7E
(1790951870.405393) can0 2A7#00005689FFFFF5D5
(1790951870.409703) can0 2A1#0100010000000000
(1790951870.409794) can0 2A2#0000CCC6000003CA
(1790951870.409920) can0 2A3#0002B94BFFFD7389
(1790951870.410049) can0 2A4#00011AC6FFFD7B82
(1790951870.410169) can0 2A5#000007BF00000000
(1790951870.410292) can0 2A6#00000000FFFFFA7E
(1790951870.410392) can0 2A7#00005689FFFFF5D5
(1790951870.414672) can0 2A1#0100010000000000
(1790951870.414800) can0 2A2#0000CCC6000003CA
(1790951870.414919) can0 2A3#0002B94BFFFD7389
(1790951870.415016) can0 2A4#00011AC6FFFD7B82
(1790951870.415145) can0 2A5#000007BF00000000
(1790951870.415267) can0 2A6#00000000FFFFFA7E
(1790951870.415393) can0 2A7#00005689FFFFF5D5
(1790951870.419705) can0 2A1#0100010000000000
(1790951870.419823) can0 2A2#0000CCC6000003CA
(1790951870.419921) can0 2A3#0002B94BFFFD7389
(1790951870.420044) can0 2A4#00011AC6FFFD7B82
(1790951870.420170) can0 2A5#000007BF00000000
(1790951870.420294) can0 2A6#00000000FFFFFA7E
(1790951870.420393) can0 2A7#00005689FFFFF5D5
(1790951870.424673) can0 2A1#0100010000000000
(1790951870.424796) can0 2A2#0000CCC6000003CA
(1790951870.424922) can0 2A3#0002B94BFFFD7389
(1790951870.425043) can0 2A4#00011AC6FFFD7B82
(1790951870.425151) can0 2A5#000007BF00000000
(1790951870.425295) can0 2A6#00000000FFFFFA7E
(1790951870.425394) can0 2A7#00005689FFFFF5D5
(1790951870.429703) can0 2A1#0100010000000000
(1790951870.429817) can0 2A2#0000CCC6000003CA
(1790951870.429918) can0 2A3#0002B94BFFFD7389
(1790951870.430044) can0 2A4#00011AC6FFFD7B82
(1790951870.430170) can0 2A5#000007BF00000000
(1790951870.430295) can0 2A6#00000000FFFFFA7E
(1790951870.430394) can0 2A7#00005689FFFFF5D5
(1790951870.434674) can0 2A1#0100010000000000
(1790951870.434793) can0 2A2#0000CCC6000003CA
(1790951870.434931) can0 2A3#0002B94BFFFD7389
(1790951870.435043) can0 2A4#00011AC6FFFD7B82
(1790951870.435169) can0 2A5#000007BF00000000
(1790951870.435295) can0 2A6#00000000FFFFFA7E
(1790951870.435393) can0 2A7#00005689FFFFF5D5
(1790951870.439699) can0 2A1#0100010000000000
(1790951870.439817) can0 2A2#0000CCC6000003CA
(1790951870.439921) can0 2A3#0002B94BFFFD7389
(1790951870.440043) can0 2A4#00011AC6FFFD7B82
(1790951870.440167) can0 2A5#000007BF00000000
(1790951870.440295) can0 2A6#00000000FFFFFA7E
(1790951870.440419) can0 2A7#00005689FFFFF5D5
(1790951870.444677) can0 2A1#0100010000000000
(1790951870.444792) can0 2A2#0000CCC6000003CA
(1790951870.444920) can0 2A3#0002B94BFFFD7389
(1790951870.445045) can0 2A4#00011AC6FFFD7B82
(1790951870.445167) can0 2A5#000007BF00000000
(1790951870.445295) can0 2A6#00000000FFFFFA7E
(1790951870.445395) can0 2A7#00005689FFFFF5D5
(1790951870.449707) can0 2A1#0100010000000000
(1790951870.449817) can0 2A2#0000CCC6000003CA
(1790951870.449921) can0 2A3#0002B94BFFFD7389
(1790951870.450043) can0 2A4#00011AC6FFFD7B82
(1790951870.450168) can0 2A5#000007BF00000000
(1790951870.450267) can0 2A6#00000000FFFFFA7E
(1790951870.450420) can0 2A7#00005689FFFFF5D5
(1790951870.454677) can0 2A1#0100010000000000
(1790951870.454793) can0 2A2#0000CCC6000003CA
(1790951870.454918) can0 2A3#0002B94BFFFD7389
(1790951870.455044) can0 2A4#00011AC6FFFD7B82
(1790951870.455143) can0 2A5#000007BF00000000
(1790951870.455269) can0 2A6#00000000FFFFFA7E
(1790951870.455395) can0 2A7#00005689FFFFF5D5
(1790951870.459691) can0 2A1#0100010000000000
(1790951870.459818) can0 2A2#0000CCC6000003CA
(1790951870.459921) can0 2A3#0002B94BFFFD7389
(1790951870.460046) can0 2A4#00011AC6FFFD7B82
(1790951870.460175) can0 2A5#000007BF00000000
(1790951870.460294) can0 2A6#00000000FFFFFA7E
(1790951870.460395) can0 2A7#00005689FFFFF5D5
(1790951870.464680) can0 2A1#0100010000000000
(1790951870.464794) can0 2A2#0000CCC6000003CA
(1790951870.464928) can0 2A3#0002B94BFFFD7389
(1790951870.465045) can0 2A4#00011AC6FFFD7B82
(1790951870.465172) can0 2A5#000007BF00000000
(1790951870.465296) can0 2A6#00000000FFFFFA7E
(1790951870.465395) can0 2A7#00005689FFFFF5D5
(1790951870.469707) can0 2A1#0100010000000000
(1790951870.469818) can0 2A2#0000CCC6000003CA
(1790951870.469921) can0 2A3#0002B94BFFFD7389
(1790951870.470046) can0 2A4#00011AC6FFFD7B82
(1790951870.470170) can0 2A5#000007BF00000000
(1790951870.470294) can0 2A6#00000000FFFFFA7E
(1790951870.470420) can0 2A7#00005689FFFFF5D5
(1790951870.474677) can0 2A1#0100010000000000
(1790951870.474792) can0 2A2#0000CCC6000003CA
(1790951870.474920) can0 2A3#0002B94BFFFD7389
(1790951870.475019) can0 2A4#00011AC6FFFD7B82
(1790951870.475145) can0 2A5#000007BF00000000
(1790951870.475270) can0 2A6#00000000FFFFFA7E
(1790951870.475394) can0 2A7#00005689FFFFF5D5
(1790951870.479701) can0 2A1#0100010000000000
(1790951870.479817) can0 2A2#0000CCC6000003CA
(1790951870.479919) can0 2A3#0002B94BFFFD7389
(1790951870.480044) can0 2A4#00011AC6FFFD7B82
(1790951870.480169) can0 2A5#000007BF00000000
(1790951870.480294) can0 2A6#00000000FFFFFA7E
(1790951870.480421) can0 2A7#00005689FFFFF5D5
(1790951870.484677) can0 2A1#0100010000000000
(1790951870.484796) can0 2A2#0000CCC6000003CA
(1790951870.484918) can0 2A3#0002B94BFFFD7389
(1790951870.485044) can0 2A4#00011AC6FFFD7B82
(1790951870.485171) can0 2A5#000007BF00000000
(1790951870.485294) can0 2A6#00000000FFFFFA7E
(1790951870.485393) can0 2A7#00005689FFFFF5D5
(1790951870.489701) can0 2A1#0100010000000000
(1790951870.489817) can0 2A2#0000CCC6000003CA
(1790951870.489918) can0 2A3#0002B94BFFFD7389
(1790951870.490046) can0 2A4#00011AC6FFFD7B82
(1790951870.490170) can0 2A5#000007BF00000000
(1790951870.490295) can0 2A6#00000000FFFFFA7E
(1790951870.490393) can0 2A7#00005689FFFFF5D5
(1790951870.494674) can0 2A1#0100010000000000
(1790951870.494792) can0 2A2#0000CCC6000003CA
(1790951870.494918) can0 2A3#0002B94BFFFD7389
(1790951870.495020) can0 2A4#00011AC6FFFD7B82
(1790951870.495145) can0 2A5#000007BF00000000
(1790951870.495270) can0 2A6#00000000FFFFFA7E
(1790951870.495395) can0 2A7#00005689FFFFF5D5
(1790951870.499702) can0 2A1#0100010000000000
(1790951870.499817) can0 2A2#0000CCC6000003CA
(1790951870.499923) can0 2A3#0002B94BFFFD7389
(1790951870.500046) can0 2A4#00011AC6FFFD7B82
(1790951870.500173) can0 2A5#000007BF00000000
(1790951870.500292) can0 2A6#00000000FFFFFA7E
(1790951870.500420) can0 2A7#00005689FFFFF5D5
(1790951870.504674) can0 2A1#0100010000000000
(1790951870.504793) can0 2A2#0000CCC6000003CA
(1790951870.504919) can0 2A3#0002B94BFFFD7389
(1790951870.505020) can0 2A4#00011AC6FFFD7B82
(1790951870.505144) can0 2A5#000007BF00000000
(1790951870.505269) can0 2A6#00000000FFFFFA7E
(1790951870.505394) can0 2A7#00005689FFFFF5D5
(1790951870.509701) can0 2A1#0100010000000000
(1790951870.509817) can0 2A2#0000CCC6000003CA
(1790951870.509919) can0 2A3#0002B94BFFFD7389
(1790951870.510052) can0 2A4#00011AC6FFFD7B82
(1790951870.510169) can0 2A5#000007BF00000000
(1790951870.510291) can0 2A6#00000000FFFFFA7E
(1790951870.510394) can0 2A7#00005689FFFFF5D5
(1790951870.514673) can0 2A1#0100010000000000
(1790951870.514792) can0 2A2#0000CCC6000003CA
(1790951870.514920) can0 2A3#0002B94BFFFD7389
(1790951870.515044) can0 2A4#00011AC6FFFD7B82
(1790951870.515144) can0 2A5#000007BF00000000
(1790951870.515268) can0 2A6#00000000FFFFFA7E
(1790951870.515395) can0 2A7#00005689FFFFF5D5
(1790951870.519684) can0 2A1#0100010000000000
(1790951870.519801) can0 2A2#0000CCC6000003CA
(1790951870.519918) can0 2A3#0002B94BFFFD7389
(1790951870.520044) can0 2A4#00011AC6FFFD7B82
(1790951870.520170) can0 2A5#000007BF00000000
(1790951870.520294) can0 2A6#00000000FFFFFA7E
(1790951870.520420) can0 2A7#00005689FFFFF5D5
(1790951870.524675) can0 2A1#0100010000000000
(1790951870.524793) can0 2A2#0000CCC6000003CA
(1790951870.524919) can0 2A3#0002B94BFFFD7389
(1790951870.525019) can0 2A4#00011AC6FFFD7B82
(1790951870.525151) can0 2A5#000007BF00000000
(1790951870.525270) can0 2A6#00000000FFFFFA7E
(1790951870.525393) can0 2A7#00005689FFFFF5D5
(1790951870.529702) can0 2A1#0100010000000000
(1790951870.529817) can0 2A2#0000CCC6000003CA
(1790951870.529918) can0 2A3#0002B94BFFFD7389
(1790951870.530044) can0 2A4#00011AC6FFFD7B82
(1790951870.530171) can0 2A5#000007BF00000000
(1790951870.530292) can0 2A6#00000000FFFFFA7E
(1790951870.530418) can0 2A7#00005689FFFFF5D5
(1790951870.534674) can0 2A1#0100010000000000
(1790951870.534795) can0 2A2#0000CCC6000003CA
(1790951870.534921) can0 2A3#0002B94BFFFD7389
(1790951870.535047) can0 2A4#00011AC6FFFD7B82
(1790951870.535168) can0 2A5#000007BF00000000
(1790951870.535295) can0 2A6#00000000FFFFFA7E
(1790951870.535395) can0 2A7#00005689FFFFF5D5
(1790951870.539709) can0 2A1#0100010000000000
(1790951870.539819) can0 2A2#0000CCC6000003CA
(1790951870.539920) can0 2A3#0002B94BFFFD7389
(1790951870.540045) can0 2A4#00011AC6FFFD7B82
(1790951870.540171) can0 2A5#000007BF00000000
(1790951870.540296) can0 2A6#00000000FFFFFA7E
(1790951870.540393) can0 2A7#00005689FFFFF5D5
(1790951870.544675) can0 2A1#0100010000000000
(1790951870.544798) can0 2A2#0000CCC6000003CA
(1790951870.544921) can0 2A3#0002B94BFFFD7389
(1790951870.545020) can0 2A4#00011AC6FFFD7B82
(1790951870.545170) can0 2A5#000007BF00000000
(1790951870.545268) can0 2A6#00000000FFFFFA7E
(1790951870.545392) can0 2A7#00005689FFFFF5D5
(1790951870.549680) can0 2A1#0100010000000000
(1790951870.549794) can0 2A2#0000CCC6000003CA
(1790951870.549922) can0 2A3#0002B94BFFFD7389
(1790951870.550045) can0 2A4#00011AC6FFFD7B82
(1790951870.550179) can0 2A5#000007BF00000000
(1790951870.550293) can0 2A6#00000000FFFFFA7E
(1790951870.550395) can0 2A7#00005689FFFFF5D5
(1790951870.554672) can0 2A1#0100010000000000
(1790951870.554793) can0 2A2#0000CCC6000003CA
(1790951870.554922) can0 2A3#0002B94BFFFD7389
(1790951870.555045) can0 2A4#00011AC6FFFD7B82
(1790951870.555170) can0 2A5#000007BF00000000
(1790951870.555295) can0 2A6#00000000FFFFFA7E
(1790951870.555396) can0 2A7#00005689FFFFF5D5
(1790951870.559705) can0 2A1#0100010000000000
(1790951870.559822) can0 2A2#0000CCC6000003CA
(1790951870.559921) can0 2A3#0002B94BFFFD7389
(1790951870.560043) can0 2A4#00011AC6FFFD7B82
(1790951870.560169) can0 2A5#000007BF00000000
(1790951870.560296) can0 2A6#00000000FFFFFA7E
(1790951870.560421) can0 2A7#00005689FFFFF5D5
(1790951870.564684) can0 2A1#0100010000000000
(1790951870.564795) can0 2A2#0000CCC6000003CA
(1790951870.564922) can0 2A3#0002B94BFFFD7389
(1790951870.565018) can0 2A4#00011AC6FFFD7B82
(1790951870.565146) can0 2A5#000007BF00000000
(1790951870.565270) can0 2A6#00000000FFFFFA7E
(1790951870.565394) can0 2A7#00005689FFFFF5D5
(1790951870.569707) can0 2A1#0100010000000000
(1790951870.569818) can0 2A2#0000CCC6000003CA
(1790951870.569921) can0 2A3#0002B94BFFFD7389
(1790951870.570050) can0 2A4#00011AC6FFFD7B82
(1790951870.570170) can0 2A5#000007BF00000000
(1790951870.570296) can0 2A6#00000000FFFFFA7E
(1790951870.570396) can0 2A7#00005689FFFFF5D5
(1790951870.574679) can0 2A1#0100010000000000
(1790951870.574792) can0 2A2#0000CCC6000003CA
(1790951870.574920) can0 2A3#0002B94BFFFD7389
(1790951870.575019) can0 2A4#00011AC6FFFD7B82
(1790951870.575144) can0 2A5#000007BF00000000
(1790951870.575272) can0 2A6#00000000FFFFFA7E
(1790951870.575396) can0 2A7#00005689FFFFF5D5
(1790951870.579695) can0 2A1#0100010000000000
(1790951870.579819) can0 2A2#0000CCC6000003CA
(1790951870.579919) can0 2A3#0002B94BFFFD7389
(1790951870.580053) can0 2A4#00011AC6FFFD7B82
(1790951870.580170) can0 2A5#000007BF00000000
(1790951870.580295) can0 2A6#00000000FFFFFA7E
(1790951870.580394) can0 2A7#00005689FFFFF5D5
(1790951870.584675) can0 2A1#0100010000000000
(1790951870.584798) can0 2A2#0000CCC6000003CA
(1790951870.584920) can0 2A3#0002B94BFFFD7389
(1790951870.585052) can0 2A4#00011AC6FFFD7B82
(1790951870.585145) can0 2A5#000007BF00000000
(1790951870.585267) can0 2A6#00000000FFFFFA7E
(1790951870.585395) can0 2A7#00005689FFFFF5D5
(1790951870.589703) can0 2A1#0100010000000000
(1790951870.589797) can0 2A2#0000CCC6000003CA
(1790951870.589920) can0 2A3#0002B94BFFFD7389
(1790951870.590044) can0 2A4#00011AC6FFFD7B82
(1790951870.590170) can0 2A5#000007BF00000000
(1790951870.590294) can0 2A6#00000000FFFFFA7E
(1790951870.590419) can0 2A7#00005689FFFFF5D5
(1790951870.594676) can0 2A1#0100010000000000
(1790951870.594793) can0 2A2#0000CCC6000003CA
(1790951870.594920) can0 2A3#0002B94BFFFD7389
(1790951870.595019) can0 2A4#00011AC6FFFD7B82
(1790951870.595145) can0 2A5#000007BF00000000
(1790951870.595269) can0 2A6#00000000FFFFFA7E
(1790951870.595393) can0 2A7#00005689FFFFF5D5
(1790951870.599703) can0 2A1#0100010000000000
(1790951870.599817) can0 2A2#0000CCC6000003CA
(1790951870.599919) can0 2A3#0002B94BFFFD7389
(1790951870.600044) can0 2A4#00011AC6FFFD7B82
(1790951870.600173) can0 2A5#000007BF00000000
(1790951870.600295) can0 2A6#00000000FFFFFA7E
(1790951870.600422) can0 2A7#00005689FFFFF5D5
(1790951870.604673) can0 2A1#0100010000000000
(1790951870.604792) can0 2A2#0000CCC6000003CA
(1790951870.604920) can0 2A3#0002B94BFFFD7389
(1790951870.605043) can0 2A4#00011AC6FFFD7B82
(1790951870.605142) can0 2A5#000007BF00000000
(1790951870.605269) can0 2A6#00000000FFFFFA7E
(1790951870.605394) can0 2A7#00005689FFFFF5D5
(1790951870.609717) can0 2A1#0100010000000000
(1790951870.609817) can0 2A2#0000CCC6000003CA
(1790951870.609919) can0 2A3#0002B94BFFFD7389
(1790951870.610044) can0 2A4#00011AC6FFFD7B82
(1790951870.610168) can0 2A5#000007BF00000000
(1790951870.610294) can0 2A6#00000000FFFFFA7E
(1790951870.610419) can0 2A7#00005689FFFFF5D5
(1790951870.614697) can0 2A1#0100010000000000
(1790951870.614792) can0 2A2#0000CCC6000003CA
(1790951870.614919) can0 2A3#0002B94BFFFD7389
(1790951870.615019) can0 2A4#00011AC6FFFD7B82
(1790951870.615143) can0 2A5#000007BF00000000
(1790951870.615269) can0 2A6#00000000FFFFFA7E
(1790951870.615393) can0 2A7#00005689FFFFF5D5
(1790951870.619701) can0 2A1#0100010000000000
(1790951870.619818) can0 2A2#0000CCC6000003CA
(1790951870.619920) can0 2A3#0002B94BFFFD7389
(1790951870.620043) can0 2A4#00011AC6FFFD7B82
(1790951870.620169) can0 2A5#000007BF00000000
(1790951870.620270) can0 2A6#00000000FFFFFA7E
(1790951870.620396) can0 2A7#00005689FFFFF5D5
(1790951870.624698) can0 2A1#0100010000000000
(1790951870.624793) can0 2A2#0000CCC6000003CA
(1790951870.624919) can0 2A3#0002B94BFFFD7389
(1790951870.625019) can0 2A4#00011AC6FFFD7B82
(1790951870.625144) can0 2A5#000007BF00000000
(1790951870.625270) can0 2A6#00000000FFFFFA7E
(1790951870.625395) can0 2A7#00005689FFFFF5D5
(1790951870.629712) can0 2A1#0100010000000000
(1790951870.629818) can0 2A2#0000CCC6000003CA
(1790951870.629921) can0 2A3#0002B94BFFFD7389
(1790951870.630044) can0 2A4#00011AC6FFFD7B82
(1790951870.630168) can0 2A5#000007BF00000000
(1790951870.630268) can0 2A6#00000000FFFFFA7E
(1790951870.630425) can0 2A7#00005689FFFFF5D5
(1790951870.634678) can0 2A1#0100010000000000
(1790951870.634793) can0 2A2#0000CCC6000003CA
(1790951870.634919) can0 2A3#0002B94BFFFD7389
(1790951870.635046) can0 2A4#00011AC6FFFD7B82
(1790951870.635143) can0 2A5#000007BF00000000
(1790951870.635295) can0 2A6#00000000FFFFFA7E
(1790951870.635394) can0 2A7#00005689FFFFF5D5
(1790951870.639679) can0 2A1#0100010000000000
(1790951870.639818) can0 2A2#0000CCC6000003CA
(1790951870.639918) can0 2A3#0002B94BFFFD7389
(1790951870.640046) can0 2A4#00011AC6FFFD7B82
(1790951870.640171) can0 2A5#000007BF00000000
(1790951870.640295) can0 2A6#00000000FFFFFA7E
(1790951870.640404) can0 2A7#00005689FFFFF5D5
(1790951870.644704) can0 2A1#0100010000000000
(1790951870.644795) can0 2A2#0000CCC6000003CA
(1790951870.644921) can0 2A3#0002B94BFFFD7389
(1790951870.645020) can0 2A4#00011AC6FFFD7B82
(1790951870.645145) can0 2A5#000007BF00000000
(1790951870.645271) can0 2A6#00000000FFFFFA7E
(1790951870.645395) can0 2A7#00005689FFFFF5D5
(1790951870.649701) can0 2A1#0100010000000000
(1790951870.649819) can0 2A2#0000CCC6000003CA
(1790951870.649919) can0 2A3#0002B94BFFFD7389
(1790951870.650045) can0 2A4#00011AC6FFFD7B82
(1790951870.650171) can0 2A5#000007BF00000000
(1790951870.650296) can0 2A6#00000000FFFFFA7E
(1790951870.650421) can0 2A7#00005689FFFFF5D5
(1790951870.654676) can0 2A1#0100010000000000
(1790951870.654793) can0 2A2#0000CCC6000003CA
(1790951870.654919) can0 2A3#0002B94BFFFD7389
(1790951870.655019) can0 2A4#00011AC6FFFD7B82
(1790951870.655145) can0 2A5#000007BF00000000
(1790951870.655295) can0 2A6#00000000FFFFFA7E
(1790951870.655395) can0 2A7#00005689FFFFF5D5
(1790951870.659712) can0 2A1#0100010000000000
(1790951870.659819) can0 2A2#0000CCC6000003CA
(1790951870.659921) can0 2A3#0002B94BFFFD7389
(1790951870.660044) can0 2A4#00011AC6FFFD7B82
(1790951870.660171) can0 2A5#000007BF00000000
(1790951870.660293) can0 2A6#00000000FFFFFA7E
(1790951870.660396) can0 2A7#00005689FFFFF5D5
(1790951870.664674) can0 2A1#0100010000000000
(1790951870.664794) can0 2A2#0000CCC6000003CA
(1790951870.664921) can0 2A3#0002B94BFFFD7389
(1790951870.665045) can0 2A4#00011AC6FFFD7B82
(1790951870.665171) can0 2A5#000007BF00000000
(1790951870.665294) can0 2A6#00000000FFFFFA7E
(1790951870.665395) can0 2A7#00005689FFFFF5D5
(1790951870.669701) can0 2A1#0100010000000000
(1790951870.669818) can0 2A2#0000CCC6000003CA
(1790951870.669921) can0 2A3#0002B94BFFFD7389
(1790951870.670045) can0 2A4#00011AC6FFFD7B82
(1790951870.670171) can0 2A5#000007BF00000000
(1790951870.670295) can0 2A6#00000000FFFFFA7E
(1790951870.670421) can0 2A7#00005689FFFFF5D5
(1790951870.674680) can0 2A1#0100010000000000
(1790951870.674793) can0 2A2#0000CCC6000003CA
(1790951870.674919) can0 2A3#0002B94BFFFD7389
(1790951870.675020) can0 2A4#00011AC6FFFD7B82
(1790951870.675145) can0 2A5#000007BF00000000
(1790951870.675270) can0 2A6#00000000FFFFFA7E
(1790951870.675393) can0 2A7#00005689FFFFF5D5
(1790951870.679702) can0 2A1#0100010000000000
(1790951870.679821) can0 2A2#0000CCC6000003CA
(1790951870.679921) can0 2A3#0002B94BFFFD7389
(1790951870.680045) can0 2A4#00011AC6FFFD7B82
(1790951870.680170) can0 2A5#000007BF00000000
(1790951870.680293) can0 2A6#00000000FFFFFA7E
(1790951870.680420) can0 2A7#00005689FFFFF5D5
(1790951870.684700) can0 2A1#0100010000000000
(1790951870.684795) can0 2A2#0000CCC6000003CA
(1790951870.684920) can0 2A3#0002B94BFFFD7389
(1790951870.685023) can0 2A4#00011AC6FFFD7B82
(1790951870.685143) can0 2A5#000007BF00000000
(1790951870.685271) can0 2A6#00000000FFFFFA7E
(1790951870.685394) can0 2A7#00005689FFFFF5D5
(1790951870.689700) can0 2A1#0100010000000000
(1790951870.689818) can0 2A2#0000CCC6000003CA
(1790951870.689921) can0 2A3#0002B94BFFFD7389
(1790951870.690045) can0 2A4#00011AC6FFFD7B82
(1790951870.690170) can0 2A5#000007BF00000000
(1790951870.690294) can0 2A6#00000000FFFFFA7E
(1790951870.690422) can0 2A7#00005689FFFFF5D5
(1790951870.694697) can0 2A1#0100010000000000
(1790951870.694795) can0 2A2#0000CCC6000003CA
(1790951870.694918) can0 2A3#0002B94BFFFD7389
(1790951870.695018) can0 2A4#00011AC6FFFD7B82
(1790951870.695145) can0 2A5#000007BF00000000
(1790951870.695268) can0 2A6#00000000FFFFFA7E
(1790951870.695395) can0 2A7#00005689FFFFF5D5
(1790951870.699702) can0 2A1#0100010000000000
(1790951870.699818) can0 2A2#0000CCC6000003CA
(1790951870.699918) can0 2A3#0002B94BFFFD7389
(1790951870.700045) can0 2A4#00011AC6FFFD7B82
(1790951870.700171) can0 2A5#000007BF00000000
(1790951870.700271) can0 2A6#00000000FFFFFA7E
(1790951870.700421) can0 2A7#00005689FFFFF5D5
(1790951870.704673) can0 2A1#0100010000000000
(1790951870.704793) can0 2A2#0000CCC6000003CA
(1790951870.704921) can0 2A3#0002B94BFFFD7389
(1790951870.705043) can0 2A4#00011AC6FFFD7B82
(1790951870.705146) can0 2A5#000007BF00000000
(1790951870.705270) can0 2A6#00000000FFFFFA7E
(1790951870.705395) can0 2A7#00005689FFFFF5D5
(1790951870.709698) can0 2A1#0100010000000000
(1790951870.709795) can0 2A2#0000CCC6000003CA
(1790951870.709921) can0 2A3#0002B94BFFFD7389
(1790951870.710045) can0 2A4#00011AC6FFFD7B82
(1790951870.710169) can0 2A5#000007BF00000000
(1790951870.710294) can0 2A6#00000000FFFFFA7E
(1790951870.710419) can0 2A7#00005689FFFFF5D5
(1790951870.714671) can0 2A1#0100010000000000
(1790951870.714797) can0 2A2#0000CCC6000003CA
(1790951870.714919) can0 2A3#0002B94BFFFD7389
(1790951870.715042) can0 2A4#00011AC6FFFD7B82
(1790951870.715168) can0 2A5#000007BF00000000
(1790951870.715292) can0 2A6#00000000FFFFFA7E
(1790951870.715395) can0 2A7#00005689FFFFF5D5
(1790951870.719694) can0 2A1#0100010000000000
(1790951870.719820) can0 2A2#0000CCC6000003CA
(1790951870.719918) can0 2A3#0002B94BFFFD7389
(1790951870.720052) can0 2A4#00011AC6FFFD7B82
(1790951870.720168) can0 2A5#000007BF00000000
(1790951870.720295) can0 2A6#00000000FFFFFA7E
(1790951870.720420) can0 2A7#00005689FFFFF5D5
(1790951870.724676) can0 2A1#0100010000000000
(1790951870.724793) can0 2A2#0000CCC6000003CA
(1790951870.724920) can0 2A3#0002B94BFFFD7389
(1790951870.725020) can0 2A4#00011AC6FFFD7B82
(1790951870.725145) can0 2A5#000007BF00000000
(1790951870.725269) can0 2A6#00000000FFFFFA7E
(1790951870.725395) can0 2A7#00005689FFFFF5D5
(1790951870.729681) can0 2A1#0100010000000000
(1790951870.729819) can0 2A2#0000CCC6000003CA
(1790951870.729919) can0 2A3#0002B94BFFFD7389
(1790951870.730045) can0 2A4#00011AC6FFFD7B82
(1790951870.730169) can0 2A5#000007BF00000000
(1790951870.730294) can0 2A6#00000000FFFFFA7E
(1790951870.730393) can0 2A7#00005689FFFFF5D5
(1790951870.734680) can0 2A1#0100010000000000
(1790951870.734793) can0 2A2#0000CCC6000003CA
(1790951870.734920) can0 2A3#0002B94BFFFD7389
(1790951870.735049) can0 2A4#00011AC6FFFD7B82
(1790951870.735171) can0 2A5#000007BF00000000
(1790951870.735270) can0 2A6#00000000FFFFFA7E
(1790951870.735396) can0 2A7#00005689FFFFF5D5
(1790951870.739707) can0 2A1#0100010000000000
(1790951870.739798) can0 2A2#0000CCC6000003CA
(1790951870.739920) can0 2A3#0002B94BFFFD7389
(1790951870.740044) can0 2A4#00011AC6FFFD7B82
(1790951870.740168) can0 2A5#000007BF00000000
(1790951870.740293) can0 2A6#00000000FFFFFA7E
(1790951870.740421) can0 2A7#00005689FFFFF5D5
(1790951870.744680) can0 2A1#0100010000000000
(1790951870.744793) can0 2A2#0000CCC6000003CA
(1790951870.744922) can0 2A3#0002B94BFFFD7389
(1790951870.745046) can0 2A4#00011AC6FFFD7B82
(1790951870.745144) can0 2A5#000007BF00000000
(1790951870.745272) can0 2A6#00000000FFFFFA7E
(1790951870.745395) can0 2A7#00005689FFFFF5D5
(1790951870.749705) can0 2A1#0100010000000000
(1790951870.749820) can0 2A2#0000CCC6000003CA
(1790951870.749920) can0 2A3#0002B94BFFFD7389
(1790951870.750045) can0 2A4#00011AC6FFFD7B82
(1790951870.750171) can0 2A5#000007BF00000000
(1790951870.750295) can0 2A6#00000000FFFFFA7E
(1790951870.750418) can0 2A7#00005689FFFFF5D5
(1790951870.754678) can0 2A1#0100010000000000
(1790951870.754801) can0 2A2#0000CCC6000003CA
(1790951870.754920) can0 2A3#0002B94BFFFD7389
(1790951870.755020) can0 2A4#00011AC6FFFD7B82
(1790951870.755171) can0 2A5#000007BF00000000
(1790951870.755271) can0 2A6#00000000FFFFFA7E
(1790951870.755396) can0 2A7#00005689FFFFF5D5
(1790951870.759706) can0 2A1#0100010000000000
(1790951870.759819) can0 2A2#0000CCC6000003CA
(1790951870.759921) can0 2A3#0002B94BFFFD7389
(1790951870.760045) can0 2A4#00011AC6FFFD7B82
(1790951870.760170) can0 2A5#000007BF00000000
(1790951870.760295) can0 2A6#00000000FFFFFA7E
(1790951870.760419) can0 2A7#00005689FFFFF5D5
(1790951870.764672) can0 2A1#0100010000000000
(1790951870.764795) can0 2A2#0000CCC6000003CA
(1790951870.764930) can0 2A3#0002B94BFFFD7389
(1790951870.765044) can0 2A4#00011AC6FFFD7B82
(1790951870.765169) can0 2A5#000007BF00000000
(1790951870.765295) can0 2A6#00000000FFFFFA7E
(1790951870.765394) can0 2A7#00005689FFFFF5D5
(1790951870.769705) can0 2A1#0100010000000000
(1790951870.769818) can0 2A2#0000CCC6000003CA
(1790951870.769920) can0 2A3#0002B94BFFFD7389
(1790951870.770047) can0 2A4#00011AC6FFFD7B82
(1790951870.770170) can0 2A5#000007BF00000000
(1790951870.770293) can0 2A6#00000000FFFFFA7E
(1790951870.770426) can0 2A7#00005689FFFFF5D5
(1790951870.774680) can0 2A1#0100010000000000
(1790951870.774793) can0 2A2#0000CCC6000003CA
(1790951870.774920) can0 2A3#0002B94BFFFD7389
(1790951870.775043) can0 2A4#00011AC6FFFD7B82
(1790951870.775170) can0 2A5#000007BF00000000
(1790951870.775295) can0 2A6#00000000FFFFFA7E
(1790951870.775397) can0 2A7#00005689FFFFF5D5
(1790951870.779702) can0 2A1#0100010000000000
(1790951870.779799) can0 2A2#0000CCC6000003CA
(1790951870.779919) can0 2A3#0002B94BFFFD7389
(1790951870.780045) can0 2A4#00011AC6FFFD7B82
(1790951870.780170) can0 2A5#000007BF00000000
(1790951870.780293) can0 2A6#00000000FFFFFA7E
(1790951870.780421) can0 2A7#00005689FFFFF5D5
(1790951870.784699) can0 2A1#0100010000000000
(1790951870.784793) can0 2A2#0000CCC6000003CA
(1790951870.784921) can0 2A3#0002B94BFFFD7389
(1790951870.785022) can0 2A4#00011AC6FFFD7B82
(1790951870.785143) can0 2A5#000007BF00000000
(1790951870.785269) can0 2A6#00000000FFFFFA7E
(1790951870.785396) can0 2A7#00005689FFFFF5D5
(1790951870.789701) can0 2A1#0100010000000000
(1790951870.789821) can0 2A2#0000CCC6000003CA
(1790951870.789922) can0 2A3#0002B94BFFFD7389
(1790951870.790044) can0 2A4#00011AC6FFFD7B82
(1790951870.790175) can0 2A5#000007BF00000000
(1790951870.790294) can0 2A6#00000000FFFFFA7E
(1790951870.790419) can0 2A7#00005689FFFFF5D5
(1790951870.794679) can0 2A1#0100010000000000
(1790951870.794793) can0 2A2#0000CCC6000003CA
(1790951870.794920) can0 2A3#0002B94BFFFD7389
(1790951870.795045) can0 2A4#00011AC6FFFD7B82
(1790951870.795172) can0 2A5#000007BF00000000
(1790951870.795296) can0 2A6#00000000FFFFFA7E
(1790951870.795398) can0 2A7#00005689FFFFF5D5
(1790951870.799708) can0 2A1#0100010000000000
(1790951870.799821) can0 2A2#0000CCC6000003CA
(1790951870.799920) can0 2A3#0002B94BFFFD7389
(1790951870.800047) can0 2A4#00011AC6FFFD7B82
(1790951870.800169) can0 2A5#000007BF00000000
(1790951870.800294) can0 2A6#00000000FFFFFA7E
(1790951870.800421) can0 2A7#00005689FFFFF5D5
(1790951870.804684) can0 2A1#0100010000000000
(1790951870.804794) can0 2A2#0000CCC6000003CA
(1790951870.804922) can0 2A3#0002B94BFFFD7389
(1790951870.805044) can0 2A4#00011AC6FFFD7B82
(1790951870.805169) can0 2A5#000007BF00000000
(1790951870.805296) can0 2A6#00000000FFFFFA7E
(1790951870.805395) can0 2A7#00005689FFFFF5D5
(1790951870.809707) can0 2A1#0100010000000000
(1790951870.809801) can0 2A2#0000CCC6000003CA
(1790951870.809921) can0 2A3#0002B94BFFFD7389
(1790951870.810045) can0 2A4#00011AC6FFFD7B82
(1790951870.810169) can0 2A5#000007BF00000000
(1790951870.810296) can0 2A6#00000000FFFFFA7E
(1790951870.810420) can0 2A7#00005689FFFFF5D5
(1790951870.814676) can0 2A1#0100010000000000
(1790951870.814795) can0 2A2#0000CCC6000003CA
(1790951870.814921) can0 2A3#0002B94BFFFD7389
(1790951870.815047) can0 2A4#00011AC6FFFD7B82
(1790951870.815168) can0 2A5#000007BF00000000
(1790951870.815296) can0 2A6#00000000FFFFFA7E
(1790951870.815421) can0 2A7#00005689FFFFF5D5
(1790951870.819707) can0 2A1#0100010000000000
(1790951870.819822) can0 2A2#0000CCC6000003CA
(1790951870.819922) can0 2A3#0002B94BFFFD7389
(1790951870.820047) can0 2A4#00011AC6FFFD7B82
(1790951870.820169) can0 2A5#000007BF00000000
(1790951870.820294) can0 2A6#00000000FFFFFA7E
(1790951870.820421) can0 2A7#00005689FFFFF5D5
(1790951870.824680) can0 2A1#0100010000000000
(1790951870.824800) can0 2A2#0000CCC6000003CA
(1790951870.824922) can0 2A3#0002B94BFFFD7389
(1790951870.825047) can0 2A4#00011AC6FFFD7B82
(1790951870.825169) can0 2A5#000007BF00000000
(1790951870.825296) can0 2A6#00000000FFFFFA7E
(1790951870.825393) can0 2A7#00005689FFFFF5D5
(1790951870.829704) can0 2A1#0100010000000000
(1790951870.829820) can0 2A2#0000CCC6000003CA
(1790951870.829922) can0 2A3#0002B94BFFFD7389
(1790951870.830046) can0 2A4#00011AC6FFFD7B82
(1790951870.830172) can0 2A5#000007BF00000000
(1790951870.830294) can0 2A6#00000000FFFFFA7E
(1790951870.830420) can0 2A7#00005689FFFFF5D5
(1790951870.834676) can0 2A1#0100010000000000
(1790951870.834794) can0 2A2#0000CCC6000003CA
(1790951870.834923) can0 2A3#0002B94BFFFD7389
(1790951870.835047) can0 2A4#00011AC6FFFD7B82
(1790951870.835145) can0 2A5#000007BF00000000
(1790951870.835271) can0 2A6#00000000FFFFFA7E
(1790951870.835395) can0 2A7#00005689FFFFF5D5
(1790951870.839705) can0 2A1#0100010000000000
(1790951870.839820) can0 2A2#0000CCC6000003CA
(1790951870.839921) can0 2A3#0002B94BFFFD7389
(1790951870.840047) can0 2A4#00011AC6FFFD7B82
(1790951870.840169) can0 2A5#000007BF00000000
(1790951870.840296) can0 2A6#00000000FFFFFA7E
(1790951870.840422) can0 2A7#00005689FFFFF5D5
(1790951870.844711) can0 2A1#0100010000000000
(1790951870.844801) can0 2A2#0000CCC6000003CA
(1790951870.844922) can0 2A3#0002B94BFFFD7389
(1790951870.845020) can0 2A4#00011AC6FFFD7B82
(1790951870.845147) can0 2A5#000007BF00000000
(1790951870.845269) can0 2A6#00000000FFFFFA7E
(1790951870.845393) can0 2A7#00005689FFFFF5D5
(1790951870.849711) can0 2A1#0100010000000000
(1790951870.849819) can0 2A2#0000CCC6000003CA
(1790951870.849922) can0 2A3#0002B94BFFFD7389
(1790951870.850047) can0 2A4#00011AC6FFFD7B82
(1790951870.850170) can0 2A5#000007BF00000000
(1790951870.850296) can0 2A6#00000000FFFFFA7E
(1790951870.850421) can0 2A7#00005689FFFFF5D5
(1790951870.854672) can0 2A1#0100010000000000
(1790951870.854794) can0 2A2#0000CCC6000003CA
(1790951870.854922) can0 2A3#0002B94BFFFD7389
(1790951870.855044) can0 2A4#00011AC6FFFD7B82
(1790951870.855170) can0 2A5#000007BF00000000
(1790951870.855296) can0 2A6#00000000FFFFFA7E
(1790951870.855395) can0 2A7#00005689FFFFF5D5
(1790951870.859708) can0 2A1#0100010000000000
(1790951870.859794) can0 2A2#0000CCC6000003CA
(1790951870.859923) can0 2A3#0002B94BFFFD7389
(1790951870.860046) can0 2A4#00011AC6FFFD7B82
(1790951870.860170) can0 2A5#000007BF00000000
(1790951870.860296) can0 2A6#00000000FFFFFA7E
(1790951870.860421) can0 2A7#00005689FFFFF5D5
(1790951870.864681) can0 2A1#0100010000000000
(1790951870.864795) can0 2A2#0000CCC6000003CA
(1790951870.864921) can0 2A3#0002B94BFFFD7389
(1790951870.865047) can0 2A4#00011AC6FFFD7B82
(1790951870.865170) can0 2A5#000007BF00000000
(1790951870.865297) can0 2A6#00000000FFFFFA7E
(1790951870.865395) can0 2A7#00005689FFFFF5D5
(1790951870.869704) can0 2A1#0100010000000000
(1790951870.869798) can0 2A2#0000CCC6000003CA
(1790951870.869921) can0 2A3#0002B94BFFFD7389
(1790951870.870047) can0 2A4#00011AC6FFFD7B82
(1790951870.870170) can0 2A5#000007BF00000000
(1790951870.870297) can0 2A6#00000000FFFFFA7E
(1790951870.870420) can0 2A7#00005689FFFFF5D5
(1790951870.874708) can0 2A1#0100010000000000
(1790951870.874794) can0 2A2#0000CCC6000003CA
(1790951870.874923) can0 2A3#0002B94BFFFD7389
(1790951870.875046) can0 2A4#00011AC6FFFD7B82
(1790951870.875169) can0 2A5#000007BF00000000
(1790951870.875295) can0 2A6#00000000FFFFFA7E
(1790951870.875396) can0 2A7#00005689FFFFF5D5
(1790951870.879706) can0 2A1#0100010000000000
(1790951870.879819) can0 2A2#0000CCC6000003CA
(1790951870.879919) can0 2A3#0002B94BFFFD7389
(1790951870.880045) can0 2A4#00011AC6FFFD7B82
(1790951870.880173) can0 2A5#000007BF00000000
(1790951870.880295) can0 2A6#00000000FFFFFA7E
(1790951870.880422) can0 2A7#00005689FFFFF5D5
(1790951870.884677) can0 2A1#0100010000000000
(1790951870.884797) can0 2A2#0000CCC6000003CA
(1790951870.884919) can0 2A3#0002B94BFFFD7389
(1790951870.885047) can0 2A4#00011AC6FFFD7B82
(1790951870.885170) can0 2A5#000007BF00000000
(1790951870.885297) can0 2A6#00000000FFFFFA7E
(1790951870.885396) can0 2A7#00005689FFFFF5D5
(1790951870.889718) can0 2A1#0100010000000000
(1790951870.889802) can0 2A2#0000CCC6000003CA
(1790951870.889921) can0 2A3#0002B94BFFFD7389
(1790951870.890048) can0 2A4#00011AC6FFFD7B82
(1790951870.890175) can0 2A5#000007BF00000000
(1790951870.890306) can0 2A6#00000000FFFFFA7E
(1790951870.890421) can0 2A7#00005689FFFFF5D5
(1790951870.894682) can0 2A1#0100010000000000
(1790951870.894794) can0 2A2#0000CCC6000003CA
(1790951870.894920) can0 2A3#0002B94BFFFD7389
(1790951870.895045) can0 2A4#00011AC6FFFD7B82
(1790951870.895170) can0 2A5#000007BF00000000
(1790951870.895297) can0 2A6#00000000FFFFFA7E
(1790951870.895396) can0 2A7#00005689FFFFF5D5
(1790951870.899712) can0 2A1#0100010000000000
(1790951870.899819) can0 2A2#0000CCC6000003CA
(1790951870.899922) can0 2A3#0002B94BFFFD7389
(1790951870.900045) can0 2A4#00011AC6FFFD7B82
(1790951870.900171) can0 2A5#000007BF00000000
(1790951870.900297) can0 2A6#00000000FFFFFA7E
(1790951870.900421) can0 2A7#00005689FFFFF5D5
(1790951870.904676) can0 2A1#0100010000000000
(1790951870.904794) can0 2A2#0000CCC6000003CA
(1790951870.904921) can0 2A3#0002B94BFFFD7389
(1790951870.905046) can0 2A4#00011AC6FFFD7B82
(1790951870.905169) can0 2A5#000007BF00000000
(1790951870.905296) can0 2A6#00000000FFFFFA7E
(1790951870.905396) can0 2A7#00005689FFFFF5D5
(1790951870.909703) can0 2A1#0100010000000000
(1790951870.909796) can0 2A2#0000CCC6000003CA
(1790951870.909921) can0 2A3#0002B94BFFFD7389
(1790951870.910046) can0 2A4#00011AC6FFFD7B82
(1790951870.910170) can0 2A5#000007BF00000000
(1790951870.910295) can0 2A6#00000000FFFFFA7E
(1790951870.910421) can0 2A7#00005689FFFFF5D5
(1790951870.914672) can0 2A1#0100010000000000
(1790951870.914798) can0 2A2#0000CCC6000003CA
(1790951870.914921) can0 2A3#0002B94BFFFD7389
(1790951870.915045) can0 2A4#00011AC6FFFD7B82
(1790951870.915144) can0 2A5#000007BF00000000
(1790951870.915270) can0 2A6#00000000FFFFFA7E
(1790951870.915396) can0 2A7#00005689FFFFF5D5
(1790951870.919704) can0 2A1#0100010000000000
(1790951870.919825) can0 2A2#0000CCC6000003CA
(1790951870.919924) can0 2A3#0002B94BFFFD7389
(1790951870.920045) can0 2A4#00011AC6FFFD7B82
(1790951870.920171) can0 2A5#000007BF00000000
(1790951870.920299) can0 2A6#00000000FFFFFA7E
(1790951870.920421) can0 2A7#00005689FFFFF5D5
(1790951870.924682) can0 2A1#0100010000000000
(1790951870.924795) can0 2A2#0000CCC6000003CA
(1790951870.924920) can0 2A3#0002B94BFFFD7389
(1790951870.925021) can0 2A4#00011AC6FFFD7B82
(1790951870.925146) can0 2A5#000007BF00000000
(1790951870.925271) can0 2A6#00000000FFFFFA7E
(1790951870.925396) can0 2A7#00005689FFFFF5D5
(1790951870.929709) can0 2A1#0100010000000000
(1790951870.929819) can0 2A2#0000CCC6000003CA
(1790951870.929921) can0 2A3#0002B94BFFFD7389
(1790951870.930045) can0 2A4#00011AC6FFFD7B82
(1790951870.930172) can0 2A5#000007BF00000000
(1790951870.930297) can0 2A6#00000000FFFFFA7E
(1790951870.930422) can0 2A7#00005689FFFFF5D5
(1790951870.934679) can0 2A1#0100010000000000
(1790951870.934795) can0 2A2#0000CCC6000003CA
(1790951870.934923) can0 2A3#0002B94BFFFD7389
(1790951870.935044) can0 2A4#00011AC6FFFD7B82
(1790951870.935147) can0 2A5#000007BF00000000
(1790951870.935271) can0 2A6#00000000FFFFFA7E
(1790951870.935397) can0 2A7#00005689FFFFF5D5
(1790951870.939708) can0 2A1#0100010000000000
(1790951870.939819) can0 2A2#0000CCC6000003CA
(1790951870.939921) can0 2A3#0002B94BFFFD7389
(1790951870.940046) can0 2A4#00011AC6FFFD7B82
(1790951870.940172) can0 2A5#000007BF00000000
(1790951870.940298) can0 2A6#00000000FFFFFA7E
(1790951870.940422) can0 2A7#00005689FFFFF5D5
(1790951870.944681) can0 2A1#0100010000000000
(1790951870.944794) can0 2A2#0000CCC6000003CA
(1790951870.944919) can0 2A3#0002B94BFFFD7389
(1790951870.945052) can0 2A4#00011AC6FFFD7B82
(1790951870.945172) can0 2A5#000007BF00000000
(1790951870.945298) can0 2A6#00000000FFFFFA7E
(1790951870.945398) can0 2A7#00005689FFFFF5D5
(1790951870.949706) can0 2A1#0100010000000000
(1790951870.949820) can0 2A2#0000CCC6000003CA
(1790951870.949920) can0 2A3#0002B94BFFFD7389
(1790951870.950044) can0 2A4#00011AC6FFFD7B82
(1790951870.950173) can0 2A5#000007BF00000000
(1790951870.950297) can0 2A6#00000000FFFFFA7E
(1790951870.950422) can0 2A7#00005689FFFFF5D5
(1790951870.954679) can0 2A1#0100010000000000
(1790951870.954802) can0 2A2#0000CCC6000003CA
(1790951870.954922) can0 2A3#0002B94BFFFD7389
(1790951870.955047) can0 2A4#00011AC6FFFD7B82
(1790951870.955147) can0 2A5#000007BF00000000
(1790951870.955272) can0 2A6#00000000FFFFFA7E
(1790951870.955397) can0 2A7#00005689FFFFF5D5
(1790951870.959707) can0 2A1#0100010000000000
(1790951870.959821) can0 2A2#0000CCC6000003CA
(1790951870.959922) can0 2A3#0002B94BFFFD7389
(1790951870.960043) can0 2A4#00011AC6FFFD7B82
(1790951870.960172) can0 2A5#000007BF00000000
(1790951870.960298) can0 2A6#00000000FFFFFA7E
(1790951870.960422) can0 2A7#00005689FFFFF5D5
(1790951870.964702) can0 2A1#0100010000000000
(1790951870.964794) can0 2A2#0000CCC6000003CA
(1790951870.964921) can0 2A3#0002B94BFFFD7389
(1790951870.965020) can0 2A4#00011AC6FFFD7B82
(1790951870.965147) can0 2A5#000007BF00000000
(1790951870.965273) can0 2A6#00000000FFFFFA7E
(1790951870.965397) can0 2A7#00005689FFFFF5D5
(1790951870.969706) can0 2A1#0100010000000000
(1790951870.969819) can0 2A2#0000CCC6000003CA
(1790951870.969921) can0 2A3#0002B94BFFFD7389
(1790951870.970046) can0 2A4#00011AC6FFFD7B82
(1790951870.970170) can0 2A5#000007BF00000000
(1790951870.970296) can0 2A6#00000000FFFFFA7E
(1790951870.970421) can0 2A7#00005689FFFFF5D5
(1790951870.974699) can0 2A1#0100010000000000
(1790951870.974796) can0 2A2#0000CCC6000003CA
(1790951870.974924) can0 2A3#0002B94BFFFD7389
(1790951870.975023) can0 2A4#00011AC6FFFD7B82
(1790951870.975147) can0 2A5#000007BF00000000
(1790951870.975269) can0 2A6#00000000FFFFFA7E
(1790951870.975406) can0 2A7#00005689FFFFF5D5
(1790951870.979706) can0 2A1#0100010000000000
(1790951870.979820) can0 2A2#0000CCC6000003CA
(1790951870.979920) can0 2A3#0002B94BFFFD7389
(1790951870.980044) can0 2A4#00011AC6FFFD7B82
(1790951870.980176) can0 2A5#000007BF00000000
(1790951870.980295) can0 2A6#00000000FFFFFA7E
(1790951870.980419) can0 2A7#00005689FFFFF5D5
(1790951870.984679) can0 2A1#0100010000000000
(1790951870.984794) can0 2A2#0000CCC6000003CA
(1790951870.984921) can0 2A3#0002B94BFFFD7389
(1790951870.985046) can0 2A4#00011AC6FFFD7B82
(1790951870.985173) can0 2A5#000007BF00000000
(1790951870.985294) can0 2A6#00000000FFFFFA7E
(1790951870.985394) can0 2A7#00005689FFFFF5D5
(1790951870.989702) can0 2A1#0100010000000000
(1790951870.989819) can0 2A2#0000CCC6000003CA
(1790951870.989921) can0 2A3#0002B94BFFFD7389
(1790951870.990047) can0 2A4#00011AC6FFFD7B82
(1790951870.990171) can0 2A5#000007BF00000000
(1790951870.990294) can0 2A6#00000000FFFFFA7E
(1790951870.990421) can0 2A7#00005689FFFFF5D5
(1790951870.994678) can0 2A1#0100010000000000
(1790951870.994798) can0 2A2#0000CCC6000003CA
(1790951870.994921) can0 2A3#0002B94BFFFD7389
(1790951870.995046) can0 2A4#00011AC6FFFD7B82
(1790951870.995171) can0 2A5#000007BF00000000
(1790951870.995297) can0 2A6#00000000FFFFFA7E
(1790951870.995396) can0 2A7#00005689FFFFF5D5
(1790951870.999708) can0 2A1#0100010000000000
(1790951870.999821) can0 2A2#0000CCC6000003CA
(1790951870.999923) can0 2A3#0002B94BFFFD7389
(1790951871.000045) can0 2A4#00011AC6FFFD7B82
(1790951871.000171) can0 2A5#000007BF00000000
(1790951871.000297) can0 2A6#00000000FFFFFA7E
(1790951871.000422) can0 2A7#00005689FFFFF5D5
(1790951871.004679) can0 2A1#0100010000000000
(1790951871.004795) can0 2A2#0000CCC6000003CA
(1790951871.004923) can0 2A3#0002B94BFFFD7389
(1790951871.005046) can0 2A4#00011AC6FFFD7B82
(1790951871.005146) can0 2A5#000007BF00000000
(1790951871.005269) can0 2A6#00000000FFFFFA7E
(1790951871.005394) can0 2A7#00005689FFFFF5D5
(1790951871.009705) can0 2A1#0100010000000000
(1790951871.009820) can0 2A2#0000CCC6000003CA
(1790951871.009923) can0 2A3#0002B94BFFFD7389
(1790951871.010047) can0 2A4#00011AC6FFFD7B82
(1790951871.010171) can0 2A5#000007BF00000000
(1790951871.010297) can0 2A6#00000000FFFFFA7E
(1790951871.010422) can0 2A7#00005689FFFFF5D5
(1790951871.014673) can0 2A1#0100010000000000
(1790951871.014795) can0 2A2#0000CCC6000003CA
(1790951871.014920) can0 2A3#0002B94BFFFD7389
(1790951871.015045) can0 2A4#00011AC6FFFD7B82
(1790951871.015172) can0 2A5#000007BF00000000
(1790951871.015294) can0 2A6#00000000FFFFFA7E
(1790951871.015419) can0 2A7#00005689FFFFF5D5
(1790951871.019705) can0 2A1#0100010000000000
(1790951871.019819) can0 2A2#0000CCC6000003CA
(1790951871.019923) can0 2A3#0002B94BFFFD7389
(1790951871.020045) can0 2A4#00011AC6FFFD7B82
(1790951871.020174) can0 2A5#000007BF00000000
(1790951871.020297) can0 2A6#00000000FFFFFA7E
(1790951871.020421) can0 2A7#00005689FFFFF5D5
(1790951871.024705) can0 2A1#0100010000000000
(1790951871.024799) can0 2A2#0000CCC6000003CA
(1790951871.024923) can0 2A3#0002B94BFFFD7389
(1790951871.025020) can0 2A4#00011AC6FFFD7B82
(1790951871.025146) can0 2A5#000007BF00000000
(1790951871.025270) can0 2A6#00000000FFFFFA7E
(1790951871.025398) can0 2A7#00005689FFFFF5D5
(1790951871.029705) can0 2A1#0100010000000000
(1790951871.029834) can0 2A2#0000CCC6000003CA
(1790951871.029923) can0 2A3#0002B94BFFFD7389
(1790951871.030045) can0 2A4#00011AC6FFFD7B82
(1790951871.030170) can0 2A5#000007BF00000000
(1790951871.030295) can0 2A6#00000000FFFFFA7E
(1790951871.030421) can0 2A7#00005689FFFFF5D5
(1790951871.034681) can0 2A1#0100010000000000
(1790951871.034794) can0 2A2#0000CCC6000003CA
(1790951871.034923) can0 2A3#0002B94BFFFD7389
(1790951871.035045) can0 2A4#00011AC6FFFD7B82
(1790951871.035171) can0 2A5#000007BF00000000
(1790951871.035295) can0 2A6#00000000FFFFFA7E
(1790951871.035396) can0 2A7#00005689FFFFF5D5
(1790951871.039702) can0 2A1#0100010000000000
(1790951871.039820) can0 2A2#0000CCC6000003CA
(1790951871.039921) can0 2A3#0002B94BFFFD7389
(1790951871.040046) can0 2A4#00011AC6FFFD7B82
(1790951871.040170) can0 2A5#000007BF00000000
(1790951871.040298) can0 2A6#00000000FFFFFA7E
(1790951871.040421) can0 2A7#00005689FFFFF5D5
(1790951871.044681) can0 2A1#0100010000000000
(1790951871.044795) can0 2A2#0000CCC6000003CA
(1790951871.044922) can0 2A3#0002B94BFFFD7389
(1790951871.045046) can0 2A4#00011AC6FFFD7B82
(1790951871.045170) can0 2A5#000007BF00000000
(1790951871.045295) can0 2A6#00000000FFFFFA7E
(1790951871.045395) can0 2A7#00005689FFFFF5D5
(1790951871.049710) can0 2A1#0100010000000000
(1790951871.049820) can0 2A2#0000CCC6000003CA
(1790951871.049923) can0 2A3#0002B94BFFFD7389
(1790951871.050045) can0 2A4#00011AC6FFFD7B82
(1790951871.050173) can0 2A5#000007BF00000000
(1790951871.050299) can0 2A6#00000000FFFFFA7E
(1790951871.050421) can0 2A7#00005689FFFFF5D5
(1790951871.054683) can0 2A1#0100010000000000
(1790951871.054795) can0 2A2#0000CCC6000003CA
(1790951871.054921) can0 2A3#0002B94BFFFD7389
(1790951871.055021) can0 2A4#00011AC6FFFD7B82
(1790951871.055146) can0 2A5#000007BF00000000
(1790951871.055272) can0 2A6#00000000FFFFFA7E
(1790951871.055396) can0 2A7#00005689FFFFF5D5
(1790951871.059708) can0 2A1#0100010000000000
(1790951871.059820) can0 2A2#0000CCC6000003CA
(1790951871.059923) can0 2A3#0002B94BFFFD7389
(1790951871.060047) can0 2A4#00011AC6FFFD7B82
(1790951871.060173) can0 2A5#000007BF00000000
(1790951871.060298) can0 2A6#00000000FFFFFA7E
(1790951871.060421) can0 2A7#00005689FFFFF5D5
(1790951871.064709) can0 2A1#0100010000000000
(1790951871.064798) can0 2A2#0000CCC6000003CA
(1790951871.064922) can0 2A3#0002B94BFFFD7389
(1790951871.065021) can0 2A4#00011AC6FFFD7B82
(1790951871.065146) can0 2A5#000007BF00000000
(1790951871.065271) can0 2A6#00000000FFFFFA7E
(1790951871.065397) can0 2A7#00005689FFFFF5D5
(1790951871.069711) can0 2A1#0100010000000000
(1790951871.069802) can0 2A2#0000CCC6000003CA
(1790951871.069921) can0 2A3#0002B94BFFFD7389
(1790951871.070047) can0 2A4#00011AC6FFFD7B82
(1790951871.070171) can0 2A5#000007BF00000000
(1790951871.070296) can0 2A6#00000000FFFFFA7E
(1790951871.070422) can0 2A7#00005689FFFFF5D5
(1790951871.074712) can0 2A1#0100010000000000
(1790951871.074795) can0 2A2#0000CCC6000003CA
(1790951871.074923) can0 2A3#0002B94BFFFD7389
(1790951871.075046) can0 2A4#00011AC6FFFD7B82
(1790951871.075173) can0 2A5#000007BF00000000
(1790951871.075297) can0 2A6#00000000FFFFFA7E
(1790951871.075396) can0 2A7#00005689FFFFF5D5
(1790951871.079708) can0 2A1#0100010000000000
(1790951871.079802) can0 2A2#0000CCC6000003CA
(1790951871.079949) can0 2A3#0002B94BFFFD7389
(1790951871.080046) can0 2A4#00011AC6FFFD7B82
(1790951871.080171) can0 2A5#000007BF00000000
(1790951871.080297) can0 2A6#00000000FFFFFA7E
(1790951871.080421) can0 2A7#00005689FFFFF5D5
(1790951871.084680) can0 2A1#0100010000000000
(1790951871.084796) can0 2A2#0000CCC6000003CA
(1790951871.084922) can0 2A3#0002B94BFFFD7389
(1790951871.085047) can0 2A4#00011AC6FFFD7B82
(1790951871.085170) can0 2A5#000007BF00000000
(1790951871.085297) can0 2A6#00000000FFFFFA7E
(1790951871.085395) can0 2A7#00005689FFFFF5D5
(1790951871.089709) can0 2A1#0100010000000000
(1790951871.089800) can0 2A2#0000CCC6000003CA
(1790951871.089948) can0 2A3#0002B94BFFFD7389
(1790951871.090056) can0 2A4#00011AC6FFFD7B82
(1790951871.090171) can0 2A5#000007BF00000000
(1790951871.090295) can0 2A6#00000000FFFFFA7E
(1790951871.090424) can0 2A7#00005689FFFFF5D5
(1790951871.094678) can0 2A1#0100010000000000
(1790951871.094796) can0 2A2#0000CCC6000003CA
(1790951871.094923) can0 2A3#0002B94BFFFD7389
(1790951871.095021) can0 2A4#00011AC6FFFD7B82
(1790951871.095148) can0 2A5#000007BF00000000
(1790951871.095273) can0 2A6#00000000FFFFFA7E
(1790951871.095397) can0 2A7#00005689FFFFF5D5
(1790951871.099707) can0 2A1#0100010000000000
(1790951871.099820) can0 2A2#0000CCC6000003CA
(1790951871.099924) can0 2A3#0002B94BFFFD7389
(1790951871.100048) can0 2A4#00011AC6FFFD7B82
(1790951871.100173) can0 2A5#000007BF00000000
(1790951871.100297) can0 2A6#00000000FFFFFA7E
(1790951871.100424) can0 2A7#00005689FFFFF5D5
(1790951871.104674) can0 2A1#0100010000000000
(1790951871.104796) can0 2A2#0000CCC6000003CA
(1790951871.104923) can0 2A3#0002B94BFFFD7389
(1790951871.105049) can0 2A4#00011AC6FFFD7B82
(1790951871.105173) can0 2A5#000007BF00000000
(1790951871.105295) can0 2A6#00000000FFFFFA7E
(1790951871.105397) can0 2A7#00005689FFFFF5D5
(1790951871.109705) can0 2A1#0100010000000000
(1790951871.109821) can0 2A2#0000CCC6000003CA
(1790951871.109923) can0 2A3#0002B94BFFFD7389
(1790951871.110047) can0 2A4#00011AC6FFFD7B82
(1790951871.110172) can0 2A5#000007BF00000000
(1790951871.110298) can0 2A6#00000000FFFFFA7E
(1790951871.110421) can0 2A7#00005689FFFFF5D5
(1790951871.114680) can0 2A1#0100010000000000
(1790951871.114796) can0 2A2#0000CCC6000003CA
(1790951871.114921) can0 2A3#0002B94BFFFD7389
(1790951871.115051) can0 2A4#00011AC6FFFD7B82
(1790951871.115173) can0 2A5#000007BF00000000
(1790951871.115298) can0 2A6#00000000FFFFFA7E
(1790951871.115422) can0 2A7#00005689FFFFF5D5
(1790951871.119705) can0 2A1#0100010000000000
(1790951871.119820) can0 2A2#0000CCC6000003CA
(1790951871.119924) can0 2A3#0002B94BFFFD7389
(1790951871.120047) can0 2A4#00011AC6FFFD7B82
(1790951871.120171) can0 2A5#000007BF00000000
(1790951871.120295) can0 2A6#00000000FFFFFA7E
(1790951871.120422) can0 2A7#00005689FFFFF5D5
(1790951871.124706) can0 2A1#0100010000000000
(1790951871.124797) can0 2A2#0000CCC6000003CA
(1790951871.124922) can0 2A3#0002B94BFFFD7389
(1790951871.125022) can0 2A4#00011AC6FFFD7B82
(1790951871.125155) can0 2A5#000007BF00000000
(1790951871.125285) can0 2A6#00000000FFFFFA7E
(1790951871.125399) can0 2A7#00005689FFFFF5D5
(1790951871.129705) can0 2A1#0100010000000000
(1790951871.129823) can0 2A2#0000CCC6000003CA
(1790951871.129922) can0 2A3#0002B94BFFFD7389
(1790951871.130047) can0 2A4#00011AC6FFFD7B82
(1790951871.130173) can0 2A5#000007BF00000000
(1790951871.130297) can0 2A6#00000000FFFFFA7E
(1790951871.130421) can0 2A7#00005689FFFFF5D5
(1790951871.134681) can0 2A1#0100010000000000
(1790951871.134796) can0 2A2#0000CCC6000003CA
(1790951871.134921) can0 2A3#0002B94BFFFD7389
(1790951871.135047) can0 2A4#00011AC6FFFD7B82
(1790951871.135149) can0 2A5#000007BF00000000
(1790951871.135271) can0 2A6#00000000FFFFFA7E
(1790951871.135396) can0 2A7#00005689FFFFF5D5
(1790951871.139724) can0 2A1#0100010000000000
(1790951871.139821) can0 2A2#0000CCC6000003CA
(1790951871.139949) can0 2A3#0002B94BFFFD7389
(1790951871.140048) can0 2A4#00011AC6FFFD7B82
(1790951871.140173) can0 2A5#000007BF00000000
(1790951871.140297) can0 2A6#00000000FFFFFA7E
(1790951871.140422) can0 2A7#00005689FFFFF5D5
(1790951871.144698) can0 2A1#0100010000000000
(1790951871.144821) can0 2A2#0000CCC6000003CA
(1790951871.144921) can0 2A3#0002B94BFFFD7389
(1790951871.145045) can0 2A4#00011AC6FFFD7B82
(1790951871.145147) can0 2A5#000007BF00000000
(1790951871.145272) can0 2A6#00000000FFFFFA7E
(1790951871.145395) can0 2A7#00005689FFFFF5D5
(1790951871.149722) can0 2A1#0100010000000000
(1790951871.149829) can0 2A2#0000CCC6000003CA
(1790951871.149921) can0 2A3#0002B94BFFFD7389
(1790951871.150046) can0 2A4#00011AC6FFFD7B82
(1790951871.150172) can0 2A5#000007BF00000000
(1790951871.150300) can0 2A6#00000000FFFFFA7E
(1790951871.150423) can0 2A7#00005689FFFFF5D5
(1790951871.154676) can0 2A1#0100010000000000
(1790951871.154799) can0 2A2#0000CCC6000003CA
(1790951871.154922) can0 2A3#0002B94BFFFD7389
(1790951871.155046) can0 2A4#00011AC6FFFD7B82
(1790951871.155174) can0 2A5#000007BF00000000
(1790951871.155296) can0 2A6#00000000FFFFFA7E
(1790951871.155423) can0 2A7#00005689FFFFF5D5
(1790951871.159737) can0 2A1#0100010000000000
(1790951871.159821) can0 2A2#0000CCC6000003CA
(1790951871.159924) can0 2A3#0002B94BFFFD7389
(1790951871.160049) can0 2A4#00011AC6FFFD7B82
(1790951871.160173) can0 2A5#000007BF00000000
(1790951871.160298) can0 2A6#00000000FFFFFA7E
(1790951871.160421) can0 2A7#00005689FFFFF5D5
(1790951871.164690) can0 2A1#0100010000000000
(1790951871.164808) can0 2A2#0000CCC6000003CA
(1790951871.164926) can0 2A3#0002B94BFFFD7389
(1790951871.165046) can0 2A4#00011AC6FFFD7B82
(1790951871.165171) can0 2A5#000007BF00000000
(1790951871.165296) can0 2A6#00000000FFFFFA7E
(1790951871.165421) can0 2A7#00005689FFFFF5D5
(1790951871.169706) can0 2A1#0100010000000000
(1790951871.169821) can0 2A2#0000CCC6000003CA
(1790951871.169923) can0 2A3#0002B94BFFFD7389
(1790951871.170049) can0 2A4#00011AC6FFFD7B82
(1790951871.170173) can0 2A5#000007BF00000000
(1790951871.170297) can0 2A6#00000000FFFFFA7E
(1790951871.170423) can0 2A7#00005689FFFFF5D5
(1790951871.174707) can0 2A1#0100010000000000
(1790951871.174801) can0 2A2#0000CCC6000003CA
(1790951871.174922) can0 2A3#0002B94BFFFD7389
(1790951871.175047) can0 2A4#00011AC6FFFD7B82
(1790951871.175148) can0 2A5#000007BF00000000
(1790951871.175274) can0 2A6#00000000FFFFFA7E
(1790951871.175399) can0 2A7#00005689FFFFF5D5
(1790951871.179710) can0 2A1#0100010000000000
(1790951871.179822) can0 2A2#0000CCC6000003CA
(1790951871.179922) can0 2A3#0002B94BFFFD7389
(1790951871.180046) can0 2A4#00011AC6FFFD7B82
(1790951871.180173) can0 2A5#000007BF00000000
(1790951871.180298) can0 2A6#00000000FFFFFA7E
(1790951871.180422) can0 2A7#00005689FFFFF5D5
(1790951871.184672) can0 2A1#0100010000000000
(1790951871.184796) can0 2A2#0000CCC6000003CA
(1790951871.184922) can0 2A3#0002B94BFFFD7389
(1790951871.185048) can0 2A4#00011AC6FFFD7B82
(1790951871.185147) can0 2A5#000007BF00000000
(1790951871.185272) can0 2A6#00000000FFFFFA7E
(1790951871.185398) can0 2A7#00005689FFFFF5D5
(1790951871.189703) can0 2A1#0100010000000000
(1790951871.189821) can0 2A2#0000CCC6000003CA
(1790951871.189922) can0 2A3#0002B94BFFFD7389
(1790951871.190047) can0 2A4#00011AC6FFFD7B82
(1790951871.190172) can0 2A5#000007BF00000000
(1790951871.190298) can0 2A6#00000000FFFFFA7E
(1790951871.190422) can0 2A7#00005689FFFFF5D5
(1790951871.194679) can0 2A1#0100010000000000
(1790951871.194800) can0 2A2#0000CCC6000003CA
(1790951871.194922) can0 2A3#0002B94BFFFD7389
(1790951871.195047) can0 2A4#00011AC6FFFD7B82
(1790951871.195173) can0 2A5#000007BF00000000
(1790951871.195298) can0 2A6#00000000FFFFFA7E
(1790951871.195421) can0 2A7#00005689FFFFF5D5
(1790951871.199711) can0 2A1#0100010000000000
(1790951871.199821) can0 2A2#0000CCC6000003CA
(1790951871.199923) can0 2A3#0002B94BFFFD7389
(1790951871.200048) can0 2A4#00011AC6FFFD7B82
(1790951871.200171) can0 2A5#000007BF00000000
(1790951871.200296) can0 2A6#00000000FFFFFA7E
(1790951871.200425) can0 2A7#00005689FFFFF5D5
(1790951871.204675) can0 2A1#0100010000000000
(1790951871.204796) can0 2A2#0000CCC6000003CA
(1790951871.204925) can0 2A3#0002B94BFFFD7389
(1790951871.205046) can0 2A4#00011AC6FFFD7B82
(1790951871.205171) can0 2A5#000007BF00000000
(1790951871.205295) can0 2A6#00000000FFFFFA7E
(1790951871.205396) can0 2A7#00005689FFFFF5D5
(1790951871.209703) can0 2A1#0100010000000000
(1790951871.209821) can0 2A2#0000CCC6000003CA
(1790951871.209920) can0 2A3#0002B94BFFFD7389
(1790951871.210045) can0 2A4#00011AC6FFFD7B82
(1790951871.210176) can0 2A5#000007BF00000000
(1790951871.210297) can0 2A6#00000000FFFFFA7E
(1790951871.210424) can0 2A7#00005689FFFFF5D5
(1790951871.214677) can0 2A1#0100010000000000
(1790951871.214795) can0 2A2#0000CCC6000003CA
(1790951871.214922) can0 2A3#0002B94BFFFD7389
(1790951871.215047) can0 2A4#00011AC6FFFD7B82
(1790951871.215172) can0 2A5#000007BF00000000
(1790951871.215296) can0 2A6#00000000FFFFFA7E
(1790951871.215423) can0 2A7#00005689FFFFF5D5
(1790951871.219715) can0 2A1#0100010000000000
(1790951871.219822) can0 2A2#0000CCC6000003CA
(1790951871.219923) can0 2A3#0002B94BFFFD7389
(1790951871.220047) can0 2A4#00011AC6FFFD7B82
(1790951871.220173) can0 2A5#000007BF00000000
(1790951871.220295) can0 2A6#00000000FFFFFA7E
(1790951871.220435) can0 2A7#00005689FFFFF5D5
(1790951871.224723) can0 2A1#0100010000000000
(1790951871.224796) can0 2A2#0000CCC6000003CA
(1790951871.224921) can0 2A3#0002B94BFFFD7389
(1790951871.225047) can0 2A4#00011AC6FFFD7B82
(1790951871.225172) can0 2A5#000007BF00000000
(1790951871.225297) can0 2A6#00000000FFFFFA7E
(1790951871.225422) can0 2A7#00005689FFFFF5D5
(1790951871.229709) can0 2A1#0100010000000000
(1790951871.229820) can0 2A2#0000CCC6000003CA
(1790951871.229949) can0 2A3#0002B94BFFFD7389
(1790951871.230045) can0 2A4#00011AC6FFFD7B82
(1790951871.230172) can0 2A5#000007BF00000000
(1790951871.230297) can0 2A6#00000000FFFFFA7E
(1790951871.230423) can0 2A7#00005689FFFFF5D5
(1790951871.234675) can0 2A1#0100010000000000
(1790951871.234795) can0 2A2#0000CCC6000003CA
(1790951871.234923) can0 2A3#0002B94BFFFD7389
(1790951871.235047) can0 2A4#00011AC6FFFD7B82
(1790951871.235147) can0 2A5#000007BF00000000
(1790951871.235271) can0 2A6#00000000FFFFFA7E
(1790951871.235397) can0 2A7#00005689FFFFF5D5
(1790951871.239704) can0 2A1#0100010000000000
(1790951871.239821) can0 2A2#0000CCC6000003CA
(1790951871.239947) can0 2A3#0002B94BFFFD7389
(1790951871.240048) can0 2A4#00011AC6FFFD7B82
(1790951871.240173) can0 2A5#000007BF00000000
(1790951871.240297) can0 2A6#00000000FFFFFA7E
(1790951871.240422) can0 2A7#00005689FFFFF5D5
(1790951871.244724) can0 2A1#0100010000000000
(1790951871.245405) can0 2A2#0000CCC6000003CA
(1790951871.245407) can0 2A3#0002B94BFFFD7389
(1790951871.245409) can0 2A4#00011AC6FFFD7B82
(1790951871.245410) can0 2A5#000007BF00000000
(1790951871.245411) can0 2A6#00000000FFFFFA7E
(1790951871.245414) can0 2A7#00005689FFFFF5D5
(1790951871.249716) can0 2A1#0100010000000000
(1790951871.249821) can0 2A2#0000CCC6000003CA
(1790951871.249948) can0 2A3#0002B94BFFFD7389
(1790951871.250047) can0 2A4#00011AC6FFFD7B82
(1790951871.250172) can0 2A5#000007BF00000000
(1790951871.250297) can0 2A6#00000000FFFFFA7E
(1790951871.250422) can0 2A7#00005689FFFFF5D5
(1790951871.254682) can0 2A1#0100010000000000
(1790951871.254796) can0 2A2#0000CCC6000003CA
(1790951871.254923) can0 2A3#0002B94BFFFD7389
(1790951871.255047) can0 2A4#00011AC6FFFD7B82
(1790951871.255173) can0 2A5#000007BF00000000
(1790951871.255297) can0 2A6#00000000FFFFFA7E
(1790951871.255423) can0 2A7#00005689FFFFF5D5
(1790951871.259727) can0 2A1#0100010000000000
(1790951871.259821) can0 2A2#0000CCC6000003CA
(1790951871.259922) can0 2A3#0002B94BFFFD7389
(1790951871.260048) can0 2A4#00011AC6FFFD7B82
(1790951871.260172) can0 2A5#000007BF00000000
(1790951871.260299) can0 2A6#00000000FFFFFA7E
(1790951871.260422) can0 2A7#00005689FFFFF5D5
(1790951871.264680) can0 2A1#0100010000000000
(1790951871.264798) can0 2A2#0000CCC6000003CA
(1790951871.264923) can0 2A3#0002B94BFFFD7389
(1790951871.265047) can0 2A4#00011AC6FFFD7B82
(1790951871.265172) can0 2A5#000007BF00000000
(1790951871.265297) can0 2A6#00000000FFFFFA7E
(1790951871.265424) can0 2A7#00005689FFFFF5D5
(1790951871.269725) can0 2A1#0100010000000000
(1790951871.269821) can0 2A2#0000CCC6000003CA
(1790951871.269923) can0 2A3#0002B94BFFFD7389
(1790951871.270073) can0 2A4#00011AC6FFFD7B82
(1790951871.270172) can0 2A5#000007BF00000000
(1790951871.270298) can0 2A6#00000000FFFFFA7E
(1790951871.270422) can0 2A7#00005689FFFFF5D5
(1790951871.274683) can0 2A1#0100010000000000
(1790951871.274798) can0 2A2#0000CCC6000003CA
(1790951871.274923) can0 2A3#0002B94BFFFD7389
(1790951871.275046) can0 2A4#00011AC6FFFD7B82
(1790951871.275172) can0 2A5#000007BF00000000
(1790951871.275298) can0 2A6#00000000FFFFFA7E
(1790951871.275397) can0 2A7#00005689FFFFF5D5
(1790951871.279722) can0 2A1#0100010000000000
(1790951871.279796) can0 2A2#0000CCC6000003CA
(1790951871.279950) can0 2A3#0002B94BFFFD7389
(1790951871.280047) can0 2A4#00011AC6FFFD7B82
(1790951871.280172) can0 2A5#000007BF00000000
(1790951871.280299) can0 2A6#00000000FFFFFA7E
(1790951871.280423) can0 2A7#00005689FFFFF5D5
(1790951871.284700) can0 2A1#0100010000000000
(1790951871.284800) can0 2A2#0000CCC6000003CA
(1790951871.284922) can0 2A3#0002B94BFFFD7389
(1790951871.285047) can0 2A4#00011AC6FFFD7B82
(1790951871.285148) can0 2A5#000007BF00000000
(1790951871.285271) can0 2A6#00000000FFFFFA7E
(1790951871.285397) can0 2A7#00005689FFFFF5D5
(1790951871.289721) can0 2A1#0100010000000000
(1790951871.289823) can0 2A2#0000CCC6000003CA
(1790951871.289949) can0 2A3#0002B94BFFFD7389
(1790951871.290047) can0 2A4#00011AC6FFFD7B82
(1790951871.290174) can0 2A5#000007BF00000000
(1790951871.290297) can0 2A6#00000000FFFFFA7E
(1790951871.290422) can0 2A7#00005689FFFFF5D5
(1790951871.294706) can0 2A1#0100010000000000
(1790951871.294822) can0 2A2#0000CCC6000003CA
(1790951871.294924) can0 2A3#0002B94BFFFD7389
(1790951871.295049) can0 2A4#00011AC6FFFD7B82
(1790951871.295171) can0 2A5#000007BF00000000
(1790951871.295297) can0 2A6#00000000FFFFFA7E
(1790951871.295397) can0 2A7#00005689FFFFF5D5
(1790951871.299717) can0 2A1#0100010000000000
(1790951871.299822) can0 2A2#0000CCC6000003CA
(1790951871.299950) can0 2A3#0002B94BFFFD7389
(1790951871.300046) can0 2A4#00011AC6FFFD7B82
(1790951871.300174) can0 2A5#000007BF00000000
(1790951871.300299) can0 2A6#00000000FFFFFA7E
(1790951871.300422) can0 2A7#00005689FFFFF5D5
(1790951871.304679) can0 2A1#0100010000000000
(1790951871.304825) can0 2A2#0000CCC6000003CA
(1790951871.304923) can0 2A3#0002B94BFFFD7389
(1790951871.305046) can0 2A4#00011AC6FFFD7B82
(1790951871.305173) can0 2A5#000007BF00000000
(1790951871.305296) can0 2A6#00000000FFFFFA7E
(1790951871.305396) can0 2A7#00005689FFFFF5D5
(1790951871.309713) can0 2A1#0100010000000000
(1790951871.309822) can0 2A2#0000CCC6000003CA
(1790951871.309949) can0 2A3#0002B94BFFFD7389
(1790951871.310046) can0 2A4#00011AC6FFFD7B82
(1790951871.310172) can0 2A5#000007BF00000000
(1790951871.310300) can0 2A6#00000000FFFFFA7E
(1790951871.310421) can0 2A7#00005689FFFFF5D5
(1790951871.314672) can0 2A1#0100010000000000
(1790951871.314797) can0 2A2#0000CCC6000003CA
(1790951871.314922) can0 2A3#0002B94BFFFD7389
(1790951871.315049) can0 2A4#00011AC6FFFD7B82
(1790951871.315176) can0 2A5#000007BF00000000
(1790951871.315296) can0 2A6#00000000FFFFFA7E
(1790951871.315396) can0 2A7#00005689FFFFF5D5
(1790951871.319705) can0 2A1#0100010000000000
(1790951871.319822) can0 2A2#0000CCC6000003CA
(1790951871.319948) can0 2A3#0002B94BFFFD7389
(1790951871.320046) can0 2A4#00011AC6FFFD7B82
(1790951871.320173) can0 2A5#000007BF00000000
(1790951871.320296) can0 2A6#00000000FFFFFA7E
(1790951871.320421) can0 2A7#00005689FFFFF5D5
(1790951871.324678) can0 2A1#0100010000000000
(1790951871.324796) can0 2A2#0000CCC6000003CA
(1790951871.324924) can0 2A3#0002B94BFFFD7389
(1790951871.325049) can0 2A4#00011AC6FFFD7B82
(1790951871.325171) can0 2A5#000007BF00000000
(1790951871.325296) can0 2A6#00000000FFFFFA7E
(1790951871.325396) can0 2A7#00005689FFFFF5D5
(1790951871.329703) can0 2A1#0100010000000000
(1790951871.329803) can0 2A2#0000CCC6000003CA
(1790951871.329950) can0 2A3#0002B94BFFFD7389
(1790951871.330047) can0 2A4#00011AC6FFFD7B82
(1790951871.330173) can0 2A5#000007BF00000000
(1790951871.330296) can0 2A6#00000000FFFFFA7E
(1790951871.330422) can0 2A7#00005689FFFFF5D5
(1790951871.334699) can0 2A1#0100010000000000
(1790951871.334794) can0 2A2#0000CCC6000003CA
(1790951871.334922) can0 2A3#0002B94BFFFD7389
(1790951871.335047) can0 2A4#00011AC6FFFD7B82
(1790951871.335146) can0 2A5#000007BF00000000
(1790951871.335272) can0 2A6#00000000FFFFFA7E
(1790951871.335425) can0 2A7#00005689FFFFF5D5
(1790951871.339704) can0 2A1#0100010000000000
(1790951871.339822) can0 2A2#0000CCC6000003CA
(1790951871.339938) can0 2A3#0002B94BFFFD7389
(1790951871.340047) can0 2A4#00011AC6FFFD7B82
(1790951871.340174) can0 2A5#000007BF00000000
(1790951871.340298) can0 2A6#00000000FFFFFA7E
(1790951871.340425) can0 2A7#00005689FFFFF5D5
(1790951871.344679) can0 2A1#0100010000000000
(1790951871.344799) can0 2A2#0000CCC6000003CA
(1790951871.344924) can0 2A3#0002B94BFFFD7389
(1790951871.345046) can0 2A4#00011AC6FFFD7B82
(1790951871.345174) can0 2A5#000007BF00000000
(1790951871.345296) can0 2A6#00000000FFFFFA7E
(1790951871.345422) can0 2A7#00005689FFFFF5D5
(1790951871.349706) can0 2A1#0100010000000000
(1790951871.349822) can0 2A2#0000CCC6000003CA
(1790951871.349925) can0 2A3#0002B94BFFFD7389
(1790951871.350047) can0 2A4#00011AC6FFFD7B82
(1790951871.350172) can0 2A5#000007BF00000000
(1790951871.350296) can0 2A6#00000000FFFFFA7E
(1790951871.350422) can0 2A7#00005689FFFFF5D5
(1790951871.354680) can0 2A1#0100010000000000
(1790951871.354797) can0 2A2#0000CCC6000003CA
(1790951871.354924) can0 2A3#0002B94BFFFD7389
(1790951871.355049) can0 2A4#00011AC6FFFD7B82
(1790951871.355175) can0 2A5#000007BF00000000
(1790951871.355301) can0 2A6#00000000FFFFFA7E
(1790951871.355422) can0 2A7#00005689FFFFF5D5
(1790951871.359707) can0 2A1#0100010000000000
(1790951871.359797) can0 2A2#0000CCC6000003CA
(1790951871.359949) can0 2A3#0002B94BFFFD7389
(1790951871.360048) can0 2A4#00011AC6FFFD7B82
(1790951871.360174) can0 2A5#000007BF00000000
(1790951871.360298) can0 2A6#00000000FFFFFA7E
(1790951871.360422) can0 2A7#00005689FFFFF5D5
(1790951871.364674) can0 2A1#0100010000000000
(1790951871.364797) can0 2A2#0000CCC6000003CA
(1790951871.364925) can0 2A3#0002B94BFFFD7389
(1790951871.365048) can0 2A4#00011AC6FFFD7B82
(1790951871.365148) can0 2A5#000007BF00000000
(1790951871.365273) can0 2A6#00000000FFFFFA7E
(1790951871.365397) can0 2A7#00005689FFFFF5D5
(1790951871.369701) can0 2A1#0100010000000000
(1790951871.369821) can0 2A2#0000CCC6000003CA
(1790951871.369949) can0 2A3#0002B94BFFFD7389
(1790951871.370049) can0 2A4#00011AC6FFFD7B82
(1790951871.370174) can0 2A5#000007BF00000000
(1790951871.370297) can0 2A6#00000000FFFFFA7E
(1790951871.370422) can0 2A7#00005689FFFFF5D5
(1790951871.374705) can0 2A1#0100010000000000
(1790951871.374799) can0 2A2#0000CCC6000003CA
(1790951871.374924) can0 2A3#0002B94BFFFD7389
(1790951871.375047) can0 2A4#00011AC6FFFD7B82
(1790951871.375146) can0 2A5#000007BF00000000
(1790951871.375296) can0 2A6#00000000FFFFFA7E
(1790951871.375397) can0 2A7#00005689FFFFF5D5
(1790951871.379708) can0 2A1#0100010000000000
(1790951871.379822) can0 2A2#0000CCC6000003CA
(1790951871.379949) can0 2A3#0002B94BFFFD7389
(1790951871.380049) can0 2A4#00011AC6FFFD7B82
(1790951871.380174) can0 2A5#000007BF00000000
(1790951871.380297) can0 2A6#00000000FFFFFA7E
(1790951871.380424) can0 2A7#00005689FFFFF5D5
(1790951871.384679) can0 2A1#0100010000000000
(1790951871.384798) can0 2A2#0000CCC6000003CA
(1790951871.384925) can0 2A3#0002B94BFFFD7389
(1790951871.385049) can0 2A4#00011AC6FFFD7B82
(1790951871.385174) can0 2A5#000007BF00000000
(1790951871.385299) can0 2A6#00000000FFFFFA7E
(1790951871.385397) can0 2A7#00005689FFFFF5D5
(1790951871.389705) can0 2A1#0100010000000000
(1790951871.389822) can0 2A2#0000CCC6000003CA
(1790951871.389924) can0 2A3#0002B94BFFFD7389
(1790951871.390050) can0 2A4#00011AC6FFFD7B82
(1790951871.390174) can0 2A5#000007BF00000000
(1790951871.390299) can0 2A6#00000000FFFFFA7E
(1790951871.390424) can0 2A7#00005689FFFFF5D5
(1790951871.394680) can0 2A1#0100010000000000
(1790951871.394797) can0 2A2#0000CCC6000003CA
(1790951871.394923) can0 2A3#0002B94BFFFD7389
(1790951871.395049) can0 2A4#00011AC6FFFD7B82
(1790951871.395174) can0 2A5#000007BF00000000
(1790951871.395299) can0 2A6#00000000FFFFFA7E
(1790951871.395424) can0 2A7#00005689FFFFF5D5
(1790951871.399708) can0 2A1#0100010000000000
(1790951871.399822) can0 2A2#0000CCC6000003CA
(1790951871.399924) can0 2A3#0002B94BFFFD7389
(1790951871.400049) can0 2A4#00011AC6FFFD7B82
(1790951871.400171) can0 2A5#000007BF00000000
(1790951871.400298) can0 2A6#00000000FFFFFA7E
(1790951871.400422) can0 2A7#00005689FFFFF5D5
(1790951871.404684) can0 2A1#0100010000000000
(1790951871.404822) can0 2A2#0000CCC6000003CA
(1790951871.404924) can0 2A3#0002B94BFFFD7389
(1790951871.405049) can0 2A4#00011AC6FFFD7B82
(1790951871.405174) can0 2A5#000007BF00000000
(1790951871.405271) can0 2A6#00000000FFFFFA7E
(1790951871.405397) can0 2A7#00005689FFFFF5D5
(1790951871.409703) can0 2A1#0100010000000000
(1790951871.409822) can0 2A2#0000CCC6000003CA
(1790951871.409924) can0 2A3#0002B94BFFFD7389
(1790951871.410049) can0 2A4#00011AC6FFFD7B82
(1790951871.410174) can0 2A5#000007BF00000000
(1790951871.410297) can0 2A6#00000000FFFFFA7E
(1790951871.410422) can0 2A7#00005689FFFFF5D5
(1790951871.414700) can0 2A1#0100010000000000
(1790951871.414796) can0 2A2#0000CCC6000003CA
(1790951871.414924) can0 2A3#0002B94BFFFD7389
(1790951871.415049) can0 2A4#00011AC6FFFD7B82
(1790951871.415171) can0 2A5#000007BF00000000
(1790951871.415297) can0 2A6#00000000FFFFFA7E
(1790951871.415422) can0 2A7#00005689FFFFF5D5
(1790951871.419703) can0 2A1#0100010000000000
(1790951871.419823) can0 2A2#0000CCC6000003CA
(1790951871.419923) can0 2A3#0002B94BFFFD7389
(1790951871.420048) can0 2A4#00011AC6FFFD7B82
(1790951871.420173) can0 2A5#000007BF00000000
(1790951871.420300) can0 2A6#00000000FFFFFA7E
(1790951871.420424) can0 2A7#00005689FFFFF5D5
(1790951871.424712) can0 2A1#0100010000000000
(1790951871.424800) can0 2A2#0000CCC6000003CA
(1790951871.424925) can0 2A3#0002B94BFFFD7389
(1790951871.425022) can0 2A4#00011AC6FFFD7B82
(1790951871.425150) can0 2A5#000007BF00000000
(1790951871.425274) can0 2A6#00000000FFFFFA7E
(1790951871.425423) can0 2A7#00005689FFFFF5D5
(1790951871.429713) can0 2A1#0100010000000000
(1790951871.429823) can0 2A2#0000CCC6000003CA
(1790951871.429922) can0 2A3#0002B94BFFFD7389
(1790951871.430053) can0 2A4#00011AC6FFFD7B82
(1790951871.430173) can0 2A5#000007BF00000000
(1790951871.430299) can0 2A6#00000000FFFFFA7E
(1790951871.430423) can0 2A7#00005689FFFFF5D5
(1790951871.434682) can0 2A1#0100010000000000
(1790951871.434797) can0 2A2#0000CCC6000003CA
(1790951871.434925) can0 2A3#0002B94BFFFD7389
(1790951871.435050) can0 2A4#00011AC6FFFD7B82
(1790951871.435175) can0 2A5#000007BF00000000
(1790951871.435297) can0 2A6#00000000FFFFFA7E
(1790951871.435422) can0 2A7#00005689FFFFF5D5
(1790951871.439708) can0 2A1#0100010000000000
(1790951871.439822) can0 2A2#0000CCC6000003CA
(1790951871.439925) can0 2A3#0002B94BFFFD7389
(1790951871.440060) can0 2A4#00011AC6FFFD7B82
(1790951871.440175) can0 2A5#000007BF00000000
(1790951871.440299) can0 2A6#00000000FFFFFA7E
(1790951871.440423) can0 2A7#00005689FFFFF5D5
(1790951871.444682) can0 2A1#0100010000000000
(1790951871.444797) can0 2A2#0000CCC6000003CA
(1790951871.444926) can0 2A3#0002B94BFFFD7389
(1790951871.445049) can0 2A4#00011AC6FFFD7B82
(1790951871.445175) can0 2A5#000007BF00000000
(1790951871.445300) can0 2A6#00000000FFFFFA7E
(1790951871.445425) can0 2A7#00005689FFFFF5D5
(1790951871.449715) can0 2A1#0100010000000000
(1790951871.449798) can0 2A2#0000CCC6000003CA
(1790951871.449950) can0 2A3#0002B94BFFFD7389
(1790951871.450050) can0 2A4#00011AC6FFFD7B82
(1790951871.450172) can0 2A5#000007BF00000000
(1790951871.450299) can0 2A6#00000000FFFFFA7E
(1790951871.450429) can0 2A7#00005689FFFFF5D5
(1790951871.454709) can0 2A1#0100010000000000
(1790951871.454821) can0 2A2#0000CCC6000003CA
(1790951871.454925) can0 2A3#0002B94BFFFD7389
(1790951871.455057) can0 2A4#00011AC6FFFD7B82
(1790951871.455148) can0 2A5#000007BF00000000
(1790951871.455272) can0 2A6#00000000FFFFFA7E
(1790951871.455400) can0 2A7#00005689FFFFF5D5
(1790951871.459728) can0 2A1#0100010000000000
(1790951871.459823) can0 2A2#0000CCC6000003CA
(1790951871.459949) can0 2A3#0002B94BFFFD7389
(1790951871.460047) can0 2A4#00011AC6FFFD7B82
(1790951871.460172) can0 2A5#000007BF00000000
(1790951871.460297) can0 2A6#00000000FFFFFA7E
(1790951871.460422) can0 2A7#00005689FFFFF5D5
(1790951871.464702) can0 2A1#0100010000000000
(1790951871.464822) can0 2A2#0000CCC6000003CA
(1790951871.464929) can0 2A3#0002B94BFFFD7389
(1790951871.465048) can0 2A4#00011AC6FFFD7B82
(1790951871.465175) can0 2A5#000007BF00000000
(1790951871.465299) can0 2A6#00000000FFFFFA7E
(1790951871.465399) can0 2A7#00005689FFFFF5D5
(1790951871.469704) can0 2A1#0100010000000000
(1790951871.469821) can0 2A2#0000CCC6000003CA
(1790951871.469951) can0 2A3#0002B94BFFFD7389
(1790951871.470048) can0 2A4#00011AC6FFFD7B82
(1790951871.470172) can0 2A5#000007BF00000000
(1790951871.470297) can0 2A6#00000000FFFFFA7E
(1790951871.470428) can0 2A7#00005689FFFFF5D5
(1790951871.474677) can0 2A1#0100010000000000
(1790951871.474821) can0 2A2#0000CCC6000003CA
(1790951871.474924) can0 2A3#0002B94BFFFD7389
(1790951871.475048) can0 2A4#00011AC6FFFD7B82
(1790951871.475174) can0 2A5#000007BF00000000
(1790951871.475307) can0 2A6#00000000FFFFFA7E
(1790951871.475397) can0 2A7#00005689FFFFF5D5
(1790951871.479705) can0 2A1#0100010000000000
(1790951871.479822) can0 2A2#0000CCC6000003CA
(1790951871.479949) can0 2A3#0002B94BFFFD7389
(1790951871.480048) can0 2A4#00011AC6FFFD7B82
(1790951871.480173) can0 2A5#000007BF00000000
(1790951871.480298) can0 2A6#00000000FFFFFA7E
(1790951871.480423) can0 2A7#00005689FFFFF5D5
(1790951871.484701) can0 2A1#0100010000000000
(1790951871.484797) can0 2A2#0000CCC6000003CA
(1790951871.484925) can0 2A3#0002B94BFFFD7389
(1790951871.485048) can0 2A4#00011AC6FFFD7B82
(1790951871.485149) can0 2A5#000007BF00000000
(1790951871.485272) can0 2A6#00000000FFFFFA7E
(1790951871.485423) can0 2A7#00005689FFFFF5D5
(1790951871.489703) can0 2A1#0100010000000000
(1790951871.489821) can0 2A2#0000CCC6000003CA
(1790951871.489927) can0 2A3#0002B94BFFFD7389
(1790951871.490058) can0 2A4#00011AC6FFFD7B82
(1790951871.490172) can0 2A5#000007BF00000000
(1790951871.490297) can0 2A6#00000000FFFFFA7E
(1790951871.490425) can0 2A7#00005689FFFFF5D5
(1790951871.494702) can0 2A1#0100010000000000
(1790951871.494826) can0 2A2#0000CCC6000003CA
(1790951871.494925) can0 2A3#0002B94BFFFD7389
(1790951871.495048) can0 2A4#00011AC6FFFD7B82
(1790951871.495149) can0 2A5#000007BF00000000
(1790951871.495274) can0 2A6#00000000FFFFFA7E
(1790951871.495397) can0 2A7#00005689FFFFF5D5
(1790951871.499708) can0 2A1#0100010000000000
(1790951871.499821) can0 2A2#0000CCC6000003CA
(1790951871.499949) can0 2A3#0002B94BFFFD7389
(1790951871.500048) can0 2A4#00011AC6FFFD7B82
(1790951871.500174) can0 2A5#000007BF00000000
(1790951871.500301) can0 2A6#00000000FFFFFA7E
(1790951871.500424) can0 2A7#00005689FFFFF5D5
(1790951871.504708) can0 2A1#0100010000000000
(1790951871.504800) can0 2A2#0000CCC6000003CA
(1790951871.504932) can0 2A3#0002B94BFFFD7389
(1790951871.505047) can0 2A4#00011AC6FFFD7B82
(1790951871.505181) can0 2A5#000007BF00000000
(1790951871.505299) can0 2A6#00000000FFFFFA7E
(1790951871.505421) can0 2A7#00005689FFFFF5D5
(1790951871.509702) can0 2A1#0100010000000000
(1790951871.509821) can0 2A2#0000CCC6000003CA
(1790951871.509923) can0 2A3#0002B94BFFFD7389
(1790951871.510049) can0 2A4#00011AC6FFFD7B82
(1790951871.510174) can0 2A5#000007BF00000000
(1790951871.510297) can0 2A6#00000000FFFFFA7E
(1790951871.510424) can0 2A7#00005689FFFFF5D5
(1790951871.514706) can0 2A1#0100010000000000
(1790951871.514803) can0 2A2#0000CCC6000003CA
(1790951871.514925) can0 2A3#0002B94BFFFD7389
(1790951871.515050) can0 2A4#00011AC6FFFD7B82
(1790951871.515147) can0 2A5#000007BF00000000
(1790951871.515274) can0 2A6#00000000FFFFFA7E
(1790951871.515423) can0 2A7#00005689FFFFF5D5
(1790951871.519723) can0 2A1#0100010000000000
(1790951871.519823) can0 2A2#0000CCC6000003CA
(1790951871.519948) can0 2A3#0002B94BFFFD7389
(1790951871.520050) can0 2A4#00011AC6FFFD7B82
(1790951871.520173) can0 2A5#000007BF00000000
(1790951871.520299) can0 2A6#00000000FFFFFA7E
(1790951871.520423) can0 2A7#00005689FFFFF5D5
(1790951871.524708) can0 2A1#0100010000000000
(1790951871.524798) can0 2A2#0000CCC6000003CA
(1790951871.524925) can0 2A3#0002B94BFFFD7389
(1790951871.525052) can0 2A4#00011AC6FFFD7B82
(1790951871.525148) can0 2A5#000007BF00000000
(1790951871.525300) can0 2A6#00000000FFFFFA7E
(1790951871.525399) can0 2A7#00005689FFFFF5D5
(1790951871.529711) can0 2A1#0100010000000000
(1790951871.529823) can0 2A2#0000CCC6000003CA
(1790951871.529927) can0 2A3#0002B94BFFFD7389
(1790951871.530048) can0 2A4#00011AC6FFFD7B82
(1790951871.530173) can0 2A5#000007BF00000000
(1790951871.530299) can0 2A6#00000000FFFFFA7E
(1790951871.530421) can0 2A7#00005689FFFFF5D5
(1790951871.534683) can0 2A1#0100010000000000
(1790951871.534797) can0 2A2#0000CCC6000003CA
(1790951871.534925) can0 2A3#0002B94BFFFD7389
(1790951871.535052) can0 2A4#00011AC6FFFD7B82
(1790951871.535176) can0 2A5#000007BF00000000
(1790951871.535300) can0 2A6#00000000FFFFFA7E
(1790951871.535424) can0 2A7#00005689FFFFF5D5
(1790951871.539708) can0 2A1#0100010000000000
(1790951871.539798) can0 2A2#0000CCC6000003CA
(1790951871.539950) can0 2A3#0002B94BFFFD7389
(1790951871.540048) can0 2A4#00011AC6FFFD7B82
(1790951871.540175) can0 2A5#000007BF00000000
(1790951871.540300) can0 2A6#00000000FFFFFA7E
(1790951871.540424) can0 2A7#00005689FFFFF5D5
(1790951871.544675) can0 2A1#0100010000000000
(1790951871.544823) can0 2A2#0000CCC6000003CA
(1790951871.544922) can0 2A3#0002B94BFFFD7389
(1790951871.545049) can0 2A4#00011AC6FFFD7B82
(1790951871.545172) can0 2A5#000007BF00000000
(1790951871.545300) can0 2A6#00000000FFFFFA7E
(1790951871.545398) can0 2A7#00005689FFFFF5D5
(1790951871.549702) can0 2A1#0100010000000000
(1790951871.549822) can0 2A2#0000CCC6000003CA
(1790951871.549949) can0 2A3#0002B94BFFFD7389
(1790951871.550051) can0 2A4#00011AC6FFFD7B82
(1790951871.550174) can0 2A5#000007BF00000000
(1790951871.550297) can0 2A6#00000000FFFFFA7E
(1790951871.550425) can0 2A7#00005689FFFFF5D5
(1790951871.554702) can0 2A1#0100010000000000
(1790951871.554798) can0 2A2#0000CCC6000003CA
(1790951871.554925) can0 2A3#0002B94BFFFD7389
(1790951871.555023) can0 2A4#00011AC6FFFD7B82
(1790951871.555151) can0 2A5#000007BF00000000
(1790951871.555297) can0 2A6#00000000FFFFFA7E
(1790951871.555423) can0 2A7#00005689FFFFF5D5
(1790951871.559710) can0 2A1#0100010000000000
(1790951871.559823) can0 2A2#0000CCC6000003CA
(1790951871.559925) can0 2A3#0002B94BFFFD7389
(1790951871.560050) can0 2A4#00011AC6FFFD7B82
(1790951871.560175) can0 2A5#000007BF00000000
(1790951871.560297) can0 2A6#00000000FFFFFA7E
(1790951871.560424) can0 2A7#00005689FFFFF5D5
(1790951871.564705) can0 2A1#0100010000000000
(1790951871.564802) can0 2A2#0000CCC6000003CA
(1790951871.564928) can0 2A3#0002B94BFFFD7389
(1790951871.565051) can0 2A4#00011AC6FFFD7B82
(1790951871.565175) can0 2A5#000007BF00000000
(1790951871.565298) can0 2A6#00000000FFFFFA7E
(1790951871.565425) can0 2A7#00005689FFFFF5D5
(1790951871.569710) can0 2A1#0100010000000000
(1790951871.569823) can0 2A2#0000CCC6000003CA
(1790951871.569925) can0 2A3#0002B94BFFFD7389
(1790951871.570050) can0 2A4#00011AC6FFFD7B82
(1790951871.570172) can0 2A5#000007BF00000000
(1790951871.570299) can0 2A6#00000000FFFFFA7E
(1790951871.570423) can0 2A7#00005689FFFFF5D5
(1790951871.574707) can0 2A1#0100010000000000
(1790951871.574827) can0 2A2#0000CCC6000003CA
(1790951871.574925) can0 2A3#0002B94BFFFD7389
(1790951871.575049) can0 2A4#00011AC6FFFD7B82
(1790951871.575173) can0 2A5#000007BF00000000
(1790951871.575299) can0 2A6#00000000FFFFFA7E
(1790951871.575400) can0 2A7#00005689FFFFF5D5
(1790951871.579704) can0 2A1#0100010000000000
(1790951871.579823) can0 2A2#0000CCC6000003CA
(1790951871.579950) can0 2A3#0002B94BFFFD7389
(1790951871.580048) can0 2A4#00011AC6FFFD7B82
(1790951871.580172) can0 2A5#000007BF00000000
(1790951871.580300) can0 2A6#00000000FFFFFA7E
(1790951871.580423) can0 2A7#00005689FFFFF5D5
(1790951871.584678) can0 2A1#0100010000000000
(1790951871.584811) can0 2A2#0000CCC6000003CA
(1790951871.584925) can0 2A3#0002B94BFFFD7389
(1790951871.585047) can0 2A4#00011AC6FFFD7B82
(1790951871.585175) can0 2A5#000007BF00000000
(1790951871.585298) can0 2A6#00000000FFFFFA7E
(1790951871.585400) can0 2A7#00005689FFFFF5D5
(1790951871.589707) can0 2A1#0100010000000000
(1790951871.589807) can0 2A2#0000CCC6000003CA
(1790951871.589950) can0 2A3#0002B94BFFFD7389
(1790951871.590047) can0 2A4#00011AC6FFFD7B82
(1790951871.590174) can0 2A5#000007BF00000000
(1790951871.590297) can0 2A6#00000000FFFFFA7E
(1790951871.590425) can0 2A7#00005689FFFFF5D5
(1790951871.594679) can0 2A1#0100010000000000
(1790951871.594798) can0 2A2#0000CCC6000003CA
(1790951871.594925) can0 2A3#0002B94BFFFD7389
(1790951871.595047) can0 2A4#00011AC6FFFD7B82
(1790951871.595175) can0 2A5#000007BF00000000
(1790951871.595300) can0 2A6#00000000FFFFFA7E
(1790951871.595397) can0 2A7#00005689FFFFF5D5
(1790951871.599708) can0 2A1#0100010000000000
(1790951871.599822) can0 2A2#0000CCC6000003CA
(1790951871.599949) can0 2A3#0002B94BFFFD7389
(1790951871.600050) can0 2A4#00011AC6FFFD7B82
(1790951871.600174) can0 2A5#000007BF00000000
(1790951871.600300) can0 2A6#00000000FFFFFA7E
(1790951871.600425) can0 2A7#00005689FFFFF5D5
(1790951871.604711) can0 2A1#0100010000000000
(1790951871.604798) can0 2A2#0000CCC6000003CA
(1790951871.604928) can0 2A3#0002B94BFFFD7389
(1790951871.605050) can0 2A4#00011AC6FFFD7B82
(1790951871.605175) can0 2A5#000007BF00000000
(1790951871.605297) can0 2A6#00000000FFFFFA7E
(1790951871.605425) can0 2A7#00005689FFFFF5D5
(1790951871.609715) can0 2A1#0100010000000000
(1790951871.609824) can0 2A2#0000CCC6000003CA
(1790951871.609925) can0 2A3#0002B94BFFFD7389
(1790951871.610048) can0 2A4#00011AC6FFFD7B82
(1790951871.610175) can0 2A5#000007BF00000000
(1790951871.610300) can0 2A6#00000000FFFFFA7E
(1790951871.610425) can0 2A7#00005689FFFFF5D5
(1790951871.614700) can0 2A1#0100010000000000
(1790951871.614801) can0 2A2#0000CCC6000003CA
(1790951871.614926) can0 2A3#0002B94BFFFD7389
(1790951871.615050) can0 2A4#00011AC6FFFD7B82
(1790951871.615175) can0 2A5#000007BF00000000
(1790951871.615298) can0 2A6#00000000FFFFFA7E
(1790951871.615424) can0 2A7#00005689FFFFF5D5
(1790951871.619714) can0 2A1#0100010000000000
(1790951871.619823) can0 2A2#0000CCC6000003CA
(1790951871.619925) can0 2A3#0002B94BFFFD7389
(1790951871.620048) can0 2A4#00011AC6FFFD7B82
(1790951871.620175) can0 2A5#000007BF00000000
(1790951871.620300) can0 2A6#00000000FFFFFA7E
(1790951871.620426) can0 2A7#00005689FFFFF5D5
(1790951871.624705) can0 2A1#0100010000000000
(1790951871.624806) can0 2A2#0000CCC6000003CA
(1790951871.624923) can0 2A3#0002B94BFFFD7389
(1790951871.625051) can0 2A4#00011AC6FFFD7B82
(1790951871.625148) can0 2A5#000007BF00000000
(1790951871.625272) can0 2A6#00000000FFFFFA7E
(1790951871.625398) can0 2A7#00005689FFFFF5D5
(1790951871.629704) can0 2A1#0100010000000000
(1790951871.629824) can0 2A2#0000CCC6000003CA
(1790951871.629924) can0 2A3#0002B94BFFFD7389
(1790951871.630051) can0 2A4#00011AC6FFFD7B82
(1790951871.630176) can0 2A5#000007BF00000000
(1790951871.630298) can0 2A6#00000000FFFFFA7E
(1790951871.630427) can0 2A7#00005689FFFFF5D5
(1790951871.634706) can0 2A1#0100010000000000
(1790951871.634825) can0 2A2#0000CCC6000003CA
(1790951871.634923) can0 2A3#0002B94BFFFD7389
(1790951871.635046) can0 2A4#00011AC6FFFD7B82
(1790951871.635173) can0 2A5#000007BF00000000
(1790951871.635298) can0 2A6#00000000FFFFFA7E
(1790951871.635401) can0 2A7#00005689FFFFF5D5
(1790951871.639706) can0 2A1#0100010000000000
(1790951871.639824) can0 2A2#0000CCC6000003CA
(1790951871.639951) can0 2A3#0002B94BFFFD7389
(1790951871.640049) can0 2A4#00011AC6FFFD7B82
(1790951871.640173) can0 2A5#000007BF00000000
(1790951871.640298) can0 2A6#00000000FFFFFA7E
(1790951871.640430) can0 2A7#00005689FFFFF5D5
(1790951871.644709) can0 2A1#0100010000000000
(1790951871.644823) can0 2A2#0000CCC6000003CA
(1790951871.644924) can0 2A3#0002B94BFFFD7389
(1790951871.645050) can0 2A4#00011AC6FFFD7B82
(1790951871.645174) can0 2A5#000007BF00000000
(1790951871.645297) can0 2A6#00000000FFFFFA7E
(1790951871.645397) can0 2A7#00005689FFFFF5D5
(1790951871.649712) can0 2A1#0100010000000000
(1790951871.649822) can0 2A2#0000CCC6000003CA
(1790951871.649949) can0 2A3#0002B94BFFFD7389
(1790951871.650049) can0 2A4#00011AC6FFFD7B82
(1790951871.650176) can0 2A5#000007BF00000000
(1790951871.650299) can0 2A6#00000000FFFFFA7E
(1790951871.650423) can0 2A7#00005689FFFFF5D5
(1790951871.654677) can0 2A1#0100010000000000
(1790951871.654797) can0 2A2#0000CCC6000003CA
(1790951871.654924) can0 2A3#0002B94BFFFD7389
(1790951871.655049) can0 2A4#00011AC6FFFD7B82
(1790951871.655175) can0 2A5#000007BF00000000
(1790951871.655299) can0 2A6#00000000FFFFFA7E
(1790951871.655424) can0 2A7#00005689FFFFF5D5
(1790951871.659717) can0 2A1#0100010000000000
(1790951871.659823) can0 2A2#0000CCC6000003CA
(1790951871.659948) can0 2A3#0002B94BFFFD7389
(1790951871.660060) can0 2A4#00011AC6FFFD7B82
(1790951871.660173) can0 2A5#000007BF00000000
(1790951871.660301) can0 2A6#00000000FFFFFA7E
(1790951871.660424) can0 2A7#00005689FFFFF5D5
(1790951871.664701) can0 2A1#0100010000000000
(1790951871.664800) can0 2A2#0000CCC6000003CA
(1790951871.664923) can0 2A3#0002B94BFFFD7389
(1790951871.665050) can0 2A4#00011AC6FFFD7B82
(1790951871.665177) can0 2A5#000007BF00000000
(1790951871.665306) can0 2A6#00000000FFFFFA7E
(1790951871.665399) can0 2A7#00005689FFFFF5D5
(1790951871.669707) can0 2A1#0100010000000000
(1790951871.669828) can0 2A2#0000CCC6000003CA
(1790951871.669949) can0 2A3#0002B94BFFFD7389
(1790951871.670051) can0 2A4#00011AC6FFFD7B82
(1790951871.670173) can0 2A5#000007BF00000000
(1790951871.670299) can0 2A6#00000000FFFFFA7E
(1790951871.670424) can0 2A7#00005689FFFFF5D5
(1790951871.674709) can0 2A1#0100010000000000
(1790951871.674825) can0 2A2#0000CCC6000003CA
(1790951871.674924) can0 2A3#0002B94BFFFD7389
(1790951871.675051) can0 2A4#00011AC6FFFD7B82
(1790951871.675173) can0 2A5#000007BF00000000
(1790951871.675300) can0 2A6#00000000FFFFFA7E
(1790951871.675400) can0 2A7#00005689FFFFF5D5
(1790951871.679705) can0 2A1#0100010000000000
(1790951871.679822) can0 2A2#0000CCC6000003CA
(1790951871.679950) can0 2A3#0002B94BFFFD7389
(1790951871.680050) can0 2A4#00011AC6FFFD7B82
(1790951871.680174) can0 2A5#000007BF00000000
(1790951871.680299) can0 2A6#00000000FFFFFA7E
(1790951871.680426) can0 2A7#00005689FFFFF5D5
(1790951871.684715) can0 2A1#0100010000000000
(1790951871.684800) can0 2A2#0000CCC6000003CA
(1790951871.684926) can0 2A3#0002B94BFFFD7389
(1790951871.685051) can0 2A4#00011AC6FFFD7B82
(1790951871.685176) can0 2A5#000007BF00000000
(1790951871.685300) can0 2A6#00000000FFFFFA7E
(1790951871.685425) can0 2A7#00005689FFFFF5D5
(1790951871.689708) can0 2A1#0100010000000000
(1790951871.689827) can0 2A2#0000CCC6000003CA
(1790951871.689926) can0 2A3#0002B94BFFFD7389
(1790951871.690051) can0 2A4#00011AC6FFFD7B82
(1790951871.690176) can0 2A5#000007BF00000000
(1790951871.690302) can0 2A6#00000000FFFFFA7E
(1790951871.690423) can0 2A7#00005689FFFFF5D5
(1790951871.694703) can0 2A1#0100010000000000
(1790951871.694800) can0 2A2#0000CCC6000003CA
(1790951871.694925) can0 2A3#0002B94BFFFD7389
(1790951871.695051) can0 2A4#00011AC6FFFD7B82
(1790951871.695149) can0 2A5#000007BF00000000
(1790951871.695298) can0 2A6#00000000FFFFFA7E
(1790951871.695399) can0 2A7#00005689FFFFF5D5
(1790951871.699718) can0 2A1#0100010000000000
(1790951871.699823) can0 2A2#0000CCC6000003CA
(1790951871.699924) can0 2A3#0002B94BFFFD7389
(1790951871.700050) can0 2A4#00011AC6FFFD7B82
(1790951871.700185) can0 2A5#000007BF00000000
(1790951871.700299) can0 2A6#00000000FFFFFA7E
(1790951871.700426) can0 2A7#00005689FFFFF5D5
(1790951871.704680) can0 2A1#0100010000000000
(1790951871.704797) can0 2A2#0000CCC6000003CA
(1790951871.704924) can0 2A3#0002B94BFFFD7389
(1790951871.705055) can0 2A4#00011AC6FFFD7B82
(1790951871.705177) can0 2A5#000007BF00000000
(1790951871.705303) can0 2A6#00000000FFFFFA7E
(1790951871.705423) can0 2A7#00005689FFFFF5D5
(1790951871.709707) can0 2A1#0100010000000000
(1790951871.709822) can0 2A2#0000CCC6000003CA
(1790951871.709924) can0 2A3#0002B94BFFFD7389
(1790951871.710048) can0 2A4#00011AC6FFFD7B82
(1790951871.710173) can0 2A5#000007BF00000000
(1790951871.710298) can0 2A6#00000000FFFFFA7E
(1790951871.710427) can0 2A7#00005689FFFFF5D5
(1790951871.714700) can0 2A1#0100010000000000
(1790951871.714801) can0 2A2#0000CCC6000003CA
(1790951871.714928) can0 2A3#0002B94BFFFD7389
(1790951871.715051) can0 2A4#00011AC6FFFD7B82
(1790951871.715173) can0 2A5#000007BF00000000
(1790951871.715300) can0 2A6#00000000FFFFFA7E
(1790951871.715429) can0 2A7#00005689FFFFF5D5
(1790951871.719705) can0 2A1#0100010000000000
(1790951871.719823) can0 2A2#0000CCC6000003CA
(1790951871.719925) can0 2A3#0002B94BFFFD7389
(1790951871.720074) can0 2A4#00011AC6FFFD7B82
(1790951871.720176) can0 2A5#000007BF00000000
(1790951871.720300) can0 2A6#00000000FFFFFA7E
(1790951871.720423) can0 2A7#00005689FFFFF5D5
(1790951871.724704) can0 2A1#0100010000000000
(1790951871.724799) can0 2A2#0000CCC6000003CA
(1790951871.724926) can0 2A3#0002B94BFFFD7389
(1790951871.725051) can0 2A4#00011AC6FFFD7B82
(1790951871.725174) can0 2A5#000007BF00000000
(1790951871.725301) can0 2A6#00000000FFFFFA7E
(1790951871.725400) can0 2A7#00005689FFFFF5D5
(1790951871.729703) can0 2A1#0100010000000000
(1790951871.729824) can0 2A2#0000CCC6000003CA
(1790951871.729951) can0 2A3#0002B94BFFFD7389
(1790951871.730079) can0 2A4#00011AC6FFFD7B82
(1790951871.730198) can0 2A5#000007BF00000000
(1790951871.730299) can0 2A6#00000000FFFFFA7E
(1790951871.730429) can0 2A7#00005689FFFFF5D5
(1790951871.734678) can0 2A1#0100010000000000
(1790951871.734800) can0 2A2#0000CCC6000003CA
(1790951871.734925) can0 2A3#0002B94BFFFD7389
(1790951871.735048) can0 2A4#00011AC6FFFD7B82
(1790951871.735177) can0 2A5#000007BF00000000
(1790951871.735298) can0 2A6#00000000FFFFFA7E
(1790951871.735400) can0 2A7#00005689FFFFF5D5
(1790951871.739702) can0 2A1#0100010000000000
(1790951871.739824) can0 2A2#0000CCC6000003CA
(1790951871.739951) can0 2A3#0002B94BFFFD7389
(1790951871.740049) can0 2A4#00011AC6FFFD7B82
(1790951871.740177) can0 2A5#000007BF00000000
(1790951871.740301) can0 2A6#00000000FFFFFA7E
(1790951871.740431) can0 2A7#00005689FFFFF5D5
(1790951871.744688) can0 2A1#0100010000000000
(1790951871.744800) can0 2A2#0000CCC6000003CA
(1790951871.744926) can0 2A3#0002B94BFFFD7389
(1790951871.745051) can0 2A4#00011AC6FFFD7B82
(1790951871.745174) can0 2A5#000007BF00000000
(1790951871.745300) can0 2A6#00000000FFFFFA7E
(1790951871.745425) can0 2A7#00005689FFFFF5D5
(1790951871.749722) can0 2A1#0100010000000000
(1790951871.749823) can0 2A2#0000CCC6000003CA
(1790951871.749928) can0 2A3#0002B94BFFFD7389
(1790951871.750049) can0 2A4#00011AC6FFFD7B82
(1790951871.750174) can0 2A5#000007BF00000000
(1790951871.750301) can0 2A6#00000000FFFFFA7E
(1790951871.750425) can0 2A7#00005689FFFFF5D5
(1790951871.754684) can0 2A1#0100010000000000
(1790951871.754798) can0 2A2#0000CCC6000003CA
(1790951871.754926) can0 2A3#0002B94BFFFD7389
(1790951871.755052) can0 2A4#00011AC6FFFD7B82
(1790951871.755174) can0 2A5#000007BF00000000
(1790951871.755301) can0 2A6#00000000FFFFFA7E
(1790951871.755399) can0 2A7#00005689FFFFF5D5
(1790951871.759736) can0 2A1#0100010000000000
(1790951871.759824) can0 2A2#0000CCC6000003CA
(1790951871.759950) can0 2A3#0002B94BFFFD7389
(1790951871.760074) can0 2A4#00011AC6FFFD7B82
(1790951871.760175) can0 2A5#000007BF00000000
(1790951871.760309) can0 2A6#00000000FFFFFA7E
(1790951871.760425) can0 2A7#00005689FFFFF5D5
(1790951871.764707) can0 2A1#0100010000000000
(1790951871.764799) can0 2A2#0000CCC6000003CA
(1790951871.764924) can0 2A3#0002B94BFFFD7389
(1790951871.765051) can0 2A4#00011AC6FFFD7B82
(1790951871.765176) can0 2A5#000007BF00000000
(1790951871.765300) can0 2A6#00000000FFFFFA7E
(1790951871.765426) can0 2A7#00005689FFFFF5D5
(1790951871.769705) can0 2A1#0100010000000000
(1790951871.769828) can0 2A2#0000CCC6000003CA
(1790951871.769926) can0 2A3#0002B94BFFFD7389
(1790951871.770051) can0 2A4#00011AC6FFFD7B82
(1790951871.770177) can0 2A5#000007BF00000000
(1790951871.770301) can0 2A6#00000000FFFFFA7E
(1790951871.770426) can0 2A7#00005689FFFFF5D5
(1790951871.774710) can0 2A1#0100010000000000
(1790951871.774800) can0 2A2#0000CCC6000003CA
(1790951871.774926) can0 2A3#0002B94BFFFD7389
(1790951871.775052) can0 2A4#00011AC6FFFD7B82
(1790951871.775183) can0 2A5#000007BF00000000
(1790951871.775301) can0 2A6#00000000FFFFFA7E
(1790951871.775427) can0 2A7#00005689FFFFF5D5
(1790951871.779706) can0 2A1#0100010000000000
(1790951871.779823) can0 2A2#0000CCC6000003CA
(1790951871.779925) can0 2A3#0002B94BFFFD7389
(1790951871.780048) can0 2A4#00011AC6FFFD7B82
(1790951871.780176) can0 2A5#000007BF00000000
(1790951871.780301) can0 2A6#00000000FFFFFA7E
(1790951871.780424) can0 2A7#00005689FFFFF5D5
(1790951871.784680) can0 2A1#0100010000000000
(1790951871.784799) can0 2A2#0000CCC6000003CA
(1790951871.784924) can0 2A3#0002B94BFFFD7389
(1790951871.785050) can0 2A4#00011AC6FFFD7B82
(1790951871.785175) can0 2A5#000007BF00000000
(1790951871.785299) can0 2A6#00000000FFFFFA7E
(1790951871.785423) can0 2A7#00005689FFFFF5D5
(1790951871.789706) can0 2A1#0100010000000000
(1790951871.789827) can0 2A2#0000CCC6000003CA
(1790951871.789925) can0 2A3#0002B94BFFFD7389
(1790951871.790051) can0 2A4#00011AC6FFFD7B82
(1790951871.790174) can0 2A5#000007BF00000000
(1790951871.790299) can0 2A6#00000000FFFFFA7E
(1790951871.790426) can0 2A7#00005689FFFFF5D5
(1790951871.794705) can0 2A1#0100010000000000
(1790951871.794804) can0 2A2#0000CCC6000003CA
(1790951871.794925) can0 2A3#0002B94BFFFD7389
(1790951871.795051) can0 2A4#00011AC6FFFD7B82
(1790951871.795176) can0 2A5#000007BF00000000
(1790951871.795300) can0 2A6#00000000FFFFFA7E
(1790951871.795425) can0 2A7#00005689FFFFF5D5
(1790951871.799726) can0 2A1#0100010000000000
(1790951871.799824) can0 2A2#0000CCC6000003CA
(1790951871.799925) can0 2A3#0002B94BFFFD7389
(1790951871.800050) can0 2A4#00011AC6FFFD7B82
(1790951871.800176) can0 2A5#000007BF00000000
(1790951871.800301) can0 2A6#00000000FFFFFA7E
(1790951871.800425) can0 2A7#00005689FFFFF5D5
(1790951871.804684) can0 2A1#0100010000000000
(1790951871.804807) can0 2A2#0000CCC6000003CA
(1790951871.804926) can0 2A3#0002B94BFFFD7389
(1790951871.805049) can0 2A4#00011AC6FFFD7B82
(1790951871.805176) can0 2A5#000007BF00000000
(1790951871.805301) can0 2A6#00000000FFFFFA7E
(1790951871.805425) can0 2A7#00005689FFFFF5D5
(1790951871.809711) can0 2A1#0100010000000000
(1790951871.809823) can0 2A2#0000CCC6000003CA
(1790951871.809949) can0 2A3#0002B94BFFFD7389
(1790951871.810049) can0 2A4#00011AC6FFFD7B82
(1790951871.810176) can0 2A5#000007BF00000000
(1790951871.810301) can0 2A6#00000000FFFFFA7E
(1790951871.810425) can0 2A7#00005689FFFFF5D5
(1790951871.814686) can0 2A1#0100010000000000
(1790951871.814801) can0 2A2#0000CCC6000003CA
(1790951871.814923) can0 2A3#0002B94BFFFD7389
(1790951871.815052) can0 2A4#00011AC6FFFD7B82
(1790951871.815174) can0 2A5#000007BF00000000
(1790951871.815309) can0 2A6#00000000FFFFFA7E
(1790951871.815398) can0 2A7#00005689FFFFF5D5
(1790951871.819707) can0 2A1#0100010000000000
(1790951871.819823) can0 2A2#0000CCC6000003CA
(1790951871.819950) can0 2A3#0002B94BFFFD7389
(1790951871.820051) can0 2A4#00011AC6FFFD7B82
(1790951871.820177) can0 2A5#000007BF00000000
(1790951871.820300) can0 2A6#00000000FFFFFA7E
(1790951871.820425) can0 2A7#00005689FFFFF5D5
(1790951871.824708) can0 2A1#0100010000000000
(1790951871.824826) can0 2A2#0000CCC6000003CA
(1790951871.824924) can0 2A3#0002B94BFFFD7389
(1790951871.825048) can0 2A4#00011AC6FFFD7B82
(1790951871.825174) can0 2A5#000007BF00000000
(1790951871.825303) can0 2A6#00000000FFFFFA7E
(1790951871.825399) can0 2A7#00005689FFFFF5D5
(1790951871.829705) can0 2A1#0100010000000000
(1790951871.829823) can0 2A2#0000CCC6000003CA
(1790951871.829948) can0 2A3#0002B94BFFFD7389
(1790951871.830049) can0 2A4#00011AC6FFFD7B82
(1790951871.830175) can0 2A5#000007BF00000000
(1790951871.830300) can0 2A6#00000000FFFFFA7E
(1790951871.830425) can0 2A7#00005689FFFFF5D5
(1790951871.834703) can0 2A1#0100010000000000
(1790951871.834804) can0 2A2#0000CCC6000003CA
(1790951871.834926) can0 2A3#0002B94BFFFD7389
(1790951871.835050) can0 2A4#00011AC6FFFD7B82
(1790951871.835175) can0 2A5#000007BF00000000
(1790951871.835302) can0 2A6#00000000FFFFFA7E
(1790951871.835424) can0 2A7#00005689FFFFF5D5
(1790951871.839715) can0 2A1#0100010000000000
(1790951871.839824) can0 2A2#0000CCC6000003CA
(1790951871.839952) can0 2A3#0002B94BFFFD7389
(1790951871.840052) can0 2A4#00011AC6FFFD7B82
(1790951871.840175) can0 2A5#000007BF00000000
(1790951871.840299) can0 2A6#00000000FFFFFA7E
(1790951871.840424) can0 2A7#00005689FFFFF5D5
(1790951871.844722) can0 2A1#0100010000000000
(1790951871.844800) can0 2A2#0000CCC6000003CA
(1790951871.844926) can0 2A3#0002B94BFFFD7389
(1790951871.845050) can0 2A4#00011AC6FFFD7B82
(1790951871.845175) can0 2A5#000007BF00000000
(1790951871.845300) can0 2A6#00000000FFFFFA7E
(1790951871.845425) can0 2A7#00005689FFFFF5D5
(1790951871.849726) can0 2A1#0100010000000000
(1790951871.849824) can0 2A2#0000CCC6000003CA
(1790951871.849952) can0 2A3#0002B94BFFFD7389
(1790951871.850051) can0 2A4#00011AC6FFFD7B82
(1790951871.850176) can0 2A5#000007BF00000000
(1790951871.850300) can0 2A6#00000000FFFFFA7E
(1790951871.850425) can0 2A7#00005689FFFFF5D5
(1790951871.854680) can0 2A1#0100010000000000
(1790951871.854826) can0 2A2#0000CCC6000003CA
(1790951871.854925) can0 2A3#0002B94BFFFD7389
(1790951871.855052) can0 2A4#00011AC6FFFD7B82
(1790951871.855175) can0 2A5#000007BF00000000
(1790951871.855300) can0 2A6#00000000FFFFFA7E
(1790951871.855398) can0 2A7#00005689FFFFF5D5
(1790951871.859710) can0 2A1#0100010000000000
(1790951871.859826) can0 2A2#0000CCC6000003CA
(1790951871.859947) can0 2A3#0002B94BFFFD7389
(1790951871.860050) can0 2A4#00011AC6FFFD7B82
(1790951871.860177) can0 2A5#000007BF00000000
(1790951871.860303) can0 2A6#00000000FFFFFA7E
(1790951871.860425) can0 2A7#00005689FFFFF5D5
(1790951871.864706) can0 2A1#0100010000000000
(1790951871.864826) can0 2A2#0000CCC6000003CA
(1790951871.864924) can0 2A3#0002B94BFFFD7389
(1790951871.865049) can0 2A4#00011AC6FFFD7B82
(1790951871.865175) can0 2A5#000007BF00000000
(1790951871.865274) can0 2A6#00000000FFFFFA7E
(1790951871.865436) can0 2A7#00005689FFFFF5D5
(1790951871.869712) can0 2A1#0100010000000000
(1790951871.869823) can0 2A2#0000CCC6000003CA
(1790951871.869952) can0 2A3#0002B94BFFFD7389
(1790951871.870049) can0 2A4#00011AC6FFFD7B82
(1790951871.870177) can0 2A5#000007BF00000000
(1790951871.870301) can0 2A6#00000000FFFFFA7E
(1790951871.870427) can0 2A7#00005689FFFFF5D5
(1790951871.874716) can0 2A1#0100010000000000
(1790951871.874806) can0 2A2#0000CCC6000003CA
(1790951871.874926) can0 2A3#0002B94BFFFD7389
(1790951871.875052) can0 2A4#00011AC6FFFD7B82
(1790951871.875176) can0 2A5#000007BF00000000
(1790951871.875302) can0 2A6#00000000FFFFFA7E
(1790951871.875401) can0 2A7#00005689FFFFF5D5
(1790951871.879708) can0 2A1#0100010000000000
(1790951871.879824) can0 2A2#0000CCC6000003CA
(1790951871.879951) can0 2A3#0002B94BFFFD7389
(1790951871.880076) can0 2A4#00011AC6FFFD7B82
(1790951871.880174) can0 2A5#000007BF00000000
(1790951871.880299) can0 2A6#00000000FFFFFA7E
(1790951871.880424) can0 2A7#00005689FFFFF5D5
(1790951871.884717) can0 2A1#0100010000000000
(1790951871.884825) can0 2A2#0000CCC6000003CA
(1790951871.884926) can0 2A3#0002B94BFFFD7389
(1790951871.885051) can0 2A4#00011AC6FFFD7B82
(1790951871.885176) can0 2A5#000007BF00000000
(1790951871.885299) can0 2A6#00000000FFFFFA7E
(1790951871.885400) can0 2A7#00005689FFFFF5D5
(1790951871.889714) can0 2A1#0100010000000000
(1790951871.889828) can0 2A2#0000CCC6000003CA
(1790951871.889949) can0 2A3#0002B94BFFFD7389
(1790951871.890052) can0 2A4#00011AC6FFFD7B82
(1790951871.890176) can0 2A5#000007BF00000000
(1790951871.890300) can0 2A6#00000000FFFFFA7E
(1790951871.890424) can0 2A7#00005689FFFFF5D5
(1790951871.894710) can0 2A1#0100010000000000
(1790951871.894803) can0 2A2#0000CCC6000003CA
(1790951871.894926) can0 2A3#0002B94BFFFD7389
(1790951871.895051) can0 2A4#00011AC6FFFD7B82
(1790951871.895176) can0 2A5#000007BF00000000
(1790951871.895300) can0 2A6#00000000FFFFFA7E
(1790951871.895424) can0 2A7#00005689FFFFF5D5
(1790951871.899729) can0 2A1#0100010000000000
(1790951871.899825) can0 2A2#0000CCC6000003CA
(1790951871.899927) can0 2A3#0002B94BFFFD7389
(1790951871.900077) can0 2A4#00011AC6FFFD7B82
(1790951871.900199) can0 2A5#000007BF00000000
(1790951871.900302) can0 2A6#00000000FFFFFA7E
(1790951871.900425) can0 2A7#00005689FFFFF5D5
(1790951871.904709) can0 2A1#0100010000000000
(1790951871.904825) can0 2A2#0000CCC6000003CA
(1790951871.904927) can0 2A3#0002B94BFFFD7389
(1790951871.905052) can0 2A4#00011AC6FFFD7B82
(1790951871.905174) can0 2A5#000007BF00000000
(1790951871.905302) can0 2A6#00000000FFFFFA7E
(1790951871.905400) can0 2A7#00005689FFFFF5D5
(1790951871.909701) can0 2A1#0100010000000000
(1790951871.909824) can0 2A2#0000CCC6000003CA
(1790951871.909951) can0 2A3#0002B94BFFFD7389
(1790951871.910052) can0 2A4#00011AC6FFFD7B82
(1790951871.910176) can0 2A5#000007BF00000000
(1790951871.910301) can0 2A6#00000000FFFFFA7E
(1790951871.910427) can0 2A7#00005689FFFFF5D5
(1790951871.914710) can0 2A1#0100010000000000
(1790951871.914800) can0 2A2#0000CCC6000003CA
(1790951871.914928) can0 2A3#0002B94BFFFD7389
(1790951871.915050) can0 2A4#00011AC6FFFD7B82
(1790951871.915175) can0 2A5#000007BF00000000
(1790951871.915301) can0 2A6#00000000FFFFFA7E
(1790951871.915425) can0 2A7#00005689FFFFF5D5
(1790951871.919713) can0 2A1#0100010000000000
(1790951871.919827) can0 2A2#0000CCC6000003CA
(1790951871.919925) can0 2A3#0002B94BFFFD7389
(1790951871.920052) can0 2A4#00011AC6FFFD7B82
(1790951871.920177) can0 2A5#000007BF00000000
(1790951871.920301) can0 2A6#00000000FFFFFA7E
(1790951871.920426) can0 2A7#00005689FFFFF5D5
(1790951871.924710) can0 2A1#0100010000000000
(1790951871.924825) can0 2A2#0000CCC6000003CA
(1790951871.924925) can0 2A3#0002B94BFFFD7389
(1790951871.925053) can0 2A4#00011AC6FFFD7B82
(1790951871.925149) can0 2A5#000007BF00000000
(1790951871.925299) can0 2A6#00000000FFFFFA7E
(1790951871.925399) can0 2A7#00005689FFFFF5D5
(1790951871.929725) can0 2A1#0100010000000000
(1790951871.929824) can0 2A2#0000CCC6000003CA
(1790951871.929952) can0 2A3#0002B94BFFFD7389
(1790951871.930050) can0 2A4#00011AC6FFFD7B82
(1790951871.930177) can0 2A5#000007BF00000000
(1790951871.930301) can0 2A6#00000000FFFFFA7E
(1790951871.930427) can0 2A7#00005689FFFFF5D5
(1790951871.934693) can0 2A1#0100010000000000
(1790951871.934799) can0 2A2#0000CCC6000003CA
(1790951871.934925) can0 2A3#0002B94BFFFD7389
(1790951871.935052) can0 2A4#00011AC6FFFD7B82
(1790951871.935181) can0 2A5#000007BF00000000
(1790951871.935303) can0 2A6#00000000FFFFFA7E
(1790951871.935425) can0 2A7#00005689FFFFF5D5
(1790951871.939706) can0 2A1#0100010000000000
(1790951871.939824) can0 2A2#0000CCC6000003CA
(1790951871.939926) can0 2A3#0002B94BFFFD7389
(1790951871.940053) can0 2A4#00011AC6FFFD7B82
(1790951871.940178) can0 2A5#000007BF00000000
(1790951871.940326) can0 2A6#00000000FFFFFA7E
(1790951871.940426) can0 2A7#00005689FFFFF5D5
(1790951871.944677) can0 2A1#0100010000000000
(1790951871.944798) can0 2A2#0000CCC6000003CA
(1790951871.944926) can0 2A3#0002B94BFFFD7389
(1790951871.945051) can0 2A4#00011AC6FFFD7B82
(1790951871.945174) can0 2A5#000007BF00000000
(1790951871.945300) can0 2A6#00000000FFFFFA7E
(1790951871.945400) can0 2A7#00005689FFFFF5D5
(1790951871.949730) can0 2A1#0100010000000000
(1790951871.949824) can0 2A2#0000CCC6000003CA
(1790951871.949952) can0 2A3#0002B94BFFFD7389
(1790951871.950049) can0 2A4#00011AC6FFFD7B82
(1790951871.950174) can0 2A5#000007BF00000000
(1790951871.950306) can0 2A6#00000000FFFFFA7E
(1790951871.950425) can0 2A7#00005689FFFFF5D5
(1790951871.954707) can0 2A1#0100010000000000
(1790951871.954824) can0 2A2#0000CCC6000003CA
(1790951871.954926) can0 2A3#0002B94BFFFD7389
(1790951871.955050) can0 2A4#00011AC6FFFD7B82
(1790951871.955174) can0 2A5#000007BF00000000
(1790951871.955299) can0 2A6#00000000FFFFFA7E
(1790951871.955424) can0 2A7#00005689FFFFF5D5
(1790951871.959708) can0 2A1#0100010000000000
(1790951871.959831) can0 2A2#0000CCC6000003CA
(1790951871.959949) can0 2A3#0002B94BFFFD7389
(1790951871.960048) can0 2A4#00011AC6FFFD7B82
(1790951871.960174) can0 2A5#000007BF00000000
(1790951871.960299) can0 2A6#00000000FFFFFA7E
(1790951871.960425) can0 2A7#00005689FFFFF5D5
(1790951871.964706) can0 2A1#0100010000000000
(1790951871.964804) can0 2A2#0000CCC6000003CA
(1790951871.964927) can0 2A3#0002B94BFFFD7389
(1790951871.965049) can0 2A4#00011AC6FFFD7B82
(1790951871.965174) can0 2A5#000007BF00000000
(1790951871.965301) can0 2A6#00000000FFFFFA7E
(1790951871.965424) can0 2A7#00005689FFFFF5D5
(1790951871.969717) can0 2A1#0100010000000000
(1790951871.969825) can0 2A2#0000CCC6000003CA
(1790951871.969951) can0 2A3#0002B94BFFFD7389
(1790951871.970052) can0 2A4#00011AC6FFFD7B82
(1790951871.970177) can0 2A5#000007BF00000000
(1790951871.970300) can0 2A6#00000000FFFFFA7E
(1790951871.970424) can0 2A7#00005689FFFFF5D5
(1790951871.974703) can0 2A1#0100010000000000
(1790951871.974825) can0 2A2#0000CCC6000003CA
(1790951871.974924) can0 2A3#0002B94BFFFD7389
(1790951871.975050) can0 2A4#00011AC6FFFD7B82
(1790951871.975174) can0 2A5#000007BF00000000
(1790951871.975274) can0 2A6#00000000FFFFFA7E
(1790951871.975399) can0 2A7#00005689FFFFF5D5
(1790951871.979706) can0 2A1#0100010000000000
(1790951871.979824) can0 2A2#0000CCC6000003CA
(1790951871.979956) can0 2A3#0002B94BFFFD7389
(1790951871.980052) can0 2A4#00011AC6FFFD7B82
(1790951871.980175) can0 2A5#000007BF00000000
(1790951871.980299) can0 2A6#00000000FFFFFA7E
(1790951871.980424) can0 2A7#00005689FFFFF5D5
(1790951871.984711) can0 2A1#0100010000000000
(1790951871.984812) can0 2A2#0000CCC6000003CA
(1790951871.984926) can0 2A3#0002B94BFFFD7389
(1790951871.985049) can0 2A4#00011AC6FFFD7B82
(1790951871.985176) can0 2A5#000007BF00000000
(1790951871.985299) can0 2A6#00000000FFFFFA7E
(1790951871.985427) can0 2A7#00005689FFFFF5D5
(1790951871.989704) can0 2A1#0100010000000000
(1790951871.989835) can0 2A2#0000CCC6000003CA
(1790951871.989951) can0 2A3#0002B94BFFFD7389
(1790951871.990050) can0 2A4#00011AC6FFFD7B82
(1790951871.990176) can0 2A5#000007BF00000000
(1790951871.990301) can0 2A6#00000000FFFFFA7E
(1790951871.990427) can0 2A7#00005689FFFFF5D5
(1790951871.994680) can0 2A1#0100010000000000
(1790951871.994799) can0 2A2#0000CCC6000003CA
(1790951871.994927) can0 2A3#0002B94BFFFD7389
(1790951871.995049) can0 2A4#00011AC6FFFD7B82
(1790951871.995174) can0 2A5#000007BF00000000
(1790951871.995299) can0 2A6#00000000FFFFFA7E
(1790951871.995399) can0 2A7#00005689FFFFF5D5
(1790951871.999724) can0 2A1#0100010000000000
(1790951871.999825) can0 2A2#0000CCC6000003CA
(1790951871.999952) can0 2A3#0002B94BFFFD7389
(1790951872.000049) can0 2A4#00011AC6FFFD7B82
(1790951872.000177) can0 2A5#000007BF00000000
(1790951872.000302) can0 2A6#00000000FFFFFA7E
(1790951872.000425) can0 2A7#00005689FFFFF5D5
(1790951872.004683) can0 2A1#0100010000000000
(1790951872.004800) can0 2A2#0000CCC6000003CA
(1790951872.004927) can0 2A3#0002B94BFFFD7389
(1790951872.005049) can0 2A4#00011AC6FFFD7B82
(1790951872.005174) can0 2A5#000007BF00000000
(1790951872.005304) can0 2A6#00000000FFFFFA7E
(1790951872.005427) can0 2A7#00005689FFFFF5D5
(1790951872.009711) can0 2A1#0100010000000000
(1790951872.009826) can0 2A2#0000CCC6000003CA
(1790951872.009951) can0 2A3#0002B94BFFFD7389
(1790951872.010075) can0 2A4#00011AC6FFFD7B82
(1790951872.010202) can0 2A5#000007BF00000000
(1790951872.010327) can0 2A6#00000000FFFFFA7E
(1790951872.010424) can0 2A7#00005689FFFFF5D5
(1790951872.014727) can0 2A1#0100010000000000
(1790951872.014799) can0 2A2#0000CCC6000003CA
(1790951872.014927) can0 2A3#0002B94BFFFD7389
(1790951872.015049) can0 2A4#00011AC6FFFD7B82
(1790951872.015176) can0 2A5#000007BF00000000
(1790951872.015301) can0 2A6#00000000FFFFFA7E
(1790951872.015424) can0 2A7#00005689FFFFF5D5
(1790951872.019710) can0 2A1#0100010000000000
(1790951872.019826) can0 2A2#0000CCC6000003CA
(1790951872.019951) can0 2A3#0002B94BFFFD7389
(1790951872.020049) can0 2A4#00011AC6FFFD7B82
(1790951872.020174) can0 2A5#000007BF00000000
(1790951872.020300) can0 2A6#00000000FFFFFA7E
(1790951872.020425) can0 2A7#00005689FFFFF5D5
(1790951872.024705) can0 2A1#0100010000000000
(1790951872.024824) can0 2A2#0000CCC6000003CA
(1790951872.024927) can0 2A3#0002B94BFFFD7389
(1790951872.025049) can0 2A4#00011AC6FFFD7B82
(1790951872.025178) can0 2A5#000007BF00000000
(1790951872.025274) can0 2A6#00000000FFFFFA7E
(1790951872.025401) can0 2A7#00005689FFFFF5D5
(1790951872.029708) can0 2A1#0100010000000000
(1790951872.029833) can0 2A2#0000CCC6000003CA
(1790951872.029952) can0 2A3#0002B94BFFFD7389
(1790951872.030051) can0 2A4#00011AC6FFFD7B82
(1790951872.030174) can0 2A5#000007BF00000000
(1790951872.030299) can0 2A6#00000000FFFFFA7E
(1790951872.030425) can0 2A7#00005689FFFFF5D5
(1790951872.034706) can0 2A1#0100010000000000
(1790951872.034799) can0 2A2#0000CCC6000003CA
(1790951872.034927) can0 2A3#0002B94BFFFD7389
(1790951872.035051) can0 2A4#00011AC6FFFD7B82
(1790951872.035174) can0 2A5#000007BF00000000
(1790951872.035301) can0 2A6#00000000FFFFFA7E
(1790951872.035402) can0 2A7#00005689FFFFF5D5
(1790951872.039705) can0 2A1#0100010000000000
(1790951872.039824) can0 2A2#0000CCC6000003CA
(1790951872.039951) can0 2A3#0002B94BFFFD7389
(1790951872.040050) can0 2A4#00011AC6FFFD7B82
(1790951872.040176) can0 2A5#000007BF00000000
(1790951872.040302) can0 2A6#00000000FFFFFA7E
(1790951872.040424) can0 2A7#00005689FFFFF5D5
(1790951872.044700) can0 2A1#0100010000000000
(1790951872.044802) can0 2A2#0000CCC6000003CA
(1790951872.044952) can0 2A3#0002B94BFFFD7389
(1790951872.045050) can0 2A4#00011AC6FFFD7B82
(1790951872.045176) can0 2A5#000007BF00000000
(1790951872.045300) can0 2A6#00000000FFFFFA7E
(1790951872.045427) can0 2A7#00005689FFFFF5D5
(1790951872.049723) can0 2A1#0100010000000000
(1790951872.049827) can0 2A2#0000CCC6000003CA
(1790951872.049927) can0 2A3#0002B94BFFFD7389
(1790951872.050049) can0 2A4#00011AC6FFFD7B82
(1790951872.050175) can0 2A5#000007BF00000000
(1790951872.050300) can0 2A6#00000000FFFFFA7E
(1790951872.050425) can0 2A7#00005689FFFFF5D5
(1790951872.054681) can0 2A1#0100010000000000
(1790951872.054799) can0 2A2#0000CCC6000003CA
(1790951872.054925) can0 2A3#0002B94BFFFD7389
(1790951872.055050) can0 2A4#00011AC6FFFD7B82
(1790951872.055176) can0 2A5#000007BF00000000
(1790951872.055300) can0 2A6#00000000FFFFFA7E
(1790951872.055425) can0 2A7#00005689FFFFF5D5
(1790951872.059707) can0 2A1#0100010000000000
(1790951872.059824) can0 2A2#0000CCC6000003CA
(1790951872.059928) can0 2A3#0002B94BFFFD7389
(1790951872.060049) can0 2A4#00011AC6FFFD7B82
(1790951872.060201) can0 2A5#000007BF00000000
(1790951872.060299) can0 2A6#00000000FFFFFA7E
(1790951872.060425) can0 2A7#00005689FFFFF5D5
(1790951872.064703) can0 2A1#0100010000000000
(1790951872.064799) can0 2A2#0000CCC6000003CA
(1790951872.064928) can0 2A3#0002B94BFFFD7389
(1790951872.065050) can0 2A4#00011AC6FFFD7B82
(1790951872.065176) can0 2A5#000007BF00000000
(1790951872.065300) can0 2A6#00000000FFFFFA7E
(1790951872.065425) can0 2A7#00005689FFFFF5D5
(1790951872.069707) can0 2A1#0100010000000000
(1790951872.069825) can0 2A2#0000CCC6000003CA
(1790951872.069952) can0 2A3#0002B94BFFFD7389
(1790951872.070049) can0 2A4#00011AC6FFFD7B82
(1790951872.070177) can0 2A5#000007BF00000000
(1790951872.070300) can0 2A6#00000000FFFFFA7E
(1790951872.070427) can0 2A7#00005689FFFFF5D5
(1790951872.074705) can0 2A1#0100010000000000
(1790951872.074824) can0 2A2#0000CCC6000003CA
(1790951872.074927) can0 2A3#0002B94BFFFD7389
(1790951872.075049) can0 2A4#00011AC6FFFD7B82
(1790951872.075174) can0 2A5#000007BF00000000
(1790951872.075275) can0 2A6#00000000FFFFFA7E
(1790951872.075400) can0 2A7#00005689FFFFF5D5
(1790951872.079707) can0 2A1#0100010000000000
(1790951872.079832) can0 2A2#0000CCC6000003CA
(1790951872.079927) can0 2A3#0002B94BFFFD7389
(1790951872.080076) can0 2A4#00011AC6FFFD7B82
(1790951872.080200) can0 2A5#000007BF00000000
(1790951872.080327) can0 2A6#00000000FFFFFA7E
(1790951872.080426) can0 2A7#00005689FFFFF5D5
(1790951872.084686) can0 2A1#0100010000000000
(1790951872.084828) can0 2A2#0000CCC6000003CA
(1790951872.084925) can0 2A3#0002B94BFFFD7389
(1790951872.085053) can0 2A4#00011AC6FFFD7B82
(1790951872.085175) can0 2A5#000007BF00000000
(1790951872.085302) can0 2A6#00000000FFFFFA7E
(1790951872.085400) can0 2A7#00005689FFFFF5D5
(1790951872.089713) can0 2A1#0100010000000000
(1790951872.089824) can0 2A2#0000CCC6000003CA
(1790951872.089953) can0 2A3#0002B94BFFFD7389
(1790951872.090051) can0 2A4#00011AC6FFFD7B82
(1790951872.090176) can0 2A5#000007BF00000000
(1790951872.090300) can0 2A6#00000000FFFFFA7E
(1790951872.090425) can0 2A7#00005689FFFFF5D5
(1790951872.094729) can0 2A1#0100010000000000
(1790951872.094808) can0 2A2#0000CCC6000003CA
(1790951872.094926) can0 2A3#0002B94BFFFD7389
(1790951872.095051) can0 2A4#00011AC6FFFD7B82
(1790951872.095175) can0 2A5#000007BF00000000
(1790951872.095302) can0 2A6#00000000FFFFFA7E
(1790951872.095424) can0 2A7#00005689FFFFF5D5
(1790951872.099719) can0 2A1#0100010000000000
(1790951872.099828) can0 2A2#0000CCC6000003CA
(1790951872.099950) can0 2A3#0002B94BFFFD7389
(1790951872.100050) can0 2A4#00011AC6FFFD7B82
(1790951872.100176) can0 2A5#000007BF00000000
(1790951872.100300) can0 2A6#00000000FFFFFA7E
(1790951872.100425) can0 2A7#00005689FFFFF5D5
(1790951872.104684) can0 2A1#0100010000000000
(1790951872.104800) can0 2A2#0000CCC6000003CA
(1790951872.104928) can0 2A3#0002B94BFFFD7389
(1790951872.105050) can0 2A4#00011AC6FFFD7B82
(1790951872.105176) can0 2A5#000007BF00000000
(1790951872.105300) can0 2A6#00000000FFFFFA7E
(1790951872.105425) can0 2A7#00005689FFFFF5D5
(1790951872.109703) can0 2A1#0100010000000000
(1790951872.109825) can0 2A2#0000CCC6000003CA
(1790951872.109930) can0 2A3#0002B94BFFFD7389
(1790951872.110050) can0 2A4#00011AC6FFFD7B82
(1790951872.110176) can0 2A5#000007BF00000000
(1790951872.110326) can0 2A6#00000000FFFFFA7E
(1790951872.110426) can0 2A7#00005689FFFFF5D5
(1790951872.114715) can0 2A1#0100010000000000
(1790951872.114800) can0 2A2#0000CCC6000003CA
(1790951872.114929) can0 2A3#0002B94BFFFD7389
(1790951872.115051) can0 2A4#00011AC6FFFD7B82
(1790951872.115176) can0 2A5#000007BF00000000
(1790951872.115302) can0 2A6#00000000FFFFFA7E
(1790951872.115426) can0 2A7#00005689FFFFF5D5
(1790951872.119711) can0 2A1#0100010000000000
(1790951872.119825) can0 2A2#0000CCC6000003CA
(1790951872.119928) can0 2A3#0002B94BFFFD7389
(1790951872.120051) can0 2A4#00011AC6FFFD7B82
(1790951872.120176) can0 2A5#000007BF00000000
(1790951872.120302) can0 2A6#00000000FFFFFA7E
(1790951872.120427) can0 2A7#00005689FFFFF5D5
(1790951872.124709) can0 2A1#0100010000000000
(1790951872.124801) can0 2A2#0000CCC6000003CA
(1790951872.124953) can0 2A3#0002B94BFFFD7389
(1790951872.125050) can0 2A4#00011AC6FFFD7B82
(1790951872.125177) can0 2A5#000007BF00000000
(1790951872.125300) can0 2A6#00000000FFFFFA7E
(1790951872.125426) can0 2A7#00005689FFFFF5D5
(1790951872.129709) can0 2A1#0100010000000000
(1790951872.129828) can0 2A2#0000CCC6000003CA
(1790951872.129927) can0 2A3#0002B94BFFFD7389
(1790951872.130077) can0 2A4#00011AC6FFFD7B82
(1790951872.130201) can0 2A5#000007BF00000000
(1790951872.130326) can0 2A6#00000000FFFFFA7E
(1790951872.130439) can0 2A7#00005689FFFFF5D5
(1790951872.134711) can0 2A1#0100010000000000
(1790951872.134826) can0 2A2#0000CCC6000003CA
(1790951872.134927) can0 2A3#0002B94BFFFD7389
(1790951872.135053) can0 2A4#00011AC6FFFD7B82
(1790951872.135175) can0 2A5#000007BF00000000
(1790951872.135302) can0 2A6#00000000FFFFFA7E
(1790951872.135405) can0 2A7#00005689FFFFF5D5
(1790951872.139710) can0 2A1#0100010000000000
(1790951872.139825) can0 2A2#0000CCC6000003CA
(1790951872.139955) can0 2A3#0002B94BFFFD7389
(1790951872.140077) can0 2A4#00011AC6FFFD7B82
(1790951872.140176) can0 2A5#000007BF00000000
(1790951872.140302) can0 2A6#00000000FFFFFA7E
(1790951872.140425) can0 2A7#00005689FFFFF5D5
(1790951872.144719) can0 2A1#0100010000000000
(1790951872.144825) can0 2A2#0000CCC6000003CA
(1790951872.144926) can0 2A3#0002B94BFFFD7389
(1790951872.145050) can0 2A4#00011AC6FFFD7B82
(1790951872.145176) can0 2A5#000007BF00000000
(1790951872.145309) can0 2A6#00000000FFFFFA7E
(1790951872.145428) can0 2A7#00005689FFFFF5D5
(1790951872.149716) can0 2A1#0100010000000000
(1790951872.149827) can0 2A2#0000CCC6000003CA
(1790951872.149950) can0 2A3#0002B94BFFFD7389
(1790951872.150074) can0 2A4#00011AC6FFFD7B82
(1790951872.150201) can0 2A5#000007BF00000000
(1790951872.150325) can0 2A6#00000000FFFFFA7E
(1790951872.150449) can0 2A7#00005689FFFFF5D5
(1790951872.154684) can0 2A1#0100010000000000
(1790951872.154827) can0 2A2#0000CCC6000003CA
(1790951872.154927) can0 2A3#0002B94BFFFD7389
(1790951872.155051) can0 2A4#00011AC6FFFD7B82
(1790951872.155175) can0 2A5#000007BF00000000
(1790951872.155300) can0 2A6#00000000FFFFFA7E
(1790951872.155425) can0 2A7#00005689FFFFF5D5
(1790951872.159738) can0 2A1#0100010000000000
(1790951872.159825) can0 2A2#0000CCC6000003CA
(1790951872.159954) can0 2A3#0002B94BFFFD7389
(1790951872.160077) can0 2A4#00011AC6FFFD7B82
(1790951872.160205) can0 2A5#000007BF00000000
(1790951872.160330) can0 2A6#00000000FFFFFA7E
(1790951872.160428) can0 2A7#00005689FFFFF5D5
(1790951872.164713) can0 2A1#0100010000000000
(1790951872.164802) can0 2A2#0000CCC6000003CA
(1790951872.164929) can0 2A3#0002B94BFFFD7389
(1790951872.165054) can0 2A4#00011AC6FFFD7B82
(1790951872.165177) can0 2A5#000007BF00000000
(1790951872.165301) can0 2A6#00000000FFFFFA7E
(1790951872.165425) can0 2A7#00005689FFFFF5D5
(1790951872.169727) can0 2A1#0100010000000000
(1790951872.169827) can0 2A2#0000CCC6000003CA
(1790951872.169951) can0 2A3#0002B94BFFFD7389
(1790951872.170052) can0 2A4#00011AC6FFFD7B82
(1790951872.170176) can0 2A5#000007BF00000000
(1790951872.170302) can0 2A6#00000000FFFFFA7E
(1790951872.170428) can0 2A7#00005689FFFFF5D5
(1790951872.174705) can0 2A1#0100010000000000
(1790951872.174825) can0 2A2#0000CCC6000003CA
(1790951872.174929) can0 2A3#0002B94BFFFD7389
(1790951872.175051) can0 2A4#00011AC6FFFD7B82
(1790951872.175177) can0 2A5#000007BF00000000
(1790951872.175302) can0 2A6#00000000FFFFFA7E
(1790951872.175425) can0 2A7#00005689FFFFF5D5
(1790951872.179722) can0 2A1#0100010000000000
(1790951872.179826) can0 2A2#0000CCC6000003CA
(1790951872.179953) can0 2A3#0002B94BFFFD7389
(1790951872.180052) can0 2A4#00011AC6FFFD7B82
(1790951872.180177) can0 2A5#000007BF00000000
(1790951872.180302) can0 2A6#00000000FFFFFA7E
(1790951872.180426) can0 2A7#00005689FFFFF5D5
(1790951872.184713) can0 2A1#0100010000000000
(1790951872.184803) can0 2A2#0000CCC6000003CA
(1790951872.184926) can0 2A3#0002B94BFFFD7389
(1790951872.185052) can0 2A4#00011AC6FFFD7B82
(1790951872.185176) can0 2A5#000007BF00000000
(1790951872.185301) can0 2A6#00000000FFFFFA7E
(1790951872.185427) can0 2A7#00005689FFFFF5D5
(1790951872.189708) can0 2A1#0100010000000000
(1790951872.189828) can0 2A2#0000CCC6000003CA
(1790951872.189951) can0 2A3#0002B94BFFFD7389
(1790951872.190076) can0 2A4#00011AC6FFFD7B82
(1790951872.190201) can0 2A5#000007BF00000000
(1790951872.190326) can0 2A6#00000000FFFFFA7E
(1790951872.190426) can0 2A7#00005689FFFFF5D5
(1790951872.194712) can0 2A1#0100010000000000
(1790951872.194808) can0 2A2#0000CCC6000003CA
(1790951872.194926) can0 2A3#0002B94BFFFD7389
(1790951872.195051) can0 2A4#00011AC6FFFD7B82
(1790951872.195176) can0 2A5#000007BF00000000
(1790951872.195305) can0 2A6#00000000FFFFFA7E
(1790951872.195426) can0 2A7#00005689FFFFF5D5
(1790951872.199712) can0 2A1#0100010000000000
(1790951872.199825) can0 2A2#0000CCC6000003CA
(1790951872.199926) can0 2A3#0002B94BFFFD7389
(1790951872.200051) can0 2A4#00011AC6FFFD7B82
(1790951872.200178) can0 2A5#000007BF00000000
(1790951872.200300) can0 2A6#00000000FFFFFA7E
(1790951872.200426) can0 2A7#00005689FFFFF5D5
(1790951872.204682) can0 2A1#0100010000000000
(1790951872.204800) can0 2A2#0000CCC6000003CA
(1790951872.204925) can0 2A3#0002B94BFFFD7389
(1790951872.205051) can0 2A4#00011AC6FFFD7B82
(1790951872.205176) can0 2A5#000007BF00000000
(1790951872.205301) can0 2A6#00000000FFFFFA7E
(1790951872.205428) can0 2A7#00005689FFFFF5D5
(1790951872.209709) can0 2A1#0100010000000000
(1790951872.209826) can0 2A2#0000CCC6000003CA
(1790951872.209952) can0 2A3#0002B94BFFFD7389
(1790951872.210076) can0 2A4#00011AC6FFFD7B82
(1790951872.210200) can0 2A5#000007BF00000000
(1790951872.210326) can0 2A6#00000000FFFFFA7E
(1790951872.210426) can0 2A7#00005689FFFFF5D5
(1790951872.214677) can0 2A1#0100010000000000
(1790951872.214825) can0 2A2#0000CCC6000003CA
(1790951872.214929) can0 2A3#0002B94BFFFD7389
(1790951872.215053) can0 2A4#00011AC6FFFD7B82
(1790951872.215175) can0 2A5#000007BF00000000
(1790951872.215300) can0 2A6#00000000FFFFFA7E
(1790951872.215400) can0 2A7#00005689FFFFF5D5
(1790951872.219708) can0 2A1#0100010000000000
(1790951872.219825) can0 2A2#0000CCC6000003CA
(1790951872.219954) can0 2A3#0002B94BFFFD7389
(1790951872.220050) can0 2A4#00011AC6FFFD7B82
(1790951872.220178) can0 2A5#000007BF00000000
(1790951872.220303) can0 2A6#00000000FFFFFA7E
(1790951872.220428) can0 2A7#00005689FFFFF5D5
(1790951872.224704) can0 2A1#0100010000000000
(1790951872.224798) can0 2A2#0000CCC6000003CA
(1790951872.224926) can0 2A3#0002B94BFFFD7389
(1790951872.225050) can0 2A4#00011AC6FFFD7B82
(1790951872.225176) can0 2A5#000007BF00000000
(1790951872.225301) can0 2A6#00000000FFFFFA7E
(1790951872.225424) can0 2A7#00005689FFFFF5D5
(1790951872.229713) can0 2A1#0100010000000000
(1790951872.229825) can0 2A2#0000CCC6000003CA
(1790951872.229953) can0 2A3#0002B94BFFFD7389
(1790951872.230055) can0 2A4#00011AC6FFFD7B82
(1790951872.230182) can0 2A5#000007BF00000000
(1790951872.230301) can0 2A6#00000000FFFFFA7E
(1790951872.230427) can0 2A7#00005689FFFFF5D5
(1790951872.234678) can0 2A1#0100010000000000
(1790951872.234801) can0 2A2#0000CCC6000003CA
(1790951872.234927) can0 2A3#0002B94BFFFD7389
(1790951872.235053) can0 2A4#00011AC6FFFD7B82
(1790951872.235177) can0 2A5#000007BF00000000
(1790951872.235302) can0 2A6#00000000FFFFFA7E
(1790951872.235428) can0 2A7#00005689FFFFF5D5
(1790951872.239710) can0 2A1#0100010000000000
(1790951872.239827) can0 2A2#0000CCC6000003CA
(1790951872.239955) can0 2A3#0002B94BFFFD7389
(1790951872.240080) can0 2A4#00011AC6FFFD7B82
(1790951872.240202) can0 2A5#000007BF00000000
(1790951872.240329) can0 2A6#00000000FFFFFA7E
(1790951872.240426) can0 2A7#00005689FFFFF5D5
(1790951872.244717) can0 2A1#0100010000000000
(1790951872.244800) can0 2A2#0000CCC6000003CA
(1790951872.244928) can0 2A3#0002B94BFFFD7389
(1790951872.245055) can0 2A4#00011AC6FFFD7B82
(1790951872.245181) can0 2A5#000007BF00000000
(1790951872.245301) can0 2A6#00000000FFFFFA7E
(1790951872.245428) can0 2A7#00005689FFFFF5D5
(1790951872.249711) can0 2A1#0100010000000000
(1790951872.249827) can0 2A2#0000CCC6000003CA
(1790951872.249929) can0 2A3#0002B94BFFFD7389
(1790951872.250065) can0 2A4#00011AC6FFFD7B82
(1790951872.250179) can0 2A5#000007BF00000000
(1790951872.250329) can0 2A6#00000000FFFFFA7E
(1790951872.250428) can0 2A7#00005689FFFFF5D5
(1790951872.254685) can0 2A1#0100010000000000
(1790951872.254800) can0 2A2#0000CCC6000003CA
(1790951872.254927) can0 2A3#0002B94BFFFD7389
(1790951872.255063) can0 2A4#00011AC6FFFD7B82
(1790951872.255178) can0 2A5#000007BF00000000
(1790951872.255301) can0 2A6#00000000FFFFFA7E
(1790951872.255427) can0 2A7#00005689FFFFF5D5
(1790951872.259705) can0 2A1#0100010000000000
(1790951872.259831) can0 2A2#0000CCC6000003CA
(1790951872.259952) can0 2A3#0002B94BFFFD7389
(1790951872.260052) can0 2A4#00011AC6FFFD7B82
(1790951872.260179) can0 2A5#000007BF00000000
(1790951872.260304) can0 2A6#00000000FFFFFA7E
(1790951872.260431) can0 2A7#00005689FFFFF5D5
(1790951872.264712) can0 2A1#0100010000000000
(1790951872.264801) can0 2A2#0000CCC6000003CA
(1790951872.264929) can0 2A3#0002B94BFFFD7389
(1790951872.265054) can0 2A4#00011AC6FFFD7B82
(1790951872.265177) can0 2A5#000007BF00000000
(1790951872.265303) can0 2A6#00000000FFFFFA7E
(1790951872.265427) can0 2A7#00005689FFFFF5D5
(1790951872.269711) can0 2A1#0100010000000000
(1790951872.269827) can0 2A2#0000CCC6000003CA
(1790951872.269927) can0 2A3#0002B94BFFFD7389
(1790951872.270078) can0 2A4#00011AC6FFFD7B82
(1790951872.270210) can0 2A5#000007BF00000000
(1790951872.270329) can0 2A6#00000000FFFFFA7E
(1790951872.270427) can0 2A7#00005689FFFFF5D5
(1790951872.274707) can0 2A1#0100010000000000
(1790951872.274807) can0 2A2#0000CCC6000003CA
(1790951872.274932) can0 2A3#0002B94BFFFD7389
(1790951872.275054) can0 2A4#00011AC6FFFD7B82
(1790951872.275178) can0 2A5#000007BF00000000
(1790951872.275302) can0 2A6#00000000FFFFFA7E
(1790951872.275426) can0 2A7#00005689FFFFF5D5
(1790951872.279713) can0 2A1#0100010000000000
(1790951872.279827) can0 2A2#0000CCC6000003CA
(1790951872.279953) can0 2A3#0002B94BFFFD7389
(1790951872.280053) can0 2A4#00011AC6FFFD7B82
(1790951872.280179) can0 2A5#000007BF00000000
(1790951872.280302) can0 2A6#00000000FFFFFA7E
(1790951872.280429) can0 2A7#00005689FFFFF5D5
(1790951872.284710) can0 2A1#0100010000000000
(1790951872.284802) can0 2A2#0000CCC6000003CA
(1790951872.284952) can0 2A3#0002B94BFFFD7389
(1790951872.285051) can0 2A4#00011AC6FFFD7B82
(1790951872.285176) can0 2A5#000007BF00000000
(1790951872.285303) can0 2A6#00000000FFFFFA7E
(1790951872.285427) can0 2A7#00005689FFFFF5D5
(1790951872.289711) can0 2A1#0100010000000000
(1790951872.289829) can0 2A2#0000CCC6000003CA
(1790951872.289926) can0 2A3#0002B94BFFFD7389
(1790951872.290055) can0 2A4#00011AC6FFFD7B82
(1790951872.290202) can0 2A5#000007BF00000000
(1790951872.290301) can0 2A6#00000000FFFFFA7E
(1790951872.290432) can0 2A7#00005689FFFFF5D5
(1790951872.294711) can0 2A1#0100010000000000
(1790951872.294803) can0 2A2#0000CCC6000003CA
(1790951872.294929) can0 2A3#0002B94BFFFD7389
(1790951872.295054) can0 2A4#00011AC6FFFD7B82
(1790951872.295176) can0 2A5#000007BF00000000
(1790951872.295303) can0 2A6#00000000FFFFFA7E
(1790951872.295427) can0 2A7#00005689FFFFF5D5
(1790951872.299715) can0 2A1#0100010000000000
(1790951872.299825) can0 2A2#0000CCC6000003CA
(1790951872.299954) can0 2A3#0002B94BFFFD7389
(1790951872.300052) can0 2A4#00011AC6FFFD7B82
(1790951872.300179) can0 2A5#000007BF00000000
(1790951872.300302) can0 2A6#00000000FFFFFA7E
(1790951872.300428) can0 2A7#00005689FFFFF5D5
(1790951872.304712) can0 2A1#0100010000000000
(1790951872.304826) can0 2A2#0000CCC6000003CA
(1790951872.304926) can0 2A3#0002B94BFFFD7389
(1790951872.305051) can0 2A4#00011AC6FFFD7B82
(1790951872.305177) can0 2A5#000007BF00000000
(1790951872.305303) can0 2A6#00000000FFFFFA7E
(1790951872.305427) can0 2A7#00005689FFFFF5D5
(1790951872.309716) can0 2A1#0100010000000000
(1790951872.309826) can0 2A2#0000CCC6000003CA
(1790951872.309954) can0 2A3#0002B94BFFFD7389
(1790951872.310051) can0 2A4#00011AC6FFFD7B82
(1790951872.310179) can0 2A5#000007BF00000000
(1790951872.310303) can0 2A6#00000000FFFFFA7E
(1790951872.310427) can0 2A7#00005689FFFFF5D5
(1790951872.314712) can0 2A1#0100010000000000
(1790951872.314800) can0 2A2#0000CCC6000003CA
(1790951872.314953) can0 2A3#0002B94BFFFD7389
(1790951872.315052) can0 2A4#00011AC6FFFD7B82
(1790951872.315176) can0 2A5#000007BF00000000
(1790951872.315302) can0 2A6#00000000FFFFFA7E
(1790951872.315428) can0 2A7#00005689FFFFF5D5
(1790951872.319706) can0 2A1#0100010000000000
(1790951872.319827) can0 2A2#0000CCC6000003CA
(1790951872.319927) can0 2A3#0002B94BFFFD7389
(1790951872.320052) can0 2A4#00011AC6FFFD7B82
(1790951872.320176) can0 2A5#000007BF00000000
(1790951872.320302) can0 2A6#00000000FFFFFA7E
(1790951872.320427) can0 2A7#00005689FFFFF5D5
(1790951872.324707) can0 2A1#0100010000000000
(1790951872.324800) can0 2A2#0000CCC6000003CA
(1790951872.324952) can0 2A3#0002B94BFFFD7389
(1790951872.325051) can0 2A4#00011AC6FFFD7B82
(1790951872.325177) can0 2A5#000007BF00000000
(1790951872.325302) can0 2A6#00000000FFFFFA7E
(1790951872.325427) can0 2A7#00005689FFFFF5D5
(1790951872.329710) can0 2A1#0100010000000000
(1790951872.329826) can0 2A2#0000CCC6000003CA
(1790951872.329952) can0 2A3#0002B94BFFFD7389
(1790951872.330052) can0 2A4#00011AC6FFFD7B82
(1790951872.330178) can0 2A5#000007BF00000000
(1790951872.330303) can0 2A6#00000000FFFFFA7E
(1790951872.330427) can0 2A7#00005689FFFFF5D5
(1790951872.334677) can0 2A1#0100010000000000
(1790951872.334829) can0 2A2#0000CCC6000003CA
(1790951872.334927) can0 2A3#0002B94BFFFD7389
(1790951872.335054) can0 2A4#00011AC6FFFD7B82
(1790951872.335179) can0 2A5#000007BF00000000
(1790951872.335301) can0 2A6#00000000FFFFFA7E
(1790951872.335426) can0 2A7#00005689FFFFF5D5
(1790951872.339716) can0 2A1#0100010000000000
(1790951872.339827) can0 2A2#0000CCC6000003CA
(1790951872.339952) can0 2A3#0002B94BFFFD7389
(1790951872.340078) can0 2A4#00011AC6FFFD7B82
(1790951872.340203) can0 2A5#000007BF00000000
(1790951872.340327) can0 2A6#00000000FFFFFA7E
(1790951872.340428) can0 2A7#00005689FFFFF5D5
(1790951872.344689) can0 2A1#0100010000000000
(1790951872.344828) can0 2A2#0000CCC6000003CA
(1790951872.344928) can0 2A3#0002B94BFFFD7389
(1790951872.345052) can0 2A4#00011AC6FFFD7B82
(1790951872.345180) can0 2A5#000007BF00000000
(1790951872.345302) can0 2A6#00000000FFFFFA7E
(1790951872.345430) can0 2A7#00005689FFFFF5D5
(1790951872.349711) can0 2A1#0100010000000000
(1790951872.349829) can0 2A2#0000CCC6000003CA
(1790951872.349954) can0 2A3#0002B94BFFFD7389
(1790951872.350052) can0 2A4#00011AC6FFFD7B82
(1790951872.350183) can0 2A5#000007BF00000000
(1790951872.350304) can0 2A6#00000000FFFFFA7E
(1790951872.350429) can0 2A7#00005689FFFFF5D5
(1790951872.354713) can0 2A1#0100010000000000
(1790951872.354827) can0 2A2#0000CCC6000003CA
(1790951872.354927) can0 2A3#0002B94BFFFD7389
(1790951872.355055) can0 2A4#00011AC6FFFD7B82
(1790951872.355176) can0 2A5#000007BF00000000
(1790951872.355305) can0 2A6#00000000FFFFFA7E
(1790951872.355403) can0 2A7#00005689FFFFF5D5
(1790951872.359712) can0 2A1#0100010000000000
(1790951872.359838) can0 2A2#0000CCC6000003CA
(1790951872.359955) can0 2A3#0002B94BFFFD7389
(1790951872.360054) can0 2A4#00011AC6FFFD7B82
(1790951872.360177) can0 2A5#000007BF00000000
(1790951872.360301) can0 2A6#00000000FFFFFA7E
(1790951872.360427) can0 2A7#00005689FFFFF5D5
(1790951872.364731) can0 2A1#0100010000000000
(1790951872.364804) can0 2A2#0000CCC6000003CA
(1790951872.364957) can0 2A3#0002B94BFFFD7389
(1790951872.365054) can0 2A4#00011AC6FFFD7B82
(1790951872.365177) can0 2A5#000007BF00000000
(1790951872.365304) can0 2A6#00000000FFFFFA7E
(1790951872.365428) can0 2A7#00005689FFFFF5D5
(1790951872.369730) can0 2A1#0100010000000000
(1790951872.369829) can0 2A2#0000CCC6000003CA
(1790951872.369931) can0 2A3#0002B94BFFFD7389
(1790951872.370052) can0 2A4#00011AC6FFFD7B82
(1790951872.370178) can0 2A5#000007BF00000000
(1790951872.370303) can0 2A6#00000000FFFFFA7E
(1790951872.370430) can0 2A7#00005689FFFFF5D5
(1790951872.374712) can0 2A1#0100010000000000
(1790951872.374828) can0 2A2#0000CCC6000003CA
(1790951872.374930) can0 2A3#0002B94BFFFD7389
(1790951872.375056) can0 2A4#00011AC6FFFD7B82
(1790951872.375179) can0 2A5#000007BF00000000
(1790951872.375303) can0 2A6#00000000FFFFFA7E
(1790951872.375428) can0 2A7#00005689FFFFF5D5
(1790951872.379730) can0 2A1#0100010000000000
(1790951872.379826) can0 2A2#0000CCC6000003CA
(1790951872.379954) can0 2A3#0002B94BFFFD7389
(1790951872.380052) can0 2A4#00011AC6FFFD7B82
(1790951872.380177) can0 2A5#000007BF00000000
(1790951872.380302) can0 2A6#00000000FFFFFA7E
(1790951872.380446) can0 2A7#00005689FFFFF5D5
(1790951872.384720) can0 2A1#0100010000000000
(1790951872.384803) can0 2A2#0000CCC6000003CA
(1790951872.384953) can0 2A3#0002B94BFFFD7389
(1790951872.385053) can0 2A4#00011AC6FFFD7B82
(1790951872.385177) can0 2A5#000007BF00000000
(1790951872.385304) can0 2A6#00000000FFFFFA7E
(1790951872.385430) can0 2A7#00005689FFFFF5D5
(1790951872.389732) can0 2A1#0100010000000000
(1790951872.389828) can0 2A2#0000CCC6000003CA
(1790951872.389955) can0 2A3#0002B94BFFFD7389
(1790951872.390051) can0 2A4#00011AC6FFFD7B82
(1790951872.390178) can0 2A5#000007BF00000000
(1790951872.390303) can0 2A6#00000000FFFFFA7E
(1790951872.390428) can0 2A7#00005689FFFFF5D5
(1790951872.394709) can0 2A1#0100010000000000
(1790951872.394826) can0 2A2#0000CCC6000003CA
(1790951872.394928) can0 2A3#0002B94BFFFD7389
(1790951872.395053) can0 2A4#00011AC6FFFD7B82
(1790951872.395176) can0 2A5#000007BF00000000
(1790951872.395302) can0 2A6#00000000FFFFFA7E
(1790951872.395428) can0 2A7#00005689FFFFF5D5
(1790951872.399735) can0 2A1#0100010000000000
(1790951872.399826) can0 2A2#0000CCC6000003CA
(1790951872.399953) can0 2A3#0002B94BFFFD7389
(1790951872.400078) can0 2A4#00011AC6FFFD7B82
(1790951872.400202) can0 2A5#000007BF00000000
(1790951872.400303) can0 2A6#00000000FFFFFA7E
(1790951872.400427) can0 2A7#00005689FFFFF5D5
(1790951872.404705) can0 2A1#0100010000000000
(1790951872.404825) can0 2A2#0000CCC6000003CA
(1790951872.404928) can0 2A3#0002B94BFFFD7389
(1790951872.405052) can0 2A4#00011AC6FFFD7B82
(1790951872.405177) can0 2A5#000007BF00000000
(1790951872.405304) can0 2A6#00000000FFFFFA7E
(1790951872.405402) can0 2A7#00005689FFFFF5D5
(1790951872.409718) can0 2A1#0100010000000000
(1790951872.409827) can0 2A2#0000CCC6000003CA
(1790951872.409957) can0 2A3#0002B94BFFFD7389
(1790951872.410077) can0 2A4#00011AC6FFFD7B82
(1790951872.410178) can0 2A5#000007BF00000000
(1790951872.410302) can0 2A6#00000000FFFFFA7E
(1790951872.410427) can0 2A7#00005689FFFFF5D5
(1790951872.414705) can0 2A1#0100010000000000
(1790951872.414827) can0 2A2#0000CCC6000003CA
(1790951872.414929) can0 2A3#0002B94BFFFD7389
(1790951872.415052) can0 2A4#00011AC6FFFD7B82
(1790951872.415177) can0 2A5#000007BF00000000
(1790951872.415302) can0 2A6#00000000FFFFFA7E
(1790951872.415428) can0 2A7#00005689FFFFF5D5
(1790951872.419739) can0 2A1#0100010000000000
(1790951872.419827) can0 2A2#0000CCC6000003CA
(1790951872.419953) can0 2A3#0002B94BFFFD7389
(1790951872.420053) can0 2A4#00011AC6FFFD7B82
(1790951872.420178) can0 2A5#000007BF00000000
(1790951872.420304) can0 2A6#00000000FFFFFA7E
(1790951872.420428) can0 2A7#00005689FFFFF5D5
(1790951872.424706) can0 2A1#0100010000000000
(1790951872.424826) can0 2A2#0000CCC6000003CA
(1790951872.424930) can0 2A3#0002B94BFFFD7389
(1790951872.425053) can0 2A4#00011AC6FFFD7B82
(1790951872.425177) can0 2A5#000007BF00000000
(1790951872.425304) can0 2A6#00000000FFFFFA7E
(1790951872.425426) can0 2A7#00005689FFFFF5D5
(1790951872.429744) can0 2A1#0100010000000000
(1790951872.429829) can0 2A2#0000CCC6000003CA
(1790951872.429953) can0 2A3#0002B94BFFFD7389
(1790951872.430053) can0 2A4#00011AC6FFFD7B82
(1790951872.430178) can0 2A5#000007BF00000000
(1790951872.430303) can0 2A6#00000000FFFFFA7E
(1790951872.430429) can0 2A7#00005689FFFFF5D5
(1790951872.434705) can0 2A1#0100010000000000
(1790951872.434803) can0 2A2#0000CCC6000003CA
(1790951872.434953) can0 2A3#0002B94BFFFD7389
(1790951872.435054) can0 2A4#00011AC6FFFD7B82
(1790951872.435177) can0 2A5#000007BF00000000
(1790951872.435305) can0 2A6#00000000FFFFFA7E
(1790951872.435426) can0 2A7#00005689FFFFF5D5
(1790951872.439718) can0 2A1#0100010000000000
(1790951872.439828) can0 2A2#0000CCC6000003CA
(1790951872.439955) can0 2A3#0002B94BFFFD7389
(1790951872.440078) can0 2A4#00011AC6FFFD7B82
(1790951872.440203) can0 2A5#000007BF00000000
(1790951872.440327) can0 2A6#00000000FFFFFA7E
(1790951872.440428) can0 2A7#00005689FFFFF5D5
(1790951872.444714) can0 2A1#0100010000000000
(1790951872.444830) can0 2A2#0000CCC6000003CA
(1790951872.444928) can0 2A3#0002B94BFFFD7389
(1790951872.445053) can0 2A4#00011AC6FFFD7B82
(1790951872.445177) can0 2A5#000007BF00000000
(1790951872.445302) can0 2A6#00000000FFFFFA7E
(1790951872.445403) can0 2A7#00005689FFFFF5D5
(1790951872.449731) can0 2A1#0100010000000000
(1790951872.449827) can0 2A2#0000CCC6000003CA
(1790951872.449954) can0 2A3#0002B94BFFFD7389
(1790951872.450056) can0 2A4#00011AC6FFFD7B82
(1790951872.450178) can0 2A5#000007BF00000000
(1790951872.450318) can0 2A6#00000000FFFFFA7E
(1790951872.450432) can0 2A7#00005689FFFFF5D5
(1790951872.454707) can0 2A1#0100010000000000
(1790951872.454826) can0 2A2#0000CCC6000003CA
(1790951872.454929) can0 2A3#0002B94BFFFD7389
(1790951872.455053) can0 2A4#00011AC6FFFD7B82
(1790951872.455178) can0 2A5#000007BF00000000
(1790951872.455311) can0 2A6#00000000FFFFFA7E
(1790951872.455427) can0 2A7#00005689FFFFF5D5
(1790951872.459705) can0 2A1#0100010000000000
(1790951872.459828) can0 2A2#0000CCC6000003CA
(1790951872.459952) can0 2A3#0002B94BFFFD7389
(1790951872.460080) can0 2A4#00011AC6FFFD7B82
(1790951872.460202) can0 2A5#000007BF00000000
(1790951872.460328) can0 2A6#00000000FFFFFA7E
(1790951872.460427) can0 2A7#00005689FFFFF5D5
(1790951872.464709) can0 2A1#0100010000000000
(1790951872.464829) can0 2A2#0000CCC6000003CA
(1790951872.464928) can0 2A3#0002B94BFFFD7389
(1790951872.465053) can0 2A4#00011AC6FFFD7B82
(1790951872.465178) can0 2A5#000007BF00000000
(1790951872.465305) can0 2A6#00000000FFFFFA7E
(1790951872.465430) can0 2A7#00005689FFFFF5D5
(1790951872.469717) can0 2A1#0100010000000000
(1790951872.469827) can0 2A2#0000CCC6000003CA
(1790951872.469953) can0 2A3#0002B94BFFFD7389
(1790951872.470077) can0 2A4#00011AC6FFFD7B82
(1790951872.470203) can0 2A5#000007BF00000000
(1790951872.470328) can0 2A6#00000000FFFFFA7E
(1790951872.470430) can0 2A7#00005689FFFFF5D5
(1790951872.474714) can0 2A1#0100010000000000
(1790951872.474827) can0 2A2#0000CCC6000003CA
(1790951872.474928) can0 2A3#0002B94BFFFD7389
(1790951872.475063) can0 2A4#00011AC6FFFD7B82
(1790951872.475181) can0 2A5#000007BF00000000
(1790951872.475305) can0 2A6#00000000FFFFFA7E
(1790951872.475428) can0 2A7#00005689FFFFF5D5
(1790951872.479745) can0 2A1#0100010000000000
(1790951872.479834) can0 2A2#0000CCC6000003CA
(1790951872.479952) can0 2A3#0002B94BFFFD7389
(1790951872.480053) can0 2A4#00011AC6FFFD7B82
(1790951872.480177) can0 2A5#000007BF00000000
(1790951872.480305) can0 2A6#00000000FFFFFA7E
(1790951872.480428) can0 2A7#00005689FFFFF5D5
(1790951872.484718) can0 2A1#0100010000000000
(1790951872.484827) can0 2A2#0000CCC6000003CA
(1790951872.484930) can0 2A3#0002B94BFFFD7389
(1790951872.485053) can0 2A4#00011AC6FFFD7B82
(1790951872.485178) can0 2A5#000007BF00000000
(1790951872.485301) can0 2A6#00000000FFFFFA7E
(1790951872.485428) can0 2A7#00005689FFFFF5D5
(1790951872.489710) can0 2A1#0100010000000000
(1790951872.489827) can0 2A2#0000CCC6000003CA
(1790951872.489954) can0 2A3#0002B94BFFFD7389
(1790951872.490054) can0 2A4#00011AC6FFFD7B82
(1790951872.490178) can0 2A5#000007BF00000000
(1790951872.490303) can0 2A6#00000000FFFFFA7E
(1790951872.490430) can0 2A7#00005689FFFFF5D5
(1790951872.494708) can0 2A1#0100010000000000
(1790951872.494826) can0 2A2#0000CCC6000003CA
(1790951872.494928) can0 2A3#0002B94BFFFD7389
(1790951872.495054) can0 2A4#00011AC6FFFD7B82
(1790951872.495178) can0 2A5#000007BF00000000
(1790951872.495304) can0 2A6#00000000FFFFFA7E
(1790951872.495430) can0 2A7#00005689FFFFF5D5
(1790951872.499724) can0 2A1#0100010000000000
(1790951872.499827) can0 2A2#0000CCC6000003CA
(1790951872.499954) can0 2A3#0002B94BFFFD7389
(1790951872.500052) can0 2A4#00011AC6FFFD7B82
(1790951872.500179) can0 2A5#000007BF00000000
(1790951872.500302) can0 2A6#00000000FFFFFA7E
(1790951872.500430) can0 2A7#00005689FFFFF5D5
(1790951872.504707) can0 2A1#0100010000000000
(1790951872.504810) can0 2A2#0000CCC6000003CA
(1790951872.504929) can0 2A3#0002B94BFFFD7389
(1790951872.505052) can0 2A4#00011AC6FFFD7B82
(1790951872.505177) can0 2A5#000007BF00000000
(1790951872.505304) can0 2A6#00000000FFFFFA7E
(1790951872.505429) can0 2A7#00005689FFFFF5D5
(1790951872.509712) can0 2A1#0100010000000000
(1790951872.509829) can0 2A2#0000CCC6000003CA
(1790951872.509930) can0 2A3#0002B94BFFFD7389
(1790951872.510077) can0 2A4#00011AC6FFFD7B82
(1790951872.510179) can0 2A5#000007BF00000000
(1790951872.510327) can0 2A6#00000000FFFFFA7E
(1790951872.510427) can0 2A7#00005689FFFFF5D5
(1790951872.514705) can0 2A1#0100010000000000
(1790951872.514805) can0 2A2#0000CCC6000003CA
(1790951872.514955) can0 2A3#0002B94BFFFD7389
(1790951872.515052) can0 2A4#00011AC6FFFD7B82
(1790951872.515177) can0 2A5#000007BF00000000
(1790951872.515304) can0 2A6#00000000FFFFFA7E
(1790951872.515429) can0 2A7#00005689FFFFF5D5
(1790951872.519734) can0 2A1#0100010000000000
(1790951872.519835) can0 2A2#0000CCC6000003CA
(1790951872.519954) can0 2A3#0002B94BFFFD7389
(1790951872.520052) can0 2A4#00011AC6FFFD7B82
(1790951872.520178) can0 2A5#000007BF00000000
(1790951872.520301) can0 2A6#00000000FFFFFA7E
(1790951872.520429) can0 2A7#00005689FFFFF5D5
(1790951872.524704) can0 2A1#0100010000000000
(1790951872.524828) can0 2A2#0000CCC6000003CA
(1790951872.524930) can0 2A3#0002B94BFFFD7389
(1790951872.525052) can0 2A4#00011AC6FFFD7B82
(1790951872.525177) can0 2A5#000007BF00000000
(1790951872.525304) can0 2A6#00000000FFFFFA7E
(1790951872.525429) can0 2A7#00005689FFFFF5D5
(1790951872.529709) can0 2A1#0100010000000000
(1790951872.529826) can0 2A2#0000CCC6000003CA
(1790951872.529955) can0 2A3#0002B94BFFFD7389
(1790951872.530077) can0 2A4#00011AC6FFFD7B82
(1790951872.530202) can0 2A5#000007BF00000000
(1790951872.530327) can0 2A6#00000000FFFFFA7E
(1790951872.530427) can0 2A7#00005689FFFFF5D5
(1790951872.534709) can0 2A1#0100010000000000
(1790951872.534827) can0 2A2#0000CCC6000003CA
(1790951872.534929) can0 2A3#0002B94BFFFD7389
(1790951872.535054) can0 2A4#00011AC6FFFD7B82
(1790951872.535177) can0 2A5#000007BF00000000
(1790951872.535302) can0 2A6#00000000FFFFFA7E
(1790951872.535428) can0 2A7#00005689FFFFF5D5
(1790951872.539708) can0 2A1#0100010000000000
(1790951872.539829) can0 2A2#0000CCC6000003CA
(1790951872.539952) can0 2A3#0002B94BFFFD7389
(1790951872.540080) can0 2A4#00011AC6FFFD7B82
(1790951872.540203) can0 2A5#000007BF00000000
(1790951872.540327) can0 2A6#00000000FFFFFA7E
(1790951872.540429) can0 2A7#00005689FFFFF5D5
(1790951872.544707) can0 2A1#0100010000000000
(1790951872.544826) can0 2A2#0000CCC6000003CA
(1790951872.544930) can0 2A3#0002B94BFFFD7389
(1790951872.545054) can0 2A4#00011AC6FFFD7B82
(1790951872.545180) can0 2A5#000007BF00000000
(1790951872.545301) can0 2A6#00000000FFFFFA7E
(1790951872.545433) can0 2A7#00005689FFFFF5D5
(1790951872.549720) can0 2A1#0100010000000000
(1790951872.549827) can0 2A2#0000CCC6000003CA
(1790951872.549956) can0 2A3#0002B94BFFFD7389
(1790951872.550084) can0 2A4#00011AC6FFFD7B82
(1790951872.550202) can0 2A5#000007BF00000000
(1790951872.550328) can0 2A6#00000000FFFFFA7E
(1790951872.550430) can0 2A7#00005689FFFFF5D5
(1790951872.554708) can0 2A1#0100010000000000
(1790951872.554828) can0 2A2#0000CCC6000003CA
(1790951872.554953) can0 2A3#0002B94BFFFD7389
(1790951872.555053) can0 2A4#00011AC6FFFD7B82
(1790951872.555177) can0 2A5#000007BF00000000
(1790951872.555303) can0 2A6#00000000FFFFFA7E
(1790951872.555427) can0 2A7#00005689FFFFF5D5
(1790951872.559723) can0 2A1#0100010000000000
(1790951872.559828) can0 2A2#0000CCC6000003CA
(1790951872.559927) can0 2A3#0002B94BFFFD7389
(1790951872.560078) can0 2A4#00011AC6FFFD7B82
(1790951872.560178) can0 2A5#000007BF00000000
(1790951872.560304) can0 2A6#00000000FFFFFA7E
(1790951872.560427) can0 2A7#00005689FFFFF5D5
(1790951872.564718) can0 2A1#0100010000000000
(1790951872.564801) can0 2A2#0000CCC6000003CA
(1790951872.564953) can0 2A3#0002B94BFFFD7389
(1790951872.565053) can0 2A4#00011AC6FFFD7B82
(1790951872.565177) can0 2A5#000007BF00000000
(1790951872.565310) can0 2A6#00000000FFFFFA7E
(1790951872.565427) can0 2A7#00005689FFFFF5D5
(1790951872.569734) can0 2A1#0100010000000000
(1790951872.569826) can0 2A2#0000CCC6000003CA
(1790951872.569956) can0 2A3#0002B94BFFFD7389
(1790951872.570053) can0 2A4#00011AC6FFFD7B82
(1790951872.570179) can0 2A5#000007BF00000000
(1790951872.570302) can0 2A6#00000000FFFFFA7E
(1790951872.570428) can0 2A7#00005689FFFFF5D5
(1790951872.574706) can0 2A1#0100010000000000
(1790951872.574802) can0 2A2#0000CCC6000003CA
(1790951872.574929) can0 2A3#0002B94BFFFD7389
(1790951872.575051) can0 2A4#00011AC6FFFD7B82
(1790951872.575178) can0 2A5#000007BF00000000
(1790951872.575303) can0 2A6#00000000FFFFFA7E
(1790951872.575429) can0 2A7#00005689FFFFF5D5
(1790951872.579713) can0 2A1#0100010000000000
(1790951872.579829) can0 2A2#0000CCC6000003CA
(1790951872.579954) can0 2A3#0002B94BFFFD7389
(1790951872.580078) can0 2A4#00011AC6FFFD7B82
(1790951872.580216) can0 2A5#000007BF00000000
(1790951872.580328) can0 2A6#00000000FFFFFA7E
(1790951872.580428) can0 2A7#00005689FFFFF5D5
(1790951872.584708) can0 2A1#0100010000000000
(1790951872.584826) can0 2A2#0000CCC6000003CA
(1790951872.584928) can0 2A3#0002B94BFFFD7389
(1790951872.585054) can0 2A4#00011AC6FFFD7B82
(1790951872.585179) can0 2A5#000007BF00000000
(1790951872.585305) can0 2A6#00000000FFFFFA7E
(1790951872.585431) can0 2A7#00005689FFFFF5D5
(1790951872.589707) can0 2A1#0100010000000000
(1790951872.589827) can0 2A2#0000CCC6000003CA
(1790951872.589953) can0 2A3#0002B94BFFFD7389
(1790951872.590080) can0 2A4#00011AC6FFFD7B82
(1790951872.590202) can0 2A5#000007BF00000000
(1790951872.590327) can0 2A6#00000000FFFFFA7E
(1790951872.590452) can0 2A7#00005689FFFFF5D5
(1790951872.594712) can0 2A1#0100010000000000
(1790951872.594803) can0 2A2#0000CCC6000003CA
(1790951872.594955) can0 2A3#0002B94BFFFD7389
(1790951872.595054) can0 2A4#00011AC6FFFD7B82
(1790951872.595179) can0 2A5#000007BF00000000
(1790951872.595304) can0 2A6#00000000FFFFFA7E
(1790951872.595430) can0 2A7#00005689FFFFF5D5
(1790951872.599743) can0 2A1#0100010000000000
(1790951872.599831) can0 2A2#0000CCC6000003CA
(1790951872.599955) can0 2A3#0002B94BFFFD7389
(1790951872.600052) can0 2A4#00011AC6FFFD7B82
(1790951872.600177) can0 2A5#000007BF00000000
(1790951872.600303) can0 2A6#00000000FFFFFA7E
(1790951872.600427) can0 2A7#00005689FFFFF5D5
(1790951872.604708) can0 2A1#0100010000000000
(1790951872.604829) can0 2A2#0000CCC6000003CA
(1790951872.604956) can0 2A3#0002B94BFFFD7389
(1790951872.605052) can0 2A4#00011AC6FFFD7B82
(1790951872.605180) can0 2A5#000007BF00000000
(1790951872.605304) can0 2A6#00000000FFFFFA7E
(1790951872.605430) can0 2A7#00005689FFFFF5D5
(1790951872.609711) can0 2A1#0100010000000000
(1790951872.609827) can0 2A2#0000CCC6000003CA
(1790951872.609929) can0 2A3#0002B94BFFFD7389
(1790951872.610054) can0 2A4#00011AC6FFFD7B82
(1790951872.610204) can0 2A5#000007BF00000000
(1790951872.610304) can0 2A6#00000000FFFFFA7E
(1790951872.610429) can0 2A7#00005689FFFFF5D5
(1790951872.614717) can0 2A1#0100010000000000
(1790951872.614803) can0 2A2#0000CCC6000003CA
(1790951872.614932) can0 2A3#0002B94BFFFD7389
(1790951872.615053) can0 2A4#00011AC6FFFD7B82
(1790951872.615181) can0 2A5#000007BF00000000
(1790951872.615303) can0 2A6#00000000FFFFFA7E
(1790951872.615428) can0 2A7#00005689FFFFF5D5
(1790951872.619710) can0 2A1#0100010000000000
(1790951872.619827) can0 2A2#0000CCC6000003CA
(1790951872.619955) can0 2A3#0002B94BFFFD7389
(1790951872.620077) can0 2A4#00011AC6FFFD7B82
(1790951872.620177) can0 2A5#000007BF00000000
(1790951872.620311) can0 2A6#00000000FFFFFA7E
(1790951872.620428) can0 2A7#00005689FFFFF5D5
(1790951872.624707) can0 2A1#0100010000000000
(1790951872.624827) can0 2A2#0000CCC6000003CA
(1790951872.624932) can0 2A3#0002B94BFFFD7389
(1790951872.625056) can0 2A4#00011AC6FFFD7B82
(1790951872.625180) can0 2A5#000007BF00000000
(1790951872.625302) can0 2A6#00000000FFFFFA7E
(1790951872.625431) can0 2A7#00005689FFFFF5D5
(1790951872.629708) can0 2A1#0100010000000000
(1790951872.629827) can0 2A2#0000CCC6000003CA
(1790951872.629958) can0 2A3#0002B94BFFFD7389
(1790951872.630053) can0 2A4#00011AC6FFFD7B82
(1790951872.630177) can0 2A5#000007BF00000000
(1790951872.630302) can0 2A6#00000000FFFFFA7E
(1790951872.630453) can0 2A7#00005689FFFFF5D5
(1790951872.634707) can0 2A1#0100010000000000
(1790951872.634828) can0 2A2#0000CCC6000003CA
(1790951872.634967) can0 2A3#0002B94BFFFD7389
(1790951872.635053) can0 2A4#00011AC6FFFD7B82
(1790951872.635180) can0 2A5#000007BF00000000
(1790951872.635303) can0 2A6#00000000FFFFFA7E
(1790951872.635432) can0 2A7#00005689FFFFF5D5
(1790951872.639709) can0 2A1#0100010000000000
(1790951872.639826) can0 2A2#0000CCC6000003CA
(1790951872.639957) can0 2A3#0002B94BFFFD7389
(1790951872.640080) can0 2A4#00011AC6FFFD7B82
(1790951872.640181) can0 2A5#000007BF00000000
(1790951872.640307) can0 2A6#00000000FFFFFA7E
(1790951872.640453) can0 2A7#00005689FFFFF5D5
(1790951872.644707) can0 2A1#0100010000000000
(1790951872.644803) can0 2A2#0000CCC6000003CA
(1790951872.644956) can0 2A3#0002B94BFFFD7389
(1790951872.645054) can0 2A4#00011AC6FFFD7B82
(1790951872.645181) can0 2A5#000007BF00000000
(1790951872.645304) can0 2A6#00000000FFFFFA7E
(1790951872.645427) can0 2A7#00005689FFFFF5D5
(1790951872.649741) can0 2A1#0100010000000000
(1790951872.649826) can0 2A2#0000CCC6000003CA
(1790951872.649954) can0 2A3#0002B94BFFFD7389
(1790951872.650052) can0 2A4#00011AC6FFFD7B82
(1790951872.650178) can0 2A5#000007BF00000000
(1790951872.650299) can0 2A6#00000000FFFFFA7E
(1790951872.650425) can0 2A7#00005689FFFFF5D5
(1790951872.654707) can0 2A1#0100010000000000
(1790951872.654804) can0 2A2#0000CCC6000003CA
(1790951872.654955) can0 2A3#0002B94BFFFD7389
(1790951872.655054) can0 2A4#00011AC6FFFD7B82
(1790951872.655178) can0 2A5#000007BF00000000
(1790951872.655306) can0 2A6#00000000FFFFFA7E
(1790951872.655431) can0 2A7#00005689FFFFF5D5
(1790951872.659714) can0 2A1#0100010000000000
(1790951872.659828) can0 2A2#0000CCC6000003CA
(1790951872.659956) can0 2A3#0002B94BFFFD7389
(1790951872.660087) can0 2A4#00011AC6FFFD7B82
(1790951872.660204) can0 2A5#000007BF00000000
(1790951872.660302) can0 2A6#00000000FFFFFA7E
(1790951872.660456) can0 2A7#00005689FFFFF5D5
(1790951872.664706) can0 2A1#0100010000000000
(1790951872.664840) can0 2A2#0000CCC6000003CA
(1790951872.664929) can0 2A3#0002B94BFFFD7389
(1790951872.665055) can0 2A4#00011AC6FFFD7B82
(1790951872.665178) can0 2A5#000007BF00000000
(1790951872.665303) can0 2A6#00000000FFFFFA7E
(1790951872.665429) can0 2A7#00005689FFFFF5D5
(1790951872.669706) can0 2A1#0100010000000000
(1790951872.669829) can0 2A2#0000CCC6000003CA
(1790951872.669953) can0 2A3#0002B94BFFFD7389
(1790951872.670053) can0 2A4#00011AC6FFFD7B82
(1790951872.670178) can0 2A5#000007BF00000000
(1790951872.670303) can0 2A6#00000000FFFFFA7E
(1790951872.670431) can0 2A7#00005689FFFFF5D5
(1790951872.674712) can0 2A1#0100010000000000
(1790951872.674835) can0 2A2#0000CCC6000003CA
(1790951872.674929) can0 2A3#0002B94BFFFD7389
(1790951872.675052) can0 2A4#00011AC6FFFD7B82
(1790951872.675179) can0 2A5#000007BF00000000
(1790951872.675304) can0 2A6#00000000FFFFFA7E
(1790951872.675429) can0 2A7#00005689FFFFF5D5
(1790951872.679737) can0 2A1#0100010000000000
(1790951872.679828) can0 2A2#0000CCC6000003CA
(1790951872.679953) can0 2A3#0002B94BFFFD7389
(1790951872.680054) can0 2A4#00011AC6FFFD7B82
(1790951872.680178) can0 2A5#000007BF00000000
(1790951872.680303) can0 2A6#00000000FFFFFA7E
(1790951872.680454) can0 2A7#00005689FFFFF5D5
(1790951872.684709) can0 2A1#0100010000000000
(1790951872.684837) can0 2A2#0000CCC6000003CA
(1790951872.684929) can0 2A3#0002B94BFFFD7389
(1790951872.685054) can0 2A4#00011AC6FFFD7B82
(1790951872.685178) can0 2A5#000007BF00000000
(1790951872.685305) can0 2A6#00000000FFFFFA7E
(1790951872.685429) can0 2A7#00005689FFFFF5D5
(1790951872.689738) can0 2A1#0100010000000000
(1790951872.689836) can0 2A2#0000CCC6000003CA
(1790951872.689957) can0 2A3#0002B94BFFFD7389
(1790951872.690054) can0 2A4#00011AC6FFFD7B82
(1790951872.690178) can0 2A5#000007BF00000000
(1790951872.690306) can0 2A6#00000000FFFFFA7E
(1790951872.690428) can0 2A7#00005689FFFFF5D5
(1790951872.694709) can0 2A1#0100010000000000
(1790951872.694826) can0 2A2#0000CCC6000003CA
(1790951872.694929) can0 2A3#0002B94BFFFD7389
(1790951872.695055) can0 2A4#00011AC6FFFD7B82
(1790951872.695180) can0 2A5#000007BF00000000
(1790951872.695303) can0 2A6#00000000FFFFFA7E
(1790951872.695428) can0 2A7#00005689FFFFF5D5
(1790951872.699737) can0 2A1#0100010000000000
(1790951872.699833) can0 2A2#0000CCC6000003CA
(1790951872.699955) can0 2A3#0002B94BFFFD7389
(1790951872.700054) can0 2A4#00011AC6FFFD7B82
(1790951872.700179) can0 2A5#000007BF00000000
(1790951872.700306) can0 2A6#00000000FFFFFA7E
(1790951872.700430) can0 2A7#00005689FFFFF5D5
(1790951872.704711) can0 2A1#0100010000000000
(1790951872.704828) can0 2A2#0000CCC6000003CA
(1790951872.704955) can0 2A3#0002B94BFFFD7389
(1790951872.705059) can0 2A4#00011AC6FFFD7B82
(1790951872.705181) can0 2A5#000007BF00000000
(1790951872.705304) can0 2A6#00000000FFFFFA7E
(1790951872.705431) can0 2A7#00005689FFFFF5D5
(1790951872.709716) can0 2A1#0100010000000000
(1790951872.709828) can0 2A2#0000CCC6000003CA
(1790951872.709953) can0 2A3#0002B94BFFFD7389
(1790951872.710079) can0 2A4#00011AC6FFFD7B82
(1790951872.710178) can0 2A5#000007BF00000000
(1790951872.710304) can0 2A6#00000000FFFFFA7E
(1790951872.710430) can0 2A7#00005689FFFFF5D5
(1790951872.714708) can0 2A1#0100010000000000
(1790951872.714827) can0 2A2#0000CCC6000003CA
(1790951872.714932) can0 2A3#0002B94BFFFD7389
(1790951872.715052) can0 2A4#00011AC6FFFD7B82
(1790951872.715178) can0 2A5#000007BF00000000
(1790951872.715303) can0 2A6#00000000FFFFFA7E
(1790951872.715432) can0 2A7#00005689FFFFF5D5
(1790951872.719734) can0 2A1#0100010000000000
(1790951872.719829) can0 2A2#0000CCC6000003CA
(1790951872.719953) can0 2A3#0002B94BFFFD7389
(1790951872.720053) can0 2A4#00011AC6FFFD7B82
(1790951872.720205) can0 2A5#000007BF00000000
(1790951872.720330) can0 2A6#00000000FFFFFA7E
(1790951872.720455) can0 2A7#00005689FFFFF5D5
(1790951872.724705) can0 2A1#0100010000000000
(1790951872.724828) can0 2A2#0000CCC6000003CA
(1790951872.724930) can0 2A3#0002B94BFFFD7389
(1790951872.725053) can0 2A4#00011AC6FFFD7B82
(1790951872.725177) can0 2A5#000007BF00000000
(1790951872.725303) can0 2A6#00000000FFFFFA7E
(1790951872.725427) can0 2A7#00005689FFFFF5D5
(1790951872.729736) can0 2A1#0100010000000000
(1790951872.729832) can0 2A2#0000CCC6000003CA
(1790951872.729955) can0 2A3#0002B94BFFFD7389
(1790951872.730052) can0 2A4#00011AC6FFFD7B82
(1790951872.730180) can0 2A5#000007BF00000000
(1790951872.730307) can0 2A6#00000000FFFFFA7E
(1790951872.730431) can0 2A7#00005689FFFFF5D5
(1790951872.734708) can0 2A1#0100010000000000
(1790951872.734828) can0 2A2#0000CCC6000003CA
(1790951872.734955) can0 2A3#0002B94BFFFD7389
(1790951872.735056) can0 2A4#00011AC6FFFD7B82
(1790951872.735180) can0 2A5#000007BF00000000
(1790951872.735303) can0 2A6#00000000FFFFFA7E
(1790951872.735428) can0 2A7#00005689FFFFF5D5
(1790951872.739733) can0 2A1#0100010000000000
(1790951872.739830) can0 2A2#0000CCC6000003CA
(1790951872.739956) can0 2A3#0002B94BFFFD7389
(1790951872.740079) can0 2A4#00011AC6FFFD7B82
(1790951872.740177) can0 2A5#000007BF00000000
(1790951872.740305) can0 2A6#00000000FFFFFA7E
(1790951872.740428) can0 2A7#00005689FFFFF5D5
(1790951872.744706) can0 2A1#0100010000000000
(1790951872.744809) can0 2A2#0000CCC6000003CA
(1790951872.744955) can0 2A3#0002B94BFFFD7389
(1790951872.745053) can0 2A4#00011AC6FFFD7B82
(1790951872.745179) can0 2A5#000007BF00000000
(1790951872.745305) can0 2A6#00000000FFFFFA7E
(1790951872.745428) can0 2A7#00005689FFFFF5D5
(1790951872.749707) can0 2A1#0100010000000000
(1790951872.749827) can0 2A2#0000CCC6000003CA
(1790951872.749955) can0 2A3#0002B94BFFFD7389
(1790951872.750080) can0 2A4#00011AC6FFFD7B82
(1790951872.750204) can0 2A5#000007BF00000000
(1790951872.750306) can0 2A6#00000000FFFFFA7E
(1790951872.750453) can0 2A7#00005689FFFFF5D5
(1790951872.754705) can0 2A1#0100010000000000
(1790951872.754828) can0 2A2#0000CCC6000003CA
(1790951872.754928) can0 2A3#0002B94BFFFD7389
(1790951872.755053) can0 2A4#00011AC6FFFD7B82
(1790951872.755180) can0 2A5#000007BF00000000
(1790951872.755303) can0 2A6#00000000FFFFFA7E
(1790951872.755430) can0 2A7#00005689FFFFF5D5
(1790951872.759740) can0 2A1#0100010000000000
(1790951872.759834) can0 2A2#0000CCC6000003CA
(1790951872.759955) can0 2A3#0002B94BFFFD7389
(1790951872.760054) can0 2A4#00011AC6FFFD7B82
(1790951872.760179) can0 2A5#000007BF00000000
(1790951872.760304) can0 2A6#00000000FFFFFA7E
(1790951872.760429) can0 2A7#00005689FFFFF5D5
(1790951872.764707) can0 2A1#0100010000000000
(1790951872.764831) can0 2A2#0000CCC6000003CA
(1790951872.764955) can0 2A3#0002B94BFFFD7389
(1790951872.765054) can0 2A4#00011AC6FFFD7B82
(1790951872.765182) can0 2A5#000007BF00000000
(1790951872.765308) can0 2A6#00000000FFFFFA7E
(1790951872.765428) can0 2A7#00005689FFFFF5D5
(1790951872.769739) can0 2A1#0100010000000000
(1790951872.769832) can0 2A2#0000CCC6000003CA
(1790951872.769957) can0 2A3#0002B94BFFFD7389
(1790951872.770053) can0 2A4#00011AC6FFFD7B82
(1790951872.770181) can0 2A5#000007BF00000000
(1790951872.770312) can0 2A6#00000000FFFFFA7E
(1790951872.770431) can0 2A7#00005689FFFFF5D5
(1790951872.774715) can0 2A1#0100010000000000
(1790951872.774811) can0 2A2#0000CCC6000003CA
(1790951872.774953) can0 2A3#0002B94BFFFD7389
(1790951872.775056) can0 2A4#00011AC6FFFD7B82
(1790951872.775178) can0 2A5#000007BF00000000
(1790951872.775303) can0 2A6#00000000FFFFFA7E
(1790951872.775429) can0 2A7#00005689FFFFF5D5
(1790951872.779723) can0 2A1#0100010000000000
(1790951872.779828) can0 2A2#0000CCC6000003CA
(1790951872.779954) can0 2A3#0002B94BFFFD7389
(1790951872.780080) can0 2A4#00011AC6FFFD7B82
(1790951872.780204) can0 2A5#000007BF00000000
(1790951872.780304) can0 2A6#00000000FFFFFA7E
(1790951872.780460) can0 2A7#00005689FFFFF5D5
(1790951872.784718) can0 2A1#0100010000000000
(1790951872.784827) can0 2A2#0000CCC6000003CA
(1790951872.784930) can0 2A3#0002B94BFFFD7389
(1790951872.785054) can0 2A4#00011AC6FFFD7B82
(1790951872.785179) can0 2A5#000007BF00000000
(1790951872.785304) can0 2A6#00000000FFFFFA7E
(1790951872.785427) can0 2A7#00005689FFFFF5D5
(1790951872.789735) can0 2A1#0100010000000000
(1790951872.789831) can0 2A2#0000CCC6000003CA
(1790951872.789956) can0 2A3#0002B94BFFFD7389
(1790951872.790079) can0 2A4#00011AC6FFFD7B82
(1790951872.790180) can0 2A5#000007BF00000000
(1790951872.790302) can0 2A6#00000000FFFFFA7E
(1790951872.790427) can0 2A7#00005689FFFFF5D5
(1790951872.794706) can0 2A1#0100010000000000
(1790951872.794827) can0 2A2#0000CCC6000003CA
(1790951872.794930) can0 2A3#0002B94BFFFD7389
(1790951872.795055) can0 2A4#00011AC6FFFD7B82
(1790951872.795179) can0 2A5#000007BF00000000
(1790951872.795304) can0 2A6#00000000FFFFFA7E
(1790951872.795430) can0 2A7#00005689FFFFF5D5
(1790951872.799738) can0 2A1#0100010000000000
(1790951872.799827) can0 2A2#0000CCC6000003CA
(1790951872.799955) can0 2A3#0002B94BFFFD7389
(1790951872.800052) can0 2A4#00011AC6FFFD7B82
(1790951872.800204) can0 2A5#000007BF00000000
(1790951872.800330) can0 2A6#00000000FFFFFA7E
(1790951872.800454) can0 2A7#00005689FFFFF5D5
(1790951872.804708) can0 2A1#0100010000000000
(1790951872.804827) can0 2A2#0000CCC6000003CA
(1790951872.804929) can0 2A3#0002B94BFFFD7389
(1790951872.805055) can0 2A4#00011AC6FFFD7B82
(1790951872.805179) can0 2A5#000007BF00000000
(1790951872.805304) can0 2A6#00000000FFFFFA7E
(1790951872.805429) can0 2A7#00005689FFFFF5D5
(1790951872.809736) can0 2A1#0100010000000000
(1790951872.809829) can0 2A2#0000CCC6000003CA
(1790951872.809954) can0 2A3#0002B94BFFFD7389
(1790951872.810054) can0 2A4#00011AC6FFFD7B82
(1790951872.810180) can0 2A5#000007BF00000000
(1790951872.810304) can0 2A6#00000000FFFFFA7E
(1790951872.810430) can0 2A7#00005689FFFFF5D5
(1790951872.814710) can0 2A1#0100010000000000
(1790951872.814830) can0 2A2#0000CCC6000003CA
(1790951872.814930) can0 2A3#0002B94BFFFD7389
(1790951872.815054) can0 2A4#00011AC6FFFD7B82
(1790951872.815178) can0 2A5#000007BF00000000
(1790951872.815304) can0 2A6#00000000FFFFFA7E
(1790951872.815429) can0 2A7#00005689FFFFF5D5
(1790951872.819734) can0 2A1#0100010000000000
(1790951872.819833) can0 2A2#0000CCC6000003CA
(1790951872.819955) can0 2A3#0002B94BFFFD7389
(1790951872.820054) can0 2A4#00011AC6FFFD7B82
(1790951872.820179) can0 2A5#000007BF00000000
(1790951872.820304) can0 2A6#00000000FFFFFA7E
(1790951872.820429) can0 2A7#00005689FFFFF5D5
(1790951872.824709) can0 2A1#0100010000000000
(1790951872.824827) can0 2A2#0000CCC6000003CA
(1790951872.824931) can0 2A3#0002B94BFFFD7389
(1790951872.825054) can0 2A4#00011AC6FFFD7B82
(1790951872.825178) can0 2A5#000007BF00000000
(1790951872.825302) can0 2A6#00000000FFFFFA7E
(1790951872.825427) can0 2A7#00005689FFFFF5D5
(1790951872.829734) can0 2A1#0100010000000000
(1790951872.829827) can0 2A2#0000CCC6000003CA
(1790951872.829954) can0 2A3#0002B94BFFFD7389
(1790951872.830079) can0 2A4#00011AC6FFFD7B82
(1790951872.830180) can0 2A5#000007BF00000000
(1790951872.830310) can0 2A6#00000000FFFFFA7E
(1790951872.830433) can0 2A7#00005689FFFFF5D5
(1790951872.834711) can0 2A1#0100010000000000
(1790951872.834805) can0 2A2#0000CCC6000003CA
(1790951872.834957) can0 2A3#0002B94BFFFD7389
(1790951872.835054) can0 2A4#00011AC6FFFD7B82
(1790951872.835180) can0 2A5#000007BF00000000
(1790951872.835304) can0 2A6#00000000FFFFFA7E
(1790951872.835428) can0 2A7#00005689FFFFF5D5
(1790951872.839738) can0 2A1#0100010000000000
(1790951872.839829) can0 2A2#0000CCC6000003CA
(1790951872.839957) can0 2A3#0002B94BFFFD7389
(1790951872.840054) can0 2A4#00011AC6FFFD7B82
(1790951872.840179) can0 2A5#000007BF00000000
(1790951872.840336) can0 2A6#00000000FFFFFA7E
(1790951872.840429) can0 2A7#00005689FFFFF5D5
(1790951872.844709) can0 2A1#0100010000000000
(1790951872.844828) can0 2A2#0000CCC6000003CA
(1790951872.844929) can0 2A3#0002B94BFFFD7389
(1790951872.845056) can0 2A4#00011AC6FFFD7B82
(1790951872.845180) can0 2A5#000007BF00000000
(1790951872.845305) can0 2A6#00000000FFFFFA7E
(1790951872.845428) can0 2A7#00005689FFFFF5D5
(1790951872.849744) can0 2A1#0100010000000000
(1790951872.849829) can0 2A2#0000CCC6000003CA
(1790951872.849955) can0 2A3#0002B94BFFFD7389
(1790951872.850056) can0 2A4#00011AC6FFFD7B82
(1790951872.850206) can0 2A5#000007BF00000000
(1790951872.850331) can0 2A6#00000000FFFFFA7E
(1790951872.850456) can0 2A7#00005689FFFFF5D5
(1790951872.854705) can0 2A1#0100010000000000
(1790951872.854829) can0 2A2#0000CCC6000003CA
(1790951872.854956) can0 2A3#0002B94BFFFD7389
(1790951872.855054) can0 2A4#00011AC6FFFD7B82
(1790951872.855179) can0 2A5#000007BF00000000
(1790951872.855306) can0 2A6#00000000FFFFFA7E
(1790951872.855430) can0 2A7#00005689FFFFF5D5
(1790951872.859712) can0 2A1#0100010000000000
(1790951872.859829) can0 2A2#0000CCC6000003CA
(1790951872.859956) can0 2A3#0002B94BFFFD7389
(1790951872.860081) can0 2A4#00011AC6FFFD7B82
(1790951872.860206) can0 2A5#000007BF00000000
(1790951872.860331) can0 2A6#00000000FFFFFA7E
(1790951872.860454) can0 2A7#00005689FFFFF5D5
(1790951872.864712) can0 2A1#0100010000000000
(1790951872.864829) can0 2A2#0000CCC6000003CA
(1790951872.864930) can0 2A3#0002B94BFFFD7389
(1790951872.865056) can0 2A4#00011AC6FFFD7B82
(1790951872.865179) can0 2A5#000007BF00000000
(1790951872.865304) can0 2A6#00000000FFFFFA7E
(1790951872.865432) can0 2A7#00005689FFFFF5D5
(1790951872.869735) can0 2A1#0100010000000000
(1790951872.869829) can0 2A2#0000CCC6000003CA
(1790951872.869954) can0 2A3#0002B94BFFFD7389
(1790951872.870053) can0 2A4#00011AC6FFFD7B82
(1790951872.870180) can0 2A5#000007BF00000000
(1790951872.870305) can0 2A6#00000000FFFFFA7E
(1790951872.870455) can0 2A7#00005689FFFFF5D5
(1790951872.874709) can0 2A1#0100010000000000
(1790951872.874831) can0 2A2#0000CCC6000003CA
(1790951872.874929) can0 2A3#0002B94BFFFD7389
(1790951872.875053) can0 2A4#00011AC6FFFD7B82
(1790951872.875178) can0 2A5#000007BF00000000
(1790951872.875304) can0 2A6#00000000FFFFFA7E
(1790951872.875428) can0 2A7#00005689FFFFF5D5
(1790951872.879740) can0 2A1#0100010000000000
(1790951872.879829) can0 2A2#0000CCC6000003CA
(1790951872.879954) can0 2A3#0002B94BFFFD7389
(1790951872.880053) can0 2A4#00011AC6FFFD7B82
(1790951872.880180) can0 2A5#000007BF00000000
(1790951872.880305) can0 2A6#00000000FFFFFA7E
(1790951872.880430) can0 2A7#00005689FFFFF5D5
(1790951872.884715) can0 2A1#0100010000000000
(1790951872.884833) can0 2A2#0000CCC6000003CA
(1790951872.884956) can0 2A3#0002B94BFFFD7389
(1790951872.885054) can0 2A4#00011AC6FFFD7B82
(1790951872.885181) can0 2A5#000007BF00000000
(1790951872.885304) can0 2A6#00000000FFFFFA7E
(1790951872.885431) can0 2A7#00005689FFFFF5D5
(1790951872.889710) can0 2A1#0100010000000000
(1790951872.889830) can0 2A2#0000CCC6000003CA
(1790951872.889956) can0 2A3#0002B94BFFFD7389
(1790951872.890079) can0 2A4#00011AC6FFFD7B82
(1790951872.890204) can0 2A5#000007BF00000000
(1790951872.890333) can0 2A6#00000000FFFFFA7E
(1790951872.890431) can0 2A7#00005689FFFFF5D5
(1790951872.894708) can0 2A1#0100010000000000
(1790951872.894829) can0 2A2#0000CCC6000003CA
(1790951872.894956) can0 2A3#0002B94BFFFD7389
(1790951872.895054) can0 2A4#00011AC6FFFD7B82
(1790951872.895181) can0 2A5#000007BF00000000
(1790951872.895304) can0 2A6#00000000FFFFFA7E
(1790951872.895429) can0 2A7#00005689FFFFF5D5
(1790951872.899729) can0 2A1#0100010000000000
(1790951872.899830) can0 2A2#0000CCC6000003CA
(1790951872.899956) can0 2A3#0002B94BFFFD7389
(1790951872.900079) can0 2A4#00011AC6FFFD7B82
(1790951872.900204) can0 2A5#000007BF00000000
(1790951872.900329) can0 2A6#00000000FFFFFA7E
(1790951872.900429) can0 2A7#00005689FFFFF5D5
(1790951872.904711) can0 2A1#0100010000000000
(1790951872.904829) can0 2A2#0000CCC6000003CA
(1790951872.904956) can0 2A3#0002B94BFFFD7389
(1790951872.905059) can0 2A4#00011AC6FFFD7B82
(1790951872.905179) can0 2A5#000007BF00000000
(1790951872.905304) can0 2A6#00000000FFFFFA7E
(1790951872.905431) can0 2A7#00005689FFFFF5D5
(1790951872.909711) can0 2A1#0100010000000000
(1790951872.909830) can0 2A2#0000CCC6000003CA
(1790951872.909955) can0 2A3#0002B94BFFFD7389
(1790951872.910079) can0 2A4#00011AC6FFFD7B82
(1790951872.910206) can0 2A5#000007BF00000000
(1790951872.910329) can0 2A6#00000000FFFFFA7E
(1790951872.910454) can0 2A7#00005689FFFFF5D5
(1790951872.914711) can0 2A1#0100010000000000
(1790951872.914832) can0 2A2#0000CCC6000003CA
(1790951872.914931) can0 2A3#0002B94BFFFD7389
(1790951872.915054) can0 2A4#00011AC6FFFD7B82
(1790951872.915179) can0 2A5#000007BF00000000
(1790951872.915306) can0 2A6#00000000FFFFFA7E
(1790951872.915430) can0 2A7#00005689FFFFF5D5
(1790951872.919740) can0 2A1#0100010000000000
(1790951872.919828) can0 2A2#0000CCC6000003CA
(1790951872.919956) can0 2A3#0002B94BFFFD7389
(1790951872.920054) can0 2A4#00011AC6FFFD7B82
(1790951872.920181) can0 2A5#000007BF00000000
(1790951872.920304) can0 2A6#00000000FFFFFA7E
(1790951872.920455) can0 2A7#00005689FFFFF5D5
(1790951872.924716) can0 2A1#0100010000000000
(1790951872.924829) can0 2A2#0000CCC6000003CA
(1790951872.924930) can0 2A3#0002B94BFFFD7389
(1790951872.925054) can0 2A4#00011AC6FFFD7B82
(1790951872.925180) can0 2A5#000007BF00000000
(1790951872.925305) can0 2A6#00000000FFFFFA7E
(1790951872.925430) can0 2A7#00005689FFFFF5D5
(1790951872.929745) can0 2A1#0100010000000000
(1790951872.929829) can0 2A2#0000CCC6000003CA
(1790951872.929958) can0 2A3#0002B94BFFFD7389
(1790951872.930055) can0 2A4#00011AC6FFFD7B82
(1790951872.930182) can0 2A5#000007BF00000000
(1790951872.930343) can0 2A6#00000000FFFFFA7E
(1790951872.930430) can0 2A7#00005689FFFFF5D5
(1790951872.934712) can0 2A1#0100010000000000
(1790951872.934829) can0 2A2#0000CCC6000003CA
(1790951872.934953) can0 2A3#0002B94BFFFD7389
(1790951872.935053) can0 2A4#00011AC6FFFD7B82
(1790951872.935179) can0 2A5#000007BF00000000
(1790951872.935303) can0 2A6#00000000FFFFFA7E
(1790951872.935403) can0 2A7#00005689FFFFF5D5
(1790951872.939716) can0 2A1#0100010000000000
(1790951872.939830) can0 2A2#0000CCC6000003CA
(1790951872.939956) can0 2A3#0002B94BFFFD7389
(1790951872.940079) can0 2A4#00011AC6FFFD7B82
(1790951872.940203) can0 2A5#000007BF00000000
(1790951872.940304) can0 2A6#00000000FFFFFA7E
(1790951872.940428) can0 2A7#00005689FFFFF5D5
(1790951872.944731) can0 2A1#0100010000000000
(1790951872.944829) can0 2A2#0000CCC6000003CA
(1790951872.944931) can0 2A3#0002B94BFFFD7389
(1790951872.945056) can0 2A4#00011AC6FFFD7B82
(1790951872.945180) can0 2A5#000007BF00000000
(1790951872.945306) can0 2A6#00000000FFFFFA7E
(1790951872.945429) can0 2A7#00005689FFFFF5D5
(1790951872.949743) can0 2A1#0100010000000000
(1790951872.949829) can0 2A2#0000CCC6000003CA
(1790951872.949955) can0 2A3#0002B94BFFFD7389
(1790951872.950055) can0 2A4#00011AC6FFFD7B82
(1790951872.950184) can0 2A5#000007BF00000000
(1790951872.950305) can0 2A6#00000000FFFFFA7E
(1790951872.950430) can0 2A7#00005689FFFFF5D5
(1790951872.954711) can0 2A1#0100010000000000
(1790951872.954831) can0 2A2#0000CCC6000003CA
(1790951872.954955) can0 2A3#0002B94BFFFD7389
(1790951872.955055) can0 2A4#00011AC6FFFD7B82
(1790951872.955181) can0 2A5#000007BF00000000
(1790951872.955305) can0 2A6#00000000FFFFFA7E
(1790951872.955430) can0 2A7#00005689FFFFF5D5
(1790951872.959710) can0 2A1#0100010000000000
(1790951872.959828) can0 2A2#0000CCC6000003CA
(1790951872.959956) can0 2A3#0002B94BFFFD7389
(1790951872.960081) can0 2A4#00011AC6FFFD7B82
(1790951872.960205) can0 2A5#000007BF00000000
(1790951872.960304) can0 2A6#00000000FFFFFA7E
(1790951872.960454) can0 2A7#00005689FFFFF5D5
(1790951872.964723) can0 2A1#0100010000000000
(1790951872.964829) can0 2A2#0000CCC6000003CA
(1790951872.964933) can0 2A3#0002B94BFFFD7389
(1790951872.965056) can0 2A4#00011AC6FFFD7B82
(1790951872.965180) can0 2A5#000007BF00000000
(1790951872.965305) can0 2A6#00000000FFFFFA7E
(1790951872.965431) can0 2A7#00005689FFFFF5D5
(1790951872.969733) can0 2A1#0100010000000000
(1790951872.969829) can0 2A2#0000CCC6000003CA
(1790951872.969955) can0 2A3#0002B94BFFFD7389
(1790951872.970055) can0 2A4#00011AC6FFFD7B82
(1790951872.970180) can0 2A5#000007BF00000000
(1790951872.970330) can0 2A6#00000000FFFFFA7E
(1790951872.970429) can0 2A7#00005689FFFFF5D5
(1790951872.974709) can0 2A1#0100010000000000
(1790951872.974829) can0 2A2#0000CCC6000003CA
(1790951872.974931) can0 2A3#0002B94BFFFD7389
(1790951872.975055) can0 2A4#00011AC6FFFD7B82
(1790951872.975180) can0 2A5#000007BF00000000
(1790951872.975306) can0 2A6#00000000FFFFFA7E
(1790951872.975432) can0 2A7#00005689FFFFF5D5
(1790951872.979766) can0 2A1#0100010000000000
(1790951872.979829) can0 2A2#0000CCC6000003CA
(1790951872.979956) can0 2A3#0002B94BFFFD7389
(1790951872.980081) can0 2A4#00011AC6FFFD7B82
(1790951872.980206) can0 2A5#000007BF00000000
(1790951872.980331) can0 2A6#00000000FFFFFA7E
(1790951872.980455) can0 2A7#00005689FFFFF5D5
(1790951872.984712) can0 2A1#0100010000000000
(1790951872.984829) can0 2A2#0000CCC6000003CA
(1790951872.984932) can0 2A3#0002B94BFFFD7389
(1790951872.985057) can0 2A4#00011AC6FFFD7B82
(1790951872.985181) can0 2A5#000007BF00000000
(1790951872.985308) can0 2A6#00000000FFFFFA7E
(1790951872.985432) can0 2A7#00005689FFFFF5D5
(1790951872.989749) can0 2A1#0100010000000000
(1790951872.989880) can0 2A2#0000CCC6000003CA
(1790951872.989980) can0 2A3#0002B94BFFFD7389
(1790951872.990080) can0 2A4#00011AC6FFFD7B82
(1790951872.990207) can0 2A5#000007BF00000000
(1790951872.990331) can0 2A6#00000000FFFFFA7E
(1790951872.990431) can0 2A7#00005689FFFFF5D5
(1790951872.994734) can0 2A1#0100010000000000
(1790951872.994832) can0 2A2#0000CCC6000003CA
(1790951872.994955) can0 2A3#0002B94BFFFD7389
(1790951872.995055) can0 2A4#00011AC6FFFD7B82
(1790951872.995181) can0 2A5#000007BF00000000
(1790951872.995306) can0 2A6#00000000FFFFFA7E
(1790951872.995431) can0 2A7#00005689FFFFF5D5
(1790951872.999727) can0 2A1#0100010000000000
(1790951872.999830) can0 2A2#0000CCC6000003CA
(1790951872.999955) can0 2A3#0002B94BFFFD7389
(1790951873.000083) can0 2A4#00011AC6FFFD7B82
(1790951873.000205) can0 2A5#000007BF00000000
(1790951873.000332) can0 2A6#00000000FFFFFA7E
(1790951873.000457) can0 2A7#00005689FFFFF5D5
(1790951873.004716) can0 2A1#0100010000000000
(1790951873.004829) can0 2A2#0000CCC6000003CA
(1790951873.004955) can0 2A3#0002B94BFFFD7389
(1790951873.005056) can0 2A4#00011AC6FFFD7B82
(1790951873.005180) can0 2A5#000007BF00000000
(1790951873.005305) can0 2A6#00000000FFFFFA7E
(1790951873.005431) can0 2A7#00005689FFFFF5D5
(1790951873.009711) can0 2A1#0100010000000000
(1790951873.009830) can0 2A2#0000CCC6000003CA
(1790951873.009956) can0 2A3#0002B94BFFFD7389
(1790951873.010080) can0 2A4#00011AC6FFFD7B82
(1790951873.010205) can0 2A5#000007BF00000000
(1790951873.010329) can0 2A6#00000000FFFFFA7E
(1790951873.010430) can0 2A7#00005689FFFFF5D5
(1790951873.014711) can0 2A1#0100010000000000
(1790951873.014804) can0 2A2#0000CCC6000003CA
(1790951873.014957) can0 2A3#0002B94BFFFD7389
(1790951873.015055) can0 2A4#00011AC6FFFD7B82
(1790951873.015180) can0 2A5#000007BF00000000
(1790951873.015307) can0 2A6#00000000FFFFFA7E
(1790951873.015430) can0 2A7#00005689FFFFF5D5
(1790951873.019719) can0 2A1#0100010000000000
(1790951873.019829) can0 2A2#0000CCC6000003CA
(1790951873.019955) can0 2A3#0002B94BFFFD7389
(1790951873.020083) can0 2A4#00011AC6FFFD7B82
(1790951873.020205) can0 2A5#000007BF00000000
(1790951873.020332) can0 2A6#00000000FFFFFA7E
(1790951873.020457) can0 2A7#00005689FFFFF5D5
(1790951873.024715) can0 2A1#0100010000000000
(1790951873.024832) can0 2A2#0000CCC6000003CA
(1790951873.024932) can0 2A3#0002B94BFFFD7389
(1790951873.025058) can0 2A4#00011AC6FFFD7B82
(1790951873.025180) can0 2A5#000007BF00000000
(1790951873.025307) can0 2A6#00000000FFFFFA7E
(1790951873.025430) can0 2A7#00005689FFFFF5D5
(1790951873.029716) can0 2A1#0100010000000000
(1790951873.029831) can0 2A2#0000CCC6000003CA
(1790951873.029957) can0 2A3#0002B94BFFFD7389
(1790951873.030082) can0 2A4#00011AC6FFFD7B82
(1790951873.030209) can0 2A5#000007BF00000000
(1790951873.030333) can0 2A6#00000000FFFFFA7E
(1790951873.030432) can0 2A7#00005689FFFFF5D5
(1790951873.034709) can0 2A1#0100010000000000
(1790951873.034830) can0 2A2#0000CCC6000003CA
(1790951873.034957) can0 2A3#0002B94BFFFD7389
(1790951873.035055) can0 2A4#00011AC6FFFD7B82
(1790951873.035182) can0 2A5#000007BF00000000
(1790951873.035307) can0 2A6#00000000FFFFFA7E
(1790951873.035432) can0 2A7#00005689FFFFF5D5
(1790951873.039715) can0 2A1#0100010000000000
(1790951873.039883) can0 2A2#0000CCC6000003CA
(1790951873.039955) can0 2A3#0002B94BFFFD7389
(1790951873.040083) can0 2A4#00011AC6FFFD7B82
(1790951873.040205) can0 2A5#000007BF00000000
(1790951873.040332) can0 2A6#00000000FFFFFA7E
(1790951873.040430) can0 2A7#00005689FFFFF5D5
(1790951873.044725) can0 2A1#0100010000000000
(1790951873.044831) can0 2A2#0000CCC6000003CA
(1790951873.044957) can0 2A3#0002B94BFFFD7389
(1790951873.045057) can0 2A4#00011AC6FFFD7B82
(1790951873.045182) can0 2A5#000007BF00000000
(1790951873.045307) can0 2A6#00000000FFFFFA7E
(1790951873.045430) can0 2A7#00005689FFFFF5D5
(1790951873.049729) can0 2A1#0100010000000000
(1790951873.049830) can0 2A2#0000CCC6000003CA
(1790951873.049958) can0 2A3#0002B94BFFFD7389
(1790951873.050082) can0 2A4#00011AC6FFFD7B82
(1790951873.050204) can0 2A5#000007BF00000000
(1790951873.050331) can0 2A6#00000000FFFFFA7E
(1790951873.050455) can0 2A7#00005689FFFFF5D5
(1790951873.054713) can0 2A1#0100010000000000
(1790951873.054839) can0 2A2#0000CCC6000003CA
(1790951873.054957) can0 2A3#0002B94BFFFD7389
(1790951873.055056) can0 2A4#00011AC6FFFD7B82
(1790951873.055181) can0 2A5#000007BF00000000
(1790951873.055305) can0 2A6#00000000FFFFFA7E
(1790951873.055431) can0 2A7#00005689FFFFF5D5
(1790951873.059735) can0 2A1#0100010000000000
(1790951873.059830) can0 2A2#0000CCC6000003CA
(1790951873.059957) can0 2A3#0002B94BFFFD7389
(1790951873.060081) can0 2A4#00011AC6FFFD7B82
(1790951873.060209) can0 2A5#000007BF00000000
(1790951873.060332) can0 2A6#00000000FFFFFA7E
(1790951873.060432) can0 2A7#00005689FFFFF5D5
(1790951873.064712) can0 2A1#0100010000000000
(1790951873.064834) can0 2A2#0000CCC6000003CA
(1790951873.064932) can0 2A3#0002B94BFFFD7389
(1790951873.065059) can0 2A4#00011AC6FFFD7B82
(1790951873.065180) can0 2A5#000007BF00000000
(1790951873.065305) can0 2A6#00000000FFFFFA7E
(1790951873.065431) can0 2A7#00005689FFFFF5D5
(1790951873.069720) can0 2A1#0100010000000000
(1790951873.069831) can0 2A2#0000CCC6000003CA
(1790951873.069957) can0 2A3#0002B94BFFFD7389
(1790951873.070081) can0 2A4#00011AC6FFFD7B82
(1790951873.070206) can0 2A5#000007BF00000000
(1790951873.070330) can0 2A6#00000000FFFFFA7E
(1790951873.070431) can0 2A7#00005689FFFFF5D5
(1790951873.074715) can0 2A1#0100010000000000
(1790951873.074830) can0 2A2#0000CCC6000003CA
(1790951873.074957) can0 2A3#0002B94BFFFD7389
(1790951873.075057) can0 2A4#00011AC6FFFD7B82
(1790951873.075181) can0 2A5#000007BF00000000
(1790951873.075305) can0 2A6#00000000FFFFFA7E
(1790951873.075432) can0 2A7#00005689FFFFF5D5
(1790951873.079758) can0 2A1#0100010000000000
(1790951873.079835) can0 2A2#0000CCC6000003CA
(1790951873.079957) can0 2A3#0002B94BFFFD7389
(1790951873.080054) can0 2A4#00011AC6FFFD7B82
(1790951873.080206) can0 2A5#000007BF00000000
(1790951873.080332) can0 2A6#00000000FFFFFA7E
(1790951873.080456) can0 2A7#00005689FFFFF5D5
(1790951873.084714) can0 2A1#0100010000000000
(1790951873.084830) can0 2A2#0000CCC6000003CA
(1790951873.084956) can0 2A3#0002B94BFFFD7389
(1790951873.085056) can0 2A4#00011AC6FFFD7B82
(1790951873.085182) can0 2A5#000007BF00000000
(1790951873.085307) can0 2A6#00000000FFFFFA7E
(1790951873.085430) can0 2A7#00005689FFFFF5D5
(1790951873.089726) can0 2A1#0100010000000000
(1790951873.089830) can0 2A2#0000CCC6000003CA
(1790951873.089958) can0 2A3#0002B94BFFFD7389
(1790951873.090081) can0 2A4#00011AC6FFFD7B82
(1790951873.090206) can0 2A5#000007BF00000000
(1790951873.090332) can0 2A6#00000000FFFFFA7E
(1790951873.090431) can0 2A7#00005689FFFFF5D5
(1790951873.094711) can0 2A1#0100010000000000
(1790951873.094808) can0 2A2#0000CCC6000003CA
(1790951873.094956) can0 2A3#0002B94BFFFD7389
(1790951873.095056) can0 2A4#00011AC6FFFD7B82
(1790951873.095180) can0 2A5#000007BF00000000
(1790951873.095308) can0 2A6#00000000FFFFFA7E
(1790951873.095430) can0 2A7#00005689FFFFF5D5
(1790951873.099755) can0 2A1#0100010000000000
(1790951873.099830) can0 2A2#0000CCC6000003CA
(1790951873.099956) can0 2A3#0002B94BFFFD7389
(1790951873.100080) can0 2A4#00011AC6FFFD7B82
(1790951873.100181) can0 2A5#000007BF00000000
(1790951873.100305) can0 2A6#00000000FFFFFA7E
(1790951873.100457) can0 2A7#00005689FFFFF5D5
(1790951873.104714) can0 2A1#0100010000000000
(1790951873.104830) can0 2A2#0000CCC6000003CA
(1790951873.104956) can0 2A3#0002B94BFFFD7389
(1790951873.105055) can0 2A4#00011AC6FFFD7B82
(1790951873.105181) can0 2A5#000007BF00000000
(1790951873.105307) can0 2A6#00000000FFFFFA7E
(1790951873.105432) can0 2A7#00005689FFFFF5D5
(1790951873.109714) can0 2A1#0100010000000000
(1790951873.109829) can0 2A2#0000CCC6000003CA
(1790951873.109958) can0 2A3#0002B94BFFFD7389
(1790951873.110081) can0 2A4#00011AC6FFFD7B82
(1790951873.110206) can0 2A5#000007BF00000000
(1790951873.110331) can0 2A6#00000000FFFFFA7E
(1790951873.110431) can0 2A7#00005689FFFFF5D5
(1790951873.114712) can0 2A1#0100010000000000
(1790951873.114831) can0 2A2#0000CCC6000003CA
(1790951873.114960) can0 2A3#0002B94BFFFD7389
(1790951873.115058) can0 2A4#00011AC6FFFD7B82
(1790951873.115183) can0 2A5#000007BF00000000
(1790951873.115306) can0 2A6#00000000FFFFFA7E
(1790951873.115431) can0 2A7#00005689FFFFF5D5
(1790951873.119757) can0 2A1#0100010000000000
(1790951873.119831) can0 2A2#0000CCC6000003CA
(1790951873.119957) can0 2A3#0002B94BFFFD7389
(1790951873.120083) can0 2A4#00011AC6FFFD7B82
(1790951873.120208) can0 2A5#000007BF00000000
(1790951873.120332) can0 2A6#00000000FFFFFA7E
(1790951873.120455) can0 2A7#00005689FFFFF5D5
(1790951873.124712) can0 2A1#0100010000000000
(1790951873.124809) can0 2A2#0000CCC6000003CA
(1790951873.124957) can0 2A3#0002B94BFFFD7389
(1790951873.125056) can0 2A4#00011AC6FFFD7B82
(1790951873.125180) can0 2A5#000007BF00000000
(1790951873.125305) can0 2A6#00000000FFFFFA7E
(1790951873.125433) can0 2A7#00005689FFFFF5D5
(1790951873.129710) can0 2A1#0100010000000000
(1790951873.129831) can0 2A2#0000CCC6000003CA
(1790951873.129957) can0 2A3#0002B94BFFFD7389
(1790951873.130082) can0 2A4#00011AC6FFFD7B82
(1790951873.130207) can0 2A5#000007BF00000000
(1790951873.130330) can0 2A6#00000000FFFFFA7E
(1790951873.130430) can0 2A7#00005689FFFFF5D5
(1790951873.134725) can0 2A1#0100010000000000
(1790951873.134833) can0 2A2#0000CCC6000003CA
(1790951873.134959) can0 2A3#0002B94BFFFD7389
(1790951873.135056) can0 2A4#00011AC6FFFD7B82
(1790951873.135181) can0 2A5#000007BF00000000
(1790951873.135306) can0 2A6#00000000FFFFFA7E
(1790951873.135431) can0 2A7#00005689FFFFF5D5
(1790951873.139739) can0 2A1#0100010000000000
(1790951873.139830) can0 2A2#0000CCC6000003CA
(1790951873.139957) can0 2A3#0002B94BFFFD7389
(1790951873.140056) can0 2A4#00011AC6FFFD7B82
(1790951873.140207) can0 2A5#000007BF00000000
(1790951873.140304) can0 2A6#00000000FFFFFA7E
(1790951873.140430) can0 2A7#00005689FFFFF5D5
(1790951873.144711) can0 2A1#0100010000000000
(1790951873.144831) can0 2A2#0000CCC6000003CA
(1790951873.144957) can0 2A3#0002B94BFFFD7389
(1790951873.145059) can0 2A4#00011AC6FFFD7B82
(1790951873.145182) can0 2A5#000007BF00000000
(1790951873.145304) can0 2A6#00000000FFFFFA7E
(1790951873.145433) can0 2A7#00005689FFFFF5D5
(1790951873.149718) can0 2A1#0100010000000000
(1790951873.149830) can0 2A2#0000CCC6000003CA
(1790951873.149959) can0 2A3#0002B94BFFFD7389
(1790951873.150082) can0 2A4#00011AC6FFFD7B82
(1790951873.150207) can0 2A5#000007BF00000000
(1790951873.150332) can0 2A6#00000000FFFFFA7E
(1790951873.150461) can0 2A7#00005689FFFFF5D5
(1790951873.154711) can0 2A1#0100010000000000
(1790951873.154834) can0 2A2#0000CCC6000003CA
(1790951873.154966) can0 2A3#0002B94BFFFD7389
(1790951873.155057) can0 2A4#00011AC6FFFD7B82
(1790951873.155181) can0 2A5#000007BF00000000
(1790951873.155307) can0 2A6#00000000FFFFFA7E
(1790951873.155431) can0 2A7#00005689FFFFF5D5
(1790951873.159741) can0 2A1#0100010000000000
(1790951873.159830) can0 2A2#0000CCC6000003CA
(1790951873.159957) can0 2A3#0002B94BFFFD7389
(1790951873.160084) can0 2A4#00011AC6FFFD7B82
(1790951873.160206) can0 2A5#000007BF00000000
(1790951873.160333) can0 2A6#00000000FFFFFA7E
(1790951873.160458) can0 2A7#00005689FFFFF5D5
(1790951873.164715) can0 2A1#0100010000000000
(1790951873.164832) can0 2A2#0000CCC6000003CA
(1790951873.164958) can0 2A3#0002B94BFFFD7389
(1790951873.165056) can0 2A4#00011AC6FFFD7B82
(1790951873.165182) can0 2A5#000007BF00000000
(1790951873.165308) can0 2A6#00000000FFFFFA7E
(1790951873.165435) can0 2A7#00005689FFFFF5D5
(1790951873.169755) can0 2A1#0100010000000000
(1790951873.169828) can0 2A2#0000CCC6000003CA
(1790951873.169957) can0 2A3#0002B94BFFFD7389
(1790951873.170055) can0 2A4#00011AC6FFFD7B82
(1790951873.170206) can0 2A5#000007BF00000000
(1790951873.170340) can0 2A6#00000000FFFFFA7E
(1790951873.170455) can0 2A7#00005689FFFFF5D5
(1790951873.174717) can0 2A1#0100010000000000
(1790951873.174830) can0 2A2#0000CCC6000003CA
(1790951873.174930) can0 2A3#0002B94BFFFD7389
(1790951873.175070) can0 2A4#00011AC6FFFD7B82
(1790951873.175181) can0 2A5#000007BF00000000
(1790951873.175305) can0 2A6#00000000FFFFFA7E
(1790951873.175432) can0 2A7#00005689FFFFF5D5
(1790951873.179722) can0 2A1#0100010000000000
(1790951873.179834) can0 2A2#0000CCC6000003CA
(1790951873.179959) can0 2A3#0002B94BFFFD7389
(1790951873.180083) can0 2A4#00011AC6FFFD7B82
(1790951873.180207) can0 2A5#000007BF00000000
(1790951873.180330) can0 2A6#00000000FFFFFA7E
(1790951873.180457) can0 2A7#00005689FFFFF5D5
(1790951873.184722) can0 2A1#0100010000000000
(1790951873.184831) can0 2A2#0000CCC6000003CA
(1790951873.184960) can0 2A3#0002B94BFFFD7389
(1790951873.185056) can0 2A4#00011AC6FFFD7B82
(1790951873.185183) can0 2A5#000007BF00000000
(1790951873.185308) can0 2A6#00000000FFFFFA7E
(1790951873.185434) can0 2A7#00005689FFFFF5D5
(1790951873.189742) can0 2A1#0100010000000000
(1790951873.189837) can0 2A2#0000CCC6000003CA
(1790951873.189956) can0 2A3#0002B94BFFFD7389
(1790951873.190085) can0 2A4#00011AC6FFFD7B82
(1790951873.190181) can0 2A5#000007BF00000000
(1790951873.190308) can0 2A6#00000000FFFFFA7E
(1790951873.190458) can0 2A7#00005689FFFFF5D5
(1790951873.194726) can0 2A1#0100010000000000
(1790951873.194831) can0 2A2#0000CCC6000003CA
(1790951873.194931) can0 2A3#0002B94BFFFD7389
(1790951873.195059) can0 2A4#00011AC6FFFD7B82
(1790951873.195181) can0 2A5#000007BF00000000
(1790951873.195308) can0 2A6#00000000FFFFFA7E
(1790951873.195430) can0 2A7#00005689FFFFF5D5
(1790951873.199737) can0 2A1#0100010000000000
(1790951873.199832) can0 2A2#0000CCC6000003CA
(1790951873.199957) can0 2A3#0002B94BFFFD7389
(1790951873.200081) can0 2A4#00011AC6FFFD7B82
(1790951873.200209) can0 2A5#000007BF00000000
(1790951873.200332) can0 2A6#00000000FFFFFA7E
(1790951873.200456) can0 2A7#00005689FFFFF5D5
(1790951873.204713) can0 2A1#0100010000000000
(1790951873.204831) can0 2A2#0000CCC6000003CA
(1790951873.204934) can0 2A3#0002B94BFFFD7389
(1790951873.205083) can0 2A4#00011AC6FFFD7B82
(1790951873.205181) can0 2A5#000007BF00000000
(1790951873.205308) can0 2A6#00000000FFFFFA7E
(1790951873.205432) can0 2A7#00005689FFFFF5D5
(1790951873.209740) can0 2A1#0100010000000000
(1790951873.209831) can0 2A2#0000CCC6000003CA
(1790951873.209959) can0 2A3#0002B94BFFFD7389
(1790951873.210084) can0 2A4#00011AC6FFFD7B82
(1790951873.210206) can0 2A5#000007BF00000000
(1790951873.210330) can0 2A6#00000000FFFFFA7E
(1790951873.210456) can0 2A7#00005689FFFFF5D5
(1790951873.214713) can0 2A1#0100010000000000
(1790951873.214835) can0 2A2#0000CCC6000003CA
(1790951873.214934) can0 2A3#0002B94BFFFD7389
(1790951873.215056) can0 2A4#00011AC6FFFD7B82
(1790951873.215185) can0 2A5#000007BF00000000
(1790951873.215313) can0 2A6#00000000FFFFFA7E
(1790951873.215431) can0 2A7#00005689FFFFF5D5
(1790951873.219743) can0 2A1#0100010000000000
(1790951873.219838) can0 2A2#0000CCC6000003CA
(1790951873.219956) can0 2A3#0002B94BFFFD7389
(1790951873.220059) can0 2A4#00011AC6FFFD7B82
(1790951873.220184) can0 2A5#000007BF00000000
(1790951873.220332) can0 2A6#00000000FFFFFA7E
(1790951873.220432) can0 2A7#00005689FFFFF5D5
(1790951873.224717) can0 2A1#0100010000000000
(1790951873.224835) can0 2A2#0000CCC6000003CA
(1790951873.224933) can0 2A3#0002B94BFFFD7389
(1790951873.225058) can0 2A4#00011AC6FFFD7B82
(1790951873.225181) can0 2A5#000007BF00000000
(1790951873.225309) can0 2A6#00000000FFFFFA7E
(1790951873.225431) can0 2A7#00005689FFFFF5D5
(1790951873.229741) can0 2A1#0100010000000000
(1790951873.229882) can0 2A2#0000CCC6000003CA
(1790951873.229956) can0 2A3#0002B94BFFFD7389
(1790951873.230083) can0 2A4#00011AC6FFFD7B82
(1790951873.230206) can0 2A5#000007BF00000000
(1790951873.230331) can0 2A6#00000000FFFFFA7E
(1790951873.230432) can0 2A7#00005689FFFFF5D5
(1790951873.234715) can0 2A1#0100010000000000
(1790951873.234805) can0 2A2#0000CCC6000003CA
(1790951873.234960) can0 2A3#0002B94BFFFD7389
(1790951873.235057) can0 2A4#00011AC6FFFD7B82
(1790951873.235183) can0 2A5#000007BF00000000
(1790951873.235307) can0 2A6#00000000FFFFFA7E
(1790951873.235432) can0 2A7#00005689FFFFF5D5
(1790951873.239741) can0 2A1#0100010000000000
