(1790953701.352311) can0 2A1#0100010000000000
(1790953701.352407) can0 2A2#0000D606000008AE
(1790953701.352532) can0 2A3#0002EB29FFFD410D
(1790953701.352659) can0 2A4#0001245BFFFD49A2
(1790953701.352757) can0 2A5#000007BF000007CA
(1790953701.352882) can0 2A6#FFFFF84700000253
(1790953701.353007) can0 2A7#00004EADFFFFFD8E
(1790953701.357293) can0 2A1#0100010000000000
(1790953701.357380) can0 2A2#0000D606000008AE
(1790953701.357507) can0 2A3#0002EB29FFFD410D
(1790953701.357631) can0 2A4#0001245BFFFD49A2
(1790953701.357755) can0 2A5#000007BF000007CA
(1790953701.357882) can0 2A6#FFFFF84700000253
(1790953701.358008) can0 2A7#00004EADFFFFFD8E
(1790953701.362294) can0 2A1#0100010000000000
(1790953701.362405) can0 2A2#0000D606000008AE
(1790953701.362532) can0 2A3#0002EB29FFFD410D
(1790953701.362631) can0 2A4#0001245BFFFD49A2
(1790953701.362755) can0 2A5#000007BF000007CA
(1790953701.362882) can0 2A6#FFFFF84700000253
(1790953701.363007) can0 2A7#00004EADFFFFFD8E
(1790953701.367283) can0 2A1#0100010000000000
(1790953701.367407) can0 2A2#0000D606000008AE
(1790953701.367507) can0 2A3#0002EB29FFFD410D
(1790953701.367631) can0 2A4#0001245BFFFD49A2
(1790953701.367756) can0 2A5#000007BF000007CA
(1790953701.367881) can0 2A6#FFFFF84700000253
(1790953701.368007) can0 2A7#00004EADFFFFFD8E
(1790953701.372290) can0 2A1#0100010000000000
(1790953701.372409) can0 2A2#0000D606000008AE
(1790953701.372531) can0 2A3#0002EB29FFFD410D
(1790953701.372656) can0 2A4#0001245BFFFD49A2
(1790953701.372756) can0 2A5#000007BF000007CA
(1790953701.372881) can0 2A6#FFFFF84700000253
(1790953701.373006) can0 2A7#00004EADFFFFFD8E
(1790953701.377287) can0 2A1#0100010000000000
(1790953701.377382) can0 2A2#0000D606000008AE
(1790953701.377507) can0 2A3#0002EB29FFFD410D
(1790953701.377630) can0 2A4#0001245BFFFD49A2
(1790953701.377754) can0 2A5#000007BF000007CA
(1790953701.377879) can0 2A6#FFFFF84700000253
(1790953701.378006) can0 2A7#00004EADFFFFFD8E
(1790953701.382286) can0 2A1#0100010000000000
(1790953701.382408) can0 2A2#0000D606000008AE
(1790953701.382532) can0 2A3#0002EB29FFFD410D
(1790953701.382630) can0 2A4#0001245BFFFD49A2
(1790953701.382757) can0 2A5#000007BF000007CA
(1790953701.382881) can0 2A6#FFFFF84700000253
(1790953701.383005) can0 2A7#00004EADFFFFFD8E
(1790953701.387291) can0 2A1#0100010000000000
(1790953701.387404) can0 2A2#0000D606000008AE
(1790953701.387506) can0 2A3#0002EB29FFFD410D
(1790953701.387631) can0 2A4#0001245BFFFD49A2
(1790953701.387757) can0 2A5#000007BF000007CA
(1790953701.387881) can0 2A6#FFFFF84700000253
(1790953701.387981) can0 2A7#00004EADFFFFFD8E
(1790953701.392323) can0 2A1#0100010000000000
(1790953701.392404) can0 2A2#0000D606000008AE
(1790953701.392530) can0 2A3#0002EB29FFFD410D
(1790953701.392656) can0 2A4#0001245BFFFD49A2
(1790953701.392756) can0 2A5#000007BF000007CA
(1790953701.392881) can0 2A6#FFFFF84700000253
(1790953701.393004) can0 2A7#00004EADFFFFFD8E
(1790953701.397293) can0 2A1#0100010000000000
(1790953701.397381) can0 2A2#0000D606000008AE
(1790953701.397506) can0 2A3#0002EB29FFFD410D
(1790953701.397654) can0 2A4#0001245BFFFD49A2
(1790953701.397753) can0 2A5#000007BF000007CA
(1790953701.397879) can0 2A6#FFFFF84700000253
(1790953701.398035) can0 2A7#00004EADFFFFFD8E
(1790953701.402305) can0 2A1#0100010000000000
(1790953701.402406) can0 2A2#0000D606000008AE
(1790953701.402531) can0 2A3#0002EB29FFFD410D
(1790953701.402656) can0 2A4#0001245BFFFD49A2
(1790953701.402756) can0 2A5#000007BF000007CA
(1790953701.402881) can0 2A6#FFFFF84700000253
(1790953701.403004) can0 2A7#00004EADFFFFFD8E
(1790953701.407287) can0 2A1#0100010000000000
(1790953701.407380) can0 2A2#0000D606000008AE
(1790953701.407531) can0 2A3#0002EB29FFFD410D
(1790953701.407632) can0 2A4#0001245BFFFD49A2
(1790953701.407757) can0 2A5#000007BF000007CA
(1790953701.407881) can0 2A6#FFFFF84700000253
(1790953701.408007) can0 2A7#00004EADFFFFFD8E
(1790953701.412289) can0 2A1#0100010000000000
(1790953701.412404) can0 2A2#0000D606000008AE
(1790953701.412545) can0 2A3#0002EB29FFFD410D
(1790953701.412656) can0 2A4#0001245BFFFD49A2
(1790953701.412757) can0 2A5#000007BF000007CA
(1790953701.412898) can0 2A6#FFFFF84700000253
(1790953701.413002) can0 2A7#00004EADFFFFFD8E
(1790953701.417270) can0 2A1#0100010000000000
(1790953701.417410) can0 2A2#0000D606000008AE
(1790953701.417541) can0 2A3#0002EB29FFFD410D
(1790953701.417631) can0 2A4#0001245BFFFD49A2
(1790953701.417755) can0 2A5#000007BF000007CA
(1790953701.417881) can0 2A6#FFFFF84700000253
(1790953701.417981) can0 2A7#00004EADFFFFFD8E
(1790953701.422309) can0 2A1#0100010000000000
(1790953701.422407) can0 2A2#0000D606000008AE
(1790953701.422531) can0 2A3#0002EB29FFFD410D
(1790953701.422657) can0 2A4#0001245BFFFD49A2
(1790953701.422754) can0 2A5#000007BF000007CA
(1790953701.422882) can0 2A6#FFFFF84700000253
(1790953701.423004) can0 2A7#00004EADFFFFFD8E
(1790953701.427286) can0 2A1#0100010000000000
(1790953701.427383) can0 2A2#0000D606000008AE
(1790953701.427508) can0 2A3#0002EB29FFFD410D
(1790953701.427657) can0 2A4#0001245BFFFD49A2
(1790953701.427756) can0 2A5#000007BF000007CA
(1790953701.427880) can0 2A6#FFFFF84700000253
(1790953701.428006) can0 2A7#00004EADFFFFFD8E
(1790953701.432285) can0 2A1#0100010000000000
(1790953701.432405) can0 2A2#0000D606000008AE
(1790953701.432532) can0 2A3#0002EB29FFFD410D
(1790953701.432656) can0 2A4#0001245BFFFD49A2
(1790953701.432759) can0 2A5#000007BF000007CA
(1790953701.432880) can0 2A6#FFFFF84700000253
(1790953701.433007) can0 2A7#00004EADFFFFFD8E
(1790953701.437292) can0 2A1#0100010000000000
(1790953701.437404) can0 2A2#0000D606000008AE
(1790953701.437507) can0 2A3#0002EB29FFFD410D
(1790953701.437632) can0 2A4#0001245BFFFD49A2
(1790953701.437757) can0 2A5#000007BF000007CA
(1790953701.437881) can0 2A6#FFFFF84700000253
(1790953701.438005) can0 2A7#00004EADFFFFFD8E
(1790953701.442319) can0 2A1#0100010000000000
(1790953701.442411) can0 2A2#0000D606000008AE
(1790953701.442534) can0 2A3#0002EB29FFFD410D
(1790953701.442656) can0 2A4#0001245BFFFD49A2
(1790953701.442755) can0 2A5#000007BF000007CA
(1790953701.442883) can0 2A6#FFFFF84700000253
(1790953701.443005) can0 2A7#00004EADFFFFFD8E
(1790953701.447283) can0 2A1#0100010000000000
(1790953701.447379) can0 2A2#0000D606000008AE
(1790953701.447506) can0 2A3#0002EB29FFFD410D
(1790953701.447656) can0 2A4#0001245BFFFD49A2
(1790953701.447755) can0 2A5#000007BF000007CA
(1790953701.447882) can0 2A6#FFFFF84700000253
(1790953701.448004) can0 2A7#00004EADFFFFFD8E
(1790953701.452286) can0 2A1#0100010000000000
(1790953701.452405) can0 2A2#0000D606000008AE
(1790953701.452532) can0 2A3#0002EB29FFFD410D
(1790953701.452654) can0 2A4#0001245BFFFD49A2
(1790953701.452756) can0 2A5#000007BF000007CA
(1790953701.452882) can0 2A6#FFFFF84700000253
(1790953701.453007) can0 2A7#00004EADFFFFFD8E
(1790953701.457285) can0 2A1#0100010000000000
(1790953701.457404) can0 2A2#0000D606000008AE
(1790953701.457506) can0 2A3#0002EB29FFFD410D
(1790953701.457631) can0 2A4#0001245BFFFD49A2
(1790953701.457754) can0 2A5#000007BF000007CA
(1790953701.457881) can0 2A6#FFFFF84700000253
(1790953701.458007) can0 2A7#00004EADFFFFFD8E
(1790953701.462316) can0 2A1#0100010000000000
(1790953701.462414) can0 2A2#0000D606000008AE
(1790953701.462531) can0 2A3#0002EB29FFFD410D
(1790953701.462655) can0 2A4#0001245BFFFD49A2
(1790953701.462762) can0 2A5#000007BF000007CA
(1790953701.462890) can0 2A6#FFFFF84700000253
(1790953701.463005) can0 2A7#00004EADFFFFFD8E
(1790953701.467289) can0 2A1#0100010000000000
(1790953701.467404) can0 2A2#0000D606000008AE
(1790953701.467531) can0 2A3#0002EB29FFFD410D
(1790953701.467630) can0 2A4#0001245BFFFD49A2
(1790953701.467755) can0 2A5#000007BF000007CA
(1790953701.467881) can0 2A6#FFFFF84700000253
(1790953701.467981) can0 2A7#00004EADFFFFFD8E
(1790953701.472288) can0 2A1#0100010000000000
(1790953701.472404) can0 2A2#0000D606000008AE
(1790953701.472531) can0 2A3#0002EB29FFFD410D
(1790953701.472656) can0 2A4#0001245BFFFD49A2
(1790953701.472781) can0 2A5#000007BF000007CA
(1790953701.472881) can0 2A6#FFFFF84700000253
(1790953701.473006) can0 2A7#00004EADFFFFFD8E
(1790953701.477286) can0 2A1#0100010000000000
(1790953701.477406) can0 2A2#0000D606000008AE
(1790953701.477530) can0 2A3#0002EB29FFFD410D
(1790953701.477630) can0 2A4#0001245BFFFD49A2
(1790953701.477755) can0 2A5#000007BF000007CA
(1790953701.477879) can0 2A6#FFFFF84700000253
(1790953701.478006) can0 2A7#00004EADFFFFFD8E
(1790953701.482292) can0 2A1#0100010000000000
(1790953701.482404) can0 2A2#0000D606000008AE
(1790953701.482531) can0 2A3#0002EB29FFFD410D
(1790953701.482655) can0 2A4#0001245BFFFD49A2
(1790953701.482780) can0 2A5#000007BF000007CA
(1790953701.482882) can0 2A6#FFFFF84700000253
(1790953701.483006) can0 2A7#00004EADFFFFFD8E
(1790953701.487288) can0 2A1#0100010000000000
(1790953701.487379) can0 2A2#0000D606000008AE
(1790953701.487505) can0 2A3#0002EB29FFFD410D
(1790953701.487656) can0 2A4#0001245BFFFD49A2
(1790953701.487755) can0 2A5#000007BF000007CA
(1790953701.487881) can0 2A6#FFFFF84700000253
(1790953701.488006) can0 2A7#00004EADFFFFFD8E
(1790953701.492284) can0 2A1#0100010000000000
(1790953701.492407) can0 2A2#0000D606000008AE
(1790953701.492530) can0 2A3#0002EB29FFFD410D
(1790953701.492630) can0 2A4#0001245BFFFD49A2
(1790953701.492755) can0 2A5#000007BF000007CA
(1790953701.492880) can0 2A6#FFFFF84700000253
(1790953701.493006) can0 2A7#00004EADFFFFFD8E
(1790953701.497283) can0 2A1#0100010000000000
(1790953701.497409) can0 2A2#0000D606000008AE
(1790953701.497506) can0 2A3#0002EB29FFFD410D
(1790953701.497630) can0 2A4#0001245BFFFD49A2
(1790953701.497754) can0 2A5#000007BF000007CA
(1790953701.497857) can0 2A6#FFFFF84700000253
(1790953701.498030) can0 2A7#00004EADFFFFFD8E
(1790953701.502285) can0 2A1#0100010000000000
(1790953701.502408) can0 2A2#0000D606000008AE
(1790953701.502532) can0 2A3#0002EB29FFFD410D
(1790953701.502656) can0 2A4#0001245BFFFD49A2
(1790953701.502779) can0 2A5#000007BF000007CA
(1790953701.502883) can0 2A6#FFFFF84700000253
(1790953701.503006) can0 2A7#00004EADFFFFFD8E
(1790953701.507283) can0 2A1#0100010000000000
(1790953701.507406) can0 2A2#0000D606000008AE
(1790953701.507531) can0 2A3#0002EB29FFFD410D
(1790953701.507635) can0 2A4#0001245BFFFD49A2
(1790953701.507754) can0 2A5#000007BF000007CA
(1790953701.507880) can0 2A6#FFFFF84700000253
(1790953701.507981) can0 2A7#00004EADFFFFFD8E
(1790953701.512310) can0 2A1#0100010000000000
(1790953701.512406) can0 2A2#0000D606000008AE
(1790953701.512530) can0 2A3#0002EB29FFFD410D
(1790953701.512655) can0 2A4#0001245BFFFD49A2
(1790953701.512755) can0 2A5#000007BF000007CA
(1790953701.512882) can0 2A6#FFFFF84700000253
(1790953701.513005) can0 2A7#00004EADFFFFFD8E
(1790953701.517294) can0 2A1#0100010000000000
(1790953701.517404) can0 2A2#0000D606000008AE
(1790953701.517506) can0 2A3#0002EB29FFFD410D
(1790953701.517631) can0 2A4#0001245BFFFD49A2
(1790953701.517755) can0 2A5#000007BF000007CA
(1790953701.517877) can0 2A6#FFFFF84700000253
(1790953701.518008) can0 2A7#00004EADFFFFFD8E
(1790953701.522291) can0 2A1#0100010000000000
(1790953701.522408) can0 2A2#0000D606000008AE
(1790953701.522508) can0 2A3#0002EB29FFFD410D
(1790953701.522655) can0 2A4#0001245BFFFD49A2
(1790953701.522779) can0 2A5#000007BF000007CA
(1790953701.522908) can0 2A6#FFFFF84700000253
(1790953701.523005) can0 2A7#00004EADFFFFFD8E
(1790953701.527291) can0 2A1#0100010000000000
(1790953701.527406) can0 2A2#0000D606000008AE
(1790953701.527530) can0 2A3#0002EB29FFFD410D
(1790953701.527658) can0 2A4#0001245BFFFD49A2
(1790953701.527755) can0 2A5#000007BF000007CA
(1790953701.527880) can0 2A6#FFFFF84700000253
(1790953701.528006) can0 2A7#00004EADFFFFFD8E
(1790953701.532284) can0 2A1#0100010000000000
(1790953701.532405) can0 2A2#0000D606000008AE
(1790953701.532505) can0 2A3#0002EB29FFFD410D
(1790953701.532655) can0 2A4#0001245BFFFD49A2
(1790953701.532782) can0 2A5#000007BF000007CA
(1790953701.532881) can0 2A6#FFFFF84700000253
(1790953701.533005) can0 2A7#00004EADFFFFFD8E
(1790953701.537292) can0 2A1#0100010000000000
(1790953701.537379) can0 2A2#0000D606000008AE
(1790953701.537508) can0 2A3#0002EB29FFFD410D
(1790953701.537655) can0 2A4#0001245BFFFD49A2
(1790953701.537755) can0 2A5#000007BF000007CA
(1790953701.537880) can0 2A6#FFFFF84700000253
(1790953701.538005) can0 2A7#00004EADFFFFFD8E
(1790953701.542291) can0 2A1#0100010000000000
(1790953701.542406) can0 2A2#0000D606000008AE
(1790953701.542530) can0 2A3#0002EB29FFFD410D
(1790953701.542631) can0 2A4#0001245BFFFD49A2
(1790953701.542755) can0 2A5#000007BF000007CA
(1790953701.542880) can0 2A6#FFFFF84700000253
(1790953701.543008) can0 2A7#00004EADFFFFFD8E
(1790953701.547290) can0 2A1#0100010000000000
(1790953701.547405) can0 2A2#0000D606000008AE
(1790953701.547505) can0 2A3#0002EB29FFFD410D
(1790953701.547634) can0 2A4#0001245BFFFD49A2
(1790953701.547758) can0 2A5#000007BF000007CA
(1790953701.547881) can0 2A6#FFFFF84700000253
(1790953701.548005) can0 2A7#00004EADFFFFFD8E
(1790953701.552292) can0 2A1#0100010000000000
(1790953701.552406) can0 2A2#0000D606000008AE
(1790953701.552533) can0 2A3#0002EB29FFFD410D
(1790953701.552658) can0 2A4#0001245BFFFD49A2
(1790953701.552756) can0 2A5#000007BF000007CA
(1790953701.552879) can0 2A6#FFFFF84700000253
(1790953701.553007) can0 2A7#00004EADFFFFFD8E
(1790953701.557288) can0 2A1#0100010000000000
(1790953701.557385) can0 2A2#0000D606000008AE
(1790953701.557507) can0 2A3#0002EB29FFFD410D
(1790953701.557633) can0 2A4#0001245BFFFD49A2
(1790953701.557756) can0 2A5#000007BF000007CA
(1790953701.557883) can0 2A6#FFFFF84700000253
(1790953701.558016) can0 2A7#00004EADFFFFFD8E
(1790953701.562293) can0 2A1#0100010000000000
(1790953701.562408) can0 2A2#0000D606000008AE
(1790953701.562508) can0 2A3#0002EB29FFFD410D
(1790953701.562657) can0 2A4#0001245BFFFD49A2
(1790953701.562779) can0 2A5#000007BF000007CA
(1790953701.562907) can0 2A6#FFFFF84700000253
(1790953701.563009) can0 2A7#00004EADFFFFFD8E
(1790953701.567287) can0 2A1#0100010000000000
(1790953701.567405) can0 2A2#0000D606000008AE
(1790953701.567504) can0 2A3#0002EB29FFFD410D
(1790953701.567632) can0 2A4#0001245BFFFD49A2
(1790953701.567755) can0 2A5#000007BF000007CA
(1790953701.567880) can0 2A6#FFFFF84700000253
(1790953701.567980) can0 2A7#00004EADFFFFFD8E
(1790953701.572314) can0 2A1#0100010000000000
(1790953701.572404) can0 2A2#0000D606000008AE
(1790953701.572530) can0 2A3#0002EB29FFFD410D
(1790953701.572655) can0 2A4#0001245BFFFD49A2
(1790953701.572757) can0 2A5#000007BF000007CA
(1790953701.572880) can0 2A6#FFFFF84700000253
(1790953701.573007) can0 2A7#00004EADFFFFFD8E
(1790953701.577296) can0 2A1#0100010000000000
(1790953701.577405) can0 2A2#0000D606000008AE
(1790953701.577507) can0 2A3#0002EB29FFFD410D
(1790953701.577632) can0 2A4#0001245BFFFD49A2
(1790953701.577757) can0 2A5#000007BF000007CA
(1790953701.577879) can0 2A6#FFFFF84700000253
(1790953701.578005) can0 2A7#00004EADFFFFFD8E
(1790953701.582315) can0 2A1#0100010000000000
(1790953701.582405) can0 2A2#0000D606000008AE
(1790953701.582533) can0 2A3#0002EB29FFFD410D
(1790953701.582658) can0 2A4#0001245BFFFD49A2
(1790953701.582755) can0 2A5#000007BF000007CA
(1790953701.582881) can0 2A6#FFFFF84700000253
(1790953701.583005) can0 2A7#00004EADFFFFFD8E
(1790953701.587292) can0 2A1#0100010000000000
(1790953701.587408) can0 2A2#0000D606000008AE
(1790953701.587505) can0 2A3#0002EB29FFFD410D
(1790953701.587632) can0 2A4#0001245BFFFD49A2
(1790953701.587757) can0 2A5#000007BF000007CA
(1790953701.587880) can0 2A6#FFFFF84700000253
(1790953701.587980) can0 2A7#00004EADFFFFFD8E
(1790953701.592288) can0 2A1#0100010000000000
(1790953701.592409) can0 2A2#0000D606000008AE
(1790953701.592530) can0 2A3#0002EB29FFFD410D
(1790953701.592658) can0 2A4#0001245BFFFD49A2
(1790953701.592780) can0 2A5#000007BF000007CA
(1790953701.592880) can0 2A6#FFFFF84700000253
(1790953701.593006) can0 2A7#00004EADFFFFFD8E
(1790953701.597296) can0 2A1#0100010000000000
(1790953701.597405) can0 2A2#0000D606000008AE
(1790953701.597531) can0 2A3#0002EB29FFFD410D
(1790953701.597631) can0 2A4#0001245BFFFD49A2
(1790953701.597755) can0 2A5#000007BF000007CA
(1790953701.597885) can0 2A6#FFFFF84700000253
(1790953701.598004) can0 2A7#00004EADFFFFFD8E
(1790953701.602285) can0 2A1#0100010000000000
(1790953701.602404) can0 2A2#0000D606000008AE
(1790953701.602531) can0 2A3#0002EB29FFFD410D
(1790953701.602655) can0 2A4#0001245BFFFD49A2
(1790953701.602754) can0 2A5#000007BF000007CA
(1790953701.602881) can0 2A6#FFFFF84700000253
(1790953701.603005) can0 2A7#00004EADFFFFFD8E
(1790953701.607283) can0 2A1#0100010000000000
(1790953701.607408) can0 2A2#0000D606000008AE
(1790953701.607505) can0 2A3#0002EB29FFFD410D
(1790953701.607631) can0 2A4#0001245BFFFD49A2
(1790953701.607758) can0 2A5#000007BF000007CA
(1790953701.607884) can0 2A6#FFFFF84700000253
(1790953701.608006) can0 2A7#00004EADFFFFFD8E
(1790953701.612309) can0 2A1#0100010000000000
(1790953701.612404) can0 2A2#0000D606000008AE
(1790953701.612531) can0 2A3#0002EB29FFFD410D
(1790953701.612656) can0 2A4#0001245BFFFD49A2
(1790953701.612755) can0 2A5#000007BF000007CA
(1790953701.612901) can0 2A6#FFFFF84700000253
(1790953701.613004) can0 2A7#00004EADFFFFFD8E
(1790953701.617289) can0 2A1#0100010000000000
(1790953701.617382) can0 2A2#0000D606000008AE
(1790953701.617506) can0 2A3#0002EB29FFFD410D
(1790953701.617632) can0 2A4#0001245BFFFD49A2
(1790953701.617754) can0 2A5#000007BF000007CA
(1790953701.617883) can0 2A6#FFFFF84700000253
(1790953701.618006) can0 2A7#00004EADFFFFFD8E
(1790953701.622286) can0 2A1#0100010000000000
(1790953701.622405) can0 2A2#0000D606000008AE
(1790953701.622530) can0 2A3#0002EB29FFFD410D
(1790953701.622655) can0 2A4#0001245BFFFD49A2
(1790953701.622780) can0 2A5#000007BF000007CA
(1790953701.622908) can0 2A6#FFFFF84700000253
(1790953701.623005) can0 2A7#00004EADFFFFFD8E
(1790953701.627285) can0 2A1#0100010000000000
(1790953701.627405) can0 2A2#0000D606000008AE
(1790953701.627531) can0 2A3#0002EB29FFFD410D
(1790953701.627631) can0 2A4#0001245BFFFD49A2
(1790953701.627755) can0 2A5#000007BF000007CA
(1790953701.627881) can0 2A6#FFFFF84700000253
(1790953701.628007) can0 2A7#00004EADFFFFFD8E
(1790953701.632286) can0 2A1#0100010000000000
(1790953701.632404) can0 2A2#0000D606000008AE
(1790953701.632531) can0 2A3#0002EB29FFFD410D
(1790953701.632656) can0 2A4#0001245BFFFD49A2
(1790953701.632782) can0 2A5#000007BF000007CA
(1790953701.632906) can0 2A6#FFFFF84700000253
(1790953701.633006) can0 2A7#00004EADFFFFFD8E
(1790953701.637282) can0 2A1#0100010000000000
(1790953701.637404) can0 2A2#0000D606000008AE
(1790953701.637531) can0 2A3#0002EB29FFFD410D
(1790953701.637630) can0 2A4#0001245BFFFD49A2
(1790953701.637755) can0 2A5#000007BF000007CA
(1790953701.637881) can0 2A6#FFFFF84700000253
(1790953701.638004) can0 2A7#00004EADFFFFFD8E
(1790953701.642287) can0 2A1#0100010000000000
(1790953701.642408) can0 2A2#0000D606000008AE
(1790953701.642530) can0 2A3#0002EB29FFFD410D
(1790953701.642655) can0 2A4#0001245BFFFD49A2
(1790953701.642754) can0 2A5#000007BF000007CA
(1790953701.642883) can0 2A6#FFFFF84700000253
(1790953701.643005) can0 2A7#00004EADFFFFFD8E
(1790953701.647292) can0 2A1#0100010000000000
(1790953701.647409) can0 2A2#0000D606000008AE
(1790953701.647532) can0 2A3#0002EB29FFFD410D
(1790953701.647633) can0 2A4#0001245BFFFD49A2
(1790953701.647757) can0 2A5#000007BF000007CA
(1790953701.647880) can0 2A6#FFFFF84700000253
(1790953701.648007) can0 2A7#00004EADFFFFFD8E
(1790953701.652288) can0 2A1#0100010000000000
(1790953701.652416) can0 2A2#0000D606000008AE
(1790953701.652534) can0 2A3#0002EB29FFFD410D
(1790953701.652655) can0 2A4#0001245BFFFD49A2
(1790953701.652782) can0 2A5#000007BF000007CA
(1790953701.652908) can0 2A6#FFFFF84700000253
(1790953701.653046) can0 2A7#00004EADFFFFFD8E
(1790953701.657289) can0 2A1#0100010000000000
(1790953701.657409) can0 2A2#0000D606000008AE
(1790953701.657533) can0 2A3#0002EB29FFFD410D
(1790953701.657655) can0 2A4#0001245BFFFD49A2
(1790953701.657756) can0 2A5#000007BF000007CA
(1790953701.657883) can0 2A6#FFFFF84700000253
(1790953701.658005) can0 2A7#00004EADFFFFFD8E
(1790953701.662286) can0 2A1#0100010000000000
(1790953701.662407) can0 2A2#0000D606000008AE
(1790953701.662532) can0 2A3#0002EB29FFFD410D
(1790953701.662656) can0 2A4#0001245BFFFD49A2
(1790953701.662782) can0 2A5#000007BF000007CA
(1790953701.662907) can0 2A6#FFFFF84700000253
(1790953701.663005) can0 2A7#00004EADFFFFFD8E
(1790953701.667285) can0 2A1#0100010000000000
(1790953701.667408) can0 2A2#0000D606000008AE
(1790953701.667530) can0 2A3#0002EB29FFFD410D
(1790953701.667639) can0 2A4#0001245BFFFD49A2
(1790953701.667756) can0 2A5#000007BF000007CA
(1790953701.667883) can0 2A6#FFFFF84700000253
(1790953701.668005) can0 2A7#00004EADFFFFFD8E
(1790953701.672311) can0 2A1#0100010000000000
(1790953701.672412) can0 2A2#0000D606000008AE
(1790953701.672533) can0 2A3#0002EB29FFFD410D
(1790953701.672656) can0 2A4#0001245BFFFD49A2
(1790953701.672756) can0 2A5#000007BF000007CA
(1790953701.672882) can0 2A6#FFFFF84700000253
(1790953701.673006) can0 2A7#00004EADFFFFFD8E
(1790953701.677288) can0 2A1#0100010000000000
(1790953701.677380) can0 2A2#0000D606000008AE
(1790953701.677505) can0 2A3#0002EB29FFFD410D
(1790953701.677631) can0 2A4#0001245BFFFD49A2
(1790953701.677756) can0 2A5#000007BF000007CA
(1790953701.677881) can0 2A6#FFFFF84700000253
(1790953701.678006) can0 2A7#00004EADFFFFFD8E
(1790953701.682287) can0 2A1#0100010000000000
(1790953701.682406) can0 2A2#0000D606000008AE
(1790953701.682531) can0 2A3#0002EB29FFFD410D
(1790953701.682654) can0 2A4#0001245BFFFD49A2
(1790953701.682754) can0 2A5#000007BF000007CA
(1790953701.682880) can0 2A6#FFFFF84700000253
(1790953701.683004) can0 2A7#00004EADFFFFFD8E
(1790953701.687288) can0 2A1#0100010000000000
(1790953701.687406) can0 2A2#0000D606000008AE
(1790953701.687505) can0 2A3#0002EB29FFFD410D
(1790953701.687630) can0 2A4#0001245BFFFD49A2
(1790953701.687754) can0 2A5#000007BF000007CA
(1790953701.687879) can0 2A6#FFFFF84700000253
(1790953701.688005) can0 2A7#00004EADFFFFFD8E
(1790953701.692314) can0 2A1#0100010000000000
(1790953701.692405) can0 2A2#0000D606000008AE
(1790953701.692530) can0 2A3#0002EB29FFFD410D
(1790953701.692654) can0 2A4#0001245BFFFD49A2
(1790953701.692779) can0 2A5#000007BF000007CA
(1790953701.692906) can0 2A6#FFFFF84700000253
(1790953701.693004) can0 2A7#00004EADFFFFFD8E
(1790953701.697287) can0 2A1#0100010000000000
(1790953701.697405) can0 2A2#0000D606000008AE
(1790953701.697506) can0 2A3#0002EB29FFFD410D
(1790953701.697629) can0 2A4#0001245BFFFD49A2
(1790953701.697754) can0 2A5#000007BF000007CA
(1790953701.697880) can0 2A6#FFFFF84700000253
(1790953701.698005) can0 2A7#00004EADFFFFFD8E
(1790953701.702287) can0 2A1#0100010000000000
(1790953701.702405) can0 2A2#0000D606000008AE
(1790953701.702529) can0 2A3#0002EB29FFFD410D
(1790953701.702654) can0 2A4#0001245BFFFD49A2
(1790953701.702779) can0 2A5#000007BF000007CA
(1790953701.702908) can0 2A6#FFFFF84700000253
(1790953701.703005) can0 2A7#00004EADFFFFFD8E
(1790953701.707283) can0 2A1#0100010000000000
(1790953701.707405) can0 2A2#0000D606000008AE
(1790953701.707529) can0 2A3#0002EB29FFFD410D
(1790953701.707629) can0 2A4#0001245BFFFD49A2
(1790953701.707754) can0 2A5#000007BF000007CA
(1790953701.707892) can0 2A6#FFFFF84700000253
(1790953701.708009) can0 2A7#00004EADFFFFFD8E
(1790953701.712285) can0 2A1#0100010000000000
(1790953701.712406) can0 2A2#0000D606000008AE
(1790953701.712531) can0 2A3#0002EB29FFFD410D
(1790953701.712656) can0 2A4#0001245BFFFD49A2
(1790953701.712757) can0 2A5#000007BF000007CA
(1790953701.712882) can0 2A6#FFFFF84700000253
(1790953701.713006) can0 2A7#00004EADFFFFFD8E
(1790953701.717287) can0 2A1#0100010000000000
(1790953701.717380) can0 2A2#0000D606000008AE
(1790953701.717507) can0 2A3#0002EB29FFFD410D
(1790953701.717656) can0 2A4#0001245BFFFD49A2
(1790953701.717756) can0 2A5#000007BF000007CA
(1790953701.717882) can0 2A6#FFFFF84700000253
(1790953701.718007) can0 2A7#00004EADFFFFFD8E
(1790953701.722289) can0 2A1#0100010000000000
(1790953701.722405) can0 2A2#0000D606000008AE
(1790953701.722531) can0 2A3#0002EB29FFFD410D
(1790953701.722654) can0 2A4#0001245BFFFD49A2
(1790953701.722780) can0 2A5#000007BF000007CA
(1790953701.722914) can0 2A6#FFFFF84700000253
(1790953701.723006) can0 2A7#00004EADFFFFFD8E
(1790953701.727285) can0 2A1#0100010000000000
(1790953701.727404) can0 2A2#0000D606000008AE
(1790953701.727504) can0 2A3#0002EB29FFFD410D
(1790953701.727629) can0 2A4#0001245BFFFD49A2
(1790953701.727754) can0 2A5#000007BF000007CA
(1790953701.727880) can0 2A6#FFFFF84700000253
(1790953701.728005) can0 2A7#00004EADFFFFFD8E
(1790953701.732318) can0 2A1#0100010000000000
(1790953701.732409) can0 2A2#0000D606000008AE
(1790953701.732530) can0 2A3#0002EB29FFFD410D
(1790953701.732655) can0 2A4#0001245BFFFD49A2
(1790953701.732754) can0 2A5#000007BF000007CA
(1790953701.732881) can0 2A6#FFFFF84700000253
(1790953701.733004) can0 2A7#00004EADFFFFFD8E
(1790953701.737285) can0 2A1#0100010000000000
(1790953701.737404) can0 2A2#0000D606000008AE
(1790953701.737504) can0 2A3#0002EB29FFFD410D
(1790953701.737629) can0 2A4#0001245BFFFD49A2
(1790953701.737754) can0 2A5#000007BF000007CA
(1790953701.737879) can0 2A6#FFFFF84700000253
(1790953701.738004) can0 2A7#00004EADFFFFFD8E
(1790953701.742311) can0 2A1#0100010000000000
(1790953701.742408) can0 2A2#0000D606000008AE
(1790953701.742529) can0 2A3#0002EB29FFFD410D
(1790953701.742654) can0 2A4#0001245BFFFD49A2
(1790953701.742754) can0 2A5#000007BF000007CA
(1790953701.742879) can0 2A6#FFFFF84700000253
(1790953701.743004) can0 2A7#00004EADFFFFFD8E
(1790953701.747284) can0 2A1#0100010000000000
(1790953701.747386) can0 2A2#0000D606000008AE
(1790953701.747504) can0 2A3#0002EB29FFFD410D
(1790953701.747654) can0 2A4#0001245BFFFD49A2
(1790953701.747754) can0 2A5#000007BF000007CA
(1790953701.747880) can0 2A6#FFFFF84700000253
(1790953701.748005) can0 2A7#00004EADFFFFFD8E
(1790953701.752318) can0 2A1#0100010000000000
(1790953701.752407) can0 2A2#0000D606000008AE
(1790953701.752530) can0 2A3#0002EB29FFFD410D
(1790953701.752654) can0 2A4#0001245BFFFD49A2
(1790953701.752754) can0 2A5#000007BF000007CA
(1790953701.752879) can0 2A6#FFFFF84700000253
(1790953701.753004) can0 2A7#00004EADFFFFFD8E
(1790953701.757285) can0 2A1#0100010000000000
(1790953701.757387) can0 2A2#0000D606000008AE
(1790953701.757507) can0 2A3#0002EB29FFFD410D
(1790953701.757656) can0 2A4#0001245BFFFD49A2
(1790953701.757754) can0 2A5#000007BF000007CA
(1790953701.757881) can0 2A6#FFFFF84700000253
(1790953701.758004) can0 2A7#00004EADFFFFFD8E
(1790953701.762285) can0 2A1#0100010000000000
(1790953701.762410) can0 2A2#0000D606000008AE
(1790953701.762529) can0 2A3#0002EB29FFFD410D
(1790953701.762654) can0 2A4#0001245BFFFD49A2
(1790953701.762754) can0 2A5#000007BF000007CA
(1790953701.762880) can0 2A6#FFFFF84700000253
(1790953701.763005) can0 2A7#00004EADFFFFFD8E
(1790953701.767283) can0 2A1#0100010000000000
(1790953701.767405) can0 2A2#0000D606000008AE
(1790953701.767529) can0 2A3#0002EB29FFFD410D
(1790953701.767654) can0 2A4#0001245BFFFD49A2
(1790953701.767754) can0 2A5#000007BF000007CA
(1790953701.767879) can0 2A6#FFFFF84700000253
(1790953701.768004) can0 2A7#00004EADFFFFFD8E
(1790953701.772280) can0 2A1#0100010000000000
(1790953701.772404) can0 2A2#0000D606000008AE
(1790953701.772529) can0 2A3#0002EB29FFFD410D
(1790953701.772654) can0 2A4#0001245BFFFD49A2
(1790953701.772779) can0 2A5#000007BF000007CA
(1790953701.772879) can0 2A6#FFFFF84700000253
(1790953701.773004) can0 2A7#00004EADFFFFFD8E
(1790953701.777286) can0 2A1#0100010000000000
(1790953701.777404) can0 2A2#0000D606000008AE
(1790953701.777529) can0 2A3#0002EB29FFFD410D
(1790953701.777655) can0 2A4#0001245BFFFD49A2
(1790953701.777754) can0 2A5#000007BF000007CA
(1790953701.777879) can0 2A6#FFFFF84700000253
(1790953701.778005) can0 2A7#00004EADFFFFFD8E
(1790953701.782285) can0 2A1#0100010000000000
(1790953701.782404) can0 2A2#0000D606000008AE
(1790953701.782529) can0 2A3#0002EB29FFFD410D
(1790953701.782654) can0 2A4#0001245BFFFD49A2
(1790953701.782779) can0 2A5#000007BF000007CA
(1790953701.782879) can0 2A6#FFFFF84700000253
(1790953701.783004) can0 2A7#00004EADFFFFFD8E
(1790953701.787284) can0 2A1#0100010000000000
(1790953701.787404) can0 2A2#0000D606000008AE
(1790953701.787504) can0 2A3#0002EB29FFFD410D
(1790953701.787629) can0 2A4#0001245BFFFD49A2
(1790953701.787754) can0 2A5#000007BF000007CA
(1790953701.787879) can0 2A6#FFFFF84700000253
(1790953701.788004) can0 2A7#00004EADFFFFFD8E
(1790953701.792307) can0 2A1#0100010000000000
(1790953701.792404) can0 2A2#0000D606000008AE
(1790953701.792529) can0 2A3#0002EB29FFFD410D
(1790953701.792654) can0 2A4#0001245BFFFD49A2
(1790953701.792754) can0 2A5#000007BF000007CA
(1790953701.792879) can0 2A6#FFFFF84700000253
(1790953701.793004) can0 2A7#00004EADFFFFFD8E
(1790953701.797288) can0 2A1#0100010000000000
(1790953701.797379) can0 2A2#0000D606000008AE
(1790953701.797504) can0 2A3#0002EB29FFFD410D
(1790953701.797654) can0 2A4#0001245BFFFD49A2
(1790953701.797754) can0 2A5#000007BF000007CA
(1790953701.797879) can0 2A6#FFFFF84700000253
(1790953701.798004) can0 2A7#00004EADFFFFFD8E
(1790953701.802284) can0 2A1#0100010000000000
(1790953701.802404) can0 2A2#0000D606000008AE
(1790953701.802529) can0 2A3#0002EB29FFFD410D
(1790953701.802654) can0 2A4#0001245BFFFD49A2
(1790953701.802779) can0 2A5#000007BF000007CA
(1790953701.802909) can0 2A6#FFFFF84700000253
(1790953701.803005) can0 2A7#00004EADFFFFFD8E
(1790953701.807283) can0 2A1#0100010000000000
(1790953701.807404) can0 2A2#0000D606000008AE
(1790953701.807529) can0 2A3#0002EB29FFFD410D
(1790953701.807654) can0 2A4#0001245BFFFD49A2
(1790953701.807754) can0 2A5#000007BF000007CA
(1790953701.807880) can0 2A6#FFFFF84700000253
(1790953701.808005) can0 2A7#00004EADFFFFFD8E
(1790953701.812282) can0 2A1#0100010000000000
(1790953701.812404) can0 2A2#0000D606000008AE
(1790953701.812529) can0 2A3#0002EB29FFFD410D
(1790953701.812654) can0 2A4#0001245BFFFD49A2
(1790953701.812779) can0 2A5#000007BF000007CA
(1790953701.812904) can0 2A6#FFFFF84700000253
(1790953701.813029) can0 2A7#00004EADFFFFFD8E
(1790953701.817280) can0 2A1#0100010000000000
(1790953701.817404) can0 2A2#0000D606000008AE
(1790953701.817504) can0 2A3#0002EB29FFFD410D
(1790953701.817629) can0 2A4#0001245BFFFD49A2
(1790953701.817754) can0 2A5#000007BF000007CA
(1790953701.817879) can0 2A6#FFFFF84700000253
(1790953701.818004) can0 2A7#00004EADFFFFFD8E
(1790953701.822308) can0 2A1#0100010000000000
(1790953701.822405) can0 2A2#0000D606000008AE
(1790953701.822529) can0 2A3#0002EB29FFFD410D
(1790953701.822654) can0 2A4#0001245BFFFD49A2
(1790953701.822754) can0 2A5#000007BF000007CA
(1790953701.822879) can0 2A6#FFFFF84700000253
(1790953701.823004) can0 2A7#00004EADFFFFFD8E
(1790953701.827285) can0 2A1#0100010000000000
(1790953701.827382) can0 2A2#0000D606000008AE
(1790953701.827532) can0 2A3#0002EB29FFFD410D
(1790953701.827655) can0 2A4#0001245BFFFD49A2
(1790953701.827754) can0 2A5#000007BF000007CA
(1790953701.827879) can0 2A6#FFFFF84700000253
(1790953701.828005) can0 2A7#00004EADFFFFFD8E
(1790953701.832286) can0 2A1#0100010000000000
(1790953701.832404) can0 2A2#0000D606000008AE
(1790953701.832531) can0 2A3#0002EB29FFFD410D
(1790953701.832654) can0 2A4#0001245BFFFD49A2
(1790953701.832779) can0 2A5#000007BF000007CA
(1790953701.832904) can0 2A6#FFFFF84700000253
(1790953701.833005) can0 2A7#00004EADFFFFFD8E
(1790953701.837285) can0 2A1#0100010000000000
(1790953701.837404) can0 2A2#0000D606000008AE
(1790953701.837529) can0 2A3#0002EB29FFFD410D
(1790953701.837656) can0 2A4#0001245BFFFD49A2
(1790953701.837754) can0 2A5#000007BF000007CA
(1790953701.837879) can0 2A6#FFFFF84700000253
(1790953701.838005) can0 2A7#00004EADFFFFFD8E
(1790953701.842290) can0 2A1#0100010000000000
(1790953701.842406) can0 2A2#0000D606000008AE
(1790953701.842530) can0 2A3#0002EB29FFFD410D
(1790953701.842655) can0 2A4#0001245BFFFD49A2
(1790953701.842782) can0 2A5#000007BF000007CA
(1790953701.842880) can0 2A6#FFFFF84700000253
(1790953701.843005) can0 2A7#00004EADFFFFFD8E
(1790953701.847310) can0 2A1#0100010000000000
(1790953701.847379) can0 2A2#0000D606000008AE
(1790953701.847532) can0 2A3#0002EB29FFFD410D
(1790953701.847657) can0 2A4#0001245BFFFD49A2
(1790953701.847757) can0 2A5#000007BF000007CA
(1790953701.847882) can0 2A6#FFFFF84700000253
(1790953701.848005) can0 2A7#00004EADFFFFFD8E
(1790953701.852289) can0 2A1#0100010000000000
(1790953701.852405) can0 2A2#0000D606000008AE
(1790953701.852531) can0 2A3#0002EB29FFFD410D
(1790953701.852654) can0 2A4#0001245BFFFD49A2
(1790953701.852780) can0 2A5#000007BF000007CA
(1790953701.852906) can0 2A6#FFFFF84700000253
(1790953701.853006) can0 2A7#00004EADFFFFFD8E
(1790953701.857281) can0 2A1#0100010000000000
(1790953701.857406) can0 2A2#0000D606000008AE
(1790953701.857539) can0 2A3#0002EB29FFFD410D
(1790953701.857655) can0 2A4#0001245BFFFD49A2
(1790953701.857755) can0 2A5#000007BF000007CA
(1790953701.857902) can0 2A6#FFFFF84700000253
(1790953701.858007) can0 2A7#00004EADFFFFFD8E
(1790953701.862301) can0 2A1#0100010000000000
(1790953701.862419) can0 2A2#0000D606000008AE
(1790953701.862532) can0 2A3#0002EB29FFFD410D
(1790953701.862655) can0 2A4#0001245BFFFD49A2
(1790953701.862781) can0 2A5#000007BF000007CA
(1790953701.862881) can0 2A6#FFFFF84700000253
(1790953701.863006) can0 2A7#00004EADFFFFFD8E
(1790953701.867283) can0 2A1#0100010000000000
(1790953701.867404) can0 2A2#0000D606000008AE
(1790953701.867506) can0 2A3#0002EB29FFFD410D
(1790953701.867655) can0 2A4#0001245BFFFD49A2
(1790953701.867756) can0 2A5#000007BF000007CA
(1790953701.867882) can0 2A6#FFFFF84700000253
(1790953701.868010) can0 2A7#00004EADFFFFFD8E
(1790953701.872280) can0 2A1#0100010000000000
(1790953701.872409) can0 2A2#0000D606000008AE
(1790953701.872531) can0 2A3#0002EB29FFFD410D
(1790953701.872656) can0 2A4#0001245BFFFD49A2
(1790953701.872780) can0 2A5#000007BF000007CA
(1790953701.872883) can0 2A6#FFFFF84700000253
(1790953701.873005) can0 2A7#00004EADFFFFFD8E
(1790953701.877292) can0 2A1#0100010000000000
(1790953701.877380) can0 2A2#0000D606000008AE
(1790953701.877506) can0 2A3#0002EB29FFFD410D
(1790953701.877656) can0 2A4#0001245BFFFD49A2
(1790953701.877756) can0 2A5#000007BF000007CA
(1790953701.877881) can0 2A6#FFFFF84700000253
(1790953701.878006) can0 2A7#00004EADFFFFFD8E
(1790953701.882288) can0 2A1#0100010000000000
(1790953701.882404) can0 2A2#0000D606000008AE
(1790953701.882532) can0 2A3#0002EB29FFFD410D
(1790953701.882657) can0 2A4#0001245BFFFD49A2
(1790953701.882782) can0 2A5#000007BF000007CA
(1790953701.882907) can0 2A6#FFFFF84700000253
(1790953701.883007) can0 2A7#00004EADFFFFFD8E
(1790953701.887293) can0 2A1#0100010000000000
(1790953701.887406) can0 2A2#0000D606000008AE
(1790953701.887531) can0 2A3#0002EB29FFFD410D
(1790953701.887656) can0 2A4#0001245BFFFD49A2
(1790953701.887756) can0 2A5#000007BF000007CA
(1790953701.887880) can0 2A6#FFFFF84700000253
(1790953701.888004) can0 2A7#00004EADFFFFFD8E
(1790953701.892290) can0 2A1#0100010000000000
(1790953701.892412) can0 2A2#0000D606000008AE
(1790953701.892532) can0 2A3#0002EB29FFFD410D
(1790953701.892655) can0 2A4#0001245BFFFD49A2
(1790953701.892779) can0 2A5#000007BF000007CA
(1790953701.892905) can0 2A6#FFFFF84700000253
(1790953701.893010) can0 2A7#00004EADFFFFFD8E
(1790953701.897288) can0 2A1#0100010000000000
(1790953701.897406) can0 2A2#0000D606000008AE
(1790953701.897532) can0 2A3#0002EB29FFFD410D
(1790953701.897632) can0 2A4#0001245BFFFD49A2
(1790953701.897757) can0 2A5#000007BF000007CA
(1790953701.897882) can0 2A6#FFFFF84700000253
(1790953701.898007) can0 2A7#00004EADFFFFFD8E
(1790953701.902313) can0 2A1#0100010000000000
(1790953701.902407) can0 2A2#0000D606000008AE
(1790953701.902531) can0 2A3#0002EB29FFFD410D
(1790953701.902658) can0 2A4#0001245BFFFD49A2
(1790953701.902756) can0 2A5#000007BF000007CA
(1790953701.902881) can0 2A6#FFFFF84700000253
(1790953701.903006) can0 2A7#00004EADFFFFFD8E
(1790953701.907289) can0 2A1#0100010000000000
(1790953701.907410) can0 2A2#0000D606000008AE
(1790953701.907508) can0 2A3#0002EB29FFFD410D
(1790953701.907630) can0 2A4#0001245BFFFD49A2
(1790953701.907755) can0 2A5#000007BF000007CA
(1790953701.907880) can0 2A6#FFFFF84700000253
(1790953701.908006) can0 2A7#00004EADFFFFFD8E
(1790953701.912322) can0 2A1#0100010000000000
(1790953701.912429) can0 2A2#0000D606000008AE
(1790953701.912531) can0 2A3#0002EB29FFFD410D
(1790953701.912658) can0 2A4#0001245BFFFD49A2
(1790953701.912756) can0 2A5#000007BF000007CA
(1790953701.912907) can0 2A6#FFFFF84700000253
(1790953701.913030) can0 2A7#00004EADFFFFFD8E
(1790953701.917286) can0 2A1#0100010000000000
(1790953701.917408) can0 2A2#0000D606000008AE
(1790953701.917533) can0 2A3#0002EB29FFFD410D
(1790953701.917637) can0 2A4#0001245BFFFD49A2
(1790953701.917757) can0 2A5#000007BF000007CA
(1790953701.917881) can0 2A6#FFFFF84700000253
(1790953701.918006) can0 2A7#00004EADFFFFFD8E
(1790953701.922295) can0 2A1#0100010000000000
(1790953701.922405) can0 2A2#0000D606000008AE
(1790953701.922531) can0 2A3#0002EB29FFFD410D
(1790953701.922656) can0 2A4#0001245BFFFD49A2
(1790953701.922783) can0 2A5#000007BF000007CA
(1790953701.922882) can0 2A6#FFFFF84700000253
(1790953701.923007) can0 2A7#00004EADFFFFFD8E
(1790953701.927293) can0 2A1#0100010000000000
(1790953701.927410) can0 2A2#0000D606000008AE
(1790953701.927529) can0 2A3#0002EB29FFFD410D
(1790953701.927631) can0 2A4#0001245BFFFD49A2
(1790953701.927756) can0 2A5#000007BF000007CA
(1790953701.927881) can0 2A6#FFFFF84700000253
(1790953701.928006) can0 2A7#00004EADFFFFFD8E
(1790953701.932314) can0 2A1#0100010000000000
(1790953701.932409) can0 2A2#0000D606000008AE
(1790953701.932530) can0 2A3#0002EB29FFFD410D
(1790953701.932657) can0 2A4#0001245BFFFD49A2
(1790953701.932756) can0 2A5#000007BF000007CA
(1790953701.932882) can0 2A6#FFFFF84700000253
(1790953701.933007) can0 2A7#00004EADFFFFFD8E
(1790953701.937288) can0 2A1#0100010000000000
(1790953701.937404) can0 2A2#0000D606000008AE
(1790953701.937532) can0 2A3#0002EB29FFFD410D
(1790953701.937631) can0 2A4#0001245BFFFD49A2
(1790953701.937756) can0 2A5#000007BF000007CA
(1790953701.937881) can0 2A6#FFFFF84700000253
(1790953701.938005) can0 2A7#00004EADFFFFFD8E
(1790953701.942307) can0 2A1#0100010000000000
(1790953701.942430) can0 2A2#0000D606000008AE
(1790953701.942531) can0 2A3#0002EB29FFFD410D
(1790953701.942656) can0 2A4#0001245BFFFD49A2
(1790953701.942781) can0 2A5#000007BF000007CA
(1790953701.942881) can0 2A6#FFFFF84700000253
(1790953701.943006) can0 2A7#00004EADFFFFFD8E
(1790953701.947298) can0 2A1#0100010000000000
(1790953701.947406) can0 2A2#0000D606000008AE
(1790953701.947506) can0 2A3#0002EB29FFFD410D
(1790953701.947631) can0 2A4#0001245BFFFD49A2
(1790953701.947756) can0 2A5#000007BF000007CA
(1790953701.947881) can0 2A6#FFFFF84700000253
(1790953701.948006) can0 2A7#00004EADFFFFFD8E
(1790953701.952320) can0 2A1#0100010000000000
(1790953701.952405) can0 2A2#0000D606000008AE
(1790953701.952532) can0 2A3#0002EB29FFFD410D
(1790953701.952656) can0 2A4#0001245BFFFD49A2
(1790953701.952780) can0 2A5#000007BF000007CA
(1790953701.952908) can0 2A6#FFFFF84700000253
(1790953701.953034) can0 2A7#00004EADFFFFFD8E
(1790953701.957286) can0 2A1#0100010000000000
(1790953701.957406) can0 2A2#0000D606000008AE
(1790953701.957507) can0 2A3#0002EB29FFFD410D
(1790953701.957653) can0 2A4#0001245BFFFD49A2
(1790953701.957755) can0 2A5#000007BF000007CA
(1790953701.957882) can0 2A6#FFFFF84700000253
(1790953701.958005) can0 2A7#00004EADFFFFFD8E
(1790953701.962318) can0 2A1#0100010000000000
(1790953701.962420) can0 2A2#0000D606000008AE
(1790953701.962544) can0 2A3#0002EB29FFFD410D
(1790953701.962657) can0 2A4#0001245BFFFD49A2
(1790953701.962759) can0 2A5#000007BF000007CA
(1790953701.962881) can0 2A6#FFFFF84700000253
(1790953701.963030) can0 2A7#00004EADFFFFFD8E
(1790953701.967287) can0 2A1#0100010000000000
(1790953701.967406) can0 2A2#0000D606000008AE
(1790953701.967510) can0 2A3#0002EB29FFFD410D
(1790953701.967656) can0 2A4#0001245BFFFD49A2
(1790953701.967755) can0 2A5#000007BF000007CA
(1790953701.967883) can0 2A6#FFFFF84700000253
(1790953701.968008) can0 2A7#00004EADFFFFFD8E
(1790953701.972285) can0 2A1#0100010000000000
(1790953701.972406) can0 2A2#0000D606000008AE
(1790953701.972530) can0 2A3#0002EB29FFFD410D
(1790953701.972658) can0 2A4#0001245BFFFD49A2
(1790953701.972783) can0 2A5#000007BF000007CA
(1790953701.972885) can0 2A6#FFFFF84700000253
(1790953701.973007) can0 2A7#00004EADFFFFFD8E
(1790953701.977285) can0 2A1#0100010000000000
(1790953701.977405) can0 2A2#0000D606000008AE
(1790953701.977530) can0 2A3#0002EB29FFFD410D
(1790953701.977628) can0 2A4#0001245BFFFD49A2
(1790953701.977755) can0 2A5#000007BF000007CA
(1790953701.977878) can0 2A6#FFFFF84700000253
(1790953701.977980) can0 2A7#00004EADFFFFFD8E
(1790953701.982313) can0 2A1#0100010000000000
(1790953701.982434) can0 2A2#0000D606000008AE
(1790953701.982532) can0 2A3#0002EB29FFFD410D
(1790953701.982655) can0 2A4#0001245BFFFD49A2
(1790953701.982780) can0 2A5#000007BF000007CA
(1790953701.982880) can0 2A6#FFFFF84700000253
(1790953701.983007) can0 2A7#00004EADFFFFFD8E
(1790953701.987290) can0 2A1#0100010000000000
(1790953701.987405) can0 2A2#0000D606000008AE
(1790953701.987529) can0 2A3#0002EB29FFFD410D
(1790953701.987630) can0 2A4#0001245BFFFD49A2
(1790953701.987754) can0 2A5#000007BF000007CA
(1790953701.987880) can0 2A6#FFFFF84700000253
(1790953701.988004) can0 2A7#00004EADFFFFFD8E
(1790953701.992285) can0 2A1#0100010000000000
(1790953701.992406) can0 2A2#0000D606000008AE
(1790953701.992533) can0 2A3#0002EB29FFFD410D
(1790953701.992661) can0 2A4#0001245BFFFD49A2
(1790953701.992782) can0 2A5#000007BF000007CA
(1790953701.992908) can0 2A6#FFFFF84700000253
(1790953701.993004) can0 2A7#00004EADFFFFFD8E
(1790953701.997289) can0 2A1#0100010000000000
(1790953701.997405) can0 2A2#0000D606000008AE
(1790953701.997529) can0 2A3#0002EB29FFFD410D
(1790953701.997629) can0 2A4#0001245BFFFD49A2
(1790953701.997753) can0 2A5#000007BF000007CA
(1790953701.997880) can0 2A6#FFFFF84700000253
(1790953701.998003) can0 2A7#00004EADFFFFFD8E
(1790953702.002317) can0 2A1#0100010000000000
(1790953702.002403) can0 2A2#0000D606000008AE
(1790953702.002528) can0 2A3#0002EB29FFFD410D
(1790953702.002653) can0 2A4#0001245BFFFD49A2
(1790953702.002753) can0 2A5#000007BF000007CA
(1790953702.002905) can0 2A6#FFFFF84700000253
(1790953702.003030) can0 2A7#00004EADFFFFFD8E
(1790953702.007285) can0 2A1#0100010000000000
(1790953702.007384) can0 2A2#0000D606000008AE
(1790953702.007533) can0 2A3#0002EB29FFFD410D
(1790953702.007656) can0 2A4#0001245BFFFD49A2
(1790953702.007756) can0 2A5#000007BF000007CA
(1790953702.007880) can0 2A6#FFFFF84700000253
(1790953702.008005) can0 2A7#00004EADFFFFFD8E
(1790953702.012294) can0 2A1#0100010000000000
(1790953702.012482) can0 2A2#0000D606000008AE
(1790953702.012532) can0 2A3#0002EB29FFFD410D
(1790953702.012659) can0 2A4#0001245BFFFD49A2
(1790953702.012781) can0 2A5#000007BF000007CA
(1790953702.012907) can0 2A6#FFFFF84700000253
(1790953702.013007) can0 2A7#00004EADFFFFFD8E
(1790953702.017296) can0 2A1#0100010000000000
(1790953702.017406) can0 2A2#0000D606000008AE
(1790953702.017533) can0 2A3#0002EB29FFFD410D
(1790953702.017639) can0 2A4#0001245BFFFD49A2
(1790953702.017757) can0 2A5#000007BF000007CA
(1790953702.017887) can0 2A6#FFFFF84700000253
(1790953702.018009) can0 2A7#00004EADFFFFFD8E
(1790953702.022322) can0 2A1#0100010000000000
(1790953702.022428) can0 2A2#0000D606000008AE
(1790953702.022530) can0 2A3#0002EB29FFFD410D
(1790953702.022656) can0 2A4#0001245BFFFD49A2
(1790953702.022779) can0 2A5#000007BF000007CA
(1790953702.022893) can0 2A6#FFFFF84700000253
(1790953702.023005) can0 2A7#00004EADFFFFFD8E
(1790953702.027285) can0 2A1#0100010000000000
(1790953702.027403) can0 2A2#0000D606000008AE
(1790953702.027504) can0 2A3#0002EB29FFFD410D
(1790953702.027630) can0 2A4#0001245BFFFD49A2
(1790953702.027757) can0 2A5#000007BF000007CA
(1790953702.027881) can0 2A6#FFFFF84700000253
(1790953702.028007) can0 2A7#00004EADFFFFFD8E
(1790953702.032325) can0 2A1#0100010000000000
(1790953702.032404) can0 2A2#0000D606000008AE
(1790953702.032531) can0 2A3#0002EB29FFFD410D
(1790953702.032656) can0 2A4#0001245BFFFD49A2
(1790953702.032757) can0 2A5#000007BF000007CA
(1790953702.032882) can0 2A6#FFFFF84700000253
(1790953702.033006) can0 2A7#00004EADFFFFFD8E
(1790953702.037292) can0 2A1#0100010000000000
(1790953702.037405) can0 2A2#0000D606000008AE
(1790953702.037506) can0 2A3#0002EB29FFFD410D
(1790953702.037657) can0 2A4#0001245BFFFD49A2
(1790953702.037757) can0 2A5#000007BF000007CA
(1790953702.037883) can0 2A6#FFFFF84700000253
(1790953702.038007) can0 2A7#00004EADFFFFFD8E
(1790953702.042291) can0 2A1#0100010000000000
(1790953702.042405) can0 2A2#0000D606000008AE
(1790953702.042531) can0 2A3#0002EB29FFFD410D
(1790953702.042656) can0 2A4#0001245BFFFD49A2
(1790953702.042781) can0 2A5#000007BF000007CA
(1790953702.042882) can0 2A6#FFFFF84700000253
(1790953702.043005) can0 2A7#00004EADFFFFFD8E
(1790953702.047286) can0 2A1#0100010000000000
(1790953702.047385) can0 2A2#0000D606000008AE
(1790953702.047537) can0 2A3#0002EB29FFFD410D
(1790953702.047663) can0 2A4#0001245BFFFD49A2
(1790953702.047760) can0 2A5#000007BF000007CA
(1790953702.047887) can0 2A6#FFFFF84700000253
(1790953702.048010) can0 2A7#00004EADFFFFFD8E
(1790953702.052310) can0 2A1#0100010000000000
(1790953702.052408) can0 2A2#0000D606000008AE
(1790953702.052532) can0 2A3#0002EB29FFFD410D
(1790953702.052656) can0 2A4#0001245BFFFD49A2
(1790953702.052781) can0 2A5#000007BF000007CA
(1790953702.052881) can0 2A6#FFFFF84700000253
(1790953702.053006) can0 2A7#00004EADFFFFFD8E
(1790953702.057287) can0 2A1#0100010000000000
(1790953702.057403) can0 2A2#0000D606000008AE
(1790953702.057503) can0 2A3#0002EB29FFFD410D
(1790953702.057651) can0 2A4#0001245BFFFD49A2
(1790953702.057752) can0 2A5#000007BF000007CA
(1790953702.057883) can0 2A6#FFFFF84700000253
(1790953702.058001) can0 2A7#00004EADFFFFFD8E
(1790953702.062280) can0 2A1#0100010000000000
(1790953702.062453) can0 2A2#0000D606000008AE
(1790953702.062588) can0 2A3#0002EB29FFFD410D
(1790953702.062672) can0 2A4#0001245BFFFD49A2
(1790953702.062780) can0 2A5#000007BF000007CA
(1790953702.062883) can0 2A6#FFFFF84700000253
(1790953702.063003) can0 2A7#00004EADFFFFFD8E
(1790953702.067288) can0 2A1#0100010000000000
(1790953702.067406) can0 2A2#0000D606000008AE
(1790953702.067529) can0 2A3#0002EB29FFFD410D
(1790953702.067656) can0 2A4#0001245BFFFD49A2
(1790953702.067754) can0 2A5#000007BF000007CA
(1790953702.067878) can0 2A6#FFFFF84700000253
(1790953702.068004) can0 2A7#00004EADFFFFFD8E
(1790953702.072282) can0 2A1#0100010000000000
(1790953702.072406) can0 2A2#0000D606000008AE
(1790953702.072531) can0 2A3#0002EB29FFFD410D
(1790953702.072656) can0 2A4#0001245BFFFD49A2
(1790953702.072781) can0 2A5#000007BF000007CA
(1790953702.072906) can0 2A6#FFFFF84700000253
(1790953702.073028) can0 2A7#00004EADFFFFFD8E
(1790953702.077295) can0 2A1#0100010000000000
(1790953702.077406) can0 2A2#0000D606000008AE
(1790953702.077531) can0 2A3#0002EB29FFFD410D
(1790953702.077657) can0 2A4#0001245BFFFD49A2
(1790953702.077756) can0 2A5#000007BF000007CA
(1790953702.077881) can0 2A6#FFFFF84700000253
(1790953702.078006) can0 2A7#00004EADFFFFFD8E
(1790953702.082301) can0 2A1#0100010000000000
(1790953702.082407) can0 2A2#0000D606000008AE
(1790953702.082539) can0 2A3#0002EB29FFFD410D
(1790953702.082661) can0 2A4#0001245BFFFD49A2
(1790953702.082785) can0 2A5#000007BF000007CA
(1790953702.082883) can0 2A6#FFFFF84700000253
(1790953702.083009) can0 2A7#00004EADFFFFFD8E
(1790953702.087295) can0 2A1#0100010000000000
(1790953702.087406) can0 2A2#0000D606000008AE
(1790953702.087506) can0 2A3#0002EB29FFFD410D
(1790953702.087630) can0 2A4#0001245BFFFD49A2
(1790953702.087755) can0 2A5#000007BF000007CA
(1790953702.087880) can0 2A6#FFFFF84700000253
(1790953702.088005) can0 2A7#00004EADFFFFFD8E
(1790953702.092284) can0 2A1#0100010000000000
(1790953702.092406) can0 2A2#0000D606000008AE
(1790953702.092531) can0 2A3#0002EB29FFFD410D
(1790953702.092656) can0 2A4#0001245BFFFD49A2
(1790953702.092780) can0 2A5#000007BF000007CA
(1790953702.092896) can0 2A6#FFFFF84700000253
(1790953702.093005) can0 2A7#00004EADFFFFFD8E
(1790953702.097291) can0 2A1#0100010000000000
(1790953702.097406) can0 2A2#0000D606000008AE
(1790953702.097532) can0 2A3#0002EB29FFFD410D
(1790953702.097657) can0 2A4#0001245BFFFD49A2
(1790953702.097756) can0 2A5#000007BF000007CA
(1790953702.097883) can0 2A6#FFFFF84700000253
(1790953702.098008) can0 2A7#00004EADFFFFFD8E
(1790953702.102314) can0 2A1#0100010000000000
(1790953702.102409) can0 2A2#0000D606000008AE
(1790953702.102531) can0 2A3#0002EB29FFFD410D
(1790953702.102658) can0 2A4#0001245BFFFD49A2
(1790953702.102781) can0 2A5#000007BF000007CA
(1790953702.102879) can0 2A6#FFFFF84700000253
(1790953702.103005) can0 2A7#00004EADFFFFFD8E
(1790953702.107287) can0 2A1#0100010000000000
(1790953702.107411) can0 2A2#0000D606000008AE
(1790953702.107506) can0 2A3#0002EB29FFFD410D
(1790953702.107635) can0 2A4#0001245BFFFD49A2
(1790953702.107754) can0 2A5#000007BF000007CA
(1790953702.107881) can0 2A6#FFFFF84700000253
(1790953702.108005) can0 2A7#00004EADFFFFFD8E
(1790953702.112322) can0 2A1#0100010000000000
(1790953702.112408) can0 2A2#0000D606000008AE
(1790953702.112532) can0 2A3#0002EB29FFFD410D
(1790953702.112657) can0 2A4#0001245BFFFD49A2
(1790953702.112756) can0 2A5#000007BF000007CA
(1790953702.112882) can0 2A6#FFFFF84700000253
(1790953702.113006) can0 2A7#00004EADFFFFFD8E
(1790953702.117304) can0 2A1#0100010000000000
(1790953702.117407) can0 2A2#0000D606000008AE
(1790953702.117536) can0 2A3#0002EB29FFFD410D
(1790953702.117656) can0 2A4#0001245BFFFD49A2
(1790953702.117755) can0 2A5#000007BF000007CA
(1790953702.117880) can0 2A6#FFFFF84700000253
(1790953702.118007) can0 2A7#00004EADFFFFFD8E
(1790953702.122292) can0 2A1#0100010000000000
(1790953702.122405) can0 2A2#0000D606000008AE
(1790953702.122531) can0 2A3#0002EB29FFFD410D
(1790953702.122655) can0 2A4#0001245BFFFD49A2
(1790953702.122779) can0 2A5#000007BF000007CA
(1790953702.122904) can0 2A6#FFFFF84700000253
(1790953702.123003) can0 2A7#00004EADFFFFFD8E
(1790953702.127283) can0 2A1#0100010000000000
(1790953702.127405) can0 2A2#0000D606000008AE
(1790953702.127507) can0 2A3#0002EB29FFFD410D
(1790953702.127631) can0 2A4#0001245BFFFD49A2
(1790953702.127757) can0 2A5#000007BF000007CA
(1790953702.127883) can0 2A6#FFFFF84700000253
(1790953702.128006) can0 2A7#00004EADFFFFFD8E
(1790953702.132303) can0 2A1#0100010000000000
(1790953702.132411) can0 2A2#0000D606000008AE
(1790953702.132535) can0 2A3#0002EB29FFFD410D
(1790953702.132658) can0 2A4#0001245BFFFD49A2
(1790953702.132784) can0 2A5#000007BF000007CA
(1790953702.132910) can0 2A6#FFFFF84700000253
(1790953702.133010) can0 2A7#00004EADFFFFFD8E
(1790953702.137286) can0 2A1#0100010000000000
(1790953702.137405) can0 2A2#0000D606000008AE
(1790953702.137533) can0 2A3#0002EB29FFFD410D
(1790953702.137632) can0 2A4#0001245BFFFD49A2
(1790953702.137757) can0 2A5#000007BF000007CA
(1790953702.137882) can0 2A6#FFFFF84700000253
(1790953702.138005) can0 2A7#00004EADFFFFFD8E
(1790953702.142316) can0 2A1#0100010000000000
(1790953702.142406) can0 2A2#0000D606000008AE
(1790953702.142532) can0 2A3#0002EB29FFFD410D
(1790953702.142656) can0 2A4#0001245BFFFD49A2
(1790953702.142781) can0 2A5#000007BF000007CA
(1790953702.142905) can0 2A6#FFFFF84700000253
(1790953702.143031) can0 2A7#00004EADFFFFFD8E
(1790953702.147288) can0 2A1#0100010000000000
(1790953702.147407) can0 2A2#0000D606000008AE
(1790953702.147537) can0 2A3#0002EB29FFFD410D
(1790953702.147656) can0 2A4#0001245BFFFD49A2
(1790953702.147757) can0 2A5#000007BF000007CA
(1790953702.147888) can0 2A6#FFFFF84700000253
(1790953702.148009) can0 2A7#00004EADFFFFFD8E
(1790953702.152309) can0 2A1#0100010000000000
(1790953702.152410) can0 2A2#0000D606000008AE
(1790953702.152531) can0 2A3#0002EB29FFFD410D
(1790953702.152657) can0 2A4#0001245BFFFD49A2
(1790953702.152782) can0 2A5#000007BF000007CA
(1790953702.152882) can0 2A6#FFFFF84700000253
(1790953702.153007) can0 2A7#00004EADFFFFFD8E
(1790953702.157285) can0 2A1#0100010000000000
(1790953702.157403) can0 2A2#0000D606000008AE
(1790953702.157506) can0 2A3#0002EB29FFFD410D
(1790953702.157629) can0 2A4#0001245BFFFD49A2
(1790953702.157753) can0 2A5#000007BF000007CA
(1790953702.157880) can0 2A6#FFFFF84700000253
(1790953702.158005) can0 2A7#00004EADFFFFFD8E
(1790953702.162310) can0 2A1#0100010000000000
(1790953702.162442) can0 2A2#0000D606000008AE
(1790953702.162531) can0 2A3#0002EB29FFFD410D
(1790953702.162657) can0 2A4#0001245BFFFD49A2
(1790953702.162754) can0 2A5#000007BF000007CA
(1790953702.162881) can0 2A6#FFFFF84700000253
(1790953702.163006) can0 2A7#00004EADFFFFFD8E
(1790953702.167292) can0 2A1#0100010000000000
(1790953702.167406) can0 2A2#0000D606000008AE
(1790953702.167533) can0 2A3#0002EB29FFFD410D
(1790953702.167656) can0 2A4#0001245BFFFD49A2
(1790953702.167757) can0 2A5#000007BF000007CA
(1790953702.167882) can0 2A6#FFFFF84700000253
(1790953702.168008) can0 2A7#00004EADFFFFFD8E
(1790953702.172287) can0 2A1#0100010000000000
(1790953702.172405) can0 2A2#0000D606000008AE
(1790953702.172532) can0 2A3#0002EB29FFFD410D
(1790953702.172656) can0 2A4#0001245BFFFD49A2
(1790953702.172782) can0 2A5#000007BF000007CA
(1790953702.172907) can0 2A6#FFFFF84700000253
(1790953702.173032) can0 2A7#00004EADFFFFFD8E
(1790953702.177294) can0 2A1#0100010000000000
(1790953702.177381) can0 2A2#0000D606000008AE
(1790953702.177533) can0 2A3#0002EB29FFFD410D
(1790953702.177658) can0 2A4#0001245BFFFD49A2
(1790953702.177758) can0 2A5#000007BF000007CA
(1790953702.177890) can0 2A6#FFFFF84700000253
(1790953702.178006) can0 2A7#00004EADFFFFFD8E
(1790953702.182324) can0 2A1#0100010000000000
(1790953702.182407) can0 2A2#0000D606000008AE
(1790953702.182531) can0 2A3#0002EB29FFFD410D
(1790953702.182656) can0 2A4#0001245BFFFD49A2
(1790953702.182783) can0 2A5#000007BF000007CA
(1790953702.182907) can0 2A6#FFFFF84700000253
(1790953702.183006) can0 2A7#00004EADFFFFFD8E
(1790953702.187317) can0 2A1#0100010000000000
(1790953702.187403) can0 2A2#0000D606000008AE
(1790953702.187505) can0 2A3#0002EB29FFFD410D
(1790953702.187652) can0 2A4#0001245BFFFD49A2
(1790953702.187778) can0 2A5#000007BF000007CA
(1790953702.187878) can0 2A6#FFFFF84700000253
(1790953702.188003) can0 2A7#00004EADFFFFFD8E
(1790953702.192292) can0 2A1#0100010000000000
(1790953702.192403) can0 2A2#0000D606000008AE
(1790953702.192529) can0 2A3#0002EB29FFFD410D
(1790953702.192653) can0 2A4#0001245BFFFD49A2
(1790953702.192779) can0 2A5#000007BF000007CA
(1790953702.192905) can0 2A6#FFFFF84700000253
(1790953702.193030) can0 2A7#00004EADFFFFFD8E
(1790953702.197291) can0 2A1#0100010000000000
(1790953702.197408) can0 2A2#0000D606000008AE
(1790953702.197505) can0 2A3#0002EB29FFFD410D
(1790953702.197632) can0 2A4#0001245BFFFD49A2
(1790953702.197757) can0 2A5#000007BF000007CA
(1790953702.197883) can0 2A6#FFFFF84700000253
(1790953702.198006) can0 2A7#00004EADFFFFFD8E
(1790953702.202296) can0 2A1#0100010000000000
(1790953702.202406) can0 2A2#0000D606000008AE
(1790953702.202531) can0 2A3#0002EB29FFFD410D
(1790953702.202656) can0 2A4#0001245BFFFD49A2
(1790953702.202782) can0 2A5#000007BF000007CA
(1790953702.202908) can0 2A6#FFFFF84700000253
(1790953702.203006) can0 2A7#00004EADFFFFFD8E
(1790953702.207287) can0 2A1#0100010000000000
(1790953702.207404) can0 2A2#0000D606000008AE
(1790953702.207531) can0 2A3#0002EB29FFFD410D
(1790953702.207656) can0 2A4#0001245BFFFD49A2
(1790953702.207754) can0 2A5#000007BF000007CA
(1790953702.207881) can0 2A6#FFFFF84700000253
(1790953702.208006) can0 2A7#00004EADFFFFFD8E
(1790953702.212286) can0 2A1#0100010000000000
(1790953702.212403) can0 2A2#0000D606000008AE
(1790953702.212532) can0 2A3#0002EB29FFFD410D
(1790953702.212724) can0 2A4#0001245BFFFD49A2
(1790953702.212779) can0 2A5#000007BF000007CA
(1790953702.212904) can0 2A6#FFFFF84700000253
(1790953702.213004) can0 2A7#00004EADFFFFFD8E
(1790953702.217291) can0 2A1#0100010000000000
(1790953702.217403) can0 2A2#0000D606000008AE
(1790953702.217505) can0 2A3#0002EB29FFFD410D
(1790953702.217655) can0 2A4#0001245BFFFD49A2
(1790953702.217755) can0 2A5#000007BF000007CA
(1790953702.217880) can0 2A6#FFFFF84700000253
(1790953702.218003) can0 2A7#00004EADFFFFFD8E
(1790953702.222281) can0 2A1#0100010000000000
(1790953702.222407) can0 2A2#0000D606000008AE
(1790953702.222531) can0 2A3#0002EB29FFFD410D
(1790953702.222657) can0 2A4#0001245BFFFD49A2
(1790953702.222781) can0 2A5#000007BF000007CA
(1790953702.222881) can0 2A6#FFFFF84700000253
(1790953702.223006) can0 2A7#00004EADFFFFFD8E
(1790953702.227284) can0 2A1#0100010000000000
(1790953702.227406) can0 2A2#0000D606000008AE
(1790953702.227505) can0 2A3#0002EB29FFFD410D
(1790953702.227657) can0 2A4#0001245BFFFD49A2
(1790953702.227781) can0 2A5#000007BF000007CA
(1790953702.227881) can0 2A6#FFFFF84700000253
(1790953702.228004) can0 2A7#00004EADFFFFFD8E
(1790953702.232316) can0 2A1#0100010000000000
(1790953702.232405) can0 2A2#0000D606000008AE
(1790953702.232532) can0 2A3#0002EB29FFFD410D
(1790953702.232657) can0 2A4#0001245BFFFD49A2
(1790953702.232756) can0 2A5#000007BF000007CA
(1790953702.232907) can0 2A6#FFFFF84700000253
(1790953702.233031) can0 2A7#00004EADFFFFFD8E
(1790953702.237286) can0 2A1#0100010000000000
(1790953702.237403) can0 2A2#0000D606000008AE
(1790953702.237505) can0 2A3#0002EB29FFFD410D
(1790953702.237654) can0 2A4#0001245BFFFD49A2
(1790953702.237753) can0 2A5#000007BF000007CA
(1790953702.237880) can0 2A6#FFFFF84700000253
(1790953702.238005) can0 2A7#00004EADFFFFFD8E
(1790953702.242289) can0 2A1#0100010000000000
(1790953702.242402) can0 2A2#0000D606000008AE
(1790953702.242529) can0 2A3#0002EB29FFFD410D
(1790953702.242656) can0 2A4#0001245BFFFD49A2
(1790953702.242779) can0 2A5#000007BF000007CA
(1790953702.242904) can0 2A6#FFFFF84700000253
(1790953702.243005) can0 2A7#00004EADFFFFFD8E
(1790953702.247283) can0 2A1#0100010000000000
(1790953702.247405) can0 2A2#0000D606000008AE
(1790953702.247507) can0 2A3#0002EB29FFFD410D
(1790953702.247655) can0 2A4#0001245BFFFD49A2
(1790953702.247754) can0 2A5#000007BF000007CA
(1790953702.247881) can0 2A6#FFFFF84700000253
(1790953702.248016) can0 2A7#00004EADFFFFFD8E
(1790953702.252297) can0 2A1#0100010000000000
(1790953702.252405) can0 2A2#0000D606000008AE
(1790953702.252530) can0 2A3#0002EB29FFFD410D
(1790953702.252654) can0 2A4#0001245BFFFD49A2
(1790953702.252779) can0 2A5#000007BF000007CA
(1790953702.252906) can0 2A6#FFFFF84700000253
(1790953702.253005) can0 2A7#00004EADFFFFFD8E
(1790953702.257297) can0 2A1#0100010000000000
(1790953702.257407) can0 2A2#0000D606000008AE
(1790953702.257530) can0 2A3#0002EB29FFFD410D
(1790953702.257629) can0 2A4#0001245BFFFD49A2
(1790953702.257754) can0 2A5#000007BF000007CA
(1790953702.257880) can0 2A6#FFFFF84700000253
(1790953702.258030) can0 2A7#00004EADFFFFFD8E
(1790953702.262280) can0 2A1#0100010000000000
(1790953702.262405) can0 2A2#0000D606000008AE
(1790953702.262531) can0 2A3#0002EB29FFFD410D
(1790953702.262653) can0 2A4#0001245BFFFD49A2
(1790953702.262783) can0 2A5#000007BF000007CA
(1790953702.262905) can0 2A6#FFFFF84700000253
(1790953702.263030) can0 2A7#00004EADFFFFFD8E
(1790953702.267297) can0 2A1#0100010000000000
(1790953702.267407) can0 2A2#0000D606000008AE
(1790953702.267506) can0 2A3#0002EB29FFFD410D
(1790953702.267656) can0 2A4#0001245BFFFD49A2
(1790953702.267780) can0 2A5#000007BF000007CA
(1790953702.267881) can0 2A6#FFFFF84700000253
(1790953702.268006) can0 2A7#00004EADFFFFFD8E
(1790953702.272310) can0 2A1#0100010000000000
(1790953702.272405) can0 2A2#0000D606000008AE
(1790953702.272531) can0 2A3#0002EB29FFFD410D
(1790953702.272657) can0 2A4#0001245BFFFD49A2
(1790953702.272781) can0 2A5#000007BF000007CA
(1790953702.272882) can0 2A6#FFFFF84700000253
(1790953702.273007) can0 2A7#00004EADFFFFFD8E
(1790953702.277288) can0 2A1#0100010000000000
(1790953702.277405) can0 2A2#0000D606000008AE
(1790953702.277531) can0 2A3#0002EB29FFFD410D
(1790953702.277655) can0 2A4#0001245BFFFD49A2
(1790953702.277756) can0 2A5#000007BF000007CA
(1790953702.277881) can0 2A6#FFFFF84700000253
(1790953702.278007) can0 2A7#00004EADFFFFFD8E
(1790953702.282294) can0 2A1#0100010000000000
(1790953702.282405) can0 2A2#0000D606000008AE
(1790953702.282531) can0 2A3#0002EB29FFFD410D
(1790953702.282656) can0 2A4#0001245BFFFD49A2
(1790953702.282781) can0 2A5#000007BF000007CA
(1790953702.282907) can0 2A6#FFFFF84700000253
(1790953702.283007) can0 2A7#00004EADFFFFFD8E
(1790953702.287293) can0 2A1#0100010000000000
(1790953702.287403) can0 2A2#0000D606000008AE
(1790953702.287529) can0 2A3#0002EB29FFFD410D
(1790953702.287654) can0 2A4#0001245BFFFD49A2
(1790953702.287752) can0 2A5#000007BF000007CA
(1790953702.287881) can0 2A6#FFFFF84700000253
(1790953702.288002) can0 2A7#00004EADFFFFFD8E
(1790953702.292308) can0 2A1#0100010000000000
(1790953702.292415) can0 2A2#0000D606000008AE
(1790953702.292531) can0 2A3#0002EB29FFFD410D
(1790953702.292654) can0 2A4#0001245BFFFD49A2
(1790953702.292779) can0 2A5#000007BF000007CA
(1790953702.292892) can0 2A6#FFFFF84700000253
(1790953702.293004) can0 2A7#00004EADFFFFFD8E
(1790953702.297288) can0 2A1#0100010000000000
(1790953702.297407) can0 2A2#0000D606000008AE
(1790953702.297531) can0 2A3#0002EB29FFFD410D
(1790953702.297659) can0 2A4#0001245BFFFD49A2
(1790953702.297756) can0 2A5#000007BF000007CA
(1790953702.297881) can0 2A6#FFFFF84700000253
(1790953702.298006) can0 2A7#00004EADFFFFFD8E
(1790953702.302285) can0 2A1#0100010000000000
(1790953702.302407) can0 2A2#0000D606000008AE
(1790953702.302531) can0 2A3#0002EB29FFFD410D
(1790953702.302656) can0 2A4#0001245BFFFD49A2
(1790953702.302781) can0 2A5#000007BF000007CA
(1790953702.302907) can0 2A6#FFFFF84700000253
(1790953702.303007) can0 2A7#00004EADFFFFFD8E
(1790953702.307284) can0 2A1#0100010000000000
(1790953702.307404) can0 2A2#0000D606000008AE
(1790953702.307507) can0 2A3#0002EB29FFFD410D
(1790953702.307631) can0 2A4#0001245BFFFD49A2
(1790953702.307755) can0 2A5#000007BF000007CA
(1790953702.307881) can0 2A6#FFFFF84700000253
(1790953702.308006) can0 2A7#00004EADFFFFFD8E
(1790953702.312291) can0 2A1#0100010000000000
(1790953702.312405) can0 2A2#0000D606000008AE
(1790953702.312533) can0 2A3#0002EB29FFFD410D
(1790953702.312657) can0 2A4#0001245BFFFD49A2
(1790953702.312780) can0 2A5#000007BF000007CA
(1790953702.312880) can0 2A6#FFFFF84700000253
(1790953702.313010) can0 2A7#00004EADFFFFFD8E
(1790953702.317306) can0 2A1#0100010000000000
(1790953702.317405) can0 2A2#0000D606000008AE
(1790953702.317531) can0 2A3#0002EB29FFFD410D
(1790953702.317631) can0 2A4#0001245BFFFD49A2
(1790953702.317756) can0 2A5#000007BF000007CA
(1790953702.317881) can0 2A6#FFFFF84700000253
(1790953702.318007) can0 2A7#00004EADFFFFFD8E
(1790953702.322322) can0 2A1#0100010000000000
(1790953702.322405) can0 2A2#0000D606000008AE
(1790953702.322531) can0 2A3#0002EB29FFFD410D
(1790953702.322656) can0 2A4#0001245BFFFD49A2
(1790953702.322781) can0 2A5#000007BF000007CA
(1790953702.322907) can0 2A6#FFFFF84700000253
(1790953702.323031) can0 2A7#00004EADFFFFFD8E
(1790953702.327296) can0 2A1#0100010000000000
(1790953702.327436) can0 2A2#0000D606000008AE
(1790953702.327532) can0 2A3#0002EB29FFFD410D
(1790953702.327657) can0 2A4#0001245BFFFD49A2
(1790953702.327756) can0 2A5#000007BF000007CA
(1790953702.327882) can0 2A6#FFFFF84700000253
(1790953702.328007) can0 2A7#00004EADFFFFFD8E
(1790953702.332306) can0 2A1#0100010000000000
(1790953702.332413) can0 2A2#0000D606000008AE
(1790953702.332535) can0 2A3#0002EB29FFFD410D
(1790953702.332657) can0 2A4#0001245BFFFD49A2
(1790953702.332781) can0 2A5#000007BF000007CA
(1790953702.332907) can0 2A6#FFFFF84700000253
(1790953702.333005) can0 2A7#00004EADFFFFFD8E
(1790953702.337292) can0 2A1#0100010000000000
(1790953702.337407) can0 2A2#0000D606000008AE
(1790953702.337532) can0 2A3#0002EB29FFFD410D
(1790953702.337630) can0 2A4#0001245BFFFD49A2
(1790953702.337755) can0 2A5#000007BF000007CA
(1790953702.337883) can0 2A6#FFFFF84700000253
(1790953702.338006) can0 2A7#00004EADFFFFFD8E
(1790953702.342323) can0 2A1#0100010000000000
(1790953702.342406) can0 2A2#0000D606000008AE
(1790953702.342532) can0 2A3#0002EB29FFFD410D
(1790953702.342656) can0 2A4#0001245BFFFD49A2
(1790953702.342781) can0 2A5#000007BF000007CA
(1790953702.342906) can0 2A6#FFFFF84700000253
(1790953702.343033) can0 2A7#00004EADFFFFFD8E
(1790953702.347308) can0 2A1#0100010000000000
(1790953702.347405) can0 2A2#0000D606000008AE
(1790953702.347532) can0 2A3#0002EB29FFFD410D
(1790953702.347631) can0 2A4#0001245BFFFD49A2
(1790953702.347757) can0 2A5#000007BF000007CA
(1790953702.347882) can0 2A6#FFFFF84700000253
(1790953702.348007) can0 2A7#00004EADFFFFFD8E
(1790953702.352318) can0 2A1#0100010000000000
(1790953702.352408) can0 2A2#0000D606000008AE
(1790953702.352539) can0 2A3#0002EB29FFFD410D
(1790953702.352657) can0 2A4#0001245BFFFD49A2
(1790953702.352781) can0 2A5#000007BF000007CA
(1790953702.352906) can0 2A6#FFFFF84700000253
(1790953702.353031) can0 2A7#00004EADFFFFFD8E
(1790953702.357299) can0 2A1#0100010000000000
(1790953702.357405) can0 2A2#0000D606000008AE
(1790953702.357541) can0 2A3#0002EB29FFFD410D
(1790953702.357631) can0 2A4#0001245BFFFD49A2
(1790953702.357756) can0 2A5#000007BF000007CA
(1790953702.357883) can0 2A6#FFFFF84700000253
(1790953702.358007) can0 2A7#00004EADFFFFFD8E
(1790953702.362332) can0 2A1#0100010000000000
(1790953702.362407) can0 2A2#0000D606000008AE
(1790953702.362532) can0 2A3#0002EB29FFFD410D
(1790953702.362657) can0 2A4#0001245BFFFD49A2
(1790953702.362782) can0 2A5#000007BF000007CA
(1790953702.362908) can0 2A6#FFFFF84700000253
(1790953702.363032) can0 2A7#00004EADFFFFFD8E
(1790953702.367298) can0 2A1#0100010000000000
(1790953702.367405) can0 2A2#0000D606000008AE
(1790953702.367532) can0 2A3#0002EB29FFFD410D
(1790953702.367638) can0 2A4#0001245BFFFD49A2
(1790953702.367755) can0 2A5#000007BF000007CA
(1790953702.367881) can0 2A6#FFFFF84700000253
(1790953702.368007) can0 2A7#00004EADFFFFFD8E
(1790953702.372332) can0 2A1#0100010000000000
(1790953702.372410) can0 2A2#0000D606000008AE
(1790953702.372531) can0 2A3#0002EB29FFFD410D
(1790953702.372656) can0 2A4#0001245BFFFD49A2
(1790953702.372756) can0 2A5#000007BF000007CA
(1790953702.372906) can0 2A6#FFFFF84700000253
(1790953702.373007) can0 2A7#00004EADFFFFFD8E
(1790953702.377290) can0 2A1#0100010000000000
(1790953702.377406) can0 2A2#0000D606000008AE
(1790953702.377532) can0 2A3#0002EB29FFFD410D
(1790953702.377656) can0 2A4#0001245BFFFD49A2
(1790953702.377756) can0 2A5#000007BF000007CA
(1790953702.377881) can0 2A6#FFFFF84700000253
(1790953702.378006) can0 2A7#00004EADFFFFFD8E
(1790953702.382311) can0 2A1#0100010000000000
(1790953702.382406) can0 2A2#0000D606000008AE
(1790953702.382532) can0 2A3#0002EB29FFFD410D
(1790953702.382657) can0 2A4#0001245BFFFD49A2
(1790953702.382755) can0 2A5#000007BF000007CA
(1790953702.382907) can0 2A6#FFFFF84700000253
(1790953702.383005) can0 2A7#00004EADFFFFFD8E
(1790953702.387317) can0 2A1#0100010000000000
(1790953702.387408) can0 2A2#0000D606000008AE
(1790953702.387532) can0 2A3#0002EB29FFFD410D
(1790953702.387657) can0 2A4#0001245BFFFD49A2
(1790953702.387756) can0 2A5#000007BF000007CA
(1790953702.387882) can0 2A6#FFFFF84700000253
(1790953702.388007) can0 2A7#00004EADFFFFFD8E
(1790953702.392302) can0 2A1#0100010000000000
(1790953702.392408) can0 2A2#0000D606000008AE
(1790953702.392531) can0 2A3#0002EB29FFFD410D
(1790953702.392655) can0 2A4#0001245BFFFD49A2
(1790953702.392779) can0 2A5#000007BF000007CA
(1790953702.392907) can0 2A6#FFFFF84700000253
(1790953702.393009) can0 2A7#00004EADFFFFFD8E
(1790953702.397286) can0 2A1#0100010000000000
(1790953702.397409) can0 2A2#0000D606000008AE
(1790953702.397534) can0 2A3#0002EB29FFFD410D
(1790953702.397658) can0 2A4#0001245BFFFD49A2
(1790953702.397755) can0 2A5#000007BF000007CA
(1790953702.397889) can0 2A6#FFFFF84700000253
(1790953702.398006) can0 2A7#00004EADFFFFFD8E
(1790953702.402306) can0 2A1#0100010000000000
(1790953702.402412) can0 2A2#0000D606000008AE
(1790953702.402534) can0 2A3#0002EB29FFFD410D
(1790953702.402657) can0 2A4#0001245BFFFD49A2
(1790953702.402781) can0 2A5#000007BF000007CA
(1790953702.402881) can0 2A6#FFFFF84700000253
(1790953702.403007) can0 2A7#00004EADFFFFFD8E
(1790953702.407290) can0 2A1#0100010000000000
(1790953702.407406) can0 2A2#0000D606000008AE
(1790953702.407508) can0 2A3#0002EB29FFFD410D
(1790953702.407657) can0 2A4#0001245BFFFD49A2
(1790953702.407781) can0 2A5#000007BF000007CA
(1790953702.407882) can0 2A6#FFFFF84700000253
(1790953702.408006) can0 2A7#00004EADFFFFFD8E
(1790953702.412334) can0 2A1#0100010000000000
(1790953702.412406) can0 2A2#0000D606000008AE
(1790953702.412535) can0 2A3#0002EB29FFFD410D
(1790953702.412657) can0 2A4#0001245BFFFD49A2
(1790953702.412782) can0 2A5#000007BF000007CA
(1790953702.412908) can0 2A6#FFFFF84700000253
(1790953702.413016) can0 2A7#00004EADFFFFFD8E
(1790953702.417300) can0 2A1#0100010000000000
(1790953702.417409) can0 2A2#0000D606000008AE
(1790953702.417532) can0 2A3#0002EB29FFFD410D
(1790953702.417656) can0 2A4#0001245BFFFD49A2
(1790953702.417756) can0 2A5#000007BF000007CA
(1790953702.417882) can0 2A6#FFFFF84700000253
(1790953702.418013) can0 2A7#00004EADFFFFFD8E
(1790953702.422340) can0 2A1#0100010000000000
(1790953702.422412) can0 2A2#0000D606000008AE
(1790953702.422532) can0 2A3#0002EB29FFFD410D
(1790953702.422657) can0 2A4#0001245BFFFD49A2
(1790953702.422781) can0 2A5#000007BF000007CA
(1790953702.422909) can0 2A6#FFFFF84700000253
(1790953702.423032) can0 2A7#00004EADFFFFFD8E
(1790953702.427296) can0 2A1#0100010000000000
(1790953702.427408) can0 2A2#0000D606000008AE
(1790953702.427537) can0 2A3#0002EB29FFFD410D
(1790953702.427656) can0 2A4#0001245BFFFD49A2
(1790953702.427756) can0 2A5#000007BF000007CA
(1790953702.427882) can0 2A6#FFFFF84700000253
(1790953702.428007) can0 2A7#00004EADFFFFFD8E
(1790953702.432289) can0 2A1#0100010000000000
(1790953702.432411) can0 2A2#0000D606000008AE
(1790953702.432532) can0 2A3#0002EB29FFFD410D
(1790953702.432658) can0 2A4#0001245BFFFD49A2
(1790953702.432784) can0 2A5#000007BF000007CA
(1790953702.432907) can0 2A6#FFFFF84700000253
(1790953702.433006) can0 2A7#00004EADFFFFFD8E
(1790953702.437315) can0 2A1#0100010000000000
(1790953702.437405) can0 2A2#0000D606000008AE
(1790953702.437532) can0 2A3#0002EB29FFFD410D
(1790953702.437657) can0 2A4#0001245BFFFD49A2
(1790953702.437756) can0 2A5#000007BF000007CA
(1790953702.437882) can0 2A6#FFFFF84700000253
(1790953702.438007) can0 2A7#00004EADFFFFFD8E
(1790953702.442307) can0 2A1#0100010000000000
(1790953702.442409) can0 2A2#0000D606000008AE
(1790953702.442532) can0 2A3#0002EB29FFFD410D
(1790953702.442656) can0 2A4#0001245BFFFD49A2
(1790953702.442781) can0 2A5#000007BF000007CA
(1790953702.442907) can0 2A6#FFFFF84700000253
(1790953702.443032) can0 2A7#00004EADFFFFFD8E
(1790953702.447290) can0 2A1#0100010000000000
(1790953702.447405) can0 2A2#0000D606000008AE
(1790953702.447532) can0 2A3#0002EB29FFFD410D
(1790953702.447631) can0 2A4#0001245BFFFD49A2
(1790953702.447756) can0 2A5#000007BF000007CA
(1790953702.447884) can0 2A6#FFFFF84700000253
(1790953702.448006) can0 2A7#00004EADFFFFFD8E
(1790953702.452331) can0 2A1#0100010000000000
(1790953702.452431) can0 2A2#0000D606000008AE
(1790953702.452532) can0 2A3#0002EB29FFFD410D
(1790953702.452656) can0 2A4#0001245BFFFD49A2
(1790953702.452781) can0 2A5#000007BF000007CA
(1790953702.452881) can0 2A6#FFFFF84700000253
(1790953702.453007) can0 2A7#00004EADFFFFFD8E
(1790953702.457291) can0 2A1#0100010000000000
(1790953702.457406) can0 2A2#0000D606000008AE
(1790953702.457531) can0 2A3#0002EB29FFFD410D
(1790953702.457632) can0 2A4#0001245BFFFD49A2
(1790953702.457756) can0 2A5#000007BF000007CA
(1790953702.457901) can0 2A6#FFFFF84700000253
(1790953702.458015) can0 2A7#00004EADFFFFFD8E
(1790953702.462307) can0 2A1#0100010000000000
(1790953702.462430) can0 2A2#0000D606000008AE
(1790953702.462530) can0 2A3#0002EB29FFFD410D
(1790953702.462655) can0 2A4#0001245BFFFD49A2
(1790953702.462781) can0 2A5#000007BF000007CA
(1790953702.462883) can0 2A6#FFFFF84700000253
(1790953702.463007) can0 2A7#00004EADFFFFFD8E
(1790953702.467286) can0 2A1#0100010000000000
(1790953702.467405) can0 2A2#0000D606000008AE
(1790953702.467531) can0 2A3#0002EB29FFFD410D
(1790953702.467654) can0 2A4#0001245BFFFD49A2
(1790953702.467780) can0 2A5#000007BF000007CA
(1790953702.467881) can0 2A6#FFFFF84700000253
(1790953702.468006) can0 2A7#00004EADFFFFFD8E
(1790953702.472308) can0 2A1#0100010000000000
(1790953702.472406) can0 2A2#0000D606000008AE
(1790953702.472531) can0 2A3#0002EB29FFFD410D
(1790953702.472656) can0 2A4#0001245BFFFD49A2
(1790953702.472781) can0 2A5#000007BF000007CA
(1790953702.472906) can0 2A6#FFFFF84700000253
(1790953702.473031) can0 2A7#00004EADFFFFFD8E
(1790953702.477292) can0 2A1#0100010000000000
(1790953702.477407) can0 2A2#0000D606000008AE
(1790953702.477530) can0 2A3#0002EB29FFFD410D
(1790953702.477633) can0 2A4#0001245BFFFD49A2
(1790953702.477755) can0 2A5#000007BF000007CA
(1790953702.477881) can0 2A6#FFFFF84700000253
(1790953702.478006) can0 2A7#00004EADFFFFFD8E
(1790953702.482291) can0 2A1#0100010000000000
(1790953702.482405) can0 2A2#0000D606000008AE
(1790953702.482531) can0 2A3#0002EB29FFFD410D
(1790953702.482656) can0 2A4#0001245BFFFD49A2
(1790953702.482780) can0 2A5#000007BF000007CA
(1790953702.482906) can0 2A6#FFFFF84700000253
(1790953702.483031) can0 2A7#00004EADFFFFFD8E
(1790953702.487315) can0 2A1#0100010000000000
(1790953702.487406) can0 2A2#0000D606000008AE
(1790953702.487532) can0 2A3#0002EB29FFFD410D
(1790953702.487656) can0 2A4#0001245BFFFD49A2
(1790953702.487755) can0 2A5#000007BF000007CA
(1790953702.487880) can0 2A6#FFFFF84700000253
(1790953702.488006) can0 2A7#00004EADFFFFFD8E
(1790953702.492313) can0 2A1#0100010000000000
(1790953702.492431) can0 2A2#0000D606000008AE
(1790953702.492531) can0 2A3#0002EB29FFFD410D
(1790953702.492657) can0 2A4#0001245BFFFD49A2
(1790953702.492780) can0 2A5#000007BF000007CA
(1790953702.492883) can0 2A6#FFFFF84700000253
(1790953702.493006) can0 2A7#00004EADFFFFFD8E
(1790953702.497293) can0 2A1#0100010000000000
(1790953702.497409) can0 2A2#0000D606000008AE
(1790953702.497532) can0 2A3#0002EB29FFFD410D
(1790953702.497657) can0 2A4#0001245BFFFD49A2
(1790953702.497757) can0 2A5#000007BF000007CA
(1790953702.497882) can0 2A6#FFFFF84700000253
(1790953702.498008) can0 2A7#00004EADFFFFFD8E
(1790953702.502322) can0 2A1#0100010000000000
(1790953702.502406) can0 2A2#0000D606000008AE
(1790953702.502530) can0 2A3#0002EB29FFFD410D
(1790953702.502655) can0 2A4#0001245BFFFD49A2
(1790953702.502781) can0 2A5#000007BF000007CA
(1790953702.502905) can0 2A6#FFFFF84700000253
(1790953702.503030) can0 2A7#00004EADFFFFFD8E
(1790953702.507284) can0 2A1#0100010000000000
(1790953702.507409) can0 2A2#0000D606000008AE
(1790953702.507530) can0 2A3#0002EB29FFFD410D
(1790953702.507656) can0 2A4#0001245BFFFD49A2
(1790953702.507764) can0 2A5#000007BF000007CA
(1790953702.507883) can0 2A6#FFFFF84700000253
(1790953702.508006) can0 2A7#00004EADFFFFFD8E
(1790953702.512319) can0 2A1#0100010000000000
(1790953702.512405) can0 2A2#0000D606000008AE
(1790953702.512533) can0 2A3#0002EB29FFFD410D
(1790953702.512657) can0 2A4#0001245BFFFD49A2
(1790953702.512788) can0 2A5#000007BF000007CA
(1790953702.512910) can0 2A6#FFFFF84700000253
(1790953702.513032) can0 2A7#00004EADFFFFFD8E
(1790953702.517286) can0 2A1#0100010000000000
(1790953702.517407) can0 2A2#0000D606000008AE
(1790953702.517532) can0 2A3#0002EB29FFFD410D
(1790953702.517638) can0 2A4#0001245BFFFD49A2
(1790953702.517756) can0 2A5#000007BF000007CA
(1790953702.517884) can0 2A6#FFFFF84700000253
(1790953702.518007) can0 2A7#00004EADFFFFFD8E
(1790953702.522335) can0 2A1#0100010000000000
(1790953702.522415) can0 2A2#0000D606000008AE
(1790953702.522534) can0 2A3#0002EB29FFFD410D
(1790953702.522657) can0 2A4#0001245BFFFD49A2
(1790953702.522782) can0 2A5#000007BF000007CA
(1790953702.522908) can0 2A6#FFFFF84700000253
(1790953702.523033) can0 2A7#00004EADFFFFFD8E
(1790953702.527288) can0 2A1#0100010000000000
(1790953702.527406) can0 2A2#0000D606000008AE
(1790953702.527536) can0 2A3#0002EB29FFFD410D
(1790953702.527633) can0 2A4#0001245BFFFD49A2
(1790953702.527758) can0 2A5#000007BF000007CA
(1790953702.527884) can0 2A6#FFFFF84700000253
(1790953702.528008) can0 2A7#00004EADFFFFFD8E
(1790953702.532316) can0 2A1#0100010000000000
(1790953702.532431) can0 2A2#0000D606000008AE
(1790953702.532533) can0 2A3#0002EB29FFFD410D
(1790953702.532658) can0 2A4#0001245BFFFD49A2
(1790953702.532782) can0 2A5#000007BF000007CA
(1790953702.532882) can0 2A6#FFFFF84700000253
(1790953702.533005) can0 2A7#00004EADFFFFFD8E
(1790953702.537313) can0 2A1#0100010000000000
(1790953702.537407) can0 2A2#0000D606000008AE
(1790953702.537531) can0 2A3#0002EB29FFFD410D
(1790953702.537630) can0 2A4#0001245BFFFD49A2
(1790953702.537755) can0 2A5#000007BF000007CA
(1790953702.537880) can0 2A6#FFFFF84700000253
(1790953702.538006) can0 2A7#00004EADFFFFFD8E
(1790953702.542314) can0 2A1#0100010000000000
(1790953702.542432) can0 2A2#0000D606000008AE
(1790953702.542533) can0 2A3#0002EB29FFFD410D
(1790953702.542658) can0 2A4#0001245BFFFD49A2
(1790953702.542757) can0 2A5#000007BF000007CA
(1790953702.542908) can0 2A6#FFFFF84700000253
(1790953702.543031) can0 2A7#00004EADFFFFFD8E
(1790953702.547286) can0 2A1#0100010000000000
(1790953702.547408) can0 2A2#0000D606000008AE
(1790953702.547530) can0 2A3#0002EB29FFFD410D
(1790953702.547655) can0 2A4#0001245BFFFD49A2
(1790953702.547755) can0 2A5#000007BF000007CA
(1790953702.547880) can0 2A6#FFFFF84700000253
(1790953702.548005) can0 2A7#00004EADFFFFFD8E
(1790953702.552319) can0 2A1#0100010000000000
(1790953702.552407) can0 2A2#0000D606000008AE
(1790953702.552530) can0 2A3#0002EB29FFFD410D
(1790953702.552656) can0 2A4#0001245BFFFD49A2
(1790953702.552780) can0 2A5#000007BF000007CA
(1790953702.552908) can0 2A6#FFFFF84700000253
(1790953702.553031) can0 2A7#00004EADFFFFFD8E
(1790953702.557289) can0 2A1#0100010000000000
(1790953702.557406) can0 2A2#0000D606000008AE
(1790953702.557530) can0 2A3#0002EB29FFFD410D
(1790953702.557656) can0 2A4#0001245BFFFD49A2
(1790953702.557757) can0 2A5#000007BF000007CA
(1790953702.557883) can0 2A6#FFFFF84700000253
(1790953702.558007) can0 2A7#00004EADFFFFFD8E
(1790953702.562318) can0 2A1#0100010000000000
(1790953702.562405) can0 2A2#0000D606000008AE
(1790953702.562534) can0 2A3#0002EB29FFFD410D
(1790953702.562656) can0 2A4#0001245BFFFD49A2
(1790953702.562781) can0 2A5#000007BF000007CA
(1790953702.562905) can0 2A6#FFFFF84700000253
(1790953702.563032) can0 2A7#00004EADFFFFFD8E
(1790953702.567285) can0 2A1#0100010000000000
(1790953702.567405) can0 2A2#0000D606000008AE
(1790953702.567532) can0 2A3#0002EB29FFFD410D
(1790953702.567657) can0 2A4#0001245BFFFD49A2
(1790953702.567780) can0 2A5#000007BF000007CA
(1790953702.567882) can0 2A6#FFFFF84700000253
(1790953702.568007) can0 2A7#00004EADFFFFFD8E
(1790953702.572311) can0 2A1#0100010000000000
(1790953702.572407) can0 2A2#0000D606000008AE
(1790953702.572532) can0 2A3#0002EB29FFFD410D
(1790953702.572657) can0 2A4#0001245BFFFD49A2
(1790953702.572782) can0 2A5#000007BF000007CA
(1790953702.572908) can0 2A6#FFFFF84700000253
(1790953702.573033) can0 2A7#00004EADFFFFFD8E
(1790953702.577285) can0 2A1#0100010000000000
(1790953702.577406) can0 2A2#0000D606000008AE
(1790953702.577532) can0 2A3#0002EB29FFFD410D
(1790953702.577657) can0 2A4#0001245BFFFD49A2
(1790953702.577757) can0 2A5#000007BF000007CA
(1790953702.577882) can0 2A6#FFFFF84700000253
(1790953702.578008) can0 2A7#00004EADFFFFFD8E
(1790953702.582320) can0 2A1#0100010000000000
(1790953702.582408) can0 2A2#0000D606000008AE
(1790953702.582535) can0 2A3#0002EB29FFFD410D
(1790953702.582658) can0 2A4#0001245BFFFD49A2
(1790953702.582783) can0 2A5#000007BF000007CA
(1790953702.582906) can0 2A6#FFFFF84700000253
(1790953702.583033) can0 2A7#00004EADFFFFFD8E
(1790953702.587285) can0 2A1#0100010000000000
(1790953702.587406) can0 2A2#0000D606000008AE
(1790953702.587532) can0 2A3#0002EB29FFFD410D
(1790953702.587658) can0 2A4#0001245BFFFD49A2
(1790953702.587755) can0 2A5#000007BF000007CA
(1790953702.587882) can0 2A6#FFFFF84700000253
(1790953702.588008) can0 2A7#00004EADFFFFFD8E
(1790953702.592319) can0 2A1#0100010000000000
(1790953702.592408) can0 2A2#0000D606000008AE
(1790953702.592534) can0 2A3#0002EB29FFFD410D
(1790953702.592658) can0 2A4#0001245BFFFD49A2
(1790953702.592782) can0 2A5#000007BF000007CA
(1790953702.592908) can0 2A6#FFFFF84700000253
(1790953702.593033) can0 2A7#00004EADFFFFFD8E
(1790953702.597284) can0 2A1#0100010000000000
(1790953702.597408) can0 2A2#0000D606000008AE
(1790953702.597534) can0 2A3#0002EB29FFFD410D
(1790953702.597637) can0 2A4#0001245BFFFD49A2
(1790953702.597758) can0 2A5#000007BF000007CA
(1790953702.597882) can0 2A6#FFFFF84700000253
(1790953702.598008) can0 2A7#00004EADFFFFFD8E
(1790953702.602313) can0 2A1#0100010000000000
(1790953702.602431) can0 2A2#0000D606000008AE
(1790953702.602532) can0 2A3#0002EB29FFFD410D
(1790953702.602658) can0 2A4#0001245BFFFD49A2
(1790953702.602782) can0 2A5#000007BF000007CA
(1790953702.602882) can0 2A6#FFFFF84700000253
(1790953702.603008) can0 2A7#00004EADFFFFFD8E
(1790953702.607288) can0 2A1#0100010000000000
(1790953702.607408) can0 2A2#0000D606000008AE
(1790953702.607531) can0 2A3#0002EB29FFFD410D
(1790953702.607634) can0 2A4#0001245BFFFD49A2
(1790953702.607757) can0 2A5#000007BF000007CA
(1790953702.607883) can0 2A6#FFFFF84700000253
(1790953702.608007) can0 2A7#00004EADFFFFFD8E
(1790953702.612309) can0 2A1#0100010000000000
(1790953702.612405) can0 2A2#0000D606000008AE
(1790953702.612531) can0 2A3#0002EB29FFFD410D
(1790953702.612656) can0 2A4#0001245BFFFD49A2
(1790953702.612757) can0 2A5#000007BF000007CA
(1790953702.612906) can0 2A6#FFFFF84700000253
(1790953702.613006) can0 2A7#00004EADFFFFFD8E
(1790953702.617287) can0 2A1#0100010000000000
(1790953702.617406) can0 2A2#0000D606000008AE
(1790953702.617534) can0 2A3#0002EB29FFFD410D
(1790953702.617658) can0 2A4#0001245BFFFD49A2
(1790953702.617756) can0 2A5#000007BF000007CA
(1790953702.617883) can0 2A6#FFFFF84700000253
(1790953702.618012) can0 2A7#00004EADFFFFFD8E
(1790953702.622283) can0 2A1#0100010000000000
(1790953702.622408) can0 2A2#0000D606000008AE
(1790953702.622533) can0 2A3#0002EB29FFFD410D
(1790953702.622656) can0 2A4#0001245BFFFD49A2
(1790953702.622783) can0 2A5#000007BF000007CA
(1790953702.622907) can0 2A6#FFFFF84700000253
(1790953702.623008) can0 2A7#00004EADFFFFFD8E
(1790953702.627294) can0 2A1#0100010000000000
(1790953702.627409) can0 2A2#0000D606000008AE
(1790953702.627534) can0 2A3#0002EB29FFFD410D
(1790953702.627658) can0 2A4#0001245BFFFD49A2
(1790953702.627757) can0 2A5#000007BF000007CA
(1790953702.627882) can0 2A6#FFFFF84700000253
(1790953702.628008) can0 2A7#00004EADFFFFFD8E
(1790953702.632288) can0 2A1#0100010000000000
(1790953702.632405) can0 2A2#0000D606000008AE
(1790953702.632532) can0 2A3#0002EB29FFFD410D
(1790953702.632655) can0 2A4#0001245BFFFD49A2
(1790953702.632781) can0 2A5#000007BF000007CA
(1790953702.632882) can0 2A6#FFFFF84700000253
(1790953702.633006) can0 2A7#00004EADFFFFFD8E
(1790953702.637285) can0 2A1#0100010000000000
(1790953702.637405) can0 2A2#0000D606000008AE
(1790953702.637533) can0 2A3#0002EB29FFFD410D
(1790953702.637639) can0 2A4#0001245BFFFD49A2
(1790953702.637782) can0 2A5#000007BF000007CA
(1790953702.637883) can0 2A6#FFFFF84700000253
(1790953702.638008) can0 2A7#00004EADFFFFFD8E
(1790953702.642315) can0 2A1#0100010000000000
(1790953702.642406) can0 2A2#0000D606000008AE
(1790953702.642536) can0 2A3#0002EB29FFFD410D
(1790953702.642657) can0 2A4#0001245BFFFD49A2
(1790953702.642780) can0 2A5#000007BF000007CA
(1790953702.642907) can0 2A6#FFFFF84700000253
(1790953702.643032) can0 2A7#00004EADFFFFFD8E
(1790953702.647284) can0 2A1#0100010000000000
(1790953702.647405) can0 2A2#0000D606000008AE
(1790953702.647507) can0 2A3#0002EB29FFFD410D
(1790953702.647657) can0 2A4#0001245BFFFD49A2
(1790953702.647781) can0 2A5#000007BF000007CA
(1790953702.647882) can0 2A6#FFFFF84700000253
(1790953702.648006) can0 2A7#00004EADFFFFFD8E
(1790953702.652319) can0 2A1#0100010000000000
(1790953702.652406) can0 2A2#0000D606000008AE
(1790953702.652534) can0 2A3#0002EB29FFFD410D
(1790953702.652658) can0 2A4#0001245BFFFD49A2
(1790953702.652780) can0 2A5#000007BF000007CA
(1790953702.652908) can0 2A6#FFFFF84700000253
(1790953702.653031) can0 2A7#00004EADFFFFFD8E
(1790953702.657301) can0 2A1#0100010000000000
(1790953702.657407) can0 2A2#0000D606000008AE
(1790953702.657532) can0 2A3#0002EB29FFFD410D
(1790953702.657657) can0 2A4#0001245BFFFD49A2
(1790953702.657756) can0 2A5#000007BF000007CA
(1790953702.657884) can0 2A6#FFFFF84700000253
(1790953702.658008) can0 2A7#00004EADFFFFFD8E
(1790953702.662313) can0 2A1#0100010000000000
(1790953702.662406) can0 2A2#0000D606000008AE
(1790953702.662532) can0 2A3#0002EB29FFFD410D
(1790953702.662656) can0 2A4#0001245BFFFD49A2
(1790953702.662782) can0 2A5#000007BF000007CA
(1790953702.662905) can0 2A6#FFFFF84700000253
(1790953702.663033) can0 2A7#00004EADFFFFFD8E
(1790953702.667283) can0 2A1#0100010000000000
(1790953702.667405) can0 2A2#0000D606000008AE
(1790953702.667533) can0 2A3#0002EB29FFFD410D
(1790953702.667632) can0 2A4#0001245BFFFD49A2
(1790953702.667758) can0 2A5#000007BF000007CA
(1790953702.667882) can0 2A6#FFFFF84700000253
(1790953702.668005) can0 2A7#00004EADFFFFFD8E
(1790953702.672323) can0 2A1#0100010000000000
(1790953702.672411) can0 2A2#0000D606000008AE
(1790953702.672532) can0 2A3#0002EB29FFFD410D
(1790953702.672657) can0 2A4#0001245BFFFD49A2
(1790953702.672782) can0 2A5#000007BF000007CA
(1790953702.672906) can0 2A6#FFFFF84700000253
(1790953702.673008) can0 2A7#00004EADFFFFFD8E
(1790953702.677286) can0 2A1#0100010000000000
(1790953702.677406) can0 2A2#0000D606000008AE
(1790953702.677533) can0 2A3#0002EB29FFFD410D
(1790953702.677657) can0 2A4#0001245BFFFD49A2
(1790953702.677756) can0 2A5#000007BF000007CA
(1790953702.677883) can0 2A6#FFFFF84700000253
(1790953702.678016) can0 2A7#00004EADFFFFFD8E
(1790953702.682293) can0 2A1#0100010000000000
(1790953702.682405) can0 2A2#0000D606000008AE
(1790953702.682556) can0 2A3#0002EB29FFFD410D
(1790953702.682656) can0 2A4#0001245BFFFD49A2
(1790953702.682780) can0 2A5#000007BF000007CA
(1790953702.682882) can0 2A6#FFFFF84700000253
(1790953702.683007) can0 2A7#00004EADFFFFFD8E
(1790953702.687295) can0 2A1#0100010000000000
(1790953702.687406) can0 2A2#0000D606000008AE
(1790953702.687532) can0 2A3#0002EB29FFFD410D
(1790953702.687632) can0 2A4#0001245BFFFD49A2
(1790953702.687757) can0 2A5#000007BF000007CA
(1790953702.687882) can0 2A6#FFFFF84700000253
(1790953702.688007) can0 2A7#00004EADFFFFFD8E
(1790953702.692322) can0 2A1#0100010000000000
(1790953702.692407) can0 2A2#0000D606000008AE
(1790953702.692532) can0 2A3#0002EB29FFFD410D
(1790953702.692657) can0 2A4#0001245BFFFD49A2
(1790953702.692782) can0 2A5#000007BF000007CA
(1790953702.692908) can0 2A6#FFFFF84700000253
(1790953702.693032) can0 2A7#00004EADFFFFFD8E
(1790953702.697368) can0 2A1#0100010000000000
(1790953702.697405) can0 2A2#0000D606000008AE
(1790953702.697534) can0 2A3#0002EB29FFFD410D
(1790953702.697655) can0 2A4#0001245BFFFD49A2
(1790953702.697755) can0 2A5#000007BF000007CA
(1790953702.697886) can0 2A6#FFFFF84700000253
(1790953702.698006) can0 2A7#00004EADFFFFFD8E
(1790953702.702311) can0 2A1#0100010000000000
(1790953702.702430) can0 2A2#0000D606000008AE
(1790953702.702532) can0 2A3#0002EB29FFFD410D
(1790953702.702657) can0 2A4#0001245BFFFD49A2
(1790953702.702782) can0 2A5#000007BF000007CA
(1790953702.703197) can0 2A6#FFFFF84700000253
(1790953702.703199) can0 2A7#00004EADFFFFFD8E
(1790953702.707288) can0 2A1#0100010000000000
(1790953702.707409) can0 2A2#0000D606000008AE
(1790953702.707533) can0 2A3#0002EB29FFFD410D
(1790953702.707659) can0 2A4#0001245BFFFD49A2
(1790953702.707783) can0 2A5#000007BF000007CA
(1790953702.707881) can0 2A6#FFFFF84700000253
(1790953702.708005) can0 2A7#00004EADFFFFFD8E
(1790953702.712312) can0 2A1#0100010000000000
(1790953702.712405) can0 2A2#0000D606000008AE
(1790953702.712531) can0 2A3#0002EB29FFFD410D
(1790953702.712655) can0 2A4#0001245BFFFD49A2
(1790953702.712779) can0 2A5#000007BF000007CA
(1790953702.712906) can0 2A6#FFFFF84700000253
(1790953702.713030) can0 2A7#00004EADFFFFFD8E
(1790953702.717296) can0 2A1#0100010000000000
(1790953702.717409) can0 2A2#0000D606000008AE
(1790953702.717533) can0 2A3#0002EB29FFFD410D
(1790953702.717658) can0 2A4#0001245BFFFD49A2
(1790953702.717757) can0 2A5#000007BF000007CA
(1790953702.717884) can0 2A6#FFFFF84700000253
(1790953702.718006) can0 2A7#00004EADFFFFFD8E
(1790953702.722326) can0 2A1#0100010000000000
(1790953702.722408) can0 2A2#0000D606000008AE
(1790953702.722532) can0 2A3#0002EB29FFFD410D
(1790953702.722657) can0 2A4#0001245BFFFD49A2
(1790953702.722781) can0 2A5#000007BF000007CA
(1790953702.722907) can0 2A6#FFFFF84700000253
(1790953702.723032) can0 2A7#00004EADFFFFFD8E
(1790953702.727288) can0 2A1#0100010000000000
(1790953702.727407) can0 2A2#0000D606000008AE
(1790953702.727531) can0 2A3#0002EB29FFFD410D
(1790953702.727658) can0 2A4#0001245BFFFD49A2
(1790953702.727754) can0 2A5#000007BF000007CA
(1790953702.727882) can0 2A6#FFFFF84700000253
(1790953702.728008) can0 2A7#00004EADFFFFFD8E
(1790953702.732329) can0 2A1#0100010000000000
(1790953702.732408) can0 2A2#0000D606000008AE
(1790953702.732532) can0 2A3#0002EB29FFFD410D
(1790953702.732657) can0 2A4#0001245BFFFD49A2
(1790953702.732782) can0 2A5#000007BF000007CA
(1790953702.732906) can0 2A6#FFFFF84700000253
(1790953702.733032) can0 2A7#00004EADFFFFFD8E
(1790953702.737297) can0 2A1#0100010000000000
(1790953702.737405) can0 2A2#0000D606000008AE
(1790953702.737507) can0 2A3#0002EB29FFFD410D
(1790953702.737656) can0 2A4#0001245BFFFD49A2
(1790953702.737780) can0 2A5#000007BF000007CA
(1790953702.737881) can0 2A6#FFFFF84700000253
(1790953702.738005) can0 2A7#00004EADFFFFFD8E
(1790953702.742283) can0 2A1#0100010000000000
(1790953702.742405) can0 2A2#0000D606000008AE
(1790953702.742530) can0 2A3#0002EB29FFFD410D
(1790953702.742655) can0 2A4#0001245BFFFD49A2
(1790953702.742780) can0 2A5#000007BF000007CA
(1790953702.742905) can0 2A6#FFFFF84700000253
(1790953702.743009) can0 2A7#00004EADFFFFFD8E
(1790953702.747286) can0 2A1#0100010000000000
(1790953702.747405) can0 2A2#0000D606000008AE
(1790953702.747529) can0 2A3#0002EB29FFFD410D
(1790953702.747659) can0 2A4#0001245BFFFD49A2
(1790953702.747784) can0 2A5#000007BF000007CA
(1790953702.747880) can0 2A6#FFFFF84700000253
(1790953702.748004) can0 2A7#00004EADFFFFFD8E
(1790953702.752311) can0 2A1#0100010000000000
(1790953702.752406) can0 2A2#0000D606000008AE
(1790953702.752531) can0 2A3#0002EB29FFFD410D
(1790953702.752656) can0 2A4#0001245BFFFD49A2
(1790953702.752781) can0 2A5#000007BF000007CA
(1790953702.752905) can0 2A6#FFFFF84700000253
(1790953702.753030) can0 2A7#00004EADFFFFFD8E
(1790953702.757284) can0 2A1#0100010000000000
(1790953702.757404) can0 2A2#0000D606000008AE
(1790953702.757530) can0 2A3#0002EB29FFFD410D
(1790953702.757657) can0 2A4#0001245BFFFD49A2
(1790953702.757779) can0 2A5#000007BF000007CA
(1790953702.757906) can0 2A6#FFFFF84700000253
(1790953702.758005) can0 2A7#00004EADFFFFFD8E
(1790953702.762311) can0 2A1#0100010000000000
(1790953702.762410) can0 2A2#0000D606000008AE
(1790953702.762529) can0 2A3#0002EB29FFFD410D
(1790953702.762655) can0 2A4#0001245BFFFD49A2
(1790953702.762784) can0 2A5#000007BF000007CA
(1790953702.762904) can0 2A6#FFFFF84700000253
(1790953702.763029) can0 2A7#00004EADFFFFFD8E
(1790953702.767285) can0 2A1#0100010000000000
(1790953702.767404) can0 2A2#0000D606000008AE
(1790953702.767530) can0 2A3#0002EB29FFFD410D
(1790953702.767629) can0 2A4#0001245BFFFD49A2
(1790953702.767754) can0 2A5#000007BF000007CA
(1790953702.767879) can0 2A6#FFFFF84700000253
(1790953702.768005) can0 2A7#00004EADFFFFFD8E
(1790953702.772311) can0 2A1#0100010000000000
(1790953702.772408) can0 2A2#0000D606000008AE
(1790953702.772529) can0 2A3#0002EB29FFFD410D
(1790953702.772658) can0 2A4#0001245BFFFD49A2
(1790953702.772779) can0 2A5#000007BF000007CA
(1790953702.772905) can0 2A6#FFFFF84700000253
(1790953702.773034) can0 2A7#00004EADFFFFFD8E
(1790953702.777287) can0 2A1#0100010000000000
(1790953702.777405) can0 2A2#0000D606000008AE
(1790953702.777533) can0 2A3#0002EB29FFFD410D
(1790953702.777636) can0 2A4#0001245BFFFD49A2
(1790953702.777755) can0 2A5#000007BF000007CA
(1790953702.777882) can0 2A6#FFFFF84700000253
(1790953702.778007) can0 2A7#00004EADFFFFFD8E
(1790953702.782311) can0 2A1#0100010000000000
(1790953702.782411) can0 2A2#0000D606000008AE
(1790953702.782532) can0 2A3#0002EB29FFFD410D
(1790953702.782657) can0 2A4#0001245BFFFD49A2
(1790953702.782757) can0 2A5#000007BF000007CA
(1790953702.782881) can0 2A6#FFFFF84700000253
(1790953702.783031) can0 2A7#00004EADFFFFFD8E
(1790953702.787285) can0 2A1#0100010000000000
(1790953702.787405) can0 2A2#0000D606000008AE
(1790953702.787530) can0 2A3#0002EB29FFFD410D
(1790953702.787630) can0 2A4#0001245BFFFD49A2
(1790953702.787755) can0 2A5#000007BF000007CA
(1790953702.787880) can0 2A6#FFFFF84700000253
(1790953702.788005) can0 2A7#00004EADFFFFFD8E
(1790953702.792312) can0 2A1#0100010000000000
(1790953702.792430) can0 2A2#0000D606000008AE
(1790953702.792530) can0 2A3#0002EB29FFFD410D
(1790953702.792655) can0 2A4#0001245BFFFD49A2
(1790953702.792780) can0 2A5#000007BF000007CA
(1790953702.792880) can0 2A6#FFFFF84700000253
(1790953702.793007) can0 2A7#00004EADFFFFFD8E
(1790953702.797285) can0 2A1#0100010000000000
(1790953702.797406) can0 2A2#0000D606000008AE
(1790953702.797531) can0 2A3#0002EB29FFFD410D
(1790953702.797655) can0 2A4#0001245BFFFD49A2
(1790953702.797780) can0 2A5#000007BF000007CA
(1790953702.797880) can0 2A6#FFFFF84700000253
(1790953702.798005) can0 2A7#00004EADFFFFFD8E
(1790953702.802312) can0 2A1#0100010000000000
(1790953702.802409) can0 2A2#0000D606000008AE
(1790953702.802532) can0 2A3#0002EB29FFFD410D
(1790953702.802659) can0 2A4#0001245BFFFD49A2
(1790953702.802781) can0 2A5#000007BF000007CA
(1790953702.802907) can0 2A6#FFFFF84700000253
(1790953702.803031) can0 2A7#00004EADFFFFFD8E
(1790953702.807296) can0 2A1#0100010000000000
(1790953702.807411) can0 2A2#0000D606000008AE
(1790953702.807534) can0 2A3#0002EB29FFFD410D
(1790953702.807658) can0 2A4#0001245BFFFD49A2
(1790953702.807780) can0 2A5#000007BF000007CA
(1790953702.807880) can0 2A6#FFFFF84700000253
(1790953702.808006) can0 2A7#00004EADFFFFFD8E
(1790953702.812309) can0 2A1#0100010000000000
(1790953702.812435) can0 2A2#0000D606000008AE
(1790953702.812531) can0 2A3#0002EB29FFFD410D
(1790953702.812655) can0 2A4#0001245BFFFD49A2
(1790953702.812781) can0 2A5#000007BF000007CA
(1790953702.812905) can0 2A6#FFFFF84700000253
(1790953702.813030) can0 2A7#00004EADFFFFFD8E
(1790953702.817286) can0 2A1#0100010000000000
(1790953702.817404) can0 2A2#0000D606000008AE
(1790953702.817531) can0 2A3#0002EB29FFFD410D
(1790953702.817656) can0 2A4#0001245BFFFD49A2
(1790953702.817754) can0 2A5#000007BF000007CA
(1790953702.817886) can0 2A6#FFFFF84700000253
(1790953702.818005) can0 2A7#00004EADFFFFFD8E
(1790953702.822311) can0 2A1#0100010000000000
(1790953702.822431) can0 2A2#0000D606000008AE
(1790953702.822556) can0 2A3#0002EB29FFFD410D
(1790953702.822655) can0 2A4#0001245BFFFD49A2
(1790953702.822780) can0 2A5#000007BF000007CA
(1790953702.822908) can0 2A6#FFFFF84700000253
(1790953702.823005) can0 2A7#00004EADFFFFFD8E
(1790953702.827286) can0 2A1#0100010000000000
(1790953702.827404) can0 2A2#0000D606000008AE
(1790953702.827530) can0 2A3#0002EB29FFFD410D
(1790953702.827654) can0 2A4#0001245BFFFD49A2
(1790953702.827784) can0 2A5#000007BF000007CA
(1790953702.827879) can0 2A6#FFFFF84700000253
(1790953702.828004) can0 2A7#00004EADFFFFFD8E
(1790953702.832313) can0 2A1#0100010000000000
(1790953702.832404) can0 2A2#0000D606000008AE
(1790953702.832530) can0 2A3#0002EB29FFFD410D
(1790953702.832654) can0 2A4#0001245BFFFD49A2
(1790953702.832779) can0 2A5#000007BF000007CA
(1790953702.832909) can0 2A6#FFFFF84700000253
(1790953702.833034) can0 2A7#00004EADFFFFFD8E
(1790953702.837284) can0 2A1#0100010000000000
(1790953702.837409) can0 2A2#0000D606000008AE
(1790953702.837533) can0 2A3#0002EB29FFFD410D
(1790953702.837629) can0 2A4#0001245BFFFD49A2
(1790953702.837754) can0 2A5#000007BF000007CA
(1790953702.837879) can0 2A6#FFFFF84700000253
(1790953702.838009) can0 2A7#00004EADFFFFFD8E
(1790953702.842312) can0 2A1#0100010000000000
(1790953702.842429) can0 2A2#0000D606000008AE
(1790953702.842529) can0 2A3#0002EB29FFFD410D
(1790953702.842654) can0 2A4#0001245BFFFD49A2
(1790953702.842784) can0 2A5#000007BF000007CA
(1790953702.842906) can0 2A6#FFFFF84700000253
(1790953702.843005) can0 2A7#00004EADFFFFFD8E
(1790953702.847285) can0 2A1#0100010000000000
(1790953702.847408) can0 2A2#0000D606000008AE
(1790953702.847529) can0 2A3#0002EB29FFFD410D
(1790953702.847654) can0 2A4#0001245BFFFD49A2
(1790953702.847779) can0 2A5#000007BF000007CA
(1790953702.847879) can0 2A6#FFFFF84700000253
(1790953702.848004) can0 2A7#00004EADFFFFFD8E
(1790953702.852309) can0 2A1#0100010000000000
(1790953702.852429) can0 2A2#0000D606000008AE
(1790953702.852530) can0 2A3#0002EB29FFFD410D
(1790953702.852659) can0 2A4#0001245BFFFD49A2
(1790953702.852779) can0 2A5#000007BF000007CA
(1790953702.852904) can0 2A6#FFFFF84700000253
(1790953702.853029) can0 2A7#00004EADFFFFFD8E
(1790953702.857286) can0 2A1#0100010000000000
(1790953702.857406) can0 2A2#0000D606000008AE
(1790953702.857529) can0 2A3#0002EB29FFFD410D
(1790953702.857654) can0 2A4#0001245BFFFD49A2
(1790953702.857780) can0 2A5#000007BF000007CA
(1790953702.857880) can0 2A6#FFFFF84700000253
(1790953702.858005) can0 2A7#00004EADFFFFFD8E
(1790953702.862312) can0 2A1#0100010000000000
(1790953702.862411) can0 2A2#0000D606000008AE
(1790953702.862530) can0 2A3#0002EB29FFFD410D
(1790953702.862655) can0 2A4#0001245BFFFD49A2
(1790953702.862780) can0 2A5#000007BF000007CA
(1790953702.862905) can0 2A6#FFFFF84700000253
(1790953702.863031) can0 2A7#00004EADFFFFFD8E
(1790953702.867294) can0 2A1#0100010000000000
(1790953702.867406) can0 2A2#0000D606000008AE
(1790953702.867531) can0 2A3#0002EB29FFFD410D
(1790953702.867657) can0 2A4#0001245BFFFD49A2
(1790953702.867755) can0 2A5#000007BF000007CA
(1790953702.867880) can0 2A6#FFFFF84700000253
(1790953702.868005) can0 2A7#00004EADFFFFFD8E
(1790953702.872309) can0 2A1#0100010000000000
(1790953702.872430) can0 2A2#0000D606000008AE
(1790953702.872530) can0 2A3#0002EB29FFFD410D
(1790953702.872655) can0 2A4#0001245BFFFD49A2
(1790953702.872780) can0 2A5#000007BF000007CA
(1790953702.872905) can0 2A6#FFFFF84700000253
(1790953702.873005) can0 2A7#00004EADFFFFFD8E
(1790953702.877291) can0 2A1#0100010000000000
(1790953702.877405) can0 2A2#0000D606000008AE
(1790953702.877530) can0 2A3#0002EB29FFFD410D
(1790953702.877655) can0 2A4#0001245BFFFD49A2
(1790953702.877780) can0 2A5#000007BF000007CA
(1790953702.877906) can0 2A6#FFFFF84700000253
(1790953702.878006) can0 2A7#00004EADFFFFFD8E
(1790953702.882309) can0 2A1#0100010000000000
(1790953702.882430) can0 2A2#0000D606000008AE
(1790953702.882530) can0 2A3#0002EB29FFFD410D
(1790953702.882656) can0 2A4#0001245BFFFD49A2
(1790953702.882780) can0 2A5#000007BF000007CA
(1790953702.882905) can0 2A6#FFFFF84700000253
(1790953702.883030) can0 2A7#00004EADFFFFFD8E
(1790953702.887285) can0 2A1#0100010000000000
(1790953702.887409) can0 2A2#0000D606000008AE
(1790953702.887530) can0 2A3#0002EB29FFFD410D
(1790953702.887655) can0 2A4#0001245BFFFD49A2
(1790953702.887755) can0 2A5#000007BF000007CA
(1790953702.887880) can0 2A6#FFFFF84700000253
(1790953702.888005) can0 2A7#00004EADFFFFFD8E
(1790953702.892289) can0 2A1#0100010000000000
(1790953702.892430) can0 2A2#0000D606000008AE
(1790953702.892530) can0 2A3#0002EB29FFFD410D
(1790953702.892655) can0 2A4#0001245BFFFD49A2
(1790953702.892780) can0 2A5#000007BF000007CA
(1790953702.892905) can0 2A6#FFFFF84700000253
(1790953702.893005) can0 2A7#00004EADFFFFFD8E
(1790953702.897286) can0 2A1#0100010000000000
(1790953702.897407) can0 2A2#0000D606000008AE
(1790953702.897530) can0 2A3#0002EB29FFFD410D
(1790953702.897655) can0 2A4#0001245BFFFD49A2
(1790953702.897754) can0 2A5#000007BF000007CA
(1790953702.897880) can0 2A6#FFFFF84700000253
(1790953702.898005) can0 2A7#00004EADFFFFFD8E
(1790953702.902305) can0 2A1#0100010000000000
(1790953702.902430) can0 2A2#0000D606000008AE
(1790953702.902530) can0 2A3#0002EB29FFFD410D
(1790953702.902655) can0 2A4#0001245BFFFD49A2
(1790953702.902779) can0 2A5#000007BF000007CA
(1790953702.902906) can0 2A6#FFFFF84700000253
(1790953702.903030) can0 2A7#00004EADFFFFFD8E
(1790953702.907281) can0 2A1#0100010000000000
(1790953702.907406) can0 2A2#0000D606000008AE
(1790953702.907533) can0 2A3#0002EB29FFFD410D
(1790953702.907656) can0 2A4#0001245BFFFD49A2
(1790953702.907756) can0 2A5#000007BF000007CA
(1790953702.907881) can0 2A6#FFFFF84700000253
(1790953702.908006) can0 2A7#00004EADFFFFFD8E
(1790953702.912304) can0 2A1#0100010000000000
(1790953702.912428) can0 2A2#0000D606000008AE
(1790953702.912531) can0 2A3#0002EB29FFFD410D
(1790953702.912653) can0 2A4#0001245BFFFD49A2
(1790953702.912778) can0 2A5#000007BF000007CA
(1790953702.912904) can0 2A6#FFFFF84700000253
(1790953702.913028) can0 2A7#00004EADFFFFFD8E
(1790953702.917284) can0 2A1#0100010000000000
(1790953702.917405) can0 2A2#0000D606000008AE
(1790953702.917530) can0 2A3#0002EB29FFFD410D
(1790953702.917655) can0 2A4#0001245BFFFD49A2
(1790953702.917755) can0 2A5#000007BF000007CA
(1790953702.917880) can0 2A6#FFFFF84700000253
(1790953702.918005) can0 2A7#00004EADFFFFFD8E
(1790953702.922312) can0 2A1#0100010000000000
(1790953702.922437) can0 2A2#0000D606000008AE
(1790953702.922530) can0 2A3#0002EB29FFFD410D
(1790953702.922655) can0 2A4#0001245BFFFD49A2
(1790953702.922780) can0 2A5#000007BF000007CA
(1790953702.922880) can0 2A6#FFFFF84700000253
(1790953702.923030) can0 2A7#00004EADFFFFFD8E
(1790953702.927289) can0 2A1#0100010000000000
(1790953702.927405) can0 2A2#0000D606000008AE
(1790953702.927530) can0 2A3#0002EB29FFFD410D
(1790953702.927655) can0 2A4#0001245BFFFD49A2
(1790953702.927780) can0 2A5#000007BF000007CA
(1790953702.927880) can0 2A6#FFFFF84700000253
(1790953702.928005) can0 2A7#00004EADFFFFFD8E
(1790953702.932289) can0 2A1#0100010000000000
(1790953702.932405) can0 2A2#0000D606000008AE
(1790953702.932555) can0 2A3#0002EB29FFFD410D
(1790953702.932655) can0 2A4#0001245BFFFD49A2
(1790953702.932780) can0 2A5#000007BF000007CA
(1790953702.932905) can0 2A6#FFFFF84700000253
(1790953702.933030) can0 2A7#00004EADFFFFFD8E
(1790953702.937287) can0 2A1#0100010000000000
(1790953702.937408) can0 2A2#0000D606000008AE
(1790953702.937532) can0 2A3#0002EB29FFFD410D
(1790953702.937657) can0 2A4#0001245BFFFD49A2
(1790953702.937756) can0 2A5#000007BF000007CA
(1790953702.937883) can0 2A6#FFFFF84700000253
(1790953702.938007) can0 2A7#00004EADFFFFFD8E
(1790953702.942354) can0 2A1#0100010000000000
(1790953702.942407) can0 2A2#0000D606000008AE
(1790953702.942534) can0 2A3#0002EB29FFFD410D
(1790953702.942669) can0 2A4#0001245BFFFD49A2
(1790953702.942786) can0 2A5#000007BF000007CA
(1790953702.942909) can0 2A6#FFFFF84700000253
(1790953702.943036) can0 2A7#00004EADFFFFFD8E
(1790953702.947306) can0 2A1#0100010000000000
(1790953702.947409) can0 2A2#0000D606000008AE
(1790953702.947534) can0 2A3#0002EB29FFFD410D
(1790953702.947663) can0 2A4#0001245BFFFD49A2
(1790953702.947783) can0 2A5#000007BF000007CA
(1790953702.947882) can0 2A6#FFFFF84700000253
(1790953702.948008) can0 2A7#00004EADFFFFFD8E
(1790953702.952329) can0 2A1#0100010000000000
(1790953702.952404) can0 2A2#0000D606000008AE
(1790953702.952557) can0 2A3#0002EB29FFFD410D
(1790953702.952656) can0 2A4#0001245BFFFD49A2
(1790953702.952781) can0 2A5#000007BF000007CA
(1790953702.952907) can0 2A6#FFFFF84700000253
(1790953702.953065) can0 2A7#00004EADFFFFFD8E
(1790953702.957285) can0 2A1#0100010000000000
(1790953702.957403) can0 2A2#0000D606000008AE
(1790953702.957531) can0 2A3#0002EB29FFFD410D
(1790953702.957630) can0 2A4#0001245BFFFD49A2
(1790953702.957755) can0 2A5#000007BF000007CA
(1790953702.957881) can0 2A6#FFFFF84700000253
(1790953702.958007) can0 2A7#00004EADFFFFFD8E
(1790953702.962328) can0 2A1#0100010000000000
(1790953702.962429) can0 2A2#0000D606000008AE
(1790953702.962531) can0 2A3#0002EB29FFFD410D
(1790953702.962655) can0 2A4#0001245BFFFD49A2
(1790953702.962781) can0 2A5#000007BF000007CA
(1790953702.962906) can0 2A6#FFFFF84700000253
(1790953702.963006) can0 2A7#00004EADFFFFFD8E
(1790953702.967285) can0 2A1#0100010000000000
(1790953702.967406) can0 2A2#0000D606000008AE
(1790953702.967529) can0 2A3#0002EB29FFFD410D
(1790953702.967655) can0 2A4#0001245BFFFD49A2
(1790953702.967780) can0 2A5#000007BF000007CA
(1790953702.967883) can0 2A6#FFFFF84700000253
(1790953702.968005) can0 2A7#00004EADFFFFFD8E
(1790953702.972283) can0 2A1#0100010000000000
(1790953702.972405) can0 2A2#0000D606000008AE
(1790953702.972530) can0 2A3#0002EB29FFFD410D
(1790953702.972653) can0 2A4#0001245BFFFD49A2
(1790953702.972780) can0 2A5#000007BF000007CA
(1790953702.972905) can0 2A6#FFFFF84700000253
(1790953702.973030) can0 2A7#00004EADFFFFFD8E
(1790953702.977287) can0 2A1#0100010000000000
(1790953702.977410) can0 2A2#0000D606000008AE
(1790953702.977509) can0 2A3#0002EB29FFFD410D
(1790953702.977655) can0 2A4#0001245BFFFD49A2
(1790953702.977780) can0 2A5#000007BF000007CA
(1790953702.977880) can0 2A6#FFFFF84700000253
(1790953702.978004) can0 2A7#00004EADFFFFFD8E
(1790953702.982322) can0 2A1#0100010000000000
(1790953702.982409) can0 2A2#0000D606000008AE
(1790953702.982530) can0 2A3#0002EB29FFFD410D
(1790953702.982656) can0 2A4#0001245BFFFD49A2
(1790953702.982780) can0 2A5#000007BF000007CA
(1790953702.982907) can0 2A6#FFFFF84700000253
(1790953702.983031) can0 2A7#00004EADFFFFFD8E
(1790953702.987286) can0 2A1#0100010000000000
(1790953702.987405) can0 2A2#0000D606000008AE
(1790953702.987531) can0 2A3#0002EB29FFFD410D
(1790953702.987655) can0 2A4#0001245BFFFD49A2
(1790953702.987754) can0 2A5#000007BF000007CA
(1790953702.987881) can0 2A6#FFFFF84700000253
(1790953702.988004) can0 2A7#00004EADFFFFFD8E
(1790953702.992332) can0 2A1#0100010000000000
(1790953702.992435) can0 2A2#0000D606000008AE
(1790953702.992532) can0 2A3#0002EB29FFFD410D
(1790953702.992656) can0 2A4#0001245BFFFD49A2
(1790953702.992782) can0 2A5#000007BF000007CA
(1790953702.992909) can0 2A6#FFFFF84700000253
(1790953702.993033) can0 2A7#00004EADFFFFFD8E
(1790953702.997330) can0 2A1#0100010000000000
(1790953702.997410) can0 2A2#0000D606000008AE
(1790953702.997532) can0 2A3#0002EB29FFFD410D
(1790953702.997658) can0 2A4#0001245BFFFD49A2
(1790953702.997756) can0 2A5#000007BF000007CA
(1790953702.997886) can0 2A6#FFFFF84700000253
(1790953702.998006) can0 2A7#00004EADFFFFFD8E
(1790953703.002339) can0 2A1#0100010000000000
(1790953703.002440) can0 2A2#0000D606000008AE
(1790953703.002535) can0 2A3#0002EB29FFFD410D
(1790953703.002659) can0 2A4#0001245BFFFD49A2
(1790953703.002785) can0 2A5#000007BF000007CA
(1790953703.002908) can0 2A6#FFFFF84700000253
(1790953703.003038) can0 2A7#00004EADFFFFFD8E
(1790953703.007306) can0 2A1#0100010000000000
(1790953703.007409) can0 2A2#0000D606000008AE
(1790953703.007534) can0 2A3#0002EB29FFFD410D
(1790953703.007657) can0 2A4#0001245BFFFD49A2
(1790953703.007782) can0 2A5#000007BF000007CA
(1790953703.007908) can0 2A6#FFFFF84700000253
(1790953703.008008) can0 2A7#00004EADFFFFFD8E
(1790953703.012316) can0 2A1#0100010000000000
(1790953703.012431) can0 2A2#0000D606000008AE
(1790953703.012530) can0 2A3#0002EB29FFFD410D
(1790953703.012655) can0 2A4#0001245BFFFD49A2
(1790953703.012782) can0 2A5#000007BF000007CA
(1790953703.012905) can0 2A6#FFFFF84700000253
(1790953703.013005) can0 2A7#00004EADFFFFFD8E
(1790953703.017304) can0 2A1#0100010000000000
(1790953703.017410) can0 2A2#0000D606000008AE
(1790953703.017533) can0 2A3#0002EB29FFFD410D
(1790953703.017658) can0 2A4#0001245BFFFD49A2
(1790953703.017783) can0 2A5#000007BF000007CA
(1790953703.017880) can0 2A6#FFFFF84700000253
(1790953703.018007) can0 2A7#00004EADFFFFFD8E
(1790953703.022332) can0 2A1#0100010000000000
(1790953703.022406) can0 2A2#0000D606000008AE
(1790953703.022530) can0 2A3#0002EB29FFFD410D
(1790953703.022655) can0 2A4#0001245BFFFD49A2
(1790953703.022780) can0 2A5#000007BF000007CA
(1790953703.022956) can0 2A6#FFFFF84700000253
(1790953703.023031) can0 2A7#00004EADFFFFFD8E
(1790953703.027306) can0 2A1#0100010000000000
(1790953703.027407) can0 2A2#0000D606000008AE
(1790953703.027517) can0 2A3#0002EB29FFFD410D
(1790953703.027658) can0 2A4#0001245BFFFD49A2
(1790953703.027785) can0 2A5#000007BF000007CA
(1790953703.027881) can0 2A6#FFFFF84700000253
(1790953703.028006) can0 2A7#00004EADFFFFFD8E
(1790953703.032321) can0 2A1#0100010000000000
(1790953703.032438) can0 2A2#0000D606000008AE
(1790953703.032530) can0 2A3#0002EB29FFFD410D
(1790953703.032653) can0 2A4#0001245BFFFD49A2
(1790953703.032778) can0 2A5#000007BF000007CA
(1790953703.032905) can0 2A6#FFFFF84700000253
(1790953703.033031) can0 2A7#00004EADFFFFFD8E
(1790953703.037315) can0 2A1#0100010000000000
(1790953703.037409) can0 2A2#0000D606000008AE
(1790953703.037531) can0 2A3#0002EB29FFFD410D
(1790953703.037658) can0 2A4#0001245BFFFD49A2
(1790953703.037782) can0 2A5#000007BF000007CA
(1790953703.037881) can0 2A6#FFFFF84700000253
(1790953703.038008) can0 2A7#00004EADFFFFFD8E
(1790953703.042308) can0 2A1#0100010000000000
(1790953703.042436) can0 2A2#0000D606000008AE
(1790953703.042561) can0 2A3#0002EB29FFFD410D
(1790953703.042658) can0 2A4#0001245BFFFD49A2
(1790953703.042783) can0 2A5#000007BF000007CA
(1790953703.042913) can0 2A6#FFFFF84700000253
(1790953703.043007) can0 2A7#00004EADFFFFFD8E
(1790953703.047304) can0 2A1#0100010000000000
(1790953703.047407) can0 2A2#0000D606000008AE
(1790953703.047530) can0 2A3#0002EB29FFFD410D
(1790953703.047655) can0 2A4#0001245BFFFD49A2
(1790953703.047781) can0 2A5#000007BF000007CA
(1790953703.047882) can0 2A6#FFFFF84700000253
(1790953703.048010) can0 2A7#00004EADFFFFFD8E
(1790953703.052326) can0 2A1#0100010000000000
(1790953703.052436) can0 2A2#0000D606000008AE
(1790953703.052534) can0 2A3#0002EB29FFFD410D
(1790953703.052657) can0 2A4#0001245BFFFD49A2
(1790953703.052782) can0 2A5#000007BF000007CA
(1790953703.052906) can0 2A6#FFFFF84700000253
(1790953703.053035) can0 2A7#00004EADFFFFFD8E
(1790953703.057295) can0 2A1#0100010000000000
(1790953703.057408) can0 2A2#0000D606000008AE
(1790953703.057532) can0 2A3#0002EB29FFFD410D
(1790953703.057656) can0 2A4#0001245BFFFD49A2
(1790953703.057785) can0 2A5#000007BF000007CA
(1790953703.057881) can0 2A6#FFFFF84700000253
(1790953703.058009) can0 2A7#00004EADFFFFFD8E
(1790953703.062340) can0 2A1#0100010000000000
(1790953703.062407) can0 2A2#0000D606000008AE
(1790953703.062535) can0 2A3#0002EB29FFFD410D
(1790953703.062659) can0 2A4#0001245BFFFD49A2
(1790953703.062783) can0 2A5#000007BF000007CA
(1790953703.062915) can0 2A6#FFFFF84700000253
(1790953703.063032) can0 2A7#00004EADFFFFFD8E
(1790953703.067308) can0 2A1#0100010000000000
(1790953703.067410) can0 2A2#0000D606000008AE
(1790953703.067535) can0 2A3#0002EB29FFFD410D
(1790953703.067658) can0 2A4#0001245BFFFD49A2
(1790953703.067757) can0 2A5#000007BF000007CA
(1790953703.067955) can0 2A6#FFFFF84700000253
(1790953703.068007) can0 2A7#00004EADFFFFFD8E
(1790953703.072332) can0 2A1#0100010000000000
(1790953703.072430) can0 2A2#0000D606000008AE
(1790953703.072532) can0 2A3#0002EB29FFFD410D
(1790953703.072657) can0 2A4#0001245BFFFD49A2
(1790953703.072781) can0 2A5#000007BF000007CA
(1790953703.072907) can0 2A6#FFFFF84700000253
(1790953703.073032) can0 2A7#00004EADFFFFFD8E
(1790953703.077304) can0 2A1#0100010000000000
(1790953703.077406) can0 2A2#0000D606000008AE
(1790953703.077532) can0 2A3#0002EB29FFFD410D
(1790953703.077656) can0 2A4#0001245BFFFD49A2
(1790953703.077781) can0 2A5#000007BF000007CA
(1790953703.077882) can0 2A6#FFFFF84700000253
(1790953703.078007) can0 2A7#00004EADFFFFFD8E
(1790953703.082328) can0 2A1#0100010000000000
(1790953703.082406) can0 2A2#0000D606000008AE
(1790953703.082532) can0 2A3#0002EB29FFFD410D
(1790953703.082657) can0 2A4#0001245BFFFD49A2
(1790953703.082782) can0 2A5#000007BF000007CA
(1790953703.082906) can0 2A6#FFFFF84700000253
(1790953703.083032) can0 2A7#00004EADFFFFFD8E
(1790953703.087301) can0 2A1#0100010000000000
(1790953703.087407) can0 2A2#0000D606000008AE
(1790953703.087533) can0 2A3#0002EB29FFFD410D
(1790953703.087657) can0 2A4#0001245BFFFD49A2
(1790953703.087756) can0 2A5#000007BF000007CA
(1790953703.087882) can0 2A6#FFFFF84700000253
(1790953703.088015) can0 2A7#00004EADFFFFFD8E
(1790953703.092334) can0 2A1#0100010000000000
(1790953703.092406) can0 2A2#0000D606000008AE
(1790953703.092556) can0 2A3#0002EB29FFFD410D
(1790953703.092655) can0 2A4#0001245BFFFD49A2
(1790953703.092781) can0 2A5#000007BF000007CA
(1790953703.092959) can0 2A6#FFFFF84700000253
(1790953703.093032) can0 2A7#00004EADFFFFFD8E
(1790953703.097294) can0 2A1#0100010000000000
(1790953703.097406) can0 2A2#0000D606000008AE
(1790953703.097531) can0 2A3#0002EB29FFFD410D
(1790953703.097657) can0 2A4#0001245BFFFD49A2
(1790953703.097781) can0 2A5#000007BF000007CA
(1790953703.097906) can0 2A6#FFFFF84700000253
(1790953703.098006) can0 2A7#00004EADFFFFFD8E
(1790953703.102321) can0 2A1#0100010000000000
(1790953703.102430) can0 2A2#0000D606000008AE
(1790953703.102555) can0 2A3#0002EB29FFFD410D
(1790953703.102655) can0 2A4#0001245BFFFD49A2
(1790953703.102783) can0 2A5#000007BF000007CA
(1790953703.102906) can0 2A6#FFFFF84700000253
(1790953703.103030) can0 2A7#00004EADFFFFFD8E
(1790953703.107287) can0 2A1#0100010000000000
(1790953703.107405) can0 2A2#0000D606000008AE
(1790953703.107530) can0 2A3#0002EB29FFFD410D
(1790953703.107656) can0 2A4#0001245BFFFD49A2
(1790953703.107781) can0 2A5#000007BF000007CA
(1790953703.107907) can0 2A6#FFFFF84700000253
(1790953703.108006) can0 2A7#00004EADFFFFFD8E
(1790953703.112322) can0 2A1#0100010000000000
(1790953703.112430) can0 2A2#0000D606000008AE
(1790953703.112531) can0 2A3#0002EB29FFFD410D
(1790953703.112655) can0 2A4#0001245BFFFD49A2
(1790953703.112780) can0 2A5#000007BF000007CA
(1790953703.112904) can0 2A6#FFFFF84700000253
(1790953703.113006) can0 2A7#00004EADFFFFFD8E
(1790953703.117295) can0 2A1#0100010000000000
(1790953703.117406) can0 2A2#0000D606000008AE
(1790953703.117531) can0 2A3#0002EB29FFFD410D
(1790953703.117658) can0 2A4#0001245BFFFD49A2
(1790953703.117781) can0 2A5#000007BF000007CA
(1790953703.117881) can0 2A6#FFFFF84700000253
(1790953703.118006) can0 2A7#00004EADFFFFFD8E
(1790953703.122316) can0 2A1#0100010000000000
(1790953703.122407) can0 2A2#0000D606000008AE
(1790953703.122531) can0 2A3#0002EB29FFFD410D
(1790953703.122656) can0 2A4#0001245BFFFD49A2
(1790953703.122781) can0 2A5#000007BF000007CA
(1790953703.122906) can0 2A6#FFFFF84700000253
(1790953703.123032) can0 2A7#00004EADFFFFFD8E
(1790953703.127294) can0 2A1#0100010000000000
(1790953703.127405) can0 2A2#0000D606000008AE
(1790953703.127531) can0 2A3#0002EB29FFFD410D
(1790953703.127656) can0 2A4#0001245BFFFD49A2
(1790953703.127756) can0 2A5#000007BF000007CA
(1790953703.127881) can0 2A6#FFFFF84700000253
(1790953703.128006) can0 2A7#00004EADFFFFFD8E
(1790953703.132319) can0 2A1#0100010000000000
(1790953703.132435) can0 2A2#0000D606000008AE
(1790953703.132533) can0 2A3#0002EB29FFFD410D
(1790953703.132669) can0 2A4#0001245BFFFD49A2
(1790953703.132784) can0 2A5#000007BF000007CA
(1790953703.132907) can0 2A6#FFFFF84700000253
(1790953703.133031) can0 2A7#00004EADFFFFFD8E
(1790953703.137344) can0 2A1#0100010000000000
(1790953703.137408) can0 2A2#0000D606000008AE
(1790953703.137534) can0 2A3#0002EB29FFFD410D
(1790953703.137658) can0 2A4#0001245BFFFD49A2
(1790953703.137757) can0 2A5#000007BF000007CA
(1790953703.137882) can0 2A6#FFFFF84700000253
(1790953703.138006) can0 2A7#00004EADFFFFFD8E
(1790953703.142340) can0 2A1#0100010000000000
(1790953703.142434) can0 2A2#0000D606000008AE
(1790953703.142533) can0 2A3#0002EB29FFFD410D
(1790953703.142658) can0 2A4#0001245BFFFD49A2
(1790953703.142783) can0 2A5#000007BF000007CA
(1790953703.142910) can0 2A6#FFFFF84700000253
(1790953703.143036) can0 2A7#00004EADFFFFFD8E
(1790953703.147294) can0 2A1#0100010000000000
(1790953703.147407) can0 2A2#0000D606000008AE
(1790953703.147535) can0 2A3#0002EB29FFFD410D
(1790953703.147661) can0 2A4#0001245BFFFD49A2
(1790953703.147758) can0 2A5#000007BF000007CA
(1790953703.147882) can0 2A6#FFFFF84700000253
(1790953703.148008) can0 2A7#00004EADFFFFFD8E
(1790953703.152317) can0 2A1#0100010000000000
(1790953703.152431) can0 2A2#0000D606000008AE
(1790953703.152532) can0 2A3#0002EB29FFFD410D
(1790953703.152657) can0 2A4#0001245BFFFD49A2
(1790953703.152785) can0 2A5#000007BF000007CA
(1790953703.152907) can0 2A6#FFFFF84700000253
(1790953703.153035) can0 2A7#00004EADFFFFFD8E
(1790953703.157305) can0 2A1#0100010000000000
(1790953703.157406) can0 2A2#0000D606000008AE
(1790953703.157531) can0 2A3#0002EB29FFFD410D
(1790953703.157658) can0 2A4#0001245BFFFD49A2
(1790953703.157756) can0 2A5#000007BF000007CA
(1790953703.157884) can0 2A6#FFFFF84700000253
(1790953703.158010) can0 2A7#00004EADFFFFFD8E
(1790953703.162325) can0 2A1#0100010000000000
(1790953703.162430) can0 2A2#0000D606000008AE
(1790953703.162534) can0 2A3#0002EB29FFFD410D
(1790953703.162657) can0 2A4#0001245BFFFD49A2
(1790953703.162781) can0 2A5#000007BF000007CA
(1790953703.162907) can0 2A6#FFFFF84700000253
(1790953703.163032) can0 2A7#00004EADFFFFFD8E
(1790953703.167291) can0 2A1#0100010000000000
(1790953703.167405) can0 2A2#0000D606000008AE
(1790953703.167533) can0 2A3#0002EB29FFFD410D
(1790953703.167655) can0 2A4#0001245BFFFD49A2
(1790953703.167755) can0 2A5#000007BF000007CA
(1790953703.167885) can0 2A6#FFFFF84700000253
(1790953703.168005) can0 2A7#00004EADFFFFFD8E
(1790953703.172313) can0 2A1#0100010000000000
(1790953703.172429) can0 2A2#0000D606000008AE
(1790953703.172532) can0 2A3#0002EB29FFFD410D
(1790953703.172656) can0 2A4#0001245BFFFD49A2
(1790953703.172778) can0 2A5#000007BF000007CA
(1790953703.172905) can0 2A6#FFFFF84700000253
(1790953703.173030) can0 2A7#00004EADFFFFFD8E
(1790953703.177300) can0 2A1#0100010000000000
(1790953703.177412) can0 2A2#0000D606000008AE
(1790953703.177533) can0 2A3#0002EB29FFFD410D
(1790953703.177657) can0 2A4#0001245BFFFD49A2
(1790953703.177758) can0 2A5#000007BF000007CA
(1790953703.177883) can0 2A6#FFFFF84700000253
(1790953703.178004) can0 2A7#00004EADFFFFFD8E
(1790953703.182311) can0 2A1#0100010000000000
(1790953703.182431) can0 2A2#0000D606000008AE
(1790953703.182557) can0 2A3#0002EB29FFFD410D
(1790953703.182657) can0 2A4#0001245BFFFD49A2
(1790953703.182781) can0 2A5#000007BF000007CA
(1790953703.182907) can0 2A6#FFFFF84700000253
(1790953703.183030) can0 2A7#00004EADFFFFFD8E
(1790953703.187290) can0 2A1#0100010000000000
(1790953703.187405) can0 2A2#0000D606000008AE
(1790953703.187532) can0 2A3#0002EB29FFFD410D
(1790953703.187656) can0 2A4#0001245BFFFD49A2
(1790953703.187781) can0 2A5#000007BF000007CA
(1790953703.187880) can0 2A6#FFFFF84700000253
(1790953703.188006) can0 2A7#00004EADFFFFFD8E
(1790953703.192332) can0 2A1#0100010000000000
(1790953703.192406) can0 2A2#0000D606000008AE
(1790953703.192555) can0 2A3#0002EB29FFFD410D
(1790953703.192655) can0 2A4#0001245BFFFD49A2
(1790953703.192780) can0 2A5#000007BF000007CA
(1790953703.192907) can0 2A6#FFFFF84700000253
(1790953703.193030) can0 2A7#00004EADFFFFFD8E
(1790953703.197292) can0 2A1#0100010000000000
(1790953703.197406) can0 2A2#0000D606000008AE
(1790953703.197532) can0 2A3#0002EB29FFFD410D
(1790953703.197663) can0 2A4#0001245BFFFD49A2
(1790953703.197781) can0 2A5#000007BF000007CA
(1790953703.197881) can0 2A6#FFFFF84700000253
(1790953703.198008) can0 2A7#00004EADFFFFFD8E
(1790953703.202337) can0 2A1#0100010000000000
(1790953703.202411) can0 2A2#0000D606000008AE
(1790953703.202531) can0 2A3#0002EB29FFFD410D
(1790953703.202655) can0 2A4#0001245BFFFD49A2
(1790953703.202780) can0 2A5#000007BF000007CA
(1790953703.202905) can0 2A6#FFFFF84700000253
(1790953703.203030) can0 2A7#00004EADFFFFFD8E
(1790953703.207294) can0 2A1#0100010000000000
(1790953703.207411) can0 2A2#0000D606000008AE
(1790953703.207532) can0 2A3#0002EB29FFFD410D
(1790953703.207657) can0 2A4#0001245BFFFD49A2
(1790953703.207787) can0 2A5#000007BF000007CA
(1790953703.207909) can0 2A6#FFFFF84700000253
(1790953703.208006) can0 2A7#00004EADFFFFFD8E
(1790953703.212335) can0 2A1#0100010000000000
(1790953703.212433) can0 2A2#0000D606000008AE
(1790953703.212536) can0 2A3#0002EB29FFFD410D
(1790953703.212658) can0 2A4#0001245BFFFD49A2
(1790953703.212866) can0 2A5#000007BF000007CA
(1790953703.212908) can0 2A6#FFFFF84700000253
(1790953703.213031) can0 2A7#00004EADFFFFFD8E
(1790953703.217388) can0 2A1#0100010000000000
(1790953703.217404) can0 2A2#0000D606000008AE
(1790953703.217530) can0 2A3#0002EB29FFFD410D
(1790953703.217655) can0 2A4#0001245BFFFD49A2
(1790953703.217755) can0 2A5#000007BF000007CA
(1790953703.217881) can0 2A6#FFFFF84700000253
(1790953703.218004) can0 2A7#00004EADFFFFFD8E
(1790953703.222329) can0 2A1#0100010000000000
(1790953703.222430) can0 2A2#0000D606000008AE
(1790953703.222555) can0 2A3#0002EB29FFFD410D
(1790953703.222655) can0 2A4#0001245BFFFD49A2
(1790953703.222781) can0 2A5#000007BF000007CA
(1790953703.222906) can0 2A6#FFFFF84700000253
(1790953703.223031) can0 2A7#00004EADFFFFFD8E
(1790953703.227333) can0 2A1#0100010000000000
(1790953703.227405) can0 2A2#0000D606000008AE
(1790953703.227532) can0 2A3#0002EB29FFFD410D
(1790953703.227658) can0 2A4#0001245BFFFD49A2
(1790953703.227755) can0 2A5#000007BF000007CA
(1790953703.227894) can0 2A6#FFFFF84700000253
(1790953703.228007) can0 2A7#00004EADFFFFFD8E
(1790953703.232320) can0 2A1#0100010000000000
(1790953703.232432) can0 2A2#0000D606000008AE
(1790953703.232556) can0 2A3#0002EB29FFFD410D
(1790953703.232656) can0 2A4#0001245BFFFD49A2
(1790953703.232781) can0 2A5#000007BF000007CA
(1790953703.232907) can0 2A6#FFFFF84700000253
(1790953703.233006) can0 2A7#00004EADFFFFFD8E
(1790953703.237288) can0 2A1#0100010000000000
(1790953703.237406) can0 2A2#0000D606000008AE
(1790953703.237533) can0 2A3#0002EB29FFFD410D
(1790953703.237657) can0 2A4#0001245BFFFD49A2
(1790953703.237758) can0 2A5#000007BF000007CA
(1790953703.237891) can0 2A6#FFFFF84700000253
(1790953703.238006) can0 2A7#00004EADFFFFFD8E
(1790953703.242341) can0 2A1#0100010000000000
(1790953703.242432) can0 2A2#0000D606000008AE
(1790953703.242558) can0 2A3#0002EB29FFFD410D
(1790953703.242657) can0 2A4#0001245BFFFD49A2
(1790953703.242782) can0 2A5#000007BF000007CA
(1790953703.242889) can0 2A6#FFFFF84700000253
(1790953703.243008) can0 2A7#00004EADFFFFFD8E
(1790953703.247293) can0 2A1#0100010000000000
(1790953703.247409) can0 2A2#0000D606000008AE
(1790953703.247533) can0 2A3#0002EB29FFFD410D
(1790953703.247655) can0 2A4#0001245BFFFD49A2
(1790953703.247783) can0 2A5#000007BF000007CA
(1790953703.247895) can0 2A6#FFFFF84700000253
(1790953703.248006) can0 2A7#00004EADFFFFFD8E
(1790953703.252317) can0 2A1#0100010000000000
(1790953703.252677) can0 2A2#0000D606000008AE
(1790953703.252681) can0 2A3#0002EB29FFFD410D
(1790953703.252682) can0 2A4#0001245BFFFD49A2
(1790953703.252782) can0 2A5#000007BF000007CA
(1790953703.252909) can0 2A6#FFFFF84700000253
(1790953703.253032) can0 2A7#00004EADFFFFFD8E
(1790953703.257289) can0 2A1#0100010000000000
(1790953703.257410) can0 2A2#0000D606000008AE
(1790953703.257531) can0 2A3#0002EB29FFFD410D
(1790953703.257657) can0 2A4#0001245BFFFD49A2
(1790953703.257757) can0 2A5#000007BF000007CA
(1790953703.257884) can0 2A6#FFFFF84700000253
(1790953703.258008) can0 2A7#00004EADFFFFFD8E
(1790953703.262334) can0 2A1#0100010000000000
(1790953703.262432) can0 2A2#0000D606000008AE
(1790953703.262533) can0 2A3#0002EB29FFFD410D
(1790953703.262657) can0 2A4#0001245BFFFD49A2
(1790953703.262782) can0 2A5#000007BF000007CA
(1790953703.262907) can0 2A6#FFFFF84700000253
(1790953703.263032) can0 2A7#00004EADFFFFFD8E
(1790953703.267288) can0 2A1#0100010000000000
(1790953703.267405) can0 2A2#0000D606000008AE
(1790953703.267532) can0 2A3#0002EB29FFFD410D
(1790953703.267656) can0 2A4#0001245BFFFD49A2
(1790953703.267755) can0 2A5#000007BF000007CA
(1790953703.267882) can0 2A6#FFFFF84700000253
(1790953703.268007) can0 2A7#00004EADFFFFFD8E
(1790953703.272310) can0 2A1#0100010000000000
(1790953703.272434) can0 2A2#0000D606000008AE
(1790953703.272532) can0 2A3#0002EB29FFFD410D
(1790953703.272657) can0 2A4#0001245BFFFD49A2
(1790953703.272780) can0 2A5#000007BF000007CA
(1790953703.272882) can0 2A6#FFFFF84700000253
(1790953703.273032) can0 2A7#00004EADFFFFFD8E
(1790953703.277307) can0 2A1#0100010000000000
(1790953703.277407) can0 2A2#0000D606000008AE
(1790953703.277533) can0 2A3#0002EB29FFFD410D
(1790953703.277656) can0 2A4#0001245BFFFD49A2
(1790953703.277782) can0 2A5#000007BF000007CA
(1790953703.277881) can0 2A6#FFFFF84700000253
(1790953703.278007) can0 2A7#00004EADFFFFFD8E
(1790953703.282318) can0 2A1#0100010000000000
(1790953703.282419) can0 2A2#0000D606000008AE
(1790953703.282534) can0 2A3#0002EB29FFFD410D
(1790953703.282658) can0 2A4#0001245BFFFD49A2
(1790953703.282782) can0 2A5#000007BF000007CA
(1790953703.282908) can0 2A6#FFFFF84700000253
(1790953703.283032) can0 2A7#00004EADFFFFFD8E
(1790953703.287322) can0 2A1#0100010000000000
(1790953703.287408) can0 2A2#0000D606000008AE
(1790953703.287538) can0 2A3#0002EB29FFFD410D
(1790953703.287657) can0 2A4#0001245BFFFD49A2
(1790953703.287757) can0 2A5#000007BF000007CA
(1790953703.287890) can0 2A6#FFFFF84700000253
(1790953703.288008) can0 2A7#00004EADFFFFFD8E
(1790953703.292337) can0 2A1#0100010000000000
(1790953703.292432) can0 2A2#0000D606000008AE
(1790953703.292558) can0 2A3#0002EB29FFFD410D
(1790953703.292658) can0 2A4#0001245BFFFD49A2
(1790953703.292783) can0 2A5#000007BF000007CA
(1790953703.292883) can0 2A6#FFFFF84700000253
(1790953703.293008) can0 2A7#00004EADFFFFFD8E
(1790953703.297291) can0 2A1#0100010000000000
(1790953703.297407) can0 2A2#0000D606000008AE
(1790953703.297533) can0 2A3#0002EB29FFFD410D
(1790953703.297654) can0 2A4#0001245BFFFD49A2
(1790953703.297780) can0 2A5#000007BF000007CA
(1790953703.297906) can0 2A6#FFFFF84700000253
(1790953703.298006) can0 2A7#00004EADFFFFFD8E
(1790953703.302333) can0 2A1#0100010000000000
(1790953703.302404) can0 2A2#0000D606000008AE
(1790953703.302533) can0 2A3#0002EB29FFFD410D
(1790953703.302663) can0 2A4#0001245BFFFD49A2
(1790953703.302780) can0 2A5#000007BF000007CA
(1790953703.302906) can0 2A6#FFFFF84700000253
(1790953703.303031) can0 2A7#00004EADFFFFFD8E
(1790953703.307308) can0 2A1#0100010000000000
(1790953703.307406) can0 2A2#0000D606000008AE
(1790953703.307533) can0 2A3#0002EB29FFFD410D
(1790953703.307658) can0 2A4#0001245BFFFD49A2
(1790953703.307763) can0 2A5#000007BF000007CA
(1790953703.307881) can0 2A6#FFFFF84700000253
(1790953703.308007) can0 2A7#00004EADFFFFFD8E
(1790953703.312320) can0 2A1#0100010000000000
(1790953703.312432) can0 2A2#0000D606000008AE
(1790953703.312558) can0 2A3#0002EB29FFFD410D
(1790953703.312657) can0 2A4#0001245BFFFD49A2
(1790953703.312782) can0 2A5#000007BF000007CA
(1790953703.312907) can0 2A6#FFFFF84700000253
(1790953703.313032) can0 2A7#00004EADFFFFFD8E
(1790953703.317295) can0 2A1#0100010000000000
(1790953703.317406) can0 2A2#0000D606000008AE
(1790953703.317533) can0 2A3#0002EB29FFFD410D
(1790953703.317658) can0 2A4#0001245BFFFD49A2
(1790953703.317783) can0 2A5#000007BF000007CA
(1790953703.317908) can0 2A6#FFFFF84700000253
(1790953703.318008) can0 2A7#00004EADFFFFFD8E
(1790953703.322317) can0 2A1#0100010000000000
(1790953703.322406) can0 2A2#0000D606000008AE
(1790953703.322536) can0 2A3#0002EB29FFFD410D
(1790953703.322662) can0 2A4#0001245BFFFD49A2
(1790953703.322785) can0 2A5#000007BF000007CA
(1790953703.322909) can0 2A6#FFFFF84700000253
(1790953703.323034) can0 2A7#00004EADFFFFFD8E
(1790953703.327294) can0 2A1#0100010000000000
(1790953703.327404) can0 2A2#0000D606000008AE
(1790953703.327531) can0 2A3#0002EB29FFFD410D
(1790953703.327656) can0 2A4#0001245BFFFD49A2
(1790953703.327755) can0 2A5#000007BF000007CA
(1790953703.327881) can0 2A6#FFFFF84700000253
(1790953703.328006) can0 2A7#00004EADFFFFFD8E
(1790953703.332318) can0 2A1#0100010000000000
(1790953703.332434) can0 2A2#0000D606000008AE
(1790953703.332533) can0 2A3#0002EB29FFFD410D
(1790953703.332682) can0 2A4#0001245BFFFD49A2
(1790953703.332782) can0 2A5#000007BF000007CA
(1790953703.332907) can0 2A6#FFFFF84700000253
(1790953703.333033) can0 2A7#00004EADFFFFFD8E
(1790953703.337289) can0 2A1#0100010000000000
(1790953703.337408) can0 2A2#0000D606000008AE
(1790953703.337537) can0 2A3#0002EB29FFFD410D
(1790953703.337658) can0 2A4#0001245BFFFD49A2
(1790953703.337781) can0 2A5#000007BF000007CA
(1790953703.337892) can0 2A6#FFFFF84700000253
(1790953703.338011) can0 2A7#00004EADFFFFFD8E
(1790953703.342330) can0 2A1#0100010000000000
(1790953703.342435) can0 2A2#0000D606000008AE
(1790953703.342535) can0 2A3#0002EB29FFFD410D
(1790953703.342658) can0 2A4#0001245BFFFD49A2
(1790953703.342784) can0 2A5#000007BF000007CA
(1790953703.342908) can0 2A6#FFFFF84700000253
(1790953703.343034) can0 2A7#00004EADFFFFFD8E
(1790953703.347291) can0 2A1#0100010000000000
(1790953703.347408) can0 2A2#0000D606000008AE
(1790953703.347534) can0 2A3#0002EB29FFFD410D
(1790953703.347658) can0 2A4#0001245BFFFD49A2
(1790953703.347756) can0 2A5#000007BF000007CA
(1790953703.347907) can0 2A6#FFFFF84700000253
(1790953703.348007) can0 2A7#00004EADFFFFFD8E
(1790953703.352313) can0 2A1#0100010000000000
(1790953703.352431) can0 2A2#0000D606000008AE
(1790953703.352533) can0 2A3#0002EB29FFFD410D
(1790953703.352659) can0 2A4#0001245BFFFD49A2
(1790953703.352783) can0 2A5#000007BF000007CA
(1790953703.352909) can0 2A6#FFFFF84700000253
(1790953703.353034) can0 2A7#00004EADFFFFFD8E
(1790953703.357300) can0 2A1#0100010000000000
(1790953703.357410) can0 2A2#0000D606000008AE
(1790953703.357532) can0 2A3#0002EB29FFFD410D
(1790953703.357659) can0 2A4#0001245BFFFD49A2
(1790953703.357756) can0 2A5#000007BF000007CA
(1790953703.357882) can0 2A6#FFFFF84700000253
(1790953703.358006) can0 2A7#00004EADFFFFFD8E
(1790953703.362313) can0 2A1#0100010000000000
(1790953703.362433) can0 2A2#0000D606000008AE
(1790953703.362534) can0 2A3#0002EB29FFFD410D
(1790953703.362659) can0 2A4#0001245BFFFD49A2
(1790953703.362784) can0 2A5#000007BF000007CA
(1790953703.362909) can0 2A6#FFFFF84700000253
(1790953703.363034) can0 2A7#00004EADFFFFFD8E
(1790953703.367291) can0 2A1#0100010000000000
(1790953703.367407) can0 2A2#0000D606000008AE
(1790953703.367531) can0 2A3#0002EB29FFFD410D
(1790953703.367655) can0 2A4#0001245BFFFD49A2
(1790953703.367756) can0 2A5#000007BF000007CA
(1790953703.367881) can0 2A6#FFFFF84700000253
(1790953703.368006) can0 2A7#00004EADFFFFFD8E
(1790953703.372315) can0 2A1#0100010000000000
(1790953703.372434) can0 2A2#0000D606000008AE
(1790953703.372557) can0 2A3#0002EB29FFFD410D
(1790953703.372657) can0 2A4#0001245BFFFD49A2
(1790953703.372782) can0 2A5#000007BF000007CA
(1790953703.372908) can0 2A6#FFFFF84700000253
(1790953703.373032) can0 2A7#00004EADFFFFFD8E
(1790953703.377306) can0 2A1#0100010000000000
(1790953703.377412) can0 2A2#0000D606000008AE
(1790953703.377535) can0 2A3#0002EB29FFFD410D
(1790953703.377657) can0 2A4#0001245BFFFD49A2
(1790953703.377787) can0 2A5#000007BF000007CA
(1790953703.377910) can0 2A6#FFFFF84700000253
(1790953703.378008) can0 2A7#00004EADFFFFFD8E
(1790953703.382335) can0 2A1#0100010000000000
(1790953703.382441) can0 2A2#0000D606000008AE
(1790953703.382532) can0 2A3#0002EB29FFFD410D
(1790953703.382664) can0 2A4#0001245BFFFD49A2
(1790953703.382786) can0 2A5#000007BF000007CA
(1790953703.382909) can0 2A6#FFFFF84700000253
(1790953703.383035) can0 2A7#00004EADFFFFFD8E
(1790953703.387325) can0 2A1#0100010000000000
(1790953703.387406) can0 2A2#0000D606000008AE
(1790953703.387533) can0 2A3#0002EB29FFFD410D
(1790953703.387657) can0 2A4#0001245BFFFD49A2
(1790953703.387756) can0 2A5#000007BF000007CA
(1790953703.387885) can0 2A6#FFFFF84700000253
(1790953703.388008) can0 2A7#00004EADFFFFFD8E
(1790953703.392324) can0 2A1#0100010000000000
(1790953703.392434) can0 2A2#0000D606000008AE
(1790953703.392558) can0 2A3#0002EB29FFFD410D
(1790953703.392658) can0 2A4#0001245BFFFD49A2
(1790953703.392782) can0 2A5#000007BF000007CA
(1790953703.392910) can0 2A6#FFFFF84700000253
(1790953703.393031) can0 2A7#00004EADFFFFFD8E
(1790953703.397293) can0 2A1#0100010000000000
(1790953703.397411) can0 2A2#0000D606000008AE
(1790953703.397534) can0 2A3#0002EB29FFFD410D
(1790953703.397659) can0 2A4#0001245BFFFD49A2
(1790953703.397757) can0 2A5#000007BF000007CA
(1790953703.397882) can0 2A6#FFFFF84700000253
(1790953703.398008) can0 2A7#00004EADFFFFFD8E
(1790953703.402331) can0 2A1#0100010000000000
(1790953703.402432) can0 2A2#0000D606000008AE
(1790953703.402557) can0 2A3#0002EB29FFFD410D
(1790953703.402683) can0 2A4#0001245BFFFD49A2
(1790953703.402782) can0 2A5#000007BF000007CA
(1790953703.402908) can0 2A6#FFFFF84700000253
(1790953703.403031) can0 2A7#00004EADFFFFFD8E
(1790953703.407308) can0 2A1#0100010000000000
(1790953703.407405) can0 2A2#0000D606000008AE
(1790953703.407529) can0 2A3#0002EB29FFFD410D
(1790953703.407656) can0 2A4#0001245BFFFD49A2
(1790953703.407782) can0 2A5#000007BF000007CA
(1790953703.407881) can0 2A6#FFFFF84700000253
(1790953703.408006) can0 2A7#00004EADFFFFFD8E
(1790953703.412315) can0 2A1#0100010000000000
(1790953703.412429) can0 2A2#0000D606000008AE
(1790953703.412544) can0 2A3#0002EB29FFFD410D
(1790953703.412655) can0 2A4#0001245BFFFD49A2
(1790953703.412783) can0 2A5#000007BF000007CA
(1790953703.412906) can0 2A6#FFFFF84700000253
(1790953703.413030) can0 2A7#00004EADFFFFFD8E
(1790953703.417283) can0 2A1#0100010000000000
(1790953703.417405) can0 2A2#0000D606000008AE
(1790953703.417530) can0 2A3#0002EB29FFFD410D
(1790953703.417655) can0 2A4#0001245BFFFD49A2
(1790953703.417756) can0 2A5#000007BF000007CA
(1790953703.417881) can0 2A6#FFFFF84700000253
(1790953703.418006) can0 2A7#00004EADFFFFFD8E
(1790953703.422326) can0 2A1#0100010000000000
(1790953703.422430) can0 2A2#0000D606000008AE
(1790953703.422531) can0 2A3#0002EB29FFFD410D
(1790953703.422656) can0 2A4#0001245BFFFD49A2
(1790953703.422781) can0 2A5#000007BF000007CA
(1790953703.422907) can0 2A6#FFFFF84700000253
(1790953703.423031) can0 2A7#00004EADFFFFFD8E
(1790953703.427299) can0 2A1#0100010000000000
(1790953703.427404) can0 2A2#0000D606000008AE
(1790953703.427531) can0 2A3#0002EB29FFFD410D
(1790953703.427656) can0 2A4#0001245BFFFD49A2
(1790953703.427779) can0 2A5#000007BF000007CA
(1790953703.427907) can0 2A6#FFFFF84700000253
(1790953703.428004) can0 2A7#00004EADFFFFFD8E
(1790953703.432322) can0 2A1#0100010000000000
(1790953703.432430) can0 2A2#0000D606000008AE
(1790953703.432531) can0 2A3#0002EB29FFFD410D
(1790953703.432656) can0 2A4#0001245BFFFD49A2
(1790953703.432780) can0 2A5#000007BF000007CA
(1790953703.432906) can0 2A6#FFFFF84700000253
(1790953703.433029) can0 2A7#00004EADFFFFFD8E
(1790953703.437323) can0 2A1#0100010000000000
(1790953703.437403) can0 2A2#0000D606000008AE
(1790953703.437530) can0 2A3#0002EB29FFFD410D
(1790953703.437655) can0 2A4#0001245BFFFD49A2
(1790953703.437780) can0 2A5#000007BF000007CA
(1790953703.437905) can0 2A6#FFFFF84700000253
(1790953703.438031) can0 2A7#00004EADFFFFFD8E
(1790953703.442311) can0 2A1#0100010000000000
(1790953703.442429) can0 2A2#0000D606000008AE
(1790953703.442555) can0 2A3#0002EB29FFFD410D
(1790953703.442655) can0 2A4#0001245BFFFD49A2
(1790953703.442780) can0 2A5#000007BF000007CA
(1790953703.442907) can0 2A6#FFFFF84700000253
(1790953703.443031) can0 2A7#00004EADFFFFFD8E
(1790953703.447288) can0 2A1#0100010000000000
(1790953703.447408) can0 2A2#0000D606000008AE
(1790953703.447532) can0 2A3#0002EB29FFFD410D
(1790953703.447656) can0 2A4#0001245BFFFD49A2
(1790953703.447781) can0 2A5#000007BF000007CA
(1790953703.447881) can0 2A6#FFFFF84700000253
(1790953703.448005) can0 2A7#00004EADFFFFFD8E
(1790953703.452312) can0 2A1#0100010000000000
(1790953703.452408) can0 2A2#0000D606000008AE
(1790953703.452532) can0 2A3#0002EB29FFFD410D
(1790953703.452656) can0 2A4#0001245BFFFD49A2
(1790953703.452781) can0 2A5#000007BF000007CA
(1790953703.452928) can0 2A6#FFFFF84700000253
(1790953703.453032) can0 2A7#00004EADFFFFFD8E
(1790953703.457308) can0 2A1#0100010000000000
(1790953703.457406) can0 2A2#0000D606000008AE
(1790953703.457531) can0 2A3#0002EB29FFFD410D
(1790953703.457655) can0 2A4#0001245BFFFD49A2
(1790953703.457755) can0 2A5#000007BF000007CA
(1790953703.457882) can0 2A6#FFFFF84700000253
(1790953703.458005) can0 2A7#00004EADFFFFFD8E
(1790953703.462311) can0 2A1#0100010000000000
(1790953703.462430) can0 2A2#0000D606000008AE
(1790953703.462556) can0 2A3#0002EB29FFFD410D
(1790953703.462657) can0 2A4#0001245BFFFD49A2
(1790953703.462781) can0 2A5#000007BF000007CA
(1790953703.462908) can0 2A6#FFFFF84700000253
(1790953703.463031) can0 2A7#00004EADFFFFFD8E
(1790953703.467283) can0 2A1#0100010000000000
(1790953703.467407) can0 2A2#0000D606000008AE
(1790953703.467533) can0 2A3#0002EB29FFFD410D
(1790953703.467657) can0 2A4#0001245BFFFD49A2
(1790953703.467782) can0 2A5#000007BF000007CA
(1790953703.467904) can0 2A6#FFFFF84700000253
(1790953703.468005) can0 2A7#00004EADFFFFFD8E
(1790953703.472311) can0 2A1#0100010000000000
(1790953703.472429) can0 2A2#0000D606000008AE
(1790953703.472531) can0 2A3#0002EB29FFFD410D
(1790953703.472656) can0 2A4#0001245BFFFD49A2
(1790953703.472781) can0 2A5#000007BF000007CA
(1790953703.472906) can0 2A6#FFFFF84700000253
(1790953703.473029) can0 2A7#00004EADFFFFFD8E
(1790953703.477281) can0 2A1#0100010000000000
(1790953703.477405) can0 2A2#0000D606000008AE
(1790953703.477531) can0 2A3#0002EB29FFFD410D
(1790953703.477654) can0 2A4#0001245BFFFD49A2
(1790953703.477781) can0 2A5#000007BF000007CA
(1790953703.477906) can0 2A6#FFFFF84700000253
(1790953703.478006) can0 2A7#00004EADFFFFFD8E
(1790953703.482318) can0 2A1#0100010000000000
(1790953703.482430) can0 2A2#0000D606000008AE
(1790953703.482531) can0 2A3#0002EB29FFFD410D
(1790953703.482656) can0 2A4#0001245BFFFD49A2
(1790953703.482781) can0 2A5#000007BF000007CA
(1790953703.482906) can0 2A6#FFFFF84700000253
(1790953703.483029) can0 2A7#00004EADFFFFFD8E
(1790953703.487287) can0 2A1#0100010000000000
(1790953703.487407) can0 2A2#0000D606000008AE
(1790953703.487532) can0 2A3#0002EB29FFFD410D
(1790953703.487657) can0 2A4#0001245BFFFD49A2
(1790953703.487782) can0 2A5#000007BF000007CA
(1790953703.487881) can0 2A6#FFFFF84700000253
(1790953703.488007) can0 2A7#00004EADFFFFFD8E
(1790953703.492311) can0 2A1#0100010000000000
(1790953703.492429) can0 2A2#0000D606000008AE
(1790953703.492576) can0 2A3#0002EB29FFFD410D
(1790953703.492679) can0 2A4#0001245BFFFD49A2
(1790953703.492779) can0 2A5#000007BF000007CA
(1790953703.492906) can0 2A6#FFFFF84700000253
(1790953703.493032) can0 2A7#00004EADFFFFFD8E
(1790953703.497302) can0 2A1#0100010000000000
(1790953703.497409) can0 2A2#0000D606000008AE
(1790953703.497533) can0 2A3#0002EB29FFFD410D
(1790953703.497656) can0 2A4#0001245BFFFD49A2
(1790953703.497756) can0 2A5#000007BF000007CA
(1790953703.497882) can0 2A6#FFFFF84700000253
(1790953703.498006) can0 2A7#00004EADFFFFFD8E
(1790953703.502331) can0 2A1#0100010000000000
(1790953703.502434) can0 2A2#0000D606000008AE
(1790953703.502557) can0 2A3#0002EB29FFFD410D
(1790953703.502656) can0 2A4#0001245BFFFD49A2
(1790953703.502783) can0 2A5#000007BF000007CA
(1790953703.502915) can0 2A6#FFFFF84700000253
(1790953703.503032) can0 2A7#00004EADFFFFFD8E
(1790953703.507290) can0 2A1#0100010000000000
(1790953703.507407) can0 2A2#0000D606000008AE
(1790953703.507533) can0 2A3#0002EB29FFFD410D
(1790953703.507659) can0 2A4#0001245BFFFD49A2
(1790953703.507782) can0 2A5#000007BF000007CA
(1790953703.507908) can0 2A6#FFFFF84700000253
(1790953703.508010) can0 2A7#00004EADFFFFFD8E
(1790953703.512322) can0 2A1#0100010000000000
(1790953703.512434) can0 2A2#0000D606000008AE
(1790953703.512562) can0 2A3#0002EB29FFFD410D
(1790953703.512663) can0 2A4#0001245BFFFD49A2
(1790953703.512789) can0 2A5#000007BF000007CA
(1790953703.512888) can0 2A6#FFFFF84700000253
(1790953703.513011) can0 2A7#00004EADFFFFFD8E
(1790953703.517315) can0 2A1#0100010000000000
(1790953703.517405) can0 2A2#0000D606000008AE
(1790953703.517533) can0 2A3#0002EB29FFFD410D
(1790953703.517657) can0 2A4#0001245BFFFD49A2
(1790953703.517882) can0 2A5#000007BF000007CA
(1790953703.517892) can0 2A6#FFFFF84700000253
(1790953703.518008) can0 2A7#00004EADFFFFFD8E
(1790953703.522333) can0 2A1#0100010000000000
(1790953703.522431) can0 2A2#0000D606000008AE
(1790953703.522533) can0 2A3#0002EB29FFFD410D
(1790953703.522657) can0 2A4#0001245BFFFD49A2
(1790953703.522783) can0 2A5#000007BF000007CA
(1790953703.522910) can0 2A6#FFFFF84700000253
(1790953703.523112) can0 2A7#00004EADFFFFFD8E
(1790953703.527291) can0 2A1#0100010000000000
(1790953703.527406) can0 2A2#0000D606000008AE
(1790953703.527531) can0 2A3#0002EB29FFFD410D
(1790953703.527657) can0 2A4#0001245BFFFD49A2
(1790953703.527783) can0 2A5#000007BF000007CA
(1790953703.527882) can0 2A6#FFFFF84700000253
(1790953703.528005) can0 2A7#00004EADFFFFFD8E
(1790953703.532331) can0 2A1#0100010000000000
(1790953703.532431) can0 2A2#0000D606000008AE
(1790953703.532533) can0 2A3#0002EB29FFFD410D
(1790953703.532657) can0 2A4#0001245BFFFD49A2
(1790953703.532782) can0 2A5#000007BF000007CA
(1790953703.532908) can0 2A6#FFFFF84700000253
(1790953703.533033) can0 2A7#00004EADFFFFFD8E
(1790953703.537289) can0 2A1#0100010000000000
(1790953703.537407) can0 2A2#0000D606000008AE
(1790953703.537533) can0 2A3#0002EB29FFFD410D
(1790953703.537658) can0 2A4#0001245BFFFD49A2
(1790953703.537783) can0 2A5#000007BF000007CA
(1790953703.537883) can0 2A6#FFFFF84700000253
(1790953703.538007) can0 2A7#00004EADFFFFFD8E
(1790953703.542311) can0 2A1#0100010000000000
(1790953703.542430) can0 2A2#0000D606000008AE
(1790953703.542529) can0 2A3#0002EB29FFFD410D
(1790953703.542653) can0 2A4#0001245BFFFD49A2
(1790953703.542778) can0 2A5#000007BF000007CA
(1790953703.542905) can0 2A6#FFFFF84700000253
(1790953703.543030) can0 2A7#00004EADFFFFFD8E
(1790953703.547291) can0 2A1#0100010000000000
(1790953703.547410) can0 2A2#0000D606000008AE
(1790953703.547533) can0 2A3#0002EB29FFFD410D
(1790953703.547658) can0 2A4#0001245BFFFD49A2
(1790953703.547782) can0 2A5#000007BF000007CA
(1790953703.547907) can0 2A6#FFFFF84700000253
(1790953703.548008) can0 2A7#00004EADFFFFFD8E
(1790953703.552331) can0 2A1#0100010000000000
(1790953703.552409) can0 2A2#0000D606000008AE
(1790953703.552536) can0 2A3#0002EB29FFFD410D
(1790953703.552657) can0 2A4#0001245BFFFD49A2
(1790953703.552782) can0 2A5#000007BF000007CA
(1790953703.552907) can0 2A6#FFFFF84700000253
(1790953703.553033) can0 2A7#00004EADFFFFFD8E
(1790953703.557307) can0 2A1#0100010000000000
(1790953703.557406) can0 2A2#0000D606000008AE
(1790953703.557532) can0 2A3#0002EB29FFFD410D
(1790953703.557654) can0 2A4#0001245BFFFD49A2
(1790953703.557753) can0 2A5#000007BF000007CA
(1790953703.557881) can0 2A6#FFFFF84700000253
(1790953703.558005) can0 2A7#00004EADFFFFFD8E
(1790953703.562313) can0 2A1#0100010000000000
(1790953703.562429) can0 2A2#0000D606000008AE
(1790953703.562532) can0 2A3#0002EB29FFFD410D
(1790953703.562655) can0 2A4#0001245BFFFD49A2
(1790953703.562784) can0 2A5#000007BF000007CA
(1790953703.562908) can0 2A6#FFFFF84700000253
(1790953703.563031) can0 2A7#00004EADFFFFFD8E
(1790953703.567289) can0 2A1#0100010000000000
(1790953703.567407) can0 2A2#0000D606000008AE
(1790953703.567533) can0 2A3#0002EB29FFFD410D
(1790953703.567658) can0 2A4#0001245BFFFD49A2
(1790953703.567782) can0 2A5#000007BF000007CA
(1790953703.567908) can0 2A6#FFFFF84700000253
(1790953703.568007) can0 2A7#00004EADFFFFFD8E
(1790953703.572312) can0 2A1#0100010000000000
(1790953703.572412) can0 2A2#0000D606000008AE
(1790953703.572531) can0 2A3#0002EB29FFFD410D
(1790953703.572658) can0 2A4#0001245BFFFD49A2
(1790953703.572781) can0 2A5#000007BF000007CA
(1790953703.572906) can0 2A6#FFFFF84700000253
(1790953703.573031) can0 2A7#00004EADFFFFFD8E
(1790953703.577322) can0 2A1#0100010000000000
(1790953703.577408) can0 2A2#0000D606000008AE
(1790953703.577532) can0 2A3#0002EB29FFFD410D
(1790953703.577656) can0 2A4#0001245BFFFD49A2
(1790953703.577781) can0 2A5#000007BF000007CA
(1790953703.577907) can0 2A6#FFFFF84700000253
(1790953703.578031) can0 2A7#00004EADFFFFFD8E
(1790953703.582334) can0 2A1#0100010000000000
(1790953703.582435) can0 2A2#0000D606000008AE
(1790953703.582532) can0 2A3#0002EB29FFFD410D
(1790953703.582662) can0 2A4#0001245BFFFD49A2
(1790953703.582782) can0 2A5#000007BF000007CA
(1790953703.582907) can0 2A6#FFFFF84700000253
(1790953703.583036) can0 2A7#00004EADFFFFFD8E
(1790953703.587305) can0 2A1#0100010000000000
(1790953703.587412) can0 2A2#0000D606000008AE
(1790953703.587533) can0 2A3#0002EB29FFFD410D
(1790953703.587660) can0 2A4#0001245BFFFD49A2
(1790953703.587782) can0 2A5#000007BF000007CA
(1790953703.587907) can0 2A6#FFFFF84700000253
(1790953703.588032) can0 2A7#00004EADFFFFFD8E
(1790953703.592321) can0 2A1#0100010000000000
(1790953703.592410) can0 2A2#0000D606000008AE
(1790953703.592533) can0 2A3#0002EB29FFFD410D
(1790953703.592657) can0 2A4#0001245BFFFD49A2
(1790953703.592782) can0 2A5#000007BF000007CA
(1790953703.592910) can0 2A6#FFFFF84700000253
(1790953703.593032) can0 2A7#00004EADFFFFFD8E
(1790953703.597310) can0 2A1#0100010000000000
(1790953703.597408) can0 2A2#0000D606000008AE
(1790953703.597532) can0 2A3#0002EB29FFFD410D
(1790953703.597658) can0 2A4#0001245BFFFD49A2
(1790953703.597797) can0 2A5#000007BF000007CA
(1790953703.597905) can0 2A6#FFFFF84700000253
(1790953703.598030) can0 2A7#00004EADFFFFFD8E
(1790953703.602328) can0 2A1#0100010000000000
(1790953703.602436) can0 2A2#0000D606000008AE
(1790953703.602558) can0 2A3#0002EB29FFFD410D
(1790953703.602657) can0 2A4#0001245BFFFD49A2
(1790953703.602780) can0 2A5#000007BF000007CA
(1790953703.602910) can0 2A6#FFFFF84700000253
(1790953703.603119) can0 2A7#00004EADFFFFFD8E
(1790953703.607291) can0 2A1#0100010000000000
(1790953703.607405) can0 2A2#0000D606000008AE
(1790953703.607531) can0 2A3#0002EB29FFFD410D
(1790953703.607655) can0 2A4#0001245BFFFD49A2
(1790953703.607781) can0 2A5#000007BF000007CA
(1790953703.607906) can0 2A6#FFFFF84700000253
(1790953703.608031) can0 2A7#00004EADFFFFFD8E
(1790953703.612321) can0 2A1#0100010000000000
(1790953703.612430) can0 2A2#0000D606000008AE
(1790953703.612530) can0 2A3#0002EB29FFFD410D
(1790953703.612659) can0 2A4#0001245BFFFD49A2
(1790953703.612788) can0 2A5#000007BF000007CA
(1790953703.612906) can0 2A6#FFFFF84700000253
(1790953703.613031) can0 2A7#00004EADFFFFFD8E
(1790953703.617307) can0 2A1#0100010000000000
(1790953703.617404) can0 2A2#0000D606000008AE
(1790953703.617531) can0 2A3#0002EB29FFFD410D
(1790953703.617656) can0 2A4#0001245BFFFD49A2
(1790953703.617780) can0 2A5#000007BF000007CA
(1790953703.617887) can0 2A6#FFFFF84700000253
(1790953703.618007) can0 2A7#00004EADFFFFFD8E
(1790953703.622319) can0 2A1#0100010000000000
(1790953703.622429) can0 2A2#0000D606000008AE
(1790953703.622556) can0 2A3#0002EB29FFFD410D
(1790953703.622656) can0 2A4#0001245BFFFD49A2
(1790953703.622780) can0 2A5#000007BF000007CA
(1790953703.622905) can0 2A6#FFFFF84700000253
(1790953703.623030) can0 2A7#00004EADFFFFFD8E
(1790953703.627314) can0 2A1#0100010000000000
(1790953703.627429) can0 2A2#0000D606000008AE
(1790953703.627531) can0 2A3#0002EB29FFFD410D
(1790953703.627656) can0 2A4#0001245BFFFD49A2
(1790953703.627755) can0 2A5#000007BF000007CA
(1790953703.627881) can0 2A6#FFFFF84700000253
(1790953703.628006) can0 2A7#00004EADFFFFFD8E
(1790953703.632322) can0 2A1#0100010000000000
(1790953703.632434) can0 2A2#0000D606000008AE
(1790953703.632560) can0 2A3#0002EB29FFFD410D
(1790953703.632659) can0 2A4#0001245BFFFD49A2
(1790953703.632785) can0 2A5#000007BF000007CA
(1790953703.632908) can0 2A6#FFFFF84700000253
(1790953703.633033) can0 2A7#00004EADFFFFFD8E
(1790953703.637290) can0 2A1#0100010000000000
(1790953703.637434) can0 2A2#0000D606000008AE
(1790953703.637532) can0 2A3#0002EB29FFFD410D
(1790953703.637657) can0 2A4#0001245BFFFD49A2
(1790953703.637782) can0 2A5#000007BF000007CA
(1790953703.637881) can0 2A6#FFFFF84700000253
(1790953703.638008) can0 2A7#00004EADFFFFFD8E
(1790953703.642309) can0 2A1#0100010000000000
(1790953703.642433) can0 2A2#0000D606000008AE
(1790953703.642557) can0 2A3#0002EB29FFFD410D
(1790953703.642657) can0 2A4#0001245BFFFD49A2
(1790953703.642782) can0 2A5#000007BF000007CA
(1790953703.642907) can0 2A6#FFFFF84700000253
(1790953703.643033) can0 2A7#00004EADFFFFFD8E
(1790953703.647314) can0 2A1#0100010000000000
(1790953703.647407) can0 2A2#0000D606000008AE
(1790953703.647534) can0 2A3#0002EB29FFFD410D
(1790953703.647657) can0 2A4#0001245BFFFD49A2
(1790953703.647756) can0 2A5#000007BF000007CA
(1790953703.647882) can0 2A6#FFFFF84700000253
(1790953703.648008) can0 2A7#00004EADFFFFFD8E
(1790953703.652334) can0 2A1#0100010000000000
(1790953703.652431) can0 2A2#0000D606000008AE
(1790953703.652558) can0 2A3#0002EB29FFFD410D
(1790953703.652658) can0 2A4#0001245BFFFD49A2
(1790953703.652781) can0 2A5#000007BF000007CA
(1790953703.652922) can0 2A6#FFFFF84700000253
(1790953703.653033) can0 2A7#00004EADFFFFFD8E
(1790953703.657289) can0 2A1#0100010000000000
(1790953703.657405) can0 2A2#0000D606000008AE
(1790953703.657530) can0 2A3#0002EB29FFFD410D
(1790953703.657659) can0 2A4#0001245BFFFD49A2
(1790953703.657779) can0 2A5#000007BF000007CA
(1790953703.657881) can0 2A6#FFFFF84700000253
(1790953703.658005) can0 2A7#00004EADFFFFFD8E
(1790953703.662314) can0 2A1#0100010000000000
(1790953703.662430) can0 2A2#0000D606000008AE
(1790953703.662557) can0 2A3#0002EB29FFFD410D
(1790953703.662656) can0 2A4#0001245BFFFD49A2
(1790953703.662781) can0 2A5#000007BF000007CA
(1790953703.662906) can0 2A6#FFFFF84700000253
(1790953703.663033) can0 2A7#00004EADFFFFFD8E
(1790953703.667319) can0 2A1#0100010000000000
(1790953703.667421) can0 2A2#0000D606000008AE
(1790953703.667535) can0 2A3#0002EB29FFFD410D
(1790953703.667659) can0 2A4#0001245BFFFD49A2
(1790953703.667784) can0 2A5#000007BF000007CA
(1790953703.667883) can0 2A6#FFFFF84700000253
(1790953703.668034) can0 2A7#00004EADFFFFFD8E
(1790953703.672313) can0 2A1#0100010000000000
(1790953703.672433) can0 2A2#0000D606000008AE
(1790953703.672558) can0 2A3#0002EB29FFFD410D
(1790953703.672658) can0 2A4#0001245BFFFD49A2
(1790953703.672783) can0 2A5#000007BF000007CA
(1790953703.672909) can0 2A6#FFFFF84700000253
(1790953703.673033) can0 2A7#00004EADFFFFFD8E
(1790953703.677316) can0 2A1#0100010000000000
(1790953703.677409) can0 2A2#0000D606000008AE
(1790953703.677532) can0 2A3#0002EB29FFFD410D
(1790953703.677657) can0 2A4#0001245BFFFD49A2
(1790953703.677782) can0 2A5#000007BF000007CA
(1790953703.677884) can0 2A6#FFFFF84700000253
(1790953703.678009) can0 2A7#00004EADFFFFFD8E
(1790953703.682317) can0 2A1#0100010000000000
(1790953703.682435) can0 2A2#0000D606000008AE
(1790953703.682561) can0 2A3#0002EB29FFFD410D
(1790953703.682658) can0 2A4#0001245BFFFD49A2
(1790953703.682784) can0 2A5#000007BF000007CA
(1790953703.682909) can0 2A6#FFFFF84700000253
(1790953703.683035) can0 2A7#00004EADFFFFFD8E
(1790953703.687291) can0 2A1#0100010000000000
(1790953703.687411) can0 2A2#0000D606000008AE
(1790953703.687534) can0 2A3#0002EB29FFFD410D
(1790953703.687657) can0 2A4#0001245BFFFD49A2
(1790953703.687784) can0 2A5#000007BF000007CA
(1790953703.687882) can0 2A6#FFFFF84700000253
(1790953703.688007) can0 2A7#00004EADFFFFFD8E
(1790953703.692317) can0 2A1#0100010000000000
(1790953703.692430) can0 2A2#0000D606000008AE
(1790953703.692558) can0 2A3#0002EB29FFFD410D
(1790953703.692655) can0 2A4#0001245BFFFD49A2
(1790953703.692780) can0 2A5#000007BF000007CA
(1790953703.692906) can0 2A6#FFFFF84700000253
(1790953703.693030) can0 2A7#00004EADFFFFFD8E
(1790953703.697318) can0 2A1#0100010000000000
(1790953703.697407) can0 2A2#0000D606000008AE
(1790953703.697533) can0 2A3#0002EB29FFFD410D
(1790953703.697658) can0 2A4#0001245BFFFD49A2
(1790953703.697755) can0 2A5#000007BF000007CA
(1790953703.697880) can0 2A6#FFFFF84700000253
(1790953703.698005) can0 2A7#00004EADFFFFFD8E
(1790953703.702322) can0 2A1#0100010000000000
(1790953703.702440) can0 2A2#0000D606000008AE
(1790953703.702557) can0 2A3#0002EB29FFFD410D
(1790953703.702656) can0 2A4#0001245BFFFD49A2
(1790953703.702781) can0 2A5#000007BF000007CA
(1790953703.702905) can0 2A6#FFFFF84700000253
(1790953703.703031) can0 2A7#00004EADFFFFFD8E
(1790953703.707306) can0 2A1#0100010000000000
(1790953703.707406) can0 2A2#0000D606000008AE
(1790953703.707530) can0 2A3#0002EB29FFFD410D
(1790953703.707655) can0 2A4#0001245BFFFD49A2
(1790953703.707780) can0 2A5#000007BF000007CA
(1790953703.707880) can0 2A6#FFFFF84700000253
(1790953703.708005) can0 2A7#00004EADFFFFFD8E
(1790953703.712320) can0 2A1#0100010000000000
(1790953703.712434) can0 2A2#0000D606000008AE
(1790953703.712531) can0 2A3#0002EB29FFFD410D
(1790953703.712657) can0 2A4#0001245BFFFD49A2
(1790953703.712784) can0 2A5#000007BF000007CA
(1790953703.712908) can0 2A6#FFFFF84700000253
(1790953703.713030) can0 2A7#00004EADFFFFFD8E
(1790953703.717315) can0 2A1#0100010000000000
(1790953703.717406) can0 2A2#0000D606000008AE
(1790953703.717531) can0 2A3#0002EB29FFFD410D
(1790953703.717656) can0 2A4#0001245BFFFD49A2
(1790953703.717781) can0 2A5#000007BF000007CA
(1790953703.717906) can0 2A6#FFFFF84700000253
(1790953703.718031) can0 2A7#00004EADFFFFFD8E
(1790953703.722315) can0 2A1#0100010000000000
(1790953703.722429) can0 2A2#0000D606000008AE
(1790953703.722556) can0 2A3#0002EB29FFFD410D
(1790953703.722654) can0 2A4#0001245BFFFD49A2
(1790953703.722781) can0 2A5#000007BF000007CA
(1790953703.722908) can0 2A6#FFFFF84700000253
(1790953703.723035) can0 2A7#00004EADFFFFFD8E
(1790953703.727307) can0 2A1#0100010000000000
(1790953703.727431) can0 2A2#0000D606000008AE
(1790953703.727531) can0 2A3#0002EB29FFFD410D
(1790953703.727656) can0 2A4#0001245BFFFD49A2
(1790953703.727782) can0 2A5#000007BF000007CA
(1790953703.727882) can0 2A6#FFFFF84700000253
(1790953703.728006) can0 2A7#00004EADFFFFFD8E
(1790953703.732316) can0 2A1#0100010000000000
(1790953703.732432) can0 2A2#0000D606000008AE
(1790953703.732712) can0 2A3#0002EB29FFFD410D
(1790953703.732714) can0 2A4#0001245BFFFD49A2
(1790953703.732784) can0 2A5#000007BF000007CA
(1790953703.732909) can0 2A6#FFFFF84700000253
(1790953703.733033) can0 2A7#00004EADFFFFFD8E
(1790953703.737295) can0 2A1#0100010000000000
(1790953703.737406) can0 2A2#0000D606000008AE
(1790953703.737533) can0 2A3#0002EB29FFFD410D
(1790953703.737657) can0 2A4#0001245BFFFD49A2
(1790953703.737783) can0 2A5#000007BF000007CA
(1790953703.737883) can0 2A6#FFFFF84700000253
(1790953703.738007) can0 2A7#00004EADFFFFFD8E
(1790953703.742317) can0 2A1#0100010000000000
(1790953703.742430) can0 2A2#0000D606000008AE
(1790953703.742558) can0 2A3#0002EB29FFFD410D
(1790953703.742657) can0 2A4#0001245BFFFD49A2
(1790953703.742782) can0 2A5#000007BF000007CA
(1790953703.742908) can0 2A6#FFFFF84700000253
(1790953703.743033) can0 2A7#00004EADFFFFFD8E
(1790953703.747319) can0 2A1#0100010000000000
(1790953703.747408) can0 2A2#0000D606000008AE
(1790953703.747535) can0 2A3#0002EB29FFFD410D
(1790953703.747656) can0 2A4#0001245BFFFD49A2
(1790953703.747757) can0 2A5#000007BF000007CA
(1790953703.747885) can0 2A6#FFFFF84700000253
(1790953703.748010) can0 2A7#00004EADFFFFFD8E
(1790953703.752330) can0 2A1#0100010000000000
(1790953703.752433) can0 2A2#0000D606000008AE
(1790953703.752533) can0 2A3#0002EB29FFFD410D
(1790953703.752659) can0 2A4#0001245BFFFD49A2
(1790953703.752784) can0 2A5#000007BF000007CA
(1790953703.752907) can0 2A6#FFFFF84700000253
(1790953703.753033) can0 2A7#00004EADFFFFFD8E
(1790953703.757288) can0 2A1#0100010000000000
(1790953703.757407) can0 2A2#0000D606000008AE
(1790953703.757532) can0 2A3#0002EB29FFFD410D
(1790953703.757659) can0 2A4#0001245BFFFD49A2
(1790953703.757782) can0 2A5#000007BF000007CA
(1790953703.757881) can0 2A6#FFFFF84700000253
(1790953703.758009) can0 2A7#00004EADFFFFFD8E
(1790953703.762316) can0 2A1#0100010000000000
(1790953703.762431) can0 2A2#0000D606000008AE
(1790953703.762559) can0 2A3#0002EB29FFFD410D
(1790953703.762660) can0 2A4#0001245BFFFD49A2
(1790953703.762785) can0 2A5#000007BF000007CA
(1790953703.762906) can0 2A6#FFFFF84700000253
(1790953703.763034) can0 2A7#00004EADFFFFFD8E
(1790953703.767319) can0 2A1#0100010000000000
(1790953703.767413) can0 2A2#0000D606000008AE
(1790953703.767535) can0 2A3#0002EB29FFFD410D
(1790953703.767657) can0 2A4#0001245BFFFD49A2
(1790953703.767756) can0 2A5#000007BF000007CA
(1790953703.767884) can0 2A6#FFFFF84700000253
(1790953703.768007) can0 2A7#00004EADFFFFFD8E
(1790953703.772308) can0 2A1#0100010000000000
(1790953703.772433) can0 2A2#0000D606000008AE
(1790953703.772557) can0 2A3#0002EB29FFFD410D
(1790953703.772655) can0 2A4#0001245BFFFD49A2
(1790953703.772780) can0 2A5#000007BF000007CA
(1790953703.772908) can0 2A6#FFFFF84700000253
(1790953703.773005) can0 2A7#00004EADFFFFFD8E
(1790953703.777289) can0 2A1#0100010000000000
(1790953703.777404) can0 2A2#0000D606000008AE
(1790953703.777529) can0 2A3#0002EB29FFFD410D
(1790953703.777657) can0 2A4#0001245BFFFD49A2
(1790953703.777781) can0 2A5#000007BF000007CA
(1790953703.777907) can0 2A6#FFFFF84700000253
(1790953703.778032) can0 2A7#00004EADFFFFFD8E
(1790953703.782322) can0 2A1#0100010000000000
(1790953703.782432) can0 2A2#0000D606000008AE
(1790953703.782560) can0 2A3#0002EB29FFFD410D
(1790953703.782657) can0 2A4#0001245BFFFD49A2
(1790953703.782781) can0 2A5#000007BF000007CA
(1790953703.782910) can0 2A6#FFFFF84700000253
(1790953703.783032) can0 2A7#00004EADFFFFFD8E
(1790953703.787306) can0 2A1#0100010000000000
(1790953703.787409) can0 2A2#0000D606000008AE
(1790953703.787532) can0 2A3#0002EB29FFFD410D
(1790953703.787656) can0 2A4#0001245BFFFD49A2
(1790953703.787784) can0 2A5#000007BF000007CA
(1790953703.787884) can0 2A6#FFFFF84700000253
(1790953703.788006) can0 2A7#00004EADFFFFFD8E
(1790953703.792316) can0 2A1#0100010000000000
(1790953703.792431) can0 2A2#0000D606000008AE
(1790953703.792559) can0 2A3#0002EB29FFFD410D
(1790953703.792657) can0 2A4#0001245BFFFD49A2
(1790953703.792782) can0 2A5#000007BF000007CA
(1790953703.792906) can0 2A6#FFFFF84700000253
(1790953703.793033) can0 2A7#00004EADFFFFFD8E
(1790953703.797313) can0 2A1#0100010000000000
(1790953703.797413) can0 2A2#0000D606000008AE
(1790953703.797534) can0 2A3#0002EB29FFFD410D
(1790953703.797659) can0 2A4#0001245BFFFD49A2
(1790953703.797785) can0 2A5#000007BF000007CA
(1790953703.797909) can0 2A6#FFFFF84700000253
(1790953703.798031) can0 2A7#00004EADFFFFFD8E
(1790953703.802342) can0 2A1#0100010000000000
(1790953703.802433) can0 2A2#0000D606000008AE
(1790953703.802532) can0 2A3#0002EB29FFFD410D
(1790953703.802685) can0 2A4#0001245BFFFD49A2
(1790953703.802784) can0 2A5#000007BF000007CA
(1790953703.802907) can0 2A6#FFFFF84700000253
(1790953703.803031) can0 2A7#00004EADFFFFFD8E
(1790953703.807289) can0 2A1#0100010000000000
(1790953703.807405) can0 2A2#0000D606000008AE
(1790953703.807530) can0 2A3#0002EB29FFFD410D
(1790953703.807655) can0 2A4#0001245BFFFD49A2
(1790953703.807780) can0 2A5#000007BF000007CA
(1790953703.807880) can0 2A6#FFFFF84700000253
(1790953703.808005) can0 2A7#00004EADFFFFFD8E
(1790953703.812309) can0 2A1#0100010000000000
(1790953703.812430) can0 2A2#0000D606000008AE
(1790953703.812530) can0 2A3#0002EB29FFFD410D
(1790953703.812657) can0 2A4#0001245BFFFD49A2
(1790953703.812779) can0 2A5#000007BF000007CA
(1790953703.812906) can0 2A6#FFFFF84700000253
(1790953703.813033) can0 2A7#00004EADFFFFFD8E
(1790953703.817309) can0 2A1#0100010000000000
(1790953703.817405) can0 2A2#0000D606000008AE
(1790953703.817530) can0 2A3#0002EB29FFFD410D
(1790953703.817657) can0 2A4#0001245BFFFD49A2
(1790953703.817782) can0 2A5#000007BF000007CA
(1790953703.817908) can0 2A6#FFFFF84700000253
(1790953703.818032) can0 2A7#00004EADFFFFFD8E
(1790953703.822307) can0 2A1#0100010000000000
(1790953703.822429) can0 2A2#0000D606000008AE
(1790953703.822554) can0 2A3#0002EB29FFFD410D
(1790953703.822653) can0 2A4#0001245BFFFD49A2
(1790953703.822778) can0 2A5#000007BF000007CA
(1790953703.822903) can0 2A6#FFFFF84700000253
(1790953703.823028) can0 2A7#00004EADFFFFFD8E
(1790953703.827285) can0 2A1#0100010000000000
(1790953703.827406) can0 2A2#0000D606000008AE
(1790953703.827534) can0 2A3#0002EB29FFFD410D
(1790953703.827659) can0 2A4#0001245BFFFD49A2
(1790953703.827784) can0 2A5#000007BF000007CA
(1790953703.827907) can0 2A6#FFFFF84700000253
(1790953703.828007) can0 2A7#00004EADFFFFFD8E
(1790953703.832310) can0 2A1#0100010000000000
(1790953703.832432) can0 2A2#0000D606000008AE
(1790953703.832534) can0 2A3#0002EB29FFFD410D
(1790953703.832656) can0 2A4#0001245BFFFD49A2
(1790953703.832784) can0 2A5#000007BF000007CA
(1790953703.832906) can0 2A6#FFFFF84700000253
(1790953703.833034) can0 2A7#00004EADFFFFFD8E
(1790953703.837314) can0 2A1#0100010000000000
(1790953703.837406) can0 2A2#0000D606000008AE
(1790953703.837534) can0 2A3#0002EB29FFFD410D
(1790953703.837656) can0 2A4#0001245BFFFD49A2
(1790953703.837756) can0 2A5#000007BF000007CA
(1790953703.837888) can0 2A6#FFFFF84700000253
(1790953703.838007) can0 2A7#00004EADFFFFFD8E
(1790953703.842316) can0 2A1#0100010000000000
(1790953703.842431) can0 2A2#0000D606000008AE
(1790953703.842534) can0 2A3#0002EB29FFFD410D
(1790953703.842659) can0 2A4#0001245BFFFD49A2
(1790953703.842781) can0 2A5#000007BF000007CA
(1790953703.842907) can0 2A6#FFFFF84700000253
(1790953703.843033) can0 2A7#00004EADFFFFFD8E
(1790953703.847288) can0 2A1#0100010000000000
(1790953703.847408) can0 2A2#0000D606000008AE
(1790953703.847531) can0 2A3#0002EB29FFFD410D
(1790953703.847657) can0 2A4#0001245BFFFD49A2
(1790953703.847784) can0 2A5#000007BF000007CA
(1790953703.847881) can0 2A6#FFFFF84700000253
(1790953703.848010) can0 2A7#00004EADFFFFFD8E
(1790953703.852331) can0 2A1#0100010000000000
(1790953703.852432) can0 2A2#0000D606000008AE
(1790953703.852558) can0 2A3#0002EB29FFFD410D
(1790953703.852660) can0 2A4#0001245BFFFD49A2
(1790953703.852782) can0 2A5#000007BF000007CA
(1790953703.852910) can0 2A6#FFFFF84700000253
(1790953703.853029) can0 2A7#00004EADFFFFFD8E
(1790953703.857279) can0 2A1#0100010000000000
(1790953703.857406) can0 2A2#0000D606000008AE
(1790953703.857529) can0 2A3#0002EB29FFFD410D
(1790953703.857655) can0 2A4#0001245BFFFD49A2
(1790953703.857780) can0 2A5#000007BF000007CA
(1790953703.857905) can0 2A6#FFFFF84700000253
(1790953703.858033) can0 2A7#00004EADFFFFFD8E
(1790953703.862304) can0 2A1#0100010000000000
(1790953703.862433) can0 2A2#0000D606000008AE
(1790953703.862530) can0 2A3#0002EB29FFFD410D
(1790953703.862657) can0 2A4#0001245BFFFD49A2
(1790953703.862780) can0 2A5#000007BF000007CA
(1790953703.862904) can0 2A6#FFFFF84700000253
(1790953703.863030) can0 2A7#00004EADFFFFFD8E
(1790953703.867293) can0 2A1#0100010000000000
(1790953703.867407) can0 2A2#0000D606000008AE
(1790953703.867533) can0 2A3#0002EB29FFFD410D
(1790953703.867658) can0 2A4#0001245BFFFD49A2
(1790953703.867783) can0 2A5#000007BF000007CA
(1790953703.867905) can0 2A6#FFFFF84700000253
(1790953703.868005) can0 2A7#00004EADFFFFFD8E
(1790953703.872317) can0 2A1#0100010000000000
(1790953703.872430) can0 2A2#0000D606000008AE
(1790953703.872530) can0 2A3#0002EB29FFFD410D
(1790953703.872655) can0 2A4#0001245BFFFD49A2
(1790953703.872780) can0 2A5#000007BF000007CA
(1790953703.872905) can0 2A6#FFFFF84700000253
(1790953703.873030) can0 2A7#00004EADFFFFFD8E
(1790953703.877309) can0 2A1#0100010000000000
(1790953703.877432) can0 2A2#0000D606000008AE
(1790953703.877531) can0 2A3#0002EB29FFFD410D
(1790953703.877655) can0 2A4#0001245BFFFD49A2
(1790953703.877780) can0 2A5#000007BF000007CA
(1790953703.877905) can0 2A6#FFFFF84700000253
(1790953703.878005) can0 2A7#00004EADFFFFFD8E
(1790953703.882325) can0 2A1#0100010000000000
(1790953703.882434) can0 2A2#0000D606000008AE
(1790953703.882535) can0 2A3#0002EB29FFFD410D
(1790953703.882659) can0 2A4#0001245BFFFD49A2
(1790953703.882784) can0 2A5#000007BF000007CA
(1790953703.882908) can0 2A6#FFFFF84700000253
(1790953703.883032) can0 2A7#00004EADFFFFFD8E
(1790953703.887315) can0 2A1#0100010000000000
(1790953703.887432) can0 2A2#0000D606000008AE
(1790953703.887533) can0 2A3#0002EB29FFFD410D
(1790953703.887656) can0 2A4#0001245BFFFD49A2
(1790953703.887783) can0 2A5#000007BF000007CA
(1790953703.887882) can0 2A6#FFFFF84700000253
(1790953703.888007) can0 2A7#00004EADFFFFFD8E
(1790953703.892314) can0 2A1#0100010000000000
(1790953703.892430) can0 2A2#0000D606000008AE
(1790953703.892558) can0 2A3#0002EB29FFFD410D
(1790953703.892656) can0 2A4#0001245BFFFD49A2
(1790953703.892782) can0 2A5#000007BF000007CA
(1790953703.892907) can0 2A6#FFFFF84700000253
(1790953703.893032) can0 2A7#00004EADFFFFFD8E
(1790953703.897286) can0 2A1#0100010000000000
(1790953703.897406) can0 2A2#0000D606000008AE
(1790953703.897532) can0 2A3#0002EB29FFFD410D
(1790953703.897657) can0 2A4#0001245BFFFD49A2
(1790953703.897784) can0 2A5#000007BF000007CA
(1790953703.897883) can0 2A6#FFFFF84700000253
(1790953703.898008) can0 2A7#00004EADFFFFFD8E
(1790953703.902320) can0 2A1#0100010000000000
(1790953703.902437) can0 2A2#0000D606000008AE
(1790953703.902559) can0 2A3#0002EB29FFFD410D
(1790953703.902683) can0 2A4#0001245BFFFD49A2
(1790953703.902781) can0 2A5#000007BF000007CA
(1790953703.902908) can0 2A6#FFFFF84700000253
(1790953703.903031) can0 2A7#00004EADFFFFFD8E
(1790953703.907309) can0 2A1#0100010000000000
(1790953703.907432) can0 2A2#0000D606000008AE
(1790953703.907533) can0 2A3#0002EB29FFFD410D
(1790953703.907657) can0 2A4#0001245BFFFD49A2
(1790953703.907783) can0 2A5#000007BF000007CA
(1790953703.907907) can0 2A6#FFFFF84700000253
(1790953703.908009) can0 2A7#00004EADFFFFFD8E
(1790953703.912313) can0 2A1#0100010000000000
(1790953703.912431) can0 2A2#0000D606000008AE
(1790953703.912570) can0 2A3#0002EB29FFFD410D
(1790953703.912658) can0 2A4#0001245BFFFD49A2
(1790953703.912786) can0 2A5#000007BF000007CA
(1790953703.912908) can0 2A6#FFFFF84700000253
(1790953703.913032) can0 2A7#00004EADFFFFFD8E
(1790953703.917315) can0 2A1#0100010000000000
(1790953703.917411) can0 2A2#0000D606000008AE
(1790953703.917533) can0 2A3#0002EB29FFFD410D
(1790953703.917658) can0 2A4#0001245BFFFD49A2
(1790953703.917757) can0 2A5#000007BF000007CA
(1790953703.917883) can0 2A6#FFFFF84700000253
(1790953703.918032) can0 2A7#00004EADFFFFFD8E
(1790953703.922313) can0 2A1#0100010000000000
(1790953703.922431) can0 2A2#0000D606000008AE
(1790953703.922557) can0 2A3#0002EB29FFFD410D
(1790953703.922657) can0 2A4#0001245BFFFD49A2
(1790953703.922782) can0 2A5#000007BF000007CA
(1790953703.922907) can0 2A6#FFFFF84700000253
(1790953703.923033) can0 2A7#00004EADFFFFFD8E
(1790953703.927314) can0 2A1#0100010000000000
(1790953703.927410) can0 2A2#0000D606000008AE
(1790953703.927532) can0 2A3#0002EB29FFFD410D
(1790953703.927657) can0 2A4#0001245BFFFD49A2
(1790953703.927782) can0 2A5#000007BF000007CA
(1790953703.927907) can0 2A6#FFFFF84700000253
(1790953703.928033) can0 2A7#00004EADFFFFFD8E
(1790953703.932320) can0 2A1#0100010000000000
(1790953703.932434) can0 2A2#0000D606000008AE
(1790953703.932533) can0 2A3#0002EB29FFFD410D
(1790953703.932658) can0 2A4#0001245BFFFD49A2
(1790953703.932810) can0 2A5#000007BF000007CA
(1790953703.932909) can0 2A6#FFFFF84700000253
(1790953703.933034) can0 2A7#00004EADFFFFFD8E
(1790953703.937288) can0 2A1#0100010000000000
(1790953703.937408) can0 2A2#0000D606000008AE
(1790953703.937532) can0 2A3#0002EB29FFFD410D
(1790953703.937658) can0 2A4#0001245BFFFD49A2
(1790953703.937782) can0 2A5#000007BF000007CA
(1790953703.937882) can0 2A6#FFFFF84700000253
(1790953703.938006) can0 2A7#00004EADFFFFFD8E
(1790953703.942312) can0 2A1#0100010000000000
(1790953703.942433) can0 2A2#0000D606000008AE
(1790953703.942557) can0 2A3#0002EB29FFFD410D
(1790953703.942656) can0 2A4#0001245BFFFD49A2
(1790953703.942780) can0 2A5#000007BF000007CA
(1790953703.942906) can0 2A6#FFFFF84700000253
(1790953703.943030) can0 2A7#00004EADFFFFFD8E
(1790953703.947294) can0 2A1#0100010000000000
(1790953703.947406) can0 2A2#0000D606000008AE
(1790953703.947529) can0 2A3#0002EB29FFFD410D
(1790953703.947655) can0 2A4#0001245BFFFD49A2
(1790953703.947781) can0 2A5#000007BF000007CA
(1790953703.947906) can0 2A6#FFFFF84700000253
(1790953703.948006) can0 2A7#00004EADFFFFFD8E
(1790953703.952317) can0 2A1#0100010000000000
(1790953703.952411) can0 2A2#0000D606000008AE
(1790953703.952558) can0 2A3#0002EB29FFFD410D
(1790953703.952681) can0 2A4#0001245BFFFD49A2
(1790953703.952783) can0 2A5#000007BF000007CA
(1790953703.952908) can0 2A6#FFFFF84700000253
(1790953703.953031) can0 2A7#00004EADFFFFFD8E
(1790953703.957311) can0 2A1#0100010000000000
(1790953703.957429) can0 2A2#0000D606000008AE
(1790953703.957529) can0 2A3#0002EB29FFFD410D
(1790953703.957656) can0 2A4#0001245BFFFD49A2
(1790953703.957781) can0 2A5#000007BF000007CA
(1790953703.957906) can0 2A6#FFFFF84700000253
(1790953703.958006) can0 2A7#00004EADFFFFFD8E
(1790953703.962308) can0 2A1#0100010000000000
(1790953703.962429) can0 2A2#0000D606000008AE
(1790953703.962531) can0 2A3#0002EB29FFFD410D
(1790953703.962680) can0 2A4#0001245BFFFD49A2
(1790953703.962780) can0 2A5#000007BF000007CA
(1790953703.962906) can0 2A6#FFFFF84700000253
(1790953703.963029) can0 2A7#00004EADFFFFFD8E
(1790953703.967312) can0 2A1#0100010000000000
(1790953703.967406) can0 2A2#0000D606000008AE
(1790953703.967532) can0 2A3#0002EB29FFFD410D
(1790953703.967657) can0 2A4#0001245BFFFD49A2
(1790953703.967757) can0 2A5#000007BF000007CA
(1790953703.967883) can0 2A6#FFFFF84700000253
(1790953703.968006) can0 2A7#00004EADFFFFFD8E
(1790953703.972310) can0 2A1#0100010000000000
(1790953703.972429) can0 2A2#0000D606000008AE
(1790953703.972556) can0 2A3#0002EB29FFFD410D
(1790953703.972654) can0 2A4#0001245BFFFD49A2
(1790953703.972781) can0 2A5#000007BF000007CA
(1790953703.972906) can0 2A6#FFFFF84700000253
(1790953703.973031) can0 2A7#00004EADFFFFFD8E
(1790953703.977287) can0 2A1#0100010000000000
(1790953703.977405) can0 2A2#0000D606000008AE
(1790953703.977532) can0 2A3#0002EB29FFFD410D
(1790953703.977656) can0 2A4#0001245BFFFD49A2
(1790953703.977782) can0 2A5#000007BF000007CA
(1790953703.977883) can0 2A6#FFFFF84700000253
(1790953703.978007) can0 2A7#00004EADFFFFFD8E
(1790953703.982329) can0 2A1#0100010000000000
(1790953703.982433) can0 2A2#0000D606000008AE
(1790953703.982556) can0 2A3#0002EB29FFFD410D
(1790953703.982658) can0 2A4#0001245BFFFD49A2
(1790953703.982783) can0 2A5#000007BF000007CA
(1790953703.982908) can0 2A6#FFFFF84700000253
(1790953703.983031) can0 2A7#00004EADFFFFFD8E
(1790953703.987291) can0 2A1#0100010000000000
(1790953703.987408) can0 2A2#0000D606000008AE
(1790953703.987533) can0 2A3#0002EB29FFFD410D
(1790953703.987657) can0 2A4#0001245BFFFD49A2
(1790953703.987783) can0 2A5#000007BF000007CA
(1790953703.987881) can0 2A6#FFFFF84700000253
(1790953703.988007) can0 2A7#00004EADFFFFFD8E
(1790953703.992315) can0 2A1#0100010000000000
(1790953703.992429) can0 2A2#0000D606000008AE
(1790953703.992556) can0 2A3#0002EB29FFFD410D
(1790953703.992654) can0 2A4#0001245BFFFD49A2
(1790953703.992781) can0 2A5#000007BF000007CA
(1790953703.992907) can0 2A6#FFFFF84700000253
(1790953703.993029) can0 2A7#00004EADFFFFFD8E
(1790953703.997288) can0 2A1#0100010000000000
(1790953703.997413) can0 2A2#0000D606000008AE
(1790953703.997533) can0 2A3#0002EB29FFFD410D
(1790953703.997658) can0 2A4#0001245BFFFD49A2
(1790953703.997782) can0 2A5#000007BF000007CA
(1790953703.997909) can0 2A6#FFFFF84700000253
(1790953703.998006) can0 2A7#00004EADFFFFFD8E
(1790953704.002309) can0 2A1#0100010000000000
(1790953704.002429) can0 2A2#0000D606000008AE
(1790953704.002556) can0 2A3#0002EB29FFFD410D
(1790953704.002655) can0 2A4#0001245BFFFD49A2
(1790953704.002780) can0 2A5#000007BF000007CA
(1790953704.002906) can0 2A6#FFFFF84700000253
(1790953704.003029) can0 2A7#00004EADFFFFFD8E
(1790953704.007307) can0 2A1#0100010000000000
(1790953704.007406) can0 2A2#0000D606000008AE
(1790953704.007529) can0 2A3#0002EB29FFFD410D
(1790953704.007654) can0 2A4#0001245BFFFD49A2
(1790953704.007780) can0 2A5#000007BF000007CA
(1790953704.007905) can0 2A6#FFFFF84700000253
(1790953704.008031) can0 2A7#00004EADFFFFFD8E
(1790953704.012315) can0 2A1#0100010000000000
(1790953704.012432) can0 2A2#0000D606000008AE
(1790953704.012529) can0 2A3#0002EB29FFFD410D
(1790953704.012656) can0 2A4#0001245BFFFD49A2
(1790953704.012779) can0 2A5#000007BF000007CA
(1790953704.012904) can0 2A6#FFFFF84700000253
(1790953704.013029) can0 2A7#00004EADFFFFFD8E
(1790953704.017318) can0 2A1#0100010000000000
(1790953704.017440) can0 2A2#0000D606000008AE
(1790953704.017534) can0 2A3#0002EB29FFFD410D
(1790953704.017659) can0 2A4#0001245BFFFD49A2
(1790953704.017781) can0 2A5#000007BF000007CA
(1790953704.017881) can0 2A6#FFFFF84700000253
(1790953704.018007) can0 2A7#00004EADFFFFFD8E
(1790953704.022311) can0 2A1#0100010000000000
(1790953704.022429) can0 2A2#0000D606000008AE
(1790953704.022554) can0 2A3#0002EB29FFFD410D
(1790953704.022656) can0 2A4#0001245BFFFD49A2
(1790953704.022779) can0 2A5#000007BF000007CA
(1790953704.022904) can0 2A6#FFFFF84700000253
(1790953704.023029) can0 2A7#00004EADFFFFFD8E
(1790953704.027290) can0 2A1#0100010000000000
(1790953704.027405) can0 2A2#0000D606000008AE
(1790953704.027530) can0 2A3#0002EB29FFFD410D
(1790953704.027655) can0 2A4#0001245BFFFD49A2
(1790953704.027782) can0 2A5#000007BF000007CA
(1790953704.027882) can0 2A6#FFFFF84700000253
(1790953704.028005) can0 2A7#00004EADFFFFFD8E
(1790953704.032320) can0 2A1#0100010000000000
(1790953704.032431) can0 2A2#0000D606000008AE
(1790953704.032556) can0 2A3#0002EB29FFFD410D
(1790953704.032656) can0 2A4#0001245BFFFD49A2
(1790953704.032783) can0 2A5#000007BF000007CA
(1790953704.032908) can0 2A6#FFFFF84700000253
(1790953704.033032) can0 2A7#00004EADFFFFFD8E
(1790953704.037291) can0 2A1#0100010000000000
(1790953704.037409) can0 2A2#0000D606000008AE
(1790953704.037534) can0 2A3#0002EB29FFFD410D
(1790953704.037657) can0 2A4#0001245BFFFD49A2
(1790953704.037782) can0 2A5#000007BF000007CA
(1790953704.037912) can0 2A6#FFFFF84700000253
(1790953704.038008) can0 2A7#00004EADFFFFFD8E
(1790953704.042319) can0 2A1#0100010000000000
(1790953704.042429) can0 2A2#0000D606000008AE
(1790953704.042530) can0 2A3#0002EB29FFFD410D
(1790953704.042678) can0 2A4#0001245BFFFD49A2
(1790953704.042778) can0 2A5#000007BF000007CA
(1790953704.042905) can0 2A6#FFFFF84700000253
(1790953704.043028) can0 2A7#00004EADFFFFFD8E
(1790953704.047293) can0 2A1#0100010000000000
(1790953704.047411) can0 2A2#0000D606000008AE
(1790953704.047534) can0 2A3#0002EB29FFFD410D
(1790953704.047656) can0 2A4#0001245BFFFD49A2
(1790953704.047781) can0 2A5#000007BF000007CA
(1790953704.047914) can0 2A6#FFFFF84700000253
(1790953704.048032) can0 2A7#00004EADFFFFFD8E
(1790953704.052314) can0 2A1#0100010000000000
(1790953704.052432) can0 2A2#0000D606000008AE
(1790953704.052532) can0 2A3#0002EB29FFFD410D
(1790953704.052682) can0 2A4#0001245BFFFD49A2
(1790953704.052781) can0 2A5#000007BF000007CA
(1790953704.052907) can0 2A6#FFFFF84700000253
(1790953704.053032) can0 2A7#00004EADFFFFFD8E
(1790953704.057314) can0 2A1#0100010000000000
(1790953704.057405) can0 2A2#0000D606000008AE
(1790953704.057573) can0 2A3#0002EB29FFFD410D
(1790953704.057655) can0 2A4#0001245BFFFD49A2
(1790953704.057755) can0 2A5#000007BF000007CA
(1790953704.057881) can0 2A6#FFFFF84700000253
(1790953704.058029) can0 2A7#00004EADFFFFFD8E
(1790953704.062338) can0 2A1#0100010000000000
(1790953704.062430) can0 2A2#0000D606000008AE
(1790953704.062556) can0 2A3#0002EB29FFFD410D
(1790953704.062655) can0 2A4#0001245BFFFD49A2
(1790953704.062781) can0 2A5#000007BF000007CA
(1790953704.062911) can0 2A6#FFFFF84700000253
(1790953704.063031) can0 2A7#00004EADFFFFFD8E
(1790953704.067315) can0 2A1#0100010000000000
(1790953704.067431) can0 2A2#0000D606000008AE
(1790953704.067533) can0 2A3#0002EB29FFFD410D
(1790953704.067658) can0 2A4#0001245BFFFD49A2
(1790953704.067783) can0 2A5#000007BF000007CA
(1790953704.067883) can0 2A6#FFFFF84700000253
(1790953704.068008) can0 2A7#00004EADFFFFFD8E
(1790953704.072313) can0 2A1#0100010000000000
(1790953704.072434) can0 2A2#0000D606000008AE
(1790953704.072556) can0 2A3#0002EB29FFFD410D
(1790953704.072654) can0 2A4#0001245BFFFD49A2
(1790953704.072782) can0 2A5#000007BF000007CA
(1790953704.072905) can0 2A6#FFFFF84700000253
(1790953704.073029) can0 2A7#00004EADFFFFFD8E
(1790953704.077291) can0 2A1#0100010000000000
(1790953704.077405) can0 2A2#0000D606000008AE
(1790953704.077530) can0 2A3#0002EB29FFFD410D
(1790953704.077656) can0 2A4#0001245BFFFD49A2
(1790953704.077779) can0 2A5#000007BF000007CA
(1790953704.077881) can0 2A6#FFFFF84700000253
(1790953704.078006) can0 2A7#00004EADFFFFFD8E
(1790953704.082317) can0 2A1#0100010000000000
(1790953704.082431) can0 2A2#0000D606000008AE
(1790953704.082559) can0 2A3#0002EB29FFFD410D
(1790953704.082656) can0 2A4#0001245BFFFD49A2
(1790953704.082781) can0 2A5#000007BF000007CA
(1790953704.082911) can0 2A6#FFFFF84700000253
(1790953704.083033) can0 2A7#00004EADFFFFFD8E
(1790953704.087319) can0 2A1#0100010000000000
(1790953704.087406) can0 2A2#0000D606000008AE
(1790953704.087532) can0 2A3#0002EB29FFFD410D
(1790953704.087657) can0 2A4#0001245BFFFD49A2
(1790953704.087781) can0 2A5#000007BF000007CA
(1790953704.087907) can0 2A6#FFFFF84700000253
(1790953704.088033) can0 2A7#00004EADFFFFFD8E
(1790953704.092317) can0 2A1#0100010000000000
(1790953704.092431) can0 2A2#0000D606000008AE
(1790953704.092556) can0 2A3#0002EB29FFFD410D
(1790953704.092657) can0 2A4#0001245BFFFD49A2
(1790953704.092781) can0 2A5#000007BF000007CA
(1790953704.092906) can0 2A6#FFFFF84700000253
(1790953704.093033) can0 2A7#00004EADFFFFFD8E
(1790953704.097293) can0 2A1#0100010000000000
(1790953704.097408) can0 2A2#0000D606000008AE
(1790953704.097532) can0 2A3#0002EB29FFFD410D
(1790953704.097657) can0 2A4#0001245BFFFD49A2
(1790953704.097781) can0 2A5#000007BF000007CA
(1790953704.097907) can0 2A6#FFFFF84700000253
(1790953704.098007) can0 2A7#00004EADFFFFFD8E
(1790953704.102323) can0 2A1#0100010000000000
(1790953704.102433) can0 2A2#0000D606000008AE
(1790953704.102560) can0 2A3#0002EB29FFFD410D
(1790953704.102685) can0 2A4#0001245BFFFD49A2
(1790953704.102784) can0 2A5#000007BF000007CA
(1790953704.102910) can0 2A6#FFFFF84700000253
(1790953704.103035) can0 2A7#00004EADFFFFFD8E
(1790953704.107313) can0 2A1#0100010000000000
(1790953704.107432) can0 2A2#0000D606000008AE
(1790953704.107531) can0 2A3#0002EB29FFFD410D
(1790953704.107655) can0 2A4#0001245BFFFD49A2
(1790953704.107781) can0 2A5#000007BF000007CA
(1790953704.107882) can0 2A6#FFFFF84700000253
(1790953704.108007) can0 2A7#00004EADFFFFFD8E
(1790953704.112311) can0 2A1#0100010000000000
(1790953704.112429) can0 2A2#0000D606000008AE
(1790953704.112531) can0 2A3#0002EB29FFFD410D
(1790953704.112681) can0 2A4#0001245BFFFD49A2
(1790953704.112805) can0 2A5#000007BF000007CA
(1790953704.112906) can0 2A6#FFFFF84700000253
(1790953704.113029) can0 2A7#00004EADFFFFFD8E
(1790953704.117322) can0 2A1#0100010000000000
(1790953704.117435) can0 2A2#0000D606000008AE
(1790953704.117537) can0 2A3#0002EB29FFFD410D
(1790953704.117657) can0 2A4#0001245BFFFD49A2
(1790953704.117756) can0 2A5#000007BF000007CA
(1790953704.117908) can0 2A6#FFFFF84700000253
(1790953704.118032) can0 2A7#00004EADFFFFFD8E
(1790953704.122335) can0 2A1#0100010000000000
(1790953704.122431) can0 2A2#0000D606000008AE
(1790953704.122556) can0 2A3#0002EB29FFFD410D
(1790953704.122654) can0 2A4#0001245BFFFD49A2
(1790953704.122781) can0 2A5#000007BF000007CA
(1790953704.122905) can0 2A6#FFFFF84700000253
(1790953704.123031) can0 2A7#00004EADFFFFFD8E
(1790953704.127324) can0 2A1#0100010000000000
(1790953704.127405) can0 2A2#0000D606000008AE
(1790953704.127531) can0 2A3#0002EB29FFFD410D
(1790953704.127656) can0 2A4#0001245BFFFD49A2
(1790953704.127781) can0 2A5#000007BF000007CA
(1790953704.127906) can0 2A6#FFFFF84700000253
(1790953704.128031) can0 2A7#00004EADFFFFFD8E
(1790953704.132330) can0 2A1#0100010000000000
(1790953704.132431) can0 2A2#0000D606000008AE
(1790953704.132559) can0 2A3#0002EB29FFFD410D
(1790953704.132657) can0 2A4#0001245BFFFD49A2
(1790953704.132783) can0 2A5#000007BF000007CA
(1790953704.132908) can0 2A6#FFFFF84700000253
(1790953704.133034) can0 2A7#00004EADFFFFFD8E
(1790953704.137339) can0 2A1#0100010000000000
(1790953704.137435) can0 2A2#0000D606000008AE
(1790953704.137534) can0 2A3#0002EB29FFFD410D
(1790953704.137658) can0 2A4#0001245BFFFD49A2
(1790953704.137785) can0 2A5#000007BF000007CA
(1790953704.137910) can0 2A6#FFFFF84700000253
(1790953704.138009) can0 2A7#00004EADFFFFFD8E
(1790953704.142333) can0 2A1#0100010000000000
(1790953704.142434) can0 2A2#0000D606000008AE
(1790953704.142555) can0 2A3#0002EB29FFFD410D
(1790953704.142655) can0 2A4#0001245BFFFD49A2
(1790953704.142780) can0 2A5#000007BF000007CA
(1790953704.142906) can0 2A6#FFFFF84700000253
(1790953704.143030) can0 2A7#00004EADFFFFFD8E
(1790953704.147293) can0 2A1#0100010000000000
(1790953704.147408) can0 2A2#0000D606000008AE
(1790953704.147533) can0 2A3#0002EB29FFFD410D
(1790953704.147656) can0 2A4#0001245BFFFD49A2
(1790953704.147783) can0 2A5#000007BF000007CA
(1790953704.147908) can0 2A6#FFFFF84700000253
(1790953704.148033) can0 2A7#00004EADFFFFFD8E
(1790953704.152331) can0 2A1#0100010000000000
(1790953704.152432) can0 2A2#0000D606000008AE
(1790953704.152558) can0 2A3#0002EB29FFFD410D
(1790953704.152659) can0 2A4#0001245BFFFD49A2
(1790953704.152785) can0 2A5#000007BF000007CA
(1790953704.152908) can0 2A6#FFFFF84700000253
(1790953704.153033) can0 2A7#00004EADFFFFFD8E
(1790953704.157288) can0 2A1#0100010000000000
(1790953704.157408) can0 2A2#0000D606000008AE
(1790953704.157532) can0 2A3#0002EB29FFFD410D
(1790953704.157656) can0 2A4#0001245BFFFD49A2
(1790953704.157782) can0 2A5#000007BF000007CA
(1790953704.157908) can0 2A6#FFFFF84700000253
(1790953704.158008) can0 2A7#00004EADFFFFFD8E
(1790953704.162361) can0 2A1#0100010000000000
(1790953704.162433) can0 2A2#0000D606000008AE
(1790953704.162557) can0 2A3#0002EB29FFFD410D
(1790953704.162681) can0 2A4#0001245BFFFD49A2
(1790953704.162781) can0 2A5#000007BF000007CA
(1790953704.162906) can0 2A6#FFFFF84700000253
(1790953704.163033) can0 2A7#00004EADFFFFFD8E
(1790953704.167316) can0 2A1#0100010000000000
(1790953704.167432) can0 2A2#0000D606000008AE
(1790953704.167529) can0 2A3#0002EB29FFFD410D
(1790953704.167654) can0 2A4#0001245BFFFD49A2
(1790953704.167777) can0 2A5#000007BF000007CA
(1790953704.167879) can0 2A6#FFFFF84700000253
(1790953704.168003) can0 2A7#00004EADFFFFFD8E
(1790953704.172312) can0 2A1#0100010000000000
(1790953704.172430) can0 2A2#0000D606000008AE
(1790953704.172554) can0 2A3#0002EB29FFFD410D
(1790953704.172656) can0 2A4#0001245BFFFD49A2
(1790953704.172781) can0 2A5#000007BF000007CA
(1790953704.172906) can0 2A6#FFFFF84700000253
(1790953704.173031) can0 2A7#00004EADFFFFFD8E
(1790953704.177323) can0 2A1#0100010000000000
(1790953704.177430) can0 2A2#0000D606000008AE
(1790953704.177544) can0 2A3#0002EB29FFFD410D
(1790953704.177656) can0 2A4#0001245BFFFD49A2
(1790953704.177781) can0 2A5#000007BF000007CA
(1790953704.177881) can0 2A6#FFFFF84700000253
(1790953704.178006) can0 2A7#00004EADFFFFFD8E
(1790953704.182319) can0 2A1#0100010000000000
(1790953704.182429) can0 2A2#0000D606000008AE
(1790953704.182555) can0 2A3#0002EB29FFFD410D
(1790953704.182656) can0 2A4#0001245BFFFD49A2
(1790953704.182780) can0 2A5#000007BF000007CA
(1790953704.182907) can0 2A6#FFFFF84700000253
(1790953704.183031) can0 2A7#00004EADFFFFFD8E
(1790953704.187312) can0 2A1#0100010000000000
(1790953704.187434) can0 2A2#0000D606000008AE
(1790953704.187531) can0 2A3#0002EB29FFFD410D
(1790953704.187656) can0 2A4#0001245BFFFD49A2
(1790953704.187781) can0 2A5#000007BF000007CA
(1790953704.187881) can0 2A6#FFFFF84700000253
(1790953704.188006) can0 2A7#00004EADFFFFFD8E
(1790953704.192311) can0 2A1#0100010000000000
(1790953704.192431) can0 2A2#0000D606000008AE
(1790953704.192557) can0 2A3#0002EB29FFFD410D
(1790953704.192654) can0 2A4#0001245BFFFD49A2
(1790953704.192781) can0 2A5#000007BF000007CA
(1790953704.192906) can0 2A6#FFFFF84700000253
(1790953704.193031) can0 2A7#00004EADFFFFFD8E
(1790953704.197320) can0 2A1#0100010000000000
(1790953704.197433) can0 2A2#0000D606000008AE
(1790953704.197533) can0 2A3#0002EB29FFFD410D
(1790953704.197657) can0 2A4#0001245BFFFD49A2
(1790953704.197781) can0 2A5#000007BF000007CA
(1790953704.197906) can0 2A6#FFFFF84700000253
(1790953704.198031) can0 2A7#00004EADFFFFFD8E
(1790953704.202349) can0 2A1#0100010000000000
(1790953704.202432) can0 2A2#0000D606000008AE
(1790953704.202534) can0 2A3#0002EB29FFFD410D
(1790953704.202659) can0 2A4#0001245BFFFD49A2
(1790953704.202810) can0 2A5#000007BF000007CA
(1790953704.202910) can0 2A6#FFFFF84700000253
(1790953704.203033) can0 2A7#00004EADFFFFFD8E
(1790953704.207287) can0 2A1#0100010000000000
(1790953704.207407) can0 2A2#0000D606000008AE
(1790953704.207535) can0 2A3#0002EB29FFFD410D
(1790953704.207662) can0 2A4#0001245BFFFD49A2
(1790953704.207783) can0 2A5#000007BF000007CA
(1790953704.207882) can0 2A6#FFFFF84700000253
(1790953704.208008) can0 2A7#00004EADFFFFFD8E
(1790953704.212427) can0 2A1#0100010000000000
(1790953704.212441) can0 2A2#0000D606000008AE
(1790953704.212560) can0 2A3#0002EB29FFFD410D
(1790953704.212658) can0 2A4#0001245BFFFD49A2
(1790953704.212782) can0 2A5#000007BF000007CA
(1790953704.212917) can0 2A6#FFFFF84700000253
(1790953704.213034) can0 2A7#00004EADFFFFFD8E
(1790953704.217294) can0 2A1#0100010000000000
(1790953704.217406) can0 2A2#0000D606000008AE
(1790953704.217533) can0 2A3#0002EB29FFFD410D
(1790953704.217658) can0 2A4#0001245BFFFD49A2
(1790953704.217783) can0 2A5#000007BF000007CA
(1790953704.217906) can0 2A6#FFFFF84700000253
(1790953704.218009) can0 2A7#00004EADFFFFFD8E
(1790953704.222309) can0 2A1#0100010000000000
(1790953704.222432) can0 2A2#0000D606000008AE
(1790953704.222530) can0 2A3#0002EB29FFFD410D
(1790953704.222681) can0 2A4#0001245BFFFD49A2
(1790953704.222782) can0 2A5#000007BF000007CA
(1790953704.222905) can0 2A6#FFFFF84700000253
(1790953704.223032) can0 2A7#00004EADFFFFFD8E
(1790953704.227314) can0 2A1#0100010000000000
(1790953704.227430) can0 2A2#0000D606000008AE
(1790953704.227532) can0 2A3#0002EB29FFFD410D
(1790953704.227656) can0 2A4#0001245BFFFD49A2
(1790953704.227781) can0 2A5#000007BF000007CA
(1790953704.227906) can0 2A6#FFFFF84700000253
(1790953704.228006) can0 2A7#00004EADFFFFFD8E
(1790953704.232326) can0 2A1#0100010000000000
(1790953704.232431) can0 2A2#0000D606000008AE
(1790953704.232558) can0 2A3#0002EB29FFFD410D
(1790953704.232683) can0 2A4#0001245BFFFD49A2
(1790953704.232783) can0 2A5#000007BF000007CA
(1790953704.232908) can0 2A6#FFFFF84700000253
(1790953704.233034) can0 2A7#00004EADFFFFFD8E
(1790953704.237312) can0 2A1#0100010000000000
(1790953704.237407) can0 2A2#0000D606000008AE
(1790953704.237533) can0 2A3#0002EB29FFFD410D
(1790953704.237659) can0 2A4#0001245BFFFD49A2
(1790953704.237785) can0 2A5#000007BF000007CA
(1790953704.237921) can0 2A6#FFFFF84700000253
(1790953704.238006) can0 2A7#00004EADFFFFFD8E
(1790953704.242330) can0 2A1#0100010000000000
(1790953704.242429) can0 2A2#0000D606000008AE
(1790953704.242556) can0 2A3#0002EB29FFFD410D
(1790953704.242681) can0 2A4#0001245BFFFD49A2
(1790953704.242779) can0 2A5#000007BF000007CA
(1790953704.242905) can0 2A6#FFFFF84700000253
(1790953704.243030) can0 2A7#00004EADFFFFFD8E
(1790953704.247336) can0 2A1#0100010000000000
(1790953704.247408) can0 2A2#0000D606000008AE
(1790953704.247532) can0 2A3#0002EB29FFFD410D
(1790953704.247658) can0 2A4#0001245BFFFD49A2
(1790953704.247783) can0 2A5#000007BF000007CA
(1790953704.247909) can0 2A6#FFFFF84700000253
(1790953704.248008) can0 2A7#00004EADFFFFFD8E
(1790953704.252320) can0 2A1#0100010000000000
(1790953704.252431) can0 2A2#0000D606000008AE
(1790953704.252535) can0 2A3#0002EB29FFFD410D
(1790953704.252684) can0 2A4#0001245BFFFD49A2
(1790953704.252807) can0 2A5#000007BF000007CA
(1790953704.252909) can0 2A6#FFFFF84700000253
(1790953704.253033) can0 2A7#00004EADFFFFFD8E
(1790953704.257287) can0 2A1#0100010000000000
(1790953704.257407) can0 2A2#0000D606000008AE
(1790953704.257533) can0 2A3#0002EB29FFFD410D
(1790953704.257658) can0 2A4#0001245BFFFD49A2
(1790953704.257785) can0 2A5#000007BF000007CA
(1790953704.257908) can0 2A6#FFFFF84700000253
(1790953704.258007) can0 2A7#00004EADFFFFFD8E
(1790953704.262367) can0 2A1#0100010000000000
(1790953704.262432) can0 2A2#0000D606000008AE
(1790953704.262559) can0 2A3#0002EB29FFFD410D
(1790953704.262658) can0 2A4#0001245BFFFD49A2
(1790953704.262783) can0 2A5#000007BF000007CA
(1790953704.262909) can0 2A6#FFFFF84700000253
(1790953704.263034) can0 2A7#00004EADFFFFFD8E
(1790953704.267332) can0 2A1#0100010000000000
(1790953704.267415) can0 2A2#0000D606000008AE
(1790953704.267534) can0 2A3#0002EB29FFFD410D
(1790953704.267659) can0 2A4#0001245BFFFD49A2
(1790953704.267782) can0 2A5#000007BF000007CA
(1790953704.267907) can0 2A6#FFFFF84700000253
(1790953704.268032) can0 2A7#00004EADFFFFFD8E
(1790953704.272333) can0 2A1#0100010000000000
(1790953704.272430) can0 2A2#0000D606000008AE
(1790953704.272533) can0 2A3#0002EB29FFFD410D
(1790953704.272683) can0 2A4#0001245BFFFD49A2
(1790953704.272780) can0 2A5#000007BF000007CA
(1790953704.272908) can0 2A6#FFFFF84700000253
(1790953704.273033) can0 2A7#00004EADFFFFFD8E
(1790953704.277332) can0 2A1#0100010000000000
(1790953704.277430) can0 2A2#0000D606000008AE
(1790953704.277533) can0 2A3#0002EB29FFFD410D
(1790953704.277657) can0 2A4#0001245BFFFD49A2
(1790953704.277782) can0 2A5#000007BF000007CA
(1790953704.277907) can0 2A6#FFFFF84700000253
(1790953704.278005) can0 2A7#00004EADFFFFFD8E
(1790953704.282322) can0 2A1#0100010000000000
(1790953704.282465) can0 2A2#0000D606000008AE
(1790953704.282558) can0 2A3#0002EB29FFFD410D
(1790953704.282681) can0 2A4#0001245BFFFD49A2
(1790953704.282781) can0 2A5#000007BF000007CA
(1790953704.282907) can0 2A6#FFFFF84700000253
(1790953704.283029) can0 2A7#00004EADFFFFFD8E
(1790953704.287294) can0 2A1#0100010000000000
(1790953704.287405) can0 2A2#0000D606000008AE
(1790953704.287532) can0 2A3#0002EB29FFFD410D
(1790953704.287656) can0 2A4#0001245BFFFD49A2
(1790953704.287781) can0 2A5#000007BF000007CA
(1790953704.287906) can0 2A6#FFFFF84700000253
(1790953704.288006) can0 2A7#00004EADFFFFFD8E
(1790953704.292321) can0 2A1#0100010000000000
(1790953704.292434) can0 2A2#0000D606000008AE
(1790953704.292557) can0 2A3#0002EB29FFFD410D
(1790953704.292656) can0 2A4#0001245BFFFD49A2
(1790953704.292782) can0 2A5#000007BF000007CA
(1790953704.292907) can0 2A6#FFFFF84700000253
(1790953704.293032) can0 2A7#00004EADFFFFFD8E
(1790953704.297292) can0 2A1#0100010000000000
(1790953704.297409) can0 2A2#0000D606000008AE
(1790953704.297534) can0 2A3#0002EB29FFFD410D
(1790953704.297659) can0 2A4#0001245BFFFD49A2
(1790953704.297782) can0 2A5#000007BF000007CA
(1790953704.297882) can0 2A6#FFFFF84700000253
(1790953704.298008) can0 2A7#00004EADFFFFFD8E
(1790953704.302320) can0 2A1#0100010000000000
(1790953704.302433) can0 2A2#0000D606000008AE
(1790953704.302561) can0 2A3#0002EB29FFFD410D
(1790953704.302660) can0 2A4#0001245BFFFD49A2
(1790953704.302782) can0 2A5#000007BF000007CA
(1790953704.302908) can0 2A6#FFFFF84700000253
(1790953704.303032) can0 2A7#00004EADFFFFFD8E
(1790953704.307327) can0 2A1#0100010000000000
(1790953704.307406) can0 2A2#0000D606000008AE
(1790953704.307532) can0 2A3#0002EB29FFFD410D
(1790953704.307655) can0 2A4#0001245BFFFD49A2
(1790953704.307782) can0 2A5#000007BF000007CA
(1790953704.307908) can0 2A6#FFFFF84700000253
(1790953704.308032) can0 2A7#00004EADFFFFFD8E
(1790953704.312351) can0 2A1#0100010000000000
(1790953704.312430) can0 2A2#0000D606000008AE
(1790953704.312557) can0 2A3#0002EB29FFFD410D
(1790953704.312655) can0 2A4#0001245BFFFD49A2
(1790953704.312782) can0 2A5#000007BF000007CA
(1790953704.312907) can0 2A6#FFFFF84700000253
(1790953704.313032) can0 2A7#00004EADFFFFFD8E
(1790953704.317339) can0 2A1#0100010000000000
(1790953704.317407) can0 2A2#0000D606000008AE
(1790953704.317532) can0 2A3#0002EB29FFFD410D
(1790953704.317660) can0 2A4#0001245BFFFD49A2
(1790953704.317784) can0 2A5#000007BF000007CA
(1790953704.317910) can0 2A6#FFFFF84700000253
(1790953704.318035) can0 2A7#00004EADFFFFFD8E
(1790953704.322331) can0 2A1#0100010000000000
(1790953704.322430) can0 2A2#0000D606000008AE
(1790953704.322558) can0 2A3#0002EB29FFFD410D
(1790953704.322657) can0 2A4#0001245BFFFD49A2
(1790953704.322779) can0 2A5#000007BF000007CA
(1790953704.322908) can0 2A6#FFFFF84700000253
(1790953704.323029) can0 2A7#00004EADFFFFFD8E
(1790953704.327336) can0 2A1#0100010000000000
(1790953704.327404) can0 2A2#0000D606000008AE
(1790953704.327531) can0 2A3#0002EB29FFFD410D
(1790953704.327655) can0 2A4#0001245BFFFD49A2
(1790953704.327780) can0 2A5#000007BF000007CA
(1790953704.327905) can0 2A6#FFFFF84700000253
(1790953704.328007) can0 2A7#00004EADFFFFFD8E
(1790953704.332315) can0 2A1#0100010000000000
(1790953704.332438) can0 2A2#0000D606000008AE
(1790953704.332558) can0 2A3#0002EB29FFFD410D
(1790953704.332658) can0 2A4#0001245BFFFD49A2
(1790953704.332783) can0 2A5#000007BF000007CA
(1790953704.332907) can0 2A6#FFFFF84700000253
(1790953704.333033) can0 2A7#00004EADFFFFFD8E
(1790953704.337318) can0 2A1#0100010000000000
(1790953704.337431) can0 2A2#0000D606000008AE
(1790953704.337534) can0 2A3#0002EB29FFFD410D
(1790953704.337659) can0 2A4#0001245BFFFD49A2
(1790953704.337783) can0 2A5#000007BF000007CA
(1790953704.337908) can0 2A6#FFFFF84700000253
(1790953704.338033) can0 2A7#00004EADFFFFFD8E
(1790953704.342318) can0 2A1#0100010000000000
(1790953704.342434) can0 2A2#0000D606000008AE
(1790953704.342558) can0 2A3#0002EB29FFFD410D
(1790953704.342658) can0 2A4#0001245BFFFD49A2
(1790953704.342783) can0 2A5#000007BF000007CA
(1790953704.342908) can0 2A6#FFFFF84700000253
(1790953704.343033) can0 2A7#00004EADFFFFFD8E
(1790953704.347289) can0 2A1#0100010000000000
(1790953704.347407) can0 2A2#0000D606000008AE
(1790953704.347559) can0 2A3#0002EB29FFFD410D
(1790953704.347658) can0 2A4#0001245BFFFD49A2
(1790953704.347784) can0 2A5#000007BF000007CA
(1790953704.347883) can0 2A6#FFFFF84700000253
(1790953704.348011) can0 2A7#00004EADFFFFFD8E
(1790953704.352331) can0 2A1#0100010000000000
(1790953704.352435) can0 2A2#0000D606000008AE
(1790953704.352560) can0 2A3#0002EB29FFFD410D
(1790953704.352687) can0 2A4#0001245BFFFD49A2
(1790953704.352786) can0 2A5#000007BF000007CA
(1790953704.352911) can0 2A6#FFFFF84700000253
(1790953704.353038) can0 2A7#00004EADFFFFFD8E
(1790953704.357320) can0 2A1#0100010000000000
(1790953704.357432) can0 2A2#0000D606000008AE
(1790953704.357532) can0 2A3#0002EB29FFFD410D
(1790953704.357657) can0 2A4#0001245BFFFD49A2
(1790953704.357782) can0 2A5#000007BF000007CA
(1790953704.357882) can0 2A6#FFFFF84700000253
(1790953704.358007) can0 2A7#00004EADFFFFFD8E
(1790953704.362420) can0 2A1#0100010000000000
(1790953704.362435) can0 2A2#0000D606000008AE
(1790953704.362557) can0 2A3#0002EB29FFFD410D
(1790953704.362656) can0 2A4#0001245BFFFD49A2
(1790953704.362799) can0 2A5#000007BF000007CA
(1790953704.362912) can0 2A6#FFFFF84700000253
(1790953704.363036) can0 2A7#00004EADFFFFFD8E
(1790953704.367290) can0 2A1#0100010000000000
(1790953704.367408) can0 2A2#0000D606000008AE
(1790953704.367533) can0 2A3#0002EB29FFFD410D
(1790953704.367658) can0 2A4#0001245BFFFD49A2
(1790953704.367783) can0 2A5#000007BF000007CA
(1790953704.367908) can0 2A6#FFFFF84700000253
(1790953704.368006) can0 2A7#00004EADFFFFFD8E
(1790953704.372326) can0 2A1#0100010000000000
(1790953704.372438) can0 2A2#0000D606000008AE
(1790953704.372561) can0 2A3#0002EB29FFFD410D
(1790953704.372684) can0 2A4#0001245BFFFD49A2
(1790953704.372783) can0 2A5#000007BF000007CA
(1790953704.372910) can0 2A6#FFFFF84700000253
(1790953704.373032) can0 2A7#00004EADFFFFFD8E
(1790953704.377333) can0 2A1#0100010000000000
(1790953704.377434) can0 2A2#0000D606000008AE
(1790953704.377533) can0 2A3#0002EB29FFFD410D
(1790953704.377657) can0 2A4#0001245BFFFD49A2
(1790953704.377782) can0 2A5#000007BF000007CA
(1790953704.377907) can0 2A6#FFFFF84700000253
(1790953704.378006) can0 2A7#00004EADFFFFFD8E
(1790953704.382322) can0 2A1#0100010000000000
(1790953704.382433) can0 2A2#0000D606000008AE
(1790953704.382561) can0 2A3#0002EB29FFFD410D
(1790953704.382659) can0 2A4#0001245BFFFD49A2
(1790953704.382784) can0 2A5#000007BF000007CA
(1790953704.382908) can0 2A6#FFFFF84700000253
(1790953704.383034) can0 2A7#00004EADFFFFFD8E
(1790953704.387290) can0 2A1#0100010000000000
(1790953704.387408) can0 2A2#0000D606000008AE
(1790953704.387531) can0 2A3#0002EB29FFFD410D
(1790953704.387655) can0 2A4#0001245BFFFD49A2
(1790953704.387784) can0 2A5#000007BF000007CA
(1790953704.387882) can0 2A6#FFFFF84700000253
(1790953704.388006) can0 2A7#00004EADFFFFFD8E
(1790953704.392315) can0 2A1#0100010000000000
(1790953704.392430) can0 2A2#0000D606000008AE
(1790953704.392555) can0 2A3#0002EB29FFFD410D
(1790953704.392655) can0 2A4#0001245BFFFD49A2
(1790953704.392780) can0 2A5#000007BF000007CA
(1790953704.392905) can0 2A6#FFFFF84700000253
(1790953704.393030) can0 2A7#00004EADFFFFFD8E
(1790953704.397314) can0 2A1#0100010000000000
(1790953704.397432) can0 2A2#0000D606000008AE
(1790953704.397531) can0 2A3#0002EB29FFFD410D
(1790953704.397656) can0 2A4#0001245BFFFD49A2
(1790953704.397786) can0 2A5#000007BF000007CA
(1790953704.397907) can0 2A6#FFFFF84700000253
(1790953704.398006) can0 2A7#00004EADFFFFFD8E
(1790953704.402336) can0 2A1#0100010000000000
(1790953704.402430) can0 2A2#0000D606000008AE
(1790953704.402559) can0 2A3#0002EB29FFFD410D
(1790953704.402681) can0 2A4#0001245BFFFD49A2
(1790953704.402781) can0 2A5#000007BF000007CA
(1790953704.402906) can0 2A6#FFFFF84700000253
(1790953704.403029) can0 2A7#00004EADFFFFFD8E
(1790953704.407328) can0 2A1#0100010000000000
(1790953704.407431) can0 2A2#0000D606000008AE
(1790953704.407531) can0 2A3#0002EB29FFFD410D
(1790953704.407656) can0 2A4#0001245BFFFD49A2
(1790953704.407781) can0 2A5#000007BF000007CA
(1790953704.407908) can0 2A6#FFFFF84700000253
(1790953704.408008) can0 2A7#00004EADFFFFFD8E
(1790953704.412361) can0 2A1#0100010000000000
(1790953704.412432) can0 2A2#0000D606000008AE
(1790953704.412556) can0 2A3#0002EB29FFFD410D
(1790953704.412656) can0 2A4#0001245BFFFD49A2
(1790953704.412781) can0 2A5#000007BF000007CA
(1790953704.412908) can0 2A6#FFFFF84700000253
(1790953704.413047) can0 2A7#00004EADFFFFFD8E
(1790953704.417331) can0 2A1#0100010000000000
(1790953704.417433) can0 2A2#0000D606000008AE
(1790953704.417559) can0 2A3#0002EB29FFFD410D
(1790953704.417659) can0 2A4#0001245BFFFD49A2
(1790953704.417780) can0 2A5#000007BF000007CA
(1790953704.417906) can0 2A6#FFFFF84700000253
(1790953704.418008) can0 2A7#00004EADFFFFFD8E
(1790953704.422321) can0 2A1#0100010000000000
(1790953704.422431) can0 2A2#0000D606000008AE
(1790953704.422557) can0 2A3#0002EB29FFFD410D
(1790953704.422658) can0 2A4#0001245BFFFD49A2
(1790953704.422782) can0 2A5#000007BF000007CA
(1790953704.422909) can0 2A6#FFFFF84700000253
(1790953704.423032) can0 2A7#00004EADFFFFFD8E
(1790953704.427328) can0 2A1#0100010000000000
(1790953704.427408) can0 2A2#0000D606000008AE
(1790953704.427558) can0 2A3#0002EB29FFFD410D
(1790953704.427658) can0 2A4#0001245BFFFD49A2
(1790953704.427783) can0 2A5#000007BF000007CA
(1790953704.427908) can0 2A6#FFFFF84700000253
(1790953704.428007) can0 2A7#00004EADFFFFFD8E
(1790953704.432336) can0 2A1#0100010000000000
(1790953704.432432) can0 2A2#0000D606000008AE
(1790953704.432558) can0 2A3#0002EB29FFFD410D
(1790953704.432658) can0 2A4#0001245BFFFD49A2
(1790953704.432784) can0 2A5#000007BF000007CA
(1790953704.432910) can0 2A6#FFFFF84700000253
(1790953704.433034) can0 2A7#00004EADFFFFFD8E
(1790953704.437321) can0 2A1#0100010000000000
(1790953704.437407) can0 2A2#0000D606000008AE
(1790953704.437531) can0 2A3#0002EB29FFFD410D
(1790953704.437655) can0 2A4#0001245BFFFD49A2
(1790953704.437782) can0 2A5#000007BF000007CA
(1790953704.437904) can0 2A6#FFFFF84700000253
(1790953704.438031) can0 2A7#00004EADFFFFFD8E
(1790953704.442320) can0 2A1#0100010000000000
(1790953704.442432) can0 2A2#0000D606000008AE
(1790953704.442556) can0 2A3#0002EB29FFFD410D
(1790953704.442680) can0 2A4#0001245BFFFD49A2
(1790953704.442806) can0 2A5#000007BF000007CA
(1790953704.442906) can0 2A6#FFFFF84700000253
(1790953704.443029) can0 2A7#00004EADFFFFFD8E
(1790953704.447317) can0 2A1#0100010000000000
(1790953704.447408) can0 2A2#0000D606000008AE
(1790953704.447534) can0 2A3#0002EB29FFFD410D
(1790953704.447660) can0 2A4#0001245BFFFD49A2
(1790953704.447783) can0 2A5#000007BF000007CA
(1790953704.447909) can0 2A6#FFFFF84700000253
(1790953704.448033) can0 2A7#00004EADFFFFFD8E
(1790953704.452316) can0 2A1#0100010000000000
(1790953704.452436) can0 2A2#0000D606000008AE
(1790953704.452560) can0 2A3#0002EB29FFFD410D
(1790953704.452689) can0 2A4#0001245BFFFD49A2
(1790953704.452809) can0 2A5#000007BF000007CA
(1790953704.452908) can0 2A6#FFFFF84700000253
(1790953704.453032) can0 2A7#00004EADFFFFFD8E
(1790953704.457309) can0 2A1#0100010000000000
(1790953704.457435) can0 2A2#0000D606000008AE
(1790953704.457531) can0 2A3#0002EB29FFFD410D
(1790953704.457655) can0 2A4#0001245BFFFD49A2
(1790953704.457782) can0 2A5#000007BF000007CA
(1790953704.457905) can0 2A6#FFFFF84700000253
(1790953704.458031) can0 2A7#00004EADFFFFFD8E
(1790953704.462347) can0 2A1#0100010000000000
(1790953704.462432) can0 2A2#0000D606000008AE
(1790953704.462558) can0 2A3#0002EB29FFFD410D
(1790953704.462658) can0 2A4#0001245BFFFD49A2
(1790953704.462784) can0 2A5#000007BF000007CA
(1790953704.462911) can0 2A6#FFFFF84700000253
(1790953704.463036) can0 2A7#00004EADFFFFFD8E
(1790953704.467333) can0 2A1#0100010000000000
(1790953704.467434) can0 2A2#0000D606000008AE
(1790953704.467559) can0 2A3#0002EB29FFFD410D
(1790953704.467659) can0 2A4#0001245BFFFD49A2
(1790953704.467784) can0 2A5#000007BF000007CA
(1790953704.467908) can0 2A6#FFFFF84700000253
(1790953704.468009) can0 2A7#00004EADFFFFFD8E
(1790953704.472342) can0 2A1#0100010000000000
(1790953704.472430) can0 2A2#0000D606000008AE
(1790953704.472555) can0 2A3#0002EB29FFFD410D
(1790953704.472658) can0 2A4#0001245BFFFD49A2
(1790953704.472782) can0 2A5#000007BF000007CA
(1790953704.472930) can0 2A6#FFFFF84700000253
(1790953704.473058) can0 2A7#00004EADFFFFFD8E
(1790953704.477303) can0 2A1#0100010000000000
(1790953704.477406) can0 2A2#0000D606000008AE
(1790953704.477558) can0 2A3#0002EB29FFFD410D
(1790953704.477655) can0 2A4#0001245BFFFD49A2
(1790953704.477782) can0 2A5#000007BF000007CA
(1790953704.477907) can0 2A6#FFFFF84700000253
(1790953704.478008) can0 2A7#00004EADFFFFFD8E
(1790953704.482312) can0 2A1#0100010000000000
(1790953704.482433) can0 2A2#0000D606000008AE
(1790953704.482558) can0 2A3#0002EB29FFFD410D
(1790953704.482656) can0 2A4#0001245BFFFD49A2
(1790953704.482784) can0 2A5#000007BF000007CA
(1790953704.482908) can0 2A6#FFFFF84700000253
(1790953704.483033) can0 2A7#00004EADFFFFFD8E
(1790953704.487314) can0 2A1#0100010000000000
(1790953704.487430) can0 2A2#0000D606000008AE
(1790953704.487532) can0 2A3#0002EB29FFFD410D
(1790953704.487656) can0 2A4#0001245BFFFD49A2
(1790953704.487781) can0 2A5#000007BF000007CA
(1790953704.487906) can0 2A6#FFFFF84700000253
(1790953704.488005) can0 2A7#00004EADFFFFFD8E
(1790953704.492336) can0 2A1#0100010000000000
(1790953704.492433) can0 2A2#0000D606000008AE
(1790953704.492559) can0 2A3#0002EB29FFFD410D
(1790953704.492657) can0 2A4#0001245BFFFD49A2
(1790953704.492782) can0 2A5#000007BF000007CA
(1790953704.492908) can0 2A6#FFFFF84700000253
(1790953704.493033) can0 2A7#00004EADFFFFFD8E
(1790953704.497293) can0 2A1#0100010000000000
(1790953704.497406) can0 2A2#0000D606000008AE
(1790953704.497532) can0 2A3#0002EB29FFFD410D
(1790953704.497656) can0 2A4#0001245BFFFD49A2
(1790953704.497782) can0 2A5#000007BF000007CA
(1790953704.497908) can0 2A6#FFFFF84700000253
(1790953704.498032) can0 2A7#00004EADFFFFFD8E
(1790953704.502328) can0 2A1#0100010000000000
(1790953704.502439) can0 2A2#0000D606000008AE
(1790953704.502533) can0 2A3#0002EB29FFFD410D
(1790953704.502682) can0 2A4#0001245BFFFD49A2
(1790953704.502807) can0 2A5#000007BF000007CA
(1790953704.502908) can0 2A6#FFFFF84700000253
(1790953704.503032) can0 2A7#00004EADFFFFFD8E
(1790953704.507310) can0 2A1#0100010000000000
(1790953704.507434) can0 2A2#0000D606000008AE
(1790953704.507533) can0 2A3#0002EB29FFFD410D
(1790953704.507659) can0 2A4#0001245BFFFD49A2
(1790953704.507782) can0 2A5#000007BF000007CA
(1790953704.507908) can0 2A6#FFFFF84700000253
(1790953704.508008) can0 2A7#00004EADFFFFFD8E
(1790953704.512352) can0 2A1#0100010000000000
(1790953704.512435) can0 2A2#0000D606000008AE
(1790953704.512558) can0 2A3#0002EB29FFFD410D
(1790953704.512658) can0 2A4#0001245BFFFD49A2
(1790953704.512783) can0 2A5#000007BF000007CA
(1790953704.512909) can0 2A6#FFFFF84700000253
(1790953704.513032) can0 2A7#00004EADFFFFFD8E
(1790953704.517327) can0 2A1#0100010000000000
(1790953704.517434) can0 2A2#0000D606000008AE
(1790953704.517533) can0 2A3#0002EB29FFFD410D
(1790953704.517658) can0 2A4#0001245BFFFD49A2
(1790953704.517783) can0 2A5#000007BF000007CA
(1790953704.517909) can0 2A6#FFFFF84700000253
(1790953704.518007) can0 2A7#00004EADFFFFFD8E
(1790953704.522347) can0 2A1#0100010000000000
(1790953704.522431) can0 2A2#0000D606000008AE
(1790953704.522558) can0 2A3#0002EB29FFFD410D
(1790953704.522658) can0 2A4#0001245BFFFD49A2
(1790953704.522782) can0 2A5#000007BF000007CA
(1790953704.522907) can0 2A6#FFFFF84700000253
(1790953704.523033) can0 2A7#00004EADFFFFFD8E
(1790953704.527308) can0 2A1#0100010000000000
(1790953704.527435) can0 2A2#0000D606000008AE
(1790953704.527558) can0 2A3#0002EB29FFFD410D
(1790953704.527657) can0 2A4#0001245BFFFD49A2
(1790953704.527782) can0 2A5#000007BF000007CA
(1790953704.527908) can0 2A6#FFFFF84700000253
(1790953704.528008) can0 2A7#00004EADFFFFFD8E
(1790953704.532331) can0 2A1#0100010000000000
(1790953704.532434) can0 2A2#0000D606000008AE
(1790953704.532560) can0 2A3#0002EB29FFFD410D
(1790953704.532659) can0 2A4#0001245BFFFD49A2
(1790953704.532783) can0 2A5#000007BF000007CA
(1790953704.532909) can0 2A6#FFFFF84700000253
(1790953704.533034) can0 2A7#00004EADFFFFFD8E
(1790953704.537323) can0 2A1#0100010000000000
(1790953704.537431) can0 2A2#0000D606000008AE
(1790953704.537533) can0 2A3#0002EB29FFFD410D
(1790953704.537659) can0 2A4#0001245BFFFD49A2
(1790953704.537783) can0 2A5#000007BF000007CA
(1790953704.537908) can0 2A6#FFFFF84700000253
(1790953704.538032) can0 2A7#00004EADFFFFFD8E
(1790953704.542349) can0 2A1#0100010000000000
(1790953704.542436) can0 2A2#0000D606000008AE
(1790953704.542558) can0 2A3#0002EB29FFFD410D
(1790953704.542658) can0 2A4#0001245BFFFD49A2
(1790953704.542783) can0 2A5#000007BF000007CA
(1790953704.542908) can0 2A6#FFFFF84700000253
(1790953704.543032) can0 2A7#00004EADFFFFFD8E
(1790953704.547321) can0 2A1#0100010000000000
(1790953704.547406) can0 2A2#0000D606000008AE
(1790953704.547534) can0 2A3#0002EB29FFFD410D
(1790953704.547657) can0 2A4#0001245BFFFD49A2
(1790953704.547782) can0 2A5#000007BF000007CA
(1790953704.547906) can0 2A6#FFFFF84700000253
(1790953704.548031) can0 2A7#00004EADFFFFFD8E
(1790953704.552320) can0 2A1#0100010000000000
(1790953704.552431) can0 2A2#0000D606000008AE
(1790953704.552557) can0 2A3#0002EB29FFFD410D
(1790953704.552657) can0 2A4#0001245BFFFD49A2
(1790953704.552781) can0 2A5#000007BF000007CA
(1790953704.552909) can0 2A6#FFFFF84700000253
(1790953704.553031) can0 2A7#00004EADFFFFFD8E
(1790953704.557338) can0 2A1#0100010000000000
(1790953704.557411) can0 2A2#0000D606000008AE
(1790953704.557533) can0 2A3#0002EB29FFFD410D
(1790953704.557657) can0 2A4#0001245BFFFD49A2
(1790953704.557781) can0 2A5#000007BF000007CA
(1790953704.557907) can0 2A6#FFFFF84700000253
(1790953704.558037) can0 2A7#00004EADFFFFFD8E
(1790953704.562355) can0 2A1#0100010000000000
(1790953704.562431) can0 2A2#0000D606000008AE
(1790953704.562558) can0 2A3#0002EB29FFFD410D
(1790953704.562683) can0 2A4#0001245BFFFD49A2
(1790953704.562806) can0 2A5#000007BF000007CA
(1790953704.562908) can0 2A6#FFFFF84700000253
(1790953704.563033) can0 2A7#00004EADFFFFFD8E
(1790953704.567328) can0 2A1#0100010000000000
(1790953704.567432) can0 2A2#0000D606000008AE
(1790953704.567557) can0 2A3#0002EB29FFFD410D
(1790953704.567656) can0 2A4#0001245BFFFD49A2
(1790953704.567783) can0 2A5#000007BF000007CA
(1790953704.567906) can0 2A6#FFFFF84700000253
(1790953704.568007) can0 2A7#00004EADFFFFFD8E
(1790953704.572317) can0 2A1#0100010000000000
(1790953704.572431) can0 2A2#0000D606000008AE
(1790953704.572558) can0 2A3#0002EB29FFFD410D
(1790953704.572681) can0 2A4#0001245BFFFD49A2
(1790953704.572783) can0 2A5#000007BF000007CA
(1790953704.572908) can0 2A6#FFFFF84700000253
(1790953704.573033) can0 2A7#00004EADFFFFFD8E
(1790953704.577322) can0 2A1#0100010000000000
(1790953704.577406) can0 2A2#0000D606000008AE
(1790953704.577532) can0 2A3#0002EB29FFFD410D
(1790953704.577663) can0 2A4#0001245BFFFD49A2
(1790953704.577783) can0 2A5#000007BF000007CA
(1790953704.577908) can0 2A6#FFFFF84700000253
(1790953704.578031) can0 2A7#00004EADFFFFFD8E
(1790953704.582325) can0 2A1#0100010000000000
(1790953704.582431) can0 2A2#0000D606000008AE
(1790953704.582558) can0 2A3#0002EB29FFFD410D
(1790953704.582682) can0 2A4#0001245BFFFD49A2
(1790953704.582809) can0 2A5#000007BF000007CA
(1790953704.582908) can0 2A6#FFFFF84700000253
(1790953704.583032) can0 2A7#00004EADFFFFFD8E
(1790953704.587317) can0 2A1#0100010000000000
(1790953704.587406) can0 2A2#0000D606000008AE
(1790953704.587533) can0 2A3#0002EB29FFFD410D
(1790953704.587658) can0 2A4#0001245BFFFD49A2
(1790953704.587782) can0 2A5#000007BF000007CA
(1790953704.587906) can0 2A6#FFFFF84700000253
(1790953704.588031) can0 2A7#00004EADFFFFFD8E
(1790953704.592322) can0 2A1#0100010000000000
(1790953704.592431) can0 2A2#0000D606000008AE
(1790953704.592557) can0 2A3#0002EB29FFFD410D
(1790953704.592657) can0 2A4#0001245BFFFD49A2
(1790953704.592782) can0 2A5#000007BF000007CA
(1790953704.592906) can0 2A6#FFFFF84700000253
(1790953704.593033) can0 2A7#00004EADFFFFFD8E
(1790953704.597326) can0 2A1#0100010000000000
(1790953704.597431) can0 2A2#0000D606000008AE
(1790953704.597558) can0 2A3#0002EB29FFFD410D
(1790953704.597656) can0 2A4#0001245BFFFD49A2
(1790953704.597783) can0 2A5#000007BF000007CA
(1790953704.597908) can0 2A6#FFFFF84700000253
(1790953704.598031) can0 2A7#00004EADFFFFFD8E
(1790953704.602327) can0 2A1#0100010000000000
(1790953704.602432) can0 2A2#0000D606000008AE
(1790953704.602556) can0 2A3#0002EB29FFFD410D
(1790953704.602682) can0 2A4#0001245BFFFD49A2
(1790953704.602807) can0 2A5#000007BF000007CA
(1790953704.602908) can0 2A6#FFFFF84700000253
(1790953704.603033) can0 2A7#00004EADFFFFFD8E
(1790953704.607327) can0 2A1#0100010000000000
(1790953704.607432) can0 2A2#0000D606000008AE
(1790953704.607532) can0 2A3#0002EB29FFFD410D
(1790953704.607657) can0 2A4#0001245BFFFD49A2
(1790953704.607783) can0 2A5#000007BF000007CA
(1790953704.607908) can0 2A6#FFFFF84700000253
(1790953704.608033) can0 2A7#00004EADFFFFFD8E
(1790953704.612342) can0 2A1#0100010000000000
(1790953704.612431) can0 2A2#0000D606000008AE
(1790953704.612558) can0 2A3#0002EB29FFFD410D
(1790953704.612682) can0 2A4#0001245BFFFD49A2
(1790953704.612807) can0 2A5#000007BF000007CA
(1790953704.612908) can0 2A6#FFFFF84700000253
(1790953704.613033) can0 2A7#00004EADFFFFFD8E
(1790953704.617310) can0 2A1#0100010000000000
(1790953704.617434) can0 2A2#0000D606000008AE
(1790953704.617533) can0 2A3#0002EB29FFFD410D
(1790953704.617658) can0 2A4#0001245BFFFD49A2
(1790953704.617782) can0 2A5#000007BF000007CA
(1790953704.617910) can0 2A6#FFFFF84700000253
(1790953704.618034) can0 2A7#00004EADFFFFFD8E
(1790953704.622325) can0 2A1#0100010000000000
(1790953704.622431) can0 2A2#0000D606000008AE
(1790953704.622558) can0 2A3#0002EB29FFFD410D
(1790953704.622655) can0 2A4#0001245BFFFD49A2
(1790953704.622783) can0 2A5#000007BF000007CA
(1790953704.622907) can0 2A6#FFFFF84700000253
(1790953704.623032) can0 2A7#00004EADFFFFFD8E
(1790953704.627312) can0 2A1#0100010000000000
(1790953704.627412) can0 2A2#0000D606000008AE
(1790953704.627531) can0 2A3#0002EB29FFFD410D
(1790953704.627657) can0 2A4#0001245BFFFD49A2
(1790953704.627781) can0 2A5#000007BF000007CA
(1790953704.627908) can0 2A6#FFFFF84700000253
(1790953704.628033) can0 2A7#00004EADFFFFFD8E
(1790953704.632314) can0 2A1#0100010000000000
(1790953704.632431) can0 2A2#0000D606000008AE
(1790953704.632558) can0 2A3#0002EB29FFFD410D
(1790953704.632682) can0 2A4#0001245BFFFD49A2
(1790953704.632807) can0 2A5#000007BF000007CA
(1790953704.632907) can0 2A6#FFFFF84700000253
(1790953704.633033) can0 2A7#00004EADFFFFFD8E
(1790953704.637287) can0 2A1#0100010000000000
(1790953704.637432) can0 2A2#0000D606000008AE
(1790953704.637534) can0 2A3#0002EB29FFFD410D
(1790953704.637656) can0 2A4#0001245BFFFD49A2
(1790953704.637783) can0 2A5#000007BF000007CA
(1790953704.637909) can0 2A6#FFFFF84700000253
(1790953704.638034) can0 2A7#00004EADFFFFFD8E
(1790953704.642322) can0 2A1#0100010000000000
(1790953704.642434) can0 2A2#0000D606000008AE
(1790953704.642534) can0 2A3#0002EB29FFFD410D
(1790953704.642683) can0 2A4#0001245BFFFD49A2
(1790953704.642806) can0 2A5#000007BF000007CA
(1790953704.642910) can0 2A6#FFFFF84700000253
(1790953704.643034) can0 2A7#00004EADFFFFFD8E
(1790953704.647317) can0 2A1#0100010000000000
(1790953704.647434) can0 2A2#0000D606000008AE
(1790953704.647534) can0 2A3#0002EB29FFFD410D
(1790953704.647659) can0 2A4#0001245BFFFD49A2
(1790953704.647783) can0 2A5#000007BF000007CA
(1790953704.647906) can0 2A6#FFFFF84700000253
(1790953704.648009) can0 2A7#00004EADFFFFFD8E
(1790953704.652323) can0 2A1#0100010000000000
(1790953704.652432) can0 2A2#0000D606000008AE
(1790953704.652558) can0 2A3#0002EB29FFFD410D
(1790953704.652684) can0 2A4#0001245BFFFD49A2
(1790953704.652808) can0 2A5#000007BF000007CA
(1790953704.652909) can0 2A6#FFFFF84700000253
(1790953704.653032) can0 2A7#00004EADFFFFFD8E
(1790953704.657317) can0 2A1#0100010000000000
(1790953704.657406) can0 2A2#0000D606000008AE
(1790953704.657534) can0 2A3#0002EB29FFFD410D
(1790953704.657658) can0 2A4#0001245BFFFD49A2
(1790953704.657783) can0 2A5#000007BF000007CA
(1790953704.657911) can0 2A6#FFFFF84700000253
(1790953704.658008) can0 2A7#00004EADFFFFFD8E
(1790953704.662340) can0 2A1#0100010000000000
(1790953704.662431) can0 2A2#0000D606000008AE
(1790953704.662558) can0 2A3#0002EB29FFFD410D
(1790953704.662684) can0 2A4#0001245BFFFD49A2
(1790953704.662783) can0 2A5#000007BF000007CA
(1790953704.662909) can0 2A6#FFFFF84700000253
(1790953704.663034) can0 2A7#00004EADFFFFFD8E
(1790953704.667325) can0 2A1#0100010000000000
(1790953704.667416) can0 2A2#0000D606000008AE
(1790953704.667534) can0 2A3#0002EB29FFFD410D
(1790953704.667658) can0 2A4#0001245BFFFD49A2
(1790953704.667782) can0 2A5#000007BF000007CA
(1790953704.667908) can0 2A6#FFFFF84700000253
(1790953704.668034) can0 2A7#00004EADFFFFFD8E
(1790953704.672319) can0 2A1#0100010000000000
(1790953704.672432) can0 2A2#0000D606000008AE
(1790953704.672534) can0 2A3#0002EB29FFFD410D
(1790953704.672684) can0 2A4#0001245BFFFD49A2
(1790953704.672809) can0 2A5#000007BF000007CA
(1790953704.672908) can0 2A6#FFFFF84700000253
(1790953704.673034) can0 2A7#00004EADFFFFFD8E
(1790953704.677323) can0 2A1#0100010000000000
(1790953704.677432) can0 2A2#0000D606000008AE
(1790953704.677534) can0 2A3#0002EB29FFFD410D
(1790953704.677656) can0 2A4#0001245BFFFD49A2
(1790953704.677783) can0 2A5#000007BF000007CA
(1790953704.677908) can0 2A6#FFFFF84700000253
(1790953704.678037) can0 2A7#00004EADFFFFFD8E
(1790953704.682322) can0 2A1#0100010000000000
(1790953704.682432) can0 2A2#0000D606000008AE
(1790953704.682559) can0 2A3#0002EB29FFFD410D
(1790953704.682683) can0 2A4#0001245BFFFD49A2
(1790953704.682808) can0 2A5#000007BF000007CA
(1790953704.682909) can0 2A6#FFFFF84700000253
(1790953704.683034) can0 2A7#00004EADFFFFFD8E
(1790953704.687318) can0 2A1#0100010000000000
(1790953704.687409) can0 2A2#0000D606000008AE
(1790953704.687534) can0 2A3#0002EB29FFFD410D
(1790953704.687658) can0 2A4#0001245BFFFD49A2
(1790953704.687784) can0 2A5#000007BF000007CA
(1790953704.687908) can0 2A6#FFFFF84700000253
(1790953704.688034) can0 2A7#00004EADFFFFFD8E
(1790953704.692327) can0 2A1#0100010000000000
(1790953704.692432) can0 2A2#0000D606000008AE
(1790953704.692558) can0 2A3#0002EB29FFFD410D
(1790953704.692683) can0 2A4#0001245BFFFD49A2
(1790953704.692809) can0 2A5#000007BF000007CA
(1790953704.692908) can0 2A6#FFFFF84700000253
(1790953704.693034) can0 2A7#00004EADFFFFFD8E
(1790953704.697321) can0 2A1#0100010000000000
(1790953704.697407) can0 2A2#0000D606000008AE
(1790953704.697534) can0 2A3#0002EB29FFFD410D
(1790953704.697659) can0 2A4#0001245BFFFD49A2
(1790953704.697783) can0 2A5#000007BF000007CA
(1790953704.697909) can0 2A6#FFFFF84700000253
(1790953704.698009) can0 2A7#00004EADFFFFFD8E
(1790953704.702322) can0 2A1#0100010000000000
(1790953704.702432) can0 2A2#0000D606000008AE
(1790953704.702559) can0 2A3#0002EB29FFFD410D
(1790953704.702683) can0 2A4#0001245BFFFD49A2
(1790953704.702783) can0 2A5#000007BF000007CA
(1790953704.702907) can0 2A6#FFFFF84700000253
(1790953704.703034) can0 2A7#00004EADFFFFFD8E
(1790953704.707323) can0 2A1#0100010000000000
(1790953704.707407) can0 2A2#0000D606000008AE
(1790953704.707533) can0 2A3#0002EB29FFFD410D
(1790953704.707658) can0 2A4#0001245BFFFD49A2
(1790953704.707787) can0 2A5#000007BF000007CA
(1790953704.707909) can0 2A6#FFFFF84700000253
(1790953704.708033) can0 2A7#00004EADFFFFFD8E
(1790953704.712337) can0 2A1#0100010000000000
(1790953704.712435) can0 2A2#0000D606000008AE
(1790953704.712558) can0 2A3#0002EB29FFFD410D
(1790953704.712658) can0 2A4#0001245BFFFD49A2
(1790953704.712782) can0 2A5#000007BF000007CA
(1790953704.712908) can0 2A6#FFFFF84700000253
(1790953704.713032) can0 2A7#00004EADFFFFFD8E
(1790953704.717326) can0 2A1#0100010000000000
(1790953704.717406) can0 2A2#0000D606000008AE
(1790953704.717533) can0 2A3#0002EB29FFFD410D
(1790953704.717658) can0 2A4#0001245BFFFD49A2
(1790953704.717783) can0 2A5#000007BF000007CA
(1790953704.717908) can0 2A6#FFFFF84700000253
(1790953704.718033) can0 2A7#00004EADFFFFFD8E
(1790953704.722317) can0 2A1#0100010000000000
(1790953704.722432) can0 2A2#0000D606000008AE
(1790953704.722533) can0 2A3#0002EB29FFFD410D
(1790953704.722685) can0 2A4#0001245BFFFD49A2
(1790953704.722808) can0 2A5#000007BF000007CA
(1790953704.722908) can0 2A6#FFFFF84700000253
(1790953704.723033) can0 2A7#00004EADFFFFFD8E
(1790953704.727346) can0 2A1#0100010000000000
(1790953704.727432) can0 2A2#0000D606000008AE
(1790953704.727534) can0 2A3#0002EB29FFFD410D
(1790953704.727658) can0 2A4#0001245BFFFD49A2
(1790953704.727784) can0 2A5#000007BF000007CA
(1790953704.727908) can0 2A6#FFFFF84700000253
(1790953704.728034) can0 2A7#00004EADFFFFFD8E
(1790953704.732317) can0 2A1#0100010000000000
(1790953704.732438) can0 2A2#0000D606000008AE
(1790953704.732548) can0 2A3#0002EB29FFFD410D
(1790953704.732692) can0 2A4#0001245BFFFD49A2
(1790953704.732810) can0 2A5#000007BF000007CA
(1790953704.732908) can0 2A6#FFFFF84700000253
(1790953704.733034) can0 2A7#00004EADFFFFFD8E
(1790953704.737327) can0 2A1#0100010000000000
(1790953704.737407) can0 2A2#0000D606000008AE
(1790953704.737534) can0 2A3#0002EB29FFFD410D
(1790953704.737655) can0 2A4#0001245BFFFD49A2
(1790953704.737782) can0 2A5#000007BF000007CA
(1790953704.737906) can0 2A6#FFFFF84700000253
(1790953704.738033) can0 2A7#00004EADFFFFFD8E
(1790953704.742324) can0 2A1#0100010000000000
(1790953704.742432) can0 2A2#0000D606000008AE
(1790953704.742558) can0 2A3#0002EB29FFFD410D
(1790953704.742684) can0 2A4#0001245BFFFD49A2
(1790953704.742792) can0 2A5#000007BF000007CA
(1790953704.742908) can0 2A6#FFFFF84700000253
(1790953704.743036) can0 2A7#00004EADFFFFFD8E
(1790953704.747319) can0 2A1#0100010000000000
(1790953704.747408) can0 2A2#0000D606000008AE
(1790953704.747535) can0 2A3#0002EB29FFFD410D
(1790953704.747667) can0 2A4#0001245BFFFD49A2
(1790953704.747787) can0 2A5#000007BF000007CA
(1790953704.747910) can0 2A6#FFFFF84700000253
(1790953704.748032) can0 2A7#00004EADFFFFFD8E
(1790953704.752327) can0 2A1#0100010000000000
(1790953704.752438) can0 2A2#0000D606000008AE
(1790953704.752558) can0 2A3#0002EB29FFFD410D
(1790953704.752685) can0 2A4#0001245BFFFD49A2
(1790953704.752808) can0 2A5#000007BF000007CA
(1790953704.752910) can0 2A6#FFFFF84700000253
(1790953704.753034) can0 2A7#00004EADFFFFFD8E
(1790953704.757311) can0 2A1#0100010000000000
(1790953704.757433) can0 2A2#0000D606000008AE
(1790953704.757558) can0 2A3#0002EB29FFFD410D
(1790953704.757658) can0 2A4#0001245BFFFD49A2
(1790953704.757783) can0 2A5#000007BF000007CA
(1790953704.757908) can0 2A6#FFFFF84700000253
(1790953704.758033) can0 2A7#00004EADFFFFFD8E
(1790953704.762346) can0 2A1#0100010000000000
(1790953704.762432) can0 2A2#0000D606000008AE
(1790953704.762559) can0 2A3#0002EB29FFFD410D
(1790953704.762684) can0 2A4#0001245BFFFD49A2
(1790953704.762808) can0 2A5#000007BF000007CA
(1790953704.762909) can0 2A6#FFFFF84700000253
(1790953704.763033) can0 2A7#00004EADFFFFFD8E
(1790953704.767325) can0 2A1#0100010000000000
(1790953704.767432) can0 2A2#0000D606000008AE
(1790953704.767533) can0 2A3#0002EB29FFFD410D
(1790953704.767660) can0 2A4#0001245BFFFD49A2
(1790953704.767783) can0 2A5#000007BF000007CA
(1790953704.767908) can0 2A6#FFFFF84700000253
(1790953704.768032) can0 2A7#00004EADFFFFFD8E
(1790953704.772326) can0 2A1#0100010000000000
(1790953704.772432) can0 2A2#0000D606000008AE
(1790953704.772559) can0 2A3#0002EB29FFFD410D
(1790953704.772658) can0 2A4#0001245BFFFD49A2
(1790953704.772785) can0 2A5#000007BF000007CA
(1790953704.772910) can0 2A6#FFFFF84700000253
(1790953704.773034) can0 2A7#00004EADFFFFFD8E
(1790953704.777323) can0 2A1#0100010000000000
(1790953704.777437) can0 2A2#0000D606000008AE
(1790953704.777536) can0 2A3#0002EB29FFFD410D
(1790953704.777656) can0 2A4#0001245BFFFD49A2
(1790953704.777783) can0 2A5#000007BF000007CA
(1790953704.777908) can0 2A6#FFFFF84700000253
(1790953704.778034) can0 2A7#00004EADFFFFFD8E
(1790953704.782336) can0 2A1#0100010000000000
(1790953704.782436) can0 2A2#0000D606000008AE
(1790953704.782534) can0 2A3#0002EB29FFFD410D
(1790953704.782684) can0 2A4#0001245BFFFD49A2
(1790953704.782808) can0 2A5#000007BF000007CA
(1790953704.782907) can0 2A6#FFFFF84700000253
(1790953704.783034) can0 2A7#00004EADFFFFFD8E
(1790953704.787321) can0 2A1#0100010000000000
(1790953704.787434) can0 2A2#0000D606000008AE
(1790953704.787564) can0 2A3#0002EB29FFFD410D
(1790953704.787663) can0 2A4#0001245BFFFD49A2
(1790953704.787783) can0 2A5#000007BF000007CA
(1790953704.787915) can0 2A6#FFFFF84700000253
(1790953704.788008) can0 2A7#00004EADFFFFFD8E
(1790953704.792316) can0 2A1#0100010000000000
(1790953704.792432) can0 2A2#0000D606000008AE
(1790953704.792559) can0 2A3#0002EB29FFFD410D
(1790953704.792683) can0 2A4#0001245BFFFD49A2
(1790953704.792784) can0 2A5#000007BF000007CA
(1790953704.792907) can0 2A6#FFFFF84700000253
(1790953704.793034) can0 2A7#00004EADFFFFFD8E
(1790953704.797320) can0 2A1#0100010000000000
(1790953704.797408) can0 2A2#0000D606000008AE
(1790953704.797532) can0 2A3#0002EB29FFFD410D
(1790953704.797656) can0 2A4#0001245BFFFD49A2
(1790953704.797783) can0 2A5#000007BF000007CA
(1790953704.797907) can0 2A6#FFFFF84700000253
(1790953704.798007) can0 2A7#00004EADFFFFFD8E
(1790953704.802338) can0 2A1#0100010000000000
(1790953704.802436) can0 2A2#0000D606000008AE
(1790953704.802558) can0 2A3#0002EB29FFFD410D
(1790953704.802685) can0 2A4#0001245BFFFD49A2
(1790953704.802784) can0 2A5#000007BF000007CA
(1790953704.802911) can0 2A6#FFFFF84700000253
(1790953704.803036) can0 2A7#00004EADFFFFFD8E
(1790953704.807326) can0 2A1#0100010000000000
(1790953704.807406) can0 2A2#0000D606000008AE
(1790953704.807533) can0 2A3#0002EB29FFFD410D
(1790953704.807657) can0 2A4#0001245BFFFD49A2
(1790953704.807783) can0 2A5#000007BF000007CA
(1790953704.807909) can0 2A6#FFFFF84700000253
(1790953704.808033) can0 2A7#00004EADFFFFFD8E
(1790953704.812346) can0 2A1#0100010000000000
(1790953704.812435) can0 2A2#0000D606000008AE
(1790953704.812557) can0 2A3#0002EB29FFFD410D
(1790953704.812657) can0 2A4#0001245BFFFD49A2
(1790953704.812785) can0 2A5#000007BF000007CA
(1790953704.812908) can0 2A6#FFFFF84700000253
(1790953704.813034) can0 2A7#00004EADFFFFFD8E
(1790953704.817306) can0 2A1#0100010000000000
(1790953704.817405) can0 2A2#0000D606000008AE
(1790953704.817558) can0 2A3#0002EB29FFFD410D
(1790953704.817655) can0 2A4#0001245BFFFD49A2
(1790953704.817780) can0 2A5#000007BF000007CA
(1790953704.817908) can0 2A6#FFFFF84700000253
(1790953704.818030) can0 2A7#00004EADFFFFFD8E
(1790953704.822318) can0 2A1#0100010000000000
(1790953704.822433) can0 2A2#0000D606000008AE
(1790953704.822561) can0 2A3#0002EB29FFFD410D
(1790953704.822685) can0 2A4#0001245BFFFD49A2
(1790953704.822810) can0 2A5#000007BF000007CA
(1790953704.822936) can0 2A6#FFFFF84700000253
(1790953704.823035) can0 2A7#00004EADFFFFFD8E
(1790953704.827315) can0 2A1#0100010000000000
(1790953704.827433) can0 2A2#0000D606000008AE
(1790953704.827562) can0 2A3#0002EB29FFFD410D
(1790953704.827657) can0 2A4#0001245BFFFD49A2
(1790953704.827782) can0 2A5#000007BF000007CA
(1790953704.827911) can0 2A6#FFFFF84700000253
(1790953704.828033) can0 2A7#00004EADFFFFFD8E
(1790953704.832330) can0 2A1#0100010000000000
(1790953704.832434) can0 2A2#0000D606000008AE
(1790953704.832557) can0 2A3#0002EB29FFFD410D
(1790953704.832682) can0 2A4#0001245BFFFD49A2
(1790953704.832782) can0 2A5#000007BF000007CA
(1790953704.832908) can0 2A6#FFFFF84700000253
(1790953704.833032) can0 2A7#00004EADFFFFFD8E
(1790953704.837336) can0 2A1#0100010000000000
(1790953704.837433) can0 2A2#0000D606000008AE
(1790953704.837533) can0 2A3#0002EB29FFFD410D
(1790953704.837657) can0 2A4#0001245BFFFD49A2
(1790953704.837782) can0 2A5#000007BF000007CA
(1790953704.837907) can0 2A6#FFFFF84700000253
(1790953704.838035) can0 2A7#00004EADFFFFFD8E
(1790953704.842328) can0 2A1#0100010000000000
(1790953704.842432) can0 2A2#0000D606000008AE
(1790953704.842557) can0 2A3#0002EB29FFFD410D
(1790953704.842657) can0 2A4#0001245BFFFD49A2
(1790953704.842782) can0 2A5#000007BF000007CA
(1790953704.842909) can0 2A6#FFFFF84700000253
(1790953704.843034) can0 2A7#00004EADFFFFFD8E
(1790953704.847328) can0 2A1#0100010000000000
(1790953704.847409) can0 2A2#0000D606000008AE
(1790953704.847533) can0 2A3#0002EB29FFFD410D
(1790953704.847657) can0 2A4#0001245BFFFD49A2
(1790953704.847782) can0 2A5#000007BF000007CA
(1790953704.847910) can0 2A6#FFFFF84700000253
(1790953704.848033) can0 2A7#00004EADFFFFFD8E
(1790953704.852336) can0 2A1#0100010000000000
(1790953704.852433) can0 2A2#0000D606000008AE
(1790953704.852557) can0 2A3#0002EB29FFFD410D
(1790953704.852682) can0 2A4#0001245BFFFD49A2
(1790953704.852807) can0 2A5#000007BF000007CA
(1790953704.852932) can0 2A6#FFFFF84700000253
(1790953704.853032) can0 2A7#00004EADFFFFFD8E
(1790953704.857315) can0 2A1#0100010000000000
(1790953704.857407) can0 2A2#0000D606000008AE
(1790953704.857533) can0 2A3#0002EB29FFFD410D
(1790953704.857658) can0 2A4#0001245BFFFD49A2
(1790953704.857782) can0 2A5#000007BF000007CA
(1790953704.857907) can0 2A6#FFFFF84700000253
(1790953704.858031) can0 2A7#00004EADFFFFFD8E
(1790953704.862317) can0 2A1#0100010000000000
(1790953704.862433) can0 2A2#0000D606000008AE
(1790953704.862557) can0 2A3#0002EB29FFFD410D
(1790953704.862683) can0 2A4#0001245BFFFD49A2
(1790953704.862808) can0 2A5#000007BF000007CA
(1790953704.862907) can0 2A6#FFFFF84700000253
(1790953704.863033) can0 2A7#00004EADFFFFFD8E
(1790953704.867314) can0 2A1#0100010000000000
(1790953704.867409) can0 2A2#0000D606000008AE
(1790953704.867534) can0 2A3#0002EB29FFFD410D
(1790953704.867661) can0 2A4#0001245BFFFD49A2
(1790953704.867783) can0 2A5#000007BF000007CA
(1790953704.867909) can0 2A6#FFFFF84700000253
(1790953704.868033) can0 2A7#00004EADFFFFFD8E
(1790953704.872316) can0 2A1#0100010000000000
(1790953704.872434) can0 2A2#0000D606000008AE
(1790953704.872559) can0 2A3#0002EB29FFFD410D
(1790953704.872659) can0 2A4#0001245BFFFD49A2
(1790953704.872782) can0 2A5#000007BF000007CA
(1790953704.872907) can0 2A6#FFFFF84700000253
(1790953704.873033) can0 2A7#00004EADFFFFFD8E
(1790953704.877316) can0 2A1#0100010000000000
(1790953704.877432) can0 2A2#0000D606000008AE
(1790953704.877557) can0 2A3#0002EB29FFFD410D
(1790953704.877657) can0 2A4#0001245BFFFD49A2
(1790953704.877783) can0 2A5#000007BF000007CA
(1790953704.877907) can0 2A6#FFFFF84700000253
(1790953704.878007) can0 2A7#00004EADFFFFFD8E
(1790953704.882324) can0 2A1#0100010000000000
(1790953704.882435) can0 2A2#0000D606000008AE
(1790953704.882558) can0 2A3#0002EB29FFFD410D
(1790953704.882684) can0 2A4#0001245BFFFD49A2
(1790953704.882783) can0 2A5#000007BF000007CA
(1790953704.882910) can0 2A6#FFFFF84700000253
(1790953704.883034) can0 2A7#00004EADFFFFFD8E
(1790953704.887335) can0 2A1#0100010000000000
(1790953704.887434) can0 2A2#0000D606000008AE
(1790953704.887536) can0 2A3#0002EB29FFFD410D
(1790953704.887658) can0 2A4#0001245BFFFD49A2
(1790953704.887782) can0 2A5#000007BF000007CA
(1790953704.887910) can0 2A6#FFFFF84700000253
(1790953704.888036) can0 2A7#00004EADFFFFFD8E
(1790953704.892330) can0 2A1#0100010000000000
(1790953704.892432) can0 2A2#0000D606000008AE
(1790953704.892557) can0 2A3#0002EB29FFFD410D
(1790953704.892683) can0 2A4#0001245BFFFD49A2
(1790953704.892807) can0 2A5#000007BF000007CA
(1790953704.892932) can0 2A6#FFFFF84700000253
(1790953704.893033) can0 2A7#00004EADFFFFFD8E
(1790953704.897335) can0 2A1#0100010000000000
(1790953704.897432) can0 2A2#0000D606000008AE
(1790953704.897533) can0 2A3#0002EB29FFFD410D
(1790953704.897660) can0 2A4#0001245BFFFD49A2
(1790953704.897785) can0 2A5#000007BF000007CA
(1790953704.897908) can0 2A6#FFFFF84700000253
(1790953704.898035) can0 2A7#00004EADFFFFFD8E
(1790953704.902321) can0 2A1#0100010000000000
(1790953704.902433) can0 2A2#0000D606000008AE
(1790953704.902561) can0 2A3#0002EB29FFFD410D
(1790953704.902685) can0 2A4#0001245BFFFD49A2
(1790953704.902810) can0 2A5#000007BF000007CA
(1790953704.902908) can0 2A6#FFFFF84700000253
(1790953704.903032) can0 2A7#00004EADFFFFFD8E
(1790953704.907316) can0 2A1#0100010000000000
(1790953704.907436) can0 2A2#0000D606000008AE
(1790953704.907532) can0 2A3#0002EB29FFFD410D
(1790953704.907657) can0 2A4#0001245BFFFD49A2
(1790953704.907782) can0 2A5#000007BF000007CA
(1790953704.907910) can0 2A6#FFFFF84700000253
(1790953704.908035) can0 2A7#00004EADFFFFFD8E
(1790953704.912338) can0 2A1#0100010000000000
(1790953704.912432) can0 2A2#0000D606000008AE
(1790953704.912559) can0 2A3#0002EB29FFFD410D
(1790953704.912685) can0 2A4#0001245BFFFD49A2
(1790953704.912810) can0 2A5#000007BF000007CA
(1790953704.912908) can0 2A6#FFFFF84700000253
(1790953704.913035) can0 2A7#00004EADFFFFFD8E
(1790953704.917321) can0 2A1#0100010000000000
(1790953704.917409) can0 2A2#0000D606000008AE
(1790953704.917535) can0 2A3#0002EB29FFFD410D
(1790953704.917658) can0 2A4#0001245BFFFD49A2
(1790953704.917785) can0 2A5#000007BF000007CA
(1790953704.917908) can0 2A6#FFFFF84700000253
(1790953704.918036) can0 2A7#00004EADFFFFFD8E
(1790953704.922326) can0 2A1#0100010000000000
(1790953704.922435) can0 2A2#0000D606000008AE
(1790953704.922563) can0 2A3#0002EB29FFFD410D
(1790953704.922685) can0 2A4#0001245BFFFD49A2
(1790953704.922784) can0 2A5#000007BF000007CA
(1790953704.922911) can0 2A6#FFFFF84700000253
(1790953704.923033) can0 2A7#00004EADFFFFFD8E
(1790953704.927334) can0 2A1#0100010000000000
(1790953704.927440) can0 2A2#0000D606000008AE
(1790953704.927558) can0 2A3#0002EB29FFFD410D
(1790953704.927658) can0 2A4#0001245BFFFD49A2
(1790953704.927786) can0 2A5#000007BF000007CA
(1790953704.927908) can0 2A6#FFFFF84700000253
(1790953704.928034) can0 2A7#00004EADFFFFFD8E
(1790953704.932334) can0 2A1#0100010000000000
(1790953704.932433) can0 2A2#0000D606000008AE
(1790953704.932558) can0 2A3#0002EB29FFFD410D
(1790953704.932682) can0 2A4#0001245BFFFD49A2
(1790953704.932786) can0 2A5#000007BF000007CA
(1790953704.932911) can0 2A6#FFFFF84700000253
(1790953704.933033) can0 2A7#00004EADFFFFFD8E
(1790953704.937334) can0 2A1#0100010000000000
(1790953704.937434) can0 2A2#0000D606000008AE
(1790953704.937533) can0 2A3#0002EB29FFFD410D
(1790953704.937660) can0 2A4#0001245BFFFD49A2
(1790953704.937782) can0 2A5#000007BF000007CA
(1790953704.937907) can0 2A6#FFFFF84700000253
(1790953704.938036) can0 2A7#00004EADFFFFFD8E
(1790953704.942360) can0 2A1#0100010000000000
(1790953704.942433) can0 2A2#0000D606000008AE
(1790953704.942558) can0 2A3#0002EB29FFFD410D
(1790953704.942686) can0 2A4#0001245BFFFD49A2
(1790953704.942785) can0 2A5#000007BF000007CA
(1790953704.942908) can0 2A6#FFFFF84700000253
(1790953704.943033) can0 2A7#00004EADFFFFFD8E
(1790953704.947328) can0 2A1#0100010000000000
(1790953704.947436) can0 2A2#0000D606000008AE
(1790953704.947535) can0 2A3#0002EB29FFFD410D
(1790953704.947657) can0 2A4#0001245BFFFD49A2
(1790953704.947782) can0 2A5#000007BF000007CA
(1790953704.947909) can0 2A6#FFFFF84700000253
(1790953704.948034) can0 2A7#00004EADFFFFFD8E
(1790953704.952334) can0 2A1#0100010000000000
(1790953704.952434) can0 2A2#0000D606000008AE
(1790953704.952560) can0 2A3#0002EB29FFFD410D
(1790953704.952683) can0 2A4#0001245BFFFD49A2
(1790953704.952808) can0 2A5#000007BF000007CA
(1790953704.952909) can0 2A6#FFFFF84700000253
(1790953704.953034) can0 2A7#00004EADFFFFFD8E
(1790953704.957326) can0 2A1#0100010000000000
(1790953704.957432) can0 2A2#0000D606000008AE
(1790953704.957558) can0 2A3#0002EB29FFFD410D
(1790953704.957659) can0 2A4#0001245BFFFD49A2
(1790953704.957783) can0 2A5#000007BF000007CA
(1790953704.957908) can0 2A6#FFFFF84700000253
(1790953704.958034) can0 2A7#00004EADFFFFFD8E
(1790953704.962340) can0 2A1#0100010000000000
(1790953704.962433) can0 2A2#0000D606000008AE
(1790953704.962558) can0 2A3#0002EB29FFFD410D
(1790953704.962683) can0 2A4#0001245BFFFD49A2
(1790953704.962808) can0 2A5#000007BF000007CA
(1790953704.962931) can0 2A6#FFFFF84700000253
(1790953704.963058) can0 2A7#00004EADFFFFFD8E
(1790953704.967325) can0 2A1#0100010000000000
(1790953704.967408) can0 2A2#0000D606000008AE
(1790953704.967533) can0 2A3#0002EB29FFFD410D
(1790953704.967658) can0 2A4#0001245BFFFD49A2
(1790953704.967783) can0 2A5#000007BF000007CA
(1790953704.967908) can0 2A6#FFFFF84700000253
(1790953704.968033) can0 2A7#00004EADFFFFFD8E
(1790953704.972324) can0 2A1#0100010000000000
(1790953704.972431) can0 2A2#0000D606000008AE
(1790953704.972559) can0 2A3#0002EB29FFFD410D
(1790953704.972658) can0 2A4#0001245BFFFD49A2
(1790953704.972808) can0 2A5#000007BF000007CA
(1790953704.972933) can0 2A6#FFFFF84700000253
(1790953704.973033) can0 2A7#00004EADFFFFFD8E
(1790953704.977322) can0 2A1#0100010000000000
(1790953704.977413) can0 2A2#0000D606000008AE
(1790953704.977537) can0 2A3#0002EB29FFFD410D
(1790953704.977660) can0 2A4#0001245BFFFD49A2
(1790953704.977785) can0 2A5#000007BF000007CA
(1790953704.977912) can0 2A6#FFFFF84700000253
(1790953704.978035) can0 2A7#00004EADFFFFFD8E
(1790953704.982324) can0 2A1#0100010000000000
(1790953704.982435) can0 2A2#0000D606000008AE
(1790953704.982562) can0 2A3#0002EB29FFFD410D
(1790953704.982663) can0 2A4#0001245BFFFD49A2
(1790953704.982786) can0 2A5#000007BF000007CA
(1790953704.982911) can0 2A6#FFFFF84700000253
(1790953704.983035) can0 2A7#00004EADFFFFFD8E
(1790953704.987327) can0 2A1#0100010000000000
(1790953704.987408) can0 2A2#0000D606000008AE
(1790953704.987536) can0 2A3#0002EB29FFFD410D
(1790953704.987661) can0 2A4#0001245BFFFD49A2
(1790953704.987785) can0 2A5#000007BF000007CA
(1790953704.987910) can0 2A6#FFFFF84700000253
(1790953704.988034) can0 2A7#00004EADFFFFFD8E
(1790953704.992336) can0 2A1#0100010000000000
(1790953704.992432) can0 2A2#0000D606000008AE
(1790953704.992558) can0 2A3#0002EB29FFFD410D
(1790953704.992659) can0 2A4#0001245BFFFD49A2
(1790953704.992783) can0 2A5#000007BF000007CA
(1790953704.992909) can0 2A6#FFFFF84700000253
(1790953704.993032) can0 2A7#00004EADFFFFFD8E
(1790953704.997327) can0 2A1#0100010000000000
(1790953704.997433) can0 2A2#0000D606000008AE
(1790953704.997562) can0 2A3#0002EB29FFFD410D
(1790953704.997661) can0 2A4#0001245BFFFD49A2
(1790953704.997784) can0 2A5#000007BF000007CA
(1790953704.997909) can0 2A6#FFFFF84700000253
(1790953704.998034) can0 2A7#00004EADFFFFFD8E
(1790953705.002362) can0 2A1#0100010000000000
(1790953705.002433) can0 2A2#0000D606000008AE
(1790953705.002559) can0 2A3#0002EB29FFFD410D
(1790953705.002683) can0 2A4#0001245BFFFD49A2
(1790953705.002807) can0 2A5#000007BF000007CA
(1790953705.002907) can0 2A6#FFFFF84700000253
(1790953705.003032) can0 2A7#00004EADFFFFFD8E
(1790953705.007326) can0 2A1#0100010000000000
(1790953705.007432) can0 2A2#0000D606000008AE
(1790953705.007534) can0 2A3#0002EB29FFFD410D
(1790953705.007658) can0 2A4#0001245BFFFD49A2
(1790953705.007781) can0 2A5#000007BF000007CA
(1790953705.007908) can0 2A6#FFFFF84700000253
(1790953705.008033) can0 2A7#00004EADFFFFFD8E
(1790953705.012326) can0 2A1#0100010000000000
(1790953705.012434) can0 2A2#0000D606000008AE
(1790953705.012562) can0 2A3#0002EB29FFFD410D
(1790953705.012686) can0 2A4#0001245BFFFD49A2
(1790953705.012786) can0 2A5#000007BF000007CA
(1790953705.012911) can0 2A6#FFFFF84700000253
(1790953705.013036) can0 2A7#00004EADFFFFFD8E
(1790953705.017320) can0 2A1#0100010000000000
(1790953705.017435) can0 2A2#0000D606000008AE
(1790953705.017559) can0 2A3#0002EB29FFFD410D
(1790953705.017659) can0 2A4#0001245BFFFD49A2
(1790953705.017784) can0 2A5#000007BF000007CA
(1790953705.017909) can0 2A6#FFFFF84700000253
(1790953705.018034) can0 2A7#00004EADFFFFFD8E
(1790953705.022364) can0 2A1#0100010000000000
(1790953705.022432) can0 2A2#0000D606000008AE
(1790953705.022559) can0 2A3#0002EB29FFFD410D
(1790953705.022659) can0 2A4#0001245BFFFD49A2
(1790953705.022781) can0 2A5#000007BF000007CA
(1790953705.022908) can0 2A6#FFFFF84700000253
(1790953705.023033) can0 2A7#00004EADFFFFFD8E
(1790953705.027317) can0 2A1#0100010000000000
(1790953705.027408) can0 2A2#0000D606000008AE
(1790953705.027533) can0 2A3#0002EB29FFFD410D
(1790953705.027660) can0 2A4#0001245BFFFD49A2
(1790953705.027784) can0 2A5#000007BF000007CA
(1790953705.027910) can0 2A6#FFFFF84700000253
(1790953705.028036) can0 2A7#00004EADFFFFFD8E
(1790953705.032324) can0 2A1#0100010000000000
(1790953705.032438) can0 2A2#0000D606000008AE
(1790953705.032563) can0 2A3#0002EB29FFFD410D
(1790953705.032660) can0 2A4#0001245BFFFD49A2
(1790953705.032785) can0 2A5#000007BF000007CA
(1790953705.032908) can0 2A6#FFFFF84700000253
(1790953705.033037) can0 2A7#00004EADFFFFFD8E
(1790953705.037319) can0 2A1#0100010000000000
(1790953705.037408) can0 2A2#0000D606000008AE
(1790953705.037535) can0 2A3#0002EB29FFFD410D
(1790953705.037660) can0 2A4#0001245BFFFD49A2
(1790953705.037786) can0 2A5#000007BF000007CA
(1790953705.037909) can0 2A6#FFFFF84700000253
(1790953705.038036) can0 2A7#00004EADFFFFFD8E
(1790953705.042324) can0 2A1#0100010000000000
(1790953705.042432) can0 2A2#0000D606000008AE
(1790953705.042561) can0 2A3#0002EB29FFFD410D
(1790953705.042683) can0 2A4#0001245BFFFD49A2
(1790953705.042807) can0 2A5#000007BF000007CA
(1790953705.042932) can0 2A6#FFFFF84700000253
(1790953705.043033) can0 2A7#00004EADFFFFFD8E
(1790953705.047331) can0 2A1#0100010000000000
(1790953705.047436) can0 2A2#0000D606000008AE
(1790953705.047564) can0 2A3#0002EB29FFFD410D
(1790953705.047762) can0 2A4#0001245BFFFD49A2
(1790953705.047784) can0 2A5#000007BF000007CA
(1790953705.047914) can0 2A6#FFFFF84700000253
(1790953705.048017) can0 2A7#00004EADFFFFFD8E
(1790953705.052354) can0 2A1#0100010000000000
(1790953705.052431) can0 2A2#0000D606000008AE
(1790953705.052557) can0 2A3#0002EB29FFFD410D
(1790953705.052681) can0 2A4#0001245BFFFD49A2
(1790953705.052806) can0 2A5#000007BF000007CA
(1790953705.052906) can0 2A6#FFFFF84700000253
(1790953705.053032) can0 2A7#00004EADFFFFFD8E
(1790953705.057321) can0 2A1#0100010000000000
(1790953705.057408) can0 2A2#0000D606000008AE
(1790953705.057558) can0 2A3#0002EB29FFFD410D
(1790953705.057658) can0 2A4#0001245BFFFD49A2
(1790953705.057783) can0 2A5#000007BF000007CA
(1790953705.057908) can0 2A6#FFFFF84700000253
(1790953705.058033) can0 2A7#00004EADFFFFFD8E
(1790953705.062337) can0 2A1#0100010000000000
(1790953705.062433) can0 2A2#0000D606000008AE
(1790953705.062561) can0 2A3#0002EB29FFFD410D
(1790953705.062682) can0 2A4#0001245BFFFD49A2
(1790953705.062810) can0 2A5#000007BF000007CA
(1790953705.062907) can0 2A6#FFFFF84700000253
(1790953705.063036) can0 2A7#00004EADFFFFFD8E
(1790953705.067331) can0 2A1#0100010000000000
(1790953705.067435) can0 2A2#0000D606000008AE
(1790953705.067559) can0 2A3#0002EB29FFFD410D
(1790953705.067658) can0 2A4#0001245BFFFD49A2
(1790953705.067789) can0 2A5#000007BF000007CA
(1790953705.067909) can0 2A6#FFFFF84700000253
(1790953705.068035) can0 2A7#00004EADFFFFFD8E
(1790953705.072318) can0 2A1#0100010000000000
(1790953705.072433) can0 2A2#0000D606000008AE
(1790953705.072560) can0 2A3#0002EB29FFFD410D
(1790953705.072683) can0 2A4#0001245BFFFD49A2
(1790953705.072807) can0 2A5#000007BF000007CA
(1790953705.072933) can0 2A6#FFFFF84700000253
(1790953705.073032) can0 2A7#00004EADFFFFFD8E
(1790953705.077315) can0 2A1#0100010000000000
(1790953705.077436) can0 2A2#0000D606000008AE
(1790953705.077559) can0 2A3#0002EB29FFFD410D
(1790953705.077665) can0 2A4#0001245BFFFD49A2
(1790953705.077784) can0 2A5#000007BF000007CA
(1790953705.077906) can0 2A6#FFFFF84700000253
(1790953705.078032) can0 2A7#00004EADFFFFFD8E
(1790953705.082332) can0 2A1#0100010000000000
(1790953705.082451) can0 2A2#0000D606000008AE
(1790953705.082561) can0 2A3#0002EB29FFFD410D
(1790953705.082685) can0 2A4#0001245BFFFD49A2
(1790953705.082809) can0 2A5#000007BF000007CA
(1790953705.082931) can0 2A6#FFFFF84700000253
(1790953705.083032) can0 2A7#00004EADFFFFFD8E
(1790953705.087316) can0 2A1#0100010000000000
(1790953705.087412) can0 2A2#0000D606000008AE
(1790953705.087534) can0 2A3#0002EB29FFFD410D
(1790953705.087659) can0 2A4#0001245BFFFD49A2
(1790953705.087785) can0 2A5#000007BF000007CA
(1790953705.087908) can0 2A6#FFFFF84700000253
(1790953705.088033) can0 2A7#00004EADFFFFFD8E
(1790953705.092318) can0 2A1#0100010000000000
(1790953705.092434) can0 2A2#0000D606000008AE
(1790953705.092561) can0 2A3#0002EB29FFFD410D
(1790953705.092686) can0 2A4#0001245BFFFD49A2
(1790953705.092811) can0 2A5#000007BF000007CA
(1790953705.092907) can0 2A6#FFFFF84700000253
(1790953705.093036) can0 2A7#00004EADFFFFFD8E
(1790953705.097323) can0 2A1#0100010000000000
(1790953705.097410) can0 2A2#0000D606000008AE
(1790953705.097537) can0 2A3#0002EB29FFFD410D
(1790953705.097663) can0 2A4#0001245BFFFD49A2
(1790953705.097784) can0 2A5#000007BF000007CA
(1790953705.097908) can0 2A6#FFFFF84700000253
(1790953705.098035) can0 2A7#00004EADFFFFFD8E
(1790953705.102334) can0 2A1#0100010000000000
(1790953705.102434) can0 2A2#0000D606000008AE
(1790953705.102559) can0 2A3#0002EB29FFFD410D
(1790953705.102684) can0 2A4#0001245BFFFD49A2
(1790953705.102784) can0 2A5#000007BF000007CA
(1790953705.102909) can0 2A6#FFFFF84700000253
(1790953705.103032) can0 2A7#00004EADFFFFFD8E
(1790953705.107315) can0 2A1#0100010000000000
(1790953705.107432) can0 2A2#0000D606000008AE
(1790953705.107559) can0 2A3#0002EB29FFFD410D
(1790953705.107660) can0 2A4#0001245BFFFD49A2
(1790953705.107782) can0 2A5#000007BF000007CA
(1790953705.107910) can0 2A6#FFFFF84700000253
(1790953705.108040) can0 2A7#00004EADFFFFFD8E
(1790953705.112337) can0 2A1#0100010000000000
(1790953705.112435) can0 2A2#0000D606000008AE
(1790953705.112558) can0 2A3#0002EB29FFFD410D
(1790953705.112685) can0 2A4#0001245BFFFD49A2
(1790953705.112783) can0 2A5#000007BF000007CA
(1790953705.112908) can0 2A6#FFFFF84700000253
(1790953705.113035) can0 2A7#00004EADFFFFFD8E
(1790953705.117328) can0 2A1#0100010000000000
(1790953705.117432) can0 2A2#0000D606000008AE
(1790953705.117559) can0 2A3#0002EB29FFFD410D
(1790953705.117659) can0 2A4#0001245BFFFD49A2
(1790953705.117783) can0 2A5#000007BF000007CA
(1790953705.117909) can0 2A6#FFFFF84700000253
(1790953705.118033) can0 2A7#00004EADFFFFFD8E
(1790953705.122311) can0 2A1#0100010000000000
(1790953705.122432) can0 2A2#0000D606000008AE
(1790953705.122558) can0 2A3#0002EB29FFFD410D
(1790953705.122684) can0 2A4#0001245BFFFD49A2
(1790953705.122808) can0 2A5#000007BF000007CA
(1790953705.122933) can0 2A6#FFFFF84700000253
(1790953705.123032) can0 2A7#00004EADFFFFFD8E
(1790953705.127323) can0 2A1#0100010000000000
(1790953705.127434) can0 2A2#0000D606000008AE
(1790953705.127559) can0 2A3#0002EB29FFFD410D
(1790953705.127661) can0 2A4#0001245BFFFD49A2
(1790953705.127786) can0 2A5#000007BF000007CA
(1790953705.127911) can0 2A6#FFFFF84700000253
(1790953705.128036) can0 2A7#00004EADFFFFFD8E
(1790953705.132312) can0 2A1#0100010000000000
(1790953705.132436) can0 2A2#0000D606000008AE
(1790953705.132558) can0 2A3#0002EB29FFFD410D
(1790953705.132685) can0 2A4#0001245BFFFD49A2
(1790953705.132810) can0 2A5#000007BF000007CA
(1790953705.132911) can0 2A6#FFFFF84700000253
(1790953705.133035) can0 2A7#00004EADFFFFFD8E
(1790953705.137313) can0 2A1#0100010000000000
(1790953705.137409) can0 2A2#0000D606000008AE
(1790953705.137534) can0 2A3#0002EB29FFFD410D
(1790953705.137660) can0 2A4#0001245BFFFD49A2
(1790953705.137783) can0 2A5#000007BF000007CA
(1790953705.137909) can0 2A6#FFFFF84700000253
(1790953705.138035) can0 2A7#00004EADFFFFFD8E
(1790953705.142318) can0 2A1#0100010000000000
(1790953705.142433) can0 2A2#0000D606000008AE
(1790953705.142560) can0 2A3#0002EB29FFFD410D
(1790953705.142684) can0 2A4#0001245BFFFD49A2
(1790953705.142809) can0 2A5#000007BF000007CA
(1790953705.142936) can0 2A6#FFFFF84700000253
(1790953705.143032) can0 2A7#00004EADFFFFFD8E
(1790953705.147312) can0 2A1#0100010000000000
(1790953705.147432) can0 2A2#0000D606000008AE
(1790953705.147535) can0 2A3#0002EB29FFFD410D
(1790953705.147657) can0 2A4#0001245BFFFD49A2
(1790953705.147783) can0 2A5#000007BF000007CA
(1790953705.147910) can0 2A6#FFFFF84700000253
(1790953705.148033) can0 2A7#00004EADFFFFFD8E
(1790953705.152312) can0 2A1#0100010000000000
(1790953705.152434) can0 2A2#0000D606000008AE
(1790953705.152561) can0 2A3#0002EB29FFFD410D
(1790953705.152689) can0 2A4#0001245BFFFD49A2
(1790953705.152807) can0 2A5#000007BF000007CA
(1790953705.152910) can0 2A6#FFFFF84700000253
(1790953705.153033) can0 2A7#00004EADFFFFFD8E
(1790953705.157319) can0 2A1#0100010000000000
(1790953705.157432) can0 2A2#0000D606000008AE
(1790953705.157534) can0 2A3#0002EB29FFFD410D
(1790953705.157659) can0 2A4#0001245BFFFD49A2
(1790953705.157784) can0 2A5#000007BF000007CA
(1790953705.157909) can0 2A6#FFFFF84700000253
(1790953705.158033) can0 2A7#00004EADFFFFFD8E
(1790953705.162338) can0 2A1#0100010000000000
(1790953705.162432) can0 2A2#0000D606000008AE
(1790953705.162560) can0 2A3#0002EB29FFFD410D
(1790953705.162682) can0 2A4#0001245BFFFD49A2
(1790953705.162783) can0 2A5#000007BF000007CA
(1790953705.162909) can0 2A6#FFFFF84700000253
(1790953705.163033) can0 2A7#00004EADFFFFFD8E
(1790953705.167328) can0 2A1#0100010000000000
(1790953705.167409) can0 2A2#0000D606000008AE
(1790953705.167535) can0 2A3#0002EB29FFFD410D
(1790953705.167659) can0 2A4#0001245BFFFD49A2
(1790953705.167784) can0 2A5#000007BF000007CA
(1790953705.167909) can0 2A6#FFFFF84700000253
(1790953705.168033) can0 2A7#00004EADFFFFFD8E
(1790953705.172318) can0 2A1#0100010000000000
(1790953705.172435) can0 2A2#0000D606000008AE
(1790953705.172559) can0 2A3#0002EB29FFFD410D
(1790953705.172682) can0 2A4#0001245BFFFD49A2
(1790953705.172809) can0 2A5#000007BF000007CA
(1790953705.172908) can0 2A6#FFFFF84700000253
(1790953705.173034) can0 2A7#00004EADFFFFFD8E
(1790953705.177313) can0 2A1#0100010000000000
(1790953705.177433) can0 2A2#0000D606000008AE
(1790953705.177534) can0 2A3#0002EB29FFFD410D
(1790953705.177659) can0 2A4#0001245BFFFD49A2
(1790953705.177784) can0 2A5#000007BF000007CA
(1790953705.177909) can0 2A6#FFFFF84700000253
(1790953705.178035) can0 2A7#00004EADFFFFFD8E
(1790953705.182351) can0 2A1#0100010000000000
(1790953705.182435) can0 2A2#0000D606000008AE
(1790953705.182561) can0 2A3#0002EB29FFFD410D
(1790953705.182682) can0 2A4#0001245BFFFD49A2
(1790953705.182784) can0 2A5#000007BF000007CA
(1790953705.182907) can0 2A6#FFFFF84700000253
(1790953705.183035) can0 2A7#00004EADFFFFFD8E
(1790953705.187314) can0 2A1#0100010000000000
(1790953705.187435) can0 2A2#0000D606000008AE
(1790953705.187559) can0 2A3#0002EB29FFFD410D
(1790953705.187659) can0 2A4#0001245BFFFD49A2
(1790953705.187784) can0 2A5#000007BF000007CA
(1790953705.187907) can0 2A6#FFFFF84700000253
(1790953705.188034) can0 2A7#00004EADFFFFFD8E
(1790953705.192346) can0 2A1#0100010000000000
(1790953705.192432) can0 2A2#0000D606000008AE
(1790953705.192559) can0 2A3#0002EB29FFFD410D
(1790953705.192659) can0 2A4#0001245BFFFD49A2
(1790953705.192809) can0 2A5#000007BF000007CA
(1790953705.192933) can0 2A6#FFFFF84700000253
(1790953705.193059) can0 2A7#00004EADFFFFFD8E
(1790953705.197313) can0 2A1#0100010000000000
(1790953705.197434) can0 2A2#0000D606000008AE
(1790953705.197558) can0 2A3#0002EB29FFFD410D
(1790953705.197658) can0 2A4#0001245BFFFD49A2
(1790953705.197783) can0 2A5#000007BF000007CA
(1790953705.197908) can0 2A6#FFFFF84700000253
(1790953705.198033) can0 2A7#00004EADFFFFFD8E
(1790953705.202326) can0 2A1#0100010000000000
(1790953705.202435) can0 2A2#0000D606000008AE
(1790953705.202558) can0 2A3#0002EB29FFFD410D
(1790953705.202683) can0 2A4#0001245BFFFD49A2
(1790953705.202784) can0 2A5#000007BF000007CA
(1790953705.202909) can0 2A6#FFFFF84700000253
(1790953705.203034) can0 2A7#00004EADFFFFFD8E
(1790953705.207315) can0 2A1#0100010000000000
(1790953705.207410) can0 2A2#0000D606000008AE
(1790953705.207534) can0 2A3#0002EB29FFFD410D
(1790953705.207658) can0 2A4#0001245BFFFD49A2
(1790953705.207783) can0 2A5#000007BF000007CA
(1790953705.207910) can0 2A6#FFFFF84700000253
(1790953705.208034) can0 2A7#00004EADFFFFFD8E
(1790953705.212334) can0 2A1#0100010000000000
(1790953705.212434) can0 2A2#0000D606000008AE
(1790953705.212559) can0 2A3#0002EB29FFFD410D
(1790953705.212658) can0 2A4#0001245BFFFD49A2
(1790953705.212784) can0 2A5#000007BF000007CA
(1790953705.212908) can0 2A6#FFFFF84700000253
(1790953705.213033) can0 2A7#00004EADFFFFFD8E
(1790953705.217310) can0 2A1#0100010000000000
(1790953705.217407) can0 2A2#0000D606000008AE
(1790953705.217533) can0 2A3#0002EB29FFFD410D
(1790953705.217659) can0 2A4#0001245BFFFD49A2
(1790953705.217783) can0 2A5#000007BF000007CA
(1790953705.217907) can0 2A6#FFFFF84700000253
(1790953705.218034) can0 2A7#00004EADFFFFFD8E
(1790953705.222318) can0 2A1#0100010000000000
(1790953705.222432) can0 2A2#0000D606000008AE
(1790953705.222559) can0 2A3#0002EB29FFFD410D
(1790953705.222683) can0 2A4#0001245BFFFD49A2
(1790953705.222808) can0 2A5#000007BF000007CA
(1790953705.222933) can0 2A6#FFFFF84700000253
(1790953705.223032) can0 2A7#00004EADFFFFFD8E
(1790953705.227320) can0 2A1#0100010000000000
(1790953705.227437) can0 2A2#0000D606000008AE
(1790953705.227535) can0 2A3#0002EB29FFFD410D
(1790953705.227660) can0 2A4#0001245BFFFD49A2
(1790953705.227784) can0 2A5#000007BF000007CA
(1790953705.227910) can0 2A6#FFFFF84700000253
(1790953705.228032) can0 2A7#00004EADFFFFFD8E
(1790953705.232311) can0 2A1#0100010000000000
(1790953705.232439) can0 2A2#0000D606000008AE
(1790953705.232560) can0 2A3#0002EB29FFFD410D
(1790953705.232684) can0 2A4#0001245BFFFD49A2
(1790953705.232809) can0 2A5#000007BF000007CA
(1790953705.232933) can0 2A6#FFFFF84700000253
(1790953705.233034) can0 2A7#00004EADFFFFFD8E
(1790953705.237307) can0 2A1#0100010000000000
(1790953705.237437) can0 2A2#0000D606000008AE
(1790953705.237561) can0 2A3#0002EB29FFFD410D
(1790953705.237659) can0 2A4#0001245BFFFD49A2
(1790953705.237785) can0 2A5#000007BF000007CA
(1790953705.237909) can0 2A6#FFFFF84700000253
(1790953705.238033) can0 2A7#00004EADFFFFFD8E
(1790953705.242310) can0 2A1#0100010000000000
(1790953705.242432) can0 2A2#0000D606000008AE
(1790953705.242559) can0 2A3#0002EB29FFFD410D
(1790953705.242684) can0 2A4#0001245BFFFD49A2
(1790953705.242784) can0 2A5#000007BF000007CA
(1790953705.242910) can0 2A6#FFFFF84700000253
(1790953705.243035) can0 2A7#00004EADFFFFFD8E
(1790953705.247318) can0 2A1#0100010000000000
(1790953705.247437) can0 2A2#0000D606000008AE
(1790953705.247559) can0 2A3#0002EB29FFFD410D
(1790953705.247659) can0 2A4#0001245BFFFD49A2
(1790953705.247783) can0 2A5#000007BF000007CA
(1790953705.247908) can0 2A6#FFFFF84700000253
(1790953705.248034) can0 2A7#00004EADFFFFFD8E
(1790953705.252335) can0 2A1#0100010000000000
(1790953705.252435) can0 2A2#0000D606000008AE
(1790953705.252560) can0 2A3#0002EB29FFFD410D
(1790953705.252682) can0 2A4#0001245BFFFD49A2
(1790953705.252809) can0 2A5#000007BF000007CA
(1790953705.252911) can0 2A6#FFFFF84700000253
(1790953705.253032) can0 2A7#00004EADFFFFFD8E
(1790953705.257313) can0 2A1#0100010000000000
(1790953705.257434) can0 2A2#0000D606000008AE
(1790953705.257559) can0 2A3#0002EB29FFFD410D
(1790953705.257659) can0 2A4#0001245BFFFD49A2
(1790953705.257783) can0 2A5#000007BF000007CA
(1790953705.257910) can0 2A6#FFFFF84700000253
(1790953705.258036) can0 2A7#00004EADFFFFFD8E
(1790953705.262333) can0 2A1#0100010000000000
(1790953705.262434) can0 2A2#0000D606000008AE
(1790953705.262558) can0 2A3#0002EB29FFFD410D
(1790953705.262684) can0 2A4#0001245BFFFD49A2
(1790953705.262808) can0 2A5#000007BF000007CA
(1790953705.262909) can0 2A6#FFFFF84700000253
(1790953705.263033) can0 2A7#00004EADFFFFFD8E
(1790953705.267312) can0 2A1#0100010000000000
(1790953705.267439) can0 2A2#0000D606000008AE
(1790953705.267561) can0 2A3#0002EB29FFFD410D
(1790953705.267656) can0 2A4#0001245BFFFD49A2
(1790953705.267783) can0 2A5#000007BF000007CA
(1790953705.267907) can0 2A6#FFFFF84700000253
(1790953705.268033) can0 2A7#00004EADFFFFFD8E
(1790953705.272314) can0 2A1#0100010000000000
(1790953705.272435) can0 2A2#0000D606000008AE
(1790953705.272558) can0 2A3#0002EB29FFFD410D
(1790953705.272681) can0 2A4#0001245BFFFD49A2
(1790953705.272809) can0 2A5#000007BF000007CA
(1790953705.272910) can0 2A6#FFFFF84700000253
(1790953705.273032) can0 2A7#00004EADFFFFFD8E
(1790953705.277316) can0 2A1#0100010000000000
(1790953705.277436) can0 2A2#0000D606000008AE
(1790953705.277533) can0 2A3#0002EB29FFFD410D
(1790953705.277658) can0 2A4#0001245BFFFD49A2
(1790953705.277783) can0 2A5#000007BF000007CA
(1790953705.277908) can0 2A6#FFFFF84700000253
(1790953705.278032) can0 2A7#00004EADFFFFFD8E
(1790953705.282334) can0 2A1#0100010000000000
(1790953705.282454) can0 2A2#0000D606000008AE
(1790953705.282558) can0 2A3#0002EB29FFFD410D
(1790953705.282685) can0 2A4#0001245BFFFD49A2
(1790953705.282786) can0 2A5#000007BF000007CA
(1790953705.282907) can0 2A6#FFFFF84700000253
(1790953705.283033) can0 2A7#00004EADFFFFFD8E
(1790953705.287310) can0 2A1#0100010000000000
(1790953705.287437) can0 2A2#0000D606000008AE
(1790953705.287534) can0 2A3#0002EB29FFFD410D
(1790953705.287660) can0 2A4#0001245BFFFD49A2
(1790953705.287784) can0 2A5#000007BF000007CA
(1790953705.287910) can0 2A6#FFFFF84700000253
(1790953705.288032) can0 2A7#00004EADFFFFFD8E
(1790953705.292342) can0 2A1#0100010000000000
(1790953705.292432) can0 2A2#0000D606000008AE
(1790953705.292557) can0 2A3#0002EB29FFFD410D
(1790953705.292683) can0 2A4#0001245BFFFD49A2
(1790953705.292782) can0 2A5#000007BF000007CA
(1790953705.292908) can0 2A6#FFFFF84700000253
(1790953705.293033) can0 2A7#00004EADFFFFFD8E
(1790953705.297316) can0 2A1#0100010000000000
(1790953705.297407) can0 2A2#0000D606000008AE
(1790953705.297532) can0 2A3#0002EB29FFFD410D
(1790953705.297656) can0 2A4#0001245BFFFD49A2
(1790953705.297782) can0 2A5#000007BF000007CA
(1790953705.297907) can0 2A6#FFFFF84700000253
(1790953705.298032) can0 2A7#00004EADFFFFFD8E
(1790953705.302322) can0 2A1#0100010000000000
(1790953705.302431) can0 2A2#0000D606000008AE
(1790953705.302557) can0 2A3#0002EB29FFFD410D
(1790953705.302681) can0 2A4#0001245BFFFD49A2
(1790953705.302807) can0 2A5#000007BF000007CA
(1790953705.302932) can0 2A6#FFFFF84700000253
(1790953705.303032) can0 2A7#00004EADFFFFFD8E
(1790953705.307314) can0 2A1#0100010000000000
(1790953705.307433) can0 2A2#0000D606000008AE
(1790953705.307557) can0 2A3#0002EB29FFFD410D
(1790953705.307657) can0 2A4#0001245BFFFD49A2
(1790953705.307782) can0 2A5#000007BF000007CA
(1790953705.307910) can0 2A6#FFFFF84700000253
(1790953705.308032) can0 2A7#00004EADFFFFFD8E
(1790953705.312334) can0 2A1#0100010000000000
(1790953705.312434) can0 2A2#0000D606000008AE
(1790953705.312559) can0 2A3#0002EB29FFFD410D
(1790953705.312684) can0 2A4#0001245BFFFD49A2
(1790953705.312809) can0 2A5#000007BF000007CA
(1790953705.312932) can0 2A6#FFFFF84700000253
(1790953705.313034) can0 2A7#00004EADFFFFFD8E
(1790953705.317335) can0 2A1#0100010000000000
(1790953705.317435) can0 2A2#0000D606000008AE
(1790953705.317570) can0 2A3#0002EB29FFFD410D
(1790953705.317659) can0 2A4#0001245BFFFD49A2
(1790953705.317785) can0 2A5#000007BF000007CA
(1790953705.317911) can0 2A6#FFFFF84700000253
(1790953705.318034) can0 2A7#00004EADFFFFFD8E
(1790953705.322341) can0 2A1#0100010000000000
(1790953705.322432) can0 2A2#0000D606000008AE
(1790953705.322559) can0 2A3#0002EB29FFFD410D
(1790953705.322684) can0 2A4#0001245BFFFD49A2
(1790953705.322781) can0 2A5#000007BF000007CA
(1790953705.322909) can0 2A6#FFFFF84700000253
(1790953705.323038) can0 2A7#00004EADFFFFFD8E
(1790953705.327350) can0 2A1#0100010000000000
(1790953705.327408) can0 2A2#0000D606000008AE
(1790953705.327559) can0 2A3#0002EB29FFFD410D
(1790953705.327658) can0 2A4#0001245BFFFD49A2
(1790953705.327783) can0 2A5#000007BF000007CA
(1790953705.327909) can0 2A6#FFFFF84700000253
(1790953705.328038) can0 2A7#00004EADFFFFFD8E
(1790953705.332327) can0 2A1#0100010000000000
(1790953705.332435) can0 2A2#0000D606000008AE
(1790953705.332560) can0 2A3#0002EB29FFFD410D
(1790953705.332683) can0 2A4#0001245BFFFD49A2
(1790953705.332812) can0 2A5#000007BF000007CA
(1790953705.332910) can0 2A6#FFFFF84700000253
(1790953705.333036) can0 2A7#00004EADFFFFFD8E
(1790953705.337334) can0 2A1#0100010000000000
(1790953705.337433) can0 2A2#0000D606000008AE
(1790953705.337559) can0 2A3#0002EB29FFFD410D
(1790953705.337658) can0 2A4#0001245BFFFD49A2
(1790953705.337783) can0 2A5#000007BF000007CA
(1790953705.337910) can0 2A6#FFFFF84700000253
(1790953705.338034) can0 2A7#00004EADFFFFFD8E
(1790953705.342318) can0 2A1#0100010000000000
(1790953705.342434) can0 2A2#0000D606000008AE
(1790953705.342558) can0 2A3#0002EB29FFFD410D
(1790953705.342683) can0 2A4#0001245BFFFD49A2
(1790953705.342808) can0 2A5#000007BF000007CA
(1790953705.342908) can0 2A6#FFFFF84700000253
(1790953705.343038) can0 2A7#00004EADFFFFFD8E
(1790953705.347311) can0 2A1#0100010000000000
(1790953705.347435) can0 2A2#0000D606000008AE
(1790953705.347533) can0 2A3#0002EB29FFFD410D
(1790953705.347658) can0 2A4#0001245BFFFD49A2
(1790953705.347785) can0 2A5#000007BF000007CA
(1790953705.347910) can0 2A6#FFFFF84700000253
(1790953705.348033) can0 2A7#00004EADFFFFFD8E
(1790953705.352329) can0 2A1#0100010000000000
(1790953705.352436) can0 2A2#0000D606000008AE
(1790953705.352560) can0 2A3#0002EB29FFFD410D
(1790953705.352685) can0 2A4#0001245BFFFD49A2
(1790953705.352810) can0 2A5#000007BF000007CA
(1790953705.352934) can0 2A6#FFFFF84700000253
(1790953705.353058) can0 2A7#00004EADFFFFFD8E
(1790953705.357317) can0 2A1#0100010000000000
(1790953705.357435) can0 2A2#0000D606000008AE
(1790953705.357559) can0 2A3#0002EB29FFFD410D
(1790953705.357657) can0 2A4#0001245BFFFD49A2
(1790953705.357782) can0 2A5#000007BF000007CA
(1790953705.357909) can0 2A6#FFFFF84700000253
(1790953705.358032) can0 2A7#00004EADFFFFFD8E
(1790953705.362331) can0 2A1#0100010000000000
(1790953705.362432) can0 2A2#0000D606000008AE
(1790953705.362560) can0 2A3#0002EB29FFFD410D
(1790953705.362684) can0 2A4#0001245BFFFD49A2
(1790953705.362809) can0 2A5#000007BF000007CA
(1790953705.362935) can0 2A6#FFFFF84700000253
(1790953705.363034) can0 2A7#00004EADFFFFFD8E
(1790953705.367309) can0 2A1#0100010000000000
(1790953705.367432) can0 2A2#0000D606000008AE
(1790953705.367559) can0 2A3#0002EB29FFFD410D
(1790953705.367659) can0 2A4#0001245BFFFD49A2
(1790953705.367784) can0 2A5#000007BF000007CA
(1790953705.367909) can0 2A6#FFFFF84700000253
(1790953705.368035) can0 2A7#00004EADFFFFFD8E
(1790953705.372315) can0 2A1#0100010000000000
(1790953705.372432) can0 2A2#0000D606000008AE
(1790953705.372560) can0 2A3#0002EB29FFFD410D
(1790953705.372685) can0 2A4#0001245BFFFD49A2
(1790953705.372807) can0 2A5#000007BF000007CA
(1790953705.372910) can0 2A6#FFFFF84700000253
(1790953705.373033) can0 2A7#00004EADFFFFFD8E
(1790953705.377321) can0 2A1#0100010000000000
(1790953705.377432) can0 2A2#0000D606000008AE
(1790953705.377535) can0 2A3#0002EB29FFFD410D
(1790953705.377659) can0 2A4#0001245BFFFD49A2
(1790953705.377784) can0 2A5#000007BF000007CA
(1790953705.377911) can0 2A6#FFFFF84700000253
(1790953705.378035) can0 2A7#00004EADFFFFFD8E
(1790953705.382340) can0 2A1#0100010000000000
(1790953705.382434) can0 2A2#0000D606000008AE
(1790953705.382559) can0 2A3#0002EB29FFFD410D
(1790953705.382684) can0 2A4#0001245BFFFD49A2
(1790953705.382809) can0 2A5#000007BF000007CA
(1790953705.382933) can0 2A6#FFFFF84700000253
(1790953705.383059) can0 2A7#00004EADFFFFFD8E
(1790953705.387313) can0 2A1#0100010000000000
(1790953705.387433) can0 2A2#0000D606000008AE
(1790953705.387534) can0 2A3#0002EB29FFFD410D
(1790953705.387659) can0 2A4#0001245BFFFD49A2
(1790953705.387784) can0 2A5#000007BF000007CA
(1790953705.387907) can0 2A6#FFFFF84700000253
(1790953705.388034) can0 2A7#00004EADFFFFFD8E
(1790953705.392314) can0 2A1#0100010000000000
(1790953705.392432) can0 2A2#0000D606000008AE
(1790953705.392559) can0 2A3#0002EB29FFFD410D
(1790953705.392684) can0 2A4#0001245BFFFD49A2
(1790953705.392807) can0 2A5#000007BF000007CA
(1790953705.392932) can0 2A6#FFFFF84700000253
(1790953705.393034) can0 2A7#00004EADFFFFFD8E
(1790953705.397314) can0 2A1#0100010000000000
(1790953705.397433) can0 2A2#0000D606000008AE
(1790953705.397559) can0 2A3#0002EB29FFFD410D
(1790953705.397659) can0 2A4#0001245BFFFD49A2
(1790953705.397784) can0 2A5#000007BF000007CA
(1790953705.397909) can0 2A6#FFFFF84700000253
(1790953705.398034) can0 2A7#00004EADFFFFFD8E
(1790953705.402338) can0 2A1#0100010000000000
(1790953705.402457) can0 2A2#0000D606000008AE
(1790953705.402559) can0 2A3#0002EB29FFFD410D
(1790953705.402684) can0 2A4#0001245BFFFD49A2
(1790953705.402809) can0 2A5#000007BF000007CA
(1790953705.402909) can0 2A6#FFFFF84700000253
(1790953705.403035) can0 2A7#00004EADFFFFFD8E
(1790953705.407314) can0 2A1#0100010000000000
(1790953705.407432) can0 2A2#0000D606000008AE
(1790953705.407559) can0 2A3#0002EB29FFFD410D
(1790953705.407659) can0 2A4#0001245BFFFD49A2
(1790953705.407784) can0 2A5#000007BF000007CA
(1790953705.407909) can0 2A6#FFFFF84700000253
(1790953705.408033) can0 2A7#00004EADFFFFFD8E
(1790953705.412342) can0 2A1#0100010000000000
(1790953705.412432) can0 2A2#0000D606000008AE
(1790953705.412559) can0 2A3#0002EB29FFFD410D
(1790953705.412684) can0 2A4#0001245BFFFD49A2
(1790953705.412782) can0 2A5#000007BF000007CA
(1790953705.412909) can0 2A6#FFFFF84700000253
(1790953705.413034) can0 2A7#00004EADFFFFFD8E
(1790953705.417313) can0 2A1#0100010000000000
(1790953705.417432) can0 2A2#0000D606000008AE
(1790953705.417559) can0 2A3#0002EB29FFFD410D
(1790953705.417659) can0 2A4#0001245BFFFD49A2
(1790953705.417784) can0 2A5#000007BF000007CA
(1790953705.417907) can0 2A6#FFFFF84700000253
(1790953705.418034) can0 2A7#00004EADFFFFFD8E
(1790953705.422316) can0 2A1#0100010000000000
(1790953705.422432) can0 2A2#0000D606000008AE
(1790953705.422559) can0 2A3#0002EB29FFFD410D
(1790953705.422684) can0 2A4#0001245BFFFD49A2
(1790953705.422782) can0 2A5#000007BF000007CA
(1790953705.422909) can0 2A6#FFFFF84700000253
(1790953705.423032) can0 2A7#00004EADFFFFFD8E
(1790953705.427315) can0 2A1#0100010000000000
(1790953705.427435) can0 2A2#0000D606000008AE
(1790953705.427532) can0 2A3#0002EB29FFFD410D
(1790953705.427684) can0 2A4#0001245BFFFD49A2
(1790953705.427784) can0 2A5#000007BF000007CA
(1790953705.427907) can0 2A6#FFFFF84700000253
(1790953705.428034) can0 2A7#00004EADFFFFFD8E
(1790953705.432316) can0 2A1#0100010000000000
(1790953705.432432) can0 2A2#0000D606000008AE
(1790953705.432559) can0 2A3#0002EB29FFFD410D
(1790953705.432684) can0 2A4#0001245BFFFD49A2
(1790953705.432809) can0 2A5#000007BF000007CA
(1790953705.432934) can0 2A6#FFFFF84700000253
(1790953705.433032) can0 2A7#00004EADFFFFFD8E
(1790953705.437314) can0 2A1#0100010000000000
(1790953705.437432) can0 2A2#0000D606000008AE
(1790953705.437559) can0 2A3#0002EB29FFFD410D
(1790953705.437659) can0 2A4#0001245BFFFD49A2
(1790953705.437784) can0 2A5#000007BF000007CA
(1790953705.437909) can0 2A6#FFFFF84700000253
(1790953705.438034) can0 2A7#00004EADFFFFFD8E
(1790953705.442309) can0 2A1#0100010000000000
(1790953705.442432) can0 2A2#0000D606000008AE
(1790953705.442559) can0 2A3#0002EB29FFFD410D
(1790953705.442684) can0 2A4#0001245BFFFD49A2
(1790953705.442809) can0 2A5#000007BF000007CA
(1790953705.442934) can0 2A6#FFFFF84700000253
(1790953705.443058) can0 2A7#00004EADFFFFFD8E
(1790953705.447316) can0 2A1#0100010000000000
(1790953705.447432) can0 2A2#0000D606000008AE
(1790953705.447559) can0 2A3#0002EB29FFFD410D
(1790953705.447657) can0 2A4#0001245BFFFD49A2
(1790953705.447784) can0 2A5#000007BF000007CA
(1790953705.447907) can0 2A6#FFFFF84700000253
(1790953705.448034) can0 2A7#00004EADFFFFFD8E
(1790953705.452362) can0 2A1#0100010000000000
(1790953705.452437) can0 2A2#0000D606000008AE
(1790953705.452561) can0 2A3#0002EB29FFFD410D
(1790953705.452685) can0 2A4#0001245BFFFD49A2
(1790953705.452813) can0 2A5#000007BF000007CA
(1790953705.452909) can0 2A6#FFFFF84700000253
(1790953705.453035) can0 2A7#00004EADFFFFFD8E
(1790953705.457318) can0 2A1#0100010000000000
(1790953705.457435) can0 2A2#0000D606000008AE
(1790953705.457559) can0 2A3#0002EB29FFFD410D
(1790953705.457658) can0 2A4#0001245BFFFD49A2
(1790953705.457795) can0 2A5#000007BF000007CA
(1790953705.457911) can0 2A6#FFFFF84700000253
(1790953705.458034) can0 2A7#00004EADFFFFFD8E
(1790953705.462357) can0 2A1#0100010000000000
(1790953705.462433) can0 2A2#0000D606000008AE
(1790953705.462559) can0 2A3#0002EB29FFFD410D
(1790953705.462684) can0 2A4#0001245BFFFD49A2
(1790953705.462808) can0 2A5#000007BF000007CA
(1790953705.462941) can0 2A6#FFFFF84700000253
(1790953705.463060) can0 2A7#00004EADFFFFFD8E
(1790953705.467320) can0 2A1#0100010000000000
(1790953705.467434) can0 2A2#0000D606000008AE
(1790953705.467559) can0 2A3#0002EB29FFFD410D
(1790953705.467658) can0 2A4#0001245BFFFD49A2
(1790953705.467784) can0 2A5#000007BF000007CA
(1790953705.467909) can0 2A6#FFFFF84700000253
(1790953705.468033) can0 2A7#00004EADFFFFFD8E
(1790953705.472324) can0 2A1#0100010000000000
(1790953705.472432) can0 2A2#0000D606000008AE
(1790953705.472559) can0 2A3#0002EB29FFFD410D
(1790953705.472683) can0 2A4#0001245BFFFD49A2
(1790953705.472808) can0 2A5#000007BF000007CA
(1790953705.472909) can0 2A6#FFFFF84700000253
(1790953705.473032) can0 2A7#00004EADFFFFFD8E
(1790953705.477331) can0 2A1#0100010000000000
(1790953705.477434) can0 2A2#0000D606000008AE
(1790953705.477534) can0 2A3#0002EB29FFFD410D
(1790953705.477683) can0 2A4#0001245BFFFD49A2
(1790953705.477785) can0 2A5#000007BF000007CA
(1790953705.477908) can0 2A6#FFFFF84700000253
(1790953705.478036) can0 2A7#00004EADFFFFFD8E
(1790953705.482322) can0 2A1#0100010000000000
(1790953705.482439) can0 2A2#0000D606000008AE
(1790953705.482561) can0 2A3#0002EB29FFFD410D
(1790953705.482685) can0 2A4#0001245BFFFD49A2
(1790953705.482811) can0 2A5#000007BF000007CA
(1790953705.482911) can0 2A6#FFFFF84700000253
(1790953705.483036) can0 2A7#00004EADFFFFFD8E
(1790953705.487330) can0 2A1#0100010000000000
(1790953705.487432) can0 2A2#0000D606000008AE
(1790953705.487558) can0 2A3#0002EB29FFFD410D
(1790953705.487659) can0 2A4#0001245BFFFD49A2
(1790953705.487784) can0 2A5#000007BF000007CA
(1790953705.487908) can0 2A6#FFFFF84700000253
(1790953705.488033) can0 2A7#00004EADFFFFFD8E
(1790953705.492318) can0 2A1#0100010000000000
(1790953705.492435) can0 2A2#0000D606000008AE
(1790953705.492561) can0 2A3#0002EB29FFFD410D
(1790953705.492686) can0 2A4#0001245BFFFD49A2
(1790953705.492812) can0 2A5#000007BF000007CA
(1790953705.492933) can0 2A6#FFFFF84700000253
(1790953705.493036) can0 2A7#00004EADFFFFFD8E
(1790953705.497329) can0 2A1#0100010000000000
(1790953705.497432) can0 2A2#0000D606000008AE
(1790953705.497559) can0 2A3#0002EB29FFFD410D
(1790953705.497659) can0 2A4#0001245BFFFD49A2
(1790953705.497784) can0 2A5#000007BF000007CA
(1790953705.497912) can0 2A6#FFFFF84700000253
(1790953705.498034) can0 2A7#00004EADFFFFFD8E
(1790953705.502361) can0 2A1#0100010000000000
(1790953705.502457) can0 2A2#0000D606000008AE
(1790953705.502559) can0 2A3#0002EB29FFFD410D
(1790953705.502684) can0 2A4#0001245BFFFD49A2
(1790953705.502810) can0 2A5#000007BF000007CA
(1790953705.502909) can0 2A6#FFFFF84700000253
(1790953705.503034) can0 2A7#00004EADFFFFFD8E
(1790953705.507322) can0 2A1#0100010000000000
(1790953705.507433) can0 2A2#0000D606000008AE
(1790953705.507558) can0 2A3#0002EB29FFFD410D
(1790953705.507659) can0 2A4#0001245BFFFD49A2
(1790953705.507785) can0 2A5#000007BF000007CA
(1790953705.507909) can0 2A6#FFFFF84700000253
(1790953705.508034) can0 2A7#00004EADFFFFFD8E
(1790953705.512328) can0 2A1#0100010000000000
(1790953705.512457) can0 2A2#0000D606000008AE
(1790953705.512558) can0 2A3#0002EB29FFFD410D
(1790953705.512684) can0 2A4#0001245BFFFD49A2
(1790953705.512786) can0 2A5#000007BF000007CA
(1790953705.512909) can0 2A6#FFFFF84700000253
(1790953705.513033) can0 2A7#00004EADFFFFFD8E
(1790953705.517320) can0 2A1#0100010000000000
(1790953705.517432) can0 2A2#0000D606000008AE
(1790953705.517559) can0 2A3#0002EB29FFFD410D
(1790953705.517658) can0 2A4#0001245BFFFD49A2
(1790953705.517783) can0 2A5#000007BF000007CA
(1790953705.517908) can0 2A6#FFFFF84700000253
(1790953705.518034) can0 2A7#00004EADFFFFFD8E
(1790953705.522320) can0 2A1#0100010000000000
(1790953705.522433) can0 2A2#0000D606000008AE
(1790953705.522559) can0 2A3#0002EB29FFFD410D
(1790953705.522684) can0 2A4#0001245BFFFD49A2
(1790953705.522807) can0 2A5#000007BF000007CA
(1790953705.522909) can0 2A6#FFFFF84700000253
(1790953705.523033) can0 2A7#00004EADFFFFFD8E
(1790953705.527325) can0 2A1#0100010000000000
(1790953705.527432) can0 2A2#0000D606000008AE
(1790953705.527559) can0 2A3#0002EB29FFFD410D
(1790953705.527659) can0 2A4#0001245BFFFD49A2
(1790953705.527783) can0 2A5#000007BF000007CA
(1790953705.527910) can0 2A6#FFFFF84700000253
(1790953705.528033) can0 2A7#00004EADFFFFFD8E
(1790953705.532359) can0 2A1#0100010000000000
(1790953705.532458) can0 2A2#0000D606000008AE
(1790953705.532560) can0 2A3#0002EB29FFFD410D
(1790953705.532684) can0 2A4#0001245BFFFD49A2
(1790953705.532809) can0 2A5#000007BF000007CA
(1790953705.532909) can0 2A6#FFFFF84700000253
(1790953705.533033) can0 2A7#00004EADFFFFFD8E
(1790953705.537326) can0 2A1#0100010000000000
(1790953705.537432) can0 2A2#0000D606000008AE
(1790953705.537559) can0 2A3#0002EB29FFFD410D
(1790953705.537659) can0 2A4#0001245BFFFD49A2
(1790953705.537784) can0 2A5#000007BF000007CA
(1790953705.537909) can0 2A6#FFFFF84700000253
(1790953705.538047) can0 2A7#00004EADFFFFFD8E
(1790953705.542342) can0 2A1#0100010000000000
(1790953705.542434) can0 2A2#0000D606000008AE
(1790953705.542562) can0 2A3#0002EB29FFFD410D
(1790953705.542686) can0 2A4#0001245BFFFD49A2
(1790953705.542811) can0 2A5#000007BF000007CA
(1790953705.542908) can0 2A6#FFFFF84700000253
(1790953705.543034) can0 2A7#00004EADFFFFFD8E
(1790953705.547319) can0 2A1#0100010000000000
(1790953705.547435) can0 2A2#0000D606000008AE
(1790953705.547537) can0 2A3#0002EB29FFFD410D
(1790953705.547686) can0 2A4#0001245BFFFD49A2
(1790953705.547785) can0 2A5#000007BF000007CA
(1790953705.547911) can0 2A6#FFFFF84700000253
(1790953705.548036) can0 2A7#00004EADFFFFFD8E
(1790953705.552326) can0 2A1#0100010000000000
(1790953705.552433) can0 2A2#0000D606000008AE
(1790953705.552558) can0 2A3#0002EB29FFFD410D
(1790953705.552683) can0 2A4#0001245BFFFD49A2
(1790953705.552808) can0 2A5#000007BF000007CA
(1790953705.552911) can0 2A6#FFFFF84700000253
(1790953705.553034) can0 2A7#00004EADFFFFFD8E
(1790953705.557319) can0 2A1#0100010000000000
(1790953705.557434) can0 2A2#0000D606000008AE
(1790953705.557558) can0 2A3#0002EB29FFFD410D
(1790953705.557658) can0 2A4#0001245BFFFD49A2
(1790953705.557782) can0 2A5#000007BF000007CA
(1790953705.557910) can0 2A6#FFFFF84700000253
(1790953705.558036) can0 2A7#00004EADFFFFFD8E
(1790953705.562359) can0 2A1#0100010000000000
(1790953705.562458) can0 2A2#0000D606000008AE
(1790953705.562559) can0 2A3#0002EB29FFFD410D
(1790953705.562684) can0 2A4#0001245BFFFD49A2
(1790953705.562807) can0 2A5#000007BF000007CA
(1790953705.562908) can0 2A6#FFFFF84700000253
(1790953705.563034) can0 2A7#00004EADFFFFFD8E
(1790953705.567315) can0 2A1#0100010000000000
(1790953705.567432) can0 2A2#0000D606000008AE
(1790953705.567559) can0 2A3#0002EB29FFFD410D
(1790953705.567659) can0 2A4#0001245BFFFD49A2
(1790953705.567784) can0 2A5#000007BF000007CA
(1790953705.567909) can0 2A6#FFFFF84700000253
(1790953705.568034) can0 2A7#00004EADFFFFFD8E
(1790953705.572318) can0 2A1#0100010000000000
(1790953705.572432) can0 2A2#0000D606000008AE
(1790953705.572559) can0 2A3#0002EB29FFFD410D
(1790953705.572683) can0 2A4#0001245BFFFD49A2
(1790953705.572808) can0 2A5#000007BF000007CA
(1790953705.572934) can0 2A6#FFFFF84700000253
(1790953705.573059) can0 2A7#00004EADFFFFFD8E
(1790953705.577316) can0 2A1#0100010000000000
(1790953705.577432) can0 2A2#0000D606000008AE
(1790953705.577558) can0 2A3#0002EB29FFFD410D
(1790953705.577658) can0 2A4#0001245BFFFD49A2
(1790953705.577784) can0 2A5#000007BF000007CA
(1790953705.577909) can0 2A6#FFFFF84700000253
(1790953705.578037) can0 2A7#00004EADFFFFFD8E
(1790953705.582344) can0 2A1#0100010000000000
(1790953705.582433) can0 2A2#0000D606000008AE
(1790953705.582561) can0 2A3#0002EB29FFFD410D
(1790953705.582683) can0 2A4#0001245BFFFD49A2
(1790953705.582808) can0 2A5#000007BF000007CA
(1790953705.582934) can0 2A6#FFFFF84700000253
(1790953705.583061) can0 2A7#00004EADFFFFFD8E
(1790953705.587322) can0 2A1#0100010000000000
(1790953705.587433) can0 2A2#0000D606000008AE
(1790953705.587533) can0 2A3#0002EB29FFFD410D
(1790953705.587660) can0 2A4#0001245BFFFD49A2
(1790953705.587782) can0 2A5#000007BF000007CA
(1790953705.587908) can0 2A6#FFFFF84700000253
(1790953705.588035) can0 2A7#00004EADFFFFFD8E
(1790953705.592345) can0 2A1#0100010000000000
(1790953705.592432) can0 2A2#0000D606000008AE
(1790953705.592560) can0 2A3#0002EB29FFFD410D
(1790953705.592685) can0 2A4#0001245BFFFD49A2
(1790953705.592782) can0 2A5#000007BF000007CA
(1790953705.592908) can0 2A6#FFFFF84700000253
(1790953705.593033) can0 2A7#00004EADFFFFFD8E
(1790953705.597323) can0 2A1#0100010000000000
(1790953705.597435) can0 2A2#0000D606000008AE
(1790953705.597561) can0 2A3#0002EB29FFFD410D
(1790953705.597658) can0 2A4#0001245BFFFD49A2
(1790953705.597783) can0 2A5#000007BF000007CA
(1790953705.597908) can0 2A6#FFFFF84700000253
(1790953705.598033) can0 2A7#00004EADFFFFFD8E
(1790953705.602323) can0 2A1#0100010000000000
(1790953705.602458) can0 2A2#0000D606000008AE
(1790953705.602558) can0 2A3#0002EB29FFFD410D
(1790953705.602683) can0 2A4#0001245BFFFD49A2
(1790953705.602783) can0 2A5#000007BF000007CA
(1790953705.602908) can0 2A6#FFFFF84700000253
(1790953705.603033) can0 2A7#00004EADFFFFFD8E
(1790953705.607315) can0 2A1#0100010000000000
(1790953705.607435) can0 2A2#0000D606000008AE
(1790953705.607560) can0 2A3#0002EB29FFFD410D
(1790953705.607683) can0 2A4#0001245BFFFD49A2
(1790953705.607782) can0 2A5#000007BF000007CA
(1790953705.607912) can0 2A6#FFFFF84700000253
(1790953705.608033) can0 2A7#00004EADFFFFFD8E
(1790953705.612338) can0 2A1#0100010000000000
(1790953705.612435) can0 2A2#0000D606000008AE
(1790953705.612562) can0 2A3#0002EB29FFFD410D
(1790953705.612658) can0 2A4#0001245BFFFD49A2
(1790953705.612783) can0 2A5#000007BF000007CA
(1790953705.612936) can0 2A6#FFFFF84700000253
(1790953705.613033) can0 2A7#00004EADFFFFFD8E
(1790953705.617313) can0 2A1#0100010000000000
(1790953705.617436) can0 2A2#0000D606000008AE
(1790953705.617559) can0 2A3#0002EB29FFFD410D
(1790953705.617660) can0 2A4#0001245BFFFD49A2
(1790953705.617785) can0 2A5#000007BF000007CA
(1790953705.617910) can0 2A6#FFFFF84700000253
(1790953705.618034) can0 2A7#00004EADFFFFFD8E
(1790953705.622337) can0 2A1#0100010000000000
(1790953705.622458) can0 2A2#0000D606000008AE
(1790953705.622558) can0 2A3#0002EB29FFFD410D
(1790953705.622683) can0 2A4#0001245BFFFD49A2
(1790953705.622808) can0 2A5#000007BF000007CA
(1790953705.622910) can0 2A6#FFFFF84700000253
(1790953705.623036) can0 2A7#00004EADFFFFFD8E
(1790953705.627318) can0 2A1#0100010000000000
(1790953705.627435) can0 2A2#0000D606000008AE
(1790953705.627562) can0 2A3#0002EB29FFFD410D
(1790953705.627661) can0 2A4#0001245BFFFD49A2
(1790953705.627786) can0 2A5#000007BF000007CA
(1790953705.627915) can0 2A6#FFFFF84700000253
(1790953705.628044) can0 2A7#00004EADFFFFFD8E
(1790953705.632341) can0 2A1#0100010000000000
(1790953705.632433) can0 2A2#0000D606000008AE
(1790953705.632571) can0 2A3#0002EB29FFFD410D
(1790953705.632663) can0 2A4#0001245BFFFD49A2
(1790953705.632810) can0 2A5#000007BF000007CA
(1790953705.632907) can0 2A6#FFFFF84700000253
(1790953705.633061) can0 2A7#00004EADFFFFFD8E
(1790953705.637313) can0 2A1#0100010000000000
(1790953705.637432) can0 2A2#0000D606000008AE
(1790953705.637560) can0 2A3#0002EB29FFFD410D
(1790953705.637659) can0 2A4#0001245BFFFD49A2
(1790953705.637784) can0 2A5#000007BF000007CA
(1790953705.637909) can0 2A6#FFFFF84700000253
(1790953705.638033) can0 2A7#00004EADFFFFFD8E
(1790953705.642317) can0 2A1#0100010000000000
(1790953705.642434) can0 2A2#0000D606000008AE
(1790953705.642562) can0 2A3#0002EB29FFFD410D
(1790953705.642685) can0 2A4#0001245BFFFD49A2
(1790953705.642815) can0 2A5#000007BF000007CA
(1790953705.642908) can0 2A6#FFFFF84700000253
(1790953705.643033) can0 2A7#00004EADFFFFFD8E
(1790953705.647321) can0 2A1#0100010000000000
(1790953705.647412) can0 2A2#0000D606000008AE
(1790953705.647561) can0 2A3#0002EB29FFFD410D
(1790953705.647659) can0 2A4#0001245BFFFD49A2
(1790953705.647784) can0 2A5#000007BF000007CA
(1790953705.647911) can0 2A6#FFFFF84700000253
(1790953705.648036) can0 2A7#00004EADFFFFFD8E
(1790953705.652372) can0 2A1#0100010000000000
(1790953705.652459) can0 2A2#0000D606000008AE
(1790953705.652559) can0 2A3#0002EB29FFFD410D
(1790953705.652685) can0 2A4#0001245BFFFD49A2
(1790953705.652809) can0 2A5#000007BF000007CA
(1790953705.652936) can0 2A6#FFFFF84700000253
(1790953705.653058) can0 2A7#00004EADFFFFFD8E
(1790953705.657337) can0 2A1#0100010000000000
(1790953705.657407) can0 2A2#0000D606000008AE
(1790953705.657536) can0 2A3#0002EB29FFFD410D
(1790953705.657659) can0 2A4#0001245BFFFD49A2
(1790953705.657782) can0 2A5#000007BF000007CA
(1790953705.657910) can0 2A6#FFFFF84700000253
(1790953705.658036) can0 2A7#00004EADFFFFFD8E
(1790953705.662318) can0 2A1#0100010000000000
(1790953705.662430) can0 2A2#0000D606000008AE
(1790953705.662557) can0 2A3#0002EB29FFFD410D
(1790953705.662682) can0 2A4#0001245BFFFD49A2
(1790953705.662808) can0 2A5#000007BF000007CA
(1790953705.662932) can0 2A6#FFFFF84700000253
(1790953705.663055) can0 2A7#00004EADFFFFFD8E
(1790953705.667313) can0 2A1#0100010000000000
(1790953705.667433) can0 2A2#0000D606000008AE
(1790953705.667560) can0 2A3#0002EB29FFFD410D
(1790953705.667659) can0 2A4#0001245BFFFD49A2
(1790953705.667784) can0 2A5#000007BF000007CA
(1790953705.667909) can0 2A6#FFFFF84700000253
(1790953705.668035) can0 2A7#00004EADFFFFFD8E
(1790953705.672347) can0 2A1#0100010000000000
(1790953705.672460) can0 2A2#0000D606000008AE
(1790953705.672559) can0 2A3#0002EB29FFFD410D
(1790953705.672685) can0 2A4#0001245BFFFD49A2
(1790953705.672809) can0 2A5#000007BF000007CA
(1790953705.672908) can0 2A6#FFFFF84700000253
(1790953705.673034) can0 2A7#00004EADFFFFFD8E
(1790953705.677317) can0 2A1#0100010000000000
(1790953705.677434) can0 2A2#0000D606000008AE
(1790953705.677559) can0 2A3#0002EB29FFFD410D
(1790953705.677660) can0 2A4#0001245BFFFD49A2
(1790953705.677784) can0 2A5#000007BF000007CA
(1790953705.677910) can0 2A6#FFFFF84700000253
(1790953705.678035) can0 2A7#00004EADFFFFFD8E
(1790953705.682343) can0 2A1#0100010000000000
(1790953705.682461) can0 2A2#0000D606000008AE
(1790953705.682560) can0 2A3#0002EB29FFFD410D
(1790953705.682684) can0 2A4#0001245BFFFD49A2
(1790953705.682810) can0 2A5#000007BF000007CA
(1790953705.682908) can0 2A6#FFFFF84700000253
(1790953705.683035) can0 2A7#00004EADFFFFFD8E
(1790953705.687322) can0 2A1#0100010000000000
(1790953705.687433) can0 2A2#0000D606000008AE
(1790953705.687560) can0 2A3#0002EB29FFFD410D
(1790953705.687659) can0 2A4#0001245BFFFD49A2
(1790953705.687809) can0 2A5#000007BF000007CA
(1790953705.687935) can0 2A6#FFFFF84700000253
(1790953705.688060) can0 2A7#00004EADFFFFFD8E
(1790953705.692344) can0 2A1#0100010000000000
(1790953705.692458) can0 2A2#0000D606000008AE
(1790953705.692560) can0 2A3#0002EB29FFFD410D
(1790953705.692684) can0 2A4#0001245BFFFD49A2
(1790953705.692809) can0 2A5#000007BF000007CA
(1790953705.692932) can0 2A6#FFFFF84700000253
(1790953705.693033) can0 2A7#00004EADFFFFFD8E
(1790953705.697320) can0 2A1#0100010000000000
(1790953705.697436) can0 2A2#0000D606000008AE
(1790953705.697560) can0 2A3#0002EB29FFFD410D
(1790953705.697657) can0 2A4#0001245BFFFD49A2
(1790953705.697784) can0 2A5#000007BF000007CA
(1790953705.697910) can0 2A6#FFFFF84700000253
(1790953705.698033) can0 2A7#00004EADFFFFFD8E
(1790953705.702319) can0 2A1#0100010000000000
(1790953705.702433) can0 2A2#0000D606000008AE
(1790953705.702560) can0 2A3#0002EB29FFFD410D
(1790953705.702685) can0 2A4#0001245BFFFD49A2
(1790953705.702808) can0 2A5#000007BF000007CA
(1790953705.702912) can0 2A6#FFFFF84700000253
(1790953705.703033) can0 2A7#00004EADFFFFFD8E
(1790953705.707328) can0 2A1#0100010000000000
(1790953705.707434) can0 2A2#0000D606000008AE
(1790953705.707535) can0 2A3#0002EB29FFFD410D
(1790953705.707659) can0 2A4#0001245BFFFD49A2
(1790953705.707811) can0 2A5#000007BF000007CA
(1790953705.707910) can0 2A6#FFFFF84700000253
(1790953705.708035) can0 2A7#00004EADFFFFFD8E
(1790953705.712349) can0 2A1#0100010000000000
(1790953705.712458) can0 2A2#0000D606000008AE
(1790953705.712560) can0 2A3#0002EB29FFFD410D
(1790953705.712685) can0 2A4#0001245BFFFD49A2
(1790953705.712808) can0 2A5#000007BF000007CA
(1790953705.712910) can0 2A6#FFFFF84700000253
(1790953705.713035) can0 2A7#00004EADFFFFFD8E
(1790953705.717315) can0 2A1#0100010000000000
(1790953705.717435) can0 2A2#0000D606000008AE
(1790953705.717560) can0 2A3#0002EB29FFFD410D
(1790953705.717684) can0 2A4#0001245BFFFD49A2
(1790953705.717783) can0 2A5#000007BF000007CA
(1790953705.717909) can0 2A6#FFFFF84700000253
(1790953705.718033) can0 2A7#00004EADFFFFFD8E
(1790953705.722345) can0 2A1#0100010000000000
(1790953705.722439) can0 2A2#0000D606000008AE
(1790953705.722561) can0 2A3#0002EB29FFFD410D
(1790953705.722684) can0 2A4#0001245BFFFD49A2
(1790953705.722785) can0 2A5#000007BF000007CA
(1790953705.722908) can0 2A6#FFFFF84700000253
(1790953705.723060) can0 2A7#00004EADFFFFFD8E
(1790953705.727319) can0 2A1#0100010000000000
(1790953705.727433) can0 2A2#0000D606000008AE
(1790953705.727560) can0 2A3#0002EB29FFFD410D
(1790953705.727658) can0 2A4#0001245BFFFD49A2
(1790953705.727785) can0 2A5#000007BF000007CA
(1790953705.727910) can0 2A6#FFFFF84700000253
(1790953705.728036) can0 2A7#00004EADFFFFFD8E
(1790953705.732345) can0 2A1#0100010000000000
(1790953705.732461) can0 2A2#0000D606000008AE
(1790953705.732560) can0 2A3#0002EB29FFFD410D
(1790953705.732683) can0 2A4#0001245BFFFD49A2
(1790953705.732810) can0 2A5#000007BF000007CA
(1790953705.732910) can0 2A6#FFFFF84700000253
(1790953705.733035) can0 2A7#00004EADFFFFFD8E
(1790953705.737321) can0 2A1#0100010000000000
(1790953705.737435) can0 2A2#0000D606000008AE
(1790953705.737560) can0 2A3#0002EB29FFFD410D
(1790953705.737660) can0 2A4#0001245BFFFD49A2
(1790953705.737784) can0 2A5#000007BF000007CA
(1790953705.737908) can0 2A6#FFFFF84700000253
(1790953705.738034) can0 2A7#00004EADFFFFFD8E
(1790953705.742341) can0 2A1#0100010000000000
(1790953705.742460) can0 2A2#0000D606000008AE
(1790953705.742557) can0 2A3#0002EB29FFFD410D
(1790953705.742685) can0 2A4#0001245BFFFD49A2
(1790953705.742810) can0 2A5#000007BF000007CA
(1790953705.742909) can0 2A6#FFFFF84700000253
(1790953705.743034) can0 2A7#00004EADFFFFFD8E
(1790953705.747320) can0 2A1#0100010000000000
(1790953705.747434) can0 2A2#0000D606000008AE
(1790953705.747560) can0 2A3#0002EB29FFFD410D
(1790953705.747685) can0 2A4#0001245BFFFD49A2
(1790953705.747784) can0 2A5#000007BF000007CA
(1790953705.747909) can0 2A6#FFFFF84700000253
(1790953705.748033) can0 2A7#00004EADFFFFFD8E
(1790953705.752375) can0 2A1#0100010000000000
(1790953705.752433) can0 2A2#0000D606000008AE
(1790953705.752560) can0 2A3#0002EB29FFFD410D
(1790953705.752684) can0 2A4#0001245BFFFD49A2
(1790953705.752809) can0 2A5#000007BF000007CA
(1790953705.752935) can0 2A6#FFFFF84700000253
(1790953705.753059) can0 2A7#00004EADFFFFFD8E
(1790953705.757318) can0 2A1#0100010000000000
(1790953705.757432) can0 2A2#0000D606000008AE
(1790953705.757560) can0 2A3#0002EB29FFFD410D
(1790953705.757660) can0 2A4#0001245BFFFD49A2
(1790953705.757785) can0 2A5#000007BF000007CA
(1790953705.757910) can0 2A6#FFFFF84700000253
(1790953705.758035) can0 2A7#00004EADFFFFFD8E
(1790953705.762341) can0 2A1#0100010000000000
(1790953705.762433) can0 2A2#0000D606000008AE
(1790953705.762560) can0 2A3#0002EB29FFFD410D
(1790953705.762684) can0 2A4#0001245BFFFD49A2
(1790953705.762784) can0 2A5#000007BF000007CA
(1790953705.762910) can0 2A6#FFFFF84700000253
(1790953705.763060) can0 2A7#00004EADFFFFFD8E
(1790953705.767313) can0 2A1#0100010000000000
(1790953705.767432) can0 2A2#0000D606000008AE
(1790953705.767560) can0 2A3#0002EB29FFFD410D
(1790953705.767658) can0 2A4#0001245BFFFD49A2
(1790953705.767784) can0 2A5#000007BF000007CA
(1790953705.767908) can0 2A6#FFFFF84700000253
(1790953705.768035) can0 2A7#00004EADFFFFFD8E
(1790953705.772337) can0 2A1#0100010000000000
(1790953705.772439) can0 2A2#0000D606000008AE
(1790953705.772559) can0 2A3#0002EB29FFFD410D
(1790953705.772683) can0 2A4#0001245BFFFD49A2
(1790953705.772807) can0 2A5#000007BF000007CA
(1790953705.772934) can0 2A6#FFFFF84700000253
(1790953705.773057) can0 2A7#00004EADFFFFFD8E
(1790953705.777313) can0 2A1#0100010000000000
(1790953705.777435) can0 2A2#0000D606000008AE
(1790953705.777534) can0 2A3#0002EB29FFFD410D
(1790953705.777685) can0 2A4#0001245BFFFD49A2
(1790953705.777809) can0 2A5#000007BF000007CA
(1790953705.777907) can0 2A6#FFFFF84700000253
(1790953705.778034) can0 2A7#00004EADFFFFFD8E
(1790953705.782344) can0 2A1#0100010000000000
(1790953705.782433) can0 2A2#0000D606000008AE
(1790953705.782559) can0 2A3#0002EB29FFFD410D
(1790953705.782685) can0 2A4#0001245BFFFD49A2
(1790953705.782809) can0 2A5#000007BF000007CA
(1790953705.782932) can0 2A6#FFFFF84700000253
(1790953705.783033) can0 2A7#00004EADFFFFFD8E
(1790953705.787317) can0 2A1#0100010000000000
(1790953705.787435) can0 2A2#0000D606000008AE
(1790953705.787560) can0 2A3#0002EB29FFFD410D
(1790953705.787658) can0 2A4#0001245BFFFD49A2
(1790953705.787784) can0 2A5#000007BF000007CA
(1790953705.787907) can0 2A6#FFFFF84700000253
(1790953705.788034) can0 2A7#00004EADFFFFFD8E
(1790953705.792340) can0 2A1#0100010000000000
(1790953705.792437) can0 2A2#0000D606000008AE
(1790953705.792559) can0 2A3#0002EB29FFFD410D
(1790953705.792684) can0 2A4#0001245BFFFD49A2
(1790953705.792807) can0 2A5#000007BF000007CA
(1790953705.792909) can0 2A6#FFFFF84700000253
(1790953705.793034) can0 2A7#00004EADFFFFFD8E
(1790953705.797312) can0 2A1#0100010000000000
(1790953705.797432) can0 2A2#0000D606000008AE
(1790953705.797559) can0 2A3#0002EB29FFFD410D
(1790953705.797657) can0 2A4#0001245BFFFD49A2
(1790953705.797782) can0 2A5#000007BF000007CA
(1790953705.797907) can0 2A6#FFFFF84700000253
(1790953705.798032) can0 2A7#00004EADFFFFFD8E
(1790953705.802336) can0 2A1#0100010000000000
(1790953705.802440) can0 2A2#0000D606000008AE
(1790953705.802558) can0 2A3#0002EB29FFFD410D
(1790953705.802682) can0 2A4#0001245BFFFD49A2
(1790953705.802808) can0 2A5#000007BF000007CA
(1790953705.802932) can0 2A6#FFFFF84700000253
(1790953705.803057) can0 2A7#00004EADFFFFFD8E
(1790953705.807312) can0 2A1#0100010000000000
(1790953705.807432) can0 2A2#0000D606000008AE
(1790953705.807558) can0 2A3#0002EB29FFFD410D
(1790953705.807682) can0 2A4#0001245BFFFD49A2
(1790953705.807789) can0 2A5#000007BF000007CA
(1790953705.807907) can0 2A6#FFFFF84700000253
(1790953705.808032) can0 2A7#00004EADFFFFFD8E
(1790953705.812314) can0 2A1#0100010000000000
(1790953705.812432) can0 2A2#0000D606000008AE
(1790953705.812557) can0 2A3#0002EB29FFFD410D
(1790953705.812682) can0 2A4#0001245BFFFD49A2
(1790953705.812807) can0 2A5#000007BF000007CA
(1790953705.812932) can0 2A6#FFFFF84700000253
(1790953705.813032) can0 2A7#00004EADFFFFFD8E
(1790953705.817313) can0 2A1#0100010000000000
(1790953705.817433) can0 2A2#0000D606000008AE
(1790953705.817557) can0 2A3#0002EB29FFFD410D
(1790953705.817657) can0 2A4#0001245BFFFD49A2
(1790953705.817782) can0 2A5#000007BF000007CA
(1790953705.817907) can0 2A6#FFFFF84700000253
(1790953705.818032) can0 2A7#00004EADFFFFFD8E
(1790953705.822337) can0 2A1#0100010000000000
(1790953705.822438) can0 2A2#0000D606000008AE
(1790953705.822557) can0 2A3#0002EB29FFFD410D
(1790953705.822682) can0 2A4#0001245BFFFD49A2
(1790953705.822807) can0 2A5#000007BF000007CA
(1790953705.822932) can0 2A6#FFFFF84700000253
(1790953705.823033) can0 2A7#00004EADFFFFFD8E
(1790953705.827309) can0 2A1#0100010000000000
(1790953705.827432) can0 2A2#0000D606000008AE
(1790953705.827557) can0 2A3#0002EB29FFFD410D
(1790953705.827657) can0 2A4#0001245BFFFD49A2
(1790953705.827782) can0 2A5#000007BF000007CA
(1790953705.827907) can0 2A6#FFFFF84700000253
(1790953705.828032) can0 2A7#00004EADFFFFFD8E
(1790953705.832341) can0 2A1#0100010000000000
(1790953705.832458) can0 2A2#0000D606000008AE
(1790953705.832557) can0 2A3#0002EB29FFFD410D
(1790953705.832682) can0 2A4#0001245BFFFD49A2
(1790953705.832807) can0 2A5#000007BF000007CA
(1790953705.832932) can0 2A6#FFFFF84700000253
(1790953705.833057) can0 2A7#00004EADFFFFFD8E
(1790953705.837312) can0 2A1#0100010000000000
(1790953705.837434) can0 2A2#0000D606000008AE
(1790953705.837558) can0 2A3#0002EB29FFFD410D
(1790953705.837682) can0 2A4#0001245BFFFD49A2
(1790953705.837782) can0 2A5#000007BF000007CA
(1790953705.837907) can0 2A6#FFFFF84700000253
(1790953705.838032) can0 2A7#00004EADFFFFFD8E
(1790953705.842312) can0 2A1#0100010000000000
(1790953705.842432) can0 2A2#0000D606000008AE
(1790953705.842559) can0 2A3#0002EB29FFFD410D
(1790953705.842682) can0 2A4#0001245BFFFD49A2
(1790953705.842809) can0 2A5#000007BF000007CA
(1790953705.842933) can0 2A6#FFFFF84700000253
(1790953705.843032) can0 2A7#00004EADFFFFFD8E
(1790953705.847312) can0 2A1#0100010000000000
(1790953705.847432) can0 2A2#0000D606000008AE
(1790953705.847558) can0 2A3#0002EB29FFFD410D
(1790953705.847682) can0 2A4#0001245BFFFD49A2
(1790953705.847782) can0 2A5#000007BF000007CA
(1790953705.847907) can0 2A6#FFFFF84700000253
(1790953705.848032) can0 2A7#00004EADFFFFFD8E
(1790953705.852312) can0 2A1#0100010000000000
(1790953705.852432) can0 2A2#0000D606000008AE
(1790953705.852560) can0 2A3#0002EB29FFFD410D
(1790953705.852682) can0 2A4#0001245BFFFD49A2
(1790953705.852807) can0 2A5#000007BF000007CA
(1790953705.852933) can0 2A6#FFFFF84700000253
(1790953705.853033) can0 2A7#00004EADFFFFFD8E
(1790953705.857313) can0 2A1#0100010000000000
(1790953705.857432) can0 2A2#0000D606000008AE
(1790953705.857533) can0 2A3#0002EB29FFFD410D
(1790953705.857683) can0 2A4#0001245BFFFD49A2
(1790953705.857788) can0 2A5#000007BF000007CA
(1790953705.857907) can0 2A6#FFFFF84700000253
(1790953705.858032) can0 2A7#00004EADFFFFFD8E
(1790953705.862313) can0 2A1#0100010000000000
(1790953705.862432) can0 2A2#0000D606000008AE
(1790953705.862559) can0 2A3#0002EB29FFFD410D
(1790953705.862682) can0 2A4#0001245BFFFD49A2
(1790953705.862807) can0 2A5#000007BF000007CA
(1790953705.862932) can0 2A6#FFFFF84700000253
(1790953705.863033) can0 2A7#00004EADFFFFFD8E
(1790953705.867315) can0 2A1#0100010000000000
(1790953705.867442) can0 2A2#0000D606000008AE
(1790953705.867558) can0 2A3#0002EB29FFFD410D
(1790953705.867658) can0 2A4#0001245BFFFD49A2
(1790953705.867782) can0 2A5#000007BF000007CA
(1790953705.867908) can0 2A6#FFFFF84700000253
(1790953705.868032) can0 2A7#00004EADFFFFFD8E
(1790953705.872340) can0 2A1#0100010000000000
(1790953705.872436) can0 2A2#0000D606000008AE
(1790953705.872557) can0 2A3#0002EB29FFFD410D
(1790953705.872682) can0 2A4#0001245BFFFD49A2
(1790953705.872807) can0 2A5#000007BF000007CA
(1790953705.872932) can0 2A6#FFFFF84700000253
(1790953705.873057) can0 2A7#00004EADFFFFFD8E
(1790953705.877321) can0 2A1#0100010000000000
(1790953705.877433) can0 2A2#0000D606000008AE
(1790953705.877557) can0 2A3#0002EB29FFFD410D
(1790953705.877657) can0 2A4#0001245BFFFD49A2
(1790953705.877782) can0 2A5#000007BF000007CA
(1790953705.877907) can0 2A6#FFFFF84700000253
(1790953705.878039) can0 2A7#00004EADFFFFFD8E
(1790953705.882343) can0 2A1#0100010000000000
(1790953705.882458) can0 2A2#0000D606000008AE
(1790953705.882559) can0 2A3#0002EB29FFFD410D
(1790953705.882682) can0 2A4#0001245BFFFD49A2
(1790953705.882807) can0 2A5#000007BF000007CA
(1790953705.882907) can0 2A6#FFFFF84700000253
(1790953705.883032) can0 2A7#00004EADFFFFFD8E
(1790953705.887329) can0 2A1#0100010000000000
(1790953705.887433) can0 2A2#0000D606000008AE
(1790953705.887557) can0 2A3#0002EB29FFFD410D
(1790953705.887657) can0 2A4#0001245BFFFD49A2
(1790953705.887782) can0 2A5#000007BF000007CA
(1790953705.887909) can0 2A6#FFFFF84700000253
(1790953705.888033) can0 2A7#00004EADFFFFFD8E
(1790953705.892343) can0 2A1#0100010000000000
(1790953705.892440) can0 2A2#0000D606000008AE
(1790953705.892558) can0 2A3#0002EB29FFFD410D
(1790953705.892683) can0 2A4#0001245BFFFD49A2
(1790953705.892807) can0 2A5#000007BF000007CA
(1790953705.892932) can0 2A6#FFFFF84700000253
(1790953705.893058) can0 2A7#00004EADFFFFFD8E
(1790953705.897313) can0 2A1#0100010000000000
(1790953705.897432) can0 2A2#0000D606000008AE
(1790953705.897558) can0 2A3#0002EB29FFFD410D
(1790953705.897658) can0 2A4#0001245BFFFD49A2
(1790953705.897782) can0 2A5#000007BF000007CA
(1790953705.897908) can0 2A6#FFFFF84700000253
(1790953705.898032) can0 2A7#00004EADFFFFFD8E
(1790953705.902369) can0 2A1#0100010000000000
(1790953705.902434) can0 2A2#0000D606000008AE
(1790953705.902561) can0 2A3#0002EB29FFFD410D
(1790953705.902685) can0 2A4#0001245BFFFD49A2
(1790953705.902810) can0 2A5#000007BF000007CA
(1790953705.902935) can0 2A6#FFFFF84700000253
(1790953705.903060) can0 2A7#00004EADFFFFFD8E
(1790953705.907311) can0 2A1#0100010000000000
(1790953705.907437) can0 2A2#0000D606000008AE
(1790953705.907561) can0 2A3#0002EB29FFFD410D
(1790953705.907684) can0 2A4#0001245BFFFD49A2
(1790953705.907784) can0 2A5#000007BF000007CA
(1790953705.907909) can0 2A6#FFFFF84700000253
(1790953705.908034) can0 2A7#00004EADFFFFFD8E
(1790953705.912341) can0 2A1#0100010000000000
(1790953705.912459) can0 2A2#0000D606000008AE
(1790953705.912558) can0 2A3#0002EB29FFFD410D
(1790953705.912684) can0 2A4#0001245BFFFD49A2
(1790953705.912784) can0 2A5#000007BF000007CA
(1790953705.912937) can0 2A6#FFFFF84700000253
(1790953705.913060) can0 2A7#00004EADFFFFFD8E
(1790953705.917313) can0 2A1#0100010000000000
(1790953705.917432) can0 2A2#0000D606000008AE
(1790953705.917559) can0 2A3#0002EB29FFFD410D
(1790953705.917658) can0 2A4#0001245BFFFD49A2
(1790953705.917783) can0 2A5#000007BF000007CA
(1790953705.917908) can0 2A6#FFFFF84700000253
(1790953705.918033) can0 2A7#00004EADFFFFFD8E
(1790953705.922338) can0 2A1#0100010000000000
(1790953705.922435) can0 2A2#0000D606000008AE
(1790953705.922559) can0 2A3#0002EB29FFFD410D
(1790953705.922684) can0 2A4#0001245BFFFD49A2
(1790953705.922808) can0 2A5#000007BF000007CA
(1790953705.922934) can0 2A6#FFFFF84700000253
(1790953705.923059) can0 2A7#00004EADFFFFFD8E
(1790953705.927312) can0 2A1#0100010000000000
(1790953705.927431) can0 2A2#0000D606000008AE
(1790953705.927557) can0 2A3#0002EB29FFFD410D
(1790953705.927683) can0 2A4#0001245BFFFD49A2
(1790953705.927784) can0 2A5#000007BF000007CA
(1790953705.927909) can0 2A6#FFFFF84700000253
(1790953705.928033) can0 2A7#00004EADFFFFFD8E
(1790953705.932315) can0 2A1#0100010000000000
(1790953705.932432) can0 2A2#0000D606000008AE
(1790953705.932557) can0 2A3#0002EB29FFFD410D
(1790953705.932684) can0 2A4#0001245BFFFD49A2
(1790953705.932809) can0 2A5#000007BF000007CA
(1790953705.932908) can0 2A6#FFFFF84700000253
(1790953705.933033) can0 2A7#00004EADFFFFFD8E
(1790953705.937315) can0 2A1#0100010000000000
(1790953705.937432) can0 2A2#0000D606000008AE
(1790953705.937559) can0 2A3#0002EB29FFFD410D
(1790953705.937657) can0 2A4#0001245BFFFD49A2
(1790953705.937784) can0 2A5#000007BF000007CA
(1790953705.937907) can0 2A6#FFFFF84700000253
(1790953705.938034) can0 2A7#00004EADFFFFFD8E
(1790953705.942337) can0 2A1#0100010000000000
(1790953705.942438) can0 2A2#0000D606000008AE
(1790953705.942558) can0 2A3#0002EB29FFFD410D
(1790953705.942682) can0 2A4#0001245BFFFD49A2
(1790953705.942783) can0 2A5#000007BF000007CA
(1790953705.942932) can0 2A6#FFFFF84700000253
(1790953705.943033) can0 2A7#00004EADFFFFFD8E
(1790953705.947311) can0 2A1#0100010000000000
(1790953705.947432) can0 2A2#0000D606000008AE
(1790953705.947557) can0 2A3#0002EB29FFFD410D
(1790953705.947683) can0 2A4#0001245BFFFD49A2
(1790953705.947782) can0 2A5#000007BF000007CA
(1790953705.947907) can0 2A6#FFFFF84700000253
(1790953705.948033) can0 2A7#00004EADFFFFFD8E
(1790953705.952339) can0 2A1#0100010000000000
(1790953705.952432) can0 2A2#0000D606000008AE
(1790953705.952557) can0 2A3#0002EB29FFFD410D
(1790953705.952682) can0 2A4#0001245BFFFD49A2
(1790953705.952813) can0 2A5#000007BF000007CA
(1790953705.952932) can0 2A6#FFFFF84700000253
(1790953705.953058) can0 2A7#00004EADFFFFFD8E
(1790953705.957331) can0 2A1#0100010000000000
(1790953705.957435) can0 2A2#0000D606000008AE
(1790953705.957560) can0 2A3#0002EB29FFFD410D
(1790953705.957660) can0 2A4#0001245BFFFD49A2
(1790953705.957785) can0 2A5#000007BF000007CA
(1790953705.957909) can0 2A6#FFFFF84700000253
(1790953705.958036) can0 2A7#00004EADFFFFFD8E
(1790953705.962348) can0 2A1#0100010000000000
(1790953705.962458) can0 2A2#0000D606000008AE
(1790953705.962559) can0 2A3#0002EB29FFFD410D
(1790953705.962688) can0 2A4#0001245BFFFD49A2
(1790953705.962810) can0 2A5#000007BF000007CA
(1790953705.962911) can0 2A6#FFFFF84700000253
(1790953705.963035) can0 2A7#00004EADFFFFFD8E
(1790953705.967314) can0 2A1#0100010000000000
(1790953705.967432) can0 2A2#0000D606000008AE
(1790953705.967560) can0 2A3#0002EB29FFFD410D
(1790953705.967657) can0 2A4#0001245BFFFD49A2
(1790953705.967785) can0 2A5#000007BF000007CA
(1790953705.967909) can0 2A6#FFFFF84700000253
(1790953705.968032) can0 2A7#00004EADFFFFFD8E
(1790953705.972315) can0 2A1#0100010000000000
(1790953705.972432) can0 2A2#0000D606000008AE
(1790953705.972559) can0 2A3#0002EB29FFFD410D
(1790953705.972682) can0 2A4#0001245BFFFD49A2
(1790953705.972809) can0 2A5#000007BF000007CA
(1790953705.972934) can0 2A6#FFFFF84700000253
(1790953705.973034) can0 2A7#00004EADFFFFFD8E
(1790953705.977324) can0 2A1#0100010000000000
(1790953705.977432) can0 2A2#0000D606000008AE
(1790953705.977559) can0 2A3#0002EB29FFFD410D
(1790953705.977658) can0 2A4#0001245BFFFD49A2
(1790953705.977784) can0 2A5#000007BF000007CA
(1790953705.977909) can0 2A6#FFFFF84700000253
(1790953705.978034) can0 2A7#00004EADFFFFFD8E
(1790953705.982343) can0 2A1#0100010000000000
(1790953705.982459) can0 2A2#0000D606000008AE
(1790953705.982560) can0 2A3#0002EB29FFFD410D
(1790953705.982683) can0 2A4#0001245BFFFD49A2
(1790953705.982809) can0 2A5#000007BF000007CA
(1790953705.982909) can0 2A6#FFFFF84700000253
(1790953705.983034) can0 2A7#00004EADFFFFFD8E
(1790953705.987315) can0 2A1#0100010000000000
(1790953705.987432) can0 2A2#0000D606000008AE
(1790953705.987559) can0 2A3#0002EB29FFFD410D
(1790953705.987659) can0 2A4#0001245BFFFD49A2
(1790953705.987782) can0 2A5#000007BF000007CA
(1790953705.987907) can0 2A6#FFFFF84700000253
(1790953705.988034) can0 2A7#00004EADFFFFFD8E
(1790953705.992362) can0 2A1#0100010000000000
(1790953705.992458) can0 2A2#0000D606000008AE
(1790953705.992559) can0 2A3#0002EB29FFFD410D
(1790953705.992682) can0 2A4#0001245BFFFD49A2
(1790953705.992807) can0 2A5#000007BF000007CA
(1790953705.992909) can0 2A6#FFFFF84700000253
(1790953705.993034) can0 2A7#00004EADFFFFFD8E
(1790953705.997313) can0 2A1#0100010000000000
(1790953705.997432) can0 2A2#0000D606000008AE
(1790953705.997559) can0 2A3#0002EB29FFFD410D
(1790953705.997684) can0 2A4#0001245BFFFD49A2
(1790953705.997782) can0 2A5#000007BF000007CA
(1790953705.997910) can0 2A6#FFFFF84700000253
(1790953705.998034) can0 2A7#00004EADFFFFFD8E
(1790953706.002313) can0 2A1#0100010000000000
(1790953706.002432) can0 2A2#0000D606000008AE
(1790953706.002608) can0 2A3#0002EB29FFFD410D
(1790953706.002707) can0 2A4#0001245BFFFD49A2
(1790953706.002807) can0 2A5#000007BF000007CA
(1790953706.002933) can0 2A6#FFFFF84700000253
(1790953706.003034) can0 2A7#00004EADFFFFFD8E
(1790953706.007308) can0 2A1#0100010000000000
(1790953706.007433) can0 2A2#0000D606000008AE
(1790953706.007559) can0 2A3#0002EB29FFFD410D
(1790953706.007659) can0 2A4#0001245BFFFD49A2
(1790953706.007796) can0 2A5#000007BF000007CA
(1790953706.007911) can0 2A6#FFFFF84700000253
(1790953706.008032) can0 2A7#00004EADFFFFFD8E
(1790953706.012337) can0 2A1#0100010000000000
(1790953706.012460) can0 2A2#0000D606000008AE
(1790953706.012559) can0 2A3#0002EB29FFFD410D
(1790953706.012684) can0 2A4#0001245BFFFD49A2
(1790953706.012783) can0 2A5#000007BF000007CA
(1790953706.012932) can0 2A6#FFFFF84700000253
(1790953706.013059) can0 2A7#00004EADFFFFFD8E
(1790953706.017312) can0 2A1#0100010000000000
(1790953706.017431) can0 2A2#0000D606000008AE
(1790953706.017558) can0 2A3#0002EB29FFFD410D
(1790953706.017657) can0 2A4#0001245BFFFD49A2
(1790953706.017782) can0 2A5#000007BF000007CA
(1790953706.017909) can0 2A6#FFFFF84700000253
(1790953706.018032) can0 2A7#00004EADFFFFFD8E
(1790953706.022337) can0 2A1#0100010000000000
(1790953706.022434) can0 2A2#0000D606000008AE
(1790953706.022559) can0 2A3#0002EB29FFFD410D
(1790953706.022683) can0 2A4#0001245BFFFD49A2
(1790953706.022808) can0 2A5#000007BF000007CA
(1790953706.022935) can0 2A6#FFFFF84700000253
(1790953706.023058) can0 2A7#00004EADFFFFFD8E
(1790953706.027312) can0 2A1#0100010000000000
(1790953706.027436) can0 2A2#0000D606000008AE
(1790953706.027559) can0 2A3#0002EB29FFFD410D
(1790953706.027657) can0 2A4#0001245BFFFD49A2
(1790953706.027783) can0 2A5#000007BF000007CA
(1790953706.027909) can0 2A6#FFFFF84700000253
(1790953706.028034) can0 2A7#00004EADFFFFFD8E
(1790953706.032351) can0 2A1#0100010000000000
(1790953706.032433) can0 2A2#0000D606000008AE
(1790953706.032559) can0 2A3#0002EB29FFFD410D
(1790953706.032683) can0 2A4#0001245BFFFD49A2
(1790953706.032807) can0 2A5#000007BF000007CA
(1790953706.032934) can0 2A6#FFFFF84700000253
(1790953706.033059) can0 2A7#00004EADFFFFFD8E
(1790953706.037313) can0 2A1#0100010000000000
(1790953706.037431) can0 2A2#0000D606000008AE
(1790953706.037558) can0 2A3#0002EB29FFFD410D
(1790953706.037658) can0 2A4#0001245BFFFD49A2
(1790953706.037783) can0 2A5#000007BF000007CA
(1790953706.037908) can0 2A6#FFFFF84700000253
(1790953706.038033) can0 2A7#00004EADFFFFFD8E
(1790953706.042354) can0 2A1#0100010000000000
(1790953706.042461) can0 2A2#0000D606000008AE
(1790953706.042559) can0 2A3#0002EB29FFFD410D
(1790953706.042684) can0 2A4#0001245BFFFD49A2
(1790953706.042783) can0 2A5#000007BF000007CA
(1790953706.042934) can0 2A6#FFFFF84700000253
(1790953706.043034) can0 2A7#00004EADFFFFFD8E
(1790953706.047320) can0 2A1#0100010000000000
(1790953706.047432) can0 2A2#0000D606000008AE
(1790953706.047559) can0 2A3#0002EB29FFFD410D
(1790953706.047658) can0 2A4#0001245BFFFD49A2
(1790953706.047783) can0 2A5#000007BF000007CA
(1790953706.047908) can0 2A6#FFFFF84700000253
(1790953706.048034) can0 2A7#00004EADFFFFFD8E
(1790953706.052344) can0 2A1#0100010000000000
(1790953706.052462) can0 2A2#0000D606000008AE
(1790953706.052558) can0 2A3#0002EB29FFFD410D
(1790953706.052683) can0 2A4#0001245BFFFD49A2
(1790953706.052808) can0 2A5#000007BF000007CA
(1790953706.052908) can0 2A6#FFFFF84700000253
(1790953706.053057) can0 2A7#00004EADFFFFFD8E
(1790953706.057311) can0 2A1#0100010000000000
(1790953706.057435) can0 2A2#0000D606000008AE
(1790953706.057559) can0 2A3#0002EB29FFFD410D
(1790953706.057684) can0 2A4#0001245BFFFD49A2
(1790953706.057809) can0 2A5#000007BF000007CA
(1790953706.057933) can0 2A6#FFFFF84700000253
(1790953706.058034) can0 2A7#00004EADFFFFFD8E
(1790953706.062364) can0 2A1#0100010000000000
(1790953706.062458) can0 2A2#0000D606000008AE
(1790953706.062560) can0 2A3#0002EB29FFFD410D
(1790953706.062684) can0 2A4#0001245BFFFD49A2
(1790953706.062809) can0 2A5#000007BF000007CA
(1790953706.062934) can0 2A6#FFFFF84700000253
(1790953706.063035) can0 2A7#00004EADFFFFFD8E
(1790953706.067313) can0 2A1#0100010000000000
(1790953706.067432) can0 2A2#0000D606000008AE
(1790953706.067558) can0 2A3#0002EB29FFFD410D
(1790953706.067684) can0 2A4#0001245BFFFD49A2
(1790953706.067783) can0 2A5#000007BF000007CA
(1790953706.067908) can0 2A6#FFFFF84700000253
(1790953706.068033) can0 2A7#00004EADFFFFFD8E
(1790953706.072318) can0 2A1#0100010000000000
(1790953706.072432) can0 2A2#0000D606000008AE
(1790953706.072559) can0 2A3#0002EB29FFFD410D
(1790953706.072683) can0 2A4#0001245BFFFD49A2
(1790953706.072808) can0 2A5#000007BF000007CA
(1790953706.072934) can0 2A6#FFFFF84700000253
(1790953706.073033) can0 2A7#00004EADFFFFFD8E
(1790953706.077317) can0 2A1#0100010000000000
(1790953706.077432) can0 2A2#0000D606000008AE
(1790953706.077559) can0 2A3#0002EB29FFFD410D
(1790953706.077659) can0 2A4#0001245BFFFD49A2
(1790953706.077784) can0 2A5#000007BF000007CA
(1790953706.077907) can0 2A6#FFFFF84700000253
(1790953706.078033) can0 2A7#00004EADFFFFFD8E
(1790953706.082336) can0 2A1#0100010000000000
(1790953706.082457) can0 2A2#0000D606000008AE
(1790953706.082558) can0 2A3#0002EB29FFFD410D
(1790953706.082684) can0 2A4#0001245BFFFD49A2
(1790953706.082808) can0 2A5#000007BF000007CA
(1790953706.082911) can0 2A6#FFFFF84700000253
(1790953706.083034) can0 2A7#00004EADFFFFFD8E
(1790953706.087312) can0 2A1#0100010000000000
(1790953706.087431) can0 2A2#0000D606000008AE
(1790953706.087559) can0 2A3#0002EB29FFFD410D
(1790953706.087658) can0 2A4#0001245BFFFD49A2
(1790953706.087784) can0 2A5#000007BF000007CA
(1790953706.087909) can0 2A6#FFFFF84700000253
(1790953706.088034) can0 2A7#00004EADFFFFFD8E
(1790953706.092344) can0 2A1#0100010000000000
(1790953706.092432) can0 2A2#0000D606000008AE
(1790953706.092559) can0 2A3#0002EB29FFFD410D
(1790953706.092683) can0 2A4#0001245BFFFD49A2
(1790953706.092808) can0 2A5#000007BF000007CA
(1790953706.092933) can0 2A6#FFFFF84700000253
(1790953706.093032) can0 2A7#00004EADFFFFFD8E
(1790953706.097312) can0 2A1#0100010000000000
(1790953706.097435) can0 2A2#0000D606000008AE
(1790953706.097558) can0 2A3#0002EB29FFFD410D
(1790953706.097657) can0 2A4#0001245BFFFD49A2
(1790953706.097808) can0 2A5#000007BF000007CA
(1790953706.097909) can0 2A6#FFFFF84700000253
(1790953706.098033) can0 2A7#00004EADFFFFFD8E
(1790953706.102337) can0 2A1#0100010000000000
(1790953706.102457) can0 2A2#0000D606000008AE
(1790953706.102558) can0 2A3#0002EB29FFFD410D
(1790953706.102682) can0 2A4#0001245BFFFD49A2
(1790953706.102807) can0 2A5#000007BF000007CA
(1790953706.102933) can0 2A6#FFFFF84700000253
(1790953706.103032) can0 2A7#00004EADFFFFFD8E
(1790953706.107311) can0 2A1#0100010000000000
(1790953706.107434) can0 2A2#0000D606000008AE
(1790953706.107558) can0 2A3#0002EB29FFFD410D
(1790953706.107685) can0 2A4#0001245BFFFD49A2
(1790953706.107810) can0 2A5#000007BF000007CA
(1790953706.107909) can0 2A6#FFFFF84700000253
(1790953706.108034) can0 2A7#00004EADFFFFFD8E
(1790953706.112336) can0 2A1#0100010000000000
(1790953706.112432) can0 2A2#0000D606000008AE
(1790953706.112559) can0 2A3#0002EB29FFFD410D
(1790953706.112683) can0 2A4#0001245BFFFD49A2
(1790953706.112808) can0 2A5#000007BF000007CA
(1790953706.112934) can0 2A6#FFFFF84700000253
(1790953706.113059) can0 2A7#00004EADFFFFFD8E
(1790953706.117312) can0 2A1#0100010000000000
(1790953706.117432) can0 2A2#0000D606000008AE
(1790953706.117558) can0 2A3#0002EB29FFFD410D
(1790953706.117683) can0 2A4#0001245BFFFD49A2
(1790953706.117784) can0 2A5#000007BF000007CA
(1790953706.117913) can0 2A6#FFFFF84700000253
(1790953706.118034) can0 2A7#00004EADFFFFFD8E
(1790953706.122338) can0 2A1#0100010000000000
(1790953706.122438) can0 2A2#0000D606000008AE
(1790953706.122559) can0 2A3#0002EB29FFFD410D
(1790953706.122683) can0 2A4#0001245BFFFD49A2
(1790953706.122809) can0 2A5#000007BF000007CA
(1790953706.122933) can0 2A6#FFFFF84700000253
(1790953706.123059) can0 2A7#00004EADFFFFFD8E
(1790953706.127323) can0 2A1#0100010000000000
(1790953706.127433) can0 2A2#0000D606000008AE
(1790953706.127534) can0 2A3#0002EB29FFFD410D
(1790953706.127684) can0 2A4#0001245BFFFD49A2
(1790953706.127809) can0 2A5#000007BF000007CA
(1790953706.127909) can0 2A6#FFFFF84700000253
(1790953706.128034) can0 2A7#00004EADFFFFFD8E
(1790953706.132344) can0 2A1#0100010000000000
(1790953706.132458) can0 2A2#0000D606000008AE
(1790953706.132559) can0 2A3#0002EB29FFFD410D
(1790953706.132684) can0 2A4#0001245BFFFD49A2
(1790953706.132808) can0 2A5#000007BF000007CA
(1790953706.132908) can0 2A6#FFFFF84700000253
(1790953706.133059) can0 2A7#00004EADFFFFFD8E
(1790953706.137315) can0 2A1#0100010000000000
(1790953706.137435) can0 2A2#0000D606000008AE
(1790953706.137559) can0 2A3#0002EB29FFFD410D
(1790953706.137684) can0 2A4#0001245BFFFD49A2
(1790953706.137783) can0 2A5#000007BF000007CA
(1790953706.137910) can0 2A6#FFFFF84700000253
(1790953706.138034) can0 2A7#00004EADFFFFFD8E
(1790953706.142354) can0 2A1#0100010000000000
(1790953706.142463) can0 2A2#0000D606000008AE
(1790953706.142564) can0 2A3#0002EB29FFFD410D
(1790953706.142685) can0 2A4#0001245BFFFD49A2
(1790953706.142811) can0 2A5#000007BF000007CA
(1790953706.142938) can0 2A6#FFFFF84700000253
(1790953706.143062) can0 2A7#00004EADFFFFFD8E
(1790953706.147320) can0 2A1#0100010000000000
(1790953706.147434) can0 2A2#0000D606000008AE
(1790953706.147561) can0 2A3#0002EB29FFFD410D
(1790953706.147660) can0 2A4#0001245BFFFD49A2
(1790953706.147785) can0 2A5#000007BF000007CA
(1790953706.147910) can0 2A6#FFFFF84700000253
(1790953706.148036) can0 2A7#00004EADFFFFFD8E
(1790953706.152361) can0 2A1#0100010000000000
(1790953706.152434) can0 2A2#0000D606000008AE
(1790953706.152609) can0 2A3#0002EB29FFFD410D
(1790953706.152708) can0 2A4#0001245BFFFD49A2
(1790953706.152810) can0 2A5#000007BF000007CA
(1790953706.152933) can0 2A6#FFFFF84700000253
(1790953706.153058) can0 2A7#00004EADFFFFFD8E
(1790953706.157310) can0 2A1#0100010000000000
(1790953706.157435) can0 2A2#0000D606000008AE
(1790953706.157559) can0 2A3#0002EB29FFFD410D
(1790953706.157685) can0 2A4#0001245BFFFD49A2
(1790953706.157812) can0 2A5#000007BF000007CA
(1790953706.157910) can0 2A6#FFFFF84700000253
(1790953706.158035) can0 2A7#00004EADFFFFFD8E
(1790953706.162360) can0 2A1#0100010000000000
(1790953706.162457) can0 2A2#0000D606000008AE
(1790953706.162560) can0 2A3#0002EB29FFFD410D
(1790953706.162685) can0 2A4#0001245BFFFD49A2
(1790953706.162809) can0 2A5#000007BF000007CA
(1790953706.162909) can0 2A6#FFFFF84700000253
(1790953706.163059) can0 2A7#00004EADFFFFFD8E
(1790953706.167313) can0 2A1#0100010000000000
(1790953706.167432) can0 2A2#0000D606000008AE
(1790953706.167559) can0 2A3#0002EB29FFFD410D
(1790953706.167659) can0 2A4#0001245BFFFD49A2
(1790953706.167784) can0 2A5#000007BF000007CA
(1790953706.167909) can0 2A6#FFFFF84700000253
(1790953706.168034) can0 2A7#00004EADFFFFFD8E
(1790953706.172342) can0 2A1#0100010000000000
(1790953706.172459) can0 2A2#0000D606000008AE
(1790953706.172559) can0 2A3#0002EB29FFFD410D
(1790953706.172684) can0 2A4#0001245BFFFD49A2
(1790953706.172809) can0 2A5#000007BF000007CA
(1790953706.172909) can0 2A6#FFFFF84700000253
(1790953706.173060) can0 2A7#00004EADFFFFFD8E
(1790953706.177323) can0 2A1#0100010000000000
(1790953706.177433) can0 2A2#0000D606000008AE
(1790953706.177559) can0 2A3#0002EB29FFFD410D
(1790953706.177684) can0 2A4#0001245BFFFD49A2
(1790953706.177810) can0 2A5#000007BF000007CA
(1790953706.177909) can0 2A6#FFFFF84700000253
(1790953706.178033) can0 2A7#00004EADFFFFFD8E
(1790953706.182316) can0 2A1#0100010000000000
(1790953706.182432) can0 2A2#0000D606000008AE
(1790953706.182609) can0 2A3#0002EB29FFFD410D
(1790953706.182707) can0 2A4#0001245BFFFD49A2
(1790953706.182809) can0 2A5#000007BF000007CA
(1790953706.182934) can0 2A6#FFFFF84700000253
(1790953706.183034) can0 2A7#00004EADFFFFFD8E
(1790953706.187309) can0 2A1#0100010000000000
(1790953706.187434) can0 2A2#0000D606000008AE
(1790953706.187559) can0 2A3#0002EB29FFFD410D
(1790953706.187685) can0 2A4#0001245BFFFD49A2
(1790953706.187783) can0 2A5#000007BF000007CA
(1790953706.187909) can0 2A6#FFFFF84700000253
(1790953706.188034) can0 2A7#00004EADFFFFFD8E
(1790953706.192352) can0 2A1#0100010000000000
(1790953706.192459) can0 2A2#0000D606000008AE
(1790953706.192609) can0 2A3#0002EB29FFFD410D
(1790953706.192709) can0 2A4#0001245BFFFD49A2
(1790953706.192808) can0 2A5#000007BF000007CA
(1790953706.192934) can0 2A6#FFFFF84700000253
(1790953706.193059) can0 2A7#00004EADFFFFFD8E
(1790953706.197313) can0 2A1#0100010000000000
(1790953706.197432) can0 2A2#0000D606000008AE
(1790953706.197559) can0 2A3#0002EB29FFFD410D
(1790953706.197658) can0 2A4#0001245BFFFD49A2
(1790953706.197784) can0 2A5#000007BF000007CA
(1790953706.197909) can0 2A6#FFFFF84700000253
(1790953706.198034) can0 2A7#00004EADFFFFFD8E
(1790953706.202338) can0 2A1#0100010000000000
(1790953706.202457) can0 2A2#0000D606000008AE
(1790953706.202559) can0 2A3#0002EB29FFFD410D
(1790953706.202684) can0 2A4#0001245BFFFD49A2
(1790953706.202809) can0 2A5#000007BF000007CA
(1790953706.202909) can0 2A6#FFFFF84700000253
(1790953706.203034) can0 2A7#00004EADFFFFFD8E
(1790953706.207308) can0 2A1#0100010000000000
(1790953706.207434) can0 2A2#0000D606000008AE
(1790953706.207533) can0 2A3#0002EB29FFFD410D
(1790953706.207685) can0 2A4#0001245BFFFD49A2
(1790953706.207811) can0 2A5#000007BF000007CA
(1790953706.207910) can0 2A6#FFFFF84700000253
(1790953706.208039) can0 2A7#00004EADFFFFFD8E
(1790953706.212342) can0 2A1#0100010000000000
(1790953706.212457) can0 2A2#0000D606000008AE
(1790953706.212559) can0 2A3#0002EB29FFFD410D
(1790953706.212684) can0 2A4#0001245BFFFD49A2
(1790953706.212809) can0 2A5#000007BF000007CA
(1790953706.212909) can0 2A6#FFFFF84700000253
(1790953706.213059) can0 2A7#00004EADFFFFFD8E
(1790953706.217316) can0 2A1#0100010000000000
(1790953706.217433) can0 2A2#0000D606000008AE
(1790953706.217557) can0 2A3#0002EB29FFFD410D
(1790953706.217684) can0 2A4#0001245BFFFD49A2
(1790953706.217809) can0 2A5#000007BF000007CA
(1790953706.217909) can0 2A6#FFFFF84700000253
(1790953706.218034) can0 2A7#00004EADFFFFFD8E
(1790953706.222337) can0 2A1#0100010000000000
(1790953706.222437) can0 2A2#0000D606000008AE
(1790953706.222559) can0 2A3#0002EB29FFFD410D
(1790953706.222682) can0 2A4#0001245BFFFD49A2
(1790953706.222808) can0 2A5#000007BF000007CA
(1790953706.222934) can0 2A6#FFFFF84700000253
(1790953706.223059) can0 2A7#00004EADFFFFFD8E
(1790953706.227309) can0 2A1#0100010000000000
(1790953706.227432) can0 2A2#0000D606000008AE
(1790953706.227559) can0 2A3#0002EB29FFFD410D
(1790953706.227684) can0 2A4#0001245BFFFD49A2
(1790953706.227812) can0 2A5#000007BF000007CA
(1790953706.227910) can0 2A6#FFFFF84700000253
(1790953706.228034) can0 2A7#00004EADFFFFFD8E
(1790953706.232340) can0 2A1#0100010000000000
(1790953706.232459) can0 2A2#0000D606000008AE
(1790953706.232609) can0 2A3#0002EB29FFFD410D
(1790953706.232709) can0 2A4#0001245BFFFD49A2
(1790953706.232808) can0 2A5#000007BF000007CA
(1790953706.232934) can0 2A6#FFFFF84700000253
(1790953706.233059) can0 2A7#00004EADFFFFFD8E
(1790953706.237313) can0 2A1#0100010000000000
(1790953706.237432) can0 2A2#0000D606000008AE
(1790953706.237559) can0 2A3#0002EB29FFFD410D
(1790953706.237684) can0 2A4#0001245BFFFD49A2
(1790953706.237784) can0 2A5#000007BF000007CA
(1790953706.237909) can0 2A6#FFFFF84700000253
(1790953706.238034) can0 2A7#00004EADFFFFFD8E
(1790953706.242353) can0 2A1#0100010000000000
(1790953706.242433) can0 2A2#0000D606000008AE
(1790953706.242559) can0 2A3#0002EB29FFFD410D
(1790953706.242683) can0 2A4#0001245BFFFD49A2
(1790953706.242809) can0 2A5#000007BF000007CA
(1790953706.242934) can0 2A6#FFFFF84700000253
(1790953706.243059) can0 2A7#00004EADFFFFFD8E
(1790953706.247341) can0 2A1#0100010000000000
(1790953706.247434) can0 2A2#0000D606000008AE
(1790953706.247559) can0 2A3#0002EB29FFFD410D
(1790953706.247659) can0 2A4#0001245BFFFD49A2
(1790953706.247784) can0 2A5#000007BF000007CA
(1790953706.247909) can0 2A6#FFFFF84700000253
(1790953706.248032) can0 2A7#00004EADFFFFFD8E
(1790953706.252338) can0 2A1#0100010000000000
(1790953706.252457) can0 2A2#0000D606000008AE
(1790953706.252559) can0 2A3#0002EB29FFFD410D
(1790953706.252683) can0 2A4#0001245BFFFD49A2
(1790953706.252809) can0 2A5#000007BF000007CA
(1790953706.252934) can0 2A6#FFFFF84700000253
(1790953706.253034) can0 2A7#00004EADFFFFFD8E
(1790953706.257311) can0 2A1#0100010000000000
(1790953706.257436) can0 2A2#0000D606000008AE
(1790953706.257557) can0 2A3#0002EB29FFFD410D
(1790953706.257659) can0 2A4#0001245BFFFD49A2
(1790953706.257782) can0 2A5#000007BF000007CA
(1790953706.257909) can0 2A6#FFFFF84700000253
(1790953706.258034) can0 2A7#00004EADFFFFFD8E
(1790953706.262337) can0 2A1#0100010000000000
(1790953706.262457) can0 2A2#0000D606000008AE
(1790953706.262608) can0 2A3#0002EB29FFFD410D
(1790953706.262682) can0 2A4#0001245BFFFD49A2
(1790953706.262809) can0 2A5#000007BF000007CA
(1790953706.262933) can0 2A6#FFFFF84700000253
(1790953706.263057) can0 2A7#00004EADFFFFFD8E
(1790953706.267311) can0 2A1#0100010000000000
(1790953706.267432) can0 2A2#0000D606000008AE
(1790953706.267559) can0 2A3#0002EB29FFFD410D
(1790953706.267657) can0 2A4#0001245BFFFD49A2
(1790953706.267783) can0 2A5#000007BF000007CA
(1790953706.267909) can0 2A6#FFFFF84700000253
(1790953706.268034) can0 2A7#00004EADFFFFFD8E
(1790953706.272338) can0 2A1#0100010000000000
(1790953706.272438) can0 2A2#0000D606000008AE
(1790953706.272558) can0 2A3#0002EB29FFFD410D
(1790953706.272684) can0 2A4#0001245BFFFD49A2
(1790953706.272807) can0 2A5#000007BF000007CA
(1790953706.272934) can0 2A6#FFFFF84700000253
(1790953706.273033) can0 2A7#00004EADFFFFFD8E
(1790953706.277315) can0 2A1#0100010000000000
(1790953706.277432) can0 2A2#0000D606000008AE
(1790953706.277557) can0 2A3#0002EB29FFFD410D
(1790953706.277657) can0 2A4#0001245BFFFD49A2
(1790953706.277782) can0 2A5#000007BF000007CA
(1790953706.277932) can0 2A6#FFFFF84700000253
(1790953706.278032) can0 2A7#00004EADFFFFFD8E
(1790953706.282340) can0 2A1#0100010000000000
(1790953706.282457) can0 2A2#0000D606000008AE
(1790953706.282557) can0 2A3#0002EB29FFFD410D
(1790953706.282682) can0 2A4#0001245BFFFD49A2
(1790953706.282808) can0 2A5#000007BF000007CA
(1790953706.282932) can0 2A6#FFFFF84700000253
(1790953706.283057) can0 2A7#00004EADFFFFFD8E
(1790953706.287313) can0 2A1#0100010000000000
(1790953706.287432) can0 2A2#0000D606000008AE
(1790953706.287559) can0 2A3#0002EB29FFFD410D
(1790953706.287658) can0 2A4#0001245BFFFD49A2
(1790953706.287782) can0 2A5#000007BF000007CA
(1790953706.287908) can0 2A6#FFFFF84700000253
(1790953706.288032) can0 2A7#00004EADFFFFFD8E
(1790953706.292338) can0 2A1#0100010000000000
(1790953706.292457) can0 2A2#0000D606000008AE
(1790953706.292607) can0 2A3#0002EB29FFFD410D
(1790953706.292707) can0 2A4#0001245BFFFD49A2
(1790953706.292807) can0 2A5#000007BF000007CA
(1790953706.292932) can0 2A6#FFFFF84700000253
(1790953706.293057) can0 2A7#00004EADFFFFFD8E
(1790953706.297312) can0 2A1#0100010000000000
(1790953706.297436) can0 2A2#0000D606000008AE
(1790953706.297561) can0 2A3#0002EB29FFFD410D
(1790953706.297658) can0 2A4#0001245BFFFD49A2
(1790953706.297782) can0 2A5#000007BF000007CA
(1790953706.297907) can0 2A6#FFFFF84700000253
(1790953706.298032) can0 2A7#00004EADFFFFFD8E
(1790953706.302339) can0 2A1#0100010000000000
(1790953706.302457) can0 2A2#0000D606000008AE
(1790953706.302557) can0 2A3#0002EB29FFFD410D
(1790953706.302682) can0 2A4#0001245BFFFD49A2
(1790953706.302807) can0 2A5#000007BF000007CA
(1790953706.302932) can0 2A6#FFFFF84700000253
(1790953706.303032) can0 2A7#00004EADFFFFFD8E
(1790953706.307311) can0 2A1#0100010000000000
(1790953706.307432) can0 2A2#0000D606000008AE
(1790953706.307532) can0 2A3#0002EB29FFFD410D
(1790953706.307683) can0 2A4#0001245BFFFD49A2
(1790953706.307808) can0 2A5#000007BF000007CA
(1790953706.307907) can0 2A6#FFFFF84700000253
(1790953706.308032) can0 2A7#00004EADFFFFFD8E
(1790953706.312337) can0 2A1#0100010000000000
(1790953706.312457) can0 2A2#0000D606000008AE
(1790953706.312557) can0 2A3#0002EB29FFFD410D
(1790953706.312682) can0 2A4#0001245BFFFD49A2
(1790953706.312807) can0 2A5#000007BF000007CA
(1790953706.312933) can0 2A6#FFFFF84700000253
(1790953706.313037) can0 2A7#00004EADFFFFFD8E
(1790953706.317311) can0 2A1#0100010000000000
(1790953706.317432) can0 2A2#0000D606000008AE
(1790953706.317557) can0 2A3#0002EB29FFFD410D
(1790953706.317682) can0 2A4#0001245BFFFD49A2
(1790953706.317807) can0 2A5#000007BF000007CA
(1790953706.317912) can0 2A6#FFFFF84700000253
(1790953706.318032) can0 2A7#00004EADFFFFFD8E
(1790953706.322338) can0 2A1#0100010000000000
(1790953706.322457) can0 2A2#0000D606000008AE
(1790953706.322557) can0 2A3#0002EB29FFFD410D
(1790953706.322682) can0 2A4#0001245BFFFD49A2
(1790953706.322808) can0 2A5#000007BF000007CA
(1790953706.322934) can0 2A6#FFFFF84700000253
(1790953706.323057) can0 2A7#00004EADFFFFFD8E
(1790953706.327324) can0 2A1#0100010000000000
(1790953706.327433) can0 2A2#0000D606000008AE
(1790953706.327558) can0 2A3#0002EB29FFFD410D
(1790953706.327684) can0 2A4#0001245BFFFD49A2
(1790953706.327809) can0 2A5#000007BF000007CA
(1790953706.327907) can0 2A6#FFFFF84700000253
(1790953706.328033) can0 2A7#00004EADFFFFFD8E
(1790953706.332340) can0 2A1#0100010000000000
(1790953706.332457) can0 2A2#0000D606000008AE
(1790953706.332557) can0 2A3#0002EB29FFFD410D
(1790953706.332682) can0 2A4#0001245BFFFD49A2
(1790953706.332807) can0 2A5#000007BF000007CA
(1790953706.332933) can0 2A6#FFFFF84700000253
(1790953706.333032) can0 2A7#00004EADFFFFFD8E
(1790953706.337315) can0 2A1#0100010000000000
(1790953706.337432) can0 2A2#0000D606000008AE
(1790953706.337557) can0 2A3#0002EB29FFFD410D
(1790953706.337657) can0 2A4#0001245BFFFD49A2
(1790953706.337782) can0 2A5#000007BF000007CA
(1790953706.337908) can0 2A6#FFFFF84700000253
(1790953706.338032) can0 2A7#00004EADFFFFFD8E
(1790953706.342335) can0 2A1#0100010000000000
(1790953706.342458) can0 2A2#0000D606000008AE
(1790953706.342557) can0 2A3#0002EB29FFFD410D
(1790953706.342682) can0 2A4#0001245BFFFD49A2
(1790953706.342807) can0 2A5#000007BF000007CA
(1790953706.342934) can0 2A6#FFFFF84700000253
(1790953706.343033) can0 2A7#00004EADFFFFFD8E
(1790953706.347314) can0 2A1#0100010000000000
(1790953706.347432) can0 2A2#0000D606000008AE
(1790953706.347558) can0 2A3#0002EB29FFFD410D
(1790953706.347682) can0 2A4#0001245BFFFD49A2
(1790953706.347809) can0 2A5#000007BF000007CA
(1790953706.347909) can0 2A6#FFFFF84700000253
(1790953706.348033) can0 2A7#00004EADFFFFFD8E
