(1790953605.976635) can0 2A1#0100010000000000
(1790953605.976644) can0 2A2#0000D606000008AE
(1790953605.976718) can0 2A3#0002EB29FFFD5D68
(1790953605.976841) can0 2A4#000123DCFFFD6704
(1790953605.977083) can0 2A5#000007BF000007CA
(1790953605.977090) can0 2A6#FFFFF84700000253
(1790953605.977255) can0 2A7#00004EADFFFFF5D5
(1790953605.981687) can0 2A1#0100010000000000
(1790953605.981696) can0 2A2#0000D606000008AE
(1790953605.981743) can0 2A3#0002EB29FFFD5D68
(1790953605.981841) can0 2A4#000123DCFFFD6704
(1790953605.981966) can0 2A5#000007BF000007CA
(1790953605.982091) can0 2A6#FFFFF84700000253
(1790953605.982191) can0 2A7#00004EADFFFFF5D5
(1790953605.986558) can0 2A1#0100010000000000
(1790953605.986743) can0 2A2#0000D606000008AE
(1790953605.986748) can0 2A3#0002EB29FFFD5D68
(1790953605.986944) can0 2A4#000123DCFFFD6704
(1790953605.986949) can0 2A5#000007BF000007CA
(1790953605.987133) can0 2A6#FFFFF84700000253
(1790953605.987317) can0 2A7#00004EADFFFFF5D5
(1790953605.991587) can0 2A1#0100010000000000
(1790953605.991616) can0 2A2#0000D606000008AE
(1790953605.991758) can0 2A3#0002EB29FFFD5D68
(1790953605.991927) can0 2A4#000123DCFFFD6704
(1790953605.991966) can0 2A5#000007BF000007CA
(1790953605.992068) can0 2A6#FFFFF84700000253
(1790953605.992218) can0 2A7#00004EADFFFFF5D5
(1790953605.996572) can0 2A1#0100010000000000
(1790953605.996616) can0 2A2#0000D606000008AE
(1790953605.996717) can0 2A3#0002EB29FFFD5D68
(1790953605.996974) can0 2A4#000123DCFFFD6704
(1790953605.996982) can0 2A5#000007BF000007CA
(1790953605.997068) can0 2A6#FFFFF84700000253
(1790953605.997309) can0 2A7#00004EADFFFFF5D5
(1790953606.001656) can0 2A1#0100010000000000
(1790953606.001691) can0 2A2#0000D606000008AE
(1790953606.001731) can0 2A3#0002EB29FFFD5D68
(1790953606.001941) can0 2A4#000123DCFFFD6704
(1790953606.001974) can0 2A5#000007BF000007CA
(1790953606.002195) can0 2A6#FFFFF84700000253
(1790953606.002203) can0 2A7#00004EADFFFFF5D5
(1790953606.006590) can0 2A1#0100010000000000
(1790953606.006600) can0 2A2#0000D606000008AE
(1790953606.006720) can0 2A3#0002EB29FFFD5D68
(1790953606.006841) can0 2A4#000123DCFFFD6704
(1790953606.007028) can0 2A5#000007BF000007CA
(1790953606.007192) can0 2A6#FFFFF84700000253
(1790953606.007197) can0 2A7#00004EADFFFFF5D5
(1790953606.011577) can0 2A1#0100010000000000
(1790953606.011597) can0 2A2#0000D606000008AE
(1790953606.011776) can0 2A3#0002EB29FFFD5D68
(1790953606.011929) can0 2A4#000123DCFFFD6704
(1790953606.012100) can0 2A5#000007BF000007CA
(1790953606.012105) can0 2A6#FFFFF84700000253
(1790953606.012264) can0 2A7#00004EADFFFFF5D5
(1790953606.016610) can0 2A1#0100010000000000
(1790953606.016642) can0 2A2#0000D606000008AE
(1790953606.016818) can0 2A3#0002EB29FFFD5D68
(1790953606.016825) can0 2A4#000123DCFFFD6704
(1790953606.017088) can0 2A5#000007BF000007CA
(1790953606.017096) can0 2A6#FFFFF84700000253
(1790953606.017269) can0 2A7#00004EADFFFFF5D5
(1790953606.021630) can0 2A1#0100010000000000
(1790953606.021652) can0 2A2#0000D606000008AE
(1790953606.021773) can0 2A3#0002EB29FFFD5D68
(1790953606.021897) can0 2A4#000123DCFFFD6704
(1790953606.022017) can0 2A5#000007BF000007CA
(1790953606.022155) can0 2A6#FFFFF84700000253
(1790953606.022278) can0 2A7#00004EADFFFFF5D5
(1790953606.026617) can0 2A1#0100010000000000
(1790953606.026628) can0 2A2#0000D606000008AE
(1790953606.026808) can0 2A3#0002EB29FFFD5D68
(1790953606.026945) can0 2A4#000123DCFFFD6704
(1790953606.026972) can0 2A5#000007BF000007CA
(1790953606.027150) can0 2A6#FFFFF84700000253
(1790953606.027261) can0 2A7#00004EADFFFFF5D5
(1790953606.031567) can0 2A1#0100010000000000
(1790953606.031612) can0 2A2#0000D606000008AE
(1790953606.031720) can0 2A3#0002EB29FFFD5D68
(1790953606.031843) can0 2A4#000123DCFFFD6704
(1790953606.031970) can0 2A5#000007BF000007CA
(1790953606.032094) can0 2A6#FFFFF84700000253
(1790953606.032218) can0 2A7#00004EADFFFFF5D5
(1790953606.036591) can0 2A1#0100010000000000
(1790953606.036605) can0 2A2#0000D606000008AE
(1790953606.036772) can0 2A3#0002EB29FFFD5D68
(1790953606.036843) can0 2A4#000123DCFFFD6704
(1790953606.036943) can0 2A5#000007BF000007CA
(1790953606.037067) can0 2A6#FFFFF84700000253
(1790953606.037193) can0 2A7#00004EADFFFFF5D5
(1790953606.041570) can0 2A1#0100010000000000
(1790953606.041616) can0 2A2#0000D606000008AE
(1790953606.041716) can0 2A3#0002EB29FFFD5D68
(1790953606.041944) can0 2A4#000123DCFFFD6704
(1790953606.041969) can0 2A5#000007BF000007CA
(1790953606.042093) can0 2A6#FFFFF84700000253
(1790953606.042192) can0 2A7#00004EADFFFFF5D5
(1790953606.046554) can0 2A1#0100010000000000
(1790953606.046593) can0 2A2#0000D606000008AE
(1790953606.046737) can0 2A3#0002EB29FFFD5D68
(1790953606.046929) can0 2A4#000123DCFFFD6704
(1790953606.046967) can0 2A5#000007BF000007CA
(1790953606.047068) can0 2A6#FFFFF84700000253
(1790953606.047193) can0 2A7#00004EADFFFFF5D5
(1790953606.051594) can0 2A1#0100010000000000
(1790953606.051627) can0 2A2#0000D606000008AE
(1790953606.051742) can0 2A3#0002EB29FFFD5D68
(1790953606.051844) can0 2A4#000123DCFFFD6704
(1790953606.052043) can0 2A5#000007BF000007CA
(1790953606.052091) can0 2A6#FFFFF84700000253
(1790953606.052317) can0 2A7#00004EADFFFFF5D5
(1790953606.056563) can0 2A1#0100010000000000
(1790953606.056594) can0 2A2#0000D606000008AE
(1790953606.056717) can0 2A3#0002EB29FFFD5D68
(1790953606.056843) can0 2A4#000123DCFFFD6704
(1790953606.057014) can0 2A5#000007BF000007CA
(1790953606.057067) can0 2A6#FFFFF84700000253
(1790953606.057193) can0 2A7#00004EADFFFFF5D5
(1790953606.061606) can0 2A1#0100010000000000
(1790953606.061619) can0 2A2#0000D606000008AE
(1790953606.061718) can0 2A3#0002EB29FFFD5D68
(1790953606.061842) can0 2A4#000123DCFFFD6704
(1790953606.062069) can0 2A5#000007BF000007CA
(1790953606.062096) can0 2A6#FFFFF84700000253
(1790953606.062261) can0 2A7#00004EADFFFFF5D5
(1790953606.066670) can0 2A1#0100010000000000
(1790953606.066680) can0 2A2#0000D606000008AE
(1790953606.066716) can0 2A3#0002EB29FFFD5D68
(1790953606.066840) can0 2A4#000123DCFFFD6704
(1790953606.067031) can0 2A5#000007BF000007CA
(1790953606.067146) can0 2A6#FFFFF84700000253
(1790953606.067191) can0 2A7#00004EADFFFFF5D5
(1790953606.071633) can0 2A1#0100010000000000
(1790953606.071677) can0 2A2#0000D606000008AE
(1790953606.071722) can0 2A3#0002EB29FFFD5D68
(1790953606.071902) can0 2A4#000123DCFFFD6704
(1790953606.072098) can0 2A5#000007BF000007CA
(1790953606.072105) can0 2A6#FFFFF84700000253
(1790953606.072305) can0 2A7#00004EADFFFFF5D5
(1790953606.076556) can0 2A1#0100010000000000
(1790953606.076591) can0 2A2#0000D606000008AE
(1790953606.076717) can0 2A3#0002EB29FFFD5D68
(1790953606.076926) can0 2A4#000123DCFFFD6704
(1790953606.076941) can0 2A5#000007BF000007CA
(1790953606.077141) can0 2A6#FFFFF84700000253
(1790953606.077320) can0 2A7#00004EADFFFFF5D5
(1790953606.081602) can0 2A1#0100010000000000
(1790953606.081611) can0 2A2#0000D606000008AE
(1790953606.081767) can0 2A3#0002EB29FFFD5D68
(1790953606.081920) can0 2A4#000123DCFFFD6704
(1790953606.081967) can0 2A5#000007BF000007CA
(1790953606.082095) can0 2A6#FFFFF84700000253
(1790953606.082216) can0 2A7#00004EADFFFFF5D5
(1790953606.086547) can0 2A1#0100010000000000
(1790953606.086591) can0 2A2#0000D606000008AE
(1790953606.086715) can0 2A3#0002EB29FFFD5D68
(1790953606.086840) can0 2A4#000123DCFFFD6704
(1790953606.086966) can0 2A5#000007BF000007CA
(1790953606.087066) can0 2A6#FFFFF84700000253
(1790953606.087191) can0 2A7#00004EADFFFFF5D5
(1790953606.091506) can0 2A1#0100010000000000
(1790953606.091616) can0 2A2#0000D606000008AE
(1790953606.091741) can0 2A3#0002EB29FFFD5D68
(1790953606.091841) can0 2A4#000123DCFFFD6704
(1790953606.091966) can0 2A5#000007BF000007CA
(1790953606.092090) can0 2A6#FFFFF84700000253
(1790953606.092215) can0 2A7#00004EADFFFFF5D5
(1790953606.096657) can0 2A1#0100010000000000
(1790953606.096666) can0 2A2#0000D606000008AE
(1790953606.096716) can0 2A3#0002EB29FFFD5D68
(1790953606.096841) can0 2A4#000123DCFFFD6704
(1790953606.097072) can0 2A5#000007BF000007CA
(1790953606.097077) can0 2A6#FFFFF84700000253
(1790953606.097277) can0 2A7#00004EADFFFFF5D5
(1790953606.101649) can0 2A1#0100010000000000
(1790953606.101657) can0 2A2#0000D606000008AE
(1790953606.101796) can0 2A3#0002EB29FFFD5D68
(1790953606.101951) can0 2A4#000123DCFFFD6704
(1790953606.101969) can0 2A5#000007BF000007CA
(1790953606.102169) can0 2A6#FFFFF84700000253
(1790953606.102285) can0 2A7#00004EADFFFFF5D5
(1790953606.106599) can0 2A1#0100010000000000
(1790953606.106605) can0 2A2#0000D606000008AE
(1790953606.106781) can0 2A3#0002EB29FFFD5D68
(1790953606.106907) can0 2A4#000123DCFFFD6704
(1790953606.107098) can0 2A5#000007BF000007CA
(1790953606.107103) can0 2A6#FFFFF84700000253
(1790953606.107255) can0 2A7#00004EADFFFFF5D5
(1790953606.111552) can0 2A1#0100010000000000
(1790953606.111748) can0 2A2#0000D606000008AE
(1790953606.111753) can0 2A3#0002EB29FFFD5D68
(1790953606.111945) can0 2A4#000123DCFFFD6704
(1790953606.111971) can0 2A5#000007BF000007CA
(1790953606.112157) can0 2A6#FFFFF84700000253
(1790953606.112317) can0 2A7#00004EADFFFFF5D5
(1790953606.116572) can0 2A1#0100010000000000
(1790953606.116590) can0 2A2#0000D606000008AE
(1790953606.116715) can0 2A3#0002EB29FFFD5D68
(1790953606.116815) can0 2A4#000123DCFFFD6704
(1790953606.117042) can0 2A5#000007BF000007CA
(1790953606.117067) can0 2A6#FFFFF84700000253
(1790953606.117245) can0 2A7#00004EADFFFFF5D5
(1790953606.121619) can0 2A1#0100010000000000
(1790953606.121628) can0 2A2#0000D606000008AE
(1790953606.121772) can0 2A3#0002EB29FFFD5D68
(1790953606.121943) can0 2A4#000123DCFFFD6704
(1790953606.121968) can0 2A5#000007BF000007CA
(1790953606.122149) can0 2A6#FFFFF84700000253
(1790953606.122291) can0 2A7#00004EADFFFFF5D5
(1790953606.126625) can0 2A1#0100010000000000
(1790953606.126648) can0 2A2#0000D606000008AE
(1790953606.126787) can0 2A3#0002EB29FFFD5D68
(1790953606.126917) can0 2A4#000123DCFFFD6704
(1790953606.126944) can0 2A5#000007BF000007CA
(1790953606.127143) can0 2A6#FFFFF84700000253
(1790953606.127300) can0 2A7#00004EADFFFFF5D5
(1790953606.131659) can0 2A1#0100010000000000
(1790953606.131687) can0 2A2#0000D606000008AE
(1790953606.131726) can0 2A3#0002EB29FFFD5D68
(1790953606.131910) can0 2A4#000123DCFFFD6704
(1790953606.132057) can0 2A5#000007BF000007CA
(1790953606.132199) can0 2A6#FFFFF84700000253
(1790953606.132221) can0 2A7#00004EADFFFFF5D5
(1790953606.136620) can0 2A1#0100010000000000
(1790953606.136656) can0 2A2#0000D606000008AE
(1790953606.136804) can0 2A3#0002EB29FFFD5D68
(1790953606.136992) can0 2A4#000123DCFFFD6704
(1790953606.137001) can0 2A5#000007BF000007CA
(1790953606.137161) can0 2A6#FFFFF84700000253
(1790953606.137202) can0 2A7#00004EADFFFFF5D5
(1790953606.141594) can0 2A1#0100010000000000
(1790953606.141616) can0 2A2#0000D606000008AE
(1790953606.141741) can0 2A3#0002EB29FFFD5D68
(1790953606.141842) can0 2A4#000123DCFFFD6704
(1790953606.142031) can0 2A5#000007BF000007CA
(1790953606.142167) can0 2A6#FFFFF84700000253
(1790953606.142276) can0 2A7#00004EADFFFFF5D5
(1790953606.146593) can0 2A1#0100010000000000
(1790953606.146608) can0 2A2#0000D606000008AE
(1790953606.146788) can0 2A3#0002EB29FFFD5D68
(1790953606.146842) can0 2A4#000123DCFFFD6704
(1790953606.146968) can0 2A5#000007BF000007CA
(1790953606.147067) can0 2A6#FFFFF84700000253
(1790953606.147313) can0 2A7#00004EADFFFFF5D5
(1790953606.151651) can0 2A1#0100010000000000
(1790953606.151701) can0 2A2#0000D606000008AE
(1790953606.151745) can0 2A3#0002EB29FFFD5D68
(1790953606.151846) can0 2A4#000123DCFFFD6704
(1790953606.151969) can0 2A5#000007BF000007CA
(1790953606.152094) can0 2A6#FFFFF84700000253
(1790953606.152219) can0 2A7#00004EADFFFFF5D5
(1790953606.156647) can0 2A1#0100010000000000
(1790953606.156688) can0 2A2#0000D606000008AE
(1790953606.156717) can0 2A3#0002EB29FFFD5D68
(1790953606.156902) can0 2A4#000123DCFFFD6704
(1790953606.157066) can0 2A5#000007BF000007CA
(1790953606.157071) can0 2A6#FFFFF84700000253
(1790953606.157313) can0 2A7#00004EADFFFFF5D5
(1790953606.161617) can0 2A1#0100010000000000
(1790953606.161632) can0 2A2#0000D606000008AE
(1790953606.161718) can0 2A3#0002EB29FFFD5D68
(1790953606.161842) can0 2A4#000123DCFFFD6704
(1790953606.162044) can0 2A5#000007BF000007CA
(1790953606.162092) can0 2A6#FFFFF84700000253
(1790953606.162339) can0 2A7#00004EADFFFFF5D5
(1790953606.166625) can0 2A1#0100010000000000
(1790953606.166638) can0 2A2#0000D606000008AE
(1790953606.166717) can0 2A3#0002EB29FFFD5D68
(1790953606.166817) can0 2A4#000123DCFFFD6704
(1790953606.167040) can0 2A5#000007BF000007CA
(1790953606.167065) can0 2A6#FFFFF84700000253
(1790953606.167204) can0 2A7#00004EADFFFFF5D5
(1790953606.171655) can0 2A1#0100010000000000
(1790953606.171688) can0 2A2#0000D606000008AE
(1790953606.171716) can0 2A3#0002EB29FFFD5D68
(1790953606.171909) can0 2A4#000123DCFFFD6704
(1790953606.172058) can0 2A5#000007BF000007CA
(1790953606.172092) can0 2A6#FFFFF84700000253
(1790953606.172273) can0 2A7#00004EADFFFFF5D5
(1790953606.176529) can0 2A1#0100010000000000
(1790953606.176594) can0 2A2#0000D606000008AE
(1790953606.176719) can0 2A3#0002EB29FFFD5D68
(1790953606.176843) can0 2A4#000123DCFFFD6704
(1790953606.177067) can0 2A5#000007BF000007CA
(1790953606.177097) can0 2A6#FFFFF84700000253
(1790953606.177194) can0 2A7#00004EADFFFFF5D5
(1790953606.181587) can0 2A1#0100010000000000
(1790953606.181620) can0 2A2#0000D606000008AE
(1790953606.181719) can0 2A3#0002EB29FFFD5D68
(1790953606.181842) can0 2A4#000123DCFFFD6704
(1790953606.181969) can0 2A5#000007BF000007CA
(1790953606.182093) can0 2A6#FFFFF84700000253
(1790953606.182218) can0 2A7#00004EADFFFFF5D5
(1790953606.186605) can0 2A1#0100010000000000
(1790953606.186622) can0 2A2#0000D606000008AE
(1790953606.186720) can0 2A3#0002EB29FFFD5D68
(1790953606.186843) can0 2A4#000123DCFFFD6704
(1790953606.186968) can0 2A5#000007BF000007CA
(1790953606.187070) can0 2A6#FFFFF84700000253
(1790953606.187194) can0 2A7#00004EADFFFFF5D5
(1790953606.191592) can0 2A1#0100010000000000
(1790953606.191635) can0 2A2#0000D606000008AE
(1790953606.191719) can0 2A3#0002EB29FFFD5D68
(1790953606.191843) can0 2A4#000123DCFFFD6704
(1790953606.191969) can0 2A5#000007BF000007CA
(1790953606.192155) can0 2A6#FFFFF84700000253
(1790953606.192218) can0 2A7#00004EADFFFFF5D5
(1790953606.196566) can0 2A1#0100010000000000
(1790953606.196615) can0 2A2#0000D606000008AE
(1790953606.196719) can0 2A3#0002EB29FFFD5D68
(1790953606.196843) can0 2A4#000123DCFFFD6704
(1790953606.197053) can0 2A5#000007BF000007CA
(1790953606.197093) can0 2A6#FFFFF84700000253
(1790953606.197193) can0 2A7#00004EADFFFFF5D5
(1790953606.201584) can0 2A1#0100010000000000
(1790953606.201620) can0 2A2#0000D606000008AE
(1790953606.201743) can0 2A3#0002EB29FFFD5D68
(1790953606.201886) can0 2A4#000123DCFFFD6704
(1790953606.202035) can0 2A5#000007BF000007CA
(1790953606.202093) can0 2A6#FFFFF84700000253
(1790953606.202231) can0 2A7#00004EADFFFFF5D5
(1790953606.206594) can0 2A1#0100010000000000
(1790953606.206610) can0 2A2#0000D606000008AE
(1790953606.206718) can0 2A3#0002EB29FFFD5D68
(1790953606.206941) can0 2A4#000123DCFFFD6704
(1790953606.206965) can0 2A5#000007BF000007CA
(1790953606.207104) can0 2A6#FFFFF84700000253
(1790953606.207263) can0 2A7#00004EADFFFFF5D5
(1790953606.211576) can0 2A1#0100010000000000
(1790953606.211615) can0 2A2#0000D606000008AE
(1790953606.211717) can0 2A3#0002EB29FFFD5D68
(1790953606.211983) can0 2A4#000123DCFFFD6704
(1790953606.212004) can0 2A5#000007BF000007CA
(1790953606.212092) can0 2A6#FFFFF84700000253
(1790953606.212218) can0 2A7#00004EADFFFFF5D5
(1790953606.216631) can0 2A1#0100010000000000
(1790953606.216667) can0 2A2#0000D606000008AE
(1790953606.216716) can0 2A3#0002EB29FFFD5D68
(1790953606.216841) can0 2A4#000123DCFFFD6704
(1790953606.216942) can0 2A5#000007BF000007CA
(1790953606.217119) can0 2A6#FFFFF84700000253
(1790953606.217295) can0 2A7#00004EADFFFFF5D5
(1790953606.221636) can0 2A1#0100010000000000
(1790953606.221672) can0 2A2#0000D606000008AE
(1790953606.221844) can0 2A3#0002EB29FFFD5D68
(1790953606.221850) can0 2A4#000123DCFFFD6704
(1790953606.222044) can0 2A5#000007BF000007CA
(1790953606.222175) can0 2A6#FFFFF84700000253
(1790953606.222347) can0 2A7#00004EADFFFFF5D5
(1790953606.226602) can0 2A1#0100010000000000
(1790953606.226614) can0 2A2#0000D606000008AE
(1790953606.226804) can0 2A3#0002EB29FFFD5D68
(1790953606.226944) can0 2A4#000123DCFFFD6704
(1790953606.226970) can0 2A5#000007BF000007CA
(1790953606.227131) can0 2A6#FFFFF84700000253
(1790953606.227267) can0 2A7#00004EADFFFFF5D5
(1790953606.231585) can0 2A1#0100010000000000
(1790953606.231751) can0 2A2#0000D606000008AE
(1790953606.231756) can0 2A3#0002EB29FFFD5D68
(1790953606.231897) can0 2A4#000123DCFFFD6704
(1790953606.232053) can0 2A5#000007BF000007CA
(1790953606.232168) can0 2A6#FFFFF84700000253
(1790953606.232323) can0 2A7#00004EADFFFFF5D5
(1790953606.236649) can0 2A1#0100010000000000
(1790953606.236686) can0 2A2#0000D606000008AE
(1790953606.236726) can0 2A3#0002EB29FFFD5D68
(1790953606.236846) can0 2A4#000123DCFFFD6704
(1790953606.237051) can0 2A5#000007BF000007CA
(1790953606.237074) can0 2A6#FFFFF84700000253
(1790953606.237249) can0 2A7#00004EADFFFFF5D5
(1790953606.241587) can0 2A1#0100010000000000
(1790953606.241618) can0 2A2#0000D606000008AE
(1790953606.241797) can0 2A3#0002EB29FFFD5D68
(1790953606.241907) can0 2A4#000123DCFFFD6704
(1790953606.242041) can0 2A5#000007BF000007CA
(1790953606.242176) can0 2A6#FFFFF84700000253
(1790953606.242303) can0 2A7#00004EADFFFFF5D5
(1790953606.246572) can0 2A1#0100010000000000
(1790953606.246589) can0 2A2#0000D606000008AE
(1790953606.246747) can0 2A3#0002EB29FFFD5D68
(1790953606.246843) can0 2A4#000123DCFFFD6704
(1790953606.246966) can0 2A5#000007BF000007CA
(1790953606.247065) can0 2A6#FFFFF84700000253
(1790953606.247191) can0 2A7#00004EADFFFFF5D5
(1790953606.251698) can0 2A1#0100010000000000
(1790953606.251718) can0 2A2#0000D606000008AE
(1790953606.251729) can0 2A3#0002EB29FFFD5D68
(1790953606.251926) can0 2A4#000123DCFFFD6704
(1790953606.252055) can0 2A5#000007BF000007CA
(1790953606.252168) can0 2A6#FFFFF84700000253
(1790953606.252278) can0 2A7#00004EADFFFFF5D5
(1790953606.256669) can0 2A1#0100010000000000
(1790953606.256683) can0 2A2#0000D606000008AE
(1790953606.256848) can0 2A3#0002EB29FFFD5D68
(1790953606.256853) can0 2A4#000123DCFFFD6704
(1790953606.256966) can0 2A5#000007BF000007CA
(1790953606.257065) can0 2A6#FFFFF84700000253
(1790953606.257190) can0 2A7#00004EADFFFFF5D5
(1790953606.261634) can0 2A1#0100010000000000
(1790953606.261675) can0 2A2#0000D606000008AE
(1790953606.261719) can0 2A3#0002EB29FFFD5D68
(1790953606.261846) can0 2A4#000123DCFFFD6704
(1790953606.262043) can0 2A5#000007BF000007CA
(1790953606.262094) can0 2A6#FFFFF84700000253
(1790953606.262278) can0 2A7#00004EADFFFFF5D5
(1790953606.266493) can0 2A1#0100010000000000
(1790953606.266671) can0 2A2#0000D606000008AE
(1790953606.266724) can0 2A3#0002EB29FFFD5D68
(1790953606.266847) can0 2A4#000123DCFFFD6704
(1790953606.266972) can0 2A5#000007BF000007CA
(1790953606.267071) can0 2A6#FFFFF84700000253
(1790953606.267197) can0 2A7#00004EADFFFFF5D5
(1790953606.271592) can0 2A1#0100010000000000
(1790953606.271606) can0 2A2#0000D606000008AE
(1790953606.271797) can0 2A3#0002EB29FFFD5D68
(1790953606.271843) can0 2A4#000123DCFFFD6704
(1790953606.271967) can0 2A5#000007BF000007CA
(1790953606.272093) can0 2A6#FFFFF84700000253
(1790953606.272216) can0 2A7#00004EADFFFFF5D5
(1790953606.276567) can0 2A1#0100010000000000
(1790953606.276605) can0 2A2#0000D606000008AE
(1790953606.276772) can0 2A3#0002EB29FFFD5D68
(1790953606.276959) can0 2A4#000123DCFFFD6704
(1790953606.276965) can0 2A5#000007BF000007CA
(1790953606.277107) can0 2A6#FFFFF84700000253
(1790953606.277278) can0 2A7#00004EADFFFFF5D5
(1790953606.281571) can0 2A1#0100010000000000
(1790953606.281614) can0 2A2#0000D606000008AE
(1790953606.281713) can0 2A3#0002EB29FFFD5D68
(1790953606.281838) can0 2A4#000123DCFFFD6704
(1790953606.282037) can0 2A5#000007BF000007CA
(1790953606.282167) can0 2A6#FFFFF84700000253
(1790953606.282214) can0 2A7#00004EADFFFFF5D5
(1790953606.286685) can0 2A1#0100010000000000
(1790953606.286699) can0 2A2#0000D606000008AE
(1790953606.286721) can0 2A3#0002EB29FFFD5D68
(1790953606.286908) can0 2A4#000123DCFFFD6704
(1790953606.287027) can0 2A5#000007BF000007CA
(1790953606.287155) can0 2A6#FFFFF84700000253
(1790953606.287273) can0 2A7#00004EADFFFFF5D5
(1790953606.291668) can0 2A1#0100010000000000
(1790953606.291681) can0 2A2#0000D606000008AE
(1790953606.291823) can0 2A3#0002EB29FFFD5D68
(1790953606.291838) can0 2A4#000123DCFFFD6704
(1790953606.292016) can0 2A5#000007BF000007CA
(1790953606.292135) can0 2A6#FFFFF84700000253
(1790953606.292257) can0 2A7#00004EADFFFFF5D5
(1790953606.296613) can0 2A1#0100010000000000
(1790953606.296620) can0 2A2#0000D606000008AE
(1790953606.296716) can0 2A3#0002EB29FFFD5D68
(1790953606.296841) can0 2A4#000123DCFFFD6704
(1790953606.297045) can0 2A5#000007BF000007CA
(1790953606.297194) can0 2A6#FFFFF84700000253
(1790953606.297199) can0 2A7#00004EADFFFFF5D5
(1790953606.301583) can0 2A1#0100010000000000
(1790953606.301616) can0 2A2#0000D606000008AE
(1790953606.301776) can0 2A3#0002EB29FFFD5D68
(1790953606.301933) can0 2A4#000123DCFFFD6704
(1790953606.302094) can0 2A5#000007BF000007CA
(1790953606.302100) can0 2A6#FFFFF84700000253
(1790953606.302262) can0 2A7#00004EADFFFFF5D5
(1790953606.306577) can0 2A1#0100010000000000
(1790953606.306727) can0 2A2#0000D606000008AE
(1790953606.306732) can0 2A3#0002EB29FFFD5D68
(1790953606.306895) can0 2A4#000123DCFFFD6704
(1790953606.307043) can0 2A5#000007BF000007CA
(1790953606.307070) can0 2A6#FFFFF84700000253
(1790953606.307272) can0 2A7#00004EADFFFFF5D5
(1790953606.311583) can0 2A1#0100010000000000
(1790953606.311617) can0 2A2#0000D606000008AE
(1790953606.311715) can0 2A3#0002EB29FFFD5D68
(1790953606.311840) can0 2A4#000123DCFFFD6704
(1790953606.312051) can0 2A5#000007BF000007CA
(1790953606.312172) can0 2A6#FFFFF84700000253
(1790953606.312216) can0 2A7#00004EADFFFFF5D5
(1790953606.316601) can0 2A1#0100010000000000
(1790953606.316608) can0 2A2#0000D606000008AE
(1790953606.316779) can0 2A3#0002EB29FFFD5D68
(1790953606.316919) can0 2A4#000123DCFFFD6704
(1790953606.317052) can0 2A5#000007BF000007CA
(1790953606.317068) can0 2A6#FFFFF84700000253
(1790953606.317260) can0 2A7#00004EADFFFFF5D5
(1790953606.321591) can0 2A1#0100010000000000
(1790953606.321619) can0 2A2#0000D606000008AE
(1790953606.321741) can0 2A3#0002EB29FFFD5D68
(1790953606.321841) can0 2A4#000123DCFFFD6704
(1790953606.322041) can0 2A5#000007BF000007CA
(1790953606.322215) can0 2A6#FFFFF84700000253
(1790953606.322220) can0 2A7#00004EADFFFFF5D5
(1790953606.326609) can0 2A1#0100010000000000
(1790953606.326617) can0 2A2#0000D606000008AE
(1790953606.326779) can0 2A3#0002EB29FFFD5D68
(1790953606.326909) can0 2A4#000123DCFFFD6704
(1790953606.327046) can0 2A5#000007BF000007CA
(1790953606.327068) can0 2A6#FFFFF84700000253
(1790953606.327278) can0 2A7#00004EADFFFFF5D5
(1790953606.331560) can0 2A1#0100010000000000
(1790953606.331744) can0 2A2#0000D606000008AE
(1790953606.331749) can0 2A3#0002EB29FFFD5D68
(1790953606.331932) can0 2A4#000123DCFFFD6704
(1790953606.332073) can0 2A5#000007BF000007CA
(1790953606.332087) can0 2A6#FFFFF84700000253
(1790953606.332280) can0 2A7#00004EADFFFFF5D5
(1790953606.336561) can0 2A1#0100010000000000
(1790953606.336720) can0 2A2#0000D606000008AE
(1790953606.336725) can0 2A3#0002EB29FFFD5D68
(1790953606.336905) can0 2A4#000123DCFFFD6704
(1790953606.337039) can0 2A5#000007BF000007CA
(1790953606.337140) can0 2A6#FFFFF84700000253
(1790953606.337265) can0 2A7#00004EADFFFFF5D5
(1790953606.341621) can0 2A1#0100010000000000
(1790953606.341638) can0 2A2#0000D606000008AE
(1790953606.341779) can0 2A3#0002EB29FFFD5D68
(1790953606.341946) can0 2A4#000123DCFFFD6704
(1790953606.341962) can0 2A5#000007BF000007CA
(1790953606.342139) can0 2A6#FFFFF84700000253
(1790953606.342263) can0 2A7#00004EADFFFFF5D5
(1790953606.346564) can0 2A1#0100010000000000
(1790953606.346598) can0 2A2#0000D606000008AE
(1790953606.346757) can0 2A3#0002EB29FFFD5D68
(1790953606.346918) can0 2A4#000123DCFFFD6704
(1790953606.346943) can0 2A5#000007BF000007CA
(1790953606.347126) can0 2A6#FFFFF84700000253
(1790953606.347297) can0 2A7#00004EADFFFFF5D5
(1790953606.351596) can0 2A1#0100010000000000
(1790953606.351618) can0 2A2#0000D606000008AE
(1790953606.351765) can0 2A3#0002EB29FFFD5D68
(1790953606.351887) can0 2A4#000123DCFFFD6704
(1790953606.352020) can0 2A5#000007BF000007CA
(1790953606.352200) can0 2A6#FFFFF84700000253
(1790953606.352215) can0 2A7#00004EADFFFFF5D5
(1790953606.356532) can0 2A1#0100010000000000
(1790953606.356618) can0 2A2#0000D606000008AE
(1790953606.356717) can0 2A3#0002EB29FFFD5D68
(1790953606.356840) can0 2A4#000123DCFFFD6704
(1790953606.357024) can0 2A5#000007BF000007CA
(1790953606.357147) can0 2A6#FFFFF84700000253
(1790953606.357299) can0 2A7#00004EADFFFFF5D5
(1790953606.361549) can0 2A1#0100010000000000
(1790953606.361716) can0 2A2#0000D606000008AE
(1790953606.361741) can0 2A3#0002EB29FFFD5D68
(1790953606.361919) can0 2A4#000123DCFFFD6704
(1790953606.362074) can0 2A5#000007BF000007CA
(1790953606.362088) can0 2A6#FFFFF84700000253
(1790953606.362299) can0 2A7#00004EADFFFFF5D5
(1790953606.366569) can0 2A1#0100010000000000
(1790953606.366597) can0 2A2#0000D606000008AE
(1790953606.366778) can0 2A3#0002EB29FFFD5D68
(1790953606.366938) can0 2A4#000123DCFFFD6704
(1790953606.367079) can0 2A5#000007BF000007CA
(1790953606.367084) can0 2A6#FFFFF84700000253
(1790953606.367245) can0 2A7#00004EADFFFFF5D5
(1790953606.371554) can0 2A1#0100010000000000
(1790953606.371696) can0 2A2#0000D606000008AE
(1790953606.371846) can0 2A3#0002EB29FFFD5D68
(1790953606.371852) can0 2A4#000123DCFFFD6704
(1790953606.372023) can0 2A5#000007BF000007CA
(1790953606.372158) can0 2A6#FFFFF84700000253
(1790953606.372301) can0 2A7#00004EADFFFFF5D5
(1790953606.376540) can0 2A1#0100010000000000
(1790953606.376716) can0 2A2#0000D606000008AE
(1790953606.376722) can0 2A3#0002EB29FFFD5D68
(1790953606.376899) can0 2A4#000123DCFFFD6704
(1790953606.377051) can0 2A5#000007BF000007CA
(1790953606.377066) can0 2A6#FFFFF84700000253
(1790953606.377272) can0 2A7#00004EADFFFFF5D5
(1790953606.381623) can0 2A1#0100010000000000
(1790953606.381632) can0 2A2#0000D606000008AE
(1790953606.381741) can0 2A3#0002EB29FFFD5D68
(1790953606.381840) can0 2A4#000123DCFFFD6704
(1790953606.382048) can0 2A5#000007BF000007CA
(1790953606.382172) can0 2A6#FFFFF84700000253
(1790953606.382278) can0 2A7#00004EADFFFFF5D5
(1790953606.386571) can0 2A1#0100010000000000
(1790953606.386748) can0 2A2#0000D606000008AE
(1790953606.386752) can0 2A3#0002EB29FFFD5D68
(1790953606.386892) can0 2A4#000123DCFFFD6704
(1790953606.387089) can0 2A5#000007BF000007CA
(1790953606.387094) can0 2A6#FFFFF84700000253
(1790953606.387241) can0 2A7#00004EADFFFFF5D5
(1790953606.391636) can0 2A1#0100010000000000
(1790953606.391668) can0 2A2#0000D606000008AE
(1790953606.391846) can0 2A3#0002EB29FFFD5D68
(1790953606.391851) can0 2A4#000123DCFFFD6704
(1790953606.392040) can0 2A5#000007BF000007CA
(1790953606.392159) can0 2A6#FFFFF84700000253
(1790953606.392312) can0 2A7#00004EADFFFFF5D5
(1790953606.396568) can0 2A1#0100010000000000
(1790953606.396596) can0 2A2#0000D606000008AE
(1790953606.396775) can0 2A3#0002EB29FFFD5D68
(1790953606.396999) can0 2A4#000123DCFFFD6704
(1790953606.397007) can0 2A5#000007BF000007CA
(1790953606.397163) can0 2A6#FFFFF84700000253
(1790953606.397195) can0 2A7#00004EADFFFFF5D5
(1790953606.401662) can0 2A1#0100010000000000
(1790953606.401694) can0 2A2#0000D606000008AE
(1790953606.401727) can0 2A3#0002EB29FFFD5D68
(1790953606.401920) can0 2A4#000123DCFFFD6704
(1790953606.402107) can0 2A5#000007BF000007CA
(1790953606.402113) can0 2A6#FFFFF84700000253
(1790953606.402265) can0 2A7#00004EADFFFFF5D5
(1790953606.406639) can0 2A1#0100010000000000
(1790953606.406666) can0 2A2#0000D606000008AE
(1790953606.406718) can0 2A3#0002EB29FFFD5D68
(1790953606.406841) can0 2A4#000123DCFFFD6704
(1790953606.407095) can0 2A5#000007BF000007CA
(1790953606.407104) can0 2A6#FFFFF84700000253
(1790953606.407248) can0 2A7#00004EADFFFFF5D5
(1790953606.411636) can0 2A1#0100010000000000
(1790953606.411667) can0 2A2#0000D606000008AE
(1790953606.411825) can0 2A3#0002EB29FFFD5D68
(1790953606.411846) can0 2A4#000123DCFFFD6704
(1790953606.412062) can0 2A5#000007BF000007CA
(1790953606.412101) can0 2A6#FFFFF84700000253
(1790953606.412290) can0 2A7#00004EADFFFFF5D5
(1790953606.416612) can0 2A1#0100010000000000
(1790953606.416657) can0 2A2#0000D606000008AE
(1790953606.416719) can0 2A3#0002EB29FFFD5D68
(1790953606.416843) can0 2A4#000123DCFFFD6704
(1790953606.417072) can0 2A5#000007BF000007CA
(1790953606.417078) can0 2A6#FFFFF84700000253
(1790953606.417303) can0 2A7#00004EADFFFFF5D5
(1790953606.421600) can0 2A1#0100010000000000
(1790953606.421647) can0 2A2#0000D606000008AE
(1790953606.421749) can0 2A3#0002EB29FFFD5D68
(1790953606.421845) can0 2A4#000123DCFFFD6704
(1790953606.422061) can0 2A5#000007BF000007CA
(1790953606.422093) can0 2A6#FFFFF84700000253
(1790953606.422308) can0 2A7#00004EADFFFFF5D5
(1790953606.426499) can0 2A1#0100010000000000
(1790953606.426594) can0 2A2#0000D606000008AE
(1790953606.426718) can0 2A3#0002EB29FFFD5D68
(1790953606.426842) can0 2A4#000123DCFFFD6704
(1790953606.426968) can0 2A5#000007BF000007CA
(1790953606.427067) can0 2A6#FFFFF84700000253
(1790953606.427191) can0 2A7#00004EADFFFFF5D5
(1790953606.431617) can0 2A1#0100010000000000
(1790953606.431626) can0 2A2#0000D606000008AE
(1790953606.431717) can0 2A3#0002EB29FFFD5D68
(1790953606.431842) can0 2A4#000123DCFFFD6704
(1790953606.432025) can0 2A5#000007BF000007CA
(1790953606.432093) can0 2A6#FFFFF84700000253
(1790953606.432217) can0 2A7#00004EADFFFFF5D5
(1790953606.436671) can0 2A1#0100010000000000
(1790953606.436684) can0 2A2#0000D606000008AE
(1790953606.436718) can0 2A3#0002EB29FFFD5D68
(1790953606.436840) can0 2A4#000123DCFFFD6704
(1790953606.437021) can0 2A5#000007BF000007CA
(1790953606.437091) can0 2A6#FFFFF84700000253
(1790953606.437190) can0 2A7#00004EADFFFFF5D5
(1790953606.441512) can0 2A1#0100010000000000
(1790953606.441616) can0 2A2#0000D606000008AE
(1790953606.441716) can0 2A3#0002EB29FFFD5D68
(1790953606.441841) can0 2A4#000123DCFFFD6704
(1790953606.442014) can0 2A5#000007BF000007CA
(1790953606.442091) can0 2A6#FFFFF84700000253
(1790953606.442215) can0 2A7#00004EADFFFFF5D5
(1790953606.446470) can0 2A1#0100010000000000
(1790953606.446590) can0 2A2#0000D606000008AE
(1790953606.446715) can0 2A3#0002EB29FFFD5D68
(1790953606.446840) can0 2A4#000123DCFFFD6704
(1790953606.446940) can0 2A5#000007BF000007CA
(1790953606.447065) can0 2A6#FFFFF84700000253
(1790953606.447190) can0 2A7#00004EADFFFFF5D5
(1790953606.451493) can0 2A1#0100010000000000
(1790953606.451692) can0 2A2#0000D606000008AE
(1790953606.451852) can0 2A3#0002EB29FFFD5D68
(1790953606.451858) can0 2A4#000123DCFFFD6704
(1790953606.452021) can0 2A5#000007BF000007CA
(1790953606.452172) can0 2A6#FFFFF84700000253
(1790953606.452283) can0 2A7#00004EADFFFFF5D5
(1790953606.456496) can0 2A1#0100010000000000
(1790953606.456590) can0 2A2#0000D606000008AE
(1790953606.456715) can0 2A3#0002EB29FFFD5D68
(1790953606.456840) can0 2A4#000123DCFFFD6704
(1790953606.456942) can0 2A5#000007BF000007CA
(1790953606.457068) can0 2A6#FFFFF84700000253
(1790953606.457194) can0 2A7#00004EADFFFFF5D5
(1790953606.461503) can0 2A1#0100010000000000
(1790953606.461714) can0 2A2#0000D606000008AE
(1790953606.461724) can0 2A3#0002EB29FFFD5D68
(1790953606.461843) can0 2A4#000123DCFFFD6704
(1790953606.462055) can0 2A5#000007BF000007CA
(1790953606.462091) can0 2A6#FFFFF84700000253
(1790953606.462223) can0 2A7#00004EADFFFFF5D5
(1790953606.466473) can0 2A1#0100010000000000
(1790953606.466617) can0 2A2#0000D606000008AE
(1790953606.466717) can0 2A3#0002EB29FFFD5D68
(1790953606.466842) can0 2A4#000123DCFFFD6704
(1790953606.467055) can0 2A5#000007BF000007CA
(1790953606.467198) can0 2A6#FFFFF84700000253
(1790953606.467204) can0 2A7#00004EADFFFFF5D5
(1790953606.471599) can0 2A1#0100010000000000
(1790953606.471618) can0 2A2#0000D606000008AE
(1790953606.471772) can0 2A3#0002EB29FFFD5D68
(1790953606.471906) can0 2A4#000123DCFFFD6704
(1790953606.472042) can0 2A5#000007BF000007CA
(1790953606.472137) can0 2A6#FFFFF84700000253
(1790953606.472265) can0 2A7#00004EADFFFFF5D5
(1790953606.476601) can0 2A1#0100010000000000
(1790953606.476608) can0 2A2#0000D606000008AE
(1790953606.476778) can0 2A3#0002EB29FFFD5D68
(1790953606.476907) can0 2A4#000123DCFFFD6704
(1790953606.477057) can0 2A5#000007BF000007CA
(1790953606.477196) can0 2A6#FFFFF84700000253
(1790953606.477201) can0 2A7#00004EADFFFFF5D5
(1790953606.481515) can0 2A1#0100010000000000
(1790953606.481684) can0 2A2#0000D606000008AE
(1790953606.481826) can0 2A3#0002EB29FFFD5D68
(1790953606.481842) can0 2A4#000123DCFFFD6704
(1790953606.482023) can0 2A5#000007BF000007CA
(1790953606.482152) can0 2A6#FFFFF84700000253
(1790953606.482278) can0 2A7#00004EADFFFFF5D5
(1790953606.486563) can0 2A1#0100010000000000
(1790953606.486592) can0 2A2#0000D606000008AE
(1790953606.486772) can0 2A3#0002EB29FFFD5D68
(1790953606.486908) can0 2A4#000123DCFFFD6704
(1790953606.487081) can0 2A5#000007BF000007CA
(1790953606.487086) can0 2A6#FFFFF84700000253
(1790953606.487237) can0 2A7#00004EADFFFFF5D5
(1790953606.491493) can0 2A1#0100010000000000
(1790953606.491615) can0 2A2#0000D606000008AE
(1790953606.491715) can0 2A3#0002EB29FFFD5D68
(1790953606.491840) can0 2A4#000123DCFFFD6704
(1790953606.492058) can0 2A5#000007BF000007CA
(1790953606.492224) can0 2A6#FFFFF84700000253
(1790953606.492229) can0 2A7#00004EADFFFFF5D5
(1790953606.496564) can0 2A1#0100010000000000
(1790953606.496594) can0 2A2#0000D606000008AE
(1790953606.496776) can0 2A3#0002EB29FFFD5D68
(1790953606.496890) can0 2A4#000123DCFFFD6704
(1790953606.497039) can0 2A5#000007BF000007CA
(1790953606.497199) can0 2A6#FFFFF84700000253
(1790953606.497204) can0 2A7#00004EADFFFFF5D5
(1790953606.501744) can0 2A1#0100010000000000
(1790953606.501780) can0 2A2#0000D606000008AE
(1790953606.501783) can0 2A3#0002EB29FFFD5D68
(1790953606.501845) can0 2A4#000123DCFFFD6704
(1790953606.501971) can0 2A5#000007BF000007CA
(1790953606.502096) can0 2A6#FFFFF84700000253
(1790953606.502220) can0 2A7#00004EADFFFFF5D5
(1790953606.506576) can0 2A1#0100010000000000
(1790953606.506596) can0 2A2#0000D606000008AE
(1790953606.506772) can0 2A3#0002EB29FFFD5D68
(1790953606.506944) can0 2A4#000123DCFFFD6704
(1790953606.506969) can0 2A5#000007BF000007CA
(1790953606.507163) can0 2A6#FFFFF84700000253
(1790953606.507332) can0 2A7#00004EADFFFFF5D5
(1790953606.511565) can0 2A1#0100010000000000
(1790953606.511595) can0 2A2#0000D606000008AE
(1790953606.511809) can0 2A3#0002EB29FFFD5D68
(1790953606.511977) can0 2A4#000123DCFFFD6704
(1790953606.511983) can0 2A5#000007BF000007CA
(1790953606.512149) can0 2A6#FFFFF84700000253
(1790953606.512326) can0 2A7#00004EADFFFFF5D5
(1790953606.516596) can0 2A1#0100010000000000
(1790953606.516607) can0 2A2#0000D606000008AE
(1790953606.516781) can0 2A3#0002EB29FFFD5D68
(1790953606.516944) can0 2A4#000123DCFFFD6704
(1790953606.516951) can0 2A5#000007BF000007CA
(1790953606.517152) can0 2A6#FFFFF84700000253
(1790953606.517330) can0 2A7#00004EADFFFFF5D5
(1790953606.521601) can0 2A1#0100010000000000
(1790953606.521644) can0 2A2#0000D606000008AE
(1790953606.521720) can0 2A3#0002EB29FFFD5D68
(1790953606.521842) can0 2A4#000123DCFFFD6704
(1790953606.522060) can0 2A5#000007BF000007CA
(1790953606.522091) can0 2A6#FFFFF84700000253
(1790953606.522310) can0 2A7#00004EADFFFFF5D5
(1790953606.526497) can0 2A1#0100010000000000
(1790953606.526593) can0 2A2#0000D606000008AE
(1790953606.526716) can0 2A3#0002EB29FFFD5D68
(1790953606.526841) can0 2A4#000123DCFFFD6704
(1790953606.527022) can0 2A5#000007BF000007CA
(1790953606.527199) can0 2A6#FFFFF84700000253
(1790953606.527207) can0 2A7#00004EADFFFFF5D5
(1790953606.531625) can0 2A1#0100010000000000
(1790953606.531661) can0 2A2#0000D606000008AE
(1790953606.531718) can0 2A3#0002EB29FFFD5D68
(1790953606.532005) can0 2A4#000123DCFFFD6704
(1790953606.532016) can0 2A5#000007BF000007CA
(1790953606.532242) can0 2A6#FFFFF84700000253
(1790953606.532254) can0 2A7#00004EADFFFFF5D5
(1790953606.536564) can0 2A1#0100010000000000
(1790953606.536600) can0 2A2#0000D606000008AE
(1790953606.536777) can0 2A3#0002EB29FFFD5D68
(1790953606.536934) can0 2A4#000123DCFFFD6704
(1790953606.536967) can0 2A5#000007BF000007CA
(1790953606.537069) can0 2A6#FFFFF84700000253
(1790953606.537193) can0 2A7#00004EADFFFFF5D5
(1790953606.541602) can0 2A1#0100010000000000
(1790953606.541619) can0 2A2#0000D606000008AE
(1790953606.541725) can0 2A3#0002EB29FFFD5D68
(1790953606.541943) can0 2A4#000123DCFFFD6704
(1790953606.541969) can0 2A5#000007BF000007CA
(1790953606.542166) can0 2A6#FFFFF84700000253
(1790953606.542326) can0 2A7#00004EADFFFFF5D5
(1790953606.546615) can0 2A1#0100010000000000
(1790953606.546624) can0 2A2#0000D606000008AE
(1790953606.546816) can0 2A3#0002EB29FFFD5D68
(1790953606.546842) can0 2A4#000123DCFFFD6704
(1790953606.547023) can0 2A5#000007BF000007CA
(1790953606.547221) can0 2A6#FFFFF84700000253
(1790953606.547225) can0 2A7#00004EADFFFFF5D5
(1790953606.551622) can0 2A1#0100010000000000
(1790953606.551648) can0 2A2#0000D606000008AE
(1790953606.551745) can0 2A3#0002EB29FFFD5D68
(1790953606.551845) can0 2A4#000123DCFFFD6704
(1790953606.552078) can0 2A5#000007BF000007CA
(1790953606.552100) can0 2A6#FFFFF84700000253
(1790953606.552348) can0 2A7#00004EADFFFFF5D5
(1790953606.556623) can0 2A1#0100010000000000
(1790953606.556635) can0 2A2#0000D606000008AE
(1790953606.556773) can0 2A3#0002EB29FFFD5D68
(1790953606.556968) can0 2A4#000123DCFFFD6704
(1790953606.556974) can0 2A5#000007BF000007CA
(1790953606.557149) can0 2A6#FFFFF84700000253
(1790953606.557273) can0 2A7#00004EADFFFFF5D5
(1790953606.561601) can0 2A1#0100010000000000
(1790953606.561609) can0 2A2#0000D606000008AE
(1790953606.561812) can0 2A3#0002EB29FFFD5D68
(1790953606.562034) can0 2A4#000123DCFFFD6704
(1790953606.562039) can0 2A5#000007BF000007CA
(1790953606.562273) can0 2A6#FFFFF84700000253
(1790953606.562281) can0 2A7#00004EADFFFFF5D5
(1790953606.566570) can0 2A1#0100010000000000
(1790953606.566596) can0 2A2#0000D606000008AE
(1790953606.566745) can0 2A3#0002EB29FFFD5D68
(1790953606.566844) can0 2A4#000123DCFFFD6704
(1790953606.567080) can0 2A5#000007BF000007CA
(1790953606.567085) can0 2A6#FFFFF84700000253
(1790953606.567264) can0 2A7#00004EADFFFFF5D5
(1790953606.571641) can0 2A1#0100010000000000
(1790953606.571652) can0 2A2#0000D606000008AE
(1790953606.571719) can0 2A3#0002EB29FFFD5D68
(1790953606.572011) can0 2A4#000123DCFFFD6704
(1790953606.572022) can0 2A5#000007BF000007CA
(1790953606.572100) can0 2A6#FFFFF84700000253
(1790953606.572302) can0 2A7#00004EADFFFFF5D5
(1790953606.576494) can0 2A1#0100010000000000
(1790953606.576599) can0 2A2#0000D606000008AE
(1790953606.576722) can0 2A3#0002EB29FFFD5D68
(1790953606.576846) can0 2A4#000123DCFFFD6704
(1790953606.576972) can0 2A5#000007BF000007CA
(1790953606.577070) can0 2A6#FFFFF84700000253
(1790953606.577204) can0 2A7#00004EADFFFFF5D5
(1790953606.581601) can0 2A1#0100010000000000
(1790953606.581621) can0 2A2#0000D606000008AE
(1790953606.581776) can0 2A3#0002EB29FFFD5D68
(1790953606.581841) can0 2A4#000123DCFFFD6704
(1790953606.581968) can0 2A5#000007BF000007CA
(1790953606.582094) can0 2A6#FFFFF84700000253
(1790953606.582217) can0 2A7#00004EADFFFFF5D5
(1790953606.586489) can0 2A1#0100010000000000
(1790953606.586597) can0 2A2#0000D606000008AE
(1790953606.586720) can0 2A3#0002EB29FFFD5D68
(1790953606.586844) can0 2A4#000123DCFFFD6704
(1790953606.586970) can0 2A5#000007BF000007CA
(1790953606.587069) can0 2A6#FFFFF84700000253
(1790953606.587194) can0 2A7#00004EADFFFFF5D5
(1790953606.591689) can0 2A1#0100010000000000
(1790953606.591701) can0 2A2#0000D606000008AE
(1790953606.591837) can0 2A3#0002EB29FFFD5D68
(1790953606.591971) can0 2A4#000123DCFFFD6704
(1790953606.591977) can0 2A5#000007BF000007CA
(1790953606.592162) can0 2A6#FFFFF84700000253
(1790953606.592296) can0 2A7#00004EADFFFFF5D5
(1790953606.596536) can0 2A1#0100010000000000
(1790953606.596592) can0 2A2#0000D606000008AE
(1790953606.596813) can0 2A3#0002EB29FFFD5D68
(1790953606.596839) can0 2A4#000123DCFFFD6704
(1790953606.596968) can0 2A5#000007BF000007CA
(1790953606.597092) can0 2A6#FFFFF84700000253
(1790953606.597191) can0 2A7#00004EADFFFFF5D5
(1790953606.601575) can0 2A1#0100010000000000
(1790953606.601616) can0 2A2#0000D606000008AE
(1790953606.601824) can0 2A3#0002EB29FFFD5D68
(1790953606.601864) can0 2A4#000123DCFFFD6704
(1790953606.602073) can0 2A5#000007BF000007CA
(1790953606.602099) can0 2A6#FFFFF84700000253
(1790953606.602309) can0 2A7#00004EADFFFFF5D5
(1790953606.606667) can0 2A1#0100010000000000
(1790953606.606684) can0 2A2#0000D606000008AE
(1790953606.606717) can0 2A3#0002EB29FFFD5D68
(1790953606.606931) can0 2A4#000123DCFFFD6704
(1790953606.606967) can0 2A5#000007BF000007CA
(1790953606.607183) can0 2A6#FFFFF84700000253
(1790953606.607217) can0 2A7#00004EADFFFFF5D5
(1790953606.611621) can0 2A1#0100010000000000
(1790953606.611636) can0 2A2#0000D606000008AE
(1790953606.611744) can0 2A3#0002EB29FFFD5D68
(1790953606.611890) can0 2A4#000123DCFFFD6704
(1790953606.612047) can0 2A5#000007BF000007CA
(1790953606.612094) can0 2A6#FFFFF84700000253
(1790953606.612217) can0 2A7#00004EADFFFFF5D5
(1790953606.616510) can0 2A1#0100010000000000
(1790953606.616595) can0 2A2#0000D606000008AE
(1790953606.616718) can0 2A3#0002EB29FFFD5D68
(1790953606.616842) can0 2A4#000123DCFFFD6704
(1790953606.616968) can0 2A5#000007BF000007CA
(1790953606.617095) can0 2A6#FFFFF84700000253
(1790953606.617192) can0 2A7#00004EADFFFFF5D5
(1790953606.621504) can0 2A1#0100010000000000
(1790953606.621621) can0 2A2#0000D606000008AE
(1790953606.621742) can0 2A3#0002EB29FFFD5D68
(1790953606.621841) can0 2A4#000123DCFFFD6704
(1790953606.621967) can0 2A5#000007BF000007CA
(1790953606.622092) can0 2A6#FFFFF84700000253
(1790953606.622217) can0 2A7#00004EADFFFFF5D5
(1790953606.626484) can0 2A1#0100010000000000
(1790953606.626598) can0 2A2#0000D606000008AE
(1790953606.626720) can0 2A3#0002EB29FFFD5D68
(1790953606.626916) can0 2A4#000123DCFFFD6704
(1790953606.627107) can0 2A5#000007BF000007CA
(1790953606.627112) can0 2A6#FFFFF84700000253
(1790953606.627275) can0 2A7#00004EADFFFFF5D5
(1790953606.631508) can0 2A1#0100010000000000
(1790953606.631619) can0 2A2#0000D606000008AE
(1790953606.631719) can0 2A3#0002EB29FFFD5D68
(1790953606.631843) can0 2A4#000123DCFFFD6704
(1790953606.631968) can0 2A5#000007BF000007CA
(1790953606.632094) can0 2A6#FFFFF84700000253
(1790953606.632217) can0 2A7#00004EADFFFFF5D5
(1790953606.636498) can0 2A1#0100010000000000
(1790953606.636591) can0 2A2#0000D606000008AE
(1790953606.636716) can0 2A3#0002EB29FFFD5D68
(1790953606.636814) can0 2A4#000123DCFFFD6704
(1790953606.636966) can0 2A5#000007BF000007CA
(1790953606.637065) can0 2A6#FFFFF84700000253
(1790953606.637191) can0 2A7#00004EADFFFFF5D5
(1790953606.641506) can0 2A1#0100010000000000
(1790953606.641619) can0 2A2#0000D606000008AE
(1790953606.641714) can0 2A3#0002EB29FFFD5D68
(1790953606.641839) can0 2A4#000123DCFFFD6704
(1790953606.641964) can0 2A5#000007BF000007CA
(1790953606.642089) can0 2A6#FFFFF84700000253
(1790953606.642215) can0 2A7#00004EADFFFFF5D5
(1790953606.646504) can0 2A1#0100010000000000
(1790953606.646594) can0 2A2#0000D606000008AE
(1790953606.646718) can0 2A3#0002EB29FFFD5D68
(1790953606.646841) can0 2A4#000123DCFFFD6704
(1790953606.646968) can0 2A5#000007BF000007CA
(1790953606.647092) can0 2A6#FFFFF84700000253
(1790953606.647193) can0 2A7#00004EADFFFFF5D5
(1790953606.651524) can0 2A1#0100010000000000
(1790953606.651621) can0 2A2#0000D606000008AE
(1790953606.651719) can0 2A3#0002EB29FFFD5D68
(1790953606.651844) can0 2A4#000123DCFFFD6704
(1790953606.651968) can0 2A5#000007BF000007CA
(1790953606.652093) can0 2A6#FFFFF84700000253
(1790953606.652218) can0 2A7#00004EADFFFFF5D5
(1790953606.656478) can0 2A1#0100010000000000
(1790953606.656591) can0 2A2#0000D606000008AE
(1790953606.656715) can0 2A3#0002EB29FFFD5D68
(1790953606.656840) can0 2A4#000123DCFFFD6704
(1790953606.656964) can0 2A5#000007BF000007CA
(1790953606.657065) can0 2A6#FFFFF84700000253
(1790953606.657190) can0 2A7#00004EADFFFFF5D5
(1790953606.661497) can0 2A1#0100010000000000
(1790953606.661616) can0 2A2#0000D606000008AE
(1790953606.661715) can0 2A3#0002EB29FFFD5D68
(1790953606.661839) can0 2A4#000123DCFFFD6704
(1790953606.661966) can0 2A5#000007BF000007CA
(1790953606.662091) can0 2A6#FFFFF84700000253
(1790953606.662214) can0 2A7#00004EADFFFFF5D5
(1790953606.666508) can0 2A1#0100010000000000
(1790953606.666596) can0 2A2#0000D606000008AE
(1790953606.666717) can0 2A3#0002EB29FFFD5D68
(1790953606.666817) can0 2A4#000123DCFFFD6704
(1790953606.666968) can0 2A5#000007BF000007CA
(1790953606.667093) can0 2A6#FFFFF84700000253
(1790953606.667217) can0 2A7#00004EADFFFFF5D5
(1790953606.671503) can0 2A1#0100010000000000
(1790953606.671618) can0 2A2#0000D606000008AE
(1790953606.671717) can0 2A3#0002EB29FFFD5D68
(1790953606.671842) can0 2A4#000123DCFFFD6704
(1790953606.671975) can0 2A5#000007BF000007CA
(1790953606.672093) can0 2A6#FFFFF84700000253
(1790953606.672217) can0 2A7#00004EADFFFFF5D5
(1790953606.676507) can0 2A1#0100010000000000
(1790953606.676594) can0 2A2#0000D606000008AE
(1790953606.676717) can0 2A3#0002EB29FFFD5D68
(1790953606.676842) can0 2A4#000123DCFFFD6704
(1790953606.676967) can0 2A5#000007BF000007CA
(1790953606.677092) can0 2A6#FFFFF84700000253
(1790953606.677193) can0 2A7#00004EADFFFFF5D5
(1790953606.681503) can0 2A1#0100010000000000
(1790953606.681621) can0 2A2#0000D606000008AE
(1790953606.681721) can0 2A3#0002EB29FFFD5D68
(1790953606.681846) can0 2A4#000123DCFFFD6704
(1790953606.681969) can0 2A5#000007BF000007CA
(1790953606.682095) can0 2A6#FFFFF84700000253
(1790953606.682220) can0 2A7#00004EADFFFFF5D5
(1790953606.686498) can0 2A1#0100010000000000
(1790953606.686593) can0 2A2#0000D606000008AE
(1790953606.686716) can0 2A3#0002EB29FFFD5D68
(1790953606.686840) can0 2A4#000123DCFFFD6704
(1790953606.686942) can0 2A5#000007BF000007CA
(1790953606.687091) can0 2A6#FFFFF84700000253
(1790953606.687191) can0 2A7#00004EADFFFFF5D5
(1790953606.691518) can0 2A1#0100010000000000
(1790953606.691617) can0 2A2#0000D606000008AE
(1790953606.691716) can0 2A3#0002EB29FFFD5D68
(1790953606.691841) can0 2A4#000123DCFFFD6704
(1790953606.691965) can0 2A5#000007BF000007CA
(1790953606.692091) can0 2A6#FFFFF84700000253
(1790953606.692216) can0 2A7#00004EADFFFFF5D5
(1790953606.696472) can0 2A1#0100010000000000
(1790953606.696591) can0 2A2#0000D606000008AE
(1790953606.696716) can0 2A3#0002EB29FFFD5D68
(1790953606.696842) can0 2A4#000123DCFFFD6704
(1790953606.696966) can0 2A5#000007BF000007CA
(1790953606.697091) can0 2A6#FFFFF84700000253
(1790953606.697191) can0 2A7#00004EADFFFFF5D5
(1790953606.701532) can0 2A1#0100010000000000
(1790953606.701618) can0 2A2#0000D606000008AE
(1790953606.701716) can0 2A3#0002EB29FFFD5D68
(1790953606.701867) can0 2A4#000123DCFFFD6704
(1790953606.701966) can0 2A5#000007BF000007CA
(1790953606.702091) can0 2A6#FFFFF84700000253
(1790953606.702216) can0 2A7#00004EADFFFFF5D5
(1790953606.706480) can0 2A1#0100010000000000
(1790953606.706617) can0 2A2#0000D606000008AE
(1790953606.706716) can0 2A3#0002EB29FFFD5D68
(1790953606.706844) can0 2A4#000123DCFFFD6704
(1790953606.706945) can0 2A5#000007BF000007CA
(1790953606.707068) can0 2A6#FFFFF84700000253
(1790953606.707193) can0 2A7#00004EADFFFFF5D5
(1790953606.711492) can0 2A1#0100010000000000
(1790953606.711618) can0 2A2#0000D606000008AE
(1790953606.711717) can0 2A3#0002EB29FFFD5D68
(1790953606.711843) can0 2A4#000123DCFFFD6704
(1790953606.711969) can0 2A5#000007BF000007CA
(1790953606.712091) can0 2A6#FFFFF84700000253
(1790953606.712216) can0 2A7#00004EADFFFFF5D5
(1790953606.716478) can0 2A1#0100010000000000
(1790953606.716620) can0 2A2#0000D606000008AE
(1790953606.716717) can0 2A3#0002EB29FFFD5D68
(1790953606.716843) can0 2A4#000123DCFFFD6704
(1790953606.716967) can0 2A5#000007BF000007CA
(1790953606.717067) can0 2A6#FFFFF84700000253
(1790953606.717192) can0 2A7#00004EADFFFFF5D5
(1790953606.721495) can0 2A1#0100010000000000
(1790953606.721618) can0 2A2#0000D606000008AE
(1790953606.721717) can0 2A3#0002EB29FFFD5D68
(1790953606.721843) can0 2A4#000123DCFFFD6704
(1790953606.721967) can0 2A5#000007BF000007CA
(1790953606.722094) can0 2A6#FFFFF84700000253
(1790953606.722218) can0 2A7#00004EADFFFFF5D5
(1790953606.726470) can0 2A1#0100010000000000
(1790953606.726591) can0 2A2#0000D606000008AE
(1790953606.726716) can0 2A3#0002EB29FFFD5D68
(1790953606.726841) can0 2A4#000123DCFFFD6704
(1790953606.726966) can0 2A5#000007BF000007CA
(1790953606.727090) can0 2A6#FFFFF84700000253
(1790953606.727190) can0 2A7#00004EADFFFFF5D5
(1790953606.731506) can0 2A1#0100010000000000
(1790953606.731617) can0 2A2#0000D606000008AE
(1790953606.731716) can0 2A3#0002EB29FFFD5D68
(1790953606.731842) can0 2A4#000123DCFFFD6704
(1790953606.731966) can0 2A5#000007BF000007CA
(1790953606.732091) can0 2A6#FFFFF84700000253
(1790953606.732216) can0 2A7#00004EADFFFFF5D5
(1790953606.736477) can0 2A1#0100010000000000
(1790953606.736616) can0 2A2#0000D606000008AE
(1790953606.736716) can0 2A3#0002EB29FFFD5D68
(1790953606.736841) can0 2A4#000123DCFFFD6704
(1790953606.736966) can0 2A5#000007BF000007CA
(1790953606.737092) can0 2A6#FFFFF84700000253
(1790953606.737191) can0 2A7#00004EADFFFFF5D5
(1790953606.741504) can0 2A1#0100010000000000
(1790953606.741616) can0 2A2#0000D606000008AE
(1790953606.741716) can0 2A3#0002EB29FFFD5D68
(1790953606.741847) can0 2A4#000123DCFFFD6704
(1790953606.741967) can0 2A5#000007BF000007CA
(1790953606.742091) can0 2A6#FFFFF84700000253
(1790953606.742220) can0 2A7#00004EADFFFFF5D5
(1790953606.746502) can0 2A1#0100010000000000
(1790953606.746593) can0 2A2#0000D606000008AE
(1790953606.746717) can0 2A3#0002EB29FFFD5D68
(1790953606.746841) can0 2A4#000123DCFFFD6704
(1790953606.746968) can0 2A5#000007BF000007CA
(1790953606.747091) can0 2A6#FFFFF84700000253
(1790953606.747191) can0 2A7#00004EADFFFFF5D5
(1790953606.751507) can0 2A1#0100010000000000
(1790953606.751618) can0 2A2#0000D606000008AE
(1790953606.751741) can0 2A3#0002EB29FFFD5D68
(1790953606.751841) can0 2A4#000123DCFFFD6704
(1790953606.751966) can0 2A5#000007BF000007CA
(1790953606.752091) can0 2A6#FFFFF84700000253
(1790953606.752216) can0 2A7#00004EADFFFFF5D5
(1790953606.756500) can0 2A1#0100010000000000
(1790953606.756616) can0 2A2#0000D606000008AE
(1790953606.756716) can0 2A3#0002EB29FFFD5D68
(1790953606.756843) can0 2A4#000123DCFFFD6704
(1790953606.756943) can0 2A5#000007BF000007CA
(1790953606.757068) can0 2A6#FFFFF84700000253
(1790953606.757193) can0 2A7#00004EADFFFFF5D5
(1790953606.761500) can0 2A1#0100010000000000
(1790953606.761616) can0 2A2#0000D606000008AE
(1790953606.761720) can0 2A3#0002EB29FFFD5D68
(1790953606.761843) can0 2A4#000123DCFFFD6704
(1790953606.761983) can0 2A5#000007BF000007CA
(1790953606.762095) can0 2A6#FFFFF84700000253
(1790953606.762218) can0 2A7#00004EADFFFFF5D5
(1790953606.766493) can0 2A1#0100010000000000
(1790953606.766591) can0 2A2#0000D606000008AE
(1790953606.766716) can0 2A3#0002EB29FFFD5D68
(1790953606.766841) can0 2A4#000123DCFFFD6704
(1790953606.766967) can0 2A5#000007BF000007CA
(1790953606.767091) can0 2A6#FFFFF84700000253
(1790953606.767191) can0 2A7#00004EADFFFFF5D5
(1790953606.771510) can0 2A1#0100010000000000
(1790953606.771617) can0 2A2#0000D606000008AE
(1790953606.771741) can0 2A3#0002EB29FFFD5D68
(1790953606.771872) can0 2A4#000123DCFFFD6704
(1790953606.771969) can0 2A5#000007BF000007CA
(1790953606.772095) can0 2A6#FFFFF84700000253
(1790953606.772218) can0 2A7#00004EADFFFFF5D5
(1790953606.776494) can0 2A1#0100010000000000
(1790953606.776593) can0 2A2#0000D606000008AE
(1790953606.776717) can0 2A3#0002EB29FFFD5D68
(1790953606.776841) can0 2A4#000123DCFFFD6704
(1790953606.776967) can0 2A5#000007BF000007CA
(1790953606.777092) can0 2A6#FFFFF84700000253
(1790953606.777192) can0 2A7#00004EADFFFFF5D5
(1790953606.781512) can0 2A1#0100010000000000
(1790953606.781618) can0 2A2#0000D606000008AE
(1790953606.781717) can0 2A3#0002EB29FFFD5D68
(1790953606.781874) can0 2A4#000123DCFFFD6704
(1790953606.781967) can0 2A5#000007BF000007CA
(1790953606.782092) can0 2A6#FFFFF84700000253
(1790953606.782217) can0 2A7#00004EADFFFFF5D5
(1790953606.786499) can0 2A1#0100010000000000
(1790953606.786617) can0 2A2#0000D606000008AE
(1790953606.786718) can0 2A3#0002EB29FFFD5D68
(1790953606.786841) can0 2A4#000123DCFFFD6704
(1790953606.786967) can0 2A5#000007BF000007CA
(1790953606.787068) can0 2A6#FFFFF84700000253
(1790953606.787192) can0 2A7#00004EADFFFFF5D5
(1790953606.791495) can0 2A1#0100010000000000
(1790953606.791617) can0 2A2#0000D606000008AE
(1790953606.791717) can0 2A3#0002EB29FFFD5D68
(1790953606.791841) can0 2A4#000123DCFFFD6704
(1790953606.791966) can0 2A5#000007BF000007CA
(1790953606.792091) can0 2A6#FFFFF84700000253
(1790953606.792217) can0 2A7#00004EADFFFFF5D5
(1790953606.796517) can0 2A1#0100010000000000
(1790953606.796593) can0 2A2#0000D606000008AE
(1790953606.796717) can0 2A3#0002EB29FFFD5D68
(1790953606.796842) can0 2A4#000123DCFFFD6704
(1790953606.796967) can0 2A5#000007BF000007CA
(1790953606.797092) can0 2A6#FFFFF84700000253
(1790953606.797217) can0 2A7#00004EADFFFFF5D5
(1790953606.801497) can0 2A1#0100010000000000
(1790953606.801617) can0 2A2#0000D606000008AE
(1790953606.801717) can0 2A3#0002EB29FFFD5D68
(1790953606.801842) can0 2A4#000123DCFFFD6704
(1790953606.801969) can0 2A5#000007BF000007CA
(1790953606.802094) can0 2A6#FFFFF84700000253
(1790953606.802219) can0 2A7#00004EADFFFFF5D5
(1790953606.806471) can0 2A1#0100010000000000
(1790953606.806617) can0 2A2#0000D606000008AE
(1790953606.806716) can0 2A3#0002EB29FFFD5D68
(1790953606.806841) can0 2A4#000123DCFFFD6704
(1790953606.806968) can0 2A5#000007BF000007CA
(1790953606.807067) can0 2A6#FFFFF84700000253
(1790953606.807191) can0 2A7#00004EADFFFFF5D5
(1790953606.811503) can0 2A1#0100010000000000
(1790953606.811618) can0 2A2#0000D606000008AE
(1790953606.811718) can0 2A3#0002EB29FFFD5D68
(1790953606.811843) can0 2A4#000123DCFFFD6704
(1790953606.811969) can0 2A5#000007BF000007CA
(1790953606.812095) can0 2A6#FFFFF84700000253
(1790953606.812216) can0 2A7#00004EADFFFFF5D5
(1790953606.816475) can0 2A1#0100010000000000
(1790953606.816627) can0 2A2#0000D606000008AE
(1790953606.816718) can0 2A3#0002EB29FFFD5D68
(1790953606.816841) can0 2A4#000123DCFFFD6704
(1790953606.816968) can0 2A5#000007BF000007CA
(1790953606.817067) can0 2A6#FFFFF84700000253
(1790953606.817191) can0 2A7#00004EADFFFFF5D5
(1790953606.821507) can0 2A1#0100010000000000
(1790953606.821618) can0 2A2#0000D606000008AE
(1790953606.821717) can0 2A3#0002EB29FFFD5D68
(1790953606.821844) can0 2A4#000123DCFFFD6704
(1790953606.821970) can0 2A5#000007BF000007CA
(1790953606.822092) can0 2A6#FFFFF84700000253
(1790953606.822219) can0 2A7#00004EADFFFFF5D5
(1790953606.826502) can0 2A1#0100010000000000
(1790953606.826593) can0 2A2#0000D606000008AE
(1790953606.826716) can0 2A3#0002EB29FFFD5D68
(1790953606.826841) can0 2A4#000123DCFFFD6704
(1790953606.826972) can0 2A5#000007BF000007CA
(1790953606.827096) can0 2A6#FFFFF84700000253
(1790953606.827193) can0 2A7#00004EADFFFFF5D5
(1790953606.831508) can0 2A1#0100010000000000
(1790953606.831618) can0 2A2#0000D606000008AE
(1790953606.831742) can0 2A3#0002EB29FFFD5D68
(1790953606.831888) can0 2A4#000123DCFFFD6704
(1790953606.831968) can0 2A5#000007BF000007CA
(1790953606.832093) can0 2A6#FFFFF84700000253
(1790953606.832216) can0 2A7#00004EADFFFFF5D5
(1790953606.836510) can0 2A1#0100010000000000
(1790953606.836617) can0 2A2#0000D606000008AE
(1790953606.836717) can0 2A3#0002EB29FFFD5D68
(1790953606.836842) can0 2A4#000123DCFFFD6704
(1790953606.836969) can0 2A5#000007BF000007CA
(1790953606.837067) can0 2A6#FFFFF84700000253
(1790953606.837191) can0 2A7#00004EADFFFFF5D5
(1790953606.841506) can0 2A1#0100010000000000
(1790953606.841616) can0 2A2#0000D606000008AE
(1790953606.841716) can0 2A3#0002EB29FFFD5D68
(1790953606.841842) can0 2A4#000123DCFFFD6704
(1790953606.841967) can0 2A5#000007BF000007CA
(1790953606.842092) can0 2A6#FFFFF84700000253
(1790953606.842216) can0 2A7#00004EADFFFFF5D5
(1790953606.846516) can0 2A1#0100010000000000
(1790953606.846617) can0 2A2#0000D606000008AE
(1790953606.846716) can0 2A3#0002EB29FFFD5D68
(1790953606.846842) can0 2A4#000123DCFFFD6704
(1790953606.846966) can0 2A5#000007BF000007CA
(1790953606.847091) can0 2A6#FFFFF84700000253
(1790953606.847216) can0 2A7#00004EADFFFFF5D5
(1790953606.851521) can0 2A1#0100010000000000
(1790953606.851618) can0 2A2#0000D606000008AE
(1790953606.851727) can0 2A3#0002EB29FFFD5D68
(1790953606.851844) can0 2A4#000123DCFFFD6704
(1790953606.851966) can0 2A5#000007BF000007CA
(1790953606.852094) can0 2A6#FFFFF84700000253
(1790953606.852218) can0 2A7#00004EADFFFFF5D5
(1790953606.856517) can0 2A1#0100010000000000
(1790953606.856592) can0 2A2#0000D606000008AE
(1790953606.856718) can0 2A3#0002EB29FFFD5D68
(1790953606.856842) can0 2A4#000123DCFFFD6704
(1790953606.856968) can0 2A5#000007BF000007CA
(1790953606.857091) can0 2A6#FFFFF84700000253
(1790953606.857220) can0 2A7#00004EADFFFFF5D5
(1790953606.861506) can0 2A1#0100010000000000
(1790953606.861631) can0 2A2#0000D606000008AE
(1790953606.861743) can0 2A3#0002EB29FFFD5D68
(1790953606.861870) can0 2A4#000123DCFFFD6704
(1790953606.861968) can0 2A5#000007BF000007CA
(1790953606.862093) can0 2A6#FFFFF84700000253
(1790953606.862218) can0 2A7#00004EADFFFFF5D5
(1790953606.866498) can0 2A1#0100010000000000
(1790953606.866593) can0 2A2#0000D606000008AE
(1790953606.866717) can0 2A3#0002EB29FFFD5D68
(1790953606.866842) can0 2A4#000123DCFFFD6704
(1790953606.866968) can0 2A5#000007BF000007CA
(1790953606.867091) can0 2A6#FFFFF84700000253
(1790953606.867192) can0 2A7#00004EADFFFFF5D5
(1790953606.871562) can0 2A1#0100010000000000
(1790953606.871643) can0 2A2#0000D606000008AE
(1790953606.871744) can0 2A3#0002EB29FFFD5D68
(1790953606.871843) can0 2A4#000123DCFFFD6704
(1790953606.871970) can0 2A5#000007BF000007CA
(1790953606.872094) can0 2A6#FFFFF84700000253
(1790953606.872228) can0 2A7#00004EADFFFFF5D5
(1790953606.876481) can0 2A1#0100010000000000
(1790953606.876598) can0 2A2#0000D606000008AE
(1790953606.876722) can0 2A3#0002EB29FFFD5D68
(1790953606.876848) can0 2A4#000123DCFFFD6704
(1790953606.876977) can0 2A5#000007BF000007CA
(1790953606.877102) can0 2A6#FFFFF84700000253
(1790953606.877198) can0 2A7#00004EADFFFFF5D5
(1790953606.881497) can0 2A1#0100010000000000
(1790953606.881622) can0 2A2#0000D606000008AE
(1790953606.881746) can0 2A3#0002EB29FFFD5D68
(1790953606.881841) can0 2A4#000123DCFFFD6704
(1790953606.881977) can0 2A5#000007BF000007CA
(1790953606.882094) can0 2A6#FFFFF84700000253
(1790953606.882216) can0 2A7#00004EADFFFFF5D5
(1790953606.886491) can0 2A1#0100010000000000
(1790953606.886597) can0 2A2#0000D606000008AE
(1790953606.886721) can0 2A3#0002EB29FFFD5D68
(1790953606.886846) can0 2A4#000123DCFFFD6704
(1790953606.886946) can0 2A5#000007BF000007CA
(1790953606.887071) can0 2A6#FFFFF84700000253
(1790953606.887196) can0 2A7#00004EADFFFFF5D5
(1790953606.891494) can0 2A1#0100010000000000
(1790953606.891617) can0 2A2#0000D606000008AE
(1790953606.891743) can0 2A3#0002EB29FFFD5D68
(1790953606.891872) can0 2A4#000123DCFFFD6704
(1790953606.891971) can0 2A5#000007BF000007CA
(1790953606.892096) can0 2A6#FFFFF84700000253
(1790953606.892219) can0 2A7#00004EADFFFFF5D5
(1790953606.896505) can0 2A1#0100010000000000
(1790953606.896618) can0 2A2#0000D606000008AE
(1790953606.896717) can0 2A3#0002EB29FFFD5D68
(1790953606.896843) can0 2A4#000123DCFFFD6704
(1790953606.896968) can0 2A5#000007BF000007CA
(1790953606.897068) can0 2A6#FFFFF84700000253
(1790953606.897218) can0 2A7#00004EADFFFFF5D5
(1790953606.901509) can0 2A1#0100010000000000
(1790953606.901622) can0 2A2#0000D606000008AE
(1790953606.901744) can0 2A3#0002EB29FFFD5D68
(1790953606.901875) can0 2A4#000123DCFFFD6704
(1790953606.901967) can0 2A5#000007BF000007CA
(1790953606.902094) can0 2A6#FFFFF84700000253
(1790953606.902219) can0 2A7#00004EADFFFFF5D5
(1790953606.906508) can0 2A1#0100010000000000
(1790953606.906603) can0 2A2#0000D606000008AE
(1790953606.906718) can0 2A3#0002EB29FFFD5D68
(1790953606.906843) can0 2A4#000123DCFFFD6704
(1790953606.906968) can0 2A5#000007BF000007CA
(1790953606.907094) can0 2A6#FFFFF84700000253
(1790953606.907218) can0 2A7#00004EADFFFFF5D5
(1790953606.911502) can0 2A1#0100010000000000
(1790953606.911619) can0 2A2#0000D606000008AE
(1790953606.911743) can0 2A3#0002EB29FFFD5D68
(1790953606.911889) can0 2A4#000123DCFFFD6704
(1790953606.911969) can0 2A5#000007BF000007CA
(1790953606.912093) can0 2A6#FFFFF84700000253
(1790953606.912217) can0 2A7#00004EADFFFFF5D5
(1790953606.916502) can0 2A1#0100010000000000
(1790953606.916596) can0 2A2#0000D606000008AE
(1790953606.916736) can0 2A3#0002EB29FFFD5D68
(1790953606.916843) can0 2A4#000123DCFFFD6704
(1790953606.916968) can0 2A5#000007BF000007CA
(1790953606.917095) can0 2A6#FFFFF84700000253
(1790953606.917199) can0 2A7#00004EADFFFFF5D5
(1790953606.921519) can0 2A1#0100010000000000
(1790953606.921622) can0 2A2#0000D606000008AE
(1790953606.921744) can0 2A3#0002EB29FFFD5D68
(1790953606.921876) can0 2A4#000123DCFFFD6704
(1790953606.921968) can0 2A5#000007BF000007CA
(1790953606.922092) can0 2A6#FFFFF84700000253
(1790953606.922217) can0 2A7#00004EADFFFFF5D5
(1790953606.926511) can0 2A1#0100010000000000
(1790953606.926594) can0 2A2#0000D606000008AE
(1790953606.926717) can0 2A3#0002EB29FFFD5D68
(1790953606.926842) can0 2A4#000123DCFFFD6704
(1790953606.926968) can0 2A5#000007BF000007CA
(1790953606.927094) can0 2A6#FFFFF84700000253
(1790953606.927218) can0 2A7#00004EADFFFFF5D5
(1790953606.931500) can0 2A1#0100010000000000
(1790953606.931618) can0 2A2#0000D606000008AE
(1790953606.931718) can0 2A3#0002EB29FFFD5D68
(1790953606.931869) can0 2A4#000123DCFFFD6704
(1790953606.931969) can0 2A5#000007BF000007CA
(1790953606.932094) can0 2A6#FFFFF84700000253
(1790953606.932219) can0 2A7#00004EADFFFFF5D5
(1790953606.936492) can0 2A1#0100010000000000
(1790953606.936598) can0 2A2#0000D606000008AE
(1790953606.936732) can0 2A3#0002EB29FFFD5D68
(1790953606.936849) can0 2A4#000123DCFFFD6704
(1790953606.936972) can0 2A5#000007BF000007CA
(1790953606.937072) can0 2A6#FFFFF84700000253
(1790953606.937198) can0 2A7#00004EADFFFFF5D5
(1790953606.941526) can0 2A1#0100010000000000
(1790953606.941627) can0 2A2#0000D606000008AE
(1790953606.941745) can0 2A3#0002EB29FFFD5D68
(1790953606.941842) can0 2A4#000123DCFFFD6704
(1790953606.941967) can0 2A5#000007BF000007CA
(1790953606.942092) can0 2A6#FFFFF84700000253
(1790953606.942218) can0 2A7#00004EADFFFFF5D5
(1790953606.946496) can0 2A1#0100010000000000
(1790953606.946589) can0 2A2#0000D606000008AE
(1790953606.946715) can0 2A3#0002EB29FFFD5D68
(1790953606.946840) can0 2A4#000123DCFFFD6704
(1790953606.946964) can0 2A5#000007BF000007CA
(1790953606.947089) can0 2A6#FFFFF84700000253
(1790953606.947189) can0 2A7#00004EADFFFFF5D5
(1790953606.951500) can0 2A1#0100010000000000
(1790953606.951615) can0 2A2#0000D606000008AE
(1790953606.951739) can0 2A3#0002EB29FFFD5D68
(1790953606.951865) can0 2A4#000123DCFFFD6704
(1790953606.951965) can0 2A5#000007BF000007CA
(1790953606.952089) can0 2A6#FFFFF84700000253
(1790953606.952214) can0 2A7#00004EADFFFFF5D5
(1790953606.956505) can0 2A1#0100010000000000
(1790953606.956592) can0 2A2#0000D606000008AE
(1790953606.956716) can0 2A3#0002EB29FFFD5D68
(1790953606.956841) can0 2A4#000123DCFFFD6704
(1790953606.956973) can0 2A5#000007BF000007CA
(1790953606.957068) can0 2A6#FFFFF84700000253
(1790953606.957219) can0 2A7#00004EADFFFFF5D5
(1790953606.961497) can0 2A1#0100010000000000
(1790953606.961618) can0 2A2#0000D606000008AE
(1790953606.961742) can0 2A3#0002EB29FFFD5D68
(1790953606.961869) can0 2A4#000123DCFFFD6704
(1790953606.961967) can0 2A5#000007BF000007CA
(1790953606.962091) can0 2A6#FFFFF84700000253
(1790953606.962217) can0 2A7#00004EADFFFFF5D5
(1790953606.966520) can0 2A1#0100010000000000
(1790953606.966597) can0 2A2#0000D606000008AE
(1790953606.966720) can0 2A3#0002EB29FFFD5D68
(1790953606.966842) can0 2A4#000123DCFFFD6704
(1790953606.966967) can0 2A5#000007BF000007CA
(1790953606.967093) can0 2A6#FFFFF84700000253
(1790953606.967217) can0 2A7#00004EADFFFFF5D5
(1790953606.971515) can0 2A1#0100010000000000
(1790953606.971620) can0 2A2#0000D606000008AE
(1790953606.971750) can0 2A3#0002EB29FFFD5D68
(1790953606.971882) can0 2A4#000123DCFFFD6704
(1790953606.971968) can0 2A5#000007BF000007CA
(1790953606.972094) can0 2A6#FFFFF84700000253
(1790953606.972218) can0 2A7#00004EADFFFFF5D5
(1790953606.976505) can0 2A1#0100010000000000
(1790953606.976620) can0 2A2#0000D606000008AE
(1790953606.976718) can0 2A3#0002EB29FFFD5D68
(1790953606.976843) can0 2A4#000123DCFFFD6704
(1790953606.976969) can0 2A5#000007BF000007CA
(1790953606.977068) can0 2A6#FFFFF84700000253
(1790953606.977194) can0 2A7#00004EADFFFFF5D5
(1790953606.981510) can0 2A1#0100010000000000
(1790953606.981621) can0 2A2#0000D606000008AE
(1790953606.981716) can0 2A3#0002EB29FFFD5D68
(1790953606.981842) can0 2A4#000123DCFFFD6704
(1790953606.981974) can0 2A5#000007BF000007CA
(1790953606.982108) can0 2A6#FFFFF84700000253
(1790953606.982222) can0 2A7#00004EADFFFFF5D5
(1790953606.986519) can0 2A1#0100010000000000
(1790953606.986591) can0 2A2#0000D606000008AE
(1790953606.986716) can0 2A3#0002EB29FFFD5D68
(1790953606.986840) can0 2A4#000123DCFFFD6704
(1790953606.986968) can0 2A5#000007BF000007CA
(1790953606.987091) can0 2A6#FFFFF84700000253
(1790953606.987190) can0 2A7#00004EADFFFFF5D5
(1790953606.991516) can0 2A1#0100010000000000
(1790953606.991620) can0 2A2#0000D606000008AE
(1790953606.991742) can0 2A3#0002EB29FFFD5D68
(1790953606.991870) can0 2A4#000123DCFFFD6704
(1790953606.991968) can0 2A5#000007BF000007CA
(1790953606.992092) can0 2A6#FFFFF84700000253
(1790953606.992217) can0 2A7#00004EADFFFFF5D5
(1790953606.996500) can0 2A1#0100010000000000
(1790953606.996591) can0 2A2#0000D606000008AE
(1790953606.996715) can0 2A3#0002EB29FFFD5D68
(1790953606.996841) can0 2A4#000123DCFFFD6704
(1790953606.996965) can0 2A5#000007BF000007CA
(1790953606.997090) can0 2A6#FFFFF84700000253
(1790953606.997190) can0 2A7#00004EADFFFFF5D5
(1790953607.001497) can0 2A1#0100010000000000
(1790953607.001616) can0 2A2#0000D606000008AE
(1790953607.001740) can0 2A3#0002EB29FFFD5D68
(1790953607.001901) can0 2A4#000123DCFFFD6704
(1790953607.001990) can0 2A5#000007BF000007CA
(1790953607.002090) can0 2A6#FFFFF84700000253
(1790953607.002215) can0 2A7#00004EADFFFFF5D5
(1790953607.006499) can0 2A1#0100010000000000
(1790953607.006591) can0 2A2#0000D606000008AE
(1790953607.006716) can0 2A3#0002EB29FFFD5D68
(1790953607.006840) can0 2A4#000123DCFFFD6704
(1790953607.006965) can0 2A5#000007BF000007CA
(1790953607.007090) can0 2A6#FFFFF84700000253
(1790953607.007190) can0 2A7#00004EADFFFFF5D5
(1790953607.011503) can0 2A1#0100010000000000
(1790953607.011617) can0 2A2#0000D606000008AE
(1790953607.011716) can0 2A3#0002EB29FFFD5D68
(1790953607.011880) can0 2A4#000123DCFFFD6704
(1790953607.011967) can0 2A5#000007BF000007CA
(1790953607.012091) can0 2A6#FFFFF84700000253
(1790953607.012216) can0 2A7#00004EADFFFFF5D5
(1790953607.016513) can0 2A1#0100010000000000
(1790953607.016616) can0 2A2#0000D606000008AE
(1790953607.016715) can0 2A3#0002EB29FFFD5D68
(1790953607.016840) can0 2A4#000123DCFFFD6704
(1790953607.016966) can0 2A5#000007BF000007CA
(1790953607.017065) can0 2A6#FFFFF84700000253
(1790953607.017191) can0 2A7#00004EADFFFFF5D5
(1790953607.021513) can0 2A1#0100010000000000
(1790953607.021616) can0 2A2#0000D606000008AE
(1790953607.021716) can0 2A3#0002EB29FFFD5D68
(1790953607.021905) can0 2A4#000123DCFFFD6704
(1790953607.021965) can0 2A5#000007BF000007CA
(1790953607.022089) can0 2A6#FFFFF84700000253
(1790953607.022215) can0 2A7#00004EADFFFFF5D5
(1790953607.026494) can0 2A1#0100010000000000
(1790953607.026614) can0 2A2#0000D606000008AE
(1790953607.026714) can0 2A3#0002EB29FFFD5D68
(1790953607.026839) can0 2A4#000123DCFFFD6704
(1790953607.026964) can0 2A5#000007BF000007CA
(1790953607.027064) can0 2A6#FFFFF84700000253
(1790953607.027189) can0 2A7#00004EADFFFFF5D5
(1790953607.031501) can0 2A1#0100010000000000
(1790953607.031619) can0 2A2#0000D606000008AE
(1790953607.031742) can0 2A3#0002EB29FFFD5D68
(1790953607.031841) can0 2A4#000123DCFFFD6704
(1790953607.031969) can0 2A5#000007BF000007CA
(1790953607.032091) can0 2A6#FFFFF84700000253
(1790953607.032216) can0 2A7#00004EADFFFFF5D5
(1790953607.036504) can0 2A1#0100010000000000
(1790953607.036592) can0 2A2#0000D606000008AE
(1790953607.036717) can0 2A3#0002EB29FFFD5D68
(1790953607.036841) can0 2A4#000123DCFFFD6704
(1790953607.036967) can0 2A5#000007BF000007CA
(1790953607.037066) can0 2A6#FFFFF84700000253
(1790953607.037216) can0 2A7#00004EADFFFFF5D5
(1790953607.041567) can0 2A1#0100010000000000
(1790953607.041656) can0 2A2#0000D606000008AE
(1790953607.041743) can0 2A3#0002EB29FFFD5D68
(1790953607.041842) can0 2A4#000123DCFFFD6704
(1790953607.041966) can0 2A5#000007BF000007CA
(1790953607.042091) can0 2A6#FFFFF84700000253
(1790953607.042191) can0 2A7#00004EADFFFFF5D5
(1790953607.046468) can0 2A1#0100010000000000
(1790953607.046617) can0 2A2#0000D606000008AE
(1790953607.046716) can0 2A3#0002EB29FFFD5D68
(1790953607.046841) can0 2A4#000123DCFFFD6704
(1790953607.046968) can0 2A5#000007BF000007CA
(1790953607.047091) can0 2A6#FFFFF84700000253
(1790953607.047192) can0 2A7#00004EADFFFFF5D5
(1790953607.051493) can0 2A1#0100010000000000
(1790953607.051621) can0 2A2#0000D606000008AE
(1790953607.051744) can0 2A3#0002EB29FFFD5D68
(1790953607.051843) can0 2A4#000123DCFFFD6704
(1790953607.051968) can0 2A5#000007BF000007CA
(1790953607.052093) can0 2A6#FFFFF84700000253
(1790953607.052219) can0 2A7#00004EADFFFFF5D5
(1790953607.056495) can0 2A1#0100010000000000
(1790953607.056593) can0 2A2#0000D606000008AE
(1790953607.056717) can0 2A3#0002EB29FFFD5D68
(1790953607.056841) can0 2A4#000123DCFFFD6704
(1790953607.056967) can0 2A5#000007BF000007CA
(1790953607.057092) can0 2A6#FFFFF84700000253
(1790953607.057192) can0 2A7#00004EADFFFFF5D5
(1790953607.061498) can0 2A1#0100010000000000
(1790953607.061616) can0 2A2#0000D606000008AE
(1790953607.061741) can0 2A3#0002EB29FFFD5D68
(1790953607.061867) can0 2A4#000123DCFFFD6704
(1790953607.061966) can0 2A5#000007BF000007CA
(1790953607.062091) can0 2A6#FFFFF84700000253
(1790953607.062216) can0 2A7#00004EADFFFFF5D5
(1790953607.066493) can0 2A1#0100010000000000
(1790953607.066591) can0 2A2#0000D606000008AE
(1790953607.066715) can0 2A3#0002EB29FFFD5D68
(1790953607.066840) can0 2A4#000123DCFFFD6704
(1790953607.066965) can0 2A5#000007BF000007CA
(1790953607.067090) can0 2A6#FFFFF84700000253
(1790953607.067214) can0 2A7#00004EADFFFFF5D5
(1790953607.071516) can0 2A1#0100010000000000
(1790953607.071618) can0 2A2#0000D606000008AE
(1790953607.071718) can0 2A3#0002EB29FFFD5D68
(1790953607.071868) can0 2A4#000123DCFFFD6704
(1790953607.071992) can0 2A5#000007BF000007CA
(1790953607.072094) can0 2A6#FFFFF84700000253
(1790953607.072217) can0 2A7#00004EADFFFFF5D5
(1790953607.076502) can0 2A1#0100010000000000
(1790953607.076617) can0 2A2#0000D606000008AE
(1790953607.076717) can0 2A3#0002EB29FFFD5D68
(1790953607.076842) can0 2A4#000123DCFFFD6704
(1790953607.076967) can0 2A5#000007BF000007CA
(1790953607.077068) can0 2A6#FFFFF84700000253
(1790953607.077192) can0 2A7#00004EADFFFFF5D5
(1790953607.081515) can0 2A1#0100010000000000
(1790953607.081620) can0 2A2#0000D606000008AE
(1790953607.081741) can0 2A3#0002EB29FFFD5D68
(1790953607.081840) can0 2A4#000123DCFFFD6704
(1790953607.081964) can0 2A5#000007BF000007CA
(1790953607.082091) can0 2A6#FFFFF84700000253
(1790953607.082225) can0 2A7#00004EADFFFFF5D5
(1790953607.086508) can0 2A1#0100010000000000
(1790953607.086590) can0 2A2#0000D606000008AE
(1790953607.086714) can0 2A3#0002EB29FFFD5D68
(1790953607.086839) can0 2A4#000123DCFFFD6704
(1790953607.086964) can0 2A5#000007BF000007CA
(1790953607.087089) can0 2A6#FFFFF84700000253
(1790953607.087214) can0 2A7#00004EADFFFFF5D5
(1790953607.091496) can0 2A1#0100010000000000
(1790953607.091618) can0 2A2#0000D606000008AE
(1790953607.091743) can0 2A3#0002EB29FFFD5D68
(1790953607.091870) can0 2A4#000123DCFFFD6704
(1790953607.091992) can0 2A5#000007BF000007CA
(1790953607.092091) can0 2A6#FFFFF84700000253
(1790953607.092216) can0 2A7#00004EADFFFFF5D5
(1790953607.096503) can0 2A1#0100010000000000
(1790953607.096590) can0 2A2#0000D606000008AE
(1790953607.096714) can0 2A3#0002EB29FFFD5D68
(1790953607.096839) can0 2A4#000123DCFFFD6704
(1790953607.096965) can0 2A5#000007BF000007CA
(1790953607.097090) can0 2A6#FFFFF84700000253
(1790953607.097214) can0 2A7#00004EADFFFFF5D5
(1790953607.101506) can0 2A1#0100010000000000
(1790953607.101618) can0 2A2#0000D606000008AE
(1790953607.101746) can0 2A3#0002EB29FFFD5D68
(1790953607.101875) can0 2A4#000123DCFFFD6704
(1790953607.101995) can0 2A5#000007BF000007CA
(1790953607.102093) can0 2A6#FFFFF84700000253
(1790953607.102216) can0 2A7#00004EADFFFFF5D5
(1790953607.106523) can0 2A1#0100010000000000
(1790953607.106593) can0 2A2#0000D606000008AE
(1790953607.106719) can0 2A3#0002EB29FFFD5D68
(1790953607.106843) can0 2A4#000123DCFFFD6704
(1790953607.106968) can0 2A5#000007BF000007CA
(1790953607.107094) can0 2A6#FFFFF84700000253
(1790953607.107194) can0 2A7#00004EADFFFFF5D5
(1790953607.111519) can0 2A1#0100010000000000
(1790953607.111623) can0 2A2#0000D606000008AE
(1790953607.111744) can0 2A3#0002EB29FFFD5D68
(1790953607.111891) can0 2A4#000123DCFFFD6704
(1790953607.111969) can0 2A5#000007BF000007CA
(1790953607.112094) can0 2A6#FFFFF84700000253
(1790953607.112218) can0 2A7#00004EADFFFFF5D5
(1790953607.116507) can0 2A1#0100010000000000
(1790953607.116593) can0 2A2#0000D606000008AE
(1790953607.116715) can0 2A3#0002EB29FFFD5D68
(1790953607.116840) can0 2A4#000123DCFFFD6704
(1790953607.116966) can0 2A5#000007BF000007CA
(1790953607.117090) can0 2A6#FFFFF84700000253
(1790953607.117215) can0 2A7#00004EADFFFFF5D5
(1790953607.121513) can0 2A1#0100010000000000
(1790953607.121615) can0 2A2#0000D606000008AE
(1790953607.121715) can0 2A3#0002EB29FFFD5D68
(1790953607.121865) can0 2A4#000123DCFFFD6704
(1790953607.121990) can0 2A5#000007BF000007CA
(1790953607.122090) can0 2A6#FFFFF84700000253
(1790953607.122214) can0 2A7#00004EADFFFFF5D5
(1790953607.126504) can0 2A1#0100010000000000
(1790953607.126615) can0 2A2#0000D606000008AE
(1790953607.126714) can0 2A3#0002EB29FFFD5D68
(1790953607.126840) can0 2A4#000123DCFFFD6704
(1790953607.126939) can0 2A5#000007BF000007CA
(1790953607.127090) can0 2A6#FFFFF84700000253
(1790953607.127189) can0 2A7#00004EADFFFFF5D5
(1790953607.131504) can0 2A1#0100010000000000
(1790953607.131615) can0 2A2#0000D606000008AE
(1790953607.131714) can0 2A3#0002EB29FFFD5D68
(1790953607.131872) can0 2A4#000123DCFFFD6704
(1790953607.131968) can0 2A5#000007BF000007CA
(1790953607.132093) can0 2A6#FFFFF84700000253
(1790953607.132214) can0 2A7#00004EADFFFFF5D5
(1790953607.136501) can0 2A1#0100010000000000
(1790953607.136615) can0 2A2#0000D606000008AE
(1790953607.136716) can0 2A3#0002EB29FFFD5D68
(1790953607.136842) can0 2A4#000123DCFFFD6704
(1790953607.136967) can0 2A5#000007BF000007CA
(1790953607.137091) can0 2A6#FFFFF84700000253
(1790953607.137191) can0 2A7#00004EADFFFFF5D5
(1790953607.141509) can0 2A1#0100010000000000
(1790953607.141618) can0 2A2#0000D606000008AE
(1790953607.141742) can0 2A3#0002EB29FFFD5D68
(1790953607.141842) can0 2A4#000123DCFFFD6704
(1790953607.141967) can0 2A5#000007BF000007CA
(1790953607.142092) can0 2A6#FFFFF84700000253
(1790953607.142216) can0 2A7#00004EADFFFFF5D5
(1790953607.146468) can0 2A1#0100010000000000
(1790953607.146614) can0 2A2#0000D606000008AE
(1790953607.146713) can0 2A3#0002EB29FFFD5D68
(1790953607.146839) can0 2A4#000123DCFFFD6704
(1790953607.146967) can0 2A5#000007BF000007CA
(1790953607.147092) can0 2A6#FFFFF84700000253
(1790953607.147195) can0 2A7#00004EADFFFFF5D5
(1790953607.151515) can0 2A1#0100010000000000
(1790953607.151620) can0 2A2#0000D606000008AE
(1790953607.151744) can0 2A3#0002EB29FFFD5D68
(1790953607.151842) can0 2A4#000123DCFFFD6704
(1790953607.151967) can0 2A5#000007BF000007CA
(1790953607.152093) can0 2A6#FFFFF84700000253
(1790953607.152217) can0 2A7#00004EADFFFFF5D5
(1790953607.156513) can0 2A1#0100010000000000
(1790953607.156593) can0 2A2#0000D606000008AE
(1790953607.156719) can0 2A3#0002EB29FFFD5D68
(1790953607.156843) can0 2A4#000123DCFFFD6704
(1790953607.156967) can0 2A5#000007BF000007CA
(1790953607.157091) can0 2A6#FFFFF84700000253
(1790953607.157459) can0 2A7#00004EADFFFFF5D5
(1790953607.161550) can0 2A1#0100010000000000
(1790953607.161642) can0 2A2#0000D606000008AE
(1790953607.161741) can0 2A3#0002EB29FFFD5D68
(1790953607.161845) can0 2A4#000123DCFFFD6704
(1790953607.161967) can0 2A5#000007BF000007CA
(1790953607.162092) can0 2A6#FFFFF84700000253
(1790953607.162217) can0 2A7#00004EADFFFFF5D5
(1790953607.166501) can0 2A1#0100010000000000
(1790953607.166617) can0 2A2#0000D606000008AE
(1790953607.166716) can0 2A3#0002EB29FFFD5D68
(1790953607.166840) can0 2A4#000123DCFFFD6704
(1790953607.166966) can0 2A5#000007BF000007CA
(1790953607.167067) can0 2A6#FFFFF84700000253
(1790953607.167191) can0 2A7#00004EADFFFFF5D5
(1790953607.171501) can0 2A1#0100010000000000
(1790953607.171619) can0 2A2#0000D606000008AE
(1790953607.171743) can0 2A3#0002EB29FFFD5D68
(1790953607.171842) can0 2A4#000123DCFFFD6704
(1790953607.171968) can0 2A5#000007BF000007CA
(1790953607.172093) can0 2A6#FFFFF84700000253
(1790953607.172216) can0 2A7#00004EADFFFFF5D5
(1790953607.176513) can0 2A1#0100010000000000
(1790953607.176617) can0 2A2#0000D606000008AE
(1790953607.176742) can0 2A3#0002EB29FFFD5D68
(1790953607.176841) can0 2A4#000123DCFFFD6704
(1790953607.176967) can0 2A5#000007BF000007CA
(1790953607.177092) can0 2A6#FFFFF84700000253
(1790953607.177216) can0 2A7#00004EADFFFFF5D5
(1790953607.181498) can0 2A1#0100010000000000
(1790953607.181617) can0 2A2#0000D606000008AE
(1790953607.181742) can0 2A3#0002EB29FFFD5D68
(1790953607.181870) can0 2A4#000123DCFFFD6704
(1790953607.181966) can0 2A5#000007BF000007CA
(1790953607.182091) can0 2A6#FFFFF84700000253
(1790953607.182229) can0 2A7#00004EADFFFFF5D5
(1790953607.186509) can0 2A1#0100010000000000
(1790953607.186592) can0 2A2#0000D606000008AE
(1790953607.186718) can0 2A3#0002EB29FFFD5D68
(1790953607.186841) can0 2A4#000123DCFFFD6704
(1790953607.186966) can0 2A5#000007BF000007CA
(1790953607.187091) can0 2A6#FFFFF84700000253
(1790953607.187216) can0 2A7#00004EADFFFFF5D5
(1790953607.191494) can0 2A1#0100010000000000
(1790953607.191615) can0 2A2#0000D606000008AE
(1790953607.191741) can0 2A3#0002EB29FFFD5D68
(1790953607.191866) can0 2A4#000123DCFFFD6704
(1790953607.191965) can0 2A5#000007BF000007CA
(1790953607.192091) can0 2A6#FFFFF84700000253
(1790953607.192216) can0 2A7#00004EADFFFFF5D5
(1790953607.196508) can0 2A1#0100010000000000
(1790953607.196594) can0 2A2#0000D606000008AE
(1790953607.196722) can0 2A3#0002EB29FFFD5D68
(1790953607.196844) can0 2A4#000123DCFFFD6704
(1790953607.196967) can0 2A5#000007BF000007CA
(1790953607.197091) can0 2A6#FFFFF84700000253
(1790953607.197216) can0 2A7#00004EADFFFFF5D5
(1790953607.201534) can0 2A1#0100010000000000
(1790953607.201618) can0 2A2#0000D606000008AE
(1790953607.201744) can0 2A3#0002EB29FFFD5D68
(1790953607.201874) can0 2A4#000123DCFFFD6704
(1790953607.201993) can0 2A5#000007BF000007CA
(1790953607.202093) can0 2A6#FFFFF84700000253
(1790953607.202218) can0 2A7#00004EADFFFFF5D5
(1790953607.206500) can0 2A1#0100010000000000
(1790953607.206624) can0 2A2#0000D606000008AE
(1790953607.206722) can0 2A3#0002EB29FFFD5D68
(1790953607.206847) can0 2A4#000123DCFFFD6704
(1790953607.206972) can0 2A5#000007BF000007CA
(1790953607.207073) can0 2A6#FFFFF84700000253
(1790953607.207198) can0 2A7#00004EADFFFFF5D5
(1790953607.211582) can0 2A1#0100010000000000
(1790953607.211643) can0 2A2#0000D606000008AE
(1790953607.211742) can0 2A3#0002EB29FFFD5D68
(1790953607.211842) can0 2A4#000123DCFFFD6704
(1790953607.211968) can0 2A5#000007BF000007CA
(1790953607.212092) can0 2A6#FFFFF84700000253
(1790953607.212223) can0 2A7#00004EADFFFFF5D5
(1790953607.216495) can0 2A1#0100010000000000
(1790953607.216598) can0 2A2#0000D606000008AE
(1790953607.216722) can0 2A3#0002EB29FFFD5D68
(1790953607.216847) can0 2A4#000123DCFFFD6704
(1790953607.216974) can0 2A5#000007BF000007CA
(1790953607.217108) can0 2A6#FFFFF84700000253
(1790953607.217200) can0 2A7#00004EADFFFFF5D5
(1790953607.221517) can0 2A1#0100010000000000
(1790953607.221617) can0 2A2#0000D606000008AE
(1790953607.221743) can0 2A3#0002EB29FFFD5D68
(1790953607.221894) can0 2A4#000123DCFFFD6704
(1790953607.221968) can0 2A5#000007BF000007CA
(1790953607.222091) can0 2A6#FFFFF84700000253
(1790953607.222217) can0 2A7#00004EADFFFFF5D5
(1790953607.226508) can0 2A1#0100010000000000
(1790953607.226623) can0 2A2#0000D606000008AE
(1790953607.226718) can0 2A3#0002EB29FFFD5D68
(1790953607.226842) can0 2A4#000123DCFFFD6704
(1790953607.226968) can0 2A5#000007BF000007CA
(1790953607.227092) can0 2A6#FFFFF84700000253
(1790953607.227192) can0 2A7#00004EADFFFFF5D5
(1790953607.231524) can0 2A1#0100010000000000
(1790953607.231622) can0 2A2#0000D606000008AE
(1790953607.231741) can0 2A3#0002EB29FFFD5D68
(1790953607.231844) can0 2A4#000123DCFFFD6704
(1790953607.231995) can0 2A5#000007BF000007CA
(1790953607.232092) can0 2A6#FFFFF84700000253
(1790953607.232217) can0 2A7#00004EADFFFFF5D5
(1790953607.236496) can0 2A1#0100010000000000
(1790953607.236618) can0 2A2#0000D606000008AE
(1790953607.236717) can0 2A3#0002EB29FFFD5D68
(1790953607.236843) can0 2A4#000123DCFFFD6704
(1790953607.236968) can0 2A5#000007BF000007CA
(1790953607.237093) can0 2A6#FFFFF84700000253
(1790953607.237193) can0 2A7#00004EADFFFFF5D5
(1790953607.241508) can0 2A1#0100010000000000
(1790953607.241619) can0 2A2#0000D606000008AE
(1790953607.241743) can0 2A3#0002EB29FFFD5D68
(1790953607.241843) can0 2A4#000123DCFFFD6704
(1790953607.241967) can0 2A5#000007BF000007CA
(1790953607.242091) can0 2A6#FFFFF84700000253
(1790953607.242219) can0 2A7#00004EADFFFFF5D5
(1790953607.246479) can0 2A1#0100010000000000
(1790953607.246617) can0 2A2#0000D606000008AE
(1790953607.246716) can0 2A3#0002EB29FFFD5D68
(1790953607.246842) can0 2A4#000123DCFFFD6704
(1790953607.246968) can0 2A5#000007BF000007CA
(1790953607.247066) can0 2A6#FFFFF84700000253
(1790953607.247192) can0 2A7#00004EADFFFFF5D5
(1790953607.251574) can0 2A1#0100010000000000
(1790953607.251642) can0 2A2#0000D606000008AE
(1790953607.251741) can0 2A3#0002EB29FFFD5D68
(1790953607.251841) can0 2A4#000123DCFFFD6704
(1790953607.251966) can0 2A5#000007BF000007CA
(1790953607.252091) can0 2A6#FFFFF84700000253
(1790953607.252216) can0 2A7#00004EADFFFFF5D5
(1790953607.256499) can0 2A1#0100010000000000
(1790953607.256617) can0 2A2#0000D606000008AE
(1790953607.256716) can0 2A3#0002EB29FFFD5D68
(1790953607.256841) can0 2A4#000123DCFFFD6704
(1790953607.256967) can0 2A5#000007BF000007CA
(1790953607.257092) can0 2A6#FFFFF84700000253
(1790953607.257192) can0 2A7#00004EADFFFFF5D5
(1790953607.261498) can0 2A1#0100010000000000
(1790953607.261618) can0 2A2#0000D606000008AE
(1790953607.261741) can0 2A3#0002EB29FFFD5D68
(1790953607.261878) can0 2A4#000123DCFFFD6704
(1790953607.261968) can0 2A5#000007BF000007CA
(1790953607.262091) can0 2A6#FFFFF84700000253
(1790953607.262215) can0 2A7#00004EADFFFFF5D5
(1790953607.266506) can0 2A1#0100010000000000
(1790953607.266591) can0 2A2#0000D606000008AE
(1790953607.266716) can0 2A3#0002EB29FFFD5D68
(1790953607.266842) can0 2A4#000123DCFFFD6704
(1790953607.266966) can0 2A5#000007BF000007CA
(1790953607.267091) can0 2A6#FFFFF84700000253
(1790953607.267215) can0 2A7#00004EADFFFFF5D5
(1790953607.271557) can0 2A1#0100010000000000
(1790953607.271643) can0 2A2#0000D606000008AE
(1790953607.271744) can0 2A3#0002EB29FFFD5D68
(1790953607.271843) can0 2A4#000123DCFFFD6704
(1790953607.271969) can0 2A5#000007BF000007CA
(1790953607.272094) can0 2A6#FFFFF84700000253
(1790953607.272220) can0 2A7#00004EADFFFFF5D5
(1790953607.276496) can0 2A1#0100010000000000
(1790953607.276616) can0 2A2#0000D606000008AE
(1790953607.276717) can0 2A3#0002EB29FFFD5D68
(1790953607.276842) can0 2A4#000123DCFFFD6704
(1790953607.276966) can0 2A5#000007BF000007CA
(1790953607.277091) can0 2A6#FFFFF84700000253
(1790953607.277191) can0 2A7#00004EADFFFFF5D5
(1790953607.281545) can0 2A1#0100010000000000
(1790953607.281646) can0 2A2#0000D606000008AE
(1790953607.281743) can0 2A3#0002EB29FFFD5D68
(1790953607.281873) can0 2A4#000123DCFFFD6704
(1790953607.281969) can0 2A5#000007BF000007CA
(1790953607.282093) can0 2A6#FFFFF84700000253
(1790953607.282218) can0 2A7#00004EADFFFFF5D5
(1790953607.286497) can0 2A1#0100010000000000
(1790953607.286628) can0 2A2#0000D606000008AE
(1790953607.286717) can0 2A3#0002EB29FFFD5D68
(1790953607.286841) can0 2A4#000123DCFFFD6704
(1790953607.286966) can0 2A5#000007BF000007CA
(1790953607.287091) can0 2A6#FFFFF84700000253
(1790953607.287191) can0 2A7#00004EADFFFFF5D5
(1790953607.291498) can0 2A1#0100010000000000
(1790953607.291616) can0 2A2#0000D606000008AE
(1790953607.291742) can0 2A3#0002EB29FFFD5D68
(1790953607.291842) can0 2A4#000123DCFFFD6704
(1790953607.291965) can0 2A5#000007BF000007CA
(1790953607.292091) can0 2A6#FFFFF84700000253
(1790953607.292216) can0 2A7#00004EADFFFFF5D5
(1790953607.296474) can0 2A1#0100010000000000
(1790953607.296618) can0 2A2#0000D606000008AE
(1790953607.296717) can0 2A3#0002EB29FFFD5D68
(1790953607.296842) can0 2A4#000123DCFFFD6704
(1790953607.296967) can0 2A5#000007BF000007CA
(1790953607.297068) can0 2A6#FFFFF84700000253
(1790953607.297194) can0 2A7#00004EADFFFFF5D5
(1790953607.301500) can0 2A1#0100010000000000
(1790953607.301617) can0 2A2#0000D606000008AE
(1790953607.301743) can0 2A3#0002EB29FFFD5D68
(1790953607.301843) can0 2A4#000123DCFFFD6704
(1790953607.301967) can0 2A5#000007BF000007CA
(1790953607.302093) can0 2A6#FFFFF84700000253
(1790953607.302219) can0 2A7#00004EADFFFFF5D5
(1790953607.306499) can0 2A1#0100010000000000
(1790953607.306591) can0 2A2#0000D606000008AE
(1790953607.306718) can0 2A3#0002EB29FFFD5D68
(1790953607.306843) can0 2A4#000123DCFFFD6704
(1790953607.306969) can0 2A5#000007BF000007CA
(1790953607.307094) can0 2A6#FFFFF84700000253
(1790953607.307218) can0 2A7#00004EADFFFFF5D5
(1790953607.311561) can0 2A1#0100010000000000
(1790953607.311643) can0 2A2#0000D606000008AE
(1790953607.311742) can0 2A3#0002EB29FFFD5D68
(1790953607.311868) can0 2A4#000123DCFFFD6704
(1790953607.311966) can0 2A5#000007BF000007CA
(1790953607.312092) can0 2A6#FFFFF84700000253
(1790953607.312216) can0 2A7#00004EADFFFFF5D5
(1790953607.316500) can0 2A1#0100010000000000
(1790953607.316595) can0 2A2#0000D606000008AE
(1790953607.316743) can0 2A3#0002EB29FFFD5D68
(1790953607.316843) can0 2A4#000123DCFFFD6704
(1790953607.316968) can0 2A5#000007BF000007CA
(1790953607.317092) can0 2A6#FFFFF84700000253
(1790953607.317217) can0 2A7#00004EADFFFFF5D5
(1790953607.321505) can0 2A1#0100010000000000
(1790953607.321619) can0 2A2#0000D606000008AE
(1790953607.321717) can0 2A3#0002EB29FFFD5D68
(1790953607.321844) can0 2A4#000123DCFFFD6704
(1790953607.321995) can0 2A5#000007BF000007CA
(1790953607.322093) can0 2A6#FFFFF84700000253
(1790953607.322215) can0 2A7#00004EADFFFFF5D5
(1790953607.326497) can0 2A1#0100010000000000
(1790953607.326623) can0 2A2#0000D606000008AE
(1790953607.326718) can0 2A3#0002EB29FFFD5D68
(1790953607.326843) can0 2A4#000123DCFFFD6704
(1790953607.326968) can0 2A5#000007BF000007CA
(1790953607.327093) can0 2A6#FFFFF84700000253
(1790953607.327194) can0 2A7#00004EADFFFFF5D5
(1790953607.331498) can0 2A1#0100010000000000
(1790953607.331617) can0 2A2#0000D606000008AE
(1790953607.331718) can0 2A3#0002EB29FFFD5D68
(1790953607.331843) can0 2A4#000123DCFFFD6704
(1790953607.331993) can0 2A5#000007BF000007CA
(1790953607.332095) can0 2A6#FFFFF84700000253
(1790953607.332218) can0 2A7#00004EADFFFFF5D5
(1790953607.336517) can0 2A1#0100010000000000
(1790953607.336597) can0 2A2#0000D606000008AE
(1790953607.336720) can0 2A3#0002EB29FFFD5D68
(1790953607.336843) can0 2A4#000123DCFFFD6704
(1790953607.336969) can0 2A5#000007BF000007CA
(1790953607.337093) can0 2A6#FFFFF84700000253
(1790953607.337218) can0 2A7#00004EADFFFFF5D5
(1790953607.341518) can0 2A1#0100010000000000
(1790953607.341619) can0 2A2#0000D606000008AE
(1790953607.341717) can0 2A3#0002EB29FFFD5D68
(1790953607.341869) can0 2A4#000123DCFFFD6704
(1790953607.341991) can0 2A5#000007BF000007CA
(1790953607.342093) can0 2A6#FFFFF84700000253
(1790953607.342217) can0 2A7#00004EADFFFFF5D5
(1790953607.346498) can0 2A1#0100010000000000
(1790953607.346614) can0 2A2#0000D606000008AE
(1790953607.346716) can0 2A3#0002EB29FFFD5D68
(1790953607.346840) can0 2A4#000123DCFFFD6704
(1790953607.346964) can0 2A5#000007BF000007CA
(1790953607.347089) can0 2A6#FFFFF84700000253
(1790953607.347213) can0 2A7#00004EADFFFFF5D5
(1790953607.351503) can0 2A1#0100010000000000
(1790953607.351622) can0 2A2#0000D606000008AE
(1790953607.351743) can0 2A3#0002EB29FFFD5D68
(1790953607.351843) can0 2A4#000123DCFFFD6704
(1790953607.351992) can0 2A5#000007BF000007CA
(1790953607.352093) can0 2A6#FFFFF84700000253
(1790953607.352217) can0 2A7#00004EADFFFFF5D5
(1790953607.356498) can0 2A1#0100010000000000
(1790953607.356618) can0 2A2#0000D606000008AE
(1790953607.356717) can0 2A3#0002EB29FFFD5D68
(1790953607.356842) can0 2A4#000123DCFFFD6704
(1790953607.356969) can0 2A5#000007BF000007CA
(1790953607.357092) can0 2A6#FFFFF84700000253
(1790953607.357196) can0 2A7#00004EADFFFFF5D5
(1790953607.361573) can0 2A1#0100010000000000
(1790953607.361643) can0 2A2#0000D606000008AE
(1790953607.361743) can0 2A3#0002EB29FFFD5D68
(1790953607.361876) can0 2A4#000123DCFFFD6704
(1790953607.361970) can0 2A5#000007BF000007CA
(1790953607.362092) can0 2A6#FFFFF84700000253
(1790953607.362217) can0 2A7#00004EADFFFFF5D5
(1790953607.366506) can0 2A1#0100010000000000
(1790953607.366618) can0 2A2#0000D606000008AE
(1790953607.366716) can0 2A3#0002EB29FFFD5D68
(1790953607.366841) can0 2A4#000123DCFFFD6704
(1790953607.366966) can0 2A5#000007BF000007CA
(1790953607.367093) can0 2A6#FFFFF84700000253
(1790953607.367216) can0 2A7#00004EADFFFFF5D5
(1790953607.371506) can0 2A1#0100010000000000
(1790953607.371620) can0 2A2#0000D606000008AE
(1790953607.371756) can0 2A3#0002EB29FFFD5D68
(1790953607.371888) can0 2A4#000123DCFFFD6704
(1790953607.371995) can0 2A5#000007BF000007CA
(1790953607.372093) can0 2A6#FFFFF84700000253
(1790953607.372217) can0 2A7#00004EADFFFFF5D5
(1790953607.376491) can0 2A1#0100010000000000
(1790953607.376616) can0 2A2#0000D606000008AE
(1790953607.376716) can0 2A3#0002EB29FFFD5D68
(1790953607.376841) can0 2A4#000123DCFFFD6704
(1790953607.376966) can0 2A5#000007BF000007CA
(1790953607.377091) can0 2A6#FFFFF84700000253
(1790953607.377216) can0 2A7#00004EADFFFFF5D5
(1790953607.381505) can0 2A1#0100010000000000
(1790953607.381617) can0 2A2#0000D606000008AE
(1790953607.381741) can0 2A3#0002EB29FFFD5D68
(1790953607.381841) can0 2A4#000123DCFFFD6704
(1790953607.381966) can0 2A5#000007BF000007CA
(1790953607.382091) can0 2A6#FFFFF84700000253
(1790953607.382216) can0 2A7#00004EADFFFFF5D5
(1790953607.386496) can0 2A1#0100010000000000
(1790953607.386591) can0 2A2#0000D606000008AE
(1790953607.386721) can0 2A3#0002EB29FFFD5D68
(1790953607.386844) can0 2A4#000123DCFFFD6704
(1790953607.386972) can0 2A5#000007BF000007CA
(1790953607.387093) can0 2A6#FFFFF84700000253
(1790953607.387192) can0 2A7#00004EADFFFFF5D5
(1790953607.391516) can0 2A1#0100010000000000
(1790953607.391616) can0 2A2#0000D606000008AE
(1790953607.391743) can0 2A3#0002EB29FFFD5D68
(1790953607.391876) can0 2A4#000123DCFFFD6704
(1790953607.391991) can0 2A5#000007BF000007CA
(1790953607.392091) can0 2A6#FFFFF84700000253
(1790953607.392217) can0 2A7#00004EADFFFFF5D5
(1790953607.396530) can0 2A1#0100010000000000
(1790953607.396590) can0 2A2#0000D606000008AE
(1790953607.396715) can0 2A3#0002EB29FFFD5D68
(1790953607.396839) can0 2A4#000123DCFFFD6704
(1790953607.396964) can0 2A5#000007BF000007CA
(1790953607.397089) can0 2A6#FFFFF84700000253
(1790953607.397214) can0 2A7#00004EADFFFFF5D5
(1790953607.401497) can0 2A1#0100010000000000
(1790953607.401616) can0 2A2#0000D606000008AE
(1790953607.401741) can0 2A3#0002EB29FFFD5D68
(1790953607.401867) can0 2A4#000123DCFFFD6704
(1790953607.401991) can0 2A5#000007BF000007CA
(1790953607.402091) can0 2A6#FFFFF84700000253
(1790953607.402216) can0 2A7#00004EADFFFFF5D5
(1790953607.406497) can0 2A1#0100010000000000
(1790953607.406616) can0 2A2#0000D606000008AE
(1790953607.406716) can0 2A3#0002EB29FFFD5D68
(1790953607.406841) can0 2A4#000123DCFFFD6704
(1790953607.406969) can0 2A5#000007BF000007CA
(1790953607.407099) can0 2A6#FFFFF84700000253
(1790953607.407204) can0 2A7#00004EADFFFFF5D5
(1790953607.411500) can0 2A1#0100010000000000
(1790953607.411616) can0 2A2#0000D606000008AE
(1790953607.411716) can0 2A3#0002EB29FFFD5D68
(1790953607.411844) can0 2A4#000123DCFFFD6704
(1790953607.411991) can0 2A5#000007BF000007CA
(1790953607.412091) can0 2A6#FFFFF84700000253
(1790953607.412216) can0 2A7#00004EADFFFFF5D5
(1790953607.416498) can0 2A1#0100010000000000
(1790953607.416590) can0 2A2#0000D606000008AE
(1790953607.416716) can0 2A3#0002EB29FFFD5D68
(1790953607.416841) can0 2A4#000123DCFFFD6704
(1790953607.416967) can0 2A5#000007BF000007CA
(1790953607.417090) can0 2A6#FFFFF84700000253
(1790953607.417216) can0 2A7#00004EADFFFFF5D5
(1790953607.421499) can0 2A1#0100010000000000
(1790953607.421621) can0 2A2#0000D606000008AE
(1790953607.421742) can0 2A3#0002EB29FFFD5D68
(1790953607.421841) can0 2A4#000123DCFFFD6704
(1790953607.421991) can0 2A5#000007BF000007CA
(1790953607.422091) can0 2A6#FFFFF84700000253
(1790953607.422216) can0 2A7#00004EADFFFFF5D5
(1790953607.426495) can0 2A1#0100010000000000
(1790953607.426616) can0 2A2#0000D606000008AE
(1790953607.426716) can0 2A3#0002EB29FFFD5D68
(1790953607.426841) can0 2A4#000123DCFFFD6704
(1790953607.426966) can0 2A5#000007BF000007CA
(1790953607.427066) can0 2A6#FFFFF84700000253
(1790953607.427191) can0 2A7#00004EADFFFFF5D5
(1790953607.431552) can0 2A1#0100010000000000
(1790953607.431641) can0 2A2#0000D606000008AE
(1790953607.431742) can0 2A3#0002EB29FFFD5D68
(1790953607.431841) can0 2A4#000123DCFFFD6704
(1790953607.431968) can0 2A5#000007BF000007CA
(1790953607.432091) can0 2A6#FFFFF84700000253
(1790953607.432216) can0 2A7#00004EADFFFFF5D5
(1790953607.436512) can0 2A1#0100010000000000
(1790953607.436593) can0 2A2#0000D606000008AE
(1790953607.436716) can0 2A3#0002EB29FFFD5D68
(1790953607.436841) can0 2A4#000123DCFFFD6704
(1790953607.436966) can0 2A5#000007BF000007CA
(1790953607.437091) can0 2A6#FFFFF84700000253
(1790953607.437216) can0 2A7#00004EADFFFFF5D5
(1790953607.441493) can0 2A1#0100010000000000
(1790953607.441616) can0 2A2#0000D606000008AE
(1790953607.441716) can0 2A3#0002EB29FFFD5D68
(1790953607.441868) can0 2A4#000123DCFFFD6704
(1790953607.441991) can0 2A5#000007BF000007CA
(1790953607.442091) can0 2A6#FFFFF84700000253
(1790953607.442216) can0 2A7#00004EADFFFFF5D5
(1790953607.446516) can0 2A1#0100010000000000
(1790953607.446592) can0 2A2#0000D606000008AE
(1790953607.446716) can0 2A3#0002EB29FFFD5D68
(1790953607.446841) can0 2A4#000123DCFFFD6704
(1790953607.446966) can0 2A5#000007BF000007CA
(1790953607.447090) can0 2A6#FFFFF84700000253
(1790953607.447216) can0 2A7#00004EADFFFFF5D5
(1790953607.451495) can0 2A1#0100010000000000
(1790953607.451629) can0 2A2#0000D606000008AE
(1790953607.451744) can0 2A3#0002EB29FFFD5D68
(1790953607.451842) can0 2A4#000123DCFFFD6704
(1790953607.451994) can0 2A5#000007BF000007CA
(1790953607.452117) can0 2A6#FFFFF84700000253
(1790953607.452217) can0 2A7#00004EADFFFFF5D5
(1790953607.456497) can0 2A1#0100010000000000
(1790953607.456616) can0 2A2#0000D606000008AE
(1790953607.456716) can0 2A3#0002EB29FFFD5D68
(1790953607.456842) can0 2A4#000123DCFFFD6704
(1790953607.456966) can0 2A5#000007BF000007CA
(1790953607.457091) can0 2A6#FFFFF84700000253
(1790953607.457217) can0 2A7#00004EADFFFFF5D5
(1790953607.461562) can0 2A1#0100010000000000
(1790953607.461616) can0 2A2#0000D606000008AE
(1790953607.461743) can0 2A3#0002EB29FFFD5D68
(1790953607.461841) can0 2A4#000123DCFFFD6704
(1790953607.461965) can0 2A5#000007BF000007CA
(1790953607.462091) can0 2A6#FFFFF84700000253
(1790953607.462216) can0 2A7#00004EADFFFFF5D5
(1790953607.466511) can0 2A1#0100010000000000
(1790953607.466617) can0 2A2#0000D606000008AE
(1790953607.466742) can0 2A3#0002EB29FFFD5D68
(1790953607.466842) can0 2A4#000123DCFFFD6704
(1790953607.466967) can0 2A5#000007BF000007CA
(1790953607.467091) can0 2A6#FFFFF84700000253
(1790953607.467191) can0 2A7#00004EADFFFFF5D5
(1790953607.471502) can0 2A1#0100010000000000
(1790953607.471616) can0 2A2#0000D606000008AE
(1790953607.471741) can0 2A3#0002EB29FFFD5D68
(1790953607.471867) can0 2A4#000123DCFFFD6704
(1790953607.471966) can0 2A5#000007BF000007CA
(1790953607.472090) can0 2A6#FFFFF84700000253
(1790953607.472214) can0 2A7#00004EADFFFFF5D5
(1790953607.476506) can0 2A1#0100010000000000
(1790953607.476617) can0 2A2#0000D606000008AE
(1790953607.476741) can0 2A3#0002EB29FFFD5D68
(1790953607.476841) can0 2A4#000123DCFFFD6704
(1790953607.476967) can0 2A5#000007BF000007CA
(1790953607.477091) can0 2A6#FFFFF84700000253
(1790953607.477191) can0 2A7#00004EADFFFFF5D5
(1790953607.481496) can0 2A1#0100010000000000
(1790953607.481617) can0 2A2#0000D606000008AE
(1790953607.481742) can0 2A3#0002EB29FFFD5D68
(1790953607.481841) can0 2A4#000123DCFFFD6704
(1790953607.481966) can0 2A5#000007BF000007CA
(1790953607.482091) can0 2A6#FFFFF84700000253
(1790953607.482217) can0 2A7#00004EADFFFFF5D5
(1790953607.486521) can0 2A1#0100010000000000
(1790953607.486620) can0 2A2#0000D606000008AE
(1790953607.486719) can0 2A3#0002EB29FFFD5D68
(1790953607.486844) can0 2A4#000123DCFFFD6704
(1790953607.486967) can0 2A5#000007BF000007CA
(1790953607.487094) can0 2A6#FFFFF84700000253
(1790953607.487217) can0 2A7#00004EADFFFFF5D5
(1790953607.491495) can0 2A1#0100010000000000
(1790953607.491617) can0 2A2#0000D606000008AE
(1790953607.491717) can0 2A3#0002EB29FFFD5D68
(1790953607.491842) can0 2A4#000123DCFFFD6704
(1790953607.491993) can0 2A5#000007BF000007CA
(1790953607.492119) can0 2A6#FFFFF84700000253
(1790953607.492218) can0 2A7#00004EADFFFFF5D5
(1790953607.496494) can0 2A1#0100010000000000
(1790953607.496589) can0 2A2#0000D606000008AE
(1790953607.496714) can0 2A3#0002EB29FFFD5D68
(1790953607.496839) can0 2A4#000123DCFFFD6704
(1790953607.496965) can0 2A5#000007BF000007CA
(1790953607.497089) can0 2A6#FFFFF84700000253
(1790953607.497214) can0 2A7#00004EADFFFFF5D5
(1790953607.501494) can0 2A1#0100010000000000
(1790953607.501613) can0 2A2#0000D606000008AE
(1790953607.501740) can0 2A3#0002EB29FFFD5D68
(1790953607.501864) can0 2A4#000123DCFFFD6704
(1790953607.501989) can0 2A5#000007BF000007CA
(1790953607.502105) can0 2A6#FFFFF84700000253
(1790953607.502216) can0 2A7#00004EADFFFFF5D5
(1790953607.506498) can0 2A1#0100010000000000
(1790953607.506591) can0 2A2#0000D606000008AE
(1790953607.506716) can0 2A3#0002EB29FFFD5D68
(1790953607.506841) can0 2A4#000123DCFFFD6704
(1790953607.506966) can0 2A5#000007BF000007CA
(1790953607.507091) can0 2A6#FFFFF84700000253
(1790953607.507216) can0 2A7#00004EADFFFFF5D5
(1790953607.511495) can0 2A1#0100010000000000
(1790953607.511615) can0 2A2#0000D606000008AE
(1790953607.511716) can0 2A3#0002EB29FFFD5D68
(1790953607.511841) can0 2A4#000123DCFFFD6704
(1790953607.511991) can0 2A5#000007BF000007CA
(1790953607.512091) can0 2A6#FFFFF84700000253
(1790953607.512215) can0 2A7#00004EADFFFFF5D5
(1790953607.516501) can0 2A1#0100010000000000
(1790953607.516618) can0 2A2#0000D606000008AE
(1790953607.516717) can0 2A3#0002EB29FFFD5D68
(1790953607.516841) can0 2A4#000123DCFFFD6704
(1790953607.516967) can0 2A5#000007BF000007CA
(1790953607.517092) can0 2A6#FFFFF84700000253
(1790953607.517191) can0 2A7#00004EADFFFFF5D5
(1790953607.521498) can0 2A1#0100010000000000
(1790953607.521617) can0 2A2#0000D606000008AE
(1790953607.521742) can0 2A3#0002EB29FFFD5D68
(1790953607.521873) can0 2A4#000123DCFFFD6704
(1790953607.521967) can0 2A5#000007BF000007CA
(1790953607.522092) can0 2A6#FFFFF84700000253
(1790953607.522217) can0 2A7#00004EADFFFFF5D5
(1790953607.526491) can0 2A1#0100010000000000
(1790953607.526617) can0 2A2#0000D606000008AE
(1790953607.526717) can0 2A3#0002EB29FFFD5D68
(1790953607.526841) can0 2A4#000123DCFFFD6704
(1790953607.526967) can0 2A5#000007BF000007CA
(1790953607.527067) can0 2A6#FFFFF84700000253
(1790953607.527192) can0 2A7#00004EADFFFFF5D5
(1790953607.531542) can0 2A1#0100010000000000
(1790953607.531646) can0 2A2#0000D606000008AE
(1790953607.531741) can0 2A3#0002EB29FFFD5D68
(1790953607.531874) can0 2A4#000123DCFFFD6704
(1790953607.531967) can0 2A5#000007BF000007CA
(1790953607.532092) can0 2A6#FFFFF84700000253
(1790953607.532217) can0 2A7#00004EADFFFFF5D5
(1790953607.536498) can0 2A1#0100010000000000
(1790953607.536592) can0 2A2#0000D606000008AE
(1790953607.536717) can0 2A3#0002EB29FFFD5D68
(1790953607.536842) can0 2A4#000123DCFFFD6704
(1790953607.536966) can0 2A5#000007BF000007CA
(1790953607.537092) can0 2A6#FFFFF84700000253
(1790953607.537216) can0 2A7#00004EADFFFFF5D5
(1790953607.541494) can0 2A1#0100010000000000
(1790953607.541617) can0 2A2#0000D606000008AE
(1790953607.541716) can0 2A3#0002EB29FFFD5D68
(1790953607.541869) can0 2A4#000123DCFFFD6704
(1790953607.541966) can0 2A5#000007BF000007CA
(1790953607.542116) can0 2A6#FFFFF84700000253
(1790953607.542216) can0 2A7#00004EADFFFFF5D5
(1790953607.546495) can0 2A1#0100010000000000
(1790953607.546616) can0 2A2#0000D606000008AE
(1790953607.546716) can0 2A3#0002EB29FFFD5D68
(1790953607.546841) can0 2A4#000123DCFFFD6704
(1790953607.546967) can0 2A5#000007BF000007CA
(1790953607.547092) can0 2A6#FFFFF84700000253
(1790953607.547217) can0 2A7#00004EADFFFFF5D5
(1790953607.551547) can0 2A1#0100010000000000
(1790953607.551616) can0 2A2#0000D606000008AE
(1790953607.551742) can0 2A3#0002EB29FFFD5D68
(1790953607.551867) can0 2A4#000123DCFFFD6704
(1790953607.551967) can0 2A5#000007BF000007CA
(1790953607.552092) can0 2A6#FFFFF84700000253
(1790953607.552217) can0 2A7#00004EADFFFFF5D5
(1790953607.556496) can0 2A1#0100010000000000
(1790953607.556591) can0 2A2#0000D606000008AE
(1790953607.556717) can0 2A3#0002EB29FFFD5D68
(1790953607.556841) can0 2A4#000123DCFFFD6704
(1790953607.556967) can0 2A5#000007BF000007CA
(1790953607.557092) can0 2A6#FFFFF84700000253
(1790953607.557216) can0 2A7#00004EADFFFFF5D5
(1790953607.561498) can0 2A1#0100010000000000
(1790953607.561617) can0 2A2#0000D606000008AE
(1790953607.561743) can0 2A3#0002EB29FFFD5D68
(1790953607.561867) can0 2A4#000123DCFFFD6704
(1790953607.561992) can0 2A5#000007BF000007CA
(1790953607.562092) can0 2A6#FFFFF84700000253
(1790953607.562217) can0 2A7#00004EADFFFFF5D5
(1790953607.566495) can0 2A1#0100010000000000
(1790953607.566617) can0 2A2#0000D606000008AE
(1790953607.566717) can0 2A3#0002EB29FFFD5D68
(1790953607.566843) can0 2A4#000123DCFFFD6704
(1790953607.566969) can0 2A5#000007BF000007CA
(1790953607.567092) can0 2A6#FFFFF84700000253
(1790953607.567216) can0 2A7#00004EADFFFFF5D5
(1790953607.571547) can0 2A1#0100010000000000
(1790953607.571616) can0 2A2#0000D606000008AE
(1790953607.571741) can0 2A3#0002EB29FFFD5D68
(1790953607.571866) can0 2A4#000123DCFFFD6704
(1790953607.571992) can0 2A5#000007BF000007CA
(1790953607.572091) can0 2A6#FFFFF84700000253
(1790953607.572216) can0 2A7#00004EADFFFFF5D5
(1790953607.576500) can0 2A1#0100010000000000
(1790953607.576616) can0 2A2#0000D606000008AE
(1790953607.576716) can0 2A3#0002EB29FFFD5D68
(1790953607.576841) can0 2A4#000123DCFFFD6704
(1790953607.576966) can0 2A5#000007BF000007CA
(1790953607.577091) can0 2A6#FFFFF84700000253
(1790953607.577190) can0 2A7#00004EADFFFFF5D5
(1790953607.581509) can0 2A1#0100010000000000
(1790953607.581617) can0 2A2#0000D606000008AE
(1790953607.581741) can0 2A3#0002EB29FFFD5D68
(1790953607.581841) can0 2A4#000123DCFFFD6704
(1790953607.581966) can0 2A5#000007BF000007CA
(1790953607.582091) can0 2A6#FFFFF84700000253
(1790953607.582216) can0 2A7#00004EADFFFFF5D5
(1790953607.586504) can0 2A1#0100010000000000
(1790953607.586616) can0 2A2#0000D606000008AE
(1790953607.586717) can0 2A3#0002EB29FFFD5D68
(1790953607.586841) can0 2A4#000123DCFFFD6704
(1790953607.586966) can0 2A5#000007BF000007CA
(1790953607.587091) can0 2A6#FFFFF84700000253
(1790953607.587191) can0 2A7#00004EADFFFFF5D5
(1790953607.591494) can0 2A1#0100010000000000
(1790953607.591615) can0 2A2#0000D606000008AE
(1790953607.591741) can0 2A3#0002EB29FFFD5D68
(1790953607.591841) can0 2A4#000123DCFFFD6704
(1790953607.591965) can0 2A5#000007BF000007CA
(1790953607.592091) can0 2A6#FFFFF84700000253
(1790953607.592216) can0 2A7#00004EADFFFFF5D5
(1790953607.596497) can0 2A1#0100010000000000
(1790953607.596592) can0 2A2#0000D606000008AE
(1790953607.596716) can0 2A3#0002EB29FFFD5D68
(1790953607.596840) can0 2A4#000123DCFFFD6704
(1790953607.596966) can0 2A5#000007BF000007CA
(1790953607.597091) can0 2A6#FFFFF84700000253
(1790953607.597216) can0 2A7#00004EADFFFFF5D5
(1790953607.601545) can0 2A1#0100010000000000
(1790953607.601616) can0 2A2#0000D606000008AE
(1790953607.601740) can0 2A3#0002EB29FFFD5D68
(1790953607.601897) can0 2A4#000123DCFFFD6704
(1790953607.601966) can0 2A5#000007BF000007CA
(1790953607.602091) can0 2A6#FFFFF84700000253
(1790953607.602216) can0 2A7#00004EADFFFFF5D5
(1790953607.606506) can0 2A1#0100010000000000
(1790953607.606591) can0 2A2#0000D606000008AE
(1790953607.606716) can0 2A3#0002EB29FFFD5D68
(1790953607.606841) can0 2A4#000123DCFFFD6704
(1790953607.606971) can0 2A5#000007BF000007CA
(1790953607.607091) can0 2A6#FFFFF84700000253
(1790953607.607216) can0 2A7#00004EADFFFFF5D5
(1790953607.611544) can0 2A1#0100010000000000
(1790953607.611616) can0 2A2#0000D606000008AE
(1790953607.611740) can0 2A3#0002EB29FFFD5D68
(1790953607.611840) can0 2A4#000123DCFFFD6704
(1790953607.611965) can0 2A5#000007BF000007CA
(1790953607.612116) can0 2A6#FFFFF84700000253
(1790953607.612217) can0 2A7#00004EADFFFFF5D5
(1790953607.616494) can0 2A1#0100010000000000
(1790953607.616616) can0 2A2#0000D606000008AE
(1790953607.616741) can0 2A3#0002EB29FFFD5D68
(1790953607.616841) can0 2A4#000123DCFFFD6704
(1790953607.616966) can0 2A5#000007BF000007CA
(1790953607.617097) can0 2A6#FFFFF84700000253
(1790953607.617191) can0 2A7#00004EADFFFFF5D5
(1790953607.621495) can0 2A1#0100010000000000
(1790953607.621615) can0 2A2#0000D606000008AE
(1790953607.621739) can0 2A3#0002EB29FFFD5D68
(1790953607.621870) can0 2A4#000123DCFFFD6704
(1790953607.621988) can0 2A5#000007BF000007CA
(1790953607.622088) can0 2A6#FFFFF84700000253
(1790953607.622213) can0 2A7#00004EADFFFFF5D5
(1790953607.626497) can0 2A1#0100010000000000
(1790953607.626616) can0 2A2#0000D606000008AE
(1790953607.626716) can0 2A3#0002EB29FFFD5D68
(1790953607.626841) can0 2A4#000123DCFFFD6704
(1790953607.626965) can0 2A5#000007BF000007CA
(1790953607.627091) can0 2A6#FFFFF84700000253
(1790953607.627216) can0 2A7#00004EADFFFFF5D5
(1790953607.631555) can0 2A1#0100010000000000
(1790953607.631642) can0 2A2#0000D606000008AE
(1790953607.631741) can0 2A3#0002EB29FFFD5D68
(1790953607.631867) can0 2A4#000123DCFFFD6704
(1790953607.631965) can0 2A5#000007BF000007CA
(1790953607.632091) can0 2A6#FFFFF84700000253
(1790953607.632216) can0 2A7#00004EADFFFFF5D5
(1790953607.636500) can0 2A1#0100010000000000
(1790953607.636617) can0 2A2#0000D606000008AE
(1790953607.636742) can0 2A3#0002EB29FFFD5D68
(1790953607.636841) can0 2A4#000123DCFFFD6704
(1790953607.636967) can0 2A5#000007BF000007CA
(1790953607.637091) can0 2A6#FFFFF84700000253
(1790953607.637216) can0 2A7#00004EADFFFFF5D5
(1790953607.641496) can0 2A1#0100010000000000
(1790953607.641615) can0 2A2#0000D606000008AE
(1790953607.641741) can0 2A3#0002EB29FFFD5D68
(1790953607.641874) can0 2A4#000123DCFFFD6704
(1790953607.641992) can0 2A5#000007BF000007CA
(1790953607.642116) can0 2A6#FFFFF84700000253
(1790953607.642216) can0 2A7#00004EADFFFFF5D5
(1790953607.646492) can0 2A1#0100010000000000
(1790953607.646589) can0 2A2#0000D606000008AE
(1790953607.646740) can0 2A3#0002EB29FFFD5D68
(1790953607.646839) can0 2A4#000123DCFFFD6704
(1790953607.646964) can0 2A5#000007BF000007CA
(1790953607.647089) can0 2A6#FFFFF84700000253
(1790953607.647214) can0 2A7#00004EADFFFFF5D5
(1790953607.651495) can0 2A1#0100010000000000
(1790953607.651614) can0 2A2#0000D606000008AE
(1790953607.651739) can0 2A3#0002EB29FFFD5D68
(1790953607.651865) can0 2A4#000123DCFFFD6704
(1790953607.651989) can0 2A5#000007BF000007CA
(1790953607.652089) can0 2A6#FFFFF84700000253
(1790953607.652214) can0 2A7#00004EADFFFFF5D5
(1790953607.656497) can0 2A1#0100010000000000
(1790953607.656616) can0 2A2#0000D606000008AE
(1790953607.656716) can0 2A3#0002EB29FFFD5D68
(1790953607.656840) can0 2A4#000123DCFFFD6704
(1790953607.656965) can0 2A5#000007BF000007CA
(1790953607.657091) can0 2A6#FFFFF84700000253
(1790953607.657215) can0 2A7#00004EADFFFFF5D5
(1790953607.661546) can0 2A1#0100010000000000
(1790953607.661640) can0 2A2#0000D606000008AE
(1790953607.661741) can0 2A3#0002EB29FFFD5D68
(1790953607.661866) can0 2A4#000123DCFFFD6704
(1790953607.661965) can0 2A5#000007BF000007CA
(1790953607.662092) can0 2A6#FFFFF84700000253
(1790953607.662216) can0 2A7#00004EADFFFFF5D5
(1790953607.666506) can0 2A1#0100010000000000
(1790953607.666618) can0 2A2#0000D606000008AE
(1790953607.666742) can0 2A3#0002EB29FFFD5D68
(1790953607.666842) can0 2A4#000123DCFFFD6704
(1790953607.666967) can0 2A5#000007BF000007CA
(1790953607.667092) can0 2A6#FFFFF84700000253
(1790953607.667216) can0 2A7#00004EADFFFFF5D5
(1790953607.671509) can0 2A1#0100010000000000
(1790953607.671617) can0 2A2#0000D606000008AE
(1790953607.671743) can0 2A3#0002EB29FFFD5D68
(1790953607.671867) can0 2A4#000123DCFFFD6704
(1790953607.671992) can0 2A5#000007BF000007CA
(1790953607.672092) can0 2A6#FFFFF84700000253
(1790953607.672217) can0 2A7#00004EADFFFFF5D5
(1790953607.676502) can0 2A1#0100010000000000
(1790953607.676622) can0 2A2#0000D606000008AE
(1790953607.676719) can0 2A3#0002EB29FFFD5D68
(1790953607.676842) can0 2A4#000123DCFFFD6704
(1790953607.676967) can0 2A5#000007BF000007CA
(1790953607.677092) can0 2A6#FFFFF84700000253
(1790953607.677217) can0 2A7#00004EADFFFFF5D5
(1790953607.681496) can0 2A1#0100010000000000
(1790953607.681618) can0 2A2#0000D606000008AE
(1790953607.681742) can0 2A3#0002EB29FFFD5D68
(1790953607.681841) can0 2A4#000123DCFFFD6704
(1790953607.681993) can0 2A5#000007BF000007CA
(1790953607.682115) can0 2A6#FFFFF84700000253
(1790953607.682222) can0 2A7#00004EADFFFFF5D5
(1790953607.686495) can0 2A1#0100010000000000
(1790953607.686616) can0 2A2#0000D606000008AE
(1790953607.686716) can0 2A3#0002EB29FFFD5D68
(1790953607.686841) can0 2A4#000123DCFFFD6704
(1790953607.686967) can0 2A5#000007BF000007CA
(1790953607.687092) can0 2A6#FFFFF84700000253
(1790953607.687217) can0 2A7#00004EADFFFFF5D5
(1790953607.691566) can0 2A1#0100010000000000
(1790953607.691642) can0 2A2#0000D606000008AE
(1790953607.691743) can0 2A3#0002EB29FFFD5D68
(1790953607.691872) can0 2A4#000123DCFFFD6704
(1790953607.691967) can0 2A5#000007BF000007CA
(1790953607.692093) can0 2A6#FFFFF84700000253
(1790953607.692217) can0 2A7#00004EADFFFFF5D5
(1790953607.696498) can0 2A1#0100010000000000
(1790953607.696597) can0 2A2#0000D606000008AE
(1790953607.696744) can0 2A3#0002EB29FFFD5D68
(1790953607.696841) can0 2A4#000123DCFFFD6704
(1790953607.696967) can0 2A5#000007BF000007CA
(1790953607.697092) can0 2A6#FFFFF84700000253
(1790953607.697217) can0 2A7#00004EADFFFFF5D5
(1790953607.701566) can0 2A1#0100010000000000
(1790953607.701621) can0 2A2#0000D606000008AE
(1790953607.701744) can0 2A3#0002EB29FFFD5D68
(1790953607.701842) can0 2A4#000123DCFFFD6704
(1790953607.701992) can0 2A5#000007BF000007CA
(1790953607.702117) can0 2A6#FFFFF84700000253
(1790953607.702217) can0 2A7#00004EADFFFFF5D5
(1790953607.706498) can0 2A1#0100010000000000
(1790953607.706592) can0 2A2#0000D606000008AE
(1790953607.706742) can0 2A3#0002EB29FFFD5D68
(1790953607.706841) can0 2A4#000123DCFFFD6704
(1790953607.706967) can0 2A5#000007BF000007CA
(1790953607.707092) can0 2A6#FFFFF84700000253
(1790953607.707216) can0 2A7#00004EADFFFFF5D5
(1790953607.711561) can0 2A1#0100010000000000
(1790953607.711622) can0 2A2#0000D606000008AE
(1790953607.711743) can0 2A3#0002EB29FFFD5D68
(1790953607.711842) can0 2A4#000123DCFFFD6704
(1790953607.711992) can0 2A5#000007BF000007CA
(1790953607.712091) can0 2A6#FFFFF84700000253
(1790953607.712217) can0 2A7#00004EADFFFFF5D5
(1790953607.716501) can0 2A1#0100010000000000
(1790953607.716623) can0 2A2#0000D606000008AE
(1790953607.716744) can0 2A3#0002EB29FFFD5D68
(1790953607.716841) can0 2A4#000123DCFFFD6704
(1790953607.716968) can0 2A5#000007BF000007CA
(1790953607.717093) can0 2A6#FFFFF84700000253
(1790953607.717218) can0 2A7#00004EADFFFFF5D5
(1790953607.721546) can0 2A1#0100010000000000
(1790953607.721618) can0 2A2#0000D606000008AE
(1790953607.721742) can0 2A3#0002EB29FFFD5D68
(1790953607.721871) can0 2A4#000123DCFFFD6704
(1790953607.721967) can0 2A5#000007BF000007CA
(1790953607.722092) can0 2A6#FFFFF84700000253
(1790953607.722216) can0 2A7#00004EADFFFFF5D5
(1790953607.726509) can0 2A1#0100010000000000
(1790953607.726591) can0 2A2#0000D606000008AE
(1790953607.726717) can0 2A3#0002EB29FFFD5D68
(1790953607.726842) can0 2A4#000123DCFFFD6704
(1790953607.726967) can0 2A5#000007BF000007CA
(1790953607.727092) can0 2A6#FFFFF84700000253
(1790953607.727217) can0 2A7#00004EADFFFFF5D5
(1790953607.731501) can0 2A1#0100010000000000
(1790953607.731617) can0 2A2#0000D606000008AE
(1790953607.731745) can0 2A3#0002EB29FFFD5D68
(1790953607.731874) can0 2A4#000123DCFFFD6704
(1790953607.731992) can0 2A5#000007BF000007CA
(1790953607.732091) can0 2A6#FFFFF84700000253
(1790953607.732217) can0 2A7#00004EADFFFFF5D5
(1790953607.736504) can0 2A1#0100010000000000
(1790953607.736617) can0 2A2#0000D606000008AE
(1790953607.736717) can0 2A3#0002EB29FFFD5D68
(1790953607.736843) can0 2A4#000123DCFFFD6704
(1790953607.736967) can0 2A5#000007BF000007CA
(1790953607.737092) can0 2A6#FFFFF84700000253
(1790953607.737217) can0 2A7#00004EADFFFFF5D5
(1790953607.741566) can0 2A1#0100010000000000
(1790953607.741616) can0 2A2#0000D606000008AE
(1790953607.741741) can0 2A3#0002EB29FFFD5D68
(1790953607.741867) can0 2A4#000123DCFFFD6704
(1790953607.741966) can0 2A5#000007BF000007CA
(1790953607.742091) can0 2A6#FFFFF84700000253
(1790953607.742215) can0 2A7#00004EADFFFFF5D5
(1790953607.746493) can0 2A1#0100010000000000
(1790953607.746618) can0 2A2#0000D606000008AE
(1790953607.746718) can0 2A3#0002EB29FFFD5D68
(1790953607.746842) can0 2A4#000123DCFFFD6704
(1790953607.746968) can0 2A5#000007BF000007CA
(1790953607.747092) can0 2A6#FFFFF84700000253
(1790953607.747218) can0 2A7#00004EADFFFFF5D5
(1790953607.751573) can0 2A1#0100010000000000
(1790953607.751642) can0 2A2#0000D606000008AE
(1790953607.751743) can0 2A3#0002EB29FFFD5D68
(1790953607.751868) can0 2A4#000123DCFFFD6704
(1790953607.751966) can0 2A5#000007BF000007CA
(1790953607.752091) can0 2A6#FFFFF84700000253
(1790953607.752217) can0 2A7#00004EADFFFFF5D5
(1790953607.756499) can0 2A1#0100010000000000
(1790953607.756616) can0 2A2#0000D606000008AE
(1790953607.756718) can0 2A3#0002EB29FFFD5D68
(1790953607.756843) can0 2A4#000123DCFFFD6704
(1790953607.756970) can0 2A5#000007BF000007CA
(1790953607.757091) can0 2A6#FFFFF84700000253
(1790953607.757218) can0 2A7#00004EADFFFFF5D5
(1790953607.761545) can0 2A1#0100010000000000
(1790953607.761646) can0 2A2#0000D606000008AE
(1790953607.761743) can0 2A3#0002EB29FFFD5D68
(1790953607.761869) can0 2A4#000123DCFFFD6704
(1790953607.761991) can0 2A5#000007BF000007CA
(1790953607.762092) can0 2A6#FFFFF84700000253
(1790953607.762217) can0 2A7#00004EADFFFFF5D5
(1790953607.766496) can0 2A1#0100010000000000
(1790953607.766615) can0 2A2#0000D606000008AE
(1790953607.766741) can0 2A3#0002EB29FFFD5D68
(1790953607.766843) can0 2A4#000123DCFFFD6704
(1790953607.766967) can0 2A5#000007BF000007CA
(1790953607.767091) can0 2A6#FFFFF84700000253
(1790953607.767217) can0 2A7#00004EADFFFFF5D5
(1790953607.771498) can0 2A1#0100010000000000
(1790953607.771615) can0 2A2#0000D606000008AE
(1790953607.771743) can0 2A3#0002EB29FFFD5D68
(1790953607.771870) can0 2A4#000123DCFFFD6704
(1790953607.771991) can0 2A5#000007BF000007CA
(1790953607.772092) can0 2A6#FFFFF84700000253
(1790953607.772217) can0 2A7#00004EADFFFFF5D5
(1790953607.776499) can0 2A1#0100010000000000
(1790953607.776616) can0 2A2#0000D606000008AE
(1790953607.776717) can0 2A3#0002EB29FFFD5D68
(1790953607.776842) can0 2A4#000123DCFFFD6704
(1790953607.776968) can0 2A5#000007BF000007CA
(1790953607.777092) can0 2A6#FFFFF84700000253
(1790953607.777215) can0 2A7#00004EADFFFFF5D5
(1790953607.781551) can0 2A1#0100010000000000
(1790953607.781647) can0 2A2#0000D606000008AE
(1790953607.781743) can0 2A3#0002EB29FFFD5D68
(1790953607.781882) can0 2A4#000123DCFFFD6704
(1790953607.781993) can0 2A5#000007BF000007CA
(1790953607.782090) can0 2A6#FFFFF84700000253
(1790953607.782218) can0 2A7#00004EADFFFFF5D5
(1790953607.786495) can0 2A1#0100010000000000
(1790953607.786617) can0 2A2#0000D606000008AE
(1790953607.786741) can0 2A3#0002EB29FFFD5D68
(1790953607.786842) can0 2A4#000123DCFFFD6704
(1790953607.786965) can0 2A5#000007BF000007CA
(1790953607.787092) can0 2A6#FFFFF84700000253
(1790953607.787217) can0 2A7#00004EADFFFFF5D5
(1790953607.791545) can0 2A1#0100010000000000
(1790953607.791618) can0 2A2#0000D606000008AE
(1790953607.791742) can0 2A3#0002EB29FFFD5D68
(1790953607.791870) can0 2A4#000123DCFFFD6704
(1790953607.791992) can0 2A5#000007BF000007CA
(1790953607.792117) can0 2A6#FFFFF84700000253
(1790953607.792217) can0 2A7#00004EADFFFFF5D5
(1790953607.796495) can0 2A1#0100010000000000
(1790953607.796616) can0 2A2#0000D606000008AE
(1790953607.796716) can0 2A3#0002EB29FFFD5D68
(1790953607.796840) can0 2A4#000123DCFFFD6704
(1790953607.796965) can0 2A5#000007BF000007CA
(1790953607.797090) can0 2A6#FFFFF84700000253
(1790953607.797216) can0 2A7#00004EADFFFFF5D5
(1790953607.801497) can0 2A1#0100010000000000
(1790953607.801615) can0 2A2#0000D606000008AE
(1790953607.801740) can0 2A3#0002EB29FFFD5D68
(1790953607.801867) can0 2A4#000123DCFFFD6704
(1790953607.801990) can0 2A5#000007BF000007CA
(1790953607.802115) can0 2A6#FFFFF84700000253
(1790953607.802215) can0 2A7#00004EADFFFFF5D5
(1790953607.806503) can0 2A1#0100010000000000
(1790953607.806616) can0 2A2#0000D606000008AE
(1790953607.806716) can0 2A3#0002EB29FFFD5D68
(1790953607.806840) can0 2A4#000123DCFFFD6704
(1790953607.806965) can0 2A5#000007BF000007CA
(1790953607.807092) can0 2A6#FFFFF84700000253
(1790953607.807216) can0 2A7#00004EADFFFFF5D5
(1790953607.811546) can0 2A1#0100010000000000
(1790953607.811640) can0 2A2#0000D606000008AE
(1790953607.811741) can0 2A3#0002EB29FFFD5D68
(1790953607.811866) can0 2A4#000123DCFFFD6704
(1790953607.811990) can0 2A5#000007BF000007CA
(1790953607.812096) can0 2A6#FFFFF84700000253
(1790953607.812216) can0 2A7#00004EADFFFFF5D5
(1790953607.816492) can0 2A1#0100010000000000
(1790953607.816618) can0 2A2#0000D606000008AE
(1790953607.816742) can0 2A3#0002EB29FFFD5D68
(1790953607.816868) can0 2A4#000123DCFFFD6704
(1790953607.816967) can0 2A5#000007BF000007CA
(1790953607.817091) can0 2A6#FFFFF84700000253
(1790953607.817215) can0 2A7#00004EADFFFFF5D5
(1790953607.821505) can0 2A1#0100010000000000
(1790953607.821619) can0 2A2#0000D606000008AE
(1790953607.821742) can0 2A3#0002EB29FFFD5D68
(1790953607.821869) can0 2A4#000123DCFFFD6704
(1790953607.821992) can0 2A5#000007BF000007CA
(1790953607.822092) can0 2A6#FFFFF84700000253
(1790953607.822219) can0 2A7#00004EADFFFFF5D5
(1790953607.826499) can0 2A1#0100010000000000
(1790953607.826615) can0 2A2#0000D606000008AE
(1790953607.826717) can0 2A3#0002EB29FFFD5D68
(1790953607.826841) can0 2A4#000123DCFFFD6704
(1790953607.826969) can0 2A5#000007BF000007CA
(1790953607.827092) can0 2A6#FFFFF84700000253
(1790953607.827218) can0 2A7#00004EADFFFFF5D5
(1790953607.831579) can0 2A1#0100010000000000
(1790953607.831617) can0 2A2#0000D606000008AE
(1790953607.831742) can0 2A3#0002EB29FFFD5D68
(1790953607.831869) can0 2A4#000123DCFFFD6704
(1790953607.831993) can0 2A5#000007BF000007CA
(1790953607.832115) can0 2A6#FFFFF84700000253
(1790953607.832215) can0 2A7#00004EADFFFFF5D5
(1790953607.836495) can0 2A1#0100010000000000
(1790953607.836617) can0 2A2#0000D606000008AE
(1790953607.836745) can0 2A3#0002EB29FFFD5D68
(1790953607.836844) can0 2A4#000123DCFFFD6704
(1790953607.836966) can0 2A5#000007BF000007CA
(1790953607.837092) can0 2A6#FFFFF84700000253
(1790953607.837192) can0 2A7#00004EADFFFFF5D5
(1790953607.841507) can0 2A1#0100010000000000
(1790953607.841616) can0 2A2#0000D606000008AE
(1790953607.841741) can0 2A3#0002EB29FFFD5D68
(1790953607.841866) can0 2A4#000123DCFFFD6704
(1790953607.841966) can0 2A5#000007BF000007CA
(1790953607.842092) can0 2A6#FFFFF84700000253
(1790953607.842222) can0 2A7#00004EADFFFFF5D5
(1790953607.846500) can0 2A1#0100010000000000
(1790953607.846616) can0 2A2#0000D606000008AE
(1790953607.846716) can0 2A3#0002EB29FFFD5D68
(1790953607.846840) can0 2A4#000123DCFFFD6704
(1790953607.846967) can0 2A5#000007BF000007CA
(1790953607.847090) can0 2A6#FFFFF84700000253
(1790953607.847215) can0 2A7#00004EADFFFFF5D5
(1790953607.851547) can0 2A1#0100010000000000
(1790953607.851616) can0 2A2#0000D606000008AE
(1790953607.851741) can0 2A3#0002EB29FFFD5D68
(1790953607.851841) can0 2A4#000123DCFFFD6704
(1790953607.851991) can0 2A5#000007BF000007CA
(1790953607.852115) can0 2A6#FFFFF84700000253
(1790953607.852216) can0 2A7#00004EADFFFFF5D5
(1790953607.856496) can0 2A1#0100010000000000
(1790953607.856616) can0 2A2#0000D606000008AE
(1790953607.856741) can0 2A3#0002EB29FFFD5D68
(1790953607.856840) can0 2A4#000123DCFFFD6704
(1790953607.856965) can0 2A5#000007BF000007CA
(1790953607.857090) can0 2A6#FFFFF84700000253
(1790953607.857215) can0 2A7#00004EADFFFFF5D5
(1790953607.861503) can0 2A1#0100010000000000
(1790953607.861616) can0 2A2#0000D606000008AE
(1790953607.861742) can0 2A3#0002EB29FFFD5D68
(1790953607.861869) can0 2A4#000123DCFFFD6704
(1790953607.861990) can0 2A5#000007BF000007CA
(1790953607.862118) can0 2A6#FFFFF84700000253
(1790953607.862215) can0 2A7#00004EADFFFFF5D5
(1790953607.866496) can0 2A1#0100010000000000
(1790953607.866614) can0 2A2#0000D606000008AE
(1790953607.866714) can0 2A3#0002EB29FFFD5D68
(1790953607.866866) can0 2A4#000123DCFFFD6704
(1790953607.866964) can0 2A5#000007BF000007CA
(1790953607.867089) can0 2A6#FFFFF84700000253
(1790953607.867215) can0 2A7#00004EADFFFFF5D5
(1790953607.871501) can0 2A1#0100010000000000
(1790953607.871615) can0 2A2#0000D606000008AE
(1790953607.871742) can0 2A3#0002EB29FFFD5D68
(1790953607.871882) can0 2A4#000123DCFFFD6704
(1790953607.871991) can0 2A5#000007BF000007CA
(1790953607.872090) can0 2A6#FFFFF84700000253
(1790953607.872217) can0 2A7#00004EADFFFFF5D5
(1790953607.876495) can0 2A1#0100010000000000
(1790953607.876615) can0 2A2#0000D606000008AE
(1790953607.876741) can0 2A3#0002EB29FFFD5D68
(1790953607.876840) can0 2A4#000123DCFFFD6704
(1790953607.876965) can0 2A5#000007BF000007CA
(1790953607.877090) can0 2A6#FFFFF84700000253
(1790953607.877215) can0 2A7#00004EADFFFFF5D5
(1790953607.881516) can0 2A1#0100010000000000
(1790953607.881634) can0 2A2#0000D606000008AE
(1790953607.881741) can0 2A3#0002EB29FFFD5D68
(1790953607.881840) can0 2A4#000123DCFFFD6704
(1790953607.881965) can0 2A5#000007BF000007CA
(1790953607.882091) can0 2A6#FFFFF84700000253
(1790953607.882215) can0 2A7#00004EADFFFFF5D5
(1790953607.886501) can0 2A1#0100010000000000
(1790953607.886618) can0 2A2#0000D606000008AE
(1790953607.886744) can0 2A3#0002EB29FFFD5D68
(1790953607.886842) can0 2A4#000123DCFFFD6704
(1790953607.886969) can0 2A5#000007BF000007CA
(1790953607.887092) can0 2A6#FFFFF84700000253
(1790953607.887222) can0 2A7#00004EADFFFFF5D5
(1790953607.891496) can0 2A1#0100010000000000
(1790953607.891642) can0 2A2#0000D606000008AE
(1790953607.891742) can0 2A3#0002EB29FFFD5D68
(1790953607.891865) can0 2A4#000123DCFFFD6704
(1790953607.891992) can0 2A5#000007BF000007CA
(1790953607.892090) can0 2A6#FFFFF84700000253
(1790953607.892215) can0 2A7#00004EADFFFFF5D5
(1790953607.896499) can0 2A1#0100010000000000
(1790953607.896615) can0 2A2#0000D606000008AE
(1790953607.896715) can0 2A3#0002EB29FFFD5D68
(1790953607.896840) can0 2A4#000123DCFFFD6704
(1790953607.896975) can0 2A5#000007BF000007CA
(1790953607.897097) can0 2A6#FFFFF84700000253
(1790953607.897221) can0 2A7#00004EADFFFFF5D5
(1790953607.901495) can0 2A1#0100010000000000
(1790953607.901617) can0 2A2#0000D606000008AE
(1790953607.901742) can0 2A3#0002EB29FFFD5D68
(1790953607.901867) can0 2A4#000123DCFFFD6704
(1790953607.901989) can0 2A5#000007BF000007CA
(1790953607.902091) can0 2A6#FFFFF84700000253
(1790953607.902216) can0 2A7#00004EADFFFFF5D5
(1790953607.906494) can0 2A1#0100010000000000
(1790953607.906615) can0 2A2#0000D606000008AE
(1790953607.906716) can0 2A3#0002EB29FFFD5D68
(1790953607.906839) can0 2A4#000123DCFFFD6704
(1790953607.906965) can0 2A5#000007BF000007CA
(1790953607.907091) can0 2A6#FFFFF84700000253
(1790953607.907216) can0 2A7#00004EADFFFFF5D5
(1790953607.911544) can0 2A1#0100010000000000
(1790953607.911618) can0 2A2#0000D606000008AE
(1790953607.911741) can0 2A3#0002EB29FFFD5D68
(1790953607.911865) can0 2A4#000123DCFFFD6704
(1790953607.911990) can0 2A5#000007BF000007CA
(1790953607.912091) can0 2A6#FFFFF84700000253
(1790953607.912215) can0 2A7#00004EADFFFFF5D5
(1790953607.916495) can0 2A1#0100010000000000
(1790953607.916615) can0 2A2#0000D606000008AE
(1790953607.916741) can0 2A3#0002EB29FFFD5D68
(1790953607.916840) can0 2A4#000123DCFFFD6704
(1790953607.916966) can0 2A5#000007BF000007CA
(1790953607.917091) can0 2A6#FFFFF84700000253
(1790953607.917189) can0 2A7#00004EADFFFFF5D5
(1790953607.921495) can0 2A1#0100010000000000
(1790953607.921614) can0 2A2#0000D606000008AE
(1790953607.921742) can0 2A3#0002EB29FFFD5D68
(1790953607.921866) can0 2A4#000123DCFFFD6704
(1790953607.921964) can0 2A5#000007BF000007CA
(1790953607.922091) can0 2A6#FFFFF84700000253
(1790953607.922216) can0 2A7#00004EADFFFFF5D5
(1790953607.926494) can0 2A1#0100010000000000
(1790953607.926613) can0 2A2#0000D606000008AE
(1790953607.926716) can0 2A3#0002EB29FFFD5D68
(1790953607.926840) can0 2A4#000123DCFFFD6704
(1790953607.926966) can0 2A5#000007BF000007CA
(1790953607.927089) can0 2A6#FFFFF84700000253
(1790953607.927214) can0 2A7#00004EADFFFFF5D5
(1790953607.931561) can0 2A1#0100010000000000
(1790953607.931625) can0 2A2#0000D606000008AE
(1790953607.931742) can0 2A3#0002EB29FFFD5D68
(1790953607.931841) can0 2A4#000123DCFFFD6704
(1790953607.931967) can0 2A5#000007BF000007CA
(1790953607.932091) can0 2A6#FFFFF84700000253
(1790953607.932214) can0 2A7#00004EADFFFFF5D5
(1790953607.936494) can0 2A1#0100010000000000
(1790953607.936614) can0 2A2#0000D606000008AE
(1790953607.936741) can0 2A3#0002EB29FFFD5D68
(1790953607.936844) can0 2A4#000123DCFFFD6704
(1790953607.936969) can0 2A5#000007BF000007CA
(1790953607.937091) can0 2A6#FFFFF84700000253
(1790953607.937216) can0 2A7#00004EADFFFFF5D5
(1790953607.941494) can0 2A1#0100010000000000
(1790953607.941614) can0 2A2#0000D606000008AE
(1790953607.941741) can0 2A3#0002EB29FFFD5D68
(1790953607.941865) can0 2A4#000123DCFFFD6704
(1790953607.941990) can0 2A5#000007BF000007CA
(1790953607.942090) can0 2A6#FFFFF84700000253
(1790953607.942215) can0 2A7#00004EADFFFFF5D5
(1790953607.946495) can0 2A1#0100010000000000
(1790953607.946614) can0 2A2#0000D606000008AE
(1790953607.946741) can0 2A3#0002EB29FFFD5D68
(1790953607.946839) can0 2A4#000123DCFFFD6704
(1790953607.946964) can0 2A5#000007BF000007CA
(1790953607.947091) can0 2A6#FFFFF84700000253
(1790953607.947215) can0 2A7#00004EADFFFFF5D5
(1790953607.951499) can0 2A1#0100010000000000
(1790953607.951616) can0 2A2#0000D606000008AE
(1790953607.951741) can0 2A3#0002EB29FFFD5D68
(1790953607.951866) can0 2A4#000123DCFFFD6704
(1790953607.951989) can0 2A5#000007BF000007CA
(1790953607.952116) can0 2A6#FFFFF84700000253
(1790953607.952216) can0 2A7#00004EADFFFFF5D5
(1790953607.956497) can0 2A1#0100010000000000
(1790953607.956614) can0 2A2#0000D606000008AE
(1790953607.956716) can0 2A3#0002EB29FFFD5D68
(1790953607.956840) can0 2A4#000123DCFFFD6704
(1790953607.956964) can0 2A5#000007BF000007CA
(1790953607.957091) can0 2A6#FFFFF84700000253
(1790953607.957214) can0 2A7#00004EADFFFFF5D5
(1790953607.961494) can0 2A1#0100010000000000
(1790953607.961619) can0 2A2#0000D606000008AE
(1790953607.961741) can0 2A3#0002EB29FFFD5D68
(1790953607.961864) can0 2A4#000123DCFFFD6704
(1790953607.961989) can0 2A5#000007BF000007CA
(1790953607.962115) can0 2A6#FFFFF84700000253
(1790953607.962215) can0 2A7#00004EADFFFFF5D5
(1790953607.966493) can0 2A1#0100010000000000
(1790953607.966616) can0 2A2#0000D606000008AE
(1790953607.966716) can0 2A3#0002EB29FFFD5D68
(1790953607.966842) can0 2A4#000123DCFFFD6704
(1790953607.966965) can0 2A5#000007BF000007CA
(1790953607.967090) can0 2A6#FFFFF84700000253
(1790953607.967216) can0 2A7#00004EADFFFFF5D5
(1790953607.971544) can0 2A1#0100010000000000
(1790953607.971621) can0 2A2#0000D606000008AE
(1790953607.971741) can0 2A3#0002EB29FFFD5D68
(1790953607.971867) can0 2A4#000123DCFFFD6704
(1790953607.971989) can0 2A5#000007BF000007CA
(1790953607.972116) can0 2A6#FFFFF84700000253
(1790953607.972215) can0 2A7#00004EADFFFFF5D5
(1790953607.976498) can0 2A1#0100010000000000
(1790953607.976615) can0 2A2#0000D606000008AE
(1790953607.976741) can0 2A3#0002EB29FFFD5D68
(1790953607.976840) can0 2A4#000123DCFFFD6704
(1790953607.976966) can0 2A5#000007BF000007CA
(1790953607.977091) can0 2A6#FFFFF84700000253
(1790953607.977215) can0 2A7#00004EADFFFFF5D5
(1790953607.981547) can0 2A1#0100010000000000
(1790953607.981620) can0 2A2#0000D606000008AE
(1790953607.981741) can0 2A3#0002EB29FFFD5D68
(1790953607.981840) can0 2A4#000123DCFFFD6704
(1790953607.981991) can0 2A5#000007BF000007CA
(1790953607.982092) can0 2A6#FFFFF84700000253
(1790953607.982216) can0 2A7#00004EADFFFFF5D5
(1790953607.986495) can0 2A1#0100010000000000
(1790953607.986614) can0 2A2#0000D606000008AE
(1790953607.986741) can0 2A3#0002EB29FFFD5D68
(1790953607.986840) can0 2A4#000123DCFFFD6704
(1790953607.986966) can0 2A5#000007BF000007CA
(1790953607.987091) can0 2A6#FFFFF84700000253
(1790953607.987216) can0 2A7#00004EADFFFFF5D5
(1790953607.991496) can0 2A1#0100010000000000
(1790953607.991641) can0 2A2#0000D606000008AE
(1790953607.991740) can0 2A3#0002EB29FFFD5D68
(1790953607.991873) can0 2A4#000123DCFFFD6704
(1790953607.991991) can0 2A5#000007BF000007CA
(1790953607.992091) can0 2A6#FFFFF84700000253
(1790953607.992215) can0 2A7#00004EADFFFFF5D5
(1790953607.996495) can0 2A1#0100010000000000
(1790953607.996614) can0 2A2#0000D606000008AE
(1790953607.996741) can0 2A3#0002EB29FFFD5D68
(1790953607.996867) can0 2A4#000123DCFFFD6704
(1790953607.996964) can0 2A5#000007BF000007CA
(1790953607.997089) can0 2A6#FFFFF84700000253
(1790953607.997216) can0 2A7#00004EADFFFFF5D5
(1790953608.001494) can0 2A1#0100010000000000
(1790953608.001614) can0 2A2#0000D606000008AE
(1790953608.001741) can0 2A3#0002EB29FFFD5D68
(1790953608.001865) can0 2A4#000123DCFFFD6704
(1790953608.001991) can0 2A5#000007BF000007CA
(1790953608.002089) can0 2A6#FFFFF84700000253
(1790953608.002216) can0 2A7#00004EADFFFFF5D5
(1790953608.006495) can0 2A1#0100010000000000
(1790953608.006614) can0 2A2#0000D606000008AE
(1790953608.006714) can0 2A3#0002EB29FFFD5D68
(1790953608.006839) can0 2A4#000123DCFFFD6704
(1790953608.006968) can0 2A5#000007BF000007CA
(1790953608.007091) can0 2A6#FFFFF84700000253
(1790953608.007216) can0 2A7#00004EADFFFFF5D5
(1790953608.011545) can0 2A1#0100010000000000
(1790953608.011620) can0 2A2#0000D606000008AE
(1790953608.011740) can0 2A3#0002EB29FFFD5D68
(1790953608.011867) can0 2A4#000123DCFFFD6704
(1790953608.011991) can0 2A5#000007BF000007CA
(1790953608.012115) can0 2A6#FFFFF84700000253
(1790953608.012215) can0 2A7#00004EADFFFFF5D5
(1790953608.016497) can0 2A1#0100010000000000
(1790953608.016614) can0 2A2#0000D606000008AE
(1790953608.016714) can0 2A3#0002EB29FFFD5D68
(1790953608.016839) can0 2A4#000123DCFFFD6704
(1790953608.016964) can0 2A5#000007BF000007CA
(1790953608.017089) can0 2A6#FFFFF84700000253
(1790953608.017214) can0 2A7#00004EADFFFFF5D5
(1790953608.021545) can0 2A1#0100010000000000
(1790953608.021620) can0 2A2#0000D606000008AE
(1790953608.021739) can0 2A3#0002EB29FFFD5D68
(1790953608.021865) can0 2A4#000123DCFFFD6704
(1790953608.021989) can0 2A5#000007BF000007CA
(1790953608.022114) can0 2A6#FFFFF84700000253
(1790953608.022219) can0 2A7#00004EADFFFFF5D5
(1790953608.026494) can0 2A1#0100010000000000
(1790953608.026614) can0 2A2#0000D606000008AE
(1790953608.026714) can0 2A3#0002EB29FFFD5D68
(1790953608.026847) can0 2A4#000123DCFFFD6704
(1790953608.026965) can0 2A5#000007BF000007CA
(1790953608.027090) can0 2A6#FFFFF84700000253
(1790953608.027219) can0 2A7#00004EADFFFFF5D5
(1790953608.031544) can0 2A1#0100010000000000
(1790953608.031620) can0 2A2#0000D606000008AE
(1790953608.031739) can0 2A3#0002EB29FFFD5D68
(1790953608.031865) can0 2A4#000123DCFFFD6704
(1790953608.031969) can0 2A5#000007BF000007CA
(1790953608.032114) can0 2A6#FFFFF84700000253
(1790953608.032214) can0 2A7#00004EADFFFFF5D5
(1790953608.036494) can0 2A1#0100010000000000
(1790953608.036618) can0 2A2#0000D606000008AE
(1790953608.036739) can0 2A3#0002EB29FFFD5D68
(1790953608.036864) can0 2A4#000123DCFFFD6704
(1790953608.036969) can0 2A5#000007BF000007CA
(1790953608.037093) can0 2A6#FFFFF84700000253
(1790953608.037215) can0 2A7#00004EADFFFFF5D5
(1790953608.041503) can0 2A1#0100010000000000
(1790953608.041616) can0 2A2#0000D606000008AE
(1790953608.041741) can0 2A3#0002EB29FFFD5D68
(1790953608.041866) can0 2A4#000123DCFFFD6704
(1790953608.041991) can0 2A5#000007BF000007CA
(1790953608.042092) can0 2A6#FFFFF84700000253
(1790953608.042216) can0 2A7#00004EADFFFFF5D5
(1790953608.046501) can0 2A1#0100010000000000
(1790953608.046590) can0 2A2#0000D606000008AE
(1790953608.046740) can0 2A3#0002EB29FFFD5D68
(1790953608.046839) can0 2A4#000123DCFFFD6704
(1790953608.046969) can0 2A5#000007BF000007CA
(1790953608.047089) can0 2A6#FFFFF84700000253
(1790953608.047215) can0 2A7#00004EADFFFFF5D5
(1790953608.051498) can0 2A1#0100010000000000
(1790953608.051615) can0 2A2#0000D606000008AE
(1790953608.051740) can0 2A3#0002EB29FFFD5D68
(1790953608.051871) can0 2A4#000123DCFFFD6704
(1790953608.051990) can0 2A5#000007BF000007CA
(1790953608.052115) can0 2A6#FFFFF84700000253
(1790953608.052215) can0 2A7#00004EADFFFFF5D5
(1790953608.056497) can0 2A1#0100010000000000
(1790953608.056615) can0 2A2#0000D606000008AE
(1790953608.056740) can0 2A3#0002EB29FFFD5D68
(1790953608.056839) can0 2A4#000123DCFFFD6704
(1790953608.056964) can0 2A5#000007BF000007CA
(1790953608.057089) can0 2A6#FFFFF84700000253
(1790953608.057189) can0 2A7#00004EADFFFFF5D5
(1790953608.061551) can0 2A1#0100010000000000
(1790953608.061646) can0 2A2#0000D606000008AE
(1790953608.061740) can0 2A3#0002EB29FFFD5D68
(1790953608.061866) can0 2A4#000123DCFFFD6704
(1790953608.061989) can0 2A5#000007BF000007CA
(1790953608.062090) can0 2A6#FFFFF84700000253
(1790953608.062215) can0 2A7#00004EADFFFFF5D5
(1790953608.066519) can0 2A1#0100010000000000
(1790953608.066620) can0 2A2#0000D606000008AE
(1790953608.066746) can0 2A3#0002EB29FFFD5D68
(1790953608.066843) can0 2A4#000123DCFFFD6704
(1790953608.066969) can0 2A5#000007BF000007CA
(1790953608.067095) can0 2A6#FFFFF84700000253
(1790953608.067217) can0 2A7#00004EADFFFFF5D5
(1790953608.071598) can0 2A1#0100010000000000
(1790953608.071631) can0 2A2#0000D606000008AE
(1790953608.071745) can0 2A3#0002EB29FFFD5D68
(1790953608.071880) can0 2A4#000123DCFFFD6704
(1790953608.071968) can0 2A5#000007BF000007CA
(1790953608.072093) can0 2A6#FFFFF84700000253
(1790953608.072220) can0 2A7#00004EADFFFFF5D5
(1790953608.076526) can0 2A1#0100010000000000
(1790953608.076621) can0 2A2#0000D606000008AE
(1790953608.076745) can0 2A3#0002EB29FFFD5D68
(1790953608.076869) can0 2A4#000123DCFFFD6704
(1790953608.076969) can0 2A5#000007BF000007CA
(1790953608.077093) can0 2A6#FFFFF84700000253
(1790953608.077218) can0 2A7#00004EADFFFFF5D5
(1790953608.081513) can0 2A1#0100010000000000
(1790953608.081617) can0 2A2#0000D606000008AE
(1790953608.081745) can0 2A3#0002EB29FFFD5D68
(1790953608.081872) can0 2A4#000123DCFFFD6704
(1790953608.081994) can0 2A5#000007BF000007CA
(1790953608.082119) can0 2A6#FFFFF84700000253
(1790953608.082218) can0 2A7#00004EADFFFFF5D5
(1790953608.086798) can0 2A1#0100010000000000
(1790953608.086805) can0 2A2#0000D606000008AE
(1790953608.086807) can0 2A3#0002EB29FFFD5D68
(1790953608.086842) can0 2A4#000123DCFFFD6704
(1790953608.086967) can0 2A5#000007BF000007CA
(1790953608.087097) can0 2A6#FFFFF84700000253
(1790953608.087216) can0 2A7#00004EADFFFFF5D5
(1790953608.091549) can0 2A1#0100010000000000
(1790953608.091616) can0 2A2#0000D606000008AE
(1790953608.091751) can0 2A3#0002EB29FFFD5D68
(1790953608.091840) can0 2A4#000123DCFFFD6704
(1790953608.091967) can0 2A5#000007BF000007CA
(1790953608.092116) can0 2A6#FFFFF84700000253
(1790953608.092216) can0 2A7#00004EADFFFFF5D5
(1790953608.096502) can0 2A1#0100010000000000
(1790953608.096618) can0 2A2#0000D606000008AE
(1790953608.096720) can0 2A3#0002EB29FFFD5D68
(1790953608.096874) can0 2A4#000123DCFFFD6704
(1790953608.096965) can0 2A5#000007BF000007CA
(1790953608.097094) can0 2A6#FFFFF84700000253
(1790953608.097221) can0 2A7#00004EADFFFFF5D5
(1790953608.101547) can0 2A1#0100010000000000
(1790953608.101643) can0 2A2#0000D606000008AE
(1790953608.101744) can0 2A3#0002EB29FFFD5D68
(1790953608.101885) can0 2A4#000123DCFFFD6704
(1790953608.102003) can0 2A5#000007BF000007CA
(1790953608.102090) can0 2A6#FFFFF84700000253
(1790953608.102216) can0 2A7#00004EADFFFFF5D5
(1790953608.106502) can0 2A1#0100010000000000
(1790953608.106620) can0 2A2#0000D606000008AE
(1790953608.106718) can0 2A3#0002EB29FFFD5D68
(1790953608.106870) can0 2A4#000123DCFFFD6704
(1790953608.106967) can0 2A5#000007BF000007CA
(1790953608.107093) can0 2A6#FFFFF84700000253
(1790953608.107218) can0 2A7#00004EADFFFFF5D5
(1790953608.111499) can0 2A1#0100010000000000
(1790953608.111615) can0 2A2#0000D606000008AE
(1790953608.111739) can0 2A3#0002EB29FFFD5D68
(1790953608.111872) can0 2A4#000123DCFFFD6704
(1790953608.111992) can0 2A5#000007BF000007CA
(1790953608.112090) can0 2A6#FFFFF84700000253
(1790953608.112216) can0 2A7#00004EADFFFFF5D5
(1790953608.116508) can0 2A1#0100010000000000
(1790953608.116617) can0 2A2#0000D606000008AE
(1790953608.116741) can0 2A3#0002EB29FFFD5D68
(1790953608.116841) can0 2A4#000123DCFFFD6704
(1790953608.116969) can0 2A5#000007BF000007CA
(1790953608.117090) can0 2A6#FFFFF84700000253
(1790953608.117216) can0 2A7#00004EADFFFFF5D5
(1790953608.121522) can0 2A1#0100010000000000
(1790953608.121618) can0 2A2#0000D606000008AE
(1790953608.121742) can0 2A3#0002EB29FFFD5D68
(1790953608.121874) can0 2A4#000123DCFFFD6704
(1790953608.121990) can0 2A5#000007BF000007CA
(1790953608.122090) can0 2A6#FFFFF84700000253
(1790953608.122216) can0 2A7#00004EADFFFFF5D5
(1790953608.126532) can0 2A1#0100010000000000
(1790953608.126621) can0 2A2#0000D606000008AE
(1790953608.126718) can0 2A3#0002EB29FFFD5D68
(1790953608.126842) can0 2A4#000123DCFFFD6704
(1790953608.126968) can0 2A5#000007BF000007CA
(1790953608.127092) can0 2A6#FFFFF84700000253
(1790953608.127216) can0 2A7#00004EADFFFFF5D5
(1790953608.131542) can0 2A1#0100010000000000
(1790953608.131621) can0 2A2#0000D606000008AE
(1790953608.131745) can0 2A3#0002EB29FFFD5D68
(1790953608.131873) can0 2A4#000123DCFFFD6704
(1790953608.131993) can0 2A5#000007BF000007CA
(1790953608.132117) can0 2A6#FFFFF84700000253
(1790953608.132218) can0 2A7#00004EADFFFFF5D5
(1790953608.136530) can0 2A1#0100010000000000
(1790953608.136623) can0 2A2#0000D606000008AE
(1790953608.136742) can0 2A3#0002EB29FFFD5D68
(1790953608.136888) can0 2A4#000123DCFFFD6704
(1790953608.136967) can0 2A5#000007BF000007CA
(1790953608.137092) can0 2A6#FFFFF84700000253
(1790953608.137220) can0 2A7#00004EADFFFFF5D5
(1790953608.141579) can0 2A1#0100010000000000
(1790953608.141618) can0 2A2#0000D606000008AE
(1790953608.141741) can0 2A3#0002EB29FFFD5D68
(1790953608.141872) can0 2A4#000123DCFFFD6704
(1790953608.141991) can0 2A5#000007BF000007CA
(1790953608.142115) can0 2A6#FFFFF84700000253
(1790953608.142241) can0 2A7#00004EADFFFFF5D5
(1790953608.146517) can0 2A1#0100010000000000
(1790953608.146617) can0 2A2#0000D606000008AE
(1790953608.146715) can0 2A3#0002EB29FFFD5D68
(1790953608.146854) can0 2A4#000123DCFFFD6704
(1790953608.146965) can0 2A5#000007BF000007CA
(1790953608.147092) can0 2A6#FFFFF84700000253
(1790953608.147219) can0 2A7#00004EADFFFFF5D5
(1790953608.151568) can0 2A1#0100010000000000
(1790953608.151646) can0 2A2#0000D606000008AE
(1790953608.151743) can0 2A3#0002EB29FFFD5D68
(1790953608.151873) can0 2A4#000123DCFFFD6704
(1790953608.151991) can0 2A5#000007BF000007CA
(1790953608.152090) can0 2A6#FFFFF84700000253
(1790953608.152215) can0 2A7#00004EADFFFFF5D5
(1790953608.156509) can0 2A1#0100010000000000
(1790953608.156621) can0 2A2#0000D606000008AE
(1790953608.156742) can0 2A3#0002EB29FFFD5D68
(1790953608.156842) can0 2A4#000123DCFFFD6704
(1790953608.156965) can0 2A5#000007BF000007CA
(1790953608.157092) can0 2A6#FFFFF84700000253
(1790953608.157190) can0 2A7#00004EADFFFFF5D5
(1790953608.161552) can0 2A1#0100010000000000
(1790953608.161641) can0 2A2#0000D606000008AE
(1790953608.161742) can0 2A3#0002EB29FFFD5D68
(1790953608.161894) can0 2A4#000123DCFFFD6704
(1790953608.161990) can0 2A5#000007BF000007CA
(1790953608.162090) can0 2A6#FFFFF84700000253
(1790953608.162215) can0 2A7#00004EADFFFFF5D5
(1790953608.166517) can0 2A1#0100010000000000
(1790953608.166619) can0 2A2#0000D606000008AE
(1790953608.166742) can0 2A3#0002EB29FFFD5D68
(1790953608.166842) can0 2A4#000123DCFFFD6704
(1790953608.166968) can0 2A5#000007BF000007CA
(1790953608.167091) can0 2A6#FFFFF84700000253
(1790953608.167218) can0 2A7#00004EADFFFFF5D5
(1790953608.171531) can0 2A1#0100010000000000
(1790953608.171647) can0 2A2#0000D606000008AE
(1790953608.171742) can0 2A3#0002EB29FFFD5D68
(1790953608.171867) can0 2A4#000123DCFFFD6704
(1790953608.171991) can0 2A5#000007BF000007CA
(1790953608.172118) can0 2A6#FFFFF84700000253
(1790953608.172217) can0 2A7#00004EADFFFFF5D5
(1790953608.176501) can0 2A1#0100010000000000
(1790953608.176619) can0 2A2#0000D606000008AE
(1790953608.176716) can0 2A3#0002EB29FFFD5D68
(1790953608.176841) can0 2A4#000123DCFFFD6704
(1790953608.176965) can0 2A5#000007BF000007CA
(1790953608.177091) can0 2A6#FFFFF84700000253
(1790953608.177216) can0 2A7#00004EADFFFFF5D5
(1790953608.181512) can0 2A1#0100010000000000
(1790953608.181613) can0 2A2#0000D606000008AE
(1790953608.181739) can0 2A3#0002EB29FFFD5D68
(1790953608.181870) can0 2A4#000123DCFFFD6704
(1790953608.181989) can0 2A5#000007BF000007CA
(1790953608.182115) can0 2A6#FFFFF84700000253
(1790953608.182215) can0 2A7#00004EADFFFFF5D5
(1790953608.186501) can0 2A1#0100010000000000
(1790953608.186617) can0 2A2#0000D606000008AE
(1790953608.186741) can0 2A3#0002EB29FFFD5D68
(1790953608.186839) can0 2A4#000123DCFFFD6704
(1790953608.186966) can0 2A5#000007BF000007CA
(1790953608.187090) can0 2A6#FFFFF84700000253
(1790953608.187218) can0 2A7#00004EADFFFFF5D5
(1790953608.191551) can0 2A1#0100010000000000
(1790953608.191643) can0 2A2#0000D606000008AE
(1790953608.191741) can0 2A3#0002EB29FFFD5D68
(1790953608.191867) can0 2A4#000123DCFFFD6704
(1790953608.191993) can0 2A5#000007BF000007CA
(1790953608.192091) can0 2A6#FFFFF84700000253
(1790953608.192218) can0 2A7#00004EADFFFFF5D5
(1790953608.196540) can0 2A1#0100010000000000
(1790953608.196618) can0 2A2#0000D606000008AE
(1790953608.196722) can0 2A3#0002EB29FFFD5D68
(1790953608.196844) can0 2A4#000123DCFFFD6704
(1790953608.196977) can0 2A5#000007BF000007CA
(1790953608.197095) can0 2A6#FFFFF84700000253
(1790953608.197219) can0 2A7#00004EADFFFFF5D5
(1790953608.201570) can0 2A1#0100010000000000
(1790953608.201617) can0 2A2#0000D606000008AE
(1790953608.201743) can0 2A3#0002EB29FFFD5D68
(1790953608.201872) can0 2A4#000123DCFFFD6704
(1790953608.201992) can0 2A5#000007BF000007CA
(1790953608.202115) can0 2A6#FFFFF84700000253
(1790953608.202215) can0 2A7#00004EADFFFFF5D5
(1790953608.206525) can0 2A1#0100010000000000
(1790953608.206620) can0 2A2#0000D606000008AE
(1790953608.206749) can0 2A3#0002EB29FFFD5D68
(1790953608.206844) can0 2A4#000123DCFFFD6704
(1790953608.206968) can0 2A5#000007BF000007CA
(1790953608.207091) can0 2A6#FFFFF84700000253
(1790953608.207217) can0 2A7#00004EADFFFFF5D5
(1790953608.211556) can0 2A1#0100010000000000
(1790953608.211617) can0 2A2#0000D606000008AE
(1790953608.211741) can0 2A3#0002EB29FFFD5D68
(1790953608.211872) can0 2A4#000123DCFFFD6704
(1790953608.211990) can0 2A5#000007BF000007CA
(1790953608.212090) can0 2A6#FFFFF84700000253
(1790953608.212218) can0 2A7#00004EADFFFFF5D5
(1790953608.216502) can0 2A1#0100010000000000
(1790953608.216619) can0 2A2#0000D606000008AE
(1790953608.216741) can0 2A3#0002EB29FFFD5D68
(1790953608.216866) can0 2A4#000123DCFFFD6704
(1790953608.216966) can0 2A5#000007BF000007CA
(1790953608.217091) can0 2A6#FFFFF84700000253
(1790953608.217216) can0 2A7#00004EADFFFFF5D5
(1790953608.221504) can0 2A1#0100010000000000
(1790953608.221620) can0 2A2#0000D606000008AE
(1790953608.221742) can0 2A3#0002EB29FFFD5D68
(1790953608.221872) can0 2A4#000123DCFFFD6704
(1790953608.221994) can0 2A5#000007BF000007CA
(1790953608.222118) can0 2A6#FFFFF84700000253
(1790953608.222218) can0 2A7#00004EADFFFFF5D5
(1790953608.226505) can0 2A1#0100010000000000
(1790953608.226618) can0 2A2#0000D606000008AE
(1790953608.226717) can0 2A3#0002EB29FFFD5D68
(1790953608.226842) can0 2A4#000123DCFFFD6704
(1790953608.226967) can0 2A5#000007BF000007CA
(1790953608.227092) can0 2A6#FFFFF84700000253
(1790953608.227214) can0 2A7#00004EADFFFFF5D5
(1790953608.231555) can0 2A1#0100010000000000
(1790953608.231617) can0 2A2#0000D606000008AE
(1790953608.231744) can0 2A3#0002EB29FFFD5D68
(1790953608.231868) can0 2A4#000123DCFFFD6704
(1790953608.231966) can0 2A5#000007BF000007CA
(1790953608.232118) can0 2A6#FFFFF84700000253
(1790953608.232243) can0 2A7#00004EADFFFFF5D5
(1790953608.236506) can0 2A1#0100010000000000
(1790953608.236619) can0 2A2#0000D606000008AE
(1790953608.236718) can0 2A3#0002EB29FFFD5D68
(1790953608.236842) can0 2A4#000123DCFFFD6704
(1790953608.236966) can0 2A5#000007BF000007CA
(1790953608.237093) can0 2A6#FFFFF84700000253
(1790953608.237216) can0 2A7#00004EADFFFFF5D5
(1790953608.241547) can0 2A1#0100010000000000
(1790953608.241641) can0 2A2#0000D606000008AE
(1790953608.241743) can0 2A3#0002EB29FFFD5D68
(1790953608.241869) can0 2A4#000123DCFFFD6704
(1790953608.241993) can0 2A5#000007BF000007CA
(1790953608.242092) can0 2A6#FFFFF84700000253
(1790953608.242218) can0 2A7#00004EADFFFFF5D5
(1790953608.246518) can0 2A1#0100010000000000
(1790953608.246616) can0 2A2#0000D606000008AE
(1790953608.246742) can0 2A3#0002EB29FFFD5D68
(1790953608.246844) can0 2A4#000123DCFFFD6704
(1790953608.246970) can0 2A5#000007BF000007CA
(1790953608.247093) can0 2A6#FFFFF84700000253
(1790953608.247193) can0 2A7#00004EADFFFFF5D5
(1790953608.251553) can0 2A1#0100010000000000
(1790953608.251614) can0 2A2#0000D606000008AE
(1790953608.251741) can0 2A3#0002EB29FFFD5D68
(1790953608.251841) can0 2A4#000123DCFFFD6704
(1790953608.251964) can0 2A5#000007BF000007CA
(1790953608.252117) can0 2A6#FFFFF84700000253
(1790953608.252242) can0 2A7#00004EADFFFFF5D5
(1790953608.256498) can0 2A1#0100010000000000
(1790953608.256615) can0 2A2#0000D606000008AE
(1790953608.256741) can0 2A3#0002EB29FFFD5D68
(1790953608.256838) can0 2A4#000123DCFFFD6704
(1790953608.256965) can0 2A5#000007BF000007CA
(1790953608.257089) can0 2A6#FFFFF84700000253
(1790953608.257215) can0 2A7#00004EADFFFFF5D5
(1790953608.261503) can0 2A1#0100010000000000
(1790953608.261618) can0 2A2#0000D606000008AE
(1790953608.261740) can0 2A3#0002EB29FFFD5D68
(1790953608.261870) can0 2A4#000123DCFFFD6704
(1790953608.261989) can0 2A5#000007BF000007CA
(1790953608.262115) can0 2A6#FFFFF84700000253
(1790953608.262215) can0 2A7#00004EADFFFFF5D5
(1790953608.266506) can0 2A1#0100010000000000
(1790953608.266618) can0 2A2#0000D606000008AE
(1790953608.266718) can0 2A3#0002EB29FFFD5D68
(1790953608.266847) can0 2A4#000123DCFFFD6704
(1790953608.266966) can0 2A5#000007BF000007CA
(1790953608.267093) can0 2A6#FFFFF84700000253
(1790953608.267217) can0 2A7#00004EADFFFFF5D5
(1790953608.271558) can0 2A1#0100010000000000
(1790953608.271642) can0 2A2#0000D606000008AE
(1790953608.271744) can0 2A3#0002EB29FFFD5D68
(1790953608.271888) can0 2A4#000123DCFFFD6704
(1790953608.271994) can0 2A5#000007BF000007CA
(1790953608.272119) can0 2A6#FFFFF84700000253
(1790953608.272217) can0 2A7#00004EADFFFFF5D5
(1790953608.276494) can0 2A1#0100010000000000
(1790953608.276617) can0 2A2#0000D606000008AE
(1790953608.276713) can0 2A3#0002EB29FFFD5D68
(1790953608.276838) can0 2A4#000123DCFFFD6704
(1790953608.276963) can0 2A5#000007BF000007CA
(1790953608.277089) can0 2A6#FFFFF84700000253
(1790953608.277213) can0 2A7#00004EADFFFFF5D5
(1790953608.281530) can0 2A1#0100010000000000
(1790953608.281643) can0 2A2#0000D606000008AE
(1790953608.281744) can0 2A3#0002EB29FFFD5D68
(1790953608.281867) can0 2A4#000123DCFFFD6704
(1790953608.282374) can0 2A5#000007BF000007CA
(1790953608.282377) can0 2A6#FFFFF84700000253
(1790953608.282378) can0 2A7#00004EADFFFFF5D5
(1790953608.286500) can0 2A1#0100010000000000
(1790953608.286619) can0 2A2#0000D606000008AE
(1790953608.286716) can0 2A3#0002EB29FFFD5D68
(1790953608.286841) can0 2A4#000123DCFFFD6704
(1790953608.286972) can0 2A5#000007BF000007CA
(1790953608.287093) can0 2A6#FFFFF84700000253
(1790953608.287217) can0 2A7#00004EADFFFFF5D5
(1790953608.291549) can0 2A1#0100010000000000
(1790953608.291613) can0 2A2#0000D606000008AE
(1790953608.291739) can0 2A3#0002EB29FFFD5D68
(1790953608.291869) can0 2A4#000123DCFFFD6704
(1790953608.291964) can0 2A5#000007BF000007CA
(1790953608.292089) can0 2A6#FFFFF84700000253
(1790953608.292216) can0 2A7#00004EADFFFFF5D5
(1790953608.296517) can0 2A1#0100010000000000
(1790953608.296617) can0 2A2#0000D606000008AE
(1790953608.296719) can0 2A3#0002EB29FFFD5D68
(1790953608.296842) can0 2A4#000123DCFFFD6704
(1790953608.296968) can0 2A5#000007BF000007CA
(1790953608.297093) can0 2A6#FFFFF84700000253
(1790953608.297218) can0 2A7#00004EADFFFFF5D5
(1790953608.301550) can0 2A1#0100010000000000
(1790953608.301640) can0 2A2#0000D606000008AE
(1790953608.301742) can0 2A3#0002EB29FFFD5D68
(1790953608.301868) can0 2A4#000123DCFFFD6704
(1790953608.301995) can0 2A5#000007BF000007CA
(1790953608.302094) can0 2A6#FFFFF84700000253
(1790953608.302218) can0 2A7#00004EADFFFFF5D5
(1790953608.306500) can0 2A1#0100010000000000
(1790953608.306615) can0 2A2#0000D606000008AE
(1790953608.306717) can0 2A3#0002EB29FFFD5D68
(1790953608.306870) can0 2A4#000123DCFFFD6704
(1790953608.306966) can0 2A5#000007BF000007CA
(1790953608.307090) can0 2A6#FFFFF84700000253
(1790953608.307217) can0 2A7#00004EADFFFFF5D5
(1790953608.311495) can0 2A1#0100010000000000
(1790953608.311612) can0 2A2#0000D606000008AE
(1790953608.311739) can0 2A3#0002EB29FFFD5D68
(1790953608.311863) can0 2A4#000123DCFFFD6704
(1790953608.311987) can0 2A5#000007BF000007CA
(1790953608.312114) can0 2A6#FFFFF84700000253
(1790953608.312212) can0 2A7#00004EADFFFFF5D5
(1790953608.316507) can0 2A1#0100010000000000
(1790953608.316615) can0 2A2#0000D606000008AE
(1790953608.316717) can0 2A3#0002EB29FFFD5D68
(1790953608.316842) can0 2A4#000123DCFFFD6704
(1790953608.316966) can0 2A5#000007BF000007CA
(1790953608.317093) can0 2A6#FFFFF84700000253
(1790953608.317215) can0 2A7#00004EADFFFFF5D5
(1790953608.321545) can0 2A1#0100010000000000
(1790953608.321642) can0 2A2#0000D606000008AE
(1790953608.321742) can0 2A3#0002EB29FFFD5D68
(1790953608.321867) can0 2A4#000123DCFFFD6704
(1790953608.321992) can0 2A5#000007BF000007CA
(1790953608.322090) can0 2A6#FFFFF84700000253
(1790953608.322217) can0 2A7#00004EADFFFFF5D5
(1790953608.326502) can0 2A1#0100010000000000
(1790953608.326622) can0 2A2#0000D606000008AE
(1790953608.326719) can0 2A3#0002EB29FFFD5D68
(1790953608.326844) can0 2A4#000123DCFFFD6704
(1790953608.326970) can0 2A5#000007BF000007CA
(1790953608.327095) can0 2A6#FFFFF84700000253
(1790953608.327219) can0 2A7#00004EADFFFFF5D5
(1790953608.331555) can0 2A1#0100010000000000
(1790953608.331642) can0 2A2#0000D606000008AE
(1790953608.331745) can0 2A3#0002EB29FFFD5D68
(1790953608.331873) can0 2A4#000123DCFFFD6704
(1790953608.331991) can0 2A5#000007BF000007CA
(1790953608.332093) can0 2A6#FFFFF84700000253
(1790953608.332217) can0 2A7#00004EADFFFFF5D5
(1790953608.336500) can0 2A1#0100010000000000
(1790953608.336618) can0 2A2#0000D606000008AE
(1790953608.336718) can0 2A3#0002EB29FFFD5D68
(1790953608.336845) can0 2A4#000123DCFFFD6704
(1790953608.336969) can0 2A5#000007BF000007CA
(1790953608.337093) can0 2A6#FFFFF84700000253
(1790953608.337218) can0 2A7#00004EADFFFFF5D5
(1790953608.341541) can0 2A1#0100010000000000
(1790953608.341616) can0 2A2#0000D606000008AE
(1790953608.341741) can0 2A3#0002EB29FFFD5D68
(1790953608.341868) can0 2A4#000123DCFFFD6704
(1790953608.341964) can0 2A5#000007BF000007CA
(1790953608.342116) can0 2A6#FFFFF84700000253
(1790953608.342216) can0 2A7#00004EADFFFFF5D5
(1790953608.346498) can0 2A1#0100010000000000
(1790953608.346616) can0 2A2#0000D606000008AE
(1790953608.346742) can0 2A3#0002EB29FFFD5D68
(1790953608.346868) can0 2A4#000123DCFFFD6704
(1790953608.346966) can0 2A5#000007BF000007CA
(1790953608.347092) can0 2A6#FFFFF84700000253
(1790953608.347216) can0 2A7#00004EADFFFFF5D5
(1790953608.351508) can0 2A1#0100010000000000
(1790953608.351620) can0 2A2#0000D606000008AE
(1790953608.351747) can0 2A3#0002EB29FFFD5D68
(1790953608.351870) can0 2A4#000123DCFFFD6704
(1790953608.351994) can0 2A5#000007BF000007CA
(1790953608.352119) can0 2A6#FFFFF84700000253
(1790953608.352219) can0 2A7#00004EADFFFFF5D5
(1790953608.356496) can0 2A1#0100010000000000
(1790953608.356616) can0 2A2#0000D606000008AE
(1790953608.356743) can0 2A3#0002EB29FFFD5D68
(1790953608.356842) can0 2A4#000123DCFFFD6704
(1790953608.356967) can0 2A5#000007BF000007CA
(1790953608.357091) can0 2A6#FFFFF84700000253
(1790953608.357217) can0 2A7#00004EADFFFFF5D5
(1790953608.361546) can0 2A1#0100010000000000
(1790953608.361623) can0 2A2#0000D606000008AE
(1790953608.361743) can0 2A3#0002EB29FFFD5D68
(1790953608.361867) can0 2A4#000123DCFFFD6704
(1790953608.361992) can0 2A5#000007BF000007CA
(1790953608.362117) can0 2A6#FFFFF84700000253
(1790953608.362240) can0 2A7#00004EADFFFFF5D5
(1790953608.366504) can0 2A1#0100010000000000
(1790953608.366617) can0 2A2#0000D606000008AE
(1790953608.366743) can0 2A3#0002EB29FFFD5D68
(1790953608.366842) can0 2A4#000123DCFFFD6704
(1790953608.366967) can0 2A5#000007BF000007CA
(1790953608.367093) can0 2A6#FFFFF84700000253
(1790953608.367217) can0 2A7#00004EADFFFFF5D5
(1790953608.371570) can0 2A1#0100010000000000
(1790953608.371648) can0 2A2#0000D606000008AE
(1790953608.371744) can0 2A3#0002EB29FFFD5D68
(1790953608.371871) can0 2A4#000123DCFFFD6704
(1790953608.371994) can0 2A5#000007BF000007CA
(1790953608.372091) can0 2A6#FFFFF84700000253
(1790953608.372217) can0 2A7#00004EADFFFFF5D5
(1790953608.376503) can0 2A1#0100010000000000
(1790953608.376618) can0 2A2#0000D606000008AE
(1790953608.376718) can0 2A3#0002EB29FFFD5D68
(1790953608.376843) can0 2A4#000123DCFFFD6704
(1790953608.376967) can0 2A5#000007BF000007CA
(1790953608.377093) can0 2A6#FFFFF84700000253
(1790953608.377218) can0 2A7#00004EADFFFFF5D5
(1790953608.381546) can0 2A1#0100010000000000
(1790953608.381620) can0 2A2#0000D606000008AE
(1790953608.381742) can0 2A3#0002EB29FFFD5D68
(1790953608.381841) can0 2A4#000123DCFFFD6704
(1790953608.381991) can0 2A5#000007BF000007CA
(1790953608.382114) can0 2A6#FFFFF84700000253
(1790953608.382241) can0 2A7#00004EADFFFFF5D5
(1790953608.386509) can0 2A1#0100010000000000
(1790953608.386620) can0 2A2#0000D606000008AE
(1790953608.386719) can0 2A3#0002EB29FFFD5D68
(1790953608.386843) can0 2A4#000123DCFFFD6704
(1790953608.386967) can0 2A5#000007BF000007CA
(1790953608.387122) can0 2A6#FFFFF84700000253
(1790953608.387217) can0 2A7#00004EADFFFFF5D5
(1790953608.391576) can0 2A1#0100010000000000
(1790953608.391617) can0 2A2#0000D606000008AE
(1790953608.391746) can0 2A3#0002EB29FFFD5D68
(1790953608.391909) can0 2A4#000123DCFFFD6704
(1790953608.392004) can0 2A5#000007BF000007CA
(1790953608.392119) can0 2A6#FFFFF84700000253
(1790953608.392243) can0 2A7#00004EADFFFFF5D5
(1790953608.396499) can0 2A1#0100010000000000
(1790953608.396619) can0 2A2#0000D606000008AE
(1790953608.396743) can0 2A3#0002EB29FFFD5D68
(1790953608.396843) can0 2A4#000123DCFFFD6704
(1790953608.396969) can0 2A5#000007BF000007CA
(1790953608.397093) can0 2A6#FFFFF84700000253
(1790953608.397216) can0 2A7#00004EADFFFFF5D5
(1790953608.401581) can0 2A1#0100010000000000
(1790953608.401641) can0 2A2#0000D606000008AE
(1790953608.401741) can0 2A3#0002EB29FFFD5D68
(1790953608.401868) can0 2A4#000123DCFFFD6704
(1790953608.401990) can0 2A5#000007BF000007CA
(1790953608.402091) can0 2A6#FFFFF84700000253
(1790953608.402217) can0 2A7#00004EADFFFFF5D5
(1790953608.406495) can0 2A1#0100010000000000
(1790953608.406613) can0 2A2#0000D606000008AE
(1790953608.406713) can0 2A3#0002EB29FFFD5D68
(1790953608.406838) can0 2A4#000123DCFFFD6704
(1790953608.406963) can0 2A5#000007BF000007CA
(1790953608.407088) can0 2A6#FFFFF84700000253
(1790953608.407212) can0 2A7#00004EADFFFFF5D5
(1790953608.411556) can0 2A1#0100010000000000
(1790953608.411616) can0 2A2#0000D606000008AE
(1790953608.411742) can0 2A3#0002EB29FFFD5D68
(1790953608.411869) can0 2A4#000123DCFFFD6704
(1790953608.411993) can0 2A5#000007BF000007CA
(1790953608.412117) can0 2A6#FFFFF84700000253
(1790953608.412217) can0 2A7#00004EADFFFFF5D5
(1790953608.416510) can0 2A1#0100010000000000
(1790953608.416624) can0 2A2#0000D606000008AE
(1790953608.416743) can0 2A3#0002EB29FFFD5D68
(1790953608.416843) can0 2A4#000123DCFFFD6704
(1790953608.416968) can0 2A5#000007BF000007CA
(1790953608.417094) can0 2A6#FFFFF84700000253
(1790953608.417218) can0 2A7#00004EADFFFFF5D5
(1790953608.421503) can0 2A1#0100010000000000
(1790953608.421641) can0 2A2#0000D606000008AE
(1790953608.421741) can0 2A3#0002EB29FFFD5D68
(1790953608.421870) can0 2A4#000123DCFFFD6704
(1790953608.421991) can0 2A5#000007BF000007CA
(1790953608.422090) can0 2A6#FFFFF84700000253
(1790953608.422218) can0 2A7#00004EADFFFFF5D5
(1790953608.426499) can0 2A1#0100010000000000
(1790953608.426618) can0 2A2#0000D606000008AE
(1790953608.426740) can0 2A3#0002EB29FFFD5D68
(1790953608.426869) can0 2A4#000123DCFFFD6704
(1790953608.426992) can0 2A5#000007BF000007CA
(1790953608.427092) can0 2A6#FFFFF84700000253
(1790953608.427217) can0 2A7#00004EADFFFFF5D5
(1790953608.431550) can0 2A1#0100010000000000
(1790953608.431619) can0 2A2#0000D606000008AE
(1790953608.431743) can0 2A3#0002EB29FFFD5D68
(1790953608.431848) can0 2A4#000123DCFFFD6704
(1790953608.431992) can0 2A5#000007BF000007CA
(1790953608.432092) can0 2A6#FFFFF84700000253
(1790953608.432247) can0 2A7#00004EADFFFFF5D5
(1790953608.436508) can0 2A1#0100010000000000
(1790953608.436619) can0 2A2#0000D606000008AE
(1790953608.436718) can0 2A3#0002EB29FFFD5D68
(1790953608.436842) can0 2A4#000123DCFFFD6704
(1790953608.436969) can0 2A5#000007BF000007CA
(1790953608.437092) can0 2A6#FFFFF84700000253
(1790953608.437217) can0 2A7#00004EADFFFFF5D5
(1790953608.441596) can0 2A1#0100010000000000
(1790953608.441615) can0 2A2#0000D606000008AE
(1790953608.441741) can0 2A3#0002EB29FFFD5D68
(1790953608.441871) can0 2A4#000123DCFFFD6704
(1790953608.441967) can0 2A5#000007BF000007CA
(1790953608.442117) can0 2A6#FFFFF84700000253
(1790953608.442217) can0 2A7#00004EADFFFFF5D5
(1790953608.446507) can0 2A1#0100010000000000
(1790953608.446616) can0 2A2#0000D606000008AE
(1790953608.446742) can0 2A3#0002EB29FFFD5D68
(1790953608.446840) can0 2A4#000123DCFFFD6704
(1790953608.446969) can0 2A5#000007BF000007CA
(1790953608.447093) can0 2A6#FFFFF84700000253
(1790953608.447216) can0 2A7#00004EADFFFFF5D5
(1790953608.451572) can0 2A1#0100010000000000
(1790953608.451643) can0 2A2#0000D606000008AE
(1790953608.451742) can0 2A3#0002EB29FFFD5D68
(1790953608.451867) can0 2A4#000123DCFFFD6704
(1790953608.451992) can0 2A5#000007BF000007CA
(1790953608.452115) can0 2A6#FFFFF84700000253
(1790953608.452217) can0 2A7#00004EADFFFFF5D5
(1790953608.456497) can0 2A1#0100010000000000
(1790953608.456615) can0 2A2#0000D606000008AE
(1790953608.456743) can0 2A3#0002EB29FFFD5D68
(1790953608.456843) can0 2A4#000123DCFFFD6704
(1790953608.456992) can0 2A5#000007BF000007CA
(1790953608.457093) can0 2A6#FFFFF84700000253
(1790953608.457218) can0 2A7#00004EADFFFFF5D5
(1790953608.461584) can0 2A1#0100010000000000
(1790953608.461623) can0 2A2#0000D606000008AE
(1790953608.461743) can0 2A3#0002EB29FFFD5D68
(1790953608.461867) can0 2A4#000123DCFFFD6704
(1790953608.461992) can0 2A5#000007BF000007CA
(1790953608.462117) can0 2A6#FFFFF84700000253
(1790953608.462242) can0 2A7#00004EADFFFFF5D5
(1790953608.466502) can0 2A1#0100010000000000
(1790953608.466615) can0 2A2#0000D606000008AE
(1790953608.466744) can0 2A3#0002EB29FFFD5D68
(1790953608.466869) can0 2A4#000123DCFFFD6704
(1790953608.466968) can0 2A5#000007BF000007CA
(1790953608.467093) can0 2A6#FFFFF84700000253
(1790953608.467217) can0 2A7#00004EADFFFFF5D5
(1790953608.471562) can0 2A1#0100010000000000
(1790953608.471622) can0 2A2#0000D606000008AE
(1790953608.471741) can0 2A3#0002EB29FFFD5D68
(1790953608.471895) can0 2A4#000123DCFFFD6704
(1790953608.471992) can0 2A5#000007BF000007CA
(1790953608.472118) can0 2A6#FFFFF84700000253
(1790953608.472217) can0 2A7#00004EADFFFFF5D5
(1790953608.476509) can0 2A1#0100010000000000
(1790953608.476617) can0 2A2#0000D606000008AE
(1790953608.476717) can0 2A3#0002EB29FFFD5D68
(1790953608.476842) can0 2A4#000123DCFFFD6704
(1790953608.476991) can0 2A5#000007BF000007CA
(1790953608.477091) can0 2A6#FFFFF84700000253
(1790953608.477215) can0 2A7#00004EADFFFFF5D5
(1790953608.481609) can0 2A1#0100010000000000
(1790953608.481620) can0 2A2#0000D606000008AE
(1790953608.481745) can0 2A3#0002EB29FFFD5D68
(1790953608.481876) can0 2A4#000123DCFFFD6704
(1790953608.481971) can0 2A5#000007BF000007CA
(1790953608.482117) can0 2A6#FFFFF84700000253
(1790953608.482220) can0 2A7#00004EADFFFFF5D5
(1790953608.486499) can0 2A1#0100010000000000
(1790953608.486617) can0 2A2#0000D606000008AE
(1790953608.486741) can0 2A3#0002EB29FFFD5D68
(1790953608.486843) can0 2A4#000123DCFFFD6704
(1790953608.486992) can0 2A5#000007BF000007CA
(1790953608.487091) can0 2A6#FFFFF84700000253
(1790953608.487217) can0 2A7#00004EADFFFFF5D5
(1790953608.491555) can0 2A1#0100010000000000
(1790953608.491618) can0 2A2#0000D606000008AE
(1790953608.491743) can0 2A3#0002EB29FFFD5D68
(1790953608.491868) can0 2A4#000123DCFFFD6704
(1790953608.491993) can0 2A5#000007BF000007CA
(1790953608.492118) can0 2A6#FFFFF84700000253
(1790953608.492218) can0 2A7#00004EADFFFFF5D5
(1790953608.496496) can0 2A1#0100010000000000
(1790953608.496622) can0 2A2#0000D606000008AE
(1790953608.496743) can0 2A3#0002EB29FFFD5D68
(1790953608.496956) can0 2A4#000123DCFFFD6704
(1790953608.496991) can0 2A5#000007BF000007CA
(1790953608.497091) can0 2A6#FFFFF84700000253
(1790953608.497218) can0 2A7#00004EADFFFFF5D5
(1790953608.501555) can0 2A1#0100010000000000
(1790953608.501614) can0 2A2#0000D606000008AE
(1790953608.501741) can0 2A3#0002EB29FFFD5D68
(1790953608.501872) can0 2A4#000123DCFFFD6704
(1790953608.501991) can0 2A5#000007BF000007CA
(1790953608.502115) can0 2A6#FFFFF84700000253
(1790953608.502240) can0 2A7#00004EADFFFFF5D5
(1790953608.506495) can0 2A1#0100010000000000
(1790953608.506617) can0 2A2#0000D606000008AE
(1790953608.506742) can0 2A3#0002EB29FFFD5D68
(1790953608.506842) can0 2A4#000123DCFFFD6704
(1790953608.506969) can0 2A5#000007BF000007CA
(1790953608.507093) can0 2A6#FFFFF84700000253
(1790953608.507217) can0 2A7#00004EADFFFFF5D5
(1790953608.511549) can0 2A1#0100010000000000
(1790953608.511617) can0 2A2#0000D606000008AE
(1790953608.511745) can0 2A3#0002EB29FFFD5D68
(1790953608.511871) can0 2A4#000123DCFFFD6704
(1790953608.512001) can0 2A5#000007BF000007CA
(1790953608.512117) can0 2A6#FFFFF84700000253
(1790953608.512243) can0 2A7#00004EADFFFFF5D5
(1790953608.516503) can0 2A1#0100010000000000
(1790953608.516618) can0 2A2#0000D606000008AE
(1790953608.516744) can0 2A3#0002EB29FFFD5D68
(1790953608.516842) can0 2A4#000123DCFFFD6704
(1790953608.516970) can0 2A5#000007BF000007CA
(1790953608.517094) can0 2A6#FFFFF84700000253
(1790953608.517220) can0 2A7#00004EADFFFFF5D5
(1790953608.521554) can0 2A1#0100010000000000
(1790953608.521617) can0 2A2#0000D606000008AE
(1790953608.521747) can0 2A3#0002EB29FFFD5D68
(1790953608.521872) can0 2A4#000123DCFFFD6704
(1790953608.522007) can0 2A5#000007BF000007CA
(1790953608.522118) can0 2A6#FFFFF84700000253
(1790953608.522240) can0 2A7#00004EADFFFFF5D5
(1790953608.526518) can0 2A1#0100010000000000
(1790953608.526614) can0 2A2#0000D606000008AE
(1790953608.526740) can0 2A3#0002EB29FFFD5D68
(1790953608.526869) can0 2A4#000123DCFFFD6704
(1790953608.526966) can0 2A5#000007BF000007CA
(1790953608.527091) can0 2A6#FFFFF84700000253
(1790953608.527216) can0 2A7#00004EADFFFFF5D5
(1790953608.531572) can0 2A1#0100010000000000
(1790953608.531615) can0 2A2#0000D606000008AE
(1790953608.531742) can0 2A3#0002EB29FFFD5D68
(1790953608.531867) can0 2A4#000123DCFFFD6704
(1790953608.531993) can0 2A5#000007BF000007CA
(1790953608.532117) can0 2A6#FFFFF84700000253
(1790953608.532241) can0 2A7#00004EADFFFFF5D5
(1790953608.536507) can0 2A1#0100010000000000
(1790953608.536618) can0 2A2#0000D606000008AE
(1790953608.536744) can0 2A3#0002EB29FFFD5D68
(1790953608.536871) can0 2A4#000123DCFFFD6704
(1790953608.536995) can0 2A5#000007BF000007CA
(1790953608.537098) can0 2A6#FFFFF84700000253
(1790953608.537218) can0 2A7#00004EADFFFFF5D5
(1790953608.541556) can0 2A1#0100010000000000
(1790953608.541623) can0 2A2#0000D606000008AE
(1790953608.541741) can0 2A3#0002EB29FFFD5D68
(1790953608.541869) can0 2A4#000123DCFFFD6704
(1790953608.541991) can0 2A5#000007BF000007CA
(1790953608.542117) can0 2A6#FFFFF84700000253
(1790953608.542243) can0 2A7#00004EADFFFFF5D5
(1790953608.546503) can0 2A1#0100010000000000
(1790953608.546616) can0 2A2#0000D606000008AE
(1790953608.546718) can0 2A3#0002EB29FFFD5D68
(1790953608.546841) can0 2A4#000123DCFFFD6704
(1790953608.546971) can0 2A5#000007BF000007CA
(1790953608.547093) can0 2A6#FFFFF84700000253
(1790953608.547220) can0 2A7#00004EADFFFFF5D5
(1790953608.551567) can0 2A1#0100010000000000
(1790953608.551642) can0 2A2#0000D606000008AE
(1790953608.551742) can0 2A3#0002EB29FFFD5D68
(1790953608.551867) can0 2A4#000123DCFFFD6704
(1790953608.551994) can0 2A5#000007BF000007CA
(1790953608.552118) can0 2A6#FFFFF84700000253
(1790953608.552242) can0 2A7#00004EADFFFFF5D5
(1790953608.556516) can0 2A1#0100010000000000
(1790953608.556617) can0 2A2#0000D606000008AE
(1790953608.556742) can0 2A3#0002EB29FFFD5D68
(1790953608.556843) can0 2A4#000123DCFFFD6704
(1790953608.556968) can0 2A5#000007BF000007CA
(1790953608.557090) can0 2A6#FFFFF84700000253
(1790953608.557222) can0 2A7#00004EADFFFFF5D5
(1790953608.561545) can0 2A1#0100010000000000
(1790953608.561616) can0 2A2#0000D606000008AE
(1790953608.561743) can0 2A3#0002EB29FFFD5D68
(1790953608.561867) can0 2A4#000123DCFFFD6704
(1790953608.561989) can0 2A5#000007BF000007CA
(1790953608.562117) can0 2A6#FFFFF84700000253
(1790953608.562245) can0 2A7#00004EADFFFFF5D5
(1790953608.566503) can0 2A1#0100010000000000
(1790953608.566619) can0 2A2#0000D606000008AE
(1790953608.566718) can0 2A3#0002EB29FFFD5D68
(1790953608.566842) can0 2A4#000123DCFFFD6704
(1790953608.566967) can0 2A5#000007BF000007CA
(1790953608.567091) can0 2A6#FFFFF84700000253
(1790953608.567216) can0 2A7#00004EADFFFFF5D5
(1790953608.571592) can0 2A1#0100010000000000
(1790953608.571617) can0 2A2#0000D606000008AE
(1790953608.571742) can0 2A3#0002EB29FFFD5D68
(1790953608.571874) can0 2A4#000123DCFFFD6704
(1790953608.571991) can0 2A5#000007BF000007CA
(1790953608.572116) can0 2A6#FFFFF84700000253
(1790953608.572240) can0 2A7#00004EADFFFFF5D5
(1790953608.576496) can0 2A1#0100010000000000
(1790953608.576615) can0 2A2#0000D606000008AE
(1790953608.576740) can0 2A3#0002EB29FFFD5D68
(1790953608.576840) can0 2A4#000123DCFFFD6704
(1790953608.576968) can0 2A5#000007BF000007CA
(1790953608.577090) can0 2A6#FFFFF84700000253
(1790953608.577213) can0 2A7#00004EADFFFFF5D5
(1790953608.581552) can0 2A1#0100010000000000
(1790953608.581615) can0 2A2#0000D606000008AE
(1790953608.581743) can0 2A3#0002EB29FFFD5D68
(1790953608.581883) can0 2A4#000123DCFFFD6704
(1790953608.581996) can0 2A5#000007BF000007CA
(1790953608.582117) can0 2A6#FFFFF84700000253
(1790953608.582218) can0 2A7#00004EADFFFFF5D5
(1790953608.586547) can0 2A1#0100010000000000
(1790953608.586615) can0 2A2#0000D606000008AE
(1790953608.586744) can0 2A3#0002EB29FFFD5D68
(1790953608.586842) can0 2A4#000123DCFFFD6704
(1790953608.586966) can0 2A5#000007BF000007CA
(1790953608.587093) can0 2A6#FFFFF84700000253
(1790953608.587217) can0 2A7#00004EADFFFFF5D5
(1790953608.591560) can0 2A1#0100010000000000
(1790953608.591642) can0 2A2#0000D606000008AE
(1790953608.591745) can0 2A3#0002EB29FFFD5D68
(1790953608.591867) can0 2A4#000123DCFFFD6704
(1790953608.591992) can0 2A5#000007BF000007CA
(1790953608.592094) can0 2A6#FFFFF84700000253
(1790953608.592217) can0 2A7#00004EADFFFFF5D5
(1790953608.596497) can0 2A1#0100010000000000
(1790953608.596616) can0 2A2#0000D606000008AE
(1790953608.596743) can0 2A3#0002EB29FFFD5D68
(1790953608.596874) can0 2A4#000123DCFFFD6704
(1790953608.596966) can0 2A5#000007BF000007CA
(1790953608.597092) can0 2A6#FFFFF84700000253
(1790953608.597216) can0 2A7#00004EADFFFFF5D5
(1790953608.601505) can0 2A1#0100010000000000
(1790953608.601640) can0 2A2#0000D606000008AE
(1790953608.601742) can0 2A3#0002EB29FFFD5D68
(1790953608.601866) can0 2A4#000123DCFFFD6704
(1790953608.601992) can0 2A5#000007BF000007CA
(1790953608.602092) can0 2A6#FFFFF84700000253
(1790953608.602217) can0 2A7#00004EADFFFFF5D5
(1790953608.606502) can0 2A1#0100010000000000
(1790953608.606615) can0 2A2#0000D606000008AE
(1790953608.606718) can0 2A3#0002EB29FFFD5D68
(1790953608.606867) can0 2A4#000123DCFFFD6704
(1790953608.606967) can0 2A5#000007BF000007CA
(1790953608.607093) can0 2A6#FFFFF84700000253
(1790953608.607217) can0 2A7#00004EADFFFFF5D5
(1790953608.611546) can0 2A1#0100010000000000
(1790953608.611618) can0 2A2#0000D606000008AE
(1790953608.611741) can0 2A3#0002EB29FFFD5D68
(1790953608.611867) can0 2A4#000123DCFFFD6704
(1790953608.611992) can0 2A5#000007BF000007CA
(1790953608.612117) can0 2A6#FFFFF84700000253
(1790953608.612244) can0 2A7#00004EADFFFFF5D5
(1790953608.616566) can0 2A1#0100010000000000
(1790953608.616644) can0 2A2#0000D606000008AE
(1790953608.616742) can0 2A3#0002EB29FFFD5D68
(1790953608.616842) can0 2A4#000123DCFFFD6704
(1790953608.616971) can0 2A5#000007BF000007CA
(1790953608.617093) can0 2A6#FFFFF84700000253
(1790953608.617225) can0 2A7#00004EADFFFFF5D5
(1790953608.621578) can0 2A1#0100010000000000
(1790953608.621640) can0 2A2#0000D606000008AE
(1790953608.621740) can0 2A3#0002EB29FFFD5D68
(1790953608.621913) can0 2A4#000123DCFFFD6704
(1790953608.621992) can0 2A5#000007BF000007CA
(1790953608.622115) can0 2A6#FFFFF84700000253
(1790953608.622215) can0 2A7#00004EADFFFFF5D5
(1790953608.626495) can0 2A1#0100010000000000
(1790953608.626613) can0 2A2#0000D606000008AE
(1790953608.626740) can0 2A3#0002EB29FFFD5D68
(1790953608.626866) can0 2A4#000123DCFFFD6704
(1790953608.626965) can0 2A5#000007BF000007CA
(1790953608.627092) can0 2A6#FFFFF84700000253
(1790953608.627216) can0 2A7#00004EADFFFFF5D5
(1790953608.631552) can0 2A1#0100010000000000
(1790953608.631617) can0 2A2#0000D606000008AE
(1790953608.631741) can0 2A3#0002EB29FFFD5D68
(1790953608.631867) can0 2A4#000123DCFFFD6704
(1790953608.631991) can0 2A5#000007BF000007CA
(1790953608.632117) can0 2A6#FFFFF84700000253
(1790953608.632240) can0 2A7#00004EADFFFFF5D5
(1790953608.636497) can0 2A1#0100010000000000
(1790953608.636617) can0 2A2#0000D606000008AE
(1790953608.636741) can0 2A3#0002EB29FFFD5D68
(1790953608.636842) can0 2A4#000123DCFFFD6704
(1790953608.636968) can0 2A5#000007BF000007CA
(1790953608.637093) can0 2A6#FFFFF84700000253
(1790953608.637218) can0 2A7#00004EADFFFFF5D5
(1790953608.641559) can0 2A1#0100010000000000
(1790953608.641639) can0 2A2#0000D606000008AE
(1790953608.641739) can0 2A3#0002EB29FFFD5D68
(1790953608.641869) can0 2A4#000123DCFFFD6704
(1790953608.641991) can0 2A5#000007BF000007CA
(1790953608.642116) can0 2A6#FFFFF84700000253
(1790953608.642215) can0 2A7#00004EADFFFFF5D5
(1790953608.646497) can0 2A1#0100010000000000
(1790953608.646615) can0 2A2#0000D606000008AE
(1790953608.646740) can0 2A3#0002EB29FFFD5D68
(1790953608.646866) can0 2A4#000123DCFFFD6704
(1790953608.646965) can0 2A5#000007BF000007CA
(1790953608.647095) can0 2A6#FFFFF84700000253
(1790953608.647221) can0 2A7#00004EADFFFFF5D5
(1790953608.651545) can0 2A1#0100010000000000
(1790953608.651616) can0 2A2#0000D606000008AE
(1790953608.651742) can0 2A3#0002EB29FFFD5D68
(1790953608.651867) can0 2A4#000123DCFFFD6704
(1790953608.651992) can0 2A5#000007BF000007CA
(1790953608.652117) can0 2A6#FFFFF84700000253
(1790953608.652242) can0 2A7#00004EADFFFFF5D5
(1790953608.656505) can0 2A1#0100010000000000
(1790953608.656619) can0 2A2#0000D606000008AE
(1790953608.656744) can0 2A3#0002EB29FFFD5D68
(1790953608.656870) can0 2A4#000123DCFFFD6704
(1790953608.657004) can0 2A5#000007BF000007CA
(1790953608.657090) can0 2A6#FFFFF84700000253
(1790953608.657215) can0 2A7#00004EADFFFFF5D5
(1790953608.661578) can0 2A1#0100010000000000
(1790953608.661615) can0 2A2#0000D606000008AE
(1790953608.661742) can0 2A3#0002EB29FFFD5D68
(1790953608.661867) can0 2A4#000123DCFFFD6704
(1790953608.661994) can0 2A5#000007BF000007CA
(1790953608.662114) can0 2A6#FFFFF84700000253
(1790953608.662238) can0 2A7#00004EADFFFFF5D5
(1790953608.666506) can0 2A1#0100010000000000
(1790953608.666615) can0 2A2#0000D606000008AE
(1790953608.666742) can0 2A3#0002EB29FFFD5D68
(1790953608.666842) can0 2A4#000123DCFFFD6704
(1790953608.666968) can0 2A5#000007BF000007CA
(1790953608.667092) can0 2A6#FFFFF84700000253
(1790953608.667217) can0 2A7#00004EADFFFFF5D5
(1790953608.671564) can0 2A1#0100010000000000
(1790953608.671643) can0 2A2#0000D606000008AE
(1790953608.671743) can0 2A3#0002EB29FFFD5D68
(1790953608.671914) can0 2A4#000123DCFFFD6704
(1790953608.671967) can0 2A5#000007BF000007CA
(1790953608.672118) can0 2A6#FFFFF84700000253
(1790953608.672219) can0 2A7#00004EADFFFFF5D5
(1790953608.676505) can0 2A1#0100010000000000
(1790953608.676613) can0 2A2#0000D606000008AE
(1790953608.676741) can0 2A3#0002EB29FFFD5D68
(1790953608.676866) can0 2A4#000123DCFFFD6704
(1790953608.676965) can0 2A5#000007BF000007CA
(1790953608.677091) can0 2A6#FFFFF84700000253
(1790953608.677214) can0 2A7#00004EADFFFFF5D5
(1790953608.681505) can0 2A1#0100010000000000
(1790953608.681651) can0 2A2#0000D606000008AE
(1790953608.681743) can0 2A3#0002EB29FFFD5D68
(1790953608.681870) can0 2A4#000123DCFFFD6704
(1790953608.681992) can0 2A5#000007BF000007CA
(1790953608.682118) can0 2A6#FFFFF84700000253
(1790953608.682217) can0 2A7#00004EADFFFFF5D5
(1790953608.686504) can0 2A1#0100010000000000
(1790953608.686617) can0 2A2#0000D606000008AE
(1790953608.686742) can0 2A3#0002EB29FFFD5D68
(1790953608.686842) can0 2A4#000123DCFFFD6704
(1790953608.686968) can0 2A5#000007BF000007CA
(1790953608.687093) can0 2A6#FFFFF84700000253
(1790953608.687217) can0 2A7#00004EADFFFFF5D5
(1790953608.691554) can0 2A1#0100010000000000
(1790953608.691614) can0 2A2#0000D606000008AE
(1790953608.691740) can0 2A3#0002EB29FFFD5D68
(1790953608.691865) can0 2A4#000123DCFFFD6704
(1790953608.691990) can0 2A5#000007BF000007CA
(1790953608.692114) can0 2A6#FFFFF84700000253
(1790953608.692240) can0 2A7#00004EADFFFFF5D5
(1790953608.696515) can0 2A1#0100010000000000
(1790953608.696631) can0 2A2#0000D606000008AE
(1790953608.696744) can0 2A3#0002EB29FFFD5D68
(1790953608.696879) can0 2A4#000123DCFFFD6704
(1790953608.696968) can0 2A5#000007BF000007CA
(1790953608.697093) can0 2A6#FFFFF84700000253
(1790953608.697216) can0 2A7#00004EADFFFFF5D5
(1790953608.701570) can0 2A1#0100010000000000
(1790953608.701643) can0 2A2#0000D606000008AE
(1790953608.701741) can0 2A3#0002EB29FFFD5D68
(1790953608.701875) can0 2A4#000123DCFFFD6704
(1790953608.701990) can0 2A5#000007BF000007CA
(1790953608.702091) can0 2A6#FFFFF84700000253
(1790953608.702218) can0 2A7#00004EADFFFFF5D5
(1790953608.706564) can0 2A1#0100010000000000
(1790953608.706642) can0 2A2#0000D606000008AE
(1790953608.706740) can0 2A3#0002EB29FFFD5D68
(1790953608.706884) can0 2A4#000123DCFFFD6704
(1790953608.706993) can0 2A5#000007BF000007CA
(1790953608.707091) can0 2A6#FFFFF84700000253
(1790953608.707216) can0 2A7#00004EADFFFFF5D5
(1790953608.711594) can0 2A1#0100010000000000
(1790953608.711615) can0 2A2#0000D606000008AE
(1790953608.711744) can0 2A3#0002EB29FFFD5D68
(1790953608.711871) can0 2A4#000123DCFFFD6704
(1790953608.711998) can0 2A5#000007BF000007CA
(1790953608.712116) can0 2A6#FFFFF84700000253
(1790953608.712244) can0 2A7#00004EADFFFFF5D5
(1790953608.716519) can0 2A1#0100010000000000
(1790953608.716617) can0 2A2#0000D606000008AE
(1790953608.716741) can0 2A3#0002EB29FFFD5D68
(1790953608.716840) can0 2A4#000123DCFFFD6704
(1790953608.716967) can0 2A5#000007BF000007CA
(1790953608.717091) can0 2A6#FFFFF84700000253
(1790953608.717217) can0 2A7#00004EADFFFFF5D5
(1790953608.721574) can0 2A1#0100010000000000
(1790953608.721642) can0 2A2#0000D606000008AE
(1790953608.721741) can0 2A3#0002EB29FFFD5D68
(1790953608.721874) can0 2A4#000123DCFFFD6704
(1790953608.721990) can0 2A5#000007BF000007CA
(1790953608.722116) can0 2A6#FFFFF84700000253
(1790953608.722215) can0 2A7#00004EADFFFFF5D5
(1790953608.726520) can0 2A1#0100010000000000
(1790953608.726617) can0 2A2#0000D606000008AE
(1790953608.726715) can0 2A3#0002EB29FFFD5D68
(1790953608.726874) can0 2A4#000123DCFFFD6704
(1790953608.726964) can0 2A5#000007BF000007CA
(1790953608.727092) can0 2A6#FFFFF84700000253
(1790953608.727215) can0 2A7#00004EADFFFFF5D5
(1790953608.731570) can0 2A1#0100010000000000
(1790953608.731644) can0 2A2#0000D606000008AE
(1790953608.731745) can0 2A3#0002EB29FFFD5D68
(1790953608.731889) can0 2A4#000123DCFFFD6704
(1790953608.731991) can0 2A5#000007BF000007CA
(1790953608.732117) can0 2A6#FFFFF84700000253
(1790953608.732242) can0 2A7#00004EADFFFFF5D5
(1790953608.736513) can0 2A1#0100010000000000
(1790953608.736619) can0 2A2#0000D606000008AE
(1790953608.736744) can0 2A3#0002EB29FFFD5D68
(1790953608.736876) can0 2A4#000123DCFFFD6704
(1790953608.736964) can0 2A5#000007BF000007CA
(1790953608.737095) can0 2A6#FFFFF84700000253
(1790953608.737218) can0 2A7#00004EADFFFFF5D5
(1790953608.741567) can0 2A1#0100010000000000
(1790953608.741621) can0 2A2#0000D606000008AE
(1790953608.741742) can0 2A3#0002EB29FFFD5D68
(1790953608.741878) can0 2A4#000123DCFFFD6704
(1790953608.741991) can0 2A5#000007BF000007CA
(1790953608.742116) can0 2A6#FFFFF84700000253
(1790953608.742229) can0 2A7#00004EADFFFFF5D5
(1790953608.746511) can0 2A1#0100010000000000
(1790953608.746626) can0 2A2#0000D606000008AE
(1790953608.746717) can0 2A3#0002EB29FFFD5D68
(1790953608.746907) can0 2A4#000123DCFFFD6704
(1790953608.746964) can0 2A5#000007BF000007CA
(1790953608.747090) can0 2A6#FFFFF84700000253
(1790953608.747216) can0 2A7#00004EADFFFFF5D5
(1790953608.751627) can0 2A1#0100010000000000
(1790953608.751661) can0 2A2#0000D606000008AE
(1790953608.751743) can0 2A3#0002EB29FFFD5D68
(1790953608.751874) can0 2A4#000123DCFFFD6704
(1790953608.752008) can0 2A5#000007BF000007CA
(1790953608.752116) can0 2A6#FFFFF84700000253
(1790953608.752216) can0 2A7#00004EADFFFFF5D5
(1790953608.756504) can0 2A1#0100010000000000
(1790953608.756615) can0 2A2#0000D606000008AE
(1790953608.756746) can0 2A3#0002EB29FFFD5D68
(1790953608.756876) can0 2A4#000123DCFFFD6704
(1790953608.756966) can0 2A5#000007BF000007CA
(1790953608.757090) can0 2A6#FFFFF84700000253
(1790953608.757213) can0 2A7#00004EADFFFFF5D5
(1790953608.761553) can0 2A1#0100010000000000
(1790953608.761616) can0 2A2#0000D606000008AE
(1790953608.761742) can0 2A3#0002EB29FFFD5D68
(1790953608.761874) can0 2A4#000123DCFFFD6704
(1790953608.761991) can0 2A5#000007BF000007CA
(1790953608.762115) can0 2A6#FFFFF84700000253
(1790953608.762241) can0 2A7#00004EADFFFFF5D5
(1790953608.766520) can0 2A1#0100010000000000
(1790953608.766619) can0 2A2#0000D606000008AE
(1790953608.766742) can0 2A3#0002EB29FFFD5D68
(1790953608.766842) can0 2A4#000123DCFFFD6704
(1790953608.766969) can0 2A5#000007BF000007CA
(1790953608.767092) can0 2A6#FFFFF84700000253
(1790953608.767217) can0 2A7#00004EADFFFFF5D5
(1790953608.771567) can0 2A1#0100010000000000
(1790953608.771639) can0 2A2#0000D606000008AE
(1790953608.771768) can0 2A3#0002EB29FFFD5D68
(1790953608.771870) can0 2A4#000123DCFFFD6704
(1790953608.771992) can0 2A5#000007BF000007CA
(1790953608.772118) can0 2A6#FFFFF84700000253
(1790953608.772216) can0 2A7#00004EADFFFFF5D5
(1790953608.776522) can0 2A1#0100010000000000
(1790953608.776615) can0 2A2#0000D606000008AE
(1790953608.776740) can0 2A3#0002EB29FFFD5D68
(1790953608.776887) can0 2A4#000123DCFFFD6704
(1790953608.776963) can0 2A5#000007BF000007CA
(1790953608.777090) can0 2A6#FFFFF84700000253
(1790953608.777215) can0 2A7#00004EADFFFFF5D5
(1790953608.781516) can0 2A1#0100010000000000
(1790953608.781643) can0 2A2#0000D606000008AE
(1790953608.781743) can0 2A3#0002EB29FFFD5D68
(1790953608.781868) can0 2A4#000123DCFFFD6704
(1790953608.781993) can0 2A5#000007BF000007CA
(1790953608.782093) can0 2A6#FFFFF84700000253
(1790953608.782218) can0 2A7#00004EADFFFFF5D5
(1790953608.786554) can0 2A1#0100010000000000
(1790953608.786645) can0 2A2#0000D606000008AE
(1790953608.786743) can0 2A3#0002EB29FFFD5D68
(1790953608.786867) can0 2A4#000123DCFFFD6704
(1790953608.786964) can0 2A5#000007BF000007CA
(1790953608.787092) can0 2A6#FFFFF84700000253
(1790953608.787216) can0 2A7#00004EADFFFFF5D5
(1790953608.791560) can0 2A1#0100010000000000
(1790953608.791643) can0 2A2#0000D606000008AE
(1790953608.791765) can0 2A3#0002EB29FFFD5D68
(1790953608.791881) can0 2A4#000123DCFFFD6704
(1790953608.791991) can0 2A5#000007BF000007CA
(1790953608.792116) can0 2A6#FFFFF84700000253
(1790953608.792215) can0 2A7#00004EADFFFFF5D5
(1790953608.796497) can0 2A1#0100010000000000
(1790953608.796615) can0 2A2#0000D606000008AE
(1790953608.796741) can0 2A3#0002EB29FFFD5D68
(1790953608.796843) can0 2A4#000123DCFFFD6704
(1790953608.796966) can0 2A5#000007BF000007CA
(1790953608.797090) can0 2A6#FFFFF84700000253
(1790953608.797213) can0 2A7#00004EADFFFFF5D5
(1790953608.801608) can0 2A1#0100010000000000
(1790953608.801642) can0 2A2#0000D606000008AE
(1790953608.801742) can0 2A3#0002EB29FFFD5D68
(1790953608.801877) can0 2A4#000123DCFFFD6704
(1790953608.801995) can0 2A5#000007BF000007CA
(1790953608.802118) can0 2A6#FFFFF84700000253
(1790953608.802218) can0 2A7#00004EADFFFFF5D5
(1790953608.806522) can0 2A1#0100010000000000
(1790953608.806619) can0 2A2#0000D606000008AE
(1790953608.806718) can0 2A3#0002EB29FFFD5D68
(1790953608.806842) can0 2A4#000123DCFFFD6704
(1790953608.806967) can0 2A5#000007BF000007CA
(1790953608.807093) can0 2A6#FFFFF84700000253
(1790953608.807218) can0 2A7#00004EADFFFFF5D5
(1790953608.811551) can0 2A1#0100010000000000
(1790953608.811641) can0 2A2#0000D606000008AE
(1790953608.811739) can0 2A3#0002EB29FFFD5D68
(1790953608.811868) can0 2A4#000123DCFFFD6704
(1790953608.811964) can0 2A5#000007BF000007CA
(1790953608.812114) can0 2A6#FFFFF84700000253
(1790953608.812214) can0 2A7#00004EADFFFFF5D5
(1790953608.816499) can0 2A1#0100010000000000
(1790953608.816616) can0 2A2#0000D606000008AE
(1790953608.816742) can0 2A3#0002EB29FFFD5D68
(1790953608.816869) can0 2A4#000123DCFFFD6704
(1790953608.816989) can0 2A5#000007BF000007CA
(1790953608.817089) can0 2A6#FFFFF84700000253
(1790953608.817214) can0 2A7#00004EADFFFFF5D5
(1790953608.821577) can0 2A1#0100010000000000
(1790953608.821640) can0 2A2#0000D606000008AE
(1790953608.821742) can0 2A3#0002EB29FFFD5D68
(1790953608.821876) can0 2A4#000123DCFFFD6704
(1790953608.821993) can0 2A5#000007BF000007CA
(1790953608.822114) can0 2A6#FFFFF84700000253
(1790953608.822239) can0 2A7#00004EADFFFFF5D5
(1790953608.826492) can0 2A1#0100010000000000
(1790953608.826617) can0 2A2#0000D606000008AE
(1790953608.826741) can0 2A3#0002EB29FFFD5D68
(1790953608.826880) can0 2A4#000123DCFFFD6704
(1790953608.826990) can0 2A5#000007BF000007CA
(1790953608.827089) can0 2A6#FFFFF84700000253
(1790953608.827214) can0 2A7#00004EADFFFFF5D5
(1790953608.831564) can0 2A1#0100010000000000
(1790953608.831659) can0 2A2#0000D606000008AE
(1790953608.831744) can0 2A3#0002EB29FFFD5D68
(1790953608.831870) can0 2A4#000123DCFFFD6704
(1790953608.831993) can0 2A5#000007BF000007CA
(1790953608.832118) can0 2A6#FFFFF84700000253
(1790953608.832243) can0 2A7#00004EADFFFFF5D5
(1790953608.836516) can0 2A1#0100010000000000
(1790953608.836628) can0 2A2#0000D606000008AE
(1790953608.836742) can0 2A3#0002EB29FFFD5D68
(1790953608.836867) can0 2A4#000123DCFFFD6704
(1790953608.836992) can0 2A5#000007BF000007CA
(1790953608.837091) can0 2A6#FFFFF84700000253
(1790953608.837217) can0 2A7#00004EADFFFFF5D5
(1790953608.841557) can0 2A1#0100010000000000
(1790953608.841616) can0 2A2#0000D606000008AE
(1790953608.841741) can0 2A3#0002EB29FFFD5D68
(1790953608.841867) can0 2A4#000123DCFFFD6704
(1790953608.841991) can0 2A5#000007BF000007CA
(1790953608.842116) can0 2A6#FFFFF84700000253
(1790953608.842241) can0 2A7#00004EADFFFFF5D5
(1790953608.846502) can0 2A1#0100010000000000
(1790953608.846616) can0 2A2#0000D606000008AE
(1790953608.846741) can0 2A3#0002EB29FFFD5D68
(1790953608.846841) can0 2A4#000123DCFFFD6704
(1790953608.846968) can0 2A5#000007BF000007CA
(1790953608.847091) can0 2A6#FFFFF84700000253
(1790953608.847216) can0 2A7#00004EADFFFFF5D5
(1790953608.851557) can0 2A1#0100010000000000
(1790953608.851640) can0 2A2#0000D606000008AE
(1790953608.851769) can0 2A3#0002EB29FFFD5D68
(1790953608.851869) can0 2A4#000123DCFFFD6704
(1790953608.851992) can0 2A5#000007BF000007CA
(1790953608.852118) can0 2A6#FFFFF84700000253
(1790953608.852243) can0 2A7#00004EADFFFFF5D5
(1790953608.856548) can0 2A1#0100010000000000
(1790953608.856641) can0 2A2#0000D606000008AE
(1790953608.856741) can0 2A3#0002EB29FFFD5D68
(1790953608.856866) can0 2A4#000123DCFFFD6704
(1790953608.856964) can0 2A5#000007BF000007CA
(1790953608.857091) can0 2A6#FFFFF84700000253
(1790953608.857216) can0 2A7#00004EADFFFFF5D5
(1790953608.861548) can0 2A1#0100010000000000
(1790953608.861642) can0 2A2#0000D606000008AE
(1790953608.861743) can0 2A3#0002EB29FFFD5D68
(1790953608.861868) can0 2A4#000123DCFFFD6704
(1790953608.861992) can0 2A5#000007BF000007CA
(1790953608.862118) can0 2A6#FFFFF84700000253
(1790953608.862218) can0 2A7#00004EADFFFFF5D5
(1790953608.866499) can0 2A1#0100010000000000
(1790953608.866619) can0 2A2#0000D606000008AE
(1790953608.866741) can0 2A3#0002EB29FFFD5D68
(1790953608.866871) can0 2A4#000123DCFFFD6704
(1790953608.866991) can0 2A5#000007BF000007CA
(1790953608.867092) can0 2A6#FFFFF84700000253
(1790953608.867215) can0 2A7#00004EADFFFFF5D5
(1790953608.871571) can0 2A1#0100010000000000
(1790953608.871616) can0 2A2#0000D606000008AE
(1790953608.871741) can0 2A3#0002EB29FFFD5D68
(1790953608.871873) can0 2A4#000123DCFFFD6704
(1790953608.871990) can0 2A5#000007BF000007CA
(1790953608.872117) can0 2A6#FFFFF84700000253
(1790953608.872240) can0 2A7#00004EADFFFFF5D5
(1790953608.876504) can0 2A1#0100010000000000
(1790953608.876618) can0 2A2#0000D606000008AE
(1790953608.876742) can0 2A3#0002EB29FFFD5D68
(1790953608.876875) can0 2A4#000123DCFFFD6704
(1790953608.876965) can0 2A5#000007BF000007CA
(1790953608.877090) can0 2A6#FFFFF84700000253
(1790953608.877215) can0 2A7#00004EADFFFFF5D5
(1790953608.881565) can0 2A1#0100010000000000
(1790953608.881641) can0 2A2#0000D606000008AE
(1790953608.881765) can0 2A3#0002EB29FFFD5D68
(1790953608.881865) can0 2A4#000123DCFFFD6704
(1790953608.881989) can0 2A5#000007BF000007CA
(1790953608.882118) can0 2A6#FFFFF84700000253
(1790953608.882215) can0 2A7#00004EADFFFFF5D5
(1790953608.886499) can0 2A1#0100010000000000
(1790953608.886615) can0 2A2#0000D606000008AE
(1790953608.886740) can0 2A3#0002EB29FFFD5D68
(1790953608.886873) can0 2A4#000123DCFFFD6704
(1790953608.886966) can0 2A5#000007BF000007CA
(1790953608.887091) can0 2A6#FFFFF84700000253
(1790953608.887216) can0 2A7#00004EADFFFFF5D5
(1790953608.891549) can0 2A1#0100010000000000
(1790953608.891641) can0 2A2#0000D606000008AE
(1790953608.891768) can0 2A3#0002EB29FFFD5D68
(1790953608.891868) can0 2A4#000123DCFFFD6704
(1790953608.891992) can0 2A5#000007BF000007CA
(1790953608.892117) can0 2A6#FFFFF84700000253
(1790953608.892242) can0 2A7#00004EADFFFFF5D5
(1790953608.896512) can0 2A1#0100010000000000
(1790953608.896616) can0 2A2#0000D606000008AE
(1790953608.896741) can0 2A3#0002EB29FFFD5D68
(1790953608.896869) can0 2A4#000123DCFFFD6704
(1790953608.896991) can0 2A5#000007BF000007CA
(1790953608.897094) can0 2A6#FFFFF84700000253
(1790953608.897224) can0 2A7#00004EADFFFFF5D5
(1790953608.901555) can0 2A1#0100010000000000
(1790953608.901642) can0 2A2#0000D606000008AE
(1790953608.901741) can0 2A3#0002EB29FFFD5D68
(1790953608.901884) can0 2A4#000123DCFFFD6704
(1790953608.901993) can0 2A5#000007BF000007CA
(1790953608.902119) can0 2A6#FFFFF84700000253
(1790953608.902218) can0 2A7#00004EADFFFFF5D5
(1790953608.906500) can0 2A1#0100010000000000
(1790953608.906617) can0 2A2#0000D606000008AE
(1790953608.906718) can0 2A3#0002EB29FFFD5D68
(1790953608.906842) can0 2A4#000123DCFFFD6704
(1790953608.906993) can0 2A5#000007BF000007CA
(1790953608.907093) can0 2A6#FFFFF84700000253
(1790953608.907219) can0 2A7#00004EADFFFFF5D5
(1790953608.911548) can0 2A1#0100010000000000
(1790953608.911640) can0 2A2#0000D606000008AE
(1790953608.911740) can0 2A3#0002EB29FFFD5D68
(1790953608.911866) can0 2A4#000123DCFFFD6704
(1790953608.911990) can0 2A5#000007BF000007CA
(1790953608.912091) can0 2A6#FFFFF84700000253
(1790953608.912215) can0 2A7#00004EADFFFFF5D5
(1790953608.916497) can0 2A1#0100010000000000
(1790953608.916618) can0 2A2#0000D606000008AE
(1790953608.916741) can0 2A3#0002EB29FFFD5D68
(1790953608.916870) can0 2A4#000123DCFFFD6704
(1790953608.916965) can0 2A5#000007BF000007CA
(1790953608.917091) can0 2A6#FFFFF84700000253
(1790953608.917215) can0 2A7#00004EADFFFFF5D5
(1790953608.921500) can0 2A1#0100010000000000
(1790953608.921641) can0 2A2#0000D606000008AE
(1790953608.921740) can0 2A3#0002EB29FFFD5D68
(1790953608.921867) can0 2A4#000123DCFFFD6704
(1790953608.921991) can0 2A5#000007BF000007CA
(1790953608.922115) can0 2A6#FFFFF84700000253
(1790953608.922215) can0 2A7#00004EADFFFFF5D5
(1790953608.926543) can0 2A1#0100010000000000
(1790953608.926639) can0 2A2#0000D606000008AE
(1790953608.926740) can0 2A3#0002EB29FFFD5D68
(1790953608.926868) can0 2A4#000123DCFFFD6704
(1790953608.926968) can0 2A5#000007BF000007CA
(1790953608.927092) can0 2A6#FFFFF84700000253
(1790953608.927218) can0 2A7#00004EADFFFFF5D5
(1790953608.931554) can0 2A1#0100010000000000
(1790953608.931643) can0 2A2#0000D606000008AE
(1790953608.931766) can0 2A3#0002EB29FFFD5D68
(1790953608.931868) can0 2A4#000123DCFFFD6704
(1790953608.931992) can0 2A5#000007BF000007CA
(1790953608.932117) can0 2A6#FFFFF84700000253
(1790953608.932244) can0 2A7#00004EADFFFFF5D5
(1790953608.936506) can0 2A1#0100010000000000
(1790953608.936620) can0 2A2#0000D606000008AE
(1790953608.936719) can0 2A3#0002EB29FFFD5D68
(1790953608.936890) can0 2A4#000123DCFFFD6704
(1790953608.936994) can0 2A5#000007BF000007CA
(1790953608.937091) can0 2A6#FFFFF84700000253
(1790953608.937219) can0 2A7#00004EADFFFFF5D5
(1790953608.941554) can0 2A1#0100010000000000
(1790953608.941617) can0 2A2#0000D606000008AE
(1790953608.941740) can0 2A3#0002EB29FFFD5D68
(1790953608.941875) can0 2A4#000123DCFFFD6704
(1790953608.941989) can0 2A5#000007BF000007CA
(1790953608.942114) can0 2A6#FFFFF84700000253
(1790953608.942241) can0 2A7#00004EADFFFFF5D5
(1790953608.946499) can0 2A1#0100010000000000
(1790953608.946615) can0 2A2#0000D606000008AE
(1790953608.946739) can0 2A3#0002EB29FFFD5D68
(1790953608.946873) can0 2A4#000123DCFFFD6704
(1790953608.946964) can0 2A5#000007BF000007CA
(1790953608.947089) can0 2A6#FFFFF84700000253
(1790953608.947216) can0 2A7#00004EADFFFFF5D5
(1790953608.951554) can0 2A1#0100010000000000
(1790953608.951645) can0 2A2#0000D606000008AE
(1790953608.951769) can0 2A3#0002EB29FFFD5D68
(1790953608.951868) can0 2A4#000123DCFFFD6704
(1790953608.951993) can0 2A5#000007BF000007CA
(1790953608.952118) can0 2A6#FFFFF84700000253
(1790953608.952243) can0 2A7#00004EADFFFFF5D5
(1790953608.956495) can0 2A1#0100010000000000
(1790953608.956619) can0 2A2#0000D606000008AE
(1790953608.956743) can0 2A3#0002EB29FFFD5D68
(1790953608.956867) can0 2A4#000123DCFFFD6704
(1790953608.956966) can0 2A5#000007BF000007CA
(1790953608.957094) can0 2A6#FFFFF84700000253
(1790953608.957218) can0 2A7#00004EADFFFFF5D5
(1790953608.961493) can0 2A1#0100010000000000
(1790953608.961644) can0 2A2#0000D606000008AE
(1790953608.961743) can0 2A3#0002EB29FFFD5D68
(1790953608.961877) can0 2A4#000123DCFFFD6704
(1790953608.961993) can0 2A5#000007BF000007CA
(1790953608.962094) can0 2A6#FFFFF84700000253
(1790953608.962218) can0 2A7#00004EADFFFFF5D5
(1790953608.966512) can0 2A1#0100010000000000
(1790953608.966621) can0 2A2#0000D606000008AE
(1790953608.966744) can0 2A3#0002EB29FFFD5D68
(1790953608.966873) can0 2A4#000123DCFFFD6704
(1790953608.966968) can0 2A5#000007BF000007CA
(1790953608.967095) can0 2A6#FFFFF84700000253
(1790953608.967218) can0 2A7#00004EADFFFFF5D5
(1790953608.971595) can0 2A1#0100010000000000
(1790953608.971640) can0 2A2#0000D606000008AE
(1790953608.971742) can0 2A3#0002EB29FFFD5D68
(1790953608.971866) can0 2A4#000123DCFFFD6704
(1790953608.971991) can0 2A5#000007BF000007CA
(1790953608.972116) can0 2A6#FFFFF84700000253
(1790953608.972241) can0 2A7#00004EADFFFFF5D5
(1790953608.976545) can0 2A1#0100010000000000
(1790953608.976616) can0 2A2#0000D606000008AE
(1790953608.976741) can0 2A3#0002EB29FFFD5D68
(1790953608.976877) can0 2A4#000123DCFFFD6704
(1790953608.976965) can0 2A5#000007BF000007CA
(1790953608.977090) can0 2A6#FFFFF84700000253
(1790953608.977215) can0 2A7#00004EADFFFFF5D5
(1790953608.981550) can0 2A1#0100010000000000
(1790953608.981649) can0 2A2#0000D606000008AE
(1790953608.981742) can0 2A3#0002EB29FFFD5D68
(1790953608.981869) can0 2A4#000123DCFFFD6704
(1790953608.981991) can0 2A5#000007BF000007CA
(1790953608.982117) can0 2A6#FFFFF84700000253
(1790953608.982241) can0 2A7#00004EADFFFFF5D5
(1790953608.986498) can0 2A1#0100010000000000
(1790953608.986620) can0 2A2#0000D606000008AE
(1790953608.986741) can0 2A3#0002EB29FFFD5D68
(1790953608.986880) can0 2A4#000123DCFFFD6704
(1790953608.986964) can0 2A5#000007BF000007CA
(1790953608.987090) can0 2A6#FFFFF84700000253
(1790953608.987216) can0 2A7#00004EADFFFFF5D5
(1790953608.991548) can0 2A1#0100010000000000
(1790953608.991641) can0 2A2#0000D606000008AE
(1790953608.991740) can0 2A3#0002EB29FFFD5D68
(1790953608.991865) can0 2A4#000123DCFFFD6704
(1790953608.991990) can0 2A5#000007BF000007CA
(1790953608.992117) can0 2A6#FFFFF84700000253
(1790953608.992242) can0 2A7#00004EADFFFFF5D5
(1790953608.996546) can0 2A1#0100010000000000
(1790953608.996642) can0 2A2#0000D606000008AE
(1790953608.996741) can0 2A3#0002EB29FFFD5D68
(1790953608.996876) can0 2A4#000123DCFFFD6704
(1790953608.996964) can0 2A5#000007BF000007CA
(1790953608.997090) can0 2A6#FFFFF84700000253
(1790953608.997230) can0 2A7#00004EADFFFFF5D5
(1790953609.001510) can0 2A1#0100010000000000
(1790953609.001644) can0 2A2#0000D606000008AE
(1790953609.001744) can0 2A3#0002EB29FFFD5D68
(1790953609.001869) can0 2A4#000123DCFFFD6704
(1790953609.001993) can0 2A5#000007BF000007CA
(1790953609.002116) can0 2A6#FFFFF84700000253
(1790953609.002218) can0 2A7#00004EADFFFFF5D5
(1790953609.006497) can0 2A1#0100010000000000
(1790953609.006616) can0 2A2#0000D606000008AE
(1790953609.006740) can0 2A3#0002EB29FFFD5D68
(1790953609.006885) can0 2A4#000123DCFFFD6704
(1790953609.006990) can0 2A5#000007BF000007CA
(1790953609.007118) can0 2A6#FFFFF84700000253
(1790953609.007216) can0 2A7#00004EADFFFFF5D5
(1790953609.011559) can0 2A1#0100010000000000
(1790953609.011641) can0 2A2#0000D606000008AE
(1790953609.011741) can0 2A3#0002EB29FFFD5D68
(1790953609.011870) can0 2A4#000123DCFFFD6704
(1790953609.011991) can0 2A5#000007BF000007CA
(1790953609.012093) can0 2A6#FFFFF84700000253
(1790953609.012218) can0 2A7#00004EADFFFFF5D5
(1790953609.016512) can0 2A1#0100010000000000
(1790953609.016621) can0 2A2#0000D606000008AE
(1790953609.016743) can0 2A3#0002EB29FFFD5D68
(1790953609.016867) can0 2A4#000123DCFFFD6704
(1790953609.016993) can0 2A5#000007BF000007CA
(1790953609.017091) can0 2A6#FFFFF84700000253
(1790953609.017218) can0 2A7#00004EADFFFFF5D5
(1790953609.021557) can0 2A1#0100010000000000
(1790953609.021642) can0 2A2#0000D606000008AE
(1790953609.021743) can0 2A3#0002EB29FFFD5D68
(1790953609.021871) can0 2A4#000123DCFFFD6704
(1790953609.021993) can0 2A5#000007BF000007CA
(1790953609.022117) can0 2A6#FFFFF84700000253
(1790953609.022217) can0 2A7#00004EADFFFFF5D5
(1790953609.026507) can0 2A1#0100010000000000
(1790953609.026616) can0 2A2#0000D606000008AE
(1790953609.026742) can0 2A3#0002EB29FFFD5D68
(1790953609.026843) can0 2A4#000123DCFFFD6704
(1790953609.026993) can0 2A5#000007BF000007CA
(1790953609.027092) can0 2A6#FFFFF84700000253
(1790953609.027217) can0 2A7#00004EADFFFFF5D5
(1790953609.031550) can0 2A1#0100010000000000
(1790953609.031641) can0 2A2#0000D606000008AE
(1790953609.031740) can0 2A3#0002EB29FFFD5D68
(1790953609.031869) can0 2A4#000123DCFFFD6704
(1790953609.031993) can0 2A5#000007BF000007CA
(1790953609.032119) can0 2A6#FFFFF84700000253
(1790953609.032217) can0 2A7#00004EADFFFFF5D5
(1790953609.036585) can0 2A1#0100010000000000
(1790953609.036646) can0 2A2#0000D606000008AE
(1790953609.036746) can0 2A3#0002EB29FFFD5D68
(1790953609.036875) can0 2A4#000123DCFFFD6704
(1790953609.036970) can0 2A5#000007BF000007CA
(1790953609.037096) can0 2A6#FFFFF84700000253
(1790953609.037220) can0 2A7#00004EADFFFFF5D5
(1790953609.041566) can0 2A1#0100010000000000
(1790953609.041639) can0 2A2#0000D606000008AE
(1790953609.041741) can0 2A3#0002EB29FFFD5D68
(1790953609.041868) can0 2A4#000123DCFFFD6704
(1790953609.041990) can0 2A5#000007BF000007CA
(1790953609.042115) can0 2A6#FFFFF84700000253
(1790953609.042216) can0 2A7#00004EADFFFFF5D5
(1790953609.046546) can0 2A1#0100010000000000
(1790953609.046643) can0 2A2#0000D606000008AE
(1790953609.046741) can0 2A3#0002EB29FFFD5D68
(1790953609.046842) can0 2A4#000123DCFFFD6704
(1790953609.046968) can0 2A5#000007BF000007CA
(1790953609.047092) can0 2A6#FFFFF84700000253
(1790953609.047216) can0 2A7#00004EADFFFFF5D5
(1790953609.051568) can0 2A1#0100010000000000
(1790953609.051641) can0 2A2#0000D606000008AE
(1790953609.051767) can0 2A3#0002EB29FFFD5D68
(1790953609.051869) can0 2A4#000123DCFFFD6704
(1790953609.051991) can0 2A5#000007BF000007CA
(1790953609.052116) can0 2A6#FFFFF84700000253
(1790953609.052215) can0 2A7#00004EADFFFFF5D5
(1790953609.056504) can0 2A1#0100010000000000
(1790953609.056617) can0 2A2#0000D606000008AE
(1790953609.056741) can0 2A3#0002EB29FFFD5D68
(1790953609.056868) can0 2A4#000123DCFFFD6704
(1790953609.056965) can0 2A5#000007BF000007CA
(1790953609.057090) can0 2A6#FFFFF84700000253
(1790953609.057216) can0 2A7#00004EADFFFFF5D5
(1790953609.061544) can0 2A1#0100010000000000
(1790953609.061644) can0 2A2#0000D606000008AE
(1790953609.061769) can0 2A3#0002EB29FFFD5D68
(1790953609.061875) can0 2A4#000123DCFFFD6704
(1790953609.061992) can0 2A5#000007BF000007CA
(1790953609.062118) can0 2A6#FFFFF84700000253
(1790953609.062241) can0 2A7#00004EADFFFFF5D5
(1790953609.066515) can0 2A1#0100010000000000
(1790953609.066616) can0 2A2#0000D606000008AE
(1790953609.066718) can0 2A3#0002EB29FFFD5D68
(1790953609.066867) can0 2A4#000123DCFFFD6704
(1790953609.066994) can0 2A5#000007BF000007CA
(1790953609.067094) can0 2A6#FFFFF84700000253
(1790953609.067216) can0 2A7#00004EADFFFFF5D5
(1790953609.071548) can0 2A1#0100010000000000
(1790953609.071640) can0 2A2#0000D606000008AE
(1790953609.071740) can0 2A3#0002EB29FFFD5D68
(1790953609.071880) can0 2A4#000123DCFFFD6704
(1790953609.071994) can0 2A5#000007BF000007CA
(1790953609.072117) can0 2A6#FFFFF84700000253
(1790953609.072216) can0 2A7#00004EADFFFFF5D5
(1790953609.076555) can0 2A1#0100010000000000
(1790953609.076639) can0 2A2#0000D606000008AE
(1790953609.076740) can0 2A3#0002EB29FFFD5D68
(1790953609.076868) can0 2A4#000123DCFFFD6704
(1790953609.076965) can0 2A5#000007BF000007CA
(1790953609.077090) can0 2A6#FFFFF84700000253
(1790953609.077216) can0 2A7#00004EADFFFFF5D5
(1790953609.081568) can0 2A1#0100010000000000
(1790953609.081641) can0 2A2#0000D606000008AE
(1790953609.081767) can0 2A3#0002EB29FFFD5D68
(1790953609.081867) can0 2A4#000123DCFFFD6704
(1790953609.081992) can0 2A5#000007BF000007CA
(1790953609.082117) can0 2A6#FFFFF84700000253
(1790953609.082242) can0 2A7#00004EADFFFFF5D5
(1790953609.086497) can0 2A1#0100010000000000
(1790953609.086617) can0 2A2#0000D606000008AE
(1790953609.086743) can0 2A3#0002EB29FFFD5D68
(1790953609.086865) can0 2A4#000123DCFFFD6704
(1790953609.086969) can0 2A5#000007BF000007CA
(1790953609.087092) can0 2A6#FFFFF84700000253
(1790953609.087219) can0 2A7#00004EADFFFFF5D5
(1790953609.091548) can0 2A1#0100010000000000
(1790953609.091639) can0 2A2#0000D606000008AE
(1790953609.091764) can0 2A3#0002EB29FFFD5D68
(1790953609.091865) can0 2A4#000123DCFFFD6704
(1790953609.091989) can0 2A5#000007BF000007CA
(1790953609.092113) can0 2A6#FFFFF84700000253
(1790953609.092213) can0 2A7#00004EADFFFFF5D5
(1790953609.096559) can0 2A1#0100010000000000
(1790953609.096645) can0 2A2#0000D606000008AE
(1790953609.096744) can0 2A3#0002EB29FFFD5D68
(1790953609.096867) can0 2A4#000123DCFFFD6704
(1790953609.096966) can0 2A5#000007BF000007CA
(1790953609.097091) can0 2A6#FFFFF84700000253
(1790953609.097216) can0 2A7#00004EADFFFFF5D5
(1790953609.101552) can0 2A1#0100010000000000
(1790953609.101642) can0 2A2#0000D606000008AE
(1790953609.101767) can0 2A3#0002EB29FFFD5D68
(1790953609.101869) can0 2A4#000123DCFFFD6704
(1790953609.101992) can0 2A5#000007BF000007CA
(1790953609.102120) can0 2A6#FFFFF84700000253
(1790953609.102243) can0 2A7#00004EADFFFFF5D5
(1790953609.106554) can0 2A1#0100010000000000
(1790953609.106639) can0 2A2#0000D606000008AE
(1790953609.106739) can0 2A3#0002EB29FFFD5D68
(1790953609.106873) can0 2A4#000123DCFFFD6704
(1790953609.106964) can0 2A5#000007BF000007CA
(1790953609.107146) can0 2A6#FFFFF84700000253
(1790953609.107216) can0 2A7#00004EADFFFFF5D5
(1790953609.111550) can0 2A1#0100010000000000
(1790953609.111642) can0 2A2#0000D606000008AE
(1790953609.111755) can0 2A3#0002EB29FFFD5D68
(1790953609.111872) can0 2A4#000123DCFFFD6704
(1790953609.111993) can0 2A5#000007BF000007CA
(1790953609.112119) can0 2A6#FFFFF84700000253
(1790953609.112243) can0 2A7#00004EADFFFFF5D5
(1790953609.116502) can0 2A1#0100010000000000
(1790953609.116621) can0 2A2#0000D606000008AE
(1790953609.116745) can0 2A3#0002EB29FFFD5D68
(1790953609.116874) can0 2A4#000123DCFFFD6704
(1790953609.116966) can0 2A5#000007BF000007CA
(1790953609.117120) can0 2A6#FFFFF84700000253
(1790953609.117219) can0 2A7#00004EADFFFFF5D5
(1790953609.121556) can0 2A1#0100010000000000
(1790953609.121645) can0 2A2#0000D606000008AE
(1790953609.121746) can0 2A3#0002EB29FFFD5D68
(1790953609.121869) can0 2A4#000123DCFFFD6704
(1790953609.121995) can0 2A5#000007BF000007CA
(1790953609.122117) can0 2A6#FFFFF84700000253
(1790953609.122217) can0 2A7#00004EADFFFFF5D5
(1790953609.126552) can0 2A1#0100010000000000
(1790953609.126645) can0 2A2#0000D606000008AE
(1790953609.126740) can0 2A3#0002EB29FFFD5D68
(1790953609.126865) can0 2A4#000123DCFFFD6704
(1790953609.126964) can0 2A5#000007BF000007CA
(1790953609.127089) can0 2A6#FFFFF84700000253
(1790953609.127215) can0 2A7#00004EADFFFFF5D5
(1790953609.131560) can0 2A1#0100010000000000
(1790953609.131643) can0 2A2#0000D606000008AE
(1790953609.131768) can0 2A3#0002EB29FFFD5D68
(1790953609.131870) can0 2A4#000123DCFFFD6704
(1790953609.131994) can0 2A5#000007BF000007CA
(1790953609.132120) can0 2A6#FFFFF84700000253
(1790953609.132243) can0 2A7#00004EADFFFFF5D5
(1790953609.136508) can0 2A1#0100010000000000
(1790953609.136620) can0 2A2#0000D606000008AE
(1790953609.136745) can0 2A3#0002EB29FFFD5D68
(1790953609.136880) can0 2A4#000123DCFFFD6704
(1790953609.136992) can0 2A5#000007BF000007CA
(1790953609.137089) can0 2A6#FFFFF84700000253
(1790953609.137216) can0 2A7#00004EADFFFFF5D5
(1790953609.141549) can0 2A1#0100010000000000
(1790953609.141642) can0 2A2#0000D606000008AE
(1790953609.141740) can0 2A3#0002EB29FFFD5D68
(1790953609.141865) can0 2A4#000123DCFFFD6704
(1790953609.141992) can0 2A5#000007BF000007CA
(1790953609.142114) can0 2A6#FFFFF84700000253
(1790953609.142239) can0 2A7#00004EADFFFFF5D5
(1790953609.146509) can0 2A1#0100010000000000
(1790953609.146617) can0 2A2#0000D606000008AE
(1790953609.146742) can0 2A3#0002EB29FFFD5D68
(1790953609.146867) can0 2A4#000123DCFFFD6704
(1790953609.146967) can0 2A5#000007BF000007CA
(1790953609.147092) can0 2A6#FFFFF84700000253
(1790953609.147217) can0 2A7#00004EADFFFFF5D5
(1790953609.151569) can0 2A1#0100010000000000
(1790953609.151642) can0 2A2#0000D606000008AE
(1790953609.151767) can0 2A3#0002EB29FFFD5D68
(1790953609.151882) can0 2A4#000123DCFFFD6704
(1790953609.151995) can0 2A5#000007BF000007CA
(1790953609.152118) can0 2A6#FFFFF84700000253
(1790953609.152241) can0 2A7#00004EADFFFFF5D5
(1790953609.156498) can0 2A1#0100010000000000
(1790953609.156641) can0 2A2#0000D606000008AE
(1790953609.156740) can0 2A3#0002EB29FFFD5D68
(1790953609.156868) can0 2A4#000123DCFFFD6704
(1790953609.156990) can0 2A5#000007BF000007CA
(1790953609.157094) can0 2A6#FFFFF84700000253
(1790953609.157215) can0 2A7#00004EADFFFFF5D5
(1790953609.161577) can0 2A1#0100010000000000
(1790953609.161617) can0 2A2#0000D606000008AE
(1790953609.161742) can0 2A3#0002EB29FFFD5D68
(1790953609.161870) can0 2A4#000123DCFFFD6704
(1790953609.161993) can0 2A5#000007BF000007CA
(1790953609.162117) can0 2A6#FFFFF84700000253
(1790953609.162243) can0 2A7#00004EADFFFFF5D5
(1790953609.166507) can0 2A1#0100010000000000
(1790953609.166619) can0 2A2#0000D606000008AE
(1790953609.166742) can0 2A3#0002EB29FFFD5D68
(1790953609.166871) can0 2A4#000123DCFFFD6704
(1790953609.166991) can0 2A5#000007BF000007CA
(1790953609.167093) can0 2A6#FFFFF84700000253
(1790953609.167219) can0 2A7#00004EADFFFFF5D5
(1790953609.171564) can0 2A1#0100010000000000
(1790953609.171644) can0 2A2#0000D606000008AE
(1790953609.171746) can0 2A3#0002EB29FFFD5D68
(1790953609.171874) can0 2A4#000123DCFFFD6704
(1790953609.171994) can0 2A5#000007BF000007CA
(1790953609.172119) can0 2A6#FFFFF84700000253
(1790953609.172243) can0 2A7#00004EADFFFFF5D5
(1790953609.176496) can0 2A1#0100010000000000
(1790953609.176621) can0 2A2#0000D606000008AE
(1790953609.176741) can0 2A3#0002EB29FFFD5D68
(1790953609.176874) can0 2A4#000123DCFFFD6704
(1790953609.176991) can0 2A5#000007BF000007CA
(1790953609.177091) can0 2A6#FFFFF84700000253
(1790953609.177216) can0 2A7#00004EADFFFFF5D5
(1790953609.181546) can0 2A1#0100010000000000
(1790953609.181616) can0 2A2#0000D606000008AE
(1790953609.181768) can0 2A3#0002EB29FFFD5D68
(1790953609.181870) can0 2A4#000123DCFFFD6704
(1790953609.181992) can0 2A5#000007BF000007CA
(1790953609.182117) can0 2A6#FFFFF84700000253
(1790953609.182242) can0 2A7#00004EADFFFFF5D5
(1790953609.186505) can0 2A1#0100010000000000
(1790953609.186619) can0 2A2#0000D606000008AE
(1790953609.186744) can0 2A3#0002EB29FFFD5D68
(1790953609.186871) can0 2A4#000123DCFFFD6704
(1790953609.186993) can0 2A5#000007BF000007CA
(1790953609.187091) can0 2A6#FFFFF84700000253
(1790953609.187218) can0 2A7#00004EADFFFFF5D5
(1790953609.191548) can0 2A1#0100010000000000
(1790953609.191639) can0 2A2#0000D606000008AE
(1790953609.191741) can0 2A3#0002EB29FFFD5D68
(1790953609.191867) can0 2A4#000123DCFFFD6704
(1790953609.191990) can0 2A5#000007BF000007CA
(1790953609.192116) can0 2A6#FFFFF84700000253
(1790953609.192240) can0 2A7#00004EADFFFFF5D5
(1790953609.196505) can0 2A1#0100010000000000
(1790953609.196616) can0 2A2#0000D606000008AE
(1790953609.196743) can0 2A3#0002EB29FFFD5D68
(1790953609.196880) can0 2A4#000123DCFFFD6704
(1790953609.196996) can0 2A5#000007BF000007CA
(1790953609.197094) can0 2A6#FFFFF84700000253
(1790953609.197217) can0 2A7#00004EADFFFFF5D5
(1790953609.201587) can0 2A1#0100010000000000
(1790953609.201643) can0 2A2#0000D606000008AE
(1790953609.201742) can0 2A3#0002EB29FFFD5D68
(1790953609.201867) can0 2A4#000123DCFFFD6704
(1790953609.201996) can0 2A5#000007BF000007CA
(1790953609.202121) can0 2A6#FFFFF84700000253
(1790953609.202244) can0 2A7#00004EADFFFFF5D5
(1790953609.206543) can0 2A1#0100010000000000
(1790953609.206617) can0 2A2#0000D606000008AE
(1790953609.206742) can0 2A3#0002EB29FFFD5D68
(1790953609.206839) can0 2A4#000123DCFFFD6704
(1790953609.206992) can0 2A5#000007BF000007CA
(1790953609.207089) can0 2A6#FFFFF84700000253
(1790953609.207214) can0 2A7#00004EADFFFFF5D5
(1790953609.211551) can0 2A1#0100010000000000
(1790953609.211642) can0 2A2#0000D606000008AE
(1790953609.211743) can0 2A3#0002EB29FFFD5D68
(1790953609.211871) can0 2A4#000123DCFFFD6704
(1790953609.211992) can0 2A5#000007BF000007CA
(1790953609.212117) can0 2A6#FFFFF84700000253
(1790953609.212241) can0 2A7#00004EADFFFFF5D5
(1790953609.216508) can0 2A1#0100010000000000
(1790953609.216620) can0 2A2#0000D606000008AE
(1790953609.216742) can0 2A3#0002EB29FFFD5D68
(1790953609.216873) can0 2A4#000123DCFFFD6704
(1790953609.216992) can0 2A5#000007BF000007CA
(1790953609.217094) can0 2A6#FFFFF84700000253
(1790953609.217218) can0 2A7#00004EADFFFFF5D5
(1790953609.221589) can0 2A1#0100010000000000
(1790953609.221647) can0 2A2#0000D606000008AE
(1790953609.221745) can0 2A3#0002EB29FFFD5D68
(1790953609.221878) can0 2A4#000123DCFFFD6704
(1790953609.221994) can0 2A5#000007BF000007CA
(1790953609.222127) can0 2A6#FFFFF84700000253
(1790953609.222244) can0 2A7#00004EADFFFFF5D5
(1790953609.226507) can0 2A1#0100010000000000
(1790953609.226621) can0 2A2#0000D606000008AE
(1790953609.226744) can0 2A3#0002EB29FFFD5D68
(1790953609.226871) can0 2A4#000123DCFFFD6704
(1790953609.226991) can0 2A5#000007BF000007CA
(1790953609.227091) can0 2A6#FFFFF84700000253
(1790953609.227218) can0 2A7#00004EADFFFFF5D5
(1790953609.231588) can0 2A1#0100010000000000
(1790953609.231645) can0 2A2#0000D606000008AE
(1790953609.231755) can0 2A3#0002EB29FFFD5D68
(1790953609.231878) can0 2A4#000123DCFFFD6704
(1790953609.231996) can0 2A5#000007BF000007CA
(1790953609.232121) can0 2A6#FFFFF84700000253
(1790953609.232244) can0 2A7#00004EADFFFFF5D5
(1790953609.236569) can0 2A1#0100010000000000
(1790953609.236617) can0 2A2#0000D606000008AE
(1790953609.236745) can0 2A3#0002EB29FFFD5D68
(1790953609.236842) can0 2A4#000123DCFFFD6704
(1790953609.236976) can0 2A5#000007BF000007CA
(1790953609.237093) can0 2A6#FFFFF84700000253
(1790953609.237218) can0 2A7#00004EADFFFFF5D5
(1790953609.241566) can0 2A1#0100010000000000
(1790953609.241639) can0 2A2#0000D606000008AE
(1790953609.241741) can0 2A3#0002EB29FFFD5D68
(1790953609.241866) can0 2A4#000123DCFFFD6704
(1790953609.241991) can0 2A5#000007BF000007CA
(1790953609.242116) can0 2A6#FFFFF84700000253
(1790953609.242215) can0 2A7#00004EADFFFFF5D5
(1790953609.246509) can0 2A1#0100010000000000
(1790953609.246616) can0 2A2#0000D606000008AE
(1790953609.246741) can0 2A3#0002EB29FFFD5D68
(1790953609.246891) can0 2A4#000123DCFFFD6704
(1790953609.246991) can0 2A5#000007BF000007CA
(1790953609.247092) can0 2A6#FFFFF84700000253
(1790953609.247215) can0 2A7#00004EADFFFFF5D5
(1790953609.251559) can0 2A1#0100010000000000
(1790953609.251640) can0 2A2#0000D606000008AE
(1790953609.251741) can0 2A3#0002EB29FFFD5D68
(1790953609.251868) can0 2A4#000123DCFFFD6704
(1790953609.251992) can0 2A5#000007BF000007CA
(1790953609.252116) can0 2A6#FFFFF84700000253
(1790953609.252240) can0 2A7#00004EADFFFFF5D5
(1790953609.256507) can0 2A1#0100010000000000
(1790953609.256617) can0 2A2#0000D606000008AE
(1790953609.256741) can0 2A3#0002EB29FFFD5D68
(1790953609.256895) can0 2A4#000123DCFFFD6704
(1790953609.256992) can0 2A5#000007BF000007CA
(1790953609.257115) can0 2A6#FFFFF84700000253
(1790953609.257215) can0 2A7#00004EADFFFFF5D5
(1790953609.261545) can0 2A1#0100010000000000
(1790953609.261640) can0 2A2#0000D606000008AE
(1790953609.261741) can0 2A3#0002EB29FFFD5D68
(1790953609.261869) can0 2A4#000123DCFFFD6704
(1790953609.261990) can0 2A5#000007BF000007CA
(1790953609.262090) can0 2A6#FFFFF84700000253
(1790953609.262240) can0 2A7#00004EADFFFFF5D5
(1790953609.266522) can0 2A1#0100010000000000
(1790953609.266621) can0 2A2#0000D606000008AE
(1790953609.266743) can0 2A3#0002EB29FFFD5D68
(1790953609.266868) can0 2A4#000123DCFFFD6704
(1790953609.266992) can0 2A5#000007BF000007CA
(1790953609.267092) can0 2A6#FFFFF84700000253
(1790953609.267216) can0 2A7#00004EADFFFFF5D5
(1790953609.271563) can0 2A1#0100010000000000
(1790953609.271642) can0 2A2#0000D606000008AE
(1790953609.271742) can0 2A3#0002EB29FFFD5D68
(1790953609.271871) can0 2A4#000123DCFFFD6704
(1790953609.271993) can0 2A5#000007BF000007CA
(1790953609.272117) can0 2A6#FFFFF84700000253
(1790953609.272242) can0 2A7#00004EADFFFFF5D5
(1790953609.276517) can0 2A1#0100010000000000
(1790953609.276615) can0 2A2#0000D606000008AE
(1790953609.276743) can0 2A3#0002EB29FFFD5D68
(1790953609.276868) can0 2A4#000123DCFFFD6704
(1790953609.276989) can0 2A5#000007BF000007CA
(1790953609.277092) can0 2A6#FFFFF84700000253
(1790953609.277216) can0 2A7#00004EADFFFFF5D5
(1790953609.281612) can0 2A1#0100010000000000
(1790953609.281636) can0 2A2#0000D606000008AE
(1790953609.281769) can0 2A3#0002EB29FFFD5D68
(1790953609.281866) can0 2A4#000123DCFFFD6704
(1790953609.281992) can0 2A5#000007BF000007CA
(1790953609.282118) can0 2A6#FFFFF84700000253
(1790953609.282243) can0 2A7#00004EADFFFFF5D5
(1790953609.286502) can0 2A1#0100010000000000
(1790953609.286644) can0 2A2#0000D606000008AE
(1790953609.286742) can0 2A3#0002EB29FFFD5D68
(1790953609.286903) can0 2A4#000123DCFFFD6704
(1790953609.286992) can0 2A5#000007BF000007CA
(1790953609.287092) can0 2A6#FFFFF84700000253
(1790953609.287216) can0 2A7#00004EADFFFFF5D5
(1790953609.291548) can0 2A1#0100010000000000
(1790953609.291643) can0 2A2#0000D606000008AE
(1790953609.291743) can0 2A3#0002EB29FFFD5D68
(1790953609.291867) can0 2A4#000123DCFFFD6704
(1790953609.291994) can0 2A5#000007BF000007CA
(1790953609.292118) can0 2A6#FFFFF84700000253
(1790953609.292243) can0 2A7#00004EADFFFFF5D5
(1790953609.296503) can0 2A1#0100010000000000
(1790953609.296642) can0 2A2#0000D606000008AE
(1790953609.296743) can0 2A3#0002EB29FFFD5D68
(1790953609.296874) can0 2A4#000123DCFFFD6704
(1790953609.296992) can0 2A5#000007BF000007CA
(1790953609.297094) can0 2A6#FFFFF84700000253
(1790953609.297217) can0 2A7#00004EADFFFFF5D5
(1790953609.301564) can0 2A1#0100010000000000
(1790953609.301643) can0 2A2#0000D606000008AE
(1790953609.301745) can0 2A3#0002EB29FFFD5D68
(1790953609.301932) can0 2A4#000123DCFFFD6704
(1790953609.301992) can0 2A5#000007BF000007CA
(1790953609.302129) can0 2A6#FFFFF84700000253
(1790953609.302242) can0 2A7#00004EADFFFFF5D5
(1790953609.306547) can0 2A1#0100010000000000
(1790953609.306615) can0 2A2#0000D606000008AE
(1790953609.306739) can0 2A3#0002EB29FFFD5D68
(1790953609.306867) can0 2A4#000123DCFFFD6704
(1790953609.306966) can0 2A5#000007BF000007CA
(1790953609.307116) can0 2A6#FFFFF84700000253
(1790953609.307216) can0 2A7#00004EADFFFFF5D5
(1790953609.311552) can0 2A1#0100010000000000
(1790953609.311643) can0 2A2#0000D606000008AE
(1790953609.311742) can0 2A3#0002EB29FFFD5D68
(1790953609.311868) can0 2A4#000123DCFFFD6704
(1790953609.311992) can0 2A5#000007BF000007CA
(1790953609.312114) can0 2A6#FFFFF84700000253
(1790953609.312241) can0 2A7#00004EADFFFFF5D5
(1790953609.316499) can0 2A1#0100010000000000
(1790953609.316618) can0 2A2#0000D606000008AE
(1790953609.316743) can0 2A3#0002EB29FFFD5D68
(1790953609.316879) can0 2A4#000123DCFFFD6704
(1790953609.316991) can0 2A5#000007BF000007CA
(1790953609.317090) can0 2A6#FFFFF84700000253
(1790953609.317216) can0 2A7#00004EADFFFFF5D5
(1790953609.321583) can0 2A1#0100010000000000
(1790953609.321642) can0 2A2#0000D606000008AE
(1790953609.321766) can0 2A3#0002EB29FFFD5D68
(1790953609.321872) can0 2A4#000123DCFFFD6704
(1790953609.321990) can0 2A5#000007BF000007CA
(1790953609.322116) can0 2A6#FFFFF84700000253
(1790953609.322243) can0 2A7#00004EADFFFFF5D5
(1790953609.326503) can0 2A1#0100010000000000
(1790953609.326639) can0 2A2#0000D606000008AE
(1790953609.326739) can0 2A3#0002EB29FFFD5D68
(1790953609.326866) can0 2A4#000123DCFFFD6704
(1790953609.326989) can0 2A5#000007BF000007CA
(1790953609.327089) can0 2A6#FFFFF84700000253
(1790953609.327214) can0 2A7#00004EADFFFFF5D5
(1790953609.331557) can0 2A1#0100010000000000
(1790953609.331642) can0 2A2#0000D606000008AE
(1790953609.331744) can0 2A3#0002EB29FFFD5D68
(1790953609.331873) can0 2A4#000123DCFFFD6704
(1790953609.331998) can0 2A5#000007BF000007CA
(1790953609.332117) can0 2A6#FFFFF84700000253
(1790953609.332243) can0 2A7#00004EADFFFFF5D5
(1790953609.336559) can0 2A1#0100010000000000
(1790953609.336619) can0 2A2#0000D606000008AE
(1790953609.336743) can0 2A3#0002EB29FFFD5D68
(1790953609.336842) can0 2A4#000123DCFFFD6704
(1790953609.336992) can0 2A5#000007BF000007CA
(1790953609.337092) can0 2A6#FFFFF84700000253
(1790953609.337219) can0 2A7#00004EADFFFFF5D5
(1790953609.341560) can0 2A1#0100010000000000
(1790953609.341642) can0 2A2#0000D606000008AE
(1790953609.341744) can0 2A3#0002EB29FFFD5D68
(1790953609.341867) can0 2A4#000123DCFFFD6704
(1790953609.341996) can0 2A5#000007BF000007CA
(1790953609.342117) can0 2A6#FFFFF84700000253
(1790953609.342244) can0 2A7#00004EADFFFFF5D5
(1790953609.346499) can0 2A1#0100010000000000
(1790953609.346619) can0 2A2#0000D606000008AE
(1790953609.346743) can0 2A3#0002EB29FFFD5D68
(1790953609.346866) can0 2A4#000123DCFFFD6704
(1790953609.346992) can0 2A5#000007BF000007CA
(1790953609.347153) can0 2A6#FFFFF84700000253
(1790953609.347217) can0 2A7#00004EADFFFFF5D5
(1790953609.351567) can0 2A1#0100010000000000
(1790953609.351645) can0 2A2#0000D606000008AE
(1790953609.351745) can0 2A3#0002EB29FFFD5D68
(1790953609.351867) can0 2A4#000123DCFFFD6704
(1790953609.351996) can0 2A5#000007BF000007CA
(1790953609.352117) can0 2A6#FFFFF84700000253
(1790953609.352243) can0 2A7#00004EADFFFFF5D5
(1790953609.356560) can0 2A1#0100010000000000
(1790953609.356618) can0 2A2#0000D606000008AE
(1790953609.356745) can0 2A3#0002EB29FFFD5D68
(1790953609.356869) can0 2A4#000123DCFFFD6704
(1790953609.356991) can0 2A5#000007BF000007CA
(1790953609.357123) can0 2A6#FFFFF84700000253
(1790953609.357231) can0 2A7#00004EADFFFFF5D5
(1790953609.361567) can0 2A1#0100010000000000
(1790953609.361643) can0 2A2#0000D606000008AE
(1790953609.361742) can0 2A3#0002EB29FFFD5D68
(1790953609.361888) can0 2A4#000123DCFFFD6704
(1790953609.361993) can0 2A5#000007BF000007CA
(1790953609.362117) can0 2A6#FFFFF84700000253
(1790953609.362242) can0 2A7#00004EADFFFFF5D5
(1790953609.366498) can0 2A1#0100010000000000
(1790953609.366619) can0 2A2#0000D606000008AE
(1790953609.366742) can0 2A3#0002EB29FFFD5D68
(1790953609.366869) can0 2A4#000123DCFFFD6704
(1790953609.366994) can0 2A5#000007BF000007CA
(1790953609.367093) can0 2A6#FFFFF84700000253
(1790953609.367218) can0 2A7#00004EADFFFFF5D5
(1790953609.371557) can0 2A1#0100010000000000
(1790953609.371615) can0 2A2#0000D606000008AE
(1790953609.371767) can0 2A3#0002EB29FFFD5D68
(1790953609.371869) can0 2A4#000123DCFFFD6704
(1790953609.371998) can0 2A5#000007BF000007CA
(1790953609.372117) can0 2A6#FFFFF84700000253
(1790953609.372241) can0 2A7#00004EADFFFFF5D5
(1790953609.376497) can0 2A1#0100010000000000
(1790953609.376615) can0 2A2#0000D606000008AE
(1790953609.376743) can0 2A3#0002EB29FFFD5D68
(1790953609.376866) can0 2A4#000123DCFFFD6704
(1790953609.376990) can0 2A5#000007BF000007CA
(1790953609.377090) can0 2A6#FFFFF84700000253
(1790953609.377215) can0 2A7#00004EADFFFFF5D5
(1790953609.381564) can0 2A1#0100010000000000
(1790953609.381624) can0 2A2#0000D606000008AE
(1790953609.381744) can0 2A3#0002EB29FFFD5D68
(1790953609.381870) can0 2A4#000123DCFFFD6704
(1790953609.381990) can0 2A5#000007BF000007CA
(1790953609.382119) can0 2A6#FFFFF84700000253
(1790953609.382241) can0 2A7#00004EADFFFFF5D5
(1790953609.386556) can0 2A1#0100010000000000
(1790953609.386619) can0 2A2#0000D606000008AE
(1790953609.386742) can0 2A3#0002EB29FFFD5D68
(1790953609.386842) can0 2A4#000123DCFFFD6704
(1790953609.386996) can0 2A5#000007BF000007CA
(1790953609.387091) can0 2A6#FFFFF84700000253
(1790953609.387218) can0 2A7#00004EADFFFFF5D5
(1790953609.391557) can0 2A1#0100010000000000
(1790953609.391644) can0 2A2#0000D606000008AE
(1790953609.391743) can0 2A3#0002EB29FFFD5D68
(1790953609.391869) can0 2A4#000123DCFFFD6704
(1790953609.391993) can0 2A5#000007BF000007CA
(1790953609.392119) can0 2A6#FFFFF84700000253
(1790953609.392243) can0 2A7#00004EADFFFFF5D5
(1790953609.396551) can0 2A1#0100010000000000
(1790953609.396641) can0 2A2#0000D606000008AE
(1790953609.396741) can0 2A3#0002EB29FFFD5D68
(1790953609.396904) can0 2A4#000123DCFFFD6704
(1790953609.396994) can0 2A5#000007BF000007CA
(1790953609.397092) can0 2A6#FFFFF84700000253
(1790953609.397217) can0 2A7#00004EADFFFFF5D5
(1790953609.401583) can0 2A1#0100010000000000
(1790953609.401617) can0 2A2#0000D606000008AE
(1790953609.401769) can0 2A3#0002EB29FFFD5D68
(1790953609.401870) can0 2A4#000123DCFFFD6704
(1790953609.401993) can0 2A5#000007BF000007CA
(1790953609.402117) can0 2A6#FFFFF84700000253
(1790953609.402245) can0 2A7#00004EADFFFFF5D5
(1790953609.406498) can0 2A1#0100010000000000
(1790953609.406618) can0 2A2#0000D606000008AE
(1790953609.406742) can0 2A3#0002EB29FFFD5D68
(1790953609.406845) can0 2A4#000123DCFFFD6704
(1790953609.406967) can0 2A5#000007BF000007CA
(1790953609.407092) can0 2A6#FFFFF84700000253
(1790953609.407217) can0 2A7#00004EADFFFFF5D5
(1790953609.411550) can0 2A1#0100010000000000
(1790953609.411642) can0 2A2#0000D606000008AE
(1790953609.411767) can0 2A3#0002EB29FFFD5D68
(1790953609.411870) can0 2A4#000123DCFFFD6704
(1790953609.411991) can0 2A5#000007BF000007CA
(1790953609.412117) can0 2A6#FFFFF84700000253
(1790953609.412217) can0 2A7#00004EADFFFFF5D5
(1790953609.416554) can0 2A1#0100010000000000
(1790953609.416621) can0 2A2#0000D606000008AE
(1790953609.416743) can0 2A3#0002EB29FFFD5D68
(1790953609.416875) can0 2A4#000123DCFFFD6704
(1790953609.416966) can0 2A5#000007BF000007CA
(1790953609.417094) can0 2A6#FFFFF84700000253
(1790953609.417219) can0 2A7#00004EADFFFFF5D5
(1790953609.421547) can0 2A1#0100010000000000
(1790953609.421645) can0 2A2#0000D606000008AE
(1790953609.421769) can0 2A3#0002EB29FFFD5D68
(1790953609.421895) can0 2A4#000123DCFFFD6704
(1790953609.421993) can0 2A5#000007BF000007CA
(1790953609.422118) can0 2A6#FFFFF84700000253
(1790953609.422241) can0 2A7#00004EADFFFFF5D5
(1790953609.426544) can0 2A1#0100010000000000
(1790953609.426644) can0 2A2#0000D606000008AE
(1790953609.426743) can0 2A3#0002EB29FFFD5D68
(1790953609.426866) can0 2A4#000123DCFFFD6704
(1790953609.426993) can0 2A5#000007BF000007CA
(1790953609.427094) can0 2A6#FFFFF84700000253
(1790953609.427218) can0 2A7#00004EADFFFFF5D5
(1790953609.431555) can0 2A1#0100010000000000
(1790953609.431643) can0 2A2#0000D606000008AE
(1790953609.431744) can0 2A3#0002EB29FFFD5D68
(1790953609.431868) can0 2A4#000123DCFFFD6704
(1790953609.431991) can0 2A5#000007BF000007CA
(1790953609.432118) can0 2A6#FFFFF84700000253
(1790953609.432242) can0 2A7#00004EADFFFFF5D5
(1790953609.436567) can0 2A1#0100010000000000
(1790953609.436645) can0 2A2#0000D606000008AE
(1790953609.436744) can0 2A3#0002EB29FFFD5D68
(1790953609.436872) can0 2A4#000123DCFFFD6704
(1790953609.436995) can0 2A5#000007BF000007CA
(1790953609.437094) can0 2A6#FFFFF84700000253
(1790953609.437221) can0 2A7#00004EADFFFFF5D5
(1790953609.441571) can0 2A1#0100010000000000
(1790953609.441641) can0 2A2#0000D606000008AE
(1790953609.441742) can0 2A3#0002EB29FFFD5D68
(1790953609.441867) can0 2A4#000123DCFFFD6704
(1790953609.441993) can0 2A5#000007BF000007CA
(1790953609.442115) can0 2A6#FFFFF84700000253
(1790953609.442240) can0 2A7#00004EADFFFFF5D5
(1790953609.446516) can0 2A1#0100010000000000
(1790953609.446618) can0 2A2#0000D606000008AE
(1790953609.446742) can0 2A3#0002EB29FFFD5D68
(1790953609.446880) can0 2A4#000123DCFFFD6704
(1790953609.446990) can0 2A5#000007BF000007CA
(1790953609.447092) can0 2A6#FFFFF84700000253
(1790953609.447217) can0 2A7#00004EADFFFFF5D5
(1790953609.451603) can0 2A1#0100010000000000
(1790953609.451641) can0 2A2#0000D606000008AE
(1790953609.451741) can0 2A3#0002EB29FFFD5D68
(1790953609.451867) can0 2A4#000123DCFFFD6704
(1790953609.451992) can0 2A5#000007BF000007CA
(1790953609.452115) can0 2A6#FFFFF84700000253
(1790953609.452241) can0 2A7#00004EADFFFFF5D5
(1790953609.456499) can0 2A1#0100010000000000
(1790953609.456618) can0 2A2#0000D606000008AE
(1790953609.456743) can0 2A3#0002EB29FFFD5D68
(1790953609.456882) can0 2A4#000123DCFFFD6704
(1790953609.456993) can0 2A5#000007BF000007CA
(1790953609.457096) can0 2A6#FFFFF84700000253
(1790953609.457215) can0 2A7#00004EADFFFFF5D5
(1790953609.461552) can0 2A1#0100010000000000
(1790953609.461647) can0 2A2#0000D606000008AE
(1790953609.461769) can0 2A3#0002EB29FFFD5D68
(1790953609.461867) can0 2A4#000123DCFFFD6704
(1790953609.461993) can0 2A5#000007BF000007CA
(1790953609.462115) can0 2A6#FFFFF84700000253
(1790953609.462242) can0 2A7#00004EADFFFFF5D5
(1790953609.466557) can0 2A1#0100010000000000
(1790953609.466618) can0 2A2#0000D606000008AE
(1790953609.466743) can0 2A3#0002EB29FFFD5D68
(1790953609.466875) can0 2A4#000123DCFFFD6704
(1790953609.466999) can0 2A5#000007BF000007CA
(1790953609.467108) can0 2A6#FFFFF84700000253
(1790953609.467221) can0 2A7#00004EADFFFFF5D5
(1790953609.471556) can0 2A1#0100010000000000
(1790953609.471645) can0 2A2#0000D606000008AE
(1790953609.471745) can0 2A3#0002EB29FFFD5D68
(1790953609.471881) can0 2A4#000123DCFFFD6704
(1790953609.471991) can0 2A5#000007BF000007CA
(1790953609.472116) can0 2A6#FFFFF84700000253
(1790953609.472219) can0 2A7#00004EADFFFFF5D5
(1790953609.476498) can0 2A1#0100010000000000
(1790953609.476617) can0 2A2#0000D606000008AE
(1790953609.476743) can0 2A3#0002EB29FFFD5D68
(1790953609.476871) can0 2A4#000123DCFFFD6704
(1790953609.476991) can0 2A5#000007BF000007CA
(1790953609.477117) can0 2A6#FFFFF84700000253
(1790953609.477218) can0 2A7#00004EADFFFFF5D5
(1790953609.481552) can0 2A1#0100010000000000
(1790953609.481643) can0 2A2#0000D606000008AE
(1790953609.481742) can0 2A3#0002EB29FFFD5D68
(1790953609.481884) can0 2A4#000123DCFFFD6704
(1790953609.481993) can0 2A5#000007BF000007CA
(1790953609.482118) can0 2A6#FFFFF84700000253
(1790953609.482243) can0 2A7#00004EADFFFFF5D5
(1790953609.486557) can0 2A1#0100010000000000
(1790953609.486641) can0 2A2#0000D606000008AE
(1790953609.486760) can0 2A3#0002EB29FFFD5D68
(1790953609.486869) can0 2A4#000123DCFFFD6704
(1790953609.486991) can0 2A5#000007BF000007CA
(1790953609.487091) can0 2A6#FFFFF84700000253
(1790953609.487214) can0 2A7#00004EADFFFFF5D5
(1790953609.491560) can0 2A1#0100010000000000
(1790953609.491639) can0 2A2#0000D606000008AE
(1790953609.491740) can0 2A3#0002EB29FFFD5D68
(1790953609.491866) can0 2A4#000123DCFFFD6704
(1790953609.491991) can0 2A5#000007BF000007CA
(1790953609.492114) can0 2A6#FFFFF84700000253
(1790953609.492240) can0 2A7#00004EADFFFFF5D5
(1790953609.496508) can0 2A1#0100010000000000
(1790953609.496643) can0 2A2#0000D606000008AE
(1790953609.496743) can0 2A3#0002EB29FFFD5D68
(1790953609.496868) can0 2A4#000123DCFFFD6704
(1790953609.496967) can0 2A5#000007BF000007CA
(1790953609.497096) can0 2A6#FFFFF84700000253
(1790953609.497219) can0 2A7#00004EADFFFFF5D5
(1790953609.501571) can0 2A1#0100010000000000
(1790953609.501642) can0 2A2#0000D606000008AE
(1790953609.501769) can0 2A3#0002EB29FFFD5D68
(1790953609.501867) can0 2A4#000123DCFFFD6704
(1790953609.501994) can0 2A5#000007BF000007CA
(1790953609.502119) can0 2A6#FFFFF84700000253
(1790953609.502243) can0 2A7#00004EADFFFFF5D5
(1790953609.506493) can0 2A1#0100010000000000
(1790953609.506639) can0 2A2#0000D606000008AE
(1790953609.506741) can0 2A3#0002EB29FFFD5D68
(1790953609.506865) can0 2A4#000123DCFFFD6704
(1790953609.506990) can0 2A5#000007BF000007CA
(1790953609.507089) can0 2A6#FFFFF84700000253
(1790953609.507215) can0 2A7#00004EADFFFFF5D5
(1790953609.511555) can0 2A1#0100010000000000
(1790953609.511642) can0 2A2#0000D606000008AE
(1790953609.511769) can0 2A3#0002EB29FFFD5D68
(1790953609.511878) can0 2A4#000123DCFFFD6704
(1790953609.511993) can0 2A5#000007BF000007CA
(1790953609.512119) can0 2A6#FFFFF84700000253
(1790953609.512219) can0 2A7#00004EADFFFFF5D5
(1790953609.516517) can0 2A1#0100010000000000
(1790953609.516623) can0 2A2#0000D606000008AE
(1790953609.516747) can0 2A3#0002EB29FFFD5D68
(1790953609.516893) can0 2A4#000123DCFFFD6704
(1790953609.517002) can0 2A5#000007BF000007CA
(1790953609.517118) can0 2A6#FFFFF84700000253
(1790953609.517217) can0 2A7#00004EADFFFFF5D5
(1790953609.521577) can0 2A1#0100010000000000
(1790953609.521640) can0 2A2#0000D606000008AE
(1790953609.521742) can0 2A3#0002EB29FFFD5D68
(1790953609.521865) can0 2A4#000123DCFFFD6704
(1790953609.521990) can0 2A5#000007BF000007CA
(1790953609.522115) can0 2A6#FFFFF84700000253
(1790953609.522240) can0 2A7#00004EADFFFFF5D5
(1790953609.526547) can0 2A1#0100010000000000
(1790953609.526613) can0 2A2#0000D606000008AE
(1790953609.526739) can0 2A3#0002EB29FFFD5D68
(1790953609.526840) can0 2A4#000123DCFFFD6704
(1790953609.526991) can0 2A5#000007BF000007CA
(1790953609.527090) can0 2A6#FFFFF84700000253
(1790953609.527215) can0 2A7#00004EADFFFFF5D5
(1790953609.531587) can0 2A1#0100010000000000
(1790953609.531645) can0 2A2#0000D606000008AE
(1790953609.531747) can0 2A3#0002EB29FFFD5D68
(1790953609.531870) can0 2A4#000123DCFFFD6704
(1790953609.531997) can0 2A5#000007BF000007CA
(1790953609.532140) can0 2A6#FFFFF84700000253
(1790953609.532244) can0 2A7#00004EADFFFFF5D5
(1790953609.536579) can0 2A1#0100010000000000
(1790953609.536642) can0 2A2#0000D606000008AE
(1790953609.536746) can0 2A3#0002EB29FFFD5D68
(1790953609.536874) can0 2A4#000123DCFFFD6704
(1790953609.536992) can0 2A5#000007BF000007CA
(1790953609.537094) can0 2A6#FFFFF84700000253
(1790953609.537218) can0 2A7#00004EADFFFFF5D5
(1790953609.541577) can0 2A1#0100010000000000
(1790953609.541640) can0 2A2#0000D606000008AE
(1790953609.541767) can0 2A3#0002EB29FFFD5D68
(1790953609.541868) can0 2A4#000123DCFFFD6704
(1790953609.541992) can0 2A5#000007BF000007CA
(1790953609.542117) can0 2A6#FFFFF84700000253
(1790953609.542242) can0 2A7#00004EADFFFFF5D5
(1790953609.546519) can0 2A1#0100010000000000
(1790953609.546646) can0 2A2#0000D606000008AE
(1790953609.546743) can0 2A3#0002EB29FFFD5D68
(1790953609.546875) can0 2A4#000123DCFFFD6704
(1790953609.546991) can0 2A5#000007BF000007CA
(1790953609.547094) can0 2A6#FFFFF84700000253
(1790953609.547217) can0 2A7#00004EADFFFFF5D5
(1790953609.551558) can0 2A1#0100010000000000
(1790953609.551643) can0 2A2#0000D606000008AE
(1790953609.551767) can0 2A3#0002EB29FFFD5D68
(1790953609.551872) can0 2A4#000123DCFFFD6704
(1790953609.551993) can0 2A5#000007BF000007CA
(1790953609.552119) can0 2A6#FFFFF84700000253
(1790953609.552244) can0 2A7#00004EADFFFFF5D5
(1790953609.556570) can0 2A1#0100010000000000
(1790953609.556616) can0 2A2#0000D606000008AE
(1790953609.556744) can0 2A3#0002EB29FFFD5D68
(1790953609.556876) can0 2A4#000123DCFFFD6704
(1790953609.556967) can0 2A5#000007BF000007CA
(1790953609.557094) can0 2A6#FFFFF84700000253
(1790953609.557219) can0 2A7#00004EADFFFFF5D5
(1790953609.561551) can0 2A1#0100010000000000
(1790953609.561642) can0 2A2#0000D606000008AE
(1790953609.561743) can0 2A3#0002EB29FFFD5D68
(1790953609.561896) can0 2A4#000123DCFFFD6704
(1790953609.561992) can0 2A5#000007BF000007CA
(1790953609.562119) can0 2A6#FFFFF84700000253
(1790953609.562242) can0 2A7#00004EADFFFFF5D5
(1790953609.566519) can0 2A1#0100010000000000
(1790953609.566618) can0 2A2#0000D606000008AE
(1790953609.566744) can0 2A3#0002EB29FFFD5D68
(1790953609.566967) can0 2A4#000123DCFFFD6704
(1790953609.566989) can0 2A5#000007BF000007CA
(1790953609.567116) can0 2A6#FFFFF84700000253
(1790953609.567217) can0 2A7#00004EADFFFFF5D5
(1790953609.571547) can0 2A1#0100010000000000
(1790953609.571619) can0 2A2#0000D606000008AE
(1790953609.571766) can0 2A3#0002EB29FFFD5D68
(1790953609.571891) can0 2A4#000123DCFFFD6704
(1790953609.571991) can0 2A5#000007BF000007CA
(1790953609.572116) can0 2A6#FFFFF84700000253
(1790953609.572241) can0 2A7#00004EADFFFFF5D5
(1790953609.576548) can0 2A1#0100010000000000
(1790953609.576641) can0 2A2#0000D606000008AE
(1790953609.576743) can0 2A3#0002EB29FFFD5D68
(1790953609.576868) can0 2A4#000123DCFFFD6704
(1790953609.576992) can0 2A5#000007BF000007CA
(1790953609.577093) can0 2A6#FFFFF84700000253
(1790953609.577216) can0 2A7#00004EADFFFFF5D5
(1790953609.581550) can0 2A1#0100010000000000
(1790953609.581640) can0 2A2#0000D606000008AE
(1790953609.581767) can0 2A3#0002EB29FFFD5D68
(1790953609.581867) can0 2A4#000123DCFFFD6704
(1790953609.581993) can0 2A5#000007BF000007CA
(1790953609.582118) can0 2A6#FFFFF84700000253
(1790953609.582242) can0 2A7#00004EADFFFFF5D5
(1790953609.586547) can0 2A1#0100010000000000
(1790953609.586621) can0 2A2#0000D606000008AE
(1790953609.586742) can0 2A3#0002EB29FFFD5D68
(1790953609.586868) can0 2A4#000123DCFFFD6704
(1790953609.586993) can0 2A5#000007BF000007CA
(1790953609.587117) can0 2A6#FFFFF84700000253
(1790953609.587217) can0 2A7#00004EADFFFFF5D5
(1790953609.591551) can0 2A1#0100010000000000
(1790953609.591642) can0 2A2#0000D606000008AE
(1790953609.591742) can0 2A3#0002EB29FFFD5D68
(1790953609.591887) can0 2A4#000123DCFFFD6704
(1790953609.591991) can0 2A5#000007BF000007CA
(1790953609.592117) can0 2A6#FFFFF84700000253
(1790953609.592242) can0 2A7#00004EADFFFFF5D5
(1790953609.596510) can0 2A1#0100010000000000
(1790953609.596643) can0 2A2#0000D606000008AE
(1790953609.596743) can0 2A3#0002EB29FFFD5D68
(1790953609.596867) can0 2A4#000123DCFFFD6704
(1790953609.596992) can0 2A5#000007BF000007CA
(1790953609.597092) can0 2A6#FFFFF84700000253
(1790953609.597218) can0 2A7#00004EADFFFFF5D5
(1790953609.601550) can0 2A1#0100010000000000
(1790953609.601641) can0 2A2#0000D606000008AE
(1790953609.601769) can0 2A3#0002EB29FFFD5D68
(1790953609.601867) can0 2A4#000123DCFFFD6704
(1790953609.601992) can0 2A5#000007BF000007CA
(1790953609.602117) can0 2A6#FFFFF84700000253
(1790953609.602218) can0 2A7#00004EADFFFFF5D5
(1790953609.606549) can0 2A1#0100010000000000
(1790953609.606622) can0 2A2#0000D606000008AE
(1790953609.606742) can0 2A3#0002EB29FFFD5D68
(1790953609.606904) can0 2A4#000123DCFFFD6704
(1790953609.606991) can0 2A5#000007BF000007CA
(1790953609.607118) can0 2A6#FFFFF84700000253
(1790953609.607218) can0 2A7#00004EADFFFFF5D5
(1790953609.611547) can0 2A1#0100010000000000
(1790953609.611641) can0 2A2#0000D606000008AE
(1790953609.611742) can0 2A3#0002EB29FFFD5D68
(1790953609.611868) can0 2A4#000123DCFFFD6704
(1790953609.611993) can0 2A5#000007BF000007CA
(1790953609.612118) can0 2A6#FFFFF84700000253
(1790953609.612243) can0 2A7#00004EADFFFFF5D5
(1790953609.616500) can0 2A1#0100010000000000
(1790953609.616643) can0 2A2#0000D606000008AE
(1790953609.616743) can0 2A3#0002EB29FFFD5D68
(1790953609.616866) can0 2A4#000123DCFFFD6704
(1790953609.616993) can0 2A5#000007BF000007CA
(1790953609.617091) can0 2A6#FFFFF84700000253
(1790953609.617218) can0 2A7#00004EADFFFFF5D5
(1790953609.621547) can0 2A1#0100010000000000
(1790953609.621642) can0 2A2#0000D606000008AE
(1790953609.621742) can0 2A3#0002EB29FFFD5D68
(1790953609.621893) can0 2A4#000123DCFFFD6704
(1790953609.621991) can0 2A5#000007BF000007CA
(1790953609.622118) can0 2A6#FFFFF84700000253
(1790953609.622243) can0 2A7#00004EADFFFFF5D5
(1790953609.626548) can0 2A1#0100010000000000
(1790953609.626622) can0 2A2#0000D606000008AE
(1790953609.626743) can0 2A3#0002EB29FFFD5D68
(1790953609.626888) can0 2A4#000123DCFFFD6704
(1790953609.626992) can0 2A5#000007BF000007CA
(1790953609.627117) can0 2A6#FFFFF84700000253
(1790953609.627217) can0 2A7#00004EADFFFFF5D5
(1790953609.631583) can0 2A1#0100010000000000
(1790953609.631641) can0 2A2#0000D606000008AE
(1790953609.631743) can0 2A3#0002EB29FFFD5D68
(1790953609.631868) can0 2A4#000123DCFFFD6704
(1790953609.631993) can0 2A5#000007BF000007CA
(1790953609.632117) can0 2A6#FFFFF84700000253
(1790953609.632243) can0 2A7#00004EADFFFFF5D5
(1790953609.636546) can0 2A1#0100010000000000
(1790953609.636620) can0 2A2#0000D606000008AE
(1790953609.636742) can0 2A3#0002EB29FFFD5D68
(1790953609.636867) can0 2A4#000123DCFFFD6704
(1790953609.636991) can0 2A5#000007BF000007CA
(1790953609.637117) can0 2A6#FFFFF84700000253
(1790953609.637217) can0 2A7#00004EADFFFFF5D5
(1790953609.641548) can0 2A1#0100010000000000
(1790953609.641643) can0 2A2#0000D606000008AE
(1790953609.641742) can0 2A3#0002EB29FFFD5D68
(1790953609.641868) can0 2A4#000123DCFFFD6704
(1790953609.641992) can0 2A5#000007BF000007CA
(1790953609.642117) can0 2A6#FFFFF84700000253
(1790953609.642243) can0 2A7#00004EADFFFFF5D5
(1790953609.646511) can0 2A1#0100010000000000
(1790953609.646643) can0 2A2#0000D606000008AE
(1790953609.646742) can0 2A3#0002EB29FFFD5D68
(1790953609.646867) can0 2A4#000123DCFFFD6704
(1790953609.646992) can0 2A5#000007BF000007CA
(1790953609.647139) can0 2A6#FFFFF84700000253
(1790953609.647218) can0 2A7#00004EADFFFFF5D5
(1790953609.651548) can0 2A1#0100010000000000
(1790953609.651643) can0 2A2#0000D606000008AE
(1790953609.651742) can0 2A3#0002EB29FFFD5D68
(1790953609.651894) can0 2A4#000123DCFFFD6704
(1790953609.651993) can0 2A5#000007BF000007CA
(1790953609.652118) can0 2A6#FFFFF84700000253
(1790953609.652243) can0 2A7#00004EADFFFFF5D5
(1790953609.656546) can0 2A1#0100010000000000
(1790953609.656619) can0 2A2#0000D606000008AE
(1790953609.656743) can0 2A3#0002EB29FFFD5D68
(1790953609.656866) can0 2A4#000123DCFFFD6704
(1790953609.656993) can0 2A5#000007BF000007CA
(1790953609.657116) can0 2A6#FFFFF84700000253
(1790953609.657217) can0 2A7#00004EADFFFFF5D5
(1790953609.661550) can0 2A1#0100010000000000
(1790953609.661642) can0 2A2#0000D606000008AE
(1790953609.661743) can0 2A3#0002EB29FFFD5D68
(1790953609.661876) can0 2A4#000123DCFFFD6704
(1790953609.661993) can0 2A5#000007BF000007CA
(1790953609.662117) can0 2A6#FFFFF84700000253
(1790953609.662246) can0 2A7#00004EADFFFFF5D5
(1790953609.666499) can0 2A1#0100010000000000
(1790953609.666618) can0 2A2#0000D606000008AE
(1790953609.666741) can0 2A3#0002EB29FFFD5D68
(1790953609.666866) can0 2A4#000123DCFFFD6704
(1790953609.666991) can0 2A5#000007BF000007CA
(1790953609.667116) can0 2A6#FFFFF84700000253
(1790953609.667216) can0 2A7#00004EADFFFFF5D5
(1790953609.671555) can0 2A1#0100010000000000
(1790953609.671647) can0 2A2#0000D606000008AE
(1790953609.671770) can0 2A3#0002EB29FFFD5D68
(1790953609.671891) can0 2A4#000123DCFFFD6704
(1790953609.672016) can0 2A5#000007BF000007CA
(1790953609.672116) can0 2A6#FFFFF84700000253
(1790953609.672247) can0 2A7#00004EADFFFFF5D5
(1790953609.676499) can0 2A1#0100010000000000
(1790953609.676641) can0 2A2#0000D606000008AE
(1790953609.676741) can0 2A3#0002EB29FFFD5D68
(1790953609.676868) can0 2A4#000123DCFFFD6704
(1790953609.676966) can0 2A5#000007BF000007CA
(1790953609.677091) can0 2A6#FFFFF84700000253
(1790953609.677216) can0 2A7#00004EADFFFFF5D5
(1790953609.681555) can0 2A1#0100010000000000
(1790953609.681643) can0 2A2#0000D606000008AE
(1790953609.681741) can0 2A3#0002EB29FFFD5D68
(1790953609.681866) can0 2A4#000123DCFFFD6704
(1790953609.681992) can0 2A5#000007BF000007CA
(1790953609.682116) can0 2A6#FFFFF84700000253
(1790953609.682242) can0 2A7#00004EADFFFFF5D5
(1790953609.686555) can0 2A1#0100010000000000
(1790953609.686616) can0 2A2#0000D606000008AE
(1790953609.686742) can0 2A3#0002EB29FFFD5D68
(1790953609.686884) can0 2A4#000123DCFFFD6704
(1790953609.686992) can0 2A5#000007BF000007CA
(1790953609.687116) can0 2A6#FFFFF84700000253
(1790953609.687217) can0 2A7#00004EADFFFFF5D5
(1790953609.691547) can0 2A1#0100010000000000
(1790953609.691649) can0 2A2#0000D606000008AE
(1790953609.691766) can0 2A3#0002EB29FFFD5D68
(1790953609.691866) can0 2A4#000123DCFFFD6704
(1790953609.691991) can0 2A5#000007BF000007CA
(1790953609.692116) can0 2A6#FFFFF84700000253
(1790953609.692241) can0 2A7#00004EADFFFFF5D5
(1790953609.696510) can0 2A1#0100010000000000
(1790953609.696641) can0 2A2#0000D606000008AE
(1790953609.696741) can0 2A3#0002EB29FFFD5D68
(1790953609.696865) can0 2A4#000123DCFFFD6704
(1790953609.696991) can0 2A5#000007BF000007CA
(1790953609.697137) can0 2A6#FFFFF84700000253
(1790953609.697220) can0 2A7#00004EADFFFFF5D5
(1790953609.701554) can0 2A1#0100010000000000
(1790953609.701646) can0 2A2#0000D606000008AE
(1790953609.701744) can0 2A3#0002EB29FFFD5D68
(1790953609.701871) can0 2A4#000123DCFFFD6704
(1790953609.701994) can0 2A5#000007BF000007CA
(1790953609.702116) can0 2A6#FFFFF84700000253
(1790953609.702244) can0 2A7#00004EADFFFFF5D5
(1790953609.706547) can0 2A1#0100010000000000
(1790953609.706619) can0 2A2#0000D606000008AE
(1790953609.706743) can0 2A3#0002EB29FFFD5D68
(1790953609.706866) can0 2A4#000123DCFFFD6704
(1790953609.707006) can0 2A5#000007BF000007CA
(1790953609.707119) can0 2A6#FFFFF84700000253
(1790953609.707218) can0 2A7#00004EADFFFFF5D5
(1790953609.711548) can0 2A1#0100010000000000
(1790953609.711643) can0 2A2#0000D606000008AE
(1790953609.711743) can0 2A3#0002EB29FFFD5D68
(1790953609.711876) can0 2A4#000123DCFFFD6704
(1790953609.711993) can0 2A5#000007BF000007CA
(1790953609.712118) can0 2A6#FFFFF84700000253
(1790953609.712246) can0 2A7#00004EADFFFFF5D5
(1790953609.716498) can0 2A1#0100010000000000
(1790953609.716641) can0 2A2#0000D606000008AE
(1790953609.716743) can0 2A3#0002EB29FFFD5D68
(1790953609.716869) can0 2A4#000123DCFFFD6704
(1790953609.716993) can0 2A5#000007BF000007CA
(1790953609.717093) can0 2A6#FFFFF84700000253
(1790953609.717218) can0 2A7#00004EADFFFFF5D5
(1790953609.721558) can0 2A1#0100010000000000
(1790953609.721649) can0 2A2#0000D606000008AE
(1790953609.721744) can0 2A3#0002EB29FFFD5D68
(1790953609.721870) can0 2A4#000123DCFFFD6704
(1790953609.721993) can0 2A5#000007BF000007CA
(1790953609.722119) can0 2A6#FFFFF84700000253
(1790953609.722243) can0 2A7#00004EADFFFFF5D5
(1790953609.726547) can0 2A1#0100010000000000
(1790953609.726623) can0 2A2#0000D606000008AE
(1790953609.726744) can0 2A3#0002EB29FFFD5D68
(1790953609.726869) can0 2A4#000123DCFFFD6704
(1790953609.726994) can0 2A5#000007BF000007CA
(1790953609.727119) can0 2A6#FFFFF84700000253
(1790953609.727217) can0 2A7#00004EADFFFFF5D5
(1790953609.731553) can0 2A1#0100010000000000
(1790953609.731643) can0 2A2#0000D606000008AE
(1790953609.731744) can0 2A3#0002EB29FFFD5D68
(1790953609.731893) can0 2A4#000123DCFFFD6704
(1790953609.731991) can0 2A5#000007BF000007CA
(1790953609.732118) can0 2A6#FFFFF84700000253
(1790953609.732243) can0 2A7#00004EADFFFFF5D5
(1790953609.736545) can0 2A1#0100010000000000
(1790953609.736625) can0 2A2#0000D606000008AE
(1790953609.736744) can0 2A3#0002EB29FFFD5D68
(1790953609.736885) can0 2A4#000123DCFFFD6704
(1790953609.736967) can0 2A5#000007BF000007CA
(1790953609.737093) can0 2A6#FFFFF84700000253
(1790953609.737216) can0 2A7#00004EADFFFFF5D5
(1790953609.741549) can0 2A1#0100010000000000
(1790953609.741643) can0 2A2#0000D606000008AE
(1790953609.741744) can0 2A3#0002EB29FFFD5D68
(1790953609.741868) can0 2A4#000123DCFFFD6704
(1790953609.741993) can0 2A5#000007BF000007CA
(1790953609.742119) can0 2A6#FFFFF84700000253
(1790953609.742242) can0 2A7#00004EADFFFFF5D5
(1790953609.746559) can0 2A1#0100010000000000
(1790953609.746649) can0 2A2#0000D606000008AE
(1790953609.746743) can0 2A3#0002EB29FFFD5D68
(1790953609.746870) can0 2A4#000123DCFFFD6704
(1790953609.746993) can0 2A5#000007BF000007CA
(1790953609.747092) can0 2A6#FFFFF84700000253
(1790953609.747219) can0 2A7#00004EADFFFFF5D5
(1790953609.751549) can0 2A1#0100010000000000
(1790953609.751647) can0 2A2#0000D606000008AE
(1790953609.751743) can0 2A3#0002EB29FFFD5D68
(1790953609.751894) can0 2A4#000123DCFFFD6704
(1790953609.751992) can0 2A5#000007BF000007CA
(1790953609.752118) can0 2A6#FFFFF84700000253
(1790953609.752243) can0 2A7#00004EADFFFFF5D5
(1790953609.756497) can0 2A1#0100010000000000
(1790953609.756620) can0 2A2#0000D606000008AE
(1790953609.756741) can0 2A3#0002EB29FFFD5D68
(1790953609.756866) can0 2A4#000123DCFFFD6704
(1790953609.756993) can0 2A5#000007BF000007CA
(1790953609.757118) can0 2A6#FFFFF84700000253
(1790953609.757216) can0 2A7#00004EADFFFFF5D5
(1790953609.761542) can0 2A1#0100010000000000
(1790953609.761643) can0 2A2#0000D606000008AE
(1790953609.761743) can0 2A3#0002EB29FFFD5D68
(1790953609.761886) can0 2A4#000123DCFFFD6704
(1790953609.761996) can0 2A5#000007BF000007CA
(1790953609.762119) can0 2A6#FFFFF84700000253
(1790953609.762243) can0 2A7#00004EADFFFFF5D5
(1790953609.766498) can0 2A1#0100010000000000
(1790953609.766641) can0 2A2#0000D606000008AE
(1790953609.766742) can0 2A3#0002EB29FFFD5D68
(1790953609.766866) can0 2A4#000123DCFFFD6704
(1790953609.766992) can0 2A5#000007BF000007CA
(1790953609.767092) can0 2A6#FFFFF84700000253
(1790953609.767216) can0 2A7#00004EADFFFFF5D5
(1790953609.771548) can0 2A1#0100010000000000
(1790953609.771647) can0 2A2#0000D606000008AE
(1790953609.771767) can0 2A3#0002EB29FFFD5D68
(1790953609.771874) can0 2A4#000123DCFFFD6704
(1790953609.771991) can0 2A5#000007BF000007CA
(1790953609.772117) can0 2A6#FFFFF84700000253
(1790953609.772242) can0 2A7#00004EADFFFFF5D5
(1790953609.776499) can0 2A1#0100010000000000
(1790953609.776641) can0 2A2#0000D606000008AE
(1790953609.776741) can0 2A3#0002EB29FFFD5D68
(1790953609.776867) can0 2A4#000123DCFFFD6704
(1790953609.776991) can0 2A5#000007BF000007CA
(1790953609.777091) can0 2A6#FFFFF84700000253
(1790953609.777215) can0 2A7#00004EADFFFFF5D5
(1790953609.781558) can0 2A1#0100010000000000
(1790953609.781650) can0 2A2#0000D606000008AE
(1790953609.781741) can0 2A3#0002EB29FFFD5D68
(1790953609.781866) can0 2A4#000123DCFFFD6704
(1790953609.781991) can0 2A5#000007BF000007CA
(1790953609.782116) can0 2A6#FFFFF84700000253
(1790953609.782241) can0 2A7#00004EADFFFFF5D5
(1790953609.786546) can0 2A1#0100010000000000
(1790953609.786623) can0 2A2#0000D606000008AE
(1790953609.786741) can0 2A3#0002EB29FFFD5D68
(1790953609.786872) can0 2A4#000123DCFFFD6704
(1790953609.786967) can0 2A5#000007BF000007CA
(1790953609.787091) can0 2A6#FFFFF84700000253
(1790953609.787241) can0 2A7#00004EADFFFFF5D5
(1790953609.791547) can0 2A1#0100010000000000
(1790953609.791646) can0 2A2#0000D606000008AE
(1790953609.791741) can0 2A3#0002EB29FFFD5D68
(1790953609.791867) can0 2A4#000123DCFFFD6704
(1790953609.791991) can0 2A5#000007BF000007CA
(1790953609.792116) can0 2A6#FFFFF84700000253
(1790953609.792241) can0 2A7#00004EADFFFFF5D5
(1790953609.796503) can0 2A1#0100010000000000
(1790953609.796642) can0 2A2#0000D606000008AE
(1790953609.796741) can0 2A3#0002EB29FFFD5D68
(1790953609.796874) can0 2A4#000123DCFFFD6704
(1790953609.796992) can0 2A5#000007BF000007CA
(1790953609.797091) can0 2A6#FFFFF84700000253
(1790953609.797216) can0 2A7#00004EADFFFFF5D5
(1790953609.801548) can0 2A1#0100010000000000
(1790953609.801643) can0 2A2#0000D606000008AE
(1790953609.801768) can0 2A3#0002EB29FFFD5D68
(1790953609.801891) can0 2A4#000123DCFFFD6704
(1790953609.801991) can0 2A5#000007BF000007CA
(1790953609.802117) can0 2A6#FFFFF84700000253
(1790953609.802241) can0 2A7#00004EADFFFFF5D5
(1790953609.806546) can0 2A1#0100010000000000
(1790953609.806623) can0 2A2#0000D606000008AE
(1790953609.806741) can0 2A3#0002EB29FFFD5D68
(1790953609.806868) can0 2A4#000123DCFFFD6704
(1790953609.806991) can0 2A5#000007BF000007CA
(1790953609.807116) can0 2A6#FFFFF84700000253
(1790953609.807241) can0 2A7#00004EADFFFFF5D5
(1790953609.811552) can0 2A1#0100010000000000
(1790953609.811643) can0 2A2#0000D606000008AE
(1790953609.811768) can0 2A3#0002EB29FFFD5D68
(1790953609.811885) can0 2A4#000123DCFFFD6704
(1790953609.811992) can0 2A5#000007BF000007CA
(1790953609.812116) can0 2A6#FFFFF84700000253
(1790953609.812243) can0 2A7#00004EADFFFFF5D5
(1790953609.816546) can0 2A1#0100010000000000
(1790953609.816621) can0 2A2#0000D606000008AE
(1790953609.816742) can0 2A3#0002EB29FFFD5D68
(1790953609.816866) can0 2A4#000123DCFFFD6704
(1790953609.816993) can0 2A5#000007BF000007CA
(1790953609.817117) can0 2A6#FFFFF84700000253
(1790953609.817216) can0 2A7#00004EADFFFFF5D5
(1790953609.821546) can0 2A1#0100010000000000
(1790953609.821645) can0 2A2#0000D606000008AE
(1790953609.821743) can0 2A3#0002EB29FFFD5D68
(1790953609.821867) can0 2A4#000123DCFFFD6704
(1790953609.821991) can0 2A5#000007BF000007CA
(1790953609.822116) can0 2A6#FFFFF84700000253
(1790953609.822243) can0 2A7#00004EADFFFFF5D5
(1790953609.826498) can0 2A1#0100010000000000
(1790953609.826616) can0 2A2#0000D606000008AE
(1790953609.826744) can0 2A3#0002EB29FFFD5D68
(1790953609.826868) can0 2A4#000123DCFFFD6704
(1790953609.826991) can0 2A5#000007BF000007CA
(1790953609.827115) can0 2A6#FFFFF84700000253
(1790953609.827216) can0 2A7#00004EADFFFFF5D5
(1790953609.831555) can0 2A1#0100010000000000
(1790953609.831621) can0 2A2#0000D606000008AE
(1790953609.831768) can0 2A3#0002EB29FFFD5D68
(1790953609.831892) can0 2A4#000123DCFFFD6704
(1790953609.831991) can0 2A5#000007BF000007CA
(1790953609.832117) can0 2A6#FFFFF84700000253
(1790953609.832243) can0 2A7#00004EADFFFFF5D5
(1790953609.836547) can0 2A1#0100010000000000
(1790953609.836641) can0 2A2#0000D606000008AE
(1790953609.836743) can0 2A3#0002EB29FFFD5D68
(1790953609.836868) can0 2A4#000123DCFFFD6704
(1790953609.836992) can0 2A5#000007BF000007CA
(1790953609.837093) can0 2A6#FFFFF84700000253
(1790953609.837216) can0 2A7#00004EADFFFFF5D5
(1790953609.841548) can0 2A1#0100010000000000
(1790953609.841642) can0 2A2#0000D606000008AE
(1790953609.841767) can0 2A3#0002EB29FFFD5D68
(1790953609.841866) can0 2A4#000123DCFFFD6704
(1790953609.841991) can0 2A5#000007BF000007CA
(1790953609.842117) can0 2A6#FFFFF84700000253
(1790953609.842243) can0 2A7#00004EADFFFFF5D5
(1790953609.846558) can0 2A1#0100010000000000
(1790953609.846621) can0 2A2#0000D606000008AE
(1790953609.846742) can0 2A3#0002EB29FFFD5D68
(1790953609.846877) can0 2A4#000123DCFFFD6704
(1790953609.846969) can0 2A5#000007BF000007CA
(1790953609.847129) can0 2A6#FFFFF84700000253
(1790953609.847216) can0 2A7#00004EADFFFFF5D5
(1790953609.851568) can0 2A1#0100010000000000
(1790953609.851642) can0 2A2#0000D606000008AE
(1790953609.851744) can0 2A3#0002EB29FFFD5D68
(1790953609.851869) can0 2A4#000123DCFFFD6704
(1790953609.851991) can0 2A5#000007BF000007CA
(1790953609.852116) can0 2A6#FFFFF84700000253
(1790953609.852241) can0 2A7#00004EADFFFFF5D5
(1790953609.856548) can0 2A1#0100010000000000
(1790953609.856623) can0 2A2#0000D606000008AE
(1790953609.856741) can0 2A3#0002EB29FFFD5D68
(1790953609.856869) can0 2A4#000123DCFFFD6704
(1790953609.856991) can0 2A5#000007BF000007CA
(1790953609.857117) can0 2A6#FFFFF84700000253
(1790953609.857216) can0 2A7#00004EADFFFFF5D5
(1790953609.861545) can0 2A1#0100010000000000
(1790953609.861642) can0 2A2#0000D606000008AE
(1790953609.861744) can0 2A3#0002EB29FFFD5D68
(1790953609.861869) can0 2A4#000123DCFFFD6704
(1790953609.861994) can0 2A5#000007BF000007CA
(1790953609.862119) can0 2A6#FFFFF84700000253
(1790953609.862242) can0 2A7#00004EADFFFFF5D5
(1790953609.866501) can0 2A1#0100010000000000
(1790953609.866641) can0 2A2#0000D606000008AE
(1790953609.866741) can0 2A3#0002EB29FFFD5D68
(1790953609.866866) can0 2A4#000123DCFFFD6704
(1790953609.866992) can0 2A5#000007BF000007CA
(1790953609.867097) can0 2A6#FFFFF84700000253
(1790953609.867216) can0 2A7#00004EADFFFFF5D5
(1790953609.871549) can0 2A1#0100010000000000
(1790953609.871648) can0 2A2#0000D606000008AE
(1790953609.871768) can0 2A3#0002EB29FFFD5D68
(1790953609.871894) can0 2A4#000123DCFFFD6704
(1790953609.871991) can0 2A5#000007BF000007CA
(1790953609.872116) can0 2A6#FFFFF84700000253
(1790953609.872247) can0 2A7#00004EADFFFFF5D5
(1790953609.876557) can0 2A1#0100010000000000
(1790953609.876642) can0 2A2#0000D606000008AE
(1790953609.876743) can0 2A3#0002EB29FFFD5D68
(1790953609.876869) can0 2A4#000123DCFFFD6704
(1790953609.876991) can0 2A5#000007BF000007CA
(1790953609.877118) can0 2A6#FFFFF84700000253
(1790953609.877218) can0 2A7#00004EADFFFFF5D5
(1790953609.881567) can0 2A1#0100010000000000
(1790953609.881642) can0 2A2#0000D606000008AE
(1790953609.881743) can0 2A3#0002EB29FFFD5D68
(1790953609.881866) can0 2A4#000123DCFFFD6704
(1790953609.881993) can0 2A5#000007BF000007CA
(1790953609.882118) can0 2A6#FFFFF84700000253
(1790953609.882243) can0 2A7#00004EADFFFFF5D5
(1790953609.886548) can0 2A1#0100010000000000
(1790953609.886642) can0 2A2#0000D606000008AE
(1790953609.886742) can0 2A3#0002EB29FFFD5D68
(1790953609.886868) can0 2A4#000123DCFFFD6704
(1790953609.886992) can0 2A5#000007BF000007CA
(1790953609.887118) can0 2A6#FFFFF84700000253
(1790953609.887217) can0 2A7#00004EADFFFFF5D5
(1790953609.891550) can0 2A1#0100010000000000
(1790953609.891642) can0 2A2#0000D606000008AE
(1790953609.891768) can0 2A3#0002EB29FFFD5D68
(1790953609.891893) can0 2A4#000123DCFFFD6704
(1790953609.892016) can0 2A5#000007BF000007CA
(1790953609.892117) can0 2A6#FFFFF84700000253
(1790953609.892244) can0 2A7#00004EADFFFFF5D5
(1790953609.896558) can0 2A1#0100010000000000
(1790953609.896619) can0 2A2#0000D606000008AE
(1790953609.896739) can0 2A3#0002EB29FFFD5D68
(1790953609.896881) can0 2A4#000123DCFFFD6704
(1790953609.896990) can0 2A5#000007BF000007CA
(1790953609.897124) can0 2A6#FFFFF84700000253
(1790953609.897217) can0 2A7#00004EADFFFFF5D5
(1790953609.901542) can0 2A1#0100010000000000
(1790953609.901641) can0 2A2#0000D606000008AE
(1790953609.901743) can0 2A3#0002EB29FFFD5D68
(1790953609.901868) can0 2A4#000123DCFFFD6704
(1790953609.901991) can0 2A5#000007BF000007CA
(1790953609.902116) can0 2A6#FFFFF84700000253
(1790953609.902242) can0 2A7#00004EADFFFFF5D5
(1790953609.906497) can0 2A1#0100010000000000
(1790953609.906641) can0 2A2#0000D606000008AE
(1790953609.906741) can0 2A3#0002EB29FFFD5D68
(1790953609.906867) can0 2A4#000123DCFFFD6704
(1790953609.906966) can0 2A5#000007BF000007CA
(1790953609.907091) can0 2A6#FFFFF84700000253
(1790953609.907216) can0 2A7#00004EADFFFFF5D5
(1790953609.911550) can0 2A1#0100010000000000
(1790953609.911641) can0 2A2#0000D606000008AE
(1790953609.911766) can0 2A3#0002EB29FFFD5D68
(1790953609.911866) can0 2A4#000123DCFFFD6704
(1790953609.911991) can0 2A5#000007BF000007CA
(1790953609.912116) can0 2A6#FFFFF84700000253
(1790953609.912241) can0 2A7#00004EADFFFFF5D5
(1790953609.916548) can0 2A1#0100010000000000
(1790953609.916623) can0 2A2#0000D606000008AE
(1790953609.916741) can0 2A3#0002EB29FFFD5D68
(1790953609.916865) can0 2A4#000123DCFFFD6704
(1790953609.916991) can0 2A5#000007BF000007CA
(1790953609.917116) can0 2A6#FFFFF84700000253
(1790953609.917216) can0 2A7#00004EADFFFFF5D5
(1790953609.921545) can0 2A1#0100010000000000
(1790953609.921645) can0 2A2#0000D606000008AE
(1790953609.921766) can0 2A3#0002EB29FFFD5D68
(1790953609.921866) can0 2A4#000123DCFFFD6704
(1790953609.921991) can0 2A5#000007BF000007CA
(1790953609.922116) can0 2A6#FFFFF84700000253
(1790953609.922216) can0 2A7#00004EADFFFFF5D5
(1790953609.926547) can0 2A1#0100010000000000
(1790953609.926622) can0 2A2#0000D606000008AE
(1790953609.926741) can0 2A3#0002EB29FFFD5D68
(1790953609.926866) can0 2A4#000123DCFFFD6704
(1790953609.926966) can0 2A5#000007BF000007CA
(1790953609.927091) can0 2A6#FFFFF84700000253
(1790953609.927241) can0 2A7#00004EADFFFFF5D5
(1790953609.931554) can0 2A1#0100010000000000
(1790953609.931641) can0 2A2#0000D606000008AE
(1790953609.931768) can0 2A3#0002EB29FFFD5D68
(1790953609.931869) can0 2A4#000123DCFFFD6704
(1790953609.931991) can0 2A5#000007BF000007CA
(1790953609.932116) can0 2A6#FFFFF84700000253
(1790953609.932241) can0 2A7#00004EADFFFFF5D5
(1790953609.936543) can0 2A1#0100010000000000
(1790953609.936644) can0 2A2#0000D606000008AE
(1790953609.936744) can0 2A3#0002EB29FFFD5D68
(1790953609.936868) can0 2A4#000123DCFFFD6704
(1790953609.936992) can0 2A5#000007BF000007CA
(1790953609.937116) can0 2A6#FFFFF84700000253
(1790953609.937216) can0 2A7#00004EADFFFFF5D5
(1790953609.941547) can0 2A1#0100010000000000
(1790953609.941648) can0 2A2#0000D606000008AE
(1790953609.941766) can0 2A3#0002EB29FFFD5D68
(1790953609.941869) can0 2A4#000123DCFFFD6704
(1790953609.941991) can0 2A5#000007BF000007CA
(1790953609.942116) can0 2A6#FFFFF84700000253
(1790953609.942241) can0 2A7#00004EADFFFFF5D5
(1790953609.946563) can0 2A1#0100010000000000
(1790953609.946642) can0 2A2#0000D606000008AE
(1790953609.946741) can0 2A3#0002EB29FFFD5D68
(1790953609.946875) can0 2A4#000123DCFFFD6704
(1790953609.946992) can0 2A5#000007BF000007CA
(1790953609.947091) can0 2A6#FFFFF84700000253
(1790953609.947216) can0 2A7#00004EADFFFFF5D5
(1790953609.951546) can0 2A1#0100010000000000
(1790953609.951641) can0 2A2#0000D606000008AE
(1790953609.951768) can0 2A3#0002EB29FFFD5D68
(1790953609.951868) can0 2A4#000123DCFFFD6704
(1790953609.951991) can0 2A5#000007BF000007CA
(1790953609.952116) can0 2A6#FFFFF84700000253
(1790953609.952241) can0 2A7#00004EADFFFFF5D5
(1790953609.956495) can0 2A1#0100010000000000
(1790953609.956641) can0 2A2#0000D606000008AE
(1790953609.956741) can0 2A3#0002EB29FFFD5D68
(1790953609.956867) can0 2A4#000123DCFFFD6704
(1790953609.956991) can0 2A5#000007BF000007CA
(1790953609.957091) can0 2A6#FFFFF84700000253
(1790953609.957227) can0 2A7#00004EADFFFFF5D5
(1790953609.961547) can0 2A1#0100010000000000
(1790953609.961644) can0 2A2#0000D606000008AE
(1790953609.961768) can0 2A3#0002EB29FFFD5D68
(1790953609.961894) can0 2A4#000123DCFFFD6704
(1790953609.961993) can0 2A5#000007BF000007CA
(1790953609.962117) can0 2A6#FFFFF84700000253
(1790953609.962243) can0 2A7#00004EADFFFFF5D5
(1790953609.966546) can0 2A1#0100010000000000
(1790953609.966621) can0 2A2#0000D606000008AE
(1790953609.966743) can0 2A3#0002EB29FFFD5D68
(1790953609.966867) can0 2A4#000123DCFFFD6704
(1790953609.966993) can0 2A5#000007BF000007CA
(1790953609.967092) can0 2A6#FFFFF84700000253
(1790953609.967243) can0 2A7#00004EADFFFFF5D5
(1790953609.971552) can0 2A1#0100010000000000
(1790953609.971641) can0 2A2#0000D606000008AE
(1790953609.971769) can0 2A3#0002EB29FFFD5D68
(1790953609.971879) can0 2A4#000123DCFFFD6704
(1790953609.971992) can0 2A5#000007BF000007CA
(1790953609.972118) can0 2A6#FFFFF84700000253
(1790953609.972244) can0 2A7#00004EADFFFFF5D5
(1790953609.976547) can0 2A1#0100010000000000
(1790953609.976623) can0 2A2#0000D606000008AE
(1790953609.976744) can0 2A3#0002EB29FFFD5D68
(1790953609.976868) can0 2A4#000123DCFFFD6704
(1790953609.976966) can0 2A5#000007BF000007CA
(1790953609.977118) can0 2A6#FFFFF84700000253
(1790953609.977219) can0 2A7#00004EADFFFFF5D5
(1790953609.981554) can0 2A1#0100010000000000
(1790953609.981641) can0 2A2#0000D606000008AE
(1790953609.981768) can0 2A3#0002EB29FFFD5D68
(1790953609.981870) can0 2A4#000123DCFFFD6704
(1790953609.981993) can0 2A5#000007BF000007CA
(1790953609.982118) can0 2A6#FFFFF84700000253
(1790953609.982243) can0 2A7#00004EADFFFFF5D5
(1790953609.986546) can0 2A1#0100010000000000
(1790953609.986641) can0 2A2#0000D606000008AE
(1790953609.986743) can0 2A3#0002EB29FFFD5D68
(1790953609.986868) can0 2A4#000123DCFFFD6704
(1790953609.986993) can0 2A5#000007BF000007CA
(1790953609.987093) can0 2A6#FFFFF84700000253
(1790953609.987218) can0 2A7#00004EADFFFFF5D5
(1790953609.991548) can0 2A1#0100010000000000
(1790953609.991649) can0 2A2#0000D606000008AE
(1790953609.991769) can0 2A3#0002EB29FFFD5D68
(1790953609.991893) can0 2A4#000123DCFFFD6704
(1790953609.991992) can0 2A5#000007BF000007CA
(1790953609.992118) can0 2A6#FFFFF84700000253
(1790953609.992243) can0 2A7#00004EADFFFFF5D5
(1790953609.996504) can0 2A1#0100010000000000
(1790953609.996642) can0 2A2#0000D606000008AE
(1790953609.996744) can0 2A3#0002EB29FFFD5D68
(1790953609.996869) can0 2A4#000123DCFFFD6704
(1790953609.996991) can0 2A5#000007BF000007CA
(1790953609.997115) can0 2A6#FFFFF84700000253
(1790953609.997216) can0 2A7#00004EADFFFFF5D5
(1790953610.001542) can0 2A1#0100010000000000
(1790953610.001641) can0 2A2#0000D606000008AE
(1790953610.001768) can0 2A3#0002EB29FFFD5D68
(1790953610.001870) can0 2A4#000123DCFFFD6704
(1790953610.001992) can0 2A5#000007BF000007CA
(1790953610.002118) can0 2A6#FFFFF84700000253
(1790953610.002243) can0 2A7#00004EADFFFFF5D5
(1790953610.006545) can0 2A1#0100010000000000
(1790953610.006642) can0 2A2#0000D606000008AE
(1790953610.006743) can0 2A3#0002EB29FFFD5D68
(1790953610.006875) can0 2A4#000123DCFFFD6704
(1790953610.006993) can0 2A5#000007BF000007CA
(1790953610.007093) can0 2A6#FFFFF84700000253
(1790953610.007218) can0 2A7#00004EADFFFFF5D5
(1790953610.011553) can0 2A1#0100010000000000
(1790953610.011642) can0 2A2#0000D606000008AE
(1790953610.011768) can0 2A3#0002EB29FFFD5D68
(1790953610.011867) can0 2A4#000123DCFFFD6704
(1790953610.011993) can0 2A5#000007BF000007CA
(1790953610.012118) can0 2A6#FFFFF84700000253
(1790953610.012243) can0 2A7#00004EADFFFFF5D5
(1790953610.016547) can0 2A1#0100010000000000
(1790953610.016624) can0 2A2#0000D606000008AE
(1790953610.016743) can0 2A3#0002EB29FFFD5D68
(1790953610.016870) can0 2A4#000123DCFFFD6704
(1790953610.016966) can0 2A5#000007BF000007CA
(1790953610.017118) can0 2A6#FFFFF84700000253
(1790953610.017218) can0 2A7#00004EADFFFFF5D5
(1790953610.021551) can0 2A1#0100010000000000
(1790953610.021643) can0 2A2#0000D606000008AE
(1790953610.021769) can0 2A3#0002EB29FFFD5D68
(1790953610.021869) can0 2A4#000123DCFFFD6704
(1790953610.021995) can0 2A5#000007BF000007CA
(1790953610.022119) can0 2A6#FFFFF84700000253
(1790953610.022244) can0 2A7#00004EADFFFFF5D5
(1790953610.026548) can0 2A1#0100010000000000
(1790953610.026623) can0 2A2#0000D606000008AE
(1790953610.026744) can0 2A3#0002EB29FFFD5D68
(1790953610.026869) can0 2A4#000123DCFFFD6704
(1790953610.026993) can0 2A5#000007BF000007CA
(1790953610.027091) can0 2A6#FFFFF84700000253
(1790953610.027244) can0 2A7#00004EADFFFFF5D5
(1790953610.031567) can0 2A1#0100010000000000
(1790953610.031642) can0 2A2#0000D606000008AE
(1790953610.031769) can0 2A3#0002EB29FFFD5D68
(1790953610.031876) can0 2A4#000123DCFFFD6704
(1790953610.031991) can0 2A5#000007BF000007CA
(1790953610.032120) can0 2A6#FFFFF84700000253
(1790953610.032242) can0 2A7#00004EADFFFFF5D5
(1790953610.036547) can0 2A1#0100010000000000
(1790953610.036622) can0 2A2#0000D606000008AE
(1790953610.036744) can0 2A3#0002EB29FFFD5D68
(1790953610.036870) can0 2A4#000123DCFFFD6704
(1790953610.036994) can0 2A5#000007BF000007CA
(1790953610.037118) can0 2A6#FFFFF84700000253
(1790953610.037217) can0 2A7#00004EADFFFFF5D5
(1790953610.041548) can0 2A1#0100010000000000
(1790953610.041645) can0 2A2#0000D606000008AE
(1790953610.041744) can0 2A3#0002EB29FFFD5D68
(1790953610.041895) can0 2A4#000123DCFFFD6704
(1790953610.042019) can0 2A5#000007BF000007CA
(1790953610.042119) can0 2A6#FFFFF84700000253
(1790953610.042244) can0 2A7#00004EADFFFFF5D5
(1790953610.046507) can0 2A1#0100010000000000
(1790953610.046644) can0 2A2#0000D606000008AE
(1790953610.046741) can0 2A3#0002EB29FFFD5D68
(1790953610.046867) can0 2A4#000123DCFFFD6704
(1790953610.046992) can0 2A5#000007BF000007CA
(1790953610.047122) can0 2A6#FFFFF84700000253
(1790953610.047216) can0 2A7#00004EADFFFFF5D5
(1790953610.051571) can0 2A1#0100010000000000
(1790953610.051641) can0 2A2#0000D606000008AE
(1790953610.051769) can0 2A3#0002EB29FFFD5D68
(1790953610.051894) can0 2A4#000123DCFFFD6704
(1790953610.052017) can0 2A5#000007BF000007CA
(1790953610.052118) can0 2A6#FFFFF84700000253
(1790953610.052243) can0 2A7#00004EADFFFFF5D5
(1790953610.056545) can0 2A1#0100010000000000
(1790953610.056642) can0 2A2#0000D606000008AE
(1790953610.056744) can0 2A3#0002EB29FFFD5D68
(1790953610.056869) can0 2A4#000123DCFFFD6704
(1790953610.056991) can0 2A5#000007BF000007CA
(1790953610.057118) can0 2A6#FFFFF84700000253
(1790953610.057217) can0 2A7#00004EADFFFFF5D5
(1790953610.061549) can0 2A1#0100010000000000
(1790953610.061643) can0 2A2#0000D606000008AE
(1790953610.061742) can0 2A3#0002EB29FFFD5D68
(1790953610.061870) can0 2A4#000123DCFFFD6704
(1790953610.061994) can0 2A5#000007BF000007CA
(1790953610.062119) can0 2A6#FFFFF84700000253
(1790953610.062245) can0 2A7#00004EADFFFFF5D5
(1790953610.066548) can0 2A1#0100010000000000
(1790953610.066632) can0 2A2#0000D606000008AE
(1790953610.066744) can0 2A3#0002EB29FFFD5D68
(1790953610.066871) can0 2A4#000123DCFFFD6704
(1790953610.066994) can0 2A5#000007BF000007CA
(1790953610.067120) can0 2A6#FFFFF84700000253
(1790953610.067244) can0 2A7#00004EADFFFFF5D5
(1790953610.071550) can0 2A1#0100010000000000
(1790953610.071643) can0 2A2#0000D606000008AE
(1790953610.071769) can0 2A3#0002EB29FFFD5D68
(1790953610.071867) can0 2A4#000123DCFFFD6704
(1790953610.071992) can0 2A5#000007BF000007CA
(1790953610.072117) can0 2A6#FFFFF84700000253
(1790953610.072244) can0 2A7#00004EADFFFFF5D5
(1790953610.076546) can0 2A1#0100010000000000
(1790953610.076619) can0 2A2#0000D606000008AE
(1790953610.076744) can0 2A3#0002EB29FFFD5D68
(1790953610.076868) can0 2A4#000123DCFFFD6704
(1790953610.076992) can0 2A5#000007BF000007CA
(1790953610.077117) can0 2A6#FFFFF84700000253
(1790953610.077242) can0 2A7#00004EADFFFFF5D5
(1790953610.081570) can0 2A1#0100010000000000
(1790953610.081642) can0 2A2#0000D606000008AE
(1790953610.081769) can0 2A3#0002EB29FFFD5D68
(1790953610.081870) can0 2A4#000123DCFFFD6704
(1790953610.081994) can0 2A5#000007BF000007CA
(1790953610.082119) can0 2A6#FFFFF84700000253
(1790953610.082244) can0 2A7#00004EADFFFFF5D5
(1790953610.086550) can0 2A1#0100010000000000
(1790953610.086624) can0 2A2#0000D606000008AE
(1790953610.086744) can0 2A3#0002EB29FFFD5D68
(1790953610.086869) can0 2A4#000123DCFFFD6704
(1790953610.086994) can0 2A5#000007BF000007CA
(1790953610.087119) can0 2A6#FFFFF84700000253
(1790953610.087245) can0 2A7#00004EADFFFFF5D5
(1790953610.091553) can0 2A1#0100010000000000
(1790953610.091641) can0 2A2#0000D606000008AE
(1790953610.091769) can0 2A3#0002EB29FFFD5D68
(1790953610.091868) can0 2A4#000123DCFFFD6704
(1790953610.091991) can0 2A5#000007BF000007CA
(1790953610.092119) can0 2A6#FFFFF84700000253
(1790953610.092243) can0 2A7#00004EADFFFFF5D5
(1790953610.096559) can0 2A1#0100010000000000
(1790953610.096616) can0 2A2#0000D606000008AE
(1790953610.096744) can0 2A3#0002EB29FFFD5D68
(1790953610.096870) can0 2A4#000123DCFFFD6704
(1790953610.096994) can0 2A5#000007BF000007CA
(1790953610.097120) can0 2A6#FFFFF84700000253
(1790953610.097218) can0 2A7#00004EADFFFFF5D5
(1790953610.101544) can0 2A1#0100010000000000
(1790953610.101644) can0 2A2#0000D606000008AE
(1790953610.101769) can0 2A3#0002EB29FFFD5D68
(1790953610.101870) can0 2A4#000123DCFFFD6704
(1790953610.101991) can0 2A5#000007BF000007CA
(1790953610.102119) can0 2A6#FFFFF84700000253
(1790953610.102243) can0 2A7#00004EADFFFFF5D5
(1790953610.106548) can0 2A1#0100010000000000
(1790953610.106622) can0 2A2#0000D606000008AE
(1790953610.106744) can0 2A3#0002EB29FFFD5D68
(1790953610.106868) can0 2A4#000123DCFFFD6704
(1790953610.106992) can0 2A5#000007BF000007CA
(1790953610.107094) can0 2A6#FFFFF84700000253
(1790953610.107219) can0 2A7#00004EADFFFFF5D5
(1790953610.111550) can0 2A1#0100010000000000
(1790953610.111645) can0 2A2#0000D606000008AE
(1790953610.111768) can0 2A3#0002EB29FFFD5D68
(1790953610.111880) can0 2A4#000123DCFFFD6704
(1790953610.111993) can0 2A5#000007BF000007CA
(1790953610.112120) can0 2A6#FFFFF84700000253
(1790953610.112241) can0 2A7#00004EADFFFFF5D5
(1790953610.116542) can0 2A1#0100010000000000
(1790953610.116616) can0 2A2#0000D606000008AE
(1790953610.116743) can0 2A3#0002EB29FFFD5D68
(1790953610.116868) can0 2A4#000123DCFFFD6704
(1790953610.116993) can0 2A5#000007BF000007CA
(1790953610.117118) can0 2A6#FFFFF84700000253
(1790953610.117243) can0 2A7#00004EADFFFFF5D5
(1790953610.121547) can0 2A1#0100010000000000
(1790953610.121646) can0 2A2#0000D606000008AE
(1790953610.121768) can0 2A3#0002EB29FFFD5D68
(1790953610.121870) can0 2A4#000123DCFFFD6704
(1790953610.121991) can0 2A5#000007BF000007CA
(1790953610.122118) can0 2A6#FFFFF84700000253
(1790953610.122243) can0 2A7#00004EADFFFFF5D5
(1790953610.126548) can0 2A1#0100010000000000
(1790953610.126620) can0 2A2#0000D606000008AE
(1790953610.126743) can0 2A3#0002EB29FFFD5D68
(1790953610.126870) can0 2A4#000123DCFFFD6704
(1790953610.126993) can0 2A5#000007BF000007CA
(1790953610.127118) can0 2A6#FFFFF84700000253
(1790953610.127218) can0 2A7#00004EADFFFFF5D5
(1790953610.131581) can0 2A1#0100010000000000
(1790953610.131647) can0 2A2#0000D606000008AE
(1790953610.131770) can0 2A3#0002EB29FFFD5D68
(1790953610.131895) can0 2A4#000123DCFFFD6704
(1790953610.132017) can0 2A5#000007BF000007CA
(1790953610.132117) can0 2A6#FFFFF84700000253
(1790953610.132244) can0 2A7#00004EADFFFFF5D5
(1790953610.136549) can0 2A1#0100010000000000
(1790953610.136624) can0 2A2#0000D606000008AE
(1790953610.136744) can0 2A3#0002EB29FFFD5D68
(1790953610.136870) can0 2A4#000123DCFFFD6704
(1790953610.136995) can0 2A5#000007BF000007CA
(1790953610.137119) can0 2A6#FFFFF84700000253
(1790953610.137244) can0 2A7#00004EADFFFFF5D5
(1790953610.141545) can0 2A1#0100010000000000
(1790953610.141642) can0 2A2#0000D606000008AE
(1790953610.141768) can0 2A3#0002EB29FFFD5D68
(1790953610.141866) can0 2A4#000123DCFFFD6704
(1790953610.141992) can0 2A5#000007BF000007CA
(1790953610.142119) can0 2A6#FFFFF84700000253
(1790953610.142359) can0 2A7#00004EADFFFFF5D5
(1790953610.146562) can0 2A1#0100010000000000
(1790953610.146615) can0 2A2#0000D606000008AE
(1790953610.146741) can0 2A3#0002EB29FFFD5D68
(1790953610.146877) can0 2A4#000123DCFFFD6704
(1790953610.146991) can0 2A5#000007BF000007CA
(1790953610.147117) can0 2A6#FFFFF84700000253
(1790953610.147243) can0 2A7#00004EADFFFFF5D5
(1790953610.151543) can0 2A1#0100010000000000
(1790953610.151645) can0 2A2#0000D606000008AE
(1790953610.151767) can0 2A3#0002EB29FFFD5D68
(1790953610.151868) can0 2A4#000123DCFFFD6704
(1790953610.151994) can0 2A5#000007BF000007CA
(1790953610.152119) can0 2A6#FFFFF84700000253
(1790953610.152244) can0 2A7#00004EADFFFFF5D5
(1790953610.156547) can0 2A1#0100010000000000
(1790953610.156643) can0 2A2#0000D606000008AE
(1790953610.156744) can0 2A3#0002EB29FFFD5D68
(1790953610.156868) can0 2A4#000123DCFFFD6704
(1790953610.156969) can0 2A5#000007BF000007CA
(1790953610.157093) can0 2A6#FFFFF84700000253
(1790953610.157219) can0 2A7#00004EADFFFFF5D5
(1790953610.161549) can0 2A1#0100010000000000
(1790953610.161644) can0 2A2#0000D606000008AE
(1790953610.161769) can0 2A3#0002EB29FFFD5D68
(1790953610.161873) can0 2A4#000123DCFFFD6704
(1790953610.161994) can0 2A5#000007BF000007CA
(1790953610.162119) can0 2A6#FFFFF84700000253
(1790953610.162244) can0 2A7#00004EADFFFFF5D5
(1790953610.166544) can0 2A1#0100010000000000
(1790953610.166621) can0 2A2#0000D606000008AE
(1790953610.166744) can0 2A3#0002EB29FFFD5D68
(1790953610.166873) can0 2A4#000123DCFFFD6704
(1790953610.166995) can0 2A5#000007BF000007CA
(1790953610.167119) can0 2A6#FFFFF84700000253
(1790953610.167217) can0 2A7#00004EADFFFFF5D5
(1790953610.171547) can0 2A1#0100010000000000
(1790953610.171642) can0 2A2#0000D606000008AE
(1790953610.171770) can0 2A3#0002EB29FFFD5D68
(1790953610.171868) can0 2A4#000123DCFFFD6704
(1790953610.171994) can0 2A5#000007BF000007CA
(1790953610.172119) can0 2A6#FFFFF84700000253
(1790953610.172244) can0 2A7#00004EADFFFFF5D5
(1790953610.176547) can0 2A1#0100010000000000
(1790953610.176624) can0 2A2#0000D606000008AE
(1790953610.176744) can0 2A3#0002EB29FFFD5D68
(1790953610.176872) can0 2A4#000123DCFFFD6704
(1790953610.176992) can0 2A5#000007BF000007CA
(1790953610.177119) can0 2A6#FFFFF84700000253
(1790953610.177217) can0 2A7#00004EADFFFFF5D5
(1790953610.181573) can0 2A1#0100010000000000
(1790953610.181641) can0 2A2#0000D606000008AE
(1790953610.181745) can0 2A3#0002EB29FFFD5D68
(1790953610.181869) can0 2A4#000123DCFFFD6704
(1790953610.182019) can0 2A5#000007BF000007CA
(1790953610.182119) can0 2A6#FFFFF84700000253
(1790953610.182243) can0 2A7#00004EADFFFFF5D5
(1790953610.186497) can0 2A1#0100010000000000
(1790953610.186644) can0 2A2#0000D606000008AE
(1790953610.186744) can0 2A3#0002EB29FFFD5D68
(1790953610.186881) can0 2A4#000123DCFFFD6704
(1790953610.187001) can0 2A5#000007BF000007CA
(1790953610.187118) can0 2A6#FFFFF84700000253
(1790953610.187217) can0 2A7#00004EADFFFFF5D5
(1790953610.191544) can0 2A1#0100010000000000
(1790953610.191641) can0 2A2#0000D606000008AE
(1790953610.191743) can0 2A3#0002EB29FFFD5D68
(1790953610.191869) can0 2A4#000123DCFFFD6704
(1790953610.191992) can0 2A5#000007BF000007CA
(1790953610.192118) can0 2A6#FFFFF84700000253
(1790953610.192243) can0 2A7#00004EADFFFFF5D5
(1790953610.196553) can0 2A1#0100010000000000
(1790953610.196620) can0 2A2#0000D606000008AE
(1790953610.196742) can0 2A3#0002EB29FFFD5D68
(1790953610.196871) can0 2A4#000123DCFFFD6704
(1790953610.196994) can0 2A5#000007BF000007CA
(1790953610.197120) can0 2A6#FFFFF84700000253
(1790953610.197241) can0 2A7#00004EADFFFFF5D5
(1790953610.201549) can0 2A1#0100010000000000
(1790953610.201643) can0 2A2#0000D606000008AE
(1790953610.201768) can0 2A3#0002EB29FFFD5D68
(1790953610.201868) can0 2A4#000123DCFFFD6704
(1790953610.201991) can0 2A5#000007BF000007CA
(1790953610.202119) can0 2A6#FFFFF84700000253
(1790953610.202243) can0 2A7#00004EADFFFFF5D5
(1790953610.206545) can0 2A1#0100010000000000
(1790953610.206619) can0 2A2#0000D606000008AE
(1790953610.206742) can0 2A3#0002EB29FFFD5D68
(1790953610.206866) can0 2A4#000123DCFFFD6704
(1790953610.206995) can0 2A5#000007BF000007CA
(1790953610.207093) can0 2A6#FFFFF84700000253
(1790953610.207242) can0 2A7#00004EADFFFFF5D5
(1790953610.211553) can0 2A1#0100010000000000
(1790953610.211642) can0 2A2#0000D606000008AE
(1790953610.211769) can0 2A3#0002EB29FFFD5D68
(1790953610.211869) can0 2A4#000123DCFFFD6704
(1790953610.211995) can0 2A5#000007BF000007CA
(1790953610.212117) can0 2A6#FFFFF84700000253
(1790953610.212243) can0 2A7#00004EADFFFFF5D5
(1790953610.216504) can0 2A1#0100010000000000
(1790953610.216642) can0 2A2#0000D606000008AE
(1790953610.216743) can0 2A3#0002EB29FFFD5D68
(1790953610.216868) can0 2A4#000123DCFFFD6704
(1790953610.216994) can0 2A5#000007BF000007CA
(1790953610.217093) can0 2A6#FFFFF84700000253
(1790953610.217217) can0 2A7#00004EADFFFFF5D5
(1790953610.221562) can0 2A1#0100010000000000
(1790953610.221648) can0 2A2#0000D606000008AE
(1790953610.221769) can0 2A3#0002EB29FFFD5D68
(1790953610.221878) can0 2A4#000123DCFFFD6704
(1790953610.221994) can0 2A5#000007BF000007CA
(1790953610.222119) can0 2A6#FFFFF84700000253
(1790953610.222244) can0 2A7#00004EADFFFFF5D5
(1790953610.226549) can0 2A1#0100010000000000
(1790953610.226641) can0 2A2#0000D606000008AE
(1790953610.226743) can0 2A3#0002EB29FFFD5D68
(1790953610.226869) can0 2A4#000123DCFFFD6704
(1790953610.226993) can0 2A5#000007BF000007CA
(1790953610.227116) can0 2A6#FFFFF84700000253
(1790953610.227218) can0 2A7#00004EADFFFFF5D5
(1790953610.231556) can0 2A1#0100010000000000
(1790953610.231646) can0 2A2#0000D606000008AE
(1790953610.231768) can0 2A3#0002EB29FFFD5D68
(1790953610.231868) can0 2A4#000123DCFFFD6704
(1790953610.231993) can0 2A5#000007BF000007CA
(1790953610.232116) can0 2A6#FFFFF84700000253
(1790953610.232243) can0 2A7#00004EADFFFFF5D5
(1790953610.236546) can0 2A1#0100010000000000
(1790953610.236641) can0 2A2#0000D606000008AE
(1790953610.236743) can0 2A3#0002EB29FFFD5D68
(1790953610.236868) can0 2A4#000123DCFFFD6704
(1790953610.236992) can0 2A5#000007BF000007CA
(1790953610.237118) can0 2A6#FFFFF84700000253
(1790953610.237217) can0 2A7#00004EADFFFFF5D5
(1790953610.241547) can0 2A1#0100010000000000
(1790953610.241643) can0 2A2#0000D606000008AE
(1790953610.241768) can0 2A3#0002EB29FFFD5D68
(1790953610.241894) can0 2A4#000123DCFFFD6704
(1790953610.241992) can0 2A5#000007BF000007CA
(1790953610.242118) can0 2A6#FFFFF84700000253
(1790953610.242242) can0 2A7#00004EADFFFFF5D5
(1790953610.246553) can0 2A1#0100010000000000
(1790953610.246642) can0 2A2#0000D606000008AE
(1790953610.246743) can0 2A3#0002EB29FFFD5D68
(1790953610.246872) can0 2A4#000123DCFFFD6704
(1790953610.246969) can0 2A5#000007BF000007CA
(1790953610.247119) can0 2A6#FFFFF84700000253
(1790953610.247218) can0 2A7#00004EADFFFFF5D5
(1790953610.251549) can0 2A1#0100010000000000
(1790953610.251641) can0 2A2#0000D606000008AE
(1790953610.251769) can0 2A3#0002EB29FFFD5D68
(1790953610.251869) can0 2A4#000123DCFFFD6704
(1790953610.251994) can0 2A5#000007BF000007CA
(1790953610.252118) can0 2A6#FFFFF84700000253
(1790953610.252241) can0 2A7#00004EADFFFFF5D5
(1790953610.256549) can0 2A1#0100010000000000
(1790953610.256621) can0 2A2#0000D606000008AE
(1790953610.256743) can0 2A3#0002EB29FFFD5D68
(1790953610.256871) can0 2A4#000123DCFFFD6704
(1790953610.256993) can0 2A5#000007BF000007CA
(1790953610.257119) can0 2A6#FFFFF84700000253
(1790953610.257243) can0 2A7#00004EADFFFFF5D5
(1790953610.261548) can0 2A1#0100010000000000
(1790953610.261645) can0 2A2#0000D606000008AE
(1790953610.261768) can0 2A3#0002EB29FFFD5D68
(1790953610.261868) can0 2A4#000123DCFFFD6704
(1790953610.261993) can0 2A5#000007BF000007CA
(1790953610.262119) can0 2A6#FFFFF84700000253
(1790953610.262243) can0 2A7#00004EADFFFFF5D5
(1790953610.266494) can0 2A1#0100010000000000
(1790953610.266643) can0 2A2#0000D606000008AE
(1790953610.266750) can0 2A3#0002EB29FFFD5D68
(1790953610.266869) can0 2A4#000123DCFFFD6704
(1790953610.266993) can0 2A5#000007BF000007CA
(1790953610.267093) can0 2A6#FFFFF84700000253
(1790953610.267218) can0 2A7#00004EADFFFFF5D5
(1790953610.271557) can0 2A1#0100010000000000
(1790953610.271645) can0 2A2#0000D606000008AE
(1790953610.271769) can0 2A3#0002EB29FFFD5D68
(1790953610.271895) can0 2A4#000123DCFFFD6704
(1790953610.271994) can0 2A5#000007BF000007CA
(1790953610.272119) can0 2A6#FFFFF84700000253
(1790953610.272244) can0 2A7#00004EADFFFFF5D5
(1790953610.276566) can0 2A1#0100010000000000
(1790953610.276643) can0 2A2#0000D606000008AE
(1790953610.276767) can0 2A3#0002EB29FFFD5D68
(1790953610.276867) can0 2A4#000123DCFFFD6704
(1790953610.276992) can0 2A5#000007BF000007CA
(1790953610.277117) can0 2A6#FFFFF84700000253
(1790953610.277242) can0 2A7#00004EADFFFFF5D5
(1790953610.281551) can0 2A1#0100010000000000
(1790953610.281644) can0 2A2#0000D606000008AE
(1790953610.281767) can0 2A3#0002EB29FFFD5D68
(1790953610.281869) can0 2A4#000123DCFFFD6704
(1790953610.281992) can0 2A5#000007BF000007CA
(1790953610.282117) can0 2A6#FFFFF84700000253
(1790953610.282242) can0 2A7#00004EADFFFFF5D5
(1790953610.286548) can0 2A1#0100010000000000
(1790953610.286645) can0 2A2#0000D606000008AE
(1790953610.286745) can0 2A3#0002EB29FFFD5D68
(1790953610.286869) can0 2A4#000123DCFFFD6704
(1790953610.286995) can0 2A5#000007BF000007CA
(1790953610.287117) can0 2A6#FFFFF84700000253
(1790953610.287217) can0 2A7#00004EADFFFFF5D5
(1790953610.291549) can0 2A1#0100010000000000
(1790953610.291644) can0 2A2#0000D606000008AE
(1790953610.291769) can0 2A3#0002EB29FFFD5D68
(1790953610.291894) can0 2A4#000123DCFFFD6704
(1790953610.292019) can0 2A5#000007BF000007CA
(1790953610.292117) can0 2A6#FFFFF84700000253
(1790953610.292242) can0 2A7#00004EADFFFFF5D5
(1790953610.296551) can0 2A1#0100010000000000
(1790953610.296649) can0 2A2#0000D606000008AE
(1790953610.296741) can0 2A3#0002EB29FFFD5D68
(1790953610.296868) can0 2A4#000123DCFFFD6704
(1790953610.296992) can0 2A5#000007BF000007CA
(1790953610.297117) can0 2A6#FFFFF84700000253
(1790953610.297218) can0 2A7#00004EADFFFFF5D5
(1790953610.301544) can0 2A1#0100010000000000
(1790953610.301643) can0 2A2#0000D606000008AE
(1790953610.301767) can0 2A3#0002EB29FFFD5D68
(1790953610.301894) can0 2A4#000123DCFFFD6704
(1790953610.301992) can0 2A5#000007BF000007CA
(1790953610.302117) can0 2A6#FFFFF84700000253
(1790953610.302244) can0 2A7#00004EADFFFFF5D5
(1790953610.306543) can0 2A1#0100010000000000
(1790953610.306646) can0 2A2#0000D606000008AE
(1790953610.306744) can0 2A3#0002EB29FFFD5D68
(1790953610.306868) can0 2A4#000123DCFFFD6704
(1790953610.306992) can0 2A5#000007BF000007CA
(1790953610.307118) can0 2A6#FFFFF84700000253
(1790953610.307217) can0 2A7#00004EADFFFFF5D5
(1790953610.311554) can0 2A1#0100010000000000
(1790953610.311644) can0 2A2#0000D606000008AE
(1790953610.311768) can0 2A3#0002EB29FFFD5D68
(1790953610.311891) can0 2A4#000123DCFFFD6704
(1790953610.312017) can0 2A5#000007BF000007CA
(1790953610.312124) can0 2A6#FFFFF84700000253
(1790953610.312242) can0 2A7#00004EADFFFFF5D5
(1790953610.316549) can0 2A1#0100010000000000
(1790953610.316643) can0 2A2#0000D606000008AE
(1790953610.316741) can0 2A3#0002EB29FFFD5D68
(1790953610.316869) can0 2A4#000123DCFFFD6704
(1790953610.316992) can0 2A5#000007BF000007CA
(1790953610.317119) can0 2A6#FFFFF84700000253
(1790953610.317242) can0 2A7#00004EADFFFFF5D5
(1790953610.321551) can0 2A1#0100010000000000
(1790953610.321647) can0 2A2#0000D606000008AE
(1790953610.321767) can0 2A3#0002EB29FFFD5D68
(1790953610.321867) can0 2A4#000123DCFFFD6704
(1790953610.322018) can0 2A5#000007BF000007CA
(1790953610.322116) can0 2A6#FFFFF84700000253
(1790953610.322243) can0 2A7#00004EADFFFFF5D5
(1790953610.326559) can0 2A1#0100010000000000
(1790953610.326626) can0 2A2#0000D606000008AE
(1790953610.326742) can0 2A3#0002EB29FFFD5D68
(1790953610.326867) can0 2A4#000123DCFFFD6704
(1790953610.326991) can0 2A5#000007BF000007CA
(1790953610.327117) can0 2A6#FFFFF84700000253
(1790953610.327241) can0 2A7#00004EADFFFFF5D5
(1790953610.331549) can0 2A1#0100010000000000
(1790953610.331641) can0 2A2#0000D606000008AE
(1790953610.331766) can0 2A3#0002EB29FFFD5D68
(1790953610.331866) can0 2A4#000123DCFFFD6704
(1790953610.331992) can0 2A5#000007BF000007CA
(1790953610.332116) can0 2A6#FFFFF84700000253
(1790953610.332241) can0 2A7#00004EADFFFFF5D5
(1790953610.336551) can0 2A1#0100010000000000
(1790953610.336645) can0 2A2#0000D606000008AE
(1790953610.336742) can0 2A3#0002EB29FFFD5D68
(1790953610.336869) can0 2A4#000123DCFFFD6704
(1790953610.336992) can0 2A5#000007BF000007CA
(1790953610.337116) can0 2A6#FFFFF84700000253
(1790953610.337242) can0 2A7#00004EADFFFFF5D5
(1790953610.341551) can0 2A1#0100010000000000
(1790953610.341646) can0 2A2#0000D606000008AE
(1790953610.341741) can0 2A3#0002EB29FFFD5D68
(1790953610.341867) can0 2A4#000123DCFFFD6704
(1790953610.341992) can0 2A5#000007BF000007CA
(1790953610.342116) can0 2A6#FFFFF84700000253
(1790953610.342241) can0 2A7#00004EADFFFFF5D5
(1790953610.346547) can0 2A1#0100010000000000
(1790953610.346645) can0 2A2#0000D606000008AE
(1790953610.346742) can0 2A3#0002EB29FFFD5D68
(1790953610.346876) can0 2A4#000123DCFFFD6704
(1790953610.346992) can0 2A5#000007BF000007CA
(1790953610.347117) can0 2A6#FFFFF84700000253
(1790953610.347242) can0 2A7#00004EADFFFFF5D5
(1790953610.351581) can0 2A1#0100010000000000
(1790953610.351645) can0 2A2#0000D606000008AE
(1790953610.351769) can0 2A3#0002EB29FFFD5D68
(1790953610.351869) can0 2A4#000123DCFFFD6704
(1790953610.351992) can0 2A5#000007BF000007CA
(1790953610.352119) can0 2A6#FFFFF84700000253
(1790953610.352243) can0 2A7#00004EADFFFFF5D5
(1790953610.356546) can0 2A1#0100010000000000
(1790953610.356624) can0 2A2#0000D606000008AE
(1790953610.356742) can0 2A3#0002EB29FFFD5D68
(1790953610.356867) can0 2A4#000123DCFFFD6704
(1790953610.356992) can0 2A5#000007BF000007CA
(1790953610.357116) can0 2A6#FFFFF84700000253
(1790953610.357242) can0 2A7#00004EADFFFFF5D5
(1790953610.361548) can0 2A1#0100010000000000
(1790953610.361644) can0 2A2#0000D606000008AE
(1790953610.361766) can0 2A3#0002EB29FFFD5D68
(1790953610.361870) can0 2A4#000123DCFFFD6704
(1790953610.361992) can0 2A5#000007BF000007CA
(1790953610.362116) can0 2A6#FFFFF84700000253
(1790953610.362242) can0 2A7#00004EADFFFFF5D5
(1790953610.366547) can0 2A1#0100010000000000
(1790953610.366623) can0 2A2#0000D606000008AE
(1790953610.366741) can0 2A3#0002EB29FFFD5D68
(1790953610.366869) can0 2A4#000123DCFFFD6704
(1790953610.366991) can0 2A5#000007BF000007CA
(1790953610.367116) can0 2A6#FFFFF84700000253
(1790953610.367242) can0 2A7#00004EADFFFFF5D5
(1790953610.371545) can0 2A1#0100010000000000
(1790953610.371647) can0 2A2#0000D606000008AE
(1790953610.371741) can0 2A3#0002EB29FFFD5D68
(1790953610.371870) can0 2A4#000123DCFFFD6704
(1790953610.372017) can0 2A5#000007BF000007CA
(1790953610.372116) can0 2A6#FFFFF84700000253
(1790953610.372241) can0 2A7#00004EADFFFFF5D5
(1790953610.376546) can0 2A1#0100010000000000
(1790953610.376648) can0 2A2#0000D606000008AE
(1790953610.376766) can0 2A3#0002EB29FFFD5D68
(1790953610.376866) can0 2A4#000123DCFFFD6704
(1790953610.376992) can0 2A5#000007BF000007CA
(1790953610.377116) can0 2A6#FFFFF84700000253
(1790953610.377242) can0 2A7#00004EADFFFFF5D5
(1790953610.381575) can0 2A1#0100010000000000
(1790953610.381645) can0 2A2#0000D606000008AE
(1790953610.381744) can0 2A3#0002EB29FFFD5D68
(1790953610.381869) can0 2A4#000123DCFFFD6704
(1790953610.381993) can0 2A5#000007BF000007CA
(1790953610.382116) can0 2A6#FFFFF84700000253
(1790953610.382243) can0 2A7#00004EADFFFFF5D5
(1790953610.386497) can0 2A1#0100010000000000
(1790953610.386641) can0 2A2#0000D606000008AE
(1790953610.386742) can0 2A3#0002EB29FFFD5D68
(1790953610.386866) can0 2A4#000123DCFFFD6704
(1790953610.386992) can0 2A5#000007BF000007CA
(1790953610.387116) can0 2A6#FFFFF84700000253
(1790953610.387217) can0 2A7#00004EADFFFFF5D5
(1790953610.391546) can0 2A1#0100010000000000
(1790953610.391644) can0 2A2#0000D606000008AE
(1790953610.391767) can0 2A3#0002EB29FFFD5D68
(1790953610.391893) can0 2A4#000123DCFFFD6704
(1790953610.392024) can0 2A5#000007BF000007CA
(1790953610.392118) can0 2A6#FFFFF84700000253
(1790953610.392241) can0 2A7#00004EADFFFFF5D5
(1790953610.396548) can0 2A1#0100010000000000
(1790953610.396646) can0 2A2#0000D606000008AE
(1790953610.396766) can0 2A3#0002EB29FFFD5D68
(1790953610.396866) can0 2A4#000123DCFFFD6704
(1790953610.396991) can0 2A5#000007BF000007CA
(1790953610.397117) can0 2A6#FFFFF84700000253
(1790953610.397217) can0 2A7#00004EADFFFFF5D5
(1790953610.401552) can0 2A1#0100010000000000
(1790953610.401641) can0 2A2#0000D606000008AE
(1790953610.401767) can0 2A3#0002EB29FFFD5D68
(1790953610.401892) can0 2A4#000123DCFFFD6704
(1790953610.402017) can0 2A5#000007BF000007CA
(1790953610.402118) can0 2A6#FFFFF84700000253
(1790953610.402243) can0 2A7#00004EADFFFFF5D5
(1790953610.406498) can0 2A1#0100010000000000
(1790953610.406643) can0 2A2#0000D606000008AE
(1790953610.406743) can0 2A3#0002EB29FFFD5D68
(1790953610.406876) can0 2A4#000123DCFFFD6704
(1790953610.406994) can0 2A5#000007BF000007CA
(1790953610.407116) can0 2A6#FFFFF84700000253
(1790953610.407216) can0 2A7#00004EADFFFFF5D5
(1790953610.411543) can0 2A1#0100010000000000
(1790953610.411643) can0 2A2#0000D606000008AE
(1790953610.411766) can0 2A3#0002EB29FFFD5D68
(1790953610.411890) can0 2A4#000123DCFFFD6704
(1790953610.412015) can0 2A5#000007BF000007CA
(1790953610.412116) can0 2A6#FFFFF84700000253
(1790953610.412239) can0 2A7#00004EADFFFFF5D5
(1790953610.416541) can0 2A1#0100010000000000
(1790953610.416616) can0 2A2#0000D606000008AE
(1790953610.416767) can0 2A3#0002EB29FFFD5D68
(1790953610.416864) can0 2A4#000123DCFFFD6704
(1790953610.416989) can0 2A5#000007BF000007CA
(1790953610.417116) can0 2A6#FFFFF84700000253
(1790953610.417239) can0 2A7#00004EADFFFFF5D5
(1790953610.421578) can0 2A1#0100010000000000
(1790953610.421641) can0 2A2#0000D606000008AE
(1790953610.421770) can0 2A3#0002EB29FFFD5D68
(1790953610.421878) can0 2A4#000123DCFFFD6704
(1790953610.421993) can0 2A5#000007BF000007CA
(1790953610.422120) can0 2A6#FFFFF84700000253
(1790953610.422242) can0 2A7#00004EADFFFFF5D5
(1790953610.426547) can0 2A1#0100010000000000
(1790953610.426642) can0 2A2#0000D606000008AE
(1790953610.426743) can0 2A3#0002EB29FFFD5D68
(1790953610.426868) can0 2A4#000123DCFFFD6704
(1790953610.426993) can0 2A5#000007BF000007CA
(1790953610.427093) can0 2A6#FFFFF84700000253
(1790953610.427243) can0 2A7#00004EADFFFFF5D5
(1790953610.431568) can0 2A1#0100010000000000
(1790953610.431641) can0 2A2#0000D606000008AE
(1790953610.431768) can0 2A3#0002EB29FFFD5D68
(1790953610.431877) can0 2A4#000123DCFFFD6704
(1790953610.431992) can0 2A5#000007BF000007CA
(1790953610.432118) can0 2A6#FFFFF84700000253
(1790953610.432244) can0 2A7#00004EADFFFFF5D5
(1790953610.436545) can0 2A1#0100010000000000
(1790953610.436645) can0 2A2#0000D606000008AE
(1790953610.436744) can0 2A3#0002EB29FFFD5D68
(1790953610.436868) can0 2A4#000123DCFFFD6704
(1790953610.436991) can0 2A5#000007BF000007CA
(1790953610.437118) can0 2A6#FFFFF84700000253
(1790953610.437243) can0 2A7#00004EADFFFFF5D5
(1790953610.441562) can0 2A1#0100010000000000
(1790953610.441645) can0 2A2#0000D606000008AE
(1790953610.441768) can0 2A3#0002EB29FFFD5D68
(1790953610.441893) can0 2A4#000123DCFFFD6704
(1790953610.441991) can0 2A5#000007BF000007CA
(1790953610.442118) can0 2A6#FFFFF84700000253
(1790953610.442243) can0 2A7#00004EADFFFFF5D5
(1790953610.446556) can0 2A1#0100010000000000
(1790953610.446616) can0 2A2#0000D606000008AE
(1790953610.446741) can0 2A3#0002EB29FFFD5D68
(1790953610.446867) can0 2A4#000123DCFFFD6704
(1790953610.446992) can0 2A5#000007BF000007CA
(1790953610.447118) can0 2A6#FFFFF84700000253
(1790953610.447241) can0 2A7#00004EADFFFFF5D5
(1790953610.451547) can0 2A1#0100010000000000
(1790953610.451650) can0 2A2#0000D606000008AE
(1790953610.451766) can0 2A3#0002EB29FFFD5D68
(1790953610.451866) can0 2A4#000123DCFFFD6704
(1790953610.451993) can0 2A5#000007BF000007CA
(1790953610.452119) can0 2A6#FFFFF84700000253
(1790953610.452242) can0 2A7#00004EADFFFFF5D5
(1790953610.456556) can0 2A1#0100010000000000
(1790953610.456630) can0 2A2#0000D606000008AE
(1790953610.456742) can0 2A3#0002EB29FFFD5D68
(1790953610.456874) can0 2A4#000123DCFFFD6704
(1790953610.456999) can0 2A5#000007BF000007CA
(1790953610.457123) can0 2A6#FFFFF84700000253
(1790953610.457244) can0 2A7#00004EADFFFFF5D5
(1790953610.461549) can0 2A1#0100010000000000
(1790953610.461643) can0 2A2#0000D606000008AE
(1790953610.461767) can0 2A3#0002EB29FFFD5D68
(1790953610.461867) can0 2A4#000123DCFFFD6704
(1790953610.461993) can0 2A5#000007BF000007CA
(1790953610.462118) can0 2A6#FFFFF84700000253
(1790953610.462243) can0 2A7#00004EADFFFFF5D5
(1790953610.466549) can0 2A1#0100010000000000
(1790953610.466623) can0 2A2#0000D606000008AE
(1790953610.466742) can0 2A3#0002EB29FFFD5D68
(1790953610.466868) can0 2A4#000123DCFFFD6704
(1790953610.466992) can0 2A5#000007BF000007CA
(1790953610.467116) can0 2A6#FFFFF84700000253
(1790953610.467242) can0 2A7#00004EADFFFFF5D5
(1790953610.471551) can0 2A1#0100010000000000
(1790953610.471645) can0 2A2#0000D606000008AE
(1790953610.471766) can0 2A3#0002EB29FFFD5D68
(1790953610.471891) can0 2A4#000123DCFFFD6704
(1790953610.471992) can0 2A5#000007BF000007CA
(1790953610.472141) can0 2A6#FFFFF84700000253
(1790953610.472242) can0 2A7#00004EADFFFFF5D5
(1790953610.476546) can0 2A1#0100010000000000
(1790953610.476647) can0 2A2#0000D606000008AE
(1790953610.476767) can0 2A3#0002EB29FFFD5D68
(1790953610.476868) can0 2A4#000123DCFFFD6704
(1790953610.476998) can0 2A5#000007BF000007CA
(1790953610.477117) can0 2A6#FFFFF84700000253
(1790953610.477242) can0 2A7#00004EADFFFFF5D5
(1790953610.481548) can0 2A1#0100010000000000
(1790953610.481641) can0 2A2#0000D606000008AE
(1790953610.481767) can0 2A3#0002EB29FFFD5D68
(1790953610.481891) can0 2A4#000123DCFFFD6704
(1790953610.482016) can0 2A5#000007BF000007CA
(1790953610.482116) can0 2A6#FFFFF84700000253
(1790953610.482241) can0 2A7#00004EADFFFFF5D5
(1790953610.486547) can0 2A1#0100010000000000
(1790953610.486623) can0 2A2#0000D606000008AE
(1790953610.486742) can0 2A3#0002EB29FFFD5D68
(1790953610.486867) can0 2A4#000123DCFFFD6704
(1790953610.486991) can0 2A5#000007BF000007CA
(1790953610.487117) can0 2A6#FFFFF84700000253
(1790953610.487242) can0 2A7#00004EADFFFFF5D5
(1790953610.491547) can0 2A1#0100010000000000
(1790953610.491646) can0 2A2#0000D606000008AE
(1790953610.491742) can0 2A3#0002EB29FFFD5D68
(1790953610.491891) can0 2A4#000123DCFFFD6704
(1790953610.491991) can0 2A5#000007BF000007CA
(1790953610.492116) can0 2A6#FFFFF84700000253
(1790953610.492242) can0 2A7#00004EADFFFFF5D5
(1790953610.496550) can0 2A1#0100010000000000
(1790953610.496623) can0 2A2#0000D606000008AE
(1790953610.496767) can0 2A3#0002EB29FFFD5D68
(1790953610.496867) can0 2A4#000123DCFFFD6704
(1790953610.496992) can0 2A5#000007BF000007CA
(1790953610.497116) can0 2A6#FFFFF84700000253
(1790953610.497242) can0 2A7#00004EADFFFFF5D5
(1790953610.501549) can0 2A1#0100010000000000
(1790953610.501644) can0 2A2#0000D606000008AE
(1790953610.501766) can0 2A3#0002EB29FFFD5D68
(1790953610.501868) can0 2A4#000123DCFFFD6704
(1790953610.501992) can0 2A5#000007BF000007CA
(1790953610.502118) can0 2A6#FFFFF84700000253
(1790953610.502242) can0 2A7#00004EADFFFFF5D5
(1790953610.506548) can0 2A1#0100010000000000
(1790953610.506642) can0 2A2#0000D606000008AE
(1790953610.506742) can0 2A3#0002EB29FFFD5D68
(1790953610.506867) can0 2A4#000123DCFFFD6704
(1790953610.506992) can0 2A5#000007BF000007CA
(1790953610.507092) can0 2A6#FFFFF84700000253
(1790953610.507242) can0 2A7#00004EADFFFFF5D5
(1790953610.511550) can0 2A1#0100010000000000
(1790953610.511642) can0 2A2#0000D606000008AE
(1790953610.511767) can0 2A3#0002EB29FFFD5D68
(1790953610.511867) can0 2A4#000123DCFFFD6704
(1790953610.511991) can0 2A5#000007BF000007CA
(1790953610.512119) can0 2A6#FFFFF84700000253
(1790953610.512242) can0 2A7#00004EADFFFFF5D5
(1790953610.516546) can0 2A1#0100010000000000
(1790953610.516623) can0 2A2#0000D606000008AE
(1790953610.516742) can0 2A3#0002EB29FFFD5D68
(1790953610.516868) can0 2A4#000123DCFFFD6704
(1790953610.516992) can0 2A5#000007BF000007CA
(1790953610.517116) can0 2A6#FFFFF84700000253
(1790953610.517242) can0 2A7#00004EADFFFFF5D5
(1790953610.521544) can0 2A1#0100010000000000
(1790953610.521645) can0 2A2#0000D606000008AE
(1790953610.521769) can0 2A3#0002EB29FFFD5D68
(1790953610.521872) can0 2A4#000123DCFFFD6704
(1790953610.521996) can0 2A5#000007BF000007CA
(1790953610.522118) can0 2A6#FFFFF84700000253
(1790953610.522244) can0 2A7#00004EADFFFFF5D5
(1790953610.526549) can0 2A1#0100010000000000
(1790953610.526642) can0 2A2#0000D606000008AE
(1790953610.526743) can0 2A3#0002EB29FFFD5D68
(1790953610.526870) can0 2A4#000123DCFFFD6704
(1790953610.526993) can0 2A5#000007BF000007CA
(1790953610.527118) can0 2A6#FFFFF84700000253
(1790953610.527243) can0 2A7#00004EADFFFFF5D5
(1790953610.531553) can0 2A1#0100010000000000
(1790953610.531646) can0 2A2#0000D606000008AE
(1790953610.531768) can0 2A3#0002EB29FFFD5D68
(1790953610.531868) can0 2A4#000123DCFFFD6704
(1790953610.531993) can0 2A5#000007BF000007CA
(1790953610.532117) can0 2A6#FFFFF84700000253
(1790953610.532243) can0 2A7#00004EADFFFFF5D5
(1790953610.536547) can0 2A1#0100010000000000
(1790953610.536643) can0 2A2#0000D606000008AE
(1790953610.536743) can0 2A3#0002EB29FFFD5D68
(1790953610.536869) can0 2A4#000123DCFFFD6704
(1790953610.536991) can0 2A5#000007BF000007CA
(1790953610.537118) can0 2A6#FFFFF84700000253
(1790953610.537243) can0 2A7#00004EADFFFFF5D5
(1790953610.541551) can0 2A1#0100010000000000
(1790953610.541641) can0 2A2#0000D606000008AE
(1790953610.541769) can0 2A3#0002EB29FFFD5D68
(1790953610.541893) can0 2A4#000123DCFFFD6704
(1790953610.541993) can0 2A5#000007BF000007CA
(1790953610.542118) can0 2A6#FFFFF84700000253
(1790953610.542243) can0 2A7#00004EADFFFFF5D5
(1790953610.546550) can0 2A1#0100010000000000
(1790953610.546621) can0 2A2#0000D606000008AE
(1790953610.546743) can0 2A3#0002EB29FFFD5D68
(1790953610.546869) can0 2A4#000123DCFFFD6704
(1790953610.546993) can0 2A5#000007BF000007CA
(1790953610.547117) can0 2A6#FFFFF84700000253
(1790953610.547243) can0 2A7#00004EADFFFFF5D5
(1790953610.551547) can0 2A1#0100010000000000
(1790953610.551642) can0 2A2#0000D606000008AE
(1790953610.551769) can0 2A3#0002EB29FFFD5D68
(1790953610.551867) can0 2A4#000123DCFFFD6704
(1790953610.551993) can0 2A5#000007BF000007CA
(1790953610.552143) can0 2A6#FFFFF84700000253
(1790953610.552243) can0 2A7#00004EADFFFFF5D5
(1790953610.556547) can0 2A1#0100010000000000
(1790953610.556621) can0 2A2#0000D606000008AE
(1790953610.556742) can0 2A3#0002EB29FFFD5D68
(1790953610.556873) can0 2A4#000123DCFFFD6704
(1790953610.556994) can0 2A5#000007BF000007CA
(1790953610.557118) can0 2A6#FFFFF84700000253
(1790953610.557244) can0 2A7#00004EADFFFFF5D5
(1790953610.561547) can0 2A1#0100010000000000
(1790953610.561643) can0 2A2#0000D606000008AE
(1790953610.561769) can0 2A3#0002EB29FFFD5D68
(1790953610.561870) can0 2A4#000123DCFFFD6704
(1790953610.561994) can0 2A5#000007BF000007CA
(1790953610.562146) can0 2A6#FFFFF84700000253
(1790953610.562243) can0 2A7#00004EADFFFFF5D5
(1790953610.566549) can0 2A1#0100010000000000
(1790953610.566623) can0 2A2#0000D606000008AE
(1790953610.566746) can0 2A3#0002EB29FFFD5D68
(1790953610.566869) can0 2A4#000123DCFFFD6704
(1790953610.566993) can0 2A5#000007BF000007CA
(1790953610.567118) can0 2A6#FFFFF84700000253
(1790953610.567244) can0 2A7#00004EADFFFFF5D5
(1790953610.571551) can0 2A1#0100010000000000
(1790953610.571643) can0 2A2#0000D606000008AE
(1790953610.571743) can0 2A3#0002EB29FFFD5D68
(1790953610.571895) can0 2A4#000123DCFFFD6704
(1790953610.572021) can0 2A5#000007BF000007CA
(1790953610.572143) can0 2A6#FFFFF84700000253
(1790953610.572243) can0 2A7#00004EADFFFFF5D5
(1790953610.576549) can0 2A1#0100010000000000
(1790953610.576647) can0 2A2#0000D606000008AE
(1790953610.576771) can0 2A3#0002EB29FFFD5D68
(1790953610.576869) can0 2A4#000123DCFFFD6704
(1790953610.576992) can0 2A5#000007BF000007CA
(1790953610.577121) can0 2A6#FFFFF84700000253
(1790953610.577217) can0 2A7#00004EADFFFFF5D5
(1790953610.581552) can0 2A1#0100010000000000
(1790953610.581646) can0 2A2#0000D606000008AE
(1790953610.581770) can0 2A3#0002EB29FFFD5D68
(1790953610.581894) can0 2A4#000123DCFFFD6704
(1790953610.582017) can0 2A5#000007BF000007CA
(1790953610.582117) can0 2A6#FFFFF84700000253
(1790953610.582243) can0 2A7#00004EADFFFFF5D5
(1790953610.586551) can0 2A1#0100010000000000
(1790953610.586623) can0 2A2#0000D606000008AE
(1790953610.586745) can0 2A3#0002EB29FFFD5D68
(1790953610.586872) can0 2A4#000123DCFFFD6704
(1790953610.586995) can0 2A5#000007BF000007CA
(1790953610.587117) can0 2A6#FFFFF84700000253
(1790953610.587242) can0 2A7#00004EADFFFFF5D5
(1790953610.591550) can0 2A1#0100010000000000
(1790953610.591647) can0 2A2#0000D606000008AE
(1790953610.591770) can0 2A3#0002EB29FFFD5D68
(1790953610.591892) can0 2A4#000123DCFFFD6704
(1790953610.591992) can0 2A5#000007BF000007CA
(1790953610.592120) can0 2A6#FFFFF84700000253
(1790953610.592246) can0 2A7#00004EADFFFFF5D5
(1790953610.596555) can0 2A1#0100010000000000
(1790953610.596627) can0 2A2#0000D606000008AE
(1790953610.596745) can0 2A3#0002EB29FFFD5D68
(1790953610.596869) can0 2A4#000123DCFFFD6704
(1790953610.596992) can0 2A5#000007BF000007CA
(1790953610.597117) can0 2A6#FFFFF84700000253
(1790953610.597242) can0 2A7#00004EADFFFFF5D5
(1790953610.601550) can0 2A1#0100010000000000
(1790953610.601647) can0 2A2#0000D606000008AE
(1790953610.601770) can0 2A3#0002EB29FFFD5D68
(1790953610.601873) can0 2A4#000123DCFFFD6704
(1790953610.601995) can0 2A5#000007BF000007CA
(1790953610.602120) can0 2A6#FFFFF84700000253
(1790953610.602243) can0 2A7#00004EADFFFFF5D5
(1790953610.606557) can0 2A1#0100010000000000
(1790953610.606625) can0 2A2#0000D606000008AE
(1790953610.606745) can0 2A3#0002EB29FFFD5D68
(1790953610.606868) can0 2A4#000123DCFFFD6704
(1790953610.606992) can0 2A5#000007BF000007CA
(1790953610.607120) can0 2A6#FFFFF84700000253
(1790953610.607243) can0 2A7#00004EADFFFFF5D5
(1790953610.611551) can0 2A1#0100010000000000
(1790953610.611648) can0 2A2#0000D606000008AE
(1790953610.611770) can0 2A3#0002EB29FFFD5D68
(1790953610.611869) can0 2A4#000123DCFFFD6704
(1790953610.611995) can0 2A5#000007BF000007CA
(1790953610.612142) can0 2A6#FFFFF84700000253
(1790953610.612242) can0 2A7#00004EADFFFFF5D5
(1790953610.616550) can0 2A1#0100010000000000
(1790953610.616641) can0 2A2#0000D606000008AE
(1790953610.616767) can0 2A3#0002EB29FFFD5D68
(1790953610.616870) can0 2A4#000123DCFFFD6704
(1790953610.616992) can0 2A5#000007BF000007CA
(1790953610.617120) can0 2A6#FFFFF84700000253
(1790953610.617219) can0 2A7#00004EADFFFFF5D5
(1790953610.621550) can0 2A1#0100010000000000
(1790953610.621646) can0 2A2#0000D606000008AE
(1790953610.621767) can0 2A3#0002EB29FFFD5D68
(1790953610.621895) can0 2A4#000123DCFFFD6704
(1790953610.622018) can0 2A5#000007BF000007CA
(1790953610.622117) can0 2A6#FFFFF84700000253
(1790953610.622242) can0 2A7#00004EADFFFFF5D5
(1790953610.626554) can0 2A1#0100010000000000
(1790953610.626617) can0 2A2#0000D606000008AE
(1790953610.626768) can0 2A3#0002EB29FFFD5D68
(1790953610.626869) can0 2A4#000123DCFFFD6704
(1790953610.626992) can0 2A5#000007BF000007CA
(1790953610.627120) can0 2A6#FFFFF84700000253
(1790953610.627243) can0 2A7#00004EADFFFFF5D5
(1790953610.631551) can0 2A1#0100010000000000
(1790953610.631648) can0 2A2#0000D606000008AE
(1790953610.631745) can0 2A3#0002EB29FFFD5D68
(1790953610.631868) can0 2A4#000123DCFFFD6704
(1790953610.632018) can0 2A5#000007BF000007CA
(1790953610.632117) can0 2A6#FFFFF84700000253
(1790953610.632243) can0 2A7#00004EADFFFFF5D5
(1790953610.636551) can0 2A1#0100010000000000
(1790953610.636627) can0 2A2#0000D606000008AE
(1790953610.636745) can0 2A3#0002EB29FFFD5D68
(1790953610.636867) can0 2A4#000123DCFFFD6704
(1790953610.636992) can0 2A5#000007BF000007CA
(1790953610.637119) can0 2A6#FFFFF84700000253
(1790953610.637243) can0 2A7#00004EADFFFFF5D5
(1790953610.641557) can0 2A1#0100010000000000
(1790953610.641642) can0 2A2#0000D606000008AE
(1790953610.641743) can0 2A3#0002EB29FFFD5D68
(1790953610.641867) can0 2A4#000123DCFFFD6704
(1790953610.642020) can0 2A5#000007BF000007CA
(1790953610.642117) can0 2A6#FFFFF84700000253
(1790953610.642242) can0 2A7#00004EADFFFFF5D5
(1790953610.646549) can0 2A1#0100010000000000
(1790953610.646641) can0 2A2#0000D606000008AE
(1790953610.646769) can0 2A3#0002EB29FFFD5D68
(1790953610.646871) can0 2A4#000123DCFFFD6704
(1790953610.646993) can0 2A5#000007BF000007CA
(1790953610.647117) can0 2A6#FFFFF84700000253
(1790953610.647245) can0 2A7#00004EADFFFFF5D5
(1790953610.651549) can0 2A1#0100010000000000
(1790953610.651642) can0 2A2#0000D606000008AE
(1790953610.651770) can0 2A3#0002EB29FFFD5D68
(1790953610.651870) can0 2A4#000123DCFFFD6704
(1790953610.651993) can0 2A5#000007BF000007CA
(1790953610.652143) can0 2A6#FFFFF84700000253
(1790953610.652241) can0 2A7#00004EADFFFFF5D5
(1790953610.656546) can0 2A1#0100010000000000
(1790953610.656642) can0 2A2#0000D606000008AE
(1790953610.656768) can0 2A3#0002EB29FFFD5D68
(1790953610.656868) can0 2A4#000123DCFFFD6704
(1790953610.656993) can0 2A5#000007BF000007CA
(1790953610.657120) can0 2A6#FFFFF84700000253
(1790953610.657244) can0 2A7#00004EADFFFFF5D5
(1790953610.661548) can0 2A1#0100010000000000
(1790953610.661649) can0 2A2#0000D606000008AE
(1790953610.661769) can0 2A3#0002EB29FFFD5D68
(1790953610.661869) can0 2A4#000123DCFFFD6704
(1790953610.662017) can0 2A5#000007BF000007CA
(1790953610.662142) can0 2A6#FFFFF84700000253
(1790953610.662244) can0 2A7#00004EADFFFFF5D5
(1790953610.666546) can0 2A1#0100010000000000
(1790953610.666643) can0 2A2#0000D606000008AE
(1790953610.666769) can0 2A3#0002EB29FFFD5D68
(1790953610.666868) can0 2A4#000123DCFFFD6704
(1790953610.666994) can0 2A5#000007BF000007CA
(1790953610.667119) can0 2A6#FFFFF84700000253
(1790953610.667244) can0 2A7#00004EADFFFFF5D5
(1790953610.671550) can0 2A1#0100010000000000
(1790953610.671642) can0 2A2#0000D606000008AE
(1790953610.671769) can0 2A3#0002EB29FFFD5D68
(1790953610.671869) can0 2A4#000123DCFFFD6704
(1790953610.672019) can0 2A5#000007BF000007CA
(1790953610.672144) can0 2A6#FFFFF84700000253
(1790953610.672244) can0 2A7#00004EADFFFFF5D5
(1790953610.676551) can0 2A1#0100010000000000
(1790953610.676627) can0 2A2#0000D606000008AE
(1790953610.676744) can0 2A3#0002EB29FFFD5D68
(1790953610.676870) can0 2A4#000123DCFFFD6704
(1790953610.676995) can0 2A5#000007BF000007CA
(1790953610.677120) can0 2A6#FFFFF84700000253
(1790953610.677244) can0 2A7#00004EADFFFFF5D5
(1790953610.681548) can0 2A1#0100010000000000
(1790953610.681649) can0 2A2#0000D606000008AE
(1790953610.681769) can0 2A3#0002EB29FFFD5D68
(1790953610.681871) can0 2A4#000123DCFFFD6704
(1790953610.681992) can0 2A5#000007BF000007CA
(1790953610.682119) can0 2A6#FFFFF84700000253
(1790953610.682244) can0 2A7#00004EADFFFFF5D5
(1790953610.686548) can0 2A1#0100010000000000
(1790953610.686646) can0 2A2#0000D606000008AE
(1790953610.686744) can0 2A3#0002EB29FFFD5D68
(1790953610.686869) can0 2A4#000123DCFFFD6704
(1790953610.686994) can0 2A5#000007BF000007CA
(1790953610.687119) can0 2A6#FFFFF84700000253
(1790953610.687219) can0 2A7#00004EADFFFFF5D5
(1790953610.691548) can0 2A1#0100010000000000
(1790953610.691645) can0 2A2#0000D606000008AE
(1790953610.691768) can0 2A3#0002EB29FFFD5D68
(1790953610.691894) can0 2A4#000123DCFFFD6704
(1790953610.692018) can0 2A5#000007BF000007CA
(1790953610.692144) can0 2A6#FFFFF84700000253
(1790953610.692244) can0 2A7#00004EADFFFFF5D5
(1790953610.696545) can0 2A1#0100010000000000
(1790953610.696642) can0 2A2#0000D606000008AE
(1790953610.696744) can0 2A3#0002EB29FFFD5D68
(1790953610.696876) can0 2A4#000123DCFFFD6704
(1790953610.696994) can0 2A5#000007BF000007CA
(1790953610.697118) can0 2A6#FFFFF84700000253
(1790953610.697217) can0 2A7#00004EADFFFFF5D5
(1790953610.701548) can0 2A1#0100010000000000
(1790953610.701642) can0 2A2#0000D606000008AE
(1790953610.701769) can0 2A3#0002EB29FFFD5D68
(1790953610.701894) can0 2A4#000123DCFFFD6704
(1790953610.702019) can0 2A5#000007BF000007CA
(1790953610.702119) can0 2A6#FFFFF84700000253
(1790953610.702244) can0 2A7#00004EADFFFFF5D5
(1790953610.706548) can0 2A1#0100010000000000
(1790953610.706643) can0 2A2#0000D606000008AE
(1790953610.706744) can0 2A3#0002EB29FFFD5D68
(1790953610.706868) can0 2A4#000123DCFFFD6704
(1790953610.706992) can0 2A5#000007BF000007CA
(1790953610.707119) can0 2A6#FFFFF84700000253
(1790953610.707244) can0 2A7#00004EADFFFFF5D5
(1790953610.711551) can0 2A1#0100010000000000
(1790953610.711642) can0 2A2#0000D606000008AE
(1790953610.711769) can0 2A3#0002EB29FFFD5D68
(1790953610.711893) can0 2A4#000123DCFFFD6704
(1790953610.711992) can0 2A5#000007BF000007CA
(1790953610.712119) can0 2A6#FFFFF84700000253
(1790953610.712244) can0 2A7#00004EADFFFFF5D5
(1790953610.716547) can0 2A1#0100010000000000
(1790953610.716617) can0 2A2#0000D606000008AE
(1790953610.716769) can0 2A3#0002EB29FFFD5D68
(1790953610.716871) can0 2A4#000123DCFFFD6704
(1790953610.716995) can0 2A5#000007BF000007CA
(1790953610.717120) can0 2A6#FFFFF84700000253
(1790953610.717242) can0 2A7#00004EADFFFFF5D5
(1790953610.721546) can0 2A1#0100010000000000
(1790953610.721644) can0 2A2#0000D606000008AE
(1790953610.721770) can0 2A3#0002EB29FFFD5D68
(1790953610.721869) can0 2A4#000123DCFFFD6704
(1790953610.721994) can0 2A5#000007BF000007CA
(1790953610.722119) can0 2A6#FFFFF84700000253
(1790953610.722243) can0 2A7#00004EADFFFFF5D5
(1790953610.726544) can0 2A1#0100010000000000
(1790953610.726642) can0 2A2#0000D606000008AE
(1790953610.726769) can0 2A3#0002EB29FFFD5D68
(1790953610.726870) can0 2A4#000123DCFFFD6704
(1790953610.726994) can0 2A5#000007BF000007CA
(1790953610.727120) can0 2A6#FFFFF84700000253
(1790953610.727242) can0 2A7#00004EADFFFFF5D5
(1790953610.731553) can0 2A1#0100010000000000
(1790953610.731643) can0 2A2#0000D606000008AE
(1790953610.731769) can0 2A3#0002EB29FFFD5D68
(1790953610.731870) can0 2A4#000123DCFFFD6704
(1790953610.732017) can0 2A5#000007BF000007CA
(1790953610.732119) can0 2A6#FFFFF84700000253
(1790953610.732242) can0 2A7#00004EADFFFFF5D5
(1790953610.736545) can0 2A1#0100010000000000
(1790953610.736619) can0 2A2#0000D606000008AE
(1790953610.736744) can0 2A3#0002EB29FFFD5D68
(1790953610.736869) can0 2A4#000123DCFFFD6704
(1790953610.736994) can0 2A5#000007BF000007CA
(1790953610.737118) can0 2A6#FFFFF84700000253
(1790953610.737242) can0 2A7#00004EADFFFFF5D5
(1790953610.741550) can0 2A1#0100010000000000
(1790953610.741650) can0 2A2#0000D606000008AE
(1790953610.741772) can0 2A3#0002EB29FFFD5D68
(1790953610.741894) can0 2A4#000123DCFFFD6704
(1790953610.742019) can0 2A5#000007BF000007CA
(1790953610.742119) can0 2A6#FFFFF84700000253
(1790953610.742244) can0 2A7#00004EADFFFFF5D5
(1790953610.746561) can0 2A1#0100010000000000
(1790953610.746642) can0 2A2#0000D606000008AE
(1790953610.746745) can0 2A3#0002EB29FFFD5D68
(1790953610.746870) can0 2A4#000123DCFFFD6704
(1790953610.746992) can0 2A5#000007BF000007CA
(1790953610.747094) can0 2A6#FFFFF84700000253
(1790953610.747219) can0 2A7#00004EADFFFFF5D5
(1790953610.751589) can0 2A1#0100010000000000
(1790953610.751643) can0 2A2#0000D606000008AE
(1790953610.751769) can0 2A3#0002EB29FFFD5D68
(1790953610.751894) can0 2A4#000123DCFFFD6704
(1790953610.752017) can0 2A5#000007BF000007CA
(1790953610.752120) can0 2A6#FFFFF84700000253
(1790953610.752243) can0 2A7#00004EADFFFFF5D5
(1790953610.756547) can0 2A1#0100010000000000
(1790953610.756621) can0 2A2#0000D606000008AE
(1790953610.756768) can0 2A3#0002EB29FFFD5D68
(1790953610.756869) can0 2A4#000123DCFFFD6704
(1790953610.756992) can0 2A5#000007BF000007CA
(1790953610.757116) can0 2A6#FFFFF84700000253
(1790953610.757243) can0 2A7#00004EADFFFFF5D5
(1790953610.761546) can0 2A1#0100010000000000
(1790953610.761646) can0 2A2#0000D606000008AE
(1790953610.761767) can0 2A3#0002EB29FFFD5D68
(1790953610.761895) can0 2A4#000123DCFFFD6704
(1790953610.762018) can0 2A5#000007BF000007CA
(1790953610.762118) can0 2A6#FFFFF84700000253
(1790953610.762243) can0 2A7#00004EADFFFFF5D5
(1790953610.766542) can0 2A1#0100010000000000
(1790953610.766641) can0 2A2#0000D606000008AE
(1790953610.766769) can0 2A3#0002EB29FFFD5D68
(1790953610.766867) can0 2A4#000123DCFFFD6704
(1790953610.766993) can0 2A5#000007BF000007CA
(1790953610.767116) can0 2A6#FFFFF84700000253
(1790953610.767243) can0 2A7#00004EADFFFFF5D5
(1790953610.771562) can0 2A1#0100010000000000
(1790953610.771647) can0 2A2#0000D606000008AE
(1790953610.771769) can0 2A3#0002EB29FFFD5D68
(1790953610.771869) can0 2A4#000123DCFFFD6704
(1790953610.771993) can0 2A5#000007BF000007CA
(1790953610.772142) can0 2A6#FFFFF84700000253
(1790953610.772243) can0 2A7#00004EADFFFFF5D5
(1790953610.776549) can0 2A1#0100010000000000
(1790953610.776617) can0 2A2#0000D606000008AE
(1790953610.776744) can0 2A3#0002EB29FFFD5D68
(1790953610.776869) can0 2A4#000123DCFFFD6704
(1790953610.776992) can0 2A5#000007BF000007CA
(1790953610.777119) can0 2A6#FFFFF84700000253
(1790953610.777242) can0 2A7#00004EADFFFFF5D5
(1790953610.781547) can0 2A1#0100010000000000
(1790953610.781643) can0 2A2#0000D606000008AE
(1790953610.781768) can0 2A3#0002EB29FFFD5D68
(1790953610.781868) can0 2A4#000123DCFFFD6704
(1790953610.782018) can0 2A5#000007BF000007CA
(1790953610.782118) can0 2A6#FFFFF84700000253
(1790953610.782244) can0 2A7#00004EADFFFFF5D5
(1790953610.786551) can0 2A1#0100010000000000
(1790953610.786648) can0 2A2#0000D606000008AE
(1790953610.786768) can0 2A3#0002EB29FFFD5D68
(1790953610.786868) can0 2A4#000123DCFFFD6704
(1790953610.786993) can0 2A5#000007BF000007CA
(1790953610.787116) can0 2A6#FFFFF84700000253
(1790953610.787243) can0 2A7#00004EADFFFFF5D5
(1790953610.791546) can0 2A1#0100010000000000
(1790953610.791641) can0 2A2#0000D606000008AE
(1790953610.791768) can0 2A3#0002EB29FFFD5D68
(1790953610.791893) can0 2A4#000123DCFFFD6704
(1790953610.792017) can0 2A5#000007BF000007CA
(1790953610.792143) can0 2A6#FFFFF84700000253
(1790953610.792244) can0 2A7#00004EADFFFFF5D5
(1790953610.796547) can0 2A1#0100010000000000
(1790953610.796641) can0 2A2#0000D606000008AE
(1790953610.796768) can0 2A3#0002EB29FFFD5D68
(1790953610.796881) can0 2A4#000123DCFFFD6704
(1790953610.796993) can0 2A5#000007BF000007CA
(1790953610.797118) can0 2A6#FFFFF84700000253
(1790953610.797243) can0 2A7#00004EADFFFFF5D5
(1790953610.801547) can0 2A1#0100010000000000
(1790953610.801642) can0 2A2#0000D606000008AE
(1790953610.801768) can0 2A3#0002EB29FFFD5D68
(1790953610.801895) can0 2A4#000123DCFFFD6704
(1790953610.802019) can0 2A5#000007BF000007CA
(1790953610.802118) can0 2A6#FFFFF84700000253
(1790953610.802243) can0 2A7#00004EADFFFFF5D5
(1790953610.806546) can0 2A1#0100010000000000
(1790953610.806645) can0 2A2#0000D606000008AE
(1790953610.806747) can0 2A3#0002EB29FFFD5D68
(1790953610.806870) can0 2A4#000123DCFFFD6704
(1790953610.806993) can0 2A5#000007BF000007CA
(1790953610.807116) can0 2A6#FFFFF84700000253
(1790953610.807243) can0 2A7#00004EADFFFFF5D5
(1790953610.811548) can0 2A1#0100010000000000
(1790953610.811646) can0 2A2#0000D606000008AE
(1790953610.811770) can0 2A3#0002EB29FFFD5D68
(1790953610.811867) can0 2A4#000123DCFFFD6704
(1790953610.811991) can0 2A5#000007BF000007CA
(1790953610.812143) can0 2A6#FFFFF84700000253
(1790953610.812243) can0 2A7#00004EADFFFFF5D5
(1790953610.816545) can0 2A1#0100010000000000
(1790953610.816644) can0 2A2#0000D606000008AE
(1790953610.816769) can0 2A3#0002EB29FFFD5D68
(1790953610.816870) can0 2A4#000123DCFFFD6704
(1790953610.816993) can0 2A5#000007BF000007CA
(1790953610.817117) can0 2A6#FFFFF84700000253
(1790953610.817242) can0 2A7#00004EADFFFFF5D5
(1790953610.821602) can0 2A1#0100010000000000
(1790953610.821644) can0 2A2#0000D606000008AE
(1790953610.821772) can0 2A3#0002EB29FFFD5D68
(1790953610.821873) can0 2A4#000123DCFFFD6704
(1790953610.821993) can0 2A5#000007BF000007CA
(1790953610.822115) can0 2A6#FFFFF84700000253
(1790953610.822245) can0 2A7#00004EADFFFFF5D5
(1790953610.826549) can0 2A1#0100010000000000
(1790953610.826643) can0 2A2#0000D606000008AE
(1790953610.826745) can0 2A3#0002EB29FFFD5D68
(1790953610.826869) can0 2A4#000123DCFFFD6704
(1790953610.826993) can0 2A5#000007BF000007CA
(1790953610.827120) can0 2A6#FFFFF84700000253
(1790953610.827242) can0 2A7#00004EADFFFFF5D5
(1790953610.831550) can0 2A1#0100010000000000
(1790953610.831642) can0 2A2#0000D606000008AE
(1790953610.831770) can0 2A3#0002EB29FFFD5D68
(1790953610.831892) can0 2A4#000123DCFFFD6704
(1790953610.831995) can0 2A5#000007BF000007CA
(1790953610.832118) can0 2A6#FFFFF84700000253
(1790953610.832243) can0 2A7#00004EADFFFFF5D5
(1790953610.836553) can0 2A1#0100010000000000
(1790953610.836650) can0 2A2#0000D606000008AE
(1790953610.836771) can0 2A3#0002EB29FFFD5D68
(1790953610.836867) can0 2A4#000123DCFFFD6704
(1790953610.836993) can0 2A5#000007BF000007CA
(1790953610.837117) can0 2A6#FFFFF84700000253
(1790953610.837242) can0 2A7#00004EADFFFFF5D5
(1790953610.841555) can0 2A1#0100010000000000
(1790953610.841641) can0 2A2#0000D606000008AE
(1790953610.841770) can0 2A3#0002EB29FFFD5D68
(1790953610.841868) can0 2A4#000123DCFFFD6704
(1790953610.841993) can0 2A5#000007BF000007CA
(1790953610.842120) can0 2A6#FFFFF84700000253
(1790953610.842245) can0 2A7#00004EADFFFFF5D5
(1790953610.846554) can0 2A1#0100010000000000
(1790953610.846644) can0 2A2#0000D606000008AE
(1790953610.846770) can0 2A3#0002EB29FFFD5D68
(1790953610.846870) can0 2A4#000123DCFFFD6704
(1790953610.846995) can0 2A5#000007BF000007CA
(1790953610.847117) can0 2A6#FFFFF84700000253
(1790953610.847242) can0 2A7#00004EADFFFFF5D5
(1790953610.851550) can0 2A1#0100010000000000
(1790953610.851641) can0 2A2#0000D606000008AE
(1790953610.851768) can0 2A3#0002EB29FFFD5D68
(1790953610.851892) can0 2A4#000123DCFFFD6704
(1790953610.852017) can0 2A5#000007BF000007CA
(1790953610.852147) can0 2A6#FFFFF84700000253
(1790953610.852242) can0 2A7#00004EADFFFFF5D5
(1790953610.856547) can0 2A1#0100010000000000
(1790953610.856646) can0 2A2#0000D606000008AE
(1790953610.856743) can0 2A3#0002EB29FFFD5D68
(1790953610.856868) can0 2A4#000123DCFFFD6704
(1790953610.856993) can0 2A5#000007BF000007CA
(1790953610.857118) can0 2A6#FFFFF84700000253
(1790953610.857241) can0 2A7#00004EADFFFFF5D5
(1790953610.861553) can0 2A1#0100010000000000
(1790953610.861647) can0 2A2#0000D606000008AE
(1790953610.861767) can0 2A3#0002EB29FFFD5D68
(1790953610.861867) can0 2A4#000123DCFFFD6704
(1790953610.861993) can0 2A5#000007BF000007CA
(1790953610.862142) can0 2A6#FFFFF84700000253
(1790953610.862243) can0 2A7#00004EADFFFFF5D5
(1790953610.866546) can0 2A1#0100010000000000
(1790953610.866646) can0 2A2#0000D606000008AE
(1790953610.866767) can0 2A3#0002EB29FFFD5D68
(1790953610.866868) can0 2A4#000123DCFFFD6704
(1790953610.866993) can0 2A5#000007BF000007CA
(1790953610.867119) can0 2A6#FFFFF84700000253
(1790953610.867244) can0 2A7#00004EADFFFFF5D5
(1790953610.871551) can0 2A1#0100010000000000
(1790953610.871644) can0 2A2#0000D606000008AE
(1790953610.871768) can0 2A3#0002EB29FFFD5D68
(1790953610.871893) can0 2A4#000123DCFFFD6704
(1790953610.871993) can0 2A5#000007BF000007CA
(1790953610.872141) can0 2A6#FFFFF84700000253
(1790953610.872242) can0 2A7#00004EADFFFFF5D5
(1790953610.876547) can0 2A1#0100010000000000
(1790953610.876642) can0 2A2#0000D606000008AE
(1790953610.876768) can0 2A3#0002EB29FFFD5D68
(1790953610.876867) can0 2A4#000123DCFFFD6704
(1790953610.876994) can0 2A5#000007BF000007CA
(1790953610.877118) can0 2A6#FFFFF84700000253
(1790953610.877242) can0 2A7#00004EADFFFFF5D5
(1790953610.881556) can0 2A1#0100010000000000
(1790953610.881643) can0 2A2#0000D606000008AE
(1790953610.881768) can0 2A3#0002EB29FFFD5D68
(1790953610.881874) can0 2A4#000123DCFFFD6704
(1790953610.882017) can0 2A5#000007BF000007CA
(1790953610.882118) can0 2A6#FFFFF84700000253
(1790953610.882243) can0 2A7#00004EADFFFFF5D5
(1790953610.886546) can0 2A1#0100010000000000
(1790953610.886647) can0 2A2#0000D606000008AE
(1790953610.886743) can0 2A3#0002EB29FFFD5D68
(1790953610.886872) can0 2A4#000123DCFFFD6704
(1790953610.886992) can0 2A5#000007BF000007CA
(1790953610.887117) can0 2A6#FFFFF84700000253
(1790953610.887242) can0 2A7#00004EADFFFFF5D5
(1790953610.891547) can0 2A1#0100010000000000
(1790953610.891647) can0 2A2#0000D606000008AE
(1790953610.891766) can0 2A3#0002EB29FFFD5D68
(1790953610.891878) can0 2A4#000123DCFFFD6704
(1790953610.891992) can0 2A5#000007BF000007CA
(1790953610.892117) can0 2A6#FFFFF84700000253
(1790953610.892242) can0 2A7#00004EADFFFFF5D5
(1790953610.896549) can0 2A1#0100010000000000
(1790953610.896642) can0 2A2#0000D606000008AE
(1790953610.896768) can0 2A3#0002EB29FFFD5D68
(1790953610.896867) can0 2A4#000123DCFFFD6704
(1790953610.896992) can0 2A5#000007BF000007CA
(1790953610.897117) can0 2A6#FFFFF84700000253
(1790953610.897217) can0 2A7#00004EADFFFFF5D5
(1790953610.901547) can0 2A1#0100010000000000
(1790953610.901646) can0 2A2#0000D606000008AE
(1790953610.901767) can0 2A3#0002EB29FFFD5D68
(1790953610.901892) can0 2A4#000123DCFFFD6704
(1790953610.902017) can0 2A5#000007BF000007CA
(1790953610.902142) can0 2A6#FFFFF84700000253
(1790953610.902242) can0 2A7#00004EADFFFFF5D5
(1790953610.906547) can0 2A1#0100010000000000
(1790953610.906643) can0 2A2#0000D606000008AE
(1790953610.906766) can0 2A3#0002EB29FFFD5D68
(1790953610.906874) can0 2A4#000123DCFFFD6704
(1790953610.906995) can0 2A5#000007BF000007CA
(1790953610.907118) can0 2A6#FFFFF84700000253
(1790953610.907244) can0 2A7#00004EADFFFFF5D5
(1790953610.911547) can0 2A1#0100010000000000
(1790953610.911641) can0 2A2#0000D606000008AE
(1790953610.911768) can0 2A3#0002EB29FFFD5D68
(1790953610.911867) can0 2A4#000123DCFFFD6704
(1790953610.912018) can0 2A5#000007BF000007CA
(1790953610.912116) can0 2A6#FFFFF84700000253
(1790953610.912241) can0 2A7#00004EADFFFFF5D5
(1790953610.916545) can0 2A1#0100010000000000
(1790953610.916621) can0 2A2#0000D606000008AE
(1790953610.916767) can0 2A3#0002EB29FFFD5D68
(1790953610.916868) can0 2A4#000123DCFFFD6704
(1790953610.916993) can0 2A5#000007BF000007CA
(1790953610.917118) can0 2A6#FFFFF84700000253
(1790953610.917243) can0 2A7#00004EADFFFFF5D5
(1790953610.921546) can0 2A1#0100010000000000
(1790953610.921646) can0 2A2#0000D606000008AE
(1790953610.921766) can0 2A3#0002EB29FFFD5D68
(1790953610.921875) can0 2A4#000123DCFFFD6704
(1790953610.922017) can0 2A5#000007BF000007CA
(1790953610.922117) can0 2A6#FFFFF84700000253
(1790953610.922241) can0 2A7#00004EADFFFFF5D5
(1790953610.926559) can0 2A1#0100010000000000
(1790953610.926642) can0 2A2#0000D606000008AE
(1790953610.926768) can0 2A3#0002EB29FFFD5D68
(1790953610.926868) can0 2A4#000123DCFFFD6704
(1790953610.926993) can0 2A5#000007BF000007CA
(1790953610.927118) can0 2A6#FFFFF84700000253
(1790953610.927241) can0 2A7#00004EADFFFFF5D5
(1790953610.931542) can0 2A1#0100010000000000
(1790953610.931645) can0 2A2#0000D606000008AE
(1790953610.931768) can0 2A3#0002EB29FFFD5D68
(1790953610.931892) can0 2A4#000123DCFFFD6704
(1790953610.932018) can0 2A5#000007BF000007CA
(1790953610.932143) can0 2A6#FFFFF84700000253
(1790953610.932241) can0 2A7#00004EADFFFFF5D5
(1790953610.936547) can0 2A1#0100010000000000
(1790953610.936647) can0 2A2#0000D606000008AE
(1790953610.936743) can0 2A3#0002EB29FFFD5D68
(1790953610.936893) can0 2A4#000123DCFFFD6704
(1790953610.936992) can0 2A5#000007BF000007CA
(1790953610.937116) can0 2A6#FFFFF84700000253
(1790953610.937243) can0 2A7#00004EADFFFFF5D5
(1790953610.941546) can0 2A1#0100010000000000
(1790953610.941645) can0 2A2#0000D606000008AE
(1790953610.941768) can0 2A3#0002EB29FFFD5D68
(1790953610.941891) can0 2A4#000123DCFFFD6704
(1790953610.942022) can0 2A5#000007BF000007CA
(1790953610.942143) can0 2A6#FFFFF84700000253
(1790953610.942243) can0 2A7#00004EADFFFFF5D5
(1790953610.946549) can0 2A1#0100010000000000
(1790953610.946642) can0 2A2#0000D606000008AE
(1790953610.946768) can0 2A3#0002EB29FFFD5D68
(1790953610.946868) can0 2A4#000123DCFFFD6704
(1790953610.946993) can0 2A5#000007BF000007CA
(1790953610.947116) can0 2A6#FFFFF84700000253
(1790953610.947243) can0 2A7#00004EADFFFFF5D5
(1790953610.951546) can0 2A1#0100010000000000
(1790953610.951641) can0 2A2#0000D606000008AE
(1790953610.951768) can0 2A3#0002EB29FFFD5D68
(1790953610.951891) can0 2A4#000123DCFFFD6704
(1790953610.952016) can0 2A5#000007BF000007CA
(1790953610.952146) can0 2A6#FFFFF84700000253
(1790953610.952244) can0 2A7#00004EADFFFFF5D5
(1790953610.956555) can0 2A1#0100010000000000
(1790953610.956641) can0 2A2#0000D606000008AE
(1790953610.956742) can0 2A3#0002EB29FFFD5D68
(1790953610.956873) can0 2A4#000123DCFFFD6704
(1790953610.956992) can0 2A5#000007BF000007CA
(1790953610.957116) can0 2A6#FFFFF84700000253
(1790953610.957243) can0 2A7#00004EADFFFFF5D5
(1790953610.961580) can0 2A1#0100010000000000
(1790953610.961649) can0 2A2#0000D606000008AE
(1790953610.961767) can0 2A3#0002EB29FFFD5D68
(1790953610.961895) can0 2A4#000123DCFFFD6704
(1790953610.961993) can0 2A5#000007BF000007CA
(1790953610.962119) can0 2A6#FFFFF84700000253
(1790953610.962244) can0 2A7#00004EADFFFFF5D5
(1790953610.966541) can0 2A1#0100010000000000
(1790953610.966641) can0 2A2#0000D606000008AE
(1790953610.966743) can0 2A3#0002EB29FFFD5D68
(1790953610.966867) can0 2A4#000123DCFFFD6704
(1790953610.966993) can0 2A5#000007BF000007CA
(1790953610.967118) can0 2A6#FFFFF84700000253
(1790953610.967243) can0 2A7#00004EADFFFFF5D5
(1790953610.971548) can0 2A1#0100010000000000
(1790953610.971643) can0 2A2#0000D606000008AE
(1790953610.971768) can0 2A3#0002EB29FFFD5D68
(1790953610.971893) can0 2A4#000123DCFFFD6704
(1790953610.972017) can0 2A5#000007BF000007CA
(1790953610.972118) can0 2A6#FFFFF84700000253
(1790953610.972243) can0 2A7#00004EADFFFFF5D5
