(1790952587.799034) can0 2A1#0100010000000000
(1790952587.799140) can0 2A2#0000D4310000040B
(1790952587.799242) can0 2A3#0002B209FFFD6E4A
(1790952587.799367) can0 2A4#0001132AFFFD7689
(1790952587.799491) can0 2A5#000007BF000007CA
(1790952587.799617) can0 2A6#00000000FFFFFA7E
(1790952587.799740) can0 2A7#00005689FFFFF5D5
(1790952587.804020) can0 2A1#0100010000000000
(1790952587.804142) can0 2A2#0000D4310000040B
(1790952587.804269) can0 2A3#0002B209FFFD6E4A
(1790952587.804367) can0 2A4#0001132AFFFD7689
(1790952587.804542) can0 2A5#000007BF000007CA
(1790952587.804642) can0 2A6#00000000FFFFFA7E
(1790952587.804740) can0 2A7#00005689FFFFF5D5
(1790952587.809021) can0 2A1#0100010000000000
(1790952587.809140) can0 2A2#0000D4310000040B
(1790952587.809241) can0 2A3#0002B209FFFD6E4A
(1790952587.809366) can0 2A4#0001132AFFFD7689
(1790952587.809491) can0 2A5#000007BF000007CA
(1790952587.809614) can0 2A6#00000000FFFFFA7E
(1790952587.809742) can0 2A7#00005689FFFFF5D5
(1790952587.814026) can0 2A1#0100010000000000
(1790952587.814141) can0 2A2#0000D4310000040B
(1790952587.814266) can0 2A3#0002B209FFFD6E4A
(1790952587.814391) can0 2A4#0001132AFFFD7689
(1790952587.814540) can0 2A5#000007BF000007CA
(1790952587.814640) can0 2A6#00000000FFFFFA7E
(1790952587.814742) can0 2A7#00005689FFFFF5D5
(1790952587.819027) can0 2A1#0100010000000000
(1790952587.819145) can0 2A2#0000D4310000040B
(1790952587.819268) can0 2A3#0002B209FFFD6E4A
(1790952587.819365) can0 2A4#0001132AFFFD7689
(1790952587.819493) can0 2A5#000007BF000007CA
(1790952587.819616) can0 2A6#00000000FFFFFA7E
(1790952587.819716) can0 2A7#00005689FFFFF5D5
(1790952587.824050) can0 2A1#0100010000000000
(1790952587.824146) can0 2A2#0000D4310000040B
(1790952587.824268) can0 2A3#0002B209FFFD6E4A
(1790952587.824392) can0 2A4#0001132AFFFD7689
(1790952587.824491) can0 2A5#000007BF000007CA
(1790952587.824615) can0 2A6#00000000FFFFFA7E
(1790952587.824741) can0 2A7#00005689FFFFF5D5
(1790952587.829025) can0 2A1#0100010000000000
(1790952587.829140) can0 2A2#0000D4310000040B
(1790952587.829241) can0 2A3#0002B209FFFD6E4A
(1790952587.829365) can0 2A4#0001132AFFFD7689
(1790952587.829497) can0 2A5#000007BF000007CA
(1790952587.829618) can0 2A6#00000000FFFFFA7E
(1790952587.829744) can0 2A7#00005689FFFFF5D5
(1790952587.834026) can0 2A1#0100010000000000
(1790952587.834140) can0 2A2#0000D4310000040B
(1790952587.834266) can0 2A3#0002B209FFFD6E4A
(1790952587.834393) can0 2A4#0001132AFFFD7689
(1790952587.834542) can0 2A5#000007BF000007CA
(1790952587.834640) can0 2A6#00000000FFFFFA7E
(1790952587.834741) can0 2A7#00005689FFFFF5D5
(1790952587.839024) can0 2A1#0100010000000000
(1790952587.839119) can0 2A2#0000D4310000040B
(1790952587.839267) can0 2A3#0002B209FFFD6E4A
(1790952587.839364) can0 2A4#0001132AFFFD7689
(1790952587.839491) can0 2A5#000007BF000007CA
(1790952587.839616) can0 2A6#00000000FFFFFA7E
(1790952587.839740) can0 2A7#00005689FFFFF5D5
(1790952587.844020) can0 2A1#0100010000000000
(1790952587.844140) can0 2A2#0000D4310000040B
(1790952587.844266) can0 2A3#0002B209FFFD6E4A
(1790952587.844391) can0 2A4#0001132AFFFD7689
(1790952587.844541) can0 2A5#000007BF000007CA
(1790952587.844641) can0 2A6#00000000FFFFFA7E
(1790952587.844739) can0 2A7#00005689FFFFF5D5
(1790952587.849021) can0 2A1#0100010000000000
(1790952587.849113) can0 2A2#0000D4310000040B
(1790952587.849266) can0 2A3#0002B209FFFD6E4A
(1790952587.849364) can0 2A4#0001132AFFFD7689
(1790952587.849492) can0 2A5#000007BF000007CA
(1790952587.849616) can0 2A6#00000000FFFFFA7E
(1790952587.849741) can0 2A7#00005689FFFFF5D5
(1790952587.854020) can0 2A1#0100010000000000
(1790952587.854139) can0 2A2#0000D4310000040B
(1790952587.854266) can0 2A3#0002B209FFFD6E4A
(1790952587.854391) can0 2A4#0001132AFFFD7689
(1790952587.854540) can0 2A5#000007BF000007CA
(1790952587.854614) can0 2A6#00000000FFFFFA7E
(1790952587.854739) can0 2A7#00005689FFFFF5D5
(1790952587.859020) can0 2A1#0100010000000000
(1790952587.859115) can0 2A2#0000D4310000040B
(1790952587.859242) can0 2A3#0002B209FFFD6E4A
(1790952587.859368) can0 2A4#0001132AFFFD7689
(1790952587.859490) can0 2A5#000007BF000007CA
(1790952587.859618) can0 2A6#00000000FFFFFA7E
(1790952587.859741) can0 2A7#00005689FFFFF5D5
(1790952587.864025) can0 2A1#0100010000000000
(1790952587.864140) can0 2A2#0000D4310000040B
(1790952587.864265) can0 2A3#0002B209FFFD6E4A
(1790952587.864393) can0 2A4#0001132AFFFD7689
(1790952587.864543) can0 2A5#000007BF000007CA
(1790952587.864615) can0 2A6#00000000FFFFFA7E
(1790952587.864740) can0 2A7#00005689FFFFF5D5
(1790952587.869020) can0 2A1#0100010000000000
(1790952587.869140) can0 2A2#0000D4310000040B
(1790952587.869240) can0 2A3#0002B209FFFD6E4A
(1790952587.869365) can0 2A4#0001132AFFFD7689
(1790952587.869491) can0 2A5#000007BF000007CA
(1790952587.869616) can0 2A6#00000000FFFFFA7E
(1790952587.869741) can0 2A7#00005689FFFFF5D5
(1790952587.874030) can0 2A1#0100010000000000
(1790952587.874147) can0 2A2#0000D4310000040B
(1790952587.874268) can0 2A3#0002B209FFFD6E4A
(1790952587.874393) can0 2A4#0001132AFFFD7689
(1790952587.874542) can0 2A5#000007BF000007CA
(1790952587.874619) can0 2A6#00000000FFFFFA7E
(1790952587.874743) can0 2A7#00005689FFFFF5D5
(1790952587.879030) can0 2A1#0100010000000000
(1790952587.879143) can0 2A2#0000D4310000040B
(1790952587.879245) can0 2A3#0002B209FFFD6E4A
(1790952587.879369) can0 2A4#0001132AFFFD7689
(1790952587.879493) can0 2A5#000007BF000007CA
(1790952587.879616) can0 2A6#00000000FFFFFA7E
(1790952587.879740) can0 2A7#00005689FFFFF5D5
(1790952587.884046) can0 2A1#0100010000000000
(1790952587.884141) can0 2A2#0000D4310000040B
(1790952587.884267) can0 2A3#0002B209FFFD6E4A
(1790952587.884391) can0 2A4#0001132AFFFD7689
(1790952587.884542) can0 2A5#000007BF000007CA
(1790952587.884641) can0 2A6#00000000FFFFFA7E
(1790952587.884740) can0 2A7#00005689FFFFF5D5
(1790952587.889033) can0 2A1#0100010000000000
(1790952587.889116) can0 2A2#0000D4310000040B
(1790952587.889243) can0 2A3#0002B209FFFD6E4A
(1790952587.889366) can0 2A4#0001132AFFFD7689
(1790952587.889492) can0 2A5#000007BF000007CA
(1790952587.889615) can0 2A6#00000000FFFFFA7E
(1790952587.889739) can0 2A7#00005689FFFFF5D5
(1790952587.894030) can0 2A1#0100010000000000
(1790952587.894140) can0 2A2#0000D4310000040B
(1790952587.894266) can0 2A3#0002B209FFFD6E4A
(1790952587.894390) can0 2A4#0001132AFFFD7689
(1790952587.894539) can0 2A5#000007BF000007CA
(1790952587.894614) can0 2A6#00000000FFFFFA7E
(1790952587.894739) can0 2A7#00005689FFFFF5D5
(1790952587.899021) can0 2A1#0100010000000000
(1790952587.899115) can0 2A2#0000D4310000040B
(1790952587.899266) can0 2A3#0002B209FFFD6E4A
(1790952587.899366) can0 2A4#0001132AFFFD7689
(1790952587.899491) can0 2A5#000007BF000007CA
(1790952587.899616) can0 2A6#00000000FFFFFA7E
(1790952587.899741) can0 2A7#00005689FFFFF5D5
(1790952587.904026) can0 2A1#0100010000000000
(1790952587.904143) can0 2A2#0000D4310000040B
(1790952587.904269) can0 2A3#0002B209FFFD6E4A
(1790952587.904394) can0 2A4#0001132AFFFD7689
(1790952587.904543) can0 2A5#000007BF000007CA
(1790952587.904615) can0 2A6#00000000FFFFFA7E
(1790952587.904744) can0 2A7#00005689FFFFF5D5
(1790952587.909021) can0 2A1#0100010000000000
(1790952587.909140) can0 2A2#0000D4310000040B
(1790952587.909268) can0 2A3#0002B209FFFD6E4A
(1790952587.909368) can0 2A4#0001132AFFFD7689
(1790952587.909491) can0 2A5#000007BF000007CA
(1790952587.909615) can0 2A6#00000000FFFFFA7E
(1790952587.909741) can0 2A7#00005689FFFFF5D5
(1790952587.914021) can0 2A1#0100010000000000
(1790952587.914143) can0 2A2#0000D4310000040B
(1790952587.914265) can0 2A3#0002B209FFFD6E4A
(1790952587.914390) can0 2A4#0001132AFFFD7689
(1790952587.914490) can0 2A5#000007BF000007CA
(1790952587.914615) can0 2A6#00000000FFFFFA7E
(1790952587.914740) can0 2A7#00005689FFFFF5D5
(1790952587.919029) can0 2A1#0100010000000000
(1790952587.919142) can0 2A2#0000D4310000040B
(1790952587.919243) can0 2A3#0002B209FFFD6E4A
(1790952587.919366) can0 2A4#0001132AFFFD7689
(1790952587.919490) can0 2A5#000007BF000007CA
(1790952587.919616) can0 2A6#00000000FFFFFA7E
(1790952587.919740) can0 2A7#00005689FFFFF5D5
(1790952587.924030) can0 2A1#0100010000000000
(1790952587.924141) can0 2A2#0000D4310000040B
(1790952587.924266) can0 2A3#0002B209FFFD6E4A
(1790952587.924392) can0 2A4#0001132AFFFD7689
(1790952587.924540) can0 2A5#000007BF000007CA
(1790952587.924640) can0 2A6#00000000FFFFFA7E
(1790952587.924740) can0 2A7#00005689FFFFF5D5
(1790952587.929027) can0 2A1#0100010000000000
(1790952587.929114) can0 2A2#0000D4310000040B
(1790952587.929265) can0 2A3#0002B209FFFD6E4A
(1790952587.929367) can0 2A4#0001132AFFFD7689
(1790952587.929491) can0 2A5#000007BF000007CA
(1790952587.929617) can0 2A6#00000000FFFFFA7E
(1790952587.929743) can0 2A7#00005689FFFFF5D5
(1790952587.934027) can0 2A1#0100010000000000
(1790952587.934139) can0 2A2#0000D4310000040B
(1790952587.934265) can0 2A3#0002B209FFFD6E4A
(1790952587.934393) can0 2A4#0001132AFFFD7689
(1790952587.934543) can0 2A5#000007BF000007CA
(1790952587.934641) can0 2A6#00000000FFFFFA7E
(1790952587.934740) can0 2A7#00005689FFFFF5D5
(1790952587.939026) can0 2A1#0100010000000000
(1790952587.939144) can0 2A2#0000D4310000040B
(1790952587.939265) can0 2A3#0002B209FFFD6E4A
(1790952587.939364) can0 2A4#0001132AFFFD7689
(1790952587.939490) can0 2A5#000007BF000007CA
(1790952587.939616) can0 2A6#00000000FFFFFA7E
(1790952587.939741) can0 2A7#00005689FFFFF5D5
(1790952587.944024) can0 2A1#0100010000000000
(1790952587.944139) can0 2A2#0000D4310000040B
(1790952587.944267) can0 2A3#0002B209FFFD6E4A
(1790952587.944391) can0 2A4#0001132AFFFD7689
(1790952587.944541) can0 2A5#000007BF000007CA
(1790952587.944641) can0 2A6#00000000FFFFFA7E
(1790952587.944741) can0 2A7#00005689FFFFF5D5
(1790952587.949024) can0 2A1#0100010000000000
(1790952587.949139) can0 2A2#0000D4310000040B
(1790952587.949240) can0 2A3#0002B209FFFD6E4A
(1790952587.949367) can0 2A4#0001132AFFFD7689
(1790952587.949493) can0 2A5#000007BF000007CA
(1790952587.949615) can0 2A6#00000000FFFFFA7E
(1790952587.949740) can0 2A7#00005689FFFFF5D5
(1790952587.954016) can0 2A1#0100010000000000
(1790952587.954142) can0 2A2#0000D4310000040B
(1790952587.954268) can0 2A3#0002B209FFFD6E4A
(1790952587.954390) can0 2A4#0001132AFFFD7689
(1790952587.954542) can0 2A5#000007BF000007CA
(1790952587.954615) can0 2A6#00000000FFFFFA7E
(1790952587.954740) can0 2A7#00005689FFFFF5D5
(1790952587.959030) can0 2A1#0100010000000000
(1790952587.959140) can0 2A2#0000D4310000040B
(1790952587.959267) can0 2A3#0002B209FFFD6E4A
(1790952587.959367) can0 2A4#0001132AFFFD7689
(1790952587.959492) can0 2A5#000007BF000007CA
(1790952587.959616) can0 2A6#00000000FFFFFA7E
(1790952587.959742) can0 2A7#00005689FFFFF5D5
(1790952587.964017) can0 2A1#0100010000000000
(1790952587.964141) can0 2A2#0000D4310000040B
(1790952587.964268) can0 2A3#0002B209FFFD6E4A
(1790952587.964393) can0 2A4#0001132AFFFD7689
(1790952587.964543) can0 2A5#000007BF000007CA
(1790952587.964617) can0 2A6#00000000FFFFFA7E
(1790952587.964743) can0 2A7#00005689FFFFF5D5
(1790952587.969019) can0 2A1#0100010000000000
(1790952587.969143) can0 2A2#0000D4310000040B
(1790952587.969242) can0 2A3#0002B209FFFD6E4A
(1790952587.969365) can0 2A4#0001132AFFFD7689
(1790952587.969490) can0 2A5#000007BF000007CA
(1790952587.969617) can0 2A6#00000000FFFFFA7E
(1790952587.969740) can0 2A7#00005689FFFFF5D5
(1790952587.974024) can0 2A1#0100010000000000
(1790952587.974139) can0 2A2#0000D4310000040B
(1790952587.974267) can0 2A3#0002B209FFFD6E4A
(1790952587.974390) can0 2A4#0001132AFFFD7689
(1790952587.974539) can0 2A5#000007BF000007CA
(1790952587.974640) can0 2A6#00000000FFFFFA7E
(1790952587.974740) can0 2A7#00005689FFFFF5D5
(1790952587.979026) can0 2A1#0100010000000000
(1790952587.979141) can0 2A2#0000D4310000040B
(1790952587.979244) can0 2A3#0002B209FFFD6E4A
(1790952587.979368) can0 2A4#0001132AFFFD7689
(1790952587.979490) can0 2A5#000007BF000007CA
(1790952587.979618) can0 2A6#00000000FFFFFA7E
(1790952587.979742) can0 2A7#00005689FFFFF5D5
(1790952587.984035) can0 2A1#0100010000000000
(1790952587.984139) can0 2A2#0000D4310000040B
(1790952587.984265) can0 2A3#0002B209FFFD6E4A
(1790952587.984393) can0 2A4#0001132AFFFD7689
(1790952587.984539) can0 2A5#000007BF000007CA
(1790952587.984615) can0 2A6#00000000FFFFFA7E
(1790952587.984740) can0 2A7#00005689FFFFF5D5
(1790952587.989028) can0 2A1#0100010000000000
(1790952587.989143) can0 2A2#0000D4310000040B
(1790952587.989267) can0 2A3#0002B209FFFD6E4A
(1790952587.989367) can0 2A4#0001132AFFFD7689
(1790952587.989492) can0 2A5#000007BF000007CA
(1790952587.989617) can0 2A6#00000000FFFFFA7E
(1790952587.989743) can0 2A7#00005689FFFFF5D5
(1790952587.994025) can0 2A1#0100010000000000
(1790952587.994142) can0 2A2#0000D4310000040B
(1790952587.994267) can0 2A3#0002B209FFFD6E4A
(1790952587.994392) can0 2A4#0001132AFFFD7689
(1790952587.994542) can0 2A5#000007BF000007CA
(1790952587.994617) can0 2A6#00000000FFFFFA7E
(1790952587.994742) can0 2A7#00005689FFFFF5D5
(1790952587.999024) can0 2A1#0100010000000000
(1790952587.999147) can0 2A2#0000D4310000040B
(1790952587.999268) can0 2A3#0002B209FFFD6E4A
(1790952587.999368) can0 2A4#0001132AFFFD7689
(1790952587.999493) can0 2A5#000007BF000007CA
(1790952587.999618) can0 2A6#00000000FFFFFA7E
(1790952587.999742) can0 2A7#00005689FFFFF5D5
(1790952588.004053) can0 2A1#0100010000000000
(1790952588.004144) can0 2A2#0000D4310000040B
(1790952588.004267) can0 2A3#0002B209FFFD6E4A
(1790952588.004365) can0 2A4#0001132AFFFD7689
(1790952588.004489) can0 2A5#000007BF000007CA
(1790952588.004640) can0 2A6#00000000FFFFFA7E
(1790952588.004740) can0 2A7#00005689FFFFF5D5
(1790952588.009026) can0 2A1#0100010000000000
(1790952588.009140) can0 2A2#0000D4310000040B
(1790952588.009265) can0 2A3#0002B209FFFD6E4A
(1790952588.009367) can0 2A4#0001132AFFFD7689
(1790952588.009492) can0 2A5#000007BF000007CA
(1790952588.009620) can0 2A6#00000000FFFFFA7E
(1790952588.009742) can0 2A7#00005689FFFFF5D5
(1790952588.014051) can0 2A1#0100010000000000
(1790952588.014148) can0 2A2#0000D4310000040B
(1790952588.014267) can0 2A3#0002B209FFFD6E4A
(1790952588.014366) can0 2A4#0001132AFFFD7689
(1790952588.014490) can0 2A5#000007BF000007CA
(1790952588.014615) can0 2A6#00000000FFFFFA7E
(1790952588.014765) can0 2A7#00005689FFFFF5D5
(1790952588.019021) can0 2A1#0100010000000000
(1790952588.019140) can0 2A2#0000D4310000040B
(1790952588.019244) can0 2A3#0002B209FFFD6E4A
(1790952588.019366) can0 2A4#0001132AFFFD7689
(1790952588.019491) can0 2A5#000007BF000007CA
(1790952588.019616) can0 2A6#00000000FFFFFA7E
(1790952588.019741) can0 2A7#00005689FFFFF5D5
(1790952588.024032) can0 2A1#0100010000000000
(1790952588.024145) can0 2A2#0000D4310000040B
(1790952588.024268) can0 2A3#0002B209FFFD6E4A
(1790952588.024393) can0 2A4#0001132AFFFD7689
(1790952588.024542) can0 2A5#000007BF000007CA
(1790952588.024640) can0 2A6#00000000FFFFFA7E
(1790952588.024740) can0 2A7#00005689FFFFF5D5
(1790952588.029025) can0 2A1#0100010000000000
(1790952588.029140) can0 2A2#0000D4310000040B
(1790952588.029240) can0 2A3#0002B209FFFD6E4A
(1790952588.029368) can0 2A4#0001132AFFFD7689
(1790952588.029490) can0 2A5#000007BF000007CA
(1790952588.029614) can0 2A6#00000000FFFFFA7E
(1790952588.029739) can0 2A7#00005689FFFFF5D5
(1790952588.034026) can0 2A1#0100010000000000
(1790952588.034146) can0 2A2#0000D4310000040B
(1790952588.034267) can0 2A3#0002B209FFFD6E4A
(1790952588.034392) can0 2A4#0001132AFFFD7689
(1790952588.034543) can0 2A5#000007BF000007CA
(1790952588.034642) can0 2A6#00000000FFFFFA7E
(1790952588.034739) can0 2A7#00005689FFFFF5D5
(1790952588.039020) can0 2A1#0100010000000000
(1790952588.039139) can0 2A2#0000D4310000040B
(1790952588.039239) can0 2A3#0002B209FFFD6E4A
(1790952588.039367) can0 2A4#0001132AFFFD7689
(1790952588.039490) can0 2A5#000007BF000007CA
(1790952588.039614) can0 2A6#00000000FFFFFA7E
(1790952588.039740) can0 2A7#00005689FFFFF5D5
(1790952588.044018) can0 2A1#0100010000000000
(1790952588.044141) can0 2A2#0000D4310000040B
(1790952588.044267) can0 2A3#0002B209FFFD6E4A
(1790952588.044392) can0 2A4#0001132AFFFD7689
(1790952588.044542) can0 2A5#000007BF000007CA
(1790952588.044640) can0 2A6#00000000FFFFFA7E
(1790952588.044740) can0 2A7#00005689FFFFF5D5
(1790952588.049024) can0 2A1#0100010000000000
(1790952588.049141) can0 2A2#0000D4310000040B
(1790952588.049264) can0 2A3#0002B209FFFD6E4A
(1790952588.049367) can0 2A4#0001132AFFFD7689
(1790952588.049491) can0 2A5#000007BF000007CA
(1790952588.049614) can0 2A6#00000000FFFFFA7E
(1790952588.049742) can0 2A7#00005689FFFFF5D5
(1790952588.054047) can0 2A1#0100010000000000
(1790952588.054164) can0 2A2#0000D4310000040B
(1790952588.054267) can0 2A3#0002B209FFFD6E4A
(1790952588.054390) can0 2A4#0001132AFFFD7689
(1790952588.054542) can0 2A5#000007BF000007CA
(1790952588.054614) can0 2A6#00000000FFFFFA7E
(1790952588.054742) can0 2A7#00005689FFFFF5D5
(1790952588.059015) can0 2A1#0100010000000000
(1790952588.059139) can0 2A2#0000D4310000040B
(1790952588.059240) can0 2A3#0002B209FFFD6E4A
(1790952588.059365) can0 2A4#0001132AFFFD7689
(1790952588.059490) can0 2A5#000007BF000007CA
(1790952588.059618) can0 2A6#00000000FFFFFA7E
(1790952588.059740) can0 2A7#00005689FFFFF5D5
(1790952588.064025) can0 2A1#0100010000000000
(1790952588.064139) can0 2A2#0000D4310000040B
(1790952588.064265) can0 2A3#0002B209FFFD6E4A
(1790952588.064389) can0 2A4#0001132AFFFD7689
(1790952588.064539) can0 2A5#000007BF000007CA
(1790952588.064642) can0 2A6#00000000FFFFFA7E
(1790952588.064739) can0 2A7#00005689FFFFF5D5
(1790952588.069017) can0 2A1#0100010000000000
(1790952588.069139) can0 2A2#0000D4310000040B
(1790952588.069240) can0 2A3#0002B209FFFD6E4A
(1790952588.069392) can0 2A4#0001132AFFFD7689
(1790952588.069490) can0 2A5#000007BF000007CA
(1790952588.069615) can0 2A6#00000000FFFFFA7E
(1790952588.069740) can0 2A7#00005689FFFFF5D5
(1790952588.074021) can0 2A1#0100010000000000
(1790952588.074139) can0 2A2#0000D4310000040B
(1790952588.074264) can0 2A3#0002B209FFFD6E4A
(1790952588.074392) can0 2A4#0001132AFFFD7689
(1790952588.074541) can0 2A5#000007BF000007CA
(1790952588.074639) can0 2A6#00000000FFFFFA7E
(1790952588.074739) can0 2A7#00005689FFFFF5D5
(1790952588.079024) can0 2A1#0100010000000000
(1790952588.079141) can0 2A2#0000D4310000040B
(1790952588.079242) can0 2A3#0002B209FFFD6E4A
(1790952588.079367) can0 2A4#0001132AFFFD7689
(1790952588.079489) can0 2A5#000007BF000007CA
(1790952588.079614) can0 2A6#00000000FFFFFA7E
(1790952588.079739) can0 2A7#00005689FFFFF5D5
(1790952588.084025) can0 2A1#0100010000000000
(1790952588.084138) can0 2A2#0000D4310000040B
(1790952588.084265) can0 2A3#0002B209FFFD6E4A
(1790952588.084392) can0 2A4#0001132AFFFD7689
(1790952588.084542) can0 2A5#000007BF000007CA
(1790952588.084639) can0 2A6#00000000FFFFFA7E
(1790952588.084739) can0 2A7#00005689FFFFF5D5
(1790952588.089017) can0 2A1#0100010000000000
(1790952588.089139) can0 2A2#0000D4310000040B
(1790952588.089267) can0 2A3#0002B209FFFD6E4A
(1790952588.089364) can0 2A4#0001132AFFFD7689
(1790952588.089492) can0 2A5#000007BF000007CA
(1790952588.089614) can0 2A6#00000000FFFFFA7E
(1790952588.089741) can0 2A7#00005689FFFFF5D5
(1790952588.094048) can0 2A1#0100010000000000
(1790952588.094168) can0 2A2#0000D4310000040B
(1790952588.094267) can0 2A3#0002B209FFFD6E4A
(1790952588.094392) can0 2A4#0001132AFFFD7689
(1790952588.094542) can0 2A5#000007BF000007CA
(1790952588.094617) can0 2A6#00000000FFFFFA7E
(1790952588.094742) can0 2A7#00005689FFFFF5D5
(1790952588.099025) can0 2A1#0100010000000000
(1790952588.099142) can0 2A2#0000D4310000040B
(1790952588.099265) can0 2A3#0002B209FFFD6E4A
(1790952588.099392) can0 2A4#0001132AFFFD7689
(1790952588.099489) can0 2A5#000007BF000007CA
(1790952588.099617) can0 2A6#00000000FFFFFA7E
(1790952588.099739) can0 2A7#00005689FFFFF5D5
(1790952588.104022) can0 2A1#0100010000000000
(1790952588.104139) can0 2A2#0000D4310000040B
(1790952588.104268) can0 2A3#0002B209FFFD6E4A
(1790952588.104390) can0 2A4#0001132AFFFD7689
(1790952588.104542) can0 2A5#000007BF000007CA
(1790952588.104640) can0 2A6#00000000FFFFFA7E
(1790952588.104740) can0 2A7#00005689FFFFF5D5
(1790952588.109023) can0 2A1#0100010000000000
(1790952588.109139) can0 2A2#0000D4310000040B
(1790952588.109242) can0 2A3#0002B209FFFD6E4A
(1790952588.109366) can0 2A4#0001132AFFFD7689
(1790952588.109492) can0 2A5#000007BF000007CA
(1790952588.109616) can0 2A6#00000000FFFFFA7E
(1790952588.109742) can0 2A7#00005689FFFFF5D5
(1790952588.114027) can0 2A1#0100010000000000
(1790952588.114141) can0 2A2#0000D4310000040B
(1790952588.114267) can0 2A3#0002B209FFFD6E4A
(1790952588.114392) can0 2A4#0001132AFFFD7689
(1790952588.114541) can0 2A5#000007BF000007CA
(1790952588.114642) can0 2A6#00000000FFFFFA7E
(1790952588.114742) can0 2A7#00005689FFFFF5D5
(1790952588.119024) can0 2A1#0100010000000000
(1790952588.119140) can0 2A2#0000D4310000040B
(1790952588.119267) can0 2A3#0002B209FFFD6E4A
(1790952588.119364) can0 2A4#0001132AFFFD7689
(1790952588.119489) can0 2A5#000007BF000007CA
(1790952588.119615) can0 2A6#00000000FFFFFA7E
(1790952588.119741) can0 2A7#00005689FFFFF5D5
(1790952588.124018) can0 2A1#0100010000000000
(1790952588.124139) can0 2A2#0000D4310000040B
(1790952588.124267) can0 2A3#0002B209FFFD6E4A
(1790952588.124389) can0 2A4#0001132AFFFD7689
(1790952588.124538) can0 2A5#000007BF000007CA
(1790952588.124639) can0 2A6#00000000FFFFFA7E
(1790952588.124739) can0 2A7#00005689FFFFF5D5
(1790952588.129020) can0 2A1#0100010000000000
(1790952588.129139) can0 2A2#0000D4310000040B
(1790952588.129267) can0 2A3#0002B209FFFD6E4A
(1790952588.129365) can0 2A4#0001132AFFFD7689
(1790952588.129501) can0 2A5#000007BF000007CA
(1790952588.129614) can0 2A6#00000000FFFFFA7E
(1790952588.129741) can0 2A7#00005689FFFFF5D5
(1790952588.134048) can0 2A1#0100010000000000
(1790952588.134141) can0 2A2#0000D4310000040B
(1790952588.134265) can0 2A3#0002B209FFFD6E4A
(1790952588.134390) can0 2A4#0001132AFFFD7689
(1790952588.134540) can0 2A5#000007BF000007CA
(1790952588.134640) can0 2A6#00000000FFFFFA7E
(1790952588.134765) can0 2A7#00005689FFFFF5D5
(1790952588.139015) can0 2A1#0100010000000000
(1790952588.139140) can0 2A2#0000D4310000040B
(1790952588.139265) can0 2A3#0002B209FFFD6E4A
(1790952588.139365) can0 2A4#0001132AFFFD7689
(1790952588.139490) can0 2A5#000007BF000007CA
(1790952588.139615) can0 2A6#00000000FFFFFA7E
(1790952588.139742) can0 2A7#00005689FFFFF5D5
(1790952588.144050) can0 2A1#0100010000000000
(1790952588.144139) can0 2A2#0000D4310000040B
(1790952588.144266) can0 2A3#0002B209FFFD6E4A
(1790952588.144390) can0 2A4#0001132AFFFD7689
(1790952588.144491) can0 2A5#000007BF000007CA
(1790952588.144615) can0 2A6#00000000FFFFFA7E
(1790952588.144741) can0 2A7#00005689FFFFF5D5
(1790952588.149019) can0 2A1#0100010000000000
(1790952588.149139) can0 2A2#0000D4310000040B
(1790952588.149241) can0 2A3#0002B209FFFD6E4A
(1790952588.149365) can0 2A4#0001132AFFFD7689
(1790952588.149490) can0 2A5#000007BF000007CA
(1790952588.149615) can0 2A6#00000000FFFFFA7E
(1790952588.149740) can0 2A7#00005689FFFFF5D5
(1790952588.154015) can0 2A1#0100010000000000
(1790952588.154141) can0 2A2#0000D4310000040B
(1790952588.154265) can0 2A3#0002B209FFFD6E4A
(1790952588.154390) can0 2A4#0001132AFFFD7689
(1790952588.154540) can0 2A5#000007BF000007CA
(1790952588.154640) can0 2A6#00000000FFFFFA7E
(1790952588.154765) can0 2A7#00005689FFFFF5D5
(1790952588.159018) can0 2A1#0100010000000000
(1790952588.159139) can0 2A2#0000D4310000040B
(1790952588.159265) can0 2A3#0002B209FFFD6E4A
(1790952588.159364) can0 2A4#0001132AFFFD7689
(1790952588.159490) can0 2A5#000007BF000007CA
(1790952588.159615) can0 2A6#00000000FFFFFA7E
(1790952588.159740) can0 2A7#00005689FFFFF5D5
(1790952588.164018) can0 2A1#0100010000000000
(1790952588.164145) can0 2A2#0000D4310000040B
(1790952588.164267) can0 2A3#0002B209FFFD6E4A
(1790952588.164391) can0 2A4#0001132AFFFD7689
(1790952588.164540) can0 2A5#000007BF000007CA
(1790952588.164640) can0 2A6#00000000FFFFFA7E
(1790952588.164740) can0 2A7#00005689FFFFF5D5
(1790952588.169016) can0 2A1#0100010000000000
(1790952588.169141) can0 2A2#0000D4310000040B
(1790952588.169264) can0 2A3#0002B209FFFD6E4A
(1790952588.169366) can0 2A4#0001132AFFFD7689
(1790952588.169490) can0 2A5#000007BF000007CA
(1790952588.169617) can0 2A6#00000000FFFFFA7E
(1790952588.169739) can0 2A7#00005689FFFFF5D5
(1790952588.174048) can0 2A1#0100010000000000
(1790952588.174144) can0 2A2#0000D4310000040B
(1790952588.174269) can0 2A3#0002B209FFFD6E4A
(1790952588.174392) can0 2A4#0001132AFFFD7689
(1790952588.174493) can0 2A5#000007BF000007CA
(1790952588.174641) can0 2A6#00000000FFFFFA7E
(1790952588.174766) can0 2A7#00005689FFFFF5D5
(1790952588.179024) can0 2A1#0100010000000000
(1790952588.179140) can0 2A2#0000D4310000040B
(1790952588.179267) can0 2A3#0002B209FFFD6E4A
(1790952588.179364) can0 2A4#0001132AFFFD7689
(1790952588.179492) can0 2A5#000007BF000007CA
(1790952588.179616) can0 2A6#00000000FFFFFA7E
(1790952588.179741) can0 2A7#00005689FFFFF5D5
(1790952588.184045) can0 2A1#0100010000000000
(1790952588.184143) can0 2A2#0000D4310000040B
(1790952588.184267) can0 2A3#0002B209FFFD6E4A
(1790952588.184391) can0 2A4#0001132AFFFD7689
(1790952588.184491) can0 2A5#000007BF000007CA
(1790952588.184642) can0 2A6#00000000FFFFFA7E
(1790952588.184767) can0 2A7#00005689FFFFF5D5
(1790952588.189026) can0 2A1#0100010000000000
(1790952588.189140) can0 2A2#0000D4310000040B
(1790952588.189265) can0 2A3#0002B209FFFD6E4A
(1790952588.189367) can0 2A4#0001132AFFFD7689
(1790952588.189492) can0 2A5#000007BF000007CA
(1790952588.189614) can0 2A6#00000000FFFFFA7E
(1790952588.189715) can0 2A7#00005689FFFFF5D5
(1790952588.194041) can0 2A1#0100010000000000
(1790952588.194139) can0 2A2#0000D4310000040B
(1790952588.194264) can0 2A3#0002B209FFFD6E4A
(1790952588.194392) can0 2A4#0001132AFFFD7689
(1790952588.194492) can0 2A5#000007BF000007CA
(1790952588.194614) can0 2A6#00000000FFFFFA7E
(1790952588.194742) can0 2A7#00005689FFFFF5D5
(1790952588.199021) can0 2A1#0100010000000000
(1790952588.199142) can0 2A2#0000D4310000040B
(1790952588.199241) can0 2A3#0002B209FFFD6E4A
(1790952588.199364) can0 2A4#0001132AFFFD7689
(1790952588.199489) can0 2A5#000007BF000007CA
(1790952588.199616) can0 2A6#00000000FFFFFA7E
(1790952588.199742) can0 2A7#00005689FFFFF5D5
(1790952588.204030) can0 2A1#0100010000000000
(1790952588.204141) can0 2A2#0000D4310000040B
(1790952588.204267) can0 2A3#0002B209FFFD6E4A
(1790952588.204392) can0 2A4#0001132AFFFD7689
(1790952588.204541) can0 2A5#000007BF000007CA
(1790952588.204639) can0 2A6#00000000FFFFFA7E
(1790952588.204766) can0 2A7#00005689FFFFF5D5
(1790952588.209018) can0 2A1#0100010000000000
(1790952588.209139) can0 2A2#0000D4310000040B
(1790952588.209239) can0 2A3#0002B209FFFD6E4A
(1790952588.209366) can0 2A4#0001132AFFFD7689
(1790952588.209489) can0 2A5#000007BF000007CA
(1790952588.209617) can0 2A6#00000000FFFFFA7E
(1790952588.209739) can0 2A7#00005689FFFFF5D5
(1790952588.214022) can0 2A1#0100010000000000
(1790952588.214140) can0 2A2#0000D4310000040B
(1790952588.214266) can0 2A3#0002B209FFFD6E4A
(1790952588.214392) can0 2A4#0001132AFFFD7689
(1790952588.214541) can0 2A5#000007BF000007CA
(1790952588.214641) can0 2A6#00000000FFFFFA7E
(1790952588.214767) can0 2A7#00005689FFFFF5D5
(1790952588.219029) can0 2A1#0100010000000000
(1790952588.219142) can0 2A2#0000D4310000040B
(1790952588.219240) can0 2A3#0002B209FFFD6E4A
(1790952588.219367) can0 2A4#0001132AFFFD7689
(1790952588.219491) can0 2A5#000007BF000007CA
(1790952588.219616) can0 2A6#00000000FFFFFA7E
(1790952588.219741) can0 2A7#00005689FFFFF5D5
(1790952588.224020) can0 2A1#0100010000000000
(1790952588.224139) can0 2A2#0000D4310000040B
(1790952588.224266) can0 2A3#0002B209FFFD6E4A
(1790952588.224391) can0 2A4#0001132AFFFD7689
(1790952588.224542) can0 2A5#000007BF000007CA
(1790952588.224641) can0 2A6#00000000FFFFFA7E
(1790952588.224741) can0 2A7#00005689FFFFF5D5
(1790952588.229020) can0 2A1#0100010000000000
(1790952588.229138) can0 2A2#0000D4310000040B
(1790952588.229263) can0 2A3#0002B209FFFD6E4A
(1790952588.229363) can0 2A4#0001132AFFFD7689
(1790952588.229487) can0 2A5#000007BF000007CA
(1790952588.229612) can0 2A6#00000000FFFFFA7E
(1790952588.229739) can0 2A7#00005689FFFFF5D5
(1790952588.234046) can0 2A1#0100010000000000
(1790952588.234138) can0 2A2#0000D4310000040B
(1790952588.234265) can0 2A3#0002B209FFFD6E4A
(1790952588.234364) can0 2A4#0001132AFFFD7689
(1790952588.234539) can0 2A5#000007BF000007CA
(1790952588.234641) can0 2A6#00000000FFFFFA7E
(1790952588.234764) can0 2A7#00005689FFFFF5D5
(1790952588.239022) can0 2A1#0100010000000000
(1790952588.239114) can0 2A2#0000D4310000040B
(1790952588.239265) can0 2A3#0002B209FFFD6E4A
(1790952588.239363) can0 2A4#0001132AFFFD7689
(1790952588.239490) can0 2A5#000007BF000007CA
(1790952588.239615) can0 2A6#00000000FFFFFA7E
(1790952588.239740) can0 2A7#00005689FFFFF5D5
(1790952588.244022) can0 2A1#0100010000000000
(1790952588.244138) can0 2A2#0000D4310000040B
(1790952588.244266) can0 2A3#0002B209FFFD6E4A
(1790952588.244390) can0 2A4#0001132AFFFD7689
(1790952588.244539) can0 2A5#000007BF000007CA
(1790952588.244639) can0 2A6#00000000FFFFFA7E
(1790952588.244740) can0 2A7#00005689FFFFF5D5
(1790952588.249023) can0 2A1#0100010000000000
(1790952588.249138) can0 2A2#0000D4310000040B
(1790952588.249264) can0 2A3#0002B209FFFD6E4A
(1790952588.249363) can0 2A4#0001132AFFFD7689
(1790952588.249489) can0 2A5#000007BF000007CA
(1790952588.249612) can0 2A6#00000000FFFFFA7E
(1790952588.249739) can0 2A7#00005689FFFFF5D5
(1790952588.254017) can0 2A1#0100010000000000
(1790952588.254165) can0 2A2#0000D4310000040B
(1790952588.254264) can0 2A3#0002B209FFFD6E4A
(1790952588.254389) can0 2A4#0001132AFFFD7689
(1790952588.254541) can0 2A5#000007BF000007CA
(1790952588.254638) can0 2A6#00000000FFFFFA7E
(1790952588.254738) can0 2A7#00005689FFFFF5D5
(1790952588.259024) can0 2A1#0100010000000000
(1790952588.259138) can0 2A2#0000D4310000040B
(1790952588.259266) can0 2A3#0002B209FFFD6E4A
(1790952588.259391) can0 2A4#0001132AFFFD7689
(1790952588.259489) can0 2A5#000007BF000007CA
(1790952588.259616) can0 2A6#00000000FFFFFA7E
(1790952588.259740) can0 2A7#00005689FFFFF5D5
(1790952588.264021) can0 2A1#0100010000000000
(1790952588.264138) can0 2A2#0000D4310000040B
(1790952588.264278) can0 2A3#0002B209FFFD6E4A
(1790952588.264395) can0 2A4#0001132AFFFD7689
(1790952588.264541) can0 2A5#000007BF000007CA
(1790952588.264639) can0 2A6#00000000FFFFFA7E
(1790952588.264739) can0 2A7#00005689FFFFF5D5
(1790952588.269017) can0 2A1#0100010000000000
(1790952588.269138) can0 2A2#0000D4310000040B
(1790952588.269264) can0 2A3#0002B209FFFD6E4A
(1790952588.269389) can0 2A4#0001132AFFFD7689
(1790952588.269540) can0 2A5#000007BF000007CA
(1790952588.269641) can0 2A6#00000000FFFFFA7E
(1790952588.269740) can0 2A7#00005689FFFFF5D5
(1790952588.274028) can0 2A1#0100010000000000
(1790952588.274138) can0 2A2#0000D4310000040B
(1790952588.274267) can0 2A3#0002B209FFFD6E4A
(1790952588.274391) can0 2A4#0001132AFFFD7689
(1790952588.274538) can0 2A5#000007BF000007CA
(1790952588.274638) can0 2A6#00000000FFFFFA7E
(1790952588.274738) can0 2A7#00005689FFFFF5D5
(1790952588.279023) can0 2A1#0100010000000000
(1790952588.279140) can0 2A2#0000D4310000040B
(1790952588.279266) can0 2A3#0002B209FFFD6E4A
(1790952588.279363) can0 2A4#0001132AFFFD7689
(1790952588.279488) can0 2A5#000007BF000007CA
(1790952588.279616) can0 2A6#00000000FFFFFA7E
(1790952588.279741) can0 2A7#00005689FFFFF5D5
(1790952588.284051) can0 2A1#0100010000000000
(1790952588.284139) can0 2A2#0000D4310000040B
(1790952588.284264) can0 2A3#0002B209FFFD6E4A
(1790952588.284391) can0 2A4#0001132AFFFD7689
(1790952588.284541) can0 2A5#000007BF000007CA
(1790952588.284639) can0 2A6#00000000FFFFFA7E
(1790952588.284739) can0 2A7#00005689FFFFF5D5
(1790952588.289033) can0 2A1#0100010000000000
(1790952588.289138) can0 2A2#0000D4310000040B
(1790952588.289266) can0 2A3#0002B209FFFD6E4A
(1790952588.289364) can0 2A4#0001132AFFFD7689
(1790952588.289488) can0 2A5#000007BF000007CA
(1790952588.289616) can0 2A6#00000000FFFFFA7E
(1790952588.289741) can0 2A7#00005689FFFFF5D5
(1790952588.294025) can0 2A1#0100010000000000
(1790952588.294140) can0 2A2#0000D4310000040B
(1790952588.294268) can0 2A3#0002B209FFFD6E4A
(1790952588.294392) can0 2A4#0001132AFFFD7689
(1790952588.294541) can0 2A5#000007BF000007CA
(1790952588.294639) can0 2A6#00000000FFFFFA7E
(1790952588.294739) can0 2A7#00005689FFFFF5D5
(1790952588.299023) can0 2A1#0100010000000000
(1790952588.299138) can0 2A2#0000D4310000040B
(1790952588.299265) can0 2A3#0002B209FFFD6E4A
(1790952588.299365) can0 2A4#0001132AFFFD7689
(1790952588.299489) can0 2A5#000007BF000007CA
(1790952588.299615) can0 2A6#00000000FFFFFA7E
(1790952588.299738) can0 2A7#00005689FFFFF5D5
(1790952588.304055) can0 2A1#0100010000000000
(1790952588.304139) can0 2A2#0000D4310000040B
(1790952588.304264) can0 2A3#0002B209FFFD6E4A
(1790952588.304390) can0 2A4#0001132AFFFD7689
(1790952588.304489) can0 2A5#000007BF000007CA
(1790952588.304616) can0 2A6#00000000FFFFFA7E
(1790952588.304739) can0 2A7#00005689FFFFF5D5
(1790952588.309020) can0 2A1#0100010000000000
(1790952588.309138) can0 2A2#0000D4310000040B
(1790952588.309265) can0 2A3#0002B209FFFD6E4A
(1790952588.309364) can0 2A4#0001132AFFFD7689
(1790952588.309490) can0 2A5#000007BF000007CA
(1790952588.309614) can0 2A6#00000000FFFFFA7E
(1790952588.309740) can0 2A7#00005689FFFFF5D5
(1790952588.314046) can0 2A1#0100010000000000
(1790952588.314138) can0 2A2#0000D4310000040B
(1790952588.314266) can0 2A3#0002B209FFFD6E4A
(1790952588.314390) can0 2A4#0001132AFFFD7689
(1790952588.314539) can0 2A5#000007BF000007CA
(1790952588.314639) can0 2A6#00000000FFFFFA7E
(1790952588.314765) can0 2A7#00005689FFFFF5D5
(1790952588.319018) can0 2A1#0100010000000000
(1790952588.319140) can0 2A2#0000D4310000040B
(1790952588.319265) can0 2A3#0002B209FFFD6E4A
(1790952588.319389) can0 2A4#0001132AFFFD7689
(1790952588.319490) can0 2A5#000007BF000007CA
(1790952588.319616) can0 2A6#00000000FFFFFA7E
(1790952588.319741) can0 2A7#00005689FFFFF5D5
(1790952588.324061) can0 2A1#0100010000000000
(1790952588.324165) can0 2A2#0000D4310000040B
(1790952588.324264) can0 2A3#0002B209FFFD6E4A
(1790952588.324391) can0 2A4#0001132AFFFD7689
(1790952588.324541) can0 2A5#000007BF000007CA
(1790952588.324614) can0 2A6#00000000FFFFFA7E
(1790952588.324744) can0 2A7#00005689FFFFF5D5
(1790952588.329026) can0 2A1#0100010000000000
(1790952588.329142) can0 2A2#0000D4310000040B
(1790952588.329265) can0 2A3#0002B209FFFD6E4A
(1790952588.329364) can0 2A4#0001132AFFFD7689
(1790952588.329490) can0 2A5#000007BF000007CA
(1790952588.329613) can0 2A6#00000000FFFFFA7E
(1790952588.329739) can0 2A7#00005689FFFFF5D5
(1790952588.334070) can0 2A1#0100010000000000
(1790952588.334138) can0 2A2#0000D4310000040B
(1790952588.334268) can0 2A3#0002B209FFFD6E4A
(1790952588.334391) can0 2A4#0001132AFFFD7689
(1790952588.334489) can0 2A5#000007BF000007CA
(1790952588.334614) can0 2A6#00000000FFFFFA7E
(1790952588.334739) can0 2A7#00005689FFFFF5D5
(1790952588.339023) can0 2A1#0100010000000000
(1790952588.339143) can0 2A2#0000D4310000040B
(1790952588.339266) can0 2A3#0002B209FFFD6E4A
(1790952588.339363) can0 2A4#0001132AFFFD7689
(1790952588.339491) can0 2A5#000007BF000007CA
(1790952588.339616) can0 2A6#00000000FFFFFA7E
(1790952588.339741) can0 2A7#00005689FFFFF5D5
(1790952588.344021) can0 2A1#0100010000000000
(1790952588.344138) can0 2A2#0000D4310000040B
(1790952588.344263) can0 2A3#0002B209FFFD6E4A
(1790952588.344391) can0 2A4#0001132AFFFD7689
(1790952588.344540) can0 2A5#000007BF000007CA
(1790952588.344638) can0 2A6#00000000FFFFFA7E
(1790952588.344742) can0 2A7#00005689FFFFF5D5
(1790952588.349016) can0 2A1#0100010000000000
(1790952588.349138) can0 2A2#0000D4310000040B
(1790952588.349265) can0 2A3#0002B209FFFD6E4A
(1790952588.349392) can0 2A4#0001132AFFFD7689
(1790952588.349490) can0 2A5#000007BF000007CA
(1790952588.349613) can0 2A6#00000000FFFFFA7E
(1790952588.349741) can0 2A7#00005689FFFFF5D5
(1790952588.354025) can0 2A1#0100010000000000
(1790952588.354140) can0 2A2#0000D4310000040B
(1790952588.354266) can0 2A3#0002B209FFFD6E4A
(1790952588.354391) can0 2A4#0001132AFFFD7689
(1790952588.354541) can0 2A5#000007BF000007CA
(1790952588.354641) can0 2A6#00000000FFFFFA7E
(1790952588.354739) can0 2A7#00005689FFFFF5D5
(1790952588.359022) can0 2A1#0100010000000000
(1790952588.359139) can0 2A2#0000D4310000040B
(1790952588.359263) can0 2A3#0002B209FFFD6E4A
(1790952588.359364) can0 2A4#0001132AFFFD7689
(1790952588.359491) can0 2A5#000007BF000007CA
(1790952588.359616) can0 2A6#00000000FFFFFA7E
(1790952588.359739) can0 2A7#00005689FFFFF5D5
(1790952588.364045) can0 2A1#0100010000000000
(1790952588.364141) can0 2A2#0000D4310000040B
(1790952588.364267) can0 2A3#0002B209FFFD6E4A
(1790952588.364390) can0 2A4#0001132AFFFD7689
(1790952588.364540) can0 2A5#000007BF000007CA
(1790952588.364643) can0 2A6#00000000FFFFFA7E
(1790952588.364764) can0 2A7#00005689FFFFF5D5
(1790952588.369024) can0 2A1#0100010000000000
(1790952588.369142) can0 2A2#0000D4310000040B
(1790952588.369266) can0 2A3#0002B209FFFD6E4A
(1790952588.369392) can0 2A4#0001132AFFFD7689
(1790952588.369491) can0 2A5#000007BF000007CA
(1790952588.369616) can0 2A6#00000000FFFFFA7E
(1790952588.369741) can0 2A7#00005689FFFFF5D5
(1790952588.374019) can0 2A1#0100010000000000
(1790952588.374142) can0 2A2#0000D4310000040B
(1790952588.374266) can0 2A3#0002B209FFFD6E4A
(1790952588.374391) can0 2A4#0001132AFFFD7689
(1790952588.374540) can0 2A5#000007BF000007CA
(1790952588.374641) can0 2A6#00000000FFFFFA7E
(1790952588.374740) can0 2A7#00005689FFFFF5D5
(1790952588.379020) can0 2A1#0100010000000000
(1790952588.379141) can0 2A2#0000D4310000040B
(1790952588.379264) can0 2A3#0002B209FFFD6E4A
(1790952588.379365) can0 2A4#0001132AFFFD7689
(1790952588.379489) can0 2A5#000007BF000007CA
(1790952588.379614) can0 2A6#00000000FFFFFA7E
(1790952588.379738) can0 2A7#00005689FFFFF5D5
(1790952588.384025) can0 2A1#0100010000000000
(1790952588.384139) can0 2A2#0000D4310000040B
(1790952588.384266) can0 2A3#0002B209FFFD6E4A
(1790952588.384388) can0 2A4#0001132AFFFD7689
(1790952588.384538) can0 2A5#000007BF000007CA
(1790952588.384638) can0 2A6#00000000FFFFFA7E
(1790952588.384764) can0 2A7#00005689FFFFF5D5
(1790952588.389017) can0 2A1#0100010000000000
(1790952588.389141) can0 2A2#0000D4310000040B
(1790952588.389263) can0 2A3#0002B209FFFD6E4A
(1790952588.389363) can0 2A4#0001132AFFFD7689
(1790952588.389490) can0 2A5#000007BF000007CA
(1790952588.389613) can0 2A6#00000000FFFFFA7E
(1790952588.389738) can0 2A7#00005689FFFFF5D5
(1790952588.394022) can0 2A1#0100010000000000
(1790952588.394139) can0 2A2#0000D4310000040B
(1790952588.394264) can0 2A3#0002B209FFFD6E4A
(1790952588.394390) can0 2A4#0001132AFFFD7689
(1790952588.394538) can0 2A5#000007BF000007CA
(1790952588.394640) can0 2A6#00000000FFFFFA7E
(1790952588.394763) can0 2A7#00005689FFFFF5D5
(1790952588.399023) can0 2A1#0100010000000000
(1790952588.399138) can0 2A2#0000D4310000040B
(1790952588.399238) can0 2A3#0002B209FFFD6E4A
(1790952588.399363) can0 2A4#0001132AFFFD7689
(1790952588.399492) can0 2A5#000007BF000007CA
(1790952588.399614) can0 2A6#00000000FFFFFA7E
(1790952588.399738) can0 2A7#00005689FFFFF5D5
(1790952588.404049) can0 2A1#0100010000000000
(1790952588.404140) can0 2A2#0000D4310000040B
(1790952588.404267) can0 2A3#0002B209FFFD6E4A
(1790952588.404388) can0 2A4#0001132AFFFD7689
(1790952588.404538) can0 2A5#000007BF000007CA
(1790952588.404642) can0 2A6#00000000FFFFFA7E
(1790952588.404738) can0 2A7#00005689FFFFF5D5
(1790952588.409018) can0 2A1#0100010000000000
(1790952588.409138) can0 2A2#0000D4310000040B
(1790952588.409263) can0 2A3#0002B209FFFD6E4A
(1790952588.409365) can0 2A4#0001132AFFFD7689
(1790952588.409487) can0 2A5#000007BF000007CA
(1790952588.409614) can0 2A6#00000000FFFFFA7E
(1790952588.409740) can0 2A7#00005689FFFFF5D5
(1790952588.414046) can0 2A1#0100010000000000
(1790952588.414140) can0 2A2#0000D4310000040B
(1790952588.414263) can0 2A3#0002B209FFFD6E4A
(1790952588.414388) can0 2A4#0001132AFFFD7689
(1790952588.414487) can0 2A5#000007BF000007CA
(1790952588.414637) can0 2A6#00000000FFFFFA7E
(1790952588.414737) can0 2A7#00005689FFFFF5D5
(1790952588.419016) can0 2A1#0100010000000000
(1790952588.419140) can0 2A2#0000D4310000040B
(1790952588.419268) can0 2A3#0002B209FFFD6E4A
(1790952588.419389) can0 2A4#0001132AFFFD7689
(1790952588.419486) can0 2A5#000007BF000007CA
(1790952588.419614) can0 2A6#00000000FFFFFA7E
(1790952588.419737) can0 2A7#00005689FFFFF5D5
(1790952588.424040) can0 2A1#0100010000000000
(1790952588.424139) can0 2A2#0000D4310000040B
(1790952588.424265) can0 2A3#0002B209FFFD6E4A
(1790952588.424387) can0 2A4#0001132AFFFD7689
(1790952588.424539) can0 2A5#000007BF000007CA
(1790952588.424640) can0 2A6#00000000FFFFFA7E
(1790952588.424764) can0 2A7#00005689FFFFF5D5
(1790952588.429018) can0 2A1#0100010000000000
(1790952588.429137) can0 2A2#0000D4310000040B
(1790952588.429239) can0 2A3#0002B209FFFD6E4A
(1790952588.429365) can0 2A4#0001132AFFFD7689
(1790952588.429489) can0 2A5#000007BF000007CA
(1790952588.429614) can0 2A6#00000000FFFFFA7E
(1790952588.429737) can0 2A7#00005689FFFFF5D5
(1790952588.434023) can0 2A1#0100010000000000
(1790952588.434139) can0 2A2#0000D4310000040B
(1790952588.434264) can0 2A3#0002B209FFFD6E4A
(1790952588.434389) can0 2A4#0001132AFFFD7689
(1790952588.434539) can0 2A5#000007BF000007CA
(1790952588.434639) can0 2A6#00000000FFFFFA7E
(1790952588.434765) can0 2A7#00005689FFFFF5D5
(1790952588.439023) can0 2A1#0100010000000000
(1790952588.439140) can0 2A2#0000D4310000040B
(1790952588.439239) can0 2A3#0002B209FFFD6E4A
(1790952588.439389) can0 2A4#0001132AFFFD7689
(1790952588.439489) can0 2A5#000007BF000007CA
(1790952588.439614) can0 2A6#00000000FFFFFA7E
(1790952588.439738) can0 2A7#00005689FFFFF5D5
(1790952588.444020) can0 2A1#0100010000000000
(1790952588.444137) can0 2A2#0000D4310000040B
(1790952588.444263) can0 2A3#0002B209FFFD6E4A
(1790952588.444389) can0 2A4#0001132AFFFD7689
(1790952588.444539) can0 2A5#000007BF000007CA
(1790952588.444638) can0 2A6#00000000FFFFFA7E
(1790952588.444737) can0 2A7#00005689FFFFF5D5
(1790952588.449019) can0 2A1#0100010000000000
(1790952588.449137) can0 2A2#0000D4310000040B
(1790952588.449264) can0 2A3#0002B209FFFD6E4A
(1790952588.449389) can0 2A4#0001132AFFFD7689
(1790952588.449538) can0 2A5#000007BF000007CA
(1790952588.449637) can0 2A6#00000000FFFFFA7E
(1790952588.449738) can0 2A7#00005689FFFFF5D5
(1790952588.454044) can0 2A1#0100010000000000
(1790952588.454139) can0 2A2#0000D4310000040B
(1790952588.454263) can0 2A3#0002B209FFFD6E4A
(1790952588.454391) can0 2A4#0001132AFFFD7689
(1790952588.454488) can0 2A5#000007BF000007CA
(1790952588.454638) can0 2A6#00000000FFFFFA7E
(1790952588.454738) can0 2A7#00005689FFFFF5D5
(1790952588.459022) can0 2A1#0100010000000000
(1790952588.459138) can0 2A2#0000D4310000040B
(1790952588.459264) can0 2A3#0002B209FFFD6E4A
(1790952588.459390) can0 2A4#0001132AFFFD7689
(1790952588.459488) can0 2A5#000007BF000007CA
(1790952588.459613) can0 2A6#00000000FFFFFA7E
(1790952588.459741) can0 2A7#00005689FFFFF5D5
(1790952588.464027) can0 2A1#0100010000000000
(1790952588.464139) can0 2A2#0000D4310000040B
(1790952588.464266) can0 2A3#0002B209FFFD6E4A
(1790952588.464391) can0 2A4#0001132AFFFD7689
(1790952588.464541) can0 2A5#000007BF000007CA
(1790952588.464638) can0 2A6#00000000FFFFFA7E
(1790952588.464738) can0 2A7#00005689FFFFF5D5
(1790952588.469021) can0 2A1#0100010000000000
(1790952588.469138) can0 2A2#0000D4310000040B
(1790952588.469238) can0 2A3#0002B209FFFD6E4A
(1790952588.469365) can0 2A4#0001132AFFFD7689
(1790952588.469491) can0 2A5#000007BF000007CA
(1790952588.469616) can0 2A6#00000000FFFFFA7E
(1790952588.469738) can0 2A7#00005689FFFFF5D5
(1790952588.474022) can0 2A1#0100010000000000
(1790952588.474138) can0 2A2#0000D4310000040B
(1790952588.474265) can0 2A3#0002B209FFFD6E4A
(1790952588.474390) can0 2A4#0001132AFFFD7689
(1790952588.474540) can0 2A5#000007BF000007CA
(1790952588.474639) can0 2A6#00000000FFFFFA7E
(1790952588.474740) can0 2A7#00005689FFFFF5D5
(1790952588.479013) can0 2A1#0100010000000000
(1790952588.479140) can0 2A2#0000D4310000040B
(1790952588.479263) can0 2A3#0002B209FFFD6E4A
(1790952588.479365) can0 2A4#0001132AFFFD7689
(1790952588.479487) can0 2A5#000007BF000007CA
(1790952588.479615) can0 2A6#00000000FFFFFA7E
(1790952588.479741) can0 2A7#00005689FFFFF5D5
(1790952588.484047) can0 2A1#0100010000000000
(1790952588.484144) can0 2A2#0000D4310000040B
(1790952588.484265) can0 2A3#0002B209FFFD6E4A
(1790952588.484363) can0 2A4#0001132AFFFD7689
(1790952588.484537) can0 2A5#000007BF000007CA
(1790952588.484640) can0 2A6#00000000FFFFFA7E
(1790952588.484762) can0 2A7#00005689FFFFF5D5
(1790952588.489016) can0 2A1#0100010000000000
(1790952588.489140) can0 2A2#0000D4310000040B
(1790952588.489266) can0 2A3#0002B209FFFD6E4A
(1790952588.489363) can0 2A4#0001132AFFFD7689
(1790952588.489487) can0 2A5#000007BF000007CA
(1790952588.489616) can0 2A6#00000000FFFFFA7E
(1790952588.489741) can0 2A7#00005689FFFFF5D5
(1790952588.494024) can0 2A1#0100010000000000
(1790952588.494137) can0 2A2#0000D4310000040B
(1790952588.494265) can0 2A3#0002B209FFFD6E4A
(1790952588.494388) can0 2A4#0001132AFFFD7689
(1790952588.494538) can0 2A5#000007BF000007CA
(1790952588.494638) can0 2A6#00000000FFFFFA7E
(1790952588.494738) can0 2A7#00005689FFFFF5D5
(1790952588.499021) can0 2A1#0100010000000000
(1790952588.499140) can0 2A2#0000D4310000040B
(1790952588.499265) can0 2A3#0002B209FFFD6E4A
(1790952588.499362) can0 2A4#0001132AFFFD7689
(1790952588.499490) can0 2A5#000007BF000007CA
(1790952588.499613) can0 2A6#00000000FFFFFA7E
(1790952588.499738) can0 2A7#00005689FFFFF5D5
(1790952588.504045) can0 2A1#0100010000000000
(1790952588.504137) can0 2A2#0000D4310000040B
(1790952588.504265) can0 2A3#0002B209FFFD6E4A
(1790952588.504387) can0 2A4#0001132AFFFD7689
(1790952588.504487) can0 2A5#000007BF000007CA
(1790952588.504641) can0 2A6#00000000FFFFFA7E
(1790952588.504737) can0 2A7#00005689FFFFF5D5
(1790952588.509015) can0 2A1#0100010000000000
(1790952588.509137) can0 2A2#0000D4310000040B
(1790952588.509262) can0 2A3#0002B209FFFD6E4A
(1790952588.509390) can0 2A4#0001132AFFFD7689
(1790952588.509488) can0 2A5#000007BF000007CA
(1790952588.509612) can0 2A6#00000000FFFFFA7E
(1790952588.509740) can0 2A7#00005689FFFFF5D5
(1790952588.514046) can0 2A1#0100010000000000
(1790952588.514141) can0 2A2#0000D4310000040B
(1790952588.514265) can0 2A3#0002B209FFFD6E4A
(1790952588.514362) can0 2A4#0001132AFFFD7689
(1790952588.514539) can0 2A5#000007BF000007CA
(1790952588.514639) can0 2A6#00000000FFFFFA7E
(1790952588.514740) can0 2A7#00005689FFFFF5D5
(1790952588.519018) can0 2A1#0100010000000000
(1790952588.519138) can0 2A2#0000D4310000040B
(1790952588.519265) can0 2A3#0002B209FFFD6E4A
(1790952588.519364) can0 2A4#0001132AFFFD7689
(1790952588.519487) can0 2A5#000007BF000007CA
(1790952588.519612) can0 2A6#00000000FFFFFA7E
(1790952588.519737) can0 2A7#00005689FFFFF5D5
(1790952588.524012) can0 2A1#0100010000000000
(1790952588.524140) can0 2A2#0000D4310000040B
(1790952588.524265) can0 2A3#0002B209FFFD6E4A
(1790952588.524389) can0 2A4#0001132AFFFD7689
(1790952588.524540) can0 2A5#000007BF000007CA
(1790952588.524639) can0 2A6#00000000FFFFFA7E
(1790952588.524762) can0 2A7#00005689FFFFF5D5
(1790952588.529015) can0 2A1#0100010000000000
(1790952588.529137) can0 2A2#0000D4310000040B
(1790952588.529262) can0 2A3#0002B209FFFD6E4A
(1790952588.529364) can0 2A4#0001132AFFFD7689
(1790952588.529488) can0 2A5#000007BF000007CA
(1790952588.529612) can0 2A6#00000000FFFFFA7E
(1790952588.529739) can0 2A7#00005689FFFFF5D5
(1790952588.534046) can0 2A1#0100010000000000
(1790952588.534137) can0 2A2#0000D4310000040B
(1790952588.534264) can0 2A3#0002B209FFFD6E4A
(1790952588.534390) can0 2A4#0001132AFFFD7689
(1790952588.534540) can0 2A5#000007BF000007CA
(1790952588.534612) can0 2A6#00000000FFFFFA7E
(1790952588.534737) can0 2A7#00005689FFFFF5D5
(1790952588.539021) can0 2A1#0100010000000000
(1790952588.539137) can0 2A2#0000D4310000040B
(1790952588.539263) can0 2A3#0002B209FFFD6E4A
(1790952588.539362) can0 2A4#0001132AFFFD7689
(1790952588.539487) can0 2A5#000007BF000007CA
(1790952588.539615) can0 2A6#00000000FFFFFA7E
(1790952588.539737) can0 2A7#00005689FFFFF5D5
(1790952588.544045) can0 2A1#0100010000000000
(1790952588.544137) can0 2A2#0000D4310000040B
(1790952588.544265) can0 2A3#0002B209FFFD6E4A
(1790952588.544387) can0 2A4#0001132AFFFD7689
(1790952588.544542) can0 2A5#000007BF000007CA
(1790952588.544637) can0 2A6#00000000FFFFFA7E
(1790952588.544740) can0 2A7#00005689FFFFF5D5
(1790952588.549016) can0 2A1#0100010000000000
(1790952588.549138) can0 2A2#0000D4310000040B
(1790952588.549265) can0 2A3#0002B209FFFD6E4A
(1790952588.549362) can0 2A4#0001132AFFFD7689
(1790952588.549487) can0 2A5#000007BF000007CA
(1790952588.549615) can0 2A6#00000000FFFFFA7E
(1790952588.549740) can0 2A7#00005689FFFFF5D5
(1790952588.554045) can0 2A1#0100010000000000
(1790952588.554136) can0 2A2#0000D4310000040B
(1790952588.554265) can0 2A3#0002B209FFFD6E4A
(1790952588.554363) can0 2A4#0001132AFFFD7689
(1790952588.554536) can0 2A5#000007BF000007CA
(1790952588.554637) can0 2A6#00000000FFFFFA7E
(1790952588.554740) can0 2A7#00005689FFFFF5D5
(1790952588.559021) can0 2A1#0100010000000000
(1790952588.559137) can0 2A2#0000D4310000040B
(1790952588.559264) can0 2A3#0002B209FFFD6E4A
(1790952588.559364) can0 2A4#0001132AFFFD7689
(1790952588.559539) can0 2A5#000007BF000007CA
(1790952588.559637) can0 2A6#00000000FFFFFA7E
(1790952588.559740) can0 2A7#00005689FFFFF5D5
(1790952588.564020) can0 2A1#0100010000000000
(1790952588.564144) can0 2A2#0000D4310000040B
(1790952588.564265) can0 2A3#0002B209FFFD6E4A
(1790952588.564390) can0 2A4#0001132AFFFD7689
(1790952588.564539) can0 2A5#000007BF000007CA
(1790952588.564639) can0 2A6#00000000FFFFFA7E
(1790952588.564763) can0 2A7#00005689FFFFF5D5
(1790952588.569020) can0 2A1#0100010000000000
(1790952588.569139) can0 2A2#0000D4310000040B
(1790952588.569266) can0 2A3#0002B209FFFD6E4A
(1790952588.569362) can0 2A4#0001132AFFFD7689
(1790952588.569490) can0 2A5#000007BF000007CA
(1790952588.569612) can0 2A6#00000000FFFFFA7E
(1790952588.569737) can0 2A7#00005689FFFFF5D5
(1790952588.574045) can0 2A1#0100010000000000
(1790952588.574144) can0 2A2#0000D4310000040B
(1790952588.574265) can0 2A3#0002B209FFFD6E4A
(1790952588.574390) can0 2A4#0001132AFFFD7689
(1790952588.574537) can0 2A5#000007BF000007CA
(1790952588.574639) can0 2A6#00000000FFFFFA7E
(1790952588.574762) can0 2A7#00005689FFFFF5D5
(1790952588.579019) can0 2A1#0100010000000000
(1790952588.579137) can0 2A2#0000D4310000040B
(1790952588.579262) can0 2A3#0002B209FFFD6E4A
(1790952588.579362) can0 2A4#0001132AFFFD7689
(1790952588.579489) can0 2A5#000007BF000007CA
(1790952588.579615) can0 2A6#00000000FFFFFA7E
(1790952588.579740) can0 2A7#00005689FFFFF5D5
(1790952588.584065) can0 2A1#0100010000000000
(1790952588.584164) can0 2A2#0000D4310000040B
(1790952588.584266) can0 2A3#0002B209FFFD6E4A
(1790952588.584390) can0 2A4#0001132AFFFD7689
(1790952588.584539) can0 2A5#000007BF000007CA
(1790952588.584615) can0 2A6#00000000FFFFFA7E
(1790952588.584740) can0 2A7#00005689FFFFF5D5
(1790952588.589026) can0 2A1#0100010000000000
(1790952588.589144) can0 2A2#0000D4310000040B
(1790952588.589265) can0 2A3#0002B209FFFD6E4A
(1790952588.589387) can0 2A4#0001132AFFFD7689
(1790952588.589487) can0 2A5#000007BF000007CA
(1790952588.589615) can0 2A6#00000000FFFFFA7E
(1790952588.589740) can0 2A7#00005689FFFFF5D5
(1790952588.594051) can0 2A1#0100010000000000
(1790952588.594162) can0 2A2#0000D4310000040B
(1790952588.594262) can0 2A3#0002B209FFFD6E4A
(1790952588.594390) can0 2A4#0001132AFFFD7689
(1790952588.594539) can0 2A5#000007BF000007CA
(1790952588.594612) can0 2A6#00000000FFFFFA7E
(1790952588.594738) can0 2A7#00005689FFFFF5D5
(1790952588.599028) can0 2A1#0100010000000000
(1790952588.599141) can0 2A2#0000D4310000040B
(1790952588.599240) can0 2A3#0002B209FFFD6E4A
(1790952588.599364) can0 2A4#0001132AFFFD7689
(1790952588.599537) can0 2A5#000007BF000007CA
(1790952588.599639) can0 2A6#00000000FFFFFA7E
(1790952588.599738) can0 2A7#00005689FFFFF5D5
(1790952588.604056) can0 2A1#0100010000000000
(1790952588.604144) can0 2A2#0000D4310000040B
(1790952588.604265) can0 2A3#0002B209FFFD6E4A
(1790952588.604390) can0 2A4#0001132AFFFD7689
(1790952588.604539) can0 2A5#000007BF000007CA
(1790952588.604637) can0 2A6#00000000FFFFFA7E
(1790952588.604765) can0 2A7#00005689FFFFF5D5
(1790952588.609015) can0 2A1#0100010000000000
(1790952588.609137) can0 2A2#0000D4310000040B
(1790952588.609262) can0 2A3#0002B209FFFD6E4A
(1790952588.609364) can0 2A4#0001132AFFFD7689
(1790952588.609488) can0 2A5#000007BF000007CA
(1790952588.609613) can0 2A6#00000000FFFFFA7E
(1790952588.609739) can0 2A7#00005689FFFFF5D5
(1790952588.614013) can0 2A1#0100010000000000
(1790952588.614139) can0 2A2#0000D4310000040B
(1790952588.614262) can0 2A3#0002B209FFFD6E4A
(1790952588.614389) can0 2A4#0001132AFFFD7689
(1790952588.614537) can0 2A5#000007BF000007CA
(1790952588.614637) can0 2A6#00000000FFFFFA7E
(1790952588.614762) can0 2A7#00005689FFFFF5D5
(1790952588.619020) can0 2A1#0100010000000000
(1790952588.619137) can0 2A2#0000D4310000040B
(1790952588.619265) can0 2A3#0002B209FFFD6E4A
(1790952588.619390) can0 2A4#0001132AFFFD7689
(1790952588.619489) can0 2A5#000007BF000007CA
(1790952588.619615) can0 2A6#00000000FFFFFA7E
(1790952588.619737) can0 2A7#00005689FFFFF5D5
(1790952588.624025) can0 2A1#0100010000000000
(1790952588.624161) can0 2A2#0000D4310000040B
(1790952588.624262) can0 2A3#0002B209FFFD6E4A
(1790952588.624389) can0 2A4#0001132AFFFD7689
(1790952588.624539) can0 2A5#000007BF000007CA
(1790952588.624639) can0 2A6#00000000FFFFFA7E
(1790952588.624736) can0 2A7#00005689FFFFF5D5
(1790952588.629022) can0 2A1#0100010000000000
(1790952588.629137) can0 2A2#0000D4310000040B
(1790952588.629265) can0 2A3#0002B209FFFD6E4A
(1790952588.629389) can0 2A4#0001132AFFFD7689
(1790952588.629486) can0 2A5#000007BF000007CA
(1790952588.629612) can0 2A6#00000000FFFFFA7E
(1790952588.629739) can0 2A7#00005689FFFFF5D5
(1790952588.634048) can0 2A1#0100010000000000
(1790952588.634162) can0 2A2#0000D4310000040B
(1790952588.634265) can0 2A3#0002B209FFFD6E4A
(1790952588.634390) can0 2A4#0001132AFFFD7689
(1790952588.634539) can0 2A5#000007BF000007CA
(1790952588.634612) can0 2A6#00000000FFFFFA7E
(1790952588.634737) can0 2A7#00005689FFFFF5D5
(1790952588.639020) can0 2A1#0100010000000000
(1790952588.639137) can0 2A2#0000D4310000040B
(1790952588.639264) can0 2A3#0002B209FFFD6E4A
(1790952588.639362) can0 2A4#0001132AFFFD7689
(1790952588.639486) can0 2A5#000007BF000007CA
(1790952588.639614) can0 2A6#00000000FFFFFA7E
(1790952588.639739) can0 2A7#00005689FFFFF5D5
(1790952588.644047) can0 2A1#0100010000000000
(1790952588.644162) can0 2A2#0000D4310000040B
(1790952588.644264) can0 2A3#0002B209FFFD6E4A
(1790952588.644390) can0 2A4#0001132AFFFD7689
(1790952588.644536) can0 2A5#000007BF000007CA
(1790952588.644612) can0 2A6#00000000FFFFFA7E
(1790952588.644737) can0 2A7#00005689FFFFF5D5
(1790952588.649016) can0 2A1#0100010000000000
(1790952588.649138) can0 2A2#0000D4310000040B
(1790952588.649263) can0 2A3#0002B209FFFD6E4A
(1790952588.649362) can0 2A4#0001132AFFFD7689
(1790952588.649487) can0 2A5#000007BF000007CA
(1790952588.649612) can0 2A6#00000000FFFFFA7E
(1790952588.649738) can0 2A7#00005689FFFFF5D5
(1790952588.654040) can0 2A1#0100010000000000
(1790952588.654161) can0 2A2#0000D4310000040B
(1790952588.654263) can0 2A3#0002B209FFFD6E4A
(1790952588.654388) can0 2A4#0001132AFFFD7689
(1790952588.654537) can0 2A5#000007BF000007CA
(1790952588.654613) can0 2A6#00000000FFFFFA7E
(1790952588.654737) can0 2A7#00005689FFFFF5D5
(1790952588.659017) can0 2A1#0100010000000000
(1790952588.659138) can0 2A2#0000D4310000040B
(1790952588.659263) can0 2A3#0002B209FFFD6E4A
(1790952588.659362) can0 2A4#0001132AFFFD7689
(1790952588.659486) can0 2A5#000007BF000007CA
(1790952588.659613) can0 2A6#00000000FFFFFA7E
(1790952588.659736) can0 2A7#00005689FFFFF5D5
(1790952588.664042) can0 2A1#0100010000000000
(1790952588.664139) can0 2A2#0000D4310000040B
(1790952588.664262) can0 2A3#0002B209FFFD6E4A
(1790952588.664386) can0 2A4#0001132AFFFD7689
(1790952588.664487) can0 2A5#000007BF000007CA
(1790952588.664637) can0 2A6#00000000FFFFFA7E
(1790952588.664762) can0 2A7#00005689FFFFF5D5
(1790952588.669013) can0 2A1#0100010000000000
(1790952588.669136) can0 2A2#0000D4310000040B
(1790952588.669246) can0 2A3#0002B209FFFD6E4A
(1790952588.669389) can0 2A4#0001132AFFFD7689
(1790952588.669487) can0 2A5#000007BF000007CA
(1790952588.669613) can0 2A6#00000000FFFFFA7E
(1790952588.669736) can0 2A7#00005689FFFFF5D5
(1790952588.674016) can0 2A1#0100010000000000
(1790952588.674136) can0 2A2#0000D4310000040B
(1790952588.674262) can0 2A3#0002B209FFFD6E4A
(1790952588.674387) can0 2A4#0001132AFFFD7689
(1790952588.674537) can0 2A5#000007BF000007CA
(1790952588.674636) can0 2A6#00000000FFFFFA7E
(1790952588.674737) can0 2A7#00005689FFFFF5D5
(1790952588.679011) can0 2A1#0100010000000000
(1790952588.679136) can0 2A2#0000D4310000040B
(1790952588.679262) can0 2A3#0002B209FFFD6E4A
(1790952588.679362) can0 2A4#0001132AFFFD7689
(1790952588.679487) can0 2A5#000007BF000007CA
(1790952588.679612) can0 2A6#00000000FFFFFA7E
(1790952588.679736) can0 2A7#00005689FFFFF5D5
(1790952588.684048) can0 2A1#0100010000000000
(1790952588.684141) can0 2A2#0000D4310000040B
(1790952588.684263) can0 2A3#0002B209FFFD6E4A
(1790952588.684386) can0 2A4#0001132AFFFD7689
(1790952588.684535) can0 2A5#000007BF000007CA
(1790952588.684637) can0 2A6#00000000FFFFFA7E
(1790952588.684760) can0 2A7#00005689FFFFF5D5
(1790952588.689020) can0 2A1#0100010000000000
(1790952588.689135) can0 2A2#0000D4310000040B
(1790952588.689262) can0 2A3#0002B209FFFD6E4A
(1790952588.689363) can0 2A4#0001132AFFFD7689
(1790952588.689485) can0 2A5#000007BF000007CA
(1790952588.689612) can0 2A6#00000000FFFFFA7E
(1790952588.689737) can0 2A7#00005689FFFFF5D5
(1790952588.694046) can0 2A1#0100010000000000
(1790952588.694162) can0 2A2#0000D4310000040B
(1790952588.694262) can0 2A3#0002B209FFFD6E4A
(1790952588.694385) can0 2A4#0001132AFFFD7689
(1790952588.694537) can0 2A5#000007BF000007CA
(1790952588.694610) can0 2A6#00000000FFFFFA7E
(1790952588.694737) can0 2A7#00005689FFFFF5D5
(1790952588.699019) can0 2A1#0100010000000000
(1790952588.699136) can0 2A2#0000D4310000040B
(1790952588.699237) can0 2A3#0002B209FFFD6E4A
(1790952588.699387) can0 2A4#0001132AFFFD7689
(1790952588.699487) can0 2A5#000007BF000007CA
(1790952588.699612) can0 2A6#00000000FFFFFA7E
(1790952588.699736) can0 2A7#00005689FFFFF5D5
(1790952588.704016) can0 2A1#0100010000000000
(1790952588.704136) can0 2A2#0000D4310000040B
(1790952588.704262) can0 2A3#0002B209FFFD6E4A
(1790952588.704388) can0 2A4#0001132AFFFD7689
(1790952588.704537) can0 2A5#000007BF000007CA
(1790952588.704635) can0 2A6#00000000FFFFFA7E
(1790952588.704736) can0 2A7#00005689FFFFF5D5
(1790952588.709017) can0 2A1#0100010000000000
(1790952588.709140) can0 2A2#0000D4310000040B
(1790952588.709261) can0 2A3#0002B209FFFD6E4A
(1790952588.709387) can0 2A4#0001132AFFFD7689
(1790952588.709487) can0 2A5#000007BF000007CA
(1790952588.709611) can0 2A6#00000000FFFFFA7E
(1790952588.709738) can0 2A7#00005689FFFFF5D5
(1790952588.714018) can0 2A1#0100010000000000
(1790952588.714136) can0 2A2#0000D4310000040B
(1790952588.714262) can0 2A3#0002B209FFFD6E4A
(1790952588.714387) can0 2A4#0001132AFFFD7689
(1790952588.714537) can0 2A5#000007BF000007CA
(1790952588.714635) can0 2A6#00000000FFFFFA7E
(1790952588.714736) can0 2A7#00005689FFFFF5D5
(1790952588.719013) can0 2A1#0100010000000000
(1790952588.719136) can0 2A2#0000D4310000040B
(1790952588.719262) can0 2A3#0002B209FFFD6E4A
(1790952588.719362) can0 2A4#0001132AFFFD7689
(1790952588.719486) can0 2A5#000007BF000007CA
(1790952588.719612) can0 2A6#00000000FFFFFA7E
(1790952588.719737) can0 2A7#00005689FFFFF5D5
(1790952588.724041) can0 2A1#0100010000000000
(1790952588.724163) can0 2A2#0000D4310000040B
(1790952588.724262) can0 2A3#0002B209FFFD6E4A
(1790952588.724387) can0 2A4#0001132AFFFD7689
(1790952588.724536) can0 2A5#000007BF000007CA
(1790952588.724610) can0 2A6#00000000FFFFFA7E
(1790952588.724760) can0 2A7#00005689FFFFF5D5
(1790952588.729016) can0 2A1#0100010000000000
(1790952588.729135) can0 2A2#0000D4310000040B
(1790952588.729262) can0 2A3#0002B209FFFD6E4A
(1790952588.729361) can0 2A4#0001132AFFFD7689
(1790952588.729487) can0 2A5#000007BF000007CA
(1790952588.729612) can0 2A6#00000000FFFFFA7E
(1790952588.729737) can0 2A7#00005689FFFFF5D5
(1790952588.734040) can0 2A1#0100010000000000
(1790952588.734139) can0 2A2#0000D4310000040B
(1790952588.734260) can0 2A3#0002B209FFFD6E4A
(1790952588.734387) can0 2A4#0001132AFFFD7689
(1790952588.734536) can0 2A5#000007BF000007CA
(1790952588.734637) can0 2A6#00000000FFFFFA7E
(1790952588.734762) can0 2A7#00005689FFFFF5D5
(1790952588.739011) can0 2A1#0100010000000000
(1790952588.739140) can0 2A2#0000D4310000040B
(1790952588.739262) can0 2A3#0002B209FFFD6E4A
(1790952588.739362) can0 2A4#0001132AFFFD7689
(1790952588.739486) can0 2A5#000007BF000007CA
(1790952588.739612) can0 2A6#00000000FFFFFA7E
(1790952588.739735) can0 2A7#00005689FFFFF5D5
(1790952588.744041) can0 2A1#0100010000000000
(1790952588.744135) can0 2A2#0000D4310000040B
(1790952588.744260) can0 2A3#0002B209FFFD6E4A
(1790952588.744389) can0 2A4#0001132AFFFD7689
(1790952588.744536) can0 2A5#000007BF000007CA
(1790952588.744638) can0 2A6#00000000FFFFFA7E
(1790952588.744761) can0 2A7#00005689FFFFF5D5
(1790952588.749016) can0 2A1#0100010000000000
(1790952588.749139) can0 2A2#0000D4310000040B
(1790952588.749261) can0 2A3#0002B209FFFD6E4A
(1790952588.749360) can0 2A4#0001132AFFFD7689
(1790952588.749485) can0 2A5#000007BF000007CA
(1790952588.749610) can0 2A6#00000000FFFFFA7E
(1790952588.749735) can0 2A7#00005689FFFFF5D5
(1790952588.754037) can0 2A1#0100010000000000
(1790952588.754160) can0 2A2#0000D4310000040B
(1790952588.754260) can0 2A3#0002B209FFFD6E4A
(1790952588.754385) can0 2A4#0001132AFFFD7689
(1790952588.754541) can0 2A5#000007BF000007CA
(1790952588.754610) can0 2A6#00000000FFFFFA7E
(1790952588.754736) can0 2A7#00005689FFFFF5D5
(1790952588.759016) can0 2A1#0100010000000000
(1790952588.759135) can0 2A2#0000D4310000040B
(1790952588.759260) can0 2A3#0002B209FFFD6E4A
(1790952588.759360) can0 2A4#0001132AFFFD7689
(1790952588.759485) can0 2A5#000007BF000007CA
(1790952588.759610) can0 2A6#00000000FFFFFA7E
(1790952588.759756) can0 2A7#00005689FFFFF5D5
(1790952588.764047) can0 2A1#0100010000000000
(1790952588.764136) can0 2A2#0000D4310000040B
(1790952588.764263) can0 2A3#0002B209FFFD6E4A
(1790952588.764385) can0 2A4#0001132AFFFD7689
(1790952588.764534) can0 2A5#000007BF000007CA
(1790952588.764636) can0 2A6#00000000FFFFFA7E
(1790952588.764741) can0 2A7#00005689FFFFF5D5
(1790952588.769040) can0 2A1#0100010000000000
(1790952588.769137) can0 2A2#0000D4310000040B
(1790952588.769262) can0 2A3#0002B209FFFD6E4A
(1790952588.769363) can0 2A4#0001132AFFFD7689
(1790952588.769487) can0 2A5#000007BF000007CA
(1790952588.769612) can0 2A6#00000000FFFFFA7E
(1790952588.769736) can0 2A7#00005689FFFFF5D5
(1790952588.774041) can0 2A1#0100010000000000
(1790952588.774141) can0 2A2#0000D4310000040B
(1790952588.774260) can0 2A3#0002B209FFFD6E4A
(1790952588.774385) can0 2A4#0001132AFFFD7689
(1790952588.774535) can0 2A5#000007BF000007CA
(1790952588.774635) can0 2A6#00000000FFFFFA7E
(1790952588.774760) can0 2A7#00005689FFFFF5D5
(1790952588.779016) can0 2A1#0100010000000000
(1790952588.779135) can0 2A2#0000D4310000040B
(1790952588.779260) can0 2A3#0002B209FFFD6E4A
(1790952588.779360) can0 2A4#0001132AFFFD7689
(1790952588.779485) can0 2A5#000007BF000007CA
(1790952588.779610) can0 2A6#00000000FFFFFA7E
(1790952588.779735) can0 2A7#00005689FFFFF5D5
(1790952588.784047) can0 2A1#0100010000000000
(1790952588.784141) can0 2A2#0000D4310000040B
(1790952588.784260) can0 2A3#0002B209FFFD6E4A
(1790952588.784385) can0 2A4#0001132AFFFD7689
(1790952588.784535) can0 2A5#000007BF000007CA
(1790952588.784635) can0 2A6#00000000FFFFFA7E
(1790952588.784761) can0 2A7#00005689FFFFF5D5
(1790952588.789014) can0 2A1#0100010000000000
(1790952588.789135) can0 2A2#0000D4310000040B
(1790952588.789260) can0 2A3#0002B209FFFD6E4A
(1790952588.789385) can0 2A4#0001132AFFFD7689
(1790952588.789535) can0 2A5#000007BF000007CA
(1790952588.789635) can0 2A6#00000000FFFFFA7E
(1790952588.789740) can0 2A7#00005689FFFFF5D5
(1790952588.794036) can0 2A1#0100010000000000
(1790952588.794135) can0 2A2#0000D4310000040B
(1790952588.794261) can0 2A3#0002B209FFFD6E4A
(1790952588.794385) can0 2A4#0001132AFFFD7689
(1790952588.794534) can0 2A5#000007BF000007CA
(1790952588.794635) can0 2A6#00000000FFFFFA7E
(1790952588.794760) can0 2A7#00005689FFFFF5D5
(1790952588.799022) can0 2A1#0100010000000000
(1790952588.799137) can0 2A2#0000D4310000040B
(1790952588.799261) can0 2A3#0002B209FFFD6E4A
(1790952588.799385) can0 2A4#0001132AFFFD7689
(1790952588.799485) can0 2A5#000007BF000007CA
(1790952588.799614) can0 2A6#00000000FFFFFA7E
(1790952588.799735) can0 2A7#00005689FFFFF5D5
(1790952588.804024) can0 2A1#0100010000000000
(1790952588.804139) can0 2A2#0000D4310000040B
(1790952588.804261) can0 2A3#0002B209FFFD6E4A
(1790952588.804385) can0 2A4#0001132AFFFD7689
(1790952588.804535) can0 2A5#000007BF000007CA
(1790952588.804637) can0 2A6#00000000FFFFFA7E
(1790952588.804737) can0 2A7#00005689FFFFF5D5
(1790952588.809044) can0 2A1#0100010000000000
(1790952588.809137) can0 2A2#0000D4310000040B
(1790952588.809260) can0 2A3#0002B209FFFD6E4A
(1790952588.809363) can0 2A4#0001132AFFFD7689
(1790952588.809488) can0 2A5#000007BF000007CA
(1790952588.809612) can0 2A6#00000000FFFFFA7E
(1790952588.809738) can0 2A7#00005689FFFFF5D5
(1790952588.814047) can0 2A1#0100010000000000
(1790952588.814139) can0 2A2#0000D4310000040B
(1790952588.814261) can0 2A3#0002B209FFFD6E4A
(1790952588.814386) can0 2A4#0001132AFFFD7689
(1790952588.814535) can0 2A5#000007BF000007CA
(1790952588.814635) can0 2A6#00000000FFFFFA7E
(1790952588.814760) can0 2A7#00005689FFFFF5D5
(1790952588.819014) can0 2A1#0100010000000000
(1790952588.819136) can0 2A2#0000D4310000040B
(1790952588.819261) can0 2A3#0002B209FFFD6E4A
(1790952588.819387) can0 2A4#0001132AFFFD7689
(1790952588.819487) can0 2A5#000007BF000007CA
(1790952588.819610) can0 2A6#00000000FFFFFA7E
(1790952588.819735) can0 2A7#00005689FFFFF5D5
(1790952588.824040) can0 2A1#0100010000000000
(1790952588.824160) can0 2A2#0000D4310000040B
(1790952588.824260) can0 2A3#0002B209FFFD6E4A
(1790952588.824389) can0 2A4#0001132AFFFD7689
(1790952588.824534) can0 2A5#000007BF000007CA
(1790952588.824635) can0 2A6#00000000FFFFFA7E
(1790952588.824735) can0 2A7#00005689FFFFF5D5
(1790952588.829014) can0 2A1#0100010000000000
(1790952588.829135) can0 2A2#0000D4310000040B
(1790952588.829260) can0 2A3#0002B209FFFD6E4A
(1790952588.829360) can0 2A4#0001132AFFFD7689
(1790952588.829485) can0 2A5#000007BF000007CA
(1790952588.829610) can0 2A6#00000000FFFFFA7E
(1790952588.829736) can0 2A7#00005689FFFFF5D5
(1790952588.834014) can0 2A1#0100010000000000
(1790952588.834164) can0 2A2#0000D4310000040B
(1790952588.834263) can0 2A3#0002B209FFFD6E4A
(1790952588.834385) can0 2A4#0001132AFFFD7689
(1790952588.834534) can0 2A5#000007BF000007CA
(1790952588.834635) can0 2A6#00000000FFFFFA7E
(1790952588.834735) can0 2A7#00005689FFFFF5D5
(1790952588.839011) can0 2A1#0100010000000000
(1790952588.839139) can0 2A2#0000D4310000040B
(1790952588.839261) can0 2A3#0002B209FFFD6E4A
(1790952588.839361) can0 2A4#0001132AFFFD7689
(1790952588.839489) can0 2A5#000007BF000007CA
(1790952588.839614) can0 2A6#00000000FFFFFA7E
(1790952588.839739) can0 2A7#00005689FFFFF5D5
(1790952588.844047) can0 2A1#0100010000000000
(1790952588.844161) can0 2A2#0000D4310000040B
(1790952588.844264) can0 2A3#0002B209FFFD6E4A
(1790952588.844388) can0 2A4#0001132AFFFD7689
(1790952588.844536) can0 2A5#000007BF000007CA
(1790952588.844636) can0 2A6#00000000FFFFFA7E
(1790952588.844736) can0 2A7#00005689FFFFF5D5
(1790952588.849021) can0 2A1#0100010000000000
(1790952588.849136) can0 2A2#0000D4310000040B
(1790952588.849263) can0 2A3#0002B209FFFD6E4A
(1790952588.849363) can0 2A4#0001132AFFFD7689
(1790952588.849486) can0 2A5#000007BF000007CA
(1790952588.849613) can0 2A6#00000000FFFFFA7E
(1790952588.849736) can0 2A7#00005689FFFFF5D5
(1790952588.854048) can0 2A1#0100010000000000
(1790952588.854160) can0 2A2#0000D4310000040B
(1790952588.854286) can0 2A3#0002B209FFFD6E4A
(1790952588.854388) can0 2A4#0001132AFFFD7689
(1790952588.854535) can0 2A5#000007BF000007CA
(1790952588.854636) can0 2A6#00000000FFFFFA7E
(1790952588.854736) can0 2A7#00005689FFFFF5D5
(1790952588.859021) can0 2A1#0100010000000000
(1790952588.859136) can0 2A2#0000D4310000040B
(1790952588.859264) can0 2A3#0002B209FFFD6E4A
(1790952588.859388) can0 2A4#0001132AFFFD7689
(1790952588.859536) can0 2A5#000007BF000007CA
(1790952588.859611) can0 2A6#00000000FFFFFA7E
(1790952588.859739) can0 2A7#00005689FFFFF5D5
(1790952588.864049) can0 2A1#0100010000000000
(1790952588.864136) can0 2A2#0000D4310000040B
(1790952588.864263) can0 2A3#0002B209FFFD6E4A
(1790952588.864388) can0 2A4#0001132AFFFD7689
(1790952588.864538) can0 2A5#000007BF000007CA
(1790952588.864636) can0 2A6#00000000FFFFFA7E
(1790952588.864736) can0 2A7#00005689FFFFF5D5
(1790952588.869019) can0 2A1#0100010000000000
(1790952588.869138) can0 2A2#0000D4310000040B
(1790952588.869264) can0 2A3#0002B209FFFD6E4A
(1790952588.869361) can0 2A4#0001132AFFFD7689
(1790952588.869487) can0 2A5#000007BF000007CA
(1790952588.869612) can0 2A6#00000000FFFFFA7E
(1790952588.869736) can0 2A7#00005689FFFFF5D5
(1790952588.874045) can0 2A1#0100010000000000
(1790952588.874161) can0 2A2#0000D4310000040B
(1790952588.874264) can0 2A3#0002B209FFFD6E4A
(1790952588.874389) can0 2A4#0001132AFFFD7689
(1790952588.874538) can0 2A5#000007BF000007CA
(1790952588.874636) can0 2A6#00000000FFFFFA7E
(1790952588.874736) can0 2A7#00005689FFFFF5D5
(1790952588.879049) can0 2A1#0100010000000000
(1790952588.879144) can0 2A2#0000D4310000040B
(1790952588.879264) can0 2A3#0002B209FFFD6E4A
(1790952588.879388) can0 2A4#0001132AFFFD7689
(1790952588.879488) can0 2A5#000007BF000007CA
(1790952588.879611) can0 2A6#00000000FFFFFA7E
(1790952588.879736) can0 2A7#00005689FFFFF5D5
(1790952588.884050) can0 2A1#0100010000000000
(1790952588.884168) can0 2A2#0000D4310000040B
(1790952588.884288) can0 2A3#0002B209FFFD6E4A
(1790952588.884385) can0 2A4#0001132AFFFD7689
(1790952588.884538) can0 2A5#000007BF000007CA
(1790952588.884636) can0 2A6#00000000FFFFFA7E
(1790952588.884764) can0 2A7#00005689FFFFF5D5
(1790952588.889022) can0 2A1#0100010000000000
(1790952588.889136) can0 2A2#0000D4310000040B
(1790952588.889263) can0 2A3#0002B209FFFD6E4A
(1790952588.889388) can0 2A4#0001132AFFFD7689
(1790952588.889486) can0 2A5#000007BF000007CA
(1790952588.889611) can0 2A6#00000000FFFFFA7E
(1790952588.889736) can0 2A7#00005689FFFFF5D5
(1790952588.894046) can0 2A1#0100010000000000
(1790952588.894135) can0 2A2#0000D4310000040B
(1790952588.894263) can0 2A3#0002B209FFFD6E4A
(1790952588.894387) can0 2A4#0001132AFFFD7689
(1790952588.894538) can0 2A5#000007BF000007CA
(1790952588.894638) can0 2A6#00000000FFFFFA7E
(1790952588.894763) can0 2A7#00005689FFFFF5D5
(1790952588.899023) can0 2A1#0100010000000000
(1790952588.899135) can0 2A2#0000D4310000040B
(1790952588.899263) can0 2A3#0002B209FFFD6E4A
(1790952588.899388) can0 2A4#0001132AFFFD7689
(1790952588.899486) can0 2A5#000007BF000007CA
(1790952588.899610) can0 2A6#00000000FFFFFA7E
(1790952588.899736) can0 2A7#00005689FFFFF5D5
(1790952588.904023) can0 2A1#0100010000000000
(1790952588.904161) can0 2A2#0000D4310000040B
(1790952588.904285) can0 2A3#0002B209FFFD6E4A
(1790952588.904388) can0 2A4#0001132AFFFD7689
(1790952588.904538) can0 2A5#000007BF000007CA
(1790952588.904638) can0 2A6#00000000FFFFFA7E
(1790952588.904736) can0 2A7#00005689FFFFF5D5
(1790952588.909044) can0 2A1#0100010000000000
(1790952588.909135) can0 2A2#0000D4310000040B
(1790952588.909263) can0 2A3#0002B209FFFD6E4A
(1790952588.909388) can0 2A4#0001132AFFFD7689
(1790952588.909485) can0 2A5#000007BF000007CA
(1790952588.909610) can0 2A6#00000000FFFFFA7E
(1790952588.909736) can0 2A7#00005689FFFFF5D5
(1790952588.914044) can0 2A1#0100010000000000
(1790952588.914142) can0 2A2#0000D4310000040B
(1790952588.914263) can0 2A3#0002B209FFFD6E4A
(1790952588.914388) can0 2A4#0001132AFFFD7689
(1790952588.914538) can0 2A5#000007BF000007CA
(1790952588.914638) can0 2A6#00000000FFFFFA7E
(1790952588.914738) can0 2A7#00005689FFFFF5D5
(1790952588.919015) can0 2A1#0100010000000000
(1790952588.919140) can0 2A2#0000D4310000040B
(1790952588.919261) can0 2A3#0002B209FFFD6E4A
(1790952588.919387) can0 2A4#0001132AFFFD7689
(1790952588.919538) can0 2A5#000007BF000007CA
(1790952588.919638) can0 2A6#00000000FFFFFA7E
(1790952588.919738) can0 2A7#00005689FFFFF5D5
(1790952588.924051) can0 2A1#0100010000000000
(1790952588.924138) can0 2A2#0000D4310000040B
(1790952588.924261) can0 2A3#0002B209FFFD6E4A
(1790952588.924389) can0 2A4#0001132AFFFD7689
(1790952588.924551) can0 2A5#000007BF000007CA
(1790952588.924636) can0 2A6#00000000FFFFFA7E
(1790952588.924761) can0 2A7#00005689FFFFF5D5
(1790952588.929022) can0 2A1#0100010000000000
(1790952588.929137) can0 2A2#0000D4310000040B
(1790952588.929264) can0 2A3#0002B209FFFD6E4A
(1790952588.929363) can0 2A4#0001132AFFFD7689
(1790952588.929488) can0 2A5#000007BF000007CA
(1790952588.929610) can0 2A6#00000000FFFFFA7E
(1790952588.929736) can0 2A7#00005689FFFFF5D5
(1790952588.934043) can0 2A1#0100010000000000
(1790952588.934144) can0 2A2#0000D4310000040B
(1790952588.934261) can0 2A3#0002B209FFFD6E4A
(1790952588.934389) can0 2A4#0001132AFFFD7689
(1790952588.934537) can0 2A5#000007BF000007CA
(1790952588.934636) can0 2A6#00000000FFFFFA7E
(1790952588.934763) can0 2A7#00005689FFFFF5D5
(1790952588.939016) can0 2A1#0100010000000000
(1790952588.939140) can0 2A2#0000D4310000040B
(1790952588.939261) can0 2A3#0002B209FFFD6E4A
(1790952588.939360) can0 2A4#0001132AFFFD7689
(1790952588.939535) can0 2A5#000007BF000007CA
(1790952588.939635) can0 2A6#00000000FFFFFA7E
(1790952588.939735) can0 2A7#00005689FFFFF5D5
(1790952588.944053) can0 2A1#0100010000000000
(1790952588.944161) can0 2A2#0000D4310000040B
(1790952588.944286) can0 2A3#0002B209FFFD6E4A
(1790952588.944386) can0 2A4#0001132AFFFD7689
(1790952588.944536) can0 2A5#000007BF000007CA
(1790952588.944635) can0 2A6#00000000FFFFFA7E
(1790952588.944736) can0 2A7#00005689FFFFF5D5
(1790952588.949042) can0 2A1#0100010000000000
(1790952588.949136) can0 2A2#0000D4310000040B
(1790952588.949264) can0 2A3#0002B209FFFD6E4A
(1790952588.949388) can0 2A4#0001132AFFFD7689
(1790952588.949485) can0 2A5#000007BF000007CA
(1790952588.949611) can0 2A6#00000000FFFFFA7E
(1790952588.949739) can0 2A7#00005689FFFFF5D5
(1790952588.954047) can0 2A1#0100010000000000
(1790952588.954161) can0 2A2#0000D4310000040B
(1790952588.954264) can0 2A3#0002B209FFFD6E4A
(1790952588.954388) can0 2A4#0001132AFFFD7689
(1790952588.954535) can0 2A5#000007BF000007CA
(1790952588.954611) can0 2A6#00000000FFFFFA7E
(1790952588.954764) can0 2A7#00005689FFFFF5D5
(1790952588.959021) can0 2A1#0100010000000000
(1790952588.959134) can0 2A2#0000D4310000040B
(1790952588.959261) can0 2A3#0002B209FFFD6E4A
(1790952588.959386) can0 2A4#0001132AFFFD7689
(1790952588.959487) can0 2A5#000007BF000007CA
(1790952588.959610) can0 2A6#00000000FFFFFA7E
(1790952588.959737) can0 2A7#00005689FFFFF5D5
(1790952588.964046) can0 2A1#0100010000000000
(1790952588.964160) can0 2A2#0000D4310000040B
(1790952588.964261) can0 2A3#0002B209FFFD6E4A
(1790952588.964386) can0 2A4#0001132AFFFD7689
(1790952588.964551) can0 2A5#000007BF000007CA
(1790952588.964636) can0 2A6#00000000FFFFFA7E
(1790952588.964736) can0 2A7#00005689FFFFF5D5
(1790952588.969011) can0 2A1#0100010000000000
(1790952588.969138) can0 2A2#0000D4310000040B
(1790952588.969261) can0 2A3#0002B209FFFD6E4A
(1790952588.969360) can0 2A4#0001132AFFFD7689
(1790952588.969488) can0 2A5#000007BF000007CA
(1790952588.969612) can0 2A6#00000000FFFFFA7E
(1790952588.969737) can0 2A7#00005689FFFFF5D5
(1790952588.974017) can0 2A1#0100010000000000
(1790952588.974137) can0 2A2#0000D4310000040B
(1790952588.974286) can0 2A3#0002B209FFFD6E4A
(1790952588.974386) can0 2A4#0001132AFFFD7689
(1790952588.974536) can0 2A5#000007BF000007CA
(1790952588.974635) can0 2A6#00000000FFFFFA7E
(1790952588.974762) can0 2A7#00005689FFFFF5D5
(1790952588.979015) can0 2A1#0100010000000000
(1790952588.979138) can0 2A2#0000D4310000040B
(1790952588.979236) can0 2A3#0002B209FFFD6E4A
(1790952588.979361) can0 2A4#0001132AFFFD7689
(1790952588.979536) can0 2A5#000007BF000007CA
(1790952588.979610) can0 2A6#00000000FFFFFA7E
(1790952588.979736) can0 2A7#00005689FFFFF5D5
(1790952588.984057) can0 2A1#0100010000000000
(1790952588.984146) can0 2A2#0000D4310000040B
(1790952588.984261) can0 2A3#0002B209FFFD6E4A
(1790952588.984386) can0 2A4#0001132AFFFD7689
(1790952588.984536) can0 2A5#000007BF000007CA
(1790952588.984636) can0 2A6#00000000FFFFFA7E
(1790952588.984762) can0 2A7#00005689FFFFF5D5
(1790952588.989015) can0 2A1#0100010000000000
(1790952588.989135) can0 2A2#0000D4310000040B
(1790952588.989261) can0 2A3#0002B209FFFD6E4A
(1790952588.989386) can0 2A4#0001132AFFFD7689
(1790952588.989486) can0 2A5#000007BF000007CA
(1790952588.989611) can0 2A6#00000000FFFFFA7E
(1790952588.989736) can0 2A7#00005689FFFFF5D5
(1790952588.994045) can0 2A1#0100010000000000
(1790952588.994166) can0 2A2#0000D4310000040B
(1790952588.994261) can0 2A3#0002B209FFFD6E4A
(1790952588.994386) can0 2A4#0001132AFFFD7689
(1790952588.994536) can0 2A5#000007BF000007CA
(1790952588.994609) can0 2A6#00000000FFFFFA7E
(1790952588.994761) can0 2A7#00005689FFFFF5D5
(1790952588.999043) can0 2A1#0100010000000000
(1790952588.999134) can0 2A2#0000D4310000040B
(1790952588.999261) can0 2A3#0002B209FFFD6E4A
(1790952588.999361) can0 2A4#0001132AFFFD7689
(1790952588.999486) can0 2A5#000007BF000007CA
(1790952588.999611) can0 2A6#00000000FFFFFA7E
(1790952588.999736) can0 2A7#00005689FFFFF5D5
(1790952589.004047) can0 2A1#0100010000000000
(1790952589.004159) can0 2A2#0000D4310000040B
(1790952589.004261) can0 2A3#0002B209FFFD6E4A
(1790952589.004386) can0 2A4#0001132AFFFD7689
(1790952589.004486) can0 2A5#000007BF000007CA
(1790952589.004636) can0 2A6#00000000FFFFFA7E
(1790952589.004761) can0 2A7#00005689FFFFF5D5
(1790952589.009016) can0 2A1#0100010000000000
(1790952589.009134) can0 2A2#0000D4310000040B
(1790952589.009261) can0 2A3#0002B209FFFD6E4A
(1790952589.009386) can0 2A4#0001132AFFFD7689
(1790952589.009535) can0 2A5#000007BF000007CA
(1790952589.009634) can0 2A6#00000000FFFFFA7E
(1790952589.009736) can0 2A7#00005689FFFFF5D5
(1790952589.014040) can0 2A1#0100010000000000
(1790952589.014140) can0 2A2#0000D4310000040B
(1790952589.014261) can0 2A3#0002B209FFFD6E4A
(1790952589.014386) can0 2A4#0001132AFFFD7689
(1790952589.014536) can0 2A5#000007BF000007CA
(1790952589.014634) can0 2A6#00000000FFFFFA7E
(1790952589.014761) can0 2A7#00005689FFFFF5D5
(1790952589.019015) can0 2A1#0100010000000000
(1790952589.019139) can0 2A2#0000D4310000040B
(1790952589.019261) can0 2A3#0002B209FFFD6E4A
(1790952589.019386) can0 2A4#0001132AFFFD7689
(1790952589.019535) can0 2A5#000007BF000007CA
(1790952589.019636) can0 2A6#00000000FFFFFA7E
(1790952589.019735) can0 2A7#00005689FFFFF5D5
(1790952589.024039) can0 2A1#0100010000000000
(1790952589.024134) can0 2A2#0000D4310000040B
(1790952589.024261) can0 2A3#0002B209FFFD6E4A
(1790952589.024386) can0 2A4#0001132AFFFD7689
(1790952589.024535) can0 2A5#000007BF000007CA
(1790952589.024636) can0 2A6#00000000FFFFFA7E
(1790952589.024761) can0 2A7#00005689FFFFF5D5
(1790952589.029014) can0 2A1#0100010000000000
(1790952589.029134) can0 2A2#0000D4310000040B
(1790952589.029261) can0 2A3#0002B209FFFD6E4A
(1790952589.029360) can0 2A4#0001132AFFFD7689
(1790952589.029485) can0 2A5#000007BF000007CA
(1790952589.029636) can0 2A6#00000000FFFFFA7E
(1790952589.029734) can0 2A7#00005689FFFFF5D5
(1790952589.034047) can0 2A1#0100010000000000
(1790952589.034165) can0 2A2#0000D4310000040B
(1790952589.034262) can0 2A3#0002B209FFFD6E4A
(1790952589.034385) can0 2A4#0001132AFFFD7689
(1790952589.034536) can0 2A5#000007BF000007CA
(1790952589.034611) can0 2A6#00000000FFFFFA7E
(1790952589.034761) can0 2A7#00005689FFFFF5D5
(1790952589.039015) can0 2A1#0100010000000000
(1790952589.039134) can0 2A2#0000D4310000040B
(1790952589.039260) can0 2A3#0002B209FFFD6E4A
(1790952589.039386) can0 2A4#0001132AFFFD7689
(1790952589.039486) can0 2A5#000007BF000007CA
(1790952589.039611) can0 2A6#00000000FFFFFA7E
(1790952589.039735) can0 2A7#00005689FFFFF5D5
(1790952589.044043) can0 2A1#0100010000000000
(1790952589.044159) can0 2A2#0000D4310000040B
(1790952589.044261) can0 2A3#0002B209FFFD6E4A
(1790952589.044386) can0 2A4#0001132AFFFD7689
(1790952589.044536) can0 2A5#000007BF000007CA
(1790952589.044611) can0 2A6#00000000FFFFFA7E
(1790952589.044761) can0 2A7#00005689FFFFF5D5
(1790952589.049014) can0 2A1#0100010000000000
(1790952589.049137) can0 2A2#0000D4310000040B
(1790952589.049259) can0 2A3#0002B209FFFD6E4A
(1790952589.049386) can0 2A4#0001132AFFFD7689
(1790952589.049535) can0 2A5#000007BF000007CA
(1790952589.049611) can0 2A6#00000000FFFFFA7E
(1790952589.049736) can0 2A7#00005689FFFFF5D5
(1790952589.054039) can0 2A1#0100010000000000
(1790952589.054136) can0 2A2#0000D4310000040B
(1790952589.054261) can0 2A3#0002B209FFFD6E4A
(1790952589.054385) can0 2A4#0001132AFFFD7689
(1790952589.054535) can0 2A5#000007BF000007CA
(1790952589.054636) can0 2A6#00000000FFFFFA7E
(1790952589.054761) can0 2A7#00005689FFFFF5D5
(1790952589.059019) can0 2A1#0100010000000000
(1790952589.059134) can0 2A2#0000D4310000040B
(1790952589.059261) can0 2A3#0002B209FFFD6E4A
(1790952589.059386) can0 2A4#0001132AFFFD7689
(1790952589.059535) can0 2A5#000007BF000007CA
(1790952589.059611) can0 2A6#00000000FFFFFA7E
(1790952589.059735) can0 2A7#00005689FFFFF5D5
(1790952589.064014) can0 2A1#0100010000000000
(1790952589.064159) can0 2A2#0000D4310000040B
(1790952589.064261) can0 2A3#0002B209FFFD6E4A
(1790952589.064386) can0 2A4#0001132AFFFD7689
(1790952589.064535) can0 2A5#000007BF000007CA
(1790952589.064636) can0 2A6#00000000FFFFFA7E
(1790952589.064761) can0 2A7#00005689FFFFF5D5
(1790952589.069015) can0 2A1#0100010000000000
(1790952589.069135) can0 2A2#0000D4310000040B
(1790952589.069261) can0 2A3#0002B209FFFD6E4A
(1790952589.069360) can0 2A4#0001132AFFFD7689
(1790952589.069486) can0 2A5#000007BF000007CA
(1790952589.069612) can0 2A6#00000000FFFFFA7E
(1790952589.069736) can0 2A7#00005689FFFFF5D5
(1790952589.074039) can0 2A1#0100010000000000
(1790952589.074159) can0 2A2#0000D4310000040B
(1790952589.074261) can0 2A3#0002B209FFFD6E4A
(1790952589.074386) can0 2A4#0001132AFFFD7689
(1790952589.074534) can0 2A5#000007BF000007CA
(1790952589.074635) can0 2A6#00000000FFFFFA7E
(1790952589.074761) can0 2A7#00005689FFFFF5D5
(1790952589.079042) can0 2A1#0100010000000000
(1790952589.079137) can0 2A2#0000D4310000040B
(1790952589.079261) can0 2A3#0002B209FFFD6E4A
(1790952589.079361) can0 2A4#0001132AFFFD7689
(1790952589.079486) can0 2A5#000007BF000007CA
(1790952589.079636) can0 2A6#00000000FFFFFA7E
(1790952589.079736) can0 2A7#00005689FFFFF5D5
(1790952589.084046) can0 2A1#0100010000000000
(1790952589.084159) can0 2A2#0000D4310000040B
(1790952589.084261) can0 2A3#0002B209FFFD6E4A
(1790952589.084386) can0 2A4#0001132AFFFD7689
(1790952589.084535) can0 2A5#000007BF000007CA
(1790952589.084634) can0 2A6#00000000FFFFFA7E
(1790952589.084761) can0 2A7#00005689FFFFF5D5
(1790952589.089016) can0 2A1#0100010000000000
(1790952589.089134) can0 2A2#0000D4310000040B
(1790952589.089260) can0 2A3#0002B209FFFD6E4A
(1790952589.089385) can0 2A4#0001132AFFFD7689
(1790952589.089534) can0 2A5#000007BF000007CA
(1790952589.089635) can0 2A6#00000000FFFFFA7E
(1790952589.089734) can0 2A7#00005689FFFFF5D5
(1790952589.094036) can0 2A1#0100010000000000
(1790952589.094134) can0 2A2#0000D4310000040B
(1790952589.094260) can0 2A3#0002B209FFFD6E4A
(1790952589.094384) can0 2A4#0001132AFFFD7689
(1790952589.094534) can0 2A5#000007BF000007CA
(1790952589.094634) can0 2A6#00000000FFFFFA7E
(1790952589.094761) can0 2A7#00005689FFFFF5D5
(1790952589.099015) can0 2A1#0100010000000000
(1790952589.099134) can0 2A2#0000D4310000040B
(1790952589.099260) can0 2A3#0002B209FFFD6E4A
(1790952589.099386) can0 2A4#0001132AFFFD7689
(1790952589.099535) can0 2A5#000007BF000007CA
(1790952589.099634) can0 2A6#00000000FFFFFA7E
(1790952589.099736) can0 2A7#00005689FFFFF5D5
(1790952589.104040) can0 2A1#0100010000000000
(1790952589.104158) can0 2A2#0000D4310000040B
(1790952589.104260) can0 2A3#0002B209FFFD6E4A
(1790952589.104385) can0 2A4#0001132AFFFD7689
(1790952589.104484) can0 2A5#000007BF000007CA
(1790952589.104636) can0 2A6#00000000FFFFFA7E
(1790952589.104760) can0 2A7#00005689FFFFF5D5
(1790952589.109015) can0 2A1#0100010000000000
(1790952589.109134) can0 2A2#0000D4310000040B
(1790952589.109260) can0 2A3#0002B209FFFD6E4A
(1790952589.109386) can0 2A4#0001132AFFFD7689
(1790952589.109535) can0 2A5#000007BF000007CA
(1790952589.109634) can0 2A6#00000000FFFFFA7E
(1790952589.109736) can0 2A7#00005689FFFFF5D5
(1790952589.114038) can0 2A1#0100010000000000
(1790952589.114145) can0 2A2#0000D4310000040B
(1790952589.114263) can0 2A3#0002B209FFFD6E4A
(1790952589.114385) can0 2A4#0001132AFFFD7689
(1790952589.114537) can0 2A5#000007BF000007CA
(1790952589.114638) can0 2A6#00000000FFFFFA7E
(1790952589.114760) can0 2A7#00005689FFFFF5D5
(1790952589.119020) can0 2A1#0100010000000000
(1790952589.119136) can0 2A2#0000D4310000040B
(1790952589.119260) can0 2A3#0002B209FFFD6E4A
(1790952589.119388) can0 2A4#0001132AFFFD7689
(1790952589.119485) can0 2A5#000007BF000007CA
(1790952589.119637) can0 2A6#00000000FFFFFA7E
(1790952589.119735) can0 2A7#00005689FFFFF5D5
(1790952589.124043) can0 2A1#0100010000000000
(1790952589.124134) can0 2A2#0000D4310000040B
(1790952589.124260) can0 2A3#0002B209FFFD6E4A
(1790952589.124387) can0 2A4#0001132AFFFD7689
(1790952589.124537) can0 2A5#000007BF000007CA
(1790952589.124635) can0 2A6#00000000FFFFFA7E
(1790952589.124760) can0 2A7#00005689FFFFF5D5
(1790952589.129010) can0 2A1#0100010000000000
(1790952589.129137) can0 2A2#0000D4310000040B
(1790952589.129260) can0 2A3#0002B209FFFD6E4A
(1790952589.129385) can0 2A4#0001132AFFFD7689
(1790952589.129535) can0 2A5#000007BF000007CA
(1790952589.129635) can0 2A6#00000000FFFFFA7E
(1790952589.129735) can0 2A7#00005689FFFFF5D5
(1790952589.134045) can0 2A1#0100010000000000
(1790952589.134139) can0 2A2#0000D4310000040B
(1790952589.134262) can0 2A3#0002B209FFFD6E4A
(1790952589.134387) can0 2A4#0001132AFFFD7689
(1790952589.134534) can0 2A5#000007BF000007CA
(1790952589.134636) can0 2A6#00000000FFFFFA7E
(1790952589.134762) can0 2A7#00005689FFFFF5D5
(1790952589.139010) can0 2A1#0100010000000000
(1790952589.139144) can0 2A2#0000D4310000040B
(1790952589.139259) can0 2A3#0002B209FFFD6E4A
(1790952589.139360) can0 2A4#0001132AFFFD7689
(1790952589.139535) can0 2A5#000007BF000007CA
(1790952589.139635) can0 2A6#00000000FFFFFA7E
(1790952589.139735) can0 2A7#00005689FFFFF5D5
(1790952589.144040) can0 2A1#0100010000000000
(1790952589.144138) can0 2A2#0000D4310000040B
(1790952589.144260) can0 2A3#0002B209FFFD6E4A
(1790952589.144385) can0 2A4#0001132AFFFD7689
(1790952589.144536) can0 2A5#000007BF000007CA
(1790952589.144635) can0 2A6#00000000FFFFFA7E
(1790952589.144760) can0 2A7#00005689FFFFF5D5
(1790952589.149013) can0 2A1#0100010000000000
(1790952589.149134) can0 2A2#0000D4310000040B
(1790952589.149235) can0 2A3#0002B209FFFD6E4A
(1790952589.149386) can0 2A4#0001132AFFFD7689
(1790952589.149484) can0 2A5#000007BF000007CA
(1790952589.149636) can0 2A6#00000000FFFFFA7E
(1790952589.149733) can0 2A7#00005689FFFFF5D5
(1790952589.154043) can0 2A1#0100010000000000
(1790952589.154136) can0 2A2#0000D4310000040B
(1790952589.154260) can0 2A3#0002B209FFFD6E4A
(1790952589.154386) can0 2A4#0001132AFFFD7689
(1790952589.154534) can0 2A5#000007BF000007CA
(1790952589.154635) can0 2A6#00000000FFFFFA7E
(1790952589.154760) can0 2A7#00005689FFFFF5D5
(1790952589.159014) can0 2A1#0100010000000000
(1790952589.159134) can0 2A2#0000D4310000040B
(1790952589.159235) can0 2A3#0002B209FFFD6E4A
(1790952589.159385) can0 2A4#0001132AFFFD7689
(1790952589.159485) can0 2A5#000007BF000007CA
(1790952589.159635) can0 2A6#00000000FFFFFA7E
(1790952589.159736) can0 2A7#00005689FFFFF5D5
(1790952589.164041) can0 2A1#0100010000000000
(1790952589.164136) can0 2A2#0000D4310000040B
(1790952589.164260) can0 2A3#0002B209FFFD6E4A
(1790952589.164385) can0 2A4#0001132AFFFD7689
(1790952589.164534) can0 2A5#000007BF000007CA
(1790952589.164634) can0 2A6#00000000FFFFFA7E
(1790952589.164760) can0 2A7#00005689FFFFF5D5
(1790952589.169011) can0 2A1#0100010000000000
(1790952589.169137) can0 2A2#0000D4310000040B
(1790952589.169260) can0 2A3#0002B209FFFD6E4A
(1790952589.169385) can0 2A4#0001132AFFFD7689
(1790952589.169485) can0 2A5#000007BF000007CA
(1790952589.169609) can0 2A6#00000000FFFFFA7E
(1790952589.169738) can0 2A7#00005689FFFFF5D5
(1790952589.174043) can0 2A1#0100010000000000
(1790952589.174160) can0 2A2#0000D4310000040B
(1790952589.174262) can0 2A3#0002B209FFFD6E4A
(1790952589.174387) can0 2A4#0001132AFFFD7689
(1790952589.174537) can0 2A5#000007BF000007CA
(1790952589.174637) can0 2A6#00000000FFFFFA7E
(1790952589.174762) can0 2A7#00005689FFFFF5D5
(1790952589.179018) can0 2A1#0100010000000000
(1790952589.179135) can0 2A2#0000D4310000040B
(1790952589.179259) can0 2A3#0002B209FFFD6E4A
(1790952589.179362) can0 2A4#0001132AFFFD7689
(1790952589.179484) can0 2A5#000007BF000007CA
(1790952589.179635) can0 2A6#00000000FFFFFA7E
(1790952589.179738) can0 2A7#00005689FFFFF5D5
(1790952589.184045) can0 2A1#0100010000000000
(1790952589.184139) can0 2A2#0000D4310000040B
(1790952589.184287) can0 2A3#0002B209FFFD6E4A
(1790952589.184385) can0 2A4#0001132AFFFD7689
(1790952589.184537) can0 2A5#000007BF000007CA
(1790952589.184634) can0 2A6#00000000FFFFFA7E
(1790952589.184760) can0 2A7#00005689FFFFF5D5
(1790952589.189022) can0 2A1#0100010000000000
(1790952589.189141) can0 2A2#0000D4310000040B
(1790952589.189262) can0 2A3#0002B209FFFD6E4A
(1790952589.189360) can0 2A4#0001132AFFFD7689
(1790952589.189487) can0 2A5#000007BF000007CA
(1790952589.189612) can0 2A6#00000000FFFFFA7E
(1790952589.189735) can0 2A7#00005689FFFFF5D5
(1790952589.194049) can0 2A1#0100010000000000
(1790952589.194143) can0 2A2#0000D4310000040B
(1790952589.194262) can0 2A3#0002B209FFFD6E4A
(1790952589.194387) can0 2A4#0001132AFFFD7689
(1790952589.194534) can0 2A5#000007BF000007CA
(1790952589.194634) can0 2A6#00000000FFFFFA7E
(1790952589.194760) can0 2A7#00005689FFFFF5D5
(1790952589.199024) can0 2A1#0100010000000000
(1790952589.199137) can0 2A2#0000D4310000040B
(1790952589.199262) can0 2A3#0002B209FFFD6E4A
(1790952589.199384) can0 2A4#0001132AFFFD7689
(1790952589.199484) can0 2A5#000007BF000007CA
(1790952589.199637) can0 2A6#00000000FFFFFA7E
(1790952589.199736) can0 2A7#00005689FFFFF5D5
(1790952589.204046) can0 2A1#0100010000000000
(1790952589.204142) can0 2A2#0000D4310000040B
(1790952589.204287) can0 2A3#0002B209FFFD6E4A
(1790952589.204387) can0 2A4#0001132AFFFD7689
(1790952589.204534) can0 2A5#000007BF000007CA
(1790952589.204637) can0 2A6#00000000FFFFFA7E
(1790952589.204759) can0 2A7#00005689FFFFF5D5
(1790952589.209011) can0 2A1#0100010000000000
(1790952589.209137) can0 2A2#0000D4310000040B
(1790952589.209259) can0 2A3#0002B209FFFD6E4A
(1790952589.209387) can0 2A4#0001132AFFFD7689
(1790952589.209534) can0 2A5#000007BF000007CA
(1790952589.209610) can0 2A6#00000000FFFFFA7E
(1790952589.209735) can0 2A7#00005689FFFFF5D5
(1790952589.214043) can0 2A1#0100010000000000
(1790952589.214134) can0 2A2#0000D4310000040B
(1790952589.214263) can0 2A3#0002B209FFFD6E4A
(1790952589.214386) can0 2A4#0001132AFFFD7689
(1790952589.214537) can0 2A5#000007BF000007CA
(1790952589.214638) can0 2A6#00000000FFFFFA7E
(1790952589.214760) can0 2A7#00005689FFFFF5D5
(1790952589.219019) can0 2A1#0100010000000000
(1790952589.219135) can0 2A2#0000D4310000040B
(1790952589.219259) can0 2A3#0002B209FFFD6E4A
(1790952589.219387) can0 2A4#0001132AFFFD7689
(1790952589.219487) can0 2A5#000007BF000007CA
(1790952589.219609) can0 2A6#00000000FFFFFA7E
(1790952589.219734) can0 2A7#00005689FFFFF5D5
(1790952589.224049) can0 2A1#0100010000000000
(1790952589.224160) can0 2A2#0000D4310000040B
(1790952589.224284) can0 2A3#0002B209FFFD6E4A
(1790952589.224387) can0 2A4#0001132AFFFD7689
(1790952589.224537) can0 2A5#000007BF000007CA
(1790952589.224634) can0 2A6#00000000FFFFFA7E
(1790952589.224737) can0 2A7#00005689FFFFF5D5
(1790952589.229019) can0 2A1#0100010000000000
(1790952589.229134) can0 2A2#0000D4310000040B
(1790952589.229260) can0 2A3#0002B209FFFD6E4A
(1790952589.229362) can0 2A4#0001132AFFFD7689
(1790952589.229484) can0 2A5#000007BF000007CA
(1790952589.229609) can0 2A6#00000000FFFFFA7E
(1790952589.229734) can0 2A7#00005689FFFFF5D5
(1790952589.234042) can0 2A1#0100010000000000
(1790952589.234140) can0 2A2#0000D4310000040B
(1790952589.234262) can0 2A3#0002B209FFFD6E4A
(1790952589.234387) can0 2A4#0001132AFFFD7689
(1790952589.234536) can0 2A5#000007BF000007CA
(1790952589.234637) can0 2A6#00000000FFFFFA7E
(1790952589.234760) can0 2A7#00005689FFFFF5D5
(1790952589.239018) can0 2A1#0100010000000000
(1790952589.239134) can0 2A2#0000D4310000040B
(1790952589.239260) can0 2A3#0002B209FFFD6E4A
(1790952589.239362) can0 2A4#0001132AFFFD7689
(1790952589.239484) can0 2A5#000007BF000007CA
(1790952589.239609) can0 2A6#00000000FFFFFA7E
(1790952589.239735) can0 2A7#00005689FFFFF5D5
(1790952589.244042) can0 2A1#0100010000000000
(1790952589.244159) can0 2A2#0000D4310000040B
(1790952589.244262) can0 2A3#0002B209FFFD6E4A
(1790952589.244387) can0 2A4#0001132AFFFD7689
(1790952589.244537) can0 2A5#000007BF000007CA
(1790952589.244634) can0 2A6#00000000FFFFFA7E
(1790952589.244759) can0 2A7#00005689FFFFF5D5
(1790952589.249017) can0 2A1#0100010000000000
(1790952589.249132) can0 2A2#0000D4310000040B
(1790952589.249258) can0 2A3#0002B209FFFD6E4A
(1790952589.249356) can0 2A4#0001132AFFFD7689
(1790952589.249532) can0 2A5#000007BF000007CA
(1790952589.249633) can0 2A6#00000000FFFFFA7E
(1790952589.249733) can0 2A7#00005689FFFFF5D5
(1790952589.254039) can0 2A1#0100010000000000
(1790952589.254135) can0 2A2#0000D4310000040B
(1790952589.254260) can0 2A3#0002B209FFFD6E4A
(1790952589.254385) can0 2A4#0001132AFFFD7689
(1790952589.254535) can0 2A5#000007BF000007CA
(1790952589.254635) can0 2A6#00000000FFFFFA7E
(1790952589.254759) can0 2A7#00005689FFFFF5D5
(1790952589.259040) can0 2A1#0100010000000000
(1790952589.259141) can0 2A2#0000D4310000040B
(1790952589.259262) can0 2A3#0002B209FFFD6E4A
(1790952589.259386) can0 2A4#0001132AFFFD7689
(1790952589.259484) can0 2A5#000007BF000007CA
(1790952589.259611) can0 2A6#00000000FFFFFA7E
(1790952589.259736) can0 2A7#00005689FFFFF5D5
(1790952589.264034) can0 2A1#0100010000000000
(1790952589.264161) can0 2A2#0000D4310000040B
(1790952589.264261) can0 2A3#0002B209FFFD6E4A
(1790952589.264386) can0 2A4#0001132AFFFD7689
(1790952589.264535) can0 2A5#000007BF000007CA
(1790952589.264636) can0 2A6#00000000FFFFFA7E
(1790952589.264761) can0 2A7#00005689FFFFF5D5
(1790952589.269013) can0 2A1#0100010000000000
(1790952589.269140) can0 2A2#0000D4310000040B
(1790952589.269260) can0 2A3#0002B209FFFD6E4A
(1790952589.269384) can0 2A4#0001132AFFFD7689
(1790952589.269534) can0 2A5#000007BF000007CA
(1790952589.269610) can0 2A6#00000000FFFFFA7E
(1790952589.269736) can0 2A7#00005689FFFFF5D5
(1790952589.274041) can0 2A1#0100010000000000
(1790952589.274159) can0 2A2#0000D4310000040B
(1790952589.274261) can0 2A3#0002B209FFFD6E4A
(1790952589.274386) can0 2A4#0001132AFFFD7689
(1790952589.274536) can0 2A5#000007BF000007CA
(1790952589.274635) can0 2A6#00000000FFFFFA7E
(1790952589.274761) can0 2A7#00005689FFFFF5D5
(1790952589.279012) can0 2A1#0100010000000000
(1790952589.279136) can0 2A2#0000D4310000040B
(1790952589.279261) can0 2A3#0002B209FFFD6E4A
(1790952589.279386) can0 2A4#0001132AFFFD7689
(1790952589.279486) can0 2A5#000007BF000007CA
(1790952589.279635) can0 2A6#00000000FFFFFA7E
(1790952589.279736) can0 2A7#00005689FFFFF5D5
(1790952589.284041) can0 2A1#0100010000000000
(1790952589.284135) can0 2A2#0000D4310000040B
(1790952589.284261) can0 2A3#0002B209FFFD6E4A
(1790952589.284384) can0 2A4#0001132AFFFD7689
(1790952589.284535) can0 2A5#000007BF000007CA
(1790952589.284634) can0 2A6#00000000FFFFFA7E
(1790952589.284761) can0 2A7#00005689FFFFF5D5
(1790952589.289013) can0 2A1#0100010000000000
(1790952589.289134) can0 2A2#0000D4310000040B
(1790952589.289261) can0 2A3#0002B209FFFD6E4A
(1790952589.289386) can0 2A4#0001132AFFFD7689
(1790952589.289533) can0 2A5#000007BF000007CA
(1790952589.289610) can0 2A6#00000000FFFFFA7E
(1790952589.289735) can0 2A7#00005689FFFFF5D5
(1790952589.294042) can0 2A1#0100010000000000
(1790952589.294159) can0 2A2#0000D4310000040B
(1790952589.294286) can0 2A3#0002B209FFFD6E4A
(1790952589.294386) can0 2A4#0001132AFFFD7689
(1790952589.294535) can0 2A5#000007BF000007CA
(1790952589.294635) can0 2A6#00000000FFFFFA7E
(1790952589.294761) can0 2A7#00005689FFFFF5D5
(1790952589.299012) can0 2A1#0100010000000000
(1790952589.299141) can0 2A2#0000D4310000040B
(1790952589.299260) can0 2A3#0002B209FFFD6E4A
(1790952589.299360) can0 2A4#0001132AFFFD7689
(1790952589.299485) can0 2A5#000007BF000007CA
(1790952589.299635) can0 2A6#00000000FFFFFA7E
(1790952589.299733) can0 2A7#00005689FFFFF5D5
(1790952589.304041) can0 2A1#0100010000000000
(1790952589.304159) can0 2A2#0000D4310000040B
(1790952589.304261) can0 2A3#0002B209FFFD6E4A
(1790952589.304386) can0 2A4#0001132AFFFD7689
(1790952589.304535) can0 2A5#000007BF000007CA
(1790952589.304635) can0 2A6#00000000FFFFFA7E
(1790952589.304761) can0 2A7#00005689FFFFF5D5
(1790952589.309039) can0 2A1#0100010000000000
(1790952589.309134) can0 2A2#0000D4310000040B
(1790952589.309261) can0 2A3#0002B209FFFD6E4A
(1790952589.309386) can0 2A4#0001132AFFFD7689
(1790952589.309484) can0 2A5#000007BF000007CA
(1790952589.309611) can0 2A6#00000000FFFFFA7E
(1790952589.309760) can0 2A7#00005689FFFFF5D5
(1790952589.314038) can0 2A1#0100010000000000
(1790952589.314158) can0 2A2#0000D4310000040B
(1790952589.314286) can0 2A3#0002B209FFFD6E4A
(1790952589.314384) can0 2A4#0001132AFFFD7689
(1790952589.314536) can0 2A5#000007BF000007CA
(1790952589.314633) can0 2A6#00000000FFFFFA7E
(1790952589.314736) can0 2A7#00005689FFFFF5D5
(1790952589.319010) can0 2A1#0100010000000000
(1790952589.319144) can0 2A2#0000D4310000040B
(1790952589.319261) can0 2A3#0002B209FFFD6E4A
(1790952589.319385) can0 2A4#0001132AFFFD7689
(1790952589.319485) can0 2A5#000007BF000007CA
(1790952589.319636) can0 2A6#00000000FFFFFA7E
(1790952589.319736) can0 2A7#00005689FFFFF5D5
(1790952589.324044) can0 2A1#0100010000000000
(1790952589.324132) can0 2A2#0000D4310000040B
(1790952589.324256) can0 2A3#0002B209FFFD6E4A
(1790952589.324382) can0 2A4#0001132AFFFD7689
(1790952589.324532) can0 2A5#000007BF000007CA
(1790952589.324632) can0 2A6#00000000FFFFFA7E
(1790952589.324758) can0 2A7#00005689FFFFF5D5
(1790952589.329042) can0 2A1#0100010000000000
(1790952589.329140) can0 2A2#0000D4310000040B
(1790952589.329260) can0 2A3#0002B209FFFD6E4A
(1790952589.329385) can0 2A4#0001132AFFFD7689
(1790952589.329485) can0 2A5#000007BF000007CA
(1790952589.329610) can0 2A6#00000000FFFFFA7E
(1790952589.329735) can0 2A7#00005689FFFFF5D5
(1790952589.334040) can0 2A1#0100010000000000
(1790952589.334158) can0 2A2#0000D4310000040B
(1790952589.334260) can0 2A3#0002B209FFFD6E4A
(1790952589.334385) can0 2A4#0001132AFFFD7689
(1790952589.334535) can0 2A5#000007BF000007CA
(1790952589.334634) can0 2A6#00000000FFFFFA7E
(1790952589.334733) can0 2A7#00005689FFFFF5D5
(1790952589.339012) can0 2A1#0100010000000000
(1790952589.339135) can0 2A2#0000D4310000040B
(1790952589.339260) can0 2A3#0002B209FFFD6E4A
(1790952589.339384) can0 2A4#0001132AFFFD7689
(1790952589.339534) can0 2A5#000007BF000007CA
(1790952589.339634) can0 2A6#00000000FFFFFA7E
(1790952589.339735) can0 2A7#00005689FFFFF5D5
(1790952589.344045) can0 2A1#0100010000000000
(1790952589.344163) can0 2A2#0000D4310000040B
(1790952589.344259) can0 2A3#0002B209FFFD6E4A
(1790952589.344384) can0 2A4#0001132AFFFD7689
(1790952589.344533) can0 2A5#000007BF000007CA
(1790952589.344634) can0 2A6#00000000FFFFFA7E
(1790952589.344759) can0 2A7#00005689FFFFF5D5
(1790952589.349039) can0 2A1#0100010000000000
(1790952589.349133) can0 2A2#0000D4310000040B
(1790952589.349259) can0 2A3#0002B209FFFD6E4A
(1790952589.349384) can0 2A4#0001132AFFFD7689
(1790952589.349483) can0 2A5#000007BF000007CA
(1790952589.349609) can0 2A6#00000000FFFFFA7E
(1790952589.349734) can0 2A7#00005689FFFFF5D5
(1790952589.354039) can0 2A1#0100010000000000
(1790952589.354157) can0 2A2#0000D4310000040B
(1790952589.354260) can0 2A3#0002B209FFFD6E4A
(1790952589.354385) can0 2A4#0001132AFFFD7689
(1790952589.354534) can0 2A5#000007BF000007CA
(1790952589.354635) can0 2A6#00000000FFFFFA7E
(1790952589.354760) can0 2A7#00005689FFFFF5D5
(1790952589.359041) can0 2A1#0100010000000000
(1790952589.359133) can0 2A2#0000D4310000040B
(1790952589.359260) can0 2A3#0002B209FFFD6E4A
(1790952589.359359) can0 2A4#0001132AFFFD7689
(1790952589.359484) can0 2A5#000007BF000007CA
(1790952589.359634) can0 2A6#00000000FFFFFA7E
(1790952589.359733) can0 2A7#00005689FFFFF5D5
(1790952589.364052) can0 2A1#0100010000000000
(1790952589.364158) can0 2A2#0000D4310000040B
(1790952589.364285) can0 2A3#0002B209FFFD6E4A
(1790952589.364385) can0 2A4#0001132AFFFD7689
(1790952589.364534) can0 2A5#000007BF000007CA
(1790952589.364635) can0 2A6#00000000FFFFFA7E
(1790952589.364759) can0 2A7#00005689FFFFF5D5
(1790952589.369013) can0 2A1#0100010000000000
(1790952589.369133) can0 2A2#0000D4310000040B
(1790952589.369259) can0 2A3#0002B209FFFD6E4A
(1790952589.369385) can0 2A4#0001132AFFFD7689
(1790952589.369483) can0 2A5#000007BF000007CA
(1790952589.369609) can0 2A6#00000000FFFFFA7E
(1790952589.369735) can0 2A7#00005689FFFFF5D5
(1790952589.374038) can0 2A1#0100010000000000
(1790952589.374158) can0 2A2#0000D4310000040B
(1790952589.374260) can0 2A3#0002B209FFFD6E4A
(1790952589.374384) can0 2A4#0001132AFFFD7689
(1790952589.374534) can0 2A5#000007BF000007CA
(1790952589.374633) can0 2A6#00000000FFFFFA7E
(1790952589.374735) can0 2A7#00005689FFFFF5D5
(1790952589.379010) can0 2A1#0100010000000000
(1790952589.379135) can0 2A2#0000D4310000040B
(1790952589.379259) can0 2A3#0002B209FFFD6E4A
(1790952589.379358) can0 2A4#0001132AFFFD7689
(1790952589.379484) can0 2A5#000007BF000007CA
(1790952589.379634) can0 2A6#00000000FFFFFA7E
(1790952589.379734) can0 2A7#00005689FFFFF5D5
(1790952589.384045) can0 2A1#0100010000000000
(1790952589.384138) can0 2A2#0000D4310000040B
(1790952589.384259) can0 2A3#0002B209FFFD6E4A
(1790952589.384384) can0 2A4#0001132AFFFD7689
(1790952589.384534) can0 2A5#000007BF000007CA
(1790952589.384635) can0 2A6#00000000FFFFFA7E
(1790952589.384759) can0 2A7#00005689FFFFF5D5
(1790952589.389016) can0 2A1#0100010000000000
(1790952589.389133) can0 2A2#0000D4310000040B
(1790952589.389260) can0 2A3#0002B209FFFD6E4A
(1790952589.389384) can0 2A4#0001132AFFFD7689
(1790952589.389536) can0 2A5#000007BF000007CA
(1790952589.389609) can0 2A6#00000000FFFFFA7E
(1790952589.389735) can0 2A7#00005689FFFFF5D5
(1790952589.394040) can0 2A1#0100010000000000
(1790952589.394160) can0 2A2#0000D4310000040B
(1790952589.394287) can0 2A3#0002B209FFFD6E4A
(1790952589.394387) can0 2A4#0001132AFFFD7689
(1790952589.394553) can0 2A5#000007BF000007CA
(1790952589.394635) can0 2A6#00000000FFFFFA7E
(1790952589.394765) can0 2A7#00005689FFFFF5D5
(1790952589.399044) can0 2A1#0100010000000000
(1790952589.399134) can0 2A2#0000D4310000040B
(1790952589.399262) can0 2A3#0002B209FFFD6E4A
(1790952589.399386) can0 2A4#0001132AFFFD7689
(1790952589.399486) can0 2A5#000007BF000007CA
(1790952589.399609) can0 2A6#00000000FFFFFA7E
(1790952589.399734) can0 2A7#00005689FFFFF5D5
(1790952589.404042) can0 2A1#0100010000000000
(1790952589.404159) can0 2A2#0000D4310000040B
(1790952589.404261) can0 2A3#0002B209FFFD6E4A
(1790952589.404386) can0 2A4#0001132AFFFD7689
(1790952589.404536) can0 2A5#000007BF000007CA
(1790952589.404634) can0 2A6#00000000FFFFFA7E
(1790952589.404759) can0 2A7#00005689FFFFF5D5
(1790952589.409049) can0 2A1#0100010000000000
(1790952589.409141) can0 2A2#0000D4310000040B
(1790952589.409261) can0 2A3#0002B209FFFD6E4A
(1790952589.409386) can0 2A4#0001132AFFFD7689
(1790952589.409536) can0 2A5#000007BF000007CA
(1790952589.409609) can0 2A6#00000000FFFFFA7E
(1790952589.409734) can0 2A7#00005689FFFFF5D5
(1790952589.414047) can0 2A1#0100010000000000
(1790952589.414158) can0 2A2#0000D4310000040B
(1790952589.414287) can0 2A3#0002B209FFFD6E4A
(1790952589.414387) can0 2A4#0001132AFFFD7689
(1790952589.414536) can0 2A5#000007BF000007CA
(1790952589.414636) can0 2A6#00000000FFFFFA7E
(1790952589.414761) can0 2A7#00005689FFFFF5D5
(1790952589.419014) can0 2A1#0100010000000000
(1790952589.419133) can0 2A2#0000D4310000040B
(1790952589.419261) can0 2A3#0002B209FFFD6E4A
(1790952589.419384) can0 2A4#0001132AFFFD7689
(1790952589.419533) can0 2A5#000007BF000007CA
(1790952589.419634) can0 2A6#00000000FFFFFA7E
(1790952589.419761) can0 2A7#00005689FFFFF5D5
(1790952589.424045) can0 2A1#0100010000000000
(1790952589.424158) can0 2A2#0000D4310000040B
(1790952589.424261) can0 2A3#0002B209FFFD6E4A
(1790952589.424386) can0 2A4#0001132AFFFD7689
(1790952589.424536) can0 2A5#000007BF000007CA
(1790952589.424636) can0 2A6#00000000FFFFFA7E
(1790952589.424761) can0 2A7#00005689FFFFF5D5
(1790952589.429036) can0 2A1#0100010000000000
(1790952589.429133) can0 2A2#0000D4310000040B
(1790952589.429259) can0 2A3#0002B209FFFD6E4A
(1790952589.429384) can0 2A4#0001132AFFFD7689
(1790952589.429533) can0 2A5#000007BF000007CA
(1790952589.429611) can0 2A6#00000000FFFFFA7E
(1790952589.429735) can0 2A7#00005689FFFFF5D5
(1790952589.434039) can0 2A1#0100010000000000
(1790952589.434158) can0 2A2#0000D4310000040B
(1790952589.434285) can0 2A3#0002B209FFFD6E4A
(1790952589.434383) can0 2A4#0001132AFFFD7689
(1790952589.434536) can0 2A5#000007BF000007CA
(1790952589.434636) can0 2A6#00000000FFFFFA7E
(1790952589.434761) can0 2A7#00005689FFFFF5D5
(1790952589.439009) can0 2A1#0100010000000000
(1790952589.439136) can0 2A2#0000D4310000040B
(1790952589.439261) can0 2A3#0002B209FFFD6E4A
(1790952589.439397) can0 2A4#0001132AFFFD7689
(1790952589.439535) can0 2A5#000007BF000007CA
(1790952589.439635) can0 2A6#00000000FFFFFA7E
(1790952589.439737) can0 2A7#00005689FFFFF5D5
(1790952589.444035) can0 2A1#0100010000000000
(1790952589.444160) can0 2A2#0000D4310000040B
(1790952589.444260) can0 2A3#0002B209FFFD6E4A
(1790952589.444385) can0 2A4#0001132AFFFD7689
(1790952589.444534) can0 2A5#000007BF000007CA
(1790952589.444634) can0 2A6#00000000FFFFFA7E
(1790952589.444760) can0 2A7#00005689FFFFF5D5
(1790952589.449042) can0 2A1#0100010000000000
(1790952589.449132) can0 2A2#0000D4310000040B
(1790952589.449261) can0 2A3#0002B209FFFD6E4A
(1790952589.449384) can0 2A4#0001132AFFFD7689
(1790952589.449534) can0 2A5#000007BF000007CA
(1790952589.449636) can0 2A6#00000000FFFFFA7E
(1790952589.449760) can0 2A7#00005689FFFFF5D5
(1790952589.454040) can0 2A1#0100010000000000
(1790952589.454157) can0 2A2#0000D4310000040B
(1790952589.454284) can0 2A3#0002B209FFFD6E4A
(1790952589.454385) can0 2A4#0001132AFFFD7689
(1790952589.454534) can0 2A5#000007BF000007CA
(1790952589.454635) can0 2A6#00000000FFFFFA7E
(1790952589.454760) can0 2A7#00005689FFFFF5D5
(1790952589.459018) can0 2A1#0100010000000000
(1790952589.459134) can0 2A2#0000D4310000040B
(1790952589.459259) can0 2A3#0002B209FFFD6E4A
(1790952589.459384) can0 2A4#0001132AFFFD7689
(1790952589.459534) can0 2A5#000007BF000007CA
(1790952589.459634) can0 2A6#00000000FFFFFA7E
(1790952589.459735) can0 2A7#00005689FFFFF5D5
(1790952589.464034) can0 2A1#0100010000000000
(1790952589.464158) can0 2A2#0000D4310000040B
(1790952589.464259) can0 2A3#0002B209FFFD6E4A
(1790952589.464384) can0 2A4#0001132AFFFD7689
(1790952589.464533) can0 2A5#000007BF000007CA
(1790952589.464634) can0 2A6#00000000FFFFFA7E
(1790952589.464759) can0 2A7#00005689FFFFF5D5
(1790952589.469010) can0 2A1#0100010000000000
(1790952589.469133) can0 2A2#0000D4310000040B
(1790952589.469259) can0 2A3#0002B209FFFD6E4A
(1790952589.469384) can0 2A4#0001132AFFFD7689
(1790952589.469534) can0 2A5#000007BF000007CA
(1790952589.469634) can0 2A6#00000000FFFFFA7E
(1790952589.469734) can0 2A7#00005689FFFFF5D5
(1790952589.474039) can0 2A1#0100010000000000
(1790952589.474161) can0 2A2#0000D4310000040B
(1790952589.474283) can0 2A3#0002B209FFFD6E4A
(1790952589.474384) can0 2A4#0001132AFFFD7689
(1790952589.474534) can0 2A5#000007BF000007CA
(1790952589.474634) can0 2A6#00000000FFFFFA7E
(1790952589.474759) can0 2A7#00005689FFFFF5D5
(1790952589.479034) can0 2A1#0100010000000000
(1790952589.479134) can0 2A2#0000D4310000040B
(1790952589.479259) can0 2A3#0002B209FFFD6E4A
(1790952589.479384) can0 2A4#0001132AFFFD7689
(1790952589.479533) can0 2A5#000007BF000007CA
(1790952589.479609) can0 2A6#00000000FFFFFA7E
(1790952589.479734) can0 2A7#00005689FFFFF5D5
(1790952589.484042) can0 2A1#0100010000000000
(1790952589.484161) can0 2A2#0000D4310000040B
(1790952589.484285) can0 2A3#0002B209FFFD6E4A
(1790952589.484384) can0 2A4#0001132AFFFD7689
(1790952589.484534) can0 2A5#000007BF000007CA
(1790952589.484634) can0 2A6#00000000FFFFFA7E
(1790952589.484734) can0 2A7#00005689FFFFF5D5
(1790952589.489013) can0 2A1#0100010000000000
(1790952589.489132) can0 2A2#0000D4310000040B
(1790952589.489259) can0 2A3#0002B209FFFD6E4A
(1790952589.489384) can0 2A4#0001132AFFFD7689
(1790952589.489533) can0 2A5#000007BF000007CA
(1790952589.489608) can0 2A6#00000000FFFFFA7E
(1790952589.489732) can0 2A7#00005689FFFFF5D5
(1790952589.494037) can0 2A1#0100010000000000
(1790952589.494157) can0 2A2#0000D4310000040B
(1790952589.494284) can0 2A3#0002B209FFFD6E4A
(1790952589.494384) can0 2A4#0001132AFFFD7689
(1790952589.494573) can0 2A5#000007BF000007CA
(1790952589.494633) can0 2A6#00000000FFFFFA7E
(1790952589.495429) can0 2A7#00005689FFFFF5D5
(1790952589.499052) can0 2A1#0100010000000000
(1790952589.499136) can0 2A2#0000D4310000040B
(1790952589.499259) can0 2A3#0002B209FFFD6E4A
(1790952589.499384) can0 2A4#0001132AFFFD7689
(1790952589.499484) can0 2A5#000007BF000007CA
(1790952589.499609) can0 2A6#00000000FFFFFA7E
(1790952589.499734) can0 2A7#00005689FFFFF5D5
(1790952589.504037) can0 2A1#0100010000000000
(1790952589.504157) can0 2A2#0000D4310000040B
(1790952589.504284) can0 2A3#0002B209FFFD6E4A
(1790952589.504384) can0 2A4#0001132AFFFD7689
(1790952589.504534) can0 2A5#000007BF000007CA
(1790952589.504634) can0 2A6#00000000FFFFFA7E
(1790952589.504760) can0 2A7#00005689FFFFF5D5
(1790952589.509009) can0 2A1#0100010000000000
(1790952589.509134) can0 2A2#0000D4310000040B
(1790952589.509259) can0 2A3#0002B209FFFD6E4A
(1790952589.509384) can0 2A4#0001132AFFFD7689
(1790952589.509536) can0 2A5#000007BF000007CA
(1790952589.509633) can0 2A6#00000000FFFFFA7E
(1790952589.509734) can0 2A7#00005689FFFFF5D5
(1790952589.514054) can0 2A1#0100010000000000
(1790952589.514158) can0 2A2#0000D4310000040B
(1790952589.514260) can0 2A3#0002B209FFFD6E4A
(1790952589.514384) can0 2A4#0001132AFFFD7689
(1790952589.514534) can0 2A5#000007BF000007CA
(1790952589.514634) can0 2A6#00000000FFFFFA7E
(1790952589.514759) can0 2A7#00005689FFFFF5D5
(1790952589.519014) can0 2A1#0100010000000000
(1790952589.519132) can0 2A2#0000D4310000040B
(1790952589.519259) can0 2A3#0002B209FFFD6E4A
(1790952589.519384) can0 2A4#0001132AFFFD7689
(1790952589.519533) can0 2A5#000007BF000007CA
(1790952589.519634) can0 2A6#00000000FFFFFA7E
(1790952589.519734) can0 2A7#00005689FFFFF5D5
(1790952589.524037) can0 2A1#0100010000000000
(1790952589.524137) can0 2A2#0000D4310000040B
(1790952589.524259) can0 2A3#0002B209FFFD6E4A
(1790952589.524384) can0 2A4#0001132AFFFD7689
(1790952589.524534) can0 2A5#000007BF000007CA
(1790952589.524635) can0 2A6#00000000FFFFFA7E
(1790952589.524758) can0 2A7#00005689FFFFF5D5
(1790952589.529012) can0 2A1#0100010000000000
(1790952589.529159) can0 2A2#0000D4310000040B
(1790952589.529259) can0 2A3#0002B209FFFD6E4A
(1790952589.529384) can0 2A4#0001132AFFFD7689
(1790952589.529534) can0 2A5#000007BF000007CA
(1790952589.529607) can0 2A6#00000000FFFFFA7E
(1790952589.529735) can0 2A7#00005689FFFFF5D5
(1790952589.534039) can0 2A1#0100010000000000
(1790952589.534157) can0 2A2#0000D4310000040B
(1790952589.534284) can0 2A3#0002B209FFFD6E4A
(1790952589.534382) can0 2A4#0001132AFFFD7689
(1790952589.534533) can0 2A5#000007BF000007CA
(1790952589.534632) can0 2A6#00000000FFFFFA7E
(1790952589.534759) can0 2A7#00005689FFFFF5D5
(1790952589.539037) can0 2A1#0100010000000000
(1790952589.539134) can0 2A2#0000D4310000040B
(1790952589.539259) can0 2A3#0002B209FFFD6E4A
(1790952589.539384) can0 2A4#0001132AFFFD7689
(1790952589.539536) can0 2A5#000007BF000007CA
(1790952589.539633) can0 2A6#00000000FFFFFA7E
(1790952589.539759) can0 2A7#00005689FFFFF5D5
(1790952589.544036) can0 2A1#0100010000000000
(1790952589.544160) can0 2A2#0000D4310000040B
(1790952589.544259) can0 2A3#0002B209FFFD6E4A
(1790952589.544384) can0 2A4#0001132AFFFD7689
(1790952589.544533) can0 2A5#000007BF000007CA
(1790952589.544632) can0 2A6#00000000FFFFFA7E
(1790952589.544759) can0 2A7#00005689FFFFF5D5
(1790952589.549012) can0 2A1#0100010000000000
(1790952589.549136) can0 2A2#0000D4310000040B
(1790952589.549259) can0 2A3#0002B209FFFD6E4A
(1790952589.549384) can0 2A4#0001132AFFFD7689
(1790952589.549533) can0 2A5#000007BF000007CA
(1790952589.549634) can0 2A6#00000000FFFFFA7E
(1790952589.549734) can0 2A7#00005689FFFFF5D5
(1790952589.554037) can0 2A1#0100010000000000
(1790952589.554157) can0 2A2#0000D4310000040B
(1790952589.554259) can0 2A3#0002B209FFFD6E4A
(1790952589.554384) can0 2A4#0001132AFFFD7689
(1790952589.554534) can0 2A5#000007BF000007CA
(1790952589.554634) can0 2A6#00000000FFFFFA7E
(1790952589.554759) can0 2A7#00005689FFFFF5D5
(1790952589.559015) can0 2A1#0100010000000000
(1790952589.559132) can0 2A2#0000D4310000040B
(1790952589.559259) can0 2A3#0002B209FFFD6E4A
(1790952589.559384) can0 2A4#0001132AFFFD7689
(1790952589.559533) can0 2A5#000007BF000007CA
(1790952589.559633) can0 2A6#00000000FFFFFA7E
(1790952589.559759) can0 2A7#00005689FFFFF5D5
(1790952589.564043) can0 2A1#0100010000000000
(1790952589.564158) can0 2A2#0000D4310000040B
(1790952589.564259) can0 2A3#0002B209FFFD6E4A
(1790952589.564383) can0 2A4#0001132AFFFD7689
(1790952589.564533) can0 2A5#000007BF000007CA
(1790952589.564633) can0 2A6#00000000FFFFFA7E
(1790952589.564759) can0 2A7#00005689FFFFF5D5
(1790952589.569014) can0 2A1#0100010000000000
(1790952589.569132) can0 2A2#0000D4310000040B
(1790952589.569259) can0 2A3#0002B209FFFD6E4A
(1790952589.569384) can0 2A4#0001132AFFFD7689
(1790952589.569533) can0 2A5#000007BF000007CA
(1790952589.569608) can0 2A6#00000000FFFFFA7E
(1790952589.569757) can0 2A7#00005689FFFFF5D5
(1790952589.574035) can0 2A1#0100010000000000
(1790952589.574132) can0 2A2#0000D4310000040B
(1790952589.574284) can0 2A3#0002B209FFFD6E4A
(1790952589.574382) can0 2A4#0001132AFFFD7689
(1790952589.574533) can0 2A5#000007BF000007CA
(1790952589.574634) can0 2A6#00000000FFFFFA7E
(1790952589.574759) can0 2A7#00005689FFFFF5D5
(1790952589.579018) can0 2A1#0100010000000000
(1790952589.579133) can0 2A2#0000D4310000040B
(1790952589.579259) can0 2A3#0002B209FFFD6E4A
(1790952589.579383) can0 2A4#0001132AFFFD7689
(1790952589.579533) can0 2A5#000007BF000007CA
(1790952589.579607) can0 2A6#00000000FFFFFA7E
(1790952589.579734) can0 2A7#00005689FFFFF5D5
(1790952589.584047) can0 2A1#0100010000000000
(1790952589.584157) can0 2A2#0000D4310000040B
(1790952589.584283) can0 2A3#0002B209FFFD6E4A
(1790952589.584383) can0 2A4#0001132AFFFD7689
(1790952589.584532) can0 2A5#000007BF000007CA
(1790952589.584632) can0 2A6#00000000FFFFFA7E
(1790952589.584759) can0 2A7#00005689FFFFF5D5
(1790952589.589037) can0 2A1#0100010000000000
(1790952589.589134) can0 2A2#0000D4310000040B
(1790952589.589259) can0 2A3#0002B209FFFD6E4A
(1790952589.589357) can0 2A4#0001132AFFFD7689
(1790952589.589483) can0 2A5#000007BF000007CA
(1790952589.589633) can0 2A6#00000000FFFFFA7E
(1790952589.589734) can0 2A7#00005689FFFFF5D5
(1790952589.594039) can0 2A1#0100010000000000
(1790952589.594157) can0 2A2#0000D4310000040B
(1790952589.594259) can0 2A3#0002B209FFFD6E4A
(1790952589.594383) can0 2A4#0001132AFFFD7689
(1790952589.594533) can0 2A5#000007BF000007CA
(1790952589.594633) can0 2A6#00000000FFFFFA7E
(1790952589.594759) can0 2A7#00005689FFFFF5D5
(1790952589.599049) can0 2A1#0100010000000000
(1790952589.599139) can0 2A2#0000D4310000040B
(1790952589.599259) can0 2A3#0002B209FFFD6E4A
(1790952589.599385) can0 2A4#0001132AFFFD7689
(1790952589.599484) can0 2A5#000007BF000007CA
(1790952589.599638) can0 2A6#00000000FFFFFA7E
(1790952589.599735) can0 2A7#00005689FFFFF5D5
(1790952589.604039) can0 2A1#0100010000000000
(1790952589.604158) can0 2A2#0000D4310000040B
(1790952589.604257) can0 2A3#0002B209FFFD6E4A
(1790952589.604384) can0 2A4#0001132AFFFD7689
(1790952589.604568) can0 2A5#000007BF000007CA
(1790952589.604632) can0 2A6#00000000FFFFFA7E
(1790952589.604759) can0 2A7#00005689FFFFF5D5
(1790952589.609009) can0 2A1#0100010000000000
(1790952589.609135) can0 2A2#0000D4310000040B
(1790952589.609259) can0 2A3#0002B209FFFD6E4A
(1790952589.609384) can0 2A4#0001132AFFFD7689
(1790952589.609534) can0 2A5#000007BF000007CA
(1790952589.609635) can0 2A6#00000000FFFFFA7E
(1790952589.609735) can0 2A7#00005689FFFFF5D5
(1790952589.614045) can0 2A1#0100010000000000
(1790952589.614158) can0 2A2#0000D4310000040B
(1790952589.614285) can0 2A3#0002B209FFFD6E4A
(1790952589.614384) can0 2A4#0001132AFFFD7689
(1790952589.614534) can0 2A5#000007BF000007CA
(1790952589.614634) can0 2A6#00000000FFFFFA7E
(1790952589.614759) can0 2A7#00005689FFFFF5D5
(1790952589.619017) can0 2A1#0100010000000000
(1790952589.619134) can0 2A2#0000D4310000040B
(1790952589.619262) can0 2A3#0002B209FFFD6E4A
(1790952589.619385) can0 2A4#0001132AFFFD7689
(1790952589.619533) can0 2A5#000007BF000007CA
(1790952589.619637) can0 2A6#00000000FFFFFA7E
(1790952589.619736) can0 2A7#00005689FFFFF5D5
(1790952589.624053) can0 2A1#0100010000000000
(1790952589.624158) can0 2A2#0000D4310000040B
(1790952589.624286) can0 2A3#0002B209FFFD6E4A
(1790952589.624386) can0 2A4#0001132AFFFD7689
(1790952589.624535) can0 2A5#000007BF000007CA
(1790952589.624634) can0 2A6#00000000FFFFFA7E
(1790952589.624759) can0 2A7#00005689FFFFF5D5
(1790952589.629009) can0 2A1#0100010000000000
(1790952589.629134) can0 2A2#0000D4310000040B
(1790952589.629261) can0 2A3#0002B209FFFD6E4A
(1790952589.629384) can0 2A4#0001132AFFFD7689
(1790952589.629532) can0 2A5#000007BF000007CA
(1790952589.629609) can0 2A6#00000000FFFFFA7E
(1790952589.629734) can0 2A7#00005689FFFFF5D5
(1790952589.634037) can0 2A1#0100010000000000
(1790952589.634159) can0 2A2#0000D4310000040B
(1790952589.634283) can0 2A3#0002B209FFFD6E4A
(1790952589.634385) can0 2A4#0001132AFFFD7689
(1790952589.634535) can0 2A5#000007BF000007CA
(1790952589.634635) can0 2A6#00000000FFFFFA7E
(1790952589.634760) can0 2A7#00005689FFFFF5D5
(1790952589.639010) can0 2A1#0100010000000000
(1790952589.639133) can0 2A2#0000D4310000040B
(1790952589.639259) can0 2A3#0002B209FFFD6E4A
(1790952589.639383) can0 2A4#0001132AFFFD7689
(1790952589.639533) can0 2A5#000007BF000007CA
(1790952589.639641) can0 2A6#00000000FFFFFA7E
(1790952589.639759) can0 2A7#00005689FFFFF5D5
(1790952589.644038) can0 2A1#0100010000000000
(1790952589.644132) can0 2A2#0000D4310000040B
(1790952589.644259) can0 2A3#0002B209FFFD6E4A
(1790952589.644383) can0 2A4#0001132AFFFD7689
(1790952589.644533) can0 2A5#000007BF000007CA
(1790952589.644634) can0 2A6#00000000FFFFFA7E
(1790952589.644759) can0 2A7#00005689FFFFF5D5
(1790952589.649018) can0 2A1#0100010000000000
(1790952589.649132) can0 2A2#0000D4310000040B
(1790952589.649260) can0 2A3#0002B209FFFD6E4A
(1790952589.649384) can0 2A4#0001132AFFFD7689
(1790952589.649534) can0 2A5#000007BF000007CA
(1790952589.649634) can0 2A6#00000000FFFFFA7E
(1790952589.649761) can0 2A7#00005689FFFFF5D5
(1790952589.654049) can0 2A1#0100010000000000
(1790952589.654136) can0 2A2#0000D4310000040B
(1790952589.654259) can0 2A3#0002B209FFFD6E4A
(1790952589.654409) can0 2A4#0001132AFFFD7689
(1790952589.654533) can0 2A5#000007BF000007CA
(1790952589.654633) can0 2A6#00000000FFFFFA7E
(1790952589.654759) can0 2A7#00005689FFFFF5D5
(1790952589.659014) can0 2A1#0100010000000000
(1790952589.659132) can0 2A2#0000D4310000040B
(1790952589.659259) can0 2A3#0002B209FFFD6E4A
(1790952589.659384) can0 2A4#0001132AFFFD7689
(1790952589.659533) can0 2A5#000007BF000007CA
(1790952589.659634) can0 2A6#00000000FFFFFA7E
(1790952589.659734) can0 2A7#00005689FFFFF5D5
(1790952589.664042) can0 2A1#0100010000000000
(1790952589.664156) can0 2A2#0000D4310000040B
(1790952589.664283) can0 2A3#0002B209FFFD6E4A
(1790952589.664383) can0 2A4#0001132AFFFD7689
(1790952589.664533) can0 2A5#000007BF000007CA
(1790952589.664634) can0 2A6#00000000FFFFFA7E
(1790952589.664759) can0 2A7#00005689FFFFF5D5
(1790952589.669014) can0 2A1#0100010000000000
(1790952589.669132) can0 2A2#0000D4310000040B
(1790952589.669258) can0 2A3#0002B209FFFD6E4A
(1790952589.669384) can0 2A4#0001132AFFFD7689
(1790952589.669533) can0 2A5#000007BF000007CA
(1790952589.669632) can0 2A6#00000000FFFFFA7E
(1790952589.669733) can0 2A7#00005689FFFFF5D5
(1790952589.674042) can0 2A1#0100010000000000
(1790952589.674159) can0 2A2#0000D4310000040B
(1790952589.674283) can0 2A3#0002B209FFFD6E4A
(1790952589.674384) can0 2A4#0001132AFFFD7689
(1790952589.674532) can0 2A5#000007BF000007CA
(1790952589.674634) can0 2A6#00000000FFFFFA7E
(1790952589.674758) can0 2A7#00005689FFFFF5D5
(1790952589.679014) can0 2A1#0100010000000000
(1790952589.679131) can0 2A2#0000D4310000040B
(1790952589.679258) can0 2A3#0002B209FFFD6E4A
(1790952589.679383) can0 2A4#0001132AFFFD7689
(1790952589.679533) can0 2A5#000007BF000007CA
(1790952589.679633) can0 2A6#00000000FFFFFA7E
(1790952589.679759) can0 2A7#00005689FFFFF5D5
(1790952589.684040) can0 2A1#0100010000000000
(1790952589.684157) can0 2A2#0000D4310000040B
(1790952589.684259) can0 2A3#0002B209FFFD6E4A
(1790952589.684383) can0 2A4#0001132AFFFD7689
(1790952589.684533) can0 2A5#000007BF000007CA
(1790952589.684633) can0 2A6#00000000FFFFFA7E
(1790952589.684757) can0 2A7#00005689FFFFF5D5
(1790952589.689012) can0 2A1#0100010000000000
(1790952589.689131) can0 2A2#0000D4310000040B
(1790952589.689259) can0 2A3#0002B209FFFD6E4A
(1790952589.689384) can0 2A4#0001132AFFFD7689
(1790952589.689533) can0 2A5#000007BF000007CA
(1790952589.689633) can0 2A6#00000000FFFFFA7E
(1790952589.689733) can0 2A7#00005689FFFFF5D5
(1790952589.694036) can0 2A1#0100010000000000
(1790952589.694158) can0 2A2#0000D4310000040B
(1790952589.694283) can0 2A3#0002B209FFFD6E4A
(1790952589.694383) can0 2A4#0001132AFFFD7689
(1790952589.694533) can0 2A5#000007BF000007CA
(1790952589.694633) can0 2A6#00000000FFFFFA7E
(1790952589.694758) can0 2A7#00005689FFFFF5D5
(1790952589.699010) can0 2A1#0100010000000000
(1790952589.699131) can0 2A2#0000D4310000040B
(1790952589.699258) can0 2A3#0002B209FFFD6E4A
(1790952589.699383) can0 2A4#0001132AFFFD7689
(1790952589.699533) can0 2A5#000007BF000007CA
(1790952589.699633) can0 2A6#00000000FFFFFA7E
(1790952589.699758) can0 2A7#00005689FFFFF5D5
(1790952589.704034) can0 2A1#0100010000000000
(1790952589.704131) can0 2A2#0000D4310000040B
(1790952589.704261) can0 2A3#0002B209FFFD6E4A
(1790952589.704383) can0 2A4#0001132AFFFD7689
(1790952589.704532) can0 2A5#000007BF000007CA
(1790952589.704643) can0 2A6#00000000FFFFFA7E
(1790952589.704758) can0 2A7#00005689FFFFF5D5
(1790952589.709011) can0 2A1#0100010000000000
(1790952589.709133) can0 2A2#0000D4310000040B
(1790952589.709258) can0 2A3#0002B209FFFD6E4A
(1790952589.709383) can0 2A4#0001132AFFFD7689
(1790952589.709533) can0 2A5#000007BF000007CA
(1790952589.709632) can0 2A6#00000000FFFFFA7E
(1790952589.709733) can0 2A7#00005689FFFFF5D5
(1790952589.714038) can0 2A1#0100010000000000
(1790952589.714158) can0 2A2#0000D4310000040B
(1790952589.714259) can0 2A3#0002B209FFFD6E4A
(1790952589.714384) can0 2A4#0001132AFFFD7689
(1790952589.714533) can0 2A5#000007BF000007CA
(1790952589.714633) can0 2A6#00000000FFFFFA7E
(1790952589.714758) can0 2A7#00005689FFFFF5D5
(1790952589.719037) can0 2A1#0100010000000000
(1790952589.719136) can0 2A2#0000D4310000040B
(1790952589.719258) can0 2A3#0002B209FFFD6E4A
(1790952589.719382) can0 2A4#0001132AFFFD7689
(1790952589.719533) can0 2A5#000007BF000007CA
(1790952589.719633) can0 2A6#00000000FFFFFA7E
(1790952589.719758) can0 2A7#00005689FFFFF5D5
(1790952589.724036) can0 2A1#0100010000000000
(1790952589.724157) can0 2A2#0000D4310000040B
(1790952589.724283) can0 2A3#0002B209FFFD6E4A
(1790952589.724383) can0 2A4#0001132AFFFD7689
(1790952589.724534) can0 2A5#000007BF000007CA
(1790952589.724635) can0 2A6#00000000FFFFFA7E
(1790952589.724759) can0 2A7#00005689FFFFF5D5
(1790952589.729037) can0 2A1#0100010000000000
(1790952589.729157) can0 2A2#0000D4310000040B
(1790952589.729259) can0 2A3#0002B209FFFD6E4A
(1790952589.729384) can0 2A4#0001132AFFFD7689
(1790952589.729534) can0 2A5#000007BF000007CA
(1790952589.729634) can0 2A6#00000000FFFFFA7E
(1790952589.729732) can0 2A7#00005689FFFFF5D5
(1790952589.734039) can0 2A1#0100010000000000
(1790952589.734156) can0 2A2#0000D4310000040B
(1790952589.734259) can0 2A3#0002B209FFFD6E4A
(1790952589.734384) can0 2A4#0001132AFFFD7689
(1790952589.734533) can0 2A5#000007BF000007CA
(1790952589.734632) can0 2A6#00000000FFFFFA7E
(1790952589.734759) can0 2A7#00005689FFFFF5D5
(1790952589.739014) can0 2A1#0100010000000000
(1790952589.739132) can0 2A2#0000D4310000040B
(1790952589.739259) can0 2A3#0002B209FFFD6E4A
(1790952589.739384) can0 2A4#0001132AFFFD7689
(1790952589.739533) can0 2A5#000007BF000007CA
(1790952589.739634) can0 2A6#00000000FFFFFA7E
(1790952589.739744) can0 2A7#00005689FFFFF5D5
(1790952589.744043) can0 2A1#0100010000000000
(1790952589.744157) can0 2A2#0000D4310000040B
(1790952589.744258) can0 2A3#0002B209FFFD6E4A
(1790952589.744383) can0 2A4#0001132AFFFD7689
(1790952589.744532) can0 2A5#000007BF000007CA
(1790952589.744633) can0 2A6#00000000FFFFFA7E
(1790952589.744758) can0 2A7#00005689FFFFF5D5
(1790952589.749043) can0 2A1#0100010000000000
(1790952589.749140) can0 2A2#0000D4310000040B
(1790952589.749258) can0 2A3#0002B209FFFD6E4A
(1790952589.749383) can0 2A4#0001132AFFFD7689
(1790952589.749532) can0 2A5#000007BF000007CA
(1790952589.749607) can0 2A6#00000000FFFFFA7E
(1790952589.749733) can0 2A7#00005689FFFFF5D5
(1790952589.754038) can0 2A1#0100010000000000
(1790952589.754156) can0 2A2#0000D4310000040B
(1790952589.754283) can0 2A3#0002B209FFFD6E4A
(1790952589.754383) can0 2A4#0001132AFFFD7689
(1790952589.754533) can0 2A5#000007BF000007CA
(1790952589.754631) can0 2A6#00000000FFFFFA7E
(1790952589.754731) can0 2A7#00005689FFFFF5D5
(1790952589.759033) can0 2A1#0100010000000000
(1790952589.759158) can0 2A2#0000D4310000040B
(1790952589.759258) can0 2A3#0002B209FFFD6E4A
(1790952589.759383) can0 2A4#0001132AFFFD7689
(1790952589.759533) can0 2A5#000007BF000007CA
(1790952589.759607) can0 2A6#00000000FFFFFA7E
(1790952589.759733) can0 2A7#00005689FFFFF5D5
(1790952589.764039) can0 2A1#0100010000000000
(1790952589.764160) can0 2A2#0000D4310000040B
(1790952589.764286) can0 2A3#0002B209FFFD6E4A
(1790952589.764382) can0 2A4#0001132AFFFD7689
(1790952589.764532) can0 2A5#000007BF000007CA
(1790952589.764632) can0 2A6#00000000FFFFFA7E
(1790952589.764758) can0 2A7#00005689FFFFF5D5
(1790952589.769014) can0 2A1#0100010000000000
(1790952589.769133) can0 2A2#0000D4310000040B
(1790952589.769259) can0 2A3#0002B209FFFD6E4A
(1790952589.769383) can0 2A4#0001132AFFFD7689
(1790952589.769533) can0 2A5#000007BF000007CA
(1790952589.769632) can0 2A6#00000000FFFFFA7E
(1790952589.769733) can0 2A7#00005689FFFFF5D5
(1790952589.774044) can0 2A1#0100010000000000
(1790952589.774161) can0 2A2#0000D4310000040B
(1790952589.774283) can0 2A3#0002B209FFFD6E4A
(1790952589.774409) can0 2A4#0001132AFFFD7689
(1790952589.774533) can0 2A5#000007BF000007CA
(1790952589.774636) can0 2A6#00000000FFFFFA7E
(1790952589.774756) can0 2A7#00005689FFFFF5D5
(1790952589.779014) can0 2A1#0100010000000000
(1790952589.779136) can0 2A2#0000D4310000040B
(1790952589.779258) can0 2A3#0002B209FFFD6E4A
(1790952589.779383) can0 2A4#0001132AFFFD7689
(1790952589.779535) can0 2A5#000007BF000007CA
(1790952589.779633) can0 2A6#00000000FFFFFA7E
(1790952589.779733) can0 2A7#00005689FFFFF5D5
(1790952589.784041) can0 2A1#0100010000000000
(1790952589.784138) can0 2A2#0000D4310000040B
(1790952589.784283) can0 2A3#0002B209FFFD6E4A
(1790952589.784381) can0 2A4#0001132AFFFD7689
(1790952589.784533) can0 2A5#000007BF000007CA
(1790952589.784631) can0 2A6#00000000FFFFFA7E
(1790952589.784758) can0 2A7#00005689FFFFF5D5
(1790952589.789012) can0 2A1#0100010000000000
(1790952589.789136) can0 2A2#0000D4310000040B
(1790952589.789258) can0 2A3#0002B209FFFD6E4A
(1790952589.789383) can0 2A4#0001132AFFFD7689
(1790952589.789532) can0 2A5#000007BF000007CA
(1790952589.789633) can0 2A6#00000000FFFFFA7E
(1790952589.789732) can0 2A7#00005689FFFFF5D5
(1790952589.794034) can0 2A1#0100010000000000
(1790952589.794160) can0 2A2#0000D4310000040B
(1790952589.794283) can0 2A3#0002B209FFFD6E4A
(1790952589.794383) can0 2A4#0001132AFFFD7689
(1790952589.794533) can0 2A5#000007BF000007CA
(1790952589.794633) can0 2A6#00000000FFFFFA7E
(1790952589.794758) can0 2A7#00005689FFFFF5D5
(1790952589.799014) can0 2A1#0100010000000000
(1790952589.799132) can0 2A2#0000D4310000040B
(1790952589.799258) can0 2A3#0002B209FFFD6E4A
(1790952589.799383) can0 2A4#0001132AFFFD7689
(1790952589.799533) can0 2A5#000007BF000007CA
(1790952589.799633) can0 2A6#00000000FFFFFA7E
(1790952589.799731) can0 2A7#00005689FFFFF5D5
(1790952589.804059) can0 2A1#0100010000000000
(1790952589.804156) can0 2A2#0000D4310000040B
(1790952589.804283) can0 2A3#0002B209FFFD6E4A
(1790952589.804408) can0 2A4#0001132AFFFD7689
(1790952589.804531) can0 2A5#000007BF000007CA
(1790952589.804633) can0 2A6#00000000FFFFFA7E
(1790952589.804758) can0 2A7#00005689FFFFF5D5
(1790952589.809037) can0 2A1#0100010000000000
(1790952589.809136) can0 2A2#0000D4310000040B
(1790952589.809257) can0 2A3#0002B209FFFD6E4A
(1790952589.809383) can0 2A4#0001132AFFFD7689
(1790952589.809533) can0 2A5#000007BF000007CA
(1790952589.809631) can0 2A6#00000000FFFFFA7E
(1790952589.809758) can0 2A7#00005689FFFFF5D5
(1790952589.814042) can0 2A1#0100010000000000
(1790952589.814159) can0 2A2#0000D4310000040B
(1790952589.814258) can0 2A3#0002B209FFFD6E4A
(1790952589.814384) can0 2A4#0001132AFFFD7689
(1790952589.814533) can0 2A5#000007BF000007CA
(1790952589.814631) can0 2A6#00000000FFFFFA7E
(1790952589.814758) can0 2A7#00005689FFFFF5D5
(1790952589.819010) can0 2A1#0100010000000000
(1790952589.819134) can0 2A2#0000D4310000040B
(1790952589.819259) can0 2A3#0002B209FFFD6E4A
(1790952589.819383) can0 2A4#0001132AFFFD7689
(1790952589.819533) can0 2A5#000007BF000007CA
(1790952589.819633) can0 2A6#00000000FFFFFA7E
(1790952589.819761) can0 2A7#00005689FFFFF5D5
(1790952589.824048) can0 2A1#0100010000000000
(1790952589.824158) can0 2A2#0000D4310000040B
(1790952589.824259) can0 2A3#0002B209FFFD6E4A
(1790952589.824383) can0 2A4#0001132AFFFD7689
(1790952589.824532) can0 2A5#000007BF000007CA
(1790952589.824632) can0 2A6#00000000FFFFFA7E
(1790952589.824758) can0 2A7#00005689FFFFF5D5
(1790952589.829041) can0 2A1#0100010000000000
(1790952589.829138) can0 2A2#0000D4310000040B
(1790952589.829260) can0 2A3#0002B209FFFD6E4A
(1790952589.829382) can0 2A4#0001132AFFFD7689
(1790952589.829482) can0 2A5#000007BF000007CA
(1790952589.829607) can0 2A6#00000000FFFFFA7E
(1790952589.829732) can0 2A7#00005689FFFFF5D5
(1790952589.834045) can0 2A1#0100010000000000
(1790952589.834158) can0 2A2#0000D4310000040B
(1790952589.834260) can0 2A3#0002B209FFFD6E4A
(1790952589.834385) can0 2A4#0001132AFFFD7689
(1790952589.834532) can0 2A5#000007BF000007CA
(1790952589.834633) can0 2A6#00000000FFFFFA7E
(1790952589.834758) can0 2A7#00005689FFFFF5D5
(1790952589.839039) can0 2A1#0100010000000000
(1790952589.839160) can0 2A2#0000D4310000040B
(1790952589.839258) can0 2A3#0002B209FFFD6E4A
(1790952589.839383) can0 2A4#0001132AFFFD7689
(1790952589.839535) can0 2A5#000007BF000007CA
(1790952589.839632) can0 2A6#00000000FFFFFA7E
(1790952589.839733) can0 2A7#00005689FFFFF5D5
(1790952589.844041) can0 2A1#0100010000000000
(1790952589.844158) can0 2A2#0000D4310000040B
(1790952589.844287) can0 2A3#0002B209FFFD6E4A
(1790952589.844410) can0 2A4#0001132AFFFD7689
(1790952589.844535) can0 2A5#000007BF000007CA
(1790952589.844632) can0 2A6#00000000FFFFFA7E
(1790952589.844757) can0 2A7#00005689FFFFF5D5
(1790952589.849033) can0 2A1#0100010000000000
(1790952589.849160) can0 2A2#0000D4310000040B
(1790952589.849260) can0 2A3#0002B209FFFD6E4A
(1790952589.849385) can0 2A4#0001132AFFFD7689
(1790952589.849534) can0 2A5#000007BF000007CA
(1790952589.849607) can0 2A6#00000000FFFFFA7E
(1790952589.849735) can0 2A7#00005689FFFFF5D5
(1790952589.854040) can0 2A1#0100010000000000
(1790952589.854160) can0 2A2#0000D4310000040B
(1790952589.854285) can0 2A3#0002B209FFFD6E4A
(1790952589.854384) can0 2A4#0001132AFFFD7689
(1790952589.854532) can0 2A5#000007BF000007CA
(1790952589.854632) can0 2A6#00000000FFFFFA7E
(1790952589.854760) can0 2A7#00005689FFFFF5D5
(1790952589.859043) can0 2A1#0100010000000000
(1790952589.859134) can0 2A2#0000D4310000040B
(1790952589.859260) can0 2A3#0002B209FFFD6E4A
(1790952589.859385) can0 2A4#0001132AFFFD7689
(1790952589.859535) can0 2A5#000007BF000007CA
(1790952589.859632) can0 2A6#00000000FFFFFA7E
(1790952589.859732) can0 2A7#00005689FFFFF5D5
(1790952589.864057) can0 2A1#0100010000000000
(1790952589.864157) can0 2A2#0000D4310000040B
(1790952589.864283) can0 2A3#0002B209FFFD6E4A
(1790952589.864410) can0 2A4#0001132AFFFD7689
(1790952589.864535) can0 2A5#000007BF000007CA
(1790952589.864632) can0 2A6#00000000FFFFFA7E
(1790952589.864757) can0 2A7#00005689FFFFF5D5
(1790952589.869011) can0 2A1#0100010000000000
(1790952589.869134) can0 2A2#0000D4310000040B
(1790952589.869258) can0 2A3#0002B209FFFD6E4A
(1790952589.869385) can0 2A4#0001132AFFFD7689
(1790952589.869532) can0 2A5#000007BF000007CA
(1790952589.869632) can0 2A6#00000000FFFFFA7E
(1790952589.869758) can0 2A7#00005689FFFFF5D5
(1790952589.874040) can0 2A1#0100010000000000
(1790952589.874158) can0 2A2#0000D4310000040B
(1790952589.874259) can0 2A3#0002B209FFFD6E4A
(1790952589.874382) can0 2A4#0001132AFFFD7689
(1790952589.874534) can0 2A5#000007BF000007CA
(1790952589.874633) can0 2A6#00000000FFFFFA7E
(1790952589.874758) can0 2A7#00005689FFFFF5D5
(1790952589.879042) can0 2A1#0100010000000000
(1790952589.879132) can0 2A2#0000D4310000040B
(1790952589.879258) can0 2A3#0002B209FFFD6E4A
(1790952589.879385) can0 2A4#0001132AFFFD7689
(1790952589.879482) can0 2A5#000007BF000007CA
(1790952589.879633) can0 2A6#00000000FFFFFA7E
(1790952589.879757) can0 2A7#00005689FFFFF5D5
(1790952589.884046) can0 2A1#0100010000000000
(1790952589.884156) can0 2A2#0000D4310000040B
(1790952589.884258) can0 2A3#0002B209FFFD6E4A
(1790952589.884383) can0 2A4#0001132AFFFD7689
(1790952589.884532) can0 2A5#000007BF000007CA
(1790952589.884633) can0 2A6#00000000FFFFFA7E
(1790952589.884757) can0 2A7#00005689FFFFF5D5
(1790952589.889032) can0 2A1#0100010000000000
(1790952589.889165) can0 2A2#0000D4310000040B
(1790952589.889258) can0 2A3#0002B209FFFD6E4A
(1790952589.889383) can0 2A4#0001132AFFFD7689
(1790952589.889536) can0 2A5#000007BF000007CA
(1790952589.889632) can0 2A6#00000000FFFFFA7E
(1790952589.889734) can0 2A7#00005689FFFFF5D5
(1790952589.894045) can0 2A1#0100010000000000
(1790952589.894158) can0 2A2#0000D4310000040B
(1790952589.894284) can0 2A3#0002B209FFFD6E4A
(1790952589.894409) can0 2A4#0001132AFFFD7689
(1790952589.894533) can0 2A5#000007BF000007CA
(1790952589.894631) can0 2A6#00000000FFFFFA7E
(1790952589.894758) can0 2A7#00005689FFFFF5D5
(1790952589.899015) can0 2A1#0100010000000000
(1790952589.899134) can0 2A2#0000D4310000040B
(1790952589.899261) can0 2A3#0002B209FFFD6E4A
(1790952589.899386) can0 2A4#0001132AFFFD7689
(1790952589.899537) can0 2A5#000007BF000007CA
(1790952589.899635) can0 2A6#00000000FFFFFA7E
(1790952589.899735) can0 2A7#00005689FFFFF5D5
(1790952589.904061) can0 2A1#0100010000000000
(1790952589.904159) can0 2A2#0000D4310000040B
(1790952589.904282) can0 2A3#0002B209FFFD6E4A
(1790952589.904385) can0 2A4#0001132AFFFD7689
(1790952589.904534) can0 2A5#000007BF000007CA
(1790952589.904632) can0 2A6#00000000FFFFFA7E
(1790952589.904757) can0 2A7#00005689FFFFF5D5
(1790952589.909012) can0 2A1#0100010000000000
(1790952589.909135) can0 2A2#0000D4310000040B
(1790952589.909260) can0 2A3#0002B209FFFD6E4A
(1790952589.909385) can0 2A4#0001132AFFFD7689
(1790952589.909535) can0 2A5#000007BF000007CA
(1790952589.909633) can0 2A6#00000000FFFFFA7E
(1790952589.909757) can0 2A7#00005689FFFFF5D5
(1790952589.914054) can0 2A1#0100010000000000
(1790952589.914159) can0 2A2#0000D4310000040B
(1790952589.914259) can0 2A3#0002B209FFFD6E4A
(1790952589.914385) can0 2A4#0001132AFFFD7689
(1790952589.914532) can0 2A5#000007BF000007CA
(1790952589.914633) can0 2A6#00000000FFFFFA7E
(1790952589.914757) can0 2A7#00005689FFFFF5D5
(1790952589.919018) can0 2A1#0100010000000000
(1790952589.919133) can0 2A2#0000D4310000040B
(1790952589.919257) can0 2A3#0002B209FFFD6E4A
(1790952589.919381) can0 2A4#0001132AFFFD7689
(1790952589.919534) can0 2A5#000007BF000007CA
(1790952589.919632) can0 2A6#00000000FFFFFA7E
(1790952589.919757) can0 2A7#00005689FFFFF5D5
(1790952589.924044) can0 2A1#0100010000000000
(1790952589.924157) can0 2A2#0000D4310000040B
(1790952589.924259) can0 2A3#0002B209FFFD6E4A
(1790952589.924385) can0 2A4#0001132AFFFD7689
(1790952589.924534) can0 2A5#000007BF000007CA
(1790952589.924632) can0 2A6#00000000FFFFFA7E
(1790952589.924758) can0 2A7#00005689FFFFF5D5
(1790952589.929021) can0 2A1#0100010000000000
(1790952589.929134) can0 2A2#0000D4310000040B
(1790952589.929260) can0 2A3#0002B209FFFD6E4A
(1790952589.929384) can0 2A4#0001132AFFFD7689
(1790952589.929537) can0 2A5#000007BF000007CA
(1790952589.929634) can0 2A6#00000000FFFFFA7E
(1790952589.929759) can0 2A7#00005689FFFFF5D5
(1790952589.934035) can0 2A1#0100010000000000
(1790952589.934136) can0 2A2#0000D4310000040B
(1790952589.934284) can0 2A3#0002B209FFFD6E4A
(1790952589.934409) can0 2A4#0001132AFFFD7689
(1790952589.934534) can0 2A5#000007BF000007CA
(1790952589.934633) can0 2A6#00000000FFFFFA7E
(1790952589.934758) can0 2A7#00005689FFFFF5D5
(1790952589.939035) can0 2A1#0100010000000000
(1790952589.939159) can0 2A2#0000D4310000040B
(1790952589.939259) can0 2A3#0002B209FFFD6E4A
(1790952589.939384) can0 2A4#0001132AFFFD7689
(1790952589.939482) can0 2A5#000007BF000007CA
(1790952589.939632) can0 2A6#00000000FFFFFA7E
(1790952589.939757) can0 2A7#00005689FFFFF5D5
(1790952589.944036) can0 2A1#0100010000000000
(1790952589.944157) can0 2A2#0000D4310000040B
(1790952589.944281) can0 2A3#0002B209FFFD6E4A
(1790952589.944384) can0 2A4#0001132AFFFD7689
(1790952589.944534) can0 2A5#000007BF000007CA
(1790952589.944632) can0 2A6#00000000FFFFFA7E
(1790952589.944757) can0 2A7#00005689FFFFF5D5
(1790952589.949046) can0 2A1#0100010000000000
(1790952589.949139) can0 2A2#0000D4310000040B
(1790952589.949259) can0 2A3#0002B209FFFD6E4A
(1790952589.949384) can0 2A4#0001132AFFFD7689
(1790952589.949534) can0 2A5#000007BF000007CA
(1790952589.949634) can0 2A6#00000000FFFFFA7E
(1790952589.949757) can0 2A7#00005689FFFFF5D5
(1790952589.954044) can0 2A1#0100010000000000
(1790952589.954166) can0 2A2#0000D4310000040B
(1790952589.954257) can0 2A3#0002B209FFFD6E4A
(1790952589.954384) can0 2A4#0001132AFFFD7689
(1790952589.954532) can0 2A5#000007BF000007CA
(1790952589.954634) can0 2A6#00000000FFFFFA7E
(1790952589.954760) can0 2A7#00005689FFFFF5D5
(1790952589.959012) can0 2A1#0100010000000000
(1790952589.959132) can0 2A2#0000D4310000040B
(1790952589.959259) can0 2A3#0002B209FFFD6E4A
(1790952589.959383) can0 2A4#0001132AFFFD7689
(1790952589.959534) can0 2A5#000007BF000007CA
(1790952589.959631) can0 2A6#00000000FFFFFA7E
(1790952589.959734) can0 2A7#00005689FFFFF5D5
(1790952589.964039) can0 2A1#0100010000000000
(1790952589.964157) can0 2A2#0000D4310000040B
(1790952589.964284) can0 2A3#0002B209FFFD6E4A
(1790952589.964408) can0 2A4#0001132AFFFD7689
(1790952589.964536) can0 2A5#000007BF000007CA
(1790952589.964633) can0 2A6#00000000FFFFFA7E
(1790952589.964760) can0 2A7#00005689FFFFF5D5
(1790952589.969017) can0 2A1#0100010000000000
(1790952589.969135) can0 2A2#0000D4310000040B
(1790952589.969260) can0 2A3#0002B209FFFD6E4A
(1790952589.969382) can0 2A4#0001132AFFFD7689
(1790952589.969532) can0 2A5#000007BF000007CA
(1790952589.969633) can0 2A6#00000000FFFFFA7E
(1790952589.969732) can0 2A7#00005689FFFFF5D5
(1790952589.974041) can0 2A1#0100010000000000
(1790952589.974157) can0 2A2#0000D4310000040B
(1790952589.974285) can0 2A3#0002B209FFFD6E4A
(1790952589.974409) can0 2A4#0001132AFFFD7689
(1790952589.974536) can0 2A5#000007BF000007CA
(1790952589.974633) can0 2A6#00000000FFFFFA7E
(1790952589.974760) can0 2A7#00005689FFFFF5D5
(1790952589.979045) can0 2A1#0100010000000000
(1790952589.979136) can0 2A2#0000D4310000040B
(1790952589.979259) can0 2A3#0002B209FFFD6E4A
(1790952589.979382) can0 2A4#0001132AFFFD7689
(1790952589.979535) can0 2A5#000007BF000007CA
(1790952589.979633) can0 2A6#00000000FFFFFA7E
(1790952589.979756) can0 2A7#00005689FFFFF5D5
(1790952589.984033) can0 2A1#0100010000000000
(1790952589.984160) can0 2A2#0000D4310000040B
(1790952589.984257) can0 2A3#0002B209FFFD6E4A
(1790952589.984382) can0 2A4#0001132AFFFD7689
(1790952589.984535) can0 2A5#000007BF000007CA
(1790952589.984632) can0 2A6#00000000FFFFFA7E
(1790952589.984757) can0 2A7#00005689FFFFF5D5
(1790952589.989035) can0 2A1#0100010000000000
(1790952589.989134) can0 2A2#0000D4310000040B
(1790952589.989259) can0 2A3#0002B209FFFD6E4A
(1790952589.989384) can0 2A4#0001132AFFFD7689
(1790952589.989534) can0 2A5#000007BF000007CA
(1790952589.989633) can0 2A6#00000000FFFFFA7E
(1790952589.989759) can0 2A7#00005689FFFFF5D5
(1790952589.994036) can0 2A1#0100010000000000
(1790952589.994159) can0 2A2#0000D4310000040B
(1790952589.994282) can0 2A3#0002B209FFFD6E4A
(1790952589.994383) can0 2A4#0001132AFFFD7689
(1790952589.994533) can0 2A5#000007BF000007CA
(1790952589.994634) can0 2A6#00000000FFFFFA7E
(1790952589.994758) can0 2A7#00005689FFFFF5D5
(1790952589.999017) can0 2A1#0100010000000000
(1790952589.999132) can0 2A2#0000D4310000040B
(1790952589.999257) can0 2A3#0002B209FFFD6E4A
(1790952589.999381) can0 2A4#0001132AFFFD7689
(1790952589.999531) can0 2A5#000007BF000007CA
(1790952589.999631) can0 2A6#00000000FFFFFA7E
(1790952589.999756) can0 2A7#00005689FFFFF5D5
(1790952590.004039) can0 2A1#0100010000000000
(1790952590.004159) can0 2A2#0000D4310000040B
(1790952590.004259) can0 2A3#0002B209FFFD6E4A
(1790952590.004385) can0 2A4#0001132AFFFD7689
(1790952590.004534) can0 2A5#000007BF000007CA
(1790952590.004634) can0 2A6#00000000FFFFFA7E
(1790952590.004759) can0 2A7#00005689FFFFF5D5
(1790952590.009045) can0 2A1#0100010000000000
(1790952590.009159) can0 2A2#0000D4310000040B
(1790952590.009259) can0 2A3#0002B209FFFD6E4A
(1790952590.009384) can0 2A4#0001132AFFFD7689
(1790952590.009532) can0 2A5#000007BF000007CA
(1790952590.009633) can0 2A6#00000000FFFFFA7E
(1790952590.009734) can0 2A7#00005689FFFFF5D5
(1790952590.014047) can0 2A1#0100010000000000
(1790952590.014168) can0 2A2#0000D4310000040B
(1790952590.014283) can0 2A3#0002B209FFFD6E4A
(1790952590.014383) can0 2A4#0001132AFFFD7689
(1790952590.014532) can0 2A5#000007BF000007CA
(1790952590.014635) can0 2A6#00000000FFFFFA7E
(1790952590.014760) can0 2A7#00005689FFFFF5D5
(1790952590.019010) can0 2A1#0100010000000000
(1790952590.019131) can0 2A2#0000D4310000040B
(1790952590.019260) can0 2A3#0002B209FFFD6E4A
(1790952590.019382) can0 2A4#0001132AFFFD7689
(1790952590.019541) can0 2A5#000007BF000007CA
(1790952590.019631) can0 2A6#00000000FFFFFA7E
(1790952590.019733) can0 2A7#00005689FFFFF5D5
(1790952590.024040) can0 2A1#0100010000000000
(1790952590.024155) can0 2A2#0000D4310000040B
(1790952590.024282) can0 2A3#0002B209FFFD6E4A
(1790952590.024384) can0 2A4#0001132AFFFD7689
(1790952590.024532) can0 2A5#000007BF000007CA
(1790952590.024632) can0 2A6#00000000FFFFFA7E
(1790952590.024758) can0 2A7#00005689FFFFF5D5
(1790952590.029041) can0 2A1#0100010000000000
(1790952590.029133) can0 2A2#0000D4310000040B
(1790952590.029257) can0 2A3#0002B209FFFD6E4A
(1790952590.029383) can0 2A4#0001132AFFFD7689
(1790952590.029533) can0 2A5#000007BF000007CA
(1790952590.029633) can0 2A6#00000000FFFFFA7E
(1790952590.029756) can0 2A7#00005689FFFFF5D5
(1790952590.034037) can0 2A1#0100010000000000
(1790952590.034158) can0 2A2#0000D4310000040B
(1790952590.034282) can0 2A3#0002B209FFFD6E4A
(1790952590.034382) can0 2A4#0001132AFFFD7689
(1790952590.034532) can0 2A5#000007BF000007CA
(1790952590.034631) can0 2A6#00000000FFFFFA7E
(1790952590.034757) can0 2A7#00005689FFFFF5D5
(1790952590.039035) can0 2A1#0100010000000000
(1790952590.039155) can0 2A2#0000D4310000040B
(1790952590.039258) can0 2A3#0002B209FFFD6E4A
(1790952590.039382) can0 2A4#0001132AFFFD7689
(1790952590.039532) can0 2A5#000007BF000007CA
(1790952590.039632) can0 2A6#00000000FFFFFA7E
(1790952590.039733) can0 2A7#00005689FFFFF5D5
(1790952590.044040) can0 2A1#0100010000000000
(1790952590.044155) can0 2A2#0000D4310000040B
(1790952590.044282) can0 2A3#0002B209FFFD6E4A
(1790952590.044382) can0 2A4#0001132AFFFD7689
(1790952590.044532) can0 2A5#000007BF000007CA
(1790952590.044632) can0 2A6#00000000FFFFFA7E
(1790952590.044758) can0 2A7#00005689FFFFF5D5
(1790952590.049035) can0 2A1#0100010000000000
(1790952590.049130) can0 2A2#0000D4310000040B
(1790952590.049258) can0 2A3#0002B209FFFD6E4A
(1790952590.049381) can0 2A4#0001132AFFFD7689
(1790952590.049531) can0 2A5#000007BF000007CA
(1790952590.049607) can0 2A6#00000000FFFFFA7E
(1790952590.049731) can0 2A7#00005689FFFFF5D5
(1790952590.054042) can0 2A1#0100010000000000
(1790952590.054158) can0 2A2#0000D4310000040B
(1790952590.054258) can0 2A3#0002B209FFFD6E4A
(1790952590.054383) can0 2A4#0001132AFFFD7689
(1790952590.054532) can0 2A5#000007BF000007CA
(1790952590.054632) can0 2A6#00000000FFFFFA7E
(1790952590.054758) can0 2A7#00005689FFFFF5D5
(1790952590.059016) can0 2A1#0100010000000000
(1790952590.059131) can0 2A2#0000D4310000040B
(1790952590.059258) can0 2A3#0002B209FFFD6E4A
(1790952590.059382) can0 2A4#0001132AFFFD7689
(1790952590.059533) can0 2A5#000007BF000007CA
(1790952590.059632) can0 2A6#00000000FFFFFA7E
(1790952590.059758) can0 2A7#00005689FFFFF5D5
(1790952590.064051) can0 2A1#0100010000000000
(1790952590.064156) can0 2A2#0000D4310000040B
(1790952590.064258) can0 2A3#0002B209FFFD6E4A
(1790952590.064383) can0 2A4#0001132AFFFD7689
(1790952590.064532) can0 2A5#000007BF000007CA
(1790952590.064633) can0 2A6#00000000FFFFFA7E
(1790952590.064759) can0 2A7#00005689FFFFF5D5
(1790952590.069036) can0 2A1#0100010000000000
(1790952590.069135) can0 2A2#0000D4310000040B
(1790952590.069265) can0 2A3#0002B209FFFD6E4A
(1790952590.069384) can0 2A4#0001132AFFFD7689
(1790952590.069530) can0 2A5#000007BF000007CA
(1790952590.069634) can0 2A6#00000000FFFFFA7E
(1790952590.069757) can0 2A7#00005689FFFFF5D5
(1790952590.074035) can0 2A1#0100010000000000
(1790952590.074156) can0 2A2#0000D4310000040B
(1790952590.074281) can0 2A3#0002B209FFFD6E4A
(1790952590.074381) can0 2A4#0001132AFFFD7689
(1790952590.074530) can0 2A5#000007BF000007CA
(1790952590.074631) can0 2A6#00000000FFFFFA7E
(1790952590.074756) can0 2A7#00005689FFFFF5D5
(1790952590.079034) can0 2A1#0100010000000000
(1790952590.079130) can0 2A2#0000D4310000040B
(1790952590.079256) can0 2A3#0002B209FFFD6E4A
(1790952590.079380) can0 2A4#0001132AFFFD7689
(1790952590.079530) can0 2A5#000007BF000007CA
(1790952590.079630) can0 2A6#00000000FFFFFA7E
(1790952590.079756) can0 2A7#00005689FFFFF5D5
(1790952590.084042) can0 2A1#0100010000000000
(1790952590.084157) can0 2A2#0000D4310000040B
(1790952590.084283) can0 2A3#0002B209FFFD6E4A
(1790952590.084383) can0 2A4#0001132AFFFD7689
(1790952590.084532) can0 2A5#000007BF000007CA
(1790952590.084642) can0 2A6#00000000FFFFFA7E
(1790952590.084757) can0 2A7#00005689FFFFF5D5
(1790952590.089013) can0 2A1#0100010000000000
(1790952590.089136) can0 2A2#0000D4310000040B
(1790952590.089259) can0 2A3#0002B209FFFD6E4A
(1790952590.089383) can0 2A4#0001132AFFFD7689
(1790952590.089533) can0 2A5#000007BF000007CA
(1790952590.089633) can0 2A6#00000000FFFFFA7E
(1790952590.089758) can0 2A7#00005689FFFFF5D5
(1790952590.094037) can0 2A1#0100010000000000
(1790952590.094158) can0 2A2#0000D4310000040B
(1790952590.094283) can0 2A3#0002B209FFFD6E4A
(1790952590.094408) can0 2A4#0001132AFFFD7689
(1790952590.094533) can0 2A5#000007BF000007CA
(1790952590.094633) can0 2A6#00000000FFFFFA7E
(1790952590.094759) can0 2A7#00005689FFFFF5D5
(1790952590.099053) can0 2A1#0100010000000000
(1790952590.099139) can0 2A2#0000D4310000040B
(1790952590.099259) can0 2A3#0002B209FFFD6E4A
(1790952590.099383) can0 2A4#0001132AFFFD7689
(1790952590.099533) can0 2A5#000007BF000007CA
(1790952590.099633) can0 2A6#00000000FFFFFA7E
(1790952590.099758) can0 2A7#00005689FFFFF5D5
(1790952590.104036) can0 2A1#0100010000000000
(1790952590.104156) can0 2A2#0000D4310000040B
(1790952590.104258) can0 2A3#0002B209FFFD6E4A
(1790952590.104383) can0 2A4#0001132AFFFD7689
(1790952590.104532) can0 2A5#000007BF000007CA
(1790952590.104632) can0 2A6#00000000FFFFFA7E
(1790952590.104758) can0 2A7#00005689FFFFF5D5
(1790952590.109009) can0 2A1#0100010000000000
(1790952590.109158) can0 2A2#0000D4310000040B
(1790952590.109256) can0 2A3#0002B209FFFD6E4A
(1790952590.109383) can0 2A4#0001132AFFFD7689
(1790952590.109533) can0 2A5#000007BF000007CA
(1790952590.109631) can0 2A6#00000000FFFFFA7E
(1790952590.109731) can0 2A7#00005689FFFFF5D5
(1790952590.114042) can0 2A1#0100010000000000
(1790952590.114162) can0 2A2#0000D4310000040B
(1790952590.114284) can0 2A3#0002B209FFFD6E4A
(1790952590.114383) can0 2A4#0001132AFFFD7689
(1790952590.114533) can0 2A5#000007BF000007CA
(1790952590.114634) can0 2A6#00000000FFFFFA7E
(1790952590.114758) can0 2A7#00005689FFFFF5D5
(1790952590.119010) can0 2A1#0100010000000000
(1790952590.119131) can0 2A2#0000D4310000040B
(1790952590.119258) can0 2A3#0002B209FFFD6E4A
(1790952590.119381) can0 2A4#0001132AFFFD7689
(1790952590.119532) can0 2A5#000007BF000007CA
(1790952590.119632) can0 2A6#00000000FFFFFA7E
(1790952590.119733) can0 2A7#00005689FFFFF5D5
(1790952590.124042) can0 2A1#0100010000000000
(1790952590.124156) can0 2A2#0000D4310000040B
(1790952590.124281) can0 2A3#0002B209FFFD6E4A
(1790952590.124381) can0 2A4#0001132AFFFD7689
(1790952590.124530) can0 2A5#000007BF000007CA
(1790952590.124631) can0 2A6#00000000FFFFFA7E
(1790952590.124756) can0 2A7#00005689FFFFF5D5
(1790952590.129036) can0 2A1#0100010000000000
(1790952590.129156) can0 2A2#0000D4310000040B
(1790952590.129256) can0 2A3#0002B209FFFD6E4A
(1790952590.129380) can0 2A4#0001132AFFFD7689
(1790952590.129530) can0 2A5#000007BF000007CA
(1790952590.129605) can0 2A6#00000000FFFFFA7E
(1790952590.129731) can0 2A7#00005689FFFFF5D5
(1790952590.134041) can0 2A1#0100010000000000
(1790952590.134155) can0 2A2#0000D4310000040B
(1790952590.134282) can0 2A3#0002B209FFFD6E4A
(1790952590.134382) can0 2A4#0001132AFFFD7689
(1790952590.134531) can0 2A5#000007BF000007CA
(1790952590.134632) can0 2A6#00000000FFFFFA7E
(1790952590.134757) can0 2A7#00005689FFFFF5D5
(1790952590.139009) can0 2A1#0100010000000000
(1790952590.139130) can0 2A2#0000D4310000040B
(1790952590.139256) can0 2A3#0002B209FFFD6E4A
(1790952590.139380) can0 2A4#0001132AFFFD7689
(1790952590.139531) can0 2A5#000007BF000007CA
(1790952590.139631) can0 2A6#00000000FFFFFA7E
(1790952590.139731) can0 2A7#00005689FFFFF5D5
(1790952590.144039) can0 2A1#0100010000000000
(1790952590.144155) can0 2A2#0000D4310000040B
(1790952590.144281) can0 2A3#0002B209FFFD6E4A
(1790952590.144406) can0 2A4#0001132AFFFD7689
(1790952590.144531) can0 2A5#000007BF000007CA
(1790952590.144631) can0 2A6#00000000FFFFFA7E
(1790952590.144756) can0 2A7#00005689FFFFF5D5
(1790952590.149039) can0 2A1#0100010000000000
(1790952590.149133) can0 2A2#0000D4310000040B
(1790952590.149256) can0 2A3#0002B209FFFD6E4A
(1790952590.149382) can0 2A4#0001132AFFFD7689
(1790952590.149531) can0 2A5#000007BF000007CA
(1790952590.149632) can0 2A6#00000000FFFFFA7E
(1790952590.149732) can0 2A7#00005689FFFFF5D5
(1790952590.154037) can0 2A1#0100010000000000
(1790952590.154155) can0 2A2#0000D4310000040B
(1790952590.154256) can0 2A3#0002B209FFFD6E4A
(1790952590.154381) can0 2A4#0001132AFFFD7689
(1790952590.154531) can0 2A5#000007BF000007CA
(1790952590.154630) can0 2A6#00000000FFFFFA7E
(1790952590.154755) can0 2A7#00005689FFFFF5D5
(1790952590.159010) can0 2A1#0100010000000000
(1790952590.159159) can0 2A2#0000D4310000040B
(1790952590.159256) can0 2A3#0002B209FFFD6E4A
(1790952590.159379) can0 2A4#0001132AFFFD7689
(1790952590.159529) can0 2A5#000007BF000007CA
(1790952590.159631) can0 2A6#00000000FFFFFA7E
(1790952590.159731) can0 2A7#00005689FFFFF5D5
(1790952590.164036) can0 2A1#0100010000000000
(1790952590.164154) can0 2A2#0000D4310000040B
(1790952590.164281) can0 2A3#0002B209FFFD6E4A
(1790952590.164381) can0 2A4#0001132AFFFD7689
(1790952590.164531) can0 2A5#000007BF000007CA
(1790952590.164632) can0 2A6#00000000FFFFFA7E
(1790952590.164757) can0 2A7#00005689FFFFF5D5
(1790952590.169034) can0 2A1#0100010000000000
(1790952590.169132) can0 2A2#0000D4310000040B
(1790952590.169256) can0 2A3#0002B209FFFD6E4A
(1790952590.169379) can0 2A4#0001132AFFFD7689
(1790952590.169531) can0 2A5#000007BF000007CA
(1790952590.169631) can0 2A6#00000000FFFFFA7E
(1790952590.169754) can0 2A7#00005689FFFFF5D5
(1790952590.174037) can0 2A1#0100010000000000
(1790952590.174154) can0 2A2#0000D4310000040B
(1790952590.174281) can0 2A3#0002B209FFFD6E4A
(1790952590.174406) can0 2A4#0001132AFFFD7689
(1790952590.174529) can0 2A5#000007BF000007CA
(1790952590.174631) can0 2A6#00000000FFFFFA7E
(1790952590.174756) can0 2A7#00005689FFFFF5D5
(1790952590.179035) can0 2A1#0100010000000000
(1790952590.179135) can0 2A2#0000D4310000040B
(1790952590.179256) can0 2A3#0002B209FFFD6E4A
(1790952590.179381) can0 2A4#0001132AFFFD7689
(1790952590.179531) can0 2A5#000007BF000007CA
(1790952590.179629) can0 2A6#00000000FFFFFA7E
(1790952590.179756) can0 2A7#00005689FFFFF5D5
(1790952590.184035) can0 2A1#0100010000000000
(1790952590.184155) can0 2A2#0000D4310000040B
(1790952590.184281) can0 2A3#0002B209FFFD6E4A
(1790952590.184379) can0 2A4#0001132AFFFD7689
(1790952590.184530) can0 2A5#000007BF000007CA
(1790952590.184631) can0 2A6#00000000FFFFFA7E
(1790952590.184754) can0 2A7#00005689FFFFF5D5
(1790952590.189041) can0 2A1#0100010000000000
(1790952590.189138) can0 2A2#0000D4310000040B
(1790952590.189258) can0 2A3#0002B209FFFD6E4A
(1790952590.189384) can0 2A4#0001132AFFFD7689
(1790952590.189533) can0 2A5#000007BF000007CA
(1790952590.189631) can0 2A6#00000000FFFFFA7E
(1790952590.189756) can0 2A7#00005689FFFFF5D5
(1790952590.194040) can0 2A1#0100010000000000
(1790952590.194157) can0 2A2#0000D4310000040B
(1790952590.194283) can0 2A3#0002B209FFFD6E4A
(1790952590.194383) can0 2A4#0001132AFFFD7689
(1790952590.194533) can0 2A5#000007BF000007CA
(1790952590.194633) can0 2A6#00000000FFFFFA7E
(1790952590.194758) can0 2A7#00005689FFFFF5D5
(1790952590.199060) can0 2A1#0100010000000000
(1790952590.199155) can0 2A2#0000D4310000040B
(1790952590.199257) can0 2A3#0002B209FFFD6E4A
(1790952590.199381) can0 2A4#0001132AFFFD7689
(1790952590.199530) can0 2A5#000007BF000007CA
(1790952590.199631) can0 2A6#00000000FFFFFA7E
(1790952590.199730) can0 2A7#00005689FFFFF5D5
(1790952590.204044) can0 2A1#0100010000000000
(1790952590.204158) can0 2A2#0000D4310000040B
(1790952590.204281) can0 2A3#0002B209FFFD6E4A
(1790952590.204380) can0 2A4#0001132AFFFD7689
(1790952590.204531) can0 2A5#000007BF000007CA
(1790952590.204631) can0 2A6#00000000FFFFFA7E
(1790952590.204754) can0 2A7#00005689FFFFF5D5
(1790952590.209034) can0 2A1#0100010000000000
(1790952590.209155) can0 2A2#0000D4310000040B
(1790952590.209257) can0 2A3#0002B209FFFD6E4A
(1790952590.209381) can0 2A4#0001132AFFFD7689
(1790952590.209531) can0 2A5#000007BF000007CA
(1790952590.209629) can0 2A6#00000000FFFFFA7E
(1790952590.209731) can0 2A7#00005689FFFFF5D5
(1790952590.214037) can0 2A1#0100010000000000
(1790952590.214154) can0 2A2#0000D4310000040B
(1790952590.214282) can0 2A3#0002B209FFFD6E4A
(1790952590.214382) can0 2A4#0001132AFFFD7689
(1790952590.214531) can0 2A5#000007BF000007CA
(1790952590.214631) can0 2A6#00000000FFFFFA7E
(1790952590.214757) can0 2A7#00005689FFFFF5D5
(1790952590.219031) can0 2A1#0100010000000000
(1790952590.219156) can0 2A2#0000D4310000040B
(1790952590.219255) can0 2A3#0002B209FFFD6E4A
(1790952590.219379) can0 2A4#0001132AFFFD7689
(1790952590.219531) can0 2A5#000007BF000007CA
(1790952590.219631) can0 2A6#00000000FFFFFA7E
(1790952590.219731) can0 2A7#00005689FFFFF5D5
(1790952590.224034) can0 2A1#0100010000000000
(1790952590.224157) can0 2A2#0000D4310000040B
(1790952590.224281) can0 2A3#0002B209FFFD6E4A
(1790952590.224405) can0 2A4#0001132AFFFD7689
(1790952590.224530) can0 2A5#000007BF000007CA
(1790952590.224630) can0 2A6#00000000FFFFFA7E
(1790952590.224756) can0 2A7#00005689FFFFF5D5
(1790952590.229018) can0 2A1#0100010000000000
(1790952590.229155) can0 2A2#0000D4310000040B
(1790952590.229258) can0 2A3#0002B209FFFD6E4A
(1790952590.229383) can0 2A4#0001132AFFFD7689
(1790952590.229532) can0 2A5#000007BF000007CA
(1790952590.229633) can0 2A6#00000000FFFFFA7E
(1790952590.229755) can0 2A7#00005689FFFFF5D5
(1790952590.234043) can0 2A1#0100010000000000
(1790952590.234155) can0 2A2#0000D4310000040B
(1790952590.234280) can0 2A3#0002B209FFFD6E4A
(1790952590.234380) can0 2A4#0001132AFFFD7689
(1790952590.234560) can0 2A5#000007BF000007CA
(1790952590.234630) can0 2A6#00000000FFFFFA7E
(1790952590.234759) can0 2A7#00005689FFFFF5D5
(1790952590.239046) can0 2A1#0100010000000000
(1790952590.239130) can0 2A2#0000D4310000040B
(1790952590.239259) can0 2A3#0002B209FFFD6E4A
(1790952590.239381) can0 2A4#0001132AFFFD7689
(1790952590.239533) can0 2A5#000007BF000007CA
(1790952590.239633) can0 2A6#00000000FFFFFA7E
(1790952590.239731) can0 2A7#00005689FFFFF5D5
(1790952590.244040) can0 2A1#0100010000000000
(1790952590.244156) can0 2A2#0000D4310000040B
(1790952590.244281) can0 2A3#0002B209FFFD6E4A
(1790952590.244383) can0 2A4#0001132AFFFD7689
(1790952590.244530) can0 2A5#000007BF000007CA
(1790952590.244631) can0 2A6#00000000FFFFFA7E
(1790952590.244758) can0 2A7#00005689FFFFF5D5
(1790952590.249044) can0 2A1#0100010000000000
(1790952590.249137) can0 2A2#0000D4310000040B
(1790952590.249258) can0 2A3#0002B209FFFD6E4A
(1790952590.249383) can0 2A4#0001132AFFFD7689
(1790952590.249533) can0 2A5#000007BF000007CA
(1790952590.249631) can0 2A6#00000000FFFFFA7E
(1790952590.249756) can0 2A7#00005689FFFFF5D5
(1790952590.254038) can0 2A1#0100010000000000
(1790952590.254155) can0 2A2#0000D4310000040B
(1790952590.254283) can0 2A3#0002B209FFFD6E4A
(1790952590.254383) can0 2A4#0001132AFFFD7689
(1790952590.254532) can0 2A5#000007BF000007CA
(1790952590.254655) can0 2A6#00000000FFFFFA7E
(1790952590.254755) can0 2A7#00005689FFFFF5D5
(1790952590.259039) can0 2A1#0100010000000000
(1790952590.259155) can0 2A2#0000D4310000040B
(1790952590.259282) can0 2A3#0002B209FFFD6E4A
(1790952590.259380) can0 2A4#0001132AFFFD7689
(1790952590.259529) can0 2A5#000007BF000007CA
(1790952590.259630) can0 2A6#00000000FFFFFA7E
(1790952590.259730) can0 2A7#00005689FFFFF5D5
(1790952590.264040) can0 2A1#0100010000000000
(1790952590.264157) can0 2A2#0000D4310000040B
(1790952590.264283) can0 2A3#0002B209FFFD6E4A
(1790952590.264382) can0 2A4#0001132AFFFD7689
(1790952590.264534) can0 2A5#000007BF000007CA
(1790952590.264630) can0 2A6#00000000FFFFFA7E
(1790952590.264758) can0 2A7#00005689FFFFF5D5
(1790952590.269039) can0 2A1#0100010000000000
(1790952590.269161) can0 2A2#0000D4310000040B
(1790952590.269255) can0 2A3#0002B209FFFD6E4A
(1790952590.269381) can0 2A4#0001132AFFFD7689
(1790952590.269530) can0 2A5#000007BF000007CA
(1790952590.269605) can0 2A6#00000000FFFFFA7E
(1790952590.269732) can0 2A7#00005689FFFFF5D5
(1790952590.274043) can0 2A1#0100010000000000
(1790952590.274155) can0 2A2#0000D4310000040B
(1790952590.274283) can0 2A3#0002B209FFFD6E4A
(1790952590.274380) can0 2A4#0001132AFFFD7689
(1790952590.274532) can0 2A5#000007BF000007CA
(1790952590.274635) can0 2A6#00000000FFFFFA7E
(1790952590.274756) can0 2A7#00005689FFFFF5D5
(1790952590.279037) can0 2A1#0100010000000000
(1790952590.279155) can0 2A2#0000D4310000040B
(1790952590.279256) can0 2A3#0002B209FFFD6E4A
(1790952590.279382) can0 2A4#0001132AFFFD7689
(1790952590.279531) can0 2A5#000007BF000007CA
(1790952590.279631) can0 2A6#00000000FFFFFA7E
(1790952590.279731) can0 2A7#00005689FFFFF5D5
(1790952590.284035) can0 2A1#0100010000000000
(1790952590.284154) can0 2A2#0000D4310000040B
(1790952590.284282) can0 2A3#0002B209FFFD6E4A
(1790952590.284406) can0 2A4#0001132AFFFD7689
(1790952590.284531) can0 2A5#000007BF000007CA
(1790952590.284632) can0 2A6#00000000FFFFFA7E
(1790952590.284756) can0 2A7#00005689FFFFF5D5
(1790952590.289034) can0 2A1#0100010000000000
(1790952590.289156) can0 2A2#0000D4310000040B
(1790952590.289256) can0 2A3#0002B209FFFD6E4A
(1790952590.289382) can0 2A4#0001132AFFFD7689
(1790952590.289529) can0 2A5#000007BF000007CA
(1790952590.289631) can0 2A6#00000000FFFFFA7E
(1790952590.289755) can0 2A7#00005689FFFFF5D5
(1790952590.294046) can0 2A1#0100010000000000
(1790952590.294160) can0 2A2#0000D4310000040B
(1790952590.294283) can0 2A3#0002B209FFFD6E4A
(1790952590.294408) can0 2A4#0001132AFFFD7689
(1790952590.294532) can0 2A5#000007BF000007CA
(1790952590.294633) can0 2A6#00000000FFFFFA7E
(1790952590.294758) can0 2A7#00005689FFFFF5D5
(1790952590.299036) can0 2A1#0100010000000000
(1790952590.299155) can0 2A2#0000D4310000040B
(1790952590.299283) can0 2A3#0002B209FFFD6E4A
(1790952590.299382) can0 2A4#0001132AFFFD7689
(1790952590.299532) can0 2A5#000007BF000007CA
(1790952590.299630) can0 2A6#00000000FFFFFA7E
(1790952590.299732) can0 2A7#00005689FFFFF5D5
(1790952590.304052) can0 2A1#0100010000000000
(1790952590.304155) can0 2A2#0000D4310000040B
(1790952590.304283) can0 2A3#0002B209FFFD6E4A
(1790952590.304382) can0 2A4#0001132AFFFD7689
(1790952590.304532) can0 2A5#000007BF000007CA
(1790952590.304632) can0 2A6#00000000FFFFFA7E
(1790952590.304757) can0 2A7#00005689FFFFF5D5
(1790952590.309035) can0 2A1#0100010000000000
(1790952590.309135) can0 2A2#0000D4310000040B
(1790952590.309258) can0 2A3#0002B209FFFD6E4A
(1790952590.309382) can0 2A4#0001132AFFFD7689
(1790952590.309532) can0 2A5#000007BF000007CA
(1790952590.309633) can0 2A6#00000000FFFFFA7E
(1790952590.309757) can0 2A7#00005689FFFFF5D5
(1790952590.314038) can0 2A1#0100010000000000
(1790952590.314156) can0 2A2#0000D4310000040B
(1790952590.314282) can0 2A3#0002B209FFFD6E4A
(1790952590.314382) can0 2A4#0001132AFFFD7689
(1790952590.314532) can0 2A5#000007BF000007CA
(1790952590.314632) can0 2A6#00000000FFFFFA7E
(1790952590.314756) can0 2A7#00005689FFFFF5D5
(1790952590.319036) can0 2A1#0100010000000000
(1790952590.319136) can0 2A2#0000D4310000040B
(1790952590.319257) can0 2A3#0002B209FFFD6E4A
(1790952590.319382) can0 2A4#0001132AFFFD7689
(1790952590.319530) can0 2A5#000007BF000007CA
(1790952590.319630) can0 2A6#00000000FFFFFA7E
(1790952590.319757) can0 2A7#00005689FFFFF5D5
(1790952590.324036) can0 2A1#0100010000000000
(1790952590.324155) can0 2A2#0000D4310000040B
(1790952590.324283) can0 2A3#0002B209FFFD6E4A
(1790952590.324382) can0 2A4#0001132AFFFD7689
(1790952590.324532) can0 2A5#000007BF000007CA
(1790952590.324629) can0 2A6#00000000FFFFFA7E
(1790952590.324758) can0 2A7#00005689FFFFF5D5
(1790952590.329034) can0 2A1#0100010000000000
(1790952590.329154) can0 2A2#0000D4310000040B
(1790952590.329257) can0 2A3#0002B209FFFD6E4A
(1790952590.329381) can0 2A4#0001132AFFFD7689
(1790952590.329533) can0 2A5#000007BF000007CA
(1790952590.329631) can0 2A6#00000000FFFFFA7E
(1790952590.329732) can0 2A7#00005689FFFFF5D5
(1790952590.334068) can0 2A1#0100010000000000
(1790952590.334160) can0 2A2#0000D4310000040B
(1790952590.334282) can0 2A3#0002B209FFFD6E4A
(1790952590.334381) can0 2A4#0001132AFFFD7689
(1790952590.334532) can0 2A5#000007BF000007CA
(1790952590.334632) can0 2A6#00000000FFFFFA7E
(1790952590.334757) can0 2A7#00005689FFFFF5D5
(1790952590.339029) can0 2A1#0100010000000000
(1790952590.339132) can0 2A2#0000D4310000040B
(1790952590.339257) can0 2A3#0002B209FFFD6E4A
(1790952590.339382) can0 2A4#0001132AFFFD7689
(1790952590.339531) can0 2A5#000007BF000007CA
(1790952590.339632) can0 2A6#00000000FFFFFA7E
(1790952590.339758) can0 2A7#00005689FFFFF5D5
(1790952590.344037) can0 2A1#0100010000000000
(1790952590.344155) can0 2A2#0000D4310000040B
(1790952590.344257) can0 2A3#0002B209FFFD6E4A
(1790952590.344382) can0 2A4#0001132AFFFD7689
(1790952590.344531) can0 2A5#000007BF000007CA
(1790952590.344629) can0 2A6#00000000FFFFFA7E
(1790952590.344757) can0 2A7#00005689FFFFF5D5
(1790952590.349013) can0 2A1#0100010000000000
(1790952590.349129) can0 2A2#0000D4310000040B
(1790952590.349282) can0 2A3#0002B209FFFD6E4A
(1790952590.349380) can0 2A4#0001132AFFFD7689
(1790952590.349531) can0 2A5#000007BF000007CA
(1790952590.349629) can0 2A6#00000000FFFFFA7E
(1790952590.349731) can0 2A7#00005689FFFFF5D5
(1790952590.354036) can0 2A1#0100010000000000
(1790952590.354160) can0 2A2#0000D4310000040B
(1790952590.354282) can0 2A3#0002B209FFFD6E4A
(1790952590.354406) can0 2A4#0001132AFFFD7689
(1790952590.354529) can0 2A5#000007BF000007CA
(1790952590.354631) can0 2A6#00000000FFFFFA7E
(1790952590.354756) can0 2A7#00005689FFFFF5D5
(1790952590.359036) can0 2A1#0100010000000000
(1790952590.359135) can0 2A2#0000D4310000040B
(1790952590.359256) can0 2A3#0002B209FFFD6E4A
(1790952590.359381) can0 2A4#0001132AFFFD7689
(1790952590.359533) can0 2A5#000007BF000007CA
(1790952590.359633) can0 2A6#00000000FFFFFA7E
(1790952590.359759) can0 2A7#00005689FFFFF5D5
(1790952590.364050) can0 2A1#0100010000000000
(1790952590.364154) can0 2A2#0000D4310000040B
(1790952590.364281) can0 2A3#0002B209FFFD6E4A
(1790952590.364380) can0 2A4#0001132AFFFD7689
(1790952590.364531) can0 2A5#000007BF000007CA
(1790952590.364630) can0 2A6#00000000FFFFFA7E
(1790952590.364756) can0 2A7#00005689FFFFF5D5
(1790952590.369033) can0 2A1#0100010000000000
(1790952590.369130) can0 2A2#0000D4310000040B
(1790952590.369258) can0 2A3#0002B209FFFD6E4A
(1790952590.369381) can0 2A4#0001132AFFFD7689
(1790952590.369529) can0 2A5#000007BF000007CA
(1790952590.369634) can0 2A6#00000000FFFFFA7E
(1790952590.369756) can0 2A7#00005689FFFFF5D5
(1790952590.374037) can0 2A1#0100010000000000
(1790952590.374154) can0 2A2#0000D4310000040B
(1790952590.374279) can0 2A3#0002B209FFFD6E4A
(1790952590.374379) can0 2A4#0001132AFFFD7689
(1790952590.374529) can0 2A5#000007BF000007CA
(1790952590.374629) can0 2A6#00000000FFFFFA7E
(1790952590.374754) can0 2A7#00005689FFFFF5D5
(1790952590.379045) can0 2A1#0100010000000000
(1790952590.379155) can0 2A2#0000D4310000040B
(1790952590.379256) can0 2A3#0002B209FFFD6E4A
(1790952590.379383) can0 2A4#0001132AFFFD7689
(1790952590.379481) can0 2A5#000007BF000007CA
(1790952590.379631) can0 2A6#00000000FFFFFA7E
(1790952590.379757) can0 2A7#00005689FFFFF5D5
(1790952590.384032) can0 2A1#0100010000000000
(1790952590.384154) can0 2A2#0000D4310000040B
(1790952590.384281) can0 2A3#0002B209FFFD6E4A
(1790952590.384382) can0 2A4#0001132AFFFD7689
(1790952590.384531) can0 2A5#000007BF000007CA
(1790952590.384632) can0 2A6#00000000FFFFFA7E
(1790952590.384754) can0 2A7#00005689FFFFF5D5
(1790952590.389007) can0 2A1#0100010000000000
(1790952590.389160) can0 2A2#0000D4310000040B
(1790952590.389284) can0 2A3#0002B209FFFD6E4A
(1790952590.389384) can0 2A4#0001132AFFFD7689
(1790952590.389533) can0 2A5#000007BF000007CA
(1790952590.389633) can0 2A6#00000000FFFFFA7E
(1790952590.389732) can0 2A7#00005689FFFFF5D5
(1790952590.394036) can0 2A1#0100010000000000
(1790952590.394160) can0 2A2#0000D4310000040B
(1790952590.394283) can0 2A3#0002B209FFFD6E4A
(1790952590.394380) can0 2A4#0001132AFFFD7689
(1790952590.394530) can0 2A5#000007BF000007CA
(1790952590.394630) can0 2A6#00000000FFFFFA7E
(1790952590.394755) can0 2A7#00005689FFFFF5D5
(1790952590.399040) can0 2A1#0100010000000000
(1790952590.399130) can0 2A2#0000D4310000040B
(1790952590.399258) can0 2A3#0002B209FFFD6E4A
(1790952590.399381) can0 2A4#0001132AFFFD7689
(1790952590.399533) can0 2A5#000007BF000007CA
(1790952590.399630) can0 2A6#00000000FFFFFA7E
(1790952590.399755) can0 2A7#00005689FFFFF5D5
(1790952590.404034) can0 2A1#0100010000000000
(1790952590.404156) can0 2A2#0000D4310000040B
(1790952590.404283) can0 2A3#0002B209FFFD6E4A
(1790952590.404408) can0 2A4#0001132AFFFD7689
(1790952590.404533) can0 2A5#000007BF000007CA
(1790952590.404630) can0 2A6#00000000FFFFFA7E
(1790952590.404755) can0 2A7#00005689FFFFF5D5
(1790952590.409034) can0 2A1#0100010000000000
(1790952590.409155) can0 2A2#0000D4310000040B
(1790952590.409258) can0 2A3#0002B209FFFD6E4A
(1790952590.409383) can0 2A4#0001132AFFFD7689
(1790952590.409532) can0 2A5#000007BF000007CA
(1790952590.409630) can0 2A6#00000000FFFFFA7E
(1790952590.409730) can0 2A7#00005689FFFFF5D5
(1790952590.414037) can0 2A1#0100010000000000
(1790952590.414156) can0 2A2#0000D4310000040B
(1790952590.414280) can0 2A3#0002B209FFFD6E4A
(1790952590.414380) can0 2A4#0001132AFFFD7689
(1790952590.414530) can0 2A5#000007BF000007CA
(1790952590.414632) can0 2A6#00000000FFFFFA7E
(1790952590.414762) can0 2A7#00005689FFFFF5D5
(1790952590.419037) can0 2A1#0100010000000000
(1790952590.419136) can0 2A2#0000D4310000040B
(1790952590.419258) can0 2A3#0002B209FFFD6E4A
(1790952590.419381) can0 2A4#0001132AFFFD7689
(1790952590.419530) can0 2A5#000007BF000007CA
(1790952590.419631) can0 2A6#00000000FFFFFA7E
(1790952590.419755) can0 2A7#00005689FFFFF5D5
(1790952590.424034) can0 2A1#0100010000000000
(1790952590.424155) can0 2A2#0000D4310000040B
(1790952590.424282) can0 2A3#0002B209FFFD6E4A
(1790952590.424381) can0 2A4#0001132AFFFD7689
(1790952590.424530) can0 2A5#000007BF000007CA
(1790952590.424633) can0 2A6#00000000FFFFFA7E
(1790952590.424755) can0 2A7#00005689FFFFF5D5
(1790952590.429049) can0 2A1#0100010000000000
(1790952590.429155) can0 2A2#0000D4310000040B
(1790952590.429254) can0 2A3#0002B209FFFD6E4A
(1790952590.429380) can0 2A4#0001132AFFFD7689
(1790952590.429531) can0 2A5#000007BF000007CA
(1790952590.429629) can0 2A6#00000000FFFFFA7E
(1790952590.429753) can0 2A7#00005689FFFFF5D5
(1790952590.434065) can0 2A1#0100010000000000
(1790952590.434154) can0 2A2#0000D4310000040B
(1790952590.434280) can0 2A3#0002B209FFFD6E4A
(1790952590.434405) can0 2A4#0001132AFFFD7689
(1790952590.434529) can0 2A5#000007BF000007CA
(1790952590.434630) can0 2A6#00000000FFFFFA7E
(1790952590.434755) can0 2A7#00005689FFFFF5D5
(1790952590.439031) can0 2A1#0100010000000000
(1790952590.439157) can0 2A2#0000D4310000040B
(1790952590.439280) can0 2A3#0002B209FFFD6E4A
(1790952590.439380) can0 2A4#0001132AFFFD7689
(1790952590.439529) can0 2A5#000007BF000007CA
(1790952590.439630) can0 2A6#00000000FFFFFA7E
(1790952590.439733) can0 2A7#00005689FFFFF5D5
(1790952590.444043) can0 2A1#0100010000000000
(1790952590.444154) can0 2A2#0000D4310000040B
(1790952590.444280) can0 2A3#0002B209FFFD6E4A
(1790952590.444407) can0 2A4#0001132AFFFD7689
(1790952590.444532) can0 2A5#000007BF000007CA
(1790952590.444631) can0 2A6#00000000FFFFFA7E
(1790952590.444755) can0 2A7#00005689FFFFF5D5
(1790952590.449039) can0 2A1#0100010000000000
(1790952590.449155) can0 2A2#0000D4310000040B
(1790952590.449257) can0 2A3#0002B209FFFD6E4A
(1790952590.449384) can0 2A4#0001132AFFFD7689
(1790952590.449532) can0 2A5#000007BF000007CA
(1790952590.449632) can0 2A6#00000000FFFFFA7E
(1790952590.449732) can0 2A7#00005689FFFFF5D5
(1790952590.454042) can0 2A1#0100010000000000
(1790952590.454157) can0 2A2#0000D4310000040B
(1790952590.454281) can0 2A3#0002B209FFFD6E4A
(1790952590.454383) can0 2A4#0001132AFFFD7689
(1790952590.454533) can0 2A5#000007BF000007CA
(1790952590.454630) can0 2A6#00000000FFFFFA7E
(1790952590.454755) can0 2A7#00005689FFFFF5D5
(1790952590.459015) can0 2A1#0100010000000000
(1790952590.459130) can0 2A2#0000D4310000040B
(1790952590.459281) can0 2A3#0002B209FFFD6E4A
(1790952590.459382) can0 2A4#0001132AFFFD7689
(1790952590.459531) can0 2A5#000007BF000007CA
(1790952590.459630) can0 2A6#00000000FFFFFA7E
(1790952590.459756) can0 2A7#00005689FFFFF5D5
(1790952590.464037) can0 2A1#0100010000000000
(1790952590.464156) can0 2A2#0000D4310000040B
(1790952590.464280) can0 2A3#0002B209FFFD6E4A
(1790952590.464407) can0 2A4#0001132AFFFD7689
(1790952590.464531) can0 2A5#000007BF000007CA
(1790952590.464630) can0 2A6#00000000FFFFFA7E
(1790952590.464755) can0 2A7#00005689FFFFF5D5
(1790952590.469059) can0 2A1#0100010000000000
(1790952590.469155) can0 2A2#0000D4310000040B
(1790952590.469256) can0 2A3#0002B209FFFD6E4A
(1790952590.469381) can0 2A4#0001132AFFFD7689
(1790952590.469530) can0 2A5#000007BF000007CA
(1790952590.469630) can0 2A6#00000000FFFFFA7E
(1790952590.469731) can0 2A7#00005689FFFFF5D5
(1790952590.474058) can0 2A1#0100010000000000
(1790952590.474155) can0 2A2#0000D4310000040B
(1790952590.474281) can0 2A3#0002B209FFFD6E4A
(1790952590.474381) can0 2A4#0001132AFFFD7689
(1790952590.474530) can0 2A5#000007BF000007CA
(1790952590.474630) can0 2A6#00000000FFFFFA7E
(1790952590.474755) can0 2A7#00005689FFFFF5D5
(1790952590.479034) can0 2A1#0100010000000000
(1790952590.479156) can0 2A2#0000D4310000040B
(1790952590.479256) can0 2A3#0002B209FFFD6E4A
(1790952590.479381) can0 2A4#0001132AFFFD7689
(1790952590.479531) can0 2A5#000007BF000007CA
(1790952590.479630) can0 2A6#00000000FFFFFA7E
(1790952590.479756) can0 2A7#00005689FFFFF5D5
(1790952590.484065) can0 2A1#0100010000000000
(1790952590.484154) can0 2A2#0000D4310000040B
(1790952590.484281) can0 2A3#0002B209FFFD6E4A
(1790952590.484380) can0 2A4#0001132AFFFD7689
(1790952590.484530) can0 2A5#000007BF000007CA
(1790952590.484630) can0 2A6#00000000FFFFFA7E
(1790952590.484756) can0 2A7#00005689FFFFF5D5
(1790952590.489043) can0 2A1#0100010000000000
(1790952590.489157) can0 2A2#0000D4310000040B
(1790952590.489282) can0 2A3#0002B209FFFD6E4A
(1790952590.489380) can0 2A4#0001132AFFFD7689
(1790952590.489529) can0 2A5#000007BF000007CA
(1790952590.489630) can0 2A6#00000000FFFFFA7E
(1790952590.489758) can0 2A7#00005689FFFFF5D5
(1790952590.494039) can0 2A1#0100010000000000
(1790952590.494159) can0 2A2#0000D4310000040B
(1790952590.494282) can0 2A3#0002B209FFFD6E4A
(1790952590.494407) can0 2A4#0001132AFFFD7689
(1790952590.494534) can0 2A5#000007BF000007CA
(1790952590.494630) can0 2A6#00000000FFFFFA7E
(1790952590.494758) can0 2A7#00005689FFFFF5D5
(1790952590.499039) can0 2A1#0100010000000000
(1790952590.499136) can0 2A2#0000D4310000040B
(1790952590.499257) can0 2A3#0002B209FFFD6E4A
(1790952590.499382) can0 2A4#0001132AFFFD7689
(1790952590.499532) can0 2A5#000007BF000007CA
(1790952590.499630) can0 2A6#00000000FFFFFA7E
(1790952590.499757) can0 2A7#00005689FFFFF5D5
(1790952590.504033) can0 2A1#0100010000000000
(1790952590.504157) can0 2A2#0000D4310000040B
(1790952590.504281) can0 2A3#0002B209FFFD6E4A
(1790952590.504380) can0 2A4#0001132AFFFD7689
(1790952590.504529) can0 2A5#000007BF000007CA
(1790952590.504629) can0 2A6#00000000FFFFFA7E
(1790952590.504755) can0 2A7#00005689FFFFF5D5
(1790952590.509039) can0 2A1#0100010000000000
(1790952590.509131) can0 2A2#0000D4310000040B
(1790952590.509282) can0 2A3#0002B209FFFD6E4A
(1790952590.509379) can0 2A4#0001132AFFFD7689
(1790952590.509529) can0 2A5#000007BF000007CA
(1790952590.509632) can0 2A6#00000000FFFFFA7E
(1790952590.509755) can0 2A7#00005689FFFFF5D5
(1790952590.514039) can0 2A1#0100010000000000
(1790952590.514155) can0 2A2#0000D4310000040B
(1790952590.514279) can0 2A3#0002B209FFFD6E4A
(1790952590.514404) can0 2A4#0001132AFFFD7689
(1790952590.514531) can0 2A5#000007BF000007CA
(1790952590.514629) can0 2A6#00000000FFFFFA7E
(1790952590.514754) can0 2A7#00005689FFFFF5D5
(1790952590.519039) can0 2A1#0100010000000000
(1790952590.519153) can0 2A2#0000D4310000040B
(1790952590.519256) can0 2A3#0002B209FFFD6E4A
(1790952590.519381) can0 2A4#0001132AFFFD7689
(1790952590.519530) can0 2A5#000007BF000007CA
(1790952590.519631) can0 2A6#00000000FFFFFA7E
(1790952590.519757) can0 2A7#00005689FFFFF5D5
(1790952590.524066) can0 2A1#0100010000000000
(1790952590.524155) can0 2A2#0000D4310000040B
(1790952590.524283) can0 2A3#0002B209FFFD6E4A
(1790952590.524383) can0 2A4#0001132AFFFD7689
(1790952590.524532) can0 2A5#000007BF000007CA
(1790952590.524633) can0 2A6#00000000FFFFFA7E
(1790952590.524758) can0 2A7#00005689FFFFF5D5
(1790952590.529041) can0 2A1#0100010000000000
(1790952590.529131) can0 2A2#0000D4310000040B
(1790952590.529255) can0 2A3#0002B209FFFD6E4A
(1790952590.529380) can0 2A4#0001132AFFFD7689
(1790952590.529532) can0 2A5#000007BF000007CA
(1790952590.529630) can0 2A6#00000000FFFFFA7E
(1790952590.529754) can0 2A7#00005689FFFFF5D5
(1790952590.534033) can0 2A1#0100010000000000
(1790952590.534155) can0 2A2#0000D4310000040B
(1790952590.534283) can0 2A3#0002B209FFFD6E4A
(1790952590.534407) can0 2A4#0001132AFFFD7689
(1790952590.534533) can0 2A5#000007BF000007CA
(1790952590.534629) can0 2A6#00000000FFFFFA7E
(1790952590.534758) can0 2A7#00005689FFFFF5D5
(1790952590.539032) can0 2A1#0100010000000000
(1790952590.539155) can0 2A2#0000D4310000040B
(1790952590.539254) can0 2A3#0002B209FFFD6E4A
(1790952590.539380) can0 2A4#0001132AFFFD7689
(1790952590.539529) can0 2A5#000007BF000007CA
(1790952590.539629) can0 2A6#00000000FFFFFA7E
(1790952590.539754) can0 2A7#00005689FFFFF5D5
(1790952590.544037) can0 2A1#0100010000000000
(1790952590.544153) can0 2A2#0000D4310000040B
(1790952590.544289) can0 2A3#0002B209FFFD6E4A
(1790952590.544380) can0 2A4#0001132AFFFD7689
(1790952590.544530) can0 2A5#000007BF000007CA
(1790952590.544629) can0 2A6#00000000FFFFFA7E
(1790952590.544755) can0 2A7#00005689FFFFF5D5
(1790952590.549038) can0 2A1#0100010000000000
(1790952590.549157) can0 2A2#0000D4310000040B
(1790952590.549255) can0 2A3#0002B209FFFD6E4A
(1790952590.549378) can0 2A4#0001132AFFFD7689
(1790952590.549529) can0 2A5#000007BF000007CA
(1790952590.549630) can0 2A6#00000000FFFFFA7E
(1790952590.549730) can0 2A7#00005689FFFFF5D5
(1790952590.554041) can0 2A1#0100010000000000
(1790952590.554155) can0 2A2#0000D4310000040B
(1790952590.554281) can0 2A3#0002B209FFFD6E4A
(1790952590.554406) can0 2A4#0001132AFFFD7689
(1790952590.554530) can0 2A5#000007BF000007CA
(1790952590.554630) can0 2A6#00000000FFFFFA7E
(1790952590.554755) can0 2A7#00005689FFFFF5D5
(1790952590.559036) can0 2A1#0100010000000000
(1790952590.559156) can0 2A2#0000D4310000040B
(1790952590.559256) can0 2A3#0002B209FFFD6E4A
(1790952590.559380) can0 2A4#0001132AFFFD7689
(1790952590.559530) can0 2A5#000007BF000007CA
(1790952590.559632) can0 2A6#00000000FFFFFA7E
(1790952590.559730) can0 2A7#00005689FFFFF5D5
(1790952590.564047) can0 2A1#0100010000000000
(1790952590.564154) can0 2A2#0000D4310000040B
(1790952590.564281) can0 2A3#0002B209FFFD6E4A
(1790952590.564405) can0 2A4#0001132AFFFD7689
(1790952590.564531) can0 2A5#000007BF000007CA
(1790952590.564631) can0 2A6#00000000FFFFFA7E
(1790952590.564754) can0 2A7#00005689FFFFF5D5
(1790952590.569033) can0 2A1#0100010000000000
(1790952590.569162) can0 2A2#0000D4310000040B
(1790952590.569280) can0 2A3#0002B209FFFD6E4A
(1790952590.569382) can0 2A4#0001132AFFFD7689
(1790952590.569532) can0 2A5#000007BF000007CA
(1790952590.569629) can0 2A6#00000000FFFFFA7E
(1790952590.569729) can0 2A7#00005689FFFFF5D5
(1790952590.574041) can0 2A1#0100010000000000
(1790952590.574156) can0 2A2#0000D4310000040B
(1790952590.574280) can0 2A3#0002B209FFFD6E4A
(1790952590.574407) can0 2A4#0001132AFFFD7689
(1790952590.574531) can0 2A5#000007BF000007CA
(1790952590.574629) can0 2A6#00000000FFFFFA7E
(1790952590.574755) can0 2A7#00005689FFFFF5D5
(1790952590.579039) can0 2A1#0100010000000000
(1790952590.579154) can0 2A2#0000D4310000040B
(1790952590.579282) can0 2A3#0002B209FFFD6E4A
(1790952590.579380) can0 2A4#0001132AFFFD7689
(1790952590.579529) can0 2A5#000007BF000007CA
(1790952590.579629) can0 2A6#00000000FFFFFA7E
(1790952590.579754) can0 2A7#00005689FFFFF5D5
(1790952590.584037) can0 2A1#0100010000000000
(1790952590.584154) can0 2A2#0000D4310000040B
(1790952590.584282) can0 2A3#0002B209FFFD6E4A
(1790952590.584407) can0 2A4#0001132AFFFD7689
(1790952590.584529) can0 2A5#000007BF000007CA
(1790952590.584629) can0 2A6#00000000FFFFFA7E
(1790952590.584754) can0 2A7#00005689FFFFF5D5
(1790952590.589038) can0 2A1#0100010000000000
(1790952590.589129) can0 2A2#0000D4310000040B
(1790952590.589257) can0 2A3#0002B209FFFD6E4A
(1790952590.589381) can0 2A4#0001132AFFFD7689
(1790952590.589528) can0 2A5#000007BF000007CA
(1790952590.589629) can0 2A6#00000000FFFFFA7E
(1790952590.589754) can0 2A7#00005689FFFFF5D5
(1790952590.594037) can0 2A1#0100010000000000
(1790952590.594154) can0 2A2#0000D4310000040B
(1790952590.594282) can0 2A3#0002B209FFFD6E4A
(1790952590.594404) can0 2A4#0001132AFFFD7689
(1790952590.594531) can0 2A5#000007BF000007CA
(1790952590.594629) can0 2A6#00000000FFFFFA7E
(1790952590.594754) can0 2A7#00005689FFFFF5D5
(1790952590.599029) can0 2A1#0100010000000000
(1790952590.599156) can0 2A2#0000D4310000040B
(1790952590.599279) can0 2A3#0002B209FFFD6E4A
(1790952590.599379) can0 2A4#0001132AFFFD7689
(1790952590.599529) can0 2A5#000007BF000007CA
(1790952590.599632) can0 2A6#00000000FFFFFA7E
(1790952590.599754) can0 2A7#00005689FFFFF5D5
(1790952590.604036) can0 2A1#0100010000000000
(1790952590.604153) can0 2A2#0000D4310000040B
(1790952590.604281) can0 2A3#0002B209FFFD6E4A
(1790952590.604404) can0 2A4#0001132AFFFD7689
(1790952590.604528) can0 2A5#000007BF000007CA
(1790952590.604629) can0 2A6#00000000FFFFFA7E
(1790952590.604754) can0 2A7#00005689FFFFF5D5
(1790952590.609046) can0 2A1#0100010000000000
(1790952590.609136) can0 2A2#0000D4310000040B
(1790952590.609254) can0 2A3#0002B209FFFD6E4A
(1790952590.609381) can0 2A4#0001132AFFFD7689
(1790952590.609531) can0 2A5#000007BF000007CA
(1790952590.609630) can0 2A6#00000000FFFFFA7E
(1790952590.609754) can0 2A7#00005689FFFFF5D5
(1790952590.614043) can0 2A1#0100010000000000
(1790952590.614154) can0 2A2#0000D4310000040B
(1790952590.614282) can0 2A3#0002B209FFFD6E4A
(1790952590.614404) can0 2A4#0001132AFFFD7689
(1790952590.614529) can0 2A5#000007BF000007CA
(1790952590.614632) can0 2A6#00000000FFFFFA7E
(1790952590.614755) can0 2A7#00005689FFFFF5D5
(1790952590.619040) can0 2A1#0100010000000000
(1790952590.619155) can0 2A2#0000D4310000040B
(1790952590.619257) can0 2A3#0002B209FFFD6E4A
(1790952590.619381) can0 2A4#0001132AFFFD7689
(1790952590.619532) can0 2A5#000007BF000007CA
(1790952590.619630) can0 2A6#00000000FFFFFA7E
(1790952590.619729) can0 2A7#00005689FFFFF5D5
(1790952590.624071) can0 2A1#0100010000000000
(1790952590.624161) can0 2A2#0000D4310000040B
(1790952590.624283) can0 2A3#0002B209FFFD6E4A
(1790952590.624407) can0 2A4#0001132AFFFD7689
(1790952590.624531) can0 2A5#000007BF000007CA
(1790952590.624629) can0 2A6#00000000FFFFFA7E
(1790952590.624755) can0 2A7#00005689FFFFF5D5
(1790952590.629042) can0 2A1#0100010000000000
(1790952590.629154) can0 2A2#0000D4310000040B
(1790952590.629257) can0 2A3#0002B209FFFD6E4A
(1790952590.629381) can0 2A4#0001132AFFFD7689
(1790952590.629528) can0 2A5#000007BF000007CA
(1790952590.629629) can0 2A6#00000000FFFFFA7E
(1790952590.629729) can0 2A7#00005689FFFFF5D5
(1790952590.634067) can0 2A1#0100010000000000
(1790952590.634159) can0 2A2#0000D4310000040B
(1790952590.634281) can0 2A3#0002B209FFFD6E4A
(1790952590.634380) can0 2A4#0001132AFFFD7689
(1790952590.634532) can0 2A5#000007BF000007CA
(1790952590.634631) can0 2A6#00000000FFFFFA7E
(1790952590.634759) can0 2A7#00005689FFFFF5D5
(1790952590.639038) can0 2A1#0100010000000000
(1790952590.639131) can0 2A2#0000D4310000040B
(1790952590.639279) can0 2A3#0002B209FFFD6E4A
(1790952590.639382) can0 2A4#0001132AFFFD7689
(1790952590.639531) can0 2A5#000007BF000007CA
(1790952590.639629) can0 2A6#00000000FFFFFA7E
(1790952590.639753) can0 2A7#00005689FFFFF5D5
(1790952590.644043) can0 2A1#0100010000000000
(1790952590.644153) can0 2A2#0000D4310000040B
(1790952590.644283) can0 2A3#0002B209FFFD6E4A
(1790952590.644407) can0 2A4#0001132AFFFD7689
(1790952590.644533) can0 2A5#000007BF000007CA
(1790952590.644632) can0 2A6#00000000FFFFFA7E
(1790952590.644754) can0 2A7#00005689FFFFF5D5
(1790952590.649039) can0 2A1#0100010000000000
(1790952590.649154) can0 2A2#0000D4310000040B
(1790952590.649281) can0 2A3#0002B209FFFD6E4A
(1790952590.649381) can0 2A4#0001132AFFFD7689
(1790952590.649531) can0 2A5#000007BF000007CA
(1790952590.649629) can0 2A6#00000000FFFFFA7E
(1790952590.649754) can0 2A7#00005689FFFFF5D5
(1790952590.654036) can0 2A1#0100010000000000
(1790952590.654154) can0 2A2#0000D4310000040B
(1790952590.654284) can0 2A3#0002B209FFFD6E4A
(1790952590.654382) can0 2A4#0001132AFFFD7689
(1790952590.654530) can0 2A5#000007BF000007CA
(1790952590.654656) can0 2A6#00000000FFFFFA7E
(1790952590.654756) can0 2A7#00005689FFFFF5D5
(1790952590.659039) can0 2A1#0100010000000000
(1790952590.659154) can0 2A2#0000D4310000040B
(1790952590.659281) can0 2A3#0002B209FFFD6E4A
(1790952590.659379) can0 2A4#0001132AFFFD7689
(1790952590.659528) can0 2A5#000007BF000007CA
(1790952590.659631) can0 2A6#00000000FFFFFA7E
(1790952590.659730) can0 2A7#00005689FFFFF5D5
(1790952590.664040) can0 2A1#0100010000000000
(1790952590.664154) can0 2A2#0000D4310000040B
(1790952590.664279) can0 2A3#0002B209FFFD6E4A
(1790952590.664406) can0 2A4#0001132AFFFD7689
(1790952590.664528) can0 2A5#000007BF000007CA
(1790952590.664628) can0 2A6#00000000FFFFFA7E
(1790952590.664754) can0 2A7#00005689FFFFF5D5
(1790952590.669038) can0 2A1#0100010000000000
(1790952590.669134) can0 2A2#0000D4310000040B
(1790952590.669254) can0 2A3#0002B209FFFD6E4A
(1790952590.669381) can0 2A4#0001132AFFFD7689
(1790952590.669528) can0 2A5#000007BF000007CA
(1790952590.669628) can0 2A6#00000000FFFFFA7E
(1790952590.669754) can0 2A7#00005689FFFFF5D5
(1790952590.674038) can0 2A1#0100010000000000
(1790952590.674154) can0 2A2#0000D4310000040B
(1790952590.674281) can0 2A3#0002B209FFFD6E4A
(1790952590.674406) can0 2A4#0001132AFFFD7689
(1790952590.674530) can0 2A5#000007BF000007CA
(1790952590.674656) can0 2A6#00000000FFFFFA7E
(1790952590.674756) can0 2A7#00005689FFFFF5D5
(1790952590.679037) can0 2A1#0100010000000000
(1790952590.679153) can0 2A2#0000D4310000040B
(1790952590.679281) can0 2A3#0002B209FFFD6E4A
(1790952590.679378) can0 2A4#0001132AFFFD7689
(1790952590.679530) can0 2A5#000007BF000007CA
(1790952590.679631) can0 2A6#00000000FFFFFA7E
(1790952590.679756) can0 2A7#00005689FFFFF5D5
(1790952590.684036) can0 2A1#0100010000000000
(1790952590.684162) can0 2A2#0000D4310000040B
(1790952590.684278) can0 2A3#0002B209FFFD6E4A
(1790952590.684405) can0 2A4#0001132AFFFD7689
(1790952590.684530) can0 2A5#000007BF000007CA
(1790952590.684628) can0 2A6#00000000FFFFFA7E
(1790952590.684754) can0 2A7#00005689FFFFF5D5
(1790952590.689037) can0 2A1#0100010000000000
(1790952590.689127) can0 2A2#0000D4310000040B
(1790952590.689256) can0 2A3#0002B209FFFD6E4A
(1790952590.689381) can0 2A4#0001132AFFFD7689
(1790952590.689528) can0 2A5#000007BF000007CA
(1790952590.689629) can0 2A6#00000000FFFFFA7E
(1790952590.689754) can0 2A7#00005689FFFFF5D5
(1790952590.694038) can0 2A1#0100010000000000
(1790952590.694163) can0 2A2#0000D4310000040B
(1790952590.694282) can0 2A3#0002B209FFFD6E4A
(1790952590.694406) can0 2A4#0001132AFFFD7689
(1790952590.694528) can0 2A5#000007BF000007CA
(1790952590.694653) can0 2A6#00000000FFFFFA7E
(1790952590.694753) can0 2A7#00005689FFFFF5D5
(1790952590.699033) can0 2A1#0100010000000000
(1790952590.699153) can0 2A2#0000D4310000040B
(1790952590.699256) can0 2A3#0002B209FFFD6E4A
(1790952590.699381) can0 2A4#0001132AFFFD7689
(1790952590.699531) can0 2A5#000007BF000007CA
(1790952590.699628) can0 2A6#00000000FFFFFA7E
(1790952590.699755) can0 2A7#00005689FFFFF5D5
(1790952590.704061) can0 2A1#0100010000000000
(1790952590.704152) can0 2A2#0000D4310000040B
(1790952590.704281) can0 2A3#0002B209FFFD6E4A
(1790952590.704378) can0 2A4#0001132AFFFD7689
(1790952590.704528) can0 2A5#000007BF000007CA
(1790952590.704628) can0 2A6#00000000FFFFFA7E
(1790952590.704753) can0 2A7#00005689FFFFF5D5
(1790952590.709038) can0 2A1#0100010000000000
(1790952590.709153) can0 2A2#0000D4310000040B
(1790952590.709281) can0 2A3#0002B209FFFD6E4A
(1790952590.709379) can0 2A4#0001132AFFFD7689
(1790952590.709530) can0 2A5#000007BF000007CA
(1790952590.709628) can0 2A6#00000000FFFFFA7E
(1790952590.709729) can0 2A7#00005689FFFFF5D5
(1790952590.714061) can0 2A1#0100010000000000
(1790952590.714156) can0 2A2#0000D4310000040B
(1790952590.714279) can0 2A3#0002B209FFFD6E4A
(1790952590.714379) can0 2A4#0001132AFFFD7689
(1790952590.714528) can0 2A5#000007BF000007CA
(1790952590.714627) can0 2A6#00000000FFFFFA7E
(1790952590.714751) can0 2A7#00005689FFFFF5D5
(1790952590.719037) can0 2A1#0100010000000000
(1790952590.719163) can0 2A2#0000D4310000040B
(1790952590.719256) can0 2A3#0002B209FFFD6E4A
(1790952590.719378) can0 2A4#0001132AFFFD7689
(1790952590.719528) can0 2A5#000007BF000007CA
(1790952590.719628) can0 2A6#00000000FFFFFA7E
(1790952590.719730) can0 2A7#00005689FFFFF5D5
(1790952590.724037) can0 2A1#0100010000000000
(1790952590.724152) can0 2A2#0000D4310000040B
(1790952590.724279) can0 2A3#0002B209FFFD6E4A
(1790952590.724378) can0 2A4#0001132AFFFD7689
(1790952590.724527) can0 2A5#000007BF000007CA
(1790952590.724629) can0 2A6#00000000FFFFFA7E
(1790952590.724754) can0 2A7#00005689FFFFF5D5
(1790952590.729042) can0 2A1#0100010000000000
(1790952590.729153) can0 2A2#0000D4310000040B
(1790952590.729256) can0 2A3#0002B209FFFD6E4A
(1790952590.729381) can0 2A4#0001132AFFFD7689
(1790952590.729528) can0 2A5#000007BF000007CA
(1790952590.729631) can0 2A6#00000000FFFFFA7E
(1790952590.729756) can0 2A7#00005689FFFFF5D5
(1790952590.734061) can0 2A1#0100010000000000
(1790952590.734159) can0 2A2#0000D4310000040B
(1790952590.734281) can0 2A3#0002B209FFFD6E4A
(1790952590.734404) can0 2A4#0001132AFFFD7689
(1790952590.734529) can0 2A5#000007BF000007CA
(1790952590.734628) can0 2A6#00000000FFFFFA7E
(1790952590.734753) can0 2A7#00005689FFFFF5D5
(1790952590.739036) can0 2A1#0100010000000000
(1790952590.739133) can0 2A2#0000D4310000040B
(1790952590.739256) can0 2A3#0002B209FFFD6E4A
(1790952590.739381) can0 2A4#0001132AFFFD7689
(1790952590.739528) can0 2A5#000007BF000007CA
(1790952590.739628) can0 2A6#00000000FFFFFA7E
(1790952590.739753) can0 2A7#00005689FFFFF5D5
(1790952590.744039) can0 2A1#0100010000000000
(1790952590.744154) can0 2A2#0000D4310000040B
(1790952590.744281) can0 2A3#0002B209FFFD6E4A
(1790952590.744406) can0 2A4#0001132AFFFD7689
(1790952590.744531) can0 2A5#000007BF000007CA
(1790952590.744628) can0 2A6#00000000FFFFFA7E
(1790952590.744753) can0 2A7#00005689FFFFF5D5
(1790952590.749041) can0 2A1#0100010000000000
(1790952590.749153) can0 2A2#0000D4310000040B
(1790952590.749253) can0 2A3#0002B209FFFD6E4A
(1790952590.749381) can0 2A4#0001132AFFFD7689
(1790952590.749530) can0 2A5#000007BF000007CA
(1790952590.749628) can0 2A6#00000000FFFFFA7E
(1790952590.749753) can0 2A7#00005689FFFFF5D5
(1790952590.754038) can0 2A1#0100010000000000
(1790952590.754161) can0 2A2#0000D4310000040B
(1790952590.754281) can0 2A3#0002B209FFFD6E4A
(1790952590.754406) can0 2A4#0001132AFFFD7689
(1790952590.754528) can0 2A5#000007BF000007CA
(1790952590.754628) can0 2A6#00000000FFFFFA7E
(1790952590.754754) can0 2A7#00005689FFFFF5D5
(1790952590.759034) can0 2A1#0100010000000000
(1790952590.759152) can0 2A2#0000D4310000040B
(1790952590.759254) can0 2A3#0002B209FFFD6E4A
(1790952590.759379) can0 2A4#0001132AFFFD7689
(1790952590.759528) can0 2A5#000007BF000007CA
(1790952590.759628) can0 2A6#00000000FFFFFA7E
(1790952590.759754) can0 2A7#00005689FFFFF5D5
(1790952590.764033) can0 2A1#0100010000000000
(1790952590.764153) can0 2A2#0000D4310000040B
(1790952590.764279) can0 2A3#0002B209FFFD6E4A
(1790952590.764380) can0 2A4#0001132AFFFD7689
(1790952590.764527) can0 2A5#000007BF000007CA
(1790952590.764628) can0 2A6#00000000FFFFFA7E
(1790952590.764752) can0 2A7#00005689FFFFF5D5
(1790952590.769031) can0 2A1#0100010000000000
(1790952590.769152) can0 2A2#0000D4310000040B
(1790952590.769279) can0 2A3#0002B209FFFD6E4A
(1790952590.769377) can0 2A4#0001132AFFFD7689
(1790952590.769527) can0 2A5#000007BF000007CA
(1790952590.769629) can0 2A6#00000000FFFFFA7E
(1790952590.769752) can0 2A7#00005689FFFFF5D5
(1790952590.774036) can0 2A1#0100010000000000
(1790952590.774152) can0 2A2#0000D4310000040B
(1790952590.774279) can0 2A3#0002B209FFFD6E4A
(1790952590.774403) can0 2A4#0001132AFFFD7689
(1790952590.774527) can0 2A5#000007BF000007CA
(1790952590.774629) can0 2A6#00000000FFFFFA7E
(1790952590.774752) can0 2A7#00005689FFFFF5D5
(1790952590.779033) can0 2A1#0100010000000000
(1790952590.779152) can0 2A2#0000D4310000040B
(1790952590.779254) can0 2A3#0002B209FFFD6E4A
(1790952590.779379) can0 2A4#0001132AFFFD7689
(1790952590.779528) can0 2A5#000007BF000007CA
(1790952590.779627) can0 2A6#00000000FFFFFA7E
(1790952590.779728) can0 2A7#00005689FFFFF5D5
(1790952590.784058) can0 2A1#0100010000000000
(1790952590.784152) can0 2A2#0000D4310000040B
(1790952590.784278) can0 2A3#0002B209FFFD6E4A
(1790952590.784404) can0 2A4#0001132AFFFD7689
(1790952590.784526) can0 2A5#000007BF000007CA
(1790952590.784627) can0 2A6#00000000FFFFFA7E
(1790952590.784754) can0 2A7#00005689FFFFF5D5
(1790952590.789031) can0 2A1#0100010000000000
(1790952590.789127) can0 2A2#0000D4310000040B
(1790952590.789279) can0 2A3#0002B209FFFD6E4A
(1790952590.789377) can0 2A4#0001132AFFFD7689
(1790952590.789528) can0 2A5#000007BF000007CA
(1790952590.789628) can0 2A6#00000000FFFFFA7E
(1790952590.789752) can0 2A7#00005689FFFFF5D5
(1790952590.794033) can0 2A1#0100010000000000
(1790952590.794152) can0 2A2#0000D4310000040B
(1790952590.794279) can0 2A3#0002B209FFFD6E4A
(1790952590.794402) can0 2A4#0001132AFFFD7689
(1790952590.794529) can0 2A5#000007BF000007CA
(1790952590.794629) can0 2A6#00000000FFFFFA7E
(1790952590.794752) can0 2A7#00005689FFFFF5D5
(1790952590.799031) can0 2A1#0100010000000000
(1790952590.799129) can0 2A2#0000D4310000040B
(1790952590.799255) can0 2A3#0002B209FFFD6E4A
(1790952590.799380) can0 2A4#0001132AFFFD7689
(1790952590.799529) can0 2A5#000007BF000007CA
(1790952590.799635) can0 2A6#00000000FFFFFA7E
(1790952590.799753) can0 2A7#00005689FFFFF5D5
(1790952590.804058) can0 2A1#0100010000000000
(1790952590.804153) can0 2A2#0000D4310000040B
(1790952590.804279) can0 2A3#0002B209FFFD6E4A
(1790952590.804404) can0 2A4#0001132AFFFD7689
(1790952590.804527) can0 2A5#000007BF000007CA
(1790952590.804629) can0 2A6#00000000FFFFFA7E
(1790952590.804755) can0 2A7#00005689FFFFF5D5
(1790952590.809033) can0 2A1#0100010000000000
(1790952590.809152) can0 2A2#0000D4310000040B
(1790952590.809254) can0 2A3#0002B209FFFD6E4A
(1790952590.809379) can0 2A4#0001132AFFFD7689
(1790952590.809529) can0 2A5#000007BF000007CA
(1790952590.809629) can0 2A6#00000000FFFFFA7E
(1790952590.809753) can0 2A7#00005689FFFFF5D5
(1790952590.814032) can0 2A1#0100010000000000
(1790952590.814155) can0 2A2#0000D4310000040B
(1790952590.814278) can0 2A3#0002B209FFFD6E4A
(1790952590.814380) can0 2A4#0001132AFFFD7689
(1790952590.814529) can0 2A5#000007BF000007CA
(1790952590.814629) can0 2A6#00000000FFFFFA7E
(1790952590.814754) can0 2A7#00005689FFFFF5D5
(1790952590.819038) can0 2A1#0100010000000000
(1790952590.819129) can0 2A2#0000D4310000040B
(1790952590.819282) can0 2A3#0002B209FFFD6E4A
(1790952590.819380) can0 2A4#0001132AFFFD7689
(1790952590.819530) can0 2A5#000007BF000007CA
(1790952590.819628) can0 2A6#00000000FFFFFA7E
(1790952590.819753) can0 2A7#00005689FFFFF5D5
(1790952590.824035) can0 2A1#0100010000000000
(1790952590.824154) can0 2A2#0000D4310000040B
(1790952590.824280) can0 2A3#0002B209FFFD6E4A
(1790952590.824404) can0 2A4#0001132AFFFD7689
(1790952590.824528) can0 2A5#000007BF000007CA
(1790952590.824656) can0 2A6#00000000FFFFFA7E
(1790952590.824754) can0 2A7#00005689FFFFF5D5
(1790952590.829037) can0 2A1#0100010000000000
(1790952590.829153) can0 2A2#0000D4310000040B
(1790952590.829281) can0 2A3#0002B209FFFD6E4A
(1790952590.829381) can0 2A4#0001132AFFFD7689
(1790952590.829530) can0 2A5#000007BF000007CA
(1790952590.829628) can0 2A6#00000000FFFFFA7E
(1790952590.829753) can0 2A7#00005689FFFFF5D5
(1790952590.834037) can0 2A1#0100010000000000
(1790952590.834153) can0 2A2#0000D4310000040B
(1790952590.834279) can0 2A3#0002B209FFFD6E4A
(1790952590.834405) can0 2A4#0001132AFFFD7689
(1790952590.834530) can0 2A5#000007BF000007CA
(1790952590.834630) can0 2A6#00000000FFFFFA7E
(1790952590.834753) can0 2A7#00005689FFFFF5D5
(1790952590.839028) can0 2A1#0100010000000000
(1790952590.839155) can0 2A2#0000D4310000040B
(1790952590.839280) can0 2A3#0002B209FFFD6E4A
(1790952590.839380) can0 2A4#0001132AFFFD7689
(1790952590.839527) can0 2A5#000007BF000007CA
(1790952590.839628) can0 2A6#00000000FFFFFA7E
(1790952590.839753) can0 2A7#00005689FFFFF5D5
(1790952590.844045) can0 2A1#0100010000000000
(1790952590.844152) can0 2A2#0000D4310000040B
(1790952590.844281) can0 2A3#0002B209FFFD6E4A
(1790952590.844405) can0 2A4#0001132AFFFD7689
(1790952590.844530) can0 2A5#000007BF000007CA
(1790952590.844628) can0 2A6#00000000FFFFFA7E
(1790952590.844756) can0 2A7#00005689FFFFF5D5
(1790952590.849040) can0 2A1#0100010000000000
(1790952590.849153) can0 2A2#0000D4310000040B
(1790952590.849253) can0 2A3#0002B209FFFD6E4A
(1790952590.849381) can0 2A4#0001132AFFFD7689
(1790952590.849528) can0 2A5#000007BF000007CA
(1790952590.849630) can0 2A6#00000000FFFFFA7E
(1790952590.849753) can0 2A7#00005689FFFFF5D5
(1790952590.854065) can0 2A1#0100010000000000
(1790952590.854152) can0 2A2#0000D4310000040B
(1790952590.854278) can0 2A3#0002B209FFFD6E4A
(1790952590.854405) can0 2A4#0001132AFFFD7689
(1790952590.854528) can0 2A5#000007BF000007CA
(1790952590.854628) can0 2A6#00000000FFFFFA7E
(1790952590.854753) can0 2A7#00005689FFFFF5D5
(1790952590.859037) can0 2A1#0100010000000000
(1790952590.859130) can0 2A2#0000D4310000040B
(1790952590.859256) can0 2A3#0002B209FFFD6E4A
(1790952590.859380) can0 2A4#0001132AFFFD7689
(1790952590.859530) can0 2A5#000007BF000007CA
(1790952590.859630) can0 2A6#00000000FFFFFA7E
(1790952590.859756) can0 2A7#00005689FFFFF5D5
(1790952590.864064) can0 2A1#0100010000000000
(1790952590.864160) can0 2A2#0000D4310000040B
(1790952590.864281) can0 2A3#0002B209FFFD6E4A
(1790952590.864380) can0 2A4#0001132AFFFD7689
(1790952590.864531) can0 2A5#000007BF000007CA
(1790952590.864628) can0 2A6#00000000FFFFFA7E
(1790952590.864753) can0 2A7#00005689FFFFF5D5
(1790952590.869037) can0 2A1#0100010000000000
(1790952590.869153) can0 2A2#0000D4310000040B
(1790952590.869257) can0 2A3#0002B209FFFD6E4A
(1790952590.869378) can0 2A4#0001132AFFFD7689
(1790952590.869527) can0 2A5#000007BF000007CA
(1790952590.869628) can0 2A6#00000000FFFFFA7E
(1790952590.869753) can0 2A7#00005689FFFFF5D5
(1790952590.874062) can0 2A1#0100010000000000
(1790952590.874159) can0 2A2#0000D4310000040B
(1790952590.874280) can0 2A3#0002B209FFFD6E4A
(1790952590.874405) can0 2A4#0001132AFFFD7689
(1790952590.874530) can0 2A5#000007BF000007CA
(1790952590.874628) can0 2A6#00000000FFFFFA7E
(1790952590.874753) can0 2A7#00005689FFFFF5D5
(1790952590.879038) can0 2A1#0100010000000000
(1790952590.879153) can0 2A2#0000D4310000040B
(1790952590.879280) can0 2A3#0002B209FFFD6E4A
(1790952590.879378) can0 2A4#0001132AFFFD7689
(1790952590.879527) can0 2A5#000007BF000007CA
(1790952590.879628) can0 2A6#00000000FFFFFA7E
(1790952590.879755) can0 2A7#00005689FFFFF5D5
(1790952590.884028) can0 2A1#0100010000000000
(1790952590.884155) can0 2A2#0000D4310000040B
(1790952590.884280) can0 2A3#0002B209FFFD6E4A
(1790952590.884378) can0 2A4#0001132AFFFD7689
(1790952590.884530) can0 2A5#000007BF000007CA
(1790952590.884653) can0 2A6#00000000FFFFFA7E
(1790952590.884753) can0 2A7#00005689FFFFF5D5
(1790952590.889036) can0 2A1#0100010000000000
(1790952590.889153) can0 2A2#0000D4310000040B
(1790952590.889281) can0 2A3#0002B209FFFD6E4A
(1790952590.889380) can0 2A4#0001132AFFFD7689
(1790952590.889530) can0 2A5#000007BF000007CA
(1790952590.889628) can0 2A6#00000000FFFFFA7E
(1790952590.889753) can0 2A7#00005689FFFFF5D5
(1790952590.894036) can0 2A1#0100010000000000
(1790952590.894152) can0 2A2#0000D4310000040B
(1790952590.894281) can0 2A3#0002B209FFFD6E4A
(1790952590.894402) can0 2A4#0001132AFFFD7689
(1790952590.894528) can0 2A5#000007BF000007CA
(1790952590.894655) can0 2A6#00000000FFFFFA7E
(1790952590.894753) can0 2A7#00005689FFFFF5D5
(1790952590.899037) can0 2A1#0100010000000000
(1790952590.899127) can0 2A2#0000D4310000040B
(1790952590.899255) can0 2A3#0002B209FFFD6E4A
(1790952590.899380) can0 2A4#0001132AFFFD7689
(1790952590.899530) can0 2A5#000007BF000007CA
(1790952590.899628) can0 2A6#00000000FFFFFA7E
(1790952590.899753) can0 2A7#00005689FFFFF5D5
(1790952590.904037) can0 2A1#0100010000000000
(1790952590.904153) can0 2A2#0000D4310000040B
(1790952590.904278) can0 2A3#0002B209FFFD6E4A
(1790952590.904380) can0 2A4#0001132AFFFD7689
(1790952590.904527) can0 2A5#000007BF000007CA
(1790952590.904653) can0 2A6#00000000FFFFFA7E
(1790952590.904755) can0 2A7#00005689FFFFF5D5
(1790952590.909036) can0 2A1#0100010000000000
(1790952590.909130) can0 2A2#0000D4310000040B
(1790952590.909280) can0 2A3#0002B209FFFD6E4A
(1790952590.909378) can0 2A4#0001132AFFFD7689
(1790952590.909530) can0 2A5#000007BF000007CA
(1790952590.909627) can0 2A6#00000000FFFFFA7E
(1790952590.909753) can0 2A7#00005689FFFFF5D5
(1790952590.914039) can0 2A1#0100010000000000
(1790952590.914154) can0 2A2#0000D4310000040B
(1790952590.914280) can0 2A3#0002B209FFFD6E4A
(1790952590.914405) can0 2A4#0001132AFFFD7689
(1790952590.914527) can0 2A5#000007BF000007CA
(1790952590.914653) can0 2A6#00000000FFFFFA7E
(1790952590.914753) can0 2A7#00005689FFFFF5D5
(1790952590.919044) can0 2A1#0100010000000000
(1790952590.919154) can0 2A2#0000D4310000040B
(1790952590.919254) can0 2A3#0002B209FFFD6E4A
(1790952590.919379) can0 2A4#0001132AFFFD7689
(1790952590.919528) can0 2A5#000007BF000007CA
(1790952590.919629) can0 2A6#00000000FFFFFA7E
(1790952590.919754) can0 2A7#00005689FFFFF5D5
(1790952590.924039) can0 2A1#0100010000000000
(1790952590.924153) can0 2A2#0000D4310000040B
(1790952590.924279) can0 2A3#0002B209FFFD6E4A
(1790952590.924403) can0 2A4#0001132AFFFD7689
(1790952590.924528) can0 2A5#000007BF000007CA
(1790952590.924654) can0 2A6#00000000FFFFFA7E
(1790952590.924754) can0 2A7#00005689FFFFF5D5
(1790952590.929037) can0 2A1#0100010000000000
(1790952590.929154) can0 2A2#0000D4310000040B
(1790952590.929256) can0 2A3#0002B209FFFD6E4A
(1790952590.929381) can0 2A4#0001132AFFFD7689
(1790952590.929532) can0 2A5#000007BF000007CA
(1790952590.929631) can0 2A6#00000000FFFFFA7E
(1790952590.929756) can0 2A7#00005689FFFFF5D5
(1790952590.934057) can0 2A1#0100010000000000
(1790952590.934157) can0 2A2#0000D4310000040B
(1790952590.934278) can0 2A3#0002B209FFFD6E4A
(1790952590.934404) can0 2A4#0001132AFFFD7689
(1790952590.934527) can0 2A5#000007BF000007CA
(1790952590.934629) can0 2A6#00000000FFFFFA7E
(1790952590.934752) can0 2A7#00005689FFFFF5D5
(1790952590.939034) can0 2A1#0100010000000000
(1790952590.939128) can0 2A2#0000D4310000040B
(1790952590.939256) can0 2A3#0002B209FFFD6E4A
(1790952590.939380) can0 2A4#0001132AFFFD7689
(1790952590.939530) can0 2A5#000007BF000007CA
(1790952590.939628) can0 2A6#00000000FFFFFA7E
(1790952590.939753) can0 2A7#00005689FFFFF5D5
(1790952590.944062) can0 2A1#0100010000000000
(1790952590.944154) can0 2A2#0000D4310000040B
(1790952590.944278) can0 2A3#0002B209FFFD6E4A
(1790952590.944407) can0 2A4#0001132AFFFD7689
(1790952590.944530) can0 2A5#000007BF000007CA
(1790952590.944628) can0 2A6#00000000FFFFFA7E
(1790952590.944753) can0 2A7#00005689FFFFF5D5
(1790952590.949028) can0 2A1#0100010000000000
(1790952590.949155) can0 2A2#0000D4310000040B
(1790952590.949278) can0 2A3#0002B209FFFD6E4A
(1790952590.949379) can0 2A4#0001132AFFFD7689
(1790952590.949527) can0 2A5#000007BF000007CA
(1790952590.949630) can0 2A6#00000000FFFFFA7E
(1790952590.949752) can0 2A7#00005689FFFFF5D5
(1790952590.954040) can0 2A1#0100010000000000
(1790952590.954154) can0 2A2#0000D4310000040B
(1790952590.954278) can0 2A3#0002B209FFFD6E4A
(1790952590.954405) can0 2A4#0001132AFFFD7689
(1790952590.954529) can0 2A5#000007BF000007CA
(1790952590.954659) can0 2A6#00000000FFFFFA7E
(1790952590.954753) can0 2A7#00005689FFFFF5D5
(1790952590.959031) can0 2A1#0100010000000000
(1790952590.959153) can0 2A2#0000D4310000040B
(1790952590.959253) can0 2A3#0002B209FFFD6E4A
(1790952590.959379) can0 2A4#0001132AFFFD7689
(1790952590.959528) can0 2A5#000007BF000007CA
(1790952590.959628) can0 2A6#00000000FFFFFA7E
(1790952590.959754) can0 2A7#00005689FFFFF5D5
(1790952590.964062) can0 2A1#0100010000000000
(1790952590.964152) can0 2A2#0000D4310000040B
(1790952590.964279) can0 2A3#0002B209FFFD6E4A
(1790952590.964403) can0 2A4#0001132AFFFD7689
(1790952590.964528) can0 2A5#000007BF000007CA
(1790952590.964628) can0 2A6#00000000FFFFFA7E
(1790952590.964754) can0 2A7#00005689FFFFF5D5
(1790952590.969031) can0 2A1#0100010000000000
(1790952590.969157) can0 2A2#0000D4310000040B
(1790952590.969277) can0 2A3#0002B209FFFD6E4A
(1790952590.969378) can0 2A4#0001132AFFFD7689
(1790952590.969527) can0 2A5#000007BF000007CA
(1790952590.969628) can0 2A6#00000000FFFFFA7E
(1790952590.969753) can0 2A7#00005689FFFFF5D5
(1790952590.974037) can0 2A1#0100010000000000
(1790952590.974151) can0 2A2#0000D4310000040B
(1790952590.974278) can0 2A3#0002B209FFFD6E4A
(1790952590.974403) can0 2A4#0001132AFFFD7689
(1790952590.974528) can0 2A5#000007BF000007CA
(1790952590.974628) can0 2A6#00000000FFFFFA7E
(1790952590.974753) can0 2A7#00005689FFFFF5D5
(1790952590.979029) can0 2A1#0100010000000000
(1790952590.979151) can0 2A2#0000D4310000040B
(1790952590.979278) can0 2A3#0002B209FFFD6E4A
(1790952590.979378) can0 2A4#0001132AFFFD7689
(1790952590.979528) can0 2A5#000007BF000007CA
(1790952590.979628) can0 2A6#00000000FFFFFA7E
(1790952590.979753) can0 2A7#00005689FFFFF5D5
(1790952590.984035) can0 2A1#0100010000000000
(1790952590.984151) can0 2A2#0000D4310000040B
(1790952590.984278) can0 2A3#0002B209FFFD6E4A
(1790952590.984403) can0 2A4#0001132AFFFD7689
(1790952590.984528) can0 2A5#000007BF000007CA
(1790952590.984653) can0 2A6#00000000FFFFFA7E
(1790952590.984753) can0 2A7#00005689FFFFF5D5
(1790952590.989032) can0 2A1#0100010000000000
(1790952590.989128) can0 2A2#0000D4310000040B
(1790952590.989278) can0 2A3#0002B209FFFD6E4A
(1790952590.989378) can0 2A4#0001132AFFFD7689
(1790952590.989528) can0 2A5#000007BF000007CA
(1790952590.989628) can0 2A6#00000000FFFFFA7E
(1790952590.989753) can0 2A7#00005689FFFFF5D5
(1790952590.994038) can0 2A1#0100010000000000
(1790952590.994152) can0 2A2#0000D4310000040B
(1790952590.994278) can0 2A3#0002B209FFFD6E4A
(1790952590.994403) can0 2A4#0001132AFFFD7689
(1790952590.994527) can0 2A5#000007BF000007CA
(1790952590.994653) can0 2A6#00000000FFFFFA7E
(1790952590.994753) can0 2A7#00005689FFFFF5D5
(1790952590.999036) can0 2A1#0100010000000000
(1790952590.999153) can0 2A2#0000D4310000040B
(1790952590.999278) can0 2A3#0002B209FFFD6E4A
(1790952590.999378) can0 2A4#0001132AFFFD7689
(1790952590.999527) can0 2A5#000007BF000007CA
(1790952590.999628) can0 2A6#00000000FFFFFA7E
(1790952590.999755) can0 2A7#00005689FFFFF5D5
(1790952591.004032) can0 2A1#0100010000000000
(1790952591.004151) can0 2A2#0000D4310000040B
(1790952591.004278) can0 2A3#0002B209FFFD6E4A
(1790952591.004403) can0 2A4#0001132AFFFD7689
(1790952591.004527) can0 2A5#000007BF000007CA
(1790952591.004653) can0 2A6#00000000FFFFFA7E
(1790952591.004777) can0 2A7#00005689FFFFF5D5
(1790952591.009038) can0 2A1#0100010000000000
(1790952591.009151) can0 2A2#0000D4310000040B
(1790952591.009278) can0 2A3#0002B209FFFD6E4A
(1790952591.009377) can0 2A4#0001132AFFFD7689
(1790952591.009527) can0 2A5#000007BF000007CA
(1790952591.009628) can0 2A6#00000000FFFFFA7E
(1790952591.009753) can0 2A7#00005689FFFFF5D5
(1790952591.014037) can0 2A1#0100010000000000
(1790952591.014154) can0 2A2#0000D4310000040B
(1790952591.014278) can0 2A3#0002B209FFFD6E4A
(1790952591.014403) can0 2A4#0001132AFFFD7689
(1790952591.014527) can0 2A5#000007BF000007CA
(1790952591.014653) can0 2A6#00000000FFFFFA7E
(1790952591.014753) can0 2A7#00005689FFFFF5D5
(1790952591.019028) can0 2A1#0100010000000000
(1790952591.019153) can0 2A2#0000D4310000040B
(1790952591.019280) can0 2A3#0002B209FFFD6E4A
(1790952591.019377) can0 2A4#0001132AFFFD7689
(1790952591.019529) can0 2A5#000007BF000007CA
(1790952591.019628) can0 2A6#00000000FFFFFA7E
(1790952591.019756) can0 2A7#00005689FFFFF5D5
(1790952591.024064) can0 2A1#0100010000000000
(1790952591.024157) can0 2A2#0000D4310000040B
(1790952591.024280) can0 2A3#0002B209FFFD6E4A
(1790952591.024402) can0 2A4#0001132AFFFD7689
(1790952591.024530) can0 2A5#000007BF000007CA
(1790952591.024655) can0 2A6#00000000FFFFFA7E
(1790952591.024780) can0 2A7#00005689FFFFF5D5
(1790952591.029036) can0 2A1#0100010000000000
(1790952591.029152) can0 2A2#0000D4310000040B
(1790952591.029280) can0 2A3#0002B209FFFD6E4A
(1790952591.029377) can0 2A4#0001132AFFFD7689
(1790952591.029529) can0 2A5#000007BF000007CA
(1790952591.029627) can0 2A6#00000000FFFFFA7E
(1790952591.029752) can0 2A7#00005689FFFFF5D5
(1790952591.034052) can0 2A1#0100010000000000
(1790952591.034179) can0 2A2#0000D4310000040B
(1790952591.034280) can0 2A3#0002B209FFFD6E4A
(1790952591.034405) can0 2A4#0001132AFFFD7689
(1790952591.034527) can0 2A5#000007BF000007CA
(1790952591.034629) can0 2A6#00000000FFFFFA7E
(1790952591.034755) can0 2A7#00005689FFFFF5D5
(1790952591.039037) can0 2A1#0100010000000000
(1790952591.039133) can0 2A2#0000D4310000040B
(1790952591.039279) can0 2A3#0002B209FFFD6E4A
(1790952591.039380) can0 2A4#0001132AFFFD7689
(1790952591.039527) can0 2A5#000007BF000007CA
(1790952591.039627) can0 2A6#00000000FFFFFA7E
(1790952591.039755) can0 2A7#00005689FFFFF5D5
(1790952591.044038) can0 2A1#0100010000000000
(1790952591.044151) can0 2A2#0000D4310000040B
(1790952591.044280) can0 2A3#0002B209FFFD6E4A
(1790952591.044404) can0 2A4#0001132AFFFD7689
(1790952591.044529) can0 2A5#000007BF000007CA
(1790952591.044652) can0 2A6#00000000FFFFFA7E
(1790952591.044777) can0 2A7#00005689FFFFF5D5
(1790952591.049040) can0 2A1#0100010000000000
(1790952591.049152) can0 2A2#0000D4310000040B
(1790952591.049255) can0 2A3#0002B209FFFD6E4A
(1790952591.049379) can0 2A4#0001132AFFFD7689
(1790952591.049529) can0 2A5#000007BF000007CA
(1790952591.049627) can0 2A6#00000000FFFFFA7E
(1790952591.049754) can0 2A7#00005689FFFFF5D5
(1790952591.054060) can0 2A1#0100010000000000
(1790952591.054158) can0 2A2#0000D4310000040B
(1790952591.054279) can0 2A3#0002B209FFFD6E4A
(1790952591.054404) can0 2A4#0001132AFFFD7689
(1790952591.054527) can0 2A5#000007BF000007CA
(1790952591.054627) can0 2A6#00000000FFFFFA7E
(1790952591.054754) can0 2A7#00005689FFFFF5D5
(1790952591.059035) can0 2A1#0100010000000000
(1790952591.059152) can0 2A2#0000D4310000040B
(1790952591.059254) can0 2A3#0002B209FFFD6E4A
(1790952591.059379) can0 2A4#0001132AFFFD7689
(1790952591.059529) can0 2A5#000007BF000007CA
(1790952591.059627) can0 2A6#00000000FFFFFA7E
(1790952591.059753) can0 2A7#00005689FFFFF5D5
(1790952591.064061) can0 2A1#0100010000000000
(1790952591.064157) can0 2A2#0000D4310000040B
(1790952591.064279) can0 2A3#0002B209FFFD6E4A
(1790952591.064404) can0 2A4#0001132AFFFD7689
(1790952591.064529) can0 2A5#000007BF000007CA
(1790952591.064627) can0 2A6#00000000FFFFFA7E
(1790952591.064754) can0 2A7#00005689FFFFF5D5
(1790952591.069035) can0 2A1#0100010000000000
(1790952591.069152) can0 2A2#0000D4310000040B
(1790952591.069252) can0 2A3#0002B209FFFD6E4A
(1790952591.069379) can0 2A4#0001132AFFFD7689
(1790952591.069527) can0 2A5#000007BF000007CA
(1790952591.069627) can0 2A6#00000000FFFFFA7E
(1790952591.069752) can0 2A7#00005689FFFFF5D5
(1790952591.074067) can0 2A1#0100010000000000
(1790952591.074160) can0 2A2#0000D4310000040B
(1790952591.074280) can0 2A3#0002B209FFFD6E4A
(1790952591.074404) can0 2A4#0001132AFFFD7689
(1790952591.074526) can0 2A5#000007BF000007CA
(1790952591.074627) can0 2A6#00000000FFFFFA7E
(1790952591.074754) can0 2A7#00005689FFFFF5D5
(1790952591.079035) can0 2A1#0100010000000000
(1790952591.079152) can0 2A2#0000D4310000040B
(1790952591.079277) can0 2A3#0002B209FFFD6E4A
(1790952591.079380) can0 2A4#0001132AFFFD7689
(1790952591.079527) can0 2A5#000007BF000007CA
(1790952591.079627) can0 2A6#00000000FFFFFA7E
(1790952591.079753) can0 2A7#00005689FFFFF5D5
(1790952591.084036) can0 2A1#0100010000000000
(1790952591.084152) can0 2A2#0000D4310000040B
(1790952591.084277) can0 2A3#0002B209FFFD6E4A
(1790952591.084404) can0 2A4#0001132AFFFD7689
(1790952591.084529) can0 2A5#000007BF000007CA
(1790952591.084654) can0 2A6#00000000FFFFFA7E
(1790952591.084754) can0 2A7#00005689FFFFF5D5
(1790952591.089035) can0 2A1#0100010000000000
(1790952591.089132) can0 2A2#0000D4310000040B
(1790952591.089279) can0 2A3#0002B209FFFD6E4A
(1790952591.089379) can0 2A4#0001132AFFFD7689
(1790952591.089529) can0 2A5#000007BF000007CA
(1790952591.089627) can0 2A6#00000000FFFFFA7E
(1790952591.089752) can0 2A7#00005689FFFFF5D5
(1790952591.094052) can0 2A1#0100010000000000
(1790952591.094154) can0 2A2#0000D4310000040B
(1790952591.094278) can0 2A3#0002B209FFFD6E4A
(1790952591.094377) can0 2A4#0001132AFFFD7689
(1790952591.094527) can0 2A5#000007BF000007CA
(1790952591.094629) can0 2A6#00000000FFFFFA7E
(1790952591.094755) can0 2A7#00005689FFFFF5D5
(1790952591.099037) can0 2A1#0100010000000000
(1790952591.099154) can0 2A2#0000D4310000040B
(1790952591.099254) can0 2A3#0002B209FFFD6E4A
(1790952591.099379) can0 2A4#0001132AFFFD7689
(1790952591.099526) can0 2A5#000007BF000007CA
(1790952591.099627) can0 2A6#00000000FFFFFA7E
(1790952591.099755) can0 2A7#00005689FFFFF5D5
(1790952591.104055) can0 2A1#0100010000000000
(1790952591.104177) can0 2A2#0000D4310000040B
(1790952591.104278) can0 2A3#0002B209FFFD6E4A
(1790952591.104405) can0 2A4#0001132AFFFD7689
(1790952591.104529) can0 2A5#000007BF000007CA
(1790952591.104627) can0 2A6#00000000FFFFFA7E
(1790952591.104752) can0 2A7#00005689FFFFF5D5
(1790952591.109035) can0 2A1#0100010000000000
(1790952591.109152) can0 2A2#0000D4310000040B
(1790952591.109254) can0 2A3#0002B209FFFD6E4A
(1790952591.109404) can0 2A4#0001132AFFFD7689
(1790952591.109529) can0 2A5#000007BF000007CA
(1790952591.109627) can0 2A6#00000000FFFFFA7E
(1790952591.109752) can0 2A7#00005689FFFFF5D5
(1790952591.114036) can0 2A1#0100010000000000
(1790952591.114155) can0 2A2#0000D4310000040B
(1790952591.114280) can0 2A3#0002B209FFFD6E4A
(1790952591.114404) can0 2A4#0001132AFFFD7689
(1790952591.114529) can0 2A5#000007BF000007CA
(1790952591.114652) can0 2A6#00000000FFFFFA7E
(1790952591.114752) can0 2A7#00005689FFFFF5D5
(1790952591.119030) can0 2A1#0100010000000000
(1790952591.119152) can0 2A2#0000D4310000040B
(1790952591.119252) can0 2A3#0002B209FFFD6E4A
(1790952591.119379) can0 2A4#0001132AFFFD7689
(1790952591.119529) can0 2A5#000007BF000007CA
(1790952591.119627) can0 2A6#00000000FFFFFA7E
(1790952591.119752) can0 2A7#00005689FFFFF5D5
(1790952591.124062) can0 2A1#0100010000000000
(1790952591.124160) can0 2A2#0000D4310000040B
(1790952591.124279) can0 2A3#0002B209FFFD6E4A
(1790952591.124404) can0 2A4#0001132AFFFD7689
(1790952591.124528) can0 2A5#000007BF000007CA
(1790952591.124629) can0 2A6#00000000FFFFFA7E
(1790952591.124753) can0 2A7#00005689FFFFF5D5
(1790952591.129038) can0 2A1#0100010000000000
(1790952591.129151) can0 2A2#0000D4310000040B
(1790952591.129277) can0 2A3#0002B209FFFD6E4A
(1790952591.129401) can0 2A4#0001132AFFFD7689
(1790952591.129529) can0 2A5#000007BF000007CA
(1790952591.129627) can0 2A6#00000000FFFFFA7E
(1790952591.129752) can0 2A7#00005689FFFFF5D5
(1790952591.134035) can0 2A1#0100010000000000
(1790952591.134155) can0 2A2#0000D4310000040B
(1790952591.134279) can0 2A3#0002B209FFFD6E4A
(1790952591.134404) can0 2A4#0001132AFFFD7689
(1790952591.134529) can0 2A5#000007BF000007CA
(1790952591.134627) can0 2A6#00000000FFFFFA7E
(1790952591.134752) can0 2A7#00005689FFFFF5D5
(1790952591.139037) can0 2A1#0100010000000000
(1790952591.139130) can0 2A2#0000D4310000040B
(1790952591.139254) can0 2A3#0002B209FFFD6E4A
(1790952591.139403) can0 2A4#0001132AFFFD7689
(1790952591.139529) can0 2A5#000007BF000007CA
(1790952591.139628) can0 2A6#00000000FFFFFA7E
(1790952591.139752) can0 2A7#00005689FFFFF5D5
(1790952591.144036) can0 2A1#0100010000000000
(1790952591.144151) can0 2A2#0000D4310000040B
(1790952591.144279) can0 2A3#0002B209FFFD6E4A
(1790952591.144404) can0 2A4#0001132AFFFD7689
(1790952591.144527) can0 2A5#000007BF000007CA
(1790952591.144652) can0 2A6#00000000FFFFFA7E
(1790952591.144752) can0 2A7#00005689FFFFF5D5
(1790952591.149036) can0 2A1#0100010000000000
(1790952591.149152) can0 2A2#0000D4310000040B
(1790952591.149276) can0 2A3#0002B209FFFD6E4A
(1790952591.149377) can0 2A4#0001132AFFFD7689
(1790952591.149529) can0 2A5#000007BF000007CA
(1790952591.149627) can0 2A6#00000000FFFFFA7E
(1790952591.149752) can0 2A7#00005689FFFFF5D5
(1790952591.154061) can0 2A1#0100010000000000
(1790952591.154176) can0 2A2#0000D4310000040B
(1790952591.154279) can0 2A3#0002B209FFFD6E4A
(1790952591.154404) can0 2A4#0001132AFFFD7689
(1790952591.154529) can0 2A5#000007BF000007CA
(1790952591.154627) can0 2A6#00000000FFFFFA7E
(1790952591.154754) can0 2A7#00005689FFFFF5D5
(1790952591.159035) can0 2A1#0100010000000000
(1790952591.159152) can0 2A2#0000D4310000040B
(1790952591.159276) can0 2A3#0002B209FFFD6E4A
(1790952591.159380) can0 2A4#0001132AFFFD7689
(1790952591.159527) can0 2A5#000007BF000007CA
(1790952591.159629) can0 2A6#00000000FFFFFA7E
(1790952591.159727) can0 2A7#00005689FFFFF5D5
(1790952591.164064) can0 2A1#0100010000000000
(1790952591.164179) can0 2A2#0000D4310000040B
(1790952591.164279) can0 2A3#0002B209FFFD6E4A
(1790952591.164404) can0 2A4#0001132AFFFD7689
(1790952591.164529) can0 2A5#000007BF000007CA
(1790952591.164626) can0 2A6#00000000FFFFFA7E
(1790952591.164752) can0 2A7#00005689FFFFF5D5
(1790952591.169034) can0 2A1#0100010000000000
(1790952591.169151) can0 2A2#0000D4310000040B
(1790952591.169251) can0 2A3#0002B209FFFD6E4A
(1790952591.169379) can0 2A4#0001132AFFFD7689
(1790952591.169529) can0 2A5#000007BF000007CA
(1790952591.169628) can0 2A6#00000000FFFFFA7E
(1790952591.169754) can0 2A7#00005689FFFFF5D5
(1790952591.174043) can0 2A1#0100010000000000
(1790952591.174160) can0 2A2#0000D4310000040B
(1790952591.174279) can0 2A3#0002B209FFFD6E4A
(1790952591.174401) can0 2A4#0001132AFFFD7689
(1790952591.174526) can0 2A5#000007BF000007CA
(1790952591.174651) can0 2A6#00000000FFFFFA7E
(1790952591.174752) can0 2A7#00005689FFFFF5D5
(1790952591.179027) can0 2A1#0100010000000000
(1790952591.179154) can0 2A2#0000D4310000040B
(1790952591.179279) can0 2A3#0002B209FFFD6E4A
(1790952591.179376) can0 2A4#0001132AFFFD7689
(1790952591.179526) can0 2A5#000007BF000007CA
(1790952591.179626) can0 2A6#00000000FFFFFA7E
(1790952591.179754) can0 2A7#00005689FFFFF5D5
(1790952591.184035) can0 2A1#0100010000000000
(1790952591.184151) can0 2A2#0000D4310000040B
(1790952591.184279) can0 2A3#0002B209FFFD6E4A
(1790952591.184404) can0 2A4#0001132AFFFD7689
(1790952591.184528) can0 2A5#000007BF000007CA
(1790952591.184651) can0 2A6#00000000FFFFFA7E
(1790952591.184754) can0 2A7#00005689FFFFF5D5
(1790952591.189035) can0 2A1#0100010000000000
(1790952591.189151) can0 2A2#0000D4310000040B
(1790952591.189277) can0 2A3#0002B209FFFD6E4A
(1790952591.189379) can0 2A4#0001132AFFFD7689
(1790952591.189526) can0 2A5#000007BF000007CA
(1790952591.189627) can0 2A6#00000000FFFFFA7E
(1790952591.189752) can0 2A7#00005689FFFFF5D5
(1790952591.194060) can0 2A1#0100010000000000
(1790952591.194158) can0 2A2#0000D4310000040B
(1790952591.194279) can0 2A3#0002B209FFFD6E4A
(1790952591.194404) can0 2A4#0001132AFFFD7689
(1790952591.194529) can0 2A5#000007BF000007CA
(1790952591.194628) can0 2A6#00000000FFFFFA7E
(1790952591.194779) can0 2A7#00005689FFFFF5D5
(1790952591.199039) can0 2A1#0100010000000000
(1790952591.199168) can0 2A2#0000D4310000040B
(1790952591.199279) can0 2A3#0002B209FFFD6E4A
(1790952591.199404) can0 2A4#0001132AFFFD7689
(1790952591.199526) can0 2A5#000007BF000007CA
(1790952591.199626) can0 2A6#00000000FFFFFA7E
(1790952591.199754) can0 2A7#00005689FFFFF5D5
(1790952591.204039) can0 2A1#0100010000000000
(1790952591.204155) can0 2A2#0000D4310000040B
(1790952591.204279) can0 2A3#0002B209FFFD6E4A
(1790952591.204404) can0 2A4#0001132AFFFD7689
(1790952591.204526) can0 2A5#000007BF000007CA
(1790952591.204629) can0 2A6#00000000FFFFFA7E
(1790952591.204751) can0 2A7#00005689FFFFF5D5
(1790952591.209037) can0 2A1#0100010000000000
(1790952591.209151) can0 2A2#0000D4310000040B
(1790952591.209279) can0 2A3#0002B209FFFD6E4A
(1790952591.209377) can0 2A4#0001132AFFFD7689
(1790952591.209526) can0 2A5#000007BF000007CA
(1790952591.209627) can0 2A6#00000000FFFFFA7E
(1790952591.209754) can0 2A7#00005689FFFFF5D5
(1790952591.214036) can0 2A1#0100010000000000
(1790952591.214179) can0 2A2#0000D4310000040B
(1790952591.214276) can0 2A3#0002B209FFFD6E4A
(1790952591.214401) can0 2A4#0001132AFFFD7689
(1790952591.214529) can0 2A5#000007BF000007CA
(1790952591.214626) can0 2A6#00000000FFFFFA7E
(1790952591.214752) can0 2A7#00005689FFFFF5D5
(1790952591.219035) can0 2A1#0100010000000000
(1790952591.219151) can0 2A2#0000D4310000040B
(1790952591.219251) can0 2A3#0002B209FFFD6E4A
(1790952591.219379) can0 2A4#0001132AFFFD7689
(1790952591.219529) can0 2A5#000007BF000007CA
(1790952591.219626) can0 2A6#00000000FFFFFA7E
(1790952591.219751) can0 2A7#00005689FFFFF5D5
(1790952591.224035) can0 2A1#0100010000000000
(1790952591.224152) can0 2A2#0000D4310000040B
(1790952591.224279) can0 2A3#0002B209FFFD6E4A
(1790952591.224403) can0 2A4#0001132AFFFD7689
(1790952591.224528) can0 2A5#000007BF000007CA
(1790952591.224651) can0 2A6#00000000FFFFFA7E
(1790952591.224751) can0 2A7#00005689FFFFF5D5
(1790952591.229044) can0 2A1#0100010000000000
(1790952591.229159) can0 2A2#0000D4310000040B
(1790952591.229252) can0 2A3#0002B209FFFD6E4A
(1790952591.229377) can0 2A4#0001132AFFFD7689
(1790952591.229526) can0 2A5#000007BF000007CA
(1790952591.229627) can0 2A6#00000000FFFFFA7E
(1790952591.229751) can0 2A7#00005689FFFFF5D5
(1790952591.234034) can0 2A1#0100010000000000
(1790952591.234152) can0 2A2#0000D4310000040B
(1790952591.234279) can0 2A3#0002B209FFFD6E4A
(1790952591.234405) can0 2A4#0001132AFFFD7689
(1790952591.234529) can0 2A5#000007BF000007CA
(1790952591.234652) can0 2A6#00000000FFFFFA7E
(1790952591.234752) can0 2A7#00005689FFFFF5D5
(1790952591.239035) can0 2A1#0100010000000000
(1790952591.239151) can0 2A2#0000D4310000040B
(1790952591.239279) can0 2A3#0002B209FFFD6E4A
(1790952591.239376) can0 2A4#0001132AFFFD7689
(1790952591.239528) can0 2A5#000007BF000007CA
(1790952591.239627) can0 2A6#00000000FFFFFA7E
(1790952591.239752) can0 2A7#00005689FFFFF5D5
(1790952591.244060) can0 2A1#0100010000000000
(1790952591.244155) can0 2A2#0000D4310000040B
(1790952591.244279) can0 2A3#0002B209FFFD6E4A
(1790952591.244401) can0 2A4#0001132AFFFD7689
(1790952591.244526) can0 2A5#000007BF000007CA
(1790952591.244651) can0 2A6#00000000FFFFFA7E
(1790952591.244780) can0 2A7#00005689FFFFF5D5
(1790952591.249035) can0 2A1#0100010000000000
(1790952591.249131) can0 2A2#0000D4310000040B
(1790952591.249278) can0 2A3#0002B209FFFD6E4A
(1790952591.249378) can0 2A4#0001132AFFFD7689
(1790952591.249528) can0 2A5#000007BF000007CA
(1790952591.249629) can0 2A6#00000000FFFFFA7E
(1790952591.249752) can0 2A7#00005689FFFFF5D5
(1790952591.254037) can0 2A1#0100010000000000
(1790952591.254151) can0 2A2#0000D4310000040B
(1790952591.254279) can0 2A3#0002B209FFFD6E4A
(1790952591.254404) can0 2A4#0001132AFFFD7689
(1790952591.254529) can0 2A5#000007BF000007CA
(1790952591.254651) can0 2A6#00000000FFFFFA7E
(1790952591.254751) can0 2A7#00005689FFFFF5D5
(1790952591.259039) can0 2A1#0100010000000000
(1790952591.259134) can0 2A2#0000D4310000040B
(1790952591.259278) can0 2A3#0002B209FFFD6E4A
(1790952591.259404) can0 2A4#0001132AFFFD7689
(1790952591.259526) can0 2A5#000007BF000007CA
(1790952591.259626) can0 2A6#00000000FFFFFA7E
(1790952591.259751) can0 2A7#00005689FFFFF5D5
(1790952591.264026) can0 2A1#0100010000000000
(1790952591.264153) can0 2A2#0000D4310000040B
(1790952591.264279) can0 2A3#0002B209FFFD6E4A
(1790952591.264403) can0 2A4#0001132AFFFD7689
(1790952591.264525) can0 2A5#000007BF000007CA
(1790952591.264651) can0 2A6#00000000FFFFFA7E
(1790952591.264751) can0 2A7#00005689FFFFF5D5
(1790952591.269035) can0 2A1#0100010000000000
(1790952591.269151) can0 2A2#0000D4310000040B
(1790952591.269276) can0 2A3#0002B209FFFD6E4A
(1790952591.269377) can0 2A4#0001132AFFFD7689
(1790952591.269525) can0 2A5#000007BF000007CA
(1790952591.269628) can0 2A6#00000000FFFFFA7E
(1790952591.269754) can0 2A7#00005689FFFFF5D5
(1790952591.274062) can0 2A1#0100010000000000
(1790952591.274158) can0 2A2#0000D4310000040B
(1790952591.274279) can0 2A3#0002B209FFFD6E4A
(1790952591.274403) can0 2A4#0001132AFFFD7689
(1790952591.274528) can0 2A5#000007BF000007CA
(1790952591.274626) can0 2A6#00000000FFFFFA7E
(1790952591.274751) can0 2A7#00005689FFFFF5D5
(1790952591.279037) can0 2A1#0100010000000000
(1790952591.279151) can0 2A2#0000D4310000040B
(1790952591.279251) can0 2A3#0002B209FFFD6E4A
(1790952591.279378) can0 2A4#0001132AFFFD7689
(1790952591.279529) can0 2A5#000007BF000007CA
(1790952591.279626) can0 2A6#00000000FFFFFA7E
(1790952591.279751) can0 2A7#00005689FFFFF5D5
(1790952591.284034) can0 2A1#0100010000000000
(1790952591.284152) can0 2A2#0000D4310000040B
(1790952591.284278) can0 2A3#0002B209FFFD6E4A
(1790952591.284404) can0 2A4#0001132AFFFD7689
(1790952591.284528) can0 2A5#000007BF000007CA
(1790952591.284654) can0 2A6#00000000FFFFFA7E
(1790952591.284751) can0 2A7#00005689FFFFF5D5
(1790952591.289035) can0 2A1#0100010000000000
(1790952591.289151) can0 2A2#0000D4310000040B
(1790952591.289276) can0 2A3#0002B209FFFD6E4A
(1790952591.289403) can0 2A4#0001132AFFFD7689
(1790952591.289525) can0 2A5#000007BF000007CA
(1790952591.289626) can0 2A6#00000000FFFFFA7E
(1790952591.289751) can0 2A7#00005689FFFFF5D5
(1790952591.294035) can0 2A1#0100010000000000
(1790952591.294151) can0 2A2#0000D4310000040B
(1790952591.294280) can0 2A3#0002B209FFFD6E4A
(1790952591.294405) can0 2A4#0001132AFFFD7689
(1790952591.294529) can0 2A5#000007BF000007CA
(1790952591.294629) can0 2A6#00000000FFFFFA7E
(1790952591.294751) can0 2A7#00005689FFFFF5D5
(1790952591.299035) can0 2A1#0100010000000000
(1790952591.299133) can0 2A2#0000D4310000040B
(1790952591.299278) can0 2A3#0002B209FFFD6E4A
(1790952591.299403) can0 2A4#0001132AFFFD7689
(1790952591.299529) can0 2A5#000007BF000007CA
(1790952591.299626) can0 2A6#00000000FFFFFA7E
(1790952591.299751) can0 2A7#00005689FFFFF5D5
(1790952591.304035) can0 2A1#0100010000000000
(1790952591.304152) can0 2A2#0000D4310000040B
(1790952591.304278) can0 2A3#0002B209FFFD6E4A
(1790952591.304404) can0 2A4#0001132AFFFD7689
(1790952591.304528) can0 2A5#000007BF000007CA
(1790952591.304651) can0 2A6#00000000FFFFFA7E
(1790952591.304751) can0 2A7#00005689FFFFF5D5
(1790952591.309039) can0 2A1#0100010000000000
(1790952591.309152) can0 2A2#0000D4310000040B
(1790952591.309253) can0 2A3#0002B209FFFD6E4A
(1790952591.309379) can0 2A4#0001132AFFFD7689
(1790952591.309528) can0 2A5#000007BF000007CA
(1790952591.309628) can0 2A6#00000000FFFFFA7E
(1790952591.309753) can0 2A7#00005689FFFFF5D5
(1790952591.314037) can0 2A1#0100010000000000
(1790952591.314156) can0 2A2#0000D4310000040B
(1790952591.314278) can0 2A3#0002B209FFFD6E4A
(1790952591.314404) can0 2A4#0001132AFFFD7689
(1790952591.314526) can0 2A5#000007BF000007CA
(1790952591.314651) can0 2A6#00000000FFFFFA7E
(1790952591.314751) can0 2A7#00005689FFFFF5D5
(1790952591.319037) can0 2A1#0100010000000000
(1790952591.319152) can0 2A2#0000D4310000040B
(1790952591.319278) can0 2A3#0002B209FFFD6E4A
(1790952591.319378) can0 2A4#0001132AFFFD7689
(1790952591.319526) can0 2A5#000007BF000007CA
(1790952591.319626) can0 2A6#00000000FFFFFA7E
(1790952591.319754) can0 2A7#00005689FFFFF5D5
(1790952591.324037) can0 2A1#0100010000000000
(1790952591.324176) can0 2A2#0000D4310000040B
(1790952591.324276) can0 2A3#0002B209FFFD6E4A
(1790952591.324403) can0 2A4#0001132AFFFD7689
(1790952591.324528) can0 2A5#000007BF000007CA
(1790952591.324651) can0 2A6#00000000FFFFFA7E
(1790952591.324751) can0 2A7#00005689FFFFF5D5
(1790952591.329026) can0 2A1#0100010000000000
(1790952591.329153) can0 2A2#0000D4310000040B
(1790952591.329279) can0 2A3#0002B209FFFD6E4A
(1790952591.329378) can0 2A4#0001132AFFFD7689
(1790952591.329528) can0 2A5#000007BF000007CA
(1790952591.329628) can0 2A6#00000000FFFFFA7E
(1790952591.329751) can0 2A7#00005689FFFFF5D5
(1790952591.334060) can0 2A1#0100010000000000
(1790952591.334176) can0 2A2#0000D4310000040B
(1790952591.334276) can0 2A3#0002B209FFFD6E4A
(1790952591.334401) can0 2A4#0001132AFFFD7689
(1790952591.334525) can0 2A5#000007BF000007CA
(1790952591.334626) can0 2A6#00000000FFFFFA7E
(1790952591.334754) can0 2A7#00005689FFFFF5D5
(1790952591.339028) can0 2A1#0100010000000000
(1790952591.339153) can0 2A2#0000D4310000040B
(1790952591.339278) can0 2A3#0002B209FFFD6E4A
(1790952591.339375) can0 2A4#0001132AFFFD7689
(1790952591.339528) can0 2A5#000007BF000007CA
(1790952591.339626) can0 2A6#00000000FFFFFA7E
(1790952591.339751) can0 2A7#00005689FFFFF5D5
(1790952591.344063) can0 2A1#0100010000000000
(1790952591.344176) can0 2A2#0000D4310000040B
(1790952591.344278) can0 2A3#0002B209FFFD6E4A
(1790952591.344401) can0 2A4#0001132AFFFD7689
(1790952591.344528) can0 2A5#000007BF000007CA
(1790952591.344627) can0 2A6#00000000FFFFFA7E
(1790952591.344751) can0 2A7#00005689FFFFF5D5
(1790952591.349035) can0 2A1#0100010000000000
(1790952591.349151) can0 2A2#0000D4310000040B
(1790952591.349251) can0 2A3#0002B209FFFD6E4A
(1790952591.349404) can0 2A4#0001132AFFFD7689
(1790952591.349526) can0 2A5#000007BF000007CA
(1790952591.349626) can0 2A6#00000000FFFFFA7E
(1790952591.349753) can0 2A7#00005689FFFFF5D5
(1790952591.354034) can0 2A1#0100010000000000
(1790952591.354152) can0 2A2#0000D4310000040B
(1790952591.354278) can0 2A3#0002B209FFFD6E4A
(1790952591.354403) can0 2A4#0001132AFFFD7689
(1790952591.354526) can0 2A5#000007BF000007CA
(1790952591.354652) can0 2A6#00000000FFFFFA7E
(1790952591.354752) can0 2A7#00005689FFFFF5D5
(1790952591.359035) can0 2A1#0100010000000000
(1790952591.359151) can0 2A2#0000D4310000040B
(1790952591.359254) can0 2A3#0002B209FFFD6E4A
(1790952591.359403) can0 2A4#0001132AFFFD7689
(1790952591.359528) can0 2A5#000007BF000007CA
(1790952591.359627) can0 2A6#00000000FFFFFA7E
(1790952591.359751) can0 2A7#00005689FFFFF5D5
(1790952591.364039) can0 2A1#0100010000000000
(1790952591.364151) can0 2A2#0000D4310000040B
(1790952591.364279) can0 2A3#0002B209FFFD6E4A
(1790952591.364404) can0 2A4#0001132AFFFD7689
(1790952591.364528) can0 2A5#000007BF000007CA
(1790952591.364651) can0 2A6#00000000FFFFFA7E
(1790952591.364751) can0 2A7#00005689FFFFF5D5
(1790952591.369027) can0 2A1#0100010000000000
(1790952591.369154) can0 2A2#0000D4310000040B
(1790952591.369251) can0 2A3#0002B209FFFD6E4A
(1790952591.369379) can0 2A4#0001132AFFFD7689
(1790952591.369529) can0 2A5#000007BF000007CA
(1790952591.369626) can0 2A6#00000000FFFFFA7E
(1790952591.369751) can0 2A7#00005689FFFFF5D5
(1790952591.374045) can0 2A1#0100010000000000
(1790952591.374153) can0 2A2#0000D4310000040B
(1790952591.374277) can0 2A3#0002B209FFFD6E4A
(1790952591.374404) can0 2A4#0001132AFFFD7689
(1790952591.374527) can0 2A5#000007BF000007CA
(1790952591.374651) can0 2A6#00000000FFFFFA7E
(1790952591.374754) can0 2A7#00005689FFFFF5D5
(1790952591.379028) can0 2A1#0100010000000000
(1790952591.379153) can0 2A2#0000D4310000040B
(1790952591.379278) can0 2A3#0002B209FFFD6E4A
(1790952591.379377) can0 2A4#0001132AFFFD7689
(1790952591.379526) can0 2A5#000007BF000007CA
(1790952591.379626) can0 2A6#00000000FFFFFA7E
(1790952591.379752) can0 2A7#00005689FFFFF5D5
(1790952591.384060) can0 2A1#0100010000000000
(1790952591.384175) can0 2A2#0000D4310000040B
(1790952591.384278) can0 2A3#0002B209FFFD6E4A
(1790952591.384402) can0 2A4#0001132AFFFD7689
(1790952591.384526) can0 2A5#000007BF000007CA
(1790952591.384627) can0 2A6#00000000FFFFFA7E
(1790952591.384752) can0 2A7#00005689FFFFF5D5
(1790952591.389036) can0 2A1#0100010000000000
(1790952591.389152) can0 2A2#0000D4310000040B
(1790952591.389276) can0 2A3#0002B209FFFD6E4A
(1790952591.389376) can0 2A4#0001132AFFFD7689
(1790952591.389528) can0 2A5#000007BF000007CA
(1790952591.389626) can0 2A6#00000000FFFFFA7E
(1790952591.389753) can0 2A7#00005689FFFFF5D5
(1790952591.394054) can0 2A1#0100010000000000
(1790952591.394175) can0 2A2#0000D4310000040B
(1790952591.394277) can0 2A3#0002B209FFFD6E4A
(1790952591.394402) can0 2A4#0001132AFFFD7689
(1790952591.394549) can0 2A5#000007BF000007CA
(1790952591.394626) can0 2A6#00000000FFFFFA7E
(1790952591.394753) can0 2A7#00005689FFFFF5D5
(1790952591.399028) can0 2A1#0100010000000000
(1790952591.399150) can0 2A2#0000D4310000040B
(1790952591.399252) can0 2A3#0002B209FFFD6E4A
(1790952591.399377) can0 2A4#0001132AFFFD7689
(1790952591.399527) can0 2A5#000007BF000007CA
(1790952591.399626) can0 2A6#00000000FFFFFA7E
(1790952591.399752) can0 2A7#00005689FFFFF5D5
(1790952591.404040) can0 2A1#0100010000000000
(1790952591.404151) can0 2A2#0000D4310000040B
(1790952591.404277) can0 2A3#0002B209FFFD6E4A
(1790952591.404402) can0 2A4#0001132AFFFD7689
(1790952591.404527) can0 2A5#000007BF000007CA
(1790952591.404652) can0 2A6#00000000FFFFFA7E
(1790952591.404753) can0 2A7#00005689FFFFF5D5
(1790952591.409033) can0 2A1#0100010000000000
(1790952591.409150) can0 2A2#0000D4310000040B
(1790952591.409276) can0 2A3#0002B209FFFD6E4A
(1790952591.409376) can0 2A4#0001132AFFFD7689
(1790952591.409528) can0 2A5#000007BF000007CA
(1790952591.409625) can0 2A6#00000000FFFFFA7E
(1790952591.409752) can0 2A7#00005689FFFFF5D5
(1790952591.414071) can0 2A1#0100010000000000
(1790952591.414175) can0 2A2#0000D4310000040B
(1790952591.414277) can0 2A3#0002B209FFFD6E4A
(1790952591.414401) can0 2A4#0001132AFFFD7689
(1790952591.414527) can0 2A5#000007BF000007CA
(1790952591.414627) can0 2A6#00000000FFFFFA7E
(1790952591.414752) can0 2A7#00005689FFFFF5D5
(1790952591.419028) can0 2A1#0100010000000000
(1790952591.419149) can0 2A2#0000D4310000040B
(1790952591.419277) can0 2A3#0002B209FFFD6E4A
(1790952591.419402) can0 2A4#0001132AFFFD7689
(1790952591.419526) can0 2A5#000007BF000007CA
(1790952591.419627) can0 2A6#00000000FFFFFA7E
(1790952591.419752) can0 2A7#00005689FFFFF5D5
(1790952591.424039) can0 2A1#0100010000000000
(1790952591.424150) can0 2A2#0000D4310000040B
(1790952591.424279) can0 2A3#0002B209FFFD6E4A
(1790952591.424404) can0 2A4#0001132AFFFD7689
(1790952591.424528) can0 2A5#000007BF000007CA
(1790952591.424653) can0 2A6#00000000FFFFFA7E
(1790952591.424751) can0 2A7#00005689FFFFF5D5
(1790952591.429031) can0 2A1#0100010000000000
(1790952591.429154) can0 2A2#0000D4310000040B
(1790952591.429278) can0 2A3#0002B209FFFD6E4A
(1790952591.429376) can0 2A4#0001132AFFFD7689
(1790952591.429525) can0 2A5#000007BF000007CA
(1790952591.429625) can0 2A6#00000000FFFFFA7E
(1790952591.429751) can0 2A7#00005689FFFFF5D5
(1790952591.434061) can0 2A1#0100010000000000
(1790952591.434175) can0 2A2#0000D4310000040B
(1790952591.434277) can0 2A3#0002B209FFFD6E4A
(1790952591.434402) can0 2A4#0001132AFFFD7689
(1790952591.434526) can0 2A5#000007BF000007CA
(1790952591.434652) can0 2A6#00000000FFFFFA7E
(1790952591.434751) can0 2A7#00005689FFFFF5D5
(1790952591.439025) can0 2A1#0100010000000000
(1790952591.439151) can0 2A2#0000D4310000040B
(1790952591.439277) can0 2A3#0002B209FFFD6E4A
(1790952591.439376) can0 2A4#0001132AFFFD7689
(1790952591.439526) can0 2A5#000007BF000007CA
(1790952591.439627) can0 2A6#00000000FFFFFA7E
(1790952591.439752) can0 2A7#00005689FFFFF5D5
(1790952591.444035) can0 2A1#0100010000000000
(1790952591.444150) can0 2A2#0000D4310000040B
(1790952591.444277) can0 2A3#0002B209FFFD6E4A
(1790952591.444401) can0 2A4#0001132AFFFD7689
(1790952591.444526) can0 2A5#000007BF000007CA
(1790952591.444652) can0 2A6#00000000FFFFFA7E
(1790952591.444752) can0 2A7#00005689FFFFF5D5
(1790952591.449029) can0 2A1#0100010000000000
(1790952591.449149) can0 2A2#0000D4310000040B
(1790952591.449276) can0 2A3#0002B209FFFD6E4A
(1790952591.449375) can0 2A4#0001132AFFFD7689
(1790952591.449525) can0 2A5#000007BF000007CA
(1790952591.449627) can0 2A6#00000000FFFFFA7E
(1790952591.449750) can0 2A7#00005689FFFFF5D5
(1790952591.454055) can0 2A1#0100010000000000
(1790952591.454152) can0 2A2#0000D4310000040B
(1790952591.454276) can0 2A3#0002B209FFFD6E4A
(1790952591.454401) can0 2A4#0001132AFFFD7689
(1790952591.454526) can0 2A5#000007BF000007CA
(1790952591.454652) can0 2A6#00000000FFFFFA7E
(1790952591.454776) can0 2A7#00005689FFFFF5D5
(1790952591.459029) can0 2A1#0100010000000000
(1790952591.459150) can0 2A2#0000D4310000040B
(1790952591.459276) can0 2A3#0002B209FFFD6E4A
(1790952591.459376) can0 2A4#0001132AFFFD7689
(1790952591.459526) can0 2A5#000007BF000007CA
(1790952591.459624) can0 2A6#00000000FFFFFA7E
(1790952591.459751) can0 2A7#00005689FFFFF5D5
(1790952591.464030) can0 2A1#0100010000000000
(1790952591.464149) can0 2A2#0000D4310000040B
(1790952591.464276) can0 2A3#0002B209FFFD6E4A
(1790952591.464401) can0 2A4#0001132AFFFD7689
(1790952591.464526) can0 2A5#000007BF000007CA
(1790952591.464624) can0 2A6#00000000FFFFFA7E
(1790952591.464751) can0 2A7#00005689FFFFF5D5
(1790952591.469030) can0 2A1#0100010000000000
(1790952591.469154) can0 2A2#0000D4310000040B
(1790952591.469277) can0 2A3#0002B209FFFD6E4A
(1790952591.469376) can0 2A4#0001132AFFFD7689
(1790952591.469525) can0 2A5#000007BF000007CA
(1790952591.469626) can0 2A6#00000000FFFFFA7E
(1790952591.469751) can0 2A7#00005689FFFFF5D5
(1790952591.474057) can0 2A1#0100010000000000
(1790952591.474149) can0 2A2#0000D4310000040B
(1790952591.474276) can0 2A3#0002B209FFFD6E4A
(1790952591.474401) can0 2A4#0001132AFFFD7689
(1790952591.474526) can0 2A5#000007BF000007CA
(1790952591.474651) can0 2A6#00000000FFFFFA7E
(1790952591.474751) can0 2A7#00005689FFFFF5D5
(1790952591.479037) can0 2A1#0100010000000000
(1790952591.479149) can0 2A2#0000D4310000040B
(1790952591.479276) can0 2A3#0002B209FFFD6E4A
(1790952591.479376) can0 2A4#0001132AFFFD7689
(1790952591.479525) can0 2A5#000007BF000007CA
(1790952591.479626) can0 2A6#00000000FFFFFA7E
(1790952591.479751) can0 2A7#00005689FFFFF5D5
(1790952591.484035) can0 2A1#0100010000000000
(1790952591.484175) can0 2A2#0000D4310000040B
(1790952591.484276) can0 2A3#0002B209FFFD6E4A
(1790952591.484401) can0 2A4#0001132AFFFD7689
(1790952591.484524) can0 2A5#000007BF000007CA
(1790952591.484651) can0 2A6#00000000FFFFFA7E
(1790952591.484751) can0 2A7#00005689FFFFF5D5
(1790952591.489029) can0 2A1#0100010000000000
(1790952591.489149) can0 2A2#0000D4310000040B
(1790952591.489276) can0 2A3#0002B209FFFD6E4A
(1790952591.489401) can0 2A4#0001132AFFFD7689
(1790952591.489526) can0 2A5#000007BF000007CA
(1790952591.489626) can0 2A6#00000000FFFFFA7E
(1790952591.489751) can0 2A7#00005689FFFFF5D5
(1790952591.494035) can0 2A1#0100010000000000
(1790952591.494156) can0 2A2#0000D4310000040B
(1790952591.494276) can0 2A3#0002B209FFFD6E4A
(1790952591.494399) can0 2A4#0001132AFFFD7689
(1790952591.494524) can0 2A5#000007BF000007CA
(1790952591.494651) can0 2A6#00000000FFFFFA7E
(1790952591.494749) can0 2A7#00005689FFFFF5D5
(1790952591.499030) can0 2A1#0100010000000000
(1790952591.499149) can0 2A2#0000D4310000040B
(1790952591.499276) can0 2A3#0002B209FFFD6E4A
(1790952591.499399) can0 2A4#0001132AFFFD7689
(1790952591.499523) can0 2A5#000007BF000007CA
(1790952591.499626) can0 2A6#00000000FFFFFA7E
(1790952591.499751) can0 2A7#00005689FFFFF5D5
(1790952591.504034) can0 2A1#0100010000000000
(1790952591.504150) can0 2A2#0000D4310000040B
(1790952591.504276) can0 2A3#0002B209FFFD6E4A
(1790952591.504401) can0 2A4#0001132AFFFD7689
(1790952591.504525) can0 2A5#000007BF000007CA
(1790952591.504650) can0 2A6#00000000FFFFFA7E
(1790952591.504749) can0 2A7#00005689FFFFF5D5
(1790952591.509030) can0 2A1#0100010000000000
(1790952591.509149) can0 2A2#0000D4310000040B
(1790952591.509276) can0 2A3#0002B209FFFD6E4A
(1790952591.509401) can0 2A4#0001132AFFFD7689
(1790952591.509525) can0 2A5#000007BF000007CA
(1790952591.509626) can0 2A6#00000000FFFFFA7E
(1790952591.509749) can0 2A7#00005689FFFFF5D5
(1790952591.514029) can0 2A1#0100010000000000
(1790952591.514151) can0 2A2#0000D4310000040B
(1790952591.514276) can0 2A3#0002B209FFFD6E4A
(1790952591.514399) can0 2A4#0001132AFFFD7689
(1790952591.514525) can0 2A5#000007BF000007CA
(1790952591.514626) can0 2A6#00000000FFFFFA7E
(1790952591.514749) can0 2A7#00005689FFFFF5D5
(1790952591.519036) can0 2A1#0100010000000000
(1790952591.519150) can0 2A2#0000D4310000040B
(1790952591.519274) can0 2A3#0002B209FFFD6E4A
(1790952591.519399) can0 2A4#0001132AFFFD7689
(1790952591.519525) can0 2A5#000007BF000007CA
(1790952591.519625) can0 2A6#00000000FFFFFA7E
(1790952591.519750) can0 2A7#00005689FFFFF5D5
(1790952591.524030) can0 2A1#0100010000000000
(1790952591.524149) can0 2A2#0000D4310000040B
(1790952591.524275) can0 2A3#0002B209FFFD6E4A
(1790952591.524401) can0 2A4#0001132AFFFD7689
(1790952591.524536) can0 2A5#000007BF000007CA
(1790952591.524651) can0 2A6#00000000FFFFFA7E
(1790952591.524750) can0 2A7#00005689FFFFF5D5
(1790952591.529031) can0 2A1#0100010000000000
(1790952591.529154) can0 2A2#0000D4310000040B
(1790952591.529274) can0 2A3#0002B209FFFD6E4A
(1790952591.529400) can0 2A4#0001132AFFFD7689
(1790952591.529524) can0 2A5#000007BF000007CA
(1790952591.529624) can0 2A6#00000000FFFFFA7E
(1790952591.529749) can0 2A7#00005689FFFFF5D5
(1790952591.534028) can0 2A1#0100010000000000
(1790952591.534149) can0 2A2#0000D4310000040B
(1790952591.534274) can0 2A3#0002B209FFFD6E4A
(1790952591.534399) can0 2A4#0001132AFFFD7689
(1790952591.534524) can0 2A5#000007BF000007CA
(1790952591.534651) can0 2A6#00000000FFFFFA7E
(1790952591.534749) can0 2A7#00005689FFFFF5D5
(1790952591.539029) can0 2A1#0100010000000000
(1790952591.539149) can0 2A2#0000D4310000040B
(1790952591.539274) can0 2A3#0002B209FFFD6E4A
(1790952591.539374) can0 2A4#0001132AFFFD7689
(1790952591.539524) can0 2A5#000007BF000007CA
(1790952591.539624) can0 2A6#00000000FFFFFA7E
(1790952591.539749) can0 2A7#00005689FFFFF5D5
(1790952591.544058) can0 2A1#0100010000000000
(1790952591.544154) can0 2A2#0000D4310000040B
(1790952591.544274) can0 2A3#0002B209FFFD6E4A
(1790952591.544401) can0 2A4#0001132AFFFD7689
(1790952591.544526) can0 2A5#000007BF000007CA
(1790952591.544649) can0 2A6#00000000FFFFFA7E
(1790952591.544774) can0 2A7#00005689FFFFF5D5
(1790952591.549029) can0 2A1#0100010000000000
(1790952591.549149) can0 2A2#0000D4310000040B
(1790952591.549274) can0 2A3#0002B209FFFD6E4A
(1790952591.549374) can0 2A4#0001132AFFFD7689
(1790952591.549524) can0 2A5#000007BF000007CA
(1790952591.549624) can0 2A6#00000000FFFFFA7E
(1790952591.549754) can0 2A7#00005689FFFFF5D5
(1790952591.554051) can0 2A1#0100010000000000
(1790952591.554152) can0 2A2#0000D4310000040B
(1790952591.554274) can0 2A3#0002B209FFFD6E4A
(1790952591.554399) can0 2A4#0001132AFFFD7689
(1790952591.554524) can0 2A5#000007BF000007CA
(1790952591.554649) can0 2A6#00000000FFFFFA7E
(1790952591.554749) can0 2A7#00005689FFFFF5D5
(1790952591.559029) can0 2A1#0100010000000000
(1790952591.559149) can0 2A2#0000D4310000040B
(1790952591.559251) can0 2A3#0002B209FFFD6E4A
(1790952591.559374) can0 2A4#0001132AFFFD7689
(1790952591.559523) can0 2A5#000007BF000007CA
(1790952591.559628) can0 2A6#00000000FFFFFA7E
(1790952591.559754) can0 2A7#00005689FFFFF5D5
(1790952591.564029) can0 2A1#0100010000000000
(1790952591.564149) can0 2A2#0000D4310000040B
(1790952591.564274) can0 2A3#0002B209FFFD6E4A
(1790952591.564399) can0 2A4#0001132AFFFD7689
(1790952591.564524) can0 2A5#000007BF000007CA
(1790952591.564650) can0 2A6#00000000FFFFFA7E
(1790952591.564749) can0 2A7#00005689FFFFF5D5
(1790952591.569028) can0 2A1#0100010000000000
(1790952591.569150) can0 2A2#0000D4310000040B
(1790952591.569275) can0 2A3#0002B209FFFD6E4A
(1790952591.569374) can0 2A4#0001132AFFFD7689
(1790952591.569524) can0 2A5#000007BF000007CA
(1790952591.569625) can0 2A6#00000000FFFFFA7E
(1790952591.569750) can0 2A7#00005689FFFFF5D5
(1790952591.574032) can0 2A1#0100010000000000
(1790952591.574149) can0 2A2#0000D4310000040B
(1790952591.574275) can0 2A3#0002B209FFFD6E4A
(1790952591.574400) can0 2A4#0001132AFFFD7689
(1790952591.574524) can0 2A5#000007BF000007CA
(1790952591.574649) can0 2A6#00000000FFFFFA7E
(1790952591.574750) can0 2A7#00005689FFFFF5D5
(1790952591.579035) can0 2A1#0100010000000000
(1790952591.579149) can0 2A2#0000D4310000040B
(1790952591.579274) can0 2A3#0002B209FFFD6E4A
(1790952591.579399) can0 2A4#0001132AFFFD7689
(1790952591.579524) can0 2A5#000007BF000007CA
(1790952591.579624) can0 2A6#00000000FFFFFA7E
(1790952591.579749) can0 2A7#00005689FFFFF5D5
(1790952591.584030) can0 2A1#0100010000000000
(1790952591.584149) can0 2A2#0000D4310000040B
(1790952591.584274) can0 2A3#0002B209FFFD6E4A
(1790952591.584399) can0 2A4#0001132AFFFD7689
(1790952591.584524) can0 2A5#000007BF000007CA
(1790952591.584650) can0 2A6#00000000FFFFFA7E
(1790952591.584749) can0 2A7#00005689FFFFF5D5
(1790952591.589033) can0 2A1#0100010000000000
(1790952591.589150) can0 2A2#0000D4310000040B
(1790952591.589277) can0 2A3#0002B209FFFD6E4A
(1790952591.589377) can0 2A4#0001132AFFFD7689
(1790952591.589527) can0 2A5#000007BF000007CA
(1790952591.589625) can0 2A6#00000000FFFFFA7E
(1790952591.589752) can0 2A7#00005689FFFFF5D5
(1790952591.594026) can0 2A1#0100010000000000
(1790952591.594150) can0 2A2#0000D4310000040B
(1790952591.594275) can0 2A3#0002B209FFFD6E4A
(1790952591.594399) can0 2A4#0001132AFFFD7689
(1790952591.594546) can0 2A5#000007BF000007CA
(1790952591.594652) can0 2A6#00000000FFFFFA7E
(1790952591.594752) can0 2A7#00005689FFFFF5D5
(1790952591.599031) can0 2A1#0100010000000000
(1790952591.599150) can0 2A2#0000D4310000040B
(1790952591.599278) can0 2A3#0002B209FFFD6E4A
(1790952591.599377) can0 2A4#0001132AFFFD7689
(1790952591.599527) can0 2A5#000007BF000007CA
(1790952591.599627) can0 2A6#00000000FFFFFA7E
(1790952591.599752) can0 2A7#00005689FFFFF5D5
(1790952591.604058) can0 2A1#0100010000000000
(1790952591.604150) can0 2A2#0000D4310000040B
(1790952591.604277) can0 2A3#0002B209FFFD6E4A
(1790952591.604402) can0 2A4#0001132AFFFD7689
(1790952591.604526) can0 2A5#000007BF000007CA
(1790952591.604649) can0 2A6#00000000FFFFFA7E
(1790952591.604752) can0 2A7#00005689FFFFF5D5
(1790952591.609026) can0 2A1#0100010000000000
(1790952591.609150) can0 2A2#0000D4310000040B
(1790952591.609277) can0 2A3#0002B209FFFD6E4A
(1790952591.609377) can0 2A4#0001132AFFFD7689
(1790952591.609527) can0 2A5#000007BF000007CA
(1790952591.609625) can0 2A6#00000000FFFFFA7E
(1790952591.609752) can0 2A7#00005689FFFFF5D5
(1790952591.614056) can0 2A1#0100010000000000
(1790952591.614152) can0 2A2#0000D4310000040B
(1790952591.614277) can0 2A3#0002B209FFFD6E4A
(1790952591.614401) can0 2A4#0001132AFFFD7689
(1790952591.614524) can0 2A5#000007BF000007CA
(1790952591.614652) can0 2A6#00000000FFFFFA7E
(1790952591.614776) can0 2A7#00005689FFFFF5D5
(1790952591.619032) can0 2A1#0100010000000000
(1790952591.619149) can0 2A2#0000D4310000040B
(1790952591.619277) can0 2A3#0002B209FFFD6E4A
(1790952591.619375) can0 2A4#0001132AFFFD7689
(1790952591.619528) can0 2A5#000007BF000007CA
(1790952591.619625) can0 2A6#00000000FFFFFA7E
(1790952591.619751) can0 2A7#00005689FFFFF5D5
(1790952591.624031) can0 2A1#0100010000000000
(1790952591.624186) can0 2A2#0000D4310000040B
(1790952591.624278) can0 2A3#0002B209FFFD6E4A
(1790952591.624402) can0 2A4#0001132AFFFD7689
(1790952591.624525) can0 2A5#000007BF000007CA
(1790952591.624652) can0 2A6#00000000FFFFFA7E
(1790952591.624752) can0 2A7#00005689FFFFF5D5
(1790952591.629041) can0 2A1#0100010000000000
(1790952591.629152) can0 2A2#0000D4310000040B
(1790952591.629275) can0 2A3#0002B209FFFD6E4A
(1790952591.629376) can0 2A4#0001132AFFFD7689
(1790952591.629526) can0 2A5#000007BF000007CA
(1790952591.629625) can0 2A6#00000000FFFFFA7E
(1790952591.629751) can0 2A7#00005689FFFFF5D5
(1790952591.634043) can0 2A1#0100010000000000
(1790952591.634175) can0 2A2#0000D4310000040B
(1790952591.634276) can0 2A3#0002B209FFFD6E4A
(1790952591.634401) can0 2A4#0001132AFFFD7689
(1790952591.634526) can0 2A5#000007BF000007CA
(1790952591.634651) can0 2A6#00000000FFFFFA7E
(1790952591.634752) can0 2A7#00005689FFFFF5D5
(1790952591.639028) can0 2A1#0100010000000000
(1790952591.639150) can0 2A2#0000D4310000040B
(1790952591.639278) can0 2A3#0002B209FFFD6E4A
(1790952591.639379) can0 2A4#0001132AFFFD7689
(1790952591.639527) can0 2A5#000007BF000007CA
(1790952591.639625) can0 2A6#00000000FFFFFA7E
(1790952591.639751) can0 2A7#00005689FFFFF5D5
(1790952591.644034) can0 2A1#0100010000000000
(1790952591.644150) can0 2A2#0000D4310000040B
(1790952591.644277) can0 2A3#0002B209FFFD6E4A
(1790952591.644402) can0 2A4#0001132AFFFD7689
(1790952591.644526) can0 2A5#000007BF000007CA
(1790952591.644650) can0 2A6#00000000FFFFFA7E
(1790952591.644752) can0 2A7#00005689FFFFF5D5
(1790952591.649028) can0 2A1#0100010000000000
(1790952591.649149) can0 2A2#0000D4310000040B
(1790952591.649276) can0 2A3#0002B209FFFD6E4A
(1790952591.649401) can0 2A4#0001132AFFFD7689
(1790952591.649526) can0 2A5#000007BF000007CA
(1790952591.649626) can0 2A6#00000000FFFFFA7E
(1790952591.649751) can0 2A7#00005689FFFFF5D5
(1790952591.654039) can0 2A1#0100010000000000
(1790952591.654151) can0 2A2#0000D4310000040B
(1790952591.654277) can0 2A3#0002B209FFFD6E4A
(1790952591.654402) can0 2A4#0001132AFFFD7689
(1790952591.654526) can0 2A5#000007BF000007CA
(1790952591.654627) can0 2A6#00000000FFFFFA7E
(1790952591.654752) can0 2A7#00005689FFFFF5D5
(1790952591.659032) can0 2A1#0100010000000000
(1790952591.659150) can0 2A2#0000D4310000040B
(1790952591.659277) can0 2A3#0002B209FFFD6E4A
(1790952591.659375) can0 2A4#0001132AFFFD7689
(1790952591.659526) can0 2A5#000007BF000007CA
(1790952591.659626) can0 2A6#00000000FFFFFA7E
(1790952591.659752) can0 2A7#00005689FFFFF5D5
(1790952591.664064) can0 2A1#0100010000000000
(1790952591.664182) can0 2A2#0000D4310000040B
(1790952591.664277) can0 2A3#0002B209FFFD6E4A
(1790952591.664402) can0 2A4#0001132AFFFD7689
(1790952591.664524) can0 2A5#000007BF000007CA
(1790952591.664627) can0 2A6#00000000FFFFFA7E
(1790952591.664751) can0 2A7#00005689FFFFF5D5
(1790952591.669036) can0 2A1#0100010000000000
(1790952591.669153) can0 2A2#0000D4310000040B
(1790952591.669276) can0 2A3#0002B209FFFD6E4A
(1790952591.669410) can0 2A4#0001132AFFFD7689
(1790952591.669527) can0 2A5#000007BF000007CA
(1790952591.669626) can0 2A6#00000000FFFFFA7E
(1790952591.669752) can0 2A7#00005689FFFFF5D5
(1790952591.674034) can0 2A1#0100010000000000
(1790952591.674151) can0 2A2#0000D4310000040B
(1790952591.674276) can0 2A3#0002B209FFFD6E4A
(1790952591.674401) can0 2A4#0001132AFFFD7689
(1790952591.674526) can0 2A5#000007BF000007CA
(1790952591.674656) can0 2A6#00000000FFFFFA7E
(1790952591.674751) can0 2A7#00005689FFFFF5D5
(1790952591.679030) can0 2A1#0100010000000000
(1790952591.679149) can0 2A2#0000D4310000040B
(1790952591.679276) can0 2A3#0002B209FFFD6E4A
(1790952591.679376) can0 2A4#0001132AFFFD7689
(1790952591.679526) can0 2A5#000007BF000007CA
(1790952591.679627) can0 2A6#00000000FFFFFA7E
(1790952591.679752) can0 2A7#00005689FFFFF5D5
(1790952591.684058) can0 2A1#0100010000000000
(1790952591.684174) can0 2A2#0000D4310000040B
(1790952591.684275) can0 2A3#0002B209FFFD6E4A
(1790952591.684401) can0 2A4#0001132AFFFD7689
(1790952591.684525) can0 2A5#000007BF000007CA
(1790952591.684625) can0 2A6#00000000FFFFFA7E
(1790952591.684751) can0 2A7#00005689FFFFF5D5
(1790952591.689034) can0 2A1#0100010000000000
(1790952591.689151) can0 2A2#0000D4310000040B
(1790952591.689275) can0 2A3#0002B209FFFD6E4A
(1790952591.689401) can0 2A4#0001132AFFFD7689
(1790952591.689525) can0 2A5#000007BF000007CA
(1790952591.689625) can0 2A6#00000000FFFFFA7E
(1790952591.689750) can0 2A7#00005689FFFFF5D5
(1790952591.694029) can0 2A1#0100010000000000
(1790952591.694148) can0 2A2#0000D4310000040B
(1790952591.694275) can0 2A3#0002B209FFFD6E4A
(1790952591.694401) can0 2A4#0001132AFFFD7689
(1790952591.694524) can0 2A5#000007BF000007CA
(1790952591.694626) can0 2A6#00000000FFFFFA7E
(1790952591.694751) can0 2A7#00005689FFFFF5D5
(1790952591.699031) can0 2A1#0100010000000000
(1790952591.699149) can0 2A2#0000D4310000040B
(1790952591.699276) can0 2A3#0002B209FFFD6E4A
(1790952591.699400) can0 2A4#0001132AFFFD7689
(1790952591.699524) can0 2A5#000007BF000007CA
(1790952591.699625) can0 2A6#00000000FFFFFA7E
(1790952591.699749) can0 2A7#00005689FFFFF5D5
(1790952591.704031) can0 2A1#0100010000000000
(1790952591.704149) can0 2A2#0000D4310000040B
(1790952591.704275) can0 2A3#0002B209FFFD6E4A
(1790952591.704401) can0 2A4#0001132AFFFD7689
(1790952591.704525) can0 2A5#000007BF000007CA
(1790952591.704649) can0 2A6#00000000FFFFFA7E
(1790952591.704750) can0 2A7#00005689FFFFF5D5
(1790952591.709029) can0 2A1#0100010000000000
(1790952591.709148) can0 2A2#0000D4310000040B
(1790952591.709275) can0 2A3#0002B209FFFD6E4A
(1790952591.709401) can0 2A4#0001132AFFFD7689
(1790952591.709525) can0 2A5#000007BF000007CA
(1790952591.709625) can0 2A6#00000000FFFFFA7E
(1790952591.709751) can0 2A7#00005689FFFFF5D5
(1790952591.714031) can0 2A1#0100010000000000
(1790952591.714153) can0 2A2#0000D4310000040B
(1790952591.714276) can0 2A3#0002B209FFFD6E4A
(1790952591.714401) can0 2A4#0001132AFFFD7689
(1790952591.714528) can0 2A5#000007BF000007CA
(1790952591.714649) can0 2A6#00000000FFFFFA7E
(1790952591.714749) can0 2A7#00005689FFFFF5D5
(1790952591.719029) can0 2A1#0100010000000000
(1790952591.719149) can0 2A2#0000D4310000040B
(1790952591.719275) can0 2A3#0002B209FFFD6E4A
(1790952591.719376) can0 2A4#0001132AFFFD7689
(1790952591.719525) can0 2A5#000007BF000007CA
(1790952591.719626) can0 2A6#00000000FFFFFA7E
(1790952591.719751) can0 2A7#00005689FFFFF5D5
(1790952591.724069) can0 2A1#0100010000000000
(1790952591.724152) can0 2A2#0000D4310000040B
(1790952591.724276) can0 2A3#0002B209FFFD6E4A
(1790952591.724401) can0 2A4#0001132AFFFD7689
(1790952591.724524) can0 2A5#000007BF000007CA
(1790952591.724651) can0 2A6#00000000FFFFFA7E
(1790952591.724776) can0 2A7#00005689FFFFF5D5
(1790952591.729029) can0 2A1#0100010000000000
(1790952591.729151) can0 2A2#0000D4310000040B
(1790952591.729275) can0 2A3#0002B209FFFD6E4A
(1790952591.729375) can0 2A4#0001132AFFFD7689
(1790952591.729525) can0 2A5#000007BF000007CA
(1790952591.729625) can0 2A6#00000000FFFFFA7E
(1790952591.729750) can0 2A7#00005689FFFFF5D5
(1790952591.734029) can0 2A1#0100010000000000
(1790952591.734149) can0 2A2#0000D4310000040B
(1790952591.734276) can0 2A3#0002B209FFFD6E4A
(1790952591.734401) can0 2A4#0001132AFFFD7689
(1790952591.734525) can0 2A5#000007BF000007CA
(1790952591.734650) can0 2A6#00000000FFFFFA7E
(1790952591.734749) can0 2A7#00005689FFFFF5D5
(1790952591.739032) can0 2A1#0100010000000000
(1790952591.739154) can0 2A2#0000D4310000040B
(1790952591.739277) can0 2A3#0002B209FFFD6E4A
(1790952591.739401) can0 2A4#0001132AFFFD7689
(1790952591.739525) can0 2A5#000007BF000007CA
(1790952591.739625) can0 2A6#00000000FFFFFA7E
(1790952591.739750) can0 2A7#00005689FFFFF5D5
(1790952591.744061) can0 2A1#0100010000000000
(1790952591.744173) can0 2A2#0000D4310000040B
(1790952591.744301) can0 2A3#0002B209FFFD6E4A
(1790952591.744400) can0 2A4#0001132AFFFD7689
(1790952591.744525) can0 2A5#000007BF000007CA
(1790952591.744650) can0 2A6#00000000FFFFFA7E
(1790952591.744750) can0 2A7#00005689FFFFF5D5
(1790952591.749031) can0 2A1#0100010000000000
(1790952591.749148) can0 2A2#0000D4310000040B
(1790952591.749275) can0 2A3#0002B209FFFD6E4A
(1790952591.749375) can0 2A4#0001132AFFFD7689
(1790952591.749525) can0 2A5#000007BF000007CA
(1790952591.749625) can0 2A6#00000000FFFFFA7E
(1790952591.749750) can0 2A7#00005689FFFFF5D5
(1790952591.754058) can0 2A1#0100010000000000
(1790952591.754149) can0 2A2#0000D4310000040B
(1790952591.754275) can0 2A3#0002B209FFFD6E4A
(1790952591.754400) can0 2A4#0001132AFFFD7689
(1790952591.754524) can0 2A5#000007BF000007CA
(1790952591.754651) can0 2A6#00000000FFFFFA7E
(1790952591.754777) can0 2A7#00005689FFFFF5D5
(1790952591.759030) can0 2A1#0100010000000000
(1790952591.759151) can0 2A2#0000D4310000040B
(1790952591.759275) can0 2A3#0002B209FFFD6E4A
(1790952591.759400) can0 2A4#0001132AFFFD7689
(1790952591.759525) can0 2A5#000007BF000007CA
(1790952591.759626) can0 2A6#00000000FFFFFA7E
(1790952591.759750) can0 2A7#00005689FFFFF5D5
(1790952591.764034) can0 2A1#0100010000000000
(1790952591.764178) can0 2A2#0000D4310000040B
(1790952591.764276) can0 2A3#0002B209FFFD6E4A
(1790952591.764401) can0 2A4#0001132AFFFD7689
(1790952591.764523) can0 2A5#000007BF000007CA
(1790952591.764651) can0 2A6#00000000FFFFFA7E
(1790952591.764749) can0 2A7#00005689FFFFF5D5
(1790952591.769028) can0 2A1#0100010000000000
(1790952591.769150) can0 2A2#0000D4310000040B
(1790952591.769275) can0 2A3#0002B209FFFD6E4A
(1790952591.769374) can0 2A4#0001132AFFFD7689
(1790952591.769525) can0 2A5#000007BF000007CA
(1790952591.769626) can0 2A6#00000000FFFFFA7E
(1790952591.769749) can0 2A7#00005689FFFFF5D5
(1790952591.774054) can0 2A1#0100010000000000
(1790952591.774151) can0 2A2#0000D4310000040B
(1790952591.774275) can0 2A3#0002B209FFFD6E4A
(1790952591.774400) can0 2A4#0001132AFFFD7689
(1790952591.774526) can0 2A5#000007BF000007CA
(1790952591.774650) can0 2A6#00000000FFFFFA7E
(1790952591.774774) can0 2A7#00005689FFFFF5D5
(1790952591.779031) can0 2A1#0100010000000000
(1790952591.779151) can0 2A2#0000D4310000040B
(1790952591.779251) can0 2A3#0002B209FFFD6E4A
(1790952591.779375) can0 2A4#0001132AFFFD7689
(1790952591.779525) can0 2A5#000007BF000007CA
(1790952591.779626) can0 2A6#00000000FFFFFA7E
(1790952591.779750) can0 2A7#00005689FFFFF5D5
(1790952591.784051) can0 2A1#0100010000000000
(1790952591.784150) can0 2A2#0000D4310000040B
(1790952591.784275) can0 2A3#0002B209FFFD6E4A
(1790952591.784400) can0 2A4#0001132AFFFD7689
(1790952591.784525) can0 2A5#000007BF000007CA
(1790952591.784650) can0 2A6#00000000FFFFFA7E
(1790952591.784750) can0 2A7#00005689FFFFF5D5
(1790952591.789030) can0 2A1#0100010000000000
(1790952591.789154) can0 2A2#0000D4310000040B
(1790952591.789277) can0 2A3#0002B209FFFD6E4A
(1790952591.789399) can0 2A4#0001132AFFFD7689
(1790952591.789524) can0 2A5#000007BF000007CA
(1790952591.789624) can0 2A6#00000000FFFFFA7E
(1790952591.789750) can0 2A7#00005689FFFFF5D5
(1790952591.794052) can0 2A1#0100010000000000
(1790952591.794174) can0 2A2#0000D4310000040B
(1790952591.794274) can0 2A3#0002B209FFFD6E4A
(1790952591.794399) can0 2A4#0001132AFFFD7689
(1790952591.794524) can0 2A5#000007BF000007CA
(1790952591.794624) can0 2A6#00000000FFFFFA7E
(1790952591.794749) can0 2A7#00005689FFFFF5D5
(1790952591.799026) can0 2A1#0100010000000000
(1790952591.799150) can0 2A2#0000D4310000040B
(1790952591.799276) can0 2A3#0002B209FFFD6E4A
(1790952591.799401) can0 2A4#0001132AFFFD7689
(1790952591.799526) can0 2A5#000007BF000007CA
(1790952591.799626) can0 2A6#00000000FFFFFA7E
(1790952591.799749) can0 2A7#00005689FFFFF5D5
(1790952591.804027) can0 2A1#0100010000000000
(1790952591.804174) can0 2A2#0000D4310000040B
(1790952591.804274) can0 2A3#0002B209FFFD6E4A
(1790952591.804400) can0 2A4#0001132AFFFD7689
(1790952591.804524) can0 2A5#000007BF000007CA
(1790952591.804649) can0 2A6#00000000FFFFFA7E
(1790952591.804749) can0 2A7#00005689FFFFF5D5
(1790952591.809029) can0 2A1#0100010000000000
(1790952591.809156) can0 2A2#0000D4310000040B
(1790952591.809274) can0 2A3#0002B209FFFD6E4A
(1790952591.809399) can0 2A4#0001132AFFFD7689
(1790952591.809524) can0 2A5#000007BF000007CA
(1790952591.809624) can0 2A6#00000000FFFFFA7E
(1790952591.809749) can0 2A7#00005689FFFFF5D5
(1790952591.814031) can0 2A1#0100010000000000
(1790952591.814149) can0 2A2#0000D4310000040B
(1790952591.814274) can0 2A3#0002B209FFFD6E4A
(1790952591.814399) can0 2A4#0001132AFFFD7689
(1790952591.814523) can0 2A5#000007BF000007CA
(1790952591.814650) can0 2A6#00000000FFFFFA7E
(1790952591.814749) can0 2A7#00005689FFFFF5D5
(1790952591.819026) can0 2A1#0100010000000000
(1790952591.819149) can0 2A2#0000D4310000040B
(1790952591.819275) can0 2A3#0002B209FFFD6E4A
(1790952591.819374) can0 2A4#0001132AFFFD7689
(1790952591.819525) can0 2A5#000007BF000007CA
(1790952591.819626) can0 2A6#00000000FFFFFA7E
(1790952591.819751) can0 2A7#00005689FFFFF5D5
(1790952591.824055) can0 2A1#0100010000000000
(1790952591.824150) can0 2A2#0000D4310000040B
(1790952591.824277) can0 2A3#0002B209FFFD6E4A
(1790952591.824399) can0 2A4#0001132AFFFD7689
(1790952591.824526) can0 2A5#000007BF000007CA
(1790952591.824649) can0 2A6#00000000FFFFFA7E
(1790952591.824774) can0 2A7#00005689FFFFF5D5
(1790952591.829045) can0 2A1#0100010000000000
(1790952591.829149) can0 2A2#0000D4310000040B
(1790952591.829250) can0 2A3#0002B209FFFD6E4A
(1790952591.829399) can0 2A4#0001132AFFFD7689
(1790952591.829524) can0 2A5#000007BF000007CA
(1790952591.829624) can0 2A6#00000000FFFFFA7E
(1790952591.829749) can0 2A7#00005689FFFFF5D5
(1790952591.834059) can0 2A1#0100010000000000
(1790952591.834149) can0 2A2#0000D4310000040B
(1790952591.834275) can0 2A3#0002B209FFFD6E4A
(1790952591.834399) can0 2A4#0001132AFFFD7689
(1790952591.834524) can0 2A5#000007BF000007CA
(1790952591.834651) can0 2A6#00000000FFFFFA7E
(1790952591.834776) can0 2A7#00005689FFFFF5D5
(1790952591.839026) can0 2A1#0100010000000000
(1790952591.839150) can0 2A2#0000D4310000040B
(1790952591.839274) can0 2A3#0002B209FFFD6E4A
(1790952591.839399) can0 2A4#0001132AFFFD7689
(1790952591.839524) can0 2A5#000007BF000007CA
(1790952591.839624) can0 2A6#00000000FFFFFA7E
(1790952591.839749) can0 2A7#00005689FFFFF5D5
(1790952591.844027) can0 2A1#0100010000000000
(1790952591.844174) can0 2A2#0000D4310000040B
(1790952591.844273) can0 2A3#0002B209FFFD6E4A
(1790952591.844398) can0 2A4#0001132AFFFD7689
(1790952591.844523) can0 2A5#000007BF000007CA
(1790952591.844649) can0 2A6#00000000FFFFFA7E
(1790952591.844749) can0 2A7#00005689FFFFF5D5
(1790952591.849030) can0 2A1#0100010000000000
(1790952591.849150) can0 2A2#0000D4310000040B
(1790952591.849274) can0 2A3#0002B209FFFD6E4A
(1790952591.849402) can0 2A4#0001132AFFFD7689
(1790952591.849527) can0 2A5#000007BF000007CA
(1790952591.849624) can0 2A6#00000000FFFFFA7E
(1790952591.849749) can0 2A7#00005689FFFFF5D5
(1790952591.854069) can0 2A1#0100010000000000
(1790952591.854150) can0 2A2#0000D4310000040B
(1790952591.854275) can0 2A3#0002B209FFFD6E4A
(1790952591.854400) can0 2A4#0001132AFFFD7689
(1790952591.854523) can0 2A5#000007BF000007CA
(1790952591.854649) can0 2A6#00000000FFFFFA7E
(1790952591.854774) can0 2A7#00005689FFFFF5D5
(1790952591.859049) can0 2A1#0100010000000000
(1790952591.859148) can0 2A2#0000D4310000040B
(1790952591.859274) can0 2A3#0002B209FFFD6E4A
(1790952591.859398) can0 2A4#0001132AFFFD7689
(1790952591.859524) can0 2A5#000007BF000007CA
(1790952591.859626) can0 2A6#00000000FFFFFA7E
(1790952591.859749) can0 2A7#00005689FFFFF5D5
(1790952591.864059) can0 2A1#0100010000000000
(1790952591.864175) can0 2A2#0000D4310000040B
(1790952591.864280) can0 2A3#0002B209FFFD6E4A
(1790952591.864402) can0 2A4#0001132AFFFD7689
(1790952591.864527) can0 2A5#000007BF000007CA
(1790952591.864651) can0 2A6#00000000FFFFFA7E
(1790952591.864752) can0 2A7#00005689FFFFF5D5
(1790952591.869032) can0 2A1#0100010000000000
(1790952591.869150) can0 2A2#0000D4310000040B
(1790952591.869277) can0 2A3#0002B209FFFD6E4A
(1790952591.869401) can0 2A4#0001132AFFFD7689
(1790952591.869526) can0 2A5#000007BF000007CA
(1790952591.869627) can0 2A6#00000000FFFFFA7E
(1790952591.869751) can0 2A7#00005689FFFFF5D5
(1790952591.874052) can0 2A1#0100010000000000
(1790952591.874149) can0 2A2#0000D4310000040B
(1790952591.874276) can0 2A3#0002B209FFFD6E4A
(1790952591.874401) can0 2A4#0001132AFFFD7689
(1790952591.874525) can0 2A5#000007BF000007CA
(1790952591.874650) can0 2A6#00000000FFFFFA7E
(1790952591.874750) can0 2A7#00005689FFFFF5D5
(1790952591.879028) can0 2A1#0100010000000000
(1790952591.879150) can0 2A2#0000D4310000040B
(1790952591.879275) can0 2A3#0002B209FFFD6E4A
(1790952591.879400) can0 2A4#0001132AFFFD7689
(1790952591.879523) can0 2A5#000007BF000007CA
(1790952591.879625) can0 2A6#00000000FFFFFA7E
(1790952591.879750) can0 2A7#00005689FFFFF5D5
(1790952591.884027) can0 2A1#0100010000000000
(1790952591.884174) can0 2A2#0000D4310000040B
(1790952591.884301) can0 2A3#0002B209FFFD6E4A
(1790952591.884400) can0 2A4#0001132AFFFD7689
(1790952591.884525) can0 2A5#000007BF000007CA
(1790952591.884650) can0 2A6#00000000FFFFFA7E
(1790952591.884750) can0 2A7#00005689FFFFF5D5
(1790952591.889039) can0 2A1#0100010000000000
(1790952591.889151) can0 2A2#0000D4310000040B
(1790952591.889276) can0 2A3#0002B209FFFD6E4A
(1790952591.889401) can0 2A4#0001132AFFFD7689
(1790952591.889524) can0 2A5#000007BF000007CA
(1790952591.889624) can0 2A6#00000000FFFFFA7E
(1790952591.889750) can0 2A7#00005689FFFFF5D5
(1790952591.894028) can0 2A1#0100010000000000
(1790952591.894150) can0 2A2#0000D4310000040B
(1790952591.894275) can0 2A3#0002B209FFFD6E4A
(1790952591.894403) can0 2A4#0001132AFFFD7689
(1790952591.894525) can0 2A5#000007BF000007CA
(1790952591.894650) can0 2A6#00000000FFFFFA7E
(1790952591.894750) can0 2A7#00005689FFFFF5D5
(1790952591.899030) can0 2A1#0100010000000000
(1790952591.899148) can0 2A2#0000D4310000040B
(1790952591.899275) can0 2A3#0002B209FFFD6E4A
(1790952591.899400) can0 2A4#0001132AFFFD7689
(1790952591.899524) can0 2A5#000007BF000007CA
(1790952591.899625) can0 2A6#00000000FFFFFA7E
(1790952591.899749) can0 2A7#00005689FFFFF5D5
(1790952591.904060) can0 2A1#0100010000000000
(1790952591.904148) can0 2A2#0000D4310000040B
(1790952591.904275) can0 2A3#0002B209FFFD6E4A
(1790952591.904400) can0 2A4#0001132AFFFD7689
(1790952591.904526) can0 2A5#000007BF000007CA
(1790952591.904650) can0 2A6#00000000FFFFFA7E
(1790952591.904775) can0 2A7#00005689FFFFF5D5
(1790952591.909025) can0 2A1#0100010000000000
(1790952591.909148) can0 2A2#0000D4310000040B
(1790952591.909275) can0 2A3#0002B209FFFD6E4A
(1790952591.909374) can0 2A4#0001132AFFFD7689
(1790952591.909525) can0 2A5#000007BF000007CA
(1790952591.909624) can0 2A6#00000000FFFFFA7E
(1790952591.909750) can0 2A7#00005689FFFFF5D5
(1790952591.914054) can0 2A1#0100010000000000
(1790952591.914149) can0 2A2#0000D4310000040B
(1790952591.914275) can0 2A3#0002B209FFFD6E4A
(1790952591.914398) can0 2A4#0001132AFFFD7689
(1790952591.914522) can0 2A5#000007BF000007CA
(1790952591.914648) can0 2A6#00000000FFFFFA7E
(1790952591.914775) can0 2A7#00005689FFFFF5D5
(1790952591.919025) can0 2A1#0100010000000000
(1790952591.919149) can0 2A2#0000D4310000040B
(1790952591.919274) can0 2A3#0002B209FFFD6E4A
(1790952591.919398) can0 2A4#0001132AFFFD7689
(1790952591.919524) can0 2A5#000007BF000007CA
(1790952591.919623) can0 2A6#00000000FFFFFA7E
(1790952591.919748) can0 2A7#00005689FFFFF5D5
(1790952591.924053) can0 2A1#0100010000000000
(1790952591.924175) can0 2A2#0000D4310000040B
(1790952591.924275) can0 2A3#0002B209FFFD6E4A
(1790952591.924399) can0 2A4#0001132AFFFD7689
(1790952591.924524) can0 2A5#000007BF000007CA
(1790952591.924651) can0 2A6#00000000FFFFFA7E
(1790952591.924751) can0 2A7#00005689FFFFF5D5
(1790952591.929027) can0 2A1#0100010000000000
(1790952591.929149) can0 2A2#0000D4310000040B
(1790952591.929275) can0 2A3#0002B209FFFD6E4A
(1790952591.929375) can0 2A4#0001132AFFFD7689
(1790952591.929523) can0 2A5#000007BF000007CA
(1790952591.929623) can0 2A6#00000000FFFFFA7E
(1790952591.929749) can0 2A7#00005689FFFFF5D5
(1790952591.934053) can0 2A1#0100010000000000
(1790952591.934156) can0 2A2#0000D4310000040B
(1790952591.934273) can0 2A3#0002B209FFFD6E4A
(1790952591.934398) can0 2A4#0001132AFFFD7689
(1790952591.934523) can0 2A5#000007BF000007CA
(1790952591.934649) can0 2A6#00000000FFFFFA7E
(1790952591.934779) can0 2A7#00005689FFFFF5D5
(1790952591.939027) can0 2A1#0100010000000000
(1790952591.939149) can0 2A2#0000D4310000040B
(1790952591.939274) can0 2A3#0002B209FFFD6E4A
(1790952591.939398) can0 2A4#0001132AFFFD7689
(1790952591.939522) can0 2A5#000007BF000007CA
(1790952591.939623) can0 2A6#00000000FFFFFA7E
(1790952591.939748) can0 2A7#00005689FFFFF5D5
(1790952591.944055) can0 2A1#0100010000000000
(1790952591.944148) can0 2A2#0000D4310000040B
(1790952591.944273) can0 2A3#0002B209FFFD6E4A
(1790952591.944398) can0 2A4#0001132AFFFD7689
(1790952591.944522) can0 2A5#000007BF000007CA
(1790952591.944648) can0 2A6#00000000FFFFFA7E
(1790952591.944773) can0 2A7#00005689FFFFF5D5
(1790952591.949029) can0 2A1#0100010000000000
(1790952591.949148) can0 2A2#0000D4310000040B
(1790952591.949273) can0 2A3#0002B209FFFD6E4A
(1790952591.949398) can0 2A4#0001132AFFFD7689
(1790952591.949522) can0 2A5#000007BF000007CA
(1790952591.949623) can0 2A6#00000000FFFFFA7E
(1790952591.949748) can0 2A7#00005689FFFFF5D5
(1790952591.954029) can0 2A1#0100010000000000
(1790952591.954149) can0 2A2#0000D4310000040B
(1790952591.954298) can0 2A3#0002B209FFFD6E4A
(1790952591.954398) can0 2A4#0001132AFFFD7689
(1790952591.954523) can0 2A5#000007BF000007CA
(1790952591.954648) can0 2A6#00000000FFFFFA7E
(1790952591.954748) can0 2A7#00005689FFFFF5D5
(1790952591.959028) can0 2A1#0100010000000000
(1790952591.959148) can0 2A2#0000D4310000040B
(1790952591.959273) can0 2A3#0002B209FFFD6E4A
(1790952591.959398) can0 2A4#0001132AFFFD7689
(1790952591.959522) can0 2A5#000007BF000007CA
(1790952591.959623) can0 2A6#00000000FFFFFA7E
(1790952591.959748) can0 2A7#00005689FFFFF5D5
(1790952591.964064) can0 2A1#0100010000000000
(1790952591.964173) can0 2A2#0000D4310000040B
(1790952591.964273) can0 2A3#0002B209FFFD6E4A
(1790952591.964398) can0 2A4#0001132AFFFD7689
(1790952591.964528) can0 2A5#000007BF000007CA
(1790952591.964648) can0 2A6#00000000FFFFFA7E
(1790952591.964774) can0 2A7#00005689FFFFF5D5
(1790952591.969026) can0 2A1#0100010000000000
(1790952591.969149) can0 2A2#0000D4310000040B
(1790952591.969273) can0 2A3#0002B209FFFD6E4A
(1790952591.969374) can0 2A4#0001132AFFFD7689
(1790952591.969523) can0 2A5#000007BF000007CA
(1790952591.969648) can0 2A6#00000000FFFFFA7E
(1790952591.969748) can0 2A7#00005689FFFFF5D5
(1790952591.974052) can0 2A1#0100010000000000
(1790952591.974173) can0 2A2#0000D4310000040B
(1790952591.974273) can0 2A3#0002B209FFFD6E4A
(1790952591.974398) can0 2A4#0001132AFFFD7689
(1790952591.974522) can0 2A5#000007BF000007CA
(1790952591.974648) can0 2A6#00000000FFFFFA7E
(1790952591.974748) can0 2A7#00005689FFFFF5D5
(1790952591.979054) can0 2A1#0100010000000000
(1790952591.979151) can0 2A2#0000D4310000040B
(1790952591.979273) can0 2A3#0002B209FFFD6E4A
(1790952591.979398) can0 2A4#0001132AFFFD7689
(1790952591.979522) can0 2A5#000007BF000007CA
(1790952591.979623) can0 2A6#00000000FFFFFA7E
(1790952591.979748) can0 2A7#00005689FFFFF5D5
(1790952591.984059) can0 2A1#0100010000000000
(1790952591.984174) can0 2A2#0000D4310000040B
(1790952591.984299) can0 2A3#0002B209FFFD6E4A
(1790952591.984399) can0 2A4#0001132AFFFD7689
(1790952591.984523) can0 2A5#000007BF000007CA
(1790952591.984648) can0 2A6#00000000FFFFFA7E
(1790952591.984748) can0 2A7#00005689FFFFF5D5
(1790952591.989030) can0 2A1#0100010000000000
(1790952591.989148) can0 2A2#0000D4310000040B
(1790952591.989275) can0 2A3#0002B209FFFD6E4A
(1790952591.989398) can0 2A4#0001132AFFFD7689
(1790952591.989523) can0 2A5#000007BF000007CA
(1790952591.989629) can0 2A6#00000000FFFFFA7E
(1790952591.989748) can0 2A7#00005689FFFFF5D5
(1790952591.994051) can0 2A1#0100010000000000
(1790952591.994150) can0 2A2#0000D4310000040B
(1790952591.994275) can0 2A3#0002B209FFFD6E4A
(1790952591.994400) can0 2A4#0001132AFFFD7689
(1790952591.994527) can0 2A5#000007BF000007CA
(1790952591.994651) can0 2A6#00000000FFFFFA7E
(1790952591.994775) can0 2A7#00005689FFFFF5D5
(1790952591.999025) can0 2A1#0100010000000000
(1790952591.999150) can0 2A2#0000D4310000040B
(1790952591.999273) can0 2A3#0002B209FFFD6E4A
(1790952591.999373) can0 2A4#0001132AFFFD7689
(1790952591.999522) can0 2A5#000007BF000007CA
(1790952591.999623) can0 2A6#00000000FFFFFA7E
(1790952591.999748) can0 2A7#00005689FFFFF5D5
(1790952592.004064) can0 2A1#0100010000000000
(1790952592.004174) can0 2A2#0000D4310000040B
(1790952592.004274) can0 2A3#0002B209FFFD6E4A
(1790952592.004399) can0 2A4#0001132AFFFD7689
(1790952592.004523) can0 2A5#000007BF000007CA
(1790952592.004649) can0 2A6#00000000FFFFFA7E
(1790952592.004749) can0 2A7#00005689FFFFF5D5
(1790952592.009027) can0 2A1#0100010000000000
(1790952592.009148) can0 2A2#0000D4310000040B
(1790952592.009273) can0 2A3#0002B209FFFD6E4A
(1790952592.009373) can0 2A4#0001132AFFFD7689
(1790952592.009523) can0 2A5#000007BF000007CA
(1790952592.009654) can0 2A6#00000000FFFFFA7E
(1790952592.009748) can0 2A7#00005689FFFFF5D5
(1790952592.014058) can0 2A1#0100010000000000
(1790952592.014174) can0 2A2#0000D4310000040B
(1790952592.014273) can0 2A3#0002B209FFFD6E4A
(1790952592.014398) can0 2A4#0001132AFFFD7689
(1790952592.014523) can0 2A5#000007BF000007CA
(1790952592.014649) can0 2A6#00000000FFFFFA7E
(1790952592.014774) can0 2A7#00005689FFFFF5D5
(1790952592.019056) can0 2A1#0100010000000000
(1790952592.019148) can0 2A2#0000D4310000040B
(1790952592.019276) can0 2A3#0002B209FFFD6E4A
(1790952592.019373) can0 2A4#0001132AFFFD7689
(1790952592.019522) can0 2A5#000007BF000007CA
(1790952592.019623) can0 2A6#00000000FFFFFA7E
(1790952592.019748) can0 2A7#00005689FFFFF5D5
(1790952592.024059) can0 2A1#0100010000000000
(1790952592.024175) can0 2A2#0000D4310000040B
(1790952592.024273) can0 2A3#0002B209FFFD6E4A
(1790952592.024398) can0 2A4#0001132AFFFD7689
(1790952592.024523) can0 2A5#000007BF000007CA
(1790952592.024625) can0 2A6#00000000FFFFFA7E
(1790952592.024748) can0 2A7#00005689FFFFF5D5
(1790952592.029051) can0 2A1#0100010000000000
(1790952592.029148) can0 2A2#0000D4310000040B
(1790952592.029273) can0 2A3#0002B209FFFD6E4A
(1790952592.029398) can0 2A4#0001132AFFFD7689
(1790952592.029522) can0 2A5#000007BF000007CA
(1790952592.029622) can0 2A6#00000000FFFFFA7E
(1790952592.029748) can0 2A7#00005689FFFFF5D5
(1790952592.034054) can0 2A1#0100010000000000
(1790952592.034174) can0 2A2#0000D4310000040B
(1790952592.034274) can0 2A3#0002B209FFFD6E4A
(1790952592.034398) can0 2A4#0001132AFFFD7689
(1790952592.034522) can0 2A5#000007BF000007CA
(1790952592.034648) can0 2A6#00000000FFFFFA7E
(1790952592.034748) can0 2A7#00005689FFFFF5D5
(1790952592.039029) can0 2A1#0100010000000000
(1790952592.039148) can0 2A2#0000D4310000040B
(1790952592.039274) can0 2A3#0002B209FFFD6E4A
(1790952592.039373) can0 2A4#0001132AFFFD7689
(1790952592.039523) can0 2A5#000007BF000007CA
(1790952592.039622) can0 2A6#00000000FFFFFA7E
(1790952592.039748) can0 2A7#00005689FFFFF5D5
(1790952592.044056) can0 2A1#0100010000000000
(1790952592.044173) can0 2A2#0000D4310000040B
(1790952592.044273) can0 2A3#0002B209FFFD6E4A
(1790952592.044398) can0 2A4#0001132AFFFD7689
(1790952592.044522) can0 2A5#000007BF000007CA
(1790952592.044647) can0 2A6#00000000FFFFFA7E
(1790952592.044748) can0 2A7#00005689FFFFF5D5
(1790952592.049026) can0 2A1#0100010000000000
(1790952592.049147) can0 2A2#0000D4310000040B
(1790952592.049273) can0 2A3#0002B209FFFD6E4A
(1790952592.049398) can0 2A4#0001132AFFFD7689
(1790952592.049522) can0 2A5#000007BF000007CA
(1790952592.049647) can0 2A6#00000000FFFFFA7E
(1790952592.049747) can0 2A7#00005689FFFFF5D5
(1790952592.054053) can0 2A1#0100010000000000
(1790952592.054172) can0 2A2#0000D4310000040B
(1790952592.054273) can0 2A3#0002B209FFFD6E4A
(1790952592.054397) can0 2A4#0001132AFFFD7689
(1790952592.054522) can0 2A5#000007BF000007CA
(1790952592.054648) can0 2A6#00000000FFFFFA7E
(1790952592.054773) can0 2A7#00005689FFFFF5D5
(1790952592.059029) can0 2A1#0100010000000000
(1790952592.059147) can0 2A2#0000D4310000040B
(1790952592.059274) can0 2A3#0002B209FFFD6E4A
(1790952592.059399) can0 2A4#0001132AFFFD7689
(1790952592.059523) can0 2A5#000007BF000007CA
(1790952592.059623) can0 2A6#00000000FFFFFA7E
(1790952592.059748) can0 2A7#00005689FFFFF5D5
(1790952592.064062) can0 2A1#0100010000000000
(1790952592.064173) can0 2A2#0000D4310000040B
(1790952592.064298) can0 2A3#0002B209FFFD6E4A
(1790952592.064397) can0 2A4#0001132AFFFD7689
(1790952592.064522) can0 2A5#000007BF000007CA
(1790952592.064649) can0 2A6#00000000FFFFFA7E
(1790952592.064748) can0 2A7#00005689FFFFF5D5
(1790952592.069024) can0 2A1#0100010000000000
(1790952592.069148) can0 2A2#0000D4310000040B
(1790952592.069274) can0 2A3#0002B209FFFD6E4A
(1790952592.069375) can0 2A4#0001132AFFFD7689
(1790952592.069523) can0 2A5#000007BF000007CA
(1790952592.069623) can0 2A6#00000000FFFFFA7E
(1790952592.069748) can0 2A7#00005689FFFFF5D5
(1790952592.074052) can0 2A1#0100010000000000
(1790952592.074175) can0 2A2#0000D4310000040B
(1790952592.074274) can0 2A3#0002B209FFFD6E4A
(1790952592.074398) can0 2A4#0001132AFFFD7689
(1790952592.074522) can0 2A5#000007BF000007CA
(1790952592.074623) can0 2A6#00000000FFFFFA7E
(1790952592.074748) can0 2A7#00005689FFFFF5D5
(1790952592.079049) can0 2A1#0100010000000000
(1790952592.079149) can0 2A2#0000D4310000040B
(1790952592.079275) can0 2A3#0002B209FFFD6E4A
(1790952592.079400) can0 2A4#0001132AFFFD7689
(1790952592.079524) can0 2A5#000007BF000007CA
(1790952592.079623) can0 2A6#00000000FFFFFA7E
(1790952592.079748) can0 2A7#00005689FFFFF5D5
(1790952592.084054) can0 2A1#0100010000000000
(1790952592.084147) can0 2A2#0000D4310000040B
(1790952592.084297) can0 2A3#0002B209FFFD6E4A
(1790952592.084397) can0 2A4#0001132AFFFD7689
(1790952592.084522) can0 2A5#000007BF000007CA
(1790952592.084647) can0 2A6#00000000FFFFFA7E
(1790952592.084772) can0 2A7#00005689FFFFF5D5
(1790952592.089027) can0 2A1#0100010000000000
(1790952592.089149) can0 2A2#0000D4310000040B
(1790952592.089273) can0 2A3#0002B209FFFD6E4A
(1790952592.089373) can0 2A4#0001132AFFFD7689
(1790952592.089528) can0 2A5#000007BF000007CA
(1790952592.089623) can0 2A6#00000000FFFFFA7E
(1790952592.089750) can0 2A7#00005689FFFFF5D5
(1790952592.094052) can0 2A1#0100010000000000
(1790952592.094173) can0 2A2#0000D4310000040B
(1790952592.094273) can0 2A3#0002B209FFFD6E4A
(1790952592.094397) can0 2A4#0001132AFFFD7689
(1790952592.094522) can0 2A5#000007BF000007CA
(1790952592.094622) can0 2A6#00000000FFFFFA7E
(1790952592.094773) can0 2A7#00005689FFFFF5D5
(1790952592.099024) can0 2A1#0100010000000000
(1790952592.099150) can0 2A2#0000D4310000040B
(1790952592.099275) can0 2A3#0002B209FFFD6E4A
(1790952592.099399) can0 2A4#0001132AFFFD7689
(1790952592.099522) can0 2A5#000007BF000007CA
(1790952592.099623) can0 2A6#00000000FFFFFA7E
(1790952592.099748) can0 2A7#00005689FFFFF5D5
(1790952592.104055) can0 2A1#0100010000000000
(1790952592.104148) can0 2A2#0000D4310000040B
(1790952592.104273) can0 2A3#0002B209FFFD6E4A
(1790952592.104397) can0 2A4#0001132AFFFD7689
(1790952592.104522) can0 2A5#000007BF000007CA
(1790952592.104648) can0 2A6#00000000FFFFFA7E
(1790952592.104754) can0 2A7#00005689FFFFF5D5
(1790952592.109026) can0 2A1#0100010000000000
(1790952592.109147) can0 2A2#0000D4310000040B
(1790952592.109273) can0 2A3#0002B209FFFD6E4A
(1790952592.109397) can0 2A4#0001132AFFFD7689
(1790952592.109522) can0 2A5#000007BF000007CA
(1790952592.109622) can0 2A6#00000000FFFFFA7E
(1790952592.109747) can0 2A7#00005689FFFFF5D5
(1790952592.114035) can0 2A1#0100010000000000
(1790952592.114150) can0 2A2#0000D4310000040B
(1790952592.114298) can0 2A3#0002B209FFFD6E4A
(1790952592.114398) can0 2A4#0001132AFFFD7689
(1790952592.114522) can0 2A5#000007BF000007CA
(1790952592.114649) can0 2A6#00000000FFFFFA7E
(1790952592.114773) can0 2A7#00005689FFFFF5D5
(1790952592.119024) can0 2A1#0100010000000000
(1790952592.119148) can0 2A2#0000D4310000040B
(1790952592.119273) can0 2A3#0002B209FFFD6E4A
(1790952592.119372) can0 2A4#0001132AFFFD7689
(1790952592.119522) can0 2A5#000007BF000007CA
(1790952592.119623) can0 2A6#00000000FFFFFA7E
(1790952592.119748) can0 2A7#00005689FFFFF5D5
(1790952592.124052) can0 2A1#0100010000000000
(1790952592.124147) can0 2A2#0000D4310000040B
(1790952592.124273) can0 2A3#0002B209FFFD6E4A
(1790952592.124398) can0 2A4#0001132AFFFD7689
(1790952592.124522) can0 2A5#000007BF000007CA
(1790952592.124648) can0 2A6#00000000FFFFFA7E
(1790952592.124775) can0 2A7#00005689FFFFF5D5
(1790952592.129033) can0 2A1#0100010000000000
(1790952592.129148) can0 2A2#0000D4310000040B
(1790952592.129272) can0 2A3#0002B209FFFD6E4A
(1790952592.129397) can0 2A4#0001132AFFFD7689
(1790952592.129522) can0 2A5#000007BF000007CA
(1790952592.129622) can0 2A6#00000000FFFFFA7E
(1790952592.129748) can0 2A7#00005689FFFFF5D5
(1790952592.134054) can0 2A1#0100010000000000
(1790952592.134154) can0 2A2#0000D4310000040B
(1790952592.134272) can0 2A3#0002B209FFFD6E4A
(1790952592.134398) can0 2A4#0001132AFFFD7689
(1790952592.134522) can0 2A5#000007BF000007CA
(1790952592.134648) can0 2A6#00000000FFFFFA7E
(1790952592.134772) can0 2A7#00005689FFFFF5D5
(1790952592.139031) can0 2A1#0100010000000000
(1790952592.139151) can0 2A2#0000D4310000040B
(1790952592.139272) can0 2A3#0002B209FFFD6E4A
(1790952592.139372) can0 2A4#0001132AFFFD7689
(1790952592.139522) can0 2A5#000007BF000007CA
(1790952592.139647) can0 2A6#00000000FFFFFA7E
(1790952592.139747) can0 2A7#00005689FFFFF5D5
(1790952592.144047) can0 2A1#0100010000000000
(1790952592.144147) can0 2A2#0000D4310000040B
(1790952592.144272) can0 2A3#0002B209FFFD6E4A
(1790952592.144397) can0 2A4#0001132AFFFD7689
(1790952592.144522) can0 2A5#000007BF000007CA
(1790952592.144647) can0 2A6#00000000FFFFFA7E
(1790952592.144772) can0 2A7#00005689FFFFF5D5
(1790952592.149033) can0 2A1#0100010000000000
(1790952592.149148) can0 2A2#0000D4310000040B
(1790952592.149272) can0 2A3#0002B209FFFD6E4A
(1790952592.149372) can0 2A4#0001132AFFFD7689
(1790952592.149522) can0 2A5#000007BF000007CA
(1790952592.149647) can0 2A6#00000000FFFFFA7E
(1790952592.149747) can0 2A7#00005689FFFFF5D5
(1790952592.154058) can0 2A1#0100010000000000
(1790952592.154175) can0 2A2#0000D4310000040B
(1790952592.154275) can0 2A3#0002B209FFFD6E4A
(1790952592.154399) can0 2A4#0001132AFFFD7689
(1790952592.154524) can0 2A5#000007BF000007CA
(1790952592.154649) can0 2A6#00000000FFFFFA7E
(1790952592.154774) can0 2A7#00005689FFFFF5D5
(1790952592.159029) can0 2A1#0100010000000000
(1790952592.159148) can0 2A2#0000D4310000040B
(1790952592.159272) can0 2A3#0002B209FFFD6E4A
(1790952592.159397) can0 2A4#0001132AFFFD7689
(1790952592.159523) can0 2A5#000007BF000007CA
(1790952592.159623) can0 2A6#00000000FFFFFA7E
(1790952592.159747) can0 2A7#00005689FFFFF5D5
(1790952592.164054) can0 2A1#0100010000000000
(1790952592.164175) can0 2A2#0000D4310000040B
(1790952592.164300) can0 2A3#0002B209FFFD6E4A
(1790952592.164399) can0 2A4#0001132AFFFD7689
(1790952592.164522) can0 2A5#000007BF000007CA
(1790952592.164651) can0 2A6#00000000FFFFFA7E
(1790952592.164774) can0 2A7#00005689FFFFF5D5
(1790952592.169024) can0 2A1#0100010000000000
(1790952592.169147) can0 2A2#0000D4310000040B
(1790952592.169273) can0 2A3#0002B209FFFD6E4A
(1790952592.169399) can0 2A4#0001132AFFFD7689
(1790952592.169523) can0 2A5#000007BF000007CA
(1790952592.169624) can0 2A6#00000000FFFFFA7E
(1790952592.169749) can0 2A7#00005689FFFFF5D5
(1790952592.174056) can0 2A1#0100010000000000
(1790952592.174148) can0 2A2#0000D4310000040B
(1790952592.174272) can0 2A3#0002B209FFFD6E4A
(1790952592.174397) can0 2A4#0001132AFFFD7689
(1790952592.174522) can0 2A5#000007BF000007CA
(1790952592.174648) can0 2A6#00000000FFFFFA7E
(1790952592.174773) can0 2A7#00005689FFFFF5D5
(1790952592.179036) can0 2A1#0100010000000000
(1790952592.179147) can0 2A2#0000D4310000040B
(1790952592.179274) can0 2A3#0002B209FFFD6E4A
(1790952592.179399) can0 2A4#0001132AFFFD7689
(1790952592.179524) can0 2A5#000007BF000007CA
(1790952592.179624) can0 2A6#00000000FFFFFA7E
(1790952592.179748) can0 2A7#00005689FFFFF5D5
(1790952592.184049) can0 2A1#0100010000000000
(1790952592.184149) can0 2A2#0000D4310000040B
(1790952592.184275) can0 2A3#0002B209FFFD6E4A
(1790952592.184399) can0 2A4#0001132AFFFD7689
(1790952592.184522) can0 2A5#000007BF000007CA
(1790952592.184647) can0 2A6#00000000FFFFFA7E
(1790952592.184747) can0 2A7#00005689FFFFF5D5
(1790952592.189028) can0 2A1#0100010000000000
(1790952592.189149) can0 2A2#0000D4310000040B
(1790952592.189273) can0 2A3#0002B209FFFD6E4A
(1790952592.189399) can0 2A4#0001132AFFFD7689
(1790952592.189523) can0 2A5#000007BF000007CA
(1790952592.189625) can0 2A6#00000000FFFFFA7E
(1790952592.189749) can0 2A7#00005689FFFFF5D5
(1790952592.194054) can0 2A1#0100010000000000
(1790952592.194173) can0 2A2#0000D4310000040B
(1790952592.194273) can0 2A3#0002B209FFFD6E4A
(1790952592.194399) can0 2A4#0001132AFFFD7689
(1790952592.194522) can0 2A5#000007BF000007CA
(1790952592.194647) can0 2A6#00000000FFFFFA7E
(1790952592.194772) can0 2A7#00005689FFFFF5D5
(1790952592.199051) can0 2A1#0100010000000000
(1790952592.199147) can0 2A2#0000D4310000040B
(1790952592.199274) can0 2A3#0002B209FFFD6E4A
(1790952592.199373) can0 2A4#0001132AFFFD7689
(1790952592.199523) can0 2A5#000007BF000007CA
(1790952592.199649) can0 2A6#00000000FFFFFA7E
(1790952592.199748) can0 2A7#00005689FFFFF5D5
(1790952592.204055) can0 2A1#0100010000000000
(1790952592.204173) can0 2A2#0000D4310000040B
(1790952592.204275) can0 2A3#0002B209FFFD6E4A
(1790952592.204399) can0 2A4#0001132AFFFD7689
(1790952592.204525) can0 2A5#000007BF000007CA
(1790952592.204650) can0 2A6#00000000FFFFFA7E
(1790952592.204749) can0 2A7#00005689FFFFF5D5
(1790952592.209029) can0 2A1#0100010000000000
(1790952592.209151) can0 2A2#0000D4310000040B
(1790952592.209275) can0 2A3#0002B209FFFD6E4A
(1790952592.209400) can0 2A4#0001132AFFFD7689
(1790952592.209525) can0 2A5#000007BF000007CA
(1790952592.209624) can0 2A6#00000000FFFFFA7E
(1790952592.209749) can0 2A7#00005689FFFFF5D5
(1790952592.214055) can0 2A1#0100010000000000
(1790952592.214177) can0 2A2#0000D4310000040B
(1790952592.214274) can0 2A3#0002B209FFFD6E4A
(1790952592.214399) can0 2A4#0001132AFFFD7689
(1790952592.214523) can0 2A5#000007BF000007CA
(1790952592.214624) can0 2A6#00000000FFFFFA7E
(1790952592.214773) can0 2A7#00005689FFFFF5D5
(1790952592.219029) can0 2A1#0100010000000000
(1790952592.219149) can0 2A2#0000D4310000040B
(1790952592.219274) can0 2A3#0002B209FFFD6E4A
(1790952592.219398) can0 2A4#0001132AFFFD7689
(1790952592.219523) can0 2A5#000007BF000007CA
(1790952592.219648) can0 2A6#00000000FFFFFA7E
(1790952592.219749) can0 2A7#00005689FFFFF5D5
(1790952592.224059) can0 2A1#0100010000000000
(1790952592.224149) can0 2A2#0000D4310000040B
(1790952592.224273) can0 2A3#0002B209FFFD6E4A
(1790952592.224398) can0 2A4#0001132AFFFD7689
(1790952592.224522) can0 2A5#000007BF000007CA
(1790952592.224647) can0 2A6#00000000FFFFFA7E
(1790952592.224772) can0 2A7#00005689FFFFF5D5
(1790952592.229066) can0 2A1#0100010000000000
(1790952592.229148) can0 2A2#0000D4310000040B
(1790952592.229275) can0 2A3#0002B209FFFD6E4A
(1790952592.229400) can0 2A4#0001132AFFFD7689
(1790952592.229524) can0 2A5#000007BF000007CA
(1790952592.229624) can0 2A6#00000000FFFFFA7E
(1790952592.229749) can0 2A7#00005689FFFFF5D5
(1790952592.234052) can0 2A1#0100010000000000
(1790952592.234172) can0 2A2#0000D4310000040B
(1790952592.234298) can0 2A3#0002B209FFFD6E4A
(1790952592.234397) can0 2A4#0001132AFFFD7689
(1790952592.234524) can0 2A5#000007BF000007CA
(1790952592.234649) can0 2A6#00000000FFFFFA7E
(1790952592.234774) can0 2A7#00005689FFFFF5D5
(1790952592.239029) can0 2A1#0100010000000000
(1790952592.239148) can0 2A2#0000D4310000040B
(1790952592.239273) can0 2A3#0002B209FFFD6E4A
(1790952592.239399) can0 2A4#0001132AFFFD7689
(1790952592.239523) can0 2A5#000007BF000007CA
(1790952592.239623) can0 2A6#00000000FFFFFA7E
(1790952592.239748) can0 2A7#00005689FFFFF5D5
(1790952592.244047) can0 2A1#0100010000000000
(1790952592.244173) can0 2A2#0000D4310000040B
(1790952592.244298) can0 2A3#0002B209FFFD6E4A
(1790952592.244398) can0 2A4#0001132AFFFD7689
(1790952592.244523) can0 2A5#000007BF000007CA
(1790952592.244649) can0 2A6#00000000FFFFFA7E
(1790952592.244749) can0 2A7#00005689FFFFF5D5
(1790952592.249025) can0 2A1#0100010000000000
(1790952592.249144) can0 2A2#0000D4310000040B
(1790952592.249271) can0 2A3#0002B209FFFD6E4A
(1790952592.249371) can0 2A4#0001132AFFFD7689
(1790952592.249521) can0 2A5#000007BF000007CA
(1790952592.249646) can0 2A6#00000000FFFFFA7E
(1790952592.249747) can0 2A7#00005689FFFFF5D5
(1790952592.254058) can0 2A1#0100010000000000
(1790952592.254172) can0 2A2#0000D4310000040B
(1790952592.254273) can0 2A3#0002B209FFFD6E4A
(1790952592.254398) can0 2A4#0001132AFFFD7689
(1790952592.254523) can0 2A5#000007BF000007CA
(1790952592.254648) can0 2A6#00000000FFFFFA7E
(1790952592.254773) can0 2A7#00005689FFFFF5D5
(1790952592.259028) can0 2A1#0100010000000000
(1790952592.259146) can0 2A2#0000D4310000040B
(1790952592.259275) can0 2A3#0002B209FFFD6E4A
(1790952592.259399) can0 2A4#0001132AFFFD7689
(1790952592.259524) can0 2A5#000007BF000007CA
(1790952592.259648) can0 2A6#00000000FFFFFA7E
(1790952592.259749) can0 2A7#00005689FFFFF5D5
(1790952592.264055) can0 2A1#0100010000000000
(1790952592.264147) can0 2A2#0000D4310000040B
(1790952592.264274) can0 2A3#0002B209FFFD6E4A
(1790952592.264399) can0 2A4#0001132AFFFD7689
(1790952592.264523) can0 2A5#000007BF000007CA
(1790952592.264648) can0 2A6#00000000FFFFFA7E
(1790952592.264774) can0 2A7#00005689FFFFF5D5
(1790952592.269026) can0 2A1#0100010000000000
(1790952592.269151) can0 2A2#0000D4310000040B
(1790952592.269273) can0 2A3#0002B209FFFD6E4A
(1790952592.269396) can0 2A4#0001132AFFFD7689
(1790952592.269523) can0 2A5#000007BF000007CA
(1790952592.269648) can0 2A6#00000000FFFFFA7E
(1790952592.269748) can0 2A7#00005689FFFFF5D5
(1790952592.274053) can0 2A1#0100010000000000
(1790952592.274146) can0 2A2#0000D4310000040B
(1790952592.274274) can0 2A3#0002B209FFFD6E4A
(1790952592.274398) can0 2A4#0001132AFFFD7689
(1790952592.274521) can0 2A5#000007BF000007CA
(1790952592.274648) can0 2A6#00000000FFFFFA7E
(1790952592.274773) can0 2A7#00005689FFFFF5D5
(1790952592.279027) can0 2A1#0100010000000000
(1790952592.279146) can0 2A2#0000D4310000040B
(1790952592.279273) can0 2A3#0002B209FFFD6E4A
(1790952592.279399) can0 2A4#0001132AFFFD7689
(1790952592.279522) can0 2A5#000007BF000007CA
(1790952592.279623) can0 2A6#00000000FFFFFA7E
(1790952592.279747) can0 2A7#00005689FFFFF5D5
(1790952592.284077) can0 2A1#0100010000000000
(1790952592.284147) can0 2A2#0000D4310000040B
(1790952592.284298) can0 2A3#0002B209FFFD6E4A
(1790952592.284399) can0 2A4#0001132AFFFD7689
(1790952592.284523) can0 2A5#000007BF000007CA
(1790952592.284649) can0 2A6#00000000FFFFFA7E
(1790952592.284747) can0 2A7#00005689FFFFF5D5
(1790952592.289028) can0 2A1#0100010000000000
(1790952592.289149) can0 2A2#0000D4310000040B
(1790952592.289275) can0 2A3#0002B209FFFD6E4A
(1790952592.289399) can0 2A4#0001132AFFFD7689
(1790952592.289524) can0 2A5#000007BF000007CA
(1790952592.289625) can0 2A6#00000000FFFFFA7E
(1790952592.289750) can0 2A7#00005689FFFFF5D5
(1790952592.294050) can0 2A1#0100010000000000
(1790952592.294172) can0 2A2#0000D4310000040B
(1790952592.294275) can0 2A3#0002B209FFFD6E4A
(1790952592.294399) can0 2A4#0001132AFFFD7689
(1790952592.294526) can0 2A5#000007BF000007CA
(1790952592.294649) can0 2A6#00000000FFFFFA7E
(1790952592.294776) can0 2A7#00005689FFFFF5D5
(1790952592.299035) can0 2A1#0100010000000000
(1790952592.299149) can0 2A2#0000D4310000040B
(1790952592.299274) can0 2A3#0002B209FFFD6E4A
(1790952592.299399) can0 2A4#0001132AFFFD7689
(1790952592.299524) can0 2A5#000007BF000007CA
(1790952592.299649) can0 2A6#00000000FFFFFA7E
(1790952592.299749) can0 2A7#00005689FFFFF5D5
(1790952592.304056) can0 2A1#0100010000000000
(1790952592.304173) can0 2A2#0000D4310000040B
(1790952592.304283) can0 2A3#0002B209FFFD6E4A
(1790952592.304399) can0 2A4#0001132AFFFD7689
(1790952592.304523) can0 2A5#000007BF000007CA
(1790952592.304650) can0 2A6#00000000FFFFFA7E
(1790952592.304773) can0 2A7#00005689FFFFF5D5
(1790952592.309028) can0 2A1#0100010000000000
(1790952592.309151) can0 2A2#0000D4310000040B
(1790952592.309275) can0 2A3#0002B209FFFD6E4A
(1790952592.309399) can0 2A4#0001132AFFFD7689
(1790952592.309523) can0 2A5#000007BF000007CA
(1790952592.309648) can0 2A6#00000000FFFFFA7E
(1790952592.309747) can0 2A7#00005689FFFFF5D5
(1790952592.314057) can0 2A1#0100010000000000
(1790952592.314149) can0 2A2#0000D4310000040B
(1790952592.314276) can0 2A3#0002B209FFFD6E4A
(1790952592.314399) can0 2A4#0001132AFFFD7689
(1790952592.314524) can0 2A5#000007BF000007CA
(1790952592.314649) can0 2A6#00000000FFFFFA7E
(1790952592.314772) can0 2A7#00005689FFFFF5D5
(1790952592.319051) can0 2A1#0100010000000000
(1790952592.319147) can0 2A2#0000D4310000040B
(1790952592.319272) can0 2A3#0002B209FFFD6E4A
(1790952592.319398) can0 2A4#0001132AFFFD7689
(1790952592.319521) can0 2A5#000007BF000007CA
(1790952592.319622) can0 2A6#00000000FFFFFA7E
(1790952592.319753) can0 2A7#00005689FFFFF5D5
(1790952592.324055) can0 2A1#0100010000000000
(1790952592.324172) can0 2A2#0000D4310000040B
(1790952592.324272) can0 2A3#0002B209FFFD6E4A
(1790952592.324397) can0 2A4#0001132AFFFD7689
(1790952592.324521) can0 2A5#000007BF000007CA
(1790952592.324648) can0 2A6#00000000FFFFFA7E
(1790952592.324772) can0 2A7#00005689FFFFF5D5
(1790952592.329056) can0 2A1#0100010000000000
(1790952592.329146) can0 2A2#0000D4310000040B
(1790952592.329274) can0 2A3#0002B209FFFD6E4A
(1790952592.329397) can0 2A4#0001132AFFFD7689
(1790952592.329521) can0 2A5#000007BF000007CA
(1790952592.329621) can0 2A6#00000000FFFFFA7E
(1790952592.329747) can0 2A7#00005689FFFFF5D5
(1790952592.334055) can0 2A1#0100010000000000
(1790952592.334173) can0 2A2#0000D4310000040B
(1790952592.334272) can0 2A3#0002B209FFFD6E4A
(1790952592.334397) can0 2A4#0001132AFFFD7689
(1790952592.334521) can0 2A5#000007BF000007CA
(1790952592.334652) can0 2A6#00000000FFFFFA7E
(1790952592.334771) can0 2A7#00005689FFFFF5D5
(1790952592.339052) can0 2A1#0100010000000000
(1790952592.339152) can0 2A2#0000D4310000040B
(1790952592.339271) can0 2A3#0002B209FFFD6E4A
(1790952592.339397) can0 2A4#0001132AFFFD7689
(1790952592.339521) can0 2A5#000007BF000007CA
(1790952592.339621) can0 2A6#00000000FFFFFA7E
(1790952592.339747) can0 2A7#00005689FFFFF5D5
(1790952592.344057) can0 2A1#0100010000000000
(1790952592.344172) can0 2A2#0000D4310000040B
(1790952592.344272) can0 2A3#0002B209FFFD6E4A
(1790952592.344398) can0 2A4#0001132AFFFD7689
(1790952592.344524) can0 2A5#000007BF000007CA
(1790952592.344646) can0 2A6#00000000FFFFFA7E
(1790952592.344772) can0 2A7#00005689FFFFF5D5
(1790952592.349022) can0 2A1#0100010000000000
(1790952592.349147) can0 2A2#0000D4310000040B
(1790952592.349271) can0 2A3#0002B209FFFD6E4A
(1790952592.349397) can0 2A4#0001132AFFFD7689
(1790952592.349521) can0 2A5#000007BF000007CA
(1790952592.349621) can0 2A6#00000000FFFFFA7E
(1790952592.349747) can0 2A7#00005689FFFFF5D5
(1790952592.354052) can0 2A1#0100010000000000
(1790952592.354171) can0 2A2#0000D4310000040B
(1790952592.354297) can0 2A3#0002B209FFFD6E4A
(1790952592.354396) can0 2A4#0001132AFFFD7689
(1790952592.354521) can0 2A5#000007BF000007CA
(1790952592.354646) can0 2A6#00000000FFFFFA7E
(1790952592.354746) can0 2A7#00005689FFFFF5D5
(1790952592.359029) can0 2A1#0100010000000000
(1790952592.359146) can0 2A2#0000D4310000040B
(1790952592.359272) can0 2A3#0002B209FFFD6E4A
(1790952592.359396) can0 2A4#0001132AFFFD7689
(1790952592.359521) can0 2A5#000007BF000007CA
(1790952592.359621) can0 2A6#00000000FFFFFA7E
(1790952592.359746) can0 2A7#00005689FFFFF5D5
(1790952592.364054) can0 2A1#0100010000000000
(1790952592.364171) can0 2A2#0000D4310000040B
(1790952592.364271) can0 2A3#0002B209FFFD6E4A
(1790952592.364397) can0 2A4#0001132AFFFD7689
(1790952592.364522) can0 2A5#000007BF000007CA
(1790952592.364647) can0 2A6#00000000FFFFFA7E
(1790952592.364771) can0 2A7#00005689FFFFF5D5
(1790952592.369052) can0 2A1#0100010000000000
(1790952592.369153) can0 2A2#0000D4310000040B
(1790952592.369271) can0 2A3#0002B209FFFD6E4A
(1790952592.369371) can0 2A4#0001132AFFFD7689
(1790952592.369523) can0 2A5#000007BF000007CA
(1790952592.369649) can0 2A6#00000000FFFFFA7E
(1790952592.369748) can0 2A7#00005689FFFFF5D5
(1790952592.374064) can0 2A1#0100010000000000
(1790952592.374173) can0 2A2#0000D4310000040B
(1790952592.374276) can0 2A3#0002B209FFFD6E4A
(1790952592.374401) can0 2A4#0001132AFFFD7689
(1790952592.374525) can0 2A5#000007BF000007CA
(1790952592.374650) can0 2A6#00000000FFFFFA7E
(1790952592.374775) can0 2A7#00005689FFFFF5D5
(1790952592.379038) can0 2A1#0100010000000000
(1790952592.379149) can0 2A2#0000D4310000040B
(1790952592.379275) can0 2A3#0002B209FFFD6E4A
(1790952592.379399) can0 2A4#0001132AFFFD7689
(1790952592.379522) can0 2A5#000007BF000007CA
(1790952592.379622) can0 2A6#00000000FFFFFA7E
(1790952592.379747) can0 2A7#00005689FFFFF5D5
(1790952592.384056) can0 2A1#0100010000000000
(1790952592.384172) can0 2A2#0000D4310000040B
(1790952592.384272) can0 2A3#0002B209FFFD6E4A
(1790952592.384400) can0 2A4#0001132AFFFD7689
(1790952592.384525) can0 2A5#000007BF000007CA
(1790952592.384647) can0 2A6#00000000FFFFFA7E
(1790952592.384772) can0 2A7#00005689FFFFF5D5
(1790952592.389032) can0 2A1#0100010000000000
(1790952592.389147) can0 2A2#0000D4310000040B
(1790952592.389274) can0 2A3#0002B209FFFD6E4A
(1790952592.389397) can0 2A4#0001132AFFFD7689
(1790952592.389522) can0 2A5#000007BF000007CA
(1790952592.389622) can0 2A6#00000000FFFFFA7E
(1790952592.389749) can0 2A7#00005689FFFFF5D5
(1790952592.394056) can0 2A1#0100010000000000
(1790952592.394172) can0 2A2#0000D4310000040B
(1790952592.394275) can0 2A3#0002B209FFFD6E4A
(1790952592.394397) can0 2A4#0001132AFFFD7689
(1790952592.394522) can0 2A5#000007BF000007CA
(1790952592.394647) can0 2A6#00000000FFFFFA7E
(1790952592.394772) can0 2A7#00005689FFFFF5D5
(1790952592.399055) can0 2A1#0100010000000000
(1790952592.399150) can0 2A2#0000D4310000040B
(1790952592.399274) can0 2A3#0002B209FFFD6E4A
(1790952592.399398) can0 2A4#0001132AFFFD7689
(1790952592.399523) can0 2A5#000007BF000007CA
(1790952592.399623) can0 2A6#00000000FFFFFA7E
(1790952592.399748) can0 2A7#00005689FFFFF5D5
(1790952592.404054) can0 2A1#0100010000000000
(1790952592.404171) can0 2A2#0000D4310000040B
(1790952592.404298) can0 2A3#0002B209FFFD6E4A
(1790952592.404399) can0 2A4#0001132AFFFD7689
(1790952592.404525) can0 2A5#000007BF000007CA
(1790952592.404648) can0 2A6#00000000FFFFFA7E
(1790952592.404746) can0 2A7#00005689FFFFF5D5
(1790952592.409029) can0 2A1#0100010000000000
(1790952592.409146) can0 2A2#0000D4310000040B
(1790952592.409273) can0 2A3#0002B209FFFD6E4A
(1790952592.409398) can0 2A4#0001132AFFFD7689
(1790952592.409523) can0 2A5#000007BF000007CA
(1790952592.409623) can0 2A6#00000000FFFFFA7E
(1790952592.409748) can0 2A7#00005689FFFFF5D5
(1790952592.414070) can0 2A1#0100010000000000
(1790952592.414172) can0 2A2#0000D4310000040B
(1790952592.414298) can0 2A3#0002B209FFFD6E4A
(1790952592.414398) can0 2A4#0001132AFFFD7689
(1790952592.414523) can0 2A5#000007BF000007CA
(1790952592.414648) can0 2A6#00000000FFFFFA7E
(1790952592.414773) can0 2A7#00005689FFFFF5D5
(1790952592.419029) can0 2A1#0100010000000000
(1790952592.419151) can0 2A2#0000D4310000040B
(1790952592.419272) can0 2A3#0002B209FFFD6E4A
(1790952592.419397) can0 2A4#0001132AFFFD7689
(1790952592.419525) can0 2A5#000007BF000007CA
(1790952592.419622) can0 2A6#00000000FFFFFA7E
(1790952592.419747) can0 2A7#00005689FFFFF5D5
(1790952592.424052) can0 2A1#0100010000000000
(1790952592.424177) can0 2A2#0000D4310000040B
(1790952592.424301) can0 2A3#0002B209FFFD6E4A
(1790952592.424398) can0 2A4#0001132AFFFD7689
(1790952592.424524) can0 2A5#000007BF000007CA
(1790952592.424646) can0 2A6#00000000FFFFFA7E
(1790952592.424771) can0 2A7#00005689FFFFF5D5
(1790952592.429027) can0 2A1#0100010000000000
(1790952592.429148) can0 2A2#0000D4310000040B
(1790952592.429275) can0 2A3#0002B209FFFD6E4A
(1790952592.429399) can0 2A4#0001132AFFFD7689
(1790952592.429521) can0 2A5#000007BF000007CA
(1790952592.429647) can0 2A6#00000000FFFFFA7E
(1790952592.429746) can0 2A7#00005689FFFFF5D5
(1790952592.434057) can0 2A1#0100010000000000
(1790952592.434146) can0 2A2#0000D4310000040B
(1790952592.434273) can0 2A3#0002B209FFFD6E4A
(1790952592.434398) can0 2A4#0001132AFFFD7689
(1790952592.434524) can0 2A5#000007BF000007CA
(1790952592.434649) can0 2A6#00000000FFFFFA7E
(1790952592.434773) can0 2A7#00005689FFFFF5D5
(1790952592.439048) can0 2A1#0100010000000000
(1790952592.439150) can0 2A2#0000D4310000040B
(1790952592.439273) can0 2A3#0002B209FFFD6E4A
(1790952592.439399) can0 2A4#0001132AFFFD7689
(1790952592.439523) can0 2A5#000007BF000007CA
(1790952592.439623) can0 2A6#00000000FFFFFA7E
(1790952592.439748) can0 2A7#00005689FFFFF5D5
(1790952592.444047) can0 2A1#0100010000000000
(1790952592.444173) can0 2A2#0000D4310000040B
(1790952592.444298) can0 2A3#0002B209FFFD6E4A
(1790952592.444396) can0 2A4#0001132AFFFD7689
(1790952592.444522) can0 2A5#000007BF000007CA
(1790952592.444648) can0 2A6#00000000FFFFFA7E
(1790952592.444772) can0 2A7#00005689FFFFF5D5
(1790952592.449026) can0 2A1#0100010000000000
(1790952592.449145) can0 2A2#0000D4310000040B
(1790952592.449273) can0 2A3#0002B209FFFD6E4A
(1790952592.449397) can0 2A4#0001132AFFFD7689
(1790952592.449522) can0 2A5#000007BF000007CA
(1790952592.449647) can0 2A6#00000000FFFFFA7E
(1790952592.449745) can0 2A7#00005689FFFFF5D5
(1790952592.454067) can0 2A1#0100010000000000
(1790952592.454172) can0 2A2#0000D4310000040B
(1790952592.454273) can0 2A3#0002B209FFFD6E4A
(1790952592.454397) can0 2A4#0001132AFFFD7689
(1790952592.454523) can0 2A5#000007BF000007CA
(1790952592.454648) can0 2A6#00000000FFFFFA7E
(1790952592.454772) can0 2A7#00005689FFFFF5D5
(1790952592.459050) can0 2A1#0100010000000000
(1790952592.459147) can0 2A2#0000D4310000040B
(1790952592.459274) can0 2A3#0002B209FFFD6E4A
(1790952592.459373) can0 2A4#0001132AFFFD7689
(1790952592.459522) can0 2A5#000007BF000007CA
(1790952592.459650) can0 2A6#00000000FFFFFA7E
(1790952592.459772) can0 2A7#00005689FFFFF5D5
(1790952592.464057) can0 2A1#0100010000000000
(1790952592.464179) can0 2A2#0000D4310000040B
(1790952592.464297) can0 2A3#0002B209FFFD6E4A
(1790952592.464396) can0 2A4#0001132AFFFD7689
(1790952592.464523) can0 2A5#000007BF000007CA
(1790952592.464648) can0 2A6#00000000FFFFFA7E
(1790952592.464772) can0 2A7#00005689FFFFF5D5
(1790952592.469032) can0 2A1#0100010000000000
(1790952592.469171) can0 2A2#0000D4310000040B
(1790952592.469272) can0 2A3#0002B209FFFD6E4A
(1790952592.469397) can0 2A4#0001132AFFFD7689
(1790952592.469522) can0 2A5#000007BF000007CA
(1790952592.469624) can0 2A6#00000000FFFFFA7E
(1790952592.469749) can0 2A7#00005689FFFFF5D5
(1790952592.474059) can0 2A1#0100010000000000
(1790952592.474173) can0 2A2#0000D4310000040B
(1790952592.474273) can0 2A3#0002B209FFFD6E4A
(1790952592.474397) can0 2A4#0001132AFFFD7689
(1790952592.474523) can0 2A5#000007BF000007CA
(1790952592.474647) can0 2A6#00000000FFFFFA7E
(1790952592.474774) can0 2A7#00005689FFFFF5D5
(1790952592.479053) can0 2A1#0100010000000000
(1790952592.479146) can0 2A2#0000D4310000040B
(1790952592.479273) can0 2A3#0002B209FFFD6E4A
(1790952592.479397) can0 2A4#0001132AFFFD7689
(1790952592.479522) can0 2A5#000007BF000007CA
(1790952592.479621) can0 2A6#00000000FFFFFA7E
(1790952592.479748) can0 2A7#00005689FFFFF5D5
(1790952592.484053) can0 2A1#0100010000000000
(1790952592.484171) can0 2A2#0000D4310000040B
(1790952592.484272) can0 2A3#0002B209FFFD6E4A
(1790952592.484397) can0 2A4#0001132AFFFD7689
(1790952592.484522) can0 2A5#000007BF000007CA
(1790952592.484648) can0 2A6#00000000FFFFFA7E
(1790952592.484772) can0 2A7#00005689FFFFF5D5
(1790952592.489029) can0 2A1#0100010000000000
(1790952592.489170) can0 2A2#0000D4310000040B
(1790952592.489272) can0 2A3#0002B209FFFD6E4A
(1790952592.489397) can0 2A4#0001132AFFFD7689
(1790952592.489523) can0 2A5#000007BF000007CA
(1790952592.489622) can0 2A6#00000000FFFFFA7E
(1790952592.489748) can0 2A7#00005689FFFFF5D5
(1790952592.494052) can0 2A1#0100010000000000
(1790952592.494171) can0 2A2#0000D4310000040B
(1790952592.494272) can0 2A3#0002B209FFFD6E4A
(1790952592.494400) can0 2A4#0001132AFFFD7689
(1790952592.494522) can0 2A5#000007BF000007CA
(1790952592.494647) can0 2A6#00000000FFFFFA7E
(1790952592.494781) can0 2A7#00005689FFFFF5D5
(1790952592.499054) can0 2A1#0100010000000000
(1790952592.499151) can0 2A2#0000D4310000040B
(1790952592.499273) can0 2A3#0002B209FFFD6E4A
(1790952592.499398) can0 2A4#0001132AFFFD7689
(1790952592.499523) can0 2A5#000007BF000007CA
(1790952592.499622) can0 2A6#00000000FFFFFA7E
(1790952592.499747) can0 2A7#00005689FFFFF5D5
(1790952592.504057) can0 2A1#0100010000000000
(1790952592.504173) can0 2A2#0000D4310000040B
(1790952592.504297) can0 2A3#0002B209FFFD6E4A
(1790952592.504398) can0 2A4#0001132AFFFD7689
(1790952592.504521) can0 2A5#000007BF000007CA
(1790952592.504647) can0 2A6#00000000FFFFFA7E
(1790952592.504774) can0 2A7#00005689FFFFF5D5
(1790952592.509035) can0 2A1#0100010000000000
(1790952592.509151) can0 2A2#0000D4310000040B
(1790952592.509276) can0 2A3#0002B209FFFD6E4A
(1790952592.509398) can0 2A4#0001132AFFFD7689
(1790952592.509524) can0 2A5#000007BF000007CA
(1790952592.509650) can0 2A6#00000000FFFFFA7E
(1790952592.509748) can0 2A7#00005689FFFFF5D5
(1790952592.514056) can0 2A1#0100010000000000
(1790952592.514175) can0 2A2#0000D4310000040B
(1790952592.514299) can0 2A3#0002B209FFFD6E4A
(1790952592.514396) can0 2A4#0001132AFFFD7689
(1790952592.514523) can0 2A5#000007BF000007CA
(1790952592.514649) can0 2A6#00000000FFFFFA7E
(1790952592.514747) can0 2A7#00005689FFFFF5D5
(1790952592.519024) can0 2A1#0100010000000000
(1790952592.519147) can0 2A2#0000D4310000040B
(1790952592.519273) can0 2A3#0002B209FFFD6E4A
(1790952592.519399) can0 2A4#0001132AFFFD7689
(1790952592.519523) can0 2A5#000007BF000007CA
(1790952592.519648) can0 2A6#00000000FFFFFA7E
(1790952592.519748) can0 2A7#00005689FFFFF5D5
(1790952592.524055) can0 2A1#0100010000000000
(1790952592.524172) can0 2A2#0000D4310000040B
(1790952592.524273) can0 2A3#0002B209FFFD6E4A
(1790952592.524399) can0 2A4#0001132AFFFD7689
(1790952592.524523) can0 2A5#000007BF000007CA
(1790952592.524648) can0 2A6#00000000FFFFFA7E
(1790952592.524773) can0 2A7#00005689FFFFF5D5
(1790952592.529054) can0 2A1#0100010000000000
(1790952592.529150) can0 2A2#0000D4310000040B
(1790952592.529274) can0 2A3#0002B209FFFD6E4A
(1790952592.529397) can0 2A4#0001132AFFFD7689
(1790952592.529521) can0 2A5#000007BF000007CA
(1790952592.529622) can0 2A6#00000000FFFFFA7E
(1790952592.529748) can0 2A7#00005689FFFFF5D5
(1790952592.534054) can0 2A1#0100010000000000
(1790952592.534171) can0 2A2#0000D4310000040B
(1790952592.534299) can0 2A3#0002B209FFFD6E4A
(1790952592.534396) can0 2A4#0001132AFFFD7689
(1790952592.534523) can0 2A5#000007BF000007CA
(1790952592.534646) can0 2A6#00000000FFFFFA7E
(1790952592.534773) can0 2A7#00005689FFFFF5D5
(1790952592.539052) can0 2A1#0100010000000000
(1790952592.539151) can0 2A2#0000D4310000040B
(1790952592.539273) can0 2A3#0002B209FFFD6E4A
(1790952592.539398) can0 2A4#0001132AFFFD7689
(1790952592.539521) can0 2A5#000007BF000007CA
(1790952592.539623) can0 2A6#00000000FFFFFA7E
(1790952592.539749) can0 2A7#00005689FFFFF5D5
(1790952592.544046) can0 2A1#0100010000000000
(1790952592.544173) can0 2A2#0000D4310000040B
(1790952592.544298) can0 2A3#0002B209FFFD6E4A
(1790952592.544396) can0 2A4#0001132AFFFD7689
(1790952592.544523) can0 2A5#000007BF000007CA
(1790952592.544648) can0 2A6#00000000FFFFFA7E
(1790952592.544773) can0 2A7#00005689FFFFF5D5
(1790952592.549029) can0 2A1#0100010000000000
(1790952592.549171) can0 2A2#0000D4310000040B
(1790952592.549273) can0 2A3#0002B209FFFD6E4A
(1790952592.549398) can0 2A4#0001132AFFFD7689
(1790952592.549521) can0 2A5#000007BF000007CA
(1790952592.549623) can0 2A6#00000000FFFFFA7E
(1790952592.549748) can0 2A7#00005689FFFFF5D5
(1790952592.554056) can0 2A1#0100010000000000
(1790952592.554175) can0 2A2#0000D4310000040B
(1790952592.554298) can0 2A3#0002B209FFFD6E4A
(1790952592.554398) can0 2A4#0001132AFFFD7689
(1790952592.554523) can0 2A5#000007BF000007CA
(1790952592.554648) can0 2A6#00000000FFFFFA7E
(1790952592.554773) can0 2A7#00005689FFFFF5D5
(1790952592.559029) can0 2A1#0100010000000000
(1790952592.559147) can0 2A2#0000D4310000040B
(1790952592.559273) can0 2A3#0002B209FFFD6E4A
(1790952592.559397) can0 2A4#0001132AFFFD7689
(1790952592.559521) can0 2A5#000007BF000007CA
(1790952592.559621) can0 2A6#00000000FFFFFA7E
(1790952592.559747) can0 2A7#00005689FFFFF5D5
(1790952592.564064) can0 2A1#0100010000000000
(1790952592.564172) can0 2A2#0000D4310000040B
(1790952592.564272) can0 2A3#0002B209FFFD6E4A
(1790952592.564398) can0 2A4#0001132AFFFD7689
(1790952592.564521) can0 2A5#000007BF000007CA
(1790952592.564648) can0 2A6#00000000FFFFFA7E
(1790952592.564773) can0 2A7#00005689FFFFF5D5
(1790952592.569049) can0 2A1#0100010000000000
(1790952592.569145) can0 2A2#0000D4310000040B
(1790952592.569272) can0 2A3#0002B209FFFD6E4A
(1790952592.569397) can0 2A4#0001132AFFFD7689
(1790952592.569522) can0 2A5#000007BF000007CA
(1790952592.569622) can0 2A6#00000000FFFFFA7E
(1790952592.569747) can0 2A7#00005689FFFFF5D5
(1790952592.574060) can0 2A1#0100010000000000
(1790952592.574170) can0 2A2#0000D4310000040B
(1790952592.574298) can0 2A3#0002B209FFFD6E4A
(1790952592.574397) can0 2A4#0001132AFFFD7689
(1790952592.574522) can0 2A5#000007BF000007CA
(1790952592.574647) can0 2A6#00000000FFFFFA7E
(1790952592.574770) can0 2A7#00005689FFFFF5D5
(1790952592.579055) can0 2A1#0100010000000000
(1790952592.579149) can0 2A2#0000D4310000040B
(1790952592.579272) can0 2A3#0002B209FFFD6E4A
(1790952592.579397) can0 2A4#0001132AFFFD7689
(1790952592.579522) can0 2A5#000007BF000007CA
(1790952592.579622) can0 2A6#00000000FFFFFA7E
(1790952592.579747) can0 2A7#00005689FFFFF5D5
(1790952592.584047) can0 2A1#0100010000000000
(1790952592.584170) can0 2A2#0000D4310000040B
(1790952592.584297) can0 2A3#0002B209FFFD6E4A
(1790952592.584397) can0 2A4#0001132AFFFD7689
(1790952592.584521) can0 2A5#000007BF000007CA
(1790952592.584646) can0 2A6#00000000FFFFFA7E
(1790952592.584772) can0 2A7#00005689FFFFF5D5
(1790952592.589029) can0 2A1#0100010000000000
(1790952592.589145) can0 2A2#0000D4310000040B
(1790952592.589272) can0 2A3#0002B209FFFD6E4A
(1790952592.589395) can0 2A4#0001132AFFFD7689
(1790952592.589521) can0 2A5#000007BF000007CA
(1790952592.589647) can0 2A6#00000000FFFFFA7E
(1790952592.589747) can0 2A7#00005689FFFFF5D5
(1790952592.594052) can0 2A1#0100010000000000
(1790952592.594171) can0 2A2#0000D4310000040B
(1790952592.594297) can0 2A3#0002B209FFFD6E4A
(1790952592.594395) can0 2A4#0001132AFFFD7689
(1790952592.594521) can0 2A5#000007BF000007CA
(1790952592.594647) can0 2A6#00000000FFFFFA7E
(1790952592.594772) can0 2A7#00005689FFFFF5D5
(1790952592.599059) can0 2A1#0100010000000000
(1790952592.599173) can0 2A2#0000D4310000040B
(1790952592.599272) can0 2A3#0002B209FFFD6E4A
(1790952592.599396) can0 2A4#0001132AFFFD7689
(1790952592.599521) can0 2A5#000007BF000007CA
(1790952592.599620) can0 2A6#00000000FFFFFA7E
(1790952592.599747) can0 2A7#00005689FFFFF5D5
(1790952592.604312) can0 2A1#0100010000000000
(1790952592.604315) can0 2A2#0000D4310000040B
(1790952592.604316) can0 2A3#0002B209FFFD6E4A
(1790952592.604395) can0 2A4#0001132AFFFD7689
(1790952592.604522) can0 2A5#000007BF000007CA
(1790952592.604647) can0 2A6#00000000FFFFFA7E
(1790952592.604772) can0 2A7#00005689FFFFF5D5
(1790952592.609027) can0 2A1#0100010000000000
(1790952592.609145) can0 2A2#0000D4310000040B
(1790952592.609272) can0 2A3#0002B209FFFD6E4A
(1790952592.609398) can0 2A4#0001132AFFFD7689
(1790952592.609522) can0 2A5#000007BF000007CA
(1790952592.609647) can0 2A6#00000000FFFFFA7E
(1790952592.609747) can0 2A7#00005689FFFFF5D5
(1790952592.614064) can0 2A1#0100010000000000
(1790952592.614173) can0 2A2#0000D4310000040B
(1790952592.614273) can0 2A3#0002B209FFFD6E4A
(1790952592.614398) can0 2A4#0001132AFFFD7689
(1790952592.614521) can0 2A5#000007BF000007CA
(1790952592.614647) can0 2A6#00000000FFFFFA7E
(1790952592.614771) can0 2A7#00005689FFFFF5D5
(1790952592.619062) can0 2A1#0100010000000000
(1790952592.619147) can0 2A2#0000D4310000040B
(1790952592.619274) can0 2A3#0002B209FFFD6E4A
(1790952592.619398) can0 2A4#0001132AFFFD7689
(1790952592.619523) can0 2A5#000007BF000007CA
(1790952592.619621) can0 2A6#00000000FFFFFA7E
(1790952592.619747) can0 2A7#00005689FFFFF5D5
(1790952592.624063) can0 2A1#0100010000000000
(1790952592.624171) can0 2A2#0000D4310000040B
(1790952592.624273) can0 2A3#0002B209FFFD6E4A
(1790952592.624398) can0 2A4#0001132AFFFD7689
(1790952592.624523) can0 2A5#000007BF000007CA
(1790952592.624646) can0 2A6#00000000FFFFFA7E
(1790952592.624771) can0 2A7#00005689FFFFF5D5
(1790952592.629062) can0 2A1#0100010000000000
(1790952592.629146) can0 2A2#0000D4310000040B
(1790952592.629272) can0 2A3#0002B209FFFD6E4A
(1790952592.629397) can0 2A4#0001132AFFFD7689
(1790952592.629523) can0 2A5#000007BF000007CA
(1790952592.629624) can0 2A6#00000000FFFFFA7E
(1790952592.629747) can0 2A7#00005689FFFFF5D5
(1790952592.634057) can0 2A1#0100010000000000
(1790952592.634170) can0 2A2#0000D4310000040B
(1790952592.634272) can0 2A3#0002B209FFFD6E4A
(1790952592.634397) can0 2A4#0001132AFFFD7689
(1790952592.634522) can0 2A5#000007BF000007CA
(1790952592.634649) can0 2A6#00000000FFFFFA7E
(1790952592.634773) can0 2A7#00005689FFFFF5D5
(1790952592.639026) can0 2A1#0100010000000000
(1790952592.639174) can0 2A2#0000D4310000040B
(1790952592.639274) can0 2A3#0002B209FFFD6E4A
(1790952592.639398) can0 2A4#0001132AFFFD7689
(1790952592.639522) can0 2A5#000007BF000007CA
(1790952592.639623) can0 2A6#00000000FFFFFA7E
(1790952592.639748) can0 2A7#00005689FFFFF5D5
(1790952592.644054) can0 2A1#0100010000000000
(1790952592.644174) can0 2A2#0000D4310000040B
(1790952592.644298) can0 2A3#0002B209FFFD6E4A
(1790952592.644395) can0 2A4#0001132AFFFD7689
(1790952592.644522) can0 2A5#000007BF000007CA
(1790952592.644646) can0 2A6#00000000FFFFFA7E
(1790952592.644773) can0 2A7#00005689FFFFF5D5
(1790952592.649021) can0 2A1#0100010000000000
(1790952592.649149) can0 2A2#0000D4310000040B
(1790952592.649275) can0 2A3#0002B209FFFD6E4A
(1790952592.649396) can0 2A4#0001132AFFFD7689
(1790952592.649523) can0 2A5#000007BF000007CA
(1790952592.649649) can0 2A6#00000000FFFFFA7E
(1790952592.649748) can0 2A7#00005689FFFFF5D5
(1790952592.654054) can0 2A1#0100010000000000
(1790952592.654171) can0 2A2#0000D4310000040B
(1790952592.654299) can0 2A3#0002B209FFFD6E4A
(1790952592.654424) can0 2A4#0001132AFFFD7689
(1790952592.654549) can0 2A5#000007BF000007CA
(1790952592.654649) can0 2A6#00000000FFFFFA7E
(1790952592.654776) can0 2A7#00005689FFFFF5D5
(1790952592.659050) can0 2A1#0100010000000000
(1790952592.659147) can0 2A2#0000D4310000040B
(1790952592.659272) can0 2A3#0002B209FFFD6E4A
(1790952592.659398) can0 2A4#0001132AFFFD7689
(1790952592.659520) can0 2A5#000007BF000007CA
(1790952592.659647) can0 2A6#00000000FFFFFA7E
(1790952592.659748) can0 2A7#00005689FFFFF5D5
(1790952592.664064) can0 2A1#0100010000000000
(1790952592.664171) can0 2A2#0000D4310000040B
(1790952592.664275) can0 2A3#0002B209FFFD6E4A
(1790952592.664398) can0 2A4#0001132AFFFD7689
(1790952592.664525) can0 2A5#000007BF000007CA
(1790952592.664650) can0 2A6#00000000FFFFFA7E
(1790952592.664775) can0 2A7#00005689FFFFF5D5
(1790952592.669072) can0 2A1#0100010000000000
(1790952592.669175) can0 2A2#0000D4310000040B
(1790952592.669274) can0 2A3#0002B209FFFD6E4A
(1790952592.669398) can0 2A4#0001132AFFFD7689
(1790952592.669525) can0 2A5#000007BF000007CA
(1790952592.669648) can0 2A6#00000000FFFFFA7E
(1790952592.669747) can0 2A7#00005689FFFFF5D5
(1790952592.674081) can0 2A1#0100010000000000
(1790952592.674172) can0 2A2#0000D4310000040B
(1790952592.674299) can0 2A3#0002B209FFFD6E4A
(1790952592.674399) can0 2A4#0001132AFFFD7689
(1790952592.674521) can0 2A5#000007BF000007CA
(1790952592.674648) can0 2A6#00000000FFFFFA7E
(1790952592.674772) can0 2A7#00005689FFFFF5D5
(1790952592.679055) can0 2A1#0100010000000000
(1790952592.679146) can0 2A2#0000D4310000040B
(1790952592.679273) can0 2A3#0002B209FFFD6E4A
(1790952592.679397) can0 2A4#0001132AFFFD7689
(1790952592.679522) can0 2A5#000007BF000007CA
(1790952592.679623) can0 2A6#00000000FFFFFA7E
(1790952592.679750) can0 2A7#00005689FFFFF5D5
(1790952592.684059) can0 2A1#0100010000000000
(1790952592.684171) can0 2A2#0000D4310000040B
(1790952592.684300) can0 2A3#0002B209FFFD6E4A
(1790952592.684399) can0 2A4#0001132AFFFD7689
(1790952592.684525) can0 2A5#000007BF000007CA
(1790952592.684649) can0 2A6#00000000FFFFFA7E
(1790952592.684775) can0 2A7#00005689FFFFF5D5
(1790952592.689027) can0 2A1#0100010000000000
(1790952592.689150) can0 2A2#0000D4310000040B
(1790952592.689275) can0 2A3#0002B209FFFD6E4A
(1790952592.689399) can0 2A4#0001132AFFFD7689
(1790952592.689523) can0 2A5#000007BF000007CA
(1790952592.689623) can0 2A6#00000000FFFFFA7E
(1790952592.689748) can0 2A7#00005689FFFFF5D5
(1790952592.694058) can0 2A1#0100010000000000
(1790952592.694175) can0 2A2#0000D4310000040B
(1790952592.694299) can0 2A3#0002B209FFFD6E4A
(1790952592.694399) can0 2A4#0001132AFFFD7689
(1790952592.694524) can0 2A5#000007BF000007CA
(1790952592.694649) can0 2A6#00000000FFFFFA7E
(1790952592.694774) can0 2A7#00005689FFFFF5D5
(1790952592.699026) can0 2A1#0100010000000000
(1790952592.699146) can0 2A2#0000D4310000040B
(1790952592.699271) can0 2A3#0002B209FFFD6E4A
(1790952592.699398) can0 2A4#0001132AFFFD7689
(1790952592.699524) can0 2A5#000007BF000007CA
(1790952592.699649) can0 2A6#00000000FFFFFA7E
(1790952592.699748) can0 2A7#00005689FFFFF5D5
(1790952592.704052) can0 2A1#0100010000000000
(1790952592.704171) can0 2A2#0000D4310000040B
(1790952592.704299) can0 2A3#0002B209FFFD6E4A
(1790952592.704398) can0 2A4#0001132AFFFD7689
(1790952592.704524) can0 2A5#000007BF000007CA
(1790952592.704648) can0 2A6#00000000FFFFFA7E
(1790952592.704772) can0 2A7#00005689FFFFF5D5
(1790952592.709031) can0 2A1#0100010000000000
(1790952592.709145) can0 2A2#0000D4310000040B
(1790952592.709273) can0 2A3#0002B209FFFD6E4A
(1790952592.709396) can0 2A4#0001132AFFFD7689
(1790952592.709522) can0 2A5#000007BF000007CA
(1790952592.709647) can0 2A6#00000000FFFFFA7E
(1790952592.709748) can0 2A7#00005689FFFFF5D5
(1790952592.714053) can0 2A1#0100010000000000
(1790952592.714174) can0 2A2#0000D4310000040B
(1790952592.714299) can0 2A3#0002B209FFFD6E4A
(1790952592.714397) can0 2A4#0001132AFFFD7689
(1790952592.714523) can0 2A5#000007BF000007CA
(1790952592.714648) can0 2A6#00000000FFFFFA7E
(1790952592.714773) can0 2A7#00005689FFFFF5D5
(1790952592.719051) can0 2A1#0100010000000000
(1790952592.719150) can0 2A2#0000D4310000040B
(1790952592.719273) can0 2A3#0002B209FFFD6E4A
(1790952592.719400) can0 2A4#0001132AFFFD7689
(1790952592.719522) can0 2A5#000007BF000007CA
(1790952592.719623) can0 2A6#00000000FFFFFA7E
(1790952592.719747) can0 2A7#00005689FFFFF5D5
(1790952592.724054) can0 2A1#0100010000000000
(1790952592.724171) can0 2A2#0000D4310000040B
(1790952592.724296) can0 2A3#0002B209FFFD6E4A
(1790952592.724395) can0 2A4#0001132AFFFD7689
(1790952592.724520) can0 2A5#000007BF000007CA
(1790952592.724645) can0 2A6#00000000FFFFFA7E
(1790952592.724770) can0 2A7#00005689FFFFF5D5
(1790952592.729051) can0 2A1#0100010000000000
(1790952592.729147) can0 2A2#0000D4310000040B
(1790952592.729270) can0 2A3#0002B209FFFD6E4A
(1790952592.729370) can0 2A4#0001132AFFFD7689
(1790952592.729520) can0 2A5#000007BF000007CA
(1790952592.729645) can0 2A6#00000000FFFFFA7E
(1790952592.729745) can0 2A7#00005689FFFFF5D5
(1790952592.734051) can0 2A1#0100010000000000
(1790952592.734170) can0 2A2#0000D4310000040B
(1790952592.734296) can0 2A3#0002B209FFFD6E4A
(1790952592.734420) can0 2A4#0001132AFFFD7689
(1790952592.734520) can0 2A5#000007BF000007CA
(1790952592.734645) can0 2A6#00000000FFFFFA7E
(1790952592.734770) can0 2A7#00005689FFFFF5D5
(1790952592.739027) can0 2A1#0100010000000000
(1790952592.739146) can0 2A2#0000D4310000040B
(1790952592.739270) can0 2A3#0002B209FFFD6E4A
(1790952592.739395) can0 2A4#0001132AFFFD7689
(1790952592.739520) can0 2A5#000007BF000007CA
(1790952592.739621) can0 2A6#00000000FFFFFA7E
(1790952592.739745) can0 2A7#00005689FFFFF5D5
(1790952592.744051) can0 2A1#0100010000000000
(1790952592.744170) can0 2A2#0000D4310000040B
(1790952592.744295) can0 2A3#0002B209FFFD6E4A
(1790952592.744395) can0 2A4#0001132AFFFD7689
(1790952592.744520) can0 2A5#000007BF000007CA
(1790952592.744645) can0 2A6#00000000FFFFFA7E
(1790952592.744770) can0 2A7#00005689FFFFF5D5
(1790952592.749027) can0 2A1#0100010000000000
(1790952592.749145) can0 2A2#0000D4310000040B
(1790952592.749269) can0 2A3#0002B209FFFD6E4A
(1790952592.749395) can0 2A4#0001132AFFFD7689
(1790952592.749519) can0 2A5#000007BF000007CA
(1790952592.749645) can0 2A6#00000000FFFFFA7E
(1790952592.749745) can0 2A7#00005689FFFFF5D5
(1790952592.754053) can0 2A1#0100010000000000
(1790952592.754170) can0 2A2#0000D4310000040B
(1790952592.754270) can0 2A3#0002B209FFFD6E4A
(1790952592.754395) can0 2A4#0001132AFFFD7689
(1790952592.754519) can0 2A5#000007BF000007CA
(1790952592.754645) can0 2A6#00000000FFFFFA7E
(1790952592.754769) can0 2A7#00005689FFFFF5D5
(1790952592.759022) can0 2A1#0100010000000000
(1790952592.759145) can0 2A2#0000D4310000040B
(1790952592.759270) can0 2A3#0002B209FFFD6E4A
(1790952592.759394) can0 2A4#0001132AFFFD7689
(1790952592.759521) can0 2A5#000007BF000007CA
(1790952592.759645) can0 2A6#00000000FFFFFA7E
(1790952592.759746) can0 2A7#00005689FFFFF5D5
(1790952592.764057) can0 2A1#0100010000000000
(1790952592.764170) can0 2A2#0000D4310000040B
(1790952592.764295) can0 2A3#0002B209FFFD6E4A
(1790952592.764395) can0 2A4#0001132AFFFD7689
(1790952592.764519) can0 2A5#000007BF000007CA
(1790952592.764645) can0 2A6#00000000FFFFFA7E
(1790952592.764745) can0 2A7#00005689FFFFF5D5
(1790952592.769022) can0 2A1#0100010000000000
(1790952592.769148) can0 2A2#0000D4310000040B
(1790952592.769273) can0 2A3#0002B209FFFD6E4A
(1790952592.769397) can0 2A4#0001132AFFFD7689
(1790952592.769522) can0 2A5#000007BF000007CA
(1790952592.769646) can0 2A6#00000000FFFFFA7E
(1790952592.769746) can0 2A7#00005689FFFFF5D5
(1790952592.774050) can0 2A1#0100010000000000
(1790952592.774170) can0 2A2#0000D4310000040B
(1790952592.774271) can0 2A3#0002B209FFFD6E4A
(1790952592.774397) can0 2A4#0001132AFFFD7689
(1790952592.774547) can0 2A5#000007BF000007CA
(1790952592.774647) can0 2A6#00000000FFFFFA7E
(1790952592.774772) can0 2A7#00005689FFFFF5D5
(1790952592.779049) can0 2A1#0100010000000000
(1790952592.779170) can0 2A2#0000D4310000040B
(1790952592.779272) can0 2A3#0002B209FFFD6E4A
(1790952592.779397) can0 2A4#0001132AFFFD7689
(1790952592.779522) can0 2A5#000007BF000007CA
(1790952592.779622) can0 2A6#00000000FFFFFA7E
(1790952592.779748) can0 2A7#00005689FFFFF5D5
(1790952592.784050) can0 2A1#0100010000000000
(1790952592.784172) can0 2A2#0000D4310000040B
(1790952592.784297) can0 2A3#0002B209FFFD6E4A
(1790952592.784397) can0 2A4#0001132AFFFD7689
(1790952592.784520) can0 2A5#000007BF000007CA
(1790952592.784647) can0 2A6#00000000FFFFFA7E
(1790952592.784771) can0 2A7#00005689FFFFF5D5
(1790952592.789031) can0 2A1#0100010000000000
(1790952592.789149) can0 2A2#0000D4310000040B
(1790952592.789273) can0 2A3#0002B209FFFD6E4A
(1790952592.789398) can0 2A4#0001132AFFFD7689
(1790952592.789522) can0 2A5#000007BF000007CA
(1790952592.789649) can0 2A6#00000000FFFFFA7E
(1790952592.789747) can0 2A7#00005689FFFFF5D5
(1790952592.794050) can0 2A1#0100010000000000
(1790952592.794171) can0 2A2#0000D4310000040B
(1790952592.794298) can0 2A3#0002B209FFFD6E4A
(1790952592.794408) can0 2A4#0001132AFFFD7689
(1790952592.794522) can0 2A5#000007BF000007CA
(1790952592.794648) can0 2A6#00000000FFFFFA7E
(1790952592.794772) can0 2A7#00005689FFFFF5D5
