t_s,timestamp_s,frame_span_s,q1_rad,q2_rad,q3_rad,q4_rad,q5_rad,q6_rad,feedback_x_m,feedback_y_m,feedback_z_m,feedback_roll_rad,feedback_pitch_rad,feedback_yaw_rad,poe_x_m,poe_y_m,poe_z_m,poe_r11,poe_r12,poe_r13,poe_r21,poe_r22,poe_r23,poe_r31,poe_r32,poe_r33,position_error_m,rotation_error_rad
0,1790951868.2453599,0.00059795379638671875,0.034609879067047558,0,0,-0.024609142453120049,0.38664278919430384,-0.045430920429412401,0.052421999999999996,0.00096999999999999994,0.178507,-2.9152409028986486,1.2634438455186952,-2.8796187328654446,0.052397139207545587,0.00096730324224324898,0.17842302235604562,-0.29220649325996439,-0.045767107137005117,0.95525951301257628,-0.078326336719032275,0.99664386820035811,0.023790438306263872,-0.95314235572284312,-0.067870257719690949,-0.2948105796001419,8.7621779187526004e-05,2.8259862649723415e-05
0.0050251483917236328,1790951868.250385,0.00059914588928222656,0.034609879067047558,0,0,-0.024609142453120049,0.38664278919430384,-0.045430920429412401,0.052421999999999996,0.00096999999999999994,0.178507,-2.9152409028986486,1.2634438455186952,-2.8796187328654446,0.052397139207545587,0.00096730324224324898,0.17842302235604562,-0.29220649325996439,-0.045767107137005117,0.95525951301257628,-0.078326336719032275,0.99664386820035811,0.023790438306263872,-0.95314235572284312,-0.067870257719690949,-0.2948105796001419,8.7621779187526004e-05,2.8259862649723415e-05
0.0099980831146240234,1790951868.255358,0.00060009956359863281,0.034609879067047558,0,0,-0.024609142453120049,0.38664278919430384,-0.045430920429412401,0.052421999999999996,0.00096999999999999994,0.178507,-2.9152409028986486,1.2634438455186952,-2.8796187328654446,0.052397139207545587,0.00096730324224324898,0.17842302235604562,-0.29220649325996439,-0.045767107137005117,0.95525951301257628,-0.078326336719032275,0.99664386820035811,0.023790438306263872,-0.95314235572284312,-0.067870257719690949,-0.2948105796001419,8.7621779187526004e-05,2.8259862649723415e-05
0.015022993087768555,1790951868.2603829,0.00059986114501953125,0.034609879067047558,0,0,-0.024609142453120049,0.38664278919430384,-0.045430920429412401,0.052421999999999996,0.00096999999999999994,0.178507,-2.9152409028986486,1.2634438455186952,-2.8796187328654446,0.052397139207545587,0.00096730324224324898,0.17842302235604562,-0.29220649325996439,-0.045767107137005117,0.95525951301257628,-0.078326336719032275,0.99664386820035811,0.023790438306263872,-0.95314235572284312,-0.067870257719690949,-0.2948105796001419,8.7621779187526004e-05,2.8259862649723415e-05
0.019998073577880859,1790951868.265358,0.00057387351989746094,0.034609879067047558,0,0,-0.024609142453120049,0.38664278919430384,-0.045430920429412401,0.052421999999999996,0.00096999999999999994,0.178507,-2.9152409028986486,1.2634438455186952,-2.8796187328654446,0.052397139207545587,0.00096730324224324898,0.17842302235604562,-0.29220649325996439,-0.045767107137005117,0.95525951301257628,-0.078326336719032275,0.99664386820035811,0.023790438306263872,-0.95314235572284312,-0.067870257719690949,-0.2948105796001419,8.7621779187526004e-05,2.8259862649723415e-05
0.025022983551025391,1790951868.2703829,0.000598907470703125,0.034609879067047558,0,0,-0.024609142453120049,0.38664278919430384,-0.045430920429412401,0.052421999999999996,0.00096999999999999994,0.178507,-2.9152409028986486,1.2634438455186952,-2.8796187328654446,0.052397139207545587,0.00096730324224324898,0.17842302235604562,-0.29220649325996439,-0.045767107137005117,0.95525951301257628,-0.078326336719032275,0.99664386820035811,0.023790438306263872,-0.95314235572284312,-0.067870257719690949,-0.2948105796001419,8.7621779187526004e-05,2.8259862649723415e-05
0.029998064041137695,1790951868.275358,0.000576019287109375,0.034609879067047558,0,0,-0.024609142453120049,0.38664278919430384,-0.045430920429412401,0.052421999999999996,0.00096999999999999994,0.178507,-2.9152409028986486,1.2634438455186952,-2.8796187328654446,0.052397139207545587,0.00096730324224324898,0.17842302235604562,-0.29220649325996439,-0.045767107137005117,0.95525951301257628,-0.078326336719032275,0.99664386820035811,0.023790438306263872,-0.95314235572284312,-0.067870257719690949,-0.2948105796001419,8.7621779187526004e-05,2.8259862649723415e-05
0.035024166107177734,1790951868.2803841,0.00060105323791503906,0.034609879067047558,0,0,-0.024609142453120049,0.38664278919430384,-0.045430920429412401,0.052421999999999996,0.00096999999999999994,0.178507,-2.9152409028986486,1.2634438455186952,-2.8796187328654446,0.052397139207545587,0.00096730324224324898,0.17842302235604562,-0.29220649325996439,-0.045767107137005117,0.95525951301257628,-0.078326336719032275,0.99664386820035811,0.023790438306263872,-0.95314235572284312,-0.067870257719690949,-0.2948105796001419,8.7621779187526004e-05,2.8259862649723415e-05
0.039999008178710938,1790951868.2853589,0.000598907470703125,0.034609879067047558,0,0,-0.024609142453120049,0.38664278919430384,-0.045430920429412401,0.052421999999999996,0.00096999999999999994,0.178507,-2.9152409028986486,1.2634438455186952,-2.8796187328654446,0.052397139207545587,0.00096730324224324898,0.17842302235604562,-0.29220649325996439,-0.045767107137005117,0.95525951301257628,-0.078326336719032275,0.99664386820035811,0.023790438306263872,-0.95314235572284312,-0.067870257719690949,-0.2948105796001419,8.7621779187526004e-05,2.8259862649723415e-05
0.04502415657043457,1790951868.2903841,0.00060105323791503906,0.034609879067047558,0,0,-0.024609142453120049,0.38664278919430384,-0.045430920429412401,0.052421999999999996,0.00096999999999999994,0.178507,-2.9152409028986486,1.2634438455186952,-2.8796187328654446,0.052397139207545587,0.00096730324224324898,0.17842302235604562,-0.29220649325996439,-0.045767107137005117,0.95525951301257628,-0.078326336719032275,0.99664386820035811,0.023790438306263872,-0.95314235572284312,-0.067870257719690949,-0.2948105796001419,8.7621779187526004e-05,2.8259862649723415e-05
0.050000190734863281,1790951868.2953601,0.00060200691223144531,0.034609879067047558,0,0,-0.024609142453120049,0.38664278919430384,-0.045430920429412401,0.052421999999999996,0.00096999999999999994,0.178507,-2.9152409028986486,1.2634438455186952,-2.8796187328654446,0.052397139207545587,0.00096730324224324898,0.17842302235604562,-0.29220649325996439,-0.045767107137005117,0.95525951301257628,-0.078326336719032275,0.99664386820035811,0.023790438306263872,-0.95314235572284312,-0.067870257719690949,-0.2948105796001419,8.7621779187526004e-05,2.8259862649723415e-05
0.055027008056640625,1790951868.3003869,0.00062799453735351562,0.034609879067047558,0,0,-0.024609142453120049,0.38664278919430384,-0.045430920429412401,0.052421999999999996,0.00096999999999999994,0.178507,-2.9152409028986486,1.2634438455186952,-2.8796187328654446,0.052397139207545587,0.00096730324224324898,0.17842302235604562,-0.29220649325996439,-0.045767107137005117,0.95525951301257628,-0.078326336719032275,0.99664386820035811,0.023790438306263872,-0.95314235572284312,-0.067870257719690949,-0.2948105796001419,8.7621779187526004e-05,2.8259862649723415e-05
0.059998989105224609,1790951868.3053589,0.00057196617126464844,0.034609879067047558,0,0,-0.024609142453120049,0.38664278919430384,-0.045430920429412401,0.052421999999999996,0.00096999999999999994,0.178507,-2.9152409028986486,1.2634438455186952,-2.8796187328654446,0.052397139207545587,0.00096730324224324898,0.17842302235604562,-0.29220649325996439,-0.045767107137005117,0.95525951301257628,-0.078326336719032275,0.99664386820035811,0.023790438306263872,-0.95314235572284312,-0.067870257719690949,-0.2948105796001419,8.7621779187526004e-05,2.8259862649723415e-05
0.065026044845581055,1790951868.3103859,0.00060296058654785156,0.034609879067047558,0,0,-0.024609142453120049,0.38664278919430384,-0.045430920429412401,0.052421999999999996,0.00096999999999999994,0.178507,-2.9152409028986486,1.2634438455186952,-2.8796187328654446,0.052397139207545587,0.00096730324224324898,0.17842302235604562,-0.29220649325996439,-0.045767107137005117,0.95525951301257628,-0.078326336719032275,0.99664386820035811,0.023790438306263872,-0.95314235572284312,-0.067870257719690949,-0.2948105796001419,8.7621779187526004e-05,2.8259862649723415e-05
0.070024013519287109,1790951868.3153839,0.00062298774719238281,0.034609879067047558,0,0,-0.024609142453120049,0.38664278919430384,-0.045430920429412401,0.052421999999999996,0.00096999999999999994,0.178507,-2.9152409028986486,1.2634438455186952,-2.8796187328654446,0.052397139207545587,0.00096730324224324898,0.17842302235604562,-0.29220649325996439,-0.045767107137005117,0.95525951301257628,-0.078326336719032275,0.99664386820035811,0.023790438306263872,-0.95314235572284312,-0.067870257719690949,-0.2948105796001419,8.7621779187526004e-05,2.8259862649723415e-05
0.075024127960205078,1790951868.320384,0.00060009956359863281,0.034609879067047558,0,0,-0.024609142453120049,0.38664278919430384,-0.045430920429412401,0.052421999999999996,0.00096999999999999994,0.178507,-2.9152409028986486,1.2634438455186952,-2.8796187328654446,0.052397139207545587,0.00096730324224324898,0.17842302235604562,-0.29220649325996439,-0.045767107137005117,0.95525951301257628,-0.078326336719032275,0.99664386820035811,0.023790438306263872,-0.95314235572284312,-0.067870257719690949,-0.2948105796001419,8.7621779187526004e-05,2.8259862649723415e-05
0.079998016357421875,1790951868.3253579,0.00059986114501953125,0.034609879067047558,0,0,-0.024609142453120049,0.38664278919430384,-0.045430920429412401,0.052421999999999996,0.00096999999999999994,0.178507,-2.9152409028986486,1.2634438455186952,-2.8796187328654446,0.052397139207545587,0.00096730324224324898,0.17842302235604562,-0.29220649325996439,-0.045767107137005117,0.95525951301257628,-0.078326336719032275,0.99664386820035811,0.023790438306263872,-0.95314235572284312,-0.067870257719690949,-0.2948105796001419,8.7621779187526004e-05,2.8259862649723415e-05
0.085024118423461914,1790951868.330384,0.00060009956359863281,0.034609879067047558,0,0,-0.024609142453120049,0.38664278919430384,-0.045430920429412401,0.052421999999999996,0.00096999999999999994,0.178507,-2.9152409028986486,1.2634438455186952,-2.8796187328654446,0.052397139207545587,0.00096730324224324898,0.17842302235604562,-0.29220649325996439,-0.045767107137005117,0.95525951301257628,-0.078326336719032275,0.99664386820035811,0.023790438306263872,-0.95314235572284312,-0.067870257719690949,-0.2948105796001419,8.7621779187526004e-05,2.8259862649723415e-05
0.090023994445800781,1790951868.3353839,0.00062584877014160156,0.034609879067047558,0,0,-0.024609142453120049,0.38664278919430384,-0.045430920429412401,0.052421999999999996,0.00096999999999999994,0.178507,-2.9152409028986486,1.2634438455186952,-2.8796187328654446,0.052397139207545587,0.00096730324224324898,0.17842302235604562,-0.29220649325996439,-0.045767107137005117,0.95525951301257628,-0.078326336719032275,0.99664386820035811,0.023790438306263872,-0.95314235572284312,-0.067870257719690949,-0.2948105796001419,8.7621779187526004e-05,2.8259862649723415e-05
0.095023155212402344,1790951868.3403831,0.00059795379638671875,0.034609879067047558,0,0,-0.024609142453120049,0.38664278919430384,-0.045430920429412401,0.052421999999999996,0.00096999999999999994,0.178507,-2.9152409028986486,1.2634438455186952,-2.8796187328654446,0.052397139207545587,0.00096730324224324898,0.17842302235604562,-0.29220649325996439,-0.045767107137005117,0.95525951301257628,-0.078326336719032275,0.99664386820035811,0.023790438306263872,-0.95314235572284312,-0.067870257719690949,-0.2948105796001419,8.7621779187526004e-05,2.8259862649723415e-05
0.099999189376831055,1790951868.3453591,0.00060009956359863281,0.034609879067047558,0,0,-0.024609142453120049,0.38664278919430384,-0.045430920429412401,0.052421999999999996,0.00096999999999999994,0.178507,-2.9152409028986486,1.2634438455186952,-2.8796187328654446,0.052397139207545587,0.00096730324224324898,0.17842302235604562,-0.29220649325996439,-0.045767107137005117,0.95525951301257628,-0.078326336719032275,0.99664386820035811,0.023790438306263872,-0.95314235572284312,-0.067870257719690949,-0.2948105796001419,8.7621779187526004e-05,2.8259862649723415e-05
0.10502815246582031,1790951868.3503881,0.00060296058654785156,0.034609879067047558,0,0,-0.024609142453120049,0.38664278919430384,-0.045430920429412401,0.052421999999999996,0.00096999999999999994,0.178507,-2.9152409028986486,1.2634438455186952,-2.8796187328654446,0.052397139207545587,0.00096730324224324898,0.17842302235604562,-0.29220649325996439,-0.045767107137005117,0.95525951301257628,-0.078326336719032275,0.99664386820035811,0.023790438306263872,-0.95314235572284312,-0.067870257719690949,-0.2948105796001419,8.7621779187526004e-05,2.8259862649723415e-05
0.11002516746520996,1790951868.3553851,0.00062608718872070312,0.034609879067047558,0,0,-0.024609142453120049,0.38664278919430384,-0.045430920429412401,0.052421999999999996,0.00096999999999999994,0.178507,-2.9152409028986486,1.2634438455186952,-2.8796187328654446,0.052397139207545587,0.00096730324224324898,0.17842302235604562,-0.29220649325996439,-0.045767107137005117,0.95525951301257628,-0.078326336719032275,0.99664386820035811,0.023790438306263872,-0.95314235572284312,-0.067870257719690949,-0.2948105796001419,8.7621779187526004e-05,2.8259862649723415e-05
0.11502313613891602,1790951868.360383,0.0005950927734375,0.034609879067047558,0,0,-0.024609142453120049,0.38664278919430384,-0.045430920429412401,0.052421999999999996,0.00096999999999999994,0.178507,-2.9152409028986486,1.2634438455186952,-2.8796187328654446,0.052397139207545587,0.00096730324224324898,0.17842302235604562,-0.29220649325996439,-0.045767107137005117,0.95525951301257628,-0.078326336719032275,0.99664386820035811,0.023790438306263872,-0.95314235572284312,-0.067870257719690949,-0.2948105796001419,8.7621779187526004e-05,2.8259862649723415e-05
0.1200251579284668,1790951868.3653851,0.00062513351440429688,0.034609879067047558,0,0,-0.024609142453120049,0.38664278919430384,-0.045430920429412401,0.052421999999999996,0.00096999999999999994,0.178507,-2.9152409028986486,1.2634438455186952,-2.8796187328654446,0.052397139207545587,0.00096730324224324898,0.17842302235604562,-0.29220649325996439,-0.045767107137005117,0.95525951301257628,-0.078326336719032275,0.99664386820035811,0.023790438306263872,-0.95314235572284312,-0.067870257719690949,-0.2948105796001419,8.7621779187526004e-05,2.8259862649723415e-05
0.12502503395080566,1790951868.3703849,0.000598907470703125,0.034609879067047558,0,0,-0.024609142453120049,0.38664278919430384,-0.045430920429412401,0.052421999999999996,0.00096999999999999994,0.178507,-2.9152409028986486,1.2634438455186952,-2.8796187328654446,0.052397139207545587,0.00096730324224324898,0.17842302235604562,-0.29220649325996439,-0.045767107137005117,0.95525951301257628,-0.078326336719032275,0.99664386820035811,0.023790438306263872,-0.95314235572284312,-0.067870257719690949,-0.2948105796001419,8.7621779187526004e-05,2.8259862649723415e-05
0.13000011444091797,1790951868.37536,0.0005741119384765625,0.034609879067047558,0,0,-0.024609142453120049,0.38664278919430384,-0.045430920429412401,0.052421999999999996,0.00096999999999999994,0.178507,-2.9152409028986486,1.2634438455186952,-2.8796187328654446,0.052397139207545587,0.00096730324224324898,0.17842302235604562,-0.29220649325996439,-0.045767107137005117,0.95525951301257628,-0.078326336719032275,0.99664386820035811,0.023790438306263872,-0.95314235572284312,-0.067870257719690949,-0.2948105796001419,8.7621779187526004e-05,2.8259862649723415e-05
0.13502407073974609,1790951868.380384,0.000598907470703125,0.034609879067047558,0,0,-0.024609142453120049,0.38664278919430384,-0.045430920429412401,0.052421999999999996,0.00096999999999999994,0.178507,-2.9152409028986486,1.2634438455186952,-2.8796187328654446,0.052397139207545587,0.00096730324224324898,0.17842302235604562,-0.29220649325996439,-0.045767107137005117,0.95525951301257628,-0.078326336719032275,0.99664386820035811,0.023790438306263872,-0.95314235572284312,-0.067870257719690949,-0.2948105796001419,8.7621779187526004e-05,2.8259862649723415e-05
0.14002513885498047,1790951868.385385,0.00062298774719238281,0.034609879067047558,0,0,-0.024609142453120049,0.38664278919430384,-0.045430920429412401,0.052421999999999996,0.00096999999999999994,0.178507,-2.9152409028986486,1.2634438455186952,-2.8796187328654446,0.052397139207545587,0.00096730324224324898,0.17842302235604562,-0.29220649325996439,-0.045767107137005117,0.95525951301257628,-0.078326336719032275,0.99664386820035811,0.023790438306263872,-0.95314235572284312,-0.067870257719690949,-0.2948105796001419,8.7621779187526004e-05,2.8259862649723415e-05
0.14502501487731934,1790951868.3903849,0.00062584877014160156,0.034609879067047558,0,0,-0.024609142453120049,0.38664278919430384,-0.045430920429412401,0.052421999999999996,0.00096999999999999994,0.178507,-2.9152409028986486,1.2634438455186952,-2.8796187328654446,0.052397139207545587,0.00096730324224324898,0.17842302235604562,-0.29220649325996439,-0.045767107137005117,0.95525951301257628,-0.078326336719032275,0.99664386820035811,0.023790438306263872,-0.95314235572284312,-0.067870257719690949,-0.2948105796001419,8.7621779187526004e-05,2.8259862649723415e-05
0.15000009536743164,1790951868.39536,0.000598907470703125,0.034609879067047558,0,0,-0.024609142453120049,0.38664278919430384,-0.045430920429412401,0.052421999999999996,0.00096999999999999994,0.178507,-2.9152409028986486,1.2634438455186952,-2.8796187328654446,0.052397139207545587,0.00096730324224324898,0.17842302235604562,-0.29220649325996439,-0.045767107137005117,0.95525951301257628,-0.078326336719032275,0.99664386820035811,0.023790438306263872,-0.95314235572284312,-0.067870257719690949,-0.2948105796001419,8.7621779187526004e-05,2.8259862649723415e-05
0.15502500534057617,1790951868.4003849,0.00059986114501953125,0.034609879067047558,0,0,-0.024609142453120049,0.38664278919430384,-0.045430920429412401,0.052421999999999996,0.00096999999999999994,0.178507,-2.9152409028986486,1.2634438455186952,-2.8796187328654446,0.052397139207545587,0.00096730324224324898,0.17842302235604562,-0.29220649325996439,-0.045767107137005117,0.95525951301257628,-0.078326336719032275,0.99664386820035811,0.023790438306263872,-0.95314235572284312,-0.067870257719690949,-0.2948105796001419,8.7621779187526004e-05,2.8259862649723415e-05
0.16000008583068848,1790951868.40536,0.000598907470703125,0.034609879067047558,0,0,-0.024609142453120049,0.38664278919430384,-0.045430920429412401,0.052421999999999996,0.00096999999999999994,0.178507,-2.9152409028986486,1.2634438455186952,-2.8796187328654446,0.052397139207545587,0.00096730324224324898,0.17842302235604562,-0.29220649325996439,-0.045767107137005117,0.95525951301257628,-0.078326336719032275,0.99664386820035811,0.023790438306263872,-0.95314235572284312,-0.067870257719690949,-0.2948105796001419,8.7621779187526004e-05,2.8259862649723415e-05
0.16502499580383301,1790951868.4103849,0.00059986114501953125,0.034609879067047558,0,0,-0.024609142453120049,0.38664278919430384,-0.045430920429412401,0.052421999999999996,0.00096999999999999994,0.178507,-2.9152409028986486,1.2634438455186952,-2.8796187328654446,0.052397139207545587,0.00096730324224324898,0.17842302235604562,-0.29220649325996439,-0.045767107137005117,0.95525951301257628,-0.078326336719032275,0.99664386820035811,0.023790438306263872,-0.95314235572284312,-0.067870257719690949,-0.2948105796001419,8.7621779187526004e-05,2.8259862649723415e-05
0.17000007629394531,1790951868.41536,0.00057387351989746094,0.034609879067047558,0,0,-0.024609142453120049,0.38664278919430384,-0.045430920429412401,0.052421999999999996,0.00096999999999999994,0.178507,-2.9152409028986486,1.2634438455186952,-2.8796187328654446,0.052397139207545587,0.00096730324224324898,0.17842302235604562,-0.29220649325996439,-0.045767107137005117,0.95525951301257628,-0.078326336719032275,0.99664386820035811,0.023790438306263872,-0.95314235572284312,-0.067870257719690949,-0.2948105796001419,8.7621779187526004e-05,2.8259862649723415e-05
0.17502713203430176,1790951868.420387,0.00060009956359863281,0.034609879067047558,0,0,-0.024609142453120049,0.38664278919430384,-0.045430920429412401,0.052421999999999996,0.00096999999999999994,0.178507,-2.9152409028986486,1.2634438455186952,-2.8796187328654446,0.052397139207545587,0.00096730324224324898,0.17842302235604562,-0.29220649325996439,-0.045767107137005117,0.95525951301257628,-0.078326336719032275,0.99664386820035811,0.023790438306263872,-0.95314235572284312,-0.067870257719690949,-0.2948105796001419,8.7621779187526004e-05,2.8259862649723415e-05
0.18000507354736328,1790951868.425365,0.0005779266357421875,0.034609879067047558,0,0,-0.024609142453120049,0.38664278919430384,-0.045430920429412401,0.052421999999999996,0.00096999999999999994,0.178507,-2.9152409028986486,1.2634438455186952,-2.8796187328654446,0.052397139207545587,0.00096730324224324898,0.17842302235604562,-0.29220649325996439,-0.045767107137005117,0.95525951301257628,-0.078326336719032275,0.99664386820035811,0.023790438306263872,-0.95314235572284312,-0.067870257719690949,-0.2948105796001419,8.7621779187526004e-05,2.8259862649723415e-05
0.18502521514892578,1790951868.4303851,0.00059819221496582031,0.034609879067047558,0,0,-0.024609142453120049,0.38664278919430384,-0.045430920429412401,0.052421999999999996,0.00096999999999999994,0.178507,-2.9152409028986486,1.2634438455186952,-2.8796187328654446,0.052397139207545587,0.00096730324224324898,0.17842302235604562,-0.29220649325996439,-0.045767107137005117,0.95525951301257628,-0.078326336719032275,0.99664386820035811,0.023790438306263872,-0.95314235572284312,-0.067870257719690949,-0.2948105796001419,8.7621779187526004e-05,2.8259862649723415e-05
0.18999910354614258,1790951868.435359,0.000598907470703125,0.034609879067047558,0,0,-0.024609142453120049,0.38664278919430384,-0.045430920429412401,0.052421999999999996,0.00096999999999999994,0.178507,-2.9152409028986486,1.2634438455186952,-2.8796187328654446,0.052397139207545587,0.00096730324224324898,0.17842302235604562,-0.29220649325996439,-0.045767107137005117,0.95525951301257628,-0.078326336719032275,0.99664386820035811,0.023790438306263872,-0.95314235572284312,-0.067870257719690949,-0.2948105796001419,8.7621779187526004e-05,2.8259862649723415e-05
0.19502615928649902,1790951868.4403861,0.00060200691223144531,0.034609879067047558,0,0,-0.024609142453120049,0.38664278919430384,-0.045430920429412401,0.052421999999999996,0.00096999999999999994,0.178507,-2.9152409028986486,1.2634438455186952,-2.8796187328654446,0.052397139207545587,0.00096730324224324898,0.17842302235604562,-0.29220649325996439,-0.045767107137005117,0.95525951301257628,-0.078326336719032275,0.99664386820035811,0.023790438306263872,-0.95314235572284312,-0.067870257719690949,-0.2948105796001419,8.7621779187526004e-05,2.8259862649723415e-05
0.20000004768371582,1790951868.4453599,0.00057291984558105469,0.034609879067047558,0,0,-0.024609142453120049,0.38664278919430384,-0.045430920429412401,0.052421999999999996,0.00096999999999999994,0.178507,-2.9152409028986486,1.2634438455186952,-2.8796187328654446,0.052397139207545587,0.00096730324224324898,0.17842302235604562,-0.29220649325996439,-0.045767107137005117,0.95525951301257628,-0.078326336719032275,0.99664386820035811,0.023790438306263872,-0.95314235572284312,-0.067870257719690949,-0.2948105796001419,8.7621779187526004e-05,2.8259862649723415e-05
0.20502614974975586,1790951868.450386,0.00060105323791503906,0.034609879067047558,0,0,-0.024609142453120049,0.38664278919430384,-0.045430920429412401,0.052421999999999996,0.00096999999999999994,0.178507,-2.9152409028986486,1.2634438455186952,-2.8796187328654446,0.052397139207545587,0.00096730324224324898,0.17842302235604562,-0.29220649325996439,-0.045767107137005117,0.95525951301257628,-0.078326336719032275,0.99664386820035811,0.023790438306263872,-0.95314235572284312,-0.067870257719690949,-0.2948105796001419,8.7621779187526004e-05,2.8259862649723415e-05
0.21002602577209473,1790951868.4553859,0.00062394142150878906,0.034609879067047558,0,0,-0.024609142453120049,0.38664278919430384,-0.045430920429412401,0.052421999999999996,0.00096999999999999994,0.178507,-2.9152409028986486,1.2634438455186952,-2.8796187328654446,0.052397139207545587,0.00096730324224324898,0.17842302235604562,-0.29220649325996439,-0.045767107137005117,0.95525951301257628,-0.078326336719032275,0.99664386820035811,0.023790438306263872,-0.95314235572284312,-0.067870257719690949,-0.2948105796001419,8.7621779187526004e-05,2.8259862649723415e-05
0.21502518653869629,1790951868.4603851,0.00059914588928222656,0.034609879067047558,0,0,-0.024609142453120049,0.38664278919430384,-0.045430920429412401,0.052421999999999996,0.00096999999999999994,0.178507,-2.9152409028986486,1.2634438455186952,-2.8796187328654446,0.052397139207545587,0.00096730324224324898,0.17842302235604562,-0.29220649325996439,-0.045767107137005117,0.95525951301257628,-0.078326336719032275,0.99664386820035811,0.023790438306263872,-0.95314235572284312,-0.067870257719690949,-0.2948105796001419,8.7621779187526004e-05,2.8259862649723415e-05
0.22000312805175781,1790951868.465363,0.00060200691223144531,0.034609879067047558,0,0,-0.024609142453120049,0.38664278919430384,-0.045430920429412401,0.052421999999999996,0.00096999999999999994,0.178507,-2.9152409028986486,1.2634438455186952,-2.8796187328654446,0.052397139207545587,0.00096730324224324898,0.17842302235604562,-0.29220649325996439,-0.045767107137005117,0.95525951301257628,-0.078326336719032275,0.99664386820035811,0.023790438306263872,-0.95314235572284312,-0.067870257719690949,-0.2948105796001419,8.7621779187526004e-05,2.8259862649723415e-05
0.22502398490905762,1790951868.4703839,0.000598907470703125,0.034609879067047558,0,0,-0.024609142453120049,0.38664278919430384,-0.045430920429412401,0.052421999999999996,0.00096999999999999994,0.178507,-2.9152409028986486,1.2634438455186952,-2.8796187328654446,0.052397139207545587,0.00096730324224324898,0.17842302235604562,-0.29220649325996439,-0.045767107137005117,0.95525951301257628,-0.078326336719032275,0.99664386820035811,0.023790438306263872,-0.95314235572284312,-0.067870257719690949,-0.2948105796001419,8.7621779187526004e-05,2.8259862649723415e-05
0.23000216484069824,1790951868.4753621,0.0005741119384765625,0.034609879067047558,0,0,-0.024609142453120049,0.38664278919430384,-0.045430920429412401,0.052421999999999996,0.00096999999999999994,0.178507,-2.9152409028986486,1.2634438455186952,-2.8796187328654446,0.052397139207545587,0.00096730324224324898,0.17842302235604562,-0.29220649325996439,-0.045767107137005117,0.95525951301257628,-0.078326336719032275,0.99664386820035811,0.023790438306263872,-0.95314235572284312,-0.067870257719690949,-0.2948105796001419,8.7621779187526004e-05,2.8259862649723415e-05
0.23502516746520996,1790951868.4803851,0.0005950927734375,0.034609879067047558,0,0,-0.024609142453120049,0.38664278919430384,-0.045430920429412401,0.052421999999999996,0.00096999999999999994,0.178507,-2.9152409028986486,1.2634438455186952,-2.8796187328654446,0.052397139207545587,0.00096730324224324898,0.17842302235604562,-0.29220649325996439,-0.045767107137005117,0.95525951301257628,-0.078326336719032275,0.99664386820035811,0.023790438306263872,-0.95314235572284312,-0.067870257719690949,-0.2948105796001419,8.7621779187526004e-05,2.8259862649723415e-05
0.23999905586242676,1790951868.485359,0.00057196617126464844,0.034609879067047558,0,0,-0.024609142453120049,0.38664278919430384,-0.045430920429412401,0.052421999999999996,0.00096999999999999994,0.178507,-2.9152409028986486,1.2634438455186952,-2.8796187328654446,0.052397139207545587,0.00096730324224324898,0.17842302235604562,-0.29220649325996439,-0.045767107137005117,0.95525951301257628,-0.078326336719032275,0.99664386820035811,0.023790438306263872,-0.95314235572284312,-0.067870257719690949,-0.2948105796001419,8.7621779187526004e-05,2.8259862649723415e-05
0.24502420425415039,1790951868.4903841,0.0005970001220703125,0.034609879067047558,0,0,-0.024609142453120049,0.38664278919430384,-0.045430920429412401,0.052421999999999996,0.00096999999999999994,0.178507,-2.9152409028986486,1.2634438455186952,-2.8796187328654446,0.052397139207545587,0.00096730324224324898,0.17842302235604562,-0.29220649325996439,-0.045767107137005117,0.95525951301257628,-0.078326336719032275,0.99664386820035811,0.023790438306263872,-0.95314235572284312,-0.067870257719690949,-0.2948105796001419,8.7621779187526004e-05,2.8259862649723415e-05
0.25,1790951868.4953599,0.00057387351989746094,0.034609879067047558,0,0,-0.024609142453120049,0.38664278919430384,-0.045430920429412401,0.052421999999999996,0.00096999999999999994,0.178507,-2.9152409028986486,1.2634438455186952,-2.8796187328654446,0.052397139207545587,0.00096730324224324898,0.17842302235604562,-0.29220649325996439,-0.045767107137005117,0.95525951301257628,-0.078326336719032275,0.99664386820035811,0.023790438306263872,-0.95314235572284312,-0.067870257719690949,-0.2948105796001419,8.7621779187526004e-05,2.8259862649723415e-05
0.25502705574035645,1790951868.500387,0.00060105323791503906,0.034609879067047558,0,0,-0.024609142453120049,0.38664278919430384,-0.045430920429412401,0.052421999999999996,0.00096999999999999994,0.178507,-2.9152409028986486,1.2634438455186952,-2.8796187328654446,0.052397139207545587,0.00096730324224324898,0.17842302235604562,-0.29220649325996439,-0.045767107137005117,0.95525951301257628,-0.078326336719032275,0.99664386820035811,0.023790438306263872,-0.95314235572284312,-0.067870257719690949,-0.2948105796001419,8.7621779187526004e-05,2.8259862649723415e-05
0.26002407073974609,1790951868.505384,0.00062394142150878906,0.034609879067047558,0,0,-0.024609142453120049,0.38664278919430384,-0.045430920429412401,0.052421999999999996,0.00096999999999999994,0.178507,-2.9152409028986486,1.2634438455186952,-2.8796187328654446,0.052397139207545587,0.00096730324224324898,0.17842302235604562,-0.29220649325996439,-0.045767107137005117,0.95525951301257628,-0.078326336719032275,0.99664386820035811,0.023790438306263872,-0.95314235572284312,-0.067870257719690949,-0.2948105796001419,8.7621779187526004e-05,2.8259862649723415e-05
0.26502418518066406,1790951868.5103841,0.00059914588928222656,0.034609879067047558,0,0,-0.024609142453120049,0.38664278919430384,-0.045430920429412401,0.052421999999999996,0.00096999999999999994,0.178507,-2.9152409028986486,1.2634438455186952,-2.8796187328654446,0.052397139207545587,0.00096730324224324898,0.17842302235604562,-0.29220649325996439,-0.045767107137005117,0.95525951301257628,-0.078326336719032275,0.99664386820035811,0.023790438306263872,-0.95314235572284312,-0.067870257719690949,-0.2948105796001419,8.7621779187526004e-05,2.8259862649723415e-05
0.27002406120300293,1790951868.515384,0.00062489509582519531,0.034609879067047558,0,0,-0.024609142453120049,0.38664278919430384,-0.045430920429412401,0.052421999999999996,0.00096999999999999994,0.178507,-2.9152409028986486,1.2634438455186952,-2.8796187328654446,0.052397139207545587,0.00096730324224324898,0.17842302235604562,-0.29220649325996439,-0.045767107137005117,0.95525951301257628,-0.078326336719032275,0.99664386820035811,0.023790438306263872,-0.95314235572284312,-0.067870257719690949,-0.2948105796001419,8.7621779187526004e-05,2.8259862649723415e-05
0.2750251293182373,1790951868.520385,0.00058794021606445312,0.034609879067047558,0,0,-0.024609142453120049,0.38664278919430384,-0.045430920429412401,0.052421999999999996,0.00096999999999999994,0.178507,-2.9152409028986486,1.2634438455186952,-2.8796187328654446,0.052397139207545587,0.00096730324224324898,0.17842302235604562,-0.29220649325996439,-0.045767107137005117,0.95525951301257628,-0.078326336719032275,0.99664386820035811,0.023790438306263872,-0.95314235572284312,-0.067870257719690949,-0.2948105796001419,8.7621779187526004e-05,2.8259862649723415e-05
0.28000116348266602,1790951868.5253611,0.00060105323791503906,0.034609879067047558,0,0,-0.024609142453120049,0.38664278919430384,-0.045430920429412401,0.052421999999999996,0.00096999999999999994,0.178507,-2.9152409028986486,1.2634438455186952,-2.8796187328654446,0.052397139207545587,0.00096730324224324898,0.17842302235604562,-0.29220649325996439,-0.045767107137005117,0.95525951301257628,-0.078326336719032275,0.99664386820035811,0.023790438306263872,-0.95314235572284312,-0.067870257719690949,-0.2948105796001419,8.7621779187526004e-05,2.8259862649723415e-05
0.28502416610717773,1790951868.5303841,0.00058102607727050781,0.034609879067047558,0,0,-0.024609142453120049,0.38664278919430384,-0.045430920429412401,0.052421999999999996,0.00096999999999999994,0.178507,-2.9152409028986486,1.2634438455186952,-2.8796187328654446,0.052397139207545587,0.00096730324224324898,0.17842302235604562,-0.29220649325996439,-0.045767107137005117,0.95525951301257628,-0.078326336719032275,0.99664386820035811,0.023790438306263872,-0.95314235572284312,-0.067870257719690949,-0.2948105796001419,8.7621779187526004e-05,2.8259862649723415e-05
0.29002499580383301,1790951868.5353849,0.0006008148193359375,0.034609879067047558,0,0,-0.024609142453120049,0.38664278919430384,-0.045430920429412401,0.052421999999999996,0.00096999999999999994,0.178507,-2.9152409028986486,1.2634438455186952,-2.8796187328654446,0.052397139207545587,0.00096730324224324898,0.17842302235604562,-0.29220649325996439,-0.045767107137005117,0.95525951301257628,-0.078326336719032275,0.99664386820035811,0.023790438306263872,-0.95314235572284312,-0.067870257719690949,-0.2948105796001419,8.7621779187526004e-05,2.8259862649723415e-05
0.29502606391906738,1790951868.540386,0.00060200691223144531,0.034609879067047558,0,0,-0.024609142453120049,0.38664278919430384,-0.045430920429412401,0.052421999999999996,0.00096999999999999994,0.178507,-2.9152409028986486,1.2634438455186952,-2.8796187328654446,0.052397139207545587,0.00096730324224324898,0.17842302235604562,-0.29220649325996439,-0.045767107137005117,0.95525951301257628,-0.078326336719032275,0.99664386820035811,0.023790438306263872,-0.95314235572284312,-0.067870257719690949,-0.2948105796001419,8.7621779187526004e-05,2.8259862649723415e-05
0.30002498626708984,1790951868.5453849,0.00062584877014160156,0.034609879067047558,0,0,-0.024609142453120049,0.38664278919430384,-0.045430920429412401,0.052421999999999996,0.00096999999999999994,0.178507,-2.9152409028986486,1.2634438455186952,-2.8796187328654446,0.052397139207545587,0.00096730324224324898,0.17842302235604562,-0.29220649325996439,-0.045767107137005117,0.95525951301257628,-0.078326336719032275,0.99664386820035811,0.023790438306263872,-0.95314235572284312,-0.067870257719690949,-0.2948105796001419,8.7621779187526004e-05,2.8259862649723415e-05
0.30502605438232422,1790951868.550386,0.000598907470703125,0.034609879067047558,0,0,-0.024609142453120049,0.38664278919430384,-0.045430920429412401,0.052421999999999996,0.00096999999999999994,0.178507,-2.9152409028986486,1.2634438455186952,-2.8796187328654446,0.052397139207545587,0.00096730324224324898,0.17842302235604562,-0.29220649325996439,-0.045767107137005117,0.95525951301257628,-0.078326336719032275,0.99664386820035811,0.023790438306263872,-0.95314235572284312,-0.067870257719690949,-0.2948105796001419,8.7621779187526004e-05,2.8259862649723415e-05
0.31002402305603027,1790951868.5553839,0.00062489509582519531,0.034609879067047558,0,0,-0.024609142453120049,0.38664278919430384,-0.045430920429412401,0.052421999999999996,0.00096999999999999994,0.178507,-2.9152409028986486,1.2634438455186952,-2.8796187328654446,0.052397139207545587,0.00096730324224324898,0.17842302235604562,-0.29220649325996439,-0.045767107137005117,0.95525951301257628,-0.078326336719032275,0.99664386820035811,0.023790438306263872,-0.95314235572284312,-0.067870257719690949,-0.2948105796001419,8.7621779187526004e-05,2.8259862649723415e-05
0.31502413749694824,1790951868.560384,0.00060009956359863281,0.034609879067047558,0,0,-0.024609142453120049,0.38664278919430384,-0.045430920429412401,0.052421999999999996,0.00096999999999999994,0.178507,-2.9152409028986486,1.2634438455186952,-2.8796187328654446,0.052397139207545587,0.00096730324224324898,0.17842302235604562,-0.29220649325996439,-0.045767107137005117,0.95525951301257628,-0.078326336719032275,0.99664386820035811,0.023790438306263872,-0.95314235572284312,-0.067870257719690949,-0.2948105796001419,8.7621779187526004e-05,2.8259862649723415e-05
0.32002711296081543,1790951868.565387,0.00062489509582519531,0.034609879067047558,0,0,-0.024609142453120049,0.38664278919430384,-0.045430920429412401,0.052421999999999996,0.00096999999999999994,0.178507,-2.9152409028986486,1.2634438455186952,-2.8796187328654446,0.052397139207545587,0.00096730324224324898,0.17842302235604562,-0.29220649325996439,-0.045767107137005117,0.95525951301257628,-0.078326336719032275,0.99664386820035811,0.023790438306263872,-0.95314235572284312,-0.067870257719690949,-0.2948105796001419,8.7621779187526004e-05,2.8259862649723415e-05
0.32502508163452148,1790951868.570385,0.00060105323791503906,0.034609879067047558,0,0,-0.024609142453120049,0.38664278919430384,-0.045430920429412401,0.052421999999999996,0.00096999999999999994,0.178507,-2.9152409028986486,1.2634438455186952,-2.8796187328654446,0.052397139207545587,0.00096730324224324898,0.17842302235604562,-0.29220649325996439,-0.045767107137005117,0.95525951301257628,-0.078326336719032275,0.99664386820035811,0.023790438306263872,-0.95314235572284312,-0.067870257719690949,-0.2948105796001419,8.7621779187526004e-05,2.8259862649723415e-05
0.33002519607543945,1790951868.5753851,0.00062608718872070312,0.034609879067047558,0,0,-0.024609142453120049,0.38664278919430384,-0.045430920429412401,0.052421999999999996,0.00096999999999999994,0.178507,-2.9152409028986486,1.2634438455186952,-2.8796187328654446,0.052397139207545587,0.00096730324224324898,0.17842302235604562,-0.29220649325996439,-0.045767107137005117,0.95525951301257628,-0.078326336719032275,0.99664386820035811,0.023790438306263872,-0.95314235572284312,-0.067870257719690949,-0.2948105796001419,8.7621779187526004e-05,2.8259862649723415e-05
0.33502411842346191,1790951868.580384,0.00060009956359863281,0.034609879067047558,0,0,-0.024609142453120049,0.38664278919430384,-0.045430920429412401,0.052421999999999996,0.00096999999999999994,0.178507,-2.9152409028986486,1.2634438455186952,-2.8796187328654446,0.052397139207545587,0.00096730324224324898,0.17842302235604562,-0.29220649325996439,-0.045767107137005117,0.95525951301257628,-0.078326336719032275,0.99664386820035811,0.023790438306263872,-0.95314235572284312,-0.067870257719690949,-0.2948105796001419,8.7621779187526004e-05,2.8259862649723415e-05
0.34002518653869629,1790951868.5853851,0.00060009956359863281,0.034609879067047558,0,0,-0.024609142453120049,0.38664278919430384,-0.045430920429412401,0.052421999999999996,0.00096999999999999994,0.178507,-2.9152409028986486,1.2634438455186952,-2.8796187328654446,0.052397139207545587,0.00096730324224324898,0.17842302235604562,-0.29220649325996439,-0.045767107137005117,0.95525951301257628,-0.078326336719032275,0.99664386820035811,0.023790438306263872,-0.95314235572284312,-0.067870257719690949,-0.2948105796001419,8.7621779187526004e-05,2.8259862649723415e-05
0.34502506256103516,1790951868.590385,0.000598907470703125,0.034609879067047558,0,0,-0.024609142453120049,0.38664278919430384,-0.045430920429412401,0.052421999999999996,0.00096999999999999994,0.178507,-2.9152409028986486,1.2634438455186952,-2.8796187328654446,0.052397139207545587,0.00096730324224324898,0.17842302235604562,-0.29220649325996439,-0.045767107137005117,0.95525951301257628,-0.078326336719032275,0.99664386820035811,0.023790438306263872,-0.95314235572284312,-0.067870257719690949,-0.2948105796001419,8.7621779187526004e-05,2.8259862649723415e-05
0.35002517700195312,1790951868.5953851,0.00062417984008789062,0.034609879067047558,0,0,-0.024609142453120049,0.38664278919430384,-0.045430920429412401,0.052421999999999996,0.00096999999999999994,0.178507,-2.9152409028986486,1.2634438455186952,-2.8796187328654446,0.052397139207545587,0.00096730324224324898,0.17842302235604562,-0.29220649325996439,-0.045767107137005117,0.95525951301257628,-0.078326336719032275,0.99664386820035811,0.023790438306263872,-0.95314235572284312,-0.067870257719690949,-0.2948105796001419,8.7621779187526004e-05,2.8259862649723415e-05
0.35502505302429199,1790951868.600385,0.000598907470703125,0.034609879067047558,0,0,-0.024609142453120049,0.38664278919430384,-0.045430920429412401,0.052421999999999996,0.00096999999999999994,0.178507,-2.9152409028986486,1.2634438455186952,-2.8796187328654446,0.052397139207545587,0.00096730324224324898,0.17842302235604562,-0.29220649325996439,-0.045767107137005117,0.95525951301257628,-0.078326336719032275,0.99664386820035811,0.023790438306263872,-0.95314235572284312,-0.067870257719690949,-0.2948105796001419,8.7621779187526004e-05,2.8259862649723415e-05
0.36002516746520996,1790951868.6053851,0.00062417984008789062,0.034609879067047558,0,0,-0.024609142453120049,0.38664278919430384,-0.045430920429412401,0.052421999999999996,0.00096999999999999994,0.178507,-2.9152409028986486,1.2634438455186952,-2.8796187328654446,0.052397139207545587,0.00096730324224324898,0.17842302235604562,-0.29220649325996439,-0.045767107137005117,0.95525951301257628,-0.078326336719032275,0.99664386820035811,0.023790438306263872,-0.95314235572284312,-0.067870257719690949,-0.2948105796001419,8.7621779187526004e-05,2.8259862649723415e-05
0.36502408981323242,1790951868.610384,0.00060009956359863281,0.034609879067047558,0,0,-0.024609142453120049,0.38664278919430384,-0.045430920429412401,0.052421999999999996,0.00096999999999999994,0.178507,-2.9152409028986486,1.2634438455186952,-2.8796187328654446,0.052397139207545587,0.00096730324224324898,0.17842302235604562,-0.29220649325996439,-0.045767107137005117,0.95525951301257628,-0.078326336719032275,0.99664386820035811,0.023790438306263872,-0.95314235572284312,-0.067870257719690949,-0.2948105796001419,8.7621779187526004e-05,2.8259862649723415e-05
0.3700251579284668,1790951868.6153851,0.00061511993408203125,0.034609879067047558,0,0,-0.024609142453120049,0.38664278919430384,-0.045430920429412401,0.052421999999999996,0.00096999999999999994,0.178507,-2.9152409028986486,1.2634438455186952,-2.8796187328654446,0.052397139207545587,0.00096730324224324898,0.17842302235604562,-0.29220649325996439,-0.045767107137005117,0.95525951301257628,-0.078326336719032275,0.99664386820035811,0.023790438306263872,-0.95314235572284312,-0.067870257719690949,-0.2948105796001419,8.7621779187526004e-05,2.8259862649723415e-05
0.37502598762512207,1790951868.6203859,0.000598907470703125,0.034609879067047558,0,0,-0.024609142453120049,0.38664278919430384,-0.045430920429412401,0.052421999999999996,0.00096999999999999994,0.178507,-2.9152409028986486,1.2634438455186952,-2.8796187328654446,0.052397139207545587,0.00096730324224324898,0.17842302235604562,-0.29220649325996439,-0.045767107137005117,0.95525951301257628,-0.078326336719032275,0.99664386820035811,0.023790438306263872,-0.95314235572284312,-0.067870257719690949,-0.2948105796001419,8.7621779187526004e-05,2.8259862649723415e-05
0.38002610206604004,1790951868.625386,0.00062704086303710938,0.034609879067047558,0,0,-0.024609142453120049,0.38664278919430384,-0.045430920429412401,0.052421999999999996,0.00096999999999999994,0.178507,-2.9152409028986486,1.2634438455186952,-2.8796187328654446,0.052397139207545587,0.00096730324224324898,0.17842302235604562,-0.29220649325996439,-0.045767107137005117,0.95525951301257628,-0.078326336719032275,0.99664386820035811,0.023790438306263872,-0.95314235572284312,-0.067870257719690949,-0.2948105796001419,8.7621779187526004e-05,2.8259862649723415e-05
0.38502621650695801,1790951868.6303861,0.00060200691223144531,0.034609879067047558,0,0,-0.024609142453120049,0.38664278919430384,-0.045430920429412401,0.052421999999999996,0.00096999999999999994,0.178507,-2.9152409028986486,1.2634438455186952,-2.8796187328654446,0.052397139207545587,0.00096730324224324898,0.17842302235604562,-0.29220649325996439,-0.045767107137005117,0.95525951301257628,-0.078326336719032275,0.99664386820035811,0.023790438306263872,-0.95314235572284312,-0.067870257719690949,-0.2948105796001419,8.7621779187526004e-05,2.8259862649723415e-05
0.3900291919708252,1790951868.6353891,0.00062799453735351562,0.034609879067047558,0,0,-0.024609142453120049,0.38664278919430384,-0.045430920429412401,0.052421999999999996,0.00096999999999999994,0.178507,-2.9152409028986486,1.2634438455186952,-2.8796187328654446,0.052397139207545587,0.00096730324224324898,0.17842302235604562,-0.29220649325996439,-0.045767107137005117,0.95525951301257628,-0.078326336719032275,0.99664386820035811,0.023790438306263872,-0.95314235572284312,-0.067870257719690949,-0.2948105796001419,8.7621779187526004e-05,2.8259862649723415e-05
0.39502620697021484,1790951868.6403861,0.00060009956359863281,0.034609879067047558,0,0,-0.024609142453120049,0.38664278919430384,-0.045430920429412401,0.052421999999999996,0.00096999999999999994,0.178507,-2.9152409028986486,1.2634438455186952,-2.8796187328654446,0.052397139207545587,0.00096730324224324898,0.17842302235604562,-0.29220649325996439,-0.045767107137005117,0.95525951301257628,-0.078326336719032275,0.99664386820035811,0.023790438306263872,-0.95314235572284312,-0.067870257719690949,-0.2948105796001419,8.7621779187526004e-05,2.8259862649723415e-05
0.40002608299255371,1790951868.645386,0.00059604644775390625,0.034609879067047558,0,0,-0.024609142453120049,0.38664278919430384,-0.045430920429412401,0.052421999999999996,0.00096999999999999994,0.178507,-2.9152409028986486,1.2634438455186952,-2.8796187328654446,0.052397139207545587,0.00096730324224324898,0.17842302235604562,-0.29220649325996439,-0.045767107137005117,0.95525951301257628,-0.078326336719032275,0.99664386820035811,0.023790438306263872,-0.95314235572284312,-0.067870257719690949,-0.2948105796001419,8.7621779187526004e-05,2.8259862649723415e-05
0.40502619743347168,1790951868.6503861,0.00060105323791503906,0.034609879067047558,0,0,-0.024609142453120049,0.38664278919430384,-0.045430920429412401,0.052421999999999996,0.00096999999999999994,0.178507,-2.9152409028986486,1.2634438455186952,-2.8796187328654446,0.052397139207545587,0.00096730324224324898,0.17842302235604562,-0.29220649325996439,-0.045767107137005117,0.95525951301257628,-0.078326336719032275,0.99664386820035811,0.023790438306263872,-0.95314235572284312,-0.067870257719690949,-0.2948105796001419,8.7621779187526004e-05,2.8259862649723415e-05
0.41002607345581055,1790951868.655386,0.00062489509582519531,0.034609879067047558,0,0,-0.024609142453120049,0.38664278919430384,-0.045430920429412401,0.052421999999999996,0.00096999999999999994,0.178507,-2.9152409028986486,1.2634438455186952,-2.8796187328654446,0.052397139207545587,0.00096730324224324898,0.17842302235604562,-0.29220649325996439,-0.045767107137005117,0.95525951301257628,-0.078326336719032275,0.99664386820035811,0.023790438306263872,-0.95314235572284312,-0.067870257719690949,-0.2948105796001419,8.7621779187526004e-05,2.8259862649723415e-05
0.41502714157104492,1790951868.660387,0.00060009956359863281,0.034609879067047558,0,0,-0.024609142453120049,0.38664278919430384,-0.045430920429412401,0.052421999999999996,0.00096999999999999994,0.178507,-2.9152409028986486,1.2634438455186952,-2.8796187328654446,0.052397139207545587,0.00096730324224324898,0.17842302235604562,-0.29220649325996439,-0.045767107137005117,0.95525951301257628,-0.078326336719032275,0.99664386820035811,0.023790438306263872,-0.95314235572284312,-0.067870257719690949,-0.2948105796001419,8.7621779187526004e-05,2.8259862649723415e-05
0.42000102996826172,1790951868.6653609,0.00059986114501953125,0.034609879067047558,0,0,-0.024609142453120049,0.38664278919430384,-0.045430920429412401,0.052421999999999996,0.00096999999999999994,0.178507,-2.9152409028986486,1.2634438455186952,-2.8796187328654446,0.052397139207545587,0.00096730324224324898,0.17842302235604562,-0.29220649325996439,-0.045767107137005117,0.95525951301257628,-0.078326336719032275,0.99664386820035811,0.023790438306263872,-0.95314235572284312,-0.067870257719690949,-0.2948105796001419,8.7621779187526004e-05,2.8259862649723415e-05
0.42502617835998535,1790951868.6703861,0.00059103965759277344,0.034609879067047558,0,0,-0.024609142453120049,0.38664278919430384,-0.045430920429412401,0.052421999999999996,0.00096999999999999994,0.178507,-2.9152409028986486,1.2634438455186952,-2.8796187328654446,0.052397139207545587,0.00096730324224324898,0.17842302235604562,-0.29220649325996439,-0.045767107137005117,0.95525951301257628,-0.078326336719032275,0.99664386820035811,0.023790438306263872,-0.95314235572284312,-0.067870257719690949,-0.2948105796001419,8.7621779187526004e-05,2.8259862649723415e-05
0.43002510070800781,1790951868.675385,0.00062489509582519531,0.034609879067047558,0,0,-0.024609142453120049,0.38664278919430384,-0.045430920429412401,0.052421999999999996,0.00096999999999999994,0.178507,-2.9152409028986486,1.2634438455186952,-2.8796187328654446,0.052397139207545587,0.00096730324224324898,0.17842302235604562,-0.29220649325996439,-0.045767107137005117,0.95525951301257628,-0.078326336719032275,0.99664386820035811,0.023790438306263872,-0.95314235572284312,-0.067870257719690949,-0.2948105796001419,8.7621779187526004e-05,2.8259862649723415e-05
0.43502521514892578,1790951868.6803851,0.00060009956359863281,0.034609879067047558,0,0,-0.024609142453120049,0.38664278919430384,-0.045430920429412401,0.052421999999999996,0.00096999999999999994,0.178507,-2.9152409028986486,1.2634438455186952,-2.8796187328654446,0.052397139207545587,0.00096730324224324898,0.17842302235604562,-0.29220649325996439,-0.045767107137005117,0.95525951301257628,-0.078326336719032275,0.99664386820035811,0.023790438306263872,-0.95314235572284312,-0.067870257719690949,-0.2948105796001419,8.7621779187526004e-05,2.8259862649723415e-05
0.44002604484558105,1790951868.6853859,0.00062584877014160156,0.034609879067047558,0,0,-0.024609142453120049,0.38664278919430384,-0.045430920429412401,0.052421999999999996,0.00096999999999999994,0.178507,-2.9152409028986486,1.2634438455186952,-2.8796187328654446,0.052397139207545587,0.00096730324224324898,0.17842302235604562,-0.29220649325996439,-0.045767107137005117,0.95525951301257628,-0.078326336719032275,0.99664386820035811,0.023790438306263872,-0.95314235572284312,-0.067870257719690949,-0.2948105796001419,8.7621779187526004e-05,2.8259862649723415e-05
0.44502615928649902,1790951868.6903861,0.0005970001220703125,0.034609879067047558,0,0,-0.024609142453120049,0.38664278919430384,-0.045430920429412401,0.052421999999999996,0.00096999999999999994,0.178507,-2.9152409028986486,1.2634438455186952,-2.8796187328654446,0.052397139207545587,0.00096730324224324898,0.17842302235604562,-0.29220649325996439,-0.045767107137005117,0.95525951301257628,-0.078326336719032275,0.99664386820035811,0.023790438306263872,-0.95314235572284312,-0.067870257719690949,-0.2948105796001419,8.7621779187526004e-05,2.8259862649723415e-05
0.45002603530883789,1790951868.6953859,0.00062394142150878906,0.034609879067047558,0,0,-0.024609142453120049,0.38664278919430384,-0.045430920429412401,0.052421999999999996,0.00096999999999999994,0.178507,-2.9152409028986486,1.2634438455186952,-2.8796187328654446,0.052397139207545587,0.00096730324224324898,0.17842302235604562,-0.29220649325996439,-0.045767107137005117,0.95525951301257628,-0.078326336719032275,0.99664386820035811,0.023790438306263872,-0.95314235572284312,-0.067870257719690949,-0.2948105796001419,8.7621779187526004e-05,2.8259862649723415e-05
0.45503020286560059,1790951868.7003901,0.00060319900512695312,0.034609879067047558,0,0,-0.024609142453120049,0.38664278919430384,-0.045430920429412401,0.052421999999999996,0.00096999999999999994,0.178507,-2.9152409028986486,1.2634438455186952,-2.8796187328654446,0.052397139207545587,0.00096730324224324898,0.17842302235604562,-0.29220649325996439,-0.045767107137005117,0.95525951301257628,-0.078326336719032275,0.99664386820035811,0.023790438306263872,-0.95314235572284312,-0.067870257719690949,-0.2948105796001419,8.7621779187526004e-05,2.8259862649723415e-05
0.46000218391418457,1790951868.7053621,0.0005970001220703125,0.034609879067047558,0,0,-0.024609142453120049,0.38664278919430384,-0.045430920429412401,0.052421999999999996,0.00096999999999999994,0.178507,-2.9152409028986486,1.2634438455186952,-2.8796187328654446,0.052397139207545587,0.00096730324224324898,0.17842302235604562,-0.29220649325996439,-0.045767107137005117,0.95525951301257628,-0.078326336719032275,0.99664386820035811,0.023790438306263872,-0.95314235572284312,-0.067870257719690949,-0.2948105796001419,8.7621779187526004e-05,2.8259862649723415e-05
0.4650261402130127,1790951868.710386,0.00059914588928222656,0.034609879067047558,0,0,-0.024609142453120049,0.38664278919430384,-0.045430920429412401,0.052421999999999996,0.00096999999999999994,0.178507,-2.9152409028986486,1.2634438455186952,-2.8796187328654446,0.052397139207545587,0.00096730324224324898,0.17842302235604562,-0.29220649325996439,-0.045767107137005117,0.95525951301257628,-0.078326336719032275,0.99664386820035811,0.023790438306263872,-0.95314235572284312,-0.067870257719690949,-0.2948105796001419,8.7621779187526004e-05,2.8259862649723415e-05
0.470001220703125,1790951868.7153611,0.00059914588928222656,0.034609879067047558,0,0,-0.024609142453120049,0.38664278919430384,-0.045430920429412401,0.052421999999999996,0.00096999999999999994,0.178507,-2.9152409028986486,1.2634438455186952,-2.8796187328654446,0.052397139207545587,0.00096730324224324898,0.17842302235604562,-0.29220649325996439,-0.045767107137005117,0.95525951301257628,-0.078326336719032275,0.99664386820035811,0.023790438306263872,-0.95314235572284312,-0.067870257719690949,-0.2948105796001419,8.7621779187526004e-05,2.8259862649723415e-05
0.47502708435058594,1790951868.720387,0.00060009956359863281,0.034609879067047558,0,0,-0.024609142453120049,0.38664278919430384,-0.045430920429412401,0.052421999999999996,0.00096999999999999994,0.178507,-2.9152409028986486,1.2634438455186952,-2.8796187328654446,0.052397139207545587,0.00096730324224324898,0.17842302235604562,-0.29220649325996439,-0.045767107137005117,0.95525951301257628,-0.078326336719032275,0.99664386820035811,0.023790438306263872,-0.95314235572284312,-0.067870257719690949,-0.2948105796001419,8.7621779187526004e-05,2.8259862649723415e-05
0.4800260066986084,1790951868.7253859,0.0005970001220703125,0.034609879067047558,0,0,-0.024609142453120049,0.38664278919430384,-0.045430920429412401,0.052421999999999996,0.00096999999999999994,0.178507,-2.9152409028986486,1.2634438455186952,-2.8796187328654446,0.052397139207545587,0.00096730324224324898,0.17842302235604562,-0.29220649325996439,-0.045767107137005117,0.95525951301257628,-0.078326336719032275,0.99664386820035811,0.023790438306263872,-0.95314235572284312,-0.067870257719690949,-0.2948105796001419,8.7621779187526004e-05,2.8259862649723415e-05
0.48502612113952637,1790951868.730386,0.000598907470703125,0.034609879067047558,0,0,-0.024609142453120049,0.38664278919430384,-0.045430920429412401,0.052421999999999996,0.00096999999999999994,0.178507,-2.9152409028986486,1.2634438455186952,-2.8796187328654446,0.052397139207545587,0.00096730324224324898,0.17842302235604562,-0.29220649325996439,-0.045767107137005117,0.95525951301257628,-0.078326336719032275,0.99664386820035811,0.023790438306263872,-0.95314235572284312,-0.067870257719690949,-0.2948105796001419,8.7621779187526004e-05,2.8259862649723415e-05
0.49002718925476074,1790951868.7353871,0.00059914588928222656,0.034609879067047558,0,0,-0.024609142453120049,0.38664278919430384,-0.045430920429412401,0.052421999999999996,0.00096999999999999994,0.178507,-2.9152409028986486,1.2634438455186952,-2.8796187328654446,0.052397139207545587,0.00096730324224324898,0.17842302235604562,-0.29220649325996439,-0.045767107137005117,0.95525951301257628,-0.078326336719032275,0.99664386820035811,0.023790438306263872,-0.95314235572284312,-0.067870257719690949,-0.2948105796001419,8.7621779187526004e-05,2.8259862649723415e-05
0.4950251579284668,1790951868.7403851,0.00060009956359863281,0.034609879067047558,0,0,-0.024609142453120049,0.38664278919430384,-0.045430920429412401,0.052421999999999996,0.00096999999999999994,0.178507,-2.9152409028986486,1.2634438455186952,-2.8796187328654446,0.052397139207545587,0.00096730324224324898,0.17842302235604562,-0.29220649325996439,-0.045767107137005117,0.95525951301257628,-0.078326336719032275,0.99664386820035811,0.023790438306263872,-0.95314235572284312,-0.067870257719690949,-0.2948105796001419,8.7621779187526004e-05,2.8259862649723415e-05
0.50002717971801758,1790951868.7453871,0.00062298774719238281,0.034609879067047558,0,0,-0.024609142453120049,0.38664278919430384,-0.045430920429412401,0.052421999999999996,0.00096999999999999994,0.178507,-2.9152409028986486,1.2634438455186952,-2.8796187328654446,0.052397139207545587,0.00096730324224324898,0.17842302235604562,-0.29220649325996439,-0.045767107137005117,0.95525951301257628,-0.078326336719032275,0.99664386820035811,0.023790438306263872,-0.95314235572284312,-0.067870257719690949,-0.2948105796001419,8.7621779187526004e-05,2.8259862649723415e-05
0.50502610206604004,1790951868.750386,0.00059795379638671875,0.034609879067047558,0,0,-0.024609142453120049,0.38664278919430384,-0.045430920429412401,0.052421999999999996,0.00096999999999999994,0.178507,-2.9152409028986486,1.2634438455186952,-2.8796187328654446,0.052397139207545587,0.00096730324224324898,0.17842302235604562,-0.29220649325996439,-0.045767107137005117,0.95525951301257628,-0.078326336719032275,0.99664386820035811,0.023790438306263872,-0.95314235572284312,-0.067870257719690949,-0.2948105796001419,8.7621779187526004e-05,2.8259862649723415e-05
0.50999999046325684,1790951868.7553599,0.00057291984558105469,0.034609879067047558,0,0,-0.024609142453120049,0.38664278919430384,-0.045430920429412401,0.052421999999999996,0.00096999999999999994,0.178507,-2.9152409028986486,1.2634438455186952,-2.8796187328654446,0.052397139207545587,0.00096730324224324898,0.17842302235604562,-0.29220649325996439,-0.045767107137005117,0.95525951301257628,-0.078326336719032275,0.99664386820035811,0.023790438306263872,-0.95314235572284312,-0.067870257719690949,-0.2948105796001419,8.7621779187526004e-05,2.8259862649723415e-05
0.51502609252929688,1790951868.760386,0.00060009956359863281,0.034609879067047558,0,0,-0.024609142453120049,0.38664278919430384,-0.045430920429412401,0.052421999999999996,0.00096999999999999994,0.178507,-2.9152409028986486,1.2634438455186952,-2.8796187328654446,0.052397139207545587,0.00096730324224324898,0.17842302235604562,-0.29220649325996439,-0.045767107137005117,0.95525951301257628,-0.078326336719032275,0.99664386820035811,0.023790438306263872,-0.95314235572284312,-0.067870257719690949,-0.2948105796001419,8.7621779187526004e-05,2.8259862649723415e-05
0.52002620697021484,1790951868.7653861,0.00062608718872070312,0.034609879067047558,0,0,-0.024609142453120049,0.38664278919430384,-0.045430920429412401,0.052421999999999996,0.00096999999999999994,0.178507,-2.9152409028986486,1.2634438455186952,-2.8796187328654446,0.052397139207545587,0.00096730324224324898,0.17842302235604562,-0.29220649325996439,-0.045767107137005117,0.95525951301257628,-0.078326336719032275,0.99664386820035811,0.023790438306263872,-0.95314235572284312,-0.067870257719690949,-0.2948105796001419,8.7621779187526004e-05,2.8259862649723415e-05
0.52502608299255371,1790951868.770386,0.00060105323791503906,0.034609879067047558,0,0,-0.024609142453120049,0.38664278919430384,-0.045430920429412401,0.052421999999999996,0.00096999999999999994,0.178507,-2.9152409028986486,1.2634438455186952,-2.8796187328654446,0.052397139207545587,0.00096730324224324898,0.17842302235604562,-0.29220649325996439,-0.045767107137005117,0.95525951301257628,-0.078326336719032275,0.99664386820035811,0.023790438306263872,-0.95314235572284312,-0.067870257719690949,-0.2948105796001419,8.7621779187526004e-05,2.8259862649723415e-05
0.53002715110778809,1790951868.775387,0.00062203407287597656,0.034609879067047558,0,0,-0.024609142453120049,0.38664278919430384,-0.045430920429412401,0.052421999999999996,0.00096999999999999994,0.178507,-2.9152409028986486,1.2634438455186952,-2.8796187328654446,0.052397139207545587,0.00096730324224324898,0.17842302235604562,-0.29220649325996439,-0.045767107137005117,0.95525951301257628,-0.078326336719032275,0.99664386820035811,0.023790438306263872,-0.95314235572284312,-0.067870257719690949,-0.2948105796001419,8.7621779187526004e-05,2.8259862649723415e-05
0.53502702713012695,1790951868.7803869,0.00059485435485839844,0.034609879067047558,0,0,-0.024609142453120049,0.38664278919430384,-0.045430920429412401,0.052421999999999996,0.00096999999999999994,0.178507,-2.9152409028986486,1.2634438455186952,-2.8796187328654446,0.052397139207545587,0.00096730324224324898,0.17842302235604562,-0.29220649325996439,-0.045767107137005117,0.95525951301257628,-0.078326336719032275,0.99664386820035811,0.023790438306263872,-0.95314235572284312,-0.067870257719690949,-0.2948105796001419,8.7621779187526004e-05,2.8259862649723415e-05
0.54002714157104492,1790951868.785387,0.00062704086303710938,0.034609879067047558,0,0,-0.024609142453120049,0.38664278919430384,-0.045430920429412401,0.052421999999999996,0.00096999999999999994,0.178507,-2.9152409028986486,1.2634438455186952,-2.8796187328654446,0.052397139207545587,0.00096730324224324898,0.17842302235604562,-0.29220649325996439,-0.045767107137005117,0.95525951301257628,-0.078326336719032275,0.99664386820035811,0.023790438306263872,-0.95314235572284312,-0.067870257719690949,-0.2948105796001419,8.7621779187526004e-05,2.8259862649723415e-05
0.5450282096862793,1790951868.7903881,0.00060319900512695312,0.034609879067047558,0,0,-0.024609142453120049,0.38664278919430384,-0.045430920429412401,0.052421999999999996,0.00096999999999999994,0.178507,-2.9152409028986486,1.2634438455186952,-2.8796187328654446,0.052397139207545587,0.00096730324224324898,0.17842302235604562,-0.29220649325996439,-0.045767107137005117,0.95525951301257628,-0.078326336719032275,0.99664386820035811,0.023790438306263872,-0.95314235572284312,-0.067870257719690949,-0.2948105796001419,8.7621779187526004e-05,2.8259862649723415e-05
0.55002808570861816,1790951868.795388,0.00062799453735351562,0.034609879067047558,0,0,-0.024609142453120049,0.38664278919430384,-0.045430920429412401,0.052421999999999996,0.00096999999999999994,0.178507,-2.9152409028986486,1.2634438455186952,-2.8796187328654446,0.052397139207545587,0.00096730324224324898,0.17842302235604562,-0.29220649325996439,-0.045767107137005117,0.95525951301257628,-0.078326336719032275,0.99664386820035811,0.023790438306263872,-0.95314235572284312,-0.067870257719690949,-0.2948105796001419,8.7621779187526004e-05,2.8259862649723415e-05
0.55502605438232422,1790951868.800386,0.00059795379638671875,0.034609879067047558,0,0,-0.024609142453120049,0.38664278919430384,-0.045430920429412401,0.052421999999999996,0.00096999999999999994,0.178507,-2.9152409028986486,1.2634438455186952,-2.8796187328654446,0.052397139207545587,0.00096730324224324898,0.17842302235604562,-0.29220649325996439,-0.045767107137005117,0.95525951301257628,-0.078326336719032275,0.99664386820035811,0.023790438306263872,-0.95314235572284312,-0.067870257719690949,-0.2948105796001419,8.7621779187526004e-05,2.8259862649723415e-05
0.56002712249755859,1790951868.805387,0.000598907470703125,0.034609879067047558,0,0,-0.024609142453120049,0.38664278919430384,-0.045430920429412401,0.052421999999999996,0.00096999999999999994,0.178507,-2.9152409028986486,1.2634438455186952,-2.8796187328654446,0.052397139207545587,0.00096730324224324898,0.17842302235604562,-0.29220649325996439,-0.045767107137005117,0.95525951301257628,-0.078326336719032275,0.99664386820035811,0.023790438306263872,-0.95314235572284312,-0.067870257719690949,-0.2948105796001419,8.7621779187526004e-05,2.8259862649723415e-05
0.56502699851989746,1790951868.8103869,0.0006008148193359375,0.034609879067047558,0,0,-0.024609142453120049,0.38664278919430384,-0.045430920429412401,0.052421999999999996,0.00096999999999999994,0.178507,-2.9152409028986486,1.2634438455186952,-2.8796187328654446,0.052397139207545587,0.00096730324224324898,0.17842302235604562,-0.29220649325996439,-0.045767107137005117,0.95525951301257628,-0.078326336719032275,0.99664386820035811,0.023790438306263872,-0.95314235572284312,-0.067870257719690949,-0.2948105796001419,8.7621779187526004e-05,2.8259862649723415e-05
0.57002520561218262,1790951868.8153851,0.00062298774719238281,0.034609879067047558,0,0,-0.024609142453120049,0.38664278919430384,-0.045430920429412401,0.052421999999999996,0.00096999999999999994,0.178507,-2.9152409028986486,1.2634438455186952,-2.8796187328654446,0.052397139207545587,0.00096730324224324898,0.17842302235604562,-0.29220649325996439,-0.045767107137005117,0.95525951301257628,-0.078326336719032275,0.99664386820035811,0.023790438306263872,-0.95314235572284312,-0.067870257719690949,-0.2948105796001419,8.7621779187526004e-05,2.8259862649723415e-05
0.57502603530883789,1790951868.8203859,0.000598907470703125,0.034609879067047558,0,0,-0.024609142453120049,0.38664278919430384,-0.045430920429412401,0.052421999999999996,0.00096999999999999994,0.178507,-2.9152409028986486,1.2634438455186952,-2.8796187328654446,0.052397139207545587,0.00096730324224324898,0.17842302235604562,-0.29220649325996439,-0.045767107137005117,0.95525951301257628,-0.078326336719032275,0.99664386820035811,0.023790438306263872,-0.95314235572284312,-0.067870257719690949,-0.2948105796001419,8.7621779187526004e-05,2.8259862649723415e-05
0.5800011157989502,1790951868.825361,0.00057506561279296875,0.034609879067047558,0,0,-0.024609142453120049,0.38664278919430384,-0.045430920429412401,0.052421999999999996,0.00096999999999999994,0.178507,-2.9152409028986486,1.2634438455186952,-2.8796187328654446,0.052397139207545587,0.00096730324224324898,0.17842302235604562,-0.29220649325996439,-0.045767107137005117,0.95525951301257628,-0.078326336719032275,0.99664386820035811,0.023790438306263872,-0.95314235572284312,-0.067870257719690949,-0.2948105796001419,8.7621779187526004e-05,2.8259862649723415e-05
0.58502507209777832,1790951868.830385,0.00059795379638671875,0.034609879067047558,0,0,-0.024609142453120049,0.38664278919430384,-0.045430920429412401,0.052421999999999996,0.00096999999999999994,0.178507,-2.9152409028986486,1.2634438455186952,-2.8796187328654446,0.052397139207545587,0.00096730324224324898,0.17842302235604562,-0.29220649325996439,-0.045767107137005117,0.95525951301257628,-0.078326336719032275,0.99664386820035811,0.023790438306263872,-0.95314235572284312,-0.067870257719690949,-0.2948105796001419,8.7621779187526004e-05,2.8259862649723415e-05
0.59002518653869629,1790951868.8353851,0.00062298774719238281,0.034609879067047558,0,0,-0.024609142453120049,0.38664278919430384,-0.045430920429412401,0.052421999999999996,0.00096999999999999994,0.178507,-2.9152409028986486,1.2634438455186952,-2.8796187328654446,0.052397139207545587,0.00096730324224324898,0.17842302235604562,-0.29220649325996439,-0.045767107137005117,0.95525951301257628,-0.078326336719032275,0.99664386820035811,0.023790438306263872,-0.95314235572284312,-0.067870257719690949,-0.2948105796001419,8.7621779187526004e-05,2.8259862649723415e-05
0.59502506256103516,1790951868.840385,0.00059604644775390625,0.034609879067047558,0,0,-0.024609142453120049,0.38664278919430384,-0.045430920429412401,0.052421999999999996,0.00096999999999999994,0.178507,-2.9152409028986486,1.2634438455186952,-2.8796187328654446,0.052397139207545587,0.00096730324224324898,0.17842302235604562,-0.29220649325996439,-0.045767107137005117,0.95525951301257628,-0.078326336719032275,0.99664386820035811,0.023790438306263872,-0.95314235572284312,-0.067870257719690949,-0.2948105796001419,8.7621779187526004e-05,2.8259862649723415e-05
0.60000014305114746,1790951868.84536,0.00059914588928222656,0.034609879067047558,0,0,-0.024609142453120049,0.38664278919430384,-0.045430920429412401,0.052421999999999996,0.00096999999999999994,0.178507,-2.9152409028986486,1.2634438455186952,-2.8796187328654446,0.052397139207545587,0.00096730324224324898,0.17842302235604562,-0.29220649325996439,-0.045767107137005117,0.95525951301257628,-0.078326336719032275,0.99664386820035811,0.023790438306263872,-0.95314235572284312,-0.067870257719690949,-0.2948105796001419,8.7621779187526004e-05,2.8259862649723415e-05
0.60502815246582031,1790951868.8503881,0.00060105323791503906,0.034609879067047558,0,0,-0.024609142453120049,0.38664278919430384,-0.045430920429412401,0.052421999999999996,0.00096999999999999994,0.178507,-2.9152409028986486,1.2634438455186952,-2.8796187328654446,0.052397139207545587,0.00096730324224324898,0.17842302235604562,-0.29220649325996439,-0.045767107137005117,0.95525951301257628,-0.078326336719032275,0.99664386820035811,0.023790438306263872,-0.95314235572284312,-0.067870257719690949,-0.2948105796001419,8.7621779187526004e-05,2.8259862649723415e-05
0.61002922058105469,1790951868.8553891,0.00060009956359863281,0.034609879067047558,0,0,-0.024609142453120049,0.38664278919430384,-0.045430920429412401,0.052421999999999996,0.00096999999999999994,0.178507,-2.9152409028986486,1.2634438455186952,-2.8796187328654446,0.052397139207545587,0.00096730324224324898,0.17842302235604562,-0.29220649325996439,-0.045767107137005117,0.95525951301257628,-0.078326336719032275,0.99664386820035811,0.023790438306263872,-0.95314235572284312,-0.067870257719690949,-0.2948105796001419,8.7621779187526004e-05,2.8259862649723415e-05
0.61502718925476074,1790951868.8603871,0.00060105323791503906,0.034609879067047558,0,0,-0.024609142453120049,0.38664278919430384,-0.045430920429412401,0.052421999999999996,0.00096999999999999994,0.178507,-2.9152409028986486,1.2634438455186952,-2.8796187328654446,0.052397139207545587,0.00096730324224324898,0.17842302235604562,-0.29220649325996439,-0.045767107137005117,0.95525951301257628,-0.078326336719032275,0.99664386820035811,0.023790438306263872,-0.95314235572284312,-0.067870257719690949,-0.2948105796001419,8.7621779187526004e-05,2.8259862649723415e-05
0.6200261116027832,1790951868.865386,0.00062489509582519531,0.034609879067047558,0,0,-0.024609142453120049,0.38664278919430384,-0.045430920429412401,0.052421999999999996,0.00096999999999999994,0.178507,-2.9152409028986486,1.2634438455186952,-2.8796187328654446,0.052397139207545587,0.00096730324224324898,0.17842302235604562,-0.29220649325996439,-0.045767107137005117,0.95525951301257628,-0.078326336719032275,0.99664386820035811,0.023790438306263872,-0.95314235572284312,-0.067870257719690949,-0.2948105796001419,8.7621779187526004e-05,2.8259862649723415e-05
0.62502598762512207,1790951868.8703859,0.00059986114501953125,0.034609879067047558,0,0,-0.024609142453120049,0.38664278919430384,-0.045430920429412401,0.052421999999999996,0.00096999999999999994,0.178507,-2.9152409028986486,1.2634438455186952,-2.8796187328654446,0.052397139207545587,0.00096730324224324898,0.17842302235604562,-0.29220649325996439,-0.045767107137005117,0.95525951301257628,-0.078326336719032275,0.99664386820035811,0.023790438306263872,-0.95314235572284312,-0.067870257719690949,-0.2948105796001419,8.7621779187526004e-05,2.8259862649723415e-05
0.63002610206604004,1790951868.875386,0.00062489509582519531,0.034609879067047558,0,0,-0.024609142453120049,0.38664278919430384,-0.045430920429412401,0.052421999999999996,0.00096999999999999994,0.178507,-2.9152409028986486,1.2634438455186952,-2.8796187328654446,0.052397139207545587,0.00096730324224324898,0.17842302235604562,-0.29220649325996439,-0.045767107137005117,0.95525951301257628,-0.078326336719032275,0.99664386820035811,0.023790438306263872,-0.95314235572284312,-0.067870257719690949,-0.2948105796001419,8.7621779187526004e-05,2.8259862649723415e-05
0.63502621650695801,1790951868.8803861,0.00060105323791503906,0.034609879067047558,0,0,-0.024609142453120049,0.38664278919430384,-0.045430920429412401,0.052421999999999996,0.00096999999999999994,0.178507,-2.9152409028986486,1.2634438455186952,-2.8796187328654446,0.052397139207545587,0.00096730324224324898,0.17842302235604562,-0.29220649325996439,-0.045767107137005117,0.95525951301257628,-0.078326336719032275,0.99664386820035811,0.023790438306263872,-0.95314235572284312,-0.067870257719690949,-0.2948105796001419,8.7621779187526004e-05,2.8259862649723415e-05
0.64000320434570312,1790951868.8853631,0.00057220458984375,0.034609879067047558,0,0,-0.024609142453120049,0.38664278919430384,-0.045430920429412401,0.052421999999999996,0.00096999999999999994,0.178507,-2.9152409028986486,1.2634438455186952,-2.8796187328654446,0.052397139207545587,0.00096730324224324898,0.17842302235604562,-0.29220649325996439,-0.045767107137005117,0.95525951301257628,-0.078326336719032275,0.99664386820035811,0.023790438306263872,-0.95314235572284312,-0.067870257719690949,-0.2948105796001419,8.7621779187526004e-05,2.8259862649723415e-05
0.64502620697021484,1790951868.8903861,0.00059914588928222656,0.034609879067047558,0,0,-0.024609142453120049,0.38664278919430384,-0.045430920429412401,0.052421999999999996,0.00096999999999999994,0.178507,-2.9152409028986486,1.2634438455186952,-2.8796187328654446,0.052397139207545587,0.00096730324224324898,0.17842302235604562,-0.29220649325996439,-0.045767107137005117,0.95525951301257628,-0.078326336719032275,0.99664386820035811,0.023790438306263872,-0.95314235572284312,-0.067870257719690949,-0.2948105796001419,8.7621779187526004e-05,2.8259862649723415e-05
0.65002799034118652,1790951868.8953879,0.00062680244445800781,0.034609879067047558,0,0,-0.024609142453120049,0.38664278919430384,-0.045430920429412401,0.052421999999999996,0.00096999999999999994,0.178507,-2.9152409028986486,1.2634438455186952,-2.8796187328654446,0.052397139207545587,0.00096730324224324898,0.17842302235604562,-0.29220649325996439,-0.045767107137005117,0.95525951301257628,-0.078326336719032275,0.99664386820035811,0.023790438306263872,-0.95314235572284312,-0.067870257719690949,-0.2948105796001419,8.7621779187526004e-05,2.8259862649723415e-05
0.65502619743347168,1790951868.9003861,0.00059819221496582031,0.034609879067047558,0,0,-0.024609142453120049,0.38664278919430384,-0.045430920429412401,0.052421999999999996,0.00096999999999999994,0.178507,-2.9152409028986486,1.2634438455186952,-2.8796187328654446,0.052397139207545587,0.00096730324224324898,0.17842302235604562,-0.29220649325996439,-0.045767107137005117,0.95525951301257628,-0.078326336719032275,0.99664386820035811,0.023790438306263872,-0.95314235572284312,-0.067870257719690949,-0.2948105796001419,8.7621779187526004e-05,2.8259862649723415e-05
0.66002702713012695,1790951868.9053869,0.00062799453735351562,0.034609879067047558,0,0,-0.024609142453120049,0.38664278919430384,-0.045430920429412401,0.052421999999999996,0.00096999999999999994,0.178507,-2.9152409028986486,1.2634438455186952,-2.8796187328654446,0.052397139207545587,0.00096730324224324898,0.17842302235604562,-0.29220649325996439,-0.045767107137005117,0.95525951301257628,-0.078326336719032275,0.99664386820035811,0.023790438306263872,-0.95314235572284312,-0.067870257719690949,-0.2948105796001419,8.7621779187526004e-05,2.8259862649723415e-05
0.66502499580383301,1790951868.9103849,0.0006008148193359375,0.034609879067047558,0,0,-0.024609142453120049,0.38664278919430384,-0.045430920429412401,0.052421999999999996,0.00096999999999999994,0.178507,-2.9152409028986486,1.2634438455186952,-2.8796187328654446,0.052397139207545587,0.00096730324224324898,0.17842302235604562,-0.29220649325996439,-0.045767107137005117,0.95525951301257628,-0.078326336719032275,0.99664386820035811,0.023790438306263872,-0.95314235572284312,-0.067870257719690949,-0.2948105796001419,8.7621779187526004e-05,2.8259862649723415e-05
0.67002511024475098,1790951868.915385,0.00062489509582519531,0.034609879067047558,0,0,-0.024609142453120049,0.38664278919430384,-0.045430920429412401,0.052421999999999996,0.00096999999999999994,0.178507,-2.9152409028986486,1.2634438455186952,-2.8796187328654446,0.052397139207545587,0.00096730324224324898,0.17842302235604562,-0.29220649325996439,-0.045767107137005117,0.95525951301257628,-0.078326336719032275,0.99664386820035811,0.023790438306263872,-0.95314235572284312,-0.067870257719690949,-0.2948105796001419,8.7621779187526004e-05,2.8259862649723415e-05
0.67502498626708984,1790951868.9203849,0.00059390068054199219,0.034609879067047558,0,0,-0.024609142453120049,0.38664278919430384,-0.045430920429412401,0.052421999999999996,0.00096999999999999994,0.178507,-2.9152409028986486,1.2634438455186952,-2.8796187328654446,0.052397139207545587,0.00096730324224324898,0.17842302235604562,-0.29220649325996439,-0.045767107137005117,0.95525951301257628,-0.078326336719032275,0.99664386820035811,0.023790438306263872,-0.95314235572284312,-0.067870257719690949,-0.2948105796001419,8.7621779187526004e-05,2.8259862649723415e-05
0.68002820014953613,1790951868.9253881,0.00062799453735351562,0.034609879067047558,0,0,-0.024609142453120049,0.38664278919430384,-0.045430920429412401,0.052421999999999996,0.00096999999999999994,0.178507,-2.9152409028986486,1.2634438455186952,-2.8796187328654446,0.052397139207545587,0.00096730324224324898,0.17842302235604562,-0.29220649325996439,-0.045767107137005117,0.95525951301257628,-0.078326336719032275,0.99664386820035811,0.023790438306263872,-0.95314235572284312,-0.067870257719690949,-0.2948105796001419,8.7621779187526004e-05,2.8259862649723415e-05
0.68502712249755859,1790951868.930387,0.00060200691223144531,0.034609879067047558,0,0,-0.024609142453120049,0.38664278919430384,-0.045430920429412401,0.052421999999999996,0.00096999999999999994,0.178507,-2.9152409028986486,1.2634438455186952,-2.8796187328654446,0.052397139207545587,0.00096730324224324898,0.17842302235604562,-0.29220649325996439,-0.045767107137005117,0.95525951301257628,-0.078326336719032275,0.99664386820035811,0.023790438306263872,-0.95314235572284312,-0.067870257719690949,-0.2948105796001419,8.7621779187526004e-05,2.8259862649723415e-05
0.6900022029876709,1790951868.9353621,0.00056815147399902344,0.034609879067047558,0,0,-0.024609142453120049,0.38664278919430384,-0.045430920429412401,0.052421999999999996,0.00096999999999999994,0.178507,-2.9152409028986486,1.2634438455186952,-2.8796187328654446,0.052397139207545587,0.00096730324224324898,0.17842302235604562,-0.29220649325996439,-0.045767107137005117,0.95525951301257628,-0.078326336719032275,0.99664386820035811,0.023790438306263872,-0.95314235572284312,-0.067870257719690949,-0.2948105796001419,8.7621779187526004e-05,2.8259862649723415e-05
0.69502615928649902,1790951868.9403861,0.00060105323791503906,0.034609879067047558,0,0,-0.024609142453120049,0.38664278919430384,-0.045430920429412401,0.052421999999999996,0.00096999999999999994,0.178507,-2.9152409028986486,1.2634438455186952,-2.8796187328654446,0.052397139207545587,0.00096730324224324898,0.17842302235604562,-0.29220649325996439,-0.045767107137005117,0.95525951301257628,-0.078326336719032275,0.99664386820035811,0.023790438306263872,-0.95314235572284312,-0.067870257719690949,-0.2948105796001419,8.7621779187526004e-05,2.8259862649723415e-05
0.70002603530883789,1790951868.9453859,0.00062489509582519531,0.034609879067047558,0,0,-0.024609142453120049,0.38664278919430384,-0.045430920429412401,0.052421999999999996,0.00096999999999999994,0.178507,-2.9152409028986486,1.2634438455186952,-2.8796187328654446,0.052397139207545587,0.00096730324224324898,0.17842302235604562,-0.29220649325996439,-0.045767107137005117,0.95525951301257628,-0.078326336719032275,0.99664386820035811,0.023790438306263872,-0.95314235572284312,-0.067870257719690949,-0.2948105796001419,8.7621779187526004e-05,2.8259862649723415e-05
0.70502614974975586,1790951868.950386,0.00060009956359863281,0.034609879067047558,0,0,-0.024609142453120049,0.38664278919430384,-0.045430920429412401,0.052421999999999996,0.00096999999999999994,0.178507,-2.9152409028986486,1.2634438455186952,-2.8796187328654446,0.052397139207545587,0.00096730324224324898,0.17842302235604562,-0.29220649325996439,-0.045767107137005117,0.95525951301257628,-0.078326336719032275,0.99664386820035811,0.023790438306263872,-0.95314235572284312,-0.067870257719690949,-0.2948105796001419,8.7621779187526004e-05,2.8259862649723415e-05
0.71002721786499023,1790951868.9553871,0.00062417984008789062,0.034609879067047558,0,0,-0.024609142453120049,0.38664278919430384,-0.045430920429412401,0.052421999999999996,0.00096999999999999994,0.178507,-2.9152409028986486,1.2634438455186952,-2.8796187328654446,0.052397139207545587,0.00096730324224324898,0.17842302235604562,-0.29220649325996439,-0.045767107137005117,0.95525951301257628,-0.078326336719032275,0.99664386820035811,0.023790438306263872,-0.95314235572284312,-0.067870257719690949,-0.2948105796001419,8.7621779187526004e-05,2.8259862649723415e-05
0.71502804756164551,1790951868.9603879,0.00060296058654785156,0.034609879067047558,0,0,-0.024609142453120049,0.38664278919430384,-0.045430920429412401,0.052421999999999996,0.00096999999999999994,0.178507,-2.9152409028986486,1.2634438455186952,-2.8796187328654446,0.052397139207545587,0.00096730324224324898,0.17842302235604562,-0.29220649325996439,-0.045767107137005117,0.95525951301257628,-0.078326336719032275,0.99664386820035811,0.023790438306263872,-0.95314235572284312,-0.067870257719690949,-0.2948105796001419,8.7621779187526004e-05,2.8259862649723415e-05
0.72002816200256348,1790951868.9653881,0.00062513351440429688,0.034609879067047558,0,0,-0.024609142453120049,0.38664278919430384,-0.045430920429412401,0.052421999999999996,0.00096999999999999994,0.178507,-2.9152409028986486,1.2634438455186952,-2.8796187328654446,0.052397139207545587,0.00096730324224324898,0.17842302235604562,-0.29220649325996439,-0.045767107137005117,0.95525951301257628,-0.078326336719032275,0.99664386820035811,0.023790438306263872,-0.95314235572284312,-0.067870257719690949,-0.2948105796001419,8.7621779187526004e-05,2.8259862649723415e-05
0.72502708435058594,1790951868.970387,0.00060105323791503906,0.034609879067047558,0,0,-0.024609142453120049,0.38664278919430384,-0.045430920429412401,0.052421999999999996,0.00096999999999999994,0.178507,-2.9152409028986486,1.2634438455186952,-2.8796187328654446,0.052397139207545587,0.00096730324224324898,0.17842302235604562,-0.29220649325996439,-0.045767107137005117,0.95525951301257628,-0.078326336719032275,0.99664386820035811,0.023790438306263872,-0.95314235572284312,-0.067870257719690949,-0.2948105796001419,8.7621779187526004e-05,2.8259862649723415e-05
0.73002719879150391,1790951868.9753871,0.00062608718872070312,0.034609879067047558,0,0,-0.024609142453120049,0.38664278919430384,-0.045430920429412401,0.052421999999999996,0.00096999999999999994,0.178507,-2.9152409028986486,1.2634438455186952,-2.8796187328654446,0.052397139207545587,0.00096730324224324898,0.17842302235604562,-0.29220649325996439,-0.045767107137005117,0.95525951301257628,-0.078326336719032275,0.99664386820035811,0.023790438306263872,-0.95314235572284312,-0.067870257719690949,-0.2948105796001419,8.7621779187526004e-05,2.8259862649723415e-05
0.73502612113952637,1790951868.980386,0.00060105323791503906,0.034609879067047558,0,0,-0.024609142453120049,0.38664278919430384,-0.045430920429412401,0.052421999999999996,0.00096999999999999994,0.178507,-2.9152409028986486,1.2634438455186952,-2.8796187328654446,0.052397139207545587,0.00096730324224324898,0.17842302235604562,-0.29220649325996439,-0.045767107137005117,0.95525951301257628,-0.078326336719032275,0.99664386820035811,0.023790438306263872,-0.95314235572284312,-0.067870257719690949,-0.2948105796001419,8.7621779187526004e-05,2.8259862649723415e-05
0.74000000953674316,1790951868.9853599,0.00056099891662597656,0.034609879067047558,0,0,-0.024609142453120049,0.38664278919430384,-0.045430920429412401,0.052421999999999996,0.00096999999999999994,0.178507,-2.9152409028986486,1.2634438455186952,-2.8796187328654446,0.052397139207545587,0.00096730324224324898,0.17842302235604562,-0.29220649325996439,-0.045767107137005117,0.95525951301257628,-0.078326336719032275,0.99664386820035811,0.023790438306263872,-0.95314235572284312,-0.067870257719690949,-0.2948105796001419,8.7621779187526004e-05,2.8259862649723415e-05
0.7450261116027832,1790951868.990386,0.0005970001220703125,0.034609879067047558,0,0,-0.024609142453120049,0.38664278919430384,-0.045430920429412401,0.052421999999999996,0.00096999999999999994,0.178507,-2.9152409028986486,1.2634438455186952,-2.8796187328654446,0.052397139207545587,0.00096730324224324898,0.17842302235604562,-0.29220649325996439,-0.045767107137005117,0.95525951301257628,-0.078326336719032275,0.99664386820035811,0.023790438306263872,-0.95314235572284312,-0.067870257719690949,-0.2948105796001419,8.7621779187526004e-05,2.8259862649723415e-05
0.75002598762512207,1790951868.9953859,0.00058984756469726562,0.034609879067047558,0,0,-0.024609142453120049,0.38664278919430384,-0.045430920429412401,0.052421999999999996,0.00096999999999999994,0.178507,-2.9152409028986486,1.2634438455186952,-2.8796187328654446,0.052397139207545587,0.00096730324224324898,0.17842302235604562,-0.29220649325996439,-0.045767107137005117,0.95525951301257628,-0.078326336719032275,0.99664386820035811,0.023790438306263872,-0.95314235572284312,-0.067870257719690949,-0.2948105796001419,8.7621779187526004e-05,2.8259862649723415e-05
0.75502800941467285,1790951869.0003879,0.00056290626525878906,0.034609879067047558,0,0,-0.024609142453120049,0.38664278919430384,-0.045430920429412401,0.052421999999999996,0.00096999999999999994,0.178507,-2.9152409028986486,1.2634438455186952,-2.8796187328654446,0.052397139207545587,0.00096730324224324898,0.17842302235604562,-0.29220649325996439,-0.045767107137005117,0.95525951301257628,-0.078326336719032275,0.99664386820035811,0.023790438306263872,-0.95314235572284312,-0.067870257719690949,-0.2948105796001419,8.7621779187526004e-05,2.8259862649723415e-05
0.76002812385559082,1790951869.005388,0.000598907470703125,0.034609879067047558,0,0,-0.024609142453120049,0.38664278919430384,-0.045430920429412401,0.052421999999999996,0.00096999999999999994,0.178507,-2.9152409028986486,1.2634438455186952,-2.8796187328654446,0.052397139207545587,0.00096730324224324898,0.17842302235604562,-0.29220649325996439,-0.045767107137005117,0.95525951301257628,-0.078326336719032275,0.99664386820035811,0.023790438306263872,-0.95314235572284312,-0.067870257719690949,-0.2948105796001419,8.7621779187526004e-05,2.8259862649723415e-05
0.76502513885498047,1790951869.010385,0.00059914588928222656,0.034609879067047558,0,0,-0.024609142453120049,0.38664278919430384,-0.045430920429412401,0.052421999999999996,0.00096999999999999994,0.178507,-2.9152409028986486,1.2634438455186952,-2.8796187328654446,0.052397139207545587,0.00096730324224324898,0.17842302235604562,-0.29220649325996439,-0.045767107137005117,0.95525951301257628,-0.078326336719032275,0.99664386820035811,0.023790438306263872,-0.95314235572284312,-0.067870257719690949,-0.2948105796001419,8.7621779187526004e-05,2.8259862649723415e-05
0.77002811431884766,1790951869.015388,0.00062704086303710938,0.034609879067047558,0,0,-0.024609142453120049,0.38664278919430384,-0.045430920429412401,0.052421999999999996,0.00096999999999999994,0.178507,-2.9152409028986486,1.2634438455186952,-2.8796187328654446,0.052397139207545587,0.00096730324224324898,0.17842302235604562,-0.29220649325996439,-0.045767107137005117,0.95525951301257628,-0.078326336719032275,0.99664386820035811,0.023790438306263872,-0.95314235572284312,-0.067870257719690949,-0.2948105796001419,8.7621779187526004e-05,2.8259862649723415e-05
0.77502703666687012,1790951869.0203869,0.00059986114501953125,0.034609879067047558,0,0,-0.024609142453120049,0.38664278919430384,-0.045430920429412401,0.052421999999999996,0.00096999999999999994,0.178507,-2.9152409028986486,1.2634438455186952,-2.8796187328654446,0.052397139207545587,0.00096730324224324898,0.17842302235604562,-0.29220649325996439,-0.045767107137005117,0.95525951301257628,-0.078326336719032275,0.99664386820035811,0.023790438306263872,-0.95314235572284312,-0.067870257719690949,-0.2948105796001419,8.7621779187526004e-05,2.8259862649723415e-05
0.78002619743347168,1790951869.0253861,0.00062513351440429688,0.034609879067047558,0,0,-0.024609142453120049,0.38664278919430384,-0.045430920429412401,0.052421999999999996,0.00096999999999999994,0.178507,-2.9152409028986486,1.2634438455186952,-2.8796187328654446,0.052397139207545587,0.00096730324224324898,0.17842302235604562,-0.29220649325996439,-0.045767107137005117,0.95525951301257628,-0.078326336719032275,0.99664386820035811,0.023790438306263872,-0.95314235572284312,-0.067870257719690949,-0.2948105796001419,8.7621779187526004e-05,2.8259862649723415e-05
0.78502702713012695,1790951869.0303869,0.0006008148193359375,0.034609879067047558,0,0,-0.024609142453120049,0.38664278919430384,-0.045430920429412401,0.052421999999999996,0.00096999999999999994,0.178507,-2.9152409028986486,1.2634438455186952,-2.8796187328654446,0.052397139207545587,0.00096730324224324898,0.17842302235604562,-0.29220649325996439,-0.045767107137005117,0.95525951301257628,-0.078326336719032275,0.99664386820035811,0.023790438306263872,-0.95314235572284312,-0.067870257719690949,-0.2948105796001419,8.7621779187526004e-05,2.8259862649723415e-05
0.79002618789672852,1790951869.0353861,0.00062417984008789062,0.034609879067047558,0,0,-0.024609142453120049,0.38664278919430384,-0.045430920429412401,0.052421999999999996,0.00096999999999999994,0.178507,-2.9152409028986486,1.2634438455186952,-2.8796187328654446,0.052397139207545587,0.00096730324224324898,0.17842302235604562,-0.29220649325996439,-0.045767107137005117,0.95525951301257628,-0.078326336719032275,0.99664386820035811,0.023790438306263872,-0.95314235572284312,-0.067870257719690949,-0.2948105796001419,8.7621779187526004e-05,2.8259862649723415e-05
0.7950282096862793,1790951869.0403881,0.00060105323791503906,0.034609879067047558,0,0,-0.024609142453120049,0.38664278919430384,-0.045430920429412401,0.052421999999999996,0.00096999999999999994,0.178507,-2.9152409028986486,1.2634438455186952,-2.8796187328654446,0.052397139207545587,0.00096730324224324898,0.17842302235604562,-0.29220649325996439,-0.045767107137005117,0.95525951301257628,-0.078326336719032275,0.99664386820035811,0.023790438306263872,-0.95314235572284312,-0.067870257719690949,-0.2948105796001419,8.7621779187526004e-05,2.8259862649723415e-05
0.80002498626708984,1790951869.0453849,0.00062489509582519531,0.034609879067047558,0,0,-0.024609142453120049,0.38664278919430384,-0.045430920429412401,0.052421999999999996,0.00096999999999999994,0.178507,-2.9152409028986486,1.2634438455186952,-2.8796187328654446,0.052397139207545587,0.00096730324224324898,0.17842302235604562,-0.29220649325996439,-0.045767107137005117,0.95525951301257628,-0.078326336719032275,0.99664386820035811,0.023790438306263872,-0.95314235572284312,-0.067870257719690949,-0.2948105796001419,8.7621779187526004e-05,2.8259862649723415e-05
0.80502820014953613,1790951869.0503881,0.00060200691223144531,0.034609879067047558,0,0,-0.024609142453120049,0.38664278919430384,-0.045430920429412401,0.052421999999999996,0.00096999999999999994,0.178507,-2.9152409028986486,1.2634438455186952,-2.8796187328654446,0.052397139207545587,0.00096730324224324898,0.17842302235604562,-0.29220649325996439,-0.045767107137005117,0.95525951301257628,-0.078326336719032275,0.99664386820035811,0.023790438306263872,-0.95314235572284312,-0.067870257719690949,-0.2948105796001419,8.7621779187526004e-05,2.8259862649723415e-05
0.81002521514892578,1790951869.0553851,0.00062417984008789062,0.034609879067047558,0,0,-0.024609142453120049,0.38664278919430384,-0.045430920429412401,0.052421999999999996,0.00096999999999999994,0.178507,-2.9152409028986486,1.2634438455186952,-2.8796187328654446,0.052397139207545587,0.00096730324224324898,0.17842302235604562,-0.29220649325996439,-0.045767107137005117,0.95525951301257628,-0.078326336719032275,0.99664386820035811,0.023790438306263872,-0.95314235572284312,-0.067870257719690949,-0.2948105796001419,8.7621779187526004e-05,2.8259862649723415e-05
0.81502604484558105,1790951869.0603859,0.00059795379638671875,0.034609879067047558,0,0,-0.024609142453120049,0.38664278919430384,-0.045430920429412401,0.052421999999999996,0.00096999999999999994,0.178507,-2.9152409028986486,1.2634438455186952,-2.8796187328654446,0.052397139207545587,0.00096730324224324898,0.17842302235604562,-0.29220649325996439,-0.045767107137005117,0.95525951301257628,-0.078326336719032275,0.99664386820035811,0.023790438306263872,-0.95314235572284312,-0.067870257719690949,-0.2948105796001419,8.7621779187526004e-05,2.8259862649723415e-05
0.82002615928649902,1790951869.0653861,0.00062108039855957031,0.034609879067047558,0,0,-0.024609142453120049,0.38664278919430384,-0.045430920429412401,0.052421999999999996,0.00096999999999999994,0.178507,-2.9152409028986486,1.2634438455186952,-2.8796187328654446,0.052397139207545587,0.00096730324224324898,0.17842302235604562,-0.29220649325996439,-0.045767107137005117,0.95525951301257628,-0.078326336719032275,0.99664386820035811,0.023790438306263872,-0.95314235572284312,-0.067870257719690949,-0.2948105796001419,8.7621779187526004e-05,2.8259862649723415e-05
0.82502603530883789,1790951869.0703859,0.00059986114501953125,0.034609879067047558,0,0,-0.024609142453120049,0.38664278919430384,-0.045430920429412401,0.052421999999999996,0.00096999999999999994,0.178507,-2.9152409028986486,1.2634438455186952,-2.8796187328654446,0.052397139207545587,0.00096730324224324898,0.17842302235604562,-0.29220649325996439,-0.045767107137005117,0.95525951301257628,-0.078326336719032275,0.99664386820035811,0.023790438306263872,-0.95314235572284312,-0.067870257719690949,-0.2948105796001419,8.7621779187526004e-05,2.8259862649723415e-05
0.83002805709838867,1790951869.075388,0.00062394142150878906,0.034609879067047558,0,0,-0.024609142453120049,0.38664278919430384,-0.045430920429412401,0.052421999999999996,0.00096999999999999994,0.178507,-2.9152409028986486,1.2634438455186952,-2.8796187328654446,0.052397139207545587,0.00096730324224324898,0.17842302235604562,-0.29220649325996439,-0.045767107137005117,0.95525951301257628,-0.078326336719032275,0.99664386820035811,0.023790438306263872,-0.95314235572284312,-0.067870257719690949,-0.2948105796001419,8.7621779187526004e-05,2.8259862649723415e-05
0.83502817153930664,1790951869.0803881,0.00060009956359863281,0.034609879067047558,0,0,-0.024609142453120049,0.38664278919430384,-0.045430920429412401,0.052421999999999996,0.00096999999999999994,0.178507,-2.9152409028986486,1.2634438455186952,-2.8796187328654446,0.052397139207545587,0.00096730324224324898,0.17842302235604562,-0.29220649325996439,-0.045767107137005117,0.95525951301257628,-0.078326336719032275,0.99664386820035811,0.023790438306263872,-0.95314235572284312,-0.067870257719690949,-0.2948105796001419,8.7621779187526004e-05,2.8259862649723415e-05
0.84002804756164551,1790951869.0853879,0.00060200691223144531,0.034609879067047558,0,0,-0.024609142453120049,0.38664278919430384,-0.045430920429412401,0.052421999999999996,0.00096999999999999994,0.178507,-2.9152409028986486,1.2634438455186952,-2.8796187328654446,0.052397139207545587,0.00096730324224324898,0.17842302235604562,-0.29220649325996439,-0.045767107137005117,0.95525951301257628,-0.078326336719032275,0.99664386820035811,0.023790438306263872,-0.95314235572284312,-0.067870257719690949,-0.2948105796001419,8.7621779187526004e-05,2.8259862649723415e-05
0.84502720832824707,1790951869.0903871,0.00060009956359863281,0.034609879067047558,0,0,-0.024609142453120049,0.38664278919430384,-0.045430920429412401,0.052421999999999996,0.00096999999999999994,0.178507,-2.9152409028986486,1.2634438455186952,-2.8796187328654446,0.052397139207545587,0.00096730324224324898,0.17842302235604562,-0.29220649325996439,-0.045767107137005117,0.95525951301257628,-0.078326336719032275,0.99664386820035811,0.023790438306263872,-0.95314235572284312,-0.067870257719690949,-0.2948105796001419,8.7621779187526004e-05,2.8259862649723415e-05
0.85002613067626953,1790951869.095386,0.00060009956359863281,0.034609879067047558,0,0,-0.024609142453120049,0.38664278919430384,-0.045430920429412401,0.052421999999999996,0.00096999999999999994,0.178507,-2.9152409028986486,1.2634438455186952,-2.8796187328654446,0.052397139207545587,0.00096730324224324898,0.17842302235604562,-0.29220649325996439,-0.045767107137005117,0.95525951301257628,-0.078326336719032275,0.99664386820035811,0.023790438306263872,-0.95314235572284312,-0.067870257719690949,-0.2948105796001419,8.7621779187526004e-05,2.8259862649723415e-05
0.85502910614013672,1790951869.100389,0.00060009956359863281,0.034609879067047558,0,0,-0.024609142453120049,0.38664278919430384,-0.045430920429412401,0.052421999999999996,0.00096999999999999994,0.178507,-2.9152409028986486,1.2634438455186952,-2.8796187328654446,0.052397139207545587,0.00096730324224324898,0.17842302235604562,-0.29220649325996439,-0.045767107137005117,0.95525951301257628,-0.078326336719032275,0.99664386820035811,0.023790438306263872,-0.95314235572284312,-0.067870257719690949,-0.2948105796001419,8.7621779187526004e-05,2.8259862649723415e-05
0.8600311279296875,1790951869.105391,0.00062894821166992188,0.034609879067047558,0,0,-0.024609142453120049,0.38664278919430384,-0.045430920429412401,0.052421999999999996,0.00096999999999999994,0.178507,-2.9152409028986486,1.2634438455186952,-2.8796187328654446,0.052397139207545587,0.00096730324224324898,0.17842302235604562,-0.29220649325996439,-0.045767107137005117,0.95525951301257628,-0.078326336719032275,0.99664386820035811,0.023790438306263872,-0.95314235572284312,-0.067870257719690949,-0.2948105796001419,8.7621779187526004e-05,2.8259862649723415e-05
0.86502718925476074,1790951869.1103871,0.00060105323791503906,0.034609879067047558,0,0,-0.024609142453120049,0.38664278919430384,-0.045430920429412401,0.052421999999999996,0.00096999999999999994,0.178507,-2.9152409028986486,1.2634438455186952,-2.8796187328654446,0.052397139207545587,0.00096730324224324898,0.17842302235604562,-0.29220649325996439,-0.045767107137005117,0.95525951301257628,-0.078326336719032275,0.99664386820035811,0.023790438306263872,-0.95314235572284312,-0.067870257719690949,-0.2948105796001419,8.7621779187526004e-05,2.8259862649723415e-05
0.8700251579284668,1790951869.1153851,0.00062108039855957031,0.034609879067047558,0,0,-0.024609142453120049,0.38664278919430384,-0.045430920429412401,0.052421999999999996,0.00096999999999999994,0.178507,-2.9152409028986486,1.2634438455186952,-2.8796187328654446,0.052397139207545587,0.00096730324224324898,0.17842302235604562,-0.29220649325996439,-0.045767107137005117,0.95525951301257628,-0.078326336719032275,0.99664386820035811,0.023790438306263872,-0.95314235572284312,-0.067870257719690949,-0.2948105796001419,8.7621779187526004e-05,2.8259862649723415e-05
0.87502598762512207,1790951869.1203859,0.00059485435485839844,0.034609879067047558,0,0,-0.024609142453120049,0.38664278919430384,-0.045430920429412401,0.052421999999999996,0.00096999999999999994,0.178507,-2.9152409028986486,1.2634438455186952,-2.8796187328654446,0.052397139207545587,0.00096730324224324898,0.17842302235604562,-0.29220649325996439,-0.045767107137005117,0.95525951301257628,-0.078326336719032275,0.99664386820035811,0.023790438306263872,-0.95314235572284312,-0.067870257719690949,-0.2948105796001419,8.7621779187526004e-05,2.8259862649723415e-05
0.88002300262451172,1790951869.1253829,0.00059986114501953125,0.034609879067047558,0,0,-0.024609142453120049,0.38664278919430384,-0.045430920429412401,0.052421999999999996,0.00096999999999999994,0.178507,-2.9152409028986486,1.2634438455186952,-2.8796187328654446,0.052397139207545587,0.00096730324224324898,0.17842302235604562,-0.29220649325996439,-0.045767107137005117,0.95525951301257628,-0.078326336719032275,0.99664386820035811,0.023790438306263872,-0.95314235572284312,-0.067870257719690949,-0.2948105796001419,8.7621779187526004e-05,2.8259862649723415e-05
0.88502812385559082,1790951869.130388,0.00060200691223144531,0.034609879067047558,0,0,-0.024609142453120049,0.38664278919430384,-0.045430920429412401,0.052421999999999996,0.00096999999999999994,0.178507,-2.9152409028986486,1.2634438455186952,-2.8796187328654446,0.052397139207545587,0.00096730324224324898,0.17842302235604562,-0.29220649325996439,-0.045767107137005117,0.95525951301257628,-0.078326336719032275,0.99664386820035811,0.023790438306263872,-0.95314235572284312,-0.067870257719690949,-0.2948105796001419,8.7621779187526004e-05,2.8259862649723415e-05
0.89002799987792969,1790951869.1353879,0.00062298774719238281,0.034609879067047558,0,0,-0.024609142453120049,0.38664278919430384,-0.045430920429412401,0.052421999999999996,0.00096999999999999994,0.178507,-2.9152409028986486,1.2634438455186952,-2.8796187328654446,0.052397139207545587,0.00096730324224324898,0.17842302235604562,-0.29220649325996439,-0.045767107137005117,0.95525951301257628,-0.078326336719032275,0.99664386820035811,0.023790438306263872,-0.95314235572284312,-0.067870257719690949,-0.2948105796001419,8.7621779187526004e-05,2.8259862649723415e-05
0.89502620697021484,1790951869.1403861,0.00060200691223144531,0.034609879067047558,0,0,-0.024609142453120049,0.38664278919430384,-0.045430920429412401,0.052421999999999996,0.00096999999999999994,0.178507,-2.9152409028986486,1.2634438455186952,-2.8796187328654446,0.052397139207545587,0.00096730324224324898,0.17842302235604562,-0.29220649325996439,-0.045767107137005117,0.95525951301257628,-0.078326336719032275,0.99664386820035811,0.023790438306263872,-0.95314235572284312,-0.067870257719690949,-0.2948105796001419,8.7621779187526004e-05,2.8259862649723415e-05
0.90002799034118652,1790951869.1453879,0.000621795654296875,0.034609879067047558,0,0,-0.024609142453120049,0.38664278919430384,-0.045430920429412401,0.052421999999999996,0.00096999999999999994,0.178507,-2.9152409028986486,1.2634438455186952,-2.8796187328654446,0.052397139207545587,0.00096730324224324898,0.17842302235604562,-0.29220649325996439,-0.045767107137005117,0.95525951301257628,-0.078326336719032275,0.99664386820035811,0.023790438306263872,-0.95314235572284312,-0.067870257719690949,-0.2948105796001419,8.7621779187526004e-05,2.8259862649723415e-05
0.90502619743347168,1790951869.1503861,0.00060009956359863281,0.034609879067047558,0,0,-0.024609142453120049,0.38664278919430384,-0.045430920429412401,0.052421999999999996,0.00096999999999999994,0.178507,-2.9152409028986486,1.2634438455186952,-2.8796187328654446,0.052397139207545587,0.00096730324224324898,0.17842302235604562,-0.29220649325996439,-0.045767107137005117,0.95525951301257628,-0.078326336719032275,0.99664386820035811,0.023790438306263872,-0.95314235572284312,-0.067870257719690949,-0.2948105796001419,8.7621779187526004e-05,2.8259862649723415e-05
0.91002607345581055,1790951869.155386,0.00059986114501953125,0.034609879067047558,0,0,-0.024609142453120049,0.38664278919430384,-0.045430920429412401,0.052421999999999996,0.00096999999999999994,0.178507,-2.9152409028986486,1.2634438455186952,-2.8796187328654446,0.052397139207545587,0.00096730324224324898,0.17842302235604562,-0.29220649325996439,-0.045767107137005117,0.95525951301257628,-0.078326336719032275,0.99664386820035811,0.023790438306263872,-0.95314235572284312,-0.067870257719690949,-0.2948105796001419,8.7621779187526004e-05,2.8259862649723415e-05
0.91502618789672852,1790951869.1603861,0.00060009956359863281,0.034609879067047558,0,0,-0.024609142453120049,0.38664278919430384,-0.045430920429412401,0.052421999999999996,0.00096999999999999994,0.178507,-2.9152409028986486,1.2634438455186952,-2.8796187328654446,0.052397139207545587,0.00096730324224324898,0.17842302235604562,-0.29220649325996439,-0.045767107137005117,0.95525951301257628,-0.078326336719032275,0.99664386820035811,0.023790438306263872,-0.95314235572284312,-0.067870257719690949,-0.2948105796001419,8.7621779187526004e-05,2.8259862649723415e-05
0.9200282096862793,1790951869.1653881,0.0005970001220703125,0.034609879067047558,0,0,-0.024609142453120049,0.38664278919430384,-0.045430920429412401,0.052421999999999996,0.00096999999999999994,0.178507,-2.9152409028986486,1.2634438455186952,-2.8796187328654446,0.052397139207545587,0.00096730324224324898,0.17842302235604562,-0.29220649325996439,-0.045767107137005117,0.95525951301257628,-0.078326336719032275,0.99664386820035811,0.023790438306263872,-0.95314235572284312,-0.067870257719690949,-0.2948105796001419,8.7621779187526004e-05,2.8259862649723415e-05
0.92502808570861816,1790951869.170388,0.00060009956359863281,0.034609879067047558,0,0,-0.024609142453120049,0.38664278919430384,-0.045430920429412401,0.052421999999999996,0.00096999999999999994,0.178507,-2.9152409028986486,1.2634438455186952,-2.8796187328654446,0.052397139207545587,0.00096730324224324898,0.17842302235604562,-0.29220649325996439,-0.045767107137005117,0.95525951301257628,-0.078326336719032275,0.99664386820035811,0.023790438306263872,-0.95314235572284312,-0.067870257719690949,-0.2948105796001419,8.7621779187526004e-05,2.8259862649723415e-05
0.93002605438232422,1790951869.175386,0.00059795379638671875,0.034609879067047558,0,0,-0.024609142453120049,0.38664278919430384,-0.045430920429412401,0.052421999999999996,0.00096999999999999994,0.178507,-2.9152409028986486,1.2634438455186952,-2.8796187328654446,0.052397139207545587,0.00096730324224324898,0.17842302235604562,-0.29220649325996439,-0.045767107137005117,0.95525951301257628,-0.078326336719032275,0.99664386820035811,0.023790438306263872,-0.95314235572284312,-0.067870257719690949,-0.2948105796001419,8.7621779187526004e-05,2.8259862649723415e-05
0.935028076171875,1790951869.180388,0.00059986114501953125,0.034609879067047558,0,0,-0.024609142453120049,0.38664278919430384,-0.045430920429412401,0.052421999999999996,0.00096999999999999994,0.178507,-2.9152409028986486,1.2634438455186952,-2.8796187328654446,0.052397139207545587,0.00096730324224324898,0.17842302235604562,-0.29220649325996439,-0.045767107137005117,0.95525951301257628,-0.078326336719032275,0.99664386820035811,0.023790438306263872,-0.95314235572284312,-0.067870257719690949,-0.2948105796001419,8.7621779187526004e-05,2.8259862649723415e-05
0.94002819061279297,1790951869.1853881,0.00062608718872070312,0.034609879067047558,0,0,-0.024609142453120049,0.38664278919430384,-0.045430920429412401,0.052421999999999996,0.00096999999999999994,0.178507,-2.9152409028986486,1.2634438455186952,-2.8796187328654446,0.052397139207545587,0.00096730324224324898,0.17842302235604562,-0.29220649325996439,-0.045767107137005117,0.95525951301257628,-0.078326336719032275,0.99664386820035811,0.023790438306263872,-0.95314235572284312,-0.067870257719690949,-0.2948105796001419,8.7621779187526004e-05,2.8259862649723415e-05
0.94502711296081543,1790951869.190387,0.00059199333190917969,0.034609879067047558,0,0,-0.024609142453120049,0.38664278919430384,-0.045430920429412401,0.052421999999999996,0.00096999999999999994,0.178507,-2.9152409028986486,1.2634438455186952,-2.8796187328654446,0.052397139207545587,0.00096730324224324898,0.17842302235604562,-0.29220649325996439,-0.045767107137005117,0.95525951301257628,-0.078326336719032275,0.99664386820035811,0.023790438306263872,-0.95314235572284312,-0.067870257719690949,-0.2948105796001419,8.7621779187526004e-05,2.8259862649723415e-05
0.9500269889831543,1790951869.1953869,0.00062489509582519531,0.034609879067047558,0,0,-0.024609142453120049,0.38664278919430384,-0.045430920429412401,0.052421999999999996,0.00096999999999999994,0.178507,-2.9152409028986486,1.2634438455186952,-2.8796187328654446,0.052397139207545587,0.00096730324224324898,0.17842302235604562,-0.29220649325996439,-0.045767107137005117,0.95525951301257628,-0.078326336719032275,0.99664386820035811,0.023790438306263872,-0.95314235572284312,-0.067870257719690949,-0.2948105796001419,8.7621779187526004e-05,2.8259862649723415e-05
0.95502614974975586,1790951869.200386,0.00059413909912109375,0.034609879067047558,0,0,-0.024609142453120049,0.38664278919430384,-0.045430920429412401,0.052421999999999996,0.00096999999999999994,0.178507,-2.9152409028986486,1.2634438455186952,-2.8796187328654446,0.052397139207545587,0.00096730324224324898,0.17842302235604562,-0.29220649325996439,-0.045767107137005117,0.95525951301257628,-0.078326336719032275,0.99664386820035811,0.023790438306263872,-0.95314235572284312,-0.067870257719690949,-0.2948105796001419,8.7621779187526004e-05,2.8259862649723415e-05
0.96002817153930664,1790951869.2053881,0.00060105323791503906,0.034609879067047558,0,0,-0.024609142453120049,0.38664278919430384,-0.045430920429412401,0.052421999999999996,0.00096999999999999994,0.178507,-2.9152409028986486,1.2634438455186952,-2.8796187328654446,0.052397139207545587,0.00096730324224324898,0.17842302235604562,-0.29220649325996439,-0.045767107137005117,0.95525951301257628,-0.078326336719032275,0.99664386820035811,0.023790438306263872,-0.95314235572284312,-0.067870257719690949,-0.2948105796001419,8.7621779187526004e-05,2.8259862649723415e-05
0.96502804756164551,1790951869.2103879,0.00059485435485839844,0.034609879067047558,0,0,-0.024609142453120049,0.38664278919430384,-0.045430920429412401,0.052421999999999996,0.00096999999999999994,0.178507,-2.9152409028986486,1.2634438455186952,-2.8796187328654446,0.052397139207545587,0.00096730324224324898,0.17842302235604562,-0.29220649325996439,-0.045767107137005117,0.95525951301257628,-0.078326336719032275,0.99664386820035811,0.023790438306263872,-0.95314235572284312,-0.067870257719690949,-0.2948105796001419,8.7621779187526004e-05,2.8259862649723415e-05
0.97002816200256348,1790951869.2153881,0.00062108039855957031,0.034609879067047558,0,0,-0.024609142453120049,0.38664278919430384,-0.045430920429412401,0.052421999999999996,0.00096999999999999994,0.178507,-2.9152409028986486,1.2634438455186952,-2.8796187328654446,0.052397139207545587,0.00096730324224324898,0.17842302235604562,-0.29220649325996439,-0.045767107137005117,0.95525951301257628,-0.078326336719032275,0.99664386820035811,0.023790438306263872,-0.95314235572284312,-0.067870257719690949,-0.2948105796001419,8.7621779187526004e-05,2.8259862649723415e-05
0.97503018379211426,1790951869.2203901,0.00060415267944335938,0.034609879067047558,0,0,-0.024609142453120049,0.38664278919430384,-0.045430920429412401,0.052421999999999996,0.00096999999999999994,0.178507,-2.9152409028986486,1.2634438455186952,-2.8796187328654446,0.052397139207545587,0.00096730324224324898,0.17842302235604562,-0.29220649325996439,-0.045767107137005117,0.95525951301257628,-0.078326336719032275,0.99664386820035811,0.023790438306263872,-0.95314235572284312,-0.067870257719690949,-0.2948105796001419,8.7621779187526004e-05,2.8259862649723415e-05
0.98002910614013672,1790951869.225389,0.00060200691223144531,0.034609879067047558,0,0,-0.024609142453120049,0.38664278919430384,-0.045430920429412401,0.052421999999999996,0.00096999999999999994,0.178507,-2.9152409028986486,1.2634438455186952,-2.8796187328654446,0.052397139207545587,0.00096730324224324898,0.17842302235604562,-0.29220649325996439,-0.045767107137005117,0.95525951301257628,-0.078326336719032275,0.99664386820035811,0.023790438306263872,-0.95314235572284312,-0.067870257719690949,-0.2948105796001419,8.7621779187526004e-05,2.8259862649723415e-05
0.98503208160400391,1790951869.230392,0.00060486793518066406,0.034609879067047558,0,0,-0.024609142453120049,0.38664278919430384,-0.045430920429412401,0.052421999999999996,0.00096999999999999994,0.178507,-2.9152409028986486,1.2634438455186952,-2.8796187328654446,0.052397139207545587,0.00096730324224324898,0.17842302235604562,-0.29220649325996439,-0.045767107137005117,0.95525951301257628,-0.078326336719032275,0.99664386820035811,0.023790438306263872,-0.95314235572284312,-0.067870257719690949,-0.2948105796001419,8.7621779187526004e-05,2.8259862649723415e-05
0.99002599716186523,1790951869.2353859,0.00061583518981933594,0.034609879067047558,0,0,-0.024609142453120049,0.38664278919430384,-0.045430920429412401,0.052421999999999996,0.00096999999999999994,0.178507,-2.9152409028986486,1.2634438455186952,-2.8796187328654446,0.052397139207545587,0.00096730324224324898,0.17842302235604562,-0.29220649325996439,-0.045767107137005117,0.95525951301257628,-0.078326336719032275,0.99664386820035811,0.023790438306263872,-0.95314235572284312,-0.067870257719690949,-0.2948105796001419,8.7621779187526004e-05,2.8259862649723415e-05
0.99502801895141602,1790951869.2403879,0.00060200691223144531,0.034609879067047558,0,0,-0.024609142453120049,0.38664278919430384,-0.045430920429412401,0.052421999999999996,0.00096999999999999994,0.178507,-2.9152409028986486,1.2634438455186952,-2.8796187328654446,0.052397139207545587,0.00096730324224324898,0.17842302235604562,-0.29220649325996439,-0.045767107137005117,0.95525951301257628,-0.078326336719032275,0.99664386820035811,0.023790438306263872,-0.95314235572284312,-0.067870257719690949,-0.2948105796001419,8.7621779187526004e-05,2.8259862649723415e-05
1.0000290870666504,1790951869.245389,0.00062799453735351562,0.034609879067047558,0,0,-0.024609142453120049,0.38664278919430384,-0.045430920429412401,0.052421999999999996,0.00096999999999999994,0.178507,-2.9152409028986486,1.2634438455186952,-2.8796187328654446,0.052397139207545587,0.00096730324224324898,0.17842302235604562,-0.29220649325996439,-0.045767107137005117,0.95525951301257628,-0.078326336719032275,0.99664386820035811,0.023790438306263872,-0.95314235572284312,-0.067870257719690949,-0.2948105796001419,8.7621779187526004e-05,2.8259862649723415e-05
1.0050301551818848,1790951869.2503901,0.0005970001220703125,0.034609879067047558,0,0,-0.024609142453120049,0.38664278919430384,-0.045430920429412401,0.052421999999999996,0.00096999999999999994,0.178507,-2.9152409028986486,1.2634438455186952,-2.8796187328654446,0.052397139207545587,0.00096730324224324898,0.17842302235604562,-0.29220649325996439,-0.045767107137005117,0.95525951301257628,-0.078326336719032275,0.99664386820035811,0.023790438306263872,-0.95314235572284312,-0.067870257719690949,-0.2948105796001419,8.7621779187526004e-05,2.8259862649723415e-05
1.0100281238555908,1790951869.255388,0.00060105323791503906,0.034609879067047558,0,0,-0.024609142453120049,0.38664278919430384,-0.045430920429412401,0.052421999999999996,0.00096999999999999994,0.178507,-2.9152409028986486,1.2634438455186952,-2.8796187328654446,0.052397139207545587,0.00096730324224324898,0.17842302235604562,-0.29220649325996439,-0.045767107137005117,0.95525951301257628,-0.078326336719032275,0.99664386820035811,0.023790438306263872,-0.95314235572284312,-0.067870257719690949,-0.2948105796001419,8.7621779187526004e-05,2.8259862649723415e-05
1.0150279998779297,1790951869.2603879,0.00060200691223144531,0.034609879067047558,0,0,-0.024609142453120049,0.38664278919430384,-0.045430920429412401,0.052421999999999996,0.00096999999999999994,0.178507,-2.9152409028986486,1.2634438455186952,-2.8796187328654446,0.052397139207545587,0.00096730324224324898,0.17842302235604562,-0.29220649325996439,-0.045767107137005117,0.95525951301257628,-0.078326336719032275,0.99664386820035811,0.023790438306263872,-0.95314235572284312,-0.067870257719690949,-0.2948105796001419,8.7621779187526004e-05,2.8259862649723415e-05
1.0200271606445312,1790951869.2653871,0.00060009956359863281,0.034609879067047558,0,0,-0.024609142453120049,0.38664278919430384,-0.045430920429412401,0.052421999999999996,0.00096999999999999994,0.178507,-2.9152409028986486,1.2634438455186952,-2.8796187328654446,0.052397139207545587,0.00096730324224324898,0.17842302235604562,-0.29220649325996439,-0.045767107137005117,0.95525951301257628,-0.078326336719032275,0.99664386820035811,0.023790438306263872,-0.95314235572284312,-0.067870257719690949,-0.2948105796001419,8.7621779187526004e-05,2.8259862649723415e-05
1.0250301361083984,1790951869.27039,0.00060296058654785156,0.034609879067047558,0,0,-0.024609142453120049,0.38664278919430384,-0.045430920429412401,0.052421999999999996,0.00096999999999999994,0.178507,-2.9152409028986486,1.2634438455186952,-2.8796187328654446,0.052397139207545587,0.00096730324224324898,0.17842302235604562,-0.29220649325996439,-0.045767107137005117,0.95525951301257628,-0.078326336719032275,0.99664386820035811,0.023790438306263872,-0.95314235572284312,-0.067870257719690949,-0.2948105796001419,8.7621779187526004e-05,2.8259862649723415e-05
1.0300271511077881,1790951869.275387,0.00060105323791503906,0.034609879067047558,0,0,-0.024609142453120049,0.38664278919430384,-0.045430920429412401,0.052421999999999996,0.00096999999999999994,0.178507,-2.9152409028986486,1.2634438455186952,-2.8796187328654446,0.052397139207545587,0.00096730324224324898,0.17842302235604562,-0.29220649325996439,-0.045767107137005117,0.95525951301257628,-0.078326336719032275,0.99664386820035811,0.023790438306263872,-0.95314235572284312,-0.067870257719690949,-0.2948105796001419,8.7621779187526004e-05,2.8259862649723415e-05
1.0350282192230225,1790951869.2803881,0.0005931854248046875,0.034609879067047558,0,0,-0.024609142453120049,0.38664278919430384,-0.045430920429412401,0.052421999999999996,0.00096999999999999994,0.178507,-2.9152409028986486,1.2634438455186952,-2.8796187328654446,0.052397139207545587,0.00096730324224324898,0.17842302235604562,-0.29220649325996439,-0.045767107137005117,0.95525951301257628,-0.078326336719032275,0.99664386820035811,0.023790438306263872,-0.95314235572284312,-0.067870257719690949,-0.2948105796001419,8.7621779187526004e-05,2.8259862649723415e-05
1.0400280952453613,1790951869.285388,0.00061893463134765625,0.034609879067047558,0,0,-0.024609142453120049,0.38664278919430384,-0.045430920429412401,0.052421999999999996,0.00096999999999999994,0.178507,-2.9152409028986486,1.2634438455186952,-2.8796187328654446,0.052397139207545587,0.00096730324224324898,0.17842302235604562,-0.29220649325996439,-0.045767107137005117,0.95525951301257628,-0.078326336719032275,0.99664386820035811,0.023790438306263872,-0.95314235572284312,-0.067870257719690949,-0.2948105796001419,8.7621779187526004e-05,2.8259862649723415e-05
1.0450270175933838,1790951869.2903869,0.00059986114501953125,0.034609879067047558,0,0,-0.024609142453120049,0.38664278919430384,-0.045430920429412401,0.052421999999999996,0.00096999999999999994,0.178507,-2.9152409028986486,1.2634438455186952,-2.8796187328654446,0.052397139207545587,0.00096730324224324898,0.17842302235604562,-0.29220649325996439,-0.045767107137005117,0.95525951301257628,-0.078326336719032275,0.99664386820035811,0.023790438306263872,-0.95314235572284312,-0.067870257719690949,-0.2948105796001419,8.7621779187526004e-05,2.8259862649723415e-05
1.0500261783599854,1790951869.2953861,0.00059914588928222656,0.034609879067047558,0,0,-0.024609142453120049,0.38664278919430384,-0.045430920429412401,0.052421999999999996,0.00096999999999999994,0.178507,-2.9152409028986486,1.2634438455186952,-2.8796187328654446,0.052397139207545587,0.00096730324224324898,0.17842302235604562,-0.29220649325996439,-0.045767107137005117,0.95525951301257628,-0.078326336719032275,0.99664386820035811,0.023790438306263872,-0.95314235572284312,-0.067870257719690949,-0.2948105796001419,8.7621779187526004e-05,2.8259862649723415e-05
1.0550282001495361,1790951869.3003881,0.00059914588928222656,0.034609879067047558,0,0,-0.024609142453120049,0.38664278919430384,-0.045430920429412401,0.052421999999999996,0.00096999999999999994,0.178507,-2.9152409028986486,1.2634438455186952,-2.8796187328654446,0.052397139207545587,0.00096730324224324898,0.17842302235604562,-0.29220649325996439,-0.045767107137005117,0.95525951301257628,-0.078326336719032275,0.99664386820035811,0.023790438306263872,-0.95314235572284312,-0.067870257719690949,-0.2948105796001419,8.7621779187526004e-05,2.8259862649723415e-05
1.0600261688232422,1790951869.3053861,0.00059914588928222656,0.034609879067047558,0,0,-0.024609142453120049,0.38664278919430384,-0.045430920429412401,0.052421999999999996,0.00096999999999999994,0.178507,-2.9152409028986486,1.2634438455186952,-2.8796187328654446,0.052397139207545587,0.00096730324224324898,0.17842302235604562,-0.29220649325996439,-0.045767107137005117,0.95525951301257628,-0.078326336719032275,0.99664386820035811,0.023790438306263872,-0.95314235572284312,-0.067870257719690949,-0.2948105796001419,8.7621779187526004e-05,2.8259862649723415e-05
1.065054178237915,1790951869.3104141,0.00062012672424316406,0.034609879067047558,0,0,-0.024609142453120049,0.38664278919430384,-0.045430920429412401,0.052421999999999996,0.00096999999999999994,0.178507,-2.9152409028986486,1.2634438455186952,-2.8796187328654446,0.052397139207545587,0.00096730324224324898,0.17842302235604562,-0.29220649325996439,-0.045767107137005117,0.95525951301257628,-0.078326336719032275,0.99664386820035811,0.023790438306263872,-0.95314235572284312,-0.067870257719690949,-0.2948105796001419,8.7621779187526004e-05,2.8259862649723415e-05
1.0700280666351318,1790951869.315388,0.00060105323791503906,0.034609879067047558,0,0,-0.024609142453120049,0.38664278919430384,-0.045430920429412401,0.052421999999999996,0.00096999999999999994,0.178507,-2.9152409028986486,1.2634438455186952,-2.8796187328654446,0.052397139207545587,0.00096730324224324898,0.17842302235604562,-0.29220649325996439,-0.045767107137005117,0.95525951301257628,-0.078326336719032275,0.99664386820035811,0.023790438306263872,-0.95314235572284312,-0.067870257719690949,-0.2948105796001419,8.7621779187526004e-05,2.8259862649723415e-05
1.0750281810760498,1790951869.3203881,0.00060105323791503906,0.034609879067047558,0,0,-0.024609142453120049,0.38664278919430384,-0.045430920429412401,0.052421999999999996,0.00096999999999999994,0.178507,-2.9152409028986486,1.2634438455186952,-2.8796187328654446,0.052397139207545587,0.00096730324224324898,0.17842302235604562,-0.29220649325996439,-0.045767107137005117,0.95525951301257628,-0.078326336719032275,0.99664386820035811,0.023790438306263872,-0.95314235572284312,-0.067870257719690949,-0.2948105796001419,8.7621779187526004e-05,2.8259862649723415e-05
1.080031156539917,1790951869.3253911,0.00060296058654785156,0.034609879067047558,0,0,-0.024609142453120049,0.38664278919430384,-0.045430920429412401,0.052421999999999996,0.00096999999999999994,0.178507,-2.9152409028986486,1.2634438455186952,-2.8796187328654446,0.052397139207545587,0.00096730324224324898,0.17842302235604562,-0.29220649325996439,-0.045767107137005117,0.95525951301257628,-0.078326336719032275,0.99664386820035811,0.023790438306263872,-0.95314235572284312,-0.067870257719690949,-0.2948105796001419,8.7621779187526004e-05,2.8259862649723415e-05
1.085029125213623,1790951869.330389,0.00059604644775390625,0.034609879067047558,0,0,-0.024609142453120049,0.38664278919430384,-0.045430920429412401,0.052421999999999996,0.00096999999999999994,0.178507,-2.9152409028986486,1.2634438455186952,-2.8796187328654446,0.052397139207545587,0.00096730324224324898,0.17842302235604562,-0.29220649325996439,-0.045767107137005117,0.95525951301257628,-0.078326336719032275,0.99664386820035811,0.023790438306263872,-0.95314235572284312,-0.067870257719690949,-0.2948105796001419,8.7621779187526004e-05,2.8259862649723415e-05
1.0900270938873291,1790951869.335387,0.00060009956359863281,0.034609879067047558,0,0,-0.024609142453120049,0.38664278919430384,-0.045430920429412401,0.052421999999999996,0.00096999999999999994,0.178507,-2.9152409028986486,1.2634438455186952,-2.8796187328654446,0.052397139207545587,0.00096730324224324898,0.17842302235604562,-0.29220649325996439,-0.045767107137005117,0.95525951301257628,-0.078326336719032275,0.99664386820035811,0.023790438306263872,-0.95314235572284312,-0.067870257719690949,-0.2948105796001419,8.7621779187526004e-05,2.8259862649723415e-05
1.0950272083282471,1790951869.3403871,0.00060009956359863281,0.034609879067047558,0,0,-0.024609142453120049,0.38664278919430384,-0.045430920429412401,0.052421999999999996,0.00096999999999999994,0.178507,-2.9152409028986486,1.2634438455186952,-2.8796187328654446,0.052397139207545587,0.00096730324224324898,0.17842302235604562,-0.29220649325996439,-0.045767107137005117,0.95525951301257628,-0.078326336719032275,0.99664386820035811,0.023790438306263872,-0.95314235572284312,-0.067870257719690949,-0.2948105796001419,8.7621779187526004e-05,2.8259862649723415e-05
1.1000289916992188,1790951869.3453889,0.00060200691223144531,0.034609879067047558,0,0,-0.024609142453120049,0.38664278919430384,-0.045430920429412401,0.052421999999999996,0.00096999999999999994,0.178507,-2.9152409028986486,1.2634438455186952,-2.8796187328654446,0.052397139207545587,0.00096730324224324898,0.17842302235604562,-0.29220649325996439,-0.045767107137005117,0.95525951301257628,-0.078326336719032275,0.99664386820035811,0.023790438306263872,-0.95314235572284312,-0.067870257719690949,-0.2948105796001419,8.7621779187526004e-05,2.8259862649723415e-05
1.1050271987915039,1790951869.3503871,0.0005931854248046875,0.034609879067047558,0,0,-0.024609142453120049,0.38664278919430384,-0.045430920429412401,0.052421999999999996,0.00096999999999999994,0.178507,-2.9152409028986486,1.2634438455186952,-2.8796187328654446,0.052397139207545587,0.00096730324224324898,0.17842302235604562,-0.29220649325996439,-0.045767107137005117,0.95525951301257628,-0.078326336719032275,0.99664386820035811,0.023790438306263872,-0.95314235572284312,-0.067870257719690949,-0.2948105796001419,8.7621779187526004e-05,2.8259862649723415e-05
1.1100292205810547,1790951869.3553891,0.00062608718872070312,0.034609879067047558,0,0,-0.024609142453120049,0.38664278919430384,-0.045430920429412401,0.052421999999999996,0.00096999999999999994,0.178507,-2.9152409028986486,1.2634438455186952,-2.8796187328654446,0.052397139207545587,0.00096730324224324898,0.17842302235604562,-0.29220649325996439,-0.045767107137005117,0.95525951301257628,-0.078326336719032275,0.99664386820035811,0.023790438306263872,-0.95314235572284312,-0.067870257719690949,-0.2948105796001419,8.7621779187526004e-05,2.8259862649723415e-05
1.1150569915771484,1790951869.3604169,0.00062990188598632812,0.034609879067047558,0,0,-0.024609142453120049,0.38664278919430384,-0.045430920429412401,0.052421999999999996,0.00096999999999999994,0.178507,-2.9152409028986486,1.2634438455186952,-2.8796187328654446,0.052397139207545587,0.00096730324224324898,0.17842302235604562,-0.29220649325996439,-0.045767107137005117,0.95525951301257628,-0.078326336719032275,0.99664386820035811,0.023790438306263872,-0.95314235572284312,-0.067870257719690949,-0.2948105796001419,8.7621779187526004e-05,2.8259862649723415e-05
1.1200301647186279,1790951869.3653901,0.00062799453735351562,0.034609879067047558,0,0,-0.024609142453120049,0.38664278919430384,-0.045430920429412401,0.052421999999999996,0.00096999999999999994,0.178507,-2.9152409028986486,1.2634438455186952,-2.8796187328654446,0.052397139207545587,0.00096730324224324898,0.17842302235604562,-0.29220649325996439,-0.045767107137005117,0.95525951301257628,-0.078326336719032275,0.99664386820035811,0.023790438306263872,-0.95314235572284312,-0.067870257719690949,-0.2948105796001419,8.7621779187526004e-05,2.8259862649723415e-05
1.1250290870666504,1790951869.370389,0.00059604644775390625,0.034609879067047558,0,0,-0.024609142453120049,0.38664278919430384,-0.045430920429412401,0.052421999999999996,0.00096999999999999994,0.178507,-2.9152409028986486,1.2634438455186952,-2.8796187328654446,0.052397139207545587,0.00096730324224324898,0.17842302235604562,-0.29220649325996439,-0.045767107137005117,0.95525951301257628,-0.078326336719032275,0.99664386820035811,0.023790438306263872,-0.95314235572284312,-0.067870257719690949,-0.2948105796001419,8.7621779187526004e-05,2.8259862649723415e-05
1.1300292015075684,1790951869.3753891,0.00059914588928222656,0.034609879067047558,0,0,-0.024609142453120049,0.38664278919430384,-0.045430920429412401,0.052421999999999996,0.00096999999999999994,0.178507,-2.9152409028986486,1.2634438455186952,-2.8796187328654446,0.052397139207545587,0.00096730324224324898,0.17842302235604562,-0.29220649325996439,-0.045767107137005117,0.95525951301257628,-0.078326336719032275,0.99664386820035811,0.023790438306263872,-0.95314235572284312,-0.067870257719690949,-0.2948105796001419,8.7621779187526004e-05,2.8259862649723415e-05
1.1350531578063965,1790951869.3804131,0.00062608718872070312,0.034609879067047558,0,0,-0.024609142453120049,0.38664278919430384,-0.045430920429412401,0.052421999999999996,0.00096999999999999994,0.178507,-2.9152409028986486,1.2634438455186952,-2.8796187328654446,0.052397139207545587,0.00096730324224324898,0.17842302235604562,-0.29220649325996439,-0.045767107137005117,0.95525951301257628,-0.078326336719032275,0.99664386820035811,0.023790438306263872,-0.95314235572284312,-0.067870257719690949,-0.2948105796001419,8.7621779187526004e-05,2.8259862649723415e-05
1.1400270462036133,1790951869.3853869,0.000598907470703125,0.034609879067047558,0,0,-0.024609142453120049,0.38664278919430384,-0.045430920429412401,0.052421999999999996,0.00096999999999999994,0.178507,-2.9152409028986486,1.2634438455186952,-2.8796187328654446,0.052397139207545587,0.00096730324224324898,0.17842302235604562,-0.29220649325996439,-0.045767107137005117,0.95525951301257628,-0.078326336719032275,0.99664386820035811,0.023790438306263872,-0.95314235572284312,-0.067870257719690949,-0.2948105796001419,8.7621779187526004e-05,2.8259862649723415e-05
1.1450271606445312,1790951869.3903871,0.00059914588928222656,0.034609879067047558,0,0,-0.024609142453120049,0.38664278919430384,-0.045430920429412401,0.052421999999999996,0.00096999999999999994,0.178507,-2.9152409028986486,1.2634438455186952,-2.8796187328654446,0.052397139207545587,0.00096730324224324898,0.17842302235604562,-0.29220649325996439,-0.045767107137005117,0.95525951301257628,-0.078326336719032275,0.99664386820035811,0.023790438306263872,-0.95314235572284312,-0.067870257719690949,-0.2948105796001419,8.7621779187526004e-05,2.8259862649723415e-05
1.1500279903411865,1790951869.3953879,0.00062084197998046875,0.034609879067047558,0,0,-0.024609142453120049,0.38664278919430384,-0.045430920429412401,0.052421999999999996,0.00096999999999999994,0.178507,-2.9152409028986486,1.2634438455186952,-2.8796187328654446,0.052397139207545587,0.00096730324224324898,0.17842302235604562,-0.29220649325996439,-0.045767107137005117,0.95525951301257628,-0.078326336719032275,0.99664386820035811,0.023790438306263872,-0.95314235572284312,-0.067870257719690949,-0.2948105796001419,8.7621779187526004e-05,2.8259862649723415e-05
1.1550281047821045,1790951869.400388,0.00060200691223144531,0.034609879067047558,0,0,-0.024609142453120049,0.38664278919430384,-0.045430920429412401,0.052421999999999996,0.00096999999999999994,0.178507,-2.9152409028986486,1.2634438455186952,-2.8796187328654446,0.052397139207545587,0.00096730324224324898,0.17842302235604562,-0.29220649325996439,-0.045767107137005117,0.95525951301257628,-0.078326336719032275,0.99664386820035811,0.023790438306263872,-0.95314235572284312,-0.067870257719690949,-0.2948105796001419,8.7621779187526004e-05,2.8259862649723415e-05
1.160027027130127,1790951869.4053869,0.00059986114501953125,0.034609879067047558,0,0,-0.024609142453120049,0.38664278919430384,-0.045430920429412401,0.052421999999999996,0.00096999999999999994,0.178507,-2.9152409028986486,1.2634438455186952,-2.8796187328654446,0.052397139207545587,0.00096730324224324898,0.17842302235604562,-0.29220649325996439,-0.045767107137005117,0.95525951301257628,-0.078326336719032275,0.99664386820035811,0.023790438306263872,-0.95314235572284312,-0.067870257719690949,-0.2948105796001419,8.7621779187526004e-05,2.8259862649723415e-05
1.1650300025939941,1790951869.4103899,0.00059795379638671875,0.034609879067047558,0,0,-0.024609142453120049,0.38664278919430384,-0.045430920429412401,0.052421999999999996,0.00096999999999999994,0.178507,-2.9152409028986486,1.2634438455186952,-2.8796187328654446,0.052397139207545587,0.00096730324224324898,0.17842302235604562,-0.29220649325996439,-0.045767107137005117,0.95525951301257628,-0.078326336719032275,0.99664386820035811,0.023790438306263872,-0.95314235572284312,-0.067870257719690949,-0.2948105796001419,8.7621779187526004e-05,2.8259862649723415e-05
1.1700270175933838,1790951869.4153869,0.000598907470703125,0.034609879067047558,0,0,-0.024609142453120049,0.38664278919430384,-0.045430920429412401,0.052421999999999996,0.00096999999999999994,0.178507,-2.9152409028986486,1.2634438455186952,-2.8796187328654446,0.052397139207545587,0.00096730324224324898,0.17842302235604562,-0.29220649325996439,-0.045767107137005117,0.95525951301257628,-0.078326336719032275,0.99664386820035811,0.023790438306263872,-0.95314235572284312,-0.067870257719690949,-0.2948105796001419,8.7621779187526004e-05,2.8259862649723415e-05
1.1750290393829346,1790951869.4203889,0.00059986114501953125,0.034609879067047558,0,0,-0.024609142453120049,0.38664278919430384,-0.045430920429412401,0.052421999999999996,0.00096999999999999994,0.178507,-2.9152409028986486,1.2634438455186952,-2.8796187328654446,0.052397139207545587,0.00096730324224324898,0.17842302235604562,-0.29220649325996439,-0.045767107137005117,0.95525951301257628,-0.078326336719032275,0.99664386820035811,0.023790438306263872,-0.95314235572284312,-0.067870257719690949,-0.2948105796001419,8.7621779187526004e-05,2.8259862649723415e-05
1.1800282001495361,1790951869.4253881,0.00060009956359863281,0.034609879067047558,0,0,-0.024609142453120049,0.38664278919430384,-0.045430920429412401,0.052421999999999996,0.00096999999999999994,0.178507,-2.9152409028986486,1.2634438455186952,-2.8796187328654446,0.052397139207545587,0.00096730324224324898,0.17842302235604562,-0.29220649325996439,-0.045767107137005117,0.95525951301257628,-0.078326336719032275,0.99664386820035811,0.023790438306263872,-0.95314235572284312,-0.067870257719690949,-0.2948105796001419,8.7621779187526004e-05,2.8259862649723415e-05
1.1850521564483643,1790951869.4304121,0.0006160736083984375,0.034609879067047558,0,0,-0.024609142453120049,0.38664278919430384,-0.045430920429412401,0.052421999999999996,0.00096999999999999994,0.178507,-2.9152409028986486,1.2634438455186952,-2.8796187328654446,0.052397139207545587,0.00096730324224324898,0.17842302235604562,-0.29220649325996439,-0.045767107137005117,0.95525951301257628,-0.078326336719032275,0.99664386820035811,0.023790438306263872,-0.95314235572284312,-0.067870257719690949,-0.2948105796001419,8.7621779187526004e-05,2.8259862649723415e-05
1.1900269985198975,1790951869.4353869,0.000598907470703125,0.034609879067047558,0,0,-0.024609142453120049,0.38664278919430384,-0.045430920429412401,0.052421999999999996,0.00096999999999999994,0.178507,-2.9152409028986486,1.2634438455186952,-2.8796187328654446,0.052397139207545587,0.00096730324224324898,0.17842302235604562,-0.29220649325996439,-0.045767107137005117,0.95525951301257628,-0.078326336719032275,0.99664386820035811,0.023790438306263872,-0.95314235572284312,-0.067870257719690949,-0.2948105796001419,8.7621779187526004e-05,2.8259862649723415e-05
1.1950540542602539,1790951869.440414,0.00062489509582519531,0.034609879067047558,0,0,-0.024609142453120049,0.38664278919430384,-0.045430920429412401,0.052421999999999996,0.00096999999999999994,0.178507,-2.9152409028986486,1.2634438455186952,-2.8796187328654446,0.052397139207545587,0.00096730324224324898,0.17842302235604562,-0.29220649325996439,-0.045767107137005117,0.95525951301257628,-0.078326336719032275,0.99664386820035811,0.023790438306263872,-0.95314235572284312,-0.067870257719690949,-0.2948105796001419,8.7621779187526004e-05,2.8259862649723415e-05
1.2000260353088379,1790951869.4453859,0.00061583518981933594,0.034609879067047558,0,0,-0.024609142453120049,0.38664278919430384,-0.045430920429412401,0.052421999999999996,0.00096999999999999994,0.178507,-2.9152409028986486,1.2634438455186952,-2.8796187328654446,0.052397139207545587,0.00096730324224324898,0.17842302235604562,-0.29220649325996439,-0.045767107137005117,0.95525951301257628,-0.078326336719032275,0.99664386820035811,0.023790438306263872,-0.95314235572284312,-0.067870257719690949,-0.2948105796001419,8.7621779187526004e-05,2.8259862649723415e-05
1.2050261497497559,1790951869.450386,0.00059795379638671875,0.034609879067047558,0,0,-0.024609142453120049,0.38664278919430384,-0.045430920429412401,0.052421999999999996,0.00096999999999999994,0.178507,-2.9152409028986486,1.2634438455186952,-2.8796187328654446,0.052397139207545587,0.00096730324224324898,0.17842302235604562,-0.29220649325996439,-0.045767107137005117,0.95525951301257628,-0.078326336719032275,0.99664386820035811,0.023790438306263872,-0.95314235572284312,-0.067870257719690949,-0.2948105796001419,8.7621779187526004e-05,2.8259862649723415e-05
1.210029125213623,1790951869.455389,0.00060105323791503906,0.034609879067047558,0,0,-0.024609142453120049,0.38664278919430384,-0.045430920429412401,0.052421999999999996,0.00096999999999999994,0.178507,-2.9152409028986486,1.2634438455186952,-2.8796187328654446,0.052397139207545587,0.00096730324224324898,0.17842302235604562,-0.29220649325996439,-0.045767107137005117,0.95525951301257628,-0.078326336719032275,0.99664386820035811,0.023790438306263872,-0.95314235572284312,-0.067870257719690949,-0.2948105796001419,8.7621779187526004e-05,2.8259862649723415e-05
1.2150540351867676,1790951869.4604139,0.00062489509582519531,0.034609879067047558,0,0,-0.024609142453120049,0.38664278919430384,-0.045430920429412401,0.052421999999999996,0.00096999999999999994,0.178507,-2.9152409028986486,1.2634438455186952,-2.8796187328654446,0.052397139207545587,0.00096730324224324898,0.17842302235604562,-0.29220649325996439,-0.045767107137005117,0.95525951301257628,-0.078326336719032275,0.99664386820035811,0.023790438306263872,-0.95314235572284312,-0.067870257719690949,-0.2948105796001419,8.7621779187526004e-05,2.8259862649723415e-05
1.2200281620025635,1790951869.4653881,0.00062608718872070312,0.034609879067047558,0,0,-0.024609142453120049,0.38664278919430384,-0.045430920429412401,0.052421999999999996,0.00096999999999999994,0.178507,-2.9152409028986486,1.2634438455186952,-2.8796187328654446,0.052397139207545587,0.00096730324224324898,0.17842302235604562,-0.29220649325996439,-0.045767107137005117,0.95525951301257628,-0.078326336719032275,0.99664386820035811,0.023790438306263872,-0.95314235572284312,-0.067870257719690949,-0.2948105796001419,8.7621779187526004e-05,2.8259862649723415e-05
1.2250280380249023,1790951869.4703879,0.0005970001220703125,0.034609879067047558,0,0,-0.024609142453120049,0.38664278919430384,-0.045430920429412401,0.052421999999999996,0.00096999999999999994,0.178507,-2.9152409028986486,1.2634438455186952,-2.8796187328654446,0.052397139207545587,0.00096730324224324898,0.17842302235604562,-0.29220649325996439,-0.045767107137005117,0.95525951301257628,-0.078326336719032275,0.99664386820035811,0.023790438306263872,-0.95314235572284312,-0.067870257719690949,-0.2948105796001419,8.7621779187526004e-05,2.8259862649723415e-05
1.2300281524658203,1790951869.4753881,0.00060009956359863281,0.034609879067047558,0,0,-0.024609142453120049,0.38664278919430384,-0.045430920429412401,0.052421999999999996,0.00096999999999999994,0.178507,-2.9152409028986486,1.2634438455186952,-2.8796187328654446,0.052397139207545587,0.00096730324224324898,0.17842302235604562,-0.29220649325996439,-0.045767107137005117,0.95525951301257628,-0.078326336719032275,0.99664386820035811,0.023790438306263872,-0.95314235572284312,-0.067870257719690949,-0.2948105796001419,8.7621779187526004e-05,2.8259862649723415e-05
1.2350540161132812,1790951869.4804139,0.00062084197998046875,0.034609879067047558,0,0,-0.024609142453120049,0.38664278919430384,-0.045430920429412401,0.052421999999999996,0.00096999999999999994,0.178507,-2.9152409028986486,1.2634438455186952,-2.8796187328654446,0.052397139207545587,0.00096730324224324898,0.17842302235604562,-0.29220649325996439,-0.045767107137005117,0.95525951301257628,-0.078326336719032275,0.99664386820035811,0.023790438306263872,-0.95314235572284312,-0.067870257719690949,-0.2948105796001419,8.7621779187526004e-05,2.8259862649723415e-05
1.2400290966033936,1790951869.485389,0.00060105323791503906,0.034609879067047558,0,0,-0.024609142453120049,0.38664278919430384,-0.045430920429412401,0.052421999999999996,0.00096999999999999994,0.178507,-2.9152409028986486,1.2634438455186952,-2.8796187328654446,0.052397139207545587,0.00096730324224324898,0.17842302235604562,-0.29220649325996439,-0.045767107137005117,0.95525951301257628,-0.078326336719032275,0.99664386820035811,0.023790438306263872,-0.95314235572284312,-0.067870257719690949,-0.2948105796001419,8.7621779187526004e-05,2.8259862649723415e-05
1.245028018951416,1790951869.4903879,0.0006008148193359375,0.034609879067047558,0,0,-0.024609142453120049,0.38664278919430384,-0.045430920429412401,0.052421999999999996,0.00096999999999999994,0.178507,-2.9152409028986486,1.2634438455186952,-2.8796187328654446,0.052397139207545587,0.00096730324224324898,0.17842302235604562,-0.29220649325996439,-0.045767107137005117,0.95525951301257628,-0.078326336719032275,0.99664386820035811,0.023790438306263872,-0.95314235572284312,-0.067870257719690949,-0.2948105796001419,8.7621779187526004e-05,2.8259862649723415e-05
1.250028133392334,1790951869.495388,0.00062108039855957031,0.034609879067047558,0,0,-0.024609142453120049,0.38664278919430384,-0.045430920429412401,0.052421999999999996,0.00096999999999999994,0.178507,-2.9152409028986486,1.2634438455186952,-2.8796187328654446,0.052397139207545587,0.00096730324224324898,0.17842302235604562,-0.29220649325996439,-0.045767107137005117,0.95525951301257628,-0.078326336719032275,0.99664386820035811,0.023790438306263872,-0.95314235572284312,-0.067870257719690949,-0.2948105796001419,8.7621779187526004e-05,2.8259862649723415e-05
1.2550530433654785,1790951869.5004129,0.00062584877014160156,0.034609879067047558,0,0,-0.024609142453120049,0.38664278919430384,-0.045430920429412401,0.052421999999999996,0.00096999999999999994,0.178507,-2.9152409028986486,1.2634438455186952,-2.8796187328654446,0.052397139207545587,0.00096730324224324898,0.17842302235604562,-0.29220649325996439,-0.045767107137005117,0.95525951301257628,-0.078326336719032275,0.99664386820035811,0.023790438306263872,-0.95314235572284312,-0.067870257719690949,-0.2948105796001419,8.7621779187526004e-05,2.8259862649723415e-05
1.2600290775299072,1790951869.505389,0.00060105323791503906,0.034609879067047558,0,0,-0.024609142453120049,0.38664278919430384,-0.045430920429412401,0.052421999999999996,0.00096999999999999994,0.178507,-2.9152409028986486,1.2634438455186952,-2.8796187328654446,0.052397139207545587,0.00096730324224324898,0.17842302235604562,-0.29220649325996439,-0.045767107137005117,0.95525951301257628,-0.078326336719032275,0.99664386820035811,0.023790438306263872,-0.95314235572284312,-0.067870257719690949,-0.2948105796001419,8.7621779187526004e-05,2.8259862649723415e-05
1.2650601863861084,1790951869.5104201,0.00063300132751464844,0.034609879067047558,0,0,-0.024609142453120049,0.38664278919430384,-0.045430920429412401,0.052421999999999996,0.00096999999999999994,0.178507,-2.9152409028986486,1.2634438455186952,-2.8796187328654446,0.052397139207545587,0.00096730324224324898,0.17842302235604562,-0.29220649325996439,-0.045767107137005117,0.95525951301257628,-0.078326336719032275,0.99664386820035811,0.023790438306263872,-0.95314235572284312,-0.067870257719690949,-0.2948105796001419,8.7621779187526004e-05,2.8259862649723415e-05
1.2700281143188477,1790951869.515388,0.00060105323791503906,0.034609879067047558,0,0,-0.024609142453120049,0.38664278919430384,-0.045430920429412401,0.052421999999999996,0.00096999999999999994,0.178507,-2.9152409028986486,1.2634438455186952,-2.8796187328654446,0.052397139207545587,0.00096730324224324898,0.17842302235604562,-0.29220649325996439,-0.045767107137005117,0.95525951301257628,-0.078326336719032275,0.99664386820035811,0.023790438306263872,-0.95314235572284312,-0.067870257719690949,-0.2948105796001419,8.7621779187526004e-05,2.8259862649723415e-05
1.2750542163848877,1790951869.5204141,0.00062417984008789062,0.034609879067047558,0,0,-0.024609142453120049,0.38664278919430384,-0.045430920429412401,0.052421999999999996,0.00096999999999999994,0.178507,-2.9152409028986486,1.2634438455186952,-2.8796187328654446,0.052397139207545587,0.00096730324224324898,0.17842302235604562,-0.29220649325996439,-0.045767107137005117,0.95525951301257628,-0.078326336719032275,0.99664386820035811,0.023790438306263872,-0.95314235572284312,-0.067870257719690949,-0.2948105796001419,8.7621779187526004e-05,2.8259862649723415e-05
1.2800281047821045,1790951869.525388,0.000598907470703125,0.034609879067047558,0,0,-0.024609142453120049,0.38664278919430384,-0.045430920429412401,0.052421999999999996,0.00096999999999999994,0.178507,-2.9152409028986486,1.2634438455186952,-2.8796187328654446,0.052397139207545587,0.00096730324224324898,0.17842302235604562,-0.29220649325996439,-0.045767107137005117,0.95525951301257628,-0.078326336719032275,0.99664386820035811,0.023790438306263872,-0.95314235572284312,-0.067870257719690949,-0.2948105796001419,8.7621779187526004e-05,2.8259862649723415e-05
1.2850291728973389,1790951869.5303891,0.00060105323791503906,0.034609879067047558,0,0,-0.024609142453120049,0.38664278919430384,-0.045430920429412401,0.052421999999999996,0.00096999999999999994,0.178507,-2.9152409028986486,1.2634438455186952,-2.8796187328654446,0.052397139207545587,0.00096730324224324898,0.17842302235604562,-0.29220649325996439,-0.045767107137005117,0.95525951301257628,-0.078326336719032275,0.99664386820035811,0.023790438306263872,-0.95314235572284312,-0.067870257719690949,-0.2948105796001419,8.7621779187526004e-05,2.8259862649723415e-05
1.2900290489196777,1790951869.5353889,0.00059986114501953125,0.034609879067047558,0,0,-0.024609142453120049,0.38664278919430384,-0.045430920429412401,0.052421999999999996,0.00096999999999999994,0.178507,-2.9152409028986486,1.2634438455186952,-2.8796187328654446,0.052397139207545587,0.00096730324224324898,0.17842302235604562,-0.29220649325996439,-0.045767107137005117,0.95525951301257628,-0.078326336719032275,0.99664386820035811,0.023790438306263872,-0.95314235572284312,-0.067870257719690949,-0.2948105796001419,8.7621779187526004e-05,2.8259862649723415e-05
1.2950630187988281,1790951869.5404229,0.00063490867614746094,0.034609879067047558,0,0,-0.024609142453120049,0.38664278919430384,-0.045430920429412401,0.052421999999999996,0.00096999999999999994,0.178507,-2.9152409028986486,1.2634438455186952,-2.8796187328654446,0.052397139207545587,0.00096730324224324898,0.17842302235604562,-0.29220649325996439,-0.045767107137005117,0.95525951301257628,-0.078326336719032275,0.99664386820035811,0.023790438306263872,-0.95314235572284312,-0.067870257719690949,-0.2948105796001419,8.7621779187526004e-05,2.8259862649723415e-05
1.3000280857086182,1790951869.545388,0.00059795379638671875,0.034609879067047558,0,0,-0.024609142453120049,0.38664278919430384,-0.045430920429412401,0.052421999999999996,0.00096999999999999994,0.178507,-2.9152409028986486,1.2634438455186952,-2.8796187328654446,0.052397139207545587,0.00096730324224324898,0.17842302235604562,-0.29220649325996439,-0.045767107137005117,0.95525951301257628,-0.078326336719032275,0.99664386820035811,0.023790438306263872,-0.95314235572284312,-0.067870257719690949,-0.2948105796001419,8.7621779187526004e-05,2.8259862649723415e-05
1.3050551414489746,1790951869.550415,0.00062799453735351562,0.034609879067047558,0,0,-0.024609142453120049,0.38664278919430384,-0.045430920429412401,0.052421999999999996,0.00096999999999999994,0.178507,-2.9152409028986486,1.2634438455186952,-2.8796187328654446,0.052397139207545587,0.00096730324224324898,0.17842302235604562,-0.29220649325996439,-0.045767107137005117,0.95525951301257628,-0.078326336719032275,0.99664386820035811,0.023790438306263872,-0.95314235572284312,-0.067870257719690949,-0.2948105796001419,8.7621779187526004e-05,2.8259862649723415e-05
1.3100299835205078,1790951869.5553899,0.00060296058654785156,0.034609879067047558,0,0,-0.024609142453120049,0.38664278919430384,-0.045430920429412401,0.052421999999999996,0.00096999999999999994,0.178507,-2.9152409028986486,1.2634438455186952,-2.8796187328654446,0.052397139207545587,0.00096730324224324898,0.17842302235604562,-0.29220649325996439,-0.045767107137005117,0.95525951301257628,-0.078326336719032275,0.99664386820035811,0.023790438306263872,-0.95314235572284312,-0.067870257719690949,-0.2948105796001419,8.7621779187526004e-05,2.8259862649723415e-05
1.3150291442871094,1790951869.560389,0.00060105323791503906,0.034609879067047558,0,0,-0.024609142453120049,0.38664278919430384,-0.045430920429412401,0.052421999999999996,0.00096999999999999994,0.178507,-2.9152409028986486,1.2634438455186952,-2.8796187328654446,0.052397139207545587,0.00096730324224324898,0.17842302235604562,-0.29220649325996439,-0.045767107137005117,0.95525951301257628,-0.078326336719032275,0.99664386820035811,0.023790438306263872,-0.95314235572284312,-0.067870257719690949,-0.2948105796001419,8.7621779187526004e-05,2.8259862649723415e-05
1.3200290203094482,1790951869.5653889,0.00060200691223144531,0.034609879067047558,0,0,-0.024609142453120049,0.38664278919430384,-0.045430920429412401,0.052421999999999996,0.00096999999999999994,0.178507,-2.9152409028986486,1.2634438455186952,-2.8796187328654446,0.052397139207545587,0.00096730324224324898,0.17842302235604562,-0.29220649325996439,-0.045767107137005117,0.95525951301257628,-0.078326336719032275,0.99664386820035811,0.023790438306263872,-0.95314235572284312,-0.067870257719690949,-0.2948105796001419,8.7621779187526004e-05,2.8259862649723415e-05
1.32505202293396,1790951869.5704119,0.00061798095703125,0.034609879067047558,0,0,-0.024609142453120049,0.38664278919430384,-0.045430920429412401,0.052421999999999996,0.00096999999999999994,0.178507,-2.9152409028986486,1.2634438455186952,-2.8796187328654446,0.052397139207545587,0.00096730324224324898,0.17842302235604562,-0.29220649325996439,-0.045767107137005117,0.95525951301257628,-0.078326336719032275,0.99664386820035811,0.023790438306263872,-0.95314235572284312,-0.067870257719690949,-0.2948105796001419,8.7621779187526004e-05,2.8259862649723415e-05
1.3300302028656006,1790951869.5753901,0.00059914588928222656,0.034609879067047558,0,0,-0.024609142453120049,0.38664278919430384,-0.045430920429412401,0.052421999999999996,0.00096999999999999994,0.178507,-2.9152409028986486,1.2634438455186952,-2.8796187328654446,0.052397139207545587,0.00096730324224324898,0.17842302235604562,-0.29220649325996439,-0.045767107137005117,0.95525951301257628,-0.078326336719032275,0.99664386820035811,0.023790438306263872,-0.95314235572284312,-0.067870257719690949,-0.2948105796001419,8.7621779187526004e-05,2.8259862649723415e-05
1.335029125213623,1790951869.580389,0.00060105323791503906,0.034609879067047558,0,0,-0.024609142453120049,0.38664278919430384,-0.045430920429412401,0.052421999999999996,0.00096999999999999994,0.178507,-2.9152409028986486,1.2634438455186952,-2.8796187328654446,0.052397139207545587,0.00096730324224324898,0.17842302235604562,-0.29220649325996439,-0.045767107137005117,0.95525951301257628,-0.078326336719032275,0.99664386820035811,0.023790438306263872,-0.95314235572284312,-0.067870257719690949,-0.2948105796001419,8.7621779187526004e-05,2.8259862649723415e-05
1.3400290012359619,1790951869.5853889,0.00062298774719238281,0.034609879067047558,0,0,-0.024609142453120049,0.38664278919430384,-0.045430920429412401,0.052421999999999996,0.00096999999999999994,0.178507,-2.9152409028986486,1.2634438455186952,-2.8796187328654446,0.052397139207545587,0.00096730324224324898,0.17842302235604562,-0.29220649325996439,-0.045767107137005117,0.95525951301257628,-0.078326336719032275,0.99664386820035811,0.023790438306263872,-0.95314235572284312,-0.067870257719690949,-0.2948105796001419,8.7621779187526004e-05,2.8259862649723415e-05
1.3450541496276855,1790951869.590414,0.00062203407287597656,0.034609879067047558,0,0,-0.024609142453120049,0.38664278919430384,-0.045430920429412401,0.052421999999999996,0.00096999999999999994,0.178507,-2.9152409028986486,1.2634438455186952,-2.8796187328654446,0.052397139207545587,0.00096730324224324898,0.17842302235604562,-0.29220649325996439,-0.045767107137005117,0.95525951301257628,-0.078326336719032275,0.99664386820035811,0.023790438306263872,-0.95314235572284312,-0.067870257719690949,-0.2948105796001419,8.7621779187526004e-05,2.8259862649723415e-05
1.3500301837921143,1790951869.5953901,0.00060200691223144531,0.034609879067047558,0,0,-0.024609142453120049,0.38664278919430384,-0.045430920429412401,0.052421999999999996,0.00096999999999999994,0.178507,-2.9152409028986486,1.2634438455186952,-2.8796187328654446,0.052397139207545587,0.00096730324224324898,0.17842302235604562,-0.29220649325996439,-0.045767107137005117,0.95525951301257628,-0.078326336719032275,0.99664386820035811,0.023790438306263872,-0.95314235572284312,-0.067870257719690949,-0.2948105796001419,8.7621779187526004e-05,2.8259862649723415e-05
1.355053186416626,1790951869.6004131,0.00061702728271484375,0.034609879067047558,0,0,-0.024609142453120049,0.38664278919430384,-0.045430920429412401,0.052421999999999996,0.00096999999999999994,0.178507,-2.9152409028986486,1.2634438455186952,-2.8796187328654446,0.052397139207545587,0.00096730324224324898,0.17842302235604562,-0.29220649325996439,-0.045767107137005117,0.95525951301257628,-0.078326336719032275,0.99664386820035811,0.023790438306263872,-0.95314235572284312,-0.067870257719690949,-0.2948105796001419,8.7621779187526004e-05,2.8259862649723415e-05
1.3600280284881592,1790951869.6053879,0.00059986114501953125,0.034609879067047558,0,0,-0.024609142453120049,0.38664278919430384,-0.045430920429412401,0.052421999999999996,0.00096999999999999994,0.178507,-2.9152409028986486,1.2634438455186952,-2.8796187328654446,0.052397139207545587,0.00096730324224324898,0.17842302235604562,-0.29220649325996439,-0.045767107137005117,0.95525951301257628,-0.078326336719032275,0.99664386820035811,0.023790438306263872,-0.95314235572284312,-0.067870257719690949,-0.2948105796001419,8.7621779187526004e-05,2.8259862649723415e-05
1.3650541305541992,1790951869.610414,0.00062608718872070312,0.034609879067047558,0,0,-0.024609142453120049,0.38664278919430384,-0.045430920429412401,0.052421999999999996,0.00096999999999999994,0.178507,-2.9152409028986486,1.2634438455186952,-2.8796187328654446,0.052397139207545587,0.00096730324224324898,0.17842302235604562,-0.29220649325996439,-0.045767107137005117,0.95525951301257628,-0.078326336719032275,0.99664386820035811,0.023790438306263872,-0.95314235572284312,-0.067870257719690949,-0.2948105796001419,8.7621779187526004e-05,2.8259862649723415e-05
1.3700292110443115,1790951869.6153891,0.00060105323791503906,0.034609879067047558,0,0,-0.024609142453120049,0.38664278919430384,-0.045430920429412401,0.052421999999999996,0.00096999999999999994,0.178507,-2.9152409028986486,1.2634438455186952,-2.8796187328654446,0.052397139207545587,0.00096730324224324898,0.17842302235604562,-0.29220649325996439,-0.045767107137005117,0.95525951301257628,-0.078326336719032275,0.99664386820035811,0.023790438306263872,-0.95314235572284312,-0.067870257719690949,-0.2948105796001419,8.7621779187526004e-05,2.8259862649723415e-05
1.3750321865081787,1790951869.6203921,0.00059819221496582031,0.034609879067047558,0,0,-0.024609142453120049,0.38664278919430384,-0.045430920429412401,0.052421999999999996,0.00096999999999999994,0.178507,-2.9152409028986486,1.2634438455186952,-2.8796187328654446,0.052397139207545587,0.00096730324224324898,0.17842302235604562,-0.29220649325996439,-0.045767107137005117,0.95525951301257628,-0.078326336719032275,0.99664386820035811,0.023790438306263872,-0.95314235572284312,-0.067870257719690949,-0.2948105796001419,8.7621779187526004e-05,2.8259862649723415e-05
1.3800301551818848,1790951869.6253901,0.00060105323791503906,0.034609879067047558,0,0,-0.024609142453120049,0.38664278919430384,-0.045430920429412401,0.052421999999999996,0.00096999999999999994,0.178507,-2.9152409028986486,1.2634438455186952,-2.8796187328654446,0.052397139207545587,0.00096730324224324898,0.17842302235604562,-0.29220649325996439,-0.045767107137005117,0.95525951301257628,-0.078326336719032275,0.99664386820035811,0.023790438306263872,-0.95314235572284312,-0.067870257719690949,-0.2948105796001419,8.7621779187526004e-05,2.8259862649723415e-05
1.38503098487854,1790951869.6303909,0.00059580802917480469,0.034609879067047558,0,0,-0.024609142453120049,0.38664278919430384,-0.045430920429412401,0.052421999999999996,0.00096999999999999994,0.178507,-2.9152409028986486,1.2634438455186952,-2.8796187328654446,0.052397139207545587,0.00096730324224324898,0.17842302235604562,-0.29220649325996439,-0.045767107137005117,0.95525951301257628,-0.078326336719032275,0.99664386820035811,0.023790438306263872,-0.95314235572284312,-0.067870257719690949,-0.2948105796001419,8.7621779187526004e-05,2.8259862649723415e-05
1.390031099319458,1790951869.635391,0.00062394142150878906,0.034609879067047558,0,0,-0.024609142453120049,0.38664278919430384,-0.045430920429412401,0.052421999999999996,0.00096999999999999994,0.178507,-2.9152409028986486,1.2634438455186952,-2.8796187328654446,0.052397139207545587,0.00096730324224324898,0.17842302235604562,-0.29220649325996439,-0.045767107137005117,0.95525951301257628,-0.078326336719032275,0.99664386820035811,0.023790438306263872,-0.95314235572284312,-0.067870257719690949,-0.2948105796001419,8.7621779187526004e-05,2.8259862649723415e-05
1.3950541019439697,1790951869.640414,0.00062489509582519531,0.034609879067047558,0,0,-0.024609142453120049,0.38664278919430384,-0.045430920429412401,0.052421999999999996,0.00096999999999999994,0.178507,-2.9152409028986486,1.2634438455186952,-2.8796187328654446,0.052397139207545587,0.00096730324224324898,0.17842302235604562,-0.29220649325996439,-0.045767107137005117,0.95525951301257628,-0.078326336719032275,0.99664386820035811,0.023790438306263872,-0.95314235572284312,-0.067870257719690949,-0.2948105796001419,8.7621779187526004e-05,2.8259862649723415e-05
1.400029182434082,1790951869.6453891,0.00060105323791503906,0.034609879067047558,0,0,-0.024609142453120049,0.38664278919430384,-0.045430920429412401,0.052421999999999996,0.00096999999999999994,0.178507,-2.9152409028986486,1.2634438455186952,-2.8796187328654446,0.052397139207545587,0.00096730324224324898,0.17842302235604562,-0.29220649325996439,-0.045767107137005117,0.95525951301257628,-0.078326336719032275,0.99664386820035811,0.023790438306263872,-0.95314235572284312,-0.067870257719690949,-0.2948105796001419,8.7621779187526004e-05,2.8259862649723415e-05
1.4050290584564209,1790951869.650389,0.000598907470703125,0.034609879067047558,0,0,-0.024609142453120049,0.38664278919430384,-0.045430920429412401,0.052421999999999996,0.00096999999999999994,0.178507,-2.9152409028986486,1.2634438455186952,-2.8796187328654446,0.052397139207545587,0.00096730324224324898,0.17842302235604562,-0.29220649325996439,-0.045767107137005117,0.95525951301257628,-0.078326336719032275,0.99664386820035811,0.023790438306263872,-0.95314235572284312,-0.067870257719690949,-0.2948105796001419,8.7621779187526004e-05,2.8259862649723415e-05
1.4100301265716553,1790951869.65539,0.00060105323791503906,0.034609879067047558,0,0,-0.024609142453120049,0.38664278919430384,-0.045430920429412401,0.052421999999999996,0.00096999999999999994,0.178507,-2.9152409028986486,1.2634438455186952,-2.8796187328654446,0.052397139207545587,0.00096730324224324898,0.17842302235604562,-0.29220649325996439,-0.045767107137005117,0.95525951301257628,-0.078326336719032275,0.99664386820035811,0.023790438306263872,-0.95314235572284312,-0.067870257719690949,-0.2948105796001419,8.7621779187526004e-05,2.8259862649723415e-05
1.4150300025939941,1790951869.6603899,0.0006008148193359375,0.034609879067047558,0,0,-0.024609142453120049,0.38664278919430384,-0.045430920429412401,0.052421999999999996,0.00096999999999999994,0.178507,-2.9152409028986486,1.2634438455186952,-2.8796187328654446,0.052397139207545587,0.00096730324224324898,0.17842302235604562,-0.29220649325996439,-0.045767107137005117,0.95525951301257628,-0.078326336719032275,0.99664386820035811,0.023790438306263872,-0.95314235572284312,-0.067870257719690949,-0.2948105796001419,8.7621779187526004e-05,2.8259862649723415e-05
1.4200301170349121,1790951869.66539,0.00060105323791503906,0.034609879067047558,0,0,-0.024609142453120049,0.38664278919430384,-0.045430920429412401,0.052421999999999996,0.00096999999999999994,0.178507,-2.9152409028986486,1.2634438455186952,-2.8796187328654446,0.052397139207545587,0.00096730324224324898,0.17842302235604562,-0.29220649325996439,-0.045767107137005117,0.95525951301257628,-0.078326336719032275,0.99664386820035811,0.023790438306263872,-0.95314235572284312,-0.067870257719690949,-0.2948105796001419,8.7621779187526004e-05,2.8259862649723415e-05
1.425029993057251,1790951869.6703899,0.00060200691223144531,0.034609879067047558,0,0,-0.024609142453120049,0.38664278919430384,-0.045430920429412401,0.052421999999999996,0.00096999999999999994,0.178507,-2.9152409028986486,1.2634438455186952,-2.8796187328654446,0.052397139207545587,0.00096730324224324898,0.17842302235604562,-0.29220649325996439,-0.045767107137005117,0.95525951301257628,-0.078326336719032275,0.99664386820035811,0.023790438306263872,-0.95314235572284312,-0.067870257719690949,-0.2948105796001419,8.7621779187526004e-05,2.8259862649723415e-05
1.4300291538238525,1790951869.6753891,0.00060105323791503906,0.034609879067047558,0,0,-0.024609142453120049,0.38664278919430384,-0.045430920429412401,0.052421999999999996,0.00096999999999999994,0.178507,-2.9152409028986486,1.2634438455186952,-2.8796187328654446,0.052397139207545587,0.00096730324224324898,0.17842302235604562,-0.29220649325996439,-0.045767107137005117,0.95525951301257628,-0.078326336719032275,0.99664386820035811,0.023790438306263872,-0.95314235572284312,-0.067870257719690949,-0.2948105796001419,8.7621779187526004e-05,2.8259862649723415e-05
1.4350299835205078,1790951869.6803899,0.00059390068054199219,0.034609879067047558,0,0,-0.024609142453120049,0.38664278919430384,-0.045430920429412401,0.052421999999999996,0.00096999999999999994,0.178507,-2.9152409028986486,1.2634438455186952,-2.8796187328654446,0.052397139207545587,0.00096730324224324898,0.17842302235604562,-0.29220649325996439,-0.045767107137005117,0.95525951301257628,-0.078326336719032275,0.99664386820035811,0.023790438306263872,-0.95314235572284312,-0.067870257719690949,-0.2948105796001419,8.7621779187526004e-05,2.8259862649723415e-05
1.4400300979614258,1790951869.68539,0.0005950927734375,0.034609879067047558,0,0,-0.024609142453120049,0.38664278919430384,-0.045430920429412401,0.052421999999999996,0.00096999999999999994,0.178507,-2.9152409028986486,1.2634438455186952,-2.8796187328654446,0.052397139207545587,0.00096730324224324898,0.17842302235604562,-0.29220649325996439,-0.045767107137005117,0.95525951301257628,-0.078326336719032275,0.99664386820035811,0.023790438306263872,-0.95314235572284312,-0.067870257719690949,-0.2948105796001419,8.7621779187526004e-05,2.8259862649723415e-05
1.4450311660766602,1790951869.6903911,0.00059413909912109375,0.034609879067047558,0,0,-0.024609142453120049,0.38664278919430384,-0.045430920429412401,0.052421999999999996,0.00096999999999999994,0.178507,-2.9152409028986486,1.2634438455186952,-2.8796187328654446,0.052397139207545587,0.00096730324224324898,0.17842302235604562,-0.29220649325996439,-0.045767107137005117,0.95525951301257628,-0.078326336719032275,0.99664386820035811,0.023790438306263872,-0.95314235572284312,-0.067870257719690949,-0.2948105796001419,8.7621779187526004e-05,2.8259862649723415e-05
1.4500281810760498,1790951869.6953881,0.00059914588928222656,0.034609879067047558,0,0,-0.024609142453120049,0.38664278919430384,-0.045430920429412401,0.052421999999999996,0.00096999999999999994,0.178507,-2.9152409028986486,1.2634438455186952,-2.8796187328654446,0.052397139207545587,0.00096730324224324898,0.17842302235604562,-0.29220649325996439,-0.045767107137005117,0.95525951301257628,-0.078326336719032275,0.99664386820035811,0.023790438306263872,-0.95314235572284312,-0.067870257719690949,-0.2948105796001419,8.7621779187526004e-05,2.8259862649723415e-05
1.4550280570983887,1790951869.700388,0.00059795379638671875,0.034609879067047558,0,0,-0.024609142453120049,0.38664278919430384,-0.045430920429412401,0.052421999999999996,0.00096999999999999994,0.178507,-2.9152409028986486,1.2634438455186952,-2.8796187328654446,0.052397139207545587,0.00096730324224324898,0.17842302235604562,-0.29220649325996439,-0.045767107137005117,0.95525951301257628,-0.078326336719032275,0.99664386820035811,0.023790438306263872,-0.95314235572284312,-0.067870257719690949,-0.2948105796001419,8.7621779187526004e-05,2.8259862649723415e-05
1.4600300788879395,1790951869.70539,0.00060105323791503906,0.034609879067047558,0,0,-0.024609142453120049,0.38664278919430384,-0.045430920429412401,0.052421999999999996,0.00096999999999999994,0.178507,-2.9152409028986486,1.2634438455186952,-2.8796187328654446,0.052397139207545587,0.00096730324224324898,0.17842302235604562,-0.29220649325996439,-0.045767107137005117,0.95525951301257628,-0.078326336719032275,0.99664386820035811,0.023790438306263872,-0.95314235572284312,-0.067870257719690949,-0.2948105796001419,8.7621779187526004e-05,2.8259862649723415e-05
1.4650301933288574,1790951869.7103901,0.0005950927734375,0.034609879067047558,0,0,-0.024609142453120049,0.38664278919430384,-0.045430920429412401,0.052421999999999996,0.00096999999999999994,0.178507,-2.9152409028986486,1.2634438455186952,-2.8796187328654446,0.052397139207545587,0.00096730324224324898,0.17842302235604562,-0.29220649325996439,-0.045767107137005117,0.95525951301257628,-0.078326336719032275,0.99664386820035811,0.023790438306263872,-0.95314235572284312,-0.067870257719690949,-0.2948105796001419,8.7621779187526004e-05,2.8259862649723415e-05
1.4700310230255127,1790951869.7153909,0.00059986114501953125,0.034609879067047558,0,0,-0.024609142453120049,0.38664278919430384,-0.045430920429412401,0.052421999999999996,0.00096999999999999994,0.178507,-2.9152409028986486,1.2634438455186952,-2.8796187328654446,0.052397139207545587,0.00096730324224324898,0.17842302235604562,-0.29220649325996439,-0.045767107137005117,0.95525951301257628,-0.078326336719032275,0.99664386820035811,0.023790438306263872,-0.95314235572284312,-0.067870257719690949,-0.2948105796001419,8.7621779187526004e-05,2.8259862649723415e-05
1.4750320911407471,1790951869.720392,0.00059604644775390625,0.034609879067047558,0,0,-0.024609142453120049,0.38664278919430384,-0.045430920429412401,0.052421999999999996,0.00096999999999999994,0.178507,-2.9152409028986486,1.2634438455186952,-2.8796187328654446,0.052397139207545587,0.00096730324224324898,0.17842302235604562,-0.29220649325996439,-0.045767107137005117,0.95525951301257628,-0.078326336719032275,0.99664386820035811,0.023790438306263872,-0.95314235572284312,-0.067870257719690949,-0.2948105796001419,8.7621779187526004e-05,2.8259862649723415e-05
1.4800291061401367,1790951869.725389,0.00060105323791503906,0.034609879067047558,0,0,-0.024609142453120049,0.38664278919430384,-0.045430920429412401,0.052421999999999996,0.00096999999999999994,0.178507,-2.9152409028986486,1.2634438455186952,-2.8796187328654446,0.052397139207545587,0.00096730324224324898,0.17842302235604562,-0.29220649325996439,-0.045767107137005117,0.95525951301257628,-0.078326336719032275,0.99664386820035811,0.023790438306263872,-0.95314235572284312,-0.067870257719690949,-0.2948105796001419,8.7621779187526004e-05,2.8259862649723415e-05
1.4850280284881592,1790951869.7303879,0.00059485435485839844,0.034609879067047558,0,0,-0.024609142453120049,0.38664278919430384,-0.045430920429412401,0.052421999999999996,0.00096999999999999994,0.178507,-2.9152409028986486,1.2634438455186952,-2.8796187328654446,0.052397139207545587,0.00096730324224324898,0.17842302235604562,-0.29220649325996439,-0.045767107137005117,0.95525951301257628,-0.078326336719032275,0.99664386820035811,0.023790438306263872,-0.95314235572284312,-0.067870257719690949,-0.2948105796001419,8.7621779187526004e-05,2.8259862649723415e-05
1.4900290966033936,1790951869.735389,0.00060105323791503906,0.034609879067047558,0,0,-0.024609142453120049,0.38664278919430384,-0.045430920429412401,0.052421999999999996,0.00096999999999999994,0.178507,-2.9152409028986486,1.2634438455186952,-2.8796187328654446,0.052397139207545587,0.00096730324224324898,0.17842302235604562,-0.29220649325996439,-0.045767107137005117,0.95525951301257628,-0.078326336719032275,0.99664386820035811,0.023790438306263872,-0.95314235572284312,-0.067870257719690949,-0.2948105796001419,8.7621779187526004e-05,2.8259862649723415e-05
1.4950301647186279,1790951869.7403901,0.00060200691223144531,0.034609879067047558,0,0,-0.024609142453120049,0.38664278919430384,-0.045430920429412401,0.052421999999999996,0.00096999999999999994,0.178507,-2.9152409028986486,1.2634438455186952,-2.8796187328654446,0.052397139207545587,0.00096730324224324898,0.17842302235604562,-0.29220649325996439,-0.045767107137005117,0.95525951301257628,-0.078326336719032275,0.99664386820035811,0.023790438306263872,-0.95314235572284312,-0.067870257719690949,-0.2948105796001419,8.7621779187526004e-05,2.8259862649723415e-05
1.500028133392334,1790951869.745388,0.00059795379638671875,0.034609879067047558,0,0,-0.024609142453120049,0.38664278919430384,-0.045430920429412401,0.052421999999999996,0.00096999999999999994,0.178507,-2.9152409028986486,1.2634438455186952,-2.8796187328654446,0.052397139207545587,0.00096730324224324898,0.17842302235604562,-0.29220649325996439,-0.045767107137005117,0.95525951301257628,-0.078326336719032275,0.99664386820035811,0.023790438306263872,-0.95314235572284312,-0.067870257719690949,-0.2948105796001419,8.7621779187526004e-05,2.8259862649723415e-05
1.5050539970397949,1790951869.7504139,0.00059986114501953125,0.034609879067047558,0,0,-0.024609142453120049,0.38664278919430384,-0.045430920429412401,0.052421999999999996,0.00096999999999999994,0.178507,-2.9152409028986486,1.2634438455186952,-2.8796187328654446,0.052397139207545587,0.00096730324224324898,0.17842302235604562,-0.29220649325996439,-0.045767107137005117,0.95525951301257628,-0.078326336719032275,0.99664386820035811,0.023790438306263872,-0.95314235572284312,-0.067870257719690949,-0.2948105796001419,8.7621779187526004e-05,2.8259862649723415e-05
1.5100300312042236,1790951869.7553899,0.00059795379638671875,0.034609879067047558,0,0,-0.024609142453120049,0.38664278919430384,-0.045430920429412401,0.052421999999999996,0.00096999999999999994,0.178507,-2.9152409028986486,1.2634438455186952,-2.8796187328654446,0.052397139207545587,0.00096730324224324898,0.17842302235604562,-0.29220649325996439,-0.045767107137005117,0.95525951301257628,-0.078326336719032275,0.99664386820035811,0.023790438306263872,-0.95314235572284312,-0.067870257719690949,-0.2948105796001419,8.7621779187526004e-05,2.8259862649723415e-05
1.5150589942932129,1790951869.7604189,0.00062680244445800781,0.034609879067047558,0,0,-0.024609142453120049,0.38664278919430384,-0.045430920429412401,0.052421999999999996,0.00096999999999999994,0.178507,-2.9152409028986486,1.2634438455186952,-2.8796187328654446,0.052397139207545587,0.00096730324224324898,0.17842302235604562,-0.29220649325996439,-0.045767107137005117,0.95525951301257628,-0.078326336719032275,0.99664386820035811,0.023790438306263872,-0.95314235572284312,-0.067870257719690949,-0.2948105796001419,8.7621779187526004e-05,2.8259862649723415e-05
1.520031213760376,1790951869.7653911,0.00062322616577148438,0.034609879067047558,0,0,-0.024609142453120049,0.38664278919430384,-0.045430920429412401,0.052421999999999996,0.00096999999999999994,0.178507,-2.9152409028986486,1.2634438455186952,-2.8796187328654446,0.052397139207545587,0.00096730324224324898,0.17842302235604562,-0.29220649325996439,-0.045767107137005117,0.95525951301257628,-0.078326336719032275,0.99664386820035811,0.023790438306263872,-0.95314235572284312,-0.067870257719690949,-0.2948105796001419,8.7621779187526004e-05,2.8259862649723415e-05
1.5250542163848877,1790951869.7704141,0.00062513351440429688,0.034609879067047558,0,0,-0.024609142453120049,0.38664278919430384,-0.045430920429412401,0.052421999999999996,0.00096999999999999994,0.178507,-2.9152409028986486,1.2634438455186952,-2.8796187328654446,0.052397139207545587,0.00096730324224324898,0.17842302235604562,-0.29220649325996439,-0.045767107137005117,0.95525951301257628,-0.078326336719032275,0.99664386820035811,0.023790438306263872,-0.95314235572284312,-0.067870257719690949,-0.2948105796001419,8.7621779187526004e-05,2.8259862649723415e-05
1.5300331115722656,1790951869.775393,0.00060296058654785156,0.034609879067047558,0,0,-0.024609142453120049,0.38664278919430384,-0.045430920429412401,0.052421999999999996,0.00096999999999999994,0.178507,-2.9152409028986486,1.2634438455186952,-2.8796187328654446,0.052397139207545587,0.00096730324224324898,0.17842302235604562,-0.29220649325996439,-0.045767107137005117,0.95525951301257628,-0.078326336719032275,0.99664386820035811,0.023790438306263872,-0.95314235572284312,-0.067870257719690949,-0.2948105796001419,8.7621779187526004e-05,2.8259862649723415e-05
1.5350320339202881,1790951869.7803919,0.00060200691223144531,0.034609879067047558,0,0,-0.024609142453120049,0.38664278919430384,-0.045430920429412401,0.052421999999999996,0.00096999999999999994,0.178507,-2.9152409028986486,1.2634438455186952,-2.8796187328654446,0.052397139207545587,0.00096730324224324898,0.17842302235604562,-0.29220649325996439,-0.045767107137005117,0.95525951301257628,-0.078326336719032275,0.99664386820035811,0.023790438306263872,-0.95314235572284312,-0.067870257719690949,-0.2948105796001419,8.7621779187526004e-05,2.8259862649723415e-05
1.5400311946868896,1790951869.7853911,0.00060009956359863281,0.034609879067047558,0,0,-0.024609142453120049,0.38664278919430384,-0.045430920429412401,0.052421999999999996,0.00096999999999999994,0.178507,-2.9152409028986486,1.2634438455186952,-2.8796187328654446,0.052397139207545587,0.00096730324224324898,0.17842302235604562,-0.29220649325996439,-0.045767107137005117,0.95525951301257628,-0.078326336719032275,0.99664386820035811,0.023790438306263872,-0.95314235572284312,-0.067870257719690949,-0.2948105796001419,8.7621779187526004e-05,2.8259862649723415e-05
1.5450341701507568,1790951869.7903941,0.00057101249694824219,0.034609879067047558,0,0,-0.024609142453120049,0.38664278919430384,-0.045430920429412401,0.052421999999999996,0.00096999999999999994,0.178507,-2.9152409028986486,1.2634438455186952,-2.8796187328654446,0.052397139207545587,0.00096730324224324898,0.17842302235604562,-0.29220649325996439,-0.045767107137005117,0.95525951301257628,-0.078326336719032275,0.99664386820035811,0.023790438306263872,-0.95314235572284312,-0.067870257719690949,-0.2948105796001419,8.7621779187526004e-05,2.8259862649723415e-05
1.5500330924987793,1790951869.795393,0.00060296058654785156,0.034609879067047558,0,0,-0.024609142453120049,0.38664278919430384,-0.045430920429412401,0.052421999999999996,0.00096999999999999994,0.178507,-2.9152409028986486,1.2634438455186952,-2.8796187328654446,0.052397139207545587,0.00096730324224324898,0.17842302235604562,-0.29220649325996439,-0.045767107137005117,0.95525951301257628,-0.078326336719032275,0.99664386820035811,0.023790438306263872,-0.95314235572284312,-0.067870257719690949,-0.2948105796001419,8.7621779187526004e-05,2.8259862649723415e-05
1.5550310611724854,1790951869.800391,0.0005970001220703125,0.034609879067047558,0,0,-0.024609142453120049,0.38664278919430384,-0.045430920429412401,0.052421999999999996,0.00096999999999999994,0.178507,-2.9152409028986486,1.2634438455186952,-2.8796187328654446,0.052397139207545587,0.00096730324224324898,0.17842302235604562,-0.29220649325996439,-0.045767107137005117,0.95525951301257628,-0.078326336719032275,0.99664386820035811,0.023790438306263872,-0.95314235572284312,-0.067870257719690949,-0.2948105796001419,8.7621779187526004e-05,2.8259862649723415e-05
1.5600299835205078,1790951869.8053899,0.00060176849365234375,0.034609879067047558,0,0,-0.024609142453120049,0.38664278919430384,-0.045430920429412401,0.052421999999999996,0.00096999999999999994,0.178507,-2.9152409028986486,1.2634438455186952,-2.8796187328654446,0.052397139207545587,0.00096730324224324898,0.17842302235604562,-0.29220649325996439,-0.045767107137005117,0.95525951301257628,-0.078326336719032275,0.99664386820035811,0.023790438306263872,-0.95314235572284312,-0.067870257719690949,-0.2948105796001419,8.7621779187526004e-05,2.8259862649723415e-05
1.5650570392608643,1790951869.8104169,0.00062799453735351562,0.034609879067047558,0,0,-0.024609142453120049,0.38664278919430384,-0.045430920429412401,0.052421999999999996,0.00096999999999999994,0.178507,-2.9152409028986486,1.2634438455186952,-2.8796187328654446,0.052397139207545587,0.00096730324224324898,0.17842302235604562,-0.29220649325996439,-0.045767107137005117,0.95525951301257628,-0.078326336719032275,0.99664386820035811,0.023790438306263872,-0.95314235572284312,-0.067870257719690949,-0.2948105796001419,8.7621779187526004e-05,2.8259862649723415e-05
1.5700311660766602,1790951869.8153911,0.00062799453735351562,0.034609879067047558,0,0,-0.024609142453120049,0.38664278919430384,-0.045430920429412401,0.052421999999999996,0.00096999999999999994,0.178507,-2.9152409028986486,1.2634438455186952,-2.8796187328654446,0.052397139207545587,0.00096730324224324898,0.17842302235604562,-0.29220649325996439,-0.045767107137005117,0.95525951301257628,-0.078326336719032275,0.99664386820035811,0.023790438306263872,-0.95314235572284312,-0.067870257719690949,-0.2948105796001419,8.7621779187526004e-05,2.8259862649723415e-05
1.5750551223754883,1790951869.820415,0.00062203407287597656,0.034609879067047558,0,0,-0.024609142453120049,0.38664278919430384,-0.045430920429412401,0.052421999999999996,0.00096999999999999994,0.178507,-2.9152409028986486,1.2634438455186952,-2.8796187328654446,0.052397139207545587,0.00096730324224324898,0.17842302235604562,-0.29220649325996439,-0.045767107137005117,0.95525951301257628,-0.078326336719032275,0.99664386820035811,0.023790438306263872,-0.95314235572284312,-0.067870257719690949,-0.2948105796001419,8.7621779187526004e-05,2.8259862649723415e-05
1.5800290107727051,1790951869.8253889,0.00059986114501953125,0.034609879067047558,0,0,-0.024609142453120049,0.38664278919430384,-0.045430920429412401,0.052421999999999996,0.00096999999999999994,0.178507,-2.9152409028986486,1.2634438455186952,-2.8796187328654446,0.052397139207545587,0.00096730324224324898,0.17842302235604562,-0.29220649325996439,-0.045767107137005117,0.95525951301257628,-0.078326336719032275,0.99664386820035811,0.023790438306263872,-0.95314235572284312,-0.067870257719690949,-0.2948105796001419,8.7621779187526004e-05,2.8259862649723415e-05
1.5850300788879395,1790951869.83039,0.00059986114501953125,0.034609879067047558,0,0,-0.024609142453120049,0.38664278919430384,-0.045430920429412401,0.052421999999999996,0.00096999999999999994,0.178507,-2.9152409028986486,1.2634438455186952,-2.8796187328654446,0.052397139207545587,0.00096730324224324898,0.17842302235604562,-0.29220649325996439,-0.045767107137005117,0.95525951301257628,-0.078326336719032275,0.99664386820035811,0.023790438306263872,-0.95314235572284312,-0.067870257719690949,-0.2948105796001419,8.7621779187526004e-05,2.8259862649723415e-05
1.5900330543518066,1790951869.835393,0.00060486793518066406,0.034609879067047558,0,0,-0.024609142453120049,0.38664278919430384,-0.045430920429412401,0.052421999999999996,0.00096999999999999994,0.178507,-2.9152409028986486,1.2634438455186952,-2.8796187328654446,0.052397139207545587,0.00096730324224324898,0.17842302235604562,-0.29220649325996439,-0.045767107137005117,0.95525951301257628,-0.078326336719032275,0.99664386820035811,0.023790438306263872,-0.95314235572284312,-0.067870257719690949,-0.2948105796001419,8.7621779187526004e-05,2.8259862649723415e-05
1.5950582027435303,1790951869.8404181,0.00062513351440429688,0.034609879067047558,0,0,-0.024609142453120049,0.38664278919430384,-0.045430920429412401,0.052421999999999996,0.00096999999999999994,0.178507,-2.9152409028986486,1.2634438455186952,-2.8796187328654446,0.052397139207545587,0.00096730324224324898,0.17842302235604562,-0.29220649325996439,-0.045767107137005117,0.95525951301257628,-0.078326336719032275,0.99664386820035811,0.023790438306263872,-0.95314235572284312,-0.067870257719690949,-0.2948105796001419,8.7621779187526004e-05,2.8259862649723415e-05
1.6000301837921143,1790951869.8453901,0.00062012672424316406,0.034609879067047558,0,0,-0.024609142453120049,0.38664278919430384,-0.045430920429412401,0.052421999999999996,0.00096999999999999994,0.178507,-2.9152409028986486,1.2634438455186952,-2.8796187328654446,0.052397139207545587,0.00096730324224324898,0.17842302235604562,-0.29220649325996439,-0.045767107137005117,0.95525951301257628,-0.078326336719032275,0.99664386820035811,0.023790438306263872,-0.95314235572284312,-0.067870257719690949,-0.2948105796001419,8.7621779187526004e-05,2.8259862649723415e-05
1.6050570011138916,1790951869.8504169,0.000621795654296875,0.034609879067047558,0,0,-0.024609142453120049,0.38664278919430384,-0.045430920429412401,0.052421999999999996,0.00096999999999999994,0.178507,-2.9152409028986486,1.2634438455186952,-2.8796187328654446,0.052397139207545587,0.00096730324224324898,0.17842302235604562,-0.29220649325996439,-0.045767107137005117,0.95525951301257628,-0.078326336719032275,0.99664386820035811,0.023790438306263872,-0.95314235572284312,-0.067870257719690949,-0.2948105796001419,8.7621779187526004e-05,2.8259862649723415e-05
1.6100320816040039,1790951869.855392,0.00059986114501953125,0.034609879067047558,0,0,-0.024609142453120049,0.38664278919430384,-0.045430920429412401,0.052421999999999996,0.00096999999999999994,0.178507,-2.9152409028986486,1.2634438455186952,-2.8796187328654446,0.052397139207545587,0.00096730324224324898,0.17842302235604562,-0.29220649325996439,-0.045767107137005117,0.95525951301257628,-0.078326336719032275,0.99664386820035811,0.023790438306263872,-0.95314235572284312,-0.067870257719690949,-0.2948105796001419,8.7621779187526004e-05,2.8259862649723415e-05
1.6150610446929932,1790951869.8604209,0.00063204765319824219,0.034609879067047558,0,0,-0.024609142453120049,0.38664278919430384,-0.045430920429412401,0.052421999999999996,0.00096999999999999994,0.178507,-2.9152409028986486,1.2634438455186952,-2.8796187328654446,0.052397139207545587,0.00096730324224324898,0.17842302235604562,-0.29220649325996439,-0.045767107137005117,0.95525951301257628,-0.078326336719032275,0.99664386820035811,0.023790438306263872,-0.95314235572284312,-0.067870257719690949,-0.2948105796001419,8.7621779187526004e-05,2.8259862649723415e-05
1.620028018951416,1790951869.8653879,0.0006198883056640625,0.034609879067047558,0,0,-0.024609142453120049,0.38664278919430384,-0.045430920429412401,0.052421999999999996,0.00096999999999999994,0.178507,-2.9152409028986486,1.2634438455186952,-2.8796187328654446,0.052397139207545587,0.00096730324224324898,0.17842302235604562,-0.29220649325996439,-0.045767107137005117,0.95525951301257628,-0.078326336719032275,0.99664386820035811,0.023790438306263872,-0.95314235572284312,-0.067870257719690949,-0.2948105796001419,8.7621779187526004e-05,2.8259862649723415e-05
1.6250550746917725,1790951869.870415,0.00062108039855957031,0.034609879067047558,0,0,-0.024609142453120049,0.38664278919430384,-0.045430920429412401,0.052421999999999996,0.00096999999999999994,0.178507,-2.9152409028986486,1.2634438455186952,-2.8796187328654446,0.052397139207545587,0.00096730324224324898,0.17842302235604562,-0.29220649325996439,-0.045767107137005117,0.95525951301257628,-0.078326336719032275,0.99664386820035811,0.023790438306263872,-0.95314235572284312,-0.067870257719690949,-0.2948105796001419,8.7621779187526004e-05,2.8259862649723415e-05
1.6300292015075684,1790951869.8753891,0.0006160736083984375,0.034609879067047558,0,0,-0.024609142453120049,0.38664278919430384,-0.045430920429412401,0.052421999999999996,0.00096999999999999994,0.178507,-2.9152409028986486,1.2634438455186952,-2.8796187328654446,0.052397139207545587,0.00096730324224324898,0.17842302235604562,-0.29220649325996439,-0.045767107137005117,0.95525951301257628,-0.078326336719032275,0.99664386820035811,0.023790438306263872,-0.95314235572284312,-0.067870257719690949,-0.2948105796001419,8.7621779187526004e-05,2.8259862649723415e-05
1.6350321769714355,1790951869.8803921,0.00060296058654785156,0.034609879067047558,0,0,-0.024609142453120049,0.38664278919430384,-0.045430920429412401,0.052421999999999996,0.00096999999999999994,0.178507,-2.9152409028986486,1.2634438455186952,-2.8796187328654446,0.052397139207545587,0.00096730324224324898,0.17842302235604562,-0.29220649325996439,-0.045767107137005117,0.95525951301257628,-0.078326336719032275,0.99664386820035811,0.023790438306263872,-0.95314235572284312,-0.067870257719690949,-0.2948105796001419,8.7621779187526004e-05,2.8259862649723415e-05
1.6400320529937744,1790951869.885392,0.00059986114501953125,0.034609879067047558,0,0,-0.024609142453120049,0.38664278919430384,-0.045430920429412401,0.052421999999999996,0.00096999999999999994,0.178507,-2.9152409028986486,1.2634438455186952,-2.8796187328654446,0.052397139207545587,0.00096730324224324898,0.17842302235604562,-0.29220649325996439,-0.045767107137005117,0.95525951301257628,-0.078326336719032275,0.99664386820035811,0.023790438306263872,-0.95314235572284312,-0.067870257719690949,-0.2948105796001419,8.7621779187526004e-05,2.8259862649723415e-05
1.6450321674346924,1790951869.8903921,0.00059413909912109375,0.034609879067047558,0,0,-0.024609142453120049,0.38664278919430384,-0.045430920429412401,0.052421999999999996,0.00096999999999999994,0.178507,-2.9152409028986486,1.2634438455186952,-2.8796187328654446,0.052397139207545587,0.00096730324224324898,0.17842302235604562,-0.29220649325996439,-0.045767107137005117,0.95525951301257628,-0.078326336719032275,0.99664386820035811,0.023790438306263872,-0.95314235572284312,-0.067870257719690949,-0.2948105796001419,8.7621779187526004e-05,2.8259862649723415e-05
1.6500301361083984,1790951869.89539,0.00060105323791503906,0.034609879067047558,0,0,-0.024609142453120049,0.38664278919430384,-0.045430920429412401,0.052421999999999996,0.00096999999999999994,0.178507,-2.9152409028986486,1.2634438455186952,-2.8796187328654446,0.052397139207545587,0.00096730324224324898,0.17842302235604562,-0.29220649325996439,-0.045767107137005117,0.95525951301257628,-0.078326336719032275,0.99664386820035811,0.023790438306263872,-0.95314235572284312,-0.067870257719690949,-0.2948105796001419,8.7621779187526004e-05,2.8259862649723415e-05
1.6550540924072266,1790951869.900414,0.00062489509582519531,0.034609879067047558,0,0,-0.024609142453120049,0.38664278919430384,-0.045430920429412401,0.052421999999999996,0.00096999999999999994,0.178507,-2.9152409028986486,1.2634438455186952,-2.8796187328654446,0.052397139207545587,0.00096730324224324898,0.17842302235604562,-0.29220649325996439,-0.045767107137005117,0.95525951301257628,-0.078326336719032275,0.99664386820035811,0.023790438306263872,-0.95314235572284312,-0.067870257719690949,-0.2948105796001419,8.7621779187526004e-05,2.8259862649723415e-05
1.6600291728973389,1790951869.9053891,0.00059914588928222656,0.034609879067047558,0,0,-0.024609142453120049,0.38664278919430384,-0.045430920429412401,0.052421999999999996,0.00096999999999999994,0.178507,-2.9152409028986486,1.2634438455186952,-2.8796187328654446,0.052397139207545587,0.00096730324224324898,0.17842302235604562,-0.29220649325996439,-0.045767107137005117,0.95525951301257628,-0.078326336719032275,0.99664386820035811,0.023790438306263872,-0.95314235572284312,-0.067870257719690949,-0.2948105796001419,8.7621779187526004e-05,2.8259862649723415e-05
1.6650321483612061,1790951869.910392,0.00057005882263183594,0.034609879067047558,0,0,-0.024609142453120049,0.38664278919430384,-0.045430920429412401,0.052421999999999996,0.00096999999999999994,0.178507,-2.9152409028986486,1.2634438455186952,-2.8796187328654446,0.052397139207545587,0.00096730324224324898,0.17842302235604562,-0.29220649325996439,-0.045767107137005117,0.95525951301257628,-0.078326336719032275,0.99664386820035811,0.023790438306263872,-0.95314235572284312,-0.067870257719690949,-0.2948105796001419,8.7621779187526004e-05,2.8259862649723415e-05
1.6700320243835449,1790951869.9153919,0.0005970001220703125,0.034609879067047558,0,0,-0.024609142453120049,0.38664278919430384,-0.045430920429412401,0.052421999999999996,0.00096999999999999994,0.178507,-2.9152409028986486,1.2634438455186952,-2.8796187328654446,0.052397139207545587,0.00096730324224324898,0.17842302235604562,-0.29220649325996439,-0.045767107137005117,0.95525951301257628,-0.078326336719032275,0.99664386820035811,0.023790438306263872,-0.95314235572284312,-0.067870257719690949,-0.2948105796001419,8.7621779187526004e-05,2.8259862649723415e-05
1.6750311851501465,1790951869.9203911,0.00060105323791503906,0.034609879067047558,0,0,-0.024609142453120049,0.38664278919430384,-0.045430920429412401,0.052421999999999996,0.00096999999999999994,0.178507,-2.9152409028986486,1.2634438455186952,-2.8796187328654446,0.052397139207545587,0.00096730324224324898,0.17842302235604562,-0.29220649325996439,-0.045767107137005117,0.95525951301257628,-0.078326336719032275,0.99664386820035811,0.023790438306263872,-0.95314235572284312,-0.067870257719690949,-0.2948105796001419,8.7621779187526004e-05,2.8259862649723415e-05
1.6800301074981689,1790951869.92539,0.00060105323791503906,0.034609879067047558,0,0,-0.024609142453120049,0.38664278919430384,-0.045430920429412401,0.052421999999999996,0.00096999999999999994,0.178507,-2.9152409028986486,1.2634438455186952,-2.8796187328654446,0.052397139207545587,0.00096730324224324898,0.17842302235604562,-0.29220649325996439,-0.045767107137005117,0.95525951301257628,-0.078326336719032275,0.99664386820035811,0.023790438306263872,-0.95314235572284312,-0.067870257719690949,-0.2948105796001419,8.7621779187526004e-05,2.8259862649723415e-05
1.6850571632385254,1790951869.9304171,0.00062704086303710938,0.034609879067047558,0,0,-0.024609142453120049,0.38664278919430384,-0.045430920429412401,0.052421999999999996,0.00096999999999999994,0.178507,-2.9152409028986486,1.2634438455186952,-2.8796187328654446,0.052397139207545587,0.00096730324224324898,0.17842302235604562,-0.29220649325996439,-0.045767107137005117,0.95525951301257628,-0.078326336719032275,0.99664386820035811,0.023790438306263872,-0.95314235572284312,-0.067870257719690949,-0.2948105796001419,8.7621779187526004e-05,2.8259862649723415e-05
1.6900300979614258,1790951869.93539,0.00058698654174804688,0.034609879067047558,0,0,-0.024609142453120049,0.38664278919430384,-0.045430920429412401,0.052421999999999996,0.00096999999999999994,0.178507,-2.9152409028986486,1.2634438455186952,-2.8796187328654446,0.052397139207545587,0.00096730324224324898,0.17842302235604562,-0.29220649325996439,-0.045767107137005117,0.95525951301257628,-0.078326336719032275,0.99664386820035811,0.023790438306263872,-0.95314235572284312,-0.067870257719690949,-0.2948105796001419,8.7621779187526004e-05,2.8259862649723415e-05
1.6950290203094482,1790951869.9403889,0.00057196617126464844,0.034609879067047558,0,0,-0.024609142453120049,0.38664278919430384,-0.045430920429412401,0.052421999999999996,0.00096999999999999994,0.178507,-2.9152409028986486,1.2634438455186952,-2.8796187328654446,0.052397139207545587,0.00096730324224324898,0.17842302235604562,-0.29220649325996439,-0.045767107137005117,0.95525951301257628,-0.078326336719032275,0.99664386820035811,0.023790438306263872,-0.95314235572284312,-0.067870257719690949,-0.2948105796001419,8.7621779187526004e-05,2.8259862649723415e-05
1.700031042098999,1790951869.9453909,0.00059294700622558594,0.034609879067047558,0,0,-0.024609142453120049,0.38664278919430384,-0.045430920429412401,0.052421999999999996,0.00096999999999999994,0.178507,-2.9152409028986486,1.2634438455186952,-2.8796187328654446,0.052397139207545587,0.00096730324224324898,0.17842302235604562,-0.29220649325996439,-0.045767107137005117,0.95525951301257628,-0.078326336719032275,0.99664386820035811,0.023790438306263872,-0.95314235572284312,-0.067870257719690949,-0.2948105796001419,8.7621779187526004e-05,2.8259862649723415e-05
1.7054221630096436,1790951869.9507821,0.0009670257568359375,0.034609879067047558,0,0,-0.024609142453120049,0.38664278919430384,-0.045430920429412401,0.052421999999999996,0.00096999999999999994,0.178507,-2.9152409028986486,1.2634438455186952,-2.8796187328654446,0.052397139207545587,0.00096730324224324898,0.17842302235604562,-0.29220649325996439,-0.045767107137005117,0.95525951301257628,-0.078326336719032275,0.99664386820035811,0.023790438306263872,-0.95314235572284312,-0.067870257719690949,-0.2948105796001419,8.7621779187526004e-05,2.8259862649723415e-05
1.7100300788879395,1790951869.95539,0.00062298774719238281,0.034609879067047558,0,0,-0.024609142453120049,0.38664278919430384,-0.045430920429412401,0.052421999999999996,0.00096999999999999994,0.178507,-2.9152409028986486,1.2634438455186952,-2.8796187328654446,0.052397139207545587,0.00096730324224324898,0.17842302235604562,-0.29220649325996439,-0.045767107137005117,0.95525951301257628,-0.078326336719032275,0.99664386820035811,0.023790438306263872,-0.95314235572284312,-0.067870257719690949,-0.2948105796001419,8.7621779187526004e-05,2.8259862649723415e-05
1.7150321006774902,1790951869.960392,0.0005970001220703125,0.034609879067047558,0,0,-0.024609142453120049,0.38664278919430384,-0.045430920429412401,0.052421999999999996,0.00096999999999999994,0.178507,-2.9152409028986486,1.2634438455186952,-2.8796187328654446,0.052397139207545587,0.00096730324224324898,0.17842302235604562,-0.29220649325996439,-0.045767107137005117,0.95525951301257628,-0.078326336719032275,0.99664386820035811,0.023790438306263872,-0.95314235572284312,-0.067870257719690949,-0.2948105796001419,8.7621779187526004e-05,2.8259862649723415e-05
1.7200310230255127,1790951869.9653909,0.00060200691223144531,0.034609879067047558,0,0,-0.024609142453120049,0.38664278919430384,-0.045430920429412401,0.052421999999999996,0.00096999999999999994,0.178507,-2.9152409028986486,1.2634438455186952,-2.8796187328654446,0.052397139207545587,0.00096730324224324898,0.17842302235604562,-0.29220649325996439,-0.045767107137005117,0.95525951301257628,-0.078326336719032275,0.99664386820035811,0.023790438306263872,-0.95314235572284312,-0.067870257719690949,-0.2948105796001419,8.7621779187526004e-05,2.8259862649723415e-05
1.7250311374664307,1790951869.970391,0.00060200691223144531,0.034609879067047558,0,0,-0.024609142453120049,0.38664278919430384,-0.045430920429412401,0.052421999999999996,0.00096999999999999994,0.178507,-2.9152409028986486,1.2634438455186952,-2.8796187328654446,0.052397139207545587,0.00096730324224324898,0.17842302235604562,-0.29220649325996439,-0.045767107137005117,0.95525951301257628,-0.078326336719032275,0.99664386820035811,0.023790438306263872,-0.95314235572284312,-0.067870257719690949,-0.2948105796001419,8.7621779187526004e-05,2.8259862649723415e-05
1.730032205581665,1790951869.9753921,0.00060009956359863281,0.034609879067047558,0,0,-0.024609142453120049,0.38664278919430384,-0.045430920429412401,0.052421999999999996,0.00096999999999999994,0.178507,-2.9152409028986486,1.2634438455186952,-2.8796187328654446,0.052397139207545587,0.00096730324224324898,0.17842302235604562,-0.29220649325996439,-0.045767107137005117,0.95525951301257628,-0.078326336719032275,0.99664386820035811,0.023790438306263872,-0.95314235572284312,-0.067870257719690949,-0.2948105796001419,8.7621779187526004e-05,2.8259862649723415e-05
1.7350320816040039,1790951869.980392,0.000576019287109375,0.034609879067047558,0,0,-0.024609142453120049,0.38664278919430384,-0.045430920429412401,0.052421999999999996,0.00096999999999999994,0.178507,-2.9152409028986486,1.2634438455186952,-2.8796187328654446,0.052397139207545587,0.00096730324224324898,0.17842302235604562,-0.29220649325996439,-0.045767107137005117,0.95525951301257628,-0.078326336719032275,0.99664386820035811,0.023790438306263872,-0.95314235572284312,-0.067870257719690949,-0.2948105796001419,8.7621779187526004e-05,2.8259862649723415e-05
1.7400310039520264,1790951869.9853909,0.000598907470703125,0.034609879067047558,0,0,-0.024609142453120049,0.38664278919430384,-0.045430920429412401,0.052421999999999996,0.00096999999999999994,0.178507,-2.9152409028986486,1.2634438455186952,-2.8796187328654446,0.052397139207545587,0.00096730324224324898,0.17842302235604562,-0.29220649325996439,-0.045767107137005117,0.95525951301257628,-0.078326336719032275,0.99664386820035811,0.023790438306263872,-0.95314235572284312,-0.067870257719690949,-0.2948105796001419,8.7621779187526004e-05,2.8259862649723415e-05
1.7450551986694336,1790951869.9904151,0.00062513351440429688,0.034609879067047558,0,0,-0.024609142453120049,0.38664278919430384,-0.045430920429412401,0.052421999999999996,0.00096999999999999994,0.178507,-2.9152409028986486,1.2634438455186952,-2.8796187328654446,0.052397139207545587,0.00096730324224324898,0.17842302235604562,-0.29220649325996439,-0.045767107137005117,0.95525951301257628,-0.078326336719032275,0.99664386820035811,0.023790438306263872,-0.95314235572284312,-0.067870257719690949,-0.2948105796001419,8.7621779187526004e-05,2.8259862649723415e-05
1.7500300407409668,1790951869.9953899,0.00059795379638671875,0.034609879067047558,0,0,-0.024609142453120049,0.38664278919430384,-0.045430920429412401,0.052421999999999996,0.00096999999999999994,0.178507,-2.9152409028986486,1.2634438455186952,-2.8796187328654446,0.052397139207545587,0.00096730324224324898,0.17842302235604562,-0.29220649325996439,-0.045767107137005117,0.95525951301257628,-0.078326336719032275,0.99664386820035811,0.023790438306263872,-0.95314235572284312,-0.067870257719690949,-0.2948105796001419,8.7621779187526004e-05,2.8259862649723415e-05
1.7550301551818848,1790951870.0003901,0.00059413909912109375,0.034609879067047558,0,0,-0.024609142453120049,0.38664278919430384,-0.045430920429412401,0.052421999999999996,0.00096999999999999994,0.178507,-2.9152409028986486,1.2634438455186952,-2.8796187328654446,0.052397139207545587,0.00096730324224324898,0.17842302235604562,-0.29220649325996439,-0.045767107137005117,0.95525951301257628,-0.078326336719032275,0.99664386820035811,0.023790438306263872,-0.95314235572284312,-0.067870257719690949,-0.2948105796001419,8.7621779187526004e-05,2.8259862649723415e-05
1.76003098487854,1790951870.0053909,0.0006008148193359375,0.034609879067047558,0,0,-0.024609142453120049,0.38664278919430384,-0.045430920429412401,0.052421999999999996,0.00096999999999999994,0.178507,-2.9152409028986486,1.2634438455186952,-2.8796187328654446,0.052397139207545587,0.00096730324224324898,0.17842302235604562,-0.29220649325996439,-0.045767107137005117,0.95525951301257628,-0.078326336719032275,0.99664386820035811,0.023790438306263872,-0.95314235572284312,-0.067870257719690949,-0.2948105796001419,8.7621779187526004e-05,2.8259862649723415e-05
1.765031099319458,1790951870.010391,0.00060200691223144531,0.034609879067047558,0,0,-0.024609142453120049,0.38664278919430384,-0.045430920429412401,0.052421999999999996,0.00096999999999999994,0.178507,-2.9152409028986486,1.2634438455186952,-2.8796187328654446,0.052397139207545587,0.00096730324224324898,0.17842302235604562,-0.29220649325996439,-0.045767107137005117,0.95525951301257628,-0.078326336719032275,0.99664386820035811,0.023790438306263872,-0.95314235572284312,-0.067870257719690949,-0.2948105796001419,8.7621779187526004e-05,2.8259862649723415e-05
1.7700331211090088,1790951870.015393,0.00060200691223144531,0.034609879067047558,0,0,-0.024609142453120049,0.38664278919430384,-0.045430920429412401,0.052421999999999996,0.00096999999999999994,0.178507,-2.9152409028986486,1.2634438455186952,-2.8796187328654446,0.052397139207545587,0.00096730324224324898,0.17842302235604562,-0.29220649325996439,-0.045767107137005117,0.95525951301257628,-0.078326336719032275,0.99664386820035811,0.023790438306263872,-0.95314235572284312,-0.067870257719690949,-0.2948105796001419,8.7621779187526004e-05,2.8259862649723415e-05
1.7750561237335205,1790951870.020416,0.00060009956359863281,0.034609879067047558,0,0,-0.024609142453120049,0.38664278919430384,-0.045430920429412401,0.052421999999999996,0.00096999999999999994,0.178507,-2.9152409028986486,1.2634438455186952,-2.8796187328654446,0.052397139207545587,0.00096730324224324898,0.17842302235604562,-0.29220649325996439,-0.045767107137005117,0.95525951301257628,-0.078326336719032275,0.99664386820035811,0.023790438306263872,-0.95314235572284312,-0.067870257719690949,-0.2948105796001419,8.7621779187526004e-05,2.8259862649723415e-05
1.7800312042236328,1790951870.0253911,0.0005970001220703125,0.034609879067047558,0,0,-0.024609142453120049,0.38664278919430384,-0.045430920429412401,0.052421999999999996,0.00096999999999999994,0.178507,-2.9152409028986486,1.2634438455186952,-2.8796187328654446,0.052397139207545587,0.00096730324224324898,0.17842302235604562,-0.29220649325996439,-0.045767107137005117,0.95525951301257628,-0.078326336719032275,0.99664386820035811,0.023790438306263872,-0.95314235572284312,-0.067870257719690949,-0.2948105796001419,8.7621779187526004e-05,2.8259862649723415e-05
1.7850320339202881,1790951870.0303919,0.00057482719421386719,0.034609879067047558,0,0,-0.024609142453120049,0.38664278919430384,-0.045430920429412401,0.052421999999999996,0.00096999999999999994,0.178507,-2.9152409028986486,1.2634438455186952,-2.8796187328654446,0.052397139207545587,0.00096730324224324898,0.17842302235604562,-0.29220649325996439,-0.045767107137005117,0.95525951301257628,-0.078326336719032275,0.99664386820035811,0.023790438306263872,-0.95314235572284312,-0.067870257719690949,-0.2948105796001419,8.7621779187526004e-05,2.8259862649723415e-05
1.7900331020355225,1790951870.035393,0.00060200691223144531,0.034609879067047558,0,0,-0.024609142453120049,0.38664278919430384,-0.045430920429412401,0.052421999999999996,0.00096999999999999994,0.178507,-2.9152409028986486,1.2634438455186952,-2.8796187328654446,0.052397139207545587,0.00096730324224324898,0.17842302235604562,-0.29220649325996439,-0.045767107137005117,0.95525951301257628,-0.078326336719032275,0.99664386820035811,0.023790438306263872,-0.95314235572284312,-0.067870257719690949,-0.2948105796001419,8.7621779187526004e-05,2.8259862649723415e-05
1.7950320243835449,1790951870.0403919,0.00059986114501953125,0.034609879067047558,0,0,-0.024609142453120049,0.38664278919430384,-0.045430920429412401,0.052421999999999996,0.00096999999999999994,0.178507,-2.9152409028986486,1.2634438455186952,-2.8796187328654446,0.052397139207545587,0.00096730324224324898,0.17842302235604562,-0.29220649325996439,-0.045767107137005117,0.95525951301257628,-0.078326336719032275,0.99664386820035811,0.023790438306263872,-0.95314235572284312,-0.067870257719690949,-0.2948105796001419,8.7621779187526004e-05,2.8259862649723415e-05
1.8000321388244629,1790951870.045392,0.00060200691223144531,0.034609879067047558,0,0,-0.024609142453120049,0.38664278919430384,-0.045430920429412401,0.052421999999999996,0.00096999999999999994,0.178507,-2.9152409028986486,1.2634438455186952,-2.8796187328654446,0.052397139207545587,0.00096730324224324898,0.17842302235604562,-0.29220649325996439,-0.045767107137005117,0.95525951301257628,-0.078326336719032275,0.99664386820035811,0.023790438306263872,-0.95314235572284312,-0.067870257719690949,-0.2948105796001419,8.7621779187526004e-05,2.8259862649723415e-05
1.8050570487976074,1790951870.0504169,0.00062584877014160156,0.034609879067047558,0,0,-0.024609142453120049,0.38664278919430384,-0.045430920429412401,0.052421999999999996,0.00096999999999999994,0.178507,-2.9152409028986486,1.2634438455186952,-2.8796187328654446,0.052397139207545587,0.00096730324224324898,0.17842302235604562,-0.29220649325996439,-0.045767107137005117,0.95525951301257628,-0.078326336719032275,0.99664386820035811,0.023790438306263872,-0.95314235572284312,-0.067870257719690949,-0.2948105796001419,8.7621779187526004e-05,2.8259862649723415e-05
1.8100299835205078,1790951870.0553899,0.00059795379638671875,0.034609879067047558,0,0,-0.024609142453120049,0.38664278919430384,-0.045430920429412401,0.052421999999999996,0.00096999999999999994,0.178507,-2.9152409028986486,1.2634438455186952,-2.8796187328654446,0.052397139207545587,0.00096730324224324898,0.17842302235604562,-0.29220649325996439,-0.045767107137005117,0.95525951301257628,-0.078326336719032275,0.99664386820035811,0.023790438306263872,-0.95314235572284312,-0.067870257719690949,-0.2948105796001419,8.7621779187526004e-05,2.8259862649723415e-05
1.8150300979614258,1790951870.06039,0.0005741119384765625,0.034609879067047558,0,0,-0.024609142453120049,0.38664278919430384,-0.045430920429412401,0.052421999999999996,0.00096999999999999994,0.178507,-2.9152409028986486,1.2634438455186952,-2.8796187328654446,0.052397139207545587,0.00096730324224324898,0.17842302235604562,-0.29220649325996439,-0.045767107137005117,0.95525951301257628,-0.078326336719032275,0.99664386820035811,0.023790438306263872,-0.95314235572284312,-0.067870257719690949,-0.2948105796001419,8.7621779187526004e-05,2.8259862649723415e-05
1.8200340270996094,1790951870.0653939,0.00060296058654785156,0.034609879067047558,0,0,-0.024609142453120049,0.38664278919430384,-0.045430920429412401,0.052421999999999996,0.00096999999999999994,0.178507,-2.9152409028986486,1.2634438455186952,-2.8796187328654446,0.052397139207545587,0.00096730324224324898,0.17842302235604562,-0.29220649325996439,-0.045767107137005117,0.95525951301257628,-0.078326336719032275,0.99664386820035811,0.023790438306263872,-0.95314235572284312,-0.067870257719690949,-0.2948105796001419,8.7621779187526004e-05,2.8259862649723415e-05
1.8250319957733154,1790951870.0703919,0.00057482719421386719,0.034609879067047558,0,0,-0.024609142453120049,0.38664278919430384,-0.045430920429412401,0.052421999999999996,0.00096999999999999994,0.178507,-2.9152409028986486,1.2634438455186952,-2.8796187328654446,0.052397139207545587,0.00096730324224324898,0.17842302235604562,-0.29220649325996439,-0.045767107137005117,0.95525951301257628,-0.078326336719032275,0.99664386820035811,0.023790438306263872,-0.95314235572284312,-0.067870257719690949,-0.2948105796001419,8.7621779187526004e-05,2.8259862649723415e-05
1.8300302028656006,1790951870.0753901,0.00060009956359863281,0.034609879067047558,0,0,-0.024609142453120049,0.38664278919430384,-0.045430920429412401,0.052421999999999996,0.00096999999999999994,0.178507,-2.9152409028986486,1.2634438455186952,-2.8796187328654446,0.052397139207545587,0.00096730324224324898,0.17842302235604562,-0.29220649325996439,-0.045767107137005117,0.95525951301257628,-0.078326336719032275,0.99664386820035811,0.023790438306263872,-0.95314235572284312,-0.067870257719690949,-0.2948105796001419,8.7621779187526004e-05,2.8259862649723415e-05
1.8350300788879395,1790951870.08039,0.0005970001220703125,0.034609879067047558,0,0,-0.024609142453120049,0.38664278919430384,-0.045430920429412401,0.052421999999999996,0.00096999999999999994,0.178507,-2.9152409028986486,1.2634438455186952,-2.8796187328654446,0.052397139207545587,0.00096730324224324898,0.17842302235604562,-0.29220649325996439,-0.045767107137005117,0.95525951301257628,-0.078326336719032275,0.99664386820035811,0.023790438306263872,-0.95314235572284312,-0.067870257719690949,-0.2948105796001419,8.7621779187526004e-05,2.8259862649723415e-05
1.8400321006774902,1790951870.085392,0.00060009956359863281,0.034609879067047558,0,0,-0.024609142453120049,0.38664278919430384,-0.045430920429412401,0.052421999999999996,0.00096999999999999994,0.178507,-2.9152409028986486,1.2634438455186952,-2.8796187328654446,0.052397139207545587,0.00096730324224324898,0.17842302235604562,-0.29220649325996439,-0.045767107137005117,0.95525951301257628,-0.078326336719032275,0.99664386820035811,0.023790438306263872,-0.95314235572284312,-0.067870257719690949,-0.2948105796001419,8.7621779187526004e-05,2.8259862649723415e-05
1.8450322151184082,1790951870.0903921,0.00060009956359863281,0.034609879067047558,0,0,-0.024609142453120049,0.38664278919430384,-0.045430920429412401,0.052421999999999996,0.00096999999999999994,0.178507,-2.9152409028986486,1.2634438455186952,-2.8796187328654446,0.052397139207545587,0.00096730324224324898,0.17842302235604562,-0.29220649325996439,-0.045767107137005117,0.95525951301257628,-0.078326336719032275,0.99664386820035811,0.023790438306263872,-0.95314235572284312,-0.067870257719690949,-0.2948105796001419,8.7621779187526004e-05,2.8259862649723415e-05
1.8500320911407471,1790951870.095392,0.00060200691223144531,0.034609879067047558,0,0,-0.024609142453120049,0.38664278919430384,-0.045430920429412401,0.052421999999999996,0.00096999999999999994,0.178507,-2.9152409028986486,1.2634438455186952,-2.8796187328654446,0.052397139207545587,0.00096730324224324898,0.17842302235604562,-0.29220649325996439,-0.045767107137005117,0.95525951301257628,-0.078326336719032275,0.99664386820035811,0.023790438306263872,-0.95314235572284312,-0.067870257719690949,-0.2948105796001419,8.7621779187526004e-05,2.8259862649723415e-05
1.8550331592559814,1790951870.1003931,0.00060105323791503906,0.034609879067047558,0,0,-0.024609142453120049,0.38664278919430384,-0.045430920429412401,0.052421999999999996,0.00096999999999999994,0.178507,-2.9152409028986486,1.2634438455186952,-2.8796187328654446,0.052397139207545587,0.00096730324224324898,0.17842302235604562,-0.29220649325996439,-0.045767107137005117,0.95525951301257628,-0.078326336719032275,0.99664386820035811,0.023790438306263872,-0.95314235572284312,-0.067870257719690949,-0.2948105796001419,8.7621779187526004e-05,2.8259862649723415e-05
1.8600301742553711,1790951870.1053901,0.00059604644775390625,0.034609879067047558,0,0,-0.024609142453120049,0.38664278919430384,-0.045430920429412401,0.052421999999999996,0.00096999999999999994,0.178507,-2.9152409028986486,1.2634438455186952,-2.8796187328654446,0.052397139207545587,0.00096730324224324898,0.17842302235604562,-0.29220649325996439,-0.045767107137005117,0.95525951301257628,-0.078326336719032275,0.99664386820035811,0.023790438306263872,-0.95314235572284312,-0.067870257719690949,-0.2948105796001419,8.7621779187526004e-05,2.8259862649723415e-05
1.8650569915771484,1790951870.1104169,0.000621795654296875,0.034609879067047558,0,0,-0.024609142453120049,0.38664278919430384,-0.045430920429412401,0.052421999999999996,0.00096999999999999994,0.178507,-2.9152409028986486,1.2634438455186952,-2.8796187328654446,0.052397139207545587,0.00096730324224324898,0.17842302235604562,-0.29220649325996439,-0.045767107137005117,0.95525951301257628,-0.078326336719032275,0.99664386820035811,0.023790438306263872,-0.95314235572284312,-0.067870257719690949,-0.2948105796001419,8.7621779187526004e-05,2.8259862649723415e-05
1.8700301647186279,1790951870.1153901,0.00059795379638671875,0.034609879067047558,0,0,-0.024609142453120049,0.38664278919430384,-0.045430920429412401,0.052421999999999996,0.00096999999999999994,0.178507,-2.9152409028986486,1.2634438455186952,-2.8796187328654446,0.052397139207545587,0.00096730324224324898,0.17842302235604562,-0.29220649325996439,-0.045767107137005117,0.95525951301257628,-0.078326336719032275,0.99664386820035811,0.023790438306263872,-0.95314235572284312,-0.067870257719690949,-0.2948105796001419,8.7621779187526004e-05,2.8259862649723415e-05
1.8750331401824951,1790951870.120393,0.00060105323791503906,0.034609879067047558,0,0,-0.024609142453120049,0.38664278919430384,-0.045430920429412401,0.052421999999999996,0.00096999999999999994,0.178507,-2.9152409028986486,1.2634438455186952,-2.8796187328654446,0.052397139207545587,0.00096730324224324898,0.17842302235604562,-0.29220649325996439,-0.045767107137005117,0.95525951301257628,-0.078326336719032275,0.99664386820035811,0.023790438306263872,-0.95314235572284312,-0.067870257719690949,-0.2948105796001419,8.7621779187526004e-05,2.8259862649723415e-05
1.8800342082977295,1790951870.1253941,0.00060105323791503906,0.034609879067047558,0,0,-0.024609142453120049,0.38664278919430384,-0.045430920429412401,0.052421999999999996,0.00096999999999999994,0.178507,-2.9152409028986486,1.2634438455186952,-2.8796187328654446,0.052397139207545587,0.00096730324224324898,0.17842302235604562,-0.29220649325996439,-0.045767107137005117,0.95525951301257628,-0.078326336719032275,0.99664386820035811,0.023790438306263872,-0.95314235572284312,-0.067870257719690949,-0.2948105796001419,8.7621779187526004e-05,2.8259862649723415e-05
1.88503098487854,1790951870.1303909,0.00059199333190917969,0.034609879067047558,0,0,-0.024609142453120049,0.38664278919430384,-0.045430920429412401,0.052421999999999996,0.00096999999999999994,0.178507,-2.9152409028986486,1.2634438455186952,-2.8796187328654446,0.052397139207545587,0.00096730324224324898,0.17842302235604562,-0.29220649325996439,-0.045767107137005117,0.95525951301257628,-0.078326336719032275,0.99664386820035811,0.023790438306263872,-0.95314235572284312,-0.067870257719690949,-0.2948105796001419,8.7621779187526004e-05,2.8259862649723415e-05
1.8900330066680908,1790951870.1353929,0.0006008148193359375,0.034609879067047558,0,0,-0.024609142453120049,0.38664278919430384,-0.045430920429412401,0.052421999999999996,0.00096999999999999994,0.178507,-2.9152409028986486,1.2634438455186952,-2.8796187328654446,0.052397139207545587,0.00096730324224324898,0.17842302235604562,-0.29220649325996439,-0.045767107137005117,0.95525951301257628,-0.078326336719032275,0.99664386820035811,0.023790438306263872,-0.95314235572284312,-0.067870257719690949,-0.2948105796001419,8.7621779187526004e-05,2.8259862649723415e-05
1.8950600624084473,1790951870.14042,0.00062990188598632812,0.034609879067047558,0,0,-0.024609142453120049,0.38664278919430384,-0.045430920429412401,0.052421999999999996,0.00096999999999999994,0.178507,-2.9152409028986486,1.2634438455186952,-2.8796187328654446,0.052397139207545587,0.00096730324224324898,0.17842302235604562,-0.29220649325996439,-0.045767107137005117,0.95525951301257628,-0.078326336719032275,0.99664386820035811,0.023790438306263872,-0.95314235572284312,-0.067870257719690949,-0.2948105796001419,8.7621779187526004e-05,2.8259862649723415e-05
1.9000320434570312,1790951870.1453919,0.00059986114501953125,0.034609879067047558,0,0,-0.024609142453120049,0.38664278919430384,-0.045430920429412401,0.052421999999999996,0.00096999999999999994,0.178507,-2.9152409028986486,1.2634438455186952,-2.8796187328654446,0.052397139207545587,0.00096730324224324898,0.17842302235604562,-0.29220649325996439,-0.045767107137005117,0.95525951301257628,-0.078326336719032275,0.99664386820035811,0.023790438306263872,-0.95314235572284312,-0.067870257719690949,-0.2948105796001419,8.7621779187526004e-05,2.8259862649723415e-05
1.9050331115722656,1790951870.150393,0.000576019287109375,0.034609879067047558,0,0,-0.024609142453120049,0.38664278919430384,-0.045430920429412401,0.052421999999999996,0.00096999999999999994,0.178507,-2.9152409028986486,1.2634438455186952,-2.8796187328654446,0.052397139207545587,0.00096730324224324898,0.17842302235604562,-0.29220649325996439,-0.045767107137005117,0.95525951301257628,-0.078326336719032275,0.99664386820035811,0.023790438306263872,-0.95314235572284312,-0.067870257719690949,-0.2948105796001419,8.7621779187526004e-05,2.8259862649723415e-05
1.9100341796875,1790951870.1553941,0.00060296058654785156,0.034609879067047558,0,0,-0.024609142453120049,0.38664278919430384,-0.045430920429412401,0.052421999999999996,0.00096999999999999994,0.178507,-2.9152409028986486,1.2634438455186952,-2.8796187328654446,0.052397139207545587,0.00096730324224324898,0.17842302235604562,-0.29220649325996439,-0.045767107137005117,0.95525951301257628,-0.078326336719032275,0.99664386820035811,0.023790438306263872,-0.95314235572284312,-0.067870257719690949,-0.2948105796001419,8.7621779187526004e-05,2.8259862649723415e-05
1.9150559902191162,1790951870.1604159,0.00061798095703125,0.034609879067047558,0,0,-0.024609142453120049,0.38664278919430384,-0.045430920429412401,0.052421999999999996,0.00096999999999999994,0.178507,-2.9152409028986486,1.2634438455186952,-2.8796187328654446,0.052397139207545587,0.00096730324224324898,0.17842302235604562,-0.29220649325996439,-0.045767107137005117,0.95525951301257628,-0.078326336719032275,0.99664386820035811,0.023790438306263872,-0.95314235572284312,-0.067870257719690949,-0.2948105796001419,8.7621779187526004e-05,2.8259862649723415e-05
1.9200332164764404,1790951870.1653931,0.00060105323791503906,0.034609879067047558,0,0,-0.024609142453120049,0.38664278919430384,-0.045430920429412401,0.052421999999999996,0.00096999999999999994,0.178507,-2.9152409028986486,1.2634438455186952,-2.8796187328654446,0.052397139207545587,0.00096730324224324898,0.17842302235604562,-0.29220649325996439,-0.045767107137005117,0.95525951301257628,-0.078326336719032275,0.99664386820035811,0.023790438306263872,-0.95314235572284312,-0.067870257719690949,-0.2948105796001419,8.7621779187526004e-05,2.8259862649723415e-05
1.9250321388244629,1790951870.170392,0.00059604644775390625,0.034609879067047558,0,0,-0.024609142453120049,0.38664278919430384,-0.045430920429412401,0.052421999999999996,0.00096999999999999994,0.178507,-2.9152409028986486,1.2634438455186952,-2.8796187328654446,0.052397139207545587,0.00096730324224324898,0.17842302235604562,-0.29220649325996439,-0.045767107137005117,0.95525951301257628,-0.078326336719032275,0.99664386820035811,0.023790438306263872,-0.95314235572284312,-0.067870257719690949,-0.2948105796001419,8.7621779187526004e-05,2.8259862649723415e-05
1.9300320148468018,1790951870.1753919,0.0005970001220703125,0.034609879067047558,0,0,-0.024609142453120049,0.38664278919430384,-0.045430920429412401,0.052421999999999996,0.00096999999999999994,0.178507,-2.9152409028986486,1.2634438455186952,-2.8796187328654446,0.052397139207545587,0.00096730324224324898,0.17842302235604562,-0.29220649325996439,-0.045767107137005117,0.95525951301257628,-0.078326336719032275,0.99664386820035811,0.023790438306263872,-0.95314235572284312,-0.067870257719690949,-0.2948105796001419,8.7621779187526004e-05,2.8259862649723415e-05
1.9350581169128418,1790951870.180418,0.000598907470703125,0.034609879067047558,0,0,-0.024609142453120049,0.38664278919430384,-0.045430920429412401,0.052421999999999996,0.00096999999999999994,0.178507,-2.9152409028986486,1.2634438455186952,-2.8796187328654446,0.052397139207545587,0.00096730324224324898,0.17842302235604562,-0.29220649325996439,-0.045767107137005117,0.95525951301257628,-0.078326336719032275,0.99664386820035811,0.023790438306263872,-0.95314235572284312,-0.067870257719690949,-0.2948105796001419,8.7621779187526004e-05,2.8259862649723415e-05
1.9400331974029541,1790951870.1853931,0.00060105323791503906,0.034609879067047558,0,0,-0.024609142453120049,0.38664278919430384,-0.045430920429412401,0.052421999999999996,0.00096999999999999994,0.178507,-2.9152409028986486,1.2634438455186952,-2.8796187328654446,0.052397139207545587,0.00096730324224324898,0.17842302235604562,-0.29220649325996439,-0.045767107137005117,0.95525951301257628,-0.078326336719032275,0.99664386820035811,0.023790438306263872,-0.95314235572284312,-0.067870257719690949,-0.2948105796001419,8.7621779187526004e-05,2.8259862649723415e-05
1.9450321197509766,1790951870.190392,0.00059294700622558594,0.034609879067047558,0,0,-0.024609142453120049,0.38664278919430384,-0.045430920429412401,0.052421999999999996,0.00096999999999999994,0.178507,-2.9152409028986486,1.2634438455186952,-2.8796187328654446,0.052397139207545587,0.00096730324224324898,0.17842302235604562,-0.29220649325996439,-0.045767107137005117,0.95525951301257628,-0.078326336719032275,0.99664386820035811,0.023790438306263872,-0.95314235572284312,-0.067870257719690949,-0.2948105796001419,8.7621779187526004e-05,2.8259862649723415e-05
1.9500319957733154,1790951870.1953919,0.0006008148193359375,0.034609879067047558,0,0,-0.024609142453120049,0.38664278919430384,-0.045430920429412401,0.052421999999999996,0.00096999999999999994,0.178507,-2.9152409028986486,1.2634438455186952,-2.8796187328654446,0.052397139207545587,0.00096730324224324898,0.17842302235604562,-0.29220649325996439,-0.045767107137005117,0.95525951301257628,-0.078326336719032275,0.99664386820035811,0.023790438306263872,-0.95314235572284312,-0.067870257719690949,-0.2948105796001419,8.7621779187526004e-05,2.8259862649723415e-05
1.9550580978393555,1790951870.200418,0.00060296058654785156,0.034609879067047558,0,0,-0.024609142453120049,0.38664278919430384,-0.045430920429412401,0.052421999999999996,0.00096999999999999994,0.178507,-2.9152409028986486,1.2634438455186952,-2.8796187328654446,0.052397139207545587,0.00096730324224324898,0.17842302235604562,-0.29220649325996439,-0.045767107137005117,0.95525951301257628,-0.078326336719032275,0.99664386820035811,0.023790438306263872,-0.95314235572284312,-0.067870257719690949,-0.2948105796001419,8.7621779187526004e-05,2.8259862649723415e-05
1.9600331783294678,1790951870.2053931,0.00060009956359863281,0.034609879067047558,0,0,-0.024609142453120049,0.38664278919430384,-0.045430920429412401,0.052421999999999996,0.00096999999999999994,0.178507,-2.9152409028986486,1.2634438455186952,-2.8796187328654446,0.052397139207545587,0.00096730324224324898,0.17842302235604562,-0.29220649325996439,-0.045767107137005117,0.95525951301257628,-0.078326336719032275,0.99664386820035811,0.023790438306263872,-0.95314235572284312,-0.067870257719690949,-0.2948105796001419,8.7621779187526004e-05,2.8259862649723415e-05
1.9650599956512451,1790951870.2104199,0.00062489509582519531,0.034609879067047558,0,0,-0.024609142453120049,0.38664278919430384,-0.045430920429412401,0.052421999999999996,0.00096999999999999994,0.178507,-2.9152409028986486,1.2634438455186952,-2.8796187328654446,0.052397139207545587,0.00096730324224324898,0.17842302235604562,-0.29220649325996439,-0.045767107137005117,0.95525951301257628,-0.078326336719032275,0.99664386820035811,0.023790438306263872,-0.95314235572284312,-0.067870257719690949,-0.2948105796001419,8.7621779187526004e-05,2.8259862649723415e-05
1.9700322151184082,1790951870.2153921,0.00060200691223144531,0.034609879067047558,0,0,-0.024609142453120049,0.38664278919430384,-0.045430920429412401,0.052421999999999996,0.00096999999999999994,0.178507,-2.9152409028986486,1.2634438455186952,-2.8796187328654446,0.052397139207545587,0.00096730324224324898,0.17842302235604562,-0.29220649325996439,-0.045767107137005117,0.95525951301257628,-0.078326336719032275,0.99664386820035811,0.023790438306263872,-0.95314235572284312,-0.067870257719690949,-0.2948105796001419,8.7621779187526004e-05,2.8259862649723415e-05
1.9750339984893799,1790951870.2203939,0.00060296058654785156,0.034609879067047558,0,0,-0.024609142453120049,0.38664278919430384,-0.045430920429412401,0.052421999999999996,0.00096999999999999994,0.178507,-2.9152409028986486,1.2634438455186952,-2.8796187328654446,0.052397139207545587,0.00096730324224324898,0.17842302235604562,-0.29220649325996439,-0.045767107137005117,0.95525951301257628,-0.078326336719032275,0.99664386820035811,0.023790438306263872,-0.95314235572284312,-0.067870257719690949,-0.2948105796001419,8.7621779187526004e-05,2.8259862649723415e-05
1.980032205581665,1790951870.2253921,0.00060105323791503906,0.034609879067047558,0,0,-0.024609142453120049,0.38664278919430384,-0.045430920429412401,0.052421999999999996,0.00096999999999999994,0.178507,-2.9152409028986486,1.2634438455186952,-2.8796187328654446,0.052397139207545587,0.00096730324224324898,0.17842302235604562,-0.29220649325996439,-0.045767107137005117,0.95525951301257628,-0.078326336719032275,0.99664386820035811,0.023790438306263872,-0.95314235572284312,-0.067870257719690949,-0.2948105796001419,8.7621779187526004e-05,2.8259862649723415e-05
1.9850561618804932,1790951870.2304161,0.00059914588928222656,0.034609879067047558,0,0,-0.024609142453120049,0.38664278919430384,-0.045430920429412401,0.052421999999999996,0.00096999999999999994,0.178507,-2.9152409028986486,1.2634438455186952,-2.8796187328654446,0.052397139207545587,0.00096730324224324898,0.17842302235604562,-0.29220649325996439,-0.045767107137005117,0.95525951301257628,-0.078326336719032275,0.99664386820035811,0.023790438306263872,-0.95314235572284312,-0.067870257719690949,-0.2948105796001419,8.7621779187526004e-05,2.8259862649723415e-05
1.9900321960449219,1790951870.2353921,0.00060105323791503906,0.034609879067047558,0,0,-0.024609142453120049,0.38664278919430384,-0.045430920429412401,0.052421999999999996,0.00096999999999999994,0.178507,-2.9152409028986486,1.2634438455186952,-2.8796187328654446,0.052397139207545587,0.00096730324224324898,0.17842302235604562,-0.29220649325996439,-0.045767107137005117,0.95525951301257628,-0.078326336719032275,0.99664386820035811,0.023790438306263872,-0.95314235572284312,-0.067870257719690949,-0.2948105796001419,8.7621779187526004e-05,2.8259862649723415e-05
1.9950330257415771,1790951870.2403929,0.00057482719421386719,0.034609879067047558,0,0,-0.024609142453120049,0.38664278919430384,-0.045430920429412401,0.052421999999999996,0.00096999999999999994,0.178507,-2.9152409028986486,1.2634438455186952,-2.8796187328654446,0.052397139207545587,0.00096730324224324898,0.17842302235604562,-0.29220649325996439,-0.045767107137005117,0.95525951301257628,-0.078326336719032275,0.99664386820035811,0.023790438306263872,-0.95314235572284312,-0.067870257719690949,-0.2948105796001419,8.7621779187526004e-05,2.8259862649723415e-05
2.0000331401824951,1790951870.245393,0.00060200691223144531,0.034609879067047558,0,0,-0.024609142453120049,0.38664278919430384,-0.045430920429412401,0.052421999999999996,0.00096999999999999994,0.178507,-2.9152409028986486,1.2634438455186952,-2.8796187328654446,0.052397139207545587,0.00096730324224324898,0.17842302235604562,-0.29220649325996439,-0.045767107137005117,0.95525951301257628,-0.078326336719032275,0.99664386820035811,0.023790438306263872,-0.95314235572284312,-0.067870257719690949,-0.2948105796001419,8.7621779187526004e-05,2.8259862649723415e-05
2.0050580501556396,1790951870.2504179,0.0006198883056640625,0.034609879067047558,0,0,-0.024609142453120049,0.38664278919430384,-0.045430920429412401,0.052421999999999996,0.00096999999999999994,0.178507,-2.9152409028986486,1.2634438455186952,-2.8796187328654446,0.052397139207545587,0.00096730324224324898,0.17842302235604562,-0.29220649325996439,-0.045767107137005117,0.95525951301257628,-0.078326336719032275,0.99664386820035811,0.023790438306263872,-0.95314235572284312,-0.067870257719690949,-0.2948105796001419,8.7621779187526004e-05,2.8259862649723415e-05
2.010033130645752,1790951870.255393,0.00060105323791503906,0.034609879067047558,0,0,-0.024609142453120049,0.38664278919430384,-0.045430920429412401,0.052421999999999996,0.00096999999999999994,0.178507,-2.9152409028986486,1.2634438455186952,-2.8796187328654446,0.052397139207545587,0.00096730324224324898,0.17842302235604562,-0.29220649325996439,-0.045767107137005117,0.95525951301257628,-0.078326336719032275,0.99664386820035811,0.023790438306263872,-0.95314235572284312,-0.067870257719690949,-0.2948105796001419,8.7621779187526004e-05,2.8259862649723415e-05
2.0150580406188965,1790951870.2604179,0.00061893463134765625,0.034609879067047558,0,0,-0.024609142453120049,0.38664278919430384,-0.045430920429412401,0.052421999999999996,0.00096999999999999994,0.178507,-2.9152409028986486,1.2634438455186952,-2.8796187328654446,0.052397139207545587,0.00096730324224324898,0.17842302235604562,-0.29220649325996439,-0.045767107137005117,0.95525951301257628,-0.078326336719032275,0.99664386820035811,0.023790438306263872,-0.95314235572284312,-0.067870257719690949,-0.2948105796001419,8.7621779187526004e-05,2.8259862649723415e-05
2.0200321674346924,1790951870.2653921,0.00060009956359863281,0.034609879067047558,0,0,-0.024609142453120049,0.38664278919430384,-0.045430920429412401,0.052421999999999996,0.00096999999999999994,0.178507,-2.9152409028986486,1.2634438455186952,-2.8796187328654446,0.052397139207545587,0.00096730324224324898,0.17842302235604562,-0.29220649325996439,-0.045767107137005117,0.95525951301257628,-0.078326336719032275,0.99664386820035811,0.023790438306263872,-0.95314235572284312,-0.067870257719690949,-0.2948105796001419,8.7621779187526004e-05,2.8259862649723415e-05
2.0250580310821533,1790951870.2704179,0.00062704086303710938,0.034609879067047558,0,0,-0.024609142453120049,0.38664278919430384,-0.045430920429412401,0.052421999999999996,0.00096999999999999994,0.178507,-2.9152409028986486,1.2634438455186952,-2.8796187328654446,0.052397139207545587,0.00096730324224324898,0.17842302235604562,-0.29220649325996439,-0.045767107137005117,0.95525951301257628,-0.078326336719032275,0.99664386820035811,0.023790438306263872,-0.95314235572284312,-0.067870257719690949,-0.2948105796001419,8.7621779187526004e-05,2.8259862649723415e-05
2.030034065246582,1790951870.275394,0.00060200691223144531,0.034609879067047558,0,0,-0.024609142453120049,0.38664278919430384,-0.045430920429412401,0.052421999999999996,0.00096999999999999994,0.178507,-2.9152409028986486,1.2634438455186952,-2.8796187328654446,0.052397139207545587,0.00096730324224324898,0.17842302235604562,-0.29220649325996439,-0.045767107137005117,0.95525951301257628,-0.078326336719032275,0.99664386820035811,0.023790438306263872,-0.95314235572284312,-0.067870257719690949,-0.2948105796001419,8.7621779187526004e-05,2.8259862649723415e-05
2.0350570678710938,1790951870.280417,0.00062108039855957031,0.034609879067047558,0,0,-0.024609142453120049,0.38664278919430384,-0.045430920429412401,0.052421999999999996,0.00096999999999999994,0.178507,-2.9152409028986486,1.2634438455186952,-2.8796187328654446,0.052397139207545587,0.00096730324224324898,0.17842302235604562,-0.29220649325996439,-0.045767107137005117,0.95525951301257628,-0.078326336719032275,0.99664386820035811,0.023790438306263872,-0.95314235572284312,-0.067870257719690949,-0.2948105796001419,8.7621779187526004e-05,2.8259862649723415e-05
2.0400311946868896,1790951870.2853911,0.00059914588928222656,0.034609879067047558,0,0,-0.024609142453120049,0.38664278919430384,-0.045430920429412401,0.052421999999999996,0.00096999999999999994,0.178507,-2.9152409028986486,1.2634438455186952,-2.8796187328654446,0.052397139207545587,0.00096730324224324898,0.17842302235604562,-0.29220649325996439,-0.045767107137005117,0.95525951301257628,-0.078326336719032275,0.99664386820035811,0.023790438306263872,-0.95314235572284312,-0.067870257719690949,-0.2948105796001419,8.7621779187526004e-05,2.8259862649723415e-05
2.0450320243835449,1790951870.2903919,0.000576019287109375,0.034609879067047558,0,0,-0.024609142453120049,0.38664278919430384,-0.045430920429412401,0.052421999999999996,0.00096999999999999994,0.178507,-2.9152409028986486,1.2634438455186952,-2.8796187328654446,0.052397139207545587,0.00096730324224324898,0.17842302235604562,-0.29220649325996439,-0.045767107137005117,0.95525951301257628,-0.078326336719032275,0.99664386820035811,0.023790438306263872,-0.95314235572284312,-0.067870257719690949,-0.2948105796001419,8.7621779187526004e-05,2.8259862649723415e-05
2.0500349998474121,1790951870.2953949,0.0006008148193359375,0.034609879067047558,0,0,-0.024609142453120049,0.38664278919430384,-0.045430920429412401,0.052421999999999996,0.00096999999999999994,0.178507,-2.9152409028986486,1.2634438455186952,-2.8796187328654446,0.052397139207545587,0.00096730324224324898,0.17842302235604562,-0.29220649325996439,-0.045767107137005117,0.95525951301257628,-0.078326336719032275,0.99664386820035811,0.023790438306263872,-0.95314235572284312,-0.067870257719690949,-0.2948105796001419,8.7621779187526004e-05,2.8259862649723415e-05
2.0550351142883301,1790951870.300395,0.0005779266357421875,0.034609879067047558,0,0,-0.024609142453120049,0.38664278919430384,-0.045430920429412401,0.052421999999999996,0.00096999999999999994,0.178507,-2.9152409028986486,1.2634438455186952,-2.8796187328654446,0.052397139207545587,0.00096730324224324898,0.17842302235604562,-0.29220649325996439,-0.045767107137005117,0.95525951301257628,-0.078326336719032275,0.99664386820035811,0.023790438306263872,-0.95314235572284312,-0.067870257719690949,-0.2948105796001419,8.7621779187526004e-05,2.8259862649723415e-05
2.0600340366363525,1790951870.3053939,0.00060200691223144531,0.034609879067047558,0,0,-0.024609142453120049,0.38664278919430384,-0.045430920429412401,0.052421999999999996,0.00096999999999999994,0.178507,-2.9152409028986486,1.2634438455186952,-2.8796187328654446,0.052397139207545587,0.00096730324224324898,0.17842302235604562,-0.29220649325996439,-0.045767107137005117,0.95525951301257628,-0.078326336719032275,0.99664386820035811,0.023790438306263872,-0.95314235572284312,-0.067870257719690949,-0.2948105796001419,8.7621779187526004e-05,2.8259862649723415e-05
2.0650579929351807,1790951870.3104179,0.0006198883056640625,0.034609879067047558,0,0,-0.024609142453120049,0.38664278919430384,-0.045430920429412401,0.052421999999999996,0.00096999999999999994,0.178507,-2.9152409028986486,1.2634438455186952,-2.8796187328654446,0.052397139207545587,0.00096730324224324898,0.17842302235604562,-0.29220649325996439,-0.045767107137005117,0.95525951301257628,-0.078326336719032275,0.99664386820035811,0.023790438306263872,-0.95314235572284312,-0.067870257719690949,-0.2948105796001419,8.7621779187526004e-05,2.8259862649723415e-05
2.0700581073760986,1790951870.315418,0.00062298774719238281,0.034609879067047558,0,0,-0.024609142453120049,0.38664278919430384,-0.045430920429412401,0.052421999999999996,0.00096999999999999994,0.178507,-2.9152409028986486,1.2634438455186952,-2.8796187328654446,0.052397139207545587,0.00096730324224324898,0.17842302235604562,-0.29220649325996439,-0.045767107137005117,0.95525951301257628,-0.078326336719032275,0.99664386820035811,0.023790438306263872,-0.95314235572284312,-0.067870257719690949,-0.2948105796001419,8.7621779187526004e-05,2.8259862649723415e-05
2.0750679969787598,1790951870.3204279,0.00060892105102539062,0.034609879067047558,0,0,-0.024609142453120049,0.38664278919430384,-0.045430920429412401,0.052421999999999996,0.00096999999999999994,0.178507,-2.9152409028986486,1.2634438455186952,-2.8796187328654446,0.052397139207545587,0.00096730324224324898,0.17842302235604562,-0.29220649325996439,-0.045767107137005117,0.95525951301257628,-0.078326336719032275,0.99664386820035811,0.023790438306263872,-0.95314235572284312,-0.067870257719690949,-0.2948105796001419,8.7621779187526004e-05,2.8259862649723415e-05
2.0800321102142334,1790951870.325392,0.00059604644775390625,0.034609879067047558,0,0,-0.024609142453120049,0.38664278919430384,-0.045430920429412401,0.052421999999999996,0.00096999999999999994,0.178507,-2.9152409028986486,1.2634438455186952,-2.8796187328654446,0.052397139207545587,0.00096730324224324898,0.17842302235604562,-0.29220649325996439,-0.045767107137005117,0.95525951301257628,-0.078326336719032275,0.99664386820035811,0.023790438306263872,-0.95314235572284312,-0.067870257719690949,-0.2948105796001419,8.7621779187526004e-05,2.8259862649723415e-05
2.0850341320037842,1790951870.330394,0.0005779266357421875,0.034609879067047558,0,0,-0.024609142453120049,0.38664278919430384,-0.045430920429412401,0.052421999999999996,0.00096999999999999994,0.178507,-2.9152409028986486,1.2634438455186952,-2.8796187328654446,0.052397139207545587,0.00096730324224324898,0.17842302235604562,-0.29220649325996439,-0.045767107137005117,0.95525951301257628,-0.078326336719032275,0.99664386820035811,0.023790438306263872,-0.95314235572284312,-0.067870257719690949,-0.2948105796001419,8.7621779187526004e-05,2.8259862649723415e-05
2.0900352001190186,1790951870.3353951,0.00060415267944335938,0.034609879067047558,0,0,-0.024609142453120049,0.38664278919430384,-0.045430920429412401,0.052421999999999996,0.00096999999999999994,0.178507,-2.9152409028986486,1.2634438455186952,-2.8796187328654446,0.052397139207545587,0.00096730324224324898,0.17842302235604562,-0.29220649325996439,-0.045767107137005117,0.95525951301257628,-0.078326336719032275,0.99664386820035811,0.023790438306263872,-0.95314235572284312,-0.067870257719690949,-0.2948105796001419,8.7621779187526004e-05,2.8259862649723415e-05
2.0950570106506348,1790951870.3404169,0.00062084197998046875,0.034609879067047558,0,0,-0.024609142453120049,0.38664278919430384,-0.045430920429412401,0.052421999999999996,0.00096999999999999994,0.178507,-2.9152409028986486,1.2634438455186952,-2.8796187328654446,0.052397139207545587,0.00096730324224324898,0.17842302235604562,-0.29220649325996439,-0.045767107137005117,0.95525951301257628,-0.078326336719032275,0.99664386820035811,0.023790438306263872,-0.95314235572284312,-0.067870257719690949,-0.2948105796001419,8.7621779187526004e-05,2.8259862649723415e-05
2.1000571250915527,1790951870.345417,0.00062608718872070312,0.034609879067047558,0,0,-0.024609142453120049,0.38664278919430384,-0.045430920429412401,0.052421999999999996,0.00096999999999999994,0.178507,-2.9152409028986486,1.2634438455186952,-2.8796187328654446,0.052397139207545587,0.00096730324224324898,0.17842302235604562,-0.29220649325996439,-0.045767107137005117,0.95525951301257628,-0.078326336719032275,0.99664386820035811,0.023790438306263872,-0.95314235572284312,-0.067870257719690949,-0.2948105796001419,8.7621779187526004e-05,2.8259862649723415e-05
2.1050601005554199,1790951870.35042,0.00062894821166992188,0.034609879067047558,0,0,-0.024609142453120049,0.38664278919430384,-0.045430920429412401,0.052421999999999996,0.00096999999999999994,0.178507,-2.9152409028986486,1.2634438455186952,-2.8796187328654446,0.052397139207545587,0.00096730324224324898,0.17842302235604562,-0.29220649325996439,-0.045767107137005117,0.95525951301257628,-0.078326336719032275,0.99664386820035811,0.023790438306263872,-0.95314235572284312,-0.067870257719690949,-0.2948105796001419,8.7621779187526004e-05,2.8259862649723415e-05
2.1100320816040039,1790951870.355392,0.00060200691223144531,0.034609879067047558,0,0,-0.024609142453120049,0.38664278919430384,-0.045430920429412401,0.052421999999999996,0.00096999999999999994,0.178507,-2.9152409028986486,1.2634438455186952,-2.8796187328654446,0.052397139207545587,0.00096730324224324898,0.17842302235604562,-0.29220649325996439,-0.045767107137005117,0.95525951301257628,-0.078326336719032275,0.99664386820035811,0.023790438306263872,-0.95314235572284312,-0.067870257719690949,-0.2948105796001419,8.7621779187526004e-05,2.8259862649723415e-05
2.1150650978088379,1790951870.360425,0.00060796737670898438,0.034609879067047558,0,0,-0.024609142453120049,0.38664278919430384,-0.045430920429412401,0.052421999999999996,0.00096999999999999994,0.178507,-2.9152409028986486,1.2634438455186952,-2.8796187328654446,0.052397139207545587,0.00096730324224324898,0.17842302235604562,-0.29220649325996439,-0.045767107137005117,0.95525951301257628,-0.078326336719032275,0.99664386820035811,0.023790438306263872,-0.95314235572284312,-0.067870257719690949,-0.2948105796001419,8.7621779187526004e-05,2.8259862649723415e-05
2.1200320720672607,1790951870.365392,0.000598907470703125,0.034609879067047558,0,0,-0.024609142453120049,0.38664278919430384,-0.045430920429412401,0.052421999999999996,0.00096999999999999994,0.178507,-2.9152409028986486,1.2634438455186952,-2.8796187328654446,0.052397139207545587,0.00096730324224324898,0.17842302235604562,-0.29220649325996439,-0.045767107137005117,0.95525951301257628,-0.078326336719032275,0.99664386820035811,0.023790438306263872,-0.95314235572284312,-0.067870257719690949,-0.2948105796001419,8.7621779187526004e-05,2.8259862649723415e-05
2.1250340938568115,1790951870.370394,0.000576019287109375,0.034609879067047558,0,0,-0.024609142453120049,0.38664278919430384,-0.045430920429412401,0.052421999999999996,0.00096999999999999994,0.178507,-2.9152409028986486,1.2634438455186952,-2.8796187328654446,0.052397139207545587,0.00096730324224324898,0.17842302235604562,-0.29220649325996439,-0.045767107137005117,0.95525951301257628,-0.078326336719032275,0.99664386820035811,0.023790438306263872,-0.95314235572284312,-0.067870257719690949,-0.2948105796001419,8.7621779187526004e-05,2.8259862649723415e-05
2.1300351619720459,1790951870.3753951,0.00060296058654785156,0.034609879067047558,0,0,-0.024609142453120049,0.38664278919430384,-0.045430920429412401,0.052421999999999996,0.00096999999999999994,0.178507,-2.9152409028986486,1.2634438455186952,-2.8796187328654446,0.052397139207545587,0.00096730324224324898,0.17842302235604562,-0.29220649325996439,-0.045767107137005117,0.95525951301257628,-0.078326336719032275,0.99664386820035811,0.023790438306263872,-0.95314235572284312,-0.067870257719690949,-0.2948105796001419,8.7621779187526004e-05,2.8259862649723415e-05
2.135059118270874,1790951870.380419,0.00060200691223144531,0.034609879067047558,0,0,-0.024609142453120049,0.38664278919430384,-0.045430920429412401,0.052421999999999996,0.00096999999999999994,0.178507,-2.9152409028986486,1.2634438455186952,-2.8796187328654446,0.052397139207545587,0.00096730324224324898,0.17842302235604562,-0.29220649325996439,-0.045767107137005117,0.95525951301257628,-0.078326336719032275,0.99664386820035811,0.023790438306263872,-0.95314235572284312,-0.067870257719690949,-0.2948105796001419,8.7621779187526004e-05,2.8259862649723415e-05
2.1400330066680908,1790951870.3853929,0.00059580802917480469,0.034609879067047558,0,0,-0.024609142453120049,0.38664278919430384,-0.045430920429412401,0.052421999999999996,0.00096999999999999994,0.178507,-2.9152409028986486,1.2634438455186952,-2.8796187328654446,0.052397139207545587,0.00096730324224324898,0.17842302235604562,-0.29220649325996439,-0.045767107137005117,0.95525951301257628,-0.078326336719032275,0.99664386820035811,0.023790438306263872,-0.95314235572284312,-0.067870257719690949,-0.2948105796001419,8.7621779187526004e-05,2.8259862649723415e-05
2.1450400352478027,1790951870.3903999,0.00058293342590332031,0.034609879067047558,0,0,-0.024609142453120049,0.38664278919430384,-0.045430920429412401,0.052421999999999996,0.00096999999999999994,0.178507,-2.9152409028986486,1.2634438455186952,-2.8796187328654446,0.052397139207545587,0.00096730324224324898,0.17842302235604562,-0.29220649325996439,-0.045767107137005117,0.95525951301257628,-0.078326336719032275,0.99664386820035811,0.023790438306263872,-0.95314235572284312,-0.067870257719690949,-0.2948105796001419,8.7621779187526004e-05,2.8259862649723415e-05
2.150036096572876,1790951870.395396,0.00060510635375976562,0.034609879067047558,0,0,-0.024609142453120049,0.38664278919430384,-0.045430920429412401,0.052421999999999996,0.00096999999999999994,0.178507,-2.9152409028986486,1.2634438455186952,-2.8796187328654446,0.052397139207545587,0.00096730324224324898,0.17842302235604562,-0.29220649325996439,-0.045767107137005117,0.95525951301257628,-0.078326336719032275,0.99664386820035811,0.023790438306263872,-0.95314235572284312,-0.067870257719690949,-0.2948105796001419,8.7621779187526004e-05,2.8259862649723415e-05
2.1550641059875488,1790951870.400424,0.00063109397888183594,0.034609879067047558,0,0,-0.024609142453120049,0.38664278919430384,-0.045430920429412401,0.052421999999999996,0.00096999999999999994,0.178507,-2.9152409028986486,1.2634438455186952,-2.8796187328654446,0.052397139207545587,0.00096730324224324898,0.17842302235604562,-0.29220649325996439,-0.045767107137005117,0.95525951301257628,-0.078326336719032275,0.99664386820035811,0.023790438306263872,-0.95314235572284312,-0.067870257719690949,-0.2948105796001419,8.7621779187526004e-05,2.8259862649723415e-05
2.1600329875946045,1790951870.4053929,0.00059390068054199219,0.034609879067047558,0,0,-0.024609142453120049,0.38664278919430384,-0.045430920429412401,0.052421999999999996,0.00096999999999999994,0.178507,-2.9152409028986486,1.2634438455186952,-2.8796187328654446,0.052397139207545587,0.00096730324224324898,0.17842302235604562,-0.29220649325996439,-0.045767107137005117,0.95525951301257628,-0.078326336719032275,0.99664386820035811,0.023790438306263872,-0.95314235572284312,-0.067870257719690949,-0.2948105796001419,8.7621779187526004e-05,2.8259862649723415e-05
2.1650321483612061,1790951870.410392,0.00059795379638671875,0.034609879067047558,0,0,-0.024609142453120049,0.38664278919430384,-0.045430920429412401,0.052421999999999996,0.00096999999999999994,0.178507,-2.9152409028986486,1.2634438455186952,-2.8796187328654446,0.052397139207545587,0.00096730324224324898,0.17842302235604562,-0.29220649325996439,-0.045767107137005117,0.95525951301257628,-0.078326336719032275,0.99664386820035811,0.023790438306263872,-0.95314235572284312,-0.067870257719690949,-0.2948105796001419,8.7621779187526004e-05,2.8259862649723415e-05
2.1700332164764404,1790951870.4153931,0.0005931854248046875,0.034609879067047558,0,0,-0.024609142453120049,0.38664278919430384,-0.045430920429412401,0.052421999999999996,0.00096999999999999994,0.178507,-2.9152409028986486,1.2634438455186952,-2.8796187328654446,0.052397139207545587,0.00096730324224324898,0.17842302235604562,-0.29220649325996439,-0.045767107137005117,0.95525951301257628,-0.078326336719032275,0.99664386820035811,0.023790438306263872,-0.95314235572284312,-0.067870257719690949,-0.2948105796001419,8.7621779187526004e-05,2.8259862649723415e-05
2.1750330924987793,1790951870.420393,0.00057005882263183594,0.034609879067047558,0,0,-0.024609142453120049,0.38664278919430384,-0.045430920429412401,0.052421999999999996,0.00096999999999999994,0.178507,-2.9152409028986486,1.2634438455186952,-2.8796187328654446,0.052397139207545587,0.00096730324224324898,0.17842302235604562,-0.29220649325996439,-0.045767107137005117,0.95525951301257628,-0.078326336719032275,0.99664386820035811,0.023790438306263872,-0.95314235572284312,-0.067870257719690949,-0.2948105796001419,8.7621779187526004e-05,2.8259862649723415e-05
2.1800341606140137,1790951870.4253941,0.00059795379638671875,0.034609879067047558,0,0,-0.024609142453120049,0.38664278919430384,-0.045430920429412401,0.052421999999999996,0.00096999999999999994,0.178507,-2.9152409028986486,1.2634438455186952,-2.8796187328654446,0.052397139207545587,0.00096730324224324898,0.17842302235604562,-0.29220649325996439,-0.045767107137005117,0.95525951301257628,-0.078326336719032275,0.99664386820035811,0.023790438306263872,-0.95314235572284312,-0.067870257719690949,-0.2948105796001419,8.7621779187526004e-05,2.8259862649723415e-05
2.1850340366363525,1790951870.4303939,0.00057697296142578125,0.034609879067047558,0,0,-0.024609142453120049,0.38664278919430384,-0.045430920429412401,0.052421999999999996,0.00096999999999999994,0.178507,-2.9152409028986486,1.2634438455186952,-2.8796187328654446,0.052397139207545587,0.00096730324224324898,0.17842302235604562,-0.29220649325996439,-0.045767107137005117,0.95525951301257628,-0.078326336719032275,0.99664386820035811,0.023790438306263872,-0.95314235572284312,-0.067870257719690949,-0.2948105796001419,8.7621779187526004e-05,2.8259862649723415e-05
2.1900331974029541,1790951870.4353931,0.00060009956359863281,0.034609879067047558,0,0,-0.024609142453120049,0.38664278919430384,-0.045430920429412401,0.052421999999999996,0.00096999999999999994,0.178507,-2.9152409028986486,1.2634438455186952,-2.8796187328654446,0.052397139207545587,0.00096730324224324898,0.17842302235604562,-0.29220649325996439,-0.045767107137005117,0.95525951301257628,-0.078326336719032275,0.99664386820035811,0.023790438306263872,-0.95314235572284312,-0.067870257719690949,-0.2948105796001419,8.7621779187526004e-05,2.8259862649723415e-05
2.195059061050415,1790951870.440419,0.00060200691223144531,0.034609879067047558,0,0,-0.024609142453120049,0.38664278919430384,-0.045430920429412401,0.052421999999999996,0.00096999999999999994,0.178507,-2.9152409028986486,1.2634438455186952,-2.8796187328654446,0.052397139207545587,0.00096730324224324898,0.17842302235604562,-0.29220649325996439,-0.045767107137005117,0.95525951301257628,-0.078326336719032275,0.99664386820035811,0.023790438306263872,-0.95314235572284312,-0.067870257719690949,-0.2948105796001419,8.7621779187526004e-05,2.8259862649723415e-05
2.2000350952148438,1790951870.445395,0.00060296058654785156,0.034609879067047558,0,0,-0.024609142453120049,0.38664278919430384,-0.045430920429412401,0.052421999999999996,0.00096999999999999994,0.178507,-2.9152409028986486,1.2634438455186952,-2.8796187328654446,0.052397139207545587,0.00096730324224324898,0.17842302235604562,-0.29220649325996439,-0.045767107137005117,0.95525951301257628,-0.078326336719032275,0.99664386820035811,0.023790438306263872,-0.95314235572284312,-0.067870257719690949,-0.2948105796001419,8.7621779187526004e-05,2.8259862649723415e-05
2.2050600051879883,1790951870.4504199,0.00060296058654785156,0.034609879067047558,0,0,-0.024609142453120049,0.38664278919430384,-0.045430920429412401,0.052421999999999996,0.00096999999999999994,0.178507,-2.9152409028986486,1.2634438455186952,-2.8796187328654446,0.052397139207545587,0.00096730324224324898,0.17842302235604562,-0.29220649325996439,-0.045767107137005117,0.95525951301257628,-0.078326336719032275,0.99664386820035811,0.023790438306263872,-0.95314235572284312,-0.067870257719690949,-0.2948105796001419,8.7621779187526004e-05,2.8259862649723415e-05
2.2100350856781006,1790951870.455395,0.00060200691223144531,0.034609879067047558,0,0,-0.024609142453120049,0.38664278919430384,-0.045430920429412401,0.052421999999999996,0.00096999999999999994,0.178507,-2.9152409028986486,1.2634438455186952,-2.8796187328654446,0.052397139207545587,0.00096730324224324898,0.17842302235604562,-0.29220649325996439,-0.045767107137005117,0.95525951301257628,-0.078326336719032275,0.99664386820035811,0.023790438306263872,-0.95314235572284312,-0.067870257719690949,-0.2948105796001419,8.7621779187526004e-05,2.8259862649723415e-05
2.2150352001190186,1790951870.4603951,0.00057721138000488281,0.034609879067047558,0,0,-0.024609142453120049,0.38664278919430384,-0.045430920429412401,0.052421999999999996,0.00096999999999999994,0.178507,-2.9152409028986486,1.2634438455186952,-2.8796187328654446,0.052397139207545587,0.00096730324224324898,0.17842302235604562,-0.29220649325996439,-0.045767107137005117,0.95525951301257628,-0.078326336719032275,0.99664386820035811,0.023790438306263872,-0.95314235572284312,-0.067870257719690949,-0.2948105796001419,8.7621779187526004e-05,2.8259862649723415e-05
2.2200350761413574,1790951870.465395,0.00060105323791503906,0.034609879067047558,0,0,-0.024609142453120049,0.38664278919430384,-0.045430920429412401,0.052421999999999996,0.00096999999999999994,0.178507,-2.9152409028986486,1.2634438455186952,-2.8796187328654446,0.052397139207545587,0.00096730324224324898,0.17842302235604562,-0.29220649325996439,-0.045767107137005117,0.95525951301257628,-0.078326336719032275,0.99664386820035811,0.023790438306263872,-0.95314235572284312,-0.067870257719690949,-0.2948105796001419,8.7621779187526004e-05,2.8259862649723415e-05
2.225059986114502,1790951870.4704199,0.00060176849365234375,0.034609879067047558,0,0,-0.024609142453120049,0.38664278919430384,-0.045430920429412401,0.052421999999999996,0.00096999999999999994,0.178507,-2.9152409028986486,1.2634438455186952,-2.8796187328654446,0.052397139207545587,0.00096730324224324898,0.17842302235604562,-0.29220649325996439,-0.045767107137005117,0.95525951301257628,-0.078326336719032275,0.99664386820035811,0.023790438306263872,-0.95314235572284312,-0.067870257719690949,-0.2948105796001419,8.7621779187526004e-05,2.8259862649723415e-05
2.2300341129302979,1790951870.475394,0.00060200691223144531,0.034609879067047558,0,0,-0.024609142453120049,0.38664278919430384,-0.045430920429412401,0.052421999999999996,0.00096999999999999994,0.178507,-2.9152409028986486,1.2634438455186952,-2.8796187328654446,0.052397139207545587,0.00096730324224324898,0.17842302235604562,-0.29220649325996439,-0.045767107137005117,0.95525951301257628,-0.078326336719032275,0.99664386820035811,0.023790438306263872,-0.95314235572284312,-0.067870257719690949,-0.2948105796001419,8.7621779187526004e-05,2.8259862649723415e-05
2.2350611686706543,1790951870.4804211,0.00060415267944335938,0.034609879067047558,0,0,-0.024609142453120049,0.38664278919430384,-0.045430920429412401,0.052421999999999996,0.00096999999999999994,0.178507,-2.9152409028986486,1.2634438455186952,-2.8796187328654446,0.052397139207545587,0.00096730324224324898,0.17842302235604562,-0.29220649325996439,-0.045767107137005117,0.95525951301257628,-0.078326336719032275,0.99664386820035811,0.023790438306263872,-0.95314235572284312,-0.067870257719690949,-0.2948105796001419,8.7621779187526004e-05,2.8259862649723415e-05
2.2400331497192383,1790951870.485393,0.0005970001220703125,0.034609879067047558,0,0,-0.024609142453120049,0.38664278919430384,-0.045430920429412401,0.052421999999999996,0.00096999999999999994,0.178507,-2.9152409028986486,1.2634438455186952,-2.8796187328654446,0.052397139207545587,0.00096730324224324898,0.17842302235604562,-0.29220649325996439,-0.045767107137005117,0.95525951301257628,-0.078326336719032275,0.99664386820035811,0.023790438306263872,-0.95314235572284312,-0.067870257719690949,-0.2948105796001419,8.7621779187526004e-05,2.8259862649723415e-05
2.2450330257415771,1790951870.4903929,0.000576019287109375,0.034609879067047558,0,0,-0.024609142453120049,0.38664278919430384,-0.045430920429412401,0.052421999999999996,0.00096999999999999994,0.178507,-2.9152409028986486,1.2634438455186952,-2.8796187328654446,0.052397139207545587,0.00096730324224324898,0.17842302235604562,-0.29220649325996439,-0.045767107137005117,0.95525951301257628,-0.078326336719032275,0.99664386820035811,0.023790438306263872,-0.95314235572284312,-0.067870257719690949,-0.2948105796001419,8.7621779187526004e-05,2.8259862649723415e-05
2.2500350475311279,1790951870.4953949,0.00060296058654785156,0.034609879067047558,0,0,-0.024609142453120049,0.38664278919430384,-0.045430920429412401,0.052421999999999996,0.00096999999999999994,0.178507,-2.9152409028986486,1.2634438455186952,-2.8796187328654446,0.052397139207545587,0.00096730324224324898,0.17842302235604562,-0.29220649325996439,-0.045767107137005117,0.95525951301257628,-0.078326336719032275,0.99664386820035811,0.023790438306263872,-0.95314235572284312,-0.067870257719690949,-0.2948105796001419,8.7621779187526004e-05,2.8259862649723415e-05
2.2550601959228516,1790951870.5004201,0.00060319900512695312,0.034609879067047558,0,0,-0.024609142453120049,0.38664278919430384,-0.045430920429412401,0.052421999999999996,0.00096999999999999994,0.178507,-2.9152409028986486,1.2634438455186952,-2.8796187328654446,0.052397139207545587,0.00096730324224324898,0.17842302235604562,-0.29220649325996439,-0.045767107137005117,0.95525951301257628,-0.078326336719032275,0.99664386820035811,0.023790438306263872,-0.95314235572284312,-0.067870257719690949,-0.2948105796001419,8.7621779187526004e-05,2.8259862649723415e-05
2.2600340843200684,1790951870.505394,0.00060105323791503906,0.034609879067047558,0,0,-0.024609142453120049,0.38664278919430384,-0.045430920429412401,0.052421999999999996,0.00096999999999999994,0.178507,-2.9152409028986486,1.2634438455186952,-2.8796187328654446,0.052397139207545587,0.00096730324224324898,0.17842302235604562,-0.29220649325996439,-0.045767107137005117,0.95525951301257628,-0.078326336719032275,0.99664386820035811,0.023790438306263872,-0.95314235572284312,-0.067870257719690949,-0.2948105796001419,8.7621779187526004e-05,2.8259862649723415e-05
2.2650341987609863,1790951870.5103941,0.00057721138000488281,0.034609879067047558,0,0,-0.024609142453120049,0.38664278919430384,-0.045430920429412401,0.052421999999999996,0.00096999999999999994,0.178507,-2.9152409028986486,1.2634438455186952,-2.8796187328654446,0.052397139207545587,0.00096730324224324898,0.17842302235604562,-0.29220649325996439,-0.045767107137005117,0.95525951301257628,-0.078326336719032275,0.99664386820035811,0.023790438306263872,-0.95314235572284312,-0.067870257719690949,-0.2948105796001419,8.7621779187526004e-05,2.8259862649723415e-05
2.2700350284576416,1790951870.5153949,0.00060296058654785156,0.034609879067047558,0,0,-0.024609142453120049,0.38664278919430384,-0.045430920429412401,0.052421999999999996,0.00096999999999999994,0.178507,-2.9152409028986486,1.2634438455186952,-2.8796187328654446,0.052397139207545587,0.00096730324224324898,0.17842302235604562,-0.29220649325996439,-0.045767107137005117,0.95525951301257628,-0.078326336719032275,0.99664386820035811,0.023790438306263872,-0.95314235572284312,-0.067870257719690949,-0.2948105796001419,8.7621779187526004e-05,2.8259862649723415e-05
2.2750601768493652,1790951870.5204201,0.00061917304992675781,0.034609879067047558,0,0,-0.024609142453120049,0.38664278919430384,-0.045430920429412401,0.052421999999999996,0.00096999999999999994,0.178507,-2.9152409028986486,1.2634438455186952,-2.8796187328654446,0.052397139207545587,0.00096730324224324898,0.17842302235604562,-0.29220649325996439,-0.045767107137005117,0.95525951301257628,-0.078326336719032275,0.99664386820035811,0.023790438306263872,-0.95314235572284312,-0.067870257719690949,-0.2948105796001419,8.7621779187526004e-05,2.8259862649723415e-05
2.2800331115722656,1790951870.525393,0.00060009956359863281,0.034609879067047558,0,0,-0.024609142453120049,0.38664278919430384,-0.045430920429412401,0.052421999999999996,0.00096999999999999994,0.178507,-2.9152409028986486,1.2634438455186952,-2.8796187328654446,0.052397139207545587,0.00096730324224324898,0.17842302235604562,-0.29220649325996439,-0.045767107137005117,0.95525951301257628,-0.078326336719032275,0.99664386820035811,0.023790438306263872,-0.95314235572284312,-0.067870257719690949,-0.2948105796001419,8.7621779187526004e-05,2.8259862649723415e-05
2.2850580215454102,1790951870.5304179,0.0006008148193359375,0.034609879067047558,0,0,-0.024609142453120049,0.38664278919430384,-0.045430920429412401,0.052421999999999996,0.00096999999999999994,0.178507,-2.9152409028986486,1.2634438455186952,-2.8796187328654446,0.052397139207545587,0.00096730324224324898,0.17842302235604562,-0.29220649325996439,-0.045767107137005117,0.95525951301257628,-0.078326336719032275,0.99664386820035811,0.023790438306263872,-0.95314235572284312,-0.067870257719690949,-0.2948105796001419,8.7621779187526004e-05,2.8259862649723415e-05
2.2900350093841553,1790951870.5353949,0.00059986114501953125,0.034609879067047558,0,0,-0.024609142453120049,0.38664278919430384,-0.045430920429412401,0.052421999999999996,0.00096999999999999994,0.178507,-2.9152409028986486,1.2634438455186952,-2.8796187328654446,0.052397139207545587,0.00096730324224324898,0.17842302235604562,-0.29220649325996439,-0.045767107137005117,0.95525951301257628,-0.078326336719032275,0.99664386820035811,0.023790438306263872,-0.95314235572284312,-0.067870257719690949,-0.2948105796001419,8.7621779187526004e-05,2.8259862649723415e-05
2.2950332164764404,1790951870.5403931,0.0005741119384765625,0.034609879067047558,0,0,-0.024609142453120049,0.38664278919430384,-0.045430920429412401,0.052421999999999996,0.00096999999999999994,0.178507,-2.9152409028986486,1.2634438455186952,-2.8796187328654446,0.052397139207545587,0.00096730324224324898,0.17842302235604562,-0.29220649325996439,-0.045767107137005117,0.95525951301257628,-0.078326336719032275,0.99664386820035811,0.023790438306263872,-0.95314235572284312,-0.067870257719690949,-0.2948105796001419,8.7621779187526004e-05,2.8259862649723415e-05
2.3000321388244629,1790951870.545392,0.00059413909912109375,0.034609879067047558,0,0,-0.024609142453120049,0.38664278919430384,-0.045430920429412401,0.052421999999999996,0.00096999999999999994,0.178507,-2.9152409028986486,1.2634438455186952,-2.8796187328654446,0.052397139207545587,0.00096730324224324898,0.17842302235604562,-0.29220649325996439,-0.045767107137005117,0.95525951301257628,-0.078326336719032275,0.99664386820035811,0.023790438306263872,-0.95314235572284312,-0.067870257719690949,-0.2948105796001419,8.7621779187526004e-05,2.8259862649723415e-05
2.3050351142883301,1790951870.550395,0.00060105323791503906,0.034609879067047558,0,0,-0.024609142453120049,0.38664278919430384,-0.045430920429412401,0.052421999999999996,0.00096999999999999994,0.178507,-2.9152409028986486,1.2634438455186952,-2.8796187328654446,0.052397139207545587,0.00096730324224324898,0.17842302235604562,-0.29220649325996439,-0.045767107137005117,0.95525951301257628,-0.078326336719032275,0.99664386820035811,0.023790438306263872,-0.95314235572284312,-0.067870257719690949,-0.2948105796001419,8.7621779187526004e-05,2.8259862649723415e-05
2.3100361824035645,1790951870.5553961,0.00060319900512695312,0.034609879067047558,0,0,-0.024609142453120049,0.38664278919430384,-0.045430920429412401,0.052421999999999996,0.00096999999999999994,0.178507,-2.9152409028986486,1.2634438455186952,-2.8796187328654446,0.052397139207545587,0.00096730324224324898,0.17842302235604562,-0.29220649325996439,-0.045767107137005117,0.95525951301257628,-0.078326336719032275,0.99664386820035811,0.023790438306263872,-0.95314235572284312,-0.067870257719690949,-0.2948105796001419,8.7621779187526004e-05,2.8259862649723415e-05
2.315061092376709,1790951870.560421,0.000598907470703125,0.034609879067047558,0,0,-0.024609142453120049,0.38664278919430384,-0.045430920429412401,0.052421999999999996,0.00096999999999999994,0.178507,-2.9152409028986486,1.2634438455186952,-2.8796187328654446,0.052397139207545587,0.00096730324224324898,0.17842302235604562,-0.29220649325996439,-0.045767107137005117,0.95525951301257628,-0.078326336719032275,0.99664386820035811,0.023790438306263872,-0.95314235572284312,-0.067870257719690949,-0.2948105796001419,8.7621779187526004e-05,2.8259862649723415e-05
2.3200340270996094,1790951870.5653939,0.000598907470703125,0.034609879067047558,0,0,-0.024609142453120049,0.38664278919430384,-0.045430920429412401,0.052421999999999996,0.00096999999999999994,0.178507,-2.9152409028986486,1.2634438455186952,-2.8796187328654446,0.052397139207545587,0.00096730324224324898,0.17842302235604562,-0.29220649325996439,-0.045767107137005117,0.95525951301257628,-0.078326336719032275,0.99664386820035811,0.023790438306263872,-0.95314235572284312,-0.067870257719690949,-0.2948105796001419,8.7621779187526004e-05,2.8259862649723415e-05
2.3250360488891602,1790951870.5703959,0.0005779266357421875,0.034609879067047558,0,0,-0.024609142453120049,0.38664278919430384,-0.045430920429412401,0.052421999999999996,0.00096999999999999994,0.178507,-2.9152409028986486,1.2634438455186952,-2.8796187328654446,0.052397139207545587,0.00096730324224324898,0.17842302235604562,-0.29220649325996439,-0.045767107137005117,0.95525951301257628,-0.078326336719032275,0.99664386820035811,0.023790438306263872,-0.95314235572284312,-0.067870257719690949,-0.2948105796001419,8.7621779187526004e-05,2.8259862649723415e-05
2.3300361633300781,1790951870.5753961,0.00060415267944335938,0.034609879067047558,0,0,-0.024609142453120049,0.38664278919430384,-0.045430920429412401,0.052421999999999996,0.00096999999999999994,0.178507,-2.9152409028986486,1.2634438455186952,-2.8796187328654446,0.052397139207545587,0.00096730324224324898,0.17842302235604562,-0.29220649325996439,-0.045767107137005117,0.95525951301257628,-0.078326336719032275,0.99664386820035811,0.023790438306263872,-0.95314235572284312,-0.067870257719690949,-0.2948105796001419,8.7621779187526004e-05,2.8259862649723415e-05
2.3350341320037842,1790951870.580394,0.00057506561279296875,0.034609879067047558,0,0,-0.024609142453120049,0.38664278919430384,-0.045430920429412401,0.052421999999999996,0.00096999999999999994,0.178507,-2.9152409028986486,1.2634438455186952,-2.8796187328654446,0.052397139207545587,0.00096730324224324898,0.17842302235604562,-0.29220649325996439,-0.045767107137005117,0.95525951301257628,-0.078326336719032275,0.99664386820035811,0.023790438306263872,-0.95314235572284312,-0.067870257719690949,-0.2948105796001419,8.7621779187526004e-05,2.8259862649723415e-05
2.3400352001190186,1790951870.5853951,0.0005970001220703125,0.034609879067047558,0,0,-0.024609142453120049,0.38664278919430384,-0.045430920429412401,0.052421999999999996,0.00096999999999999994,0.178507,-2.9152409028986486,1.2634438455186952,-2.8796187328654446,0.052397139207545587,0.00096730324224324898,0.17842302235604562,-0.29220649325996439,-0.045767107137005117,0.95525951301257628,-0.078326336719032275,0.99664386820035811,0.023790438306263872,-0.95314235572284312,-0.067870257719690949,-0.2948105796001419,8.7621779187526004e-05,2.8259862649723415e-05
2.3450591564178467,1790951870.5904191,0.00062203407287597656,0.034609879067047558,0,0,-0.024609142453120049,0.38664278919430384,-0.045430920429412401,0.052421999999999996,0.00096999999999999994,0.178507,-2.9152409028986486,1.2634438455186952,-2.8796187328654446,0.052397139207545587,0.00096730324224324898,0.17842302235604562,-0.29220649325996439,-0.045767107137005117,0.95525951301257628,-0.078326336719032275,0.99664386820035811,0.023790438306263872,-0.95314235572284312,-0.067870257719690949,-0.2948105796001419,8.7621779187526004e-05,2.8259862649723415e-05
2.3500330448150635,1790951870.5953929,0.00059986114501953125,0.034609879067047558,0,0,-0.024609142453120049,0.38664278919430384,-0.045430920429412401,0.052421999999999996,0.00096999999999999994,0.178507,-2.9152409028986486,1.2634438455186952,-2.8796187328654446,0.052397139207545587,0.00096730324224324898,0.17842302235604562,-0.29220649325996439,-0.045767107137005117,0.95525951301257628,-0.078326336719032275,0.99664386820035811,0.023790438306263872,-0.95314235572284312,-0.067870257719690949,-0.2948105796001419,8.7621779187526004e-05,2.8259862649723415e-05
2.3550620079040527,1790951870.6004219,0.00060486793518066406,0.034609879067047558,0,0,-0.024609142453120049,0.38664278919430384,-0.045430920429412401,0.052421999999999996,0.00096999999999999994,0.178507,-2.9152409028986486,1.2634438455186952,-2.8796187328654446,0.052397139207545587,0.00096730324224324898,0.17842302235604562,-0.29220649325996439,-0.045767107137005117,0.95525951301257628,-0.078326336719032275,0.99664386820035811,0.023790438306263872,-0.95314235572284312,-0.067870257719690949,-0.2948105796001419,8.7621779187526004e-05,2.8259862649723415e-05
2.3600339889526367,1790951870.6053939,0.00060176849365234375,0.034609879067047558,0,0,-0.024609142453120049,0.38664278919430384,-0.045430920429412401,0.052421999999999996,0.00096999999999999994,0.178507,-2.9152409028986486,1.2634438455186952,-2.8796187328654446,0.052397139207545587,0.00096730324224324898,0.17842302235604562,-0.29220649325996439,-0.045767107137005117,0.95525951301257628,-0.078326336719032275,0.99664386820035811,0.023790438306263872,-0.95314235572284312,-0.067870257719690949,-0.2948105796001419,8.7621779187526004e-05,2.8259862649723415e-05
2.3650591373443604,1790951870.610419,0.00060200691223144531,0.034609879067047558,0,0,-0.024609142453120049,0.38664278919430384,-0.045430920429412401,0.052421999999999996,0.00096999999999999994,0.178507,-2.9152409028986486,1.2634438455186952,-2.8796187328654446,0.052397139207545587,0.00096730324224324898,0.17842302235604562,-0.29220649325996439,-0.045767107137005117,0.95525951301257628,-0.078326336719032275,0.99664386820035811,0.023790438306263872,-0.95314235572284312,-0.067870257719690949,-0.2948105796001419,8.7621779187526004e-05,2.8259862649723415e-05
2.3700330257415771,1790951870.6153929,0.0006008148193359375,0.034609879067047558,0,0,-0.024609142453120049,0.38664278919430384,-0.045430920429412401,0.052421999999999996,0.00096999999999999994,0.178507,-2.9152409028986486,1.2634438455186952,-2.8796187328654446,0.052397139207545587,0.00096730324224324898,0.17842302235604562,-0.29220649325996439,-0.045767107137005117,0.95525951301257628,-0.078326336719032275,0.99664386820035811,0.023790438306263872,-0.95314235572284312,-0.067870257719690949,-0.2948105796001419,8.7621779187526004e-05,2.8259862649723415e-05
2.3750360012054443,1790951870.6203959,0.0005779266357421875,0.034609879067047558,0,0,-0.024609142453120049,0.38664278919430384,-0.045430920429412401,0.052421999999999996,0.00096999999999999994,0.178507,-2.9152409028986486,1.2634438455186952,-2.8796187328654446,0.052397139207545587,0.00096730324224324898,0.17842302235604562,-0.29220649325996439,-0.045767107137005117,0.95525951301257628,-0.078326336719032275,0.99664386820035811,0.023790438306263872,-0.95314235572284312,-0.067870257719690949,-0.2948105796001419,8.7621779187526004e-05,2.8259862649723415e-05
2.3800351619720459,1790951870.6253951,0.00060200691223144531,0.034609879067047558,0,0,-0.024609142453120049,0.38664278919430384,-0.045430920429412401,0.052421999999999996,0.00096999999999999994,0.178507,-2.9152409028986486,1.2634438455186952,-2.8796187328654446,0.052397139207545587,0.00096730324224324898,0.17842302235604562,-0.29220649325996439,-0.045767107137005117,0.95525951301257628,-0.078326336719032275,0.99664386820035811,0.023790438306263872,-0.95314235572284312,-0.067870257719690949,-0.2948105796001419,8.7621779187526004e-05,2.8259862649723415e-05
2.3850650787353516,1790951870.630425,0.00060701370239257812,0.034609879067047558,0,0,-0.024609142453120049,0.38664278919430384,-0.045430920429412401,0.052421999999999996,0.00096999999999999994,0.178507,-2.9152409028986486,1.2634438455186952,-2.8796187328654446,0.052397139207545587,0.00096730324224324898,0.17842302235604562,-0.29220649325996439,-0.045767107137005117,0.95525951301257628,-0.078326336719032275,0.99664386820035811,0.023790438306263872,-0.95314235572284312,-0.067870257719690949,-0.2948105796001419,8.7621779187526004e-05,2.8259862649723415e-05
2.3900341987609863,1790951870.6353941,0.00060105323791503906,0.034609879067047558,0,0,-0.024609142453120049,0.38664278919430384,-0.045430920429412401,0.052421999999999996,0.00096999999999999994,0.178507,-2.9152409028986486,1.2634438455186952,-2.8796187328654446,0.052397139207545587,0.00096730324224324898,0.17842302235604562,-0.29220649325996439,-0.045767107137005117,0.95525951301257628,-0.078326336719032275,0.99664386820035811,0.023790438306263872,-0.95314235572284312,-0.067870257719690949,-0.2948105796001419,8.7621779187526004e-05,2.8259862649723415e-05
2.3950440883636475,1790951870.640404,0.00058603286743164062,0.034609879067047558,0,0,-0.024609142453120049,0.38664278919430384,-0.045430920429412401,0.052421999999999996,0.00096999999999999994,0.178507,-2.9152409028986486,1.2634438455186952,-2.8796187328654446,0.052397139207545587,0.00096730324224324898,0.17842302235604562,-0.29220649325996439,-0.045767107137005117,0.95525951301257628,-0.078326336719032275,0.99664386820035811,0.023790438306263872,-0.95314235572284312,-0.067870257719690949,-0.2948105796001419,8.7621779187526004e-05,2.8259862649723415e-05
2.4000351428985596,1790951870.645395,0.00060009956359863281,0.034609879067047558,0,0,-0.024609142453120049,0.38664278919430384,-0.045430920429412401,0.052421999999999996,0.00096999999999999994,0.178507,-2.9152409028986486,1.2634438455186952,-2.8796187328654446,0.052397139207545587,0.00096730324224324898,0.17842302235604562,-0.29220649325996439,-0.045767107137005117,0.95525951301257628,-0.078326336719032275,0.99664386820035811,0.023790438306263872,-0.95314235572284312,-0.067870257719690949,-0.2948105796001419,8.7621779187526004e-05,2.8259862649723415e-05
2.4050610065460205,1790951870.6504209,0.00060200691223144531,0.034609879067047558,0,0,-0.024609142453120049,0.38664278919430384,-0.045430920429412401,0.052421999999999996,0.00096999999999999994,0.178507,-2.9152409028986486,1.2634438455186952,-2.8796187328654446,0.052397139207545587,0.00096730324224324898,0.17842302235604562,-0.29220649325996439,-0.045767107137005117,0.95525951301257628,-0.078326336719032275,0.99664386820035811,0.023790438306263872,-0.95314235572284312,-0.067870257719690949,-0.2948105796001419,8.7621779187526004e-05,2.8259862649723415e-05
2.4100351333618164,1790951870.655395,0.00060200691223144531,0.034609879067047558,0,0,-0.024609142453120049,0.38664278919430384,-0.045430920429412401,0.052421999999999996,0.00096999999999999994,0.178507,-2.9152409028986486,1.2634438455186952,-2.8796187328654446,0.052397139207545587,0.00096730324224324898,0.17842302235604562,-0.29220649325996439,-0.045767107137005117,0.95525951301257628,-0.078326336719032275,0.99664386820035811,0.023790438306263872,-0.95314235572284312,-0.067870257719690949,-0.2948105796001419,8.7621779187526004e-05,2.8259862649723415e-05
2.4150362014770508,1790951870.6603961,0.00057721138000488281,0.034609879067047558,0,0,-0.024609142453120049,0.38664278919430384,-0.045430920429412401,0.052421999999999996,0.00096999999999999994,0.178507,-2.9152409028986486,1.2634438455186952,-2.8796187328654446,0.052397139207545587,0.00096730324224324898,0.17842302235604562,-0.29220649325996439,-0.045767107137005117,0.95525951301257628,-0.078326336719032275,0.99664386820035811,0.023790438306263872,-0.95314235572284312,-0.067870257719690949,-0.2948105796001419,8.7621779187526004e-05,2.8259862649723415e-05
2.4200351238250732,1790951870.665395,0.00060105323791503906,0.034609879067047558,0,0,-0.024609142453120049,0.38664278919430384,-0.045430920429412401,0.052421999999999996,0.00096999999999999994,0.178507,-2.9152409028986486,1.2634438455186952,-2.8796187328654446,0.052397139207545587,0.00096730324224324898,0.17842302235604562,-0.29220649325996439,-0.045767107137005117,0.95525951301257628,-0.078326336719032275,0.99664386820035811,0.023790438306263872,-0.95314235572284312,-0.067870257719690949,-0.2948105796001419,8.7621779187526004e-05,2.8259862649723415e-05
2.4250609874725342,1790951870.6704209,0.00060296058654785156,0.034609879067047558,0,0,-0.024609142453120049,0.38664278919430384,-0.045430920429412401,0.052421999999999996,0.00096999999999999994,0.178507,-2.9152409028986486,1.2634438455186952,-2.8796187328654446,0.052397139207545587,0.00096730324224324898,0.17842302235604562,-0.29220649325996439,-0.045767107137005117,0.95525951301257628,-0.078326336719032275,0.99664386820035811,0.023790438306263872,-0.95314235572284312,-0.067870257719690949,-0.2948105796001419,8.7621779187526004e-05,2.8259862649723415e-05
2.4300332069396973,1790951870.6753931,0.00060009956359863281,0.034609879067047558,0,0,-0.024609142453120049,0.38664278919430384,-0.045430920429412401,0.052421999999999996,0.00096999999999999994,0.178507,-2.9152409028986486,1.2634438455186952,-2.8796187328654446,0.052397139207545587,0.00096730324224324898,0.17842302235604562,-0.29220649325996439,-0.045767107137005117,0.95525951301257628,-0.078326336719032275,0.99664386820035811,0.023790438306263872,-0.95314235572284312,-0.067870257719690949,-0.2948105796001419,8.7621779187526004e-05,2.8259862649723415e-05
2.4350600242614746,1790951870.6804199,0.000598907470703125,0.034609879067047558,0,0,-0.024609142453120049,0.38664278919430384,-0.045430920429412401,0.052421999999999996,0.00096999999999999994,0.178507,-2.9152409028986486,1.2634438455186952,-2.8796187328654446,0.052397139207545587,0.00096730324224324898,0.17842302235604562,-0.29220649325996439,-0.045767107137005117,0.95525951301257628,-0.078326336719032275,0.99664386820035811,0.023790438306263872,-0.95314235572284312,-0.067870257719690949,-0.2948105796001419,8.7621779187526004e-05,2.8259862649723415e-05
2.4400341510772705,1790951870.685394,0.00059914588928222656,0.034609879067047558,0,0,-0.024609142453120049,0.38664278919430384,-0.045430920429412401,0.052421999999999996,0.00096999999999999994,0.178507,-2.9152409028986486,1.2634438455186952,-2.8796187328654446,0.052397139207545587,0.00096730324224324898,0.17842302235604562,-0.29220649325996439,-0.045767107137005117,0.95525951301257628,-0.078326336719032275,0.99664386820035811,0.023790438306263872,-0.95314235572284312,-0.067870257719690949,-0.2948105796001419,8.7621779187526004e-05,2.8259862649723415e-05
2.4450621604919434,1790951870.6904221,0.00060415267944335938,0.034609879067047558,0,0,-0.024609142453120049,0.38664278919430384,-0.045430920429412401,0.052421999999999996,0.00096999999999999994,0.178507,-2.9152409028986486,1.2634438455186952,-2.8796187328654446,0.052397139207545587,0.00096730324224324898,0.17842302235604562,-0.29220649325996439,-0.045767107137005117,0.95525951301257628,-0.078326336719032275,0.99664386820035811,0.023790438306263872,-0.95314235572284312,-0.067870257719690949,-0.2948105796001419,8.7621779187526004e-05,2.8259862649723415e-05
2.4500350952148438,1790951870.695395,0.00060009956359863281,0.034609879067047558,0,0,-0.024609142453120049,0.38664278919430384,-0.045430920429412401,0.052421999999999996,0.00096999999999999994,0.178507,-2.9152409028986486,1.2634438455186952,-2.8796187328654446,0.052397139207545587,0.00096730324224324898,0.17842302235604562,-0.29220649325996439,-0.045767107137005117,0.95525951301257628,-0.078326336719032275,0.99664386820035811,0.023790438306263872,-0.95314235572284312,-0.067870257719690949,-0.2948105796001419,8.7621779187526004e-05,2.8259862649723415e-05
2.4550611972808838,1790951870.7004211,0.00060319900512695312,0.034609879067047558,0,0,-0.024609142453120049,0.38664278919430384,-0.045430920429412401,0.052421999999999996,0.00096999999999999994,0.178507,-2.9152409028986486,1.2634438455186952,-2.8796187328654446,0.052397139207545587,0.00096730324224324898,0.17842302235604562,-0.29220649325996439,-0.045767107137005117,0.95525951301257628,-0.078326336719032275,0.99664386820035811,0.023790438306263872,-0.95314235572284312,-0.067870257719690949,-0.2948105796001419,8.7621779187526004e-05,2.8259862649723415e-05
2.4600350856781006,1790951870.705395,0.00060200691223144531,0.034609879067047558,0,0,-0.024609142453120049,0.38664278919430384,-0.045430920429412401,0.052421999999999996,0.00096999999999999994,0.178507,-2.9152409028986486,1.2634438455186952,-2.8796187328654446,0.052397139207545587,0.00096730324224324898,0.17842302235604562,-0.29220649325996439,-0.045767107137005117,0.95525951301257628,-0.078326336719032275,0.99664386820035811,0.023790438306263872,-0.95314235572284312,-0.067870257719690949,-0.2948105796001419,8.7621779187526004e-05,2.8259862649723415e-05
2.4650590419769287,1790951870.7104189,0.00062394142150878906,0.034609879067047558,0,0,-0.024609142453120049,0.38664278919430384,-0.045430920429412401,0.052421999999999996,0.00096999999999999994,0.178507,-2.9152409028986486,1.2634438455186952,-2.8796187328654446,0.052397139207545587,0.00096730324224324898,0.17842302235604562,-0.29220649325996439,-0.045767107137005117,0.95525951301257628,-0.078326336719032275,0.99664386820035811,0.023790438306263872,-0.95314235572284312,-0.067870257719690949,-0.2948105796001419,8.7621779187526004e-05,2.8259862649723415e-05
2.4700350761413574,1790951870.715395,0.00059795379638671875,0.034609879067047558,0,0,-0.024609142453120049,0.38664278919430384,-0.045430920429412401,0.052421999999999996,0.00096999999999999994,0.178507,-2.9152409028986486,1.2634438455186952,-2.8796187328654446,0.052397139207545587,0.00096730324224324898,0.17842302235604562,-0.29220649325996439,-0.045767107137005117,0.95525951301257628,-0.078326336719032275,0.99664386820035811,0.023790438306263872,-0.95314235572284312,-0.067870257719690949,-0.2948105796001419,8.7621779187526004e-05,2.8259862649723415e-05
2.475059986114502,1790951870.7204199,0.00059986114501953125,0.034609879067047558,0,0,-0.024609142453120049,0.38664278919430384,-0.045430920429412401,0.052421999999999996,0.00096999999999999994,0.178507,-2.9152409028986486,1.2634438455186952,-2.8796187328654446,0.052397139207545587,0.00096730324224324898,0.17842302235604562,-0.29220649325996439,-0.045767107137005117,0.95525951301257628,-0.078326336719032275,0.99664386820035811,0.023790438306263872,-0.95314235572284312,-0.067870257719690949,-0.2948105796001419,8.7621779187526004e-05,2.8259862649723415e-05
2.4800350666046143,1790951870.725395,0.00060200691223144531,0.034609879067047558,0,0,-0.024609142453120049,0.38664278919430384,-0.045430920429412401,0.052421999999999996,0.00096999999999999994,0.178507,-2.9152409028986486,1.2634438455186952,-2.8796187328654446,0.052397139207545587,0.00096730324224324898,0.17842302235604562,-0.29220649325996439,-0.045767107137005117,0.95525951301257628,-0.078326336719032275,0.99664386820035811,0.023790438306263872,-0.95314235572284312,-0.067870257719690949,-0.2948105796001419,8.7621779187526004e-05,2.8259862649723415e-05
2.4850330352783203,1790951870.7303929,0.00057387351989746094,0.034609879067047558,0,0,-0.024609142453120049,0.38664278919430384,-0.045430920429412401,0.052421999999999996,0.00096999999999999994,0.178507,-2.9152409028986486,1.2634438455186952,-2.8796187328654446,0.052397139207545587,0.00096730324224324898,0.17842302235604562,-0.29220649325996439,-0.045767107137005117,0.95525951301257628,-0.078326336719032275,0.99664386820035811,0.023790438306263872,-0.95314235572284312,-0.067870257719690949,-0.2948105796001419,8.7621779187526004e-05,2.8259862649723415e-05
2.4900360107421875,1790951870.7353959,0.00060296058654785156,0.034609879067047558,0,0,-0.024609142453120049,0.38664278919430384,-0.045430920429412401,0.052421999999999996,0.00096999999999999994,0.178507,-2.9152409028986486,1.2634438455186952,-2.8796187328654446,0.052397139207545587,0.00096730324224324898,0.17842302235604562,-0.29220649325996439,-0.045767107137005117,0.95525951301257628,-0.078326336719032275,0.99664386820035811,0.023790438306263872,-0.95314235572284312,-0.067870257719690949,-0.2948105796001419,8.7621779187526004e-05,2.8259862649723415e-05
2.4950611591339111,1790951870.7404211,0.00062298774719238281,0.034609879067047558,0,0,-0.024609142453120049,0.38664278919430384,-0.045430920429412401,0.052421999999999996,0.00096999999999999994,0.178507,-2.9152409028986486,1.2634438455186952,-2.8796187328654446,0.052397139207545587,0.00096730324224324898,0.17842302235604562,-0.29220649325996439,-0.045767107137005117,0.95525951301257628,-0.078326336719032275,0.99664386820035811,0.023790438306263872,-0.95314235572284312,-0.067870257719690949,-0.2948105796001419,8.7621779187526004e-05,2.8259862649723415e-05
2.5000350475311279,1790951870.7453949,0.00060200691223144531,0.034609879067047558,0,0,-0.024609142453120049,0.38664278919430384,-0.045430920429412401,0.052421999999999996,0.00096999999999999994,0.178507,-2.9152409028986486,1.2634438455186952,-2.8796187328654446,0.052397139207545587,0.00096730324224324898,0.17842302235604562,-0.29220649325996439,-0.045767107137005117,0.95525951301257628,-0.078326336719032275,0.99664386820035811,0.023790438306263872,-0.95314235572284312,-0.067870257719690949,-0.2948105796001419,8.7621779187526004e-05,2.8259862649723415e-05
2.5050580501556396,1790951870.7504179,0.00059795379638671875,0.034609879067047558,0,0,-0.024609142453120049,0.38664278919430384,-0.045430920429412401,0.052421999999999996,0.00096999999999999994,0.178507,-2.9152409028986486,1.2634438455186952,-2.8796187328654446,0.052397139207545587,0.00096730324224324898,0.17842302235604562,-0.29220649325996439,-0.045767107137005117,0.95525951301257628,-0.078326336719032275,0.99664386820035811,0.023790438306263872,-0.95314235572284312,-0.067870257719690949,-0.2948105796001419,8.7621779187526004e-05,2.8259862649723415e-05
2.5100359916687012,1790951870.7553959,0.00059485435485839844,0.034609879067047558,0,0,-0.024609142453120049,0.38664278919430384,-0.045430920429412401,0.052421999999999996,0.00096999999999999994,0.178507,-2.9152409028986486,1.2634438455186952,-2.8796187328654446,0.052397139207545587,0.00096730324224324898,0.17842302235604562,-0.29220649325996439,-0.045767107137005117,0.95525951301257628,-0.078326336719032275,0.99664386820035811,0.023790438306263872,-0.95314235572284312,-0.067870257719690949,-0.2948105796001419,8.7621779187526004e-05,2.8259862649723415e-05
2.5150589942932129,1790951870.7604189,0.00059986114501953125,0.034609879067047558,0,0,-0.024609142453120049,0.38664278919430384,-0.045430920429412401,0.052421999999999996,0.00096999999999999994,0.178507,-2.9152409028986486,1.2634438455186952,-2.8796187328654446,0.052397139207545587,0.00096730324224324898,0.17842302235604562,-0.29220649325996439,-0.045767107137005117,0.95525951301257628,-0.078326336719032275,0.99664386820035811,0.023790438306263872,-0.95314235572284312,-0.067870257719690949,-0.2948105796001419,8.7621779187526004e-05,2.8259862649723415e-05
2.5200340747833252,1790951870.765394,0.000598907470703125,0.034609879067047558,0,0,-0.024609142453120049,0.38664278919430384,-0.045430920429412401,0.052421999999999996,0.00096999999999999994,0.178507,-2.9152409028986486,1.2634438455186952,-2.8796187328654446,0.052397139207545587,0.00096730324224324898,0.17842302235604562,-0.29220649325996439,-0.045767107137005117,0.95525951301257628,-0.078326336719032275,0.99664386820035811,0.023790438306263872,-0.95314235572284312,-0.067870257719690949,-0.2948105796001419,8.7621779187526004e-05,2.8259862649723415e-05
2.5250661373138428,1790951870.770426,0.00060796737670898438,0.034609879067047558,0,0,-0.024609142453120049,0.38664278919430384,-0.045430920429412401,0.052421999999999996,0.00096999999999999994,0.178507,-2.9152409028986486,1.2634438455186952,-2.8796187328654446,0.052397139207545587,0.00096730324224324898,0.17842302235604562,-0.29220649325996439,-0.045767107137005117,0.95525951301257628,-0.078326336719032275,0.99664386820035811,0.023790438306263872,-0.95314235572284312,-0.067870257719690949,-0.2948105796001419,8.7621779187526004e-05,2.8259862649723415e-05
2.5300371646881104,1790951870.7753971,0.00060415267944335938,0.034609879067047558,0,0,-0.024609142453120049,0.38664278919430384,-0.045430920429412401,0.052421999999999996,0.00096999999999999994,0.178507,-2.9152409028986486,1.2634438455186952,-2.8796187328654446,0.052397139207545587,0.00096730324224324898,0.17842302235604562,-0.29220649325996439,-0.045767107137005117,0.95525951301257628,-0.078326336719032275,0.99664386820035811,0.023790438306263872,-0.95314235572284312,-0.067870257719690949,-0.2948105796001419,8.7621779187526004e-05,2.8259862649723415e-05
2.5350611209869385,1790951870.780421,0.00062203407287597656,0.034609879067047558,0,0,-0.024609142453120049,0.38664278919430384,-0.045430920429412401,0.052421999999999996,0.00096999999999999994,0.178507,-2.9152409028986486,1.2634438455186952,-2.8796187328654446,0.052397139207545587,0.00096730324224324898,0.17842302235604562,-0.29220649325996439,-0.045767107137005117,0.95525951301257628,-0.078326336719032275,0.99664386820035811,0.023790438306263872,-0.95314235572284312,-0.067870257719690949,-0.2948105796001419,8.7621779187526004e-05,2.8259862649723415e-05
2.5400362014770508,1790951870.7853961,0.00060319900512695312,0.034609879067047558,0,0,-0.024609142453120049,0.38664278919430384,-0.045430920429412401,0.052421999999999996,0.00096999999999999994,0.178507,-2.9152409028986486,1.2634438455186952,-2.8796187328654446,0.052397139207545587,0.00096730324224324898,0.17842302235604562,-0.29220649325996439,-0.045767107137005117,0.95525951301257628,-0.078326336719032275,0.99664386820035811,0.023790438306263872,-0.95314235572284312,-0.067870257719690949,-0.2948105796001419,8.7621779187526004e-05,2.8259862649723415e-05
2.5450592041015625,1790951870.7904191,0.00059819221496582031,0.034609879067047558,0,0,-0.024609142453120049,0.38664278919430384,-0.045430920429412401,0.052421999999999996,0.00096999999999999994,0.178507,-2.9152409028986486,1.2634438455186952,-2.8796187328654446,0.052397139207545587,0.00096730324224324898,0.17842302235604562,-0.29220649325996439,-0.045767107137005117,0.95525951301257628,-0.078326336719032275,0.99664386820035811,0.023790438306263872,-0.95314235572284312,-0.067870257719690949,-0.2948105796001419,8.7621779187526004e-05,2.8259862649723415e-05
2.5500380992889404,1790951870.795398,0.00060510635375976562,0.034609879067047558,0,0,-0.024609142453120049,0.38664278919430384,-0.045430920429412401,0.052421999999999996,0.00096999999999999994,0.178507,-2.9152409028986486,1.2634438455186952,-2.8796187328654446,0.052397139207545587,0.00096730324224324898,0.17842302235604562,-0.29220649325996439,-0.045767107137005117,0.95525951301257628,-0.078326336719032275,0.99664386820035811,0.023790438306263872,-0.95314235572284312,-0.067870257719690949,-0.2948105796001419,8.7621779187526004e-05,2.8259862649723415e-05
2.5550611019134521,1790951870.800421,0.00060009956359863281,0.034609879067047558,0,0,-0.024609142453120049,0.38664278919430384,-0.045430920429412401,0.052421999999999996,0.00096999999999999994,0.178507,-2.9152409028986486,1.2634438455186952,-2.8796187328654446,0.052397139207545587,0.00096730324224324898,0.17842302235604562,-0.29220649325996439,-0.045767107137005117,0.95525951301257628,-0.078326336719032275,0.99664386820035811,0.023790438306263872,-0.95314235572284312,-0.067870257719690949,-0.2948105796001419,8.7621779187526004e-05,2.8259862649723415e-05
2.5600349903106689,1790951870.8053949,0.0006008148193359375,0.034609879067047558,0,0,-0.024609142453120049,0.38664278919430384,-0.045430920429412401,0.052421999999999996,0.00096999999999999994,0.178507,-2.9152409028986486,1.2634438455186952,-2.8796187328654446,0.052397139207545587,0.00096730324224324898,0.17842302235604562,-0.29220649325996439,-0.045767107137005117,0.95525951301257628,-0.078326336719032275,0.99664386820035811,0.023790438306263872,-0.95314235572284312,-0.067870257719690949,-0.2948105796001419,8.7621779187526004e-05,2.8259862649723415e-05
2.5650601387023926,1790951870.81042,0.00061893463134765625,0.034609879067047558,0,0,-0.024609142453120049,0.38664278919430384,-0.045430920429412401,0.052421999999999996,0.00096999999999999994,0.178507,-2.9152409028986486,1.2634438455186952,-2.8796187328654446,0.052397139207545587,0.00096730324224324898,0.17842302235604562,-0.29220649325996439,-0.045767107137005117,0.95525951301257628,-0.078326336719032275,0.99664386820035811,0.023790438306263872,-0.95314235572284312,-0.067870257719690949,-0.2948105796001419,8.7621779187526004e-05,2.8259862649723415e-05
2.570061206817627,1790951870.8154211,0.00062608718872070312,0.034609879067047558,0,0,-0.024609142453120049,0.38664278919430384,-0.045430920429412401,0.052421999999999996,0.00096999999999999994,0.178507,-2.9152409028986486,1.2634438455186952,-2.8796187328654446,0.052397139207545587,0.00096730324224324898,0.17842302235604562,-0.29220649325996439,-0.045767107137005117,0.95525951301257628,-0.078326336719032275,0.99664386820035811,0.023790438306263872,-0.95314235572284312,-0.067870257719690949,-0.2948105796001419,8.7621779187526004e-05,2.8259862649723415e-05
2.5750610828399658,1790951870.820421,0.000598907470703125,0.034609879067047558,0,0,-0.024609142453120049,0.38664278919430384,-0.045430920429412401,0.052421999999999996,0.00096999999999999994,0.178507,-2.9152409028986486,1.2634438455186952,-2.8796187328654446,0.052397139207545587,0.00096730324224324898,0.17842302235604562,-0.29220649325996439,-0.045767107137005117,0.95525951301257628,-0.078326336719032275,0.99664386820035811,0.023790438306263872,-0.95314235572284312,-0.067870257719690949,-0.2948105796001419,8.7621779187526004e-05,2.8259862649723415e-05
2.5800330638885498,1790951870.825393,0.00059294700622558594,0.034609879067047558,0,0,-0.024609142453120049,0.38664278919430384,-0.045430920429412401,0.052421999999999996,0.00096999999999999994,0.178507,-2.9152409028986486,1.2634438455186952,-2.8796187328654446,0.052397139207545587,0.00096730324224324898,0.17842302235604562,-0.29220649325996439,-0.045767107137005117,0.95525951301257628,-0.078326336719032275,0.99664386820035811,0.023790438306263872,-0.95314235572284312,-0.067870257719690949,-0.2948105796001419,8.7621779187526004e-05,2.8259862649723415e-05
2.5850601196289062,1790951870.83042,0.00060009956359863281,0.034609879067047558,0,0,-0.024609142453120049,0.38664278919430384,-0.045430920429412401,0.052421999999999996,0.00096999999999999994,0.178507,-2.9152409028986486,1.2634438455186952,-2.8796187328654446,0.052397139207545587,0.00096730324224324898,0.17842302235604562,-0.29220649325996439,-0.045767107137005117,0.95525951301257628,-0.078326336719032275,0.99664386820035811,0.023790438306263872,-0.95314235572284312,-0.067870257719690949,-0.2948105796001419,8.7621779187526004e-05,2.8259862649723415e-05
2.5900352001190186,1790951870.8353951,0.00060105323791503906,0.034609879067047558,0,0,-0.024609142453120049,0.38664278919430384,-0.045430920429412401,0.052421999999999996,0.00096999999999999994,0.178507,-2.9152409028986486,1.2634438455186952,-2.8796187328654446,0.052397139207545587,0.00096730324224324898,0.17842302235604562,-0.29220649325996439,-0.045767107137005117,0.95525951301257628,-0.078326336719032275,0.99664386820035811,0.023790438306263872,-0.95314235572284312,-0.067870257719690949,-0.2948105796001419,8.7621779187526004e-05,2.8259862649723415e-05
2.5950620174407959,1790951870.8404219,0.00060200691223144531,0.034609879067047558,0,0,-0.024609142453120049,0.38664278919430384,-0.045430920429412401,0.052421999999999996,0.00096999999999999994,0.178507,-2.9152409028986486,1.2634438455186952,-2.8796187328654446,0.052397139207545587,0.00096730324224324898,0.17842302235604562,-0.29220649325996439,-0.045767107137005117,0.95525951301257628,-0.078326336719032275,0.99664386820035811,0.023790438306263872,-0.95314235572284312,-0.067870257719690949,-0.2948105796001419,8.7621779187526004e-05,2.8259862649723415e-05
2.6000330448150635,1790951870.8453929,0.00059199333190917969,0.034609879067047558,0,0,-0.024609142453120049,0.38664278919430384,-0.045430920429412401,0.052421999999999996,0.00096999999999999994,0.178507,-2.9152409028986486,1.2634438455186952,-2.8796187328654446,0.052397139207545587,0.00096730324224324898,0.17842302235604562,-0.29220649325996439,-0.045767107137005117,0.95525951301257628,-0.078326336719032275,0.99664386820035811,0.023790438306263872,-0.95314235572284312,-0.067870257719690949,-0.2948105796001419,8.7621779187526004e-05,2.8259862649723415e-05
2.6050610542297363,1790951870.850421,0.00060200691223144531,0.034609879067047558,0,0,-0.024609142453120049,0.38664278919430384,-0.045430920429412401,0.052421999999999996,0.00096999999999999994,0.178507,-2.9152409028986486,1.2634438455186952,-2.8796187328654446,0.052397139207545587,0.00096730324224324898,0.17842302235604562,-0.29220649325996439,-0.045767107137005117,0.95525951301257628,-0.078326336719032275,0.99664386820035811,0.023790438306263872,-0.95314235572284312,-0.067870257719690949,-0.2948105796001419,8.7621779187526004e-05,2.8259862649723415e-05
2.6100351810455322,1790951870.8553951,0.00060105323791503906,0.034609879067047558,0,0,-0.024609142453120049,0.38664278919430384,-0.045430920429412401,0.052421999999999996,0.00096999999999999994,0.178507,-2.9152409028986486,1.2634438455186952,-2.8796187328654446,0.052397139207545587,0.00096730324224324898,0.17842302235604562,-0.29220649325996439,-0.045767107137005117,0.95525951301257628,-0.078326336719032275,0.99664386820035811,0.023790438306263872,-0.95314235572284312,-0.067870257719690949,-0.2948105796001419,8.7621779187526004e-05,2.8259862649723415e-05
2.6150610446929932,1790951870.8604209,0.00062704086303710938,0.034609879067047558,0,0,-0.024609142453120049,0.38664278919430384,-0.045430920429412401,0.052421999999999996,0.00096999999999999994,0.178507,-2.9152409028986486,1.2634438455186952,-2.8796187328654446,0.052397139207545587,0.00096730324224324898,0.17842302235604562,-0.29220649325996439,-0.045767107137005117,0.95525951301257628,-0.078326336719032275,0.99664386820035811,0.023790438306263872,-0.95314235572284312,-0.067870257719690949,-0.2948105796001419,8.7621779187526004e-05,2.8259862649723415e-05
2.6200351715087891,1790951870.8653951,0.00060009956359863281,0.034609879067047558,0,0,-0.024609142453120049,0.38664278919430384,-0.045430920429412401,0.052421999999999996,0.00096999999999999994,0.178507,-2.9152409028986486,1.2634438455186952,-2.8796187328654446,0.052397139207545587,0.00096730324224324898,0.17842302235604562,-0.29220649325996439,-0.045767107137005117,0.95525951301257628,-0.078326336719032275,0.99664386820035811,0.023790438306263872,-0.95314235572284312,-0.067870257719690949,-0.2948105796001419,8.7621779187526004e-05,2.8259862649723415e-05
2.6250600814819336,1790951870.87042,0.00062203407287597656,0.034609879067047558,0,0,-0.024609142453120049,0.38664278919430384,-0.045430920429412401,0.052421999999999996,0.00096999999999999994,0.178507,-2.9152409028986486,1.2634438455186952,-2.8796187328654446,0.052397139207545587,0.00096730324224324898,0.17842302235604562,-0.29220649325996439,-0.045767107137005117,0.95525951301257628,-0.078326336719032275,0.99664386820035811,0.023790438306263872,-0.95314235572284312,-0.067870257719690949,-0.2948105796001419,8.7621779187526004e-05,2.8259862649723415e-05
2.6300361156463623,1790951870.875396,0.00060200691223144531,0.034609879067047558,0,0,-0.024609142453120049,0.38664278919430384,-0.045430920429412401,0.052421999999999996,0.00096999999999999994,0.178507,-2.9152409028986486,1.2634438455186952,-2.8796187328654446,0.052397139207545587,0.00096730324224324898,0.17842302235604562,-0.29220649325996439,-0.045767107137005117,0.95525951301257628,-0.078326336719032275,0.99664386820035811,0.023790438306263872,-0.95314235572284312,-0.067870257719690949,-0.2948105796001419,8.7621779187526004e-05,2.8259862649723415e-05
2.6350622177124023,1790951870.8804221,0.00060319900512695312,0.034609879067047558,0,0,-0.024609142453120049,0.38664278919430384,-0.045430920429412401,0.052421999999999996,0.00096999999999999994,0.178507,-2.9152409028986486,1.2634438455186952,-2.8796187328654446,0.052397139207545587,0.00096730324224324898,0.17842302235604562,-0.29220649325996439,-0.045767107137005117,0.95525951301257628,-0.078326336719032275,0.99664386820035811,0.023790438306263872,-0.95314235572284312,-0.067870257719690949,-0.2948105796001419,8.7621779187526004e-05,2.8259862649723415e-05
2.6400361061096191,1790951870.885396,0.000598907470703125,0.034609879067047558,0,0,-0.024609142453120049,0.38664278919430384,-0.045430920429412401,0.052421999999999996,0.00096999999999999994,0.178507,-2.9152409028986486,1.2634438455186952,-2.8796187328654446,0.052397139207545587,0.00096730324224324898,0.17842302235604562,-0.29220649325996439,-0.045767107137005117,0.95525951301257628,-0.078326336719032275,0.99664386820035811,0.023790438306263872,-0.95314235572284312,-0.067870257719690949,-0.2948105796001419,8.7621779187526004e-05,2.8259862649723415e-05
2.6450610160827637,1790951870.8904209,0.00061893463134765625,0.034609879067047558,0,0,-0.024609142453120049,0.38664278919430384,-0.045430920429412401,0.052421999999999996,0.00096999999999999994,0.178507,-2.9152409028986486,1.2634438455186952,-2.8796187328654446,0.052397139207545587,0.00096730324224324898,0.17842302235604562,-0.29220649325996439,-0.045767107137005117,0.95525951301257628,-0.078326336719032275,0.99664386820035811,0.023790438306263872,-0.95314235572284312,-0.067870257719690949,-0.2948105796001419,8.7621779187526004e-05,2.8259862649723415e-05
2.650036096572876,1790951870.895396,0.00060200691223144531,0.034609879067047558,0,0,-0.024609142453120049,0.38664278919430384,-0.045430920429412401,0.052421999999999996,0.00096999999999999994,0.178507,-2.9152409028986486,1.2634438455186952,-2.8796187328654446,0.052397139207545587,0.00096730324224324898,0.17842302235604562,-0.29220649325996439,-0.045767107137005117,0.95525951301257628,-0.078326336719032275,0.99664386820035811,0.023790438306263872,-0.95314235572284312,-0.067870257719690949,-0.2948105796001419,8.7621779187526004e-05,2.8259862649723415e-05
2.6550610065460205,1790951870.9004209,0.00060200691223144531,0.034609879067047558,0,0,-0.024609142453120049,0.38664278919430384,-0.045430920429412401,0.052421999999999996,0.00096999999999999994,0.178507,-2.9152409028986486,1.2634438455186952,-2.8796187328654446,0.052397139207545587,0.00096730324224324898,0.17842302235604562,-0.29220649325996439,-0.045767107137005117,0.95525951301257628,-0.078326336719032275,0.99664386820035811,0.023790438306263872,-0.95314235572284312,-0.067870257719690949,-0.2948105796001419,8.7621779187526004e-05,2.8259862649723415e-05
2.6600360870361328,1790951870.905396,0.00060200691223144531,0.034609879067047558,0,0,-0.024609142453120049,0.38664278919430384,-0.045430920429412401,0.052421999999999996,0.00096999999999999994,0.178507,-2.9152409028986486,1.2634438455186952,-2.8796187328654446,0.052397139207545587,0.00096730324224324898,0.17842302235604562,-0.29220649325996439,-0.045767107137005117,0.95525951301257628,-0.078326336719032275,0.99664386820035811,0.023790438306263872,-0.95314235572284312,-0.067870257719690949,-0.2948105796001419,8.7621779187526004e-05,2.8259862649723415e-05
2.6650609970092773,1790951870.9104209,0.00062489509582519531,0.034609879067047558,0,0,-0.024609142453120049,0.38664278919430384,-0.045430920429412401,0.052421999999999996,0.00096999999999999994,0.178507,-2.9152409028986486,1.2634438455186952,-2.8796187328654446,0.052397139207545587,0.00096730324224324898,0.17842302235604562,-0.29220649325996439,-0.045767107137005117,0.95525951301257628,-0.078326336719032275,0.99664386820035811,0.023790438306263872,-0.95314235572284312,-0.067870257719690949,-0.2948105796001419,8.7621779187526004e-05,2.8259862649723415e-05
2.6700360774993896,1790951870.915396,0.00059795379638671875,0.034609879067047558,0,0,-0.024609142453120049,0.38664278919430384,-0.045430920429412401,0.052421999999999996,0.00096999999999999994,0.178507,-2.9152409028986486,1.2634438455186952,-2.8796187328654446,0.052397139207545587,0.00096730324224324898,0.17842302235604562,-0.29220649325996439,-0.045767107137005117,0.95525951301257628,-0.078326336719032275,0.99664386820035811,0.023790438306263872,-0.95314235572284312,-0.067870257719690949,-0.2948105796001419,8.7621779187526004e-05,2.8259862649723415e-05
2.6750609874725342,1790951870.9204209,0.00059580802917480469,0.034609879067047558,0,0,-0.024609142453120049,0.38664278919430384,-0.045430920429412401,0.052421999999999996,0.00096999999999999994,0.178507,-2.9152409028986486,1.2634438455186952,-2.8796187328654446,0.052397139207545587,0.00096730324224324898,0.17842302235604562,-0.29220649325996439,-0.045767107137005117,0.95525951301257628,-0.078326336719032275,0.99664386820035811,0.023790438306263872,-0.95314235572284312,-0.067870257719690949,-0.2948105796001419,8.7621779187526004e-05,2.8259862649723415e-05
2.6800360679626465,1790951870.925396,0.00060105323791503906,0.034609879067047558,0,0,-0.024609142453120049,0.38664278919430384,-0.045430920429412401,0.052421999999999996,0.00096999999999999994,0.178507,-2.9152409028986486,1.2634438455186952,-2.8796187328654446,0.052397139207545587,0.00096730324224324898,0.17842302235604562,-0.29220649325996439,-0.045767107137005117,0.95525951301257628,-0.078326336719032275,0.99664386820035811,0.023790438306263872,-0.95314235572284312,-0.067870257719690949,-0.2948105796001419,8.7621779187526004e-05,2.8259862649723415e-05
2.6850621700286865,1790951870.9304221,0.00060296058654785156,0.034609879067047558,0,0,-0.024609142453120049,0.38664278919430384,-0.045430920429412401,0.052421999999999996,0.00096999999999999994,0.178507,-2.9152409028986486,1.2634438455186952,-2.8796187328654446,0.052397139207545587,0.00096730324224324898,0.17842302235604562,-0.29220649325996439,-0.045767107137005117,0.95525951301257628,-0.078326336719032275,0.99664386820035811,0.023790438306263872,-0.95314235572284312,-0.067870257719690949,-0.2948105796001419,8.7621779187526004e-05,2.8259862649723415e-05
2.6900370121002197,1790951870.9353969,0.00060200691223144531,0.034609879067047558,0,0,-0.024609142453120049,0.38664278919430384,-0.045430920429412401,0.052421999999999996,0.00096999999999999994,0.178507,-2.9152409028986486,1.2634438455186952,-2.8796187328654446,0.052397139207545587,0.00096730324224324898,0.17842302235604562,-0.29220649325996439,-0.045767107137005117,0.95525951301257628,-0.078326336719032275,0.99664386820035811,0.023790438306263872,-0.95314235572284312,-0.067870257719690949,-0.2948105796001419,8.7621779187526004e-05,2.8259862649723415e-05
2.6950621604919434,1790951870.9404221,0.00060296058654785156,0.034609879067047558,0,0,-0.024609142453120049,0.38664278919430384,-0.045430920429412401,0.052421999999999996,0.00096999999999999994,0.178507,-2.9152409028986486,1.2634438455186952,-2.8796187328654446,0.052397139207545587,0.00096730324224324898,0.17842302235604562,-0.29220649325996439,-0.045767107137005117,0.95525951301257628,-0.078326336719032275,0.99664386820035811,0.023790438306263872,-0.95314235572284312,-0.067870257719690949,-0.2948105796001419,8.7621779187526004e-05,2.8259862649723415e-05
2.7000381946563721,1790951870.9453981,0.00060415267944335938,0.034609879067047558,0,0,-0.024609142453120049,0.38664278919430384,-0.045430920429412401,0.052421999999999996,0.00096999999999999994,0.178507,-2.9152409028986486,1.2634438455186952,-2.8796187328654446,0.052397139207545587,0.00096730324224324898,0.17842302235604562,-0.29220649325996439,-0.045767107137005117,0.95525951301257628,-0.078326336719032275,0.99664386820035811,0.023790438306263872,-0.95314235572284312,-0.067870257719690949,-0.2948105796001419,8.7621779187526004e-05,2.8259862649723415e-05
2.7050621509552002,1790951870.950422,0.00060200691223144531,0.034609879067047558,0,0,-0.024609142453120049,0.38664278919430384,-0.045430920429412401,0.052421999999999996,0.00096999999999999994,0.178507,-2.9152409028986486,1.2634438455186952,-2.8796187328654446,0.052397139207545587,0.00096730324224324898,0.17842302235604562,-0.29220649325996439,-0.045767107137005117,0.95525951301257628,-0.078326336719032275,0.99664386820035811,0.023790438306263872,-0.95314235572284312,-0.067870257719690949,-0.2948105796001419,8.7621779187526004e-05,2.8259862649723415e-05
2.7100369930267334,1790951870.9553969,0.00059485435485839844,0.034609879067047558,0,0,-0.024609142453120049,0.38664278919430384,-0.045430920429412401,0.052421999999999996,0.00096999999999999994,0.178507,-2.9152409028986486,1.2634438455186952,-2.8796187328654446,0.052397139207545587,0.00096730324224324898,0.17842302235604562,-0.29220649325996439,-0.045767107137005117,0.95525951301257628,-0.078326336719032275,0.99664386820035811,0.023790438306263872,-0.95314235572284312,-0.067870257719690949,-0.2948105796001419,8.7621779187526004e-05,2.8259862649723415e-05
2.715062141418457,1790951870.960422,0.00060105323791503906,0.034609879067047558,0,0,-0.024609142453120049,0.38664278919430384,-0.045430920429412401,0.052421999999999996,0.00096999999999999994,0.178507,-2.9152409028986486,1.2634438455186952,-2.8796187328654446,0.052397139207545587,0.00096730324224324898,0.17842302235604562,-0.29220649325996439,-0.045767107137005117,0.95525951301257628,-0.078326336719032275,0.99664386820035811,0.023790438306263872,-0.95314235572284312,-0.067870257719690949,-0.2948105796001419,8.7621779187526004e-05,2.8259862649723415e-05
2.7200369834899902,1790951870.9653969,0.00060296058654785156,0.034609879067047558,0,0,-0.024609142453120049,0.38664278919430384,-0.045430920429412401,0.052421999999999996,0.00096999999999999994,0.178507,-2.9152409028986486,1.2634438455186952,-2.8796187328654446,0.052397139207545587,0.00096730324224324898,0.17842302235604562,-0.29220649325996439,-0.045767107137005117,0.95525951301257628,-0.078326336719032275,0.99664386820035811,0.023790438306263872,-0.95314235572284312,-0.067870257719690949,-0.2948105796001419,8.7621779187526004e-05,2.8259862649723415e-05
2.7250611782073975,1790951870.9704211,0.00060200691223144531,0.034609879067047558,0,0,-0.024609142453120049,0.38664278919430384,-0.045430920429412401,0.052421999999999996,0.00096999999999999994,0.178507,-2.9152409028986486,1.2634438455186952,-2.8796187328654446,0.052397139207545587,0.00096730324224324898,0.17842302235604562,-0.29220649325996439,-0.045767107137005117,0.95525951301257628,-0.078326336719032275,0.99664386820035811,0.023790438306263872,-0.95314235572284312,-0.067870257719690949,-0.2948105796001419,8.7621779187526004e-05,2.8259862649723415e-05
2.7300460338592529,1790951870.9754059,0.00060987472534179688,0.034609879067047558,0,0,-0.024609142453120049,0.38664278919430384,-0.045430920429412401,0.052421999999999996,0.00096999999999999994,0.178507,-2.9152409028986486,1.2634438455186952,-2.8796187328654446,0.052397139207545587,0.00096730324224324898,0.17842302235604562,-0.29220649325996439,-0.045767107137005117,0.95525951301257628,-0.078326336719032275,0.99664386820035811,0.023790438306263872,-0.95314235572284312,-0.067870257719690949,-0.2948105796001419,8.7621779187526004e-05,2.8259862649723415e-05
2.7350590229034424,1790951870.9804189,0.000598907470703125,0.034609879067047558,0,0,-0.024609142453120049,0.38664278919430384,-0.045430920429412401,0.052421999999999996,0.00096999999999999994,0.178507,-2.9152409028986486,1.2634438455186952,-2.8796187328654446,0.052397139207545587,0.00096730324224324898,0.17842302235604562,-0.29220649325996439,-0.045767107137005117,0.95525951301257628,-0.078326336719032275,0.99664386820035811,0.023790438306263872,-0.95314235572284312,-0.067870257719690949,-0.2948105796001419,8.7621779187526004e-05,2.8259862649723415e-05
2.7400341033935547,1790951870.985394,0.00060009956359863281,0.034609879067047558,0,0,-0.024609142453120049,0.38664278919430384,-0.045430920429412401,0.052421999999999996,0.00096999999999999994,0.178507,-2.9152409028986486,1.2634438455186952,-2.8796187328654446,0.052397139207545587,0.00096730324224324898,0.17842302235604562,-0.29220649325996439,-0.045767107137005117,0.95525951301257628,-0.078326336719032275,0.99664386820035811,0.023790438306263872,-0.95314235572284312,-0.067870257719690949,-0.2948105796001419,8.7621779187526004e-05,2.8259862649723415e-05
2.7450611591339111,1790951870.9904211,0.00060200691223144531,0.034609879067047558,0,0,-0.024609142453120049,0.38664278919430384,-0.045430920429412401,0.052421999999999996,0.00096999999999999994,0.178507,-2.9152409028986486,1.2634438455186952,-2.8796187328654446,0.052397139207545587,0.00096730324224324898,0.17842302235604562,-0.29220649325996439,-0.045767107137005117,0.95525951301257628,-0.078326336719032275,0.99664386820035811,0.023790438306263872,-0.95314235572284312,-0.067870257719690949,-0.2948105796001419,8.7621779187526004e-05,2.8259862649723415e-05
2.7500360012054443,1790951870.9953959,0.00059795379638671875,0.034609879067047558,0,0,-0.024609142453120049,0.38664278919430384,-0.045430920429412401,0.052421999999999996,0.00096999999999999994,0.178507,-2.9152409028986486,1.2634438455186952,-2.8796187328654446,0.052397139207545587,0.00096730324224324898,0.17842302235604562,-0.29220649325996439,-0.045767107137005117,0.95525951301257628,-0.078326336719032275,0.99664386820035811,0.023790438306263872,-0.95314235572284312,-0.067870257719690949,-0.2948105796001419,8.7621779187526004e-05,2.8259862649723415e-05
2.7550621032714844,1790951871.000422,0.00060105323791503906,0.034609879067047558,0,0,-0.024609142453120049,0.38664278919430384,-0.045430920429412401,0.052421999999999996,0.00096999999999999994,0.178507,-2.9152409028986486,1.2634438455186952,-2.8796187328654446,0.052397139207545587,0.00096730324224324898,0.17842302235604562,-0.29220649325996439,-0.045767107137005117,0.95525951301257628,-0.078326336719032275,0.99664386820035811,0.023790438306263872,-0.95314235572284312,-0.067870257719690949,-0.2948105796001419,8.7621779187526004e-05,2.8259862649723415e-05
2.7600340843200684,1790951871.005394,0.000598907470703125,0.034609879067047558,0,0,-0.024609142453120049,0.38664278919430384,-0.045430920429412401,0.052421999999999996,0.00096999999999999994,0.178507,-2.9152409028986486,1.2634438455186952,-2.8796187328654446,0.052397139207545587,0.00096730324224324898,0.17842302235604562,-0.29220649325996439,-0.045767107137005117,0.95525951301257628,-0.078326336719032275,0.99664386820035811,0.023790438306263872,-0.95314235572284312,-0.067870257719690949,-0.2948105796001419,8.7621779187526004e-05,2.8259862649723415e-05
2.7650620937347412,1790951871.010422,0.00060200691223144531,0.034609879067047558,0,0,-0.024609142453120049,0.38664278919430384,-0.045430920429412401,0.052421999999999996,0.00096999999999999994,0.178507,-2.9152409028986486,1.2634438455186952,-2.8796187328654446,0.052397139207545587,0.00096730324224324898,0.17842302235604562,-0.29220649325996439,-0.045767107137005117,0.95525951301257628,-0.078326336719032275,0.99664386820035811,0.023790438306263872,-0.95314235572284312,-0.067870257719690949,-0.2948105796001419,8.7621779187526004e-05,2.8259862649723415e-05
2.7700591087341309,1790951871.015419,0.00062394142150878906,0.034609879067047558,0,0,-0.024609142453120049,0.38664278919430384,-0.045430920429412401,0.052421999999999996,0.00096999999999999994,0.178507,-2.9152409028986486,1.2634438455186952,-2.8796187328654446,0.052397139207545587,0.00096730324224324898,0.17842302235604562,-0.29220649325996439,-0.045767107137005117,0.95525951301257628,-0.078326336719032275,0.99664386820035811,0.023790438306263872,-0.95314235572284312,-0.067870257719690949,-0.2948105796001419,8.7621779187526004e-05,2.8259862649723415e-05
2.7750611305236816,1790951871.020421,0.00060200691223144531,0.034609879067047558,0,0,-0.024609142453120049,0.38664278919430384,-0.045430920429412401,0.052421999999999996,0.00096999999999999994,0.178507,-2.9152409028986486,1.2634438455186952,-2.8796187328654446,0.052397139207545587,0.00096730324224324898,0.17842302235604562,-0.29220649325996439,-0.045767107137005117,0.95525951301257628,-0.078326336719032275,0.99664386820035811,0.023790438306263872,-0.95314235572284312,-0.067870257719690949,-0.2948105796001419,8.7621779187526004e-05,2.8259862649723415e-05
2.7800381183624268,1790951871.025398,0.000598907470703125,0.034609879067047558,0,0,-0.024609142453120049,0.38664278919430384,-0.045430920429412401,0.052421999999999996,0.00096999999999999994,0.178507,-2.9152409028986486,1.2634438455186952,-2.8796187328654446,0.052397139207545587,0.00096730324224324898,0.17842302235604562,-0.29220649325996439,-0.045767107137005117,0.95525951301257628,-0.078326336719032275,0.99664386820035811,0.023790438306263872,-0.95314235572284312,-0.067870257719690949,-0.2948105796001419,8.7621779187526004e-05,2.8259862649723415e-05
2.7850611209869385,1790951871.030421,0.00058698654174804688,0.034609879067047558,0,0,-0.024609142453120049,0.38664278919430384,-0.045430920429412401,0.052421999999999996,0.00096999999999999994,0.178507,-2.9152409028986486,1.2634438455186952,-2.8796187328654446,0.052397139207545587,0.00096730324224324898,0.17842302235604562,-0.29220649325996439,-0.045767107137005117,0.95525951301257628,-0.078326336719032275,0.99664386820035811,0.023790438306263872,-0.95314235572284312,-0.067870257719690949,-0.2948105796001419,8.7621779187526004e-05,2.8259862649723415e-05
2.7900362014770508,1790951871.0353961,0.00060200691223144531,0.034609879067047558,0,0,-0.024609142453120049,0.38664278919430384,-0.045430920429412401,0.052421999999999996,0.00096999999999999994,0.178507,-2.9152409028986486,1.2634438455186952,-2.8796187328654446,0.052397139207545587,0.00096730324224324898,0.17842302235604562,-0.29220649325996439,-0.045767107137005117,0.95525951301257628,-0.078326336719032275,0.99664386820035811,0.023790438306263872,-0.95314235572284312,-0.067870257719690949,-0.2948105796001419,8.7621779187526004e-05,2.8259862649723415e-05
2.7950611114501953,1790951871.040421,0.00060105323791503906,0.034609879067047558,0,0,-0.024609142453120049,0.38664278919430384,-0.045430920429412401,0.052421999999999996,0.00096999999999999994,0.178507,-2.9152409028986486,1.2634438455186952,-2.8796187328654446,0.052397139207545587,0.00096730324224324898,0.17842302235604562,-0.29220649325996439,-0.045767107137005117,0.95525951301257628,-0.078326336719032275,0.99664386820035811,0.023790438306263872,-0.95314235572284312,-0.067870257719690949,-0.2948105796001419,8.7621779187526004e-05,2.8259862649723415e-05
2.8000349998474121,1790951871.0453949,0.00059986114501953125,0.034609879067047558,0,0,-0.024609142453120049,0.38664278919430384,-0.045430920429412401,0.052421999999999996,0.00096999999999999994,0.178507,-2.9152409028986486,1.2634438455186952,-2.8796187328654446,0.052397139207545587,0.00096730324224324898,0.17842302235604562,-0.29220649325996439,-0.045767107137005117,0.95525951301257628,-0.078326336719032275,0.99664386820035811,0.023790438306263872,-0.95314235572284312,-0.067870257719690949,-0.2948105796001419,8.7621779187526004e-05,2.8259862649723415e-05
2.8050611019134521,1790951871.050421,0.00060105323791503906,0.034609879067047558,0,0,-0.024609142453120049,0.38664278919430384,-0.045430920429412401,0.052421999999999996,0.00096999999999999994,0.178507,-2.9152409028986486,1.2634438455186952,-2.8796187328654446,0.052397139207545587,0.00096730324224324898,0.17842302235604562,-0.29220649325996439,-0.045767107137005117,0.95525951301257628,-0.078326336719032275,0.99664386820035811,0.023790438306263872,-0.95314235572284312,-0.067870257719690949,-0.2948105796001419,8.7621779187526004e-05,2.8259862649723415e-05
2.8100361824035645,1790951871.0553961,0.00060105323791503906,0.034609879067047558,0,0,-0.024609142453120049,0.38664278919430384,-0.045430920429412401,0.052421999999999996,0.00096999999999999994,0.178507,-2.9152409028986486,1.2634438455186952,-2.8796187328654446,0.052397139207545587,0.00096730324224324898,0.17842302235604562,-0.29220649325996439,-0.045767107137005117,0.95525951301257628,-0.078326336719032275,0.99664386820035811,0.023790438306263872,-0.95314235572284312,-0.067870257719690949,-0.2948105796001419,8.7621779187526004e-05,2.8259862649723415e-05
2.815061092376709,1790951871.060421,0.00060105323791503906,0.034609879067047558,0,0,-0.024609142453120049,0.38664278919430384,-0.045430920429412401,0.052421999999999996,0.00096999999999999994,0.178507,-2.9152409028986486,1.2634438455186952,-2.8796187328654446,0.052397139207545587,0.00096730324224324898,0.17842302235604562,-0.29220649325996439,-0.045767107137005117,0.95525951301257628,-0.078326336719032275,0.99664386820035811,0.023790438306263872,-0.95314235572284312,-0.067870257719690949,-0.2948105796001419,8.7621779187526004e-05,2.8259862649723415e-05
2.8200371265411377,1790951871.065397,0.000598907470703125,0.034609879067047558,0,0,-0.024609142453120049,0.38664278919430384,-0.045430920429412401,0.052421999999999996,0.00096999999999999994,0.178507,-2.9152409028986486,1.2634438455186952,-2.8796187328654446,0.052397139207545587,0.00096730324224324898,0.17842302235604562,-0.29220649325996439,-0.045767107137005117,0.95525951301257628,-0.078326336719032275,0.99664386820035811,0.023790438306263872,-0.95314235572284312,-0.067870257719690949,-0.2948105796001419,8.7621779187526004e-05,2.8259862649723415e-05
2.8250620365142822,1790951871.0704219,0.0006198883056640625,0.034609879067047558,0,0,-0.024609142453120049,0.38664278919430384,-0.045430920429412401,0.052421999999999996,0.00096999999999999994,0.178507,-2.9152409028986486,1.2634438455186952,-2.8796187328654446,0.052397139207545587,0.00096730324224324898,0.17842302235604562,-0.29220649325996439,-0.045767107137005117,0.95525951301257628,-0.078326336719032275,0.99664386820035811,0.023790438306263872,-0.95314235572284312,-0.067870257719690949,-0.2948105796001419,8.7621779187526004e-05,2.8259862649723415e-05
2.8300361633300781,1790951871.0753961,0.00060105323791503906,0.034609879067047558,0,0,-0.024609142453120049,0.38664278919430384,-0.045430920429412401,0.052421999999999996,0.00096999999999999994,0.178507,-2.9152409028986486,1.2634438455186952,-2.8796187328654446,0.052397139207545587,0.00096730324224324898,0.17842302235604562,-0.29220649325996439,-0.045767107137005117,0.95525951301257628,-0.078326336719032275,0.99664386820035811,0.023790438306263872,-0.95314235572284312,-0.067870257719690949,-0.2948105796001419,8.7621779187526004e-05,2.8259862649723415e-05
2.8350610733032227,1790951871.080421,0.00061893463134765625,0.034609879067047558,0,0,-0.024609142453120049,0.38664278919430384,-0.045430920429412401,0.052421999999999996,0.00096999999999999994,0.178507,-2.9152409028986486,1.2634438455186952,-2.8796187328654446,0.052397139207545587,0.00096730324224324898,0.17842302235604562,-0.29220649325996439,-0.045767107137005117,0.95525951301257628,-0.078326336719032275,0.99664386820035811,0.023790438306263872,-0.95314235572284312,-0.067870257719690949,-0.2948105796001419,8.7621779187526004e-05,2.8259862649723415e-05
2.8400352001190186,1790951871.0853951,0.00059914588928222656,0.034609879067047558,0,0,-0.024609142453120049,0.38664278919430384,-0.045430920429412401,0.052421999999999996,0.00096999999999999994,0.178507,-2.9152409028986486,1.2634438455186952,-2.8796187328654446,0.052397139207545587,0.00096730324224324898,0.17842302235604562,-0.29220649325996439,-0.045767107137005117,0.95525951301257628,-0.078326336719032275,0.99664386820035811,0.023790438306263872,-0.95314235572284312,-0.067870257719690949,-0.2948105796001419,8.7621779187526004e-05,2.8259862649723415e-05
2.8450641632080078,1790951871.0904241,0.00062417984008789062,0.034609879067047558,0,0,-0.024609142453120049,0.38664278919430384,-0.045430920429412401,0.052421999999999996,0.00096999999999999994,0.178507,-2.9152409028986486,1.2634438455186952,-2.8796187328654446,0.052397139207545587,0.00096730324224324898,0.17842302235604562,-0.29220649325996439,-0.045767107137005117,0.95525951301257628,-0.078326336719032275,0.99664386820035811,0.023790438306263872,-0.95314235572284312,-0.067870257719690949,-0.2948105796001419,8.7621779187526004e-05,2.8259862649723415e-05
2.8500370979309082,1790951871.095397,0.00060105323791503906,0.034609879067047558,0,0,-0.024609142453120049,0.38664278919430384,-0.045430920429412401,0.052421999999999996,0.00096999999999999994,0.178507,-2.9152409028986486,1.2634438455186952,-2.8796187328654446,0.052397139207545587,0.00096730324224324898,0.17842302235604562,-0.29220649325996439,-0.045767107137005117,0.95525951301257628,-0.078326336719032275,0.99664386820035811,0.023790438306263872,-0.95314235572284312,-0.067870257719690949,-0.2948105796001419,8.7621779187526004e-05,2.8259862649723415e-05
2.8550641536712646,1790951871.1004241,0.00060415267944335938,0.034609879067047558,0,0,-0.024609142453120049,0.38664278919430384,-0.045430920429412401,0.052421999999999996,0.00096999999999999994,0.178507,-2.9152409028986486,1.2634438455186952,-2.8796187328654446,0.052397139207545587,0.00096730324224324898,0.17842302235604562,-0.29220649325996439,-0.045767107137005117,0.95525951301257628,-0.078326336719032275,0.99664386820035811,0.023790438306263872,-0.95314235572284312,-0.067870257719690949,-0.2948105796001419,8.7621779187526004e-05,2.8259862649723415e-05
2.860037088394165,1790951871.105397,0.00060105323791503906,0.034609879067047558,0,0,-0.024609142453120049,0.38664278919430384,-0.045430920429412401,0.052421999999999996,0.00096999999999999994,0.178507,-2.9152409028986486,1.2634438455186952,-2.8796187328654446,0.052397139207545587,0.00096730324224324898,0.17842302235604562,-0.29220649325996439,-0.045767107137005117,0.95525951301257628,-0.078326336719032275,0.99664386820035811,0.023790438306263872,-0.95314235572284312,-0.067870257719690949,-0.2948105796001419,8.7621779187526004e-05,2.8259862649723415e-05
2.8650610446929932,1790951871.1104209,0.00059986114501953125,0.034609879067047558,0,0,-0.024609142453120049,0.38664278919430384,-0.045430920429412401,0.052421999999999996,0.00096999999999999994,0.178507,-2.9152409028986486,1.2634438455186952,-2.8796187328654446,0.052397139207545587,0.00096730324224324898,0.17842302235604562,-0.29220649325996439,-0.045767107137005117,0.95525951301257628,-0.078326336719032275,0.99664386820035811,0.023790438306263872,-0.95314235572284312,-0.067870257719690949,-0.2948105796001419,8.7621779187526004e-05,2.8259862649723415e-05
2.8700621128082275,1790951871.115422,0.00062608718872070312,0.034609879067047558,0,0,-0.024609142453120049,0.38664278919430384,-0.045430920429412401,0.052421999999999996,0.00096999999999999994,0.178507,-2.9152409028986486,1.2634438455186952,-2.8796187328654446,0.052397139207545587,0.00096730324224324898,0.17842302235604562,-0.29220649325996439,-0.045767107137005117,0.95525951301257628,-0.078326336719032275,0.99664386820035811,0.023790438306263872,-0.95314235572284312,-0.067870257719690949,-0.2948105796001419,8.7621779187526004e-05,2.8259862649723415e-05
2.8750619888305664,1790951871.1204219,0.00060176849365234375,0.034609879067047558,0,0,-0.024609142453120049,0.38664278919430384,-0.045430920429412401,0.052421999999999996,0.00096999999999999994,0.178507,-2.9152409028986486,1.2634438455186952,-2.8796187328654446,0.052397139207545587,0.00096730324224324898,0.17842302235604562,-0.29220649325996439,-0.045767107137005117,0.95525951301257628,-0.078326336719032275,0.99664386820035811,0.023790438306263872,-0.95314235572284312,-0.067870257719690949,-0.2948105796001419,8.7621779187526004e-05,2.8259862649723415e-05
2.8800392150878906,1790951871.1253991,0.00060200691223144531,0.034609879067047558,0,0,-0.024609142453120049,0.38664278919430384,-0.045430920429412401,0.052421999999999996,0.00096999999999999994,0.178507,-2.9152409028986486,1.2634438455186952,-2.8796187328654446,0.052397139207545587,0.00096730324224324898,0.17842302235604562,-0.29220649325996439,-0.045767107137005117,0.95525951301257628,-0.078326336719032275,0.99664386820035811,0.023790438306263872,-0.95314235572284312,-0.067870257719690949,-0.2948105796001419,8.7621779187526004e-05,2.8259862649723415e-05
2.8850610256195068,1790951871.1304209,0.00059795379638671875,0.034609879067047558,0,0,-0.024609142453120049,0.38664278919430384,-0.045430920429412401,0.052421999999999996,0.00096999999999999994,0.178507,-2.9152409028986486,1.2634438455186952,-2.8796187328654446,0.052397139207545587,0.00096730324224324898,0.17842302235604562,-0.29220649325996439,-0.045767107137005117,0.95525951301257628,-0.078326336719032275,0.99664386820035811,0.023790438306263872,-0.95314235572284312,-0.067870257719690949,-0.2948105796001419,8.7621779187526004e-05,2.8259862649723415e-05
2.8900361061096191,1790951871.135396,0.00060009956359863281,0.034609879067047558,0,0,-0.024609142453120049,0.38664278919430384,-0.045430920429412401,0.052421999999999996,0.00096999999999999994,0.178507,-2.9152409028986486,1.2634438455186952,-2.8796187328654446,0.052397139207545587,0.00096730324224324898,0.17842302235604562,-0.29220649325996439,-0.045767107137005117,0.95525951301257628,-0.078326336719032275,0.99664386820035811,0.023790438306263872,-0.95314235572284312,-0.067870257719690949,-0.2948105796001419,8.7621779187526004e-05,2.8259862649723415e-05
2.8950622081756592,1790951871.1404221,0.00060105323791503906,0.034609879067047558,0,0,-0.024609142453120049,0.38664278919430384,-0.045430920429412401,0.052421999999999996,0.00096999999999999994,0.178507,-2.9152409028986486,1.2634438455186952,-2.8796187328654446,0.052397139207545587,0.00096730324224324898,0.17842302235604562,-0.29220649325996439,-0.045767107137005117,0.95525951301257628,-0.078326336719032275,0.99664386820035811,0.023790438306263872,-0.95314235572284312,-0.067870257719690949,-0.2948105796001419,8.7621779187526004e-05,2.8259862649723415e-05
2.9000351428985596,1790951871.145395,0.0005741119384765625,0.034609879067047558,0,0,-0.024609142453120049,0.38664278919430384,-0.045430920429412401,0.052421999999999996,0.00096999999999999994,0.178507,-2.9152409028986486,1.2634438455186952,-2.8796187328654446,0.052397139207545587,0.00096730324224324898,0.17842302235604562,-0.29220649325996439,-0.045767107137005117,0.95525951301257628,-0.078326336719032275,0.99664386820035811,0.023790438306263872,-0.95314235572284312,-0.067870257719690949,-0.2948105796001419,8.7621779187526004e-05,2.8259862649723415e-05
2.9050631523132324,1790951871.150423,0.00059413909912109375,0.034609879067047558,0,0,-0.024609142453120049,0.38664278919430384,-0.045430920429412401,0.052421999999999996,0.00096999999999999994,0.178507,-2.9152409028986486,1.2634438455186952,-2.8796187328654446,0.052397139207545587,0.00096730324224324898,0.17842302235604562,-0.29220649325996439,-0.045767107137005117,0.95525951301257628,-0.078326336719032275,0.99664386820035811,0.023790438306263872,-0.95314235572284312,-0.067870257719690949,-0.2948105796001419,8.7621779187526004e-05,2.8259862649723415e-05
2.9100630283355713,1790951871.1554229,0.00062394142150878906,0.034609879067047558,0,0,-0.024609142453120049,0.38664278919430384,-0.045430920429412401,0.052421999999999996,0.00096999999999999994,0.178507,-2.9152409028986486,1.2634438455186952,-2.8796187328654446,0.052397139207545587,0.00096730324224324898,0.17842302235604562,-0.29220649325996439,-0.045767107137005117,0.95525951301257628,-0.078326336719032275,0.99664386820035811,0.023790438306263872,-0.95314235572284312,-0.067870257719690949,-0.2948105796001419,8.7621779187526004e-05,2.8259862649723415e-05
2.9150609970092773,1790951871.1604209,0.00059986114501953125,0.034609879067047558,0,0,-0.024609142453120049,0.38664278919430384,-0.045430920429412401,0.052421999999999996,0.00096999999999999994,0.178507,-2.9152409028986486,1.2634438455186952,-2.8796187328654446,0.052397139207545587,0.00096730324224324898,0.17842302235604562,-0.29220649325996439,-0.045767107137005117,0.95525951301257628,-0.078326336719032275,0.99664386820035811,0.023790438306263872,-0.95314235572284312,-0.067870257719690949,-0.2948105796001419,8.7621779187526004e-05,2.8259862649723415e-05
2.9200611114501953,1790951871.165421,0.00061297416687011719,0.034609879067047558,0,0,-0.024609142453120049,0.38664278919430384,-0.045430920429412401,0.052421999999999996,0.00096999999999999994,0.178507,-2.9152409028986486,1.2634438455186952,-2.8796187328654446,0.052397139207545587,0.00096730324224324898,0.17842302235604562,-0.29220649325996439,-0.045767107137005117,0.95525951301257628,-0.078326336719032275,0.99664386820035811,0.023790438306263872,-0.95314235572284312,-0.067870257719690949,-0.2948105796001419,8.7621779187526004e-05,2.8259862649723415e-05
2.9250631332397461,1790951871.170423,0.00060200691223144531,0.034609879067047558,0,0,-0.024609142453120049,0.38664278919430384,-0.045430920429412401,0.052421999999999996,0.00096999999999999994,0.178507,-2.9152409028986486,1.2634438455186952,-2.8796187328654446,0.052397139207545587,0.00096730324224324898,0.17842302235604562,-0.29220649325996439,-0.045767107137005117,0.95525951301257628,-0.078326336719032275,0.99664386820035811,0.023790438306263872,-0.95314235572284312,-0.067870257719690949,-0.2948105796001419,8.7621779187526004e-05,2.8259862649723415e-05
2.9300391674041748,1790951871.1753991,0.00059795379638671875,0.034609879067047558,0,0,-0.024609142453120049,0.38664278919430384,-0.045430920429412401,0.052421999999999996,0.00096999999999999994,0.178507,-2.9152409028986486,1.2634438455186952,-2.8796187328654446,0.052397139207545587,0.00096730324224324898,0.17842302235604562,-0.29220649325996439,-0.045767107137005117,0.95525951301257628,-0.078326336719032275,0.99664386820035811,0.023790438306263872,-0.95314235572284312,-0.067870257719690949,-0.2948105796001419,8.7621779187526004e-05,2.8259862649723415e-05
2.9350621700286865,1790951871.1804221,0.00060009956359863281,0.034609879067047558,0,0,-0.024609142453120049,0.38664278919430384,-0.045430920429412401,0.052421999999999996,0.00096999999999999994,0.178507,-2.9152409028986486,1.2634438455186952,-2.8796187328654446,0.052397139207545587,0.00096730324224324898,0.17842302235604562,-0.29220649325996439,-0.045767107137005117,0.95525951301257628,-0.078326336719032275,0.99664386820035811,0.023790438306263872,-0.95314235572284312,-0.067870257719690949,-0.2948105796001419,8.7621779187526004e-05,2.8259862649723415e-05
2.9400382041931152,1790951871.1853981,0.00060200691223144531,0.034609879067047558,0,0,-0.024609142453120049,0.38664278919430384,-0.045430920429412401,0.052421999999999996,0.00096999999999999994,0.178507,-2.9152409028986486,1.2634438455186952,-2.8796187328654446,0.052397139207545587,0.00096730324224324898,0.17842302235604562,-0.29220649325996439,-0.045767107137005117,0.95525951301257628,-0.078326336719032275,0.99664386820035811,0.023790438306263872,-0.95314235572284312,-0.067870257719690949,-0.2948105796001419,8.7621779187526004e-05,2.8259862649723415e-05
2.9450621604919434,1790951871.1904221,0.00060105323791503906,0.034609879067047558,0,0,-0.024609142453120049,0.38664278919430384,-0.045430920429412401,0.052421999999999996,0.00096999999999999994,0.178507,-2.9152409028986486,1.2634438455186952,-2.8796187328654446,0.052397139207545587,0.00096730324224324898,0.17842302235604562,-0.29220649325996439,-0.045767107137005117,0.95525951301257628,-0.078326336719032275,0.99664386820035811,0.023790438306263872,-0.95314235572284312,-0.067870257719690949,-0.2948105796001419,8.7621779187526004e-05,2.8259862649723415e-05
2.9500610828399658,1790951871.195421,0.00062108039855957031,0.034609879067047558,0,0,-0.024609142453120049,0.38664278919430384,-0.045430920429412401,0.052421999999999996,0.00096999999999999994,0.178507,-2.9152409028986486,1.2634438455186952,-2.8796187328654446,0.052397139207545587,0.00096730324224324898,0.17842302235604562,-0.29220649325996439,-0.045767107137005117,0.95525951301257628,-0.078326336719032275,0.99664386820035811,0.023790438306263872,-0.95314235572284312,-0.067870257719690949,-0.2948105796001419,8.7621779187526004e-05,2.8259862649723415e-05
2.9550650119781494,1790951871.2004249,0.00060391426086425781,0.034609879067047558,0,0,-0.024609142453120049,0.38664278919430384,-0.045430920429412401,0.052421999999999996,0.00096999999999999994,0.178507,-2.9152409028986486,1.2634438455186952,-2.8796187328654446,0.052397139207545587,0.00096730324224324898,0.17842302235604562,-0.29220649325996439,-0.045767107137005117,0.95525951301257628,-0.078326336719032275,0.99664386820035811,0.023790438306263872,-0.95314235572284312,-0.067870257719690949,-0.2948105796001419,8.7621779187526004e-05,2.8259862649723415e-05
2.960036039352417,1790951871.2053959,0.00059986114501953125,0.034609879067047558,0,0,-0.024609142453120049,0.38664278919430384,-0.045430920429412401,0.052421999999999996,0.00096999999999999994,0.178507,-2.9152409028986486,1.2634438455186952,-2.8796187328654446,0.052397139207545587,0.00096730324224324898,0.17842302235604562,-0.29220649325996439,-0.045767107137005117,0.95525951301257628,-0.078326336719032275,0.99664386820035811,0.023790438306263872,-0.95314235572284312,-0.067870257719690949,-0.2948105796001419,8.7621779187526004e-05,2.8259862649723415e-05
2.9650640487670898,1790951871.2104239,0.00060296058654785156,0.034609879067047558,0,0,-0.024609142453120049,0.38664278919430384,-0.045430920429412401,0.052421999999999996,0.00096999999999999994,0.178507,-2.9152409028986486,1.2634438455186952,-2.8796187328654446,0.052397139207545587,0.00096730324224324898,0.17842302235604562,-0.29220649325996439,-0.045767107137005117,0.95525951301257628,-0.078326336719032275,0.99664386820035811,0.023790438306263872,-0.95314235572284312,-0.067870257719690949,-0.2948105796001419,8.7621779187526004e-05,2.8259862649723415e-05
2.9700632095336914,1790951871.2154231,0.00062799453735351562,0.034609879067047558,0,0,-0.024609142453120049,0.38664278919430384,-0.045430920429412401,0.052421999999999996,0.00096999999999999994,0.178507,-2.9152409028986486,1.2634438455186952,-2.8796187328654446,0.052397139207545587,0.00096730324224324898,0.17842302235604562,-0.29220649325996439,-0.045767107137005117,0.95525951301257628,-0.078326336719032275,0.99664386820035811,0.023790438306263872,-0.95314235572284312,-0.067870257719690949,-0.2948105796001419,8.7621779187526004e-05,2.8259862649723415e-05
2.9750750064849854,1790951871.2204349,0.00061297416687011719,0.034609879067047558,0,0,-0.024609142453120049,0.38664278919430384,-0.045430920429412401,0.052421999999999996,0.00096999999999999994,0.178507,-2.9152409028986486,1.2634438455186952,-2.8796187328654446,0.052397139207545587,0.00096730324224324898,0.17842302235604562,-0.29220649325996439,-0.045767107137005117,0.95525951301257628,-0.078326336719032275,0.99664386820035811,0.023790438306263872,-0.95314235572284312,-0.067870257719690949,-0.2948105796001419,8.7621779187526004e-05,2.8259862649723415e-05
2.9800620079040527,1790951871.2254219,0.00062584877014160156,0.034609879067047558,0,0,-0.024609142453120049,0.38664278919430384,-0.045430920429412401,0.052421999999999996,0.00096999999999999994,0.178507,-2.9152409028986486,1.2634438455186952,-2.8796187328654446,0.052397139207545587,0.00096730324224324898,0.17842302235604562,-0.29220649325996439,-0.045767107137005117,0.95525951301257628,-0.078326336719032275,0.99664386820035811,0.023790438306263872,-0.95314235572284312,-0.067870257719690949,-0.2948105796001419,8.7621779187526004e-05,2.8259862649723415e-05
2.9850630760192871,1790951871.230423,0.00060296058654785156,0.034609879067047558,0,0,-0.024609142453120049,0.38664278919430384,-0.045430920429412401,0.052421999999999996,0.00096999999999999994,0.178507,-2.9152409028986486,1.2634438455186952,-2.8796187328654446,0.052397139207545587,0.00096730324224324898,0.17842302235604562,-0.29220649325996439,-0.045767107137005117,0.95525951301257628,-0.078326336719032275,0.99664386820035811,0.023790438306263872,-0.95314235572284312,-0.067870257719690949,-0.2948105796001419,8.7621779187526004e-05,2.8259862649723415e-05
2.990037202835083,1790951871.2353971,0.00060200691223144531,0.034609879067047558,0,0,-0.024609142453120049,0.38664278919430384,-0.045430920429412401,0.052421999999999996,0.00096999999999999994,0.178507,-2.9152409028986486,1.2634438455186952,-2.8796187328654446,0.052397139207545587,0.00096730324224324898,0.17842302235604562,-0.29220649325996439,-0.045767107137005117,0.95525951301257628,-0.078326336719032275,0.99664386820035811,0.023790438306263872,-0.95314235572284312,-0.067870257719690949,-0.2948105796001419,8.7621779187526004e-05,2.8259862649723415e-05
2.9950621128082275,1790951871.240422,0.00060105323791503906,0.034609879067047558,0,0,-0.024609142453120049,0.38664278919430384,-0.045430920429412401,0.052421999999999996,0.00096999999999999994,0.178507,-2.9152409028986486,1.2634438455186952,-2.8796187328654446,0.052397139207545587,0.00096730324224324898,0.17842302235604562,-0.29220649325996439,-0.045767107137005117,0.95525951301257628,-0.078326336719032275,0.99664386820035811,0.023790438306263872,-0.95314235572284312,-0.067870257719690949,-0.2948105796001419,8.7621779187526004e-05,2.8259862649723415e-05
3.0000541210174561,1790951871.245414,9.059906005859375e-06,0.034609879067047558,0,0,-0.024609142453120049,0.38664278919430384,-0.045430920429412401,0.052421999999999996,0.00096999999999999994,0.178507,-2.9152409028986486,1.2634438455186952,-2.8796187328654446,0.052397139207545587,0.00096730324224324898,0.17842302235604562,-0.29220649325996439,-0.045767107137005117,0.95525951301257628,-0.078326336719032275,0.99664386820035811,0.023790438306263872,-0.95314235572284312,-0.067870257719690949,-0.2948105796001419,8.7621779187526004e-05,2.8259862649723415e-05
3.0050621032714844,1790951871.250422,0.00060105323791503906,0.034609879067047558,0,0,-0.024609142453120049,0.38664278919430384,-0.045430920429412401,0.052421999999999996,0.00096999999999999994,0.178507,-2.9152409028986486,1.2634438455186952,-2.8796187328654446,0.052397139207545587,0.00096730324224324898,0.17842302235604562,-0.29220649325996439,-0.045767107137005117,0.95525951301257628,-0.078326336719032275,0.99664386820035811,0.023790438306263872,-0.95314235572284312,-0.067870257719690949,-0.2948105796001419,8.7621779187526004e-05,2.8259862649723415e-05
3.0100631713867188,1790951871.2554231,0.00062704086303710938,0.034609879067047558,0,0,-0.024609142453120049,0.38664278919430384,-0.045430920429412401,0.052421999999999996,0.00096999999999999994,0.178507,-2.9152409028986486,1.2634438455186952,-2.8796187328654446,0.052397139207545587,0.00096730324224324898,0.17842302235604562,-0.29220649325996439,-0.045767107137005117,0.95525951301257628,-0.078326336719032275,0.99664386820035811,0.023790438306263872,-0.95314235572284312,-0.067870257719690949,-0.2948105796001419,8.7621779187526004e-05,2.8259862649723415e-05
3.0150620937347412,1790951871.260422,0.00060105323791503906,0.034609879067047558,0,0,-0.024609142453120049,0.38664278919430384,-0.045430920429412401,0.052421999999999996,0.00096999999999999994,0.178507,-2.9152409028986486,1.2634438455186952,-2.8796187328654446,0.052397139207545587,0.00096730324224324898,0.17842302235604562,-0.29220649325996439,-0.045767107137005117,0.95525951301257628,-0.078326336719032275,0.99664386820035811,0.023790438306263872,-0.95314235572284312,-0.067870257719690949,-0.2948105796001419,8.7621779187526004e-05,2.8259862649723415e-05
3.020064115524292,1790951871.265424,0.00062608718872070312,0.034609879067047558,0,0,-0.024609142453120049,0.38664278919430384,-0.045430920429412401,0.052421999999999996,0.00096999999999999994,0.178507,-2.9152409028986486,1.2634438455186952,-2.8796187328654446,0.052397139207545587,0.00096730324224324898,0.17842302235604562,-0.29220649325996439,-0.045767107137005117,0.95525951301257628,-0.078326336719032275,0.99664386820035811,0.023790438306263872,-0.95314235572284312,-0.067870257719690949,-0.2948105796001419,8.7621779187526004e-05,2.8259862649723415e-05
3.025062084197998,1790951871.270422,0.00060105323791503906,0.034609879067047558,0,0,-0.024609142453120049,0.38664278919430384,-0.045430920429412401,0.052421999999999996,0.00096999999999999994,0.178507,-2.9152409028986486,1.2634438455186952,-2.8796187328654446,0.052397139207545587,0.00096730324224324898,0.17842302235604562,-0.29220649325996439,-0.045767107137005117,0.95525951301257628,-0.078326336719032275,0.99664386820035811,0.023790438306263872,-0.95314235572284312,-0.067870257719690949,-0.2948105796001419,8.7621779187526004e-05,2.8259862649723415e-05
3.0300371646881104,1790951871.2753971,0.00059914588928222656,0.034609879067047558,0,0,-0.024609142453120049,0.38664278919430384,-0.045430920429412401,0.052421999999999996,0.00096999999999999994,0.178507,-2.9152409028986486,1.2634438455186952,-2.8796187328654446,0.052397139207545587,0.00096730324224324898,0.17842302235604562,-0.29220649325996439,-0.045767107137005117,0.95525951301257628,-0.078326336719032275,0.99664386820035811,0.023790438306263872,-0.95314235572284312,-0.067870257719690949,-0.2948105796001419,8.7621779187526004e-05,2.8259862649723415e-05
3.0350630283355713,1790951871.2804229,0.00062704086303710938,0.034609879067047558,0,0,-0.024609142453120049,0.38664278919430384,-0.045430920429412401,0.052421999999999996,0.00096999999999999994,0.178507,-2.9152409028986486,1.2634438455186952,-2.8796187328654446,0.052397139207545587,0.00096730324224324898,0.17842302235604562,-0.29220649325996439,-0.045767107137005117,0.95525951301257628,-0.078326336719032275,0.99664386820035811,0.023790438306263872,-0.95314235572284312,-0.067870257719690949,-0.2948105796001419,8.7621779187526004e-05,2.8259862649723415e-05
3.0400371551513672,1790951871.2853971,0.0005970001220703125,0.034609879067047558,0,0,-0.024609142453120049,0.38664278919430384,-0.045430920429412401,0.052421999999999996,0.00096999999999999994,0.178507,-2.9152409028986486,1.2634438455186952,-2.8796187328654446,0.052397139207545587,0.00096730324224324898,0.17842302235604562,-0.29220649325996439,-0.045767107137005117,0.95525951301257628,-0.078326336719032275,0.99664386820035811,0.023790438306263872,-0.95314235572284312,-0.067870257719690949,-0.2948105796001419,8.7621779187526004e-05,2.8259862649723415e-05
3.0450620651245117,1790951871.290422,0.000598907470703125,0.034609879067047558,0,0,-0.024609142453120049,0.38664278919430384,-0.045430920429412401,0.052421999999999996,0.00096999999999999994,0.178507,-2.9152409028986486,1.2634438455186952,-2.8796187328654446,0.052397139207545587,0.00096730324224324898,0.17842302235604562,-0.29220649325996439,-0.045767107137005117,0.95525951301257628,-0.078326336719032275,0.99664386820035811,0.023790438306263872,-0.95314235572284312,-0.067870257719690949,-0.2948105796001419,8.7621779187526004e-05,2.8259862649723415e-05
3.050037145614624,1790951871.295397,0.00057506561279296875,0.034609879067047558,0,0,-0.024609142453120049,0.38664278919430384,-0.045430920429412401,0.052421999999999996,0.00096999999999999994,0.178507,-2.9152409028986486,1.2634438455186952,-2.8796187328654446,0.052397139207545587,0.00096730324224324898,0.17842302235604562,-0.29220649325996439,-0.045767107137005117,0.95525951301257628,-0.078326336719032275,0.99664386820035811,0.023790438306263872,-0.95314235572284312,-0.067870257719690949,-0.2948105796001419,8.7621779187526004e-05,2.8259862649723415e-05
3.0550620555877686,1790951871.300422,0.00059986114501953125,0.034609879067047558,0,0,-0.024609142453120049,0.38664278919430384,-0.045430920429412401,0.052421999999999996,0.00096999999999999994,0.178507,-2.9152409028986486,1.2634438455186952,-2.8796187328654446,0.052397139207545587,0.00096730324224324898,0.17842302235604562,-0.29220649325996439,-0.045767107137005117,0.95525951301257628,-0.078326336719032275,0.99664386820035811,0.023790438306263872,-0.95314235572284312,-0.067870257719690949,-0.2948105796001419,8.7621779187526004e-05,2.8259862649723415e-05
3.0600361824035645,1790951871.3053961,0.00057101249694824219,0.034609879067047558,0,0,-0.024609142453120049,0.38664278919430384,-0.045430920429412401,0.052421999999999996,0.00096999999999999994,0.178507,-2.9152409028986486,1.2634438455186952,-2.8796187328654446,0.052397139207545587,0.00096730324224324898,0.17842302235604562,-0.29220649325996439,-0.045767107137005117,0.95525951301257628,-0.078326336719032275,0.99664386820035811,0.023790438306263872,-0.95314235572284312,-0.067870257719690949,-0.2948105796001419,8.7621779187526004e-05,2.8259862649723415e-05
3.065061092376709,1790951871.310421,0.000598907470703125,0.034609879067047558,0,0,-0.024609142453120049,0.38664278919430384,-0.045430920429412401,0.052421999999999996,0.00096999999999999994,0.178507,-2.9152409028986486,1.2634438455186952,-2.8796187328654446,0.052397139207545587,0.00096730324224324898,0.17842302235604562,-0.29220649325996439,-0.045767107137005117,0.95525951301257628,-0.078326336719032275,0.99664386820035811,0.023790438306263872,-0.95314235572284312,-0.067870257719690949,-0.2948105796001419,8.7621779187526004e-05,2.8259862649723415e-05
3.0700361728668213,1790951871.3153961,0.00059914588928222656,0.034609879067047558,0,0,-0.024609142453120049,0.38664278919430384,-0.045430920429412401,0.052421999999999996,0.00096999999999999994,0.178507,-2.9152409028986486,1.2634438455186952,-2.8796187328654446,0.052397139207545587,0.00096730324224324898,0.17842302235604562,-0.29220649325996439,-0.045767107137005117,0.95525951301257628,-0.078326336719032275,0.99664386820035811,0.023790438306263872,-0.95314235572284312,-0.067870257719690949,-0.2948105796001419,8.7621779187526004e-05,2.8259862649723415e-05
3.0750610828399658,1790951871.320421,0.000598907470703125,0.034609879067047558,0,0,-0.024609142453120049,0.38664278919430384,-0.045430920429412401,0.052421999999999996,0.00096999999999999994,0.178507,-2.9152409028986486,1.2634438455186952,-2.8796187328654446,0.052397139207545587,0.00096730324224324898,0.17842302235604562,-0.29220649325996439,-0.045767107137005117,0.95525951301257628,-0.078326336719032275,0.99664386820035811,0.023790438306263872,-0.95314235572284312,-0.067870257719690949,-0.2948105796001419,8.7621779187526004e-05,2.8259862649723415e-05
3.0800361633300781,1790951871.3253961,0.00060009956359863281,0.034609879067047558,0,0,-0.024609142453120049,0.38664278919430384,-0.045430920429412401,0.052421999999999996,0.00096999999999999994,0.178507,-2.9152409028986486,1.2634438455186952,-2.8796187328654446,0.052397139207545587,0.00096730324224324898,0.17842302235604562,-0.29220649325996439,-0.045767107137005117,0.95525951301257628,-0.078326336719032275,0.99664386820035811,0.023790438306263872,-0.95314235572284312,-0.067870257719690949,-0.2948105796001419,8.7621779187526004e-05,2.8259862649723415e-05
3.0850620269775391,1790951871.3304219,0.00061893463134765625,0.034609879067047558,0,0,-0.024609142453120049,0.38664278919430384,-0.045430920429412401,0.052421999999999996,0.00096999999999999994,0.178507,-2.9152409028986486,1.2634438455186952,-2.8796187328654446,0.052397139207545587,0.00096730324224324898,0.17842302235604562,-0.29220649325996439,-0.045767107137005117,0.95525951301257628,-0.078326336719032275,0.99664386820035811,0.023790438306263872,-0.95314235572284312,-0.067870257719690949,-0.2948105796001419,8.7621779187526004e-05,2.8259862649723415e-05
3.0900650024414062,1790951871.3354249,0.00063085556030273438,0.034609879067047558,0,0,-0.024609142453120049,0.38664278919430384,-0.045430920429412401,0.052421999999999996,0.00096999999999999994,0.178507,-2.9152409028986486,1.2634438455186952,-2.8796187328654446,0.052397139207545587,0.00096730324224324898,0.17842302235604562,-0.29220649325996439,-0.045767107137005117,0.95525951301257628,-0.078326336719032275,0.99664386820035811,0.023790438306263872,-0.95314235572284312,-0.067870257719690949,-0.2948105796001419,8.7621779187526004e-05,2.8259862649723415e-05
3.0950651168823242,1790951871.340425,0.00060296058654785156,0.034609879067047558,0,0,-0.024609142453120049,0.38664278919430384,-0.045430920429412401,0.052421999999999996,0.00096999999999999994,0.178507,-2.9152409028986486,1.2634438455186952,-2.8796187328654446,0.052397139207545587,0.00096730324224324898,0.17842302235604562,-0.29220649325996439,-0.045767107137005117,0.95525951301257628,-0.078326336719032275,0.99664386820035811,0.023790438306263872,-0.95314235572284312,-0.067870257719690949,-0.2948105796001419,8.7621779187526004e-05,2.8259862649723415e-05
3.1000621318817139,1790951871.345422,0.00062298774719238281,0.034609879067047558,0,0,-0.024609142453120049,0.38664278919430384,-0.045430920429412401,0.052421999999999996,0.00096999999999999994,0.178507,-2.9152409028986486,1.2634438455186952,-2.8796187328654446,0.052397139207545587,0.00096730324224324898,0.17842302235604562,-0.29220649325996439,-0.045767107137005117,0.95525951301257628,-0.078326336719032275,0.99664386820035811,0.023790438306263872,-0.95314235572284312,-0.067870257719690949,-0.2948105796001419,8.7621779187526004e-05,2.8259862649723415e-05
3.1050620079040527,1790951871.3504219,0.00059986114501953125,0.034609879067047558,0,0,-0.024609142453120049,0.38664278919430384,-0.045430920429412401,0.052421999999999996,0.00096999999999999994,0.178507,-2.9152409028986486,1.2634438455186952,-2.8796187328654446,0.052397139207545587,0.00096730324224324898,0.17842302235604562,-0.29220649325996439,-0.045767107137005117,0.95525951301257628,-0.078326336719032275,0.99664386820035811,0.023790438306263872,-0.95314235572284312,-0.067870257719690949,-0.2948105796001419,8.7621779187526004e-05,2.8259862649723415e-05
3.1100621223449707,1790951871.355422,0.00062513351440429688,0.034609879067047558,0,0,-0.024609142453120049,0.38664278919430384,-0.045430920429412401,0.052421999999999996,0.00096999999999999994,0.178507,-2.9152409028986486,1.2634438455186952,-2.8796187328654446,0.052397139207545587,0.00096730324224324898,0.17842302235604562,-0.29220649325996439,-0.045767107137005117,0.95525951301257628,-0.078326336719032275,0.99664386820035811,0.023790438306263872,-0.95314235572284312,-0.067870257719690949,-0.2948105796001419,8.7621779187526004e-05,2.8259862649723415e-05
3.1150619983673096,1790951871.3604219,0.00062489509582519531,0.034609879067047558,0,0,-0.024609142453120049,0.38664278919430384,-0.045430920429412401,0.052421999999999996,0.00096999999999999994,0.178507,-2.9152409028986486,1.2634438455186952,-2.8796187328654446,0.052397139207545587,0.00096730324224324898,0.17842302235604562,-0.29220649325996439,-0.045767107137005117,0.95525951301257628,-0.078326336719032275,0.99664386820035811,0.023790438306263872,-0.95314235572284312,-0.067870257719690949,-0.2948105796001419,8.7621779187526004e-05,2.8259862649723415e-05
3.1200370788574219,1790951871.365397,0.00059986114501953125,0.034609879067047558,0,0,-0.024609142453120049,0.38664278919430384,-0.045430920429412401,0.052421999999999996,0.00096999999999999994,0.178507,-2.9152409028986486,1.2634438455186952,-2.8796187328654446,0.052397139207545587,0.00096730324224324898,0.17842302235604562,-0.29220649325996439,-0.045767107137005117,0.95525951301257628,-0.078326336719032275,0.99664386820035811,0.023790438306263872,-0.95314235572284312,-0.067870257719690949,-0.2948105796001419,8.7621779187526004e-05,2.8259862649723415e-05
3.1250619888305664,1790951871.3704219,0.0006008148193359375,0.034609879067047558,0,0,-0.024609142453120049,0.38664278919430384,-0.045430920429412401,0.052421999999999996,0.00096999999999999994,0.178507,-2.9152409028986486,1.2634438455186952,-2.8796187328654446,0.052397139207545587,0.00096730324224324898,0.17842302235604562,-0.29220649325996439,-0.045767107137005117,0.95525951301257628,-0.078326336719032275,0.99664386820035811,0.023790438306263872,-0.95314235572284312,-0.067870257719690949,-0.2948105796001419,8.7621779187526004e-05,2.8259862649723415e-05
3.1300370693206787,1790951871.375397,0.00059795379638671875,0.034609879067047558,0,0,-0.024609142453120049,0.38664278919430384,-0.045430920429412401,0.052421999999999996,0.00096999999999999994,0.178507,-2.9152409028986486,1.2634438455186952,-2.8796187328654446,0.052397139207545587,0.00096730324224324898,0.17842302235604562,-0.29220649325996439,-0.045767107137005117,0.95525951301257628,-0.078326336719032275,0.99664386820035811,0.023790438306263872,-0.95314235572284312,-0.067870257719690949,-0.2948105796001419,8.7621779187526004e-05,2.8259862649723415e-05
3.1350641250610352,1790951871.380424,0.00060200691223144531,0.034609879067047558,0,0,-0.024609142453120049,0.38664278919430384,-0.045430920429412401,0.052421999999999996,0.00096999999999999994,0.178507,-2.9152409028986486,1.2634438455186952,-2.8796187328654446,0.052397139207545587,0.00096730324224324898,0.17842302235604562,-0.29220649325996439,-0.045767107137005117,0.95525951301257628,-0.078326336719032275,0.99664386820035811,0.023790438306263872,-0.95314235572284312,-0.067870257719690949,-0.2948105796001419,8.7621779187526004e-05,2.8259862649723415e-05
3.1400370597839355,1790951871.385397,0.000598907470703125,0.034609879067047558,0,0,-0.024609142453120049,0.38664278919430384,-0.045430920429412401,0.052421999999999996,0.00096999999999999994,0.178507,-2.9152409028986486,1.2634438455186952,-2.8796187328654446,0.052397139207545587,0.00096730324224324898,0.17842302235604562,-0.29220649325996439,-0.045767107137005117,0.95525951301257628,-0.078326336719032275,0.99664386820035811,0.023790438306263872,-0.95314235572284312,-0.067870257719690949,-0.2948105796001419,8.7621779187526004e-05,2.8259862649723415e-05
3.145064115524292,1790951871.390424,0.00060200691223144531,0.034609879067047558,0,0,-0.024609142453120049,0.38664278919430384,-0.045430920429412401,0.052421999999999996,0.00096999999999999994,0.178507,-2.9152409028986486,1.2634438455186952,-2.8796187328654446,0.052397139207545587,0.00096730324224324898,0.17842302235604562,-0.29220649325996439,-0.045767107137005117,0.95525951301257628,-0.078326336719032275,0.99664386820035811,0.023790438306263872,-0.95314235572284312,-0.067870257719690949,-0.2948105796001419,8.7621779187526004e-05,2.8259862649723415e-05
3.1500639915466309,1790951871.3954239,0.00062680244445800781,0.034609879067047558,0,0,-0.024609142453120049,0.38664278919430384,-0.045430920429412401,0.052421999999999996,0.00096999999999999994,0.178507,-2.9152409028986486,1.2634438455186952,-2.8796187328654446,0.052397139207545587,0.00096730324224324898,0.17842302235604562,-0.29220649325996439,-0.045767107137005117,0.95525951301257628,-0.078326336719032275,0.99664386820035811,0.023790438306263872,-0.95314235572284312,-0.067870257719690949,-0.2948105796001419,8.7621779187526004e-05,2.8259862649723415e-05
3.155062198638916,1790951871.4004221,0.00060009956359863281,0.034609879067047558,0,0,-0.024609142453120049,0.38664278919430384,-0.045430920429412401,0.052421999999999996,0.00096999999999999994,0.178507,-2.9152409028986486,1.2634438455186952,-2.8796187328654446,0.052397139207545587,0.00096730324224324898,0.17842302235604562,-0.29220649325996439,-0.045767107137005117,0.95525951301257628,-0.078326336719032275,0.99664386820035811,0.023790438306263872,-0.95314235572284312,-0.067870257719690949,-0.2948105796001419,8.7621779187526004e-05,2.8259862649723415e-05
3.1600370407104492,1790951871.4053969,0.00057482719421386719,0.034609879067047558,0,0,-0.024609142453120049,0.38664278919430384,-0.045430920429412401,0.052421999999999996,0.00096999999999999994,0.178507,-2.9152409028986486,1.2634438455186952,-2.8796187328654446,0.052397139207545587,0.00096730324224324898,0.17842302235604562,-0.29220649325996439,-0.045767107137005117,0.95525951301257628,-0.078326336719032275,0.99664386820035811,0.023790438306263872,-0.95314235572284312,-0.067870257719690949,-0.2948105796001419,8.7621779187526004e-05,2.8259862649723415e-05
3.1650621891021729,1790951871.4104221,0.00060009956359863281,0.034609879067047558,0,0,-0.024609142453120049,0.38664278919430384,-0.045430920429412401,0.052421999999999996,0.00096999999999999994,0.178507,-2.9152409028986486,1.2634438455186952,-2.8796187328654446,0.052397139207545587,0.00096730324224324898,0.17842302235604562,-0.29220649325996439,-0.045767107137005117,0.95525951301257628,-0.078326336719032275,0.99664386820035811,0.023790438306263872,-0.95314235572284312,-0.067870257719690949,-0.2948105796001419,8.7621779187526004e-05,2.8259862649723415e-05
3.1700620651245117,1790951871.415422,0.00062584877014160156,0.034609879067047558,0,0,-0.024609142453120049,0.38664278919430384,-0.045430920429412401,0.052421999999999996,0.00096999999999999994,0.178507,-2.9152409028986486,1.2634438455186952,-2.8796187328654446,0.052397139207545587,0.00096730324224324898,0.17842302235604562,-0.29220649325996439,-0.045767107137005117,0.95525951301257628,-0.078326336719032275,0.99664386820035811,0.023790438306263872,-0.95314235572284312,-0.067870257719690949,-0.2948105796001419,8.7621779187526004e-05,2.8259862649723415e-05
3.1750640869140625,1790951871.420424,0.00060105323791503906,0.034609879067047558,0,0,-0.024609142453120049,0.38664278919430384,-0.045430920429412401,0.052421999999999996,0.00096999999999999994,0.178507,-2.9152409028986486,1.2634438455186952,-2.8796187328654446,0.052397139207545587,0.00096730324224324898,0.17842302235604562,-0.29220649325996439,-0.045767107137005117,0.95525951301257628,-0.078326336719032275,0.99664386820035811,0.023790438306263872,-0.95314235572284312,-0.067870257719690949,-0.2948105796001419,8.7621779187526004e-05,2.8259862649723415e-05
3.180063009262085,1790951871.4254229,0.00062298774719238281,0.034609879067047558,0,0,-0.024609142453120049,0.38664278919430384,-0.045430920429412401,0.052421999999999996,0.00096999999999999994,0.178507,-2.9152409028986486,1.2634438455186952,-2.8796187328654446,0.052397139207545587,0.00096730324224324898,0.17842302235604562,-0.29220649325996439,-0.045767107137005117,0.95525951301257628,-0.078326336719032275,0.99664386820035811,0.023790438306263872,-0.95314235572284312,-0.067870257719690949,-0.2948105796001419,8.7621779187526004e-05,2.8259862649723415e-05
3.1850631237030029,1790951871.430423,0.00060009956359863281,0.034609879067047558,0,0,-0.024609142453120049,0.38664278919430384,-0.045430920429412401,0.052421999999999996,0.00096999999999999994,0.178507,-2.9152409028986486,1.2634438455186952,-2.8796187328654446,0.052397139207545587,0.00096730324224324898,0.17842302235604562,-0.29220649325996439,-0.045767107137005117,0.95525951301257628,-0.078326336719032275,0.99664386820035811,0.023790438306263872,-0.95314235572284312,-0.067870257719690949,-0.2948105796001419,8.7621779187526004e-05,2.8259862649723415e-05
3.1900620460510254,1790951871.4354219,0.00062489509582519531,0.034609879067047558,0,0,-0.024609142453120049,0.38664278919430384,-0.045430920429412401,0.052421999999999996,0.00096999999999999994,0.178507,-2.9152409028986486,1.2634438455186952,-2.8796187328654446,0.052397139207545587,0.00096730324224324898,0.17842302235604562,-0.29220649325996439,-0.045767107137005117,0.95525951301257628,-0.078326336719032275,0.99664386820035811,0.023790438306263872,-0.95314235572284312,-0.067870257719690949,-0.2948105796001419,8.7621779187526004e-05,2.8259862649723415e-05
3.1950631141662598,1790951871.440423,0.00060105323791503906,0.034609879067047558,0,0,-0.024609142453120049,0.38664278919430384,-0.045430920429412401,0.052421999999999996,0.00096999999999999994,0.178507,-2.9152409028986486,1.2634438455186952,-2.8796187328654446,0.052397139207545587,0.00096730324224324898,0.17842302235604562,-0.29220649325996439,-0.045767107137005117,0.95525951301257628,-0.078326336719032275,0.99664386820035811,0.023790438306263872,-0.95314235572284312,-0.067870257719690949,-0.2948105796001419,8.7621779187526004e-05,2.8259862649723415e-05
3.2000651359558105,1790951871.445425,0.00062799453735351562,0.034609879067047558,0,0,-0.024609142453120049,0.38664278919430384,-0.045430920429412401,0.052421999999999996,0.00096999999999999994,0.178507,-2.9152409028986486,1.2634438455186952,-2.8796187328654446,0.052397139207545587,0.00096730324224324898,0.17842302235604562,-0.29220649325996439,-0.045767107137005117,0.95525951301257628,-0.078326336719032275,0.99664386820035811,0.023790438306263872,-0.95314235572284312,-0.067870257719690949,-0.2948105796001419,8.7621779187526004e-05,2.8259862649723415e-05
3.2050690650939941,1790951871.450429,0.00063085556030273438,0.034609879067047558,0,0,-0.024609142453120049,0.38664278919430384,-0.045430920429412401,0.052421999999999996,0.00096999999999999994,0.178507,-2.9152409028986486,1.2634438455186952,-2.8796187328654446,0.052397139207545587,0.00096730324224324898,0.17842302235604562,-0.29220649325996439,-0.045767107137005117,0.95525951301257628,-0.078326336719032275,0.99664386820035811,0.023790438306263872,-0.95314235572284312,-0.067870257719690949,-0.2948105796001419,8.7621779187526004e-05,2.8259862649723415e-05
3.2100400924682617,1790951871.4554,0.00057888031005859375,0.034609879067047558,0,0,-0.024609142453120049,0.38664278919430384,-0.045430920429412401,0.052421999999999996,0.00096999999999999994,0.178507,-2.9152409028986486,1.2634438455186952,-2.8796187328654446,0.052397139207545587,0.00096730324224324898,0.17842302235604562,-0.29220649325996439,-0.045767107137005117,0.95525951301257628,-0.078326336719032275,0.99664386820035811,0.023790438306263872,-0.95314235572284312,-0.067870257719690949,-0.2948105796001419,8.7621779187526004e-05,2.8259862649723415e-05
3.215062141418457,1790951871.460422,0.00059914588928222656,0.034609879067047558,0,0,-0.024609142453120049,0.38664278919430384,-0.045430920429412401,0.052421999999999996,0.00096999999999999994,0.178507,-2.9152409028986486,1.2634438455186952,-2.8796187328654446,0.052397139207545587,0.00096730324224324898,0.17842302235604562,-0.29220649325996439,-0.045767107137005117,0.95525951301257628,-0.078326336719032275,0.99664386820035811,0.023790438306263872,-0.95314235572284312,-0.067870257719690949,-0.2948105796001419,8.7621779187526004e-05,2.8259862649723415e-05
3.2200391292572021,1790951871.465399,0.00057697296142578125,0.034609879067047558,0,0,-0.024609142453120049,0.38664278919430384,-0.045430920429412401,0.052421999999999996,0.00096999999999999994,0.178507,-2.9152409028986486,1.2634438455186952,-2.8796187328654446,0.052397139207545587,0.00096730324224324898,0.17842302235604562,-0.29220649325996439,-0.045767107137005117,0.95525951301257628,-0.078326336719032275,0.99664386820035811,0.023790438306263872,-0.95314235572284312,-0.067870257719690949,-0.2948105796001419,8.7621779187526004e-05,2.8259862649723415e-05
3.2250680923461914,1790951871.470428,0.00060701370239257812,0.034609879067047558,0,0,-0.024609142453120049,0.38664278919430384,-0.045430920429412401,0.052421999999999996,0.00096999999999999994,0.178507,-2.9152409028986486,1.2634438455186952,-2.8796187328654446,0.052397139207545587,0.00096730324224324898,0.17842302235604562,-0.29220649325996439,-0.045767107137005117,0.95525951301257628,-0.078326336719032275,0.99664386820035811,0.023790438306263872,-0.95314235572284312,-0.067870257719690949,-0.2948105796001419,8.7621779187526004e-05,2.8259862649723415e-05
3.2300372123718262,1790951871.4753971,0.000576019287109375,0.034609879067047558,0,0,-0.024609142453120049,0.38664278919430384,-0.045430920429412401,0.052421999999999996,0.00096999999999999994,0.178507,-2.9152409028986486,1.2634438455186952,-2.8796187328654446,0.052397139207545587,0.00096730324224324898,0.17842302235604562,-0.29220649325996439,-0.045767107137005117,0.95525951301257628,-0.078326336719032275,0.99664386820035811,0.023790438306263872,-0.95314235572284312,-0.067870257719690949,-0.2948105796001419,8.7621779187526004e-05,2.8259862649723415e-05
3.2350630760192871,1790951871.480423,0.00060105323791503906,0.034609879067047558,0,0,-0.024609142453120049,0.38664278919430384,-0.045430920429412401,0.052421999999999996,0.00096999999999999994,0.178507,-2.9152409028986486,1.2634438455186952,-2.8796187328654446,0.052397139207545587,0.00096730324224324898,0.17842302235604562,-0.29220649325996439,-0.045767107137005117,0.95525951301257628,-0.078326336719032275,0.99664386820035811,0.023790438306263872,-0.95314235572284312,-0.067870257719690949,-0.2948105796001419,8.7621779187526004e-05,2.8259862649723415e-05
3.2400631904602051,1790951871.4854231,0.00062608718872070312,0.034609879067047558,0,0,-0.024609142453120049,0.38664278919430384,-0.045430920429412401,0.052421999999999996,0.00096999999999999994,0.178507,-2.9152409028986486,1.2634438455186952,-2.8796187328654446,0.052397139207545587,0.00096730324224324898,0.17842302235604562,-0.29220649325996439,-0.045767107137005117,0.95525951301257628,-0.078326336719032275,0.99664386820035811,0.023790438306263872,-0.95314235572284312,-0.067870257719690949,-0.2948105796001419,8.7621779187526004e-05,2.8259862649723415e-05
3.2450652122497559,1790951871.4904251,0.00060415267944335938,0.034609879067047558,0,0,-0.024609142453120049,0.38664278919430384,-0.045430920429412401,0.052421999999999996,0.00096999999999999994,0.178507,-2.9152409028986486,1.2634438455186952,-2.8796187328654446,0.052397139207545587,0.00096730324224324898,0.17842302235604562,-0.29220649325996439,-0.045767107137005117,0.95525951301257628,-0.078326336719032275,0.99664386820035811,0.023790438306263872,-0.95314235572284312,-0.067870257719690949,-0.2948105796001419,8.7621779187526004e-05,2.8259862649723415e-05
3.2500371932983398,1790951871.4953971,0.00057101249694824219,0.034609879067047558,0,0,-0.024609142453120049,0.38664278919430384,-0.045430920429412401,0.052421999999999996,0.00096999999999999994,0.178507,-2.9152409028986486,1.2634438455186952,-2.8796187328654446,0.052397139207545587,0.00096730324224324898,0.17842302235604562,-0.29220649325996439,-0.045767107137005117,0.95525951301257628,-0.078326336719032275,0.99664386820035811,0.023790438306263872,-0.95314235572284312,-0.067870257719690949,-0.2948105796001419,8.7621779187526004e-05,2.8259862649723415e-05
3.2550640106201172,1790951871.5004239,0.00060296058654785156,0.034609879067047558,0,0,-0.024609142453120049,0.38664278919430384,-0.045430920429412401,0.052421999999999996,0.00096999999999999994,0.178507,-2.9152409028986486,1.2634438455186952,-2.8796187328654446,0.052397139207545587,0.00096730324224324898,0.17842302235604562,-0.29220649325996439,-0.045767107137005117,0.95525951301257628,-0.078326336719032275,0.99664386820035811,0.023790438306263872,-0.95314235572284312,-0.067870257719690949,-0.2948105796001419,8.7621779187526004e-05,2.8259862649723415e-05
3.2600610256195068,1790951871.5054209,0.00062084197998046875,0.034609879067047558,0,0,-0.024609142453120049,0.38664278919430384,-0.045430920429412401,0.052421999999999996,0.00096999999999999994,0.178507,-2.9152409028986486,1.2634438455186952,-2.8796187328654446,0.052397139207545587,0.00096730324224324898,0.17842302235604562,-0.29220649325996439,-0.045767107137005117,0.95525951301257628,-0.078326336719032275,0.99664386820035811,0.023790438306263872,-0.95314235572284312,-0.067870257719690949,-0.2948105796001419,8.7621779187526004e-05,2.8259862649723415e-05
3.265064001083374,1790951871.5104239,0.00060296058654785156,0.034609879067047558,0,0,-0.024609142453120049,0.38664278919430384,-0.045430920429412401,0.052421999999999996,0.00096999999999999994,0.178507,-2.9152409028986486,1.2634438455186952,-2.8796187328654446,0.052397139207545587,0.00096730324224324898,0.17842302235604562,-0.29220649325996439,-0.045767107137005117,0.95525951301257628,-0.078326336719032275,0.99664386820035811,0.023790438306263872,-0.95314235572284312,-0.067870257719690949,-0.2948105796001419,8.7621779187526004e-05,2.8259862649723415e-05
3.2700631618499756,1790951871.5154231,0.00062012672424316406,0.034609879067047558,0,0,-0.024609142453120049,0.38664278919430384,-0.045430920429412401,0.052421999999999996,0.00096999999999999994,0.178507,-2.9152409028986486,1.2634438455186952,-2.8796187328654446,0.052397139207545587,0.00096730324224324898,0.17842302235604562,-0.29220649325996439,-0.045767107137005117,0.95525951301257628,-0.078326336719032275,0.99664386820035811,0.023790438306263872,-0.95314235572284312,-0.067870257719690949,-0.2948105796001419,8.7621779187526004e-05,2.8259862649723415e-05
3.2750630378723145,1790951871.5204229,0.00059986114501953125,0.034609879067047558,0,0,-0.024609142453120049,0.38664278919430384,-0.045430920429412401,0.052421999999999996,0.00096999999999999994,0.178507,-2.9152409028986486,1.2634438455186952,-2.8796187328654446,0.052397139207545587,0.00096730324224324898,0.17842302235604562,-0.29220649325996439,-0.045767107137005117,0.95525951301257628,-0.078326336719032275,0.99664386820035811,0.023790438306263872,-0.95314235572284312,-0.067870257719690949,-0.2948105796001419,8.7621779187526004e-05,2.8259862649723415e-05
3.2800390720367432,1790951871.525399,0.00060105323791503906,0.034609879067047558,0,0,-0.024609142453120049,0.38664278919430384,-0.045430920429412401,0.052421999999999996,0.00096999999999999994,0.178507,-2.9152409028986486,1.2634438455186952,-2.8796187328654446,0.052397139207545587,0.00096730324224324898,0.17842302235604562,-0.29220649325996439,-0.045767107137005117,0.95525951301257628,-0.078326336719032275,0.99664386820035811,0.023790438306263872,-0.95314235572284312,-0.067870257719690949,-0.2948105796001419,8.7621779187526004e-05,2.8259862649723415e-05
3.2850611209869385,1790951871.530421,0.00059795379638671875,0.034609879067047558,0,0,-0.024609142453120049,0.38664278919430384,-0.045430920429412401,0.052421999999999996,0.00096999999999999994,0.178507,-2.9152409028986486,1.2634438455186952,-2.8796187328654446,0.052397139207545587,0.00096730324224324898,0.17842302235604562,-0.29220649325996439,-0.045767107137005117,0.95525951301257628,-0.078326336719032275,0.99664386820035811,0.023790438306263872,-0.95314235572284312,-0.067870257719690949,-0.2948105796001419,8.7621779187526004e-05,2.8259862649723415e-05
3.2900640964508057,1790951871.535424,0.00062704086303710938,0.034609879067047558,0,0,-0.024609142453120049,0.38664278919430384,-0.045430920429412401,0.052421999999999996,0.00096999999999999994,0.178507,-2.9152409028986486,1.2634438455186952,-2.8796187328654446,0.052397139207545587,0.00096730324224324898,0.17842302235604562,-0.29220649325996439,-0.045767107137005117,0.95525951301257628,-0.078326336719032275,0.99664386820035811,0.023790438306263872,-0.95314235572284312,-0.067870257719690949,-0.2948105796001419,8.7621779187526004e-05,2.8259862649723415e-05
3.2950642108917236,1790951871.5404241,0.00062608718872070312,0.034609879067047558,0,0,-0.024609142453120049,0.38664278919430384,-0.045430920429412401,0.052421999999999996,0.00096999999999999994,0.178507,-2.9152409028986486,1.2634438455186952,-2.8796187328654446,0.052397139207545587,0.00096730324224324898,0.17842302235604562,-0.29220649325996439,-0.045767107137005117,0.95525951301257628,-0.078326336719032275,0.99664386820035811,0.023790438306263872,-0.95314235572284312,-0.067870257719690949,-0.2948105796001419,8.7621779187526004e-05,2.8259862649723415e-05
3.3000380992889404,1790951871.545398,0.00057506561279296875,0.034609879067047558,0,0,-0.024609142453120049,0.38664278919430384,-0.045430920429412401,0.052421999999999996,0.00096999999999999994,0.178507,-2.9152409028986486,1.2634438455186952,-2.8796187328654446,0.052397139207545587,0.00096730324224324898,0.17842302235604562,-0.29220649325996439,-0.045767107137005117,0.95525951301257628,-0.078326336719032275,0.99664386820035811,0.023790438306263872,-0.95314235572284312,-0.067870257719690949,-0.2948105796001419,8.7621779187526004e-05,2.8259862649723415e-05
3.3050651550292969,1790951871.5504251,0.00060296058654785156,0.034609879067047558,0,0,-0.024609142453120049,0.38664278919430384,-0.045430920429412401,0.052421999999999996,0.00096999999999999994,0.178507,-2.9152409028986486,1.2634438455186952,-2.8796187328654446,0.052397139207545587,0.00096730324224324898,0.17842302235604562,-0.29220649325996439,-0.045767107137005117,0.95525951301257628,-0.078326336719032275,0.99664386820035811,0.023790438306263872,-0.95314235572284312,-0.067870257719690949,-0.2948105796001419,8.7621779187526004e-05,2.8259862649723415e-05
3.3100631237030029,1790951871.555423,0.00062513351440429688,0.034609879067047558,0,0,-0.024609142453120049,0.38664278919430384,-0.045430920429412401,0.052421999999999996,0.00096999999999999994,0.178507,-2.9152409028986486,1.2634438455186952,-2.8796187328654446,0.052397139207545587,0.00096730324224324898,0.17842302235604562,-0.29220649325996439,-0.045767107137005117,0.95525951301257628,-0.078326336719032275,0.99664386820035811,0.023790438306263872,-0.95314235572284312,-0.067870257719690949,-0.2948105796001419,8.7621779187526004e-05,2.8259862649723415e-05
3.3150641918182373,1790951871.5604241,0.00060105323791503906,0.034609879067047558,0,0,-0.024609142453120049,0.38664278919430384,-0.045430920429412401,0.052421999999999996,0.00096999999999999994,0.178507,-2.9152409028986486,1.2634438455186952,-2.8796187328654446,0.052397139207545587,0.00096730324224324898,0.17842302235604562,-0.29220649325996439,-0.045767107137005117,0.95525951301257628,-0.078326336719032275,0.99664386820035811,0.023790438306263872,-0.95314235572284312,-0.067870257719690949,-0.2948105796001419,8.7621779187526004e-05,2.8259862649723415e-05
3.3200650215148926,1790951871.5654249,0.00062298774719238281,0.034609879067047558,0,0,-0.024609142453120049,0.38664278919430384,-0.045430920429412401,0.052421999999999996,0.00096999999999999994,0.178507,-2.9152409028986486,1.2634438455186952,-2.8796187328654446,0.052397139207545587,0.00096730324224324898,0.17842302235604562,-0.29220649325996439,-0.045767107137005117,0.95525951301257628,-0.078326336719032275,0.99664386820035811,0.023790438306263872,-0.95314235572284312,-0.067870257719690949,-0.2948105796001419,8.7621779187526004e-05,2.8259862649723415e-05
3.3250629901885986,1790951871.5704229,0.00059986114501953125,0.034609879067047558,0,0,-0.024609142453120049,0.38664278919430384,-0.045430920429412401,0.052421999999999996,0.00096999999999999994,0.178507,-2.9152409028986486,1.2634438455186952,-2.8796187328654446,0.052397139207545587,0.00096730324224324898,0.17842302235604562,-0.29220649325996439,-0.045767107137005117,0.95525951301257628,-0.078326336719032275,0.99664386820035811,0.023790438306263872,-0.95314235572284312,-0.067870257719690949,-0.2948105796001419,8.7621779187526004e-05,2.8259862649723415e-05
3.3300402164459229,1790951871.5754001,0.00057315826416015625,0.034609879067047558,0,0,-0.024609142453120049,0.38664278919430384,-0.045430920429412401,0.052421999999999996,0.00096999999999999994,0.178507,-2.9152409028986486,1.2634438455186952,-2.8796187328654446,0.052397139207545587,0.00096730324224324898,0.17842302235604562,-0.29220649325996439,-0.045767107137005117,0.95525951301257628,-0.078326336719032275,0.99664386820035811,0.023790438306263872,-0.95314235572284312,-0.067870257719690949,-0.2948105796001419,8.7621779187526004e-05,2.8259862649723415e-05
3.3350632190704346,1790951871.5804231,0.00060009956359863281,0.034609879067047558,0,0,-0.024609142453120049,0.38664278919430384,-0.045430920429412401,0.052421999999999996,0.00096999999999999994,0.178507,-2.9152409028986486,1.2634438455186952,-2.8796187328654446,0.052397139207545587,0.00096730324224324898,0.17842302235604562,-0.29220649325996439,-0.045767107137005117,0.95525951301257628,-0.078326336719032275,0.99664386820035811,0.023790438306263872,-0.95314235572284312,-0.067870257719690949,-0.2948105796001419,8.7621779187526004e-05,2.8259862649723415e-05
3.3400402069091797,1790951871.5854001,0.00058913230895996094,0.034609879067047558,0,0,-0.024609142453120049,0.38664278919430384,-0.045430920429412401,0.052421999999999996,0.00096999999999999994,0.178507,-2.9152409028986486,1.2634438455186952,-2.8796187328654446,0.052397139207545587,0.00096730324224324898,0.17842302235604562,-0.29220649325996439,-0.045767107137005117,0.95525951301257628,-0.078326336719032275,0.99664386820035811,0.023790438306263872,-0.95314235572284312,-0.067870257719690949,-0.2948105796001419,8.7621779187526004e-05,2.8259862649723415e-05
3.3450651168823242,1790951871.590425,0.00061798095703125,0.034609879067047558,0,0,-0.024609142453120049,0.38664278919430384,-0.045430920429412401,0.052421999999999996,0.00096999999999999994,0.178507,-2.9152409028986486,1.2634438455186952,-2.8796187328654446,0.052397139207545587,0.00096730324224324898,0.17842302235604562,-0.29220649325996439,-0.045767107137005117,0.95525951301257628,-0.078326336719032275,0.99664386820035811,0.023790438306263872,-0.95314235572284312,-0.067870257719690949,-0.2948105796001419,8.7621779187526004e-05,2.8259862649723415e-05
3.3500370979309082,1790951871.595397,0.000598907470703125,0.034609879067047558,0,0,-0.024609142453120049,0.38664278919430384,-0.045430920429412401,0.052421999999999996,0.00096999999999999994,0.178507,-2.9152409028986486,1.2634438455186952,-2.8796187328654446,0.052397139207545587,0.00096730324224324898,0.17842302235604562,-0.29220649325996439,-0.045767107137005117,0.95525951301257628,-0.078326336719032275,0.99664386820035811,0.023790438306263872,-0.95314235572284312,-0.067870257719690949,-0.2948105796001419,8.7621779187526004e-05,2.8259862649723415e-05
3.3550651073455811,1790951871.600425,0.00060296058654785156,0.034609879067047558,0,0,-0.024609142453120049,0.38664278919430384,-0.045430920429412401,0.052421999999999996,0.00096999999999999994,0.178507,-2.9152409028986486,1.2634438455186952,-2.8796187328654446,0.052397139207545587,0.00096730324224324898,0.17842302235604562,-0.29220649325996439,-0.045767107137005117,0.95525951301257628,-0.078326336719032275,0.99664386820035811,0.023790438306263872,-0.95314235572284312,-0.067870257719690949,-0.2948105796001419,8.7621779187526004e-05,2.8259862649723415e-05
3.3600649833679199,1790951871.6054249,0.00062680244445800781,0.034609879067047558,0,0,-0.024609142453120049,0.38664278919430384,-0.045430920429412401,0.052421999999999996,0.00096999999999999994,0.178507,-2.9152409028986486,1.2634438455186952,-2.8796187328654446,0.052397139207545587,0.00096730324224324898,0.17842302235604562,-0.29220649325996439,-0.045767107137005117,0.95525951301257628,-0.078326336719032275,0.99664386820035811,0.023790438306263872,-0.95314235572284312,-0.067870257719690949,-0.2948105796001419,8.7621779187526004e-05,2.8259862649723415e-05
3.3650650978088379,1790951871.610425,0.00060105323791503906,0.034609879067047558,0,0,-0.024609142453120049,0.38664278919430384,-0.045430920429412401,0.052421999999999996,0.00096999999999999994,0.178507,-2.9152409028986486,1.2634438455186952,-2.8796187328654446,0.052397139207545587,0.00096730324224324898,0.17842302235604562,-0.29220649325996439,-0.045767107137005117,0.95525951301257628,-0.078326336719032275,0.99664386820035811,0.023790438306263872,-0.95314235572284312,-0.067870257719690949,-0.2948105796001419,8.7621779187526004e-05,2.8259862649723415e-05
3.3700640201568604,1790951871.6154239,0.00062298774719238281,0.034609879067047558,0,0,-0.024609142453120049,0.38664278919430384,-0.045430920429412401,0.052421999999999996,0.00096999999999999994,0.178507,-2.9152409028986486,1.2634438455186952,-2.8796187328654446,0.052397139207545587,0.00096730324224324898,0.17842302235604562,-0.29220649325996439,-0.045767107137005117,0.95525951301257628,-0.078326336719032275,0.99664386820035811,0.023790438306263872,-0.95314235572284312,-0.067870257719690949,-0.2948105796001419,8.7621779187526004e-05,2.8259862649723415e-05
3.3750660419464111,1790951871.6204259,0.00060296058654785156,0.034609879067047558,0,0,-0.024609142453120049,0.38664278919430384,-0.045430920429412401,0.052421999999999996,0.00096999999999999994,0.178507,-2.9152409028986486,1.2634438455186952,-2.8796187328654446,0.052397139207545587,0.00096730324224324898,0.17842302235604562,-0.29220649325996439,-0.045767107137005117,0.95525951301257628,-0.078326336719032275,0.99664386820035811,0.023790438306263872,-0.95314235572284312,-0.067870257719690949,-0.2948105796001419,8.7621779187526004e-05,2.8259862649723415e-05
3.3800380229949951,1790951871.6253979,0.00059199333190917969,0.034609879067047558,0,0,-0.024609142453120049,0.38664278919430384,-0.045430920429412401,0.052421999999999996,0.00096999999999999994,0.178507,-2.9152409028986486,1.2634438455186952,-2.8796187328654446,0.052397139207545587,0.00096730324224324898,0.17842302235604562,-0.29220649325996439,-0.045767107137005117,0.95525951301257628,-0.078326336719032275,0.99664386820035811,0.023790438306263872,-0.95314235572284312,-0.067870257719690949,-0.2948105796001419,8.7621779187526004e-05,2.8259862649723415e-05
3.3850669860839844,1790951871.6304269,0.00060296058654785156,0.034609879067047558,0,0,-0.024609142453120049,0.38664278919430384,-0.045430920429412401,0.052421999999999996,0.00096999999999999994,0.178507,-2.9152409028986486,1.2634438455186952,-2.8796187328654446,0.052397139207545587,0.00096730324224324898,0.17842302235604562,-0.29220649325996439,-0.045767107137005117,0.95525951301257628,-0.078326336719032275,0.99664386820035811,0.023790438306263872,-0.95314235572284312,-0.067870257719690949,-0.2948105796001419,8.7621779187526004e-05,2.8259862649723415e-05
3.3900411128997803,1790951871.635401,0.000576019287109375,0.034609879067047558,0,0,-0.024609142453120049,0.38664278919430384,-0.045430920429412401,0.052421999999999996,0.00096999999999999994,0.178507,-2.9152409028986486,1.2634438455186952,-2.8796187328654446,0.052397139207545587,0.00096730324224324898,0.17842302235604562,-0.29220649325996439,-0.045767107137005117,0.95525951301257628,-0.078326336719032275,0.99664386820035811,0.023790438306263872,-0.95314235572284312,-0.067870257719690949,-0.2948105796001419,8.7621779187526004e-05,2.8259862649723415e-05
3.3950700759887695,1790951871.64043,0.00060606002807617188,0.034609879067047558,0,0,-0.024609142453120049,0.38664278919430384,-0.045430920429412401,0.052421999999999996,0.00096999999999999994,0.178507,-2.9152409028986486,1.2634438455186952,-2.8796187328654446,0.052397139207545587,0.00096730324224324898,0.17842302235604562,-0.29220649325996439,-0.045767107137005117,0.95525951301257628,-0.078326336719032275,0.99664386820035811,0.023790438306263872,-0.95314235572284312,-0.067870257719690949,-0.2948105796001419,8.7621779187526004e-05,2.8259862649723415e-05
3.4000370502471924,1790951871.6453969,0.00057387351989746094,0.034609879067047558,0,0,-0.024609142453120049,0.38664278919430384,-0.045430920429412401,0.052421999999999996,0.00096999999999999994,0.178507,-2.9152409028986486,1.2634438455186952,-2.8796187328654446,0.052397139207545587,0.00096730324224324898,0.17842302235604562,-0.29220649325996439,-0.045767107137005117,0.95525951301257628,-0.078326336719032275,0.99664386820035811,0.023790438306263872,-0.95314235572284312,-0.067870257719690949,-0.2948105796001419,8.7621779187526004e-05,2.8259862649723415e-05
3.4050631523132324,1790951871.650423,0.00060105323791503906,0.034609879067047558,0,0,-0.024609142453120049,0.38664278919430384,-0.045430920429412401,0.052421999999999996,0.00096999999999999994,0.178507,-2.9152409028986486,1.2634438455186952,-2.8796187328654446,0.052397139207545587,0.00096730324224324898,0.17842302235604562,-0.29220649325996439,-0.045767107137005117,0.95525951301257628,-0.078326336719032275,0.99664386820035811,0.023790438306263872,-0.95314235572284312,-0.067870257719690949,-0.2948105796001419,8.7621779187526004e-05,2.8259862649723415e-05
3.4100642204284668,1790951871.6554241,0.00062704086303710938,0.034609879067047558,0,0,-0.024609142453120049,0.38664278919430384,-0.045430920429412401,0.052421999999999996,0.00096999999999999994,0.178507,-2.9152409028986486,1.2634438455186952,-2.8796187328654446,0.052397139207545587,0.00096730324224324898,0.17842302235604562,-0.29220649325996439,-0.045767107137005117,0.95525951301257628,-0.078326336719032275,0.99664386820035811,0.023790438306263872,-0.95314235572284312,-0.067870257719690949,-0.2948105796001419,8.7621779187526004e-05,2.8259862649723415e-05
3.4150640964508057,1790951871.660424,0.00060105323791503906,0.034609879067047558,0,0,-0.024609142453120049,0.38664278919430384,-0.045430920429412401,0.052421999999999996,0.00096999999999999994,0.178507,-2.9152409028986486,1.2634438455186952,-2.8796187328654446,0.052397139207545587,0.00096730324224324898,0.17842302235604562,-0.29220649325996439,-0.045767107137005117,0.95525951301257628,-0.078326336719032275,0.99664386820035811,0.023790438306263872,-0.95314235572284312,-0.067870257719690949,-0.2948105796001419,8.7621779187526004e-05,2.8259862649723415e-05
3.420039176940918,1790951871.6653991,0.00059914588928222656,0.034609879067047558,0,0,-0.024609142453120049,0.38664278919430384,-0.045430920429412401,0.052421999999999996,0.00096999999999999994,0.178507,-2.9152409028986486,1.2634438455186952,-2.8796187328654446,0.052397139207545587,0.00096730324224324898,0.17842302235604562,-0.29220649325996439,-0.045767107137005117,0.95525951301257628,-0.078326336719032275,0.99664386820035811,0.023790438306263872,-0.95314235572284312,-0.067870257719690949,-0.2948105796001419,8.7621779187526004e-05,2.8259862649723415e-05
3.4250640869140625,1790951871.670424,0.00059604644775390625,0.034609879067047558,0,0,-0.024609142453120049,0.38664278919430384,-0.045430920429412401,0.052421999999999996,0.00096999999999999994,0.178507,-2.9152409028986486,1.2634438455186952,-2.8796187328654446,0.052397139207545587,0.00096730324224324898,0.17842302235604562,-0.29220649325996439,-0.045767107137005117,0.95525951301257628,-0.078326336719032275,0.99664386820035811,0.023790438306263872,-0.95314235572284312,-0.067870257719690949,-0.2948105796001419,8.7621779187526004e-05,2.8259862649723415e-05
3.4300401210784912,1790951871.6754,0.00057506561279296875,0.034609879067047558,0,0,-0.024609142453120049,0.38664278919430384,-0.045430920429412401,0.052421999999999996,0.00096999999999999994,0.178507,-2.9152409028986486,1.2634438455186952,-2.8796187328654446,0.052397139207545587,0.00096730324224324898,0.17842302235604562,-0.29220649325996439,-0.045767107137005117,0.95525951301257628,-0.078326336719032275,0.99664386820035811,0.023790438306263872,-0.95314235572284312,-0.067870257719690949,-0.2948105796001419,8.7621779187526004e-05,2.8259862649723415e-05
3.4350659847259521,1790951871.6804259,0.00060391426086425781,0.034609879067047558,0,0,-0.024609142453120049,0.38664278919430384,-0.045430920429412401,0.052421999999999996,0.00096999999999999994,0.178507,-2.9152409028986486,1.2634438455186952,-2.8796187328654446,0.052397139207545587,0.00096730324224324898,0.17842302235604562,-0.29220649325996439,-0.045767107137005117,0.95525951301257628,-0.078326336719032275,0.99664386820035811,0.023790438306263872,-0.95314235572284312,-0.067870257719690949,-0.2948105796001419,8.7621779187526004e-05,2.8259862649723415e-05
3.4400651454925537,1790951871.685425,0.00062513351440429688,0.034609879067047558,0,0,-0.024609142453120049,0.38664278919430384,-0.045430920429412401,0.052421999999999996,0.00096999999999999994,0.178507,-2.9152409028986486,1.2634438455186952,-2.8796187328654446,0.052397139207545587,0.00096730324224324898,0.17842302235604562,-0.29220649325996439,-0.045767107137005117,0.95525951301257628,-0.078326336719032275,0.99664386820035811,0.023790438306263872,-0.95314235572284312,-0.067870257719690949,-0.2948105796001419,8.7621779187526004e-05,2.8259862649723415e-05
3.4450631141662598,1790951871.690423,0.00059604644775390625,0.034609879067047558,0,0,-0.024609142453120049,0.38664278919430384,-0.045430920429412401,0.052421999999999996,0.00096999999999999994,0.178507,-2.9152409028986486,1.2634438455186952,-2.8796187328654446,0.052397139207545587,0.00096730324224324898,0.17842302235604562,-0.29220649325996439,-0.045767107137005117,0.95525951301257628,-0.078326336719032275,0.99664386820035811,0.023790438306263872,-0.95314235572284312,-0.067870257719690949,-0.2948105796001419,8.7621779187526004e-05,2.8259862649723415e-05
3.4500391483306885,1790951871.695399,0.00059914588928222656,0.034609879067047558,0,0,-0.024609142453120049,0.38664278919430384,-0.045430920429412401,0.052421999999999996,0.00096999999999999994,0.178507,-2.9152409028986486,1.2634438455186952,-2.8796187328654446,0.052397139207545587,0.00096730324224324898,0.17842302235604562,-0.29220649325996439,-0.045767107137005117,0.95525951301257628,-0.078326336719032275,0.99664386820035811,0.023790438306263872,-0.95314235572284312,-0.067870257719690949,-0.2948105796001419,8.7621779187526004e-05,2.8259862649723415e-05
3.4550662040710449,1790951871.7004261,0.00060319900512695312,0.034609879067047558,0,0,-0.024609142453120049,0.38664278919430384,-0.045430920429412401,0.052421999999999996,0.00096999999999999994,0.178507,-2.9152409028986486,1.2634438455186952,-2.8796187328654446,0.052397139207545587,0.00096730324224324898,0.17842302235604562,-0.29220649325996439,-0.045767107137005117,0.95525951301257628,-0.078326336719032275,0.99664386820035811,0.023790438306263872,-0.95314235572284312,-0.067870257719690949,-0.2948105796001419,8.7621779187526004e-05,2.8259862649723415e-05
3.4600632190704346,1790951871.7054231,0.00062608718872070312,0.034609879067047558,0,0,-0.024609142453120049,0.38664278919430384,-0.045430920429412401,0.052421999999999996,0.00096999999999999994,0.178507,-2.9152409028986486,1.2634438455186952,-2.8796187328654446,0.052397139207545587,0.00096730324224324898,0.17842302235604562,-0.29220649325996439,-0.045767107137005117,0.95525951301257628,-0.078326336719032275,0.99664386820035811,0.023790438306263872,-0.95314235572284312,-0.067870257719690949,-0.2948105796001419,8.7621779187526004e-05,2.8259862649723415e-05
3.4650671482086182,1790951871.710427,0.00060510635375976562,0.034609879067047558,0,0,-0.024609142453120049,0.38664278919430384,-0.045430920429412401,0.052421999999999996,0.00096999999999999994,0.178507,-2.9152409028986486,1.2634438455186952,-2.8796187328654446,0.052397139207545587,0.00096730324224324898,0.17842302235604562,-0.29220649325996439,-0.045767107137005117,0.95525951301257628,-0.078326336719032275,0.99664386820035811,0.023790438306263872,-0.95314235572284312,-0.067870257719690949,-0.2948105796001419,8.7621779187526004e-05,2.8259862649723415e-05
3.4700691699981689,1790951871.7154291,0.00062799453735351562,0.034609879067047558,0,0,-0.024609142453120049,0.38664278919430384,-0.045430920429412401,0.052421999999999996,0.00096999999999999994,0.178507,-2.9152409028986486,1.2634438455186952,-2.8796187328654446,0.052397139207545587,0.00096730324224324898,0.17842302235604562,-0.29220649325996439,-0.045767107137005117,0.95525951301257628,-0.078326336719032275,0.99664386820035811,0.023790438306263872,-0.95314235572284312,-0.067870257719690949,-0.2948105796001419,8.7621779187526004e-05,2.8259862649723415e-05
3.4750630855560303,1790951871.720423,0.00060009956359863281,0.034609879067047558,0,0,-0.024609142453120049,0.38664278919430384,-0.045430920429412401,0.052421999999999996,0.00096999999999999994,0.178507,-2.9152409028986486,1.2634438455186952,-2.8796187328654446,0.052397139207545587,0.00096730324224324898,0.17842302235604562,-0.29220649325996439,-0.045767107137005117,0.95525951301257628,-0.078326336719032275,0.99664386820035811,0.023790438306263872,-0.95314235572284312,-0.067870257719690949,-0.2948105796001419,8.7621779187526004e-05,2.8259862649723415e-05
3.4800400733947754,1790951871.7254,0.00060105323791503906,0.034609879067047558,0,0,-0.024609142453120049,0.38664278919430384,-0.045430920429412401,0.052421999999999996,0.00096999999999999994,0.178507,-2.9152409028986486,1.2634438455186952,-2.8796187328654446,0.052397139207545587,0.00096730324224324898,0.17842302235604562,-0.29220649325996439,-0.045767107137005117,0.95525951301257628,-0.078326336719032275,0.99664386820035811,0.023790438306263872,-0.95314235572284312,-0.067870257719690949,-0.2948105796001419,8.7621779187526004e-05,2.8259862649723415e-05
3.4850690364837646,1790951871.7304289,0.00060486793518066406,0.034609879067047558,0,0,-0.024609142453120049,0.38664278919430384,-0.045430920429412401,0.052421999999999996,0.00096999999999999994,0.178507,-2.9152409028986486,1.2634438455186952,-2.8796187328654446,0.052397139207545587,0.00096730324224324898,0.17842302235604562,-0.29220649325996439,-0.045767107137005117,0.95525951301257628,-0.078326336719032275,0.99664386820035811,0.023790438306263872,-0.95314235572284312,-0.067870257719690949,-0.2948105796001419,8.7621779187526004e-05,2.8259862649723415e-05
3.4900400638580322,1790951871.7354,0.00059986114501953125,0.034609879067047558,0,0,-0.024609142453120049,0.38664278919430384,-0.045430920429412401,0.052421999999999996,0.00096999999999999994,0.178507,-2.9152409028986486,1.2634438455186952,-2.8796187328654446,0.052397139207545587,0.00096730324224324898,0.17842302235604562,-0.29220649325996439,-0.045767107137005117,0.95525951301257628,-0.078326336719032275,0.99664386820035811,0.023790438306263872,-0.95314235572284312,-0.067870257719690949,-0.2948105796001419,8.7621779187526004e-05,2.8259862649723415e-05
3.4950711727142334,1790951871.7404311,0.00060701370239257812,0.034609879067047558,0,0,-0.024609142453120049,0.38664278919430384,-0.045430920429412401,0.052421999999999996,0.00096999999999999994,0.178507,-2.9152409028986486,1.2634438455186952,-2.8796187328654446,0.052397139207545587,0.00096730324224324898,0.17842302235604562,-0.29220649325996439,-0.045767107137005117,0.95525951301257628,-0.078326336719032275,0.99664386820035811,0.023790438306263872,-0.95314235572284312,-0.067870257719690949,-0.2948105796001419,8.7621779187526004e-05,2.8259862649723415e-05
3.5000650882720947,1790951871.745425,0.00062489509582519531,0.034609879067047558,0,0,-0.024609142453120049,0.38664278919430384,-0.045430920429412401,0.052421999999999996,0.00096999999999999994,0.178507,-2.9152409028986486,1.2634438455186952,-2.8796187328654446,0.052397139207545587,0.00096730324224324898,0.17842302235604562,-0.29220649325996439,-0.045767107137005117,0.95525951301257628,-0.078326336719032275,0.99664386820035811,0.023790438306263872,-0.95314235572284312,-0.067870257719690949,-0.2948105796001419,8.7621779187526004e-05,2.8259862649723415e-05
3.5050652027130127,1790951871.7504251,0.00060200691223144531,0.034609879067047558,0,0,-0.024609142453120049,0.38664278919430384,-0.045430920429412401,0.052421999999999996,0.00096999999999999994,0.178507,-2.9152409028986486,1.2634438455186952,-2.8796187328654446,0.052397139207545587,0.00096730324224324898,0.17842302235604562,-0.29220649325996439,-0.045767107137005117,0.95525951301257628,-0.078326336719032275,0.99664386820035811,0.023790438306263872,-0.95314235572284312,-0.067870257719690949,-0.2948105796001419,8.7621779187526004e-05,2.8259862649723415e-05
3.5100390911102295,1790951871.755399,0.00060105323791503906,0.034609879067047558,0,0,-0.024609142453120049,0.38664278919430384,-0.045430920429412401,0.052421999999999996,0.00096999999999999994,0.178507,-2.9152409028986486,1.2634438455186952,-2.8796187328654446,0.052397139207545587,0.00096730324224324898,0.17842302235604562,-0.29220649325996439,-0.045767107137005117,0.95525951301257628,-0.078326336719032275,0.99664386820035811,0.023790438306263872,-0.95314235572284312,-0.067870257719690949,-0.2948105796001419,8.7621779187526004e-05,2.8259862649723415e-05
3.5150651931762695,1790951871.7604251,0.00060105323791503906,0.034609879067047558,0,0,-0.024609142453120049,0.38664278919430384,-0.045430920429412401,0.052421999999999996,0.00096999999999999994,0.178507,-2.9152409028986486,1.2634438455186952,-2.8796187328654446,0.052397139207545587,0.00096730324224324898,0.17842302235604562,-0.29220649325996439,-0.045767107137005117,0.95525951301257628,-0.078326336719032275,0.99664386820035811,0.023790438306263872,-0.95314235572284312,-0.067870257719690949,-0.2948105796001419,8.7621779187526004e-05,2.8259862649723415e-05
3.5200660228729248,1790951871.7654259,0.00062680244445800781,0.034609879067047558,0,0,-0.024609142453120049,0.38664278919430384,-0.045430920429412401,0.052421999999999996,0.00096999999999999994,0.178507,-2.9152409028986486,1.2634438455186952,-2.8796187328654446,0.052397139207545587,0.00096730324224324898,0.17842302235604562,-0.29220649325996439,-0.045767107137005117,0.95525951301257628,-0.078326336719032275,0.99664386820035811,0.023790438306263872,-0.95314235572284312,-0.067870257719690949,-0.2948105796001419,8.7621779187526004e-05,2.8259862649723415e-05
3.5250661373138428,1790951871.770426,0.00059795379638671875,0.034609879067047558,0,0,-0.024609142453120049,0.38664278919430384,-0.045430920429412401,0.052421999999999996,0.00096999999999999994,0.178507,-2.9152409028986486,1.2634438455186952,-2.8796187328654446,0.052397139207545587,0.00096730324224324898,0.17842302235604562,-0.29220649325996439,-0.045767107137005117,0.95525951301257628,-0.078326336719032275,0.99664386820035811,0.023790438306263872,-0.95314235572284312,-0.067870257719690949,-0.2948105796001419,8.7621779187526004e-05,2.8259862649723415e-05
3.5300672054290771,1790951871.7754271,0.00062704086303710938,0.034609879067047558,0,0,-0.024609142453120049,0.38664278919430384,-0.045430920429412401,0.052421999999999996,0.00096999999999999994,0.178507,-2.9152409028986486,1.2634438455186952,-2.8796187328654446,0.052397139207545587,0.00096730324224324898,0.17842302235604562,-0.29220649325996439,-0.045767107137005117,0.95525951301257628,-0.078326336719032275,0.99664386820035811,0.023790438306263872,-0.95314235572284312,-0.067870257719690949,-0.2948105796001419,8.7621779187526004e-05,2.8259862649723415e-05
3.5350642204284668,1790951871.7804241,0.00060105323791503906,0.034609879067047558,0,0,-0.024609142453120049,0.38664278919430384,-0.045430920429412401,0.052421999999999996,0.00096999999999999994,0.178507,-2.9152409028986486,1.2634438455186952,-2.8796187328654446,0.052397139207545587,0.00096730324224324898,0.17842302235604562,-0.29220649325996439,-0.045767107137005117,0.95525951301257628,-0.078326336719032275,0.99664386820035811,0.023790438306263872,-0.95314235572284312,-0.067870257719690949,-0.2948105796001419,8.7621779187526004e-05,2.8259862649723415e-05
3.5400631427764893,1790951871.785423,0.00062394142150878906,0.034609879067047558,0,0,-0.024609142453120049,0.38664278919430384,-0.045430920429412401,0.052421999999999996,0.00096999999999999994,0.178507,-2.9152409028986486,1.2634438455186952,-2.8796187328654446,0.052397139207545587,0.00096730324224324898,0.17842302235604562,-0.29220649325996439,-0.045767107137005117,0.95525951301257628,-0.078326336719032275,0.99664386820035811,0.023790438306263872,-0.95314235572284312,-0.067870257719690949,-0.2948105796001419,8.7621779187526004e-05,2.8259862649723415e-05
3.5450661182403564,1790951871.790426,0.000598907470703125,0.034609879067047558,0,0,-0.024609142453120049,0.38664278919430384,-0.045430920429412401,0.052421999999999996,0.00096999999999999994,0.178507,-2.9152409028986486,1.2634438455186952,-2.8796187328654446,0.052397139207545587,0.00096730324224324898,0.17842302235604562,-0.29220649325996439,-0.045767107137005117,0.95525951301257628,-0.078326336719032275,0.99664386820035811,0.023790438306263872,-0.95314235572284312,-0.067870257719690949,-0.2948105796001419,8.7621779187526004e-05,2.8259862649723415e-05
3.5500650405883789,1790951871.7954249,0.00062084197998046875,0.034609879067047558,0,0,-0.024609142453120049,0.38664278919430384,-0.045430920429412401,0.052421999999999996,0.00096999999999999994,0.178507,-2.9152409028986486,1.2634438455186952,-2.8796187328654446,0.052397139207545587,0.00096730324224324898,0.17842302235604562,-0.29220649325996439,-0.045767107137005117,0.95525951301257628,-0.078326336719032275,0.99664386820035811,0.023790438306263872,-0.95314235572284312,-0.067870257719690949,-0.2948105796001419,8.7621779187526004e-05,2.8259862649723415e-05
3.5550651550292969,1790951871.8004251,0.00060105323791503906,0.034609879067047558,0,0,-0.024609142453120049,0.38664278919430384,-0.045430920429412401,0.052421999999999996,0.00096999999999999994,0.178507,-2.9152409028986486,1.2634438455186952,-2.8796187328654446,0.052397139207545587,0.00096730324224324898,0.17842302235604562,-0.29220649325996439,-0.045767107137005117,0.95525951301257628,-0.078326336719032275,0.99664386820035811,0.023790438306263872,-0.95314235572284312,-0.067870257719690949,-0.2948105796001419,8.7621779187526004e-05,2.8259862649723415e-05
3.5600650310516357,1790951871.8054249,0.00061798095703125,0.034609879067047558,0,0,-0.024609142453120049,0.38664278919430384,-0.045430920429412401,0.052421999999999996,0.00096999999999999994,0.178507,-2.9152409028986486,1.2634438455186952,-2.8796187328654446,0.052397139207545587,0.00096730324224324898,0.17842302235604562,-0.29220649325996439,-0.045767107137005117,0.95525951301257628,-0.078326336719032275,0.99664386820035811,0.023790438306263872,-0.95314235572284312,-0.067870257719690949,-0.2948105796001419,8.7621779187526004e-05,2.8259862649723415e-05
3.5650651454925537,1790951871.810425,0.00060200691223144531,0.034609879067047558,0,0,-0.024609142453120049,0.38664278919430384,-0.045430920429412401,0.052421999999999996,0.00096999999999999994,0.178507,-2.9152409028986486,1.2634438455186952,-2.8796187328654446,0.052397139207545587,0.00096730324224324898,0.17842302235604562,-0.29220649325996439,-0.045767107137005117,0.95525951301257628,-0.078326336719032275,0.99664386820035811,0.023790438306263872,-0.95314235572284312,-0.067870257719690949,-0.2948105796001419,8.7621779187526004e-05,2.8259862649723415e-05
3.5700380802154541,1790951871.815398,0.0005970001220703125,0.034609879067047558,0,0,-0.024609142453120049,0.38664278919430384,-0.045430920429412401,0.052421999999999996,0.00096999999999999994,0.178507,-2.9152409028986486,1.2634438455186952,-2.8796187328654446,0.052397139207545587,0.00096730324224324898,0.17842302235604562,-0.29220649325996439,-0.045767107137005117,0.95525951301257628,-0.078326336719032275,0.99664386820035811,0.023790438306263872,-0.95314235572284312,-0.067870257719690949,-0.2948105796001419,8.7621779187526004e-05,2.8259862649723415e-05
3.5750651359558105,1790951871.820425,0.00060200691223144531,0.034609879067047558,0,0,-0.024609142453120049,0.38664278919430384,-0.045430920429412401,0.052421999999999996,0.00096999999999999994,0.178507,-2.9152409028986486,1.2634438455186952,-2.8796187328654446,0.052397139207545587,0.00096730324224324898,0.17842302235604562,-0.29220649325996439,-0.045767107137005117,0.95525951301257628,-0.078326336719032275,0.99664386820035811,0.023790438306263872,-0.95314235572284312,-0.067870257719690949,-0.2948105796001419,8.7621779187526004e-05,2.8259862649723415e-05
3.5800390243530273,1790951871.8253989,0.00057291984558105469,0.034609879067047558,0,0,-0.024609142453120049,0.38664278919430384,-0.045430920429412401,0.052421999999999996,0.00096999999999999994,0.178507,-2.9152409028986486,1.2634438455186952,-2.8796187328654446,0.052397139207545587,0.00096730324224324898,0.17842302235604562,-0.29220649325996439,-0.045767107137005117,0.95525951301257628,-0.078326336719032275,0.99664386820035811,0.023790438306263872,-0.95314235572284312,-0.067870257719690949,-0.2948105796001419,8.7621779187526004e-05,2.8259862649723415e-05
3.5850651264190674,1790951871.830425,0.00060200691223144531,0.034609879067047558,0,0,-0.024609142453120049,0.38664278919430384,-0.045430920429412401,0.052421999999999996,0.00096999999999999994,0.178507,-2.9152409028986486,1.2634438455186952,-2.8796187328654446,0.052397139207545587,0.00096730324224324898,0.17842302235604562,-0.29220649325996439,-0.045767107137005117,0.95525951301257628,-0.078326336719032275,0.99664386820035811,0.023790438306263872,-0.95314235572284312,-0.067870257719690949,-0.2948105796001419,8.7621779187526004e-05,2.8259862649723415e-05
3.5900640487670898,1790951871.8354239,0.0006198883056640625,0.034609879067047558,0,0,-0.024609142453120049,0.38664278919430384,-0.045430920429412401,0.052421999999999996,0.00096999999999999994,0.178507,-2.9152409028986486,1.2634438455186952,-2.8796187328654446,0.052397139207545587,0.00096730324224324898,0.17842302235604562,-0.29220649325996439,-0.045767107137005117,0.95525951301257628,-0.078326336719032275,0.99664386820035811,0.023790438306263872,-0.95314235572284312,-0.067870257719690949,-0.2948105796001419,8.7621779187526004e-05,2.8259862649723415e-05
3.5950641632080078,1790951871.8404241,0.00060009956359863281,0.034609879067047558,0,0,-0.024609142453120049,0.38664278919430384,-0.045430920429412401,0.052421999999999996,0.00096999999999999994,0.178507,-2.9152409028986486,1.2634438455186952,-2.8796187328654446,0.052397139207545587,0.00096730324224324898,0.17842302235604562,-0.29220649325996439,-0.045767107137005117,0.95525951301257628,-0.078326336719032275,0.99664386820035811,0.023790438306263872,-0.95314235572284312,-0.067870257719690949,-0.2948105796001419,8.7621779187526004e-05,2.8259862649723415e-05
3.6000649929046631,1790951871.8454249,0.00062489509582519531,0.034609879067047558,0,0,-0.024609142453120049,0.38664278919430384,-0.045430920429412401,0.052421999999999996,0.00096999999999999994,0.178507,-2.9152409028986486,1.2634438455186952,-2.8796187328654446,0.052397139207545587,0.00096730324224324898,0.17842302235604562,-0.29220649325996439,-0.045767107137005117,0.95525951301257628,-0.078326336719032275,0.99664386820035811,0.023790438306263872,-0.95314235572284312,-0.067870257719690949,-0.2948105796001419,8.7621779187526004e-05,2.8259862649723415e-05
3.6050651073455811,1790951871.850425,0.00060105323791503906,0.034609879067047558,0,0,-0.024609142453120049,0.38664278919430384,-0.045430920429412401,0.052421999999999996,0.00096999999999999994,0.178507,-2.9152409028986486,1.2634438455186952,-2.8796187328654446,0.052397139207545587,0.00096730324224324898,0.17842302235604562,-0.29220649325996439,-0.045767107137005117,0.95525951301257628,-0.078326336719032275,0.99664386820035811,0.023790438306263872,-0.95314235572284312,-0.067870257719690949,-0.2948105796001419,8.7621779187526004e-05,2.8259862649723415e-05
3.6100380420684814,1790951871.8553979,0.00057196617126464844,0.034609879067047558,0,0,-0.024609142453120049,0.38664278919430384,-0.045430920429412401,0.052421999999999996,0.00096999999999999994,0.178507,-2.9152409028986486,1.2634438455186952,-2.8796187328654446,0.052397139207545587,0.00096730324224324898,0.17842302235604562,-0.29220649325996439,-0.045767107137005117,0.95525951301257628,-0.078326336719032275,0.99664386820035811,0.023790438306263872,-0.95314235572284312,-0.067870257719690949,-0.2948105796001419,8.7621779187526004e-05,2.8259862649723415e-05
3.6150650978088379,1790951871.860425,0.000598907470703125,0.034609879067047558,0,0,-0.024609142453120049,0.38664278919430384,-0.045430920429412401,0.052421999999999996,0.00096999999999999994,0.178507,-2.9152409028986486,1.2634438455186952,-2.8796187328654446,0.052397139207545587,0.00096730324224324898,0.17842302235604562,-0.29220649325996439,-0.045767107137005117,0.95525951301257628,-0.078326336719032275,0.99664386820035811,0.023790438306263872,-0.95314235572284312,-0.067870257719690949,-0.2948105796001419,8.7621779187526004e-05,2.8259862649723415e-05
3.6200761795043945,1790951871.8654361,0.00061011314392089844,0.034609879067047558,0,0,-0.024609142453120049,0.38664278919430384,-0.045430920429412401,0.052421999999999996,0.00096999999999999994,0.178507,-2.9152409028986486,1.2634438455186952,-2.8796187328654446,0.052397139207545587,0.00096730324224324898,0.17842302235604562,-0.29220649325996439,-0.045767107137005117,0.95525951301257628,-0.078326336719032275,0.99664386820035811,0.023790438306263872,-0.95314235572284312,-0.067870257719690949,-0.2948105796001419,8.7621779187526004e-05,2.8259862649723415e-05
3.6250669956207275,1790951871.8704269,0.00060391426086425781,0.034609879067047558,0,0,-0.024609142453120049,0.38664278919430384,-0.045430920429412401,0.052421999999999996,0.00096999999999999994,0.178507,-2.9152409028986486,1.2634438455186952,-2.8796187328654446,0.052397139207545587,0.00096730324224324898,0.17842302235604562,-0.29220649325996439,-0.045767107137005117,0.95525951301257628,-0.078326336719032275,0.99664386820035811,0.023790438306263872,-0.95314235572284312,-0.067870257719690949,-0.2948105796001419,8.7621779187526004e-05,2.8259862649723415e-05
3.6300411224365234,1790951871.875401,0.0005950927734375,0.034609879067047558,0,0,-0.024609142453120049,0.38664278919430384,-0.045430920429412401,0.052421999999999996,0.00096999999999999994,0.178507,-2.9152409028986486,1.2634438455186952,-2.8796187328654446,0.052397139207545587,0.00096730324224324898,0.17842302235604562,-0.29220649325996439,-0.045767107137005117,0.95525951301257628,-0.078326336719032275,0.99664386820035811,0.023790438306263872,-0.95314235572284312,-0.067870257719690949,-0.2948105796001419,8.7621779187526004e-05,2.8259862649723415e-05
3.6350641250610352,1790951871.880424,0.00060009956359863281,0.034609879067047558,0,0,-0.024609142453120049,0.38664278919430384,-0.045430920429412401,0.052421999999999996,0.00096999999999999994,0.178507,-2.9152409028986486,1.2634438455186952,-2.8796187328654446,0.052397139207545587,0.00096730324224324898,0.17842302235604562,-0.29220649325996439,-0.045767107137005117,0.95525951301257628,-0.078326336719032275,0.99664386820035811,0.023790438306263872,-0.95314235572284312,-0.067870257719690949,-0.2948105796001419,8.7621779187526004e-05,2.8259862649723415e-05
3.6400401592254639,1790951871.8854001,0.00057506561279296875,0.034609879067047558,0,0,-0.024609142453120049,0.38664278919430384,-0.045430920429412401,0.052421999999999996,0.00096999999999999994,0.178507,-2.9152409028986486,1.2634438455186952,-2.8796187328654446,0.052397139207545587,0.00096730324224324898,0.17842302235604562,-0.29220649325996439,-0.045767107137005117,0.95525951301257628,-0.078326336719032275,0.99664386820035811,0.023790438306263872,-0.95314235572284312,-0.067870257719690949,-0.2948105796001419,8.7621779187526004e-05,2.8259862649723415e-05
3.645064115524292,1790951871.890424,0.00059604644775390625,0.034609879067047558,0,0,-0.024609142453120049,0.38664278919430384,-0.045430920429412401,0.052421999999999996,0.00096999999999999994,0.178507,-2.9152409028986486,1.2634438455186952,-2.8796187328654446,0.052397139207545587,0.00096730324224324898,0.17842302235604562,-0.29220649325996439,-0.045767107137005117,0.95525951301257628,-0.078326336719032275,0.99664386820035811,0.023790438306263872,-0.95314235572284312,-0.067870257719690949,-0.2948105796001419,8.7621779187526004e-05,2.8259862649723415e-05
3.6500639915466309,1790951871.8954239,0.00062084197998046875,0.034609879067047558,0,0,-0.024609142453120049,0.38664278919430384,-0.045430920429412401,0.052421999999999996,0.00096999999999999994,0.178507,-2.9152409028986486,1.2634438455186952,-2.8796187328654446,0.052397139207545587,0.00096730324224324898,0.17842302235604562,-0.29220649325996439,-0.045767107137005117,0.95525951301257628,-0.078326336719032275,0.99664386820035811,0.023790438306263872,-0.95314235572284312,-0.067870257719690949,-0.2948105796001419,8.7621779187526004e-05,2.8259862649723415e-05
3.6550650596618652,1790951871.900425,0.00059986114501953125,0.034609879067047558,0,0,-0.024609142453120049,0.38664278919430384,-0.045430920429412401,0.052421999999999996,0.00096999999999999994,0.178507,-2.9152409028986486,1.2634438455186952,-2.8796187328654446,0.052397139207545587,0.00096730324224324898,0.17842302235604562,-0.29220649325996439,-0.045767107137005117,0.95525951301257628,-0.078326336719032275,0.99664386820035811,0.023790438306263872,-0.95314235572284312,-0.067870257719690949,-0.2948105796001419,8.7621779187526004e-05,2.8259862649723415e-05
3.6600401401519775,1790951871.9054,0.00057506561279296875,0.034609879067047558,0,0,-0.024609142453120049,0.38664278919430384,-0.045430920429412401,0.052421999999999996,0.00096999999999999994,0.178507,-2.9152409028986486,1.2634438455186952,-2.8796187328654446,0.052397139207545587,0.00096730324224324898,0.17842302235604562,-0.29220649325996439,-0.045767107137005117,0.95525951301257628,-0.078326336719032275,0.99664386820035811,0.023790438306263872,-0.95314235572284312,-0.067870257719690949,-0.2948105796001419,8.7621779187526004e-05,2.8259862649723415e-05
3.665067195892334,1790951871.9104271,0.00060319900512695312,0.034609879067047558,0,0,-0.024609142453120049,0.38664278919430384,-0.045430920429412401,0.052421999999999996,0.00096999999999999994,0.178507,-2.9152409028986486,1.2634438455186952,-2.8796187328654446,0.052397139207545587,0.00096730324224324898,0.17842302235604562,-0.29220649325996439,-0.045767107137005117,0.95525951301257628,-0.078326336719032275,0.99664386820035811,0.023790438306263872,-0.95314235572284312,-0.067870257719690949,-0.2948105796001419,8.7621779187526004e-05,2.8259862649723415e-05
3.67006516456604,1790951871.9154251,0.00062513351440429688,0.034609879067047558,0,0,-0.024609142453120049,0.38664278919430384,-0.045430920429412401,0.052421999999999996,0.00096999999999999994,0.178507,-2.9152409028986486,1.2634438455186952,-2.8796187328654446,0.052397139207545587,0.00096730324224324898,0.17842302235604562,-0.29220649325996439,-0.045767107137005117,0.95525951301257628,-0.078326336719032275,0.99664386820035811,0.023790438306263872,-0.95314235572284312,-0.067870257719690949,-0.2948105796001419,8.7621779187526004e-05,2.8259862649723415e-05
3.6750659942626953,1790951871.9204259,0.000598907470703125,0.034609879067047558,0,0,-0.024609142453120049,0.38664278919430384,-0.045430920429412401,0.052421999999999996,0.00096999999999999994,0.178507,-2.9152409028986486,1.2634438455186952,-2.8796187328654446,0.052397139207545587,0.00096730324224324898,0.17842302235604562,-0.29220649325996439,-0.045767107137005117,0.95525951301257628,-0.078326336719032275,0.99664386820035811,0.023790438306263872,-0.95314235572284312,-0.067870257719690949,-0.2948105796001419,8.7621779187526004e-05,2.8259862649723415e-05
3.6800391674041748,1790951871.9253991,0.0005741119384765625,0.034609879067047558,0,0,-0.024609142453120049,0.38664278919430384,-0.045430920429412401,0.052421999999999996,0.00096999999999999994,0.178507,-2.9152409028986486,1.2634438455186952,-2.8796187328654446,0.052397139207545587,0.00096730324224324898,0.17842302235604562,-0.29220649325996439,-0.045767107137005117,0.95525951301257628,-0.078326336719032275,0.99664386820035811,0.023790438306263872,-0.95314235572284312,-0.067870257719690949,-0.2948105796001419,8.7621779187526004e-05,2.8259862649723415e-05
3.6850671768188477,1790951871.9304271,0.00060296058654785156,0.034609879067047558,0,0,-0.024609142453120049,0.38664278919430384,-0.045430920429412401,0.052421999999999996,0.00096999999999999994,0.178507,-2.9152409028986486,1.2634438455186952,-2.8796187328654446,0.052397139207545587,0.00096730324224324898,0.17842302235604562,-0.29220649325996439,-0.045767107137005117,0.95525951301257628,-0.078326336719032275,0.99664386820035811,0.023790438306263872,-0.95314235572284312,-0.067870257719690949,-0.2948105796001419,8.7621779187526004e-05,2.8259862649723415e-05
3.6900651454925537,1790951871.935425,0.00062608718872070312,0.034609879067047558,0,0,-0.024609142453120049,0.38664278919430384,-0.045430920429412401,0.052421999999999996,0.00096999999999999994,0.178507,-2.9152409028986486,1.2634438455186952,-2.8796187328654446,0.052397139207545587,0.00096730324224324898,0.17842302235604562,-0.29220649325996439,-0.045767107137005117,0.95525951301257628,-0.078326336719032275,0.99664386820035811,0.023790438306263872,-0.95314235572284312,-0.067870257719690949,-0.2948105796001419,8.7621779187526004e-05,2.8259862649723415e-05
3.6950662136077881,1790951871.9404261,0.00060200691223144531,0.034609879067047558,0,0,-0.024609142453120049,0.38664278919430384,-0.045430920429412401,0.052421999999999996,0.00096999999999999994,0.178507,-2.9152409028986486,1.2634438455186952,-2.8796187328654446,0.052397139207545587,0.00096730324224324898,0.17842302235604562,-0.29220649325996439,-0.045767107137005117,0.95525951301257628,-0.078326336719032275,0.99664386820035811,0.023790438306263872,-0.95314235572284312,-0.067870257719690949,-0.2948105796001419,8.7621779187526004e-05,2.8259862649723415e-05
3.7000401020050049,1790951871.9454,0.00060200691223144531,0.034609879067047558,0,0,-0.024609142453120049,0.38664278919430384,-0.045430920429412401,0.052421999999999996,0.00096999999999999994,0.178507,-2.9152409028986486,1.2634438455186952,-2.8796187328654446,0.052397139207545587,0.00096730324224324898,0.17842302235604562,-0.29220649325996439,-0.045767107137005117,0.95525951301257628,-0.078326336719032275,0.99664386820035811,0.023790438306263872,-0.95314235572284312,-0.067870257719690949,-0.2948105796001419,8.7621779187526004e-05,2.8259862649723415e-05
3.7050650119781494,1790951871.9504249,0.0006008148193359375,0.034609879067047558,0,0,-0.024609142453120049,0.38664278919430384,-0.045430920429412401,0.052421999999999996,0.00096999999999999994,0.178507,-2.9152409028986486,1.2634438455186952,-2.8796187328654446,0.052397139207545587,0.00096730324224324898,0.17842302235604562,-0.29220649325996439,-0.045767107137005117,0.95525951301257628,-0.078326336719032275,0.99664386820035811,0.023790438306263872,-0.95314235572284312,-0.067870257719690949,-0.2948105796001419,8.7621779187526004e-05,2.8259862649723415e-05
3.710064172744751,1790951871.9554241,0.00060009956359863281,0.034609879067047558,0,0,-0.024609142453120049,0.38664278919430384,-0.045430920429412401,0.052421999999999996,0.00096999999999999994,0.178507,-2.9152409028986486,1.2634438455186952,-2.8796187328654446,0.052397139207545587,0.00096730324224324898,0.17842302235604562,-0.29220649325996439,-0.045767107137005117,0.95525951301257628,-0.078326336719032275,0.99664386820035811,0.023790438306263872,-0.95314235572284312,-0.067870257719690949,-0.2948105796001419,8.7621779187526004e-05,2.8259862649723415e-05
3.7150650024414062,1790951871.9604249,0.00059390068054199219,0.034609879067047558,0,0,-0.024609142453120049,0.38664278919430384,-0.045430920429412401,0.052421999999999996,0.00096999999999999994,0.178507,-2.9152409028986486,1.2634438455186952,-2.8796187328654446,0.052397139207545587,0.00096730324224324898,0.17842302235604562,-0.29220649325996439,-0.045767107137005117,0.95525951301257628,-0.078326336719032275,0.99664386820035811,0.023790438306263872,-0.95314235572284312,-0.067870257719690949,-0.2948105796001419,8.7621779187526004e-05,2.8259862649723415e-05
3.7200641632080078,1790951871.9654241,0.00062012672424316406,0.034609879067047558,0,0,-0.024609142453120049,0.38664278919430384,-0.045430920429412401,0.052421999999999996,0.00096999999999999994,0.178507,-2.9152409028986486,1.2634438455186952,-2.8796187328654446,0.052397139207545587,0.00096730324224324898,0.17842302235604562,-0.29220649325996439,-0.045767107137005117,0.95525951301257628,-0.078326336719032275,0.99664386820035811,0.023790438306263872,-0.95314235572284312,-0.067870257719690949,-0.2948105796001419,8.7621779187526004e-05,2.8259862649723415e-05
3.7250640392303467,1790951871.9704239,0.000598907470703125,0.034609879067047558,0,0,-0.024609142453120049,0.38664278919430384,-0.045430920429412401,0.052421999999999996,0.00096999999999999994,0.178507,-2.9152409028986486,1.2634438455186952,-2.8796187328654446,0.052397139207545587,0.00096730324224324898,0.17842302235604562,-0.29220649325996439,-0.045767107137005117,0.95525951301257628,-0.078326336719032275,0.99664386820035811,0.023790438306263872,-0.95314235572284312,-0.067870257719690949,-0.2948105796001419,8.7621779187526004e-05,2.8259862649723415e-05
3.730039119720459,1790951871.975399,0.0005741119384765625,0.034609879067047558,0,0,-0.024609142453120049,0.38664278919430384,-0.045430920429412401,0.052421999999999996,0.00096999999999999994,0.178507,-2.9152409028986486,1.2634438455186952,-2.8796187328654446,0.052397139207545587,0.00096730324224324898,0.17842302235604562,-0.29220649325996439,-0.045767107137005117,0.95525951301257628,-0.078326336719032275,0.99664386820035811,0.023790438306263872,-0.95314235572284312,-0.067870257719690949,-0.2948105796001419,8.7621779187526004e-05,2.8259862649723415e-05
3.7350640296936035,1790951871.9804239,0.00059986114501953125,0.034609879067047558,0,0,-0.024609142453120049,0.38664278919430384,-0.045430920429412401,0.052421999999999996,0.00096999999999999994,0.178507,-2.9152409028986486,1.2634438455186952,-2.8796187328654446,0.052397139207545587,0.00096730324224324898,0.17842302235604562,-0.29220649325996439,-0.045767107137005117,0.95525951301257628,-0.078326336719032275,0.99664386820035811,0.023790438306263872,-0.95314235572284312,-0.067870257719690949,-0.2948105796001419,8.7621779187526004e-05,2.8259862649723415e-05
3.7400670051574707,1790951871.9854269,0.00061488151550292969,0.034609879067047558,0,0,-0.024609142453120049,0.38664278919430384,-0.045430920429412401,0.052421999999999996,0.00096999999999999994,0.178507,-2.9152409028986486,1.2634438455186952,-2.8796187328654446,0.052397139207545587,0.00096730324224324898,0.17842302235604562,-0.29220649325996439,-0.045767107137005117,0.95525951301257628,-0.078326336719032275,0.99664386820035811,0.023790438306263872,-0.95314235572284312,-0.067870257719690949,-0.2948105796001419,8.7621779187526004e-05,2.8259862649723415e-05
3.7450671195983887,1790951871.990427,0.00059199333190917969,0.034609879067047558,0,0,-0.024609142453120049,0.38664278919430384,-0.045430920429412401,0.052421999999999996,0.00096999999999999994,0.178507,-2.9152409028986486,1.2634438455186952,-2.8796187328654446,0.052397139207545587,0.00096730324224324898,0.17842302235604562,-0.29220649325996439,-0.045767107137005117,0.95525951301257628,-0.078326336719032275,0.99664386820035811,0.023790438306263872,-0.95314235572284312,-0.067870257719690949,-0.2948105796001419,8.7621779187526004e-05,2.8259862649723415e-05
3.7500391006469727,1790951871.995399,0.00060009956359863281,0.034609879067047558,0,0,-0.024609142453120049,0.38664278919430384,-0.045430920429412401,0.052421999999999996,0.00096999999999999994,0.178507,-2.9152409028986486,1.2634438455186952,-2.8796187328654446,0.052397139207545587,0.00096730324224324898,0.17842302235604562,-0.29220649325996439,-0.045767107137005117,0.95525951301257628,-0.078326336719032275,0.99664386820035811,0.023790438306263872,-0.95314235572284312,-0.067870257719690949,-0.2948105796001419,8.7621779187526004e-05,2.8259862649723415e-05
3.7550652027130127,1790951872.0004251,0.00060009956359863281,0.034609879067047558,0,0,-0.024609142453120049,0.38664278919430384,-0.045430920429412401,0.052421999999999996,0.00096999999999999994,0.178507,-2.9152409028986486,1.2634438455186952,-2.8796187328654446,0.052397139207545587,0.00096730324224324898,0.17842302235604562,-0.29220649325996439,-0.045767107137005117,0.95525951301257628,-0.078326336719032275,0.99664386820035811,0.023790438306263872,-0.95314235572284312,-0.067870257719690949,-0.2948105796001419,8.7621779187526004e-05,2.8259862649723415e-05
3.7600669860839844,1790951872.0054269,0.00062680244445800781,0.034609879067047558,0,0,-0.024609142453120049,0.38664278919430384,-0.045430920429412401,0.052421999999999996,0.00096999999999999994,0.178507,-2.9152409028986486,1.2634438455186952,-2.8796187328654446,0.052397139207545587,0.00096730324224324898,0.17842302235604562,-0.29220649325996439,-0.045767107137005117,0.95525951301257628,-0.078326336719032275,0.99664386820035811,0.023790438306263872,-0.95314235572284312,-0.067870257719690949,-0.2948105796001419,8.7621779187526004e-05,2.8259862649723415e-05
3.765064001083374,1790951872.0104239,0.00059795379638671875,0.034609879067047558,0,0,-0.024609142453120049,0.38664278919430384,-0.045430920429412401,0.052421999999999996,0.00096999999999999994,0.178507,-2.9152409028986486,1.2634438455186952,-2.8796187328654446,0.052397139207545587,0.00096730324224324898,0.17842302235604562,-0.29220649325996439,-0.045767107137005117,0.95525951301257628,-0.078326336719032275,0.99664386820035811,0.023790438306263872,-0.95314235572284312,-0.067870257719690949,-0.2948105796001419,8.7621779187526004e-05,2.8259862649723415e-05
3.770064115524292,1790951872.015424,0.00062489509582519531,0.034609879067047558,0,0,-0.024609142453120049,0.38664278919430384,-0.045430920429412401,0.052421999999999996,0.00096999999999999994,0.178507,-2.9152409028986486,1.2634438455186952,-2.8796187328654446,0.052397139207545587,0.00096730324224324898,0.17842302235604562,-0.29220649325996439,-0.045767107137005117,0.95525951301257628,-0.078326336719032275,0.99664386820035811,0.023790438306263872,-0.95314235572284312,-0.067870257719690949,-0.2948105796001419,8.7621779187526004e-05,2.8259862649723415e-05
3.7750651836395264,1790951872.0204251,0.00059914588928222656,0.034609879067047558,0,0,-0.024609142453120049,0.38664278919430384,-0.045430920429412401,0.052421999999999996,0.00096999999999999994,0.178507,-2.9152409028986486,1.2634438455186952,-2.8796187328654446,0.052397139207545587,0.00096730324224324898,0.17842302235604562,-0.29220649325996439,-0.045767107137005117,0.95525951301257628,-0.078326336719032275,0.99664386820035811,0.023790438306263872,-0.95314235572284312,-0.067870257719690949,-0.2948105796001419,8.7621779187526004e-05,2.8259862649723415e-05
3.7800412178039551,1790951872.0254011,0.00057721138000488281,0.034609879067047558,0,0,-0.024609142453120049,0.38664278919430384,-0.045430920429412401,0.052421999999999996,0.00096999999999999994,0.178507,-2.9152409028986486,1.2634438455186952,-2.8796187328654446,0.052397139207545587,0.00096730324224324898,0.17842302235604562,-0.29220649325996439,-0.045767107137005117,0.95525951301257628,-0.078326336719032275,0.99664386820035811,0.023790438306263872,-0.95314235572284312,-0.067870257719690949,-0.2948105796001419,8.7621779187526004e-05,2.8259862649723415e-05
3.7850651741027832,1790951872.0304251,0.00059199333190917969,0.034609879067047558,0,0,-0.024609142453120049,0.38664278919430384,-0.045430920429412401,0.052421999999999996,0.00096999999999999994,0.178507,-2.9152409028986486,1.2634438455186952,-2.8796187328654446,0.052397139207545587,0.00096730324224324898,0.17842302235604562,-0.29220649325996439,-0.045767107137005117,0.95525951301257628,-0.078326336719032275,0.99664386820035811,0.023790438306263872,-0.95314235572284312,-0.067870257719690949,-0.2948105796001419,8.7621779187526004e-05,2.8259862649723415e-05
3.7900421619415283,1790951872.0354021,0.00060296058654785156,0.034609879067047558,0,0,-0.024609142453120049,0.38664278919430384,-0.045430920429412401,0.052421999999999996,0.00096999999999999994,0.178507,-2.9152409028986486,1.2634438455186952,-2.8796187328654446,0.052397139207545587,0.00096730324224324898,0.17842302235604562,-0.29220649325996439,-0.045767107137005117,0.95525951301257628,-0.078326336719032275,0.99664386820035811,0.023790438306263872,-0.95314235572284312,-0.067870257719690949,-0.2948105796001419,8.7621779187526004e-05,2.8259862649723415e-05
3.7950642108917236,1790951872.0404241,0.00060009956359863281,0.034609879067047558,0,0,-0.024609142453120049,0.38664278919430384,-0.045430920429412401,0.052421999999999996,0.00096999999999999994,0.178507,-2.9152409028986486,1.2634438455186952,-2.8796187328654446,0.052397139207545587,0.00096730324224324898,0.17842302235604562,-0.29220649325996439,-0.045767107137005117,0.95525951301257628,-0.078326336719032275,0.99664386820035811,0.023790438306263872,-0.95314235572284312,-0.067870257719690949,-0.2948105796001419,8.7621779187526004e-05,2.8259862649723415e-05
3.8000671863555908,1790951872.0454271,0.00062513351440429688,0.034609879067047558,0,0,-0.024609142453120049,0.38664278919430384,-0.045430920429412401,0.052421999999999996,0.00096999999999999994,0.178507,-2.9152409028986486,1.2634438455186952,-2.8796187328654446,0.052397139207545587,0.00096730324224324898,0.17842302235604562,-0.29220649325996439,-0.045767107137005117,0.95525951301257628,-0.078326336719032275,0.99664386820035811,0.023790438306263872,-0.95314235572284312,-0.067870257719690949,-0.2948105796001419,8.7621779187526004e-05,2.8259862649723415e-05
3.8050651550292969,1790951872.0504251,0.00059795379638671875,0.034609879067047558,0,0,-0.024609142453120049,0.38664278919430384,-0.045430920429412401,0.052421999999999996,0.00096999999999999994,0.178507,-2.9152409028986486,1.2634438455186952,-2.8796187328654446,0.052397139207545587,0.00096730324224324898,0.17842302235604562,-0.29220649325996439,-0.045767107137005117,0.95525951301257628,-0.078326336719032275,0.99664386820035811,0.023790438306263872,-0.95314235572284312,-0.067870257719690949,-0.2948105796001419,8.7621779187526004e-05,2.8259862649723415e-05
3.8100650310516357,1790951872.0554249,0.00062584877014160156,0.034609879067047558,0,0,-0.024609142453120049,0.38664278919430384,-0.045430920429412401,0.052421999999999996,0.00096999999999999994,0.178507,-2.9152409028986486,1.2634438455186952,-2.8796187328654446,0.052397139207545587,0.00096730324224324898,0.17842302235604562,-0.29220649325996439,-0.045767107137005117,0.95525951301257628,-0.078326336719032275,0.99664386820035811,0.023790438306263872,-0.95314235572284312,-0.067870257719690949,-0.2948105796001419,8.7621779187526004e-05,2.8259862649723415e-05
3.8150651454925537,1790951872.060425,0.00060105323791503906,0.034609879067047558,0,0,-0.024609142453120049,0.38664278919430384,-0.045430920429412401,0.052421999999999996,0.00096999999999999994,0.178507,-2.9152409028986486,1.2634438455186952,-2.8796187328654446,0.052397139207545587,0.00096730324224324898,0.17842302235604562,-0.29220649325996439,-0.045767107137005117,0.95525951301257628,-0.078326336719032275,0.99664386820035811,0.023790438306263872,-0.95314235572284312,-0.067870257719690949,-0.2948105796001419,8.7621779187526004e-05,2.8259862649723415e-05
3.8200650215148926,1790951872.0654249,0.00062584877014160156,0.034609879067047558,0,0,-0.024609142453120049,0.38664278919430384,-0.045430920429412401,0.052421999999999996,0.00096999999999999994,0.178507,-2.9152409028986486,1.2634438455186952,-2.8796187328654446,0.052397139207545587,0.00096730324224324898,0.17842302235604562,-0.29220649325996439,-0.045767107137005117,0.95525951301257628,-0.078326336719032275,0.99664386820035811,0.023790438306263872,-0.95314235572284312,-0.067870257719690949,-0.2948105796001419,8.7621779187526004e-05,2.8259862649723415e-05
3.8250670433044434,1790951872.0704269,0.00060200691223144531,0.034609879067047558,0,0,-0.024609142453120049,0.38664278919430384,-0.045430920429412401,0.052421999999999996,0.00096999999999999994,0.178507,-2.9152409028986486,1.2634438455186952,-2.8796187328654446,0.052397139207545587,0.00096730324224324898,0.17842302235604562,-0.29220649325996439,-0.045767107137005117,0.95525951301257628,-0.078326336719032275,0.99664386820035811,0.023790438306263872,-0.95314235572284312,-0.067870257719690949,-0.2948105796001419,8.7621779187526004e-05,2.8259862649723415e-05
3.8300402164459229,1790951872.0754001,0.000576019287109375,0.034609879067047558,0,0,-0.024609142453120049,0.38664278919430384,-0.045430920429412401,0.052421999999999996,0.00096999999999999994,0.178507,-2.9152409028986486,1.2634438455186952,-2.8796187328654446,0.052397139207545587,0.00096730324224324898,0.17842302235604562,-0.29220649325996439,-0.045767107137005117,0.95525951301257628,-0.078326336719032275,0.99664386820035811,0.023790438306263872,-0.95314235572284312,-0.067870257719690949,-0.2948105796001419,8.7621779187526004e-05,2.8259862649723415e-05
3.8350660800933838,1790951872.080426,0.00059390068054199219,0.034609879067047558,0,0,-0.024609142453120049,0.38664278919430384,-0.045430920429412401,0.052421999999999996,0.00096999999999999994,0.178507,-2.9152409028986486,1.2634438455186952,-2.8796187328654446,0.052397139207545587,0.00096730324224324898,0.17842302235604562,-0.29220649325996439,-0.045767107137005117,0.95525951301257628,-0.078326336719032275,0.99664386820035811,0.023790438306263872,-0.95314235572284312,-0.067870257719690949,-0.2948105796001419,8.7621779187526004e-05,2.8259862649723415e-05
3.8400402069091797,1790951872.0854001,0.00057220458984375,0.034609879067047558,0,0,-0.024609142453120049,0.38664278919430384,-0.045430920429412401,0.052421999999999996,0.00096999999999999994,0.178507,-2.9152409028986486,1.2634438455186952,-2.8796187328654446,0.052397139207545587,0.00096730324224324898,0.17842302235604562,-0.29220649325996439,-0.045767107137005117,0.95525951301257628,-0.078326336719032275,0.99664386820035811,0.023790438306263872,-0.95314235572284312,-0.067870257719690949,-0.2948105796001419,8.7621779187526004e-05,2.8259862649723415e-05
3.8450651168823242,1790951872.090425,0.00060105323791503906,0.034609879067047558,0,0,-0.024609142453120049,0.38664278919430384,-0.045430920429412401,0.052421999999999996,0.00096999999999999994,0.178507,-2.9152409028986486,1.2634438455186952,-2.8796187328654446,0.052397139207545587,0.00096730324224324898,0.17842302235604562,-0.29220649325996439,-0.045767107137005117,0.95525951301257628,-0.078326336719032275,0.99664386820035811,0.023790438306263872,-0.95314235572284312,-0.067870257719690949,-0.2948105796001419,8.7621779187526004e-05,2.8259862649723415e-05
3.8500640392303467,1790951872.0954239,0.00061583518981933594,0.034609879067047558,0,0,-0.024609142453120049,0.38664278919430384,-0.045430920429412401,0.052421999999999996,0.00096999999999999994,0.178507,-2.9152409028986486,1.2634438455186952,-2.8796187328654446,0.052397139207545587,0.00096730324224324898,0.17842302235604562,-0.29220649325996439,-0.045767107137005117,0.95525951301257628,-0.078326336719032275,0.99664386820035811,0.023790438306263872,-0.95314235572284312,-0.067870257719690949,-0.2948105796001419,8.7621779187526004e-05,2.8259862649723415e-05
3.8550651073455811,1790951872.100425,0.0005970001220703125,0.034609879067047558,0,0,-0.024609142453120049,0.38664278919430384,-0.045430920429412401,0.052421999999999996,0.00096999999999999994,0.178507,-2.9152409028986486,1.2634438455186952,-2.8796187328654446,0.052397139207545587,0.00096730324224324898,0.17842302235604562,-0.29220649325996439,-0.045767107137005117,0.95525951301257628,-0.078326336719032275,0.99664386820035811,0.023790438306263872,-0.95314235572284312,-0.067870257719690949,-0.2948105796001419,8.7621779187526004e-05,2.8259862649723415e-05
3.8600649833679199,1790951872.1054249,0.00062489509582519531,0.034609879067047558,0,0,-0.024609142453120049,0.38664278919430384,-0.045430920429412401,0.052421999999999996,0.00096999999999999994,0.178507,-2.9152409028986486,1.2634438455186952,-2.8796187328654446,0.052397139207545587,0.00096730324224324898,0.17842302235604562,-0.29220649325996439,-0.045767107137005117,0.95525951301257628,-0.078326336719032275,0.99664386820035811,0.023790438306263872,-0.95314235572284312,-0.067870257719690949,-0.2948105796001419,8.7621779187526004e-05,2.8259862649723415e-05
3.8650660514831543,1790951872.1104259,0.00060105323791503906,0.034609879067047558,0,0,-0.024609142453120049,0.38664278919430384,-0.045430920429412401,0.052421999999999996,0.00096999999999999994,0.178507,-2.9152409028986486,1.2634438455186952,-2.8796187328654446,0.052397139207545587,0.00096730324224324898,0.17842302235604562,-0.29220649325996439,-0.045767107137005117,0.95525951301257628,-0.078326336719032275,0.99664386820035811,0.023790438306263872,-0.95314235572284312,-0.067870257719690949,-0.2948105796001419,8.7621779187526004e-05,2.8259862649723415e-05
3.8700661659240723,1790951872.1154261,0.00062608718872070312,0.034609879067047558,0,0,-0.024609142453120049,0.38664278919430384,-0.045430920429412401,0.052421999999999996,0.00096999999999999994,0.178507,-2.9152409028986486,1.2634438455186952,-2.8796187328654446,0.052397139207545587,0.00096730324224324898,0.17842302235604562,-0.29220649325996439,-0.045767107137005117,0.95525951301257628,-0.078326336719032275,0.99664386820035811,0.023790438306263872,-0.95314235572284312,-0.067870257719690949,-0.2948105796001419,8.7621779187526004e-05,2.8259862649723415e-05
3.8750669956207275,1790951872.1204269,0.00060200691223144531,0.034609879067047558,0,0,-0.024609142453120049,0.38664278919430384,-0.045430920429412401,0.052421999999999996,0.00096999999999999994,0.178507,-2.9152409028986486,1.2634438455186952,-2.8796187328654446,0.052397139207545587,0.00096730324224324898,0.17842302235604562,-0.29220649325996439,-0.045767107137005117,0.95525951301257628,-0.078326336719032275,0.99664386820035811,0.023790438306263872,-0.95314235572284312,-0.067870257719690949,-0.2948105796001419,8.7621779187526004e-05,2.8259862649723415e-05
3.8800661563873291,1790951872.1254261,0.00062513351440429688,0.034609879067047558,0,0,-0.024609142453120049,0.38664278919430384,-0.045430920429412401,0.052421999999999996,0.00096999999999999994,0.178507,-2.9152409028986486,1.2634438455186952,-2.8796187328654446,0.052397139207545587,0.00096730324224324898,0.17842302235604562,-0.29220649325996439,-0.045767107137005117,0.95525951301257628,-0.078326336719032275,0.99664386820035811,0.023790438306263872,-0.95314235572284312,-0.067870257719690949,-0.2948105796001419,8.7621779187526004e-05,2.8259862649723415e-05
3.8850791454315186,1790951872.130439,0.00061106681823730469,0.034609879067047558,0,0,-0.024609142453120049,0.38664278919430384,-0.045430920429412401,0.052421999999999996,0.00096999999999999994,0.178507,-2.9152409028986486,1.2634438455186952,-2.8796187328654446,0.052397139207545587,0.00096730324224324898,0.17842302235604562,-0.29220649325996439,-0.045767107137005117,0.95525951301257628,-0.078326336719032275,0.99664386820035811,0.023790438306263872,-0.95314235572284312,-0.067870257719690949,-0.2948105796001419,8.7621779187526004e-05,2.8259862649723415e-05
3.890045166015625,1790951872.1354051,0.00057911872863769531,0.034609879067047558,0,0,-0.024609142453120049,0.38664278919430384,-0.045430920429412401,0.052421999999999996,0.00096999999999999994,0.178507,-2.9152409028986486,1.2634438455186952,-2.8796187328654446,0.052397139207545587,0.00096730324224324898,0.17842302235604562,-0.29220649325996439,-0.045767107137005117,0.95525951301257628,-0.078326336719032275,0.99664386820035811,0.023790438306263872,-0.95314235572284312,-0.067870257719690949,-0.2948105796001419,8.7621779187526004e-05,2.8259862649723415e-05
3.8950650691986084,1790951872.140425,0.00059986114501953125,0.034609879067047558,0,0,-0.024609142453120049,0.38664278919430384,-0.045430920429412401,0.052421999999999996,0.00096999999999999994,0.178507,-2.9152409028986486,1.2634438455186952,-2.8796187328654446,0.052397139207545587,0.00096730324224324898,0.17842302235604562,-0.29220649325996439,-0.045767107137005117,0.95525951301257628,-0.078326336719032275,0.99664386820035811,0.023790438306263872,-0.95314235572284312,-0.067870257719690949,-0.2948105796001419,8.7621779187526004e-05,2.8259862649723415e-05
3.9000680446624756,1790951872.1454279,0.00060296058654785156,0.034609879067047558,0,0,-0.024609142453120049,0.38664278919430384,-0.045430920429412401,0.052421999999999996,0.00096999999999999994,0.178507,-2.9152409028986486,1.2634438455186952,-2.8796187328654446,0.052397139207545587,0.00096730324224324898,0.17842302235604562,-0.29220649325996439,-0.045767107137005117,0.95525951301257628,-0.078326336719032275,0.99664386820035811,0.023790438306263872,-0.95314235572284312,-0.067870257719690949,-0.2948105796001419,8.7621779187526004e-05,2.8259862649723415e-05
3.9050891399383545,1790951872.150449,0.00062203407287597656,0.034609879067047558,0,0,-0.024609142453120049,0.38664278919430384,-0.045430920429412401,0.052421999999999996,0.00096999999999999994,0.178507,-2.9152409028986486,1.2634438455186952,-2.8796187328654446,0.052397139207545587,0.00096730324224324898,0.17842302235604562,-0.29220649325996439,-0.045767107137005117,0.95525951301257628,-0.078326336719032275,0.99664386820035811,0.023790438306263872,-0.95314235572284312,-0.067870257719690949,-0.2948105796001419,8.7621779187526004e-05,2.8259862649723415e-05
3.9100651741027832,1790951872.1554251,0.00059795379638671875,0.034609879067047558,0,0,-0.024609142453120049,0.38664278919430384,-0.045430920429412401,0.052421999999999996,0.00096999999999999994,0.178507,-2.9152409028986486,1.2634438455186952,-2.8796187328654446,0.052397139207545587,0.00096730324224324898,0.17842302235604562,-0.29220649325996439,-0.045767107137005117,0.95525951301257628,-0.078326336719032275,0.99664386820035811,0.023790438306263872,-0.95314235572284312,-0.067870257719690949,-0.2948105796001419,8.7621779187526004e-05,2.8259862649723415e-05
3.9150681495666504,1790951872.160428,0.00060296058654785156,0.034609879067047558,0,0,-0.024609142453120049,0.38664278919430384,-0.045430920429412401,0.052421999999999996,0.00096999999999999994,0.178507,-2.9152409028986486,1.2634438455186952,-2.8796187328654446,0.052397139207545587,0.00096730324224324898,0.17842302235604562,-0.29220649325996439,-0.045767107137005117,0.95525951301257628,-0.078326336719032275,0.99664386820035811,0.023790438306263872,-0.95314235572284312,-0.067870257719690949,-0.2948105796001419,8.7621779187526004e-05,2.8259862649723415e-05
3.92006516456604,1790951872.1654251,0.00062298774719238281,0.034609879067047558,0,0,-0.024609142453120049,0.38664278919430384,-0.045430920429412401,0.052421999999999996,0.00096999999999999994,0.178507,-2.9152409028986486,1.2634438455186952,-2.8796187328654446,0.052397139207545587,0.00096730324224324898,0.17842302235604562,-0.29220649325996439,-0.045767107137005117,0.95525951301257628,-0.078326336719032275,0.99664386820035811,0.023790438306263872,-0.95314235572284312,-0.067870257719690949,-0.2948105796001419,8.7621779187526004e-05,2.8259862649723415e-05
3.9250681400299072,1790951872.170428,0.00060105323791503906,0.034609879067047558,0,0,-0.024609142453120049,0.38664278919430384,-0.045430920429412401,0.052421999999999996,0.00096999999999999994,0.178507,-2.9152409028986486,1.2634438455186952,-2.8796187328654446,0.052397139207545587,0.00096730324224324898,0.17842302235604562,-0.29220649325996439,-0.045767107137005117,0.95525951301257628,-0.078326336719032275,0.99664386820035811,0.023790438306263872,-0.95314235572284312,-0.067870257719690949,-0.2948105796001419,8.7621779187526004e-05,2.8259862649723415e-05
3.9300651550292969,1790951872.1754251,0.00060009956359863281,0.034609879067047558,0,0,-0.024609142453120049,0.38664278919430384,-0.045430920429412401,0.052421999999999996,0.00096999999999999994,0.178507,-2.9152409028986486,1.2634438455186952,-2.8796187328654446,0.052397139207545587,0.00096730324224324898,0.17842302235604562,-0.29220649325996439,-0.045767107137005117,0.95525951301257628,-0.078326336719032275,0.99664386820035811,0.023790438306263872,-0.95314235572284312,-0.067870257719690949,-0.2948105796001419,8.7621779187526004e-05,2.8259862649723415e-05
3.9350659847259521,1790951872.1804259,0.00059986114501953125,0.034609879067047558,0,0,-0.024609142453120049,0.38664278919430384,-0.045430920429412401,0.052421999999999996,0.00096999999999999994,0.178507,-2.9152409028986486,1.2634438455186952,-2.8796187328654446,0.052397139207545587,0.00096730324224324898,0.17842302235604562,-0.29220649325996439,-0.045767107137005117,0.95525951301257628,-0.078326336719032275,0.99664386820035811,0.023790438306263872,-0.95314235572284312,-0.067870257719690949,-0.2948105796001419,8.7621779187526004e-05,2.8259862649723415e-05
3.9400670528411865,1790951872.185427,0.00062394142150878906,0.034609879067047558,0,0,-0.024609142453120049,0.38664278919430384,-0.045430920429412401,0.052421999999999996,0.00096999999999999994,0.178507,-2.9152409028986486,1.2634438455186952,-2.8796187328654446,0.052397139207545587,0.00096730324224324898,0.17842302235604562,-0.29220649325996439,-0.045767107137005117,0.95525951301257628,-0.078326336719032275,0.99664386820035811,0.023790438306263872,-0.95314235572284312,-0.067870257719690949,-0.2948105796001419,8.7621779187526004e-05,2.8259862649723415e-05
3.9450662136077881,1790951872.1904261,0.00059819221496582031,0.034609879067047558,0,0,-0.024609142453120049,0.38664278919430384,-0.045430920429412401,0.052421999999999996,0.00096999999999999994,0.178507,-2.9152409028986486,1.2634438455186952,-2.8796187328654446,0.052397139207545587,0.00096730324224324898,0.17842302235604562,-0.29220649325996439,-0.045767107137005117,0.95525951301257628,-0.078326336719032275,0.99664386820035811,0.023790438306263872,-0.95314235572284312,-0.067870257719690949,-0.2948105796001419,8.7621779187526004e-05,2.8259862649723415e-05
3.950066089630127,1790951872.195426,0.00061798095703125,0.034609879067047558,0,0,-0.024609142453120049,0.38664278919430384,-0.045430920429412401,0.052421999999999996,0.00096999999999999994,0.178507,-2.9152409028986486,1.2634438455186952,-2.8796187328654446,0.052397139207545587,0.00096730324224324898,0.17842302235604562,-0.29220649325996439,-0.045767107137005117,0.95525951301257628,-0.078326336719032275,0.99664386820035811,0.023790438306263872,-0.95314235572284312,-0.067870257719690949,-0.2948105796001419,8.7621779187526004e-05,2.8259862649723415e-05
3.9550662040710449,1790951872.2004261,0.00060105323791503906,0.034609879067047558,0,0,-0.024609142453120049,0.38664278919430384,-0.045430920429412401,0.052421999999999996,0.00096999999999999994,0.178507,-2.9152409028986486,1.2634438455186952,-2.8796187328654446,0.052397139207545587,0.00096730324224324898,0.17842302235604562,-0.29220649325996439,-0.045767107137005117,0.95525951301257628,-0.078326336719032275,0.99664386820035811,0.023790438306263872,-0.95314235572284312,-0.067870257719690949,-0.2948105796001419,8.7621779187526004e-05,2.8259862649723415e-05
3.9600679874420166,1790951872.2054279,0.00062799453735351562,0.034609879067047558,0,0,-0.024609142453120049,0.38664278919430384,-0.045430920429412401,0.052421999999999996,0.00096999999999999994,0.178507,-2.9152409028986486,1.2634438455186952,-2.8796187328654446,0.052397139207545587,0.00096730324224324898,0.17842302235604562,-0.29220649325996439,-0.045767107137005117,0.95525951301257628,-0.078326336719032275,0.99664386820035811,0.023790438306263872,-0.95314235572284312,-0.067870257719690949,-0.2948105796001419,8.7621779187526004e-05,2.8259862649723415e-05
3.9650661945343018,1790951872.2104261,0.00060009956359863281,0.034609879067047558,0,0,-0.024609142453120049,0.38664278919430384,-0.045430920429412401,0.052421999999999996,0.00096999999999999994,0.178507,-2.9152409028986486,1.2634438455186952,-2.8796187328654446,0.052397139207545587,0.00096730324224324898,0.17842302235604562,-0.29220649325996439,-0.045767107137005117,0.95525951301257628,-0.078326336719032275,0.99664386820035811,0.023790438306263872,-0.95314235572284312,-0.067870257719690949,-0.2948105796001419,8.7621779187526004e-05,2.8259862649723415e-05
3.9700400829315186,1790951872.2154,0.00057506561279296875,0.034609879067047558,0,0,-0.024609142453120049,0.38664278919430384,-0.045430920429412401,0.052421999999999996,0.00096999999999999994,0.178507,-2.9152409028986486,1.2634438455186952,-2.8796187328654446,0.052397139207545587,0.00096730324224324898,0.17842302235604562,-0.29220649325996439,-0.045767107137005117,0.95525951301257628,-0.078326336719032275,0.99664386820035811,0.023790438306263872,-0.95314235572284312,-0.067870257719690949,-0.2948105796001419,8.7621779187526004e-05,2.8259862649723415e-05
3.9750680923461914,1790951872.220428,0.00060296058654785156,0.034609879067047558,0,0,-0.024609142453120049,0.38664278919430384,-0.045430920429412401,0.052421999999999996,0.00096999999999999994,0.178507,-2.9152409028986486,1.2634438455186952,-2.8796187328654446,0.052397139207545587,0.00096730324224324898,0.17842302235604562,-0.29220649325996439,-0.045767107137005117,0.95525951301257628,-0.078326336719032275,0.99664386820035811,0.023790438306263872,-0.95314235572284312,-0.067870257719690949,-0.2948105796001419,8.7621779187526004e-05,2.8259862649723415e-05
3.9800641536712646,1790951872.2254241,0.00062608718872070312,0.034609879067047558,0,0,-0.024609142453120049,0.38664278919430384,-0.045430920429412401,0.052421999999999996,0.00096999999999999994,0.178507,-2.9152409028986486,1.2634438455186952,-2.8796187328654446,0.052397139207545587,0.00096730324224324898,0.17842302235604562,-0.29220649325996439,-0.045767107137005117,0.95525951301257628,-0.078326336719032275,0.99664386820035811,0.023790438306263872,-0.95314235572284312,-0.067870257719690949,-0.2948105796001419,8.7621779187526004e-05,2.8259862649723415e-05
3.9850671291351318,1790951872.230427,0.00060200691223144531,0.034609879067047558,0,0,-0.024609142453120049,0.38664278919430384,-0.045430920429412401,0.052421999999999996,0.00096999999999999994,0.178507,-2.9152409028986486,1.2634438455186952,-2.8796187328654446,0.052397139207545587,0.00096730324224324898,0.17842302235604562,-0.29220649325996439,-0.045767107137005117,0.95525951301257628,-0.078326336719032275,0.99664386820035811,0.023790438306263872,-0.95314235572284312,-0.067870257719690949,-0.2948105796001419,8.7621779187526004e-05,2.8259862649723415e-05
3.9900681972503662,1790951872.2354281,0.00062704086303710938,0.034609879067047558,0,0,-0.024609142453120049,0.38664278919430384,-0.045430920429412401,0.052421999999999996,0.00096999999999999994,0.178507,-2.9152409028986486,1.2634438455186952,-2.8796187328654446,0.052397139207545587,0.00096730324224324898,0.17842302235604562,-0.29220649325996439,-0.045767107137005117,0.95525951301257628,-0.078326336719032275,0.99664386820035811,0.023790438306263872,-0.95314235572284312,-0.067870257719690949,-0.2948105796001419,8.7621779187526004e-05,2.8259862649723415e-05
3.9950661659240723,1790951872.2404261,0.00059914588928222656,0.034609879067047558,0,0,-0.024609142453120049,0.38664278919430384,-0.045430920429412401,0.052421999999999996,0.00096999999999999994,0.178507,-2.9152409028986486,1.2634438455186952,-2.8796187328654446,0.052397139207545587,0.00096730324224324898,0.17842302235604562,-0.29220649325996439,-0.045767107137005117,0.95525951301257628,-0.078326336719032275,0.99664386820035811,0.023790438306263872,-0.95314235572284312,-0.067870257719690949,-0.2948105796001419,8.7621779187526004e-05,2.8259862649723415e-05
4.000068187713623,1790951872.2454281,0.00062799453735351562,0.034609879067047558,0,0,-0.024609142453120049,0.38664278919430384,-0.045430920429412401,0.052421999999999996,0.00096999999999999994,0.178507,-2.9152409028986486,1.2634438455186952,-2.8796187328654446,0.052397139207545587,0.00096730324224324898,0.17842302235604562,-0.29220649325996439,-0.045767107137005117,0.95525951301257628,-0.078326336719032275,0.99664386820035811,0.023790438306263872,-0.95314235572284312,-0.067870257719690949,-0.2948105796001419,8.7621779187526004e-05,2.8259862649723415e-05
4.0050680637359619,1790951872.250428,0.00060105323791503906,0.034609879067047558,0,0,-0.024609142453120049,0.38664278919430384,-0.045430920429412401,0.052421999999999996,0.00096999999999999994,0.178507,-2.9152409028986486,1.2634438455186952,-2.8796187328654446,0.052397139207545587,0.00096730324224324898,0.17842302235604562,-0.29220649325996439,-0.045767107137005117,0.95525951301257628,-0.078326336719032275,0.99664386820035811,0.023790438306263872,-0.95314235572284312,-0.067870257719690949,-0.2948105796001419,8.7621779187526004e-05,2.8259862649723415e-05
4.0100669860839844,1790951872.2554269,0.00062680244445800781,0.034609879067047558,0,0,-0.024609142453120049,0.38664278919430384,-0.045430920429412401,0.052421999999999996,0.00096999999999999994,0.178507,-2.9152409028986486,1.2634438455186952,-2.8796187328654446,0.052397139207545587,0.00096730324224324898,0.17842302235604562,-0.29220649325996439,-0.045767107137005117,0.95525951301257628,-0.078326336719032275,0.99664386820035811,0.023790438306263872,-0.95314235572284312,-0.067870257719690949,-0.2948105796001419,8.7621779187526004e-05,2.8259862649723415e-05
4.0150711536407471,1790951872.2604311,0.00060009956359863281,0.034609879067047558,0,0,-0.024609142453120049,0.38664278919430384,-0.045430920429412401,0.052421999999999996,0.00096999999999999994,0.178507,-2.9152409028986486,1.2634438455186952,-2.8796187328654446,0.052397139207545587,0.00096730324224324898,0.17842302235604562,-0.29220649325996439,-0.045767107137005117,0.95525951301257628,-0.078326336719032275,0.99664386820035811,0.023790438306263872,-0.95314235572284312,-0.067870257719690949,-0.2948105796001419,8.7621779187526004e-05,2.8259862649723415e-05
4.0200672149658203,1790951872.2654271,0.00062608718872070312,0.034609879067047558,0,0,-0.024609142453120049,0.38664278919430384,-0.045430920429412401,0.052421999999999996,0.00096999999999999994,0.178507,-2.9152409028986486,1.2634438455186952,-2.8796187328654446,0.052397139207545587,0.00096730324224324898,0.17842302235604562,-0.29220649325996439,-0.045767107137005117,0.95525951301257628,-0.078326336719032275,0.99664386820035811,0.023790438306263872,-0.95314235572284312,-0.067870257719690949,-0.2948105796001419,8.7621779187526004e-05,2.8259862649723415e-05
4.0250670909881592,1790951872.270427,0.00060009956359863281,0.034609879067047558,0,0,-0.024609142453120049,0.38664278919430384,-0.045430920429412401,0.052421999999999996,0.00096999999999999994,0.178507,-2.9152409028986486,1.2634438455186952,-2.8796187328654446,0.052397139207545587,0.00096730324224324898,0.17842302235604562,-0.29220649325996439,-0.045767107137005117,0.95525951301257628,-0.078326336719032275,0.99664386820035811,0.023790438306263872,-0.95314235572284312,-0.067870257719690949,-0.2948105796001419,8.7621779187526004e-05,2.8259862649723415e-05
4.0300660133361816,1790951872.2754259,0.00061893463134765625,0.034609879067047558,0,0,-0.024609142453120049,0.38664278919430384,-0.045430920429412401,0.052421999999999996,0.00096999999999999994,0.178507,-2.9152409028986486,1.2634438455186952,-2.8796187328654446,0.052397139207545587,0.00096730324224324898,0.17842302235604562,-0.29220649325996439,-0.045767107137005117,0.95525951301257628,-0.078326336719032275,0.99664386820035811,0.023790438306263872,-0.95314235572284312,-0.067870257719690949,-0.2948105796001419,8.7621779187526004e-05,2.8259862649723415e-05
4.0350689888000488,1790951872.2804289,0.00060176849365234375,0.034609879067047558,0,0,-0.024609142453120049,0.38664278919430384,-0.045430920429412401,0.052421999999999996,0.00096999999999999994,0.178507,-2.9152409028986486,1.2634438455186952,-2.8796187328654446,0.052397139207545587,0.00096730324224324898,0.17842302235604562,-0.29220649325996439,-0.045767107137005117,0.95525951301257628,-0.078326336719032275,0.99664386820035811,0.023790438306263872,-0.95314235572284312,-0.067870257719690949,-0.2948105796001419,8.7621779187526004e-05,2.8259862649723415e-05
4.040067195892334,1790951872.2854271,0.00062513351440429688,0.034609879067047558,0,0,-0.024609142453120049,0.38664278919430384,-0.045430920429412401,0.052421999999999996,0.00096999999999999994,0.178507,-2.9152409028986486,1.2634438455186952,-2.8796187328654446,0.052397139207545587,0.00096730324224324898,0.17842302235604562,-0.29220649325996439,-0.045767107137005117,0.95525951301257628,-0.078326336719032275,0.99664386820035811,0.023790438306263872,-0.95314235572284312,-0.067870257719690949,-0.2948105796001419,8.7621779187526004e-05,2.8259862649723415e-05
4.045072078704834,1790951872.290432,0.00060296058654785156,0.034609879067047558,0,0,-0.024609142453120049,0.38664278919430384,-0.045430920429412401,0.052421999999999996,0.00096999999999999994,0.178507,-2.9152409028986486,1.2634438455186952,-2.8796187328654446,0.052397139207545587,0.00096730324224324898,0.17842302235604562,-0.29220649325996439,-0.045767107137005117,0.95525951301257628,-0.078326336719032275,0.99664386820035811,0.023790438306263872,-0.95314235572284312,-0.067870257719690949,-0.2948105796001419,8.7621779187526004e-05,2.8259862649723415e-05
4.0500671863555908,1790951872.2954271,0.00062417984008789062,0.034609879067047558,0,0,-0.024609142453120049,0.38664278919430384,-0.045430920429412401,0.052421999999999996,0.00096999999999999994,0.178507,-2.9152409028986486,1.2634438455186952,-2.8796187328654446,0.052397139207545587,0.00096730324224324898,0.17842302235604562,-0.29220649325996439,-0.045767107137005117,0.95525951301257628,-0.078326336719032275,0.99664386820035811,0.023790438306263872,-0.95314235572284312,-0.067870257719690949,-0.2948105796001419,8.7621779187526004e-05,2.8259862649723415e-05
4.0550680160522461,1790951872.3004279,0.00060296058654785156,0.034609879067047558,0,0,-0.024609142453120049,0.38664278919430384,-0.045430920429412401,0.052421999999999996,0.00096999999999999994,0.178507,-2.9152409028986486,1.2634438455186952,-2.8796187328654446,0.052397139207545587,0.00096730324224324898,0.17842302235604562,-0.29220649325996439,-0.045767107137005117,0.95525951301257628,-0.078326336719032275,0.99664386820035811,0.023790438306263872,-0.95314235572284312,-0.067870257719690949,-0.2948105796001419,8.7621779187526004e-05,2.8259862649723415e-05
4.0600671768188477,1790951872.3054271,0.00060105323791503906,0.034609879067047558,0,0,-0.024609142453120049,0.38664278919430384,-0.045430920429412401,0.052421999999999996,0.00096999999999999994,0.178507,-2.9152409028986486,1.2634438455186952,-2.8796187328654446,0.052397139207545587,0.00096730324224324898,0.17842302235604562,-0.29220649325996439,-0.045767107137005117,0.95525951301257628,-0.078326336719032275,0.99664386820035811,0.023790438306263872,-0.95314235572284312,-0.067870257719690949,-0.2948105796001419,8.7621779187526004e-05,2.8259862649723415e-05
4.0650670528411865,1790951872.310427,0.00060105323791503906,0.034609879067047558,0,0,-0.024609142453120049,0.38664278919430384,-0.045430920429412401,0.052421999999999996,0.00096999999999999994,0.178507,-2.9152409028986486,1.2634438455186952,-2.8796187328654446,0.052397139207545587,0.00096730324224324898,0.17842302235604562,-0.29220649325996439,-0.045767107137005117,0.95525951301257628,-0.078326336719032275,0.99664386820035811,0.023790438306263872,-0.95314235572284312,-0.067870257719690949,-0.2948105796001419,8.7621779187526004e-05,2.8259862649723415e-05
4.0700681209564209,1790951872.315428,0.00062799453735351562,0.034609879067047558,0,0,-0.024609142453120049,0.38664278919430384,-0.045430920429412401,0.052421999999999996,0.00096999999999999994,0.178507,-2.9152409028986486,1.2634438455186952,-2.8796187328654446,0.052397139207545587,0.00096730324224324898,0.17842302235604562,-0.29220649325996439,-0.045767107137005117,0.95525951301257628,-0.078326336719032275,0.99664386820035811,0.023790438306263872,-0.95314235572284312,-0.067870257719690949,-0.2948105796001419,8.7621779187526004e-05,2.8259862649723415e-05
4.0750670433044434,1790951872.3204269,0.00059986114501953125,0.034609879067047558,0,0,-0.024609142453120049,0.38664278919430384,-0.045430920429412401,0.052421999999999996,0.00096999999999999994,0.178507,-2.9152409028986486,1.2634438455186952,-2.8796187328654446,0.052397139207545587,0.00096730324224324898,0.17842302235604562,-0.29220649325996439,-0.045767107137005117,0.95525951301257628,-0.078326336719032275,0.99664386820035811,0.023790438306263872,-0.95314235572284312,-0.067870257719690949,-0.2948105796001419,8.7621779187526004e-05,2.8259862649723415e-05
4.0800671577453613,1790951872.3254271,0.00062704086303710938,0.034609879067047558,0,0,-0.024609142453120049,0.38664278919430384,-0.045430920429412401,0.052421999999999996,0.00096999999999999994,0.178507,-2.9152409028986486,1.2634438455186952,-2.8796187328654446,0.052397139207545587,0.00096730324224324898,0.17842302235604562,-0.29220649325996439,-0.045767107137005117,0.95525951301257628,-0.078326336719032275,0.99664386820035811,0.023790438306263872,-0.95314235572284312,-0.067870257719690949,-0.2948105796001419,8.7621779187526004e-05,2.8259862649723415e-05
4.0850670337677002,1790951872.3304269,0.0006008148193359375,0.034609879067047558,0,0,-0.024609142453120049,0.38664278919430384,-0.045430920429412401,0.052421999999999996,0.00096999999999999994,0.178507,-2.9152409028986486,1.2634438455186952,-2.8796187328654446,0.052397139207545587,0.00096730324224324898,0.17842302235604562,-0.29220649325996439,-0.045767107137005117,0.95525951301257628,-0.078326336719032275,0.99664386820035811,0.023790438306263872,-0.95314235572284312,-0.067870257719690949,-0.2948105796001419,8.7621779187526004e-05,2.8259862649723415e-05
4.0900661945343018,1790951872.3354261,0.0005970001220703125,0.034609879067047558,0,0,-0.024609142453120049,0.38664278919430384,-0.045430920429412401,0.052421999999999996,0.00096999999999999994,0.178507,-2.9152409028986486,1.2634438455186952,-2.8796187328654446,0.052397139207545587,0.00096730324224324898,0.17842302235604562,-0.29220649325996439,-0.045767107137005117,0.95525951301257628,-0.078326336719032275,0.99664386820035811,0.023790438306263872,-0.95314235572284312,-0.067870257719690949,-0.2948105796001419,8.7621779187526004e-05,2.8259862649723415e-05
4.0950682163238525,1790951872.3404281,0.00060105323791503906,0.034609879067047558,0,0,-0.024609142453120049,0.38664278919430384,-0.045430920429412401,0.052421999999999996,0.00096999999999999994,0.178507,-2.9152409028986486,1.2634438455186952,-2.8796187328654446,0.052397139207545587,0.00096730324224324898,0.17842302235604562,-0.29220649325996439,-0.045767107137005117,0.95525951301257628,-0.078326336719032275,0.99664386820035811,0.023790438306263872,-0.95314235572284312,-0.067870257719690949,-0.2948105796001419,8.7621779187526004e-05,2.8259862649723415e-05
4.1000699996948242,1790951872.3454299,0.00060200691223144531,0.034609879067047558,0,0,-0.024609142453120049,0.38664278919430384,-0.045430920429412401,0.052421999999999996,0.00096999999999999994,0.178507,-2.9152409028986486,1.2634438455186952,-2.8796187328654446,0.052397139207545587,0.00096730324224324898,0.17842302235604562,-0.29220649325996439,-0.045767107137005117,0.95525951301257628,-0.078326336719032275,0.99664386820035811,0.023790438306263872,-0.95314235572284312,-0.067870257719690949,-0.2948105796001419,8.7621779187526004e-05,2.8259862649723415e-05
4.1050691604614258,1790951872.3504291,0.00060009956359863281,0.034609879067047558,0,0,-0.024609142453120049,0.38664278919430384,-0.045430920429412401,0.052421999999999996,0.00096999999999999994,0.178507,-2.9152409028986486,1.2634438455186952,-2.8796187328654446,0.052397139207545587,0.00096730324224324898,0.17842302235604562,-0.29220649325996439,-0.045767107137005117,0.95525951301257628,-0.078326336719032275,0.99664386820035811,0.023790438306263872,-0.95314235572284312,-0.067870257719690949,-0.2948105796001419,8.7621779187526004e-05,2.8259862649723415e-05
4.1100430488586426,1790951872.3554029,0.000576019287109375,0.034609879067047558,0,0,-0.024609142453120049,0.38664278919430384,-0.045430920429412401,0.052421999999999996,0.00096999999999999994,0.178507,-2.9152409028986486,1.2634438455186952,-2.8796187328654446,0.052397139207545587,0.00096730324224324898,0.17842302235604562,-0.29220649325996439,-0.045767107137005117,0.95525951301257628,-0.078326336719032275,0.99664386820035811,0.023790438306263872,-0.95314235572284312,-0.067870257719690949,-0.2948105796001419,8.7621779187526004e-05,2.8259862649723415e-05
4.1150670051574707,1790951872.3604269,0.00058889389038085938,0.034609879067047558,0,0,-0.024609142453120049,0.38664278919430384,-0.045430920429412401,0.052421999999999996,0.00096999999999999994,0.178507,-2.9152409028986486,1.2634438455186952,-2.8796187328654446,0.052397139207545587,0.00096730324224324898,0.17842302235604562,-0.29220649325996439,-0.045767107137005117,0.95525951301257628,-0.078326336719032275,0.99664386820035811,0.023790438306263872,-0.95314235572284312,-0.067870257719690949,-0.2948105796001419,8.7621779187526004e-05,2.8259862649723415e-05
4.1200680732727051,1790951872.365428,0.00062394142150878906,0.034609879067047558,0,0,-0.024609142453120049,0.38664278919430384,-0.045430920429412401,0.052421999999999996,0.00096999999999999994,0.178507,-2.9152409028986486,1.2634438455186952,-2.8796187328654446,0.052397139207545587,0.00096730324224324898,0.17842302235604562,-0.29220649325996439,-0.045767107137005117,0.95525951301257628,-0.078326336719032275,0.99664386820035811,0.023790438306263872,-0.95314235572284312,-0.067870257719690949,-0.2948105796001419,8.7621779187526004e-05,2.8259862649723415e-05
4.1250700950622559,1790951872.37043,0.00060105323791503906,0.034609879067047558,0,0,-0.024609142453120049,0.38664278919430384,-0.045430920429412401,0.052421999999999996,0.00096999999999999994,0.178507,-2.9152409028986486,1.2634438455186952,-2.8796187328654446,0.052397139207545587,0.00096730324224324898,0.17842302235604562,-0.29220649325996439,-0.045767107137005117,0.95525951301257628,-0.078326336719032275,0.99664386820035811,0.023790438306263872,-0.95314235572284312,-0.067870257719690949,-0.2948105796001419,8.7621779187526004e-05,2.8259862649723415e-05
4.1300680637359619,1790951872.375428,0.00059986114501953125,0.034609879067047558,0,0,-0.024609142453120049,0.38664278919430384,-0.045430920429412401,0.052421999999999996,0.00096999999999999994,0.178507,-2.9152409028986486,1.2634438455186952,-2.8796187328654446,0.052397139207545587,0.00096730324224324898,0.17842302235604562,-0.29220649325996439,-0.045767107137005117,0.95525951301257628,-0.078326336719032275,0.99664386820035811,0.023790438306263872,-0.95314235572284312,-0.067870257719690949,-0.2948105796001419,8.7621779187526004e-05,2.8259862649723415e-05
4.1350860595703125,1790951872.380446,0.0006198883056640625,0.034609879067047558,0,0,-0.024609142453120049,0.38664278919430384,-0.045430920429412401,0.052421999999999996,0.00096999999999999994,0.178507,-2.9152409028986486,1.2634438455186952,-2.8796187328654446,0.052397139207545587,0.00096730324224324898,0.17842302235604562,-0.29220649325996439,-0.045767107137005117,0.95525951301257628,-0.078326336719032275,0.99664386820035811,0.023790438306263872,-0.95314235572284312,-0.067870257719690949,-0.2948105796001419,8.7621779187526004e-05,2.8259862649723415e-05
4.1400701999664307,1790951872.3854301,0.00062704086303710938,0.034609879067047558,0,0,-0.024609142453120049,0.38664278919430384,-0.045430920429412401,0.052421999999999996,0.00096999999999999994,0.178507,-2.9152409028986486,1.2634438455186952,-2.8796187328654446,0.052397139207545587,0.00096730324224324898,0.17842302235604562,-0.29220649325996439,-0.045767107137005117,0.95525951301257628,-0.078326336719032275,0.99664386820035811,0.023790438306263872,-0.95314235572284312,-0.067870257719690949,-0.2948105796001419,8.7621779187526004e-05,2.8259862649723415e-05
4.1450681686401367,1790951872.3904281,0.00060009956359863281,0.034609879067047558,0,0,-0.024609142453120049,0.38664278919430384,-0.045430920429412401,0.052421999999999996,0.00096999999999999994,0.178507,-2.9152409028986486,1.2634438455186952,-2.8796187328654446,0.052397139207545587,0.00096730324224324898,0.17842302235604562,-0.29220649325996439,-0.045767107137005117,0.95525951301257628,-0.078326336719032275,0.99664386820035811,0.023790438306263872,-0.95314235572284312,-0.067870257719690949,-0.2948105796001419,8.7621779187526004e-05,2.8259862649723415e-05
4.1500680446624756,1790951872.3954279,0.00060200691223144531,0.034609879067047558,0,0,-0.024609142453120049,0.38664278919430384,-0.045430920429412401,0.052421999999999996,0.00096999999999999994,0.178507,-2.9152409028986486,1.2634438455186952,-2.8796187328654446,0.052397139207545587,0.00096730324224324898,0.17842302235604562,-0.29220649325996439,-0.045767107137005117,0.95525951301257628,-0.078326336719032275,0.99664386820035811,0.023790438306263872,-0.95314235572284312,-0.067870257719690949,-0.2948105796001419,8.7621779187526004e-05,2.8259862649723415e-05
4.1550672054290771,1790951872.4004271,0.00060105323791503906,0.034609879067047558,0,0,-0.024609142453120049,0.38664278919430384,-0.045430920429412401,0.052421999999999996,0.00096999999999999994,0.178507,-2.9152409028986486,1.2634438455186952,-2.8796187328654446,0.052397139207545587,0.00096730324224324898,0.17842302235604562,-0.29220649325996439,-0.045767107137005117,0.95525951301257628,-0.078326336719032275,0.99664386820035811,0.023790438306263872,-0.95314235572284312,-0.067870257719690949,-0.2948105796001419,8.7621779187526004e-05,2.8259862649723415e-05
4.1600420475006104,1790951872.4054019,0.00057697296142578125,0.034609879067047558,0,0,-0.024609142453120049,0.38664278919430384,-0.045430920429412401,0.052421999999999996,0.00096999999999999994,0.178507,-2.9152409028986486,1.2634438455186952,-2.8796187328654446,0.052397139207545587,0.00096730324224324898,0.17842302235604562,-0.29220649325996439,-0.045767107137005117,0.95525951301257628,-0.078326336719032275,0.99664386820035811,0.023790438306263872,-0.95314235572284312,-0.067870257719690949,-0.2948105796001419,8.7621779187526004e-05,2.8259862649723415e-05
4.165067195892334,1790951872.4104271,0.00060009956359863281,0.034609879067047558,0,0,-0.024609142453120049,0.38664278919430384,-0.045430920429412401,0.052421999999999996,0.00096999999999999994,0.178507,-2.9152409028986486,1.2634438455186952,-2.8796187328654446,0.052397139207545587,0.00096730324224324898,0.17842302235604562,-0.29220649325996439,-0.045767107137005117,0.95525951301257628,-0.078326336719032275,0.99664386820035811,0.023790438306263872,-0.95314235572284312,-0.067870257719690949,-0.2948105796001419,8.7621779187526004e-05,2.8259862649723415e-05
4.1700680255889893,1790951872.4154279,0.0006008148193359375,0.034609879067047558,0,0,-0.024609142453120049,0.38664278919430384,-0.045430920429412401,0.052421999999999996,0.00096999999999999994,0.178507,-2.9152409028986486,1.2634438455186952,-2.8796187328654446,0.052397139207545587,0.00096730324224324898,0.17842302235604562,-0.29220649325996439,-0.045767107137005117,0.95525951301257628,-0.078326336719032275,0.99664386820035811,0.023790438306263872,-0.95314235572284312,-0.067870257719690949,-0.2948105796001419,8.7621779187526004e-05,2.8259862649723415e-05
4.1750681400299072,1790951872.420428,0.00060105323791503906,0.034609879067047558,0,0,-0.024609142453120049,0.38664278919430384,-0.045430920429412401,0.052421999999999996,0.00096999999999999994,0.178507,-2.9152409028986486,1.2634438455186952,-2.8796187328654446,0.052397139207545587,0.00096730324224324898,0.17842302235604562,-0.29220649325996439,-0.045767107137005117,0.95525951301257628,-0.078326336719032275,0.99664386820035811,0.023790438306263872,-0.95314235572284312,-0.067870257719690949,-0.2948105796001419,8.7621779187526004e-05,2.8259862649723415e-05
4.1800661087036133,1790951872.425426,0.00060009956359863281,0.034609879067047558,0,0,-0.024609142453120049,0.38664278919430384,-0.045430920429412401,0.052421999999999996,0.00096999999999999994,0.178507,-2.9152409028986486,1.2634438455186952,-2.8796187328654446,0.052397139207545587,0.00096730324224324898,0.17842302235604562,-0.29220649325996439,-0.045767107137005117,0.95525951301257628,-0.078326336719032275,0.99664386820035811,0.023790438306263872,-0.95314235572284312,-0.067870257719690949,-0.2948105796001419,8.7621779187526004e-05,2.8259862649723415e-05
4.1850690841674805,1790951872.430429,0.00060009956359863281,0.034609879067047558,0,0,-0.024609142453120049,0.38664278919430384,-0.045430920429412401,0.052421999999999996,0.00096999999999999994,0.178507,-2.9152409028986486,1.2634438455186952,-2.8796187328654446,0.052397139207545587,0.00096730324224324898,0.17842302235604562,-0.29220649325996439,-0.045767107137005117,0.95525951301257628,-0.078326336719032275,0.99664386820035811,0.023790438306263872,-0.95314235572284312,-0.067870257719690949,-0.2948105796001419,8.7621779187526004e-05,2.8259862649723415e-05
4.1900660991668701,1790951872.435426,0.00062298774719238281,0.034609879067047558,0,0,-0.024609142453120049,0.38664278919430384,-0.045430920429412401,0.052421999999999996,0.00096999999999999994,0.178507,-2.9152409028986486,1.2634438455186952,-2.8796187328654446,0.052397139207545587,0.00096730324224324898,0.17842302235604562,-0.29220649325996439,-0.045767107137005117,0.95525951301257628,-0.078326336719032275,0.99664386820035811,0.023790438306263872,-0.95314235572284312,-0.067870257719690949,-0.2948105796001419,8.7621779187526004e-05,2.8259862649723415e-05
4.1950681209564209,1790951872.440428,0.00060009956359863281,0.034609879067047558,0,0,-0.024609142453120049,0.38664278919430384,-0.045430920429412401,0.052421999999999996,0.00096999999999999994,0.178507,-2.9152409028986486,1.2634438455186952,-2.8796187328654446,0.052397139207545587,0.00096730324224324898,0.17842302235604562,-0.29220649325996439,-0.045767107137005117,0.95525951301257628,-0.078326336719032275,0.99664386820035811,0.023790438306263872,-0.95314235572284312,-0.067870257719690949,-0.2948105796001419,8.7621779187526004e-05,2.8259862649723415e-05
4.2000432014465332,1790951872.4454031,0.00057315826416015625,0.034609879067047558,0,0,-0.024609142453120049,0.38664278919430384,-0.045430920429412401,0.052421999999999996,0.00096999999999999994,0.178507,-2.9152409028986486,1.2634438455186952,-2.8796187328654446,0.052397139207545587,0.00096730324224324898,0.17842302235604562,-0.29220649325996439,-0.045767107137005117,0.95525951301257628,-0.078326336719032275,0.99664386820035811,0.023790438306263872,-0.95314235572284312,-0.067870257719690949,-0.2948105796001419,8.7621779187526004e-05,2.8259862649723415e-05
4.2050721645355225,1790951872.4504321,0.00060510635375976562,0.034609879067047558,0,0,-0.024609142453120049,0.38664278919430384,-0.045430920429412401,0.052421999999999996,0.00096999999999999994,0.178507,-2.9152409028986486,1.2634438455186952,-2.8796187328654446,0.052397139207545587,0.00096730324224324898,0.17842302235604562,-0.29220649325996439,-0.045767107137005117,0.95525951301257628,-0.078326336719032275,0.99664386820035811,0.023790438306263872,-0.95314235572284312,-0.067870257719690949,-0.2948105796001419,8.7621779187526004e-05,2.8259862649723415e-05
4.2100670337677002,1790951872.4554269,0.0006008148193359375,0.034609879067047558,0,0,-0.024609142453120049,0.38664278919430384,-0.045430920429412401,0.052421999999999996,0.00096999999999999994,0.178507,-2.9152409028986486,1.2634438455186952,-2.8796187328654446,0.052397139207545587,0.00096730324224324898,0.17842302235604562,-0.29220649325996439,-0.045767107137005117,0.95525951301257628,-0.078326336719032275,0.99664386820035811,0.023790438306263872,-0.95314235572284312,-0.067870257719690949,-0.2948105796001419,8.7621779187526004e-05,2.8259862649723415e-05
4.2150671482086182,1790951872.460427,0.00059914588928222656,0.034609879067047558,0,0,-0.024609142453120049,0.38664278919430384,-0.045430920429412401,0.052421999999999996,0.00096999999999999994,0.178507,-2.9152409028986486,1.2634438455186952,-2.8796187328654446,0.052397139207545587,0.00096730324224324898,0.17842302235604562,-0.29220649325996439,-0.045767107137005117,0.95525951301257628,-0.078326336719032275,0.99664386820035811,0.023790438306263872,-0.95314235572284312,-0.067870257719690949,-0.2948105796001419,8.7621779187526004e-05,2.8259862649723415e-05
4.2200701236724854,1790951872.46543,0.00060105323791503906,0.034609879067047558,0,0,-0.024609142453120049,0.38664278919430384,-0.045430920429412401,0.052421999999999996,0.00096999999999999994,0.178507,-2.9152409028986486,1.2634438455186952,-2.8796187328654446,0.052397139207545587,0.00096730324224324898,0.17842302235604562,-0.29220649325996439,-0.045767107137005117,0.95525951301257628,-0.078326336719032275,0.99664386820035811,0.023790438306263872,-0.95314235572284312,-0.067870257719690949,-0.2948105796001419,8.7621779187526004e-05,2.8259862649723415e-05
4.2250699996948242,1790951872.4704299,0.00060296058654785156,0.034609879067047558,0,0,-0.024609142453120049,0.38664278919430384,-0.045430920429412401,0.052421999999999996,0.00096999999999999994,0.178507,-2.9152409028986486,1.2634438455186952,-2.8796187328654446,0.052397139207545587,0.00096730324224324898,0.17842302235604562,-0.29220649325996439,-0.045767107137005117,0.95525951301257628,-0.078326336719032275,0.99664386820035811,0.023790438306263872,-0.95314235572284312,-0.067870257719690949,-0.2948105796001419,8.7621779187526004e-05,2.8259862649723415e-05
4.2300682067871094,1790951872.4754281,0.00060105323791503906,0.034609879067047558,0,0,-0.024609142453120049,0.38664278919430384,-0.045430920429412401,0.052421999999999996,0.00096999999999999994,0.178507,-2.9152409028986486,1.2634438455186952,-2.8796187328654446,0.052397139207545587,0.00096730324224324898,0.17842302235604562,-0.29220649325996439,-0.045767107137005117,0.95525951301257628,-0.078326336719032275,0.99664386820035811,0.023790438306263872,-0.95314235572284312,-0.067870257719690949,-0.2948105796001419,8.7621779187526004e-05,2.8259862649723415e-05
4.2350680828094482,1790951872.480428,0.00059390068054199219,0.034609879067047558,0,0,-0.024609142453120049,0.38664278919430384,-0.045430920429412401,0.052421999999999996,0.00096999999999999994,0.178507,-2.9152409028986486,1.2634438455186952,-2.8796187328654446,0.052397139207545587,0.00096730324224324898,0.17842302235604562,-0.29220649325996439,-0.045767107137005117,0.95525951301257628,-0.078326336719032275,0.99664386820035811,0.023790438306263872,-0.95314235572284312,-0.067870257719690949,-0.2948105796001419,8.7621779187526004e-05,2.8259862649723415e-05
4.2400681972503662,1790951872.4854281,0.00060105323791503906,0.034609879067047558,0,0,-0.024609142453120049,0.38664278919430384,-0.045430920429412401,0.052421999999999996,0.00096999999999999994,0.178507,-2.9152409028986486,1.2634438455186952,-2.8796187328654446,0.052397139207545587,0.00096730324224324898,0.17842302235604562,-0.29220649325996439,-0.045767107137005117,0.95525951301257628,-0.078326336719032275,0.99664386820035811,0.023790438306263872,-0.95314235572284312,-0.067870257719690949,-0.2948105796001419,8.7621779187526004e-05,2.8259862649723415e-05
4.245070219039917,1790951872.4904301,0.00060319900512695312,0.034609879067047558,0,0,-0.024609142453120049,0.38664278919430384,-0.045430920429412401,0.052421999999999996,0.00096999999999999994,0.178507,-2.9152409028986486,1.2634438455186952,-2.8796187328654446,0.052397139207545587,0.00096730324224324898,0.17842302235604562,-0.29220649325996439,-0.045767107137005117,0.95525951301257628,-0.078326336719032275,0.99664386820035811,0.023790438306263872,-0.95314235572284312,-0.067870257719690949,-0.2948105796001419,8.7621779187526004e-05,2.8259862649723415e-05
4.2500700950622559,1790951872.49543,0.00060391426086425781,0.034609879067047558,0,0,-0.024609142453120049,0.38664278919430384,-0.045430920429412401,0.052421999999999996,0.00096999999999999994,0.178507,-2.9152409028986486,1.2634438455186952,-2.8796187328654446,0.052397139207545587,0.00096730324224324898,0.17842302235604562,-0.29220649325996439,-0.045767107137005117,0.95525951301257628,-0.078326336719032275,0.99664386820035811,0.023790438306263872,-0.95314235572284312,-0.067870257719690949,-0.2948105796001419,8.7621779187526004e-05,2.8259862649723415e-05
4.2550702095031738,1790951872.5004301,0.00060319900512695312,0.034609879067047558,0,0,-0.024609142453120049,0.38664278919430384,-0.045430920429412401,0.052421999999999996,0.00096999999999999994,0.178507,-2.9152409028986486,1.2634438455186952,-2.8796187328654446,0.052397139207545587,0.00096730324224324898,0.17842302235604562,-0.29220649325996439,-0.045767107137005117,0.95525951301257628,-0.078326336719032275,0.99664386820035811,0.023790438306263872,-0.95314235572284312,-0.067870257719690949,-0.2948105796001419,8.7621779187526004e-05,2.8259862649723415e-05
4.2600691318511963,1790951872.505429,0.00061893463134765625,0.034609879067047558,0,0,-0.024609142453120049,0.38664278919430384,-0.045430920429412401,0.052421999999999996,0.00096999999999999994,0.178507,-2.9152409028986486,1.2634438455186952,-2.8796187328654446,0.052397139207545587,0.00096730324224324898,0.17842302235604562,-0.29220649325996439,-0.045767107137005117,0.95525951301257628,-0.078326336719032275,0.99664386820035811,0.023790438306263872,-0.95314235572284312,-0.067870257719690949,-0.2948105796001419,8.7621779187526004e-05,2.8259862649723415e-05
4.2650671005249023,1790951872.510427,0.00059795379638671875,0.034609879067047558,0,0,-0.024609142453120049,0.38664278919430384,-0.045430920429412401,0.052421999999999996,0.00096999999999999994,0.178507,-2.9152409028986486,1.2634438455186952,-2.8796187328654446,0.052397139207545587,0.00096730324224324898,0.17842302235604562,-0.29220649325996439,-0.045767107137005117,0.95525951301257628,-0.078326336719032275,0.99664386820035811,0.023790438306263872,-0.95314235572284312,-0.067870257719690949,-0.2948105796001419,8.7621779187526004e-05,2.8259862649723415e-05
4.2700691223144531,1790951872.515429,0.00062394142150878906,0.034609879067047558,0,0,-0.024609142453120049,0.38664278919430384,-0.045430920429412401,0.052421999999999996,0.00096999999999999994,0.178507,-2.9152409028986486,1.2634438455186952,-2.8796187328654446,0.052397139207545587,0.00096730324224324898,0.17842302235604562,-0.29220649325996439,-0.045767107137005117,0.95525951301257628,-0.078326336719032275,0.99664386820035811,0.023790438306263872,-0.95314235572284312,-0.067870257719690949,-0.2948105796001419,8.7621779187526004e-05,2.8259862649723415e-05
4.275068998336792,1790951872.5204289,0.00059390068054199219,0.034609879067047558,0,0,-0.024609142453120049,0.38664278919430384,-0.045430920429412401,0.052421999999999996,0.00096999999999999994,0.178507,-2.9152409028986486,1.2634438455186952,-2.8796187328654446,0.052397139207545587,0.00096730324224324898,0.17842302235604562,-0.29220649325996439,-0.045767107137005117,0.95525951301257628,-0.078326336719032275,0.99664386820035811,0.023790438306263872,-0.95314235572284312,-0.067870257719690949,-0.2948105796001419,8.7621779187526004e-05,2.8259862649723415e-05
4.28006911277771,1790951872.525429,0.00060105323791503906,0.034609879067047558,0,0,-0.024609142453120049,0.38664278919430384,-0.045430920429412401,0.052421999999999996,0.00096999999999999994,0.178507,-2.9152409028986486,1.2634438455186952,-2.8796187328654446,0.052397139207545587,0.00096730324224324898,0.17842302235604562,-0.29220649325996439,-0.045767107137005117,0.95525951301257628,-0.078326336719032275,0.99664386820035811,0.023790438306263872,-0.95314235572284312,-0.067870257719690949,-0.2948105796001419,8.7621779187526004e-05,2.8259862649723415e-05
4.285067081451416,1790951872.530427,0.00060105323791503906,0.034609879067047558,0,0,-0.024609142453120049,0.38664278919430384,-0.045430920429412401,0.052421999999999996,0.00096999999999999994,0.178507,-2.9152409028986486,1.2634438455186952,-2.8796187328654446,0.052397139207545587,0.00096730324224324898,0.17842302235604562,-0.29220649325996439,-0.045767107137005117,0.95525951301257628,-0.078326336719032275,0.99664386820035811,0.023790438306263872,-0.95314235572284312,-0.067870257719690949,-0.2948105796001419,8.7621779187526004e-05,2.8259862649723415e-05
4.2900681495666504,1790951872.535428,0.00060105323791503906,0.034609879067047558,0,0,-0.024609142453120049,0.38664278919430384,-0.045430920429412401,0.052421999999999996,0.00096999999999999994,0.178507,-2.9152409028986486,1.2634438455186952,-2.8796187328654446,0.052397139207545587,0.00096730324224324898,0.17842302235604562,-0.29220649325996439,-0.045767107137005117,0.95525951301257628,-0.078326336719032275,0.99664386820035811,0.023790438306263872,-0.95314235572284312,-0.067870257719690949,-0.2948105796001419,8.7621779187526004e-05,2.8259862649723415e-05
4.2950692176818848,1790951872.5404291,0.00060009956359863281,0.034609879067047558,0,0,-0.024609142453120049,0.38664278919430384,-0.045430920429412401,0.052421999999999996,0.00096999999999999994,0.178507,-2.9152409028986486,1.2634438455186952,-2.8796187328654446,0.052397139207545587,0.00096730324224324898,0.17842302235604562,-0.29220649325996439,-0.045767107137005117,0.95525951301257628,-0.078326336719032275,0.99664386820035811,0.023790438306263872,-0.95314235572284312,-0.067870257719690949,-0.2948105796001419,8.7621779187526004e-05,2.8259862649723415e-05
4.3000731468200684,1790951872.545433,0.00060701370239257812,0.034609879067047558,0,0,-0.024609142453120049,0.38664278919430384,-0.045430920429412401,0.052421999999999996,0.00096999999999999994,0.178507,-2.9152409028986486,1.2634438455186952,-2.8796187328654446,0.052397139207545587,0.00096730324224324898,0.17842302235604562,-0.29220649325996439,-0.045767107137005117,0.95525951301257628,-0.078326336719032275,0.99664386820035811,0.023790438306263872,-0.95314235572284312,-0.067870257719690949,-0.2948105796001419,8.7621779187526004e-05,2.8259862649723415e-05
4.305070161819458,1790951872.5504301,0.00060296058654785156,0.034609879067047558,0,0,-0.024609142453120049,0.38664278919430384,-0.045430920429412401,0.052421999999999996,0.00096999999999999994,0.178507,-2.9152409028986486,1.2634438455186952,-2.8796187328654446,0.052397139207545587,0.00096730324224324898,0.17842302235604562,-0.29220649325996439,-0.045767107137005117,0.95525951301257628,-0.078326336719032275,0.99664386820035811,0.023790438306263872,-0.95314235572284312,-0.067870257719690949,-0.2948105796001419,8.7621779187526004e-05,2.8259862649723415e-05
4.3100671768188477,1790951872.5554271,0.00059914588928222656,0.034609879067047558,0,0,-0.024609142453120049,0.38664278919430384,-0.045430920429412401,0.052421999999999996,0.00096999999999999994,0.178507,-2.9152409028986486,1.2634438455186952,-2.8796187328654446,0.052397139207545587,0.00096730324224324898,0.17842302235604562,-0.29220649325996439,-0.045767107137005117,0.95525951301257628,-0.078326336719032275,0.99664386820035811,0.023790438306263872,-0.95314235572284312,-0.067870257719690949,-0.2948105796001419,8.7621779187526004e-05,2.8259862649723415e-05
4.3150670528411865,1790951872.560427,0.000598907470703125,0.034609879067047558,0,0,-0.024609142453120049,0.38664278919430384,-0.045430920429412401,0.052421999999999996,0.00096999999999999994,0.178507,-2.9152409028986486,1.2634438455186952,-2.8796187328654446,0.052397139207545587,0.00096730324224324898,0.17842302235604562,-0.29220649325996439,-0.045767107137005117,0.95525951301257628,-0.078326336719032275,0.99664386820035811,0.023790438306263872,-0.95314235572284312,-0.067870257719690949,-0.2948105796001419,8.7621779187526004e-05,2.8259862649723415e-05
4.3200671672821045,1790951872.5654271,0.00062608718872070312,0.034609879067047558,0,0,-0.024609142453120049,0.38664278919430384,-0.045430920429412401,0.052421999999999996,0.00096999999999999994,0.178507,-2.9152409028986486,1.2634438455186952,-2.8796187328654446,0.052397139207545587,0.00096730324224324898,0.17842302235604562,-0.29220649325996439,-0.045767107137005117,0.95525951301257628,-0.078326336719032275,0.99664386820035811,0.023790438306263872,-0.95314235572284312,-0.067870257719690949,-0.2948105796001419,8.7621779187526004e-05,2.8259862649723415e-05
4.3250679969787598,1790951872.5704279,0.00060200691223144531,0.034609879067047558,0,0,-0.024609142453120049,0.38664278919430384,-0.045430920429412401,0.052421999999999996,0.00096999999999999994,0.178507,-2.9152409028986486,1.2634438455186952,-2.8796187328654446,0.052397139207545587,0.00096730324224324898,0.17842302235604562,-0.29220649325996439,-0.045767107137005117,0.95525951301257628,-0.078326336719032275,0.99664386820035811,0.023790438306263872,-0.95314235572284312,-0.067870257719690949,-0.2948105796001419,8.7621779187526004e-05,2.8259862649723415e-05
4.3300690650939941,1790951872.575429,0.00062704086303710938,0.034609879067047558,0,0,-0.024609142453120049,0.38664278919430384,-0.045430920429412401,0.052421999999999996,0.00096999999999999994,0.178507,-2.9152409028986486,1.2634438455186952,-2.8796187328654446,0.052397139207545587,0.00096730324224324898,0.17842302235604562,-0.29220649325996439,-0.045767107137005117,0.95525951301257628,-0.078326336719032275,0.99664386820035811,0.023790438306263872,-0.95314235572284312,-0.067870257719690949,-0.2948105796001419,8.7621779187526004e-05,2.8259862649723415e-05
4.3350679874420166,1790951872.5804279,0.000598907470703125,0.034609879067047558,0,0,-0.024609142453120049,0.38664278919430384,-0.045430920429412401,0.052421999999999996,0.00096999999999999994,0.178507,-2.9152409028986486,1.2634438455186952,-2.8796187328654446,0.052397139207545587,0.00096730324224324898,0.17842302235604562,-0.29220649325996439,-0.045767107137005117,0.95525951301257628,-0.078326336719032275,0.99664386820035811,0.023790438306263872,-0.95314235572284312,-0.067870257719690949,-0.2948105796001419,8.7621779187526004e-05,2.8259862649723415e-05
4.3400712013244629,1790951872.5854311,0.00060510635375976562,0.034609879067047558,0,0,-0.024609142453120049,0.38664278919430384,-0.045430920429412401,0.052421999999999996,0.00096999999999999994,0.178507,-2.9152409028986486,1.2634438455186952,-2.8796187328654446,0.052397139207545587,0.00096730324224324898,0.17842302235604562,-0.29220649325996439,-0.045767107137005117,0.95525951301257628,-0.078326336719032275,0.99664386820035811,0.023790438306263872,-0.95314235572284312,-0.067870257719690949,-0.2948105796001419,8.7621779187526004e-05,2.8259862649723415e-05
4.3450920581817627,1790951872.590452,0.00062489509582519531,0.034609879067047558,0,0,-0.024609142453120049,0.38664278919430384,-0.045430920429412401,0.052421999999999996,0.00096999999999999994,0.178507,-2.9152409028986486,1.2634438455186952,-2.8796187328654446,0.052397139207545587,0.00096730324224324898,0.17842302235604562,-0.29220649325996439,-0.045767107137005117,0.95525951301257628,-0.078326336719032275,0.99664386820035811,0.023790438306263872,-0.95314235572284312,-0.067870257719690949,-0.2948105796001419,8.7621779187526004e-05,2.8259862649723415e-05
4.3500699996948242,1790951872.5954299,0.00062680244445800781,0.034609879067047558,0,0,-0.024609142453120049,0.38664278919430384,-0.045430920429412401,0.052421999999999996,0.00096999999999999994,0.178507,-2.9152409028986486,1.2634438455186952,-2.8796187328654446,0.052397139207545587,0.00096730324224324898,0.17842302235604562,-0.29220649325996439,-0.045767107137005117,0.95525951301257628,-0.078326336719032275,0.99664386820035811,0.023790438306263872,-0.95314235572284312,-0.067870257719690949,-0.2948105796001419,8.7621779187526004e-05,2.8259862649723415e-05
4.3550670146942139,1790951872.6004269,0.00059580802917480469,0.034609879067047558,0,0,-0.024609142453120049,0.38664278919430384,-0.045430920429412401,0.052421999999999996,0.00096999999999999994,0.178507,-2.9152409028986486,1.2634438455186952,-2.8796187328654446,0.052397139207545587,0.00096730324224324898,0.17842302235604562,-0.29220649325996439,-0.045767107137005117,0.95525951301257628,-0.078326336719032275,0.99664386820035811,0.023790438306263872,-0.95314235572284312,-0.067870257719690949,-0.2948105796001419,8.7621779187526004e-05,2.8259862649723415e-05
4.3600699901580811,1790951872.6054299,0.0006008148193359375,0.034609879067047558,0,0,-0.024609142453120049,0.38664278919430384,-0.045430920429412401,0.052421999999999996,0.00096999999999999994,0.178507,-2.9152409028986486,1.2634438455186952,-2.8796187328654446,0.052397139207545587,0.00096730324224324898,0.17842302235604562,-0.29220649325996439,-0.045767107137005117,0.95525951301257628,-0.078326336719032275,0.99664386820035811,0.023790438306263872,-0.95314235572284312,-0.067870257719690949,-0.2948105796001419,8.7621779187526004e-05,2.8259862649723415e-05
4.3650691509246826,1790951872.610429,0.00060200691223144531,0.034609879067047558,0,0,-0.024609142453120049,0.38664278919430384,-0.045430920429412401,0.052421999999999996,0.00096999999999999994,0.178507,-2.9152409028986486,1.2634438455186952,-2.8796187328654446,0.052397139207545587,0.00096730324224324898,0.17842302235604562,-0.29220649325996439,-0.045767107137005117,0.95525951301257628,-0.078326336719032275,0.99664386820035811,0.023790438306263872,-0.95314235572284312,-0.067870257719690949,-0.2948105796001419,8.7621779187526004e-05,2.8259862649723415e-05
4.3700680732727051,1790951872.615428,0.00062489509582519531,0.034609879067047558,0,0,-0.024609142453120049,0.38664278919430384,-0.045430920429412401,0.052421999999999996,0.00096999999999999994,0.178507,-2.9152409028986486,1.2634438455186952,-2.8796187328654446,0.052397139207545587,0.00096730324224324898,0.17842302235604562,-0.29220649325996439,-0.045767107137005117,0.95525951301257628,-0.078326336719032275,0.99664386820035811,0.023790438306263872,-0.95314235572284312,-0.067870257719690949,-0.2948105796001419,8.7621779187526004e-05,2.8259862649723415e-05
4.375068187713623,1790951872.6204281,0.00060105323791503906,0.034609879067047558,0,0,-0.024609142453120049,0.38664278919430384,-0.045430920429412401,0.052421999999999996,0.00096999999999999994,0.178507,-2.9152409028986486,1.2634438455186952,-2.8796187328654446,0.052397139207545587,0.00096730324224324898,0.17842302235604562,-0.29220649325996439,-0.045767107137005117,0.95525951301257628,-0.078326336719032275,0.99664386820035811,0.023790438306263872,-0.95314235572284312,-0.067870257719690949,-0.2948105796001419,8.7621779187526004e-05,2.8259862649723415e-05
4.3800711631774902,1790951872.6254311,0.00060415267944335938,0.034609879067047558,0,0,-0.024609142453120049,0.38664278919430384,-0.045430920429412401,0.052421999999999996,0.00096999999999999994,0.178507,-2.9152409028986486,1.2634438455186952,-2.8796187328654446,0.052397139207545587,0.00096730324224324898,0.17842302235604562,-0.29220649325996439,-0.045767107137005117,0.95525951301257628,-0.078326336719032275,0.99664386820035811,0.023790438306263872,-0.95314235572284312,-0.067870257719690949,-0.2948105796001419,8.7621779187526004e-05,2.8259862649723415e-05
4.3850932121276855,1790951872.6304531,0.00062608718872070312,0.034609879067047558,0,0,-0.024609142453120049,0.38664278919430384,-0.045430920429412401,0.052421999999999996,0.00096999999999999994,0.178507,-2.9152409028986486,1.2634438455186952,-2.8796187328654446,0.052397139207545587,0.00096730324224324898,0.17842302235604562,-0.29220649325996439,-0.045767107137005117,0.95525951301257628,-0.078326336719032275,0.99664386820035811,0.023790438306263872,-0.95314235572284312,-0.067870257719690949,-0.2948105796001419,8.7621779187526004e-05,2.8259862649723415e-05
4.3900721073150635,1790951872.635432,0.00060391426086425781,0.034609879067047558,0,0,-0.024609142453120049,0.38664278919430384,-0.045430920429412401,0.052421999999999996,0.00096999999999999994,0.178507,-2.9152409028986486,1.2634438455186952,-2.8796187328654446,0.052397139207545587,0.00096730324224324898,0.17842302235604562,-0.29220649325996439,-0.045767107137005117,0.95525951301257628,-0.078326336719032275,0.99664386820035811,0.023790438306263872,-0.95314235572284312,-0.067870257719690949,-0.2948105796001419,8.7621779187526004e-05,2.8259862649723415e-05
4.3950932025909424,1790951872.6404531,0.00062704086303710938,0.034609879067047558,0,0,-0.024609142453120049,0.38664278919430384,-0.045430920429412401,0.052421999999999996,0.00096999999999999994,0.178507,-2.9152409028986486,1.2634438455186952,-2.8796187328654446,0.052397139207545587,0.00096730324224324898,0.17842302235604562,-0.29220649325996439,-0.045767107137005117,0.95525951301257628,-0.078326336719032275,0.99664386820035811,0.023790438306263872,-0.95314235572284312,-0.067870257719690949,-0.2948105796001419,8.7621779187526004e-05,2.8259862649723415e-05
4.4000670909881592,1790951872.645427,0.00062394142150878906,0.034609879067047558,0,0,-0.024609142453120049,0.38664278919430384,-0.045430920429412401,0.052421999999999996,0.00096999999999999994,0.178507,-2.9152409028986486,1.2634438455186952,-2.8796187328654446,0.052397139207545587,0.00096730324224324898,0.17842302235604562,-0.29220649325996439,-0.045767107137005117,0.95525951301257628,-0.078326336719032275,0.99664386820035811,0.023790438306263872,-0.95314235572284312,-0.067870257719690949,-0.2948105796001419,8.7621779187526004e-05,2.8259862649723415e-05
4.4050650596618652,1790951872.650425,0.000598907470703125,0.034609879067047558,0,0,-0.024609142453120049,0.38664278919430384,-0.045430920429412401,0.052421999999999996,0.00096999999999999994,0.178507,-2.9152409028986486,1.2634438455186952,-2.8796187328654446,0.052397139207545587,0.00096730324224324898,0.17842302235604562,-0.29220649325996439,-0.045767107137005117,0.95525951301257628,-0.078326336719032275,0.99664386820035811,0.023790438306263872,-0.95314235572284312,-0.067870257719690949,-0.2948105796001419,8.7621779187526004e-05,2.8259862649723415e-05
4.4100711345672607,1790951872.655431,0.00062704086303710938,0.034609879067047558,0,0,-0.024609142453120049,0.38664278919430384,-0.045430920429412401,0.052421999999999996,0.00096999999999999994,0.178507,-2.9152409028986486,1.2634438455186952,-2.8796187328654446,0.052397139207545587,0.00096730324224324898,0.17842302235604562,-0.29220649325996439,-0.045767107137005117,0.95525951301257628,-0.078326336719032275,0.99664386820035811,0.023790438306263872,-0.95314235572284312,-0.067870257719690949,-0.2948105796001419,8.7621779187526004e-05,2.8259862649723415e-05
4.4150960445404053,1790951872.6604559,0.00062799453735351562,0.034609879067047558,0,0,-0.024609142453120049,0.38664278919430384,-0.045430920429412401,0.052421999999999996,0.00096999999999999994,0.178507,-2.9152409028986486,1.2634438455186952,-2.8796187328654446,0.052397139207545587,0.00096730324224324898,0.17842302235604562,-0.29220649325996439,-0.045767107137005117,0.95525951301257628,-0.078326336719032275,0.99664386820035811,0.023790438306263872,-0.95314235572284312,-0.067870257719690949,-0.2948105796001419,8.7621779187526004e-05,2.8259862649723415e-05
4.4200692176818848,1790951872.6654291,0.00058913230895996094,0.034609879067047558,0,0,-0.024609142453120049,0.38664278919430384,-0.045430920429412401,0.052421999999999996,0.00096999999999999994,0.178507,-2.9152409028986486,1.2634438455186952,-2.8796187328654446,0.052397139207545587,0.00096730324224324898,0.17842302235604562,-0.29220649325996439,-0.045767107137005117,0.95525951301257628,-0.078326336719032275,0.99664386820035811,0.023790438306263872,-0.95314235572284312,-0.067870257719690949,-0.2948105796001419,8.7621779187526004e-05,2.8259862649723415e-05
4.4250710010528564,1790951872.6704309,0.00060200691223144531,0.034609879067047558,0,0,-0.024609142453120049,0.38664278919430384,-0.045430920429412401,0.052421999999999996,0.00096999999999999994,0.178507,-2.9152409028986486,1.2634438455186952,-2.8796187328654446,0.052397139207545587,0.00096730324224324898,0.17842302235604562,-0.29220649325996439,-0.045767107137005117,0.95525951301257628,-0.078326336719032275,0.99664386820035811,0.023790438306263872,-0.95314235572284312,-0.067870257719690949,-0.2948105796001419,8.7621779187526004e-05,2.8259862649723415e-05
4.4300692081451416,1790951872.6754291,0.00059413909912109375,0.034609879067047558,0,0,-0.024609142453120049,0.38664278919430384,-0.045430920429412401,0.052421999999999996,0.00096999999999999994,0.178507,-2.9152409028986486,1.2634438455186952,-2.8796187328654446,0.052397139207545587,0.00096730324224324898,0.17842302235604562,-0.29220649325996439,-0.045767107137005117,0.95525951301257628,-0.078326336719032275,0.99664386820035811,0.023790438306263872,-0.95314235572284312,-0.067870257719690949,-0.2948105796001419,8.7621779187526004e-05,2.8259862649723415e-05
4.4350941181182861,1790951872.680454,0.00062608718872070312,0.034609879067047558,0,0,-0.024609142453120049,0.38664278919430384,-0.045430920429412401,0.052421999999999996,0.00096999999999999994,0.178507,-2.9152409028986486,1.2634438455186952,-2.8796187328654446,0.052397139207545587,0.00096730324224324898,0.17842302235604562,-0.29220649325996439,-0.045767107137005117,0.95525951301257628,-0.078326336719032275,0.99664386820035811,0.023790438306263872,-0.95314235572284312,-0.067870257719690949,-0.2948105796001419,8.7621779187526004e-05,2.8259862649723415e-05
4.4400691986083984,1790951872.6854291,0.00059199333190917969,0.034609879067047558,0,0,-0.024609142453120049,0.38664278919430384,-0.045430920429412401,0.052421999999999996,0.00096999999999999994,0.178507,-2.9152409028986486,1.2634438455186952,-2.8796187328654446,0.052397139207545587,0.00096730324224324898,0.17842302235604562,-0.29220649325996439,-0.045767107137005117,0.95525951301257628,-0.078326336719032275,0.99664386820035811,0.023790438306263872,-0.95314235572284312,-0.067870257719690949,-0.2948105796001419,8.7621779187526004e-05,2.8259862649723415e-05
4.4450681209564209,1790951872.690428,0.00059199333190917969,0.034609879067047558,0,0,-0.024609142453120049,0.38664278919430384,-0.045430920429412401,0.052421999999999996,0.00096999999999999994,0.178507,-2.9152409028986486,1.2634438455186952,-2.8796187328654446,0.052397139207545587,0.00096730324224324898,0.17842302235604562,-0.29220649325996439,-0.045767107137005117,0.95525951301257628,-0.078326336719032275,0.99664386820035811,0.023790438306263872,-0.95314235572284312,-0.067870257719690949,-0.2948105796001419,8.7621779187526004e-05,2.8259862649723415e-05
4.4500679969787598,1790951872.6954279,0.00060200691223144531,0.034609879067047558,0,0,-0.024609142453120049,0.38664278919430384,-0.045430920429412401,0.052421999999999996,0.00096999999999999994,0.178507,-2.9152409028986486,1.2634438455186952,-2.8796187328654446,0.052397139207545587,0.00096730324224324898,0.17842302235604562,-0.29220649325996439,-0.045767107137005117,0.95525951301257628,-0.078326336719032275,0.99664386820035811,0.023790438306263872,-0.95314235572284312,-0.067870257719690949,-0.2948105796001419,8.7621779187526004e-05,2.8259862649723415e-05
4.4550700187683105,1790951872.7004299,0.0005970001220703125,0.034609879067047558,0,0,-0.024609142453120049,0.38664278919430384,-0.045430920429412401,0.052421999999999996,0.00096999999999999994,0.178507,-2.9152409028986486,1.2634438455186952,-2.8796187328654446,0.052397139207545587,0.00096730324224324898,0.17842302235604562,-0.29220649325996439,-0.045767107137005117,0.95525951301257628,-0.078326336719032275,0.99664386820035811,0.023790438306263872,-0.95314235572284312,-0.067870257719690949,-0.2948105796001419,8.7621779187526004e-05,2.8259862649723415e-05
4.4600710868835449,1790951872.705431,0.00060296058654785156,0.034609879067047558,0,0,-0.024609142453120049,0.38664278919430384,-0.045430920429412401,0.052421999999999996,0.00096999999999999994,0.178507,-2.9152409028986486,1.2634438455186952,-2.8796187328654446,0.052397139207545587,0.00096730324224324898,0.17842302235604562,-0.29220649325996439,-0.045767107137005117,0.95525951301257628,-0.078326336719032275,0.99664386820035811,0.023790438306263872,-0.95314235572284312,-0.067870257719690949,-0.2948105796001419,8.7621779187526004e-05,2.8259862649723415e-05
4.4650700092315674,1790951872.7104299,0.00060200691223144531,0.034609879067047558,0,0,-0.024609142453120049,0.38664278919430384,-0.045430920429412401,0.052421999999999996,0.00096999999999999994,0.178507,-2.9152409028986486,1.2634438455186952,-2.8796187328654446,0.052397139207545587,0.00096730324224324898,0.17842302235604562,-0.29220649325996439,-0.045767107137005117,0.95525951301257628,-0.078326336719032275,0.99664386820035811,0.023790438306263872,-0.95314235572284312,-0.067870257719690949,-0.2948105796001419,8.7621779187526004e-05,2.8259862649723415e-05
4.4700720310211182,1790951872.7154319,0.00060486793518066406,0.034609879067047558,0,0,-0.024609142453120049,0.38664278919430384,-0.045430920429412401,0.052421999999999996,0.00096999999999999994,0.178507,-2.9152409028986486,1.2634438455186952,-2.8796187328654446,0.052397139207545587,0.00096730324224324898,0.17842302235604562,-0.29220649325996439,-0.045767107137005117,0.95525951301257628,-0.078326336719032275,0.99664386820035811,0.023790438306263872,-0.95314235572284312,-0.067870257719690949,-0.2948105796001419,8.7621779187526004e-05,2.8259862649723415e-05
4.4750950336456299,1790951872.7204549,0.00062584877014160156,0.034609879067047558,0,0,-0.024609142453120049,0.38664278919430384,-0.045430920429412401,0.052421999999999996,0.00096999999999999994,0.178507,-2.9152409028986486,1.2634438455186952,-2.8796187328654446,0.052397139207545587,0.00096730324224324898,0.17842302235604562,-0.29220649325996439,-0.045767107137005117,0.95525951301257628,-0.078326336719032275,0.99664386820035811,0.023790438306263872,-0.95314235572284312,-0.067870257719690949,-0.2948105796001419,8.7621779187526004e-05,2.8259862649723415e-05
4.4800670146942139,1790951872.7254269,0.000598907470703125,0.034609879067047558,0,0,-0.024609142453120049,0.38664278919430384,-0.045430920429412401,0.052421999999999996,0.00096999999999999994,0.178507,-2.9152409028986486,1.2634438455186952,-2.8796187328654446,0.052397139207545587,0.00096730324224324898,0.17842302235604562,-0.29220649325996439,-0.045767107137005117,0.95525951301257628,-0.078326336719032275,0.99664386820035811,0.023790438306263872,-0.95314235572284312,-0.067870257719690949,-0.2948105796001419,8.7621779187526004e-05,2.8259862649723415e-05
4.4850711822509766,1790951872.7304311,0.00059914588928222656,0.034609879067047558,0,0,-0.024609142453120049,0.38664278919430384,-0.045430920429412401,0.052421999999999996,0.00096999999999999994,0.178507,-2.9152409028986486,1.2634438455186952,-2.8796187328654446,0.052397139207545587,0.00096730324224324898,0.17842302235604562,-0.29220649325996439,-0.045767107137005117,0.95525951301257628,-0.078326336719032275,0.99664386820035811,0.023790438306263872,-0.95314235572284312,-0.067870257719690949,-0.2948105796001419,8.7621779187526004e-05,2.8259862649723415e-05
4.4900681972503662,1790951872.7354281,0.00060009956359863281,0.034609879067047558,0,0,-0.024609142453120049,0.38664278919430384,-0.045430920429412401,0.052421999999999996,0.00096999999999999994,0.178507,-2.9152409028986486,1.2634438455186952,-2.8796187328654446,0.052397139207545587,0.00096730324224324898,0.17842302235604562,-0.29220649325996439,-0.045767107137005117,0.95525951301257628,-0.078326336719032275,0.99664386820035811,0.023790438306263872,-0.95314235572284312,-0.067870257719690949,-0.2948105796001419,8.7621779187526004e-05,2.8259862649723415e-05
4.4950680732727051,1790951872.740428,0.00059795379638671875,0.034609879067047558,0,0,-0.024609142453120049,0.38664278919430384,-0.045430920429412401,0.052421999999999996,0.00096999999999999994,0.178507,-2.9152409028986486,1.2634438455186952,-2.8796187328654446,0.052397139207545587,0.00096730324224324898,0.17842302235604562,-0.29220649325996439,-0.045767107137005117,0.95525951301257628,-0.078326336719032275,0.99664386820035811,0.023790438306263872,-0.95314235572284312,-0.067870257719690949,-0.2948105796001419,8.7621779187526004e-05,2.8259862649723415e-05
4.500068187713623,1790951872.7454281,0.00061917304992675781,0.034609879067047558,0,0,-0.024609142453120049,0.38664278919430384,-0.045430920429412401,0.052421999999999996,0.00096999999999999994,0.178507,-2.9152409028986486,1.2634438455186952,-2.8796187328654446,0.052397139207545587,0.00096730324224324898,0.17842302235604562,-0.29220649325996439,-0.045767107137005117,0.95525951301257628,-0.078326336719032275,0.99664386820035811,0.023790438306263872,-0.95314235572284312,-0.067870257719690949,-0.2948105796001419,8.7621779187526004e-05,2.8259862649723415e-05
4.5050930976867676,1790951872.750453,0.00062608718872070312,0.034609879067047558,0,0,-0.024609142453120049,0.38664278919430384,-0.045430920429412401,0.052421999999999996,0.00096999999999999994,0.178507,-2.9152409028986486,1.2634438455186952,-2.8796187328654446,0.052397139207545587,0.00096730324224324898,0.17842302235604562,-0.29220649325996439,-0.045767107137005117,0.95525951301257628,-0.078326336719032275,0.99664386820035811,0.023790438306263872,-0.95314235572284312,-0.067870257719690949,-0.2948105796001419,8.7621779187526004e-05,2.8259862649723415e-05
4.5100700855255127,1790951872.75543,0.00060200691223144531,0.034609879067047558,0,0,-0.024609142453120049,0.38664278919430384,-0.045430920429412401,0.052421999999999996,0.00096999999999999994,0.178507,-2.9152409028986486,1.2634438455186952,-2.8796187328654446,0.052397139207545587,0.00096730324224324898,0.17842302235604562,-0.29220649325996439,-0.045767107137005117,0.95525951301257628,-0.078326336719032275,0.99664386820035811,0.023790438306263872,-0.95314235572284312,-0.067870257719690949,-0.2948105796001419,8.7621779187526004e-05,2.8259862649723415e-05
4.5150690078735352,1790951872.7604289,0.00059485435485839844,0.034609879067047558,0,0,-0.024609142453120049,0.38664278919430384,-0.045430920429412401,0.052421999999999996,0.00096999999999999994,0.178507,-2.9152409028986486,1.2634438455186952,-2.8796187328654446,0.052397139207545587,0.00096730324224324898,0.17842302235604562,-0.29220649325996439,-0.045767107137005117,0.95525951301257628,-0.078326336719032275,0.99664386820035811,0.023790438306263872,-0.95314235572284312,-0.067870257719690949,-0.2948105796001419,8.7621779187526004e-05,2.8259862649723415e-05
4.5200681686401367,1790951872.7654281,0.0005970001220703125,0.034609879067047558,0,0,-0.024609142453120049,0.38664278919430384,-0.045430920429412401,0.052421999999999996,0.00096999999999999994,0.178507,-2.9152409028986486,1.2634438455186952,-2.8796187328654446,0.052397139207545587,0.00096730324224324898,0.17842302235604562,-0.29220649325996439,-0.045767107137005117,0.95525951301257628,-0.078326336719032275,0.99664386820035811,0.023790438306263872,-0.95314235572284312,-0.067870257719690949,-0.2948105796001419,8.7621779187526004e-05,2.8259862649723415e-05
4.5250711441040039,1790951872.770431,0.00059914588928222656,0.034609879067047558,0,0,-0.024609142453120049,0.38664278919430384,-0.045430920429412401,0.052421999999999996,0.00096999999999999994,0.178507,-2.9152409028986486,1.2634438455186952,-2.8796187328654446,0.052397139207545587,0.00096730324224324898,0.17842302235604562,-0.29220649325996439,-0.045767107137005117,0.95525951301257628,-0.078326336719032275,0.99664386820035811,0.023790438306263872,-0.95314235572284312,-0.067870257719690949,-0.2948105796001419,8.7621779187526004e-05,2.8259862649723415e-05
4.53006911277771,1790951872.775429,0.00061798095703125,0.034609879067047558,0,0,-0.024609142453120049,0.38664278919430384,-0.045430920429412401,0.052421999999999996,0.00096999999999999994,0.178507,-2.9152409028986486,1.2634438455186952,-2.8796187328654446,0.052397139207545587,0.00096730324224324898,0.17842302235604562,-0.29220649325996439,-0.045767107137005117,0.95525951301257628,-0.078326336719032275,0.99664386820035811,0.023790438306263872,-0.95314235572284312,-0.067870257719690949,-0.2948105796001419,8.7621779187526004e-05,2.8259862649723415e-05
4.535099983215332,1790951872.7804599,0.00063180923461914062,0.034609879067047558,0,0,-0.024609142453120049,0.38664278919430384,-0.045430920429412401,0.052421999999999996,0.00096999999999999994,0.178507,-2.9152409028986486,1.2634438455186952,-2.8796187328654446,0.052397139207545587,0.00096730324224324898,0.17842302235604562,-0.29220649325996439,-0.045767107137005117,0.95525951301257628,-0.078326336719032275,0.99664386820035811,0.023790438306263872,-0.95314235572284312,-0.067870257719690949,-0.2948105796001419,8.7621779187526004e-05,2.8259862649723415e-05
4.540067195892334,1790951872.7854271,0.00060009956359863281,0.034609879067047558,0,0,-0.024609142453120049,0.38664278919430384,-0.045430920429412401,0.052421999999999996,0.00096999999999999994,0.178507,-2.9152409028986486,1.2634438455186952,-2.8796187328654446,0.052397139207545587,0.00096730324224324898,0.17842302235604562,-0.29220649325996439,-0.045767107137005117,0.95525951301257628,-0.078326336719032275,0.99664386820035811,0.023790438306263872,-0.95314235572284312,-0.067870257719690949,-0.2948105796001419,8.7621779187526004e-05,2.8259862649723415e-05
4.5450670719146729,1790951872.790427,0.00059604644775390625,0.034609879067047558,0,0,-0.024609142453120049,0.38664278919430384,-0.045430920429412401,0.052421999999999996,0.00096999999999999994,0.178507,-2.9152409028986486,1.2634438455186952,-2.8796187328654446,0.052397139207545587,0.00096730324224324898,0.17842302235604562,-0.29220649325996439,-0.045767107137005117,0.95525951301257628,-0.078326336719032275,0.99664386820035811,0.023790438306263872,-0.95314235572284312,-0.067870257719690949,-0.2948105796001419,8.7621779187526004e-05,2.8259862649723415e-05
4.55007004737854,1790951872.7954299,0.00060296058654785156,0.034609879067047558,0,0,-0.024609142453120049,0.38664278919430384,-0.045430920429412401,0.052421999999999996,0.00096999999999999994,0.178507,-2.9152409028986486,1.2634438455186952,-2.8796187328654446,0.052397139207545587,0.00096730324224324898,0.17842302235604562,-0.29220649325996439,-0.045767107137005117,0.95525951301257628,-0.078326336719032275,0.99664386820035811,0.023790438306263872,-0.95314235572284312,-0.067870257719690949,-0.2948105796001419,8.7621779187526004e-05,2.8259862649723415e-05
4.5550940036773682,1790951872.8004539,0.00062680244445800781,0.034609879067047558,0,0,-0.024609142453120049,0.38664278919430384,-0.045430920429412401,0.052421999999999996,0.00096999999999999994,0.178507,-2.9152409028986486,1.2634438455186952,-2.8796187328654446,0.052397139207545587,0.00096730324224324898,0.17842302235604562,-0.29220649325996439,-0.045767107137005117,0.95525951301257628,-0.078326336719032275,0.99664386820035811,0.023790438306263872,-0.95314235572284312,-0.067870257719690949,-0.2948105796001419,8.7621779187526004e-05,2.8259862649723415e-05
4.5600690841674805,1790951872.805429,0.00060200691223144531,0.034609879067047558,0,0,-0.024609142453120049,0.38664278919430384,-0.045430920429412401,0.052421999999999996,0.00096999999999999994,0.178507,-2.9152409028986486,1.2634438455186952,-2.8796187328654446,0.052397139207545587,0.00096730324224324898,0.17842302235604562,-0.29220649325996439,-0.045767107137005117,0.95525951301257628,-0.078326336719032275,0.99664386820035811,0.023790438306263872,-0.95314235572284312,-0.067870257719690949,-0.2948105796001419,8.7621779187526004e-05,2.8259862649723415e-05
4.5650701522827148,1790951872.81043,0.00060105323791503906,0.034609879067047558,0,0,-0.024609142453120049,0.38664278919430384,-0.045430920429412401,0.052421999999999996,0.00096999999999999994,0.178507,-2.9152409028986486,1.2634438455186952,-2.8796187328654446,0.052397139207545587,0.00096730324224324898,0.17842302235604562,-0.29220649325996439,-0.045767107137005117,0.95525951301257628,-0.078326336719032275,0.99664386820035811,0.023790438306263872,-0.95314235572284312,-0.067870257719690949,-0.2948105796001419,8.7621779187526004e-05,2.8259862649723415e-05
4.5700690746307373,1790951872.815429,0.000598907470703125,0.034609879067047558,0,0,-0.024609142453120049,0.38664278919430384,-0.045430920429412401,0.052421999999999996,0.00096999999999999994,0.178507,-2.9152409028986486,1.2634438455186952,-2.8796187328654446,0.052397139207545587,0.00096730324224324898,0.17842302235604562,-0.29220649325996439,-0.045767107137005117,0.95525951301257628,-0.078326336719032275,0.99664386820035811,0.023790438306263872,-0.95314235572284312,-0.067870257719690949,-0.2948105796001419,8.7621779187526004e-05,2.8259862649723415e-05
4.5750691890716553,1790951872.8204291,0.00059604644775390625,0.034609879067047558,0,0,-0.024609142453120049,0.38664278919430384,-0.045430920429412401,0.052421999999999996,0.00096999999999999994,0.178507,-2.9152409028986486,1.2634438455186952,-2.8796187328654446,0.052397139207545587,0.00096730324224324898,0.17842302235604562,-0.29220649325996439,-0.045767107137005117,0.95525951301257628,-0.078326336719032275,0.99664386820035811,0.023790438306263872,-0.95314235572284312,-0.067870257719690949,-0.2948105796001419,8.7621779187526004e-05,2.8259862649723415e-05
4.5800671577453613,1790951872.8254271,0.00060009956359863281,0.034609879067047558,0,0,-0.024609142453120049,0.38664278919430384,-0.045430920429412401,0.052421999999999996,0.00096999999999999994,0.178507,-2.9152409028986486,1.2634438455186952,-2.8796187328654446,0.052397139207545587,0.00096730324224324898,0.17842302235604562,-0.29220649325996439,-0.045767107137005117,0.95525951301257628,-0.078326336719032275,0.99664386820035811,0.023790438306263872,-0.95314235572284312,-0.067870257719690949,-0.2948105796001419,8.7621779187526004e-05,2.8259862649723415e-05
4.5850729942321777,1790951872.8304329,0.00060582160949707031,0.034609879067047558,0,0,-0.024609142453120049,0.38664278919430384,-0.045430920429412401,0.052421999999999996,0.00096999999999999994,0.178507,-2.9152409028986486,1.2634438455186952,-2.8796187328654446,0.052397139207545587,0.00096730324224324898,0.17842302235604562,-0.29220649325996439,-0.045767107137005117,0.95525951301257628,-0.078326336719032275,0.99664386820035811,0.023790438306263872,-0.95314235572284312,-0.067870257719690949,-0.2948105796001419,8.7621779187526004e-05,2.8259862649723415e-05
4.5900681018829346,1790951872.835428,0.00062298774719238281,0.034609879067047558,0,0,-0.024609142453120049,0.38664278919430384,-0.045430920429412401,0.052421999999999996,0.00096999999999999994,0.178507,-2.9152409028986486,1.2634438455186952,-2.8796187328654446,0.052397139207545587,0.00096730324224324898,0.17842302235604562,-0.29220649325996439,-0.045767107137005117,0.95525951301257628,-0.078326336719032275,0.99664386820035811,0.023790438306263872,-0.95314235572284312,-0.067870257719690949,-0.2948105796001419,8.7621779187526004e-05,2.8259862649723415e-05
4.5950691699981689,1790951872.8404291,0.00060009956359863281,0.034609879067047558,0,0,-0.024609142453120049,0.38664278919430384,-0.045430920429412401,0.052421999999999996,0.00096999999999999994,0.178507,-2.9152409028986486,1.2634438455186952,-2.8796187328654446,0.052397139207545587,0.00096730324224324898,0.17842302235604562,-0.29220649325996439,-0.045767107137005117,0.95525951301257628,-0.078326336719032275,0.99664386820035811,0.023790438306263872,-0.95314235572284312,-0.067870257719690949,-0.2948105796001419,8.7621779187526004e-05,2.8259862649723415e-05
4.6000680923461914,1790951872.845428,0.00060009956359863281,0.034609879067047558,0,0,-0.024609142453120049,0.38664278919430384,-0.045430920429412401,0.052421999999999996,0.00096999999999999994,0.178507,-2.9152409028986486,1.2634438455186952,-2.8796187328654446,0.052397139207545587,0.00096730324224324898,0.17842302235604562,-0.29220649325996439,-0.045767107137005117,0.95525951301257628,-0.078326336719032275,0.99664386820035811,0.023790438306263872,-0.95314235572284312,-0.067870257719690949,-0.2948105796001419,8.7621779187526004e-05,2.8259862649723415e-05
4.6050961017608643,1790951872.850456,0.00062704086303710938,0.034609879067047558,0,0,-0.024609142453120049,0.38664278919430384,-0.045430920429412401,0.052421999999999996,0.00096999999999999994,0.178507,-2.9152409028986486,1.2634438455186952,-2.8796187328654446,0.052397139207545587,0.00096730324224324898,0.17842302235604562,-0.29220649325996439,-0.045767107137005117,0.95525951301257628,-0.078326336719032275,0.99664386820035811,0.023790438306263872,-0.95314235572284312,-0.067870257719690949,-0.2948105796001419,8.7621779187526004e-05,2.8259862649723415e-05
4.6100699901580811,1790951872.8554299,0.0006008148193359375,0.034609879067047558,0,0,-0.024609142453120049,0.38664278919430384,-0.045430920429412401,0.052421999999999996,0.00096999999999999994,0.178507,-2.9152409028986486,1.2634438455186952,-2.8796187328654446,0.052397139207545587,0.00096730324224324898,0.17842302235604562,-0.29220649325996439,-0.045767107137005117,0.95525951301257628,-0.078326336719032275,0.99664386820035811,0.023790438306263872,-0.95314235572284312,-0.067870257719690949,-0.2948105796001419,8.7621779187526004e-05,2.8259862649723415e-05
4.6150941848754883,1790951872.8604541,0.00062513351440429688,0.034609879067047558,0,0,-0.024609142453120049,0.38664278919430384,-0.045430920429412401,0.052421999999999996,0.00096999999999999994,0.178507,-2.9152409028986486,1.2634438455186952,-2.8796187328654446,0.052397139207545587,0.00096730324224324898,0.17842302235604562,-0.29220649325996439,-0.045767107137005117,0.95525951301257628,-0.078326336719032275,0.99664386820035811,0.023790438306263872,-0.95314235572284312,-0.067870257719690949,-0.2948105796001419,8.7621779187526004e-05,2.8259862649723415e-05
4.6200721263885498,1790951872.865432,0.00060296058654785156,0.034609879067047558,0,0,-0.024609142453120049,0.38664278919430384,-0.045430920429412401,0.052421999999999996,0.00096999999999999994,0.178507,-2.9152409028986486,1.2634438455186952,-2.8796187328654446,0.052397139207545587,0.00096730324224324898,0.17842302235604562,-0.29220649325996439,-0.045767107137005117,0.95525951301257628,-0.078326336719032275,0.99664386820035811,0.023790438306263872,-0.95314235572284312,-0.067870257719690949,-0.2948105796001419,8.7621779187526004e-05,2.8259862649723415e-05
4.6250951290130615,1790951872.870455,0.00062608718872070312,0.034609879067047558,0,0,-0.024609142453120049,0.38664278919430384,-0.045430920429412401,0.052421999999999996,0.00096999999999999994,0.178507,-2.9152409028986486,1.2634438455186952,-2.8796187328654446,0.052397139207545587,0.00096730324224324898,0.17842302235604562,-0.29220649325996439,-0.045767107137005117,0.95525951301257628,-0.078326336719032275,0.99664386820035811,0.023790438306263872,-0.95314235572284312,-0.067870257719690949,-0.2948105796001419,8.7621779187526004e-05,2.8259862649723415e-05
4.6300680637359619,1790951872.875428,0.0005970001220703125,0.034609879067047558,0,0,-0.024609142453120049,0.38664278919430384,-0.045430920429412401,0.052421999999999996,0.00096999999999999994,0.178507,-2.9152409028986486,1.2634438455186952,-2.8796187328654446,0.052397139207545587,0.00096730324224324898,0.17842302235604562,-0.29220649325996439,-0.045767107137005117,0.95525951301257628,-0.078326336719032275,0.99664386820035811,0.023790438306263872,-0.95314235572284312,-0.067870257719690949,-0.2948105796001419,8.7621779187526004e-05,2.8259862649723415e-05
4.6350700855255127,1790951872.88043,0.00060105323791503906,0.034609879067047558,0,0,-0.024609142453120049,0.38664278919430384,-0.045430920429412401,0.052421999999999996,0.00096999999999999994,0.178507,-2.9152409028986486,1.2634438455186952,-2.8796187328654446,0.052397139207545587,0.00096730324224324898,0.17842302235604562,-0.29220649325996439,-0.045767107137005117,0.95525951301257628,-0.078326336719032275,0.99664386820035811,0.023790438306263872,-0.95314235572284312,-0.067870257719690949,-0.2948105796001419,8.7621779187526004e-05,2.8259862649723415e-05
4.6400711536407471,1790951872.8854311,0.00059795379638671875,0.034609879067047558,0,0,-0.024609142453120049,0.38664278919430384,-0.045430920429412401,0.052421999999999996,0.00096999999999999994,0.178507,-2.9152409028986486,1.2634438455186952,-2.8796187328654446,0.052397139207545587,0.00096730324224324898,0.17842302235604562,-0.29220649325996439,-0.045767107137005117,0.95525951301257628,-0.078326336719032275,0.99664386820035811,0.023790438306263872,-0.95314235572284312,-0.067870257719690949,-0.2948105796001419,8.7621779187526004e-05,2.8259862649723415e-05
4.6450710296630859,1790951872.8904309,0.0006008148193359375,0.034609879067047558,0,0,-0.024609142453120049,0.38664278919430384,-0.045430920429412401,0.052421999999999996,0.00096999999999999994,0.178507,-2.9152409028986486,1.2634438455186952,-2.8796187328654446,0.052397139207545587,0.00096730324224324898,0.17842302235604562,-0.29220649325996439,-0.045767107137005117,0.95525951301257628,-0.078326336719032275,0.99664386820035811,0.023790438306263872,-0.95314235572284312,-0.067870257719690949,-0.2948105796001419,8.7621779187526004e-05,2.8259862649723415e-05
4.650068998336792,1790951872.8954289,0.00059986114501953125,0.034609879067047558,0,0,-0.024609142453120049,0.38664278919430384,-0.045430920429412401,0.052421999999999996,0.00096999999999999994,0.178507,-2.9152409028986486,1.2634438455186952,-2.8796187328654446,0.052397139207545587,0.00096730324224324898,0.17842302235604562,-0.29220649325996439,-0.045767107137005117,0.95525951301257628,-0.078326336719032275,0.99664386820035811,0.023790438306263872,-0.95314235572284312,-0.067870257719690949,-0.2948105796001419,8.7621779187526004e-05,2.8259862649723415e-05
4.65506911277771,1790951872.900429,0.000598907470703125,0.034609879067047558,0,0,-0.024609142453120049,0.38664278919430384,-0.045430920429412401,0.052421999999999996,0.00096999999999999994,0.178507,-2.9152409028986486,1.2634438455186952,-2.8796187328654446,0.052397139207545587,0.00096730324224324898,0.17842302235604562,-0.29220649325996439,-0.045767107137005117,0.95525951301257628,-0.078326336719032275,0.99664386820035811,0.023790438306263872,-0.95314235572284312,-0.067870257719690949,-0.2948105796001419,8.7621779187526004e-05,2.8259862649723415e-05
4.6600711345672607,1790951872.905431,0.00060200691223144531,0.034609879067047558,0,0,-0.024609142453120049,0.38664278919430384,-0.045430920429412401,0.052421999999999996,0.00096999999999999994,0.178507,-2.9152409028986486,1.2634438455186952,-2.8796187328654446,0.052397139207545587,0.00096730324224324898,0.17842302235604562,-0.29220649325996439,-0.045767107137005117,0.95525951301257628,-0.078326336719032275,0.99664386820035811,0.023790438306263872,-0.95314235572284312,-0.067870257719690949,-0.2948105796001419,8.7621779187526004e-05,2.8259862649723415e-05
4.6650941371917725,1790951872.910454,0.00062394142150878906,0.034609879067047558,0,0,-0.024609142453120049,0.38664278919430384,-0.045430920429412401,0.052421999999999996,0.00096999999999999994,0.178507,-2.9152409028986486,1.2634438455186952,-2.8796187328654446,0.052397139207545587,0.00096730324224324898,0.17842302235604562,-0.29220649325996439,-0.045767107137005117,0.95525951301257628,-0.078326336719032275,0.99664386820035811,0.023790438306263872,-0.95314235572284312,-0.067870257719690949,-0.2948105796001419,8.7621779187526004e-05,2.8259862649723415e-05
4.6700701713562012,1790951872.9154301,0.00059795379638671875,0.034609879067047558,0,0,-0.024609142453120049,0.38664278919430384,-0.045430920429412401,0.052421999999999996,0.00096999999999999994,0.178507,-2.9152409028986486,1.2634438455186952,-2.8796187328654446,0.052397139207545587,0.00096730324224324898,0.17842302235604562,-0.29220649325996439,-0.045767107137005117,0.95525951301257628,-0.078326336719032275,0.99664386820035811,0.023790438306263872,-0.95314235572284312,-0.067870257719690949,-0.2948105796001419,8.7621779187526004e-05,2.8259862649723415e-05
4.6750950813293457,1790951872.920455,0.00062704086303710938,0.034609879067047558,0,0,-0.024609142453120049,0.38664278919430384,-0.045430920429412401,0.052421999999999996,0.00096999999999999994,0.178507,-2.9152409028986486,1.2634438455186952,-2.8796187328654446,0.052397139207545587,0.00096730324224324898,0.17842302235604562,-0.29220649325996439,-0.045767107137005117,0.95525951301257628,-0.078326336719032275,0.99664386820035811,0.023790438306263872,-0.95314235572284312,-0.067870257719690949,-0.2948105796001419,8.7621779187526004e-05,2.8259862649723415e-05
4.680070161819458,1790951872.9254301,0.00060105323791503906,0.034609879067047558,0,0,-0.024609142453120049,0.38664278919430384,-0.045430920429412401,0.052421999999999996,0.00096999999999999994,0.178507,-2.9152409028986486,1.2634438455186952,-2.8796187328654446,0.052397139207545587,0.00096730324224324898,0.17842302235604562,-0.29220649325996439,-0.045767107137005117,0.95525951301257628,-0.078326336719032275,0.99664386820035811,0.023790438306263872,-0.95314235572284312,-0.067870257719690949,-0.2948105796001419,8.7621779187526004e-05,2.8259862649723415e-05
4.6850700378417969,1790951872.9304299,0.00060105323791503906,0.034609879067047558,0,0,-0.024609142453120049,0.38664278919430384,-0.045430920429412401,0.052421999999999996,0.00096999999999999994,0.178507,-2.9152409028986486,1.2634438455186952,-2.8796187328654446,0.052397139207545587,0.00096730324224324898,0.17842302235604562,-0.29220649325996439,-0.045767107137005117,0.95525951301257628,-0.078326336719032275,0.99664386820035811,0.023790438306263872,-0.95314235572284312,-0.067870257719690949,-0.2948105796001419,8.7621779187526004e-05,2.8259862649723415e-05
4.6900432109832764,1790951872.9354031,0.0005741119384765625,0.034609879067047558,0,0,-0.024609142453120049,0.38664278919430384,-0.045430920429412401,0.052421999999999996,0.00096999999999999994,0.178507,-2.9152409028986486,1.2634438455186952,-2.8796187328654446,0.052397139207545587,0.00096730324224324898,0.17842302235604562,-0.29220649325996439,-0.045767107137005117,0.95525951301257628,-0.078326336719032275,0.99664386820035811,0.023790438306263872,-0.95314235572284312,-0.067870257719690949,-0.2948105796001419,8.7621779187526004e-05,2.8259862649723415e-05
4.6950681209564209,1790951872.940428,0.00059795379638671875,0.034609879067047558,0,0,-0.024609142453120049,0.38664278919430384,-0.045430920429412401,0.052421999999999996,0.00096999999999999994,0.178507,-2.9152409028986486,1.2634438455186952,-2.8796187328654446,0.052397139207545587,0.00096730324224324898,0.17842302235604562,-0.29220649325996439,-0.045767107137005117,0.95525951301257628,-0.078326336719032275,0.99664386820035811,0.023790438306263872,-0.95314235572284312,-0.067870257719690949,-0.2948105796001419,8.7621779187526004e-05,2.8259862649723415e-05
4.7000691890716553,1790951872.9454291,0.00060009956359863281,0.034609879067047558,0,0,-0.024609142453120049,0.38664278919430384,-0.045430920429412401,0.052421999999999996,0.00096999999999999994,0.178507,-2.9152409028986486,1.2634438455186952,-2.8796187328654446,0.052397139207545587,0.00096730324224324898,0.17842302235604562,-0.29220649325996439,-0.045767107137005117,0.95525951301257628,-0.078326336719032275,0.99664386820035811,0.023790438306263872,-0.95314235572284312,-0.067870257719690949,-0.2948105796001419,8.7621779187526004e-05,2.8259862649723415e-05
4.7050700187683105,1790951872.9504299,0.0006008148193359375,0.034609879067047558,0,0,-0.024609142453120049,0.38664278919430384,-0.045430920429412401,0.052421999999999996,0.00096999999999999994,0.178507,-2.9152409028986486,1.2634438455186952,-2.8796187328654446,0.052397139207545587,0.00096730324224324898,0.17842302235604562,-0.29220649325996439,-0.045767107137005117,0.95525951301257628,-0.078326336719032275,0.99664386820035811,0.023790438306263872,-0.95314235572284312,-0.067870257719690949,-0.2948105796001419,8.7621779187526004e-05,2.8259862649723415e-05
4.7100701332092285,1790951872.95543,0.00059914588928222656,0.034609879067047558,0,0,-0.024609142453120049,0.38664278919430384,-0.045430920429412401,0.052421999999999996,0.00096999999999999994,0.178507,-2.9152409028986486,1.2634438455186952,-2.8796187328654446,0.052397139207545587,0.00096730324224324898,0.17842302235604562,-0.29220649325996439,-0.045767107137005117,0.95525951301257628,-0.078326336719032275,0.99664386820035811,0.023790438306263872,-0.95314235572284312,-0.067870257719690949,-0.2948105796001419,8.7621779187526004e-05,2.8259862649723415e-05
4.7150940895080566,1790951872.960454,0.00062608718872070312,0.034609879067047558,0,0,-0.024609142453120049,0.38664278919430384,-0.045430920429412401,0.052421999999999996,0.00096999999999999994,0.178507,-2.9152409028986486,1.2634438455186952,-2.8796187328654446,0.052397139207545587,0.00096730324224324898,0.17842302235604562,-0.29220649325996439,-0.045767107137005117,0.95525951301257628,-0.078326336719032275,0.99664386820035811,0.023790438306263872,-0.95314235572284312,-0.067870257719690949,-0.2948105796001419,8.7621779187526004e-05,2.8259862649723415e-05
4.7200710773468018,1790951872.965431,0.00060200691223144531,0.034609879067047558,0,0,-0.024609142453120049,0.38664278919430384,-0.045430920429412401,0.052421999999999996,0.00096999999999999994,0.178507,-2.9152409028986486,1.2634438455186952,-2.8796187328654446,0.052397139207545587,0.00096730324224324898,0.17842302235604562,-0.29220649325996439,-0.045767107137005117,0.95525951301257628,-0.078326336719032275,0.99664386820035811,0.023790438306263872,-0.95314235572284312,-0.067870257719690949,-0.2948105796001419,8.7621779187526004e-05,2.8259862649723415e-05
4.7250690460205078,1790951872.9704289,0.00059986114501953125,0.034609879067047558,0,0,-0.024609142453120049,0.38664278919430384,-0.045430920429412401,0.052421999999999996,0.00096999999999999994,0.178507,-2.9152409028986486,1.2634438455186952,-2.8796187328654446,0.052397139207545587,0.00096730324224324898,0.17842302235604562,-0.29220649325996439,-0.045767107137005117,0.95525951301257628,-0.078326336719032275,0.99664386820035811,0.023790438306263872,-0.95314235572284312,-0.067870257719690949,-0.2948105796001419,8.7621779187526004e-05,2.8259862649723415e-05
4.730072021484375,1790951872.9754319,0.00060296058654785156,0.034609879067047558,0,0,-0.024609142453120049,0.38664278919430384,-0.045430920429412401,0.052421999999999996,0.00096999999999999994,0.178507,-2.9152409028986486,1.2634438455186952,-2.8796187328654446,0.052397139207545587,0.00096730324224324898,0.17842302235604562,-0.29220649325996439,-0.045767107137005117,0.95525951301257628,-0.078326336719032275,0.99664386820035811,0.023790438306263872,-0.95314235572284312,-0.067870257719690949,-0.2948105796001419,8.7621779187526004e-05,2.8259862649723415e-05
4.7350950241088867,1790951872.9804549,0.00062584877014160156,0.034609879067047558,0,0,-0.024609142453120049,0.38664278919430384,-0.045430920429412401,0.052421999999999996,0.00096999999999999994,0.178507,-2.9152409028986486,1.2634438455186952,-2.8796187328654446,0.052397139207545587,0.00096730324224324898,0.17842302235604562,-0.29220649325996439,-0.045767107137005117,0.95525951301257628,-0.078326336719032275,0.99664386820035811,0.023790438306263872,-0.95314235572284312,-0.067870257719690949,-0.2948105796001419,8.7621779187526004e-05,2.8259862649723415e-05
4.7400720119476318,1790951872.9854319,0.00060296058654785156,0.034609879067047558,0,0,-0.024609142453120049,0.38664278919430384,-0.045430920429412401,0.052421999999999996,0.00096999999999999994,0.178507,-2.9152409028986486,1.2634438455186952,-2.8796187328654446,0.052397139207545587,0.00096730324224324898,0.17842302235604562,-0.29220649325996439,-0.045767107137005117,0.95525951301257628,-0.078326336719032275,0.99664386820035811,0.023790438306263872,-0.95314235572284312,-0.067870257719690949,-0.2948105796001419,8.7621779187526004e-05,2.8259862649723415e-05
4.7450711727142334,1790951872.9904311,0.00055098533630371094,0.034609879067047558,0,0,-0.024609142453120049,0.38664278919430384,-0.045430920429412401,0.052421999999999996,0.00096999999999999994,0.178507,-2.9152409028986486,1.2634438455186952,-2.8796187328654446,0.052397139207545587,0.00096730324224324898,0.17842302235604562,-0.29220649325996439,-0.045767107137005117,0.95525951301257628,-0.078326336719032275,0.99664386820035811,0.023790438306263872,-0.95314235572284312,-0.067870257719690949,-0.2948105796001419,8.7621779187526004e-05,2.8259862649723415e-05
4.7500710487365723,1790951872.9954309,0.000598907470703125,0.034609879067047558,0,0,-0.024609142453120049,0.38664278919430384,-0.045430920429412401,0.052421999999999996,0.00096999999999999994,0.178507,-2.9152409028986486,1.2634438455186952,-2.8796187328654446,0.052397139207545587,0.00096730324224324898,0.17842302235604562,-0.29220649325996439,-0.045767107137005117,0.95525951301257628,-0.078326336719032275,0.99664386820035811,0.023790438306263872,-0.95314235572284312,-0.067870257719690949,-0.2948105796001419,8.7621779187526004e-05,2.8259862649723415e-05
4.7550971508026123,1790951873.000457,0.00062704086303710938,0.034609879067047558,0,0,-0.024609142453120049,0.38664278919430384,-0.045430920429412401,0.052421999999999996,0.00096999999999999994,0.178507,-2.9152409028986486,1.2634438455186952,-2.8796187328654446,0.052397139207545587,0.00096730324224324898,0.17842302235604562,-0.29220649325996439,-0.045767107137005117,0.95525951301257628,-0.078326336719032275,0.99664386820035811,0.023790438306263872,-0.95314235572284312,-0.067870257719690949,-0.2948105796001419,8.7621779187526004e-05,2.8259862649723415e-05
4.7600710391998291,1790951873.0054309,0.00060200691223144531,0.034609879067047558,0,0,-0.024609142453120049,0.38664278919430384,-0.045430920429412401,0.052421999999999996,0.00096999999999999994,0.178507,-2.9152409028986486,1.2634438455186952,-2.8796187328654446,0.052397139207545587,0.00096730324224324898,0.17842302235604562,-0.29220649325996439,-0.045767107137005117,0.95525951301257628,-0.078326336719032275,0.99664386820035811,0.023790438306263872,-0.95314235572284312,-0.067870257719690949,-0.2948105796001419,8.7621779187526004e-05,2.8259862649723415e-05
4.7650701999664307,1790951873.0104301,0.00060009956359863281,0.034609879067047558,0,0,-0.024609142453120049,0.38664278919430384,-0.045430920429412401,0.052421999999999996,0.00096999999999999994,0.178507,-2.9152409028986486,1.2634438455186952,-2.8796187328654446,0.052397139207545587,0.00096730324224324898,0.17842302235604562,-0.29220649325996439,-0.045767107137005117,0.95525951301257628,-0.078326336719032275,0.99664386820035811,0.023790438306263872,-0.95314235572284312,-0.067870257719690949,-0.2948105796001419,8.7621779187526004e-05,2.8259862649723415e-05
4.7700700759887695,1790951873.01543,0.00062608718872070312,0.034609879067047558,0,0,-0.024609142453120049,0.38664278919430384,-0.045430920429412401,0.052421999999999996,0.00096999999999999994,0.178507,-2.9152409028986486,1.2634438455186952,-2.8796187328654446,0.052397139207545587,0.00096730324224324898,0.17842302235604562,-0.29220649325996439,-0.045767107137005117,0.95525951301257628,-0.078326336719032275,0.99664386820035811,0.023790438306263872,-0.95314235572284312,-0.067870257719690949,-0.2948105796001419,8.7621779187526004e-05,2.8259862649723415e-05
4.775097131729126,1790951873.020457,0.00062799453735351562,0.034609879067047558,0,0,-0.024609142453120049,0.38664278919430384,-0.045430920429412401,0.052421999999999996,0.00096999999999999994,0.178507,-2.9152409028986486,1.2634438455186952,-2.8796187328654446,0.052397139207545587,0.00096730324224324898,0.17842302235604562,-0.29220649325996439,-0.045767107137005117,0.95525951301257628,-0.078326336719032275,0.99664386820035811,0.023790438306263872,-0.95314235572284312,-0.067870257719690949,-0.2948105796001419,8.7621779187526004e-05,2.8259862649723415e-05
4.7800700664520264,1790951873.02543,0.00059795379638671875,0.034609879067047558,0,0,-0.024609142453120049,0.38664278919430384,-0.045430920429412401,0.052421999999999996,0.00096999999999999994,0.178507,-2.9152409028986486,1.2634438455186952,-2.8796187328654446,0.052397139207545587,0.00096730324224324898,0.17842302235604562,-0.29220649325996439,-0.045767107137005117,0.95525951301257628,-0.078326336719032275,0.99664386820035811,0.023790438306263872,-0.95314235572284312,-0.067870257719690949,-0.2948105796001419,8.7621779187526004e-05,2.8259862649723415e-05
4.7850720882415771,1790951873.030432,0.00060105323791503906,0.034609879067047558,0,0,-0.024609142453120049,0.38664278919430384,-0.045430920429412401,0.052421999999999996,0.00096999999999999994,0.178507,-2.9152409028986486,1.2634438455186952,-2.8796187328654446,0.052397139207545587,0.00096730324224324898,0.17842302235604562,-0.29220649325996439,-0.045767107137005117,0.95525951301257628,-0.078326336719032275,0.99664386820035811,0.023790438306263872,-0.95314235572284312,-0.067870257719690949,-0.2948105796001419,8.7621779187526004e-05,2.8259862649723415e-05
4.7900722026824951,1790951873.0354321,0.00060200691223144531,0.034609879067047558,0,0,-0.024609142453120049,0.38664278919430384,-0.045430920429412401,0.052421999999999996,0.00096999999999999994,0.178507,-2.9152409028986486,1.2634438455186952,-2.8796187328654446,0.052397139207545587,0.00096730324224324898,0.17842302235604562,-0.29220649325996439,-0.045767107137005117,0.95525951301257628,-0.078326336719032275,0.99664386820035811,0.023790438306263872,-0.95314235572284312,-0.067870257719690949,-0.2948105796001419,8.7621779187526004e-05,2.8259862649723415e-05
4.7950701713562012,1790951873.0404301,0.00054717063903808594,0.034609879067047558,0,0,-0.024609142453120049,0.38664278919430384,-0.045430920429412401,0.052421999999999996,0.00096999999999999994,0.178507,-2.9152409028986486,1.2634438455186952,-2.8796187328654446,0.052397139207545587,0.00096730324224324898,0.17842302235604562,-0.29220649325996439,-0.045767107137005117,0.95525951301257628,-0.078326336719032275,0.99664386820035811,0.023790438306263872,-0.95314235572284312,-0.067870257719690949,-0.2948105796001419,8.7621779187526004e-05,2.8259862649723415e-05
4.80007004737854,1790951873.0454299,0.000598907470703125,0.034609879067047558,0,0,-0.024609142453120049,0.38664278919430384,-0.045430920429412401,0.052421999999999996,0.00096999999999999994,0.178507,-2.9152409028986486,1.2634438455186952,-2.8796187328654446,0.052397139207545587,0.00096730324224324898,0.17842302235604562,-0.29220649325996439,-0.045767107137005117,0.95525951301257628,-0.078326336719032275,0.99664386820035811,0.023790438306263872,-0.95314235572284312,-0.067870257719690949,-0.2948105796001419,8.7621779187526004e-05,2.8259862649723415e-05
4.8050951957702637,1790951873.0504551,0.00062513351440429688,0.034609879067047558,0,0,-0.024609142453120049,0.38664278919430384,-0.045430920429412401,0.052421999999999996,0.00096999999999999994,0.178507,-2.9152409028986486,1.2634438455186952,-2.8796187328654446,0.052397139207545587,0.00096730324224324898,0.17842302235604562,-0.29220649325996439,-0.045767107137005117,0.95525951301257628,-0.078326336719032275,0.99664386820035811,0.023790438306263872,-0.95314235572284312,-0.067870257719690949,-0.2948105796001419,8.7621779187526004e-05,2.8259862649723415e-05
4.8100709915161133,1790951873.0554309,0.00059199333190917969,0.034609879067047558,0,0,-0.024609142453120049,0.38664278919430384,-0.045430920429412401,0.052421999999999996,0.00096999999999999994,0.178507,-2.9152409028986486,1.2634438455186952,-2.8796187328654446,0.052397139207545587,0.00096730324224324898,0.17842302235604562,-0.29220649325996439,-0.045767107137005117,0.95525951301257628,-0.078326336719032275,0.99664386820035811,0.023790438306263872,-0.95314235572284312,-0.067870257719690949,-0.2948105796001419,8.7621779187526004e-05,2.8259862649723415e-05
4.8150720596313477,1790951873.060432,0.00060200691223144531,0.034609879067047558,0,0,-0.024609142453120049,0.38664278919430384,-0.045430920429412401,0.052421999999999996,0.00096999999999999994,0.178507,-2.9152409028986486,1.2634438455186952,-2.8796187328654446,0.052397139207545587,0.00096730324224324898,0.17842302235604562,-0.29220649325996439,-0.045767107137005117,0.95525951301257628,-0.078326336719032275,0.99664386820035811,0.023790438306263872,-0.95314235572284312,-0.067870257719690949,-0.2948105796001419,8.7621779187526004e-05,2.8259862649723415e-05
4.8200712203979492,1790951873.0654311,0.0005970001220703125,0.034609879067047558,0,0,-0.024609142453120049,0.38664278919430384,-0.045430920429412401,0.052421999999999996,0.00096999999999999994,0.178507,-2.9152409028986486,1.2634438455186952,-2.8796187328654446,0.052397139207545587,0.00096730324224324898,0.17842302235604562,-0.29220649325996439,-0.045767107137005117,0.95525951301257628,-0.078326336719032275,0.99664386820035811,0.023790438306263872,-0.95314235572284312,-0.067870257719690949,-0.2948105796001419,8.7621779187526004e-05,2.8259862649723415e-05
4.8250710964202881,1790951873.070431,0.00060009956359863281,0.034609879067047558,0,0,-0.024609142453120049,0.38664278919430384,-0.045430920429412401,0.052421999999999996,0.00096999999999999994,0.178507,-2.9152409028986486,1.2634438455186952,-2.8796187328654446,0.052397139207545587,0.00096730324224324898,0.17842302235604562,-0.29220649325996439,-0.045767107137005117,0.95525951301257628,-0.078326336719032275,0.99664386820035811,0.023790438306263872,-0.95314235572284312,-0.067870257719690949,-0.2948105796001419,8.7621779187526004e-05,2.8259862649723415e-05
4.8300721645355225,1790951873.0754321,0.00060200691223144531,0.034609879067047558,0,0,-0.024609142453120049,0.38664278919430384,-0.045430920429412401,0.052421999999999996,0.00096999999999999994,0.178507,-2.9152409028986486,1.2634438455186952,-2.8796187328654446,0.052397139207545587,0.00096730324224324898,0.17842302235604562,-0.29220649325996439,-0.045767107137005117,0.95525951301257628,-0.078326336719032275,0.99664386820035811,0.023790438306263872,-0.95314235572284312,-0.067870257719690949,-0.2948105796001419,8.7621779187526004e-05,2.8259862649723415e-05
4.8350961208343506,1790951873.080456,0.00062108039855957031,0.034609879067047558,0,0,-0.024609142453120049,0.38664278919430384,-0.045430920429412401,0.052421999999999996,0.00096999999999999994,0.178507,-2.9152409028986486,1.2634438455186952,-2.8796187328654446,0.052397139207545587,0.00096730324224324898,0.17842302235604562,-0.29220649325996439,-0.045767107137005117,0.95525951301257628,-0.078326336719032275,0.99664386820035811,0.023790438306263872,-0.95314235572284312,-0.067870257719690949,-0.2948105796001419,8.7621779187526004e-05,2.8259862649723415e-05
4.8400700092315674,1790951873.0854299,0.00059986114501953125,0.034609879067047558,0,0,-0.024609142453120049,0.38664278919430384,-0.045430920429412401,0.052421999999999996,0.00096999999999999994,0.178507,-2.9152409028986486,1.2634438455186952,-2.8796187328654446,0.052397139207545587,0.00096730324224324898,0.17842302235604562,-0.29220649325996439,-0.045767107137005117,0.95525951301257628,-0.078326336719032275,0.99664386820035811,0.023790438306263872,-0.95314235572284312,-0.067870257719690949,-0.2948105796001419,8.7621779187526004e-05,2.8259862649723415e-05
4.8450710773468018,1790951873.090431,0.00060105323791503906,0.034609879067047558,0,0,-0.024609142453120049,0.38664278919430384,-0.045430920429412401,0.052421999999999996,0.00096999999999999994,0.178507,-2.9152409028986486,1.2634438455186952,-2.8796187328654446,0.052397139207545587,0.00096730324224324898,0.17842302235604562,-0.29220649325996439,-0.045767107137005117,0.95525951301257628,-0.078326336719032275,0.99664386820035811,0.023790438306263872,-0.95314235572284312,-0.067870257719690949,-0.2948105796001419,8.7621779187526004e-05,2.8259862649723415e-05
4.8500699996948242,1790951873.0954299,0.000621795654296875,0.034609879067047558,0,0,-0.024609142453120049,0.38664278919430384,-0.045430920429412401,0.052421999999999996,0.00096999999999999994,0.178507,-2.9152409028986486,1.2634438455186952,-2.8796187328654446,0.052397139207545587,0.00096730324224324898,0.17842302235604562,-0.29220649325996439,-0.045767107137005117,0.95525951301257628,-0.078326336719032275,0.99664386820035811,0.023790438306263872,-0.95314235572284312,-0.067870257719690949,-0.2948105796001419,8.7621779187526004e-05,2.8259862649723415e-05
4.8550970554351807,1790951873.100457,0.00062704086303710938,0.034609879067047558,0,0,-0.024609142453120049,0.38664278919430384,-0.045430920429412401,0.052421999999999996,0.00096999999999999994,0.178507,-2.9152409028986486,1.2634438455186952,-2.8796187328654446,0.052397139207545587,0.00096730324224324898,0.17842302235604562,-0.29220649325996439,-0.045767107137005117,0.95525951301257628,-0.078326336719032275,0.99664386820035811,0.023790438306263872,-0.95314235572284312,-0.067870257719690949,-0.2948105796001419,8.7621779187526004e-05,2.8259862649723415e-05
4.860072135925293,1790951873.105432,0.00060200691223144531,0.034609879067047558,0,0,-0.024609142453120049,0.38664278919430384,-0.045430920429412401,0.052421999999999996,0.00096999999999999994,0.178507,-2.9152409028986486,1.2634438455186952,-2.8796187328654446,0.052397139207545587,0.00096730324224324898,0.17842302235604562,-0.29220649325996439,-0.045767107137005117,0.95525951301257628,-0.078326336719032275,0.99664386820035811,0.023790438306263872,-0.95314235572284312,-0.067870257719690949,-0.2948105796001419,8.7621779187526004e-05,2.8259862649723415e-05
4.8650710582733154,1790951873.110431,0.00060200691223144531,0.034609879067047558,0,0,-0.024609142453120049,0.38664278919430384,-0.045430920429412401,0.052421999999999996,0.00096999999999999994,0.178507,-2.9152409028986486,1.2634438455186952,-2.8796187328654446,0.052397139207545587,0.00096730324224324898,0.17842302235604562,-0.29220649325996439,-0.045767107137005117,0.95525951301257628,-0.078326336719032275,0.99664386820035811,0.023790438306263872,-0.95314235572284312,-0.067870257719690949,-0.2948105796001419,8.7621779187526004e-05,2.8259862649723415e-05
4.8700711727142334,1790951873.1154311,0.00060009956359863281,0.034609879067047558,0,0,-0.024609142453120049,0.38664278919430384,-0.045430920429412401,0.052421999999999996,0.00096999999999999994,0.178507,-2.9152409028986486,1.2634438455186952,-2.8796187328654446,0.052397139207545587,0.00096730324224324898,0.17842302235604562,-0.29220649325996439,-0.045767107137005117,0.95525951301257628,-0.078326336719032275,0.99664386820035811,0.023790438306263872,-0.95314235572284312,-0.067870257719690949,-0.2948105796001419,8.7621779187526004e-05,2.8259862649723415e-05
4.8750951290130615,1790951873.120455,0.00062394142150878906,0.034609879067047558,0,0,-0.024609142453120049,0.38664278919430384,-0.045430920429412401,0.052421999999999996,0.00096999999999999994,0.178507,-2.9152409028986486,1.2634438455186952,-2.8796187328654446,0.052397139207545587,0.00096730324224324898,0.17842302235604562,-0.29220649325996439,-0.045767107137005117,0.95525951301257628,-0.078326336719032275,0.99664386820035811,0.023790438306263872,-0.95314235572284312,-0.067870257719690949,-0.2948105796001419,8.7621779187526004e-05,2.8259862649723415e-05
4.880073070526123,1790951873.125433,0.00062394142150878906,0.034609879067047558,0,0,-0.024609142453120049,0.38664278919430384,-0.045430920429412401,0.052421999999999996,0.00096999999999999994,0.178507,-2.9152409028986486,1.2634438455186952,-2.8796187328654446,0.052397139207545587,0.00096730324224324898,0.17842302235604562,-0.29220649325996439,-0.045767107137005117,0.95525951301257628,-0.078326336719032275,0.99664386820035811,0.023790438306263872,-0.95314235572284312,-0.067870257719690949,-0.2948105796001419,8.7621779187526004e-05,2.8259862649723415e-05
4.8850700855255127,1790951873.13043,0.000598907470703125,0.034609879067047558,0,0,-0.024609142453120049,0.38664278919430384,-0.045430920429412401,0.052421999999999996,0.00096999999999999994,0.178507,-2.9152409028986486,1.2634438455186952,-2.8796187328654446,0.052397139207545587,0.00096730324224324898,0.17842302235604562,-0.29220649325996439,-0.045767107137005117,0.95525951301257628,-0.078326336719032275,0.99664386820035811,0.023790438306263872,-0.95314235572284312,-0.067870257719690949,-0.2948105796001419,8.7621779187526004e-05,2.8259862649723415e-05
4.8900711536407471,1790951873.1354311,0.00059795379638671875,0.034609879067047558,0,0,-0.024609142453120049,0.38664278919430384,-0.045430920429412401,0.052421999999999996,0.00096999999999999994,0.178507,-2.9152409028986486,1.2634438455186952,-2.8796187328654446,0.052397139207545587,0.00096730324224324898,0.17842302235604562,-0.29220649325996439,-0.045767107137005117,0.95525951301257628,-0.078326336719032275,0.99664386820035811,0.023790438306263872,-0.95314235572284312,-0.067870257719690949,-0.2948105796001419,8.7621779187526004e-05,2.8259862649723415e-05
4.8950700759887695,1790951873.14043,0.00059986114501953125,0.034609879067047558,0,0,-0.024609142453120049,0.38664278919430384,-0.045430920429412401,0.052421999999999996,0.00096999999999999994,0.178507,-2.9152409028986486,1.2634438455186952,-2.8796187328654446,0.052397139207545587,0.00096730324224324898,0.17842302235604562,-0.29220649325996439,-0.045767107137005117,0.95525951301257628,-0.078326336719032275,0.99664386820035811,0.023790438306263872,-0.95314235572284312,-0.067870257719690949,-0.2948105796001419,8.7621779187526004e-05,2.8259862649723415e-05
4.9000730514526367,1790951873.1454329,0.00060200691223144531,0.034609879067047558,0,0,-0.024609142453120049,0.38664278919430384,-0.045430920429412401,0.052421999999999996,0.00096999999999999994,0.178507,-2.9152409028986486,1.2634438455186952,-2.8796187328654446,0.052397139207545587,0.00096730324224324898,0.17842302235604562,-0.29220649325996439,-0.045767107137005117,0.95525951301257628,-0.078326336719032275,0.99664386820035811,0.023790438306263872,-0.95314235572284312,-0.067870257719690949,-0.2948105796001419,8.7621779187526004e-05,2.8259862649723415e-05
4.9051010608673096,1790951873.150461,0.00063085556030273438,0.034609879067047558,0,0,-0.024609142453120049,0.38664278919430384,-0.045430920429412401,0.052421999999999996,0.00096999999999999994,0.178507,-2.9152409028986486,1.2634438455186952,-2.8796187328654446,0.052397139207545587,0.00096730324224324898,0.17842302235604562,-0.29220649325996439,-0.045767107137005117,0.95525951301257628,-0.078326336719032275,0.99664386820035811,0.023790438306263872,-0.95314235572284312,-0.067870257719690949,-0.2948105796001419,8.7621779187526004e-05,2.8259862649723415e-05
4.9100711345672607,1790951873.155431,0.0005970001220703125,0.034609879067047558,0,0,-0.024609142453120049,0.38664278919430384,-0.045430920429412401,0.052421999999999996,0.00096999999999999994,0.178507,-2.9152409028986486,1.2634438455186952,-2.8796187328654446,0.052397139207545587,0.00096730324224324898,0.17842302235604562,-0.29220649325996439,-0.045767107137005117,0.95525951301257628,-0.078326336719032275,0.99664386820035811,0.023790438306263872,-0.95314235572284312,-0.067870257719690949,-0.2948105796001419,8.7621779187526004e-05,2.8259862649723415e-05
4.9150981903076172,1790951873.1604581,0.00062799453735351562,0.034609879067047558,0,0,-0.024609142453120049,0.38664278919430384,-0.045430920429412401,0.052421999999999996,0.00096999999999999994,0.178507,-2.9152409028986486,1.2634438455186952,-2.8796187328654446,0.052397139207545587,0.00096730324224324898,0.17842302235604562,-0.29220649325996439,-0.045767107137005117,0.95525951301257628,-0.078326336719032275,0.99664386820035811,0.023790438306263872,-0.95314235572284312,-0.067870257719690949,-0.2948105796001419,8.7621779187526004e-05,2.8259862649723415e-05
4.9200751781463623,1790951873.1654351,0.00060296058654785156,0.034609879067047558,0,0,-0.024609142453120049,0.38664278919430384,-0.045430920429412401,0.052421999999999996,0.00096999999999999994,0.178507,-2.9152409028986486,1.2634438455186952,-2.8796187328654446,0.052397139207545587,0.00096730324224324898,0.17842302235604562,-0.29220649325996439,-0.045767107137005117,0.95525951301257628,-0.078326336719032275,0.99664386820035811,0.023790438306263872,-0.95314235572284312,-0.067870257719690949,-0.2948105796001419,8.7621779187526004e-05,2.8259862649723415e-05
4.9250950813293457,1790951873.170455,0.00062704086303710938,0.034609879067047558,0,0,-0.024609142453120049,0.38664278919430384,-0.045430920429412401,0.052421999999999996,0.00096999999999999994,0.178507,-2.9152409028986486,1.2634438455186952,-2.8796187328654446,0.052397139207545587,0.00096730324224324898,0.17842302235604562,-0.29220649325996439,-0.045767107137005117,0.95525951301257628,-0.078326336719032275,0.99664386820035811,0.023790438306263872,-0.95314235572284312,-0.067870257719690949,-0.2948105796001419,8.7621779187526004e-05,2.8259862649723415e-05
4.9300720691680908,1790951873.175432,0.00060200691223144531,0.034609879067047558,0,0,-0.024609142453120049,0.38664278919430384,-0.045430920429412401,0.052421999999999996,0.00096999999999999994,0.178507,-2.9152409028986486,1.2634438455186952,-2.8796187328654446,0.052397139207545587,0.00096730324224324898,0.17842302235604562,-0.29220649325996439,-0.045767107137005117,0.95525951301257628,-0.078326336719032275,0.99664386820035811,0.023790438306263872,-0.95314235572284312,-0.067870257719690949,-0.2948105796001419,8.7621779187526004e-05,2.8259862649723415e-05
4.9350972175598145,1790951873.1804571,0.00062322616577148438,0.034609879067047558,0,0,-0.024609142453120049,0.38664278919430384,-0.045430920429412401,0.052421999999999996,0.00096999999999999994,0.178507,-2.9152409028986486,1.2634438455186952,-2.8796187328654446,0.052397139207545587,0.00096730324224324898,0.17842302235604562,-0.29220649325996439,-0.045767107137005117,0.95525951301257628,-0.078326336719032275,0.99664386820035811,0.023790438306263872,-0.95314235572284312,-0.067870257719690949,-0.2948105796001419,8.7621779187526004e-05,2.8259862649723415e-05
4.9400742053985596,1790951873.1854341,0.00060319900512695312,0.034609879067047558,0,0,-0.024609142453120049,0.38664278919430384,-0.045430920429412401,0.052421999999999996,0.00096999999999999994,0.178507,-2.9152409028986486,1.2634438455186952,-2.8796187328654446,0.052397139207545587,0.00096730324224324898,0.17842302235604562,-0.29220649325996439,-0.045767107137005117,0.95525951301257628,-0.078326336719032275,0.99664386820035811,0.023790438306263872,-0.95314235572284312,-0.067870257719690949,-0.2948105796001419,8.7621779187526004e-05,2.8259862649723415e-05
4.9450981616973877,1790951873.1904581,0.00062108039855957031,0.034609879067047558,0,0,-0.024609142453120049,0.38664278919430384,-0.045430920429412401,0.052421999999999996,0.00096999999999999994,0.178507,-2.9152409028986486,1.2634438455186952,-2.8796187328654446,0.052397139207545587,0.00096730324224324898,0.17842302235604562,-0.29220649325996439,-0.045767107137005117,0.95525951301257628,-0.078326336719032275,0.99664386820035811,0.023790438306263872,-0.95314235572284312,-0.067870257719690949,-0.2948105796001419,8.7621779187526004e-05,2.8259862649723415e-05
4.9500701427459717,1790951873.19543,0.00059914588928222656,0.034609879067047558,0,0,-0.024609142453120049,0.38664278919430384,-0.045430920429412401,0.052421999999999996,0.00096999999999999994,0.178507,-2.9152409028986486,1.2634438455186952,-2.8796187328654446,0.052397139207545587,0.00096730324224324898,0.17842302235604562,-0.29220649325996439,-0.045767107137005117,0.95525951301257628,-0.078326336719032275,0.99664386820035811,0.023790438306263872,-0.95314235572284312,-0.067870257719690949,-0.2948105796001419,8.7621779187526004e-05,2.8259862649723415e-05
4.9550960063934326,1790951873.2004559,0.00062394142150878906,0.034609879067047558,0,0,-0.024609142453120049,0.38664278919430384,-0.045430920429412401,0.052421999999999996,0.00096999999999999994,0.178507,-2.9152409028986486,1.2634438455186952,-2.8796187328654446,0.052397139207545587,0.00096730324224324898,0.17842302235604562,-0.29220649325996439,-0.045767107137005117,0.95525951301257628,-0.078326336719032275,0.99664386820035811,0.023790438306263872,-0.95314235572284312,-0.067870257719690949,-0.2948105796001419,8.7621779187526004e-05,2.8259862649723415e-05
4.9600720405578613,1790951873.2054319,0.00060105323791503906,0.034609879067047558,0,0,-0.024609142453120049,0.38664278919430384,-0.045430920429412401,0.052421999999999996,0.00096999999999999994,0.178507,-2.9152409028986486,1.2634438455186952,-2.8796187328654446,0.052397139207545587,0.00096730324224324898,0.17842302235604562,-0.29220649325996439,-0.045767107137005117,0.95525951301257628,-0.078326336719032275,0.99664386820035811,0.023790438306263872,-0.95314235572284312,-0.067870257719690949,-0.2948105796001419,8.7621779187526004e-05,2.8259862649723415e-05
4.9650959968566895,1790951873.2104559,0.00062489509582519531,0.034609879067047558,0,0,-0.024609142453120049,0.38664278919430384,-0.045430920429412401,0.052421999999999996,0.00096999999999999994,0.178507,-2.9152409028986486,1.2634438455186952,-2.8796187328654446,0.052397139207545587,0.00096730324224324898,0.17842302235604562,-0.29220649325996439,-0.045767107137005117,0.95525951301257628,-0.078326336719032275,0.99664386820035811,0.023790438306263872,-0.95314235572284312,-0.067870257719690949,-0.2948105796001419,8.7621779187526004e-05,2.8259862649723415e-05
4.9700710773468018,1790951873.215431,0.00059604644775390625,0.034609879067047558,0,0,-0.024609142453120049,0.38664278919430384,-0.045430920429412401,0.052421999999999996,0.00096999999999999994,0.178507,-2.9152409028986486,1.2634438455186952,-2.8796187328654446,0.052397139207545587,0.00096730324224324898,0.17842302235604562,-0.29220649325996439,-0.045767107137005117,0.95525951301257628,-0.078326336719032275,0.99664386820035811,0.023790438306263872,-0.95314235572284312,-0.067870257719690949,-0.2948105796001419,8.7621779187526004e-05,2.8259862649723415e-05
4.9750721454620361,1790951873.220432,0.00059413909912109375,0.034609879067047558,0,0,-0.024609142453120049,0.38664278919430384,-0.045430920429412401,0.052421999999999996,0.00096999999999999994,0.178507,-2.9152409028986486,1.2634438455186952,-2.8796187328654446,0.052397139207545587,0.00096730324224324898,0.17842302235604562,-0.29220649325996439,-0.045767107137005117,0.95525951301257628,-0.078326336719032275,0.99664386820035811,0.023790438306263872,-0.95314235572284312,-0.067870257719690949,-0.2948105796001419,8.7621779187526004e-05,2.8259862649723415e-05
4.9800710678100586,1790951873.225431,0.00059604644775390625,0.034609879067047558,0,0,-0.024609142453120049,0.38664278919430384,-0.045430920429412401,0.052421999999999996,0.00096999999999999994,0.178507,-2.9152409028986486,1.2634438455186952,-2.8796187328654446,0.052397139207545587,0.00096730324224324898,0.17842302235604562,-0.29220649325996439,-0.045767107137005117,0.95525951301257628,-0.078326336719032275,0.99664386820035811,0.023790438306263872,-0.95314235572284312,-0.067870257719690949,-0.2948105796001419,8.7621779187526004e-05,2.8259862649723415e-05
4.985072135925293,1790951873.230432,0.00055003166198730469,0.034609879067047558,0,0,-0.024609142453120049,0.38664278919430384,-0.045430920429412401,0.052421999999999996,0.00096999999999999994,0.178507,-2.9152409028986486,1.2634438455186952,-2.8796187328654446,0.052397139207545587,0.00096730324224324898,0.17842302235604562,-0.29220649325996439,-0.045767107137005117,0.95525951301257628,-0.078326336719032275,0.99664386820035811,0.023790438306263872,-0.95314235572284312,-0.067870257719690949,-0.2948105796001419,8.7621779187526004e-05,2.8259862649723415e-05
4.9900720119476318,1790951873.2354319,0.00062680244445800781,0.034609879067047558,0,0,-0.024609142453120049,0.38664278919430384,-0.045430920429412401,0.052421999999999996,0.00096999999999999994,0.178507,-2.9152409028986486,1.2634438455186952,-2.8796187328654446,0.052397139207545587,0.00096730324224324898,0.17842302235604562,-0.29220649325996439,-0.045767107137005117,0.95525951301257628,-0.078326336719032275,0.99664386820035811,0.023790438306263872,-0.95314235572284312,-0.067870257719690949,-0.2948105796001419,8.7621779187526004e-05,2.8259862649723415e-05
