t_s,timestamp_s,frame_span_s,q1_rad,q2_rad,q3_rad,q4_rad,q5_rad,q6_rad,feedback_x_m,feedback_y_m,feedback_z_m,feedback_roll_rad,feedback_pitch_rad,feedback_yaw_rad,poe_x_m,poe_y_m,poe_z_m,poe_r11,poe_r12,poe_r13,poe_r21,poe_r22,poe_r23,poe_r31,poe_r32,poe_r33,position_error_m,rotation_error_rad
0,1790954063.30129,0.0005741119384765625,0.085905105783160907,0.086515971021358926,-0.086655597361518469,0.010384709049366262,0.35152676464417792,-0.010925761117484504,0.057461999999999999,0.0052750000000000002,0.205873,-3.1408072554263957,1.3066756510905948,-3.0511496917514473,0.057438401893766797,0.0052738848231569831,0.20578756318509733,-0.25997595480748137,-0.089543830704214816,0.96145431784601865,-0.023568749708289288,0.99598286212624754,0.086386644731677079,-0.96532741438287473,-0.00020182572653440606,-0.26104203168694817,8.8642899196141831e-05,2.846199803602478e-05
0.0050249099731445312,1790954063.3063149,0.00060105323791503906,0.085905105783160907,0.086515971021358926,-0.086655597361518469,0.010384709049366262,0.35152676464417792,-0.010925761117484504,0.057461999999999999,0.0052750000000000002,0.205873,-3.1408072554263957,1.3066756510905948,-3.0511496917514473,0.057438401893766797,0.0052738848231569831,0.20578756318509733,-0.25997595480748137,-0.089543830704214816,0.96145431784601865,-0.023568749708289288,0.99598286212624754,0.086386644731677079,-0.96532741438287473,-0.00020182572653440606,-0.26104203168694817,8.8642899196141831e-05,2.846199803602478e-05
0.0099999904632568359,1790954063.31129,0.00057697296142578125,0.085905105783160907,0.086515971021358926,-0.086655597361518469,0.010384709049366262,0.35152676464417792,-0.010925761117484504,0.057461999999999999,0.0052750000000000002,0.205873,-3.1408072554263957,1.3066756510905948,-3.0511496917514473,0.057438401893766797,0.0052738848231569831,0.20578756318509733,-0.25997595480748137,-0.089543830704214816,0.96145431784601865,-0.023568749708289288,0.99598286212624754,0.086386644731677079,-0.96532741438287473,-0.00020182572653440606,-0.26104203168694817,8.8642899196141831e-05,2.846199803602478e-05
0.015022039413452148,1790954063.3163121,0.0005970001220703125,0.085905105783160907,0.086515971021358926,-0.086655597361518469,0.010384709049366262,0.35152676464417792,-0.010925761117484504,0.057461999999999999,0.0052750000000000002,0.205873,-3.1408072554263957,1.3066756510905948,-3.0511496917514473,0.057438401893766797,0.0052738848231569831,0.20578756318509733,-0.25997595480748137,-0.089543830704214816,0.96145431784601865,-0.023568749708289288,0.99598286212624754,0.086386644731677079,-0.96532741438287473,-0.00020182572653440606,-0.26104203168694817,8.8642899196141831e-05,2.846199803602478e-05
0.019996881484985352,1790954063.3212869,0.00057196617126464844,0.085905105783160907,0.086515971021358926,-0.086655597361518469,0.010384709049366262,0.35152676464417792,-0.010925761117484504,0.057461999999999999,0.0052750000000000002,0.205873,-3.1408072554263957,1.3066756510905948,-3.0511496917514473,0.057438401893766797,0.0052738848231569831,0.20578756318509733,-0.25997595480748137,-0.089543830704214816,0.96145431784601865,-0.023568749708289288,0.99598286212624754,0.086386644731677079,-0.96532741438287473,-0.00020182572653440606,-0.26104203168694817,8.8642899196141831e-05,2.846199803602478e-05
0.025022983551025391,1790954063.326313,0.0005970001220703125,0.085905105783160907,0.086515971021358926,-0.086655597361518469,0.010384709049366262,0.35152676464417792,-0.010925761117484504,0.057461999999999999,0.0052750000000000002,0.205873,-3.1408072554263957,1.3066756510905948,-3.0511496917514473,0.057438401893766797,0.0052738848231569831,0.20578756318509733,-0.25997595480748137,-0.089543830704214816,0.96145431784601865,-0.023568749708289288,0.99598286212624754,0.086386644731677079,-0.96532741438287473,-0.00020182572653440606,-0.26104203168694817,8.8642899196141831e-05,2.846199803602478e-05
0.029996871948242188,1790954063.3312869,0.00059986114501953125,0.085905105783160907,0.086515971021358926,-0.086655597361518469,0.010384709049366262,0.35152676464417792,-0.010925761117484504,0.057461999999999999,0.0052750000000000002,0.205873,-3.1408072554263957,1.3066756510905948,-3.0511496917514473,0.057438401893766797,0.0052738848231569831,0.20578756318509733,-0.25997595480748137,-0.089543830704214816,0.96145431784601865,-0.023568749708289288,0.99598286212624754,0.086386644731677079,-0.96532741438287473,-0.00020182572653440606,-0.26104203168694817,8.8642899196141831e-05,2.846199803602478e-05
0.035022974014282227,1790954063.336313,0.00059604644775390625,0.085905105783160907,0.086515971021358926,-0.086655597361518469,0.010384709049366262,0.35152676464417792,-0.010925761117484504,0.057461999999999999,0.0052750000000000002,0.205873,-3.1408072554263957,1.3066756510905948,-3.0511496917514473,0.057438401893766797,0.0052738848231569831,0.20578756318509733,-0.25997595480748137,-0.089543830704214816,0.96145431784601865,-0.023568749708289288,0.99598286212624754,0.086386644731677079,-0.96532741438287473,-0.00020182572653440606,-0.26104203168694817,8.8642899196141831e-05,2.846199803602478e-05
0.040024042129516602,1790954063.3413141,0.00060200691223144531,0.085905105783160907,0.086515971021358926,-0.086655597361518469,0.010384709049366262,0.35152676464417792,-0.010925761117484504,0.057461999999999999,0.0052750000000000002,0.205873,-3.1408072554263957,1.3066756510905948,-3.0511496917514473,0.057438401893766797,0.0052738848231569831,0.20578756318509733,-0.25997595480748137,-0.089543830704214816,0.96145431784601865,-0.023568749708289288,0.99598286212624754,0.086386644731677079,-0.96532741438287473,-0.00020182572653440606,-0.26104203168694817,8.8642899196141831e-05,2.846199803602478e-05
0.045024871826171875,1790954063.3463149,0.000598907470703125,0.085905105783160907,0.086515971021358926,-0.086655597361518469,0.010384709049366262,0.35152676464417792,-0.010925761117484504,0.057461999999999999,0.0052750000000000002,0.205873,-3.1408072554263957,1.3066756510905948,-3.0511496917514473,0.057438401893766797,0.0052738848231569831,0.20578756318509733,-0.25997595480748137,-0.089543830704214816,0.96145431784601865,-0.023568749708289288,0.99598286212624754,0.086386644731677079,-0.96532741438287473,-0.00020182572653440606,-0.26104203168694817,8.8642899196141831e-05,2.846199803602478e-05
0.05002593994140625,1790954063.351316,0.00060200691223144531,0.085905105783160907,0.086515971021358926,-0.086655597361518469,0.010384709049366262,0.35152676464417792,-0.010925761117484504,0.057461999999999999,0.0052750000000000002,0.205873,-3.1408072554263957,1.3066756510905948,-3.0511496917514473,0.057438401893766797,0.0052738848231569831,0.20578756318509733,-0.25997595480748137,-0.089543830704214816,0.96145431784601865,-0.023568749708289288,0.99598286212624754,0.086386644731677079,-0.96532741438287473,-0.00020182572653440606,-0.26104203168694817,8.8642899196141831e-05,2.846199803602478e-05
0.055023908615112305,1790954063.3563139,0.00060105323791503906,0.085905105783160907,0.086515971021358926,-0.086655597361518469,0.010384709049366262,0.35152676464417792,-0.010925761117484504,0.057461999999999999,0.0052750000000000002,0.205873,-3.1408072554263957,1.3066756510905948,-3.0511496917514473,0.057438401893766797,0.0052738848231569831,0.20578756318509733,-0.25997595480748137,-0.089543830704214816,0.96145431784601865,-0.023568749708289288,0.99598286212624754,0.086386644731677079,-0.96532741438287473,-0.00020182572653440606,-0.26104203168694817,8.8642899196141831e-05,2.846199803602478e-05
0.059998035430908203,1790954063.3612881,0.000576019287109375,0.085905105783160907,0.086515971021358926,-0.086655597361518469,0.010384709049366262,0.35152676464417792,-0.010925761117484504,0.057461999999999999,0.0052750000000000002,0.205873,-3.1408072554263957,1.3066756510905948,-3.0511496917514473,0.057438401893766797,0.0052738848231569831,0.20578756318509733,-0.25997595480748137,-0.089543830704214816,0.96145431784601865,-0.023568749708289288,0.99598286212624754,0.086386644731677079,-0.96532741438287473,-0.00020182572653440606,-0.26104203168694817,8.8642899196141831e-05,2.846199803602478e-05
0.065023899078369141,1790954063.3663139,0.00060105323791503906,0.085905105783160907,0.086515971021358926,-0.086655597361518469,0.010384709049366262,0.35152676464417792,-0.010925761117484504,0.057461999999999999,0.0052750000000000002,0.205873,-3.1408072554263957,1.3066756510905948,-3.0511496917514473,0.057438401893766797,0.0052738848231569831,0.20578756318509733,-0.25997595480748137,-0.089543830704214816,0.96145431784601865,-0.023568749708289288,0.99598286212624754,0.086386644731677079,-0.96532741438287473,-0.00020182572653440606,-0.26104203168694817,8.8642899196141831e-05,2.846199803602478e-05
0.069999933242797852,1790954063.37129,0.00057888031005859375,0.085905105783160907,0.086515971021358926,-0.086655597361518469,0.010384709049366262,0.35152676464417792,-0.010925761117484504,0.057461999999999999,0.0052750000000000002,0.205873,-3.1408072554263957,1.3066756510905948,-3.0511496917514473,0.057438401893766797,0.0052738848231569831,0.20578756318509733,-0.25997595480748137,-0.089543830704214816,0.96145431784601865,-0.023568749708289288,0.99598286212624754,0.086386644731677079,-0.96532741438287473,-0.00020182572653440606,-0.26104203168694817,8.8642899196141831e-05,2.846199803602478e-05
0.075021982192993164,1790954063.376312,0.00059795379638671875,0.085905105783160907,0.086515971021358926,-0.086655597361518469,0.010384709049366262,0.35152676464417792,-0.010925761117484504,0.057461999999999999,0.0052750000000000002,0.205873,-3.1408072554263957,1.3066756510905948,-3.0511496917514473,0.057438401893766797,0.0052738848231569831,0.20578756318509733,-0.25997595480748137,-0.089543830704214816,0.96145431784601865,-0.023568749708289288,0.99598286212624754,0.086386644731677079,-0.96532741438287473,-0.00020182572653440606,-0.26104203168694817,8.8642899196141831e-05,2.846199803602478e-05
0.080024003982543945,1790954063.381314,0.00060009956359863281,0.085905105783160907,0.086515971021358926,-0.086655597361518469,0.010384709049366262,0.35152676464417792,-0.010925761117484504,0.057461999999999999,0.0052750000000000002,0.205873,-3.1408072554263957,1.3066756510905948,-3.0511496917514473,0.057438401893766797,0.0052738848231569831,0.20578756318509733,-0.25997595480748137,-0.089543830704214816,0.96145431784601865,-0.023568749708289288,0.99598286212624754,0.086386644731677079,-0.96532741438287473,-0.00020182572653440606,-0.26104203168694817,8.8642899196141831e-05,2.846199803602478e-05
0.085022926330566406,1790954063.386313,0.00060391426086425781,0.085905105783160907,0.086515971021358926,-0.086655597361518469,0.010384709049366262,0.35152676464417792,-0.010925761117484504,0.057461999999999999,0.0052750000000000002,0.205873,-3.1408072554263957,1.3066756510905948,-3.0511496917514473,0.057438401893766797,0.0052738848231569831,0.20578756318509733,-0.25997595480748137,-0.089543830704214816,0.96145431784601865,-0.023568749708289288,0.99598286212624754,0.086386644731677079,-0.96532741438287473,-0.00020182572653440606,-0.26104203168694817,8.8642899196141831e-05,2.846199803602478e-05
0.090023040771484375,1790954063.3913131,0.00060296058654785156,0.085905105783160907,0.086515971021358926,-0.086655597361518469,0.010384709049366262,0.35152676464417792,-0.010925761117484504,0.057461999999999999,0.0052750000000000002,0.205873,-3.1408072554263957,1.3066756510905948,-3.0511496917514473,0.057438401893766797,0.0052738848231569831,0.20578756318509733,-0.25997595480748137,-0.089543830704214816,0.96145431784601865,-0.023568749708289288,0.99598286212624754,0.086386644731677079,-0.96532741438287473,-0.00020182572653440606,-0.26104203168694817,8.8642899196141831e-05,2.846199803602478e-05
0.095021963119506836,1790954063.396312,0.00060105323791503906,0.085905105783160907,0.086515971021358926,-0.086655597361518469,0.010384709049366262,0.35152676464417792,-0.010925761117484504,0.057461999999999999,0.0052750000000000002,0.205873,-3.1408072554263957,1.3066756510905948,-3.0511496917514473,0.057438401893766797,0.0052738848231569831,0.20578756318509733,-0.25997595480748137,-0.089543830704214816,0.96145431784601865,-0.023568749708289288,0.99598286212624754,0.086386644731677079,-0.96532741438287473,-0.00020182572653440606,-0.26104203168694817,8.8642899196141831e-05,2.846199803602478e-05
0.10002398490905762,1790954063.401314,0.000598907470703125,0.085905105783160907,0.086515971021358926,-0.086655597361518469,0.010384709049366262,0.35152676464417792,-0.010925761117484504,0.057461999999999999,0.0052750000000000002,0.205873,-3.1408072554263957,1.3066756510905948,-3.0511496917514473,0.057438401893766797,0.0052738848231569831,0.20578756318509733,-0.25997595480748137,-0.089543830704214816,0.96145431784601865,-0.023568749708289288,0.99598286212624754,0.086386644731677079,-0.96532741438287473,-0.00020182572653440606,-0.26104203168694817,8.8642899196141831e-05,2.846199803602478e-05
0.10502386093139648,1790954063.4063139,0.00059795379638671875,0.085905105783160907,0.086515971021358926,-0.086655597361518469,0.010384709049366262,0.35152676464417792,-0.010925761117484504,0.057461999999999999,0.0052750000000000002,0.205873,-3.1408072554263957,1.3066756510905948,-3.0511496917514473,0.057438401893766797,0.0052738848231569831,0.20578756318509733,-0.25997595480748137,-0.089543830704214816,0.96145431784601865,-0.023568749708289288,0.99598286212624754,0.086386644731677079,-0.96532741438287473,-0.00020182572653440606,-0.26104203168694817,8.8642899196141831e-05,2.846199803602478e-05
0.11002492904663086,1790954063.411315,0.00059986114501953125,0.085905105783160907,0.086515971021358926,-0.086655597361518469,0.010384709049366262,0.35152676464417792,-0.010925761117484504,0.057461999999999999,0.0052750000000000002,0.205873,-3.1408072554263957,1.3066756510905948,-3.0511496917514473,0.057438401893766797,0.0052738848231569831,0.20578756318509733,-0.25997595480748137,-0.089543830704214816,0.96145431784601865,-0.023568749708289288,0.99598286212624754,0.086386644731677079,-0.96532741438287473,-0.00020182572653440606,-0.26104203168694817,8.8642899196141831e-05,2.846199803602478e-05
0.11502504348754883,1790954063.4163151,0.00060105323791503906,0.085905105783160907,0.086515971021358926,-0.086655597361518469,0.010384709049366262,0.35152676464417792,-0.010925761117484504,0.057461999999999999,0.0052750000000000002,0.205873,-3.1408072554263957,1.3066756510905948,-3.0511496917514473,0.057438401893766797,0.0052738848231569831,0.20578756318509733,-0.25997595480748137,-0.089543830704214816,0.96145431784601865,-0.023568749708289288,0.99598286212624754,0.086386644731677079,-0.96532741438287473,-0.00020182572653440606,-0.26104203168694817,8.8642899196141831e-05,2.846199803602478e-05
0.11999797821044922,1790954063.421288,0.00057291984558105469,0.085905105783160907,0.086515971021358926,-0.086655597361518469,0.010384709049366262,0.35152676464417792,-0.010925761117484504,0.057461999999999999,0.0052750000000000002,0.205873,-3.1408072554263957,1.3066756510905948,-3.0511496917514473,0.057438401893766797,0.0052738848231569831,0.20578756318509733,-0.25997595480748137,-0.089543830704214816,0.96145431784601865,-0.023568749708289288,0.99598286212624754,0.086386644731677079,-0.96532741438287473,-0.00020182572653440606,-0.26104203168694817,8.8642899196141831e-05,2.846199803602478e-05
0.12502408027648926,1790954063.4263141,0.00060200691223144531,0.085905105783160907,0.086515971021358926,-0.086655597361518469,0.010384709049366262,0.35152676464417792,-0.010925761117484504,0.057461999999999999,0.0052750000000000002,0.205873,-3.1408072554263957,1.3066756510905948,-3.0511496917514473,0.057438401893766797,0.0052738848231569831,0.20578756318509733,-0.25997595480748137,-0.089543830704214816,0.96145431784601865,-0.023568749708289288,0.99598286212624754,0.086386644731677079,-0.96532741438287473,-0.00020182572653440606,-0.26104203168694817,8.8642899196141831e-05,2.846199803602478e-05
0.1300208568572998,1790954063.4313109,0.000598907470703125,0.085905105783160907,0.086515971021358926,-0.086655597361518469,0.010384709049366262,0.35152676464417792,-0.010925761117484504,0.057461999999999999,0.0052750000000000002,0.205873,-3.1408072554263957,1.3066756510905948,-3.0511496917514473,0.057438401893766797,0.0052738848231569831,0.20578756318509733,-0.25997595480748137,-0.089543830704214816,0.96145431784601865,-0.023568749708289288,0.99598286212624754,0.086386644731677079,-0.96532741438287473,-0.00020182572653440606,-0.26104203168694817,8.8642899196141831e-05,2.846199803602478e-05
0.13502287864685059,1790954063.4363129,0.00059580802917480469,0.085905105783160907,0.086515971021358926,-0.086655597361518469,0.010384709049366262,0.35152676464417792,-0.010925761117484504,0.057461999999999999,0.0052750000000000002,0.205873,-3.1408072554263957,1.3066756510905948,-3.0511496917514473,0.057438401893766797,0.0052738848231569831,0.20578756318509733,-0.25997595480748137,-0.089543830704214816,0.96145431784601865,-0.023568749708289288,0.99598286212624754,0.086386644731677079,-0.96532741438287473,-0.00020182572653440606,-0.26104203168694817,8.8642899196141831e-05,2.846199803602478e-05
0.13999795913696289,1790954063.441288,0.00057291984558105469,0.085905105783160907,0.086515971021358926,-0.086655597361518469,0.010384709049366262,0.35152676464417792,-0.010925761117484504,0.057461999999999999,0.0052750000000000002,0.205873,-3.1408072554263957,1.3066756510905948,-3.0511496917514473,0.057438401893766797,0.0052738848231569831,0.20578756318509733,-0.25997595480748137,-0.089543830704214816,0.96145431784601865,-0.023568749708289288,0.99598286212624754,0.086386644731677079,-0.96532741438287473,-0.00020182572653440606,-0.26104203168694817,8.8642899196141831e-05,2.846199803602478e-05
0.14502191543579102,1790954063.446312,0.00059986114501953125,0.085905105783160907,0.086515971021358926,-0.086655597361518469,0.010384709049366262,0.35152676464417792,-0.010925761117484504,0.057461999999999999,0.0052750000000000002,0.205873,-3.1408072554263957,1.3066756510905948,-3.0511496917514473,0.057438401893766797,0.0052738848231569831,0.20578756318509733,-0.25997595480748137,-0.089543830704214816,0.96145431784601865,-0.023568749708289288,0.99598286212624754,0.086386644731677079,-0.96532741438287473,-0.00020182572653440606,-0.26104203168694817,8.8642899196141831e-05,2.846199803602478e-05
0.1500248908996582,1790954063.4513149,0.00059795379638671875,0.085905105783160907,0.086515971021358926,-0.086655597361518469,0.010384709049366262,0.35152676464417792,-0.010925761117484504,0.057461999999999999,0.0052750000000000002,0.205873,-3.1408072554263957,1.3066756510905948,-3.0511496917514473,0.057438401893766797,0.0052738848231569831,0.20578756318509733,-0.25997595480748137,-0.089543830704214816,0.96145431784601865,-0.023568749708289288,0.99598286212624754,0.086386644731677079,-0.96532741438287473,-0.00020182572653440606,-0.26104203168694817,8.8642899196141831e-05,2.846199803602478e-05
0.15502405166625977,1790954063.4563141,0.00059914588928222656,0.085905105783160907,0.086515971021358926,-0.086655597361518469,0.010384709049366262,0.35152676464417792,-0.010925761117484504,0.057461999999999999,0.0052750000000000002,0.205873,-3.1408072554263957,1.3066756510905948,-3.0511496917514473,0.057438401893766797,0.0052738848231569831,0.20578756318509733,-0.25997595480748137,-0.089543830704214816,0.96145431784601865,-0.023568749708289288,0.99598286212624754,0.086386644731677079,-0.96532741438287473,-0.00020182572653440606,-0.26104203168694817,8.8642899196141831e-05,2.846199803602478e-05
0.16002202033996582,1790954063.4613121,0.0005970001220703125,0.085905105783160907,0.086515971021358926,-0.086655597361518469,0.010384709049366262,0.35152676464417792,-0.010925761117484504,0.057461999999999999,0.0052750000000000002,0.205873,-3.1408072554263957,1.3066756510905948,-3.0511496917514473,0.057438401893766797,0.0052738848231569831,0.20578756318509733,-0.25997595480748137,-0.089543830704214816,0.96145431784601865,-0.023568749708289288,0.99598286212624754,0.086386644731677079,-0.96532741438287473,-0.00020182572653440606,-0.26104203168694817,8.8642899196141831e-05,2.846199803602478e-05
0.16502594947814941,1790954063.466316,0.00060200691223144531,0.085905105783160907,0.086515971021358926,-0.086655597361518469,0.010384709049366262,0.35152676464417792,-0.010925761117484504,0.057461999999999999,0.0052750000000000002,0.205873,-3.1408072554263957,1.3066756510905948,-3.0511496917514473,0.057438401893766797,0.0052738848231569831,0.20578756318509733,-0.25997595480748137,-0.089543830704214816,0.96145431784601865,-0.023568749708289288,0.99598286212624754,0.086386644731677079,-0.96532741438287473,-0.00020182572653440606,-0.26104203168694817,8.8642899196141831e-05,2.846199803602478e-05
0.17002296447753906,1790954063.471313,0.00060105323791503906,0.085905105783160907,0.086515971021358926,-0.086655597361518469,0.010384709049366262,0.35152676464417792,-0.010925761117484504,0.057461999999999999,0.0052750000000000002,0.205873,-3.1408072554263957,1.3066756510905948,-3.0511496917514473,0.057438401893766797,0.0052738848231569831,0.20578756318509733,-0.25997595480748137,-0.089543830704214816,0.96145431784601865,-0.023568749708289288,0.99598286212624754,0.086386644731677079,-0.96532741438287473,-0.00020182572653440606,-0.26104203168694817,8.8642899196141831e-05,2.846199803602478e-05
0.17502188682556152,1790954063.4763119,0.00059986114501953125,0.085905105783160907,0.086515971021358926,-0.086655597361518469,0.010384709049366262,0.35152676464417792,-0.010925761117484504,0.057461999999999999,0.0052750000000000002,0.205873,-3.1408072554263957,1.3066756510905948,-3.0511496917514473,0.057438401893766797,0.0052738848231569831,0.20578756318509733,-0.25997595480748137,-0.089543830704214816,0.96145431784601865,-0.023568749708289288,0.99598286212624754,0.086386644731677079,-0.96532741438287473,-0.00020182572653440606,-0.26104203168694817,8.8642899196141831e-05,2.846199803602478e-05
0.18002200126647949,1790954063.481312,0.00060105323791503906,0.085905105783160907,0.086515971021358926,-0.086655597361518469,0.010384709049366262,0.35152676464417792,-0.010925761117484504,0.057461999999999999,0.0052750000000000002,0.205873,-3.1408072554263957,1.3066756510905948,-3.0511496917514473,0.057438401893766797,0.0052738848231569831,0.20578756318509733,-0.25997595480748137,-0.089543830704214816,0.96145431784601865,-0.023568749708289288,0.99598286212624754,0.086386644731677079,-0.96532741438287473,-0.00020182572653440606,-0.26104203168694817,8.8642899196141831e-05,2.846199803602478e-05
0.18502306938171387,1790954063.4863131,0.00060105323791503906,0.085905105783160907,0.086515971021358926,-0.086655597361518469,0.010384709049366262,0.35152676464417792,-0.010925761117484504,0.057461999999999999,0.0052750000000000002,0.205873,-3.1408072554263957,1.3066756510905948,-3.0511496917514473,0.057438401893766797,0.0052738848231569831,0.20578756318509733,-0.25997595480748137,-0.089543830704214816,0.96145431784601865,-0.023568749708289288,0.99598286212624754,0.086386644731677079,-0.96532741438287473,-0.00020182572653440606,-0.26104203168694817,8.8642899196141831e-05,2.846199803602478e-05
0.19002604484558105,1790954063.4913161,0.00060415267944335938,0.085905105783160907,0.086515971021358926,-0.086655597361518469,0.010384709049366262,0.35152676464417792,-0.010925761117484504,0.057461999999999999,0.0052750000000000002,0.205873,-3.1408072554263957,1.3066756510905948,-3.0511496917514473,0.057438401893766797,0.0052738848231569831,0.20578756318509733,-0.25997595480748137,-0.089543830704214816,0.96145431784601865,-0.023568749708289288,0.99598286212624754,0.086386644731677079,-0.96532741438287473,-0.00020182572653440606,-0.26104203168694817,8.8642899196141831e-05,2.846199803602478e-05
0.1950230598449707,1790954063.4963131,0.00059819221496582031,0.085905105783160907,0.086515971021358926,-0.086655597361518469,0.010384709049366262,0.35152676464417792,-0.010925761117484504,0.057461999999999999,0.0052750000000000002,0.205873,-3.1408072554263957,1.3066756510905948,-3.0511496917514473,0.057438401893766797,0.0052738848231569831,0.20578756318509733,-0.25997595480748137,-0.089543830704214816,0.96145431784601865,-0.023568749708289288,0.99598286212624754,0.086386644731677079,-0.96532741438287473,-0.00020182572653440606,-0.26104203168694817,8.8642899196141831e-05,2.846199803602478e-05
0.20002198219299316,1790954063.501312,0.00059795379638671875,0.085905105783160907,0.086515971021358926,-0.086655597361518469,0.010384709049366262,0.35152676464417792,-0.010925761117484504,0.057461999999999999,0.0052750000000000002,0.205873,-3.1408072554263957,1.3066756510905948,-3.0511496917514473,0.057438401893766797,0.0052738848231569831,0.20578756318509733,-0.25997595480748137,-0.089543830704214816,0.96145431784601865,-0.023568749708289288,0.99598286212624754,0.086386644731677079,-0.96532741438287473,-0.00020182572653440606,-0.26104203168694817,8.8642899196141831e-05,2.846199803602478e-05
0.20502185821533203,1790954063.5063119,0.00059795379638671875,0.085905105783160907,0.086515971021358926,-0.086655597361518469,0.010384709049366262,0.35152676464417792,-0.010925761117484504,0.057461999999999999,0.0052750000000000002,0.205873,-3.1408072554263957,1.3066756510905948,-3.0511496917514473,0.057438401893766797,0.0052738848231569831,0.20578756318509733,-0.25997595480748137,-0.089543830704214816,0.96145431784601865,-0.023568749708289288,0.99598286212624754,0.086386644731677079,-0.96532741438287473,-0.00020182572653440606,-0.26104203168694817,8.8642899196141831e-05,2.846199803602478e-05
0.20999789237976074,1790954063.5112879,0.00057387351989746094,0.085905105783160907,0.086515971021358926,-0.086655597361518469,0.010384709049366262,0.35152676464417792,-0.010925761117484504,0.057461999999999999,0.0052750000000000002,0.205873,-3.1408072554263957,1.3066756510905948,-3.0511496917514473,0.057438401893766797,0.0052738848231569831,0.20578756318509733,-0.25997595480748137,-0.089543830704214816,0.96145431784601865,-0.023568749708289288,0.99598286212624754,0.086386644731677079,-0.96532741438287473,-0.00020182572653440606,-0.26104203168694817,8.8642899196141831e-05,2.846199803602478e-05
0.21502494812011719,1790954063.516315,0.0005950927734375,0.085905105783160907,0.086515971021358926,-0.086655597361518469,0.010384709049366262,0.35152676464417792,-0.010925761117484504,0.057461999999999999,0.0052750000000000002,0.205873,-3.1408072554263957,1.3066756510905948,-3.0511496917514473,0.057438401893766797,0.0052738848231569831,0.20578756318509733,-0.25997595480748137,-0.089543830704214816,0.96145431784601865,-0.023568749708289288,0.99598286212624754,0.086386644731677079,-0.96532741438287473,-0.00020182572653440606,-0.26104203168694817,8.8642899196141831e-05,2.846199803602478e-05
0.22002387046813965,1790954063.5213139,0.000621795654296875,0.085905105783160907,0.086515971021358926,-0.086655597361518469,0.010384709049366262,0.35152676464417792,-0.010925761117484504,0.057461999999999999,0.0052750000000000002,0.205873,-3.1408072554263957,1.3066756510905948,-3.0511496917514473,0.057438401893766797,0.0052738848231569831,0.20578756318509733,-0.25997595480748137,-0.089543830704214816,0.96145431784601865,-0.023568749708289288,0.99598286212624754,0.086386644731677079,-0.96532741438287473,-0.00020182572653440606,-0.26104203168694817,8.8642899196141831e-05,2.846199803602478e-05
0.22502493858337402,1790954063.526315,0.00059604644775390625,0.085905105783160907,0.086515971021358926,-0.086655597361518469,0.010384709049366262,0.35152676464417792,-0.010925761117484504,0.057461999999999999,0.0052750000000000002,0.205873,-3.1408072554263957,1.3066756510905948,-3.0511496917514473,0.057438401893766797,0.0052738848231569831,0.20578756318509733,-0.25997595480748137,-0.089543830704214816,0.96145431784601865,-0.023568749708289288,0.99598286212624754,0.086386644731677079,-0.96532741438287473,-0.00020182572653440606,-0.26104203168694817,8.8642899196141831e-05,2.846199803602478e-05
0.23002505302429199,1790954063.5313151,0.00060105323791503906,0.085905105783160907,0.086515971021358926,-0.086655597361518469,0.010384709049366262,0.35152676464417792,-0.010925761117484504,0.057461999999999999,0.0052750000000000002,0.205873,-3.1408072554263957,1.3066756510905948,-3.0511496917514473,0.057438401893766797,0.0052738848231569831,0.20578756318509733,-0.25997595480748137,-0.089543830704214816,0.96145431784601865,-0.023568749708289288,0.99598286212624754,0.086386644731677079,-0.96532741438287473,-0.00020182572653440606,-0.26104203168694817,8.8642899196141831e-05,2.846199803602478e-05
0.23502206802368164,1790954063.5363121,0.00059914588928222656,0.085905105783160907,0.086515971021358926,-0.086655597361518469,0.010384709049366262,0.35152676464417792,-0.010925761117484504,0.057461999999999999,0.0052750000000000002,0.205873,-3.1408072554263957,1.3066756510905948,-3.0511496917514473,0.057438401893766797,0.0052738848231569831,0.20578756318509733,-0.25997595480748137,-0.089543830704214816,0.96145431784601865,-0.023568749708289288,0.99598286212624754,0.086386644731677079,-0.96532741438287473,-0.00020182572653440606,-0.26104203168694817,8.8642899196141831e-05,2.846199803602478e-05
0.24002289772033691,1790954063.5413129,0.0005970001220703125,0.085905105783160907,0.086515971021358926,-0.086655597361518469,0.010384709049366262,0.35152676464417792,-0.010925761117484504,0.057461999999999999,0.0052750000000000002,0.205873,-3.1408072554263957,1.3066756510905948,-3.0511496917514473,0.057438401893766797,0.0052738848231569831,0.20578756318509733,-0.25997595480748137,-0.089543830704214816,0.96145431784601865,-0.023568749708289288,0.99598286212624754,0.086386644731677079,-0.96532741438287473,-0.00020182572653440606,-0.26104203168694817,8.8642899196141831e-05,2.846199803602478e-05
0.24502396583557129,1790954063.546314,0.00060296058654785156,0.085905105783160907,0.086515971021358926,-0.086655597361518469,0.010384709049366262,0.35152676464417792,-0.010925761117484504,0.057461999999999999,0.0052750000000000002,0.205873,-3.1408072554263957,1.3066756510905948,-3.0511496917514473,0.057438401893766797,0.0052738848231569831,0.20578756318509733,-0.25997595480748137,-0.089543830704214816,0.96145431784601865,-0.023568749708289288,0.99598286212624754,0.086386644731677079,-0.96532741438287473,-0.00020182572653440606,-0.26104203168694817,8.8642899196141831e-05,2.846199803602478e-05
0.25002193450927734,1790954063.551312,0.00059604644775390625,0.085905105783160907,0.086515971021358926,-0.086655597361518469,0.010384709049366262,0.35152676464417792,-0.010925761117484504,0.057461999999999999,0.0052750000000000002,0.205873,-3.1408072554263957,1.3066756510905948,-3.0511496917514473,0.057438401893766797,0.0052738848231569831,0.20578756318509733,-0.25997595480748137,-0.089543830704214816,0.96145431784601865,-0.023568749708289288,0.99598286212624754,0.086386644731677079,-0.96532741438287473,-0.00020182572653440606,-0.26104203168694817,8.8642899196141831e-05,2.846199803602478e-05
0.25501894950866699,1790954063.556309,0.00060009956359863281,0.085905105783160907,0.086515971021358926,-0.086655597361518469,0.010384709049366262,0.35152676464417792,-0.010925761117484504,0.057461999999999999,0.0052750000000000002,0.205873,-3.1408072554263957,1.3066756510905948,-3.0511496917514473,0.057438401893766797,0.0052738848231569831,0.20578756318509733,-0.25997595480748137,-0.089543830704214816,0.96145431784601865,-0.023568749708289288,0.99598286212624754,0.086386644731677079,-0.96532741438287473,-0.00020182572653440606,-0.26104203168694817,8.8642899196141831e-05,2.846199803602478e-05
0.25999903678894043,1790954063.5612891,0.00060296058654785156,0.085905105783160907,0.086515971021358926,-0.086655597361518469,0.010384709049366262,0.35152676464417792,-0.010925761117484504,0.057461999999999999,0.0052750000000000002,0.205873,-3.1408072554263957,1.3066756510905948,-3.0511496917514473,0.057438401893766797,0.0052738848231569831,0.20578756318509733,-0.25997595480748137,-0.089543830704214816,0.96145431784601865,-0.023568749708289288,0.99598286212624754,0.086386644731677079,-0.96532741438287473,-0.00020182572653440606,-0.26104203168694817,8.8642899196141831e-05,2.846199803602478e-05
0.26501893997192383,1790954063.566309,0.00059795379638671875,0.085905105783160907,0.086515971021358926,-0.086655597361518469,0.010384709049366262,0.35152676464417792,-0.010925761117484504,0.057461999999999999,0.0052750000000000002,0.205873,-3.1408072554263957,1.3066756510905948,-3.0511496917514473,0.057438401893766797,0.0052738848231569831,0.20578756318509733,-0.25997595480748137,-0.089543830704214816,0.96145431784601865,-0.023568749708289288,0.99598286212624754,0.086386644731677079,-0.96532741438287473,-0.00020182572653440606,-0.26104203168694817,8.8642899196141831e-05,2.846199803602478e-05
0.27002096176147461,1790954063.571311,0.00060009956359863281,0.085905105783160907,0.086515971021358926,-0.086655597361518469,0.010384709049366262,0.35152676464417792,-0.010925761117484504,0.057461999999999999,0.0052750000000000002,0.205873,-3.1408072554263957,1.3066756510905948,-3.0511496917514473,0.057438401893766797,0.0052738848231569831,0.20578756318509733,-0.25997595480748137,-0.089543830704214816,0.96145431784601865,-0.023568749708289288,0.99598286212624754,0.086386644731677079,-0.96532741438287473,-0.00020182572653440606,-0.26104203168694817,8.8642899196141831e-05,2.846199803602478e-05
0.27502298355102539,1790954063.576313,0.00060105323791503906,0.085905105783160907,0.086515971021358926,-0.086655597361518469,0.010384709049366262,0.35152676464417792,-0.010925761117484504,0.057461999999999999,0.0052750000000000002,0.205873,-3.1408072554263957,1.3066756510905948,-3.0511496917514473,0.057438401893766797,0.0052738848231569831,0.20578756318509733,-0.25997595480748137,-0.089543830704214816,0.96145431784601865,-0.023568749708289288,0.99598286212624754,0.086386644731677079,-0.96532741438287473,-0.00020182572653440606,-0.26104203168694817,8.8642899196141831e-05,2.846199803602478e-05
0.2799980640411377,1790954063.5812881,0.0005741119384765625,0.085905105783160907,0.086515971021358926,-0.086655597361518469,0.010384709049366262,0.35152676464417792,-0.010925761117484504,0.057461999999999999,0.0052750000000000002,0.205873,-3.1408072554263957,1.3066756510905948,-3.0511496917514473,0.057438401893766797,0.0052738848231569831,0.20578756318509733,-0.25997595480748137,-0.089543830704214816,0.96145431784601865,-0.023568749708289288,0.99598286212624754,0.086386644731677079,-0.96532741438287473,-0.00020182572653440606,-0.26104203168694817,8.8642899196141831e-05,2.846199803602478e-05
0.28502297401428223,1790954063.586313,0.00060105323791503906,0.085905105783160907,0.086515971021358926,-0.086655597361518469,0.010384709049366262,0.35152676464417792,-0.010925761117484504,0.057461999999999999,0.0052750000000000002,0.205873,-3.1408072554263957,1.3066756510905948,-3.0511496917514473,0.057438401893766797,0.0052738848231569831,0.20578756318509733,-0.25997595480748137,-0.089543830704214816,0.96145431784601865,-0.023568749708289288,0.99598286212624754,0.086386644731677079,-0.96532741438287473,-0.00020182572653440606,-0.26104203168694817,8.8642899196141831e-05,2.846199803602478e-05
0.29002285003662109,1790954063.5913129,0.00059986114501953125,0.085905105783160907,0.086515971021358926,-0.086655597361518469,0.010384709049366262,0.35152676464417792,-0.010925761117484504,0.057461999999999999,0.0052750000000000002,0.205873,-3.1408072554263957,1.3066756510905948,-3.0511496917514473,0.057438401893766797,0.0052738848231569831,0.20578756318509733,-0.25997595480748137,-0.089543830704214816,0.96145431784601865,-0.023568749708289288,0.99598286212624754,0.086386644731677079,-0.96532741438287473,-0.00020182572653440606,-0.26104203168694817,8.8642899196141831e-05,2.846199803602478e-05
0.29502201080322266,1790954063.596312,0.00059914588928222656,0.085905105783160907,0.086515971021358926,-0.086655597361518469,0.010384709049366262,0.35152676464417792,-0.010925761117484504,0.057461999999999999,0.0052750000000000002,0.205873,-3.1408072554263957,1.3066756510905948,-3.0511496917514473,0.057438401893766797,0.0052738848231569831,0.20578756318509733,-0.25997595480748137,-0.089543830704214816,0.96145431784601865,-0.023568749708289288,0.99598286212624754,0.086386644731677079,-0.96532741438287473,-0.00020182572653440606,-0.26104203168694817,8.8642899196141831e-05,2.846199803602478e-05
0.29999804496765137,1790954063.6012881,0.00060009956359863281,0.085905105783160907,0.086515971021358926,-0.086655597361518469,0.010384709049366262,0.35152676464417792,-0.010925761117484504,0.057461999999999999,0.0052750000000000002,0.205873,-3.1408072554263957,1.3066756510905948,-3.0511496917514473,0.057438401893766797,0.0052738848231569831,0.20578756318509733,-0.25997595480748137,-0.089543830704214816,0.96145431784601865,-0.023568749708289288,0.99598286212624754,0.086386644731677079,-0.96532741438287473,-0.00020182572653440606,-0.26104203168694817,8.8642899196141831e-05,2.846199803602478e-05
0.30502104759216309,1790954063.6063111,0.00059914588928222656,0.085905105783160907,0.086515971021358926,-0.086655597361518469,0.010384709049366262,0.35152676464417792,-0.010925761117484504,0.057461999999999999,0.0052750000000000002,0.205873,-3.1408072554263957,1.3066756510905948,-3.0511496917514473,0.057438401893766797,0.0052738848231569831,0.20578756318509733,-0.25997595480748137,-0.089543830704214816,0.96145431784601865,-0.023568749708289288,0.99598286212624754,0.086386644731677079,-0.96532741438287473,-0.00020182572653440606,-0.26104203168694817,8.8642899196141831e-05,2.846199803602478e-05
0.31002402305603027,1790954063.6113141,0.00060009956359863281,0.085905105783160907,0.086515971021358926,-0.086655597361518469,0.010384709049366262,0.35152676464417792,-0.010925761117484504,0.057461999999999999,0.0052750000000000002,0.205873,-3.1408072554263957,1.3066756510905948,-3.0511496917514473,0.057438401893766797,0.0052738848231569831,0.20578756318509733,-0.25997595480748137,-0.089543830704214816,0.96145431784601865,-0.023568749708289288,0.99598286212624754,0.086386644731677079,-0.96532741438287473,-0.00020182572653440606,-0.26104203168694817,8.8642899196141831e-05,2.846199803602478e-05
0.31502294540405273,1790954063.616313,0.0005950927734375,0.085905105783160907,0.086515971021358926,-0.086655597361518469,0.010384709049366262,0.35152676464417792,-0.010925761117484504,0.057461999999999999,0.0052750000000000002,0.205873,-3.1408072554263957,1.3066756510905948,-3.0511496917514473,0.057438401893766797,0.0052738848231569831,0.20578756318509733,-0.25997595480748137,-0.089543830704214816,0.96145431784601865,-0.023568749708289288,0.99598286212624754,0.086386644731677079,-0.96532741438287473,-0.00020182572653440606,-0.26104203168694817,8.8642899196141831e-05,2.846199803602478e-05
0.32002401351928711,1790954063.621314,0.00060296058654785156,0.085905105783160907,0.086515971021358926,-0.086655597361518469,0.010384709049366262,0.35152676464417792,-0.010925761117484504,0.057461999999999999,0.0052750000000000002,0.205873,-3.1408072554263957,1.3066756510905948,-3.0511496917514473,0.057438401893766797,0.0052738848231569831,0.20578756318509733,-0.25997595480748137,-0.089543830704214816,0.96145431784601865,-0.023568749708289288,0.99598286212624754,0.086386644731677079,-0.96532741438287473,-0.00020182572653440606,-0.26104203168694817,8.8642899196141831e-05,2.846199803602478e-05
0.32502388954162598,1790954063.6263139,0.00058984756469726562,0.085905105783160907,0.086515971021358926,-0.086655597361518469,0.010384709049366262,0.35152676464417792,-0.010925761117484504,0.057461999999999999,0.0052750000000000002,0.205873,-3.1408072554263957,1.3066756510905948,-3.0511496917514473,0.057438401893766797,0.0052738848231569831,0.20578756318509733,-0.25997595480748137,-0.089543830704214816,0.96145431784601865,-0.023568749708289288,0.99598286212624754,0.086386644731677079,-0.96532741438287473,-0.00020182572653440606,-0.26104203168694817,8.8642899196141831e-05,2.846199803602478e-05
0.33002185821533203,1790954063.6313119,0.00059986114501953125,0.085905105783160907,0.086515971021358926,-0.086655597361518469,0.010384709049366262,0.35152676464417792,-0.010925761117484504,0.057461999999999999,0.0052750000000000002,0.205873,-3.1408072554263957,1.3066756510905948,-3.0511496917514473,0.057438401893766797,0.0052738848231569831,0.20578756318509733,-0.25997595480748137,-0.089543830704214816,0.96145431784601865,-0.023568749708289288,0.99598286212624754,0.086386644731677079,-0.96532741438287473,-0.00020182572653440606,-0.26104203168694817,8.8642899196141831e-05,2.846199803602478e-05
0.33502292633056641,1790954063.636313,0.000598907470703125,0.085905105783160907,0.086515971021358926,-0.086655597361518469,0.010384709049366262,0.35152676464417792,-0.010925761117484504,0.057461999999999999,0.0052750000000000002,0.205873,-3.1408072554263957,1.3066756510905948,-3.0511496917514473,0.057438401893766797,0.0052738848231569831,0.20578756318509733,-0.25997595480748137,-0.089543830704214816,0.96145431784601865,-0.023568749708289288,0.99598286212624754,0.086386644731677079,-0.96532741438287473,-0.00020182572653440606,-0.26104203168694817,8.8642899196141831e-05,2.846199803602478e-05
0.33999800682067871,1790954063.641288,0.00057697296142578125,0.085905105783160907,0.086515971021358926,-0.086655597361518469,0.010384709049366262,0.35152676464417792,-0.010925761117484504,0.057461999999999999,0.0052750000000000002,0.205873,-3.1408072554263957,1.3066756510905948,-3.0511496917514473,0.057438401893766797,0.0052738848231569831,0.20578756318509733,-0.25997595480748137,-0.089543830704214816,0.96145431784601865,-0.023568749708289288,0.99598286212624754,0.086386644731677079,-0.96532741438287473,-0.00020182572653440606,-0.26104203168694817,8.8642899196141831e-05,2.846199803602478e-05
0.34502196311950684,1790954063.646312,0.00060105323791503906,0.085905105783160907,0.086515971021358926,-0.086655597361518469,0.010384709049366262,0.35152676464417792,-0.010925761117484504,0.057461999999999999,0.0052750000000000002,0.205873,-3.1408072554263957,1.3066756510905948,-3.0511496917514473,0.057438401893766797,0.0052738848231569831,0.20578756318509733,-0.25997595480748137,-0.089543830704214816,0.96145431784601865,-0.023568749708289288,0.99598286212624754,0.086386644731677079,-0.96532741438287473,-0.00020182572653440606,-0.26104203168694817,8.8642899196141831e-05,2.846199803602478e-05
0.35002303123474121,1790954063.6513131,0.00062417984008789062,0.085905105783160907,0.086515971021358926,-0.086655597361518469,0.010384709049366262,0.35152676464417792,-0.010925761117484504,0.057461999999999999,0.0052750000000000002,0.205873,-3.1408072554263957,1.3066756510905948,-3.0511496917514473,0.057438401893766797,0.0052738848231569831,0.20578756318509733,-0.25997595480748137,-0.089543830704214816,0.96145431784601865,-0.023568749708289288,0.99598286212624754,0.086386644731677079,-0.96532741438287473,-0.00020182572653440606,-0.26104203168694817,8.8642899196141831e-05,2.846199803602478e-05
0.35502195358276367,1790954063.656312,0.00059604644775390625,0.085905105783160907,0.086515971021358926,-0.086655597361518469,0.010384709049366262,0.35152676464417792,-0.010925761117484504,0.057461999999999999,0.0052750000000000002,0.205873,-3.1408072554263957,1.3066756510905948,-3.0511496917514473,0.057438401893766797,0.0052738848231569831,0.20578756318509733,-0.25997595480748137,-0.089543830704214816,0.96145431784601865,-0.023568749708289288,0.99598286212624754,0.086386644731677079,-0.96532741438287473,-0.00020182572653440606,-0.26104203168694817,8.8642899196141831e-05,2.846199803602478e-05
0.36002302169799805,1790954063.6613131,0.00060009956359863281,0.085905105783160907,0.086515971021358926,-0.086655597361518469,0.010384709049366262,0.35152676464417792,-0.010925761117484504,0.057461999999999999,0.0052750000000000002,0.205873,-3.1408072554263957,1.3066756510905948,-3.0511496917514473,0.057438401893766797,0.0052738848231569831,0.20578756318509733,-0.25997595480748137,-0.089543830704214816,0.96145431784601865,-0.023568749708289288,0.99598286212624754,0.086386644731677079,-0.96532741438287473,-0.00020182572653440606,-0.26104203168694817,8.8642899196141831e-05,2.846199803602478e-05
0.36502289772033691,1790954063.6663129,0.0006008148193359375,0.085905105783160907,0.086515971021358926,-0.086655597361518469,0.010384709049366262,0.35152676464417792,-0.010925761117484504,0.057461999999999999,0.0052750000000000002,0.205873,-3.1408072554263957,1.3066756510905948,-3.0511496917514473,0.057438401893766797,0.0052738848231569831,0.20578756318509733,-0.25997595480748137,-0.089543830704214816,0.96145431784601865,-0.023568749708289288,0.99598286212624754,0.086386644731677079,-0.96532741438287473,-0.00020182572653440606,-0.26104203168694817,8.8642899196141831e-05,2.846199803602478e-05
0.37002205848693848,1790954063.6713121,0.00059604644775390625,0.085905105783160907,0.086515971021358926,-0.086655597361518469,0.010384709049366262,0.35152676464417792,-0.010925761117484504,0.057461999999999999,0.0052750000000000002,0.205873,-3.1408072554263957,1.3066756510905948,-3.0511496917514473,0.057438401893766797,0.0052738848231569831,0.20578756318509733,-0.25997595480748137,-0.089543830704214816,0.96145431784601865,-0.023568749708289288,0.99598286212624754,0.086386644731677079,-0.96532741438287473,-0.00020182572653440606,-0.26104203168694817,8.8642899196141831e-05,2.846199803602478e-05
0.37502408027648926,1790954063.6763141,0.00060009956359863281,0.085905105783160907,0.086515971021358926,-0.086655597361518469,0.010384709049366262,0.35152676464417792,-0.010925761117484504,0.057461999999999999,0.0052750000000000002,0.205873,-3.1408072554263957,1.3066756510905948,-3.0511496917514473,0.057438401893766797,0.0052738848231569831,0.20578756318509733,-0.25997595480748137,-0.089543830704214816,0.96145431784601865,-0.023568749708289288,0.99598286212624754,0.086386644731677079,-0.96532741438287473,-0.00020182572653440606,-0.26104203168694817,8.8642899196141831e-05,2.846199803602478e-05
0.38002395629882812,1790954063.681314,0.00060105323791503906,0.085905105783160907,0.086515971021358926,-0.086655597361518469,0.010384709049366262,0.35152676464417792,-0.010925761117484504,0.057461999999999999,0.0052750000000000002,0.205873,-3.1408072554263957,1.3066756510905948,-3.0511496917514473,0.057438401893766797,0.0052738848231569831,0.20578756318509733,-0.25997595480748137,-0.089543830704214816,0.96145431784601865,-0.023568749708289288,0.99598286212624754,0.086386644731677079,-0.96532741438287473,-0.00020182572653440606,-0.26104203168694817,8.8642899196141831e-05,2.846199803602478e-05
0.3850250244140625,1790954063.6863151,0.00060296058654785156,0.085905105783160907,0.086515971021358926,-0.086655597361518469,0.010384709049366262,0.35152676464417792,-0.010925761117484504,0.057461999999999999,0.0052750000000000002,0.205873,-3.1408072554263957,1.3066756510905948,-3.0511496917514473,0.057438401893766797,0.0052738848231569831,0.20578756318509733,-0.25997595480748137,-0.089543830704214816,0.96145431784601865,-0.023568749708289288,0.99598286212624754,0.086386644731677079,-0.96532741438287473,-0.00020182572653440606,-0.26104203168694817,8.8642899196141831e-05,2.846199803602478e-05
0.39002394676208496,1790954063.691314,0.000598907470703125,0.085905105783160907,0.086515971021358926,-0.086655597361518469,0.010384709049366262,0.35152676464417792,-0.010925761117484504,0.057461999999999999,0.0052750000000000002,0.205873,-3.1408072554263957,1.3066756510905948,-3.0511496917514473,0.057438401893766797,0.0052738848231569831,0.20578756318509733,-0.25997595480748137,-0.089543830704214816,0.96145431784601865,-0.023568749708289288,0.99598286212624754,0.086386644731677079,-0.96532741438287473,-0.00020182572653440606,-0.26104203168694817,8.8642899196141831e-05,2.846199803602478e-05
0.39502406120300293,1790954063.6963141,0.00057315826416015625,0.085905105783160907,0.086515971021358926,-0.086655597361518469,0.010384709049366262,0.35152676464417792,-0.010925761117484504,0.057461999999999999,0.0052750000000000002,0.205873,-3.1408072554263957,1.3066756510905948,-3.0511496917514473,0.057438401893766797,0.0052738848231569831,0.20578756318509733,-0.25997595480748137,-0.089543830704214816,0.96145431784601865,-0.023568749708289288,0.99598286212624754,0.086386644731677079,-0.96532741438287473,-0.00020182572653440606,-0.26104203168694817,8.8642899196141831e-05,2.846199803602478e-05
0.4000239372253418,1790954063.701314,0.00059986114501953125,0.085905105783160907,0.086515971021358926,-0.086655597361518469,0.010384709049366262,0.35152676464417792,-0.010925761117484504,0.057461999999999999,0.0052750000000000002,0.205873,-3.1408072554263957,1.3066756510905948,-3.0511496917514473,0.057438401893766797,0.0052738848231569831,0.20578756318509733,-0.25997595480748137,-0.089543830704214816,0.96145431784601865,-0.023568749708289288,0.99598286212624754,0.086386644731677079,-0.96532741438287473,-0.00020182572653440606,-0.26104203168694817,8.8642899196141831e-05,2.846199803602478e-05
0.40502405166625977,1790954063.7063141,0.00060200691223144531,0.085905105783160907,0.086515971021358926,-0.086655597361518469,0.010384709049366262,0.35152676464417792,-0.010925761117484504,0.057461999999999999,0.0052750000000000002,0.205873,-3.1408072554263957,1.3066756510905948,-3.0511496917514473,0.057438401893766797,0.0052738848231569831,0.20578756318509733,-0.25997595480748137,-0.089543830704214816,0.96145431784601865,-0.023568749708289288,0.99598286212624754,0.086386644731677079,-0.96532741438287473,-0.00020182572653440606,-0.26104203168694817,8.8642899196141831e-05,2.846199803602478e-05
0.41002392768859863,1790954063.711314,0.00060200691223144531,0.085905105783160907,0.086515971021358926,-0.086655597361518469,0.010384709049366262,0.35152676464417792,-0.010925761117484504,0.057461999999999999,0.0052750000000000002,0.205873,-3.1408072554263957,1.3066756510905948,-3.0511496917514473,0.057438401893766797,0.0052738848231569831,0.20578756318509733,-0.25997595480748137,-0.089543830704214816,0.96145431784601865,-0.023568749708289288,0.99598286212624754,0.086386644731677079,-0.96532741438287473,-0.00020182572653440606,-0.26104203168694817,8.8642899196141831e-05,2.846199803602478e-05
0.4150240421295166,1790954063.7163141,0.00060105323791503906,0.085905105783160907,0.086515971021358926,-0.086655597361518469,0.010384709049366262,0.35152676464417792,-0.010925761117484504,0.057461999999999999,0.0052750000000000002,0.205873,-3.1408072554263957,1.3066756510905948,-3.0511496917514473,0.057438401893766797,0.0052738848231569831,0.20578756318509733,-0.25997595480748137,-0.089543830704214816,0.96145431784601865,-0.023568749708289288,0.99598286212624754,0.086386644731677079,-0.96532741438287473,-0.00020182572653440606,-0.26104203168694817,8.8642899196141831e-05,2.846199803602478e-05
0.42002201080322266,1790954063.721312,0.00060009956359863281,0.085905105783160907,0.086515971021358926,-0.086655597361518469,0.010384709049366262,0.35152676464417792,-0.010925761117484504,0.057461999999999999,0.0052750000000000002,0.205873,-3.1408072554263957,1.3066756510905948,-3.0511496917514473,0.057438401893766797,0.0052738848231569831,0.20578756318509733,-0.25997595480748137,-0.089543830704214816,0.96145431784601865,-0.023568749708289288,0.99598286212624754,0.086386644731677079,-0.96532741438287473,-0.00020182572653440606,-0.26104203168694817,8.8642899196141831e-05,2.846199803602478e-05
0.42502403259277344,1790954063.7263141,0.00059914588928222656,0.085905105783160907,0.086515971021358926,-0.086655597361518469,0.010384709049366262,0.35152676464417792,-0.010925761117484504,0.057461999999999999,0.0052750000000000002,0.205873,-3.1408072554263957,1.3066756510905948,-3.0511496917514473,0.057438401893766797,0.0052738848231569831,0.20578756318509733,-0.25997595480748137,-0.089543830704214816,0.96145431784601865,-0.023568749708289288,0.99598286212624754,0.086386644731677079,-0.96532741438287473,-0.00020182572653440606,-0.26104203168694817,8.8642899196141831e-05,2.846199803602478e-05
0.43002200126647949,1790954063.731312,0.00059604644775390625,0.085905105783160907,0.086515971021358926,-0.086655597361518469,0.010384709049366262,0.35152676464417792,-0.010925761117484504,0.057461999999999999,0.0052750000000000002,0.205873,-3.1408072554263957,1.3066756510905948,-3.0511496917514473,0.057438401893766797,0.0052738848231569831,0.20578756318509733,-0.25997595480748137,-0.089543830704214816,0.96145431784601865,-0.023568749708289288,0.99598286212624754,0.086386644731677079,-0.96532741438287473,-0.00020182572653440606,-0.26104203168694817,8.8642899196141831e-05,2.846199803602478e-05
0.43502402305603027,1790954063.7363141,0.0005950927734375,0.085905105783160907,0.086515971021358926,-0.086655597361518469,0.010384709049366262,0.35152676464417792,-0.010925761117484504,0.057461999999999999,0.0052750000000000002,0.205873,-3.1408072554263957,1.3066756510905948,-3.0511496917514473,0.057438401893766797,0.0052738848231569831,0.20578756318509733,-0.25997595480748137,-0.089543830704214816,0.96145431784601865,-0.023568749708289288,0.99598286212624754,0.086386644731677079,-0.96532741438287473,-0.00020182572653440606,-0.26104203168694817,8.8642899196141831e-05,2.846199803602478e-05
0.44002199172973633,1790954063.741312,0.00060009956359863281,0.085905105783160907,0.086515971021358926,-0.086655597361518469,0.010384709049366262,0.35152676464417792,-0.010925761117484504,0.057461999999999999,0.0052750000000000002,0.205873,-3.1408072554263957,1.3066756510905948,-3.0511496917514473,0.057438401893766797,0.0052738848231569831,0.20578756318509733,-0.25997595480748137,-0.089543830704214816,0.96145431784601865,-0.023568749708289288,0.99598286212624754,0.086386644731677079,-0.96532741438287473,-0.00020182572653440606,-0.26104203168694817,8.8642899196141831e-05,2.846199803602478e-05
0.4450230598449707,1790954063.7463131,0.000576019287109375,0.085905105783160907,0.086515971021358926,-0.086655597361518469,0.010384709049366262,0.35152676464417792,-0.010925761117484504,0.057461999999999999,0.0052750000000000002,0.205873,-3.1408072554263957,1.3066756510905948,-3.0511496917514473,0.057438401893766797,0.0052738848231569831,0.20578756318509733,-0.25997595480748137,-0.089543830704214816,0.96145431784601865,-0.023568749708289288,0.99598286212624754,0.086386644731677079,-0.96532741438287473,-0.00020182572653440606,-0.26104203168694817,8.8642899196141831e-05,2.846199803602478e-05
0.45002198219299316,1790954063.751312,0.00060009956359863281,0.085905105783160907,0.086515971021358926,-0.086655597361518469,0.010384709049366262,0.35152676464417792,-0.010925761117484504,0.057461999999999999,0.0052750000000000002,0.205873,-3.1408072554263957,1.3066756510905948,-3.0511496917514473,0.057438401893766797,0.0052738848231569831,0.20578756318509733,-0.25997595480748137,-0.089543830704214816,0.96145431784601865,-0.023568749708289288,0.99598286212624754,0.086386644731677079,-0.96532741438287473,-0.00020182572653440606,-0.26104203168694817,8.8642899196141831e-05,2.846199803602478e-05
0.45502305030822754,1790954063.7563131,0.00059914588928222656,0.085905105783160907,0.086515971021358926,-0.086655597361518469,0.010384709049366262,0.35152676464417792,-0.010925761117484504,0.057461999999999999,0.0052750000000000002,0.205873,-3.1408072554263957,1.3066756510905948,-3.0511496917514473,0.057438401893766797,0.0052738848231569831,0.20578756318509733,-0.25997595480748137,-0.089543830704214816,0.96145431784601865,-0.023568749708289288,0.99598286212624754,0.086386644731677079,-0.96532741438287473,-0.00020182572653440606,-0.26104203168694817,8.8642899196141831e-05,2.846199803602478e-05
0.46002292633056641,1790954063.761313,0.00062584877014160156,0.085905105783160907,0.086515971021358926,-0.086655597361518469,0.010384709049366262,0.35152676464417792,-0.010925761117484504,0.057461999999999999,0.0052750000000000002,0.205873,-3.1408072554263957,1.3066756510905948,-3.0511496917514473,0.057438401893766797,0.0052738848231569831,0.20578756318509733,-0.25997595480748137,-0.089543830704214816,0.96145431784601865,-0.023568749708289288,0.99598286212624754,0.086386644731677079,-0.96532741438287473,-0.00020182572653440606,-0.26104203168694817,8.8642899196141831e-05,2.846199803602478e-05
0.46502494812011719,1790954063.766315,0.00060105323791503906,0.085905105783160907,0.086515971021358926,-0.086655597361518469,0.010384709049366262,0.35152676464417792,-0.010925761117484504,0.057461999999999999,0.0052750000000000002,0.205873,-3.1408072554263957,1.3066756510905948,-3.0511496917514473,0.057438401893766797,0.0052738848231569831,0.20578756318509733,-0.25997595480748137,-0.089543830704214816,0.96145431784601865,-0.023568749708289288,0.99598286212624754,0.086386644731677079,-0.96532741438287473,-0.00020182572653440606,-0.26104203168694817,8.8642899196141831e-05,2.846199803602478e-05
0.46999788284301758,1790954063.7712879,0.000576019287109375,0.085905105783160907,0.086515971021358926,-0.086655597361518469,0.010384709049366262,0.35152676464417792,-0.010925761117484504,0.057461999999999999,0.0052750000000000002,0.205873,-3.1408072554263957,1.3066756510905948,-3.0511496917514473,0.057438401893766797,0.0052738848231569831,0.20578756318509733,-0.25997595480748137,-0.089543830704214816,0.96145431784601865,-0.023568749708289288,0.99598286212624754,0.086386644731677079,-0.96532741438287473,-0.00020182572653440606,-0.26104203168694817,8.8642899196141831e-05,2.846199803602478e-05
0.47502398490905762,1790954063.776314,0.00060200691223144531,0.085905105783160907,0.086515971021358926,-0.086655597361518469,0.010384709049366262,0.35152676464417792,-0.010925761117484504,0.057461999999999999,0.0052750000000000002,0.205873,-3.1408072554263957,1.3066756510905948,-3.0511496917514473,0.057438401893766797,0.0052738848231569831,0.20578756318509733,-0.25997595480748137,-0.089543830704214816,0.96145431784601865,-0.023568749708289288,0.99598286212624754,0.086386644731677079,-0.96532741438287473,-0.00020182572653440606,-0.26104203168694817,8.8642899196141831e-05,2.846199803602478e-05
0.48002290725708008,1790954063.7813129,0.000598907470703125,0.085905105783160907,0.086515971021358926,-0.086655597361518469,0.010384709049366262,0.35152676464417792,-0.010925761117484504,0.057461999999999999,0.0052750000000000002,0.205873,-3.1408072554263957,1.3066756510905948,-3.0511496917514473,0.057438401893766797,0.0052738848231569831,0.20578756318509733,-0.25997595480748137,-0.089543830704214816,0.96145431784601865,-0.023568749708289288,0.99598286212624754,0.086386644731677079,-0.96532741438287473,-0.00020182572653440606,-0.26104203168694817,8.8642899196141831e-05,2.846199803602478e-05
0.48502302169799805,1790954063.7863131,0.00060105323791503906,0.085905105783160907,0.086515971021358926,-0.086655597361518469,0.010384709049366262,0.35152676464417792,-0.010925761117484504,0.057461999999999999,0.0052750000000000002,0.205873,-3.1408072554263957,1.3066756510905948,-3.0511496917514473,0.057438401893766797,0.0052738848231569831,0.20578756318509733,-0.25997595480748137,-0.089543830704214816,0.96145431784601865,-0.023568749708289288,0.99598286212624754,0.086386644731677079,-0.96532741438287473,-0.00020182572653440606,-0.26104203168694817,8.8642899196141831e-05,2.846199803602478e-05
0.49002289772033691,1790954063.7913129,0.00059986114501953125,0.085905105783160907,0.086515971021358926,-0.086655597361518469,0.010384709049366262,0.35152676464417792,-0.010925761117484504,0.057461999999999999,0.0052750000000000002,0.205873,-3.1408072554263957,1.3066756510905948,-3.0511496917514473,0.057438401893766797,0.0052738848231569831,0.20578756318509733,-0.25997595480748137,-0.089543830704214816,0.96145431784601865,-0.023568749708289288,0.99598286212624754,0.086386644731677079,-0.96532741438287473,-0.00020182572653440606,-0.26104203168694817,8.8642899196141831e-05,2.846199803602478e-05
0.49502396583557129,1790954063.796314,0.00057506561279296875,0.085905105783160907,0.086515971021358926,-0.086655597361518469,0.010384709049366262,0.35152676464417792,-0.010925761117484504,0.057461999999999999,0.0052750000000000002,0.205873,-3.1408072554263957,1.3066756510905948,-3.0511496917514473,0.057438401893766797,0.0052738848231569831,0.20578756318509733,-0.25997595480748137,-0.089543830704214816,0.96145431784601865,-0.023568749708289288,0.99598286212624754,0.086386644731677079,-0.96532741438287473,-0.00020182572653440606,-0.26104203168694817,8.8642899196141831e-05,2.846199803602478e-05
0.50002288818359375,1790954063.8013129,0.000598907470703125,0.085905105783160907,0.086515971021358926,-0.086655597361518469,0.010384709049366262,0.35152676464417792,-0.010925761117484504,0.057461999999999999,0.0052750000000000002,0.205873,-3.1408072554263957,1.3066756510905948,-3.0511496917514473,0.057438401893766797,0.0052738848231569831,0.20578756318509733,-0.25997595480748137,-0.089543830704214816,0.96145431784601865,-0.023568749708289288,0.99598286212624754,0.086386644731677079,-0.96532741438287473,-0.00020182572653440606,-0.26104203168694817,8.8642899196141831e-05,2.846199803602478e-05
0.50502300262451172,1790954063.806313,0.00060009956359863281,0.085905105783160907,0.086515971021358926,-0.086655597361518469,0.010384709049366262,0.35152676464417792,-0.010925761117484504,0.057461999999999999,0.0052750000000000002,0.205873,-3.1408072554263957,1.3066756510905948,-3.0511496917514473,0.057438401893766797,0.0052738848231569831,0.20578756318509733,-0.25997595480748137,-0.089543830704214816,0.96145431784601865,-0.023568749708289288,0.99598286212624754,0.086386644731677079,-0.96532741438287473,-0.00020182572653440606,-0.26104203168694817,8.8642899196141831e-05,2.846199803602478e-05
0.51002287864685059,1790954063.8113129,0.000598907470703125,0.085905105783160907,0.086515971021358926,-0.086655597361518469,0.010384709049366262,0.35152676464417792,-0.010925761117484504,0.057461999999999999,0.0052750000000000002,0.205873,-3.1408072554263957,1.3066756510905948,-3.0511496917514473,0.057438401893766797,0.0052738848231569831,0.20578756318509733,-0.25997595480748137,-0.089543830704214816,0.96145431784601865,-0.023568749708289288,0.99598286212624754,0.086386644731677079,-0.96532741438287473,-0.00020182572653440606,-0.26104203168694817,8.8642899196141831e-05,2.846199803602478e-05
0.51502490043640137,1790954063.8163149,0.00060105323791503906,0.085905105783160907,0.086515971021358926,-0.086655597361518469,0.010384709049366262,0.35152676464417792,-0.010925761117484504,0.057461999999999999,0.0052750000000000002,0.205873,-3.1408072554263957,1.3066756510905948,-3.0511496917514473,0.057438401893766797,0.0052738848231569831,0.20578756318509733,-0.25997595480748137,-0.089543830704214816,0.96145431784601865,-0.023568749708289288,0.99598286212624754,0.086386644731677079,-0.96532741438287473,-0.00020182572653440606,-0.26104203168694817,8.8642899196141831e-05,2.846199803602478e-05
0.52002286911010742,1790954063.8213129,0.000598907470703125,0.085905105783160907,0.086515971021358926,-0.086655597361518469,0.010384709049366262,0.35152676464417792,-0.010925761117484504,0.057461999999999999,0.0052750000000000002,0.205873,-3.1408072554263957,1.3066756510905948,-3.0511496917514473,0.057438401893766797,0.0052738848231569831,0.20578756318509733,-0.25997595480748137,-0.089543830704214816,0.96145431784601865,-0.023568749708289288,0.99598286212624754,0.086386644731677079,-0.96532741438287473,-0.00020182572653440606,-0.26104203168694817,8.8642899196141831e-05,2.846199803602478e-05
0.52502298355102539,1790954063.826313,0.000598907470703125,0.085905105783160907,0.086515971021358926,-0.086655597361518469,0.010384709049366262,0.35152676464417792,-0.010925761117484504,0.057461999999999999,0.0052750000000000002,0.205873,-3.1408072554263957,1.3066756510905948,-3.0511496917514473,0.057438401893766797,0.0052738848231569831,0.20578756318509733,-0.25997595480748137,-0.089543830704214816,0.96145431784601865,-0.023568749708289288,0.99598286212624754,0.086386644731677079,-0.96532741438287473,-0.00020182572653440606,-0.26104203168694817,8.8642899196141831e-05,2.846199803602478e-05
0.53002595901489258,1790954063.831316,0.00060200691223144531,0.085905105783160907,0.086515971021358926,-0.086655597361518469,0.010384709049366262,0.35152676464417792,-0.010925761117484504,0.057461999999999999,0.0052750000000000002,0.205873,-3.1408072554263957,1.3066756510905948,-3.0511496917514473,0.057438401893766797,0.0052738848231569831,0.20578756318509733,-0.25997595480748137,-0.089543830704214816,0.96145431784601865,-0.023568749708289288,0.99598286212624754,0.086386644731677079,-0.96532741438287473,-0.00020182572653440606,-0.26104203168694817,8.8642899196141831e-05,2.846199803602478e-05
0.53502202033996582,1790954063.8363121,0.0005970001220703125,0.085905105783160907,0.086515971021358926,-0.086655597361518469,0.010384709049366262,0.35152676464417792,-0.010925761117484504,0.057461999999999999,0.0052750000000000002,0.205873,-3.1408072554263957,1.3066756510905948,-3.0511496917514473,0.057438401893766797,0.0052738848231569831,0.20578756318509733,-0.25997595480748137,-0.089543830704214816,0.96145431784601865,-0.023568749708289288,0.99598286212624754,0.086386644731677079,-0.96532741438287473,-0.00020182572653440606,-0.26104203168694817,8.8642899196141831e-05,2.846199803602478e-05
0.54002189636230469,1790954063.8413119,0.00059604644775390625,0.085905105783160907,0.086515971021358926,-0.086655597361518469,0.010384709049366262,0.35152676464417792,-0.010925761117484504,0.057461999999999999,0.0052750000000000002,0.205873,-3.1408072554263957,1.3066756510905948,-3.0511496917514473,0.057438401893766797,0.0052738848231569831,0.20578756318509733,-0.25997595480748137,-0.089543830704214816,0.96145431784601865,-0.023568749708289288,0.99598286212624754,0.086386644731677079,-0.96532741438287473,-0.00020182572653440606,-0.26104203168694817,8.8642899196141831e-05,2.846199803602478e-05
0.54502391815185547,1790954063.846314,0.00059604644775390625,0.085905105783160907,0.086515971021358926,-0.086655597361518469,0.010384709049366262,0.35152676464417792,-0.010925761117484504,0.057461999999999999,0.0052750000000000002,0.205873,-3.1408072554263957,1.3066756510905948,-3.0511496917514473,0.057438401893766797,0.0052738848231569831,0.20578756318509733,-0.25997595480748137,-0.089543830704214816,0.96145431784601865,-0.023568749708289288,0.99598286212624754,0.086386644731677079,-0.96532741438287473,-0.00020182572653440606,-0.26104203168694817,8.8642899196141831e-05,2.846199803602478e-05
0.55002307891845703,1790954063.8513131,0.00060105323791503906,0.085905105783160907,0.086515971021358926,-0.086655597361518469,0.010384709049366262,0.35152676464417792,-0.010925761117484504,0.057461999999999999,0.0052750000000000002,0.205873,-3.1408072554263957,1.3066756510905948,-3.0511496917514473,0.057438401893766797,0.0052738848231569831,0.20578756318509733,-0.25997595480748137,-0.089543830704214816,0.96145431784601865,-0.023568749708289288,0.99598286212624754,0.086386644731677079,-0.96532741438287473,-0.00020182572653440606,-0.26104203168694817,8.8642899196141831e-05,2.846199803602478e-05
0.55502200126647949,1790954063.856312,0.00059914588928222656,0.085905105783160907,0.086515971021358926,-0.086655597361518469,0.010384709049366262,0.35152676464417792,-0.010925761117484504,0.057461999999999999,0.0052750000000000002,0.205873,-3.1408072554263957,1.3066756510905948,-3.0511496917514473,0.057438401893766797,0.0052738848231569831,0.20578756318509733,-0.25997595480748137,-0.089543830704214816,0.96145431784601865,-0.023568749708289288,0.99598286212624754,0.086386644731677079,-0.96532741438287473,-0.00020182572653440606,-0.26104203168694817,8.8642899196141831e-05,2.846199803602478e-05
0.56002402305603027,1790954063.8613141,0.00060105323791503906,0.085905105783160907,0.086515971021358926,-0.086655597361518469,0.010384709049366262,0.35152676464417792,-0.010925761117484504,0.057461999999999999,0.0052750000000000002,0.205873,-3.1408072554263957,1.3066756510905948,-3.0511496917514473,0.057438401893766797,0.0052738848231569831,0.20578756318509733,-0.25997595480748137,-0.089543830704214816,0.96145431784601865,-0.023568749708289288,0.99598286212624754,0.086386644731677079,-0.96532741438287473,-0.00020182572653440606,-0.26104203168694817,8.8642899196141831e-05,2.846199803602478e-05
0.56502485275268555,1790954063.8663149,0.00060200691223144531,0.085905105783160907,0.086515971021358926,-0.086655597361518469,0.010384709049366262,0.35152676464417792,-0.010925761117484504,0.057461999999999999,0.0052750000000000002,0.205873,-3.1408072554263957,1.3066756510905948,-3.0511496917514473,0.057438401893766797,0.0052738848231569831,0.20578756318509733,-0.25997595480748137,-0.089543830704214816,0.96145431784601865,-0.023568749708289288,0.99598286212624754,0.086386644731677079,-0.96532741438287473,-0.00020182572653440606,-0.26104203168694817,8.8642899196141831e-05,2.846199803602478e-05
0.57002592086791992,1790954063.871316,0.00059199333190917969,0.085905105783160907,0.086515971021358926,-0.086655597361518469,0.010384709049366262,0.35152676464417792,-0.010925761117484504,0.057461999999999999,0.0052750000000000002,0.205873,-3.1408072554263957,1.3066756510905948,-3.0511496917514473,0.057438401893766797,0.0052738848231569831,0.20578756318509733,-0.25997595480748137,-0.089543830704214816,0.96145431784601865,-0.023568749708289288,0.99598286212624754,0.086386644731677079,-0.96532741438287473,-0.00020182572653440606,-0.26104203168694817,8.8642899196141831e-05,2.846199803602478e-05
0.57502388954162598,1790954063.8763139,0.00057482719421386719,0.085905105783160907,0.086515971021358926,-0.086655597361518469,0.010384709049366262,0.35152676464417792,-0.010925761117484504,0.057461999999999999,0.0052750000000000002,0.205873,-3.1408072554263957,1.3066756510905948,-3.0511496917514473,0.057438401893766797,0.0052738848231569831,0.20578756318509733,-0.25997595480748137,-0.089543830704214816,0.96145431784601865,-0.023568749708289288,0.99598286212624754,0.086386644731677079,-0.96532741438287473,-0.00020182572653440606,-0.26104203168694817,8.8642899196141831e-05,2.846199803602478e-05
0.58002305030822754,1790954063.8813131,0.00059413909912109375,0.085905105783160907,0.086515971021358926,-0.086655597361518469,0.010384709049366262,0.35152676464417792,-0.010925761117484504,0.057461999999999999,0.0052750000000000002,0.205873,-3.1408072554263957,1.3066756510905948,-3.0511496917514473,0.057438401893766797,0.0052738848231569831,0.20578756318509733,-0.25997595480748137,-0.089543830704214816,0.96145431784601865,-0.023568749708289288,0.99598286212624754,0.086386644731677079,-0.96532741438287473,-0.00020182572653440606,-0.26104203168694817,8.8642899196141831e-05,2.846199803602478e-05
0.58502507209777832,1790954063.8863151,0.00060105323791503906,0.085905105783160907,0.086515971021358926,-0.086655597361518469,0.010384709049366262,0.35152676464417792,-0.010925761117484504,0.057461999999999999,0.0052750000000000002,0.205873,-3.1408072554263957,1.3066756510905948,-3.0511496917514473,0.057438401893766797,0.0052738848231569831,0.20578756318509733,-0.25997595480748137,-0.089543830704214816,0.96145431784601865,-0.023568749708289288,0.99598286212624754,0.086386644731677079,-0.96532741438287473,-0.00020182572653440606,-0.26104203168694817,8.8642899196141831e-05,2.846199803602478e-05
0.59002399444580078,1790954063.891314,0.00060105323791503906,0.085905105783160907,0.086515971021358926,-0.086655597361518469,0.010384709049366262,0.35152676464417792,-0.010925761117484504,0.057461999999999999,0.0052750000000000002,0.205873,-3.1408072554263957,1.3066756510905948,-3.0511496917514473,0.057438401893766797,0.0052738848231569831,0.20578756318509733,-0.25997595480748137,-0.089543830704214816,0.96145431784601865,-0.023568749708289288,0.99598286212624754,0.086386644731677079,-0.96532741438287473,-0.00020182572653440606,-0.26104203168694817,8.8642899196141831e-05,2.846199803602478e-05
0.59502387046813965,1790954063.8963139,0.00059485435485839844,0.085905105783160907,0.086515971021358926,-0.086655597361518469,0.010384709049366262,0.35152676464417792,-0.010925761117484504,0.057461999999999999,0.0052750000000000002,0.205873,-3.1408072554263957,1.3066756510905948,-3.0511496917514473,0.057438401893766797,0.0052738848231569831,0.20578756318509733,-0.25997595480748137,-0.089543830704214816,0.96145431784601865,-0.023568749708289288,0.99598286212624754,0.086386644731677079,-0.96532741438287473,-0.00020182572653440606,-0.26104203168694817,8.8642899196141831e-05,2.846199803602478e-05
0.60002899169921875,1790954063.901319,0.00060606002807617188,0.085905105783160907,0.086515971021358926,-0.086655597361518469,0.010384709049366262,0.35152676464417792,-0.010925761117484504,0.057461999999999999,0.0052750000000000002,0.205873,-3.1408072554263957,1.3066756510905948,-3.0511496917514473,0.057438401893766797,0.0052738848231569831,0.20578756318509733,-0.25997595480748137,-0.089543830704214816,0.96145431784601865,-0.023568749708289288,0.99598286212624754,0.086386644731677079,-0.96532741438287473,-0.00020182572653440606,-0.26104203168694817,8.8642899196141831e-05,2.846199803602478e-05
0.60502290725708008,1790954063.9063129,0.00057387351989746094,0.085905105783160907,0.086515971021358926,-0.086655597361518469,0.010384709049366262,0.35152676464417792,-0.010925761117484504,0.057461999999999999,0.0052750000000000002,0.205873,-3.1408072554263957,1.3066756510905948,-3.0511496917514473,0.057438401893766797,0.0052738848231569831,0.20578756318509733,-0.25997595480748137,-0.089543830704214816,0.96145431784601865,-0.023568749708289288,0.99598286212624754,0.086386644731677079,-0.96532741438287473,-0.00020182572653440606,-0.26104203168694817,8.8642899196141831e-05,2.846199803602478e-05
0.61002588272094727,1790954063.9113159,0.00060200691223144531,0.085905105783160907,0.086515971021358926,-0.086655597361518469,0.010384709049366262,0.35152676464417792,-0.010925761117484504,0.057461999999999999,0.0052750000000000002,0.205873,-3.1408072554263957,1.3066756510905948,-3.0511496917514473,0.057438401893766797,0.0052738848231569831,0.20578756318509733,-0.25997595480748137,-0.089543830704214816,0.96145431784601865,-0.023568749708289288,0.99598286212624754,0.086386644731677079,-0.96532741438287473,-0.00020182572653440606,-0.26104203168694817,8.8642899196141831e-05,2.846199803602478e-05
0.61502504348754883,1790954063.9163151,0.00060009956359863281,0.085905105783160907,0.086515971021358926,-0.086655597361518469,0.010384709049366262,0.35152676464417792,-0.010925761117484504,0.057461999999999999,0.0052750000000000002,0.205873,-3.1408072554263957,1.3066756510905948,-3.0511496917514473,0.057438401893766797,0.0052738848231569831,0.20578756318509733,-0.25997595480748137,-0.089543830704214816,0.96145431784601865,-0.023568749708289288,0.99598286212624754,0.086386644731677079,-0.96532741438287473,-0.00020182572653440606,-0.26104203168694817,8.8642899196141831e-05,2.846199803602478e-05
0.62002992630004883,1790954063.92132,0.00060701370239257812,0.085905105783160907,0.086515971021358926,-0.086655597361518469,0.010384709049366262,0.35152676464417792,-0.010925761117484504,0.057461999999999999,0.0052750000000000002,0.205873,-3.1408072554263957,1.3066756510905948,-3.0511496917514473,0.057438401893766797,0.0052738848231569831,0.20578756318509733,-0.25997595480748137,-0.089543830704214816,0.96145431784601865,-0.023568749708289288,0.99598286212624754,0.086386644731677079,-0.96532741438287473,-0.00020182572653440606,-0.26104203168694817,8.8642899196141831e-05,2.846199803602478e-05
0.62502193450927734,1790954063.926312,0.00059986114501953125,0.085905105783160907,0.086515971021358926,-0.086655597361518469,0.010384709049366262,0.35152676464417792,-0.010925761117484504,0.057461999999999999,0.0052750000000000002,0.205873,-3.1408072554263957,1.3066756510905948,-3.0511496917514473,0.057438401893766797,0.0052738848231569831,0.20578756318509733,-0.25997595480748137,-0.089543830704214816,0.96145431784601865,-0.023568749708289288,0.99598286212624754,0.086386644731677079,-0.96532741438287473,-0.00020182572653440606,-0.26104203168694817,8.8642899196141831e-05,2.846199803602478e-05
0.62999796867370605,1790954063.931288,0.00055789947509765625,0.085905105783160907,0.086515971021358926,-0.086655597361518469,0.010384709049366262,0.35152676464417792,-0.010925761117484504,0.057461999999999999,0.0052750000000000002,0.205873,-3.1408072554263957,1.3066756510905948,-3.0511496917514473,0.057438401893766797,0.0052738848231569831,0.20578756318509733,-0.25997595480748137,-0.089543830704214816,0.96145431784601865,-0.023568749708289288,0.99598286212624754,0.086386644731677079,-0.96532741438287473,-0.00020182572653440606,-0.26104203168694817,8.8642899196141831e-05,2.846199803602478e-05
0.6350250244140625,1790954063.9363151,0.000576019287109375,0.085905105783160907,0.086515971021358926,-0.086655597361518469,0.010384709049366262,0.35152676464417792,-0.010925761117484504,0.057461999999999999,0.0052750000000000002,0.205873,-3.1408072554263957,1.3066756510905948,-3.0511496917514473,0.057438401893766797,0.0052738848231569831,0.20578756318509733,-0.25997595480748137,-0.089543830704214816,0.96145431784601865,-0.023568749708289288,0.99598286212624754,0.086386644731677079,-0.96532741438287473,-0.00020182572653440606,-0.26104203168694817,8.8642899196141831e-05,2.846199803602478e-05
0.64002299308776855,1790954063.941313,0.00060009956359863281,0.085905105783160907,0.086515971021358926,-0.086655597361518469,0.010384709049366262,0.35152676464417792,-0.010925761117484504,0.057461999999999999,0.0052750000000000002,0.205873,-3.1408072554263957,1.3066756510905948,-3.0511496917514473,0.057438401893766797,0.0052738848231569831,0.20578756318509733,-0.25997595480748137,-0.089543830704214816,0.96145431784601865,-0.023568749708289288,0.99598286212624754,0.086386644731677079,-0.96532741438287473,-0.00020182572653440606,-0.26104203168694817,8.8642899196141831e-05,2.846199803602478e-05
0.64502501487731934,1790954063.9463151,0.00057506561279296875,0.085905105783160907,0.086515971021358926,-0.086655597361518469,0.010384709049366262,0.35152676464417792,-0.010925761117484504,0.057461999999999999,0.0052750000000000002,0.205873,-3.1408072554263957,1.3066756510905948,-3.0511496917514473,0.057438401893766797,0.0052738848231569831,0.20578756318509733,-0.25997595480748137,-0.089543830704214816,0.96145431784601865,-0.023568749708289288,0.99598286212624754,0.086386644731677079,-0.96532741438287473,-0.00020182572653440606,-0.26104203168694817,8.8642899196141831e-05,2.846199803602478e-05
0.6500239372253418,1790954063.951314,0.00059795379638671875,0.085905105783160907,0.086515971021358926,-0.086655597361518469,0.010384709049366262,0.35152676464417792,-0.010925761117484504,0.057461999999999999,0.0052750000000000002,0.205873,-3.1408072554263957,1.3066756510905948,-3.0511496917514473,0.057438401893766797,0.0052738848231569831,0.20578756318509733,-0.25997595480748137,-0.089543830704214816,0.96145431784601865,-0.023568749708289288,0.99598286212624754,0.086386644731677079,-0.96532741438287473,-0.00020182572653440606,-0.26104203168694817,8.8642899196141831e-05,2.846199803602478e-05
0.65502285957336426,1790954063.9563129,0.00059795379638671875,0.085905105783160907,0.086515971021358926,-0.086655597361518469,0.010384709049366262,0.35152676464417792,-0.010925761117484504,0.057461999999999999,0.0052750000000000002,0.205873,-3.1408072554263957,1.3066756510905948,-3.0511496917514473,0.057438401893766797,0.0052738848231569831,0.20578756318509733,-0.25997595480748137,-0.089543830704214816,0.96145431784601865,-0.023568749708289288,0.99598286212624754,0.086386644731677079,-0.96532741438287473,-0.00020182572653440606,-0.26104203168694817,8.8642899196141831e-05,2.846199803602478e-05
0.66002297401428223,1790954063.961313,0.0005970001220703125,0.085905105783160907,0.086515971021358926,-0.086655597361518469,0.010384709049366262,0.35152676464417792,-0.010925761117484504,0.057461999999999999,0.0052750000000000002,0.205873,-3.1408072554263957,1.3066756510905948,-3.0511496917514473,0.057438401893766797,0.0052738848231569831,0.20578756318509733,-0.25997595480748137,-0.089543830704214816,0.96145431784601865,-0.023568749708289288,0.99598286212624754,0.086386644731677079,-0.96532741438287473,-0.00020182572653440606,-0.26104203168694817,8.8642899196141831e-05,2.846199803602478e-05
0.66502285003662109,1790954063.9663129,0.00059080123901367188,0.085905105783160907,0.086515971021358926,-0.086655597361518469,0.010384709049366262,0.35152676464417792,-0.010925761117484504,0.057461999999999999,0.0052750000000000002,0.205873,-3.1408072554263957,1.3066756510905948,-3.0511496917514473,0.057438401893766797,0.0052738848231569831,0.20578756318509733,-0.25997595480748137,-0.089543830704214816,0.96145431784601865,-0.023568749708289288,0.99598286212624754,0.086386644731677079,-0.96532741438287473,-0.00020182572653440606,-0.26104203168694817,8.8642899196141831e-05,2.846199803602478e-05
0.67002296447753906,1790954063.971313,0.00060105323791503906,0.085905105783160907,0.086515971021358926,-0.086655597361518469,0.010384709049366262,0.35152676464417792,-0.010925761117484504,0.057461999999999999,0.0052750000000000002,0.205873,-3.1408072554263957,1.3066756510905948,-3.0511496917514473,0.057438401893766797,0.0052738848231569831,0.20578756318509733,-0.25997595480748137,-0.089543830704214816,0.96145431784601865,-0.023568749708289288,0.99598286212624754,0.086386644731677079,-0.96532741438287473,-0.00020182572653440606,-0.26104203168694817,8.8642899196141831e-05,2.846199803602478e-05
0.67502307891845703,1790954063.9763131,0.00059819221496582031,0.085905105783160907,0.086515971021358926,-0.086655597361518469,0.010384709049366262,0.35152676464417792,-0.010925761117484504,0.057461999999999999,0.0052750000000000002,0.205873,-3.1408072554263957,1.3066756510905948,-3.0511496917514473,0.057438401893766797,0.0052738848231569831,0.20578756318509733,-0.25997595480748137,-0.089543830704214816,0.96145431784601865,-0.023568749708289288,0.99598286212624754,0.086386644731677079,-0.96532741438287473,-0.00020182572653440606,-0.26104203168694817,8.8642899196141831e-05,2.846199803602478e-05
0.68002796173095703,1790954063.981318,0.00060510635375976562,0.085905105783160907,0.086515971021358926,-0.086655597361518469,0.010384709049366262,0.35152676464417792,-0.010925761117484504,0.057461999999999999,0.0052750000000000002,0.205873,-3.1408072554263957,1.3066756510905948,-3.0511496917514473,0.057438401893766797,0.0052738848231569831,0.20578756318509733,-0.25997595480748137,-0.089543830704214816,0.96145431784601865,-0.023568749708289288,0.99598286212624754,0.086386644731677079,-0.96532741438287473,-0.00020182572653440606,-0.26104203168694817,8.8642899196141831e-05,2.846199803602478e-05
0.68502688407897949,1790954063.9863169,0.00059986114501953125,0.085905105783160907,0.086515971021358926,-0.086655597361518469,0.010384709049366262,0.35152676464417792,-0.010925761117484504,0.057461999999999999,0.0052750000000000002,0.205873,-3.1408072554263957,1.3066756510905948,-3.0511496917514473,0.057438401893766797,0.0052738848231569831,0.20578756318509733,-0.25997595480748137,-0.089543830704214816,0.96145431784601865,-0.023568749708289288,0.99598286212624754,0.086386644731677079,-0.96532741438287473,-0.00020182572653440606,-0.26104203168694817,8.8642899196141831e-05,2.846199803602478e-05
0.69002485275268555,1790954063.9913149,0.00060200691223144531,0.085905105783160907,0.086515971021358926,-0.086655597361518469,0.010384709049366262,0.35152676464417792,-0.010925761117484504,0.057461999999999999,0.0052750000000000002,0.205873,-3.1408072554263957,1.3066756510905948,-3.0511496917514473,0.057438401893766797,0.0052738848231569831,0.20578756318509733,-0.25997595480748137,-0.089543830704214816,0.96145431784601865,-0.023568749708289288,0.99598286212624754,0.086386644731677079,-0.96532741438287473,-0.00020182572653440606,-0.26104203168694817,8.8642899196141831e-05,2.846199803602478e-05
0.6950218677520752,1790954063.9963119,0.00059485435485839844,0.085905105783160907,0.086515971021358926,-0.086655597361518469,0.010384709049366262,0.35152676464417792,-0.010925761117484504,0.057461999999999999,0.0052750000000000002,0.205873,-3.1408072554263957,1.3066756510905948,-3.0511496917514473,0.057438401893766797,0.0052738848231569831,0.20578756318509733,-0.25997595480748137,-0.089543830704214816,0.96145431784601865,-0.023568749708289288,0.99598286212624754,0.086386644731677079,-0.96532741438287473,-0.00020182572653440606,-0.26104203168694817,8.8642899196141831e-05,2.846199803602478e-05
0.70002198219299316,1790954064.001312,0.00058794021606445312,0.085905105783160907,0.086515971021358926,-0.086655597361518469,0.010384709049366262,0.35152676464417792,-0.010925761117484504,0.057461999999999999,0.0052750000000000002,0.205873,-3.1408072554263957,1.3066756510905948,-3.0511496917514473,0.057438401893766797,0.0052738848231569831,0.20578756318509733,-0.25997595480748137,-0.089543830704214816,0.96145431784601865,-0.023568749708289288,0.99598286212624754,0.086386644731677079,-0.96532741438287473,-0.00020182572653440606,-0.26104203168694817,8.8642899196141831e-05,2.846199803602478e-05
0.70504903793334961,1790954064.0063391,0.00060009956359863281,0.085905105783160907,0.086515971021358926,-0.086655597361518469,0.010384709049366262,0.35152676464417792,-0.010925761117484504,0.057461999999999999,0.0052750000000000002,0.205873,-3.1408072554263957,1.3066756510905948,-3.0511496917514473,0.057438401893766797,0.0052738848231569831,0.20578756318509733,-0.25997595480748137,-0.089543830704214816,0.96145431784601865,-0.023568749708289288,0.99598286212624754,0.086386644731677079,-0.96532741438287473,-0.00020182572653440606,-0.26104203168694817,8.8642899196141831e-05,2.846199803602478e-05
0.71002507209777832,1790954064.0113151,0.00060200691223144531,0.085905105783160907,0.086515971021358926,-0.086655597361518469,0.010384709049366262,0.35152676464417792,-0.010925761117484504,0.057461999999999999,0.0052750000000000002,0.205873,-3.1408072554263957,1.3066756510905948,-3.0511496917514473,0.057438401893766797,0.0052738848231569831,0.20578756318509733,-0.25997595480748137,-0.089543830704214816,0.96145431784601865,-0.023568749708289288,0.99598286212624754,0.086386644731677079,-0.96532741438287473,-0.00020182572653440606,-0.26104203168694817,8.8642899196141831e-05,2.846199803602478e-05
0.71502184867858887,1790954064.0163119,0.00059986114501953125,0.085905105783160907,0.086515971021358926,-0.086655597361518469,0.010384709049366262,0.35152676464417792,-0.010925761117484504,0.057461999999999999,0.0052750000000000002,0.205873,-3.1408072554263957,1.3066756510905948,-3.0511496917514473,0.057438401893766797,0.0052738848231569831,0.20578756318509733,-0.25997595480748137,-0.089543830704214816,0.96145431784601865,-0.023568749708289288,0.99598286212624754,0.086386644731677079,-0.96532741438287473,-0.00020182572653440606,-0.26104203168694817,8.8642899196141831e-05,2.846199803602478e-05
0.72002387046813965,1790954064.0213139,0.0006008148193359375,0.085905105783160907,0.086515971021358926,-0.086655597361518469,0.010384709049366262,0.35152676464417792,-0.010925761117484504,0.057461999999999999,0.0052750000000000002,0.205873,-3.1408072554263957,1.3066756510905948,-3.0511496917514473,0.057438401893766797,0.0052738848231569831,0.20578756318509733,-0.25997595480748137,-0.089543830704214816,0.96145431784601865,-0.023568749708289288,0.99598286212624754,0.086386644731677079,-0.96532741438287473,-0.00020182572653440606,-0.26104203168694817,8.8642899196141831e-05,2.846199803602478e-05
0.7250220775604248,1790954064.0263121,0.0005970001220703125,0.085905105783160907,0.086515971021358926,-0.086655597361518469,0.010384709049366262,0.35152676464417792,-0.010925761117484504,0.057461999999999999,0.0052750000000000002,0.205873,-3.1408072554263957,1.3066756510905948,-3.0511496917514473,0.057438401893766797,0.0052738848231569831,0.20578756318509733,-0.25997595480748137,-0.089543830704214816,0.96145431784601865,-0.023568749708289288,0.99598286212624754,0.086386644731677079,-0.96532741438287473,-0.00020182572653440606,-0.26104203168694817,8.8642899196141831e-05,2.846199803602478e-05
0.73002099990844727,1790954064.031311,0.00060105323791503906,0.085905105783160907,0.086515971021358926,-0.086655597361518469,0.010384709049366262,0.35152676464417792,-0.010925761117484504,0.057461999999999999,0.0052750000000000002,0.205873,-3.1408072554263957,1.3066756510905948,-3.0511496917514473,0.057438401893766797,0.0052738848231569831,0.20578756318509733,-0.25997595480748137,-0.089543830704214816,0.96145431784601865,-0.023568749708289288,0.99598286212624754,0.086386644731677079,-0.96532741438287473,-0.00020182572653440606,-0.26104203168694817,8.8642899196141831e-05,2.846199803602478e-05
0.73502302169799805,1790954064.0363131,0.00060200691223144531,0.085905105783160907,0.086515971021358926,-0.086655597361518469,0.010384709049366262,0.35152676464417792,-0.010925761117484504,0.057461999999999999,0.0052750000000000002,0.205873,-3.1408072554263957,1.3066756510905948,-3.0511496917514473,0.057438401893766797,0.0052738848231569831,0.20578756318509733,-0.25997595480748137,-0.089543830704214816,0.96145431784601865,-0.023568749708289288,0.99598286212624754,0.086386644731677079,-0.96532741438287473,-0.00020182572653440606,-0.26104203168694817,8.8642899196141831e-05,2.846199803602478e-05
0.74002194404602051,1790954064.041312,0.00060105323791503906,0.085905105783160907,0.086515971021358926,-0.086655597361518469,0.010384709049366262,0.35152676464417792,-0.010925761117484504,0.057461999999999999,0.0052750000000000002,0.205873,-3.1408072554263957,1.3066756510905948,-3.0511496917514473,0.057438401893766797,0.0052738848231569831,0.20578756318509733,-0.25997595480748137,-0.089543830704214816,0.96145431784601865,-0.023568749708289288,0.99598286212624754,0.086386644731677079,-0.96532741438287473,-0.00020182572653440606,-0.26104203168694817,8.8642899196141831e-05,2.846199803602478e-05
0.74502205848693848,1790954064.0463121,0.00060009956359863281,0.085905105783160907,0.086515971021358926,-0.086655597361518469,0.010384709049366262,0.35152676464417792,-0.010925761117484504,0.057461999999999999,0.0052750000000000002,0.205873,-3.1408072554263957,1.3066756510905948,-3.0511496917514473,0.057438401893766797,0.0052738848231569831,0.20578756318509733,-0.25997595480748137,-0.089543830704214816,0.96145431784601865,-0.023568749708289288,0.99598286212624754,0.086386644731677079,-0.96532741438287473,-0.00020182572653440606,-0.26104203168694817,8.8642899196141831e-05,2.846199803602478e-05
0.75002193450927734,1790954064.051312,0.00060105323791503906,0.085905105783160907,0.086515971021358926,-0.086655597361518469,0.010384709049366262,0.35152676464417792,-0.010925761117484504,0.057461999999999999,0.0052750000000000002,0.205873,-3.1408072554263957,1.3066756510905948,-3.0511496917514473,0.057438401893766797,0.0052738848231569831,0.20578756318509733,-0.25997595480748137,-0.089543830704214816,0.96145431784601865,-0.023568749708289288,0.99598286212624754,0.086386644731677079,-0.96532741438287473,-0.00020182572653440606,-0.26104203168694817,8.8642899196141831e-05,2.846199803602478e-05
0.75502395629882812,1790954064.056314,0.00060200691223144531,0.085905105783160907,0.086515971021358926,-0.086655597361518469,0.010384709049366262,0.35152676464417792,-0.010925761117484504,0.057461999999999999,0.0052750000000000002,0.205873,-3.1408072554263957,1.3066756510905948,-3.0511496917514473,0.057438401893766797,0.0052738848231569831,0.20578756318509733,-0.25997595480748137,-0.089543830704214816,0.96145431784601865,-0.023568749708289288,0.99598286212624754,0.086386644731677079,-0.96532741438287473,-0.00020182572653440606,-0.26104203168694817,8.8642899196141831e-05,2.846199803602478e-05
0.76002407073974609,1790954064.0613141,0.00060105323791503906,0.085905105783160907,0.086515971021358926,-0.086655597361518469,0.010384709049366262,0.35152676464417792,-0.010925761117484504,0.057461999999999999,0.0052750000000000002,0.205873,-3.1408072554263957,1.3066756510905948,-3.0511496917514473,0.057438401893766797,0.0052738848231569831,0.20578756318509733,-0.25997595480748137,-0.089543830704214816,0.96145431784601865,-0.023568749708289288,0.99598286212624754,0.086386644731677079,-0.96532741438287473,-0.00020182572653440606,-0.26104203168694817,8.8642899196141831e-05,2.846199803602478e-05
0.76505208015441895,1790954064.0663421,0.00062918663024902344,0.085905105783160907,0.086515971021358926,-0.086655597361518469,0.010384709049366262,0.35152676464417792,-0.010925761117484504,0.057461999999999999,0.0052750000000000002,0.205873,-3.1408072554263957,1.3066756510905948,-3.0511496917514473,0.057438401893766797,0.0052738848231569831,0.20578756318509733,-0.25997595480748137,-0.089543830704214816,0.96145431784601865,-0.023568749708289288,0.99598286212624754,0.086386644731677079,-0.96532741438287473,-0.00020182572653440606,-0.26104203168694817,8.8642899196141831e-05,2.846199803602478e-05
0.77002286911010742,1790954064.0713129,0.00059390068054199219,0.085905105783160907,0.086515971021358926,-0.086655597361518469,0.010384709049366262,0.35152676464417792,-0.010925761117484504,0.057461999999999999,0.0052750000000000002,0.205873,-3.1408072554263957,1.3066756510905948,-3.0511496917514473,0.057438401893766797,0.0052738848231569831,0.20578756318509733,-0.25997595480748137,-0.089543830704214816,0.96145431784601865,-0.023568749708289288,0.99598286212624754,0.086386644731677079,-0.96532741438287473,-0.00020182572653440606,-0.26104203168694817,8.8642899196141831e-05,2.846199803602478e-05
0.77502107620239258,1790954064.0763111,0.00060009956359863281,0.085905105783160907,0.086515971021358926,-0.086655597361518469,0.010384709049366262,0.35152676464417792,-0.010925761117484504,0.057461999999999999,0.0052750000000000002,0.205873,-3.1408072554263957,1.3066756510905948,-3.0511496917514473,0.057438401893766797,0.0052738848231569831,0.20578756318509733,-0.25997595480748137,-0.089543830704214816,0.96145431784601865,-0.023568749708289288,0.99598286212624754,0.086386644731677079,-0.96532741438287473,-0.00020182572653440606,-0.26104203168694817,8.8642899196141831e-05,2.846199803602478e-05
0.78002095222473145,1790954064.081311,0.00059199333190917969,0.085905105783160907,0.086515971021358926,-0.086655597361518469,0.010384709049366262,0.35152676464417792,-0.010925761117484504,0.057461999999999999,0.0052750000000000002,0.205873,-3.1408072554263957,1.3066756510905948,-3.0511496917514473,0.057438401893766797,0.0052738848231569831,0.20578756318509733,-0.25997595480748137,-0.089543830704214816,0.96145431784601865,-0.023568749708289288,0.99598286212624754,0.086386644731677079,-0.96532741438287473,-0.00020182572653440606,-0.26104203168694817,8.8642899196141831e-05,2.846199803602478e-05
0.78502297401428223,1790954064.086313,0.000598907470703125,0.085905105783160907,0.086515971021358926,-0.086655597361518469,0.010384709049366262,0.35152676464417792,-0.010925761117484504,0.057461999999999999,0.0052750000000000002,0.205873,-3.1408072554263957,1.3066756510905948,-3.0511496917514473,0.057438401893766797,0.0052738848231569831,0.20578756318509733,-0.25997595480748137,-0.089543830704214816,0.96145431784601865,-0.023568749708289288,0.99598286212624754,0.086386644731677079,-0.96532741438287473,-0.00020182572653440606,-0.26104203168694817,8.8642899196141831e-05,2.846199803602478e-05
0.79002189636230469,1790954064.0913119,0.00059986114501953125,0.085905105783160907,0.086515971021358926,-0.086655597361518469,0.010384709049366262,0.35152676464417792,-0.010925761117484504,0.057461999999999999,0.0052750000000000002,0.205873,-3.1408072554263957,1.3066756510905948,-3.0511496917514473,0.057438401893766797,0.0052738848231569831,0.20578756318509733,-0.25997595480748137,-0.089543830704214816,0.96145431784601865,-0.023568749708289288,0.99598286212624754,0.086386644731677079,-0.96532741438287473,-0.00020182572653440606,-0.26104203168694817,8.8642899196141831e-05,2.846199803602478e-05
0.79502296447753906,1790954064.096313,0.00057506561279296875,0.085905105783160907,0.086515971021358926,-0.086655597361518469,0.010384709049366262,0.35152676464417792,-0.010925761117484504,0.057461999999999999,0.0052750000000000002,0.205873,-3.1408072554263957,1.3066756510905948,-3.0511496917514473,0.057438401893766797,0.0052738848231569831,0.20578756318509733,-0.25997595480748137,-0.089543830704214816,0.96145431784601865,-0.023568749708289288,0.99598286212624754,0.086386644731677079,-0.96532741438287473,-0.00020182572653440606,-0.26104203168694817,8.8642899196141831e-05,2.846199803602478e-05
0.80002403259277344,1790954064.1013141,0.00060296058654785156,0.085905105783160907,0.086515971021358926,-0.086655597361518469,0.010384709049366262,0.35152676464417792,-0.010925761117484504,0.057461999999999999,0.0052750000000000002,0.205873,-3.1408072554263957,1.3066756510905948,-3.0511496917514473,0.057438401893766797,0.0052738848231569831,0.20578756318509733,-0.25997595480748137,-0.089543830704214816,0.96145431784601865,-0.023568749708289288,0.99598286212624754,0.086386644731677079,-0.96532741438287473,-0.00020182572653440606,-0.26104203168694817,8.8642899196141831e-05,2.846199803602478e-05
0.8050239086151123,1790954064.1063139,0.000576019287109375,0.085905105783160907,0.086515971021358926,-0.086655597361518469,0.010384709049366262,0.35152676464417792,-0.010925761117484504,0.057461999999999999,0.0052750000000000002,0.205873,-3.1408072554263957,1.3066756510905948,-3.0511496917514473,0.057438401893766797,0.0052738848231569831,0.20578756318509733,-0.25997595480748137,-0.089543830704214816,0.96145431784601865,-0.023568749708289288,0.99598286212624754,0.086386644731677079,-0.96532741438287473,-0.00020182572653440606,-0.26104203168694817,8.8642899196141831e-05,2.846199803602478e-05
0.81002402305603027,1790954064.1113141,0.00059604644775390625,0.085905105783160907,0.086515971021358926,-0.086655597361518469,0.010384709049366262,0.35152676464417792,-0.010925761117484504,0.057461999999999999,0.0052750000000000002,0.205873,-3.1408072554263957,1.3066756510905948,-3.0511496917514473,0.057438401893766797,0.0052738848231569831,0.20578756318509733,-0.25997595480748137,-0.089543830704214816,0.96145431784601865,-0.023568749708289288,0.99598286212624754,0.086386644731677079,-0.96532741438287473,-0.00020182572653440606,-0.26104203168694817,8.8642899196141831e-05,2.846199803602478e-05
0.81502485275268555,1790954064.1163149,0.00056290626525878906,0.085905105783160907,0.086515971021358926,-0.086655597361518469,0.010384709049366262,0.35152676464417792,-0.010925761117484504,0.057461999999999999,0.0052750000000000002,0.205873,-3.1408072554263957,1.3066756510905948,-3.0511496917514473,0.057438401893766797,0.0052738848231569831,0.20578756318509733,-0.25997595480748137,-0.089543830704214816,0.96145431784601865,-0.023568749708289288,0.99598286212624754,0.086386644731677079,-0.96532741438287473,-0.00020182572653440606,-0.26104203168694817,8.8642899196141831e-05,2.846199803602478e-05
0.82002496719360352,1790954064.121315,0.00058889389038085938,0.085905105783160907,0.086515971021358926,-0.086655597361518469,0.010384709049366262,0.35152676464417792,-0.010925761117484504,0.057461999999999999,0.0052750000000000002,0.205873,-3.1408072554263957,1.3066756510905948,-3.0511496917514473,0.057438401893766797,0.0052738848231569831,0.20578756318509733,-0.25997595480748137,-0.089543830704214816,0.96145431784601865,-0.023568749708289288,0.99598286212624754,0.086386644731677079,-0.96532741438287473,-0.00020182572653440606,-0.26104203168694817,8.8642899196141831e-05,2.846199803602478e-05
0.82504701614379883,1790954064.1263371,0.00062513351440429688,0.085905105783160907,0.086515971021358926,-0.086655597361518469,0.010384709049366262,0.35152676464417792,-0.010925761117484504,0.057461999999999999,0.0052750000000000002,0.205873,-3.1408072554263957,1.3066756510905948,-3.0511496917514473,0.057438401893766797,0.0052738848231569831,0.20578756318509733,-0.25997595480748137,-0.089543830704214816,0.96145431784601865,-0.023568749708289288,0.99598286212624754,0.086386644731677079,-0.96532741438287473,-0.00020182572653440606,-0.26104203168694817,8.8642899196141831e-05,2.846199803602478e-05
0.83002305030822754,1790954064.1313131,0.00059604644775390625,0.085905105783160907,0.086515971021358926,-0.086655597361518469,0.010384709049366262,0.35152676464417792,-0.010925761117484504,0.057461999999999999,0.0052750000000000002,0.205873,-3.1408072554263957,1.3066756510905948,-3.0511496917514473,0.057438401893766797,0.0052738848231569831,0.20578756318509733,-0.25997595480748137,-0.089543830704214816,0.96145431784601865,-0.023568749708289288,0.99598286212624754,0.086386644731677079,-0.96532741438287473,-0.00020182572653440606,-0.26104203168694817,8.8642899196141831e-05,2.846199803602478e-05
0.83502101898193359,1790954064.1363111,0.00059294700622558594,0.085905105783160907,0.086515971021358926,-0.086655597361518469,0.010384709049366262,0.35152676464417792,-0.010925761117484504,0.057461999999999999,0.0052750000000000002,0.205873,-3.1408072554263957,1.3066756510905948,-3.0511496917514473,0.057438401893766797,0.0052738848231569831,0.20578756318509733,-0.25997595480748137,-0.089543830704214816,0.96145431784601865,-0.023568749708289288,0.99598286212624754,0.086386644731677079,-0.96532741438287473,-0.00020182572653440606,-0.26104203168694817,8.8642899196141831e-05,2.846199803602478e-05
0.84002184867858887,1790954064.1413119,0.00060176849365234375,0.085905105783160907,0.086515971021358926,-0.086655597361518469,0.010384709049366262,0.35152676464417792,-0.010925761117484504,0.057461999999999999,0.0052750000000000002,0.205873,-3.1408072554263957,1.3066756510905948,-3.0511496917514473,0.057438401893766797,0.0052738848231569831,0.20578756318509733,-0.25997595480748137,-0.089543830704214816,0.96145431784601865,-0.023568749708289288,0.99598286212624754,0.086386644731677079,-0.96532741438287473,-0.00020182572653440606,-0.26104203168694817,8.8642899196141831e-05,2.846199803602478e-05
0.84502196311950684,1790954064.146312,0.000576019287109375,0.085905105783160907,0.086515971021358926,-0.086655597361518469,0.010384709049366262,0.35152676464417792,-0.010925761117484504,0.057461999999999999,0.0052750000000000002,0.205873,-3.1408072554263957,1.3066756510905948,-3.0511496917514473,0.057438401893766797,0.0052738848231569831,0.20578756318509733,-0.25997595480748137,-0.089543830704214816,0.96145431784601865,-0.023568749708289288,0.99598286212624754,0.086386644731677079,-0.96532741438287473,-0.00020182572653440606,-0.26104203168694817,8.8642899196141831e-05,2.846199803602478e-05
0.8500208854675293,1790954064.1513109,0.00059485435485839844,0.085905105783160907,0.086515971021358926,-0.086655597361518469,0.010384709049366262,0.35152676464417792,-0.010925761117484504,0.057461999999999999,0.0052750000000000002,0.205873,-3.1408072554263957,1.3066756510905948,-3.0511496917514473,0.057438401893766797,0.0052738848231569831,0.20578756318509733,-0.25997595480748137,-0.089543830704214816,0.96145431784601865,-0.023568749708289288,0.99598286212624754,0.086386644731677079,-0.96532741438287473,-0.00020182572653440606,-0.26104203168694817,8.8642899196141831e-05,2.846199803602478e-05
0.85504698753356934,1790954064.156337,0.00062608718872070312,0.085905105783160907,0.086515971021358926,-0.086655597361518469,0.010384709049366262,0.35152676464417792,-0.010925761117484504,0.057461999999999999,0.0052750000000000002,0.205873,-3.1408072554263957,1.3066756510905948,-3.0511496917514473,0.057438401893766797,0.0052738848231569831,0.20578756318509733,-0.25997595480748137,-0.089543830704214816,0.96145431784601865,-0.023568749708289288,0.99598286212624754,0.086386644731677079,-0.96532741438287473,-0.00020182572653440606,-0.26104203168694817,8.8642899196141831e-05,2.846199803602478e-05
0.86002206802368164,1790954064.1613121,0.00060009956359863281,0.085905105783160907,0.086515971021358926,-0.086655597361518469,0.010384709049366262,0.35152676464417792,-0.010925761117484504,0.057461999999999999,0.0052750000000000002,0.205873,-3.1408072554263957,1.3066756510905948,-3.0511496917514473,0.057438401893766797,0.0052738848231569831,0.20578756318509733,-0.25997595480748137,-0.089543830704214816,0.96145431784601865,-0.023568749708289288,0.99598286212624754,0.086386644731677079,-0.96532741438287473,-0.00020182572653440606,-0.26104203168694817,8.8642899196141831e-05,2.846199803602478e-05
0.86504602432250977,1790954064.1663361,0.00062203407287597656,0.085905105783160907,0.086515971021358926,-0.086655597361518469,0.010384709049366262,0.35152676464417792,-0.010925761117484504,0.057461999999999999,0.0052750000000000002,0.205873,-3.1408072554263957,1.3066756510905948,-3.0511496917514473,0.057438401893766797,0.0052738848231569831,0.20578756318509733,-0.25997595480748137,-0.089543830704214816,0.96145431784601865,-0.023568749708289288,0.99598286212624754,0.086386644731677079,-0.96532741438287473,-0.00020182572653440606,-0.26104203168694817,8.8642899196141831e-05,2.846199803602478e-05
0.87002396583557129,1790954064.171314,0.00060009956359863281,0.085905105783160907,0.086515971021358926,-0.086655597361518469,0.010384709049366262,0.35152676464417792,-0.010925761117484504,0.057461999999999999,0.0052750000000000002,0.205873,-3.1408072554263957,1.3066756510905948,-3.0511496917514473,0.057438401893766797,0.0052738848231569831,0.20578756318509733,-0.25997595480748137,-0.089543830704214816,0.96145431784601865,-0.023568749708289288,0.99598286212624754,0.086386644731677079,-0.96532741438287473,-0.00020182572653440606,-0.26104203168694817,8.8642899196141831e-05,2.846199803602478e-05
0.87502408027648926,1790954064.1763141,0.00059819221496582031,0.085905105783160907,0.086515971021358926,-0.086655597361518469,0.010384709049366262,0.35152676464417792,-0.010925761117484504,0.057461999999999999,0.0052750000000000002,0.205873,-3.1408072554263957,1.3066756510905948,-3.0511496917514473,0.057438401893766797,0.0052738848231569831,0.20578756318509733,-0.25997595480748137,-0.089543830704214816,0.96145431784601865,-0.023568749708289288,0.99598286212624754,0.086386644731677079,-0.96532741438287473,-0.00020182572653440606,-0.26104203168694817,8.8642899196141831e-05,2.846199803602478e-05
0.8800199031829834,1790954064.1813099,0.00059795379638671875,0.085905105783160907,0.086515971021358926,-0.086655597361518469,0.010384709049366262,0.35152676464417792,-0.010925761117484504,0.057461999999999999,0.0052750000000000002,0.205873,-3.1408072554263957,1.3066756510905948,-3.0511496917514473,0.057438401893766797,0.0052738848231569831,0.20578756318509733,-0.25997595480748137,-0.089543830704214816,0.96145431784601865,-0.023568749708289288,0.99598286212624754,0.086386644731677079,-0.96532741438287473,-0.00020182572653440606,-0.26104203168694817,8.8642899196141831e-05,2.846199803602478e-05
0.88502192497253418,1790954064.186312,0.00060105323791503906,0.085905105783160907,0.086515971021358926,-0.086655597361518469,0.010384709049366262,0.35152676464417792,-0.010925761117484504,0.057461999999999999,0.0052750000000000002,0.205873,-3.1408072554263957,1.3066756510905948,-3.0511496917514473,0.057438401893766797,0.0052738848231569831,0.20578756318509733,-0.25997595480748137,-0.089543830704214816,0.96145431784601865,-0.023568749708289288,0.99598286212624754,0.086386644731677079,-0.96532741438287473,-0.00020182572653440606,-0.26104203168694817,8.8642899196141831e-05,2.846199803602478e-05
0.89002490043640137,1790954064.1913149,0.00060391426086425781,0.085905105783160907,0.086515971021358926,-0.086655597361518469,0.010384709049366262,0.35152676464417792,-0.010925761117484504,0.057461999999999999,0.0052750000000000002,0.205873,-3.1408072554263957,1.3066756510905948,-3.0511496917514473,0.057438401893766797,0.0052738848231569831,0.20578756318509733,-0.25997595480748137,-0.089543830704214816,0.96145431784601865,-0.023568749708289288,0.99598286212624754,0.086386644731677079,-0.96532741438287473,-0.00020182572653440606,-0.26104203168694817,8.8642899196141831e-05,2.846199803602478e-05
0.89502406120300293,1790954064.1963141,0.0005970001220703125,0.085905105783160907,0.086515971021358926,-0.086655597361518469,0.010384709049366262,0.35152676464417792,-0.010925761117484504,0.057461999999999999,0.0052750000000000002,0.205873,-3.1408072554263957,1.3066756510905948,-3.0511496917514473,0.057438401893766797,0.0052738848231569831,0.20578756318509733,-0.25997595480748137,-0.089543830704214816,0.96145431784601865,-0.023568749708289288,0.99598286212624754,0.086386644731677079,-0.96532741438287473,-0.00020182572653440606,-0.26104203168694817,8.8642899196141831e-05,2.846199803602478e-05
0.90020394325256348,1790954064.201494,0.00077104568481445312,0.085905105783160907,0.086515971021358926,-0.086655597361518469,0.010384709049366262,0.35152676464417792,-0.010925761117484504,0.057461999999999999,0.0052750000000000002,0.205873,-3.1408072554263957,1.3066756510905948,-3.0511496917514473,0.057438401893766797,0.0052738848231569831,0.20578756318509733,-0.25997595480748137,-0.089543830704214816,0.96145431784601865,-0.023568749708289288,0.99598286212624754,0.086386644731677079,-0.96532741438287473,-0.00020182572653440606,-0.26104203168694817,8.8642899196141831e-05,2.846199803602478e-05
0.90502595901489258,1790954064.206316,0.00057506561279296875,0.085905105783160907,0.086515971021358926,-0.086655597361518469,0.010384709049366262,0.35152676464417792,-0.010925761117484504,0.057461999999999999,0.0052750000000000002,0.205873,-3.1408072554263957,1.3066756510905948,-3.0511496917514473,0.057438401893766797,0.0052738848231569831,0.20578756318509733,-0.25997595480748137,-0.089543830704214816,0.96145431784601865,-0.023568749708289288,0.99598286212624754,0.086386644731677079,-0.96532741438287473,-0.00020182572653440606,-0.26104203168694817,8.8642899196141831e-05,2.846199803602478e-05
0.91002297401428223,1790954064.211313,0.00060105323791503906,0.085905105783160907,0.086515971021358926,-0.086655597361518469,0.010384709049366262,0.35152676464417792,-0.010925761117484504,0.057461999999999999,0.0052750000000000002,0.205873,-3.1408072554263957,1.3066756510905948,-3.0511496917514473,0.057438401893766797,0.0052738848231569831,0.20578756318509733,-0.25997595480748137,-0.089543830704214816,0.96145431784601865,-0.023568749708289288,0.99598286212624754,0.086386644731677079,-0.96532741438287473,-0.00020182572653440606,-0.26104203168694817,8.8642899196141831e-05,2.846199803602478e-05
0.91502499580383301,1790954064.216315,0.00057697296142578125,0.085905105783160907,0.086515971021358926,-0.086655597361518469,0.010384709049366262,0.35152676464417792,-0.010925761117484504,0.057461999999999999,0.0052750000000000002,0.205873,-3.1408072554263957,1.3066756510905948,-3.0511496917514473,0.057438401893766797,0.0052738848231569831,0.20578756318509733,-0.25997595480748137,-0.089543830704214816,0.96145431784601865,-0.023568749708289288,0.99598286212624754,0.086386644731677079,-0.96532741438287473,-0.00020182572653440606,-0.26104203168694817,8.8642899196141831e-05,2.846199803602478e-05
0.92002391815185547,1790954064.221314,0.0005970001220703125,0.085905105783160907,0.086515971021358926,-0.086655597361518469,0.010384709049366262,0.35152676464417792,-0.010925761117484504,0.057461999999999999,0.0052750000000000002,0.205873,-3.1408072554263957,1.3066756510905948,-3.0511496917514473,0.057438401893766797,0.0052738848231569831,0.20578756318509733,-0.25997595480748137,-0.089543830704214816,0.96145431784601865,-0.023568749708289288,0.99598286212624754,0.086386644731677079,-0.96532741438287473,-0.00020182572653440606,-0.26104203168694817,8.8642899196141831e-05,2.846199803602478e-05
0.92502403259277344,1790954064.2263141,0.00060200691223144531,0.085905105783160907,0.086515971021358926,-0.086655597361518469,0.010384709049366262,0.35152676464417792,-0.010925761117484504,0.057461999999999999,0.0052750000000000002,0.205873,-3.1408072554263957,1.3066756510905948,-3.0511496917514473,0.057438401893766797,0.0052738848231569831,0.20578756318509733,-0.25997595480748137,-0.089543830704214816,0.96145431784601865,-0.023568749708289288,0.99598286212624754,0.086386644731677079,-0.96532741438287473,-0.00020182572653440606,-0.26104203168694817,8.8642899196141831e-05,2.846199803602478e-05
0.93002104759216309,1790954064.2313111,0.00059914588928222656,0.085905105783160907,0.086515971021358926,-0.086655597361518469,0.010384709049366262,0.35152676464417792,-0.010925761117484504,0.057461999999999999,0.0052750000000000002,0.205873,-3.1408072554263957,1.3066756510905948,-3.0511496917514473,0.057438401893766797,0.0052738848231569831,0.20578756318509733,-0.25997595480748137,-0.089543830704214816,0.96145431784601865,-0.023568749708289288,0.99598286212624754,0.086386644731677079,-0.96532741438287473,-0.00020182572653440606,-0.26104203168694817,8.8642899196141831e-05,2.846199803602478e-05
0.93504786491394043,1790954064.2363379,0.000598907470703125,0.085905105783160907,0.086515971021358926,-0.086655597361518469,0.010384709049366262,0.35152676464417792,-0.010925761117484504,0.057461999999999999,0.0052750000000000002,0.205873,-3.1408072554263957,1.3066756510905948,-3.0511496917514473,0.057438401893766797,0.0052738848231569831,0.20578756318509733,-0.25997595480748137,-0.089543830704214816,0.96145431784601865,-0.023568749708289288,0.99598286212624754,0.086386644731677079,-0.96532741438287473,-0.00020182572653440606,-0.26104203168694817,8.8642899196141831e-05,2.846199803602478e-05
0.94002103805541992,1790954064.2413111,0.00059819221496582031,0.085905105783160907,0.086515971021358926,-0.086655597361518469,0.010384709049366262,0.35152676464417792,-0.010925761117484504,0.057461999999999999,0.0052750000000000002,0.205873,-3.1408072554263957,1.3066756510905948,-3.0511496917514473,0.057438401893766797,0.0052738848231569831,0.20578756318509733,-0.25997595480748137,-0.089543830704214816,0.96145431784601865,-0.023568749708289288,0.99598286212624754,0.086386644731677079,-0.96532741438287473,-0.00020182572653440606,-0.26104203168694817,8.8642899196141831e-05,2.846199803602478e-05
0.94505000114440918,1790954064.24634,0.00060009956359863281,0.085905105783160907,0.086515971021358926,-0.086655597361518469,0.010384709049366262,0.35152676464417792,-0.010925761117484504,0.057461999999999999,0.0052750000000000002,0.205873,-3.1408072554263957,1.3066756510905948,-3.0511496917514473,0.057438401893766797,0.0052738848231569831,0.20578756318509733,-0.25997595480748137,-0.089543830704214816,0.96145431784601865,-0.023568749708289288,0.99598286212624754,0.086386644731677079,-0.96532741438287473,-0.00020182572653440606,-0.26104203168694817,8.8642899196141831e-05,2.846199803602478e-05
0.95002508163452148,1790954064.2513151,0.00060009956359863281,0.085905105783160907,0.086515971021358926,-0.086655597361518469,0.010384709049366262,0.35152676464417792,-0.010925761117484504,0.057461999999999999,0.0052750000000000002,0.205873,-3.1408072554263957,1.3066756510905948,-3.0511496917514473,0.057438401893766797,0.0052738848231569831,0.20578756318509733,-0.25997595480748137,-0.089543830704214816,0.96145431784601865,-0.023568749708289288,0.99598286212624754,0.086386644731677079,-0.96532741438287473,-0.00020182572653440606,-0.26104203168694817,8.8642899196141831e-05,2.846199803602478e-05
0.95502495765686035,1790954064.256315,0.00057291984558105469,0.085905105783160907,0.086515971021358926,-0.086655597361518469,0.010384709049366262,0.35152676464417792,-0.010925761117484504,0.057461999999999999,0.0052750000000000002,0.205873,-3.1408072554263957,1.3066756510905948,-3.0511496917514473,0.057438401893766797,0.0052738848231569831,0.20578756318509733,-0.25997595480748137,-0.089543830704214816,0.96145431784601865,-0.023568749708289288,0.99598286212624754,0.086386644731677079,-0.96532741438287473,-0.00020182572653440606,-0.26104203168694817,8.8642899196141831e-05,2.846199803602478e-05
0.96002197265625,1790954064.261312,0.000598907470703125,0.085905105783160907,0.086515971021358926,-0.086655597361518469,0.010384709049366262,0.35152676464417792,-0.010925761117484504,0.057461999999999999,0.0052750000000000002,0.205873,-3.1408072554263957,1.3066756510905948,-3.0511496917514473,0.057438401893766797,0.0052738848231569831,0.20578756318509733,-0.25997595480748137,-0.089543830704214816,0.96145431784601865,-0.023568749708289288,0.99598286212624754,0.086386644731677079,-0.96532741438287473,-0.00020182572653440606,-0.26104203168694817,8.8642899196141831e-05,2.846199803602478e-05
0.96504688262939453,1790954064.2663369,0.00062394142150878906,0.085905105783160907,0.086515971021358926,-0.086655597361518469,0.010384709049366262,0.35152676464417792,-0.010925761117484504,0.057461999999999999,0.0052750000000000002,0.205873,-3.1408072554263957,1.3066756510905948,-3.0511496917514473,0.057438401893766797,0.0052738848231569831,0.20578756318509733,-0.25997595480748137,-0.089543830704214816,0.96145431784601865,-0.023568749708289288,0.99598286212624754,0.086386644731677079,-0.96532741438287473,-0.00020182572653440606,-0.26104203168694817,8.8642899196141831e-05,2.846199803602478e-05
0.97002387046813965,1790954064.2713139,0.00059580802917480469,0.085905105783160907,0.086515971021358926,-0.086655597361518469,0.010384709049366262,0.35152676464417792,-0.010925761117484504,0.057461999999999999,0.0052750000000000002,0.205873,-3.1408072554263957,1.3066756510905948,-3.0511496917514473,0.057438401893766797,0.0052738848231569831,0.20578756318509733,-0.25997595480748137,-0.089543830704214816,0.96145431784601865,-0.023568749708289288,0.99598286212624754,0.086386644731677079,-0.96532741438287473,-0.00020182572653440606,-0.26104203168694817,8.8642899196141831e-05,2.846199803602478e-05
0.97504997253417969,1790954064.27634,0.00060200691223144531,0.085905105783160907,0.086515971021358926,-0.086655597361518469,0.010384709049366262,0.35152676464417792,-0.010925761117484504,0.057461999999999999,0.0052750000000000002,0.205873,-3.1408072554263957,1.3066756510905948,-3.0511496917514473,0.057438401893766797,0.0052738848231569831,0.20578756318509733,-0.25997595480748137,-0.089543830704214816,0.96145431784601865,-0.023568749708289288,0.99598286212624754,0.086386644731677079,-0.96532741438287473,-0.00020182572653440606,-0.26104203168694817,8.8642899196141831e-05,2.846199803602478e-05
0.9800269603729248,1790954064.281317,0.00028395652770996094,0.085905105783160907,0.086515971021358926,-0.086655597361518469,0.010384709049366262,0.35152676464417792,-0.010925761117484504,0.057461999999999999,0.0052750000000000002,0.205873,-3.1408072554263957,1.3066756510905948,-3.0511496917514473,0.057438401893766797,0.0052738848231569831,0.20578756318509733,-0.25997595480748137,-0.089543830704214816,0.96145431784601865,-0.023568749708289288,0.99598286212624754,0.086386644731677079,-0.96532741438287473,-0.00020182572653440606,-0.26104203168694817,8.8642899196141831e-05,2.846199803602478e-05
0.98502588272094727,1790954064.2863159,0.00060200691223144531,0.085905105783160907,0.086515971021358926,-0.086655597361518469,0.010384709049366262,0.35152676464417792,-0.010925761117484504,0.057461999999999999,0.0052750000000000002,0.205873,-3.1408072554263957,1.3066756510905948,-3.0511496917514473,0.057438401893766797,0.0052738848231569831,0.20578756318509733,-0.25997595480748137,-0.089543830704214816,0.96145431784601865,-0.023568749708289288,0.99598286212624754,0.086386644731677079,-0.96532741438287473,-0.00020182572653440606,-0.26104203168694817,8.8642899196141831e-05,2.846199803602478e-05
0.99002385139465332,1790954064.2913139,0.000598907470703125,0.085905105783160907,0.086515971021358926,-0.086655597361518469,0.010384709049366262,0.35152676464417792,-0.010925761117484504,0.057461999999999999,0.0052750000000000002,0.205873,-3.1408072554263957,1.3066756510905948,-3.0511496917514473,0.057438401893766797,0.0052738848231569831,0.20578756318509733,-0.25997595480748137,-0.089543830704214816,0.96145431784601865,-0.023568749708289288,0.99598286212624754,0.086386644731677079,-0.96532741438287473,-0.00020182572653440606,-0.26104203168694817,8.8642899196141831e-05,2.846199803602478e-05
0.99502205848693848,1790954064.2963121,0.0005741119384765625,0.085905105783160907,0.086515971021358926,-0.086655597361518469,0.010384709049366262,0.35152676464417792,-0.010925761117484504,0.057461999999999999,0.0052750000000000002,0.205873,-3.1408072554263957,1.3066756510905948,-3.0511496917514473,0.057438401893766797,0.0052738848231569831,0.20578756318509733,-0.25997595480748137,-0.089543830704214816,0.96145431784601865,-0.023568749708289288,0.99598286212624754,0.086386644731677079,-0.96532741438287473,-0.00020182572653440606,-0.26104203168694817,8.8642899196141831e-05,2.846199803602478e-05
1.0000259876251221,1790954064.301316,0.000598907470703125,0.085905105783160907,0.086515971021358926,-0.086655597361518469,0.010384709049366262,0.35152676464417792,-0.010925761117484504,0.057461999999999999,0.0052750000000000002,0.205873,-3.1408072554263957,1.3066756510905948,-3.0511496917514473,0.057438401893766797,0.0052738848231569831,0.20578756318509733,-0.25997595480748137,-0.089543830704214816,0.96145431784601865,-0.023568749708289288,0.99598286212624754,0.086386644731677079,-0.96532741438287473,-0.00020182572653440606,-0.26104203168694817,8.8642899196141831e-05,2.846199803602478e-05
1.0050480365753174,1790954064.3063381,0.00062417984008789062,0.085905105783160907,0.086515971021358926,-0.086655597361518469,0.010384709049366262,0.35152676464417792,-0.010925761117484504,0.057461999999999999,0.0052750000000000002,0.205873,-3.1408072554263957,1.3066756510905948,-3.0511496917514473,0.057438401893766797,0.0052738848231569831,0.20578756318509733,-0.25997595480748137,-0.089543830704214816,0.96145431784601865,-0.023568749708289288,0.99598286212624754,0.086386644731677079,-0.96532741438287473,-0.00020182572653440606,-0.26104203168694817,8.8642899196141831e-05,2.846199803602478e-05
1.0100209712982178,1790954064.311311,0.00059103965759277344,0.085905105783160907,0.086515971021358926,-0.086655597361518469,0.010384709049366262,0.35152676464417792,-0.010925761117484504,0.057461999999999999,0.0052750000000000002,0.205873,-3.1408072554263957,1.3066756510905948,-3.0511496917514473,0.057438401893766797,0.0052738848231569831,0.20578756318509733,-0.25997595480748137,-0.089543830704214816,0.96145431784601865,-0.023568749708289288,0.99598286212624754,0.086386644731677079,-0.96532741438287473,-0.00020182572653440606,-0.26104203168694817,8.8642899196141831e-05,2.846199803602478e-05
1.0150249004364014,1790954064.3163149,0.000598907470703125,0.085905105783160907,0.086515971021358926,-0.086655597361518469,0.010384709049366262,0.35152676464417792,-0.010925761117484504,0.057461999999999999,0.0052750000000000002,0.205873,-3.1408072554263957,1.3066756510905948,-3.0511496917514473,0.057438401893766797,0.0052738848231569831,0.20578756318509733,-0.25997595480748137,-0.089543830704214816,0.96145431784601865,-0.023568749708289288,0.99598286212624754,0.086386644731677079,-0.96532741438287473,-0.00020182572653440606,-0.26104203168694817,8.8642899196141831e-05,2.846199803602478e-05
1.0200259685516357,1790954064.321316,0.000598907470703125,0.085905105783160907,0.086515971021358926,-0.086655597361518469,0.010384709049366262,0.35152676464417792,-0.010925761117484504,0.057461999999999999,0.0052750000000000002,0.205873,-3.1408072554263957,1.3066756510905948,-3.0511496917514473,0.057438401893766797,0.0052738848231569831,0.20578756318509733,-0.25997595480748137,-0.089543830704214816,0.96145431784601865,-0.023568749708289288,0.99598286212624754,0.086386644731677079,-0.96532741438287473,-0.00020182572653440606,-0.26104203168694817,8.8642899196141831e-05,2.846199803602478e-05
1.0250508785247803,1790954064.3263409,0.0006008148193359375,0.085905105783160907,0.086515971021358926,-0.086655597361518469,0.010384709049366262,0.35152676464417792,-0.010925761117484504,0.057461999999999999,0.0052750000000000002,0.205873,-3.1408072554263957,1.3066756510905948,-3.0511496917514473,0.057438401893766797,0.0052738848231569831,0.20578756318509733,-0.25997595480748137,-0.089543830704214816,0.96145431784601865,-0.023568749708289288,0.99598286212624754,0.086386644731677079,-0.96532741438287473,-0.00020182572653440606,-0.26104203168694817,8.8642899196141831e-05,2.846199803602478e-05
1.0300250053405762,1790954064.331315,0.00060105323791503906,0.085905105783160907,0.086515971021358926,-0.086655597361518469,0.010384709049366262,0.35152676464417792,-0.010925761117484504,0.057461999999999999,0.0052750000000000002,0.205873,-3.1408072554263957,1.3066756510905948,-3.0511496917514473,0.057438401893766797,0.0052738848231569831,0.20578756318509733,-0.25997595480748137,-0.089543830704214816,0.96145431784601865,-0.023568749708289288,0.99598286212624754,0.086386644731677079,-0.96532741438287473,-0.00020182572653440606,-0.26104203168694817,8.8642899196141831e-05,2.846199803602478e-05
1.0350620746612549,1790954064.3363521,0.00063800811767578125,0.085905105783160907,0.086515971021358926,-0.086655597361518469,0.010384709049366262,0.35152676464417792,-0.010925761117484504,0.057461999999999999,0.0052750000000000002,0.205873,-3.1408072554263957,1.3066756510905948,-3.0511496917514473,0.057438401893766797,0.0052738848231569831,0.20578756318509733,-0.25997595480748137,-0.089543830704214816,0.96145431784601865,-0.023568749708289288,0.99598286212624754,0.086386644731677079,-0.96532741438287473,-0.00020182572653440606,-0.26104203168694817,8.8642899196141831e-05,2.846199803602478e-05
1.0400228500366211,1790954064.3413129,0.00059986114501953125,0.085905105783160907,0.086515971021358926,-0.086655597361518469,0.010384709049366262,0.35152676464417792,-0.010925761117484504,0.057461999999999999,0.0052750000000000002,0.205873,-3.1408072554263957,1.3066756510905948,-3.0511496917514473,0.057438401893766797,0.0052738848231569831,0.20578756318509733,-0.25997595480748137,-0.089543830704214816,0.96145431784601865,-0.023568749708289288,0.99598286212624754,0.086386644731677079,-0.96532741438287473,-0.00020182572653440606,-0.26104203168694817,8.8642899196141831e-05,2.846199803602478e-05
1.0450479984283447,1790954064.346338,0.00062704086303710938,0.085905105783160907,0.086515971021358926,-0.086655597361518469,0.010384709049366262,0.35152676464417792,-0.010925761117484504,0.057461999999999999,0.0052750000000000002,0.205873,-3.1408072554263957,1.3066756510905948,-3.0511496917514473,0.057438401893766797,0.0052738848231569831,0.20578756318509733,-0.25997595480748137,-0.089543830704214816,0.96145431784601865,-0.023568749708289288,0.99598286212624754,0.086386644731677079,-0.96532741438287473,-0.00020182572653440606,-0.26104203168694817,8.8642899196141831e-05,2.846199803602478e-05
1.050023078918457,1790954064.3513131,0.00059819221496582031,0.085905105783160907,0.086515971021358926,-0.086655597361518469,0.010384709049366262,0.35152676464417792,-0.010925761117484504,0.057461999999999999,0.0052750000000000002,0.205873,-3.1408072554263957,1.3066756510905948,-3.0511496917514473,0.057438401893766797,0.0052738848231569831,0.20578756318509733,-0.25997595480748137,-0.089543830704214816,0.96145431784601865,-0.023568749708289288,0.99598286212624754,0.086386644731677079,-0.96532741438287473,-0.00020182572653440606,-0.26104203168694817,8.8642899196141831e-05,2.846199803602478e-05
1.055048942565918,1790954064.356339,0.00059795379638671875,0.085905105783160907,0.086515971021358926,-0.086655597361518469,0.010384709049366262,0.35152676464417792,-0.010925761117484504,0.057461999999999999,0.0052750000000000002,0.205873,-3.1408072554263957,1.3066756510905948,-3.0511496917514473,0.057438401893766797,0.0052738848231569831,0.20578756318509733,-0.25997595480748137,-0.089543830704214816,0.96145431784601865,-0.023568749708289288,0.99598286212624754,0.086386644731677079,-0.96532741438287473,-0.00020182572653440606,-0.26104203168694817,8.8642899196141831e-05,2.846199803602478e-05
1.0600218772888184,1790954064.3613119,0.00059795379638671875,0.085905105783160907,0.086515971021358926,-0.086655597361518469,0.010384709049366262,0.35152676464417792,-0.010925761117484504,0.057461999999999999,0.0052750000000000002,0.205873,-3.1408072554263957,1.3066756510905948,-3.0511496917514473,0.057438401893766797,0.0052738848231569831,0.20578756318509733,-0.25997595480748137,-0.089543830704214816,0.96145431784601865,-0.023568749708289288,0.99598286212624754,0.086386644731677079,-0.96532741438287473,-0.00020182572653440606,-0.26104203168694817,8.8642899196141831e-05,2.846199803602478e-05
1.0650238990783691,1790954064.3663139,0.00057387351989746094,0.085905105783160907,0.086515971021358926,-0.086655597361518469,0.010384709049366262,0.35152676464417792,-0.010925761117484504,0.057461999999999999,0.0052750000000000002,0.205873,-3.1408072554263957,1.3066756510905948,-3.0511496917514473,0.057438401893766797,0.0052738848231569831,0.20578756318509733,-0.25997595480748137,-0.089543830704214816,0.96145431784601865,-0.023568749708289288,0.99598286212624754,0.086386644731677079,-0.96532741438287473,-0.00020182572653440606,-0.26104203168694817,8.8642899196141831e-05,2.846199803602478e-05
1.0700240135192871,1790954064.371314,0.00060105323791503906,0.085905105783160907,0.086515971021358926,-0.086655597361518469,0.010384709049366262,0.35152676464417792,-0.010925761117484504,0.057461999999999999,0.0052750000000000002,0.205873,-3.1408072554263957,1.3066756510905948,-3.0511496917514473,0.057438401893766797,0.0052738848231569831,0.20578756318509733,-0.25997595480748137,-0.089543830704214816,0.96145431784601865,-0.023568749708289288,0.99598286212624754,0.086386644731677079,-0.96532741438287473,-0.00020182572653440606,-0.26104203168694817,8.8642899196141831e-05,2.846199803602478e-05
1.0750229358673096,1790954064.376313,0.000598907470703125,0.085905105783160907,0.086515971021358926,-0.086655597361518469,0.010384709049366262,0.35152676464417792,-0.010925761117484504,0.057461999999999999,0.0052750000000000002,0.205873,-3.1408072554263957,1.3066756510905948,-3.0511496917514473,0.057438401893766797,0.0052738848231569831,0.20578756318509733,-0.25997595480748137,-0.089543830704214816,0.96145431784601865,-0.023568749708289288,0.99598286212624754,0.086386644731677079,-0.96532741438287473,-0.00020182572653440606,-0.26104203168694817,8.8642899196141831e-05,2.846199803602478e-05
1.0800240039825439,1790954064.381314,0.00059914588928222656,0.085905105783160907,0.086515971021358926,-0.086655597361518469,0.010384709049366262,0.35152676464417792,-0.010925761117484504,0.057461999999999999,0.0052750000000000002,0.205873,-3.1408072554263957,1.3066756510905948,-3.0511496917514473,0.057438401893766797,0.0052738848231569831,0.20578756318509733,-0.25997595480748137,-0.089543830704214816,0.96145431784601865,-0.023568749708289288,0.99598286212624754,0.086386644731677079,-0.96532741438287473,-0.00020182572653440606,-0.26104203168694817,8.8642899196141831e-05,2.846199803602478e-05
1.0850229263305664,1790954064.386313,0.00056505203247070312,0.085905105783160907,0.086515971021358926,-0.086655597361518469,0.010384709049366262,0.35152676464417792,-0.010925761117484504,0.057461999999999999,0.0052750000000000002,0.205873,-3.1408072554263957,1.3066756510905948,-3.0511496917514473,0.057438401893766797,0.0052738848231569831,0.20578756318509733,-0.25997595480748137,-0.089543830704214816,0.96145431784601865,-0.023568749708289288,0.99598286212624754,0.086386644731677079,-0.96532741438287473,-0.00020182572653440606,-0.26104203168694817,8.8642899196141831e-05,2.846199803602478e-05
1.0900239944458008,1790954064.391314,0.00059914588928222656,0.085905105783160907,0.086515971021358926,-0.086655597361518469,0.010384709049366262,0.35152676464417792,-0.010925761117484504,0.057461999999999999,0.0052750000000000002,0.205873,-3.1408072554263957,1.3066756510905948,-3.0511496917514473,0.057438401893766797,0.0052738848231569831,0.20578756318509733,-0.25997595480748137,-0.089543830704214816,0.96145431784601865,-0.023568749708289288,0.99598286212624754,0.086386644731677079,-0.96532741438287473,-0.00020182572653440606,-0.26104203168694817,8.8642899196141831e-05,2.846199803602478e-05
1.0950229167938232,1790954064.396313,0.00060105323791503906,0.085905105783160907,0.086515971021358926,-0.086655597361518469,0.010384709049366262,0.35152676464417792,-0.010925761117484504,0.057461999999999999,0.0052750000000000002,0.205873,-3.1408072554263957,1.3066756510905948,-3.0511496917514473,0.057438401893766797,0.0052738848231569831,0.20578756318509733,-0.25997595480748137,-0.089543830704214816,0.96145431784601865,-0.023568749708289288,0.99598286212624754,0.086386644731677079,-0.96532741438287473,-0.00020182572653440606,-0.26104203168694817,8.8642899196141831e-05,2.846199803602478e-05
1.1000230312347412,1790954064.4013131,0.00058913230895996094,0.085905105783160907,0.086515971021358926,-0.086655597361518469,0.010384709049366262,0.35152676464417792,-0.010925761117484504,0.057461999999999999,0.0052750000000000002,0.205873,-3.1408072554263957,1.3066756510905948,-3.0511496917514473,0.057438401893766797,0.0052738848231569831,0.20578756318509733,-0.25997595480748137,-0.089543830704214816,0.96145431784601865,-0.023568749708289288,0.99598286212624754,0.086386644731677079,-0.96532741438287473,-0.00020182572653440606,-0.26104203168694817,8.8642899196141831e-05,2.846199803602478e-05
1.1050238609313965,1790954064.4063139,0.00059986114501953125,0.085905105783160907,0.086515971021358926,-0.086655597361518469,0.010384709049366262,0.35152676464417792,-0.010925761117484504,0.057461999999999999,0.0052750000000000002,0.205873,-3.1408072554263957,1.3066756510905948,-3.0511496917514473,0.057438401893766797,0.0052738848231569831,0.20578756318509733,-0.25997595480748137,-0.089543830704214816,0.96145431784601865,-0.023568749708289288,0.99598286212624754,0.086386644731677079,-0.96532741438287473,-0.00020182572653440606,-0.26104203168694817,8.8642899196141831e-05,2.846199803602478e-05
1.1100249290466309,1790954064.411315,0.000598907470703125,0.085905105783160907,0.086515971021358926,-0.086655597361518469,0.010384709049366262,0.35152676464417792,-0.010925761117484504,0.057461999999999999,0.0052750000000000002,0.205873,-3.1408072554263957,1.3066756510905948,-3.0511496917514473,0.057438401893766797,0.0052738848231569831,0.20578756318509733,-0.25997595480748137,-0.089543830704214816,0.96145431784601865,-0.023568749708289288,0.99598286212624754,0.086386644731677079,-0.96532741438287473,-0.00020182572653440606,-0.26104203168694817,8.8642899196141831e-05,2.846199803602478e-05
1.115048885345459,1790954064.4163389,0.000598907470703125,0.085905105783160907,0.086515971021358926,-0.086655597361518469,0.010384709049366262,0.35152676464417792,-0.010925761117484504,0.057461999999999999,0.0052750000000000002,0.205873,-3.1408072554263957,1.3066756510905948,-3.0511496917514473,0.057438401893766797,0.0052738848231569831,0.20578756318509733,-0.25997595480748137,-0.089543830704214816,0.96145431784601865,-0.023568749708289288,0.99598286212624754,0.086386644731677079,-0.96532741438287473,-0.00020182572653440606,-0.26104203168694817,8.8642899196141831e-05,2.846199803602478e-05
1.1200249195098877,1790954064.421315,0.000598907470703125,0.085905105783160907,0.086515971021358926,-0.086655597361518469,0.010384709049366262,0.35152676464417792,-0.010925761117484504,0.057461999999999999,0.0052750000000000002,0.205873,-3.1408072554263957,1.3066756510905948,-3.0511496917514473,0.057438401893766797,0.0052738848231569831,0.20578756318509733,-0.25997595480748137,-0.089543830704214816,0.96145431784601865,-0.023568749708289288,0.99598286212624754,0.086386644731677079,-0.96532741438287473,-0.00020182572653440606,-0.26104203168694817,8.8642899196141831e-05,2.846199803602478e-05
1.125046968460083,1790954064.426337,0.00062489509582519531,0.085905105783160907,0.086515971021358926,-0.086655597361518469,0.010384709049366262,0.35152676464417792,-0.010925761117484504,0.057461999999999999,0.0052750000000000002,0.205873,-3.1408072554263957,1.3066756510905948,-3.0511496917514473,0.057438401893766797,0.0052738848231569831,0.20578756318509733,-0.25997595480748137,-0.089543830704214816,0.96145431784601865,-0.023568749708289288,0.99598286212624754,0.086386644731677079,-0.96532741438287473,-0.00020182572653440606,-0.26104203168694817,8.8642899196141831e-05,2.846199803602478e-05
1.1300208568572998,1790954064.4313109,0.000598907470703125,0.085905105783160907,0.086515971021358926,-0.086655597361518469,0.010384709049366262,0.35152676464417792,-0.010925761117484504,0.057461999999999999,0.0052750000000000002,0.205873,-3.1408072554263957,1.3066756510905948,-3.0511496917514473,0.057438401893766797,0.0052738848231569831,0.20578756318509733,-0.25997595480748137,-0.089543830704214816,0.96145431784601865,-0.023568749708289288,0.99598286212624754,0.086386644731677079,-0.96532741438287473,-0.00020182572653440606,-0.26104203168694817,8.8642899196141831e-05,2.846199803602478e-05
1.1350479125976562,1790954064.4363379,0.00062584877014160156,0.085905105783160907,0.086515971021358926,-0.086655597361518469,0.010384709049366262,0.35152676464417792,-0.010925761117484504,0.057461999999999999,0.0052750000000000002,0.205873,-3.1408072554263957,1.3066756510905948,-3.0511496917514473,0.057438401893766797,0.0052738848231569831,0.20578756318509733,-0.25997595480748137,-0.089543830704214816,0.96145431784601865,-0.023568749708289288,0.99598286212624754,0.086386644731677079,-0.96532741438287473,-0.00020182572653440606,-0.26104203168694817,8.8642899196141831e-05,2.846199803602478e-05
1.1400220394134521,1790954064.4413121,0.00059604644775390625,0.085905105783160907,0.086515971021358926,-0.086655597361518469,0.010384709049366262,0.35152676464417792,-0.010925761117484504,0.057461999999999999,0.0052750000000000002,0.205873,-3.1408072554263957,1.3066756510905948,-3.0511496917514473,0.057438401893766797,0.0052738848231569831,0.20578756318509733,-0.25997595480748137,-0.089543830704214816,0.96145431784601865,-0.023568749708289288,0.99598286212624754,0.086386644731677079,-0.96532741438287473,-0.00020182572653440606,-0.26104203168694817,8.8642899196141831e-05,2.846199803602478e-05
1.1450459957122803,1790954064.446336,0.00062298774719238281,0.085905105783160907,0.086515971021358926,-0.086655597361518469,0.010384709049366262,0.35152676464417792,-0.010925761117484504,0.057461999999999999,0.0052750000000000002,0.205873,-3.1408072554263957,1.3066756510905948,-3.0511496917514473,0.057438401893766797,0.0052738848231569831,0.20578756318509733,-0.25997595480748137,-0.089543830704214816,0.96145431784601865,-0.023568749708289288,0.99598286212624754,0.086386644731677079,-0.96532741438287473,-0.00020182572653440606,-0.26104203168694817,8.8642899196141831e-05,2.846199803602478e-05
1.1500229835510254,1790954064.451313,0.0005970001220703125,0.085905105783160907,0.086515971021358926,-0.086655597361518469,0.010384709049366262,0.35152676464417792,-0.010925761117484504,0.057461999999999999,0.0052750000000000002,0.205873,-3.1408072554263957,1.3066756510905948,-3.0511496917514473,0.057438401893766797,0.0052738848231569831,0.20578756318509733,-0.25997595480748137,-0.089543830704214816,0.96145431784601865,-0.023568749708289288,0.99598286212624754,0.086386644731677079,-0.96532741438287473,-0.00020182572653440606,-0.26104203168694817,8.8642899196141831e-05,2.846199803602478e-05
1.1550519466400146,1790954064.456342,0.00060391426086425781,0.085905105783160907,0.086515971021358926,-0.086655597361518469,0.010384709049366262,0.35152676464417792,-0.010925761117484504,0.057461999999999999,0.0052750000000000002,0.205873,-3.1408072554263957,1.3066756510905948,-3.0511496917514473,0.057438401893766797,0.0052738848231569831,0.20578756318509733,-0.25997595480748137,-0.089543830704214816,0.96145431784601865,-0.023568749708289288,0.99598286212624754,0.086386644731677079,-0.96532741438287473,-0.00020182572653440606,-0.26104203168694817,8.8642899196141831e-05,2.846199803602478e-05
1.160027027130127,1790954064.4613171,0.00058317184448242188,0.085905105783160907,0.086515971021358926,-0.086655597361518469,0.010384709049366262,0.35152676464417792,-0.010925761117484504,0.057461999999999999,0.0052750000000000002,0.205873,-3.1408072554263957,1.3066756510905948,-3.0511496917514473,0.057438401893766797,0.0052738848231569831,0.20578756318509733,-0.25997595480748137,-0.089543830704214816,0.96145431784601865,-0.023568749708289288,0.99598286212624754,0.086386644731677079,-0.96532741438287473,-0.00020182572653440606,-0.26104203168694817,8.8642899196141831e-05,2.846199803602478e-05
1.165024995803833,1790954064.466315,0.0005741119384765625,0.085905105783160907,0.086515971021358926,-0.086655597361518469,0.010384709049366262,0.35152676464417792,-0.010925761117484504,0.057461999999999999,0.0052750000000000002,0.205873,-3.1408072554263957,1.3066756510905948,-3.0511496917514473,0.057438401893766797,0.0052738848231569831,0.20578756318509733,-0.25997595480748137,-0.089543830704214816,0.96145431784601865,-0.023568749708289288,0.99598286212624754,0.086386644731677079,-0.96532741438287473,-0.00020182572653440606,-0.26104203168694817,8.8642899196141831e-05,2.846199803602478e-05
1.1700239181518555,1790954064.471314,0.00059390068054199219,0.085905105783160907,0.086515971021358926,-0.086655597361518469,0.010384709049366262,0.35152676464417792,-0.010925761117484504,0.057461999999999999,0.0052750000000000002,0.205873,-3.1408072554263957,1.3066756510905948,-3.0511496917514473,0.057438401893766797,0.0052738848231569831,0.20578756318509733,-0.25997595480748137,-0.089543830704214816,0.96145431784601865,-0.023568749708289288,0.99598286212624754,0.086386644731677079,-0.96532741438287473,-0.00020182572653440606,-0.26104203168694817,8.8642899196141831e-05,2.846199803602478e-05
1.1750509738922119,1790954064.476341,0.00062799453735351562,0.085905105783160907,0.086515971021358926,-0.086655597361518469,0.010384709049366262,0.35152676464417792,-0.010925761117484504,0.057461999999999999,0.0052750000000000002,0.205873,-3.1408072554263957,1.3066756510905948,-3.0511496917514473,0.057438401893766797,0.0052738848231569831,0.20578756318509733,-0.25997595480748137,-0.089543830704214816,0.96145431784601865,-0.023568749708289288,0.99598286212624754,0.086386644731677079,-0.96532741438287473,-0.00020182572653440606,-0.26104203168694817,8.8642899196141831e-05,2.846199803602478e-05
1.1800229549407959,1790954064.481313,0.00060105323791503906,0.085905105783160907,0.086515971021358926,-0.086655597361518469,0.010384709049366262,0.35152676464417792,-0.010925761117484504,0.057461999999999999,0.0052750000000000002,0.205873,-3.1408072554263957,1.3066756510905948,-3.0511496917514473,0.057438401893766797,0.0052738848231569831,0.20578756318509733,-0.25997595480748137,-0.089543830704214816,0.96145431784601865,-0.023568749708289288,0.99598286212624754,0.086386644731677079,-0.96532741438287473,-0.00020182572653440606,-0.26104203168694817,8.8642899196141831e-05,2.846199803602478e-05
1.1850240230560303,1790954064.4863141,0.00057697296142578125,0.085905105783160907,0.086515971021358926,-0.086655597361518469,0.010384709049366262,0.35152676464417792,-0.010925761117484504,0.057461999999999999,0.0052750000000000002,0.205873,-3.1408072554263957,1.3066756510905948,-3.0511496917514473,0.057438401893766797,0.0052738848231569831,0.20578756318509733,-0.25997595480748137,-0.089543830704214816,0.96145431784601865,-0.023568749708289288,0.99598286212624754,0.086386644731677079,-0.96532741438287473,-0.00020182572653440606,-0.26104203168694817,8.8642899196141831e-05,2.846199803602478e-05
1.1900219917297363,1790954064.491312,0.00060009956359863281,0.085905105783160907,0.086515971021358926,-0.086655597361518469,0.010384709049366262,0.35152676464417792,-0.010925761117484504,0.057461999999999999,0.0052750000000000002,0.205873,-3.1408072554263957,1.3066756510905948,-3.0511496917514473,0.057438401893766797,0.0052738848231569831,0.20578756318509733,-0.25997595480748137,-0.089543830704214816,0.96145431784601865,-0.023568749708289288,0.99598286212624754,0.086386644731677079,-0.96532741438287473,-0.00020182572653440606,-0.26104203168694817,8.8642899196141831e-05,2.846199803602478e-05
1.1950459480285645,1790954064.496336,0.000598907470703125,0.085905105783160907,0.086515971021358926,-0.086655597361518469,0.010384709049366262,0.35152676464417792,-0.010925761117484504,0.057461999999999999,0.0052750000000000002,0.205873,-3.1408072554263957,1.3066756510905948,-3.0511496917514473,0.057438401893766797,0.0052738848231569831,0.20578756318509733,-0.25997595480748137,-0.089543830704214816,0.96145431784601865,-0.023568749708289288,0.99598286212624754,0.086386644731677079,-0.96532741438287473,-0.00020182572653440606,-0.26104203168694817,8.8642899196141831e-05,2.846199803602478e-05
1.2000250816345215,1790954064.5013151,0.00059914588928222656,0.085905105783160907,0.086515971021358926,-0.086655597361518469,0.010384709049366262,0.35152676464417792,-0.010925761117484504,0.057461999999999999,0.0052750000000000002,0.205873,-3.1408072554263957,1.3066756510905948,-3.0511496917514473,0.057438401893766797,0.0052738848231569831,0.20578756318509733,-0.25997595480748137,-0.089543830704214816,0.96145431784601865,-0.023568749708289288,0.99598286212624754,0.086386644731677079,-0.96532741438287473,-0.00020182572653440606,-0.26104203168694817,8.8642899196141831e-05,2.846199803602478e-05
1.2050259113311768,1790954064.5063159,0.00060296058654785156,0.085905105783160907,0.086515971021358926,-0.086655597361518469,0.010384709049366262,0.35152676464417792,-0.010925761117484504,0.057461999999999999,0.0052750000000000002,0.205873,-3.1408072554263957,1.3066756510905948,-3.0511496917514473,0.057438401893766797,0.0052738848231569831,0.20578756318509733,-0.25997595480748137,-0.089543830704214816,0.96145431784601865,-0.023568749708289288,0.99598286212624754,0.086386644731677079,-0.96532741438287473,-0.00020182572653440606,-0.26104203168694817,8.8642899196141831e-05,2.846199803602478e-05
1.21002197265625,1790954064.511312,0.0005970001220703125,0.085905105783160907,0.086515971021358926,-0.086655597361518469,0.010384709049366262,0.35152676464417792,-0.010925761117484504,0.057461999999999999,0.0052750000000000002,0.205873,-3.1408072554263957,1.3066756510905948,-3.0511496917514473,0.057438401893766797,0.0052738848231569831,0.20578756318509733,-0.25997595480748137,-0.089543830704214816,0.96145431784601865,-0.023568749708289288,0.99598286212624754,0.086386644731677079,-0.96532741438287473,-0.00020182572653440606,-0.26104203168694817,8.8642899196141831e-05,2.846199803602478e-05
1.21502685546875,1790954064.5163169,0.00057578086853027344,0.085905105783160907,0.086515971021358926,-0.086655597361518469,0.010384709049366262,0.35152676464417792,-0.010925761117484504,0.057461999999999999,0.0052750000000000002,0.205873,-3.1408072554263957,1.3066756510905948,-3.0511496917514473,0.057438401893766797,0.0052738848231569831,0.20578756318509733,-0.25997595480748137,-0.089543830704214816,0.96145431784601865,-0.023568749708289288,0.99598286212624754,0.086386644731677079,-0.96532741438287473,-0.00020182572653440606,-0.26104203168694817,8.8642899196141831e-05,2.846199803602478e-05
1.2200279235839844,1790954064.521318,0.00060105323791503906,0.085905105783160907,0.086515971021358926,-0.086655597361518469,0.010384709049366262,0.35152676464417792,-0.010925761117484504,0.057461999999999999,0.0052750000000000002,0.205873,-3.1408072554263957,1.3066756510905948,-3.0511496917514473,0.057438401893766797,0.0052738848231569831,0.20578756318509733,-0.25997595480748137,-0.089543830704214816,0.96145431784601865,-0.023568749708289288,0.99598286212624754,0.086386644731677079,-0.96532741438287473,-0.00020182572653440606,-0.26104203168694817,8.8642899196141831e-05,2.846199803602478e-05
1.2250490188598633,1790954064.5263391,0.00061202049255371094,0.085905105783160907,0.086515971021358926,-0.086655597361518469,0.010384709049366262,0.35152676464417792,-0.010925761117484504,0.057461999999999999,0.0052750000000000002,0.205873,-3.1408072554263957,1.3066756510905948,-3.0511496917514473,0.057438401893766797,0.0052738848231569831,0.20578756318509733,-0.25997595480748137,-0.089543830704214816,0.96145431784601865,-0.023568749708289288,0.99598286212624754,0.086386644731677079,-0.96532741438287473,-0.00020182572653440606,-0.26104203168694817,8.8642899196141831e-05,2.846199803602478e-05
1.230025053024292,1790954064.5313151,0.00059914588928222656,0.085905105783160907,0.086515971021358926,-0.086655597361518469,0.010384709049366262,0.35152676464417792,-0.010925761117484504,0.057461999999999999,0.0052750000000000002,0.205873,-3.1408072554263957,1.3066756510905948,-3.0511496917514473,0.057438401893766797,0.0052738848231569831,0.20578756318509733,-0.25997595480748137,-0.089543830704214816,0.96145431784601865,-0.023568749708289288,0.99598286212624754,0.086386644731677079,-0.96532741438287473,-0.00020182572653440606,-0.26104203168694817,8.8642899196141831e-05,2.846199803602478e-05
1.2350518703460693,1790954064.5363419,0.00062894821166992188,0.085905105783160907,0.086515971021358926,-0.086655597361518469,0.010384709049366262,0.35152676464417792,-0.010925761117484504,0.057461999999999999,0.0052750000000000002,0.205873,-3.1408072554263957,1.3066756510905948,-3.0511496917514473,0.057438401893766797,0.0052738848231569831,0.20578756318509733,-0.25997595480748137,-0.089543830704214816,0.96145431784601865,-0.023568749708289288,0.99598286212624754,0.086386644731677079,-0.96532741438287473,-0.00020182572653440606,-0.26104203168694817,8.8642899196141831e-05,2.846199803602478e-05
1.2400250434875488,1790954064.5413151,0.00059604644775390625,0.085905105783160907,0.086515971021358926,-0.086655597361518469,0.010384709049366262,0.35152676464417792,-0.010925761117484504,0.057461999999999999,0.0052750000000000002,0.205873,-3.1408072554263957,1.3066756510905948,-3.0511496917514473,0.057438401893766797,0.0052738848231569831,0.20578756318509733,-0.25997595480748137,-0.089543830704214816,0.96145431784601865,-0.023568749708289288,0.99598286212624754,0.086386644731677079,-0.96532741438287473,-0.00020182572653440606,-0.26104203168694817,8.8642899196141831e-05,2.846199803602478e-05
1.2450249195098877,1790954064.546315,0.00057387351989746094,0.085905105783160907,0.086515971021358926,-0.086655597361518469,0.010384709049366262,0.35152676464417792,-0.010925761117484504,0.057461999999999999,0.0052750000000000002,0.205873,-3.1408072554263957,1.3066756510905948,-3.0511496917514473,0.057438401893766797,0.0052738848231569831,0.20578756318509733,-0.25997595480748137,-0.089543830704214816,0.96145431784601865,-0.023568749708289288,0.99598286212624754,0.086386644731677079,-0.96532741438287473,-0.00020182572653440606,-0.26104203168694817,8.8642899196141831e-05,2.846199803602478e-05
1.2500240802764893,1790954064.5513141,0.00059604644775390625,0.085905105783160907,0.086515971021358926,-0.086655597361518469,0.010384709049366262,0.35152676464417792,-0.010925761117484504,0.057461999999999999,0.0052750000000000002,0.205873,-3.1408072554263957,1.3066756510905948,-3.0511496917514473,0.057438401893766797,0.0052738848231569831,0.20578756318509733,-0.25997595480748137,-0.089543830704214816,0.96145431784601865,-0.023568749708289288,0.99598286212624754,0.086386644731677079,-0.96532741438287473,-0.00020182572653440606,-0.26104203168694817,8.8642899196141831e-05,2.846199803602478e-05
1.2550230026245117,1790954064.556313,0.0005970001220703125,0.085905105783160907,0.086515971021358926,-0.086655597361518469,0.010384709049366262,0.35152676464417792,-0.010925761117484504,0.057461999999999999,0.0052750000000000002,0.205873,-3.1408072554263957,1.3066756510905948,-3.0511496917514473,0.057438401893766797,0.0052738848231569831,0.20578756318509733,-0.25997595480748137,-0.089543830704214816,0.96145431784601865,-0.023568749708289288,0.99598286212624754,0.086386644731677079,-0.96532741438287473,-0.00020182572653440606,-0.26104203168694817,8.8642899196141831e-05,2.846199803602478e-05
1.2600240707397461,1790954064.5613141,0.00059914588928222656,0.085905105783160907,0.086515971021358926,-0.086655597361518469,0.010384709049366262,0.35152676464417792,-0.010925761117484504,0.057461999999999999,0.0052750000000000002,0.205873,-3.1408072554263957,1.3066756510905948,-3.0511496917514473,0.057438401893766797,0.0052738848231569831,0.20578756318509733,-0.25997595480748137,-0.089543830704214816,0.96145431784601865,-0.023568749708289288,0.99598286212624754,0.086386644731677079,-0.96532741438287473,-0.00020182572653440606,-0.26104203168694817,8.8642899196141831e-05,2.846199803602478e-05
1.2650489807128906,1790954064.566339,0.00062513351440429688,0.085905105783160907,0.086515971021358926,-0.086655597361518469,0.010384709049366262,0.35152676464417792,-0.010925761117484504,0.057461999999999999,0.0052750000000000002,0.205873,-3.1408072554263957,1.3066756510905948,-3.0511496917514473,0.057438401893766797,0.0052738848231569831,0.20578756318509733,-0.25997595480748137,-0.089543830704214816,0.96145431784601865,-0.023568749708289288,0.99598286212624754,0.086386644731677079,-0.96532741438287473,-0.00020182572653440606,-0.26104203168694817,8.8642899196141831e-05,2.846199803602478e-05
1.2700228691101074,1790954064.5713129,0.000598907470703125,0.085905105783160907,0.086515971021358926,-0.086655597361518469,0.010384709049366262,0.35152676464417792,-0.010925761117484504,0.057461999999999999,0.0052750000000000002,0.205873,-3.1408072554263957,1.3066756510905948,-3.0511496917514473,0.057438401893766797,0.0052738848231569831,0.20578756318509733,-0.25997595480748137,-0.089543830704214816,0.96145431784601865,-0.023568749708289288,0.99598286212624754,0.086386644731677079,-0.96532741438287473,-0.00020182572653440606,-0.26104203168694817,8.8642899196141831e-05,2.846199803602478e-05
1.2750239372253418,1790954064.576314,0.000576019287109375,0.085905105783160907,0.086515971021358926,-0.086655597361518469,0.010384709049366262,0.35152676464417792,-0.010925761117484504,0.057461999999999999,0.0052750000000000002,0.205873,-3.1408072554263957,1.3066756510905948,-3.0511496917514473,0.057438401893766797,0.0052738848231569831,0.20578756318509733,-0.25997595480748137,-0.089543830704214816,0.96145431784601865,-0.023568749708289288,0.99598286212624754,0.086386644731677079,-0.96532741438287473,-0.00020182572653440606,-0.26104203168694817,8.8642899196141831e-05,2.846199803602478e-05
1.2800228595733643,1790954064.5813129,0.00059795379638671875,0.085905105783160907,0.086515971021358926,-0.086655597361518469,0.010384709049366262,0.35152676464417792,-0.010925761117484504,0.057461999999999999,0.0052750000000000002,0.205873,-3.1408072554263957,1.3066756510905948,-3.0511496917514473,0.057438401893766797,0.0052738848231569831,0.20578756318509733,-0.25997595480748137,-0.089543830704214816,0.96145431784601865,-0.023568749708289288,0.99598286212624754,0.086386644731677079,-0.96532741438287473,-0.00020182572653440606,-0.26104203168694817,8.8642899196141831e-05,2.846199803602478e-05
1.2850480079650879,1790954064.586338,0.00059294700622558594,0.085905105783160907,0.086515971021358926,-0.086655597361518469,0.010384709049366262,0.35152676464417792,-0.010925761117484504,0.057461999999999999,0.0052750000000000002,0.205873,-3.1408072554263957,1.3066756510905948,-3.0511496917514473,0.057438401893766797,0.0052738848231569831,0.20578756318509733,-0.25997595480748137,-0.089543830704214816,0.96145431784601865,-0.023568749708289288,0.99598286212624754,0.086386644731677079,-0.96532741438287473,-0.00020182572653440606,-0.26104203168694817,8.8642899196141831e-05,2.846199803602478e-05
1.2900218963623047,1790954064.5913119,0.0005970001220703125,0.085905105783160907,0.086515971021358926,-0.086655597361518469,0.010384709049366262,0.35152676464417792,-0.010925761117484504,0.057461999999999999,0.0052750000000000002,0.205873,-3.1408072554263957,1.3066756510905948,-3.0511496917514473,0.057438401893766797,0.0052738848231569831,0.20578756318509733,-0.25997595480748137,-0.089543830704214816,0.96145431784601865,-0.023568749708289288,0.99598286212624754,0.086386644731677079,-0.96532741438287473,-0.00020182572653440606,-0.26104203168694817,8.8642899196141831e-05,2.846199803602478e-05
1.2950479984283447,1790954064.596338,0.00059914588928222656,0.085905105783160907,0.086515971021358926,-0.086655597361518469,0.010384709049366262,0.35152676464417792,-0.010925761117484504,0.057461999999999999,0.0052750000000000002,0.205873,-3.1408072554263957,1.3066756510905948,-3.0511496917514473,0.057438401893766797,0.0052738848231569831,0.20578756318509733,-0.25997595480748137,-0.089543830704214816,0.96145431784601865,-0.023568749708289288,0.99598286212624754,0.086386644731677079,-0.96532741438287473,-0.00020182572653440606,-0.26104203168694817,8.8642899196141831e-05,2.846199803602478e-05
1.3000290393829346,1790954064.6013191,0.00060009956359863281,0.085905105783160907,0.086515971021358926,-0.086655597361518469,0.010384709049366262,0.35152676464417792,-0.010925761117484504,0.057461999999999999,0.0052750000000000002,0.205873,-3.1408072554263957,1.3066756510905948,-3.0511496917514473,0.057438401893766797,0.0052738848231569831,0.20578756318509733,-0.25997595480748137,-0.089543830704214816,0.96145431784601865,-0.023568749708289288,0.99598286212624754,0.086386644731677079,-0.96532741438287473,-0.00020182572653440606,-0.26104203168694817,8.8642899196141831e-05,2.846199803602478e-05
1.3050479888916016,1790954064.606338,0.00062608718872070312,0.085905105783160907,0.086515971021358926,-0.086655597361518469,0.010384709049366262,0.35152676464417792,-0.010925761117484504,0.057461999999999999,0.0052750000000000002,0.205873,-3.1408072554263957,1.3066756510905948,-3.0511496917514473,0.057438401893766797,0.0052738848231569831,0.20578756318509733,-0.25997595480748137,-0.089543830704214816,0.96145431784601865,-0.023568749708289288,0.99598286212624754,0.086386644731677079,-0.96532741438287473,-0.00020182572653440606,-0.26104203168694817,8.8642899196141831e-05,2.846199803602478e-05
1.3100240230560303,1790954064.6113141,0.00059795379638671875,0.085905105783160907,0.086515971021358926,-0.086655597361518469,0.010384709049366262,0.35152676464417792,-0.010925761117484504,0.057461999999999999,0.0052750000000000002,0.205873,-3.1408072554263957,1.3066756510905948,-3.0511496917514473,0.057438401893766797,0.0052738848231569831,0.20578756318509733,-0.25997595480748137,-0.089543830704214816,0.96145431784601865,-0.023568749708289288,0.99598286212624754,0.086386644731677079,-0.96532741438287473,-0.00020182572653440606,-0.26104203168694817,8.8642899196141831e-05,2.846199803602478e-05
1.3150479793548584,1790954064.616338,0.00059390068054199219,0.085905105783160907,0.086515971021358926,-0.086655597361518469,0.010384709049366262,0.35152676464417792,-0.010925761117484504,0.057461999999999999,0.0052750000000000002,0.205873,-3.1408072554263957,1.3066756510905948,-3.0511496917514473,0.057438401893766797,0.0052738848231569831,0.20578756318509733,-0.25997595480748137,-0.089543830704214816,0.96145431784601865,-0.023568749708289288,0.99598286212624754,0.086386644731677079,-0.96532741438287473,-0.00020182572653440606,-0.26104203168694817,8.8642899196141831e-05,2.846199803602478e-05
1.3200240135192871,1790954064.621314,0.00060200691223144531,0.085905105783160907,0.086515971021358926,-0.086655597361518469,0.010384709049366262,0.35152676464417792,-0.010925761117484504,0.057461999999999999,0.0052750000000000002,0.205873,-3.1408072554263957,1.3066756510905948,-3.0511496917514473,0.057438401893766797,0.0052738848231569831,0.20578756318509733,-0.25997595480748137,-0.089543830704214816,0.96145431784601865,-0.023568749708289288,0.99598286212624754,0.086386644731677079,-0.96532741438287473,-0.00020182572653440606,-0.26104203168694817,8.8642899196141831e-05,2.846199803602478e-05
1.3250250816345215,1790954064.6263151,0.00057816505432128906,0.085905105783160907,0.086515971021358926,-0.086655597361518469,0.010384709049366262,0.35152676464417792,-0.010925761117484504,0.057461999999999999,0.0052750000000000002,0.205873,-3.1408072554263957,1.3066756510905948,-3.0511496917514473,0.057438401893766797,0.0052738848231569831,0.20578756318509733,-0.25997595480748137,-0.089543830704214816,0.96145431784601865,-0.023568749708289288,0.99598286212624754,0.086386644731677079,-0.96532741438287473,-0.00020182572653440606,-0.26104203168694817,8.8642899196141831e-05,2.846199803602478e-05
1.3300259113311768,1790954064.6313159,0.00060200691223144531,0.085905105783160907,0.086515971021358926,-0.086655597361518469,0.010384709049366262,0.35152676464417792,-0.010925761117484504,0.057461999999999999,0.0052750000000000002,0.205873,-3.1408072554263957,1.3066756510905948,-3.0511496917514473,0.057438401893766797,0.0052738848231569831,0.20578756318509733,-0.25997595480748137,-0.089543830704214816,0.96145431784601865,-0.023568749708289288,0.99598286212624754,0.086386644731677079,-0.96532741438287473,-0.00020182572653440606,-0.26104203168694817,8.8642899196141831e-05,2.846199803602478e-05
1.3350498676300049,1790954064.6363399,0.00060200691223144531,0.085905105783160907,0.086515971021358926,-0.086655597361518469,0.010384709049366262,0.35152676464417792,-0.010925761117484504,0.057461999999999999,0.0052750000000000002,0.205873,-3.1408072554263957,1.3066756510905948,-3.0511496917514473,0.057438401893766797,0.0052738848231569831,0.20578756318509733,-0.25997595480748137,-0.089543830704214816,0.96145431784601865,-0.023568749708289288,0.99598286212624754,0.086386644731677079,-0.96532741438287473,-0.00020182572653440606,-0.26104203168694817,8.8642899196141831e-05,2.846199803602478e-05
1.3400230407714844,1790954064.6413131,0.0005950927734375,0.085905105783160907,0.086515971021358926,-0.086655597361518469,0.010384709049366262,0.35152676464417792,-0.010925761117484504,0.057461999999999999,0.0052750000000000002,0.205873,-3.1408072554263957,1.3066756510905948,-3.0511496917514473,0.057438401893766797,0.0052738848231569831,0.20578756318509733,-0.25997595480748137,-0.089543830704214816,0.96145431784601865,-0.023568749708289288,0.99598286212624754,0.086386644731677079,-0.96532741438287473,-0.00020182572653440606,-0.26104203168694817,8.8642899196141831e-05,2.846199803602478e-05
1.3450250625610352,1790954064.6463151,0.00057816505432128906,0.085905105783160907,0.086515971021358926,-0.086655597361518469,0.010384709049366262,0.35152676464417792,-0.010925761117484504,0.057461999999999999,0.0052750000000000002,0.205873,-3.1408072554263957,1.3066756510905948,-3.0511496917514473,0.057438401893766797,0.0052738848231569831,0.20578756318509733,-0.25997595480748137,-0.089543830704214816,0.96145431784601865,-0.023568749708289288,0.99598286212624754,0.086386644731677079,-0.96532741438287473,-0.00020182572653440606,-0.26104203168694817,8.8642899196141831e-05,2.846199803602478e-05
1.3500258922576904,1790954064.6513159,0.00060200691223144531,0.085905105783160907,0.086515971021358926,-0.086655597361518469,0.010384709049366262,0.35152676464417792,-0.010925761117484504,0.057461999999999999,0.0052750000000000002,0.205873,-3.1408072554263957,1.3066756510905948,-3.0511496917514473,0.057438401893766797,0.0052738848231569831,0.20578756318509733,-0.25997595480748137,-0.089543830704214816,0.96145431784601865,-0.023568749708289288,0.99598286212624754,0.086386644731677079,-0.96532741438287473,-0.00020182572653440606,-0.26104203168694817,8.8642899196141831e-05,2.846199803602478e-05
1.3550269603729248,1790954064.656317,0.00057291984558105469,0.085905105783160907,0.086515971021358926,-0.086655597361518469,0.010384709049366262,0.35152676464417792,-0.010925761117484504,0.057461999999999999,0.0052750000000000002,0.205873,-3.1408072554263957,1.3066756510905948,-3.0511496917514473,0.057438401893766797,0.0052738848231569831,0.20578756318509733,-0.25997595480748137,-0.089543830704214816,0.96145431784601865,-0.023568749708289288,0.99598286212624754,0.086386644731677079,-0.96532741438287473,-0.00020182572653440606,-0.26104203168694817,8.8642899196141831e-05,2.846199803602478e-05
1.360023021697998,1790954064.6613131,0.00060009956359863281,0.085905105783160907,0.086515971021358926,-0.086655597361518469,0.010384709049366262,0.35152676464417792,-0.010925761117484504,0.057461999999999999,0.0052750000000000002,0.205873,-3.1408072554263957,1.3066756510905948,-3.0511496917514473,0.057438401893766797,0.0052738848231569831,0.20578756318509733,-0.25997595480748137,-0.089543830704214816,0.96145431784601865,-0.023568749708289288,0.99598286212624754,0.086386644731677079,-0.96532741438287473,-0.00020182572653440606,-0.26104203168694817,8.8642899196141831e-05,2.846199803602478e-05
1.3650500774383545,1790954064.6663401,0.00060009956359863281,0.085905105783160907,0.086515971021358926,-0.086655597361518469,0.010384709049366262,0.35152676464417792,-0.010925761117484504,0.057461999999999999,0.0052750000000000002,0.205873,-3.1408072554263957,1.3066756510905948,-3.0511496917514473,0.057438401893766797,0.0052738848231569831,0.20578756318509733,-0.25997595480748137,-0.089543830704214816,0.96145431784601865,-0.023568749708289288,0.99598286212624754,0.086386644731677079,-0.96532741438287473,-0.00020182572653440606,-0.26104203168694817,8.8642899196141831e-05,2.846199803602478e-05
1.3700249195098877,1790954064.671315,0.00060200691223144531,0.085905105783160907,0.086515971021358926,-0.086655597361518469,0.010384709049366262,0.35152676464417792,-0.010925761117484504,0.057461999999999999,0.0052750000000000002,0.205873,-3.1408072554263957,1.3066756510905948,-3.0511496917514473,0.057438401893766797,0.0052738848231569831,0.20578756318509733,-0.25997595480748137,-0.089543830704214816,0.96145431784601865,-0.023568749708289288,0.99598286212624754,0.086386644731677079,-0.96532741438287473,-0.00020182572653440606,-0.26104203168694817,8.8642899196141831e-05,2.846199803602478e-05
1.3750250339508057,1790954064.6763151,0.00060200691223144531,0.085905105783160907,0.086515971021358926,-0.086655597361518469,0.010384709049366262,0.35152676464417792,-0.010925761117484504,0.057461999999999999,0.0052750000000000002,0.205873,-3.1408072554263957,1.3066756510905948,-3.0511496917514473,0.057438401893766797,0.0052738848231569831,0.20578756318509733,-0.25997595480748137,-0.089543830704214816,0.96145431784601865,-0.023568749708289288,0.99598286212624754,0.086386644731677079,-0.96532741438287473,-0.00020182572653440606,-0.26104203168694817,8.8642899196141831e-05,2.846199803602478e-05
1.3800258636474609,1790954064.6813159,0.00060391426086425781,0.085905105783160907,0.086515971021358926,-0.086655597361518469,0.010384709049366262,0.35152676464417792,-0.010925761117484504,0.057461999999999999,0.0052750000000000002,0.205873,-3.1408072554263957,1.3066756510905948,-3.0511496917514473,0.057438401893766797,0.0052738848231569831,0.20578756318509733,-0.25997595480748137,-0.089543830704214816,0.96145431784601865,-0.023568749708289288,0.99598286212624754,0.086386644731677079,-0.96532741438287473,-0.00020182572653440606,-0.26104203168694817,8.8642899196141831e-05,2.846199803602478e-05
1.3850500583648682,1790954064.6863401,0.00060200691223144531,0.085905105783160907,0.086515971021358926,-0.086655597361518469,0.010384709049366262,0.35152676464417792,-0.010925761117484504,0.057461999999999999,0.0052750000000000002,0.205873,-3.1408072554263957,1.3066756510905948,-3.0511496917514473,0.057438401893766797,0.0052738848231569831,0.20578756318509733,-0.25997595480748137,-0.089543830704214816,0.96145431784601865,-0.023568749708289288,0.99598286212624754,0.086386644731677079,-0.96532741438287473,-0.00020182572653440606,-0.26104203168694817,8.8642899196141831e-05,2.846199803602478e-05
1.3900258541107178,1790954064.6913159,0.00060296058654785156,0.085905105783160907,0.086515971021358926,-0.086655597361518469,0.010384709049366262,0.35152676464417792,-0.010925761117484504,0.057461999999999999,0.0052750000000000002,0.205873,-3.1408072554263957,1.3066756510905948,-3.0511496917514473,0.057438401893766797,0.0052738848231569831,0.20578756318509733,-0.25997595480748137,-0.089543830704214816,0.96145431784601865,-0.023568749708289288,0.99598286212624754,0.086386644731677079,-0.96532741438287473,-0.00020182572653440606,-0.26104203168694817,8.8642899196141831e-05,2.846199803602478e-05
1.3950240612030029,1790954064.6963141,0.00057721138000488281,0.085905105783160907,0.086515971021358926,-0.086655597361518469,0.010384709049366262,0.35152676464417792,-0.010925761117484504,0.057461999999999999,0.0052750000000000002,0.205873,-3.1408072554263957,1.3066756510905948,-3.0511496917514473,0.057438401893766797,0.0052738848231569831,0.20578756318509733,-0.25997595480748137,-0.089543830704214816,0.96145431784601865,-0.023568749708289288,0.99598286212624754,0.086386644731677079,-0.96532741438287473,-0.00020182572653440606,-0.26104203168694817,8.8642899196141831e-05,2.846199803602478e-05
1.4000229835510254,1790954064.701313,0.000598907470703125,0.085905105783160907,0.086515971021358926,-0.086655597361518469,0.010384709049366262,0.35152676464417792,-0.010925761117484504,0.057461999999999999,0.0052750000000000002,0.205873,-3.1408072554263957,1.3066756510905948,-3.0511496917514473,0.057438401893766797,0.0052738848231569831,0.20578756318509733,-0.25997595480748137,-0.089543830704214816,0.96145431784601865,-0.023568749708289288,0.99598286212624754,0.086386644731677079,-0.96532741438287473,-0.00020182572653440606,-0.26104203168694817,8.8642899196141831e-05,2.846199803602478e-05
1.4050259590148926,1790954064.706316,0.00059795379638671875,0.085905105783160907,0.086515971021358926,-0.086655597361518469,0.010384709049366262,0.35152676464417792,-0.010925761117484504,0.057461999999999999,0.0052750000000000002,0.205873,-3.1408072554263957,1.3066756510905948,-3.0511496917514473,0.057438401893766797,0.0052738848231569831,0.20578756318509733,-0.25997595480748137,-0.089543830704214816,0.96145431784601865,-0.023568749708289288,0.99598286212624754,0.086386644731677079,-0.96532741438287473,-0.00020182572653440606,-0.26104203168694817,8.8642899196141831e-05,2.846199803602478e-05
1.4100239276885986,1790954064.711314,0.00059604644775390625,0.085905105783160907,0.086515971021358926,-0.086655597361518469,0.010384709049366262,0.35152676464417792,-0.010925761117484504,0.057461999999999999,0.0052750000000000002,0.205873,-3.1408072554263957,1.3066756510905948,-3.0511496917514473,0.057438401893766797,0.0052738848231569831,0.20578756318509733,-0.25997595480748137,-0.089543830704214816,0.96145431784601865,-0.023568749708289288,0.99598286212624754,0.086386644731677079,-0.96532741438287473,-0.00020182572653440606,-0.26104203168694817,8.8642899196141831e-05,2.846199803602478e-05
1.4150478839874268,1790954064.7163379,0.00061893463134765625,0.085905105783160907,0.086515971021358926,-0.086655597361518469,0.010384709049366262,0.35152676464417792,-0.010925761117484504,0.057461999999999999,0.0052750000000000002,0.205873,-3.1408072554263957,1.3066756510905948,-3.0511496917514473,0.057438401893766797,0.0052738848231569831,0.20578756318509733,-0.25997595480748137,-0.089543830704214816,0.96145431784601865,-0.023568749708289288,0.99598286212624754,0.086386644731677079,-0.96532741438287473,-0.00020182572653440606,-0.26104203168694817,8.8642899196141831e-05,2.846199803602478e-05
1.4200229644775391,1790954064.721313,0.00059294700622558594,0.085905105783160907,0.086515971021358926,-0.086655597361518469,0.010384709049366262,0.35152676464417792,-0.010925761117484504,0.057461999999999999,0.0052750000000000002,0.205873,-3.1408072554263957,1.3066756510905948,-3.0511496917514473,0.057438401893766797,0.0052738848231569831,0.20578756318509733,-0.25997595480748137,-0.089543830704214816,0.96145431784601865,-0.023568749708289288,0.99598286212624754,0.086386644731677079,-0.96532741438287473,-0.00020182572653440606,-0.26104203168694817,8.8642899196141831e-05,2.846199803602478e-05
1.4250249862670898,1790954064.726315,0.00057697296142578125,0.085905105783160907,0.086515971021358926,-0.086655597361518469,0.010384709049366262,0.35152676464417792,-0.010925761117484504,0.057461999999999999,0.0052750000000000002,0.205873,-3.1408072554263957,1.3066756510905948,-3.0511496917514473,0.057438401893766797,0.0052738848231569831,0.20578756318509733,-0.25997595480748137,-0.089543830704214816,0.96145431784601865,-0.023568749708289288,0.99598286212624754,0.086386644731677079,-0.96532741438287473,-0.00020182572653440606,-0.26104203168694817,8.8642899196141831e-05,2.846199803602478e-05
1.4300370216369629,1790954064.7313271,0.000614166259765625,0.085905105783160907,0.086515971021358926,-0.086655597361518469,0.010384709049366262,0.35152676464417792,-0.010925761117484504,0.057461999999999999,0.0052750000000000002,0.205873,-3.1408072554263957,1.3066756510905948,-3.0511496917514473,0.057438401893766797,0.0052738848231569831,0.20578756318509733,-0.25997595480748137,-0.089543830704214816,0.96145431784601865,-0.023568749708289288,0.99598286212624754,0.086386644731677079,-0.96532741438287473,-0.00020182572653440606,-0.26104203168694817,8.8642899196141831e-05,2.846199803602478e-05
1.4350490570068359,1790954064.7363391,0.00061511993408203125,0.085905105783160907,0.086515971021358926,-0.086655597361518469,0.010384709049366262,0.35152676464417792,-0.010925761117484504,0.057461999999999999,0.0052750000000000002,0.205873,-3.1408072554263957,1.3066756510905948,-3.0511496917514473,0.057438401893766797,0.0052738848231569831,0.20578756318509733,-0.25997595480748137,-0.089543830704214816,0.96145431784601865,-0.023568749708289288,0.99598286212624754,0.086386644731677079,-0.96532741438287473,-0.00020182572653440606,-0.26104203168694817,8.8642899196141831e-05,2.846199803602478e-05
1.4400248527526855,1790954064.7413149,0.00059485435485839844,0.085905105783160907,0.086515971021358926,-0.086655597361518469,0.010384709049366262,0.35152676464417792,-0.010925761117484504,0.057461999999999999,0.0052750000000000002,0.205873,-3.1408072554263957,1.3066756510905948,-3.0511496917514473,0.057438401893766797,0.0052738848231569831,0.20578756318509733,-0.25997595480748137,-0.089543830704214816,0.96145431784601865,-0.023568749708289288,0.99598286212624754,0.086386644731677079,-0.96532741438287473,-0.00020182572653440606,-0.26104203168694817,8.8642899196141831e-05,2.846199803602478e-05
1.4450280666351318,1790954064.7463181,0.00057315826416015625,0.085905105783160907,0.086515971021358926,-0.086655597361518469,0.010384709049366262,0.35152676464417792,-0.010925761117484504,0.057461999999999999,0.0052750000000000002,0.205873,-3.1408072554263957,1.3066756510905948,-3.0511496917514473,0.057438401893766797,0.0052738848231569831,0.20578756318509733,-0.25997595480748137,-0.089543830704214816,0.96145431784601865,-0.023568749708289288,0.99598286212624754,0.086386644731677079,-0.96532741438287473,-0.00020182572653440606,-0.26104203168694817,8.8642899196141831e-05,2.846199803602478e-05
1.4500260353088379,1790954064.7513161,0.00060009956359863281,0.085905105783160907,0.086515971021358926,-0.086655597361518469,0.010384709049366262,0.35152676464417792,-0.010925761117484504,0.057461999999999999,0.0052750000000000002,0.205873,-3.1408072554263957,1.3066756510905948,-3.0511496917514473,0.057438401893766797,0.0052738848231569831,0.20578756318509733,-0.25997595480748137,-0.089543830704214816,0.96145431784601865,-0.023568749708289288,0.99598286212624754,0.086386644731677079,-0.96532741438287473,-0.00020182572653440606,-0.26104203168694817,8.8642899196141831e-05,2.846199803602478e-05
1.4550259113311768,1790954064.7563159,0.00057196617126464844,0.085905105783160907,0.086515971021358926,-0.086655597361518469,0.010384709049366262,0.35152676464417792,-0.010925761117484504,0.057461999999999999,0.0052750000000000002,0.205873,-3.1408072554263957,1.3066756510905948,-3.0511496917514473,0.057438401893766797,0.0052738848231569831,0.20578756318509733,-0.25997595480748137,-0.089543830704214816,0.96145431784601865,-0.023568749708289288,0.99598286212624754,0.086386644731677079,-0.96532741438287473,-0.00020182572653440606,-0.26104203168694817,8.8642899196141831e-05,2.846199803602478e-05
1.4600250720977783,1790954064.7613151,0.00059914588928222656,0.085905105783160907,0.086515971021358926,-0.086655597361518469,0.010384709049366262,0.35152676464417792,-0.010925761117484504,0.057461999999999999,0.0052750000000000002,0.205873,-3.1408072554263957,1.3066756510905948,-3.0511496917514473,0.057438401893766797,0.0052738848231569831,0.20578756318509733,-0.25997595480748137,-0.089543830704214816,0.96145431784601865,-0.023568749708289288,0.99598286212624754,0.086386644731677079,-0.96532741438287473,-0.00020182572653440606,-0.26104203168694817,8.8642899196141831e-05,2.846199803602478e-05
1.4650309085845947,1790954064.7663209,0.00060391426086425781,0.085905105783160907,0.086515971021358926,-0.086655597361518469,0.010384709049366262,0.35152676464417792,-0.010925761117484504,0.057461999999999999,0.0052750000000000002,0.205873,-3.1408072554263957,1.3066756510905948,-3.0511496917514473,0.057438401893766797,0.0052738848231569831,0.20578756318509733,-0.25997595480748137,-0.089543830704214816,0.96145431784601865,-0.023568749708289288,0.99598286212624754,0.086386644731677079,-0.96532741438287473,-0.00020182572653440606,-0.26104203168694817,8.8642899196141831e-05,2.846199803602478e-05
1.4700229167938232,1790954064.771313,0.00059795379638671875,0.085905105783160907,0.086515971021358926,-0.086655597361518469,0.010384709049366262,0.35152676464417792,-0.010925761117484504,0.057461999999999999,0.0052750000000000002,0.205873,-3.1408072554263957,1.3066756510905948,-3.0511496917514473,0.057438401893766797,0.0052738848231569831,0.20578756318509733,-0.25997595480748137,-0.089543830704214816,0.96145431784601865,-0.023568749708289288,0.99598286212624754,0.086386644731677079,-0.96532741438287473,-0.00020182572653440606,-0.26104203168694817,8.8642899196141831e-05,2.846199803602478e-05
1.4750499725341797,1790954064.77634,0.00060105323791503906,0.085905105783160907,0.086515971021358926,-0.086655597361518469,0.010384709049366262,0.35152676464417792,-0.010925761117484504,0.057461999999999999,0.0052750000000000002,0.205873,-3.1408072554263957,1.3066756510905948,-3.0511496917514473,0.057438401893766797,0.0052738848231569831,0.20578756318509733,-0.25997595480748137,-0.089543830704214816,0.96145431784601865,-0.023568749708289288,0.99598286212624754,0.086386644731677079,-0.96532741438287473,-0.00020182572653440606,-0.26104203168694817,8.8642899196141831e-05,2.846199803602478e-05
1.4800229072570801,1790954064.7813129,0.00059795379638671875,0.085905105783160907,0.086515971021358926,-0.086655597361518469,0.010384709049366262,0.35152676464417792,-0.010925761117484504,0.057461999999999999,0.0052750000000000002,0.205873,-3.1408072554263957,1.3066756510905948,-3.0511496917514473,0.057438401893766797,0.0052738848231569831,0.20578756318509733,-0.25997595480748137,-0.089543830704214816,0.96145431784601865,-0.023568749708289288,0.99598286212624754,0.086386644731677079,-0.96532741438287473,-0.00020182572653440606,-0.26104203168694817,8.8642899196141831e-05,2.846199803602478e-05
1.4850468635559082,1790954064.7863369,0.00059795379638671875,0.085905105783160907,0.086515971021358926,-0.086655597361518469,0.010384709049366262,0.35152676464417792,-0.010925761117484504,0.057461999999999999,0.0052750000000000002,0.205873,-3.1408072554263957,1.3066756510905948,-3.0511496917514473,0.057438401893766797,0.0052738848231569831,0.20578756318509733,-0.25997595480748137,-0.089543830704214816,0.96145431784601865,-0.023568749708289288,0.99598286212624754,0.086386644731677079,-0.96532741438287473,-0.00020182572653440606,-0.26104203168694817,8.8642899196141831e-05,2.846199803602478e-05
1.4900228977203369,1790954064.7913129,0.00059485435485839844,0.085905105783160907,0.086515971021358926,-0.086655597361518469,0.010384709049366262,0.35152676464417792,-0.010925761117484504,0.057461999999999999,0.0052750000000000002,0.205873,-3.1408072554263957,1.3066756510905948,-3.0511496917514473,0.057438401893766797,0.0052738848231569831,0.20578756318509733,-0.25997595480748137,-0.089543830704214816,0.96145431784601865,-0.023568749708289288,0.99598286212624754,0.086386644731677079,-0.96532741438287473,-0.00020182572653440606,-0.26104203168694817,8.8642899196141831e-05,2.846199803602478e-05
1.495048999786377,1790954064.796339,0.00060009956359863281,0.085905105783160907,0.086515971021358926,-0.086655597361518469,0.010384709049366262,0.35152676464417792,-0.010925761117484504,0.057461999999999999,0.0052750000000000002,0.205873,-3.1408072554263957,1.3066756510905948,-3.0511496917514473,0.057438401893766797,0.0052738848231569831,0.20578756318509733,-0.25997595480748137,-0.089543830704214816,0.96145431784601865,-0.023568749708289288,0.99598286212624754,0.086386644731677079,-0.96532741438287473,-0.00020182572653440606,-0.26104203168694817,8.8642899196141831e-05,2.846199803602478e-05
1.5000228881835938,1790954064.8013129,0.00059795379638671875,0.085905105783160907,0.086515971021358926,-0.086655597361518469,0.010384709049366262,0.35152676464417792,-0.010925761117484504,0.057461999999999999,0.0052750000000000002,0.205873,-3.1408072554263957,1.3066756510905948,-3.0511496917514473,0.057438401893766797,0.0052738848231569831,0.20578756318509733,-0.25997595480748137,-0.089543830704214816,0.96145431784601865,-0.023568749708289288,0.99598286212624754,0.086386644731677079,-0.96532741438287473,-0.00020182572653440606,-0.26104203168694817,8.8642899196141831e-05,2.846199803602478e-05
1.5050270557403564,1790954064.8063171,0.00057315826416015625,0.085905105783160907,0.086515971021358926,-0.086655597361518469,0.010384709049366262,0.35152676464417792,-0.010925761117484504,0.057461999999999999,0.0052750000000000002,0.205873,-3.1408072554263957,1.3066756510905948,-3.0511496917514473,0.057438401893766797,0.0052738848231569831,0.20578756318509733,-0.25997595480748137,-0.089543830704214816,0.96145431784601865,-0.023568749708289288,0.99598286212624754,0.086386644731677079,-0.96532741438287473,-0.00020182572653440606,-0.26104203168694817,8.8642899196141831e-05,2.846199803602478e-05
1.5100250244140625,1790954064.8113151,0.00060009956359863281,0.085905105783160907,0.086515971021358926,-0.086655597361518469,0.010384709049366262,0.35152676464417792,-0.010925761117484504,0.057461999999999999,0.0052750000000000002,0.205873,-3.1408072554263957,1.3066756510905948,-3.0511496917514473,0.057438401893766797,0.0052738848231569831,0.20578756318509733,-0.25997595480748137,-0.089543830704214816,0.96145431784601865,-0.023568749708289288,0.99598286212624754,0.086386644731677079,-0.96532741438287473,-0.00020182572653440606,-0.26104203168694817,8.8642899196141831e-05,2.846199803602478e-05
1.5150508880615234,1790954064.8163409,0.00059986114501953125,0.085905105783160907,0.086515971021358926,-0.086655597361518469,0.010384709049366262,0.35152676464417792,-0.010925761117484504,0.057461999999999999,0.0052750000000000002,0.205873,-3.1408072554263957,1.3066756510905948,-3.0511496917514473,0.057438401893766797,0.0052738848231569831,0.20578756318509733,-0.25997595480748137,-0.089543830704214816,0.96145431784601865,-0.023568749708289288,0.99598286212624754,0.086386644731677079,-0.96532741438287473,-0.00020182572653440606,-0.26104203168694817,8.8642899196141831e-05,2.846199803602478e-05
1.5200250148773193,1790954064.8213151,0.00037312507629394531,0.085905105783160907,0.086515971021358926,-0.086655597361518469,0.010384709049366262,0.35152676464417792,-0.010925761117484504,0.057461999999999999,0.0052750000000000002,0.205873,-3.1408072554263957,1.3066756510905948,-3.0511496917514473,0.057438401893766797,0.0052738848231569831,0.20578756318509733,-0.25997595480748137,-0.089543830704214816,0.96145431784601865,-0.023568749708289288,0.99598286212624754,0.086386644731677079,-0.96532741438287473,-0.00020182572653440606,-0.26104203168694817,8.8642899196141831e-05,2.846199803602478e-05
1.5250248908996582,1790954064.8263149,0.00056695938110351562,0.085905105783160907,0.086515971021358926,-0.086655597361518469,0.010384709049366262,0.35152676464417792,-0.010925761117484504,0.057461999999999999,0.0052750000000000002,0.205873,-3.1408072554263957,1.3066756510905948,-3.0511496917514473,0.057438401893766797,0.0052738848231569831,0.20578756318509733,-0.25997595480748137,-0.089543830704214816,0.96145431784601865,-0.023568749708289288,0.99598286212624754,0.086386644731677079,-0.96532741438287473,-0.00020182572653440606,-0.26104203168694817,8.8642899196141831e-05,2.846199803602478e-05
1.5300219058990479,1790954064.8313119,0.00059604644775390625,0.085905105783160907,0.086515971021358926,-0.086655597361518469,0.010384709049366262,0.35152676464417792,-0.010925761117484504,0.057461999999999999,0.0052750000000000002,0.205873,-3.1408072554263957,1.3066756510905948,-3.0511496917514473,0.057438401893766797,0.0052738848231569831,0.20578756318509733,-0.25997595480748137,-0.089543830704214816,0.96145431784601865,-0.023568749708289288,0.99598286212624754,0.086386644731677079,-0.96532741438287473,-0.00020182572653440606,-0.26104203168694817,8.8642899196141831e-05,2.846199803602478e-05
1.535027027130127,1790954064.8363171,0.00060200691223144531,0.085905105783160907,0.086515971021358926,-0.086655597361518469,0.010384709049366262,0.35152676464417792,-0.010925761117484504,0.057461999999999999,0.0052750000000000002,0.205873,-3.1408072554263957,1.3066756510905948,-3.0511496917514473,0.057438401893766797,0.0052738848231569831,0.20578756318509733,-0.25997595480748137,-0.089543830704214816,0.96145431784601865,-0.023568749708289288,0.99598286212624754,0.086386644731677079,-0.96532741438287473,-0.00020182572653440606,-0.26104203168694817,8.8642899196141831e-05,2.846199803602478e-05
1.5401020050048828,1790954064.841392,0.00063109397888183594,0.085905105783160907,0.086515971021358926,-0.086655597361518469,0.010384709049366262,0.35152676464417792,-0.010925761117484504,0.057461999999999999,0.0052750000000000002,0.205873,-3.1408072554263957,1.3066756510905948,-3.0511496917514473,0.057438401893766797,0.0052738848231569831,0.20578756318509733,-0.25997595480748137,-0.089543830704214816,0.96145431784601865,-0.023568749708289288,0.99598286212624754,0.086386644731677079,-0.96532741438287473,-0.00020182572653440606,-0.26104203168694817,8.8642899196141831e-05,2.846199803602478e-05
1.5450499057769775,1790954064.8463399,0.00060105323791503906,0.085905105783160907,0.086515971021358926,-0.086655597361518469,0.010384709049366262,0.35152676464417792,-0.010925761117484504,0.057461999999999999,0.0052750000000000002,0.205873,-3.1408072554263957,1.3066756510905948,-3.0511496917514473,0.057438401893766797,0.0052738848231569831,0.20578756318509733,-0.25997595480748137,-0.089543830704214816,0.96145431784601865,-0.023568749708289288,0.99598286212624754,0.086386644731677079,-0.96532741438287473,-0.00020182572653440606,-0.26104203168694817,8.8642899196141831e-05,2.846199803602478e-05
1.5500268936157227,1790954064.8513169,0.00059986114501953125,0.085905105783160907,0.086515971021358926,-0.086655597361518469,0.010384709049366262,0.35152676464417792,-0.010925761117484504,0.057461999999999999,0.0052750000000000002,0.205873,-3.1408072554263957,1.3066756510905948,-3.0511496917514473,0.057438401893766797,0.0052738848231569831,0.20578756318509733,-0.25997595480748137,-0.089543830704214816,0.96145431784601865,-0.023568749708289288,0.99598286212624754,0.086386644731677079,-0.96532741438287473,-0.00020182572653440606,-0.26104203168694817,8.8642899196141831e-05,2.846199803602478e-05
1.5550229549407959,1790954064.856313,0.00059795379638671875,0.085905105783160907,0.086515971021358926,-0.086655597361518469,0.010384709049366262,0.35152676464417792,-0.010925761117484504,0.057461999999999999,0.0052750000000000002,0.205873,-3.1408072554263957,1.3066756510905948,-3.0511496917514473,0.057438401893766797,0.0052738848231569831,0.20578756318509733,-0.25997595480748137,-0.089543830704214816,0.96145431784601865,-0.023568749708289288,0.99598286212624754,0.086386644731677079,-0.96532741438287473,-0.00020182572653440606,-0.26104203168694817,8.8642899196141831e-05,2.846199803602478e-05
1.5600218772888184,1790954064.8613119,0.00059795379638671875,0.085905105783160907,0.086515971021358926,-0.086655597361518469,0.010384709049366262,0.35152676464417792,-0.010925761117484504,0.057461999999999999,0.0052750000000000002,0.205873,-3.1408072554263957,1.3066756510905948,-3.0511496917514473,0.057438401893766797,0.0052738848231569831,0.20578756318509733,-0.25997595480748137,-0.089543830704214816,0.96145431784601865,-0.023568749708289288,0.99598286212624754,0.086386644731677079,-0.96532741438287473,-0.00020182572653440606,-0.26104203168694817,8.8642899196141831e-05,2.846199803602478e-05
1.5650489330291748,1790954064.866339,0.00060200691223144531,0.085905105783160907,0.086515971021358926,-0.086655597361518469,0.010384709049366262,0.35152676464417792,-0.010925761117484504,0.057461999999999999,0.0052750000000000002,0.205873,-3.1408072554263957,1.3066756510905948,-3.0511496917514473,0.057438401893766797,0.0052738848231569831,0.20578756318509733,-0.25997595480748137,-0.089543830704214816,0.96145431784601865,-0.023568749708289288,0.99598286212624754,0.086386644731677079,-0.96532741438287473,-0.00020182572653440606,-0.26104203168694817,8.8642899196141831e-05,2.846199803602478e-05
1.5700240135192871,1790954064.871314,0.00060009956359863281,0.085905105783160907,0.086515971021358926,-0.086655597361518469,0.010384709049366262,0.35152676464417792,-0.010925761117484504,0.057461999999999999,0.0052750000000000002,0.205873,-3.1408072554263957,1.3066756510905948,-3.0511496917514473,0.057438401893766797,0.0052738848231569831,0.20578756318509733,-0.25997595480748137,-0.089543830704214816,0.96145431784601865,-0.023568749708289288,0.99598286212624754,0.086386644731677079,-0.96532741438287473,-0.00020182572653440606,-0.26104203168694817,8.8642899196141831e-05,2.846199803602478e-05
1.5750479698181152,1790954064.876338,0.000598907470703125,0.085905105783160907,0.086515971021358926,-0.086655597361518469,0.010384709049366262,0.35152676464417792,-0.010925761117484504,0.057461999999999999,0.0052750000000000002,0.205873,-3.1408072554263957,1.3066756510905948,-3.0511496917514473,0.057438401893766797,0.0052738848231569831,0.20578756318509733,-0.25997595480748137,-0.089543830704214816,0.96145431784601865,-0.023568749708289288,0.99598286212624754,0.086386644731677079,-0.96532741438287473,-0.00020182572653440606,-0.26104203168694817,8.8642899196141831e-05,2.846199803602478e-05
1.5800740718841553,1790954064.8813641,0.00065016746520996094,0.085905105783160907,0.086515971021358926,-0.086655597361518469,0.010384709049366262,0.35152676464417792,-0.010925761117484504,0.057461999999999999,0.0052750000000000002,0.205873,-3.1408072554263957,1.3066756510905948,-3.0511496917514473,0.057438401893766797,0.0052738848231569831,0.20578756318509733,-0.25997595480748137,-0.089543830704214816,0.96145431784601865,-0.023568749708289288,0.99598286212624754,0.086386644731677079,-0.96532741438287473,-0.00020182572653440606,-0.26104203168694817,8.8642899196141831e-05,2.846199803602478e-05
1.5850250720977783,1790954064.8863151,0.00057506561279296875,0.085905105783160907,0.086515971021358926,-0.086655597361518469,0.010384709049366262,0.35152676464417792,-0.010925761117484504,0.057461999999999999,0.0052750000000000002,0.205873,-3.1408072554263957,1.3066756510905948,-3.0511496917514473,0.057438401893766797,0.0052738848231569831,0.20578756318509733,-0.25997595480748137,-0.089543830704214816,0.96145431784601865,-0.023568749708289288,0.99598286212624754,0.086386644731677079,-0.96532741438287473,-0.00020182572653440606,-0.26104203168694817,8.8642899196141831e-05,2.846199803602478e-05
1.5900218486785889,1790954064.8913119,0.00059986114501953125,0.085905105783160907,0.086515971021358926,-0.086655597361518469,0.010384709049366262,0.35152676464417792,-0.010925761117484504,0.057461999999999999,0.0052750000000000002,0.205873,-3.1408072554263957,1.3066756510905948,-3.0511496917514473,0.057438401893766797,0.0052738848231569831,0.20578756318509733,-0.25997595480748137,-0.089543830704214816,0.96145431784601865,-0.023568749708289288,0.99598286212624754,0.086386644731677079,-0.96532741438287473,-0.00020182572653440606,-0.26104203168694817,8.8642899196141831e-05,2.846199803602478e-05
1.5951769351959229,1790954064.896467,0.00072789192199707031,0.085905105783160907,0.086515971021358926,-0.086655597361518469,0.010384709049366262,0.35152676464417792,-0.010925761117484504,0.057461999999999999,0.0052750000000000002,0.205873,-3.1408072554263957,1.3066756510905948,-3.0511496917514473,0.057438401893766797,0.0052738848231569831,0.20578756318509733,-0.25997595480748137,-0.089543830704214816,0.96145431784601865,-0.023568749708289288,0.99598286212624754,0.086386644731677079,-0.96532741438287473,-0.00020182572653440606,-0.26104203168694817,8.8642899196141831e-05,2.846199803602478e-05
1.6002810001373291,1790954064.901571,0.00082492828369140625,0.085905105783160907,0.086515971021358926,-0.086655597361518469,0.010384709049366262,0.35152676464417792,-0.010925761117484504,0.057461999999999999,0.0052750000000000002,0.205873,-3.1408072554263957,1.3066756510905948,-3.0511496917514473,0.057438401893766797,0.0052738848231569831,0.20578756318509733,-0.25997595480748137,-0.089543830704214816,0.96145431784601865,-0.023568749708289288,0.99598286212624754,0.086386644731677079,-0.96532741438287473,-0.00020182572653440606,-0.26104203168694817,8.8642899196141831e-05,2.846199803602478e-05
1.6050469875335693,1790954064.906337,0.00059294700622558594,0.085905105783160907,0.086515971021358926,-0.086655597361518469,0.010384709049366262,0.35152676464417792,-0.010925761117484504,0.057461999999999999,0.0052750000000000002,0.205873,-3.1408072554263957,1.3066756510905948,-3.0511496917514473,0.057438401893766797,0.0052738848231569831,0.20578756318509733,-0.25997595480748137,-0.089543830704214816,0.96145431784601865,-0.023568749708289288,0.99598286212624754,0.086386644731677079,-0.96532741438287473,-0.00020182572653440606,-0.26104203168694817,8.8642899196141831e-05,2.846199803602478e-05
1.6100199222564697,1790954064.91131,0.000598907470703125,0.085905105783160907,0.086515971021358926,-0.086655597361518469,0.010384709049366262,0.35152676464417792,-0.010925761117484504,0.057461999999999999,0.0052750000000000002,0.205873,-3.1408072554263957,1.3066756510905948,-3.0511496917514473,0.057438401893766797,0.0052738848231569831,0.20578756318509733,-0.25997595480748137,-0.089543830704214816,0.96145431784601865,-0.023568749708289288,0.99598286212624754,0.086386644731677079,-0.96532741438287473,-0.00020182572653440606,-0.26104203168694817,8.8642899196141831e-05,2.846199803602478e-05
1.615048885345459,1790954064.9163389,0.0005550384521484375,0.085905105783160907,0.086515971021358926,-0.086655597361518469,0.010384709049366262,0.35152676464417792,-0.010925761117484504,0.057461999999999999,0.0052750000000000002,0.205873,-3.1408072554263957,1.3066756510905948,-3.0511496917514473,0.057438401893766797,0.0052738848231569831,0.20578756318509733,-0.25997595480748137,-0.089543830704214816,0.96145431784601865,-0.023568749708289288,0.99598286212624754,0.086386644731677079,-0.96532741438287473,-0.00020182572653440606,-0.26104203168694817,8.8642899196141831e-05,2.846199803602478e-05
1.6201660633087158,1790954064.9214561,0.00074100494384765625,0.085905105783160907,0.086515971021358926,-0.086655597361518469,0.010384709049366262,0.35152676464417792,-0.010925761117484504,0.057461999999999999,0.0052750000000000002,0.205873,-3.1408072554263957,1.3066756510905948,-3.0511496917514473,0.057438401893766797,0.0052738848231569831,0.20578756318509733,-0.25997595480748137,-0.089543830704214816,0.96145431784601865,-0.023568749708289288,0.99598286212624754,0.086386644731677079,-0.96532741438287473,-0.00020182572653440606,-0.26104203168694817,8.8642899196141831e-05,2.846199803602478e-05
1.6250488758087158,1790954064.9263389,0.00059199333190917969,0.085905105783160907,0.086515971021358926,-0.086655597361518469,0.010384709049366262,0.35152676464417792,-0.010925761117484504,0.057461999999999999,0.0052750000000000002,0.205873,-3.1408072554263957,1.3066756510905948,-3.0511496917514473,0.057438401893766797,0.0052738848231569831,0.20578756318509733,-0.25997595480748137,-0.089543830704214816,0.96145431784601865,-0.023568749708289288,0.99598286212624754,0.086386644731677079,-0.96532741438287473,-0.00020182572653440606,-0.26104203168694817,8.8642899196141831e-05,2.846199803602478e-05
1.6300969123840332,1790954064.9313869,0.00067090988159179688,0.085905105783160907,0.086515971021358926,-0.086655597361518469,0.010384709049366262,0.35152676464417792,-0.010925761117484504,0.057461999999999999,0.0052750000000000002,0.205873,-3.1408072554263957,1.3066756510905948,-3.0511496917514473,0.057438401893766797,0.0052738848231569831,0.20578756318509733,-0.25997595480748137,-0.089543830704214816,0.96145431784601865,-0.023568749708289288,0.99598286212624754,0.086386644731677079,-0.96532741438287473,-0.00020182572653440606,-0.26104203168694817,8.8642899196141831e-05,2.846199803602478e-05
1.6351120471954346,1790954064.9364021,0.00067615509033203125,0.085905105783160907,0.086515971021358926,-0.086655597361518469,0.010384709049366262,0.35152676464417792,-0.010925761117484504,0.057461999999999999,0.0052750000000000002,0.205873,-3.1408072554263957,1.3066756510905948,-3.0511496917514473,0.057438401893766797,0.0052738848231569831,0.20578756318509733,-0.25997595480748137,-0.089543830704214816,0.96145431784601865,-0.023568749708289288,0.99598286212624754,0.086386644731677079,-0.96532741438287473,-0.00020182572653440606,-0.26104203168694817,8.8642899196141831e-05,2.846199803602478e-05
1.6400978565216064,1790954064.9413879,0.00065684318542480469,0.085905105783160907,0.086515971021358926,-0.086655597361518469,0.010384709049366262,0.35152676464417792,-0.010925761117484504,0.057461999999999999,0.0052750000000000002,0.205873,-3.1408072554263957,1.3066756510905948,-3.0511496917514473,0.057438401893766797,0.0052738848231569831,0.20578756318509733,-0.25997595480748137,-0.089543830704214816,0.96145431784601865,-0.023568749708289288,0.99598286212624754,0.086386644731677079,-0.96532741438287473,-0.00020182572653440606,-0.26104203168694817,8.8642899196141831e-05,2.846199803602478e-05
1.645164966583252,1790954064.946455,0.0007228851318359375,0.085905105783160907,0.086515971021358926,-0.086655597361518469,0.010384709049366262,0.35152676464417792,-0.010925761117484504,0.057461999999999999,0.0052750000000000002,0.205873,-3.1408072554263957,1.3066756510905948,-3.0511496917514473,0.057438401893766797,0.0052738848231569831,0.20578756318509733,-0.25997595480748137,-0.089543830704214816,0.96145431784601865,-0.023568749708289288,0.99598286212624754,0.086386644731677079,-0.96532741438287473,-0.00020182572653440606,-0.26104203168694817,8.8642899196141831e-05,2.846199803602478e-05
1.6500520706176758,1790954064.9513421,0.00061321258544921875,0.085905105783160907,0.086515971021358926,-0.086655597361518469,0.010384709049366262,0.35152676464417792,-0.010925761117484504,0.057461999999999999,0.0052750000000000002,0.205873,-3.1408072554263957,1.3066756510905948,-3.0511496917514473,0.057438401893766797,0.0052738848231569831,0.20578756318509733,-0.25997595480748137,-0.089543830704214816,0.96145431784601865,-0.023568749708289288,0.99598286212624754,0.086386644731677079,-0.96532741438287473,-0.00020182572653440606,-0.26104203168694817,8.8642899196141831e-05,2.846199803602478e-05
1.6550509929656982,1790954064.956341,0.00059914588928222656,0.085905105783160907,0.086515971021358926,-0.086655597361518469,0.010384709049366262,0.35152676464417792,-0.010925761117484504,0.057461999999999999,0.0052750000000000002,0.205873,-3.1408072554263957,1.3066756510905948,-3.0511496917514473,0.057438401893766797,0.0052738848231569831,0.20578756318509733,-0.25997595480748137,-0.089543830704214816,0.96145431784601865,-0.023568749708289288,0.99598286212624754,0.086386644731677079,-0.96532741438287473,-0.00020182572653440606,-0.26104203168694817,8.8642899196141831e-05,2.846199803602478e-05
1.6601290702819824,1790954064.9614191,0.00070810317993164062,0.085905105783160907,0.086515971021358926,-0.086655597361518469,0.010384709049366262,0.35152676464417792,-0.010925761117484504,0.057461999999999999,0.0052750000000000002,0.205873,-3.1408072554263957,1.3066756510905948,-3.0511496917514473,0.057438401893766797,0.0052738848231569831,0.20578756318509733,-0.25997595480748137,-0.089543830704214816,0.96145431784601865,-0.023568749708289288,0.99598286212624754,0.086386644731677079,-0.96532741438287473,-0.00020182572653440606,-0.26104203168694817,8.8642899196141831e-05,2.846199803602478e-05
1.6650559902191162,1790954064.966346,0.00055193901062011719,0.085905105783160907,0.086515971021358926,-0.086655597361518469,0.010384709049366262,0.35152676464417792,-0.010925761117484504,0.057461999999999999,0.0052750000000000002,0.205873,-3.1408072554263957,1.3066756510905948,-3.0511496917514473,0.057438401893766797,0.0052738848231569831,0.20578756318509733,-0.25997595480748137,-0.089543830704214816,0.96145431784601865,-0.023568749708289288,0.99598286212624754,0.086386644731677079,-0.96532741438287473,-0.00020182572653440606,-0.26104203168694817,8.8642899196141831e-05,2.846199803602478e-05
1.6700508594512939,1790954064.9713409,0.00061583518981933594,0.085905105783160907,0.086515971021358926,-0.086655597361518469,0.010384709049366262,0.35152676464417792,-0.010925761117484504,0.057461999999999999,0.0052750000000000002,0.205873,-3.1408072554263957,1.3066756510905948,-3.0511496917514473,0.057438401893766797,0.0052738848231569831,0.20578756318509733,-0.25997595480748137,-0.089543830704214816,0.96145431784601865,-0.023568749708289288,0.99598286212624754,0.086386644731677079,-0.96532741438287473,-0.00020182572653440606,-0.26104203168694817,8.8642899196141831e-05,2.846199803602478e-05
1.6751570701599121,1790954064.9764471,0.00070619583129882812,0.085905105783160907,0.086515971021358926,-0.086655597361518469,0.010384709049366262,0.35152676464417792,-0.010925761117484504,0.057461999999999999,0.0052750000000000002,0.205873,-3.1408072554263957,1.3066756510905948,-3.0511496917514473,0.057438401893766797,0.0052738848231569831,0.20578756318509733,-0.25997595480748137,-0.089543830704214816,0.96145431784601865,-0.023568749708289288,0.99598286212624754,0.086386644731677079,-0.96532741438287473,-0.00020182572653440606,-0.26104203168694817,8.8642899196141831e-05,2.846199803602478e-05
1.6801168918609619,1790954064.9814069,0.00060701370239257812,0.085905105783160907,0.086515971021358926,-0.086655597361518469,0.010384709049366262,0.35152676464417792,-0.010925761117484504,0.057461999999999999,0.0052750000000000002,0.205873,-3.1408072554263957,1.3066756510905948,-3.0511496917514473,0.057438401893766797,0.0052738848231569831,0.20578756318509733,-0.25997595480748137,-0.089543830704214816,0.96145431784601865,-0.023568749708289288,0.99598286212624754,0.086386644731677079,-0.96532741438287473,-0.00020182572653440606,-0.26104203168694817,8.8642899196141831e-05,2.846199803602478e-05
1.685028076171875,1790954064.9863181,0.00057101249694824219,0.085905105783160907,0.086515971021358926,-0.086655597361518469,0.010384709049366262,0.35152676464417792,-0.010925761117484504,0.057461999999999999,0.0052750000000000002,0.205873,-3.1408072554263957,1.3066756510905948,-3.0511496917514473,0.057438401893766797,0.0052738848231569831,0.20578756318509733,-0.25997595480748137,-0.089543830704214816,0.96145431784601865,-0.023568749708289288,0.99598286212624754,0.086386644731677079,-0.96532741438287473,-0.00020182572653440606,-0.26104203168694817,8.8642899196141831e-05,2.846199803602478e-05
1.6900289058685303,1790954064.9913189,0.00059795379638671875,0.085905105783160907,0.086515971021358926,-0.086655597361518469,0.010384709049366262,0.35152676464417792,-0.010925761117484504,0.057461999999999999,0.0052750000000000002,0.205873,-3.1408072554263957,1.3066756510905948,-3.0511496917514473,0.057438401893766797,0.0052738848231569831,0.20578756318509733,-0.25997595480748137,-0.089543830704214816,0.96145431784601865,-0.023568749708289288,0.99598286212624754,0.086386644731677079,-0.96532741438287473,-0.00020182572653440606,-0.26104203168694817,8.8642899196141831e-05,2.846199803602478e-05
1.6950509548187256,1790954064.996341,0.00059795379638671875,0.085905105783160907,0.086515971021358926,-0.086655597361518469,0.010384709049366262,0.35152676464417792,-0.010925761117484504,0.057461999999999999,0.0052750000000000002,0.205873,-3.1408072554263957,1.3066756510905948,-3.0511496917514473,0.057438401893766797,0.0052738848231569831,0.20578756318509733,-0.25997595480748137,-0.089543830704214816,0.96145431784601865,-0.023568749708289288,0.99598286212624754,0.086386644731677079,-0.96532741438287473,-0.00020182572653440606,-0.26104203168694817,8.8642899196141831e-05,2.846199803602478e-05
1.7000288963317871,1790954065.0013189,0.0006008148193359375,0.085905105783160907,0.086515971021358926,-0.086655597361518469,0.010384709049366262,0.35152676464417792,-0.010925761117484504,0.057461999999999999,0.0052750000000000002,0.205873,-3.1408072554263957,1.3066756510905948,-3.0511496917514473,0.057438401893766797,0.0052738848231569831,0.20578756318509733,-0.25997595480748137,-0.089543830704214816,0.96145431784601865,-0.023568749708289288,0.99598286212624754,0.086386644731677079,-0.96532741438287473,-0.00020182572653440606,-0.26104203168694817,8.8642899196141831e-05,2.846199803602478e-05
1.7050600051879883,1790954065.00635,0.00060009956359863281,0.085905105783160907,0.086515971021358926,-0.086655597361518469,0.010384709049366262,0.35152676464417792,-0.010925761117484504,0.057461999999999999,0.0052750000000000002,0.205873,-3.1408072554263957,1.3066756510905948,-3.0511496917514473,0.057438401893766797,0.0052738848231569831,0.20578756318509733,-0.25997595480748137,-0.089543830704214816,0.96145431784601865,-0.023568749708289288,0.99598286212624754,0.086386644731677079,-0.96532741438287473,-0.00020182572653440606,-0.26104203168694817,8.8642899196141831e-05,2.846199803602478e-05
1.7100238800048828,1790954065.0113139,0.00057291984558105469,0.085905105783160907,0.086515971021358926,-0.086655597361518469,0.010384709049366262,0.35152676464417792,-0.010925761117484504,0.057461999999999999,0.0052750000000000002,0.205873,-3.1408072554263957,1.3066756510905948,-3.0511496917514473,0.057438401893766797,0.0052738848231569831,0.20578756318509733,-0.25997595480748137,-0.089543830704214816,0.96145431784601865,-0.023568749708289288,0.99598286212624754,0.086386644731677079,-0.96532741438287473,-0.00020182572653440606,-0.26104203168694817,8.8642899196141831e-05,2.846199803602478e-05
1.7150919437408447,1790954065.016382,0.00061392784118652344,0.085905105783160907,0.086515971021358926,-0.086655597361518469,0.010384709049366262,0.35152676464417792,-0.010925761117484504,0.057461999999999999,0.0052750000000000002,0.205873,-3.1408072554263957,1.3066756510905948,-3.0511496917514473,0.057438401893766797,0.0052738848231569831,0.20578756318509733,-0.25997595480748137,-0.089543830704214816,0.96145431784601865,-0.023568749708289288,0.99598286212624754,0.086386644731677079,-0.96532741438287473,-0.00020182572653440606,-0.26104203168694817,8.8642899196141831e-05,2.846199803602478e-05
1.7200798988342285,1790954065.0213699,0.00061702728271484375,0.085905105783160907,0.086515971021358926,-0.086655597361518469,0.010384709049366262,0.35152676464417792,-0.010925761117484504,0.057461999999999999,0.0052750000000000002,0.205873,-3.1408072554263957,1.3066756510905948,-3.0511496917514473,0.057438401893766797,0.0052738848231569831,0.20578756318509733,-0.25997595480748137,-0.089543830704214816,0.96145431784601865,-0.023568749708289288,0.99598286212624754,0.086386644731677079,-0.96532741438287473,-0.00020182572653440606,-0.26104203168694817,8.8642899196141831e-05,2.846199803602478e-05
1.7250640392303467,1790954065.0263541,0.00056099891662597656,0.085905105783160907,0.086515971021358926,-0.086655597361518469,0.010384709049366262,0.35152676464417792,-0.010925761117484504,0.057461999999999999,0.0052750000000000002,0.205873,-3.1408072554263957,1.3066756510905948,-3.0511496917514473,0.057438401893766797,0.0052738848231569831,0.20578756318509733,-0.25997595480748137,-0.089543830704214816,0.96145431784601865,-0.023568749708289288,0.99598286212624754,0.086386644731677079,-0.96532741438287473,-0.00020182572653440606,-0.26104203168694817,8.8642899196141831e-05,2.846199803602478e-05
1.7300269603729248,1790954065.031317,0.00060009956359863281,0.085905105783160907,0.086515971021358926,-0.086655597361518469,0.010384709049366262,0.35152676464417792,-0.010925761117484504,0.057461999999999999,0.0052750000000000002,0.205873,-3.1408072554263957,1.3066756510905948,-3.0511496917514473,0.057438401893766797,0.0052738848231569831,0.20578756318509733,-0.25997595480748137,-0.089543830704214816,0.96145431784601865,-0.023568749708289288,0.99598286212624754,0.086386644731677079,-0.96532741438287473,-0.00020182572653440606,-0.26104203168694817,8.8642899196141831e-05,2.846199803602478e-05
1.7350368499755859,1790954065.0363269,0.00044679641723632812,0.085905105783160907,0.086515971021358926,-0.086655597361518469,0.010384709049366262,0.35152676464417792,-0.010925761117484504,0.057461999999999999,0.0052750000000000002,0.205873,-3.1408072554263957,1.3066756510905948,-3.0511496917514473,0.057438401893766797,0.0052738848231569831,0.20578756318509733,-0.25997595480748137,-0.089543830704214816,0.96145431784601865,-0.023568749708289288,0.99598286212624754,0.086386644731677079,-0.96532741438287473,-0.00020182572653440606,-0.26104203168694817,8.8642899196141831e-05,2.846199803602478e-05
1.7400500774383545,1790954065.0413401,0.00059914588928222656,0.085905105783160907,0.086515971021358926,-0.086655597361518469,0.010384709049366262,0.35152676464417792,-0.010925761117484504,0.057461999999999999,0.0052750000000000002,0.205873,-3.1408072554263957,1.3066756510905948,-3.0511496917514473,0.057438401893766797,0.0052738848231569831,0.20578756318509733,-0.25997595480748137,-0.089543830704214816,0.96145431784601865,-0.023568749708289288,0.99598286212624754,0.086386644731677079,-0.96532741438287473,-0.00020182572653440606,-0.26104203168694817,8.8642899196141831e-05,2.846199803602478e-05
1.7450649738311768,1790954065.046355,0.00059008598327636719,0.085905105783160907,0.086515971021358926,-0.086655597361518469,0.010384709049366262,0.35152676464417792,-0.010925761117484504,0.057461999999999999,0.0052750000000000002,0.205873,-3.1408072554263957,1.3066756510905948,-3.0511496917514473,0.057438401893766797,0.0052738848231569831,0.20578756318509733,-0.25997595480748137,-0.089543830704214816,0.96145431784601865,-0.023568749708289288,0.99598286212624754,0.086386644731677079,-0.96532741438287473,-0.00020182572653440606,-0.26104203168694817,8.8642899196141831e-05,2.846199803602478e-05
1.7501249313354492,1790954065.051415,0.00060200691223144531,0.085905105783160907,0.086515971021358926,-0.086655597361518469,0.010384709049366262,0.35152676464417792,-0.010925761117484504,0.057461999999999999,0.0052750000000000002,0.205873,-3.1408072554263957,1.3066756510905948,-3.0511496917514473,0.057438401893766797,0.0052738848231569831,0.20578756318509733,-0.25997595480748137,-0.089543830704214816,0.96145431784601865,-0.023568749708289288,0.99598286212624754,0.086386644731677079,-0.96532741438287473,-0.00020182572653440606,-0.26104203168694817,8.8642899196141831e-05,2.846199803602478e-05
1.7550559043884277,1790954065.0563459,0.00054383277893066406,0.085905105783160907,0.086515971021358926,-0.086655597361518469,0.010384709049366262,0.35152676464417792,-0.010925761117484504,0.057461999999999999,0.0052750000000000002,0.205873,-3.1408072554263957,1.3066756510905948,-3.0511496917514473,0.057438401893766797,0.0052738848231569831,0.20578756318509733,-0.25997595480748137,-0.089543830704214816,0.96145431784601865,-0.023568749708289288,0.99598286212624754,0.086386644731677079,-0.96532741438287473,-0.00020182572653440606,-0.26104203168694817,8.8642899196141831e-05,2.846199803602478e-05
1.7601079940795898,1790954065.061398,0.00064611434936523438,0.085905105783160907,0.086515971021358926,-0.086655597361518469,0.010384709049366262,0.35152676464417792,-0.010925761117484504,0.057461999999999999,0.0052750000000000002,0.205873,-3.1408072554263957,1.3066756510905948,-3.0511496917514473,0.057438401893766797,0.0052738848231569831,0.20578756318509733,-0.25997595480748137,-0.089543830704214816,0.96145431784601865,-0.023568749708289288,0.99598286212624754,0.086386644731677079,-0.96532741438287473,-0.00020182572653440606,-0.26104203168694817,8.8642899196141831e-05,2.846199803602478e-05
1.7650520801544189,1790954065.0663421,0.00059914588928222656,0.085905105783160907,0.086515971021358926,-0.086655597361518469,0.010384709049366262,0.35152676464417792,-0.010925761117484504,0.057461999999999999,0.0052750000000000002,0.205873,-3.1408072554263957,1.3066756510905948,-3.0511496917514473,0.057438401893766797,0.0052738848231569831,0.20578756318509733,-0.25997595480748137,-0.089543830704214816,0.96145431784601865,-0.023568749708289288,0.99598286212624754,0.086386644731677079,-0.96532741438287473,-0.00020182572653440606,-0.26104203168694817,8.8642899196141831e-05,2.846199803602478e-05
1.7700269222259521,1790954065.071317,0.000598907470703125,0.085905105783160907,0.086515971021358926,-0.086655597361518469,0.010384709049366262,0.35152676464417792,-0.010925761117484504,0.057461999999999999,0.0052750000000000002,0.205873,-3.1408072554263957,1.3066756510905948,-3.0511496917514473,0.057438401893766797,0.0052738848231569831,0.20578756318509733,-0.25997595480748137,-0.089543830704214816,0.96145431784601865,-0.023568749708289288,0.99598286212624754,0.086386644731677079,-0.96532741438287473,-0.00020182572653440606,-0.26104203168694817,8.8642899196141831e-05,2.846199803602478e-05
1.7750740051269531,1790954065.076364,0.00058007240295410156,0.085905105783160907,0.086515971021358926,-0.086655597361518469,0.010384709049366262,0.35152676464417792,-0.010925761117484504,0.057461999999999999,0.0052750000000000002,0.205873,-3.1408072554263957,1.3066756510905948,-3.0511496917514473,0.057438401893766797,0.0052738848231569831,0.20578756318509733,-0.25997595480748137,-0.089543830704214816,0.96145431784601865,-0.023568749708289288,0.99598286212624754,0.086386644731677079,-0.96532741438287473,-0.00020182572653440606,-0.26104203168694817,8.8642899196141831e-05,2.846199803602478e-05
1.780026912689209,1790954065.0813169,0.00060105323791503906,0.085905105783160907,0.086515971021358926,-0.086655597361518469,0.010384709049366262,0.35152676464417792,-0.010925761117484504,0.057461999999999999,0.0052750000000000002,0.205873,-3.1408072554263957,1.3066756510905948,-3.0511496917514473,0.057438401893766797,0.0052738848231569831,0.20578756318509733,-0.25997595480748137,-0.089543830704214816,0.96145431784601865,-0.023568749708289288,0.99598286212624754,0.086386644731677079,-0.96532741438287473,-0.00020182572653440606,-0.26104203168694817,8.8642899196141831e-05,2.846199803602478e-05
1.785027027130127,1790954065.0863171,0.000576019287109375,0.085905105783160907,0.086515971021358926,-0.086655597361518469,0.010384709049366262,0.35152676464417792,-0.010925761117484504,0.057461999999999999,0.0052750000000000002,0.205873,-3.1408072554263957,1.3066756510905948,-3.0511496917514473,0.057438401893766797,0.0052738848231569831,0.20578756318509733,-0.25997595480748137,-0.089543830704214816,0.96145431784601865,-0.023568749708289288,0.99598286212624754,0.086386644731677079,-0.96532741438287473,-0.00020182572653440606,-0.26104203168694817,8.8642899196141831e-05,2.846199803602478e-05
1.7900290489196777,1790954065.0913191,0.00049805641174316406,0.085905105783160907,0.086515971021358926,-0.086655597361518469,0.010384709049366262,0.35152676464417792,-0.010925761117484504,0.057461999999999999,0.0052750000000000002,0.205873,-3.1408072554263957,1.3066756510905948,-3.0511496917514473,0.057438401893766797,0.0052738848231569831,0.20578756318509733,-0.25997595480748137,-0.089543830704214816,0.96145431784601865,-0.023568749708289288,0.99598286212624754,0.086386644731677079,-0.96532741438287473,-0.00020182572653440606,-0.26104203168694817,8.8642899196141831e-05,2.846199803602478e-05
1.7950508594512939,1790954065.0963409,0.000598907470703125,0.085905105783160907,0.086515971021358926,-0.086655597361518469,0.010384709049366262,0.35152676464417792,-0.010925761117484504,0.057461999999999999,0.0052750000000000002,0.205873,-3.1408072554263957,1.3066756510905948,-3.0511496917514473,0.057438401893766797,0.0052738848231569831,0.20578756318509733,-0.25997595480748137,-0.089543830704214816,0.96145431784601865,-0.023568749708289288,0.99598286212624754,0.086386644731677079,-0.96532741438287473,-0.00020182572653440606,-0.26104203168694817,8.8642899196141831e-05,2.846199803602478e-05
1.8000278472900391,1790954065.1013179,0.00057482719421386719,0.085905105783160907,0.086515971021358926,-0.086655597361518469,0.010384709049366262,0.35152676464417792,-0.010925761117484504,0.057461999999999999,0.0052750000000000002,0.205873,-3.1408072554263957,1.3066756510905948,-3.0511496917514473,0.057438401893766797,0.0052738848231569831,0.20578756318509733,-0.25997595480748137,-0.089543830704214816,0.96145431784601865,-0.023568749708289288,0.99598286212624754,0.086386644731677079,-0.96532741438287473,-0.00020182572653440606,-0.26104203168694817,8.8642899196141831e-05,2.846199803602478e-05
1.8050529956817627,1790954065.106343,0.00060009956359863281,0.085905105783160907,0.086515971021358926,-0.086655597361518469,0.010384709049366262,0.35152676464417792,-0.010925761117484504,0.057461999999999999,0.0052750000000000002,0.205873,-3.1408072554263957,1.3066756510905948,-3.0511496917514473,0.057438401893766797,0.0052738848231569831,0.20578756318509733,-0.25997595480748137,-0.089543830704214816,0.96145431784601865,-0.023568749708289288,0.99598286212624754,0.086386644731677079,-0.96532741438287473,-0.00020182572653440606,-0.26104203168694817,8.8642899196141831e-05,2.846199803602478e-05
1.8100259304046631,1790954065.111316,0.00059986114501953125,0.085905105783160907,0.086515971021358926,-0.086655597361518469,0.010384709049366262,0.35152676464417792,-0.010925761117484504,0.057461999999999999,0.0052750000000000002,0.205873,-3.1408072554263957,1.3066756510905948,-3.0511496917514473,0.057438401893766797,0.0052738848231569831,0.20578756318509733,-0.25997595480748137,-0.089543830704214816,0.96145431784601865,-0.023568749708289288,0.99598286212624754,0.086386644731677079,-0.96532741438287473,-0.00020182572653440606,-0.26104203168694817,8.8642899196141831e-05,2.846199803602478e-05
1.8150529861450195,1790954065.116343,0.00060296058654785156,0.085905105783160907,0.086515971021358926,-0.086655597361518469,0.010384709049366262,0.35152676464417792,-0.010925761117484504,0.057461999999999999,0.0052750000000000002,0.205873,-3.1408072554263957,1.3066756510905948,-3.0511496917514473,0.057438401893766797,0.0052738848231569831,0.20578756318509733,-0.25997595480748137,-0.089543830704214816,0.96145431784601865,-0.023568749708289288,0.99598286212624754,0.086386644731677079,-0.96532741438287473,-0.00020182572653440606,-0.26104203168694817,8.8642899196141831e-05,2.846199803602478e-05
1.8200829029083252,1790954065.1213729,0.00065684318542480469,0.085905105783160907,0.086515971021358926,-0.086655597361518469,0.010384709049366262,0.35152676464417792,-0.010925761117484504,0.057461999999999999,0.0052750000000000002,0.205873,-3.1408072554263957,1.3066756510905948,-3.0511496917514473,0.057438401893766797,0.0052738848231569831,0.20578756318509733,-0.25997595480748137,-0.089543830704214816,0.96145431784601865,-0.023568749708289288,0.99598286212624754,0.086386644731677079,-0.96532741438287473,-0.00020182572653440606,-0.26104203168694817,8.8642899196141831e-05,2.846199803602478e-05
1.8250250816345215,1790954065.1263151,0.000576019287109375,0.085905105783160907,0.086515971021358926,-0.086655597361518469,0.010384709049366262,0.35152676464417792,-0.010925761117484504,0.057461999999999999,0.0052750000000000002,0.205873,-3.1408072554263957,1.3066756510905948,-3.0511496917514473,0.057438401893766797,0.0052738848231569831,0.20578756318509733,-0.25997595480748137,-0.089543830704214816,0.96145431784601865,-0.023568749708289288,0.99598286212624754,0.086386644731677079,-0.96532741438287473,-0.00020182572653440606,-0.26104203168694817,8.8642899196141831e-05,2.846199803602478e-05
1.8300268650054932,1790954065.1313169,0.0006008148193359375,0.085905105783160907,0.086515971021358926,-0.086655597361518469,0.010384709049366262,0.35152676464417792,-0.010925761117484504,0.057461999999999999,0.0052750000000000002,0.205873,-3.1408072554263957,1.3066756510905948,-3.0511496917514473,0.057438401893766797,0.0052738848231569831,0.20578756318509733,-0.25997595480748137,-0.089543830704214816,0.96145431784601865,-0.023568749708289288,0.99598286212624754,0.086386644731677079,-0.96532741438287473,-0.00020182572653440606,-0.26104203168694817,8.8642899196141831e-05,2.846199803602478e-05
1.8350498676300049,1790954065.1363399,0.00045180320739746094,0.085905105783160907,0.086515971021358926,-0.086655597361518469,0.010384709049366262,0.35152676464417792,-0.010925761117484504,0.057461999999999999,0.0052750000000000002,0.205873,-3.1408072554263957,1.3066756510905948,-3.0511496917514473,0.057438401893766797,0.0052738848231569831,0.20578756318509733,-0.25997595480748137,-0.089543830704214816,0.96145431784601865,-0.023568749708289288,0.99598286212624754,0.086386644731677079,-0.96532741438287473,-0.00020182572653440606,-0.26104203168694817,8.8642899196141831e-05,2.846199803602478e-05
1.8400380611419678,1790954065.1413281,0.00059914588928222656,0.085905105783160907,0.086515971021358926,-0.086655597361518469,0.010384709049366262,0.35152676464417792,-0.010925761117484504,0.057461999999999999,0.0052750000000000002,0.205873,-3.1408072554263957,1.3066756510905948,-3.0511496917514473,0.057438401893766797,0.0052738848231569831,0.20578756318509733,-0.25997595480748137,-0.089543830704214816,0.96145431784601865,-0.023568749708289288,0.99598286212624754,0.086386644731677079,-0.96532741438287473,-0.00020182572653440606,-0.26104203168694817,8.8642899196141831e-05,2.846199803602478e-05
1.8450300693511963,1790954065.1463201,0.00057911872863769531,0.085905105783160907,0.086515971021358926,-0.086655597361518469,0.010384709049366262,0.35152676464417792,-0.010925761117484504,0.057461999999999999,0.0052750000000000002,0.205873,-3.1408072554263957,1.3066756510905948,-3.0511496917514473,0.057438401893766797,0.0052738848231569831,0.20578756318509733,-0.25997595480748137,-0.089543830704214816,0.96145431784601865,-0.023568749708289288,0.99598286212624754,0.086386644731677079,-0.96532741438287473,-0.00020182572653440606,-0.26104203168694817,8.8642899196141831e-05,2.846199803602478e-05
1.8501129150390625,1790954065.151403,0.00069093704223632812,0.085905105783160907,0.086515971021358926,-0.086655597361518469,0.010384709049366262,0.35152676464417792,-0.010925761117484504,0.057461999999999999,0.0052750000000000002,0.205873,-3.1408072554263957,1.3066756510905948,-3.0511496917514473,0.057438401893766797,0.0052738848231569831,0.20578756318509733,-0.25997595480748137,-0.089543830704214816,0.96145431784601865,-0.023568749708289288,0.99598286212624754,0.086386644731677079,-0.96532741438287473,-0.00020182572653440606,-0.26104203168694817,8.8642899196141831e-05,2.846199803602478e-05
1.8550779819488525,1790954065.156368,0.00056910514831542969,0.085905105783160907,0.086515971021358926,-0.086655597361518469,0.010384709049366262,0.35152676464417792,-0.010925761117484504,0.057461999999999999,0.0052750000000000002,0.205873,-3.1408072554263957,1.3066756510905948,-3.0511496917514473,0.057438401893766797,0.0052738848231569831,0.20578756318509733,-0.25997595480748137,-0.089543830704214816,0.96145431784601865,-0.023568749708289288,0.99598286212624754,0.086386644731677079,-0.96532741438287473,-0.00020182572653440606,-0.26104203168694817,8.8642899196141831e-05,2.846199803602478e-05
1.8600990772247314,1790954065.1613891,0.00057101249694824219,0.085905105783160907,0.086515971021358926,-0.086655597361518469,0.010384709049366262,0.35152676464417792,-0.010925761117484504,0.057461999999999999,0.0052750000000000002,0.205873,-3.1408072554263957,1.3066756510905948,-3.0511496917514473,0.057438401893766797,0.0052738848231569831,0.20578756318509733,-0.25997595480748137,-0.089543830704214816,0.96145431784601865,-0.023568749708289288,0.99598286212624754,0.086386644731677079,-0.96532741438287473,-0.00020182572653440606,-0.26104203168694817,8.8642899196141831e-05,2.846199803602478e-05
1.8650479316711426,1790954065.166338,0.00056695938110351562,0.085905105783160907,0.086515971021358926,-0.086655597361518469,0.010384709049366262,0.35152676464417792,-0.010925761117484504,0.057461999999999999,0.0052750000000000002,0.205873,-3.1408072554263957,1.3066756510905948,-3.0511496917514473,0.057438401893766797,0.0052738848231569831,0.20578756318509733,-0.25997595480748137,-0.089543830704214816,0.96145431784601865,-0.023568749708289288,0.99598286212624754,0.086386644731677079,-0.96532741438287473,-0.00020182572653440606,-0.26104203168694817,8.8642899196141831e-05,2.846199803602478e-05
1.8701479434967041,1790954065.171438,0.00054597854614257812,0.085905105783160907,0.086515971021358926,-0.086655597361518469,0.010384709049366262,0.35152676464417792,-0.010925761117484504,0.057461999999999999,0.0052750000000000002,0.205873,-3.1408072554263957,1.3066756510905948,-3.0511496917514473,0.057438401893766797,0.0052738848231569831,0.20578756318509733,-0.25997595480748137,-0.089543830704214816,0.96145431784601865,-0.023568749708289288,0.99598286212624754,0.086386644731677079,-0.96532741438287473,-0.00020182572653440606,-0.26104203168694817,8.8642899196141831e-05,2.846199803602478e-05
1.8751859664916992,1790954065.176476,0.00071811676025390625,0.085905105783160907,0.086515971021358926,-0.086655597361518469,0.010384709049366262,0.35152676464417792,-0.010925761117484504,0.057461999999999999,0.0052750000000000002,0.205873,-3.1408072554263957,1.3066756510905948,-3.0511496917514473,0.057438401893766797,0.0052738848231569831,0.20578756318509733,-0.25997595480748137,-0.089543830704214816,0.96145431784601865,-0.023568749708289288,0.99598286212624754,0.086386644731677079,-0.96532741438287473,-0.00020182572653440606,-0.26104203168694817,8.8642899196141831e-05,2.846199803602478e-05
1.8801529407501221,1790954065.181443,0.00070285797119140625,0.085905105783160907,0.086515971021358926,-0.086655597361518469,0.010384709049366262,0.35152676464417792,-0.010925761117484504,0.057461999999999999,0.0052750000000000002,0.205873,-3.1408072554263957,1.3066756510905948,-3.0511496917514473,0.057438401893766797,0.0052738848231569831,0.20578756318509733,-0.25997595480748137,-0.089543830704214816,0.96145431784601865,-0.023568749708289288,0.99598286212624754,0.086386644731677079,-0.96532741438287473,-0.00020182572653440606,-0.26104203168694817,8.8642899196141831e-05,2.846199803602478e-05
1.8851189613342285,1790954065.186409,0.00066995620727539062,0.085905105783160907,0.086515971021358926,-0.086655597361518469,0.010384709049366262,0.35152676464417792,-0.010925761117484504,0.057461999999999999,0.0052750000000000002,0.205873,-3.1408072554263957,1.3066756510905948,-3.0511496917514473,0.057438401893766797,0.0052738848231569831,0.20578756318509733,-0.25997595480748137,-0.089543830704214816,0.96145431784601865,-0.023568749708289288,0.99598286212624754,0.086386644731677079,-0.96532741438287473,-0.00020182572653440606,-0.26104203168694817,8.8642899196141831e-05,2.846199803602478e-05
1.8900279998779297,1790954065.191318,0.00059795379638671875,0.085905105783160907,0.086515971021358926,-0.086655597361518469,0.010384709049366262,0.35152676464417792,-0.010925761117484504,0.057461999999999999,0.0052750000000000002,0.205873,-3.1408072554263957,1.3066756510905948,-3.0511496917514473,0.057438401893766797,0.0052738848231569831,0.20578756318509733,-0.25997595480748137,-0.089543830704214816,0.96145431784601865,-0.023568749708289288,0.99598286212624754,0.086386644731677079,-0.96532741438287473,-0.00020182572653440606,-0.26104203168694817,8.8642899196141831e-05,2.846199803602478e-05
1.8951070308685303,1790954065.1963971,0.00064516067504882812,0.085905105783160907,0.086515971021358926,-0.086655597361518469,0.010384709049366262,0.35152676464417792,-0.010925761117484504,0.057461999999999999,0.0052750000000000002,0.205873,-3.1408072554263957,1.3066756510905948,-3.0511496917514473,0.057438401893766797,0.0052738848231569831,0.20578756318509733,-0.25997595480748137,-0.089543830704214816,0.96145431784601865,-0.023568749708289288,0.99598286212624754,0.086386644731677079,-0.96532741438287473,-0.00020182572653440606,-0.26104203168694817,8.8642899196141831e-05,2.846199803602478e-05
1.9000239372253418,1790954065.201314,0.00058102607727050781,0.085905105783160907,0.086515971021358926,-0.086655597361518469,0.010384709049366262,0.35152676464417792,-0.010925761117484504,0.057461999999999999,0.0052750000000000002,0.205873,-3.1408072554263957,1.3066756510905948,-3.0511496917514473,0.057438401893766797,0.0052738848231569831,0.20578756318509733,-0.25997595480748137,-0.089543830704214816,0.96145431784601865,-0.023568749708289288,0.99598286212624754,0.086386644731677079,-0.96532741438287473,-0.00020182572653440606,-0.26104203168694817,8.8642899196141831e-05,2.846199803602478e-05
1.9050819873809814,1790954065.206372,0.00062799453735351562,0.085905105783160907,0.086515971021358926,-0.086655597361518469,0.010384709049366262,0.35152676464417792,-0.010925761117484504,0.057461999999999999,0.0052750000000000002,0.205873,-3.1408072554263957,1.3066756510905948,-3.0511496917514473,0.057438401893766797,0.0052738848231569831,0.20578756318509733,-0.25997595480748137,-0.089543830704214816,0.96145431784601865,-0.023568749708289288,0.99598286212624754,0.086386644731677079,-0.96532741438287473,-0.00020182572653440606,-0.26104203168694817,8.8642899196141831e-05,2.846199803602478e-05
1.9100379943847656,1790954065.211328,0.00053906440734863281,0.085905105783160907,0.086515971021358926,-0.086655597361518469,0.010384709049366262,0.35152676464417792,-0.010925761117484504,0.057461999999999999,0.0052750000000000002,0.205873,-3.1408072554263957,1.3066756510905948,-3.0511496917514473,0.057438401893766797,0.0052738848231569831,0.20578756318509733,-0.25997595480748137,-0.089543830704214816,0.96145431784601865,-0.023568749708289288,0.99598286212624754,0.086386644731677079,-0.96532741438287473,-0.00020182572653440606,-0.26104203168694817,8.8642899196141831e-05,2.846199803602478e-05
1.9150509834289551,1790954065.216341,0.00042295455932617188,0.085905105783160907,0.086515971021358926,-0.086655597361518469,0.010384709049366262,0.35152676464417792,-0.010925761117484504,0.057461999999999999,0.0052750000000000002,0.205873,-3.1408072554263957,1.3066756510905948,-3.0511496917514473,0.057438401893766797,0.0052738848231569831,0.20578756318509733,-0.25997595480748137,-0.089543830704214816,0.96145431784601865,-0.023568749708289288,0.99598286212624754,0.086386644731677079,-0.96532741438287473,-0.00020182572653440606,-0.26104203168694817,8.8642899196141831e-05,2.846199803602478e-05
1.9200239181518555,1790954065.221314,0.00057291984558105469,0.085905105783160907,0.086515971021358926,-0.086655597361518469,0.010384709049366262,0.35152676464417792,-0.010925761117484504,0.057461999999999999,0.0052750000000000002,0.205873,-3.1408072554263957,1.3066756510905948,-3.0511496917514473,0.057438401893766797,0.0052738848231569831,0.20578756318509733,-0.25997595480748137,-0.089543830704214816,0.96145431784601865,-0.023568749708289288,0.99598286212624754,0.086386644731677079,-0.96532741438287473,-0.00020182572653440606,-0.26104203168694817,8.8642899196141831e-05,2.846199803602478e-05
1.9250509738922119,1790954065.226341,0.00060009956359863281,0.085905105783160907,0.086515971021358926,-0.086655597361518469,0.010384709049366262,0.35152676464417792,-0.010925761117484504,0.057461999999999999,0.0052750000000000002,0.205873,-3.1408072554263957,1.3066756510905948,-3.0511496917514473,0.057438401893766797,0.0052738848231569831,0.20578756318509733,-0.25997595480748137,-0.089543830704214816,0.96145431784601865,-0.023568749708289288,0.99598286212624754,0.086386644731677079,-0.96532741438287473,-0.00020182572653440606,-0.26104203168694817,8.8642899196141831e-05,2.846199803602478e-05
1.9300248622894287,1790954065.2313149,0.000598907470703125,0.085905105783160907,0.086515971021358926,-0.086655597361518469,0.010384709049366262,0.35152676464417792,-0.010925761117484504,0.057461999999999999,0.0052750000000000002,0.205873,-3.1408072554263957,1.3066756510905948,-3.0511496917514473,0.057438401893766797,0.0052738848231569831,0.20578756318509733,-0.25997595480748137,-0.089543830704214816,0.96145431784601865,-0.023568749708289288,0.99598286212624754,0.086386644731677079,-0.96532741438287473,-0.00020182572653440606,-0.26104203168694817,8.8642899196141831e-05,2.846199803602478e-05
1.9350240230560303,1790954065.2363141,0.00057315826416015625,0.085905105783160907,0.086515971021358926,-0.086655597361518469,0.010384709049366262,0.35152676464417792,-0.010925761117484504,0.057461999999999999,0.0052750000000000002,0.205873,-3.1408072554263957,1.3066756510905948,-3.0511496917514473,0.057438401893766797,0.0052738848231569831,0.20578756318509733,-0.25997595480748137,-0.089543830704214816,0.96145431784601865,-0.023568749708289288,0.99598286212624754,0.086386644731677079,-0.96532741438287473,-0.00020182572653440606,-0.26104203168694817,8.8642899196141831e-05,2.846199803602478e-05
1.9400229454040527,1790954065.241313,0.00059795379638671875,0.085905105783160907,0.086515971021358926,-0.086655597361518469,0.010384709049366262,0.35152676464417792,-0.010925761117484504,0.057461999999999999,0.0052750000000000002,0.205873,-3.1408072554263957,1.3066756510905948,-3.0511496917514473,0.057438401893766797,0.0052738848231569831,0.20578756318509733,-0.25997595480748137,-0.089543830704214816,0.96145431784601865,-0.023568749708289288,0.99598286212624754,0.086386644731677079,-0.96532741438287473,-0.00020182572653440606,-0.26104203168694817,8.8642899196141831e-05,2.846199803602478e-05
1.9450860023498535,1790954065.246376,0.00055813789367675781,0.085905105783160907,0.086515971021358926,-0.086655597361518469,0.010384709049366262,0.35152676464417792,-0.010925761117484504,0.057461999999999999,0.0052750000000000002,0.205873,-3.1408072554263957,1.3066756510905948,-3.0511496917514473,0.057438401893766797,0.0052738848231569831,0.20578756318509733,-0.25997595480748137,-0.089543830704214816,0.96145431784601865,-0.023568749708289288,0.99598286212624754,0.086386644731677079,-0.96532741438287473,-0.00020182572653440606,-0.26104203168694817,8.8642899196141831e-05,2.846199803602478e-05
1.9500279426574707,1790954065.251318,0.00060200691223144531,0.085905105783160907,0.086515971021358926,-0.086655597361518469,0.010384709049366262,0.35152676464417792,-0.010925761117484504,0.057461999999999999,0.0052750000000000002,0.205873,-3.1408072554263957,1.3066756510905948,-3.0511496917514473,0.057438401893766797,0.0052738848231569831,0.20578756318509733,-0.25997595480748137,-0.089543830704214816,0.96145431784601865,-0.023568749708289288,0.99598286212624754,0.086386644731677079,-0.96532741438287473,-0.00020182572653440606,-0.26104203168694817,8.8642899196141831e-05,2.846199803602478e-05
1.9550490379333496,1790954065.2563391,0.00060009956359863281,0.085905105783160907,0.086515971021358926,-0.086655597361518469,0.010384709049366262,0.35152676464417792,-0.010925761117484504,0.057461999999999999,0.0052750000000000002,0.205873,-3.1408072554263957,1.3066756510905948,-3.0511496917514473,0.057438401893766797,0.0052738848231569831,0.20578756318509733,-0.25997595480748137,-0.089543830704214816,0.96145431784601865,-0.023568749708289288,0.99598286212624754,0.086386644731677079,-0.96532741438287473,-0.00020182572653440606,-0.26104203168694817,8.8642899196141831e-05,2.846199803602478e-05
1.9600229263305664,1790954065.261313,0.0005970001220703125,0.085905105783160907,0.086515971021358926,-0.086655597361518469,0.010384709049366262,0.35152676464417792,-0.010925761117484504,0.057461999999999999,0.0052750000000000002,0.205873,-3.1408072554263957,1.3066756510905948,-3.0511496917514473,0.057438401893766797,0.0052738848231569831,0.20578756318509733,-0.25997595480748137,-0.089543830704214816,0.96145431784601865,-0.023568749708289288,0.99598286212624754,0.086386644731677079,-0.96532741438287473,-0.00020182572653440606,-0.26104203168694817,8.8642899196141831e-05,2.846199803602478e-05
1.9650499820709229,1790954065.26634,0.00060009956359863281,0.085905105783160907,0.086515971021358926,-0.086655597361518469,0.010384709049366262,0.35152676464417792,-0.010925761117484504,0.057461999999999999,0.0052750000000000002,0.205873,-3.1408072554263957,1.3066756510905948,-3.0511496917514473,0.057438401893766797,0.0052738848231569831,0.20578756318509733,-0.25997595480748137,-0.089543830704214816,0.96145431784601865,-0.023568749708289288,0.99598286212624754,0.086386644731677079,-0.96532741438287473,-0.00020182572653440606,-0.26104203168694817,8.8642899196141831e-05,2.846199803602478e-05
1.9700260162353516,1790954065.2713161,0.00060009956359863281,0.085905105783160907,0.086515971021358926,-0.086655597361518469,0.010384709049366262,0.35152676464417792,-0.010925761117484504,0.057461999999999999,0.0052750000000000002,0.205873,-3.1408072554263957,1.3066756510905948,-3.0511496917514473,0.057438401893766797,0.0052738848231569831,0.20578756318509733,-0.25997595480748137,-0.089543830704214816,0.96145431784601865,-0.023568749708289288,0.99598286212624754,0.086386644731677079,-0.96532741438287473,-0.00020182572653440606,-0.26104203168694817,8.8642899196141831e-05,2.846199803602478e-05
1.9750499725341797,1790954065.27634,0.00060105323791503906,0.085905105783160907,0.086515971021358926,-0.086655597361518469,0.010384709049366262,0.35152676464417792,-0.010925761117484504,0.057461999999999999,0.0052750000000000002,0.205873,-3.1408072554263957,1.3066756510905948,-3.0511496917514473,0.057438401893766797,0.0052738848231569831,0.20578756318509733,-0.25997595480748137,-0.089543830704214816,0.96145431784601865,-0.023568749708289288,0.99598286212624754,0.086386644731677079,-0.96532741438287473,-0.00020182572653440606,-0.26104203168694817,8.8642899196141831e-05,2.846199803602478e-05
1.9800279140472412,1790954065.2813179,0.00059485435485839844,0.085905105783160907,0.086515971021358926,-0.086655597361518469,0.010384709049366262,0.35152676464417792,-0.010925761117484504,0.057461999999999999,0.0052750000000000002,0.205873,-3.1408072554263957,1.3066756510905948,-3.0511496917514473,0.057438401893766797,0.0052738848231569831,0.20578756318509733,-0.25997595480748137,-0.089543830704214816,0.96145431784601865,-0.023568749708289288,0.99598286212624754,0.086386644731677079,-0.96532741438287473,-0.00020182572653440606,-0.26104203168694817,8.8642899196141831e-05,2.846199803602478e-05
1.9850599765777588,1790954065.28635,0.00060296058654785156,0.085905105783160907,0.086515971021358926,-0.086655597361518469,0.010384709049366262,0.35152676464417792,-0.010925761117484504,0.057461999999999999,0.0052750000000000002,0.205873,-3.1408072554263957,1.3066756510905948,-3.0511496917514473,0.057438401893766797,0.0052738848231569831,0.20578756318509733,-0.25997595480748137,-0.089543830704214816,0.96145431784601865,-0.023568749708289288,0.99598286212624754,0.086386644731677079,-0.96532741438287473,-0.00020182572653440606,-0.26104203168694817,8.8642899196141831e-05,2.846199803602478e-05
1.9900238513946533,1790954065.2913139,0.0005970001220703125,0.085905105783160907,0.086515971021358926,-0.086655597361518469,0.010384709049366262,0.35152676464417792,-0.010925761117484504,0.057461999999999999,0.0052750000000000002,0.205873,-3.1408072554263957,1.3066756510905948,-3.0511496917514473,0.057438401893766797,0.0052738848231569831,0.20578756318509733,-0.25997595480748137,-0.089543830704214816,0.96145431784601865,-0.023568749708289288,0.99598286212624754,0.086386644731677079,-0.96532741438287473,-0.00020182572653440606,-0.26104203168694817,8.8642899196141831e-05,2.846199803602478e-05
1.9950499534606934,1790954065.29634,0.0005950927734375,0.085905105783160907,0.086515971021358926,-0.086655597361518469,0.010384709049366262,0.35152676464417792,-0.010925761117484504,0.057461999999999999,0.0052750000000000002,0.205873,-3.1408072554263957,1.3066756510905948,-3.0511496917514473,0.057438401893766797,0.0052738848231569831,0.20578756318509733,-0.25997595480748137,-0.089543830704214816,0.96145431784601865,-0.023568749708289288,0.99598286212624754,0.086386644731677079,-0.96532741438287473,-0.00020182572653440606,-0.26104203168694817,8.8642899196141831e-05,2.846199803602478e-05
2.0000998973846436,1790954065.3013899,0.00066685676574707031,0.085905105783160907,0.086515971021358926,-0.086655597361518469,0.010384709049366262,0.35152676464417792,-0.010925761117484504,0.057461999999999999,0.0052750000000000002,0.205873,-3.1408072554263957,1.3066756510905948,-3.0511496917514473,0.057438401893766797,0.0052738848231569831,0.20578756318509733,-0.25997595480748137,-0.089543830704214816,0.96145431784601865,-0.023568749708289288,0.99598286212624754,0.086386644731677079,-0.96532741438287473,-0.00020182572653440606,-0.26104203168694817,8.8642899196141831e-05,2.846199803602478e-05
2.0050508975982666,1790954065.3063409,0.00059986114501953125,0.085905105783160907,0.086515971021358926,-0.086655597361518469,0.010384709049366262,0.35152676464417792,-0.010925761117484504,0.057461999999999999,0.0052750000000000002,0.205873,-3.1408072554263957,1.3066756510905948,-3.0511496917514473,0.057438401893766797,0.0052738848231569831,0.20578756318509733,-0.25997595480748137,-0.089543830704214816,0.96145431784601865,-0.023568749708289288,0.99598286212624754,0.086386644731677079,-0.96532741438287473,-0.00020182572653440606,-0.26104203168694817,8.8642899196141831e-05,2.846199803602478e-05
2.0100300312042236,1790954065.3113201,0.00060105323791503906,0.085905105783160907,0.086515971021358926,-0.086655597361518469,0.010384709049366262,0.35152676464417792,-0.010925761117484504,0.057461999999999999,0.0052750000000000002,0.205873,-3.1408072554263957,1.3066756510905948,-3.0511496917514473,0.057438401893766797,0.0052738848231569831,0.20578756318509733,-0.25997595480748137,-0.089543830704214816,0.96145431784601865,-0.023568749708289288,0.99598286212624754,0.086386644731677079,-0.96532741438287473,-0.00020182572653440606,-0.26104203168694817,8.8642899196141831e-05,2.846199803602478e-05
2.015056848526001,1790954065.3163469,0.00050091743469238281,0.085905105783160907,0.086515971021358926,-0.086655597361518469,0.010384709049366262,0.35152676464417792,-0.010925761117484504,0.057461999999999999,0.0052750000000000002,0.205873,-3.1408072554263957,1.3066756510905948,-3.0511496917514473,0.057438401893766797,0.0052738848231569831,0.20578756318509733,-0.25997595480748137,-0.089543830704214816,0.96145431784601865,-0.023568749708289288,0.99598286212624754,0.086386644731677079,-0.96532741438287473,-0.00020182572653440606,-0.26104203168694817,8.8642899196141831e-05,2.846199803602478e-05
2.0200290679931641,1790954065.3213191,0.00060510635375976562,0.085905105783160907,0.086515971021358926,-0.086655597361518469,0.010384709049366262,0.35152676464417792,-0.010925761117484504,0.057461999999999999,0.0052750000000000002,0.205873,-3.1408072554263957,1.3066756510905948,-3.0511496917514473,0.057438401893766797,0.0052738848231569831,0.20578756318509733,-0.25997595480748137,-0.089543830704214816,0.96145431784601865,-0.023568749708289288,0.99598286212624754,0.086386644731677079,-0.96532741438287473,-0.00020182572653440606,-0.26104203168694817,8.8642899196141831e-05,2.846199803602478e-05
2.0250270366668701,1790954065.3263171,0.000576019287109375,0.085905105783160907,0.086515971021358926,-0.086655597361518469,0.010384709049366262,0.35152676464417792,-0.010925761117484504,0.057461999999999999,0.0052750000000000002,0.205873,-3.1408072554263957,1.3066756510905948,-3.0511496917514473,0.057438401893766797,0.0052738848231569831,0.20578756318509733,-0.25997595480748137,-0.089543830704214816,0.96145431784601865,-0.023568749708289288,0.99598286212624754,0.086386644731677079,-0.96532741438287473,-0.00020182572653440606,-0.26104203168694817,8.8642899196141831e-05,2.846199803602478e-05
2.0300250053405762,1790954065.331315,0.00059795379638671875,0.085905105783160907,0.086515971021358926,-0.086655597361518469,0.010384709049366262,0.35152676464417792,-0.010925761117484504,0.057461999999999999,0.0052750000000000002,0.205873,-3.1408072554263957,1.3066756510905948,-3.0511496917514473,0.057438401893766797,0.0052738848231569831,0.20578756318509733,-0.25997595480748137,-0.089543830704214816,0.96145431784601865,-0.023568749708289288,0.99598286212624754,0.086386644731677079,-0.96532741438287473,-0.00020182572653440606,-0.26104203168694817,8.8642899196141831e-05,2.846199803602478e-05
2.035053014755249,1790954065.3363431,0.00060200691223144531,0.085905105783160907,0.086515971021358926,-0.086655597361518469,0.010384709049366262,0.35152676464417792,-0.010925761117484504,0.057461999999999999,0.0052750000000000002,0.205873,-3.1408072554263957,1.3066756510905948,-3.0511496917514473,0.057438401893766797,0.0052738848231569831,0.20578756318509733,-0.25997595480748137,-0.089543830704214816,0.96145431784601865,-0.023568749708289288,0.99598286212624754,0.086386644731677079,-0.96532741438287473,-0.00020182572653440606,-0.26104203168694817,8.8642899196141831e-05,2.846199803602478e-05
2.040024995803833,1790954065.341315,0.00057196617126464844,0.085905105783160907,0.086515971021358926,-0.086655597361518469,0.010384709049366262,0.35152676464417792,-0.010925761117484504,0.057461999999999999,0.0052750000000000002,0.205873,-3.1408072554263957,1.3066756510905948,-3.0511496917514473,0.057438401893766797,0.0052738848231569831,0.20578756318509733,-0.25997595480748137,-0.089543830704214816,0.96145431784601865,-0.023568749708289288,0.99598286212624754,0.086386644731677079,-0.96532741438287473,-0.00020182572653440606,-0.26104203168694817,8.8642899196141831e-05,2.846199803602478e-05
2.0450229644775391,1790954065.346313,0.0005741119384765625,0.085905105783160907,0.086515971021358926,-0.086655597361518469,0.010384709049366262,0.35152676464417792,-0.010925761117484504,0.057461999999999999,0.0052750000000000002,0.205873,-3.1408072554263957,1.3066756510905948,-3.0511496917514473,0.057438401893766797,0.0052738848231569831,0.20578756318509733,-0.25997595480748137,-0.089543830704214816,0.96145431784601865,-0.023568749708289288,0.99598286212624754,0.086386644731677079,-0.96532741438287473,-0.00020182572653440606,-0.26104203168694817,8.8642899196141831e-05,2.846199803602478e-05
2.0500259399414062,1790954065.351316,0.00057291984558105469,0.085905105783160907,0.086515971021358926,-0.086655597361518469,0.010384709049366262,0.35152676464417792,-0.010925761117484504,0.057461999999999999,0.0052750000000000002,0.205873,-3.1408072554263957,1.3066756510905948,-3.0511496917514473,0.057438401893766797,0.0052738848231569831,0.20578756318509733,-0.25997595480748137,-0.089543830704214816,0.96145431784601865,-0.023568749708289288,0.99598286212624754,0.086386644731677079,-0.96532741438287473,-0.00020182572653440606,-0.26104203168694817,8.8642899196141831e-05,2.846199803602478e-05
2.0550508499145508,1790954065.3563409,0.00059485435485839844,0.085905105783160907,0.086515971021358926,-0.086655597361518469,0.010384709049366262,0.35152676464417792,-0.010925761117484504,0.057461999999999999,0.0052750000000000002,0.205873,-3.1408072554263957,1.3066756510905948,-3.0511496917514473,0.057438401893766797,0.0052738848231569831,0.20578756318509733,-0.25997595480748137,-0.089543830704214816,0.96145431784601865,-0.023568749708289288,0.99598286212624754,0.086386644731677079,-0.96532741438287473,-0.00020182572653440606,-0.26104203168694817,8.8642899196141831e-05,2.846199803602478e-05
2.0600500106811523,1790954065.36134,0.00059914588928222656,0.085905105783160907,0.086515971021358926,-0.086655597361518469,0.010384709049366262,0.35152676464417792,-0.010925761117484504,0.057461999999999999,0.0052750000000000002,0.205873,-3.1408072554263957,1.3066756510905948,-3.0511496917514473,0.057438401893766797,0.0052738848231569831,0.20578756318509733,-0.25997595480748137,-0.089543830704214816,0.96145431784601865,-0.023568749708289288,0.99598286212624754,0.086386644731677079,-0.96532741438287473,-0.00020182572653440606,-0.26104203168694817,8.8642899196141831e-05,2.846199803602478e-05
2.0650620460510254,1790954065.3663521,0.00060796737670898438,0.085905105783160907,0.086515971021358926,-0.086655597361518469,0.010384709049366262,0.35152676464417792,-0.010925761117484504,0.057461999999999999,0.0052750000000000002,0.205873,-3.1408072554263957,1.3066756510905948,-3.0511496917514473,0.057438401893766797,0.0052738848231569831,0.20578756318509733,-0.25997595480748137,-0.089543830704214816,0.96145431784601865,-0.023568749708289288,0.99598286212624754,0.086386644731677079,-0.96532741438287473,-0.00020182572653440606,-0.26104203168694817,8.8642899196141831e-05,2.846199803602478e-05
2.0700280666351318,1790954065.3713181,0.00060105323791503906,0.085905105783160907,0.086515971021358926,-0.086655597361518469,0.010384709049366262,0.35152676464417792,-0.010925761117484504,0.057461999999999999,0.0052750000000000002,0.205873,-3.1408072554263957,1.3066756510905948,-3.0511496917514473,0.057438401893766797,0.0052738848231569831,0.20578756318509733,-0.25997595480748137,-0.089543830704214816,0.96145431784601865,-0.023568749708289288,0.99598286212624754,0.086386644731677079,-0.96532741438287473,-0.00020182572653440606,-0.26104203168694817,8.8642899196141831e-05,2.846199803602478e-05
2.0750489234924316,1790954065.376339,0.000598907470703125,0.085905105783160907,0.086515971021358926,-0.086655597361518469,0.010384709049366262,0.35152676464417792,-0.010925761117484504,0.057461999999999999,0.0052750000000000002,0.205873,-3.1408072554263957,1.3066756510905948,-3.0511496917514473,0.057438401893766797,0.0052738848231569831,0.20578756318509733,-0.25997595480748137,-0.089543830704214816,0.96145431784601865,-0.023568749708289288,0.99598286212624754,0.086386644731677079,-0.96532741438287473,-0.00020182572653440606,-0.26104203168694817,8.8642899196141831e-05,2.846199803602478e-05
2.0800268650054932,1790954065.3813169,0.00059986114501953125,0.085905105783160907,0.086515971021358926,-0.086655597361518469,0.010384709049366262,0.35152676464417792,-0.010925761117484504,0.057461999999999999,0.0052750000000000002,0.205873,-3.1408072554263957,1.3066756510905948,-3.0511496917514473,0.057438401893766797,0.0052738848231569831,0.20578756318509733,-0.25997595480748137,-0.089543830704214816,0.96145431784601865,-0.023568749708289288,0.99598286212624754,0.086386644731677079,-0.96532741438287473,-0.00020182572653440606,-0.26104203168694817,8.8642899196141831e-05,2.846199803602478e-05
2.0850570201873779,1790954065.3863471,0.00063014030456542969,0.085905105783160907,0.086515971021358926,-0.086655597361518469,0.010384709049366262,0.35152676464417792,-0.010925761117484504,0.057461999999999999,0.0052750000000000002,0.205873,-3.1408072554263957,1.3066756510905948,-3.0511496917514473,0.057438401893766797,0.0052738848231569831,0.20578756318509733,-0.25997595480748137,-0.089543830704214816,0.96145431784601865,-0.023568749708289288,0.99598286212624754,0.086386644731677079,-0.96532741438287473,-0.00020182572653440606,-0.26104203168694817,8.8642899196141831e-05,2.846199803602478e-05
2.0900259017944336,1790954065.3913159,0.00059795379638671875,0.085905105783160907,0.086515971021358926,-0.086655597361518469,0.010384709049366262,0.35152676464417792,-0.010925761117484504,0.057461999999999999,0.0052750000000000002,0.205873,-3.1408072554263957,1.3066756510905948,-3.0511496917514473,0.057438401893766797,0.0052738848231569831,0.20578756318509733,-0.25997595480748137,-0.089543830704214816,0.96145431784601865,-0.023568749708289288,0.99598286212624754,0.086386644731677079,-0.96532741438287473,-0.00020182572653440606,-0.26104203168694817,8.8642899196141831e-05,2.846199803602478e-05
2.0950489044189453,1790954065.3963389,0.00059986114501953125,0.085905105783160907,0.086515971021358926,-0.086655597361518469,0.010384709049366262,0.35152676464417792,-0.010925761117484504,0.057461999999999999,0.0052750000000000002,0.205873,-3.1408072554263957,1.3066756510905948,-3.0511496917514473,0.057438401893766797,0.0052738848231569831,0.20578756318509733,-0.25997595480748137,-0.089543830704214816,0.96145431784601865,-0.023568749708289288,0.99598286212624754,0.086386644731677079,-0.96532741438287473,-0.00020182572653440606,-0.26104203168694817,8.8642899196141831e-05,2.846199803602478e-05
2.1000280380249023,1790954065.4013181,0.00060105323791503906,0.085905105783160907,0.086515971021358926,-0.086655597361518469,0.010384709049366262,0.35152676464417792,-0.010925761117484504,0.057461999999999999,0.0052750000000000002,0.205873,-3.1408072554263957,1.3066756510905948,-3.0511496917514473,0.057438401893766797,0.0052738848231569831,0.20578756318509733,-0.25997595480748137,-0.089543830704214816,0.96145431784601865,-0.023568749708289288,0.99598286212624754,0.086386644731677079,-0.96532741438287473,-0.00020182572653440606,-0.26104203168694817,8.8642899196141831e-05,2.846199803602478e-05
2.1050498485565186,1790954065.4063399,0.0005970001220703125,0.085905105783160907,0.086515971021358926,-0.086655597361518469,0.010384709049366262,0.35152676464417792,-0.010925761117484504,0.057461999999999999,0.0052750000000000002,0.205873,-3.1408072554263957,1.3066756510905948,-3.0511496917514473,0.057438401893766797,0.0052738848231569831,0.20578756318509733,-0.25997595480748137,-0.089543830704214816,0.96145431784601865,-0.023568749708289288,0.99598286212624754,0.086386644731677079,-0.96532741438287473,-0.00020182572653440606,-0.26104203168694817,8.8642899196141831e-05,2.846199803602478e-05
2.110023021697998,1790954065.4113131,0.00059914588928222656,0.085905105783160907,0.086515971021358926,-0.086655597361518469,0.010384709049366262,0.35152676464417792,-0.010925761117484504,0.057461999999999999,0.0052750000000000002,0.205873,-3.1408072554263957,1.3066756510905948,-3.0511496917514473,0.057438401893766797,0.0052738848231569831,0.20578756318509733,-0.25997595480748137,-0.089543830704214816,0.96145431784601865,-0.023568749708289288,0.99598286212624754,0.086386644731677079,-0.96532741438287473,-0.00020182572653440606,-0.26104203168694817,8.8642899196141831e-05,2.846199803602478e-05
2.1150519847869873,1790954065.416342,0.00059795379638671875,0.085905105783160907,0.086515971021358926,-0.086655597361518469,0.010384709049366262,0.35152676464417792,-0.010925761117484504,0.057461999999999999,0.0052750000000000002,0.205873,-3.1408072554263957,1.3066756510905948,-3.0511496917514473,0.057438401893766797,0.0052738848231569831,0.20578756318509733,-0.25997595480748137,-0.089543830704214816,0.96145431784601865,-0.023568749708289288,0.99598286212624754,0.086386644731677079,-0.96532741438287473,-0.00020182572653440606,-0.26104203168694817,8.8642899196141831e-05,2.846199803602478e-05
2.1200270652770996,1790954065.4213171,0.00060009956359863281,0.085905105783160907,0.086515971021358926,-0.086655597361518469,0.010384709049366262,0.35152676464417792,-0.010925761117484504,0.057461999999999999,0.0052750000000000002,0.205873,-3.1408072554263957,1.3066756510905948,-3.0511496917514473,0.057438401893766797,0.0052738848231569831,0.20578756318509733,-0.25997595480748137,-0.089543830704214816,0.96145431784601865,-0.023568749708289288,0.99598286212624754,0.086386644731677079,-0.96532741438287473,-0.00020182572653440606,-0.26104203168694817,8.8642899196141831e-05,2.846199803602478e-05
2.1250488758087158,1790954065.4263389,0.00059485435485839844,0.085905105783160907,0.086515971021358926,-0.086655597361518469,0.010384709049366262,0.35152676464417792,-0.010925761117484504,0.057461999999999999,0.0052750000000000002,0.205873,-3.1408072554263957,1.3066756510905948,-3.0511496917514473,0.057438401893766797,0.0052738848231569831,0.20578756318509733,-0.25997595480748137,-0.089543830704214816,0.96145431784601865,-0.023568749708289288,0.99598286212624754,0.086386644731677079,-0.96532741438287473,-0.00020182572653440606,-0.26104203168694817,8.8642899196141831e-05,2.846199803602478e-05
2.1300489902496338,1790954065.431339,0.00062513351440429688,0.085905105783160907,0.086515971021358926,-0.086655597361518469,0.010384709049366262,0.35152676464417792,-0.010925761117484504,0.057461999999999999,0.0052750000000000002,0.205873,-3.1408072554263957,1.3066756510905948,-3.0511496917514473,0.057438401893766797,0.0052738848231569831,0.20578756318509733,-0.25997595480748137,-0.089543830704214816,0.96145431784601865,-0.023568749708289288,0.99598286212624754,0.086386644731677079,-0.96532741438287473,-0.00020182572653440606,-0.26104203168694817,8.8642899196141831e-05,2.846199803602478e-05
2.13503098487854,1790954065.436321,0.0005779266357421875,0.085905105783160907,0.086515971021358926,-0.086655597361518469,0.010384709049366262,0.35152676464417792,-0.010925761117484504,0.057461999999999999,0.0052750000000000002,0.205873,-3.1408072554263957,1.3066756510905948,-3.0511496917514473,0.057438401893766797,0.0052738848231569831,0.20578756318509733,-0.25997595480748137,-0.089543830704214816,0.96145431784601865,-0.023568749708289288,0.99598286212624754,0.086386644731677079,-0.96532741438287473,-0.00020182572653440606,-0.26104203168694817,8.8642899196141831e-05,2.846199803602478e-05
2.1400289535522461,1790954065.441319,0.00060510635375976562,0.085905105783160907,0.086515971021358926,-0.086655597361518469,0.010384709049366262,0.35152676464417792,-0.010925761117484504,0.057461999999999999,0.0052750000000000002,0.205873,-3.1408072554263957,1.3066756510905948,-3.0511496917514473,0.057438401893766797,0.0052738848231569831,0.20578756318509733,-0.25997595480748137,-0.089543830704214816,0.96145431784601865,-0.023568749708289288,0.99598286212624754,0.086386644731677079,-0.96532741438287473,-0.00020182572653440606,-0.26104203168694817,8.8642899196141831e-05,2.846199803602478e-05
2.1450510025024414,1790954065.446341,0.00060009956359863281,0.085905105783160907,0.086515971021358926,-0.086655597361518469,0.010384709049366262,0.35152676464417792,-0.010925761117484504,0.057461999999999999,0.0052750000000000002,0.205873,-3.1408072554263957,1.3066756510905948,-3.0511496917514473,0.057438401893766797,0.0052738848231569831,0.20578756318509733,-0.25997595480748137,-0.089543830704214816,0.96145431784601865,-0.023568749708289288,0.99598286212624754,0.086386644731677079,-0.96532741438287473,-0.00020182572653440606,-0.26104203168694817,8.8642899196141831e-05,2.846199803602478e-05
2.1500260829925537,1790954065.4513161,0.0005741119384765625,0.085905105783160907,0.086515971021358926,-0.086655597361518469,0.010384709049366262,0.35152676464417792,-0.010925761117484504,0.057461999999999999,0.0052750000000000002,0.205873,-3.1408072554263957,1.3066756510905948,-3.0511496917514473,0.057438401893766797,0.0052738848231569831,0.20578756318509733,-0.25997595480748137,-0.089543830704214816,0.96145431784601865,-0.023568749708289288,0.99598286212624754,0.086386644731677079,-0.96532741438287473,-0.00020182572653440606,-0.26104203168694817,8.8642899196141831e-05,2.846199803602478e-05
2.1550500392913818,1790954065.4563401,0.00060105323791503906,0.085905105783160907,0.086515971021358926,-0.086655597361518469,0.010384709049366262,0.35152676464417792,-0.010925761117484504,0.057461999999999999,0.0052750000000000002,0.205873,-3.1408072554263957,1.3066756510905948,-3.0511496917514473,0.057438401893766797,0.0052738848231569831,0.20578756318509733,-0.25997595480748137,-0.089543830704214816,0.96145431784601865,-0.023568749708289288,0.99598286212624754,0.086386644731677079,-0.96532741438287473,-0.00020182572653440606,-0.26104203168694817,8.8642899196141831e-05,2.846199803602478e-05
2.160024881362915,1790954065.4613149,0.000576019287109375,0.085905105783160907,0.086515971021358926,-0.086655597361518469,0.010384709049366262,0.35152676464417792,-0.010925761117484504,0.057461999999999999,0.0052750000000000002,0.205873,-3.1408072554263957,1.3066756510905948,-3.0511496917514473,0.057438401893766797,0.0052738848231569831,0.20578756318509733,-0.25997595480748137,-0.089543830704214816,0.96145431784601865,-0.023568749708289288,0.99598286212624754,0.086386644731677079,-0.96532741438287473,-0.00020182572653440606,-0.26104203168694817,8.8642899196141831e-05,2.846199803602478e-05
2.1650509834289551,1790954065.466341,0.00060009956359863281,0.085905105783160907,0.086515971021358926,-0.086655597361518469,0.010384709049366262,0.35152676464417792,-0.010925761117484504,0.057461999999999999,0.0052750000000000002,0.205873,-3.1408072554263957,1.3066756510905948,-3.0511496917514473,0.057438401893766797,0.0052738848231569831,0.20578756318509733,-0.25997595480748137,-0.089543830704214816,0.96145431784601865,-0.023568749708289288,0.99598286212624754,0.086386644731677079,-0.96532741438287473,-0.00020182572653440606,-0.26104203168694817,8.8642899196141831e-05,2.846199803602478e-05
2.1700260639190674,1790954065.4713161,0.00059819221496582031,0.085905105783160907,0.086515971021358926,-0.086655597361518469,0.010384709049366262,0.35152676464417792,-0.010925761117484504,0.057461999999999999,0.0052750000000000002,0.205873,-3.1408072554263957,1.3066756510905948,-3.0511496917514473,0.057438401893766797,0.0052738848231569831,0.20578756318509733,-0.25997595480748137,-0.089543830704214816,0.96145431784601865,-0.023568749708289288,0.99598286212624754,0.086386644731677079,-0.96532741438287473,-0.00020182572653440606,-0.26104203168694817,8.8642899196141831e-05,2.846199803602478e-05
2.1750490665435791,1790954065.4763391,0.00059819221496582031,0.085905105783160907,0.086515971021358926,-0.086655597361518469,0.010384709049366262,0.35152676464417792,-0.010925761117484504,0.057461999999999999,0.0052750000000000002,0.205873,-3.1408072554263957,1.3066756510905948,-3.0511496917514473,0.057438401893766797,0.0052738848231569831,0.20578756318509733,-0.25997595480748137,-0.089543830704214816,0.96145431784601865,-0.023568749708289288,0.99598286212624754,0.086386644731677079,-0.96532741438287473,-0.00020182572653440606,-0.26104203168694817,8.8642899196141831e-05,2.846199803602478e-05
2.1800248622894287,1790954065.4813149,0.000598907470703125,0.085905105783160907,0.086515971021358926,-0.086655597361518469,0.010384709049366262,0.35152676464417792,-0.010925761117484504,0.057461999999999999,0.0052750000000000002,0.205873,-3.1408072554263957,1.3066756510905948,-3.0511496917514473,0.057438401893766797,0.0052738848231569831,0.20578756318509733,-0.25997595480748137,-0.089543830704214816,0.96145431784601865,-0.023568749708289288,0.99598286212624754,0.086386644731677079,-0.96532741438287473,-0.00020182572653440606,-0.26104203168694817,8.8642899196141831e-05,2.846199803602478e-05
2.1850478649139404,1790954065.4863379,0.0005970001220703125,0.085905105783160907,0.086515971021358926,-0.086655597361518469,0.010384709049366262,0.35152676464417792,-0.010925761117484504,0.057461999999999999,0.0052750000000000002,0.205873,-3.1408072554263957,1.3066756510905948,-3.0511496917514473,0.057438401893766797,0.0052738848231569831,0.20578756318509733,-0.25997595480748137,-0.089543830704214816,0.96145431784601865,-0.023568749708289288,0.99598286212624754,0.086386644731677079,-0.96532741438287473,-0.00020182572653440606,-0.26104203168694817,8.8642899196141831e-05,2.846199803602478e-05
2.1900238990783691,1790954065.4913139,0.0005970001220703125,0.085905105783160907,0.086515971021358926,-0.086655597361518469,0.010384709049366262,0.35152676464417792,-0.010925761117484504,0.057461999999999999,0.0052750000000000002,0.205873,-3.1408072554263957,1.3066756510905948,-3.0511496917514473,0.057438401893766797,0.0052738848231569831,0.20578756318509733,-0.25997595480748137,-0.089543830704214816,0.96145431784601865,-0.023568749708289288,0.99598286212624754,0.086386644731677079,-0.96532741438287473,-0.00020182572653440606,-0.26104203168694817,8.8642899196141831e-05,2.846199803602478e-05
2.1950550079345703,1790954065.496345,0.00060510635375976562,0.085905105783160907,0.086515971021358926,-0.086655597361518469,0.010384709049366262,0.35152676464417792,-0.010925761117484504,0.057461999999999999,0.0052750000000000002,0.205873,-3.1408072554263957,1.3066756510905948,-3.0511496917514473,0.057438401893766797,0.0052738848231569831,0.20578756318509733,-0.25997595480748137,-0.089543830704214816,0.96145431784601865,-0.023568749708289288,0.99598286212624754,0.086386644731677079,-0.96532741438287473,-0.00020182572653440606,-0.26104203168694817,8.8642899196141831e-05,2.846199803602478e-05
2.2000260353088379,1790954065.5013161,0.00060200691223144531,0.085905105783160907,0.086515971021358926,-0.086655597361518469,0.010384709049366262,0.35152676464417792,-0.010925761117484504,0.057461999999999999,0.0052750000000000002,0.205873,-3.1408072554263957,1.3066756510905948,-3.0511496917514473,0.057438401893766797,0.0052738848231569831,0.20578756318509733,-0.25997595480748137,-0.089543830704214816,0.96145431784601865,-0.023568749708289288,0.99598286212624754,0.086386644731677079,-0.96532741438287473,-0.00020182572653440606,-0.26104203168694817,8.8642899196141831e-05,2.846199803602478e-05
2.2050509452819824,1790954065.506341,0.00060105323791503906,0.085905105783160907,0.086515971021358926,-0.086655597361518469,0.010384709049366262,0.35152676464417792,-0.010925761117484504,0.057461999999999999,0.0052750000000000002,0.205873,-3.1408072554263957,1.3066756510905948,-3.0511496917514473,0.057438401893766797,0.0052738848231569831,0.20578756318509733,-0.25997595480748137,-0.089543830704214816,0.96145431784601865,-0.023568749708289288,0.99598286212624754,0.086386644731677079,-0.96532741438287473,-0.00020182572653440606,-0.26104203168694817,8.8642899196141831e-05,2.846199803602478e-05
2.2100498676300049,1790954065.5113399,0.00062680244445800781,0.085905105783160907,0.086515971021358926,-0.086655597361518469,0.010384709049366262,0.35152676464417792,-0.010925761117484504,0.057461999999999999,0.0052750000000000002,0.205873,-3.1408072554263957,1.3066756510905948,-3.0511496917514473,0.057438401893766797,0.0052738848231569831,0.20578756318509733,-0.25997595480748137,-0.089543830704214816,0.96145431784601865,-0.023568749708289288,0.99598286212624754,0.086386644731677079,-0.96532741438287473,-0.00020182572653440606,-0.26104203168694817,8.8642899196141831e-05,2.846199803602478e-05
2.2150530815124512,1790954065.5163431,0.00060319900512695312,0.085905105783160907,0.086515971021358926,-0.086655597361518469,0.010384709049366262,0.35152676464417792,-0.010925761117484504,0.057461999999999999,0.0052750000000000002,0.205873,-3.1408072554263957,1.3066756510905948,-3.0511496917514473,0.057438401893766797,0.0052738848231569831,0.20578756318509733,-0.25997595480748137,-0.089543830704214816,0.96145431784601865,-0.023568749708289288,0.99598286212624754,0.086386644731677079,-0.96532741438287473,-0.00020182572653440606,-0.26104203168694817,8.8642899196141831e-05,2.846199803602478e-05
2.2200238704681396,1790954065.5213139,0.000598907470703125,0.085905105783160907,0.086515971021358926,-0.086655597361518469,0.010384709049366262,0.35152676464417792,-0.010925761117484504,0.057461999999999999,0.0052750000000000002,0.205873,-3.1408072554263957,1.3066756510905948,-3.0511496917514473,0.057438401893766797,0.0052738848231569831,0.20578756318509733,-0.25997595480748137,-0.089543830704214816,0.96145431784601865,-0.023568749708289288,0.99598286212624754,0.086386644731677079,-0.96532741438287473,-0.00020182572653440606,-0.26104203168694817,8.8642899196141831e-05,2.846199803602478e-05
2.2250518798828125,1790954065.5263419,0.00060391426086425781,0.085905105783160907,0.086515971021358926,-0.086655597361518469,0.010384709049366262,0.35152676464417792,-0.010925761117484504,0.057461999999999999,0.0052750000000000002,0.205873,-3.1408072554263957,1.3066756510905948,-3.0511496917514473,0.057438401893766797,0.0052738848231569831,0.20578756318509733,-0.25997595480748137,-0.089543830704214816,0.96145431784601865,-0.023568749708289288,0.99598286212624754,0.086386644731677079,-0.96532741438287473,-0.00020182572653440606,-0.26104203168694817,8.8642899196141831e-05,2.846199803602478e-05
2.230025053024292,1790954065.5313151,0.00059914588928222656,0.085905105783160907,0.086515971021358926,-0.086655597361518469,0.010384709049366262,0.35152676464417792,-0.010925761117484504,0.057461999999999999,0.0052750000000000002,0.205873,-3.1408072554263957,1.3066756510905948,-3.0511496917514473,0.057438401893766797,0.0052738848231569831,0.20578756318509733,-0.25997595480748137,-0.089543830704214816,0.96145431784601865,-0.023568749708289288,0.99598286212624754,0.086386644731677079,-0.96532741438287473,-0.00020182572653440606,-0.26104203168694817,8.8642899196141831e-05,2.846199803602478e-05
2.2350509166717529,1790954065.536341,0.000598907470703125,0.085905105783160907,0.086515971021358926,-0.086655597361518469,0.010384709049366262,0.35152676464417792,-0.010925761117484504,0.057461999999999999,0.0052750000000000002,0.205873,-3.1408072554263957,1.3066756510905948,-3.0511496917514473,0.057438401893766797,0.0052738848231569831,0.20578756318509733,-0.25997595480748137,-0.089543830704214816,0.96145431784601865,-0.023568749708289288,0.99598286212624754,0.086386644731677079,-0.96532741438287473,-0.00020182572653440606,-0.26104203168694817,8.8642899196141831e-05,2.846199803602478e-05
2.2400250434875488,1790954065.5413151,0.00057506561279296875,0.085905105783160907,0.086515971021358926,-0.086655597361518469,0.010384709049366262,0.35152676464417792,-0.010925761117484504,0.057461999999999999,0.0052750000000000002,0.205873,-3.1408072554263957,1.3066756510905948,-3.0511496917514473,0.057438401893766797,0.0052738848231569831,0.20578756318509733,-0.25997595480748137,-0.089543830704214816,0.96145431784601865,-0.023568749708289288,0.99598286212624754,0.086386644731677079,-0.96532741438287473,-0.00020182572653440606,-0.26104203168694817,8.8642899196141831e-05,2.846199803602478e-05
2.2450518608093262,1790954065.5463419,0.0006008148193359375,0.085905105783160907,0.086515971021358926,-0.086655597361518469,0.010384709049366262,0.35152676464417792,-0.010925761117484504,0.057461999999999999,0.0052750000000000002,0.205873,-3.1408072554263957,1.3066756510905948,-3.0511496917514473,0.057438401893766797,0.0052738848231569831,0.20578756318509733,-0.25997595480748137,-0.089543830704214816,0.96145431784601865,-0.023568749708289288,0.99598286212624754,0.086386644731677079,-0.96532741438287473,-0.00020182572653440606,-0.26104203168694817,8.8642899196141831e-05,2.846199803602478e-05
2.2500250339508057,1790954065.5513151,0.00059914588928222656,0.085905105783160907,0.086515971021358926,-0.086655597361518469,0.010384709049366262,0.35152676464417792,-0.010925761117484504,0.057461999999999999,0.0052750000000000002,0.205873,-3.1408072554263957,1.3066756510905948,-3.0511496917514473,0.057438401893766797,0.0052738848231569831,0.20578756318509733,-0.25997595480748137,-0.089543830704214816,0.96145431784601865,-0.023568749708289288,0.99598286212624754,0.086386644731677079,-0.96532741438287473,-0.00020182572653440606,-0.26104203168694817,8.8642899196141831e-05,2.846199803602478e-05
2.2550239562988281,1790954065.556314,0.00057387351989746094,0.085905105783160907,0.086515971021358926,-0.086655597361518469,0.010384709049366262,0.35152676464417792,-0.010925761117484504,0.057461999999999999,0.0052750000000000002,0.205873,-3.1408072554263957,1.3066756510905948,-3.0511496917514473,0.057438401893766797,0.0052738848231569831,0.20578756318509733,-0.25997595480748137,-0.089543830704214816,0.96145431784601865,-0.023568749708289288,0.99598286212624754,0.086386644731677079,-0.96532741438287473,-0.00020182572653440606,-0.26104203168694817,8.8642899196141831e-05,2.846199803602478e-05
2.2600500583648682,1790954065.5613401,0.00062513351440429688,0.085905105783160907,0.086515971021358926,-0.086655597361518469,0.010384709049366262,0.35152676464417792,-0.010925761117484504,0.057461999999999999,0.0052750000000000002,0.205873,-3.1408072554263957,1.3066756510905948,-3.0511496917514473,0.057438401893766797,0.0052738848231569831,0.20578756318509733,-0.25997595480748137,-0.089543830704214816,0.96145431784601865,-0.023568749708289288,0.99598286212624754,0.086386644731677079,-0.96532741438287473,-0.00020182572653440606,-0.26104203168694817,8.8642899196141831e-05,2.846199803602478e-05
2.2650520801544189,1790954065.5663421,0.00060105323791503906,0.085905105783160907,0.086515971021358926,-0.086655597361518469,0.010384709049366262,0.35152676464417792,-0.010925761117484504,0.057461999999999999,0.0052750000000000002,0.205873,-3.1408072554263957,1.3066756510905948,-3.0511496917514473,0.057438401893766797,0.0052738848231569831,0.20578756318509733,-0.25997595480748137,-0.089543830704214816,0.96145431784601865,-0.023568749708289288,0.99598286212624754,0.086386644731677079,-0.96532741438287473,-0.00020182572653440606,-0.26104203168694817,8.8642899196141831e-05,2.846199803602478e-05
2.2700240612030029,1790954065.5713141,0.00059914588928222656,0.085905105783160907,0.086515971021358926,-0.086655597361518469,0.010384709049366262,0.35152676464417792,-0.010925761117484504,0.057461999999999999,0.0052750000000000002,0.205873,-3.1408072554263957,1.3066756510905948,-3.0511496917514473,0.057438401893766797,0.0052738848231569831,0.20578756318509733,-0.25997595480748137,-0.089543830704214816,0.96145431784601865,-0.023568749708289288,0.99598286212624754,0.086386644731677079,-0.96532741438287473,-0.00020182572653440606,-0.26104203168694817,8.8642899196141831e-05,2.846199803602478e-05
2.2750489711761475,1790954065.576339,0.00060009956359863281,0.085905105783160907,0.086515971021358926,-0.086655597361518469,0.010384709049366262,0.35152676464417792,-0.010925761117484504,0.057461999999999999,0.0052750000000000002,0.205873,-3.1408072554263957,1.3066756510905948,-3.0511496917514473,0.057438401893766797,0.0052738848231569831,0.20578756318509733,-0.25997595480748137,-0.089543830704214816,0.96145431784601865,-0.023568749708289288,0.99598286212624754,0.086386644731677079,-0.96532741438287473,-0.00020182572653440606,-0.26104203168694817,8.8642899196141831e-05,2.846199803602478e-05
2.2800250053405762,1790954065.581315,0.00057506561279296875,0.085905105783160907,0.086515971021358926,-0.086655597361518469,0.010384709049366262,0.35152676464417792,-0.010925761117484504,0.057461999999999999,0.0052750000000000002,0.205873,-3.1408072554263957,1.3066756510905948,-3.0511496917514473,0.057438401893766797,0.0052738848231569831,0.20578756318509733,-0.25997595480748137,-0.089543830704214816,0.96145431784601865,-0.023568749708289288,0.99598286212624754,0.086386644731677079,-0.96532741438287473,-0.00020182572653440606,-0.26104203168694817,8.8642899196141831e-05,2.846199803602478e-05
2.2850489616394043,1790954065.586339,0.00059795379638671875,0.085905105783160907,0.086515971021358926,-0.086655597361518469,0.010384709049366262,0.35152676464417792,-0.010925761117484504,0.057461999999999999,0.0052750000000000002,0.205873,-3.1408072554263957,1.3066756510905948,-3.0511496917514473,0.057438401893766797,0.0052738848231569831,0.20578756318509733,-0.25997595480748137,-0.089543830704214816,0.96145431784601865,-0.023568749708289288,0.99598286212624754,0.086386644731677079,-0.96532741438287473,-0.00020182572653440606,-0.26104203168694817,8.8642899196141831e-05,2.846199803602478e-05
2.2900259494781494,1790954065.591316,0.00057101249694824219,0.085905105783160907,0.086515971021358926,-0.086655597361518469,0.010384709049366262,0.35152676464417792,-0.010925761117484504,0.057461999999999999,0.0052750000000000002,0.205873,-3.1408072554263957,1.3066756510905948,-3.0511496917514473,0.057438401893766797,0.0052738848231569831,0.20578756318509733,-0.25997595480748137,-0.089543830704214816,0.96145431784601865,-0.023568749708289288,0.99598286212624754,0.086386644731677079,-0.96532741438287473,-0.00020182572653440606,-0.26104203168694817,8.8642899196141831e-05,2.846199803602478e-05
2.2950990200042725,1790954065.5963891,0.0006160736083984375,0.085905105783160907,0.086515971021358926,-0.086655597361518469,0.010384709049366262,0.35152676464417792,-0.010925761117484504,0.057461999999999999,0.0052750000000000002,0.205873,-3.1408072554263957,1.3066756510905948,-3.0511496917514473,0.057438401893766797,0.0052738848231569831,0.20578756318509733,-0.25997595480748137,-0.089543830704214816,0.96145431784601865,-0.023568749708289288,0.99598286212624754,0.086386644731677079,-0.96532741438287473,-0.00020182572653440606,-0.26104203168694817,8.8642899196141831e-05,2.846199803602478e-05
2.3000268936157227,1790954065.6013169,0.0006008148193359375,0.085905105783160907,0.086515971021358926,-0.086655597361518469,0.010384709049366262,0.35152676464417792,-0.010925761117484504,0.057461999999999999,0.0052750000000000002,0.205873,-3.1408072554263957,1.3066756510905948,-3.0511496917514473,0.057438401893766797,0.0052738848231569831,0.20578756318509733,-0.25997595480748137,-0.089543830704214816,0.96145431784601865,-0.023568749708289288,0.99598286212624754,0.086386644731677079,-0.96532741438287473,-0.00020182572653440606,-0.26104203168694817,8.8642899196141831e-05,2.846199803602478e-05
2.3051669597625732,1790954065.606457,0.00070309638977050781,0.085905105783160907,0.086515971021358926,-0.086655597361518469,0.010384709049366262,0.35152676464417792,-0.010925761117484504,0.057461999999999999,0.0052750000000000002,0.205873,-3.1408072554263957,1.3066756510905948,-3.0511496917514473,0.057438401893766797,0.0052738848231569831,0.20578756318509733,-0.25997595480748137,-0.089543830704214816,0.96145431784601865,-0.023568749708289288,0.99598286212624754,0.086386644731677079,-0.96532741438287473,-0.00020182572653440606,-0.26104203168694817,8.8642899196141831e-05,2.846199803602478e-05
2.3100240230560303,1790954065.6113141,0.00056099891662597656,0.085905105783160907,0.086515971021358926,-0.086655597361518469,0.010384709049366262,0.35152676464417792,-0.010925761117484504,0.057461999999999999,0.0052750000000000002,0.205873,-3.1408072554263957,1.3066756510905948,-3.0511496917514473,0.057438401893766797,0.0052738848231569831,0.20578756318509733,-0.25997595480748137,-0.089543830704214816,0.96145431784601865,-0.023568749708289288,0.99598286212624754,0.086386644731677079,-0.96532741438287473,-0.00020182572653440606,-0.26104203168694817,8.8642899196141831e-05,2.846199803602478e-05
2.3150510787963867,1790954065.6163411,0.0005950927734375,0.085905105783160907,0.086515971021358926,-0.086655597361518469,0.010384709049366262,0.35152676464417792,-0.010925761117484504,0.057461999999999999,0.0052750000000000002,0.205873,-3.1408072554263957,1.3066756510905948,-3.0511496917514473,0.057438401893766797,0.0052738848231569831,0.20578756318509733,-0.25997595480748137,-0.089543830704214816,0.96145431784601865,-0.023568749708289288,0.99598286212624754,0.086386644731677079,-0.96532741438287473,-0.00020182572653440606,-0.26104203168694817,8.8642899196141831e-05,2.846199803602478e-05
2.3200440406799316,1790954065.6213341,0.00059819221496582031,0.085905105783160907,0.086515971021358926,-0.086655597361518469,0.010384709049366262,0.35152676464417792,-0.010925761117484504,0.057461999999999999,0.0052750000000000002,0.205873,-3.1408072554263957,1.3066756510905948,-3.0511496917514473,0.057438401893766797,0.0052738848231569831,0.20578756318509733,-0.25997595480748137,-0.089543830704214816,0.96145431784601865,-0.023568749708289288,0.99598286212624754,0.086386644731677079,-0.96532741438287473,-0.00020182572653440606,-0.26104203168694817,8.8642899196141831e-05,2.846199803602478e-05
2.32511305809021,1790954065.6264031,0.00065898895263671875,0.085905105783160907,0.086515971021358926,-0.086655597361518469,0.010384709049366262,0.35152676464417792,-0.010925761117484504,0.057461999999999999,0.0052750000000000002,0.205873,-3.1408072554263957,1.3066756510905948,-3.0511496917514473,0.057438401893766797,0.0052738848231569831,0.20578756318509733,-0.25997595480748137,-0.089543830704214816,0.96145431784601865,-0.023568749708289288,0.99598286212624754,0.086386644731677079,-0.96532741438287473,-0.00020182572653440606,-0.26104203168694817,8.8642899196141831e-05,2.846199803602478e-05
2.3301248550415039,1790954065.6314149,0.00067996978759765625,0.085905105783160907,0.086515971021358926,-0.086655597361518469,0.010384709049366262,0.35152676464417792,-0.010925761117484504,0.057461999999999999,0.0052750000000000002,0.205873,-3.1408072554263957,1.3066756510905948,-3.0511496917514473,0.057438401893766797,0.0052738848231569831,0.20578756318509733,-0.25997595480748137,-0.089543830704214816,0.96145431784601865,-0.023568749708289288,0.99598286212624754,0.086386644731677079,-0.96532741438287473,-0.00020182572653440606,-0.26104203168694817,8.8642899196141831e-05,2.846199803602478e-05
2.3350520133972168,1790954065.636342,0.0005950927734375,0.085905105783160907,0.086515971021358926,-0.086655597361518469,0.010384709049366262,0.35152676464417792,-0.010925761117484504,0.057461999999999999,0.0052750000000000002,0.205873,-3.1408072554263957,1.3066756510905948,-3.0511496917514473,0.057438401893766797,0.0052738848231569831,0.20578756318509733,-0.25997595480748137,-0.089543830704214816,0.96145431784601865,-0.023568749708289288,0.99598286212624754,0.086386644731677079,-0.96532741438287473,-0.00020182572653440606,-0.26104203168694817,8.8642899196141831e-05,2.846199803602478e-05
2.3401288986206055,1790954065.6414189,0.00067901611328125,0.085905105783160907,0.086515971021358926,-0.086655597361518469,0.010384709049366262,0.35152676464417792,-0.010925761117484504,0.057461999999999999,0.0052750000000000002,0.205873,-3.1408072554263957,1.3066756510905948,-3.0511496917514473,0.057438401893766797,0.0052738848231569831,0.20578756318509733,-0.25997595480748137,-0.089543830704214816,0.96145431784601865,-0.023568749708289288,0.99598286212624754,0.086386644731677079,-0.96532741438287473,-0.00020182572653440606,-0.26104203168694817,8.8642899196141831e-05,2.846199803602478e-05
2.3451478481292725,1790954065.6464379,0.00068378448486328125,0.085905105783160907,0.086515971021358926,-0.086655597361518469,0.010384709049366262,0.35152676464417792,-0.010925761117484504,0.057461999999999999,0.0052750000000000002,0.205873,-3.1408072554263957,1.3066756510905948,-3.0511496917514473,0.057438401893766797,0.0052738848231569831,0.20578756318509733,-0.25997595480748137,-0.089543830704214816,0.96145431784601865,-0.023568749708289288,0.99598286212624754,0.086386644731677079,-0.96532741438287473,-0.00020182572653440606,-0.26104203168694817,8.8642899196141831e-05,2.846199803602478e-05
2.3501579761505127,1790954065.651448,0.00066590309143066406,0.085905105783160907,0.086515971021358926,-0.086655597361518469,0.010384709049366262,0.35152676464417792,-0.010925761117484504,0.057461999999999999,0.0052750000000000002,0.205873,-3.1408072554263957,1.3066756510905948,-3.0511496917514473,0.057438401893766797,0.0052738848231569831,0.20578756318509733,-0.25997595480748137,-0.089543830704214816,0.96145431784601865,-0.023568749708289288,0.99598286212624754,0.086386644731677079,-0.96532741438287473,-0.00020182572653440606,-0.26104203168694817,8.8642899196141831e-05,2.846199803602478e-05
2.3550598621368408,1790954065.6563499,0.00060892105102539062,0.085905105783160907,0.086515971021358926,-0.086655597361518469,0.010384709049366262,0.35152676464417792,-0.010925761117484504,0.057461999999999999,0.0052750000000000002,0.205873,-3.1408072554263957,1.3066756510905948,-3.0511496917514473,0.057438401893766797,0.0052738848231569831,0.20578756318509733,-0.25997595480748137,-0.089543830704214816,0.96145431784601865,-0.023568749708289288,0.99598286212624754,0.086386644731677079,-0.96532741438287473,-0.00020182572653440606,-0.26104203168694817,8.8642899196141831e-05,2.846199803602478e-05
2.3601820468902588,1790954065.6614721,0.00072503089904785156,0.085905105783160907,0.086515971021358926,-0.086655597361518469,0.010384709049366262,0.35152676464417792,-0.010925761117484504,0.057461999999999999,0.0052750000000000002,0.205873,-3.1408072554263957,1.3066756510905948,-3.0511496917514473,0.057438401893766797,0.0052738848231569831,0.20578756318509733,-0.25997595480748137,-0.089543830704214816,0.96145431784601865,-0.023568749708289288,0.99598286212624754,0.086386644731677079,-0.96532741438287473,-0.00020182572653440606,-0.26104203168694817,8.8642899196141831e-05,2.846199803602478e-05
2.3651828765869141,1790954065.6664729,0.00072002410888671875,0.085905105783160907,0.086515971021358926,-0.086655597361518469,0.010384709049366262,0.35152676464417792,-0.010925761117484504,0.057461999999999999,0.0052750000000000002,0.205873,-3.1408072554263957,1.3066756510905948,-3.0511496917514473,0.057438401893766797,0.0052738848231569831,0.20578756318509733,-0.25997595480748137,-0.089543830704214816,0.96145431784601865,-0.023568749708289288,0.99598286212624754,0.086386644731677079,-0.96532741438287473,-0.00020182572653440606,-0.26104203168694817,8.8642899196141831e-05,2.846199803602478e-05
2.3701188564300537,1790954065.6714089,0.00066781044006347656,0.085905105783160907,0.086515971021358926,-0.086655597361518469,0.010384709049366262,0.35152676464417792,-0.010925761117484504,0.057461999999999999,0.0052750000000000002,0.205873,-3.1408072554263957,1.3066756510905948,-3.0511496917514473,0.057438401893766797,0.0052738848231569831,0.20578756318509733,-0.25997595480748137,-0.089543830704214816,0.96145431784601865,-0.023568749708289288,0.99598286212624754,0.086386644731677079,-0.96532741438287473,-0.00020182572653440606,-0.26104203168694817,8.8642899196141831e-05,2.846199803602478e-05
2.3750500679016113,1790954065.6763401,0.0005970001220703125,0.085905105783160907,0.086515971021358926,-0.086655597361518469,0.010384709049366262,0.35152676464417792,-0.010925761117484504,0.057461999999999999,0.0052750000000000002,0.205873,-3.1408072554263957,1.3066756510905948,-3.0511496917514473,0.057438401893766797,0.0052738848231569831,0.20578756318509733,-0.25997595480748137,-0.089543830704214816,0.96145431784601865,-0.023568749708289288,0.99598286212624754,0.086386644731677079,-0.96532741438287473,-0.00020182572653440606,-0.26104203168694817,8.8642899196141831e-05,2.846199803602478e-05
2.3800420761108398,1790954065.6813321,0.00056409835815429688,0.085905105783160907,0.086515971021358926,-0.086655597361518469,0.010384709049366262,0.35152676464417792,-0.010925761117484504,0.057461999999999999,0.0052750000000000002,0.205873,-3.1408072554263957,1.3066756510905948,-3.0511496917514473,0.057438401893766797,0.0052738848231569831,0.20578756318509733,-0.25997595480748137,-0.089543830704214816,0.96145431784601865,-0.023568749708289288,0.99598286212624754,0.086386644731677079,-0.96532741438287473,-0.00020182572653440606,-0.26104203168694817,8.8642899196141831e-05,2.846199803602478e-05
2.385051965713501,1790954065.686342,0.00059795379638671875,0.085905105783160907,0.086515971021358926,-0.086655597361518469,0.010384709049366262,0.35152676464417792,-0.010925761117484504,0.057461999999999999,0.0052750000000000002,0.205873,-3.1408072554263957,1.3066756510905948,-3.0511496917514473,0.057438401893766797,0.0052738848231569831,0.20578756318509733,-0.25997595480748137,-0.089543830704214816,0.96145431784601865,-0.023568749708289288,0.99598286212624754,0.086386644731677079,-0.96532741438287473,-0.00020182572653440606,-0.26104203168694817,8.8642899196141831e-05,2.846199803602478e-05
2.3900249004364014,1790954065.6913149,0.0005970001220703125,0.085905105783160907,0.086515971021358926,-0.086655597361518469,0.010384709049366262,0.35152676464417792,-0.010925761117484504,0.057461999999999999,0.0052750000000000002,0.205873,-3.1408072554263957,1.3066756510905948,-3.0511496917514473,0.057438401893766797,0.0052738848231569831,0.20578756318509733,-0.25997595480748137,-0.089543830704214816,0.96145431784601865,-0.023568749708289288,0.99598286212624754,0.086386644731677079,-0.96532741438287473,-0.00020182572653440606,-0.26104203168694817,8.8642899196141831e-05,2.846199803602478e-05
2.3950510025024414,1790954065.696341,0.0005970001220703125,0.085905105783160907,0.086515971021358926,-0.086655597361518469,0.010384709049366262,0.35152676464417792,-0.010925761117484504,0.057461999999999999,0.0052750000000000002,0.205873,-3.1408072554263957,1.3066756510905948,-3.0511496917514473,0.057438401893766797,0.0052738848231569831,0.20578756318509733,-0.25997595480748137,-0.089543830704214816,0.96145431784601865,-0.023568749708289288,0.99598286212624754,0.086386644731677079,-0.96532741438287473,-0.00020182572653440606,-0.26104203168694817,8.8642899196141831e-05,2.846199803602478e-05
2.4000248908996582,1790954065.7013149,0.00056982040405273438,0.085905105783160907,0.086515971021358926,-0.086655597361518469,0.010384709049366262,0.35152676464417792,-0.010925761117484504,0.057461999999999999,0.0052750000000000002,0.205873,-3.1408072554263957,1.3066756510905948,-3.0511496917514473,0.057438401893766797,0.0052738848231569831,0.20578756318509733,-0.25997595480748137,-0.089543830704214816,0.96145431784601865,-0.023568749708289288,0.99598286212624754,0.086386644731677079,-0.96532741438287473,-0.00020182572653440606,-0.26104203168694817,8.8642899196141831e-05,2.846199803602478e-05
2.4052200317382812,1790954065.7065101,0.00076913833618164062,0.085905105783160907,0.086515971021358926,-0.086655597361518469,0.010384709049366262,0.35152676464417792,-0.010925761117484504,0.057461999999999999,0.0052750000000000002,0.205873,-3.1408072554263957,1.3066756510905948,-3.0511496917514473,0.057438401893766797,0.0052738848231569831,0.20578756318509733,-0.25997595480748137,-0.089543830704214816,0.96145431784601865,-0.023568749708289288,0.99598286212624754,0.086386644731677079,-0.96532741438287473,-0.00020182572653440606,-0.26104203168694817,8.8642899196141831e-05,2.846199803602478e-05
2.4100229740142822,1790954065.711313,0.00057911872863769531,0.085905105783160907,0.086515971021358926,-0.086655597361518469,0.010384709049366262,0.35152676464417792,-0.010925761117484504,0.057461999999999999,0.0052750000000000002,0.205873,-3.1408072554263957,1.3066756510905948,-3.0511496917514473,0.057438401893766797,0.0052738848231569831,0.20578756318509733,-0.25997595480748137,-0.089543830704214816,0.96145431784601865,-0.023568749708289288,0.99598286212624754,0.086386644731677079,-0.96532741438287473,-0.00020182572653440606,-0.26104203168694817,8.8642899196141831e-05,2.846199803602478e-05
2.4150509834289551,1790954065.716341,0.00060009956359863281,0.085905105783160907,0.086515971021358926,-0.086655597361518469,0.010384709049366262,0.35152676464417792,-0.010925761117484504,0.057461999999999999,0.0052750000000000002,0.205873,-3.1408072554263957,1.3066756510905948,-3.0511496917514473,0.057438401893766797,0.0052738848231569831,0.20578756318509733,-0.25997595480748137,-0.089543830704214816,0.96145431784601865,-0.023568749708289288,0.99598286212624754,0.086386644731677079,-0.96532741438287473,-0.00020182572653440606,-0.26104203168694817,8.8642899196141831e-05,2.846199803602478e-05
2.4200260639190674,1790954065.7213161,0.00060105323791503906,0.085905105783160907,0.086515971021358926,-0.086655597361518469,0.010384709049366262,0.35152676464417792,-0.010925761117484504,0.057461999999999999,0.0052750000000000002,0.205873,-3.1408072554263957,1.3066756510905948,-3.0511496917514473,0.057438401893766797,0.0052738848231569831,0.20578756318509733,-0.25997595480748137,-0.089543830704214816,0.96145431784601865,-0.023568749708289288,0.99598286212624754,0.086386644731677079,-0.96532741438287473,-0.00020182572653440606,-0.26104203168694817,8.8642899196141831e-05,2.846199803602478e-05
2.4250490665435791,1790954065.7263391,0.00059819221496582031,0.085905105783160907,0.086515971021358926,-0.086655597361518469,0.010384709049366262,0.35152676464417792,-0.010925761117484504,0.057461999999999999,0.0052750000000000002,0.205873,-3.1408072554263957,1.3066756510905948,-3.0511496917514473,0.057438401893766797,0.0052738848231569831,0.20578756318509733,-0.25997595480748137,-0.089543830704214816,0.96145431784601865,-0.023568749708289288,0.99598286212624754,0.086386644731677079,-0.96532741438287473,-0.00020182572653440606,-0.26104203168694817,8.8642899196141831e-05,2.846199803602478e-05
2.4300248622894287,1790954065.7313149,0.000598907470703125,0.085905105783160907,0.086515971021358926,-0.086655597361518469,0.010384709049366262,0.35152676464417792,-0.010925761117484504,0.057461999999999999,0.0052750000000000002,0.205873,-3.1408072554263957,1.3066756510905948,-3.0511496917514473,0.057438401893766797,0.0052738848231569831,0.20578756318509733,-0.25997595480748137,-0.089543830704214816,0.96145431784601865,-0.023568749708289288,0.99598286212624754,0.086386644731677079,-0.96532741438287473,-0.00020182572653440606,-0.26104203168694817,8.8642899196141831e-05,2.846199803602478e-05
2.4350268840789795,1790954065.7363169,0.00057697296142578125,0.085905105783160907,0.086515971021358926,-0.086655597361518469,0.010384709049366262,0.35152676464417792,-0.010925761117484504,0.057461999999999999,0.0052750000000000002,0.205873,-3.1408072554263957,1.3066756510905948,-3.0511496917514473,0.057438401893766797,0.0052738848231569831,0.20578756318509733,-0.25997595480748137,-0.089543830704214816,0.96145431784601865,-0.023568749708289288,0.99598286212624754,0.086386644731677079,-0.96532741438287473,-0.00020182572653440606,-0.26104203168694817,8.8642899196141831e-05,2.846199803602478e-05
2.4400238990783691,1790954065.7413139,0.000576019287109375,0.085905105783160907,0.086515971021358926,-0.086655597361518469,0.010384709049366262,0.35152676464417792,-0.010925761117484504,0.057461999999999999,0.0052750000000000002,0.205873,-3.1408072554263957,1.3066756510905948,-3.0511496917514473,0.057438401893766797,0.0052738848231569831,0.20578756318509733,-0.25997595480748137,-0.089543830704214816,0.96145431784601865,-0.023568749708289288,0.99598286212624754,0.086386644731677079,-0.96532741438287473,-0.00020182572653440606,-0.26104203168694817,8.8642899196141831e-05,2.846199803602478e-05
2.4450619220733643,1790954065.746352,0.00060987472534179688,0.085905105783160907,0.086515971021358926,-0.086655597361518469,0.010384709049366262,0.35152676464417792,-0.010925761117484504,0.057461999999999999,0.0052750000000000002,0.205873,-3.1408072554263957,1.3066756510905948,-3.0511496917514473,0.057438401893766797,0.0052738848231569831,0.20578756318509733,-0.25997595480748137,-0.089543830704214816,0.96145431784601865,-0.023568749708289288,0.99598286212624754,0.086386644731677079,-0.96532741438287473,-0.00020182572653440606,-0.26104203168694817,8.8642899196141831e-05,2.846199803602478e-05
2.4500260353088379,1790954065.7513161,0.00057506561279296875,0.085905105783160907,0.086515971021358926,-0.086655597361518469,0.010384709049366262,0.35152676464417792,-0.010925761117484504,0.057461999999999999,0.0052750000000000002,0.205873,-3.1408072554263957,1.3066756510905948,-3.0511496917514473,0.057438401893766797,0.0052738848231569831,0.20578756318509733,-0.25997595480748137,-0.089543830704214816,0.96145431784601865,-0.023568749708289288,0.99598286212624754,0.086386644731677079,-0.96532741438287473,-0.00020182572653440606,-0.26104203168694817,8.8642899196141831e-05,2.846199803602478e-05
2.4550509452819824,1790954065.756341,0.0005950927734375,0.085905105783160907,0.086515971021358926,-0.086655597361518469,0.010384709049366262,0.35152676464417792,-0.010925761117484504,0.057461999999999999,0.0052750000000000002,0.205873,-3.1408072554263957,1.3066756510905948,-3.0511496917514473,0.057438401893766797,0.0052738848231569831,0.20578756318509733,-0.25997595480748137,-0.089543830704214816,0.96145431784601865,-0.023568749708289288,0.99598286212624754,0.086386644731677079,-0.96532741438287473,-0.00020182572653440606,-0.26104203168694817,8.8642899196141831e-05,2.846199803602478e-05
2.4600510597229004,1790954065.7613411,0.00059819221496582031,0.085905105783160907,0.086515971021358926,-0.086655597361518469,0.010384709049366262,0.35152676464417792,-0.010925761117484504,0.057461999999999999,0.0052750000000000002,0.205873,-3.1408072554263957,1.3066756510905948,-3.0511496917514473,0.057438401893766797,0.0052738848231569831,0.20578756318509733,-0.25997595480748137,-0.089543830704214816,0.96145431784601865,-0.023568749708289288,0.99598286212624754,0.086386644731677079,-0.96532741438287473,-0.00020182572653440606,-0.26104203168694817,8.8642899196141831e-05,2.846199803602478e-05
2.4650318622589111,1790954065.7663219,0.00057291984558105469,0.085905105783160907,0.086515971021358926,-0.086655597361518469,0.010384709049366262,0.35152676464417792,-0.010925761117484504,0.057461999999999999,0.0052750000000000002,0.205873,-3.1408072554263957,1.3066756510905948,-3.0511496917514473,0.057438401893766797,0.0052738848231569831,0.20578756318509733,-0.25997595480748137,-0.089543830704214816,0.96145431784601865,-0.023568749708289288,0.99598286212624754,0.086386644731677079,-0.96532741438287473,-0.00020182572653440606,-0.26104203168694817,8.8642899196141831e-05,2.846199803602478e-05
2.4700250625610352,1790954065.7713151,0.00059819221496582031,0.085905105783160907,0.086515971021358926,-0.086655597361518469,0.010384709049366262,0.35152676464417792,-0.010925761117484504,0.057461999999999999,0.0052750000000000002,0.205873,-3.1408072554263957,1.3066756510905948,-3.0511496917514473,0.057438401893766797,0.0052738848231569831,0.20578756318509733,-0.25997595480748137,-0.089543830704214816,0.96145431784601865,-0.023568749708289288,0.99598286212624754,0.086386644731677079,-0.96532741438287473,-0.00020182572653440606,-0.26104203168694817,8.8642899196141831e-05,2.846199803602478e-05
2.4750499725341797,1790954065.77634,0.00059795379638671875,0.085905105783160907,0.086515971021358926,-0.086655597361518469,0.010384709049366262,0.35152676464417792,-0.010925761117484504,0.057461999999999999,0.0052750000000000002,0.205873,-3.1408072554263957,1.3066756510905948,-3.0511496917514473,0.057438401893766797,0.0052738848231569831,0.20578756318509733,-0.25997595480748137,-0.089543830704214816,0.96145431784601865,-0.023568749708289288,0.99598286212624754,0.086386644731677079,-0.96532741438287473,-0.00020182572653440606,-0.26104203168694817,8.8642899196141831e-05,2.846199803602478e-05
2.480025053024292,1790954065.7813151,0.00057315826416015625,0.085905105783160907,0.086515971021358926,-0.086655597361518469,0.010384709049366262,0.35152676464417792,-0.010925761117484504,0.057461999999999999,0.0052750000000000002,0.205873,-3.1408072554263957,1.3066756510905948,-3.0511496917514473,0.057438401893766797,0.0052738848231569831,0.20578756318509733,-0.25997595480748137,-0.089543830704214816,0.96145431784601865,-0.023568749708289288,0.99598286212624754,0.086386644731677079,-0.96532741438287473,-0.00020182572653440606,-0.26104203168694817,8.8642899196141831e-05,2.846199803602478e-05
2.4850499629974365,1790954065.78634,0.00059390068054199219,0.085905105783160907,0.086515971021358926,-0.086655597361518469,0.010384709049366262,0.35152676464417792,-0.010925761117484504,0.057461999999999999,0.0052750000000000002,0.205873,-3.1408072554263957,1.3066756510905948,-3.0511496917514473,0.057438401893766797,0.0052738848231569831,0.20578756318509733,-0.25997595480748137,-0.089543830704214816,0.96145431784601865,-0.023568749708289288,0.99598286212624754,0.086386644731677079,-0.96532741438287473,-0.00020182572653440606,-0.26104203168694817,8.8642899196141831e-05,2.846199803602478e-05
2.4900510311126709,1790954065.7913411,0.00062417984008789062,0.085905105783160907,0.086515971021358926,-0.086655597361518469,0.010384709049366262,0.35152676464417792,-0.010925761117484504,0.057461999999999999,0.0052750000000000002,0.205873,-3.1408072554263957,1.3066756510905948,-3.0511496917514473,0.057438401893766797,0.0052738848231569831,0.20578756318509733,-0.25997595480748137,-0.089543830704214816,0.96145431784601865,-0.023568749708289288,0.99598286212624754,0.086386644731677079,-0.96532741438287473,-0.00020182572653440606,-0.26104203168694817,8.8642899196141831e-05,2.846199803602478e-05
2.4950509071350098,1790954065.7963409,0.00059986114501953125,0.085905105783160907,0.086515971021358926,-0.086655597361518469,0.010384709049366262,0.35152676464417792,-0.010925761117484504,0.057461999999999999,0.0052750000000000002,0.205873,-3.1408072554263957,1.3066756510905948,-3.0511496917514473,0.057438401893766797,0.0052738848231569831,0.20578756318509733,-0.25997595480748137,-0.089543830704214816,0.96145431784601865,-0.023568749708289288,0.99598286212624754,0.086386644731677079,-0.96532741438287473,-0.00020182572653440606,-0.26104203168694817,8.8642899196141831e-05,2.846199803602478e-05
2.5000278949737549,1790954065.8013179,0.0006008148193359375,0.085905105783160907,0.086515971021358926,-0.086655597361518469,0.010384709049366262,0.35152676464417792,-0.010925761117484504,0.057461999999999999,0.0052750000000000002,0.205873,-3.1408072554263957,1.3066756510905948,-3.0511496917514473,0.057438401893766797,0.0052738848231569831,0.20578756318509733,-0.25997595480748137,-0.089543830704214816,0.96145431784601865,-0.023568749708289288,0.99598286212624754,0.086386644731677079,-0.96532741438287473,-0.00020182572653440606,-0.26104203168694817,8.8642899196141831e-05,2.846199803602478e-05
2.505051851272583,1790954065.8063419,0.00059294700622558594,0.085905105783160907,0.086515971021358926,-0.086655597361518469,0.010384709049366262,0.35152676464417792,-0.010925761117484504,0.057461999999999999,0.0052750000000000002,0.205873,-3.1408072554263957,1.3066756510905948,-3.0511496917514473,0.057438401893766797,0.0052738848231569831,0.20578756318509733,-0.25997595480748137,-0.089543830704214816,0.96145431784601865,-0.023568749708289288,0.99598286212624754,0.086386644731677079,-0.96532741438287473,-0.00020182572653440606,-0.26104203168694817,8.8642899196141831e-05,2.846199803602478e-05
2.5100488662719727,1790954065.8113389,0.000598907470703125,0.085905105783160907,0.086515971021358926,-0.086655597361518469,0.010384709049366262,0.35152676464417792,-0.010925761117484504,0.057461999999999999,0.0052750000000000002,0.205873,-3.1408072554263957,1.3066756510905948,-3.0511496917514473,0.057438401893766797,0.0052738848231569831,0.20578756318509733,-0.25997595480748137,-0.089543830704214816,0.96145431784601865,-0.023568749708289288,0.99598286212624754,0.086386644731677079,-0.96532741438287473,-0.00020182572653440606,-0.26104203168694817,8.8642899196141831e-05,2.846199803602478e-05
2.515049934387207,1790954065.81634,0.0005970001220703125,0.085905105783160907,0.086515971021358926,-0.086655597361518469,0.010384709049366262,0.35152676464417792,-0.010925761117484504,0.057461999999999999,0.0052750000000000002,0.205873,-3.1408072554263957,1.3066756510905948,-3.0511496917514473,0.057438401893766797,0.0052738848231569831,0.20578756318509733,-0.25997595480748137,-0.089543830704214816,0.96145431784601865,-0.023568749708289288,0.99598286212624754,0.086386644731677079,-0.96532741438287473,-0.00020182572653440606,-0.26104203168694817,8.8642899196141831e-05,2.846199803602478e-05
2.5200300216674805,1790954065.8213201,0.00056910514831542969,0.085905105783160907,0.086515971021358926,-0.086655597361518469,0.010384709049366262,0.35152676464417792,-0.010925761117484504,0.057461999999999999,0.0052750000000000002,0.205873,-3.1408072554263957,1.3066756510905948,-3.0511496917514473,0.057438401893766797,0.0052738848231569831,0.20578756318509733,-0.25997595480748137,-0.089543830704214816,0.96145431784601865,-0.023568749708289288,0.99598286212624754,0.086386644731677079,-0.96532741438287473,-0.00020182572653440606,-0.26104203168694817,8.8642899196141831e-05,2.846199803602478e-05
2.5250508785247803,1790954065.8263409,0.00059795379638671875,0.085905105783160907,0.086515971021358926,-0.086655597361518469,0.010384709049366262,0.35152676464417792,-0.010925761117484504,0.057461999999999999,0.0052750000000000002,0.205873,-3.1408072554263957,1.3066756510905948,-3.0511496917514473,0.057438401893766797,0.0052738848231569831,0.20578756318509733,-0.25997595480748137,-0.089543830704214816,0.96145431784601865,-0.023568749708289288,0.99598286212624754,0.086386644731677079,-0.96532741438287473,-0.00020182572653440606,-0.26104203168694817,8.8642899196141831e-05,2.846199803602478e-05
2.5300259590148926,1790954065.831316,0.00059795379638671875,0.085905105783160907,0.086515971021358926,-0.086655597361518469,0.010384709049366262,0.35152676464417792,-0.010925761117484504,0.057461999999999999,0.0052750000000000002,0.205873,-3.1408072554263957,1.3066756510905948,-3.0511496917514473,0.057438401893766797,0.0052738848231569831,0.20578756318509733,-0.25997595480748137,-0.089543830704214816,0.96145431784601865,-0.023568749708289288,0.99598286212624754,0.086386644731677079,-0.96532741438287473,-0.00020182572653440606,-0.26104203168694817,8.8642899196141831e-05,2.846199803602478e-05
2.5350520610809326,1790954065.8363421,0.0005970001220703125,0.085905105783160907,0.086515971021358926,-0.086655597361518469,0.010384709049366262,0.35152676464417792,-0.010925761117484504,0.057461999999999999,0.0052750000000000002,0.205873,-3.1408072554263957,1.3066756510905948,-3.0511496917514473,0.057438401893766797,0.0052738848231569831,0.20578756318509733,-0.25997595480748137,-0.089543830704214816,0.96145431784601865,-0.023568749708289288,0.99598286212624754,0.086386644731677079,-0.96532741438287473,-0.00020182572653440606,-0.26104203168694817,8.8642899196141831e-05,2.846199803602478e-05
2.5400290489196777,1790954065.8413191,0.00058007240295410156,0.085905105783160907,0.086515971021358926,-0.086655597361518469,0.010384709049366262,0.35152676464417792,-0.010925761117484504,0.057461999999999999,0.0052750000000000002,0.205873,-3.1408072554263957,1.3066756510905948,-3.0511496917514473,0.057438401893766797,0.0052738848231569831,0.20578756318509733,-0.25997595480748137,-0.089543830704214816,0.96145431784601865,-0.023568749708289288,0.99598286212624754,0.086386644731677079,-0.96532741438287473,-0.00020182572653440606,-0.26104203168694817,8.8642899196141831e-05,2.846199803602478e-05
2.5450489521026611,1790954065.846339,0.00060009956359863281,0.085905105783160907,0.086515971021358926,-0.086655597361518469,0.010384709049366262,0.35152676464417792,-0.010925761117484504,0.057461999999999999,0.0052750000000000002,0.205873,-3.1408072554263957,1.3066756510905948,-3.0511496917514473,0.057438401893766797,0.0052738848231569831,0.20578756318509733,-0.25997595480748137,-0.089543830704214816,0.96145431784601865,-0.023568749708289288,0.99598286212624754,0.086386644731677079,-0.96532741438287473,-0.00020182572653440606,-0.26104203168694817,8.8642899196141831e-05,2.846199803602478e-05
2.5500528812408447,1790954065.8513429,0.00059580802917480469,0.085905105783160907,0.086515971021358926,-0.086655597361518469,0.010384709049366262,0.35152676464417792,-0.010925761117484504,0.057461999999999999,0.0052750000000000002,0.205873,-3.1408072554263957,1.3066756510905948,-3.0511496917514473,0.057438401893766797,0.0052738848231569831,0.20578756318509733,-0.25997595480748137,-0.089543830704214816,0.96145431784601865,-0.023568749708289288,0.99598286212624754,0.086386644731677079,-0.96532741438287473,-0.00020182572653440606,-0.26104203168694817,8.8642899196141831e-05,2.846199803602478e-05
2.5550520420074463,1790954065.8563421,0.00059914588928222656,0.085905105783160907,0.086515971021358926,-0.086655597361518469,0.010384709049366262,0.35152676464417792,-0.010925761117484504,0.057461999999999999,0.0052750000000000002,0.205873,-3.1408072554263957,1.3066756510905948,-3.0511496917514473,0.057438401893766797,0.0052738848231569831,0.20578756318509733,-0.25997595480748137,-0.089543830704214816,0.96145431784601865,-0.023568749708289288,0.99598286212624754,0.086386644731677079,-0.96532741438287473,-0.00020182572653440606,-0.26104203168694817,8.8642899196141831e-05,2.846199803602478e-05
2.5600519180297852,1790954065.861342,0.00062394142150878906,0.085905105783160907,0.086515971021358926,-0.086655597361518469,0.010384709049366262,0.35152676464417792,-0.010925761117484504,0.057461999999999999,0.0052750000000000002,0.205873,-3.1408072554263957,1.3066756510905948,-3.0511496917514473,0.057438401893766797,0.0052738848231569831,0.20578756318509733,-0.25997595480748137,-0.089543830704214816,0.96145431784601865,-0.023568749708289288,0.99598286212624754,0.086386644731677079,-0.96532741438287473,-0.00020182572653440606,-0.26104203168694817,8.8642899196141831e-05,2.846199803602478e-05
2.5650529861450195,1790954065.866343,0.000598907470703125,0.085905105783160907,0.086515971021358926,-0.086655597361518469,0.010384709049366262,0.35152676464417792,-0.010925761117484504,0.057461999999999999,0.0052750000000000002,0.205873,-3.1408072554263957,1.3066756510905948,-3.0511496917514473,0.057438401893766797,0.0052738848231569831,0.20578756318509733,-0.25997595480748137,-0.089543830704214816,0.96145431784601865,-0.023568749708289288,0.99598286212624754,0.086386644731677079,-0.96532741438287473,-0.00020182572653440606,-0.26104203168694817,8.8642899196141831e-05,2.846199803602478e-05
2.5700540542602539,1790954065.8713441,0.00062513351440429688,0.085905105783160907,0.086515971021358926,-0.086655597361518469,0.010384709049366262,0.35152676464417792,-0.010925761117484504,0.057461999999999999,0.0052750000000000002,0.205873,-3.1408072554263957,1.3066756510905948,-3.0511496917514473,0.057438401893766797,0.0052738848231569831,0.20578756318509733,-0.25997595480748137,-0.089543830704214816,0.96145431784601865,-0.023568749708289288,0.99598286212624754,0.086386644731677079,-0.96532741438287473,-0.00020182572653440606,-0.26104203168694817,8.8642899196141831e-05,2.846199803602478e-05
2.5750730037689209,1790954065.876363,0.00062012672424316406,0.085905105783160907,0.086515971021358926,-0.086655597361518469,0.010384709049366262,0.35152676464417792,-0.010925761117484504,0.057461999999999999,0.0052750000000000002,0.205873,-3.1408072554263957,1.3066756510905948,-3.0511496917514473,0.057438401893766797,0.0052738848231569831,0.20578756318509733,-0.25997595480748137,-0.089543830704214816,0.96145431784601865,-0.023568749708289288,0.99598286212624754,0.086386644731677079,-0.96532741438287473,-0.00020182572653440606,-0.26104203168694817,8.8642899196141831e-05,2.846199803602478e-05
2.5800249576568604,1790954065.881315,0.0005741119384765625,0.085905105783160907,0.086515971021358926,-0.086655597361518469,0.010384709049366262,0.35152676464417792,-0.010925761117484504,0.057461999999999999,0.0052750000000000002,0.205873,-3.1408072554263957,1.3066756510905948,-3.0511496917514473,0.057438401893766797,0.0052738848231569831,0.20578756318509733,-0.25997595480748137,-0.089543830704214816,0.96145431784601865,-0.023568749708289288,0.99598286212624754,0.086386644731677079,-0.96532741438287473,-0.00020182572653440606,-0.26104203168694817,8.8642899196141831e-05,2.846199803602478e-05
2.5850510597229004,1790954065.8863411,0.00060105323791503906,0.085905105783160907,0.086515971021358926,-0.086655597361518469,0.010384709049366262,0.35152676464417792,-0.010925761117484504,0.057461999999999999,0.0052750000000000002,0.205873,-3.1408072554263957,1.3066756510905948,-3.0511496917514473,0.057438401893766797,0.0052738848231569831,0.20578756318509733,-0.25997595480748137,-0.089543830704214816,0.96145431784601865,-0.023568749708289288,0.99598286212624754,0.086386644731677079,-0.96532741438287473,-0.00020182572653440606,-0.26104203168694817,8.8642899196141831e-05,2.846199803602478e-05
2.5900239944458008,1790954065.891314,0.00060009956359863281,0.085905105783160907,0.086515971021358926,-0.086655597361518469,0.010384709049366262,0.35152676464417792,-0.010925761117484504,0.057461999999999999,0.0052750000000000002,0.205873,-3.1408072554263957,1.3066756510905948,-3.0511496917514473,0.057438401893766797,0.0052738848231569831,0.20578756318509733,-0.25997595480748137,-0.089543830704214816,0.96145431784601865,-0.023568749708289288,0.99598286212624754,0.086386644731677079,-0.96532741438287473,-0.00020182572653440606,-0.26104203168694817,8.8642899196141831e-05,2.846199803602478e-05
2.5950520038604736,1790954065.896342,0.00060105323791503906,0.085905105783160907,0.086515971021358926,-0.086655597361518469,0.010384709049366262,0.35152676464417792,-0.010925761117484504,0.057461999999999999,0.0052750000000000002,0.205873,-3.1408072554263957,1.3066756510905948,-3.0511496917514473,0.057438401893766797,0.0052738848231569831,0.20578756318509733,-0.25997595480748137,-0.089543830704214816,0.96145431784601865,-0.023568749708289288,0.99598286212624754,0.086386644731677079,-0.96532741438287473,-0.00020182572653440606,-0.26104203168694817,8.8642899196141831e-05,2.846199803602478e-05
2.600024938583374,1790954065.901315,0.00059795379638671875,0.085905105783160907,0.086515971021358926,-0.086655597361518469,0.010384709049366262,0.35152676464417792,-0.010925761117484504,0.057461999999999999,0.0052750000000000002,0.205873,-3.1408072554263957,1.3066756510905948,-3.0511496917514473,0.057438401893766797,0.0052738848231569831,0.20578756318509733,-0.25997595480748137,-0.089543830704214816,0.96145431784601865,-0.023568749708289288,0.99598286212624754,0.086386644731677079,-0.96532741438287473,-0.00020182572653440606,-0.26104203168694817,8.8642899196141831e-05,2.846199803602478e-05
2.6050529479980469,1790954065.906343,0.00060105323791503906,0.085905105783160907,0.086515971021358926,-0.086655597361518469,0.010384709049366262,0.35152676464417792,-0.010925761117484504,0.057461999999999999,0.0052750000000000002,0.205873,-3.1408072554263957,1.3066756510905948,-3.0511496917514473,0.057438401893766797,0.0052738848231569831,0.20578756318509733,-0.25997595480748137,-0.089543830704214816,0.96145431784601865,-0.023568749708289288,0.99598286212624754,0.086386644731677079,-0.96532741438287473,-0.00020182572653440606,-0.26104203168694817,8.8642899196141831e-05,2.846199803602478e-05
2.6100258827209473,1790954065.9113159,0.00057196617126464844,0.085905105783160907,0.086515971021358926,-0.086655597361518469,0.010384709049366262,0.35152676464417792,-0.010925761117484504,0.057461999999999999,0.0052750000000000002,0.205873,-3.1408072554263957,1.3066756510905948,-3.0511496917514473,0.057438401893766797,0.0052738848231569831,0.20578756318509733,-0.25997595480748137,-0.089543830704214816,0.96145431784601865,-0.023568749708289288,0.99598286212624754,0.086386644731677079,-0.96532741438287473,-0.00020182572653440606,-0.26104203168694817,8.8642899196141831e-05,2.846199803602478e-05
2.6150569915771484,1790954065.916347,0.00060391426086425781,0.085905105783160907,0.086515971021358926,-0.086655597361518469,0.010384709049366262,0.35152676464417792,-0.010925761117484504,0.057461999999999999,0.0052750000000000002,0.205873,-3.1408072554263957,1.3066756510905948,-3.0511496917514473,0.057438401893766797,0.0052738848231569831,0.20578756318509733,-0.25997595480748137,-0.089543830704214816,0.96145431784601865,-0.023568749708289288,0.99598286212624754,0.086386644731677079,-0.96532741438287473,-0.00020182572653440606,-0.26104203168694817,8.8642899196141831e-05,2.846199803602478e-05
2.6200509071350098,1790954065.9213409,0.0005970001220703125,0.085905105783160907,0.086515971021358926,-0.086655597361518469,0.010384709049366262,0.35152676464417792,-0.010925761117484504,0.057461999999999999,0.0052750000000000002,0.205873,-3.1408072554263957,1.3066756510905948,-3.0511496917514473,0.057438401893766797,0.0052738848231569831,0.20578756318509733,-0.25997595480748137,-0.089543830704214816,0.96145431784601865,-0.023568749708289288,0.99598286212624754,0.086386644731677079,-0.96532741438287473,-0.00020182572653440606,-0.26104203168694817,8.8642899196141831e-05,2.846199803602478e-05
2.6250500679016113,1790954065.9263401,0.00059819221496582031,0.085905105783160907,0.086515971021358926,-0.086655597361518469,0.010384709049366262,0.35152676464417792,-0.010925761117484504,0.057461999999999999,0.0052750000000000002,0.205873,-3.1408072554263957,1.3066756510905948,-3.0511496917514473,0.057438401893766797,0.0052738848231569831,0.20578756318509733,-0.25997595480748137,-0.089543830704214816,0.96145431784601865,-0.023568749708289288,0.99598286212624754,0.086386644731677079,-0.96532741438287473,-0.00020182572653440606,-0.26104203168694817,8.8642899196141831e-05,2.846199803602478e-05
2.6300568580627441,1790954065.9313469,0.00052595138549804688,0.085905105783160907,0.086515971021358926,-0.086655597361518469,0.010384709049366262,0.35152676464417792,-0.010925761117484504,0.057461999999999999,0.0052750000000000002,0.205873,-3.1408072554263957,1.3066756510905948,-3.0511496917514473,0.057438401893766797,0.0052738848231569831,0.20578756318509733,-0.25997595480748137,-0.089543830704214816,0.96145431784601865,-0.023568749708289288,0.99598286212624754,0.086386644731677079,-0.96532741438287473,-0.00020182572653440606,-0.26104203168694817,8.8642899196141831e-05,2.846199803602478e-05
2.6350650787353516,1790954065.9363551,0.00061011314392089844,0.085905105783160907,0.086515971021358926,-0.086655597361518469,0.010384709049366262,0.35152676464417792,-0.010925761117484504,0.057461999999999999,0.0052750000000000002,0.205873,-3.1408072554263957,1.3066756510905948,-3.0511496917514473,0.057438401893766797,0.0052738848231569831,0.20578756318509733,-0.25997595480748137,-0.089543830704214816,0.96145431784601865,-0.023568749708289288,0.99598286212624754,0.086386644731677079,-0.96532741438287473,-0.00020182572653440606,-0.26104203168694817,8.8642899196141831e-05,2.846199803602478e-05
2.640049934387207,1790954065.94134,0.00059986114501953125,0.085905105783160907,0.086515971021358926,-0.086655597361518469,0.010384709049366262,0.35152676464417792,-0.010925761117484504,0.057461999999999999,0.0052750000000000002,0.205873,-3.1408072554263957,1.3066756510905948,-3.0511496917514473,0.057438401893766797,0.0052738848231569831,0.20578756318509733,-0.25997595480748137,-0.089543830704214816,0.96145431784601865,-0.023568749708289288,0.99598286212624754,0.086386644731677079,-0.96532741438287473,-0.00020182572653440606,-0.26104203168694817,8.8642899196141831e-05,2.846199803602478e-05
2.645050048828125,1790954065.9463401,0.00060009956359863281,0.085905105783160907,0.086515971021358926,-0.086655597361518469,0.010384709049366262,0.35152676464417792,-0.010925761117484504,0.057461999999999999,0.0052750000000000002,0.205873,-3.1408072554263957,1.3066756510905948,-3.0511496917514473,0.057438401893766797,0.0052738848231569831,0.20578756318509733,-0.25997595480748137,-0.089543830704214816,0.96145431784601865,-0.023568749708289288,0.99598286212624754,0.086386644731677079,-0.96532741438287473,-0.00020182572653440606,-0.26104203168694817,8.8642899196141831e-05,2.846199803602478e-05
2.6500508785247803,1790954065.9513409,0.00062489509582519531,0.085905105783160907,0.086515971021358926,-0.086655597361518469,0.010384709049366262,0.35152676464417792,-0.010925761117484504,0.057461999999999999,0.0052750000000000002,0.205873,-3.1408072554263957,1.3066756510905948,-3.0511496917514473,0.057438401893766797,0.0052738848231569831,0.20578756318509733,-0.25997595480748137,-0.089543830704214816,0.96145431784601865,-0.023568749708289288,0.99598286212624754,0.086386644731677079,-0.96532741438287473,-0.00020182572653440606,-0.26104203168694817,8.8642899196141831e-05,2.846199803602478e-05
2.6550538539886475,1790954065.9563439,0.0006008148193359375,0.085905105783160907,0.086515971021358926,-0.086655597361518469,0.010384709049366262,0.35152676464417792,-0.010925761117484504,0.057461999999999999,0.0052750000000000002,0.205873,-3.1408072554263957,1.3066756510905948,-3.0511496917514473,0.057438401893766797,0.0052738848231569831,0.20578756318509733,-0.25997595480748137,-0.089543830704214816,0.96145431784601865,-0.023568749708289288,0.99598286212624754,0.086386644731677079,-0.96532741438287473,-0.00020182572653440606,-0.26104203168694817,8.8642899196141831e-05,2.846199803602478e-05
2.6600499153137207,1790954065.96134,0.00062584877014160156,0.085905105783160907,0.086515971021358926,-0.086655597361518469,0.010384709049366262,0.35152676464417792,-0.010925761117484504,0.057461999999999999,0.0052750000000000002,0.205873,-3.1408072554263957,1.3066756510905948,-3.0511496917514473,0.057438401893766797,0.0052738848231569831,0.20578756318509733,-0.25997595480748137,-0.089543830704214816,0.96145431784601865,-0.023568749708289288,0.99598286212624754,0.086386644731677079,-0.96532741438287473,-0.00020182572653440606,-0.26104203168694817,8.8642899196141831e-05,2.846199803602478e-05
2.6650509834289551,1790954065.966341,0.00060009956359863281,0.085905105783160907,0.086515971021358926,-0.086655597361518469,0.010384709049366262,0.35152676464417792,-0.010925761117484504,0.057461999999999999,0.0052750000000000002,0.205873,-3.1408072554263957,1.3066756510905948,-3.0511496917514473,0.057438401893766797,0.0052738848231569831,0.20578756318509733,-0.25997595480748137,-0.089543830704214816,0.96145431784601865,-0.023568749708289288,0.99598286212624754,0.086386644731677079,-0.96532741438287473,-0.00020182572653440606,-0.26104203168694817,8.8642899196141831e-05,2.846199803602478e-05
2.6700260639190674,1790954065.9713161,0.00060009956359863281,0.085905105783160907,0.086515971021358926,-0.086655597361518469,0.010384709049366262,0.35152676464417792,-0.010925761117484504,0.057461999999999999,0.0052750000000000002,0.205873,-3.1408072554263957,1.3066756510905948,-3.0511496917514473,0.057438401893766797,0.0052738848231569831,0.20578756318509733,-0.25997595480748137,-0.089543830704214816,0.96145431784601865,-0.023568749708289288,0.99598286212624754,0.086386644731677079,-0.96532741438287473,-0.00020182572653440606,-0.26104203168694817,8.8642899196141831e-05,2.846199803602478e-05
2.6750528812408447,1790954065.9763429,0.00059986114501953125,0.085905105783160907,0.086515971021358926,-0.086655597361518469,0.010384709049366262,0.35152676464417792,-0.010925761117484504,0.057461999999999999,0.0052750000000000002,0.205873,-3.1408072554263957,1.3066756510905948,-3.0511496917514473,0.057438401893766797,0.0052738848231569831,0.20578756318509733,-0.25997595480748137,-0.089543830704214816,0.96145431784601865,-0.023568749708289288,0.99598286212624754,0.086386644731677079,-0.96532741438287473,-0.00020182572653440606,-0.26104203168694817,8.8642899196141831e-05,2.846199803602478e-05
2.6800508499145508,1790954065.9813409,0.00059795379638671875,0.085905105783160907,0.086515971021358926,-0.086655597361518469,0.010384709049366262,0.35152676464417792,-0.010925761117484504,0.057461999999999999,0.0052750000000000002,0.205873,-3.1408072554263957,1.3066756510905948,-3.0511496917514473,0.057438401893766797,0.0052738848231569831,0.20578756318509733,-0.25997595480748137,-0.089543830704214816,0.96145431784601865,-0.023568749708289288,0.99598286212624754,0.086386644731677079,-0.96532741438287473,-0.00020182572653440606,-0.26104203168694817,8.8642899196141831e-05,2.846199803602478e-05
2.6850330829620361,1790954065.9863231,0.00058007240295410156,0.085905105783160907,0.086515971021358926,-0.086655597361518469,0.010384709049366262,0.35152676464417792,-0.010925761117484504,0.057461999999999999,0.0052750000000000002,0.205873,-3.1408072554263957,1.3066756510905948,-3.0511496917514473,0.057438401893766797,0.0052738848231569831,0.20578756318509733,-0.25997595480748137,-0.089543830704214816,0.96145431784601865,-0.023568749708289288,0.99598286212624754,0.086386644731677079,-0.96532741438287473,-0.00020182572653440606,-0.26104203168694817,8.8642899196141831e-05,2.846199803602478e-05
2.6900510787963867,1790954065.9913411,0.00059914588928222656,0.085905105783160907,0.086515971021358926,-0.086655597361518469,0.010384709049366262,0.35152676464417792,-0.010925761117484504,0.057461999999999999,0.0052750000000000002,0.205873,-3.1408072554263957,1.3066756510905948,-3.0511496917514473,0.057438401893766797,0.0052738848231569831,0.20578756318509733,-0.25997595480748137,-0.089543830704214816,0.96145431784601865,-0.023568749708289288,0.99598286212624754,0.086386644731677079,-0.96532741438287473,-0.00020182572653440606,-0.26104203168694817,8.8642899196141831e-05,2.846199803602478e-05
2.6950559616088867,1790954065.996346,0.00060701370239257812,0.085905105783160907,0.086515971021358926,-0.086655597361518469,0.010384709049366262,0.35152676464417792,-0.010925761117484504,0.057461999999999999,0.0052750000000000002,0.205873,-3.1408072554263957,1.3066756510905948,-3.0511496917514473,0.057438401893766797,0.0052738848231569831,0.20578756318509733,-0.25997595480748137,-0.089543830704214816,0.96145431784601865,-0.023568749708289288,0.99598286212624754,0.086386644731677079,-0.96532741438287473,-0.00020182572653440606,-0.26104203168694817,8.8642899196141831e-05,2.846199803602478e-05
2.7000260353088379,1790954066.0013161,0.00057506561279296875,0.085905105783160907,0.086515971021358926,-0.086655597361518469,0.010384709049366262,0.35152676464417792,-0.010925761117484504,0.057461999999999999,0.0052750000000000002,0.205873,-3.1408072554263957,1.3066756510905948,-3.0511496917514473,0.057438401893766797,0.0052738848231569831,0.20578756318509733,-0.25997595480748137,-0.089543830704214816,0.96145431784601865,-0.023568749708289288,0.99598286212624754,0.086386644731677079,-0.96532741438287473,-0.00020182572653440606,-0.26104203168694817,8.8642899196141831e-05,2.846199803602478e-05
2.7050490379333496,1790954066.0063391,0.00060009956359863281,0.085905105783160907,0.086515971021358926,-0.086655597361518469,0.010384709049366262,0.35152676464417792,-0.010925761117484504,0.057461999999999999,0.0052750000000000002,0.205873,-3.1408072554263957,1.3066756510905948,-3.0511496917514473,0.057438401893766797,0.0052738848231569831,0.20578756318509733,-0.25997595480748137,-0.089543830704214816,0.96145431784601865,-0.023568749708289288,0.99598286212624754,0.086386644731677079,-0.96532741438287473,-0.00020182572653440606,-0.26104203168694817,8.8642899196141831e-05,2.846199803602478e-05
2.7100570201873779,1790954066.0113471,0.00062894821166992188,0.085905105783160907,0.086515971021358926,-0.086655597361518469,0.010384709049366262,0.35152676464417792,-0.010925761117484504,0.057461999999999999,0.0052750000000000002,0.205873,-3.1408072554263957,1.3066756510905948,-3.0511496917514473,0.057438401893766797,0.0052738848231569831,0.20578756318509733,-0.25997595480748137,-0.089543830704214816,0.96145431784601865,-0.023568749708289288,0.99598286212624754,0.086386644731677079,-0.96532741438287473,-0.00020182572653440606,-0.26104203168694817,8.8642899196141831e-05,2.846199803602478e-05
2.7150540351867676,1790954066.0163441,0.00060009956359863281,0.085905105783160907,0.086515971021358926,-0.086655597361518469,0.010384709049366262,0.35152676464417792,-0.010925761117484504,0.057461999999999999,0.0052750000000000002,0.205873,-3.1408072554263957,1.3066756510905948,-3.0511496917514473,0.057438401893766797,0.0052738848231569831,0.20578756318509733,-0.25997595480748137,-0.089543830704214816,0.96145431784601865,-0.023568749708289288,0.99598286212624754,0.086386644731677079,-0.96532741438287473,-0.00020182572653440606,-0.26104203168694817,8.8642899196141831e-05,2.846199803602478e-05
2.7200250625610352,1790954066.0213151,0.00057220458984375,0.085905105783160907,0.086515971021358926,-0.086655597361518469,0.010384709049366262,0.35152676464417792,-0.010925761117484504,0.057461999999999999,0.0052750000000000002,0.205873,-3.1408072554263957,1.3066756510905948,-3.0511496917514473,0.057438401893766797,0.0052738848231569831,0.20578756318509733,-0.25997595480748137,-0.089543830704214816,0.96145431784601865,-0.023568749708289288,0.99598286212624754,0.086386644731677079,-0.96532741438287473,-0.00020182572653440606,-0.26104203168694817,8.8642899196141831e-05,2.846199803602478e-05
2.7250499725341797,1790954066.02634,0.0005970001220703125,0.085905105783160907,0.086515971021358926,-0.086655597361518469,0.010384709049366262,0.35152676464417792,-0.010925761117484504,0.057461999999999999,0.0052750000000000002,0.205873,-3.1408072554263957,1.3066756510905948,-3.0511496917514473,0.057438401893766797,0.0052738848231569831,0.20578756318509733,-0.25997595480748137,-0.089543830704214816,0.96145431784601865,-0.023568749708289288,0.99598286212624754,0.086386644731677079,-0.96532741438287473,-0.00020182572653440606,-0.26104203168694817,8.8642899196141831e-05,2.846199803602478e-05
2.7300279140472412,1790954066.0313179,0.00057697296142578125,0.085905105783160907,0.086515971021358926,-0.086655597361518469,0.010384709049366262,0.35152676464417792,-0.010925761117484504,0.057461999999999999,0.0052750000000000002,0.205873,-3.1408072554263957,1.3066756510905948,-3.0511496917514473,0.057438401893766797,0.0052738848231569831,0.20578756318509733,-0.25997595480748137,-0.089543830704214816,0.96145431784601865,-0.023568749708289288,0.99598286212624754,0.086386644731677079,-0.96532741438287473,-0.00020182572653440606,-0.26104203168694817,8.8642899196141831e-05,2.846199803602478e-05
2.7350549697875977,1790954066.036345,0.00060391426086425781,0.085905105783160907,0.086515971021358926,-0.086655597361518469,0.010384709049366262,0.35152676464417792,-0.010925761117484504,0.057461999999999999,0.0052750000000000002,0.205873,-3.1408072554263957,1.3066756510905948,-3.0511496917514473,0.057438401893766797,0.0052738848231569831,0.20578756318509733,-0.25997595480748137,-0.089543830704214816,0.96145431784601865,-0.023568749708289288,0.99598286212624754,0.086386644731677079,-0.96532741438287473,-0.00020182572653440606,-0.26104203168694817,8.8642899196141831e-05,2.846199803602478e-05
2.740048885345459,1790954066.0413389,0.0005970001220703125,0.085905105783160907,0.086515971021358926,-0.086655597361518469,0.010384709049366262,0.35152676464417792,-0.010925761117484504,0.057461999999999999,0.0052750000000000002,0.205873,-3.1408072554263957,1.3066756510905948,-3.0511496917514473,0.057438401893766797,0.0052738848231569831,0.20578756318509733,-0.25997595480748137,-0.089543830704214816,0.96145431784601865,-0.023568749708289288,0.99598286212624754,0.086386644731677079,-0.96532741438287473,-0.00020182572653440606,-0.26104203168694817,8.8642899196141831e-05,2.846199803602478e-05
2.7450559139251709,1790954066.0463459,0.00060606002807617188,0.085905105783160907,0.086515971021358926,-0.086655597361518469,0.010384709049366262,0.35152676464417792,-0.010925761117484504,0.057461999999999999,0.0052750000000000002,0.205873,-3.1408072554263957,1.3066756510905948,-3.0511496917514473,0.057438401893766797,0.0052738848231569831,0.20578756318509733,-0.25997595480748137,-0.089543830704214816,0.96145431784601865,-0.023568749708289288,0.99598286212624754,0.086386644731677079,-0.96532741438287473,-0.00020182572653440606,-0.26104203168694817,8.8642899196141831e-05,2.846199803602478e-05
2.7500500679016113,1790954066.0513401,0.00059604644775390625,0.085905105783160907,0.086515971021358926,-0.086655597361518469,0.010384709049366262,0.35152676464417792,-0.010925761117484504,0.057461999999999999,0.0052750000000000002,0.205873,-3.1408072554263957,1.3066756510905948,-3.0511496917514473,0.057438401893766797,0.0052738848231569831,0.20578756318509733,-0.25997595480748137,-0.089543830704214816,0.96145431784601865,-0.023568749708289288,0.99598286212624754,0.086386644731677079,-0.96532741438287473,-0.00020182572653440606,-0.26104203168694817,8.8642899196141831e-05,2.846199803602478e-05
2.7550489902496338,1790954066.056339,0.00059795379638671875,0.085905105783160907,0.086515971021358926,-0.086655597361518469,0.010384709049366262,0.35152676464417792,-0.010925761117484504,0.057461999999999999,0.0052750000000000002,0.205873,-3.1408072554263957,1.3066756510905948,-3.0511496917514473,0.057438401893766797,0.0052738848231569831,0.20578756318509733,-0.25997595480748137,-0.089543830704214816,0.96145431784601865,-0.023568749708289288,0.99598286212624754,0.086386644731677079,-0.96532741438287473,-0.00020182572653440606,-0.26104203168694817,8.8642899196141831e-05,2.846199803602478e-05
2.7600500583648682,1790954066.0613401,0.00059914588928222656,0.085905105783160907,0.086515971021358926,-0.086655597361518469,0.010384709049366262,0.35152676464417792,-0.010925761117484504,0.057461999999999999,0.0052750000000000002,0.205873,-3.1408072554263957,1.3066756510905948,-3.0511496917514473,0.057438401893766797,0.0052738848231569831,0.20578756318509733,-0.25997595480748137,-0.089543830704214816,0.96145431784601865,-0.023568749708289288,0.99598286212624754,0.086386644731677079,-0.96532741438287473,-0.00020182572653440606,-0.26104203168694817,8.8642899196141831e-05,2.846199803602478e-05
2.7650508880615234,1790954066.0663409,0.00059795379638671875,0.085905105783160907,0.086515971021358926,-0.086655597361518469,0.010384709049366262,0.35152676464417792,-0.010925761117484504,0.057461999999999999,0.0052750000000000002,0.205873,-3.1408072554263957,1.3066756510905948,-3.0511496917514473,0.057438401893766797,0.0052738848231569831,0.20578756318509733,-0.25997595480748137,-0.089543830704214816,0.96145431784601865,-0.023568749708289288,0.99598286212624754,0.086386644731677079,-0.96532741438287473,-0.00020182572653440606,-0.26104203168694817,8.8642899196141831e-05,2.846199803602478e-05
2.770035982131958,1790954066.071326,0.00057291984558105469,0.085905105783160907,0.086515971021358926,-0.086655597361518469,0.010384709049366262,0.35152676464417792,-0.010925761117484504,0.057461999999999999,0.0052750000000000002,0.205873,-3.1408072554263957,1.3066756510905948,-3.0511496917514473,0.057438401893766797,0.0052738848231569831,0.20578756318509733,-0.25997595480748137,-0.089543830704214816,0.96145431784601865,-0.023568749708289288,0.99598286212624754,0.086386644731677079,-0.96532741438287473,-0.00020182572653440606,-0.26104203168694817,8.8642899196141831e-05,2.846199803602478e-05
2.7750499248504639,1790954066.07634,0.000598907470703125,0.085905105783160907,0.086515971021358926,-0.086655597361518469,0.010384709049366262,0.35152676464417792,-0.010925761117484504,0.057461999999999999,0.0052750000000000002,0.205873,-3.1408072554263957,1.3066756510905948,-3.0511496917514473,0.057438401893766797,0.0052738848231569831,0.20578756318509733,-0.25997595480748137,-0.089543830704214816,0.96145431784601865,-0.023568749708289288,0.99598286212624754,0.086386644731677079,-0.96532741438287473,-0.00020182572653440606,-0.26104203168694817,8.8642899196141831e-05,2.846199803602478e-05
2.7800240516662598,1790954066.0813141,0.00059819221496582031,0.085905105783160907,0.086515971021358926,-0.086655597361518469,0.010384709049366262,0.35152676464417792,-0.010925761117484504,0.057461999999999999,0.0052750000000000002,0.205873,-3.1408072554263957,1.3066756510905948,-3.0511496917514473,0.057438401893766797,0.0052738848231569831,0.20578756318509733,-0.25997595480748137,-0.089543830704214816,0.96145431784601865,-0.023568749708289288,0.99598286212624754,0.086386644731677079,-0.96532741438287473,-0.00020182572653440606,-0.26104203168694817,8.8642899196141831e-05,2.846199803602478e-05
2.785053014755249,1790954066.0863431,0.00059914588928222656,0.085905105783160907,0.086515971021358926,-0.086655597361518469,0.010384709049366262,0.35152676464417792,-0.010925761117484504,0.057461999999999999,0.0052750000000000002,0.205873,-3.1408072554263957,1.3066756510905948,-3.0511496917514473,0.057438401893766797,0.0052738848231569831,0.20578756318509733,-0.25997595480748137,-0.089543830704214816,0.96145431784601865,-0.023568749708289288,0.99598286212624754,0.086386644731677079,-0.96532741438287473,-0.00020182572653440606,-0.26104203168694817,8.8642899196141831e-05,2.846199803602478e-05
2.790024995803833,1790954066.091315,0.00057196617126464844,0.085905105783160907,0.086515971021358926,-0.086655597361518469,0.010384709049366262,0.35152676464417792,-0.010925761117484504,0.057461999999999999,0.0052750000000000002,0.205873,-3.1408072554263957,1.3066756510905948,-3.0511496917514473,0.057438401893766797,0.0052738848231569831,0.20578756318509733,-0.25997595480748137,-0.089543830704214816,0.96145431784601865,-0.023568749708289288,0.99598286212624754,0.086386644731677079,-0.96532741438287473,-0.00020182572653440606,-0.26104203168694817,8.8642899196141831e-05,2.846199803602478e-05
2.7950549125671387,1790954066.0963449,0.00060486793518066406,0.085905105783160907,0.086515971021358926,-0.086655597361518469,0.010384709049366262,0.35152676464417792,-0.010925761117484504,0.057461999999999999,0.0052750000000000002,0.205873,-3.1408072554263957,1.3066756510905948,-3.0511496917514473,0.057438401893766797,0.0052738848231569831,0.20578756318509733,-0.25997595480748137,-0.089543830704214816,0.96145431784601865,-0.023568749708289288,0.99598286212624754,0.086386644731677079,-0.96532741438287473,-0.00020182572653440606,-0.26104203168694817,8.8642899196141831e-05,2.846199803602478e-05
2.8000509738922119,1790954066.101341,0.00060009956359863281,0.085905105783160907,0.086515971021358926,-0.086655597361518469,0.010384709049366262,0.35152676464417792,-0.010925761117484504,0.057461999999999999,0.0052750000000000002,0.205873,-3.1408072554263957,1.3066756510905948,-3.0511496917514473,0.057438401893766797,0.0052738848231569831,0.20578756318509733,-0.25997595480748137,-0.089543830704214816,0.96145431784601865,-0.023568749708289288,0.99598286212624754,0.086386644731677079,-0.96532741438287473,-0.00020182572653440606,-0.26104203168694817,8.8642899196141831e-05,2.846199803602478e-05
2.8050498962402344,1790954066.1063399,0.00059795379638671875,0.085905105783160907,0.086515971021358926,-0.086655597361518469,0.010384709049366262,0.35152676464417792,-0.010925761117484504,0.057461999999999999,0.0052750000000000002,0.205873,-3.1408072554263957,1.3066756510905948,-3.0511496917514473,0.057438401893766797,0.0052738848231569831,0.20578756318509733,-0.25997595480748137,-0.089543830704214816,0.96145431784601865,-0.023568749708289288,0.99598286212624754,0.086386644731677079,-0.96532741438287473,-0.00020182572653440606,-0.26104203168694817,8.8642899196141831e-05,2.846199803602478e-05
2.8100259304046631,1790954066.111316,0.00057387351989746094,0.085905105783160907,0.086515971021358926,-0.086655597361518469,0.010384709049366262,0.35152676464417792,-0.010925761117484504,0.057461999999999999,0.0052750000000000002,0.205873,-3.1408072554263957,1.3066756510905948,-3.0511496917514473,0.057438401893766797,0.0052738848231569831,0.20578756318509733,-0.25997595480748137,-0.089543830704214816,0.96145431784601865,-0.023568749708289288,0.99598286212624754,0.086386644731677079,-0.96532741438287473,-0.00020182572653440606,-0.26104203168694817,8.8642899196141831e-05,2.846199803602478e-05
2.8150489330291748,1790954066.116339,0.000598907470703125,0.085905105783160907,0.086515971021358926,-0.086655597361518469,0.010384709049366262,0.35152676464417792,-0.010925761117484504,0.057461999999999999,0.0052750000000000002,0.205873,-3.1408072554263957,1.3066756510905948,-3.0511496917514473,0.057438401893766797,0.0052738848231569831,0.20578756318509733,-0.25997595480748137,-0.089543830704214816,0.96145431784601865,-0.023568749708289288,0.99598286212624754,0.086386644731677079,-0.96532741438287473,-0.00020182572653440606,-0.26104203168694817,8.8642899196141831e-05,2.846199803602478e-05
2.8200509548187256,1790954066.121341,0.00060009956359863281,0.085905105783160907,0.086515971021358926,-0.086655597361518469,0.010384709049366262,0.35152676464417792,-0.010925761117484504,0.057461999999999999,0.0052750000000000002,0.205873,-3.1408072554263957,1.3066756510905948,-3.0511496917514473,0.057438401893766797,0.0052738848231569831,0.20578756318509733,-0.25997595480748137,-0.089543830704214816,0.96145431784601865,-0.023568749708289288,0.99598286212624754,0.086386644731677079,-0.96532741438287473,-0.00020182572653440606,-0.26104203168694817,8.8642899196141831e-05,2.846199803602478e-05
2.8251399993896484,1790954066.12643,0.00066804885864257812,0.085905105783160907,0.086515971021358926,-0.086655597361518469,0.010384709049366262,0.35152676464417792,-0.010925761117484504,0.057461999999999999,0.0052750000000000002,0.205873,-3.1408072554263957,1.3066756510905948,-3.0511496917514473,0.057438401893766797,0.0052738848231569831,0.20578756318509733,-0.25997595480748137,-0.089543830704214816,0.96145431784601865,-0.023568749708289288,0.99598286212624754,0.086386644731677079,-0.96532741438287473,-0.00020182572653440606,-0.26104203168694817,8.8642899196141831e-05,2.846199803602478e-05
2.8301999568939209,1790954066.13149,0.00060987472534179688,0.085905105783160907,0.086515971021358926,-0.086655597361518469,0.010384709049366262,0.35152676464417792,-0.010925761117484504,0.057461999999999999,0.0052750000000000002,0.205873,-3.1408072554263957,1.3066756510905948,-3.0511496917514473,0.057438401893766797,0.0052738848231569831,0.20578756318509733,-0.25997595480748137,-0.089543830704214816,0.96145431784601865,-0.023568749708289288,0.99598286212624754,0.086386644731677079,-0.96532741438287473,-0.00020182572653440606,-0.26104203168694817,8.8642899196141831e-05,2.846199803602478e-05
2.8350510597229004,1790954066.1363411,0.00060009956359863281,0.085905105783160907,0.086515971021358926,-0.086655597361518469,0.010384709049366262,0.35152676464417792,-0.010925761117484504,0.057461999999999999,0.0052750000000000002,0.205873,-3.1408072554263957,1.3066756510905948,-3.0511496917514473,0.057438401893766797,0.0052738848231569831,0.20578756318509733,-0.25997595480748137,-0.089543830704214816,0.96145431784601865,-0.023568749708289288,0.99598286212624754,0.086386644731677079,-0.96532741438287473,-0.00020182572653440606,-0.26104203168694817,8.8642899196141831e-05,2.846199803602478e-05
2.84002685546875,1790954066.1413169,0.00057578086853027344,0.085905105783160907,0.086515971021358926,-0.086655597361518469,0.010384709049366262,0.35152676464417792,-0.010925761117484504,0.057461999999999999,0.0052750000000000002,0.205873,-3.1408072554263957,1.3066756510905948,-3.0511496917514473,0.057438401893766797,0.0052738848231569831,0.20578756318509733,-0.25997595480748137,-0.089543830704214816,0.96145431784601865,-0.023568749708289288,0.99598286212624754,0.086386644731677079,-0.96532741438287473,-0.00020182572653440606,-0.26104203168694817,8.8642899196141831e-05,2.846199803602478e-05
2.8450489044189453,1790954066.1463389,0.000598907470703125,0.085905105783160907,0.086515971021358926,-0.086655597361518469,0.010384709049366262,0.35152676464417792,-0.010925761117484504,0.057461999999999999,0.0052750000000000002,0.205873,-3.1408072554263957,1.3066756510905948,-3.0511496917514473,0.057438401893766797,0.0052738848231569831,0.20578756318509733,-0.25997595480748137,-0.089543830704214816,0.96145431784601865,-0.023568749708289288,0.99598286212624754,0.086386644731677079,-0.96532741438287473,-0.00020182572653440606,-0.26104203168694817,8.8642899196141831e-05,2.846199803602478e-05
2.8500268459320068,1790954066.1513169,0.00059795379638671875,0.085905105783160907,0.086515971021358926,-0.086655597361518469,0.010384709049366262,0.35152676464417792,-0.010925761117484504,0.057461999999999999,0.0052750000000000002,0.205873,-3.1408072554263957,1.3066756510905948,-3.0511496917514473,0.057438401893766797,0.0052738848231569831,0.20578756318509733,-0.25997595480748137,-0.089543830704214816,0.96145431784601865,-0.023568749708289288,0.99598286212624754,0.086386644731677079,-0.96532741438287473,-0.00020182572653440606,-0.26104203168694817,8.8642899196141831e-05,2.846199803602478e-05
2.855180025100708,1790954066.1564701,0.00070595741271972656,0.085905105783160907,0.086515971021358926,-0.086655597361518469,0.010384709049366262,0.35152676464417792,-0.010925761117484504,0.057461999999999999,0.0052750000000000002,0.205873,-3.1408072554263957,1.3066756510905948,-3.0511496917514473,0.057438401893766797,0.0052738848231569831,0.20578756318509733,-0.25997595480748137,-0.089543830704214816,0.96145431784601865,-0.023568749708289288,0.99598286212624754,0.086386644731677079,-0.96532741438287473,-0.00020182572653440606,-0.26104203168694817,8.8642899196141831e-05,2.846199803602478e-05
2.8600668907165527,1790954066.1613569,0.0004138946533203125,0.085905105783160907,0.086515971021358926,-0.086655597361518469,0.010384709049366262,0.35152676464417792,-0.010925761117484504,0.057461999999999999,0.0052750000000000002,0.205873,-3.1408072554263957,1.3066756510905948,-3.0511496917514473,0.057438401893766797,0.0052738848231569831,0.20578756318509733,-0.25997595480748137,-0.089543830704214816,0.96145431784601865,-0.023568749708289288,0.99598286212624754,0.086386644731677079,-0.96532741438287473,-0.00020182572653440606,-0.26104203168694817,8.8642899196141831e-05,2.846199803602478e-05
2.8651890754699707,1790954066.1664791,0.00071001052856445312,0.085905105783160907,0.086515971021358926,-0.086655597361518469,0.010384709049366262,0.35152676464417792,-0.010925761117484504,0.057461999999999999,0.0052750000000000002,0.205873,-3.1408072554263957,1.3066756510905948,-3.0511496917514473,0.057438401893766797,0.0052738848231569831,0.20578756318509733,-0.25997595480748137,-0.089543830704214816,0.96145431784601865,-0.023568749708289288,0.99598286212624754,0.086386644731677079,-0.96532741438287473,-0.00020182572653440606,-0.26104203168694817,8.8642899196141831e-05,2.846199803602478e-05
2.8701579570770264,1790954066.171448,0.00070309638977050781,0.085905105783160907,0.086515971021358926,-0.086655597361518469,0.010384709049366262,0.35152676464417792,-0.010925761117484504,0.057461999999999999,0.0052750000000000002,0.205873,-3.1408072554263957,1.3066756510905948,-3.0511496917514473,0.057438401893766797,0.0052738848231569831,0.20578756318509733,-0.25997595480748137,-0.089543830704214816,0.96145431784601865,-0.023568749708289288,0.99598286212624754,0.086386644731677079,-0.96532741438287473,-0.00020182572653440606,-0.26104203168694817,8.8642899196141831e-05,2.846199803602478e-05
2.8750550746917725,1790954066.1763451,0.00060200691223144531,0.085905105783160907,0.086515971021358926,-0.086655597361518469,0.010384709049366262,0.35152676464417792,-0.010925761117484504,0.057461999999999999,0.0052750000000000002,0.205873,-3.1408072554263957,1.3066756510905948,-3.0511496917514473,0.057438401893766797,0.0052738848231569831,0.20578756318509733,-0.25997595480748137,-0.089543830704214816,0.96145431784601865,-0.023568749708289288,0.99598286212624754,0.086386644731677079,-0.96532741438287473,-0.00020182572653440606,-0.26104203168694817,8.8642899196141831e-05,2.846199803602478e-05
2.8800508975982666,1790954066.1813409,0.00051784515380859375,0.085905105783160907,0.086515971021358926,-0.086655597361518469,0.010384709049366262,0.35152676464417792,-0.010925761117484504,0.057461999999999999,0.0052750000000000002,0.205873,-3.1408072554263957,1.3066756510905948,-3.0511496917514473,0.057438401893766797,0.0052738848231569831,0.20578756318509733,-0.25997595480748137,-0.089543830704214816,0.96145431784601865,-0.023568749708289288,0.99598286212624754,0.086386644731677079,-0.96532741438287473,-0.00020182572653440606,-0.26104203168694817,8.8642899196141831e-05,2.846199803602478e-05
2.8851439952850342,1790954066.186434,0.00067210197448730469,0.085905105783160907,0.086515971021358926,-0.086655597361518469,0.010384709049366262,0.35152676464417792,-0.010925761117484504,0.057461999999999999,0.0052750000000000002,0.205873,-3.1408072554263957,1.3066756510905948,-3.0511496917514473,0.057438401893766797,0.0052738848231569831,0.20578756318509733,-0.25997595480748137,-0.089543830704214816,0.96145431784601865,-0.023568749708289288,0.99598286212624754,0.086386644731677079,-0.96532741438287473,-0.00020182572653440606,-0.26104203168694817,8.8642899196141831e-05,2.846199803602478e-05
2.890084981918335,1790954066.191375,0.00062990188598632812,0.085905105783160907,0.086515971021358926,-0.086655597361518469,0.010384709049366262,0.35152676464417792,-0.010925761117484504,0.057461999999999999,0.0052750000000000002,0.205873,-3.1408072554263957,1.3066756510905948,-3.0511496917514473,0.057438401893766797,0.0052738848231569831,0.20578756318509733,-0.25997595480748137,-0.089543830704214816,0.96145431784601865,-0.023568749708289288,0.99598286212624754,0.086386644731677079,-0.96532741438287473,-0.00020182572653440606,-0.26104203168694817,8.8642899196141831e-05,2.846199803602478e-05
2.8951408863067627,1790954066.1964309,0.00068998336791992188,0.085905105783160907,0.086515971021358926,-0.086655597361518469,0.010384709049366262,0.35152676464417792,-0.010925761117484504,0.057461999999999999,0.0052750000000000002,0.205873,-3.1408072554263957,1.3066756510905948,-3.0511496917514473,0.057438401893766797,0.0052738848231569831,0.20578756318509733,-0.25997595480748137,-0.089543830704214816,0.96145431784601865,-0.023568749708289288,0.99598286212624754,0.086386644731677079,-0.96532741438287473,-0.00020182572653440606,-0.26104203168694817,8.8642899196141831e-05,2.846199803602478e-05
2.9000630378723145,1790954066.2013531,0.00058698654174804688,0.085905105783160907,0.086515971021358926,-0.086655597361518469,0.010384709049366262,0.35152676464417792,-0.010925761117484504,0.057461999999999999,0.0052750000000000002,0.205873,-3.1408072554263957,1.3066756510905948,-3.0511496917514473,0.057438401893766797,0.0052738848231569831,0.20578756318509733,-0.25997595480748137,-0.089543830704214816,0.96145431784601865,-0.023568749708289288,0.99598286212624754,0.086386644731677079,-0.96532741438287473,-0.00020182572653440606,-0.26104203168694817,8.8642899196141831e-05,2.846199803602478e-05
2.9051549434661865,1790954066.206445,0.00066208839416503906,0.085905105783160907,0.086515971021358926,-0.086655597361518469,0.010384709049366262,0.35152676464417792,-0.010925761117484504,0.057461999999999999,0.0052750000000000002,0.205873,-3.1408072554263957,1.3066756510905948,-3.0511496917514473,0.057438401893766797,0.0052738848231569831,0.20578756318509733,-0.25997595480748137,-0.089543830704214816,0.96145431784601865,-0.023568749708289288,0.99598286212624754,0.086386644731677079,-0.96532741438287473,-0.00020182572653440606,-0.26104203168694817,8.8642899196141831e-05,2.846199803602478e-05
2.9100589752197266,1790954066.211349,0.00060510635375976562,0.085905105783160907,0.086515971021358926,-0.086655597361518469,0.010384709049366262,0.35152676464417792,-0.010925761117484504,0.057461999999999999,0.0052750000000000002,0.205873,-3.1408072554263957,1.3066756510905948,-3.0511496917514473,0.057438401893766797,0.0052738848231569831,0.20578756318509733,-0.25997595480748137,-0.089543830704214816,0.96145431784601865,-0.023568749708289288,0.99598286212624754,0.086386644731677079,-0.96532741438287473,-0.00020182572653440606,-0.26104203168694817,8.8642899196141831e-05,2.846199803602478e-05
2.9151818752288818,1790954066.2164719,0.00071096420288085938,0.085905105783160907,0.086515971021358926,-0.086655597361518469,0.010384709049366262,0.35152676464417792,-0.010925761117484504,0.057461999999999999,0.0052750000000000002,0.205873,-3.1408072554263957,1.3066756510905948,-3.0511496917514473,0.057438401893766797,0.0052738848231569831,0.20578756318509733,-0.25997595480748137,-0.089543830704214816,0.96145431784601865,-0.023568749708289288,0.99598286212624754,0.086386644731677079,-0.96532741438287473,-0.00020182572653440606,-0.26104203168694817,8.8642899196141831e-05,2.846199803602478e-05
2.9200520515441895,1790954066.2213421,0.00049614906311035156,0.085905105783160907,0.086515971021358926,-0.086655597361518469,0.010384709049366262,0.35152676464417792,-0.010925761117484504,0.057461999999999999,0.0052750000000000002,0.205873,-3.1408072554263957,1.3066756510905948,-3.0511496917514473,0.057438401893766797,0.0052738848231569831,0.20578756318509733,-0.25997595480748137,-0.089543830704214816,0.96145431784601865,-0.023568749708289288,0.99598286212624754,0.086386644731677079,-0.96532741438287473,-0.00020182572653440606,-0.26104203168694817,8.8642899196141831e-05,2.846199803602478e-05
2.9251909255981445,1790954066.226481,0.00073885917663574219,0.085905105783160907,0.086515971021358926,-0.086655597361518469,0.010384709049366262,0.35152676464417792,-0.010925761117484504,0.057461999999999999,0.0052750000000000002,0.205873,-3.1408072554263957,1.3066756510905948,-3.0511496917514473,0.057438401893766797,0.0052738848231569831,0.20578756318509733,-0.25997595480748137,-0.089543830704214816,0.96145431784601865,-0.023568749708289288,0.99598286212624754,0.086386644731677079,-0.96532741438287473,-0.00020182572653440606,-0.26104203168694817,8.8642899196141831e-05,2.846199803602478e-05
2.9301559925079346,1790954066.231446,0.00073003768920898438,0.085905105783160907,0.086515971021358926,-0.086655597361518469,0.010384709049366262,0.35152676464417792,-0.010925761117484504,0.057461999999999999,0.0052750000000000002,0.205873,-3.1408072554263957,1.3066756510905948,-3.0511496917514473,0.057438401893766797,0.0052738848231569831,0.20578756318509733,-0.25997595480748137,-0.089543830704214816,0.96145431784601865,-0.023568749708289288,0.99598286212624754,0.086386644731677079,-0.96532741438287473,-0.00020182572653440606,-0.26104203168694817,8.8642899196141831e-05,2.846199803602478e-05
2.9351339340209961,1790954066.236424,0.00061798095703125,0.085905105783160907,0.086515971021358926,-0.086655597361518469,0.010384709049366262,0.35152676464417792,-0.010925761117484504,0.057461999999999999,0.0052750000000000002,0.205873,-3.1408072554263957,1.3066756510905948,-3.0511496917514473,0.057438401893766797,0.0052738848231569831,0.20578756318509733,-0.25997595480748137,-0.089543830704214816,0.96145431784601865,-0.023568749708289288,0.99598286212624754,0.086386644731677079,-0.96532741438287473,-0.00020182572653440606,-0.26104203168694817,8.8642899196141831e-05,2.846199803602478e-05
2.9400260448455811,1790954066.2413161,0.00057315826416015625,0.085905105783160907,0.086515971021358926,-0.086655597361518469,0.010384709049366262,0.35152676464417792,-0.010925761117484504,0.057461999999999999,0.0052750000000000002,0.205873,-3.1408072554263957,1.3066756510905948,-3.0511496917514473,0.057438401893766797,0.0052738848231569831,0.20578756318509733,-0.25997595480748137,-0.089543830704214816,0.96145431784601865,-0.023568749708289288,0.99598286212624754,0.086386644731677079,-0.96532741438287473,-0.00020182572653440606,-0.26104203168694817,8.8642899196141831e-05,2.846199803602478e-05
2.9450540542602539,1790954066.2463441,0.00059008598327636719,0.085905105783160907,0.086515971021358926,-0.086655597361518469,0.010384709049366262,0.35152676464417792,-0.010925761117484504,0.057461999999999999,0.0052750000000000002,0.205873,-3.1408072554263957,1.3066756510905948,-3.0511496917514473,0.057438401893766797,0.0052738848231569831,0.20578756318509733,-0.25997595480748137,-0.089543830704214816,0.96145431784601865,-0.023568749708289288,0.99598286212624754,0.086386644731677079,-0.96532741438287473,-0.00020182572653440606,-0.26104203168694817,8.8642899196141831e-05,2.846199803602478e-05
2.9500980377197266,1790954066.2513881,0.00064706802368164062,0.085905105783160907,0.086515971021358926,-0.086655597361518469,0.010384709049366262,0.35152676464417792,-0.010925761117484504,0.057461999999999999,0.0052750000000000002,0.205873,-3.1408072554263957,1.3066756510905948,-3.0511496917514473,0.057438401893766797,0.0052738848231569831,0.20578756318509733,-0.25997595480748137,-0.089543830704214816,0.96145431784601865,-0.023568749708289288,0.99598286212624754,0.086386644731677079,-0.96532741438287473,-0.00020182572653440606,-0.26104203168694817,8.8642899196141831e-05,2.846199803602478e-05
2.9550528526306152,1790954066.2563429,0.00056481361389160156,0.085905105783160907,0.086515971021358926,-0.086655597361518469,0.010384709049366262,0.35152676464417792,-0.010925761117484504,0.057461999999999999,0.0052750000000000002,0.205873,-3.1408072554263957,1.3066756510905948,-3.0511496917514473,0.057438401893766797,0.0052738848231569831,0.20578756318509733,-0.25997595480748137,-0.089543830704214816,0.96145431784601865,-0.023568749708289288,0.99598286212624754,0.086386644731677079,-0.96532741438287473,-0.00020182572653440606,-0.26104203168694817,8.8642899196141831e-05,2.846199803602478e-05
2.9601259231567383,1790954066.261416,0.00067806243896484375,0.085905105783160907,0.086515971021358926,-0.086655597361518469,0.010384709049366262,0.35152676464417792,-0.010925761117484504,0.057461999999999999,0.0052750000000000002,0.205873,-3.1408072554263957,1.3066756510905948,-3.0511496917514473,0.057438401893766797,0.0052738848231569831,0.20578756318509733,-0.25997595480748137,-0.089543830704214816,0.96145431784601865,-0.023568749708289288,0.99598286212624754,0.086386644731677079,-0.96532741438287473,-0.00020182572653440606,-0.26104203168694817,8.8642899196141831e-05,2.846199803602478e-05
2.9651510715484619,1790954066.2664411,0.00069117546081542969,0.085905105783160907,0.086515971021358926,-0.086655597361518469,0.010384709049366262,0.35152676464417792,-0.010925761117484504,0.057461999999999999,0.0052750000000000002,0.205873,-3.1408072554263957,1.3066756510905948,-3.0511496917514473,0.057438401893766797,0.0052738848231569831,0.20578756318509733,-0.25997595480748137,-0.089543830704214816,0.96145431784601865,-0.023568749708289288,0.99598286212624754,0.086386644731677079,-0.96532741438287473,-0.00020182572653440606,-0.26104203168694817,8.8642899196141831e-05,2.846199803602478e-05
2.9701619148254395,1790954066.271452,0.00053691864013671875,0.085905105783160907,0.086515971021358926,-0.086655597361518469,0.010384709049366262,0.35152676464417792,-0.010925761117484504,0.057461999999999999,0.0052750000000000002,0.205873,-3.1408072554263957,1.3066756510905948,-3.0511496917514473,0.057438401893766797,0.0052738848231569831,0.20578756318509733,-0.25997595480748137,-0.089543830704214816,0.96145431784601865,-0.023568749708289288,0.99598286212624754,0.086386644731677079,-0.96532741438287473,-0.00020182572653440606,-0.26104203168694817,8.8642899196141831e-05,2.846199803602478e-05
2.9750509262084961,1790954066.276341,0.00057387351989746094,0.085905105783160907,0.086515971021358926,-0.086655597361518469,0.010384709049366262,0.35152676464417792,-0.010925761117484504,0.057461999999999999,0.0052750000000000002,0.205873,-3.1408072554263957,1.3066756510905948,-3.0511496917514473,0.057438401893766797,0.0052738848231569831,0.20578756318509733,-0.25997595480748137,-0.089543830704214816,0.96145431784601865,-0.023568749708289288,0.99598286212624754,0.086386644731677079,-0.96532741438287473,-0.00020182572653440606,-0.26104203168694817,8.8642899196141831e-05,2.846199803602478e-05
2.9800510406494141,1790954066.2813411,0.00062513351440429688,0.085905105783160907,0.086515971021358926,-0.086655597361518469,0.010384709049366262,0.35152676464417792,-0.010925761117484504,0.057461999999999999,0.0052750000000000002,0.205873,-3.1408072554263957,1.3066756510905948,-3.0511496917514473,0.057438401893766797,0.0052738848231569831,0.20578756318509733,-0.25997595480748137,-0.089543830704214816,0.96145431784601865,-0.023568749708289288,0.99598286212624754,0.086386644731677079,-0.96532741438287473,-0.00020182572653440606,-0.26104203168694817,8.8642899196141831e-05,2.846199803602478e-05
2.9851229190826416,1790954066.286413,0.00066494941711425781,0.085905105783160907,0.086515971021358926,-0.086655597361518469,0.010384709049366262,0.35152676464417792,-0.010925761117484504,0.057461999999999999,0.0052750000000000002,0.205873,-3.1408072554263957,1.3066756510905948,-3.0511496917514473,0.057438401893766797,0.0052738848231569831,0.20578756318509733,-0.25997595480748137,-0.089543830704214816,0.96145431784601865,-0.023568749708289288,0.99598286212624754,0.086386644731677079,-0.96532741438287473,-0.00020182572653440606,-0.26104203168694817,8.8642899196141831e-05,2.846199803602478e-05
2.9901049137115479,1790954066.2913949,0.00058484077453613281,0.085905105783160907,0.086515971021358926,-0.086655597361518469,0.010384709049366262,0.35152676464417792,-0.010925761117484504,0.057461999999999999,0.0052750000000000002,0.205873,-3.1408072554263957,1.3066756510905948,-3.0511496917514473,0.057438401893766797,0.0052738848231569831,0.20578756318509733,-0.25997595480748137,-0.089543830704214816,0.96145431784601865,-0.023568749708289288,0.99598286212624754,0.086386644731677079,-0.96532741438287473,-0.00020182572653440606,-0.26104203168694817,8.8642899196141831e-05,2.846199803602478e-05
2.9950549602508545,1790954066.296345,0.00059795379638671875,0.085905105783160907,0.086515971021358926,-0.086655597361518469,0.010384709049366262,0.35152676464417792,-0.010925761117484504,0.057461999999999999,0.0052750000000000002,0.205873,-3.1408072554263957,1.3066756510905948,-3.0511496917514473,0.057438401893766797,0.0052738848231569831,0.20578756318509733,-0.25997595480748137,-0.089543830704214816,0.96145431784601865,-0.023568749708289288,0.99598286212624754,0.086386644731677079,-0.96532741438287473,-0.00020182572653440606,-0.26104203168694817,8.8642899196141831e-05,2.846199803602478e-05
3.0000269412994385,1790954066.301317,0.00055098533630371094,0.085905105783160907,0.086515971021358926,-0.086655597361518469,0.010384709049366262,0.35152676464417792,-0.010925761117484504,0.057461999999999999,0.0052750000000000002,0.205873,-3.1408072554263957,1.3066756510905948,-3.0511496917514473,0.057438401893766797,0.0052738848231569831,0.20578756318509733,-0.25997595480748137,-0.089543830704214816,0.96145431784601865,-0.023568749708289288,0.99598286212624754,0.086386644731677079,-0.96532741438287473,-0.00020182572653440606,-0.26104203168694817,8.8642899196141831e-05,2.846199803602478e-05
3.0050530433654785,1790954066.3063431,0.00060105323791503906,0.085905105783160907,0.086515971021358926,-0.086655597361518469,0.010384709049366262,0.35152676464417792,-0.010925761117484504,0.057461999999999999,0.0052750000000000002,0.205873,-3.1408072554263957,1.3066756510905948,-3.0511496917514473,0.057438401893766797,0.0052738848231569831,0.20578756318509733,-0.25997595480748137,-0.089543830704214816,0.96145431784601865,-0.023568749708289288,0.99598286212624754,0.086386644731677079,-0.96532741438287473,-0.00020182572653440606,-0.26104203168694817,8.8642899196141831e-05,2.846199803602478e-05
3.0101540088653564,1790954066.311444,0.00070095062255859375,0.085905105783160907,0.086515971021358926,-0.086655597361518469,0.010384709049366262,0.35152676464417792,-0.010925761117484504,0.057461999999999999,0.0052750000000000002,0.205873,-3.1408072554263957,1.3066756510905948,-3.0511496917514473,0.057438401893766797,0.0052738848231569831,0.20578756318509733,-0.25997595480748137,-0.089543830704214816,0.96145431784601865,-0.023568749708289288,0.99598286212624754,0.086386644731677079,-0.96532741438287473,-0.00020182572653440606,-0.26104203168694817,8.8642899196141831e-05,2.846199803602478e-05
3.0150909423828125,1790954066.316381,0.000637054443359375,0.085905105783160907,0.086515971021358926,-0.086655597361518469,0.010384709049366262,0.35152676464417792,-0.010925761117484504,0.057461999999999999,0.0052750000000000002,0.205873,-3.1408072554263957,1.3066756510905948,-3.0511496917514473,0.057438401893766797,0.0052738848231569831,0.20578756318509733,-0.25997595480748137,-0.089543830704214816,0.96145431784601865,-0.023568749708289288,0.99598286212624754,0.086386644731677079,-0.96532741438287473,-0.00020182572653440606,-0.26104203168694817,8.8642899196141831e-05,2.846199803602478e-05
3.0200369358062744,1790954066.321327,0.00057888031005859375,0.085905105783160907,0.086515971021358926,-0.086655597361518469,0.010384709049366262,0.35152676464417792,-0.010925761117484504,0.057461999999999999,0.0052750000000000002,0.205873,-3.1408072554263957,1.3066756510905948,-3.0511496917514473,0.057438401893766797,0.0052738848231569831,0.20578756318509733,-0.25997595480748137,-0.089543830704214816,0.96145431784601865,-0.023568749708289288,0.99598286212624754,0.086386644731677079,-0.96532741438287473,-0.00020182572653440606,-0.26104203168694817,8.8642899196141831e-05,2.846199803602478e-05
3.0250539779663086,1790954066.326344,0.00058102607727050781,0.085905105783160907,0.086515971021358926,-0.086655597361518469,0.010384709049366262,0.35152676464417792,-0.010925761117484504,0.057461999999999999,0.0052750000000000002,0.205873,-3.1408072554263957,1.3066756510905948,-3.0511496917514473,0.057438401893766797,0.0052738848231569831,0.20578756318509733,-0.25997595480748137,-0.089543830704214816,0.96145431784601865,-0.023568749708289288,0.99598286212624754,0.086386644731677079,-0.96532741438287473,-0.00020182572653440606,-0.26104203168694817,8.8642899196141831e-05,2.846199803602478e-05
3.0301759243011475,1790954066.331466,0.00060987472534179688,0.085905105783160907,0.086515971021358926,-0.086655597361518469,0.010384709049366262,0.35152676464417792,-0.010925761117484504,0.057461999999999999,0.0052750000000000002,0.205873,-3.1408072554263957,1.3066756510905948,-3.0511496917514473,0.057438401893766797,0.0052738848231569831,0.20578756318509733,-0.25997595480748137,-0.089543830704214816,0.96145431784601865,-0.023568749708289288,0.99598286212624754,0.086386644731677079,-0.96532741438287473,-0.00020182572653440606,-0.26104203168694817,8.8642899196141831e-05,2.846199803602478e-05
3.0350520610809326,1790954066.3363421,0.0005970001220703125,0.085905105783160907,0.086515971021358926,-0.086655597361518469,0.010384709049366262,0.35152676464417792,-0.010925761117484504,0.057461999999999999,0.0052750000000000002,0.205873,-3.1408072554263957,1.3066756510905948,-3.0511496917514473,0.057438401893766797,0.0052738848231569831,0.20578756318509733,-0.25997595480748137,-0.089543830704214816,0.96145431784601865,-0.023568749708289288,0.99598286212624754,0.086386644731677079,-0.96532741438287473,-0.00020182572653440606,-0.26104203168694817,8.8642899196141831e-05,2.846199803602478e-05
3.0400569438934326,1790954066.341347,0.00059390068054199219,0.085905105783160907,0.086515971021358926,-0.086655597361518469,0.010384709049366262,0.35152676464417792,-0.010925761117484504,0.057461999999999999,0.0052750000000000002,0.205873,-3.1408072554263957,1.3066756510905948,-3.0511496917514473,0.057438401893766797,0.0052738848231569831,0.20578756318509733,-0.25997595480748137,-0.089543830704214816,0.96145431784601865,-0.023568749708289288,0.99598286212624754,0.086386644731677079,-0.96532741438287473,-0.00020182572653440606,-0.26104203168694817,8.8642899196141831e-05,2.846199803602478e-05
3.0451080799102783,1790954066.3463981,0.00059413909912109375,0.085905105783160907,0.086515971021358926,-0.086655597361518469,0.010384709049366262,0.35152676464417792,-0.010925761117484504,0.057461999999999999,0.0052750000000000002,0.205873,-3.1408072554263957,1.3066756510905948,-3.0511496917514473,0.057438401893766797,0.0052738848231569831,0.20578756318509733,-0.25997595480748137,-0.089543830704214816,0.96145431784601865,-0.023568749708289288,0.99598286212624754,0.086386644731677079,-0.96532741438287473,-0.00020182572653440606,-0.26104203168694817,8.8642899196141831e-05,2.846199803602478e-05
3.0500528812408447,1790954066.3513429,0.00059795379638671875,0.085905105783160907,0.086515971021358926,-0.086655597361518469,0.010384709049366262,0.35152676464417792,-0.010925761117484504,0.057461999999999999,0.0052750000000000002,0.205873,-3.1408072554263957,1.3066756510905948,-3.0511496917514473,0.057438401893766797,0.0052738848231569831,0.20578756318509733,-0.25997595480748137,-0.089543830704214816,0.96145431784601865,-0.023568749708289288,0.99598286212624754,0.086386644731677079,-0.96532741438287473,-0.00020182572653440606,-0.26104203168694817,8.8642899196141831e-05,2.846199803602478e-05
3.0551910400390625,1790954066.3564811,0.00069904327392578125,0.085905105783160907,0.086515971021358926,-0.086655597361518469,0.010384709049366262,0.35152676464417792,-0.010925761117484504,0.057461999999999999,0.0052750000000000002,0.205873,-3.1408072554263957,1.3066756510905948,-3.0511496917514473,0.057438401893766797,0.0052738848231569831,0.20578756318509733,-0.25997595480748137,-0.089543830704214816,0.96145431784601865,-0.023568749708289288,0.99598286212624754,0.086386644731677079,-0.96532741438287473,-0.00020182572653440606,-0.26104203168694817,8.8642899196141831e-05,2.846199803602478e-05
3.0600540637969971,1790954066.3613441,0.0005550384521484375,0.085905105783160907,0.086515971021358926,-0.086655597361518469,0.010384709049366262,0.35152676464417792,-0.010925761117484504,0.057461999999999999,0.0052750000000000002,0.205873,-3.1408072554263957,1.3066756510905948,-3.0511496917514473,0.057438401893766797,0.0052738848231569831,0.20578756318509733,-0.25997595480748137,-0.089543830704214816,0.96145431784601865,-0.023568749708289288,0.99598286212624754,0.086386644731677079,-0.96532741438287473,-0.00020182572653440606,-0.26104203168694817,8.8642899196141831e-05,2.846199803602478e-05
3.0650529861450195,1790954066.366343,0.00055003166198730469,0.085905105783160907,0.086515971021358926,-0.086655597361518469,0.010384709049366262,0.35152676464417792,-0.010925761117484504,0.057461999999999999,0.0052750000000000002,0.205873,-3.1408072554263957,1.3066756510905948,-3.0511496917514473,0.057438401893766797,0.0052738848231569831,0.20578756318509733,-0.25997595480748137,-0.089543830704214816,0.96145431784601865,-0.023568749708289288,0.99598286212624754,0.086386644731677079,-0.96532741438287473,-0.00020182572653440606,-0.26104203168694817,8.8642899196141831e-05,2.846199803602478e-05
3.0701360702514648,1790954066.3714261,0.00066018104553222656,0.085905105783160907,0.086515971021358926,-0.086655597361518469,0.010384709049366262,0.35152676464417792,-0.010925761117484504,0.057461999999999999,0.0052750000000000002,0.205873,-3.1408072554263957,1.3066756510905948,-3.0511496917514473,0.057438401893766797,0.0052738848231569831,0.20578756318509733,-0.25997595480748137,-0.089543830704214816,0.96145431784601865,-0.023568749708289288,0.99598286212624754,0.086386644731677079,-0.96532741438287473,-0.00020182572653440606,-0.26104203168694817,8.8642899196141831e-05,2.846199803602478e-05
3.0750539302825928,1790954066.376344,0.00060296058654785156,0.085905105783160907,0.086515971021358926,-0.086655597361518469,0.010384709049366262,0.35152676464417792,-0.010925761117484504,0.057461999999999999,0.0052750000000000002,0.205873,-3.1408072554263957,1.3066756510905948,-3.0511496917514473,0.057438401893766797,0.0052738848231569831,0.20578756318509733,-0.25997595480748137,-0.089543830704214816,0.96145431784601865,-0.023568749708289288,0.99598286212624754,0.086386644731677079,-0.96532741438287473,-0.00020182572653440606,-0.26104203168694817,8.8642899196141831e-05,2.846199803602478e-05
3.080064058303833,1790954066.3813541,0.00058197975158691406,0.085905105783160907,0.086515971021358926,-0.086655597361518469,0.010384709049366262,0.35152676464417792,-0.010925761117484504,0.057461999999999999,0.0052750000000000002,0.205873,-3.1408072554263957,1.3066756510905948,-3.0511496917514473,0.057438401893766797,0.0052738848231569831,0.20578756318509733,-0.25997595480748137,-0.089543830704214816,0.96145431784601865,-0.023568749708289288,0.99598286212624754,0.086386644731677079,-0.96532741438287473,-0.00020182572653440606,-0.26104203168694817,8.8642899196141831e-05,2.846199803602478e-05
3.085162878036499,1790954066.3864529,0.00057888031005859375,0.085905105783160907,0.086515971021358926,-0.086655597361518469,0.010384709049366262,0.35152676464417792,-0.010925761117484504,0.057461999999999999,0.0052750000000000002,0.205873,-3.1408072554263957,1.3066756510905948,-3.0511496917514473,0.057438401893766797,0.0052738848231569831,0.20578756318509733,-0.25997595480748137,-0.089543830704214816,0.96145431784601865,-0.023568749708289288,0.99598286212624754,0.086386644731677079,-0.96532741438287473,-0.00020182572653440606,-0.26104203168694817,8.8642899196141831e-05,2.846199803602478e-05
3.0901079177856445,1790954066.391398,0.000640869140625,0.085905105783160907,0.086515971021358926,-0.086655597361518469,0.010384709049366262,0.35152676464417792,-0.010925761117484504,0.057461999999999999,0.0052750000000000002,0.205873,-3.1408072554263957,1.3066756510905948,-3.0511496917514473,0.057438401893766797,0.0052738848231569831,0.20578756318509733,-0.25997595480748137,-0.089543830704214816,0.96145431784601865,-0.023568749708289288,0.99598286212624754,0.086386644731677079,-0.96532741438287473,-0.00020182572653440606,-0.26104203168694817,8.8642899196141831e-05,2.846199803602478e-05
3.0950710773468018,1790954066.3963611,0.00059413909912109375,0.085905105783160907,0.086515971021358926,-0.086655597361518469,0.010384709049366262,0.35152676464417792,-0.010925761117484504,0.057461999999999999,0.0052750000000000002,0.205873,-3.1408072554263957,1.3066756510905948,-3.0511496917514473,0.057438401893766797,0.0052738848231569831,0.20578756318509733,-0.25997595480748137,-0.089543830704214816,0.96145431784601865,-0.023568749708289288,0.99598286212624754,0.086386644731677079,-0.96532741438287473,-0.00020182572653440606,-0.26104203168694817,8.8642899196141831e-05,2.846199803602478e-05
3.1000280380249023,1790954066.4013181,0.00056695938110351562,0.085905105783160907,0.086515971021358926,-0.086655597361518469,0.010384709049366262,0.35152676464417792,-0.010925761117484504,0.057461999999999999,0.0052750000000000002,0.205873,-3.1408072554263957,1.3066756510905948,-3.0511496917514473,0.057438401893766797,0.0052738848231569831,0.20578756318509733,-0.25997595480748137,-0.089543830704214816,0.96145431784601865,-0.023568749708289288,0.99598286212624754,0.086386644731677079,-0.96532741438287473,-0.00020182572653440606,-0.26104203168694817,8.8642899196141831e-05,2.846199803602478e-05
3.1051480770111084,1790954066.4064381,0.00068712234497070312,0.085905105783160907,0.086515971021358926,-0.086655597361518469,0.010384709049366262,0.35152676464417792,-0.010925761117484504,0.057461999999999999,0.0052750000000000002,0.205873,-3.1408072554263957,1.3066756510905948,-3.0511496917514473,0.057438401893766797,0.0052738848231569831,0.20578756318509733,-0.25997595480748137,-0.089543830704214816,0.96145431784601865,-0.023568749708289288,0.99598286212624754,0.086386644731677079,-0.96532741438287473,-0.00020182572653440606,-0.26104203168694817,8.8642899196141831e-05,2.846199803602478e-05
3.1100659370422363,1790954066.411356,0.00062894821166992188,0.085905105783160907,0.086515971021358926,-0.086655597361518469,0.010384709049366262,0.35152676464417792,-0.010925761117484504,0.057461999999999999,0.0052750000000000002,0.205873,-3.1408072554263957,1.3066756510905948,-3.0511496917514473,0.057438401893766797,0.0052738848231569831,0.20578756318509733,-0.25997595480748137,-0.089543830704214816,0.96145431784601865,-0.023568749708289288,0.99598286212624754,0.086386644731677079,-0.96532741438287473,-0.00020182572653440606,-0.26104203168694817,8.8642899196141831e-05,2.846199803602478e-05
3.1150639057159424,1790954066.4163539,0.00060796737670898438,0.085905105783160907,0.086515971021358926,-0.086655597361518469,0.010384709049366262,0.35152676464417792,-0.010925761117484504,0.057461999999999999,0.0052750000000000002,0.205873,-3.1408072554263957,1.3066756510905948,-3.0511496917514473,0.057438401893766797,0.0052738848231569831,0.20578756318509733,-0.25997595480748137,-0.089543830704214816,0.96145431784601865,-0.023568749708289288,0.99598286212624754,0.086386644731677079,-0.96532741438287473,-0.00020182572653440606,-0.26104203168694817,8.8642899196141831e-05,2.846199803602478e-05
3.1201620101928711,1790954066.421452,0.00070309638977050781,0.085905105783160907,0.086515971021358926,-0.086655597361518469,0.010384709049366262,0.35152676464417792,-0.010925761117484504,0.057461999999999999,0.0052750000000000002,0.205873,-3.1408072554263957,1.3066756510905948,-3.0511496917514473,0.057438401893766797,0.0052738848231569831,0.20578756318509733,-0.25997595480748137,-0.089543830704214816,0.96145431784601865,-0.023568749708289288,0.99598286212624754,0.086386644731677079,-0.96532741438287473,-0.00020182572653440606,-0.26104203168694817,8.8642899196141831e-05,2.846199803602478e-05
3.125053882598877,1790954066.4263439,0.00057888031005859375,0.085905105783160907,0.086515971021358926,-0.086655597361518469,0.010384709049366262,0.35152676464417792,-0.010925761117484504,0.057461999999999999,0.0052750000000000002,0.205873,-3.1408072554263957,1.3066756510905948,-3.0511496917514473,0.057438401893766797,0.0052738848231569831,0.20578756318509733,-0.25997595480748137,-0.089543830704214816,0.96145431784601865,-0.023568749708289288,0.99598286212624754,0.086386644731677079,-0.96532741438287473,-0.00020182572653440606,-0.26104203168694817,8.8642899196141831e-05,2.846199803602478e-05
3.1300299167633057,1790954066.43132,0.00057697296142578125,0.085905105783160907,0.086515971021358926,-0.086655597361518469,0.010384709049366262,0.35152676464417792,-0.010925761117484504,0.057461999999999999,0.0052750000000000002,0.205873,-3.1408072554263957,1.3066756510905948,-3.0511496917514473,0.057438401893766797,0.0052738848231569831,0.20578756318509733,-0.25997595480748137,-0.089543830704214816,0.96145431784601865,-0.023568749708289288,0.99598286212624754,0.086386644731677079,-0.96532741438287473,-0.00020182572653440606,-0.26104203168694817,8.8642899196141831e-05,2.846199803602478e-05
3.1350939273834229,1790954066.436384,0.00063395500183105469,0.085905105783160907,0.086515971021358926,-0.086655597361518469,0.010384709049366262,0.35152676464417792,-0.010925761117484504,0.057461999999999999,0.0052750000000000002,0.205873,-3.1408072554263957,1.3066756510905948,-3.0511496917514473,0.057438401893766797,0.0052738848231569831,0.20578756318509733,-0.25997595480748137,-0.089543830704214816,0.96145431784601865,-0.023568749708289288,0.99598286212624754,0.086386644731677079,-0.96532741438287473,-0.00020182572653440606,-0.26104203168694817,8.8642899196141831e-05,2.846199803602478e-05
3.1400508880615234,1790954066.4413409,0.00059795379638671875,0.085905105783160907,0.086515971021358926,-0.086655597361518469,0.010384709049366262,0.35152676464417792,-0.010925761117484504,0.057461999999999999,0.0052750000000000002,0.205873,-3.1408072554263957,1.3066756510905948,-3.0511496917514473,0.057438401893766797,0.0052738848231569831,0.20578756318509733,-0.25997595480748137,-0.089543830704214816,0.96145431784601865,-0.023568749708289288,0.99598286212624754,0.086386644731677079,-0.96532741438287473,-0.00020182572653440606,-0.26104203168694817,8.8642899196141831e-05,2.846199803602478e-05
3.1450510025024414,1790954066.446341,0.00059914588928222656,0.085905105783160907,0.086515971021358926,-0.086655597361518469,0.010384709049366262,0.35152676464417792,-0.010925761117484504,0.057461999999999999,0.0052750000000000002,0.205873,-3.1408072554263957,1.3066756510905948,-3.0511496917514473,0.057438401893766797,0.0052738848231569831,0.20578756318509733,-0.25997595480748137,-0.089543830704214816,0.96145431784601865,-0.023568749708289288,0.99598286212624754,0.086386644731677079,-0.96532741438287473,-0.00020182572653440606,-0.26104203168694817,8.8642899196141831e-05,2.846199803602478e-05
3.1500508785247803,1790954066.4513409,0.000598907470703125,0.085905105783160907,0.086515971021358926,-0.086655597361518469,0.010384709049366262,0.35152676464417792,-0.010925761117484504,0.057461999999999999,0.0052750000000000002,0.205873,-3.1408072554263957,1.3066756510905948,-3.0511496917514473,0.057438401893766797,0.0052738848231569831,0.20578756318509733,-0.25997595480748137,-0.089543830704214816,0.96145431784601865,-0.023568749708289288,0.99598286212624754,0.086386644731677079,-0.96532741438287473,-0.00020182572653440606,-0.26104203168694817,8.8642899196141831e-05,2.846199803602478e-05
3.1551258563995361,1790954066.4564159,0.00067400932312011719,0.085905105783160907,0.086515971021358926,-0.086655597361518469,0.010384709049366262,0.35152676464417792,-0.010925761117484504,0.057461999999999999,0.0052750000000000002,0.205873,-3.1408072554263957,1.3066756510905948,-3.0511496917514473,0.057438401893766797,0.0052738848231569831,0.20578756318509733,-0.25997595480748137,-0.089543830704214816,0.96145431784601865,-0.023568749708289288,0.99598286212624754,0.086386644731677079,-0.96532741438287473,-0.00020182572653440606,-0.26104203168694817,8.8642899196141831e-05,2.846199803602478e-05
3.1600508689880371,1790954066.4613409,0.00059580802917480469,0.085905105783160907,0.086515971021358926,-0.086655597361518469,0.010384709049366262,0.35152676464417792,-0.010925761117484504,0.057461999999999999,0.0052750000000000002,0.205873,-3.1408072554263957,1.3066756510905948,-3.0511496917514473,0.057438401893766797,0.0052738848231569831,0.20578756318509733,-0.25997595480748137,-0.089543830704214816,0.96145431784601865,-0.023568749708289288,0.99598286212624754,0.086386644731677079,-0.96532741438287473,-0.00020182572653440606,-0.26104203168694817,8.8642899196141831e-05,2.846199803602478e-05
3.1650519371032715,1790954066.466342,0.00059795379638671875,0.085905105783160907,0.086515971021358926,-0.086655597361518469,0.010384709049366262,0.35152676464417792,-0.010925761117484504,0.057461999999999999,0.0052750000000000002,0.205873,-3.1408072554263957,1.3066756510905948,-3.0511496917514473,0.057438401893766797,0.0052738848231569831,0.20578756318509733,-0.25997595480748137,-0.089543830704214816,0.96145431784601865,-0.023568749708289288,0.99598286212624754,0.086386644731677079,-0.96532741438287473,-0.00020182572653440606,-0.26104203168694817,8.8642899196141831e-05,2.846199803602478e-05
3.1700849533081055,1790954066.471375,0.00060892105102539062,0.085905105783160907,0.086515971021358926,-0.086655597361518469,0.010384709049366262,0.35152676464417792,-0.010925761117484504,0.057461999999999999,0.0052750000000000002,0.205873,-3.1408072554263957,1.3066756510905948,-3.0511496917514473,0.057438401893766797,0.0052738848231569831,0.20578756318509733,-0.25997595480748137,-0.089543830704214816,0.96145431784601865,-0.023568749708289288,0.99598286212624754,0.086386644731677079,-0.96532741438287473,-0.00020182572653440606,-0.26104203168694817,8.8642899196141831e-05,2.846199803602478e-05
3.1750540733337402,1790954066.4763441,0.00060105323791503906,0.085905105783160907,0.086515971021358926,-0.086655597361518469,0.010384709049366262,0.35152676464417792,-0.010925761117484504,0.057461999999999999,0.0052750000000000002,0.205873,-3.1408072554263957,1.3066756510905948,-3.0511496917514473,0.057438401893766797,0.0052738848231569831,0.20578756318509733,-0.25997595480748137,-0.089543830704214816,0.96145431784601865,-0.023568749708289288,0.99598286212624754,0.086386644731677079,-0.96532741438287473,-0.00020182572653440606,-0.26104203168694817,8.8642899196141831e-05,2.846199803602478e-05
3.1800260543823242,1790954066.4813161,0.0005970001220703125,0.085905105783160907,0.086515971021358926,-0.086655597361518469,0.010384709049366262,0.35152676464417792,-0.010925761117484504,0.057461999999999999,0.0052750000000000002,0.205873,-3.1408072554263957,1.3066756510905948,-3.0511496917514473,0.057438401893766797,0.0052738848231569831,0.20578756318509733,-0.25997595480748137,-0.089543830704214816,0.96145431784601865,-0.023568749708289288,0.99598286212624754,0.086386644731677079,-0.96532741438287473,-0.00020182572653440606,-0.26104203168694817,8.8642899196141831e-05,2.846199803602478e-05
3.1850528717041016,1790954066.4863429,0.00059986114501953125,0.085905105783160907,0.086515971021358926,-0.086655597361518469,0.010384709049366262,0.35152676464417792,-0.010925761117484504,0.057461999999999999,0.0052750000000000002,0.205873,-3.1408072554263957,1.3066756510905948,-3.0511496917514473,0.057438401893766797,0.0052738848231569831,0.20578756318509733,-0.25997595480748137,-0.089543830704214816,0.96145431784601865,-0.023568749708289288,0.99598286212624754,0.086386644731677079,-0.96532741438287473,-0.00020182572653440606,-0.26104203168694817,8.8642899196141831e-05,2.846199803602478e-05
3.1900289058685303,1790954066.4913189,0.00056791305541992188,0.085905105783160907,0.086515971021358926,-0.086655597361518469,0.010384709049366262,0.35152676464417792,-0.010925761117484504,0.057461999999999999,0.0052750000000000002,0.205873,-3.1408072554263957,1.3066756510905948,-3.0511496917514473,0.057438401893766797,0.0052738848231569831,0.20578756318509733,-0.25997595480748137,-0.089543830704214816,0.96145431784601865,-0.023568749708289288,0.99598286212624754,0.086386644731677079,-0.96532741438287473,-0.00020182572653440606,-0.26104203168694817,8.8642899196141831e-05,2.846199803602478e-05
3.1950528621673584,1790954066.4963429,0.00059795379638671875,0.085905105783160907,0.086515971021358926,-0.086655597361518469,0.010384709049366262,0.35152676464417792,-0.010925761117484504,0.057461999999999999,0.0052750000000000002,0.205873,-3.1408072554263957,1.3066756510905948,-3.0511496917514473,0.057438401893766797,0.0052738848231569831,0.20578756318509733,-0.25997595480748137,-0.089543830704214816,0.96145431784601865,-0.023568749708289288,0.99598286212624754,0.086386644731677079,-0.96532741438287473,-0.00020182572653440606,-0.26104203168694817,8.8642899196141831e-05,2.846199803602478e-05
3.2000529766082764,1790954066.501343,0.000576019287109375,0.085905105783160907,0.086515971021358926,-0.086655597361518469,0.010384709049366262,0.35152676464417792,-0.010925761117484504,0.057461999999999999,0.0052750000000000002,0.205873,-3.1408072554263957,1.3066756510905948,-3.0511496917514473,0.057438401893766797,0.0052738848231569831,0.20578756318509733,-0.25997595480748137,-0.089543830704214816,0.96145431784601865,-0.023568749708289288,0.99598286212624754,0.086386644731677079,-0.96532741438287473,-0.00020182572653440606,-0.26104203168694817,8.8642899196141831e-05,2.846199803602478e-05
3.2050540447235107,1790954066.5063441,0.0005970001220703125,0.085905105783160907,0.086515971021358926,-0.086655597361518469,0.010384709049366262,0.35152676464417792,-0.010925761117484504,0.057461999999999999,0.0052750000000000002,0.205873,-3.1408072554263957,1.3066756510905948,-3.0511496917514473,0.057438401893766797,0.0052738848231569831,0.20578756318509733,-0.25997595480748137,-0.089543830704214816,0.96145431784601865,-0.023568749708289288,0.99598286212624754,0.086386644731677079,-0.96532741438287473,-0.00020182572653440606,-0.26104203168694817,8.8642899196141831e-05,2.846199803602478e-05
3.2100529670715332,1790954066.511343,0.00060009956359863281,0.085905105783160907,0.086515971021358926,-0.086655597361518469,0.010384709049366262,0.35152676464417792,-0.010925761117484504,0.057461999999999999,0.0052750000000000002,0.205873,-3.1408072554263957,1.3066756510905948,-3.0511496917514473,0.057438401893766797,0.0052738848231569831,0.20578756318509733,-0.25997595480748137,-0.089543830704214816,0.96145431784601865,-0.023568749708289288,0.99598286212624754,0.086386644731677079,-0.96532741438287473,-0.00020182572653440606,-0.26104203168694817,8.8642899196141831e-05,2.846199803602478e-05
3.2150518894195557,1790954066.5163419,0.000598907470703125,0.085905105783160907,0.086515971021358926,-0.086655597361518469,0.010384709049366262,0.35152676464417792,-0.010925761117484504,0.057461999999999999,0.0052750000000000002,0.205873,-3.1408072554263957,1.3066756510905948,-3.0511496917514473,0.057438401893766797,0.0052738848231569831,0.20578756318509733,-0.25997595480748137,-0.089543830704214816,0.96145431784601865,-0.023568749708289288,0.99598286212624754,0.086386644731677079,-0.96532741438287473,-0.00020182572653440606,-0.26104203168694817,8.8642899196141831e-05,2.846199803602478e-05
3.2200279235839844,1790954066.521318,0.00043392181396484375,0.085905105783160907,0.086515971021358926,-0.086655597361518469,0.010384709049366262,0.35152676464417792,-0.010925761117484504,0.057461999999999999,0.0052750000000000002,0.205873,-3.1408072554263957,1.3066756510905948,-3.0511496917514473,0.057438401893766797,0.0052738848231569831,0.20578756318509733,-0.25997595480748137,-0.089543830704214816,0.96145431784601865,-0.023568749708289288,0.99598286212624754,0.086386644731677079,-0.96532741438287473,-0.00020182572653440606,-0.26104203168694817,8.8642899196141831e-05,2.846199803602478e-05
3.2251310348510742,1790954066.5264211,0.00061917304992675781,0.085905105783160907,0.086515971021358926,-0.086655597361518469,0.010384709049366262,0.35152676464417792,-0.010925761117484504,0.057461999999999999,0.0052750000000000002,0.205873,-3.1408072554263957,1.3066756510905948,-3.0511496917514473,0.057438401893766797,0.0052738848231569831,0.20578756318509733,-0.25997595480748137,-0.089543830704214816,0.96145431784601865,-0.023568749708289288,0.99598286212624754,0.086386644731677079,-0.96532741438287473,-0.00020182572653440606,-0.26104203168694817,8.8642899196141831e-05,2.846199803602478e-05
3.2300839424133301,1790954066.531374,0.00063204765319824219,0.085905105783160907,0.086515971021358926,-0.086655597361518469,0.010384709049366262,0.35152676464417792,-0.010925761117484504,0.057461999999999999,0.0052750000000000002,0.205873,-3.1408072554263957,1.3066756510905948,-3.0511496917514473,0.057438401893766797,0.0052738848231569831,0.20578756318509733,-0.25997595480748137,-0.089543830704214816,0.96145431784601865,-0.023568749708289288,0.99598286212624754,0.086386644731677079,-0.96532741438287473,-0.00020182572653440606,-0.26104203168694817,8.8642899196141831e-05,2.846199803602478e-05
3.2350590229034424,1790954066.5363491,0.00060606002807617188,0.085905105783160907,0.086515971021358926,-0.086655597361518469,0.010384709049366262,0.35152676464417792,-0.010925761117484504,0.057461999999999999,0.0052750000000000002,0.205873,-3.1408072554263957,1.3066756510905948,-3.0511496917514473,0.057438401893766797,0.0052738848231569831,0.20578756318509733,-0.25997595480748137,-0.089543830704214816,0.96145431784601865,-0.023568749708289288,0.99598286212624754,0.086386644731677079,-0.96532741438287473,-0.00020182572653440606,-0.26104203168694817,8.8642899196141831e-05,2.846199803602478e-05
3.2401268482208252,1790954066.5414169,0.00056195259094238281,0.085905105783160907,0.086515971021358926,-0.086655597361518469,0.010384709049366262,0.35152676464417792,-0.010925761117484504,0.057461999999999999,0.0052750000000000002,0.205873,-3.1408072554263957,1.3066756510905948,-3.0511496917514473,0.057438401893766797,0.0052738848231569831,0.20578756318509733,-0.25997595480748137,-0.089543830704214816,0.96145431784601865,-0.023568749708289288,0.99598286212624754,0.086386644731677079,-0.96532741438287473,-0.00020182572653440606,-0.26104203168694817,8.8642899196141831e-05,2.846199803602478e-05
3.2451770305633545,1790954066.5464671,0.00068712234497070312,0.085905105783160907,0.086515971021358926,-0.086655597361518469,0.010384709049366262,0.35152676464417792,-0.010925761117484504,0.057461999999999999,0.0052750000000000002,0.205873,-3.1408072554263957,1.3066756510905948,-3.0511496917514473,0.057438401893766797,0.0052738848231569831,0.20578756318509733,-0.25997595480748137,-0.089543830704214816,0.96145431784601865,-0.023568749708289288,0.99598286212624754,0.086386644731677079,-0.96532741438287473,-0.00020182572653440606,-0.26104203168694817,8.8642899196141831e-05,2.846199803602478e-05
3.2500519752502441,1790954066.551342,0.00057697296142578125,0.085905105783160907,0.086515971021358926,-0.086655597361518469,0.010384709049366262,0.35152676464417792,-0.010925761117484504,0.057461999999999999,0.0052750000000000002,0.205873,-3.1408072554263957,1.3066756510905948,-3.0511496917514473,0.057438401893766797,0.0052738848231569831,0.20578756318509733,-0.25997595480748137,-0.089543830704214816,0.96145431784601865,-0.023568749708289288,0.99598286212624754,0.086386644731677079,-0.96532741438287473,-0.00020182572653440606,-0.26104203168694817,8.8642899196141831e-05,2.846199803602478e-05
3.2550539970397949,1790954066.556344,0.00060105323791503906,0.085905105783160907,0.086515971021358926,-0.086655597361518469,0.010384709049366262,0.35152676464417792,-0.010925761117484504,0.057461999999999999,0.0052750000000000002,0.205873,-3.1408072554263957,1.3066756510905948,-3.0511496917514473,0.057438401893766797,0.0052738848231569831,0.20578756318509733,-0.25997595480748137,-0.089543830704214816,0.96145431784601865,-0.023568749708289288,0.99598286212624754,0.086386644731677079,-0.96532741438287473,-0.00020182572653440606,-0.26104203168694817,8.8642899196141831e-05,2.846199803602478e-05
3.2601490020751953,1790954066.561439,0.00069594383239746094,0.085905105783160907,0.086515971021358926,-0.086655597361518469,0.010384709049366262,0.35152676464417792,-0.010925761117484504,0.057461999999999999,0.0052750000000000002,0.205873,-3.1408072554263957,1.3066756510905948,-3.0511496917514473,0.057438401893766797,0.0052738848231569831,0.20578756318509733,-0.25997595480748137,-0.089543830704214816,0.96145431784601865,-0.023568749708289288,0.99598286212624754,0.086386644731677079,-0.96532741438287473,-0.00020182572653440606,-0.26104203168694817,8.8642899196141831e-05,2.846199803602478e-05
3.2650549411773682,1790954066.566345,0.00056886672973632812,0.085905105783160907,0.086515971021358926,-0.086655597361518469,0.010384709049366262,0.35152676464417792,-0.010925761117484504,0.057461999999999999,0.0052750000000000002,0.205873,-3.1408072554263957,1.3066756510905948,-3.0511496917514473,0.057438401893766797,0.0052738848231569831,0.20578756318509733,-0.25997595480748137,-0.089543830704214816,0.96145431784601865,-0.023568749708289288,0.99598286212624754,0.086386644731677079,-0.96532741438287473,-0.00020182572653440606,-0.26104203168694817,8.8642899196141831e-05,2.846199803602478e-05
3.2700569629669189,1790954066.571347,0.0005950927734375,0.085905105783160907,0.086515971021358926,-0.086655597361518469,0.010384709049366262,0.35152676464417792,-0.010925761117484504,0.057461999999999999,0.0052750000000000002,0.205873,-3.1408072554263957,1.3066756510905948,-3.0511496917514473,0.057438401893766797,0.0052738848231569831,0.20578756318509733,-0.25997595480748137,-0.089543830704214816,0.96145431784601865,-0.023568749708289288,0.99598286212624754,0.086386644731677079,-0.96532741438287473,-0.00020182572653440606,-0.26104203168694817,8.8642899196141831e-05,2.846199803602478e-05
3.2751350402832031,1790954066.5764251,0.00068306922912597656,0.085905105783160907,0.086515971021358926,-0.086655597361518469,0.010384709049366262,0.35152676464417792,-0.010925761117484504,0.057461999999999999,0.0052750000000000002,0.205873,-3.1408072554263957,1.3066756510905948,-3.0511496917514473,0.057438401893766797,0.0052738848231569831,0.20578756318509733,-0.25997595480748137,-0.089543830704214816,0.96145431784601865,-0.023568749708289288,0.99598286212624754,0.086386644731677079,-0.96532741438287473,-0.00020182572653440606,-0.26104203168694817,8.8642899196141831e-05,2.846199803602478e-05
3.2802000045776367,1790954066.58149,0.00074696540832519531,0.085905105783160907,0.086515971021358926,-0.086655597361518469,0.010384709049366262,0.35152676464417792,-0.010925761117484504,0.057461999999999999,0.0052750000000000002,0.205873,-3.1408072554263957,1.3066756510905948,-3.0511496917514473,0.057438401893766797,0.0052738848231569831,0.20578756318509733,-0.25997595480748137,-0.089543830704214816,0.96145431784601865,-0.023568749708289288,0.99598286212624754,0.086386644731677079,-0.96532741438287473,-0.00020182572653440606,-0.26104203168694817,8.8642899196141831e-05,2.846199803602478e-05
3.2851569652557373,1790954066.586447,0.00070309638977050781,0.085905105783160907,0.086515971021358926,-0.086655597361518469,0.010384709049366262,0.35152676464417792,-0.010925761117484504,0.057461999999999999,0.0052750000000000002,0.205873,-3.1408072554263957,1.3066756510905948,-3.0511496917514473,0.057438401893766797,0.0052738848231569831,0.20578756318509733,-0.25997595480748137,-0.089543830704214816,0.96145431784601865,-0.023568749708289288,0.99598286212624754,0.086386644731677079,-0.96532741438287473,-0.00020182572653440606,-0.26104203168694817,8.8642899196141831e-05,2.846199803602478e-05
3.2900528907775879,1790954066.5913429,0.000579833984375,0.085905105783160907,0.086515971021358926,-0.086655597361518469,0.010384709049366262,0.35152676464417792,-0.010925761117484504,0.057461999999999999,0.0052750000000000002,0.205873,-3.1408072554263957,1.3066756510905948,-3.0511496917514473,0.057438401893766797,0.0052738848231569831,0.20578756318509733,-0.25997595480748137,-0.089543830704214816,0.96145431784601865,-0.023568749708289288,0.99598286212624754,0.086386644731677079,-0.96532741438287473,-0.00020182572653440606,-0.26104203168694817,8.8642899196141831e-05,2.846199803602478e-05
3.295184850692749,1790954066.5964749,0.00066995620727539062,0.085905105783160907,0.086515971021358926,-0.086655597361518469,0.010384709049366262,0.35152676464417792,-0.010925761117484504,0.057461999999999999,0.0052750000000000002,0.205873,-3.1408072554263957,1.3066756510905948,-3.0511496917514473,0.057438401893766797,0.0052738848231569831,0.20578756318509733,-0.25997595480748137,-0.089543830704214816,0.96145431784601865,-0.023568749708289288,0.99598286212624754,0.086386644731677079,-0.96532741438287473,-0.00020182572653440606,-0.26104203168694817,8.8642899196141831e-05,2.846199803602478e-05
3.3000540733337402,1790954066.6013441,0.00058221817016601562,0.085905105783160907,0.086515971021358926,-0.086655597361518469,0.010384709049366262,0.35152676464417792,-0.010925761117484504,0.057461999999999999,0.0052750000000000002,0.205873,-3.1408072554263957,1.3066756510905948,-3.0511496917514473,0.057438401893766797,0.0052738848231569831,0.20578756318509733,-0.25997595480748137,-0.089543830704214816,0.96145431784601865,-0.023568749708289288,0.99598286212624754,0.086386644731677079,-0.96532741438287473,-0.00020182572653440606,-0.26104203168694817,8.8642899196141831e-05,2.846199803602478e-05
3.3050720691680908,1790954066.6063621,0.00059914588928222656,0.085905105783160907,0.086515971021358926,-0.086655597361518469,0.010384709049366262,0.35152676464417792,-0.010925761117484504,0.057461999999999999,0.0052750000000000002,0.205873,-3.1408072554263957,1.3066756510905948,-3.0511496917514473,0.057438401893766797,0.0052738848231569831,0.20578756318509733,-0.25997595480748137,-0.089543830704214816,0.96145431784601865,-0.023568749708289288,0.99598286212624754,0.086386644731677079,-0.96532741438287473,-0.00020182572653440606,-0.26104203168694817,8.8642899196141831e-05,2.846199803602478e-05
3.3100619316101074,1790954066.611352,0.00058603286743164062,0.085905105783160907,0.086515971021358926,-0.086655597361518469,0.010384709049366262,0.35152676464417792,-0.010925761117484504,0.057461999999999999,0.0052750000000000002,0.205873,-3.1408072554263957,1.3066756510905948,-3.0511496917514473,0.057438401893766797,0.0052738848231569831,0.20578756318509733,-0.25997595480748137,-0.089543830704214816,0.96145431784601865,-0.023568749708289288,0.99598286212624754,0.086386644731677079,-0.96532741438287473,-0.00020182572653440606,-0.26104203168694817,8.8642899196141831e-05,2.846199803602478e-05
3.3150539398193359,1790954066.616344,0.00055599212646484375,0.085905105783160907,0.086515971021358926,-0.086655597361518469,0.010384709049366262,0.35152676464417792,-0.010925761117484504,0.057461999999999999,0.0052750000000000002,0.205873,-3.1408072554263957,1.3066756510905948,-3.0511496917514473,0.057438401893766797,0.0052738848231569831,0.20578756318509733,-0.25997595480748137,-0.089543830704214816,0.96145431784601865,-0.023568749708289288,0.99598286212624754,0.086386644731677079,-0.96532741438287473,-0.00020182572653440606,-0.26104203168694817,8.8642899196141831e-05,2.846199803602478e-05
3.3201210498809814,1790954066.6214111,0.00066900253295898438,0.085905105783160907,0.086515971021358926,-0.086655597361518469,0.010384709049366262,0.35152676464417792,-0.010925761117484504,0.057461999999999999,0.0052750000000000002,0.205873,-3.1408072554263957,1.3066756510905948,-3.0511496917514473,0.057438401893766797,0.0052738848231569831,0.20578756318509733,-0.25997595480748137,-0.089543830704214816,0.96145431784601865,-0.023568749708289288,0.99598286212624754,0.086386644731677079,-0.96532741438287473,-0.00020182572653440606,-0.26104203168694817,8.8642899196141831e-05,2.846199803602478e-05
3.325178861618042,1790954066.6264689,0.00062584877014160156,0.085905105783160907,0.086515971021358926,-0.086655597361518469,0.010384709049366262,0.35152676464417792,-0.010925761117484504,0.057461999999999999,0.0052750000000000002,0.205873,-3.1408072554263957,1.3066756510905948,-3.0511496917514473,0.057438401893766797,0.0052738848231569831,0.20578756318509733,-0.25997595480748137,-0.089543830704214816,0.96145431784601865,-0.023568749708289288,0.99598286212624754,0.086386644731677079,-0.96532741438287473,-0.00020182572653440606,-0.26104203168694817,8.8642899196141831e-05,2.846199803602478e-05
3.3300309181213379,1790954066.631321,0.00056886672973632812,0.085905105783160907,0.086515971021358926,-0.086655597361518469,0.010384709049366262,0.35152676464417792,-0.010925761117484504,0.057461999999999999,0.0052750000000000002,0.205873,-3.1408072554263957,1.3066756510905948,-3.0511496917514473,0.057438401893766797,0.0052738848231569831,0.20578756318509733,-0.25997595480748137,-0.089543830704214816,0.96145431784601865,-0.023568749708289288,0.99598286212624754,0.086386644731677079,-0.96532741438287473,-0.00020182572653440606,-0.26104203168694817,8.8642899196141831e-05,2.846199803602478e-05
3.3351788520812988,1790954066.6364689,0.00066685676574707031,0.085905105783160907,0.086515971021358926,-0.086655597361518469,0.010384709049366262,0.35152676464417792,-0.010925761117484504,0.057461999999999999,0.0052750000000000002,0.205873,-3.1408072554263957,1.3066756510905948,-3.0511496917514473,0.057438401893766797,0.0052738848231569831,0.20578756318509733,-0.25997595480748137,-0.089543830704214816,0.96145431784601865,-0.023568749708289288,0.99598286212624754,0.086386644731677079,-0.96532741438287473,-0.00020182572653440606,-0.26104203168694817,8.8642899196141831e-05,2.846199803602478e-05
3.3401849269866943,1790954066.641475,0.00073003768920898438,0.085905105783160907,0.086515971021358926,-0.086655597361518469,0.010384709049366262,0.35152676464417792,-0.010925761117484504,0.057461999999999999,0.0052750000000000002,0.205873,-3.1408072554263957,1.3066756510905948,-3.0511496917514473,0.057438401893766797,0.0052738848231569831,0.20578756318509733,-0.25997595480748137,-0.089543830704214816,0.96145431784601865,-0.023568749708289288,0.99598286212624754,0.086386644731677079,-0.96532741438287473,-0.00020182572653440606,-0.26104203168694817,8.8642899196141831e-05,2.846199803602478e-05
3.3451168537139893,1790954066.6464069,0.00063991546630859375,0.085905105783160907,0.086515971021358926,-0.086655597361518469,0.010384709049366262,0.35152676464417792,-0.010925761117484504,0.057461999999999999,0.0052750000000000002,0.205873,-3.1408072554263957,1.3066756510905948,-3.0511496917514473,0.057438401893766797,0.0052738848231569831,0.20578756318509733,-0.25997595480748137,-0.089543830704214816,0.96145431784601865,-0.023568749708289288,0.99598286212624754,0.086386644731677079,-0.96532741438287473,-0.00020182572653440606,-0.26104203168694817,8.8642899196141831e-05,2.846199803602478e-05
3.350053071975708,1790954066.6513431,0.00052905082702636719,0.085905105783160907,0.086515971021358926,-0.086655597361518469,0.010384709049366262,0.35152676464417792,-0.010925761117484504,0.057461999999999999,0.0052750000000000002,0.205873,-3.1408072554263957,1.3066756510905948,-3.0511496917514473,0.057438401893766797,0.0052738848231569831,0.20578756318509733,-0.25997595480748137,-0.089543830704214816,0.96145431784601865,-0.023568749708289288,0.99598286212624754,0.086386644731677079,-0.96532741438287473,-0.00020182572653440606,-0.26104203168694817,8.8642899196141831e-05,2.846199803602478e-05
3.3551449775695801,1790954066.656435,0.00066590309143066406,0.085905105783160907,0.086515971021358926,-0.086655597361518469,0.010384709049366262,0.35152676464417792,-0.010925761117484504,0.057461999999999999,0.0052750000000000002,0.205873,-3.1408072554263957,1.3066756510905948,-3.0511496917514473,0.057438401893766797,0.0052738848231569831,0.20578756318509733,-0.25997595480748137,-0.089543830704214816,0.96145431784601865,-0.023568749708289288,0.99598286212624754,0.086386644731677079,-0.96532741438287473,-0.00020182572653440606,-0.26104203168694817,8.8642899196141831e-05,2.846199803602478e-05
3.3600740432739258,1790954066.6613641,0.00060415267944335938,0.085905105783160907,0.086515971021358926,-0.086655597361518469,0.010384709049366262,0.35152676464417792,-0.010925761117484504,0.057461999999999999,0.0052750000000000002,0.205873,-3.1408072554263957,1.3066756510905948,-3.0511496917514473,0.057438401893766797,0.0052738848231569831,0.20578756318509733,-0.25997595480748137,-0.089543830704214816,0.96145431784601865,-0.023568749708289288,0.99598286212624754,0.086386644731677079,-0.96532741438287473,-0.00020182572653440606,-0.26104203168694817,8.8642899196141831e-05,2.846199803602478e-05
3.3650648593902588,1790954066.6663549,0.00058484077453613281,0.085905105783160907,0.086515971021358926,-0.086655597361518469,0.010384709049366262,0.35152676464417792,-0.010925761117484504,0.057461999999999999,0.0052750000000000002,0.205873,-3.1408072554263957,1.3066756510905948,-3.0511496917514473,0.057438401893766797,0.0052738848231569831,0.20578756318509733,-0.25997595480748137,-0.089543830704214816,0.96145431784601865,-0.023568749708289288,0.99598286212624754,0.086386644731677079,-0.96532741438287473,-0.00020182572653440606,-0.26104203168694817,8.8642899196141831e-05,2.846199803602478e-05
3.3701210021972656,1790954066.671411,0.00066804885864257812,0.085905105783160907,0.086515971021358926,-0.086655597361518469,0.010384709049366262,0.35152676464417792,-0.010925761117484504,0.057461999999999999,0.0052750000000000002,0.205873,-3.1408072554263957,1.3066756510905948,-3.0511496917514473,0.057438401893766797,0.0052738848231569831,0.20578756318509733,-0.25997595480748137,-0.089543830704214816,0.96145431784601865,-0.023568749708289288,0.99598286212624754,0.086386644731677079,-0.96532741438287473,-0.00020182572653440606,-0.26104203168694817,8.8642899196141831e-05,2.846199803602478e-05
3.3750510215759277,1790954066.6763411,0.00059604644775390625,0.085905105783160907,0.086515971021358926,-0.086655597361518469,0.010384709049366262,0.35152676464417792,-0.010925761117484504,0.057461999999999999,0.0052750000000000002,0.205873,-3.1408072554263957,1.3066756510905948,-3.0511496917514473,0.057438401893766797,0.0052738848231569831,0.20578756318509733,-0.25997595480748137,-0.089543830704214816,0.96145431784601865,-0.023568749708289288,0.99598286212624754,0.086386644731677079,-0.96532741438287473,-0.00020182572653440606,-0.26104203168694817,8.8642899196141831e-05,2.846199803602478e-05
3.3800280094146729,1790954066.681318,0.00054311752319335938,0.085905105783160907,0.086515971021358926,-0.086655597361518469,0.010384709049366262,0.35152676464417792,-0.010925761117484504,0.057461999999999999,0.0052750000000000002,0.205873,-3.1408072554263957,1.3066756510905948,-3.0511496917514473,0.057438401893766797,0.0052738848231569831,0.20578756318509733,-0.25997595480748137,-0.089543830704214816,0.96145431784601865,-0.023568749708289288,0.99598286212624754,0.086386644731677079,-0.96532741438287473,-0.00020182572653440606,-0.26104203168694817,8.8642899196141831e-05,2.846199803602478e-05
3.3850529193878174,1790954066.686343,0.00056290626525878906,0.085905105783160907,0.086515971021358926,-0.086655597361518469,0.010384709049366262,0.35152676464417792,-0.010925761117484504,0.057461999999999999,0.0052750000000000002,0.205873,-3.1408072554263957,1.3066756510905948,-3.0511496917514473,0.057438401893766797,0.0052738848231569831,0.20578756318509733,-0.25997595480748137,-0.089543830704214816,0.96145431784601865,-0.023568749708289288,0.99598286212624754,0.086386644731677079,-0.96532741438287473,-0.00020182572653440606,-0.26104203168694817,8.8642899196141831e-05,2.846199803602478e-05
3.3901278972625732,1790954066.6914179,0.00053286552429199219,0.085905105783160907,0.086515971021358926,-0.086655597361518469,0.010384709049366262,0.35152676464417792,-0.010925761117484504,0.057461999999999999,0.0052750000000000002,0.205873,-3.1408072554263957,1.3066756510905948,-3.0511496917514473,0.057438401893766797,0.0052738848231569831,0.20578756318509733,-0.25997595480748137,-0.089543830704214816,0.96145431784601865,-0.023568749708289288,0.99598286212624754,0.086386644731677079,-0.96532741438287473,-0.00020182572653440606,-0.26104203168694817,8.8642899196141831e-05,2.846199803602478e-05
3.3951389789581299,1790954066.696429,0.00067806243896484375,0.085905105783160907,0.086515971021358926,-0.086655597361518469,0.010384709049366262,0.35152676464417792,-0.010925761117484504,0.057461999999999999,0.0052750000000000002,0.205873,-3.1408072554263957,1.3066756510905948,-3.0511496917514473,0.057438401893766797,0.0052738848231569831,0.20578756318509733,-0.25997595480748137,-0.089543830704214816,0.96145431784601865,-0.023568749708289288,0.99598286212624754,0.086386644731677079,-0.96532741438287473,-0.00020182572653440606,-0.26104203168694817,8.8642899196141831e-05,2.846199803602478e-05
3.4001820087432861,1790954066.701472,0.00073409080505371094,0.085905105783160907,0.086515971021358926,-0.086655597361518469,0.010384709049366262,0.35152676464417792,-0.010925761117484504,0.057461999999999999,0.0052750000000000002,0.205873,-3.1408072554263957,1.3066756510905948,-3.0511496917514473,0.057438401893766797,0.0052738848231569831,0.20578756318509733,-0.25997595480748137,-0.089543830704214816,0.96145431784601865,-0.023568749708289288,0.99598286212624754,0.086386644731677079,-0.96532741438287473,-0.00020182572653440606,-0.26104203168694817,8.8642899196141831e-05,2.846199803602478e-05
3.4051358699798584,1790954066.7064259,0.00068402290344238281,0.085905105783160907,0.086515971021358926,-0.086655597361518469,0.010384709049366262,0.35152676464417792,-0.010925761117484504,0.057461999999999999,0.0052750000000000002,0.205873,-3.1408072554263957,1.3066756510905948,-3.0511496917514473,0.057438401893766797,0.0052738848231569831,0.20578756318509733,-0.25997595480748137,-0.089543830704214816,0.96145431784601865,-0.023568749708289288,0.99598286212624754,0.086386644731677079,-0.96532741438287473,-0.00020182572653440606,-0.26104203168694817,8.8642899196141831e-05,2.846199803602478e-05
3.4101400375366211,1790954066.7114301,0.00068116188049316406,0.085905105783160907,0.086515971021358926,-0.086655597361518469,0.010384709049366262,0.35152676464417792,-0.010925761117484504,0.057461999999999999,0.0052750000000000002,0.205873,-3.1408072554263957,1.3066756510905948,-3.0511496917514473,0.057438401893766797,0.0052738848231569831,0.20578756318509733,-0.25997595480748137,-0.089543830704214816,0.96145431784601865,-0.023568749708289288,0.99598286212624754,0.086386644731677079,-0.96532741438287473,-0.00020182572653440606,-0.26104203168694817,8.8642899196141831e-05,2.846199803602478e-05
3.415147066116333,1790954066.7164371,0.00065517425537109375,0.085905105783160907,0.086515971021358926,-0.086655597361518469,0.010384709049366262,0.35152676464417792,-0.010925761117484504,0.057461999999999999,0.0052750000000000002,0.205873,-3.1408072554263957,1.3066756510905948,-3.0511496917514473,0.057438401893766797,0.0052738848231569831,0.20578756318509733,-0.25997595480748137,-0.089543830704214816,0.96145431784601865,-0.023568749708289288,0.99598286212624754,0.086386644731677079,-0.96532741438287473,-0.00020182572653440606,-0.26104203168694817,8.8642899196141831e-05,2.846199803602478e-05
3.4200570583343506,1790954066.7213471,0.00061321258544921875,0.085905105783160907,0.086515971021358926,-0.086655597361518469,0.010384709049366262,0.35152676464417792,-0.010925761117484504,0.057461999999999999,0.0052750000000000002,0.205873,-3.1408072554263957,1.3066756510905948,-3.0511496917514473,0.057438401893766797,0.0052738848231569831,0.20578756318509733,-0.25997595480748137,-0.089543830704214816,0.96145431784601865,-0.023568749708289288,0.99598286212624754,0.086386644731677079,-0.96532741438287473,-0.00020182572653440606,-0.26104203168694817,8.8642899196141831e-05,2.846199803602478e-05
3.4251608848571777,1790954066.7264509,0.0007038116455078125,0.085905105783160907,0.086515971021358926,-0.086655597361518469,0.010384709049366262,0.35152676464417792,-0.010925761117484504,0.057461999999999999,0.0052750000000000002,0.205873,-3.1408072554263957,1.3066756510905948,-3.0511496917514473,0.057438401893766797,0.0052738848231569831,0.20578756318509733,-0.25997595480748137,-0.089543830704214816,0.96145431784601865,-0.023568749708289288,0.99598286212624754,0.086386644731677079,-0.96532741438287473,-0.00020182572653440606,-0.26104203168694817,8.8642899196141831e-05,2.846199803602478e-05
3.4301409721374512,1790954066.731431,0.00049901008605957031,0.085905105783160907,0.086515971021358926,-0.086655597361518469,0.010384709049366262,0.35152676464417792,-0.010925761117484504,0.057461999999999999,0.0052750000000000002,0.205873,-3.1408072554263957,1.3066756510905948,-3.0511496917514473,0.057438401893766797,0.0052738848231569831,0.20578756318509733,-0.25997595480748137,-0.089543830704214816,0.96145431784601865,-0.023568749708289288,0.99598286212624754,0.086386644731677079,-0.96532741438287473,-0.00020182572653440606,-0.26104203168694817,8.8642899196141831e-05,2.846199803602478e-05
3.4350788593292236,1790954066.7363689,0.0005359649658203125,0.085905105783160907,0.086515971021358926,-0.086655597361518469,0.010384709049366262,0.35152676464417792,-0.010925761117484504,0.057461999999999999,0.0052750000000000002,0.205873,-3.1408072554263957,1.3066756510905948,-3.0511496917514473,0.057438401893766797,0.0052738848231569831,0.20578756318509733,-0.25997595480748137,-0.089543830704214816,0.96145431784601865,-0.023568749708289288,0.99598286212624754,0.086386644731677079,-0.96532741438287473,-0.00020182572653440606,-0.26104203168694817,8.8642899196141831e-05,2.846199803602478e-05
3.4401369094848633,1790954066.7414269,0.00068593025207519531,0.085905105783160907,0.086515971021358926,-0.086655597361518469,0.010384709049366262,0.35152676464417792,-0.010925761117484504,0.057461999999999999,0.0052750000000000002,0.205873,-3.1408072554263957,1.3066756510905948,-3.0511496917514473,0.057438401893766797,0.0052738848231569831,0.20578756318509733,-0.25997595480748137,-0.089543830704214816,0.96145431784601865,-0.023568749708289288,0.99598286212624754,0.086386644731677079,-0.96532741438287473,-0.00020182572653440606,-0.26104203168694817,8.8642899196141831e-05,2.846199803602478e-05
3.4450628757476807,1790954066.7463529,0.0004558563232421875,0.085905105783160907,0.086515971021358926,-0.086655597361518469,0.010384709049366262,0.35152676464417792,-0.010925761117484504,0.057461999999999999,0.0052750000000000002,0.205873,-3.1408072554263957,1.3066756510905948,-3.0511496917514473,0.057438401893766797,0.0052738848231569831,0.20578756318509733,-0.25997595480748137,-0.089543830704214816,0.96145431784601865,-0.023568749708289288,0.99598286212624754,0.086386644731677079,-0.96532741438287473,-0.00020182572653440606,-0.26104203168694817,8.8642899196141831e-05,2.846199803602478e-05
3.4501008987426758,1790954066.7513909,0.00054597854614257812,0.085905105783160907,0.086515971021358926,-0.086655597361518469,0.010384709049366262,0.35152676464417792,-0.010925761117484504,0.057461999999999999,0.0052750000000000002,0.205873,-3.1408072554263957,1.3066756510905948,-3.0511496917514473,0.057438401893766797,0.0052738848231569831,0.20578756318509733,-0.25997595480748137,-0.089543830704214816,0.96145431784601865,-0.023568749708289288,0.99598286212624754,0.086386644731677079,-0.96532741438287473,-0.00020182572653440606,-0.26104203168694817,8.8642899196141831e-05,2.846199803602478e-05
3.45511794090271,1790954066.756408,0.00055789947509765625,0.085905105783160907,0.086515971021358926,-0.086655597361518469,0.010384709049366262,0.35152676464417792,-0.010925761117484504,0.057461999999999999,0.0052750000000000002,0.205873,-3.1408072554263957,1.3066756510905948,-3.0511496917514473,0.057438401893766797,0.0052738848231569831,0.20578756318509733,-0.25997595480748137,-0.089543830704214816,0.96145431784601865,-0.023568749708289288,0.99598286212624754,0.086386644731677079,-0.96532741438287473,-0.00020182572653440606,-0.26104203168694817,8.8642899196141831e-05,2.846199803602478e-05
3.4601149559020996,1790954066.761405,0.00067806243896484375,0.085905105783160907,0.086515971021358926,-0.086655597361518469,0.010384709049366262,0.35152676464417792,-0.010925761117484504,0.057461999999999999,0.0052750000000000002,0.205873,-3.1408072554263957,1.3066756510905948,-3.0511496917514473,0.057438401893766797,0.0052738848231569831,0.20578756318509733,-0.25997595480748137,-0.089543830704214816,0.96145431784601865,-0.023568749708289288,0.99598286212624754,0.086386644731677079,-0.96532741438287473,-0.00020182572653440606,-0.26104203168694817,8.8642899196141831e-05,2.846199803602478e-05
3.4651420116424561,1790954066.766432,0.00068593025207519531,0.085905105783160907,0.086515971021358926,-0.086655597361518469,0.010384709049366262,0.35152676464417792,-0.010925761117484504,0.057461999999999999,0.0052750000000000002,0.205873,-3.1408072554263957,1.3066756510905948,-3.0511496917514473,0.057438401893766797,0.0052738848231569831,0.20578756318509733,-0.25997595480748137,-0.089543830704214816,0.96145431784601865,-0.023568749708289288,0.99598286212624754,0.086386644731677079,-0.96532741438287473,-0.00020182572653440606,-0.26104203168694817,8.8642899196141831e-05,2.846199803602478e-05
3.4700510501861572,1790954066.7713411,0.00060009956359863281,0.085905105783160907,0.086515971021358926,-0.086655597361518469,0.010384709049366262,0.35152676464417792,-0.010925761117484504,0.057461999999999999,0.0052750000000000002,0.205873,-3.1408072554263957,1.3066756510905948,-3.0511496917514473,0.057438401893766797,0.0052738848231569831,0.20578756318509733,-0.25997595480748137,-0.089543830704214816,0.96145431784601865,-0.023568749708289288,0.99598286212624754,0.086386644731677079,-0.96532741438287473,-0.00020182572653440606,-0.26104203168694817,8.8642899196141831e-05,2.846199803602478e-05
3.4751138687133789,1790954066.7764039,0.00056290626525878906,0.085905105783160907,0.086515971021358926,-0.086655597361518469,0.010384709049366262,0.35152676464417792,-0.010925761117484504,0.057461999999999999,0.0052750000000000002,0.205873,-3.1408072554263957,1.3066756510905948,-3.0511496917514473,0.057438401893766797,0.0052738848231569831,0.20578756318509733,-0.25997595480748137,-0.089543830704214816,0.96145431784601865,-0.023568749708289288,0.99598286212624754,0.086386644731677079,-0.96532741438287473,-0.00020182572653440606,-0.26104203168694817,8.8642899196141831e-05,2.846199803602478e-05
3.4801840782165527,1790954066.7814741,0.00071215629577636719,0.085905105783160907,0.086515971021358926,-0.086655597361518469,0.010384709049366262,0.35152676464417792,-0.010925761117484504,0.057461999999999999,0.0052750000000000002,0.205873,-3.1408072554263957,1.3066756510905948,-3.0511496917514473,0.057438401893766797,0.0052738848231569831,0.20578756318509733,-0.25997595480748137,-0.089543830704214816,0.96145431784601865,-0.023568749708289288,0.99598286212624754,0.086386644731677079,-0.96532741438287473,-0.00020182572653440606,-0.26104203168694817,8.8642899196141831e-05,2.846199803602478e-05
3.4850640296936035,1790954066.7863541,0.00056314468383789062,0.085905105783160907,0.086515971021358926,-0.086655597361518469,0.010384709049366262,0.35152676464417792,-0.010925761117484504,0.057461999999999999,0.0052750000000000002,0.205873,-3.1408072554263957,1.3066756510905948,-3.0511496917514473,0.057438401893766797,0.0052738848231569831,0.20578756318509733,-0.25997595480748137,-0.089543830704214816,0.96145431784601865,-0.023568749708289288,0.99598286212624754,0.086386644731677079,-0.96532741438287473,-0.00020182572653440606,-0.26104203168694817,8.8642899196141831e-05,2.846199803602478e-05
3.4901220798492432,1790954066.7914121,0.00066518783569335938,0.085905105783160907,0.086515971021358926,-0.086655597361518469,0.010384709049366262,0.35152676464417792,-0.010925761117484504,0.057461999999999999,0.0052750000000000002,0.205873,-3.1408072554263957,1.3066756510905948,-3.0511496917514473,0.057438401893766797,0.0052738848231569831,0.20578756318509733,-0.25997595480748137,-0.089543830704214816,0.96145431784601865,-0.023568749708289288,0.99598286212624754,0.086386644731677079,-0.96532741438287473,-0.00020182572653440606,-0.26104203168694817,8.8642899196141831e-05,2.846199803602478e-05
3.4950518608093262,1790954066.7963419,0.00059986114501953125,0.085905105783160907,0.086515971021358926,-0.086655597361518469,0.010384709049366262,0.35152676464417792,-0.010925761117484504,0.057461999999999999,0.0052750000000000002,0.205873,-3.1408072554263957,1.3066756510905948,-3.0511496917514473,0.057438401893766797,0.0052738848231569831,0.20578756318509733,-0.25997595480748137,-0.089543830704214816,0.96145431784601865,-0.023568749708289288,0.99598286212624754,0.086386644731677079,-0.96532741438287473,-0.00020182572653440606,-0.26104203168694817,8.8642899196141831e-05,2.846199803602478e-05
3.5001208782196045,1790954066.8014109,0.00064682960510253906,0.085905105783160907,0.086515971021358926,-0.086655597361518469,0.010384709049366262,0.35152676464417792,-0.010925761117484504,0.057461999999999999,0.0052750000000000002,0.205873,-3.1408072554263957,1.3066756510905948,-3.0511496917514473,0.057438401893766797,0.0052738848231569831,0.20578756318509733,-0.25997595480748137,-0.089543830704214816,0.96145431784601865,-0.023568749708289288,0.99598286212624754,0.086386644731677079,-0.96532741438287473,-0.00020182572653440606,-0.26104203168694817,8.8642899196141831e-05,2.846199803602478e-05
3.50506591796875,1790954066.806356,0.0004730224609375,0.085905105783160907,0.086515971021358926,-0.086655597361518469,0.010384709049366262,0.35152676464417792,-0.010925761117484504,0.057461999999999999,0.0052750000000000002,0.205873,-3.1408072554263957,1.3066756510905948,-3.0511496917514473,0.057438401893766797,0.0052738848231569831,0.20578756318509733,-0.25997595480748137,-0.089543830704214816,0.96145431784601865,-0.023568749708289288,0.99598286212624754,0.086386644731677079,-0.96532741438287473,-0.00020182572653440606,-0.26104203168694817,8.8642899196141831e-05,2.846199803602478e-05
3.5101408958435059,1790954066.8114309,0.00068902969360351562,0.085905105783160907,0.086515971021358926,-0.086655597361518469,0.010384709049366262,0.35152676464417792,-0.010925761117484504,0.057461999999999999,0.0052750000000000002,0.205873,-3.1408072554263957,1.3066756510905948,-3.0511496917514473,0.057438401893766797,0.0052738848231569831,0.20578756318509733,-0.25997595480748137,-0.089543830704214816,0.96145431784601865,-0.023568749708289288,0.99598286212624754,0.086386644731677079,-0.96532741438287473,-0.00020182572653440606,-0.26104203168694817,8.8642899196141831e-05,2.846199803602478e-05
3.5150530338287354,1790954066.8163431,0.00059103965759277344,0.085905105783160907,0.086515971021358926,-0.086655597361518469,0.010384709049366262,0.35152676464417792,-0.010925761117484504,0.057461999999999999,0.0052750000000000002,0.205873,-3.1408072554263957,1.3066756510905948,-3.0511496917514473,0.057438401893766797,0.0052738848231569831,0.20578756318509733,-0.25997595480748137,-0.089543830704214816,0.96145431784601865,-0.023568749708289288,0.99598286212624754,0.086386644731677079,-0.96532741438287473,-0.00020182572653440606,-0.26104203168694817,8.8642899196141831e-05,2.846199803602478e-05
3.5200529098510742,1790954066.8213429,0.00059795379638671875,0.085905105783160907,0.086515971021358926,-0.086655597361518469,0.010384709049366262,0.35152676464417792,-0.010925761117484504,0.057461999999999999,0.0052750000000000002,0.205873,-3.1408072554263957,1.3066756510905948,-3.0511496917514473,0.057438401893766797,0.0052738848231569831,0.20578756318509733,-0.25997595480748137,-0.089543830704214816,0.96145431784601865,-0.023568749708289288,0.99598286212624754,0.086386644731677079,-0.96532741438287473,-0.00020182572653440606,-0.26104203168694817,8.8642899196141831e-05,2.846199803602478e-05
3.5250508785247803,1790954066.8263409,0.00059986114501953125,0.085905105783160907,0.086515971021358926,-0.086655597361518469,0.010384709049366262,0.35152676464417792,-0.010925761117484504,0.057461999999999999,0.0052750000000000002,0.205873,-3.1408072554263957,1.3066756510905948,-3.0511496917514473,0.057438401893766797,0.0052738848231569831,0.20578756318509733,-0.25997595480748137,-0.089543830704214816,0.96145431784601865,-0.023568749708289288,0.99598286212624754,0.086386644731677079,-0.96532741438287473,-0.00020182572653440606,-0.26104203168694817,8.8642899196141831e-05,2.846199803602478e-05
3.5301189422607422,1790954066.831409,0.00066208839416503906,0.085905105783160907,0.086515971021358926,-0.086655597361518469,0.010384709049366262,0.35152676464417792,-0.010925761117484504,0.057461999999999999,0.0052750000000000002,0.205873,-3.1408072554263957,1.3066756510905948,-3.0511496917514473,0.057438401893766797,0.0052738848231569831,0.20578756318509733,-0.25997595480748137,-0.089543830704214816,0.96145431784601865,-0.023568749708289288,0.99598286212624754,0.086386644731677079,-0.96532741438287473,-0.00020182572653440606,-0.26104203168694817,8.8642899196141831e-05,2.846199803602478e-05
3.5350570678710938,1790954066.8363471,0.00060606002807617188,0.085905105783160907,0.086515971021358926,-0.086655597361518469,0.010384709049366262,0.35152676464417792,-0.010925761117484504,0.057461999999999999,0.0052750000000000002,0.205873,-3.1408072554263957,1.3066756510905948,-3.0511496917514473,0.057438401893766797,0.0052738848231569831,0.20578756318509733,-0.25997595480748137,-0.089543830704214816,0.96145431784601865,-0.023568749708289288,0.99598286212624754,0.086386644731677079,-0.96532741438287473,-0.00020182572653440606,-0.26104203168694817,8.8642899196141831e-05,2.846199803602478e-05
3.5401060581207275,1790954066.8413961,0.00065517425537109375,0.085905105783160907,0.086515971021358926,-0.086655597361518469,0.010384709049366262,0.35152676464417792,-0.010925761117484504,0.057461999999999999,0.0052750000000000002,0.205873,-3.1408072554263957,1.3066756510905948,-3.0511496917514473,0.057438401893766797,0.0052738848231569831,0.20578756318509733,-0.25997595480748137,-0.089543830704214816,0.96145431784601865,-0.023568749708289288,0.99598286212624754,0.086386644731677079,-0.96532741438287473,-0.00020182572653440606,-0.26104203168694817,8.8642899196141831e-05,2.846199803602478e-05
3.5450530052185059,1790954066.846343,0.00059914588928222656,0.085905105783160907,0.086515971021358926,-0.086655597361518469,0.010384709049366262,0.35152676464417792,-0.010925761117484504,0.057461999999999999,0.0052750000000000002,0.205873,-3.1408072554263957,1.3066756510905948,-3.0511496917514473,0.057438401893766797,0.0052738848231569831,0.20578756318509733,-0.25997595480748137,-0.089543830704214816,0.96145431784601865,-0.023568749708289288,0.99598286212624754,0.086386644731677079,-0.96532741438287473,-0.00020182572653440606,-0.26104203168694817,8.8642899196141831e-05,2.846199803602478e-05
3.5501198768615723,1790954066.8514099,0.00065088272094726562,0.085905105783160907,0.086515971021358926,-0.086655597361518469,0.010384709049366262,0.35152676464417792,-0.010925761117484504,0.057461999999999999,0.0052750000000000002,0.205873,-3.1408072554263957,1.3066756510905948,-3.0511496917514473,0.057438401893766797,0.0052738848231569831,0.20578756318509733,-0.25997595480748137,-0.089543830704214816,0.96145431784601865,-0.023568749708289288,0.99598286212624754,0.086386644731677079,-0.96532741438287473,-0.00020182572653440606,-0.26104203168694817,8.8642899196141831e-05,2.846199803602478e-05
3.5550498962402344,1790954066.8563399,0.00059986114501953125,0.085905105783160907,0.086515971021358926,-0.086655597361518469,0.010384709049366262,0.35152676464417792,-0.010925761117484504,0.057461999999999999,0.0052750000000000002,0.205873,-3.1408072554263957,1.3066756510905948,-3.0511496917514473,0.057438401893766797,0.0052738848231569831,0.20578756318509733,-0.25997595480748137,-0.089543830704214816,0.96145431784601865,-0.023568749708289288,0.99598286212624754,0.086386644731677079,-0.96532741438287473,-0.00020182572653440606,-0.26104203168694817,8.8642899196141831e-05,2.846199803602478e-05
3.5601119995117188,1790954066.861402,0.00066208839416503906,0.085905105783160907,0.086515971021358926,-0.086655597361518469,0.010384709049366262,0.35152676464417792,-0.010925761117484504,0.057461999999999999,0.0052750000000000002,0.205873,-3.1408072554263957,1.3066756510905948,-3.0511496917514473,0.057438401893766797,0.0052738848231569831,0.20578756318509733,-0.25997595480748137,-0.089543830704214816,0.96145431784601865,-0.023568749708289288,0.99598286212624754,0.086386644731677079,-0.96532741438287473,-0.00020182572653440606,-0.26104203168694817,8.8642899196141831e-05,2.846199803602478e-05
3.5652070045471191,1790954066.866497,0.00073099136352539062,0.085905105783160907,0.086515971021358926,-0.086655597361518469,0.010384709049366262,0.35152676464417792,-0.010925761117484504,0.057461999999999999,0.0052750000000000002,0.205873,-3.1408072554263957,1.3066756510905948,-3.0511496917514473,0.057438401893766797,0.0052738848231569831,0.20578756318509733,-0.25997595480748137,-0.089543830704214816,0.96145431784601865,-0.023568749708289288,0.99598286212624754,0.086386644731677079,-0.96532741438287473,-0.00020182572653440606,-0.26104203168694817,8.8642899196141831e-05,2.846199803602478e-05
3.570098876953125,1790954066.8713889,0.00056886672973632812,0.085905105783160907,0.086515971021358926,-0.086655597361518469,0.010384709049366262,0.35152676464417792,-0.010925761117484504,0.057461999999999999,0.0052750000000000002,0.205873,-3.1408072554263957,1.3066756510905948,-3.0511496917514473,0.057438401893766797,0.0052738848231569831,0.20578756318509733,-0.25997595480748137,-0.089543830704214816,0.96145431784601865,-0.023568749708289288,0.99598286212624754,0.086386644731677079,-0.96532741438287473,-0.00020182572653440606,-0.26104203168694817,8.8642899196141831e-05,2.846199803602478e-05
3.5751619338989258,1790954066.876452,0.00062894821166992188,0.085905105783160907,0.086515971021358926,-0.086655597361518469,0.010384709049366262,0.35152676464417792,-0.010925761117484504,0.057461999999999999,0.0052750000000000002,0.205873,-3.1408072554263957,1.3066756510905948,-3.0511496917514473,0.057438401893766797,0.0052738848231569831,0.20578756318509733,-0.25997595480748137,-0.089543830704214816,0.96145431784601865,-0.023568749708289288,0.99598286212624754,0.086386644731677079,-0.96532741438287473,-0.00020182572653440606,-0.26104203168694817,8.8642899196141831e-05,2.846199803602478e-05
3.5800518989562988,1790954066.8813419,0.00057196617126464844,0.085905105783160907,0.086515971021358926,-0.086655597361518469,0.010384709049366262,0.35152676464417792,-0.010925761117484504,0.057461999999999999,0.0052750000000000002,0.205873,-3.1408072554263957,1.3066756510905948,-3.0511496917514473,0.057438401893766797,0.0052738848231569831,0.20578756318509733,-0.25997595480748137,-0.089543830704214816,0.96145431784601865,-0.023568749708289288,0.99598286212624754,0.086386644731677079,-0.96532741438287473,-0.00020182572653440606,-0.26104203168694817,8.8642899196141831e-05,2.846199803602478e-05
3.5851109027862549,1790954066.8864009,0.00058794021606445312,0.085905105783160907,0.086515971021358926,-0.086655597361518469,0.010384709049366262,0.35152676464417792,-0.010925761117484504,0.057461999999999999,0.0052750000000000002,0.205873,-3.1408072554263957,1.3066756510905948,-3.0511496917514473,0.057438401893766797,0.0052738848231569831,0.20578756318509733,-0.25997595480748137,-0.089543830704214816,0.96145431784601865,-0.023568749708289288,0.99598286212624754,0.086386644731677079,-0.96532741438287473,-0.00020182572653440606,-0.26104203168694817,8.8642899196141831e-05,2.846199803602478e-05
3.5900540351867676,1790954066.8913441,0.00056409835815429688,0.085905105783160907,0.086515971021358926,-0.086655597361518469,0.010384709049366262,0.35152676464417792,-0.010925761117484504,0.057461999999999999,0.0052750000000000002,0.205873,-3.1408072554263957,1.3066756510905948,-3.0511496917514473,0.057438401893766797,0.0052738848231569831,0.20578756318509733,-0.25997595480748137,-0.089543830704214816,0.96145431784601865,-0.023568749708289288,0.99598286212624754,0.086386644731677079,-0.96532741438287473,-0.00020182572653440606,-0.26104203168694817,8.8642899196141831e-05,2.846199803602478e-05
3.5951528549194336,1790954066.8964429,0.00066089630126953125,0.085905105783160907,0.086515971021358926,-0.086655597361518469,0.010384709049366262,0.35152676464417792,-0.010925761117484504,0.057461999999999999,0.0052750000000000002,0.205873,-3.1408072554263957,1.3066756510905948,-3.0511496917514473,0.057438401893766797,0.0052738848231569831,0.20578756318509733,-0.25997595480748137,-0.089543830704214816,0.96145431784601865,-0.023568749708289288,0.99598286212624754,0.086386644731677079,-0.96532741438287473,-0.00020182572653440606,-0.26104203168694817,8.8642899196141831e-05,2.846199803602478e-05
3.6000540256500244,1790954066.9013441,0.000553131103515625,0.085905105783160907,0.086515971021358926,-0.086655597361518469,0.010384709049366262,0.35152676464417792,-0.010925761117484504,0.057461999999999999,0.0052750000000000002,0.205873,-3.1408072554263957,1.3066756510905948,-3.0511496917514473,0.057438401893766797,0.0052738848231569831,0.20578756318509733,-0.25997595480748137,-0.089543830704214816,0.96145431784601865,-0.023568749708289288,0.99598286212624754,0.086386644731677079,-0.96532741438287473,-0.00020182572653440606,-0.26104203168694817,8.8642899196141831e-05,2.846199803602478e-05
3.6051878929138184,1790954066.9064779,0.00069689750671386719,0.085905105783160907,0.086515971021358926,-0.086655597361518469,0.010384709049366262,0.35152676464417792,-0.010925761117484504,0.057461999999999999,0.0052750000000000002,0.205873,-3.1408072554263957,1.3066756510905948,-3.0511496917514473,0.057438401893766797,0.0052738848231569831,0.20578756318509733,-0.25997595480748137,-0.089543830704214816,0.96145431784601865,-0.023568749708289288,0.99598286212624754,0.086386644731677079,-0.96532741438287473,-0.00020182572653440606,-0.26104203168694817,8.8642899196141831e-05,2.846199803602478e-05
3.6100530624389648,1790954066.9113431,0.00059604644775390625,0.085905105783160907,0.086515971021358926,-0.086655597361518469,0.010384709049366262,0.35152676464417792,-0.010925761117484504,0.057461999999999999,0.0052750000000000002,0.205873,-3.1408072554263957,1.3066756510905948,-3.0511496917514473,0.057438401893766797,0.0052738848231569831,0.20578756318509733,-0.25997595480748137,-0.089543830704214816,0.96145431784601865,-0.023568749708289288,0.99598286212624754,0.086386644731677079,-0.96532741438287473,-0.00020182572653440606,-0.26104203168694817,8.8642899196141831e-05,2.846199803602478e-05
3.6151828765869141,1790954066.9164729,0.00072789192199707031,0.085905105783160907,0.086515971021358926,-0.086655597361518469,0.010384709049366262,0.35152676464417792,-0.010925761117484504,0.057461999999999999,0.0052750000000000002,0.205873,-3.1408072554263957,1.3066756510905948,-3.0511496917514473,0.057438401893766797,0.0052738848231569831,0.20578756318509733,-0.25997595480748137,-0.089543830704214816,0.96145431784601865,-0.023568749708289288,0.99598286212624754,0.086386644731677079,-0.96532741438287473,-0.00020182572653440606,-0.26104203168694817,8.8642899196141831e-05,2.846199803602478e-05
3.6201300621032715,1790954066.9214201,0.00066518783569335938,0.085905105783160907,0.086515971021358926,-0.086655597361518469,0.010384709049366262,0.35152676464417792,-0.010925761117484504,0.057461999999999999,0.0052750000000000002,0.205873,-3.1408072554263957,1.3066756510905948,-3.0511496917514473,0.057438401893766797,0.0052738848231569831,0.20578756318509733,-0.25997595480748137,-0.089543830704214816,0.96145431784601865,-0.023568749708289288,0.99598286212624754,0.086386644731677079,-0.96532741438287473,-0.00020182572653440606,-0.26104203168694817,8.8642899196141831e-05,2.846199803602478e-05
3.6250529289245605,1790954066.926343,0.00055003166198730469,0.085905105783160907,0.086515971021358926,-0.086655597361518469,0.010384709049366262,0.35152676464417792,-0.010925761117484504,0.057461999999999999,0.0052750000000000002,0.205873,-3.1408072554263957,1.3066756510905948,-3.0511496917514473,0.057438401893766797,0.0052738848231569831,0.20578756318509733,-0.25997595480748137,-0.089543830704214816,0.96145431784601865,-0.023568749708289288,0.99598286212624754,0.086386644731677079,-0.96532741438287473,-0.00020182572653440606,-0.26104203168694817,8.8642899196141831e-05,2.846199803602478e-05
3.6300539970397949,1790954066.931344,0.00057005882263183594,0.085905105783160907,0.086515971021358926,-0.086655597361518469,0.010384709049366262,0.35152676464417792,-0.010925761117484504,0.057461999999999999,0.0052750000000000002,0.205873,-3.1408072554263957,1.3066756510905948,-3.0511496917514473,0.057438401893766797,0.0052738848231569831,0.20578756318509733,-0.25997595480748137,-0.089543830704214816,0.96145431784601865,-0.023568749708289288,0.99598286212624754,0.086386644731677079,-0.96532741438287473,-0.00020182572653440606,-0.26104203168694817,8.8642899196141831e-05,2.846199803602478e-05
3.635127067565918,1790954066.9364171,0.00063014030456542969,0.085905105783160907,0.086515971021358926,-0.086655597361518469,0.010384709049366262,0.35152676464417792,-0.010925761117484504,0.057461999999999999,0.0052750000000000002,0.205873,-3.1408072554263957,1.3066756510905948,-3.0511496917514473,0.057438401893766797,0.0052738848231569831,0.20578756318509733,-0.25997595480748137,-0.089543830704214816,0.96145431784601865,-0.023568749708289288,0.99598286212624754,0.086386644731677079,-0.96532741438287473,-0.00020182572653440606,-0.26104203168694817,8.8642899196141831e-05,2.846199803602478e-05
3.640110969543457,1790954066.941401,0.00062799453735351562,0.085905105783160907,0.086515971021358926,-0.086655597361518469,0.010384709049366262,0.35152676464417792,-0.010925761117484504,0.057461999999999999,0.0052750000000000002,0.205873,-3.1408072554263957,1.3066756510905948,-3.0511496917514473,0.057438401893766797,0.0052738848231569831,0.20578756318509733,-0.25997595480748137,-0.089543830704214816,0.96145431784601865,-0.023568749708289288,0.99598286212624754,0.086386644731677079,-0.96532741438287473,-0.00020182572653440606,-0.26104203168694817,8.8642899196141831e-05,2.846199803602478e-05
3.6450510025024414,1790954066.946341,0.00059795379638671875,0.085905105783160907,0.086515971021358926,-0.086655597361518469,0.010384709049366262,0.35152676464417792,-0.010925761117484504,0.057461999999999999,0.0052750000000000002,0.205873,-3.1408072554263957,1.3066756510905948,-3.0511496917514473,0.057438401893766797,0.0052738848231569831,0.20578756318509733,-0.25997595480748137,-0.089543830704214816,0.96145431784601865,-0.023568749708289288,0.99598286212624754,0.086386644731677079,-0.96532741438287473,-0.00020182572653440606,-0.26104203168694817,8.8642899196141831e-05,2.846199803602478e-05
3.6501898765563965,1790954066.9514799,0.00072503089904785156,0.085905105783160907,0.086515971021358926,-0.086655597361518469,0.010384709049366262,0.35152676464417792,-0.010925761117484504,0.057461999999999999,0.0052750000000000002,0.205873,-3.1408072554263957,1.3066756510905948,-3.0511496917514473,0.057438401893766797,0.0052738848231569831,0.20578756318509733,-0.25997595480748137,-0.089543830704214816,0.96145431784601865,-0.023568749708289288,0.99598286212624754,0.086386644731677079,-0.96532741438287473,-0.00020182572653440606,-0.26104203168694817,8.8642899196141831e-05,2.846199803602478e-05
3.6552488803863525,1790954066.9565389,0.00076985359191894531,0.085905105783160907,0.086515971021358926,-0.086655597361518469,0.010384709049366262,0.35152676464417792,-0.010925761117484504,0.057461999999999999,0.0052750000000000002,0.205873,-3.1408072554263957,1.3066756510905948,-3.0511496917514473,0.057438401893766797,0.0052738848231569831,0.20578756318509733,-0.25997595480748137,-0.089543830704214816,0.96145431784601865,-0.023568749708289288,0.99598286212624754,0.086386644731677079,-0.96532741438287473,-0.00020182572653440606,-0.26104203168694817,8.8642899196141831e-05,2.846199803602478e-05
3.6600620746612549,1790954066.9613521,0.00060915946960449219,0.085905105783160907,0.086515971021358926,-0.086655597361518469,0.010384709049366262,0.35152676464417792,-0.010925761117484504,0.057461999999999999,0.0052750000000000002,0.205873,-3.1408072554263957,1.3066756510905948,-3.0511496917514473,0.057438401893766797,0.0052738848231569831,0.20578756318509733,-0.25997595480748137,-0.089543830704214816,0.96145431784601865,-0.023568749708289288,0.99598286212624754,0.086386644731677079,-0.96532741438287473,-0.00020182572653440606,-0.26104203168694817,8.8642899196141831e-05,2.846199803602478e-05
3.6651849746704102,1790954066.966475,0.00071001052856445312,0.085905105783160907,0.086515971021358926,-0.086655597361518469,0.010384709049366262,0.35152676464417792,-0.010925761117484504,0.057461999999999999,0.0052750000000000002,0.205873,-3.1408072554263957,1.3066756510905948,-3.0511496917514473,0.057438401893766797,0.0052738848231569831,0.20578756318509733,-0.25997595480748137,-0.089543830704214816,0.96145431784601865,-0.023568749708289288,0.99598286212624754,0.086386644731677079,-0.96532741438287473,-0.00020182572653440606,-0.26104203168694817,8.8642899196141831e-05,2.846199803602478e-05
3.6701600551605225,1790954066.9714501,0.00070810317993164062,0.085905105783160907,0.086515971021358926,-0.086655597361518469,0.010384709049366262,0.35152676464417792,-0.010925761117484504,0.057461999999999999,0.0052750000000000002,0.205873,-3.1408072554263957,1.3066756510905948,-3.0511496917514473,0.057438401893766797,0.0052738848231569831,0.20578756318509733,-0.25997595480748137,-0.089543830704214816,0.96145431784601865,-0.023568749708289288,0.99598286212624754,0.086386644731677079,-0.96532741438287473,-0.00020182572653440606,-0.26104203168694817,8.8642899196141831e-05,2.846199803602478e-05
3.6751718521118164,1790954066.9764619,0.00069284439086914062,0.085905105783160907,0.086515971021358926,-0.086655597361518469,0.010384709049366262,0.35152676464417792,-0.010925761117484504,0.057461999999999999,0.0052750000000000002,0.205873,-3.1408072554263957,1.3066756510905948,-3.0511496917514473,0.057438401893766797,0.0052738848231569831,0.20578756318509733,-0.25997595480748137,-0.089543830704214816,0.96145431784601865,-0.023568749708289288,0.99598286212624754,0.086386644731677079,-0.96532741438287473,-0.00020182572653440606,-0.26104203168694817,8.8642899196141831e-05,2.846199803602478e-05
3.6800529956817627,1790954066.981343,0.00059604644775390625,0.085905105783160907,0.086515971021358926,-0.086655597361518469,0.010384709049366262,0.35152676464417792,-0.010925761117484504,0.057461999999999999,0.0052750000000000002,0.205873,-3.1408072554263957,1.3066756510905948,-3.0511496917514473,0.057438401893766797,0.0052738848231569831,0.20578756318509733,-0.25997595480748137,-0.089543830704214816,0.96145431784601865,-0.023568749708289288,0.99598286212624754,0.086386644731677079,-0.96532741438287473,-0.00020182572653440606,-0.26104203168694817,8.8642899196141831e-05,2.846199803602478e-05
3.6850550174713135,1790954066.9863451,0.00054001808166503906,0.085905105783160907,0.086515971021358926,-0.086655597361518469,0.010384709049366262,0.35152676464417792,-0.010925761117484504,0.057461999999999999,0.0052750000000000002,0.205873,-3.1408072554263957,1.3066756510905948,-3.0511496917514473,0.057438401893766797,0.0052738848231569831,0.20578756318509733,-0.25997595480748137,-0.089543830704214816,0.96145431784601865,-0.023568749708289288,0.99598286212624754,0.086386644731677079,-0.96532741438287473,-0.00020182572653440606,-0.26104203168694817,8.8642899196141831e-05,2.846199803602478e-05
3.6901888847351074,1790954066.9914789,0.00071501731872558594,0.085905105783160907,0.086515971021358926,-0.086655597361518469,0.010384709049366262,0.35152676464417792,-0.010925761117484504,0.057461999999999999,0.0052750000000000002,0.205873,-3.1408072554263957,1.3066756510905948,-3.0511496917514473,0.057438401893766797,0.0052738848231569831,0.20578756318509733,-0.25997595480748137,-0.089543830704214816,0.96145431784601865,-0.023568749708289288,0.99598286212624754,0.086386644731677079,-0.96532741438287473,-0.00020182572653440606,-0.26104203168694817,8.8642899196141831e-05,2.846199803602478e-05
3.6951239109039307,1790954066.9964139,0.00066900253295898438,0.085905105783160907,0.086515971021358926,-0.086655597361518469,0.010384709049366262,0.35152676464417792,-0.010925761117484504,0.057461999999999999,0.0052750000000000002,0.205873,-3.1408072554263957,1.3066756510905948,-3.0511496917514473,0.057438401893766797,0.0052738848231569831,0.20578756318509733,-0.25997595480748137,-0.089543830704214816,0.96145431784601865,-0.023568749708289288,0.99598286212624754,0.086386644731677079,-0.96532741438287473,-0.00020182572653440606,-0.26104203168694817,8.8642899196141831e-05,2.846199803602478e-05
3.7000770568847656,1790954067.0013671,0.00058817863464355469,0.085905105783160907,0.086515971021358926,-0.086655597361518469,0.010384709049366262,0.35152676464417792,-0.010925761117484504,0.057461999999999999,0.0052750000000000002,0.205873,-3.1408072554263957,1.3066756510905948,-3.0511496917514473,0.057438401893766797,0.0052738848231569831,0.20578756318509733,-0.25997595480748137,-0.089543830704214816,0.96145431784601865,-0.023568749708289288,0.99598286212624754,0.086386644731677079,-0.96532741438287473,-0.00020182572653440606,-0.26104203168694817,8.8642899196141831e-05,2.846199803602478e-05
3.705082893371582,1790954067.0063729,0.000598907470703125,0.085905105783160907,0.086515971021358926,-0.086655597361518469,0.010384709049366262,0.35152676464417792,-0.010925761117484504,0.057461999999999999,0.0052750000000000002,0.205873,-3.1408072554263957,1.3066756510905948,-3.0511496917514473,0.057438401893766797,0.0052738848231569831,0.20578756318509733,-0.25997595480748137,-0.089543830704214816,0.96145431784601865,-0.023568749708289288,0.99598286212624754,0.086386644731677079,-0.96532741438287473,-0.00020182572653440606,-0.26104203168694817,8.8642899196141831e-05,2.846199803602478e-05
3.7100539207458496,1790954067.011344,0.00059986114501953125,0.085905105783160907,0.086515971021358926,-0.086655597361518469,0.010384709049366262,0.35152676464417792,-0.010925761117484504,0.057461999999999999,0.0052750000000000002,0.205873,-3.1408072554263957,1.3066756510905948,-3.0511496917514473,0.057438401893766797,0.0052738848231569831,0.20578756318509733,-0.25997595480748137,-0.089543830704214816,0.96145431784601865,-0.023568749708289288,0.99598286212624754,0.086386644731677079,-0.96532741438287473,-0.00020182572653440606,-0.26104203168694817,8.8642899196141831e-05,2.846199803602478e-05
3.7151079177856445,1790954067.016398,0.00058102607727050781,0.085905105783160907,0.086515971021358926,-0.086655597361518469,0.010384709049366262,0.35152676464417792,-0.010925761117484504,0.057461999999999999,0.0052750000000000002,0.205873,-3.1408072554263957,1.3066756510905948,-3.0511496917514473,0.057438401893766797,0.0052738848231569831,0.20578756318509733,-0.25997595480748137,-0.089543830704214816,0.96145431784601865,-0.023568749708289288,0.99598286212624754,0.086386644731677079,-0.96532741438287473,-0.00020182572653440606,-0.26104203168694817,8.8642899196141831e-05,2.846199803602478e-05
3.7201478481292725,1790954067.0214379,0.00069689750671386719,0.085905105783160907,0.086515971021358926,-0.086655597361518469,0.010384709049366262,0.35152676464417792,-0.010925761117484504,0.057461999999999999,0.0052750000000000002,0.205873,-3.1408072554263957,1.3066756510905948,-3.0511496917514473,0.057438401893766797,0.0052738848231569831,0.20578756318509733,-0.25997595480748137,-0.089543830704214816,0.96145431784601865,-0.023568749708289288,0.99598286212624754,0.086386644731677079,-0.96532741438287473,-0.00020182572653440606,-0.26104203168694817,8.8642899196141831e-05,2.846199803602478e-05
3.7250559329986572,1790954067.026346,0.00053191184997558594,0.085905105783160907,0.086515971021358926,-0.086655597361518469,0.010384709049366262,0.35152676464417792,-0.010925761117484504,0.057461999999999999,0.0052750000000000002,0.205873,-3.1408072554263957,1.3066756510905948,-3.0511496917514473,0.057438401893766797,0.0052738848231569831,0.20578756318509733,-0.25997595480748137,-0.089543830704214816,0.96145431784601865,-0.023568749708289288,0.99598286212624754,0.086386644731677079,-0.96532741438287473,-0.00020182572653440606,-0.26104203168694817,8.8642899196141831e-05,2.846199803602478e-05
3.7301199436187744,1790954067.03141,0.00065898895263671875,0.085905105783160907,0.086515971021358926,-0.086655597361518469,0.010384709049366262,0.35152676464417792,-0.010925761117484504,0.057461999999999999,0.0052750000000000002,0.205873,-3.1408072554263957,1.3066756510905948,-3.0511496917514473,0.057438401893766797,0.0052738848231569831,0.20578756318509733,-0.25997595480748137,-0.089543830704214816,0.96145431784601865,-0.023568749708289288,0.99598286212624754,0.086386644731677079,-0.96532741438287473,-0.00020182572653440606,-0.26104203168694817,8.8642899196141831e-05,2.846199803602478e-05
3.735058069229126,1790954067.0363481,0.00053310394287109375,0.085905105783160907,0.086515971021358926,-0.086655597361518469,0.010384709049366262,0.35152676464417792,-0.010925761117484504,0.057461999999999999,0.0052750000000000002,0.205873,-3.1408072554263957,1.3066756510905948,-3.0511496917514473,0.057438401893766797,0.0052738848231569831,0.20578756318509733,-0.25997595480748137,-0.089543830704214816,0.96145431784601865,-0.023568749708289288,0.99598286212624754,0.086386644731677079,-0.96532741438287473,-0.00020182572653440606,-0.26104203168694817,8.8642899196141831e-05,2.846199803602478e-05
3.7401940822601318,1790954067.0414841,0.00073313713073730469,0.085905105783160907,0.086515971021358926,-0.086655597361518469,0.010384709049366262,0.35152676464417792,-0.010925761117484504,0.057461999999999999,0.0052750000000000002,0.205873,-3.1408072554263957,1.3066756510905948,-3.0511496917514473,0.057438401893766797,0.0052738848231569831,0.20578756318509733,-0.25997595480748137,-0.089543830704214816,0.96145431784601865,-0.023568749708289288,0.99598286212624754,0.086386644731677079,-0.96532741438287473,-0.00020182572653440606,-0.26104203168694817,8.8642899196141831e-05,2.846199803602478e-05
3.7451639175415039,1790954067.046454,0.00067687034606933594,0.085905105783160907,0.086515971021358926,-0.086655597361518469,0.010384709049366262,0.35152676464417792,-0.010925761117484504,0.057461999999999999,0.0052750000000000002,0.205873,-3.1408072554263957,1.3066756510905948,-3.0511496917514473,0.057438401893766797,0.0052738848231569831,0.20578756318509733,-0.25997595480748137,-0.089543830704214816,0.96145431784601865,-0.023568749708289288,0.99598286212624754,0.086386644731677079,-0.96532741438287473,-0.00020182572653440606,-0.26104203168694817,8.8642899196141831e-05,2.846199803602478e-05
3.7501189708709717,1790954067.051409,0.00066399574279785156,0.085905105783160907,0.086515971021358926,-0.086655597361518469,0.010384709049366262,0.35152676464417792,-0.010925761117484504,0.057461999999999999,0.0052750000000000002,0.205873,-3.1408072554263957,1.3066756510905948,-3.0511496917514473,0.057438401893766797,0.0052738848231569831,0.20578756318509733,-0.25997595480748137,-0.089543830704214816,0.96145431784601865,-0.023568749708289288,0.99598286212624754,0.086386644731677079,-0.96532741438287473,-0.00020182572653440606,-0.26104203168694817,8.8642899196141831e-05,2.846199803602478e-05
3.7551698684692383,1790954067.0564599,0.00067186355590820312,0.085905105783160907,0.086515971021358926,-0.086655597361518469,0.010384709049366262,0.35152676464417792,-0.010925761117484504,0.057461999999999999,0.0052750000000000002,0.205873,-3.1408072554263957,1.3066756510905948,-3.0511496917514473,0.057438401893766797,0.0052738848231569831,0.20578756318509733,-0.25997595480748137,-0.089543830704214816,0.96145431784601865,-0.023568749708289288,0.99598286212624754,0.086386644731677079,-0.96532741438287473,-0.00020182572653440606,-0.26104203168694817,8.8642899196141831e-05,2.846199803602478e-05
3.760051965713501,1790954067.061342,0.00060009956359863281,0.085905105783160907,0.086515971021358926,-0.086655597361518469,0.010384709049366262,0.35152676464417792,-0.010925761117484504,0.057461999999999999,0.0052750000000000002,0.205873,-3.1408072554263957,1.3066756510905948,-3.0511496917514473,0.057438401893766797,0.0052738848231569831,0.20578756318509733,-0.25997595480748137,-0.089543830704214816,0.96145431784601865,-0.023568749708289288,0.99598286212624754,0.086386644731677079,-0.96532741438287473,-0.00020182572653440606,-0.26104203168694817,8.8642899196141831e-05,2.846199803602478e-05
3.7650520801544189,1790954067.0663421,0.00060009956359863281,0.085905105783160907,0.086515971021358926,-0.086655597361518469,0.010384709049366262,0.35152676464417792,-0.010925761117484504,0.057461999999999999,0.0052750000000000002,0.205873,-3.1408072554263957,1.3066756510905948,-3.0511496917514473,0.057438401893766797,0.0052738848231569831,0.20578756318509733,-0.25997595480748137,-0.089543830704214816,0.96145431784601865,-0.023568749708289288,0.99598286212624754,0.086386644731677079,-0.96532741438287473,-0.00020182572653440606,-0.26104203168694817,8.8642899196141831e-05,2.846199803602478e-05
3.770158052444458,1790954067.0714481,0.0006999969482421875,0.085905105783160907,0.086515971021358926,-0.086655597361518469,0.010384709049366262,0.35152676464417792,-0.010925761117484504,0.057461999999999999,0.0052750000000000002,0.205873,-3.1408072554263957,1.3066756510905948,-3.0511496917514473,0.057438401893766797,0.0052738848231569831,0.20578756318509733,-0.25997595480748137,-0.089543830704214816,0.96145431784601865,-0.023568749708289288,0.99598286212624754,0.086386644731677079,-0.96532741438287473,-0.00020182572653440606,-0.26104203168694817,8.8642899196141831e-05,2.846199803602478e-05
3.7751588821411133,1790954067.0764489,0.00065302848815917969,0.085905105783160907,0.086515971021358926,-0.086655597361518469,0.010384709049366262,0.35152676464417792,-0.010925761117484504,0.057461999999999999,0.0052750000000000002,0.205873,-3.1408072554263957,1.3066756510905948,-3.0511496917514473,0.057438401893766797,0.0052738848231569831,0.20578756318509733,-0.25997595480748137,-0.089543830704214816,0.96145431784601865,-0.023568749708289288,0.99598286212624754,0.086386644731677079,-0.96532741438287473,-0.00020182572653440606,-0.26104203168694817,8.8642899196141831e-05,2.846199803602478e-05
3.7801520824432373,1790954067.0814421,0.00066304206848144531,0.085905105783160907,0.086515971021358926,-0.086655597361518469,0.010384709049366262,0.35152676464417792,-0.010925761117484504,0.057461999999999999,0.0052750000000000002,0.205873,-3.1408072554263957,1.3066756510905948,-3.0511496917514473,0.057438401893766797,0.0052738848231569831,0.20578756318509733,-0.25997595480748137,-0.089543830704214816,0.96145431784601865,-0.023568749708289288,0.99598286212624754,0.086386644731677079,-0.96532741438287473,-0.00020182572653440606,-0.26104203168694817,8.8642899196141831e-05,2.846199803602478e-05
3.7851419448852539,1790954067.086432,0.00051403045654296875,0.085905105783160907,0.086515971021358926,-0.086655597361518469,0.010384709049366262,0.35152676464417792,-0.010925761117484504,0.057461999999999999,0.0052750000000000002,0.205873,-3.1408072554263957,1.3066756510905948,-3.0511496917514473,0.057438401893766797,0.0052738848231569831,0.20578756318509733,-0.25997595480748137,-0.089543830704214816,0.96145431784601865,-0.023568749708289288,0.99598286212624754,0.086386644731677079,-0.96532741438287473,-0.00020182572653440606,-0.26104203168694817,8.8642899196141831e-05,2.846199803602478e-05
3.790118932723999,1790954067.091409,0.00066900253295898438,0.085905105783160907,0.086515971021358926,-0.086655597361518469,0.010384709049366262,0.35152676464417792,-0.010925761117484504,0.057461999999999999,0.0052750000000000002,0.205873,-3.1408072554263957,1.3066756510905948,-3.0511496917514473,0.057438401893766797,0.0052738848231569831,0.20578756318509733,-0.25997595480748137,-0.089543830704214816,0.96145431784601865,-0.023568749708289288,0.99598286212624754,0.086386644731677079,-0.96532741438287473,-0.00020182572653440606,-0.26104203168694817,8.8642899196141831e-05,2.846199803602478e-05
3.7951569557189941,1790954067.096447,0.00066304206848144531,0.085905105783160907,0.086515971021358926,-0.086655597361518469,0.010384709049366262,0.35152676464417792,-0.010925761117484504,0.057461999999999999,0.0052750000000000002,0.205873,-3.1408072554263957,1.3066756510905948,-3.0511496917514473,0.057438401893766797,0.0052738848231569831,0.20578756318509733,-0.25997595480748137,-0.089543830704214816,0.96145431784601865,-0.023568749708289288,0.99598286212624754,0.086386644731677079,-0.96532741438287473,-0.00020182572653440606,-0.26104203168694817,8.8642899196141831e-05,2.846199803602478e-05
3.8000540733337402,1790954067.1013441,0.00058007240295410156,0.085905105783160907,0.086515971021358926,-0.086655597361518469,0.010384709049366262,0.35152676464417792,-0.010925761117484504,0.057461999999999999,0.0052750000000000002,0.205873,-3.1408072554263957,1.3066756510905948,-3.0511496917514473,0.057438401893766797,0.0052738848231569831,0.20578756318509733,-0.25997595480748137,-0.089543830704214816,0.96145431784601865,-0.023568749708289288,0.99598286212624754,0.086386644731677079,-0.96532741438287473,-0.00020182572653440606,-0.26104203168694817,8.8642899196141831e-05,2.846199803602478e-05
3.8050539493560791,1790954067.106344,0.0005779266357421875,0.085905105783160907,0.086515971021358926,-0.086655597361518469,0.010384709049366262,0.35152676464417792,-0.010925761117484504,0.057461999999999999,0.0052750000000000002,0.205873,-3.1408072554263957,1.3066756510905948,-3.0511496917514473,0.057438401893766797,0.0052738848231569831,0.20578756318509733,-0.25997595480748137,-0.089543830704214816,0.96145431784601865,-0.023568749708289288,0.99598286212624754,0.086386644731677079,-0.96532741438287473,-0.00020182572653440606,-0.26104203168694817,8.8642899196141831e-05,2.846199803602478e-05
3.810189962387085,1790954067.11148,0.00073289871215820312,0.085905105783160907,0.086515971021358926,-0.086655597361518469,0.010384709049366262,0.35152676464417792,-0.010925761117484504,0.057461999999999999,0.0052750000000000002,0.205873,-3.1408072554263957,1.3066756510905948,-3.0511496917514473,0.057438401893766797,0.0052738848231569831,0.20578756318509733,-0.25997595480748137,-0.089543830704214816,0.96145431784601865,-0.023568749708289288,0.99598286212624754,0.086386644731677079,-0.96532741438287473,-0.00020182572653440606,-0.26104203168694817,8.8642899196141831e-05,2.846199803602478e-05
3.8151788711547852,1790954067.1164689,0.00070095062255859375,0.085905105783160907,0.086515971021358926,-0.086655597361518469,0.010384709049366262,0.35152676464417792,-0.010925761117484504,0.057461999999999999,0.0052750000000000002,0.205873,-3.1408072554263957,1.3066756510905948,-3.0511496917514473,0.057438401893766797,0.0052738848231569831,0.20578756318509733,-0.25997595480748137,-0.089543830704214816,0.96145431784601865,-0.023568749708289288,0.99598286212624754,0.086386644731677079,-0.96532741438287473,-0.00020182572653440606,-0.26104203168694817,8.8642899196141831e-05,2.846199803602478e-05
3.8201899528503418,1790954067.12148,0.00058603286743164062,0.085905105783160907,0.086515971021358926,-0.086655597361518469,0.010384709049366262,0.35152676464417792,-0.010925761117484504,0.057461999999999999,0.0052750000000000002,0.205873,-3.1408072554263957,1.3066756510905948,-3.0511496917514473,0.057438401893766797,0.0052738848231569831,0.20578756318509733,-0.25997595480748137,-0.089543830704214816,0.96145431784601865,-0.023568749708289288,0.99598286212624754,0.086386644731677079,-0.96532741438287473,-0.00020182572653440606,-0.26104203168694817,8.8642899196141831e-05,2.846199803602478e-05
3.825178861618042,1790954067.1264689,0.00069785118103027344,0.085905105783160907,0.086515971021358926,-0.086655597361518469,0.010384709049366262,0.35152676464417792,-0.010925761117484504,0.057461999999999999,0.0052750000000000002,0.205873,-3.1408072554263957,1.3066756510905948,-3.0511496917514473,0.057438401893766797,0.0052738848231569831,0.20578756318509733,-0.25997595480748137,-0.089543830704214816,0.96145431784601865,-0.023568749708289288,0.99598286212624754,0.086386644731677079,-0.96532741438287473,-0.00020182572653440606,-0.26104203168694817,8.8642899196141831e-05,2.846199803602478e-05
3.830049991607666,1790954067.13134,0.00055599212646484375,0.085905105783160907,0.086515971021358926,-0.086655597361518469,0.010384709049366262,0.35152676464417792,-0.010925761117484504,0.057461999999999999,0.0052750000000000002,0.205873,-3.1408072554263957,1.3066756510905948,-3.0511496917514473,0.057438401893766797,0.0052738848231569831,0.20578756318509733,-0.25997595480748137,-0.089543830704214816,0.96145431784601865,-0.023568749708289288,0.99598286212624754,0.086386644731677079,-0.96532741438287473,-0.00020182572653440606,-0.26104203168694817,8.8642899196141831e-05,2.846199803602478e-05
3.8351569175720215,1790954067.136447,0.00069594383239746094,0.085905105783160907,0.086515971021358926,-0.086655597361518469,0.010384709049366262,0.35152676464417792,-0.010925761117484504,0.057461999999999999,0.0052750000000000002,0.205873,-3.1408072554263957,1.3066756510905948,-3.0511496917514473,0.057438401893766797,0.0052738848231569831,0.20578756318509733,-0.25997595480748137,-0.089543830704214816,0.96145431784601865,-0.023568749708289288,0.99598286212624754,0.086386644731677079,-0.96532741438287473,-0.00020182572653440606,-0.26104203168694817,8.8642899196141831e-05,2.846199803602478e-05
3.8401200771331787,1790954067.1414101,0.00066709518432617188,0.085905105783160907,0.086515971021358926,-0.086655597361518469,0.010384709049366262,0.35152676464417792,-0.010925761117484504,0.057461999999999999,0.0052750000000000002,0.205873,-3.1408072554263957,1.3066756510905948,-3.0511496917514473,0.057438401893766797,0.0052738848231569831,0.20578756318509733,-0.25997595480748137,-0.089543830704214816,0.96145431784601865,-0.023568749708289288,0.99598286212624754,0.086386644731677079,-0.96532741438287473,-0.00020182572653440606,-0.26104203168694817,8.8642899196141831e-05,2.846199803602478e-05
3.8451318740844727,1790954067.1464219,0.00059795379638671875,0.085905105783160907,0.086515971021358926,-0.086655597361518469,0.010384709049366262,0.35152676464417792,-0.010925761117484504,0.057461999999999999,0.0052750000000000002,0.205873,-3.1408072554263957,1.3066756510905948,-3.0511496917514473,0.057438401893766797,0.0052738848231569831,0.20578756318509733,-0.25997595480748137,-0.089543830704214816,0.96145431784601865,-0.023568749708289288,0.99598286212624754,0.086386644731677079,-0.96532741438287473,-0.00020182572653440606,-0.26104203168694817,8.8642899196141831e-05,2.846199803602478e-05
3.8501930236816406,1790954067.1514831,0.00073409080505371094,0.085905105783160907,0.086515971021358926,-0.086655597361518469,0.010384709049366262,0.35152676464417792,-0.010925761117484504,0.057461999999999999,0.0052750000000000002,0.205873,-3.1408072554263957,1.3066756510905948,-3.0511496917514473,0.057438401893766797,0.0052738848231569831,0.20578756318509733,-0.25997595480748137,-0.089543830704214816,0.96145431784601865,-0.023568749708289288,0.99598286212624754,0.086386644731677079,-0.96532741438287473,-0.00020182572653440606,-0.26104203168694817,8.8642899196141831e-05,2.846199803602478e-05
3.8550498485565186,1790954067.1563399,0.00056576728820800781,0.085905105783160907,0.086515971021358926,-0.086655597361518469,0.010384709049366262,0.35152676464417792,-0.010925761117484504,0.057461999999999999,0.0052750000000000002,0.205873,-3.1408072554263957,1.3066756510905948,-3.0511496917514473,0.057438401893766797,0.0052738848231569831,0.20578756318509733,-0.25997595480748137,-0.089543830704214816,0.96145431784601865,-0.023568749708289288,0.99598286212624754,0.086386644731677079,-0.96532741438287473,-0.00020182572653440606,-0.26104203168694817,8.8642899196141831e-05,2.846199803602478e-05
3.8600530624389648,1790954067.1613431,0.00050520896911621094,0.085905105783160907,0.086515971021358926,-0.086655597361518469,0.010384709049366262,0.35152676464417792,-0.010925761117484504,0.057461999999999999,0.0052750000000000002,0.205873,-3.1408072554263957,1.3066756510905948,-3.0511496917514473,0.057438401893766797,0.0052738848231569831,0.20578756318509733,-0.25997595480748137,-0.089543830704214816,0.96145431784601865,-0.023568749708289288,0.99598286212624754,0.086386644731677079,-0.96532741438287473,-0.00020182572653440606,-0.26104203168694817,8.8642899196141831e-05,2.846199803602478e-05
3.8650789260864258,1790954067.166369,0.00060796737670898438,0.085905105783160907,0.086515971021358926,-0.086655597361518469,0.010384709049366262,0.35152676464417792,-0.010925761117484504,0.057461999999999999,0.0052750000000000002,0.205873,-3.1408072554263957,1.3066756510905948,-3.0511496917514473,0.057438401893766797,0.0052738848231569831,0.20578756318509733,-0.25997595480748137,-0.089543830704214816,0.96145431784601865,-0.023568749708289288,0.99598286212624754,0.086386644731677079,-0.96532741438287473,-0.00020182572653440606,-0.26104203168694817,8.8642899196141831e-05,2.846199803602478e-05
3.8701090812683105,1790954067.1713991,0.00052213668823242188,0.085905105783160907,0.086515971021358926,-0.086655597361518469,0.010384709049366262,0.35152676464417792,-0.010925761117484504,0.057461999999999999,0.0052750000000000002,0.205873,-3.1408072554263957,1.3066756510905948,-3.0511496917514473,0.057438401893766797,0.0052738848231569831,0.20578756318509733,-0.25997595480748137,-0.089543830704214816,0.96145431784601865,-0.023568749708289288,0.99598286212624754,0.086386644731677079,-0.96532741438287473,-0.00020182572653440606,-0.26104203168694817,8.8642899196141831e-05,2.846199803602478e-05
3.8751170635223389,1790954067.1764071,0.00061106681823730469,0.085905105783160907,0.086515971021358926,-0.086655597361518469,0.010384709049366262,0.35152676464417792,-0.010925761117484504,0.057461999999999999,0.0052750000000000002,0.205873,-3.1408072554263957,1.3066756510905948,-3.0511496917514473,0.057438401893766797,0.0052738848231569831,0.20578756318509733,-0.25997595480748137,-0.089543830704214816,0.96145431784601865,-0.023568749708289288,0.99598286212624754,0.086386644731677079,-0.96532741438287473,-0.00020182572653440606,-0.26104203168694817,8.8642899196141831e-05,2.846199803602478e-05
3.88006591796875,1790954067.181356,0.0005970001220703125,0.085905105783160907,0.086515971021358926,-0.086655597361518469,0.010384709049366262,0.35152676464417792,-0.010925761117484504,0.057461999999999999,0.0052750000000000002,0.205873,-3.1408072554263957,1.3066756510905948,-3.0511496917514473,0.057438401893766797,0.0052738848231569831,0.20578756318509733,-0.25997595480748137,-0.089543830704214816,0.96145431784601865,-0.023568749708289288,0.99598286212624754,0.086386644731677079,-0.96532741438287473,-0.00020182572653440606,-0.26104203168694817,8.8642899196141831e-05,2.846199803602478e-05
3.8851189613342285,1790954067.186409,0.00048303604125976562,0.085905105783160907,0.086515971021358926,-0.086655597361518469,0.010384709049366262,0.35152676464417792,-0.010925761117484504,0.057461999999999999,0.0052750000000000002,0.205873,-3.1408072554263957,1.3066756510905948,-3.0511496917514473,0.057438401893766797,0.0052738848231569831,0.20578756318509733,-0.25997595480748137,-0.089543830704214816,0.96145431784601865,-0.023568749708289288,0.99598286212624754,0.086386644731677079,-0.96532741438287473,-0.00020182572653440606,-0.26104203168694817,8.8642899196141831e-05,2.846199803602478e-05
3.8900270462036133,1790954067.1913171,0.00057196617126464844,0.085905105783160907,0.086515971021358926,-0.086655597361518469,0.010384709049366262,0.35152676464417792,-0.010925761117484504,0.057461999999999999,0.0052750000000000002,0.205873,-3.1408072554263957,1.3066756510905948,-3.0511496917514473,0.057438401893766797,0.0052738848231569831,0.20578756318509733,-0.25997595480748137,-0.089543830704214816,0.96145431784601865,-0.023568749708289288,0.99598286212624754,0.086386644731677079,-0.96532741438287473,-0.00020182572653440606,-0.26104203168694817,8.8642899196141831e-05,2.846199803602478e-05
3.8952219486236572,1790954067.196512,0.00069189071655273438,0.085905105783160907,0.086515971021358926,-0.086655597361518469,0.010384709049366262,0.35152676464417792,-0.010925761117484504,0.057461999999999999,0.0052750000000000002,0.205873,-3.1408072554263957,1.3066756510905948,-3.0511496917514473,0.057438401893766797,0.0052738848231569831,0.20578756318509733,-0.25997595480748137,-0.089543830704214816,0.96145431784601865,-0.023568749708289288,0.99598286212624754,0.086386644731677079,-0.96532741438287473,-0.00020182572653440606,-0.26104203168694817,8.8642899196141831e-05,2.846199803602478e-05
3.9001560211181641,1790954067.2014461,0.00068402290344238281,0.085905105783160907,0.086515971021358926,-0.086655597361518469,0.010384709049366262,0.35152676464417792,-0.010925761117484504,0.057461999999999999,0.0052750000000000002,0.205873,-3.1408072554263957,1.3066756510905948,-3.0511496917514473,0.057438401893766797,0.0052738848231569831,0.20578756318509733,-0.25997595480748137,-0.089543830704214816,0.96145431784601865,-0.023568749708289288,0.99598286212624754,0.086386644731677079,-0.96532741438287473,-0.00020182572653440606,-0.26104203168694817,8.8642899196141831e-05,2.846199803602478e-05
3.9051270484924316,1790954067.2064171,0.00054717063903808594,0.085905105783160907,0.086515971021358926,-0.086655597361518469,0.010384709049366262,0.35152676464417792,-0.010925761117484504,0.057461999999999999,0.0052750000000000002,0.205873,-3.1408072554263957,1.3066756510905948,-3.0511496917514473,0.057438401893766797,0.0052738848231569831,0.20578756318509733,-0.25997595480748137,-0.089543830704214816,0.96145431784601865,-0.023568749708289288,0.99598286212624754,0.086386644731677079,-0.96532741438287473,-0.00020182572653440606,-0.26104203168694817,8.8642899196141831e-05,2.846199803602478e-05
3.9101719856262207,1790954067.211462,0.00069499015808105469,0.085905105783160907,0.086515971021358926,-0.086655597361518469,0.010384709049366262,0.35152676464417792,-0.010925761117484504,0.057461999999999999,0.0052750000000000002,0.205873,-3.1408072554263957,1.3066756510905948,-3.0511496917514473,0.057438401893766797,0.0052738848231569831,0.20578756318509733,-0.25997595480748137,-0.089543830704214816,0.96145431784601865,-0.023568749708289288,0.99598286212624754,0.086386644731677079,-0.96532741438287473,-0.00020182572653440606,-0.26104203168694817,8.8642899196141831e-05,2.846199803602478e-05
3.9150810241699219,1790954067.2163711,0.00056099891662597656,0.085905105783160907,0.086515971021358926,-0.086655597361518469,0.010384709049366262,0.35152676464417792,-0.010925761117484504,0.057461999999999999,0.0052750000000000002,0.205873,-3.1408072554263957,1.3066756510905948,-3.0511496917514473,0.057438401893766797,0.0052738848231569831,0.20578756318509733,-0.25997595480748137,-0.089543830704214816,0.96145431784601865,-0.023568749708289288,0.99598286212624754,0.086386644731677079,-0.96532741438287473,-0.00020182572653440606,-0.26104203168694817,8.8642899196141831e-05,2.846199803602478e-05
3.9201769828796387,1790954067.221467,0.00065493583679199219,0.085905105783160907,0.086515971021358926,-0.086655597361518469,0.010384709049366262,0.35152676464417792,-0.010925761117484504,0.057461999999999999,0.0052750000000000002,0.205873,-3.1408072554263957,1.3066756510905948,-3.0511496917514473,0.057438401893766797,0.0052738848231569831,0.20578756318509733,-0.25997595480748137,-0.089543830704214816,0.96145431784601865,-0.023568749708289288,0.99598286212624754,0.086386644731677079,-0.96532741438287473,-0.00020182572653440606,-0.26104203168694817,8.8642899196141831e-05,2.846199803602478e-05
3.9251399040222168,1790954067.2264299,0.00065588951110839844,0.085905105783160907,0.086515971021358926,-0.086655597361518469,0.010384709049366262,0.35152676464417792,-0.010925761117484504,0.057461999999999999,0.0052750000000000002,0.205873,-3.1408072554263957,1.3066756510905948,-3.0511496917514473,0.057438401893766797,0.0052738848231569831,0.20578756318509733,-0.25997595480748137,-0.089543830704214816,0.96145431784601865,-0.023568749708289288,0.99598286212624754,0.086386644731677079,-0.96532741438287473,-0.00020182572653440606,-0.26104203168694817,8.8642899196141831e-05,2.846199803602478e-05
3.9301860332489014,1790954067.2314761,0.00073099136352539062,0.085905105783160907,0.086515971021358926,-0.086655597361518469,0.010384709049366262,0.35152676464417792,-0.010925761117484504,0.057461999999999999,0.0052750000000000002,0.205873,-3.1408072554263957,1.3066756510905948,-3.0511496917514473,0.057438401893766797,0.0052738848231569831,0.20578756318509733,-0.25997595480748137,-0.089543830704214816,0.96145431784601865,-0.023568749708289288,0.99598286212624754,0.086386644731677079,-0.96532741438287473,-0.00020182572653440606,-0.26104203168694817,8.8642899196141831e-05,2.846199803602478e-05
3.9351439476013184,1790954067.236434,0.00066399574279785156,0.085905105783160907,0.086515971021358926,-0.086655597361518469,0.010384709049366262,0.35152676464417792,-0.010925761117484504,0.057461999999999999,0.0052750000000000002,0.205873,-3.1408072554263957,1.3066756510905948,-3.0511496917514473,0.057438401893766797,0.0052738848231569831,0.20578756318509733,-0.25997595480748137,-0.089543830704214816,0.96145431784601865,-0.023568749708289288,0.99598286212624754,0.086386644731677079,-0.96532741438287473,-0.00020182572653440606,-0.26104203168694817,8.8642899196141831e-05,2.846199803602478e-05
3.9400548934936523,1790954067.2413449,0.00060296058654785156,0.085905105783160907,0.086515971021358926,-0.086655597361518469,0.010384709049366262,0.35152676464417792,-0.010925761117484504,0.057461999999999999,0.0052750000000000002,0.205873,-3.1408072554263957,1.3066756510905948,-3.0511496917514473,0.057438401893766797,0.0052738848231569831,0.20578756318509733,-0.25997595480748137,-0.089543830704214816,0.96145431784601865,-0.023568749708289288,0.99598286212624754,0.086386644731677079,-0.96532741438287473,-0.00020182572653440606,-0.26104203168694817,8.8642899196141831e-05,2.846199803602478e-05
3.9450788497924805,1790954067.2463689,0.00058579444885253906,0.085905105783160907,0.086515971021358926,-0.086655597361518469,0.010384709049366262,0.35152676464417792,-0.010925761117484504,0.057461999999999999,0.0052750000000000002,0.205873,-3.1408072554263957,1.3066756510905948,-3.0511496917514473,0.057438401893766797,0.0052738848231569831,0.20578756318509733,-0.25997595480748137,-0.089543830704214816,0.96145431784601865,-0.023568749708289288,0.99598286212624754,0.086386644731677079,-0.96532741438287473,-0.00020182572653440606,-0.26104203168694817,8.8642899196141831e-05,2.846199803602478e-05
3.950186014175415,1790954067.251476,0.00064110755920410156,0.085905105783160907,0.086515971021358926,-0.086655597361518469,0.010384709049366262,0.35152676464417792,-0.010925761117484504,0.057461999999999999,0.0052750000000000002,0.205873,-3.1408072554263957,1.3066756510905948,-3.0511496917514473,0.057438401893766797,0.0052738848231569831,0.20578756318509733,-0.25997595480748137,-0.089543830704214816,0.96145431784601865,-0.023568749708289288,0.99598286212624754,0.086386644731677079,-0.96532741438287473,-0.00020182572653440606,-0.26104203168694817,8.8642899196141831e-05,2.846199803602478e-05
3.955064058303833,1790954067.2563541,0.00055599212646484375,0.085905105783160907,0.086515971021358926,-0.086655597361518469,0.010384709049366262,0.35152676464417792,-0.010925761117484504,0.057461999999999999,0.0052750000000000002,0.205873,-3.1408072554263957,1.3066756510905948,-3.0511496917514473,0.057438401893766797,0.0052738848231569831,0.20578756318509733,-0.25997595480748137,-0.089543830704214816,0.96145431784601865,-0.023568749708289288,0.99598286212624754,0.086386644731677079,-0.96532741438287473,-0.00020182572653440606,-0.26104203168694817,8.8642899196141831e-05,2.846199803602478e-05
3.9600510597229004,1790954067.2613411,0.0005950927734375,0.085905105783160907,0.086515971021358926,-0.086655597361518469,0.010384709049366262,0.35152676464417792,-0.010925761117484504,0.057461999999999999,0.0052750000000000002,0.205873,-3.1408072554263957,1.3066756510905948,-3.0511496917514473,0.057438401893766797,0.0052738848231569831,0.20578756318509733,-0.25997595480748137,-0.089543830704214816,0.96145431784601865,-0.023568749708289288,0.99598286212624754,0.086386644731677079,-0.96532741438287473,-0.00020182572653440606,-0.26104203168694817,8.8642899196141831e-05,2.846199803602478e-05
3.9650540351867676,1790954067.2663441,0.00055408477783203125,0.085905105783160907,0.086515971021358926,-0.086655597361518469,0.010384709049366262,0.35152676464417792,-0.010925761117484504,0.057461999999999999,0.0052750000000000002,0.205873,-3.1408072554263957,1.3066756510905948,-3.0511496917514473,0.057438401893766797,0.0052738848231569831,0.20578756318509733,-0.25997595480748137,-0.089543830704214816,0.96145431784601865,-0.023568749708289288,0.99598286212624754,0.086386644731677079,-0.96532741438287473,-0.00020182572653440606,-0.26104203168694817,8.8642899196141831e-05,2.846199803602478e-05
3.9701910018920898,1790954067.271481,0.00073909759521484375,0.085905105783160907,0.086515971021358926,-0.086655597361518469,0.010384709049366262,0.35152676464417792,-0.010925761117484504,0.057461999999999999,0.0052750000000000002,0.205873,-3.1408072554263957,1.3066756510905948,-3.0511496917514473,0.057438401893766797,0.0052738848231569831,0.20578756318509733,-0.25997595480748137,-0.089543830704214816,0.96145431784601865,-0.023568749708289288,0.99598286212624754,0.086386644731677079,-0.96532741438287473,-0.00020182572653440606,-0.26104203168694817,8.8642899196141831e-05,2.846199803602478e-05
3.9751338958740234,1790954067.2764239,0.00059390068054199219,0.085905105783160907,0.086515971021358926,-0.086655597361518469,0.010384709049366262,0.35152676464417792,-0.010925761117484504,0.057461999999999999,0.0052750000000000002,0.205873,-3.1408072554263957,1.3066756510905948,-3.0511496917514473,0.057438401893766797,0.0052738848231569831,0.20578756318509733,-0.25997595480748137,-0.089543830704214816,0.96145431784601865,-0.023568749708289288,0.99598286212624754,0.086386644731677079,-0.96532741438287473,-0.00020182572653440606,-0.26104203168694817,8.8642899196141831e-05,2.846199803602478e-05
3.9800529479980469,1790954067.281343,0.00054597854614257812,0.085905105783160907,0.086515971021358926,-0.086655597361518469,0.010384709049366262,0.35152676464417792,-0.010925761117484504,0.057461999999999999,0.0052750000000000002,0.205873,-3.1408072554263957,1.3066756510905948,-3.0511496917514473,0.057438401893766797,0.0052738848231569831,0.20578756318509733,-0.25997595480748137,-0.089543830704214816,0.96145431784601865,-0.023568749708289288,0.99598286212624754,0.086386644731677079,-0.96532741438287473,-0.00020182572653440606,-0.26104203168694817,8.8642899196141831e-05,2.846199803602478e-05
3.9850559234619141,1790954067.286346,0.0005340576171875,0.085905105783160907,0.086515971021358926,-0.086655597361518469,0.010384709049366262,0.35152676464417792,-0.010925761117484504,0.057461999999999999,0.0052750000000000002,0.205873,-3.1408072554263957,1.3066756510905948,-3.0511496917514473,0.057438401893766797,0.0052738848231569831,0.20578756318509733,-0.25997595480748137,-0.089543830704214816,0.96145431784601865,-0.023568749708289288,0.99598286212624754,0.086386644731677079,-0.96532741438287473,-0.00020182572653440606,-0.26104203168694817,8.8642899196141831e-05,2.846199803602478e-05
3.9900469779968262,1790954067.291337,0.00053691864013671875,0.085905105783160907,0.086515971021358926,-0.086655597361518469,0.010384709049366262,0.35152676464417792,-0.010925761117484504,0.057461999999999999,0.0052750000000000002,0.205873,-3.1408072554263957,1.3066756510905948,-3.0511496917514473,0.057438401893766797,0.0052738848231569831,0.20578756318509733,-0.25997595480748137,-0.089543830704214816,0.96145431784601865,-0.023568749708289288,0.99598286212624754,0.086386644731677079,-0.96532741438287473,-0.00020182572653440606,-0.26104203168694817,8.8642899196141831e-05,2.846199803602478e-05
3.995121955871582,1790954067.296412,0.00065493583679199219,0.085905105783160907,0.086515971021358926,-0.086655597361518469,0.010384709049366262,0.35152676464417792,-0.010925761117484504,0.057461999999999999,0.0052750000000000002,0.205873,-3.1408072554263957,1.3066756510905948,-3.0511496917514473,0.057438401893766797,0.0052738848231569831,0.20578756318509733,-0.25997595480748137,-0.089543830704214816,0.96145431784601865,-0.023568749708289288,0.99598286212624754,0.086386644731677079,-0.96532741438287473,-0.00020182572653440606,-0.26104203168694817,8.8642899196141831e-05,2.846199803602478e-05
4.0001330375671387,1790954067.3014231,0.00054717063903808594,0.085905105783160907,0.086515971021358926,-0.086655597361518469,0.010384709049366262,0.35152676464417792,-0.010925761117484504,0.057461999999999999,0.0052750000000000002,0.205873,-3.1408072554263957,1.3066756510905948,-3.0511496917514473,0.057438401893766797,0.0052738848231569831,0.20578756318509733,-0.25997595480748137,-0.089543830704214816,0.96145431784601865,-0.023568749708289288,0.99598286212624754,0.086386644731677079,-0.96532741438287473,-0.00020182572653440606,-0.26104203168694817,8.8642899196141831e-05,2.846199803602478e-05
4.0051660537719727,1790954067.3064561,0.00062012672424316406,0.085905105783160907,0.086515971021358926,-0.086655597361518469,0.010384709049366262,0.35152676464417792,-0.010925761117484504,0.057461999999999999,0.0052750000000000002,0.205873,-3.1408072554263957,1.3066756510905948,-3.0511496917514473,0.057438401893766797,0.0052738848231569831,0.20578756318509733,-0.25997595480748137,-0.089543830704214816,0.96145431784601865,-0.023568749708289288,0.99598286212624754,0.086386644731677079,-0.96532741438287473,-0.00020182572653440606,-0.26104203168694817,8.8642899196141831e-05,2.846199803602478e-05
4.0101490020751953,1790954067.311439,0.00060796737670898438,0.085905105783160907,0.086515971021358926,-0.086655597361518469,0.010384709049366262,0.35152676464417792,-0.010925761117484504,0.057461999999999999,0.0052750000000000002,0.205873,-3.1408072554263957,1.3066756510905948,-3.0511496917514473,0.057438401893766797,0.0052738848231569831,0.20578756318509733,-0.25997595480748137,-0.089543830704214816,0.96145431784601865,-0.023568749708289288,0.99598286212624754,0.086386644731677079,-0.96532741438287473,-0.00020182572653440606,-0.26104203168694817,8.8642899196141831e-05,2.846199803602478e-05
4.015049934387207,1790954067.31634,0.00052905082702636719,0.085905105783160907,0.086515971021358926,-0.086655597361518469,0.010384709049366262,0.35152676464417792,-0.010925761117484504,0.057461999999999999,0.0052750000000000002,0.205873,-3.1408072554263957,1.3066756510905948,-3.0511496917514473,0.057438401893766797,0.0052738848231569831,0.20578756318509733,-0.25997595480748137,-0.089543830704214816,0.96145431784601865,-0.023568749708289288,0.99598286212624754,0.086386644731677079,-0.96532741438287473,-0.00020182572653440606,-0.26104203168694817,8.8642899196141831e-05,2.846199803602478e-05
4.0201399326324463,1790954067.32143,0.00060296058654785156,0.085905105783160907,0.086515971021358926,-0.086655597361518469,0.010384709049366262,0.35152676464417792,-0.010925761117484504,0.057461999999999999,0.0052750000000000002,0.205873,-3.1408072554263957,1.3066756510905948,-3.0511496917514473,0.057438401893766797,0.0052738848231569831,0.20578756318509733,-0.25997595480748137,-0.089543830704214816,0.96145431784601865,-0.023568749708289288,0.99598286212624754,0.086386644731677079,-0.96532741438287473,-0.00020182572653440606,-0.26104203168694817,8.8642899196141831e-05,2.846199803602478e-05
4.0250668525695801,1790954067.3263569,0.00048685073852539062,0.085905105783160907,0.086515971021358926,-0.086655597361518469,0.010384709049366262,0.35152676464417792,-0.010925761117484504,0.057461999999999999,0.0052750000000000002,0.205873,-3.1408072554263957,1.3066756510905948,-3.0511496917514473,0.057438401893766797,0.0052738848231569831,0.20578756318509733,-0.25997595480748137,-0.089543830704214816,0.96145431784601865,-0.023568749708289288,0.99598286212624754,0.086386644731677079,-0.96532741438287473,-0.00020182572653440606,-0.26104203168694817,8.8642899196141831e-05,2.846199803602478e-05
4.0301568508148193,1790954067.3314469,0.000701904296875,0.085905105783160907,0.086515971021358926,-0.086655597361518469,0.010384709049366262,0.35152676464417792,-0.010925761117484504,0.057461999999999999,0.0052750000000000002,0.205873,-3.1408072554263957,1.3066756510905948,-3.0511496917514473,0.057438401893766797,0.0052738848231569831,0.20578756318509733,-0.25997595480748137,-0.089543830704214816,0.96145431784601865,-0.023568749708289288,0.99598286212624754,0.086386644731677079,-0.96532741438287473,-0.00020182572653440606,-0.26104203168694817,8.8642899196141831e-05,2.846199803602478e-05
4.0350699424743652,1790954067.33636,0.00045609474182128906,0.085905105783160907,0.086515971021358926,-0.086655597361518469,0.010384709049366262,0.35152676464417792,-0.010925761117484504,0.057461999999999999,0.0052750000000000002,0.205873,-3.1408072554263957,1.3066756510905948,-3.0511496917514473,0.057438401893766797,0.0052738848231569831,0.20578756318509733,-0.25997595480748137,-0.089543830704214816,0.96145431784601865,-0.023568749708289288,0.99598286212624754,0.086386644731677079,-0.96532741438287473,-0.00020182572653440606,-0.26104203168694817,8.8642899196141831e-05,2.846199803602478e-05
4.0400528907775879,1790954067.3413429,0.00059294700622558594,0.085905105783160907,0.086515971021358926,-0.086655597361518469,0.010384709049366262,0.35152676464417792,-0.010925761117484504,0.057461999999999999,0.0052750000000000002,0.205873,-3.1408072554263957,1.3066756510905948,-3.0511496917514473,0.057438401893766797,0.0052738848231569831,0.20578756318509733,-0.25997595480748137,-0.089543830704214816,0.96145431784601865,-0.023568749708289288,0.99598286212624754,0.086386644731677079,-0.96532741438287473,-0.00020182572653440606,-0.26104203168694817,8.8642899196141831e-05,2.846199803602478e-05
4.0450539588928223,1790954067.346344,0.00057196617126464844,0.085905105783160907,0.086515971021358926,-0.086655597361518469,0.010384709049366262,0.35152676464417792,-0.010925761117484504,0.057461999999999999,0.0052750000000000002,0.205873,-3.1408072554263957,1.3066756510905948,-3.0511496917514473,0.057438401893766797,0.0052738848231569831,0.20578756318509733,-0.25997595480748137,-0.089543830704214816,0.96145431784601865,-0.023568749708289288,0.99598286212624754,0.086386644731677079,-0.96532741438287473,-0.00020182572653440606,-0.26104203168694817,8.8642899196141831e-05,2.846199803602478e-05
4.0501220226287842,1790954067.3514121,0.00060796737670898438,0.085905105783160907,0.086515971021358926,-0.086655597361518469,0.010384709049366262,0.35152676464417792,-0.010925761117484504,0.057461999999999999,0.0052750000000000002,0.205873,-3.1408072554263957,1.3066756510905948,-3.0511496917514473,0.057438401893766797,0.0052738848231569831,0.20578756318509733,-0.25997595480748137,-0.089543830704214816,0.96145431784601865,-0.023568749708289288,0.99598286212624754,0.086386644731677079,-0.96532741438287473,-0.00020182572653440606,-0.26104203168694817,8.8642899196141831e-05,2.846199803602478e-05
4.0550589561462402,1790954067.356349,0.00058102607727050781,0.085905105783160907,0.086515971021358926,-0.086655597361518469,0.010384709049366262,0.35152676464417792,-0.010925761117484504,0.057461999999999999,0.0052750000000000002,0.205873,-3.1408072554263957,1.3066756510905948,-3.0511496917514473,0.057438401893766797,0.0052738848231569831,0.20578756318509733,-0.25997595480748137,-0.089543830704214816,0.96145431784601865,-0.023568749708289288,0.99598286212624754,0.086386644731677079,-0.96532741438287473,-0.00020182572653440606,-0.26104203168694817,8.8642899196141831e-05,2.846199803602478e-05
4.0600709915161133,1790954067.361361,0.00061893463134765625,0.085905105783160907,0.086515971021358926,-0.086655597361518469,0.010384709049366262,0.35152676464417792,-0.010925761117484504,0.057461999999999999,0.0052750000000000002,0.205873,-3.1408072554263957,1.3066756510905948,-3.0511496917514473,0.057438401893766797,0.0052738848231569831,0.20578756318509733,-0.25997595480748137,-0.089543830704214816,0.96145431784601865,-0.023568749708289288,0.99598286212624754,0.086386644731677079,-0.96532741438287473,-0.00020182572653440606,-0.26104203168694817,8.8642899196141831e-05,2.846199803602478e-05
4.0650780200958252,1790954067.3663681,0.00062298774719238281,0.085905105783160907,0.086515971021358926,-0.086655597361518469,0.010384709049366262,0.35152676464417792,-0.010925761117484504,0.057461999999999999,0.0052750000000000002,0.205873,-3.1408072554263957,1.3066756510905948,-3.0511496917514473,0.057438401893766797,0.0052738848231569831,0.20578756318509733,-0.25997595480748137,-0.089543830704214816,0.96145431784601865,-0.023568749708289288,0.99598286212624754,0.086386644731677079,-0.96532741438287473,-0.00020182572653440606,-0.26104203168694817,8.8642899196141831e-05,2.846199803602478e-05
4.0700540542602539,1790954067.3713441,0.00059914588928222656,0.085905105783160907,0.086515971021358926,-0.086655597361518469,0.010384709049366262,0.35152676464417792,-0.010925761117484504,0.057461999999999999,0.0052750000000000002,0.205873,-3.1408072554263957,1.3066756510905948,-3.0511496917514473,0.057438401893766797,0.0052738848231569831,0.20578756318509733,-0.25997595480748137,-0.089543830704214816,0.96145431784601865,-0.023568749708289288,0.99598286212624754,0.086386644731677079,-0.96532741438287473,-0.00020182572653440606,-0.26104203168694817,8.8642899196141831e-05,2.846199803602478e-05
4.0751750469207764,1790954067.3764651,0.000720977783203125,0.085905105783160907,0.086515971021358926,-0.086655597361518469,0.010384709049366262,0.35152676464417792,-0.010925761117484504,0.057461999999999999,0.0052750000000000002,0.205873,-3.1408072554263957,1.3066756510905948,-3.0511496917514473,0.057438401893766797,0.0052738848231569831,0.20578756318509733,-0.25997595480748137,-0.089543830704214816,0.96145431784601865,-0.023568749708289288,0.99598286212624754,0.086386644731677079,-0.96532741438287473,-0.00020182572653440606,-0.26104203168694817,8.8642899196141831e-05,2.846199803602478e-05
4.0801329612731934,1790954067.381423,0.00060892105102539062,0.085905105783160907,0.086515971021358926,-0.086655597361518469,0.010384709049366262,0.35152676464417792,-0.010925761117484504,0.057461999999999999,0.0052750000000000002,0.205873,-3.1408072554263957,1.3066756510905948,-3.0511496917514473,0.057438401893766797,0.0052738848231569831,0.20578756318509733,-0.25997595480748137,-0.089543830704214816,0.96145431784601865,-0.023568749708289288,0.99598286212624754,0.086386644731677079,-0.96532741438287473,-0.00020182572653440606,-0.26104203168694817,8.8642899196141831e-05,2.846199803602478e-05
4.0851578712463379,1790954067.3864479,0.00066685676574707031,0.085905105783160907,0.086515971021358926,-0.086655597361518469,0.010384709049366262,0.35152676464417792,-0.010925761117484504,0.057461999999999999,0.0052750000000000002,0.205873,-3.1408072554263957,1.3066756510905948,-3.0511496917514473,0.057438401893766797,0.0052738848231569831,0.20578756318509733,-0.25997595480748137,-0.089543830704214816,0.96145431784601865,-0.023568749708289288,0.99598286212624754,0.086386644731677079,-0.96532741438287473,-0.00020182572653440606,-0.26104203168694817,8.8642899196141831e-05,2.846199803602478e-05
4.0900540351867676,1790954067.3913441,0.00051808357238769531,0.085905105783160907,0.086515971021358926,-0.086655597361518469,0.010384709049366262,0.35152676464417792,-0.010925761117484504,0.057461999999999999,0.0052750000000000002,0.205873,-3.1408072554263957,1.3066756510905948,-3.0511496917514473,0.057438401893766797,0.0052738848231569831,0.20578756318509733,-0.25997595480748137,-0.089543830704214816,0.96145431784601865,-0.023568749708289288,0.99598286212624754,0.086386644731677079,-0.96532741438287473,-0.00020182572653440606,-0.26104203168694817,8.8642899196141831e-05,2.846199803602478e-05
4.0950639247894287,1790954067.396354,0.00056695938110351562,0.085905105783160907,0.086515971021358926,-0.086655597361518469,0.010384709049366262,0.35152676464417792,-0.010925761117484504,0.057461999999999999,0.0052750000000000002,0.205873,-3.1408072554263957,1.3066756510905948,-3.0511496917514473,0.057438401893766797,0.0052738848231569831,0.20578756318509733,-0.25997595480748137,-0.089543830704214816,0.96145431784601865,-0.023568749708289288,0.99598286212624754,0.086386644731677079,-0.96532741438287473,-0.00020182572653440606,-0.26104203168694817,8.8642899196141831e-05,2.846199803602478e-05
4.1000540256500244,1790954067.4013441,0.00056910514831542969,0.085905105783160907,0.086515971021358926,-0.086655597361518469,0.010384709049366262,0.35152676464417792,-0.010925761117484504,0.057461999999999999,0.0052750000000000002,0.205873,-3.1408072554263957,1.3066756510905948,-3.0511496917514473,0.057438401893766797,0.0052738848231569831,0.20578756318509733,-0.25997595480748137,-0.089543830704214816,0.96145431784601865,-0.023568749708289288,0.99598286212624754,0.086386644731677079,-0.96532741438287473,-0.00020182572653440606,-0.26104203168694817,8.8642899196141831e-05,2.846199803602478e-05
4.1050529479980469,1790954067.406343,0.00055694580078125,0.085905105783160907,0.086515971021358926,-0.086655597361518469,0.010384709049366262,0.35152676464417792,-0.010925761117484504,0.057461999999999999,0.0052750000000000002,0.205873,-3.1408072554263957,1.3066756510905948,-3.0511496917514473,0.057438401893766797,0.0052738848231569831,0.20578756318509733,-0.25997595480748137,-0.089543830704214816,0.96145431784601865,-0.023568749708289288,0.99598286212624754,0.086386644731677079,-0.96532741438287473,-0.00020182572653440606,-0.26104203168694817,8.8642899196141831e-05,2.846199803602478e-05
4.1100540161132812,1790954067.4113441,0.00059914588928222656,0.085905105783160907,0.086515971021358926,-0.086655597361518469,0.010384709049366262,0.35152676464417792,-0.010925761117484504,0.057461999999999999,0.0052750000000000002,0.205873,-3.1408072554263957,1.3066756510905948,-3.0511496917514473,0.057438401893766797,0.0052738848231569831,0.20578756318509733,-0.25997595480748137,-0.089543830704214816,0.96145431784601865,-0.023568749708289288,0.99598286212624754,0.086386644731677079,-0.96532741438287473,-0.00020182572653440606,-0.26104203168694817,8.8642899196141831e-05,2.846199803602478e-05
4.1151518821716309,1790954067.4164419,0.00062394142150878906,0.085905105783160907,0.086515971021358926,-0.086655597361518469,0.010384709049366262,0.35152676464417792,-0.010925761117484504,0.057461999999999999,0.0052750000000000002,0.205873,-3.1408072554263957,1.3066756510905948,-3.0511496917514473,0.057438401893766797,0.0052738848231569831,0.20578756318509733,-0.25997595480748137,-0.089543830704214816,0.96145431784601865,-0.023568749708289288,0.99598286212624754,0.086386644731677079,-0.96532741438287473,-0.00020182572653440606,-0.26104203168694817,8.8642899196141831e-05,2.846199803602478e-05
4.1200530529022217,1790954067.4213431,0.00060009956359863281,0.085905105783160907,0.086515971021358926,-0.086655597361518469,0.010384709049366262,0.35152676464417792,-0.010925761117484504,0.057461999999999999,0.0052750000000000002,0.205873,-3.1408072554263957,1.3066756510905948,-3.0511496917514473,0.057438401893766797,0.0052738848231569831,0.20578756318509733,-0.25997595480748137,-0.089543830704214816,0.96145431784601865,-0.023568749708289288,0.99598286212624754,0.086386644731677079,-0.96532741438287473,-0.00020182572653440606,-0.26104203168694817,8.8642899196141831e-05,2.846199803602478e-05
4.1250550746917725,1790954067.4263451,0.00058603286743164062,0.085905105783160907,0.086515971021358926,-0.086655597361518469,0.010384709049366262,0.35152676464417792,-0.010925761117484504,0.057461999999999999,0.0052750000000000002,0.205873,-3.1408072554263957,1.3066756510905948,-3.0511496917514473,0.057438401893766797,0.0052738848231569831,0.20578756318509733,-0.25997595480748137,-0.089543830704214816,0.96145431784601865,-0.023568749708289288,0.99598286212624754,0.086386644731677079,-0.96532741438287473,-0.00020182572653440606,-0.26104203168694817,8.8642899196141831e-05,2.846199803602478e-05
4.1301560401916504,1790954067.4314461,0.00057196617126464844,0.085905105783160907,0.086515971021358926,-0.086655597361518469,0.010384709049366262,0.35152676464417792,-0.010925761117484504,0.057461999999999999,0.0052750000000000002,0.205873,-3.1408072554263957,1.3066756510905948,-3.0511496917514473,0.057438401893766797,0.0052738848231569831,0.20578756318509733,-0.25997595480748137,-0.089543830704214816,0.96145431784601865,-0.023568749708289288,0.99598286212624754,0.086386644731677079,-0.96532741438287473,-0.00020182572653440606,-0.26104203168694817,8.8642899196141831e-05,2.846199803602478e-05
4.1351509094238281,1790954067.4364409,0.00060391426086425781,0.085905105783160907,0.086515971021358926,-0.086655597361518469,0.010384709049366262,0.35152676464417792,-0.010925761117484504,0.057461999999999999,0.0052750000000000002,0.205873,-3.1408072554263957,1.3066756510905948,-3.0511496917514473,0.057438401893766797,0.0052738848231569831,0.20578756318509733,-0.25997595480748137,-0.089543830704214816,0.96145431784601865,-0.023568749708289288,0.99598286212624754,0.086386644731677079,-0.96532741438287473,-0.00020182572653440606,-0.26104203168694817,8.8642899196141831e-05,2.846199803602478e-05
4.1400520801544189,1790954067.4413421,0.00059914588928222656,0.085905105783160907,0.086515971021358926,-0.086655597361518469,0.010384709049366262,0.35152676464417792,-0.010925761117484504,0.057461999999999999,0.0052750000000000002,0.205873,-3.1408072554263957,1.3066756510905948,-3.0511496917514473,0.057438401893766797,0.0052738848231569831,0.20578756318509733,-0.25997595480748137,-0.089543830704214816,0.96145431784601865,-0.023568749708289288,0.99598286212624754,0.086386644731677079,-0.96532741438287473,-0.00020182572653440606,-0.26104203168694817,8.8642899196141831e-05,2.846199803602478e-05
4.1450610160827637,1790954067.4463511,0.00058507919311523438,0.085905105783160907,0.086515971021358926,-0.086655597361518469,0.010384709049366262,0.35152676464417792,-0.010925761117484504,0.057461999999999999,0.0052750000000000002,0.205873,-3.1408072554263957,1.3066756510905948,-3.0511496917514473,0.057438401893766797,0.0052738848231569831,0.20578756318509733,-0.25997595480748137,-0.089543830704214816,0.96145431784601865,-0.023568749708289288,0.99598286212624754,0.086386644731677079,-0.96532741438287473,-0.00020182572653440606,-0.26104203168694817,8.8642899196141831e-05,2.846199803602478e-05
4.1501638889312744,1790954067.4514539,0.00064802169799804688,0.085905105783160907,0.086515971021358926,-0.086655597361518469,0.010384709049366262,0.35152676464417792,-0.010925761117484504,0.057461999999999999,0.0052750000000000002,0.205873,-3.1408072554263957,1.3066756510905948,-3.0511496917514473,0.057438401893766797,0.0052738848231569831,0.20578756318509733,-0.25997595480748137,-0.089543830704214816,0.96145431784601865,-0.023568749708289288,0.99598286212624754,0.086386644731677079,-0.96532741438287473,-0.00020182572653440606,-0.26104203168694817,8.8642899196141831e-05,2.846199803602478e-05
4.155142068862915,1790954067.4564321,0.00066113471984863281,0.085905105783160907,0.086515971021358926,-0.086655597361518469,0.010384709049366262,0.35152676464417792,-0.010925761117484504,0.057461999999999999,0.0052750000000000002,0.205873,-3.1408072554263957,1.3066756510905948,-3.0511496917514473,0.057438401893766797,0.0052738848231569831,0.20578756318509733,-0.25997595480748137,-0.089543830704214816,0.96145431784601865,-0.023568749708289288,0.99598286212624754,0.086386644731677079,-0.96532741438287473,-0.00020182572653440606,-0.26104203168694817,8.8642899196141831e-05,2.846199803602478e-05
4.1601169109344482,1790954067.4614069,0.00065684318542480469,0.085905105783160907,0.086515971021358926,-0.086655597361518469,0.010384709049366262,0.35152676464417792,-0.010925761117484504,0.057461999999999999,0.0052750000000000002,0.205873,-3.1408072554263957,1.3066756510905948,-3.0511496917514473,0.057438401893766797,0.0052738848231569831,0.20578756318509733,-0.25997595480748137,-0.089543830704214816,0.96145431784601865,-0.023568749708289288,0.99598286212624754,0.086386644731677079,-0.96532741438287473,-0.00020182572653440606,-0.26104203168694817,8.8642899196141831e-05,2.846199803602478e-05
4.1650619506835938,1790954067.466352,0.00056886672973632812,0.085905105783160907,0.086515971021358926,-0.086655597361518469,0.010384709049366262,0.35152676464417792,-0.010925761117484504,0.057461999999999999,0.0052750000000000002,0.205873,-3.1408072554263957,1.3066756510905948,-3.0511496917514473,0.057438401893766797,0.0052738848231569831,0.20578756318509733,-0.25997595480748137,-0.089543830704214816,0.96145431784601865,-0.023568749708289288,0.99598286212624754,0.086386644731677079,-0.96532741438287473,-0.00020182572653440606,-0.26104203168694817,8.8642899196141831e-05,2.846199803602478e-05
4.1701569557189941,1790954067.471447,0.00066089630126953125,0.085905105783160907,0.086515971021358926,-0.086655597361518469,0.010384709049366262,0.35152676464417792,-0.010925761117484504,0.057461999999999999,0.0052750000000000002,0.205873,-3.1408072554263957,1.3066756510905948,-3.0511496917514473,0.057438401893766797,0.0052738848231569831,0.20578756318509733,-0.25997595480748137,-0.089543830704214816,0.96145431784601865,-0.023568749708289288,0.99598286212624754,0.086386644731677079,-0.96532741438287473,-0.00020182572653440606,-0.26104203168694817,8.8642899196141831e-05,2.846199803602478e-05
4.1751608848571777,1790954067.4764509,0.00066685676574707031,0.085905105783160907,0.086515971021358926,-0.086655597361518469,0.010384709049366262,0.35152676464417792,-0.010925761117484504,0.057461999999999999,0.0052750000000000002,0.205873,-3.1408072554263957,1.3066756510905948,-3.0511496917514473,0.057438401893766797,0.0052738848231569831,0.20578756318509733,-0.25997595480748137,-0.089543830704214816,0.96145431784601865,-0.023568749708289288,0.99598286212624754,0.086386644731677079,-0.96532741438287473,-0.00020182572653440606,-0.26104203168694817,8.8642899196141831e-05,2.846199803602478e-05
4.1801588535308838,1790954067.4814489,0.00058388710021972656,0.085905105783160907,0.086515971021358926,-0.086655597361518469,0.010384709049366262,0.35152676464417792,-0.010925761117484504,0.057461999999999999,0.0052750000000000002,0.205873,-3.1408072554263957,1.3066756510905948,-3.0511496917514473,0.057438401893766797,0.0052738848231569831,0.20578756318509733,-0.25997595480748137,-0.089543830704214816,0.96145431784601865,-0.023568749708289288,0.99598286212624754,0.086386644731677079,-0.96532741438287473,-0.00020182572653440606,-0.26104203168694817,8.8642899196141831e-05,2.846199803602478e-05
4.1850550174713135,1790954067.4863451,0.00052094459533691406,0.085905105783160907,0.086515971021358926,-0.086655597361518469,0.010384709049366262,0.35152676464417792,-0.010925761117484504,0.057461999999999999,0.0052750000000000002,0.205873,-3.1408072554263957,1.3066756510905948,-3.0511496917514473,0.057438401893766797,0.0052738848231569831,0.20578756318509733,-0.25997595480748137,-0.089543830704214816,0.96145431784601865,-0.023568749708289288,0.99598286212624754,0.086386644731677079,-0.96532741438287473,-0.00020182572653440606,-0.26104203168694817,8.8642899196141831e-05,2.846199803602478e-05
4.1901519298553467,1790954067.491442,0.00066399574279785156,0.085905105783160907,0.086515971021358926,-0.086655597361518469,0.010384709049366262,0.35152676464417792,-0.010925761117484504,0.057461999999999999,0.0052750000000000002,0.205873,-3.1408072554263957,1.3066756510905948,-3.0511496917514473,0.057438401893766797,0.0052738848231569831,0.20578756318509733,-0.25997595480748137,-0.089543830704214816,0.96145431784601865,-0.023568749708289288,0.99598286212624754,0.086386644731677079,-0.96532741438287473,-0.00020182572653440606,-0.26104203168694817,8.8642899196141831e-05,2.846199803602478e-05
4.1951260566711426,1790954067.4964161,0.00064301490783691406,0.085905105783160907,0.086515971021358926,-0.086655597361518469,0.010384709049366262,0.35152676464417792,-0.010925761117484504,0.057461999999999999,0.0052750000000000002,0.205873,-3.1408072554263957,1.3066756510905948,-3.0511496917514473,0.057438401893766797,0.0052738848231569831,0.20578756318509733,-0.25997595480748137,-0.089543830704214816,0.96145431784601865,-0.023568749708289288,0.99598286212624754,0.086386644731677079,-0.96532741438287473,-0.00020182572653440606,-0.26104203168694817,8.8642899196141831e-05,2.846199803602478e-05
4.2001068592071533,1790954067.5013969,0.0005970001220703125,0.085905105783160907,0.086515971021358926,-0.086655597361518469,0.010384709049366262,0.35152676464417792,-0.010925761117484504,0.057461999999999999,0.0052750000000000002,0.205873,-3.1408072554263957,1.3066756510905948,-3.0511496917514473,0.057438401893766797,0.0052738848231569831,0.20578756318509733,-0.25997595480748137,-0.089543830704214816,0.96145431784601865,-0.023568749708289288,0.99598286212624754,0.086386644731677079,-0.96532741438287473,-0.00020182572653440606,-0.26104203168694817,8.8642899196141831e-05,2.846199803602478e-05
4.2051150798797607,1790954067.5064051,0.0005340576171875,0.085905105783160907,0.086515971021358926,-0.086655597361518469,0.010384709049366262,0.35152676464417792,-0.010925761117484504,0.057461999999999999,0.0052750000000000002,0.205873,-3.1408072554263957,1.3066756510905948,-3.0511496917514473,0.057438401893766797,0.0052738848231569831,0.20578756318509733,-0.25997595480748137,-0.089543830704214816,0.96145431784601865,-0.023568749708289288,0.99598286212624754,0.086386644731677079,-0.96532741438287473,-0.00020182572653440606,-0.26104203168694817,8.8642899196141831e-05,2.846199803602478e-05
4.2100830078125,1790954067.511373,0.00062799453735351562,0.085905105783160907,0.086515971021358926,-0.086655597361518469,0.010384709049366262,0.35152676464417792,-0.010925761117484504,0.057461999999999999,0.0052750000000000002,0.205873,-3.1408072554263957,1.3066756510905948,-3.0511496917514473,0.057438401893766797,0.0052738848231569831,0.20578756318509733,-0.25997595480748137,-0.089543830704214816,0.96145431784601865,-0.023568749708289288,0.99598286212624754,0.086386644731677079,-0.96532741438287473,-0.00020182572653440606,-0.26104203168694817,8.8642899196141831e-05,2.846199803602478e-05
4.2150590419769287,1790954067.5163491,0.000514984130859375,0.085905105783160907,0.086515971021358926,-0.086655597361518469,0.010384709049366262,0.35152676464417792,-0.010925761117484504,0.057461999999999999,0.0052750000000000002,0.205873,-3.1408072554263957,1.3066756510905948,-3.0511496917514473,0.057438401893766797,0.0052738848231569831,0.20578756318509733,-0.25997595480748137,-0.089543830704214816,0.96145431784601865,-0.023568749708289288,0.99598286212624754,0.086386644731677079,-0.96532741438287473,-0.00020182572653440606,-0.26104203168694817,8.8642899196141831e-05,2.846199803602478e-05
4.2200539112091064,1790954067.5213439,0.00057387351989746094,0.085905105783160907,0.086515971021358926,-0.086655597361518469,0.010384709049366262,0.35152676464417792,-0.010925761117484504,0.057461999999999999,0.0052750000000000002,0.205873,-3.1408072554263957,1.3066756510905948,-3.0511496917514473,0.057438401893766797,0.0052738848231569831,0.20578756318509733,-0.25997595480748137,-0.089543830704214816,0.96145431784601865,-0.023568749708289288,0.99598286212624754,0.086386644731677079,-0.96532741438287473,-0.00020182572653440606,-0.26104203168694817,8.8642899196141831e-05,2.846199803602478e-05
4.2250518798828125,1790954067.5263419,0.00042700767517089844,0.085905105783160907,0.086515971021358926,-0.086655597361518469,0.010384709049366262,0.35152676464417792,-0.010925761117484504,0.057461999999999999,0.0052750000000000002,0.205873,-3.1408072554263957,1.3066756510905948,-3.0511496917514473,0.057438401893766797,0.0052738848231569831,0.20578756318509733,-0.25997595480748137,-0.089543830704214816,0.96145431784601865,-0.023568749708289288,0.99598286212624754,0.086386644731677079,-0.96532741438287473,-0.00020182572653440606,-0.26104203168694817,8.8642899196141831e-05,2.846199803602478e-05
4.2300548553466797,1790954067.5313449,0.00060200691223144531,0.085905105783160907,0.086515971021358926,-0.086655597361518469,0.010384709049366262,0.35152676464417792,-0.010925761117484504,0.057461999999999999,0.0052750000000000002,0.205873,-3.1408072554263957,1.3066756510905948,-3.0511496917514473,0.057438401893766797,0.0052738848231569831,0.20578756318509733,-0.25997595480748137,-0.089543830704214816,0.96145431784601865,-0.023568749708289288,0.99598286212624754,0.086386644731677079,-0.96532741438287473,-0.00020182572653440606,-0.26104203168694817,8.8642899196141831e-05,2.846199803602478e-05
4.2351529598236084,1790954067.536443,0.00063800811767578125,0.085905105783160907,0.086515971021358926,-0.086655597361518469,0.010384709049366262,0.35152676464417792,-0.010925761117484504,0.057461999999999999,0.0052750000000000002,0.205873,-3.1408072554263957,1.3066756510905948,-3.0511496917514473,0.057438401893766797,0.0052738848231569831,0.20578756318509733,-0.25997595480748137,-0.089543830704214816,0.96145431784601865,-0.023568749708289288,0.99598286212624754,0.086386644731677079,-0.96532741438287473,-0.00020182572653440606,-0.26104203168694817,8.8642899196141831e-05,2.846199803602478e-05
4.2400548458099365,1790954067.5413449,0.0006008148193359375,0.085905105783160907,0.086515971021358926,-0.086655597361518469,0.010384709049366262,0.35152676464417792,-0.010925761117484504,0.057461999999999999,0.0052750000000000002,0.205873,-3.1408072554263957,1.3066756510905948,-3.0511496917514473,0.057438401893766797,0.0052738848231569831,0.20578756318509733,-0.25997595480748137,-0.089543830704214816,0.96145431784601865,-0.023568749708289288,0.99598286212624754,0.086386644731677079,-0.96532741438287473,-0.00020182572653440606,-0.26104203168694817,8.8642899196141831e-05,2.846199803602478e-05
4.2450559139251709,1790954067.5463459,0.0005779266357421875,0.085905105783160907,0.086515971021358926,-0.086655597361518469,0.010384709049366262,0.35152676464417792,-0.010925761117484504,0.057461999999999999,0.0052750000000000002,0.205873,-3.1408072554263957,1.3066756510905948,-3.0511496917514473,0.057438401893766797,0.0052738848231569831,0.20578756318509733,-0.25997595480748137,-0.089543830704214816,0.96145431784601865,-0.023568749708289288,0.99598286212624754,0.086386644731677079,-0.96532741438287473,-0.00020182572653440606,-0.26104203168694817,8.8642899196141831e-05,2.846199803602478e-05
4.2500550746917725,1790954067.5513451,0.00059914588928222656,0.085905105783160907,0.086515971021358926,-0.086655597361518469,0.010384709049366262,0.35152676464417792,-0.010925761117484504,0.057461999999999999,0.0052750000000000002,0.205873,-3.1408072554263957,1.3066756510905948,-3.0511496917514473,0.057438401893766797,0.0052738848231569831,0.20578756318509733,-0.25997595480748137,-0.089543830704214816,0.96145431784601865,-0.023568749708289288,0.99598286212624754,0.086386644731677079,-0.96532741438287473,-0.00020182572653440606,-0.26104203168694817,8.8642899196141831e-05,2.846199803602478e-05
4.2550740242004395,1790954067.5563641,0.00052404403686523438,0.085905105783160907,0.086515971021358926,-0.086655597361518469,0.010384709049366262,0.35152676464417792,-0.010925761117484504,0.057461999999999999,0.0052750000000000002,0.205873,-3.1408072554263957,1.3066756510905948,-3.0511496917514473,0.057438401893766797,0.0052738848231569831,0.20578756318509733,-0.25997595480748137,-0.089543830704214816,0.96145431784601865,-0.023568749708289288,0.99598286212624754,0.086386644731677079,-0.96532741438287473,-0.00020182572653440606,-0.26104203168694817,8.8642899196141831e-05,2.846199803602478e-05
4.2600588798522949,1790954067.5613489,0.00059080123901367188,0.085905105783160907,0.086515971021358926,-0.086655597361518469,0.010384709049366262,0.35152676464417792,-0.010925761117484504,0.057461999999999999,0.0052750000000000002,0.205873,-3.1408072554263957,1.3066756510905948,-3.0511496917514473,0.057438401893766797,0.0052738848231569831,0.20578756318509733,-0.25997595480748137,-0.089543830704214816,0.96145431784601865,-0.023568749708289288,0.99598286212624754,0.086386644731677079,-0.96532741438287473,-0.00020182572653440606,-0.26104203168694817,8.8642899196141831e-05,2.846199803602478e-05
4.2650790214538574,1790954067.5663691,0.00059604644775390625,0.085905105783160907,0.086515971021358926,-0.086655597361518469,0.010384709049366262,0.35152676464417792,-0.010925761117484504,0.057461999999999999,0.0052750000000000002,0.205873,-3.1408072554263957,1.3066756510905948,-3.0511496917514473,0.057438401893766797,0.0052738848231569831,0.20578756318509733,-0.25997595480748137,-0.089543830704214816,0.96145431784601865,-0.023568749708289288,0.99598286212624754,0.086386644731677079,-0.96532741438287473,-0.00020182572653440606,-0.26104203168694817,8.8642899196141831e-05,2.846199803602478e-05
4.2700529098510742,1790954067.5713429,0.00059986114501953125,0.085905105783160907,0.086515971021358926,-0.086655597361518469,0.010384709049366262,0.35152676464417792,-0.010925761117484504,0.057461999999999999,0.0052750000000000002,0.205873,-3.1408072554263957,1.3066756510905948,-3.0511496917514473,0.057438401893766797,0.0052738848231569831,0.20578756318509733,-0.25997595480748137,-0.089543830704214816,0.96145431784601865,-0.023568749708289288,0.99598286212624754,0.086386644731677079,-0.96532741438287473,-0.00020182572653440606,-0.26104203168694817,8.8642899196141831e-05,2.846199803602478e-05
4.2750790119171143,1790954067.576369,0.00062608718872070312,0.085905105783160907,0.086515971021358926,-0.086655597361518469,0.010384709049366262,0.35152676464417792,-0.010925761117484504,0.057461999999999999,0.0052750000000000002,0.205873,-3.1408072554263957,1.3066756510905948,-3.0511496917514473,0.057438401893766797,0.0052738848231569831,0.20578756318509733,-0.25997595480748137,-0.089543830704214816,0.96145431784601865,-0.023568749708289288,0.99598286212624754,0.086386644731677079,-0.96532741438287473,-0.00020182572653440606,-0.26104203168694817,8.8642899196141831e-05,2.846199803602478e-05
4.2800519466400146,1790954067.581342,0.00060009956359863281,0.085905105783160907,0.086515971021358926,-0.086655597361518469,0.010384709049366262,0.35152676464417792,-0.010925761117484504,0.057461999999999999,0.0052750000000000002,0.205873,-3.1408072554263957,1.3066756510905948,-3.0511496917514473,0.057438401893766797,0.0052738848231569831,0.20578756318509733,-0.25997595480748137,-0.089543830704214816,0.96145431784601865,-0.023568749708289288,0.99598286212624754,0.086386644731677079,-0.96532741438287473,-0.00020182572653440606,-0.26104203168694817,8.8642899196141831e-05,2.846199803602478e-05
4.2850520610809326,1790954067.5863421,0.00060009956359863281,0.085905105783160907,0.086515971021358926,-0.086655597361518469,0.010384709049366262,0.35152676464417792,-0.010925761117484504,0.057461999999999999,0.0052750000000000002,0.205873,-3.1408072554263957,1.3066756510905948,-3.0511496917514473,0.057438401893766797,0.0052738848231569831,0.20578756318509733,-0.25997595480748137,-0.089543830704214816,0.96145431784601865,-0.023568749708289288,0.99598286212624754,0.086386644731677079,-0.96532741438287473,-0.00020182572653440606,-0.26104203168694817,8.8642899196141831e-05,2.846199803602478e-05
4.2900540828704834,1790954067.5913441,0.00060105323791503906,0.085905105783160907,0.086515971021358926,-0.086655597361518469,0.010384709049366262,0.35152676464417792,-0.010925761117484504,0.057461999999999999,0.0052750000000000002,0.205873,-3.1408072554263957,1.3066756510905948,-3.0511496917514473,0.057438401893766797,0.0052738848231569831,0.20578756318509733,-0.25997595480748137,-0.089543830704214816,0.96145431784601865,-0.023568749708289288,0.99598286212624754,0.086386644731677079,-0.96532741438287473,-0.00020182572653440606,-0.26104203168694817,8.8642899196141831e-05,2.846199803602478e-05
4.2950530052185059,1790954067.596343,0.0005741119384765625,0.085905105783160907,0.086515971021358926,-0.086655597361518469,0.010384709049366262,0.35152676464417792,-0.010925761117484504,0.057461999999999999,0.0052750000000000002,0.205873,-3.1408072554263957,1.3066756510905948,-3.0511496917514473,0.057438401893766797,0.0052738848231569831,0.20578756318509733,-0.25997595480748137,-0.089543830704214816,0.96145431784601865,-0.023568749708289288,0.99598286212624754,0.086386644731677079,-0.96532741438287473,-0.00020182572653440606,-0.26104203168694817,8.8642899196141831e-05,2.846199803602478e-05
4.3000540733337402,1790954067.6013441,0.00060009956359863281,0.085905105783160907,0.086515971021358926,-0.086655597361518469,0.010384709049366262,0.35152676464417792,-0.010925761117484504,0.057461999999999999,0.0052750000000000002,0.205873,-3.1408072554263957,1.3066756510905948,-3.0511496917514473,0.057438401893766797,0.0052738848231569831,0.20578756318509733,-0.25997595480748137,-0.089543830704214816,0.96145431784601865,-0.023568749708289288,0.99598286212624754,0.086386644731677079,-0.96532741438287473,-0.00020182572653440606,-0.26104203168694817,8.8642899196141831e-05,2.846199803602478e-05
4.3050539493560791,1790954067.606344,0.00057506561279296875,0.085905105783160907,0.086515971021358926,-0.086655597361518469,0.010384709049366262,0.35152676464417792,-0.010925761117484504,0.057461999999999999,0.0052750000000000002,0.205873,-3.1408072554263957,1.3066756510905948,-3.0511496917514473,0.057438401893766797,0.0052738848231569831,0.20578756318509733,-0.25997595480748137,-0.089543830704214816,0.96145431784601865,-0.023568749708289288,0.99598286212624754,0.086386644731677079,-0.96532741438287473,-0.00020182572653440606,-0.26104203168694817,8.8642899196141831e-05,2.846199803602478e-05
4.3100540637969971,1790954067.6113441,0.00060105323791503906,0.085905105783160907,0.086515971021358926,-0.086655597361518469,0.010384709049366262,0.35152676464417792,-0.010925761117484504,0.057461999999999999,0.0052750000000000002,0.205873,-3.1408072554263957,1.3066756510905948,-3.0511496917514473,0.057438401893766797,0.0052738848231569831,0.20578756318509733,-0.25997595480748137,-0.089543830704214816,0.96145431784601865,-0.023568749708289288,0.99598286212624754,0.086386644731677079,-0.96532741438287473,-0.00020182572653440606,-0.26104203168694817,8.8642899196141831e-05,2.846199803602478e-05
4.3150548934936523,1790954067.6163449,0.00057387351989746094,0.085905105783160907,0.086515971021358926,-0.086655597361518469,0.010384709049366262,0.35152676464417792,-0.010925761117484504,0.057461999999999999,0.0052750000000000002,0.205873,-3.1408072554263957,1.3066756510905948,-3.0511496917514473,0.057438401893766797,0.0052738848231569831,0.20578756318509733,-0.25997595480748137,-0.089543830704214816,0.96145431784601865,-0.023568749708289288,0.99598286212624754,0.086386644731677079,-0.96532741438287473,-0.00020182572653440606,-0.26104203168694817,8.8642899196141831e-05,2.846199803602478e-05
4.3200578689575195,1790954067.6213479,0.00060200691223144531,0.085905105783160907,0.086515971021358926,-0.086655597361518469,0.010384709049366262,0.35152676464417792,-0.010925761117484504,0.057461999999999999,0.0052750000000000002,0.205873,-3.1408072554263957,1.3066756510905948,-3.0511496917514473,0.057438401893766797,0.0052738848231569831,0.20578756318509733,-0.25997595480748137,-0.089543830704214816,0.96145431784601865,-0.023568749708289288,0.99598286212624754,0.086386644731677079,-0.96532741438287473,-0.00020182572653440606,-0.26104203168694817,8.8642899196141831e-05,2.846199803602478e-05
4.3250539302825928,1790954067.626344,0.00057387351989746094,0.085905105783160907,0.086515971021358926,-0.086655597361518469,0.010384709049366262,0.35152676464417792,-0.010925761117484504,0.057461999999999999,0.0052750000000000002,0.205873,-3.1408072554263957,1.3066756510905948,-3.0511496917514473,0.057438401893766797,0.0052738848231569831,0.20578756318509733,-0.25997595480748137,-0.089543830704214816,0.96145431784601865,-0.023568749708289288,0.99598286212624754,0.086386644731677079,-0.96532741438287473,-0.00020182572653440606,-0.26104203168694817,8.8642899196141831e-05,2.846199803602478e-05
4.33005690574646,1790954067.6313469,0.00060200691223144531,0.085905105783160907,0.086515971021358926,-0.086655597361518469,0.010384709049366262,0.35152676464417792,-0.010925761117484504,0.057461999999999999,0.0052750000000000002,0.205873,-3.1408072554263957,1.3066756510905948,-3.0511496917514473,0.057438401893766797,0.0052738848231569831,0.20578756318509733,-0.25997595480748137,-0.089543830704214816,0.96145431784601865,-0.023568749708289288,0.99598286212624754,0.086386644731677079,-0.96532741438287473,-0.00020182572653440606,-0.26104203168694817,8.8642899196141831e-05,2.846199803602478e-05
4.3350799083709717,1790954067.6363699,0.00059795379638671875,0.085905105783160907,0.086515971021358926,-0.086655597361518469,0.010384709049366262,0.35152676464417792,-0.010925761117484504,0.057461999999999999,0.0052750000000000002,0.205873,-3.1408072554263957,1.3066756510905948,-3.0511496917514473,0.057438401893766797,0.0052738848231569831,0.20578756318509733,-0.25997595480748137,-0.089543830704214816,0.96145431784601865,-0.023568749708289288,0.99598286212624754,0.086386644731677079,-0.96532741438287473,-0.00020182572653440606,-0.26104203168694817,8.8642899196141831e-05,2.846199803602478e-05
4.340054988861084,1790954067.641345,0.00060200691223144531,0.085905105783160907,0.086515971021358926,-0.086655597361518469,0.010384709049366262,0.35152676464417792,-0.010925761117484504,0.057461999999999999,0.0052750000000000002,0.205873,-3.1408072554263957,1.3066756510905948,-3.0511496917514473,0.057438401893766797,0.0052738848231569831,0.20578756318509733,-0.25997595480748137,-0.089543830704214816,0.96145431784601865,-0.023568749708289288,0.99598286212624754,0.086386644731677079,-0.96532741438287473,-0.00020182572653440606,-0.26104203168694817,8.8642899196141831e-05,2.846199803602478e-05
4.3450849056243896,1790954067.6463749,0.00060606002807617188,0.085905105783160907,0.086515971021358926,-0.086655597361518469,0.010384709049366262,0.35152676464417792,-0.010925761117484504,0.057461999999999999,0.0052750000000000002,0.205873,-3.1408072554263957,1.3066756510905948,-3.0511496917514473,0.057438401893766797,0.0052738848231569831,0.20578756318509733,-0.25997595480748137,-0.089543830704214816,0.96145431784601865,-0.023568749708289288,0.99598286212624754,0.086386644731677079,-0.96532741438287473,-0.00020182572653440606,-0.26104203168694817,8.8642899196141831e-05,2.846199803602478e-05
4.3500540256500244,1790954067.6513441,0.00060009956359863281,0.085905105783160907,0.086515971021358926,-0.086655597361518469,0.010384709049366262,0.35152676464417792,-0.010925761117484504,0.057461999999999999,0.0052750000000000002,0.205873,-3.1408072554263957,1.3066756510905948,-3.0511496917514473,0.057438401893766797,0.0052738848231569831,0.20578756318509733,-0.25997595480748137,-0.089543830704214816,0.96145431784601865,-0.023568749708289288,0.99598286212624754,0.086386644731677079,-0.96532741438287473,-0.00020182572653440606,-0.26104203168694817,8.8642899196141831e-05,2.846199803602478e-05
4.3550539016723633,1790954067.6563439,0.000576019287109375,0.085905105783160907,0.086515971021358926,-0.086655597361518469,0.010384709049366262,0.35152676464417792,-0.010925761117484504,0.057461999999999999,0.0052750000000000002,0.205873,-3.1408072554263957,1.3066756510905948,-3.0511496917514473,0.057438401893766797,0.0052738848231569831,0.20578756318509733,-0.25997595480748137,-0.089543830704214816,0.96145431784601865,-0.023568749708289288,0.99598286212624754,0.086386644731677079,-0.96532741438287473,-0.00020182572653440606,-0.26104203168694817,8.8642899196141831e-05,2.846199803602478e-05
4.3600540161132812,1790954067.6613441,0.00060105323791503906,0.085905105783160907,0.086515971021358926,-0.086655597361518469,0.010384709049366262,0.35152676464417792,-0.010925761117484504,0.057461999999999999,0.0052750000000000002,0.205873,-3.1408072554263957,1.3066756510905948,-3.0511496917514473,0.057438401893766797,0.0052738848231569831,0.20578756318509733,-0.25997595480748137,-0.089543830704214816,0.96145431784601865,-0.023568749708289288,0.99598286212624754,0.086386644731677079,-0.96532741438287473,-0.00020182572653440606,-0.26104203168694817,8.8642899196141831e-05,2.846199803602478e-05
4.3650538921356201,1790954067.6663439,0.00057482719421386719,0.085905105783160907,0.086515971021358926,-0.086655597361518469,0.010384709049366262,0.35152676464417792,-0.010925761117484504,0.057461999999999999,0.0052750000000000002,0.205873,-3.1408072554263957,1.3066756510905948,-3.0511496917514473,0.057438401893766797,0.0052738848231569831,0.20578756318509733,-0.25997595480748137,-0.089543830704214816,0.96145431784601865,-0.023568749708289288,0.99598286212624754,0.086386644731677079,-0.96532741438287473,-0.00020182572653440606,-0.26104203168694817,8.8642899196141831e-05,2.846199803602478e-05
4.3700518608093262,1790954067.6713419,0.00059986114501953125,0.085905105783160907,0.086515971021358926,-0.086655597361518469,0.010384709049366262,0.35152676464417792,-0.010925761117484504,0.057461999999999999,0.0052750000000000002,0.205873,-3.1408072554263957,1.3066756510905948,-3.0511496917514473,0.057438401893766797,0.0052738848231569831,0.20578756318509733,-0.25997595480748137,-0.089543830704214816,0.96145431784601865,-0.023568749708289288,0.99598286212624754,0.086386644731677079,-0.96532741438287473,-0.00020182572653440606,-0.26104203168694817,8.8642899196141831e-05,2.846199803602478e-05
4.3750519752502441,1790954067.676342,0.00057506561279296875,0.085905105783160907,0.086515971021358926,-0.086655597361518469,0.010384709049366262,0.35152676464417792,-0.010925761117484504,0.057461999999999999,0.0052750000000000002,0.205873,-3.1408072554263957,1.3066756510905948,-3.0511496917514473,0.057438401893766797,0.0052738848231569831,0.20578756318509733,-0.25997595480748137,-0.089543830704214816,0.96145431784601865,-0.023568749708289288,0.99598286212624754,0.086386644731677079,-0.96532741438287473,-0.00020182572653440606,-0.26104203168694817,8.8642899196141831e-05,2.846199803602478e-05
4.3800539970397949,1790954067.681344,0.00060009956359863281,0.085905105783160907,0.086515971021358926,-0.086655597361518469,0.010384709049366262,0.35152676464417792,-0.010925761117484504,0.057461999999999999,0.0052750000000000002,0.205873,-3.1408072554263957,1.3066756510905948,-3.0511496917514473,0.057438401893766797,0.0052738848231569831,0.20578756318509733,-0.25997595480748137,-0.089543830704214816,0.96145431784601865,-0.023568749708289288,0.99598286212624754,0.086386644731677079,-0.96532741438287473,-0.00020182572653440606,-0.26104203168694817,8.8642899196141831e-05,2.846199803602478e-05
4.3850538730621338,1790954067.6863439,0.0006008148193359375,0.085905105783160907,0.086515971021358926,-0.086655597361518469,0.010384709049366262,0.35152676464417792,-0.010925761117484504,0.057461999999999999,0.0052750000000000002,0.205873,-3.1408072554263957,1.3066756510905948,-3.0511496917514473,0.057438401893766797,0.0052738848231569831,0.20578756318509733,-0.25997595480748137,-0.089543830704214816,0.96145431784601865,-0.023568749708289288,0.99598286212624754,0.086386644731677079,-0.96532741438287473,-0.00020182572653440606,-0.26104203168694817,8.8642899196141831e-05,2.846199803602478e-05
4.3900530338287354,1790954067.6913431,0.00060009956359863281,0.085905105783160907,0.086515971021358926,-0.086655597361518469,0.010384709049366262,0.35152676464417792,-0.010925761117484504,0.057461999999999999,0.0052750000000000002,0.205873,-3.1408072554263957,1.3066756510905948,-3.0511496917514473,0.057438401893766797,0.0052738848231569831,0.20578756318509733,-0.25997595480748137,-0.089543830704214816,0.96145431784601865,-0.023568749708289288,0.99598286212624754,0.086386644731677079,-0.96532741438287473,-0.00020182572653440606,-0.26104203168694817,8.8642899196141831e-05,2.846199803602478e-05
4.3950560092926025,1790954067.696346,0.0005779266357421875,0.085905105783160907,0.086515971021358926,-0.086655597361518469,0.010384709049366262,0.35152676464417792,-0.010925761117484504,0.057461999999999999,0.0052750000000000002,0.205873,-3.1408072554263957,1.3066756510905948,-3.0511496917514473,0.057438401893766797,0.0052738848231569831,0.20578756318509733,-0.25997595480748137,-0.089543830704214816,0.96145431784601865,-0.023568749708289288,0.99598286212624754,0.086386644731677079,-0.96532741438287473,-0.00020182572653440606,-0.26104203168694817,8.8642899196141831e-05,2.846199803602478e-05
4.4000530242919922,1790954067.7013431,0.00059914588928222656,0.085905105783160907,0.086515971021358926,-0.086655597361518469,0.010384709049366262,0.35152676464417792,-0.010925761117484504,0.057461999999999999,0.0052750000000000002,0.205873,-3.1408072554263957,1.3066756510905948,-3.0511496917514473,0.057438401893766797,0.0052738848231569831,0.20578756318509733,-0.25997595480748137,-0.089543830704214816,0.96145431784601865,-0.023568749708289288,0.99598286212624754,0.086386644731677079,-0.96532741438287473,-0.00020182572653440606,-0.26104203168694817,8.8642899196141831e-05,2.846199803602478e-05
4.4050538539886475,1790954067.7063439,0.00057578086853027344,0.085905105783160907,0.086515971021358926,-0.086655597361518469,0.010384709049366262,0.35152676464417792,-0.010925761117484504,0.057461999999999999,0.0052750000000000002,0.205873,-3.1408072554263957,1.3066756510905948,-3.0511496917514473,0.057438401893766797,0.0052738848231569831,0.20578756318509733,-0.25997595480748137,-0.089543830704214816,0.96145431784601865,-0.023568749708289288,0.99598286212624754,0.086386644731677079,-0.96532741438287473,-0.00020182572653440606,-0.26104203168694817,8.8642899196141831e-05,2.846199803602478e-05
4.4100539684295654,1790954067.711344,0.00060105323791503906,0.085905105783160907,0.086515971021358926,-0.086655597361518469,0.010384709049366262,0.35152676464417792,-0.010925761117484504,0.057461999999999999,0.0052750000000000002,0.205873,-3.1408072554263957,1.3066756510905948,-3.0511496917514473,0.057438401893766797,0.0052738848231569831,0.20578756318509733,-0.25997595480748137,-0.089543830704214816,0.96145431784601865,-0.023568749708289288,0.99598286212624754,0.086386644731677079,-0.96532741438287473,-0.00020182572653440606,-0.26104203168694817,8.8642899196141831e-05,2.846199803602478e-05
4.4150528907775879,1790954067.7163429,0.00057482719421386719,0.085905105783160907,0.086515971021358926,-0.086655597361518469,0.010384709049366262,0.35152676464417792,-0.010925761117484504,0.057461999999999999,0.0052750000000000002,0.205873,-3.1408072554263957,1.3066756510905948,-3.0511496917514473,0.057438401893766797,0.0052738848231569831,0.20578756318509733,-0.25997595480748137,-0.089543830704214816,0.96145431784601865,-0.023568749708289288,0.99598286212624754,0.086386644731677079,-0.96532741438287473,-0.00020182572653440606,-0.26104203168694817,8.8642899196141831e-05,2.846199803602478e-05
4.4200530052185059,1790954067.721343,0.00059914588928222656,0.085905105783160907,0.086515971021358926,-0.086655597361518469,0.010384709049366262,0.35152676464417792,-0.010925761117484504,0.057461999999999999,0.0052750000000000002,0.205873,-3.1408072554263957,1.3066756510905948,-3.0511496917514473,0.057438401893766797,0.0052738848231569831,0.20578756318509733,-0.25997595480748137,-0.089543830704214816,0.96145431784601865,-0.023568749708289288,0.99598286212624754,0.086386644731677079,-0.96532741438287473,-0.00020182572653440606,-0.26104203168694817,8.8642899196141831e-05,2.846199803602478e-05
4.4250528812408447,1790954067.7263429,0.00057482719421386719,0.085905105783160907,0.086515971021358926,-0.086655597361518469,0.010384709049366262,0.35152676464417792,-0.010925761117484504,0.057461999999999999,0.0052750000000000002,0.205873,-3.1408072554263957,1.3066756510905948,-3.0511496917514473,0.057438401893766797,0.0052738848231569831,0.20578756318509733,-0.25997595480748137,-0.089543830704214816,0.96145431784601865,-0.023568749708289288,0.99598286212624754,0.086386644731677079,-0.96532741438287473,-0.00020182572653440606,-0.26104203168694817,8.8642899196141831e-05,2.846199803602478e-05
4.4300520420074463,1790954067.7313421,0.00059914588928222656,0.085905105783160907,0.086515971021358926,-0.086655597361518469,0.010384709049366262,0.35152676464417792,-0.010925761117484504,0.057461999999999999,0.0052750000000000002,0.205873,-3.1408072554263957,1.3066756510905948,-3.0511496917514473,0.057438401893766797,0.0052738848231569831,0.20578756318509733,-0.25997595480748137,-0.089543830704214816,0.96145431784601865,-0.023568749708289288,0.99598286212624754,0.086386644731677079,-0.96532741438287473,-0.00020182572653440606,-0.26104203168694817,8.8642899196141831e-05,2.846199803602478e-05
4.4350838661193848,1790954067.7363739,0.00059485435485839844,0.085905105783160907,0.086515971021358926,-0.086655597361518469,0.010384709049366262,0.35152676464417792,-0.010925761117484504,0.057461999999999999,0.0052750000000000002,0.205873,-3.1408072554263957,1.3066756510905948,-3.0511496917514473,0.057438401893766797,0.0052738848231569831,0.20578756318509733,-0.25997595480748137,-0.089543830704214816,0.96145431784601865,-0.023568749708289288,0.99598286212624754,0.086386644731677079,-0.96532741438287473,-0.00020182572653440606,-0.26104203168694817,8.8642899196141831e-05,2.846199803602478e-05
4.4400529861450195,1790954067.741343,0.0005970001220703125,0.085905105783160907,0.086515971021358926,-0.086655597361518469,0.010384709049366262,0.35152676464417792,-0.010925761117484504,0.057461999999999999,0.0052750000000000002,0.205873,-3.1408072554263957,1.3066756510905948,-3.0511496917514473,0.057438401893766797,0.0052738848231569831,0.20578756318509733,-0.25997595480748137,-0.089543830704214816,0.96145431784601865,-0.023568749708289288,0.99598286212624754,0.086386644731677079,-0.96532741438287473,-0.00020182572653440606,-0.26104203168694817,8.8642899196141831e-05,2.846199803602478e-05
4.4450788497924805,1790954067.7463689,0.00059986114501953125,0.085905105783160907,0.086515971021358926,-0.086655597361518469,0.010384709049366262,0.35152676464417792,-0.010925761117484504,0.057461999999999999,0.0052750000000000002,0.205873,-3.1408072554263957,1.3066756510905948,-3.0511496917514473,0.057438401893766797,0.0052738848231569831,0.20578756318509733,-0.25997595480748137,-0.089543830704214816,0.96145431784601865,-0.023568749708289288,0.99598286212624754,0.086386644731677079,-0.96532741438287473,-0.00020182572653440606,-0.26104203168694817,8.8642899196141831e-05,2.846199803602478e-05
4.4500539302825928,1790954067.751344,0.00051999092102050781,0.085905105783160907,0.086515971021358926,-0.086655597361518469,0.010384709049366262,0.35152676464417792,-0.010925761117484504,0.057461999999999999,0.0052750000000000002,0.205873,-3.1408072554263957,1.3066756510905948,-3.0511496917514473,0.057438401893766797,0.0052738848231569831,0.20578756318509733,-0.25997595480748137,-0.089543830704214816,0.96145431784601865,-0.023568749708289288,0.99598286212624754,0.086386644731677079,-0.96532741438287473,-0.00020182572653440606,-0.26104203168694817,8.8642899196141831e-05,2.846199803602478e-05
4.4550778865814209,1790954067.7563679,0.000598907470703125,0.085905105783160907,0.086515971021358926,-0.086655597361518469,0.010384709049366262,0.35152676464417792,-0.010925761117484504,0.057461999999999999,0.0052750000000000002,0.205873,-3.1408072554263957,1.3066756510905948,-3.0511496917514473,0.057438401893766797,0.0052738848231569831,0.20578756318509733,-0.25997595480748137,-0.089543830704214816,0.96145431784601865,-0.023568749708289288,0.99598286212624754,0.086386644731677079,-0.96532741438287473,-0.00020182572653440606,-0.26104203168694817,8.8642899196141831e-05,2.846199803602478e-05
4.4600529670715332,1790954067.761343,0.00060009956359863281,0.085905105783160907,0.086515971021358926,-0.086655597361518469,0.010384709049366262,0.35152676464417792,-0.010925761117484504,0.057461999999999999,0.0052750000000000002,0.205873,-3.1408072554263957,1.3066756510905948,-3.0511496917514473,0.057438401893766797,0.0052738848231569831,0.20578756318509733,-0.25997595480748137,-0.089543830704214816,0.96145431784601865,-0.023568749708289288,0.99598286212624754,0.086386644731677079,-0.96532741438287473,-0.00020182572653440606,-0.26104203168694817,8.8642899196141831e-05,2.846199803602478e-05
4.4650530815124512,1790954067.7663431,0.000576019287109375,0.085905105783160907,0.086515971021358926,-0.086655597361518469,0.010384709049366262,0.35152676464417792,-0.010925761117484504,0.057461999999999999,0.0052750000000000002,0.205873,-3.1408072554263957,1.3066756510905948,-3.0511496917514473,0.057438401893766797,0.0052738848231569831,0.20578756318509733,-0.25997595480748137,-0.089543830704214816,0.96145431784601865,-0.023568749708289288,0.99598286212624754,0.086386644731677079,-0.96532741438287473,-0.00020182572653440606,-0.26104203168694817,8.8642899196141831e-05,2.846199803602478e-05
4.47005295753479,1790954067.771343,0.00059795379638671875,0.085905105783160907,0.086515971021358926,-0.086655597361518469,0.010384709049366262,0.35152676464417792,-0.010925761117484504,0.057461999999999999,0.0052750000000000002,0.205873,-3.1408072554263957,1.3066756510905948,-3.0511496917514473,0.057438401893766797,0.0052738848231569831,0.20578756318509733,-0.25997595480748137,-0.089543830704214816,0.96145431784601865,-0.023568749708289288,0.99598286212624754,0.086386644731677079,-0.96532741438287473,-0.00020182572653440606,-0.26104203168694817,8.8642899196141831e-05,2.846199803602478e-05
4.4750540256500244,1790954067.7763441,0.00057506561279296875,0.085905105783160907,0.086515971021358926,-0.086655597361518469,0.010384709049366262,0.35152676464417792,-0.010925761117484504,0.057461999999999999,0.0052750000000000002,0.205873,-3.1408072554263957,1.3066756510905948,-3.0511496917514473,0.057438401893766797,0.0052738848231569831,0.20578756318509733,-0.25997595480748137,-0.089543830704214816,0.96145431784601865,-0.023568749708289288,0.99598286212624754,0.086386644731677079,-0.96532741438287473,-0.00020182572653440606,-0.26104203168694817,8.8642899196141831e-05,2.846199803602478e-05
4.4800529479980469,1790954067.781343,0.00060009956359863281,0.085905105783160907,0.086515971021358926,-0.086655597361518469,0.010384709049366262,0.35152676464417792,-0.010925761117484504,0.057461999999999999,0.0052750000000000002,0.205873,-3.1408072554263957,1.3066756510905948,-3.0511496917514473,0.057438401893766797,0.0052738848231569831,0.20578756318509733,-0.25997595480748137,-0.089543830704214816,0.96145431784601865,-0.023568749708289288,0.99598286212624754,0.086386644731677079,-0.96532741438287473,-0.00020182572653440606,-0.26104203168694817,8.8642899196141831e-05,2.846199803602478e-05
4.4850749969482422,1790954067.786365,0.00062394142150878906,0.085905105783160907,0.086515971021358926,-0.086655597361518469,0.010384709049366262,0.35152676464417792,-0.010925761117484504,0.057461999999999999,0.0052750000000000002,0.205873,-3.1408072554263957,1.3066756510905948,-3.0511496917514473,0.057438401893766797,0.0052738848231569831,0.20578756318509733,-0.25997595480748137,-0.089543830704214816,0.96145431784601865,-0.023568749708289288,0.99598286212624754,0.086386644731677079,-0.96532741438287473,-0.00020182572653440606,-0.26104203168694817,8.8642899196141831e-05,2.846199803602478e-05
4.4900519847869873,1790954067.791342,0.000598907470703125,0.085905105783160907,0.086515971021358926,-0.086655597361518469,0.010384709049366262,0.35152676464417792,-0.010925761117484504,0.057461999999999999,0.0052750000000000002,0.205873,-3.1408072554263957,1.3066756510905948,-3.0511496917514473,0.057438401893766797,0.0052738848231569831,0.20578756318509733,-0.25997595480748137,-0.089543830704214816,0.96145431784601865,-0.023568749708289288,0.99598286212624754,0.086386644731677079,-0.96532741438287473,-0.00020182572653440606,-0.26104203168694817,8.8642899196141831e-05,2.846199803602478e-05
4.4950778484344482,1790954067.7963679,0.000598907470703125,0.085905105783160907,0.086515971021358926,-0.086655597361518469,0.010384709049366262,0.35152676464417792,-0.010925761117484504,0.057461999999999999,0.0052750000000000002,0.205873,-3.1408072554263957,1.3066756510905948,-3.0511496917514473,0.057438401893766797,0.0052738848231569831,0.20578756318509733,-0.25997595480748137,-0.089543830704214816,0.96145431784601865,-0.023568749708289288,0.99598286212624754,0.086386644731677079,-0.96532741438287473,-0.00020182572653440606,-0.26104203168694817,8.8642899196141831e-05,2.846199803602478e-05
4.500053882598877,1790954067.8013439,0.00059986114501953125,0.085905105783160907,0.086515971021358926,-0.086655597361518469,0.010384709049366262,0.35152676464417792,-0.010925761117484504,0.057461999999999999,0.0052750000000000002,0.205873,-3.1408072554263957,1.3066756510905948,-3.0511496917514473,0.057438401893766797,0.0052738848231569831,0.20578756318509733,-0.25997595480748137,-0.089543830704214816,0.96145431784601865,-0.023568749708289288,0.99598286212624754,0.086386644731677079,-0.96532741438287473,-0.00020182572653440606,-0.26104203168694817,8.8642899196141831e-05,2.846199803602478e-05
4.5050539970397949,1790954067.806344,0.000576019287109375,0.085905105783160907,0.086515971021358926,-0.086655597361518469,0.010384709049366262,0.35152676464417792,-0.010925761117484504,0.057461999999999999,0.0052750000000000002,0.205873,-3.1408072554263957,1.3066756510905948,-3.0511496917514473,0.057438401893766797,0.0052738848231569831,0.20578756318509733,-0.25997595480748137,-0.089543830704214816,0.96145431784601865,-0.023568749708289288,0.99598286212624754,0.086386644731677079,-0.96532741438287473,-0.00020182572653440606,-0.26104203168694817,8.8642899196141831e-05,2.846199803602478e-05
4.5100328922271729,1790954067.8113229,0.000579833984375,0.085905105783160907,0.086515971021358926,-0.086655597361518469,0.010384709049366262,0.35152676464417792,-0.010925761117484504,0.057461999999999999,0.0052750000000000002,0.205873,-3.1408072554263957,1.3066756510905948,-3.0511496917514473,0.057438401893766797,0.0052738848231569831,0.20578756318509733,-0.25997595480748137,-0.089543830704214816,0.96145431784601865,-0.023568749708289288,0.99598286212624754,0.086386644731677079,-0.96532741438287473,-0.00020182572653440606,-0.26104203168694817,8.8642899196141831e-05,2.846199803602478e-05
4.5150539875030518,1790954067.816344,0.00057506561279296875,0.085905105783160907,0.086515971021358926,-0.086655597361518469,0.010384709049366262,0.35152676464417792,-0.010925761117484504,0.057461999999999999,0.0052750000000000002,0.205873,-3.1408072554263957,1.3066756510905948,-3.0511496917514473,0.057438401893766797,0.0052738848231569831,0.20578756318509733,-0.25997595480748137,-0.089543830704214816,0.96145431784601865,-0.023568749708289288,0.99598286212624754,0.086386644731677079,-0.96532741438287473,-0.00020182572653440606,-0.26104203168694817,8.8642899196141831e-05,2.846199803602478e-05
4.5200529098510742,1790954067.8213429,0.0005970001220703125,0.085905105783160907,0.086515971021358926,-0.086655597361518469,0.010384709049366262,0.35152676464417792,-0.010925761117484504,0.057461999999999999,0.0052750000000000002,0.205873,-3.1408072554263957,1.3066756510905948,-3.0511496917514473,0.057438401893766797,0.0052738848231569831,0.20578756318509733,-0.25997595480748137,-0.089543830704214816,0.96145431784601865,-0.023568749708289288,0.99598286212624754,0.086386644731677079,-0.96532741438287473,-0.00020182572653440606,-0.26104203168694817,8.8642899196141831e-05,2.846199803602478e-05
4.5250799655914307,1790954067.82637,0.00060105323791503906,0.085905105783160907,0.086515971021358926,-0.086655597361518469,0.010384709049366262,0.35152676464417792,-0.010925761117484504,0.057461999999999999,0.0052750000000000002,0.205873,-3.1408072554263957,1.3066756510905948,-3.0511496917514473,0.057438401893766797,0.0052738848231569831,0.20578756318509733,-0.25997595480748137,-0.089543830704214816,0.96145431784601865,-0.023568749708289288,0.99598286212624754,0.086386644731677079,-0.96532741438287473,-0.00020182572653440606,-0.26104203168694817,8.8642899196141831e-05,2.846199803602478e-05
4.5300538539886475,1790954067.8313439,0.00059986114501953125,0.085905105783160907,0.086515971021358926,-0.086655597361518469,0.010384709049366262,0.35152676464417792,-0.010925761117484504,0.057461999999999999,0.0052750000000000002,0.205873,-3.1408072554263957,1.3066756510905948,-3.0511496917514473,0.057438401893766797,0.0052738848231569831,0.20578756318509733,-0.25997595480748137,-0.089543830704214816,0.96145431784601865,-0.023568749708289288,0.99598286212624754,0.086386644731677079,-0.96532741438287473,-0.00020182572653440606,-0.26104203168694817,8.8642899196141831e-05,2.846199803602478e-05
4.5350790023803711,1790954067.836369,0.00060009956359863281,0.085905105783160907,0.086515971021358926,-0.086655597361518469,0.010384709049366262,0.35152676464417792,-0.010925761117484504,0.057461999999999999,0.0052750000000000002,0.205873,-3.1408072554263957,1.3066756510905948,-3.0511496917514473,0.057438401893766797,0.0052738848231569831,0.20578756318509733,-0.25997595480748137,-0.089543830704214816,0.96145431784601865,-0.023568749708289288,0.99598286212624754,0.086386644731677079,-0.96532741438287473,-0.00020182572653440606,-0.26104203168694817,8.8642899196141831e-05,2.846199803602478e-05
4.540057897567749,1790954067.8413479,0.00060391426086425781,0.085905105783160907,0.086515971021358926,-0.086655597361518469,0.010384709049366262,0.35152676464417792,-0.010925761117484504,0.057461999999999999,0.0052750000000000002,0.205873,-3.1408072554263957,1.3066756510905948,-3.0511496917514473,0.057438401893766797,0.0052738848231569831,0.20578756318509733,-0.25997595480748137,-0.089543830704214816,0.96145431784601865,-0.023568749708289288,0.99598286212624754,0.086386644731677079,-0.96532741438287473,-0.00020182572653440606,-0.26104203168694817,8.8642899196141831e-05,2.846199803602478e-05
4.5450530052185059,1790954067.846343,0.00057196617126464844,0.085905105783160907,0.086515971021358926,-0.086655597361518469,0.010384709049366262,0.35152676464417792,-0.010925761117484504,0.057461999999999999,0.0052750000000000002,0.205873,-3.1408072554263957,1.3066756510905948,-3.0511496917514473,0.057438401893766797,0.0052738848231569831,0.20578756318509733,-0.25997595480748137,-0.089543830704214816,0.96145431784601865,-0.023568749708289288,0.99598286212624754,0.086386644731677079,-0.96532741438287473,-0.00020182572653440606,-0.26104203168694817,8.8642899196141831e-05,2.846199803602478e-05
4.5500540733337402,1790954067.8513441,0.00060009956359863281,0.085905105783160907,0.086515971021358926,-0.086655597361518469,0.010384709049366262,0.35152676464417792,-0.010925761117484504,0.057461999999999999,0.0052750000000000002,0.205873,-3.1408072554263957,1.3066756510905948,-3.0511496917514473,0.057438401893766797,0.0052738848231569831,0.20578756318509733,-0.25997595480748137,-0.089543830704214816,0.96145431784601865,-0.023568749708289288,0.99598286212624754,0.086386644731677079,-0.96532741438287473,-0.00020182572653440606,-0.26104203168694817,8.8642899196141831e-05,2.846199803602478e-05
4.5550918579101562,1790954067.8563819,0.00061178207397460938,0.085905105783160907,0.086515971021358926,-0.086655597361518469,0.010384709049366262,0.35152676464417792,-0.010925761117484504,0.057461999999999999,0.0052750000000000002,0.205873,-3.1408072554263957,1.3066756510905948,-3.0511496917514473,0.057438401893766797,0.0052738848231569831,0.20578756318509733,-0.25997595480748137,-0.089543830704214816,0.96145431784601865,-0.023568749708289288,0.99598286212624754,0.086386644731677079,-0.96532741438287473,-0.00020182572653440606,-0.26104203168694817,8.8642899196141831e-05,2.846199803602478e-05
4.5600540637969971,1790954067.8613441,0.00059914588928222656,0.085905105783160907,0.086515971021358926,-0.086655597361518469,0.010384709049366262,0.35152676464417792,-0.010925761117484504,0.057461999999999999,0.0052750000000000002,0.205873,-3.1408072554263957,1.3066756510905948,-3.0511496917514473,0.057438401893766797,0.0052738848231569831,0.20578756318509733,-0.25997595480748137,-0.089543830704214816,0.96145431784601865,-0.023568749708289288,0.99598286212624754,0.086386644731677079,-0.96532741438287473,-0.00020182572653440606,-0.26104203168694817,8.8642899196141831e-05,2.846199803602478e-05
4.5650558471679688,1790954067.8663459,0.00057697296142578125,0.085905105783160907,0.086515971021358926,-0.086655597361518469,0.010384709049366262,0.35152676464417792,-0.010925761117484504,0.057461999999999999,0.0052750000000000002,0.205873,-3.1408072554263957,1.3066756510905948,-3.0511496917514473,0.057438401893766797,0.0052738848231569831,0.20578756318509733,-0.25997595480748137,-0.089543830704214816,0.96145431784601865,-0.023568749708289288,0.99598286212624754,0.086386644731677079,-0.96532741438287473,-0.00020182572653440606,-0.26104203168694817,8.8642899196141831e-05,2.846199803602478e-05
4.5700528621673584,1790954067.8713429,0.00059986114501953125,0.085905105783160907,0.086515971021358926,-0.086655597361518469,0.010384709049366262,0.35152676464417792,-0.010925761117484504,0.057461999999999999,0.0052750000000000002,0.205873,-3.1408072554263957,1.3066756510905948,-3.0511496917514473,0.057438401893766797,0.0052738848231569831,0.20578756318509733,-0.25997595480748137,-0.089543830704214816,0.96145431784601865,-0.023568749708289288,0.99598286212624754,0.086386644731677079,-0.96532741438287473,-0.00020182572653440606,-0.26104203168694817,8.8642899196141831e-05,2.846199803602478e-05
4.5750529766082764,1790954067.876343,0.00057196617126464844,0.085905105783160907,0.086515971021358926,-0.086655597361518469,0.010384709049366262,0.35152676464417792,-0.010925761117484504,0.057461999999999999,0.0052750000000000002,0.205873,-3.1408072554263957,1.3066756510905948,-3.0511496917514473,0.057438401893766797,0.0052738848231569831,0.20578756318509733,-0.25997595480748137,-0.089543830704214816,0.96145431784601865,-0.023568749708289288,0.99598286212624754,0.086386644731677079,-0.96532741438287473,-0.00020182572653440606,-0.26104203168694817,8.8642899196141831e-05,2.846199803602478e-05
4.5800528526306152,1790954067.8813429,0.000598907470703125,0.085905105783160907,0.086515971021358926,-0.086655597361518469,0.010384709049366262,0.35152676464417792,-0.010925761117484504,0.057461999999999999,0.0052750000000000002,0.205873,-3.1408072554263957,1.3066756510905948,-3.0511496917514473,0.057438401893766797,0.0052738848231569831,0.20578756318509733,-0.25997595480748137,-0.089543830704214816,0.96145431784601865,-0.023568749708289288,0.99598286212624754,0.086386644731677079,-0.96532741438287473,-0.00020182572653440606,-0.26104203168694817,8.8642899196141831e-05,2.846199803602478e-05
4.5850520133972168,1790954067.886342,0.00057506561279296875,0.085905105783160907,0.086515971021358926,-0.086655597361518469,0.010384709049366262,0.35152676464417792,-0.010925761117484504,0.057461999999999999,0.0052750000000000002,0.205873,-3.1408072554263957,1.3066756510905948,-3.0511496917514473,0.057438401893766797,0.0052738848231569831,0.20578756318509733,-0.25997595480748137,-0.089543830704214816,0.96145431784601865,-0.023568749708289288,0.99598286212624754,0.086386644731677079,-0.96532741438287473,-0.00020182572653440606,-0.26104203168694817,8.8642899196141831e-05,2.846199803602478e-05
4.5900518894195557,1790954067.8913419,0.0005970001220703125,0.085905105783160907,0.086515971021358926,-0.086655597361518469,0.010384709049366262,0.35152676464417792,-0.010925761117484504,0.057461999999999999,0.0052750000000000002,0.205873,-3.1408072554263957,1.3066756510905948,-3.0511496917514473,0.057438401893766797,0.0052738848231569831,0.20578756318509733,-0.25997595480748137,-0.089543830704214816,0.96145431784601865,-0.023568749708289288,0.99598286212624754,0.086386644731677079,-0.96532741438287473,-0.00020182572653440606,-0.26104203168694817,8.8642899196141831e-05,2.846199803602478e-05
4.5950648784637451,1790954067.8963549,0.00058603286743164062,0.085905105783160907,0.086515971021358926,-0.086655597361518469,0.010384709049366262,0.35152676464417792,-0.010925761117484504,0.057461999999999999,0.0052750000000000002,0.205873,-3.1408072554263957,1.3066756510905948,-3.0511496917514473,0.057438401893766797,0.0052738848231569831,0.20578756318509733,-0.25997595480748137,-0.089543830704214816,0.96145431784601865,-0.023568749708289288,0.99598286212624754,0.086386644731677079,-0.96532741438287473,-0.00020182572653440606,-0.26104203168694817,8.8642899196141831e-05,2.846199803602478e-05
4.6000540256500244,1790954067.9013441,0.00060200691223144531,0.085905105783160907,0.086515971021358926,-0.086655597361518469,0.010384709049366262,0.35152676464417792,-0.010925761117484504,0.057461999999999999,0.0052750000000000002,0.205873,-3.1408072554263957,1.3066756510905948,-3.0511496917514473,0.057438401893766797,0.0052738848231569831,0.20578756318509733,-0.25997595480748137,-0.089543830704214816,0.96145431784601865,-0.023568749708289288,0.99598286212624754,0.086386644731677079,-0.96532741438287473,-0.00020182572653440606,-0.26104203168694817,8.8642899196141831e-05,2.846199803602478e-05
4.6050789356231689,1790954067.906369,0.00060105323791503906,0.085905105783160907,0.086515971021358926,-0.086655597361518469,0.010384709049366262,0.35152676464417792,-0.010925761117484504,0.057461999999999999,0.0052750000000000002,0.205873,-3.1408072554263957,1.3066756510905948,-3.0511496917514473,0.057438401893766797,0.0052738848231569831,0.20578756318509733,-0.25997595480748137,-0.089543830704214816,0.96145431784601865,-0.023568749708289288,0.99598286212624754,0.086386644731677079,-0.96532741438287473,-0.00020182572653440606,-0.26104203168694817,8.8642899196141831e-05,2.846199803602478e-05
4.610058069229126,1790954067.9113481,0.00060319900512695312,0.085905105783160907,0.086515971021358926,-0.086655597361518469,0.010384709049366262,0.35152676464417792,-0.010925761117484504,0.057461999999999999,0.0052750000000000002,0.205873,-3.1408072554263957,1.3066756510905948,-3.0511496917514473,0.057438401893766797,0.0052738848231569831,0.20578756318509733,-0.25997595480748137,-0.089543830704214816,0.96145431784601865,-0.023568749708289288,0.99598286212624754,0.086386644731677079,-0.96532741438287473,-0.00020182572653440606,-0.26104203168694817,8.8642899196141831e-05,2.846199803602478e-05
4.6150529384613037,1790954067.916343,0.00059103965759277344,0.085905105783160907,0.086515971021358926,-0.086655597361518469,0.010384709049366262,0.35152676464417792,-0.010925761117484504,0.057461999999999999,0.0052750000000000002,0.205873,-3.1408072554263957,1.3066756510905948,-3.0511496917514473,0.057438401893766797,0.0052738848231569831,0.20578756318509733,-0.25997595480748137,-0.089543830704214816,0.96145431784601865,-0.023568749708289288,0.99598286212624754,0.086386644731677079,-0.96532741438287473,-0.00020182572653440606,-0.26104203168694817,8.8642899196141831e-05,2.846199803602478e-05
4.6200530529022217,1790954067.9213431,0.00060009956359863281,0.085905105783160907,0.086515971021358926,-0.086655597361518469,0.010384709049366262,0.35152676464417792,-0.010925761117484504,0.057461999999999999,0.0052750000000000002,0.205873,-3.1408072554263957,1.3066756510905948,-3.0511496917514473,0.057438401893766797,0.0052738848231569831,0.20578756318509733,-0.25997595480748137,-0.089543830704214816,0.96145431784601865,-0.023568749708289288,0.99598286212624754,0.086386644731677079,-0.96532741438287473,-0.00020182572653440606,-0.26104203168694817,8.8642899196141831e-05,2.846199803602478e-05
4.625053882598877,1790954067.9263439,0.00059795379638671875,0.085905105783160907,0.086515971021358926,-0.086655597361518469,0.010384709049366262,0.35152676464417792,-0.010925761117484504,0.057461999999999999,0.0052750000000000002,0.205873,-3.1408072554263957,1.3066756510905948,-3.0511496917514473,0.057438401893766797,0.0052738848231569831,0.20578756318509733,-0.25997595480748137,-0.089543830704214816,0.96145431784601865,-0.023568749708289288,0.99598286212624754,0.086386644731677079,-0.96532741438287473,-0.00020182572653440606,-0.26104203168694817,8.8642899196141831e-05,2.846199803602478e-05
4.6300539970397949,1790954067.931344,0.00060009956359863281,0.085905105783160907,0.086515971021358926,-0.086655597361518469,0.010384709049366262,0.35152676464417792,-0.010925761117484504,0.057461999999999999,0.0052750000000000002,0.205873,-3.1408072554263957,1.3066756510905948,-3.0511496917514473,0.057438401893766797,0.0052738848231569831,0.20578756318509733,-0.25997595480748137,-0.089543830704214816,0.96145431784601865,-0.023568749708289288,0.99598286212624754,0.086386644731677079,-0.96532741438287473,-0.00020182572653440606,-0.26104203168694817,8.8642899196141831e-05,2.846199803602478e-05
4.6350798606872559,1790954067.9363699,0.00059795379638671875,0.085905105783160907,0.086515971021358926,-0.086655597361518469,0.010384709049366262,0.35152676464417792,-0.010925761117484504,0.057461999999999999,0.0052750000000000002,0.205873,-3.1408072554263957,1.3066756510905948,-3.0511496917514473,0.057438401893766797,0.0052738848231569831,0.20578756318509733,-0.25997595480748137,-0.089543830704214816,0.96145431784601865,-0.023568749708289288,0.99598286212624754,0.086386644731677079,-0.96532741438287473,-0.00020182572653440606,-0.26104203168694817,8.8642899196141831e-05,2.846199803602478e-05
4.6400539875030518,1790954067.941344,0.000598907470703125,0.085905105783160907,0.086515971021358926,-0.086655597361518469,0.010384709049366262,0.35152676464417792,-0.010925761117484504,0.057461999999999999,0.0052750000000000002,0.205873,-3.1408072554263957,1.3066756510905948,-3.0511496917514473,0.057438401893766797,0.0052738848231569831,0.20578756318509733,-0.25997595480748137,-0.089543830704214816,0.96145431784601865,-0.023568749708289288,0.99598286212624754,0.086386644731677079,-0.96532741438287473,-0.00020182572653440606,-0.26104203168694817,8.8642899196141831e-05,2.846199803602478e-05
4.6450538635253906,1790954067.9463439,0.00057387351989746094,0.085905105783160907,0.086515971021358926,-0.086655597361518469,0.010384709049366262,0.35152676464417792,-0.010925761117484504,0.057461999999999999,0.0052750000000000002,0.205873,-3.1408072554263957,1.3066756510905948,-3.0511496917514473,0.057438401893766797,0.0052738848231569831,0.20578756318509733,-0.25997595480748137,-0.089543830704214816,0.96145431784601865,-0.023568749708289288,0.99598286212624754,0.086386644731677079,-0.96532741438287473,-0.00020182572653440606,-0.26104203168694817,8.8642899196141831e-05,2.846199803602478e-05
4.6500539779663086,1790954067.951344,0.00059795379638671875,0.085905105783160907,0.086515971021358926,-0.086655597361518469,0.010384709049366262,0.35152676464417792,-0.010925761117484504,0.057461999999999999,0.0052750000000000002,0.205873,-3.1408072554263957,1.3066756510905948,-3.0511496917514473,0.057438401893766797,0.0052738848231569831,0.20578756318509733,-0.25997595480748137,-0.089543830704214816,0.96145431784601865,-0.023568749708289288,0.99598286212624754,0.086386644731677079,-0.96532741438287473,-0.00020182572653440606,-0.26104203168694817,8.8642899196141831e-05,2.846199803602478e-05
4.6550800800323486,1790954067.9563701,0.00060105323791503906,0.085905105783160907,0.086515971021358926,-0.086655597361518469,0.010384709049366262,0.35152676464417792,-0.010925761117484504,0.057461999999999999,0.0052750000000000002,0.205873,-3.1408072554263957,1.3066756510905948,-3.0511496917514473,0.057438401893766797,0.0052738848231569831,0.20578756318509733,-0.25997595480748137,-0.089543830704214816,0.96145431784601865,-0.023568749708289288,0.99598286212624754,0.086386644731677079,-0.96532741438287473,-0.00020182572653440606,-0.26104203168694817,8.8642899196141831e-05,2.846199803602478e-05
4.6600539684295654,1790954067.961344,0.000598907470703125,0.085905105783160907,0.086515971021358926,-0.086655597361518469,0.010384709049366262,0.35152676464417792,-0.010925761117484504,0.057461999999999999,0.0052750000000000002,0.205873,-3.1408072554263957,1.3066756510905948,-3.0511496917514473,0.057438401893766797,0.0052738848231569831,0.20578756318509733,-0.25997595480748137,-0.089543830704214816,0.96145431784601865,-0.023568749708289288,0.99598286212624754,0.086386644731677079,-0.96532741438287473,-0.00020182572653440606,-0.26104203168694817,8.8642899196141831e-05,2.846199803602478e-05
4.6650540828704834,1790954067.9663441,0.00057506561279296875,0.085905105783160907,0.086515971021358926,-0.086655597361518469,0.010384709049366262,0.35152676464417792,-0.010925761117484504,0.057461999999999999,0.0052750000000000002,0.205873,-3.1408072554263957,1.3066756510905948,-3.0511496917514473,0.057438401893766797,0.0052738848231569831,0.20578756318509733,-0.25997595480748137,-0.089543830704214816,0.96145431784601865,-0.023568749708289288,0.99598286212624754,0.086386644731677079,-0.96532741438287473,-0.00020182572653440606,-0.26104203168694817,8.8642899196141831e-05,2.846199803602478e-05
4.6700530052185059,1790954067.971343,0.00059914588928222656,0.085905105783160907,0.086515971021358926,-0.086655597361518469,0.010384709049366262,0.35152676464417792,-0.010925761117484504,0.057461999999999999,0.0052750000000000002,0.205873,-3.1408072554263957,1.3066756510905948,-3.0511496917514473,0.057438401893766797,0.0052738848231569831,0.20578756318509733,-0.25997595480748137,-0.089543830704214816,0.96145431784601865,-0.023568749708289288,0.99598286212624754,0.086386644731677079,-0.96532741438287473,-0.00020182572653440606,-0.26104203168694817,8.8642899196141831e-05,2.846199803602478e-05
4.6750528812408447,1790954067.9763429,0.00057482719421386719,0.085905105783160907,0.086515971021358926,-0.086655597361518469,0.010384709049366262,0.35152676464417792,-0.010925761117484504,0.057461999999999999,0.0052750000000000002,0.205873,-3.1408072554263957,1.3066756510905948,-3.0511496917514473,0.057438401893766797,0.0052738848231569831,0.20578756318509733,-0.25997595480748137,-0.089543830704214816,0.96145431784601865,-0.023568749708289288,0.99598286212624754,0.086386644731677079,-0.96532741438287473,-0.00020182572653440606,-0.26104203168694817,8.8642899196141831e-05,2.846199803602478e-05
4.6800529956817627,1790954067.981343,0.00059914588928222656,0.085905105783160907,0.086515971021358926,-0.086655597361518469,0.010384709049366262,0.35152676464417792,-0.010925761117484504,0.057461999999999999,0.0052750000000000002,0.205873,-3.1408072554263957,1.3066756510905948,-3.0511496917514473,0.057438401893766797,0.0052738848231569831,0.20578756318509733,-0.25997595480748137,-0.089543830704214816,0.96145431784601865,-0.023568749708289288,0.99598286212624754,0.086386644731677079,-0.96532741438287473,-0.00020182572653440606,-0.26104203168694817,8.8642899196141831e-05,2.846199803602478e-05
4.6850779056549072,1790954067.9863679,0.00059986114501953125,0.085905105783160907,0.086515971021358926,-0.086655597361518469,0.010384709049366262,0.35152676464417792,-0.010925761117484504,0.057461999999999999,0.0052750000000000002,0.205873,-3.1408072554263957,1.3066756510905948,-3.0511496917514473,0.057438401893766797,0.0052738848231569831,0.20578756318509733,-0.25997595480748137,-0.089543830704214816,0.96145431784601865,-0.023568749708289288,0.99598286212624754,0.086386644731677079,-0.96532741438287473,-0.00020182572653440606,-0.26104203168694817,8.8642899196141831e-05,2.846199803602478e-05
4.6900529861450195,1790954067.991343,0.00059795379638671875,0.085905105783160907,0.086515971021358926,-0.086655597361518469,0.010384709049366262,0.35152676464417792,-0.010925761117484504,0.057461999999999999,0.0052750000000000002,0.205873,-3.1408072554263957,1.3066756510905948,-3.0511496917514473,0.057438401893766797,0.0052738848231569831,0.20578756318509733,-0.25997595480748137,-0.089543830704214816,0.96145431784601865,-0.023568749708289288,0.99598286212624754,0.086386644731677079,-0.96532741438287473,-0.00020182572653440606,-0.26104203168694817,8.8642899196141831e-05,2.846199803602478e-05
4.6950528621673584,1790954067.9963429,0.00057482719421386719,0.085905105783160907,0.086515971021358926,-0.086655597361518469,0.010384709049366262,0.35152676464417792,-0.010925761117484504,0.057461999999999999,0.0052750000000000002,0.205873,-3.1408072554263957,1.3066756510905948,-3.0511496917514473,0.057438401893766797,0.0052738848231569831,0.20578756318509733,-0.25997595480748137,-0.089543830704214816,0.96145431784601865,-0.023568749708289288,0.99598286212624754,0.086386644731677079,-0.96532741438287473,-0.00020182572653440606,-0.26104203168694817,8.8642899196141831e-05,2.846199803602478e-05
4.7000529766082764,1790954068.001343,0.000598907470703125,0.085905105783160907,0.086515971021358926,-0.086655597361518469,0.010384709049366262,0.35152676464417792,-0.010925761117484504,0.057461999999999999,0.0052750000000000002,0.205873,-3.1408072554263957,1.3066756510905948,-3.0511496917514473,0.057438401893766797,0.0052738848231569831,0.20578756318509733,-0.25997595480748137,-0.089543830704214816,0.96145431784601865,-0.023568749708289288,0.99598286212624754,0.086386644731677079,-0.96532741438287473,-0.00020182572653440606,-0.26104203168694817,8.8642899196141831e-05,2.846199803602478e-05
4.7050528526306152,1790954068.0063429,0.00059986114501953125,0.085905105783160907,0.086515971021358926,-0.086655597361518469,0.010384709049366262,0.35152676464417792,-0.010925761117484504,0.057461999999999999,0.0052750000000000002,0.205873,-3.1408072554263957,1.3066756510905948,-3.0511496917514473,0.057438401893766797,0.0052738848231569831,0.20578756318509733,-0.25997595480748137,-0.089543830704214816,0.96145431784601865,-0.023568749708289288,0.99598286212624754,0.086386644731677079,-0.96532741438287473,-0.00020182572653440606,-0.26104203168694817,8.8642899196141831e-05,2.846199803602478e-05
4.7100529670715332,1790954068.011343,0.00060009956359863281,0.085905105783160907,0.086515971021358926,-0.086655597361518469,0.010384709049366262,0.35152676464417792,-0.010925761117484504,0.057461999999999999,0.0052750000000000002,0.205873,-3.1408072554263957,1.3066756510905948,-3.0511496917514473,0.057438401893766797,0.0052738848231569831,0.20578756318509733,-0.25997595480748137,-0.089543830704214816,0.96145431784601865,-0.023568749708289288,0.99598286212624754,0.086386644731677079,-0.96532741438287473,-0.00020182572653440606,-0.26104203168694817,8.8642899196141831e-05,2.846199803602478e-05
4.7150778770446777,1790954068.0163679,0.00059986114501953125,0.085905105783160907,0.086515971021358926,-0.086655597361518469,0.010384709049366262,0.35152676464417792,-0.010925761117484504,0.057461999999999999,0.0052750000000000002,0.205873,-3.1408072554263957,1.3066756510905948,-3.0511496917514473,0.057438401893766797,0.0052738848231569831,0.20578756318509733,-0.25997595480748137,-0.089543830704214816,0.96145431784601865,-0.023568749708289288,0.99598286212624754,0.086386644731677079,-0.96532741438287473,-0.00020182572653440606,-0.26104203168694817,8.8642899196141831e-05,2.846199803602478e-05
4.72005295753479,1790954068.021343,0.00060009956359863281,0.085905105783160907,0.086515971021358926,-0.086655597361518469,0.010384709049366262,0.35152676464417792,-0.010925761117484504,0.057461999999999999,0.0052750000000000002,0.205873,-3.1408072554263957,1.3066756510905948,-3.0511496917514473,0.057438401893766797,0.0052738848231569831,0.20578756318509733,-0.25997595480748137,-0.089543830704214816,0.96145431784601865,-0.023568749708289288,0.99598286212624754,0.086386644731677079,-0.96532741438287473,-0.00020182572653440606,-0.26104203168694817,8.8642899196141831e-05,2.846199803602478e-05
4.725053071975708,1790954068.0263431,0.00057506561279296875,0.085905105783160907,0.086515971021358926,-0.086655597361518469,0.010384709049366262,0.35152676464417792,-0.010925761117484504,0.057461999999999999,0.0052750000000000002,0.205873,-3.1408072554263957,1.3066756510905948,-3.0511496917514473,0.057438401893766797,0.0052738848231569831,0.20578756318509733,-0.25997595480748137,-0.089543830704214816,0.96145431784601865,-0.023568749708289288,0.99598286212624754,0.086386644731677079,-0.96532741438287473,-0.00020182572653440606,-0.26104203168694817,8.8642899196141831e-05,2.846199803602478e-05
4.7300529479980469,1790954068.031343,0.00060009956359863281,0.085905105783160907,0.086515971021358926,-0.086655597361518469,0.010384709049366262,0.35152676464417792,-0.010925761117484504,0.057461999999999999,0.0052750000000000002,0.205873,-3.1408072554263957,1.3066756510905948,-3.0511496917514473,0.057438401893766797,0.0052738848231569831,0.20578756318509733,-0.25997595480748137,-0.089543830704214816,0.96145431784601865,-0.023568749708289288,0.99598286212624754,0.086386644731677079,-0.96532741438287473,-0.00020182572653440606,-0.26104203168694817,8.8642899196141831e-05,2.846199803602478e-05
4.7350778579711914,1790954068.0363679,0.00059986114501953125,0.085905105783160907,0.086515971021358926,-0.086655597361518469,0.010384709049366262,0.35152676464417792,-0.010925761117484504,0.057461999999999999,0.0052750000000000002,0.205873,-3.1408072554263957,1.3066756510905948,-3.0511496917514473,0.057438401893766797,0.0052738848231569831,0.20578756318509733,-0.25997595480748137,-0.089543830704214816,0.96145431784601865,-0.023568749708289288,0.99598286212624754,0.086386644731677079,-0.96532741438287473,-0.00020182572653440606,-0.26104203168694817,8.8642899196141831e-05,2.846199803602478e-05
4.7400529384613037,1790954068.041343,0.00059986114501953125,0.085905105783160907,0.086515971021358926,-0.086655597361518469,0.010384709049366262,0.35152676464417792,-0.010925761117484504,0.057461999999999999,0.0052750000000000002,0.205873,-3.1408072554263957,1.3066756510905948,-3.0511496917514473,0.057438401893766797,0.0052738848231569831,0.20578756318509733,-0.25997595480748137,-0.089543830704214816,0.96145431784601865,-0.023568749708289288,0.99598286212624754,0.086386644731677079,-0.96532741438287473,-0.00020182572653440606,-0.26104203168694817,8.8642899196141831e-05,2.846199803602478e-05
4.7450549602508545,1790954068.046345,0.000576019287109375,0.085905105783160907,0.086515971021358926,-0.086655597361518469,0.010384709049366262,0.35152676464417792,-0.010925761117484504,0.057461999999999999,0.0052750000000000002,0.205873,-3.1408072554263957,1.3066756510905948,-3.0511496917514473,0.057438401893766797,0.0052738848231569831,0.20578756318509733,-0.25997595480748137,-0.089543830704214816,0.96145431784601865,-0.023568749708289288,0.99598286212624754,0.086386644731677079,-0.96532741438287473,-0.00020182572653440606,-0.26104203168694817,8.8642899196141831e-05,2.846199803602478e-05
4.750053882598877,1790954068.0513439,0.00059986114501953125,0.085905105783160907,0.086515971021358926,-0.086655597361518469,0.010384709049366262,0.35152676464417792,-0.010925761117484504,0.057461999999999999,0.0052750000000000002,0.205873,-3.1408072554263957,1.3066756510905948,-3.0511496917514473,0.057438401893766797,0.0052738848231569831,0.20578756318509733,-0.25997595480748137,-0.089543830704214816,0.96145431784601865,-0.023568749708289288,0.99598286212624754,0.086386644731677079,-0.96532741438287473,-0.00020182572653440606,-0.26104203168694817,8.8642899196141831e-05,2.846199803602478e-05
4.7550539970397949,1790954068.056344,0.00057506561279296875,0.085905105783160907,0.086515971021358926,-0.086655597361518469,0.010384709049366262,0.35152676464417792,-0.010925761117484504,0.057461999999999999,0.0052750000000000002,0.205873,-3.1408072554263957,1.3066756510905948,-3.0511496917514473,0.057438401893766797,0.0052738848231569831,0.20578756318509733,-0.25997595480748137,-0.089543830704214816,0.96145431784601865,-0.023568749708289288,0.99598286212624754,0.086386644731677079,-0.96532741438287473,-0.00020182572653440606,-0.26104203168694817,8.8642899196141831e-05,2.846199803602478e-05
4.7600560188293457,1790954068.0613461,0.00060200691223144531,0.085905105783160907,0.086515971021358926,-0.086655597361518469,0.010384709049366262,0.35152676464417792,-0.010925761117484504,0.057461999999999999,0.0052750000000000002,0.205873,-3.1408072554263957,1.3066756510905948,-3.0511496917514473,0.057438401893766797,0.0052738848231569831,0.20578756318509733,-0.25997595480748137,-0.089543830704214816,0.96145431784601865,-0.023568749708289288,0.99598286212624754,0.086386644731677079,-0.96532741438287473,-0.00020182572653440606,-0.26104203168694817,8.8642899196141831e-05,2.846199803602478e-05
4.7650799751281738,1790954068.06637,0.00060105323791503906,0.085905105783160907,0.086515971021358926,-0.086655597361518469,0.010384709049366262,0.35152676464417792,-0.010925761117484504,0.057461999999999999,0.0052750000000000002,0.205873,-3.1408072554263957,1.3066756510905948,-3.0511496917514473,0.057438401893766797,0.0052738848231569831,0.20578756318509733,-0.25997595480748137,-0.089543830704214816,0.96145431784601865,-0.023568749708289288,0.99598286212624754,0.086386644731677079,-0.96532741438287473,-0.00020182572653440606,-0.26104203168694817,8.8642899196141831e-05,2.846199803602478e-05
4.7700579166412354,1790954068.071348,0.00060391426086425781,0.085905105783160907,0.086515971021358926,-0.086655597361518469,0.010384709049366262,0.35152676464417792,-0.010925761117484504,0.057461999999999999,0.0052750000000000002,0.205873,-3.1408072554263957,1.3066756510905948,-3.0511496917514473,0.057438401893766797,0.0052738848231569831,0.20578756318509733,-0.25997595480748137,-0.089543830704214816,0.96145431784601865,-0.023568749708289288,0.99598286212624754,0.086386644731677079,-0.96532741438287473,-0.00020182572653440606,-0.26104203168694817,8.8642899196141831e-05,2.846199803602478e-05
4.7750790119171143,1790954068.076369,0.00060105323791503906,0.085905105783160907,0.086515971021358926,-0.086655597361518469,0.010384709049366262,0.35152676464417792,-0.010925761117484504,0.057461999999999999,0.0052750000000000002,0.205873,-3.1408072554263957,1.3066756510905948,-3.0511496917514473,0.057438401893766797,0.0052738848231569831,0.20578756318509733,-0.25997595480748137,-0.089543830704214816,0.96145431784601865,-0.023568749708289288,0.99598286212624754,0.086386644731677079,-0.96532741438287473,-0.00020182572653440606,-0.26104203168694817,8.8642899196141831e-05,2.846199803602478e-05
4.780055046081543,1790954068.0813451,0.00060009956359863281,0.085905105783160907,0.086515971021358926,-0.086655597361518469,0.010384709049366262,0.35152676464417792,-0.010925761117484504,0.057461999999999999,0.0052750000000000002,0.205873,-3.1408072554263957,1.3066756510905948,-3.0511496917514473,0.057438401893766797,0.0052738848231569831,0.20578756318509733,-0.25997595480748137,-0.089543830704214816,0.96145431784601865,-0.023568749708289288,0.99598286212624754,0.086386644731677079,-0.96532741438287473,-0.00020182572653440606,-0.26104203168694817,8.8642899196141831e-05,2.846199803602478e-05
4.7850539684295654,1790954068.086344,0.00057506561279296875,0.085905105783160907,0.086515971021358926,-0.086655597361518469,0.010384709049366262,0.35152676464417792,-0.010925761117484504,0.057461999999999999,0.0052750000000000002,0.205873,-3.1408072554263957,1.3066756510905948,-3.0511496917514473,0.057438401893766797,0.0052738848231569831,0.20578756318509733,-0.25997595480748137,-0.089543830704214816,0.96145431784601865,-0.023568749708289288,0.99598286212624754,0.086386644731677079,-0.96532741438287473,-0.00020182572653440606,-0.26104203168694817,8.8642899196141831e-05,2.846199803602478e-05
4.7900528907775879,1790954068.0913429,0.000598907470703125,0.085905105783160907,0.086515971021358926,-0.086655597361518469,0.010384709049366262,0.35152676464417792,-0.010925761117484504,0.057461999999999999,0.0052750000000000002,0.205873,-3.1408072554263957,1.3066756510905948,-3.0511496917514473,0.057438401893766797,0.0052738848231569831,0.20578756318509733,-0.25997595480748137,-0.089543830704214816,0.96145431784601865,-0.023568749708289288,0.99598286212624754,0.086386644731677079,-0.96532741438287473,-0.00020182572653440606,-0.26104203168694817,8.8642899196141831e-05,2.846199803602478e-05
4.7950539588928223,1790954068.096344,0.00060009956359863281,0.085905105783160907,0.086515971021358926,-0.086655597361518469,0.010384709049366262,0.35152676464417792,-0.010925761117484504,0.057461999999999999,0.0052750000000000002,0.205873,-3.1408072554263957,1.3066756510905948,-3.0511496917514473,0.057438401893766797,0.0052738848231569831,0.20578756318509733,-0.25997595480748137,-0.089543830704214816,0.96145431784601865,-0.023568749708289288,0.99598286212624754,0.086386644731677079,-0.96532741438287473,-0.00020182572653440606,-0.26104203168694817,8.8642899196141831e-05,2.846199803602478e-05
4.8000540733337402,1790954068.1013441,0.00059914588928222656,0.085905105783160907,0.086515971021358926,-0.086655597361518469,0.010384709049366262,0.35152676464417792,-0.010925761117484504,0.057461999999999999,0.0052750000000000002,0.205873,-3.1408072554263957,1.3066756510905948,-3.0511496917514473,0.057438401893766797,0.0052738848231569831,0.20578756318509733,-0.25997595480748137,-0.089543830704214816,0.96145431784601865,-0.023568749708289288,0.99598286212624754,0.086386644731677079,-0.96532741438287473,-0.00020182572653440606,-0.26104203168694817,8.8642899196141831e-05,2.846199803602478e-05
4.8050780296325684,1790954068.1063681,0.00059795379638671875,0.085905105783160907,0.086515971021358926,-0.086655597361518469,0.010384709049366262,0.35152676464417792,-0.010925761117484504,0.057461999999999999,0.0052750000000000002,0.205873,-3.1408072554263957,1.3066756510905948,-3.0511496917514473,0.057438401893766797,0.0052738848231569831,0.20578756318509733,-0.25997595480748137,-0.089543830704214816,0.96145431784601865,-0.023568749708289288,0.99598286212624754,0.086386644731677079,-0.96532741438287473,-0.00020182572653440606,-0.26104203168694817,8.8642899196141831e-05,2.846199803602478e-05
4.8100550174713135,1790954068.1113451,0.000576019287109375,0.085905105783160907,0.086515971021358926,-0.086655597361518469,0.010384709049366262,0.35152676464417792,-0.010925761117484504,0.057461999999999999,0.0052750000000000002,0.205873,-3.1408072554263957,1.3066756510905948,-3.0511496917514473,0.057438401893766797,0.0052738848231569831,0.20578756318509733,-0.25997595480748137,-0.089543830704214816,0.96145431784601865,-0.023568749708289288,0.99598286212624754,0.086386644731677079,-0.96532741438287473,-0.00020182572653440606,-0.26104203168694817,8.8642899196141831e-05,2.846199803602478e-05
4.8150789737701416,1790954068.116369,0.00060009956359863281,0.085905105783160907,0.086515971021358926,-0.086655597361518469,0.010384709049366262,0.35152676464417792,-0.010925761117484504,0.057461999999999999,0.0052750000000000002,0.205873,-3.1408072554263957,1.3066756510905948,-3.0511496917514473,0.057438401893766797,0.0052738848231569831,0.20578756318509733,-0.25997595480748137,-0.089543830704214816,0.96145431784601865,-0.023568749708289288,0.99598286212624754,0.086386644731677079,-0.96532741438287473,-0.00020182572653440606,-0.26104203168694817,8.8642899196141831e-05,2.846199803602478e-05
4.8200528621673584,1790954068.1213429,0.00059986114501953125,0.085905105783160907,0.086515971021358926,-0.086655597361518469,0.010384709049366262,0.35152676464417792,-0.010925761117484504,0.057461999999999999,0.0052750000000000002,0.205873,-3.1408072554263957,1.3066756510905948,-3.0511496917514473,0.057438401893766797,0.0052738848231569831,0.20578756318509733,-0.25997595480748137,-0.089543830704214816,0.96145431784601865,-0.023568749708289288,0.99598286212624754,0.086386644731677079,-0.96532741438287473,-0.00020182572653440606,-0.26104203168694817,8.8642899196141831e-05,2.846199803602478e-05
4.825078010559082,1790954068.126368,0.00059795379638671875,0.085905105783160907,0.086515971021358926,-0.086655597361518469,0.010384709049366262,0.35152676464417792,-0.010925761117484504,0.057461999999999999,0.0052750000000000002,0.205873,-3.1408072554263957,1.3066756510905948,-3.0511496917514473,0.057438401893766797,0.0052738848231569831,0.20578756318509733,-0.25997595480748137,-0.089543830704214816,0.96145431784601865,-0.023568749708289288,0.99598286212624754,0.086386644731677079,-0.96532741438287473,-0.00020182572653440606,-0.26104203168694817,8.8642899196141831e-05,2.846199803602478e-05
4.8300540447235107,1790954068.1313441,0.00056600570678710938,0.085905105783160907,0.086515971021358926,-0.086655597361518469,0.010384709049366262,0.35152676464417792,-0.010925761117484504,0.057461999999999999,0.0052750000000000002,0.205873,-3.1408072554263957,1.3066756510905948,-3.0511496917514473,0.057438401893766797,0.0052738848231569831,0.20578756318509733,-0.25997595480748137,-0.089543830704214816,0.96145431784601865,-0.023568749708289288,0.99598286212624754,0.086386644731677079,-0.96532741438287473,-0.00020182572653440606,-0.26104203168694817,8.8642899196141831e-05,2.846199803602478e-05
4.8350539207458496,1790954068.136344,0.000576019287109375,0.085905105783160907,0.086515971021358926,-0.086655597361518469,0.010384709049366262,0.35152676464417792,-0.010925761117484504,0.057461999999999999,0.0052750000000000002,0.205873,-3.1408072554263957,1.3066756510905948,-3.0511496917514473,0.057438401893766797,0.0052738848231569831,0.20578756318509733,-0.25997595480748137,-0.089543830704214816,0.96145431784601865,-0.023568749708289288,0.99598286212624754,0.086386644731677079,-0.96532741438287473,-0.00020182572653440606,-0.26104203168694817,8.8642899196141831e-05,2.846199803602478e-05
4.8400530815124512,1790954068.1413431,0.00060009956359863281,0.085905105783160907,0.086515971021358926,-0.086655597361518469,0.010384709049366262,0.35152676464417792,-0.010925761117484504,0.057461999999999999,0.0052750000000000002,0.205873,-3.1408072554263957,1.3066756510905948,-3.0511496917514473,0.057438401893766797,0.0052738848231569831,0.20578756318509733,-0.25997595480748137,-0.089543830704214816,0.96145431784601865,-0.023568749708289288,0.99598286212624754,0.086386644731677079,-0.96532741438287473,-0.00020182572653440606,-0.26104203168694817,8.8642899196141831e-05,2.846199803602478e-05
4.8450798988342285,1790954068.1463699,0.00060200691223144531,0.085905105783160907,0.086515971021358926,-0.086655597361518469,0.010384709049366262,0.35152676464417792,-0.010925761117484504,0.057461999999999999,0.0052750000000000002,0.205873,-3.1408072554263957,1.3066756510905948,-3.0511496917514473,0.057438401893766797,0.0052738848231569831,0.20578756318509733,-0.25997595480748137,-0.089543830704214816,0.96145431784601865,-0.023568749708289288,0.99598286212624754,0.086386644731677079,-0.96532741438287473,-0.00020182572653440606,-0.26104203168694817,8.8642899196141831e-05,2.846199803602478e-05
4.8500540256500244,1790954068.1513441,0.00060105323791503906,0.085905105783160907,0.086515971021358926,-0.086655597361518469,0.010384709049366262,0.35152676464417792,-0.010925761117484504,0.057461999999999999,0.0052750000000000002,0.205873,-3.1408072554263957,1.3066756510905948,-3.0511496917514473,0.057438401893766797,0.0052738848231569831,0.20578756318509733,-0.25997595480748137,-0.089543830704214816,0.96145431784601865,-0.023568749708289288,0.99598286212624754,0.086386644731677079,-0.96532741438287473,-0.00020182572653440606,-0.26104203168694817,8.8642899196141831e-05,2.846199803602478e-05
4.8550820350646973,1790954068.1563721,0.00062918663024902344,0.085905105783160907,0.086515971021358926,-0.086655597361518469,0.010384709049366262,0.35152676464417792,-0.010925761117484504,0.057461999999999999,0.0052750000000000002,0.205873,-3.1408072554263957,1.3066756510905948,-3.0511496917514473,0.057438401893766797,0.0052738848231569831,0.20578756318509733,-0.25997595480748137,-0.089543830704214816,0.96145431784601865,-0.023568749708289288,0.99598286212624754,0.086386644731677079,-0.96532741438287473,-0.00020182572653440606,-0.26104203168694817,8.8642899196141831e-05,2.846199803602478e-05
4.8600530624389648,1790954068.1613431,0.00055599212646484375,0.085905105783160907,0.086515971021358926,-0.086655597361518469,0.010384709049366262,0.35152676464417792,-0.010925761117484504,0.057461999999999999,0.0052750000000000002,0.205873,-3.1408072554263957,1.3066756510905948,-3.0511496917514473,0.057438401893766797,0.0052738848231569831,0.20578756318509733,-0.25997595480748137,-0.089543830704214816,0.96145431784601865,-0.023568749708289288,0.99598286212624754,0.086386644731677079,-0.96532741438287473,-0.00020182572653440606,-0.26104203168694817,8.8642899196141831e-05,2.846199803602478e-05
4.8650779724121094,1790954068.166368,0.00060009956359863281,0.085905105783160907,0.086515971021358926,-0.086655597361518469,0.010384709049366262,0.35152676464417792,-0.010925761117484504,0.057461999999999999,0.0052750000000000002,0.205873,-3.1408072554263957,1.3066756510905948,-3.0511496917514473,0.057438401893766797,0.0052738848231569831,0.20578756318509733,-0.25997595480748137,-0.089543830704214816,0.96145431784601865,-0.023568749708289288,0.99598286212624754,0.086386644731677079,-0.96532741438287473,-0.00020182572653440606,-0.26104203168694817,8.8642899196141831e-05,2.846199803602478e-05
4.8700530529022217,1790954068.1713431,0.00060009956359863281,0.085905105783160907,0.086515971021358926,-0.086655597361518469,0.010384709049366262,0.35152676464417792,-0.010925761117484504,0.057461999999999999,0.0052750000000000002,0.205873,-3.1408072554263957,1.3066756510905948,-3.0511496917514473,0.057438401893766797,0.0052738848231569831,0.20578756318509733,-0.25997595480748137,-0.089543830704214816,0.96145431784601865,-0.023568749708289288,0.99598286212624754,0.086386644731677079,-0.96532741438287473,-0.00020182572653440606,-0.26104203168694817,8.8642899196141831e-05,2.846199803602478e-05
4.8750779628753662,1790954068.176368,0.000598907470703125,0.085905105783160907,0.086515971021358926,-0.086655597361518469,0.010384709049366262,0.35152676464417792,-0.010925761117484504,0.057461999999999999,0.0052750000000000002,0.205873,-3.1408072554263957,1.3066756510905948,-3.0511496917514473,0.057438401893766797,0.0052738848231569831,0.20578756318509733,-0.25997595480748137,-0.089543830704214816,0.96145431784601865,-0.023568749708289288,0.99598286212624754,0.086386644731677079,-0.96532741438287473,-0.00020182572653440606,-0.26104203168694817,8.8642899196141831e-05,2.846199803602478e-05
4.8800530433654785,1790954068.1813431,0.00060009956359863281,0.085905105783160907,0.086515971021358926,-0.086655597361518469,0.010384709049366262,0.35152676464417792,-0.010925761117484504,0.057461999999999999,0.0052750000000000002,0.205873,-3.1408072554263957,1.3066756510905948,-3.0511496917514473,0.057438401893766797,0.0052738848231569831,0.20578756318509733,-0.25997595480748137,-0.089543830704214816,0.96145431784601865,-0.023568749708289288,0.99598286212624754,0.086386644731677079,-0.96532741438287473,-0.00020182572653440606,-0.26104203168694817,8.8642899196141831e-05,2.846199803602478e-05
4.8850829601287842,1790954068.186373,0.00060510635375976562,0.085905105783160907,0.086515971021358926,-0.086655597361518469,0.010384709049366262,0.35152676464417792,-0.010925761117484504,0.057461999999999999,0.0052750000000000002,0.205873,-3.1408072554263957,1.3066756510905948,-3.0511496917514473,0.057438401893766797,0.0052738848231569831,0.20578756318509733,-0.25997595480748137,-0.089543830704214816,0.96145431784601865,-0.023568749708289288,0.99598286212624754,0.086386644731677079,-0.96532741438287473,-0.00020182572653440606,-0.26104203168694817,8.8642899196141831e-05,2.846199803602478e-05
4.8900530338287354,1790954068.1913431,0.00060105323791503906,0.085905105783160907,0.086515971021358926,-0.086655597361518469,0.010384709049366262,0.35152676464417792,-0.010925761117484504,0.057461999999999999,0.0052750000000000002,0.205873,-3.1408072554263957,1.3066756510905948,-3.0511496917514473,0.057438401893766797,0.0052738848231569831,0.20578756318509733,-0.25997595480748137,-0.089543830704214816,0.96145431784601865,-0.023568749708289288,0.99598286212624754,0.086386644731677079,-0.96532741438287473,-0.00020182572653440606,-0.26104203168694817,8.8642899196141831e-05,2.846199803602478e-05
4.8950779438018799,1790954068.196368,0.00059795379638671875,0.085905105783160907,0.086515971021358926,-0.086655597361518469,0.010384709049366262,0.35152676464417792,-0.010925761117484504,0.057461999999999999,0.0052750000000000002,0.205873,-3.1408072554263957,1.3066756510905948,-3.0511496917514473,0.057438401893766797,0.0052738848231569831,0.20578756318509733,-0.25997595480748137,-0.089543830704214816,0.96145431784601865,-0.023568749708289288,0.99598286212624754,0.086386644731677079,-0.96532741438287473,-0.00020182572653440606,-0.26104203168694817,8.8642899196141831e-05,2.846199803602478e-05
4.9000530242919922,1790954068.2013431,0.00060009956359863281,0.085905105783160907,0.086515971021358926,-0.086655597361518469,0.010384709049366262,0.35152676464417792,-0.010925761117484504,0.057461999999999999,0.0052750000000000002,0.205873,-3.1408072554263957,1.3066756510905948,-3.0511496917514473,0.057438401893766797,0.0052738848231569831,0.20578756318509733,-0.25997595480748137,-0.089543830704214816,0.96145431784601865,-0.023568749708289288,0.99598286212624754,0.086386644731677079,-0.96532741438287473,-0.00020182572653440606,-0.26104203168694817,8.8642899196141831e-05,2.846199803602478e-05
4.9050779342651367,1790954068.206368,0.00062394142150878906,0.085905105783160907,0.086515971021358926,-0.086655597361518469,0.010384709049366262,0.35152676464417792,-0.010925761117484504,0.057461999999999999,0.0052750000000000002,0.205873,-3.1408072554263957,1.3066756510905948,-3.0511496917514473,0.057438401893766797,0.0052738848231569831,0.20578756318509733,-0.25997595480748137,-0.089543830704214816,0.96145431784601865,-0.023568749708289288,0.99598286212624754,0.086386644731677079,-0.96532741438287473,-0.00020182572653440606,-0.26104203168694817,8.8642899196141831e-05,2.846199803602478e-05
4.9100539684295654,1790954068.211344,0.00057506561279296875,0.085905105783160907,0.086515971021358926,-0.086655597361518469,0.010384709049366262,0.35152676464417792,-0.010925761117484504,0.057461999999999999,0.0052750000000000002,0.205873,-3.1408072554263957,1.3066756510905948,-3.0511496917514473,0.057438401893766797,0.0052738848231569831,0.20578756318509733,-0.25997595480748137,-0.089543830704214816,0.96145431784601865,-0.023568749708289288,0.99598286212624754,0.086386644731677079,-0.96532741438287473,-0.00020182572653440606,-0.26104203168694817,8.8642899196141831e-05,2.846199803602478e-05
4.91507887840271,1790954068.2163689,0.00059986114501953125,0.085905105783160907,0.086515971021358926,-0.086655597361518469,0.010384709049366262,0.35152676464417792,-0.010925761117484504,0.057461999999999999,0.0052750000000000002,0.205873,-3.1408072554263957,1.3066756510905948,-3.0511496917514473,0.057438401893766797,0.0052738848231569831,0.20578756318509733,-0.25997595480748137,-0.089543830704214816,0.96145431784601865,-0.023568749708289288,0.99598286212624754,0.086386644731677079,-0.96532741438287473,-0.00020182572653440606,-0.26104203168694817,8.8642899196141831e-05,2.846199803602478e-05
4.9200539588928223,1790954068.221344,0.00060009956359863281,0.085905105783160907,0.086515971021358926,-0.086655597361518469,0.010384709049366262,0.35152676464417792,-0.010925761117484504,0.057461999999999999,0.0052750000000000002,0.205873,-3.1408072554263957,1.3066756510905948,-3.0511496917514473,0.057438401893766797,0.0052738848231569831,0.20578756318509733,-0.25997595480748137,-0.089543830704214816,0.96145431784601865,-0.023568749708289288,0.99598286212624754,0.086386644731677079,-0.96532741438287473,-0.00020182572653440606,-0.26104203168694817,8.8642899196141831e-05,2.846199803602478e-05
4.9250800609588623,1790954068.2263701,0.00060105323791503906,0.085905105783160907,0.086515971021358926,-0.086655597361518469,0.010384709049366262,0.35152676464417792,-0.010925761117484504,0.057461999999999999,0.0052750000000000002,0.205873,-3.1408072554263957,1.3066756510905948,-3.0511496917514473,0.057438401893766797,0.0052738848231569831,0.20578756318509733,-0.25997595480748137,-0.089543830704214816,0.96145431784601865,-0.023568749708289288,0.99598286212624754,0.086386644731677079,-0.96532741438287473,-0.00020182572653440606,-0.26104203168694817,8.8642899196141831e-05,2.846199803602478e-05
4.9300620555877686,1790954068.2313521,0.00060820579528808594,0.085905105783160907,0.086515971021358926,-0.086655597361518469,0.010384709049366262,0.35152676464417792,-0.010925761117484504,0.057461999999999999,0.0052750000000000002,0.205873,-3.1408072554263957,1.3066756510905948,-3.0511496917514473,0.057438401893766797,0.0052738848231569831,0.20578756318509733,-0.25997595480748137,-0.089543830704214816,0.96145431784601865,-0.023568749708289288,0.99598286212624754,0.086386644731677079,-0.96532741438287473,-0.00020182572653440606,-0.26104203168694817,8.8642899196141831e-05,2.846199803602478e-05
4.9350540637969971,1790954068.2363441,0.00057506561279296875,0.085905105783160907,0.086515971021358926,-0.086655597361518469,0.010384709049366262,0.35152676464417792,-0.010925761117484504,0.057461999999999999,0.0052750000000000002,0.205873,-3.1408072554263957,1.3066756510905948,-3.0511496917514473,0.057438401893766797,0.0052738848231569831,0.20578756318509733,-0.25997595480748137,-0.089543830704214816,0.96145431784601865,-0.023568749708289288,0.99598286212624754,0.086386644731677079,-0.96532741438287473,-0.00020182572653440606,-0.26104203168694817,8.8642899196141831e-05,2.846199803602478e-05
4.9400529861450195,1790954068.241343,0.00057291984558105469,0.085905105783160907,0.086515971021358926,-0.086655597361518469,0.010384709049366262,0.35152676464417792,-0.010925761117484504,0.057461999999999999,0.0052750000000000002,0.205873,-3.1408072554263957,1.3066756510905948,-3.0511496917514473,0.057438401893766797,0.0052738848231569831,0.20578756318509733,-0.25997595480748137,-0.089543830704214816,0.96145431784601865,-0.023568749708289288,0.99598286212624754,0.086386644731677079,-0.96532741438287473,-0.00020182572653440606,-0.26104203168694817,8.8642899196141831e-05,2.846199803602478e-05
4.9450528621673584,1790954068.2463429,0.00057387351989746094,0.085905105783160907,0.086515971021358926,-0.086655597361518469,0.010384709049366262,0.35152676464417792,-0.010925761117484504,0.057461999999999999,0.0052750000000000002,0.205873,-3.1408072554263957,1.3066756510905948,-3.0511496917514473,0.057438401893766797,0.0052738848231569831,0.20578756318509733,-0.25997595480748137,-0.089543830704214816,0.96145431784601865,-0.023568749708289288,0.99598286212624754,0.086386644731677079,-0.96532741438287473,-0.00020182572653440606,-0.26104203168694817,8.8642899196141831e-05,2.846199803602478e-05
4.9500539302825928,1790954068.251344,0.00059986114501953125,0.085905105783160907,0.086515971021358926,-0.086655597361518469,0.010384709049366262,0.35152676464417792,-0.010925761117484504,0.057461999999999999,0.0052750000000000002,0.205873,-3.1408072554263957,1.3066756510905948,-3.0511496917514473,0.057438401893766797,0.0052738848231569831,0.20578756318509733,-0.25997595480748137,-0.089543830704214816,0.96145431784601865,-0.023568749708289288,0.99598286212624754,0.086386644731677079,-0.96532741438287473,-0.00020182572653440606,-0.26104203168694817,8.8642899196141831e-05,2.846199803602478e-05
4.9550778865814209,1790954068.2563679,0.000598907470703125,0.085905105783160907,0.086515971021358926,-0.086655597361518469,0.010384709049366262,0.35152676464417792,-0.010925761117484504,0.057461999999999999,0.0052750000000000002,0.205873,-3.1408072554263957,1.3066756510905948,-3.0511496917514473,0.057438401893766797,0.0052738848231569831,0.20578756318509733,-0.25997595480748137,-0.089543830704214816,0.96145431784601865,-0.023568749708289288,0.99598286212624754,0.086386644731677079,-0.96532741438287473,-0.00020182572653440606,-0.26104203168694817,8.8642899196141831e-05,2.846199803602478e-05
4.9600539207458496,1790954068.261344,0.00060105323791503906,0.085905105783160907,0.086515971021358926,-0.086655597361518469,0.010384709049366262,0.35152676464417792,-0.010925761117484504,0.057461999999999999,0.0052750000000000002,0.205873,-3.1408072554263957,1.3066756510905948,-3.0511496917514473,0.057438401893766797,0.0052738848231569831,0.20578756318509733,-0.25997595480748137,-0.089543830704214816,0.96145431784601865,-0.023568749708289288,0.99598286212624754,0.086386644731677079,-0.96532741438287473,-0.00020182572653440606,-0.26104203168694817,8.8642899196141831e-05,2.846199803602478e-05
4.9650790691375732,1790954068.2663691,0.00060009956359863281,0.085905105783160907,0.086515971021358926,-0.086655597361518469,0.010384709049366262,0.35152676464417792,-0.010925761117484504,0.057461999999999999,0.0052750000000000002,0.205873,-3.1408072554263957,1.3066756510905948,-3.0511496917514473,0.057438401893766797,0.0052738848231569831,0.20578756318509733,-0.25997595480748137,-0.089543830704214816,0.96145431784601865,-0.023568749708289288,0.99598286212624754,0.086386644731677079,-0.96532741438287473,-0.00020182572653440606,-0.26104203168694817,8.8642899196141831e-05,2.846199803602478e-05
4.97005295753479,1790954068.271343,0.00059604644775390625,0.085905105783160907,0.086515971021358926,-0.086655597361518469,0.010384709049366262,0.35152676464417792,-0.010925761117484504,0.057461999999999999,0.0052750000000000002,0.205873,-3.1408072554263957,1.3066756510905948,-3.0511496917514473,0.057438401893766797,0.0052738848231569831,0.20578756318509733,-0.25997595480748137,-0.089543830704214816,0.96145431784601865,-0.023568749708289288,0.99598286212624754,0.086386644731677079,-0.96532741438287473,-0.00020182572653440606,-0.26104203168694817,8.8642899196141831e-05,2.846199803602478e-05
4.9750778675079346,1790954068.2763679,0.00059986114501953125,0.085905105783160907,0.086515971021358926,-0.086655597361518469,0.010384709049366262,0.35152676464417792,-0.010925761117484504,0.057461999999999999,0.0052750000000000002,0.205873,-3.1408072554263957,1.3066756510905948,-3.0511496917514473,0.057438401893766797,0.0052738848231569831,0.20578756318509733,-0.25997595480748137,-0.089543830704214816,0.96145431784601865,-0.023568749708289288,0.99598286212624754,0.086386644731677079,-0.96532741438287473,-0.00020182572653440606,-0.26104203168694817,8.8642899196141831e-05,2.846199803602478e-05
4.9800529479980469,1790954068.281343,0.00059390068054199219,0.085905105783160907,0.086515971021358926,-0.086655597361518469,0.010384709049366262,0.35152676464417792,-0.010925761117484504,0.057461999999999999,0.0052750000000000002,0.205873,-3.1408072554263957,1.3066756510905948,-3.0511496917514473,0.057438401893766797,0.0052738848231569831,0.20578756318509733,-0.25997595480748137,-0.089543830704214816,0.96145431784601865,-0.023568749708289288,0.99598286212624754,0.086386644731677079,-0.96532741438287473,-0.00020182572653440606,-0.26104203168694817,8.8642899196141831e-05,2.846199803602478e-05
4.9850778579711914,1790954068.2863679,0.00059986114501953125,0.085905105783160907,0.086515971021358926,-0.086655597361518469,0.010384709049366262,0.35152676464417792,-0.010925761117484504,0.057461999999999999,0.0052750000000000002,0.205873,-3.1408072554263957,1.3066756510905948,-3.0511496917514473,0.057438401893766797,0.0052738848231569831,0.20578756318509733,-0.25997595480748137,-0.089543830704214816,0.96145431784601865,-0.023568749708289288,0.99598286212624754,0.086386644731677079,-0.96532741438287473,-0.00020182572653440606,-0.26104203168694817,8.8642899196141831e-05,2.846199803602478e-05
4.9900529384613037,1790954068.291343,0.00059986114501953125,0.085905105783160907,0.086515971021358926,-0.086655597361518469,0.010384709049366262,0.35152676464417792,-0.010925761117484504,0.057461999999999999,0.0052750000000000002,0.205873,-3.1408072554263957,1.3066756510905948,-3.0511496917514473,0.057438401893766797,0.0052738848231569831,0.20578756318509733,-0.25997595480748137,-0.089543830704214816,0.96145431784601865,-0.023568749708289288,0.99598286212624754,0.086386644731677079,-0.96532741438287473,-0.00020182572653440606,-0.26104203168694817,8.8642899196141831e-05,2.846199803602478e-05
4.9950768947601318,1790954068.2963669,0.00059795379638671875,0.085905105783160907,0.086515971021358926,-0.086655597361518469,0.010384709049366262,0.35152676464417792,-0.010925761117484504,0.057461999999999999,0.0052750000000000002,0.205873,-3.1408072554263957,1.3066756510905948,-3.0511496917514473,0.057438401893766797,0.0052738848231569831,0.20578756318509733,-0.25997595480748137,-0.089543830704214816,0.96145431784601865,-0.023568749708289288,0.99598286212624754,0.086386644731677079,-0.96532741438287473,-0.00020182572653440606,-0.26104203168694817,8.8642899196141831e-05,2.846199803602478e-05
