t_s,timestamp_s,frame_span_s,q1_rad,q2_rad,q3_rad,q4_rad,q5_rad,q6_rad,feedback_x_m,feedback_y_m,feedback_z_m,feedback_roll_rad,feedback_pitch_rad,feedback_yaw_rad,poe_x_m,poe_y_m,poe_z_m,poe_r11,poe_r12,poe_r13,poe_r21,poe_r22,poe_r23,poe_r31,poe_r32,poe_r33,position_error_m,rotation_error_rad
0,1790954204.5126171,0.00057506561279296875,0.085905105783160907,0.086515971021358926,-0.086655597361518469,0.02806489437206882,0.33527774930811072,0.0054977871437821386,0.057789999999999994,0.0058209999999999998,0.207313,3.0066088892405518,1.3207080982766293,3.0977848893647355,0.05776763113962928,0.0058204407143139167,0.20722774845078978,-0.24722363279952597,-0.08684847668888801,0.96505845288367098,0.01082218738607026,0.99566545138341334,0.092375262823143137,-0.96889801096172423,0.033281391471566606,-0.24521213945506534,8.8139125009864986e-05,4.1411546811054431e-05
0.0050249099731445312,1790954204.517642,0.00060009956359863281,0.085905105783160907,0.086515971021358926,-0.086655597361518469,0.02806489437206882,0.33527774930811072,0.0054977871437821386,0.057789999999999994,0.0058209999999999998,0.207313,3.0066088892405518,1.3207080982766293,3.0977848893647355,0.05776763113962928,0.0058204407143139167,0.20722774845078978,-0.24722363279952597,-0.08684847668888801,0.96505845288367098,0.01082218738607026,0.99566545138341334,0.092375262823143137,-0.96889801096172423,0.033281391471566606,-0.24521213945506534,8.8139125009864986e-05,4.1411546811054431e-05
0.010000944137573242,1790954204.5226181,0.00057506561279296875,0.085905105783160907,0.086515971021358926,-0.086655597361518469,0.02806489437206882,0.33527774930811072,0.0054977871437821386,0.057789999999999994,0.0058209999999999998,0.207313,3.0066088892405518,1.3207080982766293,3.0977848893647355,0.05776763113962928,0.0058204407143139167,0.20722774845078978,-0.24722363279952597,-0.08684847668888801,0.96505845288367098,0.01082218738607026,0.99566545138341334,0.092375262823143137,-0.96889801096172423,0.033281391471566606,-0.24521213945506534,8.8139125009864986e-05,4.1411546811054431e-05
0.015022993087768555,1790954204.5276401,0.00059914588928222656,0.085905105783160907,0.086515971021358926,-0.086655597361518469,0.02806489437206882,0.33527774930811072,0.0054977871437821386,0.057789999999999994,0.0058209999999999998,0.207313,3.0066088892405518,1.3207080982766293,3.0977848893647355,0.05776763113962928,0.0058204407143139167,0.20722774845078978,-0.24722363279952597,-0.08684847668888801,0.96505845288367098,0.01082218738607026,0.99566545138341334,0.092375262823143137,-0.96889801096172423,0.033281391471566606,-0.24521213945506534,8.8139125009864986e-05,4.1411546811054431e-05
0.019997835159301758,1790954204.5326149,0.00060105323791503906,0.085905105783160907,0.086515971021358926,-0.086655597361518469,0.02806489437206882,0.33527774930811072,0.0054977871437821386,0.057789999999999994,0.0058209999999999998,0.207313,3.0066088892405518,1.3207080982766293,3.0977848893647355,0.05776763113962928,0.0058204407143139167,0.20722774845078978,-0.24722363279952597,-0.08684847668888801,0.96505845288367098,0.01082218738607026,0.99566545138341334,0.092375262823143137,-0.96889801096172423,0.033281391471566606,-0.24521213945506534,8.8139125009864986e-05,4.1411546811054431e-05
0.025026798248291016,1790954204.5376439,0.00060296058654785156,0.085905105783160907,0.086515971021358926,-0.086655597361518469,0.02806489437206882,0.33527774930811072,0.0054977871437821386,0.057789999999999994,0.0058209999999999998,0.207313,3.0066088892405518,1.3207080982766293,3.0977848893647355,0.05776763113962928,0.0058204407143139167,0.20722774845078978,-0.24722363279952597,-0.08684847668888801,0.96505845288367098,0.01082218738607026,0.99566545138341334,0.092375262823143137,-0.96889801096172423,0.033281391471566606,-0.24521213945506534,8.8139125009864986e-05,4.1411546811054431e-05
0.030022859573364258,1790954204.54264,0.00060105323791503906,0.085905105783160907,0.086515971021358926,-0.086655597361518469,0.02806489437206882,0.33527774930811072,0.0054977871437821386,0.057789999999999994,0.0058209999999999998,0.207313,3.0066088892405518,1.3207080982766293,3.0977848893647355,0.05776763113962928,0.0058204407143139167,0.20722774845078978,-0.24722363279952597,-0.08684847668888801,0.96505845288367098,0.01082218738607026,0.99566545138341334,0.092375262823143137,-0.96889801096172423,0.033281391471566606,-0.24521213945506534,8.8139125009864986e-05,4.1411546811054431e-05
0.035023927688598633,1790954204.547641,0.00060200691223144531,0.085905105783160907,0.086515971021358926,-0.086655597361518469,0.02806489437206882,0.33527774930811072,0.0054977871437821386,0.057789999999999994,0.0058209999999999998,0.207313,3.0066088892405518,1.3207080982766293,3.0977848893647355,0.05776763113962928,0.0058204407143139167,0.20722774845078978,-0.24722363279952597,-0.08684847668888801,0.96505845288367098,0.01082218738607026,0.99566545138341334,0.092375262823143137,-0.96889801096172423,0.033281391471566606,-0.24521213945506534,8.8139125009864986e-05,4.1411546811054431e-05
0.040022850036621094,1790954204.55264,0.00059986114501953125,0.085905105783160907,0.086515971021358926,-0.086655597361518469,0.02806489437206882,0.33527774930811072,0.0054977871437821386,0.057789999999999994,0.0058209999999999998,0.207313,3.0066088892405518,1.3207080982766293,3.0977848893647355,0.05776763113962928,0.0058204407143139167,0.20722774845078978,-0.24722363279952597,-0.08684847668888801,0.96505845288367098,0.01082218738607026,0.99566545138341334,0.092375262823143137,-0.96889801096172423,0.033281391471566606,-0.24521213945506534,8.8139125009864986e-05,4.1411546811054431e-05
0.045024871826171875,1790954204.557642,0.00060009956359863281,0.085905105783160907,0.086515971021358926,-0.086655597361518469,0.02806489437206882,0.33527774930811072,0.0054977871437821386,0.057789999999999994,0.0058209999999999998,0.207313,3.0066088892405518,1.3207080982766293,3.0977848893647355,0.05776763113962928,0.0058204407143139167,0.20722774845078978,-0.24722363279952597,-0.08684847668888801,0.96505845288367098,0.01082218738607026,0.99566545138341334,0.092375262823143137,-0.96889801096172423,0.033281391471566606,-0.24521213945506534,8.8139125009864986e-05,4.1411546811054431e-05
0.04999995231628418,1790954204.5626171,0.0005970001220703125,0.085905105783160907,0.086515971021358926,-0.086655597361518469,0.02806489437206882,0.33527774930811072,0.0054977871437821386,0.057789999999999994,0.0058209999999999998,0.207313,3.0066088892405518,1.3207080982766293,3.0977848893647355,0.05776763113962928,0.0058204407143139167,0.20722774845078978,-0.24722363279952597,-0.08684847668888801,0.96505845288367098,0.01082218738607026,0.99566545138341334,0.092375262823143137,-0.96889801096172423,0.033281391471566606,-0.24521213945506534,8.8139125009864986e-05,4.1411546811054431e-05
0.055023908615112305,1790954204.567641,0.00060105323791503906,0.085905105783160907,0.086515971021358926,-0.086655597361518469,0.02806489437206882,0.33527774930811072,0.0054977871437821386,0.057789999999999994,0.0058209999999999998,0.207313,3.0066088892405518,1.3207080982766293,3.0977848893647355,0.05776763113962928,0.0058204407143139167,0.20722774845078978,-0.24722363279952597,-0.08684847668888801,0.96505845288367098,0.01082218738607026,0.99566545138341334,0.092375262823143137,-0.96889801096172423,0.033281391471566606,-0.24521213945506534,8.8139125009864986e-05,4.1411546811054431e-05
0.059998989105224609,1790954204.5726161,0.0005741119384765625,0.085905105783160907,0.086515971021358926,-0.086655597361518469,0.02806489437206882,0.33527774930811072,0.0054977871437821386,0.057789999999999994,0.0058209999999999998,0.207313,3.0066088892405518,1.3207080982766293,3.0977848893647355,0.05776763113962928,0.0058204407143139167,0.20722774845078978,-0.24722363279952597,-0.08684847668888801,0.96505845288367098,0.01082218738607026,0.99566545138341334,0.092375262823143137,-0.96889801096172423,0.033281391471566606,-0.24521213945506534,8.8139125009864986e-05,4.1411546811054431e-05
0.065023899078369141,1790954204.577641,0.00060009956359863281,0.085905105783160907,0.086515971021358926,-0.086655597361518469,0.02806489437206882,0.33527774930811072,0.0054977871437821386,0.057789999999999994,0.0058209999999999998,0.207313,3.0066088892405518,1.3207080982766293,3.0977848893647355,0.05776763113962928,0.0058204407143139167,0.20722774845078978,-0.24722363279952597,-0.08684847668888801,0.96505845288367098,0.01082218738607026,0.99566545138341334,0.092375262823143137,-0.96889801096172423,0.033281391471566606,-0.24521213945506534,8.8139125009864986e-05,4.1411546811054431e-05
0.069998979568481445,1790954204.5826161,0.00057315826416015625,0.085905105783160907,0.086515971021358926,-0.086655597361518469,0.02806489437206882,0.33527774930811072,0.0054977871437821386,0.057789999999999994,0.0058209999999999998,0.207313,3.0066088892405518,1.3207080982766293,3.0977848893647355,0.05776763113962928,0.0058204407143139167,0.20722774845078978,-0.24722363279952597,-0.08684847668888801,0.96505845288367098,0.01082218738607026,0.99566545138341334,0.092375262823143137,-0.96889801096172423,0.033281391471566606,-0.24521213945506534,8.8139125009864986e-05,4.1411546811054431e-05
0.075024843215942383,1790954204.587642,0.00060200691223144531,0.085905105783160907,0.086515971021358926,-0.086655597361518469,0.02806489437206882,0.33527774930811072,0.0054977871437821386,0.057789999999999994,0.0058209999999999998,0.207313,3.0066088892405518,1.3207080982766293,3.0977848893647355,0.05776763113962928,0.0058204407143139167,0.20722774845078978,-0.24722363279952597,-0.08684847668888801,0.96505845288367098,0.01082218738607026,0.99566545138341334,0.092375262823143137,-0.96889801096172423,0.033281391471566606,-0.24521213945506534,8.8139125009864986e-05,4.1411546811054431e-05
0.080024003982543945,1790954204.5926411,0.00059914588928222656,0.085905105783160907,0.086515971021358926,-0.086655597361518469,0.02806489437206882,0.33527774930811072,0.0054977871437821386,0.057789999999999994,0.0058209999999999998,0.207313,3.0066088892405518,1.3207080982766293,3.0977848893647355,0.05776763113962928,0.0058204407143139167,0.20722774845078978,-0.24722363279952597,-0.08684847668888801,0.96505845288367098,0.01082218738607026,0.99566545138341334,0.092375262823143137,-0.96889801096172423,0.033281391471566606,-0.24521213945506534,8.8139125009864986e-05,4.1411546811054431e-05
0.085022926330566406,1790954204.59764,0.00060105323791503906,0.085905105783160907,0.086515971021358926,-0.086655597361518469,0.02806489437206882,0.33527774930811072,0.0054977871437821386,0.057789999999999994,0.0058209999999999998,0.207313,3.0066088892405518,1.3207080982766293,3.0977848893647355,0.05776763113962928,0.0058204407143139167,0.20722774845078978,-0.24722363279952597,-0.08684847668888801,0.96505845288367098,0.01082218738607026,0.99566545138341334,0.092375262823143137,-0.96889801096172423,0.033281391471566606,-0.24521213945506534,8.8139125009864986e-05,4.1411546811054431e-05
0.090025901794433594,1790954204.602643,0.00060105323791503906,0.085905105783160907,0.086515971021358926,-0.086655597361518469,0.02806489437206882,0.33527774930811072,0.0054977871437821386,0.057789999999999994,0.0058209999999999998,0.207313,3.0066088892405518,1.3207080982766293,3.0977848893647355,0.05776763113962928,0.0058204407143139167,0.20722774845078978,-0.24722363279952597,-0.08684847668888801,0.96505845288367098,0.01082218738607026,0.99566545138341334,0.092375262823143137,-0.96889801096172423,0.033281391471566606,-0.24521213945506534,8.8139125009864986e-05,4.1411546811054431e-05
0.095035791397094727,1790954204.6076529,0.00060486793518066406,0.085905105783160907,0.086515971021358926,-0.086655597361518469,0.02806489437206882,0.33527774930811072,0.0054977871437821386,0.057789999999999994,0.0058209999999999998,0.207313,3.0066088892405518,1.3207080982766293,3.0977848893647355,0.05776763113962928,0.0058204407143139167,0.20722774845078978,-0.24722363279952597,-0.08684847668888801,0.96505845288367098,0.01082218738607026,0.99566545138341334,0.092375262823143137,-0.96889801096172423,0.033281391471566606,-0.24521213945506534,8.8139125009864986e-05,4.1411546811054431e-05
0.10000085830688477,1790954204.612618,0.00060105323791503906,0.085905105783160907,0.086515971021358926,-0.086655597361518469,0.02806489437206882,0.33527774930811072,0.0054977871437821386,0.057789999999999994,0.0058209999999999998,0.207313,3.0066088892405518,1.3207080982766293,3.0977848893647355,0.05776763113962928,0.0058204407143139167,0.20722774845078978,-0.24722363279952597,-0.08684847668888801,0.96505845288367098,0.01082218738607026,0.99566545138341334,0.092375262823143137,-0.96889801096172423,0.033281391471566606,-0.24521213945506534,8.8139125009864986e-05,4.1411546811054431e-05
0.10502481460571289,1790954204.6176419,0.00059795379638671875,0.085905105783160907,0.086515971021358926,-0.086655597361518469,0.02806489437206882,0.33527774930811072,0.0054977871437821386,0.057789999999999994,0.0058209999999999998,0.207313,3.0066088892405518,1.3207080982766293,3.0977848893647355,0.05776763113962928,0.0058204407143139167,0.20722774845078978,-0.24722363279952597,-0.08684847668888801,0.96505845288367098,0.01082218738607026,0.99566545138341334,0.092375262823143137,-0.96889801096172423,0.033281391471566606,-0.24521213945506534,8.8139125009864986e-05,4.1411546811054431e-05
0.10999894142150879,1790954204.6226161,0.0005741119384765625,0.085905105783160907,0.086515971021358926,-0.086655597361518469,0.02806489437206882,0.33527774930811072,0.0054977871437821386,0.057789999999999994,0.0058209999999999998,0.207313,3.0066088892405518,1.3207080982766293,3.0977848893647355,0.05776763113962928,0.0058204407143139167,0.20722774845078978,-0.24722363279952597,-0.08684847668888801,0.96505845288367098,0.01082218738607026,0.99566545138341334,0.092375262823143137,-0.96889801096172423,0.033281391471566606,-0.24521213945506534,8.8139125009864986e-05,4.1411546811054431e-05
0.11502480506896973,1790954204.6276419,0.0006008148193359375,0.085905105783160907,0.086515971021358926,-0.086655597361518469,0.02806489437206882,0.33527774930811072,0.0054977871437821386,0.057789999999999994,0.0058209999999999998,0.207313,3.0066088892405518,1.3207080982766293,3.0977848893647355,0.05776763113962928,0.0058204407143139167,0.20722774845078978,-0.24722363279952597,-0.08684847668888801,0.96505845288367098,0.01082218738607026,0.99566545138341334,0.092375262823143137,-0.96889801096172423,0.033281391471566606,-0.24521213945506534,8.8139125009864986e-05,4.1411546811054431e-05
0.1200249195098877,1790954204.632642,0.00060009956359863281,0.085905105783160907,0.086515971021358926,-0.086655597361518469,0.02806489437206882,0.33527774930811072,0.0054977871437821386,0.057789999999999994,0.0058209999999999998,0.207313,3.0066088892405518,1.3207080982766293,3.0977848893647355,0.05776763113962928,0.0058204407143139167,0.20722774845078978,-0.24722363279952597,-0.08684847668888801,0.96505845288367098,0.01082218738607026,0.99566545138341334,0.092375262823143137,-0.96889801096172423,0.033281391471566606,-0.24521213945506534,8.8139125009864986e-05,4.1411546811054431e-05
0.12502479553222656,1790954204.6376419,0.00060200691223144531,0.085905105783160907,0.086515971021358926,-0.086655597361518469,0.02806489437206882,0.33527774930811072,0.0054977871437821386,0.057789999999999994,0.0058209999999999998,0.207313,3.0066088892405518,1.3207080982766293,3.0977848893647355,0.05776763113962928,0.0058204407143139167,0.20722774845078978,-0.24722363279952597,-0.08684847668888801,0.96505845288367098,0.01082218738607026,0.99566545138341334,0.092375262823143137,-0.96889801096172423,0.033281391471566606,-0.24521213945506534,8.8139125009864986e-05,4.1411546811054431e-05
0.13002586364746094,1790954204.642643,0.00060200691223144531,0.085905105783160907,0.086515971021358926,-0.086655597361518469,0.02806489437206882,0.33527774930811072,0.0054977871437821386,0.057789999999999994,0.0058209999999999998,0.207313,3.0066088892405518,1.3207080982766293,3.0977848893647355,0.05776763113962928,0.0058204407143139167,0.20722774845078978,-0.24722363279952597,-0.08684847668888801,0.96505845288367098,0.01082218738607026,0.99566545138341334,0.092375262823143137,-0.96889801096172423,0.033281391471566606,-0.24521213945506534,8.8139125009864986e-05,4.1411546811054431e-05
0.13502287864685059,1790954204.64764,0.00060200691223144531,0.085905105783160907,0.086515971021358926,-0.086655597361518469,0.02806489437206882,0.33527774930811072,0.0054977871437821386,0.057789999999999994,0.0058209999999999998,0.207313,3.0066088892405518,1.3207080982766293,3.0977848893647355,0.05776763113962928,0.0058204407143139167,0.20722774845078978,-0.24722363279952597,-0.08684847668888801,0.96505845288367098,0.01082218738607026,0.99566545138341334,0.092375262823143137,-0.96889801096172423,0.033281391471566606,-0.24521213945506534,8.8139125009864986e-05,4.1411546811054431e-05
0.14002585411071777,1790954204.652643,0.00060200691223144531,0.085905105783160907,0.086515971021358926,-0.086655597361518469,0.02806489437206882,0.33527774930811072,0.0054977871437821386,0.057789999999999994,0.0058209999999999998,0.207313,3.0066088892405518,1.3207080982766293,3.0977848893647355,0.05776763113962928,0.0058204407143139167,0.20722774845078978,-0.24722363279952597,-0.08684847668888801,0.96505845288367098,0.01082218738607026,0.99566545138341334,0.092375262823143137,-0.96889801096172423,0.033281391471566606,-0.24521213945506534,8.8139125009864986e-05,4.1411546811054431e-05
0.14502382278442383,1790954204.6576409,0.00059986114501953125,0.085905105783160907,0.086515971021358926,-0.086655597361518469,0.02806489437206882,0.33527774930811072,0.0054977871437821386,0.057789999999999994,0.0058209999999999998,0.207313,3.0066088892405518,1.3207080982766293,3.0977848893647355,0.05776763113962928,0.0058204407143139167,0.20722774845078978,-0.24722363279952597,-0.08684847668888801,0.96505845288367098,0.01082218738607026,0.99566545138341334,0.092375262823143137,-0.96889801096172423,0.033281391471566606,-0.24521213945506534,8.8139125009864986e-05,4.1411546811054431e-05
0.14999985694885254,1790954204.662617,0.00057101249694824219,0.085905105783160907,0.086515971021358926,-0.086655597361518469,0.02806489437206882,0.33527774930811072,0.0054977871437821386,0.057789999999999994,0.0058209999999999998,0.207313,3.0066088892405518,1.3207080982766293,3.0977848893647355,0.05776763113962928,0.0058204407143139167,0.20722774845078978,-0.24722363279952597,-0.08684847668888801,0.96505845288367098,0.01082218738607026,0.99566545138341334,0.092375262823143137,-0.96889801096172423,0.033281391471566606,-0.24521213945506534,8.8139125009864986e-05,4.1411546811054431e-05
0.15502500534057617,1790954204.6676421,0.00059914588928222656,0.085905105783160907,0.086515971021358926,-0.086655597361518469,0.02806489437206882,0.33527774930811072,0.0054977871437821386,0.057789999999999994,0.0058209999999999998,0.207313,3.0066088892405518,1.3207080982766293,3.0977848893647355,0.05776763113962928,0.0058204407143139167,0.20722774845078978,-0.24722363279952597,-0.08684847668888801,0.96505845288367098,0.01082218738607026,0.99566545138341334,0.092375262823143137,-0.96889801096172423,0.033281391471566606,-0.24521213945506534,8.8139125009864986e-05,4.1411546811054431e-05
0.16002583503723145,1790954204.6726429,0.00059795379638671875,0.085905105783160907,0.086515971021358926,-0.086655597361518469,0.02806489437206882,0.33527774930811072,0.0054977871437821386,0.057789999999999994,0.0058209999999999998,0.207313,3.0066088892405518,1.3207080982766293,3.0977848893647355,0.05776763113962928,0.0058204407143139167,0.20722774845078978,-0.24722363279952597,-0.08684847668888801,0.96505845288367098,0.01082218738607026,0.99566545138341334,0.092375262823143137,-0.96889801096172423,0.033281391471566606,-0.24521213945506534,8.8139125009864986e-05,4.1411546811054431e-05
0.16502594947814941,1790954204.6776431,0.00060009956359863281,0.085905105783160907,0.086515971021358926,-0.086655597361518469,0.02806489437206882,0.33527774930811072,0.0054977871437821386,0.057789999999999994,0.0058209999999999998,0.207313,3.0066088892405518,1.3207080982766293,3.0977848893647355,0.05776763113962928,0.0058204407143139167,0.20722774845078978,-0.24722363279952597,-0.08684847668888801,0.96505845288367098,0.01082218738607026,0.99566545138341334,0.092375262823143137,-0.96889801096172423,0.033281391471566606,-0.24521213945506534,8.8139125009864986e-05,4.1411546811054431e-05
0.16999983787536621,1790954204.6826169,0.00057196617126464844,0.085905105783160907,0.086515971021358926,-0.086655597361518469,0.02806489437206882,0.33527774930811072,0.0054977871437821386,0.057789999999999994,0.0058209999999999998,0.207313,3.0066088892405518,1.3207080982766293,3.0977848893647355,0.05776763113962928,0.0058204407143139167,0.20722774845078978,-0.24722363279952597,-0.08684847668888801,0.96505845288367098,0.01082218738607026,0.99566545138341334,0.092375262823143137,-0.96889801096172423,0.033281391471566606,-0.24521213945506534,8.8139125009864986e-05,4.1411546811054431e-05
0.17502593994140625,1790954204.6876431,0.00060200691223144531,0.085905105783160907,0.086515971021358926,-0.086655597361518469,0.02806489437206882,0.33527774930811072,0.0054977871437821386,0.057789999999999994,0.0058209999999999998,0.207313,3.0066088892405518,1.3207080982766293,3.0977848893647355,0.05776763113962928,0.0058204407143139167,0.20722774845078978,-0.24722363279952597,-0.08684847668888801,0.96505845288367098,0.01082218738607026,0.99566545138341334,0.092375262823143137,-0.96889801096172423,0.033281391471566606,-0.24521213945506534,8.8139125009864986e-05,4.1411546811054431e-05
0.18002676963806152,1790954204.6926439,0.00059986114501953125,0.085905105783160907,0.086515971021358926,-0.086655597361518469,0.02806489437206882,0.33527774930811072,0.0054977871437821386,0.057789999999999994,0.0058209999999999998,0.207313,3.0066088892405518,1.3207080982766293,3.0977848893647355,0.05776763113962928,0.0058204407143139167,0.20722774845078978,-0.24722363279952597,-0.08684847668888801,0.96505845288367098,0.01082218738607026,0.99566545138341334,0.092375262823143137,-0.96889801096172423,0.033281391471566606,-0.24521213945506534,8.8139125009864986e-05,4.1411546811054431e-05
0.18502593040466309,1790954204.697643,0.00059795379638671875,0.085905105783160907,0.086515971021358926,-0.086655597361518469,0.02806489437206882,0.33527774930811072,0.0054977871437821386,0.057789999999999994,0.0058209999999999998,0.207313,3.0066088892405518,1.3207080982766293,3.0977848893647355,0.05776763113962928,0.0058204407143139167,0.20722774845078978,-0.24722363279952597,-0.08684847668888801,0.96505845288367098,0.01082218738607026,0.99566545138341334,0.092375262823143137,-0.96889801096172423,0.033281391471566606,-0.24521213945506534,8.8139125009864986e-05,4.1411546811054431e-05
0.1900019645690918,1790954204.7026191,0.00059819221496582031,0.085905105783160907,0.086515971021358926,-0.086655597361518469,0.02806489437206882,0.33527774930811072,0.0054977871437821386,0.057789999999999994,0.0058209999999999998,0.207313,3.0066088892405518,1.3207080982766293,3.0977848893647355,0.05776763113962928,0.0058204407143139167,0.20722774845078978,-0.24722363279952597,-0.08684847668888801,0.96505845288367098,0.01082218738607026,0.99566545138341334,0.092375262823143137,-0.96889801096172423,0.033281391471566606,-0.24521213945506534,8.8139125009864986e-05,4.1411546811054431e-05
0.19502377510070801,1790954204.7076409,0.00059795379638671875,0.085905105783160907,0.086515971021358926,-0.086655597361518469,0.02806489437206882,0.33527774930811072,0.0054977871437821386,0.057789999999999994,0.0058209999999999998,0.207313,3.0066088892405518,1.3207080982766293,3.0977848893647355,0.05776763113962928,0.0058204407143139167,0.20722774845078978,-0.24722363279952597,-0.08684847668888801,0.96505845288367098,0.01082218738607026,0.99566545138341334,0.092375262823143137,-0.96889801096172423,0.033281391471566606,-0.24521213945506534,8.8139125009864986e-05,4.1411546811054431e-05
0.20000100135803223,1790954204.7126181,0.0005970001220703125,0.085905105783160907,0.086515971021358926,-0.086655597361518469,0.02806489437206882,0.33527774930811072,0.0054977871437821386,0.057789999999999994,0.0058209999999999998,0.207313,3.0066088892405518,1.3207080982766293,3.0977848893647355,0.05776763113962928,0.0058204407143139167,0.20722774845078978,-0.24722363279952597,-0.08684847668888801,0.96505845288367098,0.01082218738607026,0.99566545138341334,0.092375262823143137,-0.96889801096172423,0.033281391471566606,-0.24521213945506534,8.8139125009864986e-05,4.1411546811054431e-05
0.20502591133117676,1790954204.717643,0.00060105323791503906,0.085905105783160907,0.086515971021358926,-0.086655597361518469,0.02806489437206882,0.33527774930811072,0.0054977871437821386,0.057789999999999994,0.0058209999999999998,0.207313,3.0066088892405518,1.3207080982766293,3.0977848893647355,0.05776763113962928,0.0058204407143139167,0.20722774845078978,-0.24722363279952597,-0.08684847668888801,0.96505845288367098,0.01082218738607026,0.99566545138341334,0.092375262823143137,-0.96889801096172423,0.033281391471566606,-0.24521213945506534,8.8139125009864986e-05,4.1411546811054431e-05
0.21002483367919922,1790954204.7226419,0.00060105323791503906,0.085905105783160907,0.086515971021358926,-0.086655597361518469,0.02806489437206882,0.33527774930811072,0.0054977871437821386,0.057789999999999994,0.0058209999999999998,0.207313,3.0066088892405518,1.3207080982766293,3.0977848893647355,0.05776763113962928,0.0058204407143139167,0.20722774845078978,-0.24722363279952597,-0.08684847668888801,0.96505845288367098,0.01082218738607026,0.99566545138341334,0.092375262823143137,-0.96889801096172423,0.033281391471566606,-0.24521213945506534,8.8139125009864986e-05,4.1411546811054431e-05
0.21502590179443359,1790954204.727643,0.00060105323791503906,0.085905105783160907,0.086515971021358926,-0.086655597361518469,0.02806489437206882,0.33527774930811072,0.0054977871437821386,0.057789999999999994,0.0058209999999999998,0.207313,3.0066088892405518,1.3207080982766293,3.0977848893647355,0.05776763113962928,0.0058204407143139167,0.20722774845078978,-0.24722363279952597,-0.08684847668888801,0.96505845288367098,0.01082218738607026,0.99566545138341334,0.092375262823143137,-0.96889801096172423,0.033281391471566606,-0.24521213945506534,8.8139125009864986e-05,4.1411546811054431e-05
0.21999979019165039,1790954204.7326169,0.000576019287109375,0.085905105783160907,0.086515971021358926,-0.086655597361518469,0.02806489437206882,0.33527774930811072,0.0054977871437821386,0.057789999999999994,0.0058209999999999998,0.207313,3.0066088892405518,1.3207080982766293,3.0977848893647355,0.05776763113962928,0.0058204407143139167,0.20722774845078978,-0.24722363279952597,-0.08684847668888801,0.96505845288367098,0.01082218738607026,0.99566545138341334,0.092375262823143137,-0.96889801096172423,0.033281391471566606,-0.24521213945506534,8.8139125009864986e-05,4.1411546811054431e-05
0.22502493858337402,1790954204.737642,0.0005970001220703125,0.085905105783160907,0.086515971021358926,-0.086655597361518469,0.02806489437206882,0.33527774930811072,0.0054977871437821386,0.057789999999999994,0.0058209999999999998,0.207313,3.0066088892405518,1.3207080982766293,3.0977848893647355,0.05776763113962928,0.0058204407143139167,0.20722774845078978,-0.24722363279952597,-0.08684847668888801,0.96505845288367098,0.01082218738607026,0.99566545138341334,0.092375262823143137,-0.96889801096172423,0.033281391471566606,-0.24521213945506534,8.8139125009864986e-05,4.1411546811054431e-05
0.2300269603729248,1790954204.7426441,0.00060009956359863281,0.085905105783160907,0.086515971021358926,-0.086655597361518469,0.02806489437206882,0.33527774930811072,0.0054977871437821386,0.057789999999999994,0.0058209999999999998,0.207313,3.0066088892405518,1.3207080982766293,3.0977848893647355,0.05776763113962928,0.0058204407143139167,0.20722774845078978,-0.24722363279952597,-0.08684847668888801,0.96505845288367098,0.01082218738607026,0.99566545138341334,0.092375262823143137,-0.96889801096172423,0.033281391471566606,-0.24521213945506534,8.8139125009864986e-05,4.1411546811054431e-05
0.23502588272094727,1790954204.747643,0.00060009956359863281,0.085905105783160907,0.086515971021358926,-0.086655597361518469,0.02806489437206882,0.33527774930811072,0.0054977871437821386,0.057789999999999994,0.0058209999999999998,0.207313,3.0066088892405518,1.3207080982766293,3.0977848893647355,0.05776763113962928,0.0058204407143139167,0.20722774845078978,-0.24722363279952597,-0.08684847668888801,0.96505845288367098,0.01082218738607026,0.99566545138341334,0.092375262823143137,-0.96889801096172423,0.033281391471566606,-0.24521213945506534,8.8139125009864986e-05,4.1411546811054431e-05
0.23999977111816406,1790954204.7526169,0.00057387351989746094,0.085905105783160907,0.086515971021358926,-0.086655597361518469,0.02806489437206882,0.33527774930811072,0.0054977871437821386,0.057789999999999994,0.0058209999999999998,0.207313,3.0066088892405518,1.3207080982766293,3.0977848893647355,0.05776763113962928,0.0058204407143139167,0.20722774845078978,-0.24722363279952597,-0.08684847668888801,0.96505845288367098,0.01082218738607026,0.99566545138341334,0.092375262823143137,-0.96889801096172423,0.033281391471566606,-0.24521213945506534,8.8139125009864986e-05,4.1411546811054431e-05
0.24502277374267578,1790954204.7576399,0.00059986114501953125,0.085905105783160907,0.086515971021358926,-0.086655597361518469,0.02806489437206882,0.33527774930811072,0.0054977871437821386,0.057789999999999994,0.0058209999999999998,0.207313,3.0066088892405518,1.3207080982766293,3.0977848893647355,0.05776763113962928,0.0058204407143139167,0.20722774845078978,-0.24722363279952597,-0.08684847668888801,0.96505845288367098,0.01082218738607026,0.99566545138341334,0.092375262823143137,-0.96889801096172423,0.033281391471566606,-0.24521213945506534,8.8139125009864986e-05,4.1411546811054431e-05
0.25000095367431641,1790954204.7626181,0.00057697296142578125,0.085905105783160907,0.086515971021358926,-0.086655597361518469,0.02806489437206882,0.33527774930811072,0.0054977871437821386,0.057789999999999994,0.0058209999999999998,0.207313,3.0066088892405518,1.3207080982766293,3.0977848893647355,0.05776763113962928,0.0058204407143139167,0.20722774845078978,-0.24722363279952597,-0.08684847668888801,0.96505845288367098,0.01082218738607026,0.99566545138341334,0.092375262823143137,-0.96889801096172423,0.033281391471566606,-0.24521213945506534,8.8139125009864986e-05,4.1411546811054431e-05
0.25502586364746094,1790954204.767643,0.00060200691223144531,0.085905105783160907,0.086515971021358926,-0.086655597361518469,0.02806489437206882,0.33527774930811072,0.0054977871437821386,0.057789999999999994,0.0058209999999999998,0.207313,3.0066088892405518,1.3207080982766293,3.0977848893647355,0.05776763113962928,0.0058204407143139167,0.20722774845078978,-0.24722363279952597,-0.08684847668888801,0.96505845288367098,0.01082218738607026,0.99566545138341334,0.092375262823143137,-0.96889801096172423,0.033281391471566606,-0.24521213945506534,8.8139125009864986e-05,4.1411546811054431e-05
0.25999999046325684,1790954204.7726171,0.00060105323791503906,0.085905105783160907,0.086515971021358926,-0.086655597361518469,0.02806489437206882,0.33527774930811072,0.0054977871437821386,0.057789999999999994,0.0058209999999999998,0.207313,3.0066088892405518,1.3207080982766293,3.0977848893647355,0.05776763113962928,0.0058204407143139167,0.20722774845078978,-0.24722363279952597,-0.08684847668888801,0.96505845288367098,0.01082218738607026,0.99566545138341334,0.092375262823143137,-0.96889801096172423,0.033281391471566606,-0.24521213945506534,8.8139125009864986e-05,4.1411546811054431e-05
0.26502490043640137,1790954204.777642,0.0005970001220703125,0.085905105783160907,0.086515971021358926,-0.086655597361518469,0.02806489437206882,0.33527774930811072,0.0054977871437821386,0.057789999999999994,0.0058209999999999998,0.207313,3.0066088892405518,1.3207080982766293,3.0977848893647355,0.05776763113962928,0.0058204407143139167,0.20722774845078978,-0.24722363279952597,-0.08684847668888801,0.96505845288367098,0.01082218738607026,0.99566545138341334,0.092375262823143137,-0.96889801096172423,0.033281391471566606,-0.24521213945506534,8.8139125009864986e-05,4.1411546811054431e-05
0.27002596855163574,1790954204.7826431,0.00060200691223144531,0.085905105783160907,0.086515971021358926,-0.086655597361518469,0.02806489437206882,0.33527774930811072,0.0054977871437821386,0.057789999999999994,0.0058209999999999998,0.207313,3.0066088892405518,1.3207080982766293,3.0977848893647355,0.05776763113962928,0.0058204407143139167,0.20722774845078978,-0.24722363279952597,-0.08684847668888801,0.96505845288367098,0.01082218738607026,0.99566545138341334,0.092375262823143137,-0.96889801096172423,0.033281391471566606,-0.24521213945506534,8.8139125009864986e-05,4.1411546811054431e-05
0.2750239372253418,1790954204.787641,0.0005950927734375,0.085905105783160907,0.086515971021358926,-0.086655597361518469,0.02806489437206882,0.33527774930811072,0.0054977871437821386,0.057789999999999994,0.0058209999999999998,0.207313,3.0066088892405518,1.3207080982766293,3.0977848893647355,0.05776763113962928,0.0058204407143139167,0.20722774845078978,-0.24722363279952597,-0.08684847668888801,0.96505845288367098,0.01082218738607026,0.99566545138341334,0.092375262823143137,-0.96889801096172423,0.033281391471566606,-0.24521213945506534,8.8139125009864986e-05,4.1411546811054431e-05
0.27999997138977051,1790954204.7926171,0.00059914588928222656,0.085905105783160907,0.086515971021358926,-0.086655597361518469,0.02806489437206882,0.33527774930811072,0.0054977871437821386,0.057789999999999994,0.0058209999999999998,0.207313,3.0066088892405518,1.3207080982766293,3.0977848893647355,0.05776763113962928,0.0058204407143139167,0.20722774845078978,-0.24722363279952597,-0.08684847668888801,0.96505845288367098,0.01082218738607026,0.99566545138341334,0.092375262823143137,-0.96889801096172423,0.033281391471566606,-0.24521213945506534,8.8139125009864986e-05,4.1411546811054431e-05
0.28502488136291504,1790954204.797642,0.00060009956359863281,0.085905105783160907,0.086515971021358926,-0.086655597361518469,0.02806489437206882,0.33527774930811072,0.0054977871437821386,0.057789999999999994,0.0058209999999999998,0.207313,3.0066088892405518,1.3207080982766293,3.0977848893647355,0.05776763113962928,0.0058204407143139167,0.20722774845078978,-0.24722363279952597,-0.08684847668888801,0.96505845288367098,0.01082218738607026,0.99566545138341334,0.092375262823143137,-0.96889801096172423,0.033281391471566606,-0.24521213945506534,8.8139125009864986e-05,4.1411546811054431e-05
0.2900238037109375,1790954204.8026409,0.00058984756469726562,0.085905105783160907,0.086515971021358926,-0.086655597361518469,0.02806489437206882,0.33527774930811072,0.0054977871437821386,0.057789999999999994,0.0058209999999999998,0.207313,3.0066088892405518,1.3207080982766293,3.0977848893647355,0.05776763113962928,0.0058204407143139167,0.20722774845078978,-0.24722363279952597,-0.08684847668888801,0.96505845288367098,0.01082218738607026,0.99566545138341334,0.092375262823143137,-0.96889801096172423,0.033281391471566606,-0.24521213945506534,8.8139125009864986e-05,4.1411546811054431e-05
0.29502582550048828,1790954204.8076429,0.00060200691223144531,0.085905105783160907,0.086515971021358926,-0.086655597361518469,0.02806489437206882,0.33527774930811072,0.0054977871437821386,0.057789999999999994,0.0058209999999999998,0.207313,3.0066088892405518,1.3207080982766293,3.0977848893647355,0.05776763113962928,0.0058204407143139167,0.20722774845078978,-0.24722363279952597,-0.08684847668888801,0.96505845288367098,0.01082218738607026,0.99566545138341334,0.092375262823143137,-0.96889801096172423,0.033281391471566606,-0.24521213945506534,8.8139125009864986e-05,4.1411546811054431e-05
0.30002498626708984,1790954204.8126421,0.0005950927734375,0.085905105783160907,0.086515971021358926,-0.086655597361518469,0.02806489437206882,0.33527774930811072,0.0054977871437821386,0.057789999999999994,0.0058209999999999998,0.207313,3.0066088892405518,1.3207080982766293,3.0977848893647355,0.05776763113962928,0.0058204407143139167,0.20722774845078978,-0.24722363279952597,-0.08684847668888801,0.96505845288367098,0.01082218738607026,0.99566545138341334,0.092375262823143137,-0.96889801096172423,0.033281391471566606,-0.24521213945506534,8.8139125009864986e-05,4.1411546811054431e-05
0.30502581596374512,1790954204.8176429,0.0006008148193359375,0.085905105783160907,0.086515971021358926,-0.086655597361518469,0.02806489437206882,0.33527774930811072,0.0054977871437821386,0.057789999999999994,0.0058209999999999998,0.207313,3.0066088892405518,1.3207080982766293,3.0977848893647355,0.05776763113962928,0.0058204407143139167,0.20722774845078978,-0.24722363279952597,-0.08684847668888801,0.96505845288367098,0.01082218738607026,0.99566545138341334,0.092375262823143137,-0.96889801096172423,0.033281391471566606,-0.24521213945506534,8.8139125009864986e-05,4.1411546811054431e-05
0.31002497673034668,1790954204.8226421,0.00059604644775390625,0.085905105783160907,0.086515971021358926,-0.086655597361518469,0.02806489437206882,0.33527774930811072,0.0054977871437821386,0.057789999999999994,0.0058209999999999998,0.207313,3.0066088892405518,1.3207080982766293,3.0977848893647355,0.05776763113962928,0.0058204407143139167,0.20722774845078978,-0.24722363279952597,-0.08684847668888801,0.96505845288367098,0.01082218738607026,0.99566545138341334,0.092375262823143137,-0.96889801096172423,0.033281391471566606,-0.24521213945506534,8.8139125009864986e-05,4.1411546811054431e-05
0.31502485275268555,1790954204.827642,0.00060200691223144531,0.085905105783160907,0.086515971021358926,-0.086655597361518469,0.02806489437206882,0.33527774930811072,0.0054977871437821386,0.057789999999999994,0.0058209999999999998,0.207313,3.0066088892405518,1.3207080982766293,3.0977848893647355,0.05776763113962928,0.0058204407143139167,0.20722774845078978,-0.24722363279952597,-0.08684847668888801,0.96505845288367098,0.01082218738607026,0.99566545138341334,0.092375262823143137,-0.96889801096172423,0.033281391471566606,-0.24521213945506534,8.8139125009864986e-05,4.1411546811054431e-05
0.31999993324279785,1790954204.832617,0.00060105323791503906,0.085905105783160907,0.086515971021358926,-0.086655597361518469,0.02806489437206882,0.33527774930811072,0.0054977871437821386,0.057789999999999994,0.0058209999999999998,0.207313,3.0066088892405518,1.3207080982766293,3.0977848893647355,0.05776763113962928,0.0058204407143139167,0.20722774845078978,-0.24722363279952597,-0.08684847668888801,0.96505845288367098,0.01082218738607026,0.99566545138341334,0.092375262823143137,-0.96889801096172423,0.033281391471566606,-0.24521213945506534,8.8139125009864986e-05,4.1411546811054431e-05
0.32502484321594238,1790954204.837642,0.00060200691223144531,0.085905105783160907,0.086515971021358926,-0.086655597361518469,0.02806489437206882,0.33527774930811072,0.0054977871437821386,0.057789999999999994,0.0058209999999999998,0.207313,3.0066088892405518,1.3207080982766293,3.0977848893647355,0.05776763113962928,0.0058204407143139167,0.20722774845078978,-0.24722363279952597,-0.08684847668888801,0.96505845288367098,0.01082218738607026,0.99566545138341334,0.092375262823143137,-0.96889801096172423,0.033281391471566606,-0.24521213945506534,8.8139125009864986e-05,4.1411546811054431e-05
0.32999777793884277,1790954204.8426149,0.00059795379638671875,0.085905105783160907,0.086515971021358926,-0.086655597361518469,0.02806489437206882,0.33527774930811072,0.0054977871437821386,0.057789999999999994,0.0058209999999999998,0.207313,3.0066088892405518,1.3207080982766293,3.0977848893647355,0.05776763113962928,0.0058204407143139167,0.20722774845078978,-0.24722363279952597,-0.08684847668888801,0.96505845288367098,0.01082218738607026,0.99566545138341334,0.092375262823143137,-0.96889801096172423,0.033281391471566606,-0.24521213945506534,8.8139125009864986e-05,4.1411546811054431e-05
0.33502578735351562,1790954204.8476429,0.00060200691223144531,0.085905105783160907,0.086515971021358926,-0.086655597361518469,0.02806489437206882,0.33527774930811072,0.0054977871437821386,0.057789999999999994,0.0058209999999999998,0.207313,3.0066088892405518,1.3207080982766293,3.0977848893647355,0.05776763113962928,0.0058204407143139167,0.20722774845078978,-0.24722363279952597,-0.08684847668888801,0.96505845288367098,0.01082218738607026,0.99566545138341334,0.092375262823143137,-0.96889801096172423,0.033281391471566606,-0.24521213945506534,8.8139125009864986e-05,4.1411546811054431e-05
0.34002590179443359,1790954204.852643,0.00060105323791503906,0.085905105783160907,0.086515971021358926,-0.086655597361518469,0.02806489437206882,0.33527774930811072,0.0054977871437821386,0.057789999999999994,0.0058209999999999998,0.207313,3.0066088892405518,1.3207080982766293,3.0977848893647355,0.05776763113962928,0.0058204407143139167,0.20722774845078978,-0.24722363279952597,-0.08684847668888801,0.96505845288367098,0.01082218738607026,0.99566545138341334,0.092375262823143137,-0.96889801096172423,0.033281391471566606,-0.24521213945506534,8.8139125009864986e-05,4.1411546811054431e-05
0.34502577781677246,1790954204.8576429,0.00060296058654785156,0.085905105783160907,0.086515971021358926,-0.086655597361518469,0.02806489437206882,0.33527774930811072,0.0054977871437821386,0.057789999999999994,0.0058209999999999998,0.207313,3.0066088892405518,1.3207080982766293,3.0977848893647355,0.05776763113962928,0.0058204407143139167,0.20722774845078978,-0.24722363279952597,-0.08684847668888801,0.96505845288367098,0.01082218738607026,0.99566545138341334,0.092375262823143137,-0.96889801096172423,0.033281391471566606,-0.24521213945506534,8.8139125009864986e-05,4.1411546811054431e-05
0.35002398490905762,1790954204.8626411,0.00060200691223144531,0.085905105783160907,0.086515971021358926,-0.086655597361518469,0.02806489437206882,0.33527774930811072,0.0054977871437821386,0.057789999999999994,0.0058209999999999998,0.207313,3.0066088892405518,1.3207080982766293,3.0977848893647355,0.05776763113962928,0.0058204407143139167,0.20722774845078978,-0.24722363279952597,-0.08684847668888801,0.96505845288367098,0.01082218738607026,0.99566545138341334,0.092375262823143137,-0.96889801096172423,0.033281391471566606,-0.24521213945506534,8.8139125009864986e-05,4.1411546811054431e-05
0.3550260066986084,1790954204.8676431,0.00059819221496582031,0.085905105783160907,0.086515971021358926,-0.086655597361518469,0.02806489437206882,0.33527774930811072,0.0054977871437821386,0.057789999999999994,0.0058209999999999998,0.207313,3.0066088892405518,1.3207080982766293,3.0977848893647355,0.05776763113962928,0.0058204407143139167,0.20722774845078978,-0.24722363279952597,-0.08684847668888801,0.96505845288367098,0.01082218738607026,0.99566545138341334,0.092375262823143137,-0.96889801096172423,0.033281391471566606,-0.24521213945506534,8.8139125009864986e-05,4.1411546811054431e-05
0.36002588272094727,1790954204.872643,0.00060296058654785156,0.085905105783160907,0.086515971021358926,-0.086655597361518469,0.02806489437206882,0.33527774930811072,0.0054977871437821386,0.057789999999999994,0.0058209999999999998,0.207313,3.0066088892405518,1.3207080982766293,3.0977848893647355,0.05776763113962928,0.0058204407143139167,0.20722774845078978,-0.24722363279952597,-0.08684847668888801,0.96505845288367098,0.01082218738607026,0.99566545138341334,0.092375262823143137,-0.96889801096172423,0.033281391471566606,-0.24521213945506534,8.8139125009864986e-05,4.1411546811054431e-05
0.36502885818481445,1790954204.877646,0.000598907470703125,0.085905105783160907,0.086515971021358926,-0.086655597361518469,0.02806489437206882,0.33527774930811072,0.0054977871437821386,0.057789999999999994,0.0058209999999999998,0.207313,3.0066088892405518,1.3207080982766293,3.0977848893647355,0.05776763113962928,0.0058204407143139167,0.20722774845078978,-0.24722363279952597,-0.08684847668888801,0.96505845288367098,0.01082218738607026,0.99566545138341334,0.092375262823143137,-0.96889801096172423,0.033281391471566606,-0.24521213945506534,8.8139125009864986e-05,4.1411546811054431e-05
0.37002396583557129,1790954204.8826411,0.00060105323791503906,0.085905105783160907,0.086515971021358926,-0.086655597361518469,0.02806489437206882,0.33527774930811072,0.0054977871437821386,0.057789999999999994,0.0058209999999999998,0.207313,3.0066088892405518,1.3207080982766293,3.0977848893647355,0.05776763113962928,0.0058204407143139167,0.20722774845078978,-0.24722363279952597,-0.08684847668888801,0.96505845288367098,0.01082218738607026,0.99566545138341334,0.092375262823143137,-0.96889801096172423,0.033281391471566606,-0.24521213945506534,8.8139125009864986e-05,4.1411546811054431e-05
0.37502384185791016,1790954204.887641,0.00059795379638671875,0.085905105783160907,0.086515971021358926,-0.086655597361518469,0.02806489437206882,0.33527774930811072,0.0054977871437821386,0.057789999999999994,0.0058209999999999998,0.207313,3.0066088892405518,1.3207080982766293,3.0977848893647355,0.05776763113962928,0.0058204407143139167,0.20722774845078978,-0.24722363279952597,-0.08684847668888801,0.96505845288367098,0.01082218738607026,0.99566545138341334,0.092375262823143137,-0.96889801096172423,0.033281391471566606,-0.24521213945506534,8.8139125009864986e-05,4.1411546811054431e-05
0.38000082969665527,1790954204.8926179,0.00057196617126464844,0.085905105783160907,0.086515971021358926,-0.086655597361518469,0.02806489437206882,0.33527774930811072,0.0054977871437821386,0.057789999999999994,0.0058209999999999998,0.207313,3.0066088892405518,1.3207080982766293,3.0977848893647355,0.05776763113962928,0.0058204407143139167,0.20722774845078978,-0.24722363279952597,-0.08684847668888801,0.96505845288367098,0.01082218738607026,0.99566545138341334,0.092375262823143137,-0.96889801096172423,0.033281391471566606,-0.24521213945506534,8.8139125009864986e-05,4.1411546811054431e-05
0.38502383232116699,1790954204.8976409,0.0005970001220703125,0.085905105783160907,0.086515971021358926,-0.086655597361518469,0.02806489437206882,0.33527774930811072,0.0054977871437821386,0.057789999999999994,0.0058209999999999998,0.207313,3.0066088892405518,1.3207080982766293,3.0977848893647355,0.05776763113962928,0.0058204407143139167,0.20722774845078978,-0.24722363279952597,-0.08684847668888801,0.96505845288367098,0.01082218738607026,0.99566545138341334,0.092375262823143137,-0.96889801096172423,0.033281391471566606,-0.24521213945506534,8.8139125009864986e-05,4.1411546811054431e-05
0.39000082015991211,1790954204.9026179,0.00057387351989746094,0.085905105783160907,0.086515971021358926,-0.086655597361518469,0.02806489437206882,0.33527774930811072,0.0054977871437821386,0.057789999999999994,0.0058209999999999998,0.207313,3.0066088892405518,1.3207080982766293,3.0977848893647355,0.05776763113962928,0.0058204407143139167,0.20722774845078978,-0.24722363279952597,-0.08684847668888801,0.96505845288367098,0.01082218738607026,0.99566545138341334,0.092375262823143137,-0.96889801096172423,0.033281391471566606,-0.24521213945506534,8.8139125009864986e-05,4.1411546811054431e-05
0.39502382278442383,1790954204.9076409,0.00059390068054199219,0.085905105783160907,0.086515971021358926,-0.086655597361518469,0.02806489437206882,0.33527774930811072,0.0054977871437821386,0.057789999999999994,0.0058209999999999998,0.207313,3.0066088892405518,1.3207080982766293,3.0977848893647355,0.05776763113962928,0.0058204407143139167,0.20722774845078978,-0.24722363279952597,-0.08684847668888801,0.96505845288367098,0.01082218738607026,0.99566545138341334,0.092375262823143137,-0.96889801096172423,0.033281391471566606,-0.24521213945506534,8.8139125009864986e-05,4.1411546811054431e-05
0.39999890327453613,1790954204.912616,0.0005779266357421875,0.085905105783160907,0.086515971021358926,-0.086655597361518469,0.02806489437206882,0.33527774930811072,0.0054977871437821386,0.057789999999999994,0.0058209999999999998,0.207313,3.0066088892405518,1.3207080982766293,3.0977848893647355,0.05776763113962928,0.0058204407143139167,0.20722774845078978,-0.24722363279952597,-0.08684847668888801,0.96505845288367098,0.01082218738607026,0.99566545138341334,0.092375262823143137,-0.96889801096172423,0.033281391471566606,-0.24521213945506534,8.8139125009864986e-05,4.1411546811054431e-05
0.40502285957336426,1790954204.91764,0.00059986114501953125,0.085905105783160907,0.086515971021358926,-0.086655597361518469,0.02806489437206882,0.33527774930811072,0.0054977871437821386,0.057789999999999994,0.0058209999999999998,0.207313,3.0066088892405518,1.3207080982766293,3.0977848893647355,0.05776763113962928,0.0058204407143139167,0.20722774845078978,-0.24722363279952597,-0.08684847668888801,0.96505845288367098,0.01082218738607026,0.99566545138341334,0.092375262823143137,-0.96889801096172423,0.033281391471566606,-0.24521213945506534,8.8139125009864986e-05,4.1411546811054431e-05
0.41002583503723145,1790954204.9226429,0.00059604644775390625,0.085905105783160907,0.086515971021358926,-0.086655597361518469,0.02806489437206882,0.33527774930811072,0.0054977871437821386,0.057789999999999994,0.0058209999999999998,0.207313,3.0066088892405518,1.3207080982766293,3.0977848893647355,0.05776763113962928,0.0058204407143139167,0.20722774845078978,-0.24722363279952597,-0.08684847668888801,0.96505845288367098,0.01082218738607026,0.99566545138341334,0.092375262823143137,-0.96889801096172423,0.033281391471566606,-0.24521213945506534,8.8139125009864986e-05,4.1411546811054431e-05
0.41502594947814941,1790954204.9276431,0.00060009956359863281,0.085905105783160907,0.086515971021358926,-0.086655597361518469,0.02806489437206882,0.33527774930811072,0.0054977871437821386,0.057789999999999994,0.0058209999999999998,0.207313,3.0066088892405518,1.3207080982766293,3.0977848893647355,0.05776763113962928,0.0058204407143139167,0.20722774845078978,-0.24722363279952597,-0.08684847668888801,0.96505845288367098,0.01082218738607026,0.99566545138341334,0.092375262823143137,-0.96889801096172423,0.033281391471566606,-0.24521213945506534,8.8139125009864986e-05,4.1411546811054431e-05
0.42002391815185547,1790954204.932641,0.00059604644775390625,0.085905105783160907,0.086515971021358926,-0.086655597361518469,0.02806489437206882,0.33527774930811072,0.0054977871437821386,0.057789999999999994,0.0058209999999999998,0.207313,3.0066088892405518,1.3207080982766293,3.0977848893647355,0.05776763113962928,0.0058204407143139167,0.20722774845078978,-0.24722363279952597,-0.08684847668888801,0.96505845288367098,0.01082218738607026,0.99566545138341334,0.092375262823143137,-0.96889801096172423,0.033281391471566606,-0.24521213945506534,8.8139125009864986e-05,4.1411546811054431e-05
0.42502593994140625,1790954204.9376431,0.00054693222045898438,0.085905105783160907,0.086515971021358926,-0.086655597361518469,0.02806489437206882,0.33527774930811072,0.0054977871437821386,0.057789999999999994,0.0058209999999999998,0.207313,3.0066088892405518,1.3207080982766293,3.0977848893647355,0.05776763113962928,0.0058204407143139167,0.20722774845078978,-0.24722363279952597,-0.08684847668888801,0.96505845288367098,0.01082218738607026,0.99566545138341334,0.092375262823143137,-0.96889801096172423,0.033281391471566606,-0.24521213945506534,8.8139125009864986e-05,4.1411546811054431e-05
0.43002581596374512,1790954204.9426429,0.000598907470703125,0.085905105783160907,0.086515971021358926,-0.086655597361518469,0.02806489437206882,0.33527774930811072,0.0054977871437821386,0.057789999999999994,0.0058209999999999998,0.207313,3.0066088892405518,1.3207080982766293,3.0977848893647355,0.05776763113962928,0.0058204407143139167,0.20722774845078978,-0.24722363279952597,-0.08684847668888801,0.96505845288367098,0.01082218738607026,0.99566545138341334,0.092375262823143137,-0.96889801096172423,0.033281391471566606,-0.24521213945506534,8.8139125009864986e-05,4.1411546811054431e-05
0.43502593040466309,1790954204.947643,0.0005950927734375,0.085905105783160907,0.086515971021358926,-0.086655597361518469,0.02806489437206882,0.33527774930811072,0.0054977871437821386,0.057789999999999994,0.0058209999999999998,0.207313,3.0066088892405518,1.3207080982766293,3.0977848893647355,0.05776763113962928,0.0058204407143139167,0.20722774845078978,-0.24722363279952597,-0.08684847668888801,0.96505845288367098,0.01082218738607026,0.99566545138341334,0.092375262823143137,-0.96889801096172423,0.033281391471566606,-0.24521213945506534,8.8139125009864986e-05,4.1411546811054431e-05
0.44002485275268555,1790954204.952642,0.0005970001220703125,0.085905105783160907,0.086515971021358926,-0.086655597361518469,0.02806489437206882,0.33527774930811072,0.0054977871437821386,0.057789999999999994,0.0058209999999999998,0.207313,3.0066088892405518,1.3207080982766293,3.0977848893647355,0.05776763113962928,0.0058204407143139167,0.20722774845078978,-0.24722363279952597,-0.08684847668888801,0.96505845288367098,0.01082218738607026,0.99566545138341334,0.092375262823143137,-0.96889801096172423,0.033281391471566606,-0.24521213945506534,8.8139125009864986e-05,4.1411546811054431e-05
0.44502496719360352,1790954204.9576421,0.00059413909912109375,0.085905105783160907,0.086515971021358926,-0.086655597361518469,0.02806489437206882,0.33527774930811072,0.0054977871437821386,0.057789999999999994,0.0058209999999999998,0.207313,3.0066088892405518,1.3207080982766293,3.0977848893647355,0.05776763113962928,0.0058204407143139167,0.20722774845078978,-0.24722363279952597,-0.08684847668888801,0.96505845288367098,0.01082218738607026,0.99566545138341334,0.092375262823143137,-0.96889801096172423,0.033281391471566606,-0.24521213945506534,8.8139125009864986e-05,4.1411546811054431e-05
0.4500269889831543,1790954204.9626441,0.00060200691223144531,0.085905105783160907,0.086515971021358926,-0.086655597361518469,0.02806489437206882,0.33527774930811072,0.0054977871437821386,0.057789999999999994,0.0058209999999999998,0.207313,3.0066088892405518,1.3207080982766293,3.0977848893647355,0.05776763113962928,0.0058204407143139167,0.20722774845078978,-0.24722363279952597,-0.08684847668888801,0.96505845288367098,0.01082218738607026,0.99566545138341334,0.092375262823143137,-0.96889801096172423,0.033281391471566606,-0.24521213945506534,8.8139125009864986e-05,4.1411546811054431e-05
0.45502400398254395,1790954204.9676411,0.00054907798767089844,0.085905105783160907,0.086515971021358926,-0.086655597361518469,0.02806489437206882,0.33527774930811072,0.0054977871437821386,0.057789999999999994,0.0058209999999999998,0.207313,3.0066088892405518,1.3207080982766293,3.0977848893647355,0.05776763113962928,0.0058204407143139167,0.20722774845078978,-0.24722363279952597,-0.08684847668888801,0.96505845288367098,0.01082218738607026,0.99566545138341334,0.092375262823143137,-0.96889801096172423,0.033281391471566606,-0.24521213945506534,8.8139125009864986e-05,4.1411546811054431e-05
0.46002483367919922,1790954204.9726419,0.000598907470703125,0.085905105783160907,0.086515971021358926,-0.086655597361518469,0.02806489437206882,0.33527774930811072,0.0054977871437821386,0.057789999999999994,0.0058209999999999998,0.207313,3.0066088892405518,1.3207080982766293,3.0977848893647355,0.05776763113962928,0.0058204407143139167,0.20722774845078978,-0.24722363279952597,-0.08684847668888801,0.96505845288367098,0.01082218738607026,0.99566545138341334,0.092375262823143137,-0.96889801096172423,0.033281391471566606,-0.24521213945506534,8.8139125009864986e-05,4.1411546811054431e-05
0.46502494812011719,1790954204.9776421,0.00060009956359863281,0.085905105783160907,0.086515971021358926,-0.086655597361518469,0.02806489437206882,0.33527774930811072,0.0054977871437821386,0.057789999999999994,0.0058209999999999998,0.207313,3.0066088892405518,1.3207080982766293,3.0977848893647355,0.05776763113962928,0.0058204407143139167,0.20722774845078978,-0.24722363279952597,-0.08684847668888801,0.96505845288367098,0.01082218738607026,0.99566545138341334,0.092375262823143137,-0.96889801096172423,0.033281391471566606,-0.24521213945506534,8.8139125009864986e-05,4.1411546811054431e-05
0.46999979019165039,1790954204.9826169,0.00057482719421386719,0.085905105783160907,0.086515971021358926,-0.086655597361518469,0.02806489437206882,0.33527774930811072,0.0054977871437821386,0.057789999999999994,0.0058209999999999998,0.207313,3.0066088892405518,1.3207080982766293,3.0977848893647355,0.05776763113962928,0.0058204407143139167,0.20722774845078978,-0.24722363279952597,-0.08684847668888801,0.96505845288367098,0.01082218738607026,0.99566545138341334,0.092375262823143137,-0.96889801096172423,0.033281391471566606,-0.24521213945506534,8.8139125009864986e-05,4.1411546811054431e-05
0.47502493858337402,1790954204.987642,0.00059294700622558594,0.085905105783160907,0.086515971021358926,-0.086655597361518469,0.02806489437206882,0.33527774930811072,0.0054977871437821386,0.057789999999999994,0.0058209999999999998,0.207313,3.0066088892405518,1.3207080982766293,3.0977848893647355,0.05776763113962928,0.0058204407143139167,0.20722774845078978,-0.24722363279952597,-0.08684847668888801,0.96505845288367098,0.01082218738607026,0.99566545138341334,0.092375262823143137,-0.96889801096172423,0.033281391471566606,-0.24521213945506534,8.8139125009864986e-05,4.1411546811054431e-05
0.48002386093139648,1790954204.992641,0.000598907470703125,0.085905105783160907,0.086515971021358926,-0.086655597361518469,0.02806489437206882,0.33527774930811072,0.0054977871437821386,0.057789999999999994,0.0058209999999999998,0.207313,3.0066088892405518,1.3207080982766293,3.0977848893647355,0.05776763113962928,0.0058204407143139167,0.20722774845078978,-0.24722363279952597,-0.08684847668888801,0.96505845288367098,0.01082218738607026,0.99566545138341334,0.092375262823143137,-0.96889801096172423,0.033281391471566606,-0.24521213945506534,8.8139125009864986e-05,4.1411546811054431e-05
0.48502898216247559,1790954204.9976461,0.00060415267944335938,0.085905105783160907,0.086515971021358926,-0.086655597361518469,0.02806489437206882,0.33527774930811072,0.0054977871437821386,0.057789999999999994,0.0058209999999999998,0.207313,3.0066088892405518,1.3207080982766293,3.0977848893647355,0.05776763113962928,0.0058204407143139167,0.20722774845078978,-0.24722363279952597,-0.08684847668888801,0.96505845288367098,0.01082218738607026,0.99566545138341334,0.092375262823143137,-0.96889801096172423,0.033281391471566606,-0.24521213945506534,8.8139125009864986e-05,4.1411546811054431e-05
0.49002695083618164,1790954205.0026441,0.00059795379638671875,0.085905105783160907,0.086515971021358926,-0.086655597361518469,0.02806489437206882,0.33527774930811072,0.0054977871437821386,0.057789999999999994,0.0058209999999999998,0.207313,3.0066088892405518,1.3207080982766293,3.0977848893647355,0.05776763113962928,0.0058204407143139167,0.20722774845078978,-0.24722363279952597,-0.08684847668888801,0.96505845288367098,0.01082218738607026,0.99566545138341334,0.092375262823143137,-0.96889801096172423,0.033281391471566606,-0.24521213945506534,8.8139125009864986e-05,4.1411546811054431e-05
0.49502682685852051,1790954205.0076439,0.00060200691223144531,0.085905105783160907,0.086515971021358926,-0.086655597361518469,0.02806489437206882,0.33527774930811072,0.0054977871437821386,0.057789999999999994,0.0058209999999999998,0.207313,3.0066088892405518,1.3207080982766293,3.0977848893647355,0.05776763113962928,0.0058204407143139167,0.20722774845078978,-0.24722363279952597,-0.08684847668888801,0.96505845288367098,0.01082218738607026,0.99566545138341334,0.092375262823143137,-0.96889801096172423,0.033281391471566606,-0.24521213945506534,8.8139125009864986e-05,4.1411546811054431e-05
0.50002694129943848,1790954205.0126441,0.00060200691223144531,0.085905105783160907,0.086515971021358926,-0.086655597361518469,0.02806489437206882,0.33527774930811072,0.0054977871437821386,0.057789999999999994,0.0058209999999999998,0.207313,3.0066088892405518,1.3207080982766293,3.0977848893647355,0.05776763113962928,0.0058204407143139167,0.20722774845078978,-0.24722363279952597,-0.08684847668888801,0.96505845288367098,0.01082218738607026,0.99566545138341334,0.092375262823143137,-0.96889801096172423,0.033281391471566606,-0.24521213945506534,8.8139125009864986e-05,4.1411546811054431e-05
0.50502395629882812,1790954205.0176411,0.00060105323791503906,0.085905105783160907,0.086515971021358926,-0.086655597361518469,0.02806489437206882,0.33527774930811072,0.0054977871437821386,0.057789999999999994,0.0058209999999999998,0.207313,3.0066088892405518,1.3207080982766293,3.0977848893647355,0.05776763113962928,0.0058204407143139167,0.20722774845078978,-0.24722363279952597,-0.08684847668888801,0.96505845288367098,0.01082218738607026,0.99566545138341334,0.092375262823143137,-0.96889801096172423,0.033281391471566606,-0.24521213945506534,8.8139125009864986e-05,4.1411546811054431e-05
0.50999999046325684,1790954205.0226171,0.000576019287109375,0.085905105783160907,0.086515971021358926,-0.086655597361518469,0.02806489437206882,0.33527774930811072,0.0054977871437821386,0.057789999999999994,0.0058209999999999998,0.207313,3.0066088892405518,1.3207080982766293,3.0977848893647355,0.05776763113962928,0.0058204407143139167,0.20722774845078978,-0.24722363279952597,-0.08684847668888801,0.96505845288367098,0.01082218738607026,0.99566545138341334,0.092375262823143137,-0.96889801096172423,0.033281391471566606,-0.24521213945506534,8.8139125009864986e-05,4.1411546811054431e-05
0.51502490043640137,1790954205.027642,0.00059294700622558594,0.085905105783160907,0.086515971021358926,-0.086655597361518469,0.02806489437206882,0.33527774930811072,0.0054977871437821386,0.057789999999999994,0.0058209999999999998,0.207313,3.0066088892405518,1.3207080982766293,3.0977848893647355,0.05776763113962928,0.0058204407143139167,0.20722774845078978,-0.24722363279952597,-0.08684847668888801,0.96505845288367098,0.01082218738607026,0.99566545138341334,0.092375262823143137,-0.96889801096172423,0.033281391471566606,-0.24521213945506534,8.8139125009864986e-05,4.1411546811054431e-05
0.52002477645874023,1790954205.0326419,0.00060176849365234375,0.085905105783160907,0.086515971021358926,-0.086655597361518469,0.02806489437206882,0.33527774930811072,0.0054977871437821386,0.057789999999999994,0.0058209999999999998,0.207313,3.0066088892405518,1.3207080982766293,3.0977848893647355,0.05776763113962928,0.0058204407143139167,0.20722774845078978,-0.24722363279952597,-0.08684847668888801,0.96505845288367098,0.01082218738607026,0.99566545138341334,0.092375262823143137,-0.96889801096172423,0.033281391471566606,-0.24521213945506534,8.8139125009864986e-05,4.1411546811054431e-05
0.52502584457397461,1790954205.037643,0.00055289268493652344,0.085905105783160907,0.086515971021358926,-0.086655597361518469,0.02806489437206882,0.33527774930811072,0.0054977871437821386,0.057789999999999994,0.0058209999999999998,0.207313,3.0066088892405518,1.3207080982766293,3.0977848893647355,0.05776763113962928,0.0058204407143139167,0.20722774845078978,-0.24722363279952597,-0.08684847668888801,0.96505845288367098,0.01082218738607026,0.99566545138341334,0.092375262823143137,-0.96889801096172423,0.033281391471566606,-0.24521213945506534,8.8139125009864986e-05,4.1411546811054431e-05
0.52999997138977051,1790954205.0426171,0.0005741119384765625,0.085905105783160907,0.086515971021358926,-0.086655597361518469,0.02806489437206882,0.33527774930811072,0.0054977871437821386,0.057789999999999994,0.0058209999999999998,0.207313,3.0066088892405518,1.3207080982766293,3.0977848893647355,0.05776763113962928,0.0058204407143139167,0.20722774845078978,-0.24722363279952597,-0.08684847668888801,0.96505845288367098,0.01082218738607026,0.99566545138341334,0.092375262823143137,-0.96889801096172423,0.033281391471566606,-0.24521213945506534,8.8139125009864986e-05,4.1411546811054431e-05
0.53502488136291504,1790954205.047642,0.00060009956359863281,0.085905105783160907,0.086515971021358926,-0.086655597361518469,0.02806489437206882,0.33527774930811072,0.0054977871437821386,0.057789999999999994,0.0058209999999999998,0.207313,3.0066088892405518,1.3207080982766293,3.0977848893647355,0.05776763113962928,0.0058204407143139167,0.20722774845078978,-0.24722363279952597,-0.08684847668888801,0.96505845288367098,0.01082218738607026,0.99566545138341334,0.092375262823143137,-0.96889801096172423,0.033281391471566606,-0.24521213945506534,8.8139125009864986e-05,4.1411546811054431e-05
0.54002594947814941,1790954205.0526431,0.00060200691223144531,0.085905105783160907,0.086515971021358926,-0.086655597361518469,0.02806489437206882,0.33527774930811072,0.0054977871437821386,0.057789999999999994,0.0058209999999999998,0.207313,3.0066088892405518,1.3207080982766293,3.0977848893647355,0.05776763113962928,0.0058204407143139167,0.20722774845078978,-0.24722363279952597,-0.08684847668888801,0.96505845288367098,0.01082218738607026,0.99566545138341334,0.092375262823143137,-0.96889801096172423,0.033281391471566606,-0.24521213945506534,8.8139125009864986e-05,4.1411546811054431e-05
0.54502487182617188,1790954205.057642,0.00060105323791503906,0.085905105783160907,0.086515971021358926,-0.086655597361518469,0.02806489437206882,0.33527774930811072,0.0054977871437821386,0.057789999999999994,0.0058209999999999998,0.207313,3.0066088892405518,1.3207080982766293,3.0977848893647355,0.05776763113962928,0.0058204407143139167,0.20722774845078978,-0.24722363279952597,-0.08684847668888801,0.96505845288367098,0.01082218738607026,0.99566545138341334,0.092375262823143137,-0.96889801096172423,0.033281391471566606,-0.24521213945506534,8.8139125009864986e-05,4.1411546811054431e-05
0.55002498626708984,1790954205.0626421,0.00060009956359863281,0.085905105783160907,0.086515971021358926,-0.086655597361518469,0.02806489437206882,0.33527774930811072,0.0054977871437821386,0.057789999999999994,0.0058209999999999998,0.207313,3.0066088892405518,1.3207080982766293,3.0977848893647355,0.05776763113962928,0.0058204407143139167,0.20722774845078978,-0.24722363279952597,-0.08684847668888801,0.96505845288367098,0.01082218738607026,0.99566545138341334,0.092375262823143137,-0.96889801096172423,0.033281391471566606,-0.24521213945506534,8.8139125009864986e-05,4.1411546811054431e-05
0.55502486228942871,1790954205.067642,0.00055098533630371094,0.085905105783160907,0.086515971021358926,-0.086655597361518469,0.02806489437206882,0.33527774930811072,0.0054977871437821386,0.057789999999999994,0.0058209999999999998,0.207313,3.0066088892405518,1.3207080982766293,3.0977848893647355,0.05776763113962928,0.0058204407143139167,0.20722774845078978,-0.24722363279952597,-0.08684847668888801,0.96505845288367098,0.01082218738607026,0.99566545138341334,0.092375262823143137,-0.96889801096172423,0.033281391471566606,-0.24521213945506534,8.8139125009864986e-05,4.1411546811054431e-05
0.55999898910522461,1790954205.0726161,0.0005950927734375,0.085905105783160907,0.086515971021358926,-0.086655597361518469,0.02806489437206882,0.33527774930811072,0.0054977871437821386,0.057789999999999994,0.0058209999999999998,0.207313,3.0066088892405518,1.3207080982766293,3.0977848893647355,0.05776763113962928,0.0058204407143139167,0.20722774845078978,-0.24722363279952597,-0.08684847668888801,0.96505845288367098,0.01082218738607026,0.99566545138341334,0.092375262823143137,-0.96889801096172423,0.033281391471566606,-0.24521213945506534,8.8139125009864986e-05,4.1411546811054431e-05
0.56502699851989746,1790954205.0776441,0.00060200691223144531,0.085905105783160907,0.086515971021358926,-0.086655597361518469,0.02806489437206882,0.33527774930811072,0.0054977871437821386,0.057789999999999994,0.0058209999999999998,0.207313,3.0066088892405518,1.3207080982766293,3.0977848893647355,0.05776763113962928,0.0058204407143139167,0.20722774845078978,-0.24722363279952597,-0.08684847668888801,0.96505845288367098,0.01082218738607026,0.99566545138341334,0.092375262823143137,-0.96889801096172423,0.033281391471566606,-0.24521213945506534,8.8139125009864986e-05,4.1411546811054431e-05
0.57002496719360352,1790954205.0826421,0.0005950927734375,0.085905105783160907,0.086515971021358926,-0.086655597361518469,0.02806489437206882,0.33527774930811072,0.0054977871437821386,0.057789999999999994,0.0058209999999999998,0.207313,3.0066088892405518,1.3207080982766293,3.0977848893647355,0.05776763113962928,0.0058204407143139167,0.20722774845078978,-0.24722363279952597,-0.08684847668888801,0.96505845288367098,0.01082218738607026,0.99566545138341334,0.092375262823143137,-0.96889801096172423,0.033281391471566606,-0.24521213945506534,8.8139125009864986e-05,4.1411546811054431e-05
0.57502484321594238,1790954205.087642,0.000598907470703125,0.085905105783160907,0.086515971021358926,-0.086655597361518469,0.02806489437206882,0.33527774930811072,0.0054977871437821386,0.057789999999999994,0.0058209999999999998,0.207313,3.0066088892405518,1.3207080982766293,3.0977848893647355,0.05776763113962928,0.0058204407143139167,0.20722774845078978,-0.24722363279952597,-0.08684847668888801,0.96505845288367098,0.01082218738607026,0.99566545138341334,0.092375262823143137,-0.96889801096172423,0.033281391471566606,-0.24521213945506534,8.8139125009864986e-05,4.1411546811054431e-05
0.57999992370605469,1790954205.092617,0.00057506561279296875,0.085905105783160907,0.086515971021358926,-0.086655597361518469,0.02806489437206882,0.33527774930811072,0.0054977871437821386,0.057789999999999994,0.0058209999999999998,0.207313,3.0066088892405518,1.3207080982766293,3.0977848893647355,0.05776763113962928,0.0058204407143139167,0.20722774845078978,-0.24722363279952597,-0.08684847668888801,0.96505845288367098,0.01082218738607026,0.99566545138341334,0.092375262823143137,-0.96889801096172423,0.033281391471566606,-0.24521213945506534,8.8139125009864986e-05,4.1411546811054431e-05
0.58502697944641113,1790954205.0976441,0.00059914588928222656,0.085905105783160907,0.086515971021358926,-0.086655597361518469,0.02806489437206882,0.33527774930811072,0.0054977871437821386,0.057789999999999994,0.0058209999999999998,0.207313,3.0066088892405518,1.3207080982766293,3.0977848893647355,0.05776763113962928,0.0058204407143139167,0.20722774845078978,-0.24722363279952597,-0.08684847668888801,0.96505845288367098,0.01082218738607026,0.99566545138341334,0.092375262823143137,-0.96889801096172423,0.033281391471566606,-0.24521213945506534,8.8139125009864986e-05,4.1411546811054431e-05
0.58999991416931152,1790954205.102617,0.0005741119384765625,0.085905105783160907,0.086515971021358926,-0.086655597361518469,0.02806489437206882,0.33527774930811072,0.0054977871437821386,0.057789999999999994,0.0058209999999999998,0.207313,3.0066088892405518,1.3207080982766293,3.0977848893647355,0.05776763113962928,0.0058204407143139167,0.20722774845078978,-0.24722363279952597,-0.08684847668888801,0.96505845288367098,0.01082218738607026,0.99566545138341334,0.092375262823143137,-0.96889801096172423,0.033281391471566606,-0.24521213945506534,8.8139125009864986e-05,4.1411546811054431e-05
0.59502696990966797,1790954205.1076441,0.00060105323791503906,0.085905105783160907,0.086515971021358926,-0.086655597361518469,0.02806489437206882,0.33527774930811072,0.0054977871437821386,0.057789999999999994,0.0058209999999999998,0.207313,3.0066088892405518,1.3207080982766293,3.0977848893647355,0.05776763113962928,0.0058204407143139167,0.20722774845078978,-0.24722363279952597,-0.08684847668888801,0.96505845288367098,0.01082218738607026,0.99566545138341334,0.092375262823143137,-0.96889801096172423,0.033281391471566606,-0.24521213945506534,8.8139125009864986e-05,4.1411546811054431e-05
0.60002684593200684,1790954205.112644,0.00060105323791503906,0.085905105783160907,0.086515971021358926,-0.086655597361518469,0.02806489437206882,0.33527774930811072,0.0054977871437821386,0.057789999999999994,0.0058209999999999998,0.207313,3.0066088892405518,1.3207080982766293,3.0977848893647355,0.05776763113962928,0.0058204407143139167,0.20722774845078978,-0.24722363279952597,-0.08684847668888801,0.96505845288367098,0.01082218738607026,0.99566545138341334,0.092375262823143137,-0.96889801096172423,0.033281391471566606,-0.24521213945506534,8.8139125009864986e-05,4.1411546811054431e-05
0.60502982139587402,1790954205.1176469,0.00060486793518066406,0.085905105783160907,0.086515971021358926,-0.086655597361518469,0.02806489437206882,0.33527774930811072,0.0054977871437821386,0.057789999999999994,0.0058209999999999998,0.207313,3.0066088892405518,1.3207080982766293,3.0977848893647355,0.05776763113962928,0.0058204407143139167,0.20722774845078978,-0.24722363279952597,-0.08684847668888801,0.96505845288367098,0.01082218738607026,0.99566545138341334,0.092375262823143137,-0.96889801096172423,0.033281391471566606,-0.24521213945506534,8.8139125009864986e-05,4.1411546811054431e-05
0.61002779006958008,1790954205.1226449,0.0006008148193359375,0.085905105783160907,0.086515971021358926,-0.086655597361518469,0.02806489437206882,0.33527774930811072,0.0054977871437821386,0.057789999999999994,0.0058209999999999998,0.207313,3.0066088892405518,1.3207080982766293,3.0977848893647355,0.05776763113962928,0.0058204407143139167,0.20722774845078978,-0.24722363279952597,-0.08684847668888801,0.96505845288367098,0.01082218738607026,0.99566545138341334,0.092375262823143137,-0.96889801096172423,0.033281391471566606,-0.24521213945506534,8.8139125009864986e-05,4.1411546811054431e-05
0.61502599716186523,1790954205.1276431,0.00060009956359863281,0.085905105783160907,0.086515971021358926,-0.086655597361518469,0.02806489437206882,0.33527774930811072,0.0054977871437821386,0.057789999999999994,0.0058209999999999998,0.207313,3.0066088892405518,1.3207080982766293,3.0977848893647355,0.05776763113962928,0.0058204407143139167,0.20722774845078978,-0.24722363279952597,-0.08684847668888801,0.96505845288367098,0.01082218738607026,0.99566545138341334,0.092375262823143137,-0.96889801096172423,0.033281391471566606,-0.24521213945506534,8.8139125009864986e-05,4.1411546811054431e-05
0.62002277374267578,1790954205.1326399,0.00059795379638671875,0.085905105783160907,0.086515971021358926,-0.086655597361518469,0.02806489437206882,0.33527774930811072,0.0054977871437821386,0.057789999999999994,0.0058209999999999998,0.207313,3.0066088892405518,1.3207080982766293,3.0977848893647355,0.05776763113962928,0.0058204407143139167,0.20722774845078978,-0.24722363279952597,-0.08684847668888801,0.96505845288367098,0.01082218738607026,0.99566545138341334,0.092375262823143137,-0.96889801096172423,0.033281391471566606,-0.24521213945506534,8.8139125009864986e-05,4.1411546811054431e-05
0.62502694129943848,1790954205.1376441,0.00060105323791503906,0.085905105783160907,0.086515971021358926,-0.086655597361518469,0.02806489437206882,0.33527774930811072,0.0054977871437821386,0.057789999999999994,0.0058209999999999998,0.207313,3.0066088892405518,1.3207080982766293,3.0977848893647355,0.05776763113962928,0.0058204407143139167,0.20722774845078978,-0.24722363279952597,-0.08684847668888801,0.96505845288367098,0.01082218738607026,0.99566545138341334,0.092375262823143137,-0.96889801096172423,0.033281391471566606,-0.24521213945506534,8.8139125009864986e-05,4.1411546811054431e-05
0.63002490997314453,1790954205.142642,0.00060009956359863281,0.085905105783160907,0.086515971021358926,-0.086655597361518469,0.02806489437206882,0.33527774930811072,0.0054977871437821386,0.057789999999999994,0.0058209999999999998,0.207313,3.0066088892405518,1.3207080982766293,3.0977848893647355,0.05776763113962928,0.0058204407143139167,0.20722774845078978,-0.24722363279952597,-0.08684847668888801,0.96505845288367098,0.01082218738607026,0.99566545138341334,0.092375262823143137,-0.96889801096172423,0.033281391471566606,-0.24521213945506534,8.8139125009864986e-05,4.1411546811054431e-05
0.6350247859954834,1790954205.1476419,0.00059986114501953125,0.085905105783160907,0.086515971021358926,-0.086655597361518469,0.02806489437206882,0.33527774930811072,0.0054977871437821386,0.057789999999999994,0.0058209999999999998,0.207313,3.0066088892405518,1.3207080982766293,3.0977848893647355,0.05776763113962928,0.0058204407143139167,0.20722774845078978,-0.24722363279952597,-0.08684847668888801,0.96505845288367098,0.01082218738607026,0.99566545138341334,0.092375262823143137,-0.96889801096172423,0.033281391471566606,-0.24521213945506534,8.8139125009864986e-05,4.1411546811054431e-05
0.64002490043640137,1790954205.152642,0.00060009956359863281,0.085905105783160907,0.086515971021358926,-0.086655597361518469,0.02806489437206882,0.33527774930811072,0.0054977871437821386,0.057789999999999994,0.0058209999999999998,0.207313,3.0066088892405518,1.3207080982766293,3.0977848893647355,0.05776763113962928,0.0058204407143139167,0.20722774845078978,-0.24722363279952597,-0.08684847668888801,0.96505845288367098,0.01082218738607026,0.99566545138341334,0.092375262823143137,-0.96889801096172423,0.033281391471566606,-0.24521213945506534,8.8139125009864986e-05,4.1411546811054431e-05
0.64502692222595215,1790954205.157644,0.00060200691223144531,0.085905105783160907,0.086515971021358926,-0.086655597361518469,0.02806489437206882,0.33527774930811072,0.0054977871437821386,0.057789999999999994,0.0058209999999999998,0.207313,3.0066088892405518,1.3207080982766293,3.0977848893647355,0.05776763113962928,0.0058204407143139167,0.20722774845078978,-0.24722363279952597,-0.08684847668888801,0.96505845288367098,0.01082218738607026,0.99566545138341334,0.092375262823143137,-0.96889801096172423,0.033281391471566606,-0.24521213945506534,8.8139125009864986e-05,4.1411546811054431e-05
0.64999985694885254,1790954205.162617,0.00057506561279296875,0.085905105783160907,0.086515971021358926,-0.086655597361518469,0.02806489437206882,0.33527774930811072,0.0054977871437821386,0.057789999999999994,0.0058209999999999998,0.207313,3.0066088892405518,1.3207080982766293,3.0977848893647355,0.05776763113962928,0.0058204407143139167,0.20722774845078978,-0.24722363279952597,-0.08684847668888801,0.96505845288367098,0.01082218738607026,0.99566545138341334,0.092375262823143137,-0.96889801096172423,0.033281391471566606,-0.24521213945506534,8.8139125009864986e-05,4.1411546811054431e-05
0.65502500534057617,1790954205.1676421,0.00059604644775390625,0.085905105783160907,0.086515971021358926,-0.086655597361518469,0.02806489437206882,0.33527774930811072,0.0054977871437821386,0.057789999999999994,0.0058209999999999998,0.207313,3.0066088892405518,1.3207080982766293,3.0977848893647355,0.05776763113962928,0.0058204407143139167,0.20722774845078978,-0.24722363279952597,-0.08684847668888801,0.96505845288367098,0.01082218738607026,0.99566545138341334,0.092375262823143137,-0.96889801096172423,0.033281391471566606,-0.24521213945506534,8.8139125009864986e-05,4.1411546811054431e-05
0.65999984741210938,1790954205.172617,0.00057506561279296875,0.085905105783160907,0.086515971021358926,-0.086655597361518469,0.02806489437206882,0.33527774930811072,0.0054977871437821386,0.057789999999999994,0.0058209999999999998,0.207313,3.0066088892405518,1.3207080982766293,3.0977848893647355,0.05776763113962928,0.0058204407143139167,0.20722774845078978,-0.24722363279952597,-0.08684847668888801,0.96505845288367098,0.01082218738607026,0.99566545138341334,0.092375262823143137,-0.96889801096172423,0.033281391471566606,-0.24521213945506534,8.8139125009864986e-05,4.1411546811054431e-05
0.66502499580383301,1790954205.1776421,0.00055003166198730469,0.085905105783160907,0.086515971021358926,-0.086655597361518469,0.02806489437206882,0.33527774930811072,0.0054977871437821386,0.057789999999999994,0.0058209999999999998,0.207313,3.0066088892405518,1.3207080982766293,3.0977848893647355,0.05776763113962928,0.0058204407143139167,0.20722774845078978,-0.24722363279952597,-0.08684847668888801,0.96505845288367098,0.01082218738607026,0.99566545138341334,0.092375262823143137,-0.96889801096172423,0.033281391471566606,-0.24521213945506534,8.8139125009864986e-05,4.1411546811054431e-05
0.67002487182617188,1790954205.182642,0.000598907470703125,0.085905105783160907,0.086515971021358926,-0.086655597361518469,0.02806489437206882,0.33527774930811072,0.0054977871437821386,0.057789999999999994,0.0058209999999999998,0.207313,3.0066088892405518,1.3207080982766293,3.0977848893647355,0.05776763113962928,0.0058204407143139167,0.20722774845078978,-0.24722363279952597,-0.08684847668888801,0.96505845288367098,0.01082218738607026,0.99566545138341334,0.092375262823143137,-0.96889801096172423,0.033281391471566606,-0.24521213945506534,8.8139125009864986e-05,4.1411546811054431e-05
0.67502784729003906,1790954205.187645,0.00060200691223144531,0.085905105783160907,0.086515971021358926,-0.086655597361518469,0.02806489437206882,0.33527774930811072,0.0054977871437821386,0.057789999999999994,0.0058209999999999998,0.207313,3.0066088892405518,1.3207080982766293,3.0977848893647355,0.05776763113962928,0.0058204407143139167,0.20722774845078978,-0.24722363279952597,-0.08684847668888801,0.96505845288367098,0.01082218738607026,0.99566545138341334,0.092375262823143137,-0.96889801096172423,0.033281391471566606,-0.24521213945506534,8.8139125009864986e-05,4.1411546811054431e-05
0.67999982833862305,1790954205.1926169,0.00057482719421386719,0.085905105783160907,0.086515971021358926,-0.086655597361518469,0.02806489437206882,0.33527774930811072,0.0054977871437821386,0.057789999999999994,0.0058209999999999998,0.207313,3.0066088892405518,1.3207080982766293,3.0977848893647355,0.05776763113962928,0.0058204407143139167,0.20722774845078978,-0.24722363279952597,-0.08684847668888801,0.96505845288367098,0.01082218738607026,0.99566545138341334,0.092375262823143137,-0.96889801096172423,0.033281391471566606,-0.24521213945506534,8.8139125009864986e-05,4.1411546811054431e-05
0.68502497673034668,1790954205.1976421,0.00054717063903808594,0.085905105783160907,0.086515971021358926,-0.086655597361518469,0.02806489437206882,0.33527774930811072,0.0054977871437821386,0.057789999999999994,0.0058209999999999998,0.207313,3.0066088892405518,1.3207080982766293,3.0977848893647355,0.05776763113962928,0.0058204407143139167,0.20722774845078978,-0.24722363279952597,-0.08684847668888801,0.96505845288367098,0.01082218738607026,0.99566545138341334,0.092375262823143137,-0.96889801096172423,0.033281391471566606,-0.24521213945506534,8.8139125009864986e-05,4.1411546811054431e-05
0.68999981880187988,1790954205.2026169,0.00057196617126464844,0.085905105783160907,0.086515971021358926,-0.086655597361518469,0.02806489437206882,0.33527774930811072,0.0054977871437821386,0.057789999999999994,0.0058209999999999998,0.207313,3.0066088892405518,1.3207080982766293,3.0977848893647355,0.05776763113962928,0.0058204407143139167,0.20722774845078978,-0.24722363279952597,-0.08684847668888801,0.96505845288367098,0.01082218738607026,0.99566545138341334,0.092375262823143137,-0.96889801096172423,0.033281391471566606,-0.24521213945506534,8.8139125009864986e-05,4.1411546811054431e-05
0.69502377510070801,1790954205.2076409,0.000598907470703125,0.085905105783160907,0.086515971021358926,-0.086655597361518469,0.02806489437206882,0.33527774930811072,0.0054977871437821386,0.057789999999999994,0.0058209999999999998,0.207313,3.0066088892405518,1.3207080982766293,3.0977848893647355,0.05776763113962928,0.0058204407143139167,0.20722774845078978,-0.24722363279952597,-0.08684847668888801,0.96505845288367098,0.01082218738607026,0.99566545138341334,0.092375262823143137,-0.96889801096172423,0.033281391471566606,-0.24521213945506534,8.8139125009864986e-05,4.1411546811054431e-05
0.70000195503234863,1790954205.2126191,0.00057315826416015625,0.085905105783160907,0.086515971021358926,-0.086655597361518469,0.02806489437206882,0.33527774930811072,0.0054977871437821386,0.057789999999999994,0.0058209999999999998,0.207313,3.0066088892405518,1.3207080982766293,3.0977848893647355,0.05776763113962928,0.0058204407143139167,0.20722774845078978,-0.24722363279952597,-0.08684847668888801,0.96505845288367098,0.01082218738607026,0.99566545138341334,0.092375262823143137,-0.96889801096172423,0.033281391471566606,-0.24521213945506534,8.8139125009864986e-05,4.1411546811054431e-05
0.70502591133117676,1790954205.217643,0.00059795379638671875,0.085905105783160907,0.086515971021358926,-0.086655597361518469,0.02806489437206882,0.33527774930811072,0.0054977871437821386,0.057789999999999994,0.0058209999999999998,0.207313,3.0066088892405518,1.3207080982766293,3.0977848893647355,0.05776763113962928,0.0058204407143139167,0.20722774845078978,-0.24722363279952597,-0.08684847668888801,0.96505845288367098,0.01082218738607026,0.99566545138341334,0.092375262823143137,-0.96889801096172423,0.033281391471566606,-0.24521213945506534,8.8139125009864986e-05,4.1411546811054431e-05
0.71002483367919922,1790954205.2226419,0.00059485435485839844,0.085905105783160907,0.086515971021358926,-0.086655597361518469,0.02806489437206882,0.33527774930811072,0.0054977871437821386,0.057789999999999994,0.0058209999999999998,0.207313,3.0066088892405518,1.3207080982766293,3.0977848893647355,0.05776763113962928,0.0058204407143139167,0.20722774845078978,-0.24722363279952597,-0.08684847668888801,0.96505845288367098,0.01082218738607026,0.99566545138341334,0.092375262823143137,-0.96889801096172423,0.033281391471566606,-0.24521213945506534,8.8139125009864986e-05,4.1411546811054431e-05
0.71502494812011719,1790954205.2276421,0.00059795379638671875,0.085905105783160907,0.086515971021358926,-0.086655597361518469,0.02806489437206882,0.33527774930811072,0.0054977871437821386,0.057789999999999994,0.0058209999999999998,0.207313,3.0066088892405518,1.3207080982766293,3.0977848893647355,0.05776763113962928,0.0058204407143139167,0.20722774845078978,-0.24722363279952597,-0.08684847668888801,0.96505845288367098,0.01082218738607026,0.99566545138341334,0.092375262823143137,-0.96889801096172423,0.033281391471566606,-0.24521213945506534,8.8139125009864986e-05,4.1411546811054431e-05
0.72002482414245605,1790954205.2326419,0.000598907470703125,0.085905105783160907,0.086515971021358926,-0.086655597361518469,0.02806489437206882,0.33527774930811072,0.0054977871437821386,0.057789999999999994,0.0058209999999999998,0.207313,3.0066088892405518,1.3207080982766293,3.0977848893647355,0.05776763113962928,0.0058204407143139167,0.20722774845078978,-0.24722363279952597,-0.08684847668888801,0.96505845288367098,0.01082218738607026,0.99566545138341334,0.092375262823143137,-0.96889801096172423,0.033281391471566606,-0.24521213945506534,8.8139125009864986e-05,4.1411546811054431e-05
0.72502589225769043,1790954205.237643,0.0005970001220703125,0.085905105783160907,0.086515971021358926,-0.086655597361518469,0.02806489437206882,0.33527774930811072,0.0054977871437821386,0.057789999999999994,0.0058209999999999998,0.207313,3.0066088892405518,1.3207080982766293,3.0977848893647355,0.05776763113962928,0.0058204407143139167,0.20722774845078978,-0.24722363279952597,-0.08684847668888801,0.96505845288367098,0.01082218738607026,0.99566545138341334,0.092375262823143137,-0.96889801096172423,0.033281391471566606,-0.24521213945506534,8.8139125009864986e-05,4.1411546811054431e-05
0.72999978065490723,1790954205.2426169,0.00057578086853027344,0.085905105783160907,0.086515971021358926,-0.086655597361518469,0.02806489437206882,0.33527774930811072,0.0054977871437821386,0.057789999999999994,0.0058209999999999998,0.207313,3.0066088892405518,1.3207080982766293,3.0977848893647355,0.05776763113962928,0.0058204407143139167,0.20722774845078978,-0.24722363279952597,-0.08684847668888801,0.96505845288367098,0.01082218738607026,0.99566545138341334,0.092375262823143137,-0.96889801096172423,0.033281391471566606,-0.24521213945506534,8.8139125009864986e-05,4.1411546811054431e-05
0.73502588272094727,1790954205.247643,0.00060200691223144531,0.085905105783160907,0.086515971021358926,-0.086655597361518469,0.02806489437206882,0.33527774930811072,0.0054977871437821386,0.057789999999999994,0.0058209999999999998,0.207313,3.0066088892405518,1.3207080982766293,3.0977848893647355,0.05776763113962928,0.0058204407143139167,0.20722774845078978,-0.24722363279952597,-0.08684847668888801,0.96505845288367098,0.01082218738607026,0.99566545138341334,0.092375262823143137,-0.96889801096172423,0.033281391471566606,-0.24521213945506534,8.8139125009864986e-05,4.1411546811054431e-05
0.74002599716186523,1790954205.2526431,0.0005970001220703125,0.085905105783160907,0.086515971021358926,-0.086655597361518469,0.02806489437206882,0.33527774930811072,0.0054977871437821386,0.057789999999999994,0.0058209999999999998,0.207313,3.0066088892405518,1.3207080982766293,3.0977848893647355,0.05776763113962928,0.0058204407143139167,0.20722774845078978,-0.24722363279952597,-0.08684847668888801,0.96505845288367098,0.01082218738607026,0.99566545138341334,0.092375262823143137,-0.96889801096172423,0.033281391471566606,-0.24521213945506534,8.8139125009864986e-05,4.1411546811054431e-05
0.7450258731842041,1790954205.257643,0.00055003166198730469,0.085905105783160907,0.086515971021358926,-0.086655597361518469,0.02806489437206882,0.33527774930811072,0.0054977871437821386,0.057789999999999994,0.0058209999999999998,0.207313,3.0066088892405518,1.3207080982766293,3.0977848893647355,0.05776763113962928,0.0058204407143139167,0.20722774845078978,-0.24722363279952597,-0.08684847668888801,0.96505845288367098,0.01082218738607026,0.99566545138341334,0.092375262823143137,-0.96889801096172423,0.033281391471566606,-0.24521213945506534,8.8139125009864986e-05,4.1411546811054431e-05
0.75,1790954205.2626171,0.00059914588928222656,0.085905105783160907,0.086515971021358926,-0.086655597361518469,0.02806489437206882,0.33527774930811072,0.0054977871437821386,0.057789999999999994,0.0058209999999999998,0.207313,3.0066088892405518,1.3207080982766293,3.0977848893647355,0.05776763113962928,0.0058204407143139167,0.20722774845078978,-0.24722363279952597,-0.08684847668888801,0.96505845288367098,0.01082218738607026,0.99566545138341334,0.092375262823143137,-0.96889801096172423,0.033281391471566606,-0.24521213945506534,8.8139125009864986e-05,4.1411546811054431e-05
0.75502681732177734,1790954205.2676439,0.00055384635925292969,0.085905105783160907,0.086515971021358926,-0.086655597361518469,0.02806489437206882,0.33527774930811072,0.0054977871437821386,0.057789999999999994,0.0058209999999999998,0.207313,3.0066088892405518,1.3207080982766293,3.0977848893647355,0.05776763113962928,0.0058204407143139167,0.20722774845078978,-0.24722363279952597,-0.08684847668888801,0.96505845288367098,0.01082218738607026,0.99566545138341334,0.092375262823143137,-0.96889801096172423,0.033281391471566606,-0.24521213945506534,8.8139125009864986e-05,4.1411546811054431e-05
0.76002883911132812,1790954205.272646,0.0005970001220703125,0.085905105783160907,0.086515971021358926,-0.086655597361518469,0.02806489437206882,0.33527774930811072,0.0054977871437821386,0.057789999999999994,0.0058209999999999998,0.207313,3.0066088892405518,1.3207080982766293,3.0977848893647355,0.05776763113962928,0.0058204407143139167,0.20722774845078978,-0.24722363279952597,-0.08684847668888801,0.96505845288367098,0.01082218738607026,0.99566545138341334,0.092375262823143137,-0.96889801096172423,0.033281391471566606,-0.24521213945506534,8.8139125009864986e-05,4.1411546811054431e-05
0.76502680778503418,1790954205.2776439,0.0005970001220703125,0.085905105783160907,0.086515971021358926,-0.086655597361518469,0.02806489437206882,0.33527774930811072,0.0054977871437821386,0.057789999999999994,0.0058209999999999998,0.207313,3.0066088892405518,1.3207080982766293,3.0977848893647355,0.05776763113962928,0.0058204407143139167,0.20722774845078978,-0.24722363279952597,-0.08684847668888801,0.96505845288367098,0.01082218738607026,0.99566545138341334,0.092375262823143137,-0.96889801096172423,0.033281391471566606,-0.24521213945506534,8.8139125009864986e-05,4.1411546811054431e-05
0.77002692222595215,1790954205.282644,0.00060296058654785156,0.085905105783160907,0.086515971021358926,-0.086655597361518469,0.02806489437206882,0.33527774930811072,0.0054977871437821386,0.057789999999999994,0.0058209999999999998,0.207313,3.0066088892405518,1.3207080982766293,3.0977848893647355,0.05776763113962928,0.0058204407143139167,0.20722774845078978,-0.24722363279952597,-0.08684847668888801,0.96505845288367098,0.01082218738607026,0.99566545138341334,0.092375262823143137,-0.96889801096172423,0.033281391471566606,-0.24521213945506534,8.8139125009864986e-05,4.1411546811054431e-05
0.7750239372253418,1790954205.287641,0.00059795379638671875,0.085905105783160907,0.086515971021358926,-0.086655597361518469,0.02806489437206882,0.33527774930811072,0.0054977871437821386,0.057789999999999994,0.0058209999999999998,0.207313,3.0066088892405518,1.3207080982766293,3.0977848893647355,0.05776763113962928,0.0058204407143139167,0.20722774845078978,-0.24722363279952597,-0.08684847668888801,0.96505845288367098,0.01082218738607026,0.99566545138341334,0.092375262823143137,-0.96889801096172423,0.033281391471566606,-0.24521213945506534,8.8139125009864986e-05,4.1411546811054431e-05
0.78002786636352539,1790954205.292645,0.00060105323791503906,0.085905105783160907,0.086515971021358926,-0.086655597361518469,0.02806489437206882,0.33527774930811072,0.0054977871437821386,0.057789999999999994,0.0058209999999999998,0.207313,3.0066088892405518,1.3207080982766293,3.0977848893647355,0.05776763113962928,0.0058204407143139167,0.20722774845078978,-0.24722363279952597,-0.08684847668888801,0.96505845288367098,0.01082218738607026,0.99566545138341334,0.092375262823143137,-0.96889801096172423,0.033281391471566606,-0.24521213945506534,8.8139125009864986e-05,4.1411546811054431e-05
0.78502583503723145,1790954205.2976429,0.00055003166198730469,0.085905105783160907,0.086515971021358926,-0.086655597361518469,0.02806489437206882,0.33527774930811072,0.0054977871437821386,0.057789999999999994,0.0058209999999999998,0.207313,3.0066088892405518,1.3207080982766293,3.0977848893647355,0.05776763113962928,0.0058204407143139167,0.20722774845078978,-0.24722363279952597,-0.08684847668888801,0.96505845288367098,0.01082218738607026,0.99566545138341334,0.092375262823143137,-0.96889801096172423,0.033281391471566606,-0.24521213945506534,8.8139125009864986e-05,4.1411546811054431e-05
0.79002594947814941,1790954205.3026431,0.00060009956359863281,0.085905105783160907,0.086515971021358926,-0.086655597361518469,0.02806489437206882,0.33527774930811072,0.0054977871437821386,0.057789999999999994,0.0058209999999999998,0.207313,3.0066088892405518,1.3207080982766293,3.0977848893647355,0.05776763113962928,0.0058204407143139167,0.20722774845078978,-0.24722363279952597,-0.08684847668888801,0.96505845288367098,0.01082218738607026,0.99566545138341334,0.092375262823143137,-0.96889801096172423,0.033281391471566606,-0.24521213945506534,8.8139125009864986e-05,4.1411546811054431e-05
0.79502487182617188,1790954205.307642,0.00055098533630371094,0.085905105783160907,0.086515971021358926,-0.086655597361518469,0.02806489437206882,0.33527774930811072,0.0054977871437821386,0.057789999999999994,0.0058209999999999998,0.207313,3.0066088892405518,1.3207080982766293,3.0977848893647355,0.05776763113962928,0.0058204407143139167,0.20722774845078978,-0.24722363279952597,-0.08684847668888801,0.96505845288367098,0.01082218738607026,0.99566545138341334,0.092375262823143137,-0.96889801096172423,0.033281391471566606,-0.24521213945506534,8.8139125009864986e-05,4.1411546811054431e-05
0.80002593994140625,1790954205.3126431,0.00060200691223144531,0.085905105783160907,0.086515971021358926,-0.086655597361518469,0.02806489437206882,0.33527774930811072,0.0054977871437821386,0.057789999999999994,0.0058209999999999998,0.207313,3.0066088892405518,1.3207080982766293,3.0977848893647355,0.05776763113962928,0.0058204407143139167,0.20722774845078978,-0.24722363279952597,-0.08684847668888801,0.96505845288367098,0.01082218738607026,0.99566545138341334,0.092375262823143137,-0.96889801096172423,0.033281391471566606,-0.24521213945506534,8.8139125009864986e-05,4.1411546811054431e-05
0.80502486228942871,1790954205.317642,0.0005970001220703125,0.085905105783160907,0.086515971021358926,-0.086655597361518469,0.02806489437206882,0.33527774930811072,0.0054977871437821386,0.057789999999999994,0.0058209999999999998,0.207313,3.0066088892405518,1.3207080982766293,3.0977848893647355,0.05776763113962928,0.0058204407143139167,0.20722774845078978,-0.24722363279952597,-0.08684847668888801,0.96505845288367098,0.01082218738607026,0.99566545138341334,0.092375262823143137,-0.96889801096172423,0.033281391471566606,-0.24521213945506534,8.8139125009864986e-05,4.1411546811054431e-05
0.81002593040466309,1790954205.322643,0.00060009956359863281,0.085905105783160907,0.086515971021358926,-0.086655597361518469,0.02806489437206882,0.33527774930811072,0.0054977871437821386,0.057789999999999994,0.0058209999999999998,0.207313,3.0066088892405518,1.3207080982766293,3.0977848893647355,0.05776763113962928,0.0058204407143139167,0.20722774845078978,-0.24722363279952597,-0.08684847668888801,0.96505845288367098,0.01082218738607026,0.99566545138341334,0.092375262823143137,-0.96889801096172423,0.033281391471566606,-0.24521213945506534,8.8139125009864986e-05,4.1411546811054431e-05
0.81502485275268555,1790954205.327642,0.00055003166198730469,0.085905105783160907,0.086515971021358926,-0.086655597361518469,0.02806489437206882,0.33527774930811072,0.0054977871437821386,0.057789999999999994,0.0058209999999999998,0.207313,3.0066088892405518,1.3207080982766293,3.0977848893647355,0.05776763113962928,0.0058204407143139167,0.20722774845078978,-0.24722363279952597,-0.08684847668888801,0.96505845288367098,0.01082218738607026,0.99566545138341334,0.092375262823143137,-0.96889801096172423,0.033281391471566606,-0.24521213945506534,8.8139125009864986e-05,4.1411546811054431e-05
0.82002782821655273,1790954205.3326449,0.00060105323791503906,0.085905105783160907,0.086515971021358926,-0.086655597361518469,0.02806489437206882,0.33527774930811072,0.0054977871437821386,0.057789999999999994,0.0058209999999999998,0.207313,3.0066088892405518,1.3207080982766293,3.0977848893647355,0.05776763113962928,0.0058204407143139167,0.20722774845078978,-0.24722363279952597,-0.08684847668888801,0.96505845288367098,0.01082218738607026,0.99566545138341334,0.092375262823143137,-0.96889801096172423,0.033281391471566606,-0.24521213945506534,8.8139125009864986e-05,4.1411546811054431e-05
0.82502985000610352,1790954205.337647,0.0005550384521484375,0.085905105783160907,0.086515971021358926,-0.086655597361518469,0.02806489437206882,0.33527774930811072,0.0054977871437821386,0.057789999999999994,0.0058209999999999998,0.207313,3.0066088892405518,1.3207080982766293,3.0977848893647355,0.05776763113962928,0.0058204407143139167,0.20722774845078978,-0.24722363279952597,-0.08684847668888801,0.96505845288367098,0.01082218738607026,0.99566545138341334,0.092375262823143137,-0.96889801096172423,0.033281391471566606,-0.24521213945506534,8.8139125009864986e-05,4.1411546811054431e-05
0.82999992370605469,1790954205.342617,0.00056815147399902344,0.085905105783160907,0.086515971021358926,-0.086655597361518469,0.02806489437206882,0.33527774930811072,0.0054977871437821386,0.057789999999999994,0.0058209999999999998,0.207313,3.0066088892405518,1.3207080982766293,3.0977848893647355,0.05776763113962928,0.0058204407143139167,0.20722774845078978,-0.24722363279952597,-0.08684847668888801,0.96505845288367098,0.01082218738607026,0.99566545138341334,0.092375262823143137,-0.96889801096172423,0.033281391471566606,-0.24521213945506534,8.8139125009864986e-05,4.1411546811054431e-05
0.83502483367919922,1790954205.3476419,0.00054693222045898438,0.085905105783160907,0.086515971021358926,-0.086655597361518469,0.02806489437206882,0.33527774930811072,0.0054977871437821386,0.057789999999999994,0.0058209999999999998,0.207313,3.0066088892405518,1.3207080982766293,3.0977848893647355,0.05776763113962928,0.0058204407143139167,0.20722774845078978,-0.24722363279952597,-0.08684847668888801,0.96505845288367098,0.01082218738607026,0.99566545138341334,0.092375262823143137,-0.96889801096172423,0.033281391471566606,-0.24521213945506534,8.8139125009864986e-05,4.1411546811054431e-05
0.84002494812011719,1790954205.3526421,0.00060009956359863281,0.085905105783160907,0.086515971021358926,-0.086655597361518469,0.02806489437206882,0.33527774930811072,0.0054977871437821386,0.057789999999999994,0.0058209999999999998,0.207313,3.0066088892405518,1.3207080982766293,3.0977848893647355,0.05776763113962928,0.0058204407143139167,0.20722774845078978,-0.24722363279952597,-0.08684847668888801,0.96505845288367098,0.01082218738607026,0.99566545138341334,0.092375262823143137,-0.96889801096172423,0.033281391471566606,-0.24521213945506534,8.8139125009864986e-05,4.1411546811054431e-05
0.84502482414245605,1790954205.3576419,0.00059485435485839844,0.085905105783160907,0.086515971021358926,-0.086655597361518469,0.02806489437206882,0.33527774930811072,0.0054977871437821386,0.057789999999999994,0.0058209999999999998,0.207313,3.0066088892405518,1.3207080982766293,3.0977848893647355,0.05776763113962928,0.0058204407143139167,0.20722774845078978,-0.24722363279952597,-0.08684847668888801,0.96505845288367098,0.01082218738607026,0.99566545138341334,0.092375262823143137,-0.96889801096172423,0.033281391471566606,-0.24521213945506534,8.8139125009864986e-05,4.1411546811054431e-05
0.85002779960632324,1790954205.3626449,0.0005970001220703125,0.085905105783160907,0.086515971021358926,-0.086655597361518469,0.02806489437206882,0.33527774930811072,0.0054977871437821386,0.057789999999999994,0.0058209999999999998,0.207313,3.0066088892405518,1.3207080982766293,3.0977848893647355,0.05776763113962928,0.0058204407143139167,0.20722774845078978,-0.24722363279952597,-0.08684847668888801,0.96505845288367098,0.01082218738607026,0.99566545138341334,0.092375262823143137,-0.96889801096172423,0.033281391471566606,-0.24521213945506534,8.8139125009864986e-05,4.1411546811054431e-05
0.8550269603729248,1790954205.3676441,0.0005931854248046875,0.085905105783160907,0.086515971021358926,-0.086655597361518469,0.02806489437206882,0.33527774930811072,0.0054977871437821386,0.057789999999999994,0.0058209999999999998,0.207313,3.0066088892405518,1.3207080982766293,3.0977848893647355,0.05776763113962928,0.0058204407143139167,0.20722774845078978,-0.24722363279952597,-0.08684847668888801,0.96505845288367098,0.01082218738607026,0.99566545138341334,0.092375262823143137,-0.96889801096172423,0.033281391471566606,-0.24521213945506534,8.8139125009864986e-05,4.1411546811054431e-05
0.86002588272094727,1790954205.372643,0.00060200691223144531,0.085905105783160907,0.086515971021358926,-0.086655597361518469,0.02806489437206882,0.33527774930811072,0.0054977871437821386,0.057789999999999994,0.0058209999999999998,0.207313,3.0066088892405518,1.3207080982766293,3.0977848893647355,0.05776763113962928,0.0058204407143139167,0.20722774845078978,-0.24722363279952597,-0.08684847668888801,0.96505845288367098,0.01082218738607026,0.99566545138341334,0.092375262823143137,-0.96889801096172423,0.033281391471566606,-0.24521213945506534,8.8139125009864986e-05,4.1411546811054431e-05
0.86502599716186523,1790954205.3776431,0.0005970001220703125,0.085905105783160907,0.086515971021358926,-0.086655597361518469,0.02806489437206882,0.33527774930811072,0.0054977871437821386,0.057789999999999994,0.0058209999999999998,0.207313,3.0066088892405518,1.3207080982766293,3.0977848893647355,0.05776763113962928,0.0058204407143139167,0.20722774845078978,-0.24722363279952597,-0.08684847668888801,0.96505845288367098,0.01082218738607026,0.99566545138341334,0.092375262823143137,-0.96889801096172423,0.033281391471566606,-0.24521213945506534,8.8139125009864986e-05,4.1411546811054431e-05
0.87000083923339844,1790954205.382618,0.00057005882263183594,0.085905105783160907,0.086515971021358926,-0.086655597361518469,0.02806489437206882,0.33527774930811072,0.0054977871437821386,0.057789999999999994,0.0058209999999999998,0.207313,3.0066088892405518,1.3207080982766293,3.0977848893647355,0.05776763113962928,0.0058204407143139167,0.20722774845078978,-0.24722363279952597,-0.08684847668888801,0.96505845288367098,0.01082218738607026,0.99566545138341334,0.092375262823143137,-0.96889801096172423,0.033281391471566606,-0.24521213945506534,8.8139125009864986e-05,4.1411546811054431e-05
0.87502789497375488,1790954205.387645,0.000598907470703125,0.085905105783160907,0.086515971021358926,-0.086655597361518469,0.02806489437206882,0.33527774930811072,0.0054977871437821386,0.057789999999999994,0.0058209999999999998,0.207313,3.0066088892405518,1.3207080982766293,3.0977848893647355,0.05776763113962928,0.0058204407143139167,0.20722774845078978,-0.24722363279952597,-0.08684847668888801,0.96505845288367098,0.01082218738607026,0.99566545138341334,0.092375262823143137,-0.96889801096172423,0.033281391471566606,-0.24521213945506534,8.8139125009864986e-05,4.1411546811054431e-05
0.88002777099609375,1790954205.3926449,0.00059294700622558594,0.085905105783160907,0.086515971021358926,-0.086655597361518469,0.02806489437206882,0.33527774930811072,0.0054977871437821386,0.057789999999999994,0.0058209999999999998,0.207313,3.0066088892405518,1.3207080982766293,3.0977848893647355,0.05776763113962928,0.0058204407143139167,0.20722774845078978,-0.24722363279952597,-0.08684847668888801,0.96505845288367098,0.01082218738607026,0.99566545138341334,0.092375262823143137,-0.96889801096172423,0.033281391471566606,-0.24521213945506534,8.8139125009864986e-05,4.1411546811054431e-05
0.8850247859954834,1790954205.3976419,0.00059986114501953125,0.085905105783160907,0.086515971021358926,-0.086655597361518469,0.02806489437206882,0.33527774930811072,0.0054977871437821386,0.057789999999999994,0.0058209999999999998,0.207313,3.0066088892405518,1.3207080982766293,3.0977848893647355,0.05776763113962928,0.0058204407143139167,0.20722774845078978,-0.24722363279952597,-0.08684847668888801,0.96505845288367098,0.01082218738607026,0.99566545138341334,0.092375262823143137,-0.96889801096172423,0.033281391471566606,-0.24521213945506534,8.8139125009864986e-05,4.1411546811054431e-05
0.89002585411071777,1790954205.402643,0.0005970001220703125,0.085905105783160907,0.086515971021358926,-0.086655597361518469,0.02806489437206882,0.33527774930811072,0.0054977871437821386,0.057789999999999994,0.0058209999999999998,0.207313,3.0066088892405518,1.3207080982766293,3.0977848893647355,0.05776763113962928,0.0058204407143139167,0.20722774845078978,-0.24722363279952597,-0.08684847668888801,0.96505845288367098,0.01082218738607026,0.99566545138341334,0.092375262823143137,-0.96889801096172423,0.033281391471566606,-0.24521213945506534,8.8139125009864986e-05,4.1411546811054431e-05
0.89502596855163574,1790954205.4076431,0.00054812431335449219,0.085905105783160907,0.086515971021358926,-0.086655597361518469,0.02806489437206882,0.33527774930811072,0.0054977871437821386,0.057789999999999994,0.0058209999999999998,0.207313,3.0066088892405518,1.3207080982766293,3.0977848893647355,0.05776763113962928,0.0058204407143139167,0.20722774845078978,-0.24722363279952597,-0.08684847668888801,0.96505845288367098,0.01082218738607026,0.99566545138341334,0.092375262823143137,-0.96889801096172423,0.033281391471566606,-0.24521213945506534,8.8139125009864986e-05,4.1411546811054431e-05
0.9000248908996582,1790954205.412642,0.00059795379638671875,0.085905105783160907,0.086515971021358926,-0.086655597361518469,0.02806489437206882,0.33527774930811072,0.0054977871437821386,0.057789999999999994,0.0058209999999999998,0.207313,3.0066088892405518,1.3207080982766293,3.0977848893647355,0.05776763113962928,0.0058204407143139167,0.20722774845078978,-0.24722363279952597,-0.08684847668888801,0.96505845288367098,0.01082218738607026,0.99566545138341334,0.092375262823143137,-0.96889801096172423,0.033281391471566606,-0.24521213945506534,8.8139125009864986e-05,4.1411546811054431e-05
0.90502500534057617,1790954205.4176421,0.00059914588928222656,0.085905105783160907,0.086515971021358926,-0.086655597361518469,0.02806489437206882,0.33527774930811072,0.0054977871437821386,0.057789999999999994,0.0058209999999999998,0.207313,3.0066088892405518,1.3207080982766293,3.0977848893647355,0.05776763113962928,0.0058204407143139167,0.20722774845078978,-0.24722363279952597,-0.08684847668888801,0.96505845288367098,0.01082218738607026,0.99566545138341334,0.092375262823143137,-0.96889801096172423,0.033281391471566606,-0.24521213945506534,8.8139125009864986e-05,4.1411546811054431e-05
0.91002583503723145,1790954205.4226429,0.00059986114501953125,0.085905105783160907,0.086515971021358926,-0.086655597361518469,0.02806489437206882,0.33527774930811072,0.0054977871437821386,0.057789999999999994,0.0058209999999999998,0.207313,3.0066088892405518,1.3207080982766293,3.0977848893647355,0.05776763113962928,0.0058204407143139167,0.20722774845078978,-0.24722363279952597,-0.08684847668888801,0.96505845288367098,0.01082218738607026,0.99566545138341334,0.092375262823143137,-0.96889801096172423,0.033281391471566606,-0.24521213945506534,8.8139125009864986e-05,4.1411546811054431e-05
0.91502499580383301,1790954205.4276421,0.00060009956359863281,0.085905105783160907,0.086515971021358926,-0.086655597361518469,0.02806489437206882,0.33527774930811072,0.0054977871437821386,0.057789999999999994,0.0058209999999999998,0.207313,3.0066088892405518,1.3207080982766293,3.0977848893647355,0.05776763113962928,0.0058204407143139167,0.20722774845078978,-0.24722363279952597,-0.08684847668888801,0.96505845288367098,0.01082218738607026,0.99566545138341334,0.092375262823143137,-0.96889801096172423,0.033281391471566606,-0.24521213945506534,8.8139125009864986e-05,4.1411546811054431e-05
0.92002487182617188,1790954205.432642,0.00060009956359863281,0.085905105783160907,0.086515971021358926,-0.086655597361518469,0.02806489437206882,0.33527774930811072,0.0054977871437821386,0.057789999999999994,0.0058209999999999998,0.207313,3.0066088892405518,1.3207080982766293,3.0977848893647355,0.05776763113962928,0.0058204407143139167,0.20722774845078978,-0.24722363279952597,-0.08684847668888801,0.96505845288367098,0.01082218738607026,0.99566545138341334,0.092375262823143137,-0.96889801096172423,0.033281391471566606,-0.24521213945506534,8.8139125009864986e-05,4.1411546811054431e-05
0.92502498626708984,1790954205.4376421,0.00054907798767089844,0.085905105783160907,0.086515971021358926,-0.086655597361518469,0.02806489437206882,0.33527774930811072,0.0054977871437821386,0.057789999999999994,0.0058209999999999998,0.207313,3.0066088892405518,1.3207080982766293,3.0977848893647355,0.05776763113962928,0.0058204407143139167,0.20722774845078978,-0.24722363279952597,-0.08684847668888801,0.96505845288367098,0.01082218738607026,0.99566545138341334,0.092375262823143137,-0.96889801096172423,0.033281391471566606,-0.24521213945506534,8.8139125009864986e-05,4.1411546811054431e-05
0.93002486228942871,1790954205.442642,0.000598907470703125,0.085905105783160907,0.086515971021358926,-0.086655597361518469,0.02806489437206882,0.33527774930811072,0.0054977871437821386,0.057789999999999994,0.0058209999999999998,0.207313,3.0066088892405518,1.3207080982766293,3.0977848893647355,0.05776763113962928,0.0058204407143139167,0.20722774845078978,-0.24722363279952597,-0.08684847668888801,0.96505845288367098,0.01082218738607026,0.99566545138341334,0.092375262823143137,-0.96889801096172423,0.033281391471566606,-0.24521213945506534,8.8139125009864986e-05,4.1411546811054431e-05
0.93502497673034668,1790954205.4476421,0.00059914588928222656,0.085905105783160907,0.086515971021358926,-0.086655597361518469,0.02806489437206882,0.33527774930811072,0.0054977871437821386,0.057789999999999994,0.0058209999999999998,0.207313,3.0066088892405518,1.3207080982766293,3.0977848893647355,0.05776763113962928,0.0058204407143139167,0.20722774845078978,-0.24722363279952597,-0.08684847668888801,0.96505845288367098,0.01082218738607026,0.99566545138341334,0.092375262823143137,-0.96889801096172423,0.033281391471566606,-0.24521213945506534,8.8139125009864986e-05,4.1411546811054431e-05
0.94002580642700195,1790954205.4526429,0.000598907470703125,0.085905105783160907,0.086515971021358926,-0.086655597361518469,0.02806489437206882,0.33527774930811072,0.0054977871437821386,0.057789999999999994,0.0058209999999999998,0.207313,3.0066088892405518,1.3207080982766293,3.0977848893647355,0.05776763113962928,0.0058204407143139167,0.20722774845078978,-0.24722363279952597,-0.08684847668888801,0.96505845288367098,0.01082218738607026,0.99566545138341334,0.092375262823143137,-0.96889801096172423,0.033281391471566606,-0.24521213945506534,8.8139125009864986e-05,4.1411546811054431e-05
0.94502592086791992,1790954205.457643,0.00060009956359863281,0.085905105783160907,0.086515971021358926,-0.086655597361518469,0.02806489437206882,0.33527774930811072,0.0054977871437821386,0.057789999999999994,0.0058209999999999998,0.207313,3.0066088892405518,1.3207080982766293,3.0977848893647355,0.05776763113962928,0.0058204407143139167,0.20722774845078978,-0.24722363279952597,-0.08684847668888801,0.96505845288367098,0.01082218738607026,0.99566545138341334,0.092375262823143137,-0.96889801096172423,0.033281391471566606,-0.24521213945506534,8.8139125009864986e-05,4.1411546811054431e-05
0.9500269889831543,1790954205.4626441,0.00060105323791503906,0.085905105783160907,0.086515971021358926,-0.086655597361518469,0.02806489437206882,0.33527774930811072,0.0054977871437821386,0.057789999999999994,0.0058209999999999998,0.207313,3.0066088892405518,1.3207080982766293,3.0977848893647355,0.05776763113962928,0.0058204407143139167,0.20722774845078978,-0.24722363279952597,-0.08684847668888801,0.96505845288367098,0.01082218738607026,0.99566545138341334,0.092375262823143137,-0.96889801096172423,0.033281391471566606,-0.24521213945506534,8.8139125009864986e-05,4.1411546811054431e-05
0.95502495765686035,1790954205.4676421,0.00054717063903808594,0.085905105783160907,0.086515971021358926,-0.086655597361518469,0.02806489437206882,0.33527774930811072,0.0054977871437821386,0.057789999999999994,0.0058209999999999998,0.207313,3.0066088892405518,1.3207080982766293,3.0977848893647355,0.05776763113962928,0.0058204407143139167,0.20722774845078978,-0.24722363279952597,-0.08684847668888801,0.96505845288367098,0.01082218738607026,0.99566545138341334,0.092375262823143137,-0.96889801096172423,0.033281391471566606,-0.24521213945506534,8.8139125009864986e-05,4.1411546811054431e-05
0.95999979972839355,1790954205.4726169,0.00057482719421386719,0.085905105783160907,0.086515971021358926,-0.086655597361518469,0.02806489437206882,0.33527774930811072,0.0054977871437821386,0.057789999999999994,0.0058209999999999998,0.207313,3.0066088892405518,1.3207080982766293,3.0977848893647355,0.05776763113962928,0.0058204407143139167,0.20722774845078978,-0.24722363279952597,-0.08684847668888801,0.96505845288367098,0.01082218738607026,0.99566545138341334,0.092375262823143137,-0.96889801096172423,0.033281391471566606,-0.24521213945506534,8.8139125009864986e-05,4.1411546811054431e-05
0.96502494812011719,1790954205.4776421,0.00054311752319335938,0.085905105783160907,0.086515971021358926,-0.086655597361518469,0.02806489437206882,0.33527774930811072,0.0054977871437821386,0.057789999999999994,0.0058209999999999998,0.207313,3.0066088892405518,1.3207080982766293,3.0977848893647355,0.05776763113962928,0.0058204407143139167,0.20722774845078978,-0.24722363279952597,-0.08684847668888801,0.96505845288367098,0.01082218738607026,0.99566545138341334,0.092375262823143137,-0.96889801096172423,0.033281391471566606,-0.24521213945506534,8.8139125009864986e-05,4.1411546811054431e-05
0.96999979019165039,1790954205.4826169,0.00057291984558105469,0.085905105783160907,0.086515971021358926,-0.086655597361518469,0.02806489437206882,0.33527774930811072,0.0054977871437821386,0.057789999999999994,0.0058209999999999998,0.207313,3.0066088892405518,1.3207080982766293,3.0977848893647355,0.05776763113962928,0.0058204407143139167,0.20722774845078978,-0.24722363279952597,-0.08684847668888801,0.96505845288367098,0.01082218738607026,0.99566545138341334,0.092375262823143137,-0.96889801096172423,0.033281391471566606,-0.24521213945506534,8.8139125009864986e-05,4.1411546811054431e-05
0.97502493858337402,1790954205.487642,0.00059914588928222656,0.085905105783160907,0.086515971021358926,-0.086655597361518469,0.02806489437206882,0.33527774930811072,0.0054977871437821386,0.057789999999999994,0.0058209999999999998,0.207313,3.0066088892405518,1.3207080982766293,3.0977848893647355,0.05776763113962928,0.0058204407143139167,0.20722774845078978,-0.24722363279952597,-0.08684847668888801,0.96505845288367098,0.01082218738607026,0.99566545138341334,0.092375262823143137,-0.96889801096172423,0.033281391471566606,-0.24521213945506534,8.8139125009864986e-05,4.1411546811054431e-05
0.98000097274780273,1790954205.4926181,0.00057315826416015625,0.085905105783160907,0.086515971021358926,-0.086655597361518469,0.02806489437206882,0.33527774930811072,0.0054977871437821386,0.057789999999999994,0.0058209999999999998,0.207313,3.0066088892405518,1.3207080982766293,3.0977848893647355,0.05776763113962928,0.0058204407143139167,0.20722774845078978,-0.24722363279952597,-0.08684847668888801,0.96505845288367098,0.01082218738607026,0.99566545138341334,0.092375262823143137,-0.96889801096172423,0.033281391471566606,-0.24521213945506534,8.8139125009864986e-05,4.1411546811054431e-05
0.98502898216247559,1790954205.4976461,0.00054907798767089844,0.085905105783160907,0.086515971021358926,-0.086655597361518469,0.02806489437206882,0.33527774930811072,0.0054977871437821386,0.057789999999999994,0.0058209999999999998,0.207313,3.0066088892405518,1.3207080982766293,3.0977848893647355,0.05776763113962928,0.0058204407143139167,0.20722774845078978,-0.24722363279952597,-0.08684847668888801,0.96505845288367098,0.01082218738607026,0.99566545138341334,0.092375262823143137,-0.96889801096172423,0.033281391471566606,-0.24521213945506534,8.8139125009864986e-05,4.1411546811054431e-05
0.99002599716186523,1790954205.5026431,0.00059819221496582031,0.085905105783160907,0.086515971021358926,-0.086655597361518469,0.02806489437206882,0.33527774930811072,0.0054977871437821386,0.057789999999999994,0.0058209999999999998,0.207313,3.0066088892405518,1.3207080982766293,3.0977848893647355,0.05776763113962928,0.0058204407143139167,0.20722774845078978,-0.24722363279952597,-0.08684847668888801,0.96505845288367098,0.01082218738607026,0.99566545138341334,0.092375262823143137,-0.96889801096172423,0.033281391471566606,-0.24521213945506534,8.8139125009864986e-05,4.1411546811054431e-05
0.99504494667053223,1790954205.5076621,0.00061011314392089844,0.085905105783160907,0.086515971021358926,-0.086655597361518469,0.02806489437206882,0.33527774930811072,0.0054977871437821386,0.057789999999999994,0.0058209999999999998,0.207313,3.0066088892405518,1.3207080982766293,3.0977848893647355,0.05776763113962928,0.0058204407143139167,0.20722774845078978,-0.24722363279952597,-0.08684847668888801,0.96505845288367098,0.01082218738607026,0.99566545138341334,0.092375262823143137,-0.96889801096172423,0.033281391471566606,-0.24521213945506534,8.8139125009864986e-05,4.1411546811054431e-05
1.0000448226928711,1790954205.5126619,0.00061202049255371094,0.085905105783160907,0.086515971021358926,-0.086655597361518469,0.02806489437206882,0.33527774930811072,0.0054977871437821386,0.057789999999999994,0.0058209999999999998,0.207313,3.0066088892405518,1.3207080982766293,3.0977848893647355,0.05776763113962928,0.0058204407143139167,0.20722774845078978,-0.24722363279952597,-0.08684847668888801,0.96505845288367098,0.01082218738607026,0.99566545138341334,0.092375262823143137,-0.96889801096172423,0.033281391471566606,-0.24521213945506534,8.8139125009864986e-05,4.1411546811054431e-05
1.0050277709960938,1790954205.5176449,0.00057291984558105469,0.085905105783160907,0.086515971021358926,-0.086655597361518469,0.02806489437206882,0.33527774930811072,0.0054977871437821386,0.057789999999999994,0.0058209999999999998,0.207313,3.0066088892405518,1.3207080982766293,3.0977848893647355,0.05776763113962928,0.0058204407143139167,0.20722774845078978,-0.24722363279952597,-0.08684847668888801,0.96505845288367098,0.01082218738607026,0.99566545138341334,0.092375262823143137,-0.96889801096172423,0.033281391471566606,-0.24521213945506534,8.8139125009864986e-05,4.1411546811054431e-05
1.0100278854370117,1790954205.522645,0.00060105323791503906,0.085905105783160907,0.086515971021358926,-0.086655597361518469,0.02806489437206882,0.33527774930811072,0.0054977871437821386,0.057789999999999994,0.0058209999999999998,0.207313,3.0066088892405518,1.3207080982766293,3.0977848893647355,0.05776763113962928,0.0058204407143139167,0.20722774845078978,-0.24722363279952597,-0.08684847668888801,0.96505845288367098,0.01082218738607026,0.99566545138341334,0.092375262823143137,-0.96889801096172423,0.033281391471566606,-0.24521213945506534,8.8139125009864986e-05,4.1411546811054431e-05
1.0150449275970459,1790954205.527662,0.00048208236694335938,0.085905105783160907,0.086515971021358926,-0.086655597361518469,0.02806489437206882,0.33527774930811072,0.0054977871437821386,0.057789999999999994,0.0058209999999999998,0.207313,3.0066088892405518,1.3207080982766293,3.0977848893647355,0.05776763113962928,0.0058204407143139167,0.20722774845078978,-0.24722363279952597,-0.08684847668888801,0.96505845288367098,0.01082218738607026,0.99566545138341334,0.092375262823143137,-0.96889801096172423,0.033281391471566606,-0.24521213945506534,8.8139125009864986e-05,4.1411546811054431e-05
1.0200278759002686,1790954205.532645,0.00057291984558105469,0.085905105783160907,0.086515971021358926,-0.086655597361518469,0.02806489437206882,0.33527774930811072,0.0054977871437821386,0.057789999999999994,0.0058209999999999998,0.207313,3.0066088892405518,1.3207080982766293,3.0977848893647355,0.05776763113962928,0.0058204407143139167,0.20722774845078978,-0.24722363279952597,-0.08684847668888801,0.96505845288367098,0.01082218738607026,0.99566545138341334,0.092375262823143137,-0.96889801096172423,0.033281391471566606,-0.24521213945506534,8.8139125009864986e-05,4.1411546811054431e-05
1.0250248908996582,1790954205.537642,0.000598907470703125,0.085905105783160907,0.086515971021358926,-0.086655597361518469,0.02806489437206882,0.33527774930811072,0.0054977871437821386,0.057789999999999994,0.0058209999999999998,0.207313,3.0066088892405518,1.3207080982766293,3.0977848893647355,0.05776763113962928,0.0058204407143139167,0.20722774845078978,-0.24722363279952597,-0.08684847668888801,0.96505845288367098,0.01082218738607026,0.99566545138341334,0.092375262823143137,-0.96889801096172423,0.033281391471566606,-0.24521213945506534,8.8139125009864986e-05,4.1411546811054431e-05
1.0300259590148926,1790954205.5426431,0.00060009956359863281,0.085905105783160907,0.086515971021358926,-0.086655597361518469,0.02806489437206882,0.33527774930811072,0.0054977871437821386,0.057789999999999994,0.0058209999999999998,0.207313,3.0066088892405518,1.3207080982766293,3.0977848893647355,0.05776763113962928,0.0058204407143139167,0.20722774845078978,-0.24722363279952597,-0.08684847668888801,0.96505845288367098,0.01082218738607026,0.99566545138341334,0.092375262823143137,-0.96889801096172423,0.033281391471566606,-0.24521213945506534,8.8139125009864986e-05,4.1411546811054431e-05
1.0350239276885986,1790954205.547641,0.0005970001220703125,0.085905105783160907,0.086515971021358926,-0.086655597361518469,0.02806489437206882,0.33527774930811072,0.0054977871437821386,0.057789999999999994,0.0058209999999999998,0.207313,3.0066088892405518,1.3207080982766293,3.0977848893647355,0.05776763113962928,0.0058204407143139167,0.20722774845078978,-0.24722363279952597,-0.08684847668888801,0.96505845288367098,0.01082218738607026,0.99566545138341334,0.092375262823143137,-0.96889801096172423,0.033281391471566606,-0.24521213945506534,8.8139125009864986e-05,4.1411546811054431e-05
1.0400259494781494,1790954205.5526431,0.00060105323791503906,0.085905105783160907,0.086515971021358926,-0.086655597361518469,0.02806489437206882,0.33527774930811072,0.0054977871437821386,0.057789999999999994,0.0058209999999999998,0.207313,3.0066088892405518,1.3207080982766293,3.0977848893647355,0.05776763113962928,0.0058204407143139167,0.20722774845078978,-0.24722363279952597,-0.08684847668888801,0.96505845288367098,0.01082218738607026,0.99566545138341334,0.092375262823143137,-0.96889801096172423,0.033281391471566606,-0.24521213945506534,8.8139125009864986e-05,4.1411546811054431e-05
1.0450229644775391,1790954205.5576401,0.00059604644775390625,0.085905105783160907,0.086515971021358926,-0.086655597361518469,0.02806489437206882,0.33527774930811072,0.0054977871437821386,0.057789999999999994,0.0058209999999999998,0.207313,3.0066088892405518,1.3207080982766293,3.0977848893647355,0.05776763113962928,0.0058204407143139167,0.20722774845078978,-0.24722363279952597,-0.08684847668888801,0.96505845288367098,0.01082218738607026,0.99566545138341334,0.092375262823143137,-0.96889801096172423,0.033281391471566606,-0.24521213945506534,8.8139125009864986e-05,4.1411546811054431e-05
1.0500228404998779,1790954205.56264,0.0005970001220703125,0.085905105783160907,0.086515971021358926,-0.086655597361518469,0.02806489437206882,0.33527774930811072,0.0054977871437821386,0.057789999999999994,0.0058209999999999998,0.207313,3.0066088892405518,1.3207080982766293,3.0977848893647355,0.05776763113962928,0.0058204407143139167,0.20722774845078978,-0.24722363279952597,-0.08684847668888801,0.96505845288367098,0.01082218738607026,0.99566545138341334,0.092375262823143137,-0.96889801096172423,0.033281391471566606,-0.24521213945506534,8.8139125009864986e-05,4.1411546811054431e-05
1.0550220012664795,1790954205.5676391,0.0005950927734375,0.085905105783160907,0.086515971021358926,-0.086655597361518469,0.02806489437206882,0.33527774930811072,0.0054977871437821386,0.057789999999999994,0.0058209999999999998,0.207313,3.0066088892405518,1.3207080982766293,3.0977848893647355,0.05776763113962928,0.0058204407143139167,0.20722774845078978,-0.24722363279952597,-0.08684847668888801,0.96505845288367098,0.01082218738607026,0.99566545138341334,0.092375262823143137,-0.96889801096172423,0.033281391471566606,-0.24521213945506534,8.8139125009864986e-05,4.1411546811054431e-05
1.0600259304046631,1790954205.572643,0.0005130767822265625,0.085905105783160907,0.086515971021358926,-0.086655597361518469,0.02806489437206882,0.33527774930811072,0.0054977871437821386,0.057789999999999994,0.0058209999999999998,0.207313,3.0066088892405518,1.3207080982766293,3.0977848893647355,0.05776763113962928,0.0058204407143139167,0.20722774845078978,-0.24722363279952597,-0.08684847668888801,0.96505845288367098,0.01082218738607026,0.99566545138341334,0.092375262823143137,-0.96889801096172423,0.033281391471566606,-0.24521213945506534,8.8139125009864986e-05,4.1411546811054431e-05
1.0650269985198975,1790954205.5776441,0.00054907798767089844,0.085905105783160907,0.086515971021358926,-0.086655597361518469,0.02806489437206882,0.33527774930811072,0.0054977871437821386,0.057789999999999994,0.0058209999999999998,0.207313,3.0066088892405518,1.3207080982766293,3.0977848893647355,0.05776763113962928,0.0058204407143139167,0.20722774845078978,-0.24722363279952597,-0.08684847668888801,0.96505845288367098,0.01082218738607026,0.99566545138341334,0.092375262823143137,-0.96889801096172423,0.033281391471566606,-0.24521213945506534,8.8139125009864986e-05,4.1411546811054431e-05
1.0700259208679199,1790954205.582643,0.00060200691223144531,0.085905105783160907,0.086515971021358926,-0.086655597361518469,0.02806489437206882,0.33527774930811072,0.0054977871437821386,0.057789999999999994,0.0058209999999999998,0.207313,3.0066088892405518,1.3207080982766293,3.0977848893647355,0.05776763113962928,0.0058204407143139167,0.20722774845078978,-0.24722363279952597,-0.08684847668888801,0.96505845288367098,0.01082218738607026,0.99566545138341334,0.092375262823143137,-0.96889801096172423,0.033281391471566606,-0.24521213945506534,8.8139125009864986e-05,4.1411546811054431e-05
1.0750439167022705,1790954205.587661,0.0004329681396484375,0.085905105783160907,0.086515971021358926,-0.086655597361518469,0.02806489437206882,0.33527774930811072,0.0054977871437821386,0.057789999999999994,0.0058209999999999998,0.207313,3.0066088892405518,1.3207080982766293,3.0977848893647355,0.05776763113962928,0.0058204407143139167,0.20722774845078978,-0.24722363279952597,-0.08684847668888801,0.96505845288367098,0.01082218738607026,0.99566545138341334,0.092375262823143137,-0.96889801096172423,0.033281391471566606,-0.24521213945506534,8.8139125009864986e-05,4.1411546811054431e-05
1.0800268650054932,1790954205.592644,0.00045800209045410156,0.085905105783160907,0.086515971021358926,-0.086655597361518469,0.02806489437206882,0.33527774930811072,0.0054977871437821386,0.057789999999999994,0.0058209999999999998,0.207313,3.0066088892405518,1.3207080982766293,3.0977848893647355,0.05776763113962928,0.0058204407143139167,0.20722774845078978,-0.24722363279952597,-0.08684847668888801,0.96505845288367098,0.01082218738607026,0.99566545138341334,0.092375262823143137,-0.96889801096172423,0.033281391471566606,-0.24521213945506534,8.8139125009864986e-05,4.1411546811054431e-05
1.0850257873535156,1790954205.5976429,0.000598907470703125,0.085905105783160907,0.086515971021358926,-0.086655597361518469,0.02806489437206882,0.33527774930811072,0.0054977871437821386,0.057789999999999994,0.0058209999999999998,0.207313,3.0066088892405518,1.3207080982766293,3.0977848893647355,0.05776763113962928,0.0058204407143139167,0.20722774845078978,-0.24722363279952597,-0.08684847668888801,0.96505845288367098,0.01082218738607026,0.99566545138341334,0.092375262823143137,-0.96889801096172423,0.033281391471566606,-0.24521213945506534,8.8139125009864986e-05,4.1411546811054431e-05
1.09002685546875,1790954205.602644,0.00060200691223144531,0.085905105783160907,0.086515971021358926,-0.086655597361518469,0.02806489437206882,0.33527774930811072,0.0054977871437821386,0.057789999999999994,0.0058209999999999998,0.207313,3.0066088892405518,1.3207080982766293,3.0977848893647355,0.05776763113962928,0.0058204407143139167,0.20722774845078978,-0.24722363279952597,-0.08684847668888801,0.96505845288367098,0.01082218738607026,0.99566545138341334,0.092375262823143137,-0.96889801096172423,0.033281391471566606,-0.24521213945506534,8.8139125009864986e-05,4.1411546811054431e-05
1.0950257778167725,1790954205.6076429,0.00058579444885253906,0.085905105783160907,0.086515971021358926,-0.086655597361518469,0.02806489437206882,0.33527774930811072,0.0054977871437821386,0.057789999999999994,0.0058209999999999998,0.207313,3.0066088892405518,1.3207080982766293,3.0977848893647355,0.05776763113962928,0.0058204407143139167,0.20722774845078978,-0.24722363279952597,-0.08684847668888801,0.96505845288367098,0.01082218738607026,0.99566545138341334,0.092375262823143137,-0.96889801096172423,0.033281391471566606,-0.24521213945506534,8.8139125009864986e-05,4.1411546811054431e-05
1.1000268459320068,1790954205.612644,0.00059986114501953125,0.085905105783160907,0.086515971021358926,-0.086655597361518469,0.02806489437206882,0.33527774930811072,0.0054977871437821386,0.057789999999999994,0.0058209999999999998,0.207313,3.0066088892405518,1.3207080982766293,3.0977848893647355,0.05776763113962928,0.0058204407143139167,0.20722774845078978,-0.24722363279952597,-0.08684847668888801,0.96505845288367098,0.01082218738607026,0.99566545138341334,0.092375262823143137,-0.96889801096172423,0.033281391471566606,-0.24521213945506534,8.8139125009864986e-05,4.1411546811054431e-05
1.1050260066986084,1790954205.6176431,0.00051903724670410156,0.085905105783160907,0.086515971021358926,-0.086655597361518469,0.02806489437206882,0.33527774930811072,0.0054977871437821386,0.057789999999999994,0.0058209999999999998,0.207313,3.0066088892405518,1.3207080982766293,3.0977848893647355,0.05776763113962928,0.0058204407143139167,0.20722774845078978,-0.24722363279952597,-0.08684847668888801,0.96505845288367098,0.01082218738607026,0.99566545138341334,0.092375262823143137,-0.96889801096172423,0.033281391471566606,-0.24521213945506534,8.8139125009864986e-05,4.1411546811054431e-05
1.1100289821624756,1790954205.6226461,0.00060009956359863281,0.085905105783160907,0.086515971021358926,-0.086655597361518469,0.02806489437206882,0.33527774930811072,0.0054977871437821386,0.057789999999999994,0.0058209999999999998,0.207313,3.0066088892405518,1.3207080982766293,3.0977848893647355,0.05776763113962928,0.0058204407143139167,0.20722774845078978,-0.24722363279952597,-0.08684847668888801,0.96505845288367098,0.01082218738607026,0.99566545138341334,0.092375262823143137,-0.96889801096172423,0.033281391471566606,-0.24521213945506534,8.8139125009864986e-05,4.1411546811054431e-05
1.1151089668273926,1790954205.6277261,0.00062704086303710938,0.085905105783160907,0.086515971021358926,-0.086655597361518469,0.02806489437206882,0.33527774930811072,0.0054977871437821386,0.057789999999999994,0.0058209999999999998,0.207313,3.0066088892405518,1.3207080982766293,3.0977848893647355,0.05776763113962928,0.0058204407143139167,0.20722774845078978,-0.24722363279952597,-0.08684847668888801,0.96505845288367098,0.01082218738607026,0.99566545138341334,0.092375262823143137,-0.96889801096172423,0.033281391471566606,-0.24521213945506534,8.8139125009864986e-05,4.1411546811054431e-05
1.1200308799743652,1790954205.632648,0.00057101249694824219,0.085905105783160907,0.086515971021358926,-0.086655597361518469,0.02806489437206882,0.33527774930811072,0.0054977871437821386,0.057789999999999994,0.0058209999999999998,0.207313,3.0066088892405518,1.3207080982766293,3.0977848893647355,0.05776763113962928,0.0058204407143139167,0.20722774845078978,-0.24722363279952597,-0.08684847668888801,0.96505845288367098,0.01082218738607026,0.99566545138341334,0.092375262823143137,-0.96889801096172423,0.033281391471566606,-0.24521213945506534,8.8139125009864986e-05,4.1411546811054431e-05
1.1250269412994385,1790954205.6376441,0.00060105323791503906,0.085905105783160907,0.086515971021358926,-0.086655597361518469,0.02806489437206882,0.33527774930811072,0.0054977871437821386,0.057789999999999994,0.0058209999999999998,0.207313,3.0066088892405518,1.3207080982766293,3.0977848893647355,0.05776763113962928,0.0058204407143139167,0.20722774845078978,-0.24722363279952597,-0.08684847668888801,0.96505845288367098,0.01082218738607026,0.99566545138341334,0.092375262823143137,-0.96889801096172423,0.033281391471566606,-0.24521213945506534,8.8139125009864986e-05,4.1411546811054431e-05
1.1300749778747559,1790954205.6426921,0.00065016746520996094,0.085905105783160907,0.086515971021358926,-0.086655597361518469,0.02806489437206882,0.33527774930811072,0.0054977871437821386,0.057789999999999994,0.0058209999999999998,0.207313,3.0066088892405518,1.3207080982766293,3.0977848893647355,0.05776763113962928,0.0058204407143139167,0.20722774845078978,-0.24722363279952597,-0.08684847668888801,0.96505845288367098,0.01082218738607026,0.99566545138341334,0.092375262823143137,-0.96889801096172423,0.033281391471566606,-0.24521213945506534,8.8139125009864986e-05,4.1411546811054431e-05
1.1350269317626953,1790954205.647644,0.00050711631774902344,0.085905105783160907,0.086515971021358926,-0.086655597361518469,0.02806489437206882,0.33527774930811072,0.0054977871437821386,0.057789999999999994,0.0058209999999999998,0.207313,3.0066088892405518,1.3207080982766293,3.0977848893647355,0.05776763113962928,0.0058204407143139167,0.20722774845078978,-0.24722363279952597,-0.08684847668888801,0.96505845288367098,0.01082218738607026,0.99566545138341334,0.092375262823143137,-0.96889801096172423,0.033281391471566606,-0.24521213945506534,8.8139125009864986e-05,4.1411546811054431e-05
1.1400268077850342,1790954205.6526439,0.00059795379638671875,0.085905105783160907,0.086515971021358926,-0.086655597361518469,0.02806489437206882,0.33527774930811072,0.0054977871437821386,0.057789999999999994,0.0058209999999999998,0.207313,3.0066088892405518,1.3207080982766293,3.0977848893647355,0.05776763113962928,0.0058204407143139167,0.20722774845078978,-0.24722363279952597,-0.08684847668888801,0.96505845288367098,0.01082218738607026,0.99566545138341334,0.092375262823143137,-0.96889801096172423,0.033281391471566606,-0.24521213945506534,8.8139125009864986e-05,4.1411546811054431e-05
1.1450259685516357,1790954205.6576431,0.00060105323791503906,0.085905105783160907,0.086515971021358926,-0.086655597361518469,0.02806489437206882,0.33527774930811072,0.0054977871437821386,0.057789999999999994,0.0058209999999999998,0.207313,3.0066088892405518,1.3207080982766293,3.0977848893647355,0.05776763113962928,0.0058204407143139167,0.20722774845078978,-0.24722363279952597,-0.08684847668888801,0.96505845288367098,0.01082218738607026,0.99566545138341334,0.092375262823143137,-0.96889801096172423,0.033281391471566606,-0.24521213945506534,8.8139125009864986e-05,4.1411546811054431e-05
1.1500279903411865,1790954205.6626451,0.00058007240295410156,0.085905105783160907,0.086515971021358926,-0.086655597361518469,0.02806489437206882,0.33527774930811072,0.0054977871437821386,0.057789999999999994,0.0058209999999999998,0.207313,3.0066088892405518,1.3207080982766293,3.0977848893647355,0.05776763113962928,0.0058204407143139167,0.20722774845078978,-0.24722363279952597,-0.08684847668888801,0.96505845288367098,0.01082218738607026,0.99566545138341334,0.092375262823143137,-0.96889801096172423,0.033281391471566606,-0.24521213945506534,8.8139125009864986e-05,4.1411546811054431e-05
1.1551129817962646,1790954205.6677301,0.00060415267944335938,0.085905105783160907,0.086515971021358926,-0.086655597361518469,0.02806489437206882,0.33527774930811072,0.0054977871437821386,0.057789999999999994,0.0058209999999999998,0.207313,3.0066088892405518,1.3207080982766293,3.0977848893647355,0.05776763113962928,0.0058204407143139167,0.20722774845078978,-0.24722363279952597,-0.08684847668888801,0.96505845288367098,0.01082218738607026,0.99566545138341334,0.092375262823143137,-0.96889801096172423,0.033281391471566606,-0.24521213945506534,8.8139125009864986e-05,4.1411546811054431e-05
1.1600267887115479,1790954205.6726439,0.0005970001220703125,0.085905105783160907,0.086515971021358926,-0.086655597361518469,0.02806489437206882,0.33527774930811072,0.0054977871437821386,0.057789999999999994,0.0058209999999999998,0.207313,3.0066088892405518,1.3207080982766293,3.0977848893647355,0.05776763113962928,0.0058204407143139167,0.20722774845078978,-0.24722363279952597,-0.08684847668888801,0.96505845288367098,0.01082218738607026,0.99566545138341334,0.092375262823143137,-0.96889801096172423,0.033281391471566606,-0.24521213945506534,8.8139125009864986e-05,4.1411546811054431e-05
1.1650948524475098,1790954205.677712,0.0006160736083984375,0.085905105783160907,0.086515971021358926,-0.086655597361518469,0.02806489437206882,0.33527774930811072,0.0054977871437821386,0.057789999999999994,0.0058209999999999998,0.207313,3.0066088892405518,1.3207080982766293,3.0977848893647355,0.05776763113962928,0.0058204407143139167,0.20722774845078978,-0.24722363279952597,-0.08684847668888801,0.96505845288367098,0.01082218738607026,0.99566545138341334,0.092375262823143137,-0.96889801096172423,0.033281391471566606,-0.24521213945506534,8.8139125009864986e-05,4.1411546811054431e-05
1.1700279712677002,1790954205.6826451,0.00054597854614257812,0.085905105783160907,0.086515971021358926,-0.086655597361518469,0.02806489437206882,0.33527774930811072,0.0054977871437821386,0.057789999999999994,0.0058209999999999998,0.207313,3.0066088892405518,1.3207080982766293,3.0977848893647355,0.05776763113962928,0.0058204407143139167,0.20722774845078978,-0.24722363279952597,-0.08684847668888801,0.96505845288367098,0.01082218738607026,0.99566545138341334,0.092375262823143137,-0.96889801096172423,0.033281391471566606,-0.24521213945506534,8.8139125009864986e-05,4.1411546811054431e-05
1.1750328540802002,1790954205.68765,0.00052499771118164062,0.085905105783160907,0.086515971021358926,-0.086655597361518469,0.02806489437206882,0.33527774930811072,0.0054977871437821386,0.057789999999999994,0.0058209999999999998,0.207313,3.0066088892405518,1.3207080982766293,3.0977848893647355,0.05776763113962928,0.0058204407143139167,0.20722774845078978,-0.24722363279952597,-0.08684847668888801,0.96505845288367098,0.01082218738607026,0.99566545138341334,0.092375262823143137,-0.96889801096172423,0.033281391471566606,-0.24521213945506534,8.8139125009864986e-05,4.1411546811054431e-05
1.1800258159637451,1790954205.6926429,0.00050997734069824219,0.085905105783160907,0.086515971021358926,-0.086655597361518469,0.02806489437206882,0.33527774930811072,0.0054977871437821386,0.057789999999999994,0.0058209999999999998,0.207313,3.0066088892405518,1.3207080982766293,3.0977848893647355,0.05776763113962928,0.0058204407143139167,0.20722774845078978,-0.24722363279952597,-0.08684847668888801,0.96505845288367098,0.01082218738607026,0.99566545138341334,0.092375262823143137,-0.96889801096172423,0.033281391471566606,-0.24521213945506534,8.8139125009864986e-05,4.1411546811054431e-05
1.1850318908691406,1790954205.697649,0.00060606002807617188,0.085905105783160907,0.086515971021358926,-0.086655597361518469,0.02806489437206882,0.33527774930811072,0.0054977871437821386,0.057789999999999994,0.0058209999999999998,0.207313,3.0066088892405518,1.3207080982766293,3.0977848893647355,0.05776763113962928,0.0058204407143139167,0.20722774845078978,-0.24722363279952597,-0.08684847668888801,0.96505845288367098,0.01082218738607026,0.99566545138341334,0.092375262823143137,-0.96889801096172423,0.033281391471566606,-0.24521213945506534,8.8139125009864986e-05,4.1411546811054431e-05
1.1900908946990967,1790954205.702708,0.00064611434936523438,0.085905105783160907,0.086515971021358926,-0.086655597361518469,0.02806489437206882,0.33527774930811072,0.0054977871437821386,0.057789999999999994,0.0058209999999999998,0.207313,3.0066088892405518,1.3207080982766293,3.0977848893647355,0.05776763113962928,0.0058204407143139167,0.20722774845078978,-0.24722363279952597,-0.08684847668888801,0.96505845288367098,0.01082218738607026,0.99566545138341334,0.092375262823143137,-0.96889801096172423,0.033281391471566606,-0.24521213945506534,8.8139125009864986e-05,4.1411546811054431e-05
1.1950249671936035,1790954205.7076421,0.00033712387084960938,0.085905105783160907,0.086515971021358926,-0.086655597361518469,0.02806489437206882,0.33527774930811072,0.0054977871437821386,0.057789999999999994,0.0058209999999999998,0.207313,3.0066088892405518,1.3207080982766293,3.0977848893647355,0.05776763113962928,0.0058204407143139167,0.20722774845078978,-0.24722363279952597,-0.08684847668888801,0.96505845288367098,0.01082218738607026,0.99566545138341334,0.092375262823143137,-0.96889801096172423,0.033281391471566606,-0.24521213945506534,8.8139125009864986e-05,4.1411546811054431e-05
1.2000248432159424,1790954205.712642,0.00059604644775390625,0.085905105783160907,0.086515971021358926,-0.086655597361518469,0.02806489437206882,0.33527774930811072,0.0054977871437821386,0.057789999999999994,0.0058209999999999998,0.207313,3.0066088892405518,1.3207080982766293,3.0977848893647355,0.05776763113962928,0.0058204407143139167,0.20722774845078978,-0.24722363279952597,-0.08684847668888801,0.96505845288367098,0.01082218738607026,0.99566545138341334,0.092375262823143137,-0.96889801096172423,0.033281391471566606,-0.24521213945506534,8.8139125009864986e-05,4.1411546811054431e-05
1.2050278186798096,1790954205.7176449,0.00059485435485839844,0.085905105783160907,0.086515971021358926,-0.086655597361518469,0.02806489437206882,0.33527774930811072,0.0054977871437821386,0.057789999999999994,0.0058209999999999998,0.207313,3.0066088892405518,1.3207080982766293,3.0977848893647355,0.05776763113962928,0.0058204407143139167,0.20722774845078978,-0.24722363279952597,-0.08684847668888801,0.96505845288367098,0.01082218738607026,0.99566545138341334,0.092375262823143137,-0.96889801096172423,0.033281391471566606,-0.24521213945506534,8.8139125009864986e-05,4.1411546811054431e-05
1.2100269794464111,1790954205.7226441,0.00044608116149902344,0.085905105783160907,0.086515971021358926,-0.086655597361518469,0.02806489437206882,0.33527774930811072,0.0054977871437821386,0.057789999999999994,0.0058209999999999998,0.207313,3.0066088892405518,1.3207080982766293,3.0977848893647355,0.05776763113962928,0.0058204407143139167,0.20722774845078978,-0.24722363279952597,-0.08684847668888801,0.96505845288367098,0.01082218738607026,0.99566545138341334,0.092375262823143137,-0.96889801096172423,0.033281391471566606,-0.24521213945506534,8.8139125009864986e-05,4.1411546811054431e-05
1.2150828838348389,1790954205.7277,0.00049901008605957031,0.085905105783160907,0.086515971021358926,-0.086655597361518469,0.02806489437206882,0.33527774930811072,0.0054977871437821386,0.057789999999999994,0.0058209999999999998,0.207313,3.0066088892405518,1.3207080982766293,3.0977848893647355,0.05776763113962928,0.0058204407143139167,0.20722774845078978,-0.24722363279952597,-0.08684847668888801,0.96505845288367098,0.01082218738607026,0.99566545138341334,0.092375262823143137,-0.96889801096172423,0.033281391471566606,-0.24521213945506534,8.8139125009864986e-05,4.1411546811054431e-05
1.2200329303741455,1790954205.73265,0.00059294700622558594,0.085905105783160907,0.086515971021358926,-0.086655597361518469,0.02806489437206882,0.33527774930811072,0.0054977871437821386,0.057789999999999994,0.0058209999999999998,0.207313,3.0066088892405518,1.3207080982766293,3.0977848893647355,0.05776763113962928,0.0058204407143139167,0.20722774845078978,-0.24722363279952597,-0.08684847668888801,0.96505845288367098,0.01082218738607026,0.99566545138341334,0.092375262823143137,-0.96889801096172423,0.033281391471566606,-0.24521213945506534,8.8139125009864986e-05,4.1411546811054431e-05
1.225024938583374,1790954205.737642,0.00054693222045898438,0.085905105783160907,0.086515971021358926,-0.086655597361518469,0.02806489437206882,0.33527774930811072,0.0054977871437821386,0.057789999999999994,0.0058209999999999998,0.207313,3.0066088892405518,1.3207080982766293,3.0977848893647355,0.05776763113962928,0.0058204407143139167,0.20722774845078978,-0.24722363279952597,-0.08684847668888801,0.96505845288367098,0.01082218738607026,0.99566545138341334,0.092375262823143137,-0.96889801096172423,0.033281391471566606,-0.24521213945506534,8.8139125009864986e-05,4.1411546811054431e-05
1.2300288677215576,1790954205.742646,0.00057697296142578125,0.085905105783160907,0.086515971021358926,-0.086655597361518469,0.02806489437206882,0.33527774930811072,0.0054977871437821386,0.057789999999999994,0.0058209999999999998,0.207313,3.0066088892405518,1.3207080982766293,3.0977848893647355,0.05776763113962928,0.0058204407143139167,0.20722774845078978,-0.24722363279952597,-0.08684847668888801,0.96505845288367098,0.01082218738607026,0.99566545138341334,0.092375262823143137,-0.96889801096172423,0.033281391471566606,-0.24521213945506534,8.8139125009864986e-05,4.1411546811054431e-05
1.2350258827209473,1790954205.747643,0.00054097175598144531,0.085905105783160907,0.086515971021358926,-0.086655597361518469,0.02806489437206882,0.33527774930811072,0.0054977871437821386,0.057789999999999994,0.0058209999999999998,0.207313,3.0066088892405518,1.3207080982766293,3.0977848893647355,0.05776763113962928,0.0058204407143139167,0.20722774845078978,-0.24722363279952597,-0.08684847668888801,0.96505845288367098,0.01082218738607026,0.99566545138341334,0.092375262823143137,-0.96889801096172423,0.033281391471566606,-0.24521213945506534,8.8139125009864986e-05,4.1411546811054431e-05
1.2400259971618652,1790954205.7526431,0.000576019287109375,0.085905105783160907,0.086515971021358926,-0.086655597361518469,0.02806489437206882,0.33527774930811072,0.0054977871437821386,0.057789999999999994,0.0058209999999999998,0.207313,3.0066088892405518,1.3207080982766293,3.0977848893647355,0.05776763113962928,0.0058204407143139167,0.20722774845078978,-0.24722363279952597,-0.08684847668888801,0.96505845288367098,0.01082218738607026,0.99566545138341334,0.092375262823143137,-0.96889801096172423,0.033281391471566606,-0.24521213945506534,8.8139125009864986e-05,4.1411546811054431e-05
1.2450258731842041,1790954205.757643,0.00058698654174804688,0.085905105783160907,0.086515971021358926,-0.086655597361518469,0.02806489437206882,0.33527774930811072,0.0054977871437821386,0.057789999999999994,0.0058209999999999998,0.207313,3.0066088892405518,1.3207080982766293,3.0977848893647355,0.05776763113962928,0.0058204407143139167,0.20722774845078978,-0.24722363279952597,-0.08684847668888801,0.96505845288367098,0.01082218738607026,0.99566545138341334,0.092375262823143137,-0.96889801096172423,0.033281391471566606,-0.24521213945506534,8.8139125009864986e-05,4.1411546811054431e-05
1.2500247955322266,1790954205.7626419,0.00043487548828125,0.085905105783160907,0.086515971021358926,-0.086655597361518469,0.02806489437206882,0.33527774930811072,0.0054977871437821386,0.057789999999999994,0.0058209999999999998,0.207313,3.0066088892405518,1.3207080982766293,3.0977848893647355,0.05776763113962928,0.0058204407143139167,0.20722774845078978,-0.24722363279952597,-0.08684847668888801,0.96505845288367098,0.01082218738607026,0.99566545138341334,0.092375262823143137,-0.96889801096172423,0.033281391471566606,-0.24521213945506534,8.8139125009864986e-05,4.1411546811054431e-05
1.2551019191741943,1790954205.767719,0.00064301490783691406,0.085905105783160907,0.086515971021358926,-0.086655597361518469,0.02806489437206882,0.33527774930811072,0.0054977871437821386,0.057789999999999994,0.0058209999999999998,0.207313,3.0066088892405518,1.3207080982766293,3.0977848893647355,0.05776763113962928,0.0058204407143139167,0.20722774845078978,-0.24722363279952597,-0.08684847668888801,0.96505845288367098,0.01082218738607026,0.99566545138341334,0.092375262823143137,-0.96889801096172423,0.033281391471566606,-0.24521213945506534,8.8139125009864986e-05,4.1411546811054431e-05
1.2600269317626953,1790954205.772644,0.00060200691223144531,0.085905105783160907,0.086515971021358926,-0.086655597361518469,0.02806489437206882,0.33527774930811072,0.0054977871437821386,0.057789999999999994,0.0058209999999999998,0.207313,3.0066088892405518,1.3207080982766293,3.0977848893647355,0.05776763113962928,0.0058204407143139167,0.20722774845078978,-0.24722363279952597,-0.08684847668888801,0.96505845288367098,0.01082218738607026,0.99566545138341334,0.092375262823143137,-0.96889801096172423,0.033281391471566606,-0.24521213945506534,8.8139125009864986e-05,4.1411546811054431e-05
1.2650330066680908,1790954205.7776501,0.00054812431335449219,0.085905105783160907,0.086515971021358926,-0.086655597361518469,0.02806489437206882,0.33527774930811072,0.0054977871437821386,0.057789999999999994,0.0058209999999999998,0.207313,3.0066088892405518,1.3207080982766293,3.0977848893647355,0.05776763113962928,0.0058204407143139167,0.20722774845078978,-0.24722363279952597,-0.08684847668888801,0.96505845288367098,0.01082218738607026,0.99566545138341334,0.092375262823143137,-0.96889801096172423,0.033281391471566606,-0.24521213945506534,8.8139125009864986e-05,4.1411546811054431e-05
1.2700347900390625,1790954205.7826519,0.00055980682373046875,0.085905105783160907,0.086515971021358926,-0.086655597361518469,0.02806489437206882,0.33527774930811072,0.0054977871437821386,0.057789999999999994,0.0058209999999999998,0.207313,3.0066088892405518,1.3207080982766293,3.0977848893647355,0.05776763113962928,0.0058204407143139167,0.20722774845078978,-0.24722363279952597,-0.08684847668888801,0.96505845288367098,0.01082218738607026,0.99566545138341334,0.092375262823143137,-0.96889801096172423,0.033281391471566606,-0.24521213945506534,8.8139125009864986e-05,4.1411546811054431e-05
1.2750258445739746,1790954205.787643,0.00058484077453613281,0.085905105783160907,0.086515971021358926,-0.086655597361518469,0.02806489437206882,0.33527774930811072,0.0054977871437821386,0.057789999999999994,0.0058209999999999998,0.207313,3.0066088892405518,1.3207080982766293,3.0977848893647355,0.05776763113962928,0.0058204407143139167,0.20722774845078978,-0.24722363279952597,-0.08684847668888801,0.96505845288367098,0.01082218738607026,0.99566545138341334,0.092375262823143137,-0.96889801096172423,0.033281391471566606,-0.24521213945506534,8.8139125009864986e-05,4.1411546811054431e-05
1.2800259590148926,1790954205.7926431,0.00059008598327636719,0.085905105783160907,0.086515971021358926,-0.086655597361518469,0.02806489437206882,0.33527774930811072,0.0054977871437821386,0.057789999999999994,0.0058209999999999998,0.207313,3.0066088892405518,1.3207080982766293,3.0977848893647355,0.05776763113962928,0.0058204407143139167,0.20722774845078978,-0.24722363279952597,-0.08684847668888801,0.96505845288367098,0.01082218738607026,0.99566545138341334,0.092375262823143137,-0.96889801096172423,0.033281391471566606,-0.24521213945506534,8.8139125009864986e-05,4.1411546811054431e-05
1.2851088047027588,1790954205.7977259,0.0006809234619140625,0.085905105783160907,0.086515971021358926,-0.086655597361518469,0.02806489437206882,0.33527774930811072,0.0054977871437821386,0.057789999999999994,0.0058209999999999998,0.207313,3.0066088892405518,1.3207080982766293,3.0977848893647355,0.05776763113962928,0.0058204407143139167,0.20722774845078978,-0.24722363279952597,-0.08684847668888801,0.96505845288367098,0.01082218738607026,0.99566545138341334,0.092375262823143137,-0.96889801096172423,0.033281391471566606,-0.24521213945506534,8.8139125009864986e-05,4.1411546811054431e-05
1.2900018692016602,1790954205.802619,0.0005550384521484375,0.085905105783160907,0.086515971021358926,-0.086655597361518469,0.02806489437206882,0.33527774930811072,0.0054977871437821386,0.057789999999999994,0.0058209999999999998,0.207313,3.0066088892405518,1.3207080982766293,3.0977848893647355,0.05776763113962928,0.0058204407143139167,0.20722774845078978,-0.24722363279952597,-0.08684847668888801,0.96505845288367098,0.01082218738607026,0.99566545138341334,0.092375262823143137,-0.96889801096172423,0.033281391471566606,-0.24521213945506534,8.8139125009864986e-05,4.1411546811054431e-05
1.2950308322906494,1790954205.8076479,0.000537872314453125,0.085905105783160907,0.086515971021358926,-0.086655597361518469,0.02806489437206882,0.33527774930811072,0.0054977871437821386,0.057789999999999994,0.0058209999999999998,0.207313,3.0066088892405518,1.3207080982766293,3.0977848893647355,0.05776763113962928,0.0058204407143139167,0.20722774845078978,-0.24722363279952597,-0.08684847668888801,0.96505845288367098,0.01082218738607026,0.99566545138341334,0.092375262823143137,-0.96889801096172423,0.033281391471566606,-0.24521213945506534,8.8139125009864986e-05,4.1411546811054431e-05
1.3001179695129395,1790954205.8127351,0.00067305564880371094,0.085905105783160907,0.086515971021358926,-0.086655597361518469,0.02806489437206882,0.33527774930811072,0.0054977871437821386,0.057789999999999994,0.0058209999999999998,0.207313,3.0066088892405518,1.3207080982766293,3.0977848893647355,0.05776763113962928,0.0058204407143139167,0.20722774845078978,-0.24722363279952597,-0.08684847668888801,0.96505845288367098,0.01082218738607026,0.99566545138341334,0.092375262823143137,-0.96889801096172423,0.033281391471566606,-0.24521213945506534,8.8139125009864986e-05,4.1411546811054431e-05
1.3051087856292725,1790954205.8177259,0.00054383277893066406,0.085905105783160907,0.086515971021358926,-0.086655597361518469,0.02806489437206882,0.33527774930811072,0.0054977871437821386,0.057789999999999994,0.0058209999999999998,0.207313,3.0066088892405518,1.3207080982766293,3.0977848893647355,0.05776763113962928,0.0058204407143139167,0.20722774845078978,-0.24722363279952597,-0.08684847668888801,0.96505845288367098,0.01082218738607026,0.99566545138341334,0.092375262823143137,-0.96889801096172423,0.033281391471566606,-0.24521213945506534,8.8139125009864986e-05,4.1411546811054431e-05
1.3100278377532959,1790954205.8226449,0.000576019287109375,0.085905105783160907,0.086515971021358926,-0.086655597361518469,0.02806489437206882,0.33527774930811072,0.0054977871437821386,0.057789999999999994,0.0058209999999999998,0.207313,3.0066088892405518,1.3207080982766293,3.0977848893647355,0.05776763113962928,0.0058204407143139167,0.20722774845078978,-0.24722363279952597,-0.08684847668888801,0.96505845288367098,0.01082218738607026,0.99566545138341334,0.092375262823143137,-0.96889801096172423,0.033281391471566606,-0.24521213945506534,8.8139125009864986e-05,4.1411546811054431e-05
1.3150279521942139,1790954205.8276451,0.00056314468383789062,0.085905105783160907,0.086515971021358926,-0.086655597361518469,0.02806489437206882,0.33527774930811072,0.0054977871437821386,0.057789999999999994,0.0058209999999999998,0.207313,3.0066088892405518,1.3207080982766293,3.0977848893647355,0.05776763113962928,0.0058204407143139167,0.20722774845078978,-0.24722363279952597,-0.08684847668888801,0.96505845288367098,0.01082218738607026,0.99566545138341334,0.092375262823143137,-0.96889801096172423,0.033281391471566606,-0.24521213945506534,8.8139125009864986e-05,4.1411546811054431e-05
1.3200299739837646,1790954205.8326471,0.0005970001220703125,0.085905105783160907,0.086515971021358926,-0.086655597361518469,0.02806489437206882,0.33527774930811072,0.0054977871437821386,0.057789999999999994,0.0058209999999999998,0.207313,3.0066088892405518,1.3207080982766293,3.0977848893647355,0.05776763113962928,0.0058204407143139167,0.20722774845078978,-0.24722363279952597,-0.08684847668888801,0.96505845288367098,0.01082218738607026,0.99566545138341334,0.092375262823143137,-0.96889801096172423,0.033281391471566606,-0.24521213945506534,8.8139125009864986e-05,4.1411546811054431e-05
1.3250257968902588,1790954205.8376429,0.000598907470703125,0.085905105783160907,0.086515971021358926,-0.086655597361518469,0.02806489437206882,0.33527774930811072,0.0054977871437821386,0.057789999999999994,0.0058209999999999998,0.207313,3.0066088892405518,1.3207080982766293,3.0977848893647355,0.05776763113962928,0.0058204407143139167,0.20722774845078978,-0.24722363279952597,-0.08684847668888801,0.96505845288367098,0.01082218738607026,0.99566545138341334,0.092375262823143137,-0.96889801096172423,0.033281391471566606,-0.24521213945506534,8.8139125009864986e-05,4.1411546811054431e-05
1.3300259113311768,1790954205.842643,0.00060009956359863281,0.085905105783160907,0.086515971021358926,-0.086655597361518469,0.02806489437206882,0.33527774930811072,0.0054977871437821386,0.057789999999999994,0.0058209999999999998,0.207313,3.0066088892405518,1.3207080982766293,3.0977848893647355,0.05776763113962928,0.0058204407143139167,0.20722774845078978,-0.24722363279952597,-0.08684847668888801,0.96505845288367098,0.01082218738607026,0.99566545138341334,0.092375262823143137,-0.96889801096172423,0.033281391471566606,-0.24521213945506534,8.8139125009864986e-05,4.1411546811054431e-05
1.3350257873535156,1790954205.8476429,0.00054478645324707031,0.085905105783160907,0.086515971021358926,-0.086655597361518469,0.02806489437206882,0.33527774930811072,0.0054977871437821386,0.057789999999999994,0.0058209999999999998,0.207313,3.0066088892405518,1.3207080982766293,3.0977848893647355,0.05776763113962928,0.0058204407143139167,0.20722774845078978,-0.24722363279952597,-0.08684847668888801,0.96505845288367098,0.01082218738607026,0.99566545138341334,0.092375262823143137,-0.96889801096172423,0.033281391471566606,-0.24521213945506534,8.8139125009864986e-05,4.1411546811054431e-05
1.3400249481201172,1790954205.8526421,0.00059795379638671875,0.085905105783160907,0.086515971021358926,-0.086655597361518469,0.02806489437206882,0.33527774930811072,0.0054977871437821386,0.057789999999999994,0.0058209999999999998,0.207313,3.0066088892405518,1.3207080982766293,3.0977848893647355,0.05776763113962928,0.0058204407143139167,0.20722774845078978,-0.24722363279952597,-0.08684847668888801,0.96505845288367098,0.01082218738607026,0.99566545138341334,0.092375262823143137,-0.96889801096172423,0.033281391471566606,-0.24521213945506534,8.8139125009864986e-05,4.1411546811054431e-05
1.3450257778167725,1790954205.8576429,0.00059986114501953125,0.085905105783160907,0.086515971021358926,-0.086655597361518469,0.02806489437206882,0.33527774930811072,0.0054977871437821386,0.057789999999999994,0.0058209999999999998,0.207313,3.0066088892405518,1.3207080982766293,3.0977848893647355,0.05776763113962928,0.0058204407143139167,0.20722774845078978,-0.24722363279952597,-0.08684847668888801,0.96505845288367098,0.01082218738607026,0.99566545138341334,0.092375262823143137,-0.96889801096172423,0.033281391471566606,-0.24521213945506534,8.8139125009864986e-05,4.1411546811054431e-05
1.3500289916992188,1790954205.8626461,0.0005970001220703125,0.085905105783160907,0.086515971021358926,-0.086655597361518469,0.02806489437206882,0.33527774930811072,0.0054977871437821386,0.057789999999999994,0.0058209999999999998,0.207313,3.0066088892405518,1.3207080982766293,3.0977848893647355,0.05776763113962928,0.0058204407143139167,0.20722774845078978,-0.24722363279952597,-0.08684847668888801,0.96505845288367098,0.01082218738607026,0.99566545138341334,0.092375262823143137,-0.96889801096172423,0.033281391471566606,-0.24521213945506534,8.8139125009864986e-05,4.1411546811054431e-05
1.3550539016723633,1790954205.867671,0.00057196617126464844,0.085905105783160907,0.086515971021358926,-0.086655597361518469,0.02806489437206882,0.33527774930811072,0.0054977871437821386,0.057789999999999994,0.0058209999999999998,0.207313,3.0066088892405518,1.3207080982766293,3.0977848893647355,0.05776763113962928,0.0058204407143139167,0.20722774845078978,-0.24722363279952597,-0.08684847668888801,0.96505845288367098,0.01082218738607026,0.99566545138341334,0.092375262823143137,-0.96889801096172423,0.033281391471566606,-0.24521213945506534,8.8139125009864986e-05,4.1411546811054431e-05
1.3600289821624756,1790954205.8726461,0.00060415267944335938,0.085905105783160907,0.086515971021358926,-0.086655597361518469,0.02806489437206882,0.33527774930811072,0.0054977871437821386,0.057789999999999994,0.0058209999999999998,0.207313,3.0066088892405518,1.3207080982766293,3.0977848893647355,0.05776763113962928,0.0058204407143139167,0.20722774845078978,-0.24722363279952597,-0.08684847668888801,0.96505845288367098,0.01082218738607026,0.99566545138341334,0.092375262823143137,-0.96889801096172423,0.033281391471566606,-0.24521213945506534,8.8139125009864986e-05,4.1411546811054431e-05
1.3650269508361816,1790954205.8776441,0.00054907798767089844,0.085905105783160907,0.086515971021358926,-0.086655597361518469,0.02806489437206882,0.33527774930811072,0.0054977871437821386,0.057789999999999994,0.0058209999999999998,0.207313,3.0066088892405518,1.3207080982766293,3.0977848893647355,0.05776763113962928,0.0058204407143139167,0.20722774845078978,-0.24722363279952597,-0.08684847668888801,0.96505845288367098,0.01082218738607026,0.99566545138341334,0.092375262823143137,-0.96889801096172423,0.033281391471566606,-0.24521213945506534,8.8139125009864986e-05,4.1411546811054431e-05
1.3703289031982422,1790954205.882946,0.00089693069458007812,0.085905105783160907,0.086515971021358926,-0.086655597361518469,0.02806489437206882,0.33527774930811072,0.0054977871437821386,0.057789999999999994,0.0058209999999999998,0.207313,3.0066088892405518,1.3207080982766293,3.0977848893647355,0.05776763113962928,0.0058204407143139167,0.20722774845078978,-0.24722363279952597,-0.08684847668888801,0.96505845288367098,0.01082218738607026,0.99566545138341334,0.092375262823143137,-0.96889801096172423,0.033281391471566606,-0.24521213945506534,8.8139125009864986e-05,4.1411546811054431e-05
1.3750278949737549,1790954205.887645,0.00060105323791503906,0.085905105783160907,0.086515971021358926,-0.086655597361518469,0.02806489437206882,0.33527774930811072,0.0054977871437821386,0.057789999999999994,0.0058209999999999998,0.207313,3.0066088892405518,1.3207080982766293,3.0977848893647355,0.05776763113962928,0.0058204407143139167,0.20722774845078978,-0.24722363279952597,-0.08684847668888801,0.96505845288367098,0.01082218738607026,0.99566545138341334,0.092375262823143137,-0.96889801096172423,0.033281391471566606,-0.24521213945506534,8.8139125009864986e-05,4.1411546811054431e-05
1.3800258636474609,1790954205.892643,0.0005950927734375,0.085905105783160907,0.086515971021358926,-0.086655597361518469,0.02806489437206882,0.33527774930811072,0.0054977871437821386,0.057789999999999994,0.0058209999999999998,0.207313,3.0066088892405518,1.3207080982766293,3.0977848893647355,0.05776763113962928,0.0058204407143139167,0.20722774845078978,-0.24722363279952597,-0.08684847668888801,0.96505845288367098,0.01082218738607026,0.99566545138341334,0.092375262823143137,-0.96889801096172423,0.033281391471566606,-0.24521213945506534,8.8139125009864986e-05,4.1411546811054431e-05
1.3850278854370117,1790954205.897645,0.00059795379638671875,0.085905105783160907,0.086515971021358926,-0.086655597361518469,0.02806489437206882,0.33527774930811072,0.0054977871437821386,0.057789999999999994,0.0058209999999999998,0.207313,3.0066088892405518,1.3207080982766293,3.0977848893647355,0.05776763113962928,0.0058204407143139167,0.20722774845078978,-0.24722363279952597,-0.08684847668888801,0.96505845288367098,0.01082218738607026,0.99566545138341334,0.092375262823143137,-0.96889801096172423,0.033281391471566606,-0.24521213945506534,8.8139125009864986e-05,4.1411546811054431e-05
1.3900289535522461,1790954205.9026461,0.00060009956359863281,0.085905105783160907,0.086515971021358926,-0.086655597361518469,0.02806489437206882,0.33527774930811072,0.0054977871437821386,0.057789999999999994,0.0058209999999999998,0.207313,3.0066088892405518,1.3207080982766293,3.0977848893647355,0.05776763113962928,0.0058204407143139167,0.20722774845078978,-0.24722363279952597,-0.08684847668888801,0.96505845288367098,0.01082218738607026,0.99566545138341334,0.092375262823143137,-0.96889801096172423,0.033281391471566606,-0.24521213945506534,8.8139125009864986e-05,4.1411546811054431e-05
1.3950259685516357,1790954205.9076431,0.00060009956359863281,0.085905105783160907,0.086515971021358926,-0.086655597361518469,0.02806489437206882,0.33527774930811072,0.0054977871437821386,0.057789999999999994,0.0058209999999999998,0.207313,3.0066088892405518,1.3207080982766293,3.0977848893647355,0.05776763113962928,0.0058204407143139167,0.20722774845078978,-0.24722363279952597,-0.08684847668888801,0.96505845288367098,0.01082218738607026,0.99566545138341334,0.092375262823143137,-0.96889801096172423,0.033281391471566606,-0.24521213945506534,8.8139125009864986e-05,4.1411546811054431e-05
1.4000289440155029,1790954205.9126461,0.00060200691223144531,0.085905105783160907,0.086515971021358926,-0.086655597361518469,0.02806489437206882,0.33527774930811072,0.0054977871437821386,0.057789999999999994,0.0058209999999999998,0.207313,3.0066088892405518,1.3207080982766293,3.0977848893647355,0.05776763113962928,0.0058204407143139167,0.20722774845078978,-0.24722363279952597,-0.08684847668888801,0.96505845288367098,0.01082218738607026,0.99566545138341334,0.092375262823143137,-0.96889801096172423,0.033281391471566606,-0.24521213945506534,8.8139125009864986e-05,4.1411546811054431e-05
1.4050288200378418,1790954205.9176459,0.00059795379638671875,0.085905105783160907,0.086515971021358926,-0.086655597361518469,0.02806489437206882,0.33527774930811072,0.0054977871437821386,0.057789999999999994,0.0058209999999999998,0.207313,3.0066088892405518,1.3207080982766293,3.0977848893647355,0.05776763113962928,0.0058204407143139167,0.20722774845078978,-0.24722363279952597,-0.08684847668888801,0.96505845288367098,0.01082218738607026,0.99566545138341334,0.092375262823143137,-0.96889801096172423,0.033281391471566606,-0.24521213945506534,8.8139125009864986e-05,4.1411546811054431e-05
1.4100279808044434,1790954205.9226451,0.00060009956359863281,0.085905105783160907,0.086515971021358926,-0.086655597361518469,0.02806489437206882,0.33527774930811072,0.0054977871437821386,0.057789999999999994,0.0058209999999999998,0.207313,3.0066088892405518,1.3207080982766293,3.0977848893647355,0.05776763113962928,0.0058204407143139167,0.20722774845078978,-0.24722363279952597,-0.08684847668888801,0.96505845288367098,0.01082218738607026,0.99566545138341334,0.092375262823143137,-0.96889801096172423,0.033281391471566606,-0.24521213945506534,8.8139125009864986e-05,4.1411546811054431e-05
1.4150278568267822,1790954205.927645,0.00055003166198730469,0.085905105783160907,0.086515971021358926,-0.086655597361518469,0.02806489437206882,0.33527774930811072,0.0054977871437821386,0.057789999999999994,0.0058209999999999998,0.207313,3.0066088892405518,1.3207080982766293,3.0977848893647355,0.05776763113962928,0.0058204407143139167,0.20722774845078978,-0.24722363279952597,-0.08684847668888801,0.96505845288367098,0.01082218738607026,0.99566545138341334,0.092375262823143137,-0.96889801096172423,0.033281391471566606,-0.24521213945506534,8.8139125009864986e-05,4.1411546811054431e-05
1.4200289249420166,1790954205.932646,0.00060009956359863281,0.085905105783160907,0.086515971021358926,-0.086655597361518469,0.02806489437206882,0.33527774930811072,0.0054977871437821386,0.057789999999999994,0.0058209999999999998,0.207313,3.0066088892405518,1.3207080982766293,3.0977848893647355,0.05776763113962928,0.0058204407143139167,0.20722774845078978,-0.24722363279952597,-0.08684847668888801,0.96505845288367098,0.01082218738607026,0.99566545138341334,0.092375262823143137,-0.96889801096172423,0.033281391471566606,-0.24521213945506534,8.8139125009864986e-05,4.1411546811054431e-05
1.4250538349151611,1790954205.9376709,0.00057196617126464844,0.085905105783160907,0.086515971021358926,-0.086655597361518469,0.02806489437206882,0.33527774930811072,0.0054977871437821386,0.057789999999999994,0.0058209999999999998,0.207313,3.0066088892405518,1.3207080982766293,3.0977848893647355,0.05776763113962928,0.0058204407143139167,0.20722774845078978,-0.24722363279952597,-0.08684847668888801,0.96505845288367098,0.01082218738607026,0.99566545138341334,0.092375262823143137,-0.96889801096172423,0.033281391471566606,-0.24521213945506534,8.8139125009864986e-05,4.1411546811054431e-05
1.4300267696380615,1790954205.9426439,0.000598907470703125,0.085905105783160907,0.086515971021358926,-0.086655597361518469,0.02806489437206882,0.33527774930811072,0.0054977871437821386,0.057789999999999994,0.0058209999999999998,0.207313,3.0066088892405518,1.3207080982766293,3.0977848893647355,0.05776763113962928,0.0058204407143139167,0.20722774845078978,-0.24722363279952597,-0.08684847668888801,0.96505845288367098,0.01082218738607026,0.99566545138341334,0.092375262823143137,-0.96889801096172423,0.033281391471566606,-0.24521213945506534,8.8139125009864986e-05,4.1411546811054431e-05
1.4350278377532959,1790954205.9476449,0.00059795379638671875,0.085905105783160907,0.086515971021358926,-0.086655597361518469,0.02806489437206882,0.33527774930811072,0.0054977871437821386,0.057789999999999994,0.0058209999999999998,0.207313,3.0066088892405518,1.3207080982766293,3.0977848893647355,0.05776763113962928,0.0058204407143139167,0.20722774845078978,-0.24722363279952597,-0.08684847668888801,0.96505845288367098,0.01082218738607026,0.99566545138341334,0.092375262823143137,-0.96889801096172423,0.033281391471566606,-0.24521213945506534,8.8139125009864986e-05,4.1411546811054431e-05
1.4400298595428467,1790954205.952647,0.00060200691223144531,0.085905105783160907,0.086515971021358926,-0.086655597361518469,0.02806489437206882,0.33527774930811072,0.0054977871437821386,0.057789999999999994,0.0058209999999999998,0.207313,3.0066088892405518,1.3207080982766293,3.0977848893647355,0.05776763113962928,0.0058204407143139167,0.20722774845078978,-0.24722363279952597,-0.08684847668888801,0.96505845288367098,0.01082218738607026,0.99566545138341334,0.092375262823143137,-0.96889801096172423,0.033281391471566606,-0.24521213945506534,8.8139125009864986e-05,4.1411546811054431e-05
1.4450287818908691,1790954205.9576459,0.00060296058654785156,0.085905105783160907,0.086515971021358926,-0.086655597361518469,0.02806489437206882,0.33527774930811072,0.0054977871437821386,0.057789999999999994,0.0058209999999999998,0.207313,3.0066088892405518,1.3207080982766293,3.0977848893647355,0.05776763113962928,0.0058204407143139167,0.20722774845078978,-0.24722363279952597,-0.08684847668888801,0.96505845288367098,0.01082218738607026,0.99566545138341334,0.092375262823143137,-0.96889801096172423,0.033281391471566606,-0.24521213945506534,8.8139125009864986e-05,4.1411546811054431e-05
1.4500257968902588,1790954205.9626429,0.00059580802917480469,0.085905105783160907,0.086515971021358926,-0.086655597361518469,0.02806489437206882,0.33527774930811072,0.0054977871437821386,0.057789999999999994,0.0058209999999999998,0.207313,3.0066088892405518,1.3207080982766293,3.0977848893647355,0.05776763113962928,0.0058204407143139167,0.20722774845078978,-0.24722363279952597,-0.08684847668888801,0.96505845288367098,0.01082218738607026,0.99566545138341334,0.092375262823143137,-0.96889801096172423,0.033281391471566606,-0.24521213945506534,8.8139125009864986e-05,4.1411546811054431e-05
1.4550268650054932,1790954205.967644,0.00059795379638671875,0.085905105783160907,0.086515971021358926,-0.086655597361518469,0.02806489437206882,0.33527774930811072,0.0054977871437821386,0.057789999999999994,0.0058209999999999998,0.207313,3.0066088892405518,1.3207080982766293,3.0977848893647355,0.05776763113962928,0.0058204407143139167,0.20722774845078978,-0.24722363279952597,-0.08684847668888801,0.96505845288367098,0.01082218738607026,0.99566545138341334,0.092375262823143137,-0.96889801096172423,0.033281391471566606,-0.24521213945506534,8.8139125009864986e-05,4.1411546811054431e-05
1.4600279331207275,1790954205.972645,0.00059914588928222656,0.085905105783160907,0.086515971021358926,-0.086655597361518469,0.02806489437206882,0.33527774930811072,0.0054977871437821386,0.057789999999999994,0.0058209999999999998,0.207313,3.0066088892405518,1.3207080982766293,3.0977848893647355,0.05776763113962928,0.0058204407143139167,0.20722774845078978,-0.24722363279952597,-0.08684847668888801,0.96505845288367098,0.01082218738607026,0.99566545138341334,0.092375262823143137,-0.96889801096172423,0.033281391471566606,-0.24521213945506534,8.8139125009864986e-05,4.1411546811054431e-05
1.4650239944458008,1790954205.9776411,0.00054907798767089844,0.085905105783160907,0.086515971021358926,-0.086655597361518469,0.02806489437206882,0.33527774930811072,0.0054977871437821386,0.057789999999999994,0.0058209999999999998,0.207313,3.0066088892405518,1.3207080982766293,3.0977848893647355,0.05776763113962928,0.0058204407143139167,0.20722774845078978,-0.24722363279952597,-0.08684847668888801,0.96505845288367098,0.01082218738607026,0.99566545138341334,0.092375262823143137,-0.96889801096172423,0.033281391471566606,-0.24521213945506534,8.8139125009864986e-05,4.1411546811054431e-05
1.4700319766998291,1790954205.9826491,0.00059819221496582031,0.085905105783160907,0.086515971021358926,-0.086655597361518469,0.02806489437206882,0.33527774930811072,0.0054977871437821386,0.057789999999999994,0.0058209999999999998,0.207313,3.0066088892405518,1.3207080982766293,3.0977848893647355,0.05776763113962928,0.0058204407143139167,0.20722774845078978,-0.24722363279952597,-0.08684847668888801,0.96505845288367098,0.01082218738607026,0.99566545138341334,0.092375262823143137,-0.96889801096172423,0.033281391471566606,-0.24521213945506534,8.8139125009864986e-05,4.1411546811054431e-05
1.4750299453735352,1790954205.9876471,0.00054907798767089844,0.085905105783160907,0.086515971021358926,-0.086655597361518469,0.02806489437206882,0.33527774930811072,0.0054977871437821386,0.057789999999999994,0.0058209999999999998,0.207313,3.0066088892405518,1.3207080982766293,3.0977848893647355,0.05776763113962928,0.0058204407143139167,0.20722774845078978,-0.24722363279952597,-0.08684847668888801,0.96505845288367098,0.01082218738607026,0.99566545138341334,0.092375262823143137,-0.96889801096172423,0.033281391471566606,-0.24521213945506534,8.8139125009864986e-05,4.1411546811054431e-05
1.4800269603729248,1790954205.9926441,0.00060009956359863281,0.085905105783160907,0.086515971021358926,-0.086655597361518469,0.02806489437206882,0.33527774930811072,0.0054977871437821386,0.057789999999999994,0.0058209999999999998,0.207313,3.0066088892405518,1.3207080982766293,3.0977848893647355,0.05776763113962928,0.0058204407143139167,0.20722774845078978,-0.24722363279952597,-0.08684847668888801,0.96505845288367098,0.01082218738607026,0.99566545138341334,0.092375262823143137,-0.96889801096172423,0.033281391471566606,-0.24521213945506534,8.8139125009864986e-05,4.1411546811054431e-05
1.4850549697875977,1790954205.9976721,0.0005741119384765625,0.085905105783160907,0.086515971021358926,-0.086655597361518469,0.02806489437206882,0.33527774930811072,0.0054977871437821386,0.057789999999999994,0.0058209999999999998,0.207313,3.0066088892405518,1.3207080982766293,3.0977848893647355,0.05776763113962928,0.0058204407143139167,0.20722774845078978,-0.24722363279952597,-0.08684847668888801,0.96505845288367098,0.01082218738607026,0.99566545138341334,0.092375262823143137,-0.96889801096172423,0.033281391471566606,-0.24521213945506534,8.8139125009864986e-05,4.1411546811054431e-05
1.4900288581848145,1790954206.002646,0.000598907470703125,0.085905105783160907,0.086515971021358926,-0.086655597361518469,0.02806489437206882,0.33527774930811072,0.0054977871437821386,0.057789999999999994,0.0058209999999999998,0.207313,3.0066088892405518,1.3207080982766293,3.0977848893647355,0.05776763113962928,0.0058204407143139167,0.20722774845078978,-0.24722363279952597,-0.08684847668888801,0.96505845288367098,0.01082218738607026,0.99566545138341334,0.092375262823143137,-0.96889801096172423,0.033281391471566606,-0.24521213945506534,8.8139125009864986e-05,4.1411546811054431e-05
1.4950528144836426,1790954206.0076699,0.00057482719421386719,0.085905105783160907,0.086515971021358926,-0.086655597361518469,0.02806489437206882,0.33527774930811072,0.0054977871437821386,0.057789999999999994,0.0058209999999999998,0.207313,3.0066088892405518,1.3207080982766293,3.0977848893647355,0.05776763113962928,0.0058204407143139167,0.20722774845078978,-0.24722363279952597,-0.08684847668888801,0.96505845288367098,0.01082218738607026,0.99566545138341334,0.092375262823143137,-0.96889801096172423,0.033281391471566606,-0.24521213945506534,8.8139125009864986e-05,4.1411546811054431e-05
1.5000278949737549,1790954206.012645,0.000598907470703125,0.085905105783160907,0.086515971021358926,-0.086655597361518469,0.02806489437206882,0.33527774930811072,0.0054977871437821386,0.057789999999999994,0.0058209999999999998,0.207313,3.0066088892405518,1.3207080982766293,3.0977848893647355,0.05776763113962928,0.0058204407143139167,0.20722774845078978,-0.24722363279952597,-0.08684847668888801,0.96505845288367098,0.01082218738607026,0.99566545138341334,0.092375262823143137,-0.96889801096172423,0.033281391471566606,-0.24521213945506534,8.8139125009864986e-05,4.1411546811054431e-05
1.5050539970397949,1790954206.0176711,0.00057315826416015625,0.085905105783160907,0.086515971021358926,-0.086655597361518469,0.02806489437206882,0.33527774930811072,0.0054977871437821386,0.057789999999999994,0.0058209999999999998,0.207313,3.0066088892405518,1.3207080982766293,3.0977848893647355,0.05776763113962928,0.0058204407143139167,0.20722774845078978,-0.24722363279952597,-0.08684847668888801,0.96505845288367098,0.01082218738607026,0.99566545138341334,0.092375262823143137,-0.96889801096172423,0.033281391471566606,-0.24521213945506534,8.8139125009864986e-05,4.1411546811054431e-05
1.5100247859954834,1790954206.0226419,0.00059986114501953125,0.085905105783160907,0.086515971021358926,-0.086655597361518469,0.02806489437206882,0.33527774930811072,0.0054977871437821386,0.057789999999999994,0.0058209999999999998,0.207313,3.0066088892405518,1.3207080982766293,3.0977848893647355,0.05776763113962928,0.0058204407143139167,0.20722774845078978,-0.24722363279952597,-0.08684847668888801,0.96505845288367098,0.01082218738607026,0.99566545138341334,0.092375262823143137,-0.96889801096172423,0.033281391471566606,-0.24521213945506534,8.8139125009864986e-05,4.1411546811054431e-05
1.515049934387207,1790954206.027667,0.0005741119384765625,0.085905105783160907,0.086515971021358926,-0.086655597361518469,0.02806489437206882,0.33527774930811072,0.0054977871437821386,0.057789999999999994,0.0058209999999999998,0.207313,3.0066088892405518,1.3207080982766293,3.0977848893647355,0.05776763113962928,0.0058204407143139167,0.20722774845078978,-0.24722363279952597,-0.08684847668888801,0.96505845288367098,0.01082218738607026,0.99566545138341334,0.092375262823143137,-0.96889801096172423,0.033281391471566606,-0.24521213945506534,8.8139125009864986e-05,4.1411546811054431e-05
1.5200278759002686,1790954206.032645,0.00060105323791503906,0.085905105783160907,0.086515971021358926,-0.086655597361518469,0.02806489437206882,0.33527774930811072,0.0054977871437821386,0.057789999999999994,0.0058209999999999998,0.207313,3.0066088892405518,1.3207080982766293,3.0977848893647355,0.05776763113962928,0.0058204407143139167,0.20722774845078978,-0.24722363279952597,-0.08684847668888801,0.96505845288367098,0.01082218738607026,0.99566545138341334,0.092375262823143137,-0.96889801096172423,0.033281391471566606,-0.24521213945506534,8.8139125009864986e-05,4.1411546811054431e-05
1.5250279903411865,1790954206.0376451,0.00055098533630371094,0.085905105783160907,0.086515971021358926,-0.086655597361518469,0.02806489437206882,0.33527774930811072,0.0054977871437821386,0.057789999999999994,0.0058209999999999998,0.207313,3.0066088892405518,1.3207080982766293,3.0977848893647355,0.05776763113962928,0.0058204407143139167,0.20722774845078978,-0.24722363279952597,-0.08684847668888801,0.96505845288367098,0.01082218738607026,0.99566545138341334,0.092375262823143137,-0.96889801096172423,0.033281391471566606,-0.24521213945506534,8.8139125009864986e-05,4.1411546811054431e-05
1.530026912689209,1790954206.042644,0.00060009956359863281,0.085905105783160907,0.086515971021358926,-0.086655597361518469,0.02806489437206882,0.33527774930811072,0.0054977871437821386,0.057789999999999994,0.0058209999999999998,0.207313,3.0066088892405518,1.3207080982766293,3.0977848893647355,0.05776763113962928,0.0058204407143139167,0.20722774845078978,-0.24722363279952597,-0.08684847668888801,0.96505845288367098,0.01082218738607026,0.99566545138341334,0.092375262823143137,-0.96889801096172423,0.033281391471566606,-0.24521213945506534,8.8139125009864986e-05,4.1411546811054431e-05
1.5350267887115479,1790954206.0476439,0.000598907470703125,0.085905105783160907,0.086515971021358926,-0.086655597361518469,0.02806489437206882,0.33527774930811072,0.0054977871437821386,0.057789999999999994,0.0058209999999999998,0.207313,3.0066088892405518,1.3207080982766293,3.0977848893647355,0.05776763113962928,0.0058204407143139167,0.20722774845078978,-0.24722363279952597,-0.08684847668888801,0.96505845288367098,0.01082218738607026,0.99566545138341334,0.092375262823143137,-0.96889801096172423,0.033281391471566606,-0.24521213945506534,8.8139125009864986e-05,4.1411546811054431e-05
1.5400269031524658,1790954206.052644,0.00060009956359863281,0.085905105783160907,0.086515971021358926,-0.086655597361518469,0.02806489437206882,0.33527774930811072,0.0054977871437821386,0.057789999999999994,0.0058209999999999998,0.207313,3.0066088892405518,1.3207080982766293,3.0977848893647355,0.05776763113962928,0.0058204407143139167,0.20722774845078978,-0.24722363279952597,-0.08684847668888801,0.96505845288367098,0.01082218738607026,0.99566545138341334,0.092375262823143137,-0.96889801096172423,0.033281391471566606,-0.24521213945506534,8.8139125009864986e-05,4.1411546811054431e-05
1.5450258255004883,1790954206.0576429,0.0005970001220703125,0.085905105783160907,0.086515971021358926,-0.086655597361518469,0.02806489437206882,0.33527774930811072,0.0054977871437821386,0.057789999999999994,0.0058209999999999998,0.207313,3.0066088892405518,1.3207080982766293,3.0977848893647355,0.05776763113962928,0.0058204407143139167,0.20722774845078978,-0.24722363279952597,-0.08684847668888801,0.96505845288367098,0.01082218738607026,0.99566545138341334,0.092375262823143137,-0.96889801096172423,0.033281391471566606,-0.24521213945506534,8.8139125009864986e-05,4.1411546811054431e-05
1.5500278472900391,1790954206.062645,0.00059294700622558594,0.085905105783160907,0.086515971021358926,-0.086655597361518469,0.02806489437206882,0.33527774930811072,0.0054977871437821386,0.057789999999999994,0.0058209999999999998,0.207313,3.0066088892405518,1.3207080982766293,3.0977848893647355,0.05776763113962928,0.0058204407143139167,0.20722774845078978,-0.24722363279952597,-0.08684847668888801,0.96505845288367098,0.01082218738607026,0.99566545138341334,0.092375262823143137,-0.96889801096172423,0.033281391471566606,-0.24521213945506534,8.8139125009864986e-05,4.1411546811054431e-05
1.555027961730957,1790954206.0676451,0.00054812431335449219,0.085905105783160907,0.086515971021358926,-0.086655597361518469,0.02806489437206882,0.33527774930811072,0.0054977871437821386,0.057789999999999994,0.0058209999999999998,0.207313,3.0066088892405518,1.3207080982766293,3.0977848893647355,0.05776763113962928,0.0058204407143139167,0.20722774845078978,-0.24722363279952597,-0.08684847668888801,0.96505845288367098,0.01082218738607026,0.99566545138341334,0.092375262823143137,-0.96889801096172423,0.033281391471566606,-0.24521213945506534,8.8139125009864986e-05,4.1411546811054431e-05
1.5600278377532959,1790954206.0726449,0.000598907470703125,0.085905105783160907,0.086515971021358926,-0.086655597361518469,0.02806489437206882,0.33527774930811072,0.0054977871437821386,0.057789999999999994,0.0058209999999999998,0.207313,3.0066088892405518,1.3207080982766293,3.0977848893647355,0.05776763113962928,0.0058204407143139167,0.20722774845078978,-0.24722363279952597,-0.08684847668888801,0.96505845288367098,0.01082218738607026,0.99566545138341334,0.092375262823143137,-0.96889801096172423,0.033281391471566606,-0.24521213945506534,8.8139125009864986e-05,4.1411546811054431e-05
1.5650289058685303,1790954206.077646,0.00055098533630371094,0.085905105783160907,0.086515971021358926,-0.086655597361518469,0.02806489437206882,0.33527774930811072,0.0054977871437821386,0.057789999999999994,0.0058209999999999998,0.207313,3.0066088892405518,1.3207080982766293,3.0977848893647355,0.05776763113962928,0.0058204407143139167,0.20722774845078978,-0.24722363279952597,-0.08684847668888801,0.96505845288367098,0.01082218738607026,0.99566545138341334,0.092375262823143137,-0.96889801096172423,0.033281391471566606,-0.24521213945506534,8.8139125009864986e-05,4.1411546811054431e-05
1.5700287818908691,1790954206.0826459,0.00059795379638671875,0.085905105783160907,0.086515971021358926,-0.086655597361518469,0.02806489437206882,0.33527774930811072,0.0054977871437821386,0.057789999999999994,0.0058209999999999998,0.207313,3.0066088892405518,1.3207080982766293,3.0977848893647355,0.05776763113962928,0.0058204407143139167,0.20722774845078978,-0.24722363279952597,-0.08684847668888801,0.96505845288367098,0.01082218738607026,0.99566545138341334,0.092375262823143137,-0.96889801096172423,0.033281391471566606,-0.24521213945506534,8.8139125009864986e-05,4.1411546811054431e-05
1.5750308036804199,1790954206.0876479,0.00055289268493652344,0.085905105783160907,0.086515971021358926,-0.086655597361518469,0.02806489437206882,0.33527774930811072,0.0054977871437821386,0.057789999999999994,0.0058209999999999998,0.207313,3.0066088892405518,1.3207080982766293,3.0977848893647355,0.05776763113962928,0.0058204407143139167,0.20722774845078978,-0.24722363279952597,-0.08684847668888801,0.96505845288367098,0.01082218738607026,0.99566545138341334,0.092375262823143137,-0.96889801096172423,0.033281391471566606,-0.24521213945506534,8.8139125009864986e-05,4.1411546811054431e-05
1.5800268650054932,1790954206.092644,0.00059199333190917969,0.085905105783160907,0.086515971021358926,-0.086655597361518469,0.02806489437206882,0.33527774930811072,0.0054977871437821386,0.057789999999999994,0.0058209999999999998,0.207313,3.0066088892405518,1.3207080982766293,3.0977848893647355,0.05776763113962928,0.0058204407143139167,0.20722774845078978,-0.24722363279952597,-0.08684847668888801,0.96505845288367098,0.01082218738607026,0.99566545138341334,0.092375262823143137,-0.96889801096172423,0.033281391471566606,-0.24521213945506534,8.8139125009864986e-05,4.1411546811054431e-05
1.5850338935852051,1790954206.097651,0.0005550384521484375,0.085905105783160907,0.086515971021358926,-0.086655597361518469,0.02806489437206882,0.33527774930811072,0.0054977871437821386,0.057789999999999994,0.0058209999999999998,0.207313,3.0066088892405518,1.3207080982766293,3.0977848893647355,0.05776763113962928,0.0058204407143139167,0.20722774845078978,-0.24722363279952597,-0.08684847668888801,0.96505845288367098,0.01082218738607026,0.99566545138341334,0.092375262823143137,-0.96889801096172423,0.033281391471566606,-0.24521213945506534,8.8139125009864986e-05,4.1411546811054431e-05
1.59002685546875,1790954206.102644,0.00059795379638671875,0.085905105783160907,0.086515971021358926,-0.086655597361518469,0.02806489437206882,0.33527774930811072,0.0054977871437821386,0.057789999999999994,0.0058209999999999998,0.207313,3.0066088892405518,1.3207080982766293,3.0977848893647355,0.05776763113962928,0.0058204407143139167,0.20722774845078978,-0.24722363279952597,-0.08684847668888801,0.96505845288367098,0.01082218738607026,0.99566545138341334,0.092375262823143137,-0.96889801096172423,0.033281391471566606,-0.24521213945506534,8.8139125009864986e-05,4.1411546811054431e-05
1.5950257778167725,1790954206.1076429,0.000598907470703125,0.085905105783160907,0.086515971021358926,-0.086655597361518469,0.02806489437206882,0.33527774930811072,0.0054977871437821386,0.057789999999999994,0.0058209999999999998,0.207313,3.0066088892405518,1.3207080982766293,3.0977848893647355,0.05776763113962928,0.0058204407143139167,0.20722774845078978,-0.24722363279952597,-0.08684847668888801,0.96505845288367098,0.01082218738607026,0.99566545138341334,0.092375262823143137,-0.96889801096172423,0.033281391471566606,-0.24521213945506534,8.8139125009864986e-05,4.1411546811054431e-05
1.6000268459320068,1790954206.112644,0.00059604644775390625,0.085905105783160907,0.086515971021358926,-0.086655597361518469,0.02806489437206882,0.33527774930811072,0.0054977871437821386,0.057789999999999994,0.0058209999999999998,0.207313,3.0066088892405518,1.3207080982766293,3.0977848893647355,0.05776763113962928,0.0058204407143139167,0.20722774845078978,-0.24722363279952597,-0.08684847668888801,0.96505845288367098,0.01082218738607026,0.99566545138341334,0.092375262823143137,-0.96889801096172423,0.033281391471566606,-0.24521213945506534,8.8139125009864986e-05,4.1411546811054431e-05
1.6050288677215576,1790954206.117646,0.00054502487182617188,0.085905105783160907,0.086515971021358926,-0.086655597361518469,0.02806489437206882,0.33527774930811072,0.0054977871437821386,0.057789999999999994,0.0058209999999999998,0.207313,3.0066088892405518,1.3207080982766293,3.0977848893647355,0.05776763113962928,0.0058204407143139167,0.20722774845078978,-0.24722363279952597,-0.08684847668888801,0.96505845288367098,0.01082218738607026,0.99566545138341334,0.092375262823143137,-0.96889801096172423,0.033281391471566606,-0.24521213945506534,8.8139125009864986e-05,4.1411546811054431e-05
1.6100308895111084,1790954206.122648,0.00060105323791503906,0.085905105783160907,0.086515971021358926,-0.086655597361518469,0.02806489437206882,0.33527774930811072,0.0054977871437821386,0.057789999999999994,0.0058209999999999998,0.207313,3.0066088892405518,1.3207080982766293,3.0977848893647355,0.05776763113962928,0.0058204407143139167,0.20722774845078978,-0.24722363279952597,-0.08684847668888801,0.96505845288367098,0.01082218738607026,0.99566545138341334,0.092375262823143137,-0.96889801096172423,0.033281391471566606,-0.24521213945506534,8.8139125009864986e-05,4.1411546811054431e-05
1.6150288581848145,1790954206.127646,0.00059986114501953125,0.085905105783160907,0.086515971021358926,-0.086655597361518469,0.02806489437206882,0.33527774930811072,0.0054977871437821386,0.057789999999999994,0.0058209999999999998,0.207313,3.0066088892405518,1.3207080982766293,3.0977848893647355,0.05776763113962928,0.0058204407143139167,0.20722774845078978,-0.24722363279952597,-0.08684847668888801,0.96505845288367098,0.01082218738607026,0.99566545138341334,0.092375262823143137,-0.96889801096172423,0.033281391471566606,-0.24521213945506534,8.8139125009864986e-05,4.1411546811054431e-05
1.6200268268585205,1790954206.1326439,0.000598907470703125,0.085905105783160907,0.086515971021358926,-0.086655597361518469,0.02806489437206882,0.33527774930811072,0.0054977871437821386,0.057789999999999994,0.0058209999999999998,0.207313,3.0066088892405518,1.3207080982766293,3.0977848893647355,0.05776763113962928,0.0058204407143139167,0.20722774845078978,-0.24722363279952597,-0.08684847668888801,0.96505845288367098,0.01082218738607026,0.99566545138341334,0.092375262823143137,-0.96889801096172423,0.033281391471566606,-0.24521213945506534,8.8139125009864986e-05,4.1411546811054431e-05
1.6250548362731934,1790954206.1376719,0.00057291984558105469,0.085905105783160907,0.086515971021358926,-0.086655597361518469,0.02806489437206882,0.33527774930811072,0.0054977871437821386,0.057789999999999994,0.0058209999999999998,0.207313,3.0066088892405518,1.3207080982766293,3.0977848893647355,0.05776763113962928,0.0058204407143139167,0.20722774845078978,-0.24722363279952597,-0.08684847668888801,0.96505845288367098,0.01082218738607026,0.99566545138341334,0.092375262823143137,-0.96889801096172423,0.033281391471566606,-0.24521213945506534,8.8139125009864986e-05,4.1411546811054431e-05
1.6300277709960938,1790954206.1426449,0.00059580802917480469,0.085905105783160907,0.086515971021358926,-0.086655597361518469,0.02806489437206882,0.33527774930811072,0.0054977871437821386,0.057789999999999994,0.0058209999999999998,0.207313,3.0066088892405518,1.3207080982766293,3.0977848893647355,0.05776763113962928,0.0058204407143139167,0.20722774845078978,-0.24722363279952597,-0.08684847668888801,0.96505845288367098,0.01082218738607026,0.99566545138341334,0.092375262823143137,-0.96889801096172423,0.033281391471566606,-0.24521213945506534,8.8139125009864986e-05,4.1411546811054431e-05
1.6350259780883789,1790954206.1476431,0.00059819221496582031,0.085905105783160907,0.086515971021358926,-0.086655597361518469,0.02806489437206882,0.33527774930811072,0.0054977871437821386,0.057789999999999994,0.0058209999999999998,0.207313,3.0066088892405518,1.3207080982766293,3.0977848893647355,0.05776763113962928,0.0058204407143139167,0.20722774845078978,-0.24722363279952597,-0.08684847668888801,0.96505845288367098,0.01082218738607026,0.99566545138341334,0.092375262823143137,-0.96889801096172423,0.033281391471566606,-0.24521213945506534,8.8139125009864986e-05,4.1411546811054431e-05
1.6400279998779297,1790954206.1526451,0.00059819221496582031,0.085905105783160907,0.086515971021358926,-0.086655597361518469,0.02806489437206882,0.33527774930811072,0.0054977871437821386,0.057789999999999994,0.0058209999999999998,0.207313,3.0066088892405518,1.3207080982766293,3.0977848893647355,0.05776763113962928,0.0058204407143139167,0.20722774845078978,-0.24722363279952597,-0.08684847668888801,0.96505845288367098,0.01082218738607026,0.99566545138341334,0.092375262823143137,-0.96889801096172423,0.033281391471566606,-0.24521213945506534,8.8139125009864986e-05,4.1411546811054431e-05
1.645028829574585,1790954206.1576459,0.00059986114501953125,0.085905105783160907,0.086515971021358926,-0.086655597361518469,0.02806489437206882,0.33527774930811072,0.0054977871437821386,0.057789999999999994,0.0058209999999999998,0.207313,3.0066088892405518,1.3207080982766293,3.0977848893647355,0.05776763113962928,0.0058204407143139167,0.20722774845078978,-0.24722363279952597,-0.08684847668888801,0.96505845288367098,0.01082218738607026,0.99566545138341334,0.092375262823143137,-0.96889801096172423,0.033281391471566606,-0.24521213945506534,8.8139125009864986e-05,4.1411546811054431e-05
1.6500289440155029,1790954206.1626461,0.00060105323791503906,0.085905105783160907,0.086515971021358926,-0.086655597361518469,0.02806489437206882,0.33527774930811072,0.0054977871437821386,0.057789999999999994,0.0058209999999999998,0.207313,3.0066088892405518,1.3207080982766293,3.0977848893647355,0.05776763113962928,0.0058204407143139167,0.20722774845078978,-0.24722363279952597,-0.08684847668888801,0.96505845288367098,0.01082218738607026,0.99566545138341334,0.092375262823143137,-0.96889801096172423,0.033281391471566606,-0.24521213945506534,8.8139125009864986e-05,4.1411546811054431e-05
1.6550297737121582,1790954206.1676469,0.00054883956909179688,0.085905105783160907,0.086515971021358926,-0.086655597361518469,0.02806489437206882,0.33527774930811072,0.0054977871437821386,0.057789999999999994,0.0058209999999999998,0.207313,3.0066088892405518,1.3207080982766293,3.0977848893647355,0.05776763113962928,0.0058204407143139167,0.20722774845078978,-0.24722363279952597,-0.08684847668888801,0.96505845288367098,0.01082218738607026,0.99566545138341334,0.092375262823143137,-0.96889801096172423,0.033281391471566606,-0.24521213945506534,8.8139125009864986e-05,4.1411546811054431e-05
1.6600329875946045,1790954206.1726501,0.00060105323791503906,0.085905105783160907,0.086515971021358926,-0.086655597361518469,0.02806489437206882,0.33527774930811072,0.0054977871437821386,0.057789999999999994,0.0058209999999999998,0.207313,3.0066088892405518,1.3207080982766293,3.0977848893647355,0.05776763113962928,0.0058204407143139167,0.20722774845078978,-0.24722363279952597,-0.08684847668888801,0.96505845288367098,0.01082218738607026,0.99566545138341334,0.092375262823143137,-0.96889801096172423,0.033281391471566606,-0.24521213945506534,8.8139125009864986e-05,4.1411546811054431e-05
1.6650538444519043,1790954206.177671,0.00057291984558105469,0.085905105783160907,0.086515971021358926,-0.086655597361518469,0.02806489437206882,0.33527774930811072,0.0054977871437821386,0.057789999999999994,0.0058209999999999998,0.207313,3.0066088892405518,1.3207080982766293,3.0977848893647355,0.05776763113962928,0.0058204407143139167,0.20722774845078978,-0.24722363279952597,-0.08684847668888801,0.96505845288367098,0.01082218738607026,0.99566545138341334,0.092375262823143137,-0.96889801096172423,0.033281391471566606,-0.24521213945506534,8.8139125009864986e-05,4.1411546811054431e-05
1.670029878616333,1790954206.182647,0.00060009956359863281,0.085905105783160907,0.086515971021358926,-0.086655597361518469,0.02806489437206882,0.33527774930811072,0.0054977871437821386,0.057789999999999994,0.0058209999999999998,0.207313,3.0066088892405518,1.3207080982766293,3.0977848893647355,0.05776763113962928,0.0058204407143139167,0.20722774845078978,-0.24722363279952597,-0.08684847668888801,0.96505845288367098,0.01082218738607026,0.99566545138341334,0.092375262823143137,-0.96889801096172423,0.033281391471566606,-0.24521213945506534,8.8139125009864986e-05,4.1411546811054431e-05
1.6750578880310059,1790954206.187675,0.00058007240295410156,0.085905105783160907,0.086515971021358926,-0.086655597361518469,0.02806489437206882,0.33527774930811072,0.0054977871437821386,0.057789999999999994,0.0058209999999999998,0.207313,3.0066088892405518,1.3207080982766293,3.0977848893647355,0.05776763113962928,0.0058204407143139167,0.20722774845078978,-0.24722363279952597,-0.08684847668888801,0.96505845288367098,0.01082218738607026,0.99566545138341334,0.092375262823143137,-0.96889801096172423,0.033281391471566606,-0.24521213945506534,8.8139125009864986e-05,4.1411546811054431e-05
1.680027961730957,1790954206.1926451,0.0005931854248046875,0.085905105783160907,0.086515971021358926,-0.086655597361518469,0.02806489437206882,0.33527774930811072,0.0054977871437821386,0.057789999999999994,0.0058209999999999998,0.207313,3.0066088892405518,1.3207080982766293,3.0977848893647355,0.05776763113962928,0.0058204407143139167,0.20722774845078978,-0.24722363279952597,-0.08684847668888801,0.96505845288367098,0.01082218738607026,0.99566545138341334,0.092375262823143137,-0.96889801096172423,0.033281391471566606,-0.24521213945506534,8.8139125009864986e-05,4.1411546811054431e-05
1.6850259304046631,1790954206.197643,0.00054597854614257812,0.085905105783160907,0.086515971021358926,-0.086655597361518469,0.02806489437206882,0.33527774930811072,0.0054977871437821386,0.057789999999999994,0.0058209999999999998,0.207313,3.0066088892405518,1.3207080982766293,3.0977848893647355,0.05776763113962928,0.0058204407143139167,0.20722774845078978,-0.24722363279952597,-0.08684847668888801,0.96505845288367098,0.01082218738607026,0.99566545138341334,0.092375262823143137,-0.96889801096172423,0.033281391471566606,-0.24521213945506534,8.8139125009864986e-05,4.1411546811054431e-05
1.6900269985198975,1790954206.2026441,0.00052213668823242188,0.085905105783160907,0.086515971021358926,-0.086655597361518469,0.02806489437206882,0.33527774930811072,0.0054977871437821386,0.057789999999999994,0.0058209999999999998,0.207313,3.0066088892405518,1.3207080982766293,3.0977848893647355,0.05776763113962928,0.0058204407143139167,0.20722774845078978,-0.24722363279952597,-0.08684847668888801,0.96505845288367098,0.01082218738607026,0.99566545138341334,0.092375262823143137,-0.96889801096172423,0.033281391471566606,-0.24521213945506534,8.8139125009864986e-05,4.1411546811054431e-05
1.6950259208679199,1790954206.207643,0.00054907798767089844,0.085905105783160907,0.086515971021358926,-0.086655597361518469,0.02806489437206882,0.33527774930811072,0.0054977871437821386,0.057789999999999994,0.0058209999999999998,0.207313,3.0066088892405518,1.3207080982766293,3.0977848893647355,0.05776763113962928,0.0058204407143139167,0.20722774845078978,-0.24722363279952597,-0.08684847668888801,0.96505845288367098,0.01082218738607026,0.99566545138341334,0.092375262823143137,-0.96889801096172423,0.033281391471566606,-0.24521213945506534,8.8139125009864986e-05,4.1411546811054431e-05
1.7000269889831543,1790954206.2126441,0.00060105323791503906,0.085905105783160907,0.086515971021358926,-0.086655597361518469,0.02806489437206882,0.33527774930811072,0.0054977871437821386,0.057789999999999994,0.0058209999999999998,0.207313,3.0066088892405518,1.3207080982766293,3.0977848893647355,0.05776763113962928,0.0058204407143139167,0.20722774845078978,-0.24722363279952597,-0.08684847668888801,0.96505845288367098,0.01082218738607026,0.99566545138341334,0.092375262823143137,-0.96889801096172423,0.033281391471566606,-0.24521213945506534,8.8139125009864986e-05,4.1411546811054431e-05
1.7050259113311768,1790954206.217643,0.00054907798767089844,0.085905105783160907,0.086515971021358926,-0.086655597361518469,0.02806489437206882,0.33527774930811072,0.0054977871437821386,0.057789999999999994,0.0058209999999999998,0.207313,3.0066088892405518,1.3207080982766293,3.0977848893647355,0.05776763113962928,0.0058204407143139167,0.20722774845078978,-0.24722363279952597,-0.08684847668888801,0.96505845288367098,0.01082218738607026,0.99566545138341334,0.092375262823143137,-0.96889801096172423,0.033281391471566606,-0.24521213945506534,8.8139125009864986e-05,4.1411546811054431e-05
1.7100269794464111,1790954206.2226441,0.00059914588928222656,0.085905105783160907,0.086515971021358926,-0.086655597361518469,0.02806489437206882,0.33527774930811072,0.0054977871437821386,0.057789999999999994,0.0058209999999999998,0.207313,3.0066088892405518,1.3207080982766293,3.0977848893647355,0.05776763113962928,0.0058204407143139167,0.20722774845078978,-0.24722363279952597,-0.08684847668888801,0.96505845288367098,0.01082218738607026,0.99566545138341334,0.092375262823143137,-0.96889801096172423,0.033281391471566606,-0.24521213945506534,8.8139125009864986e-05,4.1411546811054431e-05
1.7150518894195557,1790954206.227669,0.0005741119384765625,0.085905105783160907,0.086515971021358926,-0.086655597361518469,0.02806489437206882,0.33527774930811072,0.0054977871437821386,0.057789999999999994,0.0058209999999999998,0.207313,3.0066088892405518,1.3207080982766293,3.0977848893647355,0.05776763113962928,0.0058204407143139167,0.20722774845078978,-0.24722363279952597,-0.08684847668888801,0.96505845288367098,0.01082218738607026,0.99566545138341334,0.092375262823143137,-0.96889801096172423,0.033281391471566606,-0.24521213945506534,8.8139125009864986e-05,4.1411546811054431e-05
1.720026969909668,1790954206.2326441,0.00032496452331542969,0.085905105783160907,0.086515971021358926,-0.086655597361518469,0.02806489437206882,0.33527774930811072,0.0054977871437821386,0.057789999999999994,0.0058209999999999998,0.207313,3.0066088892405518,1.3207080982766293,3.0977848893647355,0.05776763113962928,0.0058204407143139167,0.20722774845078978,-0.24722363279952597,-0.08684847668888801,0.96505845288367098,0.01082218738607026,0.99566545138341334,0.092375262823143137,-0.96889801096172423,0.033281391471566606,-0.24521213945506534,8.8139125009864986e-05,4.1411546811054431e-05
1.7250258922576904,1790954206.237643,0.00054693222045898438,0.085905105783160907,0.086515971021358926,-0.086655597361518469,0.02806489437206882,0.33527774930811072,0.0054977871437821386,0.057789999999999994,0.0058209999999999998,0.207313,3.0066088892405518,1.3207080982766293,3.0977848893647355,0.05776763113962928,0.0058204407143139167,0.20722774845078978,-0.24722363279952597,-0.08684847668888801,0.96505845288367098,0.01082218738607026,0.99566545138341334,0.092375262823143137,-0.96889801096172423,0.033281391471566606,-0.24521213945506534,8.8139125009864986e-05,4.1411546811054431e-05
1.7300260066986084,1790954206.2426431,0.00060009956359863281,0.085905105783160907,0.086515971021358926,-0.086655597361518469,0.02806489437206882,0.33527774930811072,0.0054977871437821386,0.057789999999999994,0.0058209999999999998,0.207313,3.0066088892405518,1.3207080982766293,3.0977848893647355,0.05776763113962928,0.0058204407143139167,0.20722774845078978,-0.24722363279952597,-0.08684847668888801,0.96505845288367098,0.01082218738607026,0.99566545138341334,0.092375262823143137,-0.96889801096172423,0.033281391471566606,-0.24521213945506534,8.8139125009864986e-05,4.1411546811054431e-05
1.7350277900695801,1790954206.2476449,0.00050091743469238281,0.085905105783160907,0.086515971021358926,-0.086655597361518469,0.02806489437206882,0.33527774930811072,0.0054977871437821386,0.057789999999999994,0.0058209999999999998,0.207313,3.0066088892405518,1.3207080982766293,3.0977848893647355,0.05776763113962928,0.0058204407143139167,0.20722774845078978,-0.24722363279952597,-0.08684847668888801,0.96505845288367098,0.01082218738607026,0.99566545138341334,0.092375262823143137,-0.96889801096172423,0.033281391471566606,-0.24521213945506534,8.8139125009864986e-05,4.1411546811054431e-05
1.7400288581848145,1790954206.252646,0.00060105323791503906,0.085905105783160907,0.086515971021358926,-0.086655597361518469,0.02806489437206882,0.33527774930811072,0.0054977871437821386,0.057789999999999994,0.0058209999999999998,0.207313,3.0066088892405518,1.3207080982766293,3.0977848893647355,0.05776763113962928,0.0058204407143139167,0.20722774845078978,-0.24722363279952597,-0.08684847668888801,0.96505845288367098,0.01082218738607026,0.99566545138341334,0.092375262823143137,-0.96889801096172423,0.033281391471566606,-0.24521213945506534,8.8139125009864986e-05,4.1411546811054431e-05
1.7450277805328369,1790954206.2576449,0.00054979324340820312,0.085905105783160907,0.086515971021358926,-0.086655597361518469,0.02806489437206882,0.33527774930811072,0.0054977871437821386,0.057789999999999994,0.0058209999999999998,0.207313,3.0066088892405518,1.3207080982766293,3.0977848893647355,0.05776763113962928,0.0058204407143139167,0.20722774845078978,-0.24722363279952597,-0.08684847668888801,0.96505845288367098,0.01082218738607026,0.99566545138341334,0.092375262823143137,-0.96889801096172423,0.033281391471566606,-0.24521213945506534,8.8139125009864986e-05,4.1411546811054431e-05
1.7500269412994385,1790954206.2626441,0.00059294700622558594,0.085905105783160907,0.086515971021358926,-0.086655597361518469,0.02806489437206882,0.33527774930811072,0.0054977871437821386,0.057789999999999994,0.0058209999999999998,0.207313,3.0066088892405518,1.3207080982766293,3.0977848893647355,0.05776763113962928,0.0058204407143139167,0.20722774845078978,-0.24722363279952597,-0.08684847668888801,0.96505845288367098,0.01082218738607026,0.99566545138341334,0.092375262823143137,-0.96889801096172423,0.033281391471566606,-0.24521213945506534,8.8139125009864986e-05,4.1411546811054431e-05
1.7550258636474609,1790954206.267643,0.00059795379638671875,0.085905105783160907,0.086515971021358926,-0.086655597361518469,0.02806489437206882,0.33527774930811072,0.0054977871437821386,0.057789999999999994,0.0058209999999999998,0.207313,3.0066088892405518,1.3207080982766293,3.0977848893647355,0.05776763113962928,0.0058204407143139167,0.20722774845078978,-0.24722363279952597,-0.08684847668888801,0.96505845288367098,0.01082218738607026,0.99566545138341334,0.092375262823143137,-0.96889801096172423,0.033281391471566606,-0.24521213945506534,8.8139125009864986e-05,4.1411546811054431e-05
1.7600247859954834,1790954206.2726419,0.00059795379638671875,0.085905105783160907,0.086515971021358926,-0.086655597361518469,0.02806489437206882,0.33527774930811072,0.0054977871437821386,0.057789999999999994,0.0058209999999999998,0.207313,3.0066088892405518,1.3207080982766293,3.0977848893647355,0.05776763113962928,0.0058204407143139167,0.20722774845078978,-0.24722363279952597,-0.08684847668888801,0.96505845288367098,0.01082218738607026,0.99566545138341334,0.092375262823143137,-0.96889801096172423,0.033281391471566606,-0.24521213945506534,8.8139125009864986e-05,4.1411546811054431e-05
1.7651588916778564,1790954206.277776,0.00060796737670898438,0.085905105783160907,0.086515971021358926,-0.086655597361518469,0.02806489437206882,0.33527774930811072,0.0054977871437821386,0.057789999999999994,0.0058209999999999998,0.207313,3.0066088892405518,1.3207080982766293,3.0977848893647355,0.05776763113962928,0.0058204407143139167,0.20722774845078978,-0.24722363279952597,-0.08684847668888801,0.96505845288367098,0.01082218738607026,0.99566545138341334,0.092375262823143137,-0.96889801096172423,0.033281391471566606,-0.24521213945506534,8.8139125009864986e-05,4.1411546811054431e-05
1.7700269222259521,1790954206.282644,0.00059795379638671875,0.085905105783160907,0.086515971021358926,-0.086655597361518469,0.02806489437206882,0.33527774930811072,0.0054977871437821386,0.057789999999999994,0.0058209999999999998,0.207313,3.0066088892405518,1.3207080982766293,3.0977848893647355,0.05776763113962928,0.0058204407143139167,0.20722774845078978,-0.24722363279952597,-0.08684847668888801,0.96505845288367098,0.01082218738607026,0.99566545138341334,0.092375262823143137,-0.96889801096172423,0.033281391471566606,-0.24521213945506534,8.8139125009864986e-05,4.1411546811054431e-05
1.7750289440155029,1790954206.2876461,0.00060105323791503906,0.085905105783160907,0.086515971021358926,-0.086655597361518469,0.02806489437206882,0.33527774930811072,0.0054977871437821386,0.057789999999999994,0.0058209999999999998,0.207313,3.0066088892405518,1.3207080982766293,3.0977848893647355,0.05776763113962928,0.0058204407143139167,0.20722774845078978,-0.24722363279952597,-0.08684847668888801,0.96505845288367098,0.01082218738607026,0.99566545138341334,0.092375262823143137,-0.96889801096172423,0.033281391471566606,-0.24521213945506534,8.8139125009864986e-05,4.1411546811054431e-05
1.7800309658050537,1790954206.2926481,0.00060105323791503906,0.085905105783160907,0.086515971021358926,-0.086655597361518469,0.02806489437206882,0.33527774930811072,0.0054977871437821386,0.057789999999999994,0.0058209999999999998,0.207313,3.0066088892405518,1.3207080982766293,3.0977848893647355,0.05776763113962928,0.0058204407143139167,0.20722774845078978,-0.24722363279952597,-0.08684847668888801,0.96505845288367098,0.01082218738607026,0.99566545138341334,0.092375262823143137,-0.96889801096172423,0.033281391471566606,-0.24521213945506534,8.8139125009864986e-05,4.1411546811054431e-05
1.7850539684295654,1790954206.2976711,0.00057005882263183594,0.085905105783160907,0.086515971021358926,-0.086655597361518469,0.02806489437206882,0.33527774930811072,0.0054977871437821386,0.057789999999999994,0.0058209999999999998,0.207313,3.0066088892405518,1.3207080982766293,3.0977848893647355,0.05776763113962928,0.0058204407143139167,0.20722774845078978,-0.24722363279952597,-0.08684847668888801,0.96505845288367098,0.01082218738607026,0.99566545138341334,0.092375262823143137,-0.96889801096172423,0.033281391471566606,-0.24521213945506534,8.8139125009864986e-05,4.1411546811054431e-05
1.7900288105010986,1790954206.3026459,0.00055193901062011719,0.085905105783160907,0.086515971021358926,-0.086655597361518469,0.02806489437206882,0.33527774930811072,0.0054977871437821386,0.057789999999999994,0.0058209999999999998,0.207313,3.0066088892405518,1.3207080982766293,3.0977848893647355,0.05776763113962928,0.0058204407143139167,0.20722774845078978,-0.24722363279952597,-0.08684847668888801,0.96505845288367098,0.01082218738607026,0.99566545138341334,0.092375262823143137,-0.96889801096172423,0.033281391471566606,-0.24521213945506534,8.8139125009864986e-05,4.1411546811054431e-05
1.7952098846435547,1790954206.307827,0.00073194503784179688,0.085905105783160907,0.086515971021358926,-0.086655597361518469,0.02806489437206882,0.33527774930811072,0.0054977871437821386,0.057789999999999994,0.0058209999999999998,0.207313,3.0066088892405518,1.3207080982766293,3.0977848893647355,0.05776763113962928,0.0058204407143139167,0.20722774845078978,-0.24722363279952597,-0.08684847668888801,0.96505845288367098,0.01082218738607026,0.99566545138341334,0.092375262823143137,-0.96889801096172423,0.033281391471566606,-0.24521213945506534,8.8139125009864986e-05,4.1411546811054431e-05
1.8000469207763672,1790954206.312664,0.00059199333190917969,0.085905105783160907,0.086515971021358926,-0.086655597361518469,0.02806489437206882,0.33527774930811072,0.0054977871437821386,0.057789999999999994,0.0058209999999999998,0.207313,3.0066088892405518,1.3207080982766293,3.0977848893647355,0.05776763113962928,0.0058204407143139167,0.20722774845078978,-0.24722363279952597,-0.08684847668888801,0.96505845288367098,0.01082218738607026,0.99566545138341334,0.092375262823143137,-0.96889801096172423,0.033281391471566606,-0.24521213945506534,8.8139125009864986e-05,4.1411546811054431e-05
1.8050549030303955,1790954206.317672,0.00055789947509765625,0.085905105783160907,0.086515971021358926,-0.086655597361518469,0.02806489437206882,0.33527774930811072,0.0054977871437821386,0.057789999999999994,0.0058209999999999998,0.207313,3.0066088892405518,1.3207080982766293,3.0977848893647355,0.05776763113962928,0.0058204407143139167,0.20722774845078978,-0.24722363279952597,-0.08684847668888801,0.96505845288367098,0.01082218738607026,0.99566545138341334,0.092375262823143137,-0.96889801096172423,0.033281391471566606,-0.24521213945506534,8.8139125009864986e-05,4.1411546811054431e-05
1.8100259304046631,1790954206.322643,0.00059795379638671875,0.085905105783160907,0.086515971021358926,-0.086655597361518469,0.02806489437206882,0.33527774930811072,0.0054977871437821386,0.057789999999999994,0.0058209999999999998,0.207313,3.0066088892405518,1.3207080982766293,3.0977848893647355,0.05776763113962928,0.0058204407143139167,0.20722774845078978,-0.24722363279952597,-0.08684847668888801,0.96505845288367098,0.01082218738607026,0.99566545138341334,0.092375262823143137,-0.96889801096172423,0.033281391471566606,-0.24521213945506534,8.8139125009864986e-05,4.1411546811054431e-05
1.8151609897613525,1790954206.3277781,0.00063610076904296875,0.085905105783160907,0.086515971021358926,-0.086655597361518469,0.02806489437206882,0.33527774930811072,0.0054977871437821386,0.057789999999999994,0.0058209999999999998,0.207313,3.0066088892405518,1.3207080982766293,3.0977848893647355,0.05776763113962928,0.0058204407143139167,0.20722774845078978,-0.24722363279952597,-0.08684847668888801,0.96505845288367098,0.01082218738607026,0.99566545138341334,0.092375262823143137,-0.96889801096172423,0.033281391471566606,-0.24521213945506534,8.8139125009864986e-05,4.1411546811054431e-05
1.8200287818908691,1790954206.3326459,0.00054693222045898438,0.085905105783160907,0.086515971021358926,-0.086655597361518469,0.02806489437206882,0.33527774930811072,0.0054977871437821386,0.057789999999999994,0.0058209999999999998,0.207313,3.0066088892405518,1.3207080982766293,3.0977848893647355,0.05776763113962928,0.0058204407143139167,0.20722774845078978,-0.24722363279952597,-0.08684847668888801,0.96505845288367098,0.01082218738607026,0.99566545138341334,0.092375262823143137,-0.96889801096172423,0.033281391471566606,-0.24521213945506534,8.8139125009864986e-05,4.1411546811054431e-05
1.8250288963317871,1790954206.337646,0.00054192543029785156,0.085905105783160907,0.086515971021358926,-0.086655597361518469,0.02806489437206882,0.33527774930811072,0.0054977871437821386,0.057789999999999994,0.0058209999999999998,0.207313,3.0066088892405518,1.3207080982766293,3.0977848893647355,0.05776763113962928,0.0058204407143139167,0.20722774845078978,-0.24722363279952597,-0.08684847668888801,0.96505845288367098,0.01082218738607026,0.99566545138341334,0.092375262823143137,-0.96889801096172423,0.033281391471566606,-0.24521213945506534,8.8139125009864986e-05,4.1411546811054431e-05
1.8300299644470215,1790954206.3426471,0.00058698654174804688,0.085905105783160907,0.086515971021358926,-0.086655597361518469,0.02806489437206882,0.33527774930811072,0.0054977871437821386,0.057789999999999994,0.0058209999999999998,0.207313,3.0066088892405518,1.3207080982766293,3.0977848893647355,0.05776763113962928,0.0058204407143139167,0.20722774845078978,-0.24722363279952597,-0.08684847668888801,0.96505845288367098,0.01082218738607026,0.99566545138341334,0.092375262823143137,-0.96889801096172423,0.033281391471566606,-0.24521213945506534,8.8139125009864986e-05,4.1411546811054431e-05
1.8350517749786377,1790954206.3476689,0.00057077407836914062,0.085905105783160907,0.086515971021358926,-0.086655597361518469,0.02806489437206882,0.33527774930811072,0.0054977871437821386,0.057789999999999994,0.0058209999999999998,0.207313,3.0066088892405518,1.3207080982766293,3.0977848893647355,0.05776763113962928,0.0058204407143139167,0.20722774845078978,-0.24722363279952597,-0.08684847668888801,0.96505845288367098,0.01082218738607026,0.99566545138341334,0.092375262823143137,-0.96889801096172423,0.033281391471566606,-0.24521213945506534,8.8139125009864986e-05,4.1411546811054431e-05
1.8400278091430664,1790954206.3526449,0.00059580802917480469,0.085905105783160907,0.086515971021358926,-0.086655597361518469,0.02806489437206882,0.33527774930811072,0.0054977871437821386,0.057789999999999994,0.0058209999999999998,0.207313,3.0066088892405518,1.3207080982766293,3.0977848893647355,0.05776763113962928,0.0058204407143139167,0.20722774845078978,-0.24722363279952597,-0.08684847668888801,0.96505845288367098,0.01082218738607026,0.99566545138341334,0.092375262823143137,-0.96889801096172423,0.033281391471566606,-0.24521213945506534,8.8139125009864986e-05,4.1411546811054431e-05
1.8451828956604004,1790954206.3578,0.00058507919311523438,0.085905105783160907,0.086515971021358926,-0.086655597361518469,0.02806489437206882,0.33527774930811072,0.0054977871437821386,0.057789999999999994,0.0058209999999999998,0.207313,3.0066088892405518,1.3207080982766293,3.0977848893647355,0.05776763113962928,0.0058204407143139167,0.20722774845078978,-0.24722363279952597,-0.08684847668888801,0.96505845288367098,0.01082218738607026,0.99566545138341334,0.092375262823143137,-0.96889801096172423,0.033281391471566606,-0.24521213945506534,8.8139125009864986e-05,4.1411546811054431e-05
1.8500258922576904,1790954206.362643,0.0005970001220703125,0.085905105783160907,0.086515971021358926,-0.086655597361518469,0.02806489437206882,0.33527774930811072,0.0054977871437821386,0.057789999999999994,0.0058209999999999998,0.207313,3.0066088892405518,1.3207080982766293,3.0977848893647355,0.05776763113962928,0.0058204407143139167,0.20722774845078978,-0.24722363279952597,-0.08684847668888801,0.96505845288367098,0.01082218738607026,0.99566545138341334,0.092375262823143137,-0.96889801096172423,0.033281391471566606,-0.24521213945506534,8.8139125009864986e-05,4.1411546811054431e-05
1.8550279140472412,1790954206.367645,0.00055003166198730469,0.085905105783160907,0.086515971021358926,-0.086655597361518469,0.02806489437206882,0.33527774930811072,0.0054977871437821386,0.057789999999999994,0.0058209999999999998,0.207313,3.0066088892405518,1.3207080982766293,3.0977848893647355,0.05776763113962928,0.0058204407143139167,0.20722774845078978,-0.24722363279952597,-0.08684847668888801,0.96505845288367098,0.01082218738607026,0.99566545138341334,0.092375262823143137,-0.96889801096172423,0.033281391471566606,-0.24521213945506534,8.8139125009864986e-05,4.1411546811054431e-05
1.8600277900695801,1790954206.3726449,0.00059080123901367188,0.085905105783160907,0.086515971021358926,-0.086655597361518469,0.02806489437206882,0.33527774930811072,0.0054977871437821386,0.057789999999999994,0.0058209999999999998,0.207313,3.0066088892405518,1.3207080982766293,3.0977848893647355,0.05776763113962928,0.0058204407143139167,0.20722774845078978,-0.24722363279952597,-0.08684847668888801,0.96505845288367098,0.01082218738607026,0.99566545138341334,0.092375262823143137,-0.96889801096172423,0.033281391471566606,-0.24521213945506534,8.8139125009864986e-05,4.1411546811054431e-05
1.865027904510498,1790954206.377645,0.00055003166198730469,0.085905105783160907,0.086515971021358926,-0.086655597361518469,0.02806489437206882,0.33527774930811072,0.0054977871437821386,0.057789999999999994,0.0058209999999999998,0.207313,3.0066088892405518,1.3207080982766293,3.0977848893647355,0.05776763113962928,0.0058204407143139167,0.20722774845078978,-0.24722363279952597,-0.08684847668888801,0.96505845288367098,0.01082218738607026,0.99566545138341334,0.092375262823143137,-0.96889801096172423,0.033281391471566606,-0.24521213945506534,8.8139125009864986e-05,4.1411546811054431e-05
1.8700308799743652,1790954206.382648,0.00059199333190917969,0.085905105783160907,0.086515971021358926,-0.086655597361518469,0.02806489437206882,0.33527774930811072,0.0054977871437821386,0.057789999999999994,0.0058209999999999998,0.207313,3.0066088892405518,1.3207080982766293,3.0977848893647355,0.05776763113962928,0.0058204407143139167,0.20722774845078978,-0.24722363279952597,-0.08684847668888801,0.96505845288367098,0.01082218738607026,0.99566545138341334,0.092375262823143137,-0.96889801096172423,0.033281391471566606,-0.24521213945506534,8.8139125009864986e-05,4.1411546811054431e-05
1.8751487731933594,1790954206.3877659,0.00066995620727539062,0.085905105783160907,0.086515971021358926,-0.086655597361518469,0.02806489437206882,0.33527774930811072,0.0054977871437821386,0.057789999999999994,0.0058209999999999998,0.207313,3.0066088892405518,1.3207080982766293,3.0977848893647355,0.05776763113962928,0.0058204407143139167,0.20722774845078978,-0.24722363279952597,-0.08684847668888801,0.96505845288367098,0.01082218738607026,0.99566545138341334,0.092375262823143137,-0.96889801096172423,0.033281391471566606,-0.24521213945506534,8.8139125009864986e-05,4.1411546811054431e-05
1.8800959587097168,1790954206.3927131,0.00064301490783691406,0.085905105783160907,0.086515971021358926,-0.086655597361518469,0.02806489437206882,0.33527774930811072,0.0054977871437821386,0.057789999999999994,0.0058209999999999998,0.207313,3.0066088892405518,1.3207080982766293,3.0977848893647355,0.05776763113962928,0.0058204407143139167,0.20722774845078978,-0.24722363279952597,-0.08684847668888801,0.96505845288367098,0.01082218738607026,0.99566545138341334,0.092375262823143137,-0.96889801096172423,0.033281391471566606,-0.24521213945506534,8.8139125009864986e-05,4.1411546811054431e-05
1.8850808143615723,1790954206.3976979,0.00046586990356445312,0.085905105783160907,0.086515971021358926,-0.086655597361518469,0.02806489437206882,0.33527774930811072,0.0054977871437821386,0.057789999999999994,0.0058209999999999998,0.207313,3.0066088892405518,1.3207080982766293,3.0977848893647355,0.05776763113962928,0.0058204407143139167,0.20722774845078978,-0.24722363279952597,-0.08684847668888801,0.96505845288367098,0.01082218738607026,0.99566545138341334,0.092375262823143137,-0.96889801096172423,0.033281391471566606,-0.24521213945506534,8.8139125009864986e-05,4.1411546811054431e-05
1.8900279998779297,1790954206.4026451,0.00059604644775390625,0.085905105783160907,0.086515971021358926,-0.086655597361518469,0.02806489437206882,0.33527774930811072,0.0054977871437821386,0.057789999999999994,0.0058209999999999998,0.207313,3.0066088892405518,1.3207080982766293,3.0977848893647355,0.05776763113962928,0.0058204407143139167,0.20722774845078978,-0.24722363279952597,-0.08684847668888801,0.96505845288367098,0.01082218738607026,0.99566545138341334,0.092375262823143137,-0.96889801096172423,0.033281391471566606,-0.24521213945506534,8.8139125009864986e-05,4.1411546811054431e-05
1.8951399326324463,1790954206.407757,0.00055408477783203125,0.085905105783160907,0.086515971021358926,-0.086655597361518469,0.02806489437206882,0.33527774930811072,0.0054977871437821386,0.057789999999999994,0.0058209999999999998,0.207313,3.0066088892405518,1.3207080982766293,3.0977848893647355,0.05776763113962928,0.0058204407143139167,0.20722774845078978,-0.24722363279952597,-0.08684847668888801,0.96505845288367098,0.01082218738607026,0.99566545138341334,0.092375262823143137,-0.96889801096172423,0.033281391471566606,-0.24521213945506534,8.8139125009864986e-05,4.1411546811054431e-05
1.9000298976898193,1790954206.412647,0.00058102607727050781,0.085905105783160907,0.086515971021358926,-0.086655597361518469,0.02806489437206882,0.33527774930811072,0.0054977871437821386,0.057789999999999994,0.0058209999999999998,0.207313,3.0066088892405518,1.3207080982766293,3.0977848893647355,0.05776763113962928,0.0058204407143139167,0.20722774845078978,-0.24722363279952597,-0.08684847668888801,0.96505845288367098,0.01082218738607026,0.99566545138341334,0.092375262823143137,-0.96889801096172423,0.033281391471566606,-0.24521213945506534,8.8139125009864986e-05,4.1411546811054431e-05
1.9050529003143311,1790954206.41767,0.00054907798767089844,0.085905105783160907,0.086515971021358926,-0.086655597361518469,0.02806489437206882,0.33527774930811072,0.0054977871437821386,0.057789999999999994,0.0058209999999999998,0.207313,3.0066088892405518,1.3207080982766293,3.0977848893647355,0.05776763113962928,0.0058204407143139167,0.20722774845078978,-0.24722363279952597,-0.08684847668888801,0.96505845288367098,0.01082218738607026,0.99566545138341334,0.092375262823143137,-0.96889801096172423,0.033281391471566606,-0.24521213945506534,8.8139125009864986e-05,4.1411546811054431e-05
1.9100298881530762,1790954206.422647,0.00060009956359863281,0.085905105783160907,0.086515971021358926,-0.086655597361518469,0.02806489437206882,0.33527774930811072,0.0054977871437821386,0.057789999999999994,0.0058209999999999998,0.207313,3.0066088892405518,1.3207080982766293,3.0977848893647355,0.05776763113962928,0.0058204407143139167,0.20722774845078978,-0.24722363279952597,-0.08684847668888801,0.96505845288367098,0.01082218738607026,0.99566545138341334,0.092375262823143137,-0.96889801096172423,0.033281391471566606,-0.24521213945506534,8.8139125009864986e-05,4.1411546811054431e-05
1.9150528907775879,1790954206.42767,0.00057101249694824219,0.085905105783160907,0.086515971021358926,-0.086655597361518469,0.02806489437206882,0.33527774930811072,0.0054977871437821386,0.057789999999999994,0.0058209999999999998,0.207313,3.0066088892405518,1.3207080982766293,3.0977848893647355,0.05776763113962928,0.0058204407143139167,0.20722774845078978,-0.24722363279952597,-0.08684847668888801,0.96505845288367098,0.01082218738607026,0.99566545138341334,0.092375262823143137,-0.96889801096172423,0.033281391471566606,-0.24521213945506534,8.8139125009864986e-05,4.1411546811054431e-05
1.9200279712677002,1790954206.4326451,0.00055718421936035156,0.085905105783160907,0.086515971021358926,-0.086655597361518469,0.02806489437206882,0.33527774930811072,0.0054977871437821386,0.057789999999999994,0.0058209999999999998,0.207313,3.0066088892405518,1.3207080982766293,3.0977848893647355,0.05776763113962928,0.0058204407143139167,0.20722774845078978,-0.24722363279952597,-0.08684847668888801,0.96505845288367098,0.01082218738607026,0.99566545138341334,0.092375262823143137,-0.96889801096172423,0.033281391471566606,-0.24521213945506534,8.8139125009864986e-05,4.1411546811054431e-05
1.9251329898834229,1790954206.4377501,0.00055718421936035156,0.085905105783160907,0.086515971021358926,-0.086655597361518469,0.02806489437206882,0.33527774930811072,0.0054977871437821386,0.057789999999999994,0.0058209999999999998,0.207313,3.0066088892405518,1.3207080982766293,3.0977848893647355,0.05776763113962928,0.0058204407143139167,0.20722774845078978,-0.24722363279952597,-0.08684847668888801,0.96505845288367098,0.01082218738607026,0.99566545138341334,0.092375262823143137,-0.96889801096172423,0.033281391471566606,-0.24521213945506534,8.8139125009864986e-05,4.1411546811054431e-05
1.930027961730957,1790954206.4426451,0.00056099891662597656,0.085905105783160907,0.086515971021358926,-0.086655597361518469,0.02806489437206882,0.33527774930811072,0.0054977871437821386,0.057789999999999994,0.0058209999999999998,0.207313,3.0066088892405518,1.3207080982766293,3.0977848893647355,0.05776763113962928,0.0058204407143139167,0.20722774845078978,-0.24722363279952597,-0.08684847668888801,0.96505845288367098,0.01082218738607026,0.99566545138341334,0.092375262823143137,-0.96889801096172423,0.033281391471566606,-0.24521213945506534,8.8139125009864986e-05,4.1411546811054431e-05
1.9350869655609131,1790954206.4477041,0.00052118301391601562,0.085905105783160907,0.086515971021358926,-0.086655597361518469,0.02806489437206882,0.33527774930811072,0.0054977871437821386,0.057789999999999994,0.0058209999999999998,0.207313,3.0066088892405518,1.3207080982766293,3.0977848893647355,0.05776763113962928,0.0058204407143139167,0.20722774845078978,-0.24722363279952597,-0.08684847668888801,0.96505845288367098,0.01082218738607026,0.99566545138341334,0.092375262823143137,-0.96889801096172423,0.033281391471566606,-0.24521213945506534,8.8139125009864986e-05,4.1411546811054431e-05
1.9400289058685303,1790954206.452646,0.00054192543029785156,0.085905105783160907,0.086515971021358926,-0.086655597361518469,0.02806489437206882,0.33527774930811072,0.0054977871437821386,0.057789999999999994,0.0058209999999999998,0.207313,3.0066088892405518,1.3207080982766293,3.0977848893647355,0.05776763113962928,0.0058204407143139167,0.20722774845078978,-0.24722363279952597,-0.08684847668888801,0.96505845288367098,0.01082218738607026,0.99566545138341334,0.092375262823143137,-0.96889801096172423,0.033281391471566606,-0.24521213945506534,8.8139125009864986e-05,4.1411546811054431e-05
1.9450528621673584,1790954206.45767,0.00052785873413085938,0.085905105783160907,0.086515971021358926,-0.086655597361518469,0.02806489437206882,0.33527774930811072,0.0054977871437821386,0.057789999999999994,0.0058209999999999998,0.207313,3.0066088892405518,1.3207080982766293,3.0977848893647355,0.05776763113962928,0.0058204407143139167,0.20722774845078978,-0.24722363279952597,-0.08684847668888801,0.96505845288367098,0.01082218738607026,0.99566545138341334,0.092375262823143137,-0.96889801096172423,0.033281391471566606,-0.24521213945506534,8.8139125009864986e-05,4.1411546811054431e-05
1.9500319957733154,1790954206.4626491,0.00058317184448242188,0.085905105783160907,0.086515971021358926,-0.086655597361518469,0.02806489437206882,0.33527774930811072,0.0054977871437821386,0.057789999999999994,0.0058209999999999998,0.207313,3.0066088892405518,1.3207080982766293,3.0977848893647355,0.05776763113962928,0.0058204407143139167,0.20722774845078978,-0.24722363279952597,-0.08684847668888801,0.96505845288367098,0.01082218738607026,0.99566545138341334,0.092375262823143137,-0.96889801096172423,0.033281391471566606,-0.24521213945506534,8.8139125009864986e-05,4.1411546811054431e-05
1.9550538063049316,1790954206.4676709,0.00057101249694824219,0.085905105783160907,0.086515971021358926,-0.086655597361518469,0.02806489437206882,0.33527774930811072,0.0054977871437821386,0.057789999999999994,0.0058209999999999998,0.207313,3.0066088892405518,1.3207080982766293,3.0977848893647355,0.05776763113962928,0.0058204407143139167,0.20722774845078978,-0.24722363279952597,-0.08684847668888801,0.96505845288367098,0.01082218738607026,0.99566545138341334,0.092375262823143137,-0.96889801096172423,0.033281391471566606,-0.24521213945506534,8.8139125009864986e-05,4.1411546811054431e-05
1.9600269794464111,1790954206.4726441,0.00051712989807128906,0.085905105783160907,0.086515971021358926,-0.086655597361518469,0.02806489437206882,0.33527774930811072,0.0054977871437821386,0.057789999999999994,0.0058209999999999998,0.207313,3.0066088892405518,1.3207080982766293,3.0977848893647355,0.05776763113962928,0.0058204407143139167,0.20722774845078978,-0.24722363279952597,-0.08684847668888801,0.96505845288367098,0.01082218738607026,0.99566545138341334,0.092375262823143137,-0.96889801096172423,0.033281391471566606,-0.24521213945506534,8.8139125009864986e-05,4.1411546811054431e-05
1.9650428295135498,1790954206.4776599,0.00061392784118652344,0.085905105783160907,0.086515971021358926,-0.086655597361518469,0.02806489437206882,0.33527774930811072,0.0054977871437821386,0.057789999999999994,0.0058209999999999998,0.207313,3.0066088892405518,1.3207080982766293,3.0977848893647355,0.05776763113962928,0.0058204407143139167,0.20722774845078978,-0.24722363279952597,-0.08684847668888801,0.96505845288367098,0.01082218738607026,0.99566545138341334,0.092375262823143137,-0.96889801096172423,0.033281391471566606,-0.24521213945506534,8.8139125009864986e-05,4.1411546811054431e-05
1.9700288772583008,1790954206.482646,0.00059795379638671875,0.085905105783160907,0.086515971021358926,-0.086655597361518469,0.02806489437206882,0.33527774930811072,0.0054977871437821386,0.057789999999999994,0.0058209999999999998,0.207313,3.0066088892405518,1.3207080982766293,3.0977848893647355,0.05776763113962928,0.0058204407143139167,0.20722774845078978,-0.24722363279952597,-0.08684847668888801,0.96505845288367098,0.01082218738607026,0.99566545138341334,0.092375262823143137,-0.96889801096172423,0.033281391471566606,-0.24521213945506534,8.8139125009864986e-05,4.1411546811054431e-05
1.9751608371734619,1790954206.4877779,0.00067901611328125,0.085905105783160907,0.086515971021358926,-0.086655597361518469,0.02806489437206882,0.33527774930811072,0.0054977871437821386,0.057789999999999994,0.0058209999999999998,0.207313,3.0066088892405518,1.3207080982766293,3.0977848893647355,0.05776763113962928,0.0058204407143139167,0.20722774845078978,-0.24722363279952597,-0.08684847668888801,0.96505845288367098,0.01082218738607026,0.99566545138341334,0.092375262823143137,-0.96889801096172423,0.033281391471566606,-0.24521213945506534,8.8139125009864986e-05,4.1411546811054431e-05
1.9800288677215576,1790954206.492646,0.00059986114501953125,0.085905105783160907,0.086515971021358926,-0.086655597361518469,0.02806489437206882,0.33527774930811072,0.0054977871437821386,0.057789999999999994,0.0058209999999999998,0.207313,3.0066088892405518,1.3207080982766293,3.0977848893647355,0.05776763113962928,0.0058204407143139167,0.20722774845078978,-0.24722363279952597,-0.08684847668888801,0.96505845288367098,0.01082218738607026,0.99566545138341334,0.092375262823143137,-0.96889801096172423,0.033281391471566606,-0.24521213945506534,8.8139125009864986e-05,4.1411546811054431e-05
1.9850249290466309,1790954206.497642,0.00054812431335449219,0.085905105783160907,0.086515971021358926,-0.086655597361518469,0.02806489437206882,0.33527774930811072,0.0054977871437821386,0.057789999999999994,0.0058209999999999998,0.207313,3.0066088892405518,1.3207080982766293,3.0977848893647355,0.05776763113962928,0.0058204407143139167,0.20722774845078978,-0.24722363279952597,-0.08684847668888801,0.96505845288367098,0.01082218738607026,0.99566545138341334,0.092375262823143137,-0.96889801096172423,0.033281391471566606,-0.24521213945506534,8.8139125009864986e-05,4.1411546811054431e-05
1.9900979995727539,1790954206.5027151,0.00066304206848144531,0.085905105783160907,0.086515971021358926,-0.086655597361518469,0.02806489437206882,0.33527774930811072,0.0054977871437821386,0.057789999999999994,0.0058209999999999998,0.207313,3.0066088892405518,1.3207080982766293,3.0977848893647355,0.05776763113962928,0.0058204407143139167,0.20722774845078978,-0.24722363279952597,-0.08684847668888801,0.96505845288367098,0.01082218738607026,0.99566545138341334,0.092375262823143137,-0.96889801096172423,0.033281391471566606,-0.24521213945506534,8.8139125009864986e-05,4.1411546811054431e-05
1.995114803314209,1790954206.5077319,0.00063085556030273438,0.085905105783160907,0.086515971021358926,-0.086655597361518469,0.02806489437206882,0.33527774930811072,0.0054977871437821386,0.057789999999999994,0.0058209999999999998,0.207313,3.0066088892405518,1.3207080982766293,3.0977848893647355,0.05776763113962928,0.0058204407143139167,0.20722774845078978,-0.24722363279952597,-0.08684847668888801,0.96505845288367098,0.01082218738607026,0.99566545138341334,0.092375262823143137,-0.96889801096172423,0.033281391471566606,-0.24521213945506534,8.8139125009864986e-05,4.1411546811054431e-05
2.000114917755127,1790954206.512732,0.00068306922912597656,0.085905105783160907,0.086515971021358926,-0.086655597361518469,0.02806489437206882,0.33527774930811072,0.0054977871437821386,0.057789999999999994,0.0058209999999999998,0.207313,3.0066088892405518,1.3207080982766293,3.0977848893647355,0.05776763113962928,0.0058204407143139167,0.20722774845078978,-0.24722363279952597,-0.08684847668888801,0.96505845288367098,0.01082218738607026,0.99566545138341334,0.092375262823143137,-0.96889801096172423,0.033281391471566606,-0.24521213945506534,8.8139125009864986e-05,4.1411546811054431e-05
2.0050289630889893,1790954206.5176461,0.00060009956359863281,0.085905105783160907,0.086515971021358926,-0.086655597361518469,0.02806489437206882,0.33527774930811072,0.0054977871437821386,0.057789999999999994,0.0058209999999999998,0.207313,3.0066088892405518,1.3207080982766293,3.0977848893647355,0.05776763113962928,0.0058204407143139167,0.20722774845078978,-0.24722363279952597,-0.08684847668888801,0.96505845288367098,0.01082218738607026,0.99566545138341334,0.092375262823143137,-0.96889801096172423,0.033281391471566606,-0.24521213945506534,8.8139125009864986e-05,4.1411546811054431e-05
2.0100278854370117,1790954206.522645,0.0004119873046875,0.085905105783160907,0.086515971021358926,-0.086655597361518469,0.02806489437206882,0.33527774930811072,0.0054977871437821386,0.057789999999999994,0.0058209999999999998,0.207313,3.0066088892405518,1.3207080982766293,3.0977848893647355,0.05776763113962928,0.0058204407143139167,0.20722774845078978,-0.24722363279952597,-0.08684847668888801,0.96505845288367098,0.01082218738607026,0.99566545138341334,0.092375262823143137,-0.96889801096172423,0.033281391471566606,-0.24521213945506534,8.8139125009864986e-05,4.1411546811054431e-05
2.0151917934417725,1790954206.5278089,0.00071096420288085938,0.085905105783160907,0.086515971021358926,-0.086655597361518469,0.02806489437206882,0.33527774930811072,0.0054977871437821386,0.057789999999999994,0.0058209999999999998,0.207313,3.0066088892405518,1.3207080982766293,3.0977848893647355,0.05776763113962928,0.0058204407143139167,0.20722774845078978,-0.24722363279952597,-0.08684847668888801,0.96505845288367098,0.01082218738607026,0.99566545138341334,0.092375262823143137,-0.96889801096172423,0.033281391471566606,-0.24521213945506534,8.8139125009864986e-05,4.1411546811054431e-05
2.0200278759002686,1790954206.532645,0.00052094459533691406,0.085905105783160907,0.086515971021358926,-0.086655597361518469,0.02806489437206882,0.33527774930811072,0.0054977871437821386,0.057789999999999994,0.0058209999999999998,0.207313,3.0066088892405518,1.3207080982766293,3.0977848893647355,0.05776763113962928,0.0058204407143139167,0.20722774845078978,-0.24722363279952597,-0.08684847668888801,0.96505845288367098,0.01082218738607026,0.99566545138341334,0.092375262823143137,-0.96889801096172423,0.033281391471566606,-0.24521213945506534,8.8139125009864986e-05,4.1411546811054431e-05
2.0250568389892578,1790954206.537674,0.00057697296142578125,0.085905105783160907,0.086515971021358926,-0.086655597361518469,0.02806489437206882,0.33527774930811072,0.0054977871437821386,0.057789999999999994,0.0058209999999999998,0.207313,3.0066088892405518,1.3207080982766293,3.0977848893647355,0.05776763113962928,0.0058204407143139167,0.20722774845078978,-0.24722363279952597,-0.08684847668888801,0.96505845288367098,0.01082218738607026,0.99566545138341334,0.092375262823143137,-0.96889801096172423,0.033281391471566606,-0.24521213945506534,8.8139125009864986e-05,4.1411546811054431e-05
2.0301129817962646,1790954206.5427301,0.00067615509033203125,0.085905105783160907,0.086515971021358926,-0.086655597361518469,0.02806489437206882,0.33527774930811072,0.0054977871437821386,0.057789999999999994,0.0058209999999999998,0.207313,3.0066088892405518,1.3207080982766293,3.0977848893647355,0.05776763113962928,0.0058204407143139167,0.20722774845078978,-0.24722363279952597,-0.08684847668888801,0.96505845288367098,0.01082218738607026,0.99566545138341334,0.092375262823143137,-0.96889801096172423,0.033281391471566606,-0.24521213945506534,8.8139125009864986e-05,4.1411546811054431e-05
2.0351758003234863,1790954206.5477929,0.0006198883056640625,0.085905105783160907,0.086515971021358926,-0.086655597361518469,0.02806489437206882,0.33527774930811072,0.0054977871437821386,0.057789999999999994,0.0058209999999999998,0.207313,3.0066088892405518,1.3207080982766293,3.0977848893647355,0.05776763113962928,0.0058204407143139167,0.20722774845078978,-0.24722363279952597,-0.08684847668888801,0.96505845288367098,0.01082218738607026,0.99566545138341334,0.092375262823143137,-0.96889801096172423,0.033281391471566606,-0.24521213945506534,8.8139125009864986e-05,4.1411546811054431e-05
2.0401089191436768,1790954206.552726,0.0006561279296875,0.085905105783160907,0.086515971021358926,-0.086655597361518469,0.02806489437206882,0.33527774930811072,0.0054977871437821386,0.057789999999999994,0.0058209999999999998,0.207313,3.0066088892405518,1.3207080982766293,3.0977848893647355,0.05776763113962928,0.0058204407143139167,0.20722774845078978,-0.24722363279952597,-0.08684847668888801,0.96505845288367098,0.01082218738607026,0.99566545138341334,0.092375262823143137,-0.96889801096172423,0.033281391471566606,-0.24521213945506534,8.8139125009864986e-05,4.1411546811054431e-05
2.0450558662414551,1790954206.557673,0.00056695938110351562,0.085905105783160907,0.086515971021358926,-0.086655597361518469,0.02806489437206882,0.33527774930811072,0.0054977871437821386,0.057789999999999994,0.0058209999999999998,0.207313,3.0066088892405518,1.3207080982766293,3.0977848893647355,0.05776763113962928,0.0058204407143139167,0.20722774845078978,-0.24722363279952597,-0.08684847668888801,0.96505845288367098,0.01082218738607026,0.99566545138341334,0.092375262823143137,-0.96889801096172423,0.033281391471566606,-0.24521213945506534,8.8139125009864986e-05,4.1411546811054431e-05
2.0500309467315674,1790954206.5626481,0.00056910514831542969,0.085905105783160907,0.086515971021358926,-0.086655597361518469,0.02806489437206882,0.33527774930811072,0.0054977871437821386,0.057789999999999994,0.0058209999999999998,0.207313,3.0066088892405518,1.3207080982766293,3.0977848893647355,0.05776763113962928,0.0058204407143139167,0.20722774845078978,-0.24722363279952597,-0.08684847668888801,0.96505845288367098,0.01082218738607026,0.99566545138341334,0.092375262823143137,-0.96889801096172423,0.033281391471566606,-0.24521213945506534,8.8139125009864986e-05,4.1411546811054431e-05
2.0550298690795898,1790954206.567647,0.00051403045654296875,0.085905105783160907,0.086515971021358926,-0.086655597361518469,0.02806489437206882,0.33527774930811072,0.0054977871437821386,0.057789999999999994,0.0058209999999999998,0.207313,3.0066088892405518,1.3207080982766293,3.0977848893647355,0.05776763113962928,0.0058204407143139167,0.20722774845078978,-0.24722363279952597,-0.08684847668888801,0.96505845288367098,0.01082218738607026,0.99566545138341334,0.092375262823143137,-0.96889801096172423,0.033281391471566606,-0.24521213945506534,8.8139125009864986e-05,4.1411546811054431e-05
2.0600318908691406,1790954206.572649,0.00059294700622558594,0.085905105783160907,0.086515971021358926,-0.086655597361518469,0.02806489437206882,0.33527774930811072,0.0054977871437821386,0.057789999999999994,0.0058209999999999998,0.207313,3.0066088892405518,1.3207080982766293,3.0977848893647355,0.05776763113962928,0.0058204407143139167,0.20722774845078978,-0.24722363279952597,-0.08684847668888801,0.96505845288367098,0.01082218738607026,0.99566545138341334,0.092375262823143137,-0.96889801096172423,0.033281391471566606,-0.24521213945506534,8.8139125009864986e-05,4.1411546811054431e-05
2.0650298595428467,1790954206.577647,0.00056385993957519531,0.085905105783160907,0.086515971021358926,-0.086655597361518469,0.02806489437206882,0.33527774930811072,0.0054977871437821386,0.057789999999999994,0.0058209999999999998,0.207313,3.0066088892405518,1.3207080982766293,3.0977848893647355,0.05776763113962928,0.0058204407143139167,0.20722774845078978,-0.24722363279952597,-0.08684847668888801,0.96505845288367098,0.01082218738607026,0.99566545138341334,0.092375262823143137,-0.96889801096172423,0.033281391471566606,-0.24521213945506534,8.8139125009864986e-05,4.1411546811054431e-05
2.0701949596405029,1790954206.5828121,0.00071310997009277344,0.085905105783160907,0.086515971021358926,-0.086655597361518469,0.02806489437206882,0.33527774930811072,0.0054977871437821386,0.057789999999999994,0.0058209999999999998,0.207313,3.0066088892405518,1.3207080982766293,3.0977848893647355,0.05776763113962928,0.0058204407143139167,0.20722774845078978,-0.24722363279952597,-0.08684847668888801,0.96505845288367098,0.01082218738607026,0.99566545138341334,0.092375262823143137,-0.96889801096172423,0.033281391471566606,-0.24521213945506534,8.8139125009864986e-05,4.1411546811054431e-05
2.0750529766082764,1790954206.5876701,0.000553131103515625,0.085905105783160907,0.086515971021358926,-0.086655597361518469,0.02806489437206882,0.33527774930811072,0.0054977871437821386,0.057789999999999994,0.0058209999999999998,0.207313,3.0066088892405518,1.3207080982766293,3.0977848893647355,0.05776763113962928,0.0058204407143139167,0.20722774845078978,-0.24722363279952597,-0.08684847668888801,0.96505845288367098,0.01082218738607026,0.99566545138341334,0.092375262823143137,-0.96889801096172423,0.033281391471566606,-0.24521213945506534,8.8139125009864986e-05,4.1411546811054431e-05
2.0800309181213379,1790954206.592648,0.00057911872863769531,0.085905105783160907,0.086515971021358926,-0.086655597361518469,0.02806489437206882,0.33527774930811072,0.0054977871437821386,0.057789999999999994,0.0058209999999999998,0.207313,3.0066088892405518,1.3207080982766293,3.0977848893647355,0.05776763113962928,0.0058204407143139167,0.20722774845078978,-0.24722363279952597,-0.08684847668888801,0.96505845288367098,0.01082218738607026,0.99566545138341334,0.092375262823143137,-0.96889801096172423,0.033281391471566606,-0.24521213945506534,8.8139125009864986e-05,4.1411546811054431e-05
2.0850539207458496,1790954206.597671,0.00057291984558105469,0.085905105783160907,0.086515971021358926,-0.086655597361518469,0.02806489437206882,0.33527774930811072,0.0054977871437821386,0.057789999999999994,0.0058209999999999998,0.207313,3.0066088892405518,1.3207080982766293,3.0977848893647355,0.05776763113962928,0.0058204407143139167,0.20722774845078978,-0.24722363279952597,-0.08684847668888801,0.96505845288367098,0.01082218738607026,0.99566545138341334,0.092375262823143137,-0.96889801096172423,0.033281391471566606,-0.24521213945506534,8.8139125009864986e-05,4.1411546811054431e-05
2.0900309085845947,1790954206.602648,0.000598907470703125,0.085905105783160907,0.086515971021358926,-0.086655597361518469,0.02806489437206882,0.33527774930811072,0.0054977871437821386,0.057789999999999994,0.0058209999999999998,0.207313,3.0066088892405518,1.3207080982766293,3.0977848893647355,0.05776763113962928,0.0058204407143139167,0.20722774845078978,-0.24722363279952597,-0.08684847668888801,0.96505845288367098,0.01082218738607026,0.99566545138341334,0.092375262823143137,-0.96889801096172423,0.033281391471566606,-0.24521213945506534,8.8139125009864986e-05,4.1411546811054431e-05
2.0950307846069336,1790954206.6076479,0.00054383277893066406,0.085905105783160907,0.086515971021358926,-0.086655597361518469,0.02806489437206882,0.33527774930811072,0.0054977871437821386,0.057789999999999994,0.0058209999999999998,0.207313,3.0066088892405518,1.3207080982766293,3.0977848893647355,0.05776763113962928,0.0058204407143139167,0.20722774845078978,-0.24722363279952597,-0.08684847668888801,0.96505845288367098,0.01082218738607026,0.99566545138341334,0.092375262823143137,-0.96889801096172423,0.033281391471566606,-0.24521213945506534,8.8139125009864986e-05,4.1411546811054431e-05
2.1000308990478516,1790954206.612648,0.00055003166198730469,0.085905105783160907,0.086515971021358926,-0.086655597361518469,0.02806489437206882,0.33527774930811072,0.0054977871437821386,0.057789999999999994,0.0058209999999999998,0.207313,3.0066088892405518,1.3207080982766293,3.0977848893647355,0.05776763113962928,0.0058204407143139167,0.20722774845078978,-0.24722363279952597,-0.08684847668888801,0.96505845288367098,0.01082218738607026,0.99566545138341334,0.092375262823143137,-0.96889801096172423,0.033281391471566606,-0.24521213945506534,8.8139125009864986e-05,4.1411546811054431e-05
2.1050570011138916,1790954206.6176741,0.000576019287109375,0.085905105783160907,0.086515971021358926,-0.086655597361518469,0.02806489437206882,0.33527774930811072,0.0054977871437821386,0.057789999999999994,0.0058209999999999998,0.207313,3.0066088892405518,1.3207080982766293,3.0977848893647355,0.05776763113962928,0.0058204407143139167,0.20722774845078978,-0.24722363279952597,-0.08684847668888801,0.96505845288367098,0.01082218738607026,0.99566545138341334,0.092375262823143137,-0.96889801096172423,0.033281391471566606,-0.24521213945506534,8.8139125009864986e-05,4.1411546811054431e-05
2.1100308895111084,1790954206.622648,0.00060009956359863281,0.085905105783160907,0.086515971021358926,-0.086655597361518469,0.02806489437206882,0.33527774930811072,0.0054977871437821386,0.057789999999999994,0.0058209999999999998,0.207313,3.0066088892405518,1.3207080982766293,3.0977848893647355,0.05776763113962928,0.0058204407143139167,0.20722774845078978,-0.24722363279952597,-0.08684847668888801,0.96505845288367098,0.01082218738607026,0.99566545138341334,0.092375262823143137,-0.96889801096172423,0.033281391471566606,-0.24521213945506534,8.8139125009864986e-05,4.1411546811054431e-05
2.1151390075683594,1790954206.6277561,0.00063800811767578125,0.085905105783160907,0.086515971021358926,-0.086655597361518469,0.02806489437206882,0.33527774930811072,0.0054977871437821386,0.057789999999999994,0.0058209999999999998,0.207313,3.0066088892405518,1.3207080982766293,3.0977848893647355,0.05776763113962928,0.0058204407143139167,0.20722774845078978,-0.24722363279952597,-0.08684847668888801,0.96505845288367098,0.01082218738607026,0.99566545138341334,0.092375262823143137,-0.96889801096172423,0.033281391471566606,-0.24521213945506534,8.8139125009864986e-05,4.1411546811054431e-05
2.1200299263000488,1790954206.632647,0.00042295455932617188,0.085905105783160907,0.086515971021358926,-0.086655597361518469,0.02806489437206882,0.33527774930811072,0.0054977871437821386,0.057789999999999994,0.0058209999999999998,0.207313,3.0066088892405518,1.3207080982766293,3.0977848893647355,0.05776763113962928,0.0058204407143139167,0.20722774845078978,-0.24722363279952597,-0.08684847668888801,0.96505845288367098,0.01082218738607026,0.99566545138341334,0.092375262823143137,-0.96889801096172423,0.033281391471566606,-0.24521213945506534,8.8139125009864986e-05,4.1411546811054431e-05
2.1250548362731934,1790954206.6376719,0.00057005882263183594,0.085905105783160907,0.086515971021358926,-0.086655597361518469,0.02806489437206882,0.33527774930811072,0.0054977871437821386,0.057789999999999994,0.0058209999999999998,0.207313,3.0066088892405518,1.3207080982766293,3.0977848893647355,0.05776763113962928,0.0058204407143139167,0.20722774845078978,-0.24722363279952597,-0.08684847668888801,0.96505845288367098,0.01082218738607026,0.99566545138341334,0.092375262823143137,-0.96889801096172423,0.033281391471566606,-0.24521213945506534,8.8139125009864986e-05,4.1411546811054431e-05
2.1300308704376221,1790954206.642648,0.00057005882263183594,0.085905105783160907,0.086515971021358926,-0.086655597361518469,0.02806489437206882,0.33527774930811072,0.0054977871437821386,0.057789999999999994,0.0058209999999999998,0.207313,3.0066088892405518,1.3207080982766293,3.0977848893647355,0.05776763113962928,0.0058204407143139167,0.20722774845078978,-0.24722363279952597,-0.08684847668888801,0.96505845288367098,0.01082218738607026,0.99566545138341334,0.092375262823143137,-0.96889801096172423,0.033281391471566606,-0.24521213945506534,8.8139125009864986e-05,4.1411546811054431e-05
2.1350538730621338,1790954206.647671,0.00045108795166015625,0.085905105783160907,0.086515971021358926,-0.086655597361518469,0.02806489437206882,0.33527774930811072,0.0054977871437821386,0.057789999999999994,0.0058209999999999998,0.207313,3.0066088892405518,1.3207080982766293,3.0977848893647355,0.05776763113962928,0.0058204407143139167,0.20722774845078978,-0.24722363279952597,-0.08684847668888801,0.96505845288367098,0.01082218738607026,0.99566545138341334,0.092375262823143137,-0.96889801096172423,0.033281391471566606,-0.24521213945506534,8.8139125009864986e-05,4.1411546811054431e-05
2.1400289535522461,1790954206.6526461,0.00042295455932617188,0.085905105783160907,0.086515971021358926,-0.086655597361518469,0.02806489437206882,0.33527774930811072,0.0054977871437821386,0.057789999999999994,0.0058209999999999998,0.207313,3.0066088892405518,1.3207080982766293,3.0977848893647355,0.05776763113962928,0.0058204407143139167,0.20722774845078978,-0.24722363279952597,-0.08684847668888801,0.96505845288367098,0.01082218738607026,0.99566545138341334,0.092375262823143137,-0.96889801096172423,0.033281391471566606,-0.24521213945506534,8.8139125009864986e-05,4.1411546811054431e-05
2.1450278759002686,1790954206.657645,0.00053000450134277344,0.085905105783160907,0.086515971021358926,-0.086655597361518469,0.02806489437206882,0.33527774930811072,0.0054977871437821386,0.057789999999999994,0.0058209999999999998,0.207313,3.0066088892405518,1.3207080982766293,3.0977848893647355,0.05776763113962928,0.0058204407143139167,0.20722774845078978,-0.24722363279952597,-0.08684847668888801,0.96505845288367098,0.01082218738607026,0.99566545138341334,0.092375262823143137,-0.96889801096172423,0.033281391471566606,-0.24521213945506534,8.8139125009864986e-05,4.1411546811054431e-05
2.1500289440155029,1790954206.6626461,0.00056409835815429688,0.085905105783160907,0.086515971021358926,-0.086655597361518469,0.02806489437206882,0.33527774930811072,0.0054977871437821386,0.057789999999999994,0.0058209999999999998,0.207313,3.0066088892405518,1.3207080982766293,3.0977848893647355,0.05776763113962928,0.0058204407143139167,0.20722774845078978,-0.24722363279952597,-0.08684847668888801,0.96505845288367098,0.01082218738607026,0.99566545138341334,0.092375262823143137,-0.96889801096172423,0.033281391471566606,-0.24521213945506534,8.8139125009864986e-05,4.1411546811054431e-05
2.1550538539886475,1790954206.667671,0.00056791305541992188,0.085905105783160907,0.086515971021358926,-0.086655597361518469,0.02806489437206882,0.33527774930811072,0.0054977871437821386,0.057789999999999994,0.0058209999999999998,0.207313,3.0066088892405518,1.3207080982766293,3.0977848893647355,0.05776763113962928,0.0058204407143139167,0.20722774845078978,-0.24722363279952597,-0.08684847668888801,0.96505845288367098,0.01082218738607026,0.99566545138341334,0.092375262823143137,-0.96889801096172423,0.033281391471566606,-0.24521213945506534,8.8139125009864986e-05,4.1411546811054431e-05
2.1600289344787598,1790954206.672646,0.00059795379638671875,0.085905105783160907,0.086515971021358926,-0.086655597361518469,0.02806489437206882,0.33527774930811072,0.0054977871437821386,0.057789999999999994,0.0058209999999999998,0.207313,3.0066088892405518,1.3207080982766293,3.0977848893647355,0.05776763113962928,0.0058204407143139167,0.20722774845078978,-0.24722363279952597,-0.08684847668888801,0.96505845288367098,0.01082218738607026,0.99566545138341334,0.092375262823143137,-0.96889801096172423,0.033281391471566606,-0.24521213945506534,8.8139125009864986e-05,4.1411546811054431e-05
2.1650559902191162,1790954206.6776731,0.000576019287109375,0.085905105783160907,0.086515971021358926,-0.086655597361518469,0.02806489437206882,0.33527774930811072,0.0054977871437821386,0.057789999999999994,0.0058209999999999998,0.207313,3.0066088892405518,1.3207080982766293,3.0977848893647355,0.05776763113962928,0.0058204407143139167,0.20722774845078978,-0.24722363279952597,-0.08684847668888801,0.96505845288367098,0.01082218738607026,0.99566545138341334,0.092375262823143137,-0.96889801096172423,0.033281391471566606,-0.24521213945506534,8.8139125009864986e-05,4.1411546811054431e-05
2.1700448989868164,1790954206.682662,0.00056195259094238281,0.085905105783160907,0.086515971021358926,-0.086655597361518469,0.02806489437206882,0.33527774930811072,0.0054977871437821386,0.057789999999999994,0.0058209999999999998,0.207313,3.0066088892405518,1.3207080982766293,3.0977848893647355,0.05776763113962928,0.0058204407143139167,0.20722774845078978,-0.24722363279952597,-0.08684847668888801,0.96505845288367098,0.01082218738607026,0.99566545138341334,0.092375262823143137,-0.96889801096172423,0.033281391471566606,-0.24521213945506534,8.8139125009864986e-05,4.1411546811054431e-05
2.175055980682373,1790954206.6876731,0.00052809715270996094,0.085905105783160907,0.086515971021358926,-0.086655597361518469,0.02806489437206882,0.33527774930811072,0.0054977871437821386,0.057789999999999994,0.0058209999999999998,0.207313,3.0066088892405518,1.3207080982766293,3.0977848893647355,0.05776763113962928,0.0058204407143139167,0.20722774845078978,-0.24722363279952597,-0.08684847668888801,0.96505845288367098,0.01082218738607026,0.99566545138341334,0.092375262823143137,-0.96889801096172423,0.033281391471566606,-0.24521213945506534,8.8139125009864986e-05,4.1411546811054431e-05
2.1800627708435059,1790954206.6926799,0.000598907470703125,0.085905105783160907,0.086515971021358926,-0.086655597361518469,0.02806489437206882,0.33527774930811072,0.0054977871437821386,0.057789999999999994,0.0058209999999999998,0.207313,3.0066088892405518,1.3207080982766293,3.0977848893647355,0.05776763113962928,0.0058204407143139167,0.20722774845078978,-0.24722363279952597,-0.08684847668888801,0.96505845288367098,0.01082218738607026,0.99566545138341334,0.092375262823143137,-0.96889801096172423,0.033281391471566606,-0.24521213945506534,8.8139125009864986e-05,4.1411546811054431e-05
2.1850547790527344,1790954206.6976719,0.00057387351989746094,0.085905105783160907,0.086515971021358926,-0.086655597361518469,0.02806489437206882,0.33527774930811072,0.0054977871437821386,0.057789999999999994,0.0058209999999999998,0.207313,3.0066088892405518,1.3207080982766293,3.0977848893647355,0.05776763113962928,0.0058204407143139167,0.20722774845078978,-0.24722363279952597,-0.08684847668888801,0.96505845288367098,0.01082218738607026,0.99566545138341334,0.092375262823143137,-0.96889801096172423,0.033281391471566606,-0.24521213945506534,8.8139125009864986e-05,4.1411546811054431e-05
2.1900289058685303,1790954206.702646,0.0005741119384765625,0.085905105783160907,0.086515971021358926,-0.086655597361518469,0.02806489437206882,0.33527774930811072,0.0054977871437821386,0.057789999999999994,0.0058209999999999998,0.207313,3.0066088892405518,1.3207080982766293,3.0977848893647355,0.05776763113962928,0.0058204407143139167,0.20722774845078978,-0.24722363279952597,-0.08684847668888801,0.96505845288367098,0.01082218738607026,0.99566545138341334,0.092375262823143137,-0.96889801096172423,0.033281391471566606,-0.24521213945506534,8.8139125009864986e-05,4.1411546811054431e-05
2.1950550079345703,1790954206.7076721,0.000576019287109375,0.085905105783160907,0.086515971021358926,-0.086655597361518469,0.02806489437206882,0.33527774930811072,0.0054977871437821386,0.057789999999999994,0.0058209999999999998,0.207313,3.0066088892405518,1.3207080982766293,3.0977848893647355,0.05776763113962928,0.0058204407143139167,0.20722774845078978,-0.24722363279952597,-0.08684847668888801,0.96505845288367098,0.01082218738607026,0.99566545138341334,0.092375262823143137,-0.96889801096172423,0.033281391471566606,-0.24521213945506534,8.8139125009864986e-05,4.1411546811054431e-05
2.2000279426574707,1790954206.7126451,0.0005741119384765625,0.085905105783160907,0.086515971021358926,-0.086655597361518469,0.02806489437206882,0.33527774930811072,0.0054977871437821386,0.057789999999999994,0.0058209999999999998,0.207313,3.0066088892405518,1.3207080982766293,3.0977848893647355,0.05776763113962928,0.0058204407143139167,0.20722774845078978,-0.24722363279952597,-0.08684847668888801,0.96505845288367098,0.01082218738607026,0.99566545138341334,0.092375262823143137,-0.96889801096172423,0.033281391471566606,-0.24521213945506534,8.8139125009864986e-05,4.1411546811054431e-05
2.2050299644470215,1790954206.7176471,0.00055003166198730469,0.085905105783160907,0.086515971021358926,-0.086655597361518469,0.02806489437206882,0.33527774930811072,0.0054977871437821386,0.057789999999999994,0.0058209999999999998,0.207313,3.0066088892405518,1.3207080982766293,3.0977848893647355,0.05776763113962928,0.0058204407143139167,0.20722774845078978,-0.24722363279952597,-0.08684847668888801,0.96505845288367098,0.01082218738607026,0.99566545138341334,0.092375262823143137,-0.96889801096172423,0.033281391471566606,-0.24521213945506534,8.8139125009864986e-05,4.1411546811054431e-05
2.2100319862365723,1790954206.7226491,0.00060105323791503906,0.085905105783160907,0.086515971021358926,-0.086655597361518469,0.02806489437206882,0.33527774930811072,0.0054977871437821386,0.057789999999999994,0.0058209999999999998,0.207313,3.0066088892405518,1.3207080982766293,3.0977848893647355,0.05776763113962928,0.0058204407143139167,0.20722774845078978,-0.24722363279952597,-0.08684847668888801,0.96505845288367098,0.01082218738607026,0.99566545138341334,0.092375262823143137,-0.96889801096172423,0.033281391471566606,-0.24521213945506534,8.8139125009864986e-05,4.1411546811054431e-05
2.2150509357452393,1790954206.727668,0.00057196617126464844,0.085905105783160907,0.086515971021358926,-0.086655597361518469,0.02806489437206882,0.33527774930811072,0.0054977871437821386,0.057789999999999994,0.0058209999999999998,0.207313,3.0066088892405518,1.3207080982766293,3.0977848893647355,0.05776763113962928,0.0058204407143139167,0.20722774845078978,-0.24722363279952597,-0.08684847668888801,0.96505845288367098,0.01082218738607026,0.99566545138341334,0.092375262823143137,-0.96889801096172423,0.033281391471566606,-0.24521213945506534,8.8139125009864986e-05,4.1411546811054431e-05
2.2200288772583008,1790954206.732646,0.000598907470703125,0.085905105783160907,0.086515971021358926,-0.086655597361518469,0.02806489437206882,0.33527774930811072,0.0054977871437821386,0.057789999999999994,0.0058209999999999998,0.207313,3.0066088892405518,1.3207080982766293,3.0977848893647355,0.05776763113962928,0.0058204407143139167,0.20722774845078978,-0.24722363279952597,-0.08684847668888801,0.96505845288367098,0.01082218738607026,0.99566545138341334,0.092375262823143137,-0.96889801096172423,0.033281391471566606,-0.24521213945506534,8.8139125009864986e-05,4.1411546811054431e-05
2.2250549793243408,1790954206.7376721,0.00057220458984375,0.085905105783160907,0.086515971021358926,-0.086655597361518469,0.02806489437206882,0.33527774930811072,0.0054977871437821386,0.057789999999999994,0.0058209999999999998,0.207313,3.0066088892405518,1.3207080982766293,3.0977848893647355,0.05776763113962928,0.0058204407143139167,0.20722774845078978,-0.24722363279952597,-0.08684847668888801,0.96505845288367098,0.01082218738607026,0.99566545138341334,0.092375262823143137,-0.96889801096172423,0.033281391471566606,-0.24521213945506534,8.8139125009864986e-05,4.1411546811054431e-05
2.2300329208374023,1790954206.74265,0.00057291984558105469,0.085905105783160907,0.086515971021358926,-0.086655597361518469,0.02806489437206882,0.33527774930811072,0.0054977871437821386,0.057789999999999994,0.0058209999999999998,0.207313,3.0066088892405518,1.3207080982766293,3.0977848893647355,0.05776763113962928,0.0058204407143139167,0.20722774845078978,-0.24722363279952597,-0.08684847668888801,0.96505845288367098,0.01082218738607026,0.99566545138341334,0.092375262823143137,-0.96889801096172423,0.033281391471566606,-0.24521213945506534,8.8139125009864986e-05,4.1411546811054431e-05
2.2350289821624756,1790954206.7476461,0.00058317184448242188,0.085905105783160907,0.086515971021358926,-0.086655597361518469,0.02806489437206882,0.33527774930811072,0.0054977871437821386,0.057789999999999994,0.0058209999999999998,0.207313,3.0066088892405518,1.3207080982766293,3.0977848893647355,0.05776763113962928,0.0058204407143139167,0.20722774845078978,-0.24722363279952597,-0.08684847668888801,0.96505845288367098,0.01082218738607026,0.99566545138341334,0.092375262823143137,-0.96889801096172423,0.033281391471566606,-0.24521213945506534,8.8139125009864986e-05,4.1411546811054431e-05
2.240027904510498,1790954206.752645,0.00058603286743164062,0.085905105783160907,0.086515971021358926,-0.086655597361518469,0.02806489437206882,0.33527774930811072,0.0054977871437821386,0.057789999999999994,0.0058209999999999998,0.207313,3.0066088892405518,1.3207080982766293,3.0977848893647355,0.05776763113962928,0.0058204407143139167,0.20722774845078978,-0.24722363279952597,-0.08684847668888801,0.96505845288367098,0.01082218738607026,0.99566545138341334,0.092375262823143137,-0.96889801096172423,0.033281391471566606,-0.24521213945506534,8.8139125009864986e-05,4.1411546811054431e-05
2.2450540065765381,1790954206.7576711,0.00057721138000488281,0.085905105783160907,0.086515971021358926,-0.086655597361518469,0.02806489437206882,0.33527774930811072,0.0054977871437821386,0.057789999999999994,0.0058209999999999998,0.207313,3.0066088892405518,1.3207080982766293,3.0977848893647355,0.05776763113962928,0.0058204407143139167,0.20722774845078978,-0.24722363279952597,-0.08684847668888801,0.96505845288367098,0.01082218738607026,0.99566545138341334,0.092375262823143137,-0.96889801096172423,0.033281391471566606,-0.24521213945506534,8.8139125009864986e-05,4.1411546811054431e-05
2.2500278949737549,1790954206.762645,0.00056910514831542969,0.085905105783160907,0.086515971021358926,-0.086655597361518469,0.02806489437206882,0.33527774930811072,0.0054977871437821386,0.057789999999999994,0.0058209999999999998,0.207313,3.0066088892405518,1.3207080982766293,3.0977848893647355,0.05776763113962928,0.0058204407143139167,0.20722774845078978,-0.24722363279952597,-0.08684847668888801,0.96505845288367098,0.01082218738607026,0.99566545138341334,0.092375262823143137,-0.96889801096172423,0.033281391471566606,-0.24521213945506534,8.8139125009864986e-05,4.1411546811054431e-05
2.2550559043884277,1790954206.767673,0.0005741119384765625,0.085905105783160907,0.086515971021358926,-0.086655597361518469,0.02806489437206882,0.33527774930811072,0.0054977871437821386,0.057789999999999994,0.0058209999999999998,0.207313,3.0066088892405518,1.3207080982766293,3.0977848893647355,0.05776763113962928,0.0058204407143139167,0.20722774845078978,-0.24722363279952597,-0.08684847668888801,0.96505845288367098,0.01082218738607026,0.99566545138341334,0.092375262823143137,-0.96889801096172423,0.033281391471566606,-0.24521213945506534,8.8139125009864986e-05,4.1411546811054431e-05
2.2600297927856445,1790954206.7726469,0.00059795379638671875,0.085905105783160907,0.086515971021358926,-0.086655597361518469,0.02806489437206882,0.33527774930811072,0.0054977871437821386,0.057789999999999994,0.0058209999999999998,0.207313,3.0066088892405518,1.3207080982766293,3.0977848893647355,0.05776763113962928,0.0058204407143139167,0.20722774845078978,-0.24722363279952597,-0.08684847668888801,0.96505845288367098,0.01082218738607026,0.99566545138341334,0.092375262823143137,-0.96889801096172423,0.033281391471566606,-0.24521213945506534,8.8139125009864986e-05,4.1411546811054431e-05
2.2651808261871338,1790954206.7777979,0.0006999969482421875,0.085905105783160907,0.086515971021358926,-0.086655597361518469,0.02806489437206882,0.33527774930811072,0.0054977871437821386,0.057789999999999994,0.0058209999999999998,0.207313,3.0066088892405518,1.3207080982766293,3.0977848893647355,0.05776763113962928,0.0058204407143139167,0.20722774845078978,-0.24722363279952597,-0.08684847668888801,0.96505845288367098,0.01082218738607026,0.99566545138341334,0.092375262823143137,-0.96889801096172423,0.033281391471566606,-0.24521213945506534,8.8139125009864986e-05,4.1411546811054431e-05
2.2700309753417969,1790954206.7826481,0.00058412551879882812,0.085905105783160907,0.086515971021358926,-0.086655597361518469,0.02806489437206882,0.33527774930811072,0.0054977871437821386,0.057789999999999994,0.0058209999999999998,0.207313,3.0066088892405518,1.3207080982766293,3.0977848893647355,0.05776763113962928,0.0058204407143139167,0.20722774845078978,-0.24722363279952597,-0.08684847668888801,0.96505845288367098,0.01082218738607026,0.99566545138341334,0.092375262823143137,-0.96889801096172423,0.033281391471566606,-0.24521213945506534,8.8139125009864986e-05,4.1411546811054431e-05
2.2750568389892578,1790954206.787674,0.0005779266357421875,0.085905105783160907,0.086515971021358926,-0.086655597361518469,0.02806489437206882,0.33527774930811072,0.0054977871437821386,0.057789999999999994,0.0058209999999999998,0.207313,3.0066088892405518,1.3207080982766293,3.0977848893647355,0.05776763113962928,0.0058204407143139167,0.20722774845078978,-0.24722363279952597,-0.08684847668888801,0.96505845288367098,0.01082218738607026,0.99566545138341334,0.092375262823143137,-0.96889801096172423,0.033281391471566606,-0.24521213945506534,8.8139125009864986e-05,4.1411546811054431e-05
2.2800309658050537,1790954206.7926481,0.0005970001220703125,0.085905105783160907,0.086515971021358926,-0.086655597361518469,0.02806489437206882,0.33527774930811072,0.0054977871437821386,0.057789999999999994,0.0058209999999999998,0.207313,3.0066088892405518,1.3207080982766293,3.0977848893647355,0.05776763113962928,0.0058204407143139167,0.20722774845078978,-0.24722363279952597,-0.08684847668888801,0.96505845288367098,0.01082218738607026,0.99566545138341334,0.092375262823143137,-0.96889801096172423,0.033281391471566606,-0.24521213945506534,8.8139125009864986e-05,4.1411546811054431e-05
2.285031795501709,1790954206.7976489,0.00058078765869140625,0.085905105783160907,0.086515971021358926,-0.086655597361518469,0.02806489437206882,0.33527774930811072,0.0054977871437821386,0.057789999999999994,0.0058209999999999998,0.207313,3.0066088892405518,1.3207080982766293,3.0977848893647355,0.05776763113962928,0.0058204407143139167,0.20722774845078978,-0.24722363279952597,-0.08684847668888801,0.96505845288367098,0.01082218738607026,0.99566545138341334,0.092375262823143137,-0.96889801096172423,0.033281391471566606,-0.24521213945506534,8.8139125009864986e-05,4.1411546811054431e-05
2.2900269031524658,1790954206.802644,0.00047707557678222656,0.085905105783160907,0.086515971021358926,-0.086655597361518469,0.02806489437206882,0.33527774930811072,0.0054977871437821386,0.057789999999999994,0.0058209999999999998,0.207313,3.0066088892405518,1.3207080982766293,3.0977848893647355,0.05776763113962928,0.0058204407143139167,0.20722774845078978,-0.24722363279952597,-0.08684847668888801,0.96505845288367098,0.01082218738607026,0.99566545138341334,0.092375262823143137,-0.96889801096172423,0.033281391471566606,-0.24521213945506534,8.8139125009864986e-05,4.1411546811054431e-05
2.2950530052185059,1790954206.8076701,0.00062203407287597656,0.085905105783160907,0.086515971021358926,-0.086655597361518469,0.02806489437206882,0.33527774930811072,0.0054977871437821386,0.057789999999999994,0.0058209999999999998,0.207313,3.0066088892405518,1.3207080982766293,3.0977848893647355,0.05776763113962928,0.0058204407143139167,0.20722774845078978,-0.24722363279952597,-0.08684847668888801,0.96505845288367098,0.01082218738607026,0.99566545138341334,0.092375262823143137,-0.96889801096172423,0.033281391471566606,-0.24521213945506534,8.8139125009864986e-05,4.1411546811054431e-05
2.3000319004058838,1790954206.812649,0.00060391426086425781,0.085905105783160907,0.086515971021358926,-0.086655597361518469,0.02806489437206882,0.33527774930811072,0.0054977871437821386,0.057789999999999994,0.0058209999999999998,0.207313,3.0066088892405518,1.3207080982766293,3.0977848893647355,0.05776763113962928,0.0058204407143139167,0.20722774845078978,-0.24722363279952597,-0.08684847668888801,0.96505845288367098,0.01082218738607026,0.99566545138341334,0.092375262823143137,-0.96889801096172423,0.033281391471566606,-0.24521213945506534,8.8139125009864986e-05,4.1411546811054431e-05
2.3050529956817627,1790954206.8176701,0.000576019287109375,0.085905105783160907,0.086515971021358926,-0.086655597361518469,0.02806489437206882,0.33527774930811072,0.0054977871437821386,0.057789999999999994,0.0058209999999999998,0.207313,3.0066088892405518,1.3207080982766293,3.0977848893647355,0.05776763113962928,0.0058204407143139167,0.20722774845078978,-0.24722363279952597,-0.08684847668888801,0.96505845288367098,0.01082218738607026,0.99566545138341334,0.092375262823143137,-0.96889801096172423,0.033281391471566606,-0.24521213945506534,8.8139125009864986e-05,4.1411546811054431e-05
2.3100268840789795,1790954206.822644,0.00054407119750976562,0.085905105783160907,0.086515971021358926,-0.086655597361518469,0.02806489437206882,0.33527774930811072,0.0054977871437821386,0.057789999999999994,0.0058209999999999998,0.207313,3.0066088892405518,1.3207080982766293,3.0977848893647355,0.05776763113962928,0.0058204407143139167,0.20722774845078978,-0.24722363279952597,-0.08684847668888801,0.96505845288367098,0.01082218738607026,0.99566545138341334,0.092375262823143137,-0.96889801096172423,0.033281391471566606,-0.24521213945506534,8.8139125009864986e-05,4.1411546811054431e-05
2.3150279521942139,1790954206.8276451,0.00054502487182617188,0.085905105783160907,0.086515971021358926,-0.086655597361518469,0.02806489437206882,0.33527774930811072,0.0054977871437821386,0.057789999999999994,0.0058209999999999998,0.207313,3.0066088892405518,1.3207080982766293,3.0977848893647355,0.05776763113962928,0.0058204407143139167,0.20722774845078978,-0.24722363279952597,-0.08684847668888801,0.96505845288367098,0.01082218738607026,0.99566545138341334,0.092375262823143137,-0.96889801096172423,0.033281391471566606,-0.24521213945506534,8.8139125009864986e-05,4.1411546811054431e-05
2.3200337886810303,1790954206.8326509,0.00058794021606445312,0.085905105783160907,0.086515971021358926,-0.086655597361518469,0.02806489437206882,0.33527774930811072,0.0054977871437821386,0.057789999999999994,0.0058209999999999998,0.207313,3.0066088892405518,1.3207080982766293,3.0977848893647355,0.05776763113962928,0.0058204407143139167,0.20722774845078978,-0.24722363279952597,-0.08684847668888801,0.96505845288367098,0.01082218738607026,0.99566545138341334,0.092375262823143137,-0.96889801096172423,0.033281391471566606,-0.24521213945506534,8.8139125009864986e-05,4.1411546811054431e-05
2.3250548839569092,1790954206.837672,0.00056505203247070312,0.085905105783160907,0.086515971021358926,-0.086655597361518469,0.02806489437206882,0.33527774930811072,0.0054977871437821386,0.057789999999999994,0.0058209999999999998,0.207313,3.0066088892405518,1.3207080982766293,3.0977848893647355,0.05776763113962928,0.0058204407143139167,0.20722774845078978,-0.24722363279952597,-0.08684847668888801,0.96505845288367098,0.01082218738607026,0.99566545138341334,0.092375262823143137,-0.96889801096172423,0.033281391471566606,-0.24521213945506534,8.8139125009864986e-05,4.1411546811054431e-05
2.3300268650054932,1790954206.842644,0.00053501129150390625,0.085905105783160907,0.086515971021358926,-0.086655597361518469,0.02806489437206882,0.33527774930811072,0.0054977871437821386,0.057789999999999994,0.0058209999999999998,0.207313,3.0066088892405518,1.3207080982766293,3.0977848893647355,0.05776763113962928,0.0058204407143139167,0.20722774845078978,-0.24722363279952597,-0.08684847668888801,0.96505845288367098,0.01082218738607026,0.99566545138341334,0.092375262823143137,-0.96889801096172423,0.033281391471566606,-0.24521213945506534,8.8139125009864986e-05,4.1411546811054431e-05
2.3350529670715332,1790954206.8476701,0.000576019287109375,0.085905105783160907,0.086515971021358926,-0.086655597361518469,0.02806489437206882,0.33527774930811072,0.0054977871437821386,0.057789999999999994,0.0058209999999999998,0.207313,3.0066088892405518,1.3207080982766293,3.0977848893647355,0.05776763113962928,0.0058204407143139167,0.20722774845078978,-0.24722363279952597,-0.08684847668888801,0.96505845288367098,0.01082218738607026,0.99566545138341334,0.092375262823143137,-0.96889801096172423,0.033281391471566606,-0.24521213945506534,8.8139125009864986e-05,4.1411546811054431e-05
2.34002685546875,1790954206.852644,0.000576019287109375,0.085905105783160907,0.086515971021358926,-0.086655597361518469,0.02806489437206882,0.33527774930811072,0.0054977871437821386,0.057789999999999994,0.0058209999999999998,0.207313,3.0066088892405518,1.3207080982766293,3.0977848893647355,0.05776763113962928,0.0058204407143139167,0.20722774845078978,-0.24722363279952597,-0.08684847668888801,0.96505845288367098,0.01082218738607026,0.99566545138341334,0.092375262823143137,-0.96889801096172423,0.033281391471566606,-0.24521213945506534,8.8139125009864986e-05,4.1411546811054431e-05
2.34505295753479,1790954206.8576701,0.00057101249694824219,0.085905105783160907,0.086515971021358926,-0.086655597361518469,0.02806489437206882,0.33527774930811072,0.0054977871437821386,0.057789999999999994,0.0058209999999999998,0.207313,3.0066088892405518,1.3207080982766293,3.0977848893647355,0.05776763113962928,0.0058204407143139167,0.20722774845078978,-0.24722363279952597,-0.08684847668888801,0.96505845288367098,0.01082218738607026,0.99566545138341334,0.092375262823143137,-0.96889801096172423,0.033281391471566606,-0.24521213945506534,8.8139125009864986e-05,4.1411546811054431e-05
2.3500268459320068,1790954206.862644,0.000598907470703125,0.085905105783160907,0.086515971021358926,-0.086655597361518469,0.02806489437206882,0.33527774930811072,0.0054977871437821386,0.057789999999999994,0.0058209999999999998,0.207313,3.0066088892405518,1.3207080982766293,3.0977848893647355,0.05776763113962928,0.0058204407143139167,0.20722774845078978,-0.24722363279952597,-0.08684847668888801,0.96505845288367098,0.01082218738607026,0.99566545138341334,0.092375262823143137,-0.96889801096172423,0.033281391471566606,-0.24521213945506534,8.8139125009864986e-05,4.1411546811054431e-05
2.355050802230835,1790954206.8676679,0.00057101249694824219,0.085905105783160907,0.086515971021358926,-0.086655597361518469,0.02806489437206882,0.33527774930811072,0.0054977871437821386,0.057789999999999994,0.0058209999999999998,0.207313,3.0066088892405518,1.3207080982766293,3.0977848893647355,0.05776763113962928,0.0058204407143139167,0.20722774845078978,-0.24722363279952597,-0.08684847668888801,0.96505845288367098,0.01082218738607026,0.99566545138341334,0.092375262823143137,-0.96889801096172423,0.033281391471566606,-0.24521213945506534,8.8139125009864986e-05,4.1411546811054431e-05
2.3600268363952637,1790954206.8726439,0.000598907470703125,0.085905105783160907,0.086515971021358926,-0.086655597361518469,0.02806489437206882,0.33527774930811072,0.0054977871437821386,0.057789999999999994,0.0058209999999999998,0.207313,3.0066088892405518,1.3207080982766293,3.0977848893647355,0.05776763113962928,0.0058204407143139167,0.20722774845078978,-0.24722363279952597,-0.08684847668888801,0.96505845288367098,0.01082218738607026,0.99566545138341334,0.092375262823143137,-0.96889801096172423,0.033281391471566606,-0.24521213945506534,8.8139125009864986e-05,4.1411546811054431e-05
2.365048885345459,1790954206.877666,0.0005741119384765625,0.085905105783160907,0.086515971021358926,-0.086655597361518469,0.02806489437206882,0.33527774930811072,0.0054977871437821386,0.057789999999999994,0.0058209999999999998,0.207313,3.0066088892405518,1.3207080982766293,3.0977848893647355,0.05776763113962928,0.0058204407143139167,0.20722774845078978,-0.24722363279952597,-0.08684847668888801,0.96505845288367098,0.01082218738607026,0.99566545138341334,0.092375262823143137,-0.96889801096172423,0.033281391471566606,-0.24521213945506534,8.8139125009864986e-05,4.1411546811054431e-05
2.3700289726257324,1790954206.8826461,0.00060009956359863281,0.085905105783160907,0.086515971021358926,-0.086655597361518469,0.02806489437206882,0.33527774930811072,0.0054977871437821386,0.057789999999999994,0.0058209999999999998,0.207313,3.0066088892405518,1.3207080982766293,3.0977848893647355,0.05776763113962928,0.0058204407143139167,0.20722774845078978,-0.24722363279952597,-0.08684847668888801,0.96505845288367098,0.01082218738607026,0.99566545138341334,0.092375262823143137,-0.96889801096172423,0.033281391471566606,-0.24521213945506534,8.8139125009864986e-05,4.1411546811054431e-05
2.3750948905944824,1790954206.887712,0.00061297416687011719,0.085905105783160907,0.086515971021358926,-0.086655597361518469,0.02806489437206882,0.33527774930811072,0.0054977871437821386,0.057789999999999994,0.0058209999999999998,0.207313,3.0066088892405518,1.3207080982766293,3.0977848893647355,0.05776763113962928,0.0058204407143139167,0.20722774845078978,-0.24722363279952597,-0.08684847668888801,0.96505845288367098,0.01082218738607026,0.99566545138341334,0.092375262823143137,-0.96889801096172423,0.033281391471566606,-0.24521213945506534,8.8139125009864986e-05,4.1411546811054431e-05
2.3800277709960938,1790954206.8926449,0.00059795379638671875,0.085905105783160907,0.086515971021358926,-0.086655597361518469,0.02806489437206882,0.33527774930811072,0.0054977871437821386,0.057789999999999994,0.0058209999999999998,0.207313,3.0066088892405518,1.3207080982766293,3.0977848893647355,0.05776763113962928,0.0058204407143139167,0.20722774845078978,-0.24722363279952597,-0.08684847668888801,0.96505845288367098,0.01082218738607026,0.99566545138341334,0.092375262823143137,-0.96889801096172423,0.033281391471566606,-0.24521213945506534,8.8139125009864986e-05,4.1411546811054431e-05
2.385051965713501,1790954206.8976691,0.00057196617126464844,0.085905105783160907,0.086515971021358926,-0.086655597361518469,0.02806489437206882,0.33527774930811072,0.0054977871437821386,0.057789999999999994,0.0058209999999999998,0.207313,3.0066088892405518,1.3207080982766293,3.0977848893647355,0.05776763113962928,0.0058204407143139167,0.20722774845078978,-0.24722363279952597,-0.08684847668888801,0.96505845288367098,0.01082218738607026,0.99566545138341334,0.092375262823143137,-0.96889801096172423,0.033281391471566606,-0.24521213945506534,8.8139125009864986e-05,4.1411546811054431e-05
2.3900308609008789,1790954206.902648,0.00054693222045898438,0.085905105783160907,0.086515971021358926,-0.086655597361518469,0.02806489437206882,0.33527774930811072,0.0054977871437821386,0.057789999999999994,0.0058209999999999998,0.207313,3.0066088892405518,1.3207080982766293,3.0977848893647355,0.05776763113962928,0.0058204407143139167,0.20722774845078978,-0.24722363279952597,-0.08684847668888801,0.96505845288367098,0.01082218738607026,0.99566545138341334,0.092375262823143137,-0.96889801096172423,0.033281391471566606,-0.24521213945506534,8.8139125009864986e-05,4.1411546811054431e-05
2.3950269222259521,1790954206.907644,0.00054192543029785156,0.085905105783160907,0.086515971021358926,-0.086655597361518469,0.02806489437206882,0.33527774930811072,0.0054977871437821386,0.057789999999999994,0.0058209999999999998,0.207313,3.0066088892405518,1.3207080982766293,3.0977848893647355,0.05776763113962928,0.0058204407143139167,0.20722774845078978,-0.24722363279952597,-0.08684847668888801,0.96505845288367098,0.01082218738607026,0.99566545138341334,0.092375262823143137,-0.96889801096172423,0.033281391471566606,-0.24521213945506534,8.8139125009864986e-05,4.1411546811054431e-05
2.400026798248291,1790954206.9126439,0.00052380561828613281,0.085905105783160907,0.086515971021358926,-0.086655597361518469,0.02806489437206882,0.33527774930811072,0.0054977871437821386,0.057789999999999994,0.0058209999999999998,0.207313,3.0066088892405518,1.3207080982766293,3.0977848893647355,0.05776763113962928,0.0058204407143139167,0.20722774845078978,-0.24722363279952597,-0.08684847668888801,0.96505845288367098,0.01082218738607026,0.99566545138341334,0.092375262823143137,-0.96889801096172423,0.033281391471566606,-0.24521213945506534,8.8139125009864986e-05,4.1411546811054431e-05
2.4050519466400146,1790954206.9176691,0.000576019287109375,0.085905105783160907,0.086515971021358926,-0.086655597361518469,0.02806489437206882,0.33527774930811072,0.0054977871437821386,0.057789999999999994,0.0058209999999999998,0.207313,3.0066088892405518,1.3207080982766293,3.0977848893647355,0.05776763113962928,0.0058204407143139167,0.20722774845078978,-0.24722363279952597,-0.08684847668888801,0.96505845288367098,0.01082218738607026,0.99566545138341334,0.092375262823143137,-0.96889801096172423,0.033281391471566606,-0.24521213945506534,8.8139125009864986e-05,4.1411546811054431e-05
2.4100258350372314,1790954206.9226429,0.00054883956909179688,0.085905105783160907,0.086515971021358926,-0.086655597361518469,0.02806489437206882,0.33527774930811072,0.0054977871437821386,0.057789999999999994,0.0058209999999999998,0.207313,3.0066088892405518,1.3207080982766293,3.0977848893647355,0.05776763113962928,0.0058204407143139167,0.20722774845078978,-0.24722363279952597,-0.08684847668888801,0.96505845288367098,0.01082218738607026,0.99566545138341334,0.092375262823143137,-0.96889801096172423,0.033281391471566606,-0.24521213945506534,8.8139125009864986e-05,4.1411546811054431e-05
2.4150509834289551,1790954206.9276681,0.00057506561279296875,0.085905105783160907,0.086515971021358926,-0.086655597361518469,0.02806489437206882,0.33527774930811072,0.0054977871437821386,0.057789999999999994,0.0058209999999999998,0.207313,3.0066088892405518,1.3207080982766293,3.0977848893647355,0.05776763113962928,0.0058204407143139167,0.20722774845078978,-0.24722363279952597,-0.08684847668888801,0.96505845288367098,0.01082218738607026,0.99566545138341334,0.092375262823143137,-0.96889801096172423,0.033281391471566606,-0.24521213945506534,8.8139125009864986e-05,4.1411546811054431e-05
2.4200258255004883,1790954206.9326429,0.00059986114501953125,0.085905105783160907,0.086515971021358926,-0.086655597361518469,0.02806489437206882,0.33527774930811072,0.0054977871437821386,0.057789999999999994,0.0058209999999999998,0.207313,3.0066088892405518,1.3207080982766293,3.0977848893647355,0.05776763113962928,0.0058204407143139167,0.20722774845078978,-0.24722363279952597,-0.08684847668888801,0.96505845288367098,0.01082218738607026,0.99566545138341334,0.092375262823143137,-0.96889801096172423,0.033281391471566606,-0.24521213945506534,8.8139125009864986e-05,4.1411546811054431e-05
2.4250278472900391,1790954206.937645,0.00055003166198730469,0.085905105783160907,0.086515971021358926,-0.086655597361518469,0.02806489437206882,0.33527774930811072,0.0054977871437821386,0.057789999999999994,0.0058209999999999998,0.207313,3.0066088892405518,1.3207080982766293,3.0977848893647355,0.05776763113962928,0.0058204407143139167,0.20722774845078978,-0.24722363279952597,-0.08684847668888801,0.96505845288367098,0.01082218738607026,0.99566545138341334,0.092375262823143137,-0.96889801096172423,0.033281391471566606,-0.24521213945506534,8.8139125009864986e-05,4.1411546811054431e-05
2.4300289154052734,1790954206.942646,0.00054907798767089844,0.085905105783160907,0.086515971021358926,-0.086655597361518469,0.02806489437206882,0.33527774930811072,0.0054977871437821386,0.057789999999999994,0.0058209999999999998,0.207313,3.0066088892405518,1.3207080982766293,3.0977848893647355,0.05776763113962928,0.0058204407143139167,0.20722774845078978,-0.24722363279952597,-0.08684847668888801,0.96505845288367098,0.01082218738607026,0.99566545138341334,0.092375262823143137,-0.96889801096172423,0.033281391471566606,-0.24521213945506534,8.8139125009864986e-05,4.1411546811054431e-05
2.4350547790527344,1790954206.9476719,0.00030684471130371094,0.085905105783160907,0.086515971021358926,-0.086655597361518469,0.02806489437206882,0.33527774930811072,0.0054977871437821386,0.057789999999999994,0.0058209999999999998,0.207313,3.0066088892405518,1.3207080982766293,3.0977848893647355,0.05776763113962928,0.0058204407143139167,0.20722774845078978,-0.24722363279952597,-0.08684847668888801,0.96505845288367098,0.01082218738607026,0.99566545138341334,0.092375262823143137,-0.96889801096172423,0.033281391471566606,-0.24521213945506534,8.8139125009864986e-05,4.1411546811054431e-05
2.440025806427002,1790954206.9526429,0.00059795379638671875,0.085905105783160907,0.086515971021358926,-0.086655597361518469,0.02806489437206882,0.33527774930811072,0.0054977871437821386,0.057789999999999994,0.0058209999999999998,0.207313,3.0066088892405518,1.3207080982766293,3.0977848893647355,0.05776763113962928,0.0058204407143139167,0.20722774845078978,-0.24722363279952597,-0.08684847668888801,0.96505845288367098,0.01082218738607026,0.99566545138341334,0.092375262823143137,-0.96889801096172423,0.033281391471566606,-0.24521213945506534,8.8139125009864986e-05,4.1411546811054431e-05
2.4450509548187256,1790954206.9576681,0.00057101249694824219,0.085905105783160907,0.086515971021358926,-0.086655597361518469,0.02806489437206882,0.33527774930811072,0.0054977871437821386,0.057789999999999994,0.0058209999999999998,0.207313,3.0066088892405518,1.3207080982766293,3.0977848893647355,0.05776763113962928,0.0058204407143139167,0.20722774845078978,-0.24722363279952597,-0.08684847668888801,0.96505845288367098,0.01082218738607026,0.99566545138341334,0.092375262823143137,-0.96889801096172423,0.033281391471566606,-0.24521213945506534,8.8139125009864986e-05,4.1411546811054431e-05
2.4500248432159424,1790954206.962642,0.00059795379638671875,0.085905105783160907,0.086515971021358926,-0.086655597361518469,0.02806489437206882,0.33527774930811072,0.0054977871437821386,0.057789999999999994,0.0058209999999999998,0.207313,3.0066088892405518,1.3207080982766293,3.0977848893647355,0.05776763113962928,0.0058204407143139167,0.20722774845078978,-0.24722363279952597,-0.08684847668888801,0.96505845288367098,0.01082218738607026,0.99566545138341334,0.092375262823143137,-0.96889801096172423,0.033281391471566606,-0.24521213945506534,8.8139125009864986e-05,4.1411546811054431e-05
2.4550528526306152,1790954206.96767,0.00057506561279296875,0.085905105783160907,0.086515971021358926,-0.086655597361518469,0.02806489437206882,0.33527774930811072,0.0054977871437821386,0.057789999999999994,0.0058209999999999998,0.207313,3.0066088892405518,1.3207080982766293,3.0977848893647355,0.05776763113962928,0.0058204407143139167,0.20722774845078978,-0.24722363279952597,-0.08684847668888801,0.96505845288367098,0.01082218738607026,0.99566545138341334,0.092375262823143137,-0.96889801096172423,0.033281391471566606,-0.24521213945506534,8.8139125009864986e-05,4.1411546811054431e-05
2.4600279331207275,1790954206.972645,0.00059914588928222656,0.085905105783160907,0.086515971021358926,-0.086655597361518469,0.02806489437206882,0.33527774930811072,0.0054977871437821386,0.057789999999999994,0.0058209999999999998,0.207313,3.0066088892405518,1.3207080982766293,3.0977848893647355,0.05776763113962928,0.0058204407143139167,0.20722774845078978,-0.24722363279952597,-0.08684847668888801,0.96505845288367098,0.01082218738607026,0.99566545138341334,0.092375262823143137,-0.96889801096172423,0.033281391471566606,-0.24521213945506534,8.8139125009864986e-05,4.1411546811054431e-05
2.4650509357452393,1790954206.977668,0.00057196617126464844,0.085905105783160907,0.086515971021358926,-0.086655597361518469,0.02806489437206882,0.33527774930811072,0.0054977871437821386,0.057789999999999994,0.0058209999999999998,0.207313,3.0066088892405518,1.3207080982766293,3.0977848893647355,0.05776763113962928,0.0058204407143139167,0.20722774845078978,-0.24722363279952597,-0.08684847668888801,0.96505845288367098,0.01082218738607026,0.99566545138341334,0.092375262823143137,-0.96889801096172423,0.033281391471566606,-0.24521213945506534,8.8139125009864986e-05,4.1411546811054431e-05
2.4700307846069336,1790954206.9826479,0.000598907470703125,0.085905105783160907,0.086515971021358926,-0.086655597361518469,0.02806489437206882,0.33527774930811072,0.0054977871437821386,0.057789999999999994,0.0058209999999999998,0.207313,3.0066088892405518,1.3207080982766293,3.0977848893647355,0.05776763113962928,0.0058204407143139167,0.20722774845078978,-0.24722363279952597,-0.08684847668888801,0.96505845288367098,0.01082218738607026,0.99566545138341334,0.092375262823143137,-0.96889801096172423,0.033281391471566606,-0.24521213945506534,8.8139125009864986e-05,4.1411546811054431e-05
2.4750537872314453,1790954206.9876709,0.00056791305541992188,0.085905105783160907,0.086515971021358926,-0.086655597361518469,0.02806489437206882,0.33527774930811072,0.0054977871437821386,0.057789999999999994,0.0058209999999999998,0.207313,3.0066088892405518,1.3207080982766293,3.0977848893647355,0.05776763113962928,0.0058204407143139167,0.20722774845078978,-0.24722363279952597,-0.08684847668888801,0.96505845288367098,0.01082218738607026,0.99566545138341334,0.092375262823143137,-0.96889801096172423,0.033281391471566606,-0.24521213945506534,8.8139125009864986e-05,4.1411546811054431e-05
2.480029821395874,1790954206.9926469,0.0006008148193359375,0.085905105783160907,0.086515971021358926,-0.086655597361518469,0.02806489437206882,0.33527774930811072,0.0054977871437821386,0.057789999999999994,0.0058209999999999998,0.207313,3.0066088892405518,1.3207080982766293,3.0977848893647355,0.05776763113962928,0.0058204407143139167,0.20722774845078978,-0.24722363279952597,-0.08684847668888801,0.96505845288367098,0.01082218738607026,0.99566545138341334,0.092375262823143137,-0.96889801096172423,0.033281391471566606,-0.24521213945506534,8.8139125009864986e-05,4.1411546811054431e-05
2.4850509166717529,1790954206.997668,0.00056791305541992188,0.085905105783160907,0.086515971021358926,-0.086655597361518469,0.02806489437206882,0.33527774930811072,0.0054977871437821386,0.057789999999999994,0.0058209999999999998,0.207313,3.0066088892405518,1.3207080982766293,3.0977848893647355,0.05776763113962928,0.0058204407143139167,0.20722774845078978,-0.24722363279952597,-0.08684847668888801,0.96505845288367098,0.01082218738607026,0.99566545138341334,0.092375262823143137,-0.96889801096172423,0.033281391471566606,-0.24521213945506534,8.8139125009864986e-05,4.1411546811054431e-05
2.4900298118591309,1790954207.0026469,0.00054597854614257812,0.085905105783160907,0.086515971021358926,-0.086655597361518469,0.02806489437206882,0.33527774930811072,0.0054977871437821386,0.057789999999999994,0.0058209999999999998,0.207313,3.0066088892405518,1.3207080982766293,3.0977848893647355,0.05776763113962928,0.0058204407143139167,0.20722774845078978,-0.24722363279952597,-0.08684847668888801,0.96505845288367098,0.01082218738607026,0.99566545138341334,0.092375262823143137,-0.96889801096172423,0.033281391471566606,-0.24521213945506534,8.8139125009864986e-05,4.1411546811054431e-05
2.4950289726257324,1790954207.0076461,0.00054907798767089844,0.085905105783160907,0.086515971021358926,-0.086655597361518469,0.02806489437206882,0.33527774930811072,0.0054977871437821386,0.057789999999999994,0.0058209999999999998,0.207313,3.0066088892405518,1.3207080982766293,3.0977848893647355,0.05776763113962928,0.0058204407143139167,0.20722774845078978,-0.24722363279952597,-0.08684847668888801,0.96505845288367098,0.01082218738607026,0.99566545138341334,0.092375262823143137,-0.96889801096172423,0.033281391471566606,-0.24521213945506534,8.8139125009864986e-05,4.1411546811054431e-05
2.5000298023223877,1790954207.0126469,0.000598907470703125,0.085905105783160907,0.086515971021358926,-0.086655597361518469,0.02806489437206882,0.33527774930811072,0.0054977871437821386,0.057789999999999994,0.0058209999999999998,0.207313,3.0066088892405518,1.3207080982766293,3.0977848893647355,0.05776763113962928,0.0058204407143139167,0.20722774845078978,-0.24722363279952597,-0.08684847668888801,0.96505845288367098,0.01082218738607026,0.99566545138341334,0.092375262823143137,-0.96889801096172423,0.033281391471566606,-0.24521213945506534,8.8139125009864986e-05,4.1411546811054431e-05
2.5050549507141113,1790954207.0176721,0.00057506561279296875,0.085905105783160907,0.086515971021358926,-0.086655597361518469,0.02806489437206882,0.33527774930811072,0.0054977871437821386,0.057789999999999994,0.0058209999999999998,0.207313,3.0066088892405518,1.3207080982766293,3.0977848893647355,0.05776763113962928,0.0058204407143139167,0.20722774845078978,-0.24722363279952597,-0.08684847668888801,0.96505845288367098,0.01082218738607026,0.99566545138341334,0.092375262823143137,-0.96889801096172423,0.033281391471566606,-0.24521213945506534,8.8139125009864986e-05,4.1411546811054431e-05
2.5100259780883789,1790954207.0226431,0.00059914588928222656,0.085905105783160907,0.086515971021358926,-0.086655597361518469,0.02806489437206882,0.33527774930811072,0.0054977871437821386,0.057789999999999994,0.0058209999999999998,0.207313,3.0066088892405518,1.3207080982766293,3.0977848893647355,0.05776763113962928,0.0058204407143139167,0.20722774845078978,-0.24722363279952597,-0.08684847668888801,0.96505845288367098,0.01082218738607026,0.99566545138341334,0.092375262823143137,-0.96889801096172423,0.033281391471566606,-0.24521213945506534,8.8139125009864986e-05,4.1411546811054431e-05
2.5150518417358398,1790954207.027669,0.00057101249694824219,0.085905105783160907,0.086515971021358926,-0.086655597361518469,0.02806489437206882,0.33527774930811072,0.0054977871437821386,0.057789999999999994,0.0058209999999999998,0.207313,3.0066088892405518,1.3207080982766293,3.0977848893647355,0.05776763113962928,0.0058204407143139167,0.20722774845078978,-0.24722363279952597,-0.08684847668888801,0.96505845288367098,0.01082218738607026,0.99566545138341334,0.092375262823143137,-0.96889801096172423,0.033281391471566606,-0.24521213945506534,8.8139125009864986e-05,4.1411546811054431e-05
2.520028829574585,1790954207.0326459,0.0005970001220703125,0.085905105783160907,0.086515971021358926,-0.086655597361518469,0.02806489437206882,0.33527774930811072,0.0054977871437821386,0.057789999999999994,0.0058209999999999998,0.207313,3.0066088892405518,1.3207080982766293,3.0977848893647355,0.05776763113962928,0.0058204407143139167,0.20722774845078978,-0.24722363279952597,-0.08684847668888801,0.96505845288367098,0.01082218738607026,0.99566545138341334,0.092375262823143137,-0.96889801096172423,0.033281391471566606,-0.24521213945506534,8.8139125009864986e-05,4.1411546811054431e-05
2.5250527858734131,1790954207.0376699,0.00056982040405273438,0.085905105783160907,0.086515971021358926,-0.086655597361518469,0.02806489437206882,0.33527774930811072,0.0054977871437821386,0.057789999999999994,0.0058209999999999998,0.207313,3.0066088892405518,1.3207080982766293,3.0977848893647355,0.05776763113962928,0.0058204407143139167,0.20722774845078978,-0.24722363279952597,-0.08684847668888801,0.96505845288367098,0.01082218738607026,0.99566545138341334,0.092375262823143137,-0.96889801096172423,0.033281391471566606,-0.24521213945506534,8.8139125009864986e-05,4.1411546811054431e-05
2.5300309658050537,1790954207.0426481,0.00060200691223144531,0.085905105783160907,0.086515971021358926,-0.086655597361518469,0.02806489437206882,0.33527774930811072,0.0054977871437821386,0.057789999999999994,0.0058209999999999998,0.207313,3.0066088892405518,1.3207080982766293,3.0977848893647355,0.05776763113962928,0.0058204407143139167,0.20722774845078978,-0.24722363279952597,-0.08684847668888801,0.96505845288367098,0.01082218738607026,0.99566545138341334,0.092375262823143137,-0.96889801096172423,0.033281391471566606,-0.24521213945506534,8.8139125009864986e-05,4.1411546811054431e-05
2.5350527763366699,1790954207.0476699,0.00057291984558105469,0.085905105783160907,0.086515971021358926,-0.086655597361518469,0.02806489437206882,0.33527774930811072,0.0054977871437821386,0.057789999999999994,0.0058209999999999998,0.207313,3.0066088892405518,1.3207080982766293,3.0977848893647355,0.05776763113962928,0.0058204407143139167,0.20722774845078978,-0.24722363279952597,-0.08684847668888801,0.96505845288367098,0.01082218738607026,0.99566545138341334,0.092375262823143137,-0.96889801096172423,0.033281391471566606,-0.24521213945506534,8.8139125009864986e-05,4.1411546811054431e-05
2.5400269031524658,1790954207.052644,0.00054812431335449219,0.085905105783160907,0.086515971021358926,-0.086655597361518469,0.02806489437206882,0.33527774930811072,0.0054977871437821386,0.057789999999999994,0.0058209999999999998,0.207313,3.0066088892405518,1.3207080982766293,3.0977848893647355,0.05776763113962928,0.0058204407143139167,0.20722774845078978,-0.24722363279952597,-0.08684847668888801,0.96505845288367098,0.01082218738607026,0.99566545138341334,0.092375262823143137,-0.96889801096172423,0.033281391471566606,-0.24521213945506534,8.8139125009864986e-05,4.1411546811054431e-05
2.5450539588928223,1790954207.0576711,0.000576019287109375,0.085905105783160907,0.086515971021358926,-0.086655597361518469,0.02806489437206882,0.33527774930811072,0.0054977871437821386,0.057789999999999994,0.0058209999999999998,0.207313,3.0066088892405518,1.3207080982766293,3.0977848893647355,0.05776763113962928,0.0058204407143139167,0.20722774845078978,-0.24722363279952597,-0.08684847668888801,0.96505845288367098,0.01082218738607026,0.99566545138341334,0.092375262823143137,-0.96889801096172423,0.033281391471566606,-0.24521213945506534,8.8139125009864986e-05,4.1411546811054431e-05
2.5500309467315674,1790954207.0626481,0.00060200691223144531,0.085905105783160907,0.086515971021358926,-0.086655597361518469,0.02806489437206882,0.33527774930811072,0.0054977871437821386,0.057789999999999994,0.0058209999999999998,0.207313,3.0066088892405518,1.3207080982766293,3.0977848893647355,0.05776763113962928,0.0058204407143139167,0.20722774845078978,-0.24722363279952597,-0.08684847668888801,0.96505845288367098,0.01082218738607026,0.99566545138341334,0.092375262823143137,-0.96889801096172423,0.033281391471566606,-0.24521213945506534,8.8139125009864986e-05,4.1411546811054431e-05
2.555027961730957,1790954207.0676451,0.00054907798767089844,0.085905105783160907,0.086515971021358926,-0.086655597361518469,0.02806489437206882,0.33527774930811072,0.0054977871437821386,0.057789999999999994,0.0058209999999999998,0.207313,3.0066088892405518,1.3207080982766293,3.0977848893647355,0.05776763113962928,0.0058204407143139167,0.20722774845078978,-0.24722363279952597,-0.08684847668888801,0.96505845288367098,0.01082218738607026,0.99566545138341334,0.092375262823143137,-0.96889801096172423,0.033281391471566606,-0.24521213945506534,8.8139125009864986e-05,4.1411546811054431e-05
2.5600278377532959,1790954207.0726449,0.00059795379638671875,0.085905105783160907,0.086515971021358926,-0.086655597361518469,0.02806489437206882,0.33527774930811072,0.0054977871437821386,0.057789999999999994,0.0058209999999999998,0.207313,3.0066088892405518,1.3207080982766293,3.0977848893647355,0.05776763113962928,0.0058204407143139167,0.20722774845078978,-0.24722363279952597,-0.08684847668888801,0.96505845288367098,0.01082218738607026,0.99566545138341334,0.092375262823143137,-0.96889801096172423,0.033281391471566606,-0.24521213945506534,8.8139125009864986e-05,4.1411546811054431e-05
2.5650298595428467,1790954207.077647,0.00055003166198730469,0.085905105783160907,0.086515971021358926,-0.086655597361518469,0.02806489437206882,0.33527774930811072,0.0054977871437821386,0.057789999999999994,0.0058209999999999998,0.207313,3.0066088892405518,1.3207080982766293,3.0977848893647355,0.05776763113962928,0.0058204407143139167,0.20722774845078978,-0.24722363279952597,-0.08684847668888801,0.96505845288367098,0.01082218738607026,0.99566545138341334,0.092375262823143137,-0.96889801096172423,0.033281391471566606,-0.24521213945506534,8.8139125009864986e-05,4.1411546811054431e-05
2.5700337886810303,1790954207.0826509,0.00059986114501953125,0.085905105783160907,0.086515971021358926,-0.086655597361518469,0.02806489437206882,0.33527774930811072,0.0054977871437821386,0.057789999999999994,0.0058209999999999998,0.207313,3.0066088892405518,1.3207080982766293,3.0977848893647355,0.05776763113962928,0.0058204407143139167,0.20722774845078978,-0.24722363279952597,-0.08684847668888801,0.96505845288367098,0.01082218738607026,0.99566545138341334,0.092375262823143137,-0.96889801096172423,0.033281391471566606,-0.24521213945506534,8.8139125009864986e-05,4.1411546811054431e-05
2.5750558376312256,1790954207.0876729,0.00057387351989746094,0.085905105783160907,0.086515971021358926,-0.086655597361518469,0.02806489437206882,0.33527774930811072,0.0054977871437821386,0.057789999999999994,0.0058209999999999998,0.207313,3.0066088892405518,1.3207080982766293,3.0977848893647355,0.05776763113962928,0.0058204407143139167,0.20722774845078978,-0.24722363279952597,-0.08684847668888801,0.96505845288367098,0.01082218738607026,0.99566545138341334,0.092375262823143137,-0.96889801096172423,0.033281391471566606,-0.24521213945506534,8.8139125009864986e-05,4.1411546811054431e-05
2.5800299644470215,1790954207.0926471,0.00060009956359863281,0.085905105783160907,0.086515971021358926,-0.086655597361518469,0.02806489437206882,0.33527774930811072,0.0054977871437821386,0.057789999999999994,0.0058209999999999998,0.207313,3.0066088892405518,1.3207080982766293,3.0977848893647355,0.05776763113962928,0.0058204407143139167,0.20722774845078978,-0.24722363279952597,-0.08684847668888801,0.96505845288367098,0.01082218738607026,0.99566545138341334,0.092375262823143137,-0.96889801096172423,0.033281391471566606,-0.24521213945506534,8.8139125009864986e-05,4.1411546811054431e-05
2.585054874420166,1790954207.097672,0.00057101249694824219,0.085905105783160907,0.086515971021358926,-0.086655597361518469,0.02806489437206882,0.33527774930811072,0.0054977871437821386,0.057789999999999994,0.0058209999999999998,0.207313,3.0066088892405518,1.3207080982766293,3.0977848893647355,0.05776763113962928,0.0058204407143139167,0.20722774845078978,-0.24722363279952597,-0.08684847668888801,0.96505845288367098,0.01082218738607026,0.99566545138341334,0.092375262823143137,-0.96889801096172423,0.033281391471566606,-0.24521213945506534,8.8139125009864986e-05,4.1411546811054431e-05
2.5900290012359619,1790954207.1026461,0.00051021575927734375,0.085905105783160907,0.086515971021358926,-0.086655597361518469,0.02806489437206882,0.33527774930811072,0.0054977871437821386,0.057789999999999994,0.0058209999999999998,0.207313,3.0066088892405518,1.3207080982766293,3.0977848893647355,0.05776763113962928,0.0058204407143139167,0.20722774845078978,-0.24722363279952597,-0.08684847668888801,0.96505845288367098,0.01082218738607026,0.99566545138341334,0.092375262823143137,-0.96889801096172423,0.033281391471566606,-0.24521213945506534,8.8139125009864986e-05,4.1411546811054431e-05
2.5950520038604736,1790954207.1076691,0.0005741119384765625,0.085905105783160907,0.086515971021358926,-0.086655597361518469,0.02806489437206882,0.33527774930811072,0.0054977871437821386,0.057789999999999994,0.0058209999999999998,0.207313,3.0066088892405518,1.3207080982766293,3.0977848893647355,0.05776763113962928,0.0058204407143139167,0.20722774845078978,-0.24722363279952597,-0.08684847668888801,0.96505845288367098,0.01082218738607026,0.99566545138341334,0.092375262823143137,-0.96889801096172423,0.033281391471566606,-0.24521213945506534,8.8139125009864986e-05,4.1411546811054431e-05
2.6000277996063232,1790954207.1126449,0.000598907470703125,0.085905105783160907,0.086515971021358926,-0.086655597361518469,0.02806489437206882,0.33527774930811072,0.0054977871437821386,0.057789999999999994,0.0058209999999999998,0.207313,3.0066088892405518,1.3207080982766293,3.0977848893647355,0.05776763113962928,0.0058204407143139167,0.20722774845078978,-0.24722363279952597,-0.08684847668888801,0.96505845288367098,0.01082218738607026,0.99566545138341334,0.092375262823143137,-0.96889801096172423,0.033281391471566606,-0.24521213945506534,8.8139125009864986e-05,4.1411546811054431e-05
2.6050529479980469,1790954207.1176701,0.0005741119384765625,0.085905105783160907,0.086515971021358926,-0.086655597361518469,0.02806489437206882,0.33527774930811072,0.0054977871437821386,0.057789999999999994,0.0058209999999999998,0.207313,3.0066088892405518,1.3207080982766293,3.0977848893647355,0.05776763113962928,0.0058204407143139167,0.20722774845078978,-0.24722363279952597,-0.08684847668888801,0.96505845288367098,0.01082218738607026,0.99566545138341334,0.092375262823143137,-0.96889801096172423,0.033281391471566606,-0.24521213945506534,8.8139125009864986e-05,4.1411546811054431e-05
2.610029935836792,1790954207.122647,0.00054812431335449219,0.085905105783160907,0.086515971021358926,-0.086655597361518469,0.02806489437206882,0.33527774930811072,0.0054977871437821386,0.057789999999999994,0.0058209999999999998,0.207313,3.0066088892405518,1.3207080982766293,3.0977848893647355,0.05776763113962928,0.0058204407143139167,0.20722774845078978,-0.24722363279952597,-0.08684847668888801,0.96505845288367098,0.01082218738607026,0.99566545138341334,0.092375262823143137,-0.96889801096172423,0.033281391471566606,-0.24521213945506534,8.8139125009864986e-05,4.1411546811054431e-05
2.6150538921356201,1790954207.127671,0.00057196617126464844,0.085905105783160907,0.086515971021358926,-0.086655597361518469,0.02806489437206882,0.33527774930811072,0.0054977871437821386,0.057789999999999994,0.0058209999999999998,0.207313,3.0066088892405518,1.3207080982766293,3.0977848893647355,0.05776763113962928,0.0058204407143139167,0.20722774845078978,-0.24722363279952597,-0.08684847668888801,0.96505845288367098,0.01082218738607026,0.99566545138341334,0.092375262823143137,-0.96889801096172423,0.033281391471566606,-0.24521213945506534,8.8139125009864986e-05,4.1411546811054431e-05
2.6200299263000488,1790954207.132647,0.00060009956359863281,0.085905105783160907,0.086515971021358926,-0.086655597361518469,0.02806489437206882,0.33527774930811072,0.0054977871437821386,0.057789999999999994,0.0058209999999999998,0.207313,3.0066088892405518,1.3207080982766293,3.0977848893647355,0.05776763113962928,0.0058204407143139167,0.20722774845078978,-0.24722363279952597,-0.08684847668888801,0.96505845288367098,0.01082218738607026,0.99566545138341334,0.092375262823143137,-0.96889801096172423,0.033281391471566606,-0.24521213945506534,8.8139125009864986e-05,4.1411546811054431e-05
2.625053882598877,1790954207.137671,0.00057196617126464844,0.085905105783160907,0.086515971021358926,-0.086655597361518469,0.02806489437206882,0.33527774930811072,0.0054977871437821386,0.057789999999999994,0.0058209999999999998,0.207313,3.0066088892405518,1.3207080982766293,3.0977848893647355,0.05776763113962928,0.0058204407143139167,0.20722774845078978,-0.24722363279952597,-0.08684847668888801,0.96505845288367098,0.01082218738607026,0.99566545138341334,0.092375262823143137,-0.96889801096172423,0.033281391471566606,-0.24521213945506534,8.8139125009864986e-05,4.1411546811054431e-05
2.6300268173217773,1790954207.1426439,0.00054788589477539062,0.085905105783160907,0.086515971021358926,-0.086655597361518469,0.02806489437206882,0.33527774930811072,0.0054977871437821386,0.057789999999999994,0.0058209999999999998,0.207313,3.0066088892405518,1.3207080982766293,3.0977848893647355,0.05776763113962928,0.0058204407143139167,0.20722774845078978,-0.24722363279952597,-0.08684847668888801,0.96505845288367098,0.01082218738607026,0.99566545138341334,0.092375262823143137,-0.96889801096172423,0.033281391471566606,-0.24521213945506534,8.8139125009864986e-05,4.1411546811054431e-05
2.6350507736206055,1790954207.1476679,0.00057196617126464844,0.085905105783160907,0.086515971021358926,-0.086655597361518469,0.02806489437206882,0.33527774930811072,0.0054977871437821386,0.057789999999999994,0.0058209999999999998,0.207313,3.0066088892405518,1.3207080982766293,3.0977848893647355,0.05776763113962928,0.0058204407143139167,0.20722774845078978,-0.24722363279952597,-0.08684847668888801,0.96505845288367098,0.01082218738607026,0.99566545138341334,0.092375262823143137,-0.96889801096172423,0.033281391471566606,-0.24521213945506534,8.8139125009864986e-05,4.1411546811054431e-05
2.6400258541107178,1790954207.152643,0.000598907470703125,0.085905105783160907,0.086515971021358926,-0.086655597361518469,0.02806489437206882,0.33527774930811072,0.0054977871437821386,0.057789999999999994,0.0058209999999999998,0.207313,3.0066088892405518,1.3207080982766293,3.0977848893647355,0.05776763113962928,0.0058204407143139167,0.20722774845078978,-0.24722363279952597,-0.08684847668888801,0.96505845288367098,0.01082218738607026,0.99566545138341334,0.092375262823143137,-0.96889801096172423,0.033281391471566606,-0.24521213945506534,8.8139125009864986e-05,4.1411546811054431e-05
2.6450529098510742,1790954207.15767,0.0005741119384765625,0.085905105783160907,0.086515971021358926,-0.086655597361518469,0.02806489437206882,0.33527774930811072,0.0054977871437821386,0.057789999999999994,0.0058209999999999998,0.207313,3.0066088892405518,1.3207080982766293,3.0977848893647355,0.05776763113962928,0.0058204407143139167,0.20722774845078978,-0.24722363279952597,-0.08684847668888801,0.96505845288367098,0.01082218738607026,0.99566545138341334,0.092375262823143137,-0.96889801096172423,0.033281391471566606,-0.24521213945506534,8.8139125009864986e-05,4.1411546811054431e-05
2.6500308513641357,1790954207.162648,0.00060200691223144531,0.085905105783160907,0.086515971021358926,-0.086655597361518469,0.02806489437206882,0.33527774930811072,0.0054977871437821386,0.057789999999999994,0.0058209999999999998,0.207313,3.0066088892405518,1.3207080982766293,3.0977848893647355,0.05776763113962928,0.0058204407143139167,0.20722774845078978,-0.24722363279952597,-0.08684847668888801,0.96505845288367098,0.01082218738607026,0.99566545138341334,0.092375262823143137,-0.96889801096172423,0.033281391471566606,-0.24521213945506534,8.8139125009864986e-05,4.1411546811054431e-05
2.6550538539886475,1790954207.167671,0.00057387351989746094,0.085905105783160907,0.086515971021358926,-0.086655597361518469,0.02806489437206882,0.33527774930811072,0.0054977871437821386,0.057789999999999994,0.0058209999999999998,0.207313,3.0066088892405518,1.3207080982766293,3.0977848893647355,0.05776763113962928,0.0058204407143139167,0.20722774845078978,-0.24722363279952597,-0.08684847668888801,0.96505845288367098,0.01082218738607026,0.99566545138341334,0.092375262823143137,-0.96889801096172423,0.033281391471566606,-0.24521213945506534,8.8139125009864986e-05,4.1411546811054431e-05
2.6600267887115479,1790954207.1726439,0.00059199333190917969,0.085905105783160907,0.086515971021358926,-0.086655597361518469,0.02806489437206882,0.33527774930811072,0.0054977871437821386,0.057789999999999994,0.0058209999999999998,0.207313,3.0066088892405518,1.3207080982766293,3.0977848893647355,0.05776763113962928,0.0058204407143139167,0.20722774845078978,-0.24722363279952597,-0.08684847668888801,0.96505845288367098,0.01082218738607026,0.99566545138341334,0.092375262823143137,-0.96889801096172423,0.033281391471566606,-0.24521213945506534,8.8139125009864986e-05,4.1411546811054431e-05
2.6650528907775879,1790954207.17767,0.0005741119384765625,0.085905105783160907,0.086515971021358926,-0.086655597361518469,0.02806489437206882,0.33527774930811072,0.0054977871437821386,0.057789999999999994,0.0058209999999999998,0.207313,3.0066088892405518,1.3207080982766293,3.0977848893647355,0.05776763113962928,0.0058204407143139167,0.20722774845078978,-0.24722363279952597,-0.08684847668888801,0.96505845288367098,0.01082218738607026,0.99566545138341334,0.092375262823143137,-0.96889801096172423,0.033281391471566606,-0.24521213945506534,8.8139125009864986e-05,4.1411546811054431e-05
2.6700279712677002,1790954207.1826451,0.00054812431335449219,0.085905105783160907,0.086515971021358926,-0.086655597361518469,0.02806489437206882,0.33527774930811072,0.0054977871437821386,0.057789999999999994,0.0058209999999999998,0.207313,3.0066088892405518,1.3207080982766293,3.0977848893647355,0.05776763113962928,0.0058204407143139167,0.20722774845078978,-0.24722363279952597,-0.08684847668888801,0.96505845288367098,0.01082218738607026,0.99566545138341334,0.092375262823143137,-0.96889801096172423,0.033281391471566606,-0.24521213945506534,8.8139125009864986e-05,4.1411546811054431e-05
2.6750547885894775,1790954207.1876719,0.00057482719421386719,0.085905105783160907,0.086515971021358926,-0.086655597361518469,0.02806489437206882,0.33527774930811072,0.0054977871437821386,0.057789999999999994,0.0058209999999999998,0.207313,3.0066088892405518,1.3207080982766293,3.0977848893647355,0.05776763113962928,0.0058204407143139167,0.20722774845078978,-0.24722363279952597,-0.08684847668888801,0.96505845288367098,0.01082218738607026,0.99566545138341334,0.092375262823143137,-0.96889801096172423,0.033281391471566606,-0.24521213945506534,8.8139125009864986e-05,4.1411546811054431e-05
2.6800289154052734,1790954207.192646,0.0005950927734375,0.085905105783160907,0.086515971021358926,-0.086655597361518469,0.02806489437206882,0.33527774930811072,0.0054977871437821386,0.057789999999999994,0.0058209999999999998,0.207313,3.0066088892405518,1.3207080982766293,3.0977848893647355,0.05776763113962928,0.0058204407143139167,0.20722774845078978,-0.24722363279952597,-0.08684847668888801,0.96505845288367098,0.01082218738607026,0.99566545138341334,0.092375262823143137,-0.96889801096172423,0.033281391471566606,-0.24521213945506534,8.8139125009864986e-05,4.1411546811054431e-05
2.6850509643554688,1790954207.1976681,0.0005741119384765625,0.085905105783160907,0.086515971021358926,-0.086655597361518469,0.02806489437206882,0.33527774930811072,0.0054977871437821386,0.057789999999999994,0.0058209999999999998,0.207313,3.0066088892405518,1.3207080982766293,3.0977848893647355,0.05776763113962928,0.0058204407143139167,0.20722774845078978,-0.24722363279952597,-0.08684847668888801,0.96505845288367098,0.01082218738607026,0.99566545138341334,0.092375262823143137,-0.96889801096172423,0.033281391471566606,-0.24521213945506534,8.8139125009864986e-05,4.1411546811054431e-05
2.690025806427002,1790954207.2026429,0.00054883956909179688,0.085905105783160907,0.086515971021358926,-0.086655597361518469,0.02806489437206882,0.33527774930811072,0.0054977871437821386,0.057789999999999994,0.0058209999999999998,0.207313,3.0066088892405518,1.3207080982766293,3.0977848893647355,0.05776763113962928,0.0058204407143139167,0.20722774845078978,-0.24722363279952597,-0.08684847668888801,0.96505845288367098,0.01082218738607026,0.99566545138341334,0.092375262823143137,-0.96889801096172423,0.033281391471566606,-0.24521213945506534,8.8139125009864986e-05,4.1411546811054431e-05
2.695051908493042,1790954207.207669,0.00057196617126464844,0.085905105783160907,0.086515971021358926,-0.086655597361518469,0.02806489437206882,0.33527774930811072,0.0054977871437821386,0.057789999999999994,0.0058209999999999998,0.207313,3.0066088892405518,1.3207080982766293,3.0977848893647355,0.05776763113962928,0.0058204407143139167,0.20722774845078978,-0.24722363279952597,-0.08684847668888801,0.96505845288367098,0.01082218738607026,0.99566545138341334,0.092375262823143137,-0.96889801096172423,0.033281391471566606,-0.24521213945506534,8.8139125009864986e-05,4.1411546811054431e-05
2.7000288963317871,1790954207.212646,0.00054907798767089844,0.085905105783160907,0.086515971021358926,-0.086655597361518469,0.02806489437206882,0.33527774930811072,0.0054977871437821386,0.057789999999999994,0.0058209999999999998,0.207313,3.0066088892405518,1.3207080982766293,3.0977848893647355,0.05776763113962928,0.0058204407143139167,0.20722774845078978,-0.24722363279952597,-0.08684847668888801,0.96505845288367098,0.01082218738607026,0.99566545138341334,0.092375262823143137,-0.96889801096172423,0.033281391471566606,-0.24521213945506534,8.8139125009864986e-05,4.1411546811054431e-05
2.7050518989562988,1790954207.217669,0.00057196617126464844,0.085905105783160907,0.086515971021358926,-0.086655597361518469,0.02806489437206882,0.33527774930811072,0.0054977871437821386,0.057789999999999994,0.0058209999999999998,0.207313,3.0066088892405518,1.3207080982766293,3.0977848893647355,0.05776763113962928,0.0058204407143139167,0.20722774845078978,-0.24722363279952597,-0.08684847668888801,0.96505845288367098,0.01082218738607026,0.99566545138341334,0.092375262823143137,-0.96889801096172423,0.033281391471566606,-0.24521213945506534,8.8139125009864986e-05,4.1411546811054431e-05
2.7100269794464111,1790954207.2226441,0.00059914588928222656,0.085905105783160907,0.086515971021358926,-0.086655597361518469,0.02806489437206882,0.33527774930811072,0.0054977871437821386,0.057789999999999994,0.0058209999999999998,0.207313,3.0066088892405518,1.3207080982766293,3.0977848893647355,0.05776763113962928,0.0058204407143139167,0.20722774845078978,-0.24722363279952597,-0.08684847668888801,0.96505845288367098,0.01082218738607026,0.99566545138341334,0.092375262823143137,-0.96889801096172423,0.033281391471566606,-0.24521213945506534,8.8139125009864986e-05,4.1411546811054431e-05
2.7150528430938721,1790954207.22767,0.00056791305541992188,0.085905105783160907,0.086515971021358926,-0.086655597361518469,0.02806489437206882,0.33527774930811072,0.0054977871437821386,0.057789999999999994,0.0058209999999999998,0.207313,3.0066088892405518,1.3207080982766293,3.0977848893647355,0.05776763113962928,0.0058204407143139167,0.20722774845078978,-0.24722363279952597,-0.08684847668888801,0.96505845288367098,0.01082218738607026,0.99566545138341334,0.092375262823143137,-0.96889801096172423,0.033281391471566606,-0.24521213945506534,8.8139125009864986e-05,4.1411546811054431e-05
2.7200298309326172,1790954207.2326469,0.000598907470703125,0.085905105783160907,0.086515971021358926,-0.086655597361518469,0.02806489437206882,0.33527774930811072,0.0054977871437821386,0.057789999999999994,0.0058209999999999998,0.207313,3.0066088892405518,1.3207080982766293,3.0977848893647355,0.05776763113962928,0.0058204407143139167,0.20722774845078978,-0.24722363279952597,-0.08684847668888801,0.96505845288367098,0.01082218738607026,0.99566545138341334,0.092375262823143137,-0.96889801096172423,0.033281391471566606,-0.24521213945506534,8.8139125009864986e-05,4.1411546811054431e-05
2.7250549793243408,1790954207.2376721,0.00057697296142578125,0.085905105783160907,0.086515971021358926,-0.086655597361518469,0.02806489437206882,0.33527774930811072,0.0054977871437821386,0.057789999999999994,0.0058209999999999998,0.207313,3.0066088892405518,1.3207080982766293,3.0977848893647355,0.05776763113962928,0.0058204407143139167,0.20722774845078978,-0.24722363279952597,-0.08684847668888801,0.96505845288367098,0.01082218738607026,0.99566545138341334,0.092375262823143137,-0.96889801096172423,0.033281391471566606,-0.24521213945506534,8.8139125009864986e-05,4.1411546811054431e-05
2.7300260066986084,1790954207.2426431,0.00059914588928222656,0.085905105783160907,0.086515971021358926,-0.086655597361518469,0.02806489437206882,0.33527774930811072,0.0054977871437821386,0.057789999999999994,0.0058209999999999998,0.207313,3.0066088892405518,1.3207080982766293,3.0977848893647355,0.05776763113962928,0.0058204407143139167,0.20722774845078978,-0.24722363279952597,-0.08684847668888801,0.96505845288367098,0.01082218738607026,0.99566545138341334,0.092375262823143137,-0.96889801096172423,0.033281391471566606,-0.24521213945506534,8.8139125009864986e-05,4.1411546811054431e-05
2.7350509166717529,1790954207.247668,0.00057101249694824219,0.085905105783160907,0.086515971021358926,-0.086655597361518469,0.02806489437206882,0.33527774930811072,0.0054977871437821386,0.057789999999999994,0.0058209999999999998,0.207313,3.0066088892405518,1.3207080982766293,3.0977848893647355,0.05776763113962928,0.0058204407143139167,0.20722774845078978,-0.24722363279952597,-0.08684847668888801,0.96505845288367098,0.01082218738607026,0.99566545138341334,0.092375262823143137,-0.96889801096172423,0.033281391471566606,-0.24521213945506534,8.8139125009864986e-05,4.1411546811054431e-05
2.7400529384613037,1790954207.25267,0.0005741119384765625,0.085905105783160907,0.086515971021358926,-0.086655597361518469,0.02806489437206882,0.33527774930811072,0.0054977871437821386,0.057789999999999994,0.0058209999999999998,0.207313,3.0066088892405518,1.3207080982766293,3.0977848893647355,0.05776763113962928,0.0058204407143139167,0.20722774845078978,-0.24722363279952597,-0.08684847668888801,0.96505845288367098,0.01082218738607026,0.99566545138341334,0.092375262823143137,-0.96889801096172423,0.033281391471566606,-0.24521213945506534,8.8139125009864986e-05,4.1411546811054431e-05
2.7450528144836426,1790954207.2576699,0.00057291984558105469,0.085905105783160907,0.086515971021358926,-0.086655597361518469,0.02806489437206882,0.33527774930811072,0.0054977871437821386,0.057789999999999994,0.0058209999999999998,0.207313,3.0066088892405518,1.3207080982766293,3.0977848893647355,0.05776763113962928,0.0058204407143139167,0.20722774845078978,-0.24722363279952597,-0.08684847668888801,0.96505845288367098,0.01082218738607026,0.99566545138341334,0.092375262823143137,-0.96889801096172423,0.033281391471566606,-0.24521213945506534,8.8139125009864986e-05,4.1411546811054431e-05
2.7500278949737549,1790954207.262645,0.00060009956359863281,0.085905105783160907,0.086515971021358926,-0.086655597361518469,0.02806489437206882,0.33527774930811072,0.0054977871437821386,0.057789999999999994,0.0058209999999999998,0.207313,3.0066088892405518,1.3207080982766293,3.0977848893647355,0.05776763113962928,0.0058204407143139167,0.20722774845078978,-0.24722363279952597,-0.08684847668888801,0.96505845288367098,0.01082218738607026,0.99566545138341334,0.092375262823143137,-0.96889801096172423,0.033281391471566606,-0.24521213945506534,8.8139125009864986e-05,4.1411546811054431e-05
2.7550578117370605,1790954207.2676749,0.000579833984375,0.085905105783160907,0.086515971021358926,-0.086655597361518469,0.02806489437206882,0.33527774930811072,0.0054977871437821386,0.057789999999999994,0.0058209999999999998,0.207313,3.0066088892405518,1.3207080982766293,3.0977848893647355,0.05776763113962928,0.0058204407143139167,0.20722774845078978,-0.24722363279952597,-0.08684847668888801,0.96505845288367098,0.01082218738607026,0.99566545138341334,0.092375262823143137,-0.96889801096172423,0.033281391471566606,-0.24521213945506534,8.8139125009864986e-05,4.1411546811054431e-05
2.7600269317626953,1790954207.272644,0.00059914588928222656,0.085905105783160907,0.086515971021358926,-0.086655597361518469,0.02806489437206882,0.33527774930811072,0.0054977871437821386,0.057789999999999994,0.0058209999999999998,0.207313,3.0066088892405518,1.3207080982766293,3.0977848893647355,0.05776763113962928,0.0058204407143139167,0.20722774845078978,-0.24722363279952597,-0.08684847668888801,0.96505845288367098,0.01082218738607026,0.99566545138341334,0.092375262823143137,-0.96889801096172423,0.033281391471566606,-0.24521213945506534,8.8139125009864986e-05,4.1411546811054431e-05
2.7650289535522461,1790954207.2776461,0.00055217742919921875,0.085905105783160907,0.086515971021358926,-0.086655597361518469,0.02806489437206882,0.33527774930811072,0.0054977871437821386,0.057789999999999994,0.0058209999999999998,0.207313,3.0066088892405518,1.3207080982766293,3.0977848893647355,0.05776763113962928,0.0058204407143139167,0.20722774845078978,-0.24722363279952597,-0.08684847668888801,0.96505845288367098,0.01082218738607026,0.99566545138341334,0.092375262823143137,-0.96889801096172423,0.033281391471566606,-0.24521213945506534,8.8139125009864986e-05,4.1411546811054431e-05
2.7700309753417969,1790954207.2826481,0.00060105323791503906,0.085905105783160907,0.086515971021358926,-0.086655597361518469,0.02806489437206882,0.33527774930811072,0.0054977871437821386,0.057789999999999994,0.0058209999999999998,0.207313,3.0066088892405518,1.3207080982766293,3.0977848893647355,0.05776763113962928,0.0058204407143139167,0.20722774845078978,-0.24722363279952597,-0.08684847668888801,0.96505845288367098,0.01082218738607026,0.99566545138341334,0.092375262823143137,-0.96889801096172423,0.033281391471566606,-0.24521213945506534,8.8139125009864986e-05,4.1411546811054431e-05
2.7750589847564697,1790954207.2876761,0.00057816505432128906,0.085905105783160907,0.086515971021358926,-0.086655597361518469,0.02806489437206882,0.33527774930811072,0.0054977871437821386,0.057789999999999994,0.0058209999999999998,0.207313,3.0066088892405518,1.3207080982766293,3.0977848893647355,0.05776763113962928,0.0058204407143139167,0.20722774845078978,-0.24722363279952597,-0.08684847668888801,0.96505845288367098,0.01082218738607026,0.99566545138341334,0.092375262823143137,-0.96889801096172423,0.033281391471566606,-0.24521213945506534,8.8139125009864986e-05,4.1411546811054431e-05
2.7800338268280029,1790954207.2926509,0.00055384635925292969,0.085905105783160907,0.086515971021358926,-0.086655597361518469,0.02806489437206882,0.33527774930811072,0.0054977871437821386,0.057789999999999994,0.0058209999999999998,0.207313,3.0066088892405518,1.3207080982766293,3.0977848893647355,0.05776763113962928,0.0058204407143139167,0.20722774845078978,-0.24722363279952597,-0.08684847668888801,0.96505845288367098,0.01082218738607026,0.99566545138341334,0.092375262823143137,-0.96889801096172423,0.033281391471566606,-0.24521213945506534,8.8139125009864986e-05,4.1411546811054431e-05
2.7850577831268311,1790954207.2976749,0.00057578086853027344,0.085905105783160907,0.086515971021358926,-0.086655597361518469,0.02806489437206882,0.33527774930811072,0.0054977871437821386,0.057789999999999994,0.0058209999999999998,0.207313,3.0066088892405518,1.3207080982766293,3.0977848893647355,0.05776763113962928,0.0058204407143139167,0.20722774845078978,-0.24722363279952597,-0.08684847668888801,0.96505845288367098,0.01082218738607026,0.99566545138341334,0.092375262823143137,-0.96889801096172423,0.033281391471566606,-0.24521213945506534,8.8139125009864986e-05,4.1411546811054431e-05
2.7900269031524658,1790954207.302644,0.00059795379638671875,0.085905105783160907,0.086515971021358926,-0.086655597361518469,0.02806489437206882,0.33527774930811072,0.0054977871437821386,0.057789999999999994,0.0058209999999999998,0.207313,3.0066088892405518,1.3207080982766293,3.0977848893647355,0.05776763113962928,0.0058204407143139167,0.20722774845078978,-0.24722363279952597,-0.08684847668888801,0.96505845288367098,0.01082218738607026,0.99566545138341334,0.092375262823143137,-0.96889801096172423,0.033281391471566606,-0.24521213945506534,8.8139125009864986e-05,4.1411546811054431e-05
2.7950530052185059,1790954207.3076701,0.00057101249694824219,0.085905105783160907,0.086515971021358926,-0.086655597361518469,0.02806489437206882,0.33527774930811072,0.0054977871437821386,0.057789999999999994,0.0058209999999999998,0.207313,3.0066088892405518,1.3207080982766293,3.0977848893647355,0.05776763113962928,0.0058204407143139167,0.20722774845078978,-0.24722363279952597,-0.08684847668888801,0.96505845288367098,0.01082218738607026,0.99566545138341334,0.092375262823143137,-0.96889801096172423,0.033281391471566606,-0.24521213945506534,8.8139125009864986e-05,4.1411546811054431e-05
2.800029993057251,1790954207.3126471,0.00054907798767089844,0.085905105783160907,0.086515971021358926,-0.086655597361518469,0.02806489437206882,0.33527774930811072,0.0054977871437821386,0.057789999999999994,0.0058209999999999998,0.207313,3.0066088892405518,1.3207080982766293,3.0977848893647355,0.05776763113962928,0.0058204407143139167,0.20722774845078978,-0.24722363279952597,-0.08684847668888801,0.96505845288367098,0.01082218738607026,0.99566545138341334,0.092375262823143137,-0.96889801096172423,0.033281391471566606,-0.24521213945506534,8.8139125009864986e-05,4.1411546811054431e-05
2.8050539493560791,1790954207.3176711,0.0005741119384765625,0.085905105783160907,0.086515971021358926,-0.086655597361518469,0.02806489437206882,0.33527774930811072,0.0054977871437821386,0.057789999999999994,0.0058209999999999998,0.207313,3.0066088892405518,1.3207080982766293,3.0977848893647355,0.05776763113962928,0.0058204407143139167,0.20722774845078978,-0.24722363279952597,-0.08684847668888801,0.96505845288367098,0.01082218738607026,0.99566545138341334,0.092375262823143137,-0.96889801096172423,0.033281391471566606,-0.24521213945506534,8.8139125009864986e-05,4.1411546811054431e-05
2.8100278377532959,1790954207.3226449,0.00055003166198730469,0.085905105783160907,0.086515971021358926,-0.086655597361518469,0.02806489437206882,0.33527774930811072,0.0054977871437821386,0.057789999999999994,0.0058209999999999998,0.207313,3.0066088892405518,1.3207080982766293,3.0977848893647355,0.05776763113962928,0.0058204407143139167,0.20722774845078978,-0.24722363279952597,-0.08684847668888801,0.96505845288367098,0.01082218738607026,0.99566545138341334,0.092375262823143137,-0.96889801096172423,0.033281391471566606,-0.24521213945506534,8.8139125009864986e-05,4.1411546811054431e-05
2.8150529861450195,1790954207.3276701,0.00057506561279296875,0.085905105783160907,0.086515971021358926,-0.086655597361518469,0.02806489437206882,0.33527774930811072,0.0054977871437821386,0.057789999999999994,0.0058209999999999998,0.207313,3.0066088892405518,1.3207080982766293,3.0977848893647355,0.05776763113962928,0.0058204407143139167,0.20722774845078978,-0.24722363279952597,-0.08684847668888801,0.96505845288367098,0.01082218738607026,0.99566545138341334,0.092375262823143137,-0.96889801096172423,0.033281391471566606,-0.24521213945506534,8.8139125009864986e-05,4.1411546811054431e-05
2.8200278282165527,1790954207.3326449,0.00059986114501953125,0.085905105783160907,0.086515971021358926,-0.086655597361518469,0.02806489437206882,0.33527774930811072,0.0054977871437821386,0.057789999999999994,0.0058209999999999998,0.207313,3.0066088892405518,1.3207080982766293,3.0977848893647355,0.05776763113962928,0.0058204407143139167,0.20722774845078978,-0.24722363279952597,-0.08684847668888801,0.96505845288367098,0.01082218738607026,0.99566545138341334,0.092375262823143137,-0.96889801096172423,0.033281391471566606,-0.24521213945506534,8.8139125009864986e-05,4.1411546811054431e-05
2.8250529766082764,1790954207.3376701,0.00057506561279296875,0.085905105783160907,0.086515971021358926,-0.086655597361518469,0.02806489437206882,0.33527774930811072,0.0054977871437821386,0.057789999999999994,0.0058209999999999998,0.207313,3.0066088892405518,1.3207080982766293,3.0977848893647355,0.05776763113962928,0.0058204407143139167,0.20722774845078978,-0.24722363279952597,-0.08684847668888801,0.96505845288367098,0.01082218738607026,0.99566545138341334,0.092375262823143137,-0.96889801096172423,0.033281391471566606,-0.24521213945506534,8.8139125009864986e-05,4.1411546811054431e-05
2.8300549983978271,1790954207.3426721,0.00054407119750976562,0.085905105783160907,0.086515971021358926,-0.086655597361518469,0.02806489437206882,0.33527774930811072,0.0054977871437821386,0.057789999999999994,0.0058209999999999998,0.207313,3.0066088892405518,1.3207080982766293,3.0977848893647355,0.05776763113962928,0.0058204407143139167,0.20722774845078978,-0.24722363279952597,-0.08684847668888801,0.96505845288367098,0.01082218738607026,0.99566545138341334,0.092375262823143137,-0.96889801096172423,0.033281391471566606,-0.24521213945506534,8.8139125009864986e-05,4.1411546811054431e-05
2.8350539207458496,1790954207.347671,0.0005741119384765625,0.085905105783160907,0.086515971021358926,-0.086655597361518469,0.02806489437206882,0.33527774930811072,0.0054977871437821386,0.057789999999999994,0.0058209999999999998,0.207313,3.0066088892405518,1.3207080982766293,3.0977848893647355,0.05776763113962928,0.0058204407143139167,0.20722774845078978,-0.24722363279952597,-0.08684847668888801,0.96505845288367098,0.01082218738607026,0.99566545138341334,0.092375262823143137,-0.96889801096172423,0.033281391471566606,-0.24521213945506534,8.8139125009864986e-05,4.1411546811054431e-05
2.8400278091430664,1790954207.3526449,0.00054883956909179688,0.085905105783160907,0.086515971021358926,-0.086655597361518469,0.02806489437206882,0.33527774930811072,0.0054977871437821386,0.057789999999999994,0.0058209999999999998,0.207313,3.0066088892405518,1.3207080982766293,3.0977848893647355,0.05776763113962928,0.0058204407143139167,0.20722774845078978,-0.24722363279952597,-0.08684847668888801,0.96505845288367098,0.01082218738607026,0.99566545138341334,0.092375262823143137,-0.96889801096172423,0.033281391471566606,-0.24521213945506534,8.8139125009864986e-05,4.1411546811054431e-05
2.84505295753479,1790954207.3576701,0.00057506561279296875,0.085905105783160907,0.086515971021358926,-0.086655597361518469,0.02806489437206882,0.33527774930811072,0.0054977871437821386,0.057789999999999994,0.0058209999999999998,0.207313,3.0066088892405518,1.3207080982766293,3.0977848893647355,0.05776763113962928,0.0058204407143139167,0.20722774845078978,-0.24722363279952597,-0.08684847668888801,0.96505845288367098,0.01082218738607026,0.99566545138341334,0.092375262823143137,-0.96889801096172423,0.033281391471566606,-0.24521213945506534,8.8139125009864986e-05,4.1411546811054431e-05
2.8500277996063232,1790954207.3626449,0.000598907470703125,0.085905105783160907,0.086515971021358926,-0.086655597361518469,0.02806489437206882,0.33527774930811072,0.0054977871437821386,0.057789999999999994,0.0058209999999999998,0.207313,3.0066088892405518,1.3207080982766293,3.0977848893647355,0.05776763113962928,0.0058204407143139167,0.20722774845078978,-0.24722363279952597,-0.08684847668888801,0.96505845288367098,0.01082218738607026,0.99566545138341334,0.092375262823143137,-0.96889801096172423,0.033281391471566606,-0.24521213945506534,8.8139125009864986e-05,4.1411546811054431e-05
2.8550529479980469,1790954207.3676701,0.00057506561279296875,0.085905105783160907,0.086515971021358926,-0.086655597361518469,0.02806489437206882,0.33527774930811072,0.0054977871437821386,0.057789999999999994,0.0058209999999999998,0.207313,3.0066088892405518,1.3207080982766293,3.0977848893647355,0.05776763113962928,0.0058204407143139167,0.20722774845078978,-0.24722363279952597,-0.08684847668888801,0.96505845288367098,0.01082218738607026,0.99566545138341334,0.092375262823143137,-0.96889801096172423,0.033281391471566606,-0.24521213945506534,8.8139125009864986e-05,4.1411546811054431e-05
2.8600528240203857,1790954207.3726699,0.00057482719421386719,0.085905105783160907,0.086515971021358926,-0.086655597361518469,0.02806489437206882,0.33527774930811072,0.0054977871437821386,0.057789999999999994,0.0058209999999999998,0.207313,3.0066088892405518,1.3207080982766293,3.0977848893647355,0.05776763113962928,0.0058204407143139167,0.20722774845078978,-0.24722363279952597,-0.08684847668888801,0.96505845288367098,0.01082218738607026,0.99566545138341334,0.092375262823143137,-0.96889801096172423,0.033281391471566606,-0.24521213945506534,8.8139125009864986e-05,4.1411546811054431e-05
2.8650529384613037,1790954207.37767,0.00057506561279296875,0.085905105783160907,0.086515971021358926,-0.086655597361518469,0.02806489437206882,0.33527774930811072,0.0054977871437821386,0.057789999999999994,0.0058209999999999998,0.207313,3.0066088892405518,1.3207080982766293,3.0977848893647355,0.05776763113962928,0.0058204407143139167,0.20722774845078978,-0.24722363279952597,-0.08684847668888801,0.96505845288367098,0.01082218738607026,0.99566545138341334,0.092375262823143137,-0.96889801096172423,0.033281391471566606,-0.24521213945506534,8.8139125009864986e-05,4.1411546811054431e-05
2.8700277805328369,1790954207.3826449,0.00054979324340820312,0.085905105783160907,0.086515971021358926,-0.086655597361518469,0.02806489437206882,0.33527774930811072,0.0054977871437821386,0.057789999999999994,0.0058209999999999998,0.207313,3.0066088892405518,1.3207080982766293,3.0977848893647355,0.05776763113962928,0.0058204407143139167,0.20722774845078978,-0.24722363279952597,-0.08684847668888801,0.96505845288367098,0.01082218738607026,0.99566545138341334,0.092375262823143137,-0.96889801096172423,0.033281391471566606,-0.24521213945506534,8.8139125009864986e-05,4.1411546811054431e-05
2.8750529289245605,1790954207.38767,0.00057506561279296875,0.085905105783160907,0.086515971021358926,-0.086655597361518469,0.02806489437206882,0.33527774930811072,0.0054977871437821386,0.057789999999999994,0.0058209999999999998,0.207313,3.0066088892405518,1.3207080982766293,3.0977848893647355,0.05776763113962928,0.0058204407143139167,0.20722774845078978,-0.24722363279952597,-0.08684847668888801,0.96505845288367098,0.01082218738607026,0.99566545138341334,0.092375262823143137,-0.96889801096172423,0.033281391471566606,-0.24521213945506534,8.8139125009864986e-05,4.1411546811054431e-05
2.8800528049468994,1790954207.3926699,0.00057387351989746094,0.085905105783160907,0.086515971021358926,-0.086655597361518469,0.02806489437206882,0.33527774930811072,0.0054977871437821386,0.057789999999999994,0.0058209999999999998,0.207313,3.0066088892405518,1.3207080982766293,3.0977848893647355,0.05776763113962928,0.0058204407143139167,0.20722774845078978,-0.24722363279952597,-0.08684847668888801,0.96505845288367098,0.01082218738607026,0.99566545138341334,0.092375262823143137,-0.96889801096172423,0.033281391471566606,-0.24521213945506534,8.8139125009864986e-05,4.1411546811054431e-05
2.8850529193878174,1790954207.39767,0.0005741119384765625,0.085905105783160907,0.086515971021358926,-0.086655597361518469,0.02806489437206882,0.33527774930811072,0.0054977871437821386,0.057789999999999994,0.0058209999999999998,0.207313,3.0066088892405518,1.3207080982766293,3.0977848893647355,0.05776763113962928,0.0058204407143139167,0.20722774845078978,-0.24722363279952597,-0.08684847668888801,0.96505845288367098,0.01082218738607026,0.99566545138341334,0.092375262823143137,-0.96889801096172423,0.033281391471566606,-0.24521213945506534,8.8139125009864986e-05,4.1411546811054431e-05
2.8900279998779297,1790954207.4026451,0.00055003166198730469,0.085905105783160907,0.086515971021358926,-0.086655597361518469,0.02806489437206882,0.33527774930811072,0.0054977871437821386,0.057789999999999994,0.0058209999999999998,0.207313,3.0066088892405518,1.3207080982766293,3.0977848893647355,0.05776763113962928,0.0058204407143139167,0.20722774845078978,-0.24722363279952597,-0.08684847668888801,0.96505845288367098,0.01082218738607026,0.99566545138341334,0.092375262823143137,-0.96889801096172423,0.033281391471566606,-0.24521213945506534,8.8139125009864986e-05,4.1411546811054431e-05
2.8950538635253906,1790954207.407671,0.00057387351989746094,0.085905105783160907,0.086515971021358926,-0.086655597361518469,0.02806489437206882,0.33527774930811072,0.0054977871437821386,0.057789999999999994,0.0058209999999999998,0.207313,3.0066088892405518,1.3207080982766293,3.0977848893647355,0.05776763113962928,0.0058204407143139167,0.20722774845078978,-0.24722363279952597,-0.08684847668888801,0.96505845288367098,0.01082218738607026,0.99566545138341334,0.092375262823143137,-0.96889801096172423,0.033281391471566606,-0.24521213945506534,8.8139125009864986e-05,4.1411546811054431e-05
2.9000289440155029,1790954207.4126461,0.00054502487182617188,0.085905105783160907,0.086515971021358926,-0.086655597361518469,0.02806489437206882,0.33527774930811072,0.0054977871437821386,0.057789999999999994,0.0058209999999999998,0.207313,3.0066088892405518,1.3207080982766293,3.0977848893647355,0.05776763113962928,0.0058204407143139167,0.20722774845078978,-0.24722363279952597,-0.08684847668888801,0.96505845288367098,0.01082218738607026,0.99566545138341334,0.092375262823143137,-0.96889801096172423,0.033281391471566606,-0.24521213945506534,8.8139125009864986e-05,4.1411546811054431e-05
2.9050559997558594,1790954207.4176731,0.00056910514831542969,0.085905105783160907,0.086515971021358926,-0.086655597361518469,0.02806489437206882,0.33527774930811072,0.0054977871437821386,0.057789999999999994,0.0058209999999999998,0.207313,3.0066088892405518,1.3207080982766293,3.0977848893647355,0.05776763113962928,0.0058204407143139167,0.20722774845078978,-0.24722363279952597,-0.08684847668888801,0.96505845288367098,0.01082218738607026,0.99566545138341334,0.092375262823143137,-0.96889801096172423,0.033281391471566606,-0.24521213945506534,8.8139125009864986e-05,4.1411546811054431e-05
2.9100298881530762,1790954207.422647,0.000598907470703125,0.085905105783160907,0.086515971021358926,-0.086655597361518469,0.02806489437206882,0.33527774930811072,0.0054977871437821386,0.057789999999999994,0.0058209999999999998,0.207313,3.0066088892405518,1.3207080982766293,3.0977848893647355,0.05776763113962928,0.0058204407143139167,0.20722774845078978,-0.24722363279952597,-0.08684847668888801,0.96505845288367098,0.01082218738607026,0.99566545138341334,0.092375262823143137,-0.96889801096172423,0.033281391471566606,-0.24521213945506534,8.8139125009864986e-05,4.1411546811054431e-05
2.9150538444519043,1790954207.427671,0.00057506561279296875,0.085905105783160907,0.086515971021358926,-0.086655597361518469,0.02806489437206882,0.33527774930811072,0.0054977871437821386,0.057789999999999994,0.0058209999999999998,0.207313,3.0066088892405518,1.3207080982766293,3.0977848893647355,0.05776763113962928,0.0058204407143139167,0.20722774845078978,-0.24722363279952597,-0.08684847668888801,0.96505845288367098,0.01082218738607026,0.99566545138341334,0.092375262823143137,-0.96889801096172423,0.033281391471566606,-0.24521213945506534,8.8139125009864986e-05,4.1411546811054431e-05
2.9200289249420166,1790954207.432646,0.00054907798767089844,0.085905105783160907,0.086515971021358926,-0.086655597361518469,0.02806489437206882,0.33527774930811072,0.0054977871437821386,0.057789999999999994,0.0058209999999999998,0.207313,3.0066088892405518,1.3207080982766293,3.0977848893647355,0.05776763113962928,0.0058204407143139167,0.20722774845078978,-0.24722363279952597,-0.08684847668888801,0.96505845288367098,0.01082218738607026,0.99566545138341334,0.092375262823143137,-0.96889801096172423,0.033281391471566606,-0.24521213945506534,8.8139125009864986e-05,4.1411546811054431e-05
2.9250528812408447,1790954207.43767,0.00057291984558105469,0.085905105783160907,0.086515971021358926,-0.086655597361518469,0.02806489437206882,0.33527774930811072,0.0054977871437821386,0.057789999999999994,0.0058209999999999998,0.207313,3.0066088892405518,1.3207080982766293,3.0977848893647355,0.05776763113962928,0.0058204407143139167,0.20722774845078978,-0.24722363279952597,-0.08684847668888801,0.96505845288367098,0.01082218738607026,0.99566545138341334,0.092375262823143137,-0.96889801096172423,0.033281391471566606,-0.24521213945506534,8.8139125009864986e-05,4.1411546811054431e-05
2.9300289154052734,1790954207.442646,0.00055003166198730469,0.085905105783160907,0.086515971021358926,-0.086655597361518469,0.02806489437206882,0.33527774930811072,0.0054977871437821386,0.057789999999999994,0.0058209999999999998,0.207313,3.0066088892405518,1.3207080982766293,3.0977848893647355,0.05776763113962928,0.0058204407143139167,0.20722774845078978,-0.24722363279952597,-0.08684847668888801,0.96505845288367098,0.01082218738607026,0.99566545138341334,0.092375262823143137,-0.96889801096172423,0.033281391471566606,-0.24521213945506534,8.8139125009864986e-05,4.1411546811054431e-05
2.9350299835205078,1790954207.4476471,0.00055003166198730469,0.085905105783160907,0.086515971021358926,-0.086655597361518469,0.02806489437206882,0.33527774930811072,0.0054977871437821386,0.057789999999999994,0.0058209999999999998,0.207313,3.0066088892405518,1.3207080982766293,3.0977848893647355,0.05776763113962928,0.0058204407143139167,0.20722774845078978,-0.24722363279952597,-0.08684847668888801,0.96505845288367098,0.01082218738607026,0.99566545138341334,0.092375262823143137,-0.96889801096172423,0.033281391471566606,-0.24521213945506534,8.8139125009864986e-05,4.1411546811054431e-05
2.9400279521942139,1790954207.4526451,0.00042510032653808594,0.085905105783160907,0.086515971021358926,-0.086655597361518469,0.02806489437206882,0.33527774930811072,0.0054977871437821386,0.057789999999999994,0.0058209999999999998,0.207313,3.0066088892405518,1.3207080982766293,3.0977848893647355,0.05776763113962928,0.0058204407143139167,0.20722774845078978,-0.24722363279952597,-0.08684847668888801,0.96505845288367098,0.01082218738607026,0.99566545138341334,0.092375262823143137,-0.96889801096172423,0.033281391471566606,-0.24521213945506534,8.8139125009864986e-05,4.1411546811054431e-05
2.9450538158416748,1790954207.4576709,0.00057101249694824219,0.085905105783160907,0.086515971021358926,-0.086655597361518469,0.02806489437206882,0.33527774930811072,0.0054977871437821386,0.057789999999999994,0.0058209999999999998,0.207313,3.0066088892405518,1.3207080982766293,3.0977848893647355,0.05776763113962928,0.0058204407143139167,0.20722774845078978,-0.24722363279952597,-0.08684847668888801,0.96505845288367098,0.01082218738607026,0.99566545138341334,0.092375262823143137,-0.96889801096172423,0.033281391471566606,-0.24521213945506534,8.8139125009864986e-05,4.1411546811054431e-05
2.9500288963317871,1790954207.462646,0.00059604644775390625,0.085905105783160907,0.086515971021358926,-0.086655597361518469,0.02806489437206882,0.33527774930811072,0.0054977871437821386,0.057789999999999994,0.0058209999999999998,0.207313,3.0066088892405518,1.3207080982766293,3.0977848893647355,0.05776763113962928,0.0058204407143139167,0.20722774845078978,-0.24722363279952597,-0.08684847668888801,0.96505845288367098,0.01082218738607026,0.99566545138341334,0.092375262823143137,-0.96889801096172423,0.033281391471566606,-0.24521213945506534,8.8139125009864986e-05,4.1411546811054431e-05
2.95505690574646,1790954207.467674,0.000576019287109375,0.085905105783160907,0.086515971021358926,-0.086655597361518469,0.02806489437206882,0.33527774930811072,0.0054977871437821386,0.057789999999999994,0.0058209999999999998,0.207313,3.0066088892405518,1.3207080982766293,3.0977848893647355,0.05776763113962928,0.0058204407143139167,0.20722774845078978,-0.24722363279952597,-0.08684847668888801,0.96505845288367098,0.01082218738607026,0.99566545138341334,0.092375262823143137,-0.96889801096172423,0.033281391471566606,-0.24521213945506534,8.8139125009864986e-05,4.1411546811054431e-05
2.9600279331207275,1790954207.472645,0.00059914588928222656,0.085905105783160907,0.086515971021358926,-0.086655597361518469,0.02806489437206882,0.33527774930811072,0.0054977871437821386,0.057789999999999994,0.0058209999999999998,0.207313,3.0066088892405518,1.3207080982766293,3.0977848893647355,0.05776763113962928,0.0058204407143139167,0.20722774845078978,-0.24722363279952597,-0.08684847668888801,0.96505845288367098,0.01082218738607026,0.99566545138341334,0.092375262823143137,-0.96889801096172423,0.033281391471566606,-0.24521213945506534,8.8139125009864986e-05,4.1411546811054431e-05
2.965054988861084,1790954207.4776721,0.000576019287109375,0.085905105783160907,0.086515971021358926,-0.086655597361518469,0.02806489437206882,0.33527774930811072,0.0054977871437821386,0.057789999999999994,0.0058209999999999998,0.207313,3.0066088892405518,1.3207080982766293,3.0977848893647355,0.05776763113962928,0.0058204407143139167,0.20722774845078978,-0.24722363279952597,-0.08684847668888801,0.96505845288367098,0.01082218738607026,0.99566545138341334,0.092375262823143137,-0.96889801096172423,0.033281391471566606,-0.24521213945506534,8.8139125009864986e-05,4.1411546811054431e-05
2.9700288772583008,1790954207.482646,0.00059604644775390625,0.085905105783160907,0.086515971021358926,-0.086655597361518469,0.02806489437206882,0.33527774930811072,0.0054977871437821386,0.057789999999999994,0.0058209999999999998,0.207313,3.0066088892405518,1.3207080982766293,3.0977848893647355,0.05776763113962928,0.0058204407143139167,0.20722774845078978,-0.24722363279952597,-0.08684847668888801,0.96505845288367098,0.01082218738607026,0.99566545138341334,0.092375262823143137,-0.96889801096172423,0.033281391471566606,-0.24521213945506534,8.8139125009864986e-05,4.1411546811054431e-05
2.9750537872314453,1790954207.4876709,0.00057387351989746094,0.085905105783160907,0.086515971021358926,-0.086655597361518469,0.02806489437206882,0.33527774930811072,0.0054977871437821386,0.057789999999999994,0.0058209999999999998,0.207313,3.0066088892405518,1.3207080982766293,3.0977848893647355,0.05776763113962928,0.0058204407143139167,0.20722774845078978,-0.24722363279952597,-0.08684847668888801,0.96505845288367098,0.01082218738607026,0.99566545138341334,0.092375262823143137,-0.96889801096172423,0.033281391471566606,-0.24521213945506534,8.8139125009864986e-05,4.1411546811054431e-05
2.9800279140472412,1790954207.492645,0.00058698654174804688,0.085905105783160907,0.086515971021358926,-0.086655597361518469,0.02806489437206882,0.33527774930811072,0.0054977871437821386,0.057789999999999994,0.0058209999999999998,0.207313,3.0066088892405518,1.3207080982766293,3.0977848893647355,0.05776763113962928,0.0058204407143139167,0.20722774845078978,-0.24722363279952597,-0.08684847668888801,0.96505845288367098,0.01082218738607026,0.99566545138341334,0.092375262823143137,-0.96889801096172423,0.033281391471566606,-0.24521213945506534,8.8139125009864986e-05,4.1411546811054431e-05
2.9850578308105469,1790954207.4976749,0.00057697296142578125,0.085905105783160907,0.086515971021358926,-0.086655597361518469,0.02806489437206882,0.33527774930811072,0.0054977871437821386,0.057789999999999994,0.0058209999999999998,0.207313,3.0066088892405518,1.3207080982766293,3.0977848893647355,0.05776763113962928,0.0058204407143139167,0.20722774845078978,-0.24722363279952597,-0.08684847668888801,0.96505845288367098,0.01082218738607026,0.99566545138341334,0.092375262823143137,-0.96889801096172423,0.033281391471566606,-0.24521213945506534,8.8139125009864986e-05,4.1411546811054431e-05
2.9900288581848145,1790954207.502646,0.00054907798767089844,0.085905105783160907,0.086515971021358926,-0.086655597361518469,0.02806489437206882,0.33527774930811072,0.0054977871437821386,0.057789999999999994,0.0058209999999999998,0.207313,3.0066088892405518,1.3207080982766293,3.0977848893647355,0.05776763113962928,0.0058204407143139167,0.20722774845078978,-0.24722363279952597,-0.08684847668888801,0.96505845288367098,0.01082218738607026,0.99566545138341334,0.092375262823143137,-0.96889801096172423,0.033281391471566606,-0.24521213945506534,8.8139125009864986e-05,4.1411546811054431e-05
2.9950540065765381,1790954207.5076711,0.00057506561279296875,0.085905105783160907,0.086515971021358926,-0.086655597361518469,0.02806489437206882,0.33527774930811072,0.0054977871437821386,0.057789999999999994,0.0058209999999999998,0.207313,3.0066088892405518,1.3207080982766293,3.0977848893647355,0.05776763113962928,0.0058204407143139167,0.20722774845078978,-0.24722363279952597,-0.08684847668888801,0.96505845288367098,0.01082218738607026,0.99566545138341334,0.092375262823143137,-0.96889801096172423,0.033281391471566606,-0.24521213945506534,8.8139125009864986e-05,4.1411546811054431e-05
3.0000278949737549,1790954207.512645,0.00054907798767089844,0.085905105783160907,0.086515971021358926,-0.086655597361518469,0.02806489437206882,0.33527774930811072,0.0054977871437821386,0.057789999999999994,0.0058209999999999998,0.207313,3.0066088892405518,1.3207080982766293,3.0977848893647355,0.05776763113962928,0.0058204407143139167,0.20722774845078978,-0.24722363279952597,-0.08684847668888801,0.96505845288367098,0.01082218738607026,0.99566545138341334,0.092375262823143137,-0.96889801096172423,0.033281391471566606,-0.24521213945506534,8.8139125009864986e-05,4.1411546811054431e-05
3.0050539970397949,1790954207.5176711,0.00057506561279296875,0.085905105783160907,0.086515971021358926,-0.086655597361518469,0.02806489437206882,0.33527774930811072,0.0054977871437821386,0.057789999999999994,0.0058209999999999998,0.207313,3.0066088892405518,1.3207080982766293,3.0977848893647355,0.05776763113962928,0.0058204407143139167,0.20722774845078978,-0.24722363279952597,-0.08684847668888801,0.96505845288367098,0.01082218738607026,0.99566545138341334,0.092375262823143137,-0.96889801096172423,0.033281391471566606,-0.24521213945506534,8.8139125009864986e-05,4.1411546811054431e-05
3.0100297927856445,1790954207.5226469,0.00059795379638671875,0.085905105783160907,0.086515971021358926,-0.086655597361518469,0.02806489437206882,0.33527774930811072,0.0054977871437821386,0.057789999999999994,0.0058209999999999998,0.207313,3.0066088892405518,1.3207080982766293,3.0977848893647355,0.05776763113962928,0.0058204407143139167,0.20722774845078978,-0.24722363279952597,-0.08684847668888801,0.96505845288367098,0.01082218738607026,0.99566545138341334,0.092375262823143137,-0.96889801096172423,0.033281391471566606,-0.24521213945506534,8.8139125009864986e-05,4.1411546811054431e-05
3.0150527954101562,1790954207.5276699,0.00057387351989746094,0.085905105783160907,0.086515971021358926,-0.086655597361518469,0.02806489437206882,0.33527774930811072,0.0054977871437821386,0.057789999999999994,0.0058209999999999998,0.207313,3.0066088892405518,1.3207080982766293,3.0977848893647355,0.05776763113962928,0.0058204407143139167,0.20722774845078978,-0.24722363279952597,-0.08684847668888801,0.96505845288367098,0.01082218738607026,0.99566545138341334,0.092375262823143137,-0.96889801096172423,0.033281391471566606,-0.24521213945506534,8.8139125009864986e-05,4.1411546811054431e-05
3.0200297832489014,1790954207.5326469,0.0006008148193359375,0.085905105783160907,0.086515971021358926,-0.086655597361518469,0.02806489437206882,0.33527774930811072,0.0054977871437821386,0.057789999999999994,0.0058209999999999998,0.207313,3.0066088892405518,1.3207080982766293,3.0977848893647355,0.05776763113962928,0.0058204407143139167,0.20722774845078978,-0.24722363279952597,-0.08684847668888801,0.96505845288367098,0.01082218738607026,0.99566545138341334,0.092375262823143137,-0.96889801096172423,0.033281391471566606,-0.24521213945506534,8.8139125009864986e-05,4.1411546811054431e-05
3.0250558853149414,1790954207.537673,0.000576019287109375,0.085905105783160907,0.086515971021358926,-0.086655597361518469,0.02806489437206882,0.33527774930811072,0.0054977871437821386,0.057789999999999994,0.0058209999999999998,0.207313,3.0066088892405518,1.3207080982766293,3.0977848893647355,0.05776763113962928,0.0058204407143139167,0.20722774845078978,-0.24722363279952597,-0.08684847668888801,0.96505845288367098,0.01082218738607026,0.99566545138341334,0.092375262823143137,-0.96889801096172423,0.033281391471566606,-0.24521213945506534,8.8139125009864986e-05,4.1411546811054431e-05
3.0300278663635254,1790954207.542645,0.00054907798767089844,0.085905105783160907,0.086515971021358926,-0.086655597361518469,0.02806489437206882,0.33527774930811072,0.0054977871437821386,0.057789999999999994,0.0058209999999999998,0.207313,3.0066088892405518,1.3207080982766293,3.0977848893647355,0.05776763113962928,0.0058204407143139167,0.20722774845078978,-0.24722363279952597,-0.08684847668888801,0.96505845288367098,0.01082218738607026,0.99566545138341334,0.092375262823143137,-0.96889801096172423,0.033281391471566606,-0.24521213945506534,8.8139125009864986e-05,4.1411546811054431e-05
3.0350539684295654,1790954207.5476711,0.000576019287109375,0.085905105783160907,0.086515971021358926,-0.086655597361518469,0.02806489437206882,0.33527774930811072,0.0054977871437821386,0.057789999999999994,0.0058209999999999998,0.207313,3.0066088892405518,1.3207080982766293,3.0977848893647355,0.05776763113962928,0.0058204407143139167,0.20722774845078978,-0.24722363279952597,-0.08684847668888801,0.96505845288367098,0.01082218738607026,0.99566545138341334,0.092375262823143137,-0.96889801096172423,0.033281391471566606,-0.24521213945506534,8.8139125009864986e-05,4.1411546811054431e-05
3.0400288105010986,1790954207.5526459,0.00055098533630371094,0.085905105783160907,0.086515971021358926,-0.086655597361518469,0.02806489437206882,0.33527774930811072,0.0054977871437821386,0.057789999999999994,0.0058209999999999998,0.207313,3.0066088892405518,1.3207080982766293,3.0977848893647355,0.05776763113962928,0.0058204407143139167,0.20722774845078978,-0.24722363279952597,-0.08684847668888801,0.96505845288367098,0.01082218738607026,0.99566545138341334,0.092375262823143137,-0.96889801096172423,0.033281391471566606,-0.24521213945506534,8.8139125009864986e-05,4.1411546811054431e-05
3.0450530052185059,1790954207.5576701,0.0005741119384765625,0.085905105783160907,0.086515971021358926,-0.086655597361518469,0.02806489437206882,0.33527774930811072,0.0054977871437821386,0.057789999999999994,0.0058209999999999998,0.207313,3.0066088892405518,1.3207080982766293,3.0977848893647355,0.05776763113962928,0.0058204407143139167,0.20722774845078978,-0.24722363279952597,-0.08684847668888801,0.96505845288367098,0.01082218738607026,0.99566545138341334,0.092375262823143137,-0.96889801096172423,0.033281391471566606,-0.24521213945506534,8.8139125009864986e-05,4.1411546811054431e-05
3.050029993057251,1790954207.5626471,0.00059819221496582031,0.085905105783160907,0.086515971021358926,-0.086655597361518469,0.02806489437206882,0.33527774930811072,0.0054977871437821386,0.057789999999999994,0.0058209999999999998,0.207313,3.0066088892405518,1.3207080982766293,3.0977848893647355,0.05776763113962928,0.0058204407143139167,0.20722774845078978,-0.24722363279952597,-0.08684847668888801,0.96505845288367098,0.01082218738607026,0.99566545138341334,0.092375262823143137,-0.96889801096172423,0.033281391471566606,-0.24521213945506534,8.8139125009864986e-05,4.1411546811054431e-05
3.0550539493560791,1790954207.5676711,0.00057315826416015625,0.085905105783160907,0.086515971021358926,-0.086655597361518469,0.02806489437206882,0.33527774930811072,0.0054977871437821386,0.057789999999999994,0.0058209999999999998,0.207313,3.0066088892405518,1.3207080982766293,3.0977848893647355,0.05776763113962928,0.0058204407143139167,0.20722774845078978,-0.24722363279952597,-0.08684847668888801,0.96505845288367098,0.01082218738607026,0.99566545138341334,0.092375262823143137,-0.96889801096172423,0.033281391471566606,-0.24521213945506534,8.8139125009864986e-05,4.1411546811054431e-05
3.0600299835205078,1790954207.5726471,0.00059914588928222656,0.085905105783160907,0.086515971021358926,-0.086655597361518469,0.02806489437206882,0.33527774930811072,0.0054977871437821386,0.057789999999999994,0.0058209999999999998,0.207313,3.0066088892405518,1.3207080982766293,3.0977848893647355,0.05776763113962928,0.0058204407143139167,0.20722774845078978,-0.24722363279952597,-0.08684847668888801,0.96505845288367098,0.01082218738607026,0.99566545138341334,0.092375262823143137,-0.96889801096172423,0.033281391471566606,-0.24521213945506534,8.8139125009864986e-05,4.1411546811054431e-05
3.0650548934936523,1790954207.577672,0.00057506561279296875,0.085905105783160907,0.086515971021358926,-0.086655597361518469,0.02806489437206882,0.33527774930811072,0.0054977871437821386,0.057789999999999994,0.0058209999999999998,0.207313,3.0066088892405518,1.3207080982766293,3.0977848893647355,0.05776763113962928,0.0058204407143139167,0.20722774845078978,-0.24722363279952597,-0.08684847668888801,0.96505845288367098,0.01082218738607026,0.99566545138341334,0.092375262823143137,-0.96889801096172423,0.033281391471566606,-0.24521213945506534,8.8139125009864986e-05,4.1411546811054431e-05
3.0700550079345703,1790954207.5826721,0.00055623054504394531,0.085905105783160907,0.086515971021358926,-0.086655597361518469,0.02806489437206882,0.33527774930811072,0.0054977871437821386,0.057789999999999994,0.0058209999999999998,0.207313,3.0066088892405518,1.3207080982766293,3.0977848893647355,0.05776763113962928,0.0058204407143139167,0.20722774845078978,-0.24722363279952597,-0.08684847668888801,0.96505845288367098,0.01082218738607026,0.99566545138341334,0.092375262823143137,-0.96889801096172423,0.033281391471566606,-0.24521213945506534,8.8139125009864986e-05,4.1411546811054431e-05
3.0750548839569092,1790954207.587672,0.00057506561279296875,0.085905105783160907,0.086515971021358926,-0.086655597361518469,0.02806489437206882,0.33527774930811072,0.0054977871437821386,0.057789999999999994,0.0058209999999999998,0.207313,3.0066088892405518,1.3207080982766293,3.0977848893647355,0.05776763113962928,0.0058204407143139167,0.20722774845078978,-0.24722363279952597,-0.08684847668888801,0.96505845288367098,0.01082218738607026,0.99566545138341334,0.092375262823143137,-0.96889801096172423,0.033281391471566606,-0.24521213945506534,8.8139125009864986e-05,4.1411546811054431e-05
3.0800299644470215,1790954207.5926471,0.00060009956359863281,0.085905105783160907,0.086515971021358926,-0.086655597361518469,0.02806489437206882,0.33527774930811072,0.0054977871437821386,0.057789999999999994,0.0058209999999999998,0.207313,3.0066088892405518,1.3207080982766293,3.0977848893647355,0.05776763113962928,0.0058204407143139167,0.20722774845078978,-0.24722363279952597,-0.08684847668888801,0.96505845288367098,0.01082218738607026,0.99566545138341334,0.092375262823143137,-0.96889801096172423,0.033281391471566606,-0.24521213945506534,8.8139125009864986e-05,4.1411546811054431e-05
3.0850539207458496,1790954207.597671,0.0005741119384765625,0.085905105783160907,0.086515971021358926,-0.086655597361518469,0.02806489437206882,0.33527774930811072,0.0054977871437821386,0.057789999999999994,0.0058209999999999998,0.207313,3.0066088892405518,1.3207080982766293,3.0977848893647355,0.05776763113962928,0.0058204407143139167,0.20722774845078978,-0.24722363279952597,-0.08684847668888801,0.96505845288367098,0.01082218738607026,0.99566545138341334,0.092375262823143137,-0.96889801096172423,0.033281391471566606,-0.24521213945506534,8.8139125009864986e-05,4.1411546811054431e-05
3.0900318622589111,1790954207.602649,0.00054907798767089844,0.085905105783160907,0.086515971021358926,-0.086655597361518469,0.02806489437206882,0.33527774930811072,0.0054977871437821386,0.057789999999999994,0.0058209999999999998,0.207313,3.0066088892405518,1.3207080982766293,3.0977848893647355,0.05776763113962928,0.0058204407143139167,0.20722774845078978,-0.24722363279952597,-0.08684847668888801,0.96505845288367098,0.01082218738607026,0.99566545138341334,0.092375262823143137,-0.96889801096172423,0.033281391471566606,-0.24521213945506534,8.8139125009864986e-05,4.1411546811054431e-05
3.0950548648834229,1790954207.607672,0.00057291984558105469,0.085905105783160907,0.086515971021358926,-0.086655597361518469,0.02806489437206882,0.33527774930811072,0.0054977871437821386,0.057789999999999994,0.0058209999999999998,0.207313,3.0066088892405518,1.3207080982766293,3.0977848893647355,0.05776763113962928,0.0058204407143139167,0.20722774845078978,-0.24722363279952597,-0.08684847668888801,0.96505845288367098,0.01082218738607026,0.99566545138341334,0.092375262823143137,-0.96889801096172423,0.033281391471566606,-0.24521213945506534,8.8139125009864986e-05,4.1411546811054431e-05
3.1000299453735352,1790954207.6126471,0.00055003166198730469,0.085905105783160907,0.086515971021358926,-0.086655597361518469,0.02806489437206882,0.33527774930811072,0.0054977871437821386,0.057789999999999994,0.0058209999999999998,0.207313,3.0066088892405518,1.3207080982766293,3.0977848893647355,0.05776763113962928,0.0058204407143139167,0.20722774845078978,-0.24722363279952597,-0.08684847668888801,0.96505845288367098,0.01082218738607026,0.99566545138341334,0.092375262823143137,-0.96889801096172423,0.033281391471566606,-0.24521213945506534,8.8139125009864986e-05,4.1411546811054431e-05
3.1050548553466797,1790954207.617672,0.00057506561279296875,0.085905105783160907,0.086515971021358926,-0.086655597361518469,0.02806489437206882,0.33527774930811072,0.0054977871437821386,0.057789999999999994,0.0058209999999999998,0.207313,3.0066088892405518,1.3207080982766293,3.0977848893647355,0.05776763113962928,0.0058204407143139167,0.20722774845078978,-0.24722363279952597,-0.08684847668888801,0.96505845288367098,0.01082218738607026,0.99566545138341334,0.092375262823143137,-0.96889801096172423,0.033281391471566606,-0.24521213945506534,8.8139125009864986e-05,4.1411546811054431e-05
3.110029935836792,1790954207.622647,0.00060009956359863281,0.085905105783160907,0.086515971021358926,-0.086655597361518469,0.02806489437206882,0.33527774930811072,0.0054977871437821386,0.057789999999999994,0.0058209999999999998,0.207313,3.0066088892405518,1.3207080982766293,3.0977848893647355,0.05776763113962928,0.0058204407143139167,0.20722774845078978,-0.24722363279952597,-0.08684847668888801,0.96505845288367098,0.01082218738607026,0.99566545138341334,0.092375262823143137,-0.96889801096172423,0.033281391471566606,-0.24521213945506534,8.8139125009864986e-05,4.1411546811054431e-05
3.1150557994842529,1790954207.6276729,0.00057387351989746094,0.085905105783160907,0.086515971021358926,-0.086655597361518469,0.02806489437206882,0.33527774930811072,0.0054977871437821386,0.057789999999999994,0.0058209999999999998,0.207313,3.0066088892405518,1.3207080982766293,3.0977848893647355,0.05776763113962928,0.0058204407143139167,0.20722774845078978,-0.24722363279952597,-0.08684847668888801,0.96505845288367098,0.01082218738607026,0.99566545138341334,0.092375262823143137,-0.96889801096172423,0.033281391471566606,-0.24521213945506534,8.8139125009864986e-05,4.1411546811054431e-05
3.1200299263000488,1790954207.632647,0.00060009956359863281,0.085905105783160907,0.086515971021358926,-0.086655597361518469,0.02806489437206882,0.33527774930811072,0.0054977871437821386,0.057789999999999994,0.0058209999999999998,0.207313,3.0066088892405518,1.3207080982766293,3.0977848893647355,0.05776763113962928,0.0058204407143139167,0.20722774845078978,-0.24722363279952597,-0.08684847668888801,0.96505845288367098,0.01082218738607026,0.99566545138341334,0.092375262823143137,-0.96889801096172423,0.033281391471566606,-0.24521213945506534,8.8139125009864986e-05,4.1411546811054431e-05
3.1250548362731934,1790954207.6376719,0.000576019287109375,0.085905105783160907,0.086515971021358926,-0.086655597361518469,0.02806489437206882,0.33527774930811072,0.0054977871437821386,0.057789999999999994,0.0058209999999999998,0.207313,3.0066088892405518,1.3207080982766293,3.0977848893647355,0.05776763113962928,0.0058204407143139167,0.20722774845078978,-0.24722363279952597,-0.08684847668888801,0.96505845288367098,0.01082218738607026,0.99566545138341334,0.092375262823143137,-0.96889801096172423,0.033281391471566606,-0.24521213945506534,8.8139125009864986e-05,4.1411546811054431e-05
3.1300289630889893,1790954207.6426461,0.00059914588928222656,0.085905105783160907,0.086515971021358926,-0.086655597361518469,0.02806489437206882,0.33527774930811072,0.0054977871437821386,0.057789999999999994,0.0058209999999999998,0.207313,3.0066088892405518,1.3207080982766293,3.0977848893647355,0.05776763113962928,0.0058204407143139167,0.20722774845078978,-0.24722363279952597,-0.08684847668888801,0.96505845288367098,0.01082218738607026,0.99566545138341334,0.092375262823143137,-0.96889801096172423,0.033281391471566606,-0.24521213945506534,8.8139125009864986e-05,4.1411546811054431e-05
3.1350548267364502,1790954207.6476719,0.00057482719421386719,0.085905105783160907,0.086515971021358926,-0.086655597361518469,0.02806489437206882,0.33527774930811072,0.0054977871437821386,0.057789999999999994,0.0058209999999999998,0.207313,3.0066088892405518,1.3207080982766293,3.0977848893647355,0.05776763113962928,0.0058204407143139167,0.20722774845078978,-0.24722363279952597,-0.08684847668888801,0.96505845288367098,0.01082218738607026,0.99566545138341334,0.092375262823143137,-0.96889801096172423,0.033281391471566606,-0.24521213945506534,8.8139125009864986e-05,4.1411546811054431e-05
3.1400289535522461,1790954207.6526461,0.00054907798767089844,0.085905105783160907,0.086515971021358926,-0.086655597361518469,0.02806489437206882,0.33527774930811072,0.0054977871437821386,0.057789999999999994,0.0058209999999999998,0.207313,3.0066088892405518,1.3207080982766293,3.0977848893647355,0.05776763113962928,0.0058204407143139167,0.20722774845078978,-0.24722363279952597,-0.08684847668888801,0.96505845288367098,0.01082218738607026,0.99566545138341334,0.092375262823143137,-0.96889801096172423,0.033281391471566606,-0.24521213945506534,8.8139125009864986e-05,4.1411546811054431e-05
3.1450538635253906,1790954207.657671,0.00057291984558105469,0.085905105783160907,0.086515971021358926,-0.086655597361518469,0.02806489437206882,0.33527774930811072,0.0054977871437821386,0.057789999999999994,0.0058209999999999998,0.207313,3.0066088892405518,1.3207080982766293,3.0977848893647355,0.05776763113962928,0.0058204407143139167,0.20722774845078978,-0.24722363279952597,-0.08684847668888801,0.96505845288367098,0.01082218738607026,0.99566545138341334,0.092375262823143137,-0.96889801096172423,0.033281391471566606,-0.24521213945506534,8.8139125009864986e-05,4.1411546811054431e-05
3.1500298976898193,1790954207.662647,0.0005359649658203125,0.085905105783160907,0.086515971021358926,-0.086655597361518469,0.02806489437206882,0.33527774930811072,0.0054977871437821386,0.057789999999999994,0.0058209999999999998,0.207313,3.0066088892405518,1.3207080982766293,3.0977848893647355,0.05776763113962928,0.0058204407143139167,0.20722774845078978,-0.24722363279952597,-0.08684847668888801,0.96505845288367098,0.01082218738607026,0.99566545138341334,0.092375262823143137,-0.96889801096172423,0.033281391471566606,-0.24521213945506534,8.8139125009864986e-05,4.1411546811054431e-05
3.1550548076629639,1790954207.6676719,0.000576019287109375,0.085905105783160907,0.086515971021358926,-0.086655597361518469,0.02806489437206882,0.33527774930811072,0.0054977871437821386,0.057789999999999994,0.0058209999999999998,0.207313,3.0066088892405518,1.3207080982766293,3.0977848893647355,0.05776763113962928,0.0058204407143139167,0.20722774845078978,-0.24722363279952597,-0.08684847668888801,0.96505845288367098,0.01082218738607026,0.99566545138341334,0.092375262823143137,-0.96889801096172423,0.033281391471566606,-0.24521213945506534,8.8139125009864986e-05,4.1411546811054431e-05
3.1600279808044434,1790954207.6726451,0.00059914588928222656,0.085905105783160907,0.086515971021358926,-0.086655597361518469,0.02806489437206882,0.33527774930811072,0.0054977871437821386,0.057789999999999994,0.0058209999999999998,0.207313,3.0066088892405518,1.3207080982766293,3.0977848893647355,0.05776763113962928,0.0058204407143139167,0.20722774845078978,-0.24722363279952597,-0.08684847668888801,0.96505845288367098,0.01082218738607026,0.99566545138341334,0.092375262823143137,-0.96889801096172423,0.033281391471566606,-0.24521213945506534,8.8139125009864986e-05,4.1411546811054431e-05
3.1650528907775879,1790954207.67767,0.0005741119384765625,0.085905105783160907,0.086515971021358926,-0.086655597361518469,0.02806489437206882,0.33527774930811072,0.0054977871437821386,0.057789999999999994,0.0058209999999999998,0.207313,3.0066088892405518,1.3207080982766293,3.0977848893647355,0.05776763113962928,0.0058204407143139167,0.20722774845078978,-0.24722363279952597,-0.08684847668888801,0.96505845288367098,0.01082218738607026,0.99566545138341334,0.092375262823143137,-0.96889801096172423,0.033281391471566606,-0.24521213945506534,8.8139125009864986e-05,4.1411546811054431e-05
3.170029878616333,1790954207.682647,0.00060009956359863281,0.085905105783160907,0.086515971021358926,-0.086655597361518469,0.02806489437206882,0.33527774930811072,0.0054977871437821386,0.057789999999999994,0.0058209999999999998,0.207313,3.0066088892405518,1.3207080982766293,3.0977848893647355,0.05776763113962928,0.0058204407143139167,0.20722774845078978,-0.24722363279952597,-0.08684847668888801,0.96505845288367098,0.01082218738607026,0.99566545138341334,0.092375262823143137,-0.96889801096172423,0.033281391471566606,-0.24521213945506534,8.8139125009864986e-05,4.1411546811054431e-05
3.1750588417053223,1790954207.687676,0.00058102607727050781,0.085905105783160907,0.086515971021358926,-0.086655597361518469,0.02806489437206882,0.33527774930811072,0.0054977871437821386,0.057789999999999994,0.0058209999999999998,0.207313,3.0066088892405518,1.3207080982766293,3.0977848893647355,0.05776763113962928,0.0058204407143139167,0.20722774845078978,-0.24722363279952597,-0.08684847668888801,0.96505845288367098,0.01082218738607026,0.99566545138341334,0.092375262823143137,-0.96889801096172423,0.033281391471566606,-0.24521213945506534,8.8139125009864986e-05,4.1411546811054431e-05
3.1800298690795898,1790954207.692647,0.00054907798767089844,0.085905105783160907,0.086515971021358926,-0.086655597361518469,0.02806489437206882,0.33527774930811072,0.0054977871437821386,0.057789999999999994,0.0058209999999999998,0.207313,3.0066088892405518,1.3207080982766293,3.0977848893647355,0.05776763113962928,0.0058204407143139167,0.20722774845078978,-0.24722363279952597,-0.08684847668888801,0.96505845288367098,0.01082218738607026,0.99566545138341334,0.092375262823143137,-0.96889801096172423,0.033281391471566606,-0.24521213945506534,8.8139125009864986e-05,4.1411546811054431e-05
3.1850559711456299,1790954207.6976731,0.00057196617126464844,0.085905105783160907,0.086515971021358926,-0.086655597361518469,0.02806489437206882,0.33527774930811072,0.0054977871437821386,0.057789999999999994,0.0058209999999999998,0.207313,3.0066088892405518,1.3207080982766293,3.0977848893647355,0.05776763113962928,0.0058204407143139167,0.20722774845078978,-0.24722363279952597,-0.08684847668888801,0.96505845288367098,0.01082218738607026,0.99566545138341334,0.092375262823143137,-0.96889801096172423,0.033281391471566606,-0.24521213945506534,8.8139125009864986e-05,4.1411546811054431e-05
3.1900298595428467,1790954207.702647,0.00059986114501953125,0.085905105783160907,0.086515971021358926,-0.086655597361518469,0.02806489437206882,0.33527774930811072,0.0054977871437821386,0.057789999999999994,0.0058209999999999998,0.207313,3.0066088892405518,1.3207080982766293,3.0977848893647355,0.05776763113962928,0.0058204407143139167,0.20722774845078978,-0.24722363279952597,-0.08684847668888801,0.96505845288367098,0.01082218738607026,0.99566545138341334,0.092375262823143137,-0.96889801096172423,0.033281391471566606,-0.24521213945506534,8.8139125009864986e-05,4.1411546811054431e-05
3.1950550079345703,1790954207.7076721,0.00057506561279296875,0.085905105783160907,0.086515971021358926,-0.086655597361518469,0.02806489437206882,0.33527774930811072,0.0054977871437821386,0.057789999999999994,0.0058209999999999998,0.207313,3.0066088892405518,1.3207080982766293,3.0977848893647355,0.05776763113962928,0.0058204407143139167,0.20722774845078978,-0.24722363279952597,-0.08684847668888801,0.96505845288367098,0.01082218738607026,0.99566545138341334,0.092375262823143137,-0.96889801096172423,0.033281391471566606,-0.24521213945506534,8.8139125009864986e-05,4.1411546811054431e-05
3.2000539302825928,1790954207.712671,0.0005340576171875,0.085905105783160907,0.086515971021358926,-0.086655597361518469,0.02806489437206882,0.33527774930811072,0.0054977871437821386,0.057789999999999994,0.0058209999999999998,0.207313,3.0066088892405518,1.3207080982766293,3.0977848893647355,0.05776763113962928,0.0058204407143139167,0.20722774845078978,-0.24722363279952597,-0.08684847668888801,0.96505845288367098,0.01082218738607026,0.99566545138341334,0.092375262823143137,-0.96889801096172423,0.033281391471566606,-0.24521213945506534,8.8139125009864986e-05,4.1411546811054431e-05
3.2050538063049316,1790954207.7176709,0.00057482719421386719,0.085905105783160907,0.086515971021358926,-0.086655597361518469,0.02806489437206882,0.33527774930811072,0.0054977871437821386,0.057789999999999994,0.0058209999999999998,0.207313,3.0066088892405518,1.3207080982766293,3.0977848893647355,0.05776763113962928,0.0058204407143139167,0.20722774845078978,-0.24722363279952597,-0.08684847668888801,0.96505845288367098,0.01082218738607026,0.99566545138341334,0.092375262823143137,-0.96889801096172423,0.033281391471566606,-0.24521213945506534,8.8139125009864986e-05,4.1411546811054431e-05
3.2100539207458496,1790954207.722671,0.0005741119384765625,0.085905105783160907,0.086515971021358926,-0.086655597361518469,0.02806489437206882,0.33527774930811072,0.0054977871437821386,0.057789999999999994,0.0058209999999999998,0.207313,3.0066088892405518,1.3207080982766293,3.0977848893647355,0.05776763113962928,0.0058204407143139167,0.20722774845078978,-0.24722363279952597,-0.08684847668888801,0.96505845288367098,0.01082218738607026,0.99566545138341334,0.092375262823143137,-0.96889801096172423,0.033281391471566606,-0.24521213945506534,8.8139125009864986e-05,4.1411546811054431e-05
3.2150537967681885,1790954207.7276709,0.00057482719421386719,0.085905105783160907,0.086515971021358926,-0.086655597361518469,0.02806489437206882,0.33527774930811072,0.0054977871437821386,0.057789999999999994,0.0058209999999999998,0.207313,3.0066088892405518,1.3207080982766293,3.0977848893647355,0.05776763113962928,0.0058204407143139167,0.20722774845078978,-0.24722363279952597,-0.08684847668888801,0.96505845288367098,0.01082218738607026,0.99566545138341334,0.092375262823143137,-0.96889801096172423,0.033281391471566606,-0.24521213945506534,8.8139125009864986e-05,4.1411546811054431e-05
3.2200288772583008,1790954207.732646,0.00055003166198730469,0.085905105783160907,0.086515971021358926,-0.086655597361518469,0.02806489437206882,0.33527774930811072,0.0054977871437821386,0.057789999999999994,0.0058209999999999998,0.207313,3.0066088892405518,1.3207080982766293,3.0977848893647355,0.05776763113962928,0.0058204407143139167,0.20722774845078978,-0.24722363279952597,-0.08684847668888801,0.96505845288367098,0.01082218738607026,0.99566545138341334,0.092375262823143137,-0.96889801096172423,0.033281391471566606,-0.24521213945506534,8.8139125009864986e-05,4.1411546811054431e-05
3.2250537872314453,1790954207.7376709,0.00057482719421386719,0.085905105783160907,0.086515971021358926,-0.086655597361518469,0.02806489437206882,0.33527774930811072,0.0054977871437821386,0.057789999999999994,0.0058209999999999998,0.207313,3.0066088892405518,1.3207080982766293,3.0977848893647355,0.05776763113962928,0.0058204407143139167,0.20722774845078978,-0.24722363279952597,-0.08684847668888801,0.96505845288367098,0.01082218738607026,0.99566545138341334,0.092375262823143137,-0.96889801096172423,0.033281391471566606,-0.24521213945506534,8.8139125009864986e-05,4.1411546811054431e-05
3.2300279140472412,1790954207.742645,0.00060009956359863281,0.085905105783160907,0.086515971021358926,-0.086655597361518469,0.02806489437206882,0.33527774930811072,0.0054977871437821386,0.057789999999999994,0.0058209999999999998,0.207313,3.0066088892405518,1.3207080982766293,3.0977848893647355,0.05776763113962928,0.0058204407143139167,0.20722774845078978,-0.24722363279952597,-0.08684847668888801,0.96505845288367098,0.01082218738607026,0.99566545138341334,0.092375262823143137,-0.96889801096172423,0.033281391471566606,-0.24521213945506534,8.8139125009864986e-05,4.1411546811054431e-05
3.2350537776947021,1790954207.7476709,0.00057291984558105469,0.085905105783160907,0.086515971021358926,-0.086655597361518469,0.02806489437206882,0.33527774930811072,0.0054977871437821386,0.057789999999999994,0.0058209999999999998,0.207313,3.0066088892405518,1.3207080982766293,3.0977848893647355,0.05776763113962928,0.0058204407143139167,0.20722774845078978,-0.24722363279952597,-0.08684847668888801,0.96505845288367098,0.01082218738607026,0.99566545138341334,0.092375262823143137,-0.96889801096172423,0.033281391471566606,-0.24521213945506534,8.8139125009864986e-05,4.1411546811054431e-05
3.2400569915771484,1790954207.7526741,0.00055408477783203125,0.085905105783160907,0.086515971021358926,-0.086655597361518469,0.02806489437206882,0.33527774930811072,0.0054977871437821386,0.057789999999999994,0.0058209999999999998,0.207313,3.0066088892405518,1.3207080982766293,3.0977848893647355,0.05776763113962928,0.0058204407143139167,0.20722774845078978,-0.24722363279952597,-0.08684847668888801,0.96505845288367098,0.01082218738607026,0.99566545138341334,0.092375262823143137,-0.96889801096172423,0.033281391471566606,-0.24521213945506534,8.8139125009864986e-05,4.1411546811054431e-05
3.2450540065765381,1790954207.7576711,0.00057506561279296875,0.085905105783160907,0.086515971021358926,-0.086655597361518469,0.02806489437206882,0.33527774930811072,0.0054977871437821386,0.057789999999999994,0.0058209999999999998,0.207313,3.0066088892405518,1.3207080982766293,3.0977848893647355,0.05776763113962928,0.0058204407143139167,0.20722774845078978,-0.24722363279952597,-0.08684847668888801,0.96505845288367098,0.01082218738607026,0.99566545138341334,0.092375262823143137,-0.96889801096172423,0.033281391471566606,-0.24521213945506534,8.8139125009864986e-05,4.1411546811054431e-05
3.250053882598877,1790954207.762671,0.000576019287109375,0.085905105783160907,0.086515971021358926,-0.086655597361518469,0.02806489437206882,0.33527774930811072,0.0054977871437821386,0.057789999999999994,0.0058209999999999998,0.207313,3.0066088892405518,1.3207080982766293,3.0977848893647355,0.05776763113962928,0.0058204407143139167,0.20722774845078978,-0.24722363279952597,-0.08684847668888801,0.96505845288367098,0.01082218738607026,0.99566545138341334,0.092375262823143137,-0.96889801096172423,0.033281391471566606,-0.24521213945506534,8.8139125009864986e-05,4.1411546811054431e-05
3.2550539970397949,1790954207.7676711,0.000576019287109375,0.085905105783160907,0.086515971021358926,-0.086655597361518469,0.02806489437206882,0.33527774930811072,0.0054977871437821386,0.057789999999999994,0.0058209999999999998,0.207313,3.0066088892405518,1.3207080982766293,3.0977848893647355,0.05776763113962928,0.0058204407143139167,0.20722774845078978,-0.24722363279952597,-0.08684847668888801,0.96505845288367098,0.01082218738607026,0.99566545138341334,0.092375262823143137,-0.96889801096172423,0.033281391471566606,-0.24521213945506534,8.8139125009864986e-05,4.1411546811054431e-05
3.2600288391113281,1790954207.772646,0.00054788589477539062,0.085905105783160907,0.086515971021358926,-0.086655597361518469,0.02806489437206882,0.33527774930811072,0.0054977871437821386,0.057789999999999994,0.0058209999999999998,0.207313,3.0066088892405518,1.3207080982766293,3.0977848893647355,0.05776763113962928,0.0058204407143139167,0.20722774845078978,-0.24722363279952597,-0.08684847668888801,0.96505845288367098,0.01082218738607026,0.99566545138341334,0.092375262823143137,-0.96889801096172423,0.033281391471566606,-0.24521213945506534,8.8139125009864986e-05,4.1411546811054431e-05
3.2650330066680908,1790954207.7776501,0.00054407119750976562,0.085905105783160907,0.086515971021358926,-0.086655597361518469,0.02806489437206882,0.33527774930811072,0.0054977871437821386,0.057789999999999994,0.0058209999999999998,0.207313,3.0066088892405518,1.3207080982766293,3.0977848893647355,0.05776763113962928,0.0058204407143139167,0.20722774845078978,-0.24722363279952597,-0.08684847668888801,0.96505845288367098,0.01082218738607026,0.99566545138341334,0.092375262823143137,-0.96889801096172423,0.033281391471566606,-0.24521213945506534,8.8139125009864986e-05,4.1411546811054431e-05
3.2701928615570068,1790954207.78281,0.00071191787719726562,0.085905105783160907,0.086515971021358926,-0.086655597361518469,0.02806489437206882,0.33527774930811072,0.0054977871437821386,0.057789999999999994,0.0058209999999999998,0.207313,3.0066088892405518,1.3207080982766293,3.0977848893647355,0.05776763113962928,0.0058204407143139167,0.20722774845078978,-0.24722363279952597,-0.08684847668888801,0.96505845288367098,0.01082218738607026,0.99566545138341334,0.092375262823143137,-0.96889801096172423,0.033281391471566606,-0.24521213945506534,8.8139125009864986e-05,4.1411546811054431e-05
3.2750539779663086,1790954207.7876711,0.000576019287109375,0.085905105783160907,0.086515971021358926,-0.086655597361518469,0.02806489437206882,0.33527774930811072,0.0054977871437821386,0.057789999999999994,0.0058209999999999998,0.207313,3.0066088892405518,1.3207080982766293,3.0977848893647355,0.05776763113962928,0.0058204407143139167,0.20722774845078978,-0.24722363279952597,-0.08684847668888801,0.96505845288367098,0.01082218738607026,0.99566545138341334,0.092375262823143137,-0.96889801096172423,0.033281391471566606,-0.24521213945506534,8.8139125009864986e-05,4.1411546811054431e-05
3.2800529003143311,1790954207.79267,0.00057697296142578125,0.085905105783160907,0.086515971021358926,-0.086655597361518469,0.02806489437206882,0.33527774930811072,0.0054977871437821386,0.057789999999999994,0.0058209999999999998,0.207313,3.0066088892405518,1.3207080982766293,3.0977848893647355,0.05776763113962928,0.0058204407143139167,0.20722774845078978,-0.24722363279952597,-0.08684847668888801,0.96505845288367098,0.01082218738607026,0.99566545138341334,0.092375262823143137,-0.96889801096172423,0.033281391471566606,-0.24521213945506534,8.8139125009864986e-05,4.1411546811054431e-05
3.2850809097290039,1790954207.797698,0.00060200691223144531,0.085905105783160907,0.086515971021358926,-0.086655597361518469,0.02806489437206882,0.33527774930811072,0.0054977871437821386,0.057789999999999994,0.0058209999999999998,0.207313,3.0066088892405518,1.3207080982766293,3.0977848893647355,0.05776763113962928,0.0058204407143139167,0.20722774845078978,-0.24722363279952597,-0.08684847668888801,0.96505845288367098,0.01082218738607026,0.99566545138341334,0.092375262823143137,-0.96889801096172423,0.033281391471566606,-0.24521213945506534,8.8139125009864986e-05,4.1411546811054431e-05
3.2900519371032715,1790954207.802669,0.00054407119750976562,0.085905105783160907,0.086515971021358926,-0.086655597361518469,0.02806489437206882,0.33527774930811072,0.0054977871437821386,0.057789999999999994,0.0058209999999999998,0.207313,3.0066088892405518,1.3207080982766293,3.0977848893647355,0.05776763113962928,0.0058204407143139167,0.20722774845078978,-0.24722363279952597,-0.08684847668888801,0.96505845288367098,0.01082218738607026,0.99566545138341334,0.092375262823143137,-0.96889801096172423,0.033281391471566606,-0.24521213945506534,8.8139125009864986e-05,4.1411546811054431e-05
3.2950549125671387,1790954207.807672,0.000576019287109375,0.085905105783160907,0.086515971021358926,-0.086655597361518469,0.02806489437206882,0.33527774930811072,0.0054977871437821386,0.057789999999999994,0.0058209999999999998,0.207313,3.0066088892405518,1.3207080982766293,3.0977848893647355,0.05776763113962928,0.0058204407143139167,0.20722774845078978,-0.24722363279952597,-0.08684847668888801,0.96505845288367098,0.01082218738607026,0.99566545138341334,0.092375262823143137,-0.96889801096172423,0.033281391471566606,-0.24521213945506534,8.8139125009864986e-05,4.1411546811054431e-05
3.300029993057251,1790954207.8126471,0.00054717063903808594,0.085905105783160907,0.086515971021358926,-0.086655597361518469,0.02806489437206882,0.33527774930811072,0.0054977871437821386,0.057789999999999994,0.0058209999999999998,0.207313,3.0066088892405518,1.3207080982766293,3.0977848893647355,0.05776763113962928,0.0058204407143139167,0.20722774845078978,-0.24722363279952597,-0.08684847668888801,0.96505845288367098,0.01082218738607026,0.99566545138341334,0.092375262823143137,-0.96889801096172423,0.033281391471566606,-0.24521213945506534,8.8139125009864986e-05,4.1411546811054431e-05
3.3050549030303955,1790954207.817672,0.0005779266357421875,0.085905105783160907,0.086515971021358926,-0.086655597361518469,0.02806489437206882,0.33527774930811072,0.0054977871437821386,0.057789999999999994,0.0058209999999999998,0.207313,3.0066088892405518,1.3207080982766293,3.0977848893647355,0.05776763113962928,0.0058204407143139167,0.20722774845078978,-0.24722363279952597,-0.08684847668888801,0.96505845288367098,0.01082218738607026,0.99566545138341334,0.092375262823143137,-0.96889801096172423,0.033281391471566606,-0.24521213945506534,8.8139125009864986e-05,4.1411546811054431e-05
3.3100278377532959,1790954207.8226449,0.00054788589477539062,0.085905105783160907,0.086515971021358926,-0.086655597361518469,0.02806489437206882,0.33527774930811072,0.0054977871437821386,0.057789999999999994,0.0058209999999999998,0.207313,3.0066088892405518,1.3207080982766293,3.0977848893647355,0.05776763113962928,0.0058204407143139167,0.20722774845078978,-0.24722363279952597,-0.08684847668888801,0.96505845288367098,0.01082218738607026,0.99566545138341334,0.092375262823143137,-0.96889801096172423,0.033281391471566606,-0.24521213945506534,8.8139125009864986e-05,4.1411546811054431e-05
3.3150548934936523,1790954207.827672,0.00057697296142578125,0.085905105783160907,0.086515971021358926,-0.086655597361518469,0.02806489437206882,0.33527774930811072,0.0054977871437821386,0.057789999999999994,0.0058209999999999998,0.207313,3.0066088892405518,1.3207080982766293,3.0977848893647355,0.05776763113962928,0.0058204407143139167,0.20722774845078978,-0.24722363279952597,-0.08684847668888801,0.96505845288367098,0.01082218738607026,0.99566545138341334,0.092375262823143137,-0.96889801096172423,0.033281391471566606,-0.24521213945506534,8.8139125009864986e-05,4.1411546811054431e-05
3.3200278282165527,1790954207.8326449,0.0005970001220703125,0.085905105783160907,0.086515971021358926,-0.086655597361518469,0.02806489437206882,0.33527774930811072,0.0054977871437821386,0.057789999999999994,0.0058209999999999998,0.207313,3.0066088892405518,1.3207080982766293,3.0977848893647355,0.05776763113962928,0.0058204407143139167,0.20722774845078978,-0.24722363279952597,-0.08684847668888801,0.96505845288367098,0.01082218738607026,0.99566545138341334,0.092375262823143137,-0.96889801096172423,0.033281391471566606,-0.24521213945506534,8.8139125009864986e-05,4.1411546811054431e-05
3.3250517845153809,1790954207.8376689,0.00057291984558105469,0.085905105783160907,0.086515971021358926,-0.086655597361518469,0.02806489437206882,0.33527774930811072,0.0054977871437821386,0.057789999999999994,0.0058209999999999998,0.207313,3.0066088892405518,1.3207080982766293,3.0977848893647355,0.05776763113962928,0.0058204407143139167,0.20722774845078978,-0.24722363279952597,-0.08684847668888801,0.96505845288367098,0.01082218738607026,0.99566545138341334,0.092375262823143137,-0.96889801096172423,0.033281391471566606,-0.24521213945506534,8.8139125009864986e-05,4.1411546811054431e-05
3.3300268650054932,1790954207.842644,0.00053286552429199219,0.085905105783160907,0.086515971021358926,-0.086655597361518469,0.02806489437206882,0.33527774930811072,0.0054977871437821386,0.057789999999999994,0.0058209999999999998,0.207313,3.0066088892405518,1.3207080982766293,3.0977848893647355,0.05776763113962928,0.0058204407143139167,0.20722774845078978,-0.24722363279952597,-0.08684847668888801,0.96505845288367098,0.01082218738607026,0.99566545138341334,0.092375262823143137,-0.96889801096172423,0.033281391471566606,-0.24521213945506534,8.8139125009864986e-05,4.1411546811054431e-05
3.3350529670715332,1790954207.8476701,0.0005741119384765625,0.085905105783160907,0.086515971021358926,-0.086655597361518469,0.02806489437206882,0.33527774930811072,0.0054977871437821386,0.057789999999999994,0.0058209999999999998,0.207313,3.0066088892405518,1.3207080982766293,3.0977848893647355,0.05776763113962928,0.0058204407143139167,0.20722774845078978,-0.24722363279952597,-0.08684847668888801,0.96505845288367098,0.01082218738607026,0.99566545138341334,0.092375262823143137,-0.96889801096172423,0.033281391471566606,-0.24521213945506534,8.8139125009864986e-05,4.1411546811054431e-05
3.3400528430938721,1790954207.85267,0.00057005882263183594,0.085905105783160907,0.086515971021358926,-0.086655597361518469,0.02806489437206882,0.33527774930811072,0.0054977871437821386,0.057789999999999994,0.0058209999999999998,0.207313,3.0066088892405518,1.3207080982766293,3.0977848893647355,0.05776763113962928,0.0058204407143139167,0.20722774845078978,-0.24722363279952597,-0.08684847668888801,0.96505845288367098,0.01082218738607026,0.99566545138341334,0.092375262823143137,-0.96889801096172423,0.033281391471566606,-0.24521213945506534,8.8139125009864986e-05,4.1411546811054431e-05
3.3450520038604736,1790954207.8576691,0.00057721138000488281,0.085905105783160907,0.086515971021358926,-0.086655597361518469,0.02806489437206882,0.33527774930811072,0.0054977871437821386,0.057789999999999994,0.0058209999999999998,0.207313,3.0066088892405518,1.3207080982766293,3.0977848893647355,0.05776763113962928,0.0058204407143139167,0.20722774845078978,-0.24722363279952597,-0.08684847668888801,0.96505845288367098,0.01082218738607026,0.99566545138341334,0.092375262823143137,-0.96889801096172423,0.033281391471566606,-0.24521213945506534,8.8139125009864986e-05,4.1411546811054431e-05
3.3500549793243408,1790954207.8626721,0.00057911872863769531,0.085905105783160907,0.086515971021358926,-0.086655597361518469,0.02806489437206882,0.33527774930811072,0.0054977871437821386,0.057789999999999994,0.0058209999999999998,0.207313,3.0066088892405518,1.3207080982766293,3.0977848893647355,0.05776763113962928,0.0058204407143139167,0.20722774845078978,-0.24722363279952597,-0.08684847668888801,0.96505845288367098,0.01082218738607026,0.99566545138341334,0.092375262823143137,-0.96889801096172423,0.033281391471566606,-0.24521213945506534,8.8139125009864986e-05,4.1411546811054431e-05
3.3550539016723633,1790954207.867671,0.000576019287109375,0.085905105783160907,0.086515971021358926,-0.086655597361518469,0.02806489437206882,0.33527774930811072,0.0054977871437821386,0.057789999999999994,0.0058209999999999998,0.207313,3.0066088892405518,1.3207080982766293,3.0977848893647355,0.05776763113962928,0.0058204407143139167,0.20722774845078978,-0.24722363279952597,-0.08684847668888801,0.96505845288367098,0.01082218738607026,0.99566545138341334,0.092375262823143137,-0.96889801096172423,0.033281391471566606,-0.24521213945506534,8.8139125009864986e-05,4.1411546811054431e-05
3.3600509166717529,1790954207.872668,0.00056600570678710938,0.085905105783160907,0.086515971021358926,-0.086655597361518469,0.02806489437206882,0.33527774930811072,0.0054977871437821386,0.057789999999999994,0.0058209999999999998,0.207313,3.0066088892405518,1.3207080982766293,3.0977848893647355,0.05776763113962928,0.0058204407143139167,0.20722774845078978,-0.24722363279952597,-0.08684847668888801,0.96505845288367098,0.01082218738607026,0.99566545138341334,0.092375262823143137,-0.96889801096172423,0.033281391471566606,-0.24521213945506534,8.8139125009864986e-05,4.1411546811054431e-05
3.3650529384613037,1790954207.87767,0.00057506561279296875,0.085905105783160907,0.086515971021358926,-0.086655597361518469,0.02806489437206882,0.33527774930811072,0.0054977871437821386,0.057789999999999994,0.0058209999999999998,0.207313,3.0066088892405518,1.3207080982766293,3.0977848893647355,0.05776763113962928,0.0058204407143139167,0.20722774845078978,-0.24722363279952597,-0.08684847668888801,0.96505845288367098,0.01082218738607026,0.99566545138341334,0.092375262823143137,-0.96889801096172423,0.033281391471566606,-0.24521213945506534,8.8139125009864986e-05,4.1411546811054431e-05
3.3700568675994873,1790954207.882674,0.00057506561279296875,0.085905105783160907,0.086515971021358926,-0.086655597361518469,0.02806489437206882,0.33527774930811072,0.0054977871437821386,0.057789999999999994,0.0058209999999999998,0.207313,3.0066088892405518,1.3207080982766293,3.0977848893647355,0.05776763113962928,0.0058204407143139167,0.20722774845078978,-0.24722363279952597,-0.08684847668888801,0.96505845288367098,0.01082218738607026,0.99566545138341334,0.092375262823143137,-0.96889801096172423,0.033281391471566606,-0.24521213945506534,8.8139125009864986e-05,4.1411546811054431e-05
3.375053882598877,1790954207.887671,0.00057888031005859375,0.085905105783160907,0.086515971021358926,-0.086655597361518469,0.02806489437206882,0.33527774930811072,0.0054977871437821386,0.057789999999999994,0.0058209999999999998,0.207313,3.0066088892405518,1.3207080982766293,3.0977848893647355,0.05776763113962928,0.0058204407143139167,0.20722774845078978,-0.24722363279952597,-0.08684847668888801,0.96505845288367098,0.01082218738607026,0.99566545138341334,0.092375262823143137,-0.96889801096172423,0.033281391471566606,-0.24521213945506534,8.8139125009864986e-05,4.1411546811054431e-05
3.3800277709960938,1790954207.8926449,0.00052976608276367188,0.085905105783160907,0.086515971021358926,-0.086655597361518469,0.02806489437206882,0.33527774930811072,0.0054977871437821386,0.057789999999999994,0.0058209999999999998,0.207313,3.0066088892405518,1.3207080982766293,3.0977848893647355,0.05776763113962928,0.0058204407143139167,0.20722774845078978,-0.24722363279952597,-0.08684847668888801,0.96505845288367098,0.01082218738607026,0.99566545138341334,0.092375262823143137,-0.96889801096172423,0.033281391471566606,-0.24521213945506534,8.8139125009864986e-05,4.1411546811054431e-05
3.3850569725036621,1790954207.8976741,0.00057911872863769531,0.085905105783160907,0.086515971021358926,-0.086655597361518469,0.02806489437206882,0.33527774930811072,0.0054977871437821386,0.057789999999999994,0.0058209999999999998,0.207313,3.0066088892405518,1.3207080982766293,3.0977848893647355,0.05776763113962928,0.0058204407143139167,0.20722774845078978,-0.24722363279952597,-0.08684847668888801,0.96505845288367098,0.01082218738607026,0.99566545138341334,0.092375262823143137,-0.96889801096172423,0.033281391471566606,-0.24521213945506534,8.8139125009864986e-05,4.1411546811054431e-05
3.3900539875030518,1790954207.9026711,0.00057101249694824219,0.085905105783160907,0.086515971021358926,-0.086655597361518469,0.02806489437206882,0.33527774930811072,0.0054977871437821386,0.057789999999999994,0.0058209999999999998,0.207313,3.0066088892405518,1.3207080982766293,3.0977848893647355,0.05776763113962928,0.0058204407143139167,0.20722774845078978,-0.24722363279952597,-0.08684847668888801,0.96505845288367098,0.01082218738607026,0.99566545138341334,0.092375262823143137,-0.96889801096172423,0.033281391471566606,-0.24521213945506534,8.8139125009864986e-05,4.1411546811054431e-05
3.3950538635253906,1790954207.907671,0.00057387351989746094,0.085905105783160907,0.086515971021358926,-0.086655597361518469,0.02806489437206882,0.33527774930811072,0.0054977871437821386,0.057789999999999994,0.0058209999999999998,0.207313,3.0066088892405518,1.3207080982766293,3.0977848893647355,0.05776763113962928,0.0058204407143139167,0.20722774845078978,-0.24722363279952597,-0.08684847668888801,0.96505845288367098,0.01082218738607026,0.99566545138341334,0.092375262823143137,-0.96889801096172423,0.033281391471566606,-0.24521213945506534,8.8139125009864986e-05,4.1411546811054431e-05
3.4000308513641357,1790954207.912648,0.00055003166198730469,0.085905105783160907,0.086515971021358926,-0.086655597361518469,0.02806489437206882,0.33527774930811072,0.0054977871437821386,0.057789999999999994,0.0058209999999999998,0.207313,3.0066088892405518,1.3207080982766293,3.0977848893647355,0.05776763113962928,0.0058204407143139167,0.20722774845078978,-0.24722363279952597,-0.08684847668888801,0.96505845288367098,0.01082218738607026,0.99566545138341334,0.092375262823143137,-0.96889801096172423,0.033281391471566606,-0.24521213945506534,8.8139125009864986e-05,4.1411546811054431e-05
3.4050559997558594,1790954207.9176731,0.0005741119384765625,0.085905105783160907,0.086515971021358926,-0.086655597361518469,0.02806489437206882,0.33527774930811072,0.0054977871437821386,0.057789999999999994,0.0058209999999999998,0.207313,3.0066088892405518,1.3207080982766293,3.0977848893647355,0.05776763113962928,0.0058204407143139167,0.20722774845078978,-0.24722363279952597,-0.08684847668888801,0.96505845288367098,0.01082218738607026,0.99566545138341334,0.092375262823143137,-0.96889801096172423,0.033281391471566606,-0.24521213945506534,8.8139125009864986e-05,4.1411546811054431e-05
3.4100279808044434,1790954207.9226451,0.00055003166198730469,0.085905105783160907,0.086515971021358926,-0.086655597361518469,0.02806489437206882,0.33527774930811072,0.0054977871437821386,0.057789999999999994,0.0058209999999999998,0.207313,3.0066088892405518,1.3207080982766293,3.0977848893647355,0.05776763113962928,0.0058204407143139167,0.20722774845078978,-0.24722363279952597,-0.08684847668888801,0.96505845288367098,0.01082218738607026,0.99566545138341334,0.092375262823143137,-0.96889801096172423,0.033281391471566606,-0.24521213945506534,8.8139125009864986e-05,4.1411546811054431e-05
3.4150547981262207,1790954207.9276719,0.00057482719421386719,0.085905105783160907,0.086515971021358926,-0.086655597361518469,0.02806489437206882,0.33527774930811072,0.0054977871437821386,0.057789999999999994,0.0058209999999999998,0.207313,3.0066088892405518,1.3207080982766293,3.0977848893647355,0.05776763113962928,0.0058204407143139167,0.20722774845078978,-0.24722363279952597,-0.08684847668888801,0.96505845288367098,0.01082218738607026,0.99566545138341334,0.092375262823143137,-0.96889801096172423,0.033281391471566606,-0.24521213945506534,8.8139125009864986e-05,4.1411546811054431e-05
3.4200558662414551,1790954207.932673,0.00056505203247070312,0.085905105783160907,0.086515971021358926,-0.086655597361518469,0.02806489437206882,0.33527774930811072,0.0054977871437821386,0.057789999999999994,0.0058209999999999998,0.207313,3.0066088892405518,1.3207080982766293,3.0977848893647355,0.05776763113962928,0.0058204407143139167,0.20722774845078978,-0.24722363279952597,-0.08684847668888801,0.96505845288367098,0.01082218738607026,0.99566545138341334,0.092375262823143137,-0.96889801096172423,0.033281391471566606,-0.24521213945506534,8.8139125009864986e-05,4.1411546811054431e-05
3.4250538349151611,1790954207.9376709,0.00057101249694824219,0.085905105783160907,0.086515971021358926,-0.086655597361518469,0.02806489437206882,0.33527774930811072,0.0054977871437821386,0.057789999999999994,0.0058209999999999998,0.207313,3.0066088892405518,1.3207080982766293,3.0977848893647355,0.05776763113962928,0.0058204407143139167,0.20722774845078978,-0.24722363279952597,-0.08684847668888801,0.96505845288367098,0.01082218738607026,0.99566545138341334,0.092375262823143137,-0.96889801096172423,0.033281391471566606,-0.24521213945506534,8.8139125009864986e-05,4.1411546811054431e-05
3.4300529956817627,1790954207.9426701,0.0005741119384765625,0.085905105783160907,0.086515971021358926,-0.086655597361518469,0.02806489437206882,0.33527774930811072,0.0054977871437821386,0.057789999999999994,0.0058209999999999998,0.207313,3.0066088892405518,1.3207080982766293,3.0977848893647355,0.05776763113962928,0.0058204407143139167,0.20722774845078978,-0.24722363279952597,-0.08684847668888801,0.96505845288367098,0.01082218738607026,0.99566545138341334,0.092375262823143137,-0.96889801096172423,0.033281391471566606,-0.24521213945506534,8.8139125009864986e-05,4.1411546811054431e-05
3.4350528717041016,1790954207.94767,0.00057291984558105469,0.085905105783160907,0.086515971021358926,-0.086655597361518469,0.02806489437206882,0.33527774930811072,0.0054977871437821386,0.057789999999999994,0.0058209999999999998,0.207313,3.0066088892405518,1.3207080982766293,3.0977848893647355,0.05776763113962928,0.0058204407143139167,0.20722774845078978,-0.24722363279952597,-0.08684847668888801,0.96505845288367098,0.01082218738607026,0.99566545138341334,0.092375262823143137,-0.96889801096172423,0.033281391471566606,-0.24521213945506534,8.8139125009864986e-05,4.1411546811054431e-05
3.4400279521942139,1790954207.9526451,0.00055098533630371094,0.085905105783160907,0.086515971021358926,-0.086655597361518469,0.02806489437206882,0.33527774930811072,0.0054977871437821386,0.057789999999999994,0.0058209999999999998,0.207313,3.0066088892405518,1.3207080982766293,3.0977848893647355,0.05776763113962928,0.0058204407143139167,0.20722774845078978,-0.24722363279952597,-0.08684847668888801,0.96505845288367098,0.01082218738607026,0.99566545138341334,0.092375262823143137,-0.96889801096172423,0.033281391471566606,-0.24521213945506534,8.8139125009864986e-05,4.1411546811054431e-05
3.4450538158416748,1790954207.9576709,0.00057482719421386719,0.085905105783160907,0.086515971021358926,-0.086655597361518469,0.02806489437206882,0.33527774930811072,0.0054977871437821386,0.057789999999999994,0.0058209999999999998,0.207313,3.0066088892405518,1.3207080982766293,3.0977848893647355,0.05776763113962928,0.0058204407143139167,0.20722774845078978,-0.24722363279952597,-0.08684847668888801,0.96505845288367098,0.01082218738607026,0.99566545138341334,0.092375262823143137,-0.96889801096172423,0.033281391471566606,-0.24521213945506534,8.8139125009864986e-05,4.1411546811054431e-05
3.4500279426574707,1790954207.9626451,0.00055003166198730469,0.085905105783160907,0.086515971021358926,-0.086655597361518469,0.02806489437206882,0.33527774930811072,0.0054977871437821386,0.057789999999999994,0.0058209999999999998,0.207313,3.0066088892405518,1.3207080982766293,3.0977848893647355,0.05776763113962928,0.0058204407143139167,0.20722774845078978,-0.24722363279952597,-0.08684847668888801,0.96505845288367098,0.01082218738607026,0.99566545138341334,0.092375262823143137,-0.96889801096172423,0.033281391471566606,-0.24521213945506534,8.8139125009864986e-05,4.1411546811054431e-05
3.4550528526306152,1790954207.96767,0.00057005882263183594,0.085905105783160907,0.086515971021358926,-0.086655597361518469,0.02806489437206882,0.33527774930811072,0.0054977871437821386,0.057789999999999994,0.0058209999999999998,0.207313,3.0066088892405518,1.3207080982766293,3.0977848893647355,0.05776763113962928,0.0058204407143139167,0.20722774845078978,-0.24722363279952597,-0.08684847668888801,0.96505845288367098,0.01082218738607026,0.99566545138341334,0.092375262823143137,-0.96889801096172423,0.033281391471566606,-0.24521213945506534,8.8139125009864986e-05,4.1411546811054431e-05
3.4600279331207275,1790954207.972645,0.00060105323791503906,0.085905105783160907,0.086515971021358926,-0.086655597361518469,0.02806489437206882,0.33527774930811072,0.0054977871437821386,0.057789999999999994,0.0058209999999999998,0.207313,3.0066088892405518,1.3207080982766293,3.0977848893647355,0.05776763113962928,0.0058204407143139167,0.20722774845078978,-0.24722363279952597,-0.08684847668888801,0.96505845288367098,0.01082218738607026,0.99566545138341334,0.092375262823143137,-0.96889801096172423,0.033281391471566606,-0.24521213945506534,8.8139125009864986e-05,4.1411546811054431e-05
3.4650518894195557,1790954207.977669,0.000576019287109375,0.085905105783160907,0.086515971021358926,-0.086655597361518469,0.02806489437206882,0.33527774930811072,0.0054977871437821386,0.057789999999999994,0.0058209999999999998,0.207313,3.0066088892405518,1.3207080982766293,3.0977848893647355,0.05776763113962928,0.0058204407143139167,0.20722774845078978,-0.24722363279952597,-0.08684847668888801,0.96505845288367098,0.01082218738607026,0.99566545138341334,0.092375262823143137,-0.96889801096172423,0.033281391471566606,-0.24521213945506534,8.8139125009864986e-05,4.1411546811054431e-05
3.4700548648834229,1790954207.982672,0.00056600570678710938,0.085905105783160907,0.086515971021358926,-0.086655597361518469,0.02806489437206882,0.33527774930811072,0.0054977871437821386,0.057789999999999994,0.0058209999999999998,0.207313,3.0066088892405518,1.3207080982766293,3.0977848893647355,0.05776763113962928,0.0058204407143139167,0.20722774845078978,-0.24722363279952597,-0.08684847668888801,0.96505845288367098,0.01082218738607026,0.99566545138341334,0.092375262823143137,-0.96889801096172423,0.033281391471566606,-0.24521213945506534,8.8139125009864986e-05,4.1411546811054431e-05
3.4750528335571289,1790954207.9876699,0.00057387351989746094,0.085905105783160907,0.086515971021358926,-0.086655597361518469,0.02806489437206882,0.33527774930811072,0.0054977871437821386,0.057789999999999994,0.0058209999999999998,0.207313,3.0066088892405518,1.3207080982766293,3.0977848893647355,0.05776763113962928,0.0058204407143139167,0.20722774845078978,-0.24722363279952597,-0.08684847668888801,0.96505845288367098,0.01082218738607026,0.99566545138341334,0.092375262823143137,-0.96889801096172423,0.033281391471566606,-0.24521213945506534,8.8139125009864986e-05,4.1411546811054431e-05
3.4800529479980469,1790954207.9926701,0.0005741119384765625,0.085905105783160907,0.086515971021358926,-0.086655597361518469,0.02806489437206882,0.33527774930811072,0.0054977871437821386,0.057789999999999994,0.0058209999999999998,0.207313,3.0066088892405518,1.3207080982766293,3.0977848893647355,0.05776763113962928,0.0058204407143139167,0.20722774845078978,-0.24722363279952597,-0.08684847668888801,0.96505845288367098,0.01082218738607026,0.99566545138341334,0.092375262823143137,-0.96889801096172423,0.033281391471566606,-0.24521213945506534,8.8139125009864986e-05,4.1411546811054431e-05
3.4850528240203857,1790954207.9976699,0.00057387351989746094,0.085905105783160907,0.086515971021358926,-0.086655597361518469,0.02806489437206882,0.33527774930811072,0.0054977871437821386,0.057789999999999994,0.0058209999999999998,0.207313,3.0066088892405518,1.3207080982766293,3.0977848893647355,0.05776763113962928,0.0058204407143139167,0.20722774845078978,-0.24722363279952597,-0.08684847668888801,0.96505845288367098,0.01082218738607026,0.99566545138341334,0.092375262823143137,-0.96889801096172423,0.033281391471566606,-0.24521213945506534,8.8139125009864986e-05,4.1411546811054431e-05
3.4900538921356201,1790954208.002671,0.00057196617126464844,0.085905105783160907,0.086515971021358926,-0.086655597361518469,0.02806489437206882,0.33527774930811072,0.0054977871437821386,0.057789999999999994,0.0058209999999999998,0.207313,3.0066088892405518,1.3207080982766293,3.0977848893647355,0.05776763113962928,0.0058204407143139167,0.20722774845078978,-0.24722363279952597,-0.08684847668888801,0.96505845288367098,0.01082218738607026,0.99566545138341334,0.092375262823143137,-0.96889801096172423,0.033281391471566606,-0.24521213945506534,8.8139125009864986e-05,4.1411546811054431e-05
3.4950518608093262,1790954208.007669,0.00057697296142578125,0.085905105783160907,0.086515971021358926,-0.086655597361518469,0.02806489437206882,0.33527774930811072,0.0054977871437821386,0.057789999999999994,0.0058209999999999998,0.207313,3.0066088892405518,1.3207080982766293,3.0977848893647355,0.05776763113962928,0.0058204407143139167,0.20722774845078978,-0.24722363279952597,-0.08684847668888801,0.96505845288367098,0.01082218738607026,0.99566545138341334,0.092375262823143137,-0.96889801096172423,0.033281391471566606,-0.24521213945506534,8.8139125009864986e-05,4.1411546811054431e-05
3.5000519752502441,1790954208.0126691,0.00057506561279296875,0.085905105783160907,0.086515971021358926,-0.086655597361518469,0.02806489437206882,0.33527774930811072,0.0054977871437821386,0.057789999999999994,0.0058209999999999998,0.207313,3.0066088892405518,1.3207080982766293,3.0977848893647355,0.05776763113962928,0.0058204407143139167,0.20722774845078978,-0.24722363279952597,-0.08684847668888801,0.96505845288367098,0.01082218738607026,0.99566545138341334,0.092375262823143137,-0.96889801096172423,0.033281391471566606,-0.24521213945506534,8.8139125009864986e-05,4.1411546811054431e-05
3.5050508975982666,1790954208.017668,0.000576019287109375,0.085905105783160907,0.086515971021358926,-0.086655597361518469,0.02806489437206882,0.33527774930811072,0.0054977871437821386,0.057789999999999994,0.0058209999999999998,0.207313,3.0066088892405518,1.3207080982766293,3.0977848893647355,0.05776763113962928,0.0058204407143139167,0.20722774845078978,-0.24722363279952597,-0.08684847668888801,0.96505845288367098,0.01082218738607026,0.99566545138341334,0.092375262823143137,-0.96889801096172423,0.033281391471566606,-0.24521213945506534,8.8139125009864986e-05,4.1411546811054431e-05
3.510051965713501,1790954208.0226691,0.00057506561279296875,0.085905105783160907,0.086515971021358926,-0.086655597361518469,0.02806489437206882,0.33527774930811072,0.0054977871437821386,0.057789999999999994,0.0058209999999999998,0.207313,3.0066088892405518,1.3207080982766293,3.0977848893647355,0.05776763113962928,0.0058204407143139167,0.20722774845078978,-0.24722363279952597,-0.08684847668888801,0.96505845288367098,0.01082218738607026,0.99566545138341334,0.092375262823143137,-0.96889801096172423,0.033281391471566606,-0.24521213945506534,8.8139125009864986e-05,4.1411546811054431e-05
3.5150539875030518,1790954208.0276711,0.00057506561279296875,0.085905105783160907,0.086515971021358926,-0.086655597361518469,0.02806489437206882,0.33527774930811072,0.0054977871437821386,0.057789999999999994,0.0058209999999999998,0.207313,3.0066088892405518,1.3207080982766293,3.0977848893647355,0.05776763113962928,0.0058204407143139167,0.20722774845078978,-0.24722363279952597,-0.08684847668888801,0.96505845288367098,0.01082218738607026,0.99566545138341334,0.092375262823143137,-0.96889801096172423,0.033281391471566606,-0.24521213945506534,8.8139125009864986e-05,4.1411546811054431e-05
3.520054817199707,1790954208.0326719,0.00056481361389160156,0.085905105783160907,0.086515971021358926,-0.086655597361518469,0.02806489437206882,0.33527774930811072,0.0054977871437821386,0.057789999999999994,0.0058209999999999998,0.207313,3.0066088892405518,1.3207080982766293,3.0977848893647355,0.05776763113962928,0.0058204407143139167,0.20722774845078978,-0.24722363279952597,-0.08684847668888801,0.96505845288367098,0.01082218738607026,0.99566545138341334,0.092375262823143137,-0.96889801096172423,0.033281391471566606,-0.24521213945506534,8.8139125009864986e-05,4.1411546811054431e-05
3.5250527858734131,1790954208.0376699,0.00057578086853027344,0.085905105783160907,0.086515971021358926,-0.086655597361518469,0.02806489437206882,0.33527774930811072,0.0054977871437821386,0.057789999999999994,0.0058209999999999998,0.207313,3.0066088892405518,1.3207080982766293,3.0977848893647355,0.05776763113962928,0.0058204407143139167,0.20722774845078978,-0.24722363279952597,-0.08684847668888801,0.96505845288367098,0.01082218738607026,0.99566545138341334,0.092375262823143137,-0.96889801096172423,0.033281391471566606,-0.24521213945506534,8.8139125009864986e-05,4.1411546811054431e-05
3.5300278663635254,1790954208.042645,0.00054907798767089844,0.085905105783160907,0.086515971021358926,-0.086655597361518469,0.02806489437206882,0.33527774930811072,0.0054977871437821386,0.057789999999999994,0.0058209999999999998,0.207313,3.0066088892405518,1.3207080982766293,3.0977848893647355,0.05776763113962928,0.0058204407143139167,0.20722774845078978,-0.24722363279952597,-0.08684847668888801,0.96505845288367098,0.01082218738607026,0.99566545138341334,0.092375262823143137,-0.96889801096172423,0.033281391471566606,-0.24521213945506534,8.8139125009864986e-05,4.1411546811054431e-05
3.5350539684295654,1790954208.0476711,0.00057506561279296875,0.085905105783160907,0.086515971021358926,-0.086655597361518469,0.02806489437206882,0.33527774930811072,0.0054977871437821386,0.057789999999999994,0.0058209999999999998,0.207313,3.0066088892405518,1.3207080982766293,3.0977848893647355,0.05776763113962928,0.0058204407143139167,0.20722774845078978,-0.24722363279952597,-0.08684847668888801,0.96505845288367098,0.01082218738607026,0.99566545138341334,0.092375262823143137,-0.96889801096172423,0.033281391471566606,-0.24521213945506534,8.8139125009864986e-05,4.1411546811054431e-05
3.5400547981262207,1790954208.0526719,0.00057387351989746094,0.085905105783160907,0.086515971021358926,-0.086655597361518469,0.02806489437206882,0.33527774930811072,0.0054977871437821386,0.057789999999999994,0.0058209999999999998,0.207313,3.0066088892405518,1.3207080982766293,3.0977848893647355,0.05776763113962928,0.0058204407143139167,0.20722774845078978,-0.24722363279952597,-0.08684847668888801,0.96505845288367098,0.01082218738607026,0.99566545138341334,0.092375262823143137,-0.96889801096172423,0.033281391471566606,-0.24521213945506534,8.8139125009864986e-05,4.1411546811054431e-05
3.5450530052185059,1790954208.0576701,0.00057721138000488281,0.085905105783160907,0.086515971021358926,-0.086655597361518469,0.02806489437206882,0.33527774930811072,0.0054977871437821386,0.057789999999999994,0.0058209999999999998,0.207313,3.0066088892405518,1.3207080982766293,3.0977848893647355,0.05776763113962928,0.0058204407143139167,0.20722774845078978,-0.24722363279952597,-0.08684847668888801,0.96505845288367098,0.01082218738607026,0.99566545138341334,0.092375262823143137,-0.96889801096172423,0.033281391471566606,-0.24521213945506534,8.8139125009864986e-05,4.1411546811054431e-05
3.5500528812408447,1790954208.06267,0.000576019287109375,0.085905105783160907,0.086515971021358926,-0.086655597361518469,0.02806489437206882,0.33527774930811072,0.0054977871437821386,0.057789999999999994,0.0058209999999999998,0.207313,3.0066088892405518,1.3207080982766293,3.0977848893647355,0.05776763113962928,0.0058204407143139167,0.20722774845078978,-0.24722363279952597,-0.08684847668888801,0.96505845288367098,0.01082218738607026,0.99566545138341334,0.092375262823143137,-0.96889801096172423,0.033281391471566606,-0.24521213945506534,8.8139125009864986e-05,4.1411546811054431e-05
3.5550568103790283,1790954208.0676739,0.00057482719421386719,0.085905105783160907,0.086515971021358926,-0.086655597361518469,0.02806489437206882,0.33527774930811072,0.0054977871437821386,0.057789999999999994,0.0058209999999999998,0.207313,3.0066088892405518,1.3207080982766293,3.0977848893647355,0.05776763113962928,0.0058204407143139167,0.20722774845078978,-0.24722363279952597,-0.08684847668888801,0.96505845288367098,0.01082218738607026,0.99566545138341334,0.092375262823143137,-0.96889801096172423,0.033281391471566606,-0.24521213945506534,8.8139125009864986e-05,4.1411546811054431e-05
3.5600547790527344,1790954208.0726719,0.00057387351989746094,0.085905105783160907,0.086515971021358926,-0.086655597361518469,0.02806489437206882,0.33527774930811072,0.0054977871437821386,0.057789999999999994,0.0058209999999999998,0.207313,3.0066088892405518,1.3207080982766293,3.0977848893647355,0.05776763113962928,0.0058204407143139167,0.20722774845078978,-0.24722363279952597,-0.08684847668888801,0.96505845288367098,0.01082218738607026,0.99566545138341334,0.092375262823143137,-0.96889801096172423,0.033281391471566606,-0.24521213945506534,8.8139125009864986e-05,4.1411546811054431e-05
3.5650529861450195,1790954208.0776701,0.00057506561279296875,0.085905105783160907,0.086515971021358926,-0.086655597361518469,0.02806489437206882,0.33527774930811072,0.0054977871437821386,0.057789999999999994,0.0058209999999999998,0.207313,3.0066088892405518,1.3207080982766293,3.0977848893647355,0.05776763113962928,0.0058204407143139167,0.20722774845078978,-0.24722363279952597,-0.08684847668888801,0.96505845288367098,0.01082218738607026,0.99566545138341334,0.092375262823143137,-0.96889801096172423,0.033281391471566606,-0.24521213945506534,8.8139125009864986e-05,4.1411546811054431e-05
3.5700299739837646,1790954208.0826471,0.00054216384887695312,0.085905105783160907,0.086515971021358926,-0.086655597361518469,0.02806489437206882,0.33527774930811072,0.0054977871437821386,0.057789999999999994,0.0058209999999999998,0.207313,3.0066088892405518,1.3207080982766293,3.0977848893647355,0.05776763113962928,0.0058204407143139167,0.20722774845078978,-0.24722363279952597,-0.08684847668888801,0.96505845288367098,0.01082218738607026,0.99566545138341334,0.092375262823143137,-0.96889801096172423,0.033281391471566606,-0.24521213945506534,8.8139125009864986e-05,4.1411546811054431e-05
3.5750529766082764,1790954208.0876701,0.0005741119384765625,0.085905105783160907,0.086515971021358926,-0.086655597361518469,0.02806489437206882,0.33527774930811072,0.0054977871437821386,0.057789999999999994,0.0058209999999999998,0.207313,3.0066088892405518,1.3207080982766293,3.0977848893647355,0.05776763113962928,0.0058204407143139167,0.20722774845078978,-0.24722363279952597,-0.08684847668888801,0.96505845288367098,0.01082218738607026,0.99566545138341334,0.092375262823143137,-0.96889801096172423,0.033281391471566606,-0.24521213945506534,8.8139125009864986e-05,4.1411546811054431e-05
3.5800299644470215,1790954208.0926471,0.00055003166198730469,0.085905105783160907,0.086515971021358926,-0.086655597361518469,0.02806489437206882,0.33527774930811072,0.0054977871437821386,0.057789999999999994,0.0058209999999999998,0.207313,3.0066088892405518,1.3207080982766293,3.0977848893647355,0.05776763113962928,0.0058204407143139167,0.20722774845078978,-0.24722363279952597,-0.08684847668888801,0.96505845288367098,0.01082218738607026,0.99566545138341334,0.092375262823143137,-0.96889801096172423,0.033281391471566606,-0.24521213945506534,8.8139125009864986e-05,4.1411546811054431e-05
3.5850579738616943,1790954208.0976751,0.00057816505432128906,0.085905105783160907,0.086515971021358926,-0.086655597361518469,0.02806489437206882,0.33527774930811072,0.0054977871437821386,0.057789999999999994,0.0058209999999999998,0.207313,3.0066088892405518,1.3207080982766293,3.0977848893647355,0.05776763113962928,0.0058204407143139167,0.20722774845078978,-0.24722363279952597,-0.08684847668888801,0.96505845288367098,0.01082218738607026,0.99566545138341334,0.092375262823143137,-0.96889801096172423,0.033281391471566606,-0.24521213945506534,8.8139125009864986e-05,4.1411546811054431e-05
3.5900559425354004,1790954208.1026731,0.00057315826416015625,0.085905105783160907,0.086515971021358926,-0.086655597361518469,0.02806489437206882,0.33527774930811072,0.0054977871437821386,0.057789999999999994,0.0058209999999999998,0.207313,3.0066088892405518,1.3207080982766293,3.0977848893647355,0.05776763113962928,0.0058204407143139167,0.20722774845078978,-0.24722363279952597,-0.08684847668888801,0.96505845288367098,0.01082218738607026,0.99566545138341334,0.092375262823143137,-0.96889801096172423,0.033281391471566606,-0.24521213945506534,8.8139125009864986e-05,4.1411546811054431e-05
3.59505295753479,1790954208.1076701,0.00057196617126464844,0.085905105783160907,0.086515971021358926,-0.086655597361518469,0.02806489437206882,0.33527774930811072,0.0054977871437821386,0.057789999999999994,0.0058209999999999998,0.207313,3.0066088892405518,1.3207080982766293,3.0977848893647355,0.05776763113962928,0.0058204407143139167,0.20722774845078978,-0.24722363279952597,-0.08684847668888801,0.96505845288367098,0.01082218738607026,0.99566545138341334,0.092375262823143137,-0.96889801096172423,0.033281391471566606,-0.24521213945506534,8.8139125009864986e-05,4.1411546811054431e-05
3.6000537872314453,1790954208.1126709,0.00057482719421386719,0.085905105783160907,0.086515971021358926,-0.086655597361518469,0.02806489437206882,0.33527774930811072,0.0054977871437821386,0.057789999999999994,0.0058209999999999998,0.207313,3.0066088892405518,1.3207080982766293,3.0977848893647355,0.05776763113962928,0.0058204407143139167,0.20722774845078978,-0.24722363279952597,-0.08684847668888801,0.96505845288367098,0.01082218738607026,0.99566545138341334,0.092375262823143137,-0.96889801096172423,0.033281391471566606,-0.24521213945506534,8.8139125009864986e-05,4.1411546811054431e-05
3.6050548553466797,1790954208.117672,0.00057506561279296875,0.085905105783160907,0.086515971021358926,-0.086655597361518469,0.02806489437206882,0.33527774930811072,0.0054977871437821386,0.057789999999999994,0.0058209999999999998,0.207313,3.0066088892405518,1.3207080982766293,3.0977848893647355,0.05776763113962928,0.0058204407143139167,0.20722774845078978,-0.24722363279952597,-0.08684847668888801,0.96505845288367098,0.01082218738607026,0.99566545138341334,0.092375262823143137,-0.96889801096172423,0.033281391471566606,-0.24521213945506534,8.8139125009864986e-05,4.1411546811054431e-05
3.6100528240203857,1790954208.1226699,0.00056791305541992188,0.085905105783160907,0.086515971021358926,-0.086655597361518469,0.02806489437206882,0.33527774930811072,0.0054977871437821386,0.057789999999999994,0.0058209999999999998,0.207313,3.0066088892405518,1.3207080982766293,3.0977848893647355,0.05776763113962928,0.0058204407143139167,0.20722774845078978,-0.24722363279952597,-0.08684847668888801,0.96505845288367098,0.01082218738607026,0.99566545138341334,0.092375262823143137,-0.96889801096172423,0.033281391471566606,-0.24521213945506534,8.8139125009864986e-05,4.1411546811054431e-05
3.6150519847869873,1790954208.1276691,0.00057506561279296875,0.085905105783160907,0.086515971021358926,-0.086655597361518469,0.02806489437206882,0.33527774930811072,0.0054977871437821386,0.057789999999999994,0.0058209999999999998,0.207313,3.0066088892405518,1.3207080982766293,3.0977848893647355,0.05776763113962928,0.0058204407143139167,0.20722774845078978,-0.24722363279952597,-0.08684847668888801,0.96505845288367098,0.01082218738607026,0.99566545138341334,0.092375262823143137,-0.96889801096172423,0.033281391471566606,-0.24521213945506534,8.8139125009864986e-05,4.1411546811054431e-05
3.6200518608093262,1790954208.132669,0.00057387351989746094,0.085905105783160907,0.086515971021358926,-0.086655597361518469,0.02806489437206882,0.33527774930811072,0.0054977871437821386,0.057789999999999994,0.0058209999999999998,0.207313,3.0066088892405518,1.3207080982766293,3.0977848893647355,0.05776763113962928,0.0058204407143139167,0.20722774845078978,-0.24722363279952597,-0.08684847668888801,0.96505845288367098,0.01082218738607026,0.99566545138341334,0.092375262823143137,-0.96889801096172423,0.033281391471566606,-0.24521213945506534,8.8139125009864986e-05,4.1411546811054431e-05
3.6250507831573486,1790954208.1376679,0.00057291984558105469,0.085905105783160907,0.086515971021358926,-0.086655597361518469,0.02806489437206882,0.33527774930811072,0.0054977871437821386,0.057789999999999994,0.0058209999999999998,0.207313,3.0066088892405518,1.3207080982766293,3.0977848893647355,0.05776763113962928,0.0058204407143139167,0.20722774845078978,-0.24722363279952597,-0.08684847668888801,0.96505845288367098,0.01082218738607026,0.99566545138341334,0.092375262823143137,-0.96889801096172423,0.033281391471566606,-0.24521213945506534,8.8139125009864986e-05,4.1411546811054431e-05
3.6300268173217773,1790954208.1426439,0.00055003166198730469,0.085905105783160907,0.086515971021358926,-0.086655597361518469,0.02806489437206882,0.33527774930811072,0.0054977871437821386,0.057789999999999994,0.0058209999999999998,0.207313,3.0066088892405518,1.3207080982766293,3.0977848893647355,0.05776763113962928,0.0058204407143139167,0.20722774845078978,-0.24722363279952597,-0.08684847668888801,0.96505845288367098,0.01082218738607026,0.99566545138341334,0.092375262823143137,-0.96889801096172423,0.033281391471566606,-0.24521213945506534,8.8139125009864986e-05,4.1411546811054431e-05
3.6350557804107666,1790954208.1476729,0.00057578086853027344,0.085905105783160907,0.086515971021358926,-0.086655597361518469,0.02806489437206882,0.33527774930811072,0.0054977871437821386,0.057789999999999994,0.0058209999999999998,0.207313,3.0066088892405518,1.3207080982766293,3.0977848893647355,0.05776763113962928,0.0058204407143139167,0.20722774845078978,-0.24722363279952597,-0.08684847668888801,0.96505845288367098,0.01082218738607026,0.99566545138341334,0.092375262823143137,-0.96889801096172423,0.033281391471566606,-0.24521213945506534,8.8139125009864986e-05,4.1411546811054431e-05
3.6400558948516846,1790954208.152673,0.000576019287109375,0.085905105783160907,0.086515971021358926,-0.086655597361518469,0.02806489437206882,0.33527774930811072,0.0054977871437821386,0.057789999999999994,0.0058209999999999998,0.207313,3.0066088892405518,1.3207080982766293,3.0977848893647355,0.05776763113962928,0.0058204407143139167,0.20722774845078978,-0.24722363279952597,-0.08684847668888801,0.96505845288367098,0.01082218738607026,0.99566545138341334,0.092375262823143137,-0.96889801096172423,0.033281391471566606,-0.24521213945506534,8.8139125009864986e-05,4.1411546811054431e-05
3.6450538635253906,1790954208.157671,0.0005779266357421875,0.085905105783160907,0.086515971021358926,-0.086655597361518469,0.02806489437206882,0.33527774930811072,0.0054977871437821386,0.057789999999999994,0.0058209999999999998,0.207313,3.0066088892405518,1.3207080982766293,3.0977848893647355,0.05776763113962928,0.0058204407143139167,0.20722774845078978,-0.24722363279952597,-0.08684847668888801,0.96505845288367098,0.01082218738607026,0.99566545138341334,0.092375262823143137,-0.96889801096172423,0.033281391471566606,-0.24521213945506534,8.8139125009864986e-05,4.1411546811054431e-05
3.6500298976898193,1790954208.162647,0.00060105323791503906,0.085905105783160907,0.086515971021358926,-0.086655597361518469,0.02806489437206882,0.33527774930811072,0.0054977871437821386,0.057789999999999994,0.0058209999999999998,0.207313,3.0066088892405518,1.3207080982766293,3.0977848893647355,0.05776763113962928,0.0058204407143139167,0.20722774845078978,-0.24722363279952597,-0.08684847668888801,0.96505845288367098,0.01082218738607026,0.99566545138341334,0.092375262823143137,-0.96889801096172423,0.033281391471566606,-0.24521213945506534,8.8139125009864986e-05,4.1411546811054431e-05
3.6550529003143311,1790954208.16767,0.00057196617126464844,0.085905105783160907,0.086515971021358926,-0.086655597361518469,0.02806489437206882,0.33527774930811072,0.0054977871437821386,0.057789999999999994,0.0058209999999999998,0.207313,3.0066088892405518,1.3207080982766293,3.0977848893647355,0.05776763113962928,0.0058204407143139167,0.20722774845078978,-0.24722363279952597,-0.08684847668888801,0.96505845288367098,0.01082218738607026,0.99566545138341334,0.092375262823143137,-0.96889801096172423,0.033281391471566606,-0.24521213945506534,8.8139125009864986e-05,4.1411546811054431e-05
3.6600308418273926,1790954208.172648,0.00060105323791503906,0.085905105783160907,0.086515971021358926,-0.086655597361518469,0.02806489437206882,0.33527774930811072,0.0054977871437821386,0.057789999999999994,0.0058209999999999998,0.207313,3.0066088892405518,1.3207080982766293,3.0977848893647355,0.05776763113962928,0.0058204407143139167,0.20722774845078978,-0.24722363279952597,-0.08684847668888801,0.96505845288367098,0.01082218738607026,0.99566545138341334,0.092375262823143137,-0.96889801096172423,0.033281391471566606,-0.24521213945506534,8.8139125009864986e-05,4.1411546811054431e-05
3.6650528907775879,1790954208.17767,0.00057697296142578125,0.085905105783160907,0.086515971021358926,-0.086655597361518469,0.02806489437206882,0.33527774930811072,0.0054977871437821386,0.057789999999999994,0.0058209999999999998,0.207313,3.0066088892405518,1.3207080982766293,3.0977848893647355,0.05776763113962928,0.0058204407143139167,0.20722774845078978,-0.24722363279952597,-0.08684847668888801,0.96505845288367098,0.01082218738607026,0.99566545138341334,0.092375262823143137,-0.96889801096172423,0.033281391471566606,-0.24521213945506534,8.8139125009864986e-05,4.1411546811054431e-05
3.6700539588928223,1790954208.1826711,0.00057315826416015625,0.085905105783160907,0.086515971021358926,-0.086655597361518469,0.02806489437206882,0.33527774930811072,0.0054977871437821386,0.057789999999999994,0.0058209999999999998,0.207313,3.0066088892405518,1.3207080982766293,3.0977848893647355,0.05776763113962928,0.0058204407143139167,0.20722774845078978,-0.24722363279952597,-0.08684847668888801,0.96505845288367098,0.01082218738607026,0.99566545138341334,0.092375262823143137,-0.96889801096172423,0.033281391471566606,-0.24521213945506534,8.8139125009864986e-05,4.1411546811054431e-05
3.6750538349151611,1790954208.1876709,0.00057387351989746094,0.085905105783160907,0.086515971021358926,-0.086655597361518469,0.02806489437206882,0.33527774930811072,0.0054977871437821386,0.057789999999999994,0.0058209999999999998,0.207313,3.0066088892405518,1.3207080982766293,3.0977848893647355,0.05776763113962928,0.0058204407143139167,0.20722774845078978,-0.24722363279952597,-0.08684847668888801,0.96505845288367098,0.01082218738607026,0.99566545138341334,0.092375262823143137,-0.96889801096172423,0.033281391471566606,-0.24521213945506534,8.8139125009864986e-05,4.1411546811054431e-05
3.6800267696380615,1790954208.1926439,0.000598907470703125,0.085905105783160907,0.086515971021358926,-0.086655597361518469,0.02806489437206882,0.33527774930811072,0.0054977871437821386,0.057789999999999994,0.0058209999999999998,0.207313,3.0066088892405518,1.3207080982766293,3.0977848893647355,0.05776763113962928,0.0058204407143139167,0.20722774845078978,-0.24722363279952597,-0.08684847668888801,0.96505845288367098,0.01082218738607026,0.99566545138341334,0.092375262823143137,-0.96889801096172423,0.033281391471566606,-0.24521213945506534,8.8139125009864986e-05,4.1411546811054431e-05
3.6850559711456299,1790954208.1976731,0.00057315826416015625,0.085905105783160907,0.086515971021358926,-0.086655597361518469,0.02806489437206882,0.33527774930811072,0.0054977871437821386,0.057789999999999994,0.0058209999999999998,0.207313,3.0066088892405518,1.3207080982766293,3.0977848893647355,0.05776763113962928,0.0058204407143139167,0.20722774845078978,-0.24722363279952597,-0.08684847668888801,0.96505845288367098,0.01082218738607026,0.99566545138341334,0.092375262823143137,-0.96889801096172423,0.033281391471566606,-0.24521213945506534,8.8139125009864986e-05,4.1411546811054431e-05
3.6900298595428467,1790954208.202647,0.00059986114501953125,0.085905105783160907,0.086515971021358926,-0.086655597361518469,0.02806489437206882,0.33527774930811072,0.0054977871437821386,0.057789999999999994,0.0058209999999999998,0.207313,3.0066088892405518,1.3207080982766293,3.0977848893647355,0.05776763113962928,0.0058204407143139167,0.20722774845078978,-0.24722363279952597,-0.08684847668888801,0.96505845288367098,0.01082218738607026,0.99566545138341334,0.092375262823143137,-0.96889801096172423,0.033281391471566606,-0.24521213945506534,8.8139125009864986e-05,4.1411546811054431e-05
3.695051908493042,1790954208.207669,0.0005741119384765625,0.085905105783160907,0.086515971021358926,-0.086655597361518469,0.02806489437206882,0.33527774930811072,0.0054977871437821386,0.057789999999999994,0.0058209999999999998,0.207313,3.0066088892405518,1.3207080982766293,3.0977848893647355,0.05776763113962928,0.0058204407143139167,0.20722774845078978,-0.24722363279952597,-0.08684847668888801,0.96505845288367098,0.01082218738607026,0.99566545138341334,0.092375262823143137,-0.96889801096172423,0.033281391471566606,-0.24521213945506534,8.8139125009864986e-05,4.1411546811054431e-05
3.7000517845153809,1790954208.2126689,0.00057387351989746094,0.085905105783160907,0.086515971021358926,-0.086655597361518469,0.02806489437206882,0.33527774930811072,0.0054977871437821386,0.057789999999999994,0.0058209999999999998,0.207313,3.0066088892405518,1.3207080982766293,3.0977848893647355,0.05776763113962928,0.0058204407143139167,0.20722774845078978,-0.24722363279952597,-0.08684847668888801,0.96505845288367098,0.01082218738607026,0.99566545138341334,0.092375262823143137,-0.96889801096172423,0.033281391471566606,-0.24521213945506534,8.8139125009864986e-05,4.1411546811054431e-05
3.7050518989562988,1790954208.217669,0.0005741119384765625,0.085905105783160907,0.086515971021358926,-0.086655597361518469,0.02806489437206882,0.33527774930811072,0.0054977871437821386,0.057789999999999994,0.0058209999999999998,0.207313,3.0066088892405518,1.3207080982766293,3.0977848893647355,0.05776763113962928,0.0058204407143139167,0.20722774845078978,-0.24722363279952597,-0.08684847668888801,0.96505845288367098,0.01082218738607026,0.99566545138341334,0.092375262823143137,-0.96889801096172423,0.033281391471566606,-0.24521213945506534,8.8139125009864986e-05,4.1411546811054431e-05
3.7100269794464111,1790954208.2226441,0.00055003166198730469,0.085905105783160907,0.086515971021358926,-0.086655597361518469,0.02806489437206882,0.33527774930811072,0.0054977871437821386,0.057789999999999994,0.0058209999999999998,0.207313,3.0066088892405518,1.3207080982766293,3.0977848893647355,0.05776763113962928,0.0058204407143139167,0.20722774845078978,-0.24722363279952597,-0.08684847668888801,0.96505845288367098,0.01082218738607026,0.99566545138341334,0.092375262823143137,-0.96889801096172423,0.033281391471566606,-0.24521213945506534,8.8139125009864986e-05,4.1411546811054431e-05
3.7150518894195557,1790954208.227669,0.00057291984558105469,0.085905105783160907,0.086515971021358926,-0.086655597361518469,0.02806489437206882,0.33527774930811072,0.0054977871437821386,0.057789999999999994,0.0058209999999999998,0.207313,3.0066088892405518,1.3207080982766293,3.0977848893647355,0.05776763113962928,0.0058204407143139167,0.20722774845078978,-0.24722363279952597,-0.08684847668888801,0.96505845288367098,0.01082218738607026,0.99566545138341334,0.092375262823143137,-0.96889801096172423,0.033281391471566606,-0.24521213945506534,8.8139125009864986e-05,4.1411546811054431e-05
3.7200520038604736,1790954208.2326691,0.0005741119384765625,0.085905105783160907,0.086515971021358926,-0.086655597361518469,0.02806489437206882,0.33527774930811072,0.0054977871437821386,0.057789999999999994,0.0058209999999999998,0.207313,3.0066088892405518,1.3207080982766293,3.0977848893647355,0.05776763113962928,0.0058204407143139167,0.20722774845078978,-0.24722363279952597,-0.08684847668888801,0.96505845288367098,0.01082218738607026,0.99566545138341334,0.092375262823143137,-0.96889801096172423,0.033281391471566606,-0.24521213945506534,8.8139125009864986e-05,4.1411546811054431e-05
3.725078821182251,1790954208.2376959,0.000598907470703125,0.085905105783160907,0.086515971021358926,-0.086655597361518469,0.02806489437206882,0.33527774930811072,0.0054977871437821386,0.057789999999999994,0.0058209999999999998,0.207313,3.0066088892405518,1.3207080982766293,3.0977848893647355,0.05776763113962928,0.0058204407143139167,0.20722774845078978,-0.24722363279952597,-0.08684847668888801,0.96505845288367098,0.01082218738607026,0.99566545138341334,0.092375262823143137,-0.96889801096172423,0.033281391471566606,-0.24521213945506534,8.8139125009864986e-05,4.1411546811054431e-05
3.7300529479980469,1790954208.2426701,0.00057506561279296875,0.085905105783160907,0.086515971021358926,-0.086655597361518469,0.02806489437206882,0.33527774930811072,0.0054977871437821386,0.057789999999999994,0.0058209999999999998,0.207313,3.0066088892405518,1.3207080982766293,3.0977848893647355,0.05776763113962928,0.0058204407143139167,0.20722774845078978,-0.24722363279952597,-0.08684847668888801,0.96505845288367098,0.01082218738607026,0.99566545138341334,0.092375262823143137,-0.96889801096172423,0.033281391471566606,-0.24521213945506534,8.8139125009864986e-05,4.1411546811054431e-05
3.7350549697875977,1790954208.2476721,0.00057506561279296875,0.085905105783160907,0.086515971021358926,-0.086655597361518469,0.02806489437206882,0.33527774930811072,0.0054977871437821386,0.057789999999999994,0.0058209999999999998,0.207313,3.0066088892405518,1.3207080982766293,3.0977848893647355,0.05776763113962928,0.0058204407143139167,0.20722774845078978,-0.24722363279952597,-0.08684847668888801,0.96505845288367098,0.01082218738607026,0.99566545138341334,0.092375262823143137,-0.96889801096172423,0.033281391471566606,-0.24521213945506534,8.8139125009864986e-05,4.1411546811054431e-05
3.7400538921356201,1790954208.252671,0.00057291984558105469,0.085905105783160907,0.086515971021358926,-0.086655597361518469,0.02806489437206882,0.33527774930811072,0.0054977871437821386,0.057789999999999994,0.0058209999999999998,0.207313,3.0066088892405518,1.3207080982766293,3.0977848893647355,0.05776763113962928,0.0058204407143139167,0.20722774845078978,-0.24722363279952597,-0.08684847668888801,0.96505845288367098,0.01082218738607026,0.99566545138341334,0.092375262823143137,-0.96889801096172423,0.033281391471566606,-0.24521213945506534,8.8139125009864986e-05,4.1411546811054431e-05
3.7450518608093262,1790954208.257669,0.000576019287109375,0.085905105783160907,0.086515971021358926,-0.086655597361518469,0.02806489437206882,0.33527774930811072,0.0054977871437821386,0.057789999999999994,0.0058209999999999998,0.207313,3.0066088892405518,1.3207080982766293,3.0977848893647355,0.05776763113962928,0.0058204407143139167,0.20722774845078978,-0.24722363279952597,-0.08684847668888801,0.96505845288367098,0.01082218738607026,0.99566545138341334,0.092375262823143137,-0.96889801096172423,0.033281391471566606,-0.24521213945506534,8.8139125009864986e-05,4.1411546811054431e-05
3.7500557899475098,1790954208.2626729,0.00063085556030273438,0.085905105783160907,0.086515971021358926,-0.086655597361518469,0.02806489437206882,0.33527774930811072,0.0054977871437821386,0.057789999999999994,0.0058209999999999998,0.207313,3.0066088892405518,1.3207080982766293,3.0977848893647355,0.05776763113962928,0.0058204407143139167,0.20722774845078978,-0.24722363279952597,-0.08684847668888801,0.96505845288367098,0.01082218738607026,0.99566545138341334,0.092375262823143137,-0.96889801096172423,0.033281391471566606,-0.24521213945506534,8.8139125009864986e-05,4.1411546811054431e-05
3.7550568580627441,1790954208.267674,0.000576019287109375,0.085905105783160907,0.086515971021358926,-0.086655597361518469,0.02806489437206882,0.33527774930811072,0.0054977871437821386,0.057789999999999994,0.0058209999999999998,0.207313,3.0066088892405518,1.3207080982766293,3.0977848893647355,0.05776763113962928,0.0058204407143139167,0.20722774845078978,-0.24722363279952597,-0.08684847668888801,0.96505845288367098,0.01082218738607026,0.99566545138341334,0.092375262823143137,-0.96889801096172423,0.033281391471566606,-0.24521213945506534,8.8139125009864986e-05,4.1411546811054431e-05
3.7600538730621338,1790954208.272671,0.00057196617126464844,0.085905105783160907,0.086515971021358926,-0.086655597361518469,0.02806489437206882,0.33527774930811072,0.0054977871437821386,0.057789999999999994,0.0058209999999999998,0.207313,3.0066088892405518,1.3207080982766293,3.0977848893647355,0.05776763113962928,0.0058204407143139167,0.20722774845078978,-0.24722363279952597,-0.08684847668888801,0.96505845288367098,0.01082218738607026,0.99566545138341334,0.092375262823143137,-0.96889801096172423,0.033281391471566606,-0.24521213945506534,8.8139125009864986e-05,4.1411546811054431e-05
3.7650508880615234,1790954208.277668,0.00057101249694824219,0.085905105783160907,0.086515971021358926,-0.086655597361518469,0.02806489437206882,0.33527774930811072,0.0054977871437821386,0.057789999999999994,0.0058209999999999998,0.207313,3.0066088892405518,1.3207080982766293,3.0977848893647355,0.05776763113962928,0.0058204407143139167,0.20722774845078978,-0.24722363279952597,-0.08684847668888801,0.96505845288367098,0.01082218738607026,0.99566545138341334,0.092375262823143137,-0.96889801096172423,0.033281391471566606,-0.24521213945506534,8.8139125009864986e-05,4.1411546811054431e-05
3.7700569629669189,1790954208.2826741,0.00057315826416015625,0.085905105783160907,0.086515971021358926,-0.086655597361518469,0.02806489437206882,0.33527774930811072,0.0054977871437821386,0.057789999999999994,0.0058209999999999998,0.207313,3.0066088892405518,1.3207080982766293,3.0977848893647355,0.05776763113962928,0.0058204407143139167,0.20722774845078978,-0.24722363279952597,-0.08684847668888801,0.96505845288367098,0.01082218738607026,0.99566545138341334,0.092375262823143137,-0.96889801096172423,0.033281391471566606,-0.24521213945506534,8.8139125009864986e-05,4.1411546811054431e-05
3.7750608921051025,1790954208.287678,0.00057697296142578125,0.085905105783160907,0.086515971021358926,-0.086655597361518469,0.02806489437206882,0.33527774930811072,0.0054977871437821386,0.057789999999999994,0.0058209999999999998,0.207313,3.0066088892405518,1.3207080982766293,3.0977848893647355,0.05776763113962928,0.0058204407143139167,0.20722774845078978,-0.24722363279952597,-0.08684847668888801,0.96505845288367098,0.01082218738607026,0.99566545138341334,0.092375262823143137,-0.96889801096172423,0.033281391471566606,-0.24521213945506534,8.8139125009864986e-05,4.1411546811054431e-05
3.7800529003143311,1790954208.29267,0.0005741119384765625,0.085905105783160907,0.086515971021358926,-0.086655597361518469,0.02806489437206882,0.33527774930811072,0.0054977871437821386,0.057789999999999994,0.0058209999999999998,0.207313,3.0066088892405518,1.3207080982766293,3.0977848893647355,0.05776763113962928,0.0058204407143139167,0.20722774845078978,-0.24722363279952597,-0.08684847668888801,0.96505845288367098,0.01082218738607026,0.99566545138341334,0.092375262823143137,-0.96889801096172423,0.033281391471566606,-0.24521213945506534,8.8139125009864986e-05,4.1411546811054431e-05
3.7850549221038818,1790954208.297672,0.0005741119384765625,0.085905105783160907,0.086515971021358926,-0.086655597361518469,0.02806489437206882,0.33527774930811072,0.0054977871437821386,0.057789999999999994,0.0058209999999999998,0.207313,3.0066088892405518,1.3207080982766293,3.0977848893647355,0.05776763113962928,0.0058204407143139167,0.20722774845078978,-0.24722363279952597,-0.08684847668888801,0.96505845288367098,0.01082218738607026,0.99566545138341334,0.092375262823143137,-0.96889801096172423,0.033281391471566606,-0.24521213945506534,8.8139125009864986e-05,4.1411546811054431e-05
3.790057897567749,1790954208.302675,0.00056910514831542969,0.085905105783160907,0.086515971021358926,-0.086655597361518469,0.02806489437206882,0.33527774930811072,0.0054977871437821386,0.057789999999999994,0.0058209999999999998,0.207313,3.0066088892405518,1.3207080982766293,3.0977848893647355,0.05776763113962928,0.0058204407143139167,0.20722774845078978,-0.24722363279952597,-0.08684847668888801,0.96505845288367098,0.01082218738607026,0.99566545138341334,0.092375262823143137,-0.96889801096172423,0.033281391471566606,-0.24521213945506534,8.8139125009864986e-05,4.1411546811054431e-05
3.7950508594512939,1790954208.307668,0.00057291984558105469,0.085905105783160907,0.086515971021358926,-0.086655597361518469,0.02806489437206882,0.33527774930811072,0.0054977871437821386,0.057789999999999994,0.0058209999999999998,0.207313,3.0066088892405518,1.3207080982766293,3.0977848893647355,0.05776763113962928,0.0058204407143139167,0.20722774845078978,-0.24722363279952597,-0.08684847668888801,0.96505845288367098,0.01082218738607026,0.99566545138341334,0.092375262823143137,-0.96889801096172423,0.033281391471566606,-0.24521213945506534,8.8139125009864986e-05,4.1411546811054431e-05
3.8000538349151611,1790954208.3126709,0.00057697296142578125,0.085905105783160907,0.086515971021358926,-0.086655597361518469,0.02806489437206882,0.33527774930811072,0.0054977871437821386,0.057789999999999994,0.0058209999999999998,0.207313,3.0066088892405518,1.3207080982766293,3.0977848893647355,0.05776763113962928,0.0058204407143139167,0.20722774845078978,-0.24722363279952597,-0.08684847668888801,0.96505845288367098,0.01082218738607026,0.99566545138341334,0.092375262823143137,-0.96889801096172423,0.033281391471566606,-0.24521213945506534,8.8139125009864986e-05,4.1411546811054431e-05
3.8050568103790283,1790954208.3176739,0.00057888031005859375,0.085905105783160907,0.086515971021358926,-0.086655597361518469,0.02806489437206882,0.33527774930811072,0.0054977871437821386,0.057789999999999994,0.0058209999999999998,0.207313,3.0066088892405518,1.3207080982766293,3.0977848893647355,0.05776763113962928,0.0058204407143139167,0.20722774845078978,-0.24722363279952597,-0.08684847668888801,0.96505845288367098,0.01082218738607026,0.99566545138341334,0.092375262823143137,-0.96889801096172423,0.033281391471566606,-0.24521213945506534,8.8139125009864986e-05,4.1411546811054431e-05
3.8100519180297852,1790954208.322669,0.00057196617126464844,0.085905105783160907,0.086515971021358926,-0.086655597361518469,0.02806489437206882,0.33527774930811072,0.0054977871437821386,0.057789999999999994,0.0058209999999999998,0.207313,3.0066088892405518,1.3207080982766293,3.0977848893647355,0.05776763113962928,0.0058204407143139167,0.20722774845078978,-0.24722363279952597,-0.08684847668888801,0.96505845288367098,0.01082218738607026,0.99566545138341334,0.092375262823143137,-0.96889801096172423,0.033281391471566606,-0.24521213945506534,8.8139125009864986e-05,4.1411546811054431e-05
3.8150539398193359,1790954208.3276711,0.000576019287109375,0.085905105783160907,0.086515971021358926,-0.086655597361518469,0.02806489437206882,0.33527774930811072,0.0054977871437821386,0.057789999999999994,0.0058209999999999998,0.207313,3.0066088892405518,1.3207080982766293,3.0977848893647355,0.05776763113962928,0.0058204407143139167,0.20722774845078978,-0.24722363279952597,-0.08684847668888801,0.96505845288367098,0.01082218738607026,0.99566545138341334,0.092375262823143137,-0.96889801096172423,0.033281391471566606,-0.24521213945506534,8.8139125009864986e-05,4.1411546811054431e-05
3.8200550079345703,1790954208.3326721,0.0005741119384765625,0.085905105783160907,0.086515971021358926,-0.086655597361518469,0.02806489437206882,0.33527774930811072,0.0054977871437821386,0.057789999999999994,0.0058209999999999998,0.207313,3.0066088892405518,1.3207080982766293,3.0977848893647355,0.05776763113962928,0.0058204407143139167,0.20722774845078978,-0.24722363279952597,-0.08684847668888801,0.96505845288367098,0.01082218738607026,0.99566545138341334,0.092375262823143137,-0.96889801096172423,0.033281391471566606,-0.24521213945506534,8.8139125009864986e-05,4.1411546811054431e-05
3.825070858001709,1790954208.337688,0.00059103965759277344,0.085905105783160907,0.086515971021358926,-0.086655597361518469,0.02806489437206882,0.33527774930811072,0.0054977871437821386,0.057789999999999994,0.0058209999999999998,0.207313,3.0066088892405518,1.3207080982766293,3.0977848893647355,0.05776763113962928,0.0058204407143139167,0.20722774845078978,-0.24722363279952597,-0.08684847668888801,0.96505845288367098,0.01082218738607026,0.99566545138341334,0.092375262823143137,-0.96889801096172423,0.033281391471566606,-0.24521213945506534,8.8139125009864986e-05,4.1411546811054431e-05
3.8300538063049316,1790954208.3426709,0.00057196617126464844,0.085905105783160907,0.086515971021358926,-0.086655597361518469,0.02806489437206882,0.33527774930811072,0.0054977871437821386,0.057789999999999994,0.0058209999999999998,0.207313,3.0066088892405518,1.3207080982766293,3.0977848893647355,0.05776763113962928,0.0058204407143139167,0.20722774845078978,-0.24722363279952597,-0.08684847668888801,0.96505845288367098,0.01082218738607026,0.99566545138341334,0.092375262823143137,-0.96889801096172423,0.033281391471566606,-0.24521213945506534,8.8139125009864986e-05,4.1411546811054431e-05
3.8350579738616943,1790954208.3476751,0.000576019287109375,0.085905105783160907,0.086515971021358926,-0.086655597361518469,0.02806489437206882,0.33527774930811072,0.0054977871437821386,0.057789999999999994,0.0058209999999999998,0.207313,3.0066088892405518,1.3207080982766293,3.0977848893647355,0.05776763113962928,0.0058204407143139167,0.20722774845078978,-0.24722363279952597,-0.08684847668888801,0.96505845288367098,0.01082218738607026,0.99566545138341334,0.092375262823143137,-0.96889801096172423,0.033281391471566606,-0.24521213945506534,8.8139125009864986e-05,4.1411546811054431e-05
3.8400537967681885,1790954208.3526709,0.00057387351989746094,0.085905105783160907,0.086515971021358926,-0.086655597361518469,0.02806489437206882,0.33527774930811072,0.0054977871437821386,0.057789999999999994,0.0058209999999999998,0.207313,3.0066088892405518,1.3207080982766293,3.0977848893647355,0.05776763113962928,0.0058204407143139167,0.20722774845078978,-0.24722363279952597,-0.08684847668888801,0.96505845288367098,0.01082218738607026,0.99566545138341334,0.092375262823143137,-0.96889801096172423,0.033281391471566606,-0.24521213945506534,8.8139125009864986e-05,4.1411546811054431e-05
3.8450548648834229,1790954208.357672,0.00057291984558105469,0.085905105783160907,0.086515971021358926,-0.086655597361518469,0.02806489437206882,0.33527774930811072,0.0054977871437821386,0.057789999999999994,0.0058209999999999998,0.207313,3.0066088892405518,1.3207080982766293,3.0977848893647355,0.05776763113962928,0.0058204407143139167,0.20722774845078978,-0.24722363279952597,-0.08684847668888801,0.96505845288367098,0.01082218738607026,0.99566545138341334,0.092375262823143137,-0.96889801096172423,0.033281391471566606,-0.24521213945506534,8.8139125009864986e-05,4.1411546811054431e-05
3.8500268459320068,1790954208.362644,0.00054693222045898438,0.085905105783160907,0.086515971021358926,-0.086655597361518469,0.02806489437206882,0.33527774930811072,0.0054977871437821386,0.057789999999999994,0.0058209999999999998,0.207313,3.0066088892405518,1.3207080982766293,3.0977848893647355,0.05776763113962928,0.0058204407143139167,0.20722774845078978,-0.24722363279952597,-0.08684847668888801,0.96505845288367098,0.01082218738607026,0.99566545138341334,0.092375262823143137,-0.96889801096172423,0.033281391471566606,-0.24521213945506534,8.8139125009864986e-05,4.1411546811054431e-05
3.8550519943237305,1790954208.3676691,0.00057220458984375,0.085905105783160907,0.086515971021358926,-0.086655597361518469,0.02806489437206882,0.33527774930811072,0.0054977871437821386,0.057789999999999994,0.0058209999999999998,0.207313,3.0066088892405518,1.3207080982766293,3.0977848893647355,0.05776763113962928,0.0058204407143139167,0.20722774845078978,-0.24722363279952597,-0.08684847668888801,0.96505845288367098,0.01082218738607026,0.99566545138341334,0.092375262823143137,-0.96889801096172423,0.033281391471566606,-0.24521213945506534,8.8139125009864986e-05,4.1411546811054431e-05
3.8600277900695801,1790954208.3726449,0.00054597854614257812,0.085905105783160907,0.086515971021358926,-0.086655597361518469,0.02806489437206882,0.33527774930811072,0.0054977871437821386,0.057789999999999994,0.0058209999999999998,0.207313,3.0066088892405518,1.3207080982766293,3.0977848893647355,0.05776763113962928,0.0058204407143139167,0.20722774845078978,-0.24722363279952597,-0.08684847668888801,0.96505845288367098,0.01082218738607026,0.99566545138341334,0.092375262823143137,-0.96889801096172423,0.033281391471566606,-0.24521213945506534,8.8139125009864986e-05,4.1411546811054431e-05
3.8650519847869873,1790954208.3776691,0.00056910514831542969,0.085905105783160907,0.086515971021358926,-0.086655597361518469,0.02806489437206882,0.33527774930811072,0.0054977871437821386,0.057789999999999994,0.0058209999999999998,0.207313,3.0066088892405518,1.3207080982766293,3.0977848893647355,0.05776763113962928,0.0058204407143139167,0.20722774845078978,-0.24722363279952597,-0.08684847668888801,0.96505845288367098,0.01082218738607026,0.99566545138341334,0.092375262823143137,-0.96889801096172423,0.033281391471566606,-0.24521213945506534,8.8139125009864986e-05,4.1411546811054431e-05
3.8700509071350098,1790954208.382668,0.00056505203247070312,0.085905105783160907,0.086515971021358926,-0.086655597361518469,0.02806489437206882,0.33527774930811072,0.0054977871437821386,0.057789999999999994,0.0058209999999999998,0.207313,3.0066088892405518,1.3207080982766293,3.0977848893647355,0.05776763113962928,0.0058204407143139167,0.20722774845078978,-0.24722363279952597,-0.08684847668888801,0.96505845288367098,0.01082218738607026,0.99566545138341334,0.092375262823143137,-0.96889801096172423,0.033281391471566606,-0.24521213945506534,8.8139125009864986e-05,4.1411546811054431e-05
3.8750548362731934,1790954208.3876719,0.00057291984558105469,0.085905105783160907,0.086515971021358926,-0.086655597361518469,0.02806489437206882,0.33527774930811072,0.0054977871437821386,0.057789999999999994,0.0058209999999999998,0.207313,3.0066088892405518,1.3207080982766293,3.0977848893647355,0.05776763113962928,0.0058204407143139167,0.20722774845078978,-0.24722363279952597,-0.08684847668888801,0.96505845288367098,0.01082218738607026,0.99566545138341334,0.092375262823143137,-0.96889801096172423,0.033281391471566606,-0.24521213945506534,8.8139125009864986e-05,4.1411546811054431e-05
3.8800528049468994,1790954208.3926699,0.00057482719421386719,0.085905105783160907,0.086515971021358926,-0.086655597361518469,0.02806489437206882,0.33527774930811072,0.0054977871437821386,0.057789999999999994,0.0058209999999999998,0.207313,3.0066088892405518,1.3207080982766293,3.0977848893647355,0.05776763113962928,0.0058204407143139167,0.20722774845078978,-0.24722363279952597,-0.08684847668888801,0.96505845288367098,0.01082218738607026,0.99566545138341334,0.092375262823143137,-0.96889801096172423,0.033281391471566606,-0.24521213945506534,8.8139125009864986e-05,4.1411546811054431e-05
3.8850598335266113,1790954208.3976769,0.00057291984558105469,0.085905105783160907,0.086515971021358926,-0.086655597361518469,0.02806489437206882,0.33527774930811072,0.0054977871437821386,0.057789999999999994,0.0058209999999999998,0.207313,3.0066088892405518,1.3207080982766293,3.0977848893647355,0.05776763113962928,0.0058204407143139167,0.20722774845078978,-0.24722363279952597,-0.08684847668888801,0.96505845288367098,0.01082218738607026,0.99566545138341334,0.092375262823143137,-0.96889801096172423,0.033281391471566606,-0.24521213945506534,8.8139125009864986e-05,4.1411546811054431e-05
3.8900527954101562,1790954208.4026699,0.00057482719421386719,0.085905105783160907,0.086515971021358926,-0.086655597361518469,0.02806489437206882,0.33527774930811072,0.0054977871437821386,0.057789999999999994,0.0058209999999999998,0.207313,3.0066088892405518,1.3207080982766293,3.0977848893647355,0.05776763113962928,0.0058204407143139167,0.20722774845078978,-0.24722363279952597,-0.08684847668888801,0.96505845288367098,0.01082218738607026,0.99566545138341334,0.092375262823143137,-0.96889801096172423,0.033281391471566606,-0.24521213945506534,8.8139125009864986e-05,4.1411546811054431e-05
3.8950538635253906,1790954208.407671,0.00054907798767089844,0.085905105783160907,0.086515971021358926,-0.086655597361518469,0.02806489437206882,0.33527774930811072,0.0054977871437821386,0.057789999999999994,0.0058209999999999998,0.207313,3.0066088892405518,1.3207080982766293,3.0977848893647355,0.05776763113962928,0.0058204407143139167,0.20722774845078978,-0.24722363279952597,-0.08684847668888801,0.96505845288367098,0.01082218738607026,0.99566545138341334,0.092375262823143137,-0.96889801096172423,0.033281391471566606,-0.24521213945506534,8.8139125009864986e-05,4.1411546811054431e-05
3.9000868797302246,1790954208.412704,0.00060200691223144531,0.085905105783160907,0.086515971021358926,-0.086655597361518469,0.02806489437206882,0.33527774930811072,0.0054977871437821386,0.057789999999999994,0.0058209999999999998,0.207313,3.0066088892405518,1.3207080982766293,3.0977848893647355,0.05776763113962928,0.0058204407143139167,0.20722774845078978,-0.24722363279952597,-0.08684847668888801,0.96505845288367098,0.01082218738607026,0.99566545138341334,0.092375262823143137,-0.96889801096172423,0.033281391471566606,-0.24521213945506534,8.8139125009864986e-05,4.1411546811054431e-05
3.9050548076629639,1790954208.4176719,0.00052380561828613281,0.085905105783160907,0.086515971021358926,-0.086655597361518469,0.02806489437206882,0.33527774930811072,0.0054977871437821386,0.057789999999999994,0.0058209999999999998,0.207313,3.0066088892405518,1.3207080982766293,3.0977848893647355,0.05776763113962928,0.0058204407143139167,0.20722774845078978,-0.24722363279952597,-0.08684847668888801,0.96505845288367098,0.01082218738607026,0.99566545138341334,0.092375262823143137,-0.96889801096172423,0.033281391471566606,-0.24521213945506534,8.8139125009864986e-05,4.1411546811054431e-05
3.9100527763366699,1790954208.4226699,0.00054883956909179688,0.085905105783160907,0.086515971021358926,-0.086655597361518469,0.02806489437206882,0.33527774930811072,0.0054977871437821386,0.057789999999999994,0.0058209999999999998,0.207313,3.0066088892405518,1.3207080982766293,3.0977848893647355,0.05776763113962928,0.0058204407143139167,0.20722774845078978,-0.24722363279952597,-0.08684847668888801,0.96505845288367098,0.01082218738607026,0.99566545138341334,0.092375262823143137,-0.96889801096172423,0.033281391471566606,-0.24521213945506534,8.8139125009864986e-05,4.1411546811054431e-05
3.9151740074157715,1790954208.4277911,0.00069308280944824219,0.085905105783160907,0.086515971021358926,-0.086655597361518469,0.02806489437206882,0.33527774930811072,0.0054977871437821386,0.057789999999999994,0.0058209999999999998,0.207313,3.0066088892405518,1.3207080982766293,3.0977848893647355,0.05776763113962928,0.0058204407143139167,0.20722774845078978,-0.24722363279952597,-0.08684847668888801,0.96505845288367098,0.01082218738607026,0.99566545138341334,0.092375262823143137,-0.96889801096172423,0.033281391471566606,-0.24521213945506534,8.8139125009864986e-05,4.1411546811054431e-05
3.9200549125671387,1790954208.432672,0.0005741119384765625,0.085905105783160907,0.086515971021358926,-0.086655597361518469,0.02806489437206882,0.33527774930811072,0.0054977871437821386,0.057789999999999994,0.0058209999999999998,0.207313,3.0066088892405518,1.3207080982766293,3.0977848893647355,0.05776763113962928,0.0058204407143139167,0.20722774845078978,-0.24722363279952597,-0.08684847668888801,0.96505845288367098,0.01082218738607026,0.99566545138341334,0.092375262823143137,-0.96889801096172423,0.033281391471566606,-0.24521213945506534,8.8139125009864986e-05,4.1411546811054431e-05
3.9250547885894775,1790954208.4376719,0.00057482719421386719,0.085905105783160907,0.086515971021358926,-0.086655597361518469,0.02806489437206882,0.33527774930811072,0.0054977871437821386,0.057789999999999994,0.0058209999999999998,0.207313,3.0066088892405518,1.3207080982766293,3.0977848893647355,0.05776763113962928,0.0058204407143139167,0.20722774845078978,-0.24722363279952597,-0.08684847668888801,0.96505845288367098,0.01082218738607026,0.99566545138341334,0.092375262823143137,-0.96889801096172423,0.033281391471566606,-0.24521213945506534,8.8139125009864986e-05,4.1411546811054431e-05
3.9300518035888672,1790954208.4426689,0.00057387351989746094,0.085905105783160907,0.086515971021358926,-0.086655597361518469,0.02806489437206882,0.33527774930811072,0.0054977871437821386,0.057789999999999994,0.0058209999999999998,0.207313,3.0066088892405518,1.3207080982766293,3.0977848893647355,0.05776763113962928,0.0058204407143139167,0.20722774845078978,-0.24722363279952597,-0.08684847668888801,0.96505845288367098,0.01082218738607026,0.99566545138341334,0.092375262823143137,-0.96889801096172423,0.033281391471566606,-0.24521213945506534,8.8139125009864986e-05,4.1411546811054431e-05
3.9350509643554688,1790954208.4476681,0.00057196617126464844,0.085905105783160907,0.086515971021358926,-0.086655597361518469,0.02806489437206882,0.33527774930811072,0.0054977871437821386,0.057789999999999994,0.0058209999999999998,0.207313,3.0066088892405518,1.3207080982766293,3.0977848893647355,0.05776763113962928,0.0058204407143139167,0.20722774845078978,-0.24722363279952597,-0.08684847668888801,0.96505845288367098,0.01082218738607026,0.99566545138341334,0.092375262823143137,-0.96889801096172423,0.033281391471566606,-0.24521213945506534,8.8139125009864986e-05,4.1411546811054431e-05
3.9400529861450195,1790954208.4526701,0.0005741119384765625,0.085905105783160907,0.086515971021358926,-0.086655597361518469,0.02806489437206882,0.33527774930811072,0.0054977871437821386,0.057789999999999994,0.0058209999999999998,0.207313,3.0066088892405518,1.3207080982766293,3.0977848893647355,0.05776763113962928,0.0058204407143139167,0.20722774845078978,-0.24722363279952597,-0.08684847668888801,0.96505845288367098,0.01082218738607026,0.99566545138341334,0.092375262823143137,-0.96889801096172423,0.033281391471566606,-0.24521213945506534,8.8139125009864986e-05,4.1411546811054431e-05
3.9450550079345703,1790954208.4576721,0.00057220458984375,0.085905105783160907,0.086515971021358926,-0.086655597361518469,0.02806489437206882,0.33527774930811072,0.0054977871437821386,0.057789999999999994,0.0058209999999999998,0.207313,3.0066088892405518,1.3207080982766293,3.0977848893647355,0.05776763113962928,0.0058204407143139167,0.20722774845078978,-0.24722363279952597,-0.08684847668888801,0.96505845288367098,0.01082218738607026,0.99566545138341334,0.092375262823143137,-0.96889801096172423,0.033281391471566606,-0.24521213945506534,8.8139125009864986e-05,4.1411546811054431e-05
3.9500539302825928,1790954208.462671,0.000553131103515625,0.085905105783160907,0.086515971021358926,-0.086655597361518469,0.02806489437206882,0.33527774930811072,0.0054977871437821386,0.057789999999999994,0.0058209999999999998,0.207313,3.0066088892405518,1.3207080982766293,3.0977848893647355,0.05776763113962928,0.0058204407143139167,0.20722774845078978,-0.24722363279952597,-0.08684847668888801,0.96505845288367098,0.01082218738607026,0.99566545138341334,0.092375262823143137,-0.96889801096172423,0.033281391471566606,-0.24521213945506534,8.8139125009864986e-05,4.1411546811054431e-05
3.9550538063049316,1790954208.4676709,0.00050997734069824219,0.085905105783160907,0.086515971021358926,-0.086655597361518469,0.02806489437206882,0.33527774930811072,0.0054977871437821386,0.057789999999999994,0.0058209999999999998,0.207313,3.0066088892405518,1.3207080982766293,3.0977848893647355,0.05776763113962928,0.0058204407143139167,0.20722774845078978,-0.24722363279952597,-0.08684847668888801,0.96505845288367098,0.01082218738607026,0.99566545138341334,0.092375262823143137,-0.96889801096172423,0.033281391471566606,-0.24521213945506534,8.8139125009864986e-05,4.1411546811054431e-05
3.9600539207458496,1790954208.472671,0.000576019287109375,0.085905105783160907,0.086515971021358926,-0.086655597361518469,0.02806489437206882,0.33527774930811072,0.0054977871437821386,0.057789999999999994,0.0058209999999999998,0.207313,3.0066088892405518,1.3207080982766293,3.0977848893647355,0.05776763113962928,0.0058204407143139167,0.20722774845078978,-0.24722363279952597,-0.08684847668888801,0.96505845288367098,0.01082218738607026,0.99566545138341334,0.092375262823143137,-0.96889801096172423,0.033281391471566606,-0.24521213945506534,8.8139125009864986e-05,4.1411546811054431e-05
3.9650747776031494,1790954208.4776919,0.0005970001220703125,0.085905105783160907,0.086515971021358926,-0.086655597361518469,0.02806489437206882,0.33527774930811072,0.0054977871437821386,0.057789999999999994,0.0058209999999999998,0.207313,3.0066088892405518,1.3207080982766293,3.0977848893647355,0.05776763113962928,0.0058204407143139167,0.20722774845078978,-0.24722363279952597,-0.08684847668888801,0.96505845288367098,0.01082218738607026,0.99566545138341334,0.092375262823143137,-0.96889801096172423,0.033281391471566606,-0.24521213945506534,8.8139125009864986e-05,4.1411546811054431e-05
3.9700288772583008,1790954208.482646,0.00054597854614257812,0.085905105783160907,0.086515971021358926,-0.086655597361518469,0.02806489437206882,0.33527774930811072,0.0054977871437821386,0.057789999999999994,0.0058209999999999998,0.207313,3.0066088892405518,1.3207080982766293,3.0977848893647355,0.05776763113962928,0.0058204407143139167,0.20722774845078978,-0.24722363279952597,-0.08684847668888801,0.96505845288367098,0.01082218738607026,0.99566545138341334,0.092375262823143137,-0.96889801096172423,0.033281391471566606,-0.24521213945506534,8.8139125009864986e-05,4.1411546811054431e-05
3.9750568866729736,1790954208.487674,0.000576019287109375,0.085905105783160907,0.086515971021358926,-0.086655597361518469,0.02806489437206882,0.33527774930811072,0.0054977871437821386,0.057789999999999994,0.0058209999999999998,0.207313,3.0066088892405518,1.3207080982766293,3.0977848893647355,0.05776763113962928,0.0058204407143139167,0.20722774845078978,-0.24722363279952597,-0.08684847668888801,0.96505845288367098,0.01082218738607026,0.99566545138341334,0.092375262823143137,-0.96889801096172423,0.033281391471566606,-0.24521213945506534,8.8139125009864986e-05,4.1411546811054431e-05
3.9800548553466797,1790954208.492672,0.00057506561279296875,0.085905105783160907,0.086515971021358926,-0.086655597361518469,0.02806489437206882,0.33527774930811072,0.0054977871437821386,0.057789999999999994,0.0058209999999999998,0.207313,3.0066088892405518,1.3207080982766293,3.0977848893647355,0.05776763113962928,0.0058204407143139167,0.20722774845078978,-0.24722363279952597,-0.08684847668888801,0.96505845288367098,0.01082218738607026,0.99566545138341334,0.092375262823143137,-0.96889801096172423,0.033281391471566606,-0.24521213945506534,8.8139125009864986e-05,4.1411546811054431e-05
3.9850537776947021,1790954208.4976709,0.00057291984558105469,0.085905105783160907,0.086515971021358926,-0.086655597361518469,0.02806489437206882,0.33527774930811072,0.0054977871437821386,0.057789999999999994,0.0058209999999999998,0.207313,3.0066088892405518,1.3207080982766293,3.0977848893647355,0.05776763113962928,0.0058204407143139167,0.20722774845078978,-0.24722363279952597,-0.08684847668888801,0.96505845288367098,0.01082218738607026,0.99566545138341334,0.092375262823143137,-0.96889801096172423,0.033281391471566606,-0.24521213945506534,8.8139125009864986e-05,4.1411546811054431e-05
3.9900548458099365,1790954208.502672,0.00057291984558105469,0.085905105783160907,0.086515971021358926,-0.086655597361518469,0.02806489437206882,0.33527774930811072,0.0054977871437821386,0.057789999999999994,0.0058209999999999998,0.207313,3.0066088892405518,1.3207080982766293,3.0977848893647355,0.05776763113962928,0.0058204407143139167,0.20722774845078978,-0.24722363279952597,-0.08684847668888801,0.96505845288367098,0.01082218738607026,0.99566545138341334,0.092375262823143137,-0.96889801096172423,0.033281391471566606,-0.24521213945506534,8.8139125009864986e-05,4.1411546811054431e-05
3.9950528144836426,1790954208.5076699,0.00057387351989746094,0.085905105783160907,0.086515971021358926,-0.086655597361518469,0.02806489437206882,0.33527774930811072,0.0054977871437821386,0.057789999999999994,0.0058209999999999998,0.207313,3.0066088892405518,1.3207080982766293,3.0977848893647355,0.05776763113962928,0.0058204407143139167,0.20722774845078978,-0.24722363279952597,-0.08684847668888801,0.96505845288367098,0.01082218738607026,0.99566545138341334,0.092375262823143137,-0.96889801096172423,0.033281391471566606,-0.24521213945506534,8.8139125009864986e-05,4.1411546811054431e-05
4.0000529289245605,1790954208.51267,0.000553131103515625,0.085905105783160907,0.086515971021358926,-0.086655597361518469,0.02806489437206882,0.33527774930811072,0.0054977871437821386,0.057789999999999994,0.0058209999999999998,0.207313,3.0066088892405518,1.3207080982766293,3.0977848893647355,0.05776763113962928,0.0058204407143139167,0.20722774845078978,-0.24722363279952597,-0.08684847668888801,0.96505845288367098,0.01082218738607026,0.99566545138341334,0.092375262823143137,-0.96889801096172423,0.033281391471566606,-0.24521213945506534,8.8139125009864986e-05,4.1411546811054431e-05
4.0050568580627441,1790954208.517674,0.00057387351989746094,0.085905105783160907,0.086515971021358926,-0.086655597361518469,0.02806489437206882,0.33527774930811072,0.0054977871437821386,0.057789999999999994,0.0058209999999999998,0.207313,3.0066088892405518,1.3207080982766293,3.0977848893647355,0.05776763113962928,0.0058204407143139167,0.20722774845078978,-0.24722363279952597,-0.08684847668888801,0.96505845288367098,0.01082218738607026,0.99566545138341334,0.092375262823143137,-0.96889801096172423,0.033281391471566606,-0.24521213945506534,8.8139125009864986e-05,4.1411546811054431e-05
4.0100548267364502,1790954208.5226719,0.00057196617126464844,0.085905105783160907,0.086515971021358926,-0.086655597361518469,0.02806489437206882,0.33527774930811072,0.0054977871437821386,0.057789999999999994,0.0058209999999999998,0.207313,3.0066088892405518,1.3207080982766293,3.0977848893647355,0.05776763113962928,0.0058204407143139167,0.20722774845078978,-0.24722363279952597,-0.08684847668888801,0.96505845288367098,0.01082218738607026,0.99566545138341334,0.092375262823143137,-0.96889801096172423,0.033281391471566606,-0.24521213945506534,8.8139125009864986e-05,4.1411546811054431e-05
4.0150837898254395,1790954208.5277009,0.000579833984375,0.085905105783160907,0.086515971021358926,-0.086655597361518469,0.02806489437206882,0.33527774930811072,0.0054977871437821386,0.057789999999999994,0.0058209999999999998,0.207313,3.0066088892405518,1.3207080982766293,3.0977848893647355,0.05776763113962928,0.0058204407143139167,0.20722774845078978,-0.24722363279952597,-0.08684847668888801,0.96505845288367098,0.01082218738607026,0.99566545138341334,0.092375262823143137,-0.96889801096172423,0.033281391471566606,-0.24521213945506534,8.8139125009864986e-05,4.1411546811054431e-05
4.020028829574585,1790954208.5326459,0.00055098533630371094,0.085905105783160907,0.086515971021358926,-0.086655597361518469,0.02806489437206882,0.33527774930811072,0.0054977871437821386,0.057789999999999994,0.0058209999999999998,0.207313,3.0066088892405518,1.3207080982766293,3.0977848893647355,0.05776763113962928,0.0058204407143139167,0.20722774845078978,-0.24722363279952597,-0.08684847668888801,0.96505845288367098,0.01082218738607026,0.99566545138341334,0.092375262823143137,-0.96889801096172423,0.033281391471566606,-0.24521213945506534,8.8139125009864986e-05,4.1411546811054431e-05
4.0250568389892578,1790954208.537674,0.00057697296142578125,0.085905105783160907,0.086515971021358926,-0.086655597361518469,0.02806489437206882,0.33527774930811072,0.0054977871437821386,0.057789999999999994,0.0058209999999999998,0.207313,3.0066088892405518,1.3207080982766293,3.0977848893647355,0.05776763113962928,0.0058204407143139167,0.20722774845078978,-0.24722363279952597,-0.08684847668888801,0.96505845288367098,0.01082218738607026,0.99566545138341334,0.092375262823143137,-0.96889801096172423,0.033281391471566606,-0.24521213945506534,8.8139125009864986e-05,4.1411546811054431e-05
4.0300579071044922,1790954208.542675,0.0005779266357421875,0.085905105783160907,0.086515971021358926,-0.086655597361518469,0.02806489437206882,0.33527774930811072,0.0054977871437821386,0.057789999999999994,0.0058209999999999998,0.207313,3.0066088892405518,1.3207080982766293,3.0977848893647355,0.05776763113962928,0.0058204407143139167,0.20722774845078978,-0.24722363279952597,-0.08684847668888801,0.96505845288367098,0.01082218738607026,0.99566545138341334,0.092375262823143137,-0.96889801096172423,0.033281391471566606,-0.24521213945506534,8.8139125009864986e-05,4.1411546811054431e-05
4.0350558757781982,1790954208.547673,0.00057697296142578125,0.085905105783160907,0.086515971021358926,-0.086655597361518469,0.02806489437206882,0.33527774930811072,0.0054977871437821386,0.057789999999999994,0.0058209999999999998,0.207313,3.0066088892405518,1.3207080982766293,3.0977848893647355,0.05776763113962928,0.0058204407143139167,0.20722774845078978,-0.24722363279952597,-0.08684847668888801,0.96505845288367098,0.01082218738607026,0.99566545138341334,0.092375262823143137,-0.96889801096172423,0.033281391471566606,-0.24521213945506534,8.8139125009864986e-05,4.1411546811054431e-05
4.0400528907775879,1790954208.55267,0.00051403045654296875,0.085905105783160907,0.086515971021358926,-0.086655597361518469,0.02806489437206882,0.33527774930811072,0.0054977871437821386,0.057789999999999994,0.0058209999999999998,0.207313,3.0066088892405518,1.3207080982766293,3.0977848893647355,0.05776763113962928,0.0058204407143139167,0.20722774845078978,-0.24722363279952597,-0.08684847668888801,0.96505845288367098,0.01082218738607026,0.99566545138341334,0.092375262823143137,-0.96889801096172423,0.033281391471566606,-0.24521213945506534,8.8139125009864986e-05,4.1411546811054431e-05
4.0450499057769775,1790954208.557667,0.00057291984558105469,0.085905105783160907,0.086515971021358926,-0.086655597361518469,0.02806489437206882,0.33527774930811072,0.0054977871437821386,0.057789999999999994,0.0058209999999999998,0.207313,3.0066088892405518,1.3207080982766293,3.0977848893647355,0.05776763113962928,0.0058204407143139167,0.20722774845078978,-0.24722363279952597,-0.08684847668888801,0.96505845288367098,0.01082218738607026,0.99566545138341334,0.092375262823143137,-0.96889801096172423,0.033281391471566606,-0.24521213945506534,8.8139125009864986e-05,4.1411546811054431e-05
4.0500278472900391,1790954208.562645,0.00055098533630371094,0.085905105783160907,0.086515971021358926,-0.086655597361518469,0.02806489437206882,0.33527774930811072,0.0054977871437821386,0.057789999999999994,0.0058209999999999998,0.207313,3.0066088892405518,1.3207080982766293,3.0977848893647355,0.05776763113962928,0.0058204407143139167,0.20722774845078978,-0.24722363279952597,-0.08684847668888801,0.96505845288367098,0.01082218738607026,0.99566545138341334,0.092375262823143137,-0.96889801096172423,0.033281391471566606,-0.24521213945506534,8.8139125009864986e-05,4.1411546811054431e-05
4.0550518035888672,1790954208.5676689,0.00057291984558105469,0.085905105783160907,0.086515971021358926,-0.086655597361518469,0.02806489437206882,0.33527774930811072,0.0054977871437821386,0.057789999999999994,0.0058209999999999998,0.207313,3.0066088892405518,1.3207080982766293,3.0977848893647355,0.05776763113962928,0.0058204407143139167,0.20722774845078978,-0.24722363279952597,-0.08684847668888801,0.96505845288367098,0.01082218738607026,0.99566545138341334,0.092375262823143137,-0.96889801096172423,0.033281391471566606,-0.24521213945506534,8.8139125009864986e-05,4.1411546811054431e-05
4.0600528717041016,1790954208.57267,0.00057196617126464844,0.085905105783160907,0.086515971021358926,-0.086655597361518469,0.02806489437206882,0.33527774930811072,0.0054977871437821386,0.057789999999999994,0.0058209999999999998,0.207313,3.0066088892405518,1.3207080982766293,3.0977848893647355,0.05776763113962928,0.0058204407143139167,0.20722774845078978,-0.24722363279952597,-0.08684847668888801,0.96505845288367098,0.01082218738607026,0.99566545138341334,0.092375262823143137,-0.96889801096172423,0.033281391471566606,-0.24521213945506534,8.8139125009864986e-05,4.1411546811054431e-05
4.0650918483734131,1790954208.577709,0.00060796737670898438,0.085905105783160907,0.086515971021358926,-0.086655597361518469,0.02806489437206882,0.33527774930811072,0.0054977871437821386,0.057789999999999994,0.0058209999999999998,0.207313,3.0066088892405518,1.3207080982766293,3.0977848893647355,0.05776763113962928,0.0058204407143139167,0.20722774845078978,-0.24722363279952597,-0.08684847668888801,0.96505845288367098,0.01082218738607026,0.99566545138341334,0.092375262823143137,-0.96889801096172423,0.033281391471566606,-0.24521213945506534,8.8139125009864986e-05,4.1411546811054431e-05
4.0700538158416748,1790954208.5826709,0.00056886672973632812,0.085905105783160907,0.086515971021358926,-0.086655597361518469,0.02806489437206882,0.33527774930811072,0.0054977871437821386,0.057789999999999994,0.0058209999999999998,0.207313,3.0066088892405518,1.3207080982766293,3.0977848893647355,0.05776763113962928,0.0058204407143139167,0.20722774845078978,-0.24722363279952597,-0.08684847668888801,0.96505845288367098,0.01082218738607026,0.99566545138341334,0.092375262823143137,-0.96889801096172423,0.033281391471566606,-0.24521213945506534,8.8139125009864986e-05,4.1411546811054431e-05
4.0750548839569092,1790954208.587672,0.0005741119384765625,0.085905105783160907,0.086515971021358926,-0.086655597361518469,0.02806489437206882,0.33527774930811072,0.0054977871437821386,0.057789999999999994,0.0058209999999999998,0.207313,3.0066088892405518,1.3207080982766293,3.0977848893647355,0.05776763113962928,0.0058204407143139167,0.20722774845078978,-0.24722363279952597,-0.08684847668888801,0.96505845288367098,0.01082218738607026,0.99566545138341334,0.092375262823143137,-0.96889801096172423,0.033281391471566606,-0.24521213945506534,8.8139125009864986e-05,4.1411546811054431e-05
4.0800549983978271,1790954208.5926721,0.000576019287109375,0.085905105783160907,0.086515971021358926,-0.086655597361518469,0.02806489437206882,0.33527774930811072,0.0054977871437821386,0.057789999999999994,0.0058209999999999998,0.207313,3.0066088892405518,1.3207080982766293,3.0977848893647355,0.05776763113962928,0.0058204407143139167,0.20722774845078978,-0.24722363279952597,-0.08684847668888801,0.96505845288367098,0.01082218738607026,0.99566545138341334,0.092375262823143137,-0.96889801096172423,0.033281391471566606,-0.24521213945506534,8.8139125009864986e-05,4.1411546811054431e-05
4.0850579738616943,1790954208.5976751,0.00057506561279296875,0.085905105783160907,0.086515971021358926,-0.086655597361518469,0.02806489437206882,0.33527774930811072,0.0054977871437821386,0.057789999999999994,0.0058209999999999998,0.207313,3.0066088892405518,1.3207080982766293,3.0977848893647355,0.05776763113962928,0.0058204407143139167,0.20722774845078978,-0.24722363279952597,-0.08684847668888801,0.96505845288367098,0.01082218738607026,0.99566545138341334,0.092375262823143137,-0.96889801096172423,0.033281391471566606,-0.24521213945506534,8.8139125009864986e-05,4.1411546811054431e-05
4.090054988861084,1790954208.6026721,0.00052714347839355469,0.085905105783160907,0.086515971021358926,-0.086655597361518469,0.02806489437206882,0.33527774930811072,0.0054977871437821386,0.057789999999999994,0.0058209999999999998,0.207313,3.0066088892405518,1.3207080982766293,3.0977848893647355,0.05776763113962928,0.0058204407143139167,0.20722774845078978,-0.24722363279952597,-0.08684847668888801,0.96505845288367098,0.01082218738607026,0.99566545138341334,0.092375262823143137,-0.96889801096172423,0.033281391471566606,-0.24521213945506534,8.8139125009864986e-05,4.1411546811054431e-05
4.09505295753479,1790954208.6076701,0.0005741119384765625,0.085905105783160907,0.086515971021358926,-0.086655597361518469,0.02806489437206882,0.33527774930811072,0.0054977871437821386,0.057789999999999994,0.0058209999999999998,0.207313,3.0066088892405518,1.3207080982766293,3.0977848893647355,0.05776763113962928,0.0058204407143139167,0.20722774845078978,-0.24722363279952597,-0.08684847668888801,0.96505845288367098,0.01082218738607026,0.99566545138341334,0.092375262823143137,-0.96889801096172423,0.033281391471566606,-0.24521213945506534,8.8139125009864986e-05,4.1411546811054431e-05
4.1000559329986572,1790954208.612673,0.0005741119384765625,0.085905105783160907,0.086515971021358926,-0.086655597361518469,0.02806489437206882,0.33527774930811072,0.0054977871437821386,0.057789999999999994,0.0058209999999999998,0.207313,3.0066088892405518,1.3207080982766293,3.0977848893647355,0.05776763113962928,0.0058204407143139167,0.20722774845078978,-0.24722363279952597,-0.08684847668888801,0.96505845288367098,0.01082218738607026,0.99566545138341334,0.092375262823143137,-0.96889801096172423,0.033281391471566606,-0.24521213945506534,8.8139125009864986e-05,4.1411546811054431e-05
4.1050548553466797,1790954208.617672,0.00057387351989746094,0.085905105783160907,0.086515971021358926,-0.086655597361518469,0.02806489437206882,0.33527774930811072,0.0054977871437821386,0.057789999999999994,0.0058209999999999998,0.207313,3.0066088892405518,1.3207080982766293,3.0977848893647355,0.05776763113962928,0.0058204407143139167,0.20722774845078978,-0.24722363279952597,-0.08684847668888801,0.96505845288367098,0.01082218738607026,0.99566545138341334,0.092375262823143137,-0.96889801096172423,0.033281391471566606,-0.24521213945506534,8.8139125009864986e-05,4.1411546811054431e-05
4.1100549697875977,1790954208.6226721,0.000576019287109375,0.085905105783160907,0.086515971021358926,-0.086655597361518469,0.02806489437206882,0.33527774930811072,0.0054977871437821386,0.057789999999999994,0.0058209999999999998,0.207313,3.0066088892405518,1.3207080982766293,3.0977848893647355,0.05776763113962928,0.0058204407143139167,0.20722774845078978,-0.24722363279952597,-0.08684847668888801,0.96505845288367098,0.01082218738607026,0.99566545138341334,0.092375262823143137,-0.96889801096172423,0.033281391471566606,-0.24521213945506534,8.8139125009864986e-05,4.1411546811054431e-05
4.1150708198547363,1790954208.6276879,0.00059390068054199219,0.085905105783160907,0.086515971021358926,-0.086655597361518469,0.02806489437206882,0.33527774930811072,0.0054977871437821386,0.057789999999999994,0.0058209999999999998,0.207313,3.0066088892405518,1.3207080982766293,3.0977848893647355,0.05776763113962928,0.0058204407143139167,0.20722774845078978,-0.24722363279952597,-0.08684847668888801,0.96505845288367098,0.01082218738607026,0.99566545138341334,0.092375262823143137,-0.96889801096172423,0.033281391471566606,-0.24521213945506534,8.8139125009864986e-05,4.1411546811054431e-05
4.1200559139251709,1790954208.632673,0.00057291984558105469,0.085905105783160907,0.086515971021358926,-0.086655597361518469,0.02806489437206882,0.33527774930811072,0.0054977871437821386,0.057789999999999994,0.0058209999999999998,0.207313,3.0066088892405518,1.3207080982766293,3.0977848893647355,0.05776763113962928,0.0058204407143139167,0.20722774845078978,-0.24722363279952597,-0.08684847668888801,0.96505845288367098,0.01082218738607026,0.99566545138341334,0.092375262823143137,-0.96889801096172423,0.033281391471566606,-0.24521213945506534,8.8139125009864986e-05,4.1411546811054431e-05
4.1250529289245605,1790954208.63767,0.0005741119384765625,0.085905105783160907,0.086515971021358926,-0.086655597361518469,0.02806489437206882,0.33527774930811072,0.0054977871437821386,0.057789999999999994,0.0058209999999999998,0.207313,3.0066088892405518,1.3207080982766293,3.0977848893647355,0.05776763113962928,0.0058204407143139167,0.20722774845078978,-0.24722363279952597,-0.08684847668888801,0.96505845288367098,0.01082218738607026,0.99566545138341334,0.092375262823143137,-0.96889801096172423,0.033281391471566606,-0.24521213945506534,8.8139125009864986e-05,4.1411546811054431e-05
4.1300528049468994,1790954208.6426699,0.00055384635925292969,0.085905105783160907,0.086515971021358926,-0.086655597361518469,0.02806489437206882,0.33527774930811072,0.0054977871437821386,0.057789999999999994,0.0058209999999999998,0.207313,3.0066088892405518,1.3207080982766293,3.0977848893647355,0.05776763113962928,0.0058204407143139167,0.20722774845078978,-0.24722363279952597,-0.08684847668888801,0.96505845288367098,0.01082218738607026,0.99566545138341334,0.092375262823143137,-0.96889801096172423,0.033281391471566606,-0.24521213945506534,8.8139125009864986e-05,4.1411546811054431e-05
4.1350548267364502,1790954208.6476719,0.00057291984558105469,0.085905105783160907,0.086515971021358926,-0.086655597361518469,0.02806489437206882,0.33527774930811072,0.0054977871437821386,0.057789999999999994,0.0058209999999999998,0.207313,3.0066088892405518,1.3207080982766293,3.0977848893647355,0.05776763113962928,0.0058204407143139167,0.20722774845078978,-0.24722363279952597,-0.08684847668888801,0.96505845288367098,0.01082218738607026,0.99566545138341334,0.092375262823143137,-0.96889801096172423,0.033281391471566606,-0.24521213945506534,8.8139125009864986e-05,4.1411546811054431e-05
4.1400549411773682,1790954208.6526721,0.000576019287109375,0.085905105783160907,0.086515971021358926,-0.086655597361518469,0.02806489437206882,0.33527774930811072,0.0054977871437821386,0.057789999999999994,0.0058209999999999998,0.207313,3.0066088892405518,1.3207080982766293,3.0977848893647355,0.05776763113962928,0.0058204407143139167,0.20722774845078978,-0.24722363279952597,-0.08684847668888801,0.96505845288367098,0.01082218738607026,0.99566545138341334,0.092375262823143137,-0.96889801096172423,0.033281391471566606,-0.24521213945506534,8.8139125009864986e-05,4.1411546811054431e-05
4.1450569629669189,1790954208.6576741,0.000576019287109375,0.085905105783160907,0.086515971021358926,-0.086655597361518469,0.02806489437206882,0.33527774930811072,0.0054977871437821386,0.057789999999999994,0.0058209999999999998,0.207313,3.0066088892405518,1.3207080982766293,3.0977848893647355,0.05776763113962928,0.0058204407143139167,0.20722774845078978,-0.24722363279952597,-0.08684847668888801,0.96505845288367098,0.01082218738607026,0.99566545138341334,0.092375262823143137,-0.96889801096172423,0.033281391471566606,-0.24521213945506534,8.8139125009864986e-05,4.1411546811054431e-05
4.1500318050384521,1790954208.6626489,0.00055098533630371094,0.085905105783160907,0.086515971021358926,-0.086655597361518469,0.02806489437206882,0.33527774930811072,0.0054977871437821386,0.057789999999999994,0.0058209999999999998,0.207313,3.0066088892405518,1.3207080982766293,3.0977848893647355,0.05776763113962928,0.0058204407143139167,0.20722774845078978,-0.24722363279952597,-0.08684847668888801,0.96505845288367098,0.01082218738607026,0.99566545138341334,0.092375262823143137,-0.96889801096172423,0.033281391471566606,-0.24521213945506534,8.8139125009864986e-05,4.1411546811054431e-05
4.1550548076629639,1790954208.6676719,0.00057387351989746094,0.085905105783160907,0.086515971021358926,-0.086655597361518469,0.02806489437206882,0.33527774930811072,0.0054977871437821386,0.057789999999999994,0.0058209999999999998,0.207313,3.0066088892405518,1.3207080982766293,3.0977848893647355,0.05776763113962928,0.0058204407143139167,0.20722774845078978,-0.24722363279952597,-0.08684847668888801,0.96505845288367098,0.01082218738607026,0.99566545138341334,0.092375262823143137,-0.96889801096172423,0.033281391471566606,-0.24521213945506534,8.8139125009864986e-05,4.1411546811054431e-05
4.1600558757781982,1790954208.672673,0.000576019287109375,0.085905105783160907,0.086515971021358926,-0.086655597361518469,0.02806489437206882,0.33527774930811072,0.0054977871437821386,0.057789999999999994,0.0058209999999999998,0.207313,3.0066088892405518,1.3207080982766293,3.0977848893647355,0.05776763113962928,0.0058204407143139167,0.20722774845078978,-0.24722363279952597,-0.08684847668888801,0.96505845288367098,0.01082218738607026,0.99566545138341334,0.092375262823143137,-0.96889801096172423,0.033281391471566606,-0.24521213945506534,8.8139125009864986e-05,4.1411546811054431e-05
4.1650748252868652,1790954208.6776919,0.0005970001220703125,0.085905105783160907,0.086515971021358926,-0.086655597361518469,0.02806489437206882,0.33527774930811072,0.0054977871437821386,0.057789999999999994,0.0058209999999999998,0.207313,3.0066088892405518,1.3207080982766293,3.0977848893647355,0.05776763113962928,0.0058204407143139167,0.20722774845078978,-0.24722363279952597,-0.08684847668888801,0.96505845288367098,0.01082218738607026,0.99566545138341334,0.092375262823143137,-0.96889801096172423,0.033281391471566606,-0.24521213945506534,8.8139125009864986e-05,4.1411546811054431e-05
4.1700549125671387,1790954208.682672,0.00055599212646484375,0.085905105783160907,0.086515971021358926,-0.086655597361518469,0.02806489437206882,0.33527774930811072,0.0054977871437821386,0.057789999999999994,0.0058209999999999998,0.207313,3.0066088892405518,1.3207080982766293,3.0977848893647355,0.05776763113962928,0.0058204407143139167,0.20722774845078978,-0.24722363279952597,-0.08684847668888801,0.96505845288367098,0.01082218738607026,0.99566545138341334,0.092375262823143137,-0.96889801096172423,0.033281391471566606,-0.24521213945506534,8.8139125009864986e-05,4.1411546811054431e-05
4.1750547885894775,1790954208.6876719,0.00057291984558105469,0.085905105783160907,0.086515971021358926,-0.086655597361518469,0.02806489437206882,0.33527774930811072,0.0054977871437821386,0.057789999999999994,0.0058209999999999998,0.207313,3.0066088892405518,1.3207080982766293,3.0977848893647355,0.05776763113962928,0.0058204407143139167,0.20722774845078978,-0.24722363279952597,-0.08684847668888801,0.96505845288367098,0.01082218738607026,0.99566545138341334,0.092375262823143137,-0.96889801096172423,0.033281391471566606,-0.24521213945506534,8.8139125009864986e-05,4.1411546811054431e-05
4.1800549030303955,1790954208.692672,0.00055909156799316406,0.085905105783160907,0.086515971021358926,-0.086655597361518469,0.02806489437206882,0.33527774930811072,0.0054977871437821386,0.057789999999999994,0.0058209999999999998,0.207313,3.0066088892405518,1.3207080982766293,3.0977848893647355,0.05776763113962928,0.0058204407143139167,0.20722774845078978,-0.24722363279952597,-0.08684847668888801,0.96505845288367098,0.01082218738607026,0.99566545138341334,0.092375262823143137,-0.96889801096172423,0.033281391471566606,-0.24521213945506534,8.8139125009864986e-05,4.1411546811054431e-05
4.1850879192352295,1790954208.697705,0.00060606002807617188,0.085905105783160907,0.086515971021358926,-0.086655597361518469,0.02806489437206882,0.33527774930811072,0.0054977871437821386,0.057789999999999994,0.0058209999999999998,0.207313,3.0066088892405518,1.3207080982766293,3.0977848893647355,0.05776763113962928,0.0058204407143139167,0.20722774845078978,-0.24722363279952597,-0.08684847668888801,0.96505845288367098,0.01082218738607026,0.99566545138341334,0.092375262823143137,-0.96889801096172423,0.033281391471566606,-0.24521213945506534,8.8139125009864986e-05,4.1411546811054431e-05
4.190051794052124,1790954208.7026689,0.00057291984558105469,0.085905105783160907,0.086515971021358926,-0.086655597361518469,0.02806489437206882,0.33527774930811072,0.0054977871437821386,0.057789999999999994,0.0058209999999999998,0.207313,3.0066088892405518,1.3207080982766293,3.0977848893647355,0.05776763113962928,0.0058204407143139167,0.20722774845078978,-0.24722363279952597,-0.08684847668888801,0.96505845288367098,0.01082218738607026,0.99566545138341334,0.092375262823143137,-0.96889801096172423,0.033281391471566606,-0.24521213945506534,8.8139125009864986e-05,4.1411546811054431e-05
4.1950559616088867,1790954208.7076731,0.00057911872863769531,0.085905105783160907,0.086515971021358926,-0.086655597361518469,0.02806489437206882,0.33527774930811072,0.0054977871437821386,0.057789999999999994,0.0058209999999999998,0.207313,3.0066088892405518,1.3207080982766293,3.0977848893647355,0.05776763113962928,0.0058204407143139167,0.20722774845078978,-0.24722363279952597,-0.08684847668888801,0.96505845288367098,0.01082218738607026,0.99566545138341334,0.092375262823143137,-0.96889801096172423,0.033281391471566606,-0.24521213945506534,8.8139125009864986e-05,4.1411546811054431e-05
4.2000629901885986,1790954208.7126801,0.00058221817016601562,0.085905105783160907,0.086515971021358926,-0.086655597361518469,0.02806489437206882,0.33527774930811072,0.0054977871437821386,0.057789999999999994,0.0058209999999999998,0.207313,3.0066088892405518,1.3207080982766293,3.0977848893647355,0.05776763113962928,0.0058204407143139167,0.20722774845078978,-0.24722363279952597,-0.08684847668888801,0.96505845288367098,0.01082218738607026,0.99566545138341334,0.092375262823143137,-0.96889801096172423,0.033281391471566606,-0.24521213945506534,8.8139125009864986e-05,4.1411546811054431e-05
4.2050549983978271,1790954208.7176721,0.000576019287109375,0.085905105783160907,0.086515971021358926,-0.086655597361518469,0.02806489437206882,0.33527774930811072,0.0054977871437821386,0.057789999999999994,0.0058209999999999998,0.207313,3.0066088892405518,1.3207080982766293,3.0977848893647355,0.05776763113962928,0.0058204407143139167,0.20722774845078978,-0.24722363279952597,-0.08684847668888801,0.96505845288367098,0.01082218738607026,0.99566545138341334,0.092375262823143137,-0.96889801096172423,0.033281391471566606,-0.24521213945506534,8.8139125009864986e-05,4.1411546811054431e-05
4.210054874420166,1790954208.722672,0.00057101249694824219,0.085905105783160907,0.086515971021358926,-0.086655597361518469,0.02806489437206882,0.33527774930811072,0.0054977871437821386,0.057789999999999994,0.0058209999999999998,0.207313,3.0066088892405518,1.3207080982766293,3.0977848893647355,0.05776763113962928,0.0058204407143139167,0.20722774845078978,-0.24722363279952597,-0.08684847668888801,0.96505845288367098,0.01082218738607026,0.99566545138341334,0.092375262823143137,-0.96889801096172423,0.033281391471566606,-0.24521213945506534,8.8139125009864986e-05,4.1411546811054431e-05
4.2150809764862061,1790954208.7276981,0.00060200691223144531,0.085905105783160907,0.086515971021358926,-0.086655597361518469,0.02806489437206882,0.33527774930811072,0.0054977871437821386,0.057789999999999994,0.0058209999999999998,0.207313,3.0066088892405518,1.3207080982766293,3.0977848893647355,0.05776763113962928,0.0058204407143139167,0.20722774845078978,-0.24722363279952597,-0.08684847668888801,0.96505845288367098,0.01082218738607026,0.99566545138341334,0.092375262823143137,-0.96889801096172423,0.033281391471566606,-0.24521213945506534,8.8139125009864986e-05,4.1411546811054431e-05
4.2200558185577393,1790954208.7326729,0.00054693222045898438,0.085905105783160907,0.086515971021358926,-0.086655597361518469,0.02806489437206882,0.33527774930811072,0.0054977871437821386,0.057789999999999994,0.0058209999999999998,0.207313,3.0066088892405518,1.3207080982766293,3.0977848893647355,0.05776763113962928,0.0058204407143139167,0.20722774845078978,-0.24722363279952597,-0.08684847668888801,0.96505845288367098,0.01082218738607026,0.99566545138341334,0.092375262823143137,-0.96889801096172423,0.033281391471566606,-0.24521213945506534,8.8139125009864986e-05,4.1411546811054431e-05
4.22505784034729,1790954208.737675,0.00057291984558105469,0.085905105783160907,0.086515971021358926,-0.086655597361518469,0.02806489437206882,0.33527774930811072,0.0054977871437821386,0.057789999999999994,0.0058209999999999998,0.207313,3.0066088892405518,1.3207080982766293,3.0977848893647355,0.05776763113962928,0.0058204407143139167,0.20722774845078978,-0.24722363279952597,-0.08684847668888801,0.96505845288367098,0.01082218738607026,0.99566545138341334,0.092375262823143137,-0.96889801096172423,0.033281391471566606,-0.24521213945506534,8.8139125009864986e-05,4.1411546811054431e-05
4.2300570011138916,1790954208.7426741,0.0005741119384765625,0.085905105783160907,0.086515971021358926,-0.086655597361518469,0.02806489437206882,0.33527774930811072,0.0054977871437821386,0.057789999999999994,0.0058209999999999998,0.207313,3.0066088892405518,1.3207080982766293,3.0977848893647355,0.05776763113962928,0.0058204407143139167,0.20722774845078978,-0.24722363279952597,-0.08684847668888801,0.96505845288367098,0.01082218738607026,0.99566545138341334,0.092375262823143137,-0.96889801096172423,0.033281391471566606,-0.24521213945506534,8.8139125009864986e-05,4.1411546811054431e-05
4.2350568771362305,1790954208.747674,0.00057506561279296875,0.085905105783160907,0.086515971021358926,-0.086655597361518469,0.02806489437206882,0.33527774930811072,0.0054977871437821386,0.057789999999999994,0.0058209999999999998,0.207313,3.0066088892405518,1.3207080982766293,3.0977848893647355,0.05776763113962928,0.0058204407143139167,0.20722774845078978,-0.24722363279952597,-0.08684847668888801,0.96505845288367098,0.01082218738607026,0.99566545138341334,0.092375262823143137,-0.96889801096172423,0.033281391471566606,-0.24521213945506534,8.8139125009864986e-05,4.1411546811054431e-05
4.2400557994842529,1790954208.7526729,0.00057101249694824219,0.085905105783160907,0.086515971021358926,-0.086655597361518469,0.02806489437206882,0.33527774930811072,0.0054977871437821386,0.057789999999999994,0.0058209999999999998,0.207313,3.0066088892405518,1.3207080982766293,3.0977848893647355,0.05776763113962928,0.0058204407143139167,0.20722774845078978,-0.24722363279952597,-0.08684847668888801,0.96505845288367098,0.01082218738607026,0.99566545138341334,0.092375262823143137,-0.96889801096172423,0.033281391471566606,-0.24521213945506534,8.8139125009864986e-05,4.1411546811054431e-05
4.2450809478759766,1790954208.7576981,0.00058603286743164062,0.085905105783160907,0.086515971021358926,-0.086655597361518469,0.02806489437206882,0.33527774930811072,0.0054977871437821386,0.057789999999999994,0.0058209999999999998,0.207313,3.0066088892405518,1.3207080982766293,3.0977848893647355,0.05776763113962928,0.0058204407143139167,0.20722774845078978,-0.24722363279952597,-0.08684847668888801,0.96505845288367098,0.01082218738607026,0.99566545138341334,0.092375262823143137,-0.96889801096172423,0.033281391471566606,-0.24521213945506534,8.8139125009864986e-05,4.1411546811054431e-05
4.2500548362731934,1790954208.7626719,0.00057291984558105469,0.085905105783160907,0.086515971021358926,-0.086655597361518469,0.02806489437206882,0.33527774930811072,0.0054977871437821386,0.057789999999999994,0.0058209999999999998,0.207313,3.0066088892405518,1.3207080982766293,3.0977848893647355,0.05776763113962928,0.0058204407143139167,0.20722774845078978,-0.24722363279952597,-0.08684847668888801,0.96505845288367098,0.01082218738607026,0.99566545138341334,0.092375262823143137,-0.96889801096172423,0.033281391471566606,-0.24521213945506534,8.8139125009864986e-05,4.1411546811054431e-05
4.2550539970397949,1790954208.7676711,0.00057315826416015625,0.085905105783160907,0.086515971021358926,-0.086655597361518469,0.02806489437206882,0.33527774930811072,0.0054977871437821386,0.057789999999999994,0.0058209999999999998,0.207313,3.0066088892405518,1.3207080982766293,3.0977848893647355,0.05776763113962928,0.0058204407143139167,0.20722774845078978,-0.24722363279952597,-0.08684847668888801,0.96505845288367098,0.01082218738607026,0.99566545138341334,0.092375262823143137,-0.96889801096172423,0.033281391471566606,-0.24521213945506534,8.8139125009864986e-05,4.1411546811054431e-05
4.2600557804107666,1790954208.7726729,0.00054979324340820312,0.085905105783160907,0.086515971021358926,-0.086655597361518469,0.02806489437206882,0.33527774930811072,0.0054977871437821386,0.057789999999999994,0.0058209999999999998,0.207313,3.0066088892405518,1.3207080982766293,3.0977848893647355,0.05776763113962928,0.0058204407143139167,0.20722774845078978,-0.24722363279952597,-0.08684847668888801,0.96505845288367098,0.01082218738607026,0.99566545138341334,0.092375262823143137,-0.96889801096172423,0.033281391471566606,-0.24521213945506534,8.8139125009864986e-05,4.1411546811054431e-05
4.2650859355926514,1790954208.777703,0.00060606002807617188,0.085905105783160907,0.086515971021358926,-0.086655597361518469,0.02806489437206882,0.33527774930811072,0.0054977871437821386,0.057789999999999994,0.0058209999999999998,0.207313,3.0066088892405518,1.3207080982766293,3.0977848893647355,0.05776763113962928,0.0058204407143139167,0.20722774845078978,-0.24722363279952597,-0.08684847668888801,0.96505845288367098,0.01082218738607026,0.99566545138341334,0.092375262823143137,-0.96889801096172423,0.033281391471566606,-0.24521213945506534,8.8139125009864986e-05,4.1411546811054431e-05
4.2700557708740234,1790954208.7826729,0.00057697296142578125,0.085905105783160907,0.086515971021358926,-0.086655597361518469,0.02806489437206882,0.33527774930811072,0.0054977871437821386,0.057789999999999994,0.0058209999999999998,0.207313,3.0066088892405518,1.3207080982766293,3.0977848893647355,0.05776763113962928,0.0058204407143139167,0.20722774845078978,-0.24722363279952597,-0.08684847668888801,0.96505845288367098,0.01082218738607026,0.99566545138341334,0.092375262823143137,-0.96889801096172423,0.033281391471566606,-0.24521213945506534,8.8139125009864986e-05,4.1411546811054431e-05
4.2750568389892578,1790954208.787674,0.00057506561279296875,0.085905105783160907,0.086515971021358926,-0.086655597361518469,0.02806489437206882,0.33527774930811072,0.0054977871437821386,0.057789999999999994,0.0058209999999999998,0.207313,3.0066088892405518,1.3207080982766293,3.0977848893647355,0.05776763113962928,0.0058204407143139167,0.20722774845078978,-0.24722363279952597,-0.08684847668888801,0.96505845288367098,0.01082218738607026,0.99566545138341334,0.092375262823143137,-0.96889801096172423,0.033281391471566606,-0.24521213945506534,8.8139125009864986e-05,4.1411546811054431e-05
4.2800538539886475,1790954208.792671,0.00057196617126464844,0.085905105783160907,0.086515971021358926,-0.086655597361518469,0.02806489437206882,0.33527774930811072,0.0054977871437821386,0.057789999999999994,0.0058209999999999998,0.207313,3.0066088892405518,1.3207080982766293,3.0977848893647355,0.05776763113962928,0.0058204407143139167,0.20722774845078978,-0.24722363279952597,-0.08684847668888801,0.96505845288367098,0.01082218738607026,0.99566545138341334,0.092375262823143137,-0.96889801096172423,0.033281391471566606,-0.24521213945506534,8.8139125009864986e-05,4.1411546811054431e-05
4.2850539684295654,1790954208.7976711,0.00057196617126464844,0.085905105783160907,0.086515971021358926,-0.086655597361518469,0.02806489437206882,0.33527774930811072,0.0054977871437821386,0.057789999999999994,0.0058209999999999998,0.207313,3.0066088892405518,1.3207080982766293,3.0977848893647355,0.05776763113962928,0.0058204407143139167,0.20722774845078978,-0.24722363279952597,-0.08684847668888801,0.96505845288367098,0.01082218738607026,0.99566545138341334,0.092375262823143137,-0.96889801096172423,0.033281391471566606,-0.24521213945506534,8.8139125009864986e-05,4.1411546811054431e-05
4.2900538444519043,1790954208.802671,0.00057196617126464844,0.085905105783160907,0.086515971021358926,-0.086655597361518469,0.02806489437206882,0.33527774930811072,0.0054977871437821386,0.057789999999999994,0.0058209999999999998,0.207313,3.0066088892405518,1.3207080982766293,3.0977848893647355,0.05776763113962928,0.0058204407143139167,0.20722774845078978,-0.24722363279952597,-0.08684847668888801,0.96505845288367098,0.01082218738607026,0.99566545138341334,0.092375262823143137,-0.96889801096172423,0.033281391471566606,-0.24521213945506534,8.8139125009864986e-05,4.1411546811054431e-05
4.2950539588928223,1790954208.8076711,0.00057101249694824219,0.085905105783160907,0.086515971021358926,-0.086655597361518469,0.02806489437206882,0.33527774930811072,0.0054977871437821386,0.057789999999999994,0.0058209999999999998,0.207313,3.0066088892405518,1.3207080982766293,3.0977848893647355,0.05776763113962928,0.0058204407143139167,0.20722774845078978,-0.24722363279952597,-0.08684847668888801,0.96505845288367098,0.01082218738607026,0.99566545138341334,0.092375262823143137,-0.96889801096172423,0.033281391471566606,-0.24521213945506534,8.8139125009864986e-05,4.1411546811054431e-05
4.300055980682373,1790954208.8126731,0.00056505203247070312,0.085905105783160907,0.086515971021358926,-0.086655597361518469,0.02806489437206882,0.33527774930811072,0.0054977871437821386,0.057789999999999994,0.0058209999999999998,0.207313,3.0066088892405518,1.3207080982766293,3.0977848893647355,0.05776763113962928,0.0058204407143139167,0.20722774845078978,-0.24722363279952597,-0.08684847668888801,0.96505845288367098,0.01082218738607026,0.99566545138341334,0.092375262823143137,-0.96889801096172423,0.033281391471566606,-0.24521213945506534,8.8139125009864986e-05,4.1411546811054431e-05
4.3050539493560791,1790954208.8176711,0.00057101249694824219,0.085905105783160907,0.086515971021358926,-0.086655597361518469,0.02806489437206882,0.33527774930811072,0.0054977871437821386,0.057789999999999994,0.0058209999999999998,0.207313,3.0066088892405518,1.3207080982766293,3.0977848893647355,0.05776763113962928,0.0058204407143139167,0.20722774845078978,-0.24722363279952597,-0.08684847668888801,0.96505845288367098,0.01082218738607026,0.99566545138341334,0.092375262823143137,-0.96889801096172423,0.033281391471566606,-0.24521213945506534,8.8139125009864986e-05,4.1411546811054431e-05
4.3100547790527344,1790954208.8226719,0.00057578086853027344,0.085905105783160907,0.086515971021358926,-0.086655597361518469,0.02806489437206882,0.33527774930811072,0.0054977871437821386,0.057789999999999994,0.0058209999999999998,0.207313,3.0066088892405518,1.3207080982766293,3.0977848893647355,0.05776763113962928,0.0058204407143139167,0.20722774845078978,-0.24722363279952597,-0.08684847668888801,0.96505845288367098,0.01082218738607026,0.99566545138341334,0.092375262823143137,-0.96889801096172423,0.033281391471566606,-0.24521213945506534,8.8139125009864986e-05,4.1411546811054431e-05
4.315072774887085,1790954208.8276899,0.00059580802917480469,0.085905105783160907,0.086515971021358926,-0.086655597361518469,0.02806489437206882,0.33527774930811072,0.0054977871437821386,0.057789999999999994,0.0058209999999999998,0.207313,3.0066088892405518,1.3207080982766293,3.0977848893647355,0.05776763113962928,0.0058204407143139167,0.20722774845078978,-0.24722363279952597,-0.08684847668888801,0.96505845288367098,0.01082218738607026,0.99566545138341334,0.092375262823143137,-0.96889801096172423,0.033281391471566606,-0.24521213945506534,8.8139125009864986e-05,4.1411546811054431e-05
4.3200569152832031,1790954208.832674,0.00057291984558105469,0.085905105783160907,0.086515971021358926,-0.086655597361518469,0.02806489437206882,0.33527774930811072,0.0054977871437821386,0.057789999999999994,0.0058209999999999998,0.207313,3.0066088892405518,1.3207080982766293,3.0977848893647355,0.05776763113962928,0.0058204407143139167,0.20722774845078978,-0.24722363279952597,-0.08684847668888801,0.96505845288367098,0.01082218738607026,0.99566545138341334,0.092375262823143137,-0.96889801096172423,0.033281391471566606,-0.24521213945506534,8.8139125009864986e-05,4.1411546811054431e-05
4.3250539302825928,1790954208.837671,0.00057101249694824219,0.085905105783160907,0.086515971021358926,-0.086655597361518469,0.02806489437206882,0.33527774930811072,0.0054977871437821386,0.057789999999999994,0.0058209999999999998,0.207313,3.0066088892405518,1.3207080982766293,3.0977848893647355,0.05776763113962928,0.0058204407143139167,0.20722774845078978,-0.24722363279952597,-0.08684847668888801,0.96505845288367098,0.01082218738607026,0.99566545138341334,0.092375262823143137,-0.96889801096172423,0.033281391471566606,-0.24521213945506534,8.8139125009864986e-05,4.1411546811054431e-05
4.3300578594207764,1790954208.842675,0.00057697296142578125,0.085905105783160907,0.086515971021358926,-0.086655597361518469,0.02806489437206882,0.33527774930811072,0.0054977871437821386,0.057789999999999994,0.0058209999999999998,0.207313,3.0066088892405518,1.3207080982766293,3.0977848893647355,0.05776763113962928,0.0058204407143139167,0.20722774845078978,-0.24722363279952597,-0.08684847668888801,0.96505845288367098,0.01082218738607026,0.99566545138341334,0.092375262823143137,-0.96889801096172423,0.033281391471566606,-0.24521213945506534,8.8139125009864986e-05,4.1411546811054431e-05
4.3350818157196045,1790954208.8476989,0.00060296058654785156,0.085905105783160907,0.086515971021358926,-0.086655597361518469,0.02806489437206882,0.33527774930811072,0.0054977871437821386,0.057789999999999994,0.0058209999999999998,0.207313,3.0066088892405518,1.3207080982766293,3.0977848893647355,0.05776763113962928,0.0058204407143139167,0.20722774845078978,-0.24722363279952597,-0.08684847668888801,0.96505845288367098,0.01082218738607026,0.99566545138341334,0.092375262823143137,-0.96889801096172423,0.033281391471566606,-0.24521213945506534,8.8139125009864986e-05,4.1411546811054431e-05
4.3400528430938721,1790954208.85267,0.00056505203247070312,0.085905105783160907,0.086515971021358926,-0.086655597361518469,0.02806489437206882,0.33527774930811072,0.0054977871437821386,0.057789999999999994,0.0058209999999999998,0.207313,3.0066088892405518,1.3207080982766293,3.0977848893647355,0.05776763113962928,0.0058204407143139167,0.20722774845078978,-0.24722363279952597,-0.08684847668888801,0.96505845288367098,0.01082218738607026,0.99566545138341334,0.092375262823143137,-0.96889801096172423,0.033281391471566606,-0.24521213945506534,8.8139125009864986e-05,4.1411546811054431e-05
4.34505295753479,1790954208.8576701,0.00057506561279296875,0.085905105783160907,0.086515971021358926,-0.086655597361518469,0.02806489437206882,0.33527774930811072,0.0054977871437821386,0.057789999999999994,0.0058209999999999998,0.207313,3.0066088892405518,1.3207080982766293,3.0977848893647355,0.05776763113962928,0.0058204407143139167,0.20722774845078978,-0.24722363279952597,-0.08684847668888801,0.96505845288367098,0.01082218738607026,0.99566545138341334,0.092375262823143137,-0.96889801096172423,0.033281391471566606,-0.24521213945506534,8.8139125009864986e-05,4.1411546811054431e-05
4.3500559329986572,1790954208.862673,0.00057506561279296875,0.085905105783160907,0.086515971021358926,-0.086655597361518469,0.02806489437206882,0.33527774930811072,0.0054977871437821386,0.057789999999999994,0.0058209999999999998,0.207313,3.0066088892405518,1.3207080982766293,3.0977848893647355,0.05776763113962928,0.0058204407143139167,0.20722774845078978,-0.24722363279952597,-0.08684847668888801,0.96505845288367098,0.01082218738607026,0.99566545138341334,0.092375262823143137,-0.96889801096172423,0.033281391471566606,-0.24521213945506534,8.8139125009864986e-05,4.1411546811054431e-05
4.3550548553466797,1790954208.867672,0.00057697296142578125,0.085905105783160907,0.086515971021358926,-0.086655597361518469,0.02806489437206882,0.33527774930811072,0.0054977871437821386,0.057789999999999994,0.0058209999999999998,0.207313,3.0066088892405518,1.3207080982766293,3.0977848893647355,0.05776763113962928,0.0058204407143139167,0.20722774845078978,-0.24722363279952597,-0.08684847668888801,0.96505845288367098,0.01082218738607026,0.99566545138341334,0.092375262823143137,-0.96889801096172423,0.033281391471566606,-0.24521213945506534,8.8139125009864986e-05,4.1411546811054431e-05
4.3600537776947021,1790954208.8726709,0.00057387351989746094,0.085905105783160907,0.086515971021358926,-0.086655597361518469,0.02806489437206882,0.33527774930811072,0.0054977871437821386,0.057789999999999994,0.0058209999999999998,0.207313,3.0066088892405518,1.3207080982766293,3.0977848893647355,0.05776763113962928,0.0058204407143139167,0.20722774845078978,-0.24722363279952597,-0.08684847668888801,0.96505845288367098,0.01082218738607026,0.99566545138341334,0.092375262823143137,-0.96889801096172423,0.033281391471566606,-0.24521213945506534,8.8139125009864986e-05,4.1411546811054431e-05
4.3650779724121094,1790954208.8776951,0.00059819221496582031,0.085905105783160907,0.086515971021358926,-0.086655597361518469,0.02806489437206882,0.33527774930811072,0.0054977871437821386,0.057789999999999994,0.0058209999999999998,0.207313,3.0066088892405518,1.3207080982766293,3.0977848893647355,0.05776763113962928,0.0058204407143139167,0.20722774845078978,-0.24722363279952597,-0.08684847668888801,0.96505845288367098,0.01082218738607026,0.99566545138341334,0.092375262823143137,-0.96889801096172423,0.033281391471566606,-0.24521213945506534,8.8139125009864986e-05,4.1411546811054431e-05
4.3700540065765381,1790954208.8826711,0.0005741119384765625,0.085905105783160907,0.086515971021358926,-0.086655597361518469,0.02806489437206882,0.33527774930811072,0.0054977871437821386,0.057789999999999994,0.0058209999999999998,0.207313,3.0066088892405518,1.3207080982766293,3.0977848893647355,0.05776763113962928,0.0058204407143139167,0.20722774845078978,-0.24722363279952597,-0.08684847668888801,0.96505845288367098,0.01082218738607026,0.99566545138341334,0.092375262823143137,-0.96889801096172423,0.033281391471566606,-0.24521213945506534,8.8139125009864986e-05,4.1411546811054431e-05
4.3750548362731934,1790954208.8876719,0.00057697296142578125,0.085905105783160907,0.086515971021358926,-0.086655597361518469,0.02806489437206882,0.33527774930811072,0.0054977871437821386,0.057789999999999994,0.0058209999999999998,0.207313,3.0066088892405518,1.3207080982766293,3.0977848893647355,0.05776763113962928,0.0058204407143139167,0.20722774845078978,-0.24722363279952597,-0.08684847668888801,0.96505845288367098,0.01082218738607026,0.99566545138341334,0.092375262823143137,-0.96889801096172423,0.033281391471566606,-0.24521213945506534,8.8139125009864986e-05,4.1411546811054431e-05
4.3800559043884277,1790954208.892673,0.00057101249694824219,0.085905105783160907,0.086515971021358926,-0.086655597361518469,0.02806489437206882,0.33527774930811072,0.0054977871437821386,0.057789999999999994,0.0058209999999999998,0.207313,3.0066088892405518,1.3207080982766293,3.0977848893647355,0.05776763113962928,0.0058204407143139167,0.20722774845078978,-0.24722363279952597,-0.08684847668888801,0.96505845288367098,0.01082218738607026,0.99566545138341334,0.092375262823143137,-0.96889801096172423,0.033281391471566606,-0.24521213945506534,8.8139125009864986e-05,4.1411546811054431e-05
4.3850569725036621,1790954208.8976741,0.00057911872863769531,0.085905105783160907,0.086515971021358926,-0.086655597361518469,0.02806489437206882,0.33527774930811072,0.0054977871437821386,0.057789999999999994,0.0058209999999999998,0.207313,3.0066088892405518,1.3207080982766293,3.0977848893647355,0.05776763113962928,0.0058204407143139167,0.20722774845078978,-0.24722363279952597,-0.08684847668888801,0.96505845288367098,0.01082218738607026,0.99566545138341334,0.092375262823143137,-0.96889801096172423,0.033281391471566606,-0.24521213945506534,8.8139125009864986e-05,4.1411546811054431e-05
4.3900558948516846,1790954208.902673,0.00057506561279296875,0.085905105783160907,0.086515971021358926,-0.086655597361518469,0.02806489437206882,0.33527774930811072,0.0054977871437821386,0.057789999999999994,0.0058209999999999998,0.207313,3.0066088892405518,1.3207080982766293,3.0977848893647355,0.05776763113962928,0.0058204407143139167,0.20722774845078978,-0.24722363279952597,-0.08684847668888801,0.96505845288367098,0.01082218738607026,0.99566545138341334,0.092375262823143137,-0.96889801096172423,0.033281391471566606,-0.24521213945506534,8.8139125009864986e-05,4.1411546811054431e-05
4.3950779438018799,1790954208.9076951,0.00059914588928222656,0.085905105783160907,0.086515971021358926,-0.086655597361518469,0.02806489437206882,0.33527774930811072,0.0054977871437821386,0.057789999999999994,0.0058209999999999998,0.207313,3.0066088892405518,1.3207080982766293,3.0977848893647355,0.05776763113962928,0.0058204407143139167,0.20722774845078978,-0.24722363279952597,-0.08684847668888801,0.96505845288367098,0.01082218738607026,0.99566545138341334,0.092375262823143137,-0.96889801096172423,0.033281391471566606,-0.24521213945506534,8.8139125009864986e-05,4.1411546811054431e-05
4.4000539779663086,1790954208.9126711,0.00057506561279296875,0.085905105783160907,0.086515971021358926,-0.086655597361518469,0.02806489437206882,0.33527774930811072,0.0054977871437821386,0.057789999999999994,0.0058209999999999998,0.207313,3.0066088892405518,1.3207080982766293,3.0977848893647355,0.05776763113962928,0.0058204407143139167,0.20722774845078978,-0.24722363279952597,-0.08684847668888801,0.96505845288367098,0.01082218738607026,0.99566545138341334,0.092375262823143137,-0.96889801096172423,0.033281391471566606,-0.24521213945506534,8.8139125009864986e-05,4.1411546811054431e-05
4.4050788879394531,1790954208.917696,0.00059795379638671875,0.085905105783160907,0.086515971021358926,-0.086655597361518469,0.02806489437206882,0.33527774930811072,0.0054977871437821386,0.057789999999999994,0.0058209999999999998,0.207313,3.0066088892405518,1.3207080982766293,3.0977848893647355,0.05776763113962928,0.0058204407143139167,0.20722774845078978,-0.24722363279952597,-0.08684847668888801,0.96505845288367098,0.01082218738607026,0.99566545138341334,0.092375262823143137,-0.96889801096172423,0.033281391471566606,-0.24521213945506534,8.8139125009864986e-05,4.1411546811054431e-05
4.4100527763366699,1790954208.9226699,0.00057387351989746094,0.085905105783160907,0.086515971021358926,-0.086655597361518469,0.02806489437206882,0.33527774930811072,0.0054977871437821386,0.057789999999999994,0.0058209999999999998,0.207313,3.0066088892405518,1.3207080982766293,3.0977848893647355,0.05776763113962928,0.0058204407143139167,0.20722774845078978,-0.24722363279952597,-0.08684847668888801,0.96505845288367098,0.01082218738607026,0.99566545138341334,0.092375262823143137,-0.96889801096172423,0.033281391471566606,-0.24521213945506534,8.8139125009864986e-05,4.1411546811054431e-05
4.41507887840271,1790954208.927696,0.0005970001220703125,0.085905105783160907,0.086515971021358926,-0.086655597361518469,0.02806489437206882,0.33527774930811072,0.0054977871437821386,0.057789999999999994,0.0058209999999999998,0.207313,3.0066088892405518,1.3207080982766293,3.0977848893647355,0.05776763113962928,0.0058204407143139167,0.20722774845078978,-0.24722363279952597,-0.08684847668888801,0.96505845288367098,0.01082218738607026,0.99566545138341334,0.092375262823143137,-0.96889801096172423,0.033281391471566606,-0.24521213945506534,8.8139125009864986e-05,4.1411546811054431e-05
4.4200539588928223,1790954208.9326711,0.00057196617126464844,0.085905105783160907,0.086515971021358926,-0.086655597361518469,0.02806489437206882,0.33527774930811072,0.0054977871437821386,0.057789999999999994,0.0058209999999999998,0.207313,3.0066088892405518,1.3207080982766293,3.0977848893647355,0.05776763113962928,0.0058204407143139167,0.20722774845078978,-0.24722363279952597,-0.08684847668888801,0.96505845288367098,0.01082218738607026,0.99566545138341334,0.092375262823143137,-0.96889801096172423,0.033281391471566606,-0.24521213945506534,8.8139125009864986e-05,4.1411546811054431e-05
4.4250528812408447,1790954208.93767,0.00057101249694824219,0.085905105783160907,0.086515971021358926,-0.086655597361518469,0.02806489437206882,0.33527774930811072,0.0054977871437821386,0.057789999999999994,0.0058209999999999998,0.207313,3.0066088892405518,1.3207080982766293,3.0977848893647355,0.05776763113962928,0.0058204407143139167,0.20722774845078978,-0.24722363279952597,-0.08684847668888801,0.96505845288367098,0.01082218738607026,0.99566545138341334,0.092375262823143137,-0.96889801096172423,0.033281391471566606,-0.24521213945506534,8.8139125009864986e-05,4.1411546811054431e-05
4.4300549030303955,1790954208.942672,0.00057697296142578125,0.085905105783160907,0.086515971021358926,-0.086655597361518469,0.02806489437206882,0.33527774930811072,0.0054977871437821386,0.057789999999999994,0.0058209999999999998,0.207313,3.0066088892405518,1.3207080982766293,3.0977848893647355,0.05776763113962928,0.0058204407143139167,0.20722774845078978,-0.24722363279952597,-0.08684847668888801,0.96505845288367098,0.01082218738607026,0.99566545138341334,0.092375262823143137,-0.96889801096172423,0.033281391471566606,-0.24521213945506534,8.8139125009864986e-05,4.1411546811054431e-05
4.4350569248199463,1790954208.947674,0.00057911872863769531,0.085905105783160907,0.086515971021358926,-0.086655597361518469,0.02806489437206882,0.33527774930811072,0.0054977871437821386,0.057789999999999994,0.0058209999999999998,0.207313,3.0066088892405518,1.3207080982766293,3.0977848893647355,0.05776763113962928,0.0058204407143139167,0.20722774845078978,-0.24722363279952597,-0.08684847668888801,0.96505845288367098,0.01082218738607026,0.99566545138341334,0.092375262823143137,-0.96889801096172423,0.033281391471566606,-0.24521213945506534,8.8139125009864986e-05,4.1411546811054431e-05
4.4400548934936523,1790954208.952672,0.00057697296142578125,0.085905105783160907,0.086515971021358926,-0.086655597361518469,0.02806489437206882,0.33527774930811072,0.0054977871437821386,0.057789999999999994,0.0058209999999999998,0.207313,3.0066088892405518,1.3207080982766293,3.0977848893647355,0.05776763113962928,0.0058204407143139167,0.20722774845078978,-0.24722363279952597,-0.08684847668888801,0.96505845288367098,0.01082218738607026,0.99566545138341334,0.092375262823143137,-0.96889801096172423,0.033281391471566606,-0.24521213945506534,8.8139125009864986e-05,4.1411546811054431e-05
4.4450798034667969,1790954208.9576969,0.000598907470703125,0.085905105783160907,0.086515971021358926,-0.086655597361518469,0.02806489437206882,0.33527774930811072,0.0054977871437821386,0.057789999999999994,0.0058209999999999998,0.207313,3.0066088892405518,1.3207080982766293,3.0977848893647355,0.05776763113962928,0.0058204407143139167,0.20722774845078978,-0.24722363279952597,-0.08684847668888801,0.96505845288367098,0.01082218738607026,0.99566545138341334,0.092375262823143137,-0.96889801096172423,0.033281391471566606,-0.24521213945506534,8.8139125009864986e-05,4.1411546811054431e-05
4.4500548839569092,1790954208.962672,0.00057506561279296875,0.085905105783160907,0.086515971021358926,-0.086655597361518469,0.02806489437206882,0.33527774930811072,0.0054977871437821386,0.057789999999999994,0.0058209999999999998,0.207313,3.0066088892405518,1.3207080982766293,3.0977848893647355,0.05776763113962928,0.0058204407143139167,0.20722774845078978,-0.24722363279952597,-0.08684847668888801,0.96505845288367098,0.01082218738607026,0.99566545138341334,0.092375262823143137,-0.96889801096172423,0.033281391471566606,-0.24521213945506534,8.8139125009864986e-05,4.1411546811054431e-05
4.4550549983978271,1790954208.9676721,0.00056600570678710938,0.085905105783160907,0.086515971021358926,-0.086655597361518469,0.02806489437206882,0.33527774930811072,0.0054977871437821386,0.057789999999999994,0.0058209999999999998,0.207313,3.0066088892405518,1.3207080982766293,3.0977848893647355,0.05776763113962928,0.0058204407143139167,0.20722774845078978,-0.24722363279952597,-0.08684847668888801,0.96505845288367098,0.01082218738607026,0.99566545138341334,0.092375262823143137,-0.96889801096172423,0.033281391471566606,-0.24521213945506534,8.8139125009864986e-05,4.1411546811054431e-05
4.4600539207458496,1790954208.972671,0.00056314468383789062,0.085905105783160907,0.086515971021358926,-0.086655597361518469,0.02806489437206882,0.33527774930811072,0.0054977871437821386,0.057789999999999994,0.0058209999999999998,0.207313,3.0066088892405518,1.3207080982766293,3.0977848893647355,0.05776763113962928,0.0058204407143139167,0.20722774845078978,-0.24722363279952597,-0.08684847668888801,0.96505845288367098,0.01082218738607026,0.99566545138341334,0.092375262823143137,-0.96889801096172423,0.033281391471566606,-0.24521213945506534,8.8139125009864986e-05,4.1411546811054431e-05
4.4650638103485107,1790954208.9776809,0.00058484077453613281,0.085905105783160907,0.086515971021358926,-0.086655597361518469,0.02806489437206882,0.33527774930811072,0.0054977871437821386,0.057789999999999994,0.0058209999999999998,0.207313,3.0066088892405518,1.3207080982766293,3.0977848893647355,0.05776763113962928,0.0058204407143139167,0.20722774845078978,-0.24722363279952597,-0.08684847668888801,0.96505845288367098,0.01082218738607026,0.99566545138341334,0.092375262823143137,-0.96889801096172423,0.033281391471566606,-0.24521213945506534,8.8139125009864986e-05,4.1411546811054431e-05
4.4700548648834229,1790954208.982672,0.000576019287109375,0.085905105783160907,0.086515971021358926,-0.086655597361518469,0.02806489437206882,0.33527774930811072,0.0054977871437821386,0.057789999999999994,0.0058209999999999998,0.207313,3.0066088892405518,1.3207080982766293,3.0977848893647355,0.05776763113962928,0.0058204407143139167,0.20722774845078978,-0.24722363279952597,-0.08684847668888801,0.96505845288367098,0.01082218738607026,0.99566545138341334,0.092375262823143137,-0.96889801096172423,0.033281391471566606,-0.24521213945506534,8.8139125009864986e-05,4.1411546811054431e-05
4.4750549793243408,1790954208.9876721,0.00057697296142578125,0.085905105783160907,0.086515971021358926,-0.086655597361518469,0.02806489437206882,0.33527774930811072,0.0054977871437821386,0.057789999999999994,0.0058209999999999998,0.207313,3.0066088892405518,1.3207080982766293,3.0977848893647355,0.05776763113962928,0.0058204407143139167,0.20722774845078978,-0.24722363279952597,-0.08684847668888801,0.96505845288367098,0.01082218738607026,0.99566545138341334,0.092375262823143137,-0.96889801096172423,0.033281391471566606,-0.24521213945506534,8.8139125009864986e-05,4.1411546811054431e-05
4.4800529479980469,1790954208.9926701,0.00057506561279296875,0.085905105783160907,0.086515971021358926,-0.086655597361518469,0.02806489437206882,0.33527774930811072,0.0054977871437821386,0.057789999999999994,0.0058209999999999998,0.207313,3.0066088892405518,1.3207080982766293,3.0977848893647355,0.05776763113962928,0.0058204407143139167,0.20722774845078978,-0.24722363279952597,-0.08684847668888801,0.96505845288367098,0.01082218738607026,0.99566545138341334,0.092375262823143137,-0.96889801096172423,0.033281391471566606,-0.24521213945506534,8.8139125009864986e-05,4.1411546811054431e-05
4.4850549697875977,1790954208.9976721,0.000576019287109375,0.085905105783160907,0.086515971021358926,-0.086655597361518469,0.02806489437206882,0.33527774930811072,0.0054977871437821386,0.057789999999999994,0.0058209999999999998,0.207313,3.0066088892405518,1.3207080982766293,3.0977848893647355,0.05776763113962928,0.0058204407143139167,0.20722774845078978,-0.24722363279952597,-0.08684847668888801,0.96505845288367098,0.01082218738607026,0.99566545138341334,0.092375262823143137,-0.96889801096172423,0.033281391471566606,-0.24521213945506534,8.8139125009864986e-05,4.1411546811054431e-05
4.4900557994842529,1790954209.0026729,0.00057697296142578125,0.085905105783160907,0.086515971021358926,-0.086655597361518469,0.02806489437206882,0.33527774930811072,0.0054977871437821386,0.057789999999999994,0.0058209999999999998,0.207313,3.0066088892405518,1.3207080982766293,3.0977848893647355,0.05776763113962928,0.0058204407143139167,0.20722774845078978,-0.24722363279952597,-0.08684847668888801,0.96505845288367098,0.01082218738607026,0.99566545138341334,0.092375262823143137,-0.96889801096172423,0.033281391471566606,-0.24521213945506534,8.8139125009864986e-05,4.1411546811054431e-05
4.4950809478759766,1790954209.0076981,0.00060200691223144531,0.085905105783160907,0.086515971021358926,-0.086655597361518469,0.02806489437206882,0.33527774930811072,0.0054977871437821386,0.057789999999999994,0.0058209999999999998,0.207313,3.0066088892405518,1.3207080982766293,3.0977848893647355,0.05776763113962928,0.0058204407143139167,0.20722774845078978,-0.24722363279952597,-0.08684847668888801,0.96505845288367098,0.01082218738607026,0.99566545138341334,0.092375262823143137,-0.96889801096172423,0.033281391471566606,-0.24521213945506534,8.8139125009864986e-05,4.1411546811054431e-05
4.5000569820404053,1790954209.0126741,0.0005550384521484375,0.085905105783160907,0.086515971021358926,-0.086655597361518469,0.02806489437206882,0.33527774930811072,0.0054977871437821386,0.057789999999999994,0.0058209999999999998,0.207313,3.0066088892405518,1.3207080982766293,3.0977848893647355,0.05776763113962928,0.0058204407143139167,0.20722774845078978,-0.24722363279952597,-0.08684847668888801,0.96505845288367098,0.01082218738607026,0.99566545138341334,0.092375262823143137,-0.96889801096172423,0.033281391471566606,-0.24521213945506534,8.8139125009864986e-05,4.1411546811054431e-05
4.5050809383392334,1790954209.017698,0.00059914588928222656,0.085905105783160907,0.086515971021358926,-0.086655597361518469,0.02806489437206882,0.33527774930811072,0.0054977871437821386,0.057789999999999994,0.0058209999999999998,0.207313,3.0066088892405518,1.3207080982766293,3.0977848893647355,0.05776763113962928,0.0058204407143139167,0.20722774845078978,-0.24722363279952597,-0.08684847668888801,0.96505845288367098,0.01082218738607026,0.99566545138341334,0.092375262823143137,-0.96889801096172423,0.033281391471566606,-0.24521213945506534,8.8139125009864986e-05,4.1411546811054431e-05
4.5100569725036621,1790954209.0226741,0.00057506561279296875,0.085905105783160907,0.086515971021358926,-0.086655597361518469,0.02806489437206882,0.33527774930811072,0.0054977871437821386,0.057789999999999994,0.0058209999999999998,0.207313,3.0066088892405518,1.3207080982766293,3.0977848893647355,0.05776763113962928,0.0058204407143139167,0.20722774845078978,-0.24722363279952597,-0.08684847668888801,0.96505845288367098,0.01082218738607026,0.99566545138341334,0.092375262823143137,-0.96889801096172423,0.033281391471566606,-0.24521213945506534,8.8139125009864986e-05,4.1411546811054431e-05
4.515064001083374,1790954209.0276811,0.00058102607727050781,0.085905105783160907,0.086515971021358926,-0.086655597361518469,0.02806489437206882,0.33527774930811072,0.0054977871437821386,0.057789999999999994,0.0058209999999999998,0.207313,3.0066088892405518,1.3207080982766293,3.0977848893647355,0.05776763113962928,0.0058204407143139167,0.20722774845078978,-0.24722363279952597,-0.08684847668888801,0.96505845288367098,0.01082218738607026,0.99566545138341334,0.092375262823143137,-0.96889801096172423,0.033281391471566606,-0.24521213945506534,8.8139125009864986e-05,4.1411546811054431e-05
4.5200538635253906,1790954209.032671,0.00057506561279296875,0.085905105783160907,0.086515971021358926,-0.086655597361518469,0.02806489437206882,0.33527774930811072,0.0054977871437821386,0.057789999999999994,0.0058209999999999998,0.207313,3.0066088892405518,1.3207080982766293,3.0977848893647355,0.05776763113962928,0.0058204407143139167,0.20722774845078978,-0.24722363279952597,-0.08684847668888801,0.96505845288367098,0.01082218738607026,0.99566545138341334,0.092375262823143137,-0.96889801096172423,0.033281391471566606,-0.24521213945506534,8.8139125009864986e-05,4.1411546811054431e-05
4.5250539779663086,1790954209.0376711,0.00057506561279296875,0.085905105783160907,0.086515971021358926,-0.086655597361518469,0.02806489437206882,0.33527774930811072,0.0054977871437821386,0.057789999999999994,0.0058209999999999998,0.207313,3.0066088892405518,1.3207080982766293,3.0977848893647355,0.05776763113962928,0.0058204407143139167,0.20722774845078978,-0.24722363279952597,-0.08684847668888801,0.96505845288367098,0.01082218738607026,0.99566545138341334,0.092375262823143137,-0.96889801096172423,0.033281391471566606,-0.24521213945506534,8.8139125009864986e-05,4.1411546811054431e-05
4.5300538539886475,1790954209.042671,0.00057387351989746094,0.085905105783160907,0.086515971021358926,-0.086655597361518469,0.02806489437206882,0.33527774930811072,0.0054977871437821386,0.057789999999999994,0.0058209999999999998,0.207313,3.0066088892405518,1.3207080982766293,3.0977848893647355,0.05776763113962928,0.0058204407143139167,0.20722774845078978,-0.24722363279952597,-0.08684847668888801,0.96505845288367098,0.01082218738607026,0.99566545138341334,0.092375262823143137,-0.96889801096172423,0.033281391471566606,-0.24521213945506534,8.8139125009864986e-05,4.1411546811054431e-05
4.5350549221038818,1790954209.047672,0.00057291984558105469,0.085905105783160907,0.086515971021358926,-0.086655597361518469,0.02806489437206882,0.33527774930811072,0.0054977871437821386,0.057789999999999994,0.0058209999999999998,0.207313,3.0066088892405518,1.3207080982766293,3.0977848893647355,0.05776763113962928,0.0058204407143139167,0.20722774845078978,-0.24722363279952597,-0.08684847668888801,0.96505845288367098,0.01082218738607026,0.99566545138341334,0.092375262823143137,-0.96889801096172423,0.033281391471566606,-0.24521213945506534,8.8139125009864986e-05,4.1411546811054431e-05
4.5400538444519043,1790954209.052671,0.0005588531494140625,0.085905105783160907,0.086515971021358926,-0.086655597361518469,0.02806489437206882,0.33527774930811072,0.0054977871437821386,0.057789999999999994,0.0058209999999999998,0.207313,3.0066088892405518,1.3207080982766293,3.0977848893647355,0.05776763113962928,0.0058204407143139167,0.20722774845078978,-0.24722363279952597,-0.08684847668888801,0.96505845288367098,0.01082218738607026,0.99566545138341334,0.092375262823143137,-0.96889801096172423,0.033281391471566606,-0.24521213945506534,8.8139125009864986e-05,4.1411546811054431e-05
4.5450539588928223,1790954209.0576711,0.00057506561279296875,0.085905105783160907,0.086515971021358926,-0.086655597361518469,0.02806489437206882,0.33527774930811072,0.0054977871437821386,0.057789999999999994,0.0058209999999999998,0.207313,3.0066088892405518,1.3207080982766293,3.0977848893647355,0.05776763113962928,0.0058204407143139167,0.20722774845078978,-0.24722363279952597,-0.08684847668888801,0.96505845288367098,0.01082218738607026,0.99566545138341334,0.092375262823143137,-0.96889801096172423,0.033281391471566606,-0.24521213945506534,8.8139125009864986e-05,4.1411546811054431e-05
4.5500538349151611,1790954209.0626709,0.00057482719421386719,0.085905105783160907,0.086515971021358926,-0.086655597361518469,0.02806489437206882,0.33527774930811072,0.0054977871437821386,0.057789999999999994,0.0058209999999999998,0.207313,3.0066088892405518,1.3207080982766293,3.0977848893647355,0.05776763113962928,0.0058204407143139167,0.20722774845078978,-0.24722363279952597,-0.08684847668888801,0.96505845288367098,0.01082218738607026,0.99566545138341334,0.092375262823143137,-0.96889801096172423,0.033281391471566606,-0.24521213945506534,8.8139125009864986e-05,4.1411546811054431e-05
4.5550549030303955,1790954209.067672,0.000576019287109375,0.085905105783160907,0.086515971021358926,-0.086655597361518469,0.02806489437206882,0.33527774930811072,0.0054977871437821386,0.057789999999999994,0.0058209999999999998,0.207313,3.0066088892405518,1.3207080982766293,3.0977848893647355,0.05776763113962928,0.0058204407143139167,0.20722774845078978,-0.24722363279952597,-0.08684847668888801,0.96505845288367098,0.01082218738607026,0.99566545138341334,0.092375262823143137,-0.96889801096172423,0.033281391471566606,-0.24521213945506534,8.8139125009864986e-05,4.1411546811054431e-05
4.5600547790527344,1790954209.0726719,0.00057578086853027344,0.085905105783160907,0.086515971021358926,-0.086655597361518469,0.02806489437206882,0.33527774930811072,0.0054977871437821386,0.057789999999999994,0.0058209999999999998,0.207313,3.0066088892405518,1.3207080982766293,3.0977848893647355,0.05776763113962928,0.0058204407143139167,0.20722774845078978,-0.24722363279952597,-0.08684847668888801,0.96505845288367098,0.01082218738607026,0.99566545138341334,0.092375262823143137,-0.96889801096172423,0.033281391471566606,-0.24521213945506534,8.8139125009864986e-05,4.1411546811054431e-05
4.5650839805603027,1790954209.0777011,0.00060510635375976562,0.085905105783160907,0.086515971021358926,-0.086655597361518469,0.02806489437206882,0.33527774930811072,0.0054977871437821386,0.057789999999999994,0.0058209999999999998,0.207313,3.0066088892405518,1.3207080982766293,3.0977848893647355,0.05776763113962928,0.0058204407143139167,0.20722774845078978,-0.24722363279952597,-0.08684847668888801,0.96505845288367098,0.01082218738607026,0.99566545138341334,0.092375262823143137,-0.96889801096172423,0.033281391471566606,-0.24521213945506534,8.8139125009864986e-05,4.1411546811054431e-05
4.5700550079345703,1790954209.0826721,0.00057721138000488281,0.085905105783160907,0.086515971021358926,-0.086655597361518469,0.02806489437206882,0.33527774930811072,0.0054977871437821386,0.057789999999999994,0.0058209999999999998,0.207313,3.0066088892405518,1.3207080982766293,3.0977848893647355,0.05776763113962928,0.0058204407143139167,0.20722774845078978,-0.24722363279952597,-0.08684847668888801,0.96505845288367098,0.01082218738607026,0.99566545138341334,0.092375262823143137,-0.96889801096172423,0.033281391471566606,-0.24521213945506534,8.8139125009864986e-05,4.1411546811054431e-05
4.5750799179077148,1790954209.087697,0.00060105323791503906,0.085905105783160907,0.086515971021358926,-0.086655597361518469,0.02806489437206882,0.33527774930811072,0.0054977871437821386,0.057789999999999994,0.0058209999999999998,0.207313,3.0066088892405518,1.3207080982766293,3.0977848893647355,0.05776763113962928,0.0058204407143139167,0.20722774845078978,-0.24722363279952597,-0.08684847668888801,0.96505845288367098,0.01082218738607026,0.99566545138341334,0.092375262823143137,-0.96889801096172423,0.033281391471566606,-0.24521213945506534,8.8139125009864986e-05,4.1411546811054431e-05
4.5800538063049316,1790954209.0926709,0.00056982040405273438,0.085905105783160907,0.086515971021358926,-0.086655597361518469,0.02806489437206882,0.33527774930811072,0.0054977871437821386,0.057789999999999994,0.0058209999999999998,0.207313,3.0066088892405518,1.3207080982766293,3.0977848893647355,0.05776763113962928,0.0058204407143139167,0.20722774845078978,-0.24722363279952597,-0.08684847668888801,0.96505845288367098,0.01082218738607026,0.99566545138341334,0.092375262823143137,-0.96889801096172423,0.033281391471566606,-0.24521213945506534,8.8139125009864986e-05,4.1411546811054431e-05
4.5850558280944824,1790954209.0976729,0.00057697296142578125,0.085905105783160907,0.086515971021358926,-0.086655597361518469,0.02806489437206882,0.33527774930811072,0.0054977871437821386,0.057789999999999994,0.0058209999999999998,0.207313,3.0066088892405518,1.3207080982766293,3.0977848893647355,0.05776763113962928,0.0058204407143139167,0.20722774845078978,-0.24722363279952597,-0.08684847668888801,0.96505845288367098,0.01082218738607026,0.99566545138341334,0.092375262823143137,-0.96889801096172423,0.033281391471566606,-0.24521213945506534,8.8139125009864986e-05,4.1411546811054431e-05
4.5900559425354004,1790954209.1026731,0.00057506561279296875,0.085905105783160907,0.086515971021358926,-0.086655597361518469,0.02806489437206882,0.33527774930811072,0.0054977871437821386,0.057789999999999994,0.0058209999999999998,0.207313,3.0066088892405518,1.3207080982766293,3.0977848893647355,0.05776763113962928,0.0058204407143139167,0.20722774845078978,-0.24722363279952597,-0.08684847668888801,0.96505845288367098,0.01082218738607026,0.99566545138341334,0.092375262823143137,-0.96889801096172423,0.033281391471566606,-0.24521213945506534,8.8139125009864986e-05,4.1411546811054431e-05
4.5950548648834229,1790954209.107672,0.00057697296142578125,0.085905105783160907,0.086515971021358926,-0.086655597361518469,0.02806489437206882,0.33527774930811072,0.0054977871437821386,0.057789999999999994,0.0058209999999999998,0.207313,3.0066088892405518,1.3207080982766293,3.0977848893647355,0.05776763113962928,0.0058204407143139167,0.20722774845078978,-0.24722363279952597,-0.08684847668888801,0.96505845288367098,0.01082218738607026,0.99566545138341334,0.092375262823143137,-0.96889801096172423,0.033281391471566606,-0.24521213945506534,8.8139125009864986e-05,4.1411546811054431e-05
4.6000549793243408,1790954209.1126721,0.00057506561279296875,0.085905105783160907,0.086515971021358926,-0.086655597361518469,0.02806489437206882,0.33527774930811072,0.0054977871437821386,0.057789999999999994,0.0058209999999999998,0.207313,3.0066088892405518,1.3207080982766293,3.0977848893647355,0.05776763113962928,0.0058204407143139167,0.20722774845078978,-0.24722363279952597,-0.08684847668888801,0.96505845288367098,0.01082218738607026,0.99566545138341334,0.092375262823143137,-0.96889801096172423,0.033281391471566606,-0.24521213945506534,8.8139125009864986e-05,4.1411546811054431e-05
4.6050798892974854,1790954209.117697,0.00060009956359863281,0.085905105783160907,0.086515971021358926,-0.086655597361518469,0.02806489437206882,0.33527774930811072,0.0054977871437821386,0.057789999999999994,0.0058209999999999998,0.207313,3.0066088892405518,1.3207080982766293,3.0977848893647355,0.05776763113962928,0.0058204407143139167,0.20722774845078978,-0.24722363279952597,-0.08684847668888801,0.96505845288367098,0.01082218738607026,0.99566545138341334,0.092375262823143137,-0.96889801096172423,0.033281391471566606,-0.24521213945506534,8.8139125009864986e-05,4.1411546811054431e-05
4.6100549697875977,1790954209.1226721,0.000576019287109375,0.085905105783160907,0.086515971021358926,-0.086655597361518469,0.02806489437206882,0.33527774930811072,0.0054977871437821386,0.057789999999999994,0.0058209999999999998,0.207313,3.0066088892405518,1.3207080982766293,3.0977848893647355,0.05776763113962928,0.0058204407143139167,0.20722774845078978,-0.24722363279952597,-0.08684847668888801,0.96505845288367098,0.01082218738607026,0.99566545138341334,0.092375262823143137,-0.96889801096172423,0.033281391471566606,-0.24521213945506534,8.8139125009864986e-05,4.1411546811054431e-05
4.6150808334350586,1790954209.1276979,0.00060296058654785156,0.085905105783160907,0.086515971021358926,-0.086655597361518469,0.02806489437206882,0.33527774930811072,0.0054977871437821386,0.057789999999999994,0.0058209999999999998,0.207313,3.0066088892405518,1.3207080982766293,3.0977848893647355,0.05776763113962928,0.0058204407143139167,0.20722774845078978,-0.24722363279952597,-0.08684847668888801,0.96505845288367098,0.01082218738607026,0.99566545138341334,0.092375262823143137,-0.96889801096172423,0.033281391471566606,-0.24521213945506534,8.8139125009864986e-05,4.1411546811054431e-05
4.6200549602508545,1790954209.1326721,0.00056815147399902344,0.085905105783160907,0.086515971021358926,-0.086655597361518469,0.02806489437206882,0.33527774930811072,0.0054977871437821386,0.057789999999999994,0.0058209999999999998,0.207313,3.0066088892405518,1.3207080982766293,3.0977848893647355,0.05776763113962928,0.0058204407143139167,0.20722774845078978,-0.24722363279952597,-0.08684847668888801,0.96505845288367098,0.01082218738607026,0.99566545138341334,0.092375262823143137,-0.96889801096172423,0.033281391471566606,-0.24521213945506534,8.8139125009864986e-05,4.1411546811054431e-05
4.625079870223999,1790954209.137697,0.000598907470703125,0.085905105783160907,0.086515971021358926,-0.086655597361518469,0.02806489437206882,0.33527774930811072,0.0054977871437821386,0.057789999999999994,0.0058209999999999998,0.207313,3.0066088892405518,1.3207080982766293,3.0977848893647355,0.05776763113962928,0.0058204407143139167,0.20722774845078978,-0.24722363279952597,-0.08684847668888801,0.96505845288367098,0.01082218738607026,0.99566545138341334,0.092375262823143137,-0.96889801096172423,0.033281391471566606,-0.24521213945506534,8.8139125009864986e-05,4.1411546811054431e-05
4.6300549507141113,1790954209.1426721,0.0005741119384765625,0.085905105783160907,0.086515971021358926,-0.086655597361518469,0.02806489437206882,0.33527774930811072,0.0054977871437821386,0.057789999999999994,0.0058209999999999998,0.207313,3.0066088892405518,1.3207080982766293,3.0977848893647355,0.05776763113962928,0.0058204407143139167,0.20722774845078978,-0.24722363279952597,-0.08684847668888801,0.96505845288367098,0.01082218738607026,0.99566545138341334,0.092375262823143137,-0.96889801096172423,0.033281391471566606,-0.24521213945506534,8.8139125009864986e-05,4.1411546811054431e-05
4.6350538730621338,1790954209.147671,0.00057506561279296875,0.085905105783160907,0.086515971021358926,-0.086655597361518469,0.02806489437206882,0.33527774930811072,0.0054977871437821386,0.057789999999999994,0.0058209999999999998,0.207313,3.0066088892405518,1.3207080982766293,3.0977848893647355,0.05776763113962928,0.0058204407143139167,0.20722774845078978,-0.24722363279952597,-0.08684847668888801,0.96505845288367098,0.01082218738607026,0.99566545138341334,0.092375262823143137,-0.96889801096172423,0.033281391471566606,-0.24521213945506534,8.8139125009864986e-05,4.1411546811054431e-05
4.6400527954101562,1790954209.1526699,0.00057196617126464844,0.085905105783160907,0.086515971021358926,-0.086655597361518469,0.02806489437206882,0.33527774930811072,0.0054977871437821386,0.057789999999999994,0.0058209999999999998,0.207313,3.0066088892405518,1.3207080982766293,3.0977848893647355,0.05776763113962928,0.0058204407143139167,0.20722774845078978,-0.24722363279952597,-0.08684847668888801,0.96505845288367098,0.01082218738607026,0.99566545138341334,0.092375262823143137,-0.96889801096172423,0.033281391471566606,-0.24521213945506534,8.8139125009864986e-05,4.1411546811054431e-05
4.6450798511505127,1790954209.157697,0.00060200691223144531,0.085905105783160907,0.086515971021358926,-0.086655597361518469,0.02806489437206882,0.33527774930811072,0.0054977871437821386,0.057789999999999994,0.0058209999999999998,0.207313,3.0066088892405518,1.3207080982766293,3.0977848893647355,0.05776763113962928,0.0058204407143139167,0.20722774845078978,-0.24722363279952597,-0.08684847668888801,0.96505845288367098,0.01082218738607026,0.99566545138341334,0.092375262823143137,-0.96889801096172423,0.033281391471566606,-0.24521213945506534,8.8139125009864986e-05,4.1411546811054431e-05
4.650054931640625,1790954209.162672,0.00057697296142578125,0.085905105783160907,0.086515971021358926,-0.086655597361518469,0.02806489437206882,0.33527774930811072,0.0054977871437821386,0.057789999999999994,0.0058209999999999998,0.207313,3.0066088892405518,1.3207080982766293,3.0977848893647355,0.05776763113962928,0.0058204407143139167,0.20722774845078978,-0.24722363279952597,-0.08684847668888801,0.96505845288367098,0.01082218738607026,0.99566545138341334,0.092375262823143137,-0.96889801096172423,0.033281391471566606,-0.24521213945506534,8.8139125009864986e-05,4.1411546811054431e-05
4.6550538539886475,1790954209.167671,0.00057196617126464844,0.085905105783160907,0.086515971021358926,-0.086655597361518469,0.02806489437206882,0.33527774930811072,0.0054977871437821386,0.057789999999999994,0.0058209999999999998,0.207313,3.0066088892405518,1.3207080982766293,3.0977848893647355,0.05776763113962928,0.0058204407143139167,0.20722774845078978,-0.24722363279952597,-0.08684847668888801,0.96505845288367098,0.01082218738607026,0.99566545138341334,0.092375262823143137,-0.96889801096172423,0.033281391471566606,-0.24521213945506534,8.8139125009864986e-05,4.1411546811054431e-05
4.6600558757781982,1790954209.172673,0.00056409835815429688,0.085905105783160907,0.086515971021358926,-0.086655597361518469,0.02806489437206882,0.33527774930811072,0.0054977871437821386,0.057789999999999994,0.0058209999999999998,0.207313,3.0066088892405518,1.3207080982766293,3.0977848893647355,0.05776763113962928,0.0058204407143139167,0.20722774845078978,-0.24722363279952597,-0.08684847668888801,0.96505845288367098,0.01082218738607026,0.99566545138341334,0.092375262823143137,-0.96889801096172423,0.033281391471566606,-0.24521213945506534,8.8139125009864986e-05,4.1411546811054431e-05
4.6650948524475098,1790954209.177712,0.0006160736083984375,0.085905105783160907,0.086515971021358926,-0.086655597361518469,0.02806489437206882,0.33527774930811072,0.0054977871437821386,0.057789999999999994,0.0058209999999999998,0.207313,3.0066088892405518,1.3207080982766293,3.0977848893647355,0.05776763113962928,0.0058204407143139167,0.20722774845078978,-0.24722363279952597,-0.08684847668888801,0.96505845288367098,0.01082218738607026,0.99566545138341334,0.092375262823143137,-0.96889801096172423,0.033281391471566606,-0.24521213945506534,8.8139125009864986e-05,4.1411546811054431e-05
4.6700549125671387,1790954209.182672,0.0005741119384765625,0.085905105783160907,0.086515971021358926,-0.086655597361518469,0.02806489437206882,0.33527774930811072,0.0054977871437821386,0.057789999999999994,0.0058209999999999998,0.207313,3.0066088892405518,1.3207080982766293,3.0977848893647355,0.05776763113962928,0.0058204407143139167,0.20722774845078978,-0.24722363279952597,-0.08684847668888801,0.96505845288367098,0.01082218738607026,0.99566545138341334,0.092375262823143137,-0.96889801096172423,0.033281391471566606,-0.24521213945506534,8.8139125009864986e-05,4.1411546811054431e-05
4.6750798225402832,1790954209.1876969,0.0006008148193359375,0.085905105783160907,0.086515971021358926,-0.086655597361518469,0.02806489437206882,0.33527774930811072,0.0054977871437821386,0.057789999999999994,0.0058209999999999998,0.207313,3.0066088892405518,1.3207080982766293,3.0977848893647355,0.05776763113962928,0.0058204407143139167,0.20722774845078978,-0.24722363279952597,-0.08684847668888801,0.96505845288367098,0.01082218738607026,0.99566545138341334,0.092375262823143137,-0.96889801096172423,0.033281391471566606,-0.24521213945506534,8.8139125009864986e-05,4.1411546811054431e-05
4.6800549030303955,1790954209.192672,0.0005741119384765625,0.085905105783160907,0.086515971021358926,-0.086655597361518469,0.02806489437206882,0.33527774930811072,0.0054977871437821386,0.057789999999999994,0.0058209999999999998,0.207313,3.0066088892405518,1.3207080982766293,3.0977848893647355,0.05776763113962928,0.0058204407143139167,0.20722774845078978,-0.24722363279952597,-0.08684847668888801,0.96505845288367098,0.01082218738607026,0.99566545138341334,0.092375262823143137,-0.96889801096172423,0.033281391471566606,-0.24521213945506534,8.8139125009864986e-05,4.1411546811054431e-05
4.6850547790527344,1790954209.1976719,0.00057482719421386719,0.085905105783160907,0.086515971021358926,-0.086655597361518469,0.02806489437206882,0.33527774930811072,0.0054977871437821386,0.057789999999999994,0.0058209999999999998,0.207313,3.0066088892405518,1.3207080982766293,3.0977848893647355,0.05776763113962928,0.0058204407143139167,0.20722774845078978,-0.24722363279952597,-0.08684847668888801,0.96505845288367098,0.01082218738607026,0.99566545138341334,0.092375262823143137,-0.96889801096172423,0.033281391471566606,-0.24521213945506534,8.8139125009864986e-05,4.1411546811054431e-05
4.6900548934936523,1790954209.202672,0.000576019287109375,0.085905105783160907,0.086515971021358926,-0.086655597361518469,0.02806489437206882,0.33527774930811072,0.0054977871437821386,0.057789999999999994,0.0058209999999999998,0.207313,3.0066088892405518,1.3207080982766293,3.0977848893647355,0.05776763113962928,0.0058204407143139167,0.20722774845078978,-0.24722363279952597,-0.08684847668888801,0.96505845288367098,0.01082218738607026,0.99566545138341334,0.092375262823143137,-0.96889801096172423,0.033281391471566606,-0.24521213945506534,8.8139125009864986e-05,4.1411546811054431e-05
4.6950559616088867,1790954209.2076731,0.000576019287109375,0.085905105783160907,0.086515971021358926,-0.086655597361518469,0.02806489437206882,0.33527774930811072,0.0054977871437821386,0.057789999999999994,0.0058209999999999998,0.207313,3.0066088892405518,1.3207080982766293,3.0977848893647355,0.05776763113962928,0.0058204407143139167,0.20722774845078978,-0.24722363279952597,-0.08684847668888801,0.96505845288367098,0.01082218738607026,0.99566545138341334,0.092375262823143137,-0.96889801096172423,0.033281391471566606,-0.24521213945506534,8.8139125009864986e-05,4.1411546811054431e-05
4.700056791305542,1790954209.2126739,0.00057697296142578125,0.085905105783160907,0.086515971021358926,-0.086655597361518469,0.02806489437206882,0.33527774930811072,0.0054977871437821386,0.057789999999999994,0.0058209999999999998,0.207313,3.0066088892405518,1.3207080982766293,3.0977848893647355,0.05776763113962928,0.0058204407143139167,0.20722774845078978,-0.24722363279952597,-0.08684847668888801,0.96505845288367098,0.01082218738607026,0.99566545138341334,0.092375262823143137,-0.96889801096172423,0.033281391471566606,-0.24521213945506534,8.8139125009864986e-05,4.1411546811054431e-05
4.7050559520721436,1790954209.2176731,0.000576019287109375,0.085905105783160907,0.086515971021358926,-0.086655597361518469,0.02806489437206882,0.33527774930811072,0.0054977871437821386,0.057789999999999994,0.0058209999999999998,0.207313,3.0066088892405518,1.3207080982766293,3.0977848893647355,0.05776763113962928,0.0058204407143139167,0.20722774845078978,-0.24722363279952597,-0.08684847668888801,0.96505845288367098,0.01082218738607026,0.99566545138341334,0.092375262823143137,-0.96889801096172423,0.033281391471566606,-0.24521213945506534,8.8139125009864986e-05,4.1411546811054431e-05
4.7100558280944824,1790954209.2226729,0.00057482719421386719,0.085905105783160907,0.086515971021358926,-0.086655597361518469,0.02806489437206882,0.33527774930811072,0.0054977871437821386,0.057789999999999994,0.0058209999999999998,0.207313,3.0066088892405518,1.3207080982766293,3.0977848893647355,0.05776763113962928,0.0058204407143139167,0.20722774845078978,-0.24722363279952597,-0.08684847668888801,0.96505845288367098,0.01082218738607026,0.99566545138341334,0.092375262823143137,-0.96889801096172423,0.033281391471566606,-0.24521213945506534,8.8139125009864986e-05,4.1411546811054431e-05
4.7150919437408447,1790954209.2277091,0.00060915946960449219,0.085905105783160907,0.086515971021358926,-0.086655597361518469,0.02806489437206882,0.33527774930811072,0.0054977871437821386,0.057789999999999994,0.0058209999999999998,0.207313,3.0066088892405518,1.3207080982766293,3.0977848893647355,0.05776763113962928,0.0058204407143139167,0.20722774845078978,-0.24722363279952597,-0.08684847668888801,0.96505845288367098,0.01082218738607026,0.99566545138341334,0.092375262823143137,-0.96889801096172423,0.033281391471566606,-0.24521213945506534,8.8139125009864986e-05,4.1411546811054431e-05
4.7200558185577393,1790954209.2326729,0.00057697296142578125,0.085905105783160907,0.086515971021358926,-0.086655597361518469,0.02806489437206882,0.33527774930811072,0.0054977871437821386,0.057789999999999994,0.0058209999999999998,0.207313,3.0066088892405518,1.3207080982766293,3.0977848893647355,0.05776763113962928,0.0058204407143139167,0.20722774845078978,-0.24722363279952597,-0.08684847668888801,0.96505845288367098,0.01082218738607026,0.99566545138341334,0.092375262823143137,-0.96889801096172423,0.033281391471566606,-0.24521213945506534,8.8139125009864986e-05,4.1411546811054431e-05
4.7250797748565674,1790954209.2376969,0.00059986114501953125,0.085905105783160907,0.086515971021358926,-0.086655597361518469,0.02806489437206882,0.33527774930811072,0.0054977871437821386,0.057789999999999994,0.0058209999999999998,0.207313,3.0066088892405518,1.3207080982766293,3.0977848893647355,0.05776763113962928,0.0058204407143139167,0.20722774845078978,-0.24722363279952597,-0.08684847668888801,0.96505845288367098,0.01082218738607026,0.99566545138341334,0.092375262823143137,-0.96889801096172423,0.033281391471566606,-0.24521213945506534,8.8139125009864986e-05,4.1411546811054431e-05
4.7300558090209961,1790954209.2426729,0.00057387351989746094,0.085905105783160907,0.086515971021358926,-0.086655597361518469,0.02806489437206882,0.33527774930811072,0.0054977871437821386,0.057789999999999994,0.0058209999999999998,0.207313,3.0066088892405518,1.3207080982766293,3.0977848893647355,0.05776763113962928,0.0058204407143139167,0.20722774845078978,-0.24722363279952597,-0.08684847668888801,0.96505845288367098,0.01082218738607026,0.99566545138341334,0.092375262823143137,-0.96889801096172423,0.033281391471566606,-0.24521213945506534,8.8139125009864986e-05,4.1411546811054431e-05
4.7350537776947021,1790954209.2476709,0.00057387351989746094,0.085905105783160907,0.086515971021358926,-0.086655597361518469,0.02806489437206882,0.33527774930811072,0.0054977871437821386,0.057789999999999994,0.0058209999999999998,0.207313,3.0066088892405518,1.3207080982766293,3.0977848893647355,0.05776763113962928,0.0058204407143139167,0.20722774845078978,-0.24722363279952597,-0.08684847668888801,0.96505845288367098,0.01082218738607026,0.99566545138341334,0.092375262823143137,-0.96889801096172423,0.033281391471566606,-0.24521213945506534,8.8139125009864986e-05,4.1411546811054431e-05
4.7400557994842529,1790954209.2526729,0.00057482719421386719,0.085905105783160907,0.086515971021358926,-0.086655597361518469,0.02806489437206882,0.33527774930811072,0.0054977871437821386,0.057789999999999994,0.0058209999999999998,0.207313,3.0066088892405518,1.3207080982766293,3.0977848893647355,0.05776763113962928,0.0058204407143139167,0.20722774845078978,-0.24722363279952597,-0.08684847668888801,0.96505845288367098,0.01082218738607026,0.99566545138341334,0.092375262823143137,-0.96889801096172423,0.033281391471566606,-0.24521213945506534,8.8139125009864986e-05,4.1411546811054431e-05
4.7450540065765381,1790954209.2576711,0.0005741119384765625,0.085905105783160907,0.086515971021358926,-0.086655597361518469,0.02806489437206882,0.33527774930811072,0.0054977871437821386,0.057789999999999994,0.0058209999999999998,0.207313,3.0066088892405518,1.3207080982766293,3.0977848893647355,0.05776763113962928,0.0058204407143139167,0.20722774845078978,-0.24722363279952597,-0.08684847668888801,0.96505845288367098,0.01082218738607026,0.99566545138341334,0.092375262823143137,-0.96889801096172423,0.033281391471566606,-0.24521213945506534,8.8139125009864986e-05,4.1411546811054431e-05
4.7500557899475098,1790954209.2626729,0.00057387351989746094,0.085905105783160907,0.086515971021358926,-0.086655597361518469,0.02806489437206882,0.33527774930811072,0.0054977871437821386,0.057789999999999994,0.0058209999999999998,0.207313,3.0066088892405518,1.3207080982766293,3.0977848893647355,0.05776763113962928,0.0058204407143139167,0.20722774845078978,-0.24722363279952597,-0.08684847668888801,0.96505845288367098,0.01082218738607026,0.99566545138341334,0.092375262823143137,-0.96889801096172423,0.033281391471566606,-0.24521213945506534,8.8139125009864986e-05,4.1411546811054431e-05
4.7550787925720215,1790954209.2676959,0.000598907470703125,0.085905105783160907,0.086515971021358926,-0.086655597361518469,0.02806489437206882,0.33527774930811072,0.0054977871437821386,0.057789999999999994,0.0058209999999999998,0.207313,3.0066088892405518,1.3207080982766293,3.0977848893647355,0.05776763113962928,0.0058204407143139167,0.20722774845078978,-0.24722363279952597,-0.08684847668888801,0.96505845288367098,0.01082218738607026,0.99566545138341334,0.092375262823143137,-0.96889801096172423,0.033281391471566606,-0.24521213945506534,8.8139125009864986e-05,4.1411546811054431e-05
4.7600557804107666,1790954209.2726729,0.00057578086853027344,0.085905105783160907,0.086515971021358926,-0.086655597361518469,0.02806489437206882,0.33527774930811072,0.0054977871437821386,0.057789999999999994,0.0058209999999999998,0.207313,3.0066088892405518,1.3207080982766293,3.0977848893647355,0.05776763113962928,0.0058204407143139167,0.20722774845078978,-0.24722363279952597,-0.08684847668888801,0.96505845288367098,0.01082218738607026,0.99566545138341334,0.092375262823143137,-0.96889801096172423,0.033281391471566606,-0.24521213945506534,8.8139125009864986e-05,4.1411546811054431e-05
4.7650787830352783,1790954209.2776959,0.0005970001220703125,0.085905105783160907,0.086515971021358926,-0.086655597361518469,0.02806489437206882,0.33527774930811072,0.0054977871437821386,0.057789999999999994,0.0058209999999999998,0.207313,3.0066088892405518,1.3207080982766293,3.0977848893647355,0.05776763113962928,0.0058204407143139167,0.20722774845078978,-0.24722363279952597,-0.08684847668888801,0.96505845288367098,0.01082218738607026,0.99566545138341334,0.092375262823143137,-0.96889801096172423,0.033281391471566606,-0.24521213945506534,8.8139125009864986e-05,4.1411546811054431e-05
4.7700557708740234,1790954209.2826729,0.00057578086853027344,0.085905105783160907,0.086515971021358926,-0.086655597361518469,0.02806489437206882,0.33527774930811072,0.0054977871437821386,0.057789999999999994,0.0058209999999999998,0.207313,3.0066088892405518,1.3207080982766293,3.0977848893647355,0.05776763113962928,0.0058204407143139167,0.20722774845078978,-0.24722363279952597,-0.08684847668888801,0.96505845288367098,0.01082218738607026,0.99566545138341334,0.092375262823143137,-0.96889801096172423,0.033281391471566606,-0.24521213945506534,8.8139125009864986e-05,4.1411546811054431e-05
4.7750558853149414,1790954209.287673,0.000576019287109375,0.085905105783160907,0.086515971021358926,-0.086655597361518469,0.02806489437206882,0.33527774930811072,0.0054977871437821386,0.057789999999999994,0.0058209999999999998,0.207313,3.0066088892405518,1.3207080982766293,3.0977848893647355,0.05776763113962928,0.0058204407143139167,0.20722774845078978,-0.24722363279952597,-0.08684847668888801,0.96505845288367098,0.01082218738607026,0.99566545138341334,0.092375262823143137,-0.96889801096172423,0.033281391471566606,-0.24521213945506534,8.8139125009864986e-05,4.1411546811054431e-05
4.7800559997558594,1790954209.2926731,0.000576019287109375,0.085905105783160907,0.086515971021358926,-0.086655597361518469,0.02806489437206882,0.33527774930811072,0.0054977871437821386,0.057789999999999994,0.0058209999999999998,0.207313,3.0066088892405518,1.3207080982766293,3.0977848893647355,0.05776763113962928,0.0058204407143139167,0.20722774845078978,-0.24722363279952597,-0.08684847668888801,0.96505845288367098,0.01082218738607026,0.99566545138341334,0.092375262823143137,-0.96889801096172423,0.033281391471566606,-0.24521213945506534,8.8139125009864986e-05,4.1411546811054431e-05
4.7850768566131592,1790954209.297694,0.00059986114501953125,0.085905105783160907,0.086515971021358926,-0.086655597361518469,0.02806489437206882,0.33527774930811072,0.0054977871437821386,0.057789999999999994,0.0058209999999999998,0.207313,3.0066088892405518,1.3207080982766293,3.0977848893647355,0.05776763113962928,0.0058204407143139167,0.20722774845078978,-0.24722363279952597,-0.08684847668888801,0.96505845288367098,0.01082218738607026,0.99566545138341334,0.092375262823143137,-0.96889801096172423,0.033281391471566606,-0.24521213945506534,8.8139125009864986e-05,4.1411546811054431e-05
4.7900559902191162,1790954209.3026731,0.000576019287109375,0.085905105783160907,0.086515971021358926,-0.086655597361518469,0.02806489437206882,0.33527774930811072,0.0054977871437821386,0.057789999999999994,0.0058209999999999998,0.207313,3.0066088892405518,1.3207080982766293,3.0977848893647355,0.05776763113962928,0.0058204407143139167,0.20722774845078978,-0.24722363279952597,-0.08684847668888801,0.96505845288367098,0.01082218738607026,0.99566545138341334,0.092375262823143137,-0.96889801096172423,0.033281391471566606,-0.24521213945506534,8.8139125009864986e-05,4.1411546811054431e-05
4.7950809001922607,1790954209.307698,0.00060200691223144531,0.085905105783160907,0.086515971021358926,-0.086655597361518469,0.02806489437206882,0.33527774930811072,0.0054977871437821386,0.057789999999999994,0.0058209999999999998,0.207313,3.0066088892405518,1.3207080982766293,3.0977848893647355,0.05776763113962928,0.0058204407143139167,0.20722774845078978,-0.24722363279952597,-0.08684847668888801,0.96505845288367098,0.01082218738607026,0.99566545138341334,0.092375262823143137,-0.96889801096172423,0.033281391471566606,-0.24521213945506534,8.8139125009864986e-05,4.1411546811054431e-05
4.800055980682373,1790954209.3126731,0.00057697296142578125,0.085905105783160907,0.086515971021358926,-0.086655597361518469,0.02806489437206882,0.33527774930811072,0.0054977871437821386,0.057789999999999994,0.0058209999999999998,0.207313,3.0066088892405518,1.3207080982766293,3.0977848893647355,0.05776763113962928,0.0058204407143139167,0.20722774845078978,-0.24722363279952597,-0.08684847668888801,0.96505845288367098,0.01082218738607026,0.99566545138341334,0.092375262823143137,-0.96889801096172423,0.033281391471566606,-0.24521213945506534,8.8139125009864986e-05,4.1411546811054431e-05
4.8050808906555176,1790954209.317698,0.00060105323791503906,0.085905105783160907,0.086515971021358926,-0.086655597361518469,0.02806489437206882,0.33527774930811072,0.0054977871437821386,0.057789999999999994,0.0058209999999999998,0.207313,3.0066088892405518,1.3207080982766293,3.0977848893647355,0.05776763113962928,0.0058204407143139167,0.20722774845078978,-0.24722363279952597,-0.08684847668888801,0.96505845288367098,0.01082218738607026,0.99566545138341334,0.092375262823143137,-0.96889801096172423,0.033281391471566606,-0.24521213945506534,8.8139125009864986e-05,4.1411546811054431e-05
4.8100559711456299,1790954209.3226731,0.00044798851013183594,0.085905105783160907,0.086515971021358926,-0.086655597361518469,0.02806489437206882,0.33527774930811072,0.0054977871437821386,0.057789999999999994,0.0058209999999999998,0.207313,3.0066088892405518,1.3207080982766293,3.0977848893647355,0.05776763113962928,0.0058204407143139167,0.20722774845078978,-0.24722363279952597,-0.08684847668888801,0.96505845288367098,0.01082218738607026,0.99566545138341334,0.092375262823143137,-0.96889801096172423,0.033281391471566606,-0.24521213945506534,8.8139125009864986e-05,4.1411546811054431e-05
4.8150558471679688,1790954209.327673,0.00057697296142578125,0.085905105783160907,0.086515971021358926,-0.086655597361518469,0.02806489437206882,0.33527774930811072,0.0054977871437821386,0.057789999999999994,0.0058209999999999998,0.207313,3.0066088892405518,1.3207080982766293,3.0977848893647355,0.05776763113962928,0.0058204407143139167,0.20722774845078978,-0.24722363279952597,-0.08684847668888801,0.96505845288367098,0.01082218738607026,0.99566545138341334,0.092375262823143137,-0.96889801096172423,0.033281391471566606,-0.24521213945506534,8.8139125009864986e-05,4.1411546811054431e-05
4.8200559616088867,1790954209.3326731,0.00056004524230957031,0.085905105783160907,0.086515971021358926,-0.086655597361518469,0.02806489437206882,0.33527774930811072,0.0054977871437821386,0.057789999999999994,0.0058209999999999998,0.207313,3.0066088892405518,1.3207080982766293,3.0977848893647355,0.05776763113962928,0.0058204407143139167,0.20722774845078978,-0.24722363279952597,-0.08684847668888801,0.96505845288367098,0.01082218738607026,0.99566545138341334,0.092375262823143137,-0.96889801096172423,0.033281391471566606,-0.24521213945506534,8.8139125009864986e-05,4.1411546811054431e-05
4.8250558376312256,1790954209.3376729,0.000576019287109375,0.085905105783160907,0.086515971021358926,-0.086655597361518469,0.02806489437206882,0.33527774930811072,0.0054977871437821386,0.057789999999999994,0.0058209999999999998,0.207313,3.0066088892405518,1.3207080982766293,3.0977848893647355,0.05776763113962928,0.0058204407143139167,0.20722774845078978,-0.24722363279952597,-0.08684847668888801,0.96505845288367098,0.01082218738607026,0.99566545138341334,0.092375262823143137,-0.96889801096172423,0.033281391471566606,-0.24521213945506534,8.8139125009864986e-05,4.1411546811054431e-05
4.8300538063049316,1790954209.3426709,0.00057291984558105469,0.085905105783160907,0.086515971021358926,-0.086655597361518469,0.02806489437206882,0.33527774930811072,0.0054977871437821386,0.057789999999999994,0.0058209999999999998,0.207313,3.0066088892405518,1.3207080982766293,3.0977848893647355,0.05776763113962928,0.0058204407143139167,0.20722774845078978,-0.24722363279952597,-0.08684847668888801,0.96505845288367098,0.01082218738607026,0.99566545138341334,0.092375262823143137,-0.96889801096172423,0.033281391471566606,-0.24521213945506534,8.8139125009864986e-05,4.1411546811054431e-05
4.8350818157196045,1790954209.3476989,0.00060296058654785156,0.085905105783160907,0.086515971021358926,-0.086655597361518469,0.02806489437206882,0.33527774930811072,0.0054977871437821386,0.057789999999999994,0.0058209999999999998,0.207313,3.0066088892405518,1.3207080982766293,3.0977848893647355,0.05776763113962928,0.0058204407143139167,0.20722774845078978,-0.24722363279952597,-0.08684847668888801,0.96505845288367098,0.01082218738607026,0.99566545138341334,0.092375262823143137,-0.96889801096172423,0.033281391471566606,-0.24521213945506534,8.8139125009864986e-05,4.1411546811054431e-05
4.8400568962097168,1790954209.352674,0.00057506561279296875,0.085905105783160907,0.086515971021358926,-0.086655597361518469,0.02806489437206882,0.33527774930811072,0.0054977871437821386,0.057789999999999994,0.0058209999999999998,0.207313,3.0066088892405518,1.3207080982766293,3.0977848893647355,0.05776763113962928,0.0058204407143139167,0.20722774845078978,-0.24722363279952597,-0.08684847668888801,0.96505845288367098,0.01082218738607026,0.99566545138341334,0.092375262823143137,-0.96889801096172423,0.033281391471566606,-0.24521213945506534,8.8139125009864986e-05,4.1411546811054431e-05
4.8450558185577393,1790954209.3576729,0.000576019287109375,0.085905105783160907,0.086515971021358926,-0.086655597361518469,0.02806489437206882,0.33527774930811072,0.0054977871437821386,0.057789999999999994,0.0058209999999999998,0.207313,3.0066088892405518,1.3207080982766293,3.0977848893647355,0.05776763113962928,0.0058204407143139167,0.20722774845078978,-0.24722363279952597,-0.08684847668888801,0.96505845288367098,0.01082218738607026,0.99566545138341334,0.092375262823143137,-0.96889801096172423,0.033281391471566606,-0.24521213945506534,8.8139125009864986e-05,4.1411546811054431e-05
4.8500559329986572,1790954209.362673,0.0005741119384765625,0.085905105783160907,0.086515971021358926,-0.086655597361518469,0.02806489437206882,0.33527774930811072,0.0054977871437821386,0.057789999999999994,0.0058209999999999998,0.207313,3.0066088892405518,1.3207080982766293,3.0977848893647355,0.05776763113962928,0.0058204407143139167,0.20722774845078978,-0.24722363279952597,-0.08684847668888801,0.96505845288367098,0.01082218738607026,0.99566545138341334,0.092375262823143137,-0.96889801096172423,0.033281391471566606,-0.24521213945506534,8.8139125009864986e-05,4.1411546811054431e-05
4.8550808429718018,1790954209.367698,0.00060200691223144531,0.085905105783160907,0.086515971021358926,-0.086655597361518469,0.02806489437206882,0.33527774930811072,0.0054977871437821386,0.057789999999999994,0.0058209999999999998,0.207313,3.0066088892405518,1.3207080982766293,3.0977848893647355,0.05776763113962928,0.0058204407143139167,0.20722774845078978,-0.24722363279952597,-0.08684847668888801,0.96505845288367098,0.01082218738607026,0.99566545138341334,0.092375262823143137,-0.96889801096172423,0.033281391471566606,-0.24521213945506534,8.8139125009864986e-05,4.1411546811054431e-05
4.8600549697875977,1790954209.3726721,0.00057005882263183594,0.085905105783160907,0.086515971021358926,-0.086655597361518469,0.02806489437206882,0.33527774930811072,0.0054977871437821386,0.057789999999999994,0.0058209999999999998,0.207313,3.0066088892405518,1.3207080982766293,3.0977848893647355,0.05776763113962928,0.0058204407143139167,0.20722774845078978,-0.24722363279952597,-0.08684847668888801,0.96505845288367098,0.01082218738607026,0.99566545138341334,0.092375262823143137,-0.96889801096172423,0.033281391471566606,-0.24521213945506534,8.8139125009864986e-05,4.1411546811054431e-05
4.8650789260864258,1790954209.377696,0.00060105323791503906,0.085905105783160907,0.086515971021358926,-0.086655597361518469,0.02806489437206882,0.33527774930811072,0.0054977871437821386,0.057789999999999994,0.0058209999999999998,0.207313,3.0066088892405518,1.3207080982766293,3.0977848893647355,0.05776763113962928,0.0058204407143139167,0.20722774845078978,-0.24722363279952597,-0.08684847668888801,0.96505845288367098,0.01082218738607026,0.99566545138341334,0.092375262823143137,-0.96889801096172423,0.033281391471566606,-0.24521213945506534,8.8139125009864986e-05,4.1411546811054431e-05
4.8700549602508545,1790954209.3826721,0.000576019287109375,0.085905105783160907,0.086515971021358926,-0.086655597361518469,0.02806489437206882,0.33527774930811072,0.0054977871437821386,0.057789999999999994,0.0058209999999999998,0.207313,3.0066088892405518,1.3207080982766293,3.0977848893647355,0.05776763113962928,0.0058204407143139167,0.20722774845078978,-0.24722363279952597,-0.08684847668888801,0.96505845288367098,0.01082218738607026,0.99566545138341334,0.092375262823143137,-0.96889801096172423,0.033281391471566606,-0.24521213945506534,8.8139125009864986e-05,4.1411546811054431e-05
4.8750817775726318,1790954209.3876989,0.00060200691223144531,0.085905105783160907,0.086515971021358926,-0.086655597361518469,0.02806489437206882,0.33527774930811072,0.0054977871437821386,0.057789999999999994,0.0058209999999999998,0.207313,3.0066088892405518,1.3207080982766293,3.0977848893647355,0.05776763113962928,0.0058204407143139167,0.20722774845078978,-0.24722363279952597,-0.08684847668888801,0.96505845288367098,0.01082218738607026,0.99566545138341334,0.092375262823143137,-0.96889801096172423,0.033281391471566606,-0.24521213945506534,8.8139125009864986e-05,4.1411546811054431e-05
4.8800539970397949,1790954209.3926711,0.00057506561279296875,0.085905105783160907,0.086515971021358926,-0.086655597361518469,0.02806489437206882,0.33527774930811072,0.0054977871437821386,0.057789999999999994,0.0058209999999999998,0.207313,3.0066088892405518,1.3207080982766293,3.0977848893647355,0.05776763113962928,0.0058204407143139167,0.20722774845078978,-0.24722363279952597,-0.08684847668888801,0.96505845288367098,0.01082218738607026,0.99566545138341334,0.092375262823143137,-0.96889801096172423,0.033281391471566606,-0.24521213945506534,8.8139125009864986e-05,4.1411546811054431e-05
4.8850548267364502,1790954209.3976719,0.00057387351989746094,0.085905105783160907,0.086515971021358926,-0.086655597361518469,0.02806489437206882,0.33527774930811072,0.0054977871437821386,0.057789999999999994,0.0058209999999999998,0.207313,3.0066088892405518,1.3207080982766293,3.0977848893647355,0.05776763113962928,0.0058204407143139167,0.20722774845078978,-0.24722363279952597,-0.08684847668888801,0.96505845288367098,0.01082218738607026,0.99566545138341334,0.092375262823143137,-0.96889801096172423,0.033281391471566606,-0.24521213945506534,8.8139125009864986e-05,4.1411546811054431e-05
4.8900558948516846,1790954209.402673,0.00057506561279296875,0.085905105783160907,0.086515971021358926,-0.086655597361518469,0.02806489437206882,0.33527774930811072,0.0054977871437821386,0.057789999999999994,0.0058209999999999998,0.207313,3.0066088892405518,1.3207080982766293,3.0977848893647355,0.05776763113962928,0.0058204407143139167,0.20722774845078978,-0.24722363279952597,-0.08684847668888801,0.96505845288367098,0.01082218738607026,0.99566545138341334,0.092375262823143137,-0.96889801096172423,0.033281391471566606,-0.24521213945506534,8.8139125009864986e-05,4.1411546811054431e-05
4.8950819969177246,1790954209.4076991,0.00060319900512695312,0.085905105783160907,0.086515971021358926,-0.086655597361518469,0.02806489437206882,0.33527774930811072,0.0054977871437821386,0.057789999999999994,0.0058209999999999998,0.207313,3.0066088892405518,1.3207080982766293,3.0977848893647355,0.05776763113962928,0.0058204407143139167,0.20722774845078978,-0.24722363279952597,-0.08684847668888801,0.96505845288367098,0.01082218738607026,0.99566545138341334,0.092375262823143137,-0.96889801096172423,0.033281391471566606,-0.24521213945506534,8.8139125009864986e-05,4.1411546811054431e-05
4.9000539779663086,1790954209.4126711,0.00056600570678710938,0.085905105783160907,0.086515971021358926,-0.086655597361518469,0.02806489437206882,0.33527774930811072,0.0054977871437821386,0.057789999999999994,0.0058209999999999998,0.207313,3.0066088892405518,1.3207080982766293,3.0977848893647355,0.05776763113962928,0.0058204407143139167,0.20722774845078978,-0.24722363279952597,-0.08684847668888801,0.96505845288367098,0.01082218738607026,0.99566545138341334,0.092375262823143137,-0.96889801096172423,0.033281391471566606,-0.24521213945506534,8.8139125009864986e-05,4.1411546811054431e-05
4.9050788879394531,1790954209.417696,0.00059103965759277344,0.085905105783160907,0.086515971021358926,-0.086655597361518469,0.02806489437206882,0.33527774930811072,0.0054977871437821386,0.057789999999999994,0.0058209999999999998,0.207313,3.0066088892405518,1.3207080982766293,3.0977848893647355,0.05776763113962928,0.0058204407143139167,0.20722774845078978,-0.24722363279952597,-0.08684847668888801,0.96505845288367098,0.01082218738607026,0.99566545138341334,0.092375262823143137,-0.96889801096172423,0.033281391471566606,-0.24521213945506534,8.8139125009864986e-05,4.1411546811054431e-05
4.9100549221038818,1790954209.422672,0.00057291984558105469,0.085905105783160907,0.086515971021358926,-0.086655597361518469,0.02806489437206882,0.33527774930811072,0.0054977871437821386,0.057789999999999994,0.0058209999999999998,0.207313,3.0066088892405518,1.3207080982766293,3.0977848893647355,0.05776763113962928,0.0058204407143139167,0.20722774845078978,-0.24722363279952597,-0.08684847668888801,0.96505845288367098,0.01082218738607026,0.99566545138341334,0.092375262823143137,-0.96889801096172423,0.033281391471566606,-0.24521213945506534,8.8139125009864986e-05,4.1411546811054431e-05
4.9150547981262207,1790954209.4276719,0.00057697296142578125,0.085905105783160907,0.086515971021358926,-0.086655597361518469,0.02806489437206882,0.33527774930811072,0.0054977871437821386,0.057789999999999994,0.0058209999999999998,0.207313,3.0066088892405518,1.3207080982766293,3.0977848893647355,0.05776763113962928,0.0058204407143139167,0.20722774845078978,-0.24722363279952597,-0.08684847668888801,0.96505845288367098,0.01082218738607026,0.99566545138341334,0.092375262823143137,-0.96889801096172423,0.033281391471566606,-0.24521213945506534,8.8139125009864986e-05,4.1411546811054431e-05
4.9200549125671387,1790954209.432672,0.00057005882263183594,0.085905105783160907,0.086515971021358926,-0.086655597361518469,0.02806489437206882,0.33527774930811072,0.0054977871437821386,0.057789999999999994,0.0058209999999999998,0.207313,3.0066088892405518,1.3207080982766293,3.0977848893647355,0.05776763113962928,0.0058204407143139167,0.20722774845078978,-0.24722363279952597,-0.08684847668888801,0.96505845288367098,0.01082218738607026,0.99566545138341334,0.092375262823143137,-0.96889801096172423,0.033281391471566606,-0.24521213945506534,8.8139125009864986e-05,4.1411546811054431e-05
4.9250547885894775,1790954209.4376719,0.00057482719421386719,0.085905105783160907,0.086515971021358926,-0.086655597361518469,0.02806489437206882,0.33527774930811072,0.0054977871437821386,0.057789999999999994,0.0058209999999999998,0.207313,3.0066088892405518,1.3207080982766293,3.0977848893647355,0.05776763113962928,0.0058204407143139167,0.20722774845078978,-0.24722363279952597,-0.08684847668888801,0.96505845288367098,0.01082218738607026,0.99566545138341334,0.092375262823143137,-0.96889801096172423,0.033281391471566606,-0.24521213945506534,8.8139125009864986e-05,4.1411546811054431e-05
4.9300549030303955,1790954209.442672,0.00057697296142578125,0.085905105783160907,0.086515971021358926,-0.086655597361518469,0.02806489437206882,0.33527774930811072,0.0054977871437821386,0.057789999999999994,0.0058209999999999998,0.207313,3.0066088892405518,1.3207080982766293,3.0977848893647355,0.05776763113962928,0.0058204407143139167,0.20722774845078978,-0.24722363279952597,-0.08684847668888801,0.96505845288367098,0.01082218738607026,0.99566545138341334,0.092375262823143137,-0.96889801096172423,0.033281391471566606,-0.24521213945506534,8.8139125009864986e-05,4.1411546811054431e-05
4.93507981300354,1790954209.4476969,0.00059986114501953125,0.085905105783160907,0.086515971021358926,-0.086655597361518469,0.02806489437206882,0.33527774930811072,0.0054977871437821386,0.057789999999999994,0.0058209999999999998,0.207313,3.0066088892405518,1.3207080982766293,3.0977848893647355,0.05776763113962928,0.0058204407143139167,0.20722774845078978,-0.24722363279952597,-0.08684847668888801,0.96505845288367098,0.01082218738607026,0.99566545138341334,0.092375262823143137,-0.96889801096172423,0.033281391471566606,-0.24521213945506534,8.8139125009864986e-05,4.1411546811054431e-05
4.9400568008422852,1790954209.4526739,0.00057888031005859375,0.085905105783160907,0.086515971021358926,-0.086655597361518469,0.02806489437206882,0.33527774930811072,0.0054977871437821386,0.057789999999999994,0.0058209999999999998,0.207313,3.0066088892405518,1.3207080982766293,3.0977848893647355,0.05776763113962928,0.0058204407143139167,0.20722774845078978,-0.24722363279952597,-0.08684847668888801,0.96505845288367098,0.01082218738607026,0.99566545138341334,0.092375262823143137,-0.96889801096172423,0.033281391471566606,-0.24521213945506534,8.8139125009864986e-05,4.1411546811054431e-05
4.9450798034667969,1790954209.4576969,0.0005970001220703125,0.085905105783160907,0.086515971021358926,-0.086655597361518469,0.02806489437206882,0.33527774930811072,0.0054977871437821386,0.057789999999999994,0.0058209999999999998,0.207313,3.0066088892405518,1.3207080982766293,3.0977848893647355,0.05776763113962928,0.0058204407143139167,0.20722774845078978,-0.24722363279952597,-0.08684847668888801,0.96505845288367098,0.01082218738607026,0.99566545138341334,0.092375262823143137,-0.96889801096172423,0.033281391471566606,-0.24521213945506534,8.8139125009864986e-05,4.1411546811054431e-05
4.9500558376312256,1790954209.4626729,0.00057697296142578125,0.085905105783160907,0.086515971021358926,-0.086655597361518469,0.02806489437206882,0.33527774930811072,0.0054977871437821386,0.057789999999999994,0.0058209999999999998,0.207313,3.0066088892405518,1.3207080982766293,3.0977848893647355,0.05776763113962928,0.0058204407143139167,0.20722774845078978,-0.24722363279952597,-0.08684847668888801,0.96505845288367098,0.01082218738607026,0.99566545138341334,0.092375262823143137,-0.96889801096172423,0.033281391471566606,-0.24521213945506534,8.8139125009864986e-05,4.1411546811054431e-05
4.955082893371582,1790954209.4677,0.00060391426086425781,0.085905105783160907,0.086515971021358926,-0.086655597361518469,0.02806489437206882,0.33527774930811072,0.0054977871437821386,0.057789999999999994,0.0058209999999999998,0.207313,3.0066088892405518,1.3207080982766293,3.0977848893647355,0.05776763113962928,0.0058204407143139167,0.20722774845078978,-0.24722363279952597,-0.08684847668888801,0.96505845288367098,0.01082218738607026,0.99566545138341334,0.092375262823143137,-0.96889801096172423,0.033281391471566606,-0.24521213945506534,8.8139125009864986e-05,4.1411546811054431e-05
4.9600558280944824,1790954209.4726729,0.0005779266357421875,0.085905105783160907,0.086515971021358926,-0.086655597361518469,0.02806489437206882,0.33527774930811072,0.0054977871437821386,0.057789999999999994,0.0058209999999999998,0.207313,3.0066088892405518,1.3207080982766293,3.0977848893647355,0.05776763113962928,0.0058204407143139167,0.20722774845078978,-0.24722363279952597,-0.08684847668888801,0.96505845288367098,0.01082218738607026,0.99566545138341334,0.092375262823143137,-0.96889801096172423,0.033281391471566606,-0.24521213945506534,8.8139125009864986e-05,4.1411546811054431e-05
4.9650797843933105,1790954209.4776969,0.00060200691223144531,0.085905105783160907,0.086515971021358926,-0.086655597361518469,0.02806489437206882,0.33527774930811072,0.0054977871437821386,0.057789999999999994,0.0058209999999999998,0.207313,3.0066088892405518,1.3207080982766293,3.0977848893647355,0.05776763113962928,0.0058204407143139167,0.20722774845078978,-0.24722363279952597,-0.08684847668888801,0.96505845288367098,0.01082218738607026,0.99566545138341334,0.092375262823143137,-0.96889801096172423,0.033281391471566606,-0.24521213945506534,8.8139125009864986e-05,4.1411546811054431e-05
4.9700539112091064,1790954209.482671,0.00057506561279296875,0.085905105783160907,0.086515971021358926,-0.086655597361518469,0.02806489437206882,0.33527774930811072,0.0054977871437821386,0.057789999999999994,0.0058209999999999998,0.207313,3.0066088892405518,1.3207080982766293,3.0977848893647355,0.05776763113962928,0.0058204407143139167,0.20722774845078978,-0.24722363279952597,-0.08684847668888801,0.96505845288367098,0.01082218738607026,0.99566545138341334,0.092375262823143137,-0.96889801096172423,0.033281391471566606,-0.24521213945506534,8.8139125009864986e-05,4.1411546811054431e-05
4.9750537872314453,1790954209.4876709,0.00057482719421386719,0.085905105783160907,0.086515971021358926,-0.086655597361518469,0.02806489437206882,0.33527774930811072,0.0054977871437821386,0.057789999999999994,0.0058209999999999998,0.207313,3.0066088892405518,1.3207080982766293,3.0977848893647355,0.05776763113962928,0.0058204407143139167,0.20722774845078978,-0.24722363279952597,-0.08684847668888801,0.96505845288367098,0.01082218738607026,0.99566545138341334,0.092375262823143137,-0.96889801096172423,0.033281391471566606,-0.24521213945506534,8.8139125009864986e-05,4.1411546811054431e-05
4.9800539016723633,1790954209.492671,0.00057506561279296875,0.085905105783160907,0.086515971021358926,-0.086655597361518469,0.02806489437206882,0.33527774930811072,0.0054977871437821386,0.057789999999999994,0.0058209999999999998,0.207313,3.0066088892405518,1.3207080982766293,3.0977848893647355,0.05776763113962928,0.0058204407143139167,0.20722774845078978,-0.24722363279952597,-0.08684847668888801,0.96505845288367098,0.01082218738607026,0.99566545138341334,0.092375262823143137,-0.96889801096172423,0.033281391471566606,-0.24521213945506534,8.8139125009864986e-05,4.1411546811054431e-05
4.9850788116455078,1790954209.4976959,0.00059986114501953125,0.085905105783160907,0.086515971021358926,-0.086655597361518469,0.02806489437206882,0.33527774930811072,0.0054977871437821386,0.057789999999999994,0.0058209999999999998,0.207313,3.0066088892405518,1.3207080982766293,3.0977848893647355,0.05776763113962928,0.0058204407143139167,0.20722774845078978,-0.24722363279952597,-0.08684847668888801,0.96505845288367098,0.01082218738607026,0.99566545138341334,0.092375262823143137,-0.96889801096172423,0.033281391471566606,-0.24521213945506534,8.8139125009864986e-05,4.1411546811054431e-05
4.9900538921356201,1790954209.502671,0.00057506561279296875,0.085905105783160907,0.086515971021358926,-0.086655597361518469,0.02806489437206882,0.33527774930811072,0.0054977871437821386,0.057789999999999994,0.0058209999999999998,0.207313,3.0066088892405518,1.3207080982766293,3.0977848893647355,0.05776763113962928,0.0058204407143139167,0.20722774845078978,-0.24722363279952597,-0.08684847668888801,0.96505845288367098,0.01082218738607026,0.99566545138341334,0.092375262823143137,-0.96889801096172423,0.033281391471566606,-0.24521213945506534,8.8139125009864986e-05,4.1411546811054431e-05
