t_s,timestamp_s,frame_span_s,q1_rad,q2_rad,q3_rad,q4_rad,q5_rad,q6_rad,feedback_x_m,feedback_y_m,feedback_z_m,feedback_roll_rad,feedback_pitch_rad,feedback_yaw_rad,poe_x_m,poe_y_m,poe_z_m,poe_r11,poe_r12,poe_r13,poe_r21,poe_r22,poe_r23,poe_r31,poe_r32,poe_r33,position_error_m,rotation_error_rad
0,1790953864.8844659,0.00062084197998046875,0.085905105783160907,0.034801865284766934,-0.034505159311927894,0.010384709049366262,0.35152676464417792,-0.010925761117484504,0.054602999999999999,0.0050289999999999996,0.191273,-3.1408072554263957,1.3062567720701161,-3.0511496917514473,0.05458093655216871,0.0050278085854615767,0.19118612834342189,-0.26039558035846688,-0.089543918097607519,0.96134074524151236,-0.023604886646599776,0.99598285460013836,0.086376864199631767,-0.96521342254248543,-0.00020018563737605154,-0.26146320748727203,8.9637603244576236e-05,2.1561748542366989e-05
0.004978179931640625,1790953864.8894441,0.00059604644775390625,0.085905105783160907,0.034801865284766934,-0.034505159311927894,0.010384709049366262,0.35152676464417792,-0.010925761117484504,0.054602999999999999,0.0050289999999999996,0.191273,-3.1408072554263957,1.3062567720701161,-3.0511496917514473,0.05458093655216871,0.0050278085854615767,0.19118612834342189,-0.26039558035846688,-0.089543918097607519,0.96134074524151236,-0.023604886646599776,0.99598285460013836,0.086376864199631767,-0.96521342254248543,-0.00020018563737605154,-0.26146320748727203,8.9637603244576236e-05,2.1561748542366989e-05
0.0099790096282958984,1790953864.8944449,0.00060391426086425781,0.085905105783160907,0.034801865284766934,-0.034505159311927894,0.010384709049366262,0.35152676464417792,-0.010925761117484504,0.054602999999999999,0.0050289999999999996,0.191273,-3.1408072554263957,1.3062567720701161,-3.0511496917514473,0.05458093655216871,0.0050278085854615767,0.19118612834342189,-0.26039558035846688,-0.089543918097607519,0.96134074524151236,-0.023604886646599776,0.99598285460013836,0.086376864199631767,-0.96521342254248543,-0.00020018563737605154,-0.26146320748727203,8.9637603244576236e-05,2.1561748542366989e-05
0.014975070953369141,1790953864.899441,0.00059795379638671875,0.085905105783160907,0.034801865284766934,-0.034505159311927894,0.010384709049366262,0.35152676464417792,-0.010925761117484504,0.054602999999999999,0.0050289999999999996,0.191273,-3.1408072554263957,1.3062567720701161,-3.0511496917514473,0.05458093655216871,0.0050278085854615767,0.19118612834342189,-0.26039558035846688,-0.089543918097607519,0.96134074524151236,-0.023604886646599776,0.99598285460013836,0.086376864199631767,-0.96521342254248543,-0.00020018563737605154,-0.26146320748727203,8.9637603244576236e-05,2.1561748542366989e-05
0.019975185394287109,1790953864.9044411,0.00059223175048828125,0.085905105783160907,0.034801865284766934,-0.034505159311927894,0.010384709049366262,0.35152676464417792,-0.010925761117484504,0.054602999999999999,0.0050289999999999996,0.191273,-3.1408072554263957,1.3062567720701161,-3.0511496917514473,0.05458093655216871,0.0050278085854615767,0.19118612834342189,-0.26039558035846688,-0.089543918097607519,0.96134074524151236,-0.023604886646599776,0.99598285460013836,0.086376864199631767,-0.96521342254248543,-0.00020018563737605154,-0.26146320748727203,8.9637603244576236e-05,2.1561748542366989e-05
0.024978160858154297,1790953864.9094441,0.00060200691223144531,0.085905105783160907,0.034801865284766934,-0.034505159311927894,0.010384709049366262,0.35152676464417792,-0.010925761117484504,0.054602999999999999,0.0050289999999999996,0.191273,-3.1408072554263957,1.3062567720701161,-3.0511496917514473,0.05458093655216871,0.0050278085854615767,0.19118612834342189,-0.26039558035846688,-0.089543918097607519,0.96134074524151236,-0.023604886646599776,0.99598285460013836,0.086376864199631767,-0.96521342254248543,-0.00020018563737605154,-0.26146320748727203,8.9637603244576236e-05,2.1561748542366989e-05
0.029975175857543945,1790953864.9144411,0.00059914588928222656,0.085905105783160907,0.034801865284766934,-0.034505159311927894,0.010384709049366262,0.35152676464417792,-0.010925761117484504,0.054602999999999999,0.0050289999999999996,0.191273,-3.1408072554263957,1.3062567720701161,-3.0511496917514473,0.05458093655216871,0.0050278085854615767,0.19118612834342189,-0.26039558035846688,-0.089543918097607519,0.96134074524151236,-0.023604886646599776,0.99598285460013836,0.086376864199631767,-0.96521342254248543,-0.00020018563737605154,-0.26146320748727203,8.9637603244576236e-05,2.1561748542366989e-05
0.034975051879882812,1790953864.919441,0.00060105323791503906,0.085905105783160907,0.034801865284766934,-0.034505159311927894,0.010384709049366262,0.35152676464417792,-0.010925761117484504,0.054602999999999999,0.0050289999999999996,0.191273,-3.1408072554263957,1.3062567720701161,-3.0511496917514473,0.05458093655216871,0.0050278085854615767,0.19118612834342189,-0.26039558035846688,-0.089543918097607519,0.96134074524151236,-0.023604886646599776,0.99598285460013836,0.086376864199631767,-0.96521342254248543,-0.00020018563737605154,-0.26146320748727203,8.9637603244576236e-05,2.1561748542366989e-05
0.040002107620239258,1790953864.924468,0.00062394142150878906,0.085905105783160907,0.034801865284766934,-0.034505159311927894,0.010384709049366262,0.35152676464417792,-0.010925761117484504,0.054602999999999999,0.0050289999999999996,0.191273,-3.1408072554263957,1.3062567720701161,-3.0511496917514473,0.05458093655216871,0.0050278085854615767,0.19118612834342189,-0.26039558035846688,-0.089543918097607519,0.96134074524151236,-0.023604886646599776,0.99598285460013836,0.086376864199631767,-0.96521342254248543,-0.00020018563737605154,-0.26146320748727203,8.9637603244576236e-05,2.1561748542366989e-05
0.044974088668823242,1790953864.92944,0.0005950927734375,0.085905105783160907,0.034801865284766934,-0.034505159311927894,0.010384709049366262,0.35152676464417792,-0.010925761117484504,0.054602999999999999,0.0050289999999999996,0.191273,-3.1408072554263957,1.3062567720701161,-3.0511496917514473,0.05458093655216871,0.0050278085854615767,0.19118612834342189,-0.26039558035846688,-0.089543918097607519,0.96134074524151236,-0.023604886646599776,0.99598285460013836,0.086376864199631767,-0.96521342254248543,-0.00020018563737605154,-0.26146320748727203,8.9637603244576236e-05,2.1561748542366989e-05
0.050001144409179688,1790953864.9344671,0.00062704086303710938,0.085905105783160907,0.034801865284766934,-0.034505159311927894,0.010384709049366262,0.35152676464417792,-0.010925761117484504,0.054602999999999999,0.0050289999999999996,0.191273,-3.1408072554263957,1.3062567720701161,-3.0511496917514473,0.05458093655216871,0.0050278085854615767,0.19118612834342189,-0.26039558035846688,-0.089543918097607519,0.96134074524151236,-0.023604886646599776,0.99598285460013836,0.086376864199631767,-0.96521342254248543,-0.00020018563737605154,-0.26146320748727203,8.9637603244576236e-05,2.1561748542366989e-05
0.054978132247924805,1790953864.9394441,0.00060105323791503906,0.085905105783160907,0.034801865284766934,-0.034505159311927894,0.010384709049366262,0.35152676464417792,-0.010925761117484504,0.054602999999999999,0.0050289999999999996,0.191273,-3.1408072554263957,1.3062567720701161,-3.0511496917514473,0.05458093655216871,0.0050278085854615767,0.19118612834342189,-0.26039558035846688,-0.089543918097607519,0.96134074524151236,-0.023604886646599776,0.99598285460013836,0.086376864199631767,-0.96521342254248543,-0.00020018563737605154,-0.26146320748727203,8.9637603244576236e-05,2.1561748542366989e-05
0.060003042221069336,1790953864.944469,0.00059986114501953125,0.085905105783160907,0.034801865284766934,-0.034505159311927894,0.010384709049366262,0.35152676464417792,-0.010925761117484504,0.054602999999999999,0.0050289999999999996,0.191273,-3.1408072554263957,1.3062567720701161,-3.0511496917514473,0.05458093655216871,0.0050278085854615767,0.19118612834342189,-0.26039558035846688,-0.089543918097607519,0.96134074524151236,-0.023604886646599776,0.99598285460013836,0.086376864199631767,-0.96521342254248543,-0.00020018563737605154,-0.26146320748727203,8.9637603244576236e-05,2.1561748542366989e-05
0.064977169036865234,1790953864.9494431,0.0005970001220703125,0.085905105783160907,0.034801865284766934,-0.034505159311927894,0.010384709049366262,0.35152676464417792,-0.010925761117484504,0.054602999999999999,0.0050289999999999996,0.191273,-3.1408072554263957,1.3062567720701161,-3.0511496917514473,0.05458093655216871,0.0050278085854615767,0.19118612834342189,-0.26039558035846688,-0.089543918097607519,0.96134074524151236,-0.023604886646599776,0.99598285460013836,0.086376864199631767,-0.96521342254248543,-0.00020018563737605154,-0.26146320748727203,8.9637603244576236e-05,2.1561748542366989e-05
0.069975137710571289,1790953864.9544411,0.00059914588928222656,0.085905105783160907,0.034801865284766934,-0.034505159311927894,0.010384709049366262,0.35152676464417792,-0.010925761117484504,0.054602999999999999,0.0050289999999999996,0.191273,-3.1408072554263957,1.3062567720701161,-3.0511496917514473,0.05458093655216871,0.0050278085854615767,0.19118612834342189,-0.26039558035846688,-0.089543918097607519,0.96134074524151236,-0.023604886646599776,0.99598285460013836,0.086376864199631767,-0.96521342254248543,-0.00020018563737605154,-0.26146320748727203,8.9637603244576236e-05,2.1561748542366989e-05
0.074975013732910156,1790953864.9594409,0.00059986114501953125,0.085905105783160907,0.034801865284766934,-0.034505159311927894,0.010384709049366262,0.35152676464417792,-0.010925761117484504,0.054602999999999999,0.0050289999999999996,0.191273,-3.1408072554263957,1.3062567720701161,-3.0511496917514473,0.05458093655216871,0.0050278085854615767,0.19118612834342189,-0.26039558035846688,-0.089543918097607519,0.96134074524151236,-0.023604886646599776,0.99598285460013836,0.086376864199631767,-0.96521342254248543,-0.00020018563737605154,-0.26146320748727203,8.9637603244576236e-05,2.1561748542366989e-05
0.079975128173828125,1790953864.9644411,0.00060009956359863281,0.085905105783160907,0.034801865284766934,-0.034505159311927894,0.010384709049366262,0.35152676464417792,-0.010925761117484504,0.054602999999999999,0.0050289999999999996,0.191273,-3.1408072554263957,1.3062567720701161,-3.0511496917514473,0.05458093655216871,0.0050278085854615767,0.19118612834342189,-0.26039558035846688,-0.089543918097607519,0.96134074524151236,-0.023604886646599776,0.99598285460013836,0.086376864199631767,-0.96521342254248543,-0.00020018563737605154,-0.26146320748727203,8.9637603244576236e-05,2.1561748542366989e-05
0.084975957870483398,1790953864.9694419,0.00060200691223144531,0.085905105783160907,0.034801865284766934,-0.034505159311927894,0.010384709049366262,0.35152676464417792,-0.010925761117484504,0.054602999999999999,0.0050289999999999996,0.191273,-3.1408072554263957,1.3062567720701161,-3.0511496917514473,0.05458093655216871,0.0050278085854615767,0.19118612834342189,-0.26039558035846688,-0.089543918097607519,0.96134074524151236,-0.023604886646599776,0.99598285460013836,0.086376864199631767,-0.96521342254248543,-0.00020018563737605154,-0.26146320748727203,8.9637603244576236e-05,2.1561748542366989e-05
0.090028047561645508,1790953864.974494,0.00065207481384277344,0.085905105783160907,0.034801865284766934,-0.034505159311927894,0.010384709049366262,0.35152676464417792,-0.010925761117484504,0.054602999999999999,0.0050289999999999996,0.191273,-3.1408072554263957,1.3062567720701161,-3.0511496917514473,0.05458093655216871,0.0050278085854615767,0.19118612834342189,-0.26039558035846688,-0.089543918097607519,0.96134074524151236,-0.023604886646599776,0.99598285460013836,0.086376864199631767,-0.96521342254248543,-0.00020018563737605154,-0.26146320748727203,8.9637603244576236e-05,2.1561748542366989e-05
0.094975948333740234,1790953864.9794419,0.0006008148193359375,0.085905105783160907,0.034801865284766934,-0.034505159311927894,0.010384709049366262,0.35152676464417792,-0.010925761117484504,0.054602999999999999,0.0050289999999999996,0.191273,-3.1408072554263957,1.3062567720701161,-3.0511496917514473,0.05458093655216871,0.0050278085854615767,0.19118612834342189,-0.26039558035846688,-0.089543918097607519,0.96134074524151236,-0.023604886646599776,0.99598285460013836,0.086376864199631767,-0.96521342254248543,-0.00020018563737605154,-0.26146320748727203,8.9637603244576236e-05,2.1561748542366989e-05
0.10000109672546387,1790953864.984467,0.00062704086303710938,0.085905105783160907,0.034801865284766934,-0.034505159311927894,0.010384709049366262,0.35152676464417792,-0.010925761117484504,0.054602999999999999,0.0050289999999999996,0.191273,-3.1408072554263957,1.3062567720701161,-3.0511496917514473,0.05458093655216871,0.0050278085854615767,0.19118612834342189,-0.26039558035846688,-0.089543918097607519,0.96134074524151236,-0.023604886646599776,0.99598285460013836,0.086376864199631767,-0.96521342254248543,-0.00020018563737605154,-0.26146320748727203,8.9637603244576236e-05,2.1561748542366989e-05
0.10497713088989258,1790953864.9894431,0.00060200691223144531,0.085905105783160907,0.034801865284766934,-0.034505159311927894,0.010384709049366262,0.35152676464417792,-0.010925761117484504,0.054602999999999999,0.0050289999999999996,0.191273,-3.1408072554263957,1.3062567720701161,-3.0511496917514473,0.05458093655216871,0.0050278085854615767,0.19118612834342189,-0.26039558035846688,-0.089543918097607519,0.96134074524151236,-0.023604886646599776,0.99598285460013836,0.086376864199631767,-0.96521342254248543,-0.00020018563737605154,-0.26146320748727203,8.9637603244576236e-05,2.1561748542366989e-05
0.10997700691223145,1790953864.9944429,0.00059986114501953125,0.085905105783160907,0.034801865284766934,-0.034505159311927894,0.010384709049366262,0.35152676464417792,-0.010925761117484504,0.054602999999999999,0.0050289999999999996,0.191273,-3.1408072554263957,1.3062567720701161,-3.0511496917514473,0.05458093655216871,0.0050278085854615767,0.19118612834342189,-0.26039558035846688,-0.089543918097607519,0.96134074524151236,-0.023604886646599776,0.99598285460013836,0.086376864199631767,-0.96521342254248543,-0.00020018563737605154,-0.26146320748727203,8.9637603244576236e-05,2.1561748542366989e-05
0.11497616767883301,1790953864.9994421,0.00060105323791503906,0.085905105783160907,0.034801865284766934,-0.034505159311927894,0.010384709049366262,0.35152676464417792,-0.010925761117484504,0.054602999999999999,0.0050289999999999996,0.191273,-3.1408072554263957,1.3062567720701161,-3.0511496917514473,0.05458093655216871,0.0050278085854615767,0.19118612834342189,-0.26039558035846688,-0.089543918097607519,0.96134074524151236,-0.023604886646599776,0.99598285460013836,0.086376864199631767,-0.96521342254248543,-0.00020018563737605154,-0.26146320748727203,8.9637603244576236e-05,2.1561748542366989e-05
0.11997509002685547,1790953865.004441,0.00060105323791503906,0.085905105783160907,0.034801865284766934,-0.034505159311927894,0.010384709049366262,0.35152676464417792,-0.010925761117484504,0.054602999999999999,0.0050289999999999996,0.191273,-3.1408072554263957,1.3062567720701161,-3.0511496917514473,0.05458093655216871,0.0050278085854615767,0.19118612834342189,-0.26039558035846688,-0.089543918097607519,0.96134074524151236,-0.023604886646599776,0.99598285460013836,0.086376864199631767,-0.96521342254248543,-0.00020018563737605154,-0.26146320748727203,8.9637603244576236e-05,2.1561748542366989e-05
0.12497615814208984,1790953865.0094421,0.00060200691223144531,0.085905105783160907,0.034801865284766934,-0.034505159311927894,0.010384709049366262,0.35152676464417792,-0.010925761117484504,0.054602999999999999,0.0050289999999999996,0.191273,-3.1408072554263957,1.3062567720701161,-3.0511496917514473,0.05458093655216871,0.0050278085854615767,0.19118612834342189,-0.26039558035846688,-0.089543918097607519,0.96134074524151236,-0.023604886646599776,0.99598285460013836,0.086376864199631767,-0.96521342254248543,-0.00020018563737605154,-0.26146320748727203,8.9637603244576236e-05,2.1561748542366989e-05
0.12999916076660156,1790953865.0144651,0.00062417984008789062,0.085905105783160907,0.034801865284766934,-0.034505159311927894,0.010384709049366262,0.35152676464417792,-0.010925761117484504,0.054602999999999999,0.0050289999999999996,0.191273,-3.1408072554263957,1.3062567720701161,-3.0511496917514473,0.05458093655216871,0.0050278085854615767,0.19118612834342189,-0.26039558035846688,-0.089543918097607519,0.96134074524151236,-0.023604886646599776,0.99598285460013836,0.086376864199631767,-0.96521342254248543,-0.00020018563737605154,-0.26146320748727203,8.9637603244576236e-05,2.1561748542366989e-05
0.13497614860534668,1790953865.0194421,0.00059914588928222656,0.085905105783160907,0.034801865284766934,-0.034505159311927894,0.010384709049366262,0.35152676464417792,-0.010925761117484504,0.054602999999999999,0.0050289999999999996,0.191273,-3.1408072554263957,1.3062567720701161,-3.0511496917514473,0.05458093655216871,0.0050278085854615767,0.19118612834342189,-0.26039558035846688,-0.089543918097607519,0.96134074524151236,-0.023604886646599776,0.99598285460013836,0.086376864199631767,-0.96521342254248543,-0.00020018563737605154,-0.26146320748727203,8.9637603244576236e-05,2.1561748542366989e-05
0.14000105857849121,1790953865.024467,0.00059103965759277344,0.085905105783160907,0.034801865284766934,-0.034505159311927894,0.010384709049366262,0.35152676464417792,-0.010925761117484504,0.054602999999999999,0.0050289999999999996,0.191273,-3.1408072554263957,1.3062567720701161,-3.0511496917514473,0.05458093655216871,0.0050278085854615767,0.19118612834342189,-0.26039558035846688,-0.089543918097607519,0.96134074524151236,-0.023604886646599776,0.99598285460013836,0.086376864199631767,-0.96521342254248543,-0.00020018563737605154,-0.26146320748727203,8.9637603244576236e-05,2.1561748542366989e-05
0.1449739933013916,1790953865.0294399,0.000598907470703125,0.085905105783160907,0.034801865284766934,-0.034505159311927894,0.010384709049366262,0.35152676464417792,-0.010925761117484504,0.054602999999999999,0.0050289999999999996,0.191273,-3.1408072554263957,1.3062567720701161,-3.0511496917514473,0.05458093655216871,0.0050278085854615767,0.19118612834342189,-0.26039558035846688,-0.089543918097607519,0.96134074524151236,-0.023604886646599776,0.99598285460013836,0.086376864199631767,-0.96521342254248543,-0.00020018563737605154,-0.26146320748727203,8.9637603244576236e-05,2.1561748542366989e-05
0.14997506141662598,1790953865.034441,0.000576019287109375,0.085905105783160907,0.034801865284766934,-0.034505159311927894,0.010384709049366262,0.35152676464417792,-0.010925761117484504,0.054602999999999999,0.0050289999999999996,0.191273,-3.1408072554263957,1.3062567720701161,-3.0511496917514473,0.05458093655216871,0.0050278085854615767,0.19118612834342189,-0.26039558035846688,-0.089543918097607519,0.96134074524151236,-0.023604886646599776,0.99598285460013836,0.086376864199631767,-0.96521342254248543,-0.00020018563737605154,-0.26146320748727203,8.9637603244576236e-05,2.1561748542366989e-05
0.15497517585754395,1790953865.0394411,0.00059103965759277344,0.085905105783160907,0.034801865284766934,-0.034505159311927894,0.010384709049366262,0.35152676464417792,-0.010925761117484504,0.054602999999999999,0.0050289999999999996,0.191273,-3.1408072554263957,1.3062567720701161,-3.0511496917514473,0.05458093655216871,0.0050278085854615767,0.19118612834342189,-0.26039558035846688,-0.089543918097607519,0.96134074524151236,-0.023604886646599776,0.99598285460013836,0.086376864199631767,-0.96521342254248543,-0.00020018563737605154,-0.26146320748727203,8.9637603244576236e-05,2.1561748542366989e-05
0.16000103950500488,1790953865.044467,0.00062394142150878906,0.085905105783160907,0.034801865284766934,-0.034505159311927894,0.010384709049366262,0.35152676464417792,-0.010925761117484504,0.054602999999999999,0.0050289999999999996,0.191273,-3.1408072554263957,1.3062567720701161,-3.0511496917514473,0.05458093655216871,0.0050278085854615767,0.19118612834342189,-0.26039558035846688,-0.089543918097607519,0.96134074524151236,-0.023604886646599776,0.99598285460013836,0.086376864199631767,-0.96521342254248543,-0.00020018563737605154,-0.26146320748727203,8.9637603244576236e-05,2.1561748542366989e-05
0.16497611999511719,1790953865.0494421,0.0005950927734375,0.085905105783160907,0.034801865284766934,-0.034505159311927894,0.010384709049366262,0.35152676464417792,-0.010925761117484504,0.054602999999999999,0.0050289999999999996,0.191273,-3.1408072554263957,1.3062567720701161,-3.0511496917514473,0.05458093655216871,0.0050278085854615767,0.19118612834342189,-0.26039558035846688,-0.089543918097607519,0.96134074524151236,-0.023604886646599776,0.99598285460013836,0.086376864199631767,-0.96521342254248543,-0.00020018563737605154,-0.26146320748727203,8.9637603244576236e-05,2.1561748542366989e-05
0.17000007629394531,1790953865.054466,0.00061893463134765625,0.085905105783160907,0.034801865284766934,-0.034505159311927894,0.010384709049366262,0.35152676464417792,-0.010925761117484504,0.054602999999999999,0.0050289999999999996,0.191273,-3.1408072554263957,1.3062567720701161,-3.0511496917514473,0.05458093655216871,0.0050278085854615767,0.19118612834342189,-0.26039558035846688,-0.089543918097607519,0.96134074524151236,-0.023604886646599776,0.99598285460013836,0.086376864199631767,-0.96521342254248543,-0.00020018563737605154,-0.26146320748727203,8.9637603244576236e-05,2.1561748542366989e-05
0.17497801780700684,1790953865.059444,0.00059604644775390625,0.085905105783160907,0.034801865284766934,-0.034505159311927894,0.010384709049366262,0.35152676464417792,-0.010925761117484504,0.054602999999999999,0.0050289999999999996,0.191273,-3.1408072554263957,1.3062567720701161,-3.0511496917514473,0.05458093655216871,0.0050278085854615767,0.19118612834342189,-0.26039558035846688,-0.089543918097607519,0.96134074524151236,-0.023604886646599776,0.99598285460013836,0.086376864199631767,-0.96521342254248543,-0.00020018563737605154,-0.26146320748727203,8.9637603244576236e-05,2.1561748542366989e-05
0.18000316619873047,1790953865.0644691,0.00062704086303710938,0.085905105783160907,0.034801865284766934,-0.034505159311927894,0.010384709049366262,0.35152676464417792,-0.010925761117484504,0.054602999999999999,0.0050289999999999996,0.191273,-3.1408072554263957,1.3062567720701161,-3.0511496917514473,0.05458093655216871,0.0050278085854615767,0.19118612834342189,-0.26039558035846688,-0.089543918097607519,0.96134074524151236,-0.023604886646599776,0.99598285460013836,0.086376864199631767,-0.96521342254248543,-0.00020018563737605154,-0.26146320748727203,8.9637603244576236e-05,2.1561748542366989e-05
0.18497800827026367,1790953865.0694439,0.00060105323791503906,0.085905105783160907,0.034801865284766934,-0.034505159311927894,0.010384709049366262,0.35152676464417792,-0.010925761117484504,0.054602999999999999,0.0050289999999999996,0.191273,-3.1408072554263957,1.3062567720701161,-3.0511496917514473,0.05458093655216871,0.0050278085854615767,0.19118612834342189,-0.26039558035846688,-0.089543918097607519,0.96134074524151236,-0.023604886646599776,0.99598285460013836,0.086376864199631767,-0.96521342254248543,-0.00020018563737605154,-0.26146320748727203,8.9637603244576236e-05,2.1561748542366989e-05
0.18997502326965332,1790953865.074441,0.00057005882263183594,0.085905105783160907,0.034801865284766934,-0.034505159311927894,0.010384709049366262,0.35152676464417792,-0.010925761117484504,0.054602999999999999,0.0050289999999999996,0.191273,-3.1408072554263957,1.3062567720701161,-3.0511496917514473,0.05458093655216871,0.0050278085854615767,0.19118612834342189,-0.26039558035846688,-0.089543918097607519,0.96134074524151236,-0.023604886646599776,0.99598285460013836,0.086376864199631767,-0.96521342254248543,-0.00020018563737605154,-0.26146320748727203,8.9637603244576236e-05,2.1561748542366989e-05
0.1949770450592041,1790953865.079443,0.00059986114501953125,0.085905105783160907,0.034801865284766934,-0.034505159311927894,0.010384709049366262,0.35152676464417792,-0.010925761117484504,0.054602999999999999,0.0050289999999999996,0.191273,-3.1408072554263957,1.3062567720701161,-3.0511496917514473,0.05458093655216871,0.0050278085854615767,0.19118612834342189,-0.26039558035846688,-0.089543918097607519,0.96134074524151236,-0.023604886646599776,0.99598285460013836,0.086376864199631767,-0.96521342254248543,-0.00020018563737605154,-0.26146320748727203,8.9637603244576236e-05,2.1561748542366989e-05
0.20000004768371582,1790953865.084466,0.00062108039855957031,0.085905105783160907,0.034801865284766934,-0.034505159311927894,0.010384709049366262,0.35152676464417792,-0.010925761117484504,0.054602999999999999,0.0050289999999999996,0.191273,-3.1408072554263957,1.3062567720701161,-3.0511496917514473,0.05458093655216871,0.0050278085854615767,0.19118612834342189,-0.26039558035846688,-0.089543918097607519,0.96134074524151236,-0.023604886646599776,0.99598285460013836,0.086376864199631767,-0.96521342254248543,-0.00020018563737605154,-0.26146320748727203,8.9637603244576236e-05,2.1561748542366989e-05
0.20497703552246094,1790953865.089443,0.00060296058654785156,0.085905105783160907,0.034801865284766934,-0.034505159311927894,0.010384709049366262,0.35152676464417792,-0.010925761117484504,0.054602999999999999,0.0050289999999999996,0.191273,-3.1408072554263957,1.3062567720701161,-3.0511496917514473,0.05458093655216871,0.0050278085854615767,0.19118612834342189,-0.26039558035846688,-0.089543918097607519,0.96134074524151236,-0.023604886646599776,0.99598285460013836,0.086376864199631767,-0.96521342254248543,-0.00020018563737605154,-0.26146320748727203,8.9637603244576236e-05,2.1561748542366989e-05
0.20997714996337891,1790953865.0944431,0.00057506561279296875,0.085905105783160907,0.034801865284766934,-0.034505159311927894,0.010384709049366262,0.35152676464417792,-0.010925761117484504,0.054602999999999999,0.0050289999999999996,0.191273,-3.1408072554263957,1.3062567720701161,-3.0511496917514473,0.05458093655216871,0.0050278085854615767,0.19118612834342189,-0.26039558035846688,-0.089543918097607519,0.96134074524151236,-0.023604886646599776,0.99598285460013836,0.086376864199631767,-0.96521342254248543,-0.00020018563737605154,-0.26146320748727203,8.9637603244576236e-05,2.1561748542366989e-05
0.21497607231140137,1790953865.099442,0.00060105323791503906,0.085905105783160907,0.034801865284766934,-0.034505159311927894,0.010384709049366262,0.35152676464417792,-0.010925761117484504,0.054602999999999999,0.0050289999999999996,0.191273,-3.1408072554263957,1.3062567720701161,-3.0511496917514473,0.05458093655216871,0.0050278085854615767,0.19118612834342189,-0.26039558035846688,-0.089543918097607519,0.96134074524151236,-0.023604886646599776,0.99598285460013836,0.086376864199631767,-0.96521342254248543,-0.00020018563737605154,-0.26146320748727203,8.9637603244576236e-05,2.1561748542366989e-05
0.22000217437744141,1790953865.1044681,0.00062608718872070312,0.085905105783160907,0.034801865284766934,-0.034505159311927894,0.010384709049366262,0.35152676464417792,-0.010925761117484504,0.054602999999999999,0.0050289999999999996,0.191273,-3.1408072554263957,1.3062567720701161,-3.0511496917514473,0.05458093655216871,0.0050278085854615767,0.19118612834342189,-0.26039558035846688,-0.089543918097607519,0.96134074524151236,-0.023604886646599776,0.99598285460013836,0.086376864199631767,-0.96521342254248543,-0.00020018563737605154,-0.26146320748727203,8.9637603244576236e-05,2.1561748542366989e-05
0.22497701644897461,1790953865.1094429,0.00060200691223144531,0.085905105783160907,0.034801865284766934,-0.034505159311927894,0.010384709049366262,0.35152676464417792,-0.010925761117484504,0.054602999999999999,0.0050289999999999996,0.191273,-3.1408072554263957,1.3062567720701161,-3.0511496917514473,0.05458093655216871,0.0050278085854615767,0.19118612834342189,-0.26039558035846688,-0.089543918097607519,0.96134074524151236,-0.023604886646599776,0.99598285460013836,0.086376864199631767,-0.96521342254248543,-0.00020018563737605154,-0.26146320748727203,8.9637603244576236e-05,2.1561748542366989e-05
0.23000311851501465,1790953865.1144691,0.00062799453735351562,0.085905105783160907,0.034801865284766934,-0.034505159311927894,0.010384709049366262,0.35152676464417792,-0.010925761117484504,0.054602999999999999,0.0050289999999999996,0.191273,-3.1408072554263957,1.3062567720701161,-3.0511496917514473,0.05458093655216871,0.0050278085854615767,0.19118612834342189,-0.26039558035846688,-0.089543918097607519,0.96134074524151236,-0.023604886646599776,0.99598285460013836,0.086376864199631767,-0.96521342254248543,-0.00020018563737605154,-0.26146320748727203,8.9637603244576236e-05,2.1561748542366989e-05
0.23497700691223145,1790953865.1194429,0.00059604644775390625,0.085905105783160907,0.034801865284766934,-0.034505159311927894,0.010384709049366262,0.35152676464417792,-0.010925761117484504,0.054602999999999999,0.0050289999999999996,0.191273,-3.1408072554263957,1.3062567720701161,-3.0511496917514473,0.05458093655216871,0.0050278085854615767,0.19118612834342189,-0.26039558035846688,-0.089543918097607519,0.96134074524151236,-0.023604886646599776,0.99598285460013836,0.086376864199631767,-0.96521342254248543,-0.00020018563737605154,-0.26146320748727203,8.9637603244576236e-05,2.1561748542366989e-05
0.23997712135314941,1790953865.1244431,0.00060105323791503906,0.085905105783160907,0.034801865284766934,-0.034505159311927894,0.010384709049366262,0.35152676464417792,-0.010925761117484504,0.054602999999999999,0.0050289999999999996,0.191273,-3.1408072554263957,1.3062567720701161,-3.0511496917514473,0.05458093655216871,0.0050278085854615767,0.19118612834342189,-0.26039558035846688,-0.089543918097607519,0.96134074524151236,-0.023604886646599776,0.99598285460013836,0.086376864199631767,-0.96521342254248543,-0.00020018563737605154,-0.26146320748727203,8.9637603244576236e-05,2.1561748542366989e-05
0.24497509002685547,1790953865.129441,0.00059795379638671875,0.085905105783160907,0.034801865284766934,-0.034505159311927894,0.010384709049366262,0.35152676464417792,-0.010925761117484504,0.054602999999999999,0.0050289999999999996,0.191273,-3.1408072554263957,1.3062567720701161,-3.0511496917514473,0.05458093655216871,0.0050278085854615767,0.19118612834342189,-0.26039558035846688,-0.089543918097607519,0.96134074524151236,-0.023604886646599776,0.99598285460013836,0.086376864199631767,-0.96521342254248543,-0.00020018563737605154,-0.26146320748727203,8.9637603244576236e-05,2.1561748542366989e-05
0.25,1790953865.1344659,0.00062394142150878906,0.085905105783160907,0.034801865284766934,-0.034505159311927894,0.010384709049366262,0.35152676464417792,-0.010925761117484504,0.054602999999999999,0.0050289999999999996,0.191273,-3.1408072554263957,1.3062567720701161,-3.0511496917514473,0.05458093655216871,0.0050278085854615767,0.19118612834342189,-0.26039558035846688,-0.089543918097607519,0.96134074524151236,-0.023604886646599776,0.99598285460013836,0.086376864199631767,-0.96521342254248543,-0.00020018563737605154,-0.26146320748727203,8.9637603244576236e-05,2.1561748542366989e-05
0.2549750804901123,1790953865.139441,0.00060105323791503906,0.085905105783160907,0.034801865284766934,-0.034505159311927894,0.010384709049366262,0.35152676464417792,-0.010925761117484504,0.054602999999999999,0.0050289999999999996,0.191273,-3.1408072554263957,1.3062567720701161,-3.0511496917514473,0.05458093655216871,0.0050278085854615767,0.19118612834342189,-0.26039558035846688,-0.089543918097607519,0.96134074524151236,-0.023604886646599776,0.99598285460013836,0.086376864199631767,-0.96521342254248543,-0.00020018563737605154,-0.26146320748727203,8.9637603244576236e-05,2.1561748542366989e-05
0.25997495651245117,1790953865.1444409,0.00056886672973632812,0.085905105783160907,0.034801865284766934,-0.034505159311927894,0.010384709049366262,0.35152676464417792,-0.010925761117484504,0.054602999999999999,0.0050289999999999996,0.191273,-3.1408072554263957,1.3062567720701161,-3.0511496917514473,0.05458093655216871,0.0050278085854615767,0.19118612834342189,-0.26039558035846688,-0.089543918097607519,0.96134074524151236,-0.023604886646599776,0.99598285460013836,0.086376864199631767,-0.96521342254248543,-0.00020018563737605154,-0.26146320748727203,8.9637603244576236e-05,2.1561748542366989e-05
0.26497411727905273,1790953865.1494401,0.00059795379638671875,0.085905105783160907,0.034801865284766934,-0.034505159311927894,0.010384709049366262,0.35152676464417792,-0.010925761117484504,0.054602999999999999,0.0050289999999999996,0.191273,-3.1408072554263957,1.3062567720701161,-3.0511496917514473,0.05458093655216871,0.0050278085854615767,0.19118612834342189,-0.26039558035846688,-0.089543918097607519,0.96134074524151236,-0.023604886646599776,0.99598285460013836,0.086376864199631767,-0.96521342254248543,-0.00020018563737605154,-0.26146320748727203,8.9637603244576236e-05,2.1561748542366989e-05
0.26999902725219727,1790953865.154465,0.00062084197998046875,0.085905105783160907,0.034801865284766934,-0.034505159311927894,0.010384709049366262,0.35152676464417792,-0.010925761117484504,0.054602999999999999,0.0050289999999999996,0.191273,-3.1408072554263957,1.3062567720701161,-3.0511496917514473,0.05458093655216871,0.0050278085854615767,0.19118612834342189,-0.26039558035846688,-0.089543918097607519,0.96134074524151236,-0.023604886646599776,0.99598285460013836,0.086376864199631767,-0.96521342254248543,-0.00020018563737605154,-0.26146320748727203,8.9637603244576236e-05,2.1561748542366989e-05
0.27497601509094238,1790953865.1594419,0.00060105323791503906,0.085905105783160907,0.034801865284766934,-0.034505159311927894,0.010384709049366262,0.35152676464417792,-0.010925761117484504,0.054602999999999999,0.0050289999999999996,0.191273,-3.1408072554263957,1.3062567720701161,-3.0511496917514473,0.05458093655216871,0.0050278085854615767,0.19118612834342189,-0.26039558035846688,-0.089543918097607519,0.96134074524151236,-0.023604886646599776,0.99598285460013836,0.086376864199631767,-0.96521342254248543,-0.00020018563737605154,-0.26146320748727203,8.9637603244576236e-05,2.1561748542366989e-05
0.28000307083129883,1790953865.164469,0.00062489509582519531,0.085905105783160907,0.034801865284766934,-0.034505159311927894,0.010384709049366262,0.35152676464417792,-0.010925761117484504,0.054602999999999999,0.0050289999999999996,0.191273,-3.1408072554263957,1.3062567720701161,-3.0511496917514473,0.05458093655216871,0.0050278085854615767,0.19118612834342189,-0.26039558035846688,-0.089543918097607519,0.96134074524151236,-0.023604886646599776,0.99598285460013836,0.086376864199631767,-0.96521342254248543,-0.00020018563737605154,-0.26146320748727203,8.9637603244576236e-05,2.1561748542366989e-05
0.28497505187988281,1790953865.169441,0.00060009956359863281,0.085905105783160907,0.034801865284766934,-0.034505159311927894,0.010384709049366262,0.35152676464417792,-0.010925761117484504,0.054602999999999999,0.0050289999999999996,0.191273,-3.1408072554263957,1.3062567720701161,-3.0511496917514473,0.05458093655216871,0.0050278085854615767,0.19118612834342189,-0.26039558035846688,-0.089543918097607519,0.96134074524151236,-0.023604886646599776,0.99598285460013836,0.086376864199631767,-0.96521342254248543,-0.00020018563737605154,-0.26146320748727203,8.9637603244576236e-05,2.1561748542366989e-05
0.28999996185302734,1790953865.1744659,0.00062584877014160156,0.085905105783160907,0.034801865284766934,-0.034505159311927894,0.010384709049366262,0.35152676464417792,-0.010925761117484504,0.054602999999999999,0.0050289999999999996,0.191273,-3.1408072554263957,1.3062567720701161,-3.0511496917514473,0.05458093655216871,0.0050278085854615767,0.19118612834342189,-0.26039558035846688,-0.089543918097607519,0.96134074524151236,-0.023604886646599776,0.99598285460013836,0.086376864199631767,-0.96521342254248543,-0.00020018563737605154,-0.26146320748727203,8.9637603244576236e-05,2.1561748542366989e-05
0.29497814178466797,1790953865.1794441,0.00060200691223144531,0.085905105783160907,0.034801865284766934,-0.034505159311927894,0.010384709049366262,0.35152676464417792,-0.010925761117484504,0.054602999999999999,0.0050289999999999996,0.191273,-3.1408072554263957,1.3062567720701161,-3.0511496917514473,0.05458093655216871,0.0050278085854615767,0.19118612834342189,-0.26039558035846688,-0.089543918097607519,0.96134074524151236,-0.023604886646599776,0.99598285460013836,0.086376864199631767,-0.96521342254248543,-0.00020018563737605154,-0.26146320748727203,8.9637603244576236e-05,2.1561748542366989e-05
0.29999995231628418,1790953865.1844659,0.0006198883056640625,0.085905105783160907,0.034801865284766934,-0.034505159311927894,0.010384709049366262,0.35152676464417792,-0.010925761117484504,0.054602999999999999,0.0050289999999999996,0.191273,-3.1408072554263957,1.3062567720701161,-3.0511496917514473,0.05458093655216871,0.0050278085854615767,0.19118612834342189,-0.26039558035846688,-0.089543918097607519,0.96134074524151236,-0.023604886646599776,0.99598285460013836,0.086376864199631767,-0.96521342254248543,-0.00020018563737605154,-0.26146320748727203,8.9637603244576236e-05,2.1561748542366989e-05
0.30497908592224121,1790953865.189445,0.00059795379638671875,0.085905105783160907,0.034801865284766934,-0.034505159311927894,0.010384709049366262,0.35152676464417792,-0.010925761117484504,0.054602999999999999,0.0050289999999999996,0.191273,-3.1408072554263957,1.3062567720701161,-3.0511496917514473,0.05458093655216871,0.0050278085854615767,0.19118612834342189,-0.26039558035846688,-0.089543918097607519,0.96134074524151236,-0.023604886646599776,0.99598285460013836,0.086376864199631767,-0.96521342254248543,-0.00020018563737605154,-0.26146320748727203,8.9637603244576236e-05,2.1561748542366989e-05
0.31000018119812012,1790953865.1944661,0.00059914588928222656,0.085905105783160907,0.034801865284766934,-0.034505159311927894,0.010384709049366262,0.35152676464417792,-0.010925761117484504,0.054602999999999999,0.0050289999999999996,0.191273,-3.1408072554263957,1.3062567720701161,-3.0511496917514473,0.05458093655216871,0.0050278085854615767,0.19118612834342189,-0.26039558035846688,-0.089543918097607519,0.96134074524151236,-0.023604886646599776,0.99598285460013836,0.086376864199631767,-0.96521342254248543,-0.00020018563737605154,-0.26146320748727203,8.9637603244576236e-05,2.1561748542366989e-05
0.31497406959533691,1790953865.19944,0.00059294700622558594,0.085905105783160907,0.034801865284766934,-0.034505159311927894,0.010384709049366262,0.35152676464417792,-0.010925761117484504,0.054602999999999999,0.0050289999999999996,0.191273,-3.1408072554263957,1.3062567720701161,-3.0511496917514473,0.05458093655216871,0.0050278085854615767,0.19118612834342189,-0.26039558035846688,-0.089543918097607519,0.96134074524151236,-0.023604886646599776,0.99598285460013836,0.086376864199631767,-0.96521342254248543,-0.00020018563737605154,-0.26146320748727203,8.9637603244576236e-05,2.1561748542366989e-05
0.32000112533569336,1790953865.2044671,0.00062203407287597656,0.085905105783160907,0.034801865284766934,-0.034505159311927894,0.010384709049366262,0.35152676464417792,-0.010925761117484504,0.054602999999999999,0.0050289999999999996,0.191273,-3.1408072554263957,1.3062567720701161,-3.0511496917514473,0.05458093655216871,0.0050278085854615767,0.19118612834342189,-0.26039558035846688,-0.089543918097607519,0.96134074524151236,-0.023604886646599776,0.99598285460013836,0.086376864199631767,-0.96521342254248543,-0.00020018563737605154,-0.26146320748727203,8.9637603244576236e-05,2.1561748542366989e-05
0.32497715950012207,1790953865.2094431,0.00060105323791503906,0.085905105783160907,0.034801865284766934,-0.034505159311927894,0.010384709049366262,0.35152676464417792,-0.010925761117484504,0.054602999999999999,0.0050289999999999996,0.191273,-3.1408072554263957,1.3062567720701161,-3.0511496917514473,0.05458093655216871,0.0050278085854615767,0.19118612834342189,-0.26039558035846688,-0.089543918097607519,0.96134074524151236,-0.023604886646599776,0.99598285460013836,0.086376864199631767,-0.96521342254248543,-0.00020018563737605154,-0.26146320748727203,8.9637603244576236e-05,2.1561748542366989e-05
0.32997512817382812,1790953865.2144411,0.00057506561279296875,0.085905105783160907,0.034801865284766934,-0.034505159311927894,0.010384709049366262,0.35152676464417792,-0.010925761117484504,0.054602999999999999,0.0050289999999999996,0.191273,-3.1408072554263957,1.3062567720701161,-3.0511496917514473,0.05458093655216871,0.0050278085854615767,0.19118612834342189,-0.26039558035846688,-0.089543918097607519,0.96134074524151236,-0.023604886646599776,0.99598285460013836,0.086376864199631767,-0.96521342254248543,-0.00020018563737605154,-0.26146320748727203,8.9637603244576236e-05,2.1561748542366989e-05
0.33497714996337891,1790953865.2194431,0.00060105323791503906,0.085905105783160907,0.034801865284766934,-0.034505159311927894,0.010384709049366262,0.35152676464417792,-0.010925761117484504,0.054602999999999999,0.0050289999999999996,0.191273,-3.1408072554263957,1.3062567720701161,-3.0511496917514473,0.05458093655216871,0.0050278085854615767,0.19118612834342189,-0.26039558035846688,-0.089543918097607519,0.96134074524151236,-0.023604886646599776,0.99598285460013836,0.086376864199631767,-0.96521342254248543,-0.00020018563737605154,-0.26146320748727203,8.9637603244576236e-05,2.1561748542366989e-05
0.34000015258789062,1790953865.2244661,0.00062513351440429688,0.085905105783160907,0.034801865284766934,-0.034505159311927894,0.010384709049366262,0.35152676464417792,-0.010925761117484504,0.054602999999999999,0.0050289999999999996,0.191273,-3.1408072554263957,1.3062567720701161,-3.0511496917514473,0.05458093655216871,0.0050278085854615767,0.19118612834342189,-0.26039558035846688,-0.089543918097607519,0.96134074524151236,-0.023604886646599776,0.99598285460013836,0.086376864199631767,-0.96521342254248543,-0.00020018563737605154,-0.26146320748727203,8.9637603244576236e-05,2.1561748542366989e-05
0.34497594833374023,1790953865.2294419,0.00059580802917480469,0.085905105783160907,0.034801865284766934,-0.034505159311927894,0.010384709049366262,0.35152676464417792,-0.010925761117484504,0.054602999999999999,0.0050289999999999996,0.191273,-3.1408072554263957,1.3062567720701161,-3.0511496917514473,0.05458093655216871,0.0050278085854615767,0.19118612834342189,-0.26039558035846688,-0.089543918097607519,0.96134074524151236,-0.023604886646599776,0.99598285460013836,0.086376864199631767,-0.96521342254248543,-0.00020018563737605154,-0.26146320748727203,8.9637603244576236e-05,2.1561748542366989e-05
0.3499751091003418,1790953865.234441,0.00060009956359863281,0.085905105783160907,0.034801865284766934,-0.034505159311927894,0.010384709049366262,0.35152676464417792,-0.010925761117484504,0.054602999999999999,0.0050289999999999996,0.191273,-3.1408072554263957,1.3062567720701161,-3.0511496917514473,0.05458093655216871,0.0050278085854615767,0.19118612834342189,-0.26039558035846688,-0.089543918097607519,0.96134074524151236,-0.023604886646599776,0.99598285460013836,0.086376864199631767,-0.96521342254248543,-0.00020018563737605154,-0.26146320748727203,8.9637603244576236e-05,2.1561748542366989e-05
0.35497808456420898,1790953865.239444,0.0005970001220703125,0.085905105783160907,0.034801865284766934,-0.034505159311927894,0.010384709049366262,0.35152676464417792,-0.010925761117484504,0.054602999999999999,0.0050289999999999996,0.191273,-3.1408072554263957,1.3062567720701161,-3.0511496917514473,0.05458093655216871,0.0050278085854615767,0.19118612834342189,-0.26039558035846688,-0.089543918097607519,0.96134074524151236,-0.023604886646599776,0.99598285460013836,0.086376864199631767,-0.96521342254248543,-0.00020018563737605154,-0.26146320748727203,8.9637603244576236e-05,2.1561748542366989e-05
0.3600001335144043,1790953865.2444661,0.00062513351440429688,0.085905105783160907,0.034801865284766934,-0.034505159311927894,0.010384709049366262,0.35152676464417792,-0.010925761117484504,0.054602999999999999,0.0050289999999999996,0.191273,-3.1408072554263957,1.3062567720701161,-3.0511496917514473,0.05458093655216871,0.0050278085854615767,0.19118612834342189,-0.26039558035846688,-0.089543918097607519,0.96134074524151236,-0.023604886646599776,0.99598285460013836,0.086376864199631767,-0.96521342254248543,-0.00020018563737605154,-0.26146320748727203,8.9637603244576236e-05,2.1561748542366989e-05
0.36497807502746582,1790953865.249444,0.00059604644775390625,0.085905105783160907,0.034801865284766934,-0.034505159311927894,0.010384709049366262,0.35152676464417792,-0.010925761117484504,0.054602999999999999,0.0050289999999999996,0.191273,-3.1408072554263957,1.3062567720701161,-3.0511496917514473,0.05458093655216871,0.0050278085854615767,0.19118612834342189,-0.26039558035846688,-0.089543918097607519,0.96134074524151236,-0.023604886646599776,0.99598285460013836,0.086376864199631767,-0.96521342254248543,-0.00020018563737605154,-0.26146320748727203,8.9637603244576236e-05,2.1561748542366989e-05
0.37000298500061035,1790953865.2544689,0.00060391426086425781,0.085905105783160907,0.034801865284766934,-0.034505159311927894,0.010384709049366262,0.35152676464417792,-0.010925761117484504,0.054602999999999999,0.0050289999999999996,0.191273,-3.1408072554263957,1.3062567720701161,-3.0511496917514473,0.05458093655216871,0.0050278085854615767,0.19118612834342189,-0.26039558035846688,-0.089543918097607519,0.96134074524151236,-0.023604886646599776,0.99598285460013836,0.086376864199631767,-0.96521342254248543,-0.00020018563737605154,-0.26146320748727203,8.9637603244576236e-05,2.1561748542366989e-05
0.37497615814208984,1790953865.2594421,0.00059914588928222656,0.085905105783160907,0.034801865284766934,-0.034505159311927894,0.010384709049366262,0.35152676464417792,-0.010925761117484504,0.054602999999999999,0.0050289999999999996,0.191273,-3.1408072554263957,1.3062567720701161,-3.0511496917514473,0.05458093655216871,0.0050278085854615767,0.19118612834342189,-0.26039558035846688,-0.089543918097607519,0.96134074524151236,-0.023604886646599776,0.99598285460013836,0.086376864199631767,-0.96521342254248543,-0.00020018563737605154,-0.26146320748727203,8.9637603244576236e-05,2.1561748542366989e-05
0.38000297546386719,1790953865.2644689,0.0006198883056640625,0.085905105783160907,0.034801865284766934,-0.034505159311927894,0.010384709049366262,0.35152676464417792,-0.010925761117484504,0.054602999999999999,0.0050289999999999996,0.191273,-3.1408072554263957,1.3062567720701161,-3.0511496917514473,0.05458093655216871,0.0050278085854615767,0.19118612834342189,-0.26039558035846688,-0.089543918097607519,0.96134074524151236,-0.023604886646599776,0.99598285460013836,0.086376864199631767,-0.96521342254248543,-0.00020018563737605154,-0.26146320748727203,8.9637603244576236e-05,2.1561748542366989e-05
0.38497495651245117,1790953865.2694409,0.00059390068054199219,0.085905105783160907,0.034801865284766934,-0.034505159311927894,0.010384709049366262,0.35152676464417792,-0.010925761117484504,0.054602999999999999,0.0050289999999999996,0.191273,-3.1408072554263957,1.3062567720701161,-3.0511496917514473,0.05458093655216871,0.0050278085854615767,0.19118612834342189,-0.26039558035846688,-0.089543918097607519,0.96134074524151236,-0.023604886646599776,0.99598285460013836,0.086376864199631767,-0.96521342254248543,-0.00020018563737605154,-0.26146320748727203,8.9637603244576236e-05,2.1561748542366989e-05
0.3900001049041748,1790953865.274466,0.00059008598327636719,0.085905105783160907,0.034801865284766934,-0.034505159311927894,0.010384709049366262,0.35152676464417792,-0.010925761117484504,0.054602999999999999,0.0050289999999999996,0.191273,-3.1408072554263957,1.3062567720701161,-3.0511496917514473,0.05458093655216871,0.0050278085854615767,0.19118612834342189,-0.26039558035846688,-0.089543918097607519,0.96134074524151236,-0.023604886646599776,0.99598285460013836,0.086376864199631767,-0.96521342254248543,-0.00020018563737605154,-0.26146320748727203,8.9637603244576236e-05,2.1561748542366989e-05
0.39497613906860352,1790953865.2794421,0.00060009956359863281,0.085905105783160907,0.034801865284766934,-0.034505159311927894,0.010384709049366262,0.35152676464417792,-0.010925761117484504,0.054602999999999999,0.0050289999999999996,0.191273,-3.1408072554263957,1.3062567720701161,-3.0511496917514473,0.05458093655216871,0.0050278085854615767,0.19118612834342189,-0.26039558035846688,-0.089543918097607519,0.96134074524151236,-0.023604886646599776,0.99598285460013836,0.086376864199631767,-0.96521342254248543,-0.00020018563737605154,-0.26146320748727203,8.9637603244576236e-05,2.1561748542366989e-05
0.40000009536743164,1790953865.284466,0.00062012672424316406,0.085905105783160907,0.034801865284766934,-0.034505159311927894,0.010384709049366262,0.35152676464417792,-0.010925761117484504,0.054602999999999999,0.0050289999999999996,0.191273,-3.1408072554263957,1.3062567720701161,-3.0511496917514473,0.05458093655216871,0.0050278085854615767,0.19118612834342189,-0.26039558035846688,-0.089543918097607519,0.96134074524151236,-0.023604886646599776,0.99598285460013836,0.086376864199631767,-0.96521342254248543,-0.00020018563737605154,-0.26146320748727203,8.9637603244576236e-05,2.1561748542366989e-05
0.40497803688049316,1790953865.289444,0.00060296058654785156,0.085905105783160907,0.034801865284766934,-0.034505159311927894,0.010384709049366262,0.35152676464417792,-0.010925761117484504,0.054602999999999999,0.0050289999999999996,0.191273,-3.1408072554263957,1.3062567720701161,-3.0511496917514473,0.05458093655216871,0.0050278085854615767,0.19118612834342189,-0.26039558035846688,-0.089543918097607519,0.96134074524151236,-0.023604886646599776,0.99598285460013836,0.086376864199631767,-0.96521342254248543,-0.00020018563737605154,-0.26146320748727203,8.9637603244576236e-05,2.1561748542366989e-05
0.41000008583068848,1790953865.294466,0.00059604644775390625,0.085905105783160907,0.034801865284766934,-0.034505159311927894,0.010384709049366262,0.35152676464417792,-0.010925761117484504,0.054602999999999999,0.0050289999999999996,0.191273,-3.1408072554263957,1.3062567720701161,-3.0511496917514473,0.05458093655216871,0.0050278085854615767,0.19118612834342189,-0.26039558035846688,-0.089543918097607519,0.96134074524151236,-0.023604886646599776,0.99598285460013836,0.086376864199631767,-0.96521342254248543,-0.00020018563737605154,-0.26146320748727203,8.9637603244576236e-05,2.1561748542366989e-05
0.41497611999511719,1790953865.2994421,0.00059294700622558594,0.085905105783160907,0.034801865284766934,-0.034505159311927894,0.010384709049366262,0.35152676464417792,-0.010925761117484504,0.054602999999999999,0.0050289999999999996,0.191273,-3.1408072554263957,1.3062567720701161,-3.0511496917514473,0.05458093655216871,0.0050278085854615767,0.19118612834342189,-0.26039558035846688,-0.089543918097607519,0.96134074524151236,-0.023604886646599776,0.99598285460013836,0.086376864199631767,-0.96521342254248543,-0.00020018563737605154,-0.26146320748727203,8.9637603244576236e-05,2.1561748542366989e-05
0.41997694969177246,1790953865.3044429,0.00057578086853027344,0.085905105783160907,0.034801865284766934,-0.034505159311927894,0.010384709049366262,0.35152676464417792,-0.010925761117484504,0.054602999999999999,0.0050289999999999996,0.191273,-3.1408072554263957,1.3062567720701161,-3.0511496917514473,0.05458093655216871,0.0050278085854615767,0.19118612834342189,-0.26039558035846688,-0.089543918097607519,0.96134074524151236,-0.023604886646599776,0.99598285460013836,0.086376864199631767,-0.96521342254248543,-0.00020018563737605154,-0.26146320748727203,8.9637603244576236e-05,2.1561748542366989e-05
0.42497611045837402,1790953865.309442,0.00060105323791503906,0.085905105783160907,0.034801865284766934,-0.034505159311927894,0.010384709049366262,0.35152676464417792,-0.010925761117484504,0.054602999999999999,0.0050289999999999996,0.191273,-3.1408072554263957,1.3062567720701161,-3.0511496917514473,0.05458093655216871,0.0050278085854615767,0.19118612834342189,-0.26039558035846688,-0.089543918097607519,0.96134074524151236,-0.023604886646599776,0.99598285460013836,0.086376864199631767,-0.96521342254248543,-0.00020018563737605154,-0.26146320748727203,8.9637603244576236e-05,2.1561748542366989e-05
0.43000006675720215,1790953865.314466,0.00062394142150878906,0.085905105783160907,0.034801865284766934,-0.034505159311927894,0.010384709049366262,0.35152676464417792,-0.010925761117484504,0.054602999999999999,0.0050289999999999996,0.191273,-3.1408072554263957,1.3062567720701161,-3.0511496917514473,0.05458093655216871,0.0050278085854615767,0.19118612834342189,-0.26039558035846688,-0.089543918097607519,0.96134074524151236,-0.023604886646599776,0.99598285460013836,0.086376864199631767,-0.96521342254248543,-0.00020018563737605154,-0.26146320748727203,8.9637603244576236e-05,2.1561748542366989e-05
0.43497705459594727,1790953865.319443,0.00059390068054199219,0.085905105783160907,0.034801865284766934,-0.034505159311927894,0.010384709049366262,0.35152676464417792,-0.010925761117484504,0.054602999999999999,0.0050289999999999996,0.191273,-3.1408072554263957,1.3062567720701161,-3.0511496917514473,0.05458093655216871,0.0050278085854615767,0.19118612834342189,-0.26039558035846688,-0.089543918097607519,0.96134074524151236,-0.023604886646599776,0.99598285460013836,0.086376864199631767,-0.96521342254248543,-0.00020018563737605154,-0.26146320748727203,8.9637603244576236e-05,2.1561748542366989e-05
0.44000005722045898,1790953865.324466,0.00062489509582519531,0.085905105783160907,0.034801865284766934,-0.034505159311927894,0.010384709049366262,0.35152676464417792,-0.010925761117484504,0.054602999999999999,0.0050289999999999996,0.191273,-3.1408072554263957,1.3062567720701161,-3.0511496917514473,0.05458093655216871,0.0050278085854615767,0.19118612834342189,-0.26039558035846688,-0.089543918097607519,0.96134074524151236,-0.023604886646599776,0.99598285460013836,0.086376864199631767,-0.96521342254248543,-0.00020018563737605154,-0.26146320748727203,8.9637603244576236e-05,2.1561748542366989e-05
0.4449770450592041,1790953865.329443,0.00059294700622558594,0.085905105783160907,0.034801865284766934,-0.034505159311927894,0.010384709049366262,0.35152676464417792,-0.010925761117484504,0.054602999999999999,0.0050289999999999996,0.191273,-3.1408072554263957,1.3062567720701161,-3.0511496917514473,0.05458093655216871,0.0050278085854615767,0.19118612834342189,-0.26039558035846688,-0.089543918097607519,0.96134074524151236,-0.023604886646599776,0.99598285460013836,0.086376864199631767,-0.96521342254248543,-0.00020018563737605154,-0.26146320748727203,8.9637603244576236e-05,2.1561748542366989e-05
0.45000004768371582,1790953865.334466,0.00062489509582519531,0.085905105783160907,0.034801865284766934,-0.034505159311927894,0.010384709049366262,0.35152676464417792,-0.010925761117484504,0.054602999999999999,0.0050289999999999996,0.191273,-3.1408072554263957,1.3062567720701161,-3.0511496917514473,0.05458093655216871,0.0050278085854615767,0.19118612834342189,-0.26039558035846688,-0.089543918097607519,0.96134074524151236,-0.023604886646599776,0.99598285460013836,0.086376864199631767,-0.96521342254248543,-0.00020018563737605154,-0.26146320748727203,8.9637603244576236e-05,2.1561748542366989e-05
0.45497298240661621,1790953865.3394389,0.00059986114501953125,0.085905105783160907,0.034801865284766934,-0.034505159311927894,0.010384709049366262,0.35152676464417792,-0.010925761117484504,0.054602999999999999,0.0050289999999999996,0.191273,-3.1408072554263957,1.3062567720701161,-3.0511496917514473,0.05458093655216871,0.0050278085854615767,0.19118612834342189,-0.26039558035846688,-0.089543918097607519,0.96134074524151236,-0.023604886646599776,0.99598285460013836,0.086376864199631767,-0.96521342254248543,-0.00020018563737605154,-0.26146320748727203,8.9637603244576236e-05,2.1561748542366989e-05
0.46000218391418457,1790953865.3444681,0.00060009956359863281,0.085905105783160907,0.034801865284766934,-0.034505159311927894,0.010384709049366262,0.35152676464417792,-0.010925761117484504,0.054602999999999999,0.0050289999999999996,0.191273,-3.1408072554263957,1.3062567720701161,-3.0511496917514473,0.05458093655216871,0.0050278085854615767,0.19118612834342189,-0.26039558035846688,-0.089543918097607519,0.96134074524151236,-0.023604886646599776,0.99598285460013836,0.086376864199631767,-0.96521342254248543,-0.00020018563737605154,-0.26146320748727203,8.9637603244576236e-05,2.1561748542366989e-05
0.46497702598571777,1790953865.349443,0.00060105323791503906,0.085905105783160907,0.034801865284766934,-0.034505159311927894,0.010384709049366262,0.35152676464417792,-0.010925761117484504,0.054602999999999999,0.0050289999999999996,0.191273,-3.1408072554263957,1.3062567720701161,-3.0511496917514473,0.05458093655216871,0.0050278085854615767,0.19118612834342189,-0.26039558035846688,-0.089543918097607519,0.96134074524151236,-0.023604886646599776,0.99598285460013836,0.086376864199631767,-0.96521342254248543,-0.00020018563737605154,-0.26146320748727203,8.9637603244576236e-05,2.1561748542366989e-05
0.47000217437744141,1790953865.3544681,0.00062608718872070312,0.085905105783160907,0.034801865284766934,-0.034505159311927894,0.010384709049366262,0.35152676464417792,-0.010925761117484504,0.054602999999999999,0.0050289999999999996,0.191273,-3.1408072554263957,1.3062567720701161,-3.0511496917514473,0.05458093655216871,0.0050278085854615767,0.19118612834342189,-0.26039558035846688,-0.089543918097607519,0.96134074524151236,-0.023604886646599776,0.99598285460013836,0.086376864199631767,-0.96521342254248543,-0.00020018563737605154,-0.26146320748727203,8.9637603244576236e-05,2.1561748542366989e-05
0.47497916221618652,1790953865.3594451,0.00060415267944335938,0.085905105783160907,0.034801865284766934,-0.034505159311927894,0.010384709049366262,0.35152676464417792,-0.010925761117484504,0.054602999999999999,0.0050289999999999996,0.191273,-3.1408072554263957,1.3062567720701161,-3.0511496917514473,0.05458093655216871,0.0050278085854615767,0.19118612834342189,-0.26039558035846688,-0.089543918097607519,0.96134074524151236,-0.023604886646599776,0.99598285460013836,0.086376864199631767,-0.96521342254248543,-0.00020018563737605154,-0.26146320748727203,8.9637603244576236e-05,2.1561748542366989e-05
0.48000311851501465,1790953865.3644691,0.00062704086303710938,0.085905105783160907,0.034801865284766934,-0.034505159311927894,0.010384709049366262,0.35152676464417792,-0.010925761117484504,0.054602999999999999,0.0050289999999999996,0.191273,-3.1408072554263957,1.3062567720701161,-3.0511496917514473,0.05458093655216871,0.0050278085854615767,0.19118612834342189,-0.26039558035846688,-0.089543918097607519,0.96134074524151236,-0.023604886646599776,0.99598285460013836,0.086376864199631767,-0.96521342254248543,-0.00020018563737605154,-0.26146320748727203,8.9637603244576236e-05,2.1561748542366989e-05
0.48497915267944336,1790953865.3694451,0.0005970001220703125,0.085905105783160907,0.034801865284766934,-0.034505159311927894,0.010384709049366262,0.35152676464417792,-0.010925761117484504,0.054602999999999999,0.0050289999999999996,0.191273,-3.1408072554263957,1.3062567720701161,-3.0511496917514473,0.05458093655216871,0.0050278085854615767,0.19118612834342189,-0.26039558035846688,-0.089543918097607519,0.96134074524151236,-0.023604886646599776,0.99598285460013836,0.086376864199631767,-0.96521342254248543,-0.00020018563737605154,-0.26146320748727203,8.9637603244576236e-05,2.1561748542366989e-05
0.49000215530395508,1790953865.3744681,0.00062608718872070312,0.085905105783160907,0.034801865284766934,-0.034505159311927894,0.010384709049366262,0.35152676464417792,-0.010925761117484504,0.054602999999999999,0.0050289999999999996,0.191273,-3.1408072554263957,1.3062567720701161,-3.0511496917514473,0.05458093655216871,0.0050278085854615767,0.19118612834342189,-0.26039558035846688,-0.089543918097607519,0.96134074524151236,-0.023604886646599776,0.99598285460013836,0.086376864199631767,-0.96521342254248543,-0.00020018563737605154,-0.26146320748727203,8.9637603244576236e-05,2.1561748542366989e-05
0.49497699737548828,1790953865.3794429,0.000598907470703125,0.085905105783160907,0.034801865284766934,-0.034505159311927894,0.010384709049366262,0.35152676464417792,-0.010925761117484504,0.054602999999999999,0.0050289999999999996,0.191273,-3.1408072554263957,1.3062567720701161,-3.0511496917514473,0.05458093655216871,0.0050278085854615767,0.19118612834342189,-0.26039558035846688,-0.089543918097607519,0.96134074524151236,-0.023604886646599776,0.99598285460013836,0.086376864199631767,-0.96521342254248543,-0.00020018563737605154,-0.26146320748727203,8.9637603244576236e-05,2.1561748542366989e-05
0.50000309944152832,1790953865.384469,0.00059604644775390625,0.085905105783160907,0.034801865284766934,-0.034505159311927894,0.010384709049366262,0.35152676464417792,-0.010925761117484504,0.054602999999999999,0.0050289999999999996,0.191273,-3.1408072554263957,1.3062567720701161,-3.0511496917514473,0.05458093655216871,0.0050278085854615767,0.19118612834342189,-0.26039558035846688,-0.089543918097607519,0.96134074524151236,-0.023604886646599776,0.99598285460013836,0.086376864199631767,-0.96521342254248543,-0.00020018563737605154,-0.26146320748727203,8.9637603244576236e-05,2.1561748542366989e-05
0.50497698783874512,1790953865.3894429,0.00059485435485839844,0.085905105783160907,0.034801865284766934,-0.034505159311927894,0.010384709049366262,0.35152676464417792,-0.010925761117484504,0.054602999999999999,0.0050289999999999996,0.191273,-3.1408072554263957,1.3062567720701161,-3.0511496917514473,0.05458093655216871,0.0050278085854615767,0.19118612834342189,-0.26039558035846688,-0.089543918097607519,0.96134074524151236,-0.023604886646599776,0.99598285460013836,0.086376864199631767,-0.96521342254248543,-0.00020018563737605154,-0.26146320748727203,8.9637603244576236e-05,2.1561748542366989e-05
0.51000118255615234,1790953865.3944671,0.00062108039855957031,0.085905105783160907,0.034801865284766934,-0.034505159311927894,0.010384709049366262,0.35152676464417792,-0.010925761117484504,0.054602999999999999,0.0050289999999999996,0.191273,-3.1408072554263957,1.3062567720701161,-3.0511496917514473,0.05458093655216871,0.0050278085854615767,0.19118612834342189,-0.26039558035846688,-0.089543918097607519,0.96134074524151236,-0.023604886646599776,0.99598285460013836,0.086376864199631767,-0.96521342254248543,-0.00020018563737605154,-0.26146320748727203,8.9637603244576236e-05,2.1561748542366989e-05
0.51497697830200195,1790953865.3994429,0.00059580802917480469,0.085905105783160907,0.034801865284766934,-0.034505159311927894,0.010384709049366262,0.35152676464417792,-0.010925761117484504,0.054602999999999999,0.0050289999999999996,0.191273,-3.1408072554263957,1.3062567720701161,-3.0511496917514473,0.05458093655216871,0.0050278085854615767,0.19118612834342189,-0.26039558035846688,-0.089543918097607519,0.96134074524151236,-0.023604886646599776,0.99598285460013836,0.086376864199631767,-0.96521342254248543,-0.00020018563737605154,-0.26146320748727203,8.9637603244576236e-05,2.1561748542366989e-05
0.52000212669372559,1790953865.4044681,0.00060009956359863281,0.085905105783160907,0.034801865284766934,-0.034505159311927894,0.010384709049366262,0.35152676464417792,-0.010925761117484504,0.054602999999999999,0.0050289999999999996,0.191273,-3.1408072554263957,1.3062567720701161,-3.0511496917514473,0.05458093655216871,0.0050278085854615767,0.19118612834342189,-0.26039558035846688,-0.089543918097607519,0.96134074524151236,-0.023604886646599776,0.99598285460013836,0.086376864199631767,-0.96521342254248543,-0.00020018563737605154,-0.26146320748727203,8.9637603244576236e-05,2.1561748542366989e-05
0.52497696876525879,1790953865.4094429,0.0006008148193359375,0.085905105783160907,0.034801865284766934,-0.034505159311927894,0.010384709049366262,0.35152676464417792,-0.010925761117484504,0.054602999999999999,0.0050289999999999996,0.191273,-3.1408072554263957,1.3062567720701161,-3.0511496917514473,0.05458093655216871,0.0050278085854615767,0.19118612834342189,-0.26039558035846688,-0.089543918097607519,0.96134074524151236,-0.023604886646599776,0.99598285460013836,0.086376864199631767,-0.96521342254248543,-0.00020018563737605154,-0.26146320748727203,8.9637603244576236e-05,2.1561748542366989e-05
0.53000211715698242,1790953865.4144681,0.00060105323791503906,0.085905105783160907,0.034801865284766934,-0.034505159311927894,0.010384709049366262,0.35152676464417792,-0.010925761117484504,0.054602999999999999,0.0050289999999999996,0.191273,-3.1408072554263957,1.3062567720701161,-3.0511496917514473,0.05458093655216871,0.0050278085854615767,0.19118612834342189,-0.26039558035846688,-0.089543918097607519,0.96134074524151236,-0.023604886646599776,0.99598285460013836,0.086376864199631767,-0.96521342254248543,-0.00020018563737605154,-0.26146320748727203,8.9637603244576236e-05,2.1561748542366989e-05
0.53497695922851562,1790953865.4194429,0.0005970001220703125,0.085905105783160907,0.034801865284766934,-0.034505159311927894,0.010384709049366262,0.35152676464417792,-0.010925761117484504,0.054602999999999999,0.0050289999999999996,0.191273,-3.1408072554263957,1.3062567720701161,-3.0511496917514473,0.05458093655216871,0.0050278085854615767,0.19118612834342189,-0.26039558035846688,-0.089543918097607519,0.96134074524151236,-0.023604886646599776,0.99598285460013836,0.086376864199631767,-0.96521342254248543,-0.00020018563737605154,-0.26146320748727203,8.9637603244576236e-05,2.1561748542366989e-05
0.54000210762023926,1790953865.424468,0.00062799453735351562,0.085905105783160907,0.034801865284766934,-0.034505159311927894,0.010384709049366262,0.35152676464417792,-0.010925761117484504,0.054602999999999999,0.0050289999999999996,0.191273,-3.1408072554263957,1.3062567720701161,-3.0511496917514473,0.05458093655216871,0.0050278085854615767,0.19118612834342189,-0.26039558035846688,-0.089543918097607519,0.96134074524151236,-0.023604886646599776,0.99598285460013836,0.086376864199631767,-0.96521342254248543,-0.00020018563737605154,-0.26146320748727203,8.9637603244576236e-05,2.1561748542366989e-05
0.54497599601745605,1790953865.4294419,0.000598907470703125,0.085905105783160907,0.034801865284766934,-0.034505159311927894,0.010384709049366262,0.35152676464417792,-0.010925761117484504,0.054602999999999999,0.0050289999999999996,0.191273,-3.1408072554263957,1.3062567720701161,-3.0511496917514473,0.05458093655216871,0.0050278085854615767,0.19118612834342189,-0.26039558035846688,-0.089543918097607519,0.96134074524151236,-0.023604886646599776,0.99598285460013836,0.086376864199631767,-0.96521342254248543,-0.00020018563737605154,-0.26146320748727203,8.9637603244576236e-05,2.1561748542366989e-05
0.55000209808349609,1790953865.434468,0.00060200691223144531,0.085905105783160907,0.034801865284766934,-0.034505159311927894,0.010384709049366262,0.35152676464417792,-0.010925761117484504,0.054602999999999999,0.0050289999999999996,0.191273,-3.1408072554263957,1.3062567720701161,-3.0511496917514473,0.05458093655216871,0.0050278085854615767,0.19118612834342189,-0.26039558035846688,-0.089543918097607519,0.96134074524151236,-0.023604886646599776,0.99598285460013836,0.086376864199631767,-0.96521342254248543,-0.00020018563737605154,-0.26146320748727203,8.9637603244576236e-05,2.1561748542366989e-05
0.55497908592224121,1790953865.439445,0.00060296058654785156,0.085905105783160907,0.034801865284766934,-0.034505159311927894,0.010384709049366262,0.35152676464417792,-0.010925761117484504,0.054602999999999999,0.0050289999999999996,0.191273,-3.1408072554263957,1.3062567720701161,-3.0511496917514473,0.05458093655216871,0.0050278085854615767,0.19118612834342189,-0.26039558035846688,-0.089543918097607519,0.96134074524151236,-0.023604886646599776,0.99598285460013836,0.086376864199631767,-0.96521342254248543,-0.00020018563737605154,-0.26146320748727203,8.9637603244576236e-05,2.1561748542366989e-05
0.56000113487243652,1790953865.4444671,0.00061798095703125,0.085905105783160907,0.034801865284766934,-0.034505159311927894,0.010384709049366262,0.35152676464417792,-0.010925761117484504,0.054602999999999999,0.0050289999999999996,0.191273,-3.1408072554263957,1.3062567720701161,-3.0511496917514473,0.05458093655216871,0.0050278085854615767,0.19118612834342189,-0.26039558035846688,-0.089543918097607519,0.96134074524151236,-0.023604886646599776,0.99598285460013836,0.086376864199631767,-0.96521342254248543,-0.00020018563737605154,-0.26146320748727203,8.9637603244576236e-05,2.1561748542366989e-05
0.56497597694396973,1790953865.4494419,0.0006008148193359375,0.085905105783160907,0.034801865284766934,-0.034505159311927894,0.010384709049366262,0.35152676464417792,-0.010925761117484504,0.054602999999999999,0.0050289999999999996,0.191273,-3.1408072554263957,1.3062567720701161,-3.0511496917514473,0.05458093655216871,0.0050278085854615767,0.19118612834342189,-0.26039558035846688,-0.089543918097607519,0.96134074524151236,-0.023604886646599776,0.99598285460013836,0.086376864199631767,-0.96521342254248543,-0.00020018563737605154,-0.26146320748727203,8.9637603244576236e-05,2.1561748542366989e-05
0.57000017166137695,1790953865.4544661,0.0005970001220703125,0.085905105783160907,0.034801865284766934,-0.034505159311927894,0.010384709049366262,0.35152676464417792,-0.010925761117484504,0.054602999999999999,0.0050289999999999996,0.191273,-3.1408072554263957,1.3062567720701161,-3.0511496917514473,0.05458093655216871,0.0050278085854615767,0.19118612834342189,-0.26039558035846688,-0.089543918097607519,0.96134074524151236,-0.023604886646599776,0.99598285460013836,0.086376864199631767,-0.96521342254248543,-0.00020018563737605154,-0.26146320748727203,8.9637603244576236e-05,2.1561748542366989e-05
0.57497906684875488,1790953865.459445,0.00060391426086425781,0.085905105783160907,0.034801865284766934,-0.034505159311927894,0.010384709049366262,0.35152676464417792,-0.010925761117484504,0.054602999999999999,0.0050289999999999996,0.191273,-3.1408072554263957,1.3062567720701161,-3.0511496917514473,0.05458093655216871,0.0050278085854615767,0.19118612834342189,-0.26039558035846688,-0.089543918097607519,0.96134074524151236,-0.023604886646599776,0.99598285460013836,0.086376864199631767,-0.96521342254248543,-0.00020018563737605154,-0.26146320748727203,8.9637603244576236e-05,2.1561748542366989e-05
0.5800011157989502,1790953865.464467,0.00062513351440429688,0.085905105783160907,0.034801865284766934,-0.034505159311927894,0.010384709049366262,0.35152676464417792,-0.010925761117484504,0.054602999999999999,0.0050289999999999996,0.191273,-3.1408072554263957,1.3062567720701161,-3.0511496917514473,0.05458093655216871,0.0050278085854615767,0.19118612834342189,-0.26039558035846688,-0.089543918097607519,0.96134074524151236,-0.023604886646599776,0.99598285460013836,0.086376864199631767,-0.96521342254248543,-0.00020018563737605154,-0.26146320748727203,8.9637603244576236e-05,2.1561748542366989e-05
0.58497810363769531,1790953865.469444,0.00060105323791503906,0.085905105783160907,0.034801865284766934,-0.034505159311927894,0.010384709049366262,0.35152676464417792,-0.010925761117484504,0.054602999999999999,0.0050289999999999996,0.191273,-3.1408072554263957,1.3062567720701161,-3.0511496917514473,0.05458093655216871,0.0050278085854615767,0.19118612834342189,-0.26039558035846688,-0.089543918097607519,0.96134074524151236,-0.023604886646599776,0.99598285460013836,0.086376864199631767,-0.96521342254248543,-0.00020018563737605154,-0.26146320748727203,8.9637603244576236e-05,2.1561748542366989e-05
0.59000015258789062,1790953865.4744661,0.00059914588928222656,0.085905105783160907,0.034801865284766934,-0.034505159311927894,0.010384709049366262,0.35152676464417792,-0.010925761117484504,0.054602999999999999,0.0050289999999999996,0.191273,-3.1408072554263957,1.3062567720701161,-3.0511496917514473,0.05458093655216871,0.0050278085854615767,0.19118612834342189,-0.26039558035846688,-0.089543918097607519,0.96134074524151236,-0.023604886646599776,0.99598285460013836,0.086376864199631767,-0.96521342254248543,-0.00020018563737605154,-0.26146320748727203,8.9637603244576236e-05,2.1561748542366989e-05
0.59497714042663574,1790953865.4794431,0.00060200691223144531,0.085905105783160907,0.034801865284766934,-0.034505159311927894,0.010384709049366262,0.35152676464417792,-0.010925761117484504,0.054602999999999999,0.0050289999999999996,0.191273,-3.1408072554263957,1.3062567720701161,-3.0511496917514473,0.05458093655216871,0.0050278085854615767,0.19118612834342189,-0.26039558035846688,-0.089543918097607519,0.96134074524151236,-0.023604886646599776,0.99598285460013836,0.086376864199631767,-0.96521342254248543,-0.00020018563737605154,-0.26146320748727203,8.9637603244576236e-05,2.1561748542366989e-05
0.5999751091003418,1790953865.484441,0.00057196617126464844,0.085905105783160907,0.034801865284766934,-0.034505159311927894,0.010384709049366262,0.35152676464417792,-0.010925761117484504,0.054602999999999999,0.0050289999999999996,0.191273,-3.1408072554263957,1.3062567720701161,-3.0511496917514473,0.05458093655216871,0.0050278085854615767,0.19118612834342189,-0.26039558035846688,-0.089543918097607519,0.96134074524151236,-0.023604886646599776,0.99598285460013836,0.086376864199631767,-0.96521342254248543,-0.00020018563737605154,-0.26146320748727203,8.9637603244576236e-05,2.1561748542366989e-05
0.60497713088989258,1790953865.4894431,0.00060200691223144531,0.085905105783160907,0.034801865284766934,-0.034505159311927894,0.010384709049366262,0.35152676464417792,-0.010925761117484504,0.054602999999999999,0.0050289999999999996,0.191273,-3.1408072554263957,1.3062567720701161,-3.0511496917514473,0.05458093655216871,0.0050278085854615767,0.19118612834342189,-0.26039558035846688,-0.089543918097607519,0.96134074524151236,-0.023604886646599776,0.99598285460013836,0.086376864199631767,-0.96521342254248543,-0.00020018563737605154,-0.26146320748727203,8.9637603244576236e-05,2.1561748542366989e-05
0.6100010871887207,1790953865.494467,0.00060009956359863281,0.085905105783160907,0.034801865284766934,-0.034505159311927894,0.010384709049366262,0.35152676464417792,-0.010925761117484504,0.054602999999999999,0.0050289999999999996,0.191273,-3.1408072554263957,1.3062567720701161,-3.0511496917514473,0.05458093655216871,0.0050278085854615767,0.19118612834342189,-0.26039558035846688,-0.089543918097607519,0.96134074524151236,-0.023604886646599776,0.99598285460013836,0.086376864199631767,-0.96521342254248543,-0.00020018563737605154,-0.26146320748727203,8.9637603244576236e-05,2.1561748542366989e-05
0.61497807502746582,1790953865.499444,0.00059390068054199219,0.085905105783160907,0.034801865284766934,-0.034505159311927894,0.010384709049366262,0.35152676464417792,-0.010925761117484504,0.054602999999999999,0.0050289999999999996,0.191273,-3.1408072554263957,1.3062567720701161,-3.0511496917514473,0.05458093655216871,0.0050278085854615767,0.19118612834342189,-0.26039558035846688,-0.089543918097607519,0.96134074524151236,-0.023604886646599776,0.99598285460013836,0.086376864199631767,-0.96521342254248543,-0.00020018563737605154,-0.26146320748727203,8.9637603244576236e-05,2.1561748542366989e-05
0.62000107765197754,1790953865.504467,0.00062394142150878906,0.085905105783160907,0.034801865284766934,-0.034505159311927894,0.010384709049366262,0.35152676464417792,-0.010925761117484504,0.054602999999999999,0.0050289999999999996,0.191273,-3.1408072554263957,1.3062567720701161,-3.0511496917514473,0.05458093655216871,0.0050278085854615767,0.19118612834342189,-0.26039558035846688,-0.089543918097607519,0.96134074524151236,-0.023604886646599776,0.99598285460013836,0.086376864199631767,-0.96521342254248543,-0.00020018563737605154,-0.26146320748727203,8.9637603244576236e-05,2.1561748542366989e-05
0.62500309944152832,1790953865.509469,0.00062608718872070312,0.085905105783160907,0.034801865284766934,-0.034505159311927894,0.010384709049366262,0.35152676464417792,-0.010925761117484504,0.054602999999999999,0.0050289999999999996,0.191273,-3.1408072554263957,1.3062567720701161,-3.0511496917514473,0.05458093655216871,0.0050278085854615767,0.19118612834342189,-0.26039558035846688,-0.089543918097607519,0.96134074524151236,-0.023604886646599776,0.99598285460013836,0.086376864199631767,-0.96521342254248543,-0.00020018563737605154,-0.26146320748727203,8.9637603244576236e-05,2.1561748542366989e-05
0.63000297546386719,1790953865.5144689,0.00062799453735351562,0.085905105783160907,0.034801865284766934,-0.034505159311927894,0.010384709049366262,0.35152676464417792,-0.010925761117484504,0.054602999999999999,0.0050289999999999996,0.191273,-3.1408072554263957,1.3062567720701161,-3.0511496917514473,0.05458093655216871,0.0050278085854615767,0.19118612834342189,-0.26039558035846688,-0.089543918097607519,0.96134074524151236,-0.023604886646599776,0.99598285460013836,0.086376864199631767,-0.96521342254248543,-0.00020018563737605154,-0.26146320748727203,8.9637603244576236e-05,2.1561748542366989e-05
0.6349790096282959,1790953865.5194449,0.00059986114501953125,0.085905105783160907,0.034801865284766934,-0.034505159311927894,0.010384709049366262,0.35152676464417792,-0.010925761117484504,0.054602999999999999,0.0050289999999999996,0.191273,-3.1408072554263957,1.3062567720701161,-3.0511496917514473,0.05458093655216871,0.0050278085854615767,0.19118612834342189,-0.26039558035846688,-0.089543918097607519,0.96134074524151236,-0.023604886646599776,0.99598285460013836,0.086376864199631767,-0.96521342254248543,-0.00020018563737605154,-0.26146320748727203,8.9637603244576236e-05,2.1561748542366989e-05
0.64000201225280762,1790953865.5244679,0.00059986114501953125,0.085905105783160907,0.034801865284766934,-0.034505159311927894,0.010384709049366262,0.35152676464417792,-0.010925761117484504,0.054602999999999999,0.0050289999999999996,0.191273,-3.1408072554263957,1.3062567720701161,-3.0511496917514473,0.05458093655216871,0.0050278085854615767,0.19118612834342189,-0.26039558035846688,-0.089543918097607519,0.96134074524151236,-0.023604886646599776,0.99598285460013836,0.086376864199631767,-0.96521342254248543,-0.00020018563737605154,-0.26146320748727203,8.9637603244576236e-05,2.1561748542366989e-05
0.64497709274291992,1790953865.529443,0.00060296058654785156,0.085905105783160907,0.034801865284766934,-0.034505159311927894,0.010384709049366262,0.35152676464417792,-0.010925761117484504,0.054602999999999999,0.0050289999999999996,0.191273,-3.1408072554263957,1.3062567720701161,-3.0511496917514473,0.05458093655216871,0.0050278085854615767,0.19118612834342189,-0.26039558035846688,-0.089543918097607519,0.96134074524151236,-0.023604886646599776,0.99598285460013836,0.086376864199631767,-0.96521342254248543,-0.00020018563737605154,-0.26146320748727203,8.9637603244576236e-05,2.1561748542366989e-05
0.65000009536743164,1790953865.534466,0.00059604644775390625,0.085905105783160907,0.034801865284766934,-0.034505159311927894,0.010384709049366262,0.35152676464417792,-0.010925761117484504,0.054602999999999999,0.0050289999999999996,0.191273,-3.1408072554263957,1.3062567720701161,-3.0511496917514473,0.05458093655216871,0.0050278085854615767,0.19118612834342189,-0.26039558035846688,-0.089543918097607519,0.96134074524151236,-0.023604886646599776,0.99598285460013836,0.086376864199631767,-0.96521342254248543,-0.00020018563737605154,-0.26146320748727203,8.9637603244576236e-05,2.1561748542366989e-05
0.65497708320617676,1790953865.539443,0.00059795379638671875,0.085905105783160907,0.034801865284766934,-0.034505159311927894,0.010384709049366262,0.35152676464417792,-0.010925761117484504,0.054602999999999999,0.0050289999999999996,0.191273,-3.1408072554263957,1.3062567720701161,-3.0511496917514473,0.05458093655216871,0.0050278085854615767,0.19118612834342189,-0.26039558035846688,-0.089543918097607519,0.96134074524151236,-0.023604886646599776,0.99598285460013836,0.086376864199631767,-0.96521342254248543,-0.00020018563737605154,-0.26146320748727203,8.9637603244576236e-05,2.1561748542366989e-05
0.66000199317932129,1790953865.5444679,0.0006008148193359375,0.085905105783160907,0.034801865284766934,-0.034505159311927894,0.010384709049366262,0.35152676464417792,-0.010925761117484504,0.054602999999999999,0.0050289999999999996,0.191273,-3.1408072554263957,1.3062567720701161,-3.0511496917514473,0.05458093655216871,0.0050278085854615767,0.19118612834342189,-0.26039558035846688,-0.089543918097607519,0.96134074524151236,-0.023604886646599776,0.99598285460013836,0.086376864199631767,-0.96521342254248543,-0.00020018563737605154,-0.26146320748727203,8.9637603244576236e-05,2.1561748542366989e-05
0.66500210762023926,1790953865.549468,0.00062608718872070312,0.085905105783160907,0.034801865284766934,-0.034505159311927894,0.010384709049366262,0.35152676464417792,-0.010925761117484504,0.054602999999999999,0.0050289999999999996,0.191273,-3.1408072554263957,1.3062567720701161,-3.0511496917514473,0.05458093655216871,0.0050278085854615767,0.19118612834342189,-0.26039558035846688,-0.089543918097607519,0.96134074524151236,-0.023604886646599776,0.99598285460013836,0.086376864199631767,-0.96521342254248543,-0.00020018563737605154,-0.26146320748727203,8.9637603244576236e-05,2.1561748542366989e-05
0.67000412940979004,1790953865.5544701,0.00059795379638671875,0.085905105783160907,0.034801865284766934,-0.034505159311927894,0.010384709049366262,0.35152676464417792,-0.010925761117484504,0.054602999999999999,0.0050289999999999996,0.191273,-3.1408072554263957,1.3062567720701161,-3.0511496917514473,0.05458093655216871,0.0050278085854615767,0.19118612834342189,-0.26039558035846688,-0.089543918097607519,0.96134074524151236,-0.023604886646599776,0.99598285460013836,0.086376864199631767,-0.96521342254248543,-0.00020018563737605154,-0.26146320748727203,8.9637603244576236e-05,2.1561748542366989e-05
0.67497611045837402,1790953865.559442,0.00059914588928222656,0.085905105783160907,0.034801865284766934,-0.034505159311927894,0.010384709049366262,0.35152676464417792,-0.010925761117484504,0.054602999999999999,0.0050289999999999996,0.191273,-3.1408072554263957,1.3062567720701161,-3.0511496917514473,0.05458093655216871,0.0050278085854615767,0.19118612834342189,-0.26039558035846688,-0.089543918097607519,0.96134074524151236,-0.023604886646599776,0.99598285460013836,0.086376864199631767,-0.96521342254248543,-0.00020018563737605154,-0.26146320748727203,8.9637603244576236e-05,2.1561748542366989e-05
0.68000006675720215,1790953865.564466,0.00059199333190917969,0.085905105783160907,0.034801865284766934,-0.034505159311927894,0.010384709049366262,0.35152676464417792,-0.010925761117484504,0.054602999999999999,0.0050289999999999996,0.191273,-3.1408072554263957,1.3062567720701161,-3.0511496917514473,0.05458093655216871,0.0050278085854615767,0.19118612834342189,-0.26039558035846688,-0.089543918097607519,0.96134074524151236,-0.023604886646599776,0.99598285460013836,0.086376864199631767,-0.96521342254248543,-0.00020018563737605154,-0.26146320748727203,8.9637603244576236e-05,2.1561748542366989e-05
0.68497395515441895,1790953865.5694399,0.00059986114501953125,0.085905105783160907,0.034801865284766934,-0.034505159311927894,0.010384709049366262,0.35152676464417792,-0.010925761117484504,0.054602999999999999,0.0050289999999999996,0.191273,-3.1408072554263957,1.3062567720701161,-3.0511496917514473,0.05458093655216871,0.0050278085854615767,0.19118612834342189,-0.26039558035846688,-0.089543918097607519,0.96134074524151236,-0.023604886646599776,0.99598285460013836,0.086376864199631767,-0.96521342254248543,-0.00020018563737605154,-0.26146320748727203,8.9637603244576236e-05,2.1561748542366989e-05
0.68999910354614258,1790953865.574465,0.00059795379638671875,0.085905105783160907,0.034801865284766934,-0.034505159311927894,0.010384709049366262,0.35152676464417792,-0.010925761117484504,0.054602999999999999,0.0050289999999999996,0.191273,-3.1408072554263957,1.3062567720701161,-3.0511496917514473,0.05458093655216871,0.0050278085854615767,0.19118612834342189,-0.26039558035846688,-0.089543918097607519,0.96134074524151236,-0.023604886646599776,0.99598285460013836,0.086376864199631767,-0.96521342254248543,-0.00020018563737605154,-0.26146320748727203,8.9637603244576236e-05,2.1561748542366989e-05
0.6949770450592041,1790953865.579443,0.00059986114501953125,0.085905105783160907,0.034801865284766934,-0.034505159311927894,0.010384709049366262,0.35152676464417792,-0.010925761117484504,0.054602999999999999,0.0050289999999999996,0.191273,-3.1408072554263957,1.3062567720701161,-3.0511496917514473,0.05458093655216871,0.0050278085854615767,0.19118612834342189,-0.26039558035846688,-0.089543918097607519,0.96134074524151236,-0.023604886646599776,0.99598285460013836,0.086376864199631767,-0.96521342254248543,-0.00020018563737605154,-0.26146320748727203,8.9637603244576236e-05,2.1561748542366989e-05
0.70000195503234863,1790953865.5844679,0.00059795379638671875,0.085905105783160907,0.034801865284766934,-0.034505159311927894,0.010384709049366262,0.35152676464417792,-0.010925761117484504,0.054602999999999999,0.0050289999999999996,0.191273,-3.1408072554263957,1.3062567720701161,-3.0511496917514473,0.05458093655216871,0.0050278085854615767,0.19118612834342189,-0.26039558035846688,-0.089543918097607519,0.96134074524151236,-0.023604886646599776,0.99598285460013836,0.086376864199631767,-0.96521342254248543,-0.00020018563737605154,-0.26146320748727203,8.9637603244576236e-05,2.1561748542366989e-05
0.70497608184814453,1790953865.589442,0.00060200691223144531,0.085905105783160907,0.034801865284766934,-0.034505159311927894,0.010384709049366262,0.35152676464417792,-0.010925761117484504,0.054602999999999999,0.0050289999999999996,0.191273,-3.1408072554263957,1.3062567720701161,-3.0511496917514473,0.05458093655216871,0.0050278085854615767,0.19118612834342189,-0.26039558035846688,-0.089543918097607519,0.96134074524151236,-0.023604886646599776,0.99598285460013836,0.086376864199631767,-0.96521342254248543,-0.00020018563737605154,-0.26146320748727203,8.9637603244576236e-05,2.1561748542366989e-05
0.71000218391418457,1790953865.5944681,0.00060009956359863281,0.085905105783160907,0.034801865284766934,-0.034505159311927894,0.010384709049366262,0.35152676464417792,-0.010925761117484504,0.054602999999999999,0.0050289999999999996,0.191273,-3.1408072554263957,1.3062567720701161,-3.0511496917514473,0.05458093655216871,0.0050278085854615767,0.19118612834342189,-0.26039558035846688,-0.089543918097607519,0.96134074524151236,-0.023604886646599776,0.99598285460013836,0.086376864199631767,-0.96521342254248543,-0.00020018563737605154,-0.26146320748727203,8.9637603244576236e-05,2.1561748542366989e-05
0.71497607231140137,1790953865.599442,0.000598907470703125,0.085905105783160907,0.034801865284766934,-0.034505159311927894,0.010384709049366262,0.35152676464417792,-0.010925761117484504,0.054602999999999999,0.0050289999999999996,0.191273,-3.1408072554263957,1.3062567720701161,-3.0511496917514473,0.05458093655216871,0.0050278085854615767,0.19118612834342189,-0.26039558035846688,-0.089543918097607519,0.96134074524151236,-0.023604886646599776,0.99598285460013836,0.086376864199631767,-0.96521342254248543,-0.00020018563737605154,-0.26146320748727203,8.9637603244576236e-05,2.1561748542366989e-05
0.7200009822845459,1790953865.6044669,0.00059986114501953125,0.085905105783160907,0.034801865284766934,-0.034505159311927894,0.010384709049366262,0.35152676464417792,-0.010925761117484504,0.054602999999999999,0.0050289999999999996,0.191273,-3.1408072554263957,1.3062567720701161,-3.0511496917514473,0.05458093655216871,0.0050278085854615767,0.19118612834342189,-0.26039558035846688,-0.089543918097607519,0.96134074524151236,-0.023604886646599776,0.99598285460013836,0.086376864199631767,-0.96521342254248543,-0.00020018563737605154,-0.26146320748727203,8.9637603244576236e-05,2.1561748542366989e-05
0.7249760627746582,1790953865.609442,0.00059795379638671875,0.085905105783160907,0.034801865284766934,-0.034505159311927894,0.010384709049366262,0.35152676464417792,-0.010925761117484504,0.054602999999999999,0.0050289999999999996,0.191273,-3.1408072554263957,1.3062567720701161,-3.0511496917514473,0.05458093655216871,0.0050278085854615767,0.19118612834342189,-0.26039558035846688,-0.089543918097607519,0.96134074524151236,-0.023604886646599776,0.99598285460013836,0.086376864199631767,-0.96521342254248543,-0.00020018563737605154,-0.26146320748727203,8.9637603244576236e-05,2.1561748542366989e-05
0.72997713088989258,1790953865.6144431,0.00056600570678710938,0.085905105783160907,0.034801865284766934,-0.034505159311927894,0.010384709049366262,0.35152676464417792,-0.010925761117484504,0.054602999999999999,0.0050289999999999996,0.191273,-3.1408072554263957,1.3062567720701161,-3.0511496917514473,0.05458093655216871,0.0050278085854615767,0.19118612834342189,-0.26039558035846688,-0.089543918097607519,0.96134074524151236,-0.023604886646599776,0.99598285460013836,0.086376864199631767,-0.96521342254248543,-0.00020018563737605154,-0.26146320748727203,8.9637603244576236e-05,2.1561748542366989e-05
0.73497700691223145,1790953865.6194429,0.00059986114501953125,0.085905105783160907,0.034801865284766934,-0.034505159311927894,0.010384709049366262,0.35152676464417792,-0.010925761117484504,0.054602999999999999,0.0050289999999999996,0.191273,-3.1408072554263957,1.3062567720701161,-3.0511496917514473,0.05458093655216871,0.0050278085854615767,0.19118612834342189,-0.26039558035846688,-0.089543918097607519,0.96134074524151236,-0.023604886646599776,0.99598285460013836,0.086376864199631767,-0.96521342254248543,-0.00020018563737605154,-0.26146320748727203,8.9637603244576236e-05,2.1561748542366989e-05
0.74000096321105957,1790953865.6244669,0.00059390068054199219,0.085905105783160907,0.034801865284766934,-0.034505159311927894,0.010384709049366262,0.35152676464417792,-0.010925761117484504,0.054602999999999999,0.0050289999999999996,0.191273,-3.1408072554263957,1.3062567720701161,-3.0511496917514473,0.05458093655216871,0.0050278085854615767,0.19118612834342189,-0.26039558035846688,-0.089543918097607519,0.96134074524151236,-0.023604886646599776,0.99598285460013836,0.086376864199631767,-0.96521342254248543,-0.00020018563737605154,-0.26146320748727203,8.9637603244576236e-05,2.1561748542366989e-05
0.74500012397766113,1790953865.6294661,0.00062704086303710938,0.085905105783160907,0.034801865284766934,-0.034505159311927894,0.010384709049366262,0.35152676464417792,-0.010925761117484504,0.054602999999999999,0.0050289999999999996,0.191273,-3.1408072554263957,1.3062567720701161,-3.0511496917514473,0.05458093655216871,0.0050278085854615767,0.19118612834342189,-0.26039558035846688,-0.089543918097607519,0.96134074524151236,-0.023604886646599776,0.99598285460013836,0.086376864199631767,-0.96521342254248543,-0.00020018563737605154,-0.26146320748727203,8.9637603244576236e-05,2.1561748542366989e-05
0.74999904632568359,1790953865.634465,0.00059103965759277344,0.085905105783160907,0.034801865284766934,-0.034505159311927894,0.010384709049366262,0.35152676464417792,-0.010925761117484504,0.054602999999999999,0.0050289999999999996,0.191273,-3.1408072554263957,1.3062567720701161,-3.0511496917514473,0.05458093655216871,0.0050278085854615767,0.19118612834342189,-0.26039558035846688,-0.089543918097607519,0.96134074524151236,-0.023604886646599776,0.99598285460013836,0.086376864199631767,-0.96521342254248543,-0.00020018563737605154,-0.26146320748727203,8.9637603244576236e-05,2.1561748542366989e-05
0.7549741268157959,1790953865.6394401,0.00060009956359863281,0.085905105783160907,0.034801865284766934,-0.034505159311927894,0.010384709049366262,0.35152676464417792,-0.010925761117484504,0.054602999999999999,0.0050289999999999996,0.191273,-3.1408072554263957,1.3062567720701161,-3.0511496917514473,0.05458093655216871,0.0050278085854615767,0.19118612834342189,-0.26039558035846688,-0.089543918097607519,0.96134074524151236,-0.023604886646599776,0.99598285460013836,0.086376864199631767,-0.96521342254248543,-0.00020018563737605154,-0.26146320748727203,8.9637603244576236e-05,2.1561748542366989e-05
0.76003718376159668,1790953865.6445031,0.00062704086303710938,0.085905105783160907,0.034801865284766934,-0.034505159311927894,0.010384709049366262,0.35152676464417792,-0.010925761117484504,0.054602999999999999,0.0050289999999999996,0.191273,-3.1408072554263957,1.3062567720701161,-3.0511496917514473,0.05458093655216871,0.0050278085854615767,0.19118612834342189,-0.26039558035846688,-0.089543918097607519,0.96134074524151236,-0.023604886646599776,0.99598285460013836,0.086376864199631767,-0.96521342254248543,-0.00020018563737605154,-0.26146320748727203,8.9637603244576236e-05,2.1561748542366989e-05
0.76497507095336914,1790953865.649441,0.00060200691223144531,0.085905105783160907,0.034801865284766934,-0.034505159311927894,0.010384709049366262,0.35152676464417792,-0.010925761117484504,0.054602999999999999,0.0050289999999999996,0.191273,-3.1408072554263957,1.3062567720701161,-3.0511496917514473,0.05458093655216871,0.0050278085854615767,0.19118612834342189,-0.26039558035846688,-0.089543918097607519,0.96134074524151236,-0.023604886646599776,0.99598285460013836,0.086376864199631767,-0.96521342254248543,-0.00020018563737605154,-0.26146320748727203,8.9637603244576236e-05,2.1561748542366989e-05
0.77000212669372559,1790953865.6544681,0.00059795379638671875,0.085905105783160907,0.034801865284766934,-0.034505159311927894,0.010384709049366262,0.35152676464417792,-0.010925761117484504,0.054602999999999999,0.0050289999999999996,0.191273,-3.1408072554263957,1.3062567720701161,-3.0511496917514473,0.05458093655216871,0.0050278085854615767,0.19118612834342189,-0.26039558035846688,-0.089543918097607519,0.96134074524151236,-0.023604886646599776,0.99598285460013836,0.086376864199631767,-0.96521342254248543,-0.00020018563737605154,-0.26146320748727203,8.9637603244576236e-05,2.1561748542366989e-05
0.77497601509094238,1790953865.6594419,0.00060200691223144531,0.085905105783160907,0.034801865284766934,-0.034505159311927894,0.010384709049366262,0.35152676464417792,-0.010925761117484504,0.054602999999999999,0.0050289999999999996,0.191273,-3.1408072554263957,1.3062567720701161,-3.0511496917514473,0.05458093655216871,0.0050278085854615767,0.19118612834342189,-0.26039558035846688,-0.089543918097607519,0.96134074524151236,-0.023604886646599776,0.99598285460013836,0.086376864199631767,-0.96521342254248543,-0.00020018563737605154,-0.26146320748727203,8.9637603244576236e-05,2.1561748542366989e-05
0.78000211715698242,1790953865.6644681,0.00059294700622558594,0.085905105783160907,0.034801865284766934,-0.034505159311927894,0.010384709049366262,0.35152676464417792,-0.010925761117484504,0.054602999999999999,0.0050289999999999996,0.191273,-3.1408072554263957,1.3062567720701161,-3.0511496917514473,0.05458093655216871,0.0050278085854615767,0.19118612834342189,-0.26039558035846688,-0.089543918097607519,0.96134074524151236,-0.023604886646599776,0.99598285460013836,0.086376864199631767,-0.96521342254248543,-0.00020018563737605154,-0.26146320748727203,8.9637603244576236e-05,2.1561748542366989e-05
0.7850031852722168,1790953865.6694691,0.00062513351440429688,0.085905105783160907,0.034801865284766934,-0.034505159311927894,0.010384709049366262,0.35152676464417792,-0.010925761117484504,0.054602999999999999,0.0050289999999999996,0.191273,-3.1408072554263957,1.3062567720701161,-3.0511496917514473,0.05458093655216871,0.0050278085854615767,0.19118612834342189,-0.26039558035846688,-0.089543918097607519,0.96134074524151236,-0.023604886646599776,0.99598285460013836,0.086376864199631767,-0.96521342254248543,-0.00020018563737605154,-0.26146320748727203,8.9637603244576236e-05,2.1561748542366989e-05
0.79000115394592285,1790953865.6744671,0.0005931854248046875,0.085905105783160907,0.034801865284766934,-0.034505159311927894,0.010384709049366262,0.35152676464417792,-0.010925761117484504,0.054602999999999999,0.0050289999999999996,0.191273,-3.1408072554263957,1.3062567720701161,-3.0511496917514473,0.05458093655216871,0.0050278085854615767,0.19118612834342189,-0.26039558035846688,-0.089543918097607519,0.96134074524151236,-0.023604886646599776,0.99598285460013836,0.086376864199631767,-0.96521342254248543,-0.00020018563737605154,-0.26146320748727203,8.9637603244576236e-05,2.1561748542366989e-05
0.7949981689453125,1790953865.6794641,0.00062513351440429688,0.085905105783160907,0.034801865284766934,-0.034505159311927894,0.010384709049366262,0.35152676464417792,-0.010925761117484504,0.054602999999999999,0.0050289999999999996,0.191273,-3.1408072554263957,1.3062567720701161,-3.0511496917514473,0.05458093655216871,0.0050278085854615767,0.19118612834342189,-0.26039558035846688,-0.089543918097607519,0.96134074524151236,-0.023604886646599776,0.99598285460013836,0.086376864199631767,-0.96521342254248543,-0.00020018563737605154,-0.26146320748727203,8.9637603244576236e-05,2.1561748542366989e-05
0.8000030517578125,1790953865.684469,0.00060200691223144531,0.085905105783160907,0.034801865284766934,-0.034505159311927894,0.010384709049366262,0.35152676464417792,-0.010925761117484504,0.054602999999999999,0.0050289999999999996,0.191273,-3.1408072554263957,1.3062567720701161,-3.0511496917514473,0.05458093655216871,0.0050278085854615767,0.19118612834342189,-0.26039558035846688,-0.089543918097607519,0.96134074524151236,-0.023604886646599776,0.99598285460013836,0.086376864199631767,-0.96521342254248543,-0.00020018563737605154,-0.26146320748727203,8.9637603244576236e-05,2.1561748542366989e-05
0.80497503280639648,1790953865.689441,0.00060200691223144531,0.085905105783160907,0.034801865284766934,-0.034505159311927894,0.010384709049366262,0.35152676464417792,-0.010925761117484504,0.054602999999999999,0.0050289999999999996,0.191273,-3.1408072554263957,1.3062567720701161,-3.0511496917514473,0.05458093655216871,0.0050278085854615767,0.19118612834342189,-0.26039558035846688,-0.089543918097607519,0.96134074524151236,-0.023604886646599776,0.99598285460013836,0.086376864199631767,-0.96521342254248543,-0.00020018563737605154,-0.26146320748727203,8.9637603244576236e-05,2.1561748542366989e-05
0.81000018119812012,1790953865.6944661,0.00059819221496582031,0.085905105783160907,0.034801865284766934,-0.034505159311927894,0.010384709049366262,0.35152676464417792,-0.010925761117484504,0.054602999999999999,0.0050289999999999996,0.191273,-3.1408072554263957,1.3062567720701161,-3.0511496917514473,0.05458093655216871,0.0050278085854615767,0.19118612834342189,-0.26039558035846688,-0.089543918097607519,0.96134074524151236,-0.023604886646599776,0.99598285460013836,0.086376864199631767,-0.96521342254248543,-0.00020018563737605154,-0.26146320748727203,8.9637603244576236e-05,2.1561748542366989e-05
0.81497502326965332,1790953865.699441,0.00060105323791503906,0.085905105783160907,0.034801865284766934,-0.034505159311927894,0.010384709049366262,0.35152676464417792,-0.010925761117484504,0.054602999999999999,0.0050289999999999996,0.191273,-3.1408072554263957,1.3062567720701161,-3.0511496917514473,0.05458093655216871,0.0050278085854615767,0.19118612834342189,-0.26039558035846688,-0.089543918097607519,0.96134074524151236,-0.023604886646599776,0.99598285460013836,0.086376864199631767,-0.96521342254248543,-0.00020018563737605154,-0.26146320748727203,8.9637603244576236e-05,2.1561748542366989e-05
0.82000112533569336,1790953865.7044671,0.00060009956359863281,0.085905105783160907,0.034801865284766934,-0.034505159311927894,0.010384709049366262,0.35152676464417792,-0.010925761117484504,0.054602999999999999,0.0050289999999999996,0.191273,-3.1408072554263957,1.3062567720701161,-3.0511496917514473,0.05458093655216871,0.0050278085854615767,0.19118612834342189,-0.26039558035846688,-0.089543918097607519,0.96134074524151236,-0.023604886646599776,0.99598285460013836,0.086376864199631767,-0.96521342254248543,-0.00020018563737605154,-0.26146320748727203,8.9637603244576236e-05,2.1561748542366989e-05
0.82497715950012207,1790953865.7094431,0.00060105323791503906,0.085905105783160907,0.034801865284766934,-0.034505159311927894,0.010384709049366262,0.35152676464417792,-0.010925761117484504,0.054602999999999999,0.0050289999999999996,0.191273,-3.1408072554263957,1.3062567720701161,-3.0511496917514473,0.05458093655216871,0.0050278085854615767,0.19118612834342189,-0.26039558035846688,-0.089543918097607519,0.96134074524151236,-0.023604886646599776,0.99598285460013836,0.086376864199631767,-0.96521342254248543,-0.00020018563737605154,-0.26146320748727203,8.9637603244576236e-05,2.1561748542366989e-05
0.83000302314758301,1790953865.714469,0.000598907470703125,0.085905105783160907,0.034801865284766934,-0.034505159311927894,0.010384709049366262,0.35152676464417792,-0.010925761117484504,0.054602999999999999,0.0050289999999999996,0.191273,-3.1408072554263957,1.3062567720701161,-3.0511496917514473,0.05458093655216871,0.0050278085854615767,0.19118612834342189,-0.26039558035846688,-0.089543918097607519,0.96134074524151236,-0.023604886646599776,0.99598285460013836,0.086376864199631767,-0.96521342254248543,-0.00020018563737605154,-0.26146320748727203,8.9637603244576236e-05,2.1561748542366989e-05
0.83500218391418457,1790953865.7194681,0.00062322616577148438,0.085905105783160907,0.034801865284766934,-0.034505159311927894,0.010384709049366262,0.35152676464417792,-0.010925761117484504,0.054602999999999999,0.0050289999999999996,0.191273,-3.1408072554263957,1.3062567720701161,-3.0511496917514473,0.05458093655216871,0.0050278085854615767,0.19118612834342189,-0.26039558035846688,-0.089543918097607519,0.96134074524151236,-0.023604886646599776,0.99598285460013836,0.086376864199631767,-0.96521342254248543,-0.00020018563737605154,-0.26146320748727203,8.9637603244576236e-05,2.1561748542366989e-05
0.83999896049499512,1790953865.7244649,0.00059986114501953125,0.085905105783160907,0.034801865284766934,-0.034505159311927894,0.010384709049366262,0.35152676464417792,-0.010925761117484504,0.054602999999999999,0.0050289999999999996,0.191273,-3.1408072554263957,1.3062567720701161,-3.0511496917514473,0.05458093655216871,0.0050278085854615767,0.19118612834342189,-0.26039558035846688,-0.089543918097607519,0.96134074524151236,-0.023604886646599776,0.99598285460013836,0.086376864199631767,-0.96521342254248543,-0.00020018563737605154,-0.26146320748727203,8.9637603244576236e-05,2.1561748542366989e-05
0.84500002861022949,1790953865.729466,0.00062704086303710938,0.085905105783160907,0.034801865284766934,-0.034505159311927894,0.010384709049366262,0.35152676464417792,-0.010925761117484504,0.054602999999999999,0.0050289999999999996,0.191273,-3.1408072554263957,1.3062567720701161,-3.0511496917514473,0.05458093655216871,0.0050278085854615767,0.19118612834342189,-0.26039558035846688,-0.089543918097607519,0.96134074524151236,-0.023604886646599776,0.99598285460013836,0.086376864199631767,-0.96521342254248543,-0.00020018563737605154,-0.26146320748727203,8.9637603244576236e-05,2.1561748542366989e-05
0.85000205039978027,1790953865.734468,0.0005970001220703125,0.085905105783160907,0.034801865284766934,-0.034505159311927894,0.010384709049366262,0.35152676464417792,-0.010925761117484504,0.054602999999999999,0.0050289999999999996,0.191273,-3.1408072554263957,1.3062567720701161,-3.0511496917514473,0.05458093655216871,0.0050278085854615767,0.19118612834342189,-0.26039558035846688,-0.089543918097607519,0.96134074524151236,-0.023604886646599776,0.99598285460013836,0.086376864199631767,-0.96521342254248543,-0.00020018563737605154,-0.26146320748727203,8.9637603244576236e-05,2.1561748542366989e-05
0.85497403144836426,1790953865.73944,0.00059604644775390625,0.085905105783160907,0.034801865284766934,-0.034505159311927894,0.010384709049366262,0.35152676464417792,-0.010925761117484504,0.054602999999999999,0.0050289999999999996,0.191273,-3.1408072554263957,1.3062567720701161,-3.0511496917514473,0.05458093655216871,0.0050278085854615767,0.19118612834342189,-0.26039558035846688,-0.089543918097607519,0.96134074524151236,-0.023604886646599776,0.99598285460013836,0.086376864199631767,-0.96521342254248543,-0.00020018563737605154,-0.26146320748727203,8.9637603244576236e-05,2.1561748542366989e-05
0.86002111434936523,1790953865.744487,0.00062203407287597656,0.085905105783160907,0.034801865284766934,-0.034505159311927894,0.010384709049366262,0.35152676464417792,-0.010925761117484504,0.054602999999999999,0.0050289999999999996,0.191273,-3.1408072554263957,1.3062567720701161,-3.0511496917514473,0.05458093655216871,0.0050278085854615767,0.19118612834342189,-0.26039558035846688,-0.089543918097607519,0.96134074524151236,-0.023604886646599776,0.99598285460013836,0.086376864199631767,-0.96521342254248543,-0.00020018563737605154,-0.26146320748727203,8.9637603244576236e-05,2.1561748542366989e-05
0.86497616767883301,1790953865.7494421,0.00060009956359863281,0.085905105783160907,0.034801865284766934,-0.034505159311927894,0.010384709049366262,0.35152676464417792,-0.010925761117484504,0.054602999999999999,0.0050289999999999996,0.191273,-3.1408072554263957,1.3062567720701161,-3.0511496917514473,0.05458093655216871,0.0050278085854615767,0.19118612834342189,-0.26039558035846688,-0.089543918097607519,0.96134074524151236,-0.023604886646599776,0.99598285460013836,0.086376864199631767,-0.96521342254248543,-0.00020018563737605154,-0.26146320748727203,8.9637603244576236e-05,2.1561748542366989e-05
0.87000298500061035,1790953865.7544689,0.00059986114501953125,0.085905105783160907,0.034801865284766934,-0.034505159311927894,0.010384709049366262,0.35152676464417792,-0.010925761117484504,0.054602999999999999,0.0050289999999999996,0.191273,-3.1408072554263957,1.3062567720701161,-3.0511496917514473,0.05458093655216871,0.0050278085854615767,0.19118612834342189,-0.26039558035846688,-0.089543918097607519,0.96134074524151236,-0.023604886646599776,0.99598285460013836,0.086376864199631767,-0.96521342254248543,-0.00020018563737605154,-0.26146320748727203,8.9637603244576236e-05,2.1561748542366989e-05
0.87497711181640625,1790953865.759443,0.0005950927734375,0.085905105783160907,0.034801865284766934,-0.034505159311927894,0.010384709049366262,0.35152676464417792,-0.010925761117484504,0.054602999999999999,0.0050289999999999996,0.191273,-3.1408072554263957,1.3062567720701161,-3.0511496917514473,0.05458093655216871,0.0050278085854615767,0.19118612834342189,-0.26039558035846688,-0.089543918097607519,0.96134074524151236,-0.023604886646599776,0.99598285460013836,0.086376864199631767,-0.96521342254248543,-0.00020018563737605154,-0.26146320748727203,8.9637603244576236e-05,2.1561748542366989e-05
0.88000297546386719,1790953865.7644689,0.0006008148193359375,0.085905105783160907,0.034801865284766934,-0.034505159311927894,0.010384709049366262,0.35152676464417792,-0.010925761117484504,0.054602999999999999,0.0050289999999999996,0.191273,-3.1408072554263957,1.3062567720701161,-3.0511496917514473,0.05458093655216871,0.0050278085854615767,0.19118612834342189,-0.26039558035846688,-0.089543918097607519,0.96134074524151236,-0.023604886646599776,0.99598285460013836,0.086376864199631767,-0.96521342254248543,-0.00020018563737605154,-0.26146320748727203,8.9637603244576236e-05,2.1561748542366989e-05
0.88500308990478516,1790953865.769469,0.00062012672424316406,0.085905105783160907,0.034801865284766934,-0.034505159311927894,0.010384709049366262,0.35152676464417792,-0.010925761117484504,0.054602999999999999,0.0050289999999999996,0.191273,-3.1408072554263957,1.3062567720701161,-3.0511496917514473,0.05458093655216871,0.0050278085854615767,0.19118612834342189,-0.26039558035846688,-0.089543918097607519,0.96134074524151236,-0.023604886646599776,0.99598285460013836,0.086376864199631767,-0.96521342254248543,-0.00020018563737605154,-0.26146320748727203,8.9637603244576236e-05,2.1561748542366989e-05
0.8900001049041748,1790953865.774466,0.00060200691223144531,0.085905105783160907,0.034801865284766934,-0.034505159311927894,0.010384709049366262,0.35152676464417792,-0.010925761117484504,0.054602999999999999,0.0050289999999999996,0.191273,-3.1408072554263957,1.3062567720701161,-3.0511496917514473,0.05458093655216871,0.0050278085854615767,0.19118612834342189,-0.26039558035846688,-0.089543918097607519,0.96134074524151236,-0.023604886646599776,0.99598285460013836,0.086376864199631767,-0.96521342254248543,-0.00020018563737605154,-0.26146320748727203,8.9637603244576236e-05,2.1561748542366989e-05
0.89497518539428711,1790953865.7794411,0.00059914588928222656,0.085905105783160907,0.034801865284766934,-0.034505159311927894,0.010384709049366262,0.35152676464417792,-0.010925761117484504,0.054602999999999999,0.0050289999999999996,0.191273,-3.1408072554263957,1.3062567720701161,-3.0511496917514473,0.05458093655216871,0.0050278085854615767,0.19118612834342189,-0.26039558035846688,-0.089543918097607519,0.96134074524151236,-0.023604886646599776,0.99598285460013836,0.086376864199631767,-0.96521342254248543,-0.00020018563737605154,-0.26146320748727203,8.9637603244576236e-05,2.1561748542366989e-05
0.90000009536743164,1790953865.784466,0.00059604644775390625,0.085905105783160907,0.034801865284766934,-0.034505159311927894,0.010384709049366262,0.35152676464417792,-0.010925761117484504,0.054602999999999999,0.0050289999999999996,0.191273,-3.1408072554263957,1.3062567720701161,-3.0511496917514473,0.05458093655216871,0.0050278085854615767,0.19118612834342189,-0.26039558035846688,-0.089543918097607519,0.96134074524151236,-0.023604886646599776,0.99598285460013836,0.086376864199631767,-0.96521342254248543,-0.00020018563737605154,-0.26146320748727203,8.9637603244576236e-05,2.1561748542366989e-05
0.90497517585754395,1790953865.7894411,0.00060009956359863281,0.085905105783160907,0.034801865284766934,-0.034505159311927894,0.010384709049366262,0.35152676464417792,-0.010925761117484504,0.054602999999999999,0.0050289999999999996,0.191273,-3.1408072554263957,1.3062567720701161,-3.0511496917514473,0.05458093655216871,0.0050278085854615767,0.19118612834342189,-0.26039558035846688,-0.089543918097607519,0.96134074524151236,-0.023604886646599776,0.99598285460013836,0.086376864199631767,-0.96521342254248543,-0.00020018563737605154,-0.26146320748727203,8.9637603244576236e-05,2.1561748542366989e-05
0.91000008583068848,1790953865.794466,0.00060200691223144531,0.085905105783160907,0.034801865284766934,-0.034505159311927894,0.010384709049366262,0.35152676464417792,-0.010925761117484504,0.054602999999999999,0.0050289999999999996,0.191273,-3.1408072554263957,1.3062567720701161,-3.0511496917514473,0.05458093655216871,0.0050278085854615767,0.19118612834342189,-0.26039558035846688,-0.089543918097607519,0.96134074524151236,-0.023604886646599776,0.99598285460013836,0.086376864199631767,-0.96521342254248543,-0.00020018563737605154,-0.26146320748727203,8.9637603244576236e-05,2.1561748542366989e-05
0.91497397422790527,1790953865.7994399,0.00057101249694824219,0.085905105783160907,0.034801865284766934,-0.034505159311927894,0.010384709049366262,0.35152676464417792,-0.010925761117484504,0.054602999999999999,0.0050289999999999996,0.191273,-3.1408072554263957,1.3062567720701161,-3.0511496917514473,0.05458093655216871,0.0050278085854615767,0.19118612834342189,-0.26039558035846688,-0.089543918097607519,0.96134074524151236,-0.023604886646599776,0.99598285460013836,0.086376864199631767,-0.96521342254248543,-0.00020018563737605154,-0.26146320748727203,8.9637603244576236e-05,2.1561748542366989e-05
0.92000102996826172,1790953865.804467,0.00061702728271484375,0.085905105783160907,0.034801865284766934,-0.034505159311927894,0.010384709049366262,0.35152676464417792,-0.010925761117484504,0.054602999999999999,0.0050289999999999996,0.191273,-3.1408072554263957,1.3062567720701161,-3.0511496917514473,0.05458093655216871,0.0050278085854615767,0.19118612834342189,-0.26039558035846688,-0.089543918097607519,0.96134074524151236,-0.023604886646599776,0.99598285460013836,0.086376864199631767,-0.96521342254248543,-0.00020018563737605154,-0.26146320748727203,8.9637603244576236e-05,2.1561748542366989e-05
0.92500209808349609,1790953865.809468,0.00062513351440429688,0.085905105783160907,0.034801865284766934,-0.034505159311927894,0.010384709049366262,0.35152676464417792,-0.010925761117484504,0.054602999999999999,0.0050289999999999996,0.191273,-3.1408072554263957,1.3062567720701161,-3.0511496917514473,0.05458093655216871,0.0050278085854615767,0.19118612834342189,-0.26039558035846688,-0.089543918097607519,0.96134074524151236,-0.023604886646599776,0.99598285460013836,0.086376864199631767,-0.96521342254248543,-0.00020018563737605154,-0.26146320748727203,8.9637603244576236e-05,2.1561748542366989e-05
0.93000197410583496,1790953865.8144679,0.00059795379638671875,0.085905105783160907,0.034801865284766934,-0.034505159311927894,0.010384709049366262,0.35152676464417792,-0.010925761117484504,0.054602999999999999,0.0050289999999999996,0.191273,-3.1408072554263957,1.3062567720701161,-3.0511496917514473,0.05458093655216871,0.0050278085854615767,0.19118612834342189,-0.26039558035846688,-0.089543918097607519,0.96134074524151236,-0.023604886646599776,0.99598285460013836,0.086376864199631767,-0.96521342254248543,-0.00020018563737605154,-0.26146320748727203,8.9637603244576236e-05,2.1561748542366989e-05
0.93500304222106934,1790953865.819469,0.00062704086303710938,0.085905105783160907,0.034801865284766934,-0.034505159311927894,0.010384709049366262,0.35152676464417792,-0.010925761117484504,0.054602999999999999,0.0050289999999999996,0.191273,-3.1408072554263957,1.3062567720701161,-3.0511496917514473,0.05458093655216871,0.0050278085854615767,0.19118612834342189,-0.26039558035846688,-0.089543918097607519,0.96134074524151236,-0.023604886646599776,0.99598285460013836,0.086376864199631767,-0.96521342254248543,-0.00020018563737605154,-0.26146320748727203,8.9637603244576236e-05,2.1561748542366989e-05
0.9400019645690918,1790953865.8244679,0.00060391426086425781,0.085905105783160907,0.034801865284766934,-0.034505159311927894,0.010384709049366262,0.35152676464417792,-0.010925761117484504,0.054602999999999999,0.0050289999999999996,0.191273,-3.1408072554263957,1.3062567720701161,-3.0511496917514473,0.05458093655216871,0.0050278085854615767,0.19118612834342189,-0.26039558035846688,-0.089543918097607519,0.96134074524151236,-0.023604886646599776,0.99598285460013836,0.086376864199631767,-0.96521342254248543,-0.00020018563737605154,-0.26146320748727203,8.9637603244576236e-05,2.1561748542366989e-05
0.94497418403625488,1790953865.8294401,0.00057721138000488281,0.085905105783160907,0.034801865284766934,-0.034505159311927894,0.010384709049366262,0.35152676464417792,-0.010925761117484504,0.054602999999999999,0.0050289999999999996,0.191273,-3.1408072554263957,1.3062567720701161,-3.0511496917514473,0.05458093655216871,0.0050278085854615767,0.19118612834342189,-0.26039558035846688,-0.089543918097607519,0.96134074524151236,-0.023604886646599776,0.99598285460013836,0.086376864199631767,-0.96521342254248543,-0.00020018563737605154,-0.26146320748727203,8.9637603244576236e-05,2.1561748542366989e-05
0.9499969482421875,1790953865.8344629,0.00059390068054199219,0.085905105783160907,0.034801865284766934,-0.034505159311927894,0.010384709049366262,0.35152676464417792,-0.010925761117484504,0.054602999999999999,0.0050289999999999996,0.191273,-3.1408072554263957,1.3062567720701161,-3.0511496917514473,0.05458093655216871,0.0050278085854615767,0.19118612834342189,-0.26039558035846688,-0.089543918097607519,0.96134074524151236,-0.023604886646599776,0.99598285460013836,0.086376864199631767,-0.96521342254248543,-0.00020018563737605154,-0.26146320748727203,8.9637603244576236e-05,2.1561748542366989e-05
0.95497703552246094,1790953865.839443,0.00060200691223144531,0.085905105783160907,0.034801865284766934,-0.034505159311927894,0.010384709049366262,0.35152676464417792,-0.010925761117484504,0.054602999999999999,0.0050289999999999996,0.191273,-3.1408072554263957,1.3062567720701161,-3.0511496917514473,0.05458093655216871,0.0050278085854615767,0.19118612834342189,-0.26039558035846688,-0.089543918097607519,0.96134074524151236,-0.023604886646599776,0.99598285460013836,0.086376864199631767,-0.96521342254248543,-0.00020018563737605154,-0.26146320748727203,8.9637603244576236e-05,2.1561748542366989e-05
0.96000099182128906,1790953865.8444669,0.00059986114501953125,0.085905105783160907,0.034801865284766934,-0.034505159311927894,0.010384709049366262,0.35152676464417792,-0.010925761117484504,0.054602999999999999,0.0050289999999999996,0.191273,-3.1408072554263957,1.3062567720701161,-3.0511496917514473,0.05458093655216871,0.0050278085854615767,0.19118612834342189,-0.26039558035846688,-0.089543918097607519,0.96134074524151236,-0.023604886646599776,0.99598285460013836,0.086376864199631767,-0.96521342254248543,-0.00020018563737605154,-0.26146320748727203,8.9637603244576236e-05,2.1561748542366989e-05
0.96500110626220703,1790953865.849467,0.00062608718872070312,0.085905105783160907,0.034801865284766934,-0.034505159311927894,0.010384709049366262,0.35152676464417792,-0.010925761117484504,0.054602999999999999,0.0050289999999999996,0.191273,-3.1408072554263957,1.3062567720701161,-3.0511496917514473,0.05458093655216871,0.0050278085854615767,0.19118612834342189,-0.26039558035846688,-0.089543918097607519,0.96134074524151236,-0.023604886646599776,0.99598285460013836,0.086376864199631767,-0.96521342254248543,-0.00020018563737605154,-0.26146320748727203,8.9637603244576236e-05,2.1561748542366989e-05
0.97000217437744141,1790953865.8544681,0.00060200691223144531,0.085905105783160907,0.034801865284766934,-0.034505159311927894,0.010384709049366262,0.35152676464417792,-0.010925761117484504,0.054602999999999999,0.0050289999999999996,0.191273,-3.1408072554263957,1.3062567720701161,-3.0511496917514473,0.05458093655216871,0.0050278085854615767,0.19118612834342189,-0.26039558035846688,-0.089543918097607519,0.96134074524151236,-0.023604886646599776,0.99598285460013836,0.086376864199631767,-0.96521342254248543,-0.00020018563737605154,-0.26146320748727203,8.9637603244576236e-05,2.1561748542366989e-05
0.9749751091003418,1790953865.859441,0.00059413909912109375,0.085905105783160907,0.034801865284766934,-0.034505159311927894,0.010384709049366262,0.35152676464417792,-0.010925761117484504,0.054602999999999999,0.0050289999999999996,0.191273,-3.1408072554263957,1.3062567720701161,-3.0511496917514473,0.05458093655216871,0.0050278085854615767,0.19118612834342189,-0.26039558035846688,-0.089543918097607519,0.96134074524151236,-0.023604886646599776,0.99598285460013836,0.086376864199631767,-0.96521342254248543,-0.00020018563737605154,-0.26146320748727203,8.9637603244576236e-05,2.1561748542366989e-05
0.98000407218933105,1790953865.86447,0.00060296058654785156,0.085905105783160907,0.034801865284766934,-0.034505159311927894,0.010384709049366262,0.35152676464417792,-0.010925761117484504,0.054602999999999999,0.0050289999999999996,0.191273,-3.1408072554263957,1.3062567720701161,-3.0511496917514473,0.05458093655216871,0.0050278085854615767,0.19118612834342189,-0.26039558035846688,-0.089543918097607519,0.96134074524151236,-0.023604886646599776,0.99598285460013836,0.086376864199631767,-0.96521342254248543,-0.00020018563737605154,-0.26146320748727203,8.9637603244576236e-05,2.1561748542366989e-05
0.98500204086303711,1790953865.869468,0.00062298774719238281,0.085905105783160907,0.034801865284766934,-0.034505159311927894,0.010384709049366262,0.35152676464417792,-0.010925761117484504,0.054602999999999999,0.0050289999999999996,0.191273,-3.1408072554263957,1.3062567720701161,-3.0511496917514473,0.05458093655216871,0.0050278085854615767,0.19118612834342189,-0.26039558035846688,-0.089543918097607519,0.96134074524151236,-0.023604886646599776,0.99598285460013836,0.086376864199631767,-0.96521342254248543,-0.00020018563737605154,-0.26146320748727203,8.9637603244576236e-05,2.1561748542366989e-05
0.99000310897827148,1790953865.874469,0.0005970001220703125,0.085905105783160907,0.034801865284766934,-0.034505159311927894,0.010384709049366262,0.35152676464417792,-0.010925761117484504,0.054602999999999999,0.0050289999999999996,0.191273,-3.1408072554263957,1.3062567720701161,-3.0511496917514473,0.05458093655216871,0.0050278085854615767,0.19118612834342189,-0.26039558035846688,-0.089543918097607519,0.96134074524151236,-0.023604886646599776,0.99598285460013836,0.086376864199631767,-0.96521342254248543,-0.00020018563737605154,-0.26146320748727203,8.9637603244576236e-05,2.1561748542366989e-05
0.99497509002685547,1790953865.879441,0.00056600570678710938,0.085905105783160907,0.034801865284766934,-0.034505159311927894,0.010384709049366262,0.35152676464417792,-0.010925761117484504,0.054602999999999999,0.0050289999999999996,0.191273,-3.1408072554263957,1.3062567720701161,-3.0511496917514473,0.05458093655216871,0.0050278085854615767,0.19118612834342189,-0.26039558035846688,-0.089543918097607519,0.96134074524151236,-0.023604886646599776,0.99598285460013836,0.086376864199631767,-0.96521342254248543,-0.00020018563737605154,-0.26146320748727203,8.9637603244576236e-05,2.1561748542366989e-05
1,1790953865.8844659,0.00057101249694824219,0.085905105783160907,0.034801865284766934,-0.034505159311927894,0.010384709049366262,0.35152676464417792,-0.010925761117484504,0.054602999999999999,0.0050289999999999996,0.191273,-3.1408072554263957,1.3062567720701161,-3.0511496917514473,0.05458093655216871,0.0050278085854615767,0.19118612834342189,-0.26039558035846688,-0.089543918097607519,0.96134074524151236,-0.023604886646599776,0.99598285460013836,0.086376864199631767,-0.96521342254248543,-0.00020018563737605154,-0.26146320748727203,8.9637603244576236e-05,2.1561748542366989e-05
1.0050041675567627,1790953865.8894701,0.00062608718872070312,0.085905105783160907,0.034801865284766934,-0.034505159311927894,0.010384709049366262,0.35152676464417792,-0.010925761117484504,0.054602999999999999,0.0050289999999999996,0.191273,-3.1408072554263957,1.3062567720701161,-3.0511496917514473,0.05458093655216871,0.0050278085854615767,0.19118612834342189,-0.26039558035846688,-0.089543918097607519,0.96134074524151236,-0.023604886646599776,0.99598285460013836,0.086376864199631767,-0.96521342254248543,-0.00020018563737605154,-0.26146320748727203,8.9637603244576236e-05,2.1561748542366989e-05
1.0100080966949463,1790953865.894474,0.00060701370239257812,0.085905105783160907,0.034801865284766934,-0.034505159311927894,0.010384709049366262,0.35152676464417792,-0.010925761117484504,0.054602999999999999,0.0050289999999999996,0.191273,-3.1408072554263957,1.3062567720701161,-3.0511496917514473,0.05458093655216871,0.0050278085854615767,0.19118612834342189,-0.26039558035846688,-0.089543918097607519,0.96134074524151236,-0.023604886646599776,0.99598285460013836,0.086376864199631767,-0.96521342254248543,-0.00020018563737605154,-0.26146320748727203,8.9637603244576236e-05,2.1561748542366989e-05
1.0150001049041748,1790953865.899466,0.00062394142150878906,0.085905105783160907,0.034801865284766934,-0.034505159311927894,0.010384709049366262,0.35152676464417792,-0.010925761117484504,0.054602999999999999,0.0050289999999999996,0.191273,-3.1408072554263957,1.3062567720701161,-3.0511496917514473,0.05458093655216871,0.0050278085854615767,0.19118612834342189,-0.26039558035846688,-0.089543918097607519,0.96134074524151236,-0.023604886646599776,0.99598285460013836,0.086376864199631767,-0.96521342254248543,-0.00020018563737605154,-0.26146320748727203,8.9637603244576236e-05,2.1561748542366989e-05
1.0199999809265137,1790953865.9044659,0.0005970001220703125,0.085905105783160907,0.034801865284766934,-0.034505159311927894,0.010384709049366262,0.35152676464417792,-0.010925761117484504,0.054602999999999999,0.0050289999999999996,0.191273,-3.1408072554263957,1.3062567720701161,-3.0511496917514473,0.05458093655216871,0.0050278085854615767,0.19118612834342189,-0.26039558035846688,-0.089543918097607519,0.96134074524151236,-0.023604886646599776,0.99598285460013836,0.086376864199631767,-0.96521342254248543,-0.00020018563737605154,-0.26146320748727203,8.9637603244576236e-05,2.1561748542366989e-05
1.0249760150909424,1790953865.9094419,0.00060200691223144531,0.085905105783160907,0.034801865284766934,-0.034505159311927894,0.010384709049366262,0.35152676464417792,-0.010925761117484504,0.054602999999999999,0.0050289999999999996,0.191273,-3.1408072554263957,1.3062567720701161,-3.0511496917514473,0.05458093655216871,0.0050278085854615767,0.19118612834342189,-0.26039558035846688,-0.089543918097607519,0.96134074524151236,-0.023604886646599776,0.99598285460013836,0.086376864199631767,-0.96521342254248543,-0.00020018563737605154,-0.26146320748727203,8.9637603244576236e-05,2.1561748542366989e-05
1.0300030708312988,1790953865.914469,0.00058603286743164062,0.085905105783160907,0.034801865284766934,-0.034505159311927894,0.010384709049366262,0.35152676464417792,-0.010925761117484504,0.054602999999999999,0.0050289999999999996,0.191273,-3.1408072554263957,1.3062567720701161,-3.0511496917514473,0.05458093655216871,0.0050278085854615767,0.19118612834342189,-0.26039558035846688,-0.089543918097607519,0.96134074524151236,-0.023604886646599776,0.99598285460013836,0.086376864199631767,-0.96521342254248543,-0.00020018563737605154,-0.26146320748727203,8.9637603244576236e-05,2.1561748542366989e-05
1.0349760055541992,1790953865.9194419,0.00054693222045898438,0.085905105783160907,0.034801865284766934,-0.034505159311927894,0.010384709049366262,0.35152676464417792,-0.010925761117484504,0.054602999999999999,0.0050289999999999996,0.191273,-3.1408072554263957,1.3062567720701161,-3.0511496917514473,0.05458093655216871,0.0050278085854615767,0.19118612834342189,-0.26039558035846688,-0.089543918097607519,0.96134074524151236,-0.023604886646599776,0.99598285460013836,0.086376864199631767,-0.96521342254248543,-0.00020018563737605154,-0.26146320748727203,8.9637603244576236e-05,2.1561748542366989e-05
1.0400030612945557,1790953865.924469,0.00060296058654785156,0.085905105783160907,0.034801865284766934,-0.034505159311927894,0.010384709049366262,0.35152676464417792,-0.010925761117484504,0.054602999999999999,0.0050289999999999996,0.191273,-3.1408072554263957,1.3062567720701161,-3.0511496917514473,0.05458093655216871,0.0050278085854615767,0.19118612834342189,-0.26039558035846688,-0.089543918097607519,0.96134074524151236,-0.023604886646599776,0.99598285460013836,0.086376864199631767,-0.96521342254248543,-0.00020018563737605154,-0.26146320748727203,8.9637603244576236e-05,2.1561748542366989e-05
1.044978141784668,1790953865.9294441,0.000576019287109375,0.085905105783160907,0.034801865284766934,-0.034505159311927894,0.010384709049366262,0.35152676464417792,-0.010925761117484504,0.054602999999999999,0.0050289999999999996,0.191273,-3.1408072554263957,1.3062567720701161,-3.0511496917514473,0.05458093655216871,0.0050278085854615767,0.19118612834342189,-0.26039558035846688,-0.089543918097607519,0.96134074524151236,-0.023604886646599776,0.99598285460013836,0.086376864199631767,-0.96521342254248543,-0.00020018563737605154,-0.26146320748727203,8.9637603244576236e-05,2.1561748542366989e-05
1.0500020980834961,1790953865.934468,0.00059604644775390625,0.085905105783160907,0.034801865284766934,-0.034505159311927894,0.010384709049366262,0.35152676464417792,-0.010925761117484504,0.054602999999999999,0.0050289999999999996,0.191273,-3.1408072554263957,1.3062567720701161,-3.0511496917514473,0.05458093655216871,0.0050278085854615767,0.19118612834342189,-0.26039558035846688,-0.089543918097607519,0.96134074524151236,-0.023604886646599776,0.99598285460013836,0.086376864199631767,-0.96521342254248543,-0.00020018563737605154,-0.26146320748727203,8.9637603244576236e-05,2.1561748542366989e-05
1.055001974105835,1790953865.9394679,0.00062680244445800781,0.085905105783160907,0.034801865284766934,-0.034505159311927894,0.010384709049366262,0.35152676464417792,-0.010925761117484504,0.054602999999999999,0.0050289999999999996,0.191273,-3.1408072554263957,1.3062567720701161,-3.0511496917514473,0.05458093655216871,0.0050278085854615767,0.19118612834342189,-0.26039558035846688,-0.089543918097607519,0.96134074524151236,-0.023604886646599776,0.99598285460013836,0.086376864199631767,-0.96521342254248543,-0.00020018563737605154,-0.26146320748727203,8.9637603244576236e-05,2.1561748542366989e-05
1.0600011348724365,1790953865.9444671,0.000576019287109375,0.085905105783160907,0.034801865284766934,-0.034505159311927894,0.010384709049366262,0.35152676464417792,-0.010925761117484504,0.054602999999999999,0.0050289999999999996,0.191273,-3.1408072554263957,1.3062567720701161,-3.0511496917514473,0.05458093655216871,0.0050278085854615767,0.19118612834342189,-0.26039558035846688,-0.089543918097607519,0.96134074524151236,-0.023604886646599776,0.99598285460013836,0.086376864199631767,-0.96521342254248543,-0.00020018563737605154,-0.26146320748727203,8.9637603244576236e-05,2.1561748542366989e-05
1.0650031566619873,1790953865.9494691,0.00062298774719238281,0.085905105783160907,0.034801865284766934,-0.034505159311927894,0.010384709049366262,0.35152676464417792,-0.010925761117484504,0.054602999999999999,0.0050289999999999996,0.191273,-3.1408072554263957,1.3062567720701161,-3.0511496917514473,0.05458093655216871,0.0050278085854615767,0.19118612834342189,-0.26039558035846688,-0.089543918097607519,0.96134074524151236,-0.023604886646599776,0.99598285460013836,0.086376864199631767,-0.96521342254248543,-0.00020018563737605154,-0.26146320748727203,8.9637603244576236e-05,2.1561748542366989e-05
1.0700030326843262,1790953865.954469,0.00058889389038085938,0.085905105783160907,0.034801865284766934,-0.034505159311927894,0.010384709049366262,0.35152676464417792,-0.010925761117484504,0.054602999999999999,0.0050289999999999996,0.191273,-3.1408072554263957,1.3062567720701161,-3.0511496917514473,0.05458093655216871,0.0050278085854615767,0.19118612834342189,-0.26039558035846688,-0.089543918097607519,0.96134074524151236,-0.023604886646599776,0.99598285460013836,0.086376864199631767,-0.96521342254248543,-0.00020018563737605154,-0.26146320748727203,8.9637603244576236e-05,2.1561748542366989e-05
1.0750010013580322,1790953865.9594669,0.00062489509582519531,0.085905105783160907,0.034801865284766934,-0.034505159311927894,0.010384709049366262,0.35152676464417792,-0.010925761117484504,0.054602999999999999,0.0050289999999999996,0.191273,-3.1408072554263957,1.3062567720701161,-3.0511496917514473,0.05458093655216871,0.0050278085854615767,0.19118612834342189,-0.26039558035846688,-0.089543918097607519,0.96134074524151236,-0.023604886646599776,0.99598285460013836,0.086376864199631767,-0.96521342254248543,-0.00020018563737605154,-0.26146320748727203,8.9637603244576236e-05,2.1561748542366989e-05
1.0800001621246338,1790953865.9644661,0.00058817863464355469,0.085905105783160907,0.034801865284766934,-0.034505159311927894,0.010384709049366262,0.35152676464417792,-0.010925761117484504,0.054602999999999999,0.0050289999999999996,0.191273,-3.1408072554263957,1.3062567720701161,-3.0511496917514473,0.05458093655216871,0.0050278085854615767,0.19118612834342189,-0.26039558035846688,-0.089543918097607519,0.96134074524151236,-0.023604886646599776,0.99598285460013836,0.086376864199631767,-0.96521342254248543,-0.00020018563737605154,-0.26146320748727203,8.9637603244576236e-05,2.1561748542366989e-05
1.0849730968475342,1790953865.969439,0.00057005882263183594,0.085905105783160907,0.034801865284766934,-0.034505159311927894,0.010384709049366262,0.35152676464417792,-0.010925761117484504,0.054602999999999999,0.0050289999999999996,0.191273,-3.1408072554263957,1.3062567720701161,-3.0511496917514473,0.05458093655216871,0.0050278085854615767,0.19118612834342189,-0.26039558035846688,-0.089543918097607519,0.96134074524151236,-0.023604886646599776,0.99598285460013836,0.086376864199631767,-0.96521342254248543,-0.00020018563737605154,-0.26146320748727203,8.9637603244576236e-05,2.1561748542366989e-05
1.0900001525878906,1790953865.9744661,0.0005970001220703125,0.085905105783160907,0.034801865284766934,-0.034505159311927894,0.010384709049366262,0.35152676464417792,-0.010925761117484504,0.054602999999999999,0.0050289999999999996,0.191273,-3.1408072554263957,1.3062567720701161,-3.0511496917514473,0.05458093655216871,0.0050278085854615767,0.19118612834342189,-0.26039558035846688,-0.089543918097607519,0.96134074524151236,-0.023604886646599776,0.99598285460013836,0.086376864199631767,-0.96521342254248543,-0.00020018563737605154,-0.26146320748727203,8.9637603244576236e-05,2.1561748542366989e-05
1.0949771404266357,1790953865.9794431,0.00057315826416015625,0.085905105783160907,0.034801865284766934,-0.034505159311927894,0.010384709049366262,0.35152676464417792,-0.010925761117484504,0.054602999999999999,0.0050289999999999996,0.191273,-3.1408072554263957,1.3062567720701161,-3.0511496917514473,0.05458093655216871,0.0050278085854615767,0.19118612834342189,-0.26039558035846688,-0.089543918097607519,0.96134074524151236,-0.023604886646599776,0.99598285460013836,0.086376864199631767,-0.96521342254248543,-0.00020018563737605154,-0.26146320748727203,8.9637603244576236e-05,2.1561748542366989e-05
1.1000020503997803,1790953865.984468,0.00062298774719238281,0.085905105783160907,0.034801865284766934,-0.034505159311927894,0.010384709049366262,0.35152676464417792,-0.010925761117484504,0.054602999999999999,0.0050289999999999996,0.191273,-3.1408072554263957,1.3062567720701161,-3.0511496917514473,0.05458093655216871,0.0050278085854615767,0.19118612834342189,-0.26039558035846688,-0.089543918097607519,0.96134074524151236,-0.023604886646599776,0.99598285460013836,0.086376864199631767,-0.96521342254248543,-0.00020018563737605154,-0.26146320748727203,8.9637603244576236e-05,2.1561748542366989e-05
1.1049749851226807,1790953865.9894409,0.00059986114501953125,0.085905105783160907,0.034801865284766934,-0.034505159311927894,0.010384709049366262,0.35152676464417792,-0.010925761117484504,0.054602999999999999,0.0050289999999999996,0.191273,-3.1408072554263957,1.3062567720701161,-3.0511496917514473,0.05458093655216871,0.0050278085854615767,0.19118612834342189,-0.26039558035846688,-0.089543918097607519,0.96134074524151236,-0.023604886646599776,0.99598285460013836,0.086376864199631767,-0.96521342254248543,-0.00020018563737605154,-0.26146320748727203,8.9637603244576236e-05,2.1561748542366989e-05
1.1100001335144043,1790953865.9944661,0.0005950927734375,0.085905105783160907,0.034801865284766934,-0.034505159311927894,0.010384709049366262,0.35152676464417792,-0.010925761117484504,0.054602999999999999,0.0050289999999999996,0.191273,-3.1408072554263957,1.3062567720701161,-3.0511496917514473,0.05458093655216871,0.0050278085854615767,0.19118612834342189,-0.26039558035846688,-0.089543918097607519,0.96134074524151236,-0.023604886646599776,0.99598285460013836,0.086376864199631767,-0.96521342254248543,-0.00020018563737605154,-0.26146320748727203,8.9637603244576236e-05,2.1561748542366989e-05
1.1150040626525879,1790953865.99947,0.00062894821166992188,0.085905105783160907,0.034801865284766934,-0.034505159311927894,0.010384709049366262,0.35152676464417792,-0.010925761117484504,0.054602999999999999,0.0050289999999999996,0.191273,-3.1408072554263957,1.3062567720701161,-3.0511496917514473,0.05458093655216871,0.0050278085854615767,0.19118612834342189,-0.26039558035846688,-0.089543918097607519,0.96134074524151236,-0.023604886646599776,0.99598285460013836,0.086376864199631767,-0.96521342254248543,-0.00020018563737605154,-0.26146320748727203,8.9637603244576236e-05,2.1561748542366989e-05
1.1199991703033447,1790953866.0044651,0.0005950927734375,0.085905105783160907,0.034801865284766934,-0.034505159311927894,0.010384709049366262,0.35152676464417792,-0.010925761117484504,0.054602999999999999,0.0050289999999999996,0.191273,-3.1408072554263957,1.3062567720701161,-3.0511496917514473,0.05458093655216871,0.0050278085854615767,0.19118612834342189,-0.26039558035846688,-0.089543918097607519,0.96134074524151236,-0.023604886646599776,0.99598285460013836,0.086376864199631767,-0.96521342254248543,-0.00020018563737605154,-0.26146320748727203,8.9637603244576236e-05,2.1561748542366989e-05
1.1249740123748779,1790953866.0094399,0.00059986114501953125,0.085905105783160907,0.034801865284766934,-0.034505159311927894,0.010384709049366262,0.35152676464417792,-0.010925761117484504,0.054602999999999999,0.0050289999999999996,0.191273,-3.1408072554263957,1.3062567720701161,-3.0511496917514473,0.05458093655216871,0.0050278085854615767,0.19118612834342189,-0.26039558035846688,-0.089543918097607519,0.96134074524151236,-0.023604886646599776,0.99598285460013836,0.086376864199631767,-0.96521342254248543,-0.00020018563737605154,-0.26146320748727203,8.9637603244576236e-05,2.1561748542366989e-05
1.1300029754638672,1790953866.0144689,0.00059080123901367188,0.085905105783160907,0.034801865284766934,-0.034505159311927894,0.010384709049366262,0.35152676464417792,-0.010925761117484504,0.054602999999999999,0.0050289999999999996,0.191273,-3.1408072554263957,1.3062567720701161,-3.0511496917514473,0.05458093655216871,0.0050278085854615767,0.19118612834342189,-0.26039558035846688,-0.089543918097607519,0.96134074524151236,-0.023604886646599776,0.99598285460013836,0.086376864199631767,-0.96521342254248543,-0.00020018563737605154,-0.26146320748727203,8.9637603244576236e-05,2.1561748542366989e-05
1.1349790096282959,1790953866.0194449,0.00057888031005859375,0.085905105783160907,0.034801865284766934,-0.034505159311927894,0.010384709049366262,0.35152676464417792,-0.010925761117484504,0.054602999999999999,0.0050289999999999996,0.191273,-3.1408072554263957,1.3062567720701161,-3.0511496917514473,0.05458093655216871,0.0050278085854615767,0.19118612834342189,-0.26039558035846688,-0.089543918097607519,0.96134074524151236,-0.023604886646599776,0.99598285460013836,0.086376864199631767,-0.96521342254248543,-0.00020018563737605154,-0.26146320748727203,8.9637603244576236e-05,2.1561748542366989e-05
1.140002965927124,1790953866.0244689,0.00060200691223144531,0.085905105783160907,0.034801865284766934,-0.034505159311927894,0.010384709049366262,0.35152676464417792,-0.010925761117484504,0.054602999999999999,0.0050289999999999996,0.191273,-3.1408072554263957,1.3062567720701161,-3.0511496917514473,0.05458093655216871,0.0050278085854615767,0.19118612834342189,-0.26039558035846688,-0.089543918097607519,0.96134074524151236,-0.023604886646599776,0.99598285460013836,0.086376864199631767,-0.96521342254248543,-0.00020018563737605154,-0.26146320748727203,8.9637603244576236e-05,2.1561748542366989e-05
1.1450021266937256,1790953866.0294681,0.00062608718872070312,0.085905105783160907,0.034801865284766934,-0.034505159311927894,0.010384709049366262,0.35152676464417792,-0.010925761117484504,0.054602999999999999,0.0050289999999999996,0.191273,-3.1408072554263957,1.3062567720701161,-3.0511496917514473,0.05458093655216871,0.0050278085854615767,0.19118612834342189,-0.26039558035846688,-0.089543918097607519,0.96134074524151236,-0.023604886646599776,0.99598285460013836,0.086376864199631767,-0.96521342254248543,-0.00020018563737605154,-0.26146320748727203,8.9637603244576236e-05,2.1561748542366989e-05
1.1500060558319092,1790953866.034472,0.00060105323791503906,0.085905105783160907,0.034801865284766934,-0.034505159311927894,0.010384709049366262,0.35152676464417792,-0.010925761117484504,0.054602999999999999,0.0050289999999999996,0.191273,-3.1408072554263957,1.3062567720701161,-3.0511496917514473,0.05458093655216871,0.0050278085854615767,0.19118612834342189,-0.26039558035846688,-0.089543918097607519,0.96134074524151236,-0.023604886646599776,0.99598285460013836,0.086376864199631767,-0.96521342254248543,-0.00020018563737605154,-0.26146320748727203,8.9637603244576236e-05,2.1561748542366989e-05
1.1549780368804932,1790953866.039444,0.00059485435485839844,0.085905105783160907,0.034801865284766934,-0.034505159311927894,0.010384709049366262,0.35152676464417792,-0.010925761117484504,0.054602999999999999,0.0050289999999999996,0.191273,-3.1408072554263957,1.3062567720701161,-3.0511496917514473,0.05458093655216871,0.0050278085854615767,0.19118612834342189,-0.26039558035846688,-0.089543918097607519,0.96134074524151236,-0.023604886646599776,0.99598285460013836,0.086376864199631767,-0.96521342254248543,-0.00020018563737605154,-0.26146320748727203,8.9637603244576236e-05,2.1561748542366989e-05
1.1600031852722168,1790953866.0444691,0.00060200691223144531,0.085905105783160907,0.034801865284766934,-0.034505159311927894,0.010384709049366262,0.35152676464417792,-0.010925761117484504,0.054602999999999999,0.0050289999999999996,0.191273,-3.1408072554263957,1.3062567720701161,-3.0511496917514473,0.05458093655216871,0.0050278085854615767,0.19118612834342189,-0.26039558035846688,-0.089543918097607519,0.96134074524151236,-0.023604886646599776,0.99598285460013836,0.086376864199631767,-0.96521342254248543,-0.00020018563737605154,-0.26146320748727203,8.9637603244576236e-05,2.1561748542366989e-05
1.1650040149688721,1790953866.0494699,0.00062704086303710938,0.085905105783160907,0.034801865284766934,-0.034505159311927894,0.010384709049366262,0.35152676464417792,-0.010925761117484504,0.054602999999999999,0.0050289999999999996,0.191273,-3.1408072554263957,1.3062567720701161,-3.0511496917514473,0.05458093655216871,0.0050278085854615767,0.19118612834342189,-0.26039558035846688,-0.089543918097607519,0.96134074524151236,-0.023604886646599776,0.99598285460013836,0.086376864199631767,-0.96521342254248543,-0.00020018563737605154,-0.26146320748727203,8.9637603244576236e-05,2.1561748542366989e-05
1.1700050830841064,1790953866.054471,0.00060200691223144531,0.085905105783160907,0.034801865284766934,-0.034505159311927894,0.010384709049366262,0.35152676464417792,-0.010925761117484504,0.054602999999999999,0.0050289999999999996,0.191273,-3.1408072554263957,1.3062567720701161,-3.0511496917514473,0.05458093655216871,0.0050278085854615767,0.19118612834342189,-0.26039558035846688,-0.089543918097607519,0.96134074524151236,-0.023604886646599776,0.99598285460013836,0.086376864199631767,-0.96521342254248543,-0.00020018563737605154,-0.26146320748727203,8.9637603244576236e-05,2.1561748542366989e-05
1.1749770641326904,1790953866.059443,0.00060105323791503906,0.085905105783160907,0.034801865284766934,-0.034505159311927894,0.010384709049366262,0.35152676464417792,-0.010925761117484504,0.054602999999999999,0.0050289999999999996,0.191273,-3.1408072554263957,1.3062567720701161,-3.0511496917514473,0.05458093655216871,0.0050278085854615767,0.19118612834342189,-0.26039558035846688,-0.089543918097607519,0.96134074524151236,-0.023604886646599776,0.99598285460013836,0.086376864199631767,-0.96521342254248543,-0.00020018563737605154,-0.26146320748727203,8.9637603244576236e-05,2.1561748542366989e-05
1.1800041198730469,1790953866.0644701,0.00060105323791503906,0.085905105783160907,0.034801865284766934,-0.034505159311927894,0.010384709049366262,0.35152676464417792,-0.010925761117484504,0.054602999999999999,0.0050289999999999996,0.191273,-3.1408072554263957,1.3062567720701161,-3.0511496917514473,0.05458093655216871,0.0050278085854615767,0.19118612834342189,-0.26039558035846688,-0.089543918097607519,0.96134074524151236,-0.023604886646599776,0.99598285460013836,0.086376864199631767,-0.96521342254248543,-0.00020018563737605154,-0.26146320748727203,8.9637603244576236e-05,2.1561748542366989e-05
1.1849770545959473,1790953866.069443,0.00057506561279296875,0.085905105783160907,0.034801865284766934,-0.034505159311927894,0.010384709049366262,0.35152676464417792,-0.010925761117484504,0.054602999999999999,0.0050289999999999996,0.191273,-3.1408072554263957,1.3062567720701161,-3.0511496917514473,0.05458093655216871,0.0050278085854615767,0.19118612834342189,-0.26039558035846688,-0.089543918097607519,0.96134074524151236,-0.023604886646599776,0.99598285460013836,0.086376864199631767,-0.96521342254248543,-0.00020018563737605154,-0.26146320748727203,8.9637603244576236e-05,2.1561748542366989e-05
1.1900031566619873,1790953866.0744691,0.00059604644775390625,0.085905105783160907,0.034801865284766934,-0.034505159311927894,0.010384709049366262,0.35152676464417792,-0.010925761117484504,0.054602999999999999,0.0050289999999999996,0.191273,-3.1408072554263957,1.3062567720701161,-3.0511496917514473,0.05458093655216871,0.0050278085854615767,0.19118612834342189,-0.26039558035846688,-0.089543918097607519,0.96134074524151236,-0.023604886646599776,0.99598285460013836,0.086376864199631767,-0.96521342254248543,-0.00020018563737605154,-0.26146320748727203,8.9637603244576236e-05,2.1561748542366989e-05
1.1949779987335205,1790953866.0794439,0.0006008148193359375,0.085905105783160907,0.034801865284766934,-0.034505159311927894,0.010384709049366262,0.35152676464417792,-0.010925761117484504,0.054602999999999999,0.0050289999999999996,0.191273,-3.1408072554263957,1.3062567720701161,-3.0511496917514473,0.05458093655216871,0.0050278085854615767,0.19118612834342189,-0.26039558035846688,-0.089543918097607519,0.96134074524151236,-0.023604886646599776,0.99598285460013836,0.086376864199631767,-0.96521342254248543,-0.00020018563737605154,-0.26146320748727203,8.9637603244576236e-05,2.1561748542366989e-05
1.2000041007995605,1790953866.08447,0.0005970001220703125,0.085905105783160907,0.034801865284766934,-0.034505159311927894,0.010384709049366262,0.35152676464417792,-0.010925761117484504,0.054602999999999999,0.0050289999999999996,0.191273,-3.1408072554263957,1.3062567720701161,-3.0511496917514473,0.05458093655216871,0.0050278085854615767,0.19118612834342189,-0.26039558035846688,-0.089543918097607519,0.96134074524151236,-0.023604886646599776,0.99598285460013836,0.086376864199631767,-0.96521342254248543,-0.00020018563737605154,-0.26146320748727203,8.9637603244576236e-05,2.1561748542366989e-05
1.2049779891967773,1790953866.0894439,0.00060296058654785156,0.085905105783160907,0.034801865284766934,-0.034505159311927894,0.010384709049366262,0.35152676464417792,-0.010925761117484504,0.054602999999999999,0.0050289999999999996,0.191273,-3.1408072554263957,1.3062567720701161,-3.0511496917514473,0.05458093655216871,0.0050278085854615767,0.19118612834342189,-0.26039558035846688,-0.089543918097607519,0.96134074524151236,-0.023604886646599776,0.99598285460013836,0.086376864199631767,-0.96521342254248543,-0.00020018563737605154,-0.26146320748727203,8.9637603244576236e-05,2.1561748542366989e-05
1.2099781036376953,1790953866.094444,0.00057697296142578125,0.085905105783160907,0.034801865284766934,-0.034505159311927894,0.010384709049366262,0.35152676464417792,-0.010925761117484504,0.054602999999999999,0.0050289999999999996,0.191273,-3.1408072554263957,1.3062567720701161,-3.0511496917514473,0.05458093655216871,0.0050278085854615767,0.19118612834342189,-0.26039558035846688,-0.089543918097607519,0.96134074524151236,-0.023604886646599776,0.99598285460013836,0.086376864199631767,-0.96521342254248543,-0.00020018563737605154,-0.26146320748727203,8.9637603244576236e-05,2.1561748542366989e-05
1.2149760723114014,1790953866.099442,0.00055694580078125,0.085905105783160907,0.034801865284766934,-0.034505159311927894,0.010384709049366262,0.35152676464417792,-0.010925761117484504,0.054602999999999999,0.0050289999999999996,0.191273,-3.1408072554263957,1.3062567720701161,-3.0511496917514473,0.05458093655216871,0.0050278085854615767,0.19118612834342189,-0.26039558035846688,-0.089543918097607519,0.96134074524151236,-0.023604886646599776,0.99598285460013836,0.086376864199631767,-0.96521342254248543,-0.00020018563737605154,-0.26146320748727203,8.9637603244576236e-05,2.1561748542366989e-05
1.2199780941009521,1790953866.104444,0.00057697296142578125,0.085905105783160907,0.034801865284766934,-0.034505159311927894,0.010384709049366262,0.35152676464417792,-0.010925761117484504,0.054602999999999999,0.0050289999999999996,0.191273,-3.1408072554263957,1.3062567720701161,-3.0511496917514473,0.05458093655216871,0.0050278085854615767,0.19118612834342189,-0.26039558035846688,-0.089543918097607519,0.96134074524151236,-0.023604886646599776,0.99598285460013836,0.086376864199631767,-0.96521342254248543,-0.00020018563737605154,-0.26146320748727203,8.9637603244576236e-05,2.1561748542366989e-05
1.2249770164489746,1790953866.1094429,0.000576019287109375,0.085905105783160907,0.034801865284766934,-0.034505159311927894,0.010384709049366262,0.35152676464417792,-0.010925761117484504,0.054602999999999999,0.0050289999999999996,0.191273,-3.1408072554263957,1.3062567720701161,-3.0511496917514473,0.05458093655216871,0.0050278085854615767,0.19118612834342189,-0.26039558035846688,-0.089543918097607519,0.96134074524151236,-0.023604886646599776,0.99598285460013836,0.086376864199631767,-0.96521342254248543,-0.00020018563737605154,-0.26146320748727203,8.9637603244576236e-05,2.1561748542366989e-05
1.2300021648406982,1790953866.1144681,0.00060009956359863281,0.085905105783160907,0.034801865284766934,-0.034505159311927894,0.010384709049366262,0.35152676464417792,-0.010925761117484504,0.054602999999999999,0.0050289999999999996,0.191273,-3.1408072554263957,1.3062567720701161,-3.0511496917514473,0.05458093655216871,0.0050278085854615767,0.19118612834342189,-0.26039558035846688,-0.089543918097607519,0.96134074524151236,-0.023604886646599776,0.99598285460013836,0.086376864199631767,-0.96521342254248543,-0.00020018563737605154,-0.26146320748727203,8.9637603244576236e-05,2.1561748542366989e-05
1.2350020408630371,1790953866.119468,0.00062489509582519531,0.085905105783160907,0.034801865284766934,-0.034505159311927894,0.010384709049366262,0.35152676464417792,-0.010925761117484504,0.054602999999999999,0.0050289999999999996,0.191273,-3.1408072554263957,1.3062567720701161,-3.0511496917514473,0.05458093655216871,0.0050278085854615767,0.19118612834342189,-0.26039558035846688,-0.089543918097607519,0.96134074524151236,-0.023604886646599776,0.99598285460013836,0.086376864199631767,-0.96521342254248543,-0.00020018563737605154,-0.26146320748727203,8.9637603244576236e-05,2.1561748542366989e-05
1.2400000095367432,1790953866.1244659,0.00058293342590332031,0.085905105783160907,0.034801865284766934,-0.034505159311927894,0.010384709049366262,0.35152676464417792,-0.010925761117484504,0.054602999999999999,0.0050289999999999996,0.191273,-3.1408072554263957,1.3062567720701161,-3.0511496917514473,0.05458093655216871,0.0050278085854615767,0.19118612834342189,-0.26039558035846688,-0.089543918097607519,0.96134074524151236,-0.023604886646599776,0.99598285460013836,0.086376864199631767,-0.96521342254248543,-0.00020018563737605154,-0.26146320748727203,8.9637603244576236e-05,2.1561748542366989e-05
1.2450020313262939,1790953866.129468,0.00062489509582519531,0.085905105783160907,0.034801865284766934,-0.034505159311927894,0.010384709049366262,0.35152676464417792,-0.010925761117484504,0.054602999999999999,0.0050289999999999996,0.191273,-3.1408072554263957,1.3062567720701161,-3.0511496917514473,0.05458093655216871,0.0050278085854615767,0.19118612834342189,-0.26039558035846688,-0.089543918097607519,0.96134074524151236,-0.023604886646599776,0.99598285460013836,0.086376864199631767,-0.96521342254248543,-0.00020018563737605154,-0.26146320748727203,8.9637603244576236e-05,2.1561748542366989e-05
1.2500021457672119,1790953866.1344681,0.00059914588928222656,0.085905105783160907,0.034801865284766934,-0.034505159311927894,0.010384709049366262,0.35152676464417792,-0.010925761117484504,0.054602999999999999,0.0050289999999999996,0.191273,-3.1408072554263957,1.3062567720701161,-3.0511496917514473,0.05458093655216871,0.0050278085854615767,0.19118612834342189,-0.26039558035846688,-0.089543918097607519,0.96134074524151236,-0.023604886646599776,0.99598285460013836,0.086376864199631767,-0.96521342254248543,-0.00020018563737605154,-0.26146320748727203,8.9637603244576236e-05,2.1561748542366989e-05
1.2549781799316406,1790953866.1394441,0.000576019287109375,0.085905105783160907,0.034801865284766934,-0.034505159311927894,0.010384709049366262,0.35152676464417792,-0.010925761117484504,0.054602999999999999,0.0050289999999999996,0.191273,-3.1408072554263957,1.3062567720701161,-3.0511496917514473,0.05458093655216871,0.0050278085854615767,0.19118612834342189,-0.26039558035846688,-0.089543918097607519,0.96134074524151236,-0.023604886646599776,0.99598285460013836,0.086376864199631767,-0.96521342254248543,-0.00020018563737605154,-0.26146320748727203,8.9637603244576236e-05,2.1561748542366989e-05
1.2600021362304688,1790953866.1444681,0.00060105323791503906,0.085905105783160907,0.034801865284766934,-0.034505159311927894,0.010384709049366262,0.35152676464417792,-0.010925761117484504,0.054602999999999999,0.0050289999999999996,0.191273,-3.1408072554263957,1.3062567720701161,-3.0511496917514473,0.05458093655216871,0.0050278085854615767,0.19118612834342189,-0.26039558035846688,-0.089543918097607519,0.96134074524151236,-0.023604886646599776,0.99598285460013836,0.086376864199631767,-0.96521342254248543,-0.00020018563737605154,-0.26146320748727203,8.9637603244576236e-05,2.1561748542366989e-05
1.2649760246276855,1790953866.149442,0.00059795379638671875,0.085905105783160907,0.034801865284766934,-0.034505159311927894,0.010384709049366262,0.35152676464417792,-0.010925761117484504,0.054602999999999999,0.0050289999999999996,0.191273,-3.1408072554263957,1.3062567720701161,-3.0511496917514473,0.05458093655216871,0.0050278085854615767,0.19118612834342189,-0.26039558035846688,-0.089543918097607519,0.96134074524151236,-0.023604886646599776,0.99598285460013836,0.086376864199631767,-0.96521342254248543,-0.00020018563737605154,-0.26146320748727203,8.9637603244576236e-05,2.1561748542366989e-05
1.2700040340423584,1790953866.15447,0.00060105323791503906,0.085905105783160907,0.034801865284766934,-0.034505159311927894,0.010384709049366262,0.35152676464417792,-0.010925761117484504,0.054602999999999999,0.0050289999999999996,0.191273,-3.1408072554263957,1.3062567720701161,-3.0511496917514473,0.05458093655216871,0.0050278085854615767,0.19118612834342189,-0.26039558035846688,-0.089543918097607519,0.96134074524151236,-0.023604886646599776,0.99598285460013836,0.086376864199631767,-0.96521342254248543,-0.00020018563737605154,-0.26146320748727203,8.9637603244576236e-05,2.1561748542366989e-05
1.2750051021575928,1790953866.159471,0.00062799453735351562,0.085905105783160907,0.034801865284766934,-0.034505159311927894,0.010384709049366262,0.35152676464417792,-0.010925761117484504,0.054602999999999999,0.0050289999999999996,0.191273,-3.1408072554263957,1.3062567720701161,-3.0511496917514473,0.05458093655216871,0.0050278085854615767,0.19118612834342189,-0.26039558035846688,-0.089543918097607519,0.96134074524151236,-0.023604886646599776,0.99598285460013836,0.086376864199631767,-0.96521342254248543,-0.00020018563737605154,-0.26146320748727203,8.9637603244576236e-05,2.1561748542366989e-05
1.280001163482666,1790953866.1644671,0.00059604644775390625,0.085905105783160907,0.034801865284766934,-0.034505159311927894,0.010384709049366262,0.35152676464417792,-0.010925761117484504,0.054602999999999999,0.0050289999999999996,0.191273,-3.1408072554263957,1.3062567720701161,-3.0511496917514473,0.05458093655216871,0.0050278085854615767,0.19118612834342189,-0.26039558035846688,-0.089543918097607519,0.96134074524151236,-0.023604886646599776,0.99598285460013836,0.086376864199631767,-0.96521342254248543,-0.00020018563737605154,-0.26146320748727203,8.9637603244576236e-05,2.1561748542366989e-05
1.2850031852722168,1790953866.1694691,0.00062608718872070312,0.085905105783160907,0.034801865284766934,-0.034505159311927894,0.010384709049366262,0.35152676464417792,-0.010925761117484504,0.054602999999999999,0.0050289999999999996,0.191273,-3.1408072554263957,1.3062567720701161,-3.0511496917514473,0.05458093655216871,0.0050278085854615767,0.19118612834342189,-0.26039558035846688,-0.089543918097607519,0.96134074524151236,-0.023604886646599776,0.99598285460013836,0.086376864199631767,-0.96521342254248543,-0.00020018563737605154,-0.26146320748727203,8.9637603244576236e-05,2.1561748542366989e-05
1.2900030612945557,1790953866.174469,0.00059294700622558594,0.085905105783160907,0.034801865284766934,-0.034505159311927894,0.010384709049366262,0.35152676464417792,-0.010925761117484504,0.054602999999999999,0.0050289999999999996,0.191273,-3.1408072554263957,1.3062567720701161,-3.0511496917514473,0.05458093655216871,0.0050278085854615767,0.19118612834342189,-0.26039558035846688,-0.089543918097607519,0.96134074524151236,-0.023604886646599776,0.99598285460013836,0.086376864199631767,-0.96521342254248543,-0.00020018563737605154,-0.26146320748727203,8.9637603244576236e-05,2.1561748542366989e-05
1.2950019836425781,1790953866.1794679,0.00062489509582519531,0.085905105783160907,0.034801865284766934,-0.034505159311927894,0.010384709049366262,0.35152676464417792,-0.010925761117484504,0.054602999999999999,0.0050289999999999996,0.191273,-3.1408072554263957,1.3062567720701161,-3.0511496917514473,0.05458093655216871,0.0050278085854615767,0.19118612834342189,-0.26039558035846688,-0.089543918097607519,0.96134074524151236,-0.023604886646599776,0.99598285460013836,0.086376864199631767,-0.96521342254248543,-0.00020018563737605154,-0.26146320748727203,8.9637603244576236e-05,2.1561748542366989e-05
1.3000040054321289,1790953866.1844699,0.00058698654174804688,0.085905105783160907,0.034801865284766934,-0.034505159311927894,0.010384709049366262,0.35152676464417792,-0.010925761117484504,0.054602999999999999,0.0050289999999999996,0.191273,-3.1408072554263957,1.3062567720701161,-3.0511496917514473,0.05458093655216871,0.0050278085854615767,0.19118612834342189,-0.26039558035846688,-0.089543918097607519,0.96134074524151236,-0.023604886646599776,0.99598285460013836,0.086376864199631767,-0.96521342254248543,-0.00020018563737605154,-0.26146320748727203,8.9637603244576236e-05,2.1561748542366989e-05
1.305001974105835,1790953866.1894679,0.000621795654296875,0.085905105783160907,0.034801865284766934,-0.034505159311927894,0.010384709049366262,0.35152676464417792,-0.010925761117484504,0.054602999999999999,0.0050289999999999996,0.191273,-3.1408072554263957,1.3062567720701161,-3.0511496917514473,0.05458093655216871,0.0050278085854615767,0.19118612834342189,-0.26039558035846688,-0.089543918097607519,0.96134074524151236,-0.023604886646599776,0.99598285460013836,0.086376864199631767,-0.96521342254248543,-0.00020018563737605154,-0.26146320748727203,8.9637603244576236e-05,2.1561748542366989e-05
1.3100020885467529,1790953866.194468,0.00060200691223144531,0.085905105783160907,0.034801865284766934,-0.034505159311927894,0.010384709049366262,0.35152676464417792,-0.010925761117484504,0.054602999999999999,0.0050289999999999996,0.191273,-3.1408072554263957,1.3062567720701161,-3.0511496917514473,0.05458093655216871,0.0050278085854615767,0.19118612834342189,-0.26039558035846688,-0.089543918097607519,0.96134074524151236,-0.023604886646599776,0.99598285460013836,0.086376864199631767,-0.96521342254248543,-0.00020018563737605154,-0.26146320748727203,8.9637603244576236e-05,2.1561748542366989e-05
1.3149750232696533,1790953866.199441,0.00059795379638671875,0.085905105783160907,0.034801865284766934,-0.034505159311927894,0.010384709049366262,0.35152676464417792,-0.010925761117484504,0.054602999999999999,0.0050289999999999996,0.191273,-3.1408072554263957,1.3062567720701161,-3.0511496917514473,0.05458093655216871,0.0050278085854615767,0.19118612834342189,-0.26039558035846688,-0.089543918097607519,0.96134074524151236,-0.023604886646599776,0.99598285460013836,0.086376864199631767,-0.96521342254248543,-0.00020018563737605154,-0.26146320748727203,8.9637603244576236e-05,2.1561748542366989e-05
1.3200020790100098,1790953866.204468,0.00060009956359863281,0.085905105783160907,0.034801865284766934,-0.034505159311927894,0.010384709049366262,0.35152676464417792,-0.010925761117484504,0.054602999999999999,0.0050289999999999996,0.191273,-3.1408072554263957,1.3062567720701161,-3.0511496917514473,0.05458093655216871,0.0050278085854615767,0.19118612834342189,-0.26039558035846688,-0.089543918097607519,0.96134074524151236,-0.023604886646599776,0.99598285460013836,0.086376864199631767,-0.96521342254248543,-0.00020018563737605154,-0.26146320748727203,8.9637603244576236e-05,2.1561748542366989e-05
1.3250019550323486,1790953866.2094679,0.00062680244445800781,0.085905105783160907,0.034801865284766934,-0.034505159311927894,0.010384709049366262,0.35152676464417792,-0.010925761117484504,0.054602999999999999,0.0050289999999999996,0.191273,-3.1408072554263957,1.3062567720701161,-3.0511496917514473,0.05458093655216871,0.0050278085854615767,0.19118612834342189,-0.26039558035846688,-0.089543918097607519,0.96134074524151236,-0.023604886646599776,0.99598285460013836,0.086376864199631767,-0.96521342254248543,-0.00020018563737605154,-0.26146320748727203,8.9637603244576236e-05,2.1561748542366989e-05
1.3300051689147949,1790953866.2144711,0.00060415267944335938,0.085905105783160907,0.034801865284766934,-0.034505159311927894,0.010384709049366262,0.35152676464417792,-0.010925761117484504,0.054602999999999999,0.0050289999999999996,0.191273,-3.1408072554263957,1.3062567720701161,-3.0511496917514473,0.05458093655216871,0.0050278085854615767,0.19118612834342189,-0.26039558035846688,-0.089543918097607519,0.96134074524151236,-0.023604886646599776,0.99598285460013836,0.086376864199631767,-0.96521342254248543,-0.00020018563737605154,-0.26146320748727203,8.9637603244576236e-05,2.1561748542366989e-05
1.3349781036376953,1790953866.219444,0.00059413909912109375,0.085905105783160907,0.034801865284766934,-0.034505159311927894,0.010384709049366262,0.35152676464417792,-0.010925761117484504,0.054602999999999999,0.0050289999999999996,0.191273,-3.1408072554263957,1.3062567720701161,-3.0511496917514473,0.05458093655216871,0.0050278085854615767,0.19118612834342189,-0.26039558035846688,-0.089543918097607519,0.96134074524151236,-0.023604886646599776,0.99598285460013836,0.086376864199631767,-0.96521342254248543,-0.00020018563737605154,-0.26146320748727203,8.9637603244576236e-05,2.1561748542366989e-05
1.3400020599365234,1790953866.224468,0.00060200691223144531,0.085905105783160907,0.034801865284766934,-0.034505159311927894,0.010384709049366262,0.35152676464417792,-0.010925761117484504,0.054602999999999999,0.0050289999999999996,0.191273,-3.1408072554263957,1.3062567720701161,-3.0511496917514473,0.05458093655216871,0.0050278085854615767,0.19118612834342189,-0.26039558035846688,-0.089543918097607519,0.96134074524151236,-0.023604886646599776,0.99598285460013836,0.086376864199631767,-0.96521342254248543,-0.00020018563737605154,-0.26146320748727203,8.9637603244576236e-05,2.1561748542366989e-05
1.3450021743774414,1790953866.2294681,0.00062704086303710938,0.085905105783160907,0.034801865284766934,-0.034505159311927894,0.010384709049366262,0.35152676464417792,-0.010925761117484504,0.054602999999999999,0.0050289999999999996,0.191273,-3.1408072554263957,1.3062567720701161,-3.0511496917514473,0.05458093655216871,0.0050278085854615767,0.19118612834342189,-0.26039558035846688,-0.089543918097607519,0.96134074524151236,-0.023604886646599776,0.99598285460013836,0.086376864199631767,-0.96521342254248543,-0.00020018563737605154,-0.26146320748727203,8.9637603244576236e-05,2.1561748542366989e-05
1.3500010967254639,1790953866.234467,0.00059294700622558594,0.085905105783160907,0.034801865284766934,-0.034505159311927894,0.010384709049366262,0.35152676464417792,-0.010925761117484504,0.054602999999999999,0.0050289999999999996,0.191273,-3.1408072554263957,1.3062567720701161,-3.0511496917514473,0.05458093655216871,0.0050278085854615767,0.19118612834342189,-0.26039558035846688,-0.089543918097607519,0.96134074524151236,-0.023604886646599776,0.99598285460013836,0.086376864199631767,-0.96521342254248543,-0.00020018563737605154,-0.26146320748727203,8.9637603244576236e-05,2.1561748542366989e-05
1.3549749851226807,1790953866.2394409,0.00059986114501953125,0.085905105783160907,0.034801865284766934,-0.034505159311927894,0.010384709049366262,0.35152676464417792,-0.010925761117484504,0.054602999999999999,0.0050289999999999996,0.191273,-3.1408072554263957,1.3062567720701161,-3.0511496917514473,0.05458093655216871,0.0050278085854615767,0.19118612834342189,-0.26039558035846688,-0.089543918097607519,0.96134074524151236,-0.023604886646599776,0.99598285460013836,0.086376864199631767,-0.96521342254248543,-0.00020018563737605154,-0.26146320748727203,8.9637603244576236e-05,2.1561748542366989e-05
1.3600001335144043,1790953866.2444661,0.00058197975158691406,0.085905105783160907,0.034801865284766934,-0.034505159311927894,0.010384709049366262,0.35152676464417792,-0.010925761117484504,0.054602999999999999,0.0050289999999999996,0.191273,-3.1408072554263957,1.3062567720701161,-3.0511496917514473,0.05458093655216871,0.0050278085854615767,0.19118612834342189,-0.26039558035846688,-0.089543918097607519,0.96134074524151236,-0.023604886646599776,0.99598285460013836,0.086376864199631767,-0.96521342254248543,-0.00020018563737605154,-0.26146320748727203,8.9637603244576236e-05,2.1561748542366989e-05
1.3649771213531494,1790953866.2494431,0.0005741119384765625,0.085905105783160907,0.034801865284766934,-0.034505159311927894,0.010384709049366262,0.35152676464417792,-0.010925761117484504,0.054602999999999999,0.0050289999999999996,0.191273,-3.1408072554263957,1.3062567720701161,-3.0511496917514473,0.05458093655216871,0.0050278085854615767,0.19118612834342189,-0.26039558035846688,-0.089543918097607519,0.96134074524151236,-0.023604886646599776,0.99598285460013836,0.086376864199631767,-0.96521342254248543,-0.00020018563737605154,-0.26146320748727203,8.9637603244576236e-05,2.1561748542366989e-05
1.3700020313262939,1790953866.254468,0.00060200691223144531,0.085905105783160907,0.034801865284766934,-0.034505159311927894,0.010384709049366262,0.35152676464417792,-0.010925761117484504,0.054602999999999999,0.0050289999999999996,0.191273,-3.1408072554263957,1.3062567720701161,-3.0511496917514473,0.05458093655216871,0.0050278085854615767,0.19118612834342189,-0.26039558035846688,-0.089543918097607519,0.96134074524151236,-0.023604886646599776,0.99598285460013836,0.086376864199631767,-0.96521342254248543,-0.00020018563737605154,-0.26146320748727203,8.9637603244576236e-05,2.1561748542366989e-05
1.3749771118164062,1790953866.259443,0.00057697296142578125,0.085905105783160907,0.034801865284766934,-0.034505159311927894,0.010384709049366262,0.35152676464417792,-0.010925761117484504,0.054602999999999999,0.0050289999999999996,0.191273,-3.1408072554263957,1.3062567720701161,-3.0511496917514473,0.05458093655216871,0.0050278085854615767,0.19118612834342189,-0.26039558035846688,-0.089543918097607519,0.96134074524151236,-0.023604886646599776,0.99598285460013836,0.086376864199631767,-0.96521342254248543,-0.00020018563737605154,-0.26146320748727203,8.9637603244576236e-05,2.1561748542366989e-05
1.3800010681152344,1790953866.264467,0.00060009956359863281,0.085905105783160907,0.034801865284766934,-0.034505159311927894,0.010384709049366262,0.35152676464417792,-0.010925761117484504,0.054602999999999999,0.0050289999999999996,0.191273,-3.1408072554263957,1.3062567720701161,-3.0511496917514473,0.05458093655216871,0.0050278085854615767,0.19118612834342189,-0.26039558035846688,-0.089543918097607519,0.96134074524151236,-0.023604886646599776,0.99598285460013836,0.086376864199631767,-0.96521342254248543,-0.00020018563737605154,-0.26146320748727203,8.9637603244576236e-05,2.1561748542366989e-05
1.3850030899047852,1790953866.269469,0.00062704086303710938,0.085905105783160907,0.034801865284766934,-0.034505159311927894,0.010384709049366262,0.35152676464417792,-0.010925761117484504,0.054602999999999999,0.0050289999999999996,0.191273,-3.1408072554263957,1.3062567720701161,-3.0511496917514473,0.05458093655216871,0.0050278085854615767,0.19118612834342189,-0.26039558035846688,-0.089543918097607519,0.96134074524151236,-0.023604886646599776,0.99598285460013836,0.086376864199631767,-0.96521342254248543,-0.00020018563737605154,-0.26146320748727203,8.9637603244576236e-05,2.1561748542366989e-05
1.3900010585784912,1790953866.274467,0.00060105323791503906,0.085905105783160907,0.034801865284766934,-0.034505159311927894,0.010384709049366262,0.35152676464417792,-0.010925761117484504,0.054602999999999999,0.0050289999999999996,0.191273,-3.1408072554263957,1.3062567720701161,-3.0511496917514473,0.05458093655216871,0.0050278085854615767,0.19118612834342189,-0.26039558035846688,-0.089543918097607519,0.96134074524151236,-0.023604886646599776,0.99598285460013836,0.086376864199631767,-0.96521342254248543,-0.00020018563737605154,-0.26146320748727203,8.9637603244576236e-05,2.1561748542366989e-05
1.3949770927429199,1790953866.279443,0.00059604644775390625,0.085905105783160907,0.034801865284766934,-0.034505159311927894,0.010384709049366262,0.35152676464417792,-0.010925761117484504,0.054602999999999999,0.0050289999999999996,0.191273,-3.1408072554263957,1.3062567720701161,-3.0511496917514473,0.05458093655216871,0.0050278085854615767,0.19118612834342189,-0.26039558035846688,-0.089543918097607519,0.96134074524151236,-0.023604886646599776,0.99598285460013836,0.086376864199631767,-0.96521342254248543,-0.00020018563737605154,-0.26146320748727203,8.9637603244576236e-05,2.1561748542366989e-05
1.400001049041748,1790953866.284467,0.0005970001220703125,0.085905105783160907,0.034801865284766934,-0.034505159311927894,0.010384709049366262,0.35152676464417792,-0.010925761117484504,0.054602999999999999,0.0050289999999999996,0.191273,-3.1408072554263957,1.3062567720701161,-3.0511496917514473,0.05458093655216871,0.0050278085854615767,0.19118612834342189,-0.26039558035846688,-0.089543918097607519,0.96134074524151236,-0.023604886646599776,0.99598285460013836,0.086376864199631767,-0.96521342254248543,-0.00020018563737605154,-0.26146320748727203,8.9637603244576236e-05,2.1561748542366989e-05
1.4050040245056152,1790953866.28947,0.00062894821166992188,0.085905105783160907,0.034801865284766934,-0.034505159311927894,0.010384709049366262,0.35152676464417792,-0.010925761117484504,0.054602999999999999,0.0050289999999999996,0.191273,-3.1408072554263957,1.3062567720701161,-3.0511496917514473,0.05458093655216871,0.0050278085854615767,0.19118612834342189,-0.26039558035846688,-0.089543918097607519,0.96134074524151236,-0.023604886646599776,0.99598285460013836,0.086376864199631767,-0.96521342254248543,-0.00020018563737605154,-0.26146320748727203,8.9637603244576236e-05,2.1561748542366989e-05
1.4100010395050049,1790953866.294467,0.00059390068054199219,0.085905105783160907,0.034801865284766934,-0.034505159311927894,0.010384709049366262,0.35152676464417792,-0.010925761117484504,0.054602999999999999,0.0050289999999999996,0.191273,-3.1408072554263957,1.3062567720701161,-3.0511496917514473,0.05458093655216871,0.0050278085854615767,0.19118612834342189,-0.26039558035846688,-0.089543918097607519,0.96134074524151236,-0.023604886646599776,0.99598285460013836,0.086376864199631767,-0.96521342254248543,-0.00020018563737605154,-0.26146320748727203,8.9637603244576236e-05,2.1561748542366989e-05
1.4150011539459229,1790953866.2994671,0.00062298774719238281,0.085905105783160907,0.034801865284766934,-0.034505159311927894,0.010384709049366262,0.35152676464417792,-0.010925761117484504,0.054602999999999999,0.0050289999999999996,0.191273,-3.1408072554263957,1.3062567720701161,-3.0511496917514473,0.05458093655216871,0.0050278085854615767,0.19118612834342189,-0.26039558035846688,-0.089543918097607519,0.96134074524151236,-0.023604886646599776,0.99598285460013836,0.086376864199631767,-0.96521342254248543,-0.00020018563737605154,-0.26146320748727203,8.9637603244576236e-05,2.1561748542366989e-05
1.4200010299682617,1790953866.304467,0.00059604644775390625,0.085905105783160907,0.034801865284766934,-0.034505159311927894,0.010384709049366262,0.35152676464417792,-0.010925761117484504,0.054602999999999999,0.0050289999999999996,0.191273,-3.1408072554263957,1.3062567720701161,-3.0511496917514473,0.05458093655216871,0.0050278085854615767,0.19118612834342189,-0.26039558035846688,-0.089543918097607519,0.96134074524151236,-0.023604886646599776,0.99598285460013836,0.086376864199631767,-0.96521342254248543,-0.00020018563737605154,-0.26146320748727203,8.9637603244576236e-05,2.1561748542366989e-05
1.4250030517578125,1790953866.309469,0.00061702728271484375,0.085905105783160907,0.034801865284766934,-0.034505159311927894,0.010384709049366262,0.35152676464417792,-0.010925761117484504,0.054602999999999999,0.0050289999999999996,0.191273,-3.1408072554263957,1.3062567720701161,-3.0511496917514473,0.05458093655216871,0.0050278085854615767,0.19118612834342189,-0.26039558035846688,-0.089543918097607519,0.96134074524151236,-0.023604886646599776,0.99598285460013836,0.086376864199631767,-0.96521342254248543,-0.00020018563737605154,-0.26146320748727203,8.9637603244576236e-05,2.1561748542366989e-05
1.430001974105835,1790953866.3144679,0.0006008148193359375,0.085905105783160907,0.034801865284766934,-0.034505159311927894,0.010384709049366262,0.35152676464417792,-0.010925761117484504,0.054602999999999999,0.0050289999999999996,0.191273,-3.1408072554263957,1.3062567720701161,-3.0511496917514473,0.05458093655216871,0.0050278085854615767,0.19118612834342189,-0.26039558035846688,-0.089543918097607519,0.96134074524151236,-0.023604886646599776,0.99598285460013836,0.086376864199631767,-0.96521342254248543,-0.00020018563737605154,-0.26146320748727203,8.9637603244576236e-05,2.1561748542366989e-05
1.4350020885467529,1790953866.319468,0.00062704086303710938,0.085905105783160907,0.034801865284766934,-0.034505159311927894,0.010384709049366262,0.35152676464417792,-0.010925761117484504,0.054602999999999999,0.0050289999999999996,0.191273,-3.1408072554263957,1.3062567720701161,-3.0511496917514473,0.05458093655216871,0.0050278085854615767,0.19118612834342189,-0.26039558035846688,-0.089543918097607519,0.96134074524151236,-0.023604886646599776,0.99598285460013836,0.086376864199631767,-0.96521342254248543,-0.00020018563737605154,-0.26146320748727203,8.9637603244576236e-05,2.1561748542366989e-05
1.4400019645690918,1790953866.3244679,0.00060200691223144531,0.085905105783160907,0.034801865284766934,-0.034505159311927894,0.010384709049366262,0.35152676464417792,-0.010925761117484504,0.054602999999999999,0.0050289999999999996,0.191273,-3.1408072554263957,1.3062567720701161,-3.0511496917514473,0.05458093655216871,0.0050278085854615767,0.19118612834342189,-0.26039558035846688,-0.089543918097607519,0.96134074524151236,-0.023604886646599776,0.99598285460013836,0.086376864199631767,-0.96521342254248543,-0.00020018563737605154,-0.26146320748727203,8.9637603244576236e-05,2.1561748542366989e-05
1.4449751377105713,1790953866.3294411,0.00057506561279296875,0.085905105783160907,0.034801865284766934,-0.034505159311927894,0.010384709049366262,0.35152676464417792,-0.010925761117484504,0.054602999999999999,0.0050289999999999996,0.191273,-3.1408072554263957,1.3062567720701161,-3.0511496917514473,0.05458093655216871,0.0050278085854615767,0.19118612834342189,-0.26039558035846688,-0.089543918097607519,0.96134074524151236,-0.023604886646599776,0.99598285460013836,0.086376864199631767,-0.96521342254248543,-0.00020018563737605154,-0.26146320748727203,8.9637603244576236e-05,2.1561748542366989e-05
1.4500110149383545,1790953866.3344769,0.00060987472534179688,0.085905105783160907,0.034801865284766934,-0.034505159311927894,0.010384709049366262,0.35152676464417792,-0.010925761117484504,0.054602999999999999,0.0050289999999999996,0.191273,-3.1408072554263957,1.3062567720701161,-3.0511496917514473,0.05458093655216871,0.0050278085854615767,0.19118612834342189,-0.26039558035846688,-0.089543918097607519,0.96134074524151236,-0.023604886646599776,0.99598285460013836,0.086376864199631767,-0.96521342254248543,-0.00020018563737605154,-0.26146320748727203,8.9637603244576236e-05,2.1561748542366989e-05
1.455003023147583,1790953866.339469,0.00062704086303710938,0.085905105783160907,0.034801865284766934,-0.034505159311927894,0.010384709049366262,0.35152676464417792,-0.010925761117484504,0.054602999999999999,0.0050289999999999996,0.191273,-3.1408072554263957,1.3062567720701161,-3.0511496917514473,0.05458093655216871,0.0050278085854615767,0.19118612834342189,-0.26039558035846688,-0.089543918097607519,0.96134074524151236,-0.023604886646599776,0.99598285460013836,0.086376864199631767,-0.96521342254248543,-0.00020018563737605154,-0.26146320748727203,8.9637603244576236e-05,2.1561748542366989e-05
1.460003137588501,1790953866.3444691,0.00060200691223144531,0.085905105783160907,0.034801865284766934,-0.034505159311927894,0.010384709049366262,0.35152676464417792,-0.010925761117484504,0.054602999999999999,0.0050289999999999996,0.191273,-3.1408072554263957,1.3062567720701161,-3.0511496917514473,0.05458093655216871,0.0050278085854615767,0.19118612834342189,-0.26039558035846688,-0.089543918097607519,0.96134074524151236,-0.023604886646599776,0.99598285460013836,0.086376864199631767,-0.96521342254248543,-0.00020018563737605154,-0.26146320748727203,8.9637603244576236e-05,2.1561748542366989e-05
1.4650020599365234,1790953866.349468,0.00062203407287597656,0.085905105783160907,0.034801865284766934,-0.034505159311927894,0.010384709049366262,0.35152676464417792,-0.010925761117484504,0.054602999999999999,0.0050289999999999996,0.191273,-3.1408072554263957,1.3062567720701161,-3.0511496917514473,0.05458093655216871,0.0050278085854615767,0.19118612834342189,-0.26039558035846688,-0.089543918097607519,0.96134074524151236,-0.023604886646599776,0.99598285460013836,0.086376864199631767,-0.96521342254248543,-0.00020018563737605154,-0.26146320748727203,8.9637603244576236e-05,2.1561748542366989e-05
1.4700031280517578,1790953866.3544691,0.00058698654174804688,0.085905105783160907,0.034801865284766934,-0.034505159311927894,0.010384709049366262,0.35152676464417792,-0.010925761117484504,0.054602999999999999,0.0050289999999999996,0.191273,-3.1408072554263957,1.3062567720701161,-3.0511496917514473,0.05458093655216871,0.0050278085854615767,0.19118612834342189,-0.26039558035846688,-0.089543918097607519,0.96134074524151236,-0.023604886646599776,0.99598285460013836,0.086376864199631767,-0.96521342254248543,-0.00020018563737605154,-0.26146320748727203,8.9637603244576236e-05,2.1561748542366989e-05
1.475006103515625,1790953866.359472,0.00063014030456542969,0.085905105783160907,0.034801865284766934,-0.034505159311927894,0.010384709049366262,0.35152676464417792,-0.010925761117484504,0.054602999999999999,0.0050289999999999996,0.191273,-3.1408072554263957,1.3062567720701161,-3.0511496917514473,0.05458093655216871,0.0050278085854615767,0.19118612834342189,-0.26039558035846688,-0.089543918097607519,0.96134074524151236,-0.023604886646599776,0.99598285460013836,0.086376864199631767,-0.96521342254248543,-0.00020018563737605154,-0.26146320748727203,8.9637603244576236e-05,2.1561748542366989e-05
1.4800040721893311,1790953866.36447,0.00060105323791503906,0.085905105783160907,0.034801865284766934,-0.034505159311927894,0.010384709049366262,0.35152676464417792,-0.010925761117484504,0.054602999999999999,0.0050289999999999996,0.191273,-3.1408072554263957,1.3062567720701161,-3.0511496917514473,0.05458093655216871,0.0050278085854615767,0.19118612834342189,-0.26039558035846688,-0.089543918097607519,0.96134074524151236,-0.023604886646599776,0.99598285460013836,0.086376864199631767,-0.96521342254248543,-0.00020018563737605154,-0.26146320748727203,8.9637603244576236e-05,2.1561748542366989e-05
1.4849810600280762,1790953866.369447,0.00057196617126464844,0.085905105783160907,0.034801865284766934,-0.034505159311927894,0.010384709049366262,0.35152676464417792,-0.010925761117484504,0.054602999999999999,0.0050289999999999996,0.191273,-3.1408072554263957,1.3062567720701161,-3.0511496917514473,0.05458093655216871,0.0050278085854615767,0.19118612834342189,-0.26039558035846688,-0.089543918097607519,0.96134074524151236,-0.023604886646599776,0.99598285460013836,0.086376864199631767,-0.96521342254248543,-0.00020018563737605154,-0.26146320748727203,8.9637603244576236e-05,2.1561748542366989e-05
1.4900040626525879,1790953866.37447,0.00060200691223144531,0.085905105783160907,0.034801865284766934,-0.034505159311927894,0.010384709049366262,0.35152676464417792,-0.010925761117484504,0.054602999999999999,0.0050289999999999996,0.191273,-3.1408072554263957,1.3062567720701161,-3.0511496917514473,0.05458093655216871,0.0050278085854615767,0.19118612834342189,-0.26039558035846688,-0.089543918097607519,0.96134074524151236,-0.023604886646599776,0.99598285460013836,0.086376864199631767,-0.96521342254248543,-0.00020018563737605154,-0.26146320748727203,8.9637603244576236e-05,2.1561748542366989e-05
1.4949760437011719,1790953866.379442,0.00057506561279296875,0.085905105783160907,0.034801865284766934,-0.034505159311927894,0.010384709049366262,0.35152676464417792,-0.010925761117484504,0.054602999999999999,0.0050289999999999996,0.191273,-3.1408072554263957,1.3062567720701161,-3.0511496917514473,0.05458093655216871,0.0050278085854615767,0.19118612834342189,-0.26039558035846688,-0.089543918097607519,0.96134074524151236,-0.023604886646599776,0.99598285460013836,0.086376864199631767,-0.96521342254248543,-0.00020018563737605154,-0.26146320748727203,8.9637603244576236e-05,2.1561748542366989e-05
1.5000021457672119,1790953866.3844681,0.00060009956359863281,0.085905105783160907,0.034801865284766934,-0.034505159311927894,0.010384709049366262,0.35152676464417792,-0.010925761117484504,0.054602999999999999,0.0050289999999999996,0.191273,-3.1408072554263957,1.3062567720701161,-3.0511496917514473,0.05458093655216871,0.0050278085854615767,0.19118612834342189,-0.26039558035846688,-0.089543918097607519,0.96134074524151236,-0.023604886646599776,0.99598285460013836,0.086376864199631767,-0.96521342254248543,-0.00020018563737605154,-0.26146320748727203,8.9637603244576236e-05,2.1561748542366989e-05
1.5050041675567627,1790953866.3894701,0.00062513351440429688,0.085905105783160907,0.034801865284766934,-0.034505159311927894,0.010384709049366262,0.35152676464417792,-0.010925761117484504,0.054602999999999999,0.0050289999999999996,0.191273,-3.1408072554263957,1.3062567720701161,-3.0511496917514473,0.05458093655216871,0.0050278085854615767,0.19118612834342189,-0.26039558035846688,-0.089543918097607519,0.96134074524151236,-0.023604886646599776,0.99598285460013836,0.086376864199631767,-0.96521342254248543,-0.00020018563737605154,-0.26146320748727203,8.9637603244576236e-05,2.1561748542366989e-05
1.510004997253418,1790953866.3944709,0.00058984756469726562,0.085905105783160907,0.034801865284766934,-0.034505159311927894,0.010384709049366262,0.35152676464417792,-0.010925761117484504,0.054602999999999999,0.0050289999999999996,0.191273,-3.1408072554263957,1.3062567720701161,-3.0511496917514473,0.05458093655216871,0.0050278085854615767,0.19118612834342189,-0.26039558035846688,-0.089543918097607519,0.96134074524151236,-0.023604886646599776,0.99598285460013836,0.086376864199631767,-0.96521342254248543,-0.00020018563737605154,-0.26146320748727203,8.9637603244576236e-05,2.1561748542366989e-05
1.514976978302002,1790953866.3994429,0.00059795379638671875,0.085905105783160907,0.034801865284766934,-0.034505159311927894,0.010384709049366262,0.35152676464417792,-0.010925761117484504,0.054602999999999999,0.0050289999999999996,0.191273,-3.1408072554263957,1.3062567720701161,-3.0511496917514473,0.05458093655216871,0.0050278085854615767,0.19118612834342189,-0.26039558035846688,-0.089543918097607519,0.96134074524151236,-0.023604886646599776,0.99598285460013836,0.086376864199631767,-0.96521342254248543,-0.00020018563737605154,-0.26146320748727203,8.9637603244576236e-05,2.1561748542366989e-05
1.5200011730194092,1790953866.4044671,0.00059413909912109375,0.085905105783160907,0.034801865284766934,-0.034505159311927894,0.010384709049366262,0.35152676464417792,-0.010925761117484504,0.054602999999999999,0.0050289999999999996,0.191273,-3.1408072554263957,1.3062567720701161,-3.0511496917514473,0.05458093655216871,0.0050278085854615767,0.19118612834342189,-0.26039558035846688,-0.089543918097607519,0.96134074524151236,-0.023604886646599776,0.99598285460013836,0.086376864199631767,-0.96521342254248543,-0.00020018563737605154,-0.26146320748727203,8.9637603244576236e-05,2.1561748542366989e-05
1.5250029563903809,1790953866.4094689,0.00062394142150878906,0.085905105783160907,0.034801865284766934,-0.034505159311927894,0.010384709049366262,0.35152676464417792,-0.010925761117484504,0.054602999999999999,0.0050289999999999996,0.191273,-3.1408072554263957,1.3062567720701161,-3.0511496917514473,0.05458093655216871,0.0050278085854615767,0.19118612834342189,-0.26039558035846688,-0.089543918097607519,0.96134074524151236,-0.023604886646599776,0.99598285460013836,0.086376864199631767,-0.96521342254248543,-0.00020018563737605154,-0.26146320748727203,8.9637603244576236e-05,2.1561748542366989e-05
1.5300030708312988,1790953866.414469,0.00058889389038085938,0.085905105783160907,0.034801865284766934,-0.034505159311927894,0.010384709049366262,0.35152676464417792,-0.010925761117484504,0.054602999999999999,0.0050289999999999996,0.191273,-3.1408072554263957,1.3062567720701161,-3.0511496917514473,0.05458093655216871,0.0050278085854615767,0.19118612834342189,-0.26039558035846688,-0.089543918097607519,0.96134074524151236,-0.023604886646599776,0.99598285460013836,0.086376864199631767,-0.96521342254248543,-0.00020018563737605154,-0.26146320748727203,8.9637603244576236e-05,2.1561748542366989e-05
1.5349750518798828,1790953866.419441,0.00057005882263183594,0.085905105783160907,0.034801865284766934,-0.034505159311927894,0.010384709049366262,0.35152676464417792,-0.010925761117484504,0.054602999999999999,0.0050289999999999996,0.191273,-3.1408072554263957,1.3062567720701161,-3.0511496917514473,0.05458093655216871,0.0050278085854615767,0.19118612834342189,-0.26039558035846688,-0.089543918097607519,0.96134074524151236,-0.023604886646599776,0.99598285460013836,0.086376864199631767,-0.96521342254248543,-0.00020018563737605154,-0.26146320748727203,8.9637603244576236e-05,2.1561748542366989e-05
1.5400030612945557,1790953866.424469,0.00060200691223144531,0.085905105783160907,0.034801865284766934,-0.034505159311927894,0.010384709049366262,0.35152676464417792,-0.010925761117484504,0.054602999999999999,0.0050289999999999996,0.191273,-3.1408072554263957,1.3062567720701161,-3.0511496917514473,0.05458093655216871,0.0050278085854615767,0.19118612834342189,-0.26039558035846688,-0.089543918097607519,0.96134074524151236,-0.023604886646599776,0.99598285460013836,0.086376864199631767,-0.96521342254248543,-0.00020018563737605154,-0.26146320748727203,8.9637603244576236e-05,2.1561748542366989e-05
1.5450000762939453,1790953866.429466,0.0005970001220703125,0.085905105783160907,0.034801865284766934,-0.034505159311927894,0.010384709049366262,0.35152676464417792,-0.010925761117484504,0.054602999999999999,0.0050289999999999996,0.191273,-3.1408072554263957,1.3062567720701161,-3.0511496917514473,0.05458093655216871,0.0050278085854615767,0.19118612834342189,-0.26039558035846688,-0.089543918097607519,0.96134074524151236,-0.023604886646599776,0.99598285460013836,0.086376864199631767,-0.96521342254248543,-0.00020018563737605154,-0.26146320748727203,8.9637603244576236e-05,2.1561748542366989e-05
1.5499999523162842,1790953866.4344659,0.0005970001220703125,0.085905105783160907,0.034801865284766934,-0.034505159311927894,0.010384709049366262,0.35152676464417792,-0.010925761117484504,0.054602999999999999,0.0050289999999999996,0.191273,-3.1408072554263957,1.3062567720701161,-3.0511496917514473,0.05458093655216871,0.0050278085854615767,0.19118612834342189,-0.26039558035846688,-0.089543918097607519,0.96134074524151236,-0.023604886646599776,0.99598285460013836,0.086376864199631767,-0.96521342254248543,-0.00020018563737605154,-0.26146320748727203,8.9637603244576236e-05,2.1561748542366989e-05
1.5549869537353516,1790953866.4394529,0.00060987472534179688,0.085905105783160907,0.034801865284766934,-0.034505159311927894,0.010384709049366262,0.35152676464417792,-0.010925761117484504,0.054602999999999999,0.0050289999999999996,0.191273,-3.1408072554263957,1.3062567720701161,-3.0511496917514473,0.05458093655216871,0.0050278085854615767,0.19118612834342189,-0.26039558035846688,-0.089543918097607519,0.96134074524151236,-0.023604886646599776,0.99598285460013836,0.086376864199631767,-0.96521342254248543,-0.00020018563737605154,-0.26146320748727203,8.9637603244576236e-05,2.1561748542366989e-05
1.5600020885467529,1790953866.444468,0.00057911872863769531,0.085905105783160907,0.034801865284766934,-0.034505159311927894,0.010384709049366262,0.35152676464417792,-0.010925761117484504,0.054602999999999999,0.0050289999999999996,0.191273,-3.1408072554263957,1.3062567720701161,-3.0511496917514473,0.05458093655216871,0.0050278085854615767,0.19118612834342189,-0.26039558035846688,-0.089543918097607519,0.96134074524151236,-0.023604886646599776,0.99598285460013836,0.086376864199631767,-0.96521342254248543,-0.00020018563737605154,-0.26146320748727203,8.9637603244576236e-05,2.1561748542366989e-05
1.565000057220459,1790953866.449466,0.00057697296142578125,0.085905105783160907,0.034801865284766934,-0.034505159311927894,0.010384709049366262,0.35152676464417792,-0.010925761117484504,0.054602999999999999,0.0050289999999999996,0.191273,-3.1408072554263957,1.3062567720701161,-3.0511496917514473,0.05458093655216871,0.0050278085854615767,0.19118612834342189,-0.26039558035846688,-0.089543918097607519,0.96134074524151236,-0.023604886646599776,0.99598285460013836,0.086376864199631767,-0.96521342254248543,-0.00020018563737605154,-0.26146320748727203,8.9637603244576236e-05,2.1561748542366989e-05
1.5700011253356934,1790953866.4544671,0.00058794021606445312,0.085905105783160907,0.034801865284766934,-0.034505159311927894,0.010384709049366262,0.35152676464417792,-0.010925761117484504,0.054602999999999999,0.0050289999999999996,0.191273,-3.1408072554263957,1.3062567720701161,-3.0511496917514473,0.05458093655216871,0.0050278085854615767,0.19118612834342189,-0.26039558035846688,-0.089543918097607519,0.96134074524151236,-0.023604886646599776,0.99598285460013836,0.086376864199631767,-0.96521342254248543,-0.00020018563737605154,-0.26146320748727203,8.9637603244576236e-05,2.1561748542366989e-05
1.5749750137329102,1790953866.4594409,0.00056195259094238281,0.085905105783160907,0.034801865284766934,-0.034505159311927894,0.010384709049366262,0.35152676464417792,-0.010925761117484504,0.054602999999999999,0.0050289999999999996,0.191273,-3.1408072554263957,1.3062567720701161,-3.0511496917514473,0.05458093655216871,0.0050278085854615767,0.19118612834342189,-0.26039558035846688,-0.089543918097607519,0.96134074524151236,-0.023604886646599776,0.99598285460013836,0.086376864199631767,-0.96521342254248543,-0.00020018563737605154,-0.26146320748727203,8.9637603244576236e-05,2.1561748542366989e-05
1.580003023147583,1790953866.464469,0.00059103965759277344,0.085905105783160907,0.034801865284766934,-0.034505159311927894,0.010384709049366262,0.35152676464417792,-0.010925761117484504,0.054602999999999999,0.0050289999999999996,0.191273,-3.1408072554263957,1.3062567720701161,-3.0511496917514473,0.05458093655216871,0.0050278085854615767,0.19118612834342189,-0.26039558035846688,-0.089543918097607519,0.96134074524151236,-0.023604886646599776,0.99598285460013836,0.086376864199631767,-0.96521342254248543,-0.00020018563737605154,-0.26146320748727203,8.9637603244576236e-05,2.1561748542366989e-05
1.5849771499633789,1790953866.4694431,0.00057101249694824219,0.085905105783160907,0.034801865284766934,-0.034505159311927894,0.010384709049366262,0.35152676464417792,-0.010925761117484504,0.054602999999999999,0.0050289999999999996,0.191273,-3.1408072554263957,1.3062567720701161,-3.0511496917514473,0.05458093655216871,0.0050278085854615767,0.19118612834342189,-0.26039558035846688,-0.089543918097607519,0.96134074524151236,-0.023604886646599776,0.99598285460013836,0.086376864199631767,-0.96521342254248543,-0.00020018563737605154,-0.26146320748727203,8.9637603244576236e-05,2.1561748542366989e-05
1.5900001525878906,1790953866.4744661,0.00057315826416015625,0.085905105783160907,0.034801865284766934,-0.034505159311927894,0.010384709049366262,0.35152676464417792,-0.010925761117484504,0.054602999999999999,0.0050289999999999996,0.191273,-3.1408072554263957,1.3062567720701161,-3.0511496917514473,0.05458093655216871,0.0050278085854615767,0.19118612834342189,-0.26039558035846688,-0.089543918097607519,0.96134074524151236,-0.023604886646599776,0.99598285460013836,0.086376864199631767,-0.96521342254248543,-0.00020018563737605154,-0.26146320748727203,8.9637603244576236e-05,2.1561748542366989e-05
1.5950000286102295,1790953866.479466,0.00057101249694824219,0.085905105783160907,0.034801865284766934,-0.034505159311927894,0.010384709049366262,0.35152676464417792,-0.010925761117484504,0.054602999999999999,0.0050289999999999996,0.191273,-3.1408072554263957,1.3062567720701161,-3.0511496917514473,0.05458093655216871,0.0050278085854615767,0.19118612834342189,-0.26039558035846688,-0.089543918097607519,0.96134074524151236,-0.023604886646599776,0.99598285460013836,0.086376864199631767,-0.96521342254248543,-0.00020018563737605154,-0.26146320748727203,8.9637603244576236e-05,2.1561748542366989e-05
1.6000010967254639,1790953866.484467,0.0005970001220703125,0.085905105783160907,0.034801865284766934,-0.034505159311927894,0.010384709049366262,0.35152676464417792,-0.010925761117484504,0.054602999999999999,0.0050289999999999996,0.191273,-3.1408072554263957,1.3062567720701161,-3.0511496917514473,0.05458093655216871,0.0050278085854615767,0.19118612834342189,-0.26039558035846688,-0.089543918097607519,0.96134074524151236,-0.023604886646599776,0.99598285460013836,0.086376864199631767,-0.96521342254248543,-0.00020018563737605154,-0.26146320748727203,8.9637603244576236e-05,2.1561748542366989e-05
1.6050009727478027,1790953866.4894669,0.000621795654296875,0.085905105783160907,0.034801865284766934,-0.034505159311927894,0.010384709049366262,0.35152676464417792,-0.010925761117484504,0.054602999999999999,0.0050289999999999996,0.191273,-3.1408072554263957,1.3062567720701161,-3.0511496917514473,0.05458093655216871,0.0050278085854615767,0.19118612834342189,-0.26039558035846688,-0.089543918097607519,0.96134074524151236,-0.023604886646599776,0.99598285460013836,0.086376864199631767,-0.96521342254248543,-0.00020018563737605154,-0.26146320748727203,8.9637603244576236e-05,2.1561748542366989e-05
1.6100001335144043,1790953866.4944661,0.00058317184448242188,0.085905105783160907,0.034801865284766934,-0.034505159311927894,0.010384709049366262,0.35152676464417792,-0.010925761117484504,0.054602999999999999,0.0050289999999999996,0.191273,-3.1408072554263957,1.3062567720701161,-3.0511496917514473,0.05458093655216871,0.0050278085854615767,0.19118612834342189,-0.26039558035846688,-0.089543918097607519,0.96134074524151236,-0.023604886646599776,0.99598285460013836,0.086376864199631767,-0.96521342254248543,-0.00020018563737605154,-0.26146320748727203,8.9637603244576236e-05,2.1561748542366989e-05
1.6150031089782715,1790953866.499469,0.00062513351440429688,0.085905105783160907,0.034801865284766934,-0.034505159311927894,0.010384709049366262,0.35152676464417792,-0.010925761117484504,0.054602999999999999,0.0050289999999999996,0.191273,-3.1408072554263957,1.3062567720701161,-3.0511496917514473,0.05458093655216871,0.0050278085854615767,0.19118612834342189,-0.26039558035846688,-0.089543918097607519,0.96134074524151236,-0.023604886646599776,0.99598285460013836,0.086376864199631767,-0.96521342254248543,-0.00020018563737605154,-0.26146320748727203,8.9637603244576236e-05,2.1561748542366989e-05
1.6200029850006104,1790953866.5044689,0.00059390068054199219,0.085905105783160907,0.034801865284766934,-0.034505159311927894,0.010384709049366262,0.35152676464417792,-0.010925761117484504,0.054602999999999999,0.0050289999999999996,0.191273,-3.1408072554263957,1.3062567720701161,-3.0511496917514473,0.05458093655216871,0.0050278085854615767,0.19118612834342189,-0.26039558035846688,-0.089543918097607519,0.96134074524151236,-0.023604886646599776,0.99598285460013836,0.086376864199631767,-0.96521342254248543,-0.00020018563737605154,-0.26146320748727203,8.9637603244576236e-05,2.1561748542366989e-05
1.6250021457672119,1790953866.5094681,0.00059103965759277344,0.085905105783160907,0.034801865284766934,-0.034505159311927894,0.010384709049366262,0.35152676464417792,-0.010925761117484504,0.054602999999999999,0.0050289999999999996,0.191273,-3.1408072554263957,1.3062567720701161,-3.0511496917514473,0.05458093655216871,0.0050278085854615767,0.19118612834342189,-0.26039558035846688,-0.089543918097607519,0.96134074524151236,-0.023604886646599776,0.99598285460013836,0.086376864199631767,-0.96521342254248543,-0.00020018563737605154,-0.26146320748727203,8.9637603244576236e-05,2.1561748542366989e-05
1.6300010681152344,1790953866.514467,0.00059294700622558594,0.085905105783160907,0.034801865284766934,-0.034505159311927894,0.010384709049366262,0.35152676464417792,-0.010925761117484504,0.054602999999999999,0.0050289999999999996,0.191273,-3.1408072554263957,1.3062567720701161,-3.0511496917514473,0.05458093655216871,0.0050278085854615767,0.19118612834342189,-0.26039558035846688,-0.089543918097607519,0.96134074524151236,-0.023604886646599776,0.99598285460013836,0.086376864199631767,-0.96521342254248543,-0.00020018563737605154,-0.26146320748727203,8.9637603244576236e-05,2.1561748542366989e-05
1.6350040435791016,1790953866.51947,0.00062298774719238281,0.085905105783160907,0.034801865284766934,-0.034505159311927894,0.010384709049366262,0.35152676464417792,-0.010925761117484504,0.054602999999999999,0.0050289999999999996,0.191273,-3.1408072554263957,1.3062567720701161,-3.0511496917514473,0.05458093655216871,0.0050278085854615767,0.19118612834342189,-0.26039558035846688,-0.089543918097607519,0.96134074524151236,-0.023604886646599776,0.99598285460013836,0.086376864199631767,-0.96521342254248543,-0.00020018563737605154,-0.26146320748727203,8.9637603244576236e-05,2.1561748542366989e-05
1.640002965927124,1790953866.5244689,0.00059294700622558594,0.085905105783160907,0.034801865284766934,-0.034505159311927894,0.010384709049366262,0.35152676464417792,-0.010925761117484504,0.054602999999999999,0.0050289999999999996,0.191273,-3.1408072554263957,1.3062567720701161,-3.0511496917514473,0.05458093655216871,0.0050278085854615767,0.19118612834342189,-0.26039558035846688,-0.089543918097607519,0.96134074524151236,-0.023604886646599776,0.99598285460013836,0.086376864199631767,-0.96521342254248543,-0.00020018563737605154,-0.26146320748727203,8.9637603244576236e-05,2.1561748542366989e-05
1.6450061798095703,1790953866.5294721,0.00063014030456542969,0.085905105783160907,0.034801865284766934,-0.034505159311927894,0.010384709049366262,0.35152676464417792,-0.010925761117484504,0.054602999999999999,0.0050289999999999996,0.191273,-3.1408072554263957,1.3062567720701161,-3.0511496917514473,0.05458093655216871,0.0050278085854615767,0.19118612834342189,-0.26039558035846688,-0.089543918097607519,0.96134074524151236,-0.023604886646599776,0.99598285460013836,0.086376864199631767,-0.96521342254248543,-0.00020018563737605154,-0.26146320748727203,8.9637603244576236e-05,2.1561748542366989e-05
1.6500029563903809,1790953866.5344689,0.00057888031005859375,0.085905105783160907,0.034801865284766934,-0.034505159311927894,0.010384709049366262,0.35152676464417792,-0.010925761117484504,0.054602999999999999,0.0050289999999999996,0.191273,-3.1408072554263957,1.3062567720701161,-3.0511496917514473,0.05458093655216871,0.0050278085854615767,0.19118612834342189,-0.26039558035846688,-0.089543918097607519,0.96134074524151236,-0.023604886646599776,0.99598285460013836,0.086376864199631767,-0.96521342254248543,-0.00020018563737605154,-0.26146320748727203,8.9637603244576236e-05,2.1561748542366989e-05
1.6549761295318604,1790953866.5394421,0.00057101249694824219,0.085905105783160907,0.034801865284766934,-0.034505159311927894,0.010384709049366262,0.35152676464417792,-0.010925761117484504,0.054602999999999999,0.0050289999999999996,0.191273,-3.1408072554263957,1.3062567720701161,-3.0511496917514473,0.05458093655216871,0.0050278085854615767,0.19118612834342189,-0.26039558035846688,-0.089543918097607519,0.96134074524151236,-0.023604886646599776,0.99598285460013836,0.086376864199631767,-0.96521342254248543,-0.00020018563737605154,-0.26146320748727203,8.9637603244576236e-05,2.1561748542366989e-05
1.6600031852722168,1790953866.5444691,0.00060009956359863281,0.085905105783160907,0.034801865284766934,-0.034505159311927894,0.010384709049366262,0.35152676464417792,-0.010925761117484504,0.054602999999999999,0.0050289999999999996,0.191273,-3.1408072554263957,1.3062567720701161,-3.0511496917514473,0.05458093655216871,0.0050278085854615767,0.19118612834342189,-0.26039558035846688,-0.089543918097607519,0.96134074524151236,-0.023604886646599776,0.99598285460013836,0.086376864199631767,-0.96521342254248543,-0.00020018563737605154,-0.26146320748727203,8.9637603244576236e-05,2.1561748542366989e-05
1.6650040149688721,1790953866.5494699,0.00058794021606445312,0.085905105783160907,0.034801865284766934,-0.034505159311927894,0.010384709049366262,0.35152676464417792,-0.010925761117484504,0.054602999999999999,0.0050289999999999996,0.191273,-3.1408072554263957,1.3062567720701161,-3.0511496917514473,0.05458093655216871,0.0050278085854615767,0.19118612834342189,-0.26039558035846688,-0.089543918097607519,0.96134074524151236,-0.023604886646599776,0.99598285460013836,0.086376864199631767,-0.96521342254248543,-0.00020018563737605154,-0.26146320748727203,8.9637603244576236e-05,2.1561748542366989e-05
1.6700031757354736,1790953866.5544691,0.00060105323791503906,0.085905105783160907,0.034801865284766934,-0.034505159311927894,0.010384709049366262,0.35152676464417792,-0.010925761117484504,0.054602999999999999,0.0050289999999999996,0.191273,-3.1408072554263957,1.3062567720701161,-3.0511496917514473,0.05458093655216871,0.0050278085854615767,0.19118612834342189,-0.26039558035846688,-0.089543918097607519,0.96134074524151236,-0.023604886646599776,0.99598285460013836,0.086376864199631767,-0.96521342254248543,-0.00020018563737605154,-0.26146320748727203,8.9637603244576236e-05,2.1561748542366989e-05
1.6749780178070068,1790953866.559444,0.00056004524230957031,0.085905105783160907,0.034801865284766934,-0.034505159311927894,0.010384709049366262,0.35152676464417792,-0.010925761117484504,0.054602999999999999,0.0050289999999999996,0.191273,-3.1408072554263957,1.3062567720701161,-3.0511496917514473,0.05458093655216871,0.0050278085854615767,0.19118612834342189,-0.26039558035846688,-0.089543918097607519,0.96134074524151236,-0.023604886646599776,0.99598285460013836,0.086376864199631767,-0.96521342254248543,-0.00020018563737605154,-0.26146320748727203,8.9637603244576236e-05,2.1561748542366989e-05
1.6800010204315186,1790953866.564467,0.00059795379638671875,0.085905105783160907,0.034801865284766934,-0.034505159311927894,0.010384709049366262,0.35152676464417792,-0.010925761117484504,0.054602999999999999,0.0050289999999999996,0.191273,-3.1408072554263957,1.3062567720701161,-3.0511496917514473,0.05458093655216871,0.0050278085854615767,0.19118612834342189,-0.26039558035846688,-0.089543918097607519,0.96134074524151236,-0.023604886646599776,0.99598285460013836,0.086376864199631767,-0.96521342254248543,-0.00020018563737605154,-0.26146320748727203,8.9637603244576236e-05,2.1561748542366989e-05
1.6850039958953857,1790953866.5694699,0.00062489509582519531,0.085905105783160907,0.034801865284766934,-0.034505159311927894,0.010384709049366262,0.35152676464417792,-0.010925761117484504,0.054602999999999999,0.0050289999999999996,0.191273,-3.1408072554263957,1.3062567720701161,-3.0511496917514473,0.05458093655216871,0.0050278085854615767,0.19118612834342189,-0.26039558035846688,-0.089543918097607519,0.96134074524151236,-0.023604886646599776,0.99598285460013836,0.086376864199631767,-0.96521342254248543,-0.00020018563737605154,-0.26146320748727203,8.9637603244576236e-05,2.1561748542366989e-05
1.6900031566619873,1790953866.5744691,0.00060105323791503906,0.085905105783160907,0.034801865284766934,-0.034505159311927894,0.010384709049366262,0.35152676464417792,-0.010925761117484504,0.054602999999999999,0.0050289999999999996,0.191273,-3.1408072554263957,1.3062567720701161,-3.0511496917514473,0.05458093655216871,0.0050278085854615767,0.19118612834342189,-0.26039558035846688,-0.089543918097607519,0.96134074524151236,-0.023604886646599776,0.99598285460013836,0.086376864199631767,-0.96521342254248543,-0.00020018563737605154,-0.26146320748727203,8.9637603244576236e-05,2.1561748542366989e-05
1.6950020790100098,1790953866.579468,0.00062704086303710938,0.085905105783160907,0.034801865284766934,-0.034505159311927894,0.010384709049366262,0.35152676464417792,-0.010925761117484504,0.054602999999999999,0.0050289999999999996,0.191273,-3.1408072554263957,1.3062567720701161,-3.0511496917514473,0.05458093655216871,0.0050278085854615767,0.19118612834342189,-0.26039558035846688,-0.089543918097607519,0.96134074524151236,-0.023604886646599776,0.99598285460013836,0.086376864199631767,-0.96521342254248543,-0.00020018563737605154,-0.26146320748727203,8.9637603244576236e-05,2.1561748542366989e-05
1.7000019550323486,1790953866.5844679,0.00059199333190917969,0.085905105783160907,0.034801865284766934,-0.034505159311927894,0.010384709049366262,0.35152676464417792,-0.010925761117484504,0.054602999999999999,0.0050289999999999996,0.191273,-3.1408072554263957,1.3062567720701161,-3.0511496917514473,0.05458093655216871,0.0050278085854615767,0.19118612834342189,-0.26039558035846688,-0.089543918097607519,0.96134074524151236,-0.023604886646599776,0.99598285460013836,0.086376864199631767,-0.96521342254248543,-0.00020018563737605154,-0.26146320748727203,8.9637603244576236e-05,2.1561748542366989e-05
1.7050011157989502,1790953866.589467,0.00062394142150878906,0.085905105783160907,0.034801865284766934,-0.034505159311927894,0.010384709049366262,0.35152676464417792,-0.010925761117484504,0.054602999999999999,0.0050289999999999996,0.191273,-3.1408072554263957,1.3062567720701161,-3.0511496917514473,0.05458093655216871,0.0050278085854615767,0.19118612834342189,-0.26039558035846688,-0.089543918097607519,0.96134074524151236,-0.023604886646599776,0.99598285460013836,0.086376864199631767,-0.96521342254248543,-0.00020018563737605154,-0.26146320748727203,8.9637603244576236e-05,2.1561748542366989e-05
1.7100021839141846,1790953866.5944681,0.00060009956359863281,0.085905105783160907,0.034801865284766934,-0.034505159311927894,0.010384709049366262,0.35152676464417792,-0.010925761117484504,0.054602999999999999,0.0050289999999999996,0.191273,-3.1408072554263957,1.3062567720701161,-3.0511496917514473,0.05458093655216871,0.0050278085854615767,0.19118612834342189,-0.26039558035846688,-0.089543918097607519,0.96134074524151236,-0.023604886646599776,0.99598285460013836,0.086376864199631767,-0.96521342254248543,-0.00020018563737605154,-0.26146320748727203,8.9637603244576236e-05,2.1561748542366989e-05
1.7149770259857178,1790953866.599443,0.00052785873413085938,0.085905105783160907,0.034801865284766934,-0.034505159311927894,0.010384709049366262,0.35152676464417792,-0.010925761117484504,0.054602999999999999,0.0050289999999999996,0.191273,-3.1408072554263957,1.3062567720701161,-3.0511496917514473,0.05458093655216871,0.0050278085854615767,0.19118612834342189,-0.26039558035846688,-0.089543918097607519,0.96134074524151236,-0.023604886646599776,0.99598285460013836,0.086376864199631767,-0.96521342254248543,-0.00020018563737605154,-0.26146320748727203,8.9637603244576236e-05,2.1561748542366989e-05
1.7200031280517578,1790953866.6044691,0.00059604644775390625,0.085905105783160907,0.034801865284766934,-0.034505159311927894,0.010384709049366262,0.35152676464417792,-0.010925761117484504,0.054602999999999999,0.0050289999999999996,0.191273,-3.1408072554263957,1.3062567720701161,-3.0511496917514473,0.05458093655216871,0.0050278085854615767,0.19118612834342189,-0.26039558035846688,-0.089543918097607519,0.96134074524151236,-0.023604886646599776,0.99598285460013836,0.086376864199631767,-0.96521342254248543,-0.00020018563737605154,-0.26146320748727203,8.9637603244576236e-05,2.1561748542366989e-05
1.7250030040740967,1790953866.6094689,0.00059294700622558594,0.085905105783160907,0.034801865284766934,-0.034505159311927894,0.010384709049366262,0.35152676464417792,-0.010925761117484504,0.054602999999999999,0.0050289999999999996,0.191273,-3.1408072554263957,1.3062567720701161,-3.0511496917514473,0.05458093655216871,0.0050278085854615767,0.19118612834342189,-0.26039558035846688,-0.089543918097607519,0.96134074524151236,-0.023604886646599776,0.99598285460013836,0.086376864199631767,-0.96521342254248543,-0.00020018563737605154,-0.26146320748727203,8.9637603244576236e-05,2.1561748542366989e-05
1.7300040721893311,1790953866.61447,0.000598907470703125,0.085905105783160907,0.034801865284766934,-0.034505159311927894,0.010384709049366262,0.35152676464417792,-0.010925761117484504,0.054602999999999999,0.0050289999999999996,0.191273,-3.1408072554263957,1.3062567720701161,-3.0511496917514473,0.05458093655216871,0.0050278085854615767,0.19118612834342189,-0.26039558035846688,-0.089543918097607519,0.96134074524151236,-0.023604886646599776,0.99598285460013836,0.086376864199631767,-0.96521342254248543,-0.00020018563737605154,-0.26146320748727203,8.9637603244576236e-05,2.1561748542366989e-05
1.7350051403045654,1790953866.6194711,0.00062417984008789062,0.085905105783160907,0.034801865284766934,-0.034505159311927894,0.010384709049366262,0.35152676464417792,-0.010925761117484504,0.054602999999999999,0.0050289999999999996,0.191273,-3.1408072554263957,1.3062567720701161,-3.0511496917514473,0.05458093655216871,0.0050278085854615767,0.19118612834342189,-0.26039558035846688,-0.089543918097607519,0.96134074524151236,-0.023604886646599776,0.99598285460013836,0.086376864199631767,-0.96521342254248543,-0.00020018563737605154,-0.26146320748727203,8.9637603244576236e-05,2.1561748542366989e-05
1.7400031089782715,1790953866.624469,0.00059795379638671875,0.085905105783160907,0.034801865284766934,-0.034505159311927894,0.010384709049366262,0.35152676464417792,-0.010925761117484504,0.054602999999999999,0.0050289999999999996,0.191273,-3.1408072554263957,1.3062567720701161,-3.0511496917514473,0.05458093655216871,0.0050278085854615767,0.19118612834342189,-0.26039558035846688,-0.089543918097607519,0.96134074524151236,-0.023604886646599776,0.99598285460013836,0.086376864199631767,-0.96521342254248543,-0.00020018563737605154,-0.26146320748727203,8.9637603244576236e-05,2.1561748542366989e-05
1.7450051307678223,1790953866.6294711,0.00062894821166992188,0.085905105783160907,0.034801865284766934,-0.034505159311927894,0.010384709049366262,0.35152676464417792,-0.010925761117484504,0.054602999999999999,0.0050289999999999996,0.191273,-3.1408072554263957,1.3062567720701161,-3.0511496917514473,0.05458093655216871,0.0050278085854615767,0.19118612834342189,-0.26039558035846688,-0.089543918097607519,0.96134074524151236,-0.023604886646599776,0.99598285460013836,0.086376864199631767,-0.96521342254248543,-0.00020018563737605154,-0.26146320748727203,8.9637603244576236e-05,2.1561748542366989e-05
1.7500030994415283,1790953866.634469,0.00059795379638671875,0.085905105783160907,0.034801865284766934,-0.034505159311927894,0.010384709049366262,0.35152676464417792,-0.010925761117484504,0.054602999999999999,0.0050289999999999996,0.191273,-3.1408072554263957,1.3062567720701161,-3.0511496917514473,0.05458093655216871,0.0050278085854615767,0.19118612834342189,-0.26039558035846688,-0.089543918097607519,0.96134074524151236,-0.023604886646599776,0.99598285460013836,0.086376864199631767,-0.96521342254248543,-0.00020018563737605154,-0.26146320748727203,8.9637603244576236e-05,2.1561748542366989e-05
1.7549769878387451,1790953866.6394429,0.00057387351989746094,0.085905105783160907,0.034801865284766934,-0.034505159311927894,0.010384709049366262,0.35152676464417792,-0.010925761117484504,0.054602999999999999,0.0050289999999999996,0.191273,-3.1408072554263957,1.3062567720701161,-3.0511496917514473,0.05458093655216871,0.0050278085854615767,0.19118612834342189,-0.26039558035846688,-0.089543918097607519,0.96134074524151236,-0.023604886646599776,0.99598285460013836,0.086376864199631767,-0.96521342254248543,-0.00020018563737605154,-0.26146320748727203,8.9637603244576236e-05,2.1561748542366989e-05
1.7600030899047852,1790953866.644469,0.00060009956359863281,0.085905105783160907,0.034801865284766934,-0.034505159311927894,0.010384709049366262,0.35152676464417792,-0.010925761117484504,0.054602999999999999,0.0050289999999999996,0.191273,-3.1408072554263957,1.3062567720701161,-3.0511496917514473,0.05458093655216871,0.0050278085854615767,0.19118612834342189,-0.26039558035846688,-0.089543918097607519,0.96134074524151236,-0.023604886646599776,0.99598285460013836,0.086376864199631767,-0.96521342254248543,-0.00020018563737605154,-0.26146320748727203,8.9637603244576236e-05,2.1561748542366989e-05
1.7649791240692139,1790953866.6494451,0.00057697296142578125,0.085905105783160907,0.034801865284766934,-0.034505159311927894,0.010384709049366262,0.35152676464417792,-0.010925761117484504,0.054602999999999999,0.0050289999999999996,0.191273,-3.1408072554263957,1.3062567720701161,-3.0511496917514473,0.05458093655216871,0.0050278085854615767,0.19118612834342189,-0.26039558035846688,-0.089543918097607519,0.96134074524151236,-0.023604886646599776,0.99598285460013836,0.086376864199631767,-0.96521342254248543,-0.00020018563737605154,-0.26146320748727203,8.9637603244576236e-05,2.1561748542366989e-05
1.7700049877166748,1790953866.6544709,0.00060200691223144531,0.085905105783160907,0.034801865284766934,-0.034505159311927894,0.010384709049366262,0.35152676464417792,-0.010925761117484504,0.054602999999999999,0.0050289999999999996,0.191273,-3.1408072554263957,1.3062567720701161,-3.0511496917514473,0.05458093655216871,0.0050278085854615767,0.19118612834342189,-0.26039558035846688,-0.089543918097607519,0.96134074524151236,-0.023604886646599776,0.99598285460013836,0.086376864199631767,-0.96521342254248543,-0.00020018563737605154,-0.26146320748727203,8.9637603244576236e-05,2.1561748542366989e-05
1.775001049041748,1790953866.659467,0.00062394142150878906,0.085905105783160907,0.034801865284766934,-0.034505159311927894,0.010384709049366262,0.35152676464417792,-0.010925761117484504,0.054602999999999999,0.0050289999999999996,0.191273,-3.1408072554263957,1.3062567720701161,-3.0511496917514473,0.05458093655216871,0.0050278085854615767,0.19118612834342189,-0.26039558035846688,-0.089543918097607519,0.96134074524151236,-0.023604886646599776,0.99598285460013836,0.086376864199631767,-0.96521342254248543,-0.00020018563737605154,-0.26146320748727203,8.9637603244576236e-05,2.1561748542366989e-05
1.7800021171569824,1790953866.6644681,0.00059199333190917969,0.085905105783160907,0.034801865284766934,-0.034505159311927894,0.010384709049366262,0.35152676464417792,-0.010925761117484504,0.054602999999999999,0.0050289999999999996,0.191273,-3.1408072554263957,1.3062567720701161,-3.0511496917514473,0.05458093655216871,0.0050278085854615767,0.19118612834342189,-0.26039558035846688,-0.089543918097607519,0.96134074524151236,-0.023604886646599776,0.99598285460013836,0.086376864199631767,-0.96521342254248543,-0.00020018563737605154,-0.26146320748727203,8.9637603244576236e-05,2.1561748542366989e-05
1.7850041389465332,1790953866.6694701,0.00060105323791503906,0.085905105783160907,0.034801865284766934,-0.034505159311927894,0.010384709049366262,0.35152676464417792,-0.010925761117484504,0.054602999999999999,0.0050289999999999996,0.191273,-3.1408072554263957,1.3062567720701161,-3.0511496917514473,0.05458093655216871,0.0050278085854615767,0.19118612834342189,-0.26039558035846688,-0.089543918097607519,0.96134074524151236,-0.023604886646599776,0.99598285460013836,0.086376864199631767,-0.96521342254248543,-0.00020018563737605154,-0.26146320748727203,8.9637603244576236e-05,2.1561748542366989e-05
1.7900030612945557,1790953866.674469,0.000598907470703125,0.085905105783160907,0.034801865284766934,-0.034505159311927894,0.010384709049366262,0.35152676464417792,-0.010925761117484504,0.054602999999999999,0.0050289999999999996,0.191273,-3.1408072554263957,1.3062567720701161,-3.0511496917514473,0.05458093655216871,0.0050278085854615767,0.19118612834342189,-0.26039558035846688,-0.089543918097607519,0.96134074524151236,-0.023604886646599776,0.99598285460013836,0.086376864199631767,-0.96521342254248543,-0.00020018563737605154,-0.26146320748727203,8.9637603244576236e-05,2.1561748542366989e-05
1.7950019836425781,1790953866.6794679,0.0006008148193359375,0.085905105783160907,0.034801865284766934,-0.034505159311927894,0.010384709049366262,0.35152676464417792,-0.010925761117484504,0.054602999999999999,0.0050289999999999996,0.191273,-3.1408072554263957,1.3062567720701161,-3.0511496917514473,0.05458093655216871,0.0050278085854615767,0.19118612834342189,-0.26039558035846688,-0.089543918097607519,0.96134074524151236,-0.023604886646599776,0.99598285460013836,0.086376864199631767,-0.96521342254248543,-0.00020018563737605154,-0.26146320748727203,8.9637603244576236e-05,2.1561748542366989e-05
1.7999999523162842,1790953866.6844659,0.00059795379638671875,0.085905105783160907,0.034801865284766934,-0.034505159311927894,0.010384709049366262,0.35152676464417792,-0.010925761117484504,0.054602999999999999,0.0050289999999999996,0.191273,-3.1408072554263957,1.3062567720701161,-3.0511496917514473,0.05458093655216871,0.0050278085854615767,0.19118612834342189,-0.26039558035846688,-0.089543918097607519,0.96134074524151236,-0.023604886646599776,0.99598285460013836,0.086376864199631767,-0.96521342254248543,-0.00020018563737605154,-0.26146320748727203,8.9637603244576236e-05,2.1561748542366989e-05
1.805001974105835,1790953866.6894679,0.000598907470703125,0.085905105783160907,0.034801865284766934,-0.034505159311927894,0.010384709049366262,0.35152676464417792,-0.010925761117484504,0.054602999999999999,0.0050289999999999996,0.191273,-3.1408072554263957,1.3062567720701161,-3.0511496917514473,0.05458093655216871,0.0050278085854615767,0.19118612834342189,-0.26039558035846688,-0.089543918097607519,0.96134074524151236,-0.023604886646599776,0.99598285460013836,0.086376864199631767,-0.96521342254248543,-0.00020018563737605154,-0.26146320748727203,8.9637603244576236e-05,2.1561748542366989e-05
1.8100011348724365,1790953866.6944671,0.00060009956359863281,0.085905105783160907,0.034801865284766934,-0.034505159311927894,0.010384709049366262,0.35152676464417792,-0.010925761117484504,0.054602999999999999,0.0050289999999999996,0.191273,-3.1408072554263957,1.3062567720701161,-3.0511496917514473,0.05458093655216871,0.0050278085854615767,0.19118612834342189,-0.26039558035846688,-0.089543918097607519,0.96134074524151236,-0.023604886646599776,0.99598285460013836,0.086376864199631767,-0.96521342254248543,-0.00020018563737605154,-0.26146320748727203,8.9637603244576236e-05,2.1561748542366989e-05
1.815000057220459,1790953866.699466,0.00062298774719238281,0.085905105783160907,0.034801865284766934,-0.034505159311927894,0.010384709049366262,0.35152676464417792,-0.010925761117484504,0.054602999999999999,0.0050289999999999996,0.191273,-3.1408072554263957,1.3062567720701161,-3.0511496917514473,0.05458093655216871,0.0050278085854615767,0.19118612834342189,-0.26039558035846688,-0.089543918097607519,0.96134074524151236,-0.023604886646599776,0.99598285460013836,0.086376864199631767,-0.96521342254248543,-0.00020018563737605154,-0.26146320748727203,8.9637603244576236e-05,2.1561748542366989e-05
1.8200011253356934,1790953866.7044671,0.00058794021606445312,0.085905105783160907,0.034801865284766934,-0.034505159311927894,0.010384709049366262,0.35152676464417792,-0.010925761117484504,0.054602999999999999,0.0050289999999999996,0.191273,-3.1408072554263957,1.3062567720701161,-3.0511496917514473,0.05458093655216871,0.0050278085854615767,0.19118612834342189,-0.26039558035846688,-0.089543918097607519,0.96134074524151236,-0.023604886646599776,0.99598285460013836,0.086376864199631767,-0.96521342254248543,-0.00020018563737605154,-0.26146320748727203,8.9637603244576236e-05,2.1561748542366989e-05
1.8250060081481934,1790953866.7094719,0.00062584877014160156,0.085905105783160907,0.034801865284766934,-0.034505159311927894,0.010384709049366262,0.35152676464417792,-0.010925761117484504,0.054602999999999999,0.0050289999999999996,0.191273,-3.1408072554263957,1.3062567720701161,-3.0511496917514473,0.05458093655216871,0.0050278085854615767,0.19118612834342189,-0.26039558035846688,-0.089543918097607519,0.96134074524151236,-0.023604886646599776,0.99598285460013836,0.086376864199631767,-0.96521342254248543,-0.00020018563737605154,-0.26146320748727203,8.9637603244576236e-05,2.1561748542366989e-05
1.830003023147583,1790953866.714469,0.00059390068054199219,0.085905105783160907,0.034801865284766934,-0.034505159311927894,0.010384709049366262,0.35152676464417792,-0.010925761117484504,0.054602999999999999,0.0050289999999999996,0.191273,-3.1408072554263957,1.3062567720701161,-3.0511496917514473,0.05458093655216871,0.0050278085854615767,0.19118612834342189,-0.26039558035846688,-0.089543918097607519,0.96134074524151236,-0.023604886646599776,0.99598285460013836,0.086376864199631767,-0.96521342254248543,-0.00020018563737605154,-0.26146320748727203,8.9637603244576236e-05,2.1561748542366989e-05
1.8350009918212891,1790953866.7194669,0.00062584877014160156,0.085905105783160907,0.034801865284766934,-0.034505159311927894,0.010384709049366262,0.35152676464417792,-0.010925761117484504,0.054602999999999999,0.0050289999999999996,0.191273,-3.1408072554263957,1.3062567720701161,-3.0511496917514473,0.05458093655216871,0.0050278085854615767,0.19118612834342189,-0.26039558035846688,-0.089543918097607519,0.96134074524151236,-0.023604886646599776,0.99598285460013836,0.086376864199631767,-0.96521342254248543,-0.00020018563737605154,-0.26146320748727203,8.9637603244576236e-05,2.1561748542366989e-05
1.8400030136108398,1790953866.7244689,0.00059199333190917969,0.085905105783160907,0.034801865284766934,-0.034505159311927894,0.010384709049366262,0.35152676464417792,-0.010925761117484504,0.054602999999999999,0.0050289999999999996,0.191273,-3.1408072554263957,1.3062567720701161,-3.0511496917514473,0.05458093655216871,0.0050278085854615767,0.19118612834342189,-0.26039558035846688,-0.089543918097607519,0.96134074524151236,-0.023604886646599776,0.99598285460013836,0.086376864199631767,-0.96521342254248543,-0.00020018563737605154,-0.26146320748727203,8.9637603244576236e-05,2.1561748542366989e-05
1.8449759483337402,1790953866.7294419,0.00057196617126464844,0.085905105783160907,0.034801865284766934,-0.034505159311927894,0.010384709049366262,0.35152676464417792,-0.010925761117484504,0.054602999999999999,0.0050289999999999996,0.191273,-3.1408072554263957,1.3062567720701161,-3.0511496917514473,0.05458093655216871,0.0050278085854615767,0.19118612834342189,-0.26039558035846688,-0.089543918097607519,0.96134074524151236,-0.023604886646599776,0.99598285460013836,0.086376864199631767,-0.96521342254248543,-0.00020018563737605154,-0.26146320748727203,8.9637603244576236e-05,2.1561748542366989e-05
1.8500020503997803,1790953866.734468,0.0005950927734375,0.085905105783160907,0.034801865284766934,-0.034505159311927894,0.010384709049366262,0.35152676464417792,-0.010925761117484504,0.054602999999999999,0.0050289999999999996,0.191273,-3.1408072554263957,1.3062567720701161,-3.0511496917514473,0.05458093655216871,0.0050278085854615767,0.19118612834342189,-0.26039558035846688,-0.089543918097607519,0.96134074524151236,-0.023604886646599776,0.99598285460013836,0.086376864199631767,-0.96521342254248543,-0.00020018563737605154,-0.26146320748727203,8.9637603244576236e-05,2.1561748542366989e-05
1.8550009727478027,1790953866.7394669,0.00059986114501953125,0.085905105783160907,0.034801865284766934,-0.034505159311927894,0.010384709049366262,0.35152676464417792,-0.010925761117484504,0.054602999999999999,0.0050289999999999996,0.191273,-3.1408072554263957,1.3062567720701161,-3.0511496917514473,0.05458093655216871,0.0050278085854615767,0.19118612834342189,-0.26039558035846688,-0.089543918097607519,0.96134074524151236,-0.023604886646599776,0.99598285460013836,0.086376864199631767,-0.96521342254248543,-0.00020018563737605154,-0.26146320748727203,8.9637603244576236e-05,2.1561748542366989e-05
1.8600039482116699,1790953866.7444699,0.0006008148193359375,0.085905105783160907,0.034801865284766934,-0.034505159311927894,0.010384709049366262,0.35152676464417792,-0.010925761117484504,0.054602999999999999,0.0050289999999999996,0.191273,-3.1408072554263957,1.3062567720701161,-3.0511496917514473,0.05458093655216871,0.0050278085854615767,0.19118612834342189,-0.26039558035846688,-0.089543918097607519,0.96134074524151236,-0.023604886646599776,0.99598285460013836,0.086376864199631767,-0.96521342254248543,-0.00020018563737605154,-0.26146320748727203,8.9637603244576236e-05,2.1561748542366989e-05
1.8650031089782715,1790953866.749469,0.00059795379638671875,0.085905105783160907,0.034801865284766934,-0.034505159311927894,0.010384709049366262,0.35152676464417792,-0.010925761117484504,0.054602999999999999,0.0050289999999999996,0.191273,-3.1408072554263957,1.3062567720701161,-3.0511496917514473,0.05458093655216871,0.0050278085854615767,0.19118612834342189,-0.26039558035846688,-0.089543918097607519,0.96134074524151236,-0.023604886646599776,0.99598285460013836,0.086376864199631767,-0.96521342254248543,-0.00020018563737605154,-0.26146320748727203,8.9637603244576236e-05,2.1561748542366989e-05
1.8700041770935059,1790953866.7544701,0.00060009956359863281,0.085905105783160907,0.034801865284766934,-0.034505159311927894,0.010384709049366262,0.35152676464417792,-0.010925761117484504,0.054602999999999999,0.0050289999999999996,0.191273,-3.1408072554263957,1.3062567720701161,-3.0511496917514473,0.05458093655216871,0.0050278085854615767,0.19118612834342189,-0.26039558035846688,-0.089543918097607519,0.96134074524151236,-0.023604886646599776,0.99598285460013836,0.086376864199631767,-0.96521342254248543,-0.00020018563737605154,-0.26146320748727203,8.9637603244576236e-05,2.1561748542366989e-05
1.8750040531158447,1790953866.75947,0.00062799453735351562,0.085905105783160907,0.034801865284766934,-0.034505159311927894,0.010384709049366262,0.35152676464417792,-0.010925761117484504,0.054602999999999999,0.0050289999999999996,0.191273,-3.1408072554263957,1.3062567720701161,-3.0511496917514473,0.05458093655216871,0.0050278085854615767,0.19118612834342189,-0.26039558035846688,-0.089543918097607519,0.96134074524151236,-0.023604886646599776,0.99598285460013836,0.086376864199631767,-0.96521342254248543,-0.00020018563737605154,-0.26146320748727203,8.9637603244576236e-05,2.1561748542366989e-05
1.8800041675567627,1790953866.7644701,0.0005950927734375,0.085905105783160907,0.034801865284766934,-0.034505159311927894,0.010384709049366262,0.35152676464417792,-0.010925761117484504,0.054602999999999999,0.0050289999999999996,0.191273,-3.1408072554263957,1.3062567720701161,-3.0511496917514473,0.05458093655216871,0.0050278085854615767,0.19118612834342189,-0.26039558035846688,-0.089543918097607519,0.96134074524151236,-0.023604886646599776,0.99598285460013836,0.086376864199631767,-0.96521342254248543,-0.00020018563737605154,-0.26146320748727203,8.9637603244576236e-05,2.1561748542366989e-05
1.8850021362304688,1790953866.7694681,0.00062298774719238281,0.085905105783160907,0.034801865284766934,-0.034505159311927894,0.010384709049366262,0.35152676464417792,-0.010925761117484504,0.054602999999999999,0.0050289999999999996,0.191273,-3.1408072554263957,1.3062567720701161,-3.0511496917514473,0.05458093655216871,0.0050278085854615767,0.19118612834342189,-0.26039558035846688,-0.089543918097607519,0.96134074524151236,-0.023604886646599776,0.99598285460013836,0.086376864199631767,-0.96521342254248543,-0.00020018563737605154,-0.26146320748727203,8.9637603244576236e-05,2.1561748542366989e-05
1.8900010585784912,1790953866.774467,0.0005950927734375,0.085905105783160907,0.034801865284766934,-0.034505159311927894,0.010384709049366262,0.35152676464417792,-0.010925761117484504,0.054602999999999999,0.0050289999999999996,0.191273,-3.1408072554263957,1.3062567720701161,-3.0511496917514473,0.05458093655216871,0.0050278085854615767,0.19118612834342189,-0.26039558035846688,-0.089543918097607519,0.96134074524151236,-0.023604886646599776,0.99598285460013836,0.086376864199631767,-0.96521342254248543,-0.00020018563737605154,-0.26146320748727203,8.9637603244576236e-05,2.1561748542366989e-05
1.8949780464172363,1790953866.779444,0.00057506561279296875,0.085905105783160907,0.034801865284766934,-0.034505159311927894,0.010384709049366262,0.35152676464417792,-0.010925761117484504,0.054602999999999999,0.0050289999999999996,0.191273,-3.1408072554263957,1.3062567720701161,-3.0511496917514473,0.05458093655216871,0.0050278085854615767,0.19118612834342189,-0.26039558035846688,-0.089543918097607519,0.96134074524151236,-0.023604886646599776,0.99598285460013836,0.086376864199631767,-0.96521342254248543,-0.00020018563737605154,-0.26146320748727203,8.9637603244576236e-05,2.1561748542366989e-05
1.9000041484832764,1790953866.7844701,0.00059008598327636719,0.085905105783160907,0.034801865284766934,-0.034505159311927894,0.010384709049366262,0.35152676464417792,-0.010925761117484504,0.054602999999999999,0.0050289999999999996,0.191273,-3.1408072554263957,1.3062567720701161,-3.0511496917514473,0.05458093655216871,0.0050278085854615767,0.19118612834342189,-0.26039558035846688,-0.089543918097607519,0.96134074524151236,-0.023604886646599776,0.99598285460013836,0.086376864199631767,-0.96521342254248543,-0.00020018563737605154,-0.26146320748727203,8.9637603244576236e-05,2.1561748542366989e-05
1.9050021171569824,1790953866.7894681,0.0005970001220703125,0.085905105783160907,0.034801865284766934,-0.034505159311927894,0.010384709049366262,0.35152676464417792,-0.010925761117484504,0.054602999999999999,0.0050289999999999996,0.191273,-3.1408072554263957,1.3062567720701161,-3.0511496917514473,0.05458093655216871,0.0050278085854615767,0.19118612834342189,-0.26039558035846688,-0.089543918097607519,0.96134074524151236,-0.023604886646599776,0.99598285460013836,0.086376864199631767,-0.96521342254248543,-0.00020018563737605154,-0.26146320748727203,8.9637603244576236e-05,2.1561748542366989e-05
1.9100010395050049,1790953866.794467,0.00059986114501953125,0.085905105783160907,0.034801865284766934,-0.034505159311927894,0.010384709049366262,0.35152676464417792,-0.010925761117484504,0.054602999999999999,0.0050289999999999996,0.191273,-3.1408072554263957,1.3062567720701161,-3.0511496917514473,0.05458093655216871,0.0050278085854615767,0.19118612834342189,-0.26039558035846688,-0.089543918097607519,0.96134074524151236,-0.023604886646599776,0.99598285460013836,0.086376864199631767,-0.96521342254248543,-0.00020018563737605154,-0.26146320748727203,8.9637603244576236e-05,2.1561748542366989e-05
1.9150030612945557,1790953866.799469,0.00062108039855957031,0.085905105783160907,0.034801865284766934,-0.034505159311927894,0.010384709049366262,0.35152676464417792,-0.010925761117484504,0.054602999999999999,0.0050289999999999996,0.191273,-3.1408072554263957,1.3062567720701161,-3.0511496917514473,0.05458093655216871,0.0050278085854615767,0.19118612834342189,-0.26039558035846688,-0.089543918097607519,0.96134074524151236,-0.023604886646599776,0.99598285460013836,0.086376864199631767,-0.96521342254248543,-0.00020018563737605154,-0.26146320748727203,8.9637603244576236e-05,2.1561748542366989e-05
1.9200031757354736,1790953866.8044691,0.00060009956359863281,0.085905105783160907,0.034801865284766934,-0.034505159311927894,0.010384709049366262,0.35152676464417792,-0.010925761117484504,0.054602999999999999,0.0050289999999999996,0.191273,-3.1408072554263957,1.3062567720701161,-3.0511496917514473,0.05458093655216871,0.0050278085854615767,0.19118612834342189,-0.26039558035846688,-0.089543918097607519,0.96134074524151236,-0.023604886646599776,0.99598285460013836,0.086376864199631767,-0.96521342254248543,-0.00020018563737605154,-0.26146320748727203,8.9637603244576236e-05,2.1561748542366989e-05
1.9250011444091797,1790953866.8094671,0.00062513351440429688,0.085905105783160907,0.034801865284766934,-0.034505159311927894,0.010384709049366262,0.35152676464417792,-0.010925761117484504,0.054602999999999999,0.0050289999999999996,0.191273,-3.1408072554263957,1.3062567720701161,-3.0511496917514473,0.05458093655216871,0.0050278085854615767,0.19118612834342189,-0.26039558035846688,-0.089543918097607519,0.96134074524151236,-0.023604886646599776,0.99598285460013836,0.086376864199631767,-0.96521342254248543,-0.00020018563737605154,-0.26146320748727203,8.9637603244576236e-05,2.1561748542366989e-05
1.9300041198730469,1790953866.8144701,0.00059914588928222656,0.085905105783160907,0.034801865284766934,-0.034505159311927894,0.010384709049366262,0.35152676464417792,-0.010925761117484504,0.054602999999999999,0.0050289999999999996,0.191273,-3.1408072554263957,1.3062567720701161,-3.0511496917514473,0.05458093655216871,0.0050278085854615767,0.19118612834342189,-0.26039558035846688,-0.089543918097607519,0.96134074524151236,-0.023604886646599776,0.99598285460013836,0.086376864199631767,-0.96521342254248543,-0.00020018563737605154,-0.26146320748727203,8.9637603244576236e-05,2.1561748542366989e-05
1.9349780082702637,1790953866.8194439,0.00057196617126464844,0.085905105783160907,0.034801865284766934,-0.034505159311927894,0.010384709049366262,0.35152676464417792,-0.010925761117484504,0.054602999999999999,0.0050289999999999996,0.191273,-3.1408072554263957,1.3062567720701161,-3.0511496917514473,0.05458093655216871,0.0050278085854615767,0.19118612834342189,-0.26039558035846688,-0.089543918097607519,0.96134074524151236,-0.023604886646599776,0.99598285460013836,0.086376864199631767,-0.96521342254248543,-0.00020018563737605154,-0.26146320748727203,8.9637603244576236e-05,2.1561748542366989e-05
1.9400031566619873,1790953866.8244691,0.00056409835815429688,0.085905105783160907,0.034801865284766934,-0.034505159311927894,0.010384709049366262,0.35152676464417792,-0.010925761117484504,0.054602999999999999,0.0050289999999999996,0.191273,-3.1408072554263957,1.3062567720701161,-3.0511496917514473,0.05458093655216871,0.0050278085854615767,0.19118612834342189,-0.26039558035846688,-0.089543918097607519,0.96134074524151236,-0.023604886646599776,0.99598285460013836,0.086376864199631767,-0.96521342254248543,-0.00020018563737605154,-0.26146320748727203,8.9637603244576236e-05,2.1561748542366989e-05
1.9449779987335205,1790953866.8294439,0.00057387351989746094,0.085905105783160907,0.034801865284766934,-0.034505159311927894,0.010384709049366262,0.35152676464417792,-0.010925761117484504,0.054602999999999999,0.0050289999999999996,0.191273,-3.1408072554263957,1.3062567720701161,-3.0511496917514473,0.05458093655216871,0.0050278085854615767,0.19118612834342189,-0.26039558035846688,-0.089543918097607519,0.96134074524151236,-0.023604886646599776,0.99598285460013836,0.086376864199631767,-0.96521342254248543,-0.00020018563737605154,-0.26146320748727203,8.9637603244576236e-05,2.1561748542366989e-05
1.9500041007995605,1790953866.83447,0.00059795379638671875,0.085905105783160907,0.034801865284766934,-0.034505159311927894,0.010384709049366262,0.35152676464417792,-0.010925761117484504,0.054602999999999999,0.0050289999999999996,0.191273,-3.1408072554263957,1.3062567720701161,-3.0511496917514473,0.05458093655216871,0.0050278085854615767,0.19118612834342189,-0.26039558035846688,-0.089543918097607519,0.96134074524151236,-0.023604886646599776,0.99598285460013836,0.086376864199631767,-0.96521342254248543,-0.00020018563737605154,-0.26146320748727203,8.9637603244576236e-05,2.1561748542366989e-05
1.9550039768218994,1790953866.8394699,0.00062799453735351562,0.085905105783160907,0.034801865284766934,-0.034505159311927894,0.010384709049366262,0.35152676464417792,-0.010925761117484504,0.054602999999999999,0.0050289999999999996,0.191273,-3.1408072554263957,1.3062567720701161,-3.0511496917514473,0.05458093655216871,0.0050278085854615767,0.19118612834342189,-0.26039558035846688,-0.089543918097607519,0.96134074524151236,-0.023604886646599776,0.99598285460013836,0.086376864199631767,-0.96521342254248543,-0.00020018563737605154,-0.26146320748727203,8.9637603244576236e-05,2.1561748542366989e-05
1.960003137588501,1790953866.8444691,0.00060200691223144531,0.085905105783160907,0.034801865284766934,-0.034505159311927894,0.010384709049366262,0.35152676464417792,-0.010925761117484504,0.054602999999999999,0.0050289999999999996,0.191273,-3.1408072554263957,1.3062567720701161,-3.0511496917514473,0.05458093655216871,0.0050278085854615767,0.19118612834342189,-0.26039558035846688,-0.089543918097607519,0.96134074524151236,-0.023604886646599776,0.99598285460013836,0.086376864199631767,-0.96521342254248543,-0.00020018563737605154,-0.26146320748727203,8.9637603244576236e-05,2.1561748542366989e-05
1.9650020599365234,1790953866.849468,0.00059795379638671875,0.085905105783160907,0.034801865284766934,-0.034505159311927894,0.010384709049366262,0.35152676464417792,-0.010925761117484504,0.054602999999999999,0.0050289999999999996,0.191273,-3.1408072554263957,1.3062567720701161,-3.0511496917514473,0.05458093655216871,0.0050278085854615767,0.19118612834342189,-0.26039558035846688,-0.089543918097607519,0.96134074524151236,-0.023604886646599776,0.99598285460013836,0.086376864199631767,-0.96521342254248543,-0.00020018563737605154,-0.26146320748727203,8.9637603244576236e-05,2.1561748542366989e-05
1.9700021743774414,1790953866.8544681,0.00060009956359863281,0.085905105783160907,0.034801865284766934,-0.034505159311927894,0.010384709049366262,0.35152676464417792,-0.010925761117484504,0.054602999999999999,0.0050289999999999996,0.191273,-3.1408072554263957,1.3062567720701161,-3.0511496917514473,0.05458093655216871,0.0050278085854615767,0.19118612834342189,-0.26039558035846688,-0.089543918097607519,0.96134074524151236,-0.023604886646599776,0.99598285460013836,0.086376864199631767,-0.96521342254248543,-0.00020018563737605154,-0.26146320748727203,8.9637603244576236e-05,2.1561748542366989e-05
1.9750020503997803,1790953866.859468,0.00062608718872070312,0.085905105783160907,0.034801865284766934,-0.034505159311927894,0.010384709049366262,0.35152676464417792,-0.010925761117484504,0.054602999999999999,0.0050289999999999996,0.191273,-3.1408072554263957,1.3062567720701161,-3.0511496917514473,0.05458093655216871,0.0050278085854615767,0.19118612834342189,-0.26039558035846688,-0.089543918097607519,0.96134074524151236,-0.023604886646599776,0.99598285460013836,0.086376864199631767,-0.96521342254248543,-0.00020018563737605154,-0.26146320748727203,8.9637603244576236e-05,2.1561748542366989e-05
1.9800031185150146,1790953866.8644691,0.00060105323791503906,0.085905105783160907,0.034801865284766934,-0.034505159311927894,0.010384709049366262,0.35152676464417792,-0.010925761117484504,0.054602999999999999,0.0050289999999999996,0.191273,-3.1408072554263957,1.3062567720701161,-3.0511496917514473,0.05458093655216871,0.0050278085854615767,0.19118612834342189,-0.26039558035846688,-0.089543918097607519,0.96134074524151236,-0.023604886646599776,0.99598285460013836,0.086376864199631767,-0.96521342254248543,-0.00020018563737605154,-0.26146320748727203,8.9637603244576236e-05,2.1561748542366989e-05
1.9850029945373535,1790953866.8694689,0.00060200691223144531,0.085905105783160907,0.034801865284766934,-0.034505159311927894,0.010384709049366262,0.35152676464417792,-0.010925761117484504,0.054602999999999999,0.0050289999999999996,0.191273,-3.1408072554263957,1.3062567720701161,-3.0511496917514473,0.05458093655216871,0.0050278085854615767,0.19118612834342189,-0.26039558035846688,-0.089543918097607519,0.96134074524151236,-0.023604886646599776,0.99598285460013836,0.086376864199631767,-0.96521342254248543,-0.00020018563737605154,-0.26146320748727203,8.9637603244576236e-05,2.1561748542366989e-05
1.9900040626525879,1790953866.87447,0.0005970001220703125,0.085905105783160907,0.034801865284766934,-0.034505159311927894,0.010384709049366262,0.35152676464417792,-0.010925761117484504,0.054602999999999999,0.0050289999999999996,0.191273,-3.1408072554263957,1.3062567720701161,-3.0511496917514473,0.05458093655216871,0.0050278085854615767,0.19118612834342189,-0.26039558035846688,-0.089543918097607519,0.96134074524151236,-0.023604886646599776,0.99598285460013836,0.086376864199631767,-0.96521342254248543,-0.00020018563737605154,-0.26146320748727203,8.9637603244576236e-05,2.1561748542366989e-05
1.9950029850006104,1790953866.8794689,0.0005970001220703125,0.085905105783160907,0.034801865284766934,-0.034505159311927894,0.010384709049366262,0.35152676464417792,-0.010925761117484504,0.054602999999999999,0.0050289999999999996,0.191273,-3.1408072554263957,1.3062567720701161,-3.0511496917514473,0.05458093655216871,0.0050278085854615767,0.19118612834342189,-0.26039558035846688,-0.089543918097607519,0.96134074524151236,-0.023604886646599776,0.99598285460013836,0.086376864199631767,-0.96521342254248543,-0.00020018563737605154,-0.26146320748727203,8.9637603244576236e-05,2.1561748542366989e-05
2.0000009536743164,1790953866.8844669,0.00059986114501953125,0.085905105783160907,0.034801865284766934,-0.034505159311927894,0.010384709049366262,0.35152676464417792,-0.010925761117484504,0.054602999999999999,0.0050289999999999996,0.191273,-3.1408072554263957,1.3062567720701161,-3.0511496917514473,0.05458093655216871,0.0050278085854615767,0.19118612834342189,-0.26039558035846688,-0.089543918097607519,0.96134074524151236,-0.023604886646599776,0.99598285460013836,0.086376864199631767,-0.96521342254248543,-0.00020018563737605154,-0.26146320748727203,8.9637603244576236e-05,2.1561748542366989e-05
2.0050010681152344,1790953866.889467,0.0005970001220703125,0.085905105783160907,0.034801865284766934,-0.034505159311927894,0.010384709049366262,0.35152676464417792,-0.010925761117484504,0.054602999999999999,0.0050289999999999996,0.191273,-3.1408072554263957,1.3062567720701161,-3.0511496917514473,0.05458093655216871,0.0050278085854615767,0.19118612834342189,-0.26039558035846688,-0.089543918097607519,0.96134074524151236,-0.023604886646599776,0.99598285460013836,0.086376864199631767,-0.96521342254248543,-0.00020018563737605154,-0.26146320748727203,8.9637603244576236e-05,2.1561748542366989e-05
2.0100021362304688,1790953866.8944681,0.0005931854248046875,0.085905105783160907,0.034801865284766934,-0.034505159311927894,0.010384709049366262,0.35152676464417792,-0.010925761117484504,0.054602999999999999,0.0050289999999999996,0.191273,-3.1408072554263957,1.3062567720701161,-3.0511496917514473,0.05458093655216871,0.0050278085854615767,0.19118612834342189,-0.26039558035846688,-0.089543918097607519,0.96134074524151236,-0.023604886646599776,0.99598285460013836,0.086376864199631767,-0.96521342254248543,-0.00020018563737605154,-0.26146320748727203,8.9637603244576236e-05,2.1561748542366989e-05
2.0150051116943359,1790953866.899471,0.00062894821166992188,0.085905105783160907,0.034801865284766934,-0.034505159311927894,0.010384709049366262,0.35152676464417792,-0.010925761117484504,0.054602999999999999,0.0050289999999999996,0.191273,-3.1408072554263957,1.3062567720701161,-3.0511496917514473,0.05458093655216871,0.0050278085854615767,0.19118612834342189,-0.26039558035846688,-0.089543918097607519,0.96134074524151236,-0.023604886646599776,0.99598285460013836,0.086376864199631767,-0.96521342254248543,-0.00020018563737605154,-0.26146320748727203,8.9637603244576236e-05,2.1561748542366989e-05
2.020017147064209,1790953866.9044831,0.00057911872863769531,0.085905105783160907,0.034801865284766934,-0.034505159311927894,0.010384709049366262,0.35152676464417792,-0.010925761117484504,0.054602999999999999,0.0050289999999999996,0.191273,-3.1408072554263957,1.3062567720701161,-3.0511496917514473,0.05458093655216871,0.0050278085854615767,0.19118612834342189,-0.26039558035846688,-0.089543918097607519,0.96134074524151236,-0.023604886646599776,0.99598285460013836,0.086376864199631767,-0.96521342254248543,-0.00020018563737605154,-0.26146320748727203,8.9637603244576236e-05,2.1561748542366989e-05
2.0249791145324707,1790953866.909445,0.000576019287109375,0.085905105783160907,0.034801865284766934,-0.034505159311927894,0.010384709049366262,0.35152676464417792,-0.010925761117484504,0.054602999999999999,0.0050289999999999996,0.191273,-3.1408072554263957,1.3062567720701161,-3.0511496917514473,0.05458093655216871,0.0050278085854615767,0.19118612834342189,-0.26039558035846688,-0.089543918097607519,0.96134074524151236,-0.023604886646599776,0.99598285460013836,0.086376864199631767,-0.96521342254248543,-0.00020018563737605154,-0.26146320748727203,8.9637603244576236e-05,2.1561748542366989e-05
2.0299999713897705,1790953866.9144659,0.00059580802917480469,0.085905105783160907,0.034801865284766934,-0.034505159311927894,0.010384709049366262,0.35152676464417792,-0.010925761117484504,0.054602999999999999,0.0050289999999999996,0.191273,-3.1408072554263957,1.3062567720701161,-3.0511496917514473,0.05458093655216871,0.0050278085854615767,0.19118612834342189,-0.26039558035846688,-0.089543918097607519,0.96134074524151236,-0.023604886646599776,0.99598285460013836,0.086376864199631767,-0.96521342254248543,-0.00020018563737605154,-0.26146320748727203,8.9637603244576236e-05,2.1561748542366989e-05
2.0350019931793213,1790953866.9194679,0.00062203407287597656,0.085905105783160907,0.034801865284766934,-0.034505159311927894,0.010384709049366262,0.35152676464417792,-0.010925761117484504,0.054602999999999999,0.0050289999999999996,0.191273,-3.1408072554263957,1.3062567720701161,-3.0511496917514473,0.05458093655216871,0.0050278085854615767,0.19118612834342189,-0.26039558035846688,-0.089543918097607519,0.96134074524151236,-0.023604886646599776,0.99598285460013836,0.086376864199631767,-0.96521342254248543,-0.00020018563737605154,-0.26146320748727203,8.9637603244576236e-05,2.1561748542366989e-05
2.0399999618530273,1790953866.9244659,0.00058197975158691406,0.085905105783160907,0.034801865284766934,-0.034505159311927894,0.010384709049366262,0.35152676464417792,-0.010925761117484504,0.054602999999999999,0.0050289999999999996,0.191273,-3.1408072554263957,1.3062567720701161,-3.0511496917514473,0.05458093655216871,0.0050278085854615767,0.19118612834342189,-0.26039558035846688,-0.089543918097607519,0.96134074524151236,-0.023604886646599776,0.99598285460013836,0.086376864199631767,-0.96521342254248543,-0.00020018563737605154,-0.26146320748727203,8.9637603244576236e-05,2.1561748542366989e-05
2.0449991226196289,1790953866.9294651,0.00062298774719238281,0.085905105783160907,0.034801865284766934,-0.034505159311927894,0.010384709049366262,0.35152676464417792,-0.010925761117484504,0.054602999999999999,0.0050289999999999996,0.191273,-3.1408072554263957,1.3062567720701161,-3.0511496917514473,0.05458093655216871,0.0050278085854615767,0.19118612834342189,-0.26039558035846688,-0.089543918097607519,0.96134074524151236,-0.023604886646599776,0.99598285460013836,0.086376864199631767,-0.96521342254248543,-0.00020018563737605154,-0.26146320748727203,8.9637603244576236e-05,2.1561748542366989e-05
2.0500020980834961,1790953866.934468,0.00059604644775390625,0.085905105783160907,0.034801865284766934,-0.034505159311927894,0.010384709049366262,0.35152676464417792,-0.010925761117484504,0.054602999999999999,0.0050289999999999996,0.191273,-3.1408072554263957,1.3062567720701161,-3.0511496917514473,0.05458093655216871,0.0050278085854615767,0.19118612834342189,-0.26039558035846688,-0.089543918097607519,0.96134074524151236,-0.023604886646599776,0.99598285460013836,0.086376864199631767,-0.96521342254248543,-0.00020018563737605154,-0.26146320748727203,8.9637603244576236e-05,2.1561748542366989e-05
2.0550060272216797,1790953866.939472,0.00059986114501953125,0.085905105783160907,0.034801865284766934,-0.034505159311927894,0.010384709049366262,0.35152676464417792,-0.010925761117484504,0.054602999999999999,0.0050289999999999996,0.191273,-3.1408072554263957,1.3062567720701161,-3.0511496917514473,0.05458093655216871,0.0050278085854615767,0.19118612834342189,-0.26039558035846688,-0.089543918097607519,0.96134074524151236,-0.023604886646599776,0.99598285460013836,0.086376864199631767,-0.96521342254248543,-0.00020018563737605154,-0.26146320748727203,8.9637603244576236e-05,2.1561748542366989e-05
2.0600039958953857,1790953866.9444699,0.00058889389038085938,0.085905105783160907,0.034801865284766934,-0.034505159311927894,0.010384709049366262,0.35152676464417792,-0.010925761117484504,0.054602999999999999,0.0050289999999999996,0.191273,-3.1408072554263957,1.3062567720701161,-3.0511496917514473,0.05458093655216871,0.0050278085854615767,0.19118612834342189,-0.26039558035846688,-0.089543918097607519,0.96134074524151236,-0.023604886646599776,0.99598285460013836,0.086376864199631767,-0.96521342254248543,-0.00020018563737605154,-0.26146320748727203,8.9637603244576236e-05,2.1561748542366989e-05
2.0650050640106201,1790953866.949471,0.00062894821166992188,0.085905105783160907,0.034801865284766934,-0.034505159311927894,0.010384709049366262,0.35152676464417792,-0.010925761117484504,0.054602999999999999,0.0050289999999999996,0.191273,-3.1408072554263957,1.3062567720701161,-3.0511496917514473,0.05458093655216871,0.0050278085854615767,0.19118612834342189,-0.26039558035846688,-0.089543918097607519,0.96134074524151236,-0.023604886646599776,0.99598285460013836,0.086376864199631767,-0.96521342254248543,-0.00020018563737605154,-0.26146320748727203,8.9637603244576236e-05,2.1561748542366989e-05
2.0700020790100098,1790953866.954468,0.000598907470703125,0.085905105783160907,0.034801865284766934,-0.034505159311927894,0.010384709049366262,0.35152676464417792,-0.010925761117484504,0.054602999999999999,0.0050289999999999996,0.191273,-3.1408072554263957,1.3062567720701161,-3.0511496917514473,0.05458093655216871,0.0050278085854615767,0.19118612834342189,-0.26039558035846688,-0.089543918097607519,0.96134074524151236,-0.023604886646599776,0.99598285460013836,0.086376864199631767,-0.96521342254248543,-0.00020018563737605154,-0.26146320748727203,8.9637603244576236e-05,2.1561748542366989e-05
2.075005054473877,1790953866.959471,0.00062704086303710938,0.085905105783160907,0.034801865284766934,-0.034505159311927894,0.010384709049366262,0.35152676464417792,-0.010925761117484504,0.054602999999999999,0.0050289999999999996,0.191273,-3.1408072554263957,1.3062567720701161,-3.0511496917514473,0.05458093655216871,0.0050278085854615767,0.19118612834342189,-0.26039558035846688,-0.089543918097607519,0.96134074524151236,-0.023604886646599776,0.99598285460013836,0.086376864199631767,-0.96521342254248543,-0.00020018563737605154,-0.26146320748727203,8.9637603244576236e-05,2.1561748542366989e-05
2.0800061225891113,1790953866.9644721,0.00059294700622558594,0.085905105783160907,0.034801865284766934,-0.034505159311927894,0.010384709049366262,0.35152676464417792,-0.010925761117484504,0.054602999999999999,0.0050289999999999996,0.191273,-3.1408072554263957,1.3062567720701161,-3.0511496917514473,0.05458093655216871,0.0050278085854615767,0.19118612834342189,-0.26039558035846688,-0.089543918097607519,0.96134074524151236,-0.023604886646599776,0.99598285460013836,0.086376864199631767,-0.96521342254248543,-0.00020018563737605154,-0.26146320748727203,8.9637603244576236e-05,2.1561748542366989e-05
2.0850021839141846,1790953866.9694681,0.00060009956359863281,0.085905105783160907,0.034801865284766934,-0.034505159311927894,0.010384709049366262,0.35152676464417792,-0.010925761117484504,0.054602999999999999,0.0050289999999999996,0.191273,-3.1408072554263957,1.3062567720701161,-3.0511496917514473,0.05458093655216871,0.0050278085854615767,0.19118612834342189,-0.26039558035846688,-0.089543918097607519,0.96134074524151236,-0.023604886646599776,0.99598285460013836,0.086376864199631767,-0.96521342254248543,-0.00020018563737605154,-0.26146320748727203,8.9637603244576236e-05,2.1561748542366989e-05
2.0900020599365234,1790953866.974468,0.00059103965759277344,0.085905105783160907,0.034801865284766934,-0.034505159311927894,0.010384709049366262,0.35152676464417792,-0.010925761117484504,0.054602999999999999,0.0050289999999999996,0.191273,-3.1408072554263957,1.3062567720701161,-3.0511496917514473,0.05458093655216871,0.0050278085854615767,0.19118612834342189,-0.26039558035846688,-0.089543918097607519,0.96134074524151236,-0.023604886646599776,0.99598285460013836,0.086376864199631767,-0.96521342254248543,-0.00020018563737605154,-0.26146320748727203,8.9637603244576236e-05,2.1561748542366989e-05
2.0950000286102295,1790953866.979466,0.00062394142150878906,0.085905105783160907,0.034801865284766934,-0.034505159311927894,0.010384709049366262,0.35152676464417792,-0.010925761117484504,0.054602999999999999,0.0050289999999999996,0.191273,-3.1408072554263957,1.3062567720701161,-3.0511496917514473,0.05458093655216871,0.0050278085854615767,0.19118612834342189,-0.26039558035846688,-0.089543918097607519,0.96134074524151236,-0.023604886646599776,0.99598285460013836,0.086376864199631767,-0.96521342254248543,-0.00020018563737605154,-0.26146320748727203,8.9637603244576236e-05,2.1561748542366989e-05
2.1000020503997803,1790953866.984468,0.00059294700622558594,0.085905105783160907,0.034801865284766934,-0.034505159311927894,0.010384709049366262,0.35152676464417792,-0.010925761117484504,0.054602999999999999,0.0050289999999999996,0.191273,-3.1408072554263957,1.3062567720701161,-3.0511496917514473,0.05458093655216871,0.0050278085854615767,0.19118612834342189,-0.26039558035846688,-0.089543918097607519,0.96134074524151236,-0.023604886646599776,0.99598285460013836,0.086376864199631767,-0.96521342254248543,-0.00020018563737605154,-0.26146320748727203,8.9637603244576236e-05,2.1561748542366989e-05
2.1050021648406982,1790953866.9894681,0.00059008598327636719,0.085905105783160907,0.034801865284766934,-0.034505159311927894,0.010384709049366262,0.35152676464417792,-0.010925761117484504,0.054602999999999999,0.0050289999999999996,0.191273,-3.1408072554263957,1.3062567720701161,-3.0511496917514473,0.05458093655216871,0.0050278085854615767,0.19118612834342189,-0.26039558035846688,-0.089543918097607519,0.96134074524151236,-0.023604886646599776,0.99598285460013836,0.086376864199631767,-0.96521342254248543,-0.00020018563737605154,-0.26146320748727203,8.9637603244576236e-05,2.1561748542366989e-05
2.1100029945373535,1790953866.9944689,0.00059199333190917969,0.085905105783160907,0.034801865284766934,-0.034505159311927894,0.010384709049366262,0.35152676464417792,-0.010925761117484504,0.054602999999999999,0.0050289999999999996,0.191273,-3.1408072554263957,1.3062567720701161,-3.0511496917514473,0.05458093655216871,0.0050278085854615767,0.19118612834342189,-0.26039558035846688,-0.089543918097607519,0.96134074524151236,-0.023604886646599776,0.99598285460013836,0.086376864199631767,-0.96521342254248543,-0.00020018563737605154,-0.26146320748727203,8.9637603244576236e-05,2.1561748542366989e-05
2.1150021553039551,1790953866.9994681,0.0005950927734375,0.085905105783160907,0.034801865284766934,-0.034505159311927894,0.010384709049366262,0.35152676464417792,-0.010925761117484504,0.054602999999999999,0.0050289999999999996,0.191273,-3.1408072554263957,1.3062567720701161,-3.0511496917514473,0.05458093655216871,0.0050278085854615767,0.19118612834342189,-0.26039558035846688,-0.089543918097607519,0.96134074524151236,-0.023604886646599776,0.99598285460013836,0.086376864199631767,-0.96521342254248543,-0.00020018563737605154,-0.26146320748727203,8.9637603244576236e-05,2.1561748542366989e-05
2.1200020313262939,1790953867.004468,0.00059604644775390625,0.085905105783160907,0.034801865284766934,-0.034505159311927894,0.010384709049366262,0.35152676464417792,-0.010925761117484504,0.054602999999999999,0.0050289999999999996,0.191273,-3.1408072554263957,1.3062567720701161,-3.0511496917514473,0.05458093655216871,0.0050278085854615767,0.19118612834342189,-0.26039558035846688,-0.089543918097607519,0.96134074524151236,-0.023604886646599776,0.99598285460013836,0.086376864199631767,-0.96521342254248543,-0.00020018563737605154,-0.26146320748727203,8.9637603244576236e-05,2.1561748542366989e-05
2.1250021457672119,1790953867.0094681,0.00057816505432128906,0.085905105783160907,0.034801865284766934,-0.034505159311927894,0.010384709049366262,0.35152676464417792,-0.010925761117484504,0.054602999999999999,0.0050289999999999996,0.191273,-3.1408072554263957,1.3062567720701161,-3.0511496917514473,0.05458093655216871,0.0050278085854615767,0.19118612834342189,-0.26039558035846688,-0.089543918097607519,0.96134074524151236,-0.023604886646599776,0.99598285460013836,0.086376864199631767,-0.96521342254248543,-0.00020018563737605154,-0.26146320748727203,8.9637603244576236e-05,2.1561748542366989e-05
2.1300020217895508,1790953867.014468,0.00059294700622558594,0.085905105783160907,0.034801865284766934,-0.034505159311927894,0.010384709049366262,0.35152676464417792,-0.010925761117484504,0.054602999999999999,0.0050289999999999996,0.191273,-3.1408072554263957,1.3062567720701161,-3.0511496917514473,0.05458093655216871,0.0050278085854615767,0.19118612834342189,-0.26039558035846688,-0.089543918097607519,0.96134074524151236,-0.023604886646599776,0.99598285460013836,0.086376864199631767,-0.96521342254248543,-0.00020018563737605154,-0.26146320748727203,8.9637603244576236e-05,2.1561748542366989e-05
2.1350021362304688,1790953867.0194681,0.00057911872863769531,0.085905105783160907,0.034801865284766934,-0.034505159311927894,0.010384709049366262,0.35152676464417792,-0.010925761117484504,0.054602999999999999,0.0050289999999999996,0.191273,-3.1408072554263957,1.3062567720701161,-3.0511496917514473,0.05458093655216871,0.0050278085854615767,0.19118612834342189,-0.26039558035846688,-0.089543918097607519,0.96134074524151236,-0.023604886646599776,0.99598285460013836,0.086376864199631767,-0.96521342254248543,-0.00020018563737605154,-0.26146320748727203,8.9637603244576236e-05,2.1561748542366989e-05
2.1400041580200195,1790953867.0244701,0.00059604644775390625,0.085905105783160907,0.034801865284766934,-0.034505159311927894,0.010384709049366262,0.35152676464417792,-0.010925761117484504,0.054602999999999999,0.0050289999999999996,0.191273,-3.1408072554263957,1.3062567720701161,-3.0511496917514473,0.05458093655216871,0.0050278085854615767,0.19118612834342189,-0.26039558035846688,-0.089543918097607519,0.96134074524151236,-0.023604886646599776,0.99598285460013836,0.086376864199631767,-0.96521342254248543,-0.00020018563737605154,-0.26146320748727203,8.9637603244576236e-05,2.1561748542366989e-05
2.1450011730194092,1790953867.0294671,0.00059199333190917969,0.085905105783160907,0.034801865284766934,-0.034505159311927894,0.010384709049366262,0.35152676464417792,-0.010925761117484504,0.054602999999999999,0.0050289999999999996,0.191273,-3.1408072554263957,1.3062567720701161,-3.0511496917514473,0.05458093655216871,0.0050278085854615767,0.19118612834342189,-0.26039558035846688,-0.089543918097607519,0.96134074524151236,-0.023604886646599776,0.99598285460013836,0.086376864199631767,-0.96521342254248543,-0.00020018563737605154,-0.26146320748727203,8.9637603244576236e-05,2.1561748542366989e-05
2.1500029563903809,1790953867.0344689,0.00058984756469726562,0.085905105783160907,0.034801865284766934,-0.034505159311927894,0.010384709049366262,0.35152676464417792,-0.010925761117484504,0.054602999999999999,0.0050289999999999996,0.191273,-3.1408072554263957,1.3062567720701161,-3.0511496917514473,0.05458093655216871,0.0050278085854615767,0.19118612834342189,-0.26039558035846688,-0.089543918097607519,0.96134074524151236,-0.023604886646599776,0.99598285460013836,0.086376864199631767,-0.96521342254248543,-0.00020018563737605154,-0.26146320748727203,8.9637603244576236e-05,2.1561748542366989e-05
2.1550021171569824,1790953867.0394681,0.00058698654174804688,0.085905105783160907,0.034801865284766934,-0.034505159311927894,0.010384709049366262,0.35152676464417792,-0.010925761117484504,0.054602999999999999,0.0050289999999999996,0.191273,-3.1408072554263957,1.3062567720701161,-3.0511496917514473,0.05458093655216871,0.0050278085854615767,0.19118612834342189,-0.26039558035846688,-0.089543918097607519,0.96134074524151236,-0.023604886646599776,0.99598285460013836,0.086376864199631767,-0.96521342254248543,-0.00020018563737605154,-0.26146320748727203,8.9637603244576236e-05,2.1561748542366989e-05
2.1600251197814941,1790953867.0444911,0.00062012672424316406,0.085905105783160907,0.034801865284766934,-0.034505159311927894,0.010384709049366262,0.35152676464417792,-0.010925761117484504,0.054602999999999999,0.0050289999999999996,0.191273,-3.1408072554263957,1.3062567720701161,-3.0511496917514473,0.05458093655216871,0.0050278085854615767,0.19118612834342189,-0.26039558035846688,-0.089543918097607519,0.96134074524151236,-0.023604886646599776,0.99598285460013836,0.086376864199631767,-0.96521342254248543,-0.00020018563737605154,-0.26146320748727203,8.9637603244576236e-05,2.1561748542366989e-05
2.1649999618530273,1790953867.0494659,0.00059294700622558594,0.085905105783160907,0.034801865284766934,-0.034505159311927894,0.010384709049366262,0.35152676464417792,-0.010925761117484504,0.054602999999999999,0.0050289999999999996,0.191273,-3.1408072554263957,1.3062567720701161,-3.0511496917514473,0.05458093655216871,0.0050278085854615767,0.19118612834342189,-0.26039558035846688,-0.089543918097607519,0.96134074524151236,-0.023604886646599776,0.99598285460013836,0.086376864199631767,-0.96521342254248543,-0.00020018563737605154,-0.26146320748727203,8.9637603244576236e-05,2.1561748542366989e-05
2.1700019836425781,1790953867.0544679,0.0005970001220703125,0.085905105783160907,0.034801865284766934,-0.034505159311927894,0.010384709049366262,0.35152676464417792,-0.010925761117484504,0.054602999999999999,0.0050289999999999996,0.191273,-3.1408072554263957,1.3062567720701161,-3.0511496917514473,0.05458093655216871,0.0050278085854615767,0.19118612834342189,-0.26039558035846688,-0.089543918097607519,0.96134074524151236,-0.023604886646599776,0.99598285460013836,0.086376864199631767,-0.96521342254248543,-0.00020018563737605154,-0.26146320748727203,8.9637603244576236e-05,2.1561748542366989e-05
2.1750040054321289,1790953867.0594699,0.00060391426086425781,0.085905105783160907,0.034801865284766934,-0.034505159311927894,0.010384709049366262,0.35152676464417792,-0.010925761117484504,0.054602999999999999,0.0050289999999999996,0.191273,-3.1408072554263957,1.3062567720701161,-3.0511496917514473,0.05458093655216871,0.0050278085854615767,0.19118612834342189,-0.26039558035846688,-0.089543918097607519,0.96134074524151236,-0.023604886646599776,0.99598285460013836,0.086376864199631767,-0.96521342254248543,-0.00020018563737605154,-0.26146320748727203,8.9637603244576236e-05,2.1561748542366989e-05
2.1800010204315186,1790953867.064467,0.00059604644775390625,0.085905105783160907,0.034801865284766934,-0.034505159311927894,0.010384709049366262,0.35152676464417792,-0.010925761117484504,0.054602999999999999,0.0050289999999999996,0.191273,-3.1408072554263957,1.3062567720701161,-3.0511496917514473,0.05458093655216871,0.0050278085854615767,0.19118612834342189,-0.26039558035846688,-0.089543918097607519,0.96134074524151236,-0.023604886646599776,0.99598285460013836,0.086376864199631767,-0.96521342254248543,-0.00020018563737605154,-0.26146320748727203,8.9637603244576236e-05,2.1561748542366989e-05
2.1850061416625977,1790953867.0694721,0.00058317184448242188,0.085905105783160907,0.034801865284766934,-0.034505159311927894,0.010384709049366262,0.35152676464417792,-0.010925761117484504,0.054602999999999999,0.0050289999999999996,0.191273,-3.1408072554263957,1.3062567720701161,-3.0511496917514473,0.05458093655216871,0.0050278085854615767,0.19118612834342189,-0.26039558035846688,-0.089543918097607519,0.96134074524151236,-0.023604886646599776,0.99598285460013836,0.086376864199631767,-0.96521342254248543,-0.00020018563737605154,-0.26146320748727203,8.9637603244576236e-05,2.1561748542366989e-05
2.1900010108947754,1790953867.0744669,0.00058484077453613281,0.085905105783160907,0.034801865284766934,-0.034505159311927894,0.010384709049366262,0.35152676464417792,-0.010925761117484504,0.054602999999999999,0.0050289999999999996,0.191273,-3.1408072554263957,1.3062567720701161,-3.0511496917514473,0.05458093655216871,0.0050278085854615767,0.19118612834342189,-0.26039558035846688,-0.089543918097607519,0.96134074524151236,-0.023604886646599776,0.99598285460013836,0.086376864199631767,-0.96521342254248543,-0.00020018563737605154,-0.26146320748727203,8.9637603244576236e-05,2.1561748542366989e-05
2.1950061321258545,1790953867.0794721,0.00060200691223144531,0.085905105783160907,0.034801865284766934,-0.034505159311927894,0.010384709049366262,0.35152676464417792,-0.010925761117484504,0.054602999999999999,0.0050289999999999996,0.191273,-3.1408072554263957,1.3062567720701161,-3.0511496917514473,0.05458093655216871,0.0050278085854615767,0.19118612834342189,-0.26039558035846688,-0.089543918097607519,0.96134074524151236,-0.023604886646599776,0.99598285460013836,0.086376864199631767,-0.96521342254248543,-0.00020018563737605154,-0.26146320748727203,8.9637603244576236e-05,2.1561748542366989e-05
2.2000031471252441,1790953867.0844691,0.0005970001220703125,0.085905105783160907,0.034801865284766934,-0.034505159311927894,0.010384709049366262,0.35152676464417792,-0.010925761117484504,0.054602999999999999,0.0050289999999999996,0.191273,-3.1408072554263957,1.3062567720701161,-3.0511496917514473,0.05458093655216871,0.0050278085854615767,0.19118612834342189,-0.26039558035846688,-0.089543918097607519,0.96134074524151236,-0.023604886646599776,0.99598285460013836,0.086376864199631767,-0.96521342254248543,-0.00020018563737605154,-0.26146320748727203,8.9637603244576236e-05,2.1561748542366989e-05
2.2050051689147949,1790953867.0894711,0.00062799453735351562,0.085905105783160907,0.034801865284766934,-0.034505159311927894,0.010384709049366262,0.35152676464417792,-0.010925761117484504,0.054602999999999999,0.0050289999999999996,0.191273,-3.1408072554263957,1.3062567720701161,-3.0511496917514473,0.05458093655216871,0.0050278085854615767,0.19118612834342189,-0.26039558035846688,-0.089543918097607519,0.96134074524151236,-0.023604886646599776,0.99598285460013836,0.086376864199631767,-0.96521342254248543,-0.00020018563737605154,-0.26146320748727203,8.9637603244576236e-05,2.1561748542366989e-05
2.2100000381469727,1790953867.094466,0.00058603286743164062,0.085905105783160907,0.034801865284766934,-0.034505159311927894,0.010384709049366262,0.35152676464417792,-0.010925761117484504,0.054602999999999999,0.0050289999999999996,0.191273,-3.1408072554263957,1.3062567720701161,-3.0511496917514473,0.05458093655216871,0.0050278085854615767,0.19118612834342189,-0.26039558035846688,-0.089543918097607519,0.96134074524151236,-0.023604886646599776,0.99598285460013836,0.086376864199631767,-0.96521342254248543,-0.00020018563737605154,-0.26146320748727203,8.9637603244576236e-05,2.1561748542366989e-05
2.2150039672851562,1790953867.0994699,0.0006008148193359375,0.085905105783160907,0.034801865284766934,-0.034505159311927894,0.010384709049366262,0.35152676464417792,-0.010925761117484504,0.054602999999999999,0.0050289999999999996,0.191273,-3.1408072554263957,1.3062567720701161,-3.0511496917514473,0.05458093655216871,0.0050278085854615767,0.19118612834342189,-0.26039558035846688,-0.089543918097607519,0.96134074524151236,-0.023604886646599776,0.99598285460013836,0.086376864199631767,-0.96521342254248543,-0.00020018563737605154,-0.26146320748727203,8.9637603244576236e-05,2.1561748542366989e-05
2.2200050354003906,1790953867.104471,0.00058197975158691406,0.085905105783160907,0.034801865284766934,-0.034505159311927894,0.010384709049366262,0.35152676464417792,-0.010925761117484504,0.054602999999999999,0.0050289999999999996,0.191273,-3.1408072554263957,1.3062567720701161,-3.0511496917514473,0.05458093655216871,0.0050278085854615767,0.19118612834342189,-0.26039558035846688,-0.089543918097607519,0.96134074524151236,-0.023604886646599776,0.99598285460013836,0.086376864199631767,-0.96521342254248543,-0.00020018563737605154,-0.26146320748727203,8.9637603244576236e-05,2.1561748542366989e-05
2.2250001430511475,1790953867.1094661,0.00059914588928222656,0.085905105783160907,0.034801865284766934,-0.034505159311927894,0.010384709049366262,0.35152676464417792,-0.010925761117484504,0.054602999999999999,0.0050289999999999996,0.191273,-3.1408072554263957,1.3062567720701161,-3.0511496917514473,0.05458093655216871,0.0050278085854615767,0.19118612834342189,-0.26039558035846688,-0.089543918097607519,0.96134074524151236,-0.023604886646599776,0.99598285460013836,0.086376864199631767,-0.96521342254248543,-0.00020018563737605154,-0.26146320748727203,8.9637603244576236e-05,2.1561748542366989e-05
2.2300050258636475,1790953867.114471,0.0005970001220703125,0.085905105783160907,0.034801865284766934,-0.034505159311927894,0.010384709049366262,0.35152676464417792,-0.010925761117484504,0.054602999999999999,0.0050289999999999996,0.191273,-3.1408072554263957,1.3062567720701161,-3.0511496917514473,0.05458093655216871,0.0050278085854615767,0.19118612834342189,-0.26039558035846688,-0.089543918097607519,0.96134074524151236,-0.023604886646599776,0.99598285460013836,0.086376864199631767,-0.96521342254248543,-0.00020018563737605154,-0.26146320748727203,8.9637603244576236e-05,2.1561748542366989e-05
2.2350051403045654,1790953867.1194711,0.00060009956359863281,0.085905105783160907,0.034801865284766934,-0.034505159311927894,0.010384709049366262,0.35152676464417792,-0.010925761117484504,0.054602999999999999,0.0050289999999999996,0.191273,-3.1408072554263957,1.3062567720701161,-3.0511496917514473,0.05458093655216871,0.0050278085854615767,0.19118612834342189,-0.26039558035846688,-0.089543918097607519,0.96134074524151236,-0.023604886646599776,0.99598285460013836,0.086376864199631767,-0.96521342254248543,-0.00020018563737605154,-0.26146320748727203,8.9637603244576236e-05,2.1561748542366989e-05
2.2400259971618652,1790953867.1244919,0.00062084197998046875,0.085905105783160907,0.034801865284766934,-0.034505159311927894,0.010384709049366262,0.35152676464417792,-0.010925761117484504,0.054602999999999999,0.0050289999999999996,0.191273,-3.1408072554263957,1.3062567720701161,-3.0511496917514473,0.05458093655216871,0.0050278085854615767,0.19118612834342189,-0.26039558035846688,-0.089543918097607519,0.96134074524151236,-0.023604886646599776,0.99598285460013836,0.086376864199631767,-0.96521342254248543,-0.00020018563737605154,-0.26146320748727203,8.9637603244576236e-05,2.1561748542366989e-05
2.2450051307678223,1790953867.1294711,0.00062704086303710938,0.085905105783160907,0.034801865284766934,-0.034505159311927894,0.010384709049366262,0.35152676464417792,-0.010925761117484504,0.054602999999999999,0.0050289999999999996,0.191273,-3.1408072554263957,1.3062567720701161,-3.0511496917514473,0.05458093655216871,0.0050278085854615767,0.19118612834342189,-0.26039558035846688,-0.089543918097607519,0.96134074524151236,-0.023604886646599776,0.99598285460013836,0.086376864199631767,-0.96521342254248543,-0.00020018563737605154,-0.26146320748727203,8.9637603244576236e-05,2.1561748542366989e-05
2.2500059604644775,1790953867.1344719,0.00058698654174804688,0.085905105783160907,0.034801865284766934,-0.034505159311927894,0.010384709049366262,0.35152676464417792,-0.010925761117484504,0.054602999999999999,0.0050289999999999996,0.191273,-3.1408072554263957,1.3062567720701161,-3.0511496917514473,0.05458093655216871,0.0050278085854615767,0.19118612834342189,-0.26039558035846688,-0.089543918097607519,0.96134074524151236,-0.023604886646599776,0.99598285460013836,0.086376864199631767,-0.96521342254248543,-0.00020018563737605154,-0.26146320748727203,8.9637603244576236e-05,2.1561748542366989e-05
2.2550051212310791,1790953867.1394711,0.00062394142150878906,0.085905105783160907,0.034801865284766934,-0.034505159311927894,0.010384709049366262,0.35152676464417792,-0.010925761117484504,0.054602999999999999,0.0050289999999999996,0.191273,-3.1408072554263957,1.3062567720701161,-3.0511496917514473,0.05458093655216871,0.0050278085854615767,0.19118612834342189,-0.26039558035846688,-0.089543918097607519,0.96134074524151236,-0.023604886646599776,0.99598285460013836,0.086376864199631767,-0.96521342254248543,-0.00020018563737605154,-0.26146320748727203,8.9637603244576236e-05,2.1561748542366989e-05
2.2600021362304688,1790953867.1444681,0.00058817863464355469,0.085905105783160907,0.034801865284766934,-0.034505159311927894,0.010384709049366262,0.35152676464417792,-0.010925761117484504,0.054602999999999999,0.0050289999999999996,0.191273,-3.1408072554263957,1.3062567720701161,-3.0511496917514473,0.05458093655216871,0.0050278085854615767,0.19118612834342189,-0.26039558035846688,-0.089543918097607519,0.96134074524151236,-0.023604886646599776,0.99598285460013836,0.086376864199631767,-0.96521342254248543,-0.00020018563737605154,-0.26146320748727203,8.9637603244576236e-05,2.1561748542366989e-05
2.265002965927124,1790953867.1494689,0.00059485435485839844,0.085905105783160907,0.034801865284766934,-0.034505159311927894,0.010384709049366262,0.35152676464417792,-0.010925761117484504,0.054602999999999999,0.0050289999999999996,0.191273,-3.1408072554263957,1.3062567720701161,-3.0511496917514473,0.05458093655216871,0.0050278085854615767,0.19118612834342189,-0.26039558035846688,-0.089543918097607519,0.96134074524151236,-0.023604886646599776,0.99598285460013836,0.086376864199631767,-0.96521342254248543,-0.00020018563737605154,-0.26146320748727203,8.9637603244576236e-05,2.1561748542366989e-05
2.270003080368042,1790953867.154469,0.00059294700622558594,0.085905105783160907,0.034801865284766934,-0.034505159311927894,0.010384709049366262,0.35152676464417792,-0.010925761117484504,0.054602999999999999,0.0050289999999999996,0.191273,-3.1408072554263957,1.3062567720701161,-3.0511496917514473,0.05458093655216871,0.0050278085854615767,0.19118612834342189,-0.26039558035846688,-0.089543918097607519,0.96134074524151236,-0.023604886646599776,0.99598285460013836,0.086376864199631767,-0.96521342254248543,-0.00020018563737605154,-0.26146320748727203,8.9637603244576236e-05,2.1561748542366989e-05
2.2750041484832764,1790953867.1594701,0.0005931854248046875,0.085905105783160907,0.034801865284766934,-0.034505159311927894,0.010384709049366262,0.35152676464417792,-0.010925761117484504,0.054602999999999999,0.0050289999999999996,0.191273,-3.1408072554263957,1.3062567720701161,-3.0511496917514473,0.05458093655216871,0.0050278085854615767,0.19118612834342189,-0.26039558035846688,-0.089543918097607519,0.96134074524151236,-0.023604886646599776,0.99598285460013836,0.086376864199631767,-0.96521342254248543,-0.00020018563737605154,-0.26146320748727203,8.9637603244576236e-05,2.1561748542366989e-05
2.2800021171569824,1790953867.1644681,0.00059413909912109375,0.085905105783160907,0.034801865284766934,-0.034505159311927894,0.010384709049366262,0.35152676464417792,-0.010925761117484504,0.054602999999999999,0.0050289999999999996,0.191273,-3.1408072554263957,1.3062567720701161,-3.0511496917514473,0.05458093655216871,0.0050278085854615767,0.19118612834342189,-0.26039558035846688,-0.089543918097607519,0.96134074524151236,-0.023604886646599776,0.99598285460013836,0.086376864199631767,-0.96521342254248543,-0.00020018563737605154,-0.26146320748727203,8.9637603244576236e-05,2.1561748542366989e-05
2.2850031852722168,1790953867.1694691,0.00062513351440429688,0.085905105783160907,0.034801865284766934,-0.034505159311927894,0.010384709049366262,0.35152676464417792,-0.010925761117484504,0.054602999999999999,0.0050289999999999996,0.191273,-3.1408072554263957,1.3062567720701161,-3.0511496917514473,0.05458093655216871,0.0050278085854615767,0.19118612834342189,-0.26039558035846688,-0.089543918097607519,0.96134074524151236,-0.023604886646599776,0.99598285460013836,0.086376864199631767,-0.96521342254248543,-0.00020018563737605154,-0.26146320748727203,8.9637603244576236e-05,2.1561748542366989e-05
2.2900300025939941,1790953867.1744959,0.00062084197998046875,0.085905105783160907,0.034801865284766934,-0.034505159311927894,0.010384709049366262,0.35152676464417792,-0.010925761117484504,0.054602999999999999,0.0050289999999999996,0.191273,-3.1408072554263957,1.3062567720701161,-3.0511496917514473,0.05458093655216871,0.0050278085854615767,0.19118612834342189,-0.26039558035846688,-0.089543918097607519,0.96134074524151236,-0.023604886646599776,0.99598285460013836,0.086376864199631767,-0.96521342254248543,-0.00020018563737605154,-0.26146320748727203,8.9637603244576236e-05,2.1561748542366989e-05
2.2950050830841064,1790953867.179471,0.00060105323791503906,0.085905105783160907,0.034801865284766934,-0.034505159311927894,0.010384709049366262,0.35152676464417792,-0.010925761117484504,0.054602999999999999,0.0050289999999999996,0.191273,-3.1408072554263957,1.3062567720701161,-3.0511496917514473,0.05458093655216871,0.0050278085854615767,0.19118612834342189,-0.26039558035846688,-0.089543918097607519,0.96134074524151236,-0.023604886646599776,0.99598285460013836,0.086376864199631767,-0.96521342254248543,-0.00020018563737605154,-0.26146320748727203,8.9637603244576236e-05,2.1561748542366989e-05
2.3000061511993408,1790953867.1844721,0.00059008598327636719,0.085905105783160907,0.034801865284766934,-0.034505159311927894,0.010384709049366262,0.35152676464417792,-0.010925761117484504,0.054602999999999999,0.0050289999999999996,0.191273,-3.1408072554263957,1.3062567720701161,-3.0511496917514473,0.05458093655216871,0.0050278085854615767,0.19118612834342189,-0.26039558035846688,-0.089543918097607519,0.96134074524151236,-0.023604886646599776,0.99598285460013836,0.086376864199631767,-0.96521342254248543,-0.00020018563737605154,-0.26146320748727203,8.9637603244576236e-05,2.1561748542366989e-05
2.3050031661987305,1790953867.1894691,0.00062513351440429688,0.085905105783160907,0.034801865284766934,-0.034505159311927894,0.010384709049366262,0.35152676464417792,-0.010925761117484504,0.054602999999999999,0.0050289999999999996,0.191273,-3.1408072554263957,1.3062567720701161,-3.0511496917514473,0.05458093655216871,0.0050278085854615767,0.19118612834342189,-0.26039558035846688,-0.089543918097607519,0.96134074524151236,-0.023604886646599776,0.99598285460013836,0.086376864199631767,-0.96521342254248543,-0.00020018563737605154,-0.26146320748727203,8.9637603244576236e-05,2.1561748542366989e-05
2.310028076171875,1790953867.194494,0.00057697296142578125,0.085905105783160907,0.034801865284766934,-0.034505159311927894,0.010384709049366262,0.35152676464417792,-0.010925761117484504,0.054602999999999999,0.0050289999999999996,0.191273,-3.1408072554263957,1.3062567720701161,-3.0511496917514473,0.05458093655216871,0.0050278085854615767,0.19118612834342189,-0.26039558035846688,-0.089543918097607519,0.96134074524151236,-0.023604886646599776,0.99598285460013836,0.086376864199631767,-0.96521342254248543,-0.00020018563737605154,-0.26146320748727203,8.9637603244576236e-05,2.1561748542366989e-05
2.3150010108947754,1790953867.1994669,0.000598907470703125,0.085905105783160907,0.034801865284766934,-0.034505159311927894,0.010384709049366262,0.35152676464417792,-0.010925761117484504,0.054602999999999999,0.0050289999999999996,0.191273,-3.1408072554263957,1.3062567720701161,-3.0511496917514473,0.05458093655216871,0.0050278085854615767,0.19118612834342189,-0.26039558035846688,-0.089543918097607519,0.96134074524151236,-0.023604886646599776,0.99598285460013836,0.086376864199631767,-0.96521342254248543,-0.00020018563737605154,-0.26146320748727203,8.9637603244576236e-05,2.1561748542366989e-05
2.3200039863586426,1790953867.2044699,0.0006008148193359375,0.085905105783160907,0.034801865284766934,-0.034505159311927894,0.010384709049366262,0.35152676464417792,-0.010925761117484504,0.054602999999999999,0.0050289999999999996,0.191273,-3.1408072554263957,1.3062567720701161,-3.0511496917514473,0.05458093655216871,0.0050278085854615767,0.19118612834342189,-0.26039558035846688,-0.089543918097607519,0.96134074524151236,-0.023604886646599776,0.99598285460013836,0.086376864199631767,-0.96521342254248543,-0.00020018563737605154,-0.26146320748727203,8.9637603244576236e-05,2.1561748542366989e-05
2.3250010013580322,1790953867.2094669,0.00058794021606445312,0.085905105783160907,0.034801865284766934,-0.034505159311927894,0.010384709049366262,0.35152676464417792,-0.010925761117484504,0.054602999999999999,0.0050289999999999996,0.191273,-3.1408072554263957,1.3062567720701161,-3.0511496917514473,0.05458093655216871,0.0050278085854615767,0.19118612834342189,-0.26039558035846688,-0.089543918097607519,0.96134074524151236,-0.023604886646599776,0.99598285460013836,0.086376864199631767,-0.96521342254248543,-0.00020018563737605154,-0.26146320748727203,8.9637603244576236e-05,2.1561748542366989e-05
2.3300280570983887,1790953867.214494,0.00062203407287597656,0.085905105783160907,0.034801865284766934,-0.034505159311927894,0.010384709049366262,0.35152676464417792,-0.010925761117484504,0.054602999999999999,0.0050289999999999996,0.191273,-3.1408072554263957,1.3062567720701161,-3.0511496917514473,0.05458093655216871,0.0050278085854615767,0.19118612834342189,-0.26039558035846688,-0.089543918097607519,0.96134074524151236,-0.023604886646599776,0.99598285460013836,0.086376864199631767,-0.96521342254248543,-0.00020018563737605154,-0.26146320748727203,8.9637603244576236e-05,2.1561748542366989e-05
2.335003137588501,1790953867.2194691,0.0005970001220703125,0.085905105783160907,0.034801865284766934,-0.034505159311927894,0.010384709049366262,0.35152676464417792,-0.010925761117484504,0.054602999999999999,0.0050289999999999996,0.191273,-3.1408072554263957,1.3062567720701161,-3.0511496917514473,0.05458093655216871,0.0050278085854615767,0.19118612834342189,-0.26039558035846688,-0.089543918097607519,0.96134074524151236,-0.023604886646599776,0.99598285460013836,0.086376864199631767,-0.96521342254248543,-0.00020018563737605154,-0.26146320748727203,8.9637603244576236e-05,2.1561748542366989e-05
2.3400001525878906,1790953867.2244661,0.00058913230895996094,0.085905105783160907,0.034801865284766934,-0.034505159311927894,0.010384709049366262,0.35152676464417792,-0.010925761117484504,0.054602999999999999,0.0050289999999999996,0.191273,-3.1408072554263957,1.3062567720701161,-3.0511496917514473,0.05458093655216871,0.0050278085854615767,0.19118612834342189,-0.26039558035846688,-0.089543918097607519,0.96134074524151236,-0.023604886646599776,0.99598285460013836,0.086376864199631767,-0.96521342254248543,-0.00020018563737605154,-0.26146320748727203,8.9637603244576236e-05,2.1561748542366989e-05
2.3450040817260742,1790953867.22947,0.00059604644775390625,0.085905105783160907,0.034801865284766934,-0.034505159311927894,0.010384709049366262,0.35152676464417792,-0.010925761117484504,0.054602999999999999,0.0050289999999999996,0.191273,-3.1408072554263957,1.3062567720701161,-3.0511496917514473,0.05458093655216871,0.0050278085854615767,0.19118612834342189,-0.26039558035846688,-0.089543918097607519,0.96134074524151236,-0.023604886646599776,0.99598285460013836,0.086376864199631767,-0.96521342254248543,-0.00020018563737605154,-0.26146320748727203,8.9637603244576236e-05,2.1561748542366989e-05
2.3500020503997803,1790953867.234468,0.000576019287109375,0.085905105783160907,0.034801865284766934,-0.034505159311927894,0.010384709049366262,0.35152676464417792,-0.010925761117484504,0.054602999999999999,0.0050289999999999996,0.191273,-3.1408072554263957,1.3062567720701161,-3.0511496917514473,0.05458093655216871,0.0050278085854615767,0.19118612834342189,-0.26039558035846688,-0.089543918097607519,0.96134074524151236,-0.023604886646599776,0.99598285460013836,0.086376864199631767,-0.96521342254248543,-0.00020018563737605154,-0.26146320748727203,8.9637603244576236e-05,2.1561748542366989e-05
2.3550021648406982,1790953867.2394681,0.00062513351440429688,0.085905105783160907,0.034801865284766934,-0.034505159311927894,0.010384709049366262,0.35152676464417792,-0.010925761117484504,0.054602999999999999,0.0050289999999999996,0.191273,-3.1408072554263957,1.3062567720701161,-3.0511496917514473,0.05458093655216871,0.0050278085854615767,0.19118612834342189,-0.26039558035846688,-0.089543918097607519,0.96134074524151236,-0.023604886646599776,0.99598285460013836,0.086376864199631767,-0.96521342254248543,-0.00020018563737605154,-0.26146320748727203,8.9637603244576236e-05,2.1561748542366989e-05
2.3600289821624756,1790953867.2444949,0.00062584877014160156,0.085905105783160907,0.034801865284766934,-0.034505159311927894,0.010384709049366262,0.35152676464417792,-0.010925761117484504,0.054602999999999999,0.0050289999999999996,0.191273,-3.1408072554263957,1.3062567720701161,-3.0511496917514473,0.05458093655216871,0.0050278085854615767,0.19118612834342189,-0.26039558035846688,-0.089543918097607519,0.96134074524151236,-0.023604886646599776,0.99598285460013836,0.086376864199631767,-0.96521342254248543,-0.00020018563737605154,-0.26146320748727203,8.9637603244576236e-05,2.1561748542366989e-05
2.3650021553039551,1790953867.2494681,0.00059199333190917969,0.085905105783160907,0.034801865284766934,-0.034505159311927894,0.010384709049366262,0.35152676464417792,-0.010925761117484504,0.054602999999999999,0.0050289999999999996,0.191273,-3.1408072554263957,1.3062567720701161,-3.0511496917514473,0.05458093655216871,0.0050278085854615767,0.19118612834342189,-0.26039558035846688,-0.089543918097607519,0.96134074524151236,-0.023604886646599776,0.99598285460013836,0.086376864199631767,-0.96521342254248543,-0.00020018563737605154,-0.26146320748727203,8.9637603244576236e-05,2.1561748542366989e-05
2.3700301647186279,1790953867.2544961,0.00062012672424316406,0.085905105783160907,0.034801865284766934,-0.034505159311927894,0.010384709049366262,0.35152676464417792,-0.010925761117484504,0.054602999999999999,0.0050289999999999996,0.191273,-3.1408072554263957,1.3062567720701161,-3.0511496917514473,0.05458093655216871,0.0050278085854615767,0.19118612834342189,-0.26039558035846688,-0.089543918097607519,0.96134074524151236,-0.023604886646599776,0.99598285460013836,0.086376864199631767,-0.96521342254248543,-0.00020018563737605154,-0.26146320748727203,8.9637603244576236e-05,2.1561748542366989e-05
2.3750159740447998,1790953867.2594819,0.00060582160949707031,0.085905105783160907,0.034801865284766934,-0.034505159311927894,0.010384709049366262,0.35152676464417792,-0.010925761117484504,0.054602999999999999,0.0050289999999999996,0.191273,-3.1408072554263957,1.3062567720701161,-3.0511496917514473,0.05458093655216871,0.0050278085854615767,0.19118612834342189,-0.26039558035846688,-0.089543918097607519,0.96134074524151236,-0.023604886646599776,0.99598285460013836,0.086376864199631767,-0.96521342254248543,-0.00020018563737605154,-0.26146320748727203,8.9637603244576236e-05,2.1561748542366989e-05
2.3800020217895508,1790953867.264468,0.00059795379638671875,0.085905105783160907,0.034801865284766934,-0.034505159311927894,0.010384709049366262,0.35152676464417792,-0.010925761117484504,0.054602999999999999,0.0050289999999999996,0.191273,-3.1408072554263957,1.3062567720701161,-3.0511496917514473,0.05458093655216871,0.0050278085854615767,0.19118612834342189,-0.26039558035846688,-0.089543918097607519,0.96134074524151236,-0.023604886646599776,0.99598285460013836,0.086376864199631767,-0.96521342254248543,-0.00020018563737605154,-0.26146320748727203,8.9637603244576236e-05,2.1561748542366989e-05
2.3850021362304688,1790953867.2694681,0.00059413909912109375,0.085905105783160907,0.034801865284766934,-0.034505159311927894,0.010384709049366262,0.35152676464417792,-0.010925761117484504,0.054602999999999999,0.0050289999999999996,0.191273,-3.1408072554263957,1.3062567720701161,-3.0511496917514473,0.05458093655216871,0.0050278085854615767,0.19118612834342189,-0.26039558035846688,-0.089543918097607519,0.96134074524151236,-0.023604886646599776,0.99598285460013836,0.086376864199631767,-0.96521342254248543,-0.00020018563737605154,-0.26146320748727203,8.9637603244576236e-05,2.1561748542366989e-05
2.3900020122528076,1790953867.2744679,0.00059485435485839844,0.085905105783160907,0.034801865284766934,-0.034505159311927894,0.010384709049366262,0.35152676464417792,-0.010925761117484504,0.054602999999999999,0.0050289999999999996,0.191273,-3.1408072554263957,1.3062567720701161,-3.0511496917514473,0.05458093655216871,0.0050278085854615767,0.19118612834342189,-0.26039558035846688,-0.089543918097607519,0.96134074524151236,-0.023604886646599776,0.99598285460013836,0.086376864199631767,-0.96521342254248543,-0.00020018563737605154,-0.26146320748727203,8.9637603244576236e-05,2.1561748542366989e-05
2.3950021266937256,1790953867.2794681,0.0005970001220703125,0.085905105783160907,0.034801865284766934,-0.034505159311927894,0.010384709049366262,0.35152676464417792,-0.010925761117484504,0.054602999999999999,0.0050289999999999996,0.191273,-3.1408072554263957,1.3062567720701161,-3.0511496917514473,0.05458093655216871,0.0050278085854615767,0.19118612834342189,-0.26039558035846688,-0.089543918097607519,0.96134074524151236,-0.023604886646599776,0.99598285460013836,0.086376864199631767,-0.96521342254248543,-0.00020018563737605154,-0.26146320748727203,8.9637603244576236e-05,2.1561748542366989e-05
2.4000020027160645,1790953867.2844679,0.00058889389038085938,0.085905105783160907,0.034801865284766934,-0.034505159311927894,0.010384709049366262,0.35152676464417792,-0.010925761117484504,0.054602999999999999,0.0050289999999999996,0.191273,-3.1408072554263957,1.3062567720701161,-3.0511496917514473,0.05458093655216871,0.0050278085854615767,0.19118612834342189,-0.26039558035846688,-0.089543918097607519,0.96134074524151236,-0.023604886646599776,0.99598285460013836,0.086376864199631767,-0.96521342254248543,-0.00020018563737605154,-0.26146320748727203,8.9637603244576236e-05,2.1561748542366989e-05
2.4050030708312988,1790953867.289469,0.0005970001220703125,0.085905105783160907,0.034801865284766934,-0.034505159311927894,0.010384709049366262,0.35152676464417792,-0.010925761117484504,0.054602999999999999,0.0050289999999999996,0.191273,-3.1408072554263957,1.3062567720701161,-3.0511496917514473,0.05458093655216871,0.0050278085854615767,0.19118612834342189,-0.26039558035846688,-0.089543918097607519,0.96134074524151236,-0.023604886646599776,0.99598285460013836,0.086376864199631767,-0.96521342254248543,-0.00020018563737605154,-0.26146320748727203,8.9637603244576236e-05,2.1561748542366989e-05
2.4100010395050049,1790953867.294467,0.00059795379638671875,0.085905105783160907,0.034801865284766934,-0.034505159311927894,0.010384709049366262,0.35152676464417792,-0.010925761117484504,0.054602999999999999,0.0050289999999999996,0.191273,-3.1408072554263957,1.3062567720701161,-3.0511496917514473,0.05458093655216871,0.0050278085854615767,0.19118612834342189,-0.26039558035846688,-0.089543918097607519,0.96134074524151236,-0.023604886646599776,0.99598285460013836,0.086376864199631767,-0.96521342254248543,-0.00020018563737605154,-0.26146320748727203,8.9637603244576236e-05,2.1561748542366989e-05
2.4150049686431885,1790953867.2994709,0.00062489509582519531,0.085905105783160907,0.034801865284766934,-0.034505159311927894,0.010384709049366262,0.35152676464417792,-0.010925761117484504,0.054602999999999999,0.0050289999999999996,0.191273,-3.1408072554263957,1.3062567720701161,-3.0511496917514473,0.05458093655216871,0.0050278085854615767,0.19118612834342189,-0.26039558035846688,-0.089543918097607519,0.96134074524151236,-0.023604886646599776,0.99598285460013836,0.086376864199631767,-0.96521342254248543,-0.00020018563737605154,-0.26146320748727203,8.9637603244576236e-05,2.1561748542366989e-05
2.42000412940979,1790953867.3044701,0.00059914588928222656,0.085905105783160907,0.034801865284766934,-0.034505159311927894,0.010384709049366262,0.35152676464417792,-0.010925761117484504,0.054602999999999999,0.0050289999999999996,0.191273,-3.1408072554263957,1.3062567720701161,-3.0511496917514473,0.05458093655216871,0.0050278085854615767,0.19118612834342189,-0.26039558035846688,-0.089543918097607519,0.96134074524151236,-0.023604886646599776,0.99598285460013836,0.086376864199631767,-0.96521342254248543,-0.00020018563737605154,-0.26146320748727203,8.9637603244576236e-05,2.1561748542366989e-05
2.4250020980834961,1790953867.309468,0.00062704086303710938,0.085905105783160907,0.034801865284766934,-0.034505159311927894,0.010384709049366262,0.35152676464417792,-0.010925761117484504,0.054602999999999999,0.0050289999999999996,0.191273,-3.1408072554263957,1.3062567720701161,-3.0511496917514473,0.05458093655216871,0.0050278085854615767,0.19118612834342189,-0.26039558035846688,-0.089543918097607519,0.96134074524151236,-0.023604886646599776,0.99598285460013836,0.086376864199631767,-0.96521342254248543,-0.00020018563737605154,-0.26146320748727203,8.9637603244576236e-05,2.1561748542366989e-05
2.430001974105835,1790953867.3144679,0.0005970001220703125,0.085905105783160907,0.034801865284766934,-0.034505159311927894,0.010384709049366262,0.35152676464417792,-0.010925761117484504,0.054602999999999999,0.0050289999999999996,0.191273,-3.1408072554263957,1.3062567720701161,-3.0511496917514473,0.05458093655216871,0.0050278085854615767,0.19118612834342189,-0.26039558035846688,-0.089543918097607519,0.96134074524151236,-0.023604886646599776,0.99598285460013836,0.086376864199631767,-0.96521342254248543,-0.00020018563737605154,-0.26146320748727203,8.9637603244576236e-05,2.1561748542366989e-05
2.4350030422210693,1790953867.319469,0.00059604644775390625,0.085905105783160907,0.034801865284766934,-0.034505159311927894,0.010384709049366262,0.35152676464417792,-0.010925761117484504,0.054602999999999999,0.0050289999999999996,0.191273,-3.1408072554263957,1.3062567720701161,-3.0511496917514473,0.05458093655216871,0.0050278085854615767,0.19118612834342189,-0.26039558035846688,-0.089543918097607519,0.96134074524151236,-0.023604886646599776,0.99598285460013836,0.086376864199631767,-0.96521342254248543,-0.00020018563737605154,-0.26146320748727203,8.9637603244576236e-05,2.1561748542366989e-05
2.4400010108947754,1790953867.3244669,0.00058388710021972656,0.085905105783160907,0.034801865284766934,-0.034505159311927894,0.010384709049366262,0.35152676464417792,-0.010925761117484504,0.054602999999999999,0.0050289999999999996,0.191273,-3.1408072554263957,1.3062567720701161,-3.0511496917514473,0.05458093655216871,0.0050278085854615767,0.19118612834342189,-0.26039558035846688,-0.089543918097607519,0.96134074524151236,-0.023604886646599776,0.99598285460013836,0.086376864199631767,-0.96521342254248543,-0.00020018563737605154,-0.26146320748727203,8.9637603244576236e-05,2.1561748542366989e-05
2.4450011253356934,1790953867.3294671,0.00059795379638671875,0.085905105783160907,0.034801865284766934,-0.034505159311927894,0.010384709049366262,0.35152676464417792,-0.010925761117484504,0.054602999999999999,0.0050289999999999996,0.191273,-3.1408072554263957,1.3062567720701161,-3.0511496917514473,0.05458093655216871,0.0050278085854615767,0.19118612834342189,-0.26039558035846688,-0.089543918097607519,0.96134074524151236,-0.023604886646599776,0.99598285460013836,0.086376864199631767,-0.96521342254248543,-0.00020018563737605154,-0.26146320748727203,8.9637603244576236e-05,2.1561748542366989e-05
2.4500031471252441,1790953867.3344691,0.00057816505432128906,0.085905105783160907,0.034801865284766934,-0.034505159311927894,0.010384709049366262,0.35152676464417792,-0.010925761117484504,0.054602999999999999,0.0050289999999999996,0.191273,-3.1408072554263957,1.3062567720701161,-3.0511496917514473,0.05458093655216871,0.0050278085854615767,0.19118612834342189,-0.26039558035846688,-0.089543918097607519,0.96134074524151236,-0.023604886646599776,0.99598285460013836,0.086376864199631767,-0.96521342254248543,-0.00020018563737605154,-0.26146320748727203,8.9637603244576236e-05,2.1561748542366989e-05
2.455003023147583,1790953867.339469,0.00059986114501953125,0.085905105783160907,0.034801865284766934,-0.034505159311927894,0.010384709049366262,0.35152676464417792,-0.010925761117484504,0.054602999999999999,0.0050289999999999996,0.191273,-3.1408072554263957,1.3062567720701161,-3.0511496917514473,0.05458093655216871,0.0050278085854615767,0.19118612834342189,-0.26039558035846688,-0.089543918097607519,0.96134074524151236,-0.023604886646599776,0.99598285460013836,0.086376864199631767,-0.96521342254248543,-0.00020018563737605154,-0.26146320748727203,8.9637603244576236e-05,2.1561748542366989e-05
2.460003137588501,1790953867.3444691,0.00060105323791503906,0.085905105783160907,0.034801865284766934,-0.034505159311927894,0.010384709049366262,0.35152676464417792,-0.010925761117484504,0.054602999999999999,0.0050289999999999996,0.191273,-3.1408072554263957,1.3062567720701161,-3.0511496917514473,0.05458093655216871,0.0050278085854615767,0.19118612834342189,-0.26039558035846688,-0.089543918097607519,0.96134074524151236,-0.023604886646599776,0.99598285460013836,0.086376864199631767,-0.96521342254248543,-0.00020018563737605154,-0.26146320748727203,8.9637603244576236e-05,2.1561748542366989e-05
2.4650020599365234,1790953867.349468,0.00058388710021972656,0.085905105783160907,0.034801865284766934,-0.034505159311927894,0.010384709049366262,0.35152676464417792,-0.010925761117484504,0.054602999999999999,0.0050289999999999996,0.191273,-3.1408072554263957,1.3062567720701161,-3.0511496917514473,0.05458093655216871,0.0050278085854615767,0.19118612834342189,-0.26039558035846688,-0.089543918097607519,0.96134074524151236,-0.023604886646599776,0.99598285460013836,0.086376864199631767,-0.96521342254248543,-0.00020018563737605154,-0.26146320748727203,8.9637603244576236e-05,2.1561748542366989e-05
2.4700281620025635,1790953867.3544941,0.00062108039855957031,0.085905105783160907,0.034801865284766934,-0.034505159311927894,0.010384709049366262,0.35152676464417792,-0.010925761117484504,0.054602999999999999,0.0050289999999999996,0.191273,-3.1408072554263957,1.3062567720701161,-3.0511496917514473,0.05458093655216871,0.0050278085854615767,0.19118612834342189,-0.26039558035846688,-0.089543918097607519,0.96134074524151236,-0.023604886646599776,0.99598285460013836,0.086376864199631767,-0.96521342254248543,-0.00020018563737605154,-0.26146320748727203,8.9637603244576236e-05,2.1561748542366989e-05
2.4750010967254639,1790953867.359467,0.00059914588928222656,0.085905105783160907,0.034801865284766934,-0.034505159311927894,0.010384709049366262,0.35152676464417792,-0.010925761117484504,0.054602999999999999,0.0050289999999999996,0.191273,-3.1408072554263957,1.3062567720701161,-3.0511496917514473,0.05458093655216871,0.0050278085854615767,0.19118612834342189,-0.26039558035846688,-0.089543918097607519,0.96134074524151236,-0.023604886646599776,0.99598285460013836,0.086376864199631767,-0.96521342254248543,-0.00020018563737605154,-0.26146320748727203,8.9637603244576236e-05,2.1561748542366989e-05
2.4800031185150146,1790953867.3644691,0.00060105323791503906,0.085905105783160907,0.034801865284766934,-0.034505159311927894,0.010384709049366262,0.35152676464417792,-0.010925761117484504,0.054602999999999999,0.0050289999999999996,0.191273,-3.1408072554263957,1.3062567720701161,-3.0511496917514473,0.05458093655216871,0.0050278085854615767,0.19118612834342189,-0.26039558035846688,-0.089543918097607519,0.96134074524151236,-0.023604886646599776,0.99598285460013836,0.086376864199631767,-0.96521342254248543,-0.00020018563737605154,-0.26146320748727203,8.9637603244576236e-05,2.1561748542366989e-05
2.4850020408630371,1790953867.369468,0.00058388710021972656,0.085905105783160907,0.034801865284766934,-0.034505159311927894,0.010384709049366262,0.35152676464417792,-0.010925761117484504,0.054602999999999999,0.0050289999999999996,0.191273,-3.1408072554263957,1.3062567720701161,-3.0511496917514473,0.05458093655216871,0.0050278085854615767,0.19118612834342189,-0.26039558035846688,-0.089543918097607519,0.96134074524151236,-0.023604886646599776,0.99598285460013836,0.086376864199631767,-0.96521342254248543,-0.00020018563737605154,-0.26146320748727203,8.9637603244576236e-05,2.1561748542366989e-05
2.4900240898132324,1790953867.37449,0.00062298774719238281,0.085905105783160907,0.034801865284766934,-0.034505159311927894,0.010384709049366262,0.35152676464417792,-0.010925761117484504,0.054602999999999999,0.0050289999999999996,0.191273,-3.1408072554263957,1.3062567720701161,-3.0511496917514473,0.05458093655216871,0.0050278085854615767,0.19118612834342189,-0.26039558035846688,-0.089543918097607519,0.96134074524151236,-0.023604886646599776,0.99598285460013836,0.086376864199631767,-0.96521342254248543,-0.00020018563737605154,-0.26146320748727203,8.9637603244576236e-05,2.1561748542366989e-05
2.4950029850006104,1790953867.3794689,0.000598907470703125,0.085905105783160907,0.034801865284766934,-0.034505159311927894,0.010384709049366262,0.35152676464417792,-0.010925761117484504,0.054602999999999999,0.0050289999999999996,0.191273,-3.1408072554263957,1.3062567720701161,-3.0511496917514473,0.05458093655216871,0.0050278085854615767,0.19118612834342189,-0.26039558035846688,-0.089543918097607519,0.96134074524151236,-0.023604886646599776,0.99598285460013836,0.086376864199631767,-0.96521342254248543,-0.00020018563737605154,-0.26146320748727203,8.9637603244576236e-05,2.1561748542366989e-05
2.5000050067901611,1790953867.3844709,0.00060105323791503906,0.085905105783160907,0.034801865284766934,-0.034505159311927894,0.010384709049366262,0.35152676464417792,-0.010925761117484504,0.054602999999999999,0.0050289999999999996,0.191273,-3.1408072554263957,1.3062567720701161,-3.0511496917514473,0.05458093655216871,0.0050278085854615767,0.19118612834342189,-0.26039558035846688,-0.089543918097607519,0.96134074524151236,-0.023604886646599776,0.99598285460013836,0.086376864199631767,-0.96521342254248543,-0.00020018563737605154,-0.26146320748727203,8.9637603244576236e-05,2.1561748542366989e-05
2.5049991607666016,1790953867.3894651,0.00059914588928222656,0.085905105783160907,0.034801865284766934,-0.034505159311927894,0.010384709049366262,0.35152676464417792,-0.010925761117484504,0.054602999999999999,0.0050289999999999996,0.191273,-3.1408072554263957,1.3062567720701161,-3.0511496917514473,0.05458093655216871,0.0050278085854615767,0.19118612834342189,-0.26039558035846688,-0.089543918097607519,0.96134074524151236,-0.023604886646599776,0.99598285460013836,0.086376864199631767,-0.96521342254248543,-0.00020018563737605154,-0.26146320748727203,8.9637603244576236e-05,2.1561748542366989e-05
2.5100011825561523,1790953867.3944671,0.00059103965759277344,0.085905105783160907,0.034801865284766934,-0.034505159311927894,0.010384709049366262,0.35152676464417792,-0.010925761117484504,0.054602999999999999,0.0050289999999999996,0.191273,-3.1408072554263957,1.3062567720701161,-3.0511496917514473,0.05458093655216871,0.0050278085854615767,0.19118612834342189,-0.26039558035846688,-0.089543918097607519,0.96134074524151236,-0.023604886646599776,0.99598285460013836,0.086376864199631767,-0.96521342254248543,-0.00020018563737605154,-0.26146320748727203,8.9637603244576236e-05,2.1561748542366989e-05
2.5150051116943359,1790953867.399471,0.00062799453735351562,0.085905105783160907,0.034801865284766934,-0.034505159311927894,0.010384709049366262,0.35152676464417792,-0.010925761117484504,0.054602999999999999,0.0050289999999999996,0.191273,-3.1408072554263957,1.3062567720701161,-3.0511496917514473,0.05458093655216871,0.0050278085854615767,0.19118612834342189,-0.26039558035846688,-0.089543918097607519,0.96134074524151236,-0.023604886646599776,0.99598285460013836,0.086376864199631767,-0.96521342254248543,-0.00020018563737605154,-0.26146320748727203,8.9637603244576236e-05,2.1561748542366989e-05
2.5200061798095703,1790953867.4044721,0.00060105323791503906,0.085905105783160907,0.034801865284766934,-0.034505159311927894,0.010384709049366262,0.35152676464417792,-0.010925761117484504,0.054602999999999999,0.0050289999999999996,0.191273,-3.1408072554263957,1.3062567720701161,-3.0511496917514473,0.05458093655216871,0.0050278085854615767,0.19118612834342189,-0.26039558035846688,-0.089543918097607519,0.96134074524151236,-0.023604886646599776,0.99598285460013836,0.086376864199631767,-0.96521342254248543,-0.00020018563737605154,-0.26146320748727203,8.9637603244576236e-05,2.1561748542366989e-05
2.5250041484832764,1790953867.4094701,0.00060319900512695312,0.085905105783160907,0.034801865284766934,-0.034505159311927894,0.010384709049366262,0.35152676464417792,-0.010925761117484504,0.054602999999999999,0.0050289999999999996,0.191273,-3.1408072554263957,1.3062567720701161,-3.0511496917514473,0.05458093655216871,0.0050278085854615767,0.19118612834342189,-0.26039558035846688,-0.089543918097607519,0.96134074524151236,-0.023604886646599776,0.99598285460013836,0.086376864199631767,-0.96521342254248543,-0.00020018563737605154,-0.26146320748727203,8.9637603244576236e-05,2.1561748542366989e-05
2.5300049781799316,1790953867.4144709,0.0006008148193359375,0.085905105783160907,0.034801865284766934,-0.034505159311927894,0.010384709049366262,0.35152676464417792,-0.010925761117484504,0.054602999999999999,0.0050289999999999996,0.191273,-3.1408072554263957,1.3062567720701161,-3.0511496917514473,0.05458093655216871,0.0050278085854615767,0.19118612834342189,-0.26039558035846688,-0.089543918097607519,0.96134074524151236,-0.023604886646599776,0.99598285460013836,0.086376864199631767,-0.96521342254248543,-0.00020018563737605154,-0.26146320748727203,8.9637603244576236e-05,2.1561748542366989e-05
2.5350031852722168,1790953867.4194691,0.00057220458984375,0.085905105783160907,0.034801865284766934,-0.034505159311927894,0.010384709049366262,0.35152676464417792,-0.010925761117484504,0.054602999999999999,0.0050289999999999996,0.191273,-3.1408072554263957,1.3062567720701161,-3.0511496917514473,0.05458093655216871,0.0050278085854615767,0.19118612834342189,-0.26039558035846688,-0.089543918097607519,0.96134074524151236,-0.023604886646599776,0.99598285460013836,0.086376864199631767,-0.96521342254248543,-0.00020018563737605154,-0.26146320748727203,8.9637603244576236e-05,2.1561748542366989e-05
2.5400259494781494,1790953867.4244919,0.00061392784118652344,0.085905105783160907,0.034801865284766934,-0.034505159311927894,0.010384709049366262,0.35152676464417792,-0.010925761117484504,0.054602999999999999,0.0050289999999999996,0.191273,-3.1408072554263957,1.3062567720701161,-3.0511496917514473,0.05458093655216871,0.0050278085854615767,0.19118612834342189,-0.26039558035846688,-0.089543918097607519,0.96134074524151236,-0.023604886646599776,0.99598285460013836,0.086376864199631767,-0.96521342254248543,-0.00020018563737605154,-0.26146320748727203,8.9637603244576236e-05,2.1561748542366989e-05
2.5450031757354736,1790953867.4294691,0.00062513351440429688,0.085905105783160907,0.034801865284766934,-0.034505159311927894,0.010384709049366262,0.35152676464417792,-0.010925761117484504,0.054602999999999999,0.0050289999999999996,0.191273,-3.1408072554263957,1.3062567720701161,-3.0511496917514473,0.05458093655216871,0.0050278085854615767,0.19118612834342189,-0.26039558035846688,-0.089543918097607519,0.96134074524151236,-0.023604886646599776,0.99598285460013836,0.086376864199631767,-0.96521342254248543,-0.00020018563737605154,-0.26146320748727203,8.9637603244576236e-05,2.1561748542366989e-05
2.5500020980834961,1790953867.434468,0.00059294700622558594,0.085905105783160907,0.034801865284766934,-0.034505159311927894,0.010384709049366262,0.35152676464417792,-0.010925761117484504,0.054602999999999999,0.0050289999999999996,0.191273,-3.1408072554263957,1.3062567720701161,-3.0511496917514473,0.05458093655216871,0.0050278085854615767,0.19118612834342189,-0.26039558035846688,-0.089543918097607519,0.96134074524151236,-0.023604886646599776,0.99598285460013836,0.086376864199631767,-0.96521342254248543,-0.00020018563737605154,-0.26146320748727203,8.9637603244576236e-05,2.1561748542366989e-05
2.5550010204315186,1790953867.439467,0.00059795379638671875,0.085905105783160907,0.034801865284766934,-0.034505159311927894,0.010384709049366262,0.35152676464417792,-0.010925761117484504,0.054602999999999999,0.0050289999999999996,0.191273,-3.1408072554263957,1.3062567720701161,-3.0511496917514473,0.05458093655216871,0.0050278085854615767,0.19118612834342189,-0.26039558035846688,-0.089543918097607519,0.96134074524151236,-0.023604886646599776,0.99598285460013836,0.086376864199631767,-0.96521342254248543,-0.00020018563737605154,-0.26146320748727203,8.9637603244576236e-05,2.1561748542366989e-05
2.5600020885467529,1790953867.444468,0.000598907470703125,0.085905105783160907,0.034801865284766934,-0.034505159311927894,0.010384709049366262,0.35152676464417792,-0.010925761117484504,0.054602999999999999,0.0050289999999999996,0.191273,-3.1408072554263957,1.3062567720701161,-3.0511496917514473,0.05458093655216871,0.0050278085854615767,0.19118612834342189,-0.26039558035846688,-0.089543918097607519,0.96134074524151236,-0.023604886646599776,0.99598285460013836,0.086376864199631767,-0.96521342254248543,-0.00020018563737605154,-0.26146320748727203,8.9637603244576236e-05,2.1561748542366989e-05
2.5650041103363037,1790953867.44947,0.00060200691223144531,0.085905105783160907,0.034801865284766934,-0.034505159311927894,0.010384709049366262,0.35152676464417792,-0.010925761117484504,0.054602999999999999,0.0050289999999999996,0.191273,-3.1408072554263957,1.3062567720701161,-3.0511496917514473,0.05458093655216871,0.0050278085854615767,0.19118612834342189,-0.26039558035846688,-0.089543918097607519,0.96134074524151236,-0.023604886646599776,0.99598285460013836,0.086376864199631767,-0.96521342254248543,-0.00020018563737605154,-0.26146320748727203,8.9637603244576236e-05,2.1561748542366989e-05
2.5700039863586426,1790953867.4544699,0.00058889389038085938,0.085905105783160907,0.034801865284766934,-0.034505159311927894,0.010384709049366262,0.35152676464417792,-0.010925761117484504,0.054602999999999999,0.0050289999999999996,0.191273,-3.1408072554263957,1.3062567720701161,-3.0511496917514473,0.05458093655216871,0.0050278085854615767,0.19118612834342189,-0.26039558035846688,-0.089543918097607519,0.96134074524151236,-0.023604886646599776,0.99598285460013836,0.086376864199631767,-0.96521342254248543,-0.00020018563737605154,-0.26146320748727203,8.9637603244576236e-05,2.1561748542366989e-05
2.5750019550323486,1790953867.4594679,0.00059986114501953125,0.085905105783160907,0.034801865284766934,-0.034505159311927894,0.010384709049366262,0.35152676464417792,-0.010925761117484504,0.054602999999999999,0.0050289999999999996,0.191273,-3.1408072554263957,1.3062567720701161,-3.0511496917514473,0.05458093655216871,0.0050278085854615767,0.19118612834342189,-0.26039558035846688,-0.089543918097607519,0.96134074524151236,-0.023604886646599776,0.99598285460013836,0.086376864199631767,-0.96521342254248543,-0.00020018563737605154,-0.26146320748727203,8.9637603244576236e-05,2.1561748542366989e-05
2.5800280570983887,1790953867.464494,0.00061488151550292969,0.085905105783160907,0.034801865284766934,-0.034505159311927894,0.010384709049366262,0.35152676464417792,-0.010925761117484504,0.054602999999999999,0.0050289999999999996,0.191273,-3.1408072554263957,1.3062567720701161,-3.0511496917514473,0.05458093655216871,0.0050278085854615767,0.19118612834342189,-0.26039558035846688,-0.089543918097607519,0.96134074524151236,-0.023604886646599776,0.99598285460013836,0.086376864199631767,-0.96521342254248543,-0.00020018563737605154,-0.26146320748727203,8.9637603244576236e-05,2.1561748542366989e-05
2.5850021839141846,1790953867.4694681,0.00059914588928222656,0.085905105783160907,0.034801865284766934,-0.034505159311927894,0.010384709049366262,0.35152676464417792,-0.010925761117484504,0.054602999999999999,0.0050289999999999996,0.191273,-3.1408072554263957,1.3062567720701161,-3.0511496917514473,0.05458093655216871,0.0050278085854615767,0.19118612834342189,-0.26039558035846688,-0.089543918097607519,0.96134074524151236,-0.023604886646599776,0.99598285460013836,0.086376864199631767,-0.96521342254248543,-0.00020018563737605154,-0.26146320748727203,8.9637603244576236e-05,2.1561748542366989e-05
2.5900280475616455,1790953867.474494,0.00062608718872070312,0.085905105783160907,0.034801865284766934,-0.034505159311927894,0.010384709049366262,0.35152676464417792,-0.010925761117484504,0.054602999999999999,0.0050289999999999996,0.191273,-3.1408072554263957,1.3062567720701161,-3.0511496917514473,0.05458093655216871,0.0050278085854615767,0.19118612834342189,-0.26039558035846688,-0.089543918097607519,0.96134074524151236,-0.023604886646599776,0.99598285460013836,0.086376864199631767,-0.96521342254248543,-0.00020018563737605154,-0.26146320748727203,8.9637603244576236e-05,2.1561748542366989e-05
2.5950021743774414,1790953867.4794681,0.00056505203247070312,0.085905105783160907,0.034801865284766934,-0.034505159311927894,0.010384709049366262,0.35152676464417792,-0.010925761117484504,0.054602999999999999,0.0050289999999999996,0.191273,-3.1408072554263957,1.3062567720701161,-3.0511496917514473,0.05458093655216871,0.0050278085854615767,0.19118612834342189,-0.26039558035846688,-0.089543918097607519,0.96134074524151236,-0.023604886646599776,0.99598285460013836,0.086376864199631767,-0.96521342254248543,-0.00020018563737605154,-0.26146320748727203,8.9637603244576236e-05,2.1561748542366989e-05
2.6000020503997803,1790953867.484468,0.00059604644775390625,0.085905105783160907,0.034801865284766934,-0.034505159311927894,0.010384709049366262,0.35152676464417792,-0.010925761117484504,0.054602999999999999,0.0050289999999999996,0.191273,-3.1408072554263957,1.3062567720701161,-3.0511496917514473,0.05458093655216871,0.0050278085854615767,0.19118612834342189,-0.26039558035846688,-0.089543918097607519,0.96134074524151236,-0.023604886646599776,0.99598285460013836,0.086376864199631767,-0.96521342254248543,-0.00020018563737605154,-0.26146320748727203,8.9637603244576236e-05,2.1561748542366989e-05
2.6050000190734863,1790953867.489466,0.00057291984558105469,0.085905105783160907,0.034801865284766934,-0.034505159311927894,0.010384709049366262,0.35152676464417792,-0.010925761117484504,0.054602999999999999,0.0050289999999999996,0.191273,-3.1408072554263957,1.3062567720701161,-3.0511496917514473,0.05458093655216871,0.0050278085854615767,0.19118612834342189,-0.26039558035846688,-0.089543918097607519,0.96134074524151236,-0.023604886646599776,0.99598285460013836,0.086376864199631767,-0.96521342254248543,-0.00020018563737605154,-0.26146320748727203,8.9637603244576236e-05,2.1561748542366989e-05
2.6100289821624756,1790953867.4944949,0.00062394142150878906,0.085905105783160907,0.034801865284766934,-0.034505159311927894,0.010384709049366262,0.35152676464417792,-0.010925761117484504,0.054602999999999999,0.0050289999999999996,0.191273,-3.1408072554263957,1.3062567720701161,-3.0511496917514473,0.05458093655216871,0.0050278085854615767,0.19118612834342189,-0.26039558035846688,-0.089543918097607519,0.96134074524151236,-0.023604886646599776,0.99598285460013836,0.086376864199631767,-0.96521342254248543,-0.00020018563737605154,-0.26146320748727203,8.9637603244576236e-05,2.1561748542366989e-05
2.6150050163269043,1790953867.4994709,0.00059986114501953125,0.085905105783160907,0.034801865284766934,-0.034505159311927894,0.010384709049366262,0.35152676464417792,-0.010925761117484504,0.054602999999999999,0.0050289999999999996,0.191273,-3.1408072554263957,1.3062567720701161,-3.0511496917514473,0.05458093655216871,0.0050278085854615767,0.19118612834342189,-0.26039558035846688,-0.089543918097607519,0.96134074524151236,-0.023604886646599776,0.99598285460013836,0.086376864199631767,-0.96521342254248543,-0.00020018563737605154,-0.26146320748727203,8.9637603244576236e-05,2.1561748542366989e-05
2.6200020313262939,1790953867.504468,0.00058794021606445312,0.085905105783160907,0.034801865284766934,-0.034505159311927894,0.010384709049366262,0.35152676464417792,-0.010925761117484504,0.054602999999999999,0.0050289999999999996,0.191273,-3.1408072554263957,1.3062567720701161,-3.0511496917514473,0.05458093655216871,0.0050278085854615767,0.19118612834342189,-0.26039558035846688,-0.089543918097607519,0.96134074524151236,-0.023604886646599776,0.99598285460013836,0.086376864199631767,-0.96521342254248543,-0.00020018563737605154,-0.26146320748727203,8.9637603244576236e-05,2.1561748542366989e-05
2.6249990463256836,1790953867.509465,0.000598907470703125,0.085905105783160907,0.034801865284766934,-0.034505159311927894,0.010384709049366262,0.35152676464417792,-0.010925761117484504,0.054602999999999999,0.0050289999999999996,0.191273,-3.1408072554263957,1.3062567720701161,-3.0511496917514473,0.05458093655216871,0.0050278085854615767,0.19118612834342189,-0.26039558035846688,-0.089543918097607519,0.96134074524151236,-0.023604886646599776,0.99598285460013836,0.086376864199631767,-0.96521342254248543,-0.00020018563737605154,-0.26146320748727203,8.9637603244576236e-05,2.1561748542366989e-05
2.6300029754638672,1790953867.5144689,0.00059080123901367188,0.085905105783160907,0.034801865284766934,-0.034505159311927894,0.010384709049366262,0.35152676464417792,-0.010925761117484504,0.054602999999999999,0.0050289999999999996,0.191273,-3.1408072554263957,1.3062567720701161,-3.0511496917514473,0.05458093655216871,0.0050278085854615767,0.19118612834342189,-0.26039558035846688,-0.089543918097607519,0.96134074524151236,-0.023604886646599776,0.99598285460013836,0.086376864199631767,-0.96521342254248543,-0.00020018563737605154,-0.26146320748727203,8.9637603244576236e-05,2.1561748542366989e-05
2.6349799633026123,1790953867.5194459,0.00057482719421386719,0.085905105783160907,0.034801865284766934,-0.034505159311927894,0.010384709049366262,0.35152676464417792,-0.010925761117484504,0.054602999999999999,0.0050289999999999996,0.191273,-3.1408072554263957,1.3062567720701161,-3.0511496917514473,0.05458093655216871,0.0050278085854615767,0.19118612834342189,-0.26039558035846688,-0.089543918097607519,0.96134074524151236,-0.023604886646599776,0.99598285460013836,0.086376864199631767,-0.96521342254248543,-0.00020018563737605154,-0.26146320748727203,8.9637603244576236e-05,2.1561748542366989e-05
2.6400010585784912,1790953867.524467,0.00060105323791503906,0.085905105783160907,0.034801865284766934,-0.034505159311927894,0.010384709049366262,0.35152676464417792,-0.010925761117484504,0.054602999999999999,0.0050289999999999996,0.191273,-3.1408072554263957,1.3062567720701161,-3.0511496917514473,0.05458093655216871,0.0050278085854615767,0.19118612834342189,-0.26039558035846688,-0.089543918097607519,0.96134074524151236,-0.023604886646599776,0.99598285460013836,0.086376864199631767,-0.96521342254248543,-0.00020018563737605154,-0.26146320748727203,8.9637603244576236e-05,2.1561748542366989e-05
2.645003080368042,1790953867.529469,0.000598907470703125,0.085905105783160907,0.034801865284766934,-0.034505159311927894,0.010384709049366262,0.35152676464417792,-0.010925761117484504,0.054602999999999999,0.0050289999999999996,0.191273,-3.1408072554263957,1.3062567720701161,-3.0511496917514473,0.05458093655216871,0.0050278085854615767,0.19118612834342189,-0.26039558035846688,-0.089543918097607519,0.96134074524151236,-0.023604886646599776,0.99598285460013836,0.086376864199631767,-0.96521342254248543,-0.00020018563737605154,-0.26146320748727203,8.9637603244576236e-05,2.1561748542366989e-05
2.6500051021575928,1790953867.534471,0.00060009956359863281,0.085905105783160907,0.034801865284766934,-0.034505159311927894,0.010384709049366262,0.35152676464417792,-0.010925761117484504,0.054602999999999999,0.0050289999999999996,0.191273,-3.1408072554263957,1.3062567720701161,-3.0511496917514473,0.05458093655216871,0.0050278085854615767,0.19118612834342189,-0.26039558035846688,-0.089543918097607519,0.96134074524151236,-0.023604886646599776,0.99598285460013836,0.086376864199631767,-0.96521342254248543,-0.00020018563737605154,-0.26146320748727203,8.9637603244576236e-05,2.1561748542366989e-05
2.6549999713897705,1790953867.5394659,0.00056886672973632812,0.085905105783160907,0.034801865284766934,-0.034505159311927894,0.010384709049366262,0.35152676464417792,-0.010925761117484504,0.054602999999999999,0.0050289999999999996,0.191273,-3.1408072554263957,1.3062567720701161,-3.0511496917514473,0.05458093655216871,0.0050278085854615767,0.19118612834342189,-0.26039558035846688,-0.089543918097607519,0.96134074524151236,-0.023604886646599776,0.99598285460013836,0.086376864199631767,-0.96521342254248543,-0.00020018563737605154,-0.26146320748727203,8.9637603244576236e-05,2.1561748542366989e-05
2.6600279808044434,1790953867.5444939,0.000621795654296875,0.085905105783160907,0.034801865284766934,-0.034505159311927894,0.010384709049366262,0.35152676464417792,-0.010925761117484504,0.054602999999999999,0.0050289999999999996,0.191273,-3.1408072554263957,1.3062567720701161,-3.0511496917514473,0.05458093655216871,0.0050278085854615767,0.19118612834342189,-0.26039558035846688,-0.089543918097607519,0.96134074524151236,-0.023604886646599776,0.99598285460013836,0.086376864199631767,-0.96521342254248543,-0.00020018563737605154,-0.26146320748727203,8.9637603244576236e-05,2.1561748542366989e-05
2.6650040149688721,1790953867.5494699,0.00059199333190917969,0.085905105783160907,0.034801865284766934,-0.034505159311927894,0.010384709049366262,0.35152676464417792,-0.010925761117484504,0.054602999999999999,0.0050289999999999996,0.191273,-3.1408072554263957,1.3062567720701161,-3.0511496917514473,0.05458093655216871,0.0050278085854615767,0.19118612834342189,-0.26039558035846688,-0.089543918097607519,0.96134074524151236,-0.023604886646599776,0.99598285460013836,0.086376864199631767,-0.96521342254248543,-0.00020018563737605154,-0.26146320748727203,8.9637603244576236e-05,2.1561748542366989e-05
2.6700291633605957,1790953867.5544951,0.00062012672424316406,0.085905105783160907,0.034801865284766934,-0.034505159311927894,0.010384709049366262,0.35152676464417792,-0.010925761117484504,0.054602999999999999,0.0050289999999999996,0.191273,-3.1408072554263957,1.3062567720701161,-3.0511496917514473,0.05458093655216871,0.0050278085854615767,0.19118612834342189,-0.26039558035846688,-0.089543918097607519,0.96134074524151236,-0.023604886646599776,0.99598285460013836,0.086376864199631767,-0.96521342254248543,-0.00020018563737605154,-0.26146320748727203,8.9637603244576236e-05,2.1561748542366989e-05
2.6750011444091797,1790953867.5594671,0.00059914588928222656,0.085905105783160907,0.034801865284766934,-0.034505159311927894,0.010384709049366262,0.35152676464417792,-0.010925761117484504,0.054602999999999999,0.0050289999999999996,0.191273,-3.1408072554263957,1.3062567720701161,-3.0511496917514473,0.05458093655216871,0.0050278085854615767,0.19118612834342189,-0.26039558035846688,-0.089543918097607519,0.96134074524151236,-0.023604886646599776,0.99598285460013836,0.086376864199631767,-0.96521342254248543,-0.00020018563737605154,-0.26146320748727203,8.9637603244576236e-05,2.1561748542366989e-05
2.6800050735473633,1790953867.564471,0.00059795379638671875,0.085905105783160907,0.034801865284766934,-0.034505159311927894,0.010384709049366262,0.35152676464417792,-0.010925761117484504,0.054602999999999999,0.0050289999999999996,0.191273,-3.1408072554263957,1.3062567720701161,-3.0511496917514473,0.05458093655216871,0.0050278085854615767,0.19118612834342189,-0.26039558035846688,-0.089543918097607519,0.96134074524151236,-0.023604886646599776,0.99598285460013836,0.086376864199631767,-0.96521342254248543,-0.00020018563737605154,-0.26146320748727203,8.9637603244576236e-05,2.1561748542366989e-05
2.6850049495697021,1790953867.5694709,0.00059795379638671875,0.085905105783160907,0.034801865284766934,-0.034505159311927894,0.010384709049366262,0.35152676464417792,-0.010925761117484504,0.054602999999999999,0.0050289999999999996,0.191273,-3.1408072554263957,1.3062567720701161,-3.0511496917514473,0.05458093655216871,0.0050278085854615767,0.19118612834342189,-0.26039558035846688,-0.089543918097607519,0.96134074524151236,-0.023604886646599776,0.99598285460013836,0.086376864199631767,-0.96521342254248543,-0.00020018563737605154,-0.26146320748727203,8.9637603244576236e-05,2.1561748542366989e-05
2.6900260448455811,1790953867.574492,0.00062608718872070312,0.085905105783160907,0.034801865284766934,-0.034505159311927894,0.010384709049366262,0.35152676464417792,-0.010925761117484504,0.054602999999999999,0.0050289999999999996,0.191273,-3.1408072554263957,1.3062567720701161,-3.0511496917514473,0.05458093655216871,0.0050278085854615767,0.19118612834342189,-0.26039558035846688,-0.089543918097607519,0.96134074524151236,-0.023604886646599776,0.99598285460013836,0.086376864199631767,-0.96521342254248543,-0.00020018563737605154,-0.26146320748727203,8.9637603244576236e-05,2.1561748542366989e-05
2.6950030326843262,1790953867.579469,0.00059604644775390625,0.085905105783160907,0.034801865284766934,-0.034505159311927894,0.010384709049366262,0.35152676464417792,-0.010925761117484504,0.054602999999999999,0.0050289999999999996,0.191273,-3.1408072554263957,1.3062567720701161,-3.0511496917514473,0.05458093655216871,0.0050278085854615767,0.19118612834342189,-0.26039558035846688,-0.089543918097607519,0.96134074524151236,-0.023604886646599776,0.99598285460013836,0.086376864199631767,-0.96521342254248543,-0.00020018563737605154,-0.26146320748727203,8.9637603244576236e-05,2.1561748542366989e-05
2.7000069618225098,1790953867.5844729,0.000598907470703125,0.085905105783160907,0.034801865284766934,-0.034505159311927894,0.010384709049366262,0.35152676464417792,-0.010925761117484504,0.054602999999999999,0.0050289999999999996,0.191273,-3.1408072554263957,1.3062567720701161,-3.0511496917514473,0.05458093655216871,0.0050278085854615767,0.19118612834342189,-0.26039558035846688,-0.089543918097607519,0.96134074524151236,-0.023604886646599776,0.99598285460013836,0.086376864199631767,-0.96521342254248543,-0.00020018563737605154,-0.26146320748727203,8.9637603244576236e-05,2.1561748542366989e-05
2.7050001621246338,1790953867.5894661,0.00059819221496582031,0.085905105783160907,0.034801865284766934,-0.034505159311927894,0.010384709049366262,0.35152676464417792,-0.010925761117484504,0.054602999999999999,0.0050289999999999996,0.191273,-3.1408072554263957,1.3062567720701161,-3.0511496917514473,0.05458093655216871,0.0050278085854615767,0.19118612834342189,-0.26039558035846688,-0.089543918097607519,0.96134074524151236,-0.023604886646599776,0.99598285460013836,0.086376864199631767,-0.96521342254248543,-0.00020018563737605154,-0.26146320748727203,8.9637603244576236e-05,2.1561748542366989e-05
2.710029125213623,1790953867.5944951,0.00062799453735351562,0.085905105783160907,0.034801865284766934,-0.034505159311927894,0.010384709049366262,0.35152676464417792,-0.010925761117484504,0.054602999999999999,0.0050289999999999996,0.191273,-3.1408072554263957,1.3062567720701161,-3.0511496917514473,0.05458093655216871,0.0050278085854615767,0.19118612834342189,-0.26039558035846688,-0.089543918097607519,0.96134074524151236,-0.023604886646599776,0.99598285460013836,0.086376864199631767,-0.96521342254248543,-0.00020018563737605154,-0.26146320748727203,8.9637603244576236e-05,2.1561748542366989e-05
2.7150039672851562,1790953867.5994699,0.0005970001220703125,0.085905105783160907,0.034801865284766934,-0.034505159311927894,0.010384709049366262,0.35152676464417792,-0.010925761117484504,0.054602999999999999,0.0050289999999999996,0.191273,-3.1408072554263957,1.3062567720701161,-3.0511496917514473,0.05458093655216871,0.0050278085854615767,0.19118612834342189,-0.26039558035846688,-0.089543918097607519,0.96134074524151236,-0.023604886646599776,0.99598285460013836,0.086376864199631767,-0.96521342254248543,-0.00020018563737605154,-0.26146320748727203,8.9637603244576236e-05,2.1561748542366989e-05
2.7200331687927246,1790953867.6044991,0.00060820579528808594,0.085905105783160907,0.034801865284766934,-0.034505159311927894,0.010384709049366262,0.35152676464417792,-0.010925761117484504,0.054602999999999999,0.0050289999999999996,0.191273,-3.1408072554263957,1.3062567720701161,-3.0511496917514473,0.05458093655216871,0.0050278085854615767,0.19118612834342189,-0.26039558035846688,-0.089543918097607519,0.96134074524151236,-0.023604886646599776,0.99598285460013836,0.086376864199631767,-0.96521342254248543,-0.00020018563737605154,-0.26146320748727203,8.9637603244576236e-05,2.1561748542366989e-05
2.7250039577484131,1790953867.6094699,0.00059795379638671875,0.085905105783160907,0.034801865284766934,-0.034505159311927894,0.010384709049366262,0.35152676464417792,-0.010925761117484504,0.054602999999999999,0.0050289999999999996,0.191273,-3.1408072554263957,1.3062567720701161,-3.0511496917514473,0.05458093655216871,0.0050278085854615767,0.19118612834342189,-0.26039558035846688,-0.089543918097607519,0.96134074524151236,-0.023604886646599776,0.99598285460013836,0.086376864199631767,-0.96521342254248543,-0.00020018563737605154,-0.26146320748727203,8.9637603244576236e-05,2.1561748542366989e-05
2.7300281524658203,1790953867.6144941,0.00062203407287597656,0.085905105783160907,0.034801865284766934,-0.034505159311927894,0.010384709049366262,0.35152676464417792,-0.010925761117484504,0.054602999999999999,0.0050289999999999996,0.191273,-3.1408072554263957,1.3062567720701161,-3.0511496917514473,0.05458093655216871,0.0050278085854615767,0.19118612834342189,-0.26039558035846688,-0.089543918097607519,0.96134074524151236,-0.023604886646599776,0.99598285460013836,0.086376864199631767,-0.96521342254248543,-0.00020018563737605154,-0.26146320748727203,8.9637603244576236e-05,2.1561748542366989e-05
2.7350029945373535,1790953867.6194689,0.000598907470703125,0.085905105783160907,0.034801865284766934,-0.034505159311927894,0.010384709049366262,0.35152676464417792,-0.010925761117484504,0.054602999999999999,0.0050289999999999996,0.191273,-3.1408072554263957,1.3062567720701161,-3.0511496917514473,0.05458093655216871,0.0050278085854615767,0.19118612834342189,-0.26039558035846688,-0.089543918097607519,0.96134074524151236,-0.023604886646599776,0.99598285460013836,0.086376864199631767,-0.96521342254248543,-0.00020018563737605154,-0.26146320748727203,8.9637603244576236e-05,2.1561748542366989e-05
2.7400250434875488,1790953867.624491,0.00062203407287597656,0.085905105783160907,0.034801865284766934,-0.034505159311927894,0.010384709049366262,0.35152676464417792,-0.010925761117484504,0.054602999999999999,0.0050289999999999996,0.191273,-3.1408072554263957,1.3062567720701161,-3.0511496917514473,0.05458093655216871,0.0050278085854615767,0.19118612834342189,-0.26039558035846688,-0.089543918097607519,0.96134074524151236,-0.023604886646599776,0.99598285460013836,0.086376864199631767,-0.96521342254248543,-0.00020018563737605154,-0.26146320748727203,8.9637603244576236e-05,2.1561748542366989e-05
2.7450041770935059,1790953867.6294701,0.00057816505432128906,0.085905105783160907,0.034801865284766934,-0.034505159311927894,0.010384709049366262,0.35152676464417792,-0.010925761117484504,0.054602999999999999,0.0050289999999999996,0.191273,-3.1408072554263957,1.3062567720701161,-3.0511496917514473,0.05458093655216871,0.0050278085854615767,0.19118612834342189,-0.26039558035846688,-0.089543918097607519,0.96134074524151236,-0.023604886646599776,0.99598285460013836,0.086376864199631767,-0.96521342254248543,-0.00020018563737605154,-0.26146320748727203,8.9637603244576236e-05,2.1561748542366989e-05
2.7500040531158447,1790953867.63447,0.00059795379638671875,0.085905105783160907,0.034801865284766934,-0.034505159311927894,0.010384709049366262,0.35152676464417792,-0.010925761117484504,0.054602999999999999,0.0050289999999999996,0.191273,-3.1408072554263957,1.3062567720701161,-3.0511496917514473,0.05458093655216871,0.0050278085854615767,0.19118612834342189,-0.26039558035846688,-0.089543918097607519,0.96134074524151236,-0.023604886646599776,0.99598285460013836,0.086376864199631767,-0.96521342254248543,-0.00020018563737605154,-0.26146320748727203,8.9637603244576236e-05,2.1561748542366989e-05
2.7550010681152344,1790953867.639467,0.00056505203247070312,0.085905105783160907,0.034801865284766934,-0.034505159311927894,0.010384709049366262,0.35152676464417792,-0.010925761117484504,0.054602999999999999,0.0050289999999999996,0.191273,-3.1408072554263957,1.3062567720701161,-3.0511496917514473,0.05458093655216871,0.0050278085854615767,0.19118612834342189,-0.26039558035846688,-0.089543918097607519,0.96134074524151236,-0.023604886646599776,0.99598285460013836,0.086376864199631767,-0.96521342254248543,-0.00020018563737605154,-0.26146320748727203,8.9637603244576236e-05,2.1561748542366989e-05
2.7600259780883789,1790953867.6444919,0.0006198883056640625,0.085905105783160907,0.034801865284766934,-0.034505159311927894,0.010384709049366262,0.35152676464417792,-0.010925761117484504,0.054602999999999999,0.0050289999999999996,0.191273,-3.1408072554263957,1.3062567720701161,-3.0511496917514473,0.05458093655216871,0.0050278085854615767,0.19118612834342189,-0.26039558035846688,-0.089543918097607519,0.96134074524151236,-0.023604886646599776,0.99598285460013836,0.086376864199631767,-0.96521342254248543,-0.00020018563737605154,-0.26146320748727203,8.9637603244576236e-05,2.1561748542366989e-05
2.765002965927124,1790953867.6494689,0.00059795379638671875,0.085905105783160907,0.034801865284766934,-0.034505159311927894,0.010384709049366262,0.35152676464417792,-0.010925761117484504,0.054602999999999999,0.0050289999999999996,0.191273,-3.1408072554263957,1.3062567720701161,-3.0511496917514473,0.05458093655216871,0.0050278085854615767,0.19118612834342189,-0.26039558035846688,-0.089543918097607519,0.96134074524151236,-0.023604886646599776,0.99598285460013836,0.086376864199631767,-0.96521342254248543,-0.00020018563737605154,-0.26146320748727203,8.9637603244576236e-05,2.1561748542366989e-05
2.7700290679931641,1790953867.654495,0.00061106681823730469,0.085905105783160907,0.034801865284766934,-0.034505159311927894,0.010384709049366262,0.35152676464417792,-0.010925761117484504,0.054602999999999999,0.0050289999999999996,0.191273,-3.1408072554263957,1.3062567720701161,-3.0511496917514473,0.05458093655216871,0.0050278085854615767,0.19118612834342189,-0.26039558035846688,-0.089543918097607519,0.96134074524151236,-0.023604886646599776,0.99598285460013836,0.086376864199631767,-0.96521342254248543,-0.00020018563737605154,-0.26146320748727203,8.9637603244576236e-05,2.1561748542366989e-05
2.7750041484832764,1790953867.6594701,0.00060200691223144531,0.085905105783160907,0.034801865284766934,-0.034505159311927894,0.010384709049366262,0.35152676464417792,-0.010925761117484504,0.054602999999999999,0.0050289999999999996,0.191273,-3.1408072554263957,1.3062567720701161,-3.0511496917514473,0.05458093655216871,0.0050278085854615767,0.19118612834342189,-0.26039558035846688,-0.089543918097607519,0.96134074524151236,-0.023604886646599776,0.99598285460013836,0.086376864199631767,-0.96521342254248543,-0.00020018563737605154,-0.26146320748727203,8.9637603244576236e-05,2.1561748542366989e-05
2.7800290584564209,1790953867.664495,0.00062489509582519531,0.085905105783160907,0.034801865284766934,-0.034505159311927894,0.010384709049366262,0.35152676464417792,-0.010925761117484504,0.054602999999999999,0.0050289999999999996,0.191273,-3.1408072554263957,1.3062567720701161,-3.0511496917514473,0.05458093655216871,0.0050278085854615767,0.19118612834342189,-0.26039558035846688,-0.089543918097607519,0.96134074524151236,-0.023604886646599776,0.99598285460013836,0.086376864199631767,-0.96521342254248543,-0.00020018563737605154,-0.26146320748727203,8.9637603244576236e-05,2.1561748542366989e-05
2.7850019931793213,1790953867.6694679,0.00059986114501953125,0.085905105783160907,0.034801865284766934,-0.034505159311927894,0.010384709049366262,0.35152676464417792,-0.010925761117484504,0.054602999999999999,0.0050289999999999996,0.191273,-3.1408072554263957,1.3062567720701161,-3.0511496917514473,0.05458093655216871,0.0050278085854615767,0.19118612834342189,-0.26039558035846688,-0.089543918097607519,0.96134074524151236,-0.023604886646599776,0.99598285460013836,0.086376864199631767,-0.96521342254248543,-0.00020018563737605154,-0.26146320748727203,8.9637603244576236e-05,2.1561748542366989e-05
2.7900040149688721,1790953867.6744699,0.000598907470703125,0.085905105783160907,0.034801865284766934,-0.034505159311927894,0.010384709049366262,0.35152676464417792,-0.010925761117484504,0.054602999999999999,0.0050289999999999996,0.191273,-3.1408072554263957,1.3062567720701161,-3.0511496917514473,0.05458093655216871,0.0050278085854615767,0.19118612834342189,-0.26039558035846688,-0.089543918097607519,0.96134074524151236,-0.023604886646599776,0.99598285460013836,0.086376864199631767,-0.96521342254248543,-0.00020018563737605154,-0.26146320748727203,8.9637603244576236e-05,2.1561748542366989e-05
2.7950019836425781,1790953867.6794679,0.00058794021606445312,0.085905105783160907,0.034801865284766934,-0.034505159311927894,0.010384709049366262,0.35152676464417792,-0.010925761117484504,0.054602999999999999,0.0050289999999999996,0.191273,-3.1408072554263957,1.3062567720701161,-3.0511496917514473,0.05458093655216871,0.0050278085854615767,0.19118612834342189,-0.26039558035846688,-0.089543918097607519,0.96134074524151236,-0.023604886646599776,0.99598285460013836,0.086376864199631767,-0.96521342254248543,-0.00020018563737605154,-0.26146320748727203,8.9637603244576236e-05,2.1561748542366989e-05
2.8000040054321289,1790953867.6844699,0.00059604644775390625,0.085905105783160907,0.034801865284766934,-0.034505159311927894,0.010384709049366262,0.35152676464417792,-0.010925761117484504,0.054602999999999999,0.0050289999999999996,0.191273,-3.1408072554263957,1.3062567720701161,-3.0511496917514473,0.05458093655216871,0.0050278085854615767,0.19118612834342189,-0.26039558035846688,-0.089543918097607519,0.96134074524151236,-0.023604886646599776,0.99598285460013836,0.086376864199631767,-0.96521342254248543,-0.00020018563737605154,-0.26146320748727203,8.9637603244576236e-05,2.1561748542366989e-05
2.8050060272216797,1790953867.689472,0.00058507919311523438,0.085905105783160907,0.034801865284766934,-0.034505159311927894,0.010384709049366262,0.35152676464417792,-0.010925761117484504,0.054602999999999999,0.0050289999999999996,0.191273,-3.1408072554263957,1.3062567720701161,-3.0511496917514473,0.05458093655216871,0.0050278085854615767,0.19118612834342189,-0.26039558035846688,-0.089543918097607519,0.96134074524151236,-0.023604886646599776,0.99598285460013836,0.086376864199631767,-0.96521342254248543,-0.00020018563737605154,-0.26146320748727203,8.9637603244576236e-05,2.1561748542366989e-05
2.810028076171875,1790953867.694494,0.0006160736083984375,0.085905105783160907,0.034801865284766934,-0.034505159311927894,0.010384709049366262,0.35152676464417792,-0.010925761117484504,0.054602999999999999,0.0050289999999999996,0.191273,-3.1408072554263957,1.3062567720701161,-3.0511496917514473,0.05458093655216871,0.0050278085854615767,0.19118612834342189,-0.26039558035846688,-0.089543918097607519,0.96134074524151236,-0.023604886646599776,0.99598285460013836,0.086376864199631767,-0.96521342254248543,-0.00020018563737605154,-0.26146320748727203,8.9637603244576236e-05,2.1561748542366989e-05
2.8150019645690918,1790953867.6994679,0.00058889389038085938,0.085905105783160907,0.034801865284766934,-0.034505159311927894,0.010384709049366262,0.35152676464417792,-0.010925761117484504,0.054602999999999999,0.0050289999999999996,0.191273,-3.1408072554263957,1.3062567720701161,-3.0511496917514473,0.05458093655216871,0.0050278085854615767,0.19118612834342189,-0.26039558035846688,-0.089543918097607519,0.96134074524151236,-0.023604886646599776,0.99598285460013836,0.086376864199631767,-0.96521342254248543,-0.00020018563737605154,-0.26146320748727203,8.9637603244576236e-05,2.1561748542366989e-05
2.8200271129608154,1790953867.704493,0.00060510635375976562,0.085905105783160907,0.034801865284766934,-0.034505159311927894,0.010384709049366262,0.35152676464417792,-0.010925761117484504,0.054602999999999999,0.0050289999999999996,0.191273,-3.1408072554263957,1.3062567720701161,-3.0511496917514473,0.05458093655216871,0.0050278085854615767,0.19118612834342189,-0.26039558035846688,-0.089543918097607519,0.96134074524151236,-0.023604886646599776,0.99598285460013836,0.086376864199631767,-0.96521342254248543,-0.00020018563737605154,-0.26146320748727203,8.9637603244576236e-05,2.1561748542366989e-05
2.825005054473877,1790953867.709471,0.00059390068054199219,0.085905105783160907,0.034801865284766934,-0.034505159311927894,0.010384709049366262,0.35152676464417792,-0.010925761117484504,0.054602999999999999,0.0050289999999999996,0.191273,-3.1408072554263957,1.3062567720701161,-3.0511496917514473,0.05458093655216871,0.0050278085854615767,0.19118612834342189,-0.26039558035846688,-0.089543918097607519,0.96134074524151236,-0.023604886646599776,0.99598285460013836,0.086376864199631767,-0.96521342254248543,-0.00020018563737605154,-0.26146320748727203,8.9637603244576236e-05,2.1561748542366989e-05
2.8300299644470215,1790953867.7144959,0.0006198883056640625,0.085905105783160907,0.034801865284766934,-0.034505159311927894,0.010384709049366262,0.35152676464417792,-0.010925761117484504,0.054602999999999999,0.0050289999999999996,0.191273,-3.1408072554263957,1.3062567720701161,-3.0511496917514473,0.05458093655216871,0.0050278085854615767,0.19118612834342189,-0.26039558035846688,-0.089543918097607519,0.96134074524151236,-0.023604886646599776,0.99598285460013836,0.086376864199631767,-0.96521342254248543,-0.00020018563737605154,-0.26146320748727203,8.9637603244576236e-05,2.1561748542366989e-05
2.8350040912628174,1790953867.71947,0.00059103965759277344,0.085905105783160907,0.034801865284766934,-0.034505159311927894,0.010384709049366262,0.35152676464417792,-0.010925761117484504,0.054602999999999999,0.0050289999999999996,0.191273,-3.1408072554263957,1.3062567720701161,-3.0511496917514473,0.05458093655216871,0.0050278085854615767,0.19118612834342189,-0.26039558035846688,-0.089543918097607519,0.96134074524151236,-0.023604886646599776,0.99598285460013836,0.086376864199631767,-0.96521342254248543,-0.00020018563737605154,-0.26146320748727203,8.9637603244576236e-05,2.1561748542366989e-05
2.8400070667266846,1790953867.724473,0.00060105323791503906,0.085905105783160907,0.034801865284766934,-0.034505159311927894,0.010384709049366262,0.35152676464417792,-0.010925761117484504,0.054602999999999999,0.0050289999999999996,0.191273,-3.1408072554263957,1.3062567720701161,-3.0511496917514473,0.05458093655216871,0.0050278085854615767,0.19118612834342189,-0.26039558035846688,-0.089543918097607519,0.96134074524151236,-0.023604886646599776,0.99598285460013836,0.086376864199631767,-0.96521342254248543,-0.00020018563737605154,-0.26146320748727203,8.9637603244576236e-05,2.1561748542366989e-05
2.8450009822845459,1790953867.7294669,0.00059390068054199219,0.085905105783160907,0.034801865284766934,-0.034505159311927894,0.010384709049366262,0.35152676464417792,-0.010925761117484504,0.054602999999999999,0.0050289999999999996,0.191273,-3.1408072554263957,1.3062567720701161,-3.0511496917514473,0.05458093655216871,0.0050278085854615767,0.19118612834342189,-0.26039558035846688,-0.089543918097607519,0.96134074524151236,-0.023604886646599776,0.99598285460013836,0.086376864199631767,-0.96521342254248543,-0.00020018563737605154,-0.26146320748727203,8.9637603244576236e-05,2.1561748542366989e-05
2.8500030040740967,1790953867.7344689,0.00059390068054199219,0.085905105783160907,0.034801865284766934,-0.034505159311927894,0.010384709049366262,0.35152676464417792,-0.010925761117484504,0.054602999999999999,0.0050289999999999996,0.191273,-3.1408072554263957,1.3062567720701161,-3.0511496917514473,0.05458093655216871,0.0050278085854615767,0.19118612834342189,-0.26039558035846688,-0.089543918097607519,0.96134074524151236,-0.023604886646599776,0.99598285460013836,0.086376864199631767,-0.96521342254248543,-0.00020018563737605154,-0.26146320748727203,8.9637603244576236e-05,2.1561748542366989e-05
2.8550021648406982,1790953867.7394681,0.00058913230895996094,0.085905105783160907,0.034801865284766934,-0.034505159311927894,0.010384709049366262,0.35152676464417792,-0.010925761117484504,0.054602999999999999,0.0050289999999999996,0.191273,-3.1408072554263957,1.3062567720701161,-3.0511496917514473,0.05458093655216871,0.0050278085854615767,0.19118612834342189,-0.26039558035846688,-0.089543918097607519,0.96134074524151236,-0.023604886646599776,0.99598285460013836,0.086376864199631767,-0.96521342254248543,-0.00020018563737605154,-0.26146320748727203,8.9637603244576236e-05,2.1561748542366989e-05
2.8600001335144043,1790953867.7444661,0.0005950927734375,0.085905105783160907,0.034801865284766934,-0.034505159311927894,0.010384709049366262,0.35152676464417792,-0.010925761117484504,0.054602999999999999,0.0050289999999999996,0.191273,-3.1408072554263957,1.3062567720701161,-3.0511496917514473,0.05458093655216871,0.0050278085854615767,0.19118612834342189,-0.26039558035846688,-0.089543918097607519,0.96134074524151236,-0.023604886646599776,0.99598285460013836,0.086376864199631767,-0.96521342254248543,-0.00020018563737605154,-0.26146320748727203,8.9637603244576236e-05,2.1561748542366989e-05
2.8650040626525879,1790953867.74947,0.00060105323791503906,0.085905105783160907,0.034801865284766934,-0.034505159311927894,0.010384709049366262,0.35152676464417792,-0.010925761117484504,0.054602999999999999,0.0050289999999999996,0.191273,-3.1408072554263957,1.3062567720701161,-3.0511496917514473,0.05458093655216871,0.0050278085854615767,0.19118612834342189,-0.26039558035846688,-0.089543918097607519,0.96134074524151236,-0.023604886646599776,0.99598285460013836,0.086376864199631767,-0.96521342254248543,-0.00020018563737605154,-0.26146320748727203,8.9637603244576236e-05,2.1561748542366989e-05
2.8700029850006104,1790953867.7544689,0.00057196617126464844,0.085905105783160907,0.034801865284766934,-0.034505159311927894,0.010384709049366262,0.35152676464417792,-0.010925761117484504,0.054602999999999999,0.0050289999999999996,0.191273,-3.1408072554263957,1.3062567720701161,-3.0511496917514473,0.05458093655216871,0.0050278085854615767,0.19118612834342189,-0.26039558035846688,-0.089543918097607519,0.96134074524151236,-0.023604886646599776,0.99598285460013836,0.086376864199631767,-0.96521342254248543,-0.00020018563737605154,-0.26146320748727203,8.9637603244576236e-05,2.1561748542366989e-05
2.8750040531158447,1790953867.75947,0.00059294700622558594,0.085905105783160907,0.034801865284766934,-0.034505159311927894,0.010384709049366262,0.35152676464417792,-0.010925761117484504,0.054602999999999999,0.0050289999999999996,0.191273,-3.1408072554263957,1.3062567720701161,-3.0511496917514473,0.05458093655216871,0.0050278085854615767,0.19118612834342189,-0.26039558035846688,-0.089543918097607519,0.96134074524151236,-0.023604886646599776,0.99598285460013836,0.086376864199631767,-0.96521342254248543,-0.00020018563737605154,-0.26146320748727203,8.9637603244576236e-05,2.1561748542366989e-05
2.8800010681152344,1790953867.764467,0.00059008598327636719,0.085905105783160907,0.034801865284766934,-0.034505159311927894,0.010384709049366262,0.35152676464417792,-0.010925761117484504,0.054602999999999999,0.0050289999999999996,0.191273,-3.1408072554263957,1.3062567720701161,-3.0511496917514473,0.05458093655216871,0.0050278085854615767,0.19118612834342189,-0.26039558035846688,-0.089543918097607519,0.96134074524151236,-0.023604886646599776,0.99598285460013836,0.086376864199631767,-0.96521342254248543,-0.00020018563737605154,-0.26146320748727203,8.9637603244576236e-05,2.1561748542366989e-05
2.8850030899047852,1790953867.769469,0.00060009956359863281,0.085905105783160907,0.034801865284766934,-0.034505159311927894,0.010384709049366262,0.35152676464417792,-0.010925761117484504,0.054602999999999999,0.0050289999999999996,0.191273,-3.1408072554263957,1.3062567720701161,-3.0511496917514473,0.05458093655216871,0.0050278085854615767,0.19118612834342189,-0.26039558035846688,-0.089543918097607519,0.96134074524151236,-0.023604886646599776,0.99598285460013836,0.086376864199631767,-0.96521342254248543,-0.00020018563737605154,-0.26146320748727203,8.9637603244576236e-05,2.1561748542366989e-05
2.8900001049041748,1790953867.774466,0.0005741119384765625,0.085905105783160907,0.034801865284766934,-0.034505159311927894,0.010384709049366262,0.35152676464417792,-0.010925761117484504,0.054602999999999999,0.0050289999999999996,0.191273,-3.1408072554263957,1.3062567720701161,-3.0511496917514473,0.05458093655216871,0.0050278085854615767,0.19118612834342189,-0.26039558035846688,-0.089543918097607519,0.96134074524151236,-0.023604886646599776,0.99598285460013836,0.086376864199631767,-0.96521342254248543,-0.00020018563737605154,-0.26146320748727203,8.9637603244576236e-05,2.1561748542366989e-05
2.8950040340423584,1790953867.77947,0.00060105323791503906,0.085905105783160907,0.034801865284766934,-0.034505159311927894,0.010384709049366262,0.35152676464417792,-0.010925761117484504,0.054602999999999999,0.0050289999999999996,0.191273,-3.1408072554263957,1.3062567720701161,-3.0511496917514473,0.05458093655216871,0.0050278085854615767,0.19118612834342189,-0.26039558035846688,-0.089543918097607519,0.96134074524151236,-0.023604886646599776,0.99598285460013836,0.086376864199631767,-0.96521342254248543,-0.00020018563737605154,-0.26146320748727203,8.9637603244576236e-05,2.1561748542366989e-05
2.9000041484832764,1790953867.7844701,0.000576019287109375,0.085905105783160907,0.034801865284766934,-0.034505159311927894,0.010384709049366262,0.35152676464417792,-0.010925761117484504,0.054602999999999999,0.0050289999999999996,0.191273,-3.1408072554263957,1.3062567720701161,-3.0511496917514473,0.05458093655216871,0.0050278085854615767,0.19118612834342189,-0.26039558035846688,-0.089543918097607519,0.96134074524151236,-0.023604886646599776,0.99598285460013836,0.086376864199631767,-0.96521342254248543,-0.00020018563737605154,-0.26146320748727203,8.9637603244576236e-05,2.1561748542366989e-05
2.9050021171569824,1790953867.7894681,0.0005950927734375,0.085905105783160907,0.034801865284766934,-0.034505159311927894,0.010384709049366262,0.35152676464417792,-0.010925761117484504,0.054602999999999999,0.0050289999999999996,0.191273,-3.1408072554263957,1.3062567720701161,-3.0511496917514473,0.05458093655216871,0.0050278085854615767,0.19118612834342189,-0.26039558035846688,-0.089543918097607519,0.96134074524151236,-0.023604886646599776,0.99598285460013836,0.086376864199631767,-0.96521342254248543,-0.00020018563737605154,-0.26146320748727203,8.9637603244576236e-05,2.1561748542366989e-05
2.910027027130127,1790953867.794493,0.00062084197998046875,0.085905105783160907,0.034801865284766934,-0.034505159311927894,0.010384709049366262,0.35152676464417792,-0.010925761117484504,0.054602999999999999,0.0050289999999999996,0.191273,-3.1408072554263957,1.3062567720701161,-3.0511496917514473,0.05458093655216871,0.0050278085854615767,0.19118612834342189,-0.26039558035846688,-0.089543918097607519,0.96134074524151236,-0.023604886646599776,0.99598285460013836,0.086376864199631767,-0.96521342254248543,-0.00020018563737605154,-0.26146320748727203,8.9637603244576236e-05,2.1561748542366989e-05
2.9150030612945557,1790953867.799469,0.000598907470703125,0.085905105783160907,0.034801865284766934,-0.034505159311927894,0.010384709049366262,0.35152676464417792,-0.010925761117484504,0.054602999999999999,0.0050289999999999996,0.191273,-3.1408072554263957,1.3062567720701161,-3.0511496917514473,0.05458093655216871,0.0050278085854615767,0.19118612834342189,-0.26039558035846688,-0.089543918097607519,0.96134074524151236,-0.023604886646599776,0.99598285460013836,0.086376864199631767,-0.96521342254248543,-0.00020018563737605154,-0.26146320748727203,8.9637603244576236e-05,2.1561748542366989e-05
2.9200291633605957,1790953867.8044951,0.00060009956359863281,0.085905105783160907,0.034801865284766934,-0.034505159311927894,0.010384709049366262,0.35152676464417792,-0.010925761117484504,0.054602999999999999,0.0050289999999999996,0.191273,-3.1408072554263957,1.3062567720701161,-3.0511496917514473,0.05458093655216871,0.0050278085854615767,0.19118612834342189,-0.26039558035846688,-0.089543918097607519,0.96134074524151236,-0.023604886646599776,0.99598285460013836,0.086376864199631767,-0.96521342254248543,-0.00020018563737605154,-0.26146320748727203,8.9637603244576236e-05,2.1561748542366989e-05
2.9250030517578125,1790953867.809469,0.00060200691223144531,0.085905105783160907,0.034801865284766934,-0.034505159311927894,0.010384709049366262,0.35152676464417792,-0.010925761117484504,0.054602999999999999,0.0050289999999999996,0.191273,-3.1408072554263957,1.3062567720701161,-3.0511496917514473,0.05458093655216871,0.0050278085854615767,0.19118612834342189,-0.26039558035846688,-0.089543918097607519,0.96134074524151236,-0.023604886646599776,0.99598285460013836,0.086376864199631767,-0.96521342254248543,-0.00020018563737605154,-0.26146320748727203,8.9637603244576236e-05,2.1561748542366989e-05
2.930027961730957,1790953867.8144939,0.00061893463134765625,0.085905105783160907,0.034801865284766934,-0.034505159311927894,0.010384709049366262,0.35152676464417792,-0.010925761117484504,0.054602999999999999,0.0050289999999999996,0.191273,-3.1408072554263957,1.3062567720701161,-3.0511496917514473,0.05458093655216871,0.0050278085854615767,0.19118612834342189,-0.26039558035846688,-0.089543918097607519,0.96134074524151236,-0.023604886646599776,0.99598285460013836,0.086376864199631767,-0.96521342254248543,-0.00020018563737605154,-0.26146320748727203,8.9637603244576236e-05,2.1561748542366989e-05
2.9350049495697021,1790953867.8194709,0.00060176849365234375,0.085905105783160907,0.034801865284766934,-0.034505159311927894,0.010384709049366262,0.35152676464417792,-0.010925761117484504,0.054602999999999999,0.0050289999999999996,0.191273,-3.1408072554263957,1.3062567720701161,-3.0511496917514473,0.05458093655216871,0.0050278085854615767,0.19118612834342189,-0.26039558035846688,-0.089543918097607519,0.96134074524151236,-0.023604886646599776,0.99598285460013836,0.086376864199631767,-0.96521342254248543,-0.00020018563737605154,-0.26146320748727203,8.9637603244576236e-05,2.1561748542366989e-05
2.9400479793548584,1790953867.8245139,0.00063800811767578125,0.085905105783160907,0.034801865284766934,-0.034505159311927894,0.010384709049366262,0.35152676464417792,-0.010925761117484504,0.054602999999999999,0.0050289999999999996,0.191273,-3.1408072554263957,1.3062567720701161,-3.0511496917514473,0.05458093655216871,0.0050278085854615767,0.19118612834342189,-0.26039558035846688,-0.089543918097607519,0.96134074524151236,-0.023604886646599776,0.99598285460013836,0.086376864199631767,-0.96521342254248543,-0.00020018563737605154,-0.26146320748727203,8.9637603244576236e-05,2.1561748542366989e-05
2.9450039863586426,1790953867.8294699,0.00059795379638671875,0.085905105783160907,0.034801865284766934,-0.034505159311927894,0.010384709049366262,0.35152676464417792,-0.010925761117484504,0.054602999999999999,0.0050289999999999996,0.191273,-3.1408072554263957,1.3062567720701161,-3.0511496917514473,0.05458093655216871,0.0050278085854615767,0.19118612834342189,-0.26039558035846688,-0.089543918097607519,0.96134074524151236,-0.023604886646599776,0.99598285460013836,0.086376864199631767,-0.96521342254248543,-0.00020018563737605154,-0.26146320748727203,8.9637603244576236e-05,2.1561748542366989e-05
2.950031042098999,1790953867.834497,0.00062894821166992188,0.085905105783160907,0.034801865284766934,-0.034505159311927894,0.010384709049366262,0.35152676464417792,-0.010925761117484504,0.054602999999999999,0.0050289999999999996,0.191273,-3.1408072554263957,1.3062567720701161,-3.0511496917514473,0.05458093655216871,0.0050278085854615767,0.19118612834342189,-0.26039558035846688,-0.089543918097607519,0.96134074524151236,-0.023604886646599776,0.99598285460013836,0.086376864199631767,-0.96521342254248543,-0.00020018563737605154,-0.26146320748727203,8.9637603244576236e-05,2.1561748542366989e-05
2.955003023147583,1790953867.839469,0.00060296058654785156,0.085905105783160907,0.034801865284766934,-0.034505159311927894,0.010384709049366262,0.35152676464417792,-0.010925761117484504,0.054602999999999999,0.0050289999999999996,0.191273,-3.1408072554263957,1.3062567720701161,-3.0511496917514473,0.05458093655216871,0.0050278085854615767,0.19118612834342189,-0.26039558035846688,-0.089543918097607519,0.96134074524151236,-0.023604886646599776,0.99598285460013836,0.086376864199631767,-0.96521342254248543,-0.00020018563737605154,-0.26146320748727203,8.9637603244576236e-05,2.1561748542366989e-05
2.960003137588501,1790953867.8444691,0.00057697296142578125,0.085905105783160907,0.034801865284766934,-0.034505159311927894,0.010384709049366262,0.35152676464417792,-0.010925761117484504,0.054602999999999999,0.0050289999999999996,0.191273,-3.1408072554263957,1.3062567720701161,-3.0511496917514473,0.05458093655216871,0.0050278085854615767,0.19118612834342189,-0.26039558035846688,-0.089543918097607519,0.96134074524151236,-0.023604886646599776,0.99598285460013836,0.086376864199631767,-0.96521342254248543,-0.00020018563737605154,-0.26146320748727203,8.9637603244576236e-05,2.1561748542366989e-05
2.9650030136108398,1790953867.8494689,0.00059390068054199219,0.085905105783160907,0.034801865284766934,-0.034505159311927894,0.010384709049366262,0.35152676464417792,-0.010925761117484504,0.054602999999999999,0.0050289999999999996,0.191273,-3.1408072554263957,1.3062567720701161,-3.0511496917514473,0.05458093655216871,0.0050278085854615767,0.19118612834342189,-0.26039558035846688,-0.089543918097607519,0.96134074524151236,-0.023604886646599776,0.99598285460013836,0.086376864199631767,-0.96521342254248543,-0.00020018563737605154,-0.26146320748727203,8.9637603244576236e-05,2.1561748542366989e-05
2.9700281620025635,1790953867.8544941,0.00061917304992675781,0.085905105783160907,0.034801865284766934,-0.034505159311927894,0.010384709049366262,0.35152676464417792,-0.010925761117484504,0.054602999999999999,0.0050289999999999996,0.191273,-3.1408072554263957,1.3062567720701161,-3.0511496917514473,0.05458093655216871,0.0050278085854615767,0.19118612834342189,-0.26039558035846688,-0.089543918097607519,0.96134074524151236,-0.023604886646599776,0.99598285460013836,0.086376864199631767,-0.96521342254248543,-0.00020018563737605154,-0.26146320748727203,8.9637603244576236e-05,2.1561748542366989e-05
2.9750020503997803,1790953867.859468,0.000492095947265625,0.085905105783160907,0.034801865284766934,-0.034505159311927894,0.010384709049366262,0.35152676464417792,-0.010925761117484504,0.054602999999999999,0.0050289999999999996,0.191273,-3.1408072554263957,1.3062567720701161,-3.0511496917514473,0.05458093655216871,0.0050278085854615767,0.19118612834342189,-0.26039558035846688,-0.089543918097607519,0.96134074524151236,-0.023604886646599776,0.99598285460013836,0.086376864199631767,-0.96521342254248543,-0.00020018563737605154,-0.26146320748727203,8.9637603244576236e-05,2.1561748542366989e-05
2.980025053024292,1790953867.864491,0.00060009956359863281,0.085905105783160907,0.034801865284766934,-0.034505159311927894,0.010384709049366262,0.35152676464417792,-0.010925761117484504,0.054602999999999999,0.0050289999999999996,0.191273,-3.1408072554263957,1.3062567720701161,-3.0511496917514473,0.05458093655216871,0.0050278085854615767,0.19118612834342189,-0.26039558035846688,-0.089543918097607519,0.96134074524151236,-0.023604886646599776,0.99598285460013836,0.086376864199631767,-0.96521342254248543,-0.00020018563737605154,-0.26146320748727203,8.9637603244576236e-05,2.1561748542366989e-05
2.9850020408630371,1790953867.869468,0.00059008598327636719,0.085905105783160907,0.034801865284766934,-0.034505159311927894,0.010384709049366262,0.35152676464417792,-0.010925761117484504,0.054602999999999999,0.0050289999999999996,0.191273,-3.1408072554263957,1.3062567720701161,-3.0511496917514473,0.05458093655216871,0.0050278085854615767,0.19118612834342189,-0.26039558035846688,-0.089543918097607519,0.96134074524151236,-0.023604886646599776,0.99598285460013836,0.086376864199631767,-0.96521342254248543,-0.00020018563737605154,-0.26146320748727203,8.9637603244576236e-05,2.1561748542366989e-05
2.9900269508361816,1790953867.8744929,0.00062084197998046875,0.085905105783160907,0.034801865284766934,-0.034505159311927894,0.010384709049366262,0.35152676464417792,-0.010925761117484504,0.054602999999999999,0.0050289999999999996,0.191273,-3.1408072554263957,1.3062567720701161,-3.0511496917514473,0.05458093655216871,0.0050278085854615767,0.19118612834342189,-0.26039558035846688,-0.089543918097607519,0.96134074524151236,-0.023604886646599776,0.99598285460013836,0.086376864199631767,-0.96521342254248543,-0.00020018563737605154,-0.26146320748727203,8.9637603244576236e-05,2.1561748542366989e-05
2.9950020313262939,1790953867.879468,0.00060200691223144531,0.085905105783160907,0.034801865284766934,-0.034505159311927894,0.010384709049366262,0.35152676464417792,-0.010925761117484504,0.054602999999999999,0.0050289999999999996,0.191273,-3.1408072554263957,1.3062567720701161,-3.0511496917514473,0.05458093655216871,0.0050278085854615767,0.19118612834342189,-0.26039558035846688,-0.089543918097607519,0.96134074524151236,-0.023604886646599776,0.99598285460013836,0.086376864199631767,-0.96521342254248543,-0.00020018563737605154,-0.26146320748727203,8.9637603244576236e-05,2.1561748542366989e-05
3.000028133392334,1790953867.8844941,0.00062513351440429688,0.085905105783160907,0.034801865284766934,-0.034505159311927894,0.010384709049366262,0.35152676464417792,-0.010925761117484504,0.054602999999999999,0.0050289999999999996,0.191273,-3.1408072554263957,1.3062567720701161,-3.0511496917514473,0.05458093655216871,0.0050278085854615767,0.19118612834342189,-0.26039558035846688,-0.089543918097607519,0.96134074524151236,-0.023604886646599776,0.99598285460013836,0.086376864199631767,-0.96521342254248543,-0.00020018563737605154,-0.26146320748727203,8.9637603244576236e-05,2.1561748542366989e-05
3.0050051212310791,1790953867.8894711,0.00059413909912109375,0.085905105783160907,0.034801865284766934,-0.034505159311927894,0.010384709049366262,0.35152676464417792,-0.010925761117484504,0.054602999999999999,0.0050289999999999996,0.191273,-3.1408072554263957,1.3062567720701161,-3.0511496917514473,0.05458093655216871,0.0050278085854615767,0.19118612834342189,-0.26039558035846688,-0.089543918097607519,0.96134074524151236,-0.023604886646599776,0.99598285460013836,0.086376864199631767,-0.96521342254248543,-0.00020018563737605154,-0.26146320748727203,8.9637603244576236e-05,2.1561748542366989e-05
3.0100300312042236,1790953867.894496,0.00062704086303710938,0.085905105783160907,0.034801865284766934,-0.034505159311927894,0.010384709049366262,0.35152676464417792,-0.010925761117484504,0.054602999999999999,0.0050289999999999996,0.191273,-3.1408072554263957,1.3062567720701161,-3.0511496917514473,0.05458093655216871,0.0050278085854615767,0.19118612834342189,-0.26039558035846688,-0.089543918097607519,0.96134074524151236,-0.023604886646599776,0.99598285460013836,0.086376864199631767,-0.96521342254248543,-0.00020018563737605154,-0.26146320748727203,8.9637603244576236e-05,2.1561748542366989e-05
3.0150060653686523,1790953867.899472,0.0005970001220703125,0.085905105783160907,0.034801865284766934,-0.034505159311927894,0.010384709049366262,0.35152676464417792,-0.010925761117484504,0.054602999999999999,0.0050289999999999996,0.191273,-3.1408072554263957,1.3062567720701161,-3.0511496917514473,0.05458093655216871,0.0050278085854615767,0.19118612834342189,-0.26039558035846688,-0.089543918097607519,0.96134074524151236,-0.023604886646599776,0.99598285460013836,0.086376864199631767,-0.96521342254248543,-0.00020018563737605154,-0.26146320748727203,8.9637603244576236e-05,2.1561748542366989e-05
3.0200011730194092,1790953867.9044671,0.00058603286743164062,0.085905105783160907,0.034801865284766934,-0.034505159311927894,0.010384709049366262,0.35152676464417792,-0.010925761117484504,0.054602999999999999,0.0050289999999999996,0.191273,-3.1408072554263957,1.3062567720701161,-3.0511496917514473,0.05458093655216871,0.0050278085854615767,0.19118612834342189,-0.26039558035846688,-0.089543918097607519,0.96134074524151236,-0.023604886646599776,0.99598285460013836,0.086376864199631767,-0.96521342254248543,-0.00020018563737605154,-0.26146320748727203,8.9637603244576236e-05,2.1561748542366989e-05
3.025001049041748,1790953867.909467,0.00060009956359863281,0.085905105783160907,0.034801865284766934,-0.034505159311927894,0.010384709049366262,0.35152676464417792,-0.010925761117484504,0.054602999999999999,0.0050289999999999996,0.191273,-3.1408072554263957,1.3062567720701161,-3.0511496917514473,0.05458093655216871,0.0050278085854615767,0.19118612834342189,-0.26039558035846688,-0.089543918097607519,0.96134074524151236,-0.023604886646599776,0.99598285460013836,0.086376864199631767,-0.96521342254248543,-0.00020018563737605154,-0.26146320748727203,8.9637603244576236e-05,2.1561748542366989e-05
3.0300281047821045,1790953867.914494,0.00062298774719238281,0.085905105783160907,0.034801865284766934,-0.034505159311927894,0.010384709049366262,0.35152676464417792,-0.010925761117484504,0.054602999999999999,0.0050289999999999996,0.191273,-3.1408072554263957,1.3062567720701161,-3.0511496917514473,0.05458093655216871,0.0050278085854615767,0.19118612834342189,-0.26039558035846688,-0.089543918097607519,0.96134074524151236,-0.023604886646599776,0.99598285460013836,0.086376864199631767,-0.96521342254248543,-0.00020018563737605154,-0.26146320748727203,8.9637603244576236e-05,2.1561748542366989e-05
3.0350041389465332,1790953867.9194701,0.00059914588928222656,0.085905105783160907,0.034801865284766934,-0.034505159311927894,0.010384709049366262,0.35152676464417792,-0.010925761117484504,0.054602999999999999,0.0050289999999999996,0.191273,-3.1408072554263957,1.3062567720701161,-3.0511496917514473,0.05458093655216871,0.0050278085854615767,0.19118612834342189,-0.26039558035846688,-0.089543918097607519,0.96134074524151236,-0.023604886646599776,0.99598285460013836,0.086376864199631767,-0.96521342254248543,-0.00020018563737605154,-0.26146320748727203,8.9637603244576236e-05,2.1561748542366989e-05
3.0400290489196777,1790953867.924495,0.00062489509582519531,0.085905105783160907,0.034801865284766934,-0.034505159311927894,0.010384709049366262,0.35152676464417792,-0.010925761117484504,0.054602999999999999,0.0050289999999999996,0.191273,-3.1408072554263957,1.3062567720701161,-3.0511496917514473,0.05458093655216871,0.0050278085854615767,0.19118612834342189,-0.26039558035846688,-0.089543918097607519,0.96134074524151236,-0.023604886646599776,0.99598285460013836,0.086376864199631767,-0.96521342254248543,-0.00020018563737605154,-0.26146320748727203,8.9637603244576236e-05,2.1561748542366989e-05
3.0450019836425781,1790953867.9294679,0.00059795379638671875,0.085905105783160907,0.034801865284766934,-0.034505159311927894,0.010384709049366262,0.35152676464417792,-0.010925761117484504,0.054602999999999999,0.0050289999999999996,0.191273,-3.1408072554263957,1.3062567720701161,-3.0511496917514473,0.05458093655216871,0.0050278085854615767,0.19118612834342189,-0.26039558035846688,-0.089543918097607519,0.96134074524151236,-0.023604886646599776,0.99598285460013836,0.086376864199631767,-0.96521342254248543,-0.00020018563737605154,-0.26146320748727203,8.9637603244576236e-05,2.1561748542366989e-05
3.0500020980834961,1790953867.934468,0.0005970001220703125,0.085905105783160907,0.034801865284766934,-0.034505159311927894,0.010384709049366262,0.35152676464417792,-0.010925761117484504,0.054602999999999999,0.0050289999999999996,0.191273,-3.1408072554263957,1.3062567720701161,-3.0511496917514473,0.05458093655216871,0.0050278085854615767,0.19118612834342189,-0.26039558035846688,-0.089543918097607519,0.96134074524151236,-0.023604886646599776,0.99598285460013836,0.086376864199631767,-0.96521342254248543,-0.00020018563737605154,-0.26146320748727203,8.9637603244576236e-05,2.1561748542366989e-05
3.0550031661987305,1790953867.9394691,0.0005950927734375,0.085905105783160907,0.034801865284766934,-0.034505159311927894,0.010384709049366262,0.35152676464417792,-0.010925761117484504,0.054602999999999999,0.0050289999999999996,0.191273,-3.1408072554263957,1.3062567720701161,-3.0511496917514473,0.05458093655216871,0.0050278085854615767,0.19118612834342189,-0.26039558035846688,-0.089543918097607519,0.96134074524151236,-0.023604886646599776,0.99598285460013836,0.086376864199631767,-0.96521342254248543,-0.00020018563737605154,-0.26146320748727203,8.9637603244576236e-05,2.1561748542366989e-05
3.0600311756134033,1790953867.9444971,0.00062918663024902344,0.085905105783160907,0.034801865284766934,-0.034505159311927894,0.010384709049366262,0.35152676464417792,-0.010925761117484504,0.054602999999999999,0.0050289999999999996,0.191273,-3.1408072554263957,1.3062567720701161,-3.0511496917514473,0.05458093655216871,0.0050278085854615767,0.19118612834342189,-0.26039558035846688,-0.089543918097607519,0.96134074524151236,-0.023604886646599776,0.99598285460013836,0.086376864199631767,-0.96521342254248543,-0.00020018563737605154,-0.26146320748727203,8.9637603244576236e-05,2.1561748542366989e-05
3.0650019645690918,1790953867.9494679,0.00059986114501953125,0.085905105783160907,0.034801865284766934,-0.034505159311927894,0.010384709049366262,0.35152676464417792,-0.010925761117484504,0.054602999999999999,0.0050289999999999996,0.191273,-3.1408072554263957,1.3062567720701161,-3.0511496917514473,0.05458093655216871,0.0050278085854615767,0.19118612834342189,-0.26039558035846688,-0.089543918097607519,0.96134074524151236,-0.023604886646599776,0.99598285460013836,0.086376864199631767,-0.96521342254248543,-0.00020018563737605154,-0.26146320748727203,8.9637603244576236e-05,2.1561748542366989e-05
3.0700280666351318,1790953867.954494,0.00062608718872070312,0.085905105783160907,0.034801865284766934,-0.034505159311927894,0.010384709049366262,0.35152676464417792,-0.010925761117484504,0.054602999999999999,0.0050289999999999996,0.191273,-3.1408072554263957,1.3062567720701161,-3.0511496917514473,0.05458093655216871,0.0050278085854615767,0.19118612834342189,-0.26039558035846688,-0.089543918097607519,0.96134074524151236,-0.023604886646599776,0.99598285460013836,0.086376864199631767,-0.96521342254248543,-0.00020018563737605154,-0.26146320748727203,8.9637603244576236e-05,2.1561748542366989e-05
3.0750031471252441,1790953867.9594691,0.00060200691223144531,0.085905105783160907,0.034801865284766934,-0.034505159311927894,0.010384709049366262,0.35152676464417792,-0.010925761117484504,0.054602999999999999,0.0050289999999999996,0.191273,-3.1408072554263957,1.3062567720701161,-3.0511496917514473,0.05458093655216871,0.0050278085854615767,0.19118612834342189,-0.26039558035846688,-0.089543918097607519,0.96134074524151236,-0.023604886646599776,0.99598285460013836,0.086376864199631767,-0.96521342254248543,-0.00020018563737605154,-0.26146320748727203,8.9637603244576236e-05,2.1561748542366989e-05
3.0800290107727051,1790953867.9644949,0.00060701370239257812,0.085905105783160907,0.034801865284766934,-0.034505159311927894,0.010384709049366262,0.35152676464417792,-0.010925761117484504,0.054602999999999999,0.0050289999999999996,0.191273,-3.1408072554263957,1.3062567720701161,-3.0511496917514473,0.05458093655216871,0.0050278085854615767,0.19118612834342189,-0.26039558035846688,-0.089543918097607519,0.96134074524151236,-0.023604886646599776,0.99598285460013836,0.086376864199631767,-0.96521342254248543,-0.00020018563737605154,-0.26146320748727203,8.9637603244576236e-05,2.1561748542366989e-05
3.0850059986114502,1790953867.9694719,0.00058889389038085938,0.085905105783160907,0.034801865284766934,-0.034505159311927894,0.010384709049366262,0.35152676464417792,-0.010925761117484504,0.054602999999999999,0.0050289999999999996,0.191273,-3.1408072554263957,1.3062567720701161,-3.0511496917514473,0.05458093655216871,0.0050278085854615767,0.19118612834342189,-0.26039558035846688,-0.089543918097607519,0.96134074524151236,-0.023604886646599776,0.99598285460013836,0.086376864199631767,-0.96521342254248543,-0.00020018563737605154,-0.26146320748727203,8.9637603244576236e-05,2.1561748542366989e-05
3.0900280475616455,1790953867.974494,0.00062608718872070312,0.085905105783160907,0.034801865284766934,-0.034505159311927894,0.010384709049366262,0.35152676464417792,-0.010925761117484504,0.054602999999999999,0.0050289999999999996,0.191273,-3.1408072554263957,1.3062567720701161,-3.0511496917514473,0.05458093655216871,0.0050278085854615767,0.19118612834342189,-0.26039558035846688,-0.089543918097607519,0.96134074524151236,-0.023604886646599776,0.99598285460013836,0.086376864199631767,-0.96521342254248543,-0.00020018563737605154,-0.26146320748727203,8.9637603244576236e-05,2.1561748542366989e-05
3.095005989074707,1790953867.9794719,0.00059795379638671875,0.085905105783160907,0.034801865284766934,-0.034505159311927894,0.010384709049366262,0.35152676464417792,-0.010925761117484504,0.054602999999999999,0.0050289999999999996,0.191273,-3.1408072554263957,1.3062567720701161,-3.0511496917514473,0.05458093655216871,0.0050278085854615767,0.19118612834342189,-0.26039558035846688,-0.089543918097607519,0.96134074524151236,-0.023604886646599776,0.99598285460013836,0.086376864199631767,-0.96521342254248543,-0.00020018563737605154,-0.26146320748727203,8.9637603244576236e-05,2.1561748542366989e-05
3.1000280380249023,1790953867.984494,0.00061798095703125,0.085905105783160907,0.034801865284766934,-0.034505159311927894,0.010384709049366262,0.35152676464417792,-0.010925761117484504,0.054602999999999999,0.0050289999999999996,0.191273,-3.1408072554263957,1.3062567720701161,-3.0511496917514473,0.05458093655216871,0.0050278085854615767,0.19118612834342189,-0.26039558035846688,-0.089543918097607519,0.96134074524151236,-0.023604886646599776,0.99598285460013836,0.086376864199631767,-0.96521342254248543,-0.00020018563737605154,-0.26146320748727203,8.9637603244576236e-05,2.1561748542366989e-05
3.1050031185150146,1790953867.9894691,0.0005970001220703125,0.085905105783160907,0.034801865284766934,-0.034505159311927894,0.010384709049366262,0.35152676464417792,-0.010925761117484504,0.054602999999999999,0.0050289999999999996,0.191273,-3.1408072554263957,1.3062567720701161,-3.0511496917514473,0.05458093655216871,0.0050278085854615767,0.19118612834342189,-0.26039558035846688,-0.089543918097607519,0.96134074524151236,-0.023604886646599776,0.99598285460013836,0.086376864199631767,-0.96521342254248543,-0.00020018563737605154,-0.26146320748727203,8.9637603244576236e-05,2.1561748542366989e-05
3.1100301742553711,1790953867.9944961,0.00061511993408203125,0.085905105783160907,0.034801865284766934,-0.034505159311927894,0.010384709049366262,0.35152676464417792,-0.010925761117484504,0.054602999999999999,0.0050289999999999996,0.191273,-3.1408072554263957,1.3062567720701161,-3.0511496917514473,0.05458093655216871,0.0050278085854615767,0.19118612834342189,-0.26039558035846688,-0.089543918097607519,0.96134074524151236,-0.023604886646599776,0.99598285460013836,0.086376864199631767,-0.96521342254248543,-0.00020018563737605154,-0.26146320748727203,8.9637603244576236e-05,2.1561748542366989e-05
3.1150050163269043,1790953867.9994709,0.00059390068054199219,0.085905105783160907,0.034801865284766934,-0.034505159311927894,0.010384709049366262,0.35152676464417792,-0.010925761117484504,0.054602999999999999,0.0050289999999999996,0.191273,-3.1408072554263957,1.3062567720701161,-3.0511496917514473,0.05458093655216871,0.0050278085854615767,0.19118612834342189,-0.26039558035846688,-0.089543918097607519,0.96134074524151236,-0.023604886646599776,0.99598285460013836,0.086376864199631767,-0.96521342254248543,-0.00020018563737605154,-0.26146320748727203,8.9637603244576236e-05,2.1561748542366989e-05
3.120028018951416,1790953868.004494,0.00060486793518066406,0.085905105783160907,0.034801865284766934,-0.034505159311927894,0.010384709049366262,0.35152676464417792,-0.010925761117484504,0.054602999999999999,0.0050289999999999996,0.191273,-3.1408072554263957,1.3062567720701161,-3.0511496917514473,0.05458093655216871,0.0050278085854615767,0.19118612834342189,-0.26039558035846688,-0.089543918097607519,0.96134074524151236,-0.023604886646599776,0.99598285460013836,0.086376864199631767,-0.96521342254248543,-0.00020018563737605154,-0.26146320748727203,8.9637603244576236e-05,2.1561748542366989e-05
3.1250040531158447,1790953868.00947,0.00060009956359863281,0.085905105783160907,0.034801865284766934,-0.034505159311927894,0.010384709049366262,0.35152676464417792,-0.010925761117484504,0.054602999999999999,0.0050289999999999996,0.191273,-3.1408072554263957,1.3062567720701161,-3.0511496917514473,0.05458093655216871,0.0050278085854615767,0.19118612834342189,-0.26039558035846688,-0.089543918097607519,0.96134074524151236,-0.023604886646599776,0.99598285460013836,0.086376864199631767,-0.96521342254248543,-0.00020018563737605154,-0.26146320748727203,8.9637603244576236e-05,2.1561748542366989e-05
3.1300280094146729,1790953868.0144939,0.00062084197998046875,0.085905105783160907,0.034801865284766934,-0.034505159311927894,0.010384709049366262,0.35152676464417792,-0.010925761117484504,0.054602999999999999,0.0050289999999999996,0.191273,-3.1408072554263957,1.3062567720701161,-3.0511496917514473,0.05458093655216871,0.0050278085854615767,0.19118612834342189,-0.26039558035846688,-0.089543918097607519,0.96134074524151236,-0.023604886646599776,0.99598285460013836,0.086376864199631767,-0.96521342254248543,-0.00020018563737605154,-0.26146320748727203,8.9637603244576236e-05,2.1561748542366989e-05
3.135004997253418,1790953868.0194709,0.000598907470703125,0.085905105783160907,0.034801865284766934,-0.034505159311927894,0.010384709049366262,0.35152676464417792,-0.010925761117484504,0.054602999999999999,0.0050289999999999996,0.191273,-3.1408072554263957,1.3062567720701161,-3.0511496917514473,0.05458093655216871,0.0050278085854615767,0.19118612834342189,-0.26039558035846688,-0.089543918097607519,0.96134074524151236,-0.023604886646599776,0.99598285460013836,0.086376864199631767,-0.96521342254248543,-0.00020018563737605154,-0.26146320748727203,8.9637603244576236e-05,2.1561748542366989e-05
3.1400270462036133,1790953868.024493,0.0006198883056640625,0.085905105783160907,0.034801865284766934,-0.034505159311927894,0.010384709049366262,0.35152676464417792,-0.010925761117484504,0.054602999999999999,0.0050289999999999996,0.191273,-3.1408072554263957,1.3062567720701161,-3.0511496917514473,0.05458093655216871,0.0050278085854615767,0.19118612834342189,-0.26039558035846688,-0.089543918097607519,0.96134074524151236,-0.023604886646599776,0.99598285460013836,0.086376864199631767,-0.96521342254248543,-0.00020018563737605154,-0.26146320748727203,8.9637603244576236e-05,2.1561748542366989e-05
3.1450040340423584,1790953868.02947,0.00057506561279296875,0.085905105783160907,0.034801865284766934,-0.034505159311927894,0.010384709049366262,0.35152676464417792,-0.010925761117484504,0.054602999999999999,0.0050289999999999996,0.191273,-3.1408072554263957,1.3062567720701161,-3.0511496917514473,0.05458093655216871,0.0050278085854615767,0.19118612834342189,-0.26039558035846688,-0.089543918097607519,0.96134074524151236,-0.023604886646599776,0.99598285460013836,0.086376864199631767,-0.96521342254248543,-0.00020018563737605154,-0.26146320748727203,8.9637603244576236e-05,2.1561748542366989e-05
3.1500041484832764,1790953868.0344701,0.0005970001220703125,0.085905105783160907,0.034801865284766934,-0.034505159311927894,0.010384709049366262,0.35152676464417792,-0.010925761117484504,0.054602999999999999,0.0050289999999999996,0.191273,-3.1408072554263957,1.3062567720701161,-3.0511496917514473,0.05458093655216871,0.0050278085854615767,0.19118612834342189,-0.26039558035846688,-0.089543918097607519,0.96134074524151236,-0.023604886646599776,0.99598285460013836,0.086376864199631767,-0.96521342254248543,-0.00020018563737605154,-0.26146320748727203,8.9637603244576236e-05,2.1561748542366989e-05
3.1550040245056152,1790953868.03947,0.0005970001220703125,0.085905105783160907,0.034801865284766934,-0.034505159311927894,0.010384709049366262,0.35152676464417792,-0.010925761117484504,0.054602999999999999,0.0050289999999999996,0.191273,-3.1408072554263957,1.3062567720701161,-3.0511496917514473,0.05458093655216871,0.0050278085854615767,0.19118612834342189,-0.26039558035846688,-0.089543918097607519,0.96134074524151236,-0.023604886646599776,0.99598285460013836,0.086376864199631767,-0.96521342254248543,-0.00020018563737605154,-0.26146320748727203,8.9637603244576236e-05,2.1561748542366989e-05
3.1600291728973389,1790953868.0444951,0.00062704086303710938,0.085905105783160907,0.034801865284766934,-0.034505159311927894,0.010384709049366262,0.35152676464417792,-0.010925761117484504,0.054602999999999999,0.0050289999999999996,0.191273,-3.1408072554263957,1.3062567720701161,-3.0511496917514473,0.05458093655216871,0.0050278085854615767,0.19118612834342189,-0.26039558035846688,-0.089543918097607519,0.96134074524151236,-0.023604886646599776,0.99598285460013836,0.086376864199631767,-0.96521342254248543,-0.00020018563737605154,-0.26146320748727203,8.9637603244576236e-05,2.1561748542366989e-05
3.1650021076202393,1790953868.049468,0.00059008598327636719,0.085905105783160907,0.034801865284766934,-0.034505159311927894,0.010384709049366262,0.35152676464417792,-0.010925761117484504,0.054602999999999999,0.0050289999999999996,0.191273,-3.1408072554263957,1.3062567720701161,-3.0511496917514473,0.05458093655216871,0.0050278085854615767,0.19118612834342189,-0.26039558035846688,-0.089543918097607519,0.96134074524151236,-0.023604886646599776,0.99598285460013836,0.086376864199631767,-0.96521342254248543,-0.00020018563737605154,-0.26146320748727203,8.9637603244576236e-05,2.1561748542366989e-05
3.1700291633605957,1790953868.0544951,0.00062513351440429688,0.085905105783160907,0.034801865284766934,-0.034505159311927894,0.010384709049366262,0.35152676464417792,-0.010925761117484504,0.054602999999999999,0.0050289999999999996,0.191273,-3.1408072554263957,1.3062567720701161,-3.0511496917514473,0.05458093655216871,0.0050278085854615767,0.19118612834342189,-0.26039558035846688,-0.089543918097607519,0.96134074524151236,-0.023604886646599776,0.99598285460013836,0.086376864199631767,-0.96521342254248543,-0.00020018563737605154,-0.26146320748727203,8.9637603244576236e-05,2.1561748542366989e-05
3.1750040054321289,1790953868.0594699,0.00060296058654785156,0.085905105783160907,0.034801865284766934,-0.034505159311927894,0.010384709049366262,0.35152676464417792,-0.010925761117484504,0.054602999999999999,0.0050289999999999996,0.191273,-3.1408072554263957,1.3062567720701161,-3.0511496917514473,0.05458093655216871,0.0050278085854615767,0.19118612834342189,-0.26039558035846688,-0.089543918097607519,0.96134074524151236,-0.023604886646599776,0.99598285460013836,0.086376864199631767,-0.96521342254248543,-0.00020018563737605154,-0.26146320748727203,8.9637603244576236e-05,2.1561748542366989e-05
3.1800010204315186,1790953868.064467,0.00059294700622558594,0.085905105783160907,0.034801865284766934,-0.034505159311927894,0.010384709049366262,0.35152676464417792,-0.010925761117484504,0.054602999999999999,0.0050289999999999996,0.191273,-3.1408072554263957,1.3062567720701161,-3.0511496917514473,0.05458093655216871,0.0050278085854615767,0.19118612834342189,-0.26039558035846688,-0.089543918097607519,0.96134074524151236,-0.023604886646599776,0.99598285460013836,0.086376864199631767,-0.96521342254248543,-0.00020018563737605154,-0.26146320748727203,8.9637603244576236e-05,2.1561748542366989e-05
3.1850039958953857,1790953868.0694699,0.00059986114501953125,0.085905105783160907,0.034801865284766934,-0.034505159311927894,0.010384709049366262,0.35152676464417792,-0.010925761117484504,0.054602999999999999,0.0050289999999999996,0.191273,-3.1408072554263957,1.3062567720701161,-3.0511496917514473,0.05458093655216871,0.0050278085854615767,0.19118612834342189,-0.26039558035846688,-0.089543918097607519,0.96134074524151236,-0.023604886646599776,0.99598285460013836,0.086376864199631767,-0.96521342254248543,-0.00020018563737605154,-0.26146320748727203,8.9637603244576236e-05,2.1561748542366989e-05
3.1900320053100586,1790953868.0744979,0.00062203407287597656,0.085905105783160907,0.034801865284766934,-0.034505159311927894,0.010384709049366262,0.35152676464417792,-0.010925761117484504,0.054602999999999999,0.0050289999999999996,0.191273,-3.1408072554263957,1.3062567720701161,-3.0511496917514473,0.05458093655216871,0.0050278085854615767,0.19118612834342189,-0.26039558035846688,-0.089543918097607519,0.96134074524151236,-0.023604886646599776,0.99598285460013836,0.086376864199631767,-0.96521342254248543,-0.00020018563737605154,-0.26146320748727203,8.9637603244576236e-05,2.1561748542366989e-05
3.1950061321258545,1790953868.0794721,0.0005950927734375,0.085905105783160907,0.034801865284766934,-0.034505159311927894,0.010384709049366262,0.35152676464417792,-0.010925761117484504,0.054602999999999999,0.0050289999999999996,0.191273,-3.1408072554263957,1.3062567720701161,-3.0511496917514473,0.05458093655216871,0.0050278085854615767,0.19118612834342189,-0.26039558035846688,-0.089543918097607519,0.96134074524151236,-0.023604886646599776,0.99598285460013836,0.086376864199631767,-0.96521342254248543,-0.00020018563737605154,-0.26146320748727203,8.9637603244576236e-05,2.1561748542366989e-05
3.2000281810760498,1790953868.0844941,0.00062203407287597656,0.085905105783160907,0.034801865284766934,-0.034505159311927894,0.010384709049366262,0.35152676464417792,-0.010925761117484504,0.054602999999999999,0.0050289999999999996,0.191273,-3.1408072554263957,1.3062567720701161,-3.0511496917514473,0.05458093655216871,0.0050278085854615767,0.19118612834342189,-0.26039558035846688,-0.089543918097607519,0.96134074524151236,-0.023604886646599776,0.99598285460013836,0.086376864199631767,-0.96521342254248543,-0.00020018563737605154,-0.26146320748727203,8.9637603244576236e-05,2.1561748542366989e-05
3.2050039768218994,1790953868.0894699,0.00060200691223144531,0.085905105783160907,0.034801865284766934,-0.034505159311927894,0.010384709049366262,0.35152676464417792,-0.010925761117484504,0.054602999999999999,0.0050289999999999996,0.191273,-3.1408072554263957,1.3062567720701161,-3.0511496917514473,0.05458093655216871,0.0050278085854615767,0.19118612834342189,-0.26039558035846688,-0.089543918097607519,0.96134074524151236,-0.023604886646599776,0.99598285460013836,0.086376864199631767,-0.96521342254248543,-0.00020018563737605154,-0.26146320748727203,8.9637603244576236e-05,2.1561748542366989e-05
3.2100040912628174,1790953868.09447,0.00057697296142578125,0.085905105783160907,0.034801865284766934,-0.034505159311927894,0.010384709049366262,0.35152676464417792,-0.010925761117484504,0.054602999999999999,0.0050289999999999996,0.191273,-3.1408072554263957,1.3062567720701161,-3.0511496917514473,0.05458093655216871,0.0050278085854615767,0.19118612834342189,-0.26039558035846688,-0.089543918097607519,0.96134074524151236,-0.023604886646599776,0.99598285460013836,0.086376864199631767,-0.96521342254248543,-0.00020018563737605154,-0.26146320748727203,8.9637603244576236e-05,2.1561748542366989e-05
3.2150020599365234,1790953868.099468,0.00060105323791503906,0.085905105783160907,0.034801865284766934,-0.034505159311927894,0.010384709049366262,0.35152676464417792,-0.010925761117484504,0.054602999999999999,0.0050289999999999996,0.191273,-3.1408072554263957,1.3062567720701161,-3.0511496917514473,0.05458093655216871,0.0050278085854615767,0.19118612834342189,-0.26039558035846688,-0.089543918097607519,0.96134074524151236,-0.023604886646599776,0.99598285460013836,0.086376864199631767,-0.96521342254248543,-0.00020018563737605154,-0.26146320748727203,8.9637603244576236e-05,2.1561748542366989e-05
3.2200281620025635,1790953868.1044941,0.00060820579528808594,0.085905105783160907,0.034801865284766934,-0.034505159311927894,0.010384709049366262,0.35152676464417792,-0.010925761117484504,0.054602999999999999,0.0050289999999999996,0.191273,-3.1408072554263957,1.3062567720701161,-3.0511496917514473,0.05458093655216871,0.0050278085854615767,0.19118612834342189,-0.26039558035846688,-0.089543918097607519,0.96134074524151236,-0.023604886646599776,0.99598285460013836,0.086376864199631767,-0.96521342254248543,-0.00020018563737605154,-0.26146320748727203,8.9637603244576236e-05,2.1561748542366989e-05
3.2250030040740967,1790953868.1094689,0.000598907470703125,0.085905105783160907,0.034801865284766934,-0.034505159311927894,0.010384709049366262,0.35152676464417792,-0.010925761117484504,0.054602999999999999,0.0050289999999999996,0.191273,-3.1408072554263957,1.3062567720701161,-3.0511496917514473,0.05458093655216871,0.0050278085854615767,0.19118612834342189,-0.26039558035846688,-0.089543918097607519,0.96134074524151236,-0.023604886646599776,0.99598285460013836,0.086376864199631767,-0.96521342254248543,-0.00020018563737605154,-0.26146320748727203,8.9637603244576236e-05,2.1561748542366989e-05
3.2300281524658203,1790953868.1144941,0.00062417984008789062,0.085905105783160907,0.034801865284766934,-0.034505159311927894,0.010384709049366262,0.35152676464417792,-0.010925761117484504,0.054602999999999999,0.0050289999999999996,0.191273,-3.1408072554263957,1.3062567720701161,-3.0511496917514473,0.05458093655216871,0.0050278085854615767,0.19118612834342189,-0.26039558035846688,-0.089543918097607519,0.96134074524151236,-0.023604886646599776,0.99598285460013836,0.086376864199631767,-0.96521342254248543,-0.00020018563737605154,-0.26146320748727203,8.9637603244576236e-05,2.1561748542366989e-05
3.2350060939788818,1790953868.119472,0.00059914588928222656,0.085905105783160907,0.034801865284766934,-0.034505159311927894,0.010384709049366262,0.35152676464417792,-0.010925761117484504,0.054602999999999999,0.0050289999999999996,0.191273,-3.1408072554263957,1.3062567720701161,-3.0511496917514473,0.05458093655216871,0.0050278085854615767,0.19118612834342189,-0.26039558035846688,-0.089543918097607519,0.96134074524151236,-0.023604886646599776,0.99598285460013836,0.086376864199631767,-0.96521342254248543,-0.00020018563737605154,-0.26146320748727203,8.9637603244576236e-05,2.1561748542366989e-05
3.2400310039520264,1790953868.1244969,0.00061202049255371094,0.085905105783160907,0.034801865284766934,-0.034505159311927894,0.010384709049366262,0.35152676464417792,-0.010925761117484504,0.054602999999999999,0.0050289999999999996,0.191273,-3.1408072554263957,1.3062567720701161,-3.0511496917514473,0.05458093655216871,0.0050278085854615767,0.19118612834342189,-0.26039558035846688,-0.089543918097607519,0.96134074524151236,-0.023604886646599776,0.99598285460013836,0.086376864199631767,-0.96521342254248543,-0.00020018563737605154,-0.26146320748727203,8.9637603244576236e-05,2.1561748542366989e-05
3.2450041770935059,1790953868.1294701,0.00059819221496582031,0.085905105783160907,0.034801865284766934,-0.034505159311927894,0.010384709049366262,0.35152676464417792,-0.010925761117484504,0.054602999999999999,0.0050289999999999996,0.191273,-3.1408072554263957,1.3062567720701161,-3.0511496917514473,0.05458093655216871,0.0050278085854615767,0.19118612834342189,-0.26039558035846688,-0.089543918097607519,0.96134074524151236,-0.023604886646599776,0.99598285460013836,0.086376864199631767,-0.96521342254248543,-0.00020018563737605154,-0.26146320748727203,8.9637603244576236e-05,2.1561748542366989e-05
3.2500300407409668,1790953868.134496,0.00062608718872070312,0.085905105783160907,0.034801865284766934,-0.034505159311927894,0.010384709049366262,0.35152676464417792,-0.010925761117484504,0.054602999999999999,0.0050289999999999996,0.191273,-3.1408072554263957,1.3062567720701161,-3.0511496917514473,0.05458093655216871,0.0050278085854615767,0.19118612834342189,-0.26039558035846688,-0.089543918097607519,0.96134074524151236,-0.023604886646599776,0.99598285460013836,0.086376864199631767,-0.96521342254248543,-0.00020018563737605154,-0.26146320748727203,8.9637603244576236e-05,2.1561748542366989e-05
3.2550041675567627,1790953868.1394701,0.00058913230895996094,0.085905105783160907,0.034801865284766934,-0.034505159311927894,0.010384709049366262,0.35152676464417792,-0.010925761117484504,0.054602999999999999,0.0050289999999999996,0.191273,-3.1408072554263957,1.3062567720701161,-3.0511496917514473,0.05458093655216871,0.0050278085854615767,0.19118612834342189,-0.26039558035846688,-0.089543918097607519,0.96134074524151236,-0.023604886646599776,0.99598285460013836,0.086376864199631767,-0.96521342254248543,-0.00020018563737605154,-0.26146320748727203,8.9637603244576236e-05,2.1561748542366989e-05
3.2600030899047852,1790953868.144469,0.00058913230895996094,0.085905105783160907,0.034801865284766934,-0.034505159311927894,0.010384709049366262,0.35152676464417792,-0.010925761117484504,0.054602999999999999,0.0050289999999999996,0.191273,-3.1408072554263957,1.3062567720701161,-3.0511496917514473,0.05458093655216871,0.0050278085854615767,0.19118612834342189,-0.26039558035846688,-0.089543918097607519,0.96134074524151236,-0.023604886646599776,0.99598285460013836,0.086376864199631767,-0.96521342254248543,-0.00020018563737605154,-0.26146320748727203,8.9637603244576236e-05,2.1561748542366989e-05
3.265002965927124,1790953868.1494689,0.00059485435485839844,0.085905105783160907,0.034801865284766934,-0.034505159311927894,0.010384709049366262,0.35152676464417792,-0.010925761117484504,0.054602999999999999,0.0050289999999999996,0.191273,-3.1408072554263957,1.3062567720701161,-3.0511496917514473,0.05458093655216871,0.0050278085854615767,0.19118612834342189,-0.26039558035846688,-0.089543918097607519,0.96134074524151236,-0.023604886646599776,0.99598285460013836,0.086376864199631767,-0.96521342254248543,-0.00020018563737605154,-0.26146320748727203,8.9637603244576236e-05,2.1561748542366989e-05
3.2700290679931641,1790953868.154495,0.00062608718872070312,0.085905105783160907,0.034801865284766934,-0.034505159311927894,0.010384709049366262,0.35152676464417792,-0.010925761117484504,0.054602999999999999,0.0050289999999999996,0.191273,-3.1408072554263957,1.3062567720701161,-3.0511496917514473,0.05458093655216871,0.0050278085854615767,0.19118612834342189,-0.26039558035846688,-0.089543918097607519,0.96134074524151236,-0.023604886646599776,0.99598285460013836,0.086376864199631767,-0.96521342254248543,-0.00020018563737605154,-0.26146320748727203,8.9637603244576236e-05,2.1561748542366989e-05
3.2750041484832764,1790953868.1594701,0.0005970001220703125,0.085905105783160907,0.034801865284766934,-0.034505159311927894,0.010384709049366262,0.35152676464417792,-0.010925761117484504,0.054602999999999999,0.0050289999999999996,0.191273,-3.1408072554263957,1.3062567720701161,-3.0511496917514473,0.05458093655216871,0.0050278085854615767,0.19118612834342189,-0.26039558035846688,-0.089543918097607519,0.96134074524151236,-0.023604886646599776,0.99598285460013836,0.086376864199631767,-0.96521342254248543,-0.00020018563737605154,-0.26146320748727203,8.9637603244576236e-05,2.1561748542366989e-05
3.2800290584564209,1790953868.164495,0.00061798095703125,0.085905105783160907,0.034801865284766934,-0.034505159311927894,0.010384709049366262,0.35152676464417792,-0.010925761117484504,0.054602999999999999,0.0050289999999999996,0.191273,-3.1408072554263957,1.3062567720701161,-3.0511496917514473,0.05458093655216871,0.0050278085854615767,0.19118612834342189,-0.26039558035846688,-0.089543918097607519,0.96134074524151236,-0.023604886646599776,0.99598285460013836,0.086376864199631767,-0.96521342254248543,-0.00020018563737605154,-0.26146320748727203,8.9637603244576236e-05,2.1561748542366989e-05
3.2850050926208496,1790953868.169471,0.00060296058654785156,0.085905105783160907,0.034801865284766934,-0.034505159311927894,0.010384709049366262,0.35152676464417792,-0.010925761117484504,0.054602999999999999,0.0050289999999999996,0.191273,-3.1408072554263957,1.3062567720701161,-3.0511496917514473,0.05458093655216871,0.0050278085854615767,0.19118612834342189,-0.26039558035846688,-0.089543918097607519,0.96134074524151236,-0.023604886646599776,0.99598285460013836,0.086376864199631767,-0.96521342254248543,-0.00020018563737605154,-0.26146320748727203,8.9637603244576236e-05,2.1561748542366989e-05
3.2900300025939941,1790953868.1744959,0.00060296058654785156,0.085905105783160907,0.034801865284766934,-0.034505159311927894,0.010384709049366262,0.35152676464417792,-0.010925761117484504,0.054602999999999999,0.0050289999999999996,0.191273,-3.1408072554263957,1.3062567720701161,-3.0511496917514473,0.05458093655216871,0.0050278085854615767,0.19118612834342189,-0.26039558035846688,-0.089543918097607519,0.96134074524151236,-0.023604886646599776,0.99598285460013836,0.086376864199631767,-0.96521342254248543,-0.00020018563737605154,-0.26146320748727203,8.9637603244576236e-05,2.1561748542366989e-05
3.29500412940979,1790953868.1794701,0.0005970001220703125,0.085905105783160907,0.034801865284766934,-0.034505159311927894,0.010384709049366262,0.35152676464417792,-0.010925761117484504,0.054602999999999999,0.0050289999999999996,0.191273,-3.1408072554263957,1.3062567720701161,-3.0511496917514473,0.05458093655216871,0.0050278085854615767,0.19118612834342189,-0.26039558035846688,-0.089543918097607519,0.96134074524151236,-0.023604886646599776,0.99598285460013836,0.086376864199631767,-0.96521342254248543,-0.00020018563737605154,-0.26146320748727203,8.9637603244576236e-05,2.1561748542366989e-05
3.3000020980834961,1790953868.184468,0.0005741119384765625,0.085905105783160907,0.034801865284766934,-0.034505159311927894,0.010384709049366262,0.35152676464417792,-0.010925761117484504,0.054602999999999999,0.0050289999999999996,0.191273,-3.1408072554263957,1.3062567720701161,-3.0511496917514473,0.05458093655216871,0.0050278085854615767,0.19118612834342189,-0.26039558035846688,-0.089543918097607519,0.96134074524151236,-0.023604886646599776,0.99598285460013836,0.086376864199631767,-0.96521342254248543,-0.00020018563737605154,-0.26146320748727203,8.9637603244576236e-05,2.1561748542366989e-05
3.3050050735473633,1790953868.189471,0.000598907470703125,0.085905105783160907,0.034801865284766934,-0.034505159311927894,0.010384709049366262,0.35152676464417792,-0.010925761117484504,0.054602999999999999,0.0050289999999999996,0.191273,-3.1408072554263957,1.3062567720701161,-3.0511496917514473,0.05458093655216871,0.0050278085854615767,0.19118612834342189,-0.26039558035846688,-0.089543918097607519,0.96134074524151236,-0.023604886646599776,0.99598285460013836,0.086376864199631767,-0.96521342254248543,-0.00020018563737605154,-0.26146320748727203,8.9637603244576236e-05,2.1561748542366989e-05
3.310028076171875,1790953868.194494,0.000598907470703125,0.085905105783160907,0.034801865284766934,-0.034505159311927894,0.010384709049366262,0.35152676464417792,-0.010925761117484504,0.054602999999999999,0.0050289999999999996,0.191273,-3.1408072554263957,1.3062567720701161,-3.0511496917514473,0.05458093655216871,0.0050278085854615767,0.19118612834342189,-0.26039558035846688,-0.089543918097607519,0.96134074524151236,-0.023604886646599776,0.99598285460013836,0.086376864199631767,-0.96521342254248543,-0.00020018563737605154,-0.26146320748727203,8.9637603244576236e-05,2.1561748542366989e-05
3.3150041103363037,1790953868.19947,0.0005950927734375,0.085905105783160907,0.034801865284766934,-0.034505159311927894,0.010384709049366262,0.35152676464417792,-0.010925761117484504,0.054602999999999999,0.0050289999999999996,0.191273,-3.1408072554263957,1.3062567720701161,-3.0511496917514473,0.05458093655216871,0.0050278085854615767,0.19118612834342189,-0.26039558035846688,-0.089543918097607519,0.96134074524151236,-0.023604886646599776,0.99598285460013836,0.086376864199631767,-0.96521342254248543,-0.00020018563737605154,-0.26146320748727203,8.9637603244576236e-05,2.1561748542366989e-05
3.3200311660766602,1790953868.2044971,0.00062417984008789062,0.085905105783160907,0.034801865284766934,-0.034505159311927894,0.010384709049366262,0.35152676464417792,-0.010925761117484504,0.054602999999999999,0.0050289999999999996,0.191273,-3.1408072554263957,1.3062567720701161,-3.0511496917514473,0.05458093655216871,0.0050278085854615767,0.19118612834342189,-0.26039558035846688,-0.089543918097607519,0.96134074524151236,-0.023604886646599776,0.99598285460013836,0.086376864199631767,-0.96521342254248543,-0.00020018563737605154,-0.26146320748727203,8.9637603244576236e-05,2.1561748542366989e-05
3.3250041007995605,1790953868.20947,0.00060200691223144531,0.085905105783160907,0.034801865284766934,-0.034505159311927894,0.010384709049366262,0.35152676464417792,-0.010925761117484504,0.054602999999999999,0.0050289999999999996,0.191273,-3.1408072554263957,1.3062567720701161,-3.0511496917514473,0.05458093655216871,0.0050278085854615767,0.19118612834342189,-0.26039558035846688,-0.089543918097607519,0.96134074524151236,-0.023604886646599776,0.99598285460013836,0.086376864199631767,-0.96521342254248543,-0.00020018563737605154,-0.26146320748727203,8.9637603244576236e-05,2.1561748542366989e-05
3.330031156539917,1790953868.2144971,0.00062704086303710938,0.085905105783160907,0.034801865284766934,-0.034505159311927894,0.010384709049366262,0.35152676464417792,-0.010925761117484504,0.054602999999999999,0.0050289999999999996,0.191273,-3.1408072554263957,1.3062567720701161,-3.0511496917514473,0.05458093655216871,0.0050278085854615767,0.19118612834342189,-0.26039558035846688,-0.089543918097607519,0.96134074524151236,-0.023604886646599776,0.99598285460013836,0.086376864199631767,-0.96521342254248543,-0.00020018563737605154,-0.26146320748727203,8.9637603244576236e-05,2.1561748542366989e-05
3.3350069522857666,1790953868.2194729,0.0006008148193359375,0.085905105783160907,0.034801865284766934,-0.034505159311927894,0.010384709049366262,0.35152676464417792,-0.010925761117484504,0.054602999999999999,0.0050289999999999996,0.191273,-3.1408072554263957,1.3062567720701161,-3.0511496917514473,0.05458093655216871,0.0050278085854615767,0.19118612834342189,-0.26039558035846688,-0.089543918097607519,0.96134074524151236,-0.023604886646599776,0.99598285460013836,0.086376864199631767,-0.96521342254248543,-0.00020018563737605154,-0.26146320748727203,8.9637603244576236e-05,2.1561748542366989e-05
3.3400051593780518,1790953868.2244711,0.00057315826416015625,0.085905105783160907,0.034801865284766934,-0.034505159311927894,0.010384709049366262,0.35152676464417792,-0.010925761117484504,0.054602999999999999,0.0050289999999999996,0.191273,-3.1408072554263957,1.3062567720701161,-3.0511496917514473,0.05458093655216871,0.0050278085854615767,0.19118612834342189,-0.26039558035846688,-0.089543918097607519,0.96134074524151236,-0.023604886646599776,0.99598285460013836,0.086376864199631767,-0.96521342254248543,-0.00020018563737605154,-0.26146320748727203,8.9637603244576236e-05,2.1561748542366989e-05
3.3450040817260742,1790953868.22947,0.00060105323791503906,0.085905105783160907,0.034801865284766934,-0.034505159311927894,0.010384709049366262,0.35152676464417792,-0.010925761117484504,0.054602999999999999,0.0050289999999999996,0.191273,-3.1408072554263957,1.3062567720701161,-3.0511496917514473,0.05458093655216871,0.0050278085854615767,0.19118612834342189,-0.26039558035846688,-0.089543918097607519,0.96134074524151236,-0.023604886646599776,0.99598285460013836,0.086376864199631767,-0.96521342254248543,-0.00020018563737605154,-0.26146320748727203,8.9637603244576236e-05,2.1561748542366989e-05
3.3500030040740967,1790953868.2344689,0.00057482719421386719,0.085905105783160907,0.034801865284766934,-0.034505159311927894,0.010384709049366262,0.35152676464417792,-0.010925761117484504,0.054602999999999999,0.0050289999999999996,0.191273,-3.1408072554263957,1.3062567720701161,-3.0511496917514473,0.05458093655216871,0.0050278085854615767,0.19118612834342189,-0.26039558035846688,-0.089543918097607519,0.96134074524151236,-0.023604886646599776,0.99598285460013836,0.086376864199631767,-0.96521342254248543,-0.00020018563737605154,-0.26146320748727203,8.9637603244576236e-05,2.1561748542366989e-05
3.3550031185150146,1790953868.2394691,0.00058913230895996094,0.085905105783160907,0.034801865284766934,-0.034505159311927894,0.010384709049366262,0.35152676464417792,-0.010925761117484504,0.054602999999999999,0.0050289999999999996,0.191273,-3.1408072554263957,1.3062567720701161,-3.0511496917514473,0.05458093655216871,0.0050278085854615767,0.19118612834342189,-0.26039558035846688,-0.089543918097607519,0.96134074524151236,-0.023604886646599776,0.99598285460013836,0.086376864199631767,-0.96521342254248543,-0.00020018563737605154,-0.26146320748727203,8.9637603244576236e-05,2.1561748542366989e-05
3.3600280284881592,1790953868.244494,0.00059795379638671875,0.085905105783160907,0.034801865284766934,-0.034505159311927894,0.010384709049366262,0.35152676464417792,-0.010925761117484504,0.054602999999999999,0.0050289999999999996,0.191273,-3.1408072554263957,1.3062567720701161,-3.0511496917514473,0.05458093655216871,0.0050278085854615767,0.19118612834342189,-0.26039558035846688,-0.089543918097607519,0.96134074524151236,-0.023604886646599776,0.99598285460013836,0.086376864199631767,-0.96521342254248543,-0.00020018563737605154,-0.26146320748727203,8.9637603244576236e-05,2.1561748542366989e-05
3.3650031089782715,1790953868.249469,0.00060009956359863281,0.085905105783160907,0.034801865284766934,-0.034505159311927894,0.010384709049366262,0.35152676464417792,-0.010925761117484504,0.054602999999999999,0.0050289999999999996,0.191273,-3.1408072554263957,1.3062567720701161,-3.0511496917514473,0.05458093655216871,0.0050278085854615767,0.19118612834342189,-0.26039558035846688,-0.089543918097607519,0.96134074524151236,-0.023604886646599776,0.99598285460013836,0.086376864199631767,-0.96521342254248543,-0.00020018563737605154,-0.26146320748727203,8.9637603244576236e-05,2.1561748542366989e-05
3.3700270652770996,1790953868.254493,0.00059795379638671875,0.085905105783160907,0.034801865284766934,-0.034505159311927894,0.010384709049366262,0.35152676464417792,-0.010925761117484504,0.054602999999999999,0.0050289999999999996,0.191273,-3.1408072554263957,1.3062567720701161,-3.0511496917514473,0.05458093655216871,0.0050278085854615767,0.19118612834342189,-0.26039558035846688,-0.089543918097607519,0.96134074524151236,-0.023604886646599776,0.99598285460013836,0.086376864199631767,-0.96521342254248543,-0.00020018563737605154,-0.26146320748727203,8.9637603244576236e-05,2.1561748542366989e-05
3.3750030994415283,1790953868.259469,0.0005970001220703125,0.085905105783160907,0.034801865284766934,-0.034505159311927894,0.010384709049366262,0.35152676464417792,-0.010925761117484504,0.054602999999999999,0.0050289999999999996,0.191273,-3.1408072554263957,1.3062567720701161,-3.0511496917514473,0.05458093655216871,0.0050278085854615767,0.19118612834342189,-0.26039558035846688,-0.089543918097607519,0.96134074524151236,-0.023604886646599776,0.99598285460013836,0.086376864199631767,-0.96521342254248543,-0.00020018563737605154,-0.26146320748727203,8.9637603244576236e-05,2.1561748542366989e-05
3.3800289630889893,1790953868.2644949,0.00061488151550292969,0.085905105783160907,0.034801865284766934,-0.034505159311927894,0.010384709049366262,0.35152676464417792,-0.010925761117484504,0.054602999999999999,0.0050289999999999996,0.191273,-3.1408072554263957,1.3062567720701161,-3.0511496917514473,0.05458093655216871,0.0050278085854615767,0.19118612834342189,-0.26039558035846688,-0.089543918097607519,0.96134074524151236,-0.023604886646599776,0.99598285460013836,0.086376864199631767,-0.96521342254248543,-0.00020018563737605154,-0.26146320748727203,8.9637603244576236e-05,2.1561748542366989e-05
3.385004997253418,1790953868.2694709,0.0006008148193359375,0.085905105783160907,0.034801865284766934,-0.034505159311927894,0.010384709049366262,0.35152676464417792,-0.010925761117484504,0.054602999999999999,0.0050289999999999996,0.191273,-3.1408072554263957,1.3062567720701161,-3.0511496917514473,0.05458093655216871,0.0050278085854615767,0.19118612834342189,-0.26039558035846688,-0.089543918097607519,0.96134074524151236,-0.023604886646599776,0.99598285460013836,0.086376864199631767,-0.96521342254248543,-0.00020018563737605154,-0.26146320748727203,8.9637603244576236e-05,2.1561748542366989e-05
3.3900289535522461,1790953868.2744949,0.0005970001220703125,0.085905105783160907,0.034801865284766934,-0.034505159311927894,0.010384709049366262,0.35152676464417792,-0.010925761117484504,0.054602999999999999,0.0050289999999999996,0.191273,-3.1408072554263957,1.3062567720701161,-3.0511496917514473,0.05458093655216871,0.0050278085854615767,0.19118612834342189,-0.26039558035846688,-0.089543918097607519,0.96134074524151236,-0.023604886646599776,0.99598285460013836,0.086376864199631767,-0.96521342254248543,-0.00020018563737605154,-0.26146320748727203,8.9637603244576236e-05,2.1561748542366989e-05
3.395003080368042,1790953868.279469,0.00060105323791503906,0.085905105783160907,0.034801865284766934,-0.034505159311927894,0.010384709049366262,0.35152676464417792,-0.010925761117484504,0.054602999999999999,0.0050289999999999996,0.191273,-3.1408072554263957,1.3062567720701161,-3.0511496917514473,0.05458093655216871,0.0050278085854615767,0.19118612834342189,-0.26039558035846688,-0.089543918097607519,0.96134074524151236,-0.023604886646599776,0.99598285460013836,0.086376864199631767,-0.96521342254248543,-0.00020018563737605154,-0.26146320748727203,8.9637603244576236e-05,2.1561748542366989e-05
3.4000110626220703,1790953868.284477,0.00058293342590332031,0.085905105783160907,0.034801865284766934,-0.034505159311927894,0.010384709049366262,0.35152676464417792,-0.010925761117484504,0.054602999999999999,0.0050289999999999996,0.191273,-3.1408072554263957,1.3062567720701161,-3.0511496917514473,0.05458093655216871,0.0050278085854615767,0.19118612834342189,-0.26039558035846688,-0.089543918097607519,0.96134074524151236,-0.023604886646599776,0.99598285460013836,0.086376864199631767,-0.96521342254248543,-0.00020018563737605154,-0.26146320748727203,8.9637603244576236e-05,2.1561748542366989e-05
3.4050040245056152,1790953868.28947,0.00059390068054199219,0.085905105783160907,0.034801865284766934,-0.034505159311927894,0.010384709049366262,0.35152676464417792,-0.010925761117484504,0.054602999999999999,0.0050289999999999996,0.191273,-3.1408072554263957,1.3062567720701161,-3.0511496917514473,0.05458093655216871,0.0050278085854615767,0.19118612834342189,-0.26039558035846688,-0.089543918097607519,0.96134074524151236,-0.023604886646599776,0.99598285460013836,0.086376864199631767,-0.96521342254248543,-0.00020018563737605154,-0.26146320748727203,8.9637603244576236e-05,2.1561748542366989e-05
3.4100279808044434,1790953868.2944939,0.00059986114501953125,0.085905105783160907,0.034801865284766934,-0.034505159311927894,0.010384709049366262,0.35152676464417792,-0.010925761117484504,0.054602999999999999,0.0050289999999999996,0.191273,-3.1408072554263957,1.3062567720701161,-3.0511496917514473,0.05458093655216871,0.0050278085854615767,0.19118612834342189,-0.26039558035846688,-0.089543918097607519,0.96134074524151236,-0.023604886646599776,0.99598285460013836,0.086376864199631767,-0.96521342254248543,-0.00020018563737605154,-0.26146320748727203,8.9637603244576236e-05,2.1561748542366989e-05
3.4150030612945557,1790953868.299469,0.0005950927734375,0.085905105783160907,0.034801865284766934,-0.034505159311927894,0.010384709049366262,0.35152676464417792,-0.010925761117484504,0.054602999999999999,0.0050289999999999996,0.191273,-3.1408072554263957,1.3062567720701161,-3.0511496917514473,0.05458093655216871,0.0050278085854615767,0.19118612834342189,-0.26039558035846688,-0.089543918097607519,0.96134074524151236,-0.023604886646599776,0.99598285460013836,0.086376864199631767,-0.96521342254248543,-0.00020018563737605154,-0.26146320748727203,8.9637603244576236e-05,2.1561748542366989e-05
3.4200291633605957,1790953868.3044951,0.00062704086303710938,0.085905105783160907,0.034801865284766934,-0.034505159311927894,0.010384709049366262,0.35152676464417792,-0.010925761117484504,0.054602999999999999,0.0050289999999999996,0.191273,-3.1408072554263957,1.3062567720701161,-3.0511496917514473,0.05458093655216871,0.0050278085854615767,0.19118612834342189,-0.26039558035846688,-0.089543918097607519,0.96134074524151236,-0.023604886646599776,0.99598285460013836,0.086376864199631767,-0.96521342254248543,-0.00020018563737605154,-0.26146320748727203,8.9637603244576236e-05,2.1561748542366989e-05
3.4250020980834961,1790953868.309468,0.00059914588928222656,0.085905105783160907,0.034801865284766934,-0.034505159311927894,0.010384709049366262,0.35152676464417792,-0.010925761117484504,0.054602999999999999,0.0050289999999999996,0.191273,-3.1408072554263957,1.3062567720701161,-3.0511496917514473,0.05458093655216871,0.0050278085854615767,0.19118612834342189,-0.26039558035846688,-0.089543918097607519,0.96134074524151236,-0.023604886646599776,0.99598285460013836,0.086376864199631767,-0.96521342254248543,-0.00020018563737605154,-0.26146320748727203,8.9637603244576236e-05,2.1561748542366989e-05
3.4300041198730469,1790953868.3144701,0.00057101249694824219,0.085905105783160907,0.034801865284766934,-0.034505159311927894,0.010384709049366262,0.35152676464417792,-0.010925761117484504,0.054602999999999999,0.0050289999999999996,0.191273,-3.1408072554263957,1.3062567720701161,-3.0511496917514473,0.05458093655216871,0.0050278085854615767,0.19118612834342189,-0.26039558035846688,-0.089543918097607519,0.96134074524151236,-0.023604886646599776,0.99598285460013836,0.086376864199631767,-0.96521342254248543,-0.00020018563737605154,-0.26146320748727203,8.9637603244576236e-05,2.1561748542366989e-05
3.4350030422210693,1790953868.319469,0.00059986114501953125,0.085905105783160907,0.034801865284766934,-0.034505159311927894,0.010384709049366262,0.35152676464417792,-0.010925761117484504,0.054602999999999999,0.0050289999999999996,0.191273,-3.1408072554263957,1.3062567720701161,-3.0511496917514473,0.05458093655216871,0.0050278085854615767,0.19118612834342189,-0.26039558035846688,-0.089543918097607519,0.96134074524151236,-0.023604886646599776,0.99598285460013836,0.086376864199631767,-0.96521342254248543,-0.00020018563737605154,-0.26146320748727203,8.9637603244576236e-05,2.1561748542366989e-05
3.4400291442871094,1790953868.3244951,0.0005931854248046875,0.085905105783160907,0.034801865284766934,-0.034505159311927894,0.010384709049366262,0.35152676464417792,-0.010925761117484504,0.054602999999999999,0.0050289999999999996,0.191273,-3.1408072554263957,1.3062567720701161,-3.0511496917514473,0.05458093655216871,0.0050278085854615767,0.19118612834342189,-0.26039558035846688,-0.089543918097607519,0.96134074524151236,-0.023604886646599776,0.99598285460013836,0.086376864199631767,-0.96521342254248543,-0.00020018563737605154,-0.26146320748727203,8.9637603244576236e-05,2.1561748542366989e-05
3.4450039863586426,1790953868.3294699,0.0006008148193359375,0.085905105783160907,0.034801865284766934,-0.034505159311927894,0.010384709049366262,0.35152676464417792,-0.010925761117484504,0.054602999999999999,0.0050289999999999996,0.191273,-3.1408072554263957,1.3062567720701161,-3.0511496917514473,0.05458093655216871,0.0050278085854615767,0.19118612834342189,-0.26039558035846688,-0.089543918097607519,0.96134074524151236,-0.023604886646599776,0.99598285460013836,0.086376864199631767,-0.96521342254248543,-0.00020018563737605154,-0.26146320748727203,8.9637603244576236e-05,2.1561748542366989e-05
3.4500031471252441,1790953868.3344691,0.00057506561279296875,0.085905105783160907,0.034801865284766934,-0.034505159311927894,0.010384709049366262,0.35152676464417792,-0.010925761117484504,0.054602999999999999,0.0050289999999999996,0.191273,-3.1408072554263957,1.3062567720701161,-3.0511496917514473,0.05458093655216871,0.0050278085854615767,0.19118612834342189,-0.26039558035846688,-0.089543918097607519,0.96134074524151236,-0.023604886646599776,0.99598285460013836,0.086376864199631767,-0.96521342254248543,-0.00020018563737605154,-0.26146320748727203,8.9637603244576236e-05,2.1561748542366989e-05
3.4550020694732666,1790953868.339468,0.00059604644775390625,0.085905105783160907,0.034801865284766934,-0.034505159311927894,0.010384709049366262,0.35152676464417792,-0.010925761117484504,0.054602999999999999,0.0050289999999999996,0.191273,-3.1408072554263957,1.3062567720701161,-3.0511496917514473,0.05458093655216871,0.0050278085854615767,0.19118612834342189,-0.26039558035846688,-0.089543918097607519,0.96134074524151236,-0.023604886646599776,0.99598285460013836,0.086376864199631767,-0.96521342254248543,-0.00020018563737605154,-0.26146320748727203,8.9637603244576236e-05,2.1561748542366989e-05
3.4600281715393066,1790953868.3444941,0.00060009956359863281,0.085905105783160907,0.034801865284766934,-0.034505159311927894,0.010384709049366262,0.35152676464417792,-0.010925761117484504,0.054602999999999999,0.0050289999999999996,0.191273,-3.1408072554263957,1.3062567720701161,-3.0511496917514473,0.05458093655216871,0.0050278085854615767,0.19118612834342189,-0.26039558035846688,-0.089543918097607519,0.96134074524151236,-0.023604886646599776,0.99598285460013836,0.086376864199631767,-0.96521342254248543,-0.00020018563737605154,-0.26146320748727203,8.9637603244576236e-05,2.1561748542366989e-05
3.465001106262207,1790953868.349467,0.00059604644775390625,0.085905105783160907,0.034801865284766934,-0.034505159311927894,0.010384709049366262,0.35152676464417792,-0.010925761117484504,0.054602999999999999,0.0050289999999999996,0.191273,-3.1408072554263957,1.3062567720701161,-3.0511496917514473,0.05458093655216871,0.0050278085854615767,0.19118612834342189,-0.26039558035846688,-0.089543918097607519,0.96134074524151236,-0.023604886646599776,0.99598285460013836,0.086376864199631767,-0.96521342254248543,-0.00020018563737605154,-0.26146320748727203,8.9637603244576236e-05,2.1561748542366989e-05
3.4700281620025635,1790953868.3544941,0.00062513351440429688,0.085905105783160907,0.034801865284766934,-0.034505159311927894,0.010384709049366262,0.35152676464417792,-0.010925761117484504,0.054602999999999999,0.0050289999999999996,0.191273,-3.1408072554263957,1.3062567720701161,-3.0511496917514473,0.05458093655216871,0.0050278085854615767,0.19118612834342189,-0.26039558035846688,-0.089543918097607519,0.96134074524151236,-0.023604886646599776,0.99598285460013836,0.086376864199631767,-0.96521342254248543,-0.00020018563737605154,-0.26146320748727203,8.9637603244576236e-05,2.1561748542366989e-05
3.4750039577484131,1790953868.3594699,0.00059390068054199219,0.085905105783160907,0.034801865284766934,-0.034505159311927894,0.010384709049366262,0.35152676464417792,-0.010925761117484504,0.054602999999999999,0.0050289999999999996,0.191273,-3.1408072554263957,1.3062567720701161,-3.0511496917514473,0.05458093655216871,0.0050278085854615767,0.19118612834342189,-0.26039558035846688,-0.089543918097607519,0.96134074524151236,-0.023604886646599776,0.99598285460013836,0.086376864199631767,-0.96521342254248543,-0.00020018563737605154,-0.26146320748727203,8.9637603244576236e-05,2.1561748542366989e-05
3.4800269603729248,1790953868.3644929,0.0006008148193359375,0.085905105783160907,0.034801865284766934,-0.034505159311927894,0.010384709049366262,0.35152676464417792,-0.010925761117484504,0.054602999999999999,0.0050289999999999996,0.191273,-3.1408072554263957,1.3062567720701161,-3.0511496917514473,0.05458093655216871,0.0050278085854615767,0.19118612834342189,-0.26039558035846688,-0.089543918097607519,0.96134074524151236,-0.023604886646599776,0.99598285460013836,0.086376864199631767,-0.96521342254248543,-0.00020018563737605154,-0.26146320748727203,8.9637603244576236e-05,2.1561748542366989e-05
3.4850051403045654,1790953868.3694711,0.00060296058654785156,0.085905105783160907,0.034801865284766934,-0.034505159311927894,0.010384709049366262,0.35152676464417792,-0.010925761117484504,0.054602999999999999,0.0050289999999999996,0.191273,-3.1408072554263957,1.3062567720701161,-3.0511496917514473,0.05458093655216871,0.0050278085854615767,0.19118612834342189,-0.26039558035846688,-0.089543918097607519,0.96134074524151236,-0.023604886646599776,0.99598285460013836,0.086376864199631767,-0.96521342254248543,-0.00020018563737605154,-0.26146320748727203,8.9637603244576236e-05,2.1561748542366989e-05
3.4900290966033936,1790953868.374495,0.0005970001220703125,0.085905105783160907,0.034801865284766934,-0.034505159311927894,0.010384709049366262,0.35152676464417792,-0.010925761117484504,0.054602999999999999,0.0050289999999999996,0.191273,-3.1408072554263957,1.3062567720701161,-3.0511496917514473,0.05458093655216871,0.0050278085854615767,0.19118612834342189,-0.26039558035846688,-0.089543918097607519,0.96134074524151236,-0.023604886646599776,0.99598285460013836,0.086376864199631767,-0.96521342254248543,-0.00020018563737605154,-0.26146320748727203,8.9637603244576236e-05,2.1561748542366989e-05
3.4950041770935059,1790953868.3794701,0.00060009956359863281,0.085905105783160907,0.034801865284766934,-0.034505159311927894,0.010384709049366262,0.35152676464417792,-0.010925761117484504,0.054602999999999999,0.0050289999999999996,0.191273,-3.1408072554263957,1.3062567720701161,-3.0511496917514473,0.05458093655216871,0.0050278085854615767,0.19118612834342189,-0.26039558035846688,-0.089543918097607519,0.96134074524151236,-0.023604886646599776,0.99598285460013836,0.086376864199631767,-0.96521342254248543,-0.00020018563737605154,-0.26146320748727203,8.9637603244576236e-05,2.1561748542366989e-05
3.5000309944152832,1790953868.3844969,0.00062084197998046875,0.085905105783160907,0.034801865284766934,-0.034505159311927894,0.010384709049366262,0.35152676464417792,-0.010925761117484504,0.054602999999999999,0.0050289999999999996,0.191273,-3.1408072554263957,1.3062567720701161,-3.0511496917514473,0.05458093655216871,0.0050278085854615767,0.19118612834342189,-0.26039558035846688,-0.089543918097607519,0.96134074524151236,-0.023604886646599776,0.99598285460013836,0.086376864199631767,-0.96521342254248543,-0.00020018563737605154,-0.26146320748727203,8.9637603244576236e-05,2.1561748542366989e-05
3.5050060749053955,1790953868.389472,0.00058889389038085938,0.085905105783160907,0.034801865284766934,-0.034505159311927894,0.010384709049366262,0.35152676464417792,-0.010925761117484504,0.054602999999999999,0.0050289999999999996,0.191273,-3.1408072554263957,1.3062567720701161,-3.0511496917514473,0.05458093655216871,0.0050278085854615767,0.19118612834342189,-0.26039558035846688,-0.089543918097607519,0.96134074524151236,-0.023604886646599776,0.99598285460013836,0.086376864199631767,-0.96521342254248543,-0.00020018563737605154,-0.26146320748727203,8.9637603244576236e-05,2.1561748542366989e-05
3.51003098487854,1790953868.3944969,0.00061488151550292969,0.085905105783160907,0.034801865284766934,-0.034505159311927894,0.010384709049366262,0.35152676464417792,-0.010925761117484504,0.054602999999999999,0.0050289999999999996,0.191273,-3.1408072554263957,1.3062567720701161,-3.0511496917514473,0.05458093655216871,0.0050278085854615767,0.19118612834342189,-0.26039558035846688,-0.089543918097607519,0.96134074524151236,-0.023604886646599776,0.99598285460013836,0.086376864199631767,-0.96521342254248543,-0.00020018563737605154,-0.26146320748727203,8.9637603244576236e-05,2.1561748542366989e-05
3.5150060653686523,1790953868.399472,0.00060296058654785156,0.085905105783160907,0.034801865284766934,-0.034505159311927894,0.010384709049366262,0.35152676464417792,-0.010925761117484504,0.054602999999999999,0.0050289999999999996,0.191273,-3.1408072554263957,1.3062567720701161,-3.0511496917514473,0.05458093655216871,0.0050278085854615767,0.19118612834342189,-0.26039558035846688,-0.089543918097607519,0.96134074524151236,-0.023604886646599776,0.99598285460013836,0.086376864199631767,-0.96521342254248543,-0.00020018563737605154,-0.26146320748727203,8.9637603244576236e-05,2.1561748542366989e-05
3.5200309753417969,1790953868.4044969,0.00059485435485839844,0.085905105783160907,0.034801865284766934,-0.034505159311927894,0.010384709049366262,0.35152676464417792,-0.010925761117484504,0.054602999999999999,0.0050289999999999996,0.191273,-3.1408072554263957,1.3062567720701161,-3.0511496917514473,0.05458093655216871,0.0050278085854615767,0.19118612834342189,-0.26039558035846688,-0.089543918097607519,0.96134074524151236,-0.023604886646599776,0.99598285460013836,0.086376864199631767,-0.96521342254248543,-0.00020018563737605154,-0.26146320748727203,8.9637603244576236e-05,2.1561748542366989e-05
3.5250029563903809,1790953868.4094689,0.00059986114501953125,0.085905105783160907,0.034801865284766934,-0.034505159311927894,0.010384709049366262,0.35152676464417792,-0.010925761117484504,0.054602999999999999,0.0050289999999999996,0.191273,-3.1408072554263957,1.3062567720701161,-3.0511496917514473,0.05458093655216871,0.0050278085854615767,0.19118612834342189,-0.26039558035846688,-0.089543918097607519,0.96134074524151236,-0.023604886646599776,0.99598285460013836,0.086376864199631767,-0.96521342254248543,-0.00020018563737605154,-0.26146320748727203,8.9637603244576236e-05,2.1561748542366989e-05
3.5300309658050537,1790953868.4144969,0.00060296058654785156,0.085905105783160907,0.034801865284766934,-0.034505159311927894,0.010384709049366262,0.35152676464417792,-0.010925761117484504,0.054602999999999999,0.0050289999999999996,0.191273,-3.1408072554263957,1.3062567720701161,-3.0511496917514473,0.05458093655216871,0.0050278085854615767,0.19118612834342189,-0.26039558035846688,-0.089543918097607519,0.96134074524151236,-0.023604886646599776,0.99598285460013836,0.086376864199631767,-0.96521342254248543,-0.00020018563737605154,-0.26146320748727203,8.9637603244576236e-05,2.1561748542366989e-05
3.5350031852722168,1790953868.4194691,0.00059413909912109375,0.085905105783160907,0.034801865284766934,-0.034505159311927894,0.010384709049366262,0.35152676464417792,-0.010925761117484504,0.054602999999999999,0.0050289999999999996,0.191273,-3.1408072554263957,1.3062567720701161,-3.0511496917514473,0.05458093655216871,0.0050278085854615767,0.19118612834342189,-0.26039558035846688,-0.089543918097607519,0.96134074524151236,-0.023604886646599776,0.99598285460013836,0.086376864199631767,-0.96521342254248543,-0.00020018563737605154,-0.26146320748727203,8.9637603244576236e-05,2.1561748542366989e-05
3.5400309562683105,1790953868.4244969,0.0006198883056640625,0.085905105783160907,0.034801865284766934,-0.034505159311927894,0.010384709049366262,0.35152676464417792,-0.010925761117484504,0.054602999999999999,0.0050289999999999996,0.191273,-3.1408072554263957,1.3062567720701161,-3.0511496917514473,0.05458093655216871,0.0050278085854615767,0.19118612834342189,-0.26039558035846688,-0.089543918097607519,0.96134074524151236,-0.023604886646599776,0.99598285460013836,0.086376864199631767,-0.96521342254248543,-0.00020018563737605154,-0.26146320748727203,8.9637603244576236e-05,2.1561748542366989e-05
3.5450031757354736,1790953868.4294691,0.00060009956359863281,0.085905105783160907,0.034801865284766934,-0.034505159311927894,0.010384709049366262,0.35152676464417792,-0.010925761117484504,0.054602999999999999,0.0050289999999999996,0.191273,-3.1408072554263957,1.3062567720701161,-3.0511496917514473,0.05458093655216871,0.0050278085854615767,0.19118612834342189,-0.26039558035846688,-0.089543918097607519,0.96134074524151236,-0.023604886646599776,0.99598285460013836,0.086376864199631767,-0.96521342254248543,-0.00020018563737605154,-0.26146320748727203,8.9637603244576236e-05,2.1561748542366989e-05
3.5500280857086182,1790953868.434494,0.00062108039855957031,0.085905105783160907,0.034801865284766934,-0.034505159311927894,0.010384709049366262,0.35152676464417792,-0.010925761117484504,0.054602999999999999,0.0050289999999999996,0.191273,-3.1408072554263957,1.3062567720701161,-3.0511496917514473,0.05458093655216871,0.0050278085854615767,0.19118612834342189,-0.26039558035846688,-0.089543918097607519,0.96134074524151236,-0.023604886646599776,0.99598285460013836,0.086376864199631767,-0.96521342254248543,-0.00020018563737605154,-0.26146320748727203,8.9637603244576236e-05,2.1561748542366989e-05
3.5550031661987305,1790953868.4394691,0.00060009956359863281,0.085905105783160907,0.034801865284766934,-0.034505159311927894,0.010384709049366262,0.35152676464417792,-0.010925761117484504,0.054602999999999999,0.0050289999999999996,0.191273,-3.1408072554263957,1.3062567720701161,-3.0511496917514473,0.05458093655216871,0.0050278085854615767,0.19118612834342189,-0.26039558035846688,-0.089543918097607519,0.96134074524151236,-0.023604886646599776,0.99598285460013836,0.086376864199631767,-0.96521342254248543,-0.00020018563737605154,-0.26146320748727203,8.9637603244576236e-05,2.1561748542366989e-05
3.560028076171875,1790953868.444494,0.00060009956359863281,0.085905105783160907,0.034801865284766934,-0.034505159311927894,0.010384709049366262,0.35152676464417792,-0.010925761117484504,0.054602999999999999,0.0050289999999999996,0.191273,-3.1408072554263957,1.3062567720701161,-3.0511496917514473,0.05458093655216871,0.0050278085854615767,0.19118612834342189,-0.26039558035846688,-0.089543918097607519,0.96134074524151236,-0.023604886646599776,0.99598285460013836,0.086376864199631767,-0.96521342254248543,-0.00020018563737605154,-0.26146320748727203,8.9637603244576236e-05,2.1561748542366989e-05
3.5650031566619873,1790953868.4494691,0.00057315826416015625,0.085905105783160907,0.034801865284766934,-0.034505159311927894,0.010384709049366262,0.35152676464417792,-0.010925761117484504,0.054602999999999999,0.0050289999999999996,0.191273,-3.1408072554263957,1.3062567720701161,-3.0511496917514473,0.05458093655216871,0.0050278085854615767,0.19118612834342189,-0.26039558035846688,-0.089543918097607519,0.96134074524151236,-0.023604886646599776,0.99598285460013836,0.086376864199631767,-0.96521342254248543,-0.00020018563737605154,-0.26146320748727203,8.9637603244576236e-05,2.1561748542366989e-05
3.5700280666351318,1790953868.454494,0.00060009956359863281,0.085905105783160907,0.034801865284766934,-0.034505159311927894,0.010384709049366262,0.35152676464417792,-0.010925761117484504,0.054602999999999999,0.0050289999999999996,0.191273,-3.1408072554263957,1.3062567720701161,-3.0511496917514473,0.05458093655216871,0.0050278085854615767,0.19118612834342189,-0.26039558035846688,-0.089543918097607519,0.96134074524151236,-0.023604886646599776,0.99598285460013836,0.086376864199631767,-0.96521342254248543,-0.00020018563737605154,-0.26146320748727203,8.9637603244576236e-05,2.1561748542366989e-05
3.5750069618225098,1790953868.4594729,0.00059986114501953125,0.085905105783160907,0.034801865284766934,-0.034505159311927894,0.010384709049366262,0.35152676464417792,-0.010925761117484504,0.054602999999999999,0.0050289999999999996,0.191273,-3.1408072554263957,1.3062567720701161,-3.0511496917514473,0.05458093655216871,0.0050278085854615767,0.19118612834342189,-0.26039558035846688,-0.089543918097607519,0.96134074524151236,-0.023604886646599776,0.99598285460013836,0.086376864199631767,-0.96521342254248543,-0.00020018563737605154,-0.26146320748727203,8.9637603244576236e-05,2.1561748542366989e-05
3.5800261497497559,1790953868.4644921,0.00062513351440429688,0.085905105783160907,0.034801865284766934,-0.034505159311927894,0.010384709049366262,0.35152676464417792,-0.010925761117484504,0.054602999999999999,0.0050289999999999996,0.191273,-3.1408072554263957,1.3062567720701161,-3.0511496917514473,0.05458093655216871,0.0050278085854615767,0.19118612834342189,-0.26039558035846688,-0.089543918097607519,0.96134074524151236,-0.023604886646599776,0.99598285460013836,0.086376864199631767,-0.96521342254248543,-0.00020018563737605154,-0.26146320748727203,8.9637603244576236e-05,2.1561748542366989e-05
3.5850050449371338,1790953868.469471,0.00059795379638671875,0.085905105783160907,0.034801865284766934,-0.034505159311927894,0.010384709049366262,0.35152676464417792,-0.010925761117484504,0.054602999999999999,0.0050289999999999996,0.191273,-3.1408072554263957,1.3062567720701161,-3.0511496917514473,0.05458093655216871,0.0050278085854615767,0.19118612834342189,-0.26039558035846688,-0.089543918097607519,0.96134074524151236,-0.023604886646599776,0.99598285460013836,0.086376864199631767,-0.96521342254248543,-0.00020018563737605154,-0.26146320748727203,8.9637603244576236e-05,2.1561748542366989e-05
3.5900261402130127,1790953868.4744921,0.00062012672424316406,0.085905105783160907,0.034801865284766934,-0.034505159311927894,0.010384709049366262,0.35152676464417792,-0.010925761117484504,0.054602999999999999,0.0050289999999999996,0.191273,-3.1408072554263957,1.3062567720701161,-3.0511496917514473,0.05458093655216871,0.0050278085854615767,0.19118612834342189,-0.26039558035846688,-0.089543918097607519,0.96134074524151236,-0.023604886646599776,0.99598285460013836,0.086376864199631767,-0.96521342254248543,-0.00020018563737605154,-0.26146320748727203,8.9637603244576236e-05,2.1561748542366989e-05
3.5950040817260742,1790953868.47947,0.00060200691223144531,0.085905105783160907,0.034801865284766934,-0.034505159311927894,0.010384709049366262,0.35152676464417792,-0.010925761117484504,0.054602999999999999,0.0050289999999999996,0.191273,-3.1408072554263957,1.3062567720701161,-3.0511496917514473,0.05458093655216871,0.0050278085854615767,0.19118612834342189,-0.26039558035846688,-0.089543918097607519,0.96134074524151236,-0.023604886646599776,0.99598285460013836,0.086376864199631767,-0.96521342254248543,-0.00020018563737605154,-0.26146320748727203,8.9637603244576236e-05,2.1561748542366989e-05
3.6000301837921143,1790953868.4844961,0.00059819221496582031,0.085905105783160907,0.034801865284766934,-0.034505159311927894,0.010384709049366262,0.35152676464417792,-0.010925761117484504,0.054602999999999999,0.0050289999999999996,0.191273,-3.1408072554263957,1.3062567720701161,-3.0511496917514473,0.05458093655216871,0.0050278085854615767,0.19118612834342189,-0.26039558035846688,-0.089543918097607519,0.96134074524151236,-0.023604886646599776,0.99598285460013836,0.086376864199631767,-0.96521342254248543,-0.00020018563737605154,-0.26146320748727203,8.9637603244576236e-05,2.1561748542366989e-05
3.6050040721893311,1790953868.48947,0.00060105323791503906,0.085905105783160907,0.034801865284766934,-0.034505159311927894,0.010384709049366262,0.35152676464417792,-0.010925761117484504,0.054602999999999999,0.0050289999999999996,0.191273,-3.1408072554263957,1.3062567720701161,-3.0511496917514473,0.05458093655216871,0.0050278085854615767,0.19118612834342189,-0.26039558035846688,-0.089543918097607519,0.96134074524151236,-0.023604886646599776,0.99598285460013836,0.086376864199631767,-0.96521342254248543,-0.00020018563737605154,-0.26146320748727203,8.9637603244576236e-05,2.1561748542366989e-05
3.6100301742553711,1790953868.4944961,0.00062322616577148438,0.085905105783160907,0.034801865284766934,-0.034505159311927894,0.010384709049366262,0.35152676464417792,-0.010925761117484504,0.054602999999999999,0.0050289999999999996,0.191273,-3.1408072554263957,1.3062567720701161,-3.0511496917514473,0.05458093655216871,0.0050278085854615767,0.19118612834342189,-0.26039558035846688,-0.089543918097607519,0.96134074524151236,-0.023604886646599776,0.99598285460013836,0.086376864199631767,-0.96521342254248543,-0.00020018563737605154,-0.26146320748727203,8.9637603244576236e-05,2.1561748542366989e-05
3.6150031089782715,1790953868.499469,0.00060105323791503906,0.085905105783160907,0.034801865284766934,-0.034505159311927894,0.010384709049366262,0.35152676464417792,-0.010925761117484504,0.054602999999999999,0.0050289999999999996,0.191273,-3.1408072554263957,1.3062567720701161,-3.0511496917514473,0.05458093655216871,0.0050278085854615767,0.19118612834342189,-0.26039558035846688,-0.089543918097607519,0.96134074524151236,-0.023604886646599776,0.99598285460013836,0.086376864199631767,-0.96521342254248543,-0.00020018563737605154,-0.26146320748727203,8.9637603244576236e-05,2.1561748542366989e-05
3.6200289726257324,1790953868.5044949,0.0006008148193359375,0.085905105783160907,0.034801865284766934,-0.034505159311927894,0.010384709049366262,0.35152676464417792,-0.010925761117484504,0.054602999999999999,0.0050289999999999996,0.191273,-3.1408072554263957,1.3062567720701161,-3.0511496917514473,0.05458093655216871,0.0050278085854615767,0.19118612834342189,-0.26039558035846688,-0.089543918097607519,0.96134074524151236,-0.023604886646599776,0.99598285460013836,0.086376864199631767,-0.96521342254248543,-0.00020018563737605154,-0.26146320748727203,8.9637603244576236e-05,2.1561748542366989e-05
3.6250040531158447,1790953868.50947,0.00057196617126464844,0.085905105783160907,0.034801865284766934,-0.034505159311927894,0.010384709049366262,0.35152676464417792,-0.010925761117484504,0.054602999999999999,0.0050289999999999996,0.191273,-3.1408072554263957,1.3062567720701161,-3.0511496917514473,0.05458093655216871,0.0050278085854615767,0.19118612834342189,-0.26039558035846688,-0.089543918097607519,0.96134074524151236,-0.023604886646599776,0.99598285460013836,0.086376864199631767,-0.96521342254248543,-0.00020018563737605154,-0.26146320748727203,8.9637603244576236e-05,2.1561748542366989e-05
3.6300289630889893,1790953868.5144949,0.00062394142150878906,0.085905105783160907,0.034801865284766934,-0.034505159311927894,0.010384709049366262,0.35152676464417792,-0.010925761117484504,0.054602999999999999,0.0050289999999999996,0.191273,-3.1408072554263957,1.3062567720701161,-3.0511496917514473,0.05458093655216871,0.0050278085854615767,0.19118612834342189,-0.26039558035846688,-0.089543918097607519,0.96134074524151236,-0.023604886646599776,0.99598285460013836,0.086376864199631767,-0.96521342254248543,-0.00020018563737605154,-0.26146320748727203,8.9637603244576236e-05,2.1561748542366989e-05
3.6350059509277344,1790953868.5194719,0.00060296058654785156,0.085905105783160907,0.034801865284766934,-0.034505159311927894,0.010384709049366262,0.35152676464417792,-0.010925761117484504,0.054602999999999999,0.0050289999999999996,0.191273,-3.1408072554263957,1.3062567720701161,-3.0511496917514473,0.05458093655216871,0.0050278085854615767,0.19118612834342189,-0.26039558035846688,-0.089543918097607519,0.96134074524151236,-0.023604886646599776,0.99598285460013836,0.086376864199631767,-0.96521342254248543,-0.00020018563737605154,-0.26146320748727203,8.9637603244576236e-05,2.1561748542366989e-05
3.6400289535522461,1790953868.5244949,0.00062489509582519531,0.085905105783160907,0.034801865284766934,-0.034505159311927894,0.010384709049366262,0.35152676464417792,-0.010925761117484504,0.054602999999999999,0.0050289999999999996,0.191273,-3.1408072554263957,1.3062567720701161,-3.0511496917514473,0.05458093655216871,0.0050278085854615767,0.19118612834342189,-0.26039558035846688,-0.089543918097607519,0.96134074524151236,-0.023604886646599776,0.99598285460013836,0.086376864199631767,-0.96521342254248543,-0.00020018563737605154,-0.26146320748727203,8.9637603244576236e-05,2.1561748542366989e-05
3.6450040340423584,1790953868.52947,0.0005970001220703125,0.085905105783160907,0.034801865284766934,-0.034505159311927894,0.010384709049366262,0.35152676464417792,-0.010925761117484504,0.054602999999999999,0.0050289999999999996,0.191273,-3.1408072554263957,1.3062567720701161,-3.0511496917514473,0.05458093655216871,0.0050278085854615767,0.19118612834342189,-0.26039558035846688,-0.089543918097607519,0.96134074524151236,-0.023604886646599776,0.99598285460013836,0.086376864199631767,-0.96521342254248543,-0.00020018563737605154,-0.26146320748727203,8.9637603244576236e-05,2.1561748542366989e-05
3.6500029563903809,1790953868.5344689,0.00057482719421386719,0.085905105783160907,0.034801865284766934,-0.034505159311927894,0.010384709049366262,0.35152676464417792,-0.010925761117484504,0.054602999999999999,0.0050289999999999996,0.191273,-3.1408072554263957,1.3062567720701161,-3.0511496917514473,0.05458093655216871,0.0050278085854615767,0.19118612834342189,-0.26039558035846688,-0.089543918097607519,0.96134074524151236,-0.023604886646599776,0.99598285460013836,0.086376864199631767,-0.96521342254248543,-0.00020018563737605154,-0.26146320748727203,8.9637603244576236e-05,2.1561748542366989e-05
3.6550049781799316,1790953868.5394709,0.0005970001220703125,0.085905105783160907,0.034801865284766934,-0.034505159311927894,0.010384709049366262,0.35152676464417792,-0.010925761117484504,0.054602999999999999,0.0050289999999999996,0.191273,-3.1408072554263957,1.3062567720701161,-3.0511496917514473,0.05458093655216871,0.0050278085854615767,0.19118612834342189,-0.26039558035846688,-0.089543918097607519,0.96134074524151236,-0.023604886646599776,0.99598285460013836,0.086376864199631767,-0.96521342254248543,-0.00020018563737605154,-0.26146320748727203,8.9637603244576236e-05,2.1561748542366989e-05
3.6600310802459717,1790953868.544497,0.00060296058654785156,0.085905105783160907,0.034801865284766934,-0.034505159311927894,0.010384709049366262,0.35152676464417792,-0.010925761117484504,0.054602999999999999,0.0050289999999999996,0.191273,-3.1408072554263957,1.3062567720701161,-3.0511496917514473,0.05458093655216871,0.0050278085854615767,0.19118612834342189,-0.26039558035846688,-0.089543918097607519,0.96134074524151236,-0.023604886646599776,0.99598285460013836,0.086376864199631767,-0.96521342254248543,-0.00020018563737605154,-0.26146320748727203,8.9637603244576236e-05,2.1561748542366989e-05
3.6650049686431885,1790953868.5494709,0.00060200691223144531,0.085905105783160907,0.034801865284766934,-0.034505159311927894,0.010384709049366262,0.35152676464417792,-0.010925761117484504,0.054602999999999999,0.0050289999999999996,0.191273,-3.1408072554263957,1.3062567720701161,-3.0511496917514473,0.05458093655216871,0.0050278085854615767,0.19118612834342189,-0.26039558035846688,-0.089543918097607519,0.96134074524151236,-0.023604886646599776,0.99598285460013836,0.086376864199631767,-0.96521342254248543,-0.00020018563737605154,-0.26146320748727203,8.9637603244576236e-05,2.1561748542366989e-05
3.6700291633605957,1790953868.5544951,0.00062012672424316406,0.085905105783160907,0.034801865284766934,-0.034505159311927894,0.010384709049366262,0.35152676464417792,-0.010925761117484504,0.054602999999999999,0.0050289999999999996,0.191273,-3.1408072554263957,1.3062567720701161,-3.0511496917514473,0.05458093655216871,0.0050278085854615767,0.19118612834342189,-0.26039558035846688,-0.089543918097607519,0.96134074524151236,-0.023604886646599776,0.99598285460013836,0.086376864199631767,-0.96521342254248543,-0.00020018563737605154,-0.26146320748727203,8.9637603244576236e-05,2.1561748542366989e-05
3.6750290393829346,1790953868.559495,0.00062394142150878906,0.085905105783160907,0.034801865284766934,-0.034505159311927894,0.010384709049366262,0.35152676464417792,-0.010925761117484504,0.054602999999999999,0.0050289999999999996,0.191273,-3.1408072554263957,1.3062567720701161,-3.0511496917514473,0.05458093655216871,0.0050278085854615767,0.19118612834342189,-0.26039558035846688,-0.089543918097607519,0.96134074524151236,-0.023604886646599776,0.99598285460013836,0.086376864199631767,-0.96521342254248543,-0.00020018563737605154,-0.26146320748727203,8.9637603244576236e-05,2.1561748542366989e-05
3.6800270080566406,1790953868.5644929,0.00059795379638671875,0.085905105783160907,0.034801865284766934,-0.034505159311927894,0.010384709049366262,0.35152676464417792,-0.010925761117484504,0.054602999999999999,0.0050289999999999996,0.191273,-3.1408072554263957,1.3062567720701161,-3.0511496917514473,0.05458093655216871,0.0050278085854615767,0.19118612834342189,-0.26039558035846688,-0.089543918097607519,0.96134074524151236,-0.023604886646599776,0.99598285460013836,0.086376864199631767,-0.96521342254248543,-0.00020018563737605154,-0.26146320748727203,8.9637603244576236e-05,2.1561748542366989e-05
3.6850039958953857,1790953868.5694699,0.0006008148193359375,0.085905105783160907,0.034801865284766934,-0.034505159311927894,0.010384709049366262,0.35152676464417792,-0.010925761117484504,0.054602999999999999,0.0050289999999999996,0.191273,-3.1408072554263957,1.3062567720701161,-3.0511496917514473,0.05458093655216871,0.0050278085854615767,0.19118612834342189,-0.26039558035846688,-0.089543918097607519,0.96134074524151236,-0.023604886646599776,0.99598285460013836,0.086376864199631767,-0.96521342254248543,-0.00020018563737605154,-0.26146320748727203,8.9637603244576236e-05,2.1561748542366989e-05
3.6900291442871094,1790953868.5744951,0.0005950927734375,0.085905105783160907,0.034801865284766934,-0.034505159311927894,0.010384709049366262,0.35152676464417792,-0.010925761117484504,0.054602999999999999,0.0050289999999999996,0.191273,-3.1408072554263957,1.3062567720701161,-3.0511496917514473,0.05458093655216871,0.0050278085854615767,0.19118612834342189,-0.26039558035846688,-0.089543918097607519,0.96134074524151236,-0.023604886646599776,0.99598285460013836,0.086376864199631767,-0.96521342254248543,-0.00020018563737605154,-0.26146320748727203,8.9637603244576236e-05,2.1561748542366989e-05
3.6950039863586426,1790953868.5794699,0.00060200691223144531,0.085905105783160907,0.034801865284766934,-0.034505159311927894,0.010384709049366262,0.35152676464417792,-0.010925761117484504,0.054602999999999999,0.0050289999999999996,0.191273,-3.1408072554263957,1.3062567720701161,-3.0511496917514473,0.05458093655216871,0.0050278085854615767,0.19118612834342189,-0.26039558035846688,-0.089543918097607519,0.96134074524151236,-0.023604886646599776,0.99598285460013836,0.086376864199631767,-0.96521342254248543,-0.00020018563737605154,-0.26146320748727203,8.9637603244576236e-05,2.1561748542366989e-05
3.7000281810760498,1790953868.5844941,0.00060009956359863281,0.085905105783160907,0.034801865284766934,-0.034505159311927894,0.010384709049366262,0.35152676464417792,-0.010925761117484504,0.054602999999999999,0.0050289999999999996,0.191273,-3.1408072554263957,1.3062567720701161,-3.0511496917514473,0.05458093655216871,0.0050278085854615767,0.19118612834342189,-0.26039558035846688,-0.089543918097607519,0.96134074524151236,-0.023604886646599776,0.99598285460013836,0.086376864199631767,-0.96521342254248543,-0.00020018563737605154,-0.26146320748727203,8.9637603244576236e-05,2.1561748542366989e-05
3.7050290107727051,1790953868.5894949,0.00062203407287597656,0.085905105783160907,0.034801865284766934,-0.034505159311927894,0.010384709049366262,0.35152676464417792,-0.010925761117484504,0.054602999999999999,0.0050289999999999996,0.191273,-3.1408072554263957,1.3062567720701161,-3.0511496917514473,0.05458093655216871,0.0050278085854615767,0.19118612834342189,-0.26039558035846688,-0.089543918097607519,0.96134074524151236,-0.023604886646599776,0.99598285460013836,0.086376864199631767,-0.96521342254248543,-0.00020018563737605154,-0.26146320748727203,8.9637603244576236e-05,2.1561748542366989e-05
3.710029125213623,1790953868.5944951,0.00061511993408203125,0.085905105783160907,0.034801865284766934,-0.034505159311927894,0.010384709049366262,0.35152676464417792,-0.010925761117484504,0.054602999999999999,0.0050289999999999996,0.191273,-3.1408072554263957,1.3062567720701161,-3.0511496917514473,0.05458093655216871,0.0050278085854615767,0.19118612834342189,-0.26039558035846688,-0.089543918097607519,0.96134074524151236,-0.023604886646599776,0.99598285460013836,0.086376864199631767,-0.96521342254248543,-0.00020018563737605154,-0.26146320748727203,8.9637603244576236e-05,2.1561748542366989e-05
3.7150039672851562,1790953868.5994699,0.00060200691223144531,0.085905105783160907,0.034801865284766934,-0.034505159311927894,0.010384709049366262,0.35152676464417792,-0.010925761117484504,0.054602999999999999,0.0050289999999999996,0.191273,-3.1408072554263957,1.3062567720701161,-3.0511496917514473,0.05458093655216871,0.0050278085854615767,0.19118612834342189,-0.26039558035846688,-0.089543918097607519,0.96134074524151236,-0.023604886646599776,0.99598285460013836,0.086376864199631767,-0.96521342254248543,-0.00020018563737605154,-0.26146320748727203,8.9637603244576236e-05,2.1561748542366989e-05
3.7200291156768799,1790953868.604495,0.00062394142150878906,0.085905105783160907,0.034801865284766934,-0.034505159311927894,0.010384709049366262,0.35152676464417792,-0.010925761117484504,0.054602999999999999,0.0050289999999999996,0.191273,-3.1408072554263957,1.3062567720701161,-3.0511496917514473,0.05458093655216871,0.0050278085854615767,0.19118612834342189,-0.26039558035846688,-0.089543918097607519,0.96134074524151236,-0.023604886646599776,0.99598285460013836,0.086376864199631767,-0.96521342254248543,-0.00020018563737605154,-0.26146320748727203,8.9637603244576236e-05,2.1561748542366989e-05
3.7250020503997803,1790953868.609468,0.00060009956359863281,0.085905105783160907,0.034801865284766934,-0.034505159311927894,0.010384709049366262,0.35152676464417792,-0.010925761117484504,0.054602999999999999,0.0050289999999999996,0.191273,-3.1408072554263957,1.3062567720701161,-3.0511496917514473,0.05458093655216871,0.0050278085854615767,0.19118612834342189,-0.26039558035846688,-0.089543918097607519,0.96134074524151236,-0.023604886646599776,0.99598285460013836,0.086376864199631767,-0.96521342254248543,-0.00020018563737605154,-0.26146320748727203,8.9637603244576236e-05,2.1561748542366989e-05
3.7300040721893311,1790953868.61447,0.00057697296142578125,0.085905105783160907,0.034801865284766934,-0.034505159311927894,0.010384709049366262,0.35152676464417792,-0.010925761117484504,0.054602999999999999,0.0050289999999999996,0.191273,-3.1408072554263957,1.3062567720701161,-3.0511496917514473,0.05458093655216871,0.0050278085854615767,0.19118612834342189,-0.26039558035846688,-0.089543918097607519,0.96134074524151236,-0.023604886646599776,0.99598285460013836,0.086376864199631767,-0.96521342254248543,-0.00020018563737605154,-0.26146320748727203,8.9637603244576236e-05,2.1561748542366989e-05
3.7350029945373535,1790953868.6194689,0.00059485435485839844,0.085905105783160907,0.034801865284766934,-0.034505159311927894,0.010384709049366262,0.35152676464417792,-0.010925761117484504,0.054602999999999999,0.0050289999999999996,0.191273,-3.1408072554263957,1.3062567720701161,-3.0511496917514473,0.05458093655216871,0.0050278085854615767,0.19118612834342189,-0.26039558035846688,-0.089543918097607519,0.96134074524151236,-0.023604886646599776,0.99598285460013836,0.086376864199631767,-0.96521342254248543,-0.00020018563737605154,-0.26146320748727203,8.9637603244576236e-05,2.1561748542366989e-05
3.7400281429290771,1790953868.6244941,0.00060009956359863281,0.085905105783160907,0.034801865284766934,-0.034505159311927894,0.010384709049366262,0.35152676464417792,-0.010925761117484504,0.054602999999999999,0.0050289999999999996,0.191273,-3.1408072554263957,1.3062567720701161,-3.0511496917514473,0.05458093655216871,0.0050278085854615767,0.19118612834342189,-0.26039558035846688,-0.089543918097607519,0.96134074524151236,-0.023604886646599776,0.99598285460013836,0.086376864199631767,-0.96521342254248543,-0.00020018563737605154,-0.26146320748727203,8.9637603244576236e-05,2.1561748542366989e-05
3.7450029850006104,1790953868.6294689,0.000598907470703125,0.085905105783160907,0.034801865284766934,-0.034505159311927894,0.010384709049366262,0.35152676464417792,-0.010925761117484504,0.054602999999999999,0.0050289999999999996,0.191273,-3.1408072554263957,1.3062567720701161,-3.0511496917514473,0.05458093655216871,0.0050278085854615767,0.19118612834342189,-0.26039558035846688,-0.089543918097607519,0.96134074524151236,-0.023604886646599776,0.99598285460013836,0.086376864199631767,-0.96521342254248543,-0.00020018563737605154,-0.26146320748727203,8.9637603244576236e-05,2.1561748542366989e-05
3.750028133392334,1790953868.6344941,0.00060105323791503906,0.085905105783160907,0.034801865284766934,-0.034505159311927894,0.010384709049366262,0.35152676464417792,-0.010925761117484504,0.054602999999999999,0.0050289999999999996,0.191273,-3.1408072554263957,1.3062567720701161,-3.0511496917514473,0.05458093655216871,0.0050278085854615767,0.19118612834342189,-0.26039558035846688,-0.089543918097607519,0.96134074524151236,-0.023604886646599776,0.99598285460013836,0.086376864199631767,-0.96521342254248543,-0.00020018563737605154,-0.26146320748727203,8.9637603244576236e-05,2.1561748542366989e-05
3.7550029754638672,1790953868.6394689,0.00059986114501953125,0.085905105783160907,0.034801865284766934,-0.034505159311927894,0.010384709049366262,0.35152676464417792,-0.010925761117484504,0.054602999999999999,0.0050289999999999996,0.191273,-3.1408072554263957,1.3062567720701161,-3.0511496917514473,0.05458093655216871,0.0050278085854615767,0.19118612834342189,-0.26039558035846688,-0.089543918097607519,0.96134074524151236,-0.023604886646599776,0.99598285460013836,0.086376864199631767,-0.96521342254248543,-0.00020018563737605154,-0.26146320748727203,8.9637603244576236e-05,2.1561748542366989e-05
3.7600271701812744,1790953868.6444931,0.00059413909912109375,0.085905105783160907,0.034801865284766934,-0.034505159311927894,0.010384709049366262,0.35152676464417792,-0.010925761117484504,0.054602999999999999,0.0050289999999999996,0.191273,-3.1408072554263957,1.3062567720701161,-3.0511496917514473,0.05458093655216871,0.0050278085854615767,0.19118612834342189,-0.26039558035846688,-0.089543918097607519,0.96134074524151236,-0.023604886646599776,0.99598285460013836,0.086376864199631767,-0.96521342254248543,-0.00020018563737605154,-0.26146320748727203,8.9637603244576236e-05,2.1561748542366989e-05
3.765002965927124,1790953868.6494689,0.00058984756469726562,0.085905105783160907,0.034801865284766934,-0.034505159311927894,0.010384709049366262,0.35152676464417792,-0.010925761117484504,0.054602999999999999,0.0050289999999999996,0.191273,-3.1408072554263957,1.3062567720701161,-3.0511496917514473,0.05458093655216871,0.0050278085854615767,0.19118612834342189,-0.26039558035846688,-0.089543918097607519,0.96134074524151236,-0.023604886646599776,0.99598285460013836,0.086376864199631767,-0.96521342254248543,-0.00020018563737605154,-0.26146320748727203,8.9637603244576236e-05,2.1561748542366989e-05
3.7700281143188477,1790953868.654494,0.00060009956359863281,0.085905105783160907,0.034801865284766934,-0.034505159311927894,0.010384709049366262,0.35152676464417792,-0.010925761117484504,0.054602999999999999,0.0050289999999999996,0.191273,-3.1408072554263957,1.3062567720701161,-3.0511496917514473,0.05458093655216871,0.0050278085854615767,0.19118612834342189,-0.26039558035846688,-0.089543918097607519,0.96134074524151236,-0.023604886646599776,0.99598285460013836,0.086376864199631767,-0.96521342254248543,-0.00020018563737605154,-0.26146320748727203,8.9637603244576236e-05,2.1561748542366989e-05
3.7750041484832764,1790953868.6594701,0.00058698654174804688,0.085905105783160907,0.034801865284766934,-0.034505159311927894,0.010384709049366262,0.35152676464417792,-0.010925761117484504,0.054602999999999999,0.0050289999999999996,0.191273,-3.1408072554263957,1.3062567720701161,-3.0511496917514473,0.05458093655216871,0.0050278085854615767,0.19118612834342189,-0.26039558035846688,-0.089543918097607519,0.96134074524151236,-0.023604886646599776,0.99598285460013836,0.086376864199631767,-0.96521342254248543,-0.00020018563737605154,-0.26146320748727203,8.9637603244576236e-05,2.1561748542366989e-05
3.7800271511077881,1790953868.6644931,0.00062012672424316406,0.085905105783160907,0.034801865284766934,-0.034505159311927894,0.010384709049366262,0.35152676464417792,-0.010925761117484504,0.054602999999999999,0.0050289999999999996,0.191273,-3.1408072554263957,1.3062567720701161,-3.0511496917514473,0.05458093655216871,0.0050278085854615767,0.19118612834342189,-0.26039558035846688,-0.089543918097607519,0.96134074524151236,-0.023604886646599776,0.99598285460013836,0.086376864199631767,-0.96521342254248543,-0.00020018563737605154,-0.26146320748727203,8.9637603244576236e-05,2.1561748542366989e-05
3.7850170135498047,1790953868.6694829,0.00061202049255371094,0.085905105783160907,0.034801865284766934,-0.034505159311927894,0.010384709049366262,0.35152676464417792,-0.010925761117484504,0.054602999999999999,0.0050289999999999996,0.191273,-3.1408072554263957,1.3062567720701161,-3.0511496917514473,0.05458093655216871,0.0050278085854615767,0.19118612834342189,-0.26039558035846688,-0.089543918097607519,0.96134074524151236,-0.023604886646599776,0.99598285460013836,0.086376864199631767,-0.96521342254248543,-0.00020018563737605154,-0.26146320748727203,8.9637603244576236e-05,2.1561748542366989e-05
3.7900290489196777,1790953868.674495,0.00060200691223144531,0.085905105783160907,0.034801865284766934,-0.034505159311927894,0.010384709049366262,0.35152676464417792,-0.010925761117484504,0.054602999999999999,0.0050289999999999996,0.191273,-3.1408072554263957,1.3062567720701161,-3.0511496917514473,0.05458093655216871,0.0050278085854615767,0.19118612834342189,-0.26039558035846688,-0.089543918097607519,0.96134074524151236,-0.023604886646599776,0.99598285460013836,0.086376864199631767,-0.96521342254248543,-0.00020018563737605154,-0.26146320748727203,8.9637603244576236e-05,2.1561748542366989e-05
3.79500412940979,1790953868.6794701,0.00059914588928222656,0.085905105783160907,0.034801865284766934,-0.034505159311927894,0.010384709049366262,0.35152676464417792,-0.010925761117484504,0.054602999999999999,0.0050289999999999996,0.191273,-3.1408072554263957,1.3062567720701161,-3.0511496917514473,0.05458093655216871,0.0050278085854615767,0.19118612834342189,-0.26039558035846688,-0.089543918097607519,0.96134074524151236,-0.023604886646599776,0.99598285460013836,0.086376864199631767,-0.96521342254248543,-0.00020018563737605154,-0.26146320748727203,8.9637603244576236e-05,2.1561748542366989e-05
3.8000290393829346,1790953868.684495,0.00060200691223144531,0.085905105783160907,0.034801865284766934,-0.034505159311927894,0.010384709049366262,0.35152676464417792,-0.010925761117484504,0.054602999999999999,0.0050289999999999996,0.191273,-3.1408072554263957,1.3062567720701161,-3.0511496917514473,0.05458093655216871,0.0050278085854615767,0.19118612834342189,-0.26039558035846688,-0.089543918097607519,0.96134074524151236,-0.023604886646599776,0.99598285460013836,0.086376864199631767,-0.96521342254248543,-0.00020018563737605154,-0.26146320748727203,8.9637603244576236e-05,2.1561748542366989e-05
3.8050041198730469,1790953868.6894701,0.0005970001220703125,0.085905105783160907,0.034801865284766934,-0.034505159311927894,0.010384709049366262,0.35152676464417792,-0.010925761117484504,0.054602999999999999,0.0050289999999999996,0.191273,-3.1408072554263957,1.3062567720701161,-3.0511496917514473,0.05458093655216871,0.0050278085854615767,0.19118612834342189,-0.26039558035846688,-0.089543918097607519,0.96134074524151236,-0.023604886646599776,0.99598285460013836,0.086376864199631767,-0.96521342254248543,-0.00020018563737605154,-0.26146320748727203,8.9637603244576236e-05,2.1561748542366989e-05
3.810028076171875,1790953868.694494,0.00059390068054199219,0.085905105783160907,0.034801865284766934,-0.034505159311927894,0.010384709049366262,0.35152676464417792,-0.010925761117484504,0.054602999999999999,0.0050289999999999996,0.191273,-3.1408072554263957,1.3062567720701161,-3.0511496917514473,0.05458093655216871,0.0050278085854615767,0.19118612834342189,-0.26039558035846688,-0.089543918097607519,0.96134074524151236,-0.023604886646599776,0.99598285460013836,0.086376864199631767,-0.96521342254248543,-0.00020018563737605154,-0.26146320748727203,8.9637603244576236e-05,2.1561748542366989e-05
3.8150050640106201,1790953868.699471,0.00059795379638671875,0.085905105783160907,0.034801865284766934,-0.034505159311927894,0.010384709049366262,0.35152676464417792,-0.010925761117484504,0.054602999999999999,0.0050289999999999996,0.191273,-3.1408072554263957,1.3062567720701161,-3.0511496917514473,0.05458093655216871,0.0050278085854615767,0.19118612834342189,-0.26039558035846688,-0.089543918097607519,0.96134074524151236,-0.023604886646599776,0.99598285460013836,0.086376864199631767,-0.96521342254248543,-0.00020018563737605154,-0.26146320748727203,8.9637603244576236e-05,2.1561748542366989e-05
3.8200290203094482,1790953868.704495,0.00060200691223144531,0.085905105783160907,0.034801865284766934,-0.034505159311927894,0.010384709049366262,0.35152676464417792,-0.010925761117484504,0.054602999999999999,0.0050289999999999996,0.191273,-3.1408072554263957,1.3062567720701161,-3.0511496917514473,0.05458093655216871,0.0050278085854615767,0.19118612834342189,-0.26039558035846688,-0.089543918097607519,0.96134074524151236,-0.023604886646599776,0.99598285460013836,0.086376864199631767,-0.96521342254248543,-0.00020018563737605154,-0.26146320748727203,8.9637603244576236e-05,2.1561748542366989e-05
3.8250041007995605,1790953868.70947,0.0005741119384765625,0.085905105783160907,0.034801865284766934,-0.034505159311927894,0.010384709049366262,0.35152676464417792,-0.010925761117484504,0.054602999999999999,0.0050289999999999996,0.191273,-3.1408072554263957,1.3062567720701161,-3.0511496917514473,0.05458093655216871,0.0050278085854615767,0.19118612834342189,-0.26039558035846688,-0.089543918097607519,0.96134074524151236,-0.023604886646599776,0.99598285460013836,0.086376864199631767,-0.96521342254248543,-0.00020018563737605154,-0.26146320748727203,8.9637603244576236e-05,2.1561748542366989e-05
3.8300299644470215,1790953868.7144959,0.00060296058654785156,0.085905105783160907,0.034801865284766934,-0.034505159311927894,0.010384709049366262,0.35152676464417792,-0.010925761117484504,0.054602999999999999,0.0050289999999999996,0.191273,-3.1408072554263957,1.3062567720701161,-3.0511496917514473,0.05458093655216871,0.0050278085854615767,0.19118612834342189,-0.26039558035846688,-0.089543918097607519,0.96134074524151236,-0.023604886646599776,0.99598285460013836,0.086376864199631767,-0.96521342254248543,-0.00020018563737605154,-0.26146320748727203,8.9637603244576236e-05,2.1561748542366989e-05
3.8350040912628174,1790953868.71947,0.00060105323791503906,0.085905105783160907,0.034801865284766934,-0.034505159311927894,0.010384709049366262,0.35152676464417792,-0.010925761117484504,0.054602999999999999,0.0050289999999999996,0.191273,-3.1408072554263957,1.3062567720701161,-3.0511496917514473,0.05458093655216871,0.0050278085854615767,0.19118612834342189,-0.26039558035846688,-0.089543918097607519,0.96134074524151236,-0.023604886646599776,0.99598285460013836,0.086376864199631767,-0.96521342254248543,-0.00020018563737605154,-0.26146320748727203,8.9637603244576236e-05,2.1561748542366989e-05
3.8400039672851562,1790953868.7244699,0.00057697296142578125,0.085905105783160907,0.034801865284766934,-0.034505159311927894,0.010384709049366262,0.35152676464417792,-0.010925761117484504,0.054602999999999999,0.0050289999999999996,0.191273,-3.1408072554263957,1.3062567720701161,-3.0511496917514473,0.05458093655216871,0.0050278085854615767,0.19118612834342189,-0.26039558035846688,-0.089543918097607519,0.96134074524151236,-0.023604886646599776,0.99598285460013836,0.086376864199631767,-0.96521342254248543,-0.00020018563737605154,-0.26146320748727203,8.9637603244576236e-05,2.1561748542366989e-05
3.8450300693511963,1790953868.729496,0.00061893463134765625,0.085905105783160907,0.034801865284766934,-0.034505159311927894,0.010384709049366262,0.35152676464417792,-0.010925761117484504,0.054602999999999999,0.0050289999999999996,0.191273,-3.1408072554263957,1.3062567720701161,-3.0511496917514473,0.05458093655216871,0.0050278085854615767,0.19118612834342189,-0.26039558035846688,-0.089543918097607519,0.96134074524151236,-0.023604886646599776,0.99598285460013836,0.086376864199631767,-0.96521342254248543,-0.00020018563737605154,-0.26146320748727203,8.9637603244576236e-05,2.1561748542366989e-05
3.8500301837921143,1790953868.7344961,0.00060200691223144531,0.085905105783160907,0.034801865284766934,-0.034505159311927894,0.010384709049366262,0.35152676464417792,-0.010925761117484504,0.054602999999999999,0.0050289999999999996,0.191273,-3.1408072554263957,1.3062567720701161,-3.0511496917514473,0.05458093655216871,0.0050278085854615767,0.19118612834342189,-0.26039558035846688,-0.089543918097607519,0.96134074524151236,-0.023604886646599776,0.99598285460013836,0.086376864199631767,-0.96521342254248543,-0.00020018563737605154,-0.26146320748727203,8.9637603244576236e-05,2.1561748542366989e-05
3.8550040721893311,1790953868.73947,0.0005950927734375,0.085905105783160907,0.034801865284766934,-0.034505159311927894,0.010384709049366262,0.35152676464417792,-0.010925761117484504,0.054602999999999999,0.0050289999999999996,0.191273,-3.1408072554263957,1.3062567720701161,-3.0511496917514473,0.05458093655216871,0.0050278085854615767,0.19118612834342189,-0.26039558035846688,-0.089543918097607519,0.96134074524151236,-0.023604886646599776,0.99598285460013836,0.086376864199631767,-0.96521342254248543,-0.00020018563737605154,-0.26146320748727203,8.9637603244576236e-05,2.1561748542366989e-05
3.8600301742553711,1790953868.7444961,0.00060200691223144531,0.085905105783160907,0.034801865284766934,-0.034505159311927894,0.010384709049366262,0.35152676464417792,-0.010925761117484504,0.054602999999999999,0.0050289999999999996,0.191273,-3.1408072554263957,1.3062567720701161,-3.0511496917514473,0.05458093655216871,0.0050278085854615767,0.19118612834342189,-0.26039558035846688,-0.089543918097607519,0.96134074524151236,-0.023604886646599776,0.99598285460013836,0.086376864199631767,-0.96521342254248543,-0.00020018563737605154,-0.26146320748727203,8.9637603244576236e-05,2.1561748542366989e-05
3.8650050163269043,1790953868.7494709,0.00059986114501953125,0.085905105783160907,0.034801865284766934,-0.034505159311927894,0.010384709049366262,0.35152676464417792,-0.010925761117484504,0.054602999999999999,0.0050289999999999996,0.191273,-3.1408072554263957,1.3062567720701161,-3.0511496917514473,0.05458093655216871,0.0050278085854615767,0.19118612834342189,-0.26039558035846688,-0.089543918097607519,0.96134074524151236,-0.023604886646599776,0.99598285460013836,0.086376864199631767,-0.96521342254248543,-0.00020018563737605154,-0.26146320748727203,8.9637603244576236e-05,2.1561748542366989e-05
3.8700301647186279,1790953868.7544961,0.00062513351440429688,0.085905105783160907,0.034801865284766934,-0.034505159311927894,0.010384709049366262,0.35152676464417792,-0.010925761117484504,0.054602999999999999,0.0050289999999999996,0.191273,-3.1408072554263957,1.3062567720701161,-3.0511496917514473,0.05458093655216871,0.0050278085854615767,0.19118612834342189,-0.26039558035846688,-0.089543918097607519,0.96134074524151236,-0.023604886646599776,0.99598285460013836,0.086376864199631767,-0.96521342254248543,-0.00020018563737605154,-0.26146320748727203,8.9637603244576236e-05,2.1561748542366989e-05
3.8750040531158447,1790953868.75947,0.000576019287109375,0.085905105783160907,0.034801865284766934,-0.034505159311927894,0.010384709049366262,0.35152676464417792,-0.010925761117484504,0.054602999999999999,0.0050289999999999996,0.191273,-3.1408072554263957,1.3062567720701161,-3.0511496917514473,0.05458093655216871,0.0050278085854615767,0.19118612834342189,-0.26039558035846688,-0.089543918097607519,0.96134074524151236,-0.023604886646599776,0.99598285460013836,0.086376864199631767,-0.96521342254248543,-0.00020018563737605154,-0.26146320748727203,8.9637603244576236e-05,2.1561748542366989e-05
3.8800320625305176,1790953868.764498,0.00060510635375976562,0.085905105783160907,0.034801865284766934,-0.034505159311927894,0.010384709049366262,0.35152676464417792,-0.010925761117484504,0.054602999999999999,0.0050289999999999996,0.191273,-3.1408072554263957,1.3062567720701161,-3.0511496917514473,0.05458093655216871,0.0050278085854615767,0.19118612834342189,-0.26039558035846688,-0.089543918097607519,0.96134074524151236,-0.023604886646599776,0.99598285460013836,0.086376864199631767,-0.96521342254248543,-0.00020018563737605154,-0.26146320748727203,8.9637603244576236e-05,2.1561748542366989e-05
3.8850431442260742,1790953868.7695091,0.000614166259765625,0.085905105783160907,0.034801865284766934,-0.034505159311927894,0.010384709049366262,0.35152676464417792,-0.010925761117484504,0.054602999999999999,0.0050289999999999996,0.191273,-3.1408072554263957,1.3062567720701161,-3.0511496917514473,0.05458093655216871,0.0050278085854615767,0.19118612834342189,-0.26039558035846688,-0.089543918097607519,0.96134074524151236,-0.023604886646599776,0.99598285460013836,0.086376864199631767,-0.96521342254248543,-0.00020018563737605154,-0.26146320748727203,8.9637603244576236e-05,2.1561748542366989e-05
3.8900289535522461,1790953868.7744949,0.00059986114501953125,0.085905105783160907,0.034801865284766934,-0.034505159311927894,0.010384709049366262,0.35152676464417792,-0.010925761117484504,0.054602999999999999,0.0050289999999999996,0.191273,-3.1408072554263957,1.3062567720701161,-3.0511496917514473,0.05458093655216871,0.0050278085854615767,0.19118612834342189,-0.26039558035846688,-0.089543918097607519,0.96134074524151236,-0.023604886646599776,0.99598285460013836,0.086376864199631767,-0.96521342254248543,-0.00020018563737605154,-0.26146320748727203,8.9637603244576236e-05,2.1561748542366989e-05
3.8950290679931641,1790953868.779495,0.00061392784118652344,0.085905105783160907,0.034801865284766934,-0.034505159311927894,0.010384709049366262,0.35152676464417792,-0.010925761117484504,0.054602999999999999,0.0050289999999999996,0.191273,-3.1408072554263957,1.3062567720701161,-3.0511496917514473,0.05458093655216871,0.0050278085854615767,0.19118612834342189,-0.26039558035846688,-0.089543918097607519,0.96134074524151236,-0.023604886646599776,0.99598285460013836,0.086376864199631767,-0.96521342254248543,-0.00020018563737605154,-0.26146320748727203,8.9637603244576236e-05,2.1561748542366989e-05
3.9000279903411865,1790953868.7844939,0.00059986114501953125,0.085905105783160907,0.034801865284766934,-0.034505159311927894,0.010384709049366262,0.35152676464417792,-0.010925761117484504,0.054602999999999999,0.0050289999999999996,0.191273,-3.1408072554263957,1.3062567720701161,-3.0511496917514473,0.05458093655216871,0.0050278085854615767,0.19118612834342189,-0.26039558035846688,-0.089543918097607519,0.96134074524151236,-0.023604886646599776,0.99598285460013836,0.086376864199631767,-0.96521342254248543,-0.00020018563737605154,-0.26146320748727203,8.9637603244576236e-05,2.1561748542366989e-05
3.9050040245056152,1790953868.78947,0.00058889389038085938,0.085905105783160907,0.034801865284766934,-0.034505159311927894,0.010384709049366262,0.35152676464417792,-0.010925761117484504,0.054602999999999999,0.0050289999999999996,0.191273,-3.1408072554263957,1.3062567720701161,-3.0511496917514473,0.05458093655216871,0.0050278085854615767,0.19118612834342189,-0.26039558035846688,-0.089543918097607519,0.96134074524151236,-0.023604886646599776,0.99598285460013836,0.086376864199631767,-0.96521342254248543,-0.00020018563737605154,-0.26146320748727203,8.9637603244576236e-05,2.1561748542366989e-05
3.9100031852722168,1790953868.7944691,0.00056600570678710938,0.085905105783160907,0.034801865284766934,-0.034505159311927894,0.010384709049366262,0.35152676464417792,-0.010925761117484504,0.054602999999999999,0.0050289999999999996,0.191273,-3.1408072554263957,1.3062567720701161,-3.0511496917514473,0.05458093655216871,0.0050278085854615767,0.19118612834342189,-0.26039558035846688,-0.089543918097607519,0.96134074524151236,-0.023604886646599776,0.99598285460013836,0.086376864199631767,-0.96521342254248543,-0.00020018563737605154,-0.26146320748727203,8.9637603244576236e-05,2.1561748542366989e-05
3.9150040149688721,1790953868.7994699,0.00060200691223144531,0.085905105783160907,0.034801865284766934,-0.034505159311927894,0.010384709049366262,0.35152676464417792,-0.010925761117484504,0.054602999999999999,0.0050289999999999996,0.191273,-3.1408072554263957,1.3062567720701161,-3.0511496917514473,0.05458093655216871,0.0050278085854615767,0.19118612834342189,-0.26039558035846688,-0.089543918097607519,0.96134074524151236,-0.023604886646599776,0.99598285460013836,0.086376864199631767,-0.96521342254248543,-0.00020018563737605154,-0.26146320748727203,8.9637603244576236e-05,2.1561748542366989e-05
3.9200291633605957,1790953868.8044951,0.0005970001220703125,0.085905105783160907,0.034801865284766934,-0.034505159311927894,0.010384709049366262,0.35152676464417792,-0.010925761117484504,0.054602999999999999,0.0050289999999999996,0.191273,-3.1408072554263957,1.3062567720701161,-3.0511496917514473,0.05458093655216871,0.0050278085854615767,0.19118612834342189,-0.26039558035846688,-0.089543918097607519,0.96134074524151236,-0.023604886646599776,0.99598285460013836,0.086376864199631767,-0.96521342254248543,-0.00020018563737605154,-0.26146320748727203,8.9637603244576236e-05,2.1561748542366989e-05
3.9250020980834961,1790953868.809468,0.0005741119384765625,0.085905105783160907,0.034801865284766934,-0.034505159311927894,0.010384709049366262,0.35152676464417792,-0.010925761117484504,0.054602999999999999,0.0050289999999999996,0.191273,-3.1408072554263957,1.3062567720701161,-3.0511496917514473,0.05458093655216871,0.0050278085854615767,0.19118612834342189,-0.26039558035846688,-0.089543918097607519,0.96134074524151236,-0.023604886646599776,0.99598285460013836,0.086376864199631767,-0.96521342254248543,-0.00020018563737605154,-0.26146320748727203,8.9637603244576236e-05,2.1561748542366989e-05
3.9300291538238525,1790953868.8144951,0.00060009956359863281,0.085905105783160907,0.034801865284766934,-0.034505159311927894,0.010384709049366262,0.35152676464417792,-0.010925761117484504,0.054602999999999999,0.0050289999999999996,0.191273,-3.1408072554263957,1.3062567720701161,-3.0511496917514473,0.05458093655216871,0.0050278085854615767,0.19118612834342189,-0.26039558035846688,-0.089543918097607519,0.96134074524151236,-0.023604886646599776,0.99598285460013836,0.086376864199631767,-0.96521342254248543,-0.00020018563737605154,-0.26146320748727203,8.9637603244576236e-05,2.1561748542366989e-05
3.9350020885467529,1790953868.819468,0.00059413909912109375,0.085905105783160907,0.034801865284766934,-0.034505159311927894,0.010384709049366262,0.35152676464417792,-0.010925761117484504,0.054602999999999999,0.0050289999999999996,0.191273,-3.1408072554263957,1.3062567720701161,-3.0511496917514473,0.05458093655216871,0.0050278085854615767,0.19118612834342189,-0.26039558035846688,-0.089543918097607519,0.96134074524151236,-0.023604886646599776,0.99598285460013836,0.086376864199631767,-0.96521342254248543,-0.00020018563737605154,-0.26146320748727203,8.9637603244576236e-05,2.1561748542366989e-05
3.9400291442871094,1790953868.8244951,0.00060105323791503906,0.085905105783160907,0.034801865284766934,-0.034505159311927894,0.010384709049366262,0.35152676464417792,-0.010925761117484504,0.054602999999999999,0.0050289999999999996,0.191273,-3.1408072554263957,1.3062567720701161,-3.0511496917514473,0.05458093655216871,0.0050278085854615767,0.19118612834342189,-0.26039558035846688,-0.089543918097607519,0.96134074524151236,-0.023604886646599776,0.99598285460013836,0.086376864199631767,-0.96521342254248543,-0.00020018563737605154,-0.26146320748727203,8.9637603244576236e-05,2.1561748542366989e-05
3.9450271129608154,1790953868.829493,0.00062203407287597656,0.085905105783160907,0.034801865284766934,-0.034505159311927894,0.010384709049366262,0.35152676464417792,-0.010925761117484504,0.054602999999999999,0.0050289999999999996,0.191273,-3.1408072554263957,1.3062567720701161,-3.0511496917514473,0.05458093655216871,0.0050278085854615767,0.19118612834342189,-0.26039558035846688,-0.089543918097607519,0.96134074524151236,-0.023604886646599776,0.99598285460013836,0.086376864199631767,-0.96521342254248543,-0.00020018563737605154,-0.26146320748727203,8.9637603244576236e-05,2.1561748542366989e-05
3.9500291347503662,1790953868.8344951,0.00060200691223144531,0.085905105783160907,0.034801865284766934,-0.034505159311927894,0.010384709049366262,0.35152676464417792,-0.010925761117484504,0.054602999999999999,0.0050289999999999996,0.191273,-3.1408072554263957,1.3062567720701161,-3.0511496917514473,0.05458093655216871,0.0050278085854615767,0.19118612834342189,-0.26039558035846688,-0.089543918097607519,0.96134074524151236,-0.023604886646599776,0.99598285460013836,0.086376864199631767,-0.96521342254248543,-0.00020018563737605154,-0.26146320748727203,8.9637603244576236e-05,2.1561748542366989e-05
3.9550039768218994,1790953868.8394699,0.00060200691223144531,0.085905105783160907,0.034801865284766934,-0.034505159311927894,0.010384709049366262,0.35152676464417792,-0.010925761117484504,0.054602999999999999,0.0050289999999999996,0.191273,-3.1408072554263957,1.3062567720701161,-3.0511496917514473,0.05458093655216871,0.0050278085854615767,0.19118612834342189,-0.26039558035846688,-0.089543918097607519,0.96134074524151236,-0.023604886646599776,0.99598285460013836,0.086376864199631767,-0.96521342254248543,-0.00020018563737605154,-0.26146320748727203,8.9637603244576236e-05,2.1561748542366989e-05
3.9600300788879395,1790953868.844496,0.00059795379638671875,0.085905105783160907,0.034801865284766934,-0.034505159311927894,0.010384709049366262,0.35152676464417792,-0.010925761117484504,0.054602999999999999,0.0050289999999999996,0.191273,-3.1408072554263957,1.3062567720701161,-3.0511496917514473,0.05458093655216871,0.0050278085854615767,0.19118612834342189,-0.26039558035846688,-0.089543918097607519,0.96134074524151236,-0.023604886646599776,0.99598285460013836,0.086376864199631767,-0.96521342254248543,-0.00020018563737605154,-0.26146320748727203,8.9637603244576236e-05,2.1561748542366989e-05
3.9650039672851562,1790953868.8494699,0.00059580802917480469,0.085905105783160907,0.034801865284766934,-0.034505159311927894,0.010384709049366262,0.35152676464417792,-0.010925761117484504,0.054602999999999999,0.0050289999999999996,0.191273,-3.1408072554263957,1.3062567720701161,-3.0511496917514473,0.05458093655216871,0.0050278085854615767,0.19118612834342189,-0.26039558035846688,-0.089543918097607519,0.96134074524151236,-0.023604886646599776,0.99598285460013836,0.086376864199631767,-0.96521342254248543,-0.00020018563737605154,-0.26146320748727203,8.9637603244576236e-05,2.1561748542366989e-05
3.9700291156768799,1790953868.854495,0.00060105323791503906,0.085905105783160907,0.034801865284766934,-0.034505159311927894,0.010384709049366262,0.35152676464417792,-0.010925761117484504,0.054602999999999999,0.0050289999999999996,0.191273,-3.1408072554263957,1.3062567720701161,-3.0511496917514473,0.05458093655216871,0.0050278085854615767,0.19118612834342189,-0.26039558035846688,-0.089543918097607519,0.96134074524151236,-0.023604886646599776,0.99598285460013836,0.086376864199631767,-0.96521342254248543,-0.00020018563737605154,-0.26146320748727203,8.9637603244576236e-05,2.1561748542366989e-05
3.9750039577484131,1790953868.8594699,0.00060200691223144531,0.085905105783160907,0.034801865284766934,-0.034505159311927894,0.010384709049366262,0.35152676464417792,-0.010925761117484504,0.054602999999999999,0.0050289999999999996,0.191273,-3.1408072554263957,1.3062567720701161,-3.0511496917514473,0.05458093655216871,0.0050278085854615767,0.19118612834342189,-0.26039558035846688,-0.089543918097607519,0.96134074524151236,-0.023604886646599776,0.99598285460013836,0.086376864199631767,-0.96521342254248543,-0.00020018563737605154,-0.26146320748727203,8.9637603244576236e-05,2.1561748542366989e-05
3.9800050258636475,1790953868.864471,0.00057697296142578125,0.085905105783160907,0.034801865284766934,-0.034505159311927894,0.010384709049366262,0.35152676464417792,-0.010925761117484504,0.054602999999999999,0.0050289999999999996,0.191273,-3.1408072554263957,1.3062567720701161,-3.0511496917514473,0.05458093655216871,0.0050278085854615767,0.19118612834342189,-0.26039558035846688,-0.089543918097607519,0.96134074524151236,-0.023604886646599776,0.99598285460013836,0.086376864199631767,-0.96521342254248543,-0.00020018563737605154,-0.26146320748727203,8.9637603244576236e-05,2.1561748542366989e-05
3.9850280284881592,1790953868.869494,0.00062298774719238281,0.085905105783160907,0.034801865284766934,-0.034505159311927894,0.010384709049366262,0.35152676464417792,-0.010925761117484504,0.054602999999999999,0.0050289999999999996,0.191273,-3.1408072554263957,1.3062567720701161,-3.0511496917514473,0.05458093655216871,0.0050278085854615767,0.19118612834342189,-0.26039558035846688,-0.089543918097607519,0.96134074524151236,-0.023604886646599776,0.99598285460013836,0.086376864199631767,-0.96521342254248543,-0.00020018563737605154,-0.26146320748727203,8.9637603244576236e-05,2.1561748542366989e-05
3.9900360107421875,1790953868.8745019,0.00060701370239257812,0.085905105783160907,0.034801865284766934,-0.034505159311927894,0.010384709049366262,0.35152676464417792,-0.010925761117484504,0.054602999999999999,0.0050289999999999996,0.191273,-3.1408072554263957,1.3062567720701161,-3.0511496917514473,0.05458093655216871,0.0050278085854615767,0.19118612834342189,-0.26039558035846688,-0.089543918097607519,0.96134074524151236,-0.023604886646599776,0.99598285460013836,0.086376864199631767,-0.96521342254248543,-0.00020018563737605154,-0.26146320748727203,8.9637603244576236e-05,2.1561748542366989e-05
3.9950261116027832,1790953868.879492,0.00062298774719238281,0.085905105783160907,0.034801865284766934,-0.034505159311927894,0.010384709049366262,0.35152676464417792,-0.010925761117484504,0.054602999999999999,0.0050289999999999996,0.191273,-3.1408072554263957,1.3062567720701161,-3.0511496917514473,0.05458093655216871,0.0050278085854615767,0.19118612834342189,-0.26039558035846688,-0.089543918097607519,0.96134074524151236,-0.023604886646599776,0.99598285460013836,0.086376864199631767,-0.96521342254248543,-0.00020018563737605154,-0.26146320748727203,8.9637603244576236e-05,2.1561748542366989e-05
4.0000259876251221,1790953868.8844919,0.0006008148193359375,0.085905105783160907,0.034801865284766934,-0.034505159311927894,0.010384709049366262,0.35152676464417792,-0.010925761117484504,0.054602999999999999,0.0050289999999999996,0.191273,-3.1408072554263957,1.3062567720701161,-3.0511496917514473,0.05458093655216871,0.0050278085854615767,0.19118612834342189,-0.26039558035846688,-0.089543918097607519,0.96134074524151236,-0.023604886646599776,0.99598285460013836,0.086376864199631767,-0.96521342254248543,-0.00020018563737605154,-0.26146320748727203,8.9637603244576236e-05,2.1561748542366989e-05
4.005000114440918,1790953868.889466,0.0005970001220703125,0.085905105783160907,0.034801865284766934,-0.034505159311927894,0.010384709049366262,0.35152676464417792,-0.010925761117484504,0.054602999999999999,0.0050289999999999996,0.191273,-3.1408072554263957,1.3062567720701161,-3.0511496917514473,0.05458093655216871,0.0050278085854615767,0.19118612834342189,-0.26039558035846688,-0.089543918097607519,0.96134074524151236,-0.023604886646599776,0.99598285460013836,0.086376864199631767,-0.96521342254248543,-0.00020018563737605154,-0.26146320748727203,8.9637603244576236e-05,2.1561748542366989e-05
4.0100290775299072,1790953868.894495,0.0005970001220703125,0.085905105783160907,0.034801865284766934,-0.034505159311927894,0.010384709049366262,0.35152676464417792,-0.010925761117484504,0.054602999999999999,0.0050289999999999996,0.191273,-3.1408072554263957,1.3062567720701161,-3.0511496917514473,0.05458093655216871,0.0050278085854615767,0.19118612834342189,-0.26039558035846688,-0.089543918097607519,0.96134074524151236,-0.023604886646599776,0.99598285460013836,0.086376864199631767,-0.96521342254248543,-0.00020018563737605154,-0.26146320748727203,8.9637603244576236e-05,2.1561748542366989e-05
4.0150041580200195,1790953868.8994701,0.00060009956359863281,0.085905105783160907,0.034801865284766934,-0.034505159311927894,0.010384709049366262,0.35152676464417792,-0.010925761117484504,0.054602999999999999,0.0050289999999999996,0.191273,-3.1408072554263957,1.3062567720701161,-3.0511496917514473,0.05458093655216871,0.0050278085854615767,0.19118612834342189,-0.26039558035846688,-0.089543918097607519,0.96134074524151236,-0.023604886646599776,0.99598285460013836,0.086376864199631767,-0.96521342254248543,-0.00020018563737605154,-0.26146320748727203,8.9637603244576236e-05,2.1561748542366989e-05
4.0200290679931641,1790953868.904495,0.00060009956359863281,0.085905105783160907,0.034801865284766934,-0.034505159311927894,0.010384709049366262,0.35152676464417792,-0.010925761117484504,0.054602999999999999,0.0050289999999999996,0.191273,-3.1408072554263957,1.3062567720701161,-3.0511496917514473,0.05458093655216871,0.0050278085854615767,0.19118612834342189,-0.26039558035846688,-0.089543918097607519,0.96134074524151236,-0.023604886646599776,0.99598285460013836,0.086376864199631767,-0.96521342254248543,-0.00020018563737605154,-0.26146320748727203,8.9637603244576236e-05,2.1561748542366989e-05
4.0250051021575928,1790953868.909471,0.00060105323791503906,0.085905105783160907,0.034801865284766934,-0.034505159311927894,0.010384709049366262,0.35152676464417792,-0.010925761117484504,0.054602999999999999,0.0050289999999999996,0.191273,-3.1408072554263957,1.3062567720701161,-3.0511496917514473,0.05458093655216871,0.0050278085854615767,0.19118612834342189,-0.26039558035846688,-0.089543918097607519,0.96134074524151236,-0.023604886646599776,0.99598285460013836,0.086376864199631767,-0.96521342254248543,-0.00020018563737605154,-0.26146320748727203,8.9637603244576236e-05,2.1561748542366989e-05
4.0300300121307373,1790953868.9144959,0.00059795379638671875,0.085905105783160907,0.034801865284766934,-0.034505159311927894,0.010384709049366262,0.35152676464417792,-0.010925761117484504,0.054602999999999999,0.0050289999999999996,0.191273,-3.1408072554263957,1.3062567720701161,-3.0511496917514473,0.05458093655216871,0.0050278085854615767,0.19118612834342189,-0.26039558035846688,-0.089543918097607519,0.96134074524151236,-0.023604886646599776,0.99598285460013836,0.086376864199631767,-0.96521342254248543,-0.00020018563737605154,-0.26146320748727203,8.9637603244576236e-05,2.1561748542366989e-05
4.0350301265716553,1790953868.9194961,0.00062704086303710938,0.085905105783160907,0.034801865284766934,-0.034505159311927894,0.010384709049366262,0.35152676464417792,-0.010925761117484504,0.054602999999999999,0.0050289999999999996,0.191273,-3.1408072554263957,1.3062567720701161,-3.0511496917514473,0.05458093655216871,0.0050278085854615767,0.19118612834342189,-0.26039558035846688,-0.089543918097607519,0.96134074524151236,-0.023604886646599776,0.99598285460013836,0.086376864199631767,-0.96521342254248543,-0.00020018563737605154,-0.26146320748727203,8.9637603244576236e-05,2.1561748542366989e-05
4.0400300025939941,1790953868.9244959,0.00059986114501953125,0.085905105783160907,0.034801865284766934,-0.034505159311927894,0.010384709049366262,0.35152676464417792,-0.010925761117484504,0.054602999999999999,0.0050289999999999996,0.191273,-3.1408072554263957,1.3062567720701161,-3.0511496917514473,0.05458093655216871,0.0050278085854615767,0.19118612834342189,-0.26039558035846688,-0.089543918097607519,0.96134074524151236,-0.023604886646599776,0.99598285460013836,0.086376864199631767,-0.96521342254248543,-0.00020018563737605154,-0.26146320748727203,8.9637603244576236e-05,2.1561748542366989e-05
4.0450050830841064,1790953868.929471,0.00059294700622558594,0.085905105783160907,0.034801865284766934,-0.034505159311927894,0.010384709049366262,0.35152676464417792,-0.010925761117484504,0.054602999999999999,0.0050289999999999996,0.191273,-3.1408072554263957,1.3062567720701161,-3.0511496917514473,0.05458093655216871,0.0050278085854615767,0.19118612834342189,-0.26039558035846688,-0.089543918097607519,0.96134074524151236,-0.023604886646599776,0.99598285460013836,0.086376864199631767,-0.96521342254248543,-0.00020018563737605154,-0.26146320748727203,8.9637603244576236e-05,2.1561748542366989e-05
4.050029993057251,1790953868.9344959,0.00060200691223144531,0.085905105783160907,0.034801865284766934,-0.034505159311927894,0.010384709049366262,0.35152676464417792,-0.010925761117484504,0.054602999999999999,0.0050289999999999996,0.191273,-3.1408072554263957,1.3062567720701161,-3.0511496917514473,0.05458093655216871,0.0050278085854615767,0.19118612834342189,-0.26039558035846688,-0.089543918097607519,0.96134074524151236,-0.023604886646599776,0.99598285460013836,0.086376864199631767,-0.96521342254248543,-0.00020018563737605154,-0.26146320748727203,8.9637603244576236e-05,2.1561748542366989e-05
4.0550041198730469,1790953868.9394701,0.00059914588928222656,0.085905105783160907,0.034801865284766934,-0.034505159311927894,0.010384709049366262,0.35152676464417792,-0.010925761117484504,0.054602999999999999,0.0050289999999999996,0.191273,-3.1408072554263957,1.3062567720701161,-3.0511496917514473,0.05458093655216871,0.0050278085854615767,0.19118612834342189,-0.26039558035846688,-0.089543918097607519,0.96134074524151236,-0.023604886646599776,0.99598285460013836,0.086376864199631767,-0.96521342254248543,-0.00020018563737605154,-0.26146320748727203,8.9637603244576236e-05,2.1561748542366989e-05
4.0600311756134033,1790953868.9444971,0.00060319900512695312,0.085905105783160907,0.034801865284766934,-0.034505159311927894,0.010384709049366262,0.35152676464417792,-0.010925761117484504,0.054602999999999999,0.0050289999999999996,0.191273,-3.1408072554263957,1.3062567720701161,-3.0511496917514473,0.05458093655216871,0.0050278085854615767,0.19118612834342189,-0.26039558035846688,-0.089543918097607519,0.96134074524151236,-0.023604886646599776,0.99598285460013836,0.086376864199631767,-0.96521342254248543,-0.00020018563737605154,-0.26146320748727203,8.9637603244576236e-05,2.1561748542366989e-05
4.0650060176849365,1790953868.949472,0.00060296058654785156,0.085905105783160907,0.034801865284766934,-0.034505159311927894,0.010384709049366262,0.35152676464417792,-0.010925761117484504,0.054602999999999999,0.0050289999999999996,0.191273,-3.1408072554263957,1.3062567720701161,-3.0511496917514473,0.05458093655216871,0.0050278085854615767,0.19118612834342189,-0.26039558035846688,-0.089543918097607519,0.96134074524151236,-0.023604886646599776,0.99598285460013836,0.086376864199631767,-0.96521342254248543,-0.00020018563737605154,-0.26146320748727203,8.9637603244576236e-05,2.1561748542366989e-05
4.0700311660766602,1790953868.9544971,0.00060200691223144531,0.085905105783160907,0.034801865284766934,-0.034505159311927894,0.010384709049366262,0.35152676464417792,-0.010925761117484504,0.054602999999999999,0.0050289999999999996,0.191273,-3.1408072554263957,1.3062567720701161,-3.0511496917514473,0.05458093655216871,0.0050278085854615767,0.19118612834342189,-0.26039558035846688,-0.089543918097607519,0.96134074524151236,-0.023604886646599776,0.99598285460013836,0.086376864199631767,-0.96521342254248543,-0.00020018563737605154,-0.26146320748727203,8.9637603244576236e-05,2.1561748542366989e-05
4.0750041007995605,1790953868.95947,0.00059604644775390625,0.085905105783160907,0.034801865284766934,-0.034505159311927894,0.010384709049366262,0.35152676464417792,-0.010925761117484504,0.054602999999999999,0.0050289999999999996,0.191273,-3.1408072554263957,1.3062567720701161,-3.0511496917514473,0.05458093655216871,0.0050278085854615767,0.19118612834342189,-0.26039558035846688,-0.089543918097607519,0.96134074524151236,-0.023604886646599776,0.99598285460013836,0.086376864199631767,-0.96521342254248543,-0.00020018563737605154,-0.26146320748727203,8.9637603244576236e-05,2.1561748542366989e-05
4.0800290107727051,1790953868.9644949,0.00059986114501953125,0.085905105783160907,0.034801865284766934,-0.034505159311927894,0.010384709049366262,0.35152676464417792,-0.010925761117484504,0.054602999999999999,0.0050289999999999996,0.191273,-3.1408072554263957,1.3062567720701161,-3.0511496917514473,0.05458093655216871,0.0050278085854615767,0.19118612834342189,-0.26039558035846688,-0.089543918097607519,0.96134074524151236,-0.023604886646599776,0.99598285460013836,0.086376864199631767,-0.96521342254248543,-0.00020018563737605154,-0.26146320748727203,8.9637603244576236e-05,2.1561748542366989e-05
4.0850341320037842,1790953868.9695001,0.00063204765319824219,0.085905105783160907,0.034801865284766934,-0.034505159311927894,0.010384709049366262,0.35152676464417792,-0.010925761117484504,0.054602999999999999,0.0050289999999999996,0.191273,-3.1408072554263957,1.3062567720701161,-3.0511496917514473,0.05458093655216871,0.0050278085854615767,0.19118612834342189,-0.26039558035846688,-0.089543918097607519,0.96134074524151236,-0.023604886646599776,0.99598285460013836,0.086376864199631767,-0.96521342254248543,-0.00020018563737605154,-0.26146320748727203,8.9637603244576236e-05,2.1561748542366989e-05
4.0900321006774902,1790953868.974498,0.00060009956359863281,0.085905105783160907,0.034801865284766934,-0.034505159311927894,0.010384709049366262,0.35152676464417792,-0.010925761117484504,0.054602999999999999,0.0050289999999999996,0.191273,-3.1408072554263957,1.3062567720701161,-3.0511496917514473,0.05458093655216871,0.0050278085854615767,0.19118612834342189,-0.26039558035846688,-0.089543918097607519,0.96134074524151236,-0.023604886646599776,0.99598285460013836,0.086376864199631767,-0.96521342254248543,-0.00020018563737605154,-0.26146320748727203,8.9637603244576236e-05,2.1561748542366989e-05
4.0950050354003906,1790953868.979471,0.00057387351989746094,0.085905105783160907,0.034801865284766934,-0.034505159311927894,0.010384709049366262,0.35152676464417792,-0.010925761117484504,0.054602999999999999,0.0050289999999999996,0.191273,-3.1408072554263957,1.3062567720701161,-3.0511496917514473,0.05458093655216871,0.0050278085854615767,0.19118612834342189,-0.26039558035846688,-0.089543918097607519,0.96134074524151236,-0.023604886646599776,0.99598285460013836,0.086376864199631767,-0.96521342254248543,-0.00020018563737605154,-0.26146320748727203,8.9637603244576236e-05,2.1561748542366989e-05
4.1000311374664307,1790953868.9844971,0.00059914588928222656,0.085905105783160907,0.034801865284766934,-0.034505159311927894,0.010384709049366262,0.35152676464417792,-0.010925761117484504,0.054602999999999999,0.0050289999999999996,0.191273,-3.1408072554263957,1.3062567720701161,-3.0511496917514473,0.05458093655216871,0.0050278085854615767,0.19118612834342189,-0.26039558035846688,-0.089543918097607519,0.96134074524151236,-0.023604886646599776,0.99598285460013836,0.086376864199631767,-0.96521342254248543,-0.00020018563737605154,-0.26146320748727203,8.9637603244576236e-05,2.1561748542366989e-05
4.1050040721893311,1790953868.98947,0.00060009956359863281,0.085905105783160907,0.034801865284766934,-0.034505159311927894,0.010384709049366262,0.35152676464417792,-0.010925761117484504,0.054602999999999999,0.0050289999999999996,0.191273,-3.1408072554263957,1.3062567720701161,-3.0511496917514473,0.05458093655216871,0.0050278085854615767,0.19118612834342189,-0.26039558035846688,-0.089543918097607519,0.96134074524151236,-0.023604886646599776,0.99598285460013836,0.086376864199631767,-0.96521342254248543,-0.00020018563737605154,-0.26146320748727203,8.9637603244576236e-05,2.1561748542366989e-05
4.1100311279296875,1790953868.9944971,0.00060105323791503906,0.085905105783160907,0.034801865284766934,-0.034505159311927894,0.010384709049366262,0.35152676464417792,-0.010925761117484504,0.054602999999999999,0.0050289999999999996,0.191273,-3.1408072554263957,1.3062567720701161,-3.0511496917514473,0.05458093655216871,0.0050278085854615767,0.19118612834342189,-0.26039558035846688,-0.089543918097607519,0.96134074524151236,-0.023604886646599776,0.99598285460013836,0.086376864199631767,-0.96521342254248543,-0.00020018563737605154,-0.26146320748727203,8.9637603244576236e-05,2.1561748542366989e-05
4.1150310039520264,1790953868.9994969,0.00062799453735351562,0.085905105783160907,0.034801865284766934,-0.034505159311927894,0.010384709049366262,0.35152676464417792,-0.010925761117484504,0.054602999999999999,0.0050289999999999996,0.191273,-3.1408072554263957,1.3062567720701161,-3.0511496917514473,0.05458093655216871,0.0050278085854615767,0.19118612834342189,-0.26039558035846688,-0.089543918097607519,0.96134074524151236,-0.023604886646599776,0.99598285460013836,0.086376864199631767,-0.96521342254248543,-0.00020018563737605154,-0.26146320748727203,8.9637603244576236e-05,2.1561748542366989e-05
4.1200289726257324,1790953869.0044949,0.00062394142150878906,0.085905105783160907,0.034801865284766934,-0.034505159311927894,0.010384709049366262,0.35152676464417792,-0.010925761117484504,0.054602999999999999,0.0050289999999999996,0.191273,-3.1408072554263957,1.3062567720701161,-3.0511496917514473,0.05458093655216871,0.0050278085854615767,0.19118612834342189,-0.26039558035846688,-0.089543918097607519,0.96134074524151236,-0.023604886646599776,0.99598285460013836,0.086376864199631767,-0.96521342254248543,-0.00020018563737605154,-0.26146320748727203,8.9637603244576236e-05,2.1561748542366989e-05
4.1250290870666504,1790953869.009495,0.00061511993408203125,0.085905105783160907,0.034801865284766934,-0.034505159311927894,0.010384709049366262,0.35152676464417792,-0.010925761117484504,0.054602999999999999,0.0050289999999999996,0.191273,-3.1408072554263957,1.3062567720701161,-3.0511496917514473,0.05458093655216871,0.0050278085854615767,0.19118612834342189,-0.26039558035846688,-0.089543918097607519,0.96134074524151236,-0.023604886646599776,0.99598285460013836,0.086376864199631767,-0.96521342254248543,-0.00020018563737605154,-0.26146320748727203,8.9637603244576236e-05,2.1561748542366989e-05
4.1300320625305176,1790953869.014498,0.00060296058654785156,0.085905105783160907,0.034801865284766934,-0.034505159311927894,0.010384709049366262,0.35152676464417792,-0.010925761117484504,0.054602999999999999,0.0050289999999999996,0.191273,-3.1408072554263957,1.3062567720701161,-3.0511496917514473,0.05458093655216871,0.0050278085854615767,0.19118612834342189,-0.26039558035846688,-0.089543918097607519,0.96134074524151236,-0.023604886646599776,0.99598285460013836,0.086376864199631767,-0.96521342254248543,-0.00020018563737605154,-0.26146320748727203,8.9637603244576236e-05,2.1561748542366989e-05
4.1350321769714355,1790953869.0194981,0.00061106681823730469,0.085905105783160907,0.034801865284766934,-0.034505159311927894,0.010384709049366262,0.35152676464417792,-0.010925761117484504,0.054602999999999999,0.0050289999999999996,0.191273,-3.1408072554263957,1.3062567720701161,-3.0511496917514473,0.05458093655216871,0.0050278085854615767,0.19118612834342189,-0.26039558035846688,-0.089543918097607519,0.96134074524151236,-0.023604886646599776,0.99598285460013836,0.086376864199631767,-0.96521342254248543,-0.00020018563737605154,-0.26146320748727203,8.9637603244576236e-05,2.1561748542366989e-05
4.1400289535522461,1790953869.0244949,0.00059986114501953125,0.085905105783160907,0.034801865284766934,-0.034505159311927894,0.010384709049366262,0.35152676464417792,-0.010925761117484504,0.054602999999999999,0.0050289999999999996,0.191273,-3.1408072554263957,1.3062567720701161,-3.0511496917514473,0.05458093655216871,0.0050278085854615767,0.19118612834342189,-0.26039558035846688,-0.089543918097607519,0.96134074524151236,-0.023604886646599776,0.99598285460013836,0.086376864199631767,-0.96521342254248543,-0.00020018563737605154,-0.26146320748727203,8.9637603244576236e-05,2.1561748542366989e-05
4.1450061798095703,1790953869.0294721,0.00057816505432128906,0.085905105783160907,0.034801865284766934,-0.034505159311927894,0.010384709049366262,0.35152676464417792,-0.010925761117484504,0.054602999999999999,0.0050289999999999996,0.191273,-3.1408072554263957,1.3062567720701161,-3.0511496917514473,0.05458093655216871,0.0050278085854615767,0.19118612834342189,-0.26039558035846688,-0.089543918097607519,0.96134074524151236,-0.023604886646599776,0.99598285460013836,0.086376864199631767,-0.96521342254248543,-0.00020018563737605154,-0.26146320748727203,8.9637603244576236e-05,2.1561748542366989e-05
4.1500301361083984,1790953869.0344961,0.00059795379638671875,0.085905105783160907,0.034801865284766934,-0.034505159311927894,0.010384709049366262,0.35152676464417792,-0.010925761117484504,0.054602999999999999,0.0050289999999999996,0.191273,-3.1408072554263957,1.3062567720701161,-3.0511496917514473,0.05458093655216871,0.0050278085854615767,0.19118612834342189,-0.26039558035846688,-0.089543918097607519,0.96134074524151236,-0.023604886646599776,0.99598285460013836,0.086376864199631767,-0.96521342254248543,-0.00020018563737605154,-0.26146320748727203,8.9637603244576236e-05,2.1561748542366989e-05
4.1550309658050537,1790953869.0394969,0.000621795654296875,0.085905105783160907,0.034801865284766934,-0.034505159311927894,0.010384709049366262,0.35152676464417792,-0.010925761117484504,0.054602999999999999,0.0050289999999999996,0.191273,-3.1408072554263957,1.3062567720701161,-3.0511496917514473,0.05458093655216871,0.0050278085854615767,0.19118612834342189,-0.26039558035846688,-0.089543918097607519,0.96134074524151236,-0.023604886646599776,0.99598285460013836,0.086376864199631767,-0.96521342254248543,-0.00020018563737605154,-0.26146320748727203,8.9637603244576236e-05,2.1561748542366989e-05
4.1600291728973389,1790953869.0444951,0.00060009956359863281,0.085905105783160907,0.034801865284766934,-0.034505159311927894,0.010384709049366262,0.35152676464417792,-0.010925761117484504,0.054602999999999999,0.0050289999999999996,0.191273,-3.1408072554263957,1.3062567720701161,-3.0511496917514473,0.05458093655216871,0.0050278085854615767,0.19118612834342189,-0.26039558035846688,-0.089543918097607519,0.96134074524151236,-0.023604886646599776,0.99598285460013836,0.086376864199631767,-0.96521342254248543,-0.00020018563737605154,-0.26146320748727203,8.9637603244576236e-05,2.1561748542366989e-05
4.1650040149688721,1790953869.0494699,0.00058889389038085938,0.085905105783160907,0.034801865284766934,-0.034505159311927894,0.010384709049366262,0.35152676464417792,-0.010925761117484504,0.054602999999999999,0.0050289999999999996,0.191273,-3.1408072554263957,1.3062567720701161,-3.0511496917514473,0.05458093655216871,0.0050278085854615767,0.19118612834342189,-0.26039558035846688,-0.089543918097607519,0.96134074524151236,-0.023604886646599776,0.99598285460013836,0.086376864199631767,-0.96521342254248543,-0.00020018563737605154,-0.26146320748727203,8.9637603244576236e-05,2.1561748542366989e-05
4.1700291633605957,1790953869.0544951,0.0005970001220703125,0.085905105783160907,0.034801865284766934,-0.034505159311927894,0.010384709049366262,0.35152676464417792,-0.010925761117484504,0.054602999999999999,0.0050289999999999996,0.191273,-3.1408072554263957,1.3062567720701161,-3.0511496917514473,0.05458093655216871,0.0050278085854615767,0.19118612834342189,-0.26039558035846688,-0.089543918097607519,0.96134074524151236,-0.023604886646599776,0.99598285460013836,0.086376864199631767,-0.96521342254248543,-0.00020018563737605154,-0.26146320748727203,8.9637603244576236e-05,2.1561748542366989e-05
4.1750040054321289,1790953869.0594699,0.000598907470703125,0.085905105783160907,0.034801865284766934,-0.034505159311927894,0.010384709049366262,0.35152676464417792,-0.010925761117484504,0.054602999999999999,0.0050289999999999996,0.191273,-3.1408072554263957,1.3062567720701161,-3.0511496917514473,0.05458093655216871,0.0050278085854615767,0.19118612834342189,-0.26039558035846688,-0.089543918097607519,0.96134074524151236,-0.023604886646599776,0.99598285460013836,0.086376864199631767,-0.96521342254248543,-0.00020018563737605154,-0.26146320748727203,8.9637603244576236e-05,2.1561748542366989e-05
4.1800291538238525,1790953869.0644951,0.00060009956359863281,0.085905105783160907,0.034801865284766934,-0.034505159311927894,0.010384709049366262,0.35152676464417792,-0.010925761117484504,0.054602999999999999,0.0050289999999999996,0.191273,-3.1408072554263957,1.3062567720701161,-3.0511496917514473,0.05458093655216871,0.0050278085854615767,0.19118612834342189,-0.26039558035846688,-0.089543918097607519,0.96134074524151236,-0.023604886646599776,0.99598285460013836,0.086376864199631767,-0.96521342254248543,-0.00020018563737605154,-0.26146320748727203,8.9637603244576236e-05,2.1561748542366989e-05
4.1850311756134033,1790953869.0694971,0.00061702728271484375,0.085905105783160907,0.034801865284766934,-0.034505159311927894,0.010384709049366262,0.35152676464417792,-0.010925761117484504,0.054602999999999999,0.0050289999999999996,0.191273,-3.1408072554263957,1.3062567720701161,-3.0511496917514473,0.05458093655216871,0.0050278085854615767,0.19118612834342189,-0.26039558035846688,-0.089543918097607519,0.96134074524151236,-0.023604886646599776,0.99598285460013836,0.086376864199631767,-0.96521342254248543,-0.00020018563737605154,-0.26146320748727203,8.9637603244576236e-05,2.1561748542366989e-05
4.1900310516357422,1790953869.074497,0.00060200691223144531,0.085905105783160907,0.034801865284766934,-0.034505159311927894,0.010384709049366262,0.35152676464417792,-0.010925761117484504,0.054602999999999999,0.0050289999999999996,0.191273,-3.1408072554263957,1.3062567720701161,-3.0511496917514473,0.05458093655216871,0.0050278085854615767,0.19118612834342189,-0.26039558035846688,-0.089543918097607519,0.96134074524151236,-0.023604886646599776,0.99598285460013836,0.086376864199631767,-0.96521342254248543,-0.00020018563737605154,-0.26146320748727203,8.9637603244576236e-05,2.1561748542366989e-05
4.1950051784515381,1790953869.0794711,0.0005931854248046875,0.085905105783160907,0.034801865284766934,-0.034505159311927894,0.010384709049366262,0.35152676464417792,-0.010925761117484504,0.054602999999999999,0.0050289999999999996,0.191273,-3.1408072554263957,1.3062567720701161,-3.0511496917514473,0.05458093655216871,0.0050278085854615767,0.19118612834342189,-0.26039558035846688,-0.089543918097607519,0.96134074524151236,-0.023604886646599776,0.99598285460013836,0.086376864199631767,-0.96521342254248543,-0.00020018563737605154,-0.26146320748727203,8.9637603244576236e-05,2.1561748542366989e-05
4.200031042098999,1790953869.084497,0.00060200691223144531,0.085905105783160907,0.034801865284766934,-0.034505159311927894,0.010384709049366262,0.35152676464417792,-0.010925761117484504,0.054602999999999999,0.0050289999999999996,0.191273,-3.1408072554263957,1.3062567720701161,-3.0511496917514473,0.05458093655216871,0.0050278085854615767,0.19118612834342189,-0.26039558035846688,-0.089543918097607519,0.96134074524151236,-0.023604886646599776,0.99598285460013836,0.086376864199631767,-0.96521342254248543,-0.00020018563737605154,-0.26146320748727203,8.9637603244576236e-05,2.1561748542366989e-05
4.2050051689147949,1790953869.0894711,0.00060009956359863281,0.085905105783160907,0.034801865284766934,-0.034505159311927894,0.010384709049366262,0.35152676464417792,-0.010925761117484504,0.054602999999999999,0.0050289999999999996,0.191273,-3.1408072554263957,1.3062567720701161,-3.0511496917514473,0.05458093655216871,0.0050278085854615767,0.19118612834342189,-0.26039558035846688,-0.089543918097607519,0.96134074524151236,-0.023604886646599776,0.99598285460013836,0.086376864199631767,-0.96521342254248543,-0.00020018563737605154,-0.26146320748727203,8.9637603244576236e-05,2.1561748542366989e-05
4.2100300788879395,1790953869.094496,0.00059604644775390625,0.085905105783160907,0.034801865284766934,-0.034505159311927894,0.010384709049366262,0.35152676464417792,-0.010925761117484504,0.054602999999999999,0.0050289999999999996,0.191273,-3.1408072554263957,1.3062567720701161,-3.0511496917514473,0.05458093655216871,0.0050278085854615767,0.19118612834342189,-0.26039558035846688,-0.089543918097607519,0.96134074524151236,-0.023604886646599776,0.99598285460013836,0.086376864199631767,-0.96521342254248543,-0.00020018563737605154,-0.26146320748727203,8.9637603244576236e-05,2.1561748542366989e-05
4.2150290012359619,1790953869.0994949,0.00062584877014160156,0.085905105783160907,0.034801865284766934,-0.034505159311927894,0.010384709049366262,0.35152676464417792,-0.010925761117484504,0.054602999999999999,0.0050289999999999996,0.191273,-3.1408072554263957,1.3062567720701161,-3.0511496917514473,0.05458093655216871,0.0050278085854615767,0.19118612834342189,-0.26039558035846688,-0.089543918097607519,0.96134074524151236,-0.023604886646599776,0.99598285460013836,0.086376864199631767,-0.96521342254248543,-0.00020018563737605154,-0.26146320748727203,8.9637603244576236e-05,2.1561748542366989e-05
4.2200300693511963,1790953869.104496,0.00060200691223144531,0.085905105783160907,0.034801865284766934,-0.034505159311927894,0.010384709049366262,0.35152676464417792,-0.010925761117484504,0.054602999999999999,0.0050289999999999996,0.191273,-3.1408072554263957,1.3062567720701161,-3.0511496917514473,0.05458093655216871,0.0050278085854615767,0.19118612834342189,-0.26039558035846688,-0.089543918097607519,0.96134074524151236,-0.023604886646599776,0.99598285460013836,0.086376864199631767,-0.96521342254248543,-0.00020018563737605154,-0.26146320748727203,8.9637603244576236e-05,2.1561748542366989e-05
4.2250051498413086,1790953869.1094711,0.00060200691223144531,0.085905105783160907,0.034801865284766934,-0.034505159311927894,0.010384709049366262,0.35152676464417792,-0.010925761117484504,0.054602999999999999,0.0050289999999999996,0.191273,-3.1408072554263957,1.3062567720701161,-3.0511496917514473,0.05458093655216871,0.0050278085854615767,0.19118612834342189,-0.26039558035846688,-0.089543918097607519,0.96134074524151236,-0.023604886646599776,0.99598285460013836,0.086376864199631767,-0.96521342254248543,-0.00020018563737605154,-0.26146320748727203,8.9637603244576236e-05,2.1561748542366989e-05
4.2300310134887695,1790953869.1144969,0.00060296058654785156,0.085905105783160907,0.034801865284766934,-0.034505159311927894,0.010384709049366262,0.35152676464417792,-0.010925761117484504,0.054602999999999999,0.0050289999999999996,0.191273,-3.1408072554263957,1.3062567720701161,-3.0511496917514473,0.05458093655216871,0.0050278085854615767,0.19118612834342189,-0.26039558035846688,-0.089543918097607519,0.96134074524151236,-0.023604886646599776,0.99598285460013836,0.086376864199631767,-0.96521342254248543,-0.00020018563737605154,-0.26146320748727203,8.9637603244576236e-05,2.1561748542366989e-05
4.2350051403045654,1790953869.1194711,0.0005741119384765625,0.085905105783160907,0.034801865284766934,-0.034505159311927894,0.010384709049366262,0.35152676464417792,-0.010925761117484504,0.054602999999999999,0.0050289999999999996,0.191273,-3.1408072554263957,1.3062567720701161,-3.0511496917514473,0.05458093655216871,0.0050278085854615767,0.19118612834342189,-0.26039558035846688,-0.089543918097607519,0.96134074524151236,-0.023604886646599776,0.99598285460013836,0.086376864199631767,-0.96521342254248543,-0.00020018563737605154,-0.26146320748727203,8.9637603244576236e-05,2.1561748542366989e-05
4.2400290966033936,1790953869.124495,0.00060105323791503906,0.085905105783160907,0.034801865284766934,-0.034505159311927894,0.010384709049366262,0.35152676464417792,-0.010925761117484504,0.054602999999999999,0.0050289999999999996,0.191273,-3.1408072554263957,1.3062567720701161,-3.0511496917514473,0.05458093655216871,0.0050278085854615767,0.19118612834342189,-0.26039558035846688,-0.089543918097607519,0.96134074524151236,-0.023604886646599776,0.99598285460013836,0.086376864199631767,-0.96521342254248543,-0.00020018563737605154,-0.26146320748727203,8.9637603244576236e-05,2.1561748542366989e-05
4.2450041770935059,1790953869.1294701,0.00058102607727050781,0.085905105783160907,0.034801865284766934,-0.034505159311927894,0.010384709049366262,0.35152676464417792,-0.010925761117484504,0.054602999999999999,0.0050289999999999996,0.191273,-3.1408072554263957,1.3062567720701161,-3.0511496917514473,0.05458093655216871,0.0050278085854615767,0.19118612834342189,-0.26039558035846688,-0.089543918097607519,0.96134074524151236,-0.023604886646599776,0.99598285460013836,0.086376864199631767,-0.96521342254248543,-0.00020018563737605154,-0.26146320748727203,8.9637603244576236e-05,2.1561748542366989e-05
4.250028133392334,1790953869.1344941,0.00059795379638671875,0.085905105783160907,0.034801865284766934,-0.034505159311927894,0.010384709049366262,0.35152676464417792,-0.010925761117484504,0.054602999999999999,0.0050289999999999996,0.191273,-3.1408072554263957,1.3062567720701161,-3.0511496917514473,0.05458093655216871,0.0050278085854615767,0.19118612834342189,-0.26039558035846688,-0.089543918097607519,0.96134074524151236,-0.023604886646599776,0.99598285460013836,0.086376864199631767,-0.96521342254248543,-0.00020018563737605154,-0.26146320748727203,8.9637603244576236e-05,2.1561748542366989e-05
4.2550041675567627,1790953869.1394701,0.000576019287109375,0.085905105783160907,0.034801865284766934,-0.034505159311927894,0.010384709049366262,0.35152676464417792,-0.010925761117484504,0.054602999999999999,0.0050289999999999996,0.191273,-3.1408072554263957,1.3062567720701161,-3.0511496917514473,0.05458093655216871,0.0050278085854615767,0.19118612834342189,-0.26039558035846688,-0.089543918097607519,0.96134074524151236,-0.023604886646599776,0.99598285460013836,0.086376864199631767,-0.96521342254248543,-0.00020018563737605154,-0.26146320748727203,8.9637603244576236e-05,2.1561748542366989e-05
4.2600300312042236,1790953869.144496,0.00060296058654785156,0.085905105783160907,0.034801865284766934,-0.034505159311927894,0.010384709049366262,0.35152676464417792,-0.010925761117484504,0.054602999999999999,0.0050289999999999996,0.191273,-3.1408072554263957,1.3062567720701161,-3.0511496917514473,0.05458093655216871,0.0050278085854615767,0.19118612834342189,-0.26039558035846688,-0.089543918097607519,0.96134074524151236,-0.023604886646599776,0.99598285460013836,0.086376864199631767,-0.96521342254248543,-0.00020018563737605154,-0.26146320748727203,8.9637603244576236e-05,2.1561748542366989e-05
4.265031099319458,1790953869.149497,0.00061702728271484375,0.085905105783160907,0.034801865284766934,-0.034505159311927894,0.010384709049366262,0.35152676464417792,-0.010925761117484504,0.054602999999999999,0.0050289999999999996,0.191273,-3.1408072554263957,1.3062567720701161,-3.0511496917514473,0.05458093655216871,0.0050278085854615767,0.19118612834342189,-0.26039558035846688,-0.089543918097607519,0.96134074524151236,-0.023604886646599776,0.99598285460013836,0.086376864199631767,-0.96521342254248543,-0.00020018563737605154,-0.26146320748727203,8.9637603244576236e-05,2.1561748542366989e-05
4.2700321674346924,1790953869.1544981,0.00059413909912109375,0.085905105783160907,0.034801865284766934,-0.034505159311927894,0.010384709049366262,0.35152676464417792,-0.010925761117484504,0.054602999999999999,0.0050289999999999996,0.191273,-3.1408072554263957,1.3062567720701161,-3.0511496917514473,0.05458093655216871,0.0050278085854615767,0.19118612834342189,-0.26039558035846688,-0.089543918097607519,0.96134074524151236,-0.023604886646599776,0.99598285460013836,0.086376864199631767,-0.96521342254248543,-0.00020018563737605154,-0.26146320748727203,8.9637603244576236e-05,2.1561748542366989e-05
4.275029182434082,1790953869.1594951,0.00062203407287597656,0.085905105783160907,0.034801865284766934,-0.034505159311927894,0.010384709049366262,0.35152676464417792,-0.010925761117484504,0.054602999999999999,0.0050289999999999996,0.191273,-3.1408072554263957,1.3062567720701161,-3.0511496917514473,0.05458093655216871,0.0050278085854615767,0.19118612834342189,-0.26039558035846688,-0.089543918097607519,0.96134074524151236,-0.023604886646599776,0.99598285460013836,0.086376864199631767,-0.96521342254248543,-0.00020018563737605154,-0.26146320748727203,8.9637603244576236e-05,2.1561748542366989e-05
4.2800290584564209,1790953869.164495,0.00060009956359863281,0.085905105783160907,0.034801865284766934,-0.034505159311927894,0.010384709049366262,0.35152676464417792,-0.010925761117484504,0.054602999999999999,0.0050289999999999996,0.191273,-3.1408072554263957,1.3062567720701161,-3.0511496917514473,0.05458093655216871,0.0050278085854615767,0.19118612834342189,-0.26039558035846688,-0.089543918097607519,0.96134074524151236,-0.023604886646599776,0.99598285460013836,0.086376864199631767,-0.96521342254248543,-0.00020018563737605154,-0.26146320748727203,8.9637603244576236e-05,2.1561748542366989e-05
4.2850041389465332,1790953869.1694701,0.000576019287109375,0.085905105783160907,0.034801865284766934,-0.034505159311927894,0.010384709049366262,0.35152676464417792,-0.010925761117484504,0.054602999999999999,0.0050289999999999996,0.191273,-3.1408072554263957,1.3062567720701161,-3.0511496917514473,0.05458093655216871,0.0050278085854615767,0.19118612834342189,-0.26039558035846688,-0.089543918097607519,0.96134074524151236,-0.023604886646599776,0.99598285460013836,0.086376864199631767,-0.96521342254248543,-0.00020018563737605154,-0.26146320748727203,8.9637603244576236e-05,2.1561748542366989e-05
4.2900321483612061,1790953869.1744981,0.00059604644775390625,0.085905105783160907,0.034801865284766934,-0.034505159311927894,0.010384709049366262,0.35152676464417792,-0.010925761117484504,0.054602999999999999,0.0050289999999999996,0.191273,-3.1408072554263957,1.3062567720701161,-3.0511496917514473,0.05458093655216871,0.0050278085854615767,0.19118612834342189,-0.26039558035846688,-0.089543918097607519,0.96134074524151236,-0.023604886646599776,0.99598285460013836,0.086376864199631767,-0.96521342254248543,-0.00020018563737605154,-0.26146320748727203,8.9637603244576236e-05,2.1561748542366989e-05
4.29500412940979,1790953869.1794701,0.00059413909912109375,0.085905105783160907,0.034801865284766934,-0.034505159311927894,0.010384709049366262,0.35152676464417792,-0.010925761117484504,0.054602999999999999,0.0050289999999999996,0.191273,-3.1408072554263957,1.3062567720701161,-3.0511496917514473,0.05458093655216871,0.0050278085854615767,0.19118612834342189,-0.26039558035846688,-0.089543918097607519,0.96134074524151236,-0.023604886646599776,0.99598285460013836,0.086376864199631767,-0.96521342254248543,-0.00020018563737605154,-0.26146320748727203,8.9637603244576236e-05,2.1561748542366989e-05
4.3000280857086182,1790953869.184494,0.00060009956359863281,0.085905105783160907,0.034801865284766934,-0.034505159311927894,0.010384709049366262,0.35152676464417792,-0.010925761117484504,0.054602999999999999,0.0050289999999999996,0.191273,-3.1408072554263957,1.3062567720701161,-3.0511496917514473,0.05458093655216871,0.0050278085854615767,0.19118612834342189,-0.26039558035846688,-0.089543918097607519,0.96134074524151236,-0.023604886646599776,0.99598285460013836,0.086376864199631767,-0.96521342254248543,-0.00020018563737605154,-0.26146320748727203,8.9637603244576236e-05,2.1561748542366989e-05
4.3050291538238525,1790953869.1894951,0.00059819221496582031,0.085905105783160907,0.034801865284766934,-0.034505159311927894,0.010384709049366262,0.35152676464417792,-0.010925761117484504,0.054602999999999999,0.0050289999999999996,0.191273,-3.1408072554263957,1.3062567720701161,-3.0511496917514473,0.05458093655216871,0.0050278085854615767,0.19118612834342189,-0.26039558035846688,-0.089543918097607519,0.96134074524151236,-0.023604886646599776,0.99598285460013836,0.086376864199631767,-0.96521342254248543,-0.00020018563737605154,-0.26146320748727203,8.9637603244576236e-05,2.1561748542366989e-05
4.3100299835205078,1790953869.1944959,0.0006008148193359375,0.085905105783160907,0.034801865284766934,-0.034505159311927894,0.010384709049366262,0.35152676464417792,-0.010925761117484504,0.054602999999999999,0.0050289999999999996,0.191273,-3.1408072554263957,1.3062567720701161,-3.0511496917514473,0.05458093655216871,0.0050278085854615767,0.19118612834342189,-0.26039558035846688,-0.089543918097607519,0.96134074524151236,-0.023604886646599776,0.99598285460013836,0.086376864199631767,-0.96521342254248543,-0.00020018563737605154,-0.26146320748727203,8.9637603244576236e-05,2.1561748542366989e-05
4.3150300979614258,1790953869.199496,0.00060200691223144531,0.085905105783160907,0.034801865284766934,-0.034505159311927894,0.010384709049366262,0.35152676464417792,-0.010925761117484504,0.054602999999999999,0.0050289999999999996,0.191273,-3.1408072554263957,1.3062567720701161,-3.0511496917514473,0.05458093655216871,0.0050278085854615767,0.19118612834342189,-0.26039558035846688,-0.089543918097607519,0.96134074524151236,-0.023604886646599776,0.99598285460013836,0.086376864199631767,-0.96521342254248543,-0.00020018563737605154,-0.26146320748727203,8.9637603244576236e-05,2.1561748542366989e-05
4.3200299739837646,1790953869.2044959,0.00059485435485839844,0.085905105783160907,0.034801865284766934,-0.034505159311927894,0.010384709049366262,0.35152676464417792,-0.010925761117484504,0.054602999999999999,0.0050289999999999996,0.191273,-3.1408072554263957,1.3062567720701161,-3.0511496917514473,0.05458093655216871,0.0050278085854615767,0.19118612834342189,-0.26039558035846688,-0.089543918097607519,0.96134074524151236,-0.023604886646599776,0.99598285460013836,0.086376864199631767,-0.96521342254248543,-0.00020018563737605154,-0.26146320748727203,8.9637603244576236e-05,2.1561748542366989e-05
4.3250041007995605,1790953869.20947,0.000576019287109375,0.085905105783160907,0.034801865284766934,-0.034505159311927894,0.010384709049366262,0.35152676464417792,-0.010925761117484504,0.054602999999999999,0.0050289999999999996,0.191273,-3.1408072554263957,1.3062567720701161,-3.0511496917514473,0.05458093655216871,0.0050278085854615767,0.19118612834342189,-0.26039558035846688,-0.089543918097607519,0.96134074524151236,-0.023604886646599776,0.99598285460013836,0.086376864199631767,-0.96521342254248543,-0.00020018563737605154,-0.26146320748727203,8.9637603244576236e-05,2.1561748542366989e-05
4.3300299644470215,1790953869.2144959,0.00059986114501953125,0.085905105783160907,0.034801865284766934,-0.034505159311927894,0.010384709049366262,0.35152676464417792,-0.010925761117484504,0.054602999999999999,0.0050289999999999996,0.191273,-3.1408072554263957,1.3062567720701161,-3.0511496917514473,0.05458093655216871,0.0050278085854615767,0.19118612834342189,-0.26039558035846688,-0.089543918097607519,0.96134074524151236,-0.023604886646599776,0.99598285460013836,0.086376864199631767,-0.96521342254248543,-0.00020018563737605154,-0.26146320748727203,8.9637603244576236e-05,2.1561748542366989e-05
4.3350050449371338,1790953869.219471,0.00057697296142578125,0.085905105783160907,0.034801865284766934,-0.034505159311927894,0.010384709049366262,0.35152676464417792,-0.010925761117484504,0.054602999999999999,0.0050289999999999996,0.191273,-3.1408072554263957,1.3062567720701161,-3.0511496917514473,0.05458093655216871,0.0050278085854615767,0.19118612834342189,-0.26039558035846688,-0.089543918097607519,0.96134074524151236,-0.023604886646599776,0.99598285460013836,0.086376864199631767,-0.96521342254248543,-0.00020018563737605154,-0.26146320748727203,8.9637603244576236e-05,2.1561748542366989e-05
4.3400299549102783,1790953869.2244959,0.00060200691223144531,0.085905105783160907,0.034801865284766934,-0.034505159311927894,0.010384709049366262,0.35152676464417792,-0.010925761117484504,0.054602999999999999,0.0050289999999999996,0.191273,-3.1408072554263957,1.3062567720701161,-3.0511496917514473,0.05458093655216871,0.0050278085854615767,0.19118612834342189,-0.26039558035846688,-0.089543918097607519,0.96134074524151236,-0.023604886646599776,0.99598285460013836,0.086376864199631767,-0.96521342254248543,-0.00020018563737605154,-0.26146320748727203,8.9637603244576236e-05,2.1561748542366989e-05
4.3450319766998291,1790953869.2294979,0.00062584877014160156,0.085905105783160907,0.034801865284766934,-0.034505159311927894,0.010384709049366262,0.35152676464417792,-0.010925761117484504,0.054602999999999999,0.0050289999999999996,0.191273,-3.1408072554263957,1.3062567720701161,-3.0511496917514473,0.05458093655216871,0.0050278085854615767,0.19118612834342189,-0.26039558035846688,-0.089543918097607519,0.96134074524151236,-0.023604886646599776,0.99598285460013836,0.086376864199631767,-0.96521342254248543,-0.00020018563737605154,-0.26146320748727203,8.9637603244576236e-05,2.1561748542366989e-05
4.3500289916992188,1790953869.2344949,0.00059986114501953125,0.085905105783160907,0.034801865284766934,-0.034505159311927894,0.010384709049366262,0.35152676464417792,-0.010925761117484504,0.054602999999999999,0.0050289999999999996,0.191273,-3.1408072554263957,1.3062567720701161,-3.0511496917514473,0.05458093655216871,0.0050278085854615767,0.19118612834342189,-0.26039558035846688,-0.089543918097607519,0.96134074524151236,-0.023604886646599776,0.99598285460013836,0.086376864199631767,-0.96521342254248543,-0.00020018563737605154,-0.26146320748727203,8.9637603244576236e-05,2.1561748542366989e-05
4.3550310134887695,1790953869.2394969,0.0005970001220703125,0.085905105783160907,0.034801865284766934,-0.034505159311927894,0.010384709049366262,0.35152676464417792,-0.010925761117484504,0.054602999999999999,0.0050289999999999996,0.191273,-3.1408072554263957,1.3062567720701161,-3.0511496917514473,0.05458093655216871,0.0050278085854615767,0.19118612834342189,-0.26039558035846688,-0.089543918097607519,0.96134074524151236,-0.023604886646599776,0.99598285460013836,0.086376864199631767,-0.96521342254248543,-0.00020018563737605154,-0.26146320748727203,8.9637603244576236e-05,2.1561748542366989e-05
4.3600289821624756,1790953869.2444949,0.0006008148193359375,0.085905105783160907,0.034801865284766934,-0.034505159311927894,0.010384709049366262,0.35152676464417792,-0.010925761117484504,0.054602999999999999,0.0050289999999999996,0.191273,-3.1408072554263957,1.3062567720701161,-3.0511496917514473,0.05458093655216871,0.0050278085854615767,0.19118612834342189,-0.26039558035846688,-0.089543918097607519,0.96134074524151236,-0.023604886646599776,0.99598285460013836,0.086376864199631767,-0.96521342254248543,-0.00020018563737605154,-0.26146320748727203,8.9637603244576236e-05,2.1561748542366989e-05
4.3650071620941162,1790953869.2494731,0.00060105323791503906,0.085905105783160907,0.034801865284766934,-0.034505159311927894,0.010384709049366262,0.35152676464417792,-0.010925761117484504,0.054602999999999999,0.0050289999999999996,0.191273,-3.1408072554263957,1.3062567720701161,-3.0511496917514473,0.05458093655216871,0.0050278085854615767,0.19118612834342189,-0.26039558035846688,-0.089543918097607519,0.96134074524151236,-0.023604886646599776,0.99598285460013836,0.086376864199631767,-0.96521342254248543,-0.00020018563737605154,-0.26146320748727203,8.9637603244576236e-05,2.1561748542366989e-05
4.3700289726257324,1790953869.2544949,0.00059986114501953125,0.085905105783160907,0.034801865284766934,-0.034505159311927894,0.010384709049366262,0.35152676464417792,-0.010925761117484504,0.054602999999999999,0.0050289999999999996,0.191273,-3.1408072554263957,1.3062567720701161,-3.0511496917514473,0.05458093655216871,0.0050278085854615767,0.19118612834342189,-0.26039558035846688,-0.089543918097607519,0.96134074524151236,-0.023604886646599776,0.99598285460013836,0.086376864199631767,-0.96521342254248543,-0.00020018563737605154,-0.26146320748727203,8.9637603244576236e-05,2.1561748542366989e-05
4.3750050067901611,1790953869.2594709,0.00060105323791503906,0.085905105783160907,0.034801865284766934,-0.034505159311927894,0.010384709049366262,0.35152676464417792,-0.010925761117484504,0.054602999999999999,0.0050289999999999996,0.191273,-3.1408072554263957,1.3062567720701161,-3.0511496917514473,0.05458093655216871,0.0050278085854615767,0.19118612834342189,-0.26039558035846688,-0.089543918097607519,0.96134074524151236,-0.023604886646599776,0.99598285460013836,0.086376864199631767,-0.96521342254248543,-0.00020018563737605154,-0.26146320748727203,8.9637603244576236e-05,2.1561748542366989e-05
4.3800301551818848,1790953869.2644961,0.00059914588928222656,0.085905105783160907,0.034801865284766934,-0.034505159311927894,0.010384709049366262,0.35152676464417792,-0.010925761117484504,0.054602999999999999,0.0050289999999999996,0.191273,-3.1408072554263957,1.3062567720701161,-3.0511496917514473,0.05458093655216871,0.0050278085854615767,0.19118612834342189,-0.26039558035846688,-0.089543918097607519,0.96134074524151236,-0.023604886646599776,0.99598285460013836,0.086376864199631767,-0.96521342254248543,-0.00020018563737605154,-0.26146320748727203,8.9637603244576236e-05,2.1561748542366989e-05
4.38503098487854,1790953869.2694969,0.00059294700622558594,0.085905105783160907,0.034801865284766934,-0.034505159311927894,0.010384709049366262,0.35152676464417792,-0.010925761117484504,0.054602999999999999,0.0050289999999999996,0.191273,-3.1408072554263957,1.3062567720701161,-3.0511496917514473,0.05458093655216871,0.0050278085854615767,0.19118612834342189,-0.26039558035846688,-0.089543918097607519,0.96134074524151236,-0.023604886646599776,0.99598285460013836,0.086376864199631767,-0.96521342254248543,-0.00020018563737605154,-0.26146320748727203,8.9637603244576236e-05,2.1561748542366989e-05
4.3900301456451416,1790953869.2744961,0.00060105323791503906,0.085905105783160907,0.034801865284766934,-0.034505159311927894,0.010384709049366262,0.35152676464417792,-0.010925761117484504,0.054602999999999999,0.0050289999999999996,0.191273,-3.1408072554263957,1.3062567720701161,-3.0511496917514473,0.05458093655216871,0.0050278085854615767,0.19118612834342189,-0.26039558035846688,-0.089543918097607519,0.96134074524151236,-0.023604886646599776,0.99598285460013836,0.086376864199631767,-0.96521342254248543,-0.00020018563737605154,-0.26146320748727203,8.9637603244576236e-05,2.1561748542366989e-05
4.3950290679931641,1790953869.279495,0.0006198883056640625,0.085905105783160907,0.034801865284766934,-0.034505159311927894,0.010384709049366262,0.35152676464417792,-0.010925761117484504,0.054602999999999999,0.0050289999999999996,0.191273,-3.1408072554263957,1.3062567720701161,-3.0511496917514473,0.05458093655216871,0.0050278085854615767,0.19118612834342189,-0.26039558035846688,-0.089543918097607519,0.96134074524151236,-0.023604886646599776,0.99598285460013836,0.086376864199631767,-0.96521342254248543,-0.00020018563737605154,-0.26146320748727203,8.9637603244576236e-05,2.1561748542366989e-05
4.400029182434082,1790953869.2844951,0.00059819221496582031,0.085905105783160907,0.034801865284766934,-0.034505159311927894,0.010384709049366262,0.35152676464417792,-0.010925761117484504,0.054602999999999999,0.0050289999999999996,0.191273,-3.1408072554263957,1.3062567720701161,-3.0511496917514473,0.05458093655216871,0.0050278085854615767,0.19118612834342189,-0.26039558035846688,-0.089543918097607519,0.96134074524151236,-0.023604886646599776,0.99598285460013836,0.086376864199631767,-0.96521342254248543,-0.00020018563737605154,-0.26146320748727203,8.9637603244576236e-05,2.1561748542366989e-05
4.4050061702728271,1790953869.2894721,0.00060200691223144531,0.085905105783160907,0.034801865284766934,-0.034505159311927894,0.010384709049366262,0.35152676464417792,-0.010925761117484504,0.054602999999999999,0.0050289999999999996,0.191273,-3.1408072554263957,1.3062567720701161,-3.0511496917514473,0.05458093655216871,0.0050278085854615767,0.19118612834342189,-0.26039558035846688,-0.089543918097607519,0.96134074524151236,-0.023604886646599776,0.99598285460013836,0.086376864199631767,-0.96521342254248543,-0.00020018563737605154,-0.26146320748727203,8.9637603244576236e-05,2.1561748542366989e-05
4.4100291728973389,1790953869.2944951,0.00060009956359863281,0.085905105783160907,0.034801865284766934,-0.034505159311927894,0.010384709049366262,0.35152676464417792,-0.010925761117484504,0.054602999999999999,0.0050289999999999996,0.191273,-3.1408072554263957,1.3062567720701161,-3.0511496917514473,0.05458093655216871,0.0050278085854615767,0.19118612834342189,-0.26039558035846688,-0.089543918097607519,0.96134074524151236,-0.023604886646599776,0.99598285460013836,0.086376864199631767,-0.96521342254248543,-0.00020018563737605154,-0.26146320748727203,8.9637603244576236e-05,2.1561748542366989e-05
4.4150021076202393,1790953869.299468,0.0005741119384765625,0.085905105783160907,0.034801865284766934,-0.034505159311927894,0.010384709049366262,0.35152676464417792,-0.010925761117484504,0.054602999999999999,0.0050289999999999996,0.191273,-3.1408072554263957,1.3062567720701161,-3.0511496917514473,0.05458093655216871,0.0050278085854615767,0.19118612834342189,-0.26039558035846688,-0.089543918097607519,0.96134074524151236,-0.023604886646599776,0.99598285460013836,0.086376864199631767,-0.96521342254248543,-0.00020018563737605154,-0.26146320748727203,8.9637603244576236e-05,2.1561748542366989e-05
4.4200320243835449,1790953869.304498,0.000598907470703125,0.085905105783160907,0.034801865284766934,-0.034505159311927894,0.010384709049366262,0.35152676464417792,-0.010925761117484504,0.054602999999999999,0.0050289999999999996,0.191273,-3.1408072554263957,1.3062567720701161,-3.0511496917514473,0.05458093655216871,0.0050278085854615767,0.19118612834342189,-0.26039558035846688,-0.089543918097607519,0.96134074524151236,-0.023604886646599776,0.99598285460013836,0.086376864199631767,-0.96521342254248543,-0.00020018563737605154,-0.26146320748727203,8.9637603244576236e-05,2.1561748542366989e-05
4.4250321388244629,1790953869.3094981,0.00060296058654785156,0.085905105783160907,0.034801865284766934,-0.034505159311927894,0.010384709049366262,0.35152676464417792,-0.010925761117484504,0.054602999999999999,0.0050289999999999996,0.191273,-3.1408072554263957,1.3062567720701161,-3.0511496917514473,0.05458093655216871,0.0050278085854615767,0.19118612834342189,-0.26039558035846688,-0.089543918097607519,0.96134074524151236,-0.023604886646599776,0.99598285460013836,0.086376864199631767,-0.96521342254248543,-0.00020018563737605154,-0.26146320748727203,8.9637603244576236e-05,2.1561748542366989e-05
4.4300351142883301,1790953869.314501,0.00060200691223144531,0.085905105783160907,0.034801865284766934,-0.034505159311927894,0.010384709049366262,0.35152676464417792,-0.010925761117484504,0.054602999999999999,0.0050289999999999996,0.191273,-3.1408072554263957,1.3062567720701161,-3.0511496917514473,0.05458093655216871,0.0050278085854615767,0.19118612834342189,-0.26039558035846688,-0.089543918097607519,0.96134074524151236,-0.023604886646599776,0.99598285460013836,0.086376864199631767,-0.96521342254248543,-0.00020018563737605154,-0.26146320748727203,8.9637603244576236e-05,2.1561748542366989e-05
4.435028076171875,1790953869.319494,0.0005970001220703125,0.085905105783160907,0.034801865284766934,-0.034505159311927894,0.010384709049366262,0.35152676464417792,-0.010925761117484504,0.054602999999999999,0.0050289999999999996,0.191273,-3.1408072554263957,1.3062567720701161,-3.0511496917514473,0.05458093655216871,0.0050278085854615767,0.19118612834342189,-0.26039558035846688,-0.089543918097607519,0.96134074524151236,-0.023604886646599776,0.99598285460013836,0.086376864199631767,-0.96521342254248543,-0.00020018563737605154,-0.26146320748727203,8.9637603244576236e-05,2.1561748542366989e-05
4.4400279521942139,1790953869.3244939,0.00059795379638671875,0.085905105783160907,0.034801865284766934,-0.034505159311927894,0.010384709049366262,0.35152676464417792,-0.010925761117484504,0.054602999999999999,0.0050289999999999996,0.191273,-3.1408072554263957,1.3062567720701161,-3.0511496917514473,0.05458093655216871,0.0050278085854615767,0.19118612834342189,-0.26039558035846688,-0.089543918097607519,0.96134074524151236,-0.023604886646599776,0.99598285460013836,0.086376864199631767,-0.96521342254248543,-0.00020018563737605154,-0.26146320748727203,8.9637603244576236e-05,2.1561748542366989e-05
4.4450280666351318,1790953869.329494,0.00061798095703125,0.085905105783160907,0.034801865284766934,-0.034505159311927894,0.010384709049366262,0.35152676464417792,-0.010925761117484504,0.054602999999999999,0.0050289999999999996,0.191273,-3.1408072554263957,1.3062567720701161,-3.0511496917514473,0.05458093655216871,0.0050278085854615767,0.19118612834342189,-0.26039558035846688,-0.089543918097607519,0.96134074524151236,-0.023604886646599776,0.99598285460013836,0.086376864199631767,-0.96521342254248543,-0.00020018563737605154,-0.26146320748727203,8.9637603244576236e-05,2.1561748542366989e-05
4.4500341415405273,1790953869.3345001,0.00060510635375976562,0.085905105783160907,0.034801865284766934,-0.034505159311927894,0.010384709049366262,0.35152676464417792,-0.010925761117484504,0.054602999999999999,0.0050289999999999996,0.191273,-3.1408072554263957,1.3062567720701161,-3.0511496917514473,0.05458093655216871,0.0050278085854615767,0.19118612834342189,-0.26039558035846688,-0.089543918097607519,0.96134074524151236,-0.023604886646599776,0.99598285460013836,0.086376864199631767,-0.96521342254248543,-0.00020018563737605154,-0.26146320748727203,8.9637603244576236e-05,2.1561748542366989e-05
4.4550039768218994,1790953869.3394699,0.00057291984558105469,0.085905105783160907,0.034801865284766934,-0.034505159311927894,0.010384709049366262,0.35152676464417792,-0.010925761117484504,0.054602999999999999,0.0050289999999999996,0.191273,-3.1408072554263957,1.3062567720701161,-3.0511496917514473,0.05458093655216871,0.0050278085854615767,0.19118612834342189,-0.26039558035846688,-0.089543918097607519,0.96134074524151236,-0.023604886646599776,0.99598285460013836,0.086376864199631767,-0.96521342254248543,-0.00020018563737605154,-0.26146320748727203,8.9637603244576236e-05,2.1561748542366989e-05
4.460029125213623,1790953869.3444951,0.00060105323791503906,0.085905105783160907,0.034801865284766934,-0.034505159311927894,0.010384709049366262,0.35152676464417792,-0.010925761117484504,0.054602999999999999,0.0050289999999999996,0.191273,-3.1408072554263957,1.3062567720701161,-3.0511496917514473,0.05458093655216871,0.0050278085854615767,0.19118612834342189,-0.26039558035846688,-0.089543918097607519,0.96134074524151236,-0.023604886646599776,0.99598285460013836,0.086376864199631767,-0.96521342254248543,-0.00020018563737605154,-0.26146320748727203,8.9637603244576236e-05,2.1561748542366989e-05
4.4650280475616455,1790953869.349494,0.0006198883056640625,0.085905105783160907,0.034801865284766934,-0.034505159311927894,0.010384709049366262,0.35152676464417792,-0.010925761117484504,0.054602999999999999,0.0050289999999999996,0.191273,-3.1408072554263957,1.3062567720701161,-3.0511496917514473,0.05458093655216871,0.0050278085854615767,0.19118612834342189,-0.26039558035846688,-0.089543918097607519,0.96134074524151236,-0.023604886646599776,0.99598285460013836,0.086376864199631767,-0.96521342254248543,-0.00020018563737605154,-0.26146320748727203,8.9637603244576236e-05,2.1561748542366989e-05
4.4700281620025635,1790953869.3544941,0.00059103965759277344,0.085905105783160907,0.034801865284766934,-0.034505159311927894,0.010384709049366262,0.35152676464417792,-0.010925761117484504,0.054602999999999999,0.0050289999999999996,0.191273,-3.1408072554263957,1.3062567720701161,-3.0511496917514473,0.05458093655216871,0.0050278085854615767,0.19118612834342189,-0.26039558035846688,-0.089543918097607519,0.96134074524151236,-0.023604886646599776,0.99598285460013836,0.086376864199631767,-0.96521342254248543,-0.00020018563737605154,-0.26146320748727203,8.9637603244576236e-05,2.1561748542366989e-05
4.4750280380249023,1790953869.359494,0.00061798095703125,0.085905105783160907,0.034801865284766934,-0.034505159311927894,0.010384709049366262,0.35152676464417792,-0.010925761117484504,0.054602999999999999,0.0050289999999999996,0.191273,-3.1408072554263957,1.3062567720701161,-3.0511496917514473,0.05458093655216871,0.0050278085854615767,0.19118612834342189,-0.26039558035846688,-0.089543918097607519,0.96134074524151236,-0.023604886646599776,0.99598285460013836,0.086376864199631767,-0.96521342254248543,-0.00020018563737605154,-0.26146320748727203,8.9637603244576236e-05,2.1561748542366989e-05
4.4800281524658203,1790953869.3644941,0.00059604644775390625,0.085905105783160907,0.034801865284766934,-0.034505159311927894,0.010384709049366262,0.35152676464417792,-0.010925761117484504,0.054602999999999999,0.0050289999999999996,0.191273,-3.1408072554263957,1.3062567720701161,-3.0511496917514473,0.05458093655216871,0.0050278085854615767,0.19118612834342189,-0.26039558035846688,-0.089543918097607519,0.96134074524151236,-0.023604886646599776,0.99598285460013836,0.086376864199631767,-0.96521342254248543,-0.00020018563737605154,-0.26146320748727203,8.9637603244576236e-05,2.1561748542366989e-05
4.4850280284881592,1790953869.369494,0.000598907470703125,0.085905105783160907,0.034801865284766934,-0.034505159311927894,0.010384709049366262,0.35152676464417792,-0.010925761117484504,0.054602999999999999,0.0050289999999999996,0.191273,-3.1408072554263957,1.3062567720701161,-3.0511496917514473,0.05458093655216871,0.0050278085854615767,0.19118612834342189,-0.26039558035846688,-0.089543918097607519,0.96134074524151236,-0.023604886646599776,0.99598285460013836,0.086376864199631767,-0.96521342254248543,-0.00020018563737605154,-0.26146320748727203,8.9637603244576236e-05,2.1561748542366989e-05
4.4900290966033936,1790953869.374495,0.00060009956359863281,0.085905105783160907,0.034801865284766934,-0.034505159311927894,0.010384709049366262,0.35152676464417792,-0.010925761117484504,0.054602999999999999,0.0050289999999999996,0.191273,-3.1408072554263957,1.3062567720701161,-3.0511496917514473,0.05458093655216871,0.0050278085854615767,0.19118612834342189,-0.26039558035846688,-0.089543918097607519,0.96134074524151236,-0.023604886646599776,0.99598285460013836,0.086376864199631767,-0.96521342254248543,-0.00020018563737605154,-0.26146320748727203,8.9637603244576236e-05,2.1561748542366989e-05
4.4950301647186279,1790953869.3794961,0.00061702728271484375,0.085905105783160907,0.034801865284766934,-0.034505159311927894,0.010384709049366262,0.35152676464417792,-0.010925761117484504,0.054602999999999999,0.0050289999999999996,0.191273,-3.1408072554263957,1.3062567720701161,-3.0511496917514473,0.05458093655216871,0.0050278085854615767,0.19118612834342189,-0.26039558035846688,-0.089543918097607519,0.96134074524151236,-0.023604886646599776,0.99598285460013836,0.086376864199631767,-0.96521342254248543,-0.00020018563737605154,-0.26146320748727203,8.9637603244576236e-05,2.1561748542366989e-05
4.500028133392334,1790953869.3844941,0.0005970001220703125,0.085905105783160907,0.034801865284766934,-0.034505159311927894,0.010384709049366262,0.35152676464417792,-0.010925761117484504,0.054602999999999999,0.0050289999999999996,0.191273,-3.1408072554263957,1.3062567720701161,-3.0511496917514473,0.05458093655216871,0.0050278085854615767,0.19118612834342189,-0.26039558035846688,-0.089543918097607519,0.96134074524151236,-0.023604886646599776,0.99598285460013836,0.086376864199631767,-0.96521342254248543,-0.00020018563737605154,-0.26146320748727203,8.9637603244576236e-05,2.1561748542366989e-05
4.5050029754638672,1790953869.3894689,0.000598907470703125,0.085905105783160907,0.034801865284766934,-0.034505159311927894,0.010384709049366262,0.35152676464417792,-0.010925761117484504,0.054602999999999999,0.0050289999999999996,0.191273,-3.1408072554263957,1.3062567720701161,-3.0511496917514473,0.05458093655216871,0.0050278085854615767,0.19118612834342189,-0.26039558035846688,-0.089543918097607519,0.96134074524151236,-0.023604886646599776,0.99598285460013836,0.086376864199631767,-0.96521342254248543,-0.00020018563737605154,-0.26146320748727203,8.9637603244576236e-05,2.1561748542366989e-05
4.5100300312042236,1790953869.394496,0.00060200691223144531,0.085905105783160907,0.034801865284766934,-0.034505159311927894,0.010384709049366262,0.35152676464417792,-0.010925761117484504,0.054602999999999999,0.0050289999999999996,0.191273,-3.1408072554263957,1.3062567720701161,-3.0511496917514473,0.05458093655216871,0.0050278085854615767,0.19118612834342189,-0.26039558035846688,-0.089543918097607519,0.96134074524151236,-0.023604886646599776,0.99598285460013836,0.086376864199631767,-0.96521342254248543,-0.00020018563737605154,-0.26146320748727203,8.9637603244576236e-05,2.1561748542366989e-05
4.5150279998779297,1790953869.3994939,0.0005970001220703125,0.085905105783160907,0.034801865284766934,-0.034505159311927894,0.010384709049366262,0.35152676464417792,-0.010925761117484504,0.054602999999999999,0.0050289999999999996,0.191273,-3.1408072554263957,1.3062567720701161,-3.0511496917514473,0.05458093655216871,0.0050278085854615767,0.19118612834342189,-0.26039558035846688,-0.089543918097607519,0.96134074524151236,-0.023604886646599776,0.99598285460013836,0.086376864199631767,-0.96521342254248543,-0.00020018563737605154,-0.26146320748727203,8.9637603244576236e-05,2.1561748542366989e-05
4.5200281143188477,1790953869.404494,0.00060009956359863281,0.085905105783160907,0.034801865284766934,-0.034505159311927894,0.010384709049366262,0.35152676464417792,-0.010925761117484504,0.054602999999999999,0.0050289999999999996,0.191273,-3.1408072554263957,1.3062567720701161,-3.0511496917514473,0.05458093655216871,0.0050278085854615767,0.19118612834342189,-0.26039558035846688,-0.089543918097607519,0.96134074524151236,-0.023604886646599776,0.99598285460013836,0.086376864199631767,-0.96521342254248543,-0.00020018563737605154,-0.26146320748727203,8.9637603244576236e-05,2.1561748542366989e-05
4.5250279903411865,1790953869.4094939,0.00062489509582519531,0.085905105783160907,0.034801865284766934,-0.034505159311927894,0.010384709049366262,0.35152676464417792,-0.010925761117484504,0.054602999999999999,0.0050289999999999996,0.191273,-3.1408072554263957,1.3062567720701161,-3.0511496917514473,0.05458093655216871,0.0050278085854615767,0.19118612834342189,-0.26039558035846688,-0.089543918097607519,0.96134074524151236,-0.023604886646599776,0.99598285460013836,0.086376864199631767,-0.96521342254248543,-0.00020018563737605154,-0.26146320748727203,8.9637603244576236e-05,2.1561748542366989e-05
4.5300321578979492,1790953869.4144981,0.00060319900512695312,0.085905105783160907,0.034801865284766934,-0.034505159311927894,0.010384709049366262,0.35152676464417792,-0.010925761117484504,0.054602999999999999,0.0050289999999999996,0.191273,-3.1408072554263957,1.3062567720701161,-3.0511496917514473,0.05458093655216871,0.0050278085854615767,0.19118612834342189,-0.26039558035846688,-0.089543918097607519,0.96134074524151236,-0.023604886646599776,0.99598285460013836,0.086376864199631767,-0.96521342254248543,-0.00020018563737605154,-0.26146320748727203,8.9637603244576236e-05,2.1561748542366989e-05
4.5350279808044434,1790953869.4194939,0.00059986114501953125,0.085905105783160907,0.034801865284766934,-0.034505159311927894,0.010384709049366262,0.35152676464417792,-0.010925761117484504,0.054602999999999999,0.0050289999999999996,0.191273,-3.1408072554263957,1.3062567720701161,-3.0511496917514473,0.05458093655216871,0.0050278085854615767,0.19118612834342189,-0.26039558035846688,-0.089543918097607519,0.96134074524151236,-0.023604886646599776,0.99598285460013836,0.086376864199631767,-0.96521342254248543,-0.00020018563737605154,-0.26146320748727203,8.9637603244576236e-05,2.1561748542366989e-05
4.5400290489196777,1790953869.424495,0.00060009956359863281,0.085905105783160907,0.034801865284766934,-0.034505159311927894,0.010384709049366262,0.35152676464417792,-0.010925761117484504,0.054602999999999999,0.0050289999999999996,0.191273,-3.1408072554263957,1.3062567720701161,-3.0511496917514473,0.05458093655216871,0.0050278085854615767,0.19118612834342189,-0.26039558035846688,-0.089543918097607519,0.96134074524151236,-0.023604886646599776,0.99598285460013836,0.086376864199631767,-0.96521342254248543,-0.00020018563737605154,-0.26146320748727203,8.9637603244576236e-05,2.1561748542366989e-05
4.5450031757354736,1790953869.4294691,0.00057315826416015625,0.085905105783160907,0.034801865284766934,-0.034505159311927894,0.010384709049366262,0.35152676464417792,-0.010925761117484504,0.054602999999999999,0.0050289999999999996,0.191273,-3.1408072554263957,1.3062567720701161,-3.0511496917514473,0.05458093655216871,0.0050278085854615767,0.19118612834342189,-0.26039558035846688,-0.089543918097607519,0.96134074524151236,-0.023604886646599776,0.99598285460013836,0.086376864199631767,-0.96521342254248543,-0.00020018563737605154,-0.26146320748727203,8.9637603244576236e-05,2.1561748542366989e-05
4.5500280857086182,1790953869.434494,0.00060009956359863281,0.085905105783160907,0.034801865284766934,-0.034505159311927894,0.010384709049366262,0.35152676464417792,-0.010925761117484504,0.054602999999999999,0.0050289999999999996,0.191273,-3.1408072554263957,1.3062567720701161,-3.0511496917514473,0.05458093655216871,0.0050278085854615767,0.19118612834342189,-0.26039558035846688,-0.089543918097607519,0.96134074524151236,-0.023604886646599776,0.99598285460013836,0.086376864199631767,-0.96521342254248543,-0.00020018563737605154,-0.26146320748727203,8.9637603244576236e-05,2.1561748542366989e-05
4.5550301074981689,1790953869.439496,0.00060200691223144531,0.085905105783160907,0.034801865284766934,-0.034505159311927894,0.010384709049366262,0.35152676464417792,-0.010925761117484504,0.054602999999999999,0.0050289999999999996,0.191273,-3.1408072554263957,1.3062567720701161,-3.0511496917514473,0.05458093655216871,0.0050278085854615767,0.19118612834342189,-0.26039558035846688,-0.089543918097607519,0.96134074524151236,-0.023604886646599776,0.99598285460013836,0.086376864199631767,-0.96521342254248543,-0.00020018563737605154,-0.26146320748727203,8.9637603244576236e-05,2.1561748542366989e-05
4.5600299835205078,1790953869.4444959,0.00059795379638671875,0.085905105783160907,0.034801865284766934,-0.034505159311927894,0.010384709049366262,0.35152676464417792,-0.010925761117484504,0.054602999999999999,0.0050289999999999996,0.191273,-3.1408072554263957,1.3062567720701161,-3.0511496917514473,0.05458093655216871,0.0050278085854615767,0.19118612834342189,-0.26039558035846688,-0.089543918097607519,0.96134074524151236,-0.023604886646599776,0.99598285460013836,0.086376864199631767,-0.96521342254248543,-0.00020018563737605154,-0.26146320748727203,8.9637603244576236e-05,2.1561748542366989e-05
4.5650310516357422,1790953869.449497,0.00062203407287597656,0.085905105783160907,0.034801865284766934,-0.034505159311927894,0.010384709049366262,0.35152676464417792,-0.010925761117484504,0.054602999999999999,0.0050289999999999996,0.191273,-3.1408072554263957,1.3062567720701161,-3.0511496917514473,0.05458093655216871,0.0050278085854615767,0.19118612834342189,-0.26039558035846688,-0.089543918097607519,0.96134074524151236,-0.023604886646599776,0.99598285460013836,0.086376864199631767,-0.96521342254248543,-0.00020018563737605154,-0.26146320748727203,8.9637603244576236e-05,2.1561748542366989e-05
4.5700311660766602,1790953869.4544971,0.00060319900512695312,0.085905105783160907,0.034801865284766934,-0.034505159311927894,0.010384709049366262,0.35152676464417792,-0.010925761117484504,0.054602999999999999,0.0050289999999999996,0.191273,-3.1408072554263957,1.3062567720701161,-3.0511496917514473,0.05458093655216871,0.0050278085854615767,0.19118612834342189,-0.26039558035846688,-0.089543918097607519,0.96134074524151236,-0.023604886646599776,0.99598285460013836,0.086376864199631767,-0.96521342254248543,-0.00020018563737605154,-0.26146320748727203,8.9637603244576236e-05,2.1561748542366989e-05
4.575031042098999,1790953869.459497,0.00060892105102539062,0.085905105783160907,0.034801865284766934,-0.034505159311927894,0.010384709049366262,0.35152676464417792,-0.010925761117484504,0.054602999999999999,0.0050289999999999996,0.191273,-3.1408072554263957,1.3062567720701161,-3.0511496917514473,0.05458093655216871,0.0050278085854615767,0.19118612834342189,-0.26039558035846688,-0.089543918097607519,0.96134074524151236,-0.023604886646599776,0.99598285460013836,0.086376864199631767,-0.96521342254248543,-0.00020018563737605154,-0.26146320748727203,8.9637603244576236e-05,2.1561748542366989e-05
4.5800299644470215,1790953869.4644959,0.0006008148193359375,0.085905105783160907,0.034801865284766934,-0.034505159311927894,0.010384709049366262,0.35152676464417792,-0.010925761117484504,0.054602999999999999,0.0050289999999999996,0.191273,-3.1408072554263957,1.3062567720701161,-3.0511496917514473,0.05458093655216871,0.0050278085854615767,0.19118612834342189,-0.26039558035846688,-0.089543918097607519,0.96134074524151236,-0.023604886646599776,0.99598285460013836,0.086376864199631767,-0.96521342254248543,-0.00020018563737605154,-0.26146320748727203,8.9637603244576236e-05,2.1561748542366989e-05
4.5850300788879395,1790953869.469496,0.00060105323791503906,0.085905105783160907,0.034801865284766934,-0.034505159311927894,0.010384709049366262,0.35152676464417792,-0.010925761117484504,0.054602999999999999,0.0050289999999999996,0.191273,-3.1408072554263957,1.3062567720701161,-3.0511496917514473,0.05458093655216871,0.0050278085854615767,0.19118612834342189,-0.26039558035846688,-0.089543918097607519,0.96134074524151236,-0.023604886646599776,0.99598285460013836,0.086376864199631767,-0.96521342254248543,-0.00020018563737605154,-0.26146320748727203,8.9637603244576236e-05,2.1561748542366989e-05
4.5900311470031738,1790953869.4744971,0.00060200691223144531,0.085905105783160907,0.034801865284766934,-0.034505159311927894,0.010384709049366262,0.35152676464417792,-0.010925761117484504,0.054602999999999999,0.0050289999999999996,0.191273,-3.1408072554263957,1.3062567720701161,-3.0511496917514473,0.05458093655216871,0.0050278085854615767,0.19118612834342189,-0.26039558035846688,-0.089543918097607519,0.96134074524151236,-0.023604886646599776,0.99598285460013836,0.086376864199631767,-0.96521342254248543,-0.00020018563737605154,-0.26146320748727203,8.9637603244576236e-05,2.1561748542366989e-05
4.595005989074707,1790953869.4794719,0.0005779266357421875,0.085905105783160907,0.034801865284766934,-0.034505159311927894,0.010384709049366262,0.35152676464417792,-0.010925761117484504,0.054602999999999999,0.0050289999999999996,0.191273,-3.1408072554263957,1.3062567720701161,-3.0511496917514473,0.05458093655216871,0.0050278085854615767,0.19118612834342189,-0.26039558035846688,-0.089543918097607519,0.96134074524151236,-0.023604886646599776,0.99598285460013836,0.086376864199631767,-0.96521342254248543,-0.00020018563737605154,-0.26146320748727203,8.9637603244576236e-05,2.1561748542366989e-05
4.6000301837921143,1790953869.4844961,0.00059819221496582031,0.085905105783160907,0.034801865284766934,-0.034505159311927894,0.010384709049366262,0.35152676464417792,-0.010925761117484504,0.054602999999999999,0.0050289999999999996,0.191273,-3.1408072554263957,1.3062567720701161,-3.0511496917514473,0.05458093655216871,0.0050278085854615767,0.19118612834342189,-0.26039558035846688,-0.089543918097607519,0.96134074524151236,-0.023604886646599776,0.99598285460013836,0.086376864199631767,-0.96521342254248543,-0.00020018563737605154,-0.26146320748727203,8.9637603244576236e-05,2.1561748542366989e-05
4.6050350666046143,1790953869.489501,0.00062990188598632812,0.085905105783160907,0.034801865284766934,-0.034505159311927894,0.010384709049366262,0.35152676464417792,-0.010925761117484504,0.054602999999999999,0.0050289999999999996,0.191273,-3.1408072554263957,1.3062567720701161,-3.0511496917514473,0.05458093655216871,0.0050278085854615767,0.19118612834342189,-0.26039558035846688,-0.089543918097607519,0.96134074524151236,-0.023604886646599776,0.99598285460013836,0.086376864199631767,-0.96521342254248543,-0.00020018563737605154,-0.26146320748727203,8.9637603244576236e-05,2.1561748542366989e-05
4.6100301742553711,1790953869.4944961,0.00060009956359863281,0.085905105783160907,0.034801865284766934,-0.034505159311927894,0.010384709049366262,0.35152676464417792,-0.010925761117484504,0.054602999999999999,0.0050289999999999996,0.191273,-3.1408072554263957,1.3062567720701161,-3.0511496917514473,0.05458093655216871,0.0050278085854615767,0.19118612834342189,-0.26039558035846688,-0.089543918097607519,0.96134074524151236,-0.023604886646599776,0.99598285460013836,0.086376864199631767,-0.96521342254248543,-0.00020018563737605154,-0.26146320748727203,8.9637603244576236e-05,2.1561748542366989e-05
4.61503005027771,1790953869.499496,0.0005359649658203125,0.085905105783160907,0.034801865284766934,-0.034505159311927894,0.010384709049366262,0.35152676464417792,-0.010925761117484504,0.054602999999999999,0.0050289999999999996,0.191273,-3.1408072554263957,1.3062567720701161,-3.0511496917514473,0.05458093655216871,0.0050278085854615767,0.19118612834342189,-0.26039558035846688,-0.089543918097607519,0.96134074524151236,-0.023604886646599776,0.99598285460013836,0.086376864199631767,-0.96521342254248543,-0.00020018563737605154,-0.26146320748727203,8.9637603244576236e-05,2.1561748542366989e-05
4.6200301647186279,1790953869.5044961,0.00060009956359863281,0.085905105783160907,0.034801865284766934,-0.034505159311927894,0.010384709049366262,0.35152676464417792,-0.010925761117484504,0.054602999999999999,0.0050289999999999996,0.191273,-3.1408072554263957,1.3062567720701161,-3.0511496917514473,0.05458093655216871,0.0050278085854615767,0.19118612834342189,-0.26039558035846688,-0.089543918097607519,0.96134074524151236,-0.023604886646599776,0.99598285460013836,0.086376864199631767,-0.96521342254248543,-0.00020018563737605154,-0.26146320748727203,8.9637603244576236e-05,2.1561748542366989e-05
4.6250319480895996,1790953869.5094979,0.00060176849365234375,0.085905105783160907,0.034801865284766934,-0.034505159311927894,0.010384709049366262,0.35152676464417792,-0.010925761117484504,0.054602999999999999,0.0050289999999999996,0.191273,-3.1408072554263957,1.3062567720701161,-3.0511496917514473,0.05458093655216871,0.0050278085854615767,0.19118612834342189,-0.26039558035846688,-0.089543918097607519,0.96134074524151236,-0.023604886646599776,0.99598285460013836,0.086376864199631767,-0.96521342254248543,-0.00020018563737605154,-0.26146320748727203,8.9637603244576236e-05,2.1561748542366989e-05
4.6300339698791504,1790953869.5144999,0.00059580802917480469,0.085905105783160907,0.034801865284766934,-0.034505159311927894,0.010384709049366262,0.35152676464417792,-0.010925761117484504,0.054602999999999999,0.0050289999999999996,0.191273,-3.1408072554263957,1.3062567720701161,-3.0511496917514473,0.05458093655216871,0.0050278085854615767,0.19118612834342189,-0.26039558035846688,-0.089543918097607519,0.96134074524151236,-0.023604886646599776,0.99598285460013836,0.086376864199631767,-0.96521342254248543,-0.00020018563737605154,-0.26146320748727203,8.9637603244576236e-05,2.1561748542366989e-05
4.6350040435791016,1790953869.51947,0.000576019287109375,0.085905105783160907,0.034801865284766934,-0.034505159311927894,0.010384709049366262,0.35152676464417792,-0.010925761117484504,0.054602999999999999,0.0050289999999999996,0.191273,-3.1408072554263957,1.3062567720701161,-3.0511496917514473,0.05458093655216871,0.0050278085854615767,0.19118612834342189,-0.26039558035846688,-0.089543918097607519,0.96134074524151236,-0.023604886646599776,0.99598285460013836,0.086376864199631767,-0.96521342254248543,-0.00020018563737605154,-0.26146320748727203,8.9637603244576236e-05,2.1561748542366989e-05
4.6400301456451416,1790953869.5244961,0.00060009956359863281,0.085905105783160907,0.034801865284766934,-0.034505159311927894,0.010384709049366262,0.35152676464417792,-0.010925761117484504,0.054602999999999999,0.0050289999999999996,0.191273,-3.1408072554263957,1.3062567720701161,-3.0511496917514473,0.05458093655216871,0.0050278085854615767,0.19118612834342189,-0.26039558035846688,-0.089543918097607519,0.96134074524151236,-0.023604886646599776,0.99598285460013836,0.086376864199631767,-0.96521342254248543,-0.00020018563737605154,-0.26146320748727203,8.9637603244576236e-05,2.1561748542366989e-05
4.6450071334838867,1790953869.5294731,0.00057697296142578125,0.085905105783160907,0.034801865284766934,-0.034505159311927894,0.010384709049366262,0.35152676464417792,-0.010925761117484504,0.054602999999999999,0.0050289999999999996,0.191273,-3.1408072554263957,1.3062567720701161,-3.0511496917514473,0.05458093655216871,0.0050278085854615767,0.19118612834342189,-0.26039558035846688,-0.089543918097607519,0.96134074524151236,-0.023604886646599776,0.99598285460013836,0.086376864199631767,-0.96521342254248543,-0.00020018563737605154,-0.26146320748727203,8.9637603244576236e-05,2.1561748542366989e-05
4.650029182434082,1790953869.5344951,0.00060105323791503906,0.085905105783160907,0.034801865284766934,-0.034505159311927894,0.010384709049366262,0.35152676464417792,-0.010925761117484504,0.054602999999999999,0.0050289999999999996,0.191273,-3.1408072554263957,1.3062567720701161,-3.0511496917514473,0.05458093655216871,0.0050278085854615767,0.19118612834342189,-0.26039558035846688,-0.089543918097607519,0.96134074524151236,-0.023604886646599776,0.99598285460013836,0.086376864199631767,-0.96521342254248543,-0.00020018563737605154,-0.26146320748727203,8.9637603244576236e-05,2.1561748542366989e-05
4.6550331115722656,1790953869.539499,0.00060296058654785156,0.085905105783160907,0.034801865284766934,-0.034505159311927894,0.010384709049366262,0.35152676464417792,-0.010925761117484504,0.054602999999999999,0.0050289999999999996,0.191273,-3.1408072554263957,1.3062567720701161,-3.0511496917514473,0.05458093655216871,0.0050278085854615767,0.19118612834342189,-0.26039558035846688,-0.089543918097607519,0.96134074524151236,-0.023604886646599776,0.99598285460013836,0.086376864199631767,-0.96521342254248543,-0.00020018563737605154,-0.26146320748727203,8.9637603244576236e-05,2.1561748542366989e-05
4.6600301265716553,1790953869.5444961,0.0005970001220703125,0.085905105783160907,0.034801865284766934,-0.034505159311927894,0.010384709049366262,0.35152676464417792,-0.010925761117484504,0.054602999999999999,0.0050289999999999996,0.191273,-3.1408072554263957,1.3062567720701161,-3.0511496917514473,0.05458093655216871,0.0050278085854615767,0.19118612834342189,-0.26039558035846688,-0.089543918097607519,0.96134074524151236,-0.023604886646599776,0.99598285460013836,0.086376864199631767,-0.96521342254248543,-0.00020018563737605154,-0.26146320748727203,8.9637603244576236e-05,2.1561748542366989e-05
4.6650300025939941,1790953869.5494959,0.00060105323791503906,0.085905105783160907,0.034801865284766934,-0.034505159311927894,0.010384709049366262,0.35152676464417792,-0.010925761117484504,0.054602999999999999,0.0050289999999999996,0.191273,-3.1408072554263957,1.3062567720701161,-3.0511496917514473,0.05458093655216871,0.0050278085854615767,0.19118612834342189,-0.26039558035846688,-0.089543918097607519,0.96134074524151236,-0.023604886646599776,0.99598285460013836,0.086376864199631767,-0.96521342254248543,-0.00020018563737605154,-0.26146320748727203,8.9637603244576236e-05,2.1561748542366989e-05
4.6700301170349121,1790953869.554496,0.00059914588928222656,0.085905105783160907,0.034801865284766934,-0.034505159311927894,0.010384709049366262,0.35152676464417792,-0.010925761117484504,0.054602999999999999,0.0050289999999999996,0.191273,-3.1408072554263957,1.3062567720701161,-3.0511496917514473,0.05458093655216871,0.0050278085854615767,0.19118612834342189,-0.26039558035846688,-0.089543918097607519,0.96134074524151236,-0.023604886646599776,0.99598285460013836,0.086376864199631767,-0.96521342254248543,-0.00020018563737605154,-0.26146320748727203,8.9637603244576236e-05,2.1561748542366989e-05
4.6750330924987793,1790953869.559499,0.00062608718872070312,0.085905105783160907,0.034801865284766934,-0.034505159311927894,0.010384709049366262,0.35152676464417792,-0.010925761117484504,0.054602999999999999,0.0050289999999999996,0.191273,-3.1408072554263957,1.3062567720701161,-3.0511496917514473,0.05458093655216871,0.0050278085854615767,0.19118612834342189,-0.26039558035846688,-0.089543918097607519,0.96134074524151236,-0.023604886646599776,0.99598285460013836,0.086376864199631767,-0.96521342254248543,-0.00020018563737605154,-0.26146320748727203,8.9637603244576236e-05,2.1561748542366989e-05
4.6800301074981689,1790953869.564496,0.00060009956359863281,0.085905105783160907,0.034801865284766934,-0.034505159311927894,0.010384709049366262,0.35152676464417792,-0.010925761117484504,0.054602999999999999,0.0050289999999999996,0.191273,-3.1408072554263957,1.3062567720701161,-3.0511496917514473,0.05458093655216871,0.0050278085854615767,0.19118612834342189,-0.26039558035846688,-0.089543918097607519,0.96134074524151236,-0.023604886646599776,0.99598285460013836,0.086376864199631767,-0.96521342254248543,-0.00020018563737605154,-0.26146320748727203,8.9637603244576236e-05,2.1561748542366989e-05
4.6850121021270752,1790953869.569478,0.0005741119384765625,0.085905105783160907,0.034801865284766934,-0.034505159311927894,0.010384709049366262,0.35152676464417792,-0.010925761117484504,0.054602999999999999,0.0050289999999999996,0.191273,-3.1408072554263957,1.3062567720701161,-3.0511496917514473,0.05458093655216871,0.0050278085854615767,0.19118612834342189,-0.26039558035846688,-0.089543918097607519,0.96134074524151236,-0.023604886646599776,0.99598285460013836,0.086376864199631767,-0.96521342254248543,-0.00020018563737605154,-0.26146320748727203,8.9637603244576236e-05,2.1561748542366989e-05
4.6900291442871094,1790953869.5744951,0.00059604644775390625,0.085905105783160907,0.034801865284766934,-0.034505159311927894,0.010384709049366262,0.35152676464417792,-0.010925761117484504,0.054602999999999999,0.0050289999999999996,0.191273,-3.1408072554263957,1.3062567720701161,-3.0511496917514473,0.05458093655216871,0.0050278085854615767,0.19118612834342189,-0.26039558035846688,-0.089543918097607519,0.96134074524151236,-0.023604886646599776,0.99598285460013836,0.086376864199631767,-0.96521342254248543,-0.00020018563737605154,-0.26146320748727203,8.9637603244576236e-05,2.1561748542366989e-05
4.6950311660766602,1790953869.5794971,0.00060009956359863281,0.085905105783160907,0.034801865284766934,-0.034505159311927894,0.010384709049366262,0.35152676464417792,-0.010925761117484504,0.054602999999999999,0.0050289999999999996,0.191273,-3.1408072554263957,1.3062567720701161,-3.0511496917514473,0.05458093655216871,0.0050278085854615767,0.19118612834342189,-0.26039558035846688,-0.089543918097607519,0.96134074524151236,-0.023604886646599776,0.99598285460013836,0.086376864199631767,-0.96521342254248543,-0.00020018563737605154,-0.26146320748727203,8.9637603244576236e-05,2.1561748542366989e-05
4.7000300884246826,1790953869.584496,0.00060105323791503906,0.085905105783160907,0.034801865284766934,-0.034505159311927894,0.010384709049366262,0.35152676464417792,-0.010925761117484504,0.054602999999999999,0.0050289999999999996,0.191273,-3.1408072554263957,1.3062567720701161,-3.0511496917514473,0.05458093655216871,0.0050278085854615767,0.19118612834342189,-0.26039558035846688,-0.089543918097607519,0.96134074524151236,-0.023604886646599776,0.99598285460013836,0.086376864199631767,-0.96521342254248543,-0.00020018563737605154,-0.26146320748727203,8.9637603244576236e-05,2.1561748542366989e-05
4.7050299644470215,1790953869.5894959,0.0006008148193359375,0.085905105783160907,0.034801865284766934,-0.034505159311927894,0.010384709049366262,0.35152676464417792,-0.010925761117484504,0.054602999999999999,0.0050289999999999996,0.191273,-3.1408072554263957,1.3062567720701161,-3.0511496917514473,0.05458093655216871,0.0050278085854615767,0.19118612834342189,-0.26039558035846688,-0.089543918097607519,0.96134074524151236,-0.023604886646599776,0.99598285460013836,0.086376864199631767,-0.96521342254248543,-0.00020018563737605154,-0.26146320748727203,8.9637603244576236e-05,2.1561748542366989e-05
4.7100300788879395,1790953869.594496,0.000598907470703125,0.085905105783160907,0.034801865284766934,-0.034505159311927894,0.010384709049366262,0.35152676464417792,-0.010925761117484504,0.054602999999999999,0.0050289999999999996,0.191273,-3.1408072554263957,1.3062567720701161,-3.0511496917514473,0.05458093655216871,0.0050278085854615767,0.19118612834342189,-0.26039558035846688,-0.089543918097607519,0.96134074524151236,-0.023604886646599776,0.99598285460013836,0.086376864199631767,-0.96521342254248543,-0.00020018563737605154,-0.26146320748727203,8.9637603244576236e-05,2.1561748542366989e-05
4.7150061130523682,1790953869.599472,0.00057506561279296875,0.085905105783160907,0.034801865284766934,-0.034505159311927894,0.010384709049366262,0.35152676464417792,-0.010925761117484504,0.054602999999999999,0.0050289999999999996,0.191273,-3.1408072554263957,1.3062567720701161,-3.0511496917514473,0.05458093655216871,0.0050278085854615767,0.19118612834342189,-0.26039558035846688,-0.089543918097607519,0.96134074524151236,-0.023604886646599776,0.99598285460013836,0.086376864199631767,-0.96521342254248543,-0.00020018563737605154,-0.26146320748727203,8.9637603244576236e-05,2.1561748542366989e-05
4.7200300693511963,1790953869.604496,0.00059795379638671875,0.085905105783160907,0.034801865284766934,-0.034505159311927894,0.010384709049366262,0.35152676464417792,-0.010925761117484504,0.054602999999999999,0.0050289999999999996,0.191273,-3.1408072554263957,1.3062567720701161,-3.0511496917514473,0.05458093655216871,0.0050278085854615767,0.19118612834342189,-0.26039558035846688,-0.089543918097607519,0.96134074524151236,-0.023604886646599776,0.99598285460013836,0.086376864199631767,-0.96521342254248543,-0.00020018563737605154,-0.26146320748727203,8.9637603244576236e-05,2.1561748542366989e-05
4.7250301837921143,1790953869.6094961,0.00062513351440429688,0.085905105783160907,0.034801865284766934,-0.034505159311927894,0.010384709049366262,0.35152676464417792,-0.010925761117484504,0.054602999999999999,0.0050289999999999996,0.191273,-3.1408072554263957,1.3062567720701161,-3.0511496917514473,0.05458093655216871,0.0050278085854615767,0.19118612834342189,-0.26039558035846688,-0.089543918097607519,0.96134074524151236,-0.023604886646599776,0.99598285460013836,0.086376864199631767,-0.96521342254248543,-0.00020018563737605154,-0.26146320748727203,8.9637603244576236e-05,2.1561748542366989e-05
4.7300310134887695,1790953869.6144969,0.00059795379638671875,0.085905105783160907,0.034801865284766934,-0.034505159311927894,0.010384709049366262,0.35152676464417792,-0.010925761117484504,0.054602999999999999,0.0050289999999999996,0.191273,-3.1408072554263957,1.3062567720701161,-3.0511496917514473,0.05458093655216871,0.0050278085854615767,0.19118612834342189,-0.26039558035846688,-0.089543918097607519,0.96134074524151236,-0.023604886646599776,0.99598285460013836,0.086376864199631767,-0.96521342254248543,-0.00020018563737605154,-0.26146320748727203,8.9637603244576236e-05,2.1561748542366989e-05
4.7350301742553711,1790953869.6194961,0.00062203407287597656,0.085905105783160907,0.034801865284766934,-0.034505159311927894,0.010384709049366262,0.35152676464417792,-0.010925761117484504,0.054602999999999999,0.0050289999999999996,0.191273,-3.1408072554263957,1.3062567720701161,-3.0511496917514473,0.05458093655216871,0.0050278085854615767,0.19118612834342189,-0.26039558035846688,-0.089543918097607519,0.96134074524151236,-0.023604886646599776,0.99598285460013836,0.086376864199631767,-0.96521342254248543,-0.00020018563737605154,-0.26146320748727203,8.9637603244576236e-05,2.1561748542366989e-05
4.7400290966033936,1790953869.624495,0.00059914588928222656,0.085905105783160907,0.034801865284766934,-0.034505159311927894,0.010384709049366262,0.35152676464417792,-0.010925761117484504,0.054602999999999999,0.0050289999999999996,0.191273,-3.1408072554263957,1.3062567720701161,-3.0511496917514473,0.05458093655216871,0.0050278085854615767,0.19118612834342189,-0.26039558035846688,-0.089543918097607519,0.96134074524151236,-0.023604886646599776,0.99598285460013836,0.086376864199631767,-0.96521342254248543,-0.00020018563737605154,-0.26146320748727203,8.9637603244576236e-05,2.1561748542366989e-05
4.7450301647186279,1790953869.6294961,0.00062704086303710938,0.085905105783160907,0.034801865284766934,-0.034505159311927894,0.010384709049366262,0.35152676464417792,-0.010925761117484504,0.054602999999999999,0.0050289999999999996,0.191273,-3.1408072554263957,1.3062567720701161,-3.0511496917514473,0.05458093655216871,0.0050278085854615767,0.19118612834342189,-0.26039558035846688,-0.089543918097607519,0.96134074524151236,-0.023604886646599776,0.99598285460013836,0.086376864199631767,-0.96521342254248543,-0.00020018563737605154,-0.26146320748727203,8.9637603244576236e-05,2.1561748542366989e-05
4.7500290870666504,1790953869.634495,0.00060105323791503906,0.085905105783160907,0.034801865284766934,-0.034505159311927894,0.010384709049366262,0.35152676464417792,-0.010925761117484504,0.054602999999999999,0.0050289999999999996,0.191273,-3.1408072554263957,1.3062567720701161,-3.0511496917514473,0.05458093655216871,0.0050278085854615767,0.19118612834342189,-0.26039558035846688,-0.089543918097607519,0.96134074524151236,-0.023604886646599776,0.99598285460013836,0.086376864199631767,-0.96521342254248543,-0.00020018563737605154,-0.26146320748727203,8.9637603244576236e-05,2.1561748542366989e-05
4.755014181137085,1790953869.6394801,0.00060820579528808594,0.085905105783160907,0.034801865284766934,-0.034505159311927894,0.010384709049366262,0.35152676464417792,-0.010925761117484504,0.054602999999999999,0.0050289999999999996,0.191273,-3.1408072554263957,1.3062567720701161,-3.0511496917514473,0.05458093655216871,0.0050278085854615767,0.19118612834342189,-0.26039558035846688,-0.089543918097607519,0.96134074524151236,-0.023604886646599776,0.99598285460013836,0.086376864199631767,-0.96521342254248543,-0.00020018563737605154,-0.26146320748727203,8.9637603244576236e-05,2.1561748542366989e-05
4.7600300312042236,1790953869.644496,0.0005970001220703125,0.085905105783160907,0.034801865284766934,-0.034505159311927894,0.010384709049366262,0.35152676464417792,-0.010925761117484504,0.054602999999999999,0.0050289999999999996,0.191273,-3.1408072554263957,1.3062567720701161,-3.0511496917514473,0.05458093655216871,0.0050278085854615767,0.19118612834342189,-0.26039558035846688,-0.089543918097607519,0.96134074524151236,-0.023604886646599776,0.99598285460013836,0.086376864199631767,-0.96521342254248543,-0.00020018563737605154,-0.26146320748727203,8.9637603244576236e-05,2.1561748542366989e-05
4.7650301456451416,1790953869.6494961,0.00060105323791503906,0.085905105783160907,0.034801865284766934,-0.034505159311927894,0.010384709049366262,0.35152676464417792,-0.010925761117484504,0.054602999999999999,0.0050289999999999996,0.191273,-3.1408072554263957,1.3062567720701161,-3.0511496917514473,0.05458093655216871,0.0050278085854615767,0.19118612834342189,-0.26039558035846688,-0.089543918097607519,0.96134074524151236,-0.023604886646599776,0.99598285460013836,0.086376864199631767,-0.96521342254248543,-0.00020018563737605154,-0.26146320748727203,8.9637603244576236e-05,2.1561748542366989e-05
4.7700290679931641,1790953869.654495,0.0005950927734375,0.085905105783160907,0.034801865284766934,-0.034505159311927894,0.010384709049366262,0.35152676464417792,-0.010925761117484504,0.054602999999999999,0.0050289999999999996,0.191273,-3.1408072554263957,1.3062567720701161,-3.0511496917514473,0.05458093655216871,0.0050278085854615767,0.19118612834342189,-0.26039558035846688,-0.089543918097607519,0.96134074524151236,-0.023604886646599776,0.99598285460013836,0.086376864199631767,-0.96521342254248543,-0.00020018563737605154,-0.26146320748727203,8.9637603244576236e-05,2.1561748542366989e-05
4.7750310897827148,1790953869.659497,0.00062704086303710938,0.085905105783160907,0.034801865284766934,-0.034505159311927894,0.010384709049366262,0.35152676464417792,-0.010925761117484504,0.054602999999999999,0.0050289999999999996,0.191273,-3.1408072554263957,1.3062567720701161,-3.0511496917514473,0.05458093655216871,0.0050278085854615767,0.19118612834342189,-0.26039558035846688,-0.089543918097607519,0.96134074524151236,-0.023604886646599776,0.99598285460013836,0.086376864199631767,-0.96521342254248543,-0.00020018563737605154,-0.26146320748727203,8.9637603244576236e-05,2.1561748542366989e-05
4.7800300121307373,1790953869.6644959,0.00059795379638671875,0.085905105783160907,0.034801865284766934,-0.034505159311927894,0.010384709049366262,0.35152676464417792,-0.010925761117484504,0.054602999999999999,0.0050289999999999996,0.191273,-3.1408072554263957,1.3062567720701161,-3.0511496917514473,0.05458093655216871,0.0050278085854615767,0.19118612834342189,-0.26039558035846688,-0.089543918097607519,0.96134074524151236,-0.023604886646599776,0.99598285460013836,0.086376864199631767,-0.96521342254248543,-0.00020018563737605154,-0.26146320748727203,8.9637603244576236e-05,2.1561748542366989e-05
4.7850301265716553,1790953869.6694961,0.00060105323791503906,0.085905105783160907,0.034801865284766934,-0.034505159311927894,0.010384709049366262,0.35152676464417792,-0.010925761117484504,0.054602999999999999,0.0050289999999999996,0.191273,-3.1408072554263957,1.3062567720701161,-3.0511496917514473,0.05458093655216871,0.0050278085854615767,0.19118612834342189,-0.26039558035846688,-0.089543918097607519,0.96134074524151236,-0.023604886646599776,0.99598285460013836,0.086376864199631767,-0.96521342254248543,-0.00020018563737605154,-0.26146320748727203,8.9637603244576236e-05,2.1561748542366989e-05
4.7900300025939941,1790953869.6744959,0.00060105323791503906,0.085905105783160907,0.034801865284766934,-0.034505159311927894,0.010384709049366262,0.35152676464417792,-0.010925761117484504,0.054602999999999999,0.0050289999999999996,0.191273,-3.1408072554263957,1.3062567720701161,-3.0511496917514473,0.05458093655216871,0.0050278085854615767,0.19118612834342189,-0.26039558035846688,-0.089543918097607519,0.96134074524151236,-0.023604886646599776,0.99598285460013836,0.086376864199631767,-0.96521342254248543,-0.00020018563737605154,-0.26146320748727203,8.9637603244576236e-05,2.1561748542366989e-05
4.7950429916381836,1790953869.6795089,0.00061392784118652344,0.085905105783160907,0.034801865284766934,-0.034505159311927894,0.010384709049366262,0.35152676464417792,-0.010925761117484504,0.054602999999999999,0.0050289999999999996,0.191273,-3.1408072554263957,1.3062567720701161,-3.0511496917514473,0.05458093655216871,0.0050278085854615767,0.19118612834342189,-0.26039558035846688,-0.089543918097607519,0.96134074524151236,-0.023604886646599776,0.99598285460013836,0.086376864199631767,-0.96521342254248543,-0.00020018563737605154,-0.26146320748727203,8.9637603244576236e-05,2.1561748542366989e-05
4.8000311851501465,1790953869.6844971,0.00060200691223144531,0.085905105783160907,0.034801865284766934,-0.034505159311927894,0.010384709049366262,0.35152676464417792,-0.010925761117484504,0.054602999999999999,0.0050289999999999996,0.191273,-3.1408072554263957,1.3062567720701161,-3.0511496917514473,0.05458093655216871,0.0050278085854615767,0.19118612834342189,-0.26039558035846688,-0.089543918097607519,0.96134074524151236,-0.023604886646599776,0.99598285460013836,0.086376864199631767,-0.96521342254248543,-0.00020018563737605154,-0.26146320748727203,8.9637603244576236e-05,2.1561748542366989e-05
4.8050301074981689,1790953869.689496,0.00060105323791503906,0.085905105783160907,0.034801865284766934,-0.034505159311927894,0.010384709049366262,0.35152676464417792,-0.010925761117484504,0.054602999999999999,0.0050289999999999996,0.191273,-3.1408072554263957,1.3062567720701161,-3.0511496917514473,0.05458093655216871,0.0050278085854615767,0.19118612834342189,-0.26039558035846688,-0.089543918097607519,0.96134074524151236,-0.023604886646599776,0.99598285460013836,0.086376864199631767,-0.96521342254248543,-0.00020018563737605154,-0.26146320748727203,8.9637603244576236e-05,2.1561748542366989e-05
4.8100321292877197,1790953869.6944981,0.00060296058654785156,0.085905105783160907,0.034801865284766934,-0.034505159311927894,0.010384709049366262,0.35152676464417792,-0.010925761117484504,0.054602999999999999,0.0050289999999999996,0.191273,-3.1408072554263957,1.3062567720701161,-3.0511496917514473,0.05458093655216871,0.0050278085854615767,0.19118612834342189,-0.26039558035846688,-0.089543918097607519,0.96134074524151236,-0.023604886646599776,0.99598285460013836,0.086376864199631767,-0.96521342254248543,-0.00020018563737605154,-0.26146320748727203,8.9637603244576236e-05,2.1561748542366989e-05
4.8150310516357422,1790953869.699497,0.00061488151550292969,0.085905105783160907,0.034801865284766934,-0.034505159311927894,0.010384709049366262,0.35152676464417792,-0.010925761117484504,0.054602999999999999,0.0050289999999999996,0.191273,-3.1408072554263957,1.3062567720701161,-3.0511496917514473,0.05458093655216871,0.0050278085854615767,0.19118612834342189,-0.26039558035846688,-0.089543918097607519,0.96134074524151236,-0.023604886646599776,0.99598285460013836,0.086376864199631767,-0.96521342254248543,-0.00020018563737605154,-0.26146320748727203,8.9637603244576236e-05,2.1561748542366989e-05
4.8200321197509766,1790953869.7044981,0.00060200691223144531,0.085905105783160907,0.034801865284766934,-0.034505159311927894,0.010384709049366262,0.35152676464417792,-0.010925761117484504,0.054602999999999999,0.0050289999999999996,0.191273,-3.1408072554263957,1.3062567720701161,-3.0511496917514473,0.05458093655216871,0.0050278085854615767,0.19118612834342189,-0.26039558035846688,-0.089543918097607519,0.96134074524151236,-0.023604886646599776,0.99598285460013836,0.086376864199631767,-0.96521342254248543,-0.00020018563737605154,-0.26146320748727203,8.9637603244576236e-05,2.1561748542366989e-05
4.825031042098999,1790953869.709497,0.00059795379638671875,0.085905105783160907,0.034801865284766934,-0.034505159311927894,0.010384709049366262,0.35152676464417792,-0.010925761117484504,0.054602999999999999,0.0050289999999999996,0.191273,-3.1408072554263957,1.3062567720701161,-3.0511496917514473,0.05458093655216871,0.0050278085854615767,0.19118612834342189,-0.26039558035846688,-0.089543918097607519,0.96134074524151236,-0.023604886646599776,0.99598285460013836,0.086376864199631767,-0.96521342254248543,-0.00020018563737605154,-0.26146320748727203,8.9637603244576236e-05,2.1561748542366989e-05
4.8300321102142334,1790953869.714498,0.00060200691223144531,0.085905105783160907,0.034801865284766934,-0.034505159311927894,0.010384709049366262,0.35152676464417792,-0.010925761117484504,0.054602999999999999,0.0050289999999999996,0.191273,-3.1408072554263957,1.3062567720701161,-3.0511496917514473,0.05458093655216871,0.0050278085854615767,0.19118612834342189,-0.26039558035846688,-0.089543918097607519,0.96134074524151236,-0.023604886646599776,0.99598285460013836,0.086376864199631767,-0.96521342254248543,-0.00020018563737605154,-0.26146320748727203,8.9637603244576236e-05,2.1561748542366989e-05
4.8350310325622559,1790953869.719497,0.00060987472534179688,0.085905105783160907,0.034801865284766934,-0.034505159311927894,0.010384709049366262,0.35152676464417792,-0.010925761117484504,0.054602999999999999,0.0050289999999999996,0.191273,-3.1408072554263957,1.3062567720701161,-3.0511496917514473,0.05458093655216871,0.0050278085854615767,0.19118612834342189,-0.26039558035846688,-0.089543918097607519,0.96134074524151236,-0.023604886646599776,0.99598285460013836,0.086376864199631767,-0.96521342254248543,-0.00020018563737605154,-0.26146320748727203,8.9637603244576236e-05,2.1561748542366989e-05
4.8400311470031738,1790953869.7244971,0.00060105323791503906,0.085905105783160907,0.034801865284766934,-0.034505159311927894,0.010384709049366262,0.35152676464417792,-0.010925761117484504,0.054602999999999999,0.0050289999999999996,0.191273,-3.1408072554263957,1.3062567720701161,-3.0511496917514473,0.05458093655216871,0.0050278085854615767,0.19118612834342189,-0.26039558035846688,-0.089543918097607519,0.96134074524151236,-0.023604886646599776,0.99598285460013836,0.086376864199631767,-0.96521342254248543,-0.00020018563737605154,-0.26146320748727203,8.9637603244576236e-05,2.1561748542366989e-05
4.8450310230255127,1790953869.729497,0.00060200691223144531,0.085905105783160907,0.034801865284766934,-0.034505159311927894,0.010384709049366262,0.35152676464417792,-0.010925761117484504,0.054602999999999999,0.0050289999999999996,0.191273,-3.1408072554263957,1.3062567720701161,-3.0511496917514473,0.05458093655216871,0.0050278085854615767,0.19118612834342189,-0.26039558035846688,-0.089543918097607519,0.96134074524151236,-0.023604886646599776,0.99598285460013836,0.086376864199631767,-0.96521342254248543,-0.00020018563737605154,-0.26146320748727203,8.9637603244576236e-05,2.1561748542366989e-05
4.8500330448150635,1790953869.734499,0.00060391426086425781,0.085905105783160907,0.034801865284766934,-0.034505159311927894,0.010384709049366262,0.35152676464417792,-0.010925761117484504,0.054602999999999999,0.0050289999999999996,0.191273,-3.1408072554263957,1.3062567720701161,-3.0511496917514473,0.05458093655216871,0.0050278085854615767,0.19118612834342189,-0.26039558035846688,-0.089543918097607519,0.96134074524151236,-0.023604886646599776,0.99598285460013836,0.086376864199631767,-0.96521342254248543,-0.00020018563737605154,-0.26146320748727203,8.9637603244576236e-05,2.1561748542366989e-05
4.8550310134887695,1790953869.7394969,0.00060296058654785156,0.085905105783160907,0.034801865284766934,-0.034505159311927894,0.010384709049366262,0.35152676464417792,-0.010925761117484504,0.054602999999999999,0.0050289999999999996,0.191273,-3.1408072554263957,1.3062567720701161,-3.0511496917514473,0.05458093655216871,0.0050278085854615767,0.19118612834342189,-0.26039558035846688,-0.089543918097607519,0.96134074524151236,-0.023604886646599776,0.99598285460013836,0.086376864199631767,-0.96521342254248543,-0.00020018563737605154,-0.26146320748727203,8.9637603244576236e-05,2.1561748542366989e-05
4.8600311279296875,1790953869.7444971,0.00060105323791503906,0.085905105783160907,0.034801865284766934,-0.034505159311927894,0.010384709049366262,0.35152676464417792,-0.010925761117484504,0.054602999999999999,0.0050289999999999996,0.191273,-3.1408072554263957,1.3062567720701161,-3.0511496917514473,0.05458093655216871,0.0050278085854615767,0.19118612834342189,-0.26039558035846688,-0.089543918097607519,0.96134074524151236,-0.023604886646599776,0.99598285460013836,0.086376864199631767,-0.96521342254248543,-0.00020018563737605154,-0.26146320748727203,8.9637603244576236e-05,2.1561748542366989e-05
4.8650290966033936,1790953869.749495,0.00059604644775390625,0.085905105783160907,0.034801865284766934,-0.034505159311927894,0.010384709049366262,0.35152676464417792,-0.010925761117484504,0.054602999999999999,0.0050289999999999996,0.191273,-3.1408072554263957,1.3062567720701161,-3.0511496917514473,0.05458093655216871,0.0050278085854615767,0.19118612834342189,-0.26039558035846688,-0.089543918097607519,0.96134074524151236,-0.023604886646599776,0.99598285460013836,0.086376864199631767,-0.96521342254248543,-0.00020018563737605154,-0.26146320748727203,8.9637603244576236e-05,2.1561748542366989e-05
4.8700301647186279,1790953869.7544961,0.00060105323791503906,0.085905105783160907,0.034801865284766934,-0.034505159311927894,0.010384709049366262,0.35152676464417792,-0.010925761117484504,0.054602999999999999,0.0050289999999999996,0.191273,-3.1408072554263957,1.3062567720701161,-3.0511496917514473,0.05458093655216871,0.0050278085854615767,0.19118612834342189,-0.26039558035846688,-0.089543918097607519,0.96134074524151236,-0.023604886646599776,0.99598285460013836,0.086376864199631767,-0.96521342254248543,-0.00020018563737605154,-0.26146320748727203,8.9637603244576236e-05,2.1561748542366989e-05
4.8750300407409668,1790953869.759496,0.00060105323791503906,0.085905105783160907,0.034801865284766934,-0.034505159311927894,0.010384709049366262,0.35152676464417792,-0.010925761117484504,0.054602999999999999,0.0050289999999999996,0.191273,-3.1408072554263957,1.3062567720701161,-3.0511496917514473,0.05458093655216871,0.0050278085854615767,0.19118612834342189,-0.26039558035846688,-0.089543918097607519,0.96134074524151236,-0.023604886646599776,0.99598285460013836,0.086376864199631767,-0.96521342254248543,-0.00020018563737605154,-0.26146320748727203,8.9637603244576236e-05,2.1561748542366989e-05
4.8800320625305176,1790953869.764498,0.00060009956359863281,0.085905105783160907,0.034801865284766934,-0.034505159311927894,0.010384709049366262,0.35152676464417792,-0.010925761117484504,0.054602999999999999,0.0050289999999999996,0.191273,-3.1408072554263957,1.3062567720701161,-3.0511496917514473,0.05458093655216871,0.0050278085854615767,0.19118612834342189,-0.26039558035846688,-0.089543918097607519,0.96134074524151236,-0.023604886646599776,0.99598285460013836,0.086376864199631767,-0.96521342254248543,-0.00020018563737605154,-0.26146320748727203,8.9637603244576236e-05,2.1561748542366989e-05
4.88503098487854,1790953869.7694969,0.00062489509582519531,0.085905105783160907,0.034801865284766934,-0.034505159311927894,0.010384709049366262,0.35152676464417792,-0.010925761117484504,0.054602999999999999,0.0050289999999999996,0.191273,-3.1408072554263957,1.3062567720701161,-3.0511496917514473,0.05458093655216871,0.0050278085854615767,0.19118612834342189,-0.26039558035846688,-0.089543918097607519,0.96134074524151236,-0.023604886646599776,0.99598285460013836,0.086376864199631767,-0.96521342254248543,-0.00020018563737605154,-0.26146320748727203,8.9637603244576236e-05,2.1561748542366989e-05
4.8900301456451416,1790953869.7744961,0.00060009956359863281,0.085905105783160907,0.034801865284766934,-0.034505159311927894,0.010384709049366262,0.35152676464417792,-0.010925761117484504,0.054602999999999999,0.0050289999999999996,0.191273,-3.1408072554263957,1.3062567720701161,-3.0511496917514473,0.05458093655216871,0.0050278085854615767,0.19118612834342189,-0.26039558035846688,-0.089543918097607519,0.96134074524151236,-0.023604886646599776,0.99598285460013836,0.086376864199631767,-0.96521342254248543,-0.00020018563737605154,-0.26146320748727203,8.9637603244576236e-05,2.1561748542366989e-05
4.8950300216674805,1790953869.779496,0.00059986114501953125,0.085905105783160907,0.034801865284766934,-0.034505159311927894,0.010384709049366262,0.35152676464417792,-0.010925761117484504,0.054602999999999999,0.0050289999999999996,0.191273,-3.1408072554263957,1.3062567720701161,-3.0511496917514473,0.05458093655216871,0.0050278085854615767,0.19118612834342189,-0.26039558035846688,-0.089543918097607519,0.96134074524151236,-0.023604886646599776,0.99598285460013836,0.086376864199631767,-0.96521342254248543,-0.00020018563737605154,-0.26146320748727203,8.9637603244576236e-05,2.1561748542366989e-05
4.9000301361083984,1790953869.7844961,0.00060009956359863281,0.085905105783160907,0.034801865284766934,-0.034505159311927894,0.010384709049366262,0.35152676464417792,-0.010925761117484504,0.054602999999999999,0.0050289999999999996,0.191273,-3.1408072554263957,1.3062567720701161,-3.0511496917514473,0.05458093655216871,0.0050278085854615767,0.19118612834342189,-0.26039558035846688,-0.089543918097607519,0.96134074524151236,-0.023604886646599776,0.99598285460013836,0.086376864199631767,-0.96521342254248543,-0.00020018563737605154,-0.26146320748727203,8.9637603244576236e-05,2.1561748542366989e-05
4.9050300121307373,1790953869.7894959,0.00062704086303710938,0.085905105783160907,0.034801865284766934,-0.034505159311927894,0.010384709049366262,0.35152676464417792,-0.010925761117484504,0.054602999999999999,0.0050289999999999996,0.191273,-3.1408072554263957,1.3062567720701161,-3.0511496917514473,0.05458093655216871,0.0050278085854615767,0.19118612834342189,-0.26039558035846688,-0.089543918097607519,0.96134074524151236,-0.023604886646599776,0.99598285460013836,0.086376864199631767,-0.96521342254248543,-0.00020018563737605154,-0.26146320748727203,8.9637603244576236e-05,2.1561748542366989e-05
4.9100291728973389,1790953869.7944951,0.00060105323791503906,0.085905105783160907,0.034801865284766934,-0.034505159311927894,0.010384709049366262,0.35152676464417792,-0.010925761117484504,0.054602999999999999,0.0050289999999999996,0.191273,-3.1408072554263957,1.3062567720701161,-3.0511496917514473,0.05458093655216871,0.0050278085854615767,0.19118612834342189,-0.26039558035846688,-0.089543918097607519,0.96134074524151236,-0.023604886646599776,0.99598285460013836,0.086376864199631767,-0.96521342254248543,-0.00020018563737605154,-0.26146320748727203,8.9637603244576236e-05,2.1561748542366989e-05
4.9150049686431885,1790953869.7994709,0.00057482719421386719,0.085905105783160907,0.034801865284766934,-0.034505159311927894,0.010384709049366262,0.35152676464417792,-0.010925761117484504,0.054602999999999999,0.0050289999999999996,0.191273,-3.1408072554263957,1.3062567720701161,-3.0511496917514473,0.05458093655216871,0.0050278085854615767,0.19118612834342189,-0.26039558035846688,-0.089543918097607519,0.96134074524151236,-0.023604886646599776,0.99598285460013836,0.086376864199631767,-0.96521342254248543,-0.00020018563737605154,-0.26146320748727203,8.9637603244576236e-05,2.1561748542366989e-05
4.9200301170349121,1790953869.804496,0.00059795379638671875,0.085905105783160907,0.034801865284766934,-0.034505159311927894,0.010384709049366262,0.35152676464417792,-0.010925761117484504,0.054602999999999999,0.0050289999999999996,0.191273,-3.1408072554263957,1.3062567720701161,-3.0511496917514473,0.05458093655216871,0.0050278085854615767,0.19118612834342189,-0.26039558035846688,-0.089543918097607519,0.96134074524151236,-0.023604886646599776,0.99598285460013836,0.086376864199631767,-0.96521342254248543,-0.00020018563737605154,-0.26146320748727203,8.9637603244576236e-05,2.1561748542366989e-05
4.9250290393829346,1790953869.809495,0.00059986114501953125,0.085905105783160907,0.034801865284766934,-0.034505159311927894,0.010384709049366262,0.35152676464417792,-0.010925761117484504,0.054602999999999999,0.0050289999999999996,0.191273,-3.1408072554263957,1.3062567720701161,-3.0511496917514473,0.05458093655216871,0.0050278085854615767,0.19118612834342189,-0.26039558035846688,-0.089543918097607519,0.96134074524151236,-0.023604886646599776,0.99598285460013836,0.086376864199631767,-0.96521342254248543,-0.00020018563737605154,-0.26146320748727203,8.9637603244576236e-05,2.1561748542366989e-05
4.9300320148468018,1790953869.8144979,0.00060296058654785156,0.085905105783160907,0.034801865284766934,-0.034505159311927894,0.010384709049366262,0.35152676464417792,-0.010925761117484504,0.054602999999999999,0.0050289999999999996,0.191273,-3.1408072554263957,1.3062567720701161,-3.0511496917514473,0.05458093655216871,0.0050278085854615767,0.19118612834342189,-0.26039558035846688,-0.089543918097607519,0.96134074524151236,-0.023604886646599776,0.99598285460013836,0.086376864199631767,-0.96521342254248543,-0.00020018563737605154,-0.26146320748727203,8.9637603244576236e-05,2.1561748542366989e-05
4.9350290298461914,1790953869.819495,0.00060105323791503906,0.085905105783160907,0.034801865284766934,-0.034505159311927894,0.010384709049366262,0.35152676464417792,-0.010925761117484504,0.054602999999999999,0.0050289999999999996,0.191273,-3.1408072554263957,1.3062567720701161,-3.0511496917514473,0.05458093655216871,0.0050278085854615767,0.19118612834342189,-0.26039558035846688,-0.089543918097607519,0.96134074524151236,-0.023604886646599776,0.99598285460013836,0.086376864199631767,-0.96521342254248543,-0.00020018563737605154,-0.26146320748727203,8.9637603244576236e-05,2.1561748542366989e-05
4.9400300979614258,1790953869.824496,0.00060105323791503906,0.085905105783160907,0.034801865284766934,-0.034505159311927894,0.010384709049366262,0.35152676464417792,-0.010925761117484504,0.054602999999999999,0.0050289999999999996,0.191273,-3.1408072554263957,1.3062567720701161,-3.0511496917514473,0.05458093655216871,0.0050278085854615767,0.19118612834342189,-0.26039558035846688,-0.089543918097607519,0.96134074524151236,-0.023604886646599776,0.99598285460013836,0.086376864199631767,-0.96521342254248543,-0.00020018563737605154,-0.26146320748727203,8.9637603244576236e-05,2.1561748542366989e-05
4.9450321197509766,1790953869.8294981,0.00060009956359863281,0.085905105783160907,0.034801865284766934,-0.034505159311927894,0.010384709049366262,0.35152676464417792,-0.010925761117484504,0.054602999999999999,0.0050289999999999996,0.191273,-3.1408072554263957,1.3062567720701161,-3.0511496917514473,0.05458093655216871,0.0050278085854615767,0.19118612834342189,-0.26039558035846688,-0.089543918097607519,0.96134074524151236,-0.023604886646599776,0.99598285460013836,0.086376864199631767,-0.96521342254248543,-0.00020018563737605154,-0.26146320748727203,8.9637603244576236e-05,2.1561748542366989e-05
4.9500329494476318,1790953869.8344989,0.00060296058654785156,0.085905105783160907,0.034801865284766934,-0.034505159311927894,0.010384709049366262,0.35152676464417792,-0.010925761117484504,0.054602999999999999,0.0050289999999999996,0.191273,-3.1408072554263957,1.3062567720701161,-3.0511496917514473,0.05458093655216871,0.0050278085854615767,0.19118612834342189,-0.26039558035846688,-0.089543918097607519,0.96134074524151236,-0.023604886646599776,0.99598285460013836,0.086376864199631767,-0.96521342254248543,-0.00020018563737605154,-0.26146320748727203,8.9637603244576236e-05,2.1561748542366989e-05
4.9550299644470215,1790953869.8394959,0.0006008148193359375,0.085905105783160907,0.034801865284766934,-0.034505159311927894,0.010384709049366262,0.35152676464417792,-0.010925761117484504,0.054602999999999999,0.0050289999999999996,0.191273,-3.1408072554263957,1.3062567720701161,-3.0511496917514473,0.05458093655216871,0.0050278085854615767,0.19118612834342189,-0.26039558035846688,-0.089543918097607519,0.96134074524151236,-0.023604886646599776,0.99598285460013836,0.086376864199631767,-0.96521342254248543,-0.00020018563737605154,-0.26146320748727203,8.9637603244576236e-05,2.1561748542366989e-05
4.9600319862365723,1790953869.8444979,0.00060296058654785156,0.085905105783160907,0.034801865284766934,-0.034505159311927894,0.010384709049366262,0.35152676464417792,-0.010925761117484504,0.054602999999999999,0.0050289999999999996,0.191273,-3.1408072554263957,1.3062567720701161,-3.0511496917514473,0.05458093655216871,0.0050278085854615767,0.19118612834342189,-0.26039558035846688,-0.089543918097607519,0.96134074524151236,-0.023604886646599776,0.99598285460013836,0.086376864199631767,-0.96521342254248543,-0.00020018563737605154,-0.26146320748727203,8.9637603244576236e-05,2.1561748542366989e-05
4.9650290012359619,1790953869.8494949,0.00059986114501953125,0.085905105783160907,0.034801865284766934,-0.034505159311927894,0.010384709049366262,0.35152676464417792,-0.010925761117484504,0.054602999999999999,0.0050289999999999996,0.191273,-3.1408072554263957,1.3062567720701161,-3.0511496917514473,0.05458093655216871,0.0050278085854615767,0.19118612834342189,-0.26039558035846688,-0.089543918097607519,0.96134074524151236,-0.023604886646599776,0.99598285460013836,0.086376864199631767,-0.96521342254248543,-0.00020018563737605154,-0.26146320748727203,8.9637603244576236e-05,2.1561748542366989e-05
4.9700300693511963,1790953869.854496,0.00059390068054199219,0.085905105783160907,0.034801865284766934,-0.034505159311927894,0.010384709049366262,0.35152676464417792,-0.010925761117484504,0.054602999999999999,0.0050289999999999996,0.191273,-3.1408072554263957,1.3062567720701161,-3.0511496917514473,0.05458093655216871,0.0050278085854615767,0.19118612834342189,-0.26039558035846688,-0.089543918097607519,0.96134074524151236,-0.023604886646599776,0.99598285460013836,0.086376864199631767,-0.96521342254248543,-0.00020018563737605154,-0.26146320748727203,8.9637603244576236e-05,2.1561748542366989e-05
4.9750051498413086,1790953869.8594711,0.00057005882263183594,0.085905105783160907,0.034801865284766934,-0.034505159311927894,0.010384709049366262,0.35152676464417792,-0.010925761117484504,0.054602999999999999,0.0050289999999999996,0.191273,-3.1408072554263957,1.3062567720701161,-3.0511496917514473,0.05458093655216871,0.0050278085854615767,0.19118612834342189,-0.26039558035846688,-0.089543918097607519,0.96134074524151236,-0.023604886646599776,0.99598285460013836,0.086376864199631767,-0.96521342254248543,-0.00020018563737605154,-0.26146320748727203,8.9637603244576236e-05,2.1561748542366989e-05
4.9800319671630859,1790953869.8644979,0.00060200691223144531,0.085905105783160907,0.034801865284766934,-0.034505159311927894,0.010384709049366262,0.35152676464417792,-0.010925761117484504,0.054602999999999999,0.0050289999999999996,0.191273,-3.1408072554263957,1.3062567720701161,-3.0511496917514473,0.05458093655216871,0.0050278085854615767,0.19118612834342189,-0.26039558035846688,-0.089543918097607519,0.96134074524151236,-0.023604886646599776,0.99598285460013836,0.086376864199631767,-0.96521342254248543,-0.00020018563737605154,-0.26146320748727203,8.9637603244576236e-05,2.1561748542366989e-05
4.9850320816040039,1790953869.869498,0.00061106681823730469,0.085905105783160907,0.034801865284766934,-0.034505159311927894,0.010384709049366262,0.35152676464417792,-0.010925761117484504,0.054602999999999999,0.0050289999999999996,0.191273,-3.1408072554263957,1.3062567720701161,-3.0511496917514473,0.05458093655216871,0.0050278085854615767,0.19118612834342189,-0.26039558035846688,-0.089543918097607519,0.96134074524151236,-0.023604886646599776,0.99598285460013836,0.086376864199631767,-0.96521342254248543,-0.00020018563737605154,-0.26146320748727203,8.9637603244576236e-05,2.1561748542366989e-05
4.9900319576263428,1790953869.8744979,0.00059580802917480469,0.085905105783160907,0.034801865284766934,-0.034505159311927894,0.010384709049366262,0.35152676464417792,-0.010925761117484504,0.054602999999999999,0.0050289999999999996,0.191273,-3.1408072554263957,1.3062567720701161,-3.0511496917514473,0.05458093655216871,0.0050278085854615767,0.19118612834342189,-0.26039558035846688,-0.089543918097607519,0.96134074524151236,-0.023604886646599776,0.99598285460013836,0.086376864199631767,-0.96521342254248543,-0.00020018563737605154,-0.26146320748727203,8.9637603244576236e-05,2.1561748542366989e-05
4.9950051307678223,1790953869.8794711,0.00056910514831542969,0.085905105783160907,0.034801865284766934,-0.034505159311927894,0.010384709049366262,0.35152676464417792,-0.010925761117484504,0.054602999999999999,0.0050289999999999996,0.191273,-3.1408072554263957,1.3062567720701161,-3.0511496917514473,0.05458093655216871,0.0050278085854615767,0.19118612834342189,-0.26039558035846688,-0.089543918097607519,0.96134074524151236,-0.023604886646599776,0.99598285460013836,0.086376864199631767,-0.96521342254248543,-0.00020018563737605154,-0.26146320748727203,8.9637603244576236e-05,2.1561748542366989e-05
