t_s,timestamp_s,frame_span_s,q1_rad,q2_rad,q3_rad,q4_rad,q5_rad,q6_rad,feedback_x_m,feedback_y_m,feedback_z_m,feedback_roll_rad,feedback_pitch_rad,feedback_yaw_rad,poe_x_m,poe_y_m,poe_z_m,poe_r11,poe_r12,poe_r13,poe_r21,poe_r22,poe_r23,poe_r31,poe_r32,poe_r33,position_error_m,rotation_error_rad
0,1790953701.3530071,0.00060009956359863281,0.034609879067047558,0.034801865284766934,-0.034505159311927894,0.010384709049366262,0.35152676464417792,-0.010925761117484504,0.054789999999999998,0.002222,0.191273,-3.1408072554263957,1.3062567720701161,-3.1024623717600806,0.054766935104992046,0.002222681553777544,0.19118612834342189,-0.26126336610289025,-0.038359374959899294,0.96450506058043761,-0.010222645274526931,0.99926398828257434,0.036972682418168597,-0.96521342254248543,-0.00020018563737605154,-0.26146320748727203,8.9884028692005554e-05,6.4077418858165413e-06
0.0050008296966552734,1790953701.3580079,0.00062799453735351562,0.034609879067047558,0.034801865284766934,-0.034505159311927894,0.010384709049366262,0.35152676464417792,-0.010925761117484504,0.054789999999999998,0.002222,0.191273,-3.1408072554263957,1.3062567720701161,-3.1024623717600806,0.054766935104992046,0.002222681553777544,0.19118612834342189,-0.26126336610289025,-0.038359374959899294,0.96450506058043761,-0.010222645274526931,0.99926398828257434,0.036972682418168597,-0.96521342254248543,-0.00020018563737605154,-0.26146320748727203,8.9884028692005554e-05,6.4077418858165413e-06
0.0099999904632568359,1790953701.3630071,0.00060200691223144531,0.034609879067047558,0.034801865284766934,-0.034505159311927894,0.010384709049366262,0.35152676464417792,-0.010925761117484504,0.054789999999999998,0.002222,0.191273,-3.1408072554263957,1.3062567720701161,-3.1024623717600806,0.054766935104992046,0.002222681553777544,0.19118612834342189,-0.26126336610289025,-0.038359374959899294,0.96450506058043761,-0.010222645274526931,0.99926398828257434,0.036972682418168597,-0.96521342254248543,-0.00020018563737605154,-0.26146320748727203,8.9884028692005554e-05,6.4077418858165413e-06
0.014999866485595703,1790953701.3680069,0.00059986114501953125,0.034609879067047558,0.034801865284766934,-0.034505159311927894,0.010384709049366262,0.35152676464417792,-0.010925761117484504,0.054789999999999998,0.002222,0.191273,-3.1408072554263957,1.3062567720701161,-3.1024623717600806,0.054766935104992046,0.002222681553777544,0.19118612834342189,-0.26126336610289025,-0.038359374959899294,0.96450506058043761,-0.010222645274526931,0.99926398828257434,0.036972682418168597,-0.96521342254248543,-0.00020018563737605154,-0.26146320748727203,8.9884028692005554e-05,6.4077418858165413e-06
0.019999027252197266,1790953701.3730061,0.0005970001220703125,0.034609879067047558,0.034801865284766934,-0.034505159311927894,0.010384709049366262,0.35152676464417792,-0.010925761117484504,0.054789999999999998,0.002222,0.191273,-3.1408072554263957,1.3062567720701161,-3.1024623717600806,0.054766935104992046,0.002222681553777544,0.19118612834342189,-0.26126336610289025,-0.038359374959899294,0.96450506058043761,-0.010222645274526931,0.99926398828257434,0.036972682418168597,-0.96521342254248543,-0.00020018563737605154,-0.26146320748727203,8.9884028692005554e-05,6.4077418858165413e-06
0.024998903274536133,1790953701.378006,0.00062394142150878906,0.034609879067047558,0.034801865284766934,-0.034505159311927894,0.010384709049366262,0.35152676464417792,-0.010925761117484504,0.054789999999999998,0.002222,0.191273,-3.1408072554263957,1.3062567720701161,-3.1024623717600806,0.054766935104992046,0.002222681553777544,0.19118612834342189,-0.26126336610289025,-0.038359374959899294,0.96450506058043761,-0.010222645274526931,0.99926398828257434,0.036972682418168597,-0.96521342254248543,-0.00020018563737605154,-0.26146320748727203,8.9884028692005554e-05,6.4077418858165413e-06
0.029997825622558594,1790953701.3830049,0.0005970001220703125,0.034609879067047558,0.034801865284766934,-0.034505159311927894,0.010384709049366262,0.35152676464417792,-0.010925761117484504,0.054789999999999998,0.002222,0.191273,-3.1408072554263957,1.3062567720701161,-3.1024623717600806,0.054766935104992046,0.002222681553777544,0.19118612834342189,-0.26126336610289025,-0.038359374959899294,0.96450506058043761,-0.010222645274526931,0.99926398828257434,0.036972682418168597,-0.96521342254248543,-0.00020018563737605154,-0.26146320748727203,8.9884028692005554e-05,6.4077418858165413e-06
0.034973859786987305,1790953701.3879809,0.00057697296142578125,0.034609879067047558,0.034801865284766934,-0.034505159311927894,0.010384709049366262,0.35152676464417792,-0.010925761117484504,0.054789999999999998,0.002222,0.191273,-3.1408072554263957,1.3062567720701161,-3.1024623717600806,0.054766935104992046,0.002222681553777544,0.19118612834342189,-0.26126336610289025,-0.038359374959899294,0.96450506058043761,-0.010222645274526931,0.99926398828257434,0.036972682418168597,-0.96521342254248543,-0.00020018563737605154,-0.26146320748727203,8.9884028692005554e-05,6.4077418858165413e-06
0.039996862411499023,1790953701.3930039,0.00059986114501953125,0.034609879067047558,0.034801865284766934,-0.034505159311927894,0.010384709049366262,0.35152676464417792,-0.010925761117484504,0.054789999999999998,0.002222,0.191273,-3.1408072554263957,1.3062567720701161,-3.1024623717600806,0.054766935104992046,0.002222681553777544,0.19118612834342189,-0.26126336610289025,-0.038359374959899294,0.96450506058043761,-0.010222645274526931,0.99926398828257434,0.036972682418168597,-0.96521342254248543,-0.00020018563737605154,-0.26146320748727203,8.9884028692005554e-05,6.4077418858165413e-06
0.045027971267700195,1790953701.398035,0.00065398216247558594,0.034609879067047558,0.034801865284766934,-0.034505159311927894,0.010384709049366262,0.35152676464417792,-0.010925761117484504,0.054789999999999998,0.002222,0.191273,-3.1408072554263957,1.3062567720701161,-3.1024623717600806,0.054766935104992046,0.002222681553777544,0.19118612834342189,-0.26126336610289025,-0.038359374959899294,0.96450506058043761,-0.010222645274526931,0.99926398828257434,0.036972682418168597,-0.96521342254248543,-0.00020018563737605154,-0.26146320748727203,8.9884028692005554e-05,6.4077418858165413e-06
0.049996852874755859,1790953701.4030039,0.00059795379638671875,0.034609879067047558,0.034801865284766934,-0.034505159311927894,0.010384709049366262,0.35152676464417792,-0.010925761117484504,0.054789999999999998,0.002222,0.191273,-3.1408072554263957,1.3062567720701161,-3.1024623717600806,0.054766935104992046,0.002222681553777544,0.19118612834342189,-0.26126336610289025,-0.038359374959899294,0.96450506058043761,-0.010222645274526931,0.99926398828257434,0.036972682418168597,-0.96521342254248543,-0.00020018563737605154,-0.26146320748727203,8.9884028692005554e-05,6.4077418858165413e-06
0.054999828338623047,1790953701.4080069,0.00062680244445800781,0.034609879067047558,0.034801865284766934,-0.034505159311927894,0.010384709049366262,0.35152676464417792,-0.010925761117484504,0.054789999999999998,0.002222,0.191273,-3.1408072554263957,1.3062567720701161,-3.1024623717600806,0.054766935104992046,0.002222681553777544,0.19118612834342189,-0.26126336610289025,-0.038359374959899294,0.96450506058043761,-0.010222645274526931,0.99926398828257434,0.036972682418168597,-0.96521342254248543,-0.00020018563737605154,-0.26146320748727203,8.9884028692005554e-05,6.4077418858165413e-06
0.059994935989379883,1790953701.413002,0.00059795379638671875,0.034609879067047558,0.034801865284766934,-0.034505159311927894,0.010384709049366262,0.35152676464417792,-0.010925761117484504,0.054789999999999998,0.002222,0.191273,-3.1408072554263957,1.3062567720701161,-3.1024623717600806,0.054766935104992046,0.002222681553777544,0.19118612834342189,-0.26126336610289025,-0.038359374959899294,0.96450506058043761,-0.010222645274526931,0.99926398828257434,0.036972682418168597,-0.96521342254248543,-0.00020018563737605154,-0.26146320748727203,8.9884028692005554e-05,6.4077418858165413e-06
0.064973831176757812,1790953701.4179809,0.00057101249694824219,0.034609879067047558,0.034801865284766934,-0.034505159311927894,0.010384709049366262,0.35152676464417792,-0.010925761117484504,0.054789999999999998,0.002222,0.191273,-3.1408072554263957,1.3062567720701161,-3.1024623717600806,0.054766935104992046,0.002222681553777544,0.19118612834342189,-0.26126336610289025,-0.038359374959899294,0.96450506058043761,-0.010222645274526931,0.99926398828257434,0.036972682418168597,-0.96521342254248543,-0.00020018563737605154,-0.26146320748727203,8.9884028692005554e-05,6.4077418858165413e-06
0.069996833801269531,1790953701.4230039,0.0005970001220703125,0.034609879067047558,0.034801865284766934,-0.034505159311927894,0.010384709049366262,0.35152676464417792,-0.010925761117484504,0.054789999999999998,0.002222,0.191273,-3.1408072554263957,1.3062567720701161,-3.1024623717600806,0.054766935104992046,0.002222681553777544,0.19118612834342189,-0.26126336610289025,-0.038359374959899294,0.96450506058043761,-0.010222645274526931,0.99926398828257434,0.036972682418168597,-0.96521342254248543,-0.00020018563737605154,-0.26146320748727203,8.9884028692005554e-05,6.4077418858165413e-06
0.074998855590820312,1790953701.4280059,0.00062298774719238281,0.034609879067047558,0.034801865284766934,-0.034505159311927894,0.010384709049366262,0.35152676464417792,-0.010925761117484504,0.054789999999999998,0.002222,0.191273,-3.1408072554263957,1.3062567720701161,-3.1024623717600806,0.054766935104992046,0.002222681553777544,0.19118612834342189,-0.26126336610289025,-0.038359374959899294,0.96450506058043761,-0.010222645274526931,0.99926398828257434,0.036972682418168597,-0.96521342254248543,-0.00020018563737605154,-0.26146320748727203,8.9884028692005554e-05,6.4077418858165413e-06
0.079999923706054688,1790953701.433007,0.00060200691223144531,0.034609879067047558,0.034801865284766934,-0.034505159311927894,0.010384709049366262,0.35152676464417792,-0.010925761117484504,0.054789999999999998,0.002222,0.191273,-3.1408072554263957,1.3062567720701161,-3.1024623717600806,0.054766935104992046,0.002222681553777544,0.19118612834342189,-0.26126336610289025,-0.038359374959899294,0.96450506058043761,-0.010222645274526931,0.99926398828257434,0.036972682418168597,-0.96521342254248543,-0.00020018563737605154,-0.26146320748727203,8.9884028692005554e-05,6.4077418858165413e-06
0.084997892379760742,1790953701.438005,0.00060105323791503906,0.034609879067047558,0.034801865284766934,-0.034505159311927894,0.010384709049366262,0.35152676464417792,-0.010925761117484504,0.054789999999999998,0.002222,0.191273,-3.1408072554263957,1.3062567720701161,-3.1024623717600806,0.054766935104992046,0.002222681553777544,0.19118612834342189,-0.26126336610289025,-0.038359374959899294,0.96450506058043761,-0.010222645274526931,0.99926398828257434,0.036972682418168597,-0.96521342254248543,-0.00020018563737605154,-0.26146320748727203,8.9884028692005554e-05,6.4077418858165413e-06
0.089998006820678711,1790953701.4430051,0.00059413909912109375,0.034609879067047558,0.034801865284766934,-0.034505159311927894,0.010384709049366262,0.35152676464417792,-0.010925761117484504,0.054789999999999998,0.002222,0.191273,-3.1408072554263957,1.3062567720701161,-3.1024623717600806,0.054766935104992046,0.002222681553777544,0.19118612834342189,-0.26126336610289025,-0.038359374959899294,0.96450506058043761,-0.010222645274526931,0.99926398828257434,0.036972682418168597,-0.96521342254248543,-0.00020018563737605154,-0.26146320748727203,8.9884028692005554e-05,6.4077418858165413e-06
0.094996929168701172,1790953701.448004,0.00062489509582519531,0.034609879067047558,0.034801865284766934,-0.034505159311927894,0.010384709049366262,0.35152676464417792,-0.010925761117484504,0.054789999999999998,0.002222,0.191273,-3.1408072554263957,1.3062567720701161,-3.1024623717600806,0.054766935104992046,0.002222681553777544,0.19118612834342189,-0.26126336610289025,-0.038359374959899294,0.96450506058043761,-0.010222645274526931,0.99926398828257434,0.036972682418168597,-0.96521342254248543,-0.00020018563737605154,-0.26146320748727203,8.9884028692005554e-05,6.4077418858165413e-06
0.099999904632568359,1790953701.453007,0.00060200691223144531,0.034609879067047558,0.034801865284766934,-0.034505159311927894,0.010384709049366262,0.35152676464417792,-0.010925761117484504,0.054789999999999998,0.002222,0.191273,-3.1408072554263957,1.3062567720701161,-3.1024623717600806,0.054766935104992046,0.002222681553777544,0.19118612834342189,-0.26126336610289025,-0.038359374959899294,0.96450506058043761,-0.010222645274526931,0.99926398828257434,0.036972682418168597,-0.96521342254248543,-0.00020018563737605154,-0.26146320748727203,8.9884028692005554e-05,6.4077418858165413e-06
0.10500001907348633,1790953701.4580071,0.00060319900512695312,0.034609879067047558,0.034801865284766934,-0.034505159311927894,0.010384709049366262,0.35152676464417792,-0.010925761117484504,0.054789999999999998,0.002222,0.191273,-3.1408072554263957,1.3062567720701161,-3.1024623717600806,0.054766935104992046,0.002222681553777544,0.19118612834342189,-0.26126336610289025,-0.038359374959899294,0.96450506058043761,-0.010222645274526931,0.99926398828257434,0.036972682418168597,-0.96521342254248543,-0.00020018563737605154,-0.26146320748727203,8.9884028692005554e-05,6.4077418858165413e-06
0.10999798774719238,1790953701.4630051,0.00059103965759277344,0.034609879067047558,0.034801865284766934,-0.034505159311927894,0.010384709049366262,0.35152676464417792,-0.010925761117484504,0.054789999999999998,0.002222,0.191273,-3.1408072554263957,1.3062567720701161,-3.1024623717600806,0.054766935104992046,0.002222681553777544,0.19118612834342189,-0.26126336610289025,-0.038359374959899294,0.96450506058043761,-0.010222645274526931,0.99926398828257434,0.036972682418168597,-0.96521342254248543,-0.00020018563737605154,-0.26146320748727203,8.9884028692005554e-05,6.4077418858165413e-06
0.11497402191162109,1790953701.4679811,0.00057721138000488281,0.034609879067047558,0.034801865284766934,-0.034505159311927894,0.010384709049366262,0.35152676464417792,-0.010925761117484504,0.054789999999999998,0.002222,0.191273,-3.1408072554263957,1.3062567720701161,-3.1024623717600806,0.054766935104992046,0.002222681553777544,0.19118612834342189,-0.26126336610289025,-0.038359374959899294,0.96450506058043761,-0.010222645274526931,0.99926398828257434,0.036972682418168597,-0.96521342254248543,-0.00020018563737605154,-0.26146320748727203,8.9884028692005554e-05,6.4077418858165413e-06
0.11999893188476562,1790953701.473006,0.00060200691223144531,0.034609879067047558,0.034801865284766934,-0.034505159311927894,0.010384709049366262,0.35152676464417792,-0.010925761117484504,0.054789999999999998,0.002222,0.191273,-3.1408072554263957,1.3062567720701161,-3.1024623717600806,0.054766935104992046,0.002222681553777544,0.19118612834342189,-0.26126336610289025,-0.038359374959899294,0.96450506058043761,-0.010222645274526931,0.99926398828257434,0.036972682418168597,-0.96521342254248543,-0.00020018563737605154,-0.26146320748727203,8.9884028692005554e-05,6.4077418858165413e-06
0.12499880790710449,1790953701.4780059,0.00059986114501953125,0.034609879067047558,0.034801865284766934,-0.034505159311927894,0.010384709049366262,0.35152676464417792,-0.010925761117484504,0.054789999999999998,0.002222,0.191273,-3.1408072554263957,1.3062567720701161,-3.1024623717600806,0.054766935104992046,0.002222681553777544,0.19118612834342189,-0.26126336610289025,-0.038359374959899294,0.96450506058043761,-0.010222645274526931,0.99926398828257434,0.036972682418168597,-0.96521342254248543,-0.00020018563737605154,-0.26146320748727203,8.9884028692005554e-05,6.4077418858165413e-06
0.12999892234802246,1790953701.483006,0.00060200691223144531,0.034609879067047558,0.034801865284766934,-0.034505159311927894,0.010384709049366262,0.35152676464417792,-0.010925761117484504,0.054789999999999998,0.002222,0.191273,-3.1408072554263957,1.3062567720701161,-3.1024623717600806,0.054766935104992046,0.002222681553777544,0.19118612834342189,-0.26126336610289025,-0.038359374959899294,0.96450506058043761,-0.010222645274526931,0.99926398828257434,0.036972682418168597,-0.96521342254248543,-0.00020018563737605154,-0.26146320748727203,8.9884028692005554e-05,6.4077418858165413e-06
0.13499903678894043,1790953701.4880061,0.00062704086303710938,0.034609879067047558,0.034801865284766934,-0.034505159311927894,0.010384709049366262,0.35152676464417792,-0.010925761117484504,0.054789999999999998,0.002222,0.191273,-3.1408072554263957,1.3062567720701161,-3.1024623717600806,0.054766935104992046,0.002222681553777544,0.19118612834342189,-0.26126336610289025,-0.038359374959899294,0.96450506058043761,-0.010222645274526931,0.99926398828257434,0.036972682418168597,-0.96521342254248543,-0.00020018563737605154,-0.26146320748727203,8.9884028692005554e-05,6.4077418858165413e-06
0.1399989128112793,1790953701.493006,0.000598907470703125,0.034609879067047558,0.034801865284766934,-0.034505159311927894,0.010384709049366262,0.35152676464417792,-0.010925761117484504,0.054789999999999998,0.002222,0.191273,-3.1408072554263957,1.3062567720701161,-3.1024623717600806,0.054766935104992046,0.002222681553777544,0.19118612834342189,-0.26126336610289025,-0.038359374959899294,0.96450506058043761,-0.010222645274526931,0.99926398828257434,0.036972682418168597,-0.96521342254248543,-0.00020018563737605154,-0.26146320748727203,8.9884028692005554e-05,6.4077418858165413e-06
0.14502286911010742,1790953701.4980299,0.00062084197998046875,0.034609879067047558,0.034801865284766934,-0.034505159311927894,0.010384709049366262,0.35152676464417792,-0.010925761117484504,0.054789999999999998,0.002222,0.191273,-3.1408072554263957,1.3062567720701161,-3.1024623717600806,0.054766935104992046,0.002222681553777544,0.19118612834342189,-0.26126336610289025,-0.038359374959899294,0.96450506058043761,-0.010222645274526931,0.99926398828257434,0.036972682418168597,-0.96521342254248543,-0.00020018563737605154,-0.26146320748727203,8.9884028692005554e-05,6.4077418858165413e-06
0.14999890327453613,1790953701.503006,0.00059795379638671875,0.034609879067047558,0.034801865284766934,-0.034505159311927894,0.010384709049366262,0.35152676464417792,-0.010925761117484504,0.054789999999999998,0.002222,0.191273,-3.1408072554263957,1.3062567720701161,-3.1024623717600806,0.054766935104992046,0.002222681553777544,0.19118612834342189,-0.26126336610289025,-0.038359374959899294,0.96450506058043761,-0.010222645274526931,0.99926398828257434,0.036972682418168597,-0.96521342254248543,-0.00020018563737605154,-0.26146320748727203,8.9884028692005554e-05,6.4077418858165413e-06
0.15497398376464844,1790953701.5079811,0.00057506561279296875,0.034609879067047558,0.034801865284766934,-0.034505159311927894,0.010384709049366262,0.35152676464417792,-0.010925761117484504,0.054789999999999998,0.002222,0.191273,-3.1408072554263957,1.3062567720701161,-3.1024623717600806,0.054766935104992046,0.002222681553777544,0.19118612834342189,-0.26126336610289025,-0.038359374959899294,0.96450506058043761,-0.010222645274526931,0.99926398828257434,0.036972682418168597,-0.96521342254248543,-0.00020018563737605154,-0.26146320748727203,8.9884028692005554e-05,6.4077418858165413e-06
0.15999794006347656,1790953701.513005,0.000598907470703125,0.034609879067047558,0.034801865284766934,-0.034505159311927894,0.010384709049366262,0.35152676464417792,-0.010925761117484504,0.054789999999999998,0.002222,0.191273,-3.1408072554263957,1.3062567720701161,-3.1024623717600806,0.054766935104992046,0.002222681553777544,0.19118612834342189,-0.26126336610289025,-0.038359374959899294,0.96450506058043761,-0.010222645274526931,0.99926398828257434,0.036972682418168597,-0.96521342254248543,-0.00020018563737605154,-0.26146320748727203,8.9884028692005554e-05,6.4077418858165413e-06
0.16500091552734375,1790953701.518008,0.00060391426086425781,0.034609879067047558,0.034801865284766934,-0.034505159311927894,0.010384709049366262,0.35152676464417792,-0.010925761117484504,0.054789999999999998,0.002222,0.191273,-3.1408072554263957,1.3062567720701161,-3.1024623717600806,0.054766935104992046,0.002222681553777544,0.19118612834342189,-0.26126336610289025,-0.038359374959899294,0.96450506058043761,-0.010222645274526931,0.99926398828257434,0.036972682418168597,-0.96521342254248543,-0.00020018563737605154,-0.26146320748727203,8.9884028692005554e-05,6.4077418858165413e-06
0.1699979305267334,1790953701.523005,0.0005970001220703125,0.034609879067047558,0.034801865284766934,-0.034505159311927894,0.010384709049366262,0.35152676464417792,-0.010925761117484504,0.054789999999999998,0.002222,0.191273,-3.1408072554263957,1.3062567720701161,-3.1024623717600806,0.054766935104992046,0.002222681553777544,0.19118612834342189,-0.26126336610289025,-0.038359374959899294,0.96450506058043761,-0.010222645274526931,0.99926398828257434,0.036972682418168597,-0.96521342254248543,-0.00020018563737605154,-0.26146320748727203,8.9884028692005554e-05,6.4077418858165413e-06
0.17499899864196777,1790953701.5280061,0.00060009956359863281,0.034609879067047558,0.034801865284766934,-0.034505159311927894,0.010384709049366262,0.35152676464417792,-0.010925761117484504,0.054789999999999998,0.002222,0.191273,-3.1408072554263957,1.3062567720701161,-3.1024623717600806,0.054766935104992046,0.002222681553777544,0.19118612834342189,-0.26126336610289025,-0.038359374959899294,0.96450506058043761,-0.010222645274526931,0.99926398828257434,0.036972682418168597,-0.96521342254248543,-0.00020018563737605154,-0.26146320748727203,8.9884028692005554e-05,6.4077418858165413e-06
0.17999792098999023,1790953701.533005,0.00060009956359863281,0.034609879067047558,0.034801865284766934,-0.034505159311927894,0.010384709049366262,0.35152676464417792,-0.010925761117484504,0.054789999999999998,0.002222,0.191273,-3.1408072554263957,1.3062567720701161,-3.1024623717600806,0.054766935104992046,0.002222681553777544,0.19118612834342189,-0.26126336610289025,-0.038359374959899294,0.96450506058043761,-0.010222645274526931,0.99926398828257434,0.036972682418168597,-0.96521342254248543,-0.00020018563737605154,-0.26146320748727203,8.9884028692005554e-05,6.4077418858165413e-06
0.1849980354309082,1790953701.5380051,0.00062608718872070312,0.034609879067047558,0.034801865284766934,-0.034505159311927894,0.010384709049366262,0.35152676464417792,-0.010925761117484504,0.054789999999999998,0.002222,0.191273,-3.1408072554263957,1.3062567720701161,-3.1024623717600806,0.054766935104992046,0.002222681553777544,0.19118612834342189,-0.26126336610289025,-0.038359374959899294,0.96450506058043761,-0.010222645274526931,0.99926398828257434,0.036972682418168597,-0.96521342254248543,-0.00020018563737605154,-0.26146320748727203,8.9884028692005554e-05,6.4077418858165413e-06
0.19000101089477539,1790953701.5430081,0.00060200691223144531,0.034609879067047558,0.034801865284766934,-0.034505159311927894,0.010384709049366262,0.35152676464417792,-0.010925761117484504,0.054789999999999998,0.002222,0.191273,-3.1408072554263957,1.3062567720701161,-3.1024623717600806,0.054766935104992046,0.002222681553777544,0.19118612834342189,-0.26126336610289025,-0.038359374959899294,0.96450506058043761,-0.010222645274526931,0.99926398828257434,0.036972682418168597,-0.96521342254248543,-0.00020018563737605154,-0.26146320748727203,8.9884028692005554e-05,6.4077418858165413e-06
0.19499802589416504,1790953701.5480051,0.00060009956359863281,0.034609879067047558,0.034801865284766934,-0.034505159311927894,0.010384709049366262,0.35152676464417792,-0.010925761117484504,0.054789999999999998,0.002222,0.191273,-3.1408072554263957,1.3062567720701161,-3.1024623717600806,0.054766935104992046,0.002222681553777544,0.19118612834342189,-0.26126336610289025,-0.038359374959899294,0.96450506058043761,-0.010222645274526931,0.99926398828257434,0.036972682418168597,-0.96521342254248543,-0.00020018563737605154,-0.26146320748727203,8.9884028692005554e-05,6.4077418858165413e-06
0.19999980926513672,1790953701.5530069,0.0006008148193359375,0.034609879067047558,0.034801865284766934,-0.034505159311927894,0.010384709049366262,0.35152676464417792,-0.010925761117484504,0.054789999999999998,0.002222,0.191273,-3.1408072554263957,1.3062567720701161,-3.1024623717600806,0.054766935104992046,0.002222681553777544,0.19118612834342189,-0.26126336610289025,-0.038359374959899294,0.96450506058043761,-0.010222645274526931,0.99926398828257434,0.036972682418168597,-0.96521342254248543,-0.00020018563737605154,-0.26146320748727203,8.9884028692005554e-05,6.4077418858165413e-06
0.20500898361206055,1790953701.5580161,0.00063109397888183594,0.034609879067047558,0.034801865284766934,-0.034505159311927894,0.010384709049366262,0.35152676464417792,-0.010925761117484504,0.054789999999999998,0.002222,0.191273,-3.1408072554263957,1.3062567720701161,-3.1024623717600806,0.054766935104992046,0.002222681553777544,0.19118612834342189,-0.26126336610289025,-0.038359374959899294,0.96450506058043761,-0.010222645274526931,0.99926398828257434,0.036972682418168597,-0.96521342254248543,-0.00020018563737605154,-0.26146320748727203,8.9884028692005554e-05,6.4077418858165413e-06
0.21000194549560547,1790953701.563009,0.00060105323791503906,0.034609879067047558,0.034801865284766934,-0.034505159311927894,0.010384709049366262,0.35152676464417792,-0.010925761117484504,0.054789999999999998,0.002222,0.191273,-3.1408072554263957,1.3062567720701161,-3.1024623717600806,0.054766935104992046,0.002222681553777544,0.19118612834342189,-0.26126336610289025,-0.038359374959899294,0.96450506058043761,-0.010222645274526931,0.99926398828257434,0.036972682418168597,-0.96521342254248543,-0.00020018563737605154,-0.26146320748727203,8.9884028692005554e-05,6.4077418858165413e-06
0.21497297286987305,1790953701.5679801,0.00057506561279296875,0.034609879067047558,0.034801865284766934,-0.034505159311927894,0.010384709049366262,0.35152676464417792,-0.010925761117484504,0.054789999999999998,0.002222,0.191273,-3.1408072554263957,1.3062567720701161,-3.1024623717600806,0.054766935104992046,0.002222681553777544,0.19118612834342189,-0.26126336610289025,-0.038359374959899294,0.96450506058043761,-0.010222645274526931,0.99926398828257434,0.036972682418168597,-0.96521342254248543,-0.00020018563737605154,-0.26146320748727203,8.9884028692005554e-05,6.4077418858165413e-06
0.22000002861022949,1790953701.5730071,0.00060319900512695312,0.034609879067047558,0.034801865284766934,-0.034505159311927894,0.010384709049366262,0.35152676464417792,-0.010925761117484504,0.054789999999999998,0.002222,0.191273,-3.1408072554263957,1.3062567720701161,-3.1024623717600806,0.054766935104992046,0.002222681553777544,0.19118612834342189,-0.26126336610289025,-0.038359374959899294,0.96450506058043761,-0.010222645274526931,0.99926398828257434,0.036972682418168597,-0.96521342254248543,-0.00020018563737605154,-0.26146320748727203,8.9884028692005554e-05,6.4077418858165413e-06
0.22499799728393555,1790953701.5780051,0.00060009956359863281,0.034609879067047558,0.034801865284766934,-0.034505159311927894,0.010384709049366262,0.35152676464417792,-0.010925761117484504,0.054789999999999998,0.002222,0.191273,-3.1408072554263957,1.3062567720701161,-3.1024623717600806,0.054766935104992046,0.002222681553777544,0.19118612834342189,-0.26126336610289025,-0.038359374959899294,0.96450506058043761,-0.010222645274526931,0.99926398828257434,0.036972682418168597,-0.96521342254248543,-0.00020018563737605154,-0.26146320748727203,8.9884028692005554e-05,6.4077418858165413e-06
0.22999787330627441,1790953701.583005,0.00059986114501953125,0.034609879067047558,0.034801865284766934,-0.034505159311927894,0.010384709049366262,0.35152676464417792,-0.010925761117484504,0.054789999999999998,0.002222,0.191273,-3.1408072554263957,1.3062567720701161,-3.1024623717600806,0.054766935104992046,0.002222681553777544,0.19118612834342189,-0.26126336610289025,-0.038359374959899294,0.96450506058043761,-0.010222645274526931,0.99926398828257434,0.036972682418168597,-0.96521342254248543,-0.00020018563737605154,-0.26146320748727203,8.9884028692005554e-05,6.4077418858165413e-06
0.23497295379638672,1790953701.58798,0.00057196617126464844,0.034609879067047558,0.034801865284766934,-0.034505159311927894,0.010384709049366262,0.35152676464417792,-0.010925761117484504,0.054789999999999998,0.002222,0.191273,-3.1408072554263957,1.3062567720701161,-3.1024623717600806,0.054766935104992046,0.002222681553777544,0.19118612834342189,-0.26126336610289025,-0.038359374959899294,0.96450506058043761,-0.010222645274526931,0.99926398828257434,0.036972682418168597,-0.96521342254248543,-0.00020018563737605154,-0.26146320748727203,8.9884028692005554e-05,6.4077418858165413e-06
0.23999881744384766,1790953701.5930059,0.0005970001220703125,0.034609879067047558,0.034801865284766934,-0.034505159311927894,0.010384709049366262,0.35152676464417792,-0.010925761117484504,0.054789999999999998,0.002222,0.191273,-3.1408072554263957,1.3062567720701161,-3.1024623717600806,0.054766935104992046,0.002222681553777544,0.19118612834342189,-0.26126336610289025,-0.038359374959899294,0.96450506058043761,-0.010222645274526931,0.99926398828257434,0.036972682418168597,-0.96521342254248543,-0.00020018563737605154,-0.26146320748727203,8.9884028692005554e-05,6.4077418858165413e-06
0.24499702453613281,1790953701.5980041,0.00059914588928222656,0.034609879067047558,0.034801865284766934,-0.034505159311927894,0.010384709049366262,0.35152676464417792,-0.010925761117484504,0.054789999999999998,0.002222,0.191273,-3.1408072554263957,1.3062567720701161,-3.1024623717600806,0.054766935104992046,0.002222681553777544,0.19118612834342189,-0.26126336610289025,-0.038359374959899294,0.96450506058043761,-0.010222645274526931,0.99926398828257434,0.036972682418168597,-0.96521342254248543,-0.00020018563737605154,-0.26146320748727203,8.9884028692005554e-05,6.4077418858165413e-06
0.24999785423278809,1790953701.6030049,0.0006008148193359375,0.034609879067047558,0.034801865284766934,-0.034505159311927894,0.010384709049366262,0.35152676464417792,-0.010925761117484504,0.054789999999999998,0.002222,0.191273,-3.1408072554263957,1.3062567720701161,-3.1024623717600806,0.054766935104992046,0.002222681553777544,0.19118612834342189,-0.26126336610289025,-0.038359374959899294,0.96450506058043761,-0.010222645274526931,0.99926398828257434,0.036972682418168597,-0.96521342254248543,-0.00020018563737605154,-0.26146320748727203,8.9884028692005554e-05,6.4077418858165413e-06
0.25499892234802246,1790953701.608006,0.00059795379638671875,0.034609879067047558,0.034801865284766934,-0.034505159311927894,0.010384709049366262,0.35152676464417792,-0.010925761117484504,0.054789999999999998,0.002222,0.191273,-3.1408072554263957,1.3062567720701161,-3.1024623717600806,0.054766935104992046,0.002222681553777544,0.19118612834342189,-0.26126336610289025,-0.038359374959899294,0.96450506058043761,-0.010222645274526931,0.99926398828257434,0.036972682418168597,-0.96521342254248543,-0.00020018563737605154,-0.26146320748727203,8.9884028692005554e-05,6.4077418858165413e-06
0.25999689102172852,1790953701.613004,0.00059986114501953125,0.034609879067047558,0.034801865284766934,-0.034505159311927894,0.010384709049366262,0.35152676464417792,-0.010925761117484504,0.054789999999999998,0.002222,0.191273,-3.1408072554263957,1.3062567720701161,-3.1024623717600806,0.054766935104992046,0.002222681553777544,0.19118612834342189,-0.26126336610289025,-0.038359374959899294,0.96450506058043761,-0.010222645274526931,0.99926398828257434,0.036972682418168597,-0.96521342254248543,-0.00020018563737605154,-0.26146320748727203,8.9884028692005554e-05,6.4077418858165413e-06
0.2649989128112793,1790953701.618006,0.00062394142150878906,0.034609879067047558,0.034801865284766934,-0.034505159311927894,0.010384709049366262,0.35152676464417792,-0.010925761117484504,0.054789999999999998,0.002222,0.191273,-3.1408072554263957,1.3062567720701161,-3.1024623717600806,0.054766935104992046,0.002222681553777544,0.19118612834342189,-0.26126336610289025,-0.038359374959899294,0.96450506058043761,-0.010222645274526931,0.99926398828257434,0.036972682418168597,-0.96521342254248543,-0.00020018563737605154,-0.26146320748727203,8.9884028692005554e-05,6.4077418858165413e-06
0.26999783515930176,1790953701.6230049,0.00059986114501953125,0.034609879067047558,0.034801865284766934,-0.034505159311927894,0.010384709049366262,0.35152676464417792,-0.010925761117484504,0.054789999999999998,0.002222,0.191273,-3.1408072554263957,1.3062567720701161,-3.1024623717600806,0.054766935104992046,0.002222681553777544,0.19118612834342189,-0.26126336610289025,-0.038359374959899294,0.96450506058043761,-0.010222645274526931,0.99926398828257434,0.036972682418168597,-0.96521342254248543,-0.00020018563737605154,-0.26146320748727203,8.9884028692005554e-05,6.4077418858165413e-06
0.27499985694885254,1790953701.6280069,0.00060200691223144531,0.034609879067047558,0.034801865284766934,-0.034505159311927894,0.010384709049366262,0.35152676464417792,-0.010925761117484504,0.054789999999999998,0.002222,0.191273,-3.1408072554263957,1.3062567720701161,-3.1024623717600806,0.054766935104992046,0.002222681553777544,0.19118612834342189,-0.26126336610289025,-0.038359374959899294,0.96450506058043761,-0.010222645274526931,0.99926398828257434,0.036972682418168597,-0.96521342254248543,-0.00020018563737605154,-0.26146320748727203,8.9884028692005554e-05,6.4077418858165413e-06
0.2799990177154541,1790953701.6330061,0.00060200691223144531,0.034609879067047558,0.034801865284766934,-0.034505159311927894,0.010384709049366262,0.35152676464417792,-0.010925761117484504,0.054789999999999998,0.002222,0.191273,-3.1408072554263957,1.3062567720701161,-3.1024623717600806,0.054766935104992046,0.002222681553777544,0.19118612834342189,-0.26126336610289025,-0.038359374959899294,0.96450506058043761,-0.010222645274526931,0.99926398828257434,0.036972682418168597,-0.96521342254248543,-0.00020018563737605154,-0.26146320748727203,8.9884028692005554e-05,6.4077418858165413e-06
0.28499698638916016,1790953701.6380041,0.00060009956359863281,0.034609879067047558,0.034801865284766934,-0.034505159311927894,0.010384709049366262,0.35152676464417792,-0.010925761117484504,0.054789999999999998,0.002222,0.191273,-3.1408072554263957,1.3062567720701161,-3.1024623717600806,0.054766935104992046,0.002222681553777544,0.19118612834342189,-0.26126336610289025,-0.038359374959899294,0.96450506058043761,-0.010222645274526931,0.99926398828257434,0.036972682418168597,-0.96521342254248543,-0.00020018563737605154,-0.26146320748727203,8.9884028692005554e-05,6.4077418858165413e-06
0.28999781608581543,1790953701.6430049,0.0005970001220703125,0.034609879067047558,0.034801865284766934,-0.034505159311927894,0.010384709049366262,0.35152676464417792,-0.010925761117484504,0.054789999999999998,0.002222,0.191273,-3.1408072554263957,1.3062567720701161,-3.1024623717600806,0.054766935104992046,0.002222681553777544,0.19118612834342189,-0.26126336610289025,-0.038359374959899294,0.96450506058043761,-0.010222645274526931,0.99926398828257434,0.036972682418168597,-0.96521342254248543,-0.00020018563737605154,-0.26146320748727203,8.9884028692005554e-05,6.4077418858165413e-06
0.29499983787536621,1790953701.6480069,0.00059795379638671875,0.034609879067047558,0.034801865284766934,-0.034505159311927894,0.010384709049366262,0.35152676464417792,-0.010925761117484504,0.054789999999999998,0.002222,0.191273,-3.1408072554263957,1.3062567720701161,-3.1024623717600806,0.054766935104992046,0.002222681553777544,0.19118612834342189,-0.26126336610289025,-0.038359374959899294,0.96450506058043761,-0.010222645274526931,0.99926398828257434,0.036972682418168597,-0.96521342254248543,-0.00020018563737605154,-0.26146320748727203,8.9884028692005554e-05,6.4077418858165413e-06
0.30003881454467773,1790953701.6530459,0.00062990188598632812,0.034609879067047558,0.034801865284766934,-0.034505159311927894,0.010384709049366262,0.35152676464417792,-0.010925761117484504,0.054789999999999998,0.002222,0.191273,-3.1408072554263957,1.3062567720701161,-3.1024623717600806,0.054766935104992046,0.002222681553777544,0.19118612834342189,-0.26126336610289025,-0.038359374959899294,0.96450506058043761,-0.010222645274526931,0.99926398828257434,0.036972682418168597,-0.96521342254248543,-0.00020018563737605154,-0.26146320748727203,8.9884028692005554e-05,6.4077418858165413e-06
0.30499792098999023,1790953701.658005,0.00059604644775390625,0.034609879067047558,0.034801865284766934,-0.034505159311927894,0.010384709049366262,0.35152676464417792,-0.010925761117484504,0.054789999999999998,0.002222,0.191273,-3.1408072554263957,1.3062567720701161,-3.1024623717600806,0.054766935104992046,0.002222681553777544,0.19118612834342189,-0.26126336610289025,-0.038359374959899294,0.96450506058043761,-0.010222645274526931,0.99926398828257434,0.036972682418168597,-0.96521342254248543,-0.00020018563737605154,-0.26146320748727203,8.9884028692005554e-05,6.4077418858165413e-06
0.3099980354309082,1790953701.6630051,0.00059819221496582031,0.034609879067047558,0.034801865284766934,-0.034505159311927894,0.010384709049366262,0.35152676464417792,-0.010925761117484504,0.054789999999999998,0.002222,0.191273,-3.1408072554263957,1.3062567720701161,-3.1024623717600806,0.054766935104992046,0.002222681553777544,0.19118612834342189,-0.26126336610289025,-0.038359374959899294,0.96450506058043761,-0.010222645274526931,0.99926398828257434,0.036972682418168597,-0.96521342254248543,-0.00020018563737605154,-0.26146320748727203,8.9884028692005554e-05,6.4077418858165413e-06
0.31499791145324707,1790953701.668005,0.0005970001220703125,0.034609879067047558,0.034801865284766934,-0.034505159311927894,0.010384709049366262,0.35152676464417792,-0.010925761117484504,0.054789999999999998,0.002222,0.191273,-3.1408072554263957,1.3062567720701161,-3.1024623717600806,0.054766935104992046,0.002222681553777544,0.19118612834342189,-0.26126336610289025,-0.038359374959899294,0.96450506058043761,-0.010222645274526931,0.99926398828257434,0.036972682418168597,-0.96521342254248543,-0.00020018563737605154,-0.26146320748727203,8.9884028692005554e-05,6.4077418858165413e-06
0.31999897956848145,1790953701.6730061,0.00059413909912109375,0.034609879067047558,0.034801865284766934,-0.034505159311927894,0.010384709049366262,0.35152676464417792,-0.010925761117484504,0.054789999999999998,0.002222,0.191273,-3.1408072554263957,1.3062567720701161,-3.1024623717600806,0.054766935104992046,0.002222681553777544,0.19118612834342189,-0.26126336610289025,-0.038359374959899294,0.96450506058043761,-0.010222645274526931,0.99926398828257434,0.036972682418168597,-0.96521342254248543,-0.00020018563737605154,-0.26146320748727203,8.9884028692005554e-05,6.4077418858165413e-06
0.32499885559082031,1790953701.6780059,0.00062584877014160156,0.034609879067047558,0.034801865284766934,-0.034505159311927894,0.010384709049366262,0.35152676464417792,-0.010925761117484504,0.054789999999999998,0.002222,0.191273,-3.1408072554263957,1.3062567720701161,-3.1024623717600806,0.054766935104992046,0.002222681553777544,0.19118612834342189,-0.26126336610289025,-0.038359374959899294,0.96450506058043761,-0.010222645274526931,0.99926398828257434,0.036972682418168597,-0.96521342254248543,-0.00020018563737605154,-0.26146320748727203,8.9884028692005554e-05,6.4077418858165413e-06
0.32999682426452637,1790953701.6830039,0.00059795379638671875,0.034609879067047558,0.034801865284766934,-0.034505159311927894,0.010384709049366262,0.35152676464417792,-0.010925761117484504,0.054789999999999998,0.002222,0.191273,-3.1408072554263957,1.3062567720701161,-3.1024623717600806,0.054766935104992046,0.002222681553777544,0.19118612834342189,-0.26126336610289025,-0.038359374959899294,0.96450506058043761,-0.010222645274526931,0.99926398828257434,0.036972682418168597,-0.96521342254248543,-0.00020018563737605154,-0.26146320748727203,8.9884028692005554e-05,6.4077418858165413e-06
0.33499789237976074,1790953701.688005,0.000598907470703125,0.034609879067047558,0.034801865284766934,-0.034505159311927894,0.010384709049366262,0.35152676464417792,-0.010925761117484504,0.054789999999999998,0.002222,0.191273,-3.1408072554263957,1.3062567720701161,-3.1024623717600806,0.054766935104992046,0.002222681553777544,0.19118612834342189,-0.26126336610289025,-0.038359374959899294,0.96450506058043761,-0.010222645274526931,0.99926398828257434,0.036972682418168597,-0.96521342254248543,-0.00020018563737605154,-0.26146320748727203,8.9884028692005554e-05,6.4077418858165413e-06
0.3399968147277832,1790953701.6930039,0.000598907470703125,0.034609879067047558,0.034801865284766934,-0.034505159311927894,0.010384709049366262,0.35152676464417792,-0.010925761117484504,0.054789999999999998,0.002222,0.191273,-3.1408072554263957,1.3062567720701161,-3.1024623717600806,0.054766935104992046,0.002222681553777544,0.19118612834342189,-0.26126336610289025,-0.038359374959899294,0.96450506058043761,-0.010222645274526931,0.99926398828257434,0.036972682418168597,-0.96521342254248543,-0.00020018563737605154,-0.26146320748727203,8.9884028692005554e-05,6.4077418858165413e-06
0.34499788284301758,1790953701.698005,0.00059986114501953125,0.034609879067047558,0.034801865284766934,-0.034505159311927894,0.010384709049366262,0.35152676464417792,-0.010925761117484504,0.054789999999999998,0.002222,0.191273,-3.1408072554263957,1.3062567720701161,-3.1024623717600806,0.054766935104992046,0.002222681553777544,0.19118612834342189,-0.26126336610289025,-0.038359374959899294,0.96450506058043761,-0.010222645274526931,0.99926398828257434,0.036972682418168597,-0.96521342254248543,-0.00020018563737605154,-0.26146320748727203,8.9884028692005554e-05,6.4077418858165413e-06
0.34999799728393555,1790953701.7030051,0.00060009956359863281,0.034609879067047558,0.034801865284766934,-0.034505159311927894,0.010384709049366262,0.35152676464417792,-0.010925761117484504,0.054789999999999998,0.002222,0.191273,-3.1408072554263957,1.3062567720701161,-3.1024623717600806,0.054766935104992046,0.002222681553777544,0.19118612834342189,-0.26126336610289025,-0.038359374959899294,0.96450506058043761,-0.010222645274526931,0.99926398828257434,0.036972682418168597,-0.96521342254248543,-0.00020018563737605154,-0.26146320748727203,8.9884028692005554e-05,6.4077418858165413e-06
0.35500192642211914,1790953701.708009,0.00060391426086425781,0.034609879067047558,0.034801865284766934,-0.034505159311927894,0.010384709049366262,0.35152676464417792,-0.010925761117484504,0.054789999999999998,0.002222,0.191273,-3.1408072554263957,1.3062567720701161,-3.1024623717600806,0.054766935104992046,0.002222681553777544,0.19118612834342189,-0.26126336610289025,-0.038359374959899294,0.96450506058043761,-0.010222645274526931,0.99926398828257434,0.036972682418168597,-0.96521342254248543,-0.00020018563737605154,-0.26146320748727203,8.9884028692005554e-05,6.4077418858165413e-06
0.35999894142150879,1790953701.713006,0.00060009956359863281,0.034609879067047558,0.034801865284766934,-0.034505159311927894,0.010384709049366262,0.35152676464417792,-0.010925761117484504,0.054789999999999998,0.002222,0.191273,-3.1408072554263957,1.3062567720701161,-3.1024623717600806,0.054766935104992046,0.002222681553777544,0.19118612834342189,-0.26126336610289025,-0.038359374959899294,0.96450506058043761,-0.010222645274526931,0.99926398828257434,0.036972682418168597,-0.96521342254248543,-0.00020018563737605154,-0.26146320748727203,8.9884028692005554e-05,6.4077418858165413e-06
0.36500000953674316,1790953701.7180071,0.00062704086303710938,0.034609879067047558,0.034801865284766934,-0.034505159311927894,0.010384709049366262,0.35152676464417792,-0.010925761117484504,0.054789999999999998,0.002222,0.191273,-3.1408072554263957,1.3062567720701161,-3.1024623717600806,0.054766935104992046,0.002222681553777544,0.19118612834342189,-0.26126336610289025,-0.038359374959899294,0.96450506058043761,-0.010222645274526931,0.99926398828257434,0.036972682418168597,-0.96521342254248543,-0.00020018563737605154,-0.26146320748727203,8.9884028692005554e-05,6.4077418858165413e-06
0.36999893188476562,1790953701.723006,0.00060105323791503906,0.034609879067047558,0.034801865284766934,-0.034505159311927894,0.010384709049366262,0.35152676464417792,-0.010925761117484504,0.054789999999999998,0.002222,0.191273,-3.1408072554263957,1.3062567720701161,-3.1024623717600806,0.054766935104992046,0.002222681553777544,0.19118612834342189,-0.26126336610289025,-0.038359374959899294,0.96450506058043761,-0.010222645274526931,0.99926398828257434,0.036972682418168597,-0.96521342254248543,-0.00020018563737605154,-0.26146320748727203,8.9884028692005554e-05,6.4077418858165413e-06
0.37499785423278809,1790953701.7280049,0.0006008148193359375,0.034609879067047558,0.034801865284766934,-0.034505159311927894,0.010384709049366262,0.35152676464417792,-0.010925761117484504,0.054789999999999998,0.002222,0.191273,-3.1408072554263957,1.3062567720701161,-3.1024623717600806,0.054766935104992046,0.002222681553777544,0.19118612834342189,-0.26126336610289025,-0.038359374959899294,0.96450506058043761,-0.010222645274526931,0.99926398828257434,0.036972682418168597,-0.96521342254248543,-0.00020018563737605154,-0.26146320748727203,8.9884028692005554e-05,6.4077418858165413e-06
0.37999701499938965,1790953701.7330041,0.0005950927734375,0.034609879067047558,0.034801865284766934,-0.034505159311927894,0.010384709049366262,0.35152676464417792,-0.010925761117484504,0.054789999999999998,0.002222,0.191273,-3.1408072554263957,1.3062567720701161,-3.1024623717600806,0.054766935104992046,0.002222681553777544,0.19118612834342189,-0.26126336610289025,-0.038359374959899294,0.96450506058043761,-0.010222645274526931,0.99926398828257434,0.036972682418168597,-0.96521342254248543,-0.00020018563737605154,-0.26146320748727203,8.9884028692005554e-05,6.4077418858165413e-06
0.38499689102172852,1790953701.738004,0.00059986114501953125,0.034609879067047558,0.034801865284766934,-0.034505159311927894,0.010384709049366262,0.35152676464417792,-0.010925761117484504,0.054789999999999998,0.002222,0.191273,-3.1408072554263957,1.3062567720701161,-3.1024623717600806,0.054766935104992046,0.002222681553777544,0.19118612834342189,-0.26126336610289025,-0.038359374959899294,0.96450506058043761,-0.010222645274526931,0.99926398828257434,0.036972682418168597,-0.96521342254248543,-0.00020018563737605154,-0.26146320748727203,8.9884028692005554e-05,6.4077418858165413e-06
0.38999700546264648,1790953701.7430041,0.00059604644775390625,0.034609879067047558,0.034801865284766934,-0.034505159311927894,0.010384709049366262,0.35152676464417792,-0.010925761117484504,0.054789999999999998,0.002222,0.191273,-3.1408072554263957,1.3062567720701161,-3.1024623717600806,0.054766935104992046,0.002222681553777544,0.19118612834342189,-0.26126336610289025,-0.038359374959899294,0.96450506058043761,-0.010222645274526931,0.99926398828257434,0.036972682418168597,-0.96521342254248543,-0.00020018563737605154,-0.26146320748727203,8.9884028692005554e-05,6.4077418858165413e-06
0.39499783515930176,1790953701.7480049,0.00061893463134765625,0.034609879067047558,0.034801865284766934,-0.034505159311927894,0.010384709049366262,0.35152676464417792,-0.010925761117484504,0.054789999999999998,0.002222,0.191273,-3.1408072554263957,1.3062567720701161,-3.1024623717600806,0.054766935104992046,0.002222681553777544,0.19118612834342189,-0.26126336610289025,-0.038359374959899294,0.96450506058043761,-0.010222645274526931,0.99926398828257434,0.036972682418168597,-0.96521342254248543,-0.00020018563737605154,-0.26146320748727203,8.9884028692005554e-05,6.4077418858165413e-06
0.39999699592590332,1790953701.7530041,0.0005970001220703125,0.034609879067047558,0.034801865284766934,-0.034505159311927894,0.010384709049366262,0.35152676464417792,-0.010925761117484504,0.054789999999999998,0.002222,0.191273,-3.1408072554263957,1.3062567720701161,-3.1024623717600806,0.054766935104992046,0.002222681553777544,0.19118612834342189,-0.26126336610289025,-0.038359374959899294,0.96450506058043761,-0.010222645274526931,0.99926398828257434,0.036972682418168597,-0.96521342254248543,-0.00020018563737605154,-0.26146320748727203,8.9884028692005554e-05,6.4077418858165413e-06
0.40499687194824219,1790953701.758004,0.00061702728271484375,0.034609879067047558,0.034801865284766934,-0.034505159311927894,0.010384709049366262,0.35152676464417792,-0.010925761117484504,0.054789999999999998,0.002222,0.191273,-3.1408072554263957,1.3062567720701161,-3.1024623717600806,0.054766935104992046,0.002222681553777544,0.19118612834342189,-0.26126336610289025,-0.038359374959899294,0.96450506058043761,-0.010222645274526931,0.99926398828257434,0.036972682418168597,-0.96521342254248543,-0.00020018563737605154,-0.26146320748727203,8.9884028692005554e-05,6.4077418858165413e-06
0.40999794006347656,1790953701.763005,0.0005950927734375,0.034609879067047558,0.034801865284766934,-0.034505159311927894,0.010384709049366262,0.35152676464417792,-0.010925761117484504,0.054789999999999998,0.002222,0.191273,-3.1408072554263957,1.3062567720701161,-3.1024623717600806,0.054766935104992046,0.002222681553777544,0.19118612834342189,-0.26126336610289025,-0.038359374959899294,0.96450506058043761,-0.010222645274526931,0.99926398828257434,0.036972682418168597,-0.96521342254248543,-0.00020018563737605154,-0.26146320748727203,8.9884028692005554e-05,6.4077418858165413e-06
0.41499686241149902,1790953701.7680039,0.000598907470703125,0.034609879067047558,0.034801865284766934,-0.034505159311927894,0.010384709049366262,0.35152676464417792,-0.010925761117484504,0.054789999999999998,0.002222,0.191273,-3.1408072554263957,1.3062567720701161,-3.1024623717600806,0.054766935104992046,0.002222681553777544,0.19118612834342189,-0.26126336610289025,-0.038359374959899294,0.96450506058043761,-0.010222645274526931,0.99926398828257434,0.036972682418168597,-0.96521342254248543,-0.00020018563737605154,-0.26146320748727203,8.9884028692005554e-05,6.4077418858165413e-06
0.41999697685241699,1790953701.7730041,0.00060009956359863281,0.034609879067047558,0.034801865284766934,-0.034505159311927894,0.010384709049366262,0.35152676464417792,-0.010925761117484504,0.054789999999999998,0.002222,0.191273,-3.1408072554263957,1.3062567720701161,-3.1024623717600806,0.054766935104992046,0.002222681553777544,0.19118612834342189,-0.26126336610289025,-0.038359374959899294,0.96450506058043761,-0.010222645274526931,0.99926398828257434,0.036972682418168597,-0.96521342254248543,-0.00020018563737605154,-0.26146320748727203,8.9884028692005554e-05,6.4077418858165413e-06
0.42499780654907227,1790953701.7780049,0.0006008148193359375,0.034609879067047558,0.034801865284766934,-0.034505159311927894,0.010384709049366262,0.35152676464417792,-0.010925761117484504,0.054789999999999998,0.002222,0.191273,-3.1408072554263957,1.3062567720701161,-3.1024623717600806,0.054766935104992046,0.002222681553777544,0.19118612834342189,-0.26126336610289025,-0.038359374959899294,0.96450506058043761,-0.010222645274526931,0.99926398828257434,0.036972682418168597,-0.96521342254248543,-0.00020018563737605154,-0.26146320748727203,8.9884028692005554e-05,6.4077418858165413e-06
0.42999696731567383,1790953701.783004,0.00060009956359863281,0.034609879067047558,0.034801865284766934,-0.034505159311927894,0.010384709049366262,0.35152676464417792,-0.010925761117484504,0.054789999999999998,0.002222,0.191273,-3.1408072554263957,1.3062567720701161,-3.1024623717600806,0.054766935104992046,0.002222681553777544,0.19118612834342189,-0.26126336610289025,-0.038359374959899294,0.96450506058043761,-0.010222645274526931,0.99926398828257434,0.036972682418168597,-0.96521342254248543,-0.00020018563737605154,-0.26146320748727203,8.9884028692005554e-05,6.4077418858165413e-06
0.4349968433380127,1790953701.7880039,0.00059986114501953125,0.034609879067047558,0.034801865284766934,-0.034505159311927894,0.010384709049366262,0.35152676464417792,-0.010925761117484504,0.054789999999999998,0.002222,0.191273,-3.1408072554263957,1.3062567720701161,-3.1024623717600806,0.054766935104992046,0.002222681553777544,0.19118612834342189,-0.26126336610289025,-0.038359374959899294,0.96450506058043761,-0.010222645274526931,0.99926398828257434,0.036972682418168597,-0.96521342254248543,-0.00020018563737605154,-0.26146320748727203,8.9884028692005554e-05,6.4077418858165413e-06
0.43999695777893066,1790953701.793004,0.00060009956359863281,0.034609879067047558,0.034801865284766934,-0.034505159311927894,0.010384709049366262,0.35152676464417792,-0.010925761117484504,0.054789999999999998,0.002222,0.191273,-3.1408072554263957,1.3062567720701161,-3.1024623717600806,0.054766935104992046,0.002222681553777544,0.19118612834342189,-0.26126336610289025,-0.038359374959899294,0.96450506058043761,-0.010222645274526931,0.99926398828257434,0.036972682418168597,-0.96521342254248543,-0.00020018563737605154,-0.26146320748727203,8.9884028692005554e-05,6.4077418858165413e-06
0.44499683380126953,1790953701.7980039,0.00062489509582519531,0.034609879067047558,0.034801865284766934,-0.034505159311927894,0.010384709049366262,0.35152676464417792,-0.010925761117484504,0.054789999999999998,0.002222,0.191273,-3.1408072554263957,1.3062567720701161,-3.1024623717600806,0.054766935104992046,0.002222681553777544,0.19118612834342189,-0.26126336610289025,-0.038359374959899294,0.96450506058043761,-0.010222645274526931,0.99926398828257434,0.036972682418168597,-0.96521342254248543,-0.00020018563737605154,-0.26146320748727203,8.9884028692005554e-05,6.4077418858165413e-06
0.44999790191650391,1790953701.803005,0.00060105323791503906,0.034609879067047558,0.034801865284766934,-0.034505159311927894,0.010384709049366262,0.35152676464417792,-0.010925761117484504,0.054789999999999998,0.002222,0.191273,-3.1408072554263957,1.3062567720701161,-3.1024623717600806,0.054766935104992046,0.002222681553777544,0.19118612834342189,-0.26126336610289025,-0.038359374959899294,0.96450506058043761,-0.010222645274526931,0.99926398828257434,0.036972682418168597,-0.96521342254248543,-0.00020018563737605154,-0.26146320748727203,8.9884028692005554e-05,6.4077418858165413e-06
0.45499801635742188,1790953701.8080051,0.00060105323791503906,0.034609879067047558,0.034801865284766934,-0.034505159311927894,0.010384709049366262,0.35152676464417792,-0.010925761117484504,0.054789999999999998,0.002222,0.191273,-3.1408072554263957,1.3062567720701161,-3.1024623717600806,0.054766935104992046,0.002222681553777544,0.19118612834342189,-0.26126336610289025,-0.038359374959899294,0.96450506058043761,-0.010222645274526931,0.99926398828257434,0.036972682418168597,-0.96521342254248543,-0.00020018563737605154,-0.26146320748727203,8.9884028692005554e-05,6.4077418858165413e-06
0.46002197265625,1790953701.8130291,0.00062513351440429688,0.034609879067047558,0.034801865284766934,-0.034505159311927894,0.010384709049366262,0.35152676464417792,-0.010925761117484504,0.054789999999999998,0.002222,0.191273,-3.1408072554263957,1.3062567720701161,-3.1024623717600806,0.054766935104992046,0.002222681553777544,0.19118612834342189,-0.26126336610289025,-0.038359374959899294,0.96450506058043761,-0.010222645274526931,0.99926398828257434,0.036972682418168597,-0.96521342254248543,-0.00020018563737605154,-0.26146320748727203,8.9884028692005554e-05,6.4077418858165413e-06
0.4649968147277832,1790953701.8180039,0.00059986114501953125,0.034609879067047558,0.034801865284766934,-0.034505159311927894,0.010384709049366262,0.35152676464417792,-0.010925761117484504,0.054789999999999998,0.002222,0.191273,-3.1408072554263957,1.3062567720701161,-3.1024623717600806,0.054766935104992046,0.002222681553777544,0.19118612834342189,-0.26126336610289025,-0.038359374959899294,0.96450506058043761,-0.010222645274526931,0.99926398828257434,0.036972682418168597,-0.96521342254248543,-0.00020018563737605154,-0.26146320748727203,8.9884028692005554e-05,6.4077418858165413e-06
0.46999692916870117,1790953701.823004,0.000598907470703125,0.034609879067047558,0.034801865284766934,-0.034505159311927894,0.010384709049366262,0.35152676464417792,-0.010925761117484504,0.054789999999999998,0.002222,0.191273,-3.1408072554263957,1.3062567720701161,-3.1024623717600806,0.054766935104992046,0.002222681553777544,0.19118612834342189,-0.26126336610289025,-0.038359374959899294,0.96450506058043761,-0.010222645274526931,0.99926398828257434,0.036972682418168597,-0.96521342254248543,-0.00020018563737605154,-0.26146320748727203,8.9884028692005554e-05,6.4077418858165413e-06
0.47499799728393555,1790953701.8280051,0.00062298774719238281,0.034609879067047558,0.034801865284766934,-0.034505159311927894,0.010384709049366262,0.35152676464417792,-0.010925761117484504,0.054789999999999998,0.002222,0.191273,-3.1408072554263957,1.3062567720701161,-3.1024623717600806,0.054766935104992046,0.002222681553777544,0.19118612834342189,-0.26126336610289025,-0.038359374959899294,0.96450506058043761,-0.010222645274526931,0.99926398828257434,0.036972682418168597,-0.96521342254248543,-0.00020018563737605154,-0.26146320748727203,8.9884028692005554e-05,6.4077418858165413e-06
0.47999787330627441,1790953701.833005,0.00060105323791503906,0.034609879067047558,0.034801865284766934,-0.034505159311927894,0.010384709049366262,0.35152676464417792,-0.010925761117484504,0.054789999999999998,0.002222,0.191273,-3.1408072554263957,1.3062567720701161,-3.1024623717600806,0.054766935104992046,0.002222681553777544,0.19118612834342189,-0.26126336610289025,-0.038359374959899294,0.96450506058043761,-0.010222645274526931,0.99926398828257434,0.036972682418168597,-0.96521342254248543,-0.00020018563737605154,-0.26146320748727203,8.9884028692005554e-05,6.4077418858165413e-06
0.48499798774719238,1790953701.8380051,0.00060105323791503906,0.034609879067047558,0.034801865284766934,-0.034505159311927894,0.010384709049366262,0.35152676464417792,-0.010925761117484504,0.054789999999999998,0.002222,0.191273,-3.1408072554263957,1.3062567720701161,-3.1024623717600806,0.054766935104992046,0.002222681553777544,0.19118612834342189,-0.26126336610289025,-0.038359374959899294,0.96450506058043761,-0.010222645274526931,0.99926398828257434,0.036972682418168597,-0.96521342254248543,-0.00020018563737605154,-0.26146320748727203,8.9884028692005554e-05,6.4077418858165413e-06
0.48999786376953125,1790953701.8430049,0.000598907470703125,0.034609879067047558,0.034801865284766934,-0.034505159311927894,0.010384709049366262,0.35152676464417792,-0.010925761117484504,0.054789999999999998,0.002222,0.191273,-3.1408072554263957,1.3062567720701161,-3.1024623717600806,0.054766935104992046,0.002222681553777544,0.19118612834342189,-0.26126336610289025,-0.038359374959899294,0.96450506058043761,-0.010222645274526931,0.99926398828257434,0.036972682418168597,-0.96521342254248543,-0.00020018563737605154,-0.26146320748727203,8.9884028692005554e-05,6.4077418858165413e-06
0.49499797821044922,1790953701.8480051,0.00062608718872070312,0.034609879067047558,0.034801865284766934,-0.034505159311927894,0.010384709049366262,0.35152676464417792,-0.010925761117484504,0.054789999999999998,0.002222,0.191273,-3.1408072554263957,1.3062567720701161,-3.1024623717600806,0.054766935104992046,0.002222681553777544,0.19118612834342189,-0.26126336610289025,-0.038359374959899294,0.96450506058043761,-0.010222645274526931,0.99926398828257434,0.036972682418168597,-0.96521342254248543,-0.00020018563737605154,-0.26146320748727203,8.9884028692005554e-05,6.4077418858165413e-06
0.49999880790710449,1790953701.8530059,0.0006008148193359375,0.034609879067047558,0.034801865284766934,-0.034505159311927894,0.010384709049366262,0.35152676464417792,-0.010925761117484504,0.054789999999999998,0.002222,0.191273,-3.1408072554263957,1.3062567720701161,-3.1024623717600806,0.054766935104992046,0.002222681553777544,0.19118612834342189,-0.26126336610289025,-0.038359374959899294,0.96450506058043761,-0.010222645274526931,0.99926398828257434,0.036972682418168597,-0.96521342254248543,-0.00020018563737605154,-0.26146320748727203,8.9884028692005554e-05,6.4077418858165413e-06
0.50499987602233887,1790953701.858007,0.00060105323791503906,0.034609879067047558,0.034801865284766934,-0.034505159311927894,0.010384709049366262,0.35152676464417792,-0.010925761117484504,0.054789999999999998,0.002222,0.191273,-3.1408072554263957,1.3062567720701161,-3.1024623717600806,0.054766935104992046,0.002222681553777544,0.19118612834342189,-0.26126336610289025,-0.038359374959899294,0.96450506058043761,-0.010222645274526931,0.99926398828257434,0.036972682418168597,-0.96521342254248543,-0.00020018563737605154,-0.26146320748727203,8.9884028692005554e-05,6.4077418858165413e-06
0.50999903678894043,1790953701.8630061,0.00058722496032714844,0.034609879067047558,0.034801865284766934,-0.034505159311927894,0.010384709049366262,0.35152676464417792,-0.010925761117484504,0.054789999999999998,0.002222,0.191273,-3.1408072554263957,1.3062567720701161,-3.1024623717600806,0.054766935104992046,0.002222681553777544,0.19118612834342189,-0.26126336610289025,-0.038359374959899294,0.96450506058043761,-0.010222645274526931,0.99926398828257434,0.036972682418168597,-0.96521342254248543,-0.00020018563737605154,-0.26146320748727203,8.9884028692005554e-05,6.4077418858165413e-06
0.51500296592712402,1790953701.86801,0.00060606002807617188,0.034609879067047558,0.034801865284766934,-0.034505159311927894,0.010384709049366262,0.35152676464417792,-0.010925761117484504,0.054789999999999998,0.002222,0.191273,-3.1408072554263957,1.3062567720701161,-3.1024623717600806,0.054766935104992046,0.002222681553777544,0.19118612834342189,-0.26126336610289025,-0.038359374959899294,0.96450506058043761,-0.010222645274526931,0.99926398828257434,0.036972682418168597,-0.96521342254248543,-0.00020018563737605154,-0.26146320748727203,8.9884028692005554e-05,6.4077418858165413e-06
0.51999783515930176,1790953701.8730049,0.00059580802917480469,0.034609879067047558,0.034801865284766934,-0.034505159311927894,0.010384709049366262,0.35152676464417792,-0.010925761117484504,0.054789999999999998,0.002222,0.191273,-3.1408072554263957,1.3062567720701161,-3.1024623717600806,0.054766935104992046,0.002222681553777544,0.19118612834342189,-0.26126336610289025,-0.038359374959899294,0.96450506058043761,-0.010222645274526931,0.99926398828257434,0.036972682418168597,-0.96521342254248543,-0.00020018563737605154,-0.26146320748727203,8.9884028692005554e-05,6.4077418858165413e-06
0.52499890327453613,1790953701.878006,0.00062608718872070312,0.034609879067047558,0.034801865284766934,-0.034505159311927894,0.010384709049366262,0.35152676464417792,-0.010925761117484504,0.054789999999999998,0.002222,0.191273,-3.1408072554263957,1.3062567720701161,-3.1024623717600806,0.054766935104992046,0.002222681553777544,0.19118612834342189,-0.26126336610289025,-0.038359374959899294,0.96450506058043761,-0.010222645274526931,0.99926398828257434,0.036972682418168597,-0.96521342254248543,-0.00020018563737605154,-0.26146320748727203,8.9884028692005554e-05,6.4077418858165413e-06
0.52999997138977051,1790953701.883007,0.00060296058654785156,0.034609879067047558,0.034801865284766934,-0.034505159311927894,0.010384709049366262,0.35152676464417792,-0.010925761117484504,0.054789999999999998,0.002222,0.191273,-3.1408072554263957,1.3062567720701161,-3.1024623717600806,0.054766935104992046,0.002222681553777544,0.19118612834342189,-0.26126336610289025,-0.038359374959899294,0.96450506058043761,-0.010222645274526931,0.99926398828257434,0.036972682418168597,-0.96521342254248543,-0.00020018563737605154,-0.26146320748727203,8.9884028692005554e-05,6.4077418858165413e-06
0.53499698638916016,1790953701.8880041,0.00059795379638671875,0.034609879067047558,0.034801865284766934,-0.034505159311927894,0.010384709049366262,0.35152676464417792,-0.010925761117484504,0.054789999999999998,0.002222,0.191273,-3.1408072554263957,1.3062567720701161,-3.1024623717600806,0.054766935104992046,0.002222681553777544,0.19118612834342189,-0.26126336610289025,-0.038359374959899294,0.96450506058043761,-0.010222645274526931,0.99926398828257434,0.036972682418168597,-0.96521342254248543,-0.00020018563737605154,-0.26146320748727203,8.9884028692005554e-05,6.4077418858165413e-06
0.54000282287597656,1790953701.8930099,0.00059795379638671875,0.034609879067047558,0.034801865284766934,-0.034505159311927894,0.010384709049366262,0.35152676464417792,-0.010925761117484504,0.054789999999999998,0.002222,0.191273,-3.1408072554263957,1.3062567720701161,-3.1024623717600806,0.054766935104992046,0.002222681553777544,0.19118612834342189,-0.26126336610289025,-0.038359374959899294,0.96450506058043761,-0.010222645274526931,0.99926398828257434,0.036972682418168597,-0.96521342254248543,-0.00020018563737605154,-0.26146320748727203,8.9884028692005554e-05,6.4077418858165413e-06
0.54499983787536621,1790953701.8980069,0.0006008148193359375,0.034609879067047558,0.034801865284766934,-0.034505159311927894,0.010384709049366262,0.35152676464417792,-0.010925761117484504,0.054789999999999998,0.002222,0.191273,-3.1408072554263957,1.3062567720701161,-3.1024623717600806,0.054766935104992046,0.002222681553777544,0.19118612834342189,-0.26126336610289025,-0.038359374959899294,0.96450506058043761,-0.010222645274526931,0.99926398828257434,0.036972682418168597,-0.96521342254248543,-0.00020018563737605154,-0.26146320748727203,8.9884028692005554e-05,6.4077418858165413e-06
0.54999899864196777,1790953701.9030061,0.00059914588928222656,0.034609879067047558,0.034801865284766934,-0.034505159311927894,0.010384709049366262,0.35152676464417792,-0.010925761117484504,0.054789999999999998,0.002222,0.191273,-3.1408072554263957,1.3062567720701161,-3.1024623717600806,0.054766935104992046,0.002222681553777544,0.19118612834342189,-0.26126336610289025,-0.038359374959899294,0.96450506058043761,-0.010222645274526931,0.99926398828257434,0.036972682418168597,-0.96521342254248543,-0.00020018563737605154,-0.26146320748727203,8.9884028692005554e-05,6.4077418858165413e-06
0.55499887466430664,1790953701.908006,0.00059604644775390625,0.034609879067047558,0.034801865284766934,-0.034505159311927894,0.010384709049366262,0.35152676464417792,-0.010925761117484504,0.054789999999999998,0.002222,0.191273,-3.1408072554263957,1.3062567720701161,-3.1024623717600806,0.054766935104992046,0.002222681553777544,0.19118612834342189,-0.26126336610289025,-0.038359374959899294,0.96450506058043761,-0.010222645274526931,0.99926398828257434,0.036972682418168597,-0.96521342254248543,-0.00020018563737605154,-0.26146320748727203,8.9884028692005554e-05,6.4077418858165413e-06
0.56002283096313477,1790953701.9130299,0.0006008148193359375,0.034609879067047558,0.034801865284766934,-0.034505159311927894,0.010384709049366262,0.35152676464417792,-0.010925761117484504,0.054789999999999998,0.002222,0.191273,-3.1408072554263957,1.3062567720701161,-3.1024623717600806,0.054766935104992046,0.002222681553777544,0.19118612834342189,-0.26126336610289025,-0.038359374959899294,0.96450506058043761,-0.010222645274526931,0.99926398828257434,0.036972682418168597,-0.96521342254248543,-0.00020018563737605154,-0.26146320748727203,8.9884028692005554e-05,6.4077418858165413e-06
0.56499886512756348,1790953701.9180059,0.00059795379638671875,0.034609879067047558,0.034801865284766934,-0.034505159311927894,0.010384709049366262,0.35152676464417792,-0.010925761117484504,0.054789999999999998,0.002222,0.191273,-3.1408072554263957,1.3062567720701161,-3.1024623717600806,0.054766935104992046,0.002222681553777544,0.19118612834342189,-0.26126336610289025,-0.038359374959899294,0.96450506058043761,-0.010222645274526931,0.99926398828257434,0.036972682418168597,-0.96521342254248543,-0.00020018563737605154,-0.26146320748727203,8.9884028692005554e-05,6.4077418858165413e-06
0.56999993324279785,1790953701.923007,0.00060200691223144531,0.034609879067047558,0.034801865284766934,-0.034505159311927894,0.010384709049366262,0.35152676464417792,-0.010925761117484504,0.054789999999999998,0.002222,0.191273,-3.1408072554263957,1.3062567720701161,-3.1024623717600806,0.054766935104992046,0.002222681553777544,0.19118612834342189,-0.26126336610289025,-0.038359374959899294,0.96450506058043761,-0.010222645274526931,0.99926398828257434,0.036972682418168597,-0.96521342254248543,-0.00020018563737605154,-0.26146320748727203,8.9884028692005554e-05,6.4077418858165413e-06
0.57499885559082031,1790953701.9280059,0.00059604644775390625,0.034609879067047558,0.034801865284766934,-0.034505159311927894,0.010384709049366262,0.35152676464417792,-0.010925761117484504,0.054789999999999998,0.002222,0.191273,-3.1408072554263957,1.3062567720701161,-3.1024623717600806,0.054766935104992046,0.002222681553777544,0.19118612834342189,-0.26126336610289025,-0.038359374959899294,0.96450506058043761,-0.010222645274526931,0.99926398828257434,0.036972682418168597,-0.96521342254248543,-0.00020018563737605154,-0.26146320748727203,8.9884028692005554e-05,6.4077418858165413e-06
0.57999992370605469,1790953701.933007,0.00059795379638671875,0.034609879067047558,0.034801865284766934,-0.034505159311927894,0.010384709049366262,0.35152676464417792,-0.010925761117484504,0.054789999999999998,0.002222,0.191273,-3.1408072554263957,1.3062567720701161,-3.1024623717600806,0.054766935104992046,0.002222681553777544,0.19118612834342189,-0.26126336610289025,-0.038359374959899294,0.96450506058043761,-0.010222645274526931,0.99926398828257434,0.036972682418168597,-0.96521342254248543,-0.00020018563737605154,-0.26146320748727203,8.9884028692005554e-05,6.4077418858165413e-06
0.58499789237976074,1790953701.938005,0.00060105323791503906,0.034609879067047558,0.034801865284766934,-0.034505159311927894,0.010384709049366262,0.35152676464417792,-0.010925761117484504,0.054789999999999998,0.002222,0.191273,-3.1408072554263957,1.3062567720701161,-3.1024623717600806,0.054766935104992046,0.002222681553777544,0.19118612834342189,-0.26126336610289025,-0.038359374959899294,0.96450506058043761,-0.010222645274526931,0.99926398828257434,0.036972682418168597,-0.96521342254248543,-0.00020018563737605154,-0.26146320748727203,8.9884028692005554e-05,6.4077418858165413e-06
0.58999896049499512,1790953701.943006,0.000576019287109375,0.034609879067047558,0.034801865284766934,-0.034505159311927894,0.010384709049366262,0.35152676464417792,-0.010925761117484504,0.054789999999999998,0.002222,0.191273,-3.1408072554263957,1.3062567720701161,-3.1024623717600806,0.054766935104992046,0.002222681553777544,0.19118612834342189,-0.26126336610289025,-0.038359374959899294,0.96450506058043761,-0.010222645274526931,0.99926398828257434,0.036972682418168597,-0.96521342254248543,-0.00020018563737605154,-0.26146320748727203,8.9884028692005554e-05,6.4077418858165413e-06
0.59499883651733398,1790953701.9480059,0.00059986114501953125,0.034609879067047558,0.034801865284766934,-0.034505159311927894,0.010384709049366262,0.35152676464417792,-0.010925761117484504,0.054789999999999998,0.002222,0.191273,-3.1408072554263957,1.3062567720701161,-3.1024623717600806,0.054766935104992046,0.002222681553777544,0.19118612834342189,-0.26126336610289025,-0.038359374959899294,0.96450506058043761,-0.010222645274526931,0.99926398828257434,0.036972682418168597,-0.96521342254248543,-0.00020018563737605154,-0.26146320748727203,8.9884028692005554e-05,6.4077418858165413e-06
0.60002684593200684,1790953701.9530339,0.00062894821166992188,0.034609879067047558,0.034801865284766934,-0.034505159311927894,0.010384709049366262,0.35152676464417792,-0.010925761117484504,0.054789999999999998,0.002222,0.191273,-3.1408072554263957,1.3062567720701161,-3.1024623717600806,0.054766935104992046,0.002222681553777544,0.19118612834342189,-0.26126336610289025,-0.038359374959899294,0.96450506058043761,-0.010222645274526931,0.99926398828257434,0.036972682418168597,-0.96521342254248543,-0.00020018563737605154,-0.26146320748727203,8.9884028692005554e-05,6.4077418858165413e-06
0.60499787330627441,1790953701.958005,0.000598907470703125,0.034609879067047558,0.034801865284766934,-0.034505159311927894,0.010384709049366262,0.35152676464417792,-0.010925761117484504,0.054789999999999998,0.002222,0.191273,-3.1408072554263957,1.3062567720701161,-3.1024623717600806,0.054766935104992046,0.002222681553777544,0.19118612834342189,-0.26126336610289025,-0.038359374959899294,0.96450506058043761,-0.010222645274526931,0.99926398828257434,0.036972682418168597,-0.96521342254248543,-0.00020018563737605154,-0.26146320748727203,8.9884028692005554e-05,6.4077418858165413e-06
0.61002302169799805,1790953701.9630301,0.00061011314392089844,0.034609879067047558,0.034801865284766934,-0.034505159311927894,0.010384709049366262,0.35152676464417792,-0.010925761117484504,0.054789999999999998,0.002222,0.191273,-3.1408072554263957,1.3062567720701161,-3.1024623717600806,0.054766935104992046,0.002222681553777544,0.19118612834342189,-0.26126336610289025,-0.038359374959899294,0.96450506058043761,-0.010222645274526931,0.99926398828257434,0.036972682418168597,-0.96521342254248543,-0.00020018563737605154,-0.26146320748727203,8.9884028692005554e-05,6.4077418858165413e-06
0.61500096321105957,1790953701.968008,0.00060200691223144531,0.034609879067047558,0.034801865284766934,-0.034505159311927894,0.010384709049366262,0.35152676464417792,-0.010925761117484504,0.054789999999999998,0.002222,0.191273,-3.1408072554263957,1.3062567720701161,-3.1024623717600806,0.054766935104992046,0.002222681553777544,0.19118612834342189,-0.26126336610289025,-0.038359374959899294,0.96450506058043761,-0.010222645274526931,0.99926398828257434,0.036972682418168597,-0.96521342254248543,-0.00020018563737605154,-0.26146320748727203,8.9884028692005554e-05,6.4077418858165413e-06
0.61999988555908203,1790953701.973007,0.00060105323791503906,0.034609879067047558,0.034801865284766934,-0.034505159311927894,0.010384709049366262,0.35152676464417792,-0.010925761117484504,0.054789999999999998,0.002222,0.191273,-3.1408072554263957,1.3062567720701161,-3.1024623717600806,0.054766935104992046,0.002222681553777544,0.19118612834342189,-0.26126336610289025,-0.038359374959899294,0.96450506058043761,-0.010222645274526931,0.99926398828257434,0.036972682418168597,-0.96521342254248543,-0.00020018563737605154,-0.26146320748727203,8.9884028692005554e-05,6.4077418858165413e-06
0.62497282028198242,1790953701.9779799,0.00057482719421386719,0.034609879067047558,0.034801865284766934,-0.034505159311927894,0.010384709049366262,0.35152676464417792,-0.010925761117484504,0.054789999999999998,0.002222,0.191273,-3.1408072554263957,1.3062567720701161,-3.1024623717600806,0.054766935104992046,0.002222681553777544,0.19118612834342189,-0.26126336610289025,-0.038359374959899294,0.96450506058043761,-0.010222645274526931,0.99926398828257434,0.036972682418168597,-0.96521342254248543,-0.00020018563737605154,-0.26146320748727203,8.9884028692005554e-05,6.4077418858165413e-06
0.62999987602233887,1790953701.983007,0.00057291984558105469,0.034609879067047558,0.034801865284766934,-0.034505159311927894,0.010384709049366262,0.35152676464417792,-0.010925761117484504,0.054789999999999998,0.002222,0.191273,-3.1408072554263957,1.3062567720701161,-3.1024623717600806,0.054766935104992046,0.002222681553777544,0.19118612834342189,-0.26126336610289025,-0.038359374959899294,0.96450506058043761,-0.010222645274526931,0.99926398828257434,0.036972682418168597,-0.96521342254248543,-0.00020018563737605154,-0.26146320748727203,8.9884028692005554e-05,6.4077418858165413e-06
0.63499689102172852,1790953701.988004,0.000598907470703125,0.034609879067047558,0.034801865284766934,-0.034505159311927894,0.010384709049366262,0.35152676464417792,-0.010925761117484504,0.054789999999999998,0.002222,0.191273,-3.1408072554263957,1.3062567720701161,-3.1024623717600806,0.054766935104992046,0.002222681553777544,0.19118612834342189,-0.26126336610289025,-0.038359374959899294,0.96450506058043761,-0.010222645274526931,0.99926398828257434,0.036972682418168597,-0.96521342254248543,-0.00020018563737605154,-0.26146320748727203,8.9884028692005554e-05,6.4077418858165413e-06
0.63999700546264648,1790953701.9930041,0.00059819221496582031,0.034609879067047558,0.034801865284766934,-0.034505159311927894,0.010384709049366262,0.35152676464417792,-0.010925761117484504,0.054789999999999998,0.002222,0.191273,-3.1408072554263957,1.3062567720701161,-3.1024623717600806,0.054766935104992046,0.002222681553777544,0.19118612834342189,-0.26126336610289025,-0.038359374959899294,0.96450506058043761,-0.010222645274526931,0.99926398828257434,0.036972682418168597,-0.96521342254248543,-0.00020018563737605154,-0.26146320748727203,8.9884028692005554e-05,6.4077418858165413e-06
0.64499592781066895,1790953701.998003,0.00059795379638671875,0.034609879067047558,0.034801865284766934,-0.034505159311927894,0.010384709049366262,0.35152676464417792,-0.010925761117484504,0.054789999999999998,0.002222,0.191273,-3.1408072554263957,1.3062567720701161,-3.1024623717600806,0.054766935104992046,0.002222681553777544,0.19118612834342189,-0.26126336610289025,-0.038359374959899294,0.96450506058043761,-0.010222645274526931,0.99926398828257434,0.036972682418168597,-0.96521342254248543,-0.00020018563737605154,-0.26146320748727203,8.9884028692005554e-05,6.4077418858165413e-06
0.65002298355102539,1790953702.0030301,0.00062704086303710938,0.034609879067047558,0.034801865284766934,-0.034505159311927894,0.010384709049366262,0.35152676464417792,-0.010925761117484504,0.054789999999999998,0.002222,0.191273,-3.1408072554263957,1.3062567720701161,-3.1024623717600806,0.054766935104992046,0.002222681553777544,0.19118612834342189,-0.26126336610289025,-0.038359374959899294,0.96450506058043761,-0.010222645274526931,0.99926398828257434,0.036972682418168597,-0.96521342254248543,-0.00020018563737605154,-0.26146320748727203,8.9884028692005554e-05,6.4077418858165413e-06
0.65499782562255859,1790953702.0080049,0.00062084197998046875,0.034609879067047558,0.034801865284766934,-0.034505159311927894,0.010384709049366262,0.35152676464417792,-0.010925761117484504,0.054789999999999998,0.002222,0.191273,-3.1408072554263957,1.3062567720701161,-3.1024623717600806,0.054766935104992046,0.002222681553777544,0.19118612834342189,-0.26126336610289025,-0.038359374959899294,0.96450506058043761,-0.010222645274526931,0.99926398828257434,0.036972682418168597,-0.96521342254248543,-0.00020018563737605154,-0.26146320748727203,8.9884028692005554e-05,6.4077418858165413e-06
0.65999984741210938,1790953702.0130069,0.00052499771118164062,0.034609879067047558,0.034801865284766934,-0.034505159311927894,0.010384709049366262,0.35152676464417792,-0.010925761117484504,0.054789999999999998,0.002222,0.191273,-3.1408072554263957,1.3062567720701161,-3.1024623717600806,0.054766935104992046,0.002222681553777544,0.19118612834342189,-0.26126336610289025,-0.038359374959899294,0.96450506058043761,-0.010222645274526931,0.99926398828257434,0.036972682418168597,-0.96521342254248543,-0.00020018563737605154,-0.26146320748727203,8.9884028692005554e-05,6.4077418858165413e-06
0.66500186920166016,1790953702.0180089,0.00060296058654785156,0.034609879067047558,0.034801865284766934,-0.034505159311927894,0.010384709049366262,0.35152676464417792,-0.010925761117484504,0.054789999999999998,0.002222,0.191273,-3.1408072554263957,1.3062567720701161,-3.1024623717600806,0.054766935104992046,0.002222681553777544,0.19118612834342189,-0.26126336610289025,-0.038359374959899294,0.96450506058043761,-0.010222645274526931,0.99926398828257434,0.036972682418168597,-0.96521342254248543,-0.00020018563737605154,-0.26146320748727203,8.9884028692005554e-05,6.4077418858165413e-06
0.6699979305267334,1790953702.023005,0.00057697296142578125,0.034609879067047558,0.034801865284766934,-0.034505159311927894,0.010384709049366262,0.35152676464417792,-0.010925761117484504,0.054789999999999998,0.002222,0.191273,-3.1408072554263957,1.3062567720701161,-3.1024623717600806,0.054766935104992046,0.002222681553777544,0.19118612834342189,-0.26126336610289025,-0.038359374959899294,0.96450506058043761,-0.010222645274526931,0.99926398828257434,0.036972682418168597,-0.96521342254248543,-0.00020018563737605154,-0.26146320748727203,8.9884028692005554e-05,6.4077418858165413e-06
0.67499995231628418,1790953702.028007,0.00060391426086425781,0.034609879067047558,0.034801865284766934,-0.034505159311927894,0.010384709049366262,0.35152676464417792,-0.010925761117484504,0.054789999999999998,0.002222,0.191273,-3.1408072554263957,1.3062567720701161,-3.1024623717600806,0.054766935104992046,0.002222681553777544,0.19118612834342189,-0.26126336610289025,-0.038359374959899294,0.96450506058043761,-0.010222645274526931,0.99926398828257434,0.036972682418168597,-0.96521342254248543,-0.00020018563737605154,-0.26146320748727203,8.9884028692005554e-05,6.4077418858165413e-06
0.67999887466430664,1790953702.033006,0.00060200691223144531,0.034609879067047558,0.034801865284766934,-0.034505159311927894,0.010384709049366262,0.35152676464417792,-0.010925761117484504,0.054789999999999998,0.002222,0.191273,-3.1408072554263957,1.3062567720701161,-3.1024623717600806,0.054766935104992046,0.002222681553777544,0.19118612834342189,-0.26126336610289025,-0.038359374959899294,0.96450506058043761,-0.010222645274526931,0.99926398828257434,0.036972682418168597,-0.96521342254248543,-0.00020018563737605154,-0.26146320748727203,8.9884028692005554e-05,6.4077418858165413e-06
0.68499994277954102,1790953702.038007,0.00060200691223144531,0.034609879067047558,0.034801865284766934,-0.034505159311927894,0.010384709049366262,0.35152676464417792,-0.010925761117484504,0.054789999999999998,0.002222,0.191273,-3.1408072554263957,1.3062567720701161,-3.1024623717600806,0.054766935104992046,0.002222681553777544,0.19118612834342189,-0.26126336610289025,-0.038359374959899294,0.96450506058043761,-0.010222645274526931,0.99926398828257434,0.036972682418168597,-0.96521342254248543,-0.00020018563737605154,-0.26146320748727203,8.9884028692005554e-05,6.4077418858165413e-06
0.68999791145324707,1790953702.043005,0.00060009956359863281,0.034609879067047558,0.034801865284766934,-0.034505159311927894,0.010384709049366262,0.35152676464417792,-0.010925761117484504,0.054789999999999998,0.002222,0.191273,-3.1408072554263957,1.3062567720701161,-3.1024623717600806,0.054766935104992046,0.002222681553777544,0.19118612834342189,-0.26126336610289025,-0.038359374959899294,0.96450506058043761,-0.010222645274526931,0.99926398828257434,0.036972682418168597,-0.96521342254248543,-0.00020018563737605154,-0.26146320748727203,8.9884028692005554e-05,6.4077418858165413e-06
0.69500303268432617,1790953702.0480101,0.00062513351440429688,0.034609879067047558,0.034801865284766934,-0.034505159311927894,0.010384709049366262,0.35152676464417792,-0.010925761117484504,0.054789999999999998,0.002222,0.191273,-3.1408072554263957,1.3062567720701161,-3.1024623717600806,0.054766935104992046,0.002222681553777544,0.19118612834342189,-0.26126336610289025,-0.038359374959899294,0.96450506058043761,-0.010222645274526931,0.99926398828257434,0.036972682418168597,-0.96521342254248543,-0.00020018563737605154,-0.26146320748727203,8.9884028692005554e-05,6.4077418858165413e-06
0.69999885559082031,1790953702.0530059,0.00059795379638671875,0.034609879067047558,0.034801865284766934,-0.034505159311927894,0.010384709049366262,0.35152676464417792,-0.010925761117484504,0.054789999999999998,0.002222,0.191273,-3.1408072554263957,1.3062567720701161,-3.1024623717600806,0.054766935104992046,0.002222681553777544,0.19118612834342189,-0.26126336610289025,-0.038359374959899294,0.96450506058043761,-0.010222645274526931,0.99926398828257434,0.036972682418168597,-0.96521342254248543,-0.00020018563737605154,-0.26146320748727203,8.9884028692005554e-05,6.4077418858165413e-06
0.70499396324157715,1790953702.058001,0.00059795379638671875,0.034609879067047558,0.034801865284766934,-0.034505159311927894,0.010384709049366262,0.35152676464417792,-0.010925761117484504,0.054789999999999998,0.002222,0.191273,-3.1408072554263957,1.3062567720701161,-3.1024623717600806,0.054766935104992046,0.002222681553777544,0.19118612834342189,-0.26126336610289025,-0.038359374959899294,0.96450506058043761,-0.010222645274526931,0.99926398828257434,0.036972682418168597,-0.96521342254248543,-0.00020018563737605154,-0.26146320748727203,8.9884028692005554e-05,6.4077418858165413e-06
0.70999598503112793,1790953702.0630031,0.00055003166198730469,0.034609879067047558,0.034801865284766934,-0.034505159311927894,0.010384709049366262,0.35152676464417792,-0.010925761117484504,0.054789999999999998,0.002222,0.191273,-3.1408072554263957,1.3062567720701161,-3.1024623717600806,0.054766935104992046,0.002222681553777544,0.19118612834342189,-0.26126336610289025,-0.038359374959899294,0.96450506058043761,-0.010222645274526931,0.99926398828257434,0.036972682418168597,-0.96521342254248543,-0.00020018563737605154,-0.26146320748727203,8.9884028692005554e-05,6.4077418858165413e-06
0.7149968147277832,1790953702.0680039,0.00059795379638671875,0.034609879067047558,0.034801865284766934,-0.034505159311927894,0.010384709049366262,0.35152676464417792,-0.010925761117484504,0.054789999999999998,0.002222,0.191273,-3.1408072554263957,1.3062567720701161,-3.1024623717600806,0.054766935104992046,0.002222681553777544,0.19118612834342189,-0.26126336610289025,-0.038359374959899294,0.96450506058043761,-0.010222645274526931,0.99926398828257434,0.036972682418168597,-0.96521342254248543,-0.00020018563737605154,-0.26146320748727203,8.9884028692005554e-05,6.4077418858165413e-06
0.72002100944519043,1790953702.0730281,0.00062203407287597656,0.034609879067047558,0.034801865284766934,-0.034505159311927894,0.010384709049366262,0.35152676464417792,-0.010925761117484504,0.054789999999999998,0.002222,0.191273,-3.1408072554263957,1.3062567720701161,-3.1024623717600806,0.054766935104992046,0.002222681553777544,0.19118612834342189,-0.26126336610289025,-0.038359374959899294,0.96450506058043761,-0.010222645274526931,0.99926398828257434,0.036972682418168597,-0.96521342254248543,-0.00020018563737605154,-0.26146320748727203,8.9884028692005554e-05,6.4077418858165413e-06
0.72499895095825195,1790953702.078006,0.00060009956359863281,0.034609879067047558,0.034801865284766934,-0.034505159311927894,0.010384709049366262,0.35152676464417792,-0.010925761117484504,0.054789999999999998,0.002222,0.191273,-3.1408072554263957,1.3062567720701161,-3.1024623717600806,0.054766935104992046,0.002222681553777544,0.19118612834342189,-0.26126336610289025,-0.038359374959899294,0.96450506058043761,-0.010222645274526931,0.99926398828257434,0.036972682418168597,-0.96521342254248543,-0.00020018563737605154,-0.26146320748727203,8.9884028692005554e-05,6.4077418858165413e-06
0.73000192642211914,1790953702.083009,0.00060200691223144531,0.034609879067047558,0.034801865284766934,-0.034505159311927894,0.010384709049366262,0.35152676464417792,-0.010925761117484504,0.054789999999999998,0.002222,0.191273,-3.1408072554263957,1.3062567720701161,-3.1024623717600806,0.054766935104992046,0.002222681553777544,0.19118612834342189,-0.26126336610289025,-0.038359374959899294,0.96450506058043761,-0.010222645274526931,0.99926398828257434,0.036972682418168597,-0.96521342254248543,-0.00020018563737605154,-0.26146320748727203,8.9884028692005554e-05,6.4077418858165413e-06
0.73499798774719238,1790953702.0880051,0.00059914588928222656,0.034609879067047558,0.034801865284766934,-0.034505159311927894,0.010384709049366262,0.35152676464417792,-0.010925761117484504,0.054789999999999998,0.002222,0.191273,-3.1408072554263957,1.3062567720701161,-3.1024623717600806,0.054766935104992046,0.002222681553777544,0.19118612834342189,-0.26126336610289025,-0.038359374959899294,0.96450506058043761,-0.010222645274526931,0.99926398828257434,0.036972682418168597,-0.96521342254248543,-0.00020018563737605154,-0.26146320748727203,8.9884028692005554e-05,6.4077418858165413e-06
0.73999786376953125,1790953702.0930049,0.000598907470703125,0.034609879067047558,0.034801865284766934,-0.034505159311927894,0.010384709049366262,0.35152676464417792,-0.010925761117484504,0.054789999999999998,0.002222,0.191273,-3.1408072554263957,1.3062567720701161,-3.1024623717600806,0.054766935104992046,0.002222681553777544,0.19118612834342189,-0.26126336610289025,-0.038359374959899294,0.96450506058043761,-0.010222645274526931,0.99926398828257434,0.036972682418168597,-0.96521342254248543,-0.00020018563737605154,-0.26146320748727203,8.9884028692005554e-05,6.4077418858165413e-06
0.74500083923339844,1790953702.0980079,0.00060200691223144531,0.034609879067047558,0.034801865284766934,-0.034505159311927894,0.010384709049366262,0.35152676464417792,-0.010925761117484504,0.054789999999999998,0.002222,0.191273,-3.1408072554263957,1.3062567720701161,-3.1024623717600806,0.054766935104992046,0.002222681553777544,0.19118612834342189,-0.26126336610289025,-0.038359374959899294,0.96450506058043761,-0.010222645274526931,0.99926398828257434,0.036972682418168597,-0.96521342254248543,-0.00020018563737605154,-0.26146320748727203,8.9884028692005554e-05,6.4077418858165413e-06
0.74999785423278809,1790953702.1030049,0.00059604644775390625,0.034609879067047558,0.034801865284766934,-0.034505159311927894,0.010384709049366262,0.35152676464417792,-0.010925761117484504,0.054789999999999998,0.002222,0.191273,-3.1408072554263957,1.3062567720701161,-3.1024623717600806,0.054766935104992046,0.002222681553777544,0.19118612834342189,-0.26126336610289025,-0.038359374959899294,0.96450506058043761,-0.010222645274526931,0.99926398828257434,0.036972682418168597,-0.96521342254248543,-0.00020018563737605154,-0.26146320748727203,8.9884028692005554e-05,6.4077418858165413e-06
0.75499796867370605,1790953702.108005,0.00059413909912109375,0.034609879067047558,0.034801865284766934,-0.034505159311927894,0.010384709049366262,0.35152676464417792,-0.010925761117484504,0.054789999999999998,0.002222,0.191273,-3.1408072554263957,1.3062567720701161,-3.1024623717600806,0.054766935104992046,0.002222681553777544,0.19118612834342189,-0.26126336610289025,-0.038359374959899294,0.96450506058043761,-0.010222645274526931,0.99926398828257434,0.036972682418168597,-0.96521342254248543,-0.00020018563737605154,-0.26146320748727203,8.9884028692005554e-05,6.4077418858165413e-06
0.75999903678894043,1790953702.1130061,0.00059819221496582031,0.034609879067047558,0.034801865284766934,-0.034505159311927894,0.010384709049366262,0.35152676464417792,-0.010925761117484504,0.054789999999999998,0.002222,0.191273,-3.1408072554263957,1.3062567720701161,-3.1024623717600806,0.054766935104992046,0.002222681553777544,0.19118612834342189,-0.26126336610289025,-0.038359374959899294,0.96450506058043761,-0.010222645274526931,0.99926398828257434,0.036972682418168597,-0.96521342254248543,-0.00020018563737605154,-0.26146320748727203,8.9884028692005554e-05,6.4077418858165413e-06
0.7649998664855957,1790953702.1180069,0.00059986114501953125,0.034609879067047558,0.034801865284766934,-0.034505159311927894,0.010384709049366262,0.35152676464417792,-0.010925761117484504,0.054789999999999998,0.002222,0.191273,-3.1408072554263957,1.3062567720701161,-3.1024623717600806,0.054766935104992046,0.002222681553777544,0.19118612834342189,-0.26126336610289025,-0.038359374959899294,0.96450506058043761,-0.010222645274526931,0.99926398828257434,0.036972682418168597,-0.96521342254248543,-0.00020018563737605154,-0.26146320748727203,8.9884028692005554e-05,6.4077418858165413e-06
0.76999592781066895,1790953702.123003,0.00059795379638671875,0.034609879067047558,0.034801865284766934,-0.034505159311927894,0.010384709049366262,0.35152676464417792,-0.010925761117484504,0.054789999999999998,0.002222,0.191273,-3.1408072554263957,1.3062567720701161,-3.1024623717600806,0.054766935104992046,0.002222681553777544,0.19118612834342189,-0.26126336610289025,-0.038359374959899294,0.96450506058043761,-0.010222645274526931,0.99926398828257434,0.036972682418168597,-0.96521342254248543,-0.00020018563737605154,-0.26146320748727203,8.9884028692005554e-05,6.4077418858165413e-06
0.77499890327453613,1790953702.128006,0.00060105323791503906,0.034609879067047558,0.034801865284766934,-0.034505159311927894,0.010384709049366262,0.35152676464417792,-0.010925761117484504,0.054789999999999998,0.002222,0.191273,-3.1408072554263957,1.3062567720701161,-3.1024623717600806,0.054766935104992046,0.002222681553777544,0.19118612834342189,-0.26126336610289025,-0.038359374959899294,0.96450506058043761,-0.010222645274526931,0.99926398828257434,0.036972682418168597,-0.96521342254248543,-0.00020018563737605154,-0.26146320748727203,8.9884028692005554e-05,6.4077418858165413e-06
0.78000283241271973,1790953702.1330099,0.000598907470703125,0.034609879067047558,0.034801865284766934,-0.034505159311927894,0.010384709049366262,0.35152676464417792,-0.010925761117484504,0.054789999999999998,0.002222,0.191273,-3.1408072554263957,1.3062567720701161,-3.1024623717600806,0.054766935104992046,0.002222681553777544,0.19118612834342189,-0.26126336610289025,-0.038359374959899294,0.96450506058043761,-0.010222645274526931,0.99926398828257434,0.036972682418168597,-0.96521342254248543,-0.00020018563737605154,-0.26146320748727203,8.9884028692005554e-05,6.4077418858165413e-06
0.78499794006347656,1790953702.138005,0.00060009956359863281,0.034609879067047558,0.034801865284766934,-0.034505159311927894,0.010384709049366262,0.35152676464417792,-0.010925761117484504,0.054789999999999998,0.002222,0.191273,-3.1408072554263957,1.3062567720701161,-3.1024623717600806,0.054766935104992046,0.002222681553777544,0.19118612834342189,-0.26126336610289025,-0.038359374959899294,0.96450506058043761,-0.010222645274526931,0.99926398828257434,0.036972682418168597,-0.96521342254248543,-0.00020018563737605154,-0.26146320748727203,8.9884028692005554e-05,6.4077418858165413e-06
0.7900238037109375,1790953702.1430309,0.00062489509582519531,0.034609879067047558,0.034801865284766934,-0.034505159311927894,0.010384709049366262,0.35152676464417792,-0.010925761117484504,0.054789999999999998,0.002222,0.191273,-3.1408072554263957,1.3062567720701161,-3.1024623717600806,0.054766935104992046,0.002222681553777544,0.19118612834342189,-0.26126336610289025,-0.038359374959899294,0.96450506058043761,-0.010222645274526931,0.99926398828257434,0.036972682418168597,-0.96521342254248543,-0.00020018563737605154,-0.26146320748727203,8.9884028692005554e-05,6.4077418858165413e-06
0.79500198364257812,1790953702.1480091,0.00060200691223144531,0.034609879067047558,0.034801865284766934,-0.034505159311927894,0.010384709049366262,0.35152676464417792,-0.010925761117484504,0.054789999999999998,0.002222,0.191273,-3.1408072554263957,1.3062567720701161,-3.1024623717600806,0.054766935104992046,0.002222681553777544,0.19118612834342189,-0.26126336610289025,-0.038359374959899294,0.96450506058043761,-0.010222645274526931,0.99926398828257434,0.036972682418168597,-0.96521342254248543,-0.00020018563737605154,-0.26146320748727203,8.9884028692005554e-05,6.4077418858165413e-06
0.79999995231628418,1790953702.153007,0.0005970001220703125,0.034609879067047558,0.034801865284766934,-0.034505159311927894,0.010384709049366262,0.35152676464417792,-0.010925761117484504,0.054789999999999998,0.002222,0.191273,-3.1408072554263957,1.3062567720701161,-3.1024623717600806,0.054766935104992046,0.002222681553777544,0.19118612834342189,-0.26126336610289025,-0.038359374959899294,0.96450506058043761,-0.010222645274526931,0.99926398828257434,0.036972682418168597,-0.96521342254248543,-0.00020018563737605154,-0.26146320748727203,8.9884028692005554e-05,6.4077418858165413e-06
0.80499792098999023,1790953702.158005,0.00060200691223144531,0.034609879067047558,0.034801865284766934,-0.034505159311927894,0.010384709049366262,0.35152676464417792,-0.010925761117484504,0.054789999999999998,0.002222,0.191273,-3.1408072554263957,1.3062567720701161,-3.1024623717600806,0.054766935104992046,0.002222681553777544,0.19118612834342189,-0.26126336610289025,-0.038359374959899294,0.96450506058043761,-0.010222645274526931,0.99926398828257434,0.036972682418168597,-0.96521342254248543,-0.00020018563737605154,-0.26146320748727203,8.9884028692005554e-05,6.4077418858165413e-06
0.80999898910522461,1790953702.1630061,0.00056409835815429688,0.034609879067047558,0.034801865284766934,-0.034505159311927894,0.010384709049366262,0.35152676464417792,-0.010925761117484504,0.054789999999999998,0.002222,0.191273,-3.1408072554263957,1.3062567720701161,-3.1024623717600806,0.054766935104992046,0.002222681553777544,0.19118612834342189,-0.26126336610289025,-0.038359374959899294,0.96450506058043761,-0.010222645274526931,0.99926398828257434,0.036972682418168597,-0.96521342254248543,-0.00020018563737605154,-0.26146320748727203,8.9884028692005554e-05,6.4077418858165413e-06
0.81500101089477539,1790953702.1680081,0.00060200691223144531,0.034609879067047558,0.034801865284766934,-0.034505159311927894,0.010384709049366262,0.35152676464417792,-0.010925761117484504,0.054789999999999998,0.002222,0.191273,-3.1408072554263957,1.3062567720701161,-3.1024623717600806,0.054766935104992046,0.002222681553777544,0.19118612834342189,-0.26126336610289025,-0.038359374959899294,0.96450506058043761,-0.010222645274526931,0.99926398828257434,0.036972682418168597,-0.96521342254248543,-0.00020018563737605154,-0.26146320748727203,8.9884028692005554e-05,6.4077418858165413e-06
0.82002496719360352,1790953702.173032,0.00062704086303710938,0.034609879067047558,0.034801865284766934,-0.034505159311927894,0.010384709049366262,0.35152676464417792,-0.010925761117484504,0.054789999999999998,0.002222,0.191273,-3.1408072554263957,1.3062567720701161,-3.1024623717600806,0.054766935104992046,0.002222681553777544,0.19118612834342189,-0.26126336610289025,-0.038359374959899294,0.96450506058043761,-0.010222645274526931,0.99926398828257434,0.036972682418168597,-0.96521342254248543,-0.00020018563737605154,-0.26146320748727203,8.9884028692005554e-05,6.4077418858165413e-06
0.82499885559082031,1790953702.1780059,0.00062489509582519531,0.034609879067047558,0.034801865284766934,-0.034505159311927894,0.010384709049366262,0.35152676464417792,-0.010925761117484504,0.054789999999999998,0.002222,0.191273,-3.1408072554263957,1.3062567720701161,-3.1024623717600806,0.054766935104992046,0.002222681553777544,0.19118612834342189,-0.26126336610289025,-0.038359374959899294,0.96450506058043761,-0.010222645274526931,0.99926398828257434,0.036972682418168597,-0.96521342254248543,-0.00020018563737605154,-0.26146320748727203,8.9884028692005554e-05,6.4077418858165413e-06
0.82999897003173828,1790953702.183006,0.00059914588928222656,0.034609879067047558,0.034801865284766934,-0.034505159311927894,0.010384709049366262,0.35152676464417792,-0.010925761117484504,0.054789999999999998,0.002222,0.191273,-3.1408072554263957,1.3062567720701161,-3.1024623717600806,0.054766935104992046,0.002222681553777544,0.19118612834342189,-0.26126336610289025,-0.038359374959899294,0.96450506058043761,-0.010222645274526931,0.99926398828257434,0.036972682418168597,-0.96521342254248543,-0.00020018563737605154,-0.26146320748727203,8.9884028692005554e-05,6.4077418858165413e-06
0.83499598503112793,1790953702.1880031,0.00060009956359863281,0.034609879067047558,0.034801865284766934,-0.034505159311927894,0.010384709049366262,0.35152676464417792,-0.010925761117484504,0.054789999999999998,0.002222,0.191273,-3.1408072554263957,1.3062567720701161,-3.1024623717600806,0.054766935104992046,0.002222681553777544,0.19118612834342189,-0.26126336610289025,-0.038359374959899294,0.96450506058043761,-0.010222645274526931,0.99926398828257434,0.036972682418168597,-0.96521342254248543,-0.00020018563737605154,-0.26146320748727203,8.9884028692005554e-05,6.4077418858165413e-06
0.84002304077148438,1790953702.1930301,0.00062704086303710938,0.034609879067047558,0.034801865284766934,-0.034505159311927894,0.010384709049366262,0.35152676464417792,-0.010925761117484504,0.054789999999999998,0.002222,0.191273,-3.1408072554263957,1.3062567720701161,-3.1024623717600806,0.054766935104992046,0.002222681553777544,0.19118612834342189,-0.26126336610289025,-0.038359374959899294,0.96450506058043761,-0.010222645274526931,0.99926398828257434,0.036972682418168597,-0.96521342254248543,-0.00020018563737605154,-0.26146320748727203,8.9884028692005554e-05,6.4077418858165413e-06
0.84499883651733398,1790953702.1980059,0.00059795379638671875,0.034609879067047558,0.034801865284766934,-0.034505159311927894,0.010384709049366262,0.35152676464417792,-0.010925761117484504,0.054789999999999998,0.002222,0.191273,-3.1408072554263957,1.3062567720701161,-3.1024623717600806,0.054766935104992046,0.002222681553777544,0.19118612834342189,-0.26126336610289025,-0.038359374959899294,0.96450506058043761,-0.010222645274526931,0.99926398828257434,0.036972682418168597,-0.96521342254248543,-0.00020018563737605154,-0.26146320748727203,8.9884028692005554e-05,6.4077418858165413e-06
0.84999895095825195,1790953702.203006,0.00060009956359863281,0.034609879067047558,0.034801865284766934,-0.034505159311927894,0.010384709049366262,0.35152676464417792,-0.010925761117484504,0.054789999999999998,0.002222,0.191273,-3.1408072554263957,1.3062567720701161,-3.1024623717600806,0.054766935104992046,0.002222681553777544,0.19118612834342189,-0.26126336610289025,-0.038359374959899294,0.96450506058043761,-0.010222645274526931,0.99926398828257434,0.036972682418168597,-0.96521342254248543,-0.00020018563737605154,-0.26146320748727203,8.9884028692005554e-05,6.4077418858165413e-06
0.85499882698059082,1790953702.2080059,0.00060200691223144531,0.034609879067047558,0.034801865284766934,-0.034505159311927894,0.010384709049366262,0.35152676464417792,-0.010925761117484504,0.054789999999999998,0.002222,0.191273,-3.1408072554263957,1.3062567720701161,-3.1024623717600806,0.054766935104992046,0.002222681553777544,0.19118612834342189,-0.26126336610289025,-0.038359374959899294,0.96450506058043761,-0.010222645274526931,0.99926398828257434,0.036972682418168597,-0.96521342254248543,-0.00020018563737605154,-0.26146320748727203,8.9884028692005554e-05,6.4077418858165413e-06
0.85999703407287598,1790953702.2130041,0.00060105323791503906,0.034609879067047558,0.034801865284766934,-0.034505159311927894,0.010384709049366262,0.35152676464417792,-0.010925761117484504,0.054789999999999998,0.002222,0.191273,-3.1408072554263957,1.3062567720701161,-3.1024623717600806,0.054766935104992046,0.002222681553777544,0.19118612834342189,-0.26126336610289025,-0.038359374959899294,0.96450506058043761,-0.010222645274526931,0.99926398828257434,0.036972682418168597,-0.96521342254248543,-0.00020018563737605154,-0.26146320748727203,8.9884028692005554e-05,6.4077418858165413e-06
0.86499595642089844,1790953702.218003,0.00060009956359863281,0.034609879067047558,0.034801865284766934,-0.034505159311927894,0.010384709049366262,0.35152676464417792,-0.010925761117484504,0.054789999999999998,0.002222,0.191273,-3.1408072554263957,1.3062567720701161,-3.1024623717600806,0.054766935104992046,0.002222681553777544,0.19118612834342189,-0.26126336610289025,-0.038359374959899294,0.96450506058043761,-0.010222645274526931,0.99926398828257434,0.036972682418168597,-0.96521342254248543,-0.00020018563737605154,-0.26146320748727203,8.9884028692005554e-05,6.4077418858165413e-06
0.86999893188476562,1790953702.223006,0.000598907470703125,0.034609879067047558,0.034801865284766934,-0.034505159311927894,0.010384709049366262,0.35152676464417792,-0.010925761117484504,0.054789999999999998,0.002222,0.191273,-3.1408072554263957,1.3062567720701161,-3.1024623717600806,0.054766935104992046,0.002222681553777544,0.19118612834342189,-0.26126336610289025,-0.038359374959899294,0.96450506058043761,-0.010222645274526931,0.99926398828257434,0.036972682418168597,-0.96521342254248543,-0.00020018563737605154,-0.26146320748727203,8.9884028692005554e-05,6.4077418858165413e-06
0.87499690055847168,1790953702.228004,0.00059795379638671875,0.034609879067047558,0.034801865284766934,-0.034505159311927894,0.010384709049366262,0.35152676464417792,-0.010925761117484504,0.054789999999999998,0.002222,0.191273,-3.1408072554263957,1.3062567720701161,-3.1024623717600806,0.054766935104992046,0.002222681553777544,0.19118612834342189,-0.26126336610289025,-0.038359374959899294,0.96450506058043761,-0.010222645274526931,0.99926398828257434,0.036972682418168597,-0.96521342254248543,-0.00020018563737605154,-0.26146320748727203,8.9884028692005554e-05,6.4077418858165413e-06
0.88002395629882812,1790953702.233031,0.00062608718872070312,0.034609879067047558,0.034801865284766934,-0.034505159311927894,0.010384709049366262,0.35152676464417792,-0.010925761117484504,0.054789999999999998,0.002222,0.191273,-3.1408072554263957,1.3062567720701161,-3.1024623717600806,0.054766935104992046,0.002222681553777544,0.19118612834342189,-0.26126336610289025,-0.038359374959899294,0.96450506058043761,-0.010222645274526931,0.99926398828257434,0.036972682418168597,-0.96521342254248543,-0.00020018563737605154,-0.26146320748727203,8.9884028692005554e-05,6.4077418858165413e-06
0.88499784469604492,1790953702.2380049,0.00060200691223144531,0.034609879067047558,0.034801865284766934,-0.034505159311927894,0.010384709049366262,0.35152676464417792,-0.010925761117484504,0.054789999999999998,0.002222,0.191273,-3.1408072554263957,1.3062567720701161,-3.1024623717600806,0.054766935104992046,0.002222681553777544,0.19118612834342189,-0.26126336610289025,-0.038359374959899294,0.96450506058043761,-0.010222645274526931,0.99926398828257434,0.036972682418168597,-0.96521342254248543,-0.00020018563737605154,-0.26146320748727203,8.9884028692005554e-05,6.4077418858165413e-06
0.88999795913696289,1790953702.243005,0.00060296058654785156,0.034609879067047558,0.034801865284766934,-0.034505159311927894,0.010384709049366262,0.35152676464417792,-0.010925761117484504,0.054789999999999998,0.002222,0.191273,-3.1408072554263957,1.3062567720701161,-3.1024623717600806,0.054766935104992046,0.002222681553777544,0.19118612834342189,-0.26126336610289025,-0.038359374959899294,0.96450506058043761,-0.010222645274526931,0.99926398828257434,0.036972682418168597,-0.96521342254248543,-0.00020018563737605154,-0.26146320748727203,8.9884028692005554e-05,6.4077418858165413e-06
0.89500904083251953,1790953702.2480161,0.00061106681823730469,0.034609879067047558,0.034801865284766934,-0.034505159311927894,0.010384709049366262,0.35152676464417792,-0.010925761117484504,0.054789999999999998,0.002222,0.191273,-3.1408072554263957,1.3062567720701161,-3.1024623717600806,0.054766935104992046,0.002222681553777544,0.19118612834342189,-0.26126336610289025,-0.038359374959899294,0.96450506058043761,-0.010222645274526931,0.99926398828257434,0.036972682418168597,-0.96521342254248543,-0.00020018563737605154,-0.26146320748727203,8.9884028692005554e-05,6.4077418858165413e-06
0.89999794960021973,1790953702.253005,0.00060009956359863281,0.034609879067047558,0.034801865284766934,-0.034505159311927894,0.010384709049366262,0.35152676464417792,-0.010925761117484504,0.054789999999999998,0.002222,0.191273,-3.1408072554263957,1.3062567720701161,-3.1024623717600806,0.054766935104992046,0.002222681553777544,0.19118612834342189,-0.26126336610289025,-0.038359374959899294,0.96450506058043761,-0.010222645274526931,0.99926398828257434,0.036972682418168597,-0.96521342254248543,-0.00020018563737605154,-0.26146320748727203,8.9884028692005554e-05,6.4077418858165413e-06
0.90502285957336426,1790953702.2580299,0.00062298774719238281,0.034609879067047558,0.034801865284766934,-0.034505159311927894,0.010384709049366262,0.35152676464417792,-0.010925761117484504,0.054789999999999998,0.002222,0.191273,-3.1408072554263957,1.3062567720701161,-3.1024623717600806,0.054766935104992046,0.002222681553777544,0.19118612834342189,-0.26126336610289025,-0.038359374959899294,0.96450506058043761,-0.010222645274526931,0.99926398828257434,0.036972682418168597,-0.96521342254248543,-0.00020018563737605154,-0.26146320748727203,8.9884028692005554e-05,6.4077418858165413e-06
0.91002297401428223,1790953702.2630301,0.00062513351440429688,0.034609879067047558,0.034801865284766934,-0.034505159311927894,0.010384709049366262,0.35152676464417792,-0.010925761117484504,0.054789999999999998,0.002222,0.191273,-3.1408072554263957,1.3062567720701161,-3.1024623717600806,0.054766935104992046,0.002222681553777544,0.19118612834342189,-0.26126336610289025,-0.038359374959899294,0.96450506058043761,-0.010222645274526931,0.99926398828257434,0.036972682418168597,-0.96521342254248543,-0.00020018563737605154,-0.26146320748727203,8.9884028692005554e-05,6.4077418858165413e-06
0.91499900817871094,1790953702.2680061,0.00059914588928222656,0.034609879067047558,0.034801865284766934,-0.034505159311927894,0.010384709049366262,0.35152676464417792,-0.010925761117484504,0.054789999999999998,0.002222,0.191273,-3.1408072554263957,1.3062567720701161,-3.1024623717600806,0.054766935104992046,0.002222681553777544,0.19118612834342189,-0.26126336610289025,-0.038359374959899294,0.96450506058043761,-0.010222645274526931,0.99926398828257434,0.036972682418168597,-0.96521342254248543,-0.00020018563737605154,-0.26146320748727203,8.9884028692005554e-05,6.4077418858165413e-06
0.91999983787536621,1790953702.2730069,0.00060200691223144531,0.034609879067047558,0.034801865284766934,-0.034505159311927894,0.010384709049366262,0.35152676464417792,-0.010925761117484504,0.054789999999999998,0.002222,0.191273,-3.1408072554263957,1.3062567720701161,-3.1024623717600806,0.054766935104992046,0.002222681553777544,0.19118612834342189,-0.26126336610289025,-0.038359374959899294,0.96450506058043761,-0.010222645274526931,0.99926398828257434,0.036972682418168597,-0.96521342254248543,-0.00020018563737605154,-0.26146320748727203,8.9884028692005554e-05,6.4077418858165413e-06
0.92499995231628418,1790953702.278007,0.00060200691223144531,0.034609879067047558,0.034801865284766934,-0.034505159311927894,0.010384709049366262,0.35152676464417792,-0.010925761117484504,0.054789999999999998,0.002222,0.191273,-3.1408072554263957,1.3062567720701161,-3.1024623717600806,0.054766935104992046,0.002222681553777544,0.19118612834342189,-0.26126336610289025,-0.038359374959899294,0.96450506058043761,-0.010222645274526931,0.99926398828257434,0.036972682418168597,-0.96521342254248543,-0.00020018563737605154,-0.26146320748727203,8.9884028692005554e-05,6.4077418858165413e-06
0.92999982833862305,1790953702.2830069,0.00060200691223144531,0.034609879067047558,0.034801865284766934,-0.034505159311927894,0.010384709049366262,0.35152676464417792,-0.010925761117484504,0.054789999999999998,0.002222,0.191273,-3.1408072554263957,1.3062567720701161,-3.1024623717600806,0.054766935104992046,0.002222681553777544,0.19118612834342189,-0.26126336610289025,-0.038359374959899294,0.96450506058043761,-0.010222645274526931,0.99926398828257434,0.036972682418168597,-0.96521342254248543,-0.00020018563737605154,-0.26146320748727203,8.9884028692005554e-05,6.4077418858165413e-06
0.93499493598937988,1790953702.288002,0.000598907470703125,0.034609879067047558,0.034801865284766934,-0.034505159311927894,0.010384709049366262,0.35152676464417792,-0.010925761117484504,0.054789999999999998,0.002222,0.191273,-3.1408072554263957,1.3062567720701161,-3.1024623717600806,0.054766935104992046,0.002222681553777544,0.19118612834342189,-0.26126336610289025,-0.038359374959899294,0.96450506058043761,-0.010222645274526931,0.99926398828257434,0.036972682418168597,-0.96521342254248543,-0.00020018563737605154,-0.26146320748727203,8.9884028692005554e-05,6.4077418858165413e-06
0.93999695777893066,1790953702.293004,0.00058913230895996094,0.034609879067047558,0.034801865284766934,-0.034505159311927894,0.010384709049366262,0.35152676464417792,-0.010925761117484504,0.054789999999999998,0.002222,0.191273,-3.1408072554263957,1.3062567720701161,-3.1024623717600806,0.054766935104992046,0.002222681553777544,0.19118612834342189,-0.26126336610289025,-0.038359374959899294,0.96450506058043761,-0.010222645274526931,0.99926398828257434,0.036972682418168597,-0.96521342254248543,-0.00020018563737605154,-0.26146320748727203,8.9884028692005554e-05,6.4077418858165413e-06
0.94499897956848145,1790953702.2980061,0.00059914588928222656,0.034609879067047558,0.034801865284766934,-0.034505159311927894,0.010384709049366262,0.35152676464417792,-0.010925761117484504,0.054789999999999998,0.002222,0.191273,-3.1408072554263957,1.3062567720701161,-3.1024623717600806,0.054766935104992046,0.002222681553777544,0.19118612834342189,-0.26126336610289025,-0.038359374959899294,0.96450506058043761,-0.010222645274526931,0.99926398828257434,0.036972682418168597,-0.96521342254248543,-0.00020018563737605154,-0.26146320748727203,8.9884028692005554e-05,6.4077418858165413e-06
0.94999980926513672,1790953702.3030069,0.00059986114501953125,0.034609879067047558,0.034801865284766934,-0.034505159311927894,0.010384709049366262,0.35152676464417792,-0.010925761117484504,0.054789999999999998,0.002222,0.191273,-3.1408072554263957,1.3062567720701161,-3.1024623717600806,0.054766935104992046,0.002222681553777544,0.19118612834342189,-0.26126336610289025,-0.038359374959899294,0.96450506058043761,-0.010222645274526931,0.99926398828257434,0.036972682418168597,-0.96521342254248543,-0.00020018563737605154,-0.26146320748727203,8.9884028692005554e-05,6.4077418858165413e-06
0.95499897003173828,1790953702.308006,0.00060200691223144531,0.034609879067047558,0.034801865284766934,-0.034505159311927894,0.010384709049366262,0.35152676464417792,-0.010925761117484504,0.054789999999999998,0.002222,0.191273,-3.1408072554263957,1.3062567720701161,-3.1024623717600806,0.054766935104992046,0.002222681553777544,0.19118612834342189,-0.26126336610289025,-0.038359374959899294,0.96450506058043761,-0.010222645274526931,0.99926398828257434,0.036972682418168597,-0.96521342254248543,-0.00020018563737605154,-0.26146320748727203,8.9884028692005554e-05,6.4077418858165413e-06
0.96000289916992188,1790953702.31301,0.00060486793518066406,0.034609879067047558,0.034801865284766934,-0.034505159311927894,0.010384709049366262,0.35152676464417792,-0.010925761117484504,0.054789999999999998,0.002222,0.191273,-3.1408072554263957,1.3062567720701161,-3.1024623717600806,0.054766935104992046,0.002222681553777544,0.19118612834342189,-0.26126336610289025,-0.038359374959899294,0.96450506058043761,-0.010222645274526931,0.99926398828257434,0.036972682418168597,-0.96521342254248543,-0.00020018563737605154,-0.26146320748727203,8.9884028692005554e-05,6.4077418858165413e-06
0.96499991416931152,1790953702.318007,0.00060200691223144531,0.034609879067047558,0.034801865284766934,-0.034505159311927894,0.010384709049366262,0.35152676464417792,-0.010925761117484504,0.054789999999999998,0.002222,0.191273,-3.1408072554263957,1.3062567720701161,-3.1024623717600806,0.054766935104992046,0.002222681553777544,0.19118612834342189,-0.26126336610289025,-0.038359374959899294,0.96450506058043761,-0.010222645274526931,0.99926398828257434,0.036972682418168597,-0.96521342254248543,-0.00020018563737605154,-0.26146320748727203,8.9884028692005554e-05,6.4077418858165413e-06
0.97002387046813965,1790953702.3230309,0.00062584877014160156,0.034609879067047558,0.034801865284766934,-0.034505159311927894,0.010384709049366262,0.35152676464417792,-0.010925761117484504,0.054789999999999998,0.002222,0.191273,-3.1408072554263957,1.3062567720701161,-3.1024623717600806,0.054766935104992046,0.002222681553777544,0.19118612834342189,-0.26126336610289025,-0.038359374959899294,0.96450506058043761,-0.010222645274526931,0.99926398828257434,0.036972682418168597,-0.96521342254248543,-0.00020018563737605154,-0.26146320748727203,8.9884028692005554e-05,6.4077418858165413e-06
0.97499990463256836,1790953702.328007,0.00057101249694824219,0.034609879067047558,0.034801865284766934,-0.034505159311927894,0.010384709049366262,0.35152676464417792,-0.010925761117484504,0.054789999999999998,0.002222,0.191273,-3.1408072554263957,1.3062567720701161,-3.1024623717600806,0.054766935104992046,0.002222681553777544,0.19118612834342189,-0.26126336610289025,-0.038359374959899294,0.96450506058043761,-0.010222645274526931,0.99926398828257434,0.036972682418168597,-0.96521342254248543,-0.00020018563737605154,-0.26146320748727203,8.9884028692005554e-05,6.4077418858165413e-06
0.97999787330627441,1790953702.333005,0.00059199333190917969,0.034609879067047558,0.034801865284766934,-0.034505159311927894,0.010384709049366262,0.35152676464417792,-0.010925761117484504,0.054789999999999998,0.002222,0.191273,-3.1408072554263957,1.3062567720701161,-3.1024623717600806,0.054766935104992046,0.002222681553777544,0.19118612834342189,-0.26126336610289025,-0.038359374959899294,0.96450506058043761,-0.010222645274526931,0.99926398828257434,0.036972682418168597,-0.96521342254248543,-0.00020018563737605154,-0.26146320748727203,8.9884028692005554e-05,6.4077418858165413e-06
0.98499894142150879,1790953702.338006,0.000598907470703125,0.034609879067047558,0.034801865284766934,-0.034505159311927894,0.010384709049366262,0.35152676464417792,-0.010925761117484504,0.054789999999999998,0.002222,0.191273,-3.1408072554263957,1.3062567720701161,-3.1024623717600806,0.054766935104992046,0.002222681553777544,0.19118612834342189,-0.26126336610289025,-0.038359374959899294,0.96450506058043761,-0.010222645274526931,0.99926398828257434,0.036972682418168597,-0.96521342254248543,-0.00020018563737605154,-0.26146320748727203,8.9884028692005554e-05,6.4077418858165413e-06
0.99002599716186523,1790953702.3430331,0.00062704086303710938,0.034609879067047558,0.034801865284766934,-0.034505159311927894,0.010384709049366262,0.35152676464417792,-0.010925761117484504,0.054789999999999998,0.002222,0.191273,-3.1408072554263957,1.3062567720701161,-3.1024623717600806,0.054766935104992046,0.002222681553777544,0.19118612834342189,-0.26126336610289025,-0.038359374959899294,0.96450506058043761,-0.010222645274526931,0.99926398828257434,0.036972682418168597,-0.96521342254248543,-0.00020018563737605154,-0.26146320748727203,8.9884028692005554e-05,6.4077418858165413e-06
0.99499988555908203,1790953702.348007,0.00060200691223144531,0.034609879067047558,0.034801865284766934,-0.034505159311927894,0.010384709049366262,0.35152676464417792,-0.010925761117484504,0.054789999999999998,0.002222,0.191273,-3.1408072554263957,1.3062567720701161,-3.1024623717600806,0.054766935104992046,0.002222681553777544,0.19118612834342189,-0.26126336610289025,-0.038359374959899294,0.96450506058043761,-0.010222645274526931,0.99926398828257434,0.036972682418168597,-0.96521342254248543,-0.00020018563737605154,-0.26146320748727203,8.9884028692005554e-05,6.4077418858165413e-06
1.0000238418579102,1790953702.3530309,0.00062298774719238281,0.034609879067047558,0.034801865284766934,-0.034505159311927894,0.010384709049366262,0.35152676464417792,-0.010925761117484504,0.054789999999999998,0.002222,0.191273,-3.1408072554263957,1.3062567720701161,-3.1024623717600806,0.054766935104992046,0.002222681553777544,0.19118612834342189,-0.26126336610289025,-0.038359374959899294,0.96450506058043761,-0.010222645274526931,0.99926398828257434,0.036972682418168597,-0.96521342254248543,-0.00020018563737605154,-0.26146320748727203,8.9884028692005554e-05,6.4077418858165413e-06
1.0049998760223389,1790953702.358007,0.00060200691223144531,0.034609879067047558,0.034801865284766934,-0.034505159311927894,0.010384709049366262,0.35152676464417792,-0.010925761117484504,0.054789999999999998,0.002222,0.191273,-3.1408072554263957,1.3062567720701161,-3.1024623717600806,0.054766935104992046,0.002222681553777544,0.19118612834342189,-0.26126336610289025,-0.038359374959899294,0.96450506058043761,-0.010222645274526931,0.99926398828257434,0.036972682418168597,-0.96521342254248543,-0.00020018563737605154,-0.26146320748727203,8.9884028692005554e-05,6.4077418858165413e-06
1.0100250244140625,1790953702.3630321,0.00062513351440429688,0.034609879067047558,0.034801865284766934,-0.034505159311927894,0.010384709049366262,0.35152676464417792,-0.010925761117484504,0.054789999999999998,0.002222,0.191273,-3.1408072554263957,1.3062567720701161,-3.1024623717600806,0.054766935104992046,0.002222681553777544,0.19118612834342189,-0.26126336610289025,-0.038359374959899294,0.96450506058043761,-0.010222645274526931,0.99926398828257434,0.036972682418168597,-0.96521342254248543,-0.00020018563737605154,-0.26146320748727203,8.9884028692005554e-05,6.4077418858165413e-06
1.0149998664855957,1790953702.3680069,0.00060200691223144531,0.034609879067047558,0.034801865284766934,-0.034505159311927894,0.010384709049366262,0.35152676464417792,-0.010925761117484504,0.054789999999999998,0.002222,0.191273,-3.1408072554263957,1.3062567720701161,-3.1024623717600806,0.054766935104992046,0.002222681553777544,0.19118612834342189,-0.26126336610289025,-0.038359374959899294,0.96450506058043761,-0.010222645274526931,0.99926398828257434,0.036972682418168597,-0.96521342254248543,-0.00020018563737605154,-0.26146320748727203,8.9884028692005554e-05,6.4077418858165413e-06
1.0199999809265137,1790953702.3730071,0.0005970001220703125,0.034609879067047558,0.034801865284766934,-0.034505159311927894,0.010384709049366262,0.35152676464417792,-0.010925761117484504,0.054789999999999998,0.002222,0.191273,-3.1408072554263957,1.3062567720701161,-3.1024623717600806,0.054766935104992046,0.002222681553777544,0.19118612834342189,-0.26126336610289025,-0.038359374959899294,0.96450506058043761,-0.010222645274526931,0.99926398828257434,0.036972682418168597,-0.96521342254248543,-0.00020018563737605154,-0.26146320748727203,8.9884028692005554e-05,6.4077418858165413e-06
1.0249989032745361,1790953702.378006,0.00060009956359863281,0.034609879067047558,0.034801865284766934,-0.034505159311927894,0.010384709049366262,0.35152676464417792,-0.010925761117484504,0.054789999999999998,0.002222,0.191273,-3.1408072554263957,1.3062567720701161,-3.1024623717600806,0.054766935104992046,0.002222681553777544,0.19118612834342189,-0.26126336610289025,-0.038359374959899294,0.96450506058043761,-0.010222645274526931,0.99926398828257434,0.036972682418168597,-0.96521342254248543,-0.00020018563737605154,-0.26146320748727203,8.9884028692005554e-05,6.4077418858165413e-06
1.0299978256225586,1790953702.3830049,0.000598907470703125,0.034609879067047558,0.034801865284766934,-0.034505159311927894,0.010384709049366262,0.35152676464417792,-0.010925761117484504,0.054789999999999998,0.002222,0.191273,-3.1408072554263957,1.3062567720701161,-3.1024623717600806,0.054766935104992046,0.002222681553777544,0.19118612834342189,-0.26126336610289025,-0.038359374959899294,0.96450506058043761,-0.010222645274526931,0.99926398828257434,0.036972682418168597,-0.96521342254248543,-0.00020018563737605154,-0.26146320748727203,8.9884028692005554e-05,6.4077418858165413e-06
1.0349998474121094,1790953702.3880069,0.000598907470703125,0.034609879067047558,0.034801865284766934,-0.034505159311927894,0.010384709049366262,0.35152676464417792,-0.010925761117484504,0.054789999999999998,0.002222,0.191273,-3.1408072554263957,1.3062567720701161,-3.1024623717600806,0.054766935104992046,0.002222681553777544,0.19118612834342189,-0.26126336610289025,-0.038359374959899294,0.96450506058043761,-0.010222645274526931,0.99926398828257434,0.036972682418168597,-0.96521342254248543,-0.00020018563737605154,-0.26146320748727203,8.9884028692005554e-05,6.4077418858165413e-06
1.0400018692016602,1790953702.3930089,0.00060105323791503906,0.034609879067047558,0.034801865284766934,-0.034505159311927894,0.010384709049366262,0.35152676464417792,-0.010925761117484504,0.054789999999999998,0.002222,0.191273,-3.1408072554263957,1.3062567720701161,-3.1024623717600806,0.054766935104992046,0.002222681553777544,0.19118612834342189,-0.26126336610289025,-0.038359374959899294,0.96450506058043761,-0.010222645274526931,0.99926398828257434,0.036972682418168597,-0.96521342254248543,-0.00020018563737605154,-0.26146320748727203,8.9884028692005554e-05,6.4077418858165413e-06
1.0449988842010498,1790953702.398006,0.0005970001220703125,0.034609879067047558,0.034801865284766934,-0.034505159311927894,0.010384709049366262,0.35152676464417792,-0.010925761117484504,0.054789999999999998,0.002222,0.191273,-3.1408072554263957,1.3062567720701161,-3.1024623717600806,0.054766935104992046,0.002222681553777544,0.19118612834342189,-0.26126336610289025,-0.038359374959899294,0.96450506058043761,-0.010222645274526931,0.99926398828257434,0.036972682418168597,-0.96521342254248543,-0.00020018563737605154,-0.26146320748727203,8.9884028692005554e-05,6.4077418858165413e-06
1.0499999523162842,1790953702.403007,0.0005950927734375,0.034609879067047558,0.034801865284766934,-0.034505159311927894,0.010384709049366262,0.35152676464417792,-0.010925761117484504,0.054789999999999998,0.002222,0.191273,-3.1408072554263957,1.3062567720701161,-3.1024623717600806,0.054766935104992046,0.002222681553777544,0.19118612834342189,-0.26126336610289025,-0.038359374959899294,0.96450506058043761,-0.010222645274526931,0.99926398828257434,0.036972682418168597,-0.96521342254248543,-0.00020018563737605154,-0.26146320748727203,8.9884028692005554e-05,6.4077418858165413e-06
1.0549988746643066,1790953702.408006,0.00059986114501953125,0.034609879067047558,0.034801865284766934,-0.034505159311927894,0.010384709049366262,0.35152676464417792,-0.010925761117484504,0.054789999999999998,0.002222,0.191273,-3.1408072554263957,1.3062567720701161,-3.1024623717600806,0.054766935104992046,0.002222681553777544,0.19118612834342189,-0.26126336610289025,-0.038359374959899294,0.96450506058043761,-0.010222645274526931,0.99926398828257434,0.036972682418168597,-0.96521342254248543,-0.00020018563737605154,-0.26146320748727203,8.9884028692005554e-05,6.4077418858165413e-06
1.0600090026855469,1790953702.4130161,0.00061011314392089844,0.034609879067047558,0.034801865284766934,-0.034505159311927894,0.010384709049366262,0.35152676464417792,-0.010925761117484504,0.054789999999999998,0.002222,0.191273,-3.1408072554263957,1.3062567720701161,-3.1024623717600806,0.054766935104992046,0.002222681553777544,0.19118612834342189,-0.26126336610289025,-0.038359374959899294,0.96450506058043761,-0.010222645274526931,0.99926398828257434,0.036972682418168597,-0.96521342254248543,-0.00020018563737605154,-0.26146320748727203,8.9884028692005554e-05,6.4077418858165413e-06
1.0650060176849365,1790953702.4180131,0.00060415267944335938,0.034609879067047558,0.034801865284766934,-0.034505159311927894,0.010384709049366262,0.35152676464417792,-0.010925761117484504,0.054789999999999998,0.002222,0.191273,-3.1408072554263957,1.3062567720701161,-3.1024623717600806,0.054766935104992046,0.002222681553777544,0.19118612834342189,-0.26126336610289025,-0.038359374959899294,0.96450506058043761,-0.010222645274526931,0.99926398828257434,0.036972682418168597,-0.96521342254248543,-0.00020018563737605154,-0.26146320748727203,8.9884028692005554e-05,6.4077418858165413e-06
1.0700249671936035,1790953702.423032,0.00062012672424316406,0.034609879067047558,0.034801865284766934,-0.034505159311927894,0.010384709049366262,0.35152676464417792,-0.010925761117484504,0.054789999999999998,0.002222,0.191273,-3.1408072554263957,1.3062567720701161,-3.1024623717600806,0.054766935104992046,0.002222681553777544,0.19118612834342189,-0.26126336610289025,-0.038359374959899294,0.96450506058043761,-0.010222645274526931,0.99926398828257434,0.036972682418168597,-0.96521342254248543,-0.00020018563737605154,-0.26146320748727203,8.9884028692005554e-05,6.4077418858165413e-06
1.0749998092651367,1790953702.4280069,0.000598907470703125,0.034609879067047558,0.034801865284766934,-0.034505159311927894,0.010384709049366262,0.35152676464417792,-0.010925761117484504,0.054789999999999998,0.002222,0.191273,-3.1408072554263957,1.3062567720701161,-3.1024623717600806,0.054766935104992046,0.002222681553777544,0.19118612834342189,-0.26126336610289025,-0.038359374959899294,0.96450506058043761,-0.010222645274526931,0.99926398828257434,0.036972682418168597,-0.96521342254248543,-0.00020018563737605154,-0.26146320748727203,8.9884028692005554e-05,6.4077418858165413e-06
1.0799989700317383,1790953702.433006,0.0005950927734375,0.034609879067047558,0.034801865284766934,-0.034505159311927894,0.010384709049366262,0.35152676464417792,-0.010925761117484504,0.054789999999999998,0.002222,0.191273,-3.1408072554263957,1.3062567720701161,-3.1024623717600806,0.054766935104992046,0.002222681553777544,0.19118612834342189,-0.26126336610289025,-0.038359374959899294,0.96450506058043761,-0.010222645274526931,0.99926398828257434,0.036972682418168597,-0.96521342254248543,-0.00020018563737605154,-0.26146320748727203,8.9884028692005554e-05,6.4077418858165413e-06
1.0850000381469727,1790953702.4380071,0.00060200691223144531,0.034609879067047558,0.034801865284766934,-0.034505159311927894,0.010384709049366262,0.35152676464417792,-0.010925761117484504,0.054789999999999998,0.002222,0.191273,-3.1408072554263957,1.3062567720701161,-3.1024623717600806,0.054766935104992046,0.002222681553777544,0.19118612834342189,-0.26126336610289025,-0.038359374959899294,0.96450506058043761,-0.010222645274526931,0.99926398828257434,0.036972682418168597,-0.96521342254248543,-0.00020018563737605154,-0.26146320748727203,8.9884028692005554e-05,6.4077418858165413e-06
1.0900249481201172,1790953702.443032,0.00062298774719238281,0.034609879067047558,0.034801865284766934,-0.034505159311927894,0.010384709049366262,0.35152676464417792,-0.010925761117484504,0.054789999999999998,0.002222,0.191273,-3.1408072554263957,1.3062567720701161,-3.1024623717600806,0.054766935104992046,0.002222681553777544,0.19118612834342189,-0.26126336610289025,-0.038359374959899294,0.96450506058043761,-0.010222645274526931,0.99926398828257434,0.036972682418168597,-0.96521342254248543,-0.00020018563737605154,-0.26146320748727203,8.9884028692005554e-05,6.4077418858165413e-06
1.094998836517334,1790953702.4480059,0.0006008148193359375,0.034609879067047558,0.034801865284766934,-0.034505159311927894,0.010384709049366262,0.35152676464417792,-0.010925761117484504,0.054789999999999998,0.002222,0.191273,-3.1408072554263957,1.3062567720701161,-3.1024623717600806,0.054766935104992046,0.002222681553777544,0.19118612834342189,-0.26126336610289025,-0.038359374959899294,0.96450506058043761,-0.010222645274526931,0.99926398828257434,0.036972682418168597,-0.96521342254248543,-0.00020018563737605154,-0.26146320748727203,8.9884028692005554e-05,6.4077418858165413e-06
1.0999999046325684,1790953702.453007,0.000576019287109375,0.034609879067047558,0.034801865284766934,-0.034505159311927894,0.010384709049366262,0.35152676464417792,-0.010925761117484504,0.054789999999999998,0.002222,0.191273,-3.1408072554263957,1.3062567720701161,-3.1024623717600806,0.054766935104992046,0.002222681553777544,0.19118612834342189,-0.26126336610289025,-0.038359374959899294,0.96450506058043761,-0.010222645274526931,0.99926398828257434,0.036972682418168597,-0.96521342254248543,-0.00020018563737605154,-0.26146320748727203,8.9884028692005554e-05,6.4077418858165413e-06
1.1050078868865967,1790953702.458015,0.00060892105102539062,0.034609879067047558,0.034801865284766934,-0.034505159311927894,0.010384709049366262,0.35152676464417792,-0.010925761117484504,0.054789999999999998,0.002222,0.191273,-3.1408072554263957,1.3062567720701161,-3.1024623717600806,0.054766935104992046,0.002222681553777544,0.19118612834342189,-0.26126336610289025,-0.038359374959899294,0.96450506058043761,-0.010222645274526931,0.99926398828257434,0.036972682418168597,-0.96521342254248543,-0.00020018563737605154,-0.26146320748727203,8.9884028692005554e-05,6.4077418858165413e-06
1.1099998950958252,1790953702.463007,0.00057697296142578125,0.034609879067047558,0.034801865284766934,-0.034505159311927894,0.010384709049366262,0.35152676464417792,-0.010925761117484504,0.054789999999999998,0.002222,0.191273,-3.1408072554263957,1.3062567720701161,-3.1024623717600806,0.054766935104992046,0.002222681553777544,0.19118612834342189,-0.26126336610289025,-0.038359374959899294,0.96450506058043761,-0.010222645274526931,0.99926398828257434,0.036972682418168597,-0.96521342254248543,-0.00020018563737605154,-0.26146320748727203,8.9884028692005554e-05,6.4077418858165413e-06
1.1149988174438477,1790953702.4680059,0.0006008148193359375,0.034609879067047558,0.034801865284766934,-0.034505159311927894,0.010384709049366262,0.35152676464417792,-0.010925761117484504,0.054789999999999998,0.002222,0.191273,-3.1408072554263957,1.3062567720701161,-3.1024623717600806,0.054766935104992046,0.002222681553777544,0.19118612834342189,-0.26126336610289025,-0.038359374959899294,0.96450506058043761,-0.010222645274526931,0.99926398828257434,0.036972682418168597,-0.96521342254248543,-0.00020018563737605154,-0.26146320748727203,8.9884028692005554e-05,6.4077418858165413e-06
1.1200239658355713,1790953702.473031,0.00062513351440429688,0.034609879067047558,0.034801865284766934,-0.034505159311927894,0.010384709049366262,0.35152676464417792,-0.010925761117484504,0.054789999999999998,0.002222,0.191273,-3.1408072554263957,1.3062567720701161,-3.1024623717600806,0.054766935104992046,0.002222681553777544,0.19118612834342189,-0.26126336610289025,-0.038359374959899294,0.96450506058043761,-0.010222645274526931,0.99926398828257434,0.036972682418168597,-0.96521342254248543,-0.00020018563737605154,-0.26146320748727203,8.9884028692005554e-05,6.4077418858165413e-06
1.1249988079071045,1790953702.4780059,0.000598907470703125,0.034609879067047558,0.034801865284766934,-0.034505159311927894,0.010384709049366262,0.35152676464417792,-0.010925761117484504,0.054789999999999998,0.002222,0.191273,-3.1408072554263957,1.3062567720701161,-3.1024623717600806,0.054766935104992046,0.002222681553777544,0.19118612834342189,-0.26126336610289025,-0.038359374959899294,0.96450506058043761,-0.010222645274526931,0.99926398828257434,0.036972682418168597,-0.96521342254248543,-0.00020018563737605154,-0.26146320748727203,8.9884028692005554e-05,6.4077418858165413e-06
1.1300239562988281,1790953702.483031,0.00062608718872070312,0.034609879067047558,0.034801865284766934,-0.034505159311927894,0.010384709049366262,0.35152676464417792,-0.010925761117484504,0.054789999999999998,0.002222,0.191273,-3.1408072554263957,1.3062567720701161,-3.1024623717600806,0.054766935104992046,0.002222681553777544,0.19118612834342189,-0.26126336610289025,-0.038359374959899294,0.96450506058043761,-0.010222645274526931,0.99926398828257434,0.036972682418168597,-0.96521342254248543,-0.00020018563737605154,-0.26146320748727203,8.9884028692005554e-05,6.4077418858165413e-06
1.1349990367889404,1790953702.4880061,0.00060009956359863281,0.034609879067047558,0.034801865284766934,-0.034505159311927894,0.010384709049366262,0.35152676464417792,-0.010925761117484504,0.054789999999999998,0.002222,0.191273,-3.1408072554263957,1.3062567720701161,-3.1024623717600806,0.054766935104992046,0.002222681553777544,0.19118612834342189,-0.26126336610289025,-0.038359374959899294,0.96450506058043761,-0.010222645274526931,0.99926398828257434,0.036972682418168597,-0.96521342254248543,-0.00020018563737605154,-0.26146320748727203,8.9884028692005554e-05,6.4077418858165413e-06
1.1399989128112793,1790953702.493006,0.00057506561279296875,0.034609879067047558,0.034801865284766934,-0.034505159311927894,0.010384709049366262,0.35152676464417792,-0.010925761117484504,0.054789999999999998,0.002222,0.191273,-3.1408072554263957,1.3062567720701161,-3.1024623717600806,0.054766935104992046,0.002222681553777544,0.19118612834342189,-0.26126336610289025,-0.038359374959899294,0.96450506058043761,-0.010222645274526931,0.99926398828257434,0.036972682418168597,-0.96521342254248543,-0.00020018563737605154,-0.26146320748727203,8.9884028692005554e-05,6.4077418858165413e-06
1.1450009346008301,1790953702.498008,0.000598907470703125,0.034609879067047558,0.034801865284766934,-0.034505159311927894,0.010384709049366262,0.35152676464417792,-0.010925761117484504,0.054789999999999998,0.002222,0.191273,-3.1408072554263957,1.3062567720701161,-3.1024623717600806,0.054766935104992046,0.002222681553777544,0.19118612834342189,-0.26126336610289025,-0.038359374959899294,0.96450506058043761,-0.010222645274526931,0.99926398828257434,0.036972682418168597,-0.96521342254248543,-0.00020018563737605154,-0.26146320748727203,8.9884028692005554e-05,6.4077418858165413e-06
1.1500229835510254,1790953702.5030301,0.00062417984008789062,0.034609879067047558,0.034801865284766934,-0.034505159311927894,0.010384709049366262,0.35152676464417792,-0.010925761117484504,0.054789999999999998,0.002222,0.191273,-3.1408072554263957,1.3062567720701161,-3.1024623717600806,0.054766935104992046,0.002222681553777544,0.19118612834342189,-0.26126336610289025,-0.038359374959899294,0.96450506058043761,-0.010222645274526931,0.99926398828257434,0.036972682418168597,-0.96521342254248543,-0.00020018563737605154,-0.26146320748727203,8.9884028692005554e-05,6.4077418858165413e-06
1.1549990177154541,1790953702.5080061,0.0005970001220703125,0.034609879067047558,0.034801865284766934,-0.034505159311927894,0.010384709049366262,0.35152676464417792,-0.010925761117484504,0.054789999999999998,0.002222,0.191273,-3.1408072554263957,1.3062567720701161,-3.1024623717600806,0.054766935104992046,0.002222681553777544,0.19118612834342189,-0.26126336610289025,-0.038359374959899294,0.96450506058043761,-0.010222645274526931,0.99926398828257434,0.036972682418168597,-0.96521342254248543,-0.00020018563737605154,-0.26146320748727203,8.9884028692005554e-05,6.4077418858165413e-06
1.160024881362915,1790953702.513032,0.00062704086303710938,0.034609879067047558,0.034801865284766934,-0.034505159311927894,0.010384709049366262,0.35152676464417792,-0.010925761117484504,0.054789999999999998,0.002222,0.191273,-3.1408072554263957,1.3062567720701161,-3.1024623717600806,0.054766935104992046,0.002222681553777544,0.19118612834342189,-0.26126336610289025,-0.038359374959899294,0.96450506058043761,-0.010222645274526931,0.99926398828257434,0.036972682418168597,-0.96521342254248543,-0.00020018563737605154,-0.26146320748727203,8.9884028692005554e-05,6.4077418858165413e-06
1.1649999618530273,1790953702.518007,0.00060009956359863281,0.034609879067047558,0.034801865284766934,-0.034505159311927894,0.010384709049366262,0.35152676464417792,-0.010925761117484504,0.054789999999999998,0.002222,0.191273,-3.1408072554263957,1.3062567720701161,-3.1024623717600806,0.054766935104992046,0.002222681553777544,0.19118612834342189,-0.26126336610289025,-0.038359374959899294,0.96450506058043761,-0.010222645274526931,0.99926398828257434,0.036972682418168597,-0.96521342254248543,-0.00020018563737605154,-0.26146320748727203,8.9884028692005554e-05,6.4077418858165413e-06
1.1700258255004883,1790953702.5230329,0.00061798095703125,0.034609879067047558,0.034801865284766934,-0.034505159311927894,0.010384709049366262,0.35152676464417792,-0.010925761117484504,0.054789999999999998,0.002222,0.191273,-3.1408072554263957,1.3062567720701161,-3.1024623717600806,0.054766935104992046,0.002222681553777544,0.19118612834342189,-0.26126336610289025,-0.038359374959899294,0.96450506058043761,-0.010222645274526931,0.99926398828257434,0.036972682418168597,-0.96521342254248543,-0.00020018563737605154,-0.26146320748727203,8.9884028692005554e-05,6.4077418858165413e-06
1.1750009059906006,1790953702.528008,0.00060200691223144531,0.034609879067047558,0.034801865284766934,-0.034505159311927894,0.010384709049366262,0.35152676464417792,-0.010925761117484504,0.054789999999999998,0.002222,0.191273,-3.1408072554263957,1.3062567720701161,-3.1024623717600806,0.054766935104992046,0.002222681553777544,0.19118612834342189,-0.26126336610289025,-0.038359374959899294,0.96450506058043761,-0.010222645274526931,0.99926398828257434,0.036972682418168597,-0.96521342254248543,-0.00020018563737605154,-0.26146320748727203,8.9884028692005554e-05,6.4077418858165413e-06
1.1799979209899902,1790953702.533005,0.0005741119384765625,0.034609879067047558,0.034801865284766934,-0.034505159311927894,0.010384709049366262,0.35152676464417792,-0.010925761117484504,0.054789999999999998,0.002222,0.191273,-3.1408072554263957,1.3062567720701161,-3.1024623717600806,0.054766935104992046,0.002222681553777544,0.19118612834342189,-0.26126336610289025,-0.038359374959899294,0.96450506058043761,-0.010222645274526931,0.99926398828257434,0.036972682418168597,-0.96521342254248543,-0.00020018563737605154,-0.26146320748727203,8.9884028692005554e-05,6.4077418858165413e-06
1.1849989891052246,1790953702.5380061,0.00059914588928222656,0.034609879067047558,0.034801865284766934,-0.034505159311927894,0.010384709049366262,0.35152676464417792,-0.010925761117484504,0.054789999999999998,0.002222,0.191273,-3.1408072554263957,1.3062567720701161,-3.1024623717600806,0.054766935104992046,0.002222681553777544,0.19118612834342189,-0.26126336610289025,-0.038359374959899294,0.96450506058043761,-0.010222645274526931,0.99926398828257434,0.036972682418168597,-0.96521342254248543,-0.00020018563737605154,-0.26146320748727203,8.9884028692005554e-05,6.4077418858165413e-06
1.1900238990783691,1790953702.543031,0.000598907470703125,0.034609879067047558,0.034801865284766934,-0.034505159311927894,0.010384709049366262,0.35152676464417792,-0.010925761117484504,0.054789999999999998,0.002222,0.191273,-3.1408072554263957,1.3062567720701161,-3.1024623717600806,0.054766935104992046,0.002222681553777544,0.19118612834342189,-0.26126336610289025,-0.038359374959899294,0.96450506058043761,-0.010222645274526931,0.99926398828257434,0.036972682418168597,-0.96521342254248543,-0.00020018563737605154,-0.26146320748727203,8.9884028692005554e-05,6.4077418858165413e-06
1.194998025894165,1790953702.5480051,0.0005970001220703125,0.034609879067047558,0.034801865284766934,-0.034505159311927894,0.010384709049366262,0.35152676464417792,-0.010925761117484504,0.054789999999999998,0.002222,0.191273,-3.1408072554263957,1.3062567720701161,-3.1024623717600806,0.054766935104992046,0.002222681553777544,0.19118612834342189,-0.26126336610289025,-0.038359374959899294,0.96450506058043761,-0.010222645274526931,0.99926398828257434,0.036972682418168597,-0.96521342254248543,-0.00020018563737605154,-0.26146320748727203,8.9884028692005554e-05,6.4077418858165413e-06
1.200023889541626,1790953702.553031,0.00062394142150878906,0.034609879067047558,0.034801865284766934,-0.034505159311927894,0.010384709049366262,0.35152676464417792,-0.010925761117484504,0.054789999999999998,0.002222,0.191273,-3.1408072554263957,1.3062567720701161,-3.1024623717600806,0.054766935104992046,0.002222681553777544,0.19118612834342189,-0.26126336610289025,-0.038359374959899294,0.96450506058043761,-0.010222645274526931,0.99926398828257434,0.036972682418168597,-0.96521342254248543,-0.00020018563737605154,-0.26146320748727203,8.9884028692005554e-05,6.4077418858165413e-06
1.2049999237060547,1790953702.558007,0.00060105323791503906,0.034609879067047558,0.034801865284766934,-0.034505159311927894,0.010384709049366262,0.35152676464417792,-0.010925761117484504,0.054789999999999998,0.002222,0.191273,-3.1408072554263957,1.3062567720701161,-3.1024623717600806,0.054766935104992046,0.002222681553777544,0.19118612834342189,-0.26126336610289025,-0.038359374959899294,0.96450506058043761,-0.010222645274526931,0.99926398828257434,0.036972682418168597,-0.96521342254248543,-0.00020018563737605154,-0.26146320748727203,8.9884028692005554e-05,6.4077418858165413e-06
1.2100248336791992,1790953702.5630319,0.00062680244445800781,0.034609879067047558,0.034801865284766934,-0.034505159311927894,0.010384709049366262,0.35152676464417792,-0.010925761117484504,0.054789999999999998,0.002222,0.191273,-3.1408072554263957,1.3062567720701161,-3.1024623717600806,0.054766935104992046,0.002222681553777544,0.19118612834342189,-0.26126336610289025,-0.038359374959899294,0.96450506058043761,-0.010222645274526931,0.99926398828257434,0.036972682418168597,-0.96521342254248543,-0.00020018563737605154,-0.26146320748727203,8.9884028692005554e-05,6.4077418858165413e-06
1.2149999141693115,1790953702.568007,0.00060200691223144531,0.034609879067047558,0.034801865284766934,-0.034505159311927894,0.010384709049366262,0.35152676464417792,-0.010925761117484504,0.054789999999999998,0.002222,0.191273,-3.1408072554263957,1.3062567720701161,-3.1024623717600806,0.054766935104992046,0.002222681553777544,0.19118612834342189,-0.26126336610289025,-0.038359374959899294,0.96450506058043761,-0.010222645274526931,0.99926398828257434,0.036972682418168597,-0.96521342254248543,-0.00020018563737605154,-0.26146320748727203,8.9884028692005554e-05,6.4077418858165413e-06
1.2200260162353516,1790953702.5730331,0.00062608718872070312,0.034609879067047558,0.034801865284766934,-0.034505159311927894,0.010384709049366262,0.35152676464417792,-0.010925761117484504,0.054789999999999998,0.002222,0.191273,-3.1408072554263957,1.3062567720701161,-3.1024623717600806,0.054766935104992046,0.002222681553777544,0.19118612834342189,-0.26126336610289025,-0.038359374959899294,0.96450506058043761,-0.010222645274526931,0.99926398828257434,0.036972682418168597,-0.96521342254248543,-0.00020018563737605154,-0.26146320748727203,8.9884028692005554e-05,6.4077418858165413e-06
1.2250008583068848,1790953702.5780079,0.00060200691223144531,0.034609879067047558,0.034801865284766934,-0.034505159311927894,0.010384709049366262,0.35152676464417792,-0.010925761117484504,0.054789999999999998,0.002222,0.191273,-3.1408072554263957,1.3062567720701161,-3.1024623717600806,0.054766935104992046,0.002222681553777544,0.19118612834342189,-0.26126336610289025,-0.038359374959899294,0.96450506058043761,-0.010222645274526931,0.99926398828257434,0.036972682418168597,-0.96521342254248543,-0.00020018563737605154,-0.26146320748727203,8.9884028692005554e-05,6.4077418858165413e-06
1.2300260066986084,1790953702.5830331,0.00062513351440429688,0.034609879067047558,0.034801865284766934,-0.034505159311927894,0.010384709049366262,0.35152676464417792,-0.010925761117484504,0.054789999999999998,0.002222,0.191273,-3.1408072554263957,1.3062567720701161,-3.1024623717600806,0.054766935104992046,0.002222681553777544,0.19118612834342189,-0.26126336610289025,-0.038359374959899294,0.96450506058043761,-0.010222645274526931,0.99926398828257434,0.036972682418168597,-0.96521342254248543,-0.00020018563737605154,-0.26146320748727203,8.9884028692005554e-05,6.4077418858165413e-06
1.2350008487701416,1790953702.5880079,0.00060200691223144531,0.034609879067047558,0.034801865284766934,-0.034505159311927894,0.010384709049366262,0.35152676464417792,-0.010925761117484504,0.054789999999999998,0.002222,0.191273,-3.1408072554263957,1.3062567720701161,-3.1024623717600806,0.054766935104992046,0.002222681553777544,0.19118612834342189,-0.26126336610289025,-0.038359374959899294,0.96450506058043761,-0.010222645274526931,0.99926398828257434,0.036972682418168597,-0.96521342254248543,-0.00020018563737605154,-0.26146320748727203,8.9884028692005554e-05,6.4077418858165413e-06
1.2400259971618652,1790953702.5930331,0.00062513351440429688,0.034609879067047558,0.034801865284766934,-0.034505159311927894,0.010384709049366262,0.35152676464417792,-0.010925761117484504,0.054789999999999998,0.002222,0.191273,-3.1408072554263957,1.3062567720701161,-3.1024623717600806,0.054766935104992046,0.002222681553777544,0.19118612834342189,-0.26126336610289025,-0.038359374959899294,0.96450506058043761,-0.010222645274526931,0.99926398828257434,0.036972682418168597,-0.96521342254248543,-0.00020018563737605154,-0.26146320748727203,8.9884028692005554e-05,6.4077418858165413e-06
1.2450008392333984,1790953702.5980079,0.00059986114501953125,0.034609879067047558,0.034801865284766934,-0.034505159311927894,0.010384709049366262,0.35152676464417792,-0.010925761117484504,0.054789999999999998,0.002222,0.191273,-3.1408072554263957,1.3062567720701161,-3.1024623717600806,0.054766935104992046,0.002222681553777544,0.19118612834342189,-0.26126336610289025,-0.038359374959899294,0.96450506058043761,-0.010222645274526931,0.99926398828257434,0.036972682418168597,-0.96521342254248543,-0.00020018563737605154,-0.26146320748727203,8.9884028692005554e-05,6.4077418858165413e-06
1.2500009536743164,1790953702.603008,0.00057697296142578125,0.034609879067047558,0.034801865284766934,-0.034505159311927894,0.010384709049366262,0.35152676464417792,-0.010925761117484504,0.054789999999999998,0.002222,0.191273,-3.1408072554263957,1.3062567720701161,-3.1024623717600806,0.054766935104992046,0.002222681553777544,0.19118612834342189,-0.26126336610289025,-0.038359374959899294,0.96450506058043761,-0.010222645274526931,0.99926398828257434,0.036972682418168597,-0.96521342254248543,-0.00020018563737605154,-0.26146320748727203,8.9884028692005554e-05,6.4077418858165413e-06
1.2549998760223389,1790953702.608007,0.000598907470703125,0.034609879067047558,0.034801865284766934,-0.034505159311927894,0.010384709049366262,0.35152676464417792,-0.010925761117484504,0.054789999999999998,0.002222,0.191273,-3.1408072554263957,1.3062567720701161,-3.1024623717600806,0.054766935104992046,0.002222681553777544,0.19118612834342189,-0.26126336610289025,-0.038359374959899294,0.96450506058043761,-0.010222645274526931,0.99926398828257434,0.036972682418168597,-0.96521342254248543,-0.00020018563737605154,-0.26146320748727203,8.9884028692005554e-05,6.4077418858165413e-06
1.2599990367889404,1790953702.6130061,0.00060105323791503906,0.034609879067047558,0.034801865284766934,-0.034505159311927894,0.010384709049366262,0.35152676464417792,-0.010925761117484504,0.054789999999999998,0.002222,0.191273,-3.1408072554263957,1.3062567720701161,-3.1024623717600806,0.054766935104992046,0.002222681553777544,0.19118612834342189,-0.26126336610289025,-0.038359374959899294,0.96450506058043761,-0.010222645274526931,0.99926398828257434,0.036972682418168597,-0.96521342254248543,-0.00020018563737605154,-0.26146320748727203,8.9884028692005554e-05,6.4077418858165413e-06
1.2650048732757568,1790953702.618012,0.00060606002807617188,0.034609879067047558,0.034801865284766934,-0.034505159311927894,0.010384709049366262,0.35152676464417792,-0.010925761117484504,0.054789999999999998,0.002222,0.191273,-3.1408072554263957,1.3062567720701161,-3.1024623717600806,0.054766935104992046,0.002222681553777544,0.19118612834342189,-0.26126336610289025,-0.038359374959899294,0.96450506058043761,-0.010222645274526931,0.99926398828257434,0.036972682418168597,-0.96521342254248543,-0.00020018563737605154,-0.26146320748727203,8.9884028692005554e-05,6.4077418858165413e-06
1.2700009346008301,1790953702.623008,0.00060009956359863281,0.034609879067047558,0.034801865284766934,-0.034505159311927894,0.010384709049366262,0.35152676464417792,-0.010925761117484504,0.054789999999999998,0.002222,0.191273,-3.1408072554263957,1.3062567720701161,-3.1024623717600806,0.054766935104992046,0.002222681553777544,0.19118612834342189,-0.26126336610289025,-0.038359374959899294,0.96450506058043761,-0.010222645274526931,0.99926398828257434,0.036972682418168597,-0.96521342254248543,-0.00020018563737605154,-0.26146320748727203,8.9884028692005554e-05,6.4077418858165413e-06
1.2750008106231689,1790953702.6280079,0.000598907470703125,0.034609879067047558,0.034801865284766934,-0.034505159311927894,0.010384709049366262,0.35152676464417792,-0.010925761117484504,0.054789999999999998,0.002222,0.191273,-3.1408072554263957,1.3062567720701161,-3.1024623717600806,0.054766935104992046,0.002222681553777544,0.19118612834342189,-0.26126336610289025,-0.038359374959899294,0.96450506058043761,-0.010222645274526931,0.99926398828257434,0.036972682418168597,-0.96521342254248543,-0.00020018563737605154,-0.26146320748727203,8.9884028692005554e-05,6.4077418858165413e-06
1.2799990177154541,1790953702.6330061,0.00060105323791503906,0.034609879067047558,0.034801865284766934,-0.034505159311927894,0.010384709049366262,0.35152676464417792,-0.010925761117484504,0.054789999999999998,0.002222,0.191273,-3.1408072554263957,1.3062567720701161,-3.1024623717600806,0.054766935104992046,0.002222681553777544,0.19118612834342189,-0.26126336610289025,-0.038359374959899294,0.96450506058043761,-0.010222645274526931,0.99926398828257434,0.036972682418168597,-0.96521342254248543,-0.00020018563737605154,-0.26146320748727203,8.9884028692005554e-05,6.4077418858165413e-06
1.2850010395050049,1790953702.6380081,0.00060319900512695312,0.034609879067047558,0.034801865284766934,-0.034505159311927894,0.010384709049366262,0.35152676464417792,-0.010925761117484504,0.054789999999999998,0.002222,0.191273,-3.1408072554263957,1.3062567720701161,-3.1024623717600806,0.054766935104992046,0.002222681553777544,0.19118612834342189,-0.26126336610289025,-0.038359374959899294,0.96450506058043761,-0.010222645274526931,0.99926398828257434,0.036972682418168597,-0.96521342254248543,-0.00020018563737605154,-0.26146320748727203,8.9884028692005554e-05,6.4077418858165413e-06
1.290024995803833,1790953702.6430321,0.00062608718872070312,0.034609879067047558,0.034801865284766934,-0.034505159311927894,0.010384709049366262,0.35152676464417792,-0.010925761117484504,0.054789999999999998,0.002222,0.191273,-3.1408072554263957,1.3062567720701161,-3.1024623717600806,0.054766935104992046,0.002222681553777544,0.19118612834342189,-0.26126336610289025,-0.038359374959899294,0.96450506058043761,-0.010222645274526931,0.99926398828257434,0.036972682418168597,-0.96521342254248543,-0.00020018563737605154,-0.26146320748727203,8.9884028692005554e-05,6.4077418858165413e-06
1.2949988842010498,1790953702.648006,0.00060105323791503906,0.034609879067047558,0.034801865284766934,-0.034505159311927894,0.010384709049366262,0.35152676464417792,-0.010925761117484504,0.054789999999999998,0.002222,0.191273,-3.1408072554263957,1.3062567720701161,-3.1024623717600806,0.054766935104992046,0.002222681553777544,0.19118612834342189,-0.26126336610289025,-0.038359374959899294,0.96450506058043761,-0.010222645274526931,0.99926398828257434,0.036972682418168597,-0.96521342254248543,-0.00020018563737605154,-0.26146320748727203,8.9884028692005554e-05,6.4077418858165413e-06
1.3000240325927734,1790953702.6530311,0.00062513351440429688,0.034609879067047558,0.034801865284766934,-0.034505159311927894,0.010384709049366262,0.35152676464417792,-0.010925761117484504,0.054789999999999998,0.002222,0.191273,-3.1408072554263957,1.3062567720701161,-3.1024623717600806,0.054766935104992046,0.002222681553777544,0.19118612834342189,-0.26126336610289025,-0.038359374959899294,0.96450506058043761,-0.010222645274526931,0.99926398828257434,0.036972682418168597,-0.96521342254248543,-0.00020018563737605154,-0.26146320748727203,8.9884028692005554e-05,6.4077418858165413e-06
1.3050010204315186,1790953702.6580081,0.00060105323791503906,0.034609879067047558,0.034801865284766934,-0.034505159311927894,0.010384709049366262,0.35152676464417792,-0.010925761117484504,0.054789999999999998,0.002222,0.191273,-3.1408072554263957,1.3062567720701161,-3.1024623717600806,0.054766935104992046,0.002222681553777544,0.19118612834342189,-0.26126336610289025,-0.038359374959899294,0.96450506058043761,-0.010222645274526931,0.99926398828257434,0.036972682418168597,-0.96521342254248543,-0.00020018563737605154,-0.26146320748727203,8.9884028692005554e-05,6.4077418858165413e-06
1.3100259304046631,1790953702.663033,0.00062704086303710938,0.034609879067047558,0.034801865284766934,-0.034505159311927894,0.010384709049366262,0.35152676464417792,-0.010925761117484504,0.054789999999999998,0.002222,0.191273,-3.1408072554263957,1.3062567720701161,-3.1024623717600806,0.054766935104992046,0.002222681553777544,0.19118612834342189,-0.26126336610289025,-0.038359374959899294,0.96450506058043761,-0.010222645274526931,0.99926398828257434,0.036972682418168597,-0.96521342254248543,-0.00020018563737605154,-0.26146320748727203,8.9884028692005554e-05,6.4077418858165413e-06
1.3149979114532471,1790953702.668005,0.00060009956359863281,0.034609879067047558,0.034801865284766934,-0.034505159311927894,0.010384709049366262,0.35152676464417792,-0.010925761117484504,0.054789999999999998,0.002222,0.191273,-3.1408072554263957,1.3062567720701161,-3.1024623717600806,0.054766935104992046,0.002222681553777544,0.19118612834342189,-0.26126336610289025,-0.038359374959899294,0.96450506058043761,-0.010222645274526931,0.99926398828257434,0.036972682418168597,-0.96521342254248543,-0.00020018563737605154,-0.26146320748727203,8.9884028692005554e-05,6.4077418858165413e-06
1.3200008869171143,1790953702.673008,0.0005970001220703125,0.034609879067047558,0.034801865284766934,-0.034505159311927894,0.010384709049366262,0.35152676464417792,-0.010925761117484504,0.054789999999999998,0.002222,0.191273,-3.1408072554263957,1.3062567720701161,-3.1024623717600806,0.054766935104992046,0.002222681553777544,0.19118612834342189,-0.26126336610289025,-0.038359374959899294,0.96450506058043761,-0.010222645274526931,0.99926398828257434,0.036972682418168597,-0.96521342254248543,-0.00020018563737605154,-0.26146320748727203,8.9884028692005554e-05,6.4077418858165413e-06
1.3250088691711426,1790953702.6780159,0.00060987472534179688,0.034609879067047558,0.034801865284766934,-0.034505159311927894,0.010384709049366262,0.35152676464417792,-0.010925761117484504,0.054789999999999998,0.002222,0.191273,-3.1408072554263957,1.3062567720701161,-3.1024623717600806,0.054766935104992046,0.002222681553777544,0.19118612834342189,-0.26126336610289025,-0.038359374959899294,0.96450506058043761,-0.010222645274526931,0.99926398828257434,0.036972682418168597,-0.96521342254248543,-0.00020018563737605154,-0.26146320748727203,8.9884028692005554e-05,6.4077418858165413e-06
1.3299999237060547,1790953702.683007,0.00060200691223144531,0.034609879067047558,0.034801865284766934,-0.034505159311927894,0.010384709049366262,0.35152676464417792,-0.010925761117484504,0.054789999999999998,0.002222,0.191273,-3.1408072554263957,1.3062567720701161,-3.1024623717600806,0.054766935104992046,0.002222681553777544,0.19118612834342189,-0.26126336610289025,-0.038359374959899294,0.96450506058043761,-0.010222645274526931,0.99926398828257434,0.036972682418168597,-0.96521342254248543,-0.00020018563737605154,-0.26146320748727203,8.9884028692005554e-05,6.4077418858165413e-06
1.3350000381469727,1790953702.6880071,0.00060105323791503906,0.034609879067047558,0.034801865284766934,-0.034505159311927894,0.010384709049366262,0.35152676464417792,-0.010925761117484504,0.054789999999999998,0.002222,0.191273,-3.1408072554263957,1.3062567720701161,-3.1024623717600806,0.054766935104992046,0.002222681553777544,0.19118612834342189,-0.26126336610289025,-0.038359374959899294,0.96450506058043761,-0.010222645274526931,0.99926398828257434,0.036972682418168597,-0.96521342254248543,-0.00020018563737605154,-0.26146320748727203,8.9884028692005554e-05,6.4077418858165413e-06
1.3400249481201172,1790953702.693032,0.00062513351440429688,0.034609879067047558,0.034801865284766934,-0.034505159311927894,0.010384709049366262,0.35152676464417792,-0.010925761117484504,0.054789999999999998,0.002222,0.191273,-3.1408072554263957,1.3062567720701161,-3.1024623717600806,0.054766935104992046,0.002222681553777544,0.19118612834342189,-0.26126336610289025,-0.038359374959899294,0.96450506058043761,-0.010222645274526931,0.99926398828257434,0.036972682418168597,-0.96521342254248543,-0.00020018563737605154,-0.26146320748727203,8.9884028692005554e-05,6.4077418858165413e-06
1.344998836517334,1790953702.6980059,0.0006008148193359375,0.034609879067047558,0.034801865284766934,-0.034505159311927894,0.010384709049366262,0.35152676464417792,-0.010925761117484504,0.054789999999999998,0.002222,0.191273,-3.1408072554263957,1.3062567720701161,-3.1024623717600806,0.054766935104992046,0.002222681553777544,0.19118612834342189,-0.26126336610289025,-0.038359374959899294,0.96450506058043761,-0.010222645274526931,0.99926398828257434,0.036972682418168597,-0.96521342254248543,-0.00020018563737605154,-0.26146320748727203,8.9884028692005554e-05,6.4077418858165413e-06
1.3501918315887451,1790953702.7031989,0.00076889991760253906,0.034609879067047558,0.034801865284766934,-0.034505159311927894,0.010384709049366262,0.35152676464417792,-0.010925761117484504,0.054789999999999998,0.002222,0.191273,-3.1408072554263957,1.3062567720701161,-3.1024623717600806,0.054766935104992046,0.002222681553777544,0.19118612834342189,-0.26126336610289025,-0.038359374959899294,0.96450506058043761,-0.010222645274526931,0.99926398828257434,0.036972682418168597,-0.96521342254248543,-0.00020018563737605154,-0.26146320748727203,8.9884028692005554e-05,6.4077418858165413e-06
1.3549978733062744,1790953702.708005,0.00059604644775390625,0.034609879067047558,0.034801865284766934,-0.034505159311927894,0.010384709049366262,0.35152676464417792,-0.010925761117484504,0.054789999999999998,0.002222,0.191273,-3.1408072554263957,1.3062567720701161,-3.1024623717600806,0.054766935104992046,0.002222681553777544,0.19118612834342189,-0.26126336610289025,-0.038359374959899294,0.96450506058043761,-0.010222645274526931,0.99926398828257434,0.036972682418168597,-0.96521342254248543,-0.00020018563737605154,-0.26146320748727203,8.9884028692005554e-05,6.4077418858165413e-06
1.360023021697998,1790953702.7130301,0.00062513351440429688,0.034609879067047558,0.034801865284766934,-0.034505159311927894,0.010384709049366262,0.35152676464417792,-0.010925761117484504,0.054789999999999998,0.002222,0.191273,-3.1408072554263957,1.3062567720701161,-3.1024623717600806,0.054766935104992046,0.002222681553777544,0.19118612834342189,-0.26126336610289025,-0.038359374959899294,0.96450506058043761,-0.010222645274526931,0.99926398828257434,0.036972682418168597,-0.96521342254248543,-0.00020018563737605154,-0.26146320748727203,8.9884028692005554e-05,6.4077418858165413e-06
1.3649988174438477,1790953702.7180059,0.0005970001220703125,0.034609879067047558,0.034801865284766934,-0.034505159311927894,0.010384709049366262,0.35152676464417792,-0.010925761117484504,0.054789999999999998,0.002222,0.191273,-3.1408072554263957,1.3062567720701161,-3.1024623717600806,0.054766935104992046,0.002222681553777544,0.19118612834342189,-0.26126336610289025,-0.038359374959899294,0.96450506058043761,-0.010222645274526931,0.99926398828257434,0.036972682418168597,-0.96521342254248543,-0.00020018563737605154,-0.26146320748727203,8.9884028692005554e-05,6.4077418858165413e-06
1.3700249195098877,1790953702.723032,0.00062394142150878906,0.034609879067047558,0.034801865284766934,-0.034505159311927894,0.010384709049366262,0.35152676464417792,-0.010925761117484504,0.054789999999999998,0.002222,0.191273,-3.1408072554263957,1.3062567720701161,-3.1024623717600806,0.054766935104992046,0.002222681553777544,0.19118612834342189,-0.26126336610289025,-0.038359374959899294,0.96450506058043761,-0.010222645274526931,0.99926398828257434,0.036972682418168597,-0.96521342254248543,-0.00020018563737605154,-0.26146320748727203,8.9884028692005554e-05,6.4077418858165413e-06
1.3750009536743164,1790953702.728008,0.00060105323791503906,0.034609879067047558,0.034801865284766934,-0.034505159311927894,0.010384709049366262,0.35152676464417792,-0.010925761117484504,0.054789999999999998,0.002222,0.191273,-3.1408072554263957,1.3062567720701161,-3.1024623717600806,0.054766935104992046,0.002222681553777544,0.19118612834342189,-0.26126336610289025,-0.038359374959899294,0.96450506058043761,-0.010222645274526931,0.99926398828257434,0.036972682418168597,-0.96521342254248543,-0.00020018563737605154,-0.26146320748727203,8.9884028692005554e-05,6.4077418858165413e-06
1.3800249099731445,1790953702.733032,0.00062394142150878906,0.034609879067047558,0.034801865284766934,-0.034505159311927894,0.010384709049366262,0.35152676464417792,-0.010925761117484504,0.054789999999999998,0.002222,0.191273,-3.1408072554263957,1.3062567720701161,-3.1024623717600806,0.054766935104992046,0.002222681553777544,0.19118612834342189,-0.26126336610289025,-0.038359374959899294,0.96450506058043761,-0.010222645274526931,0.99926398828257434,0.036972682418168597,-0.96521342254248543,-0.00020018563737605154,-0.26146320748727203,8.9884028692005554e-05,6.4077418858165413e-06
1.3849978446960449,1790953702.7380049,0.00059986114501953125,0.034609879067047558,0.034801865284766934,-0.034505159311927894,0.010384709049366262,0.35152676464417792,-0.010925761117484504,0.054789999999999998,0.002222,0.191273,-3.1408072554263957,1.3062567720701161,-3.1024623717600806,0.054766935104992046,0.002222681553777544,0.19118612834342189,-0.26126336610289025,-0.038359374959899294,0.96450506058043761,-0.010222645274526931,0.99926398828257434,0.036972682418168597,-0.96521342254248543,-0.00020018563737605154,-0.26146320748727203,8.9884028692005554e-05,6.4077418858165413e-06
1.3900020122528076,1790953702.7430091,0.00060415267944335938,0.034609879067047558,0.034801865284766934,-0.034505159311927894,0.010384709049366262,0.35152676464417792,-0.010925761117484504,0.054789999999999998,0.002222,0.191273,-3.1408072554263957,1.3062567720701161,-3.1024623717600806,0.054766935104992046,0.002222681553777544,0.19118612834342189,-0.26126336610289025,-0.038359374959899294,0.96450506058043761,-0.010222645274526931,0.99926398828257434,0.036972682418168597,-0.96521342254248543,-0.00020018563737605154,-0.26146320748727203,8.9884028692005554e-05,6.4077418858165413e-06
1.3949968814849854,1790953702.748004,0.000598907470703125,0.034609879067047558,0.034801865284766934,-0.034505159311927894,0.010384709049366262,0.35152676464417792,-0.010925761117484504,0.054789999999999998,0.002222,0.191273,-3.1408072554263957,1.3062567720701161,-3.1024623717600806,0.054766935104992046,0.002222681553777544,0.19118612834342189,-0.26126336610289025,-0.038359374959899294,0.96450506058043761,-0.010222645274526931,0.99926398828257434,0.036972682418168597,-0.96521342254248543,-0.00020018563737605154,-0.26146320748727203,8.9884028692005554e-05,6.4077418858165413e-06
1.4000229835510254,1790953702.7530301,0.00062417984008789062,0.034609879067047558,0.034801865284766934,-0.034505159311927894,0.010384709049366262,0.35152676464417792,-0.010925761117484504,0.054789999999999998,0.002222,0.191273,-3.1408072554263957,1.3062567720701161,-3.1024623717600806,0.054766935104992046,0.002222681553777544,0.19118612834342189,-0.26126336610289025,-0.038359374959899294,0.96450506058043761,-0.010222645274526931,0.99926398828257434,0.036972682418168597,-0.96521342254248543,-0.00020018563737605154,-0.26146320748727203,8.9884028692005554e-05,6.4077418858165413e-06
1.4049978256225586,1790953702.7580049,0.0006008148193359375,0.034609879067047558,0.034801865284766934,-0.034505159311927894,0.010384709049366262,0.35152676464417792,-0.010925761117484504,0.054789999999999998,0.002222,0.191273,-3.1408072554263957,1.3062567720701161,-3.1024623717600806,0.054766935104992046,0.002222681553777544,0.19118612834342189,-0.26126336610289025,-0.038359374959899294,0.96450506058043761,-0.010222645274526931,0.99926398828257434,0.036972682418168597,-0.96521342254248543,-0.00020018563737605154,-0.26146320748727203,8.9884028692005554e-05,6.4077418858165413e-06
1.4100220203399658,1790953702.7630291,0.00061917304992675781,0.034609879067047558,0.034801865284766934,-0.034505159311927894,0.010384709049366262,0.35152676464417792,-0.010925761117484504,0.054789999999999998,0.002222,0.191273,-3.1408072554263957,1.3062567720701161,-3.1024623717600806,0.054766935104992046,0.002222681553777544,0.19118612834342189,-0.26126336610289025,-0.038359374959899294,0.96450506058043761,-0.010222645274526931,0.99926398828257434,0.036972682418168597,-0.96521342254248543,-0.00020018563737605154,-0.26146320748727203,8.9884028692005554e-05,6.4077418858165413e-06
1.4149978160858154,1790953702.7680049,0.0006008148193359375,0.034609879067047558,0.034801865284766934,-0.034505159311927894,0.010384709049366262,0.35152676464417792,-0.010925761117484504,0.054789999999999998,0.002222,0.191273,-3.1408072554263957,1.3062567720701161,-3.1024623717600806,0.054766935104992046,0.002222681553777544,0.19118612834342189,-0.26126336610289025,-0.038359374959899294,0.96450506058043761,-0.010222645274526931,0.99926398828257434,0.036972682418168597,-0.96521342254248543,-0.00020018563737605154,-0.26146320748727203,8.9884028692005554e-05,6.4077418858165413e-06
1.4200270175933838,1790953702.7730341,0.00062608718872070312,0.034609879067047558,0.034801865284766934,-0.034505159311927894,0.010384709049366262,0.35152676464417792,-0.010925761117484504,0.054789999999999998,0.002222,0.191273,-3.1408072554263957,1.3062567720701161,-3.1024623717600806,0.054766935104992046,0.002222681553777544,0.19118612834342189,-0.26126336610289025,-0.038359374959899294,0.96450506058043761,-0.010222645274526931,0.99926398828257434,0.036972682418168597,-0.96521342254248543,-0.00020018563737605154,-0.26146320748727203,8.9884028692005554e-05,6.4077418858165413e-06
1.4249999523162842,1790953702.778007,0.00060200691223144531,0.034609879067047558,0.034801865284766934,-0.034505159311927894,0.010384709049366262,0.35152676464417792,-0.010925761117484504,0.054789999999999998,0.002222,0.191273,-3.1408072554263957,1.3062567720701161,-3.1024623717600806,0.054766935104992046,0.002222681553777544,0.19118612834342189,-0.26126336610289025,-0.038359374959899294,0.96450506058043761,-0.010222645274526931,0.99926398828257434,0.036972682418168597,-0.96521342254248543,-0.00020018563737605154,-0.26146320748727203,8.9884028692005554e-05,6.4077418858165413e-06
1.4300239086151123,1790953702.783031,0.0006198883056640625,0.034609879067047558,0.034801865284766934,-0.034505159311927894,0.010384709049366262,0.35152676464417792,-0.010925761117484504,0.054789999999999998,0.002222,0.191273,-3.1408072554263957,1.3062567720701161,-3.1024623717600806,0.054766935104992046,0.002222681553777544,0.19118612834342189,-0.26126336610289025,-0.038359374959899294,0.96450506058043761,-0.010222645274526931,0.99926398828257434,0.036972682418168597,-0.96521342254248543,-0.00020018563737605154,-0.26146320748727203,8.9884028692005554e-05,6.4077418858165413e-06
1.4349980354309082,1790953702.7880051,0.00060009956359863281,0.034609879067047558,0.034801865284766934,-0.034505159311927894,0.010384709049366262,0.35152676464417792,-0.010925761117484504,0.054789999999999998,0.002222,0.191273,-3.1408072554263957,1.3062567720701161,-3.1024623717600806,0.054766935104992046,0.002222681553777544,0.19118612834342189,-0.26126336610289025,-0.038359374959899294,0.96450506058043761,-0.010222645274526931,0.99926398828257434,0.036972682418168597,-0.96521342254248543,-0.00020018563737605154,-0.26146320748727203,8.9884028692005554e-05,6.4077418858165413e-06
1.4399998188018799,1790953702.7930069,0.00057697296142578125,0.034609879067047558,0.034801865284766934,-0.034505159311927894,0.010384709049366262,0.35152676464417792,-0.010925761117484504,0.054789999999999998,0.002222,0.191273,-3.1408072554263957,1.3062567720701161,-3.1024623717600806,0.054766935104992046,0.002222681553777544,0.19118612834342189,-0.26126336610289025,-0.038359374959899294,0.96450506058043761,-0.010222645274526931,0.99926398828257434,0.036972682418168597,-0.96521342254248543,-0.00020018563737605154,-0.26146320748727203,8.9884028692005554e-05,6.4077418858165413e-06
1.444998025894165,1790953702.7980051,0.00059914588928222656,0.034609879067047558,0.034801865284766934,-0.034505159311927894,0.010384709049366262,0.35152676464417792,-0.010925761117484504,0.054789999999999998,0.002222,0.191273,-3.1408072554263957,1.3062567720701161,-3.1024623717600806,0.054766935104992046,0.002222681553777544,0.19118612834342189,-0.26126336610289025,-0.038359374959899294,0.96450506058043761,-0.010222645274526931,0.99926398828257434,0.036972682418168597,-0.96521342254248543,-0.00020018563737605154,-0.26146320748727203,8.9884028692005554e-05,6.4077418858165413e-06
1.450023889541626,1790953702.803031,0.00062203407287597656,0.034609879067047558,0.034801865284766934,-0.034505159311927894,0.010384709049366262,0.35152676464417792,-0.010925761117484504,0.054789999999999998,0.002222,0.191273,-3.1408072554263957,1.3062567720701161,-3.1024623717600806,0.054766935104992046,0.002222681553777544,0.19118612834342189,-0.26126336610289025,-0.038359374959899294,0.96450506058043761,-0.010222645274526931,0.99926398828257434,0.036972682418168597,-0.96521342254248543,-0.00020018563737605154,-0.26146320748727203,8.9884028692005554e-05,6.4077418858165413e-06
1.4549989700317383,1790953702.808006,0.0005950927734375,0.034609879067047558,0.034801865284766934,-0.034505159311927894,0.010384709049366262,0.35152676464417792,-0.010925761117484504,0.054789999999999998,0.002222,0.191273,-3.1408072554263957,1.3062567720701161,-3.1024623717600806,0.054766935104992046,0.002222681553777544,0.19118612834342189,-0.26126336610289025,-0.038359374959899294,0.96450506058043761,-0.010222645274526931,0.99926398828257434,0.036972682418168597,-0.96521342254248543,-0.00020018563737605154,-0.26146320748727203,8.9884028692005554e-05,6.4077418858165413e-06
1.4600229263305664,1790953702.81303,0.0005950927734375,0.034609879067047558,0.034801865284766934,-0.034505159311927894,0.010384709049366262,0.35152676464417792,-0.010925761117484504,0.054789999999999998,0.002222,0.191273,-3.1408072554263957,1.3062567720701161,-3.1024623717600806,0.054766935104992046,0.002222681553777544,0.19118612834342189,-0.26126336610289025,-0.038359374959899294,0.96450506058043761,-0.010222645274526931,0.99926398828257434,0.036972682418168597,-0.96521342254248543,-0.00020018563737605154,-0.26146320748727203,8.9884028692005554e-05,6.4077418858165413e-06
1.4649980068206787,1790953702.8180051,0.00060105323791503906,0.034609879067047558,0.034801865284766934,-0.034505159311927894,0.010384709049366262,0.35152676464417792,-0.010925761117484504,0.054789999999999998,0.002222,0.191273,-3.1408072554263957,1.3062567720701161,-3.1024623717600806,0.054766935104992046,0.002222681553777544,0.19118612834342189,-0.26126336610289025,-0.038359374959899294,0.96450506058043761,-0.010222645274526931,0.99926398828257434,0.036972682418168597,-0.96521342254248543,-0.00020018563737605154,-0.26146320748727203,8.9884028692005554e-05,6.4077418858165413e-06
1.4699978828430176,1790953702.823005,0.00057387351989746094,0.034609879067047558,0.034801865284766934,-0.034505159311927894,0.010384709049366262,0.35152676464417792,-0.010925761117484504,0.054789999999999998,0.002222,0.191273,-3.1408072554263957,1.3062567720701161,-3.1024623717600806,0.054766935104992046,0.002222681553777544,0.19118612834342189,-0.26126336610289025,-0.038359374959899294,0.96450506058043761,-0.010222645274526931,0.99926398828257434,0.036972682418168597,-0.96521342254248543,-0.00020018563737605154,-0.26146320748727203,8.9884028692005554e-05,6.4077418858165413e-06
1.47499680519104,1790953702.8280039,0.00059986114501953125,0.034609879067047558,0.034801865284766934,-0.034505159311927894,0.010384709049366262,0.35152676464417792,-0.010925761117484504,0.054789999999999998,0.002222,0.191273,-3.1408072554263957,1.3062567720701161,-3.1024623717600806,0.054766935104992046,0.002222681553777544,0.19118612834342189,-0.26126336610289025,-0.038359374959899294,0.96450506058043761,-0.010222645274526931,0.99926398828257434,0.036972682418168597,-0.96521342254248543,-0.00020018563737605154,-0.26146320748727203,8.9884028692005554e-05,6.4077418858165413e-06
1.4800269603729248,1790953702.833034,0.00063014030456542969,0.034609879067047558,0.034801865284766934,-0.034505159311927894,0.010384709049366262,0.35152676464417792,-0.010925761117484504,0.054789999999999998,0.002222,0.191273,-3.1408072554263957,1.3062567720701161,-3.1024623717600806,0.054766935104992046,0.002222681553777544,0.19118612834342189,-0.26126336610289025,-0.038359374959899294,0.96450506058043761,-0.010222645274526931,0.99926398828257434,0.036972682418168597,-0.96521342254248543,-0.00020018563737605154,-0.26146320748727203,8.9884028692005554e-05,6.4077418858165413e-06
1.4850020408630371,1790953702.8380091,0.00060009956359863281,0.034609879067047558,0.034801865284766934,-0.034505159311927894,0.010384709049366262,0.35152676464417792,-0.010925761117484504,0.054789999999999998,0.002222,0.191273,-3.1408072554263957,1.3062567720701161,-3.1024623717600806,0.054766935104992046,0.002222681553777544,0.19118612834342189,-0.26126336610289025,-0.038359374959899294,0.96450506058043761,-0.010222645274526931,0.99926398828257434,0.036972682418168597,-0.96521342254248543,-0.00020018563737605154,-0.26146320748727203,8.9884028692005554e-05,6.4077418858165413e-06
1.4899978637695312,1790953702.8430049,0.000576019287109375,0.034609879067047558,0.034801865284766934,-0.034505159311927894,0.010384709049366262,0.35152676464417792,-0.010925761117484504,0.054789999999999998,0.002222,0.191273,-3.1408072554263957,1.3062567720701161,-3.1024623717600806,0.054766935104992046,0.002222681553777544,0.19118612834342189,-0.26126336610289025,-0.038359374959899294,0.96450506058043761,-0.010222645274526931,0.99926398828257434,0.036972682418168597,-0.96521342254248543,-0.00020018563737605154,-0.26146320748727203,8.9884028692005554e-05,6.4077418858165413e-06
1.4949970245361328,1790953702.8480041,0.00059604644775390625,0.034609879067047558,0.034801865284766934,-0.034505159311927894,0.010384709049366262,0.35152676464417792,-0.010925761117484504,0.054789999999999998,0.002222,0.191273,-3.1408072554263957,1.3062567720701161,-3.1024623717600806,0.054766935104992046,0.002222681553777544,0.19118612834342189,-0.26126336610289025,-0.038359374959899294,0.96450506058043761,-0.010222645274526931,0.99926398828257434,0.036972682418168597,-0.96521342254248543,-0.00020018563737605154,-0.26146320748727203,8.9884028692005554e-05,6.4077418858165413e-06
1.5000219345092773,1790953702.853029,0.00060009956359863281,0.034609879067047558,0.034801865284766934,-0.034505159311927894,0.010384709049366262,0.35152676464417792,-0.010925761117484504,0.054789999999999998,0.002222,0.191273,-3.1408072554263957,1.3062567720701161,-3.1024623717600806,0.054766935104992046,0.002222681553777544,0.19118612834342189,-0.26126336610289025,-0.038359374959899294,0.96450506058043761,-0.010222645274526931,0.99926398828257434,0.036972682418168597,-0.96521342254248543,-0.00020018563737605154,-0.26146320748727203,8.9884028692005554e-05,6.4077418858165413e-06
1.5049979686737061,1790953702.858005,0.00059914588928222656,0.034609879067047558,0.034801865284766934,-0.034505159311927894,0.010384709049366262,0.35152676464417792,-0.010925761117484504,0.054789999999999998,0.002222,0.191273,-3.1408072554263957,1.3062567720701161,-3.1024623717600806,0.054766935104992046,0.002222681553777544,0.19118612834342189,-0.26126336610289025,-0.038359374959899294,0.96450506058043761,-0.010222645274526931,0.99926398828257434,0.036972682418168597,-0.96521342254248543,-0.00020018563737605154,-0.26146320748727203,8.9884028692005554e-05,6.4077418858165413e-06
1.510023832321167,1790953702.8630309,0.0006198883056640625,0.034609879067047558,0.034801865284766934,-0.034505159311927894,0.010384709049366262,0.35152676464417792,-0.010925761117484504,0.054789999999999998,0.002222,0.191273,-3.1408072554263957,1.3062567720701161,-3.1024623717600806,0.054766935104992046,0.002222681553777544,0.19118612834342189,-0.26126336610289025,-0.038359374959899294,0.96450506058043761,-0.010222645274526931,0.99926398828257434,0.036972682418168597,-0.96521342254248543,-0.00020018563737605154,-0.26146320748727203,8.9884028692005554e-05,6.4077418858165413e-06
1.5149979591369629,1790953702.868005,0.00059914588928222656,0.034609879067047558,0.034801865284766934,-0.034505159311927894,0.010384709049366262,0.35152676464417792,-0.010925761117484504,0.054789999999999998,0.002222,0.191273,-3.1408072554263957,1.3062567720701161,-3.1024623717600806,0.054766935104992046,0.002222681553777544,0.19118612834342189,-0.26126336610289025,-0.038359374959899294,0.96450506058043761,-0.010222645274526931,0.99926398828257434,0.036972682418168597,-0.96521342254248543,-0.00020018563737605154,-0.26146320748727203,8.9884028692005554e-05,6.4077418858165413e-06
1.5199978351593018,1790953702.8730049,0.00057482719421386719,0.034609879067047558,0.034801865284766934,-0.034505159311927894,0.010384709049366262,0.35152676464417792,-0.010925761117484504,0.054789999999999998,0.002222,0.191273,-3.1408072554263957,1.3062567720701161,-3.1024623717600806,0.054766935104992046,0.002222681553777544,0.19118612834342189,-0.26126336610289025,-0.038359374959899294,0.96450506058043761,-0.010222645274526931,0.99926398828257434,0.036972682418168597,-0.96521342254248543,-0.00020018563737605154,-0.26146320748727203,8.9884028692005554e-05,6.4077418858165413e-06
1.5249989032745361,1790953702.878006,0.00060105323791503906,0.034609879067047558,0.034801865284766934,-0.034505159311927894,0.010384709049366262,0.35152676464417792,-0.010925761117484504,0.054789999999999998,0.002222,0.191273,-3.1408072554263957,1.3062567720701161,-3.1024623717600806,0.054766935104992046,0.002222681553777544,0.19118612834342189,-0.26126336610289025,-0.038359374959899294,0.96450506058043761,-0.010222645274526931,0.99926398828257434,0.036972682418168597,-0.96521342254248543,-0.00020018563737605154,-0.26146320748727203,8.9884028692005554e-05,6.4077418858165413e-06
1.5300228595733643,1790953702.8830299,0.00059986114501953125,0.034609879067047558,0.034801865284766934,-0.034505159311927894,0.010384709049366262,0.35152676464417792,-0.010925761117484504,0.054789999999999998,0.002222,0.191273,-3.1408072554263957,1.3062567720701161,-3.1024623717600806,0.054766935104992046,0.002222681553777544,0.19118612834342189,-0.26126336610289025,-0.038359374959899294,0.96450506058043761,-0.010222645274526931,0.99926398828257434,0.036972682418168597,-0.96521342254248543,-0.00020018563737605154,-0.26146320748727203,8.9884028692005554e-05,6.4077418858165413e-06
1.5349979400634766,1790953702.888005,0.00059604644775390625,0.034609879067047558,0.034801865284766934,-0.034505159311927894,0.010384709049366262,0.35152676464417792,-0.010925761117484504,0.054789999999999998,0.002222,0.191273,-3.1408072554263957,1.3062567720701161,-3.1024623717600806,0.054766935104992046,0.002222681553777544,0.19118612834342189,-0.26126336610289025,-0.038359374959899294,0.96450506058043761,-0.010222645274526931,0.99926398828257434,0.036972682418168597,-0.96521342254248543,-0.00020018563737605154,-0.26146320748727203,8.9884028692005554e-05,6.4077418858165413e-06
1.5399978160858154,1790953702.8930049,0.00057482719421386719,0.034609879067047558,0.034801865284766934,-0.034505159311927894,0.010384709049366262,0.35152676464417792,-0.010925761117484504,0.054789999999999998,0.002222,0.191273,-3.1408072554263957,1.3062567720701161,-3.1024623717600806,0.054766935104992046,0.002222681553777544,0.19118612834342189,-0.26126336610289025,-0.038359374959899294,0.96450506058043761,-0.010222645274526931,0.99926398828257434,0.036972682418168597,-0.96521342254248543,-0.00020018563737605154,-0.26146320748727203,8.9884028692005554e-05,6.4077418858165413e-06
1.5449979305267334,1790953702.898005,0.00059795379638671875,0.034609879067047558,0.034801865284766934,-0.034505159311927894,0.010384709049366262,0.35152676464417792,-0.010925761117484504,0.054789999999999998,0.002222,0.191273,-3.1408072554263957,1.3062567720701161,-3.1024623717600806,0.054766935104992046,0.002222681553777544,0.19118612834342189,-0.26126336610289025,-0.038359374959899294,0.96450506058043761,-0.010222645274526931,0.99926398828257434,0.036972682418168597,-0.96521342254248543,-0.00020018563737605154,-0.26146320748727203,8.9884028692005554e-05,6.4077418858165413e-06
1.5500228404998779,1790953702.9030299,0.00059986114501953125,0.034609879067047558,0.034801865284766934,-0.034505159311927894,0.010384709049366262,0.35152676464417792,-0.010925761117484504,0.054789999999999998,0.002222,0.191273,-3.1408072554263957,1.3062567720701161,-3.1024623717600806,0.054766935104992046,0.002222681553777544,0.19118612834342189,-0.26126336610289025,-0.038359374959899294,0.96450506058043761,-0.010222645274526931,0.99926398828257434,0.036972682418168597,-0.96521342254248543,-0.00020018563737605154,-0.26146320748727203,8.9884028692005554e-05,6.4077418858165413e-06
1.5549988746643066,1790953702.908006,0.00059986114501953125,0.034609879067047558,0.034801865284766934,-0.034505159311927894,0.010384709049366262,0.35152676464417792,-0.010925761117484504,0.054789999999999998,0.002222,0.191273,-3.1408072554263957,1.3062567720701161,-3.1024623717600806,0.054766935104992046,0.002222681553777544,0.19118612834342189,-0.26126336610289025,-0.038359374959899294,0.96450506058043761,-0.010222645274526931,0.99926398828257434,0.036972682418168597,-0.96521342254248543,-0.00020018563737605154,-0.26146320748727203,8.9884028692005554e-05,6.4077418858165413e-06
1.560020923614502,1790953702.913028,0.00060009956359863281,0.034609879067047558,0.034801865284766934,-0.034505159311927894,0.010384709049366262,0.35152676464417792,-0.010925761117484504,0.054789999999999998,0.002222,0.191273,-3.1408072554263957,1.3062567720701161,-3.1024623717600806,0.054766935104992046,0.002222681553777544,0.19118612834342189,-0.26126336610289025,-0.038359374959899294,0.96450506058043761,-0.010222645274526931,0.99926398828257434,0.036972682418168597,-0.96521342254248543,-0.00020018563737605154,-0.26146320748727203,8.9884028692005554e-05,6.4077418858165413e-06
1.5649979114532471,1790953702.918005,0.00060009956359863281,0.034609879067047558,0.034801865284766934,-0.034505159311927894,0.010384709049366262,0.35152676464417792,-0.010925761117484504,0.054789999999999998,0.002222,0.191273,-3.1408072554263957,1.3062567720701161,-3.1024623717600806,0.054766935104992046,0.002222681553777544,0.19118612834342189,-0.26126336610289025,-0.038359374959899294,0.96450506058043761,-0.010222645274526931,0.99926398828257434,0.036972682418168597,-0.96521342254248543,-0.00020018563737605154,-0.26146320748727203,8.9884028692005554e-05,6.4077418858165413e-06
1.5700228214263916,1790953702.9230299,0.00059294700622558594,0.034609879067047558,0.034801865284766934,-0.034505159311927894,0.010384709049366262,0.35152676464417792,-0.010925761117484504,0.054789999999999998,0.002222,0.191273,-3.1408072554263957,1.3062567720701161,-3.1024623717600806,0.054766935104992046,0.002222681553777544,0.19118612834342189,-0.26126336610289025,-0.038359374959899294,0.96450506058043761,-0.010222645274526931,0.99926398828257434,0.036972682418168597,-0.96521342254248543,-0.00020018563737605154,-0.26146320748727203,8.9884028692005554e-05,6.4077418858165413e-06
1.5749979019165039,1790953702.928005,0.00059986114501953125,0.034609879067047558,0.034801865284766934,-0.034505159311927894,0.010384709049366262,0.35152676464417792,-0.010925761117484504,0.054789999999999998,0.002222,0.191273,-3.1408072554263957,1.3062567720701161,-3.1024623717600806,0.054766935104992046,0.002222681553777544,0.19118612834342189,-0.26126336610289025,-0.038359374959899294,0.96450506058043761,-0.010222645274526931,0.99926398828257434,0.036972682418168597,-0.96521342254248543,-0.00020018563737605154,-0.26146320748727203,8.9884028692005554e-05,6.4077418858165413e-06
1.5800228118896484,1790953702.9330299,0.00062489509582519531,0.034609879067047558,0.034801865284766934,-0.034505159311927894,0.010384709049366262,0.35152676464417792,-0.010925761117484504,0.054789999999999998,0.002222,0.191273,-3.1408072554263957,1.3062567720701161,-3.1024623717600806,0.054766935104992046,0.002222681553777544,0.19118612834342189,-0.26126336610289025,-0.038359374959899294,0.96450506058043761,-0.010222645274526931,0.99926398828257434,0.036972682418168597,-0.96521342254248543,-0.00020018563737605154,-0.26146320748727203,8.9884028692005554e-05,6.4077418858165413e-06
1.5850000381469727,1790953702.9380071,0.00059914588928222656,0.034609879067047558,0.034801865284766934,-0.034505159311927894,0.010384709049366262,0.35152676464417792,-0.010925761117484504,0.054789999999999998,0.002222,0.191273,-3.1408072554263957,1.3062567720701161,-3.1024623717600806,0.054766935104992046,0.002222681553777544,0.19118612834342189,-0.26126336610289025,-0.038359374959899294,0.96450506058043761,-0.010222645274526931,0.99926398828257434,0.036972682418168597,-0.96521342254248543,-0.00020018563737605154,-0.26146320748727203,8.9884028692005554e-05,6.4077418858165413e-06
1.5900290012359619,1790953702.9430361,0.00062918663024902344,0.034609879067047558,0.034801865284766934,-0.034505159311927894,0.010384709049366262,0.35152676464417792,-0.010925761117484504,0.054789999999999998,0.002222,0.191273,-3.1408072554263957,1.3062567720701161,-3.1024623717600806,0.054766935104992046,0.002222681553777544,0.19118612834342189,-0.26126336610289025,-0.038359374959899294,0.96450506058043761,-0.010222645274526931,0.99926398828257434,0.036972682418168597,-0.96521342254248543,-0.00020018563737605154,-0.26146320748727203,8.9884028692005554e-05,6.4077418858165413e-06
1.5950009822845459,1790953702.9480081,0.00059914588928222656,0.034609879067047558,0.034801865284766934,-0.034505159311927894,0.010384709049366262,0.35152676464417792,-0.010925761117484504,0.054789999999999998,0.002222,0.191273,-3.1408072554263957,1.3062567720701161,-3.1024623717600806,0.054766935104992046,0.002222681553777544,0.19118612834342189,-0.26126336610289025,-0.038359374959899294,0.96450506058043761,-0.010222645274526931,0.99926398828257434,0.036972682418168597,-0.96521342254248543,-0.00020018563737605154,-0.26146320748727203,8.9884028692005554e-05,6.4077418858165413e-06
1.60005784034729,1790953702.9530649,0.00066089630126953125,0.034609879067047558,0.034801865284766934,-0.034505159311927894,0.010384709049366262,0.35152676464417792,-0.010925761117484504,0.054789999999999998,0.002222,0.191273,-3.1408072554263957,1.3062567720701161,-3.1024623717600806,0.054766935104992046,0.002222681553777544,0.19118612834342189,-0.26126336610289025,-0.038359374959899294,0.96450506058043761,-0.010222645274526931,0.99926398828257434,0.036972682418168597,-0.96521342254248543,-0.00020018563737605154,-0.26146320748727203,8.9884028692005554e-05,6.4077418858165413e-06
1.6050000190734863,1790953702.9580071,0.00060415267944335938,0.034609879067047558,0.034801865284766934,-0.034505159311927894,0.010384709049366262,0.35152676464417792,-0.010925761117484504,0.054789999999999998,0.002222,0.191273,-3.1408072554263957,1.3062567720701161,-3.1024623717600806,0.054766935104992046,0.002222681553777544,0.19118612834342189,-0.26126336610289025,-0.038359374959899294,0.96450506058043761,-0.010222645274526931,0.99926398828257434,0.036972682418168597,-0.96521342254248543,-0.00020018563737605154,-0.26146320748727203,8.9884028692005554e-05,6.4077418858165413e-06
1.6099989414215088,1790953702.963006,0.00057697296142578125,0.034609879067047558,0.034801865284766934,-0.034505159311927894,0.010384709049366262,0.35152676464417792,-0.010925761117484504,0.054789999999999998,0.002222,0.191273,-3.1408072554263957,1.3062567720701161,-3.1024623717600806,0.054766935104992046,0.002222681553777544,0.19118612834342189,-0.26126336610289025,-0.038359374959899294,0.96450506058043761,-0.010222645274526931,0.99926398828257434,0.036972682418168597,-0.96521342254248543,-0.00020018563737605154,-0.26146320748727203,8.9884028692005554e-05,6.4077418858165413e-06
1.6149978637695312,1790953702.9680049,0.000598907470703125,0.034609879067047558,0.034801865284766934,-0.034505159311927894,0.010384709049366262,0.35152676464417792,-0.010925761117484504,0.054789999999999998,0.002222,0.191273,-3.1408072554263957,1.3062567720701161,-3.1024623717600806,0.054766935104992046,0.002222681553777544,0.19118612834342189,-0.26126336610289025,-0.038359374959899294,0.96450506058043761,-0.010222645274526931,0.99926398828257434,0.036972682418168597,-0.96521342254248543,-0.00020018563737605154,-0.26146320748727203,8.9884028692005554e-05,6.4077418858165413e-06
1.6200230121612549,1790953702.9730301,0.00062513351440429688,0.034609879067047558,0.034801865284766934,-0.034505159311927894,0.010384709049366262,0.35152676464417792,-0.010925761117484504,0.054789999999999998,0.002222,0.191273,-3.1408072554263957,1.3062567720701161,-3.1024623717600806,0.054766935104992046,0.002222681553777544,0.19118612834342189,-0.26126336610289025,-0.038359374959899294,0.96450506058043761,-0.010222645274526931,0.99926398828257434,0.036972682418168597,-0.96521342254248543,-0.00020018563737605154,-0.26146320748727203,8.9884028692005554e-05,6.4077418858165413e-06
1.6249969005584717,1790953702.978004,0.00059390068054199219,0.034609879067047558,0.034801865284766934,-0.034505159311927894,0.010384709049366262,0.35152676464417792,-0.010925761117484504,0.054789999999999998,0.002222,0.191273,-3.1408072554263957,1.3062567720701161,-3.1024623717600806,0.054766935104992046,0.002222681553777544,0.19118612834342189,-0.26126336610289025,-0.038359374959899294,0.96450506058043761,-0.010222645274526931,0.99926398828257434,0.036972682418168597,-0.96521342254248543,-0.00020018563737605154,-0.26146320748727203,8.9884028692005554e-05,6.4077418858165413e-06
1.6300239562988281,1790953702.983031,0.00062203407287597656,0.034609879067047558,0.034801865284766934,-0.034505159311927894,0.010384709049366262,0.35152676464417792,-0.010925761117484504,0.054789999999999998,0.002222,0.191273,-3.1408072554263957,1.3062567720701161,-3.1024623717600806,0.054766935104992046,0.002222681553777544,0.19118612834342189,-0.26126336610289025,-0.038359374959899294,0.96450506058043761,-0.010222645274526931,0.99926398828257434,0.036972682418168597,-0.96521342254248543,-0.00020018563737605154,-0.26146320748727203,8.9884028692005554e-05,6.4077418858165413e-06
1.6349968910217285,1790953702.988004,0.000598907470703125,0.034609879067047558,0.034801865284766934,-0.034505159311927894,0.010384709049366262,0.35152676464417792,-0.010925761117484504,0.054789999999999998,0.002222,0.191273,-3.1408072554263957,1.3062567720701161,-3.1024623717600806,0.054766935104992046,0.002222681553777544,0.19118612834342189,-0.26126336610289025,-0.038359374959899294,0.96450506058043761,-0.010222645274526931,0.99926398828257434,0.036972682418168597,-0.96521342254248543,-0.00020018563737605154,-0.26146320748727203,8.9884028692005554e-05,6.4077418858165413e-06
1.6400258541107178,1790953702.9930329,0.00059795379638671875,0.034609879067047558,0.034801865284766934,-0.034505159311927894,0.010384709049366262,0.35152676464417792,-0.010925761117484504,0.054789999999999998,0.002222,0.191273,-3.1408072554263957,1.3062567720701161,-3.1024623717600806,0.054766935104992046,0.002222681553777544,0.19118612834342189,-0.26126336610289025,-0.038359374959899294,0.96450506058043761,-0.010222645274526931,0.99926398828257434,0.036972682418168597,-0.96521342254248543,-0.00020018563737605154,-0.26146320748727203,8.9884028692005554e-05,6.4077418858165413e-06
1.6449990272521973,1790953702.9980061,0.00059604644775390625,0.034609879067047558,0.034801865284766934,-0.034505159311927894,0.010384709049366262,0.35152676464417792,-0.010925761117484504,0.054789999999999998,0.002222,0.191273,-3.1408072554263957,1.3062567720701161,-3.1024623717600806,0.054766935104992046,0.002222681553777544,0.19118612834342189,-0.26126336610289025,-0.038359374959899294,0.96450506058043761,-0.010222645274526931,0.99926398828257434,0.036972682418168597,-0.96521342254248543,-0.00020018563737605154,-0.26146320748727203,8.9884028692005554e-05,6.4077418858165413e-06
1.6500308513641357,1790953703.0030379,0.00059795379638671875,0.034609879067047558,0.034801865284766934,-0.034505159311927894,0.010384709049366262,0.35152676464417792,-0.010925761117484504,0.054789999999999998,0.002222,0.191273,-3.1408072554263957,1.3062567720701161,-3.1024623717600806,0.054766935104992046,0.002222681553777544,0.19118612834342189,-0.26126336610289025,-0.038359374959899294,0.96450506058043761,-0.010222645274526931,0.99926398828257434,0.036972682418168597,-0.96521342254248543,-0.00020018563737605154,-0.26146320748727203,8.9884028692005554e-05,6.4077418858165413e-06
1.6550009250640869,1790953703.008008,0.000598907470703125,0.034609879067047558,0.034801865284766934,-0.034505159311927894,0.010384709049366262,0.35152676464417792,-0.010925761117484504,0.054789999999999998,0.002222,0.191273,-3.1408072554263957,1.3062567720701161,-3.1024623717600806,0.054766935104992046,0.002222681553777544,0.19118612834342189,-0.26126336610289025,-0.038359374959899294,0.96450506058043761,-0.010222645274526931,0.99926398828257434,0.036972682418168597,-0.96521342254248543,-0.00020018563737605154,-0.26146320748727203,8.9884028692005554e-05,6.4077418858165413e-06
1.6599979400634766,1790953703.013005,0.0005741119384765625,0.034609879067047558,0.034801865284766934,-0.034505159311927894,0.010384709049366262,0.35152676464417792,-0.010925761117484504,0.054789999999999998,0.002222,0.191273,-3.1408072554263957,1.3062567720701161,-3.1024623717600806,0.054766935104992046,0.002222681553777544,0.19118612834342189,-0.26126336610289025,-0.038359374959899294,0.96450506058043761,-0.010222645274526931,0.99926398828257434,0.036972682418168597,-0.96521342254248543,-0.00020018563737605154,-0.26146320748727203,8.9884028692005554e-05,6.4077418858165413e-06
1.6649999618530273,1790953703.018007,0.0005970001220703125,0.034609879067047558,0.034801865284766934,-0.034505159311927894,0.010384709049366262,0.35152676464417792,-0.010925761117484504,0.054789999999999998,0.002222,0.191273,-3.1408072554263957,1.3062567720701161,-3.1024623717600806,0.054766935104992046,0.002222681553777544,0.19118612834342189,-0.26126336610289025,-0.038359374959899294,0.96450506058043761,-0.010222645274526931,0.99926398828257434,0.036972682418168597,-0.96521342254248543,-0.00020018563737605154,-0.26146320748727203,8.9884028692005554e-05,6.4077418858165413e-06
1.6700239181518555,1790953703.023031,0.00062489509582519531,0.034609879067047558,0.034801865284766934,-0.034505159311927894,0.010384709049366262,0.35152676464417792,-0.010925761117484504,0.054789999999999998,0.002222,0.191273,-3.1408072554263957,1.3062567720701161,-3.1024623717600806,0.054766935104992046,0.002222681553777544,0.19118612834342189,-0.26126336610289025,-0.038359374959899294,0.96450506058043761,-0.010222645274526931,0.99926398828257434,0.036972682418168597,-0.96521342254248543,-0.00020018563737605154,-0.26146320748727203,8.9884028692005554e-05,6.4077418858165413e-06
1.6749989986419678,1790953703.0280061,0.00059914588928222656,0.034609879067047558,0.034801865284766934,-0.034505159311927894,0.010384709049366262,0.35152676464417792,-0.010925761117484504,0.054789999999999998,0.002222,0.191273,-3.1408072554263957,1.3062567720701161,-3.1024623717600806,0.054766935104992046,0.002222681553777544,0.19118612834342189,-0.26126336610289025,-0.038359374959899294,0.96450506058043761,-0.010222645274526931,0.99926398828257434,0.036972682418168597,-0.96521342254248543,-0.00020018563737605154,-0.26146320748727203,8.9884028692005554e-05,6.4077418858165413e-06
1.6800239086151123,1790953703.033031,0.00059294700622558594,0.034609879067047558,0.034801865284766934,-0.034505159311927894,0.010384709049366262,0.35152676464417792,-0.010925761117484504,0.054789999999999998,0.002222,0.191273,-3.1408072554263957,1.3062567720701161,-3.1024623717600806,0.054766935104992046,0.002222681553777544,0.19118612834342189,-0.26126336610289025,-0.038359374959899294,0.96450506058043761,-0.010222645274526931,0.99926398828257434,0.036972682418168597,-0.96521342254248543,-0.00020018563737605154,-0.26146320748727203,8.9884028692005554e-05,6.4077418858165413e-06
1.6850008964538574,1790953703.038008,0.000598907470703125,0.034609879067047558,0.034801865284766934,-0.034505159311927894,0.010384709049366262,0.35152676464417792,-0.010925761117484504,0.054789999999999998,0.002222,0.191273,-3.1408072554263957,1.3062567720701161,-3.1024623717600806,0.054766935104992046,0.002222681553777544,0.19118612834342189,-0.26126336610289025,-0.038359374959899294,0.96450506058043761,-0.010222645274526931,0.99926398828257434,0.036972682418168597,-0.96521342254248543,-0.00020018563737605154,-0.26146320748727203,8.9884028692005554e-05,6.4077418858165413e-06
1.6899998188018799,1790953703.0430069,0.00057101249694824219,0.034609879067047558,0.034801865284766934,-0.034505159311927894,0.010384709049366262,0.35152676464417792,-0.010925761117484504,0.054789999999999998,0.002222,0.191273,-3.1408072554263957,1.3062567720701161,-3.1024623717600806,0.054766935104992046,0.002222681553777544,0.19118612834342189,-0.26126336610289025,-0.038359374959899294,0.96450506058043761,-0.010222645274526931,0.99926398828257434,0.036972682418168597,-0.96521342254248543,-0.00020018563737605154,-0.26146320748727203,8.9884028692005554e-05,6.4077418858165413e-06
1.6950030326843262,1790953703.0480101,0.00060319900512695312,0.034609879067047558,0.034801865284766934,-0.034505159311927894,0.010384709049366262,0.35152676464417792,-0.010925761117484504,0.054789999999999998,0.002222,0.191273,-3.1408072554263957,1.3062567720701161,-3.1024623717600806,0.054766935104992046,0.002222681553777544,0.19118612834342189,-0.26126336610289025,-0.038359374959899294,0.96450506058043761,-0.010222645274526931,0.99926398828257434,0.036972682418168597,-0.96521342254248543,-0.00020018563737605154,-0.26146320748727203,8.9884028692005554e-05,6.4077418858165413e-06
1.7000279426574707,1790953703.053035,0.000598907470703125,0.034609879067047558,0.034801865284766934,-0.034505159311927894,0.010384709049366262,0.35152676464417792,-0.010925761117484504,0.054789999999999998,0.002222,0.191273,-3.1408072554263957,1.3062567720701161,-3.1024623717600806,0.054766935104992046,0.002222681553777544,0.19118612834342189,-0.26126336610289025,-0.038359374959899294,0.96450506058043761,-0.010222645274526931,0.99926398828257434,0.036972682418168597,-0.96521342254248543,-0.00020018563737605154,-0.26146320748727203,8.9884028692005554e-05,6.4077418858165413e-06
1.7050018310546875,1790953703.0580089,0.0006008148193359375,0.034609879067047558,0.034801865284766934,-0.034505159311927894,0.010384709049366262,0.35152676464417792,-0.010925761117484504,0.054789999999999998,0.002222,0.191273,-3.1408072554263957,1.3062567720701161,-3.1024623717600806,0.054766935104992046,0.002222681553777544,0.19118612834342189,-0.26126336610289025,-0.038359374959899294,0.96450506058043761,-0.010222645274526931,0.99926398828257434,0.036972682418168597,-0.96521342254248543,-0.00020018563737605154,-0.26146320748727203,8.9884028692005554e-05,6.4077418858165413e-06
1.7100248336791992,1790953703.0630319,0.00062489509582519531,0.034609879067047558,0.034801865284766934,-0.034505159311927894,0.010384709049366262,0.35152676464417792,-0.010925761117484504,0.054789999999999998,0.002222,0.191273,-3.1408072554263957,1.3062567720701161,-3.1024623717600806,0.054766935104992046,0.002222681553777544,0.19118612834342189,-0.26126336610289025,-0.038359374959899294,0.96450506058043761,-0.010222645274526931,0.99926398828257434,0.036972682418168597,-0.96521342254248543,-0.00020018563737605154,-0.26146320748727203,8.9884028692005554e-05,6.4077418858165413e-06
1.7149999141693115,1790953703.068007,0.0005970001220703125,0.034609879067047558,0.034801865284766934,-0.034505159311927894,0.010384709049366262,0.35152676464417792,-0.010925761117484504,0.054789999999999998,0.002222,0.191273,-3.1408072554263957,1.3062567720701161,-3.1024623717600806,0.054766935104992046,0.002222681553777544,0.19118612834342189,-0.26126336610289025,-0.038359374959899294,0.96450506058043761,-0.010222645274526931,0.99926398828257434,0.036972682418168597,-0.96521342254248543,-0.00020018563737605154,-0.26146320748727203,8.9884028692005554e-05,6.4077418858165413e-06
1.7200248241424561,1790953703.0730319,0.00060200691223144531,0.034609879067047558,0.034801865284766934,-0.034505159311927894,0.010384709049366262,0.35152676464417792,-0.010925761117484504,0.054789999999999998,0.002222,0.191273,-3.1408072554263957,1.3062567720701161,-3.1024623717600806,0.054766935104992046,0.002222681553777544,0.19118612834342189,-0.26126336610289025,-0.038359374959899294,0.96450506058043761,-0.010222645274526931,0.99926398828257434,0.036972682418168597,-0.96521342254248543,-0.00020018563737605154,-0.26146320748727203,8.9884028692005554e-05,6.4077418858165413e-06
1.7249999046325684,1790953703.078007,0.00060105323791503906,0.034609879067047558,0.034801865284766934,-0.034505159311927894,0.010384709049366262,0.35152676464417792,-0.010925761117484504,0.054789999999999998,0.002222,0.191273,-3.1408072554263957,1.3062567720701161,-3.1024623717600806,0.054766935104992046,0.002222681553777544,0.19118612834342189,-0.26126336610289025,-0.038359374959899294,0.96450506058043761,-0.010222645274526931,0.99926398828257434,0.036972682418168597,-0.96521342254248543,-0.00020018563737605154,-0.26146320748727203,8.9884028692005554e-05,6.4077418858165413e-06
1.7300248146057129,1790953703.0830319,0.00062584877014160156,0.034609879067047558,0.034801865284766934,-0.034505159311927894,0.010384709049366262,0.35152676464417792,-0.010925761117484504,0.054789999999999998,0.002222,0.191273,-3.1408072554263957,1.3062567720701161,-3.1024623717600806,0.054766935104992046,0.002222681553777544,0.19118612834342189,-0.26126336610289025,-0.038359374959899294,0.96450506058043761,-0.010222645274526931,0.99926398828257434,0.036972682418168597,-0.96521342254248543,-0.00020018563737605154,-0.26146320748727203,8.9884028692005554e-05,6.4077418858165413e-06
1.7350080013275146,1790953703.0880151,0.00060796737670898438,0.034609879067047558,0.034801865284766934,-0.034505159311927894,0.010384709049366262,0.35152676464417792,-0.010925761117484504,0.054789999999999998,0.002222,0.191273,-3.1408072554263957,1.3062567720701161,-3.1024623717600806,0.054766935104992046,0.002222681553777544,0.19118612834342189,-0.26126336610289025,-0.038359374959899294,0.96450506058043761,-0.010222645274526931,0.99926398828257434,0.036972682418168597,-0.96521342254248543,-0.00020018563737605154,-0.26146320748727203,8.9884028692005554e-05,6.4077418858165413e-06
1.7400248050689697,1790953703.0930319,0.00062584877014160156,0.034609879067047558,0.034801865284766934,-0.034505159311927894,0.010384709049366262,0.35152676464417792,-0.010925761117484504,0.054789999999999998,0.002222,0.191273,-3.1408072554263957,1.3062567720701161,-3.1024623717600806,0.054766935104992046,0.002222681553777544,0.19118612834342189,-0.26126336610289025,-0.038359374959899294,0.96450506058043761,-0.010222645274526931,0.99926398828257434,0.036972682418168597,-0.96521342254248543,-0.00020018563737605154,-0.26146320748727203,8.9884028692005554e-05,6.4077418858165413e-06
1.7449989318847656,1790953703.098006,0.00060009956359863281,0.034609879067047558,0.034801865284766934,-0.034505159311927894,0.010384709049366262,0.35152676464417792,-0.010925761117484504,0.054789999999999998,0.002222,0.191273,-3.1408072554263957,1.3062567720701161,-3.1024623717600806,0.054766935104992046,0.002222681553777544,0.19118612834342189,-0.26126336610289025,-0.038359374959899294,0.96450506058043761,-0.010222645274526931,0.99926398828257434,0.036972682418168597,-0.96521342254248543,-0.00020018563737605154,-0.26146320748727203,8.9884028692005554e-05,6.4077418858165413e-06
1.7500228881835938,1790953703.10303,0.00059986114501953125,0.034609879067047558,0.034801865284766934,-0.034505159311927894,0.010384709049366262,0.35152676464417792,-0.010925761117484504,0.054789999999999998,0.002222,0.191273,-3.1408072554263957,1.3062567720701161,-3.1024623717600806,0.054766935104992046,0.002222681553777544,0.19118612834342189,-0.26126336610289025,-0.038359374959899294,0.96450506058043761,-0.010222645274526931,0.99926398828257434,0.036972682418168597,-0.96521342254248543,-0.00020018563737605154,-0.26146320748727203,8.9884028692005554e-05,6.4077418858165413e-06
1.7549989223480225,1790953703.108006,0.00060105323791503906,0.034609879067047558,0.034801865284766934,-0.034505159311927894,0.010384709049366262,0.35152676464417792,-0.010925761117484504,0.054789999999999998,0.002222,0.191273,-3.1408072554263957,1.3062567720701161,-3.1024623717600806,0.054766935104992046,0.002222681553777544,0.19118612834342189,-0.26126336610289025,-0.038359374959899294,0.96450506058043761,-0.010222645274526931,0.99926398828257434,0.036972682418168597,-0.96521342254248543,-0.00020018563737605154,-0.26146320748727203,8.9884028692005554e-05,6.4077418858165413e-06
1.7599990367889404,1790953703.1130061,0.000576019287109375,0.034609879067047558,0.034801865284766934,-0.034505159311927894,0.010384709049366262,0.35152676464417792,-0.010925761117484504,0.054789999999999998,0.002222,0.191273,-3.1408072554263957,1.3062567720701161,-3.1024623717600806,0.054766935104992046,0.002222681553777544,0.19118612834342189,-0.26126336610289025,-0.038359374959899294,0.96450506058043761,-0.010222645274526931,0.99926398828257434,0.036972682418168597,-0.96521342254248543,-0.00020018563737605154,-0.26146320748727203,8.9884028692005554e-05,6.4077418858165413e-06
1.7649989128112793,1790953703.118006,0.00060009956359863281,0.034609879067047558,0.034801865284766934,-0.034505159311927894,0.010384709049366262,0.35152676464417792,-0.010925761117484504,0.054789999999999998,0.002222,0.191273,-3.1408072554263957,1.3062567720701161,-3.1024623717600806,0.054766935104992046,0.002222681553777544,0.19118612834342189,-0.26126336610289025,-0.038359374959899294,0.96450506058043761,-0.010222645274526931,0.99926398828257434,0.036972682418168597,-0.96521342254248543,-0.00020018563737605154,-0.26146320748727203,8.9884028692005554e-05,6.4077418858165413e-06
1.7700250148773193,1790953703.1230321,0.00062513351440429688,0.034609879067047558,0.034801865284766934,-0.034505159311927894,0.010384709049366262,0.35152676464417792,-0.010925761117484504,0.054789999999999998,0.002222,0.191273,-3.1408072554263957,1.3062567720701161,-3.1024623717600806,0.054766935104992046,0.002222681553777544,0.19118612834342189,-0.26126336610289025,-0.038359374959899294,0.96450506058043761,-0.010222645274526931,0.99926398828257434,0.036972682418168597,-0.96521342254248543,-0.00020018563737605154,-0.26146320748727203,8.9884028692005554e-05,6.4077418858165413e-06
1.7749989032745361,1790953703.128006,0.00060105323791503906,0.034609879067047558,0.034801865284766934,-0.034505159311927894,0.010384709049366262,0.35152676464417792,-0.010925761117484504,0.054789999999999998,0.002222,0.191273,-3.1408072554263957,1.3062567720701161,-3.1024623717600806,0.054766935104992046,0.002222681553777544,0.19118612834342189,-0.26126336610289025,-0.038359374959899294,0.96450506058043761,-0.010222645274526931,0.99926398828257434,0.036972682418168597,-0.96521342254248543,-0.00020018563737605154,-0.26146320748727203,8.9884028692005554e-05,6.4077418858165413e-06
1.7800238132476807,1790953703.1330309,0.00059580802917480469,0.034609879067047558,0.034801865284766934,-0.034505159311927894,0.010384709049366262,0.35152676464417792,-0.010925761117484504,0.054789999999999998,0.002222,0.191273,-3.1408072554263957,1.3062567720701161,-3.1024623717600806,0.054766935104992046,0.002222681553777544,0.19118612834342189,-0.26126336610289025,-0.038359374959899294,0.96450506058043761,-0.010222645274526931,0.99926398828257434,0.036972682418168597,-0.96521342254248543,-0.00020018563737605154,-0.26146320748727203,8.9884028692005554e-05,6.4077418858165413e-06
1.784998893737793,1790953703.138006,0.00059795379638671875,0.034609879067047558,0.034801865284766934,-0.034505159311927894,0.010384709049366262,0.35152676464417792,-0.010925761117484504,0.054789999999999998,0.002222,0.191273,-3.1408072554263957,1.3062567720701161,-3.1024623717600806,0.054766935104992046,0.002222681553777544,0.19118612834342189,-0.26126336610289025,-0.038359374959899294,0.96450506058043761,-0.010222645274526931,0.99926398828257434,0.036972682418168597,-0.96521342254248543,-0.00020018563737605154,-0.26146320748727203,8.9884028692005554e-05,6.4077418858165413e-06
1.7900288105010986,1790953703.1430359,0.00060200691223144531,0.034609879067047558,0.034801865284766934,-0.034505159311927894,0.010384709049366262,0.35152676464417792,-0.010925761117484504,0.054789999999999998,0.002222,0.191273,-3.1408072554263957,1.3062567720701161,-3.1024623717600806,0.054766935104992046,0.002222681553777544,0.19118612834342189,-0.26126336610289025,-0.038359374959899294,0.96450506058043761,-0.010222645274526931,0.99926398828257434,0.036972682418168597,-0.96521342254248543,-0.00020018563737605154,-0.26146320748727203,8.9884028692005554e-05,6.4077418858165413e-06
1.7950010299682617,1790953703.1480081,0.00060105323791503906,0.034609879067047558,0.034801865284766934,-0.034505159311927894,0.010384709049366262,0.35152676464417792,-0.010925761117484504,0.054789999999999998,0.002222,0.191273,-3.1408072554263957,1.3062567720701161,-3.1024623717600806,0.054766935104992046,0.002222681553777544,0.19118612834342189,-0.26126336610289025,-0.038359374959899294,0.96450506058043761,-0.010222645274526931,0.99926398828257434,0.036972682418168597,-0.96521342254248543,-0.00020018563737605154,-0.26146320748727203,8.9884028692005554e-05,6.4077418858165413e-06
1.8000278472900391,1790953703.1530349,0.00060391426086425781,0.034609879067047558,0.034801865284766934,-0.034505159311927894,0.010384709049366262,0.35152676464417792,-0.010925761117484504,0.054789999999999998,0.002222,0.191273,-3.1408072554263957,1.3062567720701161,-3.1024623717600806,0.054766935104992046,0.002222681553777544,0.19118612834342189,-0.26126336610289025,-0.038359374959899294,0.96450506058043761,-0.010222645274526931,0.99926398828257434,0.036972682418168597,-0.96521342254248543,-0.00020018563737605154,-0.26146320748727203,8.9884028692005554e-05,6.4077418858165413e-06
1.8050029277801514,1790953703.15801,0.00060391426086425781,0.034609879067047558,0.034801865284766934,-0.034505159311927894,0.010384709049366262,0.35152676464417792,-0.010925761117484504,0.054789999999999998,0.002222,0.191273,-3.1408072554263957,1.3062567720701161,-3.1024623717600806,0.054766935104992046,0.002222681553777544,0.19118612834342189,-0.26126336610289025,-0.038359374959899294,0.96450506058043761,-0.010222645274526931,0.99926398828257434,0.036972682418168597,-0.96521342254248543,-0.00020018563737605154,-0.26146320748727203,8.9884028692005554e-05,6.4077418858165413e-06
1.8100249767303467,1790953703.1630321,0.00060200691223144531,0.034609879067047558,0.034801865284766934,-0.034505159311927894,0.010384709049366262,0.35152676464417792,-0.010925761117484504,0.054789999999999998,0.002222,0.191273,-3.1408072554263957,1.3062567720701161,-3.1024623717600806,0.054766935104992046,0.002222681553777544,0.19118612834342189,-0.26126336610289025,-0.038359374959899294,0.96450506058043761,-0.010222645274526931,0.99926398828257434,0.036972682418168597,-0.96521342254248543,-0.00020018563737605154,-0.26146320748727203,8.9884028692005554e-05,6.4077418858165413e-06
1.8149979114532471,1790953703.168005,0.00060009956359863281,0.034609879067047558,0.034801865284766934,-0.034505159311927894,0.010384709049366262,0.35152676464417792,-0.010925761117484504,0.054789999999999998,0.002222,0.191273,-3.1408072554263957,1.3062567720701161,-3.1024623717600806,0.054766935104992046,0.002222681553777544,0.19118612834342189,-0.26126336610289025,-0.038359374959899294,0.96450506058043761,-0.010222645274526931,0.99926398828257434,0.036972682418168597,-0.96521342254248543,-0.00020018563737605154,-0.26146320748727203,8.9884028692005554e-05,6.4077418858165413e-06
1.8200228214263916,1790953703.1730299,0.0006008148193359375,0.034609879067047558,0.034801865284766934,-0.034505159311927894,0.010384709049366262,0.35152676464417792,-0.010925761117484504,0.054789999999999998,0.002222,0.191273,-3.1408072554263957,1.3062567720701161,-3.1024623717600806,0.054766935104992046,0.002222681553777544,0.19118612834342189,-0.26126336610289025,-0.038359374959899294,0.96450506058043761,-0.010222645274526931,0.99926398828257434,0.036972682418168597,-0.96521342254248543,-0.00020018563737605154,-0.26146320748727203,8.9884028692005554e-05,6.4077418858165413e-06
1.8249969482421875,1790953703.178004,0.00059199333190917969,0.034609879067047558,0.034801865284766934,-0.034505159311927894,0.010384709049366262,0.35152676464417792,-0.010925761117484504,0.054789999999999998,0.002222,0.191273,-3.1408072554263957,1.3062567720701161,-3.1024623717600806,0.054766935104992046,0.002222681553777544,0.19118612834342189,-0.26126336610289025,-0.038359374959899294,0.96450506058043761,-0.010222645274526931,0.99926398828257434,0.036972682418168597,-0.96521342254248543,-0.00020018563737605154,-0.26146320748727203,8.9884028692005554e-05,6.4077418858165413e-06
1.8300228118896484,1790953703.1830299,0.000598907470703125,0.034609879067047558,0.034801865284766934,-0.034505159311927894,0.010384709049366262,0.35152676464417792,-0.010925761117484504,0.054789999999999998,0.002222,0.191273,-3.1408072554263957,1.3062567720701161,-3.1024623717600806,0.054766935104992046,0.002222681553777544,0.19118612834342189,-0.26126336610289025,-0.038359374959899294,0.96450506058043761,-0.010222645274526931,0.99926398828257434,0.036972682418168597,-0.96521342254248543,-0.00020018563737605154,-0.26146320748727203,8.9884028692005554e-05,6.4077418858165413e-06
1.8349988460540771,1790953703.1880059,0.0006008148193359375,0.034609879067047558,0.034801865284766934,-0.034505159311927894,0.010384709049366262,0.35152676464417792,-0.010925761117484504,0.054789999999999998,0.002222,0.191273,-3.1408072554263957,1.3062567720701161,-3.1024623717600806,0.054766935104992046,0.002222681553777544,0.19118612834342189,-0.26126336610289025,-0.038359374959899294,0.96450506058043761,-0.010222645274526931,0.99926398828257434,0.036972682418168597,-0.96521342254248543,-0.00020018563737605154,-0.26146320748727203,8.9884028692005554e-05,6.4077418858165413e-06
1.8400230407714844,1790953703.1930301,0.00062417984008789062,0.034609879067047558,0.034801865284766934,-0.034505159311927894,0.010384709049366262,0.35152676464417792,-0.010925761117484504,0.054789999999999998,0.002222,0.191273,-3.1408072554263957,1.3062567720701161,-3.1024623717600806,0.054766935104992046,0.002222681553777544,0.19118612834342189,-0.26126336610289025,-0.038359374959899294,0.96450506058043761,-0.010222645274526931,0.99926398828257434,0.036972682418168597,-0.96521342254248543,-0.00020018563737605154,-0.26146320748727203,8.9884028692005554e-05,6.4077418858165413e-06
1.8450009822845459,1790953703.1980081,0.00060200691223144531,0.034609879067047558,0.034801865284766934,-0.034505159311927894,0.010384709049366262,0.35152676464417792,-0.010925761117484504,0.054789999999999998,0.002222,0.191273,-3.1408072554263957,1.3062567720701161,-3.1024623717600806,0.054766935104992046,0.002222681553777544,0.19118612834342189,-0.26126336610289025,-0.038359374959899294,0.96450506058043761,-0.010222645274526931,0.99926398828257434,0.036972682418168597,-0.96521342254248543,-0.00020018563737605154,-0.26146320748727203,8.9884028692005554e-05,6.4077418858165413e-06
1.8500230312347412,1790953703.2030301,0.00061917304992675781,0.034609879067047558,0.034801865284766934,-0.034505159311927894,0.010384709049366262,0.35152676464417792,-0.010925761117484504,0.054789999999999998,0.002222,0.191273,-3.1408072554263957,1.3062567720701161,-3.1024623717600806,0.054766935104992046,0.002222681553777544,0.19118612834342189,-0.26126336610289025,-0.038359374959899294,0.96450506058043761,-0.010222645274526931,0.99926398828257434,0.036972682418168597,-0.96521342254248543,-0.00020018563737605154,-0.26146320748727203,8.9884028692005554e-05,6.4077418858165413e-06
1.8549988269805908,1790953703.2080059,0.00059485435485839844,0.034609879067047558,0.034801865284766934,-0.034505159311927894,0.010384709049366262,0.35152676464417792,-0.010925761117484504,0.054789999999999998,0.002222,0.191273,-3.1408072554263957,1.3062567720701161,-3.1024623717600806,0.054766935104992046,0.002222681553777544,0.19118612834342189,-0.26126336610289025,-0.038359374959899294,0.96450506058043761,-0.010222645274526931,0.99926398828257434,0.036972682418168597,-0.96521342254248543,-0.00020018563737605154,-0.26146320748727203,8.9884028692005554e-05,6.4077418858165413e-06
1.8600239753723145,1790953703.2130311,0.00059795379638671875,0.034609879067047558,0.034801865284766934,-0.034505159311927894,0.010384709049366262,0.35152676464417792,-0.010925761117484504,0.054789999999999998,0.002222,0.191273,-3.1408072554263957,1.3062567720701161,-3.1024623717600806,0.054766935104992046,0.002222681553777544,0.19118612834342189,-0.26126336610289025,-0.038359374959899294,0.96450506058043761,-0.010222645274526931,0.99926398828257434,0.036972682418168597,-0.96521342254248543,-0.00020018563737605154,-0.26146320748727203,8.9884028692005554e-05,6.4077418858165413e-06
1.8649969100952148,1790953703.218004,0.00060009956359863281,0.034609879067047558,0.034801865284766934,-0.034505159311927894,0.010384709049366262,0.35152676464417792,-0.010925761117484504,0.054789999999999998,0.002222,0.191273,-3.1408072554263957,1.3062567720701161,-3.1024623717600806,0.054766935104992046,0.002222681553777544,0.19118612834342189,-0.26126336610289025,-0.038359374959899294,0.96450506058043761,-0.010222645274526931,0.99926398828257434,0.036972682418168597,-0.96521342254248543,-0.00020018563737605154,-0.26146320748727203,8.9884028692005554e-05,6.4077418858165413e-06
1.8700239658355713,1790953703.223031,0.00060105323791503906,0.034609879067047558,0.034801865284766934,-0.034505159311927894,0.010384709049366262,0.35152676464417792,-0.010925761117484504,0.054789999999999998,0.002222,0.191273,-3.1408072554263957,1.3062567720701161,-3.1024623717600806,0.054766935104992046,0.002222681553777544,0.19118612834342189,-0.26126336610289025,-0.038359374959899294,0.96450506058043761,-0.010222645274526931,0.99926398828257434,0.036972682418168597,-0.96521342254248543,-0.00020018563737605154,-0.26146320748727203,8.9884028692005554e-05,6.4077418858165413e-06
1.875,1790953703.2280071,0.00060200691223144531,0.034609879067047558,0.034801865284766934,-0.034505159311927894,0.010384709049366262,0.35152676464417792,-0.010925761117484504,0.054789999999999998,0.002222,0.191273,-3.1408072554263957,1.3062567720701161,-3.1024623717600806,0.054766935104992046,0.002222681553777544,0.19118612834342189,-0.26126336610289025,-0.038359374959899294,0.96450506058043761,-0.010222645274526931,0.99926398828257434,0.036972682418168597,-0.96521342254248543,-0.00020018563737605154,-0.26146320748727203,8.9884028692005554e-05,6.4077418858165413e-06
1.8799989223480225,1790953703.233006,0.0005741119384765625,0.034609879067047558,0.034801865284766934,-0.034505159311927894,0.010384709049366262,0.35152676464417792,-0.010925761117484504,0.054789999999999998,0.002222,0.191273,-3.1408072554263957,1.3062567720701161,-3.1024623717600806,0.054766935104992046,0.002222681553777544,0.19118612834342189,-0.26126336610289025,-0.038359374959899294,0.96450506058043761,-0.010222645274526931,0.99926398828257434,0.036972682418168597,-0.96521342254248543,-0.00020018563737605154,-0.26146320748727203,8.9884028692005554e-05,6.4077418858165413e-06
1.8849990367889404,1790953703.2380061,0.00060009956359863281,0.034609879067047558,0.034801865284766934,-0.034505159311927894,0.010384709049366262,0.35152676464417792,-0.010925761117484504,0.054789999999999998,0.002222,0.191273,-3.1408072554263957,1.3062567720701161,-3.1024623717600806,0.054766935104992046,0.002222681553777544,0.19118612834342189,-0.26126336610289025,-0.038359374959899294,0.96450506058043761,-0.010222645274526931,0.99926398828257434,0.036972682418168597,-0.96521342254248543,-0.00020018563737605154,-0.26146320748727203,8.9884028692005554e-05,6.4077418858165413e-06
1.8900008201599121,1790953703.2430079,0.00057578086853027344,0.034609879067047558,0.034801865284766934,-0.034505159311927894,0.010384709049366262,0.35152676464417792,-0.010925761117484504,0.054789999999999998,0.002222,0.191273,-3.1408072554263957,1.3062567720701161,-3.1024623717600806,0.054766935104992046,0.002222681553777544,0.19118612834342189,-0.26126336610289025,-0.038359374959899294,0.96450506058043761,-0.010222645274526931,0.99926398828257434,0.036972682418168597,-0.96521342254248543,-0.00020018563737605154,-0.26146320748727203,8.9884028692005554e-05,6.4077418858165413e-06
1.8949990272521973,1790953703.2480061,0.0005970001220703125,0.034609879067047558,0.034801865284766934,-0.034505159311927894,0.010384709049366262,0.35152676464417792,-0.010925761117484504,0.054789999999999998,0.002222,0.191273,-3.1408072554263957,1.3062567720701161,-3.1024623717600806,0.054766935104992046,0.002222681553777544,0.19118612834342189,-0.26126336610289025,-0.038359374959899294,0.96450506058043761,-0.010222645274526931,0.99926398828257434,0.036972682418168597,-0.96521342254248543,-0.00020018563737605154,-0.26146320748727203,8.9884028692005554e-05,6.4077418858165413e-06
1.9000248908996582,1790953703.253032,0.00035500526428222656,0.034609879067047558,0.034801865284766934,-0.034505159311927894,0.010384709049366262,0.35152676464417792,-0.010925761117484504,0.054789999999999998,0.002222,0.191273,-3.1408072554263957,1.3062567720701161,-3.1024623717600806,0.054766935104992046,0.002222681553777544,0.19118612834342189,-0.26126336610289025,-0.038359374959899294,0.96450506058043761,-0.010222645274526931,0.99926398828257434,0.036972682418168597,-0.96521342254248543,-0.00020018563737605154,-0.26146320748727203,8.9884028692005554e-05,6.4077418858165413e-06
1.9050009250640869,1790953703.258008,0.00059795379638671875,0.034609879067047558,0.034801865284766934,-0.034505159311927894,0.010384709049366262,0.35152676464417792,-0.010925761117484504,0.054789999999999998,0.002222,0.191273,-3.1408072554263957,1.3062567720701161,-3.1024623717600806,0.054766935104992046,0.002222681553777544,0.19118612834342189,-0.26126336610289025,-0.038359374959899294,0.96450506058043761,-0.010222645274526931,0.99926398828257434,0.036972682418168597,-0.96521342254248543,-0.00020018563737605154,-0.26146320748727203,8.9884028692005554e-05,6.4077418858165413e-06
1.910024881362915,1790953703.263032,0.00059986114501953125,0.034609879067047558,0.034801865284766934,-0.034505159311927894,0.010384709049366262,0.35152676464417792,-0.010925761117484504,0.054789999999999998,0.002222,0.191273,-3.1408072554263957,1.3062567720701161,-3.1024623717600806,0.054766935104992046,0.002222681553777544,0.19118612834342189,-0.26126336610289025,-0.038359374959899294,0.96450506058043761,-0.010222645274526931,0.99926398828257434,0.036972682418168597,-0.96521342254248543,-0.00020018563737605154,-0.26146320748727203,8.9884028692005554e-05,6.4077418858165413e-06
1.9149999618530273,1790953703.268007,0.00060200691223144531,0.034609879067047558,0.034801865284766934,-0.034505159311927894,0.010384709049366262,0.35152676464417792,-0.010925761117484504,0.054789999999999998,0.002222,0.191273,-3.1408072554263957,1.3062567720701161,-3.1024623717600806,0.054766935104992046,0.002222681553777544,0.19118612834342189,-0.26126336610289025,-0.038359374959899294,0.96450506058043761,-0.010222645274526931,0.99926398828257434,0.036972682418168597,-0.96521342254248543,-0.00020018563737605154,-0.26146320748727203,8.9884028692005554e-05,6.4077418858165413e-06
1.9200248718261719,1790953703.2730319,0.00059795379638671875,0.034609879067047558,0.034801865284766934,-0.034505159311927894,0.010384709049366262,0.35152676464417792,-0.010925761117484504,0.054789999999999998,0.002222,0.191273,-3.1408072554263957,1.3062567720701161,-3.1024623717600806,0.054766935104992046,0.002222681553777544,0.19118612834342189,-0.26126336610289025,-0.038359374959899294,0.96450506058043761,-0.010222645274526931,0.99926398828257434,0.036972682418168597,-0.96521342254248543,-0.00020018563737605154,-0.26146320748727203,8.9884028692005554e-05,6.4077418858165413e-06
1.9249999523162842,1790953703.278007,0.00060009956359863281,0.034609879067047558,0.034801865284766934,-0.034505159311927894,0.010384709049366262,0.35152676464417792,-0.010925761117484504,0.054789999999999998,0.002222,0.191273,-3.1408072554263957,1.3062567720701161,-3.1024623717600806,0.054766935104992046,0.002222681553777544,0.19118612834342189,-0.26126336610289025,-0.038359374959899294,0.96450506058043761,-0.010222645274526931,0.99926398828257434,0.036972682418168597,-0.96521342254248543,-0.00020018563737605154,-0.26146320748727203,8.9884028692005554e-05,6.4077418858165413e-06
1.9300248622894287,1790953703.2830319,0.00061297416687011719,0.034609879067047558,0.034801865284766934,-0.034505159311927894,0.010384709049366262,0.35152676464417792,-0.010925761117484504,0.054789999999999998,0.002222,0.191273,-3.1408072554263957,1.3062567720701161,-3.1024623717600806,0.054766935104992046,0.002222681553777544,0.19118612834342189,-0.26126336610289025,-0.038359374959899294,0.96450506058043761,-0.010222645274526931,0.99926398828257434,0.036972682418168597,-0.96521342254248543,-0.00020018563737605154,-0.26146320748727203,8.9884028692005554e-05,6.4077418858165413e-06
1.9350008964538574,1790953703.288008,0.00059986114501953125,0.034609879067047558,0.034801865284766934,-0.034505159311927894,0.010384709049366262,0.35152676464417792,-0.010925761117484504,0.054789999999999998,0.002222,0.191273,-3.1408072554263957,1.3062567720701161,-3.1024623717600806,0.054766935104992046,0.002222681553777544,0.19118612834342189,-0.26126336610289025,-0.038359374959899294,0.96450506058043761,-0.010222645274526931,0.99926398828257434,0.036972682418168597,-0.96521342254248543,-0.00020018563737605154,-0.26146320748727203,8.9884028692005554e-05,6.4077418858165413e-06
1.9400010108947754,1790953703.2930081,0.000576019287109375,0.034609879067047558,0.034801865284766934,-0.034505159311927894,0.010384709049366262,0.35152676464417792,-0.010925761117484504,0.054789999999999998,0.002222,0.191273,-3.1408072554263957,1.3062567720701161,-3.1024623717600806,0.054766935104992046,0.002222681553777544,0.19118612834342189,-0.26126336610289025,-0.038359374959899294,0.96450506058043761,-0.010222645274526931,0.99926398828257434,0.036972682418168597,-0.96521342254248543,-0.00020018563737605154,-0.26146320748727203,8.9884028692005554e-05,6.4077418858165413e-06
1.9449989795684814,1790953703.2980061,0.00059914588928222656,0.034609879067047558,0.034801865284766934,-0.034505159311927894,0.010384709049366262,0.35152676464417792,-0.010925761117484504,0.054789999999999998,0.002222,0.191273,-3.1408072554263957,1.3062567720701161,-3.1024623717600806,0.054766935104992046,0.002222681553777544,0.19118612834342189,-0.26126336610289025,-0.038359374959899294,0.96450506058043761,-0.010222645274526931,0.99926398828257434,0.036972682418168597,-0.96521342254248543,-0.00020018563737605154,-0.26146320748727203,8.9884028692005554e-05,6.4077418858165413e-06
1.950023889541626,1790953703.303031,0.00062704086303710938,0.034609879067047558,0.034801865284766934,-0.034505159311927894,0.010384709049366262,0.35152676464417792,-0.010925761117484504,0.054789999999999998,0.002222,0.191273,-3.1408072554263957,1.3062567720701161,-3.1024623717600806,0.054766935104992046,0.002222681553777544,0.19118612834342189,-0.26126336610289025,-0.038359374959899294,0.96450506058043761,-0.010222645274526931,0.99926398828257434,0.036972682418168597,-0.96521342254248543,-0.00020018563737605154,-0.26146320748727203,8.9884028692005554e-05,6.4077418858165413e-06
1.9549999237060547,1790953703.308007,0.00060105323791503906,0.034609879067047558,0.034801865284766934,-0.034505159311927894,0.010384709049366262,0.35152676464417792,-0.010925761117484504,0.054789999999999998,0.002222,0.191273,-3.1408072554263957,1.3062567720701161,-3.1024623717600806,0.054766935104992046,0.002222681553777544,0.19118612834342189,-0.26126336610289025,-0.038359374959899294,0.96450506058043761,-0.010222645274526931,0.99926398828257434,0.036972682418168597,-0.96521342254248543,-0.00020018563737605154,-0.26146320748727203,8.9884028692005554e-05,6.4077418858165413e-06
1.9600248336791992,1790953703.3130319,0.00059986114501953125,0.034609879067047558,0.034801865284766934,-0.034505159311927894,0.010384709049366262,0.35152676464417792,-0.010925761117484504,0.054789999999999998,0.002222,0.191273,-3.1408072554263957,1.3062567720701161,-3.1024623717600806,0.054766935104992046,0.002222681553777544,0.19118612834342189,-0.26126336610289025,-0.038359374959899294,0.96450506058043761,-0.010222645274526931,0.99926398828257434,0.036972682418168597,-0.96521342254248543,-0.00020018563737605154,-0.26146320748727203,8.9884028692005554e-05,6.4077418858165413e-06
1.9650008678436279,1790953703.3180079,0.00060200691223144531,0.034609879067047558,0.034801865284766934,-0.034505159311927894,0.010384709049366262,0.35152676464417792,-0.010925761117484504,0.054789999999999998,0.002222,0.191273,-3.1408072554263957,1.3062567720701161,-3.1024623717600806,0.054766935104992046,0.002222681553777544,0.19118612834342189,-0.26126336610289025,-0.038359374959899294,0.96450506058043761,-0.010222645274526931,0.99926398828257434,0.036972682418168597,-0.96521342254248543,-0.00020018563737605154,-0.26146320748727203,8.9884028692005554e-05,6.4077418858165413e-06
1.970026969909668,1790953703.323034,0.00062799453735351562,0.034609879067047558,0.034801865284766934,-0.034505159311927894,0.010384709049366262,0.35152676464417792,-0.010925761117484504,0.054789999999999998,0.002222,0.191273,-3.1408072554263957,1.3062567720701161,-3.1024623717600806,0.054766935104992046,0.002222681553777544,0.19118612834342189,-0.26126336610289025,-0.038359374959899294,0.96450506058043761,-0.010222645274526931,0.99926398828257434,0.036972682418168597,-0.96521342254248543,-0.00020018563737605154,-0.26146320748727203,8.9884028692005554e-05,6.4077418858165413e-06
1.974998950958252,1790953703.328006,0.00060200691223144531,0.034609879067047558,0.034801865284766934,-0.034505159311927894,0.010384709049366262,0.35152676464417792,-0.010925761117484504,0.054789999999999998,0.002222,0.191273,-3.1408072554263957,1.3062567720701161,-3.1024623717600806,0.054766935104992046,0.002222681553777544,0.19118612834342189,-0.26126336610289025,-0.038359374959899294,0.96450506058043761,-0.010222645274526931,0.99926398828257434,0.036972682418168597,-0.96521342254248543,-0.00020018563737605154,-0.26146320748727203,8.9884028692005554e-05,6.4077418858165413e-06
1.9800260066986084,1790953703.3330331,0.00059914588928222656,0.034609879067047558,0.034801865284766934,-0.034505159311927894,0.010384709049366262,0.35152676464417792,-0.010925761117484504,0.054789999999999998,0.002222,0.191273,-3.1408072554263957,1.3062567720701161,-3.1024623717600806,0.054766935104992046,0.002222681553777544,0.19118612834342189,-0.26126336610289025,-0.038359374959899294,0.96450506058043761,-0.010222645274526931,0.99926398828257434,0.036972682418168597,-0.96521342254248543,-0.00020018563737605154,-0.26146320748727203,8.9884028692005554e-05,6.4077418858165413e-06
1.9850039482116699,1790953703.338011,0.00060296058654785156,0.034609879067047558,0.034801865284766934,-0.034505159311927894,0.010384709049366262,0.35152676464417792,-0.010925761117484504,0.054789999999999998,0.002222,0.191273,-3.1408072554263957,1.3062567720701161,-3.1024623717600806,0.054766935104992046,0.002222681553777544,0.19118612834342189,-0.26126336610289025,-0.038359374959899294,0.96450506058043761,-0.010222645274526931,0.99926398828257434,0.036972682418168597,-0.96521342254248543,-0.00020018563737605154,-0.26146320748727203,8.9884028692005554e-05,6.4077418858165413e-06
1.9900269508361816,1790953703.343034,0.00059914588928222656,0.034609879067047558,0.034801865284766934,-0.034505159311927894,0.010384709049366262,0.35152676464417792,-0.010925761117484504,0.054789999999999998,0.002222,0.191273,-3.1408072554263957,1.3062567720701161,-3.1024623717600806,0.054766935104992046,0.002222681553777544,0.19118612834342189,-0.26126336610289025,-0.038359374959899294,0.96450506058043761,-0.010222645274526931,0.99926398828257434,0.036972682418168597,-0.96521342254248543,-0.00020018563737605154,-0.26146320748727203,8.9884028692005554e-05,6.4077418858165413e-06
1.994999885559082,1790953703.348007,0.000598907470703125,0.034609879067047558,0.034801865284766934,-0.034505159311927894,0.010384709049366262,0.35152676464417792,-0.010925761117484504,0.054789999999999998,0.002222,0.191273,-3.1408072554263957,1.3062567720701161,-3.1024623717600806,0.054766935104992046,0.002222681553777544,0.19118612834342189,-0.26126336610289025,-0.038359374959899294,0.96450506058043761,-0.010222645274526931,0.99926398828257434,0.036972682418168597,-0.96521342254248543,-0.00020018563737605154,-0.26146320748727203,8.9884028692005554e-05,6.4077418858165413e-06
2.0000269412994385,1790953703.353034,0.00060296058654785156,0.034609879067047558,0.034801865284766934,-0.034505159311927894,0.010384709049366262,0.35152676464417792,-0.010925761117484504,0.054789999999999998,0.002222,0.191273,-3.1408072554263957,1.3062567720701161,-3.1024623717600806,0.054766935104992046,0.002222681553777544,0.19118612834342189,-0.26126336610289025,-0.038359374959899294,0.96450506058043761,-0.010222645274526931,0.99926398828257434,0.036972682418168597,-0.96521342254248543,-0.00020018563737605154,-0.26146320748727203,8.9884028692005554e-05,6.4077418858165413e-06
2.0049989223480225,1790953703.358006,0.00059604644775390625,0.034609879067047558,0.034801865284766934,-0.034505159311927894,0.010384709049366262,0.35152676464417792,-0.010925761117484504,0.054789999999999998,0.002222,0.191273,-3.1408072554263957,1.3062567720701161,-3.1024623717600806,0.054766935104992046,0.002222681553777544,0.19118612834342189,-0.26126336610289025,-0.038359374959899294,0.96450506058043761,-0.010222645274526931,0.99926398828257434,0.036972682418168597,-0.96521342254248543,-0.00020018563737605154,-0.26146320748727203,8.9884028692005554e-05,6.4077418858165413e-06
2.0100269317626953,1790953703.363034,0.00060105323791503906,0.034609879067047558,0.034801865284766934,-0.034505159311927894,0.010384709049366262,0.35152676464417792,-0.010925761117484504,0.054789999999999998,0.002222,0.191273,-3.1408072554263957,1.3062567720701161,-3.1024623717600806,0.054766935104992046,0.002222681553777544,0.19118612834342189,-0.26126336610289025,-0.038359374959899294,0.96450506058043761,-0.010222645274526931,0.99926398828257434,0.036972682418168597,-0.96521342254248543,-0.00020018563737605154,-0.26146320748727203,8.9884028692005554e-05,6.4077418858165413e-06
2.0149989128112793,1790953703.368006,0.000598907470703125,0.034609879067047558,0.034801865284766934,-0.034505159311927894,0.010384709049366262,0.35152676464417792,-0.010925761117484504,0.054789999999999998,0.002222,0.191273,-3.1408072554263957,1.3062567720701161,-3.1024623717600806,0.054766935104992046,0.002222681553777544,0.19118612834342189,-0.26126336610289025,-0.038359374959899294,0.96450506058043761,-0.010222645274526931,0.99926398828257434,0.036972682418168597,-0.96521342254248543,-0.00020018563737605154,-0.26146320748727203,8.9884028692005554e-05,6.4077418858165413e-06
2.0200250148773193,1790953703.3730321,0.00059819221496582031,0.034609879067047558,0.034801865284766934,-0.034505159311927894,0.010384709049366262,0.35152676464417792,-0.010925761117484504,0.054789999999999998,0.002222,0.191273,-3.1408072554263957,1.3062567720701161,-3.1024623717600806,0.054766935104992046,0.002222681553777544,0.19118612834342189,-0.26126336610289025,-0.038359374959899294,0.96450506058043761,-0.010222645274526931,0.99926398828257434,0.036972682418168597,-0.96521342254248543,-0.00020018563737605154,-0.26146320748727203,8.9884028692005554e-05,6.4077418858165413e-06
2.0250008106231689,1790953703.3780079,0.00059580802917480469,0.034609879067047558,0.034801865284766934,-0.034505159311927894,0.010384709049366262,0.35152676464417792,-0.010925761117484504,0.054789999999999998,0.002222,0.191273,-3.1408072554263957,1.3062567720701161,-3.1024623717600806,0.054766935104992046,0.002222681553777544,0.19118612834342189,-0.26126336610289025,-0.038359374959899294,0.96450506058043761,-0.010222645274526931,0.99926398828257434,0.036972682418168597,-0.96521342254248543,-0.00020018563737605154,-0.26146320748727203,8.9884028692005554e-05,6.4077418858165413e-06
2.0300278663635254,1790953703.3830349,0.00059390068054199219,0.034609879067047558,0.034801865284766934,-0.034505159311927894,0.010384709049366262,0.35152676464417792,-0.010925761117484504,0.054789999999999998,0.002222,0.191273,-3.1408072554263957,1.3062567720701161,-3.1024623717600806,0.054766935104992046,0.002222681553777544,0.19118612834342189,-0.26126336610289025,-0.038359374959899294,0.96450506058043761,-0.010222645274526931,0.99926398828257434,0.036972682418168597,-0.96521342254248543,-0.00020018563737605154,-0.26146320748727203,8.9884028692005554e-05,6.4077418858165413e-06
2.0350010395050049,1790953703.3880081,0.00060200691223144531,0.034609879067047558,0.034801865284766934,-0.034505159311927894,0.010384709049366262,0.35152676464417792,-0.010925761117484504,0.054789999999999998,0.002222,0.191273,-3.1408072554263957,1.3062567720701161,-3.1024623717600806,0.054766935104992046,0.002222681553777544,0.19118612834342189,-0.26126336610289025,-0.038359374959899294,0.96450506058043761,-0.010222645274526931,0.99926398828257434,0.036972682418168597,-0.96521342254248543,-0.00020018563737605154,-0.26146320748727203,8.9884028692005554e-05,6.4077418858165413e-06
2.0400238037109375,1790953703.3930309,0.0005970001220703125,0.034609879067047558,0.034801865284766934,-0.034505159311927894,0.010384709049366262,0.35152676464417792,-0.010925761117484504,0.054789999999999998,0.002222,0.191273,-3.1408072554263957,1.3062567720701161,-3.1024623717600806,0.054766935104992046,0.002222681553777544,0.19118612834342189,-0.26126336610289025,-0.038359374959899294,0.96450506058043761,-0.010222645274526931,0.99926398828257434,0.036972682418168597,-0.96521342254248543,-0.00020018563737605154,-0.26146320748727203,8.9884028692005554e-05,6.4077418858165413e-06
2.0450010299682617,1790953703.3980081,0.0005970001220703125,0.034609879067047558,0.034801865284766934,-0.034505159311927894,0.010384709049366262,0.35152676464417792,-0.010925761117484504,0.054789999999999998,0.002222,0.191273,-3.1408072554263957,1.3062567720701161,-3.1024623717600806,0.054766935104992046,0.002222681553777544,0.19118612834342189,-0.26126336610289025,-0.038359374959899294,0.96450506058043761,-0.010222645274526931,0.99926398828257434,0.036972682418168597,-0.96521342254248543,-0.00020018563737605154,-0.26146320748727203,8.9884028692005554e-05,6.4077418858165413e-06
2.0500240325927734,1790953703.4030311,0.00059914588928222656,0.034609879067047558,0.034801865284766934,-0.034505159311927894,0.010384709049366262,0.35152676464417792,-0.010925761117484504,0.054789999999999998,0.002222,0.191273,-3.1408072554263957,1.3062567720701161,-3.1024623717600806,0.054766935104992046,0.002222681553777544,0.19118612834342189,-0.26126336610289025,-0.038359374959899294,0.96450506058043761,-0.010222645274526931,0.99926398828257434,0.036972682418168597,-0.96521342254248543,-0.00020018563737605154,-0.26146320748727203,8.9884028692005554e-05,6.4077418858165413e-06
2.0549988746643066,1790953703.408006,0.00060105323791503906,0.034609879067047558,0.034801865284766934,-0.034505159311927894,0.010384709049366262,0.35152676464417792,-0.010925761117484504,0.054789999999999998,0.002222,0.191273,-3.1408072554263957,1.3062567720701161,-3.1024623717600806,0.054766935104992046,0.002222681553777544,0.19118612834342189,-0.26126336610289025,-0.038359374959899294,0.96450506058043761,-0.010222645274526931,0.99926398828257434,0.036972682418168597,-0.96521342254248543,-0.00020018563737605154,-0.26146320748727203,8.9884028692005554e-05,6.4077418858165413e-06
2.0600228309631348,1790953703.4130299,0.0006008148193359375,0.034609879067047558,0.034801865284766934,-0.034505159311927894,0.010384709049366262,0.35152676464417792,-0.010925761117484504,0.054789999999999998,0.002222,0.191273,-3.1408072554263957,1.3062567720701161,-3.1024623717600806,0.054766935104992046,0.002222681553777544,0.19118612834342189,-0.26126336610289025,-0.038359374959899294,0.96450506058043761,-0.010222645274526931,0.99926398828257434,0.036972682418168597,-0.96521342254248543,-0.00020018563737605154,-0.26146320748727203,8.9884028692005554e-05,6.4077418858165413e-06
2.0649988651275635,1790953703.4180059,0.00060105323791503906,0.034609879067047558,0.034801865284766934,-0.034505159311927894,0.010384709049366262,0.35152676464417792,-0.010925761117484504,0.054789999999999998,0.002222,0.191273,-3.1408072554263957,1.3062567720701161,-3.1024623717600806,0.054766935104992046,0.002222681553777544,0.19118612834342189,-0.26126336610289025,-0.038359374959899294,0.96450506058043761,-0.010222645274526931,0.99926398828257434,0.036972682418168597,-0.96521342254248543,-0.00020018563737605154,-0.26146320748727203,8.9884028692005554e-05,6.4077418858165413e-06
2.0700240135192871,1790953703.4230311,0.00060105323791503906,0.034609879067047558,0.034801865284766934,-0.034505159311927894,0.010384709049366262,0.35152676464417792,-0.010925761117484504,0.054789999999999998,0.002222,0.191273,-3.1408072554263957,1.3062567720701161,-3.1024623717600806,0.054766935104992046,0.002222681553777544,0.19118612834342189,-0.26126336610289025,-0.038359374959899294,0.96450506058043761,-0.010222645274526931,0.99926398828257434,0.036972682418168597,-0.96521342254248543,-0.00020018563737605154,-0.26146320748727203,8.9884028692005554e-05,6.4077418858165413e-06
2.0749969482421875,1790953703.428004,0.00060009956359863281,0.034609879067047558,0.034801865284766934,-0.034505159311927894,0.010384709049366262,0.35152676464417792,-0.010925761117484504,0.054789999999999998,0.002222,0.191273,-3.1408072554263957,1.3062567720701161,-3.1024623717600806,0.054766935104992046,0.002222681553777544,0.19118612834342189,-0.26126336610289025,-0.038359374959899294,0.96450506058043761,-0.010222645274526931,0.99926398828257434,0.036972682418168597,-0.96521342254248543,-0.00020018563737605154,-0.26146320748727203,8.9884028692005554e-05,6.4077418858165413e-06
2.080021858215332,1790953703.4330289,0.000598907470703125,0.034609879067047558,0.034801865284766934,-0.034505159311927894,0.010384709049366262,0.35152676464417792,-0.010925761117484504,0.054789999999999998,0.002222,0.191273,-3.1408072554263957,1.3062567720701161,-3.1024623717600806,0.054766935104992046,0.002222681553777544,0.19118612834342189,-0.26126336610289025,-0.038359374959899294,0.96450506058043761,-0.010222645274526931,0.99926398828257434,0.036972682418168597,-0.96521342254248543,-0.00020018563737605154,-0.26146320748727203,8.9884028692005554e-05,6.4077418858165413e-06
2.0850238800048828,1790953703.438031,0.00062799453735351562,0.034609879067047558,0.034801865284766934,-0.034505159311927894,0.010384709049366262,0.35152676464417792,-0.010925761117484504,0.054789999999999998,0.002222,0.191273,-3.1408072554263957,1.3062567720701161,-3.1024623717600806,0.054766935104992046,0.002222681553777544,0.19118612834342189,-0.26126336610289025,-0.038359374959899294,0.96450506058043761,-0.010222645274526931,0.99926398828257434,0.036972682418168597,-0.96521342254248543,-0.00020018563737605154,-0.26146320748727203,8.9884028692005554e-05,6.4077418858165413e-06
2.0900239944458008,1790953703.4430311,0.00060200691223144531,0.034609879067047558,0.034801865284766934,-0.034505159311927894,0.010384709049366262,0.35152676464417792,-0.010925761117484504,0.054789999999999998,0.002222,0.191273,-3.1408072554263957,1.3062567720701161,-3.1024623717600806,0.054766935104992046,0.002222681553777544,0.19118612834342189,-0.26126336610289025,-0.038359374959899294,0.96450506058043761,-0.010222645274526931,0.99926398828257434,0.036972682418168597,-0.96521342254248543,-0.00020018563737605154,-0.26146320748727203,8.9884028692005554e-05,6.4077418858165413e-06
2.0949978828430176,1790953703.448005,0.0005970001220703125,0.034609879067047558,0.034801865284766934,-0.034505159311927894,0.010384709049366262,0.35152676464417792,-0.010925761117484504,0.054789999999999998,0.002222,0.191273,-3.1408072554263957,1.3062567720701161,-3.1024623717600806,0.054766935104992046,0.002222681553777544,0.19118612834342189,-0.26126336610289025,-0.038359374959899294,0.96450506058043761,-0.010222645274526931,0.99926398828257434,0.036972682418168597,-0.96521342254248543,-0.00020018563737605154,-0.26146320748727203,8.9884028692005554e-05,6.4077418858165413e-06
2.100024938583374,1790953703.453032,0.00062394142150878906,0.034609879067047558,0.034801865284766934,-0.034505159311927894,0.010384709049366262,0.35152676464417792,-0.010925761117484504,0.054789999999999998,0.002222,0.191273,-3.1408072554263957,1.3062567720701161,-3.1024623717600806,0.054766935104992046,0.002222681553777544,0.19118612834342189,-0.26126336610289025,-0.038359374959899294,0.96450506058043761,-0.010222645274526931,0.99926398828257434,0.036972682418168597,-0.96521342254248543,-0.00020018563737605154,-0.26146320748727203,8.9884028692005554e-05,6.4077418858165413e-06
2.1049978733062744,1790953703.458005,0.000598907470703125,0.034609879067047558,0.034801865284766934,-0.034505159311927894,0.010384709049366262,0.35152676464417792,-0.010925761117484504,0.054789999999999998,0.002222,0.191273,-3.1408072554263957,1.3062567720701161,-3.1024623717600806,0.054766935104992046,0.002222681553777544,0.19118612834342189,-0.26126336610289025,-0.038359374959899294,0.96450506058043761,-0.010222645274526931,0.99926398828257434,0.036972682418168597,-0.96521342254248543,-0.00020018563737605154,-0.26146320748727203,8.9884028692005554e-05,6.4077418858165413e-06
2.1100239753723145,1790953703.4630311,0.00060105323791503906,0.034609879067047558,0.034801865284766934,-0.034505159311927894,0.010384709049366262,0.35152676464417792,-0.010925761117484504,0.054789999999999998,0.002222,0.191273,-3.1408072554263957,1.3062567720701161,-3.1024623717600806,0.054766935104992046,0.002222681553777544,0.19118612834342189,-0.26126336610289025,-0.038359374959899294,0.96450506058043761,-0.010222645274526931,0.99926398828257434,0.036972682418168597,-0.96521342254248543,-0.00020018563737605154,-0.26146320748727203,8.9884028692005554e-05,6.4077418858165413e-06
2.1149978637695312,1790953703.4680049,0.00059795379638671875,0.034609879067047558,0.034801865284766934,-0.034505159311927894,0.010384709049366262,0.35152676464417792,-0.010925761117484504,0.054789999999999998,0.002222,0.191273,-3.1408072554263957,1.3062567720701161,-3.1024623717600806,0.054766935104992046,0.002222681553777544,0.19118612834342189,-0.26126336610289025,-0.038359374959899294,0.96450506058043761,-0.010222645274526931,0.99926398828257434,0.036972682418168597,-0.96521342254248543,-0.00020018563737605154,-0.26146320748727203,8.9884028692005554e-05,6.4077418858165413e-06
2.1200218200683594,1790953703.4730289,0.00059986114501953125,0.034609879067047558,0.034801865284766934,-0.034505159311927894,0.010384709049366262,0.35152676464417792,-0.010925761117484504,0.054789999999999998,0.002222,0.191273,-3.1408072554263957,1.3062567720701161,-3.1024623717600806,0.054766935104992046,0.002222681553777544,0.19118612834342189,-0.26126336610289025,-0.038359374959899294,0.96450506058043761,-0.010222645274526931,0.99926398828257434,0.036972682418168597,-0.96521342254248543,-0.00020018563737605154,-0.26146320748727203,8.9884028692005554e-05,6.4077418858165413e-06
2.1249988079071045,1790953703.4780059,0.0006008148193359375,0.034609879067047558,0.034801865284766934,-0.034505159311927894,0.010384709049366262,0.35152676464417792,-0.010925761117484504,0.054789999999999998,0.002222,0.191273,-3.1408072554263957,1.3062567720701161,-3.1024623717600806,0.054766935104992046,0.002222681553777544,0.19118612834342189,-0.26126336610289025,-0.038359374959899294,0.96450506058043761,-0.010222645274526931,0.99926398828257434,0.036972682418168597,-0.96521342254248543,-0.00020018563737605154,-0.26146320748727203,8.9884028692005554e-05,6.4077418858165413e-06
2.1300218105316162,1790953703.4830289,0.000598907470703125,0.034609879067047558,0.034801865284766934,-0.034505159311927894,0.010384709049366262,0.35152676464417792,-0.010925761117484504,0.054789999999999998,0.002222,0.191273,-3.1408072554263957,1.3062567720701161,-3.1024623717600806,0.054766935104992046,0.002222681553777544,0.19118612834342189,-0.26126336610289025,-0.038359374959899294,0.96450506058043761,-0.010222645274526931,0.99926398828257434,0.036972682418168597,-0.96521342254248543,-0.00020018563737605154,-0.26146320748727203,8.9884028692005554e-05,6.4077418858165413e-06
2.1349999904632568,1790953703.4880071,0.00060009956359863281,0.034609879067047558,0.034801865284766934,-0.034505159311927894,0.010384709049366262,0.35152676464417792,-0.010925761117484504,0.054789999999999998,0.002222,0.191273,-3.1408072554263957,1.3062567720701161,-3.1024623717600806,0.054766935104992046,0.002222681553777544,0.19118612834342189,-0.26126336610289025,-0.038359374959899294,0.96450506058043761,-0.010222645274526931,0.99926398828257434,0.036972682418168597,-0.96521342254248543,-0.00020018563737605154,-0.26146320748727203,8.9884028692005554e-05,6.4077418858165413e-06
2.1400249004364014,1790953703.493032,0.00060296058654785156,0.034609879067047558,0.034801865284766934,-0.034505159311927894,0.010384709049366262,0.35152676464417792,-0.010925761117484504,0.054789999999999998,0.002222,0.191273,-3.1408072554263957,1.3062567720701161,-3.1024623717600806,0.054766935104992046,0.002222681553777544,0.19118612834342189,-0.26126336610289025,-0.038359374959899294,0.96450506058043761,-0.010222645274526931,0.99926398828257434,0.036972682418168597,-0.96521342254248543,-0.00020018563737605154,-0.26146320748727203,8.9884028692005554e-05,6.4077418858165413e-06
2.1449990272521973,1790953703.4980061,0.0005970001220703125,0.034609879067047558,0.034801865284766934,-0.034505159311927894,0.010384709049366262,0.35152676464417792,-0.010925761117484504,0.054789999999999998,0.002222,0.191273,-3.1408072554263957,1.3062567720701161,-3.1024623717600806,0.054766935104992046,0.002222681553777544,0.19118612834342189,-0.26126336610289025,-0.038359374959899294,0.96450506058043761,-0.010222645274526931,0.99926398828257434,0.036972682418168597,-0.96521342254248543,-0.00020018563737605154,-0.26146320748727203,8.9884028692005554e-05,6.4077418858165413e-06
2.1500248908996582,1790953703.503032,0.00059795379638671875,0.034609879067047558,0.034801865284766934,-0.034505159311927894,0.010384709049366262,0.35152676464417792,-0.010925761117484504,0.054789999999999998,0.002222,0.191273,-3.1408072554263957,1.3062567720701161,-3.1024623717600806,0.054766935104992046,0.002222681553777544,0.19118612834342189,-0.26126336610289025,-0.038359374959899294,0.96450506058043761,-0.010222645274526931,0.99926398828257434,0.036972682418168597,-0.96521342254248543,-0.00020018563737605154,-0.26146320748727203,8.9884028692005554e-05,6.4077418858165413e-06
2.1550028324127197,1790953703.5080099,0.00060296058654785156,0.034609879067047558,0.034801865284766934,-0.034505159311927894,0.010384709049366262,0.35152676464417792,-0.010925761117484504,0.054789999999999998,0.002222,0.191273,-3.1408072554263957,1.3062567720701161,-3.1024623717600806,0.054766935104992046,0.002222681553777544,0.19118612834342189,-0.26126336610289025,-0.038359374959899294,0.96450506058043761,-0.010222645274526931,0.99926398828257434,0.036972682418168597,-0.96521342254248543,-0.00020018563737605154,-0.26146320748727203,8.9884028692005554e-05,6.4077418858165413e-06
2.1600039005279541,1790953703.513011,0.00057697296142578125,0.034609879067047558,0.034801865284766934,-0.034505159311927894,0.010384709049366262,0.35152676464417792,-0.010925761117484504,0.054789999999999998,0.002222,0.191273,-3.1408072554263957,1.3062567720701161,-3.1024623717600806,0.054766935104992046,0.002222681553777544,0.19118612834342189,-0.26126336610289025,-0.038359374959899294,0.96450506058043761,-0.010222645274526931,0.99926398828257434,0.036972682418168597,-0.96521342254248543,-0.00020018563737605154,-0.26146320748727203,8.9884028692005554e-05,6.4077418858165413e-06
2.1650009155273438,1790953703.518008,0.00060296058654785156,0.034609879067047558,0.034801865284766934,-0.034505159311927894,0.010384709049366262,0.35152676464417792,-0.010925761117484504,0.054789999999999998,0.002222,0.191273,-3.1408072554263957,1.3062567720701161,-3.1024623717600806,0.054766935104992046,0.002222681553777544,0.19118612834342189,-0.26126336610289025,-0.038359374959899294,0.96450506058043761,-0.010222645274526931,0.99926398828257434,0.036972682418168597,-0.96521342254248543,-0.00020018563737605154,-0.26146320748727203,8.9884028692005554e-05,6.4077418858165413e-06
2.17010498046875,1790953703.5231121,0.00068116188049316406,0.034609879067047558,0.034801865284766934,-0.034505159311927894,0.010384709049366262,0.35152676464417792,-0.010925761117484504,0.054789999999999998,0.002222,0.191273,-3.1408072554263957,1.3062567720701161,-3.1024623717600806,0.054766935104992046,0.002222681553777544,0.19118612834342189,-0.26126336610289025,-0.038359374959899294,0.96450506058043761,-0.010222645274526931,0.99926398828257434,0.036972682418168597,-0.96521342254248543,-0.00020018563737605154,-0.26146320748727203,8.9884028692005554e-05,6.4077418858165413e-06
2.1749978065490723,1790953703.5280049,0.000598907470703125,0.034609879067047558,0.034801865284766934,-0.034505159311927894,0.010384709049366262,0.35152676464417792,-0.010925761117484504,0.054789999999999998,0.002222,0.191273,-3.1408072554263957,1.3062567720701161,-3.1024623717600806,0.054766935104992046,0.002222681553777544,0.19118612834342189,-0.26126336610289025,-0.038359374959899294,0.96450506058043761,-0.010222645274526931,0.99926398828257434,0.036972682418168597,-0.96521342254248543,-0.00020018563737605154,-0.26146320748727203,8.9884028692005554e-05,6.4077418858165413e-06
2.1800258159637451,1790953703.5330329,0.00060200691223144531,0.034609879067047558,0.034801865284766934,-0.034505159311927894,0.010384709049366262,0.35152676464417792,-0.010925761117484504,0.054789999999999998,0.002222,0.191273,-3.1408072554263957,1.3062567720701161,-3.1024623717600806,0.054766935104992046,0.002222681553777544,0.19118612834342189,-0.26126336610289025,-0.038359374959899294,0.96450506058043761,-0.010222645274526931,0.99926398828257434,0.036972682418168597,-0.96521342254248543,-0.00020018563737605154,-0.26146320748727203,8.9884028692005554e-05,6.4077418858165413e-06
2.184999942779541,1790953703.538007,0.00060009956359863281,0.034609879067047558,0.034801865284766934,-0.034505159311927894,0.010384709049366262,0.35152676464417792,-0.010925761117484504,0.054789999999999998,0.002222,0.191273,-3.1408072554263957,1.3062567720701161,-3.1024623717600806,0.054766935104992046,0.002222681553777544,0.19118612834342189,-0.26126336610289025,-0.038359374959899294,0.96450506058043761,-0.010222645274526931,0.99926398828257434,0.036972682418168597,-0.96521342254248543,-0.00020018563737605154,-0.26146320748727203,8.9884028692005554e-05,6.4077418858165413e-06
2.1900229454040527,1790953703.54303,0.00060009956359863281,0.034609879067047558,0.034801865284766934,-0.034505159311927894,0.010384709049366262,0.35152676464417792,-0.010925761117484504,0.054789999999999998,0.002222,0.191273,-3.1408072554263957,1.3062567720701161,-3.1024623717600806,0.054766935104992046,0.002222681553777544,0.19118612834342189,-0.26126336610289025,-0.038359374959899294,0.96450506058043761,-0.010222645274526931,0.99926398828257434,0.036972682418168597,-0.96521342254248543,-0.00020018563737605154,-0.26146320748727203,8.9884028692005554e-05,6.4077418858165413e-06
2.1950008869171143,1790953703.548008,0.00059795379638671875,0.034609879067047558,0.034801865284766934,-0.034505159311927894,0.010384709049366262,0.35152676464417792,-0.010925761117484504,0.054789999999999998,0.002222,0.191273,-3.1408072554263957,1.3062567720701161,-3.1024623717600806,0.054766935104992046,0.002222681553777544,0.19118612834342189,-0.26126336610289025,-0.038359374959899294,0.96450506058043761,-0.010222645274526931,0.99926398828257434,0.036972682418168597,-0.96521342254248543,-0.00020018563737605154,-0.26146320748727203,8.9884028692005554e-05,6.4077418858165413e-06
2.2000260353088379,1790953703.5530331,0.00062417984008789062,0.034609879067047558,0.034801865284766934,-0.034505159311927894,0.010384709049366262,0.35152676464417792,-0.010925761117484504,0.054789999999999998,0.002222,0.191273,-3.1408072554263957,1.3062567720701161,-3.1024623717600806,0.054766935104992046,0.002222681553777544,0.19118612834342189,-0.26126336610289025,-0.038359374959899294,0.96450506058043761,-0.010222645274526931,0.99926398828257434,0.036972682418168597,-0.96521342254248543,-0.00020018563737605154,-0.26146320748727203,8.9884028692005554e-05,6.4077418858165413e-06
2.2049980163574219,1790953703.5580051,0.00059914588928222656,0.034609879067047558,0.034801865284766934,-0.034505159311927894,0.010384709049366262,0.35152676464417792,-0.010925761117484504,0.054789999999999998,0.002222,0.191273,-3.1408072554263957,1.3062567720701161,-3.1024623717600806,0.054766935104992046,0.002222681553777544,0.19118612834342189,-0.26126336610289025,-0.038359374959899294,0.96450506058043761,-0.010222645274526931,0.99926398828257434,0.036972682418168597,-0.96521342254248543,-0.00020018563737605154,-0.26146320748727203,8.9884028692005554e-05,6.4077418858165413e-06
2.2100238800048828,1790953703.563031,0.00060200691223144531,0.034609879067047558,0.034801865284766934,-0.034505159311927894,0.010384709049366262,0.35152676464417792,-0.010925761117484504,0.054789999999999998,0.002222,0.191273,-3.1408072554263957,1.3062567720701161,-3.1024623717600806,0.054766935104992046,0.002222681553777544,0.19118612834342189,-0.26126336610289025,-0.038359374959899294,0.96450506058043761,-0.010222645274526931,0.99926398828257434,0.036972682418168597,-0.96521342254248543,-0.00020018563737605154,-0.26146320748727203,8.9884028692005554e-05,6.4077418858165413e-06
2.2149999141693115,1790953703.568007,0.00060009956359863281,0.034609879067047558,0.034801865284766934,-0.034505159311927894,0.010384709049366262,0.35152676464417792,-0.010925761117484504,0.054789999999999998,0.002222,0.191273,-3.1408072554263957,1.3062567720701161,-3.1024623717600806,0.054766935104992046,0.002222681553777544,0.19118612834342189,-0.26126336610289025,-0.038359374959899294,0.96450506058043761,-0.010222645274526931,0.99926398828257434,0.036972682418168597,-0.96521342254248543,-0.00020018563737605154,-0.26146320748727203,8.9884028692005554e-05,6.4077418858165413e-06
2.2200238704681396,1790953703.5730309,0.00061893463134765625,0.034609879067047558,0.034801865284766934,-0.034505159311927894,0.010384709049366262,0.35152676464417792,-0.010925761117484504,0.054789999999999998,0.002222,0.191273,-3.1408072554263957,1.3062567720701161,-3.1024623717600806,0.054766935104992046,0.002222681553777544,0.19118612834342189,-0.26126336610289025,-0.038359374959899294,0.96450506058043761,-0.010222645274526931,0.99926398828257434,0.036972682418168597,-0.96521342254248543,-0.00020018563737605154,-0.26146320748727203,8.9884028692005554e-05,6.4077418858165413e-06
2.2250239849090576,1790953703.5780311,0.00062298774719238281,0.034609879067047558,0.034801865284766934,-0.034505159311927894,0.010384709049366262,0.35152676464417792,-0.010925761117484504,0.054789999999999998,0.002222,0.191273,-3.1408072554263957,1.3062567720701161,-3.1024623717600806,0.054766935104992046,0.002222681553777544,0.19118612834342189,-0.26126336610289025,-0.038359374959899294,0.96450506058043761,-0.010222645274526931,0.99926398828257434,0.036972682418168597,-0.96521342254248543,-0.00020018563737605154,-0.26146320748727203,8.9884028692005554e-05,6.4077418858165413e-06
2.2300288677215576,1790953703.5830359,0.00060105323791503906,0.034609879067047558,0.034801865284766934,-0.034505159311927894,0.010384709049366262,0.35152676464417792,-0.010925761117484504,0.054789999999999998,0.002222,0.191273,-3.1408072554263957,1.3062567720701161,-3.1024623717600806,0.054766935104992046,0.002222681553777544,0.19118612834342189,-0.26126336610289025,-0.038359374959899294,0.96450506058043761,-0.010222645274526931,0.99926398828257434,0.036972682418168597,-0.96521342254248543,-0.00020018563737605154,-0.26146320748727203,8.9884028692005554e-05,6.4077418858165413e-06
2.2350249290466309,1790953703.588032,0.0006198883056640625,0.034609879067047558,0.034801865284766934,-0.034505159311927894,0.010384709049366262,0.35152676464417792,-0.010925761117484504,0.054789999999999998,0.002222,0.191273,-3.1408072554263957,1.3062567720701161,-3.1024623717600806,0.054766935104992046,0.002222681553777544,0.19118612834342189,-0.26126336610289025,-0.038359374959899294,0.96450506058043761,-0.010222645274526931,0.99926398828257434,0.036972682418168597,-0.96521342254248543,-0.00020018563737605154,-0.26146320748727203,8.9884028692005554e-05,6.4077418858165413e-06
2.2400248050689697,1790953703.5930319,0.000621795654296875,0.034609879067047558,0.034801865284766934,-0.034505159311927894,0.010384709049366262,0.35152676464417792,-0.010925761117484504,0.054789999999999998,0.002222,0.191273,-3.1408072554263957,1.3062567720701161,-3.1024623717600806,0.054766935104992046,0.002222681553777544,0.19118612834342189,-0.26126336610289025,-0.038359374959899294,0.96450506058043761,-0.010222645274526931,0.99926398828257434,0.036972682418168597,-0.96521342254248543,-0.00020018563737605154,-0.26146320748727203,8.9884028692005554e-05,6.4077418858165413e-06
2.2450230121612549,1790953703.5980301,0.00062203407287597656,0.034609879067047558,0.034801865284766934,-0.034505159311927894,0.010384709049366262,0.35152676464417792,-0.010925761117484504,0.054789999999999998,0.002222,0.191273,-3.1408072554263957,1.3062567720701161,-3.1024623717600806,0.054766935104992046,0.002222681553777544,0.19118612834342189,-0.26126336610289025,-0.038359374959899294,0.96450506058043761,-0.010222645274526931,0.99926398828257434,0.036972682418168597,-0.96521342254248543,-0.00020018563737605154,-0.26146320748727203,8.9884028692005554e-05,6.4077418858165413e-06
2.2501118183135986,1790953703.6031189,0.000682830810546875,0.034609879067047558,0.034801865284766934,-0.034505159311927894,0.010384709049366262,0.35152676464417792,-0.010925761117484504,0.054789999999999998,0.002222,0.191273,-3.1408072554263957,1.3062567720701161,-3.1024623717600806,0.054766935104992046,0.002222681553777544,0.19118612834342189,-0.26126336610289025,-0.038359374959899294,0.96450506058043761,-0.010222645274526931,0.99926398828257434,0.036972682418168597,-0.96521342254248543,-0.00020018563737605154,-0.26146320748727203,8.9884028692005554e-05,6.4077418858165413e-06
2.2550239562988281,1790953703.608031,0.00062608718872070312,0.034609879067047558,0.034801865284766934,-0.034505159311927894,0.010384709049366262,0.35152676464417792,-0.010925761117484504,0.054789999999999998,0.002222,0.191273,-3.1408072554263957,1.3062567720701161,-3.1024623717600806,0.054766935104992046,0.002222681553777544,0.19118612834342189,-0.26126336610289025,-0.038359374959899294,0.96450506058043761,-0.010222645274526931,0.99926398828257434,0.036972682418168597,-0.96521342254248543,-0.00020018563737605154,-0.26146320748727203,8.9884028692005554e-05,6.4077418858165413e-06
2.260023832321167,1790953703.6130309,0.0006008148193359375,0.034609879067047558,0.034801865284766934,-0.034505159311927894,0.010384709049366262,0.35152676464417792,-0.010925761117484504,0.054789999999999998,0.002222,0.191273,-3.1408072554263957,1.3062567720701161,-3.1024623717600806,0.054766935104992046,0.002222681553777544,0.19118612834342189,-0.26126336610289025,-0.038359374959899294,0.96450506058043761,-0.010222645274526931,0.99926398828257434,0.036972682418168597,-0.96521342254248543,-0.00020018563737605154,-0.26146320748727203,8.9884028692005554e-05,6.4077418858165413e-06
2.2649998664855957,1790953703.6180069,0.00060296058654785156,0.034609879067047558,0.034801865284766934,-0.034505159311927894,0.010384709049366262,0.35152676464417792,-0.010925761117484504,0.054789999999999998,0.002222,0.191273,-3.1408072554263957,1.3062567720701161,-3.1024623717600806,0.054766935104992046,0.002222681553777544,0.19118612834342189,-0.26126336610289025,-0.038359374959899294,0.96450506058043761,-0.010222645274526931,0.99926398828257434,0.036972682418168597,-0.96521342254248543,-0.00020018563737605154,-0.26146320748727203,8.9884028692005554e-05,6.4077418858165413e-06
2.2700228691101074,1790953703.6230299,0.00060105323791503906,0.034609879067047558,0.034801865284766934,-0.034505159311927894,0.010384709049366262,0.35152676464417792,-0.010925761117484504,0.054789999999999998,0.002222,0.191273,-3.1408072554263957,1.3062567720701161,-3.1024623717600806,0.054766935104992046,0.002222681553777544,0.19118612834342189,-0.26126336610289025,-0.038359374959899294,0.96450506058043761,-0.010222645274526931,0.99926398828257434,0.036972682418168597,-0.96521342254248543,-0.00020018563737605154,-0.26146320748727203,8.9884028692005554e-05,6.4077418858165413e-06
2.2749989032745361,1790953703.628006,0.00057697296142578125,0.034609879067047558,0.034801865284766934,-0.034505159311927894,0.010384709049366262,0.35152676464417792,-0.010925761117484504,0.054789999999999998,0.002222,0.191273,-3.1408072554263957,1.3062567720701161,-3.1024623717600806,0.054766935104992046,0.002222681553777544,0.19118612834342189,-0.26126336610289025,-0.038359374959899294,0.96450506058043761,-0.010222645274526931,0.99926398828257434,0.036972682418168597,-0.96521342254248543,-0.00020018563737605154,-0.26146320748727203,8.9884028692005554e-05,6.4077418858165413e-06
2.2800259590148926,1790953703.633033,0.00059914588928222656,0.034609879067047558,0.034801865284766934,-0.034505159311927894,0.010384709049366262,0.35152676464417792,-0.010925761117484504,0.054789999999999998,0.002222,0.191273,-3.1408072554263957,1.3062567720701161,-3.1024623717600806,0.054766935104992046,0.002222681553777544,0.19118612834342189,-0.26126336610289025,-0.038359374959899294,0.96450506058043761,-0.010222645274526931,0.99926398828257434,0.036972682418168597,-0.96521342254248543,-0.00020018563737605154,-0.26146320748727203,8.9884028692005554e-05,6.4077418858165413e-06
2.2850010395050049,1790953703.6380081,0.0005741119384765625,0.034609879067047558,0.034801865284766934,-0.034505159311927894,0.010384709049366262,0.35152676464417792,-0.010925761117484504,0.054789999999999998,0.002222,0.191273,-3.1408072554263957,1.3062567720701161,-3.1024623717600806,0.054766935104992046,0.002222681553777544,0.19118612834342189,-0.26126336610289025,-0.038359374959899294,0.96450506058043761,-0.010222645274526931,0.99926398828257434,0.036972682418168597,-0.96521342254248543,-0.00020018563737605154,-0.26146320748727203,8.9884028692005554e-05,6.4077418858165413e-06
2.2900259494781494,1790953703.643033,0.00060009956359863281,0.034609879067047558,0.034801865284766934,-0.034505159311927894,0.010384709049366262,0.35152676464417792,-0.010925761117484504,0.054789999999999998,0.002222,0.191273,-3.1408072554263957,1.3062567720701161,-3.1024623717600806,0.054766935104992046,0.002222681553777544,0.19118612834342189,-0.26126336610289025,-0.038359374959899294,0.96450506058043761,-0.010222645274526931,0.99926398828257434,0.036972682418168597,-0.96521342254248543,-0.00020018563737605154,-0.26146320748727203,8.9884028692005554e-05,6.4077418858165413e-06
2.2950010299682617,1790953703.6480081,0.00060105323791503906,0.034609879067047558,0.034801865284766934,-0.034505159311927894,0.010384709049366262,0.35152676464417792,-0.010925761117484504,0.054789999999999998,0.002222,0.191273,-3.1408072554263957,1.3062567720701161,-3.1024623717600806,0.054766935104992046,0.002222681553777544,0.19118612834342189,-0.26126336610289025,-0.038359374959899294,0.96450506058043761,-0.010222645274526931,0.99926398828257434,0.036972682418168597,-0.96521342254248543,-0.00020018563737605154,-0.26146320748727203,8.9884028692005554e-05,6.4077418858165413e-06
2.3000259399414062,1790953703.653033,0.00060200691223144531,0.034609879067047558,0.034801865284766934,-0.034505159311927894,0.010384709049366262,0.35152676464417792,-0.010925761117484504,0.054789999999999998,0.002222,0.191273,-3.1408072554263957,1.3062567720701161,-3.1024623717600806,0.054766935104992046,0.002222681553777544,0.19118612834342189,-0.26126336610289025,-0.038359374959899294,0.96450506058043761,-0.010222645274526931,0.99926398828257434,0.036972682418168597,-0.96521342254248543,-0.00020018563737605154,-0.26146320748727203,8.9884028692005554e-05,6.4077418858165413e-06
2.3049979209899902,1790953703.658005,0.00060009956359863281,0.034609879067047558,0.034801865284766934,-0.034505159311927894,0.010384709049366262,0.35152676464417792,-0.010925761117484504,0.054789999999999998,0.002222,0.191273,-3.1408072554263957,1.3062567720701161,-3.1024623717600806,0.054766935104992046,0.002222681553777544,0.19118612834342189,-0.26126336610289025,-0.038359374959899294,0.96450506058043761,-0.010222645274526931,0.99926398828257434,0.036972682418168597,-0.96521342254248543,-0.00020018563737605154,-0.26146320748727203,8.9884028692005554e-05,6.4077418858165413e-06
2.3100259304046631,1790953703.663033,0.00060296058654785156,0.034609879067047558,0.034801865284766934,-0.034505159311927894,0.010384709049366262,0.35152676464417792,-0.010925761117484504,0.054789999999999998,0.002222,0.191273,-3.1408072554263957,1.3062567720701161,-3.1024623717600806,0.054766935104992046,0.002222681553777544,0.19118612834342189,-0.26126336610289025,-0.038359374959899294,0.96450506058043761,-0.010222645274526931,0.99926398828257434,0.036972682418168597,-0.96521342254248543,-0.00020018563737605154,-0.26146320748727203,8.9884028692005554e-05,6.4077418858165413e-06
2.3150269985198975,1790953703.6680341,0.00061297416687011719,0.034609879067047558,0.034801865284766934,-0.034505159311927894,0.010384709049366262,0.35152676464417792,-0.010925761117484504,0.054789999999999998,0.002222,0.191273,-3.1408072554263957,1.3062567720701161,-3.1024623717600806,0.054766935104992046,0.002222681553777544,0.19118612834342189,-0.26126336610289025,-0.038359374959899294,0.96450506058043761,-0.010222645274526931,0.99926398828257434,0.036972682418168597,-0.96521342254248543,-0.00020018563737605154,-0.26146320748727203,8.9884028692005554e-05,6.4077418858165413e-06
2.3200259208679199,1790953703.673033,0.00060009956359863281,0.034609879067047558,0.034801865284766934,-0.034505159311927894,0.010384709049366262,0.35152676464417792,-0.010925761117484504,0.054789999999999998,0.002222,0.191273,-3.1408072554263957,1.3062567720701161,-3.1024623717600806,0.054766935104992046,0.002222681553777544,0.19118612834342189,-0.26126336610289025,-0.038359374959899294,0.96450506058043761,-0.010222645274526931,0.99926398828257434,0.036972682418168597,-0.96521342254248543,-0.00020018563737605154,-0.26146320748727203,8.9884028692005554e-05,6.4077418858165413e-06
2.3250019550323486,1790953703.678009,0.00060009956359863281,0.034609879067047558,0.034801865284766934,-0.034505159311927894,0.010384709049366262,0.35152676464417792,-0.010925761117484504,0.054789999999999998,0.002222,0.191273,-3.1408072554263957,1.3062567720701161,-3.1024623717600806,0.054766935104992046,0.002222681553777544,0.19118612834342189,-0.26126336610289025,-0.038359374959899294,0.96450506058043761,-0.010222645274526931,0.99926398828257434,0.036972682418168597,-0.96521342254248543,-0.00020018563737605154,-0.26146320748727203,8.9884028692005554e-05,6.4077418858165413e-06
2.3300278186798096,1790953703.6830349,0.00059986114501953125,0.034609879067047558,0.034801865284766934,-0.034505159311927894,0.010384709049366262,0.35152676464417792,-0.010925761117484504,0.054789999999999998,0.002222,0.191273,-3.1408072554263957,1.3062567720701161,-3.1024623717600806,0.054766935104992046,0.002222681553777544,0.19118612834342189,-0.26126336610289025,-0.038359374959899294,0.96450506058043761,-0.010222645274526931,0.99926398828257434,0.036972682418168597,-0.96521342254248543,-0.00020018563737605154,-0.26146320748727203,8.9884028692005554e-05,6.4077418858165413e-06
2.3350000381469727,1790953703.6880071,0.00059604644775390625,0.034609879067047558,0.034801865284766934,-0.034505159311927894,0.010384709049366262,0.35152676464417792,-0.010925761117484504,0.054789999999999998,0.002222,0.191273,-3.1408072554263957,1.3062567720701161,-3.1024623717600806,0.054766935104992046,0.002222681553777544,0.19118612834342189,-0.26126336610289025,-0.038359374959899294,0.96450506058043761,-0.010222645274526931,0.99926398828257434,0.036972682418168597,-0.96521342254248543,-0.00020018563737605154,-0.26146320748727203,8.9884028692005554e-05,6.4077418858165413e-06
2.3400230407714844,1790953703.6930301,0.00060009956359863281,0.034609879067047558,0.034801865284766934,-0.034505159311927894,0.010384709049366262,0.35152676464417792,-0.010925761117484504,0.054789999999999998,0.002222,0.191273,-3.1408072554263957,1.3062567720701161,-3.1024623717600806,0.054766935104992046,0.002222681553777544,0.19118612834342189,-0.26126336610289025,-0.038359374959899294,0.96450506058043761,-0.010222645274526931,0.99926398828257434,0.036972682418168597,-0.96521342254248543,-0.00020018563737605154,-0.26146320748727203,8.9884028692005554e-05,6.4077418858165413e-06
2.3449978828430176,1790953703.698005,0.00059795379638671875,0.034609879067047558,0.034801865284766934,-0.034505159311927894,0.010384709049366262,0.35152676464417792,-0.010925761117484504,0.054789999999999998,0.002222,0.191273,-3.1408072554263957,1.3062567720701161,-3.1024623717600806,0.054766935104992046,0.002222681553777544,0.19118612834342189,-0.26126336610289025,-0.038359374959899294,0.96450506058043761,-0.010222645274526931,0.99926398828257434,0.036972682418168597,-0.96521342254248543,-0.00020018563737605154,-0.26146320748727203,8.9884028692005554e-05,6.4077418858165413e-06
2.3500239849090576,1790953703.7030311,0.00059103965759277344,0.034609879067047558,0.034801865284766934,-0.034505159311927894,0.010384709049366262,0.35152676464417792,-0.010925761117484504,0.054789999999999998,0.002222,0.191273,-3.1408072554263957,1.3062567720701161,-3.1024623717600806,0.054766935104992046,0.002222681553777544,0.19118612834342189,-0.26126336610289025,-0.038359374959899294,0.96450506058043761,-0.010222645274526931,0.99926398828257434,0.036972682418168597,-0.96521342254248543,-0.00020018563737605154,-0.26146320748727203,8.9884028692005554e-05,6.4077418858165413e-06
2.3549978733062744,1790953703.708005,0.000598907470703125,0.034609879067047558,0.034801865284766934,-0.034505159311927894,0.010384709049366262,0.35152676464417792,-0.010925761117484504,0.054789999999999998,0.002222,0.191273,-3.1408072554263957,1.3062567720701161,-3.1024623717600806,0.054766935104992046,0.002222681553777544,0.19118612834342189,-0.26126336610289025,-0.038359374959899294,0.96450506058043761,-0.010222645274526931,0.99926398828257434,0.036972682418168597,-0.96521342254248543,-0.00020018563737605154,-0.26146320748727203,8.9884028692005554e-05,6.4077418858165413e-06
2.360023021697998,1790953703.7130301,0.00059604644775390625,0.034609879067047558,0.034801865284766934,-0.034505159311927894,0.010384709049366262,0.35152676464417792,-0.010925761117484504,0.054789999999999998,0.002222,0.191273,-3.1408072554263957,1.3062567720701161,-3.1024623717600806,0.054766935104992046,0.002222681553777544,0.19118612834342189,-0.26126336610289025,-0.038359374959899294,0.96450506058043761,-0.010222645274526931,0.99926398828257434,0.036972682418168597,-0.96521342254248543,-0.00020018563737605154,-0.26146320748727203,8.9884028692005554e-05,6.4077418858165413e-06
2.3650238513946533,1790953703.7180309,0.00062489509582519531,0.034609879067047558,0.034801865284766934,-0.034505159311927894,0.010384709049366262,0.35152676464417792,-0.010925761117484504,0.054789999999999998,0.002222,0.191273,-3.1408072554263957,1.3062567720701161,-3.1024623717600806,0.054766935104992046,0.002222681553777544,0.19118612834342189,-0.26126336610289025,-0.038359374959899294,0.96450506058043761,-0.010222645274526931,0.99926398828257434,0.036972682418168597,-0.96521342254248543,-0.00020018563737605154,-0.26146320748727203,8.9884028692005554e-05,6.4077418858165413e-06
2.370028018951416,1790953703.7230351,0.00060606002807617188,0.034609879067047558,0.034801865284766934,-0.034505159311927894,0.010384709049366262,0.35152676464417792,-0.010925761117484504,0.054789999999999998,0.002222,0.191273,-3.1408072554263957,1.3062567720701161,-3.1024623717600806,0.054766935104992046,0.002222681553777544,0.19118612834342189,-0.26126336610289025,-0.038359374959899294,0.96450506058043761,-0.010222645274526931,0.99926398828257434,0.036972682418168597,-0.96521342254248543,-0.00020018563737605154,-0.26146320748727203,8.9884028692005554e-05,6.4077418858165413e-06
2.3749988079071045,1790953703.7280059,0.00057482719421386719,0.034609879067047558,0.034801865284766934,-0.034505159311927894,0.010384709049366262,0.35152676464417792,-0.010925761117484504,0.054789999999999998,0.002222,0.191273,-3.1408072554263957,1.3062567720701161,-3.1024623717600806,0.054766935104992046,0.002222681553777544,0.19118612834342189,-0.26126336610289025,-0.038359374959899294,0.96450506058043761,-0.010222645274526931,0.99926398828257434,0.036972682418168597,-0.96521342254248543,-0.00020018563737605154,-0.26146320748727203,8.9884028692005554e-05,6.4077418858165413e-06
2.3800258636474609,1790953703.7330329,0.00060105323791503906,0.034609879067047558,0.034801865284766934,-0.034505159311927894,0.010384709049366262,0.35152676464417792,-0.010925761117484504,0.054789999999999998,0.002222,0.191273,-3.1408072554263957,1.3062567720701161,-3.1024623717600806,0.054766935104992046,0.002222681553777544,0.19118612834342189,-0.26126336610289025,-0.038359374959899294,0.96450506058043761,-0.010222645274526931,0.99926398828257434,0.036972682418168597,-0.96521342254248543,-0.00020018563737605154,-0.26146320748727203,8.9884028692005554e-05,6.4077418858165413e-06
2.3849999904632568,1790953703.7380071,0.00060105323791503906,0.034609879067047558,0.034801865284766934,-0.034505159311927894,0.010384709049366262,0.35152676464417792,-0.010925761117484504,0.054789999999999998,0.002222,0.191273,-3.1408072554263957,1.3062567720701161,-3.1024623717600806,0.054766935104992046,0.002222681553777544,0.19118612834342189,-0.26126336610289025,-0.038359374959899294,0.96450506058043761,-0.010222645274526931,0.99926398828257434,0.036972682418168597,-0.96521342254248543,-0.00020018563737605154,-0.26146320748727203,8.9884028692005554e-05,6.4077418858165413e-06
2.3900258541107178,1790953703.7430329,0.00060296058654785156,0.034609879067047558,0.034801865284766934,-0.034505159311927894,0.010384709049366262,0.35152676464417792,-0.010925761117484504,0.054789999999999998,0.002222,0.191273,-3.1408072554263957,1.3062567720701161,-3.1024623717600806,0.054766935104992046,0.002222681553777544,0.19118612834342189,-0.26126336610289025,-0.038359374959899294,0.96450506058043761,-0.010222645274526931,0.99926398828257434,0.036972682418168597,-0.96521342254248543,-0.00020018563737605154,-0.26146320748727203,8.9884028692005554e-05,6.4077418858165413e-06
2.3950028419494629,1790953703.7480099,0.00060200691223144531,0.034609879067047558,0.034801865284766934,-0.034505159311927894,0.010384709049366262,0.35152676464417792,-0.010925761117484504,0.054789999999999998,0.002222,0.191273,-3.1408072554263957,1.3062567720701161,-3.1024623717600806,0.054766935104992046,0.002222681553777544,0.19118612834342189,-0.26126336610289025,-0.038359374959899294,0.96450506058043761,-0.010222645274526931,0.99926398828257434,0.036972682418168597,-0.96521342254248543,-0.00020018563737605154,-0.26146320748727203,8.9884028692005554e-05,6.4077418858165413e-06
2.4000258445739746,1790953703.7530329,0.00059986114501953125,0.034609879067047558,0.034801865284766934,-0.034505159311927894,0.010384709049366262,0.35152676464417792,-0.010925761117484504,0.054789999999999998,0.002222,0.191273,-3.1408072554263957,1.3062567720701161,-3.1024623717600806,0.054766935104992046,0.002222681553777544,0.19118612834342189,-0.26126336610289025,-0.038359374959899294,0.96450506058043761,-0.010222645274526931,0.99926398828257434,0.036972682418168597,-0.96521342254248543,-0.00020018563737605154,-0.26146320748727203,8.9884028692005554e-05,6.4077418858165413e-06
2.4050018787384033,1790953703.758009,0.00060200691223144531,0.034609879067047558,0.034801865284766934,-0.034505159311927894,0.010384709049366262,0.35152676464417792,-0.010925761117484504,0.054789999999999998,0.002222,0.191273,-3.1408072554263957,1.3062567720701161,-3.1024623717600806,0.054766935104992046,0.002222681553777544,0.19118612834342189,-0.26126336610289025,-0.038359374959899294,0.96450506058043761,-0.010222645274526931,0.99926398828257434,0.036972682418168597,-0.96521342254248543,-0.00020018563737605154,-0.26146320748727203,8.9884028692005554e-05,6.4077418858165413e-06
2.410027027130127,1790953703.7630341,0.00060319900512695312,0.034609879067047558,0.034801865284766934,-0.034505159311927894,0.010384709049366262,0.35152676464417792,-0.010925761117484504,0.054789999999999998,0.002222,0.191273,-3.1408072554263957,1.3062567720701161,-3.1024623717600806,0.054766935104992046,0.002222681553777544,0.19118612834342189,-0.26126336610289025,-0.038359374959899294,0.96450506058043761,-0.010222645274526931,0.99926398828257434,0.036972682418168597,-0.96521342254248543,-0.00020018563737605154,-0.26146320748727203,8.9884028692005554e-05,6.4077418858165413e-06
2.4149999618530273,1790953703.768007,0.00059413909912109375,0.034609879067047558,0.034801865284766934,-0.034505159311927894,0.010384709049366262,0.35152676464417792,-0.010925761117484504,0.054789999999999998,0.002222,0.191273,-3.1408072554263957,1.3062567720701161,-3.1024623717600806,0.054766935104992046,0.002222681553777544,0.19118612834342189,-0.26126336610289025,-0.038359374959899294,0.96450506058043761,-0.010222645274526931,0.99926398828257434,0.036972682418168597,-0.96521342254248543,-0.00020018563737605154,-0.26146320748727203,8.9884028692005554e-05,6.4077418858165413e-06
2.4199979305267334,1790953703.773005,0.00057196617126464844,0.034609879067047558,0.034801865284766934,-0.034505159311927894,0.010384709049366262,0.35152676464417792,-0.010925761117484504,0.054789999999999998,0.002222,0.191273,-3.1408072554263957,1.3062567720701161,-3.1024623717600806,0.054766935104992046,0.002222681553777544,0.19118612834342189,-0.26126336610289025,-0.038359374959899294,0.96450506058043761,-0.010222645274526931,0.99926398828257434,0.036972682418168597,-0.96521342254248543,-0.00020018563737605154,-0.26146320748727203,8.9884028692005554e-05,6.4077418858165413e-06
2.4250249862670898,1790953703.7780321,0.00062799453735351562,0.034609879067047558,0.034801865284766934,-0.034505159311927894,0.010384709049366262,0.35152676464417792,-0.010925761117484504,0.054789999999999998,0.002222,0.191273,-3.1408072554263957,1.3062567720701161,-3.1024623717600806,0.054766935104992046,0.002222681553777544,0.19118612834342189,-0.26126336610289025,-0.038359374959899294,0.96450506058043761,-0.010222645274526931,0.99926398828257434,0.036972682418168597,-0.96521342254248543,-0.00020018563737605154,-0.26146320748727203,8.9884028692005554e-05,6.4077418858165413e-06
2.4300248622894287,1790953703.7830319,0.00059986114501953125,0.034609879067047558,0.034801865284766934,-0.034505159311927894,0.010384709049366262,0.35152676464417792,-0.010925761117484504,0.054789999999999998,0.002222,0.191273,-3.1408072554263957,1.3062567720701161,-3.1024623717600806,0.054766935104992046,0.002222681553777544,0.19118612834342189,-0.26126336610289025,-0.038359374959899294,0.96450506058043761,-0.010222645274526931,0.99926398828257434,0.036972682418168597,-0.96521342254248543,-0.00020018563737605154,-0.26146320748727203,8.9884028692005554e-05,6.4077418858165413e-06
2.4349989891052246,1790953703.7880061,0.0005970001220703125,0.034609879067047558,0.034801865284766934,-0.034505159311927894,0.010384709049366262,0.35152676464417792,-0.010925761117484504,0.054789999999999998,0.002222,0.191273,-3.1408072554263957,1.3062567720701161,-3.1024623717600806,0.054766935104992046,0.002222681553777544,0.19118612834342189,-0.26126336610289025,-0.038359374959899294,0.96450506058043761,-0.010222645274526931,0.99926398828257434,0.036972682418168597,-0.96521342254248543,-0.00020018563737605154,-0.26146320748727203,8.9884028692005554e-05,6.4077418858165413e-06
2.440025806427002,1790953703.7930329,0.00060176849365234375,0.034609879067047558,0.034801865284766934,-0.034505159311927894,0.010384709049366262,0.35152676464417792,-0.010925761117484504,0.054789999999999998,0.002222,0.191273,-3.1408072554263957,1.3062567720701161,-3.1024623717600806,0.054766935104992046,0.002222681553777544,0.19118612834342189,-0.26126336610289025,-0.038359374959899294,0.96450506058043761,-0.010222645274526931,0.99926398828257434,0.036972682418168597,-0.96521342254248543,-0.00020018563737605154,-0.26146320748727203,8.9884028692005554e-05,6.4077418858165413e-06
2.4450240135192871,1790953703.7980311,0.00061798095703125,0.034609879067047558,0.034801865284766934,-0.034505159311927894,0.010384709049366262,0.35152676464417792,-0.010925761117484504,0.054789999999999998,0.002222,0.191273,-3.1408072554263957,1.3062567720701161,-3.1024623717600806,0.054766935104992046,0.002222681553777544,0.19118612834342189,-0.26126336610289025,-0.038359374959899294,0.96450506058043761,-0.010222645274526931,0.99926398828257434,0.036972682418168597,-0.96521342254248543,-0.00020018563737605154,-0.26146320748727203,8.9884028692005554e-05,6.4077418858165413e-06
2.450023889541626,1790953703.803031,0.00059795379638671875,0.034609879067047558,0.034801865284766934,-0.034505159311927894,0.010384709049366262,0.35152676464417792,-0.010925761117484504,0.054789999999999998,0.002222,0.191273,-3.1408072554263957,1.3062567720701161,-3.1024623717600806,0.054766935104992046,0.002222681553777544,0.19118612834342189,-0.26126336610289025,-0.038359374959899294,0.96450506058043761,-0.010222645274526931,0.99926398828257434,0.036972682418168597,-0.96521342254248543,-0.00020018563737605154,-0.26146320748727203,8.9884028692005554e-05,6.4077418858165413e-06
2.4549980163574219,1790953703.8080051,0.00060009956359863281,0.034609879067047558,0.034801865284766934,-0.034505159311927894,0.010384709049366262,0.35152676464417792,-0.010925761117484504,0.054789999999999998,0.002222,0.191273,-3.1408072554263957,1.3062567720701161,-3.1024623717600806,0.054766935104992046,0.002222681553777544,0.19118612834342189,-0.26126336610289025,-0.038359374959899294,0.96450506058043761,-0.010222645274526931,0.99926398828257434,0.036972682418168597,-0.96521342254248543,-0.00020018563737605154,-0.26146320748727203,8.9884028692005554e-05,6.4077418858165413e-06
2.4600260257720947,1790953703.8130331,0.00060319900512695312,0.034609879067047558,0.034801865284766934,-0.034505159311927894,0.010384709049366262,0.35152676464417792,-0.010925761117484504,0.054789999999999998,0.002222,0.191273,-3.1408072554263957,1.3062567720701161,-3.1024623717600806,0.054766935104992046,0.002222681553777544,0.19118612834342189,-0.26126336610289025,-0.038359374959899294,0.96450506058043761,-0.010222645274526931,0.99926398828257434,0.036972682418168597,-0.96521342254248543,-0.00020018563737605154,-0.26146320748727203,8.9884028692005554e-05,6.4077418858165413e-06
2.4650249481201172,1790953703.818032,0.00062704086303710938,0.034609879067047558,0.034801865284766934,-0.034505159311927894,0.010384709049366262,0.35152676464417792,-0.010925761117484504,0.054789999999999998,0.002222,0.191273,-3.1408072554263957,1.3062567720701161,-3.1024623717600806,0.054766935104992046,0.002222681553777544,0.19118612834342189,-0.26126336610289025,-0.038359374959899294,0.96450506058043761,-0.010222645274526931,0.99926398828257434,0.036972682418168597,-0.96521342254248543,-0.00020018563737605154,-0.26146320748727203,8.9884028692005554e-05,6.4077418858165413e-06
2.4700210094451904,1790953703.8230281,0.00059914588928222656,0.034609879067047558,0.034801865284766934,-0.034505159311927894,0.010384709049366262,0.35152676464417792,-0.010925761117484504,0.054789999999999998,0.002222,0.191273,-3.1408072554263957,1.3062567720701161,-3.1024623717600806,0.054766935104992046,0.002222681553777544,0.19118612834342189,-0.26126336610289025,-0.038359374959899294,0.96450506058043761,-0.010222645274526931,0.99926398828257434,0.036972682418168597,-0.96521342254248543,-0.00020018563737605154,-0.26146320748727203,8.9884028692005554e-05,6.4077418858165413e-06
2.4749999046325684,1790953703.828007,0.00060105323791503906,0.034609879067047558,0.034801865284766934,-0.034505159311927894,0.010384709049366262,0.35152676464417792,-0.010925761117484504,0.054789999999999998,0.002222,0.191273,-3.1408072554263957,1.3062567720701161,-3.1024623717600806,0.054766935104992046,0.002222681553777544,0.19118612834342189,-0.26126336610289025,-0.038359374959899294,0.96450506058043761,-0.010222645274526931,0.99926398828257434,0.036972682418168597,-0.96521342254248543,-0.00020018563737605154,-0.26146320748727203,8.9884028692005554e-05,6.4077418858165413e-06
2.4800269603729248,1790953703.833034,0.00060200691223144531,0.034609879067047558,0.034801865284766934,-0.034505159311927894,0.010384709049366262,0.35152676464417792,-0.010925761117484504,0.054789999999999998,0.002222,0.191273,-3.1408072554263957,1.3062567720701161,-3.1024623717600806,0.054766935104992046,0.002222681553777544,0.19118612834342189,-0.26126336610289025,-0.038359374959899294,0.96450506058043761,-0.010222645274526931,0.99926398828257434,0.036972682418168597,-0.96521342254248543,-0.00020018563737605154,-0.26146320748727203,8.9884028692005554e-05,6.4077418858165413e-06
2.4849998950958252,1790953703.838007,0.00060105323791503906,0.034609879067047558,0.034801865284766934,-0.034505159311927894,0.010384709049366262,0.35152676464417792,-0.010925761117484504,0.054789999999999998,0.002222,0.191273,-3.1408072554263957,1.3062567720701161,-3.1024623717600806,0.054766935104992046,0.002222681553777544,0.19118612834342189,-0.26126336610289025,-0.038359374959899294,0.96450506058043761,-0.010222645274526931,0.99926398828257434,0.036972682418168597,-0.96521342254248543,-0.00020018563737605154,-0.26146320748727203,8.9884028692005554e-05,6.4077418858165413e-06
2.4900259971618652,1790953703.8430331,0.00060200691223144531,0.034609879067047558,0.034801865284766934,-0.034505159311927894,0.010384709049366262,0.35152676464417792,-0.010925761117484504,0.054789999999999998,0.002222,0.191273,-3.1408072554263957,1.3062567720701161,-3.1024623717600806,0.054766935104992046,0.002222681553777544,0.19118612834342189,-0.26126336610289025,-0.038359374959899294,0.96450506058043761,-0.010222645274526931,0.99926398828257434,0.036972682418168597,-0.96521342254248543,-0.00020018563737605154,-0.26146320748727203,8.9884028692005554e-05,6.4077418858165413e-06
2.4950029850006104,1790953703.8480101,0.00060200691223144531,0.034609879067047558,0.034801865284766934,-0.034505159311927894,0.010384709049366262,0.35152676464417792,-0.010925761117484504,0.054789999999999998,0.002222,0.191273,-3.1408072554263957,1.3062567720701161,-3.1024623717600806,0.054766935104992046,0.002222681553777544,0.19118612834342189,-0.26126336610289025,-0.038359374959899294,0.96450506058043761,-0.010222645274526931,0.99926398828257434,0.036972682418168597,-0.96521342254248543,-0.00020018563737605154,-0.26146320748727203,8.9884028692005554e-05,6.4077418858165413e-06
2.5000219345092773,1790953703.853029,0.0005970001220703125,0.034609879067047558,0.034801865284766934,-0.034505159311927894,0.010384709049366262,0.35152676464417792,-0.010925761117484504,0.054789999999999998,0.002222,0.191273,-3.1408072554263957,1.3062567720701161,-3.1024623717600806,0.054766935104992046,0.002222681553777544,0.19118612834342189,-0.26126336610289025,-0.038359374959899294,0.96450506058043761,-0.010222645274526931,0.99926398828257434,0.036972682418168597,-0.96521342254248543,-0.00020018563737605154,-0.26146320748727203,8.9884028692005554e-05,6.4077418858165413e-06
2.5050258636474609,1790953703.8580329,0.00062704086303710938,0.034609879067047558,0.034801865284766934,-0.034505159311927894,0.010384709049366262,0.35152676464417792,-0.010925761117484504,0.054789999999999998,0.002222,0.191273,-3.1408072554263957,1.3062567720701161,-3.1024623717600806,0.054766935104992046,0.002222681553777544,0.19118612834342189,-0.26126336610289025,-0.038359374959899294,0.96450506058043761,-0.010222645274526931,0.99926398828257434,0.036972682418168597,-0.96521342254248543,-0.00020018563737605154,-0.26146320748727203,8.9884028692005554e-05,6.4077418858165413e-06
2.5100228786468506,1790953703.86303,0.0005970001220703125,0.034609879067047558,0.034801865284766934,-0.034505159311927894,0.010384709049366262,0.35152676464417792,-0.010925761117484504,0.054789999999999998,0.002222,0.191273,-3.1408072554263957,1.3062567720701161,-3.1024623717600806,0.054766935104992046,0.002222681553777544,0.19118612834342189,-0.26126336610289025,-0.038359374959899294,0.96450506058043761,-0.010222645274526931,0.99926398828257434,0.036972682418168597,-0.96521342254248543,-0.00020018563737605154,-0.26146320748727203,8.9884028692005554e-05,6.4077418858165413e-06
2.5149979591369629,1790953703.868005,0.00059795379638671875,0.034609879067047558,0.034801865284766934,-0.034505159311927894,0.010384709049366262,0.35152676464417792,-0.010925761117484504,0.054789999999999998,0.002222,0.191273,-3.1408072554263957,1.3062567720701161,-3.1024623717600806,0.054766935104992046,0.002222681553777544,0.19118612834342189,-0.26126336610289025,-0.038359374959899294,0.96450506058043761,-0.010222645274526931,0.99926398828257434,0.036972682418168597,-0.96521342254248543,-0.00020018563737605154,-0.26146320748727203,8.9884028692005554e-05,6.4077418858165413e-06
2.5200228691101074,1790953703.8730299,0.00059986114501953125,0.034609879067047558,0.034801865284766934,-0.034505159311927894,0.010384709049366262,0.35152676464417792,-0.010925761117484504,0.054789999999999998,0.002222,0.191273,-3.1408072554263957,1.3062567720701161,-3.1024623717600806,0.054766935104992046,0.002222681553777544,0.19118612834342189,-0.26126336610289025,-0.038359374959899294,0.96450506058043761,-0.010222645274526931,0.99926398828257434,0.036972682418168597,-0.96521342254248543,-0.00020018563737605154,-0.26146320748727203,8.9884028692005554e-05,6.4077418858165413e-06
2.5249979496002197,1790953703.878005,0.00057291984558105469,0.034609879067047558,0.034801865284766934,-0.034505159311927894,0.010384709049366262,0.35152676464417792,-0.010925761117484504,0.054789999999999998,0.002222,0.191273,-3.1408072554263957,1.3062567720701161,-3.1024623717600806,0.054766935104992046,0.002222681553777544,0.19118612834342189,-0.26126336610289025,-0.038359374959899294,0.96450506058043761,-0.010222645274526931,0.99926398828257434,0.036972682418168597,-0.96521342254248543,-0.00020018563737605154,-0.26146320748727203,8.9884028692005554e-05,6.4077418858165413e-06
2.5300250053405762,1790953703.8830321,0.00059819221496582031,0.034609879067047558,0.034801865284766934,-0.034505159311927894,0.010384709049366262,0.35152676464417792,-0.010925761117484504,0.054789999999999998,0.002222,0.191273,-3.1408072554263957,1.3062567720701161,-3.1024623717600806,0.054766935104992046,0.002222681553777544,0.19118612834342189,-0.26126336610289025,-0.038359374959899294,0.96450506058043761,-0.010222645274526931,0.99926398828257434,0.036972682418168597,-0.96521342254248543,-0.00020018563737605154,-0.26146320748727203,8.9884028692005554e-05,6.4077418858165413e-06
2.5349998474121094,1790953703.8880069,0.00057482719421386719,0.034609879067047558,0.034801865284766934,-0.034505159311927894,0.010384709049366262,0.35152676464417792,-0.010925761117484504,0.054789999999999998,0.002222,0.191273,-3.1408072554263957,1.3062567720701161,-3.1024623717600806,0.054766935104992046,0.002222681553777544,0.19118612834342189,-0.26126336610289025,-0.038359374959899294,0.96450506058043761,-0.010222645274526931,0.99926398828257434,0.036972682418168597,-0.96521342254248543,-0.00020018563737605154,-0.26146320748727203,8.9884028692005554e-05,6.4077418858165413e-06
2.540024995803833,1790953703.8930321,0.00060200691223144531,0.034609879067047558,0.034801865284766934,-0.034505159311927894,0.010384709049366262,0.35152676464417792,-0.010925761117484504,0.054789999999999998,0.002222,0.191273,-3.1408072554263957,1.3062567720701161,-3.1024623717600806,0.054766935104992046,0.002222681553777544,0.19118612834342189,-0.26126336610289025,-0.038359374959899294,0.96450506058043761,-0.010222645274526931,0.99926398828257434,0.036972682418168597,-0.96521342254248543,-0.00020018563737605154,-0.26146320748727203,8.9884028692005554e-05,6.4077418858165413e-06
2.5450010299682617,1790953703.8980081,0.00060200691223144531,0.034609879067047558,0.034801865284766934,-0.034505159311927894,0.010384709049366262,0.35152676464417792,-0.010925761117484504,0.054789999999999998,0.002222,0.191273,-3.1408072554263957,1.3062567720701161,-3.1024623717600806,0.054766935104992046,0.002222681553777544,0.19118612834342189,-0.26126336610289025,-0.038359374959899294,0.96450506058043761,-0.010222645274526931,0.99926398828257434,0.036972682418168597,-0.96521342254248543,-0.00020018563737605154,-0.26146320748727203,8.9884028692005554e-05,6.4077418858165413e-06
2.5500240325927734,1790953703.9030311,0.00059413909912109375,0.034609879067047558,0.034801865284766934,-0.034505159311927894,0.010384709049366262,0.35152676464417792,-0.010925761117484504,0.054789999999999998,0.002222,0.191273,-3.1408072554263957,1.3062567720701161,-3.1024623717600806,0.054766935104992046,0.002222681553777544,0.19118612834342189,-0.26126336610289025,-0.038359374959899294,0.96450506058043761,-0.010222645274526931,0.99926398828257434,0.036972682418168597,-0.96521342254248543,-0.00020018563737605154,-0.26146320748727203,8.9884028692005554e-05,6.4077418858165413e-06
2.555001974105835,1790953703.9080091,0.00057697296142578125,0.034609879067047558,0.034801865284766934,-0.034505159311927894,0.010384709049366262,0.35152676464417792,-0.010925761117484504,0.054789999999999998,0.002222,0.191273,-3.1408072554263957,1.3062567720701161,-3.1024623717600806,0.054766935104992046,0.002222681553777544,0.19118612834342189,-0.26126336610289025,-0.038359374959899294,0.96450506058043761,-0.010222645274526931,0.99926398828257434,0.036972682418168597,-0.96521342254248543,-0.00020018563737605154,-0.26146320748727203,8.9884028692005554e-05,6.4077418858165413e-06
2.5600249767303467,1790953703.9130321,0.00060105323791503906,0.034609879067047558,0.034801865284766934,-0.034505159311927894,0.010384709049366262,0.35152676464417792,-0.010925761117484504,0.054789999999999998,0.002222,0.191273,-3.1408072554263957,1.3062567720701161,-3.1024623717600806,0.054766935104992046,0.002222681553777544,0.19118612834342189,-0.26126336610289025,-0.038359374959899294,0.96450506058043761,-0.010222645274526931,0.99926398828257434,0.036972682418168597,-0.96521342254248543,-0.00020018563737605154,-0.26146320748727203,8.9884028692005554e-05,6.4077418858165413e-06
2.5650248527526855,1790953703.9180319,0.00062084197998046875,0.034609879067047558,0.034801865284766934,-0.034505159311927894,0.010384709049366262,0.35152676464417792,-0.010925761117484504,0.054789999999999998,0.002222,0.191273,-3.1408072554263957,1.3062567720701161,-3.1024623717600806,0.054766935104992046,0.002222681553777544,0.19118612834342189,-0.26126336610289025,-0.038359374959899294,0.96450506058043761,-0.010222645274526931,0.99926398828257434,0.036972682418168597,-0.96521342254248543,-0.00020018563737605154,-0.26146320748727203,8.9884028692005554e-05,6.4077418858165413e-06
2.5700259208679199,1790953703.923033,0.00060200691223144531,0.034609879067047558,0.034801865284766934,-0.034505159311927894,0.010384709049366262,0.35152676464417792,-0.010925761117484504,0.054789999999999998,0.002222,0.191273,-3.1408072554263957,1.3062567720701161,-3.1024623717600806,0.054766935104992046,0.002222681553777544,0.19118612834342189,-0.26126336610289025,-0.038359374959899294,0.96450506058043761,-0.010222645274526931,0.99926398828257434,0.036972682418168597,-0.96521342254248543,-0.00020018563737605154,-0.26146320748727203,8.9884028692005554e-05,6.4077418858165413e-06
2.5750260353088379,1790953703.9280331,0.00062322616577148438,0.034609879067047558,0.034801865284766934,-0.034505159311927894,0.010384709049366262,0.35152676464417792,-0.010925761117484504,0.054789999999999998,0.002222,0.191273,-3.1408072554263957,1.3062567720701161,-3.1024623717600806,0.054766935104992046,0.002222681553777544,0.19118612834342189,-0.26126336610289025,-0.038359374959899294,0.96450506058043761,-0.010222645274526931,0.99926398828257434,0.036972682418168597,-0.96521342254248543,-0.00020018563737605154,-0.26146320748727203,8.9884028692005554e-05,6.4077418858165413e-06
2.5800268650054932,1790953703.9330339,0.00059986114501953125,0.034609879067047558,0.034801865284766934,-0.034505159311927894,0.010384709049366262,0.35152676464417792,-0.010925761117484504,0.054789999999999998,0.002222,0.191273,-3.1408072554263957,1.3062567720701161,-3.1024623717600806,0.054766935104992046,0.002222681553777544,0.19118612834342189,-0.26126336610289025,-0.038359374959899294,0.96450506058043761,-0.010222645274526931,0.99926398828257434,0.036972682418168597,-0.96521342254248543,-0.00020018563737605154,-0.26146320748727203,8.9884028692005554e-05,6.4077418858165413e-06
2.5849988460540771,1790953703.9380059,0.00059795379638671875,0.034609879067047558,0.034801865284766934,-0.034505159311927894,0.010384709049366262,0.35152676464417792,-0.010925761117484504,0.054789999999999998,0.002222,0.191273,-3.1408072554263957,1.3062567720701161,-3.1024623717600806,0.054766935104992046,0.002222681553777544,0.19118612834342189,-0.26126336610289025,-0.038359374959899294,0.96450506058043761,-0.010222645274526931,0.99926398828257434,0.036972682418168597,-0.96521342254248543,-0.00020018563737605154,-0.26146320748727203,8.9884028692005554e-05,6.4077418858165413e-06
2.5900230407714844,1790953703.9430301,0.0005970001220703125,0.034609879067047558,0.034801865284766934,-0.034505159311927894,0.010384709049366262,0.35152676464417792,-0.010925761117484504,0.054789999999999998,0.002222,0.191273,-3.1408072554263957,1.3062567720701161,-3.1024623717600806,0.054766935104992046,0.002222681553777544,0.19118612834342189,-0.26126336610289025,-0.038359374959899294,0.96450506058043761,-0.010222645274526931,0.99926398828257434,0.036972682418168597,-0.96521342254248543,-0.00020018563737605154,-0.26146320748727203,8.9884028692005554e-05,6.4077418858165413e-06
2.594998836517334,1790953703.9480059,0.00059986114501953125,0.034609879067047558,0.034801865284766934,-0.034505159311927894,0.010384709049366262,0.35152676464417792,-0.010925761117484504,0.054789999999999998,0.002222,0.191273,-3.1408072554263957,1.3062567720701161,-3.1024623717600806,0.054766935104992046,0.002222681553777544,0.19118612834342189,-0.26126336610289025,-0.038359374959899294,0.96450506058043761,-0.010222645274526931,0.99926398828257434,0.036972682418168597,-0.96521342254248543,-0.00020018563737605154,-0.26146320748727203,8.9884028692005554e-05,6.4077418858165413e-06
2.6000239849090576,1790953703.9530311,0.00062012672424316406,0.034609879067047558,0.034801865284766934,-0.034505159311927894,0.010384709049366262,0.35152676464417792,-0.010925761117484504,0.054789999999999998,0.002222,0.191273,-3.1408072554263957,1.3062567720701161,-3.1024623717600806,0.054766935104992046,0.002222681553777544,0.19118612834342189,-0.26126336610289025,-0.038359374959899294,0.96450506058043761,-0.010222645274526931,0.99926398828257434,0.036972682418168597,-0.96521342254248543,-0.00020018563737605154,-0.26146320748727203,8.9884028692005554e-05,6.4077418858165413e-06
2.6049988269805908,1790953703.9580059,0.00057697296142578125,0.034609879067047558,0.034801865284766934,-0.034505159311927894,0.010384709049366262,0.35152676464417792,-0.010925761117484504,0.054789999999999998,0.002222,0.191273,-3.1408072554263957,1.3062567720701161,-3.1024623717600806,0.054766935104992046,0.002222681553777544,0.19118612834342189,-0.26126336610289025,-0.038359374959899294,0.96450506058043761,-0.010222645274526931,0.99926398828257434,0.036972682418168597,-0.96521342254248543,-0.00020018563737605154,-0.26146320748727203,8.9884028692005554e-05,6.4077418858165413e-06
2.6100218296051025,1790953703.9630289,0.00059986114501953125,0.034609879067047558,0.034801865284766934,-0.034505159311927894,0.010384709049366262,0.35152676464417792,-0.010925761117484504,0.054789999999999998,0.002222,0.191273,-3.1408072554263957,1.3062567720701161,-3.1024623717600806,0.054766935104992046,0.002222681553777544,0.19118612834342189,-0.26126336610289025,-0.038359374959899294,0.96450506058043761,-0.010222645274526931,0.99926398828257434,0.036972682418168597,-0.96521342254248543,-0.00020018563737605154,-0.26146320748727203,8.9884028692005554e-05,6.4077418858165413e-06
2.6149988174438477,1790953703.9680059,0.00059986114501953125,0.034609879067047558,0.034801865284766934,-0.034505159311927894,0.010384709049366262,0.35152676464417792,-0.010925761117484504,0.054789999999999998,0.002222,0.191273,-3.1408072554263957,1.3062567720701161,-3.1024623717600806,0.054766935104992046,0.002222681553777544,0.19118612834342189,-0.26126336610289025,-0.038359374959899294,0.96450506058043761,-0.010222645274526931,0.99926398828257434,0.036972682418168597,-0.96521342254248543,-0.00020018563737605154,-0.26146320748727203,8.9884028692005554e-05,6.4077418858165413e-06
2.6200239658355713,1790953703.973031,0.00060200691223144531,0.034609879067047558,0.034801865284766934,-0.034505159311927894,0.010384709049366262,0.35152676464417792,-0.010925761117484504,0.054789999999999998,0.002222,0.191273,-3.1408072554263957,1.3062567720701161,-3.1024623717600806,0.054766935104992046,0.002222681553777544,0.19118612834342189,-0.26126336610289025,-0.038359374959899294,0.96450506058043761,-0.010222645274526931,0.99926398828257434,0.036972682418168597,-0.96521342254248543,-0.00020018563737605154,-0.26146320748727203,8.9884028692005554e-05,6.4077418858165413e-06
2.625,1790953703.9780071,0.00060200691223144531,0.034609879067047558,0.034801865284766934,-0.034505159311927894,0.010384709049366262,0.35152676464417792,-0.010925761117484504,0.054789999999999998,0.002222,0.191273,-3.1408072554263957,1.3062567720701161,-3.1024623717600806,0.054766935104992046,0.002222681553777544,0.19118612834342189,-0.26126336610289025,-0.038359374959899294,0.96450506058043761,-0.010222645274526931,0.99926398828257434,0.036972682418168597,-0.96521342254248543,-0.00020018563737605154,-0.26146320748727203,8.9884028692005554e-05,6.4077418858165413e-06
2.6300239562988281,1790953703.983031,0.00059795379638671875,0.034609879067047558,0.034801865284766934,-0.034505159311927894,0.010384709049366262,0.35152676464417792,-0.010925761117484504,0.054789999999999998,0.002222,0.191273,-3.1408072554263957,1.3062567720701161,-3.1024623717600806,0.054766935104992046,0.002222681553777544,0.19118612834342189,-0.26126336610289025,-0.038359374959899294,0.96450506058043761,-0.010222645274526931,0.99926398828257434,0.036972682418168597,-0.96521342254248543,-0.00020018563737605154,-0.26146320748727203,8.9884028692005554e-05,6.4077418858165413e-06
2.6349999904632568,1790953703.9880071,0.00059914588928222656,0.034609879067047558,0.034801865284766934,-0.034505159311927894,0.010384709049366262,0.35152676464417792,-0.010925761117484504,0.054789999999999998,0.002222,0.191273,-3.1408072554263957,1.3062567720701161,-3.1024623717600806,0.054766935104992046,0.002222681553777544,0.19118612834342189,-0.26126336610289025,-0.038359374959899294,0.96450506058043761,-0.010222645274526931,0.99926398828257434,0.036972682418168597,-0.96521342254248543,-0.00020018563737605154,-0.26146320748727203,8.9884028692005554e-05,6.4077418858165413e-06
2.6400220394134521,1790953703.9930291,0.00060009956359863281,0.034609879067047558,0.034801865284766934,-0.034505159311927894,0.010384709049366262,0.35152676464417792,-0.010925761117484504,0.054789999999999998,0.002222,0.191273,-3.1408072554263957,1.3062567720701161,-3.1024623717600806,0.054766935104992046,0.002222681553777544,0.19118612834342189,-0.26126336610289025,-0.038359374959899294,0.96450506058043761,-0.010222645274526931,0.99926398828257434,0.036972682418168597,-0.96521342254248543,-0.00020018563737605154,-0.26146320748727203,8.9884028692005554e-05,6.4077418858165413e-06
2.6449990272521973,1790953703.9980061,0.0005931854248046875,0.034609879067047558,0.034801865284766934,-0.034505159311927894,0.010384709049366262,0.35152676464417792,-0.010925761117484504,0.054789999999999998,0.002222,0.191273,-3.1408072554263957,1.3062567720701161,-3.1024623717600806,0.054766935104992046,0.002222681553777544,0.19118612834342189,-0.26126336610289025,-0.038359374959899294,0.96450506058043761,-0.010222645274526931,0.99926398828257434,0.036972682418168597,-0.96521342254248543,-0.00020018563737605154,-0.26146320748727203,8.9884028692005554e-05,6.4077418858165413e-06
2.650022029876709,1790953704.0030291,0.00060009956359863281,0.034609879067047558,0.034801865284766934,-0.034505159311927894,0.010384709049366262,0.35152676464417792,-0.010925761117484504,0.054789999999999998,0.002222,0.191273,-3.1408072554263957,1.3062567720701161,-3.1024623717600806,0.054766935104992046,0.002222681553777544,0.19118612834342189,-0.26126336610289025,-0.038359374959899294,0.96450506058043761,-0.010222645274526931,0.99926398828257434,0.036972682418168597,-0.96521342254248543,-0.00020018563737605154,-0.26146320748727203,8.9884028692005554e-05,6.4077418858165413e-06
2.6550238132476807,1790953704.0080309,0.00062489509582519531,0.034609879067047558,0.034801865284766934,-0.034505159311927894,0.010384709049366262,0.35152676464417792,-0.010925761117484504,0.054789999999999998,0.002222,0.191273,-3.1408072554263957,1.3062567720701161,-3.1024623717600806,0.054766935104992046,0.002222681553777544,0.19118612834342189,-0.26126336610289025,-0.038359374959899294,0.96450506058043761,-0.010222645274526931,0.99926398828257434,0.036972682418168597,-0.96521342254248543,-0.00020018563737605154,-0.26146320748727203,8.9884028692005554e-05,6.4077418858165413e-06
2.6600220203399658,1790953704.0130291,0.0005970001220703125,0.034609879067047558,0.034801865284766934,-0.034505159311927894,0.010384709049366262,0.35152676464417792,-0.010925761117484504,0.054789999999999998,0.002222,0.191273,-3.1408072554263957,1.3062567720701161,-3.1024623717600806,0.054766935104992046,0.002222681553777544,0.19118612834342189,-0.26126336610289025,-0.038359374959899294,0.96450506058043761,-0.010222645274526931,0.99926398828257434,0.036972682418168597,-0.96521342254248543,-0.00020018563737605154,-0.26146320748727203,8.9884028692005554e-05,6.4077418858165413e-06
2.6649999618530273,1790953704.018007,0.00056695938110351562,0.034609879067047558,0.034801865284766934,-0.034505159311927894,0.010384709049366262,0.35152676464417792,-0.010925761117484504,0.054789999999999998,0.002222,0.191273,-3.1408072554263957,1.3062567720701161,-3.1024623717600806,0.054766935104992046,0.002222681553777544,0.19118612834342189,-0.26126336610289025,-0.038359374959899294,0.96450506058043761,-0.010222645274526931,0.99926398828257434,0.036972682418168597,-0.96521342254248543,-0.00020018563737605154,-0.26146320748727203,8.9884028692005554e-05,6.4077418858165413e-06
2.6700220108032227,1790953704.0230291,0.00060009956359863281,0.034609879067047558,0.034801865284766934,-0.034505159311927894,0.010384709049366262,0.35152676464417792,-0.010925761117484504,0.054789999999999998,0.002222,0.191273,-3.1408072554263957,1.3062567720701161,-3.1024623717600806,0.054766935104992046,0.002222681553777544,0.19118612834342189,-0.26126336610289025,-0.038359374959899294,0.96450506058043761,-0.010222645274526931,0.99926398828257434,0.036972682418168597,-0.96521342254248543,-0.00020018563737605154,-0.26146320748727203,8.9884028692005554e-05,6.4077418858165413e-06
2.6749978065490723,1790953704.0280049,0.00059986114501953125,0.034609879067047558,0.034801865284766934,-0.034505159311927894,0.010384709049366262,0.35152676464417792,-0.010925761117484504,0.054789999999999998,0.002222,0.191273,-3.1408072554263957,1.3062567720701161,-3.1024623717600806,0.054766935104992046,0.002222681553777544,0.19118612834342189,-0.26126336610289025,-0.038359374959899294,0.96450506058043761,-0.010222645274526931,0.99926398828257434,0.036972682418168597,-0.96521342254248543,-0.00020018563737605154,-0.26146320748727203,8.9884028692005554e-05,6.4077418858165413e-06
2.6800248622894287,1790953704.0330319,0.00060105323791503906,0.034609879067047558,0.034801865284766934,-0.034505159311927894,0.010384709049366262,0.35152676464417792,-0.010925761117484504,0.054789999999999998,0.002222,0.191273,-3.1408072554263957,1.3062567720701161,-3.1024623717600806,0.054766935104992046,0.002222681553777544,0.19118612834342189,-0.26126336610289025,-0.038359374959899294,0.96450506058043761,-0.010222645274526931,0.99926398828257434,0.036972682418168597,-0.96521342254248543,-0.00020018563737605154,-0.26146320748727203,8.9884028692005554e-05,6.4077418858165413e-06
2.6850008964538574,1790953704.038008,0.000598907470703125,0.034609879067047558,0.034801865284766934,-0.034505159311927894,0.010384709049366262,0.35152676464417792,-0.010925761117484504,0.054789999999999998,0.002222,0.191273,-3.1408072554263957,1.3062567720701161,-3.1024623717600806,0.054766935104992046,0.002222681553777544,0.19118612834342189,-0.26126336610289025,-0.038359374959899294,0.96450506058043761,-0.010222645274526931,0.99926398828257434,0.036972682418168597,-0.96521342254248543,-0.00020018563737605154,-0.26146320748727203,8.9884028692005554e-05,6.4077418858165413e-06
2.6900210380554199,1790953704.0430281,0.00059914588928222656,0.034609879067047558,0.034801865284766934,-0.034505159311927894,0.010384709049366262,0.35152676464417792,-0.010925761117484504,0.054789999999999998,0.002222,0.191273,-3.1408072554263957,1.3062567720701161,-3.1024623717600806,0.054766935104992046,0.002222681553777544,0.19118612834342189,-0.26126336610289025,-0.038359374959899294,0.96450506058043761,-0.010222645274526931,0.99926398828257434,0.036972682418168597,-0.96521342254248543,-0.00020018563737605154,-0.26146320748727203,8.9884028692005554e-05,6.4077418858165413e-06
2.6950249671936035,1790953704.048032,0.00062108039855957031,0.034609879067047558,0.034801865284766934,-0.034505159311927894,0.010384709049366262,0.35152676464417792,-0.010925761117484504,0.054789999999999998,0.002222,0.191273,-3.1408072554263957,1.3062567720701161,-3.1024623717600806,0.054766935104992046,0.002222681553777544,0.19118612834342189,-0.26126336610289025,-0.038359374959899294,0.96450506058043761,-0.010222645274526931,0.99926398828257434,0.036972682418168597,-0.96521342254248543,-0.00020018563737605154,-0.26146320748727203,8.9884028692005554e-05,6.4077418858165413e-06
2.7000248432159424,1790953704.0530319,0.00059986114501953125,0.034609879067047558,0.034801865284766934,-0.034505159311927894,0.010384709049366262,0.35152676464417792,-0.010925761117484504,0.054789999999999998,0.002222,0.191273,-3.1408072554263957,1.3062567720701161,-3.1024623717600806,0.054766935104992046,0.002222681553777544,0.19118612834342189,-0.26126336610289025,-0.038359374959899294,0.96450506058043761,-0.010222645274526931,0.99926398828257434,0.036972682418168597,-0.96521342254248543,-0.00020018563737605154,-0.26146320748727203,8.9884028692005554e-05,6.4077418858165413e-06
2.705021858215332,1790953704.0580289,0.00062394142150878906,0.034609879067047558,0.034801865284766934,-0.034505159311927894,0.010384709049366262,0.35152676464417792,-0.010925761117484504,0.054789999999999998,0.002222,0.191273,-3.1408072554263957,1.3062567720701161,-3.1024623717600806,0.054766935104992046,0.002222681553777544,0.19118612834342189,-0.26126336610289025,-0.038359374959899294,0.96450506058043761,-0.010222645274526931,0.99926398828257434,0.036972682418168597,-0.96521342254248543,-0.00020018563737605154,-0.26146320748727203,8.9884028692005554e-05,6.4077418858165413e-06
2.7100238800048828,1790953704.063031,0.00060105323791503906,0.034609879067047558,0.034801865284766934,-0.034505159311927894,0.010384709049366262,0.35152676464417792,-0.010925761117484504,0.054789999999999998,0.002222,0.191273,-3.1408072554263957,1.3062567720701161,-3.1024623717600806,0.054766935104992046,0.002222681553777544,0.19118612834342189,-0.26126336610289025,-0.038359374959899294,0.96450506058043761,-0.010222645274526931,0.99926398828257434,0.036972682418168597,-0.96521342254248543,-0.00020018563737605154,-0.26146320748727203,8.9884028692005554e-05,6.4077418858165413e-06
2.7150008678436279,1790953704.0680079,0.00057697296142578125,0.034609879067047558,0.034801865284766934,-0.034505159311927894,0.010384709049366262,0.35152676464417792,-0.010925761117484504,0.054789999999999998,0.002222,0.191273,-3.1408072554263957,1.3062567720701161,-3.1024623717600806,0.054766935104992046,0.002222681553777544,0.19118612834342189,-0.26126336610289025,-0.038359374959899294,0.96450506058043761,-0.010222645274526931,0.99926398828257434,0.036972682418168597,-0.96521342254248543,-0.00020018563737605154,-0.26146320748727203,8.9884028692005554e-05,6.4077418858165413e-06
2.7200219631195068,1790953704.073029,0.0005950927734375,0.034609879067047558,0.034801865284766934,-0.034505159311927894,0.010384709049366262,0.35152676464417792,-0.010925761117484504,0.054789999999999998,0.002222,0.191273,-3.1408072554263957,1.3062567720701161,-3.1024623717600806,0.054766935104992046,0.002222681553777544,0.19118612834342189,-0.26126336610289025,-0.038359374959899294,0.96450506058043761,-0.010222645274526931,0.99926398828257434,0.036972682418168597,-0.96521342254248543,-0.00020018563737605154,-0.26146320748727203,8.9884028692005554e-05,6.4077418858165413e-06
2.724998950958252,1790953704.078006,0.00060105323791503906,0.034609879067047558,0.034801865284766934,-0.034505159311927894,0.010384709049366262,0.35152676464417792,-0.010925761117484504,0.054789999999999998,0.002222,0.191273,-3.1408072554263957,1.3062567720701161,-3.1024623717600806,0.054766935104992046,0.002222681553777544,0.19118612834342189,-0.26126336610289025,-0.038359374959899294,0.96450506058043761,-0.010222645274526931,0.99926398828257434,0.036972682418168597,-0.96521342254248543,-0.00020018563737605154,-0.26146320748727203,8.9884028692005554e-05,6.4077418858165413e-06
2.7300260066986084,1790953704.0830331,0.00060200691223144531,0.034609879067047558,0.034801865284766934,-0.034505159311927894,0.010384709049366262,0.35152676464417792,-0.010925761117484504,0.054789999999999998,0.002222,0.191273,-3.1408072554263957,1.3062567720701161,-3.1024623717600806,0.054766935104992046,0.002222681553777544,0.19118612834342189,-0.26126336610289025,-0.038359374959899294,0.96450506058043761,-0.010222645274526931,0.99926398828257434,0.036972682418168597,-0.96521342254248543,-0.00020018563737605154,-0.26146320748727203,8.9884028692005554e-05,6.4077418858165413e-06
2.7350258827209473,1790953704.088033,0.00062704086303710938,0.034609879067047558,0.034801865284766934,-0.034505159311927894,0.010384709049366262,0.35152676464417792,-0.010925761117484504,0.054789999999999998,0.002222,0.191273,-3.1408072554263957,1.3062567720701161,-3.1024623717600806,0.054766935104992046,0.002222681553777544,0.19118612834342189,-0.26126336610289025,-0.038359374959899294,0.96450506058043761,-0.010222645274526931,0.99926398828257434,0.036972682418168597,-0.96521342254248543,-0.00020018563737605154,-0.26146320748727203,8.9884028692005554e-05,6.4077418858165413e-06
2.7400259971618652,1790953704.0930331,0.00060200691223144531,0.034609879067047558,0.034801865284766934,-0.034505159311927894,0.010384709049366262,0.35152676464417792,-0.010925761117484504,0.054789999999999998,0.002222,0.191273,-3.1408072554263957,1.3062567720701161,-3.1024623717600806,0.054766935104992046,0.002222681553777544,0.19118612834342189,-0.26126336610289025,-0.038359374959899294,0.96450506058043761,-0.010222645274526931,0.99926398828257434,0.036972682418168597,-0.96521342254248543,-0.00020018563737605154,-0.26146320748727203,8.9884028692005554e-05,6.4077418858165413e-06
2.744999885559082,1790953704.098007,0.000598907470703125,0.034609879067047558,0.034801865284766934,-0.034505159311927894,0.010384709049366262,0.35152676464417792,-0.010925761117484504,0.054789999999999998,0.002222,0.191273,-3.1408072554263957,1.3062567720701161,-3.1024623717600806,0.054766935104992046,0.002222681553777544,0.19118612834342189,-0.26126336610289025,-0.038359374959899294,0.96450506058043761,-0.010222645274526931,0.99926398828257434,0.036972682418168597,-0.96521342254248543,-0.00020018563737605154,-0.26146320748727203,8.9884028692005554e-05,6.4077418858165413e-06
2.7500278949737549,1790953704.103035,0.00060200691223144531,0.034609879067047558,0.034801865284766934,-0.034505159311927894,0.010384709049366262,0.35152676464417792,-0.010925761117484504,0.054789999999999998,0.002222,0.191273,-3.1408072554263957,1.3062567720701161,-3.1024623717600806,0.054766935104992046,0.002222681553777544,0.19118612834342189,-0.26126336610289025,-0.038359374959899294,0.96450506058043761,-0.010222645274526931,0.99926398828257434,0.036972682418168597,-0.96521342254248543,-0.00020018563737605154,-0.26146320748727203,8.9884028692005554e-05,6.4077418858165413e-06
2.7549998760223389,1790953704.108007,0.00057506561279296875,0.034609879067047558,0.034801865284766934,-0.034505159311927894,0.010384709049366262,0.35152676464417792,-0.010925761117484504,0.054789999999999998,0.002222,0.191273,-3.1408072554263957,1.3062567720701161,-3.1024623717600806,0.054766935104992046,0.002222681553777544,0.19118612834342189,-0.26126336610289025,-0.038359374959899294,0.96450506058043761,-0.010222645274526931,0.99926398828257434,0.036972682418168597,-0.96521342254248543,-0.00020018563737605154,-0.26146320748727203,8.9884028692005554e-05,6.4077418858165413e-06
2.7600219249725342,1790953704.113029,0.00060009956359863281,0.034609879067047558,0.034801865284766934,-0.034505159311927894,0.010384709049366262,0.35152676464417792,-0.010925761117484504,0.054789999999999998,0.002222,0.191273,-3.1408072554263957,1.3062567720701161,-3.1024623717600806,0.054766935104992046,0.002222681553777544,0.19118612834342189,-0.26126336610289025,-0.038359374959899294,0.96450506058043761,-0.010222645274526931,0.99926398828257434,0.036972682418168597,-0.96521342254248543,-0.00020018563737605154,-0.26146320748727203,8.9884028692005554e-05,6.4077418858165413e-06
2.7650249004364014,1790953704.118032,0.0005970001220703125,0.034609879067047558,0.034801865284766934,-0.034505159311927894,0.010384709049366262,0.35152676464417792,-0.010925761117484504,0.054789999999999998,0.002222,0.191273,-3.1408072554263957,1.3062567720701161,-3.1024623717600806,0.054766935104992046,0.002222681553777544,0.19118612834342189,-0.26126336610289025,-0.038359374959899294,0.96450506058043761,-0.010222645274526931,0.99926398828257434,0.036972682418168597,-0.96521342254248543,-0.00020018563737605154,-0.26146320748727203,8.9884028692005554e-05,6.4077418858165413e-06
2.7700238227844238,1790953704.1230309,0.00059986114501953125,0.034609879067047558,0.034801865284766934,-0.034505159311927894,0.010384709049366262,0.35152676464417792,-0.010925761117484504,0.054789999999999998,0.002222,0.191273,-3.1408072554263957,1.3062567720701161,-3.1024623717600806,0.054766935104992046,0.002222681553777544,0.19118612834342189,-0.26126336610289025,-0.038359374959899294,0.96450506058043761,-0.010222645274526931,0.99926398828257434,0.036972682418168597,-0.96521342254248543,-0.00020018563737605154,-0.26146320748727203,8.9884028692005554e-05,6.4077418858165413e-06
2.7750239372253418,1790953704.128031,0.00062608718872070312,0.034609879067047558,0.034801865284766934,-0.034505159311927894,0.010384709049366262,0.35152676464417792,-0.010925761117484504,0.054789999999999998,0.002222,0.191273,-3.1408072554263957,1.3062567720701161,-3.1024623717600806,0.054766935104992046,0.002222681553777544,0.19118612834342189,-0.26126336610289025,-0.038359374959899294,0.96450506058043761,-0.010222645274526931,0.99926398828257434,0.036972682418168597,-0.96521342254248543,-0.00020018563737605154,-0.26146320748727203,8.9884028692005554e-05,6.4077418858165413e-06
2.780026912689209,1790953704.133034,0.00060296058654785156,0.034609879067047558,0.034801865284766934,-0.034505159311927894,0.010384709049366262,0.35152676464417792,-0.010925761117484504,0.054789999999999998,0.002222,0.191273,-3.1408072554263957,1.3062567720701161,-3.1024623717600806,0.054766935104992046,0.002222681553777544,0.19118612834342189,-0.26126336610289025,-0.038359374959899294,0.96450506058043761,-0.010222645274526931,0.99926398828257434,0.036972682418168597,-0.96521342254248543,-0.00020018563737605154,-0.26146320748727203,8.9884028692005554e-05,6.4077418858165413e-06
2.7850019931793213,1790953704.1380091,0.0005741119384765625,0.034609879067047558,0.034801865284766934,-0.034505159311927894,0.010384709049366262,0.35152676464417792,-0.010925761117484504,0.054789999999999998,0.002222,0.191273,-3.1408072554263957,1.3062567720701161,-3.1024623717600806,0.054766935104992046,0.002222681553777544,0.19118612834342189,-0.26126336610289025,-0.038359374959899294,0.96450506058043761,-0.010222645274526931,0.99926398828257434,0.036972682418168597,-0.96521342254248543,-0.00020018563737605154,-0.26146320748727203,8.9884028692005554e-05,6.4077418858165413e-06
2.7900228500366211,1790953704.1430299,0.00059604644775390625,0.034609879067047558,0.034801865284766934,-0.034505159311927894,0.010384709049366262,0.35152676464417792,-0.010925761117484504,0.054789999999999998,0.002222,0.191273,-3.1408072554263957,1.3062567720701161,-3.1024623717600806,0.054766935104992046,0.002222681553777544,0.19118612834342189,-0.26126336610289025,-0.038359374959899294,0.96450506058043761,-0.010222645274526931,0.99926398828257434,0.036972682418168597,-0.96521342254248543,-0.00020018563737605154,-0.26146320748727203,8.9884028692005554e-05,6.4077418858165413e-06
2.7950258255004883,1790953704.1480329,0.00062489509582519531,0.034609879067047558,0.034801865284766934,-0.034505159311927894,0.010384709049366262,0.35152676464417792,-0.010925761117484504,0.054789999999999998,0.002222,0.191273,-3.1408072554263957,1.3062567720701161,-3.1024623717600806,0.054766935104992046,0.002222681553777544,0.19118612834342189,-0.26126336610289025,-0.038359374959899294,0.96450506058043761,-0.010222645274526931,0.99926398828257434,0.036972682418168597,-0.96521342254248543,-0.00020018563737605154,-0.26146320748727203,8.9884028692005554e-05,6.4077418858165413e-06
2.8000259399414062,1790953704.153033,0.00060105323791503906,0.034609879067047558,0.034801865284766934,-0.034505159311927894,0.010384709049366262,0.35152676464417792,-0.010925761117484504,0.054789999999999998,0.002222,0.191273,-3.1408072554263957,1.3062567720701161,-3.1024623717600806,0.054766935104992046,0.002222681553777544,0.19118612834342189,-0.26126336610289025,-0.038359374959899294,0.96450506058043761,-0.010222645274526931,0.99926398828257434,0.036972682418168597,-0.96521342254248543,-0.00020018563737605154,-0.26146320748727203,8.9884028692005554e-05,6.4077418858165413e-06
2.8050010204315186,1790953704.1580081,0.00060009956359863281,0.034609879067047558,0.034801865284766934,-0.034505159311927894,0.010384709049366262,0.35152676464417792,-0.010925761117484504,0.054789999999999998,0.002222,0.191273,-3.1408072554263957,1.3062567720701161,-3.1024623717600806,0.054766935104992046,0.002222681553777544,0.19118612834342189,-0.26126336610289025,-0.038359374959899294,0.96450506058043761,-0.010222645274526931,0.99926398828257434,0.036972682418168597,-0.96521342254248543,-0.00020018563737605154,-0.26146320748727203,8.9884028692005554e-05,6.4077418858165413e-06
2.8100259304046631,1790953704.163033,0.00060009956359863281,0.034609879067047558,0.034801865284766934,-0.034505159311927894,0.010384709049366262,0.35152676464417792,-0.010925761117484504,0.054789999999999998,0.002222,0.191273,-3.1408072554263957,1.3062567720701161,-3.1024623717600806,0.054766935104992046,0.002222681553777544,0.19118612834342189,-0.26126336610289025,-0.038359374959899294,0.96450506058043761,-0.010222645274526931,0.99926398828257434,0.036972682418168597,-0.96521342254248543,-0.00020018563737605154,-0.26146320748727203,8.9884028692005554e-05,6.4077418858165413e-06
2.8149960041046143,1790953704.1680031,0.00057101249694824219,0.034609879067047558,0.034801865284766934,-0.034505159311927894,0.010384709049366262,0.35152676464417792,-0.010925761117484504,0.054789999999999998,0.002222,0.191273,-3.1408072554263957,1.3062567720701161,-3.1024623717600806,0.054766935104992046,0.002222681553777544,0.19118612834342189,-0.26126336610289025,-0.038359374959899294,0.96450506058043761,-0.010222645274526931,0.99926398828257434,0.036972682418168597,-0.96521342254248543,-0.00020018563737605154,-0.26146320748727203,8.9884028692005554e-05,6.4077418858165413e-06
2.8200240135192871,1790953704.1730311,0.00060105323791503906,0.034609879067047558,0.034801865284766934,-0.034505159311927894,0.010384709049366262,0.35152676464417792,-0.010925761117484504,0.054789999999999998,0.002222,0.191273,-3.1408072554263957,1.3062567720701161,-3.1024623717600806,0.054766935104992046,0.002222681553777544,0.19118612834342189,-0.26126336610289025,-0.038359374959899294,0.96450506058043761,-0.010222645274526931,0.99926398828257434,0.036972682418168597,-0.96521342254248543,-0.00020018563737605154,-0.26146320748727203,8.9884028692005554e-05,6.4077418858165413e-06
2.8249988555908203,1790953704.1780059,0.000576019287109375,0.034609879067047558,0.034801865284766934,-0.034505159311927894,0.010384709049366262,0.35152676464417792,-0.010925761117484504,0.054789999999999998,0.002222,0.191273,-3.1408072554263957,1.3062567720701161,-3.1024623717600806,0.054766935104992046,0.002222681553777544,0.19118612834342189,-0.26126336610289025,-0.038359374959899294,0.96450506058043761,-0.010222645274526931,0.99926398828257434,0.036972682418168597,-0.96521342254248543,-0.00020018563737605154,-0.26146320748727203,8.9884028692005554e-05,6.4077418858165413e-06
2.8300240039825439,1790953704.1830311,0.00060200691223144531,0.034609879067047558,0.034801865284766934,-0.034505159311927894,0.010384709049366262,0.35152676464417792,-0.010925761117484504,0.054789999999999998,0.002222,0.191273,-3.1408072554263957,1.3062567720701161,-3.1024623717600806,0.054766935104992046,0.002222681553777544,0.19118612834342189,-0.26126336610289025,-0.038359374959899294,0.96450506058043761,-0.010222645274526931,0.99926398828257434,0.036972682418168597,-0.96521342254248543,-0.00020018563737605154,-0.26146320748727203,8.9884028692005554e-05,6.4077418858165413e-06
2.8349988460540771,1790953704.1880059,0.00057196617126464844,0.034609879067047558,0.034801865284766934,-0.034505159311927894,0.010384709049366262,0.35152676464417792,-0.010925761117484504,0.054789999999999998,0.002222,0.191273,-3.1408072554263957,1.3062567720701161,-3.1024623717600806,0.054766935104992046,0.002222681553777544,0.19118612834342189,-0.26126336610289025,-0.038359374959899294,0.96450506058043761,-0.010222645274526931,0.99926398828257434,0.036972682418168597,-0.96521342254248543,-0.00020018563737605154,-0.26146320748727203,8.9884028692005554e-05,6.4077418858165413e-06
2.8400239944458008,1790953704.1930311,0.00060009956359863281,0.034609879067047558,0.034801865284766934,-0.034505159311927894,0.010384709049366262,0.35152676464417792,-0.010925761117484504,0.054789999999999998,0.002222,0.191273,-3.1408072554263957,1.3062567720701161,-3.1024623717600806,0.054766935104992046,0.002222681553777544,0.19118612834342189,-0.26126336610289025,-0.038359374959899294,0.96450506058043761,-0.010222645274526931,0.99926398828257434,0.036972682418168597,-0.96521342254248543,-0.00020018563737605154,-0.26146320748727203,8.9884028692005554e-05,6.4077418858165413e-06
2.8450238704681396,1790953704.1980309,0.00059795379638671875,0.034609879067047558,0.034801865284766934,-0.034505159311927894,0.010384709049366262,0.35152676464417792,-0.010925761117484504,0.054789999999999998,0.002222,0.191273,-3.1408072554263957,1.3062567720701161,-3.1024623717600806,0.054766935104992046,0.002222681553777544,0.19118612834342189,-0.26126336610289025,-0.038359374959899294,0.96450506058043761,-0.010222645274526931,0.99926398828257434,0.036972682418168597,-0.96521342254248543,-0.00020018563737605154,-0.26146320748727203,8.9884028692005554e-05,6.4077418858165413e-06
2.8500258922576904,1790953704.203033,0.00060105323791503906,0.034609879067047558,0.034801865284766934,-0.034505159311927894,0.010384709049366262,0.35152676464417792,-0.010925761117484504,0.054789999999999998,0.002222,0.191273,-3.1408072554263957,1.3062567720701161,-3.1024623717600806,0.054766935104992046,0.002222681553777544,0.19118612834342189,-0.26126336610289025,-0.038359374959899294,0.96450506058043761,-0.010222645274526931,0.99926398828257434,0.036972682418168597,-0.96521342254248543,-0.00020018563737605154,-0.26146320748727203,8.9884028692005554e-05,6.4077418858165413e-06
2.8550009727478027,1790953704.2080081,0.00060105323791503906,0.034609879067047558,0.034801865284766934,-0.034505159311927894,0.010384709049366262,0.35152676464417792,-0.010925761117484504,0.054789999999999998,0.002222,0.191273,-3.1408072554263957,1.3062567720701161,-3.1024623717600806,0.054766935104992046,0.002222681553777544,0.19118612834342189,-0.26126336610289025,-0.038359374959899294,0.96450506058043761,-0.010222645274526931,0.99926398828257434,0.036972682418168597,-0.96521342254248543,-0.00020018563737605154,-0.26146320748727203,8.9884028692005554e-05,6.4077418858165413e-06
2.8600268363952637,1790953704.2130339,0.00059294700622558594,0.034609879067047558,0.034801865284766934,-0.034505159311927894,0.010384709049366262,0.35152676464417792,-0.010925761117484504,0.054789999999999998,0.002222,0.191273,-3.1408072554263957,1.3062567720701161,-3.1024623717600806,0.054766935104992046,0.002222681553777544,0.19118612834342189,-0.26126336610289025,-0.038359374959899294,0.96450506058043761,-0.010222645274526931,0.99926398828257434,0.036972682418168597,-0.96521342254248543,-0.00020018563737605154,-0.26146320748727203,8.9884028692005554e-05,6.4077418858165413e-06
2.865001916885376,1790953704.218009,0.00060296058654785156,0.034609879067047558,0.034801865284766934,-0.034505159311927894,0.010384709049366262,0.35152676464417792,-0.010925761117484504,0.054789999999999998,0.002222,0.191273,-3.1408072554263957,1.3062567720701161,-3.1024623717600806,0.054766935104992046,0.002222681553777544,0.19118612834342189,-0.26126336610289025,-0.038359374959899294,0.96450506058043761,-0.010222645274526931,0.99926398828257434,0.036972682418168597,-0.96521342254248543,-0.00020018563737605154,-0.26146320748727203,8.9884028692005554e-05,6.4077418858165413e-06
2.8700249195098877,1790953704.223032,0.00060009956359863281,0.034609879067047558,0.034801865284766934,-0.034505159311927894,0.010384709049366262,0.35152676464417792,-0.010925761117484504,0.054789999999999998,0.002222,0.191273,-3.1408072554263957,1.3062567720701161,-3.1024623717600806,0.054766935104992046,0.002222681553777544,0.19118612834342189,-0.26126336610289025,-0.038359374959899294,0.96450506058043761,-0.010222645274526931,0.99926398828257434,0.036972682418168597,-0.96521342254248543,-0.00020018563737605154,-0.26146320748727203,8.9884028692005554e-05,6.4077418858165413e-06
2.8749988079071045,1790953704.2280059,0.00057578086853027344,0.034609879067047558,0.034801865284766934,-0.034505159311927894,0.010384709049366262,0.35152676464417792,-0.010925761117484504,0.054789999999999998,0.002222,0.191273,-3.1408072554263957,1.3062567720701161,-3.1024623717600806,0.054766935104992046,0.002222681553777544,0.19118612834342189,-0.26126336610289025,-0.038359374959899294,0.96450506058043761,-0.010222645274526931,0.99926398828257434,0.036972682418168597,-0.96521342254248543,-0.00020018563737605154,-0.26146320748727203,8.9884028692005554e-05,6.4077418858165413e-06
2.8800268173217773,1790953704.2330339,0.00060296058654785156,0.034609879067047558,0.034801865284766934,-0.034505159311927894,0.010384709049366262,0.35152676464417792,-0.010925761117484504,0.054789999999999998,0.002222,0.191273,-3.1408072554263957,1.3062567720701161,-3.1024623717600806,0.054766935104992046,0.002222681553777544,0.19118612834342189,-0.26126336610289025,-0.038359374959899294,0.96450506058043761,-0.010222645274526931,0.99926398828257434,0.036972682418168597,-0.96521342254248543,-0.00020018563737605154,-0.26146320748727203,8.9884028692005554e-05,6.4077418858165413e-06
2.8849990367889404,1790953704.2380061,0.00059914588928222656,0.034609879067047558,0.034801865284766934,-0.034505159311927894,0.010384709049366262,0.35152676464417792,-0.010925761117484504,0.054789999999999998,0.002222,0.191273,-3.1408072554263957,1.3062567720701161,-3.1024623717600806,0.054766935104992046,0.002222681553777544,0.19118612834342189,-0.26126336610289025,-0.038359374959899294,0.96450506058043761,-0.010222645274526931,0.99926398828257434,0.036972682418168597,-0.96521342254248543,-0.00020018563737605154,-0.26146320748727203,8.9884028692005554e-05,6.4077418858165413e-06
2.8900229930877686,1790953704.2430301,0.00060105323791503906,0.034609879067047558,0.034801865284766934,-0.034505159311927894,0.010384709049366262,0.35152676464417792,-0.010925761117484504,0.054789999999999998,0.002222,0.191273,-3.1408072554263957,1.3062567720701161,-3.1024623717600806,0.054766935104992046,0.002222681553777544,0.19118612834342189,-0.26126336610289025,-0.038359374959899294,0.96450506058043761,-0.010222645274526931,0.99926398828257434,0.036972682418168597,-0.96521342254248543,-0.00020018563737605154,-0.26146320748727203,8.9884028692005554e-05,6.4077418858165413e-06
2.8950009346008301,1790953704.248008,0.00060009956359863281,0.034609879067047558,0.034801865284766934,-0.034505159311927894,0.010384709049366262,0.35152676464417792,-0.010925761117484504,0.054789999999999998,0.002222,0.191273,-3.1408072554263957,1.3062567720701161,-3.1024623717600806,0.054766935104992046,0.002222681553777544,0.19118612834342189,-0.26126336610289025,-0.038359374959899294,0.96450506058043761,-0.010222645274526931,0.99926398828257434,0.036972682418168597,-0.96521342254248543,-0.00020018563737605154,-0.26146320748727203,8.9884028692005554e-05,6.4077418858165413e-06
2.9000258445739746,1790953704.2530329,0.00060200691223144531,0.034609879067047558,0.034801865284766934,-0.034505159311927894,0.010384709049366262,0.35152676464417792,-0.010925761117484504,0.054789999999999998,0.002222,0.191273,-3.1408072554263957,1.3062567720701161,-3.1024623717600806,0.054766935104992046,0.002222681553777544,0.19118612834342189,-0.26126336610289025,-0.038359374959899294,0.96450506058043761,-0.010222645274526931,0.99926398828257434,0.036972682418168597,-0.96521342254248543,-0.00020018563737605154,-0.26146320748727203,8.9884028692005554e-05,6.4077418858165413e-06
2.9049999713897705,1790953704.258007,0.00060009956359863281,0.034609879067047558,0.034801865284766934,-0.034505159311927894,0.010384709049366262,0.35152676464417792,-0.010925761117484504,0.054789999999999998,0.002222,0.191273,-3.1408072554263957,1.3062567720701161,-3.1024623717600806,0.054766935104992046,0.002222681553777544,0.19118612834342189,-0.26126336610289025,-0.038359374959899294,0.96450506058043761,-0.010222645274526931,0.99926398828257434,0.036972682418168597,-0.96521342254248543,-0.00020018563737605154,-0.26146320748727203,8.9884028692005554e-05,6.4077418858165413e-06
2.910027027130127,1790953704.2630341,0.00060200691223144531,0.034609879067047558,0.034801865284766934,-0.034505159311927894,0.010384709049366262,0.35152676464417792,-0.010925761117484504,0.054789999999999998,0.002222,0.191273,-3.1408072554263957,1.3062567720701161,-3.1024623717600806,0.054766935104992046,0.002222681553777544,0.19118612834342189,-0.26126336610289025,-0.038359374959899294,0.96450506058043761,-0.010222645274526931,0.99926398828257434,0.036972682418168597,-0.96521342254248543,-0.00020018563737605154,-0.26146320748727203,8.9884028692005554e-05,6.4077418858165413e-06
2.915024995803833,1790953704.2680321,0.00061702728271484375,0.034609879067047558,0.034801865284766934,-0.034505159311927894,0.010384709049366262,0.35152676464417792,-0.010925761117484504,0.054789999999999998,0.002222,0.191273,-3.1408072554263957,1.3062567720701161,-3.1024623717600806,0.054766935104992046,0.002222681553777544,0.19118612834342189,-0.26126336610289025,-0.038359374959899294,0.96450506058043761,-0.010222645274526931,0.99926398828257434,0.036972682418168597,-0.96521342254248543,-0.00020018563737605154,-0.26146320748727203,8.9884028692005554e-05,6.4077418858165413e-06
2.9200258255004883,1790953704.2730329,0.00060296058654785156,0.034609879067047558,0.034801865284766934,-0.034505159311927894,0.010384709049366262,0.35152676464417792,-0.010925761117484504,0.054789999999999998,0.002222,0.191273,-3.1408072554263957,1.3062567720701161,-3.1024623717600806,0.054766935104992046,0.002222681553777544,0.19118612834342189,-0.26126336610289025,-0.038359374959899294,0.96450506058043761,-0.010222645274526931,0.99926398828257434,0.036972682418168597,-0.96521342254248543,-0.00020018563737605154,-0.26146320748727203,8.9884028692005554e-05,6.4077418858165413e-06
2.9249978065490723,1790953704.2780049,0.00057482719421386719,0.034609879067047558,0.034801865284766934,-0.034505159311927894,0.010384709049366262,0.35152676464417792,-0.010925761117484504,0.054789999999999998,0.002222,0.191273,-3.1408072554263957,1.3062567720701161,-3.1024623717600806,0.054766935104992046,0.002222681553777544,0.19118612834342189,-0.26126336610289025,-0.038359374959899294,0.96450506058043761,-0.010222645274526931,0.99926398828257434,0.036972682418168597,-0.96521342254248543,-0.00020018563737605154,-0.26146320748727203,8.9884028692005554e-05,6.4077418858165413e-06
2.9300220012664795,1790953704.2830291,0.00056409835815429688,0.034609879067047558,0.034801865284766934,-0.034505159311927894,0.010384709049366262,0.35152676464417792,-0.010925761117484504,0.054789999999999998,0.002222,0.191273,-3.1408072554263957,1.3062567720701161,-3.1024623717600806,0.054766935104992046,0.002222681553777544,0.19118612834342189,-0.26126336610289025,-0.038359374959899294,0.96450506058043761,-0.010222645274526931,0.99926398828257434,0.036972682418168597,-0.96521342254248543,-0.00020018563737605154,-0.26146320748727203,8.9884028692005554e-05,6.4077418858165413e-06
2.9349989891052246,1790953704.2880061,0.00060105323791503906,0.034609879067047558,0.034801865284766934,-0.034505159311927894,0.010384709049366262,0.35152676464417792,-0.010925761117484504,0.054789999999999998,0.002222,0.191273,-3.1408072554263957,1.3062567720701161,-3.1024623717600806,0.054766935104992046,0.002222681553777544,0.19118612834342189,-0.26126336610289025,-0.038359374959899294,0.96450506058043761,-0.010222645274526931,0.99926398828257434,0.036972682418168597,-0.96521342254248543,-0.00020018563737605154,-0.26146320748727203,8.9884028692005554e-05,6.4077418858165413e-06
2.9400248527526855,1790953704.2930319,0.00059795379638671875,0.034609879067047558,0.034801865284766934,-0.034505159311927894,0.010384709049366262,0.35152676464417792,-0.010925761117484504,0.054789999999999998,0.002222,0.191273,-3.1408072554263957,1.3062567720701161,-3.1024623717600806,0.054766935104992046,0.002222681553777544,0.19118612834342189,-0.26126336610289025,-0.038359374959899294,0.96450506058043761,-0.010222645274526931,0.99926398828257434,0.036972682418168597,-0.96521342254248543,-0.00020018563737605154,-0.26146320748727203,8.9884028692005554e-05,6.4077418858165413e-06
2.9450008869171143,1790953704.298008,0.000598907470703125,0.034609879067047558,0.034801865284766934,-0.034505159311927894,0.010384709049366262,0.35152676464417792,-0.010925761117484504,0.054789999999999998,0.002222,0.191273,-3.1408072554263957,1.3062567720701161,-3.1024623717600806,0.054766935104992046,0.002222681553777544,0.19118612834342189,-0.26126336610289025,-0.038359374959899294,0.96450506058043761,-0.010222645274526931,0.99926398828257434,0.036972682418168597,-0.96521342254248543,-0.00020018563737605154,-0.26146320748727203,8.9884028692005554e-05,6.4077418858165413e-06
2.9500248432159424,1790953704.3030319,0.000598907470703125,0.034609879067047558,0.034801865284766934,-0.034505159311927894,0.010384709049366262,0.35152676464417792,-0.010925761117484504,0.054789999999999998,0.002222,0.191273,-3.1408072554263957,1.3062567720701161,-3.1024623717600806,0.054766935104992046,0.002222681553777544,0.19118612834342189,-0.26126336610289025,-0.038359374959899294,0.96450506058043761,-0.010222645274526931,0.99926398828257434,0.036972682418168597,-0.96521342254248543,-0.00020018563737605154,-0.26146320748727203,8.9884028692005554e-05,6.4077418858165413e-06
2.9550249576568604,1790953704.308032,0.00062608718872070312,0.034609879067047558,0.034801865284766934,-0.034505159311927894,0.010384709049366262,0.35152676464417792,-0.010925761117484504,0.054789999999999998,0.002222,0.191273,-3.1408072554263957,1.3062567720701161,-3.1024623717600806,0.054766935104992046,0.002222681553777544,0.19118612834342189,-0.26126336610289025,-0.038359374959899294,0.96450506058043761,-0.010222645274526931,0.99926398828257434,0.036972682418168597,-0.96521342254248543,-0.00020018563737605154,-0.26146320748727203,8.9884028692005554e-05,6.4077418858165413e-06
2.9600248336791992,1790953704.3130319,0.00060200691223144531,0.034609879067047558,0.034801865284766934,-0.034505159311927894,0.010384709049366262,0.35152676464417792,-0.010925761117484504,0.054789999999999998,0.002222,0.191273,-3.1408072554263957,1.3062567720701161,-3.1024623717600806,0.054766935104992046,0.002222681553777544,0.19118612834342189,-0.26126336610289025,-0.038359374959899294,0.96450506058043761,-0.010222645274526931,0.99926398828257434,0.036972682418168597,-0.96521342254248543,-0.00020018563737605154,-0.26146320748727203,8.9884028692005554e-05,6.4077418858165413e-06
2.9650278091430664,1790953704.3180349,0.00062799453735351562,0.034609879067047558,0.034801865284766934,-0.034505159311927894,0.010384709049366262,0.35152676464417792,-0.010925761117484504,0.054789999999999998,0.002222,0.191273,-3.1408072554263957,1.3062567720701161,-3.1024623717600806,0.054766935104992046,0.002222681553777544,0.19118612834342189,-0.26126336610289025,-0.038359374959899294,0.96450506058043761,-0.010222645274526931,0.99926398828257434,0.036972682418168597,-0.96521342254248543,-0.00020018563737605154,-0.26146320748727203,8.9884028692005554e-05,6.4077418858165413e-06
2.9700219631195068,1790953704.323029,0.00059914588928222656,0.034609879067047558,0.034801865284766934,-0.034505159311927894,0.010384709049366262,0.35152676464417792,-0.010925761117484504,0.054789999999999998,0.002222,0.191273,-3.1408072554263957,1.3062567720701161,-3.1024623717600806,0.054766935104992046,0.002222681553777544,0.19118612834342189,-0.26126336610289025,-0.038359374959899294,0.96450506058043761,-0.010222645274526931,0.99926398828257434,0.036972682418168597,-0.96521342254248543,-0.00020018563737605154,-0.26146320748727203,8.9884028692005554e-05,6.4077418858165413e-06
2.9749999046325684,1790953704.328007,0.00060296058654785156,0.034609879067047558,0.034801865284766934,-0.034505159311927894,0.010384709049366262,0.35152676464417792,-0.010925761117484504,0.054789999999999998,0.002222,0.191273,-3.1408072554263957,1.3062567720701161,-3.1024623717600806,0.054766935104992046,0.002222681553777544,0.19118612834342189,-0.26126336610289025,-0.038359374959899294,0.96450506058043761,-0.010222645274526931,0.99926398828257434,0.036972682418168597,-0.96521342254248543,-0.00020018563737605154,-0.26146320748727203,8.9884028692005554e-05,6.4077418858165413e-06
2.9800260066986084,1790953704.3330331,0.0005950927734375,0.034609879067047558,0.034801865284766934,-0.034505159311927894,0.010384709049366262,0.35152676464417792,-0.010925761117484504,0.054789999999999998,0.002222,0.191273,-3.1408072554263957,1.3062567720701161,-3.1024623717600806,0.054766935104992046,0.002222681553777544,0.19118612834342189,-0.26126336610289025,-0.038359374959899294,0.96450506058043761,-0.010222645274526931,0.99926398828257434,0.036972682418168597,-0.96521342254248543,-0.00020018563737605154,-0.26146320748727203,8.9884028692005554e-05,6.4077418858165413e-06
2.9850258827209473,1790953704.338033,0.00060200691223144531,0.034609879067047558,0.034801865284766934,-0.034505159311927894,0.010384709049366262,0.35152676464417792,-0.010925761117484504,0.054789999999999998,0.002222,0.191273,-3.1408072554263957,1.3062567720701161,-3.1024623717600806,0.054766935104992046,0.002222681553777544,0.19118612834342189,-0.26126336610289025,-0.038359374959899294,0.96450506058043761,-0.010222645274526931,0.99926398828257434,0.036972682418168597,-0.96521342254248543,-0.00020018563737605154,-0.26146320748727203,8.9884028692005554e-05,6.4077418858165413e-06
2.9900259971618652,1790953704.3430331,0.00059914588928222656,0.034609879067047558,0.034801865284766934,-0.034505159311927894,0.010384709049366262,0.35152676464417792,-0.010925761117484504,0.054789999999999998,0.002222,0.191273,-3.1408072554263957,1.3062567720701161,-3.1024623717600806,0.054766935104992046,0.002222681553777544,0.19118612834342189,-0.26126336610289025,-0.038359374959899294,0.96450506058043761,-0.010222645274526931,0.99926398828257434,0.036972682418168597,-0.96521342254248543,-0.00020018563737605154,-0.26146320748727203,8.9884028692005554e-05,6.4077418858165413e-06
2.9950039386749268,1790953704.348011,0.00060391426086425781,0.034609879067047558,0.034801865284766934,-0.034505159311927894,0.010384709049366262,0.35152676464417792,-0.010925761117484504,0.054789999999999998,0.002222,0.191273,-3.1408072554263957,1.3062567720701161,-3.1024623717600806,0.054766935104992046,0.002222681553777544,0.19118612834342189,-0.26126336610289025,-0.038359374959899294,0.96450506058043761,-0.010222645274526931,0.99926398828257434,0.036972682418168597,-0.96521342254248543,-0.00020018563737605154,-0.26146320748727203,8.9884028692005554e-05,6.4077418858165413e-06
3.0000309944152832,1790953704.3530381,0.00060296058654785156,0.034609879067047558,0.034801865284766934,-0.034505159311927894,0.010384709049366262,0.35152676464417792,-0.010925761117484504,0.054789999999999998,0.002222,0.191273,-3.1408072554263957,1.3062567720701161,-3.1024623717600806,0.054766935104992046,0.002222681553777544,0.19118612834342189,-0.26126336610289025,-0.038359374959899294,0.96450506058043761,-0.010222645274526931,0.99926398828257434,0.036972682418168597,-0.96521342254248543,-0.00020018563737605154,-0.26146320748727203,8.9884028692005554e-05,6.4077418858165413e-06
3.0049998760223389,1790953704.358007,0.00057506561279296875,0.034609879067047558,0.034801865284766934,-0.034505159311927894,0.010384709049366262,0.35152676464417792,-0.010925761117484504,0.054789999999999998,0.002222,0.191273,-3.1408072554263957,1.3062567720701161,-3.1024623717600806,0.054766935104992046,0.002222681553777544,0.19118612834342189,-0.26126336610289025,-0.038359374959899294,0.96450506058043761,-0.010222645274526931,0.99926398828257434,0.036972682418168597,-0.96521342254248543,-0.00020018563737605154,-0.26146320748727203,8.9884028692005554e-05,6.4077418858165413e-06
3.0100288391113281,1790953704.3630359,0.0006008148193359375,0.034609879067047558,0.034801865284766934,-0.034505159311927894,0.010384709049366262,0.35152676464417792,-0.010925761117484504,0.054789999999999998,0.002222,0.191273,-3.1408072554263957,1.3062567720701161,-3.1024623717600806,0.054766935104992046,0.002222681553777544,0.19118612834342189,-0.26126336610289025,-0.038359374959899294,0.96450506058043761,-0.010222645274526931,0.99926398828257434,0.036972682418168597,-0.96521342254248543,-0.00020018563737605154,-0.26146320748727203,8.9884028692005554e-05,6.4077418858165413e-06
3.0149989128112793,1790953704.368006,0.00059795379638671875,0.034609879067047558,0.034801865284766934,-0.034505159311927894,0.010384709049366262,0.35152676464417792,-0.010925761117484504,0.054789999999999998,0.002222,0.191273,-3.1408072554263957,1.3062567720701161,-3.1024623717600806,0.054766935104992046,0.002222681553777544,0.19118612834342189,-0.26126336610289025,-0.038359374959899294,0.96450506058043761,-0.010222645274526931,0.99926398828257434,0.036972682418168597,-0.96521342254248543,-0.00020018563737605154,-0.26146320748727203,8.9884028692005554e-05,6.4077418858165413e-06
3.0200250148773193,1790953704.3730321,0.00059413909912109375,0.034609879067047558,0.034801865284766934,-0.034505159311927894,0.010384709049366262,0.35152676464417792,-0.010925761117484504,0.054789999999999998,0.002222,0.191273,-3.1408072554263957,1.3062567720701161,-3.1024623717600806,0.054766935104992046,0.002222681553777544,0.19118612834342189,-0.26126336610289025,-0.038359374959899294,0.96450506058043761,-0.010222645274526931,0.99926398828257434,0.036972682418168597,-0.96521342254248543,-0.00020018563737605154,-0.26146320748727203,8.9884028692005554e-05,6.4077418858165413e-06
3.0249989032745361,1790953704.378006,0.00057196617126464844,0.034609879067047558,0.034801865284766934,-0.034505159311927894,0.010384709049366262,0.35152676464417792,-0.010925761117484504,0.054789999999999998,0.002222,0.191273,-3.1408072554263957,1.3062567720701161,-3.1024623717600806,0.054766935104992046,0.002222681553777544,0.19118612834342189,-0.26126336610289025,-0.038359374959899294,0.96450506058043761,-0.010222645274526931,0.99926398828257434,0.036972682418168597,-0.96521342254248543,-0.00020018563737605154,-0.26146320748727203,8.9884028692005554e-05,6.4077418858165413e-06
3.030026912689209,1790953704.383034,0.00060105323791503906,0.034609879067047558,0.034801865284766934,-0.034505159311927894,0.010384709049366262,0.35152676464417792,-0.010925761117484504,0.054789999999999998,0.002222,0.191273,-3.1408072554263957,1.3062567720701161,-3.1024623717600806,0.054766935104992046,0.002222681553777544,0.19118612834342189,-0.26126336610289025,-0.038359374959899294,0.96450506058043761,-0.010222645274526931,0.99926398828257434,0.036972682418168597,-0.96521342254248543,-0.00020018563737605154,-0.26146320748727203,8.9884028692005554e-05,6.4077418858165413e-06
3.034998893737793,1790953704.388006,0.00059795379638671875,0.034609879067047558,0.034801865284766934,-0.034505159311927894,0.010384709049366262,0.35152676464417792,-0.010925761117484504,0.054789999999999998,0.002222,0.191273,-3.1408072554263957,1.3062567720701161,-3.1024623717600806,0.054766935104992046,0.002222681553777544,0.19118612834342189,-0.26126336610289025,-0.038359374959899294,0.96450506058043761,-0.010222645274526931,0.99926398828257434,0.036972682418168597,-0.96521342254248543,-0.00020018563737605154,-0.26146320748727203,8.9884028692005554e-05,6.4077418858165413e-06
3.0400228500366211,1790953704.3930299,0.00059986114501953125,0.034609879067047558,0.034801865284766934,-0.034505159311927894,0.010384709049366262,0.35152676464417792,-0.010925761117484504,0.054789999999999998,0.002222,0.191273,-3.1408072554263957,1.3062567720701161,-3.1024623717600806,0.054766935104992046,0.002222681553777544,0.19118612834342189,-0.26126336610289025,-0.038359374959899294,0.96450506058043761,-0.010222645274526931,0.99926398828257434,0.036972682418168597,-0.96521342254248543,-0.00020018563737605154,-0.26146320748727203,8.9884028692005554e-05,6.4077418858165413e-06
3.0449988842010498,1790953704.398006,0.00057387351989746094,0.034609879067047558,0.034801865284766934,-0.034505159311927894,0.010384709049366262,0.35152676464417792,-0.010925761117484504,0.054789999999999998,0.002222,0.191273,-3.1408072554263957,1.3062567720701161,-3.1024623717600806,0.054766935104992046,0.002222681553777544,0.19118612834342189,-0.26126336610289025,-0.038359374959899294,0.96450506058043761,-0.010222645274526931,0.99926398828257434,0.036972682418168597,-0.96521342254248543,-0.00020018563737605154,-0.26146320748727203,8.9884028692005554e-05,6.4077418858165413e-06
3.0500218868255615,1790953704.403029,0.000598907470703125,0.034609879067047558,0.034801865284766934,-0.034505159311927894,0.010384709049366262,0.35152676464417792,-0.010925761117484504,0.054789999999999998,0.002222,0.191273,-3.1408072554263957,1.3062567720701161,-3.1024623717600806,0.054766935104992046,0.002222681553777544,0.19118612834342189,-0.26126336610289025,-0.038359374959899294,0.96450506058043761,-0.010222645274526931,0.99926398828257434,0.036972682418168597,-0.96521342254248543,-0.00020018563737605154,-0.26146320748727203,8.9884028692005554e-05,6.4077418858165413e-06
3.0550010204315186,1790953704.4080081,0.00057721138000488281,0.034609879067047558,0.034801865284766934,-0.034505159311927894,0.010384709049366262,0.35152676464417792,-0.010925761117484504,0.054789999999999998,0.002222,0.191273,-3.1408072554263957,1.3062567720701161,-3.1024623717600806,0.054766935104992046,0.002222681553777544,0.19118612834342189,-0.26126336610289025,-0.038359374959899294,0.96450506058043761,-0.010222645274526931,0.99926398828257434,0.036972682418168597,-0.96521342254248543,-0.00020018563737605154,-0.26146320748727203,8.9884028692005554e-05,6.4077418858165413e-06
3.0600399971008301,1790953704.4130471,0.00061511993408203125,0.034609879067047558,0.034801865284766934,-0.034505159311927894,0.010384709049366262,0.35152676464417792,-0.010925761117484504,0.054789999999999998,0.002222,0.191273,-3.1408072554263957,1.3062567720701161,-3.1024623717600806,0.054766935104992046,0.002222681553777544,0.19118612834342189,-0.26126336610289025,-0.038359374959899294,0.96450506058043761,-0.010222645274526931,0.99926398828257434,0.036972682418168597,-0.96521342254248543,-0.00020018563737605154,-0.26146320748727203,8.9884028692005554e-05,6.4077418858165413e-06
3.0650010108947754,1790953704.4180081,0.00057506561279296875,0.034609879067047558,0.034801865284766934,-0.034505159311927894,0.010384709049366262,0.35152676464417792,-0.010925761117484504,0.054789999999999998,0.002222,0.191273,-3.1408072554263957,1.3062567720701161,-3.1024623717600806,0.054766935104992046,0.002222681553777544,0.19118612834342189,-0.26126336610289025,-0.038359374959899294,0.96450506058043761,-0.010222645274526931,0.99926398828257434,0.036972682418168597,-0.96521342254248543,-0.00020018563737605154,-0.26146320748727203,8.9884028692005554e-05,6.4077418858165413e-06
3.0700249671936035,1790953704.423032,0.00060105323791503906,0.034609879067047558,0.034801865284766934,-0.034505159311927894,0.010384709049366262,0.35152676464417792,-0.010925761117484504,0.054789999999999998,0.002222,0.191273,-3.1408072554263957,1.3062567720701161,-3.1024623717600806,0.054766935104992046,0.002222681553777544,0.19118612834342189,-0.26126336610289025,-0.038359374959899294,0.96450506058043761,-0.010222645274526931,0.99926398828257434,0.036972682418168597,-0.96521342254248543,-0.00020018563737605154,-0.26146320748727203,8.9884028692005554e-05,6.4077418858165413e-06
3.0749998092651367,1790953704.4280069,0.000598907470703125,0.034609879067047558,0.034801865284766934,-0.034505159311927894,0.010384709049366262,0.35152676464417792,-0.010925761117484504,0.054789999999999998,0.002222,0.191273,-3.1408072554263957,1.3062567720701161,-3.1024623717600806,0.054766935104992046,0.002222681553777544,0.19118612834342189,-0.26126336610289025,-0.038359374959899294,0.96450506058043761,-0.010222645274526931,0.99926398828257434,0.036972682418168597,-0.96521342254248543,-0.00020018563737605154,-0.26146320748727203,8.9884028692005554e-05,6.4077418858165413e-06
3.0800268650054932,1790953704.4330339,0.00060200691223144531,0.034609879067047558,0.034801865284766934,-0.034505159311927894,0.010384709049366262,0.35152676464417792,-0.010925761117484504,0.054789999999999998,0.002222,0.191273,-3.1408072554263957,1.3062567720701161,-3.1024623717600806,0.054766935104992046,0.002222681553777544,0.19118612834342189,-0.26126336610289025,-0.038359374959899294,0.96450506058043761,-0.010222645274526931,0.99926398828257434,0.036972682418168597,-0.96521342254248543,-0.00020018563737605154,-0.26146320748727203,8.9884028692005554e-05,6.4077418858165413e-06
3.0850238800048828,1790953704.438031,0.00062394142150878906,0.034609879067047558,0.034801865284766934,-0.034505159311927894,0.010384709049366262,0.35152676464417792,-0.010925761117484504,0.054789999999999998,0.002222,0.191273,-3.1408072554263957,1.3062567720701161,-3.1024623717600806,0.054766935104992046,0.002222681553777544,0.19118612834342189,-0.26126336610289025,-0.038359374959899294,0.96450506058043761,-0.010222645274526931,0.99926398828257434,0.036972682418168597,-0.96521342254248543,-0.00020018563737605154,-0.26146320748727203,8.9884028692005554e-05,6.4077418858165413e-06
3.0900218486785889,1790953704.4430289,0.0005970001220703125,0.034609879067047558,0.034801865284766934,-0.034505159311927894,0.010384709049366262,0.35152676464417792,-0.010925761117484504,0.054789999999999998,0.002222,0.191273,-3.1408072554263957,1.3062567720701161,-3.1024623717600806,0.054766935104992046,0.002222681553777544,0.19118612834342189,-0.26126336610289025,-0.038359374959899294,0.96450506058043761,-0.010222645274526931,0.99926398828257434,0.036972682418168597,-0.96521342254248543,-0.00020018563737605154,-0.26146320748727203,8.9884028692005554e-05,6.4077418858165413e-06
3.0950260162353516,1790953704.4480331,0.00062513351440429688,0.034609879067047558,0.034801865284766934,-0.034505159311927894,0.010384709049366262,0.35152676464417792,-0.010925761117484504,0.054789999999999998,0.002222,0.191273,-3.1408072554263957,1.3062567720701161,-3.1024623717600806,0.054766935104992046,0.002222681553777544,0.19118612834342189,-0.26126336610289025,-0.038359374959899294,0.96450506058043761,-0.010222645274526931,0.99926398828257434,0.036972682418168597,-0.96521342254248543,-0.00020018563737605154,-0.26146320748727203,8.9884028692005554e-05,6.4077418858165413e-06
3.100024938583374,1790953704.453032,0.00059604644775390625,0.034609879067047558,0.034801865284766934,-0.034505159311927894,0.010384709049366262,0.35152676464417792,-0.010925761117484504,0.054789999999999998,0.002222,0.191273,-3.1408072554263957,1.3062567720701161,-3.1024623717600806,0.054766935104992046,0.002222681553777544,0.19118612834342189,-0.26126336610289025,-0.038359374959899294,0.96450506058043761,-0.010222645274526931,0.99926398828257434,0.036972682418168597,-0.96521342254248543,-0.00020018563737605154,-0.26146320748727203,8.9884028692005554e-05,6.4077418858165413e-06
3.1050238609313965,1790953704.4580309,0.00059604644775390625,0.034609879067047558,0.034801865284766934,-0.034505159311927894,0.010384709049366262,0.35152676464417792,-0.010925761117484504,0.054789999999999998,0.002222,0.191273,-3.1408072554263957,1.3062567720701161,-3.1024623717600806,0.054766935104992046,0.002222681553777544,0.19118612834342189,-0.26126336610289025,-0.038359374959899294,0.96450506058043761,-0.010222645274526931,0.99926398828257434,0.036972682418168597,-0.96521342254248543,-0.00020018563737605154,-0.26146320748727203,8.9884028692005554e-05,6.4077418858165413e-06
3.1100289821624756,1790953704.4630361,0.00060415267944335938,0.034609879067047558,0.034801865284766934,-0.034505159311927894,0.010384709049366262,0.35152676464417792,-0.010925761117484504,0.054789999999999998,0.002222,0.191273,-3.1408072554263957,1.3062567720701161,-3.1024623717600806,0.054766935104992046,0.002222681553777544,0.19118612834342189,-0.26126336610289025,-0.038359374959899294,0.96450506058043761,-0.010222645274526931,0.99926398828257434,0.036972682418168597,-0.96521342254248543,-0.00020018563737605154,-0.26146320748727203,8.9884028692005554e-05,6.4077418858165413e-06
3.115001916885376,1790953704.468009,0.00057506561279296875,0.034609879067047558,0.034801865284766934,-0.034505159311927894,0.010384709049366262,0.35152676464417792,-0.010925761117484504,0.054789999999999998,0.002222,0.191273,-3.1408072554263957,1.3062567720701161,-3.1024623717600806,0.054766935104992046,0.002222681553777544,0.19118612834342189,-0.26126336610289025,-0.038359374959899294,0.96450506058043761,-0.010222645274526931,0.99926398828257434,0.036972682418168597,-0.96521342254248543,-0.00020018563737605154,-0.26146320748727203,8.9884028692005554e-05,6.4077418858165413e-06
3.1200509071350098,1790953704.473058,0.00062799453735351562,0.034609879067047558,0.034801865284766934,-0.034505159311927894,0.010384709049366262,0.35152676464417792,-0.010925761117484504,0.054789999999999998,0.002222,0.191273,-3.1408072554263957,1.3062567720701161,-3.1024623717600806,0.054766935104992046,0.002222681553777544,0.19118612834342189,-0.26126336610289025,-0.038359374959899294,0.96450506058043761,-0.010222645274526931,0.99926398828257434,0.036972682418168597,-0.96521342254248543,-0.00020018563737605154,-0.26146320748727203,8.9884028692005554e-05,6.4077418858165413e-06
3.1250009536743164,1790953704.478008,0.00060200691223144531,0.034609879067047558,0.034801865284766934,-0.034505159311927894,0.010384709049366262,0.35152676464417792,-0.010925761117484504,0.054789999999999998,0.002222,0.191273,-3.1408072554263957,1.3062567720701161,-3.1024623717600806,0.054766935104992046,0.002222681553777544,0.19118612834342189,-0.26126336610289025,-0.038359374959899294,0.96450506058043761,-0.010222645274526931,0.99926398828257434,0.036972682418168597,-0.96521342254248543,-0.00020018563737605154,-0.26146320748727203,8.9884028692005554e-05,6.4077418858165413e-06
3.1300258636474609,1790953704.4830329,0.00059986114501953125,0.034609879067047558,0.034801865284766934,-0.034505159311927894,0.010384709049366262,0.35152676464417792,-0.010925761117484504,0.054789999999999998,0.002222,0.191273,-3.1408072554263957,1.3062567720701161,-3.1024623717600806,0.054766935104992046,0.002222681553777544,0.19118612834342189,-0.26126336610289025,-0.038359374959899294,0.96450506058043761,-0.010222645274526931,0.99926398828257434,0.036972682418168597,-0.96521342254248543,-0.00020018563737605154,-0.26146320748727203,8.9884028692005554e-05,6.4077418858165413e-06
3.1349978446960449,1790953704.4880049,0.00057482719421386719,0.034609879067047558,0.034801865284766934,-0.034505159311927894,0.010384709049366262,0.35152676464417792,-0.010925761117484504,0.054789999999999998,0.002222,0.191273,-3.1408072554263957,1.3062567720701161,-3.1024623717600806,0.054766935104992046,0.002222681553777544,0.19118612834342189,-0.26126336610289025,-0.038359374959899294,0.96450506058043761,-0.010222645274526931,0.99926398828257434,0.036972682418168597,-0.96521342254248543,-0.00020018563737605154,-0.26146320748727203,8.9884028692005554e-05,6.4077418858165413e-06
3.1400258541107178,1790953704.4930329,0.00059986114501953125,0.034609879067047558,0.034801865284766934,-0.034505159311927894,0.010384709049366262,0.35152676464417792,-0.010925761117484504,0.054789999999999998,0.002222,0.191273,-3.1408072554263957,1.3062567720701161,-3.1024623717600806,0.054766935104992046,0.002222681553777544,0.19118612834342189,-0.26126336610289025,-0.038359374959899294,0.96450506058043761,-0.010222645274526931,0.99926398828257434,0.036972682418168597,-0.96521342254248543,-0.00020018563737605154,-0.26146320748727203,8.9884028692005554e-05,6.4077418858165413e-06
3.1450250148773193,1790953704.4980321,0.00062608718872070312,0.034609879067047558,0.034801865284766934,-0.034505159311927894,0.010384709049366262,0.35152676464417792,-0.010925761117484504,0.054789999999999998,0.002222,0.191273,-3.1408072554263957,1.3062567720701161,-3.1024623717600806,0.054766935104992046,0.002222681553777544,0.19118612834342189,-0.26126336610289025,-0.038359374959899294,0.96450506058043761,-0.010222645274526931,0.99926398828257434,0.036972682418168597,-0.96521342254248543,-0.00020018563737605154,-0.26146320748727203,8.9884028692005554e-05,6.4077418858165413e-06
3.1500248908996582,1790953704.503032,0.00059294700622558594,0.034609879067047558,0.034801865284766934,-0.034505159311927894,0.010384709049366262,0.35152676464417792,-0.010925761117484504,0.054789999999999998,0.002222,0.191273,-3.1408072554263957,1.3062567720701161,-3.1024623717600806,0.054766935104992046,0.002222681553777544,0.19118612834342189,-0.26126336610289025,-0.038359374959899294,0.96450506058043761,-0.010222645274526931,0.99926398828257434,0.036972682418168597,-0.96521342254248543,-0.00020018563737605154,-0.26146320748727203,8.9884028692005554e-05,6.4077418858165413e-06
3.1550009250640869,1790953704.508008,0.0005741119384765625,0.034609879067047558,0.034801865284766934,-0.034505159311927894,0.010384709049366262,0.35152676464417792,-0.010925761117484504,0.054789999999999998,0.002222,0.191273,-3.1408072554263957,1.3062567720701161,-3.1024623717600806,0.054766935104992046,0.002222681553777544,0.19118612834342189,-0.26126336610289025,-0.038359374959899294,0.96450506058043761,-0.010222645274526931,0.99926398828257434,0.036972682418168597,-0.96521342254248543,-0.00020018563737605154,-0.26146320748727203,8.9884028692005554e-05,6.4077418858165413e-06
3.160024881362915,1790953704.513032,0.0005970001220703125,0.034609879067047558,0.034801865284766934,-0.034505159311927894,0.010384709049366262,0.35152676464417792,-0.010925761117484504,0.054789999999999998,0.002222,0.191273,-3.1408072554263957,1.3062567720701161,-3.1024623717600806,0.054766935104992046,0.002222681553777544,0.19118612834342189,-0.26126336610289025,-0.038359374959899294,0.96450506058043761,-0.010222645274526931,0.99926398828257434,0.036972682418168597,-0.96521342254248543,-0.00020018563737605154,-0.26146320748727203,8.9884028692005554e-05,6.4077418858165413e-06
3.1649999618530273,1790953704.518007,0.00057315826416015625,0.034609879067047558,0.034801865284766934,-0.034505159311927894,0.010384709049366262,0.35152676464417792,-0.010925761117484504,0.054789999999999998,0.002222,0.191273,-3.1408072554263957,1.3062567720701161,-3.1024623717600806,0.054766935104992046,0.002222681553777544,0.19118612834342189,-0.26126336610289025,-0.038359374959899294,0.96450506058043761,-0.010222645274526931,0.99926398828257434,0.036972682418168597,-0.96521342254248543,-0.00020018563737605154,-0.26146320748727203,8.9884028692005554e-05,6.4077418858165413e-06
3.1700258255004883,1790953704.5230329,0.00060200691223144531,0.034609879067047558,0.034801865284766934,-0.034505159311927894,0.010384709049366262,0.35152676464417792,-0.010925761117484504,0.054789999999999998,0.002222,0.191273,-3.1408072554263957,1.3062567720701161,-3.1024623717600806,0.054766935104992046,0.002222681553777544,0.19118612834342189,-0.26126336610289025,-0.038359374959899294,0.96450506058043761,-0.010222645274526931,0.99926398828257434,0.036972682418168597,-0.96521342254248543,-0.00020018563737605154,-0.26146320748727203,8.9884028692005554e-05,6.4077418858165413e-06
3.1750009059906006,1790953704.528008,0.00057291984558105469,0.034609879067047558,0.034801865284766934,-0.034505159311927894,0.010384709049366262,0.35152676464417792,-0.010925761117484504,0.054789999999999998,0.002222,0.191273,-3.1408072554263957,1.3062567720701161,-3.1024623717600806,0.054766935104992046,0.002222681553777544,0.19118612834342189,-0.26126336610289025,-0.038359374959899294,0.96450506058043761,-0.010222645274526931,0.99926398828257434,0.036972682418168597,-0.96521342254248543,-0.00020018563737605154,-0.26146320748727203,8.9884028692005554e-05,6.4077418858165413e-06
3.1800270080566406,1790953704.5330341,0.00060009956359863281,0.034609879067047558,0.034801865284766934,-0.034505159311927894,0.010384709049366262,0.35152676464417792,-0.010925761117484504,0.054789999999999998,0.002222,0.191273,-3.1408072554263957,1.3062567720701161,-3.1024623717600806,0.054766935104992046,0.002222681553777544,0.19118612834342189,-0.26126336610289025,-0.038359374959899294,0.96450506058043761,-0.010222645274526931,0.99926398828257434,0.036972682418168597,-0.96521342254248543,-0.00020018563737605154,-0.26146320748727203,8.9884028692005554e-05,6.4077418858165413e-06
3.1850249767303467,1790953704.5380321,0.00060105323791503906,0.034609879067047558,0.034801865284766934,-0.034505159311927894,0.010384709049366262,0.35152676464417792,-0.010925761117484504,0.054789999999999998,0.002222,0.191273,-3.1408072554263957,1.3062567720701161,-3.1024623717600806,0.054766935104992046,0.002222681553777544,0.19118612834342189,-0.26126336610289025,-0.038359374959899294,0.96450506058043761,-0.010222645274526931,0.99926398828257434,0.036972682418168597,-0.96521342254248543,-0.00020018563737605154,-0.26146320748727203,8.9884028692005554e-05,6.4077418858165413e-06
3.1900248527526855,1790953704.5430319,0.00059604644775390625,0.034609879067047558,0.034801865284766934,-0.034505159311927894,0.010384709049366262,0.35152676464417792,-0.010925761117484504,0.054789999999999998,0.002222,0.191273,-3.1408072554263957,1.3062567720701161,-3.1024623717600806,0.054766935104992046,0.002222681553777544,0.19118612834342189,-0.26126336610289025,-0.038359374959899294,0.96450506058043761,-0.010222645274526931,0.99926398828257434,0.036972682418168597,-0.96521342254248543,-0.00020018563737605154,-0.26146320748727203,8.9884028692005554e-05,6.4077418858165413e-06
3.1950240135192871,1790953704.5480311,0.00062513351440429688,0.034609879067047558,0.034801865284766934,-0.034505159311927894,0.010384709049366262,0.35152676464417792,-0.010925761117484504,0.054789999999999998,0.002222,0.191273,-3.1408072554263957,1.3062567720701161,-3.1024623717600806,0.054766935104992046,0.002222681553777544,0.19118612834342189,-0.26126336610289025,-0.038359374959899294,0.96450506058043761,-0.010222645274526931,0.99926398828257434,0.036972682418168597,-0.96521342254248543,-0.00020018563737605154,-0.26146320748727203,8.9884028692005554e-05,6.4077418858165413e-06
3.200023889541626,1790953704.553031,0.00059986114501953125,0.034609879067047558,0.034801865284766934,-0.034505159311927894,0.010384709049366262,0.35152676464417792,-0.010925761117484504,0.054789999999999998,0.002222,0.191273,-3.1408072554263957,1.3062567720701161,-3.1024623717600806,0.054766935104992046,0.002222681553777544,0.19118612834342189,-0.26126336610289025,-0.038359374959899294,0.96450506058043761,-0.010222645274526931,0.99926398828257434,0.036972682418168597,-0.96521342254248543,-0.00020018563737605154,-0.26146320748727203,8.9884028692005554e-05,6.4077418858165413e-06
3.2050299644470215,1790953704.558037,0.00062608718872070312,0.034609879067047558,0.034801865284766934,-0.034505159311927894,0.010384709049366262,0.35152676464417792,-0.010925761117484504,0.054789999999999998,0.002222,0.191273,-3.1408072554263957,1.3062567720701161,-3.1024623717600806,0.054766935104992046,0.002222681553777544,0.19118612834342189,-0.26126336610289025,-0.038359374959899294,0.96450506058043761,-0.010222645274526931,0.99926398828257434,0.036972682418168597,-0.96521342254248543,-0.00020018563737605154,-0.26146320748727203,8.9884028692005554e-05,6.4077418858165413e-06
3.2100260257720947,1790953704.5630331,0.00060200691223144531,0.034609879067047558,0.034801865284766934,-0.034505159311927894,0.010384709049366262,0.35152676464417792,-0.010925761117484504,0.054789999999999998,0.002222,0.191273,-3.1408072554263957,1.3062567720701161,-3.1024623717600806,0.054766935104992046,0.002222681553777544,0.19118612834342189,-0.26126336610289025,-0.038359374959899294,0.96450506058043761,-0.010222645274526931,0.99926398828257434,0.036972682418168597,-0.96521342254248543,-0.00020018563737605154,-0.26146320748727203,8.9884028692005554e-05,6.4077418858165413e-06
3.2149999141693115,1790953704.568007,0.00057506561279296875,0.034609879067047558,0.034801865284766934,-0.034505159311927894,0.010384709049366262,0.35152676464417792,-0.010925761117484504,0.054789999999999998,0.002222,0.191273,-3.1408072554263957,1.3062567720701161,-3.1024623717600806,0.054766935104992046,0.002222681553777544,0.19118612834342189,-0.26126336610289025,-0.038359374959899294,0.96450506058043761,-0.010222645274526931,0.99926398828257434,0.036972682418168597,-0.96521342254248543,-0.00020018563737605154,-0.26146320748727203,8.9884028692005554e-05,6.4077418858165413e-06
3.2200260162353516,1790953704.5730331,0.00060200691223144531,0.034609879067047558,0.034801865284766934,-0.034505159311927894,0.010384709049366262,0.35152676464417792,-0.010925761117484504,0.054789999999999998,0.002222,0.191273,-3.1408072554263957,1.3062567720701161,-3.1024623717600806,0.054766935104992046,0.002222681553777544,0.19118612834342189,-0.26126336610289025,-0.038359374959899294,0.96450506058043761,-0.010222645274526931,0.99926398828257434,0.036972682418168597,-0.96521342254248543,-0.00020018563737605154,-0.26146320748727203,8.9884028692005554e-05,6.4077418858165413e-06
3.2250239849090576,1790953704.5780311,0.00062513351440429688,0.034609879067047558,0.034801865284766934,-0.034505159311927894,0.010384709049366262,0.35152676464417792,-0.010925761117484504,0.054789999999999998,0.002222,0.191273,-3.1408072554263957,1.3062567720701161,-3.1024623717600806,0.054766935104992046,0.002222681553777544,0.19118612834342189,-0.26126336610289025,-0.038359374959899294,0.96450506058043761,-0.010222645274526931,0.99926398828257434,0.036972682418168597,-0.96521342254248543,-0.00020018563737605154,-0.26146320748727203,8.9884028692005554e-05,6.4077418858165413e-06
3.2300248146057129,1790953704.5830319,0.0006008148193359375,0.034609879067047558,0.034801865284766934,-0.034505159311927894,0.010384709049366262,0.35152676464417792,-0.010925761117484504,0.054789999999999998,0.002222,0.191273,-3.1408072554263957,1.3062567720701161,-3.1024623717600806,0.054766935104992046,0.002222681553777544,0.19118612834342189,-0.26126336610289025,-0.038359374959899294,0.96450506058043761,-0.010222645274526931,0.99926398828257434,0.036972682418168597,-0.96521342254248543,-0.00020018563737605154,-0.26146320748727203,8.9884028692005554e-05,6.4077418858165413e-06
3.2350239753723145,1790953704.5880311,0.00062513351440429688,0.034609879067047558,0.034801865284766934,-0.034505159311927894,0.010384709049366262,0.35152676464417792,-0.010925761117484504,0.054789999999999998,0.002222,0.191273,-3.1408072554263957,1.3062567720701161,-3.1024623717600806,0.054766935104992046,0.002222681553777544,0.19118612834342189,-0.26126336610289025,-0.038359374959899294,0.96450506058043761,-0.010222645274526931,0.99926398828257434,0.036972682418168597,-0.96521342254248543,-0.00020018563737605154,-0.26146320748727203,8.9884028692005554e-05,6.4077418858165413e-06
3.2400259971618652,1790953704.5930331,0.00060200691223144531,0.034609879067047558,0.034801865284766934,-0.034505159311927894,0.010384709049366262,0.35152676464417792,-0.010925761117484504,0.054789999999999998,0.002222,0.191273,-3.1408072554263957,1.3062567720701161,-3.1024623717600806,0.054766935104992046,0.002222681553777544,0.19118612834342189,-0.26126336610289025,-0.038359374959899294,0.96450506058043761,-0.010222645274526931,0.99926398828257434,0.036972682418168597,-0.96521342254248543,-0.00020018563737605154,-0.26146320748727203,8.9884028692005554e-05,6.4077418858165413e-06
3.2450239658355713,1790953704.598031,0.00060009956359863281,0.034609879067047558,0.034801865284766934,-0.034505159311927894,0.010384709049366262,0.35152676464417792,-0.010925761117484504,0.054789999999999998,0.002222,0.191273,-3.1408072554263957,1.3062567720701161,-3.1024623717600806,0.054766935104992046,0.002222681553777544,0.19118612834342189,-0.26126336610289025,-0.038359374959899294,0.96450506058043761,-0.010222645274526931,0.99926398828257434,0.036972682418168597,-0.96521342254248543,-0.00020018563737605154,-0.26146320748727203,8.9884028692005554e-05,6.4077418858165413e-06
3.2500259876251221,1790953704.6030331,0.00060105323791503906,0.034609879067047558,0.034801865284766934,-0.034505159311927894,0.010384709049366262,0.35152676464417792,-0.010925761117484504,0.054789999999999998,0.002222,0.191273,-3.1408072554263957,1.3062567720701161,-3.1024623717600806,0.054766935104992046,0.002222681553777544,0.19118612834342189,-0.26126336610289025,-0.038359374959899294,0.96450506058043761,-0.010222645274526931,0.99926398828257434,0.036972682418168597,-0.96521342254248543,-0.00020018563737605154,-0.26146320748727203,8.9884028692005554e-05,6.4077418858165413e-06
3.2550258636474609,1790953704.6080329,0.00060105323791503906,0.034609879067047558,0.034801865284766934,-0.034505159311927894,0.010384709049366262,0.35152676464417792,-0.010925761117484504,0.054789999999999998,0.002222,0.191273,-3.1408072554263957,1.3062567720701161,-3.1024623717600806,0.054766935104992046,0.002222681553777544,0.19118612834342189,-0.26126336610289025,-0.038359374959899294,0.96450506058043761,-0.010222645274526931,0.99926398828257434,0.036972682418168597,-0.96521342254248543,-0.00020018563737605154,-0.26146320748727203,8.9884028692005554e-05,6.4077418858165413e-06
3.2600259780883789,1790953704.6130331,0.00060200691223144531,0.034609879067047558,0.034801865284766934,-0.034505159311927894,0.010384709049366262,0.35152676464417792,-0.010925761117484504,0.054789999999999998,0.002222,0.191273,-3.1408072554263957,1.3062567720701161,-3.1024623717600806,0.054766935104992046,0.002222681553777544,0.19118612834342189,-0.26126336610289025,-0.038359374959899294,0.96450506058043761,-0.010222645274526931,0.99926398828257434,0.036972682418168597,-0.96521342254248543,-0.00020018563737605154,-0.26146320748727203,8.9884028692005554e-05,6.4077418858165413e-06
3.2650268077850342,1790953704.6180339,0.00059986114501953125,0.034609879067047558,0.034801865284766934,-0.034505159311927894,0.010384709049366262,0.35152676464417792,-0.010925761117484504,0.054789999999999998,0.002222,0.191273,-3.1408072554263957,1.3062567720701161,-3.1024623717600806,0.054766935104992046,0.002222681553777544,0.19118612834342189,-0.26126336610289025,-0.038359374959899294,0.96450506058043761,-0.010222645274526931,0.99926398828257434,0.036972682418168597,-0.96521342254248543,-0.00020018563737605154,-0.26146320748727203,8.9884028692005554e-05,6.4077418858165413e-06
3.2700250148773193,1790953704.6230321,0.00060105323791503906,0.034609879067047558,0.034801865284766934,-0.034505159311927894,0.010384709049366262,0.35152676464417792,-0.010925761117484504,0.054789999999999998,0.002222,0.191273,-3.1408072554263957,1.3062567720701161,-3.1024623717600806,0.054766935104992046,0.002222681553777544,0.19118612834342189,-0.26126336610289025,-0.038359374959899294,0.96450506058043761,-0.010222645274526931,0.99926398828257434,0.036972682418168597,-0.96521342254248543,-0.00020018563737605154,-0.26146320748727203,8.9884028692005554e-05,6.4077418858165413e-06
3.2750258445739746,1790953704.6280329,0.00062084197998046875,0.034609879067047558,0.034801865284766934,-0.034505159311927894,0.010384709049366262,0.35152676464417792,-0.010925761117484504,0.054789999999999998,0.002222,0.191273,-3.1408072554263957,1.3062567720701161,-3.1024623717600806,0.054766935104992046,0.002222681553777544,0.19118612834342189,-0.26126336610289025,-0.038359374959899294,0.96450506058043761,-0.010222645274526931,0.99926398828257434,0.036972682418168597,-0.96521342254248543,-0.00020018563737605154,-0.26146320748727203,8.9884028692005554e-05,6.4077418858165413e-06
3.2800259590148926,1790953704.633033,0.00060200691223144531,0.034609879067047558,0.034801865284766934,-0.034505159311927894,0.010384709049366262,0.35152676464417792,-0.010925761117484504,0.054789999999999998,0.002222,0.191273,-3.1408072554263957,1.3062567720701161,-3.1024623717600806,0.054766935104992046,0.002222681553777544,0.19118612834342189,-0.26126336610289025,-0.038359374959899294,0.96450506058043761,-0.010222645274526931,0.99926398828257434,0.036972682418168597,-0.96521342254248543,-0.00020018563737605154,-0.26146320748727203,8.9884028692005554e-05,6.4077418858165413e-06
3.285027027130127,1790953704.6380341,0.00060200691223144531,0.034609879067047558,0.034801865284766934,-0.034505159311927894,0.010384709049366262,0.35152676464417792,-0.010925761117484504,0.054789999999999998,0.002222,0.191273,-3.1408072554263957,1.3062567720701161,-3.1024623717600806,0.054766935104992046,0.002222681553777544,0.19118612834342189,-0.26126336610289025,-0.038359374959899294,0.96450506058043761,-0.010222645274526931,0.99926398828257434,0.036972682418168597,-0.96521342254248543,-0.00020018563737605154,-0.26146320748727203,8.9884028692005554e-05,6.4077418858165413e-06
3.2900269031524658,1790953704.643034,0.00060009956359863281,0.034609879067047558,0.034801865284766934,-0.034505159311927894,0.010384709049366262,0.35152676464417792,-0.010925761117484504,0.054789999999999998,0.002222,0.191273,-3.1408072554263957,1.3062567720701161,-3.1024623717600806,0.054766935104992046,0.002222681553777544,0.19118612834342189,-0.26126336610289025,-0.038359374959899294,0.96450506058043761,-0.010222645274526931,0.99926398828257434,0.036972682418168597,-0.96521342254248543,-0.00020018563737605154,-0.26146320748727203,8.9884028692005554e-05,6.4077418858165413e-06
3.2950019836425781,1790953704.6480091,0.00057506561279296875,0.034609879067047558,0.034801865284766934,-0.034505159311927894,0.010384709049366262,0.35152676464417792,-0.010925761117484504,0.054789999999999998,0.002222,0.191273,-3.1408072554263957,1.3062567720701161,-3.1024623717600806,0.054766935104992046,0.002222681553777544,0.19118612834342189,-0.26126336610289025,-0.038359374959899294,0.96450506058043761,-0.010222645274526931,0.99926398828257434,0.036972682418168597,-0.96521342254248543,-0.00020018563737605154,-0.26146320748727203,8.9884028692005554e-05,6.4077418858165413e-06
3.3000249862670898,1790953704.6530321,0.00060009956359863281,0.034609879067047558,0.034801865284766934,-0.034505159311927894,0.010384709049366262,0.35152676464417792,-0.010925761117484504,0.054789999999999998,0.002222,0.191273,-3.1408072554263957,1.3062567720701161,-3.1024623717600806,0.054766935104992046,0.002222681553777544,0.19118612834342189,-0.26126336610289025,-0.038359374959899294,0.96450506058043761,-0.010222645274526931,0.99926398828257434,0.036972682418168597,-0.96521342254248543,-0.00020018563737605154,-0.26146320748727203,8.9884028692005554e-05,6.4077418858165413e-06
3.3050010204315186,1790953704.6580081,0.00060200691223144531,0.034609879067047558,0.034801865284766934,-0.034505159311927894,0.010384709049366262,0.35152676464417792,-0.010925761117484504,0.054789999999999998,0.002222,0.191273,-3.1408072554263957,1.3062567720701161,-3.1024623717600806,0.054766935104992046,0.002222681553777544,0.19118612834342189,-0.26126336610289025,-0.038359374959899294,0.96450506058043761,-0.010222645274526931,0.99926398828257434,0.036972682418168597,-0.96521342254248543,-0.00020018563737605154,-0.26146320748727203,8.9884028692005554e-05,6.4077418858165413e-06
3.3100268840789795,1790953704.663034,0.00060296058654785156,0.034609879067047558,0.034801865284766934,-0.034505159311927894,0.010384709049366262,0.35152676464417792,-0.010925761117484504,0.054789999999999998,0.002222,0.191273,-3.1408072554263957,1.3062567720701161,-3.1024623717600806,0.054766935104992046,0.002222681553777544,0.19118612834342189,-0.26126336610289025,-0.038359374959899294,0.96450506058043761,-0.010222645274526931,0.99926398828257434,0.036972682418168597,-0.96521342254248543,-0.00020018563737605154,-0.26146320748727203,8.9884028692005554e-05,6.4077418858165413e-06
3.3150269985198975,1790953704.6680341,0.00061798095703125,0.034609879067047558,0.034801865284766934,-0.034505159311927894,0.010384709049366262,0.35152676464417792,-0.010925761117484504,0.054789999999999998,0.002222,0.191273,-3.1408072554263957,1.3062567720701161,-3.1024623717600806,0.054766935104992046,0.002222681553777544,0.19118612834342189,-0.26126336610289025,-0.038359374959899294,0.96450506058043761,-0.010222645274526931,0.99926398828257434,0.036972682418168597,-0.96521342254248543,-0.00020018563737605154,-0.26146320748727203,8.9884028692005554e-05,6.4077418858165413e-06
3.3200268745422363,1790953704.673034,0.00060200691223144531,0.034609879067047558,0.034801865284766934,-0.034505159311927894,0.010384709049366262,0.35152676464417792,-0.010925761117484504,0.054789999999999998,0.002222,0.191273,-3.1408072554263957,1.3062567720701161,-3.1024623717600806,0.054766935104992046,0.002222681553777544,0.19118612834342189,-0.26126336610289025,-0.038359374959899294,0.96450506058043761,-0.010222645274526931,0.99926398828257434,0.036972682418168597,-0.96521342254248543,-0.00020018563737605154,-0.26146320748727203,8.9884028692005554e-05,6.4077418858165413e-06
3.3250298500061035,1790953704.6780369,0.00060486793518066406,0.034609879067047558,0.034801865284766934,-0.034505159311927894,0.010384709049366262,0.35152676464417792,-0.010925761117484504,0.054789999999999998,0.002222,0.191273,-3.1408072554263957,1.3062567720701161,-3.1024623717600806,0.054766935104992046,0.002222681553777544,0.19118612834342189,-0.26126336610289025,-0.038359374959899294,0.96450506058043761,-0.010222645274526931,0.99926398828257434,0.036972682418168597,-0.96521342254248543,-0.00020018563737605154,-0.26146320748727203,8.9884028692005554e-05,6.4077418858165413e-06
3.3300268650054932,1790953704.6830339,0.00060200691223144531,0.034609879067047558,0.034801865284766934,-0.034505159311927894,0.010384709049366262,0.35152676464417792,-0.010925761117484504,0.054789999999999998,0.002222,0.191273,-3.1408072554263957,1.3062567720701161,-3.1024623717600806,0.054766935104992046,0.002222681553777544,0.19118612834342189,-0.26126336610289025,-0.038359374959899294,0.96450506058043761,-0.010222645274526931,0.99926398828257434,0.036972682418168597,-0.96521342254248543,-0.00020018563737605154,-0.26146320748727203,8.9884028692005554e-05,6.4077418858165413e-06
3.3350269794464111,1790953704.6880341,0.00062513351440429688,0.034609879067047558,0.034801865284766934,-0.034505159311927894,0.010384709049366262,0.35152676464417792,-0.010925761117484504,0.054789999999999998,0.002222,0.191273,-3.1408072554263957,1.3062567720701161,-3.1024623717600806,0.054766935104992046,0.002222681553777544,0.19118612834342189,-0.26126336610289025,-0.038359374959899294,0.96450506058043761,-0.010222645274526931,0.99926398828257434,0.036972682418168597,-0.96521342254248543,-0.00020018563737605154,-0.26146320748727203,8.9884028692005554e-05,6.4077418858165413e-06
3.34002685546875,1790953704.6930339,0.00060200691223144531,0.034609879067047558,0.034801865284766934,-0.034505159311927894,0.010384709049366262,0.35152676464417792,-0.010925761117484504,0.054789999999999998,0.002222,0.191273,-3.1408072554263957,1.3062567720701161,-3.1024623717600806,0.054766935104992046,0.002222681553777544,0.19118612834342189,-0.26126336610289025,-0.038359374959899294,0.96450506058043761,-0.010222645274526931,0.99926398828257434,0.036972682418168597,-0.96521342254248543,-0.00020018563737605154,-0.26146320748727203,8.9884028692005554e-05,6.4077418858165413e-06
3.3450019359588623,1790953704.698009,0.00060200691223144531,0.034609879067047558,0.034801865284766934,-0.034505159311927894,0.010384709049366262,0.35152676464417792,-0.010925761117484504,0.054789999999999998,0.002222,0.191273,-3.1408072554263957,1.3062567720701161,-3.1024623717600806,0.054766935104992046,0.002222681553777544,0.19118612834342189,-0.26126336610289025,-0.038359374959899294,0.96450506058043761,-0.010222645274526931,0.99926398828257434,0.036972682418168597,-0.96521342254248543,-0.00020018563737605154,-0.26146320748727203,8.9884028692005554e-05,6.4077418858165413e-06
3.3500268459320068,1790953704.7030339,0.00060200691223144531,0.034609879067047558,0.034801865284766934,-0.034505159311927894,0.010384709049366262,0.35152676464417792,-0.010925761117484504,0.054789999999999998,0.002222,0.191273,-3.1408072554263957,1.3062567720701161,-3.1024623717600806,0.054766935104992046,0.002222681553777544,0.19118612834342189,-0.26126336610289025,-0.038359374959899294,0.96450506058043761,-0.010222645274526931,0.99926398828257434,0.036972682418168597,-0.96521342254248543,-0.00020018563737605154,-0.26146320748727203,8.9884028692005554e-05,6.4077418858165413e-06
3.3550260066986084,1790953704.7080331,0.00062608718872070312,0.034609879067047558,0.034801865284766934,-0.034505159311927894,0.010384709049366262,0.35152676464417792,-0.010925761117484504,0.054789999999999998,0.002222,0.191273,-3.1408072554263957,1.3062567720701161,-3.1024623717600806,0.054766935104992046,0.002222681553777544,0.19118612834342189,-0.26126336610289025,-0.038359374959899294,0.96450506058043761,-0.010222645274526931,0.99926398828257434,0.036972682418168597,-0.96521342254248543,-0.00020018563737605154,-0.26146320748727203,8.9884028692005554e-05,6.4077418858165413e-06
3.3600249290466309,1790953704.713032,0.0005970001220703125,0.034609879067047558,0.034801865284766934,-0.034505159311927894,0.010384709049366262,0.35152676464417792,-0.010925761117484504,0.054789999999999998,0.002222,0.191273,-3.1408072554263957,1.3062567720701161,-3.1024623717600806,0.054766935104992046,0.002222681553777544,0.19118612834342189,-0.26126336610289025,-0.038359374959899294,0.96450506058043761,-0.010222645274526931,0.99926398828257434,0.036972682418168597,-0.96521342254248543,-0.00020018563737605154,-0.26146320748727203,8.9884028692005554e-05,6.4077418858165413e-06
3.3650259971618652,1790953704.7180331,0.00062704086303710938,0.034609879067047558,0.034801865284766934,-0.034505159311927894,0.010384709049366262,0.35152676464417792,-0.010925761117484504,0.054789999999999998,0.002222,0.191273,-3.1408072554263957,1.3062567720701161,-3.1024623717600806,0.054766935104992046,0.002222681553777544,0.19118612834342189,-0.26126336610289025,-0.038359374959899294,0.96450506058043761,-0.010222645274526931,0.99926398828257434,0.036972682418168597,-0.96521342254248543,-0.00020018563737605154,-0.26146320748727203,8.9884028692005554e-05,6.4077418858165413e-06
3.3700258731842041,1790953704.723033,0.00060105323791503906,0.034609879067047558,0.034801865284766934,-0.034505159311927894,0.010384709049366262,0.35152676464417792,-0.010925761117484504,0.054789999999999998,0.002222,0.191273,-3.1408072554263957,1.3062567720701161,-3.1024623717600806,0.054766935104992046,0.002222681553777544,0.19118612834342189,-0.26126336610289025,-0.038359374959899294,0.96450506058043761,-0.010222645274526931,0.99926398828257434,0.036972682418168597,-0.96521342254248543,-0.00020018563737605154,-0.26146320748727203,8.9884028692005554e-05,6.4077418858165413e-06
3.3750269412994385,1790953704.728034,0.00060200691223144531,0.034609879067047558,0.034801865284766934,-0.034505159311927894,0.010384709049366262,0.35152676464417792,-0.010925761117484504,0.054789999999999998,0.002222,0.191273,-3.1408072554263957,1.3062567720701161,-3.1024623717600806,0.054766935104992046,0.002222681553777544,0.19118612834342189,-0.26126336610289025,-0.038359374959899294,0.96450506058043761,-0.010222645274526931,0.99926398828257434,0.036972682418168597,-0.96521342254248543,-0.00020018563737605154,-0.26146320748727203,8.9884028692005554e-05,6.4077418858165413e-06
3.3800268173217773,1790953704.7330339,0.00059580802917480469,0.034609879067047558,0.034801865284766934,-0.034505159311927894,0.010384709049366262,0.35152676464417792,-0.010925761117484504,0.054789999999999998,0.002222,0.191273,-3.1408072554263957,1.3062567720701161,-3.1024623717600806,0.054766935104992046,0.002222681553777544,0.19118612834342189,-0.26126336610289025,-0.038359374959899294,0.96450506058043761,-0.010222645274526931,0.99926398828257434,0.036972682418168597,-0.96521342254248543,-0.00020018563737605154,-0.26146320748727203,8.9884028692005554e-05,6.4077418858165413e-06
3.3850259780883789,1790953704.7380331,0.00062608718872070312,0.034609879067047558,0.034801865284766934,-0.034505159311927894,0.010384709049366262,0.35152676464417792,-0.010925761117484504,0.054789999999999998,0.002222,0.191273,-3.1408072554263957,1.3062567720701161,-3.1024623717600806,0.054766935104992046,0.002222681553777544,0.19118612834342189,-0.26126336610289025,-0.038359374959899294,0.96450506058043761,-0.010222645274526931,0.99926398828257434,0.036972682418168597,-0.96521342254248543,-0.00020018563737605154,-0.26146320748727203,8.9884028692005554e-05,6.4077418858165413e-06
3.3900289535522461,1790953704.743036,0.00060391426086425781,0.034609879067047558,0.034801865284766934,-0.034505159311927894,0.010384709049366262,0.35152676464417792,-0.010925761117484504,0.054789999999999998,0.002222,0.191273,-3.1408072554263957,1.3062567720701161,-3.1024623717600806,0.054766935104992046,0.002222681553777544,0.19118612834342189,-0.26126336610289025,-0.038359374959899294,0.96450506058043761,-0.010222645274526931,0.99926398828257434,0.036972682418168597,-0.96521342254248543,-0.00020018563737605154,-0.26146320748727203,8.9884028692005554e-05,6.4077418858165413e-06
3.3950250148773193,1790953704.7480321,0.00062417984008789062,0.034609879067047558,0.034801865284766934,-0.034505159311927894,0.010384709049366262,0.35152676464417792,-0.010925761117484504,0.054789999999999998,0.002222,0.191273,-3.1408072554263957,1.3062567720701161,-3.1024623717600806,0.054766935104992046,0.002222681553777544,0.19118612834342189,-0.26126336610289025,-0.038359374959899294,0.96450506058043761,-0.010222645274526931,0.99926398828257434,0.036972682418168597,-0.96521342254248543,-0.00020018563737605154,-0.26146320748727203,8.9884028692005554e-05,6.4077418858165413e-06
3.4000270366668701,1790953704.7530341,0.00059604644775390625,0.034609879067047558,0.034801865284766934,-0.034505159311927894,0.010384709049366262,0.35152676464417792,-0.010925761117484504,0.054789999999999998,0.002222,0.191273,-3.1408072554263957,1.3062567720701161,-3.1024623717600806,0.054766935104992046,0.002222681553777544,0.19118612834342189,-0.26126336610289025,-0.038359374959899294,0.96450506058043761,-0.010222645274526931,0.99926398828257434,0.036972682418168597,-0.96521342254248543,-0.00020018563737605154,-0.26146320748727203,8.9884028692005554e-05,6.4077418858165413e-06
3.4050259590148926,1790953704.758033,0.00060009956359863281,0.034609879067047558,0.034801865284766934,-0.034505159311927894,0.010384709049366262,0.35152676464417792,-0.010925761117484504,0.054789999999999998,0.002222,0.191273,-3.1408072554263957,1.3062567720701161,-3.1024623717600806,0.054766935104992046,0.002222681553777544,0.19118612834342189,-0.26126336610289025,-0.038359374959899294,0.96450506058043761,-0.010222645274526931,0.99926398828257434,0.036972682418168597,-0.96521342254248543,-0.00020018563737605154,-0.26146320748727203,8.9884028692005554e-05,6.4077418858165413e-06
3.4100258350372314,1790953704.7630329,0.0006008148193359375,0.034609879067047558,0.034801865284766934,-0.034505159311927894,0.010384709049366262,0.35152676464417792,-0.010925761117484504,0.054789999999999998,0.002222,0.191273,-3.1408072554263957,1.3062567720701161,-3.1024623717600806,0.054766935104992046,0.002222681553777544,0.19118612834342189,-0.26126336610289025,-0.038359374959899294,0.96450506058043761,-0.010222645274526931,0.99926398828257434,0.036972682418168597,-0.96521342254248543,-0.00020018563737605154,-0.26146320748727203,8.9884028692005554e-05,6.4077418858165413e-06
3.415024995803833,1790953704.7680321,0.00060009956359863281,0.034609879067047558,0.034801865284766934,-0.034505159311927894,0.010384709049366262,0.35152676464417792,-0.010925761117484504,0.054789999999999998,0.002222,0.191273,-3.1408072554263957,1.3062567720701161,-3.1024623717600806,0.054766935104992046,0.002222681553777544,0.19118612834342189,-0.26126336610289025,-0.038359374959899294,0.96450506058043761,-0.010222645274526931,0.99926398828257434,0.036972682418168597,-0.96521342254248543,-0.00020018563737605154,-0.26146320748727203,8.9884028692005554e-05,6.4077418858165413e-06
3.4200270175933838,1790953704.7730341,0.00060200691223144531,0.034609879067047558,0.034801865284766934,-0.034505159311927894,0.010384709049366262,0.35152676464417792,-0.010925761117484504,0.054789999999999998,0.002222,0.191273,-3.1408072554263957,1.3062567720701161,-3.1024623717600806,0.054766935104992046,0.002222681553777544,0.19118612834342189,-0.26126336610289025,-0.038359374959899294,0.96450506058043761,-0.010222645274526931,0.99926398828257434,0.036972682418168597,-0.96521342254248543,-0.00020018563737605154,-0.26146320748727203,8.9884028692005554e-05,6.4077418858165413e-06
3.4250268936157227,1790953704.778034,0.0005970001220703125,0.034609879067047558,0.034801865284766934,-0.034505159311927894,0.010384709049366262,0.35152676464417792,-0.010925761117484504,0.054789999999999998,0.002222,0.191273,-3.1408072554263957,1.3062567720701161,-3.1024623717600806,0.054766935104992046,0.002222681553777544,0.19118612834342189,-0.26126336610289025,-0.038359374959899294,0.96450506058043761,-0.010222645274526931,0.99926398828257434,0.036972682418168597,-0.96521342254248543,-0.00020018563737605154,-0.26146320748727203,8.9884028692005554e-05,6.4077418858165413e-06
3.4300270080566406,1790953704.7830341,0.00059819221496582031,0.034609879067047558,0.034801865284766934,-0.034505159311927894,0.010384709049366262,0.35152676464417792,-0.010925761117484504,0.054789999999999998,0.002222,0.191273,-3.1408072554263957,1.3062567720701161,-3.1024623717600806,0.054766935104992046,0.002222681553777544,0.19118612834342189,-0.26126336610289025,-0.038359374959899294,0.96450506058043761,-0.010222645274526931,0.99926398828257434,0.036972682418168597,-0.96521342254248543,-0.00020018563737605154,-0.26146320748727203,8.9884028692005554e-05,6.4077418858165413e-06
3.4350008964538574,1790953704.788008,0.00057387351989746094,0.034609879067047558,0.034801865284766934,-0.034505159311927894,0.010384709049366262,0.35152676464417792,-0.010925761117484504,0.054789999999999998,0.002222,0.191273,-3.1408072554263957,1.3062567720701161,-3.1024623717600806,0.054766935104992046,0.002222681553777544,0.19118612834342189,-0.26126336610289025,-0.038359374959899294,0.96450506058043761,-0.010222645274526931,0.99926398828257434,0.036972682418168597,-0.96521342254248543,-0.00020018563737605154,-0.26146320748727203,8.9884028692005554e-05,6.4077418858165413e-06
3.4400269985198975,1790953704.7930341,0.00060200691223144531,0.034609879067047558,0.034801865284766934,-0.034505159311927894,0.010384709049366262,0.35152676464417792,-0.010925761117484504,0.054789999999999998,0.002222,0.191273,-3.1408072554263957,1.3062567720701161,-3.1024623717600806,0.054766935104992046,0.002222681553777544,0.19118612834342189,-0.26126336610289025,-0.038359374959899294,0.96450506058043761,-0.010222645274526931,0.99926398828257434,0.036972682418168597,-0.96521342254248543,-0.00020018563737605154,-0.26146320748727203,8.9884028692005554e-05,6.4077418858165413e-06
3.4449999332427979,1790953704.798007,0.000598907470703125,0.034609879067047558,0.034801865284766934,-0.034505159311927894,0.010384709049366262,0.35152676464417792,-0.010925761117484504,0.054789999999999998,0.002222,0.191273,-3.1408072554263957,1.3062567720701161,-3.1024623717600806,0.054766935104992046,0.002222681553777544,0.19118612834342189,-0.26126336610289025,-0.038359374959899294,0.96450506058043761,-0.010222645274526931,0.99926398828257434,0.036972682418168597,-0.96521342254248543,-0.00020018563737605154,-0.26146320748727203,8.9884028692005554e-05,6.4077418858165413e-06
3.4500288963317871,1790953704.803036,0.00059986114501953125,0.034609879067047558,0.034801865284766934,-0.034505159311927894,0.010384709049366262,0.35152676464417792,-0.010925761117484504,0.054789999999999998,0.002222,0.191273,-3.1408072554263957,1.3062567720701161,-3.1024623717600806,0.054766935104992046,0.002222681553777544,0.19118612834342189,-0.26126336610289025,-0.038359374959899294,0.96450506058043761,-0.010222645274526931,0.99926398828257434,0.036972682418168597,-0.96521342254248543,-0.00020018563737605154,-0.26146320748727203,8.9884028692005554e-05,6.4077418858165413e-06
3.4550259113311768,1790953704.808033,0.00062704086303710938,0.034609879067047558,0.034801865284766934,-0.034505159311927894,0.010384709049366262,0.35152676464417792,-0.010925761117484504,0.054789999999999998,0.002222,0.191273,-3.1408072554263957,1.3062567720701161,-3.1024623717600806,0.054766935104992046,0.002222681553777544,0.19118612834342189,-0.26126336610289025,-0.038359374959899294,0.96450506058043761,-0.010222645274526931,0.99926398828257434,0.036972682418168597,-0.96521342254248543,-0.00020018563737605154,-0.26146320748727203,8.9884028692005554e-05,6.4077418858165413e-06
3.4600269794464111,1790953704.8130341,0.00059914588928222656,0.034609879067047558,0.034801865284766934,-0.034505159311927894,0.010384709049366262,0.35152676464417792,-0.010925761117484504,0.054789999999999998,0.002222,0.191273,-3.1408072554263957,1.3062567720701161,-3.1024623717600806,0.054766935104992046,0.002222681553777544,0.19118612834342189,-0.26126336610289025,-0.038359374959899294,0.96450506058043761,-0.010222645274526931,0.99926398828257434,0.036972682418168597,-0.96521342254248543,-0.00020018563737605154,-0.26146320748727203,8.9884028692005554e-05,6.4077418858165413e-06
3.4650230407714844,1790953704.8180301,0.00062513351440429688,0.034609879067047558,0.034801865284766934,-0.034505159311927894,0.010384709049366262,0.35152676464417792,-0.010925761117484504,0.054789999999999998,0.002222,0.191273,-3.1408072554263957,1.3062567720701161,-3.1024623717600806,0.054766935104992046,0.002222681553777544,0.19118612834342189,-0.26126336610289025,-0.038359374959899294,0.96450506058043761,-0.010222645274526931,0.99926398828257434,0.036972682418168597,-0.96521342254248543,-0.00020018563737605154,-0.26146320748727203,8.9884028692005554e-05,6.4077418858165413e-06
3.4700279235839844,1790953704.823035,0.00060200691223144531,0.034609879067047558,0.034801865284766934,-0.034505159311927894,0.010384709049366262,0.35152676464417792,-0.010925761117484504,0.054789999999999998,0.002222,0.191273,-3.1408072554263957,1.3062567720701161,-3.1024623717600806,0.054766935104992046,0.002222681553777544,0.19118612834342189,-0.26126336610289025,-0.038359374959899294,0.96450506058043761,-0.010222645274526931,0.99926398828257434,0.036972682418168597,-0.96521342254248543,-0.00020018563737605154,-0.26146320748727203,8.9884028692005554e-05,6.4077418858165413e-06
3.4750258922576904,1790953704.828033,0.00059986114501953125,0.034609879067047558,0.034801865284766934,-0.034505159311927894,0.010384709049366262,0.35152676464417792,-0.010925761117484504,0.054789999999999998,0.002222,0.191273,-3.1408072554263957,1.3062567720701161,-3.1024623717600806,0.054766935104992046,0.002222681553777544,0.19118612834342189,-0.26126336610289025,-0.038359374959899294,0.96450506058043761,-0.010222645274526931,0.99926398828257434,0.036972682418168597,-0.96521342254248543,-0.00020018563737605154,-0.26146320748727203,8.9884028692005554e-05,6.4077418858165413e-06
3.4800248146057129,1790953704.8330319,0.00059795379638671875,0.034609879067047558,0.034801865284766934,-0.034505159311927894,0.010384709049366262,0.35152676464417792,-0.010925761117484504,0.054789999999999998,0.002222,0.191273,-3.1408072554263957,1.3062567720701161,-3.1024623717600806,0.054766935104992046,0.002222681553777544,0.19118612834342189,-0.26126336610289025,-0.038359374959899294,0.96450506058043761,-0.010222645274526931,0.99926398828257434,0.036972682418168597,-0.96521342254248543,-0.00020018563737605154,-0.26146320748727203,8.9884028692005554e-05,6.4077418858165413e-06
3.4850280284881592,1790953704.8380351,0.00060200691223144531,0.034609879067047558,0.034801865284766934,-0.034505159311927894,0.010384709049366262,0.35152676464417792,-0.010925761117484504,0.054789999999999998,0.002222,0.191273,-3.1408072554263957,1.3062567720701161,-3.1024623717600806,0.054766935104992046,0.002222681553777544,0.19118612834342189,-0.26126336610289025,-0.038359374959899294,0.96450506058043761,-0.010222645274526931,0.99926398828257434,0.036972682418168597,-0.96521342254248543,-0.00020018563737605154,-0.26146320748727203,8.9884028692005554e-05,6.4077418858165413e-06
3.4900269508361816,1790953704.843034,0.00060200691223144531,0.034609879067047558,0.034801865284766934,-0.034505159311927894,0.010384709049366262,0.35152676464417792,-0.010925761117484504,0.054789999999999998,0.002222,0.191273,-3.1408072554263957,1.3062567720701161,-3.1024623717600806,0.054766935104992046,0.002222681553777544,0.19118612834342189,-0.26126336610289025,-0.038359374959899294,0.96450506058043761,-0.010222645274526931,0.99926398828257434,0.036972682418168597,-0.96521342254248543,-0.00020018563737605154,-0.26146320748727203,8.9884028692005554e-05,6.4077418858165413e-06
3.4950258731842041,1790953704.848033,0.00062394142150878906,0.034609879067047558,0.034801865284766934,-0.034505159311927894,0.010384709049366262,0.35152676464417792,-0.010925761117484504,0.054789999999999998,0.002222,0.191273,-3.1408072554263957,1.3062567720701161,-3.1024623717600806,0.054766935104992046,0.002222681553777544,0.19118612834342189,-0.26126336610289025,-0.038359374959899294,0.96450506058043761,-0.010222645274526931,0.99926398828257434,0.036972682418168597,-0.96521342254248543,-0.00020018563737605154,-0.26146320748727203,8.9884028692005554e-05,6.4077418858165413e-06
3.5000250339508057,1790953704.8530321,0.00059914588928222656,0.034609879067047558,0.034801865284766934,-0.034505159311927894,0.010384709049366262,0.35152676464417792,-0.010925761117484504,0.054789999999999998,0.002222,0.191273,-3.1408072554263957,1.3062567720701161,-3.1024623717600806,0.054766935104992046,0.002222681553777544,0.19118612834342189,-0.26126336610289025,-0.038359374959899294,0.96450506058043761,-0.010222645274526931,0.99926398828257434,0.036972682418168597,-0.96521342254248543,-0.00020018563737605154,-0.26146320748727203,8.9884028692005554e-05,6.4077418858165413e-06
3.5050239562988281,1790953704.858031,0.00062394142150878906,0.034609879067047558,0.034801865284766934,-0.034505159311927894,0.010384709049366262,0.35152676464417792,-0.010925761117484504,0.054789999999999998,0.002222,0.191273,-3.1408072554263957,1.3062567720701161,-3.1024623717600806,0.054766935104992046,0.002222681553777544,0.19118612834342189,-0.26126336610289025,-0.038359374959899294,0.96450506058043761,-0.010222645274526931,0.99926398828257434,0.036972682418168597,-0.96521342254248543,-0.00020018563737605154,-0.26146320748727203,8.9884028692005554e-05,6.4077418858165413e-06
3.5100259780883789,1790953704.8630331,0.00060009956359863281,0.034609879067047558,0.034801865284766934,-0.034505159311927894,0.010384709049366262,0.35152676464417792,-0.010925761117484504,0.054789999999999998,0.002222,0.191273,-3.1408072554263957,1.3062567720701161,-3.1024623717600806,0.054766935104992046,0.002222681553777544,0.19118612834342189,-0.26126336610289025,-0.038359374959899294,0.96450506058043761,-0.010222645274526931,0.99926398828257434,0.036972682418168597,-0.96521342254248543,-0.00020018563737605154,-0.26146320748727203,8.9884028692005554e-05,6.4077418858165413e-06
3.5150258541107178,1790953704.8680329,0.00062394142150878906,0.034609879067047558,0.034801865284766934,-0.034505159311927894,0.010384709049366262,0.35152676464417792,-0.010925761117484504,0.054789999999999998,0.002222,0.191273,-3.1408072554263957,1.3062567720701161,-3.1024623717600806,0.054766935104992046,0.002222681553777544,0.19118612834342189,-0.26126336610289025,-0.038359374959899294,0.96450506058043761,-0.010222645274526931,0.99926398828257434,0.036972682418168597,-0.96521342254248543,-0.00020018563737605154,-0.26146320748727203,8.9884028692005554e-05,6.4077418858165413e-06
3.5200259685516357,1790953704.873033,0.00059914588928222656,0.034609879067047558,0.034801865284766934,-0.034505159311927894,0.010384709049366262,0.35152676464417792,-0.010925761117484504,0.054789999999999998,0.002222,0.191273,-3.1408072554263957,1.3062567720701161,-3.1024623717600806,0.054766935104992046,0.002222681553777544,0.19118612834342189,-0.26126336610289025,-0.038359374959899294,0.96450506058043761,-0.010222645274526931,0.99926398828257434,0.036972682418168597,-0.96521342254248543,-0.00020018563737605154,-0.26146320748727203,8.9884028692005554e-05,6.4077418858165413e-06
3.5249998569488525,1790953704.8780069,0.00057482719421386719,0.034609879067047558,0.034801865284766934,-0.034505159311927894,0.010384709049366262,0.35152676464417792,-0.010925761117484504,0.054789999999999998,0.002222,0.191273,-3.1408072554263957,1.3062567720701161,-3.1024623717600806,0.054766935104992046,0.002222681553777544,0.19118612834342189,-0.26126336610289025,-0.038359374959899294,0.96450506058043761,-0.010222645274526931,0.99926398828257434,0.036972682418168597,-0.96521342254248543,-0.00020018563737605154,-0.26146320748727203,8.9884028692005554e-05,6.4077418858165413e-06
3.530026912689209,1790953704.883034,0.000598907470703125,0.034609879067047558,0.034801865284766934,-0.034505159311927894,0.010384709049366262,0.35152676464417792,-0.010925761117484504,0.054789999999999998,0.002222,0.191273,-3.1408072554263957,1.3062567720701161,-3.1024623717600806,0.054766935104992046,0.002222681553777544,0.19118612834342189,-0.26126336610289025,-0.038359374959899294,0.96450506058043761,-0.010222645274526931,0.99926398828257434,0.036972682418168597,-0.96521342254248543,-0.00020018563737605154,-0.26146320748727203,8.9884028692005554e-05,6.4077418858165413e-06
3.5350289344787598,1790953704.888036,0.00060200691223144531,0.034609879067047558,0.034801865284766934,-0.034505159311927894,0.010384709049366262,0.35152676464417792,-0.010925761117484504,0.054789999999999998,0.002222,0.191273,-3.1408072554263957,1.3062567720701161,-3.1024623717600806,0.054766935104992046,0.002222681553777544,0.19118612834342189,-0.26126336610289025,-0.038359374959899294,0.96450506058043761,-0.010222645274526931,0.99926398828257434,0.036972682418168597,-0.96521342254248543,-0.00020018563737605154,-0.26146320748727203,8.9884028692005554e-05,6.4077418858165413e-06
3.5400259494781494,1790953704.893033,0.00060105323791503906,0.034609879067047558,0.034801865284766934,-0.034505159311927894,0.010384709049366262,0.35152676464417792,-0.010925761117484504,0.054789999999999998,0.002222,0.191273,-3.1408072554263957,1.3062567720701161,-3.1024623717600806,0.054766935104992046,0.002222681553777544,0.19118612834342189,-0.26126336610289025,-0.038359374959899294,0.96450506058043761,-0.010222645274526931,0.99926398828257434,0.036972682418168597,-0.96521342254248543,-0.00020018563737605154,-0.26146320748727203,8.9884028692005554e-05,6.4077418858165413e-06
3.5450279712677002,1790953704.898035,0.00060296058654785156,0.034609879067047558,0.034801865284766934,-0.034505159311927894,0.010384709049366262,0.35152676464417792,-0.010925761117484504,0.054789999999999998,0.002222,0.191273,-3.1408072554263957,1.3062567720701161,-3.1024623717600806,0.054766935104992046,0.002222681553777544,0.19118612834342189,-0.26126336610289025,-0.038359374959899294,0.96450506058043761,-0.010222645274526931,0.99926398828257434,0.036972682418168597,-0.96521342254248543,-0.00020018563737605154,-0.26146320748727203,8.9884028692005554e-05,6.4077418858165413e-06
3.5500249862670898,1790953704.9030321,0.00059914588928222656,0.034609879067047558,0.034801865284766934,-0.034505159311927894,0.010384709049366262,0.35152676464417792,-0.010925761117484504,0.054789999999999998,0.002222,0.191273,-3.1408072554263957,1.3062567720701161,-3.1024623717600806,0.054766935104992046,0.002222681553777544,0.19118612834342189,-0.26126336610289025,-0.038359374959899294,0.96450506058043761,-0.010222645274526931,0.99926398828257434,0.036972682418168597,-0.96521342254248543,-0.00020018563737605154,-0.26146320748727203,8.9884028692005554e-05,6.4077418858165413e-06
3.555027961730957,1790953704.908035,0.00059914588928222656,0.034609879067047558,0.034801865284766934,-0.034505159311927894,0.010384709049366262,0.35152676464417792,-0.010925761117484504,0.054789999999999998,0.002222,0.191273,-3.1408072554263957,1.3062567720701161,-3.1024623717600806,0.054766935104992046,0.002222681553777544,0.19118612834342189,-0.26126336610289025,-0.038359374959899294,0.96450506058043761,-0.010222645274526931,0.99926398828257434,0.036972682418168597,-0.96521342254248543,-0.00020018563737605154,-0.26146320748727203,8.9884028692005554e-05,6.4077418858165413e-06
3.5600278377532959,1790953704.9130349,0.00060296058654785156,0.034609879067047558,0.034801865284766934,-0.034505159311927894,0.010384709049366262,0.35152676464417792,-0.010925761117484504,0.054789999999999998,0.002222,0.191273,-3.1408072554263957,1.3062567720701161,-3.1024623717600806,0.054766935104992046,0.002222681553777544,0.19118612834342189,-0.26126336610289025,-0.038359374959899294,0.96450506058043761,-0.010222645274526931,0.99926398828257434,0.036972682418168597,-0.96521342254248543,-0.00020018563737605154,-0.26146320748727203,8.9884028692005554e-05,6.4077418858165413e-06
3.5650289058685303,1790953704.918036,0.00062704086303710938,0.034609879067047558,0.034801865284766934,-0.034505159311927894,0.010384709049366262,0.35152676464417792,-0.010925761117484504,0.054789999999999998,0.002222,0.191273,-3.1408072554263957,1.3062567720701161,-3.1024623717600806,0.054766935104992046,0.002222681553777544,0.19118612834342189,-0.26126336610289025,-0.038359374959899294,0.96450506058043761,-0.010222645274526931,0.99926398828257434,0.036972682418168597,-0.96521342254248543,-0.00020018563737605154,-0.26146320748727203,8.9884028692005554e-05,6.4077418858165413e-06
3.5700259208679199,1790953704.923033,0.00059795379638671875,0.034609879067047558,0.034801865284766934,-0.034505159311927894,0.010384709049366262,0.35152676464417792,-0.010925761117484504,0.054789999999999998,0.002222,0.191273,-3.1408072554263957,1.3062567720701161,-3.1024623717600806,0.054766935104992046,0.002222681553777544,0.19118612834342189,-0.26126336610289025,-0.038359374959899294,0.96450506058043761,-0.010222645274526931,0.99926398828257434,0.036972682418168597,-0.96521342254248543,-0.00020018563737605154,-0.26146320748727203,8.9884028692005554e-05,6.4077418858165413e-06
3.5750269889831543,1790953704.9280341,0.00059413909912109375,0.034609879067047558,0.034801865284766934,-0.034505159311927894,0.010384709049366262,0.35152676464417792,-0.010925761117484504,0.054789999999999998,0.002222,0.191273,-3.1408072554263957,1.3062567720701161,-3.1024623717600806,0.054766935104992046,0.002222681553777544,0.19118612834342189,-0.26126336610289025,-0.038359374959899294,0.96450506058043761,-0.010222645274526931,0.99926398828257434,0.036972682418168597,-0.96521342254248543,-0.00020018563737605154,-0.26146320748727203,8.9884028692005554e-05,6.4077418858165413e-06
3.5800259113311768,1790953704.933033,0.00060009956359863281,0.034609879067047558,0.034801865284766934,-0.034505159311927894,0.010384709049366262,0.35152676464417792,-0.010925761117484504,0.054789999999999998,0.002222,0.191273,-3.1408072554263957,1.3062567720701161,-3.1024623717600806,0.054766935104992046,0.002222681553777544,0.19118612834342189,-0.26126336610289025,-0.038359374959899294,0.96450506058043761,-0.010222645274526931,0.99926398828257434,0.036972682418168597,-0.96521342254248543,-0.00020018563737605154,-0.26146320748727203,8.9884028692005554e-05,6.4077418858165413e-06
3.5850288867950439,1790953704.938036,0.00060200691223144531,0.034609879067047558,0.034801865284766934,-0.034505159311927894,0.010384709049366262,0.35152676464417792,-0.010925761117484504,0.054789999999999998,0.002222,0.191273,-3.1408072554263957,1.3062567720701161,-3.1024623717600806,0.054766935104992046,0.002222681553777544,0.19118612834342189,-0.26126336610289025,-0.038359374959899294,0.96450506058043761,-0.010222645274526931,0.99926398828257434,0.036972682418168597,-0.96521342254248543,-0.00020018563737605154,-0.26146320748727203,8.9884028692005554e-05,6.4077418858165413e-06
3.5900259017944336,1790953704.943033,0.00059986114501953125,0.034609879067047558,0.034801865284766934,-0.034505159311927894,0.010384709049366262,0.35152676464417792,-0.010925761117484504,0.054789999999999998,0.002222,0.191273,-3.1408072554263957,1.3062567720701161,-3.1024623717600806,0.054766935104992046,0.002222681553777544,0.19118612834342189,-0.26126336610289025,-0.038359374959899294,0.96450506058043761,-0.010222645274526931,0.99926398828257434,0.036972682418168597,-0.96521342254248543,-0.00020018563737605154,-0.26146320748727203,8.9884028692005554e-05,6.4077418858165413e-06
3.595026969909668,1790953704.948034,0.00059795379638671875,0.034609879067047558,0.034801865284766934,-0.034505159311927894,0.010384709049366262,0.35152676464417792,-0.010925761117484504,0.054789999999999998,0.002222,0.191273,-3.1408072554263957,1.3062567720701161,-3.1024623717600806,0.054766935104992046,0.002222681553777544,0.19118612834342189,-0.26126336610289025,-0.038359374959899294,0.96450506058043761,-0.010222645274526931,0.99926398828257434,0.036972682418168597,-0.96521342254248543,-0.00020018563737605154,-0.26146320748727203,8.9884028692005554e-05,6.4077418858165413e-06
3.6000268459320068,1790953704.9530339,0.00059986114501953125,0.034609879067047558,0.034801865284766934,-0.034505159311927894,0.010384709049366262,0.35152676464417792,-0.010925761117484504,0.054789999999999998,0.002222,0.191273,-3.1408072554263957,1.3062567720701161,-3.1024623717600806,0.054766935104992046,0.002222681553777544,0.19118612834342189,-0.26126336610289025,-0.038359374959899294,0.96450506058043761,-0.010222645274526931,0.99926398828257434,0.036972682418168597,-0.96521342254248543,-0.00020018563737605154,-0.26146320748727203,8.9884028692005554e-05,6.4077418858165413e-06
3.6050269603729248,1790953704.958034,0.00060200691223144531,0.034609879067047558,0.034801865284766934,-0.034505159311927894,0.010384709049366262,0.35152676464417792,-0.010925761117484504,0.054789999999999998,0.002222,0.191273,-3.1408072554263957,1.3062567720701161,-3.1024623717600806,0.054766935104992046,0.002222681553777544,0.19118612834342189,-0.26126336610289025,-0.038359374959899294,0.96450506058043761,-0.010222645274526931,0.99926398828257434,0.036972682418168597,-0.96521342254248543,-0.00020018563737605154,-0.26146320748727203,8.9884028692005554e-05,6.4077418858165413e-06
3.6100509166717529,1790953704.963058,0.00062489509582519531,0.034609879067047558,0.034801865284766934,-0.034505159311927894,0.010384709049366262,0.35152676464417792,-0.010925761117484504,0.054789999999999998,0.002222,0.191273,-3.1408072554263957,1.3062567720701161,-3.1024623717600806,0.054766935104992046,0.002222681553777544,0.19118612834342189,-0.26126336610289025,-0.038359374959899294,0.96450506058043761,-0.010222645274526931,0.99926398828257434,0.036972682418168597,-0.96521342254248543,-0.00020018563737605154,-0.26146320748727203,8.9884028692005554e-05,6.4077418858165413e-06
3.6150259971618652,1790953704.9680331,0.00062513351440429688,0.034609879067047558,0.034801865284766934,-0.034505159311927894,0.010384709049366262,0.35152676464417792,-0.010925761117484504,0.054789999999999998,0.002222,0.191273,-3.1408072554263957,1.3062567720701161,-3.1024623717600806,0.054766935104992046,0.002222681553777544,0.19118612834342189,-0.26126336610289025,-0.038359374959899294,0.96450506058043761,-0.010222645274526931,0.99926398828257434,0.036972682418168597,-0.96521342254248543,-0.00020018563737605154,-0.26146320748727203,8.9884028692005554e-05,6.4077418858165413e-06
3.6200258731842041,1790953704.973033,0.00060200691223144531,0.034609879067047558,0.034801865284766934,-0.034505159311927894,0.010384709049366262,0.35152676464417792,-0.010925761117484504,0.054789999999999998,0.002222,0.191273,-3.1408072554263957,1.3062567720701161,-3.1024623717600806,0.054766935104992046,0.002222681553777544,0.19118612834342189,-0.26126336610289025,-0.038359374959899294,0.96450506058043761,-0.010222645274526931,0.99926398828257434,0.036972682418168597,-0.96521342254248543,-0.00020018563737605154,-0.26146320748727203,8.9884028692005554e-05,6.4077418858165413e-06
3.6250278949737549,1790953704.978035,0.00062203407287597656,0.034609879067047558,0.034801865284766934,-0.034505159311927894,0.010384709049366262,0.35152676464417792,-0.010925761117484504,0.054789999999999998,0.002222,0.191273,-3.1408072554263957,1.3062567720701161,-3.1024623717600806,0.054766935104992046,0.002222681553777544,0.19118612834342189,-0.26126336610289025,-0.038359374959899294,0.96450506058043761,-0.010222645274526931,0.99926398828257434,0.036972682418168597,-0.96521342254248543,-0.00020018563737605154,-0.26146320748727203,8.9884028692005554e-05,6.4077418858165413e-06
3.6300280094146729,1790953704.9830351,0.00060009956359863281,0.034609879067047558,0.034801865284766934,-0.034505159311927894,0.010384709049366262,0.35152676464417792,-0.010925761117484504,0.054789999999999998,0.002222,0.191273,-3.1408072554263957,1.3062567720701161,-3.1024623717600806,0.054766935104992046,0.002222681553777544,0.19118612834342189,-0.26126336610289025,-0.038359374959899294,0.96450506058043761,-0.010222645274526931,0.99926398828257434,0.036972682418168597,-0.96521342254248543,-0.00020018563737605154,-0.26146320748727203,8.9884028692005554e-05,6.4077418858165413e-06
3.6350269317626953,1790953704.988034,0.00062608718872070312,0.034609879067047558,0.034801865284766934,-0.034505159311927894,0.010384709049366262,0.35152676464417792,-0.010925761117484504,0.054789999999999998,0.002222,0.191273,-3.1408072554263957,1.3062567720701161,-3.1024623717600806,0.054766935104992046,0.002222681553777544,0.19118612834342189,-0.26126336610289025,-0.038359374959899294,0.96450506058043761,-0.010222645274526931,0.99926398828257434,0.036972682418168597,-0.96521342254248543,-0.00020018563737605154,-0.26146320748727203,8.9884028692005554e-05,6.4077418858165413e-06
3.6400249004364014,1790953704.993032,0.00059986114501953125,0.034609879067047558,0.034801865284766934,-0.034505159311927894,0.010384709049366262,0.35152676464417792,-0.010925761117484504,0.054789999999999998,0.002222,0.191273,-3.1408072554263957,1.3062567720701161,-3.1024623717600806,0.054766935104992046,0.002222681553777544,0.19118612834342189,-0.26126336610289025,-0.038359374959899294,0.96450506058043761,-0.010222645274526931,0.99926398828257434,0.036972682418168597,-0.96521342254248543,-0.00020018563737605154,-0.26146320748727203,8.9884028692005554e-05,6.4077418858165413e-06
3.6450269222259521,1790953704.998034,0.00060105323791503906,0.034609879067047558,0.034801865284766934,-0.034505159311927894,0.010384709049366262,0.35152676464417792,-0.010925761117484504,0.054789999999999998,0.002222,0.191273,-3.1408072554263957,1.3062567720701161,-3.1024623717600806,0.054766935104992046,0.002222681553777544,0.19118612834342189,-0.26126336610289025,-0.038359374959899294,0.96450506058043761,-0.010222645274526931,0.99926398828257434,0.036972682418168597,-0.96521342254248543,-0.00020018563737605154,-0.26146320748727203,8.9884028692005554e-05,6.4077418858165413e-06
3.6500248908996582,1790953705.003032,0.000598907470703125,0.034609879067047558,0.034801865284766934,-0.034505159311927894,0.010384709049366262,0.35152676464417792,-0.010925761117484504,0.054789999999999998,0.002222,0.191273,-3.1408072554263957,1.3062567720701161,-3.1024623717600806,0.054766935104992046,0.002222681553777544,0.19118612834342189,-0.26126336610289025,-0.038359374959899294,0.96450506058043761,-0.010222645274526931,0.99926398828257434,0.036972682418168597,-0.96521342254248543,-0.00020018563737605154,-0.26146320748727203,8.9884028692005554e-05,6.4077418858165413e-06
3.6550259590148926,1790953705.008033,0.00060105323791503906,0.034609879067047558,0.034801865284766934,-0.034505159311927894,0.010384709049366262,0.35152676464417792,-0.010925761117484504,0.054789999999999998,0.002222,0.191273,-3.1408072554263957,1.3062567720701161,-3.1024623717600806,0.054766935104992046,0.002222681553777544,0.19118612834342189,-0.26126336610289025,-0.038359374959899294,0.96450506058043761,-0.010222645274526931,0.99926398828257434,0.036972682418168597,-0.96521342254248543,-0.00020018563737605154,-0.26146320748727203,8.9884028692005554e-05,6.4077418858165413e-06
3.6600289344787598,1790953705.013036,0.00060200691223144531,0.034609879067047558,0.034801865284766934,-0.034505159311927894,0.010384709049366262,0.35152676464417792,-0.010925761117484504,0.054789999999999998,0.002222,0.191273,-3.1408072554263957,1.3062567720701161,-3.1024623717600806,0.054766935104992046,0.002222681553777544,0.19118612834342189,-0.26126336610289025,-0.038359374959899294,0.96450506058043761,-0.010222645274526931,0.99926398828257434,0.036972682418168597,-0.96521342254248543,-0.00020018563737605154,-0.26146320748727203,8.9884028692005554e-05,6.4077418858165413e-06
3.6650269031524658,1790953705.018034,0.000598907470703125,0.034609879067047558,0.034801865284766934,-0.034505159311927894,0.010384709049366262,0.35152676464417792,-0.010925761117484504,0.054789999999999998,0.002222,0.191273,-3.1408072554263957,1.3062567720701161,-3.1024623717600806,0.054766935104992046,0.002222681553777544,0.19118612834342189,-0.26126336610289025,-0.038359374959899294,0.96450506058043761,-0.010222645274526931,0.99926398828257434,0.036972682418168597,-0.96521342254248543,-0.00020018563737605154,-0.26146320748727203,8.9884028692005554e-05,6.4077418858165413e-06
3.6700258255004883,1790953705.0230329,0.0006008148193359375,0.034609879067047558,0.034801865284766934,-0.034505159311927894,0.010384709049366262,0.35152676464417792,-0.010925761117484504,0.054789999999999998,0.002222,0.191273,-3.1408072554263957,1.3062567720701161,-3.1024623717600806,0.054766935104992046,0.002222681553777544,0.19118612834342189,-0.26126336610289025,-0.038359374959899294,0.96450506058043761,-0.010222645274526931,0.99926398828257434,0.036972682418168597,-0.96521342254248543,-0.00020018563737605154,-0.26146320748727203,8.9884028692005554e-05,6.4077418858165413e-06
3.6750290393829346,1790953705.0280361,0.00062823295593261719,0.034609879067047558,0.034801865284766934,-0.034505159311927894,0.010384709049366262,0.35152676464417792,-0.010925761117484504,0.054789999999999998,0.002222,0.191273,-3.1408072554263957,1.3062567720701161,-3.1024623717600806,0.054766935104992046,0.002222681553777544,0.19118612834342189,-0.26126336610289025,-0.038359374959899294,0.96450506058043761,-0.010222645274526931,0.99926398828257434,0.036972682418168597,-0.96521342254248543,-0.00020018563737605154,-0.26146320748727203,8.9884028692005554e-05,6.4077418858165413e-06
3.6800298690795898,1790953705.0330369,0.000598907470703125,0.034609879067047558,0.034801865284766934,-0.034505159311927894,0.010384709049366262,0.35152676464417792,-0.010925761117484504,0.054789999999999998,0.002222,0.191273,-3.1408072554263957,1.3062567720701161,-3.1024623717600806,0.054766935104992046,0.002222681553777544,0.19118612834342189,-0.26126336610289025,-0.038359374959899294,0.96450506058043761,-0.010222645274526931,0.99926398828257434,0.036972682418168597,-0.96521342254248543,-0.00020018563737605154,-0.26146320748727203,8.9884028692005554e-05,6.4077418858165413e-06
3.6850290298461914,1790953705.0380361,0.00062799453735351562,0.034609879067047558,0.034801865284766934,-0.034505159311927894,0.010384709049366262,0.35152676464417792,-0.010925761117484504,0.054789999999999998,0.002222,0.191273,-3.1408072554263957,1.3062567720701161,-3.1024623717600806,0.054766935104992046,0.002222681553777544,0.19118612834342189,-0.26126336610289025,-0.038359374959899294,0.96450506058043761,-0.010222645274526931,0.99926398828257434,0.036972682418168597,-0.96521342254248543,-0.00020018563737605154,-0.26146320748727203,8.9884028692005554e-05,6.4077418858165413e-06
3.690025806427002,1790953705.0430329,0.0006008148193359375,0.034609879067047558,0.034801865284766934,-0.034505159311927894,0.010384709049366262,0.35152676464417792,-0.010925761117484504,0.054789999999999998,0.002222,0.191273,-3.1408072554263957,1.3062567720701161,-3.1024623717600806,0.054766935104992046,0.002222681553777544,0.19118612834342189,-0.26126336610289025,-0.038359374959899294,0.96450506058043761,-0.010222645274526931,0.99926398828257434,0.036972682418168597,-0.96521342254248543,-0.00020018563737605154,-0.26146320748727203,8.9884028692005554e-05,6.4077418858165413e-06
3.6950099468231201,1790953705.048017,0.00058102607727050781,0.034609879067047558,0.034801865284766934,-0.034505159311927894,0.010384709049366262,0.35152676464417792,-0.010925761117484504,0.054789999999999998,0.002222,0.191273,-3.1408072554263957,1.3062567720701161,-3.1024623717600806,0.054766935104992046,0.002222681553777544,0.19118612834342189,-0.26126336610289025,-0.038359374959899294,0.96450506058043761,-0.010222645274526931,0.99926398828257434,0.036972682418168597,-0.96521342254248543,-0.00020018563737605154,-0.26146320748727203,8.9884028692005554e-05,6.4077418858165413e-06
3.7000248432159424,1790953705.0530319,0.0006008148193359375,0.034609879067047558,0.034801865284766934,-0.034505159311927894,0.010384709049366262,0.35152676464417792,-0.010925761117484504,0.054789999999999998,0.002222,0.191273,-3.1408072554263957,1.3062567720701161,-3.1024623717600806,0.054766935104992046,0.002222681553777544,0.19118612834342189,-0.26126336610289025,-0.038359374959899294,0.96450506058043761,-0.010222645274526931,0.99926398828257434,0.036972682418168597,-0.96521342254248543,-0.00020018563737605154,-0.26146320748727203,8.9884028692005554e-05,6.4077418858165413e-06
3.7050259113311768,1790953705.058033,0.00062489509582519531,0.034609879067047558,0.034801865284766934,-0.034505159311927894,0.010384709049366262,0.35152676464417792,-0.010925761117484504,0.054789999999999998,0.002222,0.191273,-3.1408072554263957,1.3062567720701161,-3.1024623717600806,0.054766935104992046,0.002222681553777544,0.19118612834342189,-0.26126336610289025,-0.038359374959899294,0.96450506058043761,-0.010222645274526931,0.99926398828257434,0.036972682418168597,-0.96521342254248543,-0.00020018563737605154,-0.26146320748727203,8.9884028692005554e-05,6.4077418858165413e-06
3.7100288867950439,1790953705.063036,0.00060296058654785156,0.034609879067047558,0.034801865284766934,-0.034505159311927894,0.010384709049366262,0.35152676464417792,-0.010925761117484504,0.054789999999999998,0.002222,0.191273,-3.1408072554263957,1.3062567720701161,-3.1024623717600806,0.054766935104992046,0.002222681553777544,0.19118612834342189,-0.26126336610289025,-0.038359374959899294,0.96450506058043761,-0.010222645274526931,0.99926398828257434,0.036972682418168597,-0.96521342254248543,-0.00020018563737605154,-0.26146320748727203,8.9884028692005554e-05,6.4077418858165413e-06
3.7150278091430664,1790953705.0680349,0.00059986114501953125,0.034609879067047558,0.034801865284766934,-0.034505159311927894,0.010384709049366262,0.35152676464417792,-0.010925761117484504,0.054789999999999998,0.002222,0.191273,-3.1408072554263957,1.3062567720701161,-3.1024623717600806,0.054766935104992046,0.002222681553777544,0.19118612834342189,-0.26126336610289025,-0.038359374959899294,0.96450506058043761,-0.010222645274526931,0.99926398828257434,0.036972682418168597,-0.96521342254248543,-0.00020018563737605154,-0.26146320748727203,8.9884028692005554e-05,6.4077418858165413e-06
3.7200248241424561,1790953705.0730319,0.000598907470703125,0.034609879067047558,0.034801865284766934,-0.034505159311927894,0.010384709049366262,0.35152676464417792,-0.010925761117484504,0.054789999999999998,0.002222,0.191273,-3.1408072554263957,1.3062567720701161,-3.1024623717600806,0.054766935104992046,0.002222681553777544,0.19118612834342189,-0.26126336610289025,-0.038359374959899294,0.96450506058043761,-0.010222645274526931,0.99926398828257434,0.036972682418168597,-0.96521342254248543,-0.00020018563737605154,-0.26146320748727203,8.9884028692005554e-05,6.4077418858165413e-06
3.725024938583374,1790953705.078032,0.00059604644775390625,0.034609879067047558,0.034801865284766934,-0.034505159311927894,0.010384709049366262,0.35152676464417792,-0.010925761117484504,0.054789999999999998,0.002222,0.191273,-3.1408072554263957,1.3062567720701161,-3.1024623717600806,0.054766935104992046,0.002222681553777544,0.19118612834342189,-0.26126336610289025,-0.038359374959899294,0.96450506058043761,-0.010222645274526931,0.99926398828257434,0.036972682418168597,-0.96521342254248543,-0.00020018563737605154,-0.26146320748727203,8.9884028692005554e-05,6.4077418858165413e-06
3.7300248146057129,1790953705.0830319,0.00058078765869140625,0.034609879067047558,0.034801865284766934,-0.034505159311927894,0.010384709049366262,0.35152676464417792,-0.010925761117484504,0.054789999999999998,0.002222,0.191273,-3.1408072554263957,1.3062567720701161,-3.1024623717600806,0.054766935104992046,0.002222681553777544,0.19118612834342189,-0.26126336610289025,-0.038359374959899294,0.96450506058043761,-0.010222645274526931,0.99926398828257434,0.036972682418168597,-0.96521342254248543,-0.00020018563737605154,-0.26146320748727203,8.9884028692005554e-05,6.4077418858165413e-06
3.7350258827209473,1790953705.088033,0.00062084197998046875,0.034609879067047558,0.034801865284766934,-0.034505159311927894,0.010384709049366262,0.35152676464417792,-0.010925761117484504,0.054789999999999998,0.002222,0.191273,-3.1408072554263957,1.3062567720701161,-3.1024623717600806,0.054766935104992046,0.002222681553777544,0.19118612834342189,-0.26126336610289025,-0.038359374959899294,0.96450506058043761,-0.010222645274526931,0.99926398828257434,0.036972682418168597,-0.96521342254248543,-0.00020018563737605154,-0.26146320748727203,8.9884028692005554e-05,6.4077418858165413e-06
3.7400288581848145,1790953705.0930359,0.00060200691223144531,0.034609879067047558,0.034801865284766934,-0.034505159311927894,0.010384709049366262,0.35152676464417792,-0.010925761117484504,0.054789999999999998,0.002222,0.191273,-3.1408072554263957,1.3062567720701161,-3.1024623717600806,0.054766935104992046,0.002222681553777544,0.19118612834342189,-0.26126336610289025,-0.038359374959899294,0.96450506058043761,-0.010222645274526931,0.99926398828257434,0.036972682418168597,-0.96521342254248543,-0.00020018563737605154,-0.26146320748727203,8.9884028692005554e-05,6.4077418858165413e-06
3.745028018951416,1790953705.0980351,0.00062513351440429688,0.034609879067047558,0.034801865284766934,-0.034505159311927894,0.010384709049366262,0.35152676464417792,-0.010925761117484504,0.054789999999999998,0.002222,0.191273,-3.1408072554263957,1.3062567720701161,-3.1024623717600806,0.054766935104992046,0.002222681553777544,0.19118612834342189,-0.26126336610289025,-0.038359374959899294,0.96450506058043761,-0.010222645274526931,0.99926398828257434,0.036972682418168597,-0.96521342254248543,-0.00020018563737605154,-0.26146320748727203,8.9884028692005554e-05,6.4077418858165413e-06
3.7500250339508057,1790953705.1030321,0.00059819221496582031,0.034609879067047558,0.034801865284766934,-0.034505159311927894,0.010384709049366262,0.35152676464417792,-0.010925761117484504,0.054789999999999998,0.002222,0.191273,-3.1408072554263957,1.3062567720701161,-3.1024623717600806,0.054766935104992046,0.002222681553777544,0.19118612834342189,-0.26126336610289025,-0.038359374959899294,0.96450506058043761,-0.010222645274526931,0.99926398828257434,0.036972682418168597,-0.96521342254248543,-0.00020018563737605154,-0.26146320748727203,8.9884028692005554e-05,6.4077418858165413e-06
3.755033016204834,1790953705.1080401,0.00060820579528808594,0.034609879067047558,0.034801865284766934,-0.034505159311927894,0.010384709049366262,0.35152676464417792,-0.010925761117484504,0.054789999999999998,0.002222,0.191273,-3.1408072554263957,1.3062567720701161,-3.1024623717600806,0.054766935104992046,0.002222681553777544,0.19118612834342189,-0.26126336610289025,-0.038359374959899294,0.96450506058043761,-0.010222645274526931,0.99926398828257434,0.036972682418168597,-0.96521342254248543,-0.00020018563737605154,-0.26146320748727203,8.9884028692005554e-05,6.4077418858165413e-06
3.7600278854370117,1790953705.113035,0.00059986114501953125,0.034609879067047558,0.034801865284766934,-0.034505159311927894,0.010384709049366262,0.35152676464417792,-0.010925761117484504,0.054789999999999998,0.002222,0.191273,-3.1408072554263957,1.3062567720701161,-3.1024623717600806,0.054766935104992046,0.002222681553777544,0.19118612834342189,-0.26126336610289025,-0.038359374959899294,0.96450506058043761,-0.010222645274526931,0.99926398828257434,0.036972682418168597,-0.96521342254248543,-0.00020018563737605154,-0.26146320748727203,8.9884028692005554e-05,6.4077418858165413e-06
3.7650258541107178,1790953705.1180329,0.0006008148193359375,0.034609879067047558,0.034801865284766934,-0.034505159311927894,0.010384709049366262,0.35152676464417792,-0.010925761117484504,0.054789999999999998,0.002222,0.191273,-3.1408072554263957,1.3062567720701161,-3.1024623717600806,0.054766935104992046,0.002222681553777544,0.19118612834342189,-0.26126336610289025,-0.038359374959899294,0.96450506058043761,-0.010222645274526931,0.99926398828257434,0.036972682418168597,-0.96521342254248543,-0.00020018563737605154,-0.26146320748727203,8.9884028692005554e-05,6.4077418858165413e-06
3.7700250148773193,1790953705.1230321,0.00060009956359863281,0.034609879067047558,0.034801865284766934,-0.034505159311927894,0.010384709049366262,0.35152676464417792,-0.010925761117484504,0.054789999999999998,0.002222,0.191273,-3.1408072554263957,1.3062567720701161,-3.1024623717600806,0.054766935104992046,0.002222681553777544,0.19118612834342189,-0.26126336610289025,-0.038359374959899294,0.96450506058043761,-0.010222645274526931,0.99926398828257434,0.036972682418168597,-0.96521342254248543,-0.00020018563737605154,-0.26146320748727203,8.9884028692005554e-05,6.4077418858165413e-06
3.7750289440155029,1790953705.128036,0.00060200691223144531,0.034609879067047558,0.034801865284766934,-0.034505159311927894,0.010384709049366262,0.35152676464417792,-0.010925761117484504,0.054789999999999998,0.002222,0.191273,-3.1408072554263957,1.3062567720701161,-3.1024623717600806,0.054766935104992046,0.002222681553777544,0.19118612834342189,-0.26126336610289025,-0.038359374959899294,0.96450506058043761,-0.010222645274526931,0.99926398828257434,0.036972682418168597,-0.96521342254248543,-0.00020018563737605154,-0.26146320748727203,8.9884028692005554e-05,6.4077418858165413e-06
3.7800278663635254,1790953705.1330349,0.000598907470703125,0.034609879067047558,0.034801865284766934,-0.034505159311927894,0.010384709049366262,0.35152676464417792,-0.010925761117484504,0.054789999999999998,0.002222,0.191273,-3.1408072554263957,1.3062567720701161,-3.1024623717600806,0.054766935104992046,0.002222681553777544,0.19118612834342189,-0.26126336610289025,-0.038359374959899294,0.96450506058043761,-0.010222645274526931,0.99926398828257434,0.036972682418168597,-0.96521342254248543,-0.00020018563737605154,-0.26146320748727203,8.9884028692005554e-05,6.4077418858165413e-06
3.7850279808044434,1790953705.1380351,0.00062608718872070312,0.034609879067047558,0.034801865284766934,-0.034505159311927894,0.010384709049366262,0.35152676464417792,-0.010925761117484504,0.054789999999999998,0.002222,0.191273,-3.1408072554263957,1.3062567720701161,-3.1024623717600806,0.054766935104992046,0.002222681553777544,0.19118612834342189,-0.26126336610289025,-0.038359374959899294,0.96450506058043761,-0.010222645274526931,0.99926398828257434,0.036972682418168597,-0.96521342254248543,-0.00020018563737605154,-0.26146320748727203,8.9884028692005554e-05,6.4077418858165413e-06
3.790024995803833,1790953705.1430321,0.00059914588928222656,0.034609879067047558,0.034801865284766934,-0.034505159311927894,0.010384709049366262,0.35152676464417792,-0.010925761117484504,0.054789999999999998,0.002222,0.191273,-3.1408072554263957,1.3062567720701161,-3.1024623717600806,0.054766935104992046,0.002222681553777544,0.19118612834342189,-0.26126336610289025,-0.038359374959899294,0.96450506058043761,-0.010222645274526931,0.99926398828257434,0.036972682418168597,-0.96521342254248543,-0.00020018563737605154,-0.26146320748727203,8.9884028692005554e-05,6.4077418858165413e-06
3.7950258255004883,1790953705.1480329,0.0006008148193359375,0.034609879067047558,0.034801865284766934,-0.034505159311927894,0.010384709049366262,0.35152676464417792,-0.010925761117484504,0.054789999999999998,0.002222,0.191273,-3.1408072554263957,1.3062567720701161,-3.1024623717600806,0.054766935104992046,0.002222681553777544,0.19118612834342189,-0.26126336610289025,-0.038359374959899294,0.96450506058043761,-0.010222645274526931,0.99926398828257434,0.036972682418168597,-0.96521342254248543,-0.00020018563737605154,-0.26146320748727203,8.9884028692005554e-05,6.4077418858165413e-06
3.8000259399414062,1790953705.153033,0.000598907470703125,0.034609879067047558,0.034801865284766934,-0.034505159311927894,0.010384709049366262,0.35152676464417792,-0.010925761117484504,0.054789999999999998,0.002222,0.191273,-3.1408072554263957,1.3062567720701161,-3.1024623717600806,0.054766935104992046,0.002222681553777544,0.19118612834342189,-0.26126336610289025,-0.038359374959899294,0.96450506058043761,-0.010222645274526931,0.99926398828257434,0.036972682418168597,-0.96521342254248543,-0.00020018563737605154,-0.26146320748727203,8.9884028692005554e-05,6.4077418858165413e-06
3.8050258159637451,1790953705.1580329,0.0006008148193359375,0.034609879067047558,0.034801865284766934,-0.034505159311927894,0.010384709049366262,0.35152676464417792,-0.010925761117484504,0.054789999999999998,0.002222,0.191273,-3.1408072554263957,1.3062567720701161,-3.1024623717600806,0.054766935104992046,0.002222681553777544,0.19118612834342189,-0.26126336610289025,-0.038359374959899294,0.96450506058043761,-0.010222645274526931,0.99926398828257434,0.036972682418168597,-0.96521342254248543,-0.00020018563737605154,-0.26146320748727203,8.9884028692005554e-05,6.4077418858165413e-06
3.8100259304046631,1790953705.163033,0.00060105323791503906,0.034609879067047558,0.034801865284766934,-0.034505159311927894,0.010384709049366262,0.35152676464417792,-0.010925761117484504,0.054789999999999998,0.002222,0.191273,-3.1408072554263957,1.3062567720701161,-3.1024623717600806,0.054766935104992046,0.002222681553777544,0.19118612834342189,-0.26126336610289025,-0.038359374959899294,0.96450506058043761,-0.010222645274526931,0.99926398828257434,0.036972682418168597,-0.96521342254248543,-0.00020018563737605154,-0.26146320748727203,8.9884028692005554e-05,6.4077418858165413e-06
3.815025806427002,1790953705.1680329,0.00062394142150878906,0.034609879067047558,0.034801865284766934,-0.034505159311927894,0.010384709049366262,0.35152676464417792,-0.010925761117484504,0.054789999999999998,0.002222,0.191273,-3.1408072554263957,1.3062567720701161,-3.1024623717600806,0.054766935104992046,0.002222681553777544,0.19118612834342189,-0.26126336610289025,-0.038359374959899294,0.96450506058043761,-0.010222645274526931,0.99926398828257434,0.036972682418168597,-0.96521342254248543,-0.00020018563737605154,-0.26146320748727203,8.9884028692005554e-05,6.4077418858165413e-06
3.8200268745422363,1790953705.173034,0.000598907470703125,0.034609879067047558,0.034801865284766934,-0.034505159311927894,0.010384709049366262,0.35152676464417792,-0.010925761117484504,0.054789999999999998,0.002222,0.191273,-3.1408072554263957,1.3062567720701161,-3.1024623717600806,0.054766935104992046,0.002222681553777544,0.19118612834342189,-0.26126336610289025,-0.038359374959899294,0.96450506058043761,-0.010222645274526931,0.99926398828257434,0.036972682418168597,-0.96521342254248543,-0.00020018563737605154,-0.26146320748727203,8.9884028692005554e-05,6.4077418858165413e-06
3.8250279426574707,1790953705.178035,0.00060200691223144531,0.034609879067047558,0.034801865284766934,-0.034505159311927894,0.010384709049366262,0.35152676464417792,-0.010925761117484504,0.054789999999999998,0.002222,0.191273,-3.1408072554263957,1.3062567720701161,-3.1024623717600806,0.054766935104992046,0.002222681553777544,0.19118612834342189,-0.26126336610289025,-0.038359374959899294,0.96450506058043761,-0.010222645274526931,0.99926398828257434,0.036972682418168597,-0.96521342254248543,-0.00020018563737605154,-0.26146320748727203,8.9884028692005554e-05,6.4077418858165413e-06
3.8300278186798096,1790953705.1830349,0.00059986114501953125,0.034609879067047558,0.034801865284766934,-0.034505159311927894,0.010384709049366262,0.35152676464417792,-0.010925761117484504,0.054789999999999998,0.002222,0.191273,-3.1408072554263957,1.3062567720701161,-3.1024623717600806,0.054766935104992046,0.002222681553777544,0.19118612834342189,-0.26126336610289025,-0.038359374959899294,0.96450506058043761,-0.010222645274526931,0.99926398828257434,0.036972682418168597,-0.96521342254248543,-0.00020018563737605154,-0.26146320748727203,8.9884028692005554e-05,6.4077418858165413e-06
3.8350269794464111,1790953705.1880341,0.00059914588928222656,0.034609879067047558,0.034801865284766934,-0.034505159311927894,0.010384709049366262,0.35152676464417792,-0.010925761117484504,0.054789999999999998,0.002222,0.191273,-3.1408072554263957,1.3062567720701161,-3.1024623717600806,0.054766935104992046,0.002222681553777544,0.19118612834342189,-0.26126336610289025,-0.038359374959899294,0.96450506058043761,-0.010222645274526931,0.99926398828257434,0.036972682418168597,-0.96521342254248543,-0.00020018563737605154,-0.26146320748727203,8.9884028692005554e-05,6.4077418858165413e-06
3.8400518894195557,1790953705.193059,0.00062704086303710938,0.034609879067047558,0.034801865284766934,-0.034505159311927894,0.010384709049366262,0.35152676464417792,-0.010925761117484504,0.054789999999999998,0.002222,0.191273,-3.1408072554263957,1.3062567720701161,-3.1024623717600806,0.054766935104992046,0.002222681553777544,0.19118612834342189,-0.26126336610289025,-0.038359374959899294,0.96450506058043761,-0.010222645274526931,0.99926398828257434,0.036972682418168597,-0.96521342254248543,-0.00020018563737605154,-0.26146320748727203,8.9884028692005554e-05,6.4077418858165413e-06
3.8450260162353516,1790953705.1980331,0.00059914588928222656,0.034609879067047558,0.034801865284766934,-0.034505159311927894,0.010384709049366262,0.35152676464417792,-0.010925761117484504,0.054789999999999998,0.002222,0.191273,-3.1408072554263957,1.3062567720701161,-3.1024623717600806,0.054766935104992046,0.002222681553777544,0.19118612834342189,-0.26126336610289025,-0.038359374959899294,0.96450506058043761,-0.010222645274526931,0.99926398828257434,0.036972682418168597,-0.96521342254248543,-0.00020018563737605154,-0.26146320748727203,8.9884028692005554e-05,6.4077418858165413e-06
3.8500268459320068,1790953705.2030339,0.000598907470703125,0.034609879067047558,0.034801865284766934,-0.034505159311927894,0.010384709049366262,0.35152676464417792,-0.010925761117484504,0.054789999999999998,0.002222,0.191273,-3.1408072554263957,1.3062567720701161,-3.1024623717600806,0.054766935104992046,0.002222681553777544,0.19118612834342189,-0.26126336610289025,-0.038359374959899294,0.96450506058043761,-0.010222645274526931,0.99926398828257434,0.036972682418168597,-0.96521342254248543,-0.00020018563737605154,-0.26146320748727203,8.9884028692005554e-05,6.4077418858165413e-06
3.8550269603729248,1790953705.208034,0.00062394142150878906,0.034609879067047558,0.034801865284766934,-0.034505159311927894,0.010384709049366262,0.35152676464417792,-0.010925761117484504,0.054789999999999998,0.002222,0.191273,-3.1408072554263957,1.3062567720701161,-3.1024623717600806,0.054766935104992046,0.002222681553777544,0.19118612834342189,-0.26126336610289025,-0.038359374959899294,0.96450506058043761,-0.010222645274526931,0.99926398828257434,0.036972682418168597,-0.96521342254248543,-0.00020018563737605154,-0.26146320748727203,8.9884028692005554e-05,6.4077418858165413e-06
3.8600258827209473,1790953705.213033,0.000598907470703125,0.034609879067047558,0.034801865284766934,-0.034505159311927894,0.010384709049366262,0.35152676464417792,-0.010925761117484504,0.054789999999999998,0.002222,0.191273,-3.1408072554263957,1.3062567720701161,-3.1024623717600806,0.054766935104992046,0.002222681553777544,0.19118612834342189,-0.26126336610289025,-0.038359374959899294,0.96450506058043761,-0.010222645274526931,0.99926398828257434,0.036972682418168597,-0.96521342254248543,-0.00020018563737605154,-0.26146320748727203,8.9884028692005554e-05,6.4077418858165413e-06
3.8650269508361816,1790953705.218034,0.00062704086303710938,0.034609879067047558,0.034801865284766934,-0.034505159311927894,0.010384709049366262,0.35152676464417792,-0.010925761117484504,0.054789999999999998,0.002222,0.191273,-3.1408072554263957,1.3062567720701161,-3.1024623717600806,0.054766935104992046,0.002222681553777544,0.19118612834342189,-0.26126336610289025,-0.038359374959899294,0.96450506058043761,-0.010222645274526931,0.99926398828257434,0.036972682418168597,-0.96521342254248543,-0.00020018563737605154,-0.26146320748727203,8.9884028692005554e-05,6.4077418858165413e-06
3.8700249195098877,1790953705.223032,0.00060009956359863281,0.034609879067047558,0.034801865284766934,-0.034505159311927894,0.010384709049366262,0.35152676464417792,-0.010925761117484504,0.054789999999999998,0.002222,0.191273,-3.1408072554263957,1.3062567720701161,-3.1024623717600806,0.054766935104992046,0.002222681553777544,0.19118612834342189,-0.26126336610289025,-0.038359374959899294,0.96450506058043761,-0.010222645274526931,0.99926398828257434,0.036972682418168597,-0.96521342254248543,-0.00020018563737605154,-0.26146320748727203,8.9884028692005554e-05,6.4077418858165413e-06
3.8750250339508057,1790953705.2280321,0.0005950927734375,0.034609879067047558,0.034801865284766934,-0.034505159311927894,0.010384709049366262,0.35152676464417792,-0.010925761117484504,0.054789999999999998,0.002222,0.191273,-3.1408072554263957,1.3062567720701161,-3.1024623717600806,0.054766935104992046,0.002222681553777544,0.19118612834342189,-0.26126336610289025,-0.038359374959899294,0.96450506058043761,-0.010222645274526931,0.99926398828257434,0.036972682418168597,-0.96521342254248543,-0.00020018563737605154,-0.26146320748727203,8.9884028692005554e-05,6.4077418858165413e-06
3.8800268173217773,1790953705.2330339,0.00059485435485839844,0.034609879067047558,0.034801865284766934,-0.034505159311927894,0.010384709049366262,0.35152676464417792,-0.010925761117484504,0.054789999999999998,0.002222,0.191273,-3.1408072554263957,1.3062567720701161,-3.1024623717600806,0.054766935104992046,0.002222681553777544,0.19118612834342189,-0.26126336610289025,-0.038359374959899294,0.96450506058043761,-0.010222645274526931,0.99926398828257434,0.036972682418168597,-0.96521342254248543,-0.00020018563737605154,-0.26146320748727203,8.9884028692005554e-05,6.4077418858165413e-06
3.8850259780883789,1790953705.2380331,0.00059604644775390625,0.034609879067047558,0.034801865284766934,-0.034505159311927894,0.010384709049366262,0.35152676464417792,-0.010925761117484504,0.054789999999999998,0.002222,0.191273,-3.1408072554263957,1.3062567720701161,-3.1024623717600806,0.054766935104992046,0.002222681553777544,0.19118612834342189,-0.26126336610289025,-0.038359374959899294,0.96450506058043761,-0.010222645274526931,0.99926398828257434,0.036972682418168597,-0.96521342254248543,-0.00020018563737605154,-0.26146320748727203,8.9884028692005554e-05,6.4077418858165413e-06
3.8900279998779297,1790953705.2430351,0.00060296058654785156,0.034609879067047558,0.034801865284766934,-0.034505159311927894,0.010384709049366262,0.35152676464417792,-0.010925761117484504,0.054789999999999998,0.002222,0.191273,-3.1408072554263957,1.3062567720701161,-3.1024623717600806,0.054766935104992046,0.002222681553777544,0.19118612834342189,-0.26126336610289025,-0.038359374959899294,0.96450506058043761,-0.010222645274526931,0.99926398828257434,0.036972682418168597,-0.96521342254248543,-0.00020018563737605154,-0.26146320748727203,8.9884028692005554e-05,6.4077418858165413e-06
3.8950269222259521,1790953705.248034,0.0005970001220703125,0.034609879067047558,0.034801865284766934,-0.034505159311927894,0.010384709049366262,0.35152676464417792,-0.010925761117484504,0.054789999999999998,0.002222,0.191273,-3.1408072554263957,1.3062567720701161,-3.1024623717600806,0.054766935104992046,0.002222681553777544,0.19118612834342189,-0.26126336610289025,-0.038359374959899294,0.96450506058043761,-0.010222645274526931,0.99926398828257434,0.036972682418168597,-0.96521342254248543,-0.00020018563737605154,-0.26146320748727203,8.9884028692005554e-05,6.4077418858165413e-06
3.9000248908996582,1790953705.253032,0.0005970001220703125,0.034609879067047558,0.034801865284766934,-0.034505159311927894,0.010384709049366262,0.35152676464417792,-0.010925761117484504,0.054789999999999998,0.002222,0.191273,-3.1408072554263957,1.3062567720701161,-3.1024623717600806,0.054766935104992046,0.002222681553777544,0.19118612834342189,-0.26126336610289025,-0.038359374959899294,0.96450506058043761,-0.010222645274526931,0.99926398828257434,0.036972682418168597,-0.96521342254248543,-0.00020018563737605154,-0.26146320748727203,8.9884028692005554e-05,6.4077418858165413e-06
3.9050288200378418,1790953705.2580359,0.00060200691223144531,0.034609879067047558,0.034801865284766934,-0.034505159311927894,0.010384709049366262,0.35152676464417792,-0.010925761117484504,0.054789999999999998,0.002222,0.191273,-3.1408072554263957,1.3062567720701161,-3.1024623717600806,0.054766935104992046,0.002222681553777544,0.19118612834342189,-0.26126336610289025,-0.038359374959899294,0.96450506058043761,-0.010222645274526931,0.99926398828257434,0.036972682418168597,-0.96521342254248543,-0.00020018563737605154,-0.26146320748727203,8.9884028692005554e-05,6.4077418858165413e-06
3.9100258350372314,1790953705.2630329,0.000598907470703125,0.034609879067047558,0.034801865284766934,-0.034505159311927894,0.010384709049366262,0.35152676464417792,-0.010925761117484504,0.054789999999999998,0.002222,0.191273,-3.1408072554263957,1.3062567720701161,-3.1024623717600806,0.054766935104992046,0.002222681553777544,0.19118612834342189,-0.26126336610289025,-0.038359374959899294,0.96450506058043761,-0.010222645274526931,0.99926398828257434,0.036972682418168597,-0.96521342254248543,-0.00020018563737605154,-0.26146320748727203,8.9884028692005554e-05,6.4077418858165413e-06
3.9150259494781494,1790953705.268033,0.00059413909912109375,0.034609879067047558,0.034801865284766934,-0.034505159311927894,0.010384709049366262,0.35152676464417792,-0.010925761117484504,0.054789999999999998,0.002222,0.191273,-3.1408072554263957,1.3062567720701161,-3.1024623717600806,0.054766935104992046,0.002222681553777544,0.19118612834342189,-0.26126336610289025,-0.038359374959899294,0.96450506058043761,-0.010222645274526931,0.99926398828257434,0.036972682418168597,-0.96521342254248543,-0.00020018563737605154,-0.26146320748727203,8.9884028692005554e-05,6.4077418858165413e-06
3.9200248718261719,1790953705.2730319,0.0005970001220703125,0.034609879067047558,0.034801865284766934,-0.034505159311927894,0.010384709049366262,0.35152676464417792,-0.010925761117484504,0.054789999999999998,0.002222,0.191273,-3.1408072554263957,1.3062567720701161,-3.1024623717600806,0.054766935104992046,0.002222681553777544,0.19118612834342189,-0.26126336610289025,-0.038359374959899294,0.96450506058043761,-0.010222645274526931,0.99926398828257434,0.036972682418168597,-0.96521342254248543,-0.00020018563737605154,-0.26146320748727203,8.9884028692005554e-05,6.4077418858165413e-06
3.9250249862670898,1790953705.2780321,0.00059604644775390625,0.034609879067047558,0.034801865284766934,-0.034505159311927894,0.010384709049366262,0.35152676464417792,-0.010925761117484504,0.054789999999999998,0.002222,0.191273,-3.1408072554263957,1.3062567720701161,-3.1024623717600806,0.054766935104992046,0.002222681553777544,0.19118612834342189,-0.26126336610289025,-0.038359374959899294,0.96450506058043761,-0.010222645274526931,0.99926398828257434,0.036972682418168597,-0.96521342254248543,-0.00020018563737605154,-0.26146320748727203,8.9884028692005554e-05,6.4077418858165413e-06
3.9300258159637451,1790953705.2830329,0.00057888031005859375,0.034609879067047558,0.034801865284766934,-0.034505159311927894,0.010384709049366262,0.35152676464417792,-0.010925761117484504,0.054789999999999998,0.002222,0.191273,-3.1408072554263957,1.3062567720701161,-3.1024623717600806,0.054766935104992046,0.002222681553777544,0.19118612834342189,-0.26126336610289025,-0.038359374959899294,0.96450506058043761,-0.010222645274526931,0.99926398828257434,0.036972682418168597,-0.96521342254248543,-0.00020018563737605154,-0.26146320748727203,8.9884028692005554e-05,6.4077418858165413e-06
3.9350249767303467,1790953705.2880321,0.0005950927734375,0.034609879067047558,0.034801865284766934,-0.034505159311927894,0.010384709049366262,0.35152676464417792,-0.010925761117484504,0.054789999999999998,0.002222,0.191273,-3.1408072554263957,1.3062567720701161,-3.1024623717600806,0.054766935104992046,0.002222681553777544,0.19118612834342189,-0.26126336610289025,-0.038359374959899294,0.96450506058043761,-0.010222645274526931,0.99926398828257434,0.036972682418168597,-0.96521342254248543,-0.00020018563737605154,-0.26146320748727203,8.9884028692005554e-05,6.4077418858165413e-06
3.940025806427002,1790953705.2930329,0.0006008148193359375,0.034609879067047558,0.034801865284766934,-0.034505159311927894,0.010384709049366262,0.35152676464417792,-0.010925761117484504,0.054789999999999998,0.002222,0.191273,-3.1408072554263957,1.3062567720701161,-3.1024623717600806,0.054766935104992046,0.002222681553777544,0.19118612834342189,-0.26126336610289025,-0.038359374959899294,0.96450506058043761,-0.010222645274526931,0.99926398828257434,0.036972682418168597,-0.96521342254248543,-0.00020018563737605154,-0.26146320748727203,8.9884028692005554e-05,6.4077418858165413e-06
3.9450249671936035,1790953705.298032,0.00062513351440429688,0.034609879067047558,0.034801865284766934,-0.034505159311927894,0.010384709049366262,0.35152676464417792,-0.010925761117484504,0.054789999999999998,0.002222,0.191273,-3.1408072554263957,1.3062567720701161,-3.1024623717600806,0.054766935104992046,0.002222681553777544,0.19118612834342189,-0.26126336610289025,-0.038359374959899294,0.96450506058043761,-0.010222645274526931,0.99926398828257434,0.036972682418168597,-0.96521342254248543,-0.00020018563737605154,-0.26146320748727203,8.9884028692005554e-05,6.4077418858165413e-06
3.9500248432159424,1790953705.3030319,0.0006008148193359375,0.034609879067047558,0.034801865284766934,-0.034505159311927894,0.010384709049366262,0.35152676464417792,-0.010925761117484504,0.054789999999999998,0.002222,0.191273,-3.1408072554263957,1.3062567720701161,-3.1024623717600806,0.054766935104992046,0.002222681553777544,0.19118612834342189,-0.26126336610289025,-0.038359374959899294,0.96450506058043761,-0.010222645274526931,0.99926398828257434,0.036972682418168597,-0.96521342254248543,-0.00020018563737605154,-0.26146320748727203,8.9884028692005554e-05,6.4077418858165413e-06
3.9550249576568604,1790953705.308032,0.00059914588928222656,0.034609879067047558,0.034801865284766934,-0.034505159311927894,0.010384709049366262,0.35152676464417792,-0.010925761117484504,0.054789999999999998,0.002222,0.191273,-3.1408072554263957,1.3062567720701161,-3.1024623717600806,0.054766935104992046,0.002222681553777544,0.19118612834342189,-0.26126336610289025,-0.038359374959899294,0.96450506058043761,-0.010222645274526931,0.99926398828257434,0.036972682418168597,-0.96521342254248543,-0.00020018563737605154,-0.26146320748727203,8.9884028692005554e-05,6.4077418858165413e-06
3.9600269794464111,1790953705.3130341,0.00060009956359863281,0.034609879067047558,0.034801865284766934,-0.034505159311927894,0.010384709049366262,0.35152676464417792,-0.010925761117484504,0.054789999999999998,0.002222,0.191273,-3.1408072554263957,1.3062567720701161,-3.1024623717600806,0.054766935104992046,0.002222681553777544,0.19118612834342189,-0.26126336610289025,-0.038359374959899294,0.96450506058043761,-0.010222645274526931,0.99926398828257434,0.036972682418168597,-0.96521342254248543,-0.00020018563737605154,-0.26146320748727203,8.9884028692005554e-05,6.4077418858165413e-06
3.96502685546875,1790953705.3180339,0.000598907470703125,0.034609879067047558,0.034801865284766934,-0.034505159311927894,0.010384709049366262,0.35152676464417792,-0.010925761117484504,0.054789999999999998,0.002222,0.191273,-3.1408072554263957,1.3062567720701161,-3.1024623717600806,0.054766935104992046,0.002222681553777544,0.19118612834342189,-0.26126336610289025,-0.038359374959899294,0.96450506058043761,-0.010222645274526931,0.99926398828257434,0.036972682418168597,-0.96521342254248543,-0.00020018563737605154,-0.26146320748727203,8.9884028692005554e-05,6.4077418858165413e-06
3.9700310230255127,1790953705.3230381,0.00060606002807617188,0.034609879067047558,0.034801865284766934,-0.034505159311927894,0.010384709049366262,0.35152676464417792,-0.010925761117484504,0.054789999999999998,0.002222,0.191273,-3.1408072554263957,1.3062567720701161,-3.1024623717600806,0.054766935104992046,0.002222681553777544,0.19118612834342189,-0.26126336610289025,-0.038359374959899294,0.96450506058043761,-0.010222645274526931,0.99926398828257434,0.036972682418168597,-0.96521342254248543,-0.00020018563737605154,-0.26146320748727203,8.9884028692005554e-05,6.4077418858165413e-06
3.9750308990478516,1790953705.328038,0.00062990188598632812,0.034609879067047558,0.034801865284766934,-0.034505159311927894,0.010384709049366262,0.35152676464417792,-0.010925761117484504,0.054789999999999998,0.002222,0.191273,-3.1408072554263957,1.3062567720701161,-3.1024623717600806,0.054766935104992046,0.002222681553777544,0.19118612834342189,-0.26126336610289025,-0.038359374959899294,0.96450506058043761,-0.010222645274526931,0.99926398828257434,0.036972682418168597,-0.96521342254248543,-0.00020018563737605154,-0.26146320748727203,8.9884028692005554e-05,6.4077418858165413e-06
3.9800288677215576,1790953705.3330359,0.00060105323791503906,0.034609879067047558,0.034801865284766934,-0.034505159311927894,0.010384709049366262,0.35152676464417792,-0.010925761117484504,0.054789999999999998,0.002222,0.191273,-3.1408072554263957,1.3062567720701161,-3.1024623717600806,0.054766935104992046,0.002222681553777544,0.19118612834342189,-0.26126336610289025,-0.038359374959899294,0.96450506058043761,-0.010222645274526931,0.99926398828257434,0.036972682418168597,-0.96521342254248543,-0.00020018563737605154,-0.26146320748727203,8.9884028692005554e-05,6.4077418858165413e-06
3.9850268363952637,1790953705.3380339,0.0006008148193359375,0.034609879067047558,0.034801865284766934,-0.034505159311927894,0.010384709049366262,0.35152676464417792,-0.010925761117484504,0.054789999999999998,0.002222,0.191273,-3.1408072554263957,1.3062567720701161,-3.1024623717600806,0.054766935104992046,0.002222681553777544,0.19118612834342189,-0.26126336610289025,-0.038359374959899294,0.96450506058043761,-0.010222645274526931,0.99926398828257434,0.036972682418168597,-0.96521342254248543,-0.00020018563737605154,-0.26146320748727203,8.9884028692005554e-05,6.4077418858165413e-06
3.9900310039520264,1790953705.3430381,0.00060415267944335938,0.034609879067047558,0.034801865284766934,-0.034505159311927894,0.010384709049366262,0.35152676464417792,-0.010925761117484504,0.054789999999999998,0.002222,0.191273,-3.1408072554263957,1.3062567720701161,-3.1024623717600806,0.054766935104992046,0.002222681553777544,0.19118612834342189,-0.26126336610289025,-0.038359374959899294,0.96450506058043761,-0.010222645274526931,0.99926398828257434,0.036972682418168597,-0.96521342254248543,-0.00020018563737605154,-0.26146320748727203,8.9884028692005554e-05,6.4077418858165413e-06
3.9950258731842041,1790953705.348033,0.00059795379638671875,0.034609879067047558,0.034801865284766934,-0.034505159311927894,0.010384709049366262,0.35152676464417792,-0.010925761117484504,0.054789999999999998,0.002222,0.191273,-3.1408072554263957,1.3062567720701161,-3.1024623717600806,0.054766935104992046,0.002222681553777544,0.19118612834342189,-0.26126336610289025,-0.038359374959899294,0.96450506058043761,-0.010222645274526931,0.99926398828257434,0.036972682418168597,-0.96521342254248543,-0.00020018563737605154,-0.26146320748727203,8.9884028692005554e-05,6.4077418858165413e-06
4.0000510215759277,1790953705.3530581,0.00062203407287597656,0.034609879067047558,0.034801865284766934,-0.034505159311927894,0.010384709049366262,0.35152676464417792,-0.010925761117484504,0.054789999999999998,0.002222,0.191273,-3.1408072554263957,1.3062567720701161,-3.1024623717600806,0.054766935104992046,0.002222681553777544,0.19118612834342189,-0.26126336610289025,-0.038359374959899294,0.96450506058043761,-0.010222645274526931,0.99926398828257434,0.036972682418168597,-0.96521342254248543,-0.00020018563737605154,-0.26146320748727203,8.9884028692005554e-05,6.4077418858165413e-06
4.0050249099731445,1790953705.358032,0.0005970001220703125,0.034609879067047558,0.034801865284766934,-0.034505159311927894,0.010384709049366262,0.35152676464417792,-0.010925761117484504,0.054789999999999998,0.002222,0.191273,-3.1408072554263957,1.3062567720701161,-3.1024623717600806,0.054766935104992046,0.002222681553777544,0.19118612834342189,-0.26126336610289025,-0.038359374959899294,0.96450506058043761,-0.010222645274526931,0.99926398828257434,0.036972682418168597,-0.96521342254248543,-0.00020018563737605154,-0.26146320748727203,8.9884028692005554e-05,6.4077418858165413e-06
4.0100269317626953,1790953705.363034,0.00060200691223144531,0.034609879067047558,0.034801865284766934,-0.034505159311927894,0.010384709049366262,0.35152676464417792,-0.010925761117484504,0.054789999999999998,0.002222,0.191273,-3.1408072554263957,1.3062567720701161,-3.1024623717600806,0.054766935104992046,0.002222681553777544,0.19118612834342189,-0.26126336610289025,-0.038359374959899294,0.96450506058043761,-0.010222645274526931,0.99926398828257434,0.036972682418168597,-0.96521342254248543,-0.00020018563737605154,-0.26146320748727203,8.9884028692005554e-05,6.4077418858165413e-06
4.0150279998779297,1790953705.3680351,0.00060296058654785156,0.034609879067047558,0.034801865284766934,-0.034505159311927894,0.010384709049366262,0.35152676464417792,-0.010925761117484504,0.054789999999999998,0.002222,0.191273,-3.1408072554263957,1.3062567720701161,-3.1024623717600806,0.054766935104992046,0.002222681553777544,0.19118612834342189,-0.26126336610289025,-0.038359374959899294,0.96450506058043761,-0.010222645274526931,0.99926398828257434,0.036972682418168597,-0.96521342254248543,-0.00020018563737605154,-0.26146320748727203,8.9884028692005554e-05,6.4077418858165413e-06
4.0200259685516357,1790953705.373033,0.00060105323791503906,0.034609879067047558,0.034801865284766934,-0.034505159311927894,0.010384709049366262,0.35152676464417792,-0.010925761117484504,0.054789999999999998,0.002222,0.191273,-3.1408072554263957,1.3062567720701161,-3.1024623717600806,0.054766935104992046,0.002222681553777544,0.19118612834342189,-0.26126336610289025,-0.038359374959899294,0.96450506058043761,-0.010222645274526931,0.99926398828257434,0.036972682418168597,-0.96521342254248543,-0.00020018563737605154,-0.26146320748727203,8.9884028692005554e-05,6.4077418858165413e-06
4.0250279903411865,1790953705.3780351,0.00060296058654785156,0.034609879067047558,0.034801865284766934,-0.034505159311927894,0.010384709049366262,0.35152676464417792,-0.010925761117484504,0.054789999999999998,0.002222,0.191273,-3.1408072554263957,1.3062567720701161,-3.1024623717600806,0.054766935104992046,0.002222681553777544,0.19118612834342189,-0.26126336610289025,-0.038359374959899294,0.96450506058043761,-0.010222645274526931,0.99926398828257434,0.036972682418168597,-0.96521342254248543,-0.00020018563737605154,-0.26146320748727203,8.9884028692005554e-05,6.4077418858165413e-06
4.0300519466400146,1790953705.383059,0.00062513351440429688,0.034609879067047558,0.034801865284766934,-0.034505159311927894,0.010384709049366262,0.35152676464417792,-0.010925761117484504,0.054789999999999998,0.002222,0.191273,-3.1408072554263957,1.3062567720701161,-3.1024623717600806,0.054766935104992046,0.002222681553777544,0.19118612834342189,-0.26126336610289025,-0.038359374959899294,0.96450506058043761,-0.010222645274526931,0.99926398828257434,0.036972682418168597,-0.96521342254248543,-0.00020018563737605154,-0.26146320748727203,8.9884028692005554e-05,6.4077418858165413e-06
4.035027027130127,1790953705.3880341,0.00060105323791503906,0.034609879067047558,0.034801865284766934,-0.034505159311927894,0.010384709049366262,0.35152676464417792,-0.010925761117484504,0.054789999999999998,0.002222,0.191273,-3.1408072554263957,1.3062567720701161,-3.1024623717600806,0.054766935104992046,0.002222681553777544,0.19118612834342189,-0.26126336610289025,-0.038359374959899294,0.96450506058043761,-0.010222645274526931,0.99926398828257434,0.036972682418168597,-0.96521342254248543,-0.00020018563737605154,-0.26146320748727203,8.9884028692005554e-05,6.4077418858165413e-06
4.0400269031524658,1790953705.393034,0.00060200691223144531,0.034609879067047558,0.034801865284766934,-0.034505159311927894,0.010384709049366262,0.35152676464417792,-0.010925761117484504,0.054789999999999998,0.002222,0.191273,-3.1408072554263957,1.3062567720701161,-3.1024623717600806,0.054766935104992046,0.002222681553777544,0.19118612834342189,-0.26126336610289025,-0.038359374959899294,0.96450506058043761,-0.010222645274526931,0.99926398828257434,0.036972682418168597,-0.96521342254248543,-0.00020018563737605154,-0.26146320748727203,8.9884028692005554e-05,6.4077418858165413e-06
4.0450270175933838,1790953705.3980341,0.00060105323791503906,0.034609879067047558,0.034801865284766934,-0.034505159311927894,0.010384709049366262,0.35152676464417792,-0.010925761117484504,0.054789999999999998,0.002222,0.191273,-3.1408072554263957,1.3062567720701161,-3.1024623717600806,0.054766935104992046,0.002222681553777544,0.19118612834342189,-0.26126336610289025,-0.038359374959899294,0.96450506058043761,-0.010222645274526931,0.99926398828257434,0.036972682418168597,-0.96521342254248543,-0.00020018563737605154,-0.26146320748727203,8.9884028692005554e-05,6.4077418858165413e-06
4.0500278472900391,1790953705.4030349,0.0005779266357421875,0.034609879067047558,0.034801865284766934,-0.034505159311927894,0.010384709049366262,0.35152676464417792,-0.010925761117484504,0.054789999999999998,0.002222,0.191273,-3.1408072554263957,1.3062567720701161,-3.1024623717600806,0.054766935104992046,0.002222681553777544,0.19118612834342189,-0.26126336610289025,-0.038359374959899294,0.96450506058043761,-0.010222645274526931,0.99926398828257434,0.036972682418168597,-0.96521342254248543,-0.00020018563737605154,-0.26146320748727203,8.9884028692005554e-05,6.4077418858165413e-06
4.0550258159637451,1790953705.4080329,0.0006008148193359375,0.034609879067047558,0.034801865284766934,-0.034505159311927894,0.010384709049366262,0.35152676464417792,-0.010925761117484504,0.054789999999999998,0.002222,0.191273,-3.1408072554263957,1.3062567720701161,-3.1024623717600806,0.054766935104992046,0.002222681553777544,0.19118612834342189,-0.26126336610289025,-0.038359374959899294,0.96450506058043761,-0.010222645274526931,0.99926398828257434,0.036972682418168597,-0.96521342254248543,-0.00020018563737605154,-0.26146320748727203,8.9884028692005554e-05,6.4077418858165413e-06
4.0600268840789795,1790953705.413034,0.00060200691223144531,0.034609879067047558,0.034801865284766934,-0.034505159311927894,0.010384709049366262,0.35152676464417792,-0.010925761117484504,0.054789999999999998,0.002222,0.191273,-3.1408072554263957,1.3062567720701161,-3.1024623717600806,0.054766935104992046,0.002222681553777544,0.19118612834342189,-0.26126336610289025,-0.038359374959899294,0.96450506058043761,-0.010222645274526931,0.99926398828257434,0.036972682418168597,-0.96521342254248543,-0.00020018563737605154,-0.26146320748727203,8.9884028692005554e-05,6.4077418858165413e-06
4.0650269985198975,1790953705.4180341,0.00060200691223144531,0.034609879067047558,0.034801865284766934,-0.034505159311927894,0.010384709049366262,0.35152676464417792,-0.010925761117484504,0.054789999999999998,0.002222,0.191273,-3.1408072554263957,1.3062567720701161,-3.1024623717600806,0.054766935104992046,0.002222681553777544,0.19118612834342189,-0.26126336610289025,-0.038359374959899294,0.96450506058043761,-0.010222645274526931,0.99926398828257434,0.036972682418168597,-0.96521342254248543,-0.00020018563737605154,-0.26146320748727203,8.9884028692005554e-05,6.4077418858165413e-06
4.0700249671936035,1790953705.423032,0.00060009956359863281,0.034609879067047558,0.034801865284766934,-0.034505159311927894,0.010384709049366262,0.35152676464417792,-0.010925761117484504,0.054789999999999998,0.002222,0.191273,-3.1408072554263957,1.3062567720701161,-3.1024623717600806,0.054766935104992046,0.002222681553777544,0.19118612834342189,-0.26126336610289025,-0.038359374959899294,0.96450506058043761,-0.010222645274526931,0.99926398828257434,0.036972682418168597,-0.96521342254248543,-0.00020018563737605154,-0.26146320748727203,8.9884028692005554e-05,6.4077418858165413e-06
4.0750269889831543,1790953705.4280341,0.00059914588928222656,0.034609879067047558,0.034801865284766934,-0.034505159311927894,0.010384709049366262,0.35152676464417792,-0.010925761117484504,0.054789999999999998,0.002222,0.191273,-3.1408072554263957,1.3062567720701161,-3.1024623717600806,0.054766935104992046,0.002222681553777544,0.19118612834342189,-0.26126336610289025,-0.038359374959899294,0.96450506058043761,-0.010222645274526931,0.99926398828257434,0.036972682418168597,-0.96521342254248543,-0.00020018563737605154,-0.26146320748727203,8.9884028692005554e-05,6.4077418858165413e-06
4.0800249576568604,1790953705.433032,0.00060009956359863281,0.034609879067047558,0.034801865284766934,-0.034505159311927894,0.010384709049366262,0.35152676464417792,-0.010925761117484504,0.054789999999999998,0.002222,0.191273,-3.1408072554263957,1.3062567720701161,-3.1024623717600806,0.054766935104992046,0.002222681553777544,0.19118612834342189,-0.26126336610289025,-0.038359374959899294,0.96450506058043761,-0.010222645274526931,0.99926398828257434,0.036972682418168597,-0.96521342254248543,-0.00020018563737605154,-0.26146320748727203,8.9884028692005554e-05,6.4077418858165413e-06
4.0850269794464111,1790953705.4380341,0.00060200691223144531,0.034609879067047558,0.034801865284766934,-0.034505159311927894,0.010384709049366262,0.35152676464417792,-0.010925761117484504,0.054789999999999998,0.002222,0.191273,-3.1408072554263957,1.3062567720701161,-3.1024623717600806,0.054766935104992046,0.002222681553777544,0.19118612834342189,-0.26126336610289025,-0.038359374959899294,0.96450506058043761,-0.010222645274526931,0.99926398828257434,0.036972682418168597,-0.96521342254248543,-0.00020018563737605154,-0.26146320748727203,8.9884028692005554e-05,6.4077418858165413e-06
4.0900509357452393,1790953705.443058,0.00062608718872070312,0.034609879067047558,0.034801865284766934,-0.034505159311927894,0.010384709049366262,0.35152676464417792,-0.010925761117484504,0.054789999999999998,0.002222,0.191273,-3.1408072554263957,1.3062567720701161,-3.1024623717600806,0.054766935104992046,0.002222681553777544,0.19118612834342189,-0.26126336610289025,-0.038359374959899294,0.96450506058043761,-0.010222645274526931,0.99926398828257434,0.036972682418168597,-0.96521342254248543,-0.00020018563737605154,-0.26146320748727203,8.9884028692005554e-05,6.4077418858165413e-06
4.095026969909668,1790953705.448034,0.00060200691223144531,0.034609879067047558,0.034801865284766934,-0.034505159311927894,0.010384709049366262,0.35152676464417792,-0.010925761117484504,0.054789999999999998,0.002222,0.191273,-3.1408072554263957,1.3062567720701161,-3.1024623717600806,0.054766935104992046,0.002222681553777544,0.19118612834342189,-0.26126336610289025,-0.038359374959899294,0.96450506058043761,-0.010222645274526931,0.99926398828257434,0.036972682418168597,-0.96521342254248543,-0.00020018563737605154,-0.26146320748727203,8.9884028692005554e-05,6.4077418858165413e-06
4.1000280380249023,1790953705.4530351,0.00059819221496582031,0.034609879067047558,0.034801865284766934,-0.034505159311927894,0.010384709049366262,0.35152676464417792,-0.010925761117484504,0.054789999999999998,0.002222,0.191273,-3.1408072554263957,1.3062567720701161,-3.1024623717600806,0.054766935104992046,0.002222681553777544,0.19118612834342189,-0.26126336610289025,-0.038359374959899294,0.96450506058043761,-0.010222645274526931,0.99926398828257434,0.036972682418168597,-0.96521342254248543,-0.00020018563737605154,-0.26146320748727203,8.9884028692005554e-05,6.4077418858165413e-06
4.1050269603729248,1790953705.458034,0.00059914588928222656,0.034609879067047558,0.034801865284766934,-0.034505159311927894,0.010384709049366262,0.35152676464417792,-0.010925761117484504,0.054789999999999998,0.002222,0.191273,-3.1408072554263957,1.3062567720701161,-3.1024623717600806,0.054766935104992046,0.002222681553777544,0.19118612834342189,-0.26126336610289025,-0.038359374959899294,0.96450506058043761,-0.010222645274526931,0.99926398828257434,0.036972682418168597,-0.96521342254248543,-0.00020018563737605154,-0.26146320748727203,8.9884028692005554e-05,6.4077418858165413e-06
4.1100528240203857,1790953705.4630599,0.00062680244445800781,0.034609879067047558,0.034801865284766934,-0.034505159311927894,0.010384709049366262,0.35152676464417792,-0.010925761117484504,0.054789999999999998,0.002222,0.191273,-3.1408072554263957,1.3062567720701161,-3.1024623717600806,0.054766935104992046,0.002222681553777544,0.19118612834342189,-0.26126336610289025,-0.038359374959899294,0.96450506058043761,-0.010222645274526931,0.99926398828257434,0.036972682418168597,-0.96521342254248543,-0.00020018563737605154,-0.26146320748727203,8.9884028692005554e-05,6.4077418858165413e-06
4.1150259971618652,1790953705.4680331,0.00059914588928222656,0.034609879067047558,0.034801865284766934,-0.034505159311927894,0.010384709049366262,0.35152676464417792,-0.010925761117484504,0.054789999999999998,0.002222,0.191273,-3.1408072554263957,1.3062567720701161,-3.1024623717600806,0.054766935104992046,0.002222681553777544,0.19118612834342189,-0.26126336610289025,-0.038359374959899294,0.96450506058043761,-0.010222645274526931,0.99926398828257434,0.036972682418168597,-0.96521342254248543,-0.00020018563737605154,-0.26146320748727203,8.9884028692005554e-05,6.4077418858165413e-06
4.1200249195098877,1790953705.473032,0.00060009956359863281,0.034609879067047558,0.034801865284766934,-0.034505159311927894,0.010384709049366262,0.35152676464417792,-0.010925761117484504,0.054789999999999998,0.002222,0.191273,-3.1408072554263957,1.3062567720701161,-3.1024623717600806,0.054766935104992046,0.002222681553777544,0.19118612834342189,-0.26126336610289025,-0.038359374959899294,0.96450506058043761,-0.010222645274526931,0.99926398828257434,0.036972682418168597,-0.96521342254248543,-0.00020018563737605154,-0.26146320748727203,8.9884028692005554e-05,6.4077418858165413e-06
4.1250288486480713,1790953705.4780359,0.00060200691223144531,0.034609879067047558,0.034801865284766934,-0.034505159311927894,0.010384709049366262,0.35152676464417792,-0.010925761117484504,0.054789999999999998,0.002222,0.191273,-3.1408072554263957,1.3062567720701161,-3.1024623717600806,0.054766935104992046,0.002222681553777544,0.19118612834342189,-0.26126336610289025,-0.038359374959899294,0.96450506058043761,-0.010222645274526931,0.99926398828257434,0.036972682418168597,-0.96521342254248543,-0.00020018563737605154,-0.26146320748727203,8.9884028692005554e-05,6.4077418858165413e-06
4.1300289630889893,1790953705.483036,0.0005970001220703125,0.034609879067047558,0.034801865284766934,-0.034505159311927894,0.010384709049366262,0.35152676464417792,-0.010925761117484504,0.054789999999999998,0.002222,0.191273,-3.1408072554263957,1.3062567720701161,-3.1024623717600806,0.054766935104992046,0.002222681553777544,0.19118612834342189,-0.26126336610289025,-0.038359374959899294,0.96450506058043761,-0.010222645274526931,0.99926398828257434,0.036972682418168597,-0.96521342254248543,-0.00020018563737605154,-0.26146320748727203,8.9884028692005554e-05,6.4077418858165413e-06
4.1350259780883789,1790953705.4880331,0.00060105323791503906,0.034609879067047558,0.034801865284766934,-0.034505159311927894,0.010384709049366262,0.35152676464417792,-0.010925761117484504,0.054789999999999998,0.002222,0.191273,-3.1408072554263957,1.3062567720701161,-3.1024623717600806,0.054766935104992046,0.002222681553777544,0.19118612834342189,-0.26126336610289025,-0.038359374959899294,0.96450506058043761,-0.010222645274526931,0.99926398828257434,0.036972682418168597,-0.96521342254248543,-0.00020018563737605154,-0.26146320748727203,8.9884028692005554e-05,6.4077418858165413e-06
4.1400289535522461,1790953705.493036,0.00060105323791503906,0.034609879067047558,0.034801865284766934,-0.034505159311927894,0.010384709049366262,0.35152676464417792,-0.010925761117484504,0.054789999999999998,0.002222,0.191273,-3.1408072554263957,1.3062567720701161,-3.1024623717600806,0.054766935104992046,0.002222681553777544,0.19118612834342189,-0.26126336610289025,-0.038359374959899294,0.96450506058043761,-0.010222645274526931,0.99926398828257434,0.036972682418168597,-0.96521342254248543,-0.00020018563737605154,-0.26146320748727203,8.9884028692005554e-05,6.4077418858165413e-06
4.1450269222259521,1790953705.498034,0.00060200691223144531,0.034609879067047558,0.034801865284766934,-0.034505159311927894,0.010384709049366262,0.35152676464417792,-0.010925761117484504,0.054789999999999998,0.002222,0.191273,-3.1408072554263957,1.3062567720701161,-3.1024623717600806,0.054766935104992046,0.002222681553777544,0.19118612834342189,-0.26126336610289025,-0.038359374959899294,0.96450506058043761,-0.010222645274526931,0.99926398828257434,0.036972682418168597,-0.96521342254248543,-0.00020018563737605154,-0.26146320748727203,8.9884028692005554e-05,6.4077418858165413e-06
4.1500270366668701,1790953705.5030341,0.00057721138000488281,0.034609879067047558,0.034801865284766934,-0.034505159311927894,0.010384709049366262,0.35152676464417792,-0.010925761117484504,0.054789999999999998,0.002222,0.191273,-3.1408072554263957,1.3062567720701161,-3.1024623717600806,0.054766935104992046,0.002222681553777544,0.19118612834342189,-0.26126336610289025,-0.038359374959899294,0.96450506058043761,-0.010222645274526931,0.99926398828257434,0.036972682418168597,-0.96521342254248543,-0.00020018563737605154,-0.26146320748727203,8.9884028692005554e-05,6.4077418858165413e-06
4.155026912689209,1790953705.508034,0.00060105323791503906,0.034609879067047558,0.034801865284766934,-0.034505159311927894,0.010384709049366262,0.35152676464417792,-0.010925761117484504,0.054789999999999998,0.002222,0.191273,-3.1408072554263957,1.3062567720701161,-3.1024623717600806,0.054766935104992046,0.002222681553777544,0.19118612834342189,-0.26126336610289025,-0.038359374959899294,0.96450506058043761,-0.010222645274526931,0.99926398828257434,0.036972682418168597,-0.96521342254248543,-0.00020018563737605154,-0.26146320748727203,8.9884028692005554e-05,6.4077418858165413e-06
4.1600258350372314,1790953705.5130329,0.000576019287109375,0.034609879067047558,0.034801865284766934,-0.034505159311927894,0.010384709049366262,0.35152676464417792,-0.010925761117484504,0.054789999999999998,0.002222,0.191273,-3.1408072554263957,1.3062567720701161,-3.1024623717600806,0.054766935104992046,0.002222681553777544,0.19118612834342189,-0.26126336610289025,-0.038359374959899294,0.96450506058043761,-0.010222645274526931,0.99926398828257434,0.036972682418168597,-0.96521342254248543,-0.00020018563737605154,-0.26146320748727203,8.9884028692005554e-05,6.4077418858165413e-06
4.1650269031524658,1790953705.518034,0.00060200691223144531,0.034609879067047558,0.034801865284766934,-0.034505159311927894,0.010384709049366262,0.35152676464417792,-0.010925761117484504,0.054789999999999998,0.002222,0.191273,-3.1408072554263957,1.3062567720701161,-3.1024623717600806,0.054766935104992046,0.002222681553777544,0.19118612834342189,-0.26126336610289025,-0.038359374959899294,0.96450506058043761,-0.010222645274526931,0.99926398828257434,0.036972682418168597,-0.96521342254248543,-0.00020018563737605154,-0.26146320748727203,8.9884028692005554e-05,6.4077418858165413e-06
4.1700258255004883,1790953705.5230329,0.00059986114501953125,0.034609879067047558,0.034801865284766934,-0.034505159311927894,0.010384709049366262,0.35152676464417792,-0.010925761117484504,0.054789999999999998,0.002222,0.191273,-3.1408072554263957,1.3062567720701161,-3.1024623717600806,0.054766935104992046,0.002222681553777544,0.19118612834342189,-0.26126336610289025,-0.038359374959899294,0.96450506058043761,-0.010222645274526931,0.99926398828257434,0.036972682418168597,-0.96521342254248543,-0.00020018563737605154,-0.26146320748727203,8.9884028692005554e-05,6.4077418858165413e-06
4.1750259399414062,1790953705.528033,0.00060105323791503906,0.034609879067047558,0.034801865284766934,-0.034505159311927894,0.010384709049366262,0.35152676464417792,-0.010925761117484504,0.054789999999999998,0.002222,0.191273,-3.1408072554263957,1.3062567720701161,-3.1024623717600806,0.054766935104992046,0.002222681553777544,0.19118612834342189,-0.26126336610289025,-0.038359374959899294,0.96450506058043761,-0.010222645274526931,0.99926398828257434,0.036972682418168597,-0.96521342254248543,-0.00020018563737605154,-0.26146320748727203,8.9884028692005554e-05,6.4077418858165413e-06
4.1800258159637451,1790953705.5330329,0.00057482719421386719,0.034609879067047558,0.034801865284766934,-0.034505159311927894,0.010384709049366262,0.35152676464417792,-0.010925761117484504,0.054789999999999998,0.002222,0.191273,-3.1408072554263957,1.3062567720701161,-3.1024623717600806,0.054766935104992046,0.002222681553777544,0.19118612834342189,-0.26126336610289025,-0.038359374959899294,0.96450506058043761,-0.010222645274526931,0.99926398828257434,0.036972682418168597,-0.96521342254248543,-0.00020018563737605154,-0.26146320748727203,8.9884028692005554e-05,6.4077418858165413e-06
4.1850399971008301,1790953705.5380471,0.00061511993408203125,0.034609879067047558,0.034801865284766934,-0.034505159311927894,0.010384709049366262,0.35152676464417792,-0.010925761117484504,0.054789999999999998,0.002222,0.191273,-3.1408072554263957,1.3062567720701161,-3.1024623717600806,0.054766935104992046,0.002222681553777544,0.19118612834342189,-0.26126336610289025,-0.038359374959899294,0.96450506058043761,-0.010222645274526931,0.99926398828257434,0.036972682418168597,-0.96521342254248543,-0.00020018563737605154,-0.26146320748727203,8.9884028692005554e-05,6.4077418858165413e-06
4.1900269985198975,1790953705.5430341,0.00060009956359863281,0.034609879067047558,0.034801865284766934,-0.034505159311927894,0.010384709049366262,0.35152676464417792,-0.010925761117484504,0.054789999999999998,0.002222,0.191273,-3.1408072554263957,1.3062567720701161,-3.1024623717600806,0.054766935104992046,0.002222681553777544,0.19118612834342189,-0.26126336610289025,-0.038359374959899294,0.96450506058043761,-0.010222645274526931,0.99926398828257434,0.036972682418168597,-0.96521342254248543,-0.00020018563737605154,-0.26146320748727203,8.9884028692005554e-05,6.4077418858165413e-06
4.1950290203094482,1790953705.5480361,0.00060105323791503906,0.034609879067047558,0.034801865284766934,-0.034505159311927894,0.010384709049366262,0.35152676464417792,-0.010925761117484504,0.054789999999999998,0.002222,0.191273,-3.1408072554263957,1.3062567720701161,-3.1024623717600806,0.054766935104992046,0.002222681553777544,0.19118612834342189,-0.26126336610289025,-0.038359374959899294,0.96450506058043761,-0.010222645274526931,0.99926398828257434,0.036972682418168597,-0.96521342254248543,-0.00020018563737605154,-0.26146320748727203,8.9884028692005554e-05,6.4077418858165413e-06
4.2000269889831543,1790953705.5530341,0.00060105323791503906,0.034609879067047558,0.034801865284766934,-0.034505159311927894,0.010384709049366262,0.35152676464417792,-0.010925761117484504,0.054789999999999998,0.002222,0.191273,-3.1408072554263957,1.3062567720701161,-3.1024623717600806,0.054766935104992046,0.002222681553777544,0.19118612834342189,-0.26126336610289025,-0.038359374959899294,0.96450506058043761,-0.010222645274526931,0.99926398828257434,0.036972682418168597,-0.96521342254248543,-0.00020018563737605154,-0.26146320748727203,8.9884028692005554e-05,6.4077418858165413e-06
4.2050290107727051,1790953705.5580361,0.00060200691223144531,0.034609879067047558,0.034801865284766934,-0.034505159311927894,0.010384709049366262,0.35152676464417792,-0.010925761117484504,0.054789999999999998,0.002222,0.191273,-3.1408072554263957,1.3062567720701161,-3.1024623717600806,0.054766935104992046,0.002222681553777544,0.19118612834342189,-0.26126336610289025,-0.038359374959899294,0.96450506058043761,-0.010222645274526931,0.99926398828257434,0.036972682418168597,-0.96521342254248543,-0.00020018563737605154,-0.26146320748727203,8.9884028692005554e-05,6.4077418858165413e-06
4.2100269794464111,1790953705.5630341,0.000576019287109375,0.034609879067047558,0.034801865284766934,-0.034505159311927894,0.010384709049366262,0.35152676464417792,-0.010925761117484504,0.054789999999999998,0.002222,0.191273,-3.1408072554263957,1.3062567720701161,-3.1024623717600806,0.054766935104992046,0.002222681553777544,0.19118612834342189,-0.26126336610289025,-0.038359374959899294,0.96450506058043761,-0.010222645274526931,0.99926398828257434,0.036972682418168597,-0.96521342254248543,-0.00020018563737605154,-0.26146320748727203,8.9884028692005554e-05,6.4077418858165413e-06
4.21502685546875,1790953705.5680339,0.00060200691223144531,0.034609879067047558,0.034801865284766934,-0.034505159311927894,0.010384709049366262,0.35152676464417792,-0.010925761117484504,0.054789999999999998,0.002222,0.191273,-3.1408072554263957,1.3062567720701161,-3.1024623717600806,0.054766935104992046,0.002222681553777544,0.19118612834342189,-0.26126336610289025,-0.038359374959899294,0.96450506058043761,-0.010222645274526931,0.99926398828257434,0.036972682418168597,-0.96521342254248543,-0.00020018563737605154,-0.26146320748727203,8.9884028692005554e-05,6.4077418858165413e-06
4.2200520038604736,1790953705.5730591,0.00062704086303710938,0.034609879067047558,0.034801865284766934,-0.034505159311927894,0.010384709049366262,0.35152676464417792,-0.010925761117484504,0.054789999999999998,0.002222,0.191273,-3.1408072554263957,1.3062567720701161,-3.1024623717600806,0.054766935104992046,0.002222681553777544,0.19118612834342189,-0.26126336610289025,-0.038359374959899294,0.96450506058043761,-0.010222645274526931,0.99926398828257434,0.036972682418168597,-0.96521342254248543,-0.00020018563737605154,-0.26146320748727203,8.9884028692005554e-05,6.4077418858165413e-06
4.2250299453735352,1790953705.578037,0.00060510635375976562,0.034609879067047558,0.034801865284766934,-0.034505159311927894,0.010384709049366262,0.35152676464417792,-0.010925761117484504,0.054789999999999998,0.002222,0.191273,-3.1408072554263957,1.3062567720701161,-3.1024623717600806,0.054766935104992046,0.002222681553777544,0.19118612834342189,-0.26126336610289025,-0.038359374959899294,0.96450506058043761,-0.010222645274526931,0.99926398828257434,0.036972682418168597,-0.96521342254248543,-0.00020018563737605154,-0.26146320748727203,8.9884028692005554e-05,6.4077418858165413e-06
4.2300539016723633,1790953705.583061,0.00062799453735351562,0.034609879067047558,0.034801865284766934,-0.034505159311927894,0.010384709049366262,0.35152676464417792,-0.010925761117484504,0.054789999999999998,0.002222,0.191273,-3.1408072554263957,1.3062567720701161,-3.1024623717600806,0.054766935104992046,0.002222681553777544,0.19118612834342189,-0.26126336610289025,-0.038359374959899294,0.96450506058043761,-0.010222645274526931,0.99926398828257434,0.036972682418168597,-0.96521342254248543,-0.00020018563737605154,-0.26146320748727203,8.9884028692005554e-05,6.4077418858165413e-06
4.2350280284881592,1790953705.5880351,0.00060200691223144531,0.034609879067047558,0.034801865284766934,-0.034505159311927894,0.010384709049366262,0.35152676464417792,-0.010925761117484504,0.054789999999999998,0.002222,0.191273,-3.1408072554263957,1.3062567720701161,-3.1024623717600806,0.054766935104992046,0.002222681553777544,0.19118612834342189,-0.26126336610289025,-0.038359374959899294,0.96450506058043761,-0.010222645274526931,0.99926398828257434,0.036972682418168597,-0.96521342254248543,-0.00020018563737605154,-0.26146320748727203,8.9884028692005554e-05,6.4077418858165413e-06
4.2400259971618652,1790953705.5930331,0.00060105323791503906,0.034609879067047558,0.034801865284766934,-0.034505159311927894,0.010384709049366262,0.35152676464417792,-0.010925761117484504,0.054789999999999998,0.002222,0.191273,-3.1408072554263957,1.3062567720701161,-3.1024623717600806,0.054766935104992046,0.002222681553777544,0.19118612834342189,-0.26126336610289025,-0.038359374959899294,0.96450506058043761,-0.010222645274526931,0.99926398828257434,0.036972682418168597,-0.96521342254248543,-0.00020018563737605154,-0.26146320748727203,8.9884028692005554e-05,6.4077418858165413e-06
4.2450258731842041,1790953705.598033,0.00059795379638671875,0.034609879067047558,0.034801865284766934,-0.034505159311927894,0.010384709049366262,0.35152676464417792,-0.010925761117484504,0.054789999999999998,0.002222,0.191273,-3.1408072554263957,1.3062567720701161,-3.1024623717600806,0.054766935104992046,0.002222681553777544,0.19118612834342189,-0.26126336610289025,-0.038359374959899294,0.96450506058043761,-0.010222645274526931,0.99926398828257434,0.036972682418168597,-0.96521342254248543,-0.00020018563737605154,-0.26146320748727203,8.9884028692005554e-05,6.4077418858165413e-06
4.2500259876251221,1790953705.6030331,0.00057506561279296875,0.034609879067047558,0.034801865284766934,-0.034505159311927894,0.010384709049366262,0.35152676464417792,-0.010925761117484504,0.054789999999999998,0.002222,0.191273,-3.1408072554263957,1.3062567720701161,-3.1024623717600806,0.054766935104992046,0.002222681553777544,0.19118612834342189,-0.26126336610289025,-0.038359374959899294,0.96450506058043761,-0.010222645274526931,0.99926398828257434,0.036972682418168597,-0.96521342254248543,-0.00020018563737605154,-0.26146320748727203,8.9884028692005554e-05,6.4077418858165413e-06
4.2550258636474609,1790953705.6080329,0.00059795379638671875,0.034609879067047558,0.034801865284766934,-0.034505159311927894,0.010384709049366262,0.35152676464417792,-0.010925761117484504,0.054789999999999998,0.002222,0.191273,-3.1408072554263957,1.3062567720701161,-3.1024623717600806,0.054766935104992046,0.002222681553777544,0.19118612834342189,-0.26126336610289025,-0.038359374959899294,0.96450506058043761,-0.010222645274526931,0.99926398828257434,0.036972682418168597,-0.96521342254248543,-0.00020018563737605154,-0.26146320748727203,8.9884028692005554e-05,6.4077418858165413e-06
4.2600259780883789,1790953705.6130331,0.00059795379638671875,0.034609879067047558,0.034801865284766934,-0.034505159311927894,0.010384709049366262,0.35152676464417792,-0.010925761117484504,0.054789999999999998,0.002222,0.191273,-3.1408072554263957,1.3062567720701161,-3.1024623717600806,0.054766935104992046,0.002222681553777544,0.19118612834342189,-0.26126336610289025,-0.038359374959899294,0.96450506058043761,-0.010222645274526931,0.99926398828257434,0.036972682418168597,-0.96521342254248543,-0.00020018563737605154,-0.26146320748727203,8.9884028692005554e-05,6.4077418858165413e-06
4.2650268077850342,1790953705.6180339,0.00059795379638671875,0.034609879067047558,0.034801865284766934,-0.034505159311927894,0.010384709049366262,0.35152676464417792,-0.010925761117484504,0.054789999999999998,0.002222,0.191273,-3.1408072554263957,1.3062567720701161,-3.1024623717600806,0.054766935104992046,0.002222681553777544,0.19118612834342189,-0.26126336610289025,-0.038359374959899294,0.96450506058043761,-0.010222645274526931,0.99926398828257434,0.036972682418168597,-0.96521342254248543,-0.00020018563737605154,-0.26146320748727203,8.9884028692005554e-05,6.4077418858165413e-06
4.270028829574585,1790953705.6230359,0.0005779266357421875,0.034609879067047558,0.034801865284766934,-0.034505159311927894,0.010384709049366262,0.35152676464417792,-0.010925761117484504,0.054789999999999998,0.002222,0.191273,-3.1408072554263957,1.3062567720701161,-3.1024623717600806,0.054766935104992046,0.002222681553777544,0.19118612834342189,-0.26126336610289025,-0.038359374959899294,0.96450506058043761,-0.010222645274526931,0.99926398828257434,0.036972682418168597,-0.96521342254248543,-0.00020018563737605154,-0.26146320748727203,8.9884028692005554e-05,6.4077418858165413e-06
4.2750368118286133,1790953705.6280439,0.00060892105102539062,0.034609879067047558,0.034801865284766934,-0.034505159311927894,0.010384709049366262,0.35152676464417792,-0.010925761117484504,0.054789999999999998,0.002222,0.191273,-3.1408072554263957,1.3062567720701161,-3.1024623717600806,0.054766935104992046,0.002222681553777544,0.19118612834342189,-0.26126336610289025,-0.038359374959899294,0.96450506058043761,-0.010222645274526931,0.99926398828257434,0.036972682418168597,-0.96521342254248543,-0.00020018563737605154,-0.26146320748727203,8.9884028692005554e-05,6.4077418858165413e-06
4.2800538539886475,1790953705.6330609,0.00062799453735351562,0.034609879067047558,0.034801865284766934,-0.034505159311927894,0.010384709049366262,0.35152676464417792,-0.010925761117484504,0.054789999999999998,0.002222,0.191273,-3.1408072554263957,1.3062567720701161,-3.1024623717600806,0.054766935104992046,0.002222681553777544,0.19118612834342189,-0.26126336610289025,-0.038359374959899294,0.96450506058043761,-0.010222645274526931,0.99926398828257434,0.036972682418168597,-0.96521342254248543,-0.00020018563737605154,-0.26146320748727203,8.9884028692005554e-05,6.4077418858165413e-06
4.2850258350372314,1790953705.6380329,0.0006008148193359375,0.034609879067047558,0.034801865284766934,-0.034505159311927894,0.010384709049366262,0.35152676464417792,-0.010925761117484504,0.054789999999999998,0.002222,0.191273,-3.1408072554263957,1.3062567720701161,-3.1024623717600806,0.054766935104992046,0.002222681553777544,0.19118612834342189,-0.26126336610289025,-0.038359374959899294,0.96450506058043761,-0.010222645274526931,0.99926398828257434,0.036972682418168597,-0.96521342254248543,-0.00020018563737605154,-0.26146320748727203,8.9884028692005554e-05,6.4077418858165413e-06
4.2900259494781494,1790953705.643033,0.00059914588928222656,0.034609879067047558,0.034801865284766934,-0.034505159311927894,0.010384709049366262,0.35152676464417792,-0.010925761117484504,0.054789999999999998,0.002222,0.191273,-3.1408072554263957,1.3062567720701161,-3.1024623717600806,0.054766935104992046,0.002222681553777544,0.19118612834342189,-0.26126336610289025,-0.038359374959899294,0.96450506058043761,-0.010222645274526931,0.99926398828257434,0.036972682418168597,-0.96521342254248543,-0.00020018563737605154,-0.26146320748727203,8.9884028692005554e-05,6.4077418858165413e-06
4.2950289249420166,1790953705.648036,0.00062394142150878906,0.034609879067047558,0.034801865284766934,-0.034505159311927894,0.010384709049366262,0.35152676464417792,-0.010925761117484504,0.054789999999999998,0.002222,0.191273,-3.1408072554263957,1.3062567720701161,-3.1024623717600806,0.054766935104992046,0.002222681553777544,0.19118612834342189,-0.26126336610289025,-0.038359374959899294,0.96450506058043761,-0.010222645274526931,0.99926398828257434,0.036972682418168597,-0.96521342254248543,-0.00020018563737605154,-0.26146320748727203,8.9884028692005554e-05,6.4077418858165413e-06
4.3000509738922119,1790953705.6530581,0.00059914588928222656,0.034609879067047558,0.034801865284766934,-0.034505159311927894,0.010384709049366262,0.35152676464417792,-0.010925761117484504,0.054789999999999998,0.002222,0.191273,-3.1408072554263957,1.3062567720701161,-3.1024623717600806,0.054766935104992046,0.002222681553777544,0.19118612834342189,-0.26126336610289025,-0.038359374959899294,0.96450506058043761,-0.010222645274526931,0.99926398828257434,0.036972682418168597,-0.96521342254248543,-0.00020018563737605154,-0.26146320748727203,8.9884028692005554e-05,6.4077418858165413e-06
4.3050289154052734,1790953705.658036,0.00062894821166992188,0.034609879067047558,0.034801865284766934,-0.034505159311927894,0.010384709049366262,0.35152676464417792,-0.010925761117484504,0.054789999999999998,0.002222,0.191273,-3.1408072554263957,1.3062567720701161,-3.1024623717600806,0.054766935104992046,0.002222681553777544,0.19118612834342189,-0.26126336610289025,-0.038359374959899294,0.96450506058043761,-0.010222645274526931,0.99926398828257434,0.036972682418168597,-0.96521342254248543,-0.00020018563737605154,-0.26146320748727203,8.9884028692005554e-05,6.4077418858165413e-06
4.3100478649139404,1790953705.6630549,0.00062489509582519531,0.034609879067047558,0.034801865284766934,-0.034505159311927894,0.010384709049366262,0.35152676464417792,-0.010925761117484504,0.054789999999999998,0.002222,0.191273,-3.1408072554263957,1.3062567720701161,-3.1024623717600806,0.054766935104992046,0.002222681553777544,0.19118612834342189,-0.26126336610289025,-0.038359374959899294,0.96450506058043761,-0.010222645274526931,0.99926398828257434,0.036972682418168597,-0.96521342254248543,-0.00020018563737605154,-0.26146320748727203,8.9884028692005554e-05,6.4077418858165413e-06
4.3150279521942139,1790953705.668035,0.00060200691223144531,0.034609879067047558,0.034801865284766934,-0.034505159311927894,0.010384709049366262,0.35152676464417792,-0.010925761117484504,0.054789999999999998,0.002222,0.191273,-3.1408072554263957,1.3062567720701161,-3.1024623717600806,0.054766935104992046,0.002222681553777544,0.19118612834342189,-0.26126336610289025,-0.038359374959899294,0.96450506058043761,-0.010222645274526931,0.99926398828257434,0.036972682418168597,-0.96521342254248543,-0.00020018563737605154,-0.26146320748727203,8.9884028692005554e-05,6.4077418858165413e-06
4.3200268745422363,1790953705.673034,0.00057387351989746094,0.034609879067047558,0.034801865284766934,-0.034505159311927894,0.010384709049366262,0.35152676464417792,-0.010925761117484504,0.054789999999999998,0.002222,0.191273,-3.1408072554263957,1.3062567720701161,-3.1024623717600806,0.054766935104992046,0.002222681553777544,0.19118612834342189,-0.26126336610289025,-0.038359374959899294,0.96450506058043761,-0.010222645274526931,0.99926398828257434,0.036972682418168597,-0.96521342254248543,-0.00020018563737605154,-0.26146320748727203,8.9884028692005554e-05,6.4077418858165413e-06
4.3250279426574707,1790953705.678035,0.00060105323791503906,0.034609879067047558,0.034801865284766934,-0.034505159311927894,0.010384709049366262,0.35152676464417792,-0.010925761117484504,0.054789999999999998,0.002222,0.191273,-3.1408072554263957,1.3062567720701161,-3.1024623717600806,0.054766935104992046,0.002222681553777544,0.19118612834342189,-0.26126336610289025,-0.038359374959899294,0.96450506058043761,-0.010222645274526931,0.99926398828257434,0.036972682418168597,-0.96521342254248543,-0.00020018563737605154,-0.26146320748727203,8.9884028692005554e-05,6.4077418858165413e-06
4.3300278186798096,1790953705.6830349,0.00057387351989746094,0.034609879067047558,0.034801865284766934,-0.034505159311927894,0.010384709049366262,0.35152676464417792,-0.010925761117484504,0.054789999999999998,0.002222,0.191273,-3.1408072554263957,1.3062567720701161,-3.1024623717600806,0.054766935104992046,0.002222681553777544,0.19118612834342189,-0.26126336610289025,-0.038359374959899294,0.96450506058043761,-0.010222645274526931,0.99926398828257434,0.036972682418168597,-0.96521342254248543,-0.00020018563737605154,-0.26146320748727203,8.9884028692005554e-05,6.4077418858165413e-06
4.3350529670715332,1790953705.68806,0.00062704086303710938,0.034609879067047558,0.034801865284766934,-0.034505159311927894,0.010384709049366262,0.35152676464417792,-0.010925761117484504,0.054789999999999998,0.002222,0.191273,-3.1408072554263957,1.3062567720701161,-3.1024623717600806,0.054766935104992046,0.002222681553777544,0.19118612834342189,-0.26126336610289025,-0.038359374959899294,0.96450506058043761,-0.010222645274526931,0.99926398828257434,0.036972682418168597,-0.96521342254248543,-0.00020018563737605154,-0.26146320748727203,8.9884028692005554e-05,6.4077418858165413e-06
4.3400259017944336,1790953705.693033,0.00057506561279296875,0.034609879067047558,0.034801865284766934,-0.034505159311927894,0.010384709049366262,0.35152676464417792,-0.010925761117484504,0.054789999999999998,0.002222,0.191273,-3.1408072554263957,1.3062567720701161,-3.1024623717600806,0.054766935104992046,0.002222681553777544,0.19118612834342189,-0.26126336610289025,-0.038359374959899294,0.96450506058043761,-0.010222645274526931,0.99926398828257434,0.036972682418168597,-0.96521342254248543,-0.00020018563737605154,-0.26146320748727203,8.9884028692005554e-05,6.4077418858165413e-06
4.3450260162353516,1790953705.6980331,0.0005970001220703125,0.034609879067047558,0.034801865284766934,-0.034505159311927894,0.010384709049366262,0.35152676464417792,-0.010925761117484504,0.054789999999999998,0.002222,0.191273,-3.1408072554263957,1.3062567720701161,-3.1024623717600806,0.054766935104992046,0.002222681553777544,0.19118612834342189,-0.26126336610289025,-0.038359374959899294,0.96450506058043761,-0.010222645274526931,0.99926398828257434,0.036972682418168597,-0.96521342254248543,-0.00020018563737605154,-0.26146320748727203,8.9884028692005554e-05,6.4077418858165413e-06
4.3500258922576904,1790953705.703033,0.00059986114501953125,0.034609879067047558,0.034801865284766934,-0.034505159311927894,0.010384709049366262,0.35152676464417792,-0.010925761117484504,0.054789999999999998,0.002222,0.191273,-3.1408072554263957,1.3062567720701161,-3.1024623717600806,0.054766935104992046,0.002222681553777544,0.19118612834342189,-0.26126336610289025,-0.038359374959899294,0.96450506058043761,-0.010222645274526931,0.99926398828257434,0.036972682418168597,-0.96521342254248543,-0.00020018563737605154,-0.26146320748727203,8.9884028692005554e-05,6.4077418858165413e-06
4.3550279140472412,1790953705.708035,0.00060105323791503906,0.034609879067047558,0.034801865284766934,-0.034505159311927894,0.010384709049366262,0.35152676464417792,-0.010925761117484504,0.054789999999999998,0.002222,0.191273,-3.1408072554263957,1.3062567720701161,-3.1024623717600806,0.054766935104992046,0.002222681553777544,0.19118612834342189,-0.26126336610289025,-0.038359374959899294,0.96450506058043761,-0.010222645274526931,0.99926398828257434,0.036972682418168597,-0.96521342254248543,-0.00020018563737605154,-0.26146320748727203,8.9884028692005554e-05,6.4077418858165413e-06
4.3600280284881592,1790953705.7130351,0.00057721138000488281,0.034609879067047558,0.034801865284766934,-0.034505159311927894,0.010384709049366262,0.35152676464417792,-0.010925761117484504,0.054789999999999998,0.002222,0.191273,-3.1408072554263957,1.3062567720701161,-3.1024623717600806,0.054766935104992046,0.002222681553777544,0.19118612834342189,-0.26126336610289025,-0.038359374959899294,0.96450506058043761,-0.010222645274526931,0.99926398828257434,0.036972682418168597,-0.96521342254248543,-0.00020018563737605154,-0.26146320748727203,8.9884028692005554e-05,6.4077418858165413e-06
4.3650259971618652,1790953705.7180331,0.00059819221496582031,0.034609879067047558,0.034801865284766934,-0.034505159311927894,0.010384709049366262,0.35152676464417792,-0.010925761117484504,0.054789999999999998,0.002222,0.191273,-3.1408072554263957,1.3062567720701161,-3.1024623717600806,0.054766935104992046,0.002222681553777544,0.19118612834342189,-0.26126336610289025,-0.038359374959899294,0.96450506058043761,-0.010222645274526931,0.99926398828257434,0.036972682418168597,-0.96521342254248543,-0.00020018563737605154,-0.26146320748727203,8.9884028692005554e-05,6.4077418858165413e-06
4.3700528144836426,1790953705.7230599,0.00062084197998046875,0.034609879067047558,0.034801865284766934,-0.034505159311927894,0.010384709049366262,0.35152676464417792,-0.010925761117484504,0.054789999999999998,0.002222,0.191273,-3.1408072554263957,1.3062567720701161,-3.1024623717600806,0.054766935104992046,0.002222681553777544,0.19118612834342189,-0.26126336610289025,-0.038359374959899294,0.96450506058043761,-0.010222645274526931,0.99926398828257434,0.036972682418168597,-0.96521342254248543,-0.00020018563737605154,-0.26146320748727203,8.9884028692005554e-05,6.4077418858165413e-06
4.3750288486480713,1790953705.7280359,0.00060296058654785156,0.034609879067047558,0.034801865284766934,-0.034505159311927894,0.010384709049366262,0.35152676464417792,-0.010925761117484504,0.054789999999999998,0.002222,0.191273,-3.1408072554263957,1.3062567720701161,-3.1024623717600806,0.054766935104992046,0.002222681553777544,0.19118612834342189,-0.26126336610289025,-0.038359374959899294,0.96450506058043761,-0.010222645274526931,0.99926398828257434,0.036972682418168597,-0.96521342254248543,-0.00020018563737605154,-0.26146320748727203,8.9884028692005554e-05,6.4077418858165413e-06
4.3800280094146729,1790953705.7330351,0.0005741119384765625,0.034609879067047558,0.034801865284766934,-0.034505159311927894,0.010384709049366262,0.35152676464417792,-0.010925761117484504,0.054789999999999998,0.002222,0.191273,-3.1408072554263957,1.3062567720701161,-3.1024623717600806,0.054766935104992046,0.002222681553777544,0.19118612834342189,-0.26126336610289025,-0.038359374959899294,0.96450506058043761,-0.010222645274526931,0.99926398828257434,0.036972682418168597,-0.96521342254248543,-0.00020018563737605154,-0.26146320748727203,8.9884028692005554e-05,6.4077418858165413e-06
4.3850269317626953,1790953705.738034,0.000598907470703125,0.034609879067047558,0.034801865284766934,-0.034505159311927894,0.010384709049366262,0.35152676464417792,-0.010925761117484504,0.054789999999999998,0.002222,0.191273,-3.1408072554263957,1.3062567720701161,-3.1024623717600806,0.054766935104992046,0.002222681553777544,0.19118612834342189,-0.26126336610289025,-0.038359374959899294,0.96450506058043761,-0.010222645274526931,0.99926398828257434,0.036972682418168597,-0.96521342254248543,-0.00020018563737605154,-0.26146320748727203,8.9884028692005554e-05,6.4077418858165413e-06
4.3900268077850342,1790953705.7430339,0.00057387351989746094,0.034609879067047558,0.034801865284766934,-0.034505159311927894,0.010384709049366262,0.35152676464417792,-0.010925761117484504,0.054789999999999998,0.002222,0.191273,-3.1408072554263957,1.3062567720701161,-3.1024623717600806,0.054766935104992046,0.002222681553777544,0.19118612834342189,-0.26126336610289025,-0.038359374959899294,0.96450506058043761,-0.010222645274526931,0.99926398828257434,0.036972682418168597,-0.96521342254248543,-0.00020018563737605154,-0.26146320748727203,8.9884028692005554e-05,6.4077418858165413e-06
4.3950259685516357,1790953705.748033,0.00059914588928222656,0.034609879067047558,0.034801865284766934,-0.034505159311927894,0.010384709049366262,0.35152676464417792,-0.010925761117484504,0.054789999999999998,0.002222,0.191273,-3.1408072554263957,1.3062567720701161,-3.1024623717600806,0.054766935104992046,0.002222681553777544,0.19118612834342189,-0.26126336610289025,-0.038359374959899294,0.96450506058043761,-0.010222645274526931,0.99926398828257434,0.036972682418168597,-0.96521342254248543,-0.00020018563737605154,-0.26146320748727203,8.9884028692005554e-05,6.4077418858165413e-06
4.4000518321990967,1790953705.7530589,0.00062584877014160156,0.034609879067047558,0.034801865284766934,-0.034505159311927894,0.010384709049366262,0.35152676464417792,-0.010925761117484504,0.054789999999999998,0.002222,0.191273,-3.1408072554263957,1.3062567720701161,-3.1024623717600806,0.054766935104992046,0.002222681553777544,0.19118612834342189,-0.26126336610289025,-0.038359374959899294,0.96450506058043761,-0.010222645274526931,0.99926398828257434,0.036972682418168597,-0.96521342254248543,-0.00020018563737605154,-0.26146320748727203,8.9884028692005554e-05,6.4077418858165413e-06
4.4050278663635254,1790953705.7580349,0.00060296058654785156,0.034609879067047558,0.034801865284766934,-0.034505159311927894,0.010384709049366262,0.35152676464417792,-0.010925761117484504,0.054789999999999998,0.002222,0.191273,-3.1408072554263957,1.3062567720701161,-3.1024623717600806,0.054766935104992046,0.002222681553777544,0.19118612834342189,-0.26126336610289025,-0.038359374959899294,0.96450506058043761,-0.010222645274526931,0.99926398828257434,0.036972682418168597,-0.96521342254248543,-0.00020018563737605154,-0.26146320748727203,8.9884028692005554e-05,6.4077418858165413e-06
4.410053014755249,1790953705.7630601,0.00062704086303710938,0.034609879067047558,0.034801865284766934,-0.034505159311927894,0.010384709049366262,0.35152676464417792,-0.010925761117484504,0.054789999999999998,0.002222,0.191273,-3.1408072554263957,1.3062567720701161,-3.1024623717600806,0.054766935104992046,0.002222681553777544,0.19118612834342189,-0.26126336610289025,-0.038359374959899294,0.96450506058043761,-0.010222645274526931,0.99926398828257434,0.036972682418168597,-0.96521342254248543,-0.00020018563737605154,-0.26146320748727203,8.9884028692005554e-05,6.4077418858165413e-06
4.4150278568267822,1790953705.7680349,0.00060296058654785156,0.034609879067047558,0.034801865284766934,-0.034505159311927894,0.010384709049366262,0.35152676464417792,-0.010925761117484504,0.054789999999999998,0.002222,0.191273,-3.1408072554263957,1.3062567720701161,-3.1024623717600806,0.054766935104992046,0.002222681553777544,0.19118612834342189,-0.26126336610289025,-0.038359374959899294,0.96450506058043761,-0.010222645274526931,0.99926398828257434,0.036972682418168597,-0.96521342254248543,-0.00020018563737605154,-0.26146320748727203,8.9884028692005554e-05,6.4077418858165413e-06
4.4200499057769775,1790953705.773057,0.00061798095703125,0.034609879067047558,0.034801865284766934,-0.034505159311927894,0.010384709049366262,0.35152676464417792,-0.010925761117484504,0.054789999999999998,0.002222,0.191273,-3.1408072554263957,1.3062567720701161,-3.1024623717600806,0.054766935104992046,0.002222681553777544,0.19118612834342189,-0.26126336610289025,-0.038359374959899294,0.96450506058043761,-0.010222645274526931,0.99926398828257434,0.036972682418168597,-0.96521342254248543,-0.00020018563737605154,-0.26146320748727203,8.9884028692005554e-05,6.4077418858165413e-06
4.4250268936157227,1790953705.778034,0.000598907470703125,0.034609879067047558,0.034801865284766934,-0.034505159311927894,0.010384709049366262,0.35152676464417792,-0.010925761117484504,0.054789999999999998,0.002222,0.191273,-3.1408072554263957,1.3062567720701161,-3.1024623717600806,0.054766935104992046,0.002222681553777544,0.19118612834342189,-0.26126336610289025,-0.038359374959899294,0.96450506058043761,-0.010222645274526931,0.99926398828257434,0.036972682418168597,-0.96521342254248543,-0.00020018563737605154,-0.26146320748727203,8.9884028692005554e-05,6.4077418858165413e-06
4.4300258159637451,1790953705.7830329,0.00059986114501953125,0.034609879067047558,0.034801865284766934,-0.034505159311927894,0.010384709049366262,0.35152676464417792,-0.010925761117484504,0.054789999999999998,0.002222,0.191273,-3.1408072554263957,1.3062567720701161,-3.1024623717600806,0.054766935104992046,0.002222681553777544,0.19118612834342189,-0.26126336610289025,-0.038359374959899294,0.96450506058043761,-0.010222645274526931,0.99926398828257434,0.036972682418168597,-0.96521342254248543,-0.00020018563737605154,-0.26146320748727203,8.9884028692005554e-05,6.4077418858165413e-06
4.4350268840789795,1790953705.788034,0.000598907470703125,0.034609879067047558,0.034801865284766934,-0.034505159311927894,0.010384709049366262,0.35152676464417792,-0.010925761117484504,0.054789999999999998,0.002222,0.191273,-3.1408072554263957,1.3062567720701161,-3.1024623717600806,0.054766935104992046,0.002222681553777544,0.19118612834342189,-0.26126336610289025,-0.038359374959899294,0.96450506058043761,-0.010222645274526931,0.99926398828257434,0.036972682418168597,-0.96521342254248543,-0.00020018563737605154,-0.26146320748727203,8.9884028692005554e-05,6.4077418858165413e-06
4.4400269985198975,1790953705.7930341,0.0005970001220703125,0.034609879067047558,0.034801865284766934,-0.034505159311927894,0.010384709049366262,0.35152676464417792,-0.010925761117484504,0.054789999999999998,0.002222,0.191273,-3.1408072554263957,1.3062567720701161,-3.1024623717600806,0.054766935104992046,0.002222681553777544,0.19118612834342189,-0.26126336610289025,-0.038359374959899294,0.96450506058043761,-0.010222645274526931,0.99926398828257434,0.036972682418168597,-0.96521342254248543,-0.00020018563737605154,-0.26146320748727203,8.9884028692005554e-05,6.4077418858165413e-06
4.4450249671936035,1790953705.798032,0.00060009956359863281,0.034609879067047558,0.034801865284766934,-0.034505159311927894,0.010384709049366262,0.35152676464417792,-0.010925761117484504,0.054789999999999998,0.002222,0.191273,-3.1408072554263957,1.3062567720701161,-3.1024623717600806,0.054766935104992046,0.002222681553777544,0.19118612834342189,-0.26126336610289025,-0.038359374959899294,0.96450506058043761,-0.010222645274526931,0.99926398828257434,0.036972682418168597,-0.96521342254248543,-0.00020018563737605154,-0.26146320748727203,8.9884028692005554e-05,6.4077418858165413e-06
4.450049877166748,1790953705.803057,0.00061702728271484375,0.034609879067047558,0.034801865284766934,-0.034505159311927894,0.010384709049366262,0.35152676464417792,-0.010925761117484504,0.054789999999999998,0.002222,0.191273,-3.1408072554263957,1.3062567720701161,-3.1024623717600806,0.054766935104992046,0.002222681553777544,0.19118612834342189,-0.26126336610289025,-0.038359374959899294,0.96450506058043761,-0.010222645274526931,0.99926398828257434,0.036972682418168597,-0.96521342254248543,-0.00020018563737605154,-0.26146320748727203,8.9884028692005554e-05,6.4077418858165413e-06
4.4550249576568604,1790953705.808032,0.00060009956359863281,0.034609879067047558,0.034801865284766934,-0.034505159311927894,0.010384709049366262,0.35152676464417792,-0.010925761117484504,0.054789999999999998,0.002222,0.191273,-3.1408072554263957,1.3062567720701161,-3.1024623717600806,0.054766935104992046,0.002222681553777544,0.19118612834342189,-0.26126336610289025,-0.038359374959899294,0.96450506058043761,-0.010222645274526931,0.99926398828257434,0.036972682418168597,-0.96521342254248543,-0.00020018563737605154,-0.26146320748727203,8.9884028692005554e-05,6.4077418858165413e-06
4.4600248336791992,1790953705.8130319,0.00059986114501953125,0.034609879067047558,0.034801865284766934,-0.034505159311927894,0.010384709049366262,0.35152676464417792,-0.010925761117484504,0.054789999999999998,0.002222,0.191273,-3.1408072554263957,1.3062567720701161,-3.1024623717600806,0.054766935104992046,0.002222681553777544,0.19118612834342189,-0.26126336610289025,-0.038359374959899294,0.96450506058043761,-0.010222645274526931,0.99926398828257434,0.036972682418168597,-0.96521342254248543,-0.00020018563737605154,-0.26146320748727203,8.9884028692005554e-05,6.4077418858165413e-06
4.4650249481201172,1790953705.818032,0.000598907470703125,0.034609879067047558,0.034801865284766934,-0.034505159311927894,0.010384709049366262,0.35152676464417792,-0.010925761117484504,0.054789999999999998,0.002222,0.191273,-3.1408072554263957,1.3062567720701161,-3.1024623717600806,0.054766935104992046,0.002222681553777544,0.19118612834342189,-0.26126336610289025,-0.038359374959899294,0.96450506058043761,-0.010222645274526931,0.99926398828257434,0.036972682418168597,-0.96521342254248543,-0.00020018563737605154,-0.26146320748727203,8.9884028692005554e-05,6.4077418858165413e-06
4.4700260162353516,1790953705.8230331,0.0005950927734375,0.034609879067047558,0.034801865284766934,-0.034505159311927894,0.010384709049366262,0.35152676464417792,-0.010925761117484504,0.054789999999999998,0.002222,0.191273,-3.1408072554263957,1.3062567720701161,-3.1024623717600806,0.054766935104992046,0.002222681553777544,0.19118612834342189,-0.26126336610289025,-0.038359374959899294,0.96450506058043761,-0.010222645274526931,0.99926398828257434,0.036972682418168597,-0.96521342254248543,-0.00020018563737605154,-0.26146320748727203,8.9884028692005554e-05,6.4077418858165413e-06
4.475024938583374,1790953705.828032,0.00060009956359863281,0.034609879067047558,0.034801865284766934,-0.034505159311927894,0.010384709049366262,0.35152676464417792,-0.010925761117484504,0.054789999999999998,0.002222,0.191273,-3.1408072554263957,1.3062567720701161,-3.1024623717600806,0.054766935104992046,0.002222681553777544,0.19118612834342189,-0.26126336610289025,-0.038359374959899294,0.96450506058043761,-0.010222645274526931,0.99926398828257434,0.036972682418168597,-0.96521342254248543,-0.00020018563737605154,-0.26146320748727203,8.9884028692005554e-05,6.4077418858165413e-06
4.4800498485565186,1790953705.8330569,0.000598907470703125,0.034609879067047558,0.034801865284766934,-0.034505159311927894,0.010384709049366262,0.35152676464417792,-0.010925761117484504,0.054789999999999998,0.002222,0.191273,-3.1408072554263957,1.3062567720701161,-3.1024623717600806,0.054766935104992046,0.002222681553777544,0.19118612834342189,-0.26126336610289025,-0.038359374959899294,0.96450506058043761,-0.010222645274526931,0.99926398828257434,0.036972682418168597,-0.96521342254248543,-0.00020018563737605154,-0.26146320748727203,8.9884028692005554e-05,6.4077418858165413e-06
4.4850249290466309,1790953705.838032,0.00059795379638671875,0.034609879067047558,0.034801865284766934,-0.034505159311927894,0.010384709049366262,0.35152676464417792,-0.010925761117484504,0.054789999999999998,0.002222,0.191273,-3.1408072554263957,1.3062567720701161,-3.1024623717600806,0.054766935104992046,0.002222681553777544,0.19118612834342189,-0.26126336610289025,-0.038359374959899294,0.96450506058043761,-0.010222645274526931,0.99926398828257434,0.036972682418168597,-0.96521342254248543,-0.00020018563737605154,-0.26146320748727203,8.9884028692005554e-05,6.4077418858165413e-06
4.4900248050689697,1790953705.8430319,0.00059986114501953125,0.034609879067047558,0.034801865284766934,-0.034505159311927894,0.010384709049366262,0.35152676464417792,-0.010925761117484504,0.054789999999999998,0.002222,0.191273,-3.1408072554263957,1.3062567720701161,-3.1024623717600806,0.054766935104992046,0.002222681553777544,0.19118612834342189,-0.26126336610289025,-0.038359374959899294,0.96450506058043761,-0.010222645274526931,0.99926398828257434,0.036972682418168597,-0.96521342254248543,-0.00020018563737605154,-0.26146320748727203,8.9884028692005554e-05,6.4077418858165413e-06
4.4950249195098877,1790953705.848032,0.00060009956359863281,0.034609879067047558,0.034801865284766934,-0.034505159311927894,0.010384709049366262,0.35152676464417792,-0.010925761117484504,0.054789999999999998,0.002222,0.191273,-3.1408072554263957,1.3062567720701161,-3.1024623717600806,0.054766935104992046,0.002222681553777544,0.19118612834342189,-0.26126336610289025,-0.038359374959899294,0.96450506058043761,-0.010222645274526931,0.99926398828257434,0.036972682418168597,-0.96521342254248543,-0.00020018563737605154,-0.26146320748727203,8.9884028692005554e-05,6.4077418858165413e-06
4.5000259876251221,1790953705.8530331,0.00060105323791503906,0.034609879067047558,0.034801865284766934,-0.034505159311927894,0.010384709049366262,0.35152676464417792,-0.010925761117484504,0.054789999999999998,0.002222,0.191273,-3.1408072554263957,1.3062567720701161,-3.1024623717600806,0.054766935104992046,0.002222681553777544,0.19118612834342189,-0.26126336610289025,-0.038359374959899294,0.96450506058043761,-0.010222645274526931,0.99926398828257434,0.036972682418168597,-0.96521342254248543,-0.00020018563737605154,-0.26146320748727203,8.9884028692005554e-05,6.4077418858165413e-06
4.5050249099731445,1790953705.858032,0.00060009956359863281,0.034609879067047558,0.034801865284766934,-0.034505159311927894,0.010384709049366262,0.35152676464417792,-0.010925761117484504,0.054789999999999998,0.002222,0.191273,-3.1408072554263957,1.3062567720701161,-3.1024623717600806,0.054766935104992046,0.002222681553777544,0.19118612834342189,-0.26126336610289025,-0.038359374959899294,0.96450506058043761,-0.010222645274526931,0.99926398828257434,0.036972682418168597,-0.96521342254248543,-0.00020018563737605154,-0.26146320748727203,8.9884028692005554e-05,6.4077418858165413e-06
4.5100259780883789,1790953705.8630331,0.00060105323791503906,0.034609879067047558,0.034801865284766934,-0.034505159311927894,0.010384709049366262,0.35152676464417792,-0.010925761117484504,0.054789999999999998,0.002222,0.191273,-3.1408072554263957,1.3062567720701161,-3.1024623717600806,0.054766935104992046,0.002222681553777544,0.19118612834342189,-0.26126336610289025,-0.038359374959899294,0.96450506058043761,-0.010222645274526931,0.99926398828257434,0.036972682418168597,-0.96521342254248543,-0.00020018563737605154,-0.26146320748727203,8.9884028692005554e-05,6.4077418858165413e-06
4.5150249004364014,1790953705.868032,0.00059008598327636719,0.034609879067047558,0.034801865284766934,-0.034505159311927894,0.010384709049366262,0.35152676464417792,-0.010925761117484504,0.054789999999999998,0.002222,0.191273,-3.1408072554263957,1.3062567720701161,-3.1024623717600806,0.054766935104992046,0.002222681553777544,0.19118612834342189,-0.26126336610289025,-0.038359374959899294,0.96450506058043761,-0.010222645274526931,0.99926398828257434,0.036972682418168597,-0.96521342254248543,-0.00020018563737605154,-0.26146320748727203,8.9884028692005554e-05,6.4077418858165413e-06
4.5200498104095459,1790953705.8730569,0.00062084197998046875,0.034609879067047558,0.034801865284766934,-0.034505159311927894,0.010384709049366262,0.35152676464417792,-0.010925761117484504,0.054789999999999998,0.002222,0.191273,-3.1408072554263957,1.3062567720701161,-3.1024623717600806,0.054766935104992046,0.002222681553777544,0.19118612834342189,-0.26126336610289025,-0.038359374959899294,0.96450506058043761,-0.010222645274526931,0.99926398828257434,0.036972682418168597,-0.96521342254248543,-0.00020018563737605154,-0.26146320748727203,8.9884028692005554e-05,6.4077418858165413e-06
4.5250318050384521,1790953705.8780389,0.00060582160949707031,0.034609879067047558,0.034801865284766934,-0.034505159311927894,0.010384709049366262,0.35152676464417792,-0.010925761117484504,0.054789999999999998,0.002222,0.191273,-3.1408072554263957,1.3062567720701161,-3.1024623717600806,0.054766935104992046,0.002222681553777544,0.19118612834342189,-0.26126336610289025,-0.038359374959899294,0.96450506058043761,-0.010222645274526931,0.99926398828257434,0.036972682418168597,-0.96521342254248543,-0.00020018563737605154,-0.26146320748727203,8.9884028692005554e-05,6.4077418858165413e-06
4.5300250053405762,1790953705.8830321,0.0005741119384765625,0.034609879067047558,0.034801865284766934,-0.034505159311927894,0.010384709049366262,0.35152676464417792,-0.010925761117484504,0.054789999999999998,0.002222,0.191273,-3.1408072554263957,1.3062567720701161,-3.1024623717600806,0.054766935104992046,0.002222681553777544,0.19118612834342189,-0.26126336610289025,-0.038359374959899294,0.96450506058043761,-0.010222645274526931,0.99926398828257434,0.036972682418168597,-0.96521342254248543,-0.00020018563737605154,-0.26146320748727203,8.9884028692005554e-05,6.4077418858165413e-06
4.5350258350372314,1790953705.8880329,0.00059986114501953125,0.034609879067047558,0.034801865284766934,-0.034505159311927894,0.010384709049366262,0.35152676464417792,-0.010925761117484504,0.054789999999999998,0.002222,0.191273,-3.1408072554263957,1.3062567720701161,-3.1024623717600806,0.054766935104992046,0.002222681553777544,0.19118612834342189,-0.26126336610289025,-0.038359374959899294,0.96450506058043761,-0.010222645274526931,0.99926398828257434,0.036972682418168597,-0.96521342254248543,-0.00020018563737605154,-0.26146320748727203,8.9884028692005554e-05,6.4077418858165413e-06
4.5400509834289551,1790953705.8930581,0.00061798095703125,0.034609879067047558,0.034801865284766934,-0.034505159311927894,0.010384709049366262,0.35152676464417792,-0.010925761117484504,0.054789999999999998,0.002222,0.191273,-3.1408072554263957,1.3062567720701161,-3.1024623717600806,0.054766935104992046,0.002222681553777544,0.19118612834342189,-0.26126336610289025,-0.038359374959899294,0.96450506058043761,-0.010222645274526931,0.99926398828257434,0.036972682418168597,-0.96521342254248543,-0.00020018563737605154,-0.26146320748727203,8.9884028692005554e-05,6.4077418858165413e-06
4.5450248718261719,1790953705.8980319,0.00059986114501953125,0.034609879067047558,0.034801865284766934,-0.034505159311927894,0.010384709049366262,0.35152676464417792,-0.010925761117484504,0.054789999999999998,0.002222,0.191273,-3.1408072554263957,1.3062567720701161,-3.1024623717600806,0.054766935104992046,0.002222681553777544,0.19118612834342189,-0.26126336610289025,-0.038359374959899294,0.96450506058043761,-0.010222645274526931,0.99926398828257434,0.036972682418168597,-0.96521342254248543,-0.00020018563737605154,-0.26146320748727203,8.9884028692005554e-05,6.4077418858165413e-06
4.5500528812408447,1790953705.90306,0.00062584877014160156,0.034609879067047558,0.034801865284766934,-0.034505159311927894,0.010384709049366262,0.35152676464417792,-0.010925761117484504,0.054789999999999998,0.002222,0.191273,-3.1408072554263957,1.3062567720701161,-3.1024623717600806,0.054766935104992046,0.002222681553777544,0.19118612834342189,-0.26126336610289025,-0.038359374959899294,0.96450506058043761,-0.010222645274526931,0.99926398828257434,0.036972682418168597,-0.96521342254248543,-0.00020018563737605154,-0.26146320748727203,8.9884028692005554e-05,6.4077418858165413e-06
4.5550270080566406,1790953705.9080341,0.0005970001220703125,0.034609879067047558,0.034801865284766934,-0.034505159311927894,0.010384709049366262,0.35152676464417792,-0.010925761117484504,0.054789999999999998,0.002222,0.191273,-3.1408072554263957,1.3062567720701161,-3.1024623717600806,0.054766935104992046,0.002222681553777544,0.19118612834342189,-0.26126336610289025,-0.038359374959899294,0.96450506058043761,-0.010222645274526931,0.99926398828257434,0.036972682418168597,-0.96521342254248543,-0.00020018563737605154,-0.26146320748727203,8.9884028692005554e-05,6.4077418858165413e-06
4.5600528717041016,1790953705.9130599,0.00060105323791503906,0.034609879067047558,0.034801865284766934,-0.034505159311927894,0.010384709049366262,0.35152676464417792,-0.010925761117484504,0.054789999999999998,0.002222,0.191273,-3.1408072554263957,1.3062567720701161,-3.1024623717600806,0.054766935104992046,0.002222681553777544,0.19118612834342189,-0.26126336610289025,-0.038359374959899294,0.96450506058043761,-0.010222645274526931,0.99926398828257434,0.036972682418168597,-0.96521342254248543,-0.00020018563737605154,-0.26146320748727203,8.9884028692005554e-05,6.4077418858165413e-06
4.565025806427002,1790953705.9180329,0.0006008148193359375,0.034609879067047558,0.034801865284766934,-0.034505159311927894,0.010384709049366262,0.35152676464417792,-0.010925761117484504,0.054789999999999998,0.002222,0.191273,-3.1408072554263957,1.3062567720701161,-3.1024623717600806,0.054766935104992046,0.002222681553777544,0.19118612834342189,-0.26126336610289025,-0.038359374959899294,0.96450506058043761,-0.010222645274526931,0.99926398828257434,0.036972682418168597,-0.96521342254248543,-0.00020018563737605154,-0.26146320748727203,8.9884028692005554e-05,6.4077418858165413e-06
4.570051908493042,1790953705.923059,0.00062394142150878906,0.034609879067047558,0.034801865284766934,-0.034505159311927894,0.010384709049366262,0.35152676464417792,-0.010925761117484504,0.054789999999999998,0.002222,0.191273,-3.1408072554263957,1.3062567720701161,-3.1024623717600806,0.054766935104992046,0.002222681553777544,0.19118612834342189,-0.26126336610289025,-0.038359374959899294,0.96450506058043761,-0.010222645274526931,0.99926398828257434,0.036972682418168597,-0.96521342254248543,-0.00020018563737605154,-0.26146320748727203,8.9884028692005554e-05,6.4077418858165413e-06
4.5750260353088379,1790953705.9280331,0.00060200691223144531,0.034609879067047558,0.034801865284766934,-0.034505159311927894,0.010384709049366262,0.35152676464417792,-0.010925761117484504,0.054789999999999998,0.002222,0.191273,-3.1408072554263957,1.3062567720701161,-3.1024623717600806,0.054766935104992046,0.002222681553777544,0.19118612834342189,-0.26126336610289025,-0.038359374959899294,0.96450506058043761,-0.010222645274526931,0.99926398828257434,0.036972682418168597,-0.96521342254248543,-0.00020018563737605154,-0.26146320748727203,8.9884028692005554e-05,6.4077418858165413e-06
4.5800259113311768,1790953705.933033,0.00060105323791503906,0.034609879067047558,0.034801865284766934,-0.034505159311927894,0.010384709049366262,0.35152676464417792,-0.010925761117484504,0.054789999999999998,0.002222,0.191273,-3.1408072554263957,1.3062567720701161,-3.1024623717600806,0.054766935104992046,0.002222681553777544,0.19118612834342189,-0.26126336610289025,-0.038359374959899294,0.96450506058043761,-0.010222645274526931,0.99926398828257434,0.036972682418168597,-0.96521342254248543,-0.00020018563737605154,-0.26146320748727203,8.9884028692005554e-05,6.4077418858165413e-06
4.5850269794464111,1790953705.9380341,0.00060200691223144531,0.034609879067047558,0.034801865284766934,-0.034505159311927894,0.010384709049366262,0.35152676464417792,-0.010925761117484504,0.054789999999999998,0.002222,0.191273,-3.1408072554263957,1.3062567720701161,-3.1024623717600806,0.054766935104992046,0.002222681553777544,0.19118612834342189,-0.26126336610289025,-0.038359374959899294,0.96450506058043761,-0.010222645274526931,0.99926398828257434,0.036972682418168597,-0.96521342254248543,-0.00020018563737605154,-0.26146320748727203,8.9884028692005554e-05,6.4077418858165413e-06
4.5900259017944336,1790953705.943033,0.0005950927734375,0.034609879067047558,0.034801865284766934,-0.034505159311927894,0.010384709049366262,0.35152676464417792,-0.010925761117484504,0.054789999999999998,0.002222,0.191273,-3.1408072554263957,1.3062567720701161,-3.1024623717600806,0.054766935104992046,0.002222681553777544,0.19118612834342189,-0.26126336610289025,-0.038359374959899294,0.96450506058043761,-0.010222645274526931,0.99926398828257434,0.036972682418168597,-0.96521342254248543,-0.00020018563737605154,-0.26146320748727203,8.9884028692005554e-05,6.4077418858165413e-06
4.5950260162353516,1790953705.9480331,0.00060105323791503906,0.034609879067047558,0.034801865284766934,-0.034505159311927894,0.010384709049366262,0.35152676464417792,-0.010925761117484504,0.054789999999999998,0.002222,0.191273,-3.1408072554263957,1.3062567720701161,-3.1024623717600806,0.054766935104992046,0.002222681553777544,0.19118612834342189,-0.26126336610289025,-0.038359374959899294,0.96450506058043761,-0.010222645274526931,0.99926398828257434,0.036972682418168597,-0.96521342254248543,-0.00020018563737605154,-0.26146320748727203,8.9884028692005554e-05,6.4077418858165413e-06
4.6000509262084961,1790953705.953058,0.00062608718872070312,0.034609879067047558,0.034801865284766934,-0.034505159311927894,0.010384709049366262,0.35152676464417792,-0.010925761117484504,0.054789999999999998,0.002222,0.191273,-3.1408072554263957,1.3062567720701161,-3.1024623717600806,0.054766935104992046,0.002222681553777544,0.19118612834342189,-0.26126336610289025,-0.038359374959899294,0.96450506058043761,-0.010222645274526931,0.99926398828257434,0.036972682418168597,-0.96521342254248543,-0.00020018563737605154,-0.26146320748727203,8.9884028692005554e-05,6.4077418858165413e-06
4.6050288677215576,1790953705.9580359,0.00060105323791503906,0.034609879067047558,0.034801865284766934,-0.034505159311927894,0.010384709049366262,0.35152676464417792,-0.010925761117484504,0.054789999999999998,0.002222,0.191273,-3.1408072554263957,1.3062567720701161,-3.1024623717600806,0.054766935104992046,0.002222681553777544,0.19118612834342189,-0.26126336610289025,-0.038359374959899294,0.96450506058043761,-0.010222645274526931,0.99926398828257434,0.036972682418168597,-0.96521342254248543,-0.00020018563737605154,-0.26146320748727203,8.9884028692005554e-05,6.4077418858165413e-06
4.6100280284881592,1790953705.9630351,0.00057721138000488281,0.034609879067047558,0.034801865284766934,-0.034505159311927894,0.010384709049366262,0.35152676464417792,-0.010925761117484504,0.054789999999999998,0.002222,0.191273,-3.1408072554263957,1.3062567720701161,-3.1024623717600806,0.054766935104992046,0.002222681553777544,0.19118612834342189,-0.26126336610289025,-0.038359374959899294,0.96450506058043761,-0.010222645274526931,0.99926398828257434,0.036972682418168597,-0.96521342254248543,-0.00020018563737605154,-0.26146320748727203,8.9884028692005554e-05,6.4077418858165413e-06
4.6150248050689697,1790953705.9680319,0.00059986114501953125,0.034609879067047558,0.034801865284766934,-0.034505159311927894,0.010384709049366262,0.35152676464417792,-0.010925761117484504,0.054789999999999998,0.002222,0.191273,-3.1408072554263957,1.3062567720701161,-3.1024623717600806,0.054766935104992046,0.002222681553777544,0.19118612834342189,-0.26126336610289025,-0.038359374959899294,0.96450506058043761,-0.010222645274526931,0.99926398828257434,0.036972682418168597,-0.96521342254248543,-0.00020018563737605154,-0.26146320748727203,8.9884028692005554e-05,6.4077418858165413e-06
4.6200268268585205,1790953705.9730339,0.00060200691223144531,0.034609879067047558,0.034801865284766934,-0.034505159311927894,0.010384709049366262,0.35152676464417792,-0.010925761117484504,0.054789999999999998,0.002222,0.191273,-3.1408072554263957,1.3062567720701161,-3.1024623717600806,0.054766935104992046,0.002222681553777544,0.19118612834342189,-0.26126336610289025,-0.038359374959899294,0.96450506058043761,-0.010222645274526931,0.99926398828257434,0.036972682418168597,-0.96521342254248543,-0.00020018563737605154,-0.26146320748727203,8.9884028692005554e-05,6.4077418858165413e-06
4.6250269412994385,1790953705.978034,0.00060200691223144531,0.034609879067047558,0.034801865284766934,-0.034505159311927894,0.010384709049366262,0.35152676464417792,-0.010925761117484504,0.054789999999999998,0.002222,0.191273,-3.1408072554263957,1.3062567720701161,-3.1024623717600806,0.054766935104992046,0.002222681553777544,0.19118612834342189,-0.26126336610289025,-0.038359374959899294,0.96450506058043761,-0.010222645274526931,0.99926398828257434,0.036972682418168597,-0.96521342254248543,-0.00020018563737605154,-0.26146320748727203,8.9884028692005554e-05,6.4077418858165413e-06
4.6300268173217773,1790953705.9830339,0.00057482719421386719,0.034609879067047558,0.034801865284766934,-0.034505159311927894,0.010384709049366262,0.35152676464417792,-0.010925761117484504,0.054789999999999998,0.002222,0.191273,-3.1408072554263957,1.3062567720701161,-3.1024623717600806,0.054766935104992046,0.002222681553777544,0.19118612834342189,-0.26126336610289025,-0.038359374959899294,0.96450506058043761,-0.010222645274526931,0.99926398828257434,0.036972682418168597,-0.96521342254248543,-0.00020018563737605154,-0.26146320748727203,8.9884028692005554e-05,6.4077418858165413e-06
4.6350269317626953,1790953705.988034,0.00060200691223144531,0.034609879067047558,0.034801865284766934,-0.034505159311927894,0.010384709049366262,0.35152676464417792,-0.010925761117484504,0.054789999999999998,0.002222,0.191273,-3.1408072554263957,1.3062567720701161,-3.1024623717600806,0.054766935104992046,0.002222681553777544,0.19118612834342189,-0.26126336610289025,-0.038359374959899294,0.96450506058043761,-0.010222645274526931,0.99926398828257434,0.036972682418168597,-0.96521342254248543,-0.00020018563737605154,-0.26146320748727203,8.9884028692005554e-05,6.4077418858165413e-06
4.6400268077850342,1790953705.9930339,0.00057578086853027344,0.034609879067047558,0.034801865284766934,-0.034505159311927894,0.010384709049366262,0.35152676464417792,-0.010925761117484504,0.054789999999999998,0.002222,0.191273,-3.1408072554263957,1.3062567720701161,-3.1024623717600806,0.054766935104992046,0.002222681553777544,0.19118612834342189,-0.26126336610289025,-0.038359374959899294,0.96450506058043761,-0.010222645274526931,0.99926398828257434,0.036972682418168597,-0.96521342254248543,-0.00020018563737605154,-0.26146320748727203,8.9884028692005554e-05,6.4077418858165413e-06
4.6450269222259521,1790953705.998034,0.00060200691223144531,0.034609879067047558,0.034801865284766934,-0.034505159311927894,0.010384709049366262,0.35152676464417792,-0.010925761117484504,0.054789999999999998,0.002222,0.191273,-3.1408072554263957,1.3062567720701161,-3.1024623717600806,0.054766935104992046,0.002222681553777544,0.19118612834342189,-0.26126336610289025,-0.038359374959899294,0.96450506058043761,-0.010222645274526931,0.99926398828257434,0.036972682418168597,-0.96521342254248543,-0.00020018563737605154,-0.26146320748727203,8.9884028692005554e-05,6.4077418858165413e-06
4.6500270366668701,1790953706.0030341,0.00060200691223144531,0.034609879067047558,0.034801865284766934,-0.034505159311927894,0.010384709049366262,0.35152676464417792,-0.010925761117484504,0.054789999999999998,0.002222,0.191273,-3.1408072554263957,1.3062567720701161,-3.1024623717600806,0.054766935104992046,0.002222681553777544,0.19118612834342189,-0.26126336610289025,-0.038359374959899294,0.96450506058043761,-0.010222645274526931,0.99926398828257434,0.036972682418168597,-0.96521342254248543,-0.00020018563737605154,-0.26146320748727203,8.9884028692005554e-05,6.4077418858165413e-06
4.6550250053405762,1790953706.0080321,0.00059914588928222656,0.034609879067047558,0.034801865284766934,-0.034505159311927894,0.010384709049366262,0.35152676464417792,-0.010925761117484504,0.054789999999999998,0.002222,0.191273,-3.1408072554263957,1.3062567720701161,-3.1024623717600806,0.054766935104992046,0.002222681553777544,0.19118612834342189,-0.26126336610289025,-0.038359374959899294,0.96450506058043761,-0.010222645274526931,0.99926398828257434,0.036972682418168597,-0.96521342254248543,-0.00020018563737605154,-0.26146320748727203,8.9884028692005554e-05,6.4077418858165413e-06
4.6600518226623535,1790953706.0130589,0.000598907470703125,0.034609879067047558,0.034801865284766934,-0.034505159311927894,0.010384709049366262,0.35152676464417792,-0.010925761117484504,0.054789999999999998,0.002222,0.191273,-3.1408072554263957,1.3062567720701161,-3.1024623717600806,0.054766935104992046,0.002222681553777544,0.19118612834342189,-0.26126336610289025,-0.038359374959899294,0.96450506058043761,-0.010222645274526931,0.99926398828257434,0.036972682418168597,-0.96521342254248543,-0.00020018563737605154,-0.26146320748727203,8.9884028692005554e-05,6.4077418858165413e-06
4.665024995803833,1790953706.0180321,0.00060105323791503906,0.034609879067047558,0.034801865284766934,-0.034505159311927894,0.010384709049366262,0.35152676464417792,-0.010925761117484504,0.054789999999999998,0.002222,0.191273,-3.1408072554263957,1.3062567720701161,-3.1024623717600806,0.054766935104992046,0.002222681553777544,0.19118612834342189,-0.26126336610289025,-0.038359374959899294,0.96450506058043761,-0.010222645274526931,0.99926398828257434,0.036972682418168597,-0.96521342254248543,-0.00020018563737605154,-0.26146320748727203,8.9884028692005554e-05,6.4077418858165413e-06
4.6700508594512939,1790953706.0230579,0.00062394142150878906,0.034609879067047558,0.034801865284766934,-0.034505159311927894,0.010384709049366262,0.35152676464417792,-0.010925761117484504,0.054789999999999998,0.002222,0.191273,-3.1408072554263957,1.3062567720701161,-3.1024623717600806,0.054766935104992046,0.002222681553777544,0.19118612834342189,-0.26126336610289025,-0.038359374959899294,0.96450506058043761,-0.010222645274526931,0.99926398828257434,0.036972682418168597,-0.96521342254248543,-0.00020018563737605154,-0.26146320748727203,8.9884028692005554e-05,6.4077418858165413e-06
4.6750268936157227,1790953706.028034,0.00059795379638671875,0.034609879067047558,0.034801865284766934,-0.034505159311927894,0.010384709049366262,0.35152676464417792,-0.010925761117484504,0.054789999999999998,0.002222,0.191273,-3.1408072554263957,1.3062567720701161,-3.1024623717600806,0.054766935104992046,0.002222681553777544,0.19118612834342189,-0.26126336610289025,-0.038359374959899294,0.96450506058043761,-0.010222645274526931,0.99926398828257434,0.036972682418168597,-0.96521342254248543,-0.00020018563737605154,-0.26146320748727203,8.9884028692005554e-05,6.4077418858165413e-06
4.6800518035888672,1790953706.0330589,0.00062584877014160156,0.034609879067047558,0.034801865284766934,-0.034505159311927894,0.010384709049366262,0.35152676464417792,-0.010925761117484504,0.054789999999999998,0.002222,0.191273,-3.1408072554263957,1.3062567720701161,-3.1024623717600806,0.054766935104992046,0.002222681553777544,0.19118612834342189,-0.26126336610289025,-0.038359374959899294,0.96450506058043761,-0.010222645274526931,0.99926398828257434,0.036972682418168597,-0.96521342254248543,-0.00020018563737605154,-0.26146320748727203,8.9884028692005554e-05,6.4077418858165413e-06
4.6850259304046631,1790953706.038033,0.00060200691223144531,0.034609879067047558,0.034801865284766934,-0.034505159311927894,0.010384709049366262,0.35152676464417792,-0.010925761117484504,0.054789999999999998,0.002222,0.191273,-3.1408072554263957,1.3062567720701161,-3.1024623717600806,0.054766935104992046,0.002222681553777544,0.19118612834342189,-0.26126336610289025,-0.038359374959899294,0.96450506058043761,-0.010222645274526931,0.99926398828257434,0.036972682418168597,-0.96521342254248543,-0.00020018563737605154,-0.26146320748727203,8.9884028692005554e-05,6.4077418858165413e-06
4.6900269985198975,1790953706.0430341,0.00057315826416015625,0.034609879067047558,0.034801865284766934,-0.034505159311927894,0.010384709049366262,0.35152676464417792,-0.010925761117484504,0.054789999999999998,0.002222,0.191273,-3.1408072554263957,1.3062567720701161,-3.1024623717600806,0.054766935104992046,0.002222681553777544,0.19118612834342189,-0.26126336610289025,-0.038359374959899294,0.96450506058043761,-0.010222645274526931,0.99926398828257434,0.036972682418168597,-0.96521342254248543,-0.00020018563737605154,-0.26146320748727203,8.9884028692005554e-05,6.4077418858165413e-06
4.6950268745422363,1790953706.048034,0.00060200691223144531,0.034609879067047558,0.034801865284766934,-0.034505159311927894,0.010384709049366262,0.35152676464417792,-0.010925761117484504,0.054789999999999998,0.002222,0.191273,-3.1408072554263957,1.3062567720701161,-3.1024623717600806,0.054766935104992046,0.002222681553777544,0.19118612834342189,-0.26126336610289025,-0.038359374959899294,0.96450506058043761,-0.010222645274526931,0.99926398828257434,0.036972682418168597,-0.96521342254248543,-0.00020018563737605154,-0.26146320748727203,8.9884028692005554e-05,6.4077418858165413e-06
4.700049877166748,1790953706.053057,0.00059485435485839844,0.034609879067047558,0.034801865284766934,-0.034505159311927894,0.010384709049366262,0.35152676464417792,-0.010925761117484504,0.054789999999999998,0.002222,0.191273,-3.1408072554263957,1.3062567720701161,-3.1024623717600806,0.054766935104992046,0.002222681553777544,0.19118612834342189,-0.26126336610289025,-0.038359374959899294,0.96450506058043761,-0.010222645274526931,0.99926398828257434,0.036972682418168597,-0.96521342254248543,-0.00020018563737605154,-0.26146320748727203,8.9884028692005554e-05,6.4077418858165413e-06
4.7050268650054932,1790953706.0580339,0.000598907470703125,0.034609879067047558,0.034801865284766934,-0.034505159311927894,0.010384709049366262,0.35152676464417792,-0.010925761117484504,0.054789999999999998,0.002222,0.191273,-3.1408072554263957,1.3062567720701161,-3.1024623717600806,0.054766935104992046,0.002222681553777544,0.19118612834342189,-0.26126336610289025,-0.038359374959899294,0.96450506058043761,-0.010222645274526931,0.99926398828257434,0.036972682418168597,-0.96521342254248543,-0.00020018563737605154,-0.26146320748727203,8.9884028692005554e-05,6.4077418858165413e-06
4.7100279331207275,1790953706.063035,0.00057697296142578125,0.034609879067047558,0.034801865284766934,-0.034505159311927894,0.010384709049366262,0.35152676464417792,-0.010925761117484504,0.054789999999999998,0.002222,0.191273,-3.1408072554263957,1.3062567720701161,-3.1024623717600806,0.054766935104992046,0.002222681553777544,0.19118612834342189,-0.26126336610289025,-0.038359374959899294,0.96450506058043761,-0.010222645274526931,0.99926398828257434,0.036972682418168597,-0.96521342254248543,-0.00020018563737605154,-0.26146320748727203,8.9884028692005554e-05,6.4077418858165413e-06
4.7150259017944336,1790953706.068033,0.00060105323791503906,0.034609879067047558,0.034801865284766934,-0.034505159311927894,0.010384709049366262,0.35152676464417792,-0.010925761117484504,0.054789999999999998,0.002222,0.191273,-3.1408072554263957,1.3062567720701161,-3.1024623717600806,0.054766935104992046,0.002222681553777544,0.19118612834342189,-0.26126336610289025,-0.038359374959899294,0.96450506058043761,-0.010222645274526931,0.99926398828257434,0.036972682418168597,-0.96521342254248543,-0.00020018563737605154,-0.26146320748727203,8.9884028692005554e-05,6.4077418858165413e-06
4.7200260162353516,1790953706.0730331,0.00060105323791503906,0.034609879067047558,0.034801865284766934,-0.034505159311927894,0.010384709049366262,0.35152676464417792,-0.010925761117484504,0.054789999999999998,0.002222,0.191273,-3.1408072554263957,1.3062567720701161,-3.1024623717600806,0.054766935104992046,0.002222681553777544,0.19118612834342189,-0.26126336610289025,-0.038359374959899294,0.96450506058043761,-0.010222645274526931,0.99926398828257434,0.036972682418168597,-0.96521342254248543,-0.00020018563737605154,-0.26146320748727203,8.9884028692005554e-05,6.4077418858165413e-06
4.7250258922576904,1790953706.078033,0.00060105323791503906,0.034609879067047558,0.034801865284766934,-0.034505159311927894,0.010384709049366262,0.35152676464417792,-0.010925761117484504,0.054789999999999998,0.002222,0.191273,-3.1408072554263957,1.3062567720701161,-3.1024623717600806,0.054766935104992046,0.002222681553777544,0.19118612834342189,-0.26126336610289025,-0.038359374959899294,0.96450506058043761,-0.010222645274526931,0.99926398828257434,0.036972682418168597,-0.96521342254248543,-0.00020018563737605154,-0.26146320748727203,8.9884028692005554e-05,6.4077418858165413e-06
4.7300269603729248,1790953706.083034,0.00057697296142578125,0.034609879067047558,0.034801865284766934,-0.034505159311927894,0.010384709049366262,0.35152676464417792,-0.010925761117484504,0.054789999999999998,0.002222,0.191273,-3.1408072554263957,1.3062567720701161,-3.1024623717600806,0.054766935104992046,0.002222681553777544,0.19118612834342189,-0.26126336610289025,-0.038359374959899294,0.96450506058043761,-0.010222645274526931,0.99926398828257434,0.036972682418168597,-0.96521342254248543,-0.00020018563737605154,-0.26146320748727203,8.9884028692005554e-05,6.4077418858165413e-06
4.7350268363952637,1790953706.0880339,0.00060296058654785156,0.034609879067047558,0.034801865284766934,-0.034505159311927894,0.010384709049366262,0.35152676464417792,-0.010925761117484504,0.054789999999999998,0.002222,0.191273,-3.1408072554263957,1.3062567720701161,-3.1024623717600806,0.054766935104992046,0.002222681553777544,0.19118612834342189,-0.26126336610289025,-0.038359374959899294,0.96450506058043761,-0.010222645274526931,0.99926398828257434,0.036972682418168597,-0.96521342254248543,-0.00020018563737605154,-0.26146320748727203,8.9884028692005554e-05,6.4077418858165413e-06
4.7400248050689697,1790953706.0930319,0.00059986114501953125,0.034609879067047558,0.034801865284766934,-0.034505159311927894,0.010384709049366262,0.35152676464417792,-0.010925761117484504,0.054789999999999998,0.002222,0.191273,-3.1408072554263957,1.3062567720701161,-3.1024623717600806,0.054766935104992046,0.002222681553777544,0.19118612834342189,-0.26126336610289025,-0.038359374959899294,0.96450506058043761,-0.010222645274526931,0.99926398828257434,0.036972682418168597,-0.96521342254248543,-0.00020018563737605154,-0.26146320748727203,8.9884028692005554e-05,6.4077418858165413e-06
4.7450258731842041,1790953706.098033,0.00059795379638671875,0.034609879067047558,0.034801865284766934,-0.034505159311927894,0.010384709049366262,0.35152676464417792,-0.010925761117484504,0.054789999999999998,0.002222,0.191273,-3.1408072554263957,1.3062567720701161,-3.1024623717600806,0.054766935104992046,0.002222681553777544,0.19118612834342189,-0.26126336610289025,-0.038359374959899294,0.96450506058043761,-0.010222645274526931,0.99926398828257434,0.036972682418168597,-0.96521342254248543,-0.00020018563737605154,-0.26146320748727203,8.9884028692005554e-05,6.4077418858165413e-06
4.7500250339508057,1790953706.1030321,0.00057506561279296875,0.034609879067047558,0.034801865284766934,-0.034505159311927894,0.010384709049366262,0.35152676464417792,-0.010925761117484504,0.054789999999999998,0.002222,0.191273,-3.1408072554263957,1.3062567720701161,-3.1024623717600806,0.054766935104992046,0.002222681553777544,0.19118612834342189,-0.26126336610289025,-0.038359374959899294,0.96450506058043761,-0.010222645274526931,0.99926398828257434,0.036972682418168597,-0.96521342254248543,-0.00020018563737605154,-0.26146320748727203,8.9884028692005554e-05,6.4077418858165413e-06
4.7550268173217773,1790953706.1080339,0.00059986114501953125,0.034609879067047558,0.034801865284766934,-0.034505159311927894,0.010384709049366262,0.35152676464417792,-0.010925761117484504,0.054789999999999998,0.002222,0.191273,-3.1408072554263957,1.3062567720701161,-3.1024623717600806,0.054766935104992046,0.002222681553777544,0.19118612834342189,-0.26126336610289025,-0.038359374959899294,0.96450506058043761,-0.010222645274526931,0.99926398828257434,0.036972682418168597,-0.96521342254248543,-0.00020018563737605154,-0.26146320748727203,8.9884028692005554e-05,6.4077418858165413e-06
4.760051965713501,1790953706.113059,0.00062704086303710938,0.034609879067047558,0.034801865284766934,-0.034505159311927894,0.010384709049366262,0.35152676464417792,-0.010925761117484504,0.054789999999999998,0.002222,0.191273,-3.1408072554263957,1.3062567720701161,-3.1024623717600806,0.054766935104992046,0.002222681553777544,0.19118612834342189,-0.26126336610289025,-0.038359374959899294,0.96450506058043761,-0.010222645274526931,0.99926398828257434,0.036972682418168597,-0.96521342254248543,-0.00020018563737605154,-0.26146320748727203,8.9884028692005554e-05,6.4077418858165413e-06
4.7650268077850342,1790953706.1180339,0.00060176849365234375,0.034609879067047558,0.034801865284766934,-0.034505159311927894,0.010384709049366262,0.35152676464417792,-0.010925761117484504,0.054789999999999998,0.002222,0.191273,-3.1408072554263957,1.3062567720701161,-3.1024623717600806,0.054766935104992046,0.002222681553777544,0.19118612834342189,-0.26126336610289025,-0.038359374959899294,0.96450506058043761,-0.010222645274526931,0.99926398828257434,0.036972682418168597,-0.96521342254248543,-0.00020018563737605154,-0.26146320748727203,8.9884028692005554e-05,6.4077418858165413e-06
4.7700519561767578,1790953706.123059,0.00062108039855957031,0.034609879067047558,0.034801865284766934,-0.034505159311927894,0.010384709049366262,0.35152676464417792,-0.010925761117484504,0.054789999999999998,0.002222,0.191273,-3.1408072554263957,1.3062567720701161,-3.1024623717600806,0.054766935104992046,0.002222681553777544,0.19118612834342189,-0.26126336610289025,-0.038359374959899294,0.96450506058043761,-0.010222645274526931,0.99926398828257434,0.036972682418168597,-0.96521342254248543,-0.00020018563737605154,-0.26146320748727203,8.9884028692005554e-05,6.4077418858165413e-06
4.7750270366668701,1790953706.1280341,0.00060105323791503906,0.034609879067047558,0.034801865284766934,-0.034505159311927894,0.010384709049366262,0.35152676464417792,-0.010925761117484504,0.054789999999999998,0.002222,0.191273,-3.1408072554263957,1.3062567720701161,-3.1024623717600806,0.054766935104992046,0.002222681553777544,0.19118612834342189,-0.26126336610289025,-0.038359374959899294,0.96450506058043761,-0.010222645274526931,0.99926398828257434,0.036972682418168597,-0.96521342254248543,-0.00020018563737605154,-0.26146320748727203,8.9884028692005554e-05,6.4077418858165413e-06
4.7800519466400146,1790953706.133059,0.00060105323791503906,0.034609879067047558,0.034801865284766934,-0.034505159311927894,0.010384709049366262,0.35152676464417792,-0.010925761117484504,0.054789999999999998,0.002222,0.191273,-3.1408072554263957,1.3062567720701161,-3.1024623717600806,0.054766935104992046,0.002222681553777544,0.19118612834342189,-0.26126336610289025,-0.038359374959899294,0.96450506058043761,-0.010222645274526931,0.99926398828257434,0.036972682418168597,-0.96521342254248543,-0.00020018563737605154,-0.26146320748727203,8.9884028692005554e-05,6.4077418858165413e-06
4.785027027130127,1790953706.1380341,0.00059914588928222656,0.034609879067047558,0.034801865284766934,-0.034505159311927894,0.010384709049366262,0.35152676464417792,-0.010925761117484504,0.054789999999999998,0.002222,0.191273,-3.1408072554263957,1.3062567720701161,-3.1024623717600806,0.054766935104992046,0.002222681553777544,0.19118612834342189,-0.26126336610289025,-0.038359374959899294,0.96450506058043761,-0.010222645274526931,0.99926398828257434,0.036972682418168597,-0.96521342254248543,-0.00020018563737605154,-0.26146320748727203,8.9884028692005554e-05,6.4077418858165413e-06
4.7900550365447998,1790953706.1430621,0.00059914588928222656,0.034609879067047558,0.034801865284766934,-0.034505159311927894,0.010384709049366262,0.35152676464417792,-0.010925761117484504,0.054789999999999998,0.002222,0.191273,-3.1408072554263957,1.3062567720701161,-3.1024623717600806,0.054766935104992046,0.002222681553777544,0.19118612834342189,-0.26126336610289025,-0.038359374959899294,0.96450506058043761,-0.010222645274526931,0.99926398828257434,0.036972682418168597,-0.96521342254248543,-0.00020018563737605154,-0.26146320748727203,8.9884028692005554e-05,6.4077418858165413e-06
4.7950289249420166,1790953706.148036,0.00060200691223144531,0.034609879067047558,0.034801865284766934,-0.034505159311927894,0.010384709049366262,0.35152676464417792,-0.010925761117484504,0.054789999999999998,0.002222,0.191273,-3.1408072554263957,1.3062567720701161,-3.1024623717600806,0.054766935104992046,0.002222681553777544,0.19118612834342189,-0.26126336610289025,-0.038359374959899294,0.96450506058043761,-0.010222645274526931,0.99926398828257434,0.036972682418168597,-0.96521342254248543,-0.00020018563737605154,-0.26146320748727203,8.9884028692005554e-05,6.4077418858165413e-06
4.8000509738922119,1790953706.1530581,0.00062394142150878906,0.034609879067047558,0.034801865284766934,-0.034505159311927894,0.010384709049366262,0.35152676464417792,-0.010925761117484504,0.054789999999999998,0.002222,0.191273,-3.1408072554263957,1.3062567720701161,-3.1024623717600806,0.054766935104992046,0.002222681553777544,0.19118612834342189,-0.26126336610289025,-0.038359374959899294,0.96450506058043761,-0.010222645274526931,0.99926398828257434,0.036972682418168597,-0.96521342254248543,-0.00020018563737605154,-0.26146320748727203,8.9884028692005554e-05,6.4077418858165413e-06
4.805027961730957,1790953706.158035,0.00060009956359863281,0.034609879067047558,0.034801865284766934,-0.034505159311927894,0.010384709049366262,0.35152676464417792,-0.010925761117484504,0.054789999999999998,0.002222,0.191273,-3.1408072554263957,1.3062567720701161,-3.1024623717600806,0.054766935104992046,0.002222681553777544,0.19118612834342189,-0.26126336610289025,-0.038359374959899294,0.96450506058043761,-0.010222645274526931,0.99926398828257434,0.036972682418168597,-0.96521342254248543,-0.00020018563737605154,-0.26146320748727203,8.9884028692005554e-05,6.4077418858165413e-06
4.8100519180297852,1790953706.163059,0.00060200691223144531,0.034609879067047558,0.034801865284766934,-0.034505159311927894,0.010384709049366262,0.35152676464417792,-0.010925761117484504,0.054789999999999998,0.002222,0.191273,-3.1408072554263957,1.3062567720701161,-3.1024623717600806,0.054766935104992046,0.002222681553777544,0.19118612834342189,-0.26126336610289025,-0.038359374959899294,0.96450506058043761,-0.010222645274526931,0.99926398828257434,0.036972682418168597,-0.96521342254248543,-0.00020018563737605154,-0.26146320748727203,8.9884028692005554e-05,6.4077418858165413e-06
4.8150269985198975,1790953706.1680341,0.00060200691223144531,0.034609879067047558,0.034801865284766934,-0.034505159311927894,0.010384709049366262,0.35152676464417792,-0.010925761117484504,0.054789999999999998,0.002222,0.191273,-3.1408072554263957,1.3062567720701161,-3.1024623717600806,0.054766935104992046,0.002222681553777544,0.19118612834342189,-0.26126336610289025,-0.038359374959899294,0.96450506058043761,-0.010222645274526931,0.99926398828257434,0.036972682418168597,-0.96521342254248543,-0.00020018563737605154,-0.26146320748727203,8.9884028692005554e-05,6.4077418858165413e-06
4.8200528621673584,1790953706.1730599,0.00060105323791503906,0.034609879067047558,0.034801865284766934,-0.034505159311927894,0.010384709049366262,0.35152676464417792,-0.010925761117484504,0.054789999999999998,0.002222,0.191273,-3.1408072554263957,1.3062567720701161,-3.1024623717600806,0.054766935104992046,0.002222681553777544,0.19118612834342189,-0.26126336610289025,-0.038359374959899294,0.96450506058043761,-0.010222645274526931,0.99926398828257434,0.036972682418168597,-0.96521342254248543,-0.00020018563737605154,-0.26146320748727203,8.9884028692005554e-05,6.4077418858165413e-06
4.8250260353088379,1790953706.1780331,0.00060009956359863281,0.034609879067047558,0.034801865284766934,-0.034505159311927894,0.010384709049366262,0.35152676464417792,-0.010925761117484504,0.054789999999999998,0.002222,0.191273,-3.1408072554263957,1.3062567720701161,-3.1024623717600806,0.054766935104992046,0.002222681553777544,0.19118612834342189,-0.26126336610289025,-0.038359374959899294,0.96450506058043761,-0.010222645274526931,0.99926398828257434,0.036972682418168597,-0.96521342254248543,-0.00020018563737605154,-0.26146320748727203,8.9884028692005554e-05,6.4077418858165413e-06
4.8300268650054932,1790953706.1830339,0.00060200691223144531,0.034609879067047558,0.034801865284766934,-0.034505159311927894,0.010384709049366262,0.35152676464417792,-0.010925761117484504,0.054789999999999998,0.002222,0.191273,-3.1408072554263957,1.3062567720701161,-3.1024623717600806,0.054766935104992046,0.002222681553777544,0.19118612834342189,-0.26126336610289025,-0.038359374959899294,0.96450506058043761,-0.010222645274526931,0.99926398828257434,0.036972682418168597,-0.96521342254248543,-0.00020018563737605154,-0.26146320748727203,8.9884028692005554e-05,6.4077418858165413e-06
4.8350269794464111,1790953706.1880341,0.00060009956359863281,0.034609879067047558,0.034801865284766934,-0.034505159311927894,0.010384709049366262,0.35152676464417792,-0.010925761117484504,0.054789999999999998,0.002222,0.191273,-3.1408072554263957,1.3062567720701161,-3.1024623717600806,0.054766935104992046,0.002222681553777544,0.19118612834342189,-0.26126336610289025,-0.038359374959899294,0.96450506058043761,-0.010222645274526931,0.99926398828257434,0.036972682418168597,-0.96521342254248543,-0.00020018563737605154,-0.26146320748727203,8.9884028692005554e-05,6.4077418858165413e-06
4.8400518894195557,1790953706.193059,0.00059986114501953125,0.034609879067047558,0.034801865284766934,-0.034505159311927894,0.010384709049366262,0.35152676464417792,-0.010925761117484504,0.054789999999999998,0.002222,0.191273,-3.1408072554263957,1.3062567720701161,-3.1024623717600806,0.054766935104992046,0.002222681553777544,0.19118612834342189,-0.26126336610289025,-0.038359374959899294,0.96450506058043761,-0.010222645274526931,0.99926398828257434,0.036972682418168597,-0.96521342254248543,-0.00020018563737605154,-0.26146320748727203,8.9884028692005554e-05,6.4077418858165413e-06
4.845026969909668,1790953706.198034,0.00060200691223144531,0.034609879067047558,0.034801865284766934,-0.034505159311927894,0.010384709049366262,0.35152676464417792,-0.010925761117484504,0.054789999999999998,0.002222,0.191273,-3.1408072554263957,1.3062567720701161,-3.1024623717600806,0.054766935104992046,0.002222681553777544,0.19118612834342189,-0.26126336610289025,-0.038359374959899294,0.96450506058043761,-0.010222645274526931,0.99926398828257434,0.036972682418168597,-0.96521342254248543,-0.00020018563737605154,-0.26146320748727203,8.9884028692005554e-05,6.4077418858165413e-06
4.8500268459320068,1790953706.2030339,0.00057697296142578125,0.034609879067047558,0.034801865284766934,-0.034505159311927894,0.010384709049366262,0.35152676464417792,-0.010925761117484504,0.054789999999999998,0.002222,0.191273,-3.1408072554263957,1.3062567720701161,-3.1024623717600806,0.054766935104992046,0.002222681553777544,0.19118612834342189,-0.26126336610289025,-0.038359374959899294,0.96450506058043761,-0.010222645274526931,0.99926398828257434,0.036972682418168597,-0.96521342254248543,-0.00020018563737605154,-0.26146320748727203,8.9884028692005554e-05,6.4077418858165413e-06
4.8550319671630859,1790953706.208039,0.00060510635375976562,0.034609879067047558,0.034801865284766934,-0.034505159311927894,0.010384709049366262,0.35152676464417792,-0.010925761117484504,0.054789999999999998,0.002222,0.191273,-3.1408072554263957,1.3062567720701161,-3.1024623717600806,0.054766935104992046,0.002222681553777544,0.19118612834342189,-0.26126336610289025,-0.038359374959899294,0.96450506058043761,-0.010222645274526931,0.99926398828257434,0.036972682418168597,-0.96521342254248543,-0.00020018563737605154,-0.26146320748727203,8.9884028692005554e-05,6.4077418858165413e-06
4.8600518703460693,1790953706.2130589,0.00060200691223144531,0.034609879067047558,0.034801865284766934,-0.034505159311927894,0.010384709049366262,0.35152676464417792,-0.010925761117484504,0.054789999999999998,0.002222,0.191273,-3.1408072554263957,1.3062567720701161,-3.1024623717600806,0.054766935104992046,0.002222681553777544,0.19118612834342189,-0.26126336610289025,-0.038359374959899294,0.96450506058043761,-0.010222645274526931,0.99926398828257434,0.036972682418168597,-0.96521342254248543,-0.00020018563737605154,-0.26146320748727203,8.9884028692005554e-05,6.4077418858165413e-06
4.8650269508361816,1790953706.218034,0.00060105323791503906,0.034609879067047558,0.034801865284766934,-0.034505159311927894,0.010384709049366262,0.35152676464417792,-0.010925761117484504,0.054789999999999998,0.002222,0.191273,-3.1408072554263957,1.3062567720701161,-3.1024623717600806,0.054766935104992046,0.002222681553777544,0.19118612834342189,-0.26126336610289025,-0.038359374959899294,0.96450506058043761,-0.010222645274526931,0.99926398828257434,0.036972682418168597,-0.96521342254248543,-0.00020018563737605154,-0.26146320748727203,8.9884028692005554e-05,6.4077418858165413e-06
4.8700518608093262,1790953706.2230589,0.00062203407287597656,0.034609879067047558,0.034801865284766934,-0.034505159311927894,0.010384709049366262,0.35152676464417792,-0.010925761117484504,0.054789999999999998,0.002222,0.191273,-3.1408072554263957,1.3062567720701161,-3.1024623717600806,0.054766935104992046,0.002222681553777544,0.19118612834342189,-0.26126336610289025,-0.038359374959899294,0.96450506058043761,-0.010222645274526931,0.99926398828257434,0.036972682418168597,-0.96521342254248543,-0.00020018563737605154,-0.26146320748727203,8.9884028692005554e-05,6.4077418858165413e-06
4.8750269412994385,1790953706.228034,0.00060200691223144531,0.034609879067047558,0.034801865284766934,-0.034505159311927894,0.010384709049366262,0.35152676464417792,-0.010925761117484504,0.054789999999999998,0.002222,0.191273,-3.1408072554263957,1.3062567720701161,-3.1024623717600806,0.054766935104992046,0.002222681553777544,0.19118612834342189,-0.26126336610289025,-0.038359374959899294,0.96450506058043761,-0.010222645274526931,0.99926398828257434,0.036972682418168597,-0.96521342254248543,-0.00020018563737605154,-0.26146320748727203,8.9884028692005554e-05,6.4077418858165413e-06
4.880051851272583,1790953706.2330589,0.00059986114501953125,0.034609879067047558,0.034801865284766934,-0.034505159311927894,0.010384709049366262,0.35152676464417792,-0.010925761117484504,0.054789999999999998,0.002222,0.191273,-3.1408072554263957,1.3062567720701161,-3.1024623717600806,0.054766935104992046,0.002222681553777544,0.19118612834342189,-0.26126336610289025,-0.038359374959899294,0.96450506058043761,-0.010222645274526931,0.99926398828257434,0.036972682418168597,-0.96521342254248543,-0.00020018563737605154,-0.26146320748727203,8.9884028692005554e-05,6.4077418858165413e-06
4.8850269317626953,1790953706.238034,0.00060200691223144531,0.034609879067047558,0.034801865284766934,-0.034505159311927894,0.010384709049366262,0.35152676464417792,-0.010925761117484504,0.054789999999999998,0.002222,0.191273,-3.1408072554263957,1.3062567720701161,-3.1024623717600806,0.054766935104992046,0.002222681553777544,0.19118612834342189,-0.26126336610289025,-0.038359374959899294,0.96450506058043761,-0.010222645274526931,0.99926398828257434,0.036972682418168597,-0.96521342254248543,-0.00020018563737605154,-0.26146320748727203,8.9884028692005554e-05,6.4077418858165413e-06
4.8900518417358398,1790953706.2430589,0.00062584877014160156,0.034609879067047558,0.034801865284766934,-0.034505159311927894,0.010384709049366262,0.35152676464417792,-0.010925761117484504,0.054789999999999998,0.002222,0.191273,-3.1408072554263957,1.3062567720701161,-3.1024623717600806,0.054766935104992046,0.002222681553777544,0.19118612834342189,-0.26126336610289025,-0.038359374959899294,0.96450506058043761,-0.010222645274526931,0.99926398828257434,0.036972682418168597,-0.96521342254248543,-0.00020018563737605154,-0.26146320748727203,8.9884028692005554e-05,6.4077418858165413e-06
4.8950250148773193,1790953706.2480321,0.00059819221496582031,0.034609879067047558,0.034801865284766934,-0.034505159311927894,0.010384709049366262,0.35152676464417792,-0.010925761117484504,0.054789999999999998,0.002222,0.191273,-3.1408072554263957,1.3062567720701161,-3.1024623717600806,0.054766935104992046,0.002222681553777544,0.19118612834342189,-0.26126336610289025,-0.038359374959899294,0.96450506058043761,-0.010222645274526931,0.99926398828257434,0.036972682418168597,-0.96521342254248543,-0.00020018563737605154,-0.26146320748727203,8.9884028692005554e-05,6.4077418858165413e-06
4.9000270366668701,1790953706.2530341,0.00057721138000488281,0.034609879067047558,0.034801865284766934,-0.034505159311927894,0.010384709049366262,0.35152676464417792,-0.010925761117484504,0.054789999999999998,0.002222,0.191273,-3.1408072554263957,1.3062567720701161,-3.1024623717600806,0.054766935104992046,0.002222681553777544,0.19118612834342189,-0.26126336610289025,-0.038359374959899294,0.96450506058043761,-0.010222645274526931,0.99926398828257434,0.036972682418168597,-0.96521342254248543,-0.00020018563737605154,-0.26146320748727203,8.9884028692005554e-05,6.4077418858165413e-06
4.905026912689209,1790953706.258034,0.00059795379638671875,0.034609879067047558,0.034801865284766934,-0.034505159311927894,0.010384709049366262,0.35152676464417792,-0.010925761117484504,0.054789999999999998,0.002222,0.191273,-3.1408072554263957,1.3062567720701161,-3.1024623717600806,0.054766935104992046,0.002222681553777544,0.19118612834342189,-0.26126336610289025,-0.038359374959899294,0.96450506058043761,-0.010222645274526931,0.99926398828257434,0.036972682418168597,-0.96521342254248543,-0.00020018563737605154,-0.26146320748727203,8.9884028692005554e-05,6.4077418858165413e-06
4.9100499153137207,1790953706.263057,0.00060009956359863281,0.034609879067047558,0.034801865284766934,-0.034505159311927894,0.010384709049366262,0.35152676464417792,-0.010925761117484504,0.054789999999999998,0.002222,0.191273,-3.1408072554263957,1.3062567720701161,-3.1024623717600806,0.054766935104992046,0.002222681553777544,0.19118612834342189,-0.26126336610289025,-0.038359374959899294,0.96450506058043761,-0.010222645274526931,0.99926398828257434,0.036972682418168597,-0.96521342254248543,-0.00020018563737605154,-0.26146320748727203,8.9884028692005554e-05,6.4077418858165413e-06
4.9150269031524658,1790953706.268034,0.00060200691223144531,0.034609879067047558,0.034801865284766934,-0.034505159311927894,0.010384709049366262,0.35152676464417792,-0.010925761117484504,0.054789999999999998,0.002222,0.191273,-3.1408072554263957,1.3062567720701161,-3.1024623717600806,0.054766935104992046,0.002222681553777544,0.19118612834342189,-0.26126336610289025,-0.038359374959899294,0.96450506058043761,-0.010222645274526931,0.99926398828257434,0.036972682418168597,-0.96521342254248543,-0.00020018563737605154,-0.26146320748727203,8.9884028692005554e-05,6.4077418858165413e-06
4.9200258255004883,1790953706.2730329,0.00059485435485839844,0.034609879067047558,0.034801865284766934,-0.034505159311927894,0.010384709049366262,0.35152676464417792,-0.010925761117484504,0.054789999999999998,0.002222,0.191273,-3.1408072554263957,1.3062567720701161,-3.1024623717600806,0.054766935104992046,0.002222681553777544,0.19118612834342189,-0.26126336610289025,-0.038359374959899294,0.96450506058043761,-0.010222645274526931,0.99926398828257434,0.036972682418168597,-0.96521342254248543,-0.00020018563737605154,-0.26146320748727203,8.9884028692005554e-05,6.4077418858165413e-06
4.9250249862670898,1790953706.2780321,0.00060009956359863281,0.034609879067047558,0.034801865284766934,-0.034505159311927894,0.010384709049366262,0.35152676464417792,-0.010925761117484504,0.054789999999999998,0.002222,0.191273,-3.1408072554263957,1.3062567720701161,-3.1024623717600806,0.054766935104992046,0.002222681553777544,0.19118612834342189,-0.26126336610289025,-0.038359374959899294,0.96450506058043761,-0.010222645274526931,0.99926398828257434,0.036972682418168597,-0.96521342254248543,-0.00020018563737605154,-0.26146320748727203,8.9884028692005554e-05,6.4077418858165413e-06
4.9300498962402344,1790953706.283057,0.00059986114501953125,0.034609879067047558,0.034801865284766934,-0.034505159311927894,0.010384709049366262,0.35152676464417792,-0.010925761117484504,0.054789999999999998,0.002222,0.191273,-3.1408072554263957,1.3062567720701161,-3.1024623717600806,0.054766935104992046,0.002222681553777544,0.19118612834342189,-0.26126336610289025,-0.038359374959899294,0.96450506058043761,-0.010222645274526931,0.99926398828257434,0.036972682418168597,-0.96521342254248543,-0.00020018563737605154,-0.26146320748727203,8.9884028692005554e-05,6.4077418858165413e-06
4.9350249767303467,1790953706.2880321,0.00060009956359863281,0.034609879067047558,0.034801865284766934,-0.034505159311927894,0.010384709049366262,0.35152676464417792,-0.010925761117484504,0.054789999999999998,0.002222,0.191273,-3.1408072554263957,1.3062567720701161,-3.1024623717600806,0.054766935104992046,0.002222681553777544,0.19118612834342189,-0.26126336610289025,-0.038359374959899294,0.96450506058043761,-0.010222645274526931,0.99926398828257434,0.036972682418168597,-0.96521342254248543,-0.00020018563737605154,-0.26146320748727203,8.9884028692005554e-05,6.4077418858165413e-06
4.9400498867034912,1790953706.293057,0.00059986114501953125,0.034609879067047558,0.034801865284766934,-0.034505159311927894,0.010384709049366262,0.35152676464417792,-0.010925761117484504,0.054789999999999998,0.002222,0.191273,-3.1408072554263957,1.3062567720701161,-3.1024623717600806,0.054766935104992046,0.002222681553777544,0.19118612834342189,-0.26126336610289025,-0.038359374959899294,0.96450506058043761,-0.010222645274526931,0.99926398828257434,0.036972682418168597,-0.96521342254248543,-0.00020018563737605154,-0.26146320748727203,8.9884028692005554e-05,6.4077418858165413e-06
4.9450249671936035,1790953706.298032,0.00059604644775390625,0.034609879067047558,0.034801865284766934,-0.034505159311927894,0.010384709049366262,0.35152676464417792,-0.010925761117484504,0.054789999999999998,0.002222,0.191273,-3.1408072554263957,1.3062567720701161,-3.1024623717600806,0.054766935104992046,0.002222681553777544,0.19118612834342189,-0.26126336610289025,-0.038359374959899294,0.96450506058043761,-0.010222645274526931,0.99926398828257434,0.036972682418168597,-0.96521342254248543,-0.00020018563737605154,-0.26146320748727203,8.9884028692005554e-05,6.4077418858165413e-06
4.9500248432159424,1790953706.3030319,0.00057482719421386719,0.034609879067047558,0.034801865284766934,-0.034505159311927894,0.010384709049366262,0.35152676464417792,-0.010925761117484504,0.054789999999999998,0.002222,0.191273,-3.1408072554263957,1.3062567720701161,-3.1024623717600806,0.054766935104992046,0.002222681553777544,0.19118612834342189,-0.26126336610289025,-0.038359374959899294,0.96450506058043761,-0.010222645274526931,0.99926398828257434,0.036972682418168597,-0.96521342254248543,-0.00020018563737605154,-0.26146320748727203,8.9884028692005554e-05,6.4077418858165413e-06
4.9550249576568604,1790953706.308032,0.00060009956359863281,0.034609879067047558,0.034801865284766934,-0.034505159311927894,0.010384709049366262,0.35152676464417792,-0.010925761117484504,0.054789999999999998,0.002222,0.191273,-3.1408072554263957,1.3062567720701161,-3.1024623717600806,0.054766935104992046,0.002222681553777544,0.19118612834342189,-0.26126336610289025,-0.038359374959899294,0.96450506058043761,-0.010222645274526931,0.99926398828257434,0.036972682418168597,-0.96521342254248543,-0.00020018563737605154,-0.26146320748727203,8.9884028692005554e-05,6.4077418858165413e-06
4.9600298404693604,1790953706.3130369,0.000579833984375,0.034609879067047558,0.034801865284766934,-0.034505159311927894,0.010384709049366262,0.35152676464417792,-0.010925761117484504,0.054789999999999998,0.002222,0.191273,-3.1408072554263957,1.3062567720701161,-3.1024623717600806,0.054766935104992046,0.002222681553777544,0.19118612834342189,-0.26126336610289025,-0.038359374959899294,0.96450506058043761,-0.010222645274526931,0.99926398828257434,0.036972682418168597,-0.96521342254248543,-0.00020018563737605154,-0.26146320748727203,8.9884028692005554e-05,6.4077418858165413e-06
4.9650249481201172,1790953706.318032,0.00060009956359863281,0.034609879067047558,0.034801865284766934,-0.034505159311927894,0.010384709049366262,0.35152676464417792,-0.010925761117484504,0.054789999999999998,0.002222,0.191273,-3.1408072554263957,1.3062567720701161,-3.1024623717600806,0.054766935104992046,0.002222681553777544,0.19118612834342189,-0.26126336610289025,-0.038359374959899294,0.96450506058043761,-0.010222645274526931,0.99926398828257434,0.036972682418168597,-0.96521342254248543,-0.00020018563737605154,-0.26146320748727203,8.9884028692005554e-05,6.4077418858165413e-06
4.9700498580932617,1790953706.3230569,0.00059986114501953125,0.034609879067047558,0.034801865284766934,-0.034505159311927894,0.010384709049366262,0.35152676464417792,-0.010925761117484504,0.054789999999999998,0.002222,0.191273,-3.1408072554263957,1.3062567720701161,-3.1024623717600806,0.054766935104992046,0.002222681553777544,0.19118612834342189,-0.26126336610289025,-0.038359374959899294,0.96450506058043761,-0.010222645274526931,0.99926398828257434,0.036972682418168597,-0.96521342254248543,-0.00020018563737605154,-0.26146320748727203,8.9884028692005554e-05,6.4077418858165413e-06
4.9750258922576904,1790953706.328033,0.00059986114501953125,0.034609879067047558,0.034801865284766934,-0.034505159311927894,0.010384709049366262,0.35152676464417792,-0.010925761117484504,0.054789999999999998,0.002222,0.191273,-3.1408072554263957,1.3062567720701161,-3.1024623717600806,0.054766935104992046,0.002222681553777544,0.19118612834342189,-0.26126336610289025,-0.038359374959899294,0.96450506058043761,-0.010222645274526931,0.99926398828257434,0.036972682418168597,-0.96521342254248543,-0.00020018563737605154,-0.26146320748727203,8.9884028692005554e-05,6.4077418858165413e-06
4.9800248146057129,1790953706.3330319,0.00057482719421386719,0.034609879067047558,0.034801865284766934,-0.034505159311927894,0.010384709049366262,0.35152676464417792,-0.010925761117484504,0.054789999999999998,0.002222,0.191273,-3.1408072554263957,1.3062567720701161,-3.1024623717600806,0.054766935104992046,0.002222681553777544,0.19118612834342189,-0.26126336610289025,-0.038359374959899294,0.96450506058043761,-0.010222645274526931,0.99926398828257434,0.036972682418168597,-0.96521342254248543,-0.00020018563737605154,-0.26146320748727203,8.9884028692005554e-05,6.4077418858165413e-06
4.9850249290466309,1790953706.338032,0.00060009956359863281,0.034609879067047558,0.034801865284766934,-0.034505159311927894,0.010384709049366262,0.35152676464417792,-0.010925761117484504,0.054789999999999998,0.002222,0.191273,-3.1408072554263957,1.3062567720701161,-3.1024623717600806,0.054766935104992046,0.002222681553777544,0.19118612834342189,-0.26126336610289025,-0.038359374959899294,0.96450506058043761,-0.010222645274526931,0.99926398828257434,0.036972682418168597,-0.96521342254248543,-0.00020018563737605154,-0.26146320748727203,8.9884028692005554e-05,6.4077418858165413e-06
4.9900259971618652,1790953706.3430331,0.00057506561279296875,0.034609879067047558,0.034801865284766934,-0.034505159311927894,0.010384709049366262,0.35152676464417792,-0.010925761117484504,0.054789999999999998,0.002222,0.191273,-3.1408072554263957,1.3062567720701161,-3.1024623717600806,0.054766935104992046,0.002222681553777544,0.19118612834342189,-0.26126336610289025,-0.038359374959899294,0.96450506058043761,-0.010222645274526931,0.99926398828257434,0.036972682418168597,-0.96521342254248543,-0.00020018563737605154,-0.26146320748727203,8.9884028692005554e-05,6.4077418858165413e-06
4.9950258731842041,1790953706.348033,0.00060105323791503906,0.034609879067047558,0.034801865284766934,-0.034505159311927894,0.010384709049366262,0.35152676464417792,-0.010925761117484504,0.054789999999999998,0.002222,0.191273,-3.1408072554263957,1.3062567720701161,-3.1024623717600806,0.054766935104992046,0.002222681553777544,0.19118612834342189,-0.26126336610289025,-0.038359374959899294,0.96450506058043761,-0.010222645274526931,0.99926398828257434,0.036972682418168597,-0.96521342254248543,-0.00020018563737605154,-0.26146320748727203,8.9884028692005554e-05,6.4077418858165413e-06
