t_s,timestamp_s,frame_span_s,q1_rad,q2_rad,q3_rad,q4_rad,q5_rad,q6_rad,feedback_x_m,feedback_y_m,feedback_z_m,feedback_roll_rad,feedback_pitch_rad,feedback_yaw_rad,poe_x_m,poe_y_m,poe_z_m,poe_r11,poe_r12,poe_r13,poe_r21,poe_r22,poe_r23,poe_r31,poe_r32,poe_r33,position_error_m,rotation_error_rad
0,1790952587.7997401,0.00060009956359863281,0.034609879067047558,0.034801865284766934,0,-0.024609142453120049,0.38664278919430384,-0.045430920429412401,0.054320999999999994,0.0010349999999999999,0.176649,-2.9386806747529324,1.2294448316898456,-2.9018367742433324,0.054292709581692175,0.0010329350553878285,0.17656623947250244,-0.32517270218443561,-0.048120418850813647,0.94442953100996085,-0.079467750940932808,0.99656238770114336,0.023415464543462976,-0.94230971040017508,-0.06743762087305985,-0.3278789059645637,8.7486665703735825e-05,3.0078339913973524e-05
0.0049998760223388672,1790952587.80474,0.00059795379638671875,0.034609879067047558,0.034801865284766934,0,-0.024609142453120049,0.38664278919430384,-0.045430920429412401,0.054320999999999994,0.0010349999999999999,0.176649,-2.9386806747529324,1.2294448316898456,-2.9018367742433324,0.054292709581692175,0.0010329350553878285,0.17656623947250244,-0.32517270218443561,-0.048120418850813647,0.94442953100996085,-0.079467750940932808,0.99656238770114336,0.023415464543462976,-0.94230971040017508,-0.06743762087305985,-0.3278789059645637,8.7486665703735825e-05,3.0078339913973524e-05
0.010001897811889648,1790952587.809742,0.00060200691223144531,0.034609879067047558,0.034801865284766934,0,-0.024609142453120049,0.38664278919430384,-0.045430920429412401,0.054320999999999994,0.0010349999999999999,0.176649,-2.9386806747529324,1.2294448316898456,-2.9018367742433324,0.054292709581692175,0.0010329350553878285,0.17656623947250244,-0.32517270218443561,-0.048120418850813647,0.94442953100996085,-0.079467750940932808,0.99656238770114336,0.023415464543462976,-0.94230971040017508,-0.06743762087305985,-0.3278789059645637,8.7486665703735825e-05,3.0078339913973524e-05
0.015002012252807617,1790952587.8147421,0.00060105323791503906,0.034609879067047558,0.034801865284766934,0,-0.024609142453120049,0.38664278919430384,-0.045430920429412401,0.054320999999999994,0.0010349999999999999,0.176649,-2.9386806747529324,1.2294448316898456,-2.9018367742433324,0.054292709581692175,0.0010329350553878285,0.17656623947250244,-0.32517270218443561,-0.048120418850813647,0.94442953100996085,-0.079467750940932808,0.99656238770114336,0.023415464543462976,-0.94230971040017508,-0.06743762087305985,-0.3278789059645637,8.7486665703735825e-05,3.0078339913973524e-05
0.019975900650024414,1790952587.819716,0.00057101249694824219,0.034609879067047558,0.034801865284766934,0,-0.024609142453120049,0.38664278919430384,-0.045430920429412401,0.054320999999999994,0.0010349999999999999,0.176649,-2.9386806747529324,1.2294448316898456,-2.9018367742433324,0.054292709581692175,0.0010329350553878285,0.17656623947250244,-0.32517270218443561,-0.048120418850813647,0.94442953100996085,-0.079467750940932808,0.99656238770114336,0.023415464543462976,-0.94230971040017508,-0.06743762087305985,-0.3278789059645637,8.7486665703735825e-05,3.0078339913973524e-05
0.025000810623168945,1790952587.8247409,0.00059485435485839844,0.034609879067047558,0.034801865284766934,0,-0.024609142453120049,0.38664278919430384,-0.045430920429412401,0.054320999999999994,0.0010349999999999999,0.176649,-2.9386806747529324,1.2294448316898456,-2.9018367742433324,0.054292709581692175,0.0010329350553878285,0.17656623947250244,-0.32517270218443561,-0.048120418850813647,0.94442953100996085,-0.079467750940932808,0.99656238770114336,0.023415464543462976,-0.94230971040017508,-0.06743762087305985,-0.3278789059645637,8.7486665703735825e-05,3.0078339913973524e-05
0.030004024505615234,1790952587.8297441,0.00060415267944335938,0.034609879067047558,0.034801865284766934,0,-0.024609142453120049,0.38664278919430384,-0.045430920429412401,0.054320999999999994,0.0010349999999999999,0.176649,-2.9386806747529324,1.2294448316898456,-2.9018367742433324,0.054292709581692175,0.0010329350553878285,0.17656623947250244,-0.32517270218443561,-0.048120418850813647,0.94442953100996085,-0.079467750940932808,0.99656238770114336,0.023415464543462976,-0.94230971040017508,-0.06743762087305985,-0.3278789059645637,8.7486665703735825e-05,3.0078339913973524e-05
0.035001039505004883,1790952587.8347411,0.00060105323791503906,0.034609879067047558,0.034801865284766934,0,-0.024609142453120049,0.38664278919430384,-0.045430920429412401,0.054320999999999994,0.0010349999999999999,0.176649,-2.9386806747529324,1.2294448316898456,-2.9018367742433324,0.054292709581692175,0.0010329350553878285,0.17656623947250244,-0.32517270218443561,-0.048120418850813647,0.94442953100996085,-0.079467750940932808,0.99656238770114336,0.023415464543462976,-0.94230971040017508,-0.06743762087305985,-0.3278789059645637,8.7486665703735825e-05,3.0078339913973524e-05
0.039999961853027344,1790952587.83974,0.00062108039855957031,0.034609879067047558,0.034801865284766934,0,-0.024609142453120049,0.38664278919430384,-0.045430920429412401,0.054320999999999994,0.0010349999999999999,0.176649,-2.9386806747529324,1.2294448316898456,-2.9018367742433324,0.054292709581692175,0.0010329350553878285,0.17656623947250244,-0.32517270218443561,-0.048120418850813647,0.94442953100996085,-0.079467750940932808,0.99656238770114336,0.023415464543462976,-0.94230971040017508,-0.06743762087305985,-0.3278789059645637,8.7486665703735825e-05,3.0078339913973524e-05
0.044998884201049805,1790952587.844739,0.000598907470703125,0.034609879067047558,0.034801865284766934,0,-0.024609142453120049,0.38664278919430384,-0.045430920429412401,0.054320999999999994,0.0010349999999999999,0.176649,-2.9386806747529324,1.2294448316898456,-2.9018367742433324,0.054292709581692175,0.0010329350553878285,0.17656623947250244,-0.32517270218443561,-0.048120418850813647,0.94442953100996085,-0.079467750940932808,0.99656238770114336,0.023415464543462976,-0.94230971040017508,-0.06743762087305985,-0.3278789059645637,8.7486665703735825e-05,3.0078339913973524e-05
0.050000905990600586,1790952587.849741,0.00062799453735351562,0.034609879067047558,0.034801865284766934,0,-0.024609142453120049,0.38664278919430384,-0.045430920429412401,0.054320999999999994,0.0010349999999999999,0.176649,-2.9386806747529324,1.2294448316898456,-2.9018367742433324,0.054292709581692175,0.0010329350553878285,0.17656623947250244,-0.32517270218443561,-0.048120418850813647,0.94442953100996085,-0.079467750940932808,0.99656238770114336,0.023415464543462976,-0.94230971040017508,-0.06743762087305985,-0.3278789059645637,8.7486665703735825e-05,3.0078339913973524e-05
0.054998874664306641,1790952587.854739,0.00059986114501953125,0.034609879067047558,0.034801865284766934,0,-0.024609142453120049,0.38664278919430384,-0.045430920429412401,0.054320999999999994,0.0010349999999999999,0.176649,-2.9386806747529324,1.2294448316898456,-2.9018367742433324,0.054292709581692175,0.0010329350553878285,0.17656623947250244,-0.32517270218443561,-0.048120418850813647,0.94442953100996085,-0.079467750940932808,0.99656238770114336,0.023415464543462976,-0.94230971040017508,-0.06743762087305985,-0.3278789059645637,8.7486665703735825e-05,3.0078339913973524e-05
0.060000896453857422,1790952587.859741,0.00062608718872070312,0.034609879067047558,0.034801865284766934,0,-0.024609142453120049,0.38664278919430384,-0.045430920429412401,0.054320999999999994,0.0010349999999999999,0.176649,-2.9386806747529324,1.2294448316898456,-2.9018367742433324,0.054292709581692175,0.0010329350553878285,0.17656623947250244,-0.32517270218443561,-0.048120418850813647,0.94442953100996085,-0.079467750940932808,0.99656238770114336,0.023415464543462976,-0.94230971040017508,-0.06743762087305985,-0.3278789059645637,8.7486665703735825e-05,3.0078339913973524e-05
0.064999818801879883,1790952587.8647399,0.00059986114501953125,0.034609879067047558,0.034801865284766934,0,-0.024609142453120049,0.38664278919430384,-0.045430920429412401,0.054320999999999994,0.0010349999999999999,0.176649,-2.9386806747529324,1.2294448316898456,-2.9018367742433324,0.054292709581692175,0.0010329350553878285,0.17656623947250244,-0.32517270218443561,-0.048120418850813647,0.94442953100996085,-0.079467750940932808,0.99656238770114336,0.023415464543462976,-0.94230971040017508,-0.06743762087305985,-0.3278789059645637,8.7486665703735825e-05,3.0078339913973524e-05
0.070000886917114258,1790952587.869741,0.00060105323791503906,0.034609879067047558,0.034801865284766934,0,-0.024609142453120049,0.38664278919430384,-0.045430920429412401,0.054320999999999994,0.0010349999999999999,0.176649,-2.9386806747529324,1.2294448316898456,-2.9018367742433324,0.054292709581692175,0.0010329350553878285,0.17656623947250244,-0.32517270218443561,-0.048120418850813647,0.94442953100996085,-0.079467750940932808,0.99656238770114336,0.023415464543462976,-0.94230971040017508,-0.06743762087305985,-0.3278789059645637,8.7486665703735825e-05,3.0078339913973524e-05
0.075002908706665039,1790952587.874743,0.00059604644775390625,0.034609879067047558,0.034801865284766934,0,-0.024609142453120049,0.38664278919430384,-0.045430920429412401,0.054320999999999994,0.0010349999999999999,0.176649,-2.9386806747529324,1.2294448316898456,-2.9018367742433324,0.054292709581692175,0.0010329350553878285,0.17656623947250244,-0.32517270218443561,-0.048120418850813647,0.94442953100996085,-0.079467750940932808,0.99656238770114336,0.023415464543462976,-0.94230971040017508,-0.06743762087305985,-0.3278789059645637,8.7486665703735825e-05,3.0078339913973524e-05
0.079999923706054688,1790952587.87974,0.0005970001220703125,0.034609879067047558,0.034801865284766934,0,-0.024609142453120049,0.38664278919430384,-0.045430920429412401,0.054320999999999994,0.0010349999999999999,0.176649,-2.9386806747529324,1.2294448316898456,-2.9018367742433324,0.054292709581692175,0.0010329350553878285,0.17656623947250244,-0.32517270218443561,-0.048120418850813647,0.94442953100996085,-0.079467750940932808,0.99656238770114336,0.023415464543462976,-0.94230971040017508,-0.06743762087305985,-0.3278789059645637,8.7486665703735825e-05,3.0078339913973524e-05
0.085000038146972656,1790952587.8847401,0.00059914588928222656,0.034609879067047558,0.034801865284766934,0,-0.024609142453120049,0.38664278919430384,-0.045430920429412401,0.054320999999999994,0.0010349999999999999,0.176649,-2.9386806747529324,1.2294448316898456,-2.9018367742433324,0.054292709581692175,0.0010329350553878285,0.17656623947250244,-0.32517270218443561,-0.048120418850813647,0.94442953100996085,-0.079467750940932808,0.99656238770114336,0.023415464543462976,-0.94230971040017508,-0.06743762087305985,-0.3278789059645637,8.7486665703735825e-05,3.0078339913973524e-05
0.089998960494995117,1790952587.889739,0.00062298774719238281,0.034609879067047558,0.034801865284766934,0,-0.024609142453120049,0.38664278919430384,-0.045430920429412401,0.054320999999999994,0.0010349999999999999,0.176649,-2.9386806747529324,1.2294448316898456,-2.9018367742433324,0.054292709581692175,0.0010329350553878285,0.17656623947250244,-0.32517270218443561,-0.048120418850813647,0.94442953100996085,-0.079467750940932808,0.99656238770114336,0.023415464543462976,-0.94230971040017508,-0.06743762087305985,-0.3278789059645637,8.7486665703735825e-05,3.0078339913973524e-05
0.094998836517333984,1790952587.8947389,0.000598907470703125,0.034609879067047558,0.034801865284766934,0,-0.024609142453120049,0.38664278919430384,-0.045430920429412401,0.054320999999999994,0.0010349999999999999,0.176649,-2.9386806747529324,1.2294448316898456,-2.9018367742433324,0.054292709581692175,0.0010329350553878285,0.17656623947250244,-0.32517270218443561,-0.048120418850813647,0.94442953100996085,-0.079467750940932808,0.99656238770114336,0.023415464543462976,-0.94230971040017508,-0.06743762087305985,-0.3278789059645637,8.7486665703735825e-05,3.0078339913973524e-05
0.10000085830688477,1790952587.8997409,0.00062584877014160156,0.034609879067047558,0.034801865284766934,0,-0.024609142453120049,0.38664278919430384,-0.045430920429412401,0.054320999999999994,0.0010349999999999999,0.176649,-2.9386806747529324,1.2294448316898456,-2.9018367742433324,0.054292709581692175,0.0010329350553878285,0.17656623947250244,-0.32517270218443561,-0.048120418850813647,0.94442953100996085,-0.079467750940932808,0.99656238770114336,0.023415464543462976,-0.94230971040017508,-0.06743762087305985,-0.3278789059645637,8.7486665703735825e-05,3.0078339913973524e-05
0.10500383377075195,1790952587.9047439,0.0006008148193359375,0.034609879067047558,0.034801865284766934,0,-0.024609142453120049,0.38664278919430384,-0.045430920429412401,0.054320999999999994,0.0010349999999999999,0.176649,-2.9386806747529324,1.2294448316898456,-2.9018367742433324,0.054292709581692175,0.0010329350553878285,0.17656623947250244,-0.32517270218443561,-0.048120418850813647,0.94442953100996085,-0.079467750940932808,0.99656238770114336,0.023415464543462976,-0.94230971040017508,-0.06743762087305985,-0.3278789059645637,8.7486665703735825e-05,3.0078339913973524e-05
0.1100008487701416,1790952587.9097409,0.0006008148193359375,0.034609879067047558,0.034801865284766934,0,-0.024609142453120049,0.38664278919430384,-0.045430920429412401,0.054320999999999994,0.0010349999999999999,0.176649,-2.9386806747529324,1.2294448316898456,-2.9018367742433324,0.054292709581692175,0.0010329350553878285,0.17656623947250244,-0.32517270218443561,-0.048120418850813647,0.94442953100996085,-0.079467750940932808,0.99656238770114336,0.023415464543462976,-0.94230971040017508,-0.06743762087305985,-0.3278789059645637,8.7486665703735825e-05,3.0078339913973524e-05
0.11500000953674316,1790952587.9147401,0.0005970001220703125,0.034609879067047558,0.034801865284766934,0,-0.024609142453120049,0.38664278919430384,-0.045430920429412401,0.054320999999999994,0.0010349999999999999,0.176649,-2.9386806747529324,1.2294448316898456,-2.9018367742433324,0.054292709581692175,0.0010329350553878285,0.17656623947250244,-0.32517270218443561,-0.048120418850813647,0.94442953100996085,-0.079467750940932808,0.99656238770114336,0.023415464543462976,-0.94230971040017508,-0.06743762087305985,-0.3278789059645637,8.7486665703735825e-05,3.0078339913973524e-05
0.11999988555908203,1790952587.91974,0.00059795379638671875,0.034609879067047558,0.034801865284766934,0,-0.024609142453120049,0.38664278919430384,-0.045430920429412401,0.054320999999999994,0.0010349999999999999,0.176649,-2.9386806747529324,1.2294448316898456,-2.9018367742433324,0.054292709581692175,0.0010329350553878285,0.17656623947250244,-0.32517270218443561,-0.048120418850813647,0.94442953100996085,-0.079467750940932808,0.99656238770114336,0.023415464543462976,-0.94230971040017508,-0.06743762087305985,-0.3278789059645637,8.7486665703735825e-05,3.0078339913973524e-05
0.125,1790952587.9247401,0.00059914588928222656,0.034609879067047558,0.034801865284766934,0,-0.024609142453120049,0.38664278919430384,-0.045430920429412401,0.054320999999999994,0.0010349999999999999,0.176649,-2.9386806747529324,1.2294448316898456,-2.9018367742433324,0.054292709581692175,0.0010329350553878285,0.17656623947250244,-0.32517270218443561,-0.048120418850813647,0.94442953100996085,-0.079467750940932808,0.99656238770114336,0.023415464543462976,-0.94230971040017508,-0.06743762087305985,-0.3278789059645637,8.7486665703735825e-05,3.0078339913973524e-05
0.13000297546386719,1790952587.9297431,0.00062894821166992188,0.034609879067047558,0.034801865284766934,0,-0.024609142453120049,0.38664278919430384,-0.045430920429412401,0.054320999999999994,0.0010349999999999999,0.176649,-2.9386806747529324,1.2294448316898456,-2.9018367742433324,0.054292709581692175,0.0010329350553878285,0.17656623947250244,-0.32517270218443561,-0.048120418850813647,0.94442953100996085,-0.079467750940932808,0.99656238770114336,0.023415464543462976,-0.94230971040017508,-0.06743762087305985,-0.3278789059645637,8.7486665703735825e-05,3.0078339913973524e-05
0.13499999046325684,1790952587.9347401,0.00060105323791503906,0.034609879067047558,0.034801865284766934,0,-0.024609142453120049,0.38664278919430384,-0.045430920429412401,0.054320999999999994,0.0010349999999999999,0.176649,-2.9386806747529324,1.2294448316898456,-2.9018367742433324,0.054292709581692175,0.0010329350553878285,0.17656623947250244,-0.32517270218443561,-0.048120418850813647,0.94442953100996085,-0.079467750940932808,0.99656238770114336,0.023415464543462976,-0.94230971040017508,-0.06743762087305985,-0.3278789059645637,8.7486665703735825e-05,3.0078339913973524e-05
0.14000082015991211,1790952587.9397409,0.0005970001220703125,0.034609879067047558,0.034801865284766934,0,-0.024609142453120049,0.38664278919430384,-0.045430920429412401,0.054320999999999994,0.0010349999999999999,0.176649,-2.9386806747529324,1.2294448316898456,-2.9018367742433324,0.054292709581692175,0.0010329350553878285,0.17656623947250244,-0.32517270218443561,-0.048120418850813647,0.94442953100996085,-0.079467750940932808,0.99656238770114336,0.023415464543462976,-0.94230971040017508,-0.06743762087305985,-0.3278789059645637,8.7486665703735825e-05,3.0078339913973524e-05
0.14500093460083008,1790952587.944741,0.00060200691223144531,0.034609879067047558,0.034801865284766934,0,-0.024609142453120049,0.38664278919430384,-0.045430920429412401,0.054320999999999994,0.0010349999999999999,0.176649,-2.9386806747529324,1.2294448316898456,-2.9018367742433324,0.054292709581692175,0.0010329350553878285,0.17656623947250244,-0.32517270218443561,-0.048120418850813647,0.94442953100996085,-0.079467750940932808,0.99656238770114336,0.023415464543462976,-0.94230971040017508,-0.06743762087305985,-0.3278789059645637,8.7486665703735825e-05,3.0078339913973524e-05
0.14999985694885254,1790952587.9497399,0.0006008148193359375,0.034609879067047558,0.034801865284766934,0,-0.024609142453120049,0.38664278919430384,-0.045430920429412401,0.054320999999999994,0.0010349999999999999,0.176649,-2.9386806747529324,1.2294448316898456,-2.9018367742433324,0.054292709581692175,0.0010329350553878285,0.17656623947250244,-0.32517270218443561,-0.048120418850813647,0.94442953100996085,-0.079467750940932808,0.99656238770114336,0.023415464543462976,-0.94230971040017508,-0.06743762087305985,-0.3278789059645637,8.7486665703735825e-05,3.0078339913973524e-05
0.15499997138977051,1790952587.95474,0.00059795379638671875,0.034609879067047558,0.034801865284766934,0,-0.024609142453120049,0.38664278919430384,-0.045430920429412401,0.054320999999999994,0.0010349999999999999,0.176649,-2.9386806747529324,1.2294448316898456,-2.9018367742433324,0.054292709581692175,0.0010329350553878285,0.17656623947250244,-0.32517270218443561,-0.048120418850813647,0.94442953100996085,-0.079467750940932808,0.99656238770114336,0.023415464543462976,-0.94230971040017508,-0.06743762087305985,-0.3278789059645637,8.7486665703735825e-05,3.0078339913973524e-05
0.16000199317932129,1790952587.9597421,0.00060200691223144531,0.034609879067047558,0.034801865284766934,0,-0.024609142453120049,0.38664278919430384,-0.045430920429412401,0.054320999999999994,0.0010349999999999999,0.176649,-2.9386806747529324,1.2294448316898456,-2.9018367742433324,0.054292709581692175,0.0010329350553878285,0.17656623947250244,-0.32517270218443561,-0.048120418850813647,0.94442953100996085,-0.079467750940932808,0.99656238770114336,0.023415464543462976,-0.94230971040017508,-0.06743762087305985,-0.3278789059645637,8.7486665703735825e-05,3.0078339913973524e-05
0.16500282287597656,1790952587.9647429,0.00060200691223144531,0.034609879067047558,0.034801865284766934,0,-0.024609142453120049,0.38664278919430384,-0.045430920429412401,0.054320999999999994,0.0010349999999999999,0.176649,-2.9386806747529324,1.2294448316898456,-2.9018367742433324,0.054292709581692175,0.0010329350553878285,0.17656623947250244,-0.32517270218443561,-0.048120418850813647,0.94442953100996085,-0.079467750940932808,0.99656238770114336,0.023415464543462976,-0.94230971040017508,-0.06743762087305985,-0.3278789059645637,8.7486665703735825e-05,3.0078339913973524e-05
0.16999983787536621,1790952587.9697399,0.0005970001220703125,0.034609879067047558,0.034801865284766934,0,-0.024609142453120049,0.38664278919430384,-0.045430920429412401,0.054320999999999994,0.0010349999999999999,0.176649,-2.9386806747529324,1.2294448316898456,-2.9018367742433324,0.054292709581692175,0.0010329350553878285,0.17656623947250244,-0.32517270218443561,-0.048120418850813647,0.94442953100996085,-0.079467750940932808,0.99656238770114336,0.023415464543462976,-0.94230971040017508,-0.06743762087305985,-0.3278789059645637,8.7486665703735825e-05,3.0078339913973524e-05
0.17499995231628418,1790952587.97474,0.00060105323791503906,0.034609879067047558,0.034801865284766934,0,-0.024609142453120049,0.38664278919430384,-0.045430920429412401,0.054320999999999994,0.0010349999999999999,0.176649,-2.9386806747529324,1.2294448316898456,-2.9018367742433324,0.054292709581692175,0.0010329350553878285,0.17656623947250244,-0.32517270218443561,-0.048120418850813647,0.94442953100996085,-0.079467750940932808,0.99656238770114336,0.023415464543462976,-0.94230971040017508,-0.06743762087305985,-0.3278789059645637,8.7486665703735825e-05,3.0078339913973524e-05
0.18000197410583496,1790952587.9797421,0.00060105323791503906,0.034609879067047558,0.034801865284766934,0,-0.024609142453120049,0.38664278919430384,-0.045430920429412401,0.054320999999999994,0.0010349999999999999,0.176649,-2.9386806747529324,1.2294448316898456,-2.9018367742433324,0.054292709581692175,0.0010329350553878285,0.17656623947250244,-0.32517270218443561,-0.048120418850813647,0.94442953100996085,-0.079467750940932808,0.99656238770114336,0.023415464543462976,-0.94230971040017508,-0.06743762087305985,-0.3278789059645637,8.7486665703735825e-05,3.0078339913973524e-05
0.18499994277954102,1790952587.98474,0.00060105323791503906,0.034609879067047558,0.034801865284766934,0,-0.024609142453120049,0.38664278919430384,-0.045430920429412401,0.054320999999999994,0.0010349999999999999,0.176649,-2.9386806747529324,1.2294448316898456,-2.9018367742433324,0.054292709581692175,0.0010329350553878285,0.17656623947250244,-0.32517270218443561,-0.048120418850813647,0.94442953100996085,-0.079467750940932808,0.99656238770114336,0.023415464543462976,-0.94230971040017508,-0.06743762087305985,-0.3278789059645637,8.7486665703735825e-05,3.0078339913973524e-05
0.1900029182434082,1790952587.989743,0.00060009956359863281,0.034609879067047558,0.034801865284766934,0,-0.024609142453120049,0.38664278919430384,-0.045430920429412401,0.054320999999999994,0.0010349999999999999,0.176649,-2.9386806747529324,1.2294448316898456,-2.9018367742433324,0.054292709581692175,0.0010329350553878285,0.17656623947250244,-0.32517270218443561,-0.048120418850813647,0.94442953100996085,-0.079467750940932808,0.99656238770114336,0.023415464543462976,-0.94230971040017508,-0.06743762087305985,-0.3278789059645637,8.7486665703735825e-05,3.0078339913973524e-05
0.19500184059143066,1790952587.9947419,0.00059986114501953125,0.034609879067047558,0.034801865284766934,0,-0.024609142453120049,0.38664278919430384,-0.045430920429412401,0.054320999999999994,0.0010349999999999999,0.176649,-2.9386806747529324,1.2294448316898456,-2.9018367742433324,0.054292709581692175,0.0010329350553878285,0.17656623947250244,-0.32517270218443561,-0.048120418850813647,0.94442953100996085,-0.079467750940932808,0.99656238770114336,0.023415464543462976,-0.94230971040017508,-0.06743762087305985,-0.3278789059645637,8.7486665703735825e-05,3.0078339913973524e-05
0.20000195503234863,1790952587.999742,0.0005950927734375,0.034609879067047558,0.034801865284766934,0,-0.024609142453120049,0.38664278919430384,-0.045430920429412401,0.054320999999999994,0.0010349999999999999,0.176649,-2.9386806747529324,1.2294448316898456,-2.9018367742433324,0.054292709581692175,0.0010329350553878285,0.17656623947250244,-0.32517270218443561,-0.048120418850813647,0.94442953100996085,-0.079467750940932808,0.99656238770114336,0.023415464543462976,-0.94230971040017508,-0.06743762087305985,-0.3278789059645637,8.7486665703735825e-05,3.0078339913973524e-05
0.20499992370605469,1790952588.00474,0.00059604644775390625,0.034609879067047558,0.034801865284766934,0,-0.024609142453120049,0.38664278919430384,-0.045430920429412401,0.054320999999999994,0.0010349999999999999,0.176649,-2.9386806747529324,1.2294448316898456,-2.9018367742433324,0.054292709581692175,0.0010329350553878285,0.17656623947250244,-0.32517270218443561,-0.048120418850813647,0.94442953100996085,-0.079467750940932808,0.99656238770114336,0.023415464543462976,-0.94230971040017508,-0.06743762087305985,-0.3278789059645637,8.7486665703735825e-05,3.0078339913973524e-05
0.21000194549560547,1790952588.009742,0.00060200691223144531,0.034609879067047558,0.034801865284766934,0,-0.024609142453120049,0.38664278919430384,-0.045430920429412401,0.054320999999999994,0.0010349999999999999,0.176649,-2.9386806747529324,1.2294448316898456,-2.9018367742433324,0.054292709581692175,0.0010329350553878285,0.17656623947250244,-0.32517270218443561,-0.048120418850813647,0.94442953100996085,-0.079467750940932808,0.99656238770114336,0.023415464543462976,-0.94230971040017508,-0.06743762087305985,-0.3278789059645637,8.7486665703735825e-05,3.0078339913973524e-05
0.21502494812011719,1790952588.014765,0.00061702728271484375,0.034609879067047558,0.034801865284766934,0,-0.024609142453120049,0.38664278919430384,-0.045430920429412401,0.054320999999999994,0.0010349999999999999,0.176649,-2.9386806747529324,1.2294448316898456,-2.9018367742433324,0.054292709581692175,0.0010329350553878285,0.17656623947250244,-0.32517270218443561,-0.048120418850813647,0.94442953100996085,-0.079467750940932808,0.99656238770114336,0.023415464543462976,-0.94230971040017508,-0.06743762087305985,-0.3278789059645637,8.7486665703735825e-05,3.0078339913973524e-05
0.2200009822845459,1790952588.0197411,0.00060105323791503906,0.034609879067047558,0.034801865284766934,0,-0.024609142453120049,0.38664278919430384,-0.045430920429412401,0.054320999999999994,0.0010349999999999999,0.176649,-2.9386806747529324,1.2294448316898456,-2.9018367742433324,0.054292709581692175,0.0010329350553878285,0.17656623947250244,-0.32517270218443561,-0.048120418850813647,0.94442953100996085,-0.079467750940932808,0.99656238770114336,0.023415464543462976,-0.94230971040017508,-0.06743762087305985,-0.3278789059645637,8.7486665703735825e-05,3.0078339913973524e-05
0.22499990463256836,1790952588.02474,0.0005950927734375,0.034609879067047558,0.034801865284766934,0,-0.024609142453120049,0.38664278919430384,-0.045430920429412401,0.054320999999999994,0.0010349999999999999,0.176649,-2.9386806747529324,1.2294448316898456,-2.9018367742433324,0.054292709581692175,0.0010329350553878285,0.17656623947250244,-0.32517270218443561,-0.048120418850813647,0.94442953100996085,-0.079467750940932808,0.99656238770114336,0.023415464543462976,-0.94230971040017508,-0.06743762087305985,-0.3278789059645637,8.7486665703735825e-05,3.0078339913973524e-05
0.22999882698059082,1790952588.0297389,0.000598907470703125,0.034609879067047558,0.034801865284766934,0,-0.024609142453120049,0.38664278919430384,-0.045430920429412401,0.054320999999999994,0.0010349999999999999,0.176649,-2.9386806747529324,1.2294448316898456,-2.9018367742433324,0.054292709581692175,0.0010329350553878285,0.17656623947250244,-0.32517270218443561,-0.048120418850813647,0.94442953100996085,-0.079467750940932808,0.99656238770114336,0.023415464543462976,-0.94230971040017508,-0.06743762087305985,-0.3278789059645637,8.7486665703735825e-05,3.0078339913973524e-05
0.23499894142150879,1790952588.034739,0.00059294700622558594,0.034609879067047558,0.034801865284766934,0,-0.024609142453120049,0.38664278919430384,-0.045430920429412401,0.054320999999999994,0.0010349999999999999,0.176649,-2.9386806747529324,1.2294448316898456,-2.9018367742433324,0.054292709581692175,0.0010329350553878285,0.17656623947250244,-0.32517270218443561,-0.048120418850813647,0.94442953100996085,-0.079467750940932808,0.99656238770114336,0.023415464543462976,-0.94230971040017508,-0.06743762087305985,-0.3278789059645637,8.7486665703735825e-05,3.0078339913973524e-05
0.24000000953674316,1790952588.0397401,0.00060105323791503906,0.034609879067047558,0.034801865284766934,0,-0.024609142453120049,0.38664278919430384,-0.045430920429412401,0.054320999999999994,0.0010349999999999999,0.176649,-2.9386806747529324,1.2294448316898456,-2.9018367742433324,0.054292709581692175,0.0010329350553878285,0.17656623947250244,-0.32517270218443561,-0.048120418850813647,0.94442953100996085,-0.079467750940932808,0.99656238770114336,0.023415464543462976,-0.94230971040017508,-0.06743762087305985,-0.3278789059645637,8.7486665703735825e-05,3.0078339913973524e-05
0.24499988555908203,1790952588.04474,0.000598907470703125,0.034609879067047558,0.034801865284766934,0,-0.024609142453120049,0.38664278919430384,-0.045430920429412401,0.054320999999999994,0.0010349999999999999,0.176649,-2.9386806747529324,1.2294448316898456,-2.9018367742433324,0.054292709581692175,0.0010329350553878285,0.17656623947250244,-0.32517270218443561,-0.048120418850813647,0.94442953100996085,-0.079467750940932808,0.99656238770114336,0.023415464543462976,-0.94230971040017508,-0.06743762087305985,-0.3278789059645637,8.7486665703735825e-05,3.0078339913973524e-05
0.25000190734863281,1790952588.049742,0.00060105323791503906,0.034609879067047558,0.034801865284766934,0,-0.024609142453120049,0.38664278919430384,-0.045430920429412401,0.054320999999999994,0.0010349999999999999,0.176649,-2.9386806747529324,1.2294448316898456,-2.9018367742433324,0.054292709581692175,0.0010329350553878285,0.17656623947250244,-0.32517270218443561,-0.048120418850813647,0.94442953100996085,-0.079467750940932808,0.99656238770114336,0.023415464543462976,-0.94230971040017508,-0.06743762087305985,-0.3278789059645637,8.7486665703735825e-05,3.0078339913973524e-05
0.25500202178955078,1790952588.0547421,0.00057816505432128906,0.034609879067047558,0.034801865284766934,0,-0.024609142453120049,0.38664278919430384,-0.045430920429412401,0.054320999999999994,0.0010349999999999999,0.176649,-2.9386806747529324,1.2294448316898456,-2.9018367742433324,0.054292709581692175,0.0010329350553878285,0.17656623947250244,-0.32517270218443561,-0.048120418850813647,0.94442953100996085,-0.079467750940932808,0.99656238770114336,0.023415464543462976,-0.94230971040017508,-0.06743762087305985,-0.3278789059645637,8.7486665703735825e-05,3.0078339913973524e-05
0.25999999046325684,1790952588.0597401,0.00060105323791503906,0.034609879067047558,0.034801865284766934,0,-0.024609142453120049,0.38664278919430384,-0.045430920429412401,0.054320999999999994,0.0010349999999999999,0.176649,-2.9386806747529324,1.2294448316898456,-2.9018367742433324,0.054292709581692175,0.0010329350553878285,0.17656623947250244,-0.32517270218443561,-0.048120418850813647,0.94442953100996085,-0.079467750940932808,0.99656238770114336,0.023415464543462976,-0.94230971040017508,-0.06743762087305985,-0.3278789059645637,8.7486665703735825e-05,3.0078339913973524e-05
0.2649989128112793,1790952588.064739,0.00060009956359863281,0.034609879067047558,0.034801865284766934,0,-0.024609142453120049,0.38664278919430384,-0.045430920429412401,0.054320999999999994,0.0010349999999999999,0.176649,-2.9386806747529324,1.2294448316898456,-2.9018367742433324,0.054292709581692175,0.0010329350553878285,0.17656623947250244,-0.32517270218443561,-0.048120418850813647,0.94442953100996085,-0.079467750940932808,0.99656238770114336,0.023415464543462976,-0.94230971040017508,-0.06743762087305985,-0.3278789059645637,8.7486665703735825e-05,3.0078339913973524e-05
0.26999998092651367,1790952588.0697401,0.00060105323791503906,0.034609879067047558,0.034801865284766934,0,-0.024609142453120049,0.38664278919430384,-0.045430920429412401,0.054320999999999994,0.0010349999999999999,0.176649,-2.9386806747529324,1.2294448316898456,-2.9018367742433324,0.054292709581692175,0.0010329350553878285,0.17656623947250244,-0.32517270218443561,-0.048120418850813647,0.94442953100996085,-0.079467750940932808,0.99656238770114336,0.023415464543462976,-0.94230971040017508,-0.06743762087305985,-0.3278789059645637,8.7486665703735825e-05,3.0078339913973524e-05
0.27499890327453613,1790952588.074739,0.00059986114501953125,0.034609879067047558,0.034801865284766934,0,-0.024609142453120049,0.38664278919430384,-0.045430920429412401,0.054320999999999994,0.0010349999999999999,0.176649,-2.9386806747529324,1.2294448316898456,-2.9018367742433324,0.054292709581692175,0.0010329350553878285,0.17656623947250244,-0.32517270218443561,-0.048120418850813647,0.94442953100996085,-0.079467750940932808,0.99656238770114336,0.023415464543462976,-0.94230971040017508,-0.06743762087305985,-0.3278789059645637,8.7486665703735825e-05,3.0078339913973524e-05
0.2799990177154541,1790952588.0797391,0.00059819221496582031,0.034609879067047558,0.034801865284766934,0,-0.024609142453120049,0.38664278919430384,-0.045430920429412401,0.054320999999999994,0.0010349999999999999,0.176649,-2.9386806747529324,1.2294448316898456,-2.9018367742433324,0.054292709581692175,0.0010329350553878285,0.17656623947250244,-0.32517270218443561,-0.048120418850813647,0.94442953100996085,-0.079467750940932808,0.99656238770114336,0.023415464543462976,-0.94230971040017508,-0.06743762087305985,-0.3278789059645637,8.7486665703735825e-05,3.0078339913973524e-05
0.28499889373779297,1790952588.084739,0.00060105323791503906,0.034609879067047558,0.034801865284766934,0,-0.024609142453120049,0.38664278919430384,-0.045430920429412401,0.054320999999999994,0.0010349999999999999,0.176649,-2.9386806747529324,1.2294448316898456,-2.9018367742433324,0.054292709581692175,0.0010329350553878285,0.17656623947250244,-0.32517270218443561,-0.048120418850813647,0.94442953100996085,-0.079467750940932808,0.99656238770114336,0.023415464543462976,-0.94230971040017508,-0.06743762087305985,-0.3278789059645637,8.7486665703735825e-05,3.0078339913973524e-05
0.29000091552734375,1790952588.089741,0.00060200691223144531,0.034609879067047558,0.034801865284766934,0,-0.024609142453120049,0.38664278919430384,-0.045430920429412401,0.054320999999999994,0.0010349999999999999,0.176649,-2.9386806747529324,1.2294448316898456,-2.9018367742433324,0.054292709581692175,0.0010329350553878285,0.17656623947250244,-0.32517270218443561,-0.048120418850813647,0.94442953100996085,-0.079467750940932808,0.99656238770114336,0.023415464543462976,-0.94230971040017508,-0.06743762087305985,-0.3278789059645637,8.7486665703735825e-05,3.0078339913973524e-05
0.29500198364257812,1790952588.0947421,0.0005741119384765625,0.034609879067047558,0.034801865284766934,0,-0.024609142453120049,0.38664278919430384,-0.045430920429412401,0.054320999999999994,0.0010349999999999999,0.176649,-2.9386806747529324,1.2294448316898456,-2.9018367742433324,0.054292709581692175,0.0010329350553878285,0.17656623947250244,-0.32517270218443561,-0.048120418850813647,0.94442953100996085,-0.079467750940932808,0.99656238770114336,0.023415464543462976,-0.94230971040017508,-0.06743762087305985,-0.3278789059645637,8.7486665703735825e-05,3.0078339913973524e-05
0.29999899864196777,1790952588.0997391,0.0005970001220703125,0.034609879067047558,0.034801865284766934,0,-0.024609142453120049,0.38664278919430384,-0.045430920429412401,0.054320999999999994,0.0010349999999999999,0.176649,-2.9386806747529324,1.2294448316898456,-2.9018367742433324,0.054292709581692175,0.0010329350553878285,0.17656623947250244,-0.32517270218443561,-0.048120418850813647,0.94442953100996085,-0.079467750940932808,0.99656238770114336,0.023415464543462976,-0.94230971040017508,-0.06743762087305985,-0.3278789059645637,8.7486665703735825e-05,3.0078339913973524e-05
0.30499982833862305,1790952588.1047399,0.0006008148193359375,0.034609879067047558,0.034801865284766934,0,-0.024609142453120049,0.38664278919430384,-0.045430920429412401,0.054320999999999994,0.0010349999999999999,0.176649,-2.9386806747529324,1.2294448316898456,-2.9018367742433324,0.054292709581692175,0.0010329350553878285,0.17656623947250244,-0.32517270218443561,-0.048120418850813647,0.94442953100996085,-0.079467750940932808,0.99656238770114336,0.023415464543462976,-0.94230971040017508,-0.06743762087305985,-0.3278789059645637,8.7486665703735825e-05,3.0078339913973524e-05
0.31000185012817383,1790952588.1097419,0.00060296058654785156,0.034609879067047558,0.034801865284766934,0,-0.024609142453120049,0.38664278919430384,-0.045430920429412401,0.054320999999999994,0.0010349999999999999,0.176649,-2.9386806747529324,1.2294448316898456,-2.9018367742433324,0.054292709581692175,0.0010329350553878285,0.17656623947250244,-0.32517270218443561,-0.048120418850813647,0.94442953100996085,-0.079467750940932808,0.99656238770114336,0.023415464543462976,-0.94230971040017508,-0.06743762087305985,-0.3278789059645637,8.7486665703735825e-05,3.0078339913973524e-05
0.3150019645690918,1790952588.114742,0.00060105323791503906,0.034609879067047558,0.034801865284766934,0,-0.024609142453120049,0.38664278919430384,-0.045430920429412401,0.054320999999999994,0.0010349999999999999,0.176649,-2.9386806747529324,1.2294448316898456,-2.9018367742433324,0.054292709581692175,0.0010329350553878285,0.17656623947250244,-0.32517270218443561,-0.048120418850813647,0.94442953100996085,-0.079467750940932808,0.99656238770114336,0.023415464543462976,-0.94230971040017508,-0.06743762087305985,-0.3278789059645637,8.7486665703735825e-05,3.0078339913973524e-05
0.32000088691711426,1790952588.119741,0.00060105323791503906,0.034609879067047558,0.034801865284766934,0,-0.024609142453120049,0.38664278919430384,-0.045430920429412401,0.054320999999999994,0.0010349999999999999,0.176649,-2.9386806747529324,1.2294448316898456,-2.9018367742433324,0.054292709581692175,0.0010329350553878285,0.17656623947250244,-0.32517270218443561,-0.048120418850813647,0.94442953100996085,-0.079467750940932808,0.99656238770114336,0.023415464543462976,-0.94230971040017508,-0.06743762087305985,-0.3278789059645637,8.7486665703735825e-05,3.0078339913973524e-05
0.32499885559082031,1790952588.1247389,0.00059986114501953125,0.034609879067047558,0.034801865284766934,0,-0.024609142453120049,0.38664278919430384,-0.045430920429412401,0.054320999999999994,0.0010349999999999999,0.176649,-2.9386806747529324,1.2294448316898456,-2.9018367742433324,0.054292709581692175,0.0010329350553878285,0.17656623947250244,-0.32517270218443561,-0.048120418850813647,0.94442953100996085,-0.079467750940932808,0.99656238770114336,0.023415464543462976,-0.94230971040017508,-0.06743762087305985,-0.3278789059645637,8.7486665703735825e-05,3.0078339913973524e-05
0.33000087738037109,1790952588.129741,0.00060200691223144531,0.034609879067047558,0.034801865284766934,0,-0.024609142453120049,0.38664278919430384,-0.045430920429412401,0.054320999999999994,0.0010349999999999999,0.176649,-2.9386806747529324,1.2294448316898456,-2.9018367742433324,0.054292709581692175,0.0010329350553878285,0.17656623947250244,-0.32517270218443561,-0.048120418850813647,0.94442953100996085,-0.079467750940932808,0.99656238770114336,0.023415464543462976,-0.94230971040017508,-0.06743762087305985,-0.3278789059645637,8.7486665703735825e-05,3.0078339913973524e-05
0.33502483367919922,1790952588.1347649,0.00062394142150878906,0.034609879067047558,0.034801865284766934,0,-0.024609142453120049,0.38664278919430384,-0.045430920429412401,0.054320999999999994,0.0010349999999999999,0.176649,-2.9386806747529324,1.2294448316898456,-2.9018367742433324,0.054292709581692175,0.0010329350553878285,0.17656623947250244,-0.32517270218443561,-0.048120418850813647,0.94442953100996085,-0.079467750940932808,0.99656238770114336,0.023415464543462976,-0.94230971040017508,-0.06743762087305985,-0.3278789059645637,8.7486665703735825e-05,3.0078339913973524e-05
0.34000182151794434,1790952588.1397419,0.00060200691223144531,0.034609879067047558,0.034801865284766934,0,-0.024609142453120049,0.38664278919430384,-0.045430920429412401,0.054320999999999994,0.0010349999999999999,0.176649,-2.9386806747529324,1.2294448316898456,-2.9018367742433324,0.054292709581692175,0.0010329350553878285,0.17656623947250244,-0.32517270218443561,-0.048120418850813647,0.94442953100996085,-0.079467750940932808,0.99656238770114336,0.023415464543462976,-0.94230971040017508,-0.06743762087305985,-0.3278789059645637,8.7486665703735825e-05,3.0078339913973524e-05
0.3450009822845459,1790952588.1447411,0.00060200691223144531,0.034609879067047558,0.034801865284766934,0,-0.024609142453120049,0.38664278919430384,-0.045430920429412401,0.054320999999999994,0.0010349999999999999,0.176649,-2.9386806747529324,1.2294448316898456,-2.9018367742433324,0.054292709581692175,0.0010329350553878285,0.17656623947250244,-0.32517270218443561,-0.048120418850813647,0.94442953100996085,-0.079467750940932808,0.99656238770114336,0.023415464543462976,-0.94230971040017508,-0.06743762087305985,-0.3278789059645637,8.7486665703735825e-05,3.0078339913973524e-05
0.34999990463256836,1790952588.14974,0.00060105323791503906,0.034609879067047558,0.034801865284766934,0,-0.024609142453120049,0.38664278919430384,-0.045430920429412401,0.054320999999999994,0.0010349999999999999,0.176649,-2.9386806747529324,1.2294448316898456,-2.9018367742433324,0.054292709581692175,0.0010329350553878285,0.17656623947250244,-0.32517270218443561,-0.048120418850813647,0.94442953100996085,-0.079467750940932808,0.99656238770114336,0.023415464543462976,-0.94230971040017508,-0.06743762087305985,-0.3278789059645637,8.7486665703735825e-05,3.0078339913973524e-05
0.35502481460571289,1790952588.1547649,0.00062394142150878906,0.034609879067047558,0.034801865284766934,0,-0.024609142453120049,0.38664278919430384,-0.045430920429412401,0.054320999999999994,0.0010349999999999999,0.176649,-2.9386806747529324,1.2294448316898456,-2.9018367742433324,0.054292709581692175,0.0010329350553878285,0.17656623947250244,-0.32517270218443561,-0.048120418850813647,0.94442953100996085,-0.079467750940932808,0.99656238770114336,0.023415464543462976,-0.94230971040017508,-0.06743762087305985,-0.3278789059645637,8.7486665703735825e-05,3.0078339913973524e-05
0.3599998950958252,1790952588.15974,0.00060105323791503906,0.034609879067047558,0.034801865284766934,0,-0.024609142453120049,0.38664278919430384,-0.045430920429412401,0.054320999999999994,0.0010349999999999999,0.176649,-2.9386806747529324,1.2294448316898456,-2.9018367742433324,0.054292709581692175,0.0010329350553878285,0.17656623947250244,-0.32517270218443561,-0.048120418850813647,0.94442953100996085,-0.079467750940932808,0.99656238770114336,0.023415464543462976,-0.94230971040017508,-0.06743762087305985,-0.3278789059645637,8.7486665703735825e-05,3.0078339913973524e-05
0.36500000953674316,1790952588.1647401,0.0005950927734375,0.034609879067047558,0.034801865284766934,0,-0.024609142453120049,0.38664278919430384,-0.045430920429412401,0.054320999999999994,0.0010349999999999999,0.176649,-2.9386806747529324,1.2294448316898456,-2.9018367742433324,0.054292709581692175,0.0010329350553878285,0.17656623947250244,-0.32517270218443561,-0.048120418850813647,0.94442953100996085,-0.079467750940932808,0.99656238770114336,0.023415464543462976,-0.94230971040017508,-0.06743762087305985,-0.3278789059645637,8.7486665703735825e-05,3.0078339913973524e-05
0.36999893188476562,1790952588.169739,0.00059795379638671875,0.034609879067047558,0.034801865284766934,0,-0.024609142453120049,0.38664278919430384,-0.045430920429412401,0.054320999999999994,0.0010349999999999999,0.176649,-2.9386806747529324,1.2294448316898456,-2.9018367742433324,0.054292709581692175,0.0010329350553878285,0.17656623947250244,-0.32517270218443561,-0.048120418850813647,0.94442953100996085,-0.079467750940932808,0.99656238770114336,0.023415464543462976,-0.94230971040017508,-0.06743762087305985,-0.3278789059645637,8.7486665703735825e-05,3.0078339913973524e-05
0.37502598762512207,1790952588.1747661,0.00062203407287597656,0.034609879067047558,0.034801865284766934,0,-0.024609142453120049,0.38664278919430384,-0.045430920429412401,0.054320999999999994,0.0010349999999999999,0.176649,-2.9386806747529324,1.2294448316898456,-2.9018367742433324,0.054292709581692175,0.0010329350553878285,0.17656623947250244,-0.32517270218443561,-0.048120418850813647,0.94442953100996085,-0.079467750940932808,0.99656238770114336,0.023415464543462976,-0.94230971040017508,-0.06743762087305985,-0.3278789059645637,8.7486665703735825e-05,3.0078339913973524e-05
0.38000082969665527,1790952588.1797409,0.0006008148193359375,0.034609879067047558,0.034801865284766934,0,-0.024609142453120049,0.38664278919430384,-0.045430920429412401,0.054320999999999994,0.0010349999999999999,0.176649,-2.9386806747529324,1.2294448316898456,-2.9018367742433324,0.054292709581692175,0.0010329350553878285,0.17656623947250244,-0.32517270218443561,-0.048120418850813647,0.94442953100996085,-0.079467750940932808,0.99656238770114336,0.023415464543462976,-0.94230971040017508,-0.06743762087305985,-0.3278789059645637,8.7486665703735825e-05,3.0078339913973524e-05
0.38502693176269531,1790952588.184767,0.00062394142150878906,0.034609879067047558,0.034801865284766934,0,-0.024609142453120049,0.38664278919430384,-0.045430920429412401,0.054320999999999994,0.0010349999999999999,0.176649,-2.9386806747529324,1.2294448316898456,-2.9018367742433324,0.054292709581692175,0.0010329350553878285,0.17656623947250244,-0.32517270218443561,-0.048120418850813647,0.94442953100996085,-0.079467750940932808,0.99656238770114336,0.023415464543462976,-0.94230971040017508,-0.06743762087305985,-0.3278789059645637,8.7486665703735825e-05,3.0078339913973524e-05
0.38997483253479004,1790952588.1897149,0.00057482719421386719,0.034609879067047558,0.034801865284766934,0,-0.024609142453120049,0.38664278919430384,-0.045430920429412401,0.054320999999999994,0.0010349999999999999,0.176649,-2.9386806747529324,1.2294448316898456,-2.9018367742433324,0.054292709581692175,0.0010329350553878285,0.17656623947250244,-0.32517270218443561,-0.048120418850813647,0.94442953100996085,-0.079467750940932808,0.99656238770114336,0.023415464543462976,-0.94230971040017508,-0.06743762087305985,-0.3278789059645637,8.7486665703735825e-05,3.0078339913973524e-05
0.39500188827514648,1790952588.194742,0.00060296058654785156,0.034609879067047558,0.034801865284766934,0,-0.024609142453120049,0.38664278919430384,-0.045430920429412401,0.054320999999999994,0.0010349999999999999,0.176649,-2.9386806747529324,1.2294448316898456,-2.9018367742433324,0.054292709581692175,0.0010329350553878285,0.17656623947250244,-0.32517270218443561,-0.048120418850813647,0.94442953100996085,-0.079467750940932808,0.99656238770114336,0.023415464543462976,-0.94230971040017508,-0.06743762087305985,-0.3278789059645637,8.7486665703735825e-05,3.0078339913973524e-05
0.40000200271606445,1790952588.1997421,0.00060009956359863281,0.034609879067047558,0.034801865284766934,0,-0.024609142453120049,0.38664278919430384,-0.045430920429412401,0.054320999999999994,0.0010349999999999999,0.176649,-2.9386806747529324,1.2294448316898456,-2.9018367742433324,0.054292709581692175,0.0010329350553878285,0.17656623947250244,-0.32517270218443561,-0.048120418850813647,0.94442953100996085,-0.079467750940932808,0.99656238770114336,0.023415464543462976,-0.94230971040017508,-0.06743762087305985,-0.3278789059645637,8.7486665703735825e-05,3.0078339913973524e-05
0.40502595901489258,1790952588.204766,0.00062513351440429688,0.034609879067047558,0.034801865284766934,0,-0.024609142453120049,0.38664278919430384,-0.045430920429412401,0.054320999999999994,0.0010349999999999999,0.176649,-2.9386806747529324,1.2294448316898456,-2.9018367742433324,0.054292709581692175,0.0010329350553878285,0.17656623947250244,-0.32517270218443561,-0.048120418850813647,0.94442953100996085,-0.079467750940932808,0.99656238770114336,0.023415464543462976,-0.94230971040017508,-0.06743762087305985,-0.3278789059645637,8.7486665703735825e-05,3.0078339913973524e-05
0.40999889373779297,1790952588.209739,0.00059986114501953125,0.034609879067047558,0.034801865284766934,0,-0.024609142453120049,0.38664278919430384,-0.045430920429412401,0.054320999999999994,0.0010349999999999999,0.176649,-2.9386806747529324,1.2294448316898456,-2.9018367742433324,0.054292709581692175,0.0010329350553878285,0.17656623947250244,-0.32517270218443561,-0.048120418850813647,0.94442953100996085,-0.079467750940932808,0.99656238770114336,0.023415464543462976,-0.94230971040017508,-0.06743762087305985,-0.3278789059645637,8.7486665703735825e-05,3.0078339913973524e-05
0.41502690315246582,1790952588.214767,0.00062704086303710938,0.034609879067047558,0.034801865284766934,0,-0.024609142453120049,0.38664278919430384,-0.045430920429412401,0.054320999999999994,0.0010349999999999999,0.176649,-2.9386806747529324,1.2294448316898456,-2.9018367742433324,0.054292709581692175,0.0010329350553878285,0.17656623947250244,-0.32517270218443561,-0.048120418850813647,0.94442953100996085,-0.079467750940932808,0.99656238770114336,0.023415464543462976,-0.94230971040017508,-0.06743762087305985,-0.3278789059645637,8.7486665703735825e-05,3.0078339913973524e-05
0.42000102996826172,1790952588.2197411,0.00059914588928222656,0.034609879067047558,0.034801865284766934,0,-0.024609142453120049,0.38664278919430384,-0.045430920429412401,0.054320999999999994,0.0010349999999999999,0.176649,-2.9386806747529324,1.2294448316898456,-2.9018367742433324,0.054292709581692175,0.0010329350553878285,0.17656623947250244,-0.32517270218443561,-0.048120418850813647,0.94442953100996085,-0.079467750940932808,0.99656238770114336,0.023415464543462976,-0.94230971040017508,-0.06743762087305985,-0.3278789059645637,8.7486665703735825e-05,3.0078339913973524e-05
0.42500090599060059,1790952588.224741,0.00060200691223144531,0.034609879067047558,0.034801865284766934,0,-0.024609142453120049,0.38664278919430384,-0.045430920429412401,0.054320999999999994,0.0010349999999999999,0.176649,-2.9386806747529324,1.2294448316898456,-2.9018367742433324,0.054292709581692175,0.0010329350553878285,0.17656623947250244,-0.32517270218443561,-0.048120418850813647,0.94442953100996085,-0.079467750940932808,0.99656238770114336,0.023415464543462976,-0.94230971040017508,-0.06743762087305985,-0.3278789059645637,8.7486665703735825e-05,3.0078339913973524e-05
0.42999887466430664,1790952588.229739,0.00060105323791503906,0.034609879067047558,0.034801865284766934,0,-0.024609142453120049,0.38664278919430384,-0.045430920429412401,0.054320999999999994,0.0010349999999999999,0.176649,-2.9386806747529324,1.2294448316898456,-2.9018367742433324,0.054292709581692175,0.0010329350553878285,0.17656623947250244,-0.32517270218443561,-0.048120418850813647,0.94442953100996085,-0.079467750940932808,0.99656238770114336,0.023415464543462976,-0.94230971040017508,-0.06743762087305985,-0.3278789059645637,8.7486665703735825e-05,3.0078339913973524e-05
0.43502402305603027,1790952588.2347641,0.00062608718872070312,0.034609879067047558,0.034801865284766934,0,-0.024609142453120049,0.38664278919430384,-0.045430920429412401,0.054320999999999994,0.0010349999999999999,0.176649,-2.9386806747529324,1.2294448316898456,-2.9018367742433324,0.054292709581692175,0.0010329350553878285,0.17656623947250244,-0.32517270218443561,-0.048120418850813647,0.94442953100996085,-0.079467750940932808,0.99656238770114336,0.023415464543462976,-0.94230971040017508,-0.06743762087305985,-0.3278789059645637,8.7486665703735825e-05,3.0078339913973524e-05
0.43999981880187988,1790952588.2397399,0.00062584877014160156,0.034609879067047558,0.034801865284766934,0,-0.024609142453120049,0.38664278919430384,-0.045430920429412401,0.054320999999999994,0.0010349999999999999,0.176649,-2.9386806747529324,1.2294448316898456,-2.9018367742433324,0.054292709581692175,0.0010329350553878285,0.17656623947250244,-0.32517270218443561,-0.048120418850813647,0.94442953100996085,-0.079467750940932808,0.99656238770114336,0.023415464543462976,-0.94230971040017508,-0.06743762087305985,-0.3278789059645637,8.7486665703735825e-05,3.0078339913973524e-05
0.44499993324279785,1790952588.24474,0.00060200691223144531,0.034609879067047558,0.034801865284766934,0,-0.024609142453120049,0.38664278919430384,-0.045430920429412401,0.054320999999999994,0.0010349999999999999,0.176649,-2.9386806747529324,1.2294448316898456,-2.9018367742433324,0.054292709581692175,0.0010329350553878285,0.17656623947250244,-0.32517270218443561,-0.048120418850813647,0.94442953100996085,-0.079467750940932808,0.99656238770114336,0.023415464543462976,-0.94230971040017508,-0.06743762087305985,-0.3278789059645637,8.7486665703735825e-05,3.0078339913973524e-05
0.44999885559082031,1790952588.2497389,0.0006008148193359375,0.034609879067047558,0.034801865284766934,0,-0.024609142453120049,0.38664278919430384,-0.045430920429412401,0.054320999999999994,0.0010349999999999999,0.176649,-2.9386806747529324,1.2294448316898456,-2.9018367742433324,0.054292709581692175,0.0010329350553878285,0.17656623947250244,-0.32517270218443561,-0.048120418850813647,0.94442953100996085,-0.079467750940932808,0.99656238770114336,0.023415464543462976,-0.94230971040017508,-0.06743762087305985,-0.3278789059645637,8.7486665703735825e-05,3.0078339913973524e-05
0.45499801635742188,1790952588.2547381,0.00057315826416015625,0.034609879067047558,0.034801865284766934,0,-0.024609142453120049,0.38664278919430384,-0.045430920429412401,0.054320999999999994,0.0010349999999999999,0.176649,-2.9386806747529324,1.2294448316898456,-2.9018367742433324,0.054292709581692175,0.0010329350553878285,0.17656623947250244,-0.32517270218443561,-0.048120418850813647,0.94442953100996085,-0.079467750940932808,0.99656238770114336,0.023415464543462976,-0.94230971040017508,-0.06743762087305985,-0.3278789059645637,8.7486665703735825e-05,3.0078339913973524e-05
0.46000003814697266,1790952588.2597401,0.00060200691223144531,0.034609879067047558,0.034801865284766934,0,-0.024609142453120049,0.38664278919430384,-0.045430920429412401,0.054320999999999994,0.0010349999999999999,0.176649,-2.9386806747529324,1.2294448316898456,-2.9018367742433324,0.054292709581692175,0.0010329350553878285,0.17656623947250244,-0.32517270218443561,-0.048120418850813647,0.94442953100996085,-0.079467750940932808,0.99656238770114336,0.023415464543462976,-0.94230971040017508,-0.06743762087305985,-0.3278789059645637,8.7486665703735825e-05,3.0078339913973524e-05
0.46499896049499512,1790952588.264739,0.00060105323791503906,0.034609879067047558,0.034801865284766934,0,-0.024609142453120049,0.38664278919430384,-0.045430920429412401,0.054320999999999994,0.0010349999999999999,0.176649,-2.9386806747529324,1.2294448316898456,-2.9018367742433324,0.054292709581692175,0.0010329350553878285,0.17656623947250244,-0.32517270218443561,-0.048120418850813647,0.94442953100996085,-0.079467750940932808,0.99656238770114336,0.023415464543462976,-0.94230971040017508,-0.06743762087305985,-0.3278789059645637,8.7486665703735825e-05,3.0078339913973524e-05
0.47000002861022949,1790952588.2697401,0.00060200691223144531,0.034609879067047558,0.034801865284766934,0,-0.024609142453120049,0.38664278919430384,-0.045430920429412401,0.054320999999999994,0.0010349999999999999,0.176649,-2.9386806747529324,1.2294448316898456,-2.9018367742433324,0.054292709581692175,0.0010329350553878285,0.17656623947250244,-0.32517270218443561,-0.048120418850813647,0.94442953100996085,-0.079467750940932808,0.99656238770114336,0.023415464543462976,-0.94230971040017508,-0.06743762087305985,-0.3278789059645637,8.7486665703735825e-05,3.0078339913973524e-05
0.47499799728393555,1790952588.2747381,0.00060009956359863281,0.034609879067047558,0.034801865284766934,0,-0.024609142453120049,0.38664278919430384,-0.045430920429412401,0.054320999999999994,0.0010349999999999999,0.176649,-2.9386806747529324,1.2294448316898456,-2.9018367742433324,0.054292709581692175,0.0010329350553878285,0.17656623947250244,-0.32517270218443561,-0.048120418850813647,0.94442953100996085,-0.079467750940932808,0.99656238770114336,0.023415464543462976,-0.94230971040017508,-0.06743762087305985,-0.3278789059645637,8.7486665703735825e-05,3.0078339913973524e-05
0.48000097274780273,1790952588.279741,0.00060105323791503906,0.034609879067047558,0.034801865284766934,0,-0.024609142453120049,0.38664278919430384,-0.045430920429412401,0.054320999999999994,0.0010349999999999999,0.176649,-2.9386806747529324,1.2294448316898456,-2.9018367742433324,0.054292709581692175,0.0010329350553878285,0.17656623947250244,-0.32517270218443561,-0.048120418850813647,0.94442953100996085,-0.079467750940932808,0.99656238770114336,0.023415464543462976,-0.94230971040017508,-0.06743762087305985,-0.3278789059645637,8.7486665703735825e-05,3.0078339913973524e-05
0.48499894142150879,1790952588.284739,0.00060009956359863281,0.034609879067047558,0.034801865284766934,0,-0.024609142453120049,0.38664278919430384,-0.045430920429412401,0.054320999999999994,0.0010349999999999999,0.176649,-2.9386806747529324,1.2294448316898456,-2.9018367742433324,0.054292709581692175,0.0010329350553878285,0.17656623947250244,-0.32517270218443561,-0.048120418850813647,0.94442953100996085,-0.079467750940932808,0.99656238770114336,0.023415464543462976,-0.94230971040017508,-0.06743762087305985,-0.3278789059645637,8.7486665703735825e-05,3.0078339913973524e-05
0.49000096321105957,1790952588.289741,0.00060296058654785156,0.034609879067047558,0.034801865284766934,0,-0.024609142453120049,0.38664278919430384,-0.045430920429412401,0.054320999999999994,0.0010349999999999999,0.176649,-2.9386806747529324,1.2294448316898456,-2.9018367742433324,0.054292709581692175,0.0010329350553878285,0.17656623947250244,-0.32517270218443561,-0.048120418850813647,0.94442953100996085,-0.079467750940932808,0.99656238770114336,0.023415464543462976,-0.94230971040017508,-0.06743762087305985,-0.3278789059645637,8.7486665703735825e-05,3.0078339913973524e-05
0.49499893188476562,1790952588.294739,0.000598907470703125,0.034609879067047558,0.034801865284766934,0,-0.024609142453120049,0.38664278919430384,-0.045430920429412401,0.054320999999999994,0.0010349999999999999,0.176649,-2.9386806747529324,1.2294448316898456,-2.9018367742433324,0.054292709581692175,0.0010329350553878285,0.17656623947250244,-0.32517270218443561,-0.048120418850813647,0.94442953100996085,-0.079467750940932808,0.99656238770114336,0.023415464543462976,-0.94230971040017508,-0.06743762087305985,-0.3278789059645637,8.7486665703735825e-05,3.0078339913973524e-05
0.49999785423278809,1790952588.2997379,0.00059986114501953125,0.034609879067047558,0.034801865284766934,0,-0.024609142453120049,0.38664278919430384,-0.045430920429412401,0.054320999999999994,0.0010349999999999999,0.176649,-2.9386806747529324,1.2294448316898456,-2.9018367742433324,0.054292709581692175,0.0010329350553878285,0.17656623947250244,-0.32517270218443561,-0.048120418850813647,0.94442953100996085,-0.079467750940932808,0.99656238770114336,0.023415464543462976,-0.94230971040017508,-0.06743762087305985,-0.3278789059645637,8.7486665703735825e-05,3.0078339913973524e-05
0.50499892234802246,1790952588.304739,0.00060009956359863281,0.034609879067047558,0.034801865284766934,0,-0.024609142453120049,0.38664278919430384,-0.045430920429412401,0.054320999999999994,0.0010349999999999999,0.176649,-2.9386806747529324,1.2294448316898456,-2.9018367742433324,0.054292709581692175,0.0010329350553878285,0.17656623947250244,-0.32517270218443561,-0.048120418850813647,0.94442953100996085,-0.079467750940932808,0.99656238770114336,0.023415464543462976,-0.94230971040017508,-0.06743762087305985,-0.3278789059645637,8.7486665703735825e-05,3.0078339913973524e-05
0.50999999046325684,1790952588.3097401,0.00060200691223144531,0.034609879067047558,0.034801865284766934,0,-0.024609142453120049,0.38664278919430384,-0.045430920429412401,0.054320999999999994,0.0010349999999999999,0.176649,-2.9386806747529324,1.2294448316898456,-2.9018367742433324,0.054292709581692175,0.0010329350553878285,0.17656623947250244,-0.32517270218443561,-0.048120418850813647,0.94442953100996085,-0.079467750940932808,0.99656238770114336,0.023415464543462976,-0.94230971040017508,-0.06743762087305985,-0.3278789059645637,8.7486665703735825e-05,3.0078339913973524e-05
0.51502490043640137,1790952588.314765,0.00062704086303710938,0.034609879067047558,0.034801865284766934,0,-0.024609142453120049,0.38664278919430384,-0.045430920429412401,0.054320999999999994,0.0010349999999999999,0.176649,-2.9386806747529324,1.2294448316898456,-2.9018367742433324,0.054292709581692175,0.0010329350553878285,0.17656623947250244,-0.32517270218443561,-0.048120418850813647,0.94442953100996085,-0.079467750940932808,0.99656238770114336,0.023415464543462976,-0.94230971040017508,-0.06743762087305985,-0.3278789059645637,8.7486665703735825e-05,3.0078339913973524e-05
0.52000093460083008,1790952588.319741,0.00060105323791503906,0.034609879067047558,0.034801865284766934,0,-0.024609142453120049,0.38664278919430384,-0.045430920429412401,0.054320999999999994,0.0010349999999999999,0.176649,-2.9386806747529324,1.2294448316898456,-2.9018367742433324,0.054292709581692175,0.0010329350553878285,0.17656623947250244,-0.32517270218443561,-0.048120418850813647,0.94442953100996085,-0.079467750940932808,0.99656238770114336,0.023415464543462976,-0.94230971040017508,-0.06743762087305985,-0.3278789059645637,8.7486665703735825e-05,3.0078339913973524e-05
0.52500391006469727,1790952588.324744,0.00057888031005859375,0.034609879067047558,0.034801865284766934,0,-0.024609142453120049,0.38664278919430384,-0.045430920429412401,0.054320999999999994,0.0010349999999999999,0.176649,-2.9386806747529324,1.2294448316898456,-2.9018367742433324,0.054292709581692175,0.0010329350553878285,0.17656623947250244,-0.32517270218443561,-0.048120418850813647,0.94442953100996085,-0.079467750940932808,0.99656238770114336,0.023415464543462976,-0.94230971040017508,-0.06743762087305985,-0.3278789059645637,8.7486665703735825e-05,3.0078339913973524e-05
0.5299990177154541,1790952588.3297391,0.0005970001220703125,0.034609879067047558,0.034801865284766934,0,-0.024609142453120049,0.38664278919430384,-0.045430920429412401,0.054320999999999994,0.0010349999999999999,0.176649,-2.9386806747529324,1.2294448316898456,-2.9018367742433324,0.054292709581692175,0.0010329350553878285,0.17656623947250244,-0.32517270218443561,-0.048120418850813647,0.94442953100996085,-0.079467750940932808,0.99656238770114336,0.023415464543462976,-0.94230971040017508,-0.06743762087305985,-0.3278789059645637,8.7486665703735825e-05,3.0078339913973524e-05
0.53499889373779297,1790952588.334739,0.00060105323791503906,0.034609879067047558,0.034801865284766934,0,-0.024609142453120049,0.38664278919430384,-0.045430920429412401,0.054320999999999994,0.0010349999999999999,0.176649,-2.9386806747529324,1.2294448316898456,-2.9018367742433324,0.054292709581692175,0.0010329350553878285,0.17656623947250244,-0.32517270218443561,-0.048120418850813647,0.94442953100996085,-0.079467750940932808,0.99656238770114336,0.023415464543462976,-0.94230971040017508,-0.06743762087305985,-0.3278789059645637,8.7486665703735825e-05,3.0078339913973524e-05
0.54000091552734375,1790952588.339741,0.00059795379638671875,0.034609879067047558,0.034801865284766934,0,-0.024609142453120049,0.38664278919430384,-0.045430920429412401,0.054320999999999994,0.0010349999999999999,0.176649,-2.9386806747529324,1.2294448316898456,-2.9018367742433324,0.054292709581692175,0.0010329350553878285,0.17656623947250244,-0.32517270218443561,-0.048120418850813647,0.94442953100996085,-0.079467750940932808,0.99656238770114336,0.023415464543462976,-0.94230971040017508,-0.06743762087305985,-0.3278789059645637,8.7486665703735825e-05,3.0078339913973524e-05
0.54500198364257812,1790952588.3447421,0.00060415267944335938,0.034609879067047558,0.034801865284766934,0,-0.024609142453120049,0.38664278919430384,-0.045430920429412401,0.054320999999999994,0.0010349999999999999,0.176649,-2.9386806747529324,1.2294448316898456,-2.9018367742433324,0.054292709581692175,0.0010329350553878285,0.17656623947250244,-0.32517270218443561,-0.048120418850813647,0.94442953100996085,-0.079467750940932808,0.99656238770114336,0.023415464543462976,-0.94230971040017508,-0.06743762087305985,-0.3278789059645637,8.7486665703735825e-05,3.0078339913973524e-05
0.55000090599060059,1790952588.349741,0.00060296058654785156,0.034609879067047558,0.034801865284766934,0,-0.024609142453120049,0.38664278919430384,-0.045430920429412401,0.054320999999999994,0.0010349999999999999,0.176649,-2.9386806747529324,1.2294448316898456,-2.9018367742433324,0.054292709581692175,0.0010329350553878285,0.17656623947250244,-0.32517270218443561,-0.048120418850813647,0.94442953100996085,-0.079467750940932808,0.99656238770114336,0.023415464543462976,-0.94230971040017508,-0.06743762087305985,-0.3278789059645637,8.7486665703735825e-05,3.0078339913973524e-05
0.55499887466430664,1790952588.354739,0.000598907470703125,0.034609879067047558,0.034801865284766934,0,-0.024609142453120049,0.38664278919430384,-0.045430920429412401,0.054320999999999994,0.0010349999999999999,0.176649,-2.9386806747529324,1.2294448316898456,-2.9018367742433324,0.054292709581692175,0.0010329350553878285,0.17656623947250244,-0.32517270218443561,-0.048120418850813647,0.94442953100996085,-0.079467750940932808,0.99656238770114336,0.023415464543462976,-0.94230971040017508,-0.06743762087305985,-0.3278789059645637,8.7486665703735825e-05,3.0078339913973524e-05
0.55999898910522461,1790952588.3597391,0.00060009956359863281,0.034609879067047558,0.034801865284766934,0,-0.024609142453120049,0.38664278919430384,-0.045430920429412401,0.054320999999999994,0.0010349999999999999,0.176649,-2.9386806747529324,1.2294448316898456,-2.9018367742433324,0.054292709581692175,0.0010329350553878285,0.17656623947250244,-0.32517270218443561,-0.048120418850813647,0.94442953100996085,-0.079467750940932808,0.99656238770114336,0.023415464543462976,-0.94230971040017508,-0.06743762087305985,-0.3278789059645637,8.7486665703735825e-05,3.0078339913973524e-05
0.56502389907836914,1790952588.364764,0.00062298774719238281,0.034609879067047558,0.034801865284766934,0,-0.024609142453120049,0.38664278919430384,-0.045430920429412401,0.054320999999999994,0.0010349999999999999,0.176649,-2.9386806747529324,1.2294448316898456,-2.9018367742433324,0.054292709581692175,0.0010329350553878285,0.17656623947250244,-0.32517270218443561,-0.048120418850813647,0.94442953100996085,-0.079467750940932808,0.99656238770114336,0.023415464543462976,-0.94230971040017508,-0.06743762087305985,-0.3278789059645637,8.7486665703735825e-05,3.0078339913973524e-05
0.57000088691711426,1790952588.369741,0.000598907470703125,0.034609879067047558,0.034801865284766934,0,-0.024609142453120049,0.38664278919430384,-0.045430920429412401,0.054320999999999994,0.0010349999999999999,0.176649,-2.9386806747529324,1.2294448316898456,-2.9018367742433324,0.054292709581692175,0.0010329350553878285,0.17656623947250244,-0.32517270218443561,-0.048120418850813647,0.94442953100996085,-0.079467750940932808,0.99656238770114336,0.023415464543462976,-0.94230971040017508,-0.06743762087305985,-0.3278789059645637,8.7486665703735825e-05,3.0078339913973524e-05
0.57499980926513672,1790952588.3747399,0.00059795379638671875,0.034609879067047558,0.034801865284766934,0,-0.024609142453120049,0.38664278919430384,-0.045430920429412401,0.054320999999999994,0.0010349999999999999,0.176649,-2.9386806747529324,1.2294448316898456,-2.9018367742433324,0.054292709581692175,0.0010329350553878285,0.17656623947250244,-0.32517270218443561,-0.048120418850813647,0.94442953100996085,-0.079467750940932808,0.99656238770114336,0.023415464543462976,-0.94230971040017508,-0.06743762087305985,-0.3278789059645637,8.7486665703735825e-05,3.0078339913973524e-05
0.57999801635742188,1790952588.3797381,0.0005970001220703125,0.034609879067047558,0.034801865284766934,0,-0.024609142453120049,0.38664278919430384,-0.045430920429412401,0.054320999999999994,0.0010349999999999999,0.176649,-2.9386806747529324,1.2294448316898456,-2.9018367742433324,0.054292709581692175,0.0010329350553878285,0.17656623947250244,-0.32517270218443561,-0.048120418850813647,0.94442953100996085,-0.079467750940932808,0.99656238770114336,0.023415464543462976,-0.94230971040017508,-0.06743762087305985,-0.3278789059645637,8.7486665703735825e-05,3.0078339913973524e-05
0.58502388000488281,1790952588.384764,0.00062489509582519531,0.034609879067047558,0.034801865284766934,0,-0.024609142453120049,0.38664278919430384,-0.045430920429412401,0.054320999999999994,0.0010349999999999999,0.176649,-2.9386806747529324,1.2294448316898456,-2.9018367742433324,0.054292709581692175,0.0010329350553878285,0.17656623947250244,-0.32517270218443561,-0.048120418850813647,0.94442953100996085,-0.079467750940932808,0.99656238770114336,0.023415464543462976,-0.94230971040017508,-0.06743762087305985,-0.3278789059645637,8.7486665703735825e-05,3.0078339913973524e-05
0.58999800682067871,1790952588.3897381,0.0005970001220703125,0.034609879067047558,0.034801865284766934,0,-0.024609142453120049,0.38664278919430384,-0.045430920429412401,0.054320999999999994,0.0010349999999999999,0.176649,-2.9386806747529324,1.2294448316898456,-2.9018367742433324,0.054292709581692175,0.0010329350553878285,0.17656623947250244,-0.32517270218443561,-0.048120418850813647,0.94442953100996085,-0.079467750940932808,0.99656238770114336,0.023415464543462976,-0.94230971040017508,-0.06743762087305985,-0.3278789059645637,8.7486665703735825e-05,3.0078339913973524e-05
0.59502291679382324,1790952588.394763,0.00062394142150878906,0.034609879067047558,0.034801865284766934,0,-0.024609142453120049,0.38664278919430384,-0.045430920429412401,0.054320999999999994,0.0010349999999999999,0.176649,-2.9386806747529324,1.2294448316898456,-2.9018367742433324,0.054292709581692175,0.0010329350553878285,0.17656623947250244,-0.32517270218443561,-0.048120418850813647,0.94442953100996085,-0.079467750940932808,0.99656238770114336,0.023415464543462976,-0.94230971040017508,-0.06743762087305985,-0.3278789059645637,8.7486665703735825e-05,3.0078339913973524e-05
0.59999799728393555,1790952588.3997381,0.00060009956359863281,0.034609879067047558,0.034801865284766934,0,-0.024609142453120049,0.38664278919430384,-0.045430920429412401,0.054320999999999994,0.0010349999999999999,0.176649,-2.9386806747529324,1.2294448316898456,-2.9018367742433324,0.054292709581692175,0.0010329350553878285,0.17656623947250244,-0.32517270218443561,-0.048120418850813647,0.94442953100996085,-0.079467750940932808,0.99656238770114336,0.023415464543462976,-0.94230971040017508,-0.06743762087305985,-0.3278789059645637,8.7486665703735825e-05,3.0078339913973524e-05
0.60499787330627441,1790952588.4047379,0.00059795379638671875,0.034609879067047558,0.034801865284766934,0,-0.024609142453120049,0.38664278919430384,-0.045430920429412401,0.054320999999999994,0.0010349999999999999,0.176649,-2.9386806747529324,1.2294448316898456,-2.9018367742433324,0.054292709581692175,0.0010329350553878285,0.17656623947250244,-0.32517270218443561,-0.048120418850813647,0.94442953100996085,-0.079467750940932808,0.99656238770114336,0.023415464543462976,-0.94230971040017508,-0.06743762087305985,-0.3278789059645637,8.7486665703735825e-05,3.0078339913973524e-05
0.6099998950958252,1790952588.40974,0.00060200691223144531,0.034609879067047558,0.034801865284766934,0,-0.024609142453120049,0.38664278919430384,-0.045430920429412401,0.054320999999999994,0.0010349999999999999,0.176649,-2.9386806747529324,1.2294448316898456,-2.9018367742433324,0.054292709581692175,0.0010329350553878285,0.17656623947250244,-0.32517270218443561,-0.048120418850813647,0.94442953100996085,-0.079467750940932808,0.99656238770114336,0.023415464543462976,-0.94230971040017508,-0.06743762087305985,-0.3278789059645637,8.7486665703735825e-05,3.0078339913973524e-05
0.61499691009521484,1790952588.414737,0.0005970001220703125,0.034609879067047558,0.034801865284766934,0,-0.024609142453120049,0.38664278919430384,-0.045430920429412401,0.054320999999999994,0.0010349999999999999,0.176649,-2.9386806747529324,1.2294448316898456,-2.9018367742433324,0.054292709581692175,0.0010329350553878285,0.17656623947250244,-0.32517270218443561,-0.048120418850813647,0.94442953100996085,-0.079467750940932808,0.99656238770114336,0.023415464543462976,-0.94230971040017508,-0.06743762087305985,-0.3278789059645637,8.7486665703735825e-05,3.0078339913973524e-05
0.61999702453613281,1790952588.4197371,0.0005970001220703125,0.034609879067047558,0.034801865284766934,0,-0.024609142453120049,0.38664278919430384,-0.045430920429412401,0.054320999999999994,0.0010349999999999999,0.176649,-2.9386806747529324,1.2294448316898456,-2.9018367742433324,0.054292709581692175,0.0010329350553878285,0.17656623947250244,-0.32517270218443561,-0.048120418850813647,0.94442953100996085,-0.079467750940932808,0.99656238770114336,0.023415464543462976,-0.94230971040017508,-0.06743762087305985,-0.3278789059645637,8.7486665703735825e-05,3.0078339913973524e-05
0.62502384185791016,1790952588.4247639,0.00062489509582519531,0.034609879067047558,0.034801865284766934,0,-0.024609142453120049,0.38664278919430384,-0.045430920429412401,0.054320999999999994,0.0010349999999999999,0.176649,-2.9386806747529324,1.2294448316898456,-2.9018367742433324,0.054292709581692175,0.0010329350553878285,0.17656623947250244,-0.32517270218443561,-0.048120418850813647,0.94442953100996085,-0.079467750940932808,0.99656238770114336,0.023415464543462976,-0.94230971040017508,-0.06743762087305985,-0.3278789059645637,8.7486665703735825e-05,3.0078339913973524e-05
0.62999701499938965,1790952588.4297371,0.00060009956359863281,0.034609879067047558,0.034801865284766934,0,-0.024609142453120049,0.38664278919430384,-0.045430920429412401,0.054320999999999994,0.0010349999999999999,0.176649,-2.9386806747529324,1.2294448316898456,-2.9018367742433324,0.054292709581692175,0.0010329350553878285,0.17656623947250244,-0.32517270218443561,-0.048120418850813647,0.94442953100996085,-0.079467750940932808,0.99656238770114336,0.023415464543462976,-0.94230971040017508,-0.06743762087305985,-0.3278789059645637,8.7486665703735825e-05,3.0078339913973524e-05
0.6350250244140625,1790952588.4347651,0.00062608718872070312,0.034609879067047558,0.034801865284766934,0,-0.024609142453120049,0.38664278919430384,-0.045430920429412401,0.054320999999999994,0.0010349999999999999,0.176649,-2.9386806747529324,1.2294448316898456,-2.9018367742433324,0.054292709581692175,0.0010329350553878285,0.17656623947250244,-0.32517270218443561,-0.048120418850813647,0.94442953100996085,-0.079467750940932808,0.99656238770114336,0.023415464543462976,-0.94230971040017508,-0.06743762087305985,-0.3278789059645637,8.7486665703735825e-05,3.0078339913973524e-05
0.63999795913696289,1790952588.439738,0.00059795379638671875,0.034609879067047558,0.034801865284766934,0,-0.024609142453120049,0.38664278919430384,-0.045430920429412401,0.054320999999999994,0.0010349999999999999,0.176649,-2.9386806747529324,1.2294448316898456,-2.9018367742433324,0.054292709581692175,0.0010329350553878285,0.17656623947250244,-0.32517270218443561,-0.048120418850813647,0.94442953100996085,-0.079467750940932808,0.99656238770114336,0.023415464543462976,-0.94230971040017508,-0.06743762087305985,-0.3278789059645637,8.7486665703735825e-05,3.0078339913973524e-05
0.64499688148498535,1790952588.444737,0.00059986114501953125,0.034609879067047558,0.034801865284766934,0,-0.024609142453120049,0.38664278919430384,-0.045430920429412401,0.054320999999999994,0.0010349999999999999,0.176649,-2.9386806747529324,1.2294448316898456,-2.9018367742433324,0.054292709581692175,0.0010329350553878285,0.17656623947250244,-0.32517270218443561,-0.048120418850813647,0.94442953100996085,-0.079467750940932808,0.99656238770114336,0.023415464543462976,-0.94230971040017508,-0.06743762087305985,-0.3278789059645637,8.7486665703735825e-05,3.0078339913973524e-05
0.64999794960021973,1790952588.449738,0.00060105323791503906,0.034609879067047558,0.034801865284766934,0,-0.024609142453120049,0.38664278919430384,-0.045430920429412401,0.054320999999999994,0.0010349999999999999,0.176649,-2.9386806747529324,1.2294448316898456,-2.9018367742433324,0.054292709581692175,0.0010329350553878285,0.17656623947250244,-0.32517270218443561,-0.048120418850813647,0.94442953100996085,-0.079467750940932808,0.99656238770114336,0.023415464543462976,-0.94230971040017508,-0.06743762087305985,-0.3278789059645637,8.7486665703735825e-05,3.0078339913973524e-05
0.65499782562255859,1790952588.4547379,0.000598907470703125,0.034609879067047558,0.034801865284766934,0,-0.024609142453120049,0.38664278919430384,-0.045430920429412401,0.054320999999999994,0.0010349999999999999,0.176649,-2.9386806747529324,1.2294448316898456,-2.9018367742433324,0.054292709581692175,0.0010329350553878285,0.17656623947250244,-0.32517270218443561,-0.048120418850813647,0.94442953100996085,-0.079467750940932808,0.99656238770114336,0.023415464543462976,-0.94230971040017508,-0.06743762087305985,-0.3278789059645637,8.7486665703735825e-05,3.0078339913973524e-05
0.66000103950500488,1790952588.4597411,0.00060319900512695312,0.034609879067047558,0.034801865284766934,0,-0.024609142453120049,0.38664278919430384,-0.045430920429412401,0.054320999999999994,0.0010349999999999999,0.176649,-2.9386806747529324,1.2294448316898456,-2.9018367742433324,0.054292709581692175,0.0010329350553878285,0.17656623947250244,-0.32517270218443561,-0.048120418850813647,0.94442953100996085,-0.079467750940932808,0.99656238770114336,0.023415464543462976,-0.94230971040017508,-0.06743762087305985,-0.3278789059645637,8.7486665703735825e-05,3.0078339913973524e-05
0.66499781608581543,1790952588.4647379,0.000598907470703125,0.034609879067047558,0.034801865284766934,0,-0.024609142453120049,0.38664278919430384,-0.045430920429412401,0.054320999999999994,0.0010349999999999999,0.176649,-2.9386806747529324,1.2294448316898456,-2.9018367742433324,0.054292709581692175,0.0010329350553878285,0.17656623947250244,-0.32517270218443561,-0.048120418850813647,0.94442953100996085,-0.079467750940932808,0.99656238770114336,0.023415464543462976,-0.94230971040017508,-0.06743762087305985,-0.3278789059645637,8.7486665703735825e-05,3.0078339913973524e-05
0.6699979305267334,1790952588.469738,0.00060009956359863281,0.034609879067047558,0.034801865284766934,0,-0.024609142453120049,0.38664278919430384,-0.045430920429412401,0.054320999999999994,0.0010349999999999999,0.176649,-2.9386806747529324,1.2294448316898456,-2.9018367742433324,0.054292709581692175,0.0010329350553878285,0.17656623947250244,-0.32517270218443561,-0.048120418850813647,0.94442953100996085,-0.079467750940932808,0.99656238770114336,0.023415464543462976,-0.94230971040017508,-0.06743762087305985,-0.3278789059645637,8.7486665703735825e-05,3.0078339913973524e-05
0.67499995231628418,1790952588.47474,0.00060200691223144531,0.034609879067047558,0.034801865284766934,0,-0.024609142453120049,0.38664278919430384,-0.045430920429412401,0.054320999999999994,0.0010349999999999999,0.176649,-2.9386806747529324,1.2294448316898456,-2.9018367742433324,0.054292709581692175,0.0010329350553878285,0.17656623947250244,-0.32517270218443561,-0.048120418850813647,0.94442953100996085,-0.079467750940932808,0.99656238770114336,0.023415464543462976,-0.94230971040017508,-0.06743762087305985,-0.3278789059645637,8.7486665703735825e-05,3.0078339913973524e-05
0.68000102043151855,1790952588.4797411,0.00060105323791503906,0.034609879067047558,0.034801865284766934,0,-0.024609142453120049,0.38664278919430384,-0.045430920429412401,0.054320999999999994,0.0010349999999999999,0.176649,-2.9386806747529324,1.2294448316898456,-2.9018367742433324,0.054292709581692175,0.0010329350553878285,0.17656623947250244,-0.32517270218443561,-0.048120418850813647,0.94442953100996085,-0.079467750940932808,0.99656238770114336,0.023415464543462976,-0.94230971040017508,-0.06743762087305985,-0.3278789059645637,8.7486665703735825e-05,3.0078339913973524e-05
0.68502187728881836,1790952588.484762,0.00061798095703125,0.034609879067047558,0.034801865284766934,0,-0.024609142453120049,0.38664278919430384,-0.045430920429412401,0.054320999999999994,0.0010349999999999999,0.176649,-2.9386806747529324,1.2294448316898456,-2.9018367742433324,0.054292709581692175,0.0010329350553878285,0.17656623947250244,-0.32517270218443561,-0.048120418850813647,0.94442953100996085,-0.079467750940932808,0.99656238770114336,0.023415464543462976,-0.94230971040017508,-0.06743762087305985,-0.3278789059645637,8.7486665703735825e-05,3.0078339913973524e-05
0.69000101089477539,1790952588.4897411,0.00060105323791503906,0.034609879067047558,0.034801865284766934,0,-0.024609142453120049,0.38664278919430384,-0.045430920429412401,0.054320999999999994,0.0010349999999999999,0.176649,-2.9386806747529324,1.2294448316898456,-2.9018367742433324,0.054292709581692175,0.0010329350553878285,0.17656623947250244,-0.32517270218443561,-0.048120418850813647,0.94442953100996085,-0.079467750940932808,0.99656238770114336,0.023415464543462976,-0.94230971040017508,-0.06743762087305985,-0.3278789059645637,8.7486665703735825e-05,3.0078339913973524e-05
0.69499802589416504,1790952588.4947381,0.00060105323791503906,0.034609879067047558,0.034801865284766934,0,-0.024609142453120049,0.38664278919430384,-0.045430920429412401,0.054320999999999994,0.0010349999999999999,0.176649,-2.9386806747529324,1.2294448316898456,-2.9018367742433324,0.054292709581692175,0.0010329350553878285,0.17656623947250244,-0.32517270218443561,-0.048120418850813647,0.94442953100996085,-0.079467750940932808,0.99656238770114336,0.023415464543462976,-0.94230971040017508,-0.06743762087305985,-0.3278789059645637,8.7486665703735825e-05,3.0078339913973524e-05
0.69999790191650391,1790952588.499738,0.00059795379638671875,0.034609879067047558,0.034801865284766934,0,-0.024609142453120049,0.38664278919430384,-0.045430920429412401,0.054320999999999994,0.0010349999999999999,0.176649,-2.9386806747529324,1.2294448316898456,-2.9018367742433324,0.054292709581692175,0.0010329350553878285,0.17656623947250244,-0.32517270218443561,-0.048120418850813647,0.94442953100996085,-0.079467750940932808,0.99656238770114336,0.023415464543462976,-0.94230971040017508,-0.06743762087305985,-0.3278789059645637,8.7486665703735825e-05,3.0078339913973524e-05
0.70499682426452637,1790952588.5047369,0.00059986114501953125,0.034609879067047558,0.034801865284766934,0,-0.024609142453120049,0.38664278919430384,-0.045430920429412401,0.054320999999999994,0.0010349999999999999,0.176649,-2.9386806747529324,1.2294448316898456,-2.9018367742433324,0.054292709581692175,0.0010329350553878285,0.17656623947250244,-0.32517270218443561,-0.048120418850813647,0.94442953100996085,-0.079467750940932808,0.99656238770114336,0.023415464543462976,-0.94230971040017508,-0.06743762087305985,-0.3278789059645637,8.7486665703735825e-05,3.0078339913973524e-05
0.71000003814697266,1790952588.5097401,0.00060319900512695312,0.034609879067047558,0.034801865284766934,0,-0.024609142453120049,0.38664278919430384,-0.045430920429412401,0.054320999999999994,0.0010349999999999999,0.176649,-2.9386806747529324,1.2294448316898456,-2.9018367742433324,0.054292709581692175,0.0010329350553878285,0.17656623947250244,-0.32517270218443561,-0.048120418850813647,0.94442953100996085,-0.079467750940932808,0.99656238770114336,0.023415464543462976,-0.94230971040017508,-0.06743762087305985,-0.3278789059645637,8.7486665703735825e-05,3.0078339913973524e-05
0.71499991416931152,1790952588.51474,0.000598907470703125,0.034609879067047558,0.034801865284766934,0,-0.024609142453120049,0.38664278919430384,-0.045430920429412401,0.054320999999999994,0.0010349999999999999,0.176649,-2.9386806747529324,1.2294448316898456,-2.9018367742433324,0.054292709581692175,0.0010329350553878285,0.17656623947250244,-0.32517270218443561,-0.048120418850813647,0.94442953100996085,-0.079467750940932808,0.99656238770114336,0.023415464543462976,-0.94230971040017508,-0.06743762087305985,-0.3278789059645637,8.7486665703735825e-05,3.0078339913973524e-05
0.71999692916870117,1790952588.519737,0.000598907470703125,0.034609879067047558,0.034801865284766934,0,-0.024609142453120049,0.38664278919430384,-0.045430920429412401,0.054320999999999994,0.0010349999999999999,0.176649,-2.9386806747529324,1.2294448316898456,-2.9018367742433324,0.054292709581692175,0.0010329350553878285,0.17656623947250244,-0.32517270218443561,-0.048120418850813647,0.94442953100996085,-0.079467750940932808,0.99656238770114336,0.023415464543462976,-0.94230971040017508,-0.06743762087305985,-0.3278789059645637,8.7486665703735825e-05,3.0078339913973524e-05
0.7250218391418457,1790952588.5247619,0.00062203407287597656,0.034609879067047558,0.034801865284766934,0,-0.024609142453120049,0.38664278919430384,-0.045430920429412401,0.054320999999999994,0.0010349999999999999,0.176649,-2.9386806747529324,1.2294448316898456,-2.9018367742433324,0.054292709581692175,0.0010329350553878285,0.17656623947250244,-0.32517270218443561,-0.048120418850813647,0.94442953100996085,-0.079467750940932808,0.99656238770114336,0.023415464543462976,-0.94230971040017508,-0.06743762087305985,-0.3278789059645637,8.7486665703735825e-05,3.0078339913973524e-05
0.72999882698059082,1790952588.5297389,0.00060200691223144531,0.034609879067047558,0.034801865284766934,0,-0.024609142453120049,0.38664278919430384,-0.045430920429412401,0.054320999999999994,0.0010349999999999999,0.176649,-2.9386806747529324,1.2294448316898456,-2.9018367742433324,0.054292709581692175,0.0010329350553878285,0.17656623947250244,-0.32517270218443561,-0.048120418850813647,0.94442953100996085,-0.079467750940932808,0.99656238770114336,0.023415464543462976,-0.94230971040017508,-0.06743762087305985,-0.3278789059645637,8.7486665703735825e-05,3.0078339913973524e-05
0.73499703407287598,1790952588.5347371,0.00060009956359863281,0.034609879067047558,0.034801865284766934,0,-0.024609142453120049,0.38664278919430384,-0.045430920429412401,0.054320999999999994,0.0010349999999999999,0.176649,-2.9386806747529324,1.2294448316898456,-2.9018367742433324,0.054292709581692175,0.0010329350553878285,0.17656623947250244,-0.32517270218443561,-0.048120418850813647,0.94442953100996085,-0.079467750940932808,0.99656238770114336,0.023415464543462976,-0.94230971040017508,-0.06743762087305985,-0.3278789059645637,8.7486665703735825e-05,3.0078339913973524e-05
0.73999691009521484,1790952588.539737,0.00060009956359863281,0.034609879067047558,0.034801865284766934,0,-0.024609142453120049,0.38664278919430384,-0.045430920429412401,0.054320999999999994,0.0010349999999999999,0.176649,-2.9386806747529324,1.2294448316898456,-2.9018367742433324,0.054292709581692175,0.0010329350553878285,0.17656623947250244,-0.32517270218443561,-0.048120418850813647,0.94442953100996085,-0.079467750940932808,0.99656238770114336,0.023415464543462976,-0.94230971040017508,-0.06743762087305985,-0.3278789059645637,8.7486665703735825e-05,3.0078339913973524e-05
0.74499988555908203,1790952588.54474,0.00060296058654785156,0.034609879067047558,0.034801865284766934,0,-0.024609142453120049,0.38664278919430384,-0.045430920429412401,0.054320999999999994,0.0010349999999999999,0.176649,-2.9386806747529324,1.2294448316898456,-2.9018367742433324,0.054292709581692175,0.0010329350553878285,0.17656623947250244,-0.32517270218443561,-0.048120418850813647,0.94442953100996085,-0.079467750940932808,0.99656238770114336,0.023415464543462976,-0.94230971040017508,-0.06743762087305985,-0.3278789059645637,8.7486665703735825e-05,3.0078339913973524e-05
0.75,1790952588.5497401,0.00060200691223144531,0.034609879067047558,0.034801865284766934,0,-0.024609142453120049,0.38664278919430384,-0.045430920429412401,0.054320999999999994,0.0010349999999999999,0.176649,-2.9386806747529324,1.2294448316898456,-2.9018367742433324,0.054292709581692175,0.0010329350553878285,0.17656623947250244,-0.32517270218443561,-0.048120418850813647,0.94442953100996085,-0.079467750940932808,0.99656238770114336,0.023415464543462976,-0.94230971040017508,-0.06743762087305985,-0.3278789059645637,8.7486665703735825e-05,3.0078339913973524e-05
0.75499987602233887,1790952588.55474,0.00060391426086425781,0.034609879067047558,0.034801865284766934,0,-0.024609142453120049,0.38664278919430384,-0.045430920429412401,0.054320999999999994,0.0010349999999999999,0.176649,-2.9386806747529324,1.2294448316898456,-2.9018367742433324,0.054292709581692175,0.0010329350553878285,0.17656623947250244,-0.32517270218443561,-0.048120418850813647,0.94442953100996085,-0.079467750940932808,0.99656238770114336,0.023415464543462976,-0.94230971040017508,-0.06743762087305985,-0.3278789059645637,8.7486665703735825e-05,3.0078339913973524e-05
0.75999999046325684,1790952588.5597401,0.00060296058654785156,0.034609879067047558,0.034801865284766934,0,-0.024609142453120049,0.38664278919430384,-0.045430920429412401,0.054320999999999994,0.0010349999999999999,0.176649,-2.9386806747529324,1.2294448316898456,-2.9018367742433324,0.054292709581692175,0.0010329350553878285,0.17656623947250244,-0.32517270218443561,-0.048120418850813647,0.94442953100996085,-0.079467750940932808,0.99656238770114336,0.023415464543462976,-0.94230971040017508,-0.06743762087305985,-0.3278789059645637,8.7486665703735825e-05,3.0078339913973524e-05
0.76502299308776855,1790952588.5647631,0.00061917304992675781,0.034609879067047558,0.034801865284766934,0,-0.024609142453120049,0.38664278919430384,-0.045430920429412401,0.054320999999999994,0.0010349999999999999,0.176649,-2.9386806747529324,1.2294448316898456,-2.9018367742433324,0.054292709581692175,0.0010329350553878285,0.17656623947250244,-0.32517270218443561,-0.048120418850813647,0.94442953100996085,-0.079467750940932808,0.99656238770114336,0.023415464543462976,-0.94230971040017508,-0.06743762087305985,-0.3278789059645637,8.7486665703735825e-05,3.0078339913973524e-05
0.76999688148498535,1790952588.569737,0.00059795379638671875,0.034609879067047558,0.034801865284766934,0,-0.024609142453120049,0.38664278919430384,-0.045430920429412401,0.054320999999999994,0.0010349999999999999,0.176649,-2.9386806747529324,1.2294448316898456,-2.9018367742433324,0.054292709581692175,0.0010329350553878285,0.17656623947250244,-0.32517270218443561,-0.048120418850813647,0.94442953100996085,-0.079467750940932808,0.99656238770114336,0.023415464543462976,-0.94230971040017508,-0.06743762087305985,-0.3278789059645637,8.7486665703735825e-05,3.0078339913973524e-05
0.77502202987670898,1790952588.5747621,0.00061821937561035156,0.034609879067047558,0.034801865284766934,0,-0.024609142453120049,0.38664278919430384,-0.045430920429412401,0.054320999999999994,0.0010349999999999999,0.176649,-2.9386806747529324,1.2294448316898456,-2.9018367742433324,0.054292709581692175,0.0010329350553878285,0.17656623947250244,-0.32517270218443561,-0.048120418850813647,0.94442953100996085,-0.079467750940932808,0.99656238770114336,0.023415464543462976,-0.94230971040017508,-0.06743762087305985,-0.3278789059645637,8.7486665703735825e-05,3.0078339913973524e-05
0.77999997138977051,1790952588.57974,0.00060296058654785156,0.034609879067047558,0.034801865284766934,0,-0.024609142453120049,0.38664278919430384,-0.045430920429412401,0.054320999999999994,0.0010349999999999999,0.176649,-2.9386806747529324,1.2294448316898456,-2.9018367742433324,0.054292709581692175,0.0010329350553878285,0.17656623947250244,-0.32517270218443561,-0.048120418850813647,0.94442953100996085,-0.079467750940932808,0.99656238770114336,0.023415464543462976,-0.94230971040017508,-0.06743762087305985,-0.3278789059645637,8.7486665703735825e-05,3.0078339913973524e-05
0.78499984741210938,1790952588.5847399,0.000576019287109375,0.034609879067047558,0.034801865284766934,0,-0.024609142453120049,0.38664278919430384,-0.045430920429412401,0.054320999999999994,0.0010349999999999999,0.176649,-2.9386806747529324,1.2294448316898456,-2.9018367742433324,0.054292709581692175,0.0010329350553878285,0.17656623947250244,-0.32517270218443561,-0.048120418850813647,0.94442953100996085,-0.079467750940932808,0.99656238770114336,0.023415464543462976,-0.94230971040017508,-0.06743762087305985,-0.3278789059645637,8.7486665703735825e-05,3.0078339913973524e-05
0.78999996185302734,1790952588.58974,0.00059604644775390625,0.034609879067047558,0.034801865284766934,0,-0.024609142453120049,0.38664278919430384,-0.045430920429412401,0.054320999999999994,0.0010349999999999999,0.176649,-2.9386806747529324,1.2294448316898456,-2.9018367742433324,0.054292709581692175,0.0010329350553878285,0.17656623947250244,-0.32517270218443561,-0.048120418850813647,0.94442953100996085,-0.079467750940932808,0.99656238770114336,0.023415464543462976,-0.94230971040017508,-0.06743762087305985,-0.3278789059645637,8.7486665703735825e-05,3.0078339913973524e-05
0.7949979305267334,1790952588.594738,0.000576019287109375,0.034609879067047558,0.034801865284766934,0,-0.024609142453120049,0.38664278919430384,-0.045430920429412401,0.054320999999999994,0.0010349999999999999,0.176649,-2.9386806747529324,1.2294448316898456,-2.9018367742433324,0.054292709581692175,0.0010329350553878285,0.17656623947250244,-0.32517270218443561,-0.048120418850813647,0.94442953100996085,-0.079467750940932808,0.99656238770114336,0.023415464543462976,-0.94230971040017508,-0.06743762087305985,-0.3278789059645637,8.7486665703735825e-05,3.0078339913973524e-05
0.79999780654907227,1790952588.5997379,0.0005970001220703125,0.034609879067047558,0.034801865284766934,0,-0.024609142453120049,0.38664278919430384,-0.045430920429412401,0.054320999999999994,0.0010349999999999999,0.176649,-2.9386806747529324,1.2294448316898456,-2.9018367742433324,0.054292709581692175,0.0010329350553878285,0.17656623947250244,-0.32517270218443561,-0.048120418850813647,0.94442953100996085,-0.079467750940932808,0.99656238770114336,0.023415464543462976,-0.94230971040017508,-0.06743762087305985,-0.3278789059645637,8.7486665703735825e-05,3.0078339913973524e-05
0.80502486228942871,1790952588.6047649,0.00062084197998046875,0.034609879067047558,0.034801865284766934,0,-0.024609142453120049,0.38664278919430384,-0.045430920429412401,0.054320999999999994,0.0010349999999999999,0.176649,-2.9386806747529324,1.2294448316898456,-2.9018367742433324,0.054292709581692175,0.0010329350553878285,0.17656623947250244,-0.32517270218443561,-0.048120418850813647,0.94442953100996085,-0.079467750940932808,0.99656238770114336,0.023415464543462976,-0.94230971040017508,-0.06743762087305985,-0.3278789059645637,8.7486665703735825e-05,3.0078339913973524e-05
0.80999898910522461,1790952588.6097391,0.00060200691223144531,0.034609879067047558,0.034801865284766934,0,-0.024609142453120049,0.38664278919430384,-0.045430920429412401,0.054320999999999994,0.0010349999999999999,0.176649,-2.9386806747529324,1.2294448316898456,-2.9018367742433324,0.054292709581692175,0.0010329350553878285,0.17656623947250244,-0.32517270218443561,-0.048120418850813647,0.94442953100996085,-0.079467750940932808,0.99656238770114336,0.023415464543462976,-0.94230971040017508,-0.06743762087305985,-0.3278789059645637,8.7486665703735825e-05,3.0078339913973524e-05
0.81502199172973633,1790952588.6147621,0.00062298774719238281,0.034609879067047558,0.034801865284766934,0,-0.024609142453120049,0.38664278919430384,-0.045430920429412401,0.054320999999999994,0.0010349999999999999,0.176649,-2.9386806747529324,1.2294448316898456,-2.9018367742433324,0.054292709581692175,0.0010329350553878285,0.17656623947250244,-0.32517270218443561,-0.048120418850813647,0.94442953100996085,-0.079467750940932808,0.99656238770114336,0.023415464543462976,-0.94230971040017508,-0.06743762087305985,-0.3278789059645637,8.7486665703735825e-05,3.0078339913973524e-05
0.81999683380126953,1790952588.6197369,0.00059986114501953125,0.034609879067047558,0.034801865284766934,0,-0.024609142453120049,0.38664278919430384,-0.045430920429412401,0.054320999999999994,0.0010349999999999999,0.176649,-2.9386806747529324,1.2294448316898456,-2.9018367742433324,0.054292709581692175,0.0010329350553878285,0.17656623947250244,-0.32517270218443561,-0.048120418850813647,0.94442953100996085,-0.079467750940932808,0.99656238770114336,0.023415464543462976,-0.94230971040017508,-0.06743762087305985,-0.3278789059645637,8.7486665703735825e-05,3.0078339913973524e-05
0.82499599456787109,1790952588.6247361,0.00057506561279296875,0.034609879067047558,0.034801865284766934,0,-0.024609142453120049,0.38664278919430384,-0.045430920429412401,0.054320999999999994,0.0010349999999999999,0.176649,-2.9386806747529324,1.2294448316898456,-2.9018367742433324,0.054292709581692175,0.0010329350553878285,0.17656623947250244,-0.32517270218443561,-0.048120418850813647,0.94442953100996085,-0.079467750940932808,0.99656238770114336,0.023415464543462976,-0.94230971040017508,-0.06743762087305985,-0.3278789059645637,8.7486665703735825e-05,3.0078339913973524e-05
0.82999897003173828,1790952588.629739,0.00060200691223144531,0.034609879067047558,0.034801865284766934,0,-0.024609142453120049,0.38664278919430384,-0.045430920429412401,0.054320999999999994,0.0010349999999999999,0.176649,-2.9386806747529324,1.2294448316898456,-2.9018367742433324,0.054292709581692175,0.0010329350553878285,0.17656623947250244,-0.32517270218443561,-0.048120418850813647,0.94442953100996085,-0.079467750940932808,0.99656238770114336,0.023415464543462976,-0.94230971040017508,-0.06743762087305985,-0.3278789059645637,8.7486665703735825e-05,3.0078339913973524e-05
0.83499693870544434,1790952588.634737,0.00057506561279296875,0.034609879067047558,0.034801865284766934,0,-0.024609142453120049,0.38664278919430384,-0.045430920429412401,0.054320999999999994,0.0010349999999999999,0.176649,-2.9386806747529324,1.2294448316898456,-2.9018367742433324,0.054292709581692175,0.0010329350553878285,0.17656623947250244,-0.32517270218443561,-0.048120418850813647,0.94442953100996085,-0.079467750940932808,0.99656238770114336,0.023415464543462976,-0.94230971040017508,-0.06743762087305985,-0.3278789059645637,8.7486665703735825e-05,3.0078339913973524e-05
0.83999896049499512,1790952588.639739,0.00060200691223144531,0.034609879067047558,0.034801865284766934,0,-0.024609142453120049,0.38664278919430384,-0.045430920429412401,0.054320999999999994,0.0010349999999999999,0.176649,-2.9386806747529324,1.2294448316898456,-2.9018367742433324,0.054292709581692175,0.0010329350553878285,0.17656623947250244,-0.32517270218443561,-0.048120418850813647,0.94442953100996085,-0.079467750940932808,0.99656238770114336,0.023415464543462976,-0.94230971040017508,-0.06743762087305985,-0.3278789059645637,8.7486665703735825e-05,3.0078339913973524e-05
0.84499692916870117,1790952588.644737,0.00057506561279296875,0.034609879067047558,0.034801865284766934,0,-0.024609142453120049,0.38664278919430384,-0.045430920429412401,0.054320999999999994,0.0010349999999999999,0.176649,-2.9386806747529324,1.2294448316898456,-2.9018367742433324,0.054292709581692175,0.0010329350553878285,0.17656623947250244,-0.32517270218443561,-0.048120418850813647,0.94442953100996085,-0.079467750940932808,0.99656238770114336,0.023415464543462976,-0.94230971040017508,-0.06743762087305985,-0.3278789059645637,8.7486665703735825e-05,3.0078339913973524e-05
0.84999799728393555,1790952588.6497381,0.00060009956359863281,0.034609879067047558,0.034801865284766934,0,-0.024609142453120049,0.38664278919430384,-0.045430920429412401,0.054320999999999994,0.0010349999999999999,0.176649,-2.9386806747529324,1.2294448316898456,-2.9018367742433324,0.054292709581692175,0.0010329350553878285,0.17656623947250244,-0.32517270218443561,-0.048120418850813647,0.94442953100996085,-0.079467750940932808,0.99656238770114336,0.023415464543462976,-0.94230971040017508,-0.06743762087305985,-0.3278789059645637,8.7486665703735825e-05,3.0078339913973524e-05
0.85499691963195801,1790952588.654737,0.000576019287109375,0.034609879067047558,0.034801865284766934,0,-0.024609142453120049,0.38664278919430384,-0.045430920429412401,0.054320999999999994,0.0010349999999999999,0.176649,-2.9386806747529324,1.2294448316898456,-2.9018367742433324,0.054292709581692175,0.0010329350553878285,0.17656623947250244,-0.32517270218443561,-0.048120418850813647,0.94442953100996085,-0.079467750940932808,0.99656238770114336,0.023415464543462976,-0.94230971040017508,-0.06743762087305985,-0.3278789059645637,8.7486665703735825e-05,3.0078339913973524e-05
0.85999584197998047,1790952588.6597359,0.00059795379638671875,0.034609879067047558,0.034801865284766934,0,-0.024609142453120049,0.38664278919430384,-0.045430920429412401,0.054320999999999994,0.0010349999999999999,0.176649,-2.9386806747529324,1.2294448316898456,-2.9018367742433324,0.054292709581692175,0.0010329350553878285,0.17656623947250244,-0.32517270218443561,-0.048120418850813647,0.94442953100996085,-0.079467750940932808,0.99656238770114336,0.023415464543462976,-0.94230971040017508,-0.06743762087305985,-0.3278789059645637,8.7486665703735825e-05,3.0078339913973524e-05
0.86502194404602051,1790952588.664762,0.00062298774719238281,0.034609879067047558,0.034801865284766934,0,-0.024609142453120049,0.38664278919430384,-0.045430920429412401,0.054320999999999994,0.0010349999999999999,0.176649,-2.9386806747529324,1.2294448316898456,-2.9018367742433324,0.054292709581692175,0.0010329350553878285,0.17656623947250244,-0.32517270218443561,-0.048120418850813647,0.94442953100996085,-0.079467750940932808,0.99656238770114336,0.023415464543462976,-0.94230971040017508,-0.06743762087305985,-0.3278789059645637,8.7486665703735825e-05,3.0078339913973524e-05
0.8699958324432373,1790952588.6697359,0.00059986114501953125,0.034609879067047558,0.034801865284766934,0,-0.024609142453120049,0.38664278919430384,-0.045430920429412401,0.054320999999999994,0.0010349999999999999,0.176649,-2.9386806747529324,1.2294448316898456,-2.9018367742433324,0.054292709581692175,0.0010329350553878285,0.17656623947250244,-0.32517270218443561,-0.048120418850813647,0.94442953100996085,-0.079467750940932808,0.99656238770114336,0.023415464543462976,-0.94230971040017508,-0.06743762087305985,-0.3278789059645637,8.7486665703735825e-05,3.0078339913973524e-05
0.87499690055847168,1790952588.674737,0.00060105323791503906,0.034609879067047558,0.034801865284766934,0,-0.024609142453120049,0.38664278919430384,-0.045430920429412401,0.054320999999999994,0.0010349999999999999,0.176649,-2.9386806747529324,1.2294448316898456,-2.9018367742433324,0.054292709581692175,0.0010329350553878285,0.17656623947250244,-0.32517270218443561,-0.048120418850813647,0.94442953100996085,-0.079467750940932808,0.99656238770114336,0.023415464543462976,-0.94230971040017508,-0.06743762087305985,-0.3278789059645637,8.7486665703735825e-05,3.0078339913973524e-05
0.87999582290649414,1790952588.6797359,0.00059986114501953125,0.034609879067047558,0.034801865284766934,0,-0.024609142453120049,0.38664278919430384,-0.045430920429412401,0.054320999999999994,0.0010349999999999999,0.176649,-2.9386806747529324,1.2294448316898456,-2.9018367742433324,0.054292709581692175,0.0010329350553878285,0.17656623947250244,-0.32517270218443561,-0.048120418850813647,0.94442953100996085,-0.079467750940932808,0.99656238770114336,0.023415464543462976,-0.94230971040017508,-0.06743762087305985,-0.3278789059645637,8.7486665703735825e-05,3.0078339913973524e-05
0.88502001762390137,1790952588.6847601,0.00061917304992675781,0.034609879067047558,0.034801865284766934,0,-0.024609142453120049,0.38664278919430384,-0.045430920429412401,0.054320999999999994,0.0010349999999999999,0.176649,-2.9386806747529324,1.2294448316898456,-2.9018367742433324,0.054292709581692175,0.0010329350553878285,0.17656623947250244,-0.32517270218443561,-0.048120418850813647,0.94442953100996085,-0.079467750940932808,0.99656238770114336,0.023415464543462976,-0.94230971040017508,-0.06743762087305985,-0.3278789059645637,8.7486665703735825e-05,3.0078339913973524e-05
0.88999700546264648,1790952588.6897371,0.00060200691223144531,0.034609879067047558,0.034801865284766934,0,-0.024609142453120049,0.38664278919430384,-0.045430920429412401,0.054320999999999994,0.0010349999999999999,0.176649,-2.9386806747529324,1.2294448316898456,-2.9018367742433324,0.054292709581692175,0.0010329350553878285,0.17656623947250244,-0.32517270218443561,-0.048120418850813647,0.94442953100996085,-0.079467750940932808,0.99656238770114336,0.023415464543462976,-0.94230971040017508,-0.06743762087305985,-0.3278789059645637,8.7486665703735825e-05,3.0078339913973524e-05
0.89499688148498535,1790952588.694737,0.00057506561279296875,0.034609879067047558,0.034801865284766934,0,-0.024609142453120049,0.38664278919430384,-0.045430920429412401,0.054320999999999994,0.0010349999999999999,0.176649,-2.9386806747529324,1.2294448316898456,-2.9018367742433324,0.054292709581692175,0.0010329350553878285,0.17656623947250244,-0.32517270218443561,-0.048120418850813647,0.94442953100996085,-0.079467750940932808,0.99656238770114336,0.023415464543462976,-0.94230971040017508,-0.06743762087305985,-0.3278789059645637,8.7486665703735825e-05,3.0078339913973524e-05
0.89999604225158691,1790952588.6997361,0.00060009956359863281,0.034609879067047558,0.034801865284766934,0,-0.024609142453120049,0.38664278919430384,-0.045430920429412401,0.054320999999999994,0.0010349999999999999,0.176649,-2.9386806747529324,1.2294448316898456,-2.9018367742433324,0.054292709581692175,0.0010329350553878285,0.17656623947250244,-0.32517270218443561,-0.048120418850813647,0.94442953100996085,-0.079467750940932808,0.99656238770114336,0.023415464543462976,-0.94230971040017508,-0.06743762087305985,-0.3278789059645637,8.7486665703735825e-05,3.0078339913973524e-05
0.90499591827392578,1790952588.704736,0.00060009956359863281,0.034609879067047558,0.034801865284766934,0,-0.024609142453120049,0.38664278919430384,-0.045430920429412401,0.054320999999999994,0.0010349999999999999,0.176649,-2.9386806747529324,1.2294448316898456,-2.9018367742433324,0.054292709581692175,0.0010329350553878285,0.17656623947250244,-0.32517270218443561,-0.048120418850813647,0.94442953100996085,-0.079467750940932808,0.99656238770114336,0.023415464543462976,-0.94230971040017508,-0.06743762087305985,-0.3278789059645637,8.7486665703735825e-05,3.0078339913973524e-05
0.90999794006347656,1790952588.709738,0.00059795379638671875,0.034609879067047558,0.034801865284766934,0,-0.024609142453120049,0.38664278919430384,-0.045430920429412401,0.054320999999999994,0.0010349999999999999,0.176649,-2.9386806747529324,1.2294448316898456,-2.9018367742433324,0.054292709581692175,0.0010329350553878285,0.17656623947250244,-0.32517270218443561,-0.048120418850813647,0.94442953100996085,-0.079467750940932808,0.99656238770114336,0.023415464543462976,-0.94230971040017508,-0.06743762087305985,-0.3278789059645637,8.7486665703735825e-05,3.0078339913973524e-05
0.91499590873718262,1790952588.714736,0.00060009956359863281,0.034609879067047558,0.034801865284766934,0,-0.024609142453120049,0.38664278919430384,-0.045430920429412401,0.054320999999999994,0.0010349999999999999,0.176649,-2.9386806747529324,1.2294448316898456,-2.9018367742433324,0.054292709581692175,0.0010329350553878285,0.17656623947250244,-0.32517270218443561,-0.048120418850813647,0.94442953100996085,-0.079467750940932808,0.99656238770114336,0.023415464543462976,-0.94230971040017508,-0.06743762087305985,-0.3278789059645637,8.7486665703735825e-05,3.0078339913973524e-05
0.91999697685241699,1790952588.7197371,0.00060105323791503906,0.034609879067047558,0.034801865284766934,0,-0.024609142453120049,0.38664278919430384,-0.045430920429412401,0.054320999999999994,0.0010349999999999999,0.176649,-2.9386806747529324,1.2294448316898456,-2.9018367742433324,0.054292709581692175,0.0010329350553878285,0.17656623947250244,-0.32517270218443561,-0.048120418850813647,0.94442953100996085,-0.079467750940932808,0.99656238770114336,0.023415464543462976,-0.94230971040017508,-0.06743762087305985,-0.3278789059645637,8.7486665703735825e-05,3.0078339913973524e-05
0.92501997947692871,1790952588.7247601,0.0005970001220703125,0.034609879067047558,0.034801865284766934,0,-0.024609142453120049,0.38664278919430384,-0.045430920429412401,0.054320999999999994,0.0010349999999999999,0.176649,-2.9386806747529324,1.2294448316898456,-2.9018367742433324,0.054292709581692175,0.0010329350553878285,0.17656623947250244,-0.32517270218443561,-0.048120418850813647,0.94442953100996085,-0.079467750940932808,0.99656238770114336,0.023415464543462976,-0.94230971040017508,-0.06743762087305985,-0.3278789059645637,8.7486665703735825e-05,3.0078339913973524e-05
0.92999696731567383,1790952588.729737,0.00060200691223144531,0.034609879067047558,0.034801865284766934,0,-0.024609142453120049,0.38664278919430384,-0.045430920429412401,0.054320999999999994,0.0010349999999999999,0.176649,-2.9386806747529324,1.2294448316898456,-2.9018367742433324,0.054292709581692175,0.0010329350553878285,0.17656623947250244,-0.32517270218443561,-0.048120418850813647,0.94442953100996085,-0.079467750940932808,0.99656238770114336,0.023415464543462976,-0.94230971040017508,-0.06743762087305985,-0.3278789059645637,8.7486665703735825e-05,3.0078339913973524e-05
0.93502187728881836,1790952588.734762,0.00062298774719238281,0.034609879067047558,0.034801865284766934,0,-0.024609142453120049,0.38664278919430384,-0.045430920429412401,0.054320999999999994,0.0010349999999999999,0.176649,-2.9386806747529324,1.2294448316898456,-2.9018367742433324,0.054292709581692175,0.0010329350553878285,0.17656623947250244,-0.32517270218443561,-0.048120418850813647,0.94442953100996085,-0.079467750940932808,0.99656238770114336,0.023415464543462976,-0.94230971040017508,-0.06743762087305985,-0.3278789059645637,8.7486665703735825e-05,3.0078339913973524e-05
0.93999481201171875,1790952588.7397349,0.00059485435485839844,0.034609879067047558,0.034801865284766934,0,-0.024609142453120049,0.38664278919430384,-0.045430920429412401,0.054320999999999994,0.0010349999999999999,0.176649,-2.9386806747529324,1.2294448316898456,-2.9018367742433324,0.054292709581692175,0.0010329350553878285,0.17656623947250244,-0.32517270218443561,-0.048120418850813647,0.94442953100996085,-0.079467750940932808,0.99656238770114336,0.023415464543462976,-0.94230971040017508,-0.06743762087305985,-0.3278789059645637,8.7486665703735825e-05,3.0078339913973524e-05
0.94502091407775879,1790952588.744761,0.00062608718872070312,0.034609879067047558,0.034801865284766934,0,-0.024609142453120049,0.38664278919430384,-0.045430920429412401,0.054320999999999994,0.0010349999999999999,0.176649,-2.9386806747529324,1.2294448316898456,-2.9018367742433324,0.054292709581692175,0.0010329350553878285,0.17656623947250244,-0.32517270218443561,-0.048120418850813647,0.94442953100996085,-0.079467750940932808,0.99656238770114336,0.023415464543462976,-0.94230971040017508,-0.06743762087305985,-0.3278789059645637,8.7486665703735825e-05,3.0078339913973524e-05
0.94999504089355469,1790952588.7497351,0.00059604644775390625,0.034609879067047558,0.034801865284766934,0,-0.024609142453120049,0.38664278919430384,-0.045430920429412401,0.054320999999999994,0.0010349999999999999,0.176649,-2.9386806747529324,1.2294448316898456,-2.9018367742433324,0.054292709581692175,0.0010329350553878285,0.17656623947250244,-0.32517270218443561,-0.048120418850813647,0.94442953100996085,-0.079467750940932808,0.99656238770114336,0.023415464543462976,-0.94230971040017508,-0.06743762087305985,-0.3278789059645637,8.7486665703735825e-05,3.0078339913973524e-05
0.95499587059020996,1790952588.7547359,0.000576019287109375,0.034609879067047558,0.034801865284766934,0,-0.024609142453120049,0.38664278919430384,-0.045430920429412401,0.054320999999999994,0.0010349999999999999,0.176649,-2.9386806747529324,1.2294448316898456,-2.9018367742433324,0.054292709581692175,0.0010329350553878285,0.17656623947250244,-0.32517270218443561,-0.048120418850813647,0.94442953100996085,-0.079467750940932808,0.99656238770114336,0.023415464543462976,-0.94230971040017508,-0.06743762087305985,-0.3278789059645637,8.7486665703735825e-05,3.0078339913973524e-05
0.96001601219177246,1790952588.7597561,0.00062108039855957031,0.034609879067047558,0.034801865284766934,0,-0.024609142453120049,0.38664278919430384,-0.045430920429412401,0.054320999999999994,0.0010349999999999999,0.176649,-2.9386806747529324,1.2294448316898456,-2.9018367742433324,0.054292709581692175,0.0010329350553878285,0.17656623947250244,-0.32517270218443561,-0.048120418850813647,0.94442953100996085,-0.079467750940932808,0.99656238770114336,0.023415464543462976,-0.94230971040017508,-0.06743762087305985,-0.3278789059645637,8.7486665703735825e-05,3.0078339913973524e-05
0.96500086784362793,1790952588.7647409,0.00060486793518066406,0.034609879067047558,0.034801865284766934,0,-0.024609142453120049,0.38664278919430384,-0.045430920429412401,0.054320999999999994,0.0010349999999999999,0.176649,-2.9386806747529324,1.2294448316898456,-2.9018367742433324,0.054292709581692175,0.0010329350553878285,0.17656623947250244,-0.32517270218443561,-0.048120418850813647,0.94442953100996085,-0.079467750940932808,0.99656238770114336,0.023415464543462976,-0.94230971040017508,-0.06743762087305985,-0.3278789059645637,8.7486665703735825e-05,3.0078339913973524e-05
0.96999597549438477,1790952588.7697361,0.00059914588928222656,0.034609879067047558,0.034801865284766934,0,-0.024609142453120049,0.38664278919430384,-0.045430920429412401,0.054320999999999994,0.0010349999999999999,0.176649,-2.9386806747529324,1.2294448316898456,-2.9018367742433324,0.054292709581692175,0.0010329350553878285,0.17656623947250244,-0.32517270218443561,-0.048120418850813647,0.94442953100996085,-0.079467750940932808,0.99656238770114336,0.023415464543462976,-0.94230971040017508,-0.06743762087305985,-0.3278789059645637,8.7486665703735825e-05,3.0078339913973524e-05
0.97501993179321289,1790952588.77476,0.00061893463134765625,0.034609879067047558,0.034801865284766934,0,-0.024609142453120049,0.38664278919430384,-0.045430920429412401,0.054320999999999994,0.0010349999999999999,0.176649,-2.9386806747529324,1.2294448316898456,-2.9018367742433324,0.054292709581692175,0.0010329350553878285,0.17656623947250244,-0.32517270218443561,-0.048120418850813647,0.94442953100996085,-0.079467750940932808,0.99656238770114336,0.023415464543462976,-0.94230971040017508,-0.06743762087305985,-0.3278789059645637,8.7486665703735825e-05,3.0078339913973524e-05
0.9799950122833252,1790952588.7797351,0.00060009956359863281,0.034609879067047558,0.034801865284766934,0,-0.024609142453120049,0.38664278919430384,-0.045430920429412401,0.054320999999999994,0.0010349999999999999,0.176649,-2.9386806747529324,1.2294448316898456,-2.9018367742433324,0.054292709581692175,0.0010329350553878285,0.17656623947250244,-0.32517270218443561,-0.048120418850813647,0.94442953100996085,-0.079467750940932808,0.99656238770114336,0.023415464543462976,-0.94230971040017508,-0.06743762087305985,-0.3278789059645637,8.7486665703735825e-05,3.0078339913973524e-05
0.98502087593078613,1790952588.784761,0.0006198883056640625,0.034609879067047558,0.034801865284766934,0,-0.024609142453120049,0.38664278919430384,-0.045430920429412401,0.054320999999999994,0.0010349999999999999,0.176649,-2.9386806747529324,1.2294448316898456,-2.9018367742433324,0.054292709581692175,0.0010329350553878285,0.17656623947250244,-0.32517270218443561,-0.048120418850813647,0.94442953100996085,-0.079467750940932808,0.99656238770114336,0.023415464543462976,-0.94230971040017508,-0.06743762087305985,-0.3278789059645637,8.7486665703735825e-05,3.0078339913973524e-05
0.99000000953674316,1790952588.7897401,0.00060510635375976562,0.034609879067047558,0.034801865284766934,0,-0.024609142453120049,0.38664278919430384,-0.045430920429412401,0.054320999999999994,0.0010349999999999999,0.176649,-2.9386806747529324,1.2294448316898456,-2.9018367742433324,0.054292709581692175,0.0010329350553878285,0.17656623947250244,-0.32517270218443561,-0.048120418850813647,0.94442953100996085,-0.079467750940932808,0.99656238770114336,0.023415464543462976,-0.94230971040017508,-0.06743762087305985,-0.3278789059645637,8.7486665703735825e-05,3.0078339913973524e-05
0.99501991271972656,1790952588.79476,0.00062489509582519531,0.034609879067047558,0.034801865284766934,0,-0.024609142453120049,0.38664278919430384,-0.045430920429412401,0.054320999999999994,0.0010349999999999999,0.176649,-2.9386806747529324,1.2294448316898456,-2.9018367742433324,0.054292709581692175,0.0010329350553878285,0.17656623947250244,-0.32517270218443561,-0.048120418850813647,0.94442953100996085,-0.079467750940932808,0.99656238770114336,0.023415464543462976,-0.94230971040017508,-0.06743762087305985,-0.3278789059645637,8.7486665703735825e-05,3.0078339913973524e-05
0.99999499320983887,1790952588.7997351,0.00059795379638671875,0.034609879067047558,0.034801865284766934,0,-0.024609142453120049,0.38664278919430384,-0.045430920429412401,0.054320999999999994,0.0010349999999999999,0.176649,-2.9386806747529324,1.2294448316898456,-2.9018367742433324,0.054292709581692175,0.0010329350553878285,0.17656623947250244,-0.32517270218443561,-0.048120418850813647,0.94442953100996085,-0.079467750940932808,0.99656238770114336,0.023415464543462976,-0.94230971040017508,-0.06743762087305985,-0.3278789059645637,8.7486665703735825e-05,3.0078339913973524e-05
1.0049970149993896,1790952588.8047371,0.00059819221496582031,0.034609879067047558,0.034801865284766934,0,-0.024609142453120049,0.38664278919430384,-0.045430920429412401,0.054320999999999994,0.0010349999999999999,0.176649,-2.9386806747529324,1.2294448316898456,-2.9018367742433324,0.054292709581692175,0.0010329350553878285,0.17656623947250244,-0.32517270218443561,-0.048120418850813647,0.94442953100996085,-0.079467750940932808,0.99656238770114336,0.023415464543462976,-0.94230971040017508,-0.06743762087305985,-0.3278789059645637,8.7486665703735825e-05,3.0078339913973524e-05
1.0099978446960449,1790952588.8097379,0.0006008148193359375,0.034609879067047558,0.034801865284766934,0,-0.024609142453120049,0.38664278919430384,-0.045430920429412401,0.054320999999999994,0.0010349999999999999,0.176649,-2.9386806747529324,1.2294448316898456,-2.9018367742433324,0.054292709581692175,0.0010329350553878285,0.17656623947250244,-0.32517270218443561,-0.048120418850813647,0.94442953100996085,-0.079467750940932808,0.99656238770114336,0.023415464543462976,-0.94230971040017508,-0.06743762087305985,-0.3278789059645637,8.7486665703735825e-05,3.0078339913973524e-05
1.0150198936462402,1790952588.81476,0.00062108039855957031,0.034609879067047558,0.034801865284766934,0,-0.024609142453120049,0.38664278919430384,-0.045430920429412401,0.054320999999999994,0.0010349999999999999,0.176649,-2.9386806747529324,1.2294448316898456,-2.9018367742433324,0.054292709581692175,0.0010329350553878285,0.17656623947250244,-0.32517270218443561,-0.048120418850813647,0.94442953100996085,-0.079467750940932808,0.99656238770114336,0.023415464543462976,-0.94230971040017508,-0.06743762087305985,-0.3278789059645637,8.7486665703735825e-05,3.0078339913973524e-05
1.0199949741363525,1790952588.8197351,0.00059914588928222656,0.034609879067047558,0.034801865284766934,0,-0.024609142453120049,0.38664278919430384,-0.045430920429412401,0.054320999999999994,0.0010349999999999999,0.176649,-2.9386806747529324,1.2294448316898456,-2.9018367742433324,0.054292709581692175,0.0010329350553878285,0.17656623947250244,-0.32517270218443561,-0.048120418850813647,0.94442953100996085,-0.079467750940932808,0.99656238770114336,0.023415464543462976,-0.94230971040017508,-0.06743762087305985,-0.3278789059645637,8.7486665703735825e-05,3.0078339913973524e-05
1.0249948501586914,1790952588.8247349,0.00057482719421386719,0.034609879067047558,0.034801865284766934,0,-0.024609142453120049,0.38664278919430384,-0.045430920429412401,0.054320999999999994,0.0010349999999999999,0.176649,-2.9386806747529324,1.2294448316898456,-2.9018367742433324,0.054292709581692175,0.0010329350553878285,0.17656623947250244,-0.32517270218443561,-0.048120418850813647,0.94442953100996085,-0.079467750940932808,0.99656238770114336,0.023415464543462976,-0.94230971040017508,-0.06743762087305985,-0.3278789059645637,8.7486665703735825e-05,3.0078339913973524e-05
1.0299959182739258,1790952588.829736,0.00060105323791503906,0.034609879067047558,0.034801865284766934,0,-0.024609142453120049,0.38664278919430384,-0.045430920429412401,0.054320999999999994,0.0010349999999999999,0.176649,-2.9386806747529324,1.2294448316898456,-2.9018367742433324,0.054292709581692175,0.0010329350553878285,0.17656623947250244,-0.32517270218443561,-0.048120418850813647,0.94442953100996085,-0.079467750940932808,0.99656238770114336,0.023415464543462976,-0.94230971040017508,-0.06743762087305985,-0.3278789059645637,8.7486665703735825e-05,3.0078339913973524e-05
1.0349948406219482,1790952588.8347349,0.00057101249694824219,0.034609879067047558,0.034801865284766934,0,-0.024609142453120049,0.38664278919430384,-0.045430920429412401,0.054320999999999994,0.0010349999999999999,0.176649,-2.9386806747529324,1.2294448316898456,-2.9018367742433324,0.054292709581692175,0.0010329350553878285,0.17656623947250244,-0.32517270218443561,-0.048120418850813647,0.94442953100996085,-0.079467750940932808,0.99656238770114336,0.023415464543462976,-0.94230971040017508,-0.06743762087305985,-0.3278789059645637,8.7486665703735825e-05,3.0078339913973524e-05
1.0399990081787109,1790952588.8397391,0.00060009956359863281,0.034609879067047558,0.034801865284766934,0,-0.024609142453120049,0.38664278919430384,-0.045430920429412401,0.054320999999999994,0.0010349999999999999,0.176649,-2.9386806747529324,1.2294448316898456,-2.9018367742433324,0.054292709581692175,0.0010329350553878285,0.17656623947250244,-0.32517270218443561,-0.048120418850813647,0.94442953100996085,-0.079467750940932808,0.99656238770114336,0.023415464543462976,-0.94230971040017508,-0.06743762087305985,-0.3278789059645637,8.7486665703735825e-05,3.0078339913973524e-05
1.0449960231781006,1790952588.8447361,0.00057506561279296875,0.034609879067047558,0.034801865284766934,0,-0.024609142453120049,0.38664278919430384,-0.045430920429412401,0.054320999999999994,0.0010349999999999999,0.176649,-2.9386806747529324,1.2294448316898456,-2.9018367742433324,0.054292709581692175,0.0010329350553878285,0.17656623947250244,-0.32517270218443561,-0.048120418850813647,0.94442953100996085,-0.079467750940932808,0.99656238770114336,0.023415464543462976,-0.94230971040017508,-0.06743762087305985,-0.3278789059645637,8.7486665703735825e-05,3.0078339913973524e-05
1.0499958992004395,1790952588.849736,0.00059986114501953125,0.034609879067047558,0.034801865284766934,0,-0.024609142453120049,0.38664278919430384,-0.045430920429412401,0.054320999999999994,0.0010349999999999999,0.176649,-2.9386806747529324,1.2294448316898456,-2.9018367742433324,0.054292709581692175,0.0010329350553878285,0.17656623947250244,-0.32517270218443561,-0.048120418850813647,0.94442953100996085,-0.079467750940932808,0.99656238770114336,0.023415464543462976,-0.94230971040017508,-0.06743762087305985,-0.3278789059645637,8.7486665703735825e-05,3.0078339913973524e-05
1.0549960136413574,1790952588.8547361,0.000576019287109375,0.034609879067047558,0.034801865284766934,0,-0.024609142453120049,0.38664278919430384,-0.045430920429412401,0.054320999999999994,0.0010349999999999999,0.176649,-2.9386806747529324,1.2294448316898456,-2.9018367742433324,0.054292709581692175,0.0010329350553878285,0.17656623947250244,-0.32517270218443561,-0.048120418850813647,0.94442953100996085,-0.079467750940932808,0.99656238770114336,0.023415464543462976,-0.94230971040017508,-0.06743762087305985,-0.3278789059645637,8.7486665703735825e-05,3.0078339913973524e-05
1.0599989891052246,1790952588.8597391,0.00060296058654785156,0.034609879067047558,0.034801865284766934,0,-0.024609142453120049,0.38664278919430384,-0.045430920429412401,0.054320999999999994,0.0010349999999999999,0.176649,-2.9386806747529324,1.2294448316898456,-2.9018367742433324,0.054292709581692175,0.0010329350553878285,0.17656623947250244,-0.32517270218443561,-0.048120418850813647,0.94442953100996085,-0.079467750940932808,0.99656238770114336,0.023415464543462976,-0.94230971040017508,-0.06743762087305985,-0.3278789059645637,8.7486665703735825e-05,3.0078339913973524e-05
1.0649960041046143,1790952588.8647361,0.00060009956359863281,0.034609879067047558,0.034801865284766934,0,-0.024609142453120049,0.38664278919430384,-0.045430920429412401,0.054320999999999994,0.0010349999999999999,0.176649,-2.9386806747529324,1.2294448316898456,-2.9018367742433324,0.054292709581692175,0.0010329350553878285,0.17656623947250244,-0.32517270218443561,-0.048120418850813647,0.94442953100996085,-0.079467750940932808,0.99656238770114336,0.023415464543462976,-0.94230971040017508,-0.06743762087305985,-0.3278789059645637,8.7486665703735825e-05,3.0078339913973524e-05
1.0699958801269531,1790952588.869736,0.00059795379638671875,0.034609879067047558,0.034801865284766934,0,-0.024609142453120049,0.38664278919430384,-0.045430920429412401,0.054320999999999994,0.0010349999999999999,0.176649,-2.9386806747529324,1.2294448316898456,-2.9018367742433324,0.054292709581692175,0.0010329350553878285,0.17656623947250244,-0.32517270218443561,-0.048120418850813647,0.94442953100996085,-0.079467750940932808,0.99656238770114336,0.023415464543462976,-0.94230971040017508,-0.06743762087305985,-0.3278789059645637,8.7486665703735825e-05,3.0078339913973524e-05
1.0749959945678711,1790952588.8747361,0.00057506561279296875,0.034609879067047558,0.034801865284766934,0,-0.024609142453120049,0.38664278919430384,-0.045430920429412401,0.054320999999999994,0.0010349999999999999,0.176649,-2.9386806747529324,1.2294448316898456,-2.9018367742433324,0.054292709581692175,0.0010329350553878285,0.17656623947250244,-0.32517270218443561,-0.048120418850813647,0.94442953100996085,-0.079467750940932808,0.99656238770114336,0.023415464543462976,-0.94230971040017508,-0.06743762087305985,-0.3278789059645637,8.7486665703735825e-05,3.0078339913973524e-05
1.07999587059021,1790952588.8797359,0.00059199333190917969,0.034609879067047558,0.034801865284766934,0,-0.024609142453120049,0.38664278919430384,-0.045430920429412401,0.054320999999999994,0.0010349999999999999,0.176649,-2.9386806747529324,1.2294448316898456,-2.9018367742433324,0.054292709581692175,0.0010329350553878285,0.17656623947250244,-0.32517270218443561,-0.048120418850813647,0.94442953100996085,-0.079467750940932808,0.99656238770114336,0.023415464543462976,-0.94230971040017508,-0.06743762087305985,-0.3278789059645637,8.7486665703735825e-05,3.0078339913973524e-05
1.0850238800048828,1790952588.884764,0.00059604644775390625,0.034609879067047558,0.034801865284766934,0,-0.024609142453120049,0.38664278919430384,-0.045430920429412401,0.054320999999999994,0.0010349999999999999,0.176649,-2.9386806747529324,1.2294448316898456,-2.9018367742433324,0.054292709581692175,0.0010329350553878285,0.17656623947250244,-0.32517270218443561,-0.048120418850813647,0.94442953100996085,-0.079467750940932808,0.99656238770114336,0.023415464543462976,-0.94230971040017508,-0.06743762087305985,-0.3278789059645637,8.7486665703735825e-05,3.0078339913973524e-05
1.0899958610534668,1790952588.8897359,0.00059986114501953125,0.034609879067047558,0.034801865284766934,0,-0.024609142453120049,0.38664278919430384,-0.045430920429412401,0.054320999999999994,0.0010349999999999999,0.176649,-2.9386806747529324,1.2294448316898456,-2.9018367742433324,0.054292709581692175,0.0010329350553878285,0.17656623947250244,-0.32517270218443561,-0.048120418850813647,0.94442953100996085,-0.079467750940932808,0.99656238770114336,0.023415464543462976,-0.94230971040017508,-0.06743762087305985,-0.3278789059645637,8.7486665703735825e-05,3.0078339913973524e-05
1.0950229167938232,1790952588.894763,0.00062799453735351562,0.034609879067047558,0.034801865284766934,0,-0.024609142453120049,0.38664278919430384,-0.045430920429412401,0.054320999999999994,0.0010349999999999999,0.176649,-2.9386806747529324,1.2294448316898456,-2.9018367742433324,0.054292709581692175,0.0010329350553878285,0.17656623947250244,-0.32517270218443561,-0.048120418850813647,0.94442953100996085,-0.079467750940932808,0.99656238770114336,0.023415464543462976,-0.94230971040017508,-0.06743762087305985,-0.3278789059645637,8.7486665703735825e-05,3.0078339913973524e-05
1.0999958515167236,1790952588.8997359,0.0006008148193359375,0.034609879067047558,0.034801865284766934,0,-0.024609142453120049,0.38664278919430384,-0.045430920429412401,0.054320999999999994,0.0010349999999999999,0.176649,-2.9386806747529324,1.2294448316898456,-2.9018367742433324,0.054292709581692175,0.0010329350553878285,0.17656623947250244,-0.32517270218443561,-0.048120418850813647,0.94442953100996085,-0.079467750940932808,0.99656238770114336,0.023415464543462976,-0.94230971040017508,-0.06743762087305985,-0.3278789059645637,8.7486665703735825e-05,3.0078339913973524e-05
1.1049959659576416,1790952588.904736,0.00057506561279296875,0.034609879067047558,0.034801865284766934,0,-0.024609142453120049,0.38664278919430384,-0.045430920429412401,0.054320999999999994,0.0010349999999999999,0.176649,-2.9386806747529324,1.2294448316898456,-2.9018367742433324,0.054292709581692175,0.0010329350553878285,0.17656623947250244,-0.32517270218443561,-0.048120418850813647,0.94442953100996085,-0.079467750940932808,0.99656238770114336,0.023415464543462976,-0.94230971040017508,-0.06743762087305985,-0.3278789059645637,8.7486665703735825e-05,3.0078339913973524e-05
1.1099958419799805,1790952588.9097359,0.0006008148193359375,0.034609879067047558,0.034801865284766934,0,-0.024609142453120049,0.38664278919430384,-0.045430920429412401,0.054320999999999994,0.0010349999999999999,0.176649,-2.9386806747529324,1.2294448316898456,-2.9018367742433324,0.054292709581692175,0.0010329350553878285,0.17656623947250244,-0.32517270218443561,-0.048120418850813647,0.94442953100996085,-0.079467750940932808,0.99656238770114336,0.023415464543462976,-0.94230971040017508,-0.06743762087305985,-0.3278789059645637,8.7486665703735825e-05,3.0078339913973524e-05
1.1149978637695312,1790952588.9147379,0.00059604644775390625,0.034609879067047558,0.034801865284766934,0,-0.024609142453120049,0.38664278919430384,-0.045430920429412401,0.054320999999999994,0.0010349999999999999,0.176649,-2.9386806747529324,1.2294448316898456,-2.9018367742433324,0.054292709581692175,0.0010329350553878285,0.17656623947250244,-0.32517270218443561,-0.048120418850813647,0.94442953100996085,-0.079467750940932808,0.99656238770114336,0.023415464543462976,-0.94230971040017508,-0.06743762087305985,-0.3278789059645637,8.7486665703735825e-05,3.0078339913973524e-05
1.1199979782104492,1790952588.9197381,0.00059795379638671875,0.034609879067047558,0.034801865284766934,0,-0.024609142453120049,0.38664278919430384,-0.045430920429412401,0.054320999999999994,0.0010349999999999999,0.176649,-2.9386806747529324,1.2294448316898456,-2.9018367742433324,0.054292709581692175,0.0010329350553878285,0.17656623947250244,-0.32517270218443561,-0.048120418850813647,0.94442953100996085,-0.079467750940932808,0.99656238770114336,0.023415464543462976,-0.94230971040017508,-0.06743762087305985,-0.3278789059645637,8.7486665703735825e-05,3.0078339913973524e-05
1.1250209808349609,1790952588.9247611,0.00062298774719238281,0.034609879067047558,0.034801865284766934,0,-0.024609142453120049,0.38664278919430384,-0.045430920429412401,0.054320999999999994,0.0010349999999999999,0.176649,-2.9386806747529324,1.2294448316898456,-2.9018367742433324,0.054292709581692175,0.0010329350553878285,0.17656623947250244,-0.32517270218443561,-0.048120418850813647,0.94442953100996085,-0.079467750940932808,0.99656238770114336,0.023415464543462976,-0.94230971040017508,-0.06743762087305985,-0.3278789059645637,8.7486665703735825e-05,3.0078339913973524e-05
1.1299958229064941,1790952588.9297359,0.000598907470703125,0.034609879067047558,0.034801865284766934,0,-0.024609142453120049,0.38664278919430384,-0.045430920429412401,0.054320999999999994,0.0010349999999999999,0.176649,-2.9386806747529324,1.2294448316898456,-2.9018367742433324,0.054292709581692175,0.0010329350553878285,0.17656623947250244,-0.32517270218443561,-0.048120418850813647,0.94442953100996085,-0.079467750940932808,0.99656238770114336,0.023415464543462976,-0.94230971040017508,-0.06743762087305985,-0.3278789059645637,8.7486665703735825e-05,3.0078339913973524e-05
1.1350228786468506,1790952588.934763,0.00061893463134765625,0.034609879067047558,0.034801865284766934,0,-0.024609142453120049,0.38664278919430384,-0.045430920429412401,0.054320999999999994,0.0010349999999999999,0.176649,-2.9386806747529324,1.2294448316898456,-2.9018367742433324,0.054292709581692175,0.0010329350553878285,0.17656623947250244,-0.32517270218443561,-0.048120418850813647,0.94442953100996085,-0.079467750940932808,0.99656238770114336,0.023415464543462976,-0.94230971040017508,-0.06743762087305985,-0.3278789059645637,8.7486665703735825e-05,3.0078339913973524e-05
1.1399948596954346,1790952588.9397349,0.00059485435485839844,0.034609879067047558,0.034801865284766934,0,-0.024609142453120049,0.38664278919430384,-0.045430920429412401,0.054320999999999994,0.0010349999999999999,0.176649,-2.9386806747529324,1.2294448316898456,-2.9018367742433324,0.054292709581692175,0.0010329350553878285,0.17656623947250244,-0.32517270218443561,-0.048120418850813647,0.94442953100996085,-0.079467750940932808,0.99656238770114336,0.023415464543462976,-0.94230971040017508,-0.06743762087305985,-0.3278789059645637,8.7486665703735825e-05,3.0078339913973524e-05
1.1449959278106689,1790952588.944736,0.00057506561279296875,0.034609879067047558,0.034801865284766934,0,-0.024609142453120049,0.38664278919430384,-0.045430920429412401,0.054320999999999994,0.0010349999999999999,0.176649,-2.9386806747529324,1.2294448316898456,-2.9018367742433324,0.054292709581692175,0.0010329350553878285,0.17656623947250244,-0.32517270218443561,-0.048120418850813647,0.94442953100996085,-0.079467750940932808,0.99656238770114336,0.023415464543462976,-0.94230971040017508,-0.06743762087305985,-0.3278789059645637,8.7486665703735825e-05,3.0078339913973524e-05
1.1499989032745361,1790952588.949739,0.00060296058654785156,0.034609879067047558,0.034801865284766934,0,-0.024609142453120049,0.38664278919430384,-0.045430920429412401,0.054320999999999994,0.0010349999999999999,0.176649,-2.9386806747529324,1.2294448316898456,-2.9018367742433324,0.054292709581692175,0.0010329350553878285,0.17656623947250244,-0.32517270218443561,-0.048120418850813647,0.94442953100996085,-0.079467750940932808,0.99656238770114336,0.023415464543462976,-0.94230971040017508,-0.06743762087305985,-0.3278789059645637,8.7486665703735825e-05,3.0078339913973524e-05
1.1550238132476807,1790952588.9547639,0.00060296058654785156,0.034609879067047558,0.034801865284766934,0,-0.024609142453120049,0.38664278919430384,-0.045430920429412401,0.054320999999999994,0.0010349999999999999,0.176649,-2.9386806747529324,1.2294448316898456,-2.9018367742433324,0.054292709581692175,0.0010329350553878285,0.17656623947250244,-0.32517270218443561,-0.048120418850813647,0.94442953100996085,-0.079467750940932808,0.99656238770114336,0.023415464543462976,-0.94230971040017508,-0.06743762087305985,-0.3278789059645637,8.7486665703735825e-05,3.0078339913973524e-05
1.1599969863891602,1790952588.9597371,0.00060296058654785156,0.034609879067047558,0.034801865284766934,0,-0.024609142453120049,0.38664278919430384,-0.045430920429412401,0.054320999999999994,0.0010349999999999999,0.176649,-2.9386806747529324,1.2294448316898456,-2.9018367742433324,0.054292709581692175,0.0010329350553878285,0.17656623947250244,-0.32517270218443561,-0.048120418850813647,0.94442953100996085,-0.079467750940932808,0.99656238770114336,0.023415464543462976,-0.94230971040017508,-0.06743762087305985,-0.3278789059645637,8.7486665703735825e-05,3.0078339913973524e-05
1.1649959087371826,1790952588.964736,0.000576019287109375,0.034609879067047558,0.034801865284766934,0,-0.024609142453120049,0.38664278919430384,-0.045430920429412401,0.054320999999999994,0.0010349999999999999,0.176649,-2.9386806747529324,1.2294448316898456,-2.9018367742433324,0.054292709581692175,0.0010329350553878285,0.17656623947250244,-0.32517270218443561,-0.048120418850813647,0.94442953100996085,-0.079467750940932808,0.99656238770114336,0.023415464543462976,-0.94230971040017508,-0.06743762087305985,-0.3278789059645637,8.7486665703735825e-05,3.0078339913973524e-05
1.169996976852417,1790952588.9697371,0.00059914588928222656,0.034609879067047558,0.034801865284766934,0,-0.024609142453120049,0.38664278919430384,-0.045430920429412401,0.054320999999999994,0.0010349999999999999,0.176649,-2.9386806747529324,1.2294448316898456,-2.9018367742433324,0.054292709581692175,0.0010329350553878285,0.17656623947250244,-0.32517270218443561,-0.048120418850813647,0.94442953100996085,-0.079467750940932808,0.99656238770114336,0.023415464543462976,-0.94230971040017508,-0.06743762087305985,-0.3278789059645637,8.7486665703735825e-05,3.0078339913973524e-05
1.1750218868255615,1790952588.974762,0.00062489509582519531,0.034609879067047558,0.034801865284766934,0,-0.024609142453120049,0.38664278919430384,-0.045430920429412401,0.054320999999999994,0.0010349999999999999,0.176649,-2.9386806747529324,1.2294448316898456,-2.9018367742433324,0.054292709581692175,0.0010329350553878285,0.17656623947250244,-0.32517270218443561,-0.048120418850813647,0.94442953100996085,-0.079467750940932808,0.99656238770114336,0.023415464543462976,-0.94230971040017508,-0.06743762087305985,-0.3278789059645637,8.7486665703735825e-05,3.0078339913973524e-05
1.1799960136413574,1790952588.9797361,0.00059819221496582031,0.034609879067047558,0.034801865284766934,0,-0.024609142453120049,0.38664278919430384,-0.045430920429412401,0.054320999999999994,0.0010349999999999999,0.176649,-2.9386806747529324,1.2294448316898456,-2.9018367742433324,0.054292709581692175,0.0010329350553878285,0.17656623947250244,-0.32517270218443561,-0.048120418850813647,0.94442953100996085,-0.079467750940932808,0.99656238770114336,0.023415464543462976,-0.94230971040017508,-0.06743762087305985,-0.3278789059645637,8.7486665703735825e-05,3.0078339913973524e-05
1.1850218772888184,1790952588.984762,0.00061583518981933594,0.034609879067047558,0.034801865284766934,0,-0.024609142453120049,0.38664278919430384,-0.045430920429412401,0.054320999999999994,0.0010349999999999999,0.176649,-2.9386806747529324,1.2294448316898456,-2.9018367742433324,0.054292709581692175,0.0010329350553878285,0.17656623947250244,-0.32517270218443561,-0.048120418850813647,0.94442953100996085,-0.079467750940932808,0.99656238770114336,0.023415464543462976,-0.94230971040017508,-0.06743762087305985,-0.3278789059645637,8.7486665703735825e-05,3.0078339913973524e-05
1.1899960041046143,1790952588.9897361,0.00060105323791503906,0.034609879067047558,0.034801865284766934,0,-0.024609142453120049,0.38664278919430384,-0.045430920429412401,0.054320999999999994,0.0010349999999999999,0.176649,-2.9386806747529324,1.2294448316898456,-2.9018367742433324,0.054292709581692175,0.0010329350553878285,0.17656623947250244,-0.32517270218443561,-0.048120418850813647,0.94442953100996085,-0.079467750940932808,0.99656238770114336,0.023415464543462976,-0.94230971040017508,-0.06743762087305985,-0.3278789059645637,8.7486665703735825e-05,3.0078339913973524e-05
1.1950209140777588,1790952588.994761,0.0005950927734375,0.034609879067047558,0.034801865284766934,0,-0.024609142453120049,0.38664278919430384,-0.045430920429412401,0.054320999999999994,0.0010349999999999999,0.176649,-2.9386806747529324,1.2294448316898456,-2.9018367742433324,0.054292709581692175,0.0010329350553878285,0.17656623947250244,-0.32517270218443561,-0.048120418850813647,0.94442953100996085,-0.079467750940932808,0.99656238770114336,0.023415464543462976,-0.94230971040017508,-0.06743762087305985,-0.3278789059645637,8.7486665703735825e-05,3.0078339913973524e-05
1.1999959945678711,1790952588.9997361,0.00060200691223144531,0.034609879067047558,0.034801865284766934,0,-0.024609142453120049,0.38664278919430384,-0.045430920429412401,0.054320999999999994,0.0010349999999999999,0.176649,-2.9386806747529324,1.2294448316898456,-2.9018367742433324,0.054292709581692175,0.0010329350553878285,0.17656623947250244,-0.32517270218443561,-0.048120418850813647,0.94442953100996085,-0.079467750940932808,0.99656238770114336,0.023415464543462976,-0.94230971040017508,-0.06743762087305985,-0.3278789059645637,8.7486665703735825e-05,3.0078339913973524e-05
1.2050209045410156,1790952589.004761,0.00060200691223144531,0.034609879067047558,0.034801865284766934,0,-0.024609142453120049,0.38664278919430384,-0.045430920429412401,0.054320999999999994,0.0010349999999999999,0.176649,-2.9386806747529324,1.2294448316898456,-2.9018367742433324,0.054292709581692175,0.0010329350553878285,0.17656623947250244,-0.32517270218443561,-0.048120418850813647,0.94442953100996085,-0.079467750940932808,0.99656238770114336,0.023415464543462976,-0.94230971040017508,-0.06743762087305985,-0.3278789059645637,8.7486665703735825e-05,3.0078339913973524e-05
1.2099959850311279,1790952589.0097361,0.00060200691223144531,0.034609879067047558,0.034801865284766934,0,-0.024609142453120049,0.38664278919430384,-0.045430920429412401,0.054320999999999994,0.0010349999999999999,0.176649,-2.9386806747529324,1.2294448316898456,-2.9018367742433324,0.054292709581692175,0.0010329350553878285,0.17656623947250244,-0.32517270218443561,-0.048120418850813647,0.94442953100996085,-0.079467750940932808,0.99656238770114336,0.023415464543462976,-0.94230971040017508,-0.06743762087305985,-0.3278789059645637,8.7486665703735825e-05,3.0078339913973524e-05
1.2150208950042725,1790952589.014761,0.00062108039855957031,0.034609879067047558,0.034801865284766934,0,-0.024609142453120049,0.38664278919430384,-0.045430920429412401,0.054320999999999994,0.0010349999999999999,0.176649,-2.9386806747529324,1.2294448316898456,-2.9018367742433324,0.054292709581692175,0.0010329350553878285,0.17656623947250244,-0.32517270218443561,-0.048120418850813647,0.94442953100996085,-0.079467750940932808,0.99656238770114336,0.023415464543462976,-0.94230971040017508,-0.06743762087305985,-0.3278789059645637,8.7486665703735825e-05,3.0078339913973524e-05
1.2199950218200684,1790952589.0197351,0.00059604644775390625,0.034609879067047558,0.034801865284766934,0,-0.024609142453120049,0.38664278919430384,-0.045430920429412401,0.054320999999999994,0.0010349999999999999,0.176649,-2.9386806747529324,1.2294448316898456,-2.9018367742433324,0.054292709581692175,0.0010329350553878285,0.17656623947250244,-0.32517270218443561,-0.048120418850813647,0.94442953100996085,-0.079467750940932808,0.99656238770114336,0.023415464543462976,-0.94230971040017508,-0.06743762087305985,-0.3278789059645637,8.7486665703735825e-05,3.0078339913973524e-05
1.2250208854675293,1790952589.024761,0.00062704086303710938,0.034609879067047558,0.034801865284766934,0,-0.024609142453120049,0.38664278919430384,-0.045430920429412401,0.054320999999999994,0.0010349999999999999,0.176649,-2.9386806747529324,1.2294448316898456,-2.9018367742433324,0.054292709581692175,0.0010329350553878285,0.17656623947250244,-0.32517270218443561,-0.048120418850813647,0.94442953100996085,-0.079467750940932808,0.99656238770114336,0.023415464543462976,-0.94230971040017508,-0.06743762087305985,-0.3278789059645637,8.7486665703735825e-05,3.0078339913973524e-05
1.2299938201904297,1790952589.0297339,0.00059986114501953125,0.034609879067047558,0.034801865284766934,0,-0.024609142453120049,0.38664278919430384,-0.045430920429412401,0.054320999999999994,0.0010349999999999999,0.176649,-2.9386806747529324,1.2294448316898456,-2.9018367742433324,0.054292709581692175,0.0010329350553878285,0.17656623947250244,-0.32517270218443561,-0.048120418850813647,0.94442953100996085,-0.079467750940932808,0.99656238770114336,0.023415464543462976,-0.94230971040017508,-0.06743762087305985,-0.3278789059645637,8.7486665703735825e-05,3.0078339913973524e-05
1.2350208759307861,1790952589.034761,0.00059604644775390625,0.034609879067047558,0.034801865284766934,0,-0.024609142453120049,0.38664278919430384,-0.045430920429412401,0.054320999999999994,0.0010349999999999999,0.176649,-2.9386806747529324,1.2294448316898456,-2.9018367742433324,0.054292709581692175,0.0010329350553878285,0.17656623947250244,-0.32517270218443561,-0.048120418850813647,0.94442953100996085,-0.079467750940932808,0.99656238770114336,0.023415464543462976,-0.94230971040017508,-0.06743762087305985,-0.3278789059645637,8.7486665703735825e-05,3.0078339913973524e-05
1.239995002746582,1790952589.0397351,0.00060105323791503906,0.034609879067047558,0.034801865284766934,0,-0.024609142453120049,0.38664278919430384,-0.045430920429412401,0.054320999999999994,0.0010349999999999999,0.176649,-2.9386806747529324,1.2294448316898456,-2.9018367742433324,0.054292709581692175,0.0010329350553878285,0.17656623947250244,-0.32517270218443561,-0.048120418850813647,0.94442953100996085,-0.079467750940932808,0.99656238770114336,0.023415464543462976,-0.94230971040017508,-0.06743762087305985,-0.3278789059645637,8.7486665703735825e-05,3.0078339913973524e-05
1.245020866394043,1790952589.0447609,0.00060200691223144531,0.034609879067047558,0.034801865284766934,0,-0.024609142453120049,0.38664278919430384,-0.045430920429412401,0.054320999999999994,0.0010349999999999999,0.176649,-2.9386806747529324,1.2294448316898456,-2.9018367742433324,0.054292709581692175,0.0010329350553878285,0.17656623947250244,-0.32517270218443561,-0.048120418850813647,0.94442953100996085,-0.079467750940932808,0.99656238770114336,0.023415464543462976,-0.94230971040017508,-0.06743762087305985,-0.3278789059645637,8.7486665703735825e-05,3.0078339913973524e-05
1.2499959468841553,1790952589.049736,0.000598907470703125,0.034609879067047558,0.034801865284766934,0,-0.024609142453120049,0.38664278919430384,-0.045430920429412401,0.054320999999999994,0.0010349999999999999,0.176649,-2.9386806747529324,1.2294448316898456,-2.9018367742433324,0.054292709581692175,0.0010329350553878285,0.17656623947250244,-0.32517270218443561,-0.048120418850813647,0.94442953100996085,-0.079467750940932808,0.99656238770114336,0.023415464543462976,-0.94230971040017508,-0.06743762087305985,-0.3278789059645637,8.7486665703735825e-05,3.0078339913973524e-05
1.2550208568572998,1790952589.0547609,0.00062489509582519531,0.034609879067047558,0.034801865284766934,0,-0.024609142453120049,0.38664278919430384,-0.045430920429412401,0.054320999999999994,0.0010349999999999999,0.176649,-2.9386806747529324,1.2294448316898456,-2.9018367742433324,0.054292709581692175,0.0010329350553878285,0.17656623947250244,-0.32517270218443561,-0.048120418850813647,0.94442953100996085,-0.079467750940932808,0.99656238770114336,0.023415464543462976,-0.94230971040017508,-0.06743762087305985,-0.3278789059645637,8.7486665703735825e-05,3.0078339913973524e-05
1.2599949836730957,1790952589.0597351,0.00060105323791503906,0.034609879067047558,0.034801865284766934,0,-0.024609142453120049,0.38664278919430384,-0.045430920429412401,0.054320999999999994,0.0010349999999999999,0.176649,-2.9386806747529324,1.2294448316898456,-2.9018367742433324,0.054292709581692175,0.0010329350553878285,0.17656623947250244,-0.32517270218443561,-0.048120418850813647,0.94442953100996085,-0.079467750940932808,0.99656238770114336,0.023415464543462976,-0.94230971040017508,-0.06743762087305985,-0.3278789059645637,8.7486665703735825e-05,3.0078339913973524e-05
1.2650208473205566,1790952589.0647609,0.00060200691223144531,0.034609879067047558,0.034801865284766934,0,-0.024609142453120049,0.38664278919430384,-0.045430920429412401,0.054320999999999994,0.0010349999999999999,0.176649,-2.9386806747529324,1.2294448316898456,-2.9018367742433324,0.054292709581692175,0.0010329350553878285,0.17656623947250244,-0.32517270218443561,-0.048120418850813647,0.94442953100996085,-0.079467750940932808,0.99656238770114336,0.023415464543462976,-0.94230971040017508,-0.06743762087305985,-0.3278789059645637,8.7486665703735825e-05,3.0078339913973524e-05
1.2699959278106689,1790952589.069736,0.00060105323791503906,0.034609879067047558,0.034801865284766934,0,-0.024609142453120049,0.38664278919430384,-0.045430920429412401,0.054320999999999994,0.0010349999999999999,0.176649,-2.9386806747529324,1.2294448316898456,-2.9018367742433324,0.054292709581692175,0.0010329350553878285,0.17656623947250244,-0.32517270218443561,-0.048120418850813647,0.94442953100996085,-0.079467750940932808,0.99656238770114336,0.023415464543462976,-0.94230971040017508,-0.06743762087305985,-0.3278789059645637,8.7486665703735825e-05,3.0078339913973524e-05
1.2750208377838135,1790952589.0747609,0.00060200691223144531,0.034609879067047558,0.034801865284766934,0,-0.024609142453120049,0.38664278919430384,-0.045430920429412401,0.054320999999999994,0.0010349999999999999,0.176649,-2.9386806747529324,1.2294448316898456,-2.9018367742433324,0.054292709581692175,0.0010329350553878285,0.17656623947250244,-0.32517270218443561,-0.048120418850813647,0.94442953100996085,-0.079467750940932808,0.99656238770114336,0.023415464543462976,-0.94230971040017508,-0.06743762087305985,-0.3278789059645637,8.7486665703735825e-05,3.0078339913973524e-05
1.2799959182739258,1790952589.079736,0.000598907470703125,0.034609879067047558,0.034801865284766934,0,-0.024609142453120049,0.38664278919430384,-0.045430920429412401,0.054320999999999994,0.0010349999999999999,0.176649,-2.9386806747529324,1.2294448316898456,-2.9018367742433324,0.054292709581692175,0.0010329350553878285,0.17656623947250244,-0.32517270218443561,-0.048120418850813647,0.94442953100996085,-0.079467750940932808,0.99656238770114336,0.023415464543462976,-0.94230971040017508,-0.06743762087305985,-0.3278789059645637,8.7486665703735825e-05,3.0078339913973524e-05
1.2850208282470703,1790952589.0847609,0.00060200691223144531,0.034609879067047558,0.034801865284766934,0,-0.024609142453120049,0.38664278919430384,-0.045430920429412401,0.054320999999999994,0.0010349999999999999,0.176649,-2.9386806747529324,1.2294448316898456,-2.9018367742433324,0.054292709581692175,0.0010329350553878285,0.17656623947250244,-0.32517270218443561,-0.048120418850813647,0.94442953100996085,-0.079467750940932808,0.99656238770114336,0.023415464543462976,-0.94230971040017508,-0.06743762087305985,-0.3278789059645637,8.7486665703735825e-05,3.0078339913973524e-05
1.2899940013885498,1790952589.0897341,0.00060009956359863281,0.034609879067047558,0.034801865284766934,0,-0.024609142453120049,0.38664278919430384,-0.045430920429412401,0.054320999999999994,0.0010349999999999999,0.176649,-2.9386806747529324,1.2294448316898456,-2.9018367742433324,0.054292709581692175,0.0010329350553878285,0.17656623947250244,-0.32517270218443561,-0.048120418850813647,0.94442953100996085,-0.079467750940932808,0.99656238770114336,0.023415464543462976,-0.94230971040017508,-0.06743762087305985,-0.3278789059645637,8.7486665703735825e-05,3.0078339913973524e-05
1.2950208187103271,1790952589.0947609,0.00062680244445800781,0.034609879067047558,0.034801865284766934,0,-0.024609142453120049,0.38664278919430384,-0.045430920429412401,0.054320999999999994,0.0010349999999999999,0.176649,-2.9386806747529324,1.2294448316898456,-2.9018367742433324,0.054292709581692175,0.0010329350553878285,0.17656623947250244,-0.32517270218443561,-0.048120418850813647,0.94442953100996085,-0.079467750940932808,0.99656238770114336,0.023415464543462976,-0.94230971040017508,-0.06743762087305985,-0.3278789059645637,8.7486665703735825e-05,3.0078339913973524e-05
1.2999958992004395,1790952589.099736,0.00060200691223144531,0.034609879067047558,0.034801865284766934,0,-0.024609142453120049,0.38664278919430384,-0.045430920429412401,0.054320999999999994,0.0010349999999999999,0.176649,-2.9386806747529324,1.2294448316898456,-2.9018367742433324,0.054292709581692175,0.0010329350553878285,0.17656623947250244,-0.32517270218443561,-0.048120418850813647,0.94442953100996085,-0.079467750940932808,0.99656238770114336,0.023415464543462976,-0.94230971040017508,-0.06743762087305985,-0.3278789059645637,8.7486665703735825e-05,3.0078339913973524e-05
1.3050198554992676,1790952589.1047599,0.00060200691223144531,0.034609879067047558,0.034801865284766934,0,-0.024609142453120049,0.38664278919430384,-0.045430920429412401,0.054320999999999994,0.0010349999999999999,0.176649,-2.9386806747529324,1.2294448316898456,-2.9018367742433324,0.054292709581692175,0.0010329350553878285,0.17656623947250244,-0.32517270218443561,-0.048120418850813647,0.94442953100996085,-0.079467750940932808,0.99656238770114336,0.023415464543462976,-0.94230971040017508,-0.06743762087305985,-0.3278789059645637,8.7486665703735825e-05,3.0078339913973524e-05
1.3099958896636963,1790952589.109736,0.00060200691223144531,0.034609879067047558,0.034801865284766934,0,-0.024609142453120049,0.38664278919430384,-0.045430920429412401,0.054320999999999994,0.0010349999999999999,0.176649,-2.9386806747529324,1.2294448316898456,-2.9018367742433324,0.054292709581692175,0.0010329350553878285,0.17656623947250244,-0.32517270218443561,-0.048120418850813647,0.94442953100996085,-0.079467750940932808,0.99656238770114336,0.023415464543462976,-0.94230971040017508,-0.06743762087305985,-0.3278789059645637,8.7486665703735825e-05,3.0078339913973524e-05
1.3150198459625244,1790952589.1147599,0.00061488151550292969,0.034609879067047558,0.034801865284766934,0,-0.024609142453120049,0.38664278919430384,-0.045430920429412401,0.054320999999999994,0.0010349999999999999,0.176649,-2.9386806747529324,1.2294448316898456,-2.9018367742433324,0.054292709581692175,0.0010329350553878285,0.17656623947250244,-0.32517270218443561,-0.048120418850813647,0.94442953100996085,-0.079467750940932808,0.99656238770114336,0.023415464543462976,-0.94230971040017508,-0.06743762087305985,-0.3278789059645637,8.7486665703735825e-05,3.0078339913973524e-05
1.3199949264526367,1790952589.119735,0.000598907470703125,0.034609879067047558,0.034801865284766934,0,-0.024609142453120049,0.38664278919430384,-0.045430920429412401,0.054320999999999994,0.0010349999999999999,0.176649,-2.9386806747529324,1.2294448316898456,-2.9018367742433324,0.054292709581692175,0.0010329350553878285,0.17656623947250244,-0.32517270218443561,-0.048120418850813647,0.94442953100996085,-0.079467750940932808,0.99656238770114336,0.023415464543462976,-0.94230971040017508,-0.06743762087305985,-0.3278789059645637,8.7486665703735825e-05,3.0078339913973524e-05
1.3250198364257812,1790952589.1247599,0.00062584877014160156,0.034609879067047558,0.034801865284766934,0,-0.024609142453120049,0.38664278919430384,-0.045430920429412401,0.054320999999999994,0.0010349999999999999,0.176649,-2.9386806747529324,1.2294448316898456,-2.9018367742433324,0.054292709581692175,0.0010329350553878285,0.17656623947250244,-0.32517270218443561,-0.048120418850813647,0.94442953100996085,-0.079467750940932808,0.99656238770114336,0.023415464543462976,-0.94230971040017508,-0.06743762087305985,-0.3278789059645637,8.7486665703735825e-05,3.0078339913973524e-05
1.3299949169158936,1790952589.129735,0.00059795379638671875,0.034609879067047558,0.034801865284766934,0,-0.024609142453120049,0.38664278919430384,-0.045430920429412401,0.054320999999999994,0.0010349999999999999,0.176649,-2.9386806747529324,1.2294448316898456,-2.9018367742433324,0.054292709581692175,0.0010329350553878285,0.17656623947250244,-0.32517270218443561,-0.048120418850813647,0.94442953100996085,-0.079467750940932808,0.99656238770114336,0.023415464543462976,-0.94230971040017508,-0.06743762087305985,-0.3278789059645637,8.7486665703735825e-05,3.0078339913973524e-05
1.33502197265625,1790952589.134762,0.00062298774719238281,0.034609879067047558,0.034801865284766934,0,-0.024609142453120049,0.38664278919430384,-0.045430920429412401,0.054320999999999994,0.0010349999999999999,0.176649,-2.9386806747529324,1.2294448316898456,-2.9018367742433324,0.054292709581692175,0.0010329350553878285,0.17656623947250244,-0.32517270218443561,-0.048120418850813647,0.94442953100996085,-0.079467750940932808,0.99656238770114336,0.023415464543462976,-0.94230971040017508,-0.06743762087305985,-0.3278789059645637,8.7486665703735825e-05,3.0078339913973524e-05
1.3399949073791504,1790952589.139735,0.00059103965759277344,0.034609879067047558,0.034801865284766934,0,-0.024609142453120049,0.38664278919430384,-0.045430920429412401,0.054320999999999994,0.0010349999999999999,0.176649,-2.9386806747529324,1.2294448316898456,-2.9018367742433324,0.054292709581692175,0.0010329350553878285,0.17656623947250244,-0.32517270218443561,-0.048120418850813647,0.94442953100996085,-0.079467750940932808,0.99656238770114336,0.023415464543462976,-0.94230971040017508,-0.06743762087305985,-0.3278789059645637,8.7486665703735825e-05,3.0078339913973524e-05
1.3450198173522949,1790952589.1447599,0.000621795654296875,0.034609879067047558,0.034801865284766934,0,-0.024609142453120049,0.38664278919430384,-0.045430920429412401,0.054320999999999994,0.0010349999999999999,0.176649,-2.9386806747529324,1.2294448316898456,-2.9018367742433324,0.054292709581692175,0.0010329350553878285,0.17656623947250244,-0.32517270218443561,-0.048120418850813647,0.94442953100996085,-0.079467750940932808,0.99656238770114336,0.023415464543462976,-0.94230971040017508,-0.06743762087305985,-0.3278789059645637,8.7486665703735825e-05,3.0078339913973524e-05
1.3499929904937744,1790952589.1497331,0.00059914588928222656,0.034609879067047558,0.034801865284766934,0,-0.024609142453120049,0.38664278919430384,-0.045430920429412401,0.054320999999999994,0.0010349999999999999,0.176649,-2.9386806747529324,1.2294448316898456,-2.9018367742433324,0.054292709581692175,0.0010329350553878285,0.17656623947250244,-0.32517270218443561,-0.048120418850813647,0.94442953100996085,-0.079467750940932808,0.99656238770114336,0.023415464543462976,-0.94230971040017508,-0.06743762087305985,-0.3278789059645637,8.7486665703735825e-05,3.0078339913973524e-05
1.3550198078155518,1790952589.1547599,0.00062394142150878906,0.034609879067047558,0.034801865284766934,0,-0.024609142453120049,0.38664278919430384,-0.045430920429412401,0.054320999999999994,0.0010349999999999999,0.176649,-2.9386806747529324,1.2294448316898456,-2.9018367742433324,0.054292709581692175,0.0010329350553878285,0.17656623947250244,-0.32517270218443561,-0.048120418850813647,0.94442953100996085,-0.079467750940932808,0.99656238770114336,0.023415464543462976,-0.94230971040017508,-0.06743762087305985,-0.3278789059645637,8.7486665703735825e-05,3.0078339913973524e-05
1.3599958419799805,1790952589.1597359,0.00060200691223144531,0.034609879067047558,0.034801865284766934,0,-0.024609142453120049,0.38664278919430384,-0.045430920429412401,0.054320999999999994,0.0010349999999999999,0.176649,-2.9386806747529324,1.2294448316898456,-2.9018367742433324,0.054292709581692175,0.0010329350553878285,0.17656623947250244,-0.32517270218443561,-0.048120418850813647,0.94442953100996085,-0.079467750940932808,0.99656238770114336,0.023415464543462976,-0.94230971040017508,-0.06743762087305985,-0.3278789059645637,8.7486665703735825e-05,3.0078339913973524e-05
1.3650200366973877,1790952589.1647601,0.00062417984008789062,0.034609879067047558,0.034801865284766934,0,-0.024609142453120049,0.38664278919430384,-0.045430920429412401,0.054320999999999994,0.0010349999999999999,0.176649,-2.9386806747529324,1.2294448316898456,-2.9018367742433324,0.054292709581692175,0.0010329350553878285,0.17656623947250244,-0.32517270218443561,-0.048120418850813647,0.94442953100996085,-0.079467750940932808,0.99656238770114336,0.023415464543462976,-0.94230971040017508,-0.06743762087305985,-0.3278789059645637,8.7486665703735825e-05,3.0078339913973524e-05
1.3699979782104492,1790952589.1697381,0.00060105323791503906,0.034609879067047558,0.034801865284766934,0,-0.024609142453120049,0.38664278919430384,-0.045430920429412401,0.054320999999999994,0.0010349999999999999,0.176649,-2.9386806747529324,1.2294448316898456,-2.9018367742433324,0.054292709581692175,0.0010329350553878285,0.17656623947250244,-0.32517270218443561,-0.048120418850813647,0.94442953100996085,-0.079467750940932808,0.99656238770114336,0.023415464543462976,-0.94230971040017508,-0.06743762087305985,-0.3278789059645637,8.7486665703735825e-05,3.0078339913973524e-05
1.3750219345092773,1790952589.174762,0.00060200691223144531,0.034609879067047558,0.034801865284766934,0,-0.024609142453120049,0.38664278919430384,-0.045430920429412401,0.054320999999999994,0.0010349999999999999,0.176649,-2.9386806747529324,1.2294448316898456,-2.9018367742433324,0.054292709581692175,0.0010329350553878285,0.17656623947250244,-0.32517270218443561,-0.048120418850813647,0.94442953100996085,-0.079467750940932808,0.99656238770114336,0.023415464543462976,-0.94230971040017508,-0.06743762087305985,-0.3278789059645637,8.7486665703735825e-05,3.0078339913973524e-05
1.3799979686737061,1790952589.179738,0.00060296058654785156,0.034609879067047558,0.034801865284766934,0,-0.024609142453120049,0.38664278919430384,-0.045430920429412401,0.054320999999999994,0.0010349999999999999,0.176649,-2.9386806747529324,1.2294448316898456,-2.9018367742433324,0.054292709581692175,0.0010329350553878285,0.17656623947250244,-0.32517270218443561,-0.048120418850813647,0.94442953100996085,-0.079467750940932808,0.99656238770114336,0.023415464543462976,-0.94230971040017508,-0.06743762087305985,-0.3278789059645637,8.7486665703735825e-05,3.0078339913973524e-05
1.3850200176239014,1790952589.1847601,0.00062108039855957031,0.034609879067047558,0.034801865284766934,0,-0.024609142453120049,0.38664278919430384,-0.045430920429412401,0.054320999999999994,0.0010349999999999999,0.176649,-2.9386806747529324,1.2294448316898456,-2.9018367742433324,0.054292709581692175,0.0010329350553878285,0.17656623947250244,-0.32517270218443561,-0.048120418850813647,0.94442953100996085,-0.079467750940932808,0.99656238770114336,0.023415464543462976,-0.94230971040017508,-0.06743762087305985,-0.3278789059645637,8.7486665703735825e-05,3.0078339913973524e-05
1.3899948596954346,1790952589.1897349,0.00059390068054199219,0.034609879067047558,0.034801865284766934,0,-0.024609142453120049,0.38664278919430384,-0.045430920429412401,0.054320999999999994,0.0010349999999999999,0.176649,-2.9386806747529324,1.2294448316898456,-2.9018367742433324,0.054292709581692175,0.0010329350553878285,0.17656623947250244,-0.32517270218443561,-0.048120418850813647,0.94442953100996085,-0.079467750940932808,0.99656238770114336,0.023415464543462976,-0.94230971040017508,-0.06743762087305985,-0.3278789059645637,8.7486665703735825e-05,3.0078339913973524e-05
1.3950200080871582,1790952589.1947601,0.00061702728271484375,0.034609879067047558,0.034801865284766934,0,-0.024609142453120049,0.38664278919430384,-0.045430920429412401,0.054320999999999994,0.0010349999999999999,0.176649,-2.9386806747529324,1.2294448316898456,-2.9018367742433324,0.054292709581692175,0.0010329350553878285,0.17656623947250244,-0.32517270218443561,-0.048120418850813647,0.94442953100996085,-0.079467750940932808,0.99656238770114336,0.023415464543462976,-0.94230971040017508,-0.06743762087305985,-0.3278789059645637,8.7486665703735825e-05,3.0078339913973524e-05
1.3999960422515869,1790952589.1997361,0.00059914588928222656,0.034609879067047558,0.034801865284766934,0,-0.024609142453120049,0.38664278919430384,-0.045430920429412401,0.054320999999999994,0.0010349999999999999,0.176649,-2.9386806747529324,1.2294448316898456,-2.9018367742433324,0.054292709581692175,0.0010329350553878285,0.17656623947250244,-0.32517270218443561,-0.048120418850813647,0.94442953100996085,-0.079467750940932808,0.99656238770114336,0.023415464543462976,-0.94230971040017508,-0.06743762087305985,-0.3278789059645637,8.7486665703735825e-05,3.0078339913973524e-05
1.4050188064575195,1790952589.2047589,0.00061678886413574219,0.034609879067047558,0.034801865284766934,0,-0.024609142453120049,0.38664278919430384,-0.045430920429412401,0.054320999999999994,0.0010349999999999999,0.176649,-2.9386806747529324,1.2294448316898456,-2.9018367742433324,0.054292709581692175,0.0010329350553878285,0.17656623947250244,-0.32517270218443561,-0.048120418850813647,0.94442953100996085,-0.079467750940932808,0.99656238770114336,0.023415464543462976,-0.94230971040017508,-0.06743762087305985,-0.3278789059645637,8.7486665703735825e-05,3.0078339913973524e-05
1.4099948406219482,1790952589.2097349,0.00059795379638671875,0.034609879067047558,0.034801865284766934,0,-0.024609142453120049,0.38664278919430384,-0.045430920429412401,0.054320999999999994,0.0010349999999999999,0.176649,-2.9386806747529324,1.2294448316898456,-2.9018367742433324,0.054292709581692175,0.0010329350553878285,0.17656623947250244,-0.32517270218443561,-0.048120418850813647,0.94442953100996085,-0.079467750940932808,0.99656238770114336,0.023415464543462976,-0.94230971040017508,-0.06743762087305985,-0.3278789059645637,8.7486665703735825e-05,3.0078339913973524e-05
1.4150199890136719,1790952589.2147601,0.00062608718872070312,0.034609879067047558,0.034801865284766934,0,-0.024609142453120049,0.38664278919430384,-0.045430920429412401,0.054320999999999994,0.0010349999999999999,0.176649,-2.9386806747529324,1.2294448316898456,-2.9018367742433324,0.054292709581692175,0.0010329350553878285,0.17656623947250244,-0.32517270218443561,-0.048120418850813647,0.94442953100996085,-0.079467750940932808,0.99656238770114336,0.023415464543462976,-0.94230971040017508,-0.06743762087305985,-0.3278789059645637,8.7486665703735825e-05,3.0078339913973524e-05
1.4199938774108887,1790952589.219734,0.000598907470703125,0.034609879067047558,0.034801865284766934,0,-0.024609142453120049,0.38664278919430384,-0.045430920429412401,0.054320999999999994,0.0010349999999999999,0.176649,-2.9386806747529324,1.2294448316898456,-2.9018367742433324,0.054292709581692175,0.0010329350553878285,0.17656623947250244,-0.32517270218443561,-0.048120418850813647,0.94442953100996085,-0.079467750940932808,0.99656238770114336,0.023415464543462976,-0.94230971040017508,-0.06743762087305985,-0.3278789059645637,8.7486665703735825e-05,3.0078339913973524e-05
1.4249968528747559,1790952589.2247369,0.00057697296142578125,0.034609879067047558,0.034801865284766934,0,-0.024609142453120049,0.38664278919430384,-0.045430920429412401,0.054320999999999994,0.0010349999999999999,0.176649,-2.9386806747529324,1.2294448316898456,-2.9018367742433324,0.054292709581692175,0.0010329350553878285,0.17656623947250244,-0.32517270218443561,-0.048120418850813647,0.94442953100996085,-0.079467750940932808,0.99656238770114336,0.023415464543462976,-0.94230971040017508,-0.06743762087305985,-0.3278789059645637,8.7486665703735825e-05,3.0078339913973524e-05
1.4299938678741455,1790952589.2297339,0.00059986114501953125,0.034609879067047558,0.034801865284766934,0,-0.024609142453120049,0.38664278919430384,-0.045430920429412401,0.054320999999999994,0.0010349999999999999,0.176649,-2.9386806747529324,1.2294448316898456,-2.9018367742433324,0.054292709581692175,0.0010329350553878285,0.17656623947250244,-0.32517270218443561,-0.048120418850813647,0.94442953100996085,-0.079467750940932808,0.99656238770114336,0.023415464543462976,-0.94230971040017508,-0.06743762087305985,-0.3278789059645637,8.7486665703735825e-05,3.0078339913973524e-05
1.4350199699401855,1790952589.23476,0.00062012672424316406,0.034609879067047558,0.034801865284766934,0,-0.024609142453120049,0.38664278919430384,-0.045430920429412401,0.054320999999999994,0.0010349999999999999,0.176649,-2.9386806747529324,1.2294448316898456,-2.9018367742433324,0.054292709581692175,0.0010329350553878285,0.17656623947250244,-0.32517270218443561,-0.048120418850813647,0.94442953100996085,-0.079467750940932808,0.99656238770114336,0.023415464543462976,-0.94230971040017508,-0.06743762087305985,-0.3278789059645637,8.7486665703735825e-05,3.0078339913973524e-05
1.4399948120117188,1790952589.2397349,0.0006008148193359375,0.034609879067047558,0.034801865284766934,0,-0.024609142453120049,0.38664278919430384,-0.045430920429412401,0.054320999999999994,0.0010349999999999999,0.176649,-2.9386806747529324,1.2294448316898456,-2.9018367742433324,0.054292709581692175,0.0010329350553878285,0.17656623947250244,-0.32517270218443561,-0.048120418850813647,0.94442953100996085,-0.079467750940932808,0.99656238770114336,0.023415464543462976,-0.94230971040017508,-0.06743762087305985,-0.3278789059645637,8.7486665703735825e-05,3.0078339913973524e-05
1.445019006729126,1790952589.2447591,0.00060009956359863281,0.034609879067047558,0.034801865284766934,0,-0.024609142453120049,0.38664278919430384,-0.045430920429412401,0.054320999999999994,0.0010349999999999999,0.176649,-2.9386806747529324,1.2294448316898456,-2.9018367742433324,0.054292709581692175,0.0010329350553878285,0.17656623947250244,-0.32517270218443561,-0.048120418850813647,0.94442953100996085,-0.079467750940932808,0.99656238770114336,0.023415464543462976,-0.94230971040017508,-0.06743762087305985,-0.3278789059645637,8.7486665703735825e-05,3.0078339913973524e-05
1.4499928951263428,1790952589.249733,0.00060105323791503906,0.034609879067047558,0.034801865284766934,0,-0.024609142453120049,0.38664278919430384,-0.045430920429412401,0.054320999999999994,0.0010349999999999999,0.176649,-2.9386806747529324,1.2294448316898456,-2.9018367742433324,0.054292709581692175,0.0010329350553878285,0.17656623947250244,-0.32517270218443561,-0.048120418850813647,0.94442953100996085,-0.079467750940932808,0.99656238770114336,0.023415464543462976,-0.94230971040017508,-0.06743762087305985,-0.3278789059645637,8.7486665703735825e-05,3.0078339913973524e-05
1.4550189971923828,1790952589.2547591,0.00062417984008789062,0.034609879067047558,0.034801865284766934,0,-0.024609142453120049,0.38664278919430384,-0.045430920429412401,0.054320999999999994,0.0010349999999999999,0.176649,-2.9386806747529324,1.2294448316898456,-2.9018367742433324,0.054292709581692175,0.0010329350553878285,0.17656623947250244,-0.32517270218443561,-0.048120418850813647,0.94442953100996085,-0.079467750940932808,0.99656238770114336,0.023415464543462976,-0.94230971040017508,-0.06743762087305985,-0.3278789059645637,8.7486665703735825e-05,3.0078339913973524e-05
1.4599959850311279,1790952589.2597361,0.0005950927734375,0.034609879067047558,0.034801865284766934,0,-0.024609142453120049,0.38664278919430384,-0.045430920429412401,0.054320999999999994,0.0010349999999999999,0.176649,-2.9386806747529324,1.2294448316898456,-2.9018367742433324,0.054292709581692175,0.0010329350553878285,0.17656623947250244,-0.32517270218443561,-0.048120418850813647,0.94442953100996085,-0.079467750940932808,0.99656238770114336,0.023415464543462976,-0.94230971040017508,-0.06743762087305985,-0.3278789059645637,8.7486665703735825e-05,3.0078339913973524e-05
1.4650208950042725,1790952589.264761,0.00059986114501953125,0.034609879067047558,0.034801865284766934,0,-0.024609142453120049,0.38664278919430384,-0.045430920429412401,0.054320999999999994,0.0010349999999999999,0.176649,-2.9386806747529324,1.2294448316898456,-2.9018367742433324,0.054292709581692175,0.0010329350553878285,0.17656623947250244,-0.32517270218443561,-0.048120418850813647,0.94442953100996085,-0.079467750940932808,0.99656238770114336,0.023415464543462976,-0.94230971040017508,-0.06743762087305985,-0.3278789059645637,8.7486665703735825e-05,3.0078339913973524e-05
1.4699959754943848,1790952589.2697361,0.00059604644775390625,0.034609879067047558,0.034801865284766934,0,-0.024609142453120049,0.38664278919430384,-0.045430920429412401,0.054320999999999994,0.0010349999999999999,0.176649,-2.9386806747529324,1.2294448316898456,-2.9018367742433324,0.054292709581692175,0.0010329350553878285,0.17656623947250244,-0.32517270218443561,-0.048120418850813647,0.94442953100996085,-0.079467750940932808,0.99656238770114336,0.023415464543462976,-0.94230971040017508,-0.06743762087305985,-0.3278789059645637,8.7486665703735825e-05,3.0078339913973524e-05
1.4750208854675293,1790952589.274761,0.00060200691223144531,0.034609879067047558,0.034801865284766934,0,-0.024609142453120049,0.38664278919430384,-0.045430920429412401,0.054320999999999994,0.0010349999999999999,0.176649,-2.9386806747529324,1.2294448316898456,-2.9018367742433324,0.054292709581692175,0.0010329350553878285,0.17656623947250244,-0.32517270218443561,-0.048120418850813647,0.94442953100996085,-0.079467750940932808,0.99656238770114336,0.023415464543462976,-0.94230971040017508,-0.06743762087305985,-0.3278789059645637,8.7486665703735825e-05,3.0078339913973524e-05
1.4799959659576416,1790952589.279736,0.00060009956359863281,0.034609879067047558,0.034801865284766934,0,-0.024609142453120049,0.38664278919430384,-0.045430920429412401,0.054320999999999994,0.0010349999999999999,0.176649,-2.9386806747529324,1.2294448316898456,-2.9018367742433324,0.054292709581692175,0.0010329350553878285,0.17656623947250244,-0.32517270218443561,-0.048120418850813647,0.94442953100996085,-0.079467750940932808,0.99656238770114336,0.023415464543462976,-0.94230971040017508,-0.06743762087305985,-0.3278789059645637,8.7486665703735825e-05,3.0078339913973524e-05
1.4850208759307861,1790952589.284761,0.00062584877014160156,0.034609879067047558,0.034801865284766934,0,-0.024609142453120049,0.38664278919430384,-0.045430920429412401,0.054320999999999994,0.0010349999999999999,0.176649,-2.9386806747529324,1.2294448316898456,-2.9018367742433324,0.054292709581692175,0.0010329350553878285,0.17656623947250244,-0.32517270218443561,-0.048120418850813647,0.94442953100996085,-0.079467750940932808,0.99656238770114336,0.023415464543462976,-0.94230971040017508,-0.06743762087305985,-0.3278789059645637,8.7486665703735825e-05,3.0078339913973524e-05
1.489995002746582,1790952589.2897351,0.00060105323791503906,0.034609879067047558,0.034801865284766934,0,-0.024609142453120049,0.38664278919430384,-0.045430920429412401,0.054320999999999994,0.0010349999999999999,0.176649,-2.9386806747529324,1.2294448316898456,-2.9018367742433324,0.054292709581692175,0.0010329350553878285,0.17656623947250244,-0.32517270218443561,-0.048120418850813647,0.94442953100996085,-0.079467750940932808,0.99656238770114336,0.023415464543462976,-0.94230971040017508,-0.06743762087305985,-0.3278789059645637,8.7486665703735825e-05,3.0078339913973524e-05
1.495020866394043,1790952589.2947609,0.00060200691223144531,0.034609879067047558,0.034801865284766934,0,-0.024609142453120049,0.38664278919430384,-0.045430920429412401,0.054320999999999994,0.0010349999999999999,0.176649,-2.9386806747529324,1.2294448316898456,-2.9018367742433324,0.054292709581692175,0.0010329350553878285,0.17656623947250244,-0.32517270218443561,-0.048120418850813647,0.94442953100996085,-0.079467750940932808,0.99656238770114336,0.023415464543462976,-0.94230971040017508,-0.06743762087305985,-0.3278789059645637,8.7486665703735825e-05,3.0078339913973524e-05
1.499992847442627,1790952589.2997329,0.00059199333190917969,0.034609879067047558,0.034801865284766934,0,-0.024609142453120049,0.38664278919430384,-0.045430920429412401,0.054320999999999994,0.0010349999999999999,0.176649,-2.9386806747529324,1.2294448316898456,-2.9018367742433324,0.054292709581692175,0.0010329350553878285,0.17656623947250244,-0.32517270218443561,-0.048120418850813647,0.94442953100996085,-0.079467750940932808,0.99656238770114336,0.023415464543462976,-0.94230971040017508,-0.06743762087305985,-0.3278789059645637,8.7486665703735825e-05,3.0078339913973524e-05
1.5050208568572998,1790952589.3047609,0.00060200691223144531,0.034609879067047558,0.034801865284766934,0,-0.024609142453120049,0.38664278919430384,-0.045430920429412401,0.054320999999999994,0.0010349999999999999,0.176649,-2.9386806747529324,1.2294448316898456,-2.9018367742433324,0.054292709581692175,0.0010329350553878285,0.17656623947250244,-0.32517270218443561,-0.048120418850813647,0.94442953100996085,-0.079467750940932808,0.99656238770114336,0.023415464543462976,-0.94230971040017508,-0.06743762087305985,-0.3278789059645637,8.7486665703735825e-05,3.0078339913973524e-05
1.5100200176239014,1790952589.3097601,0.00062608718872070312,0.034609879067047558,0.034801865284766934,0,-0.024609142453120049,0.38664278919430384,-0.045430920429412401,0.054320999999999994,0.0010349999999999999,0.176649,-2.9386806747529324,1.2294448316898456,-2.9018367742433324,0.054292709581692175,0.0010329350553878285,0.17656623947250244,-0.32517270218443561,-0.048120418850813647,0.94442953100996085,-0.079467750940932808,0.99656238770114336,0.023415464543462976,-0.94230971040017508,-0.06743762087305985,-0.3278789059645637,8.7486665703735825e-05,3.0078339913973524e-05
1.514995813369751,1790952589.3147359,0.0005779266357421875,0.034609879067047558,0.034801865284766934,0,-0.024609142453120049,0.38664278919430384,-0.045430920429412401,0.054320999999999994,0.0010349999999999999,0.176649,-2.9386806747529324,1.2294448316898456,-2.9018367742433324,0.054292709581692175,0.0010329350553878285,0.17656623947250244,-0.32517270218443561,-0.048120418850813647,0.94442953100996085,-0.079467750940932808,0.99656238770114336,0.023415464543462976,-0.94230971040017508,-0.06743762087305985,-0.3278789059645637,8.7486665703735825e-05,3.0078339913973524e-05
1.5199959278106689,1790952589.319736,0.00059199333190917969,0.034609879067047558,0.034801865284766934,0,-0.024609142453120049,0.38664278919430384,-0.045430920429412401,0.054320999999999994,0.0010349999999999999,0.176649,-2.9386806747529324,1.2294448316898456,-2.9018367742433324,0.054292709581692175,0.0010329350553878285,0.17656623947250244,-0.32517270218443561,-0.048120418850813647,0.94442953100996085,-0.079467750940932808,0.99656238770114336,0.023415464543462976,-0.94230971040017508,-0.06743762087305985,-0.3278789059645637,8.7486665703735825e-05,3.0078339913973524e-05
1.5250179767608643,1790952589.3247581,0.00062608718872070312,0.034609879067047558,0.034801865284766934,0,-0.024609142453120049,0.38664278919430384,-0.045430920429412401,0.054320999999999994,0.0010349999999999999,0.176649,-2.9386806747529324,1.2294448316898456,-2.9018367742433324,0.054292709581692175,0.0010329350553878285,0.17656623947250244,-0.32517270218443561,-0.048120418850813647,0.94442953100996085,-0.079467750940932808,0.99656238770114336,0.023415464543462976,-0.94230971040017508,-0.06743762087305985,-0.3278789059645637,8.7486665703735825e-05,3.0078339913973524e-05
1.5299949645996094,1790952589.329735,0.0005950927734375,0.034609879067047558,0.034801865284766934,0,-0.024609142453120049,0.38664278919430384,-0.045430920429412401,0.054320999999999994,0.0010349999999999999,0.176649,-2.9386806747529324,1.2294448316898456,-2.9018367742433324,0.054292709581692175,0.0010329350553878285,0.17656623947250244,-0.32517270218443561,-0.048120418850813647,0.94442953100996085,-0.079467750940932808,0.99656238770114336,0.023415464543462976,-0.94230971040017508,-0.06743762087305985,-0.3278789059645637,8.7486665703735825e-05,3.0078339913973524e-05
1.5349929332733154,1790952589.334733,0.00057506561279296875,0.034609879067047558,0.034801865284766934,0,-0.024609142453120049,0.38664278919430384,-0.045430920429412401,0.054320999999999994,0.0010349999999999999,0.176649,-2.9386806747529324,1.2294448316898456,-2.9018367742433324,0.054292709581692175,0.0010329350553878285,0.17656623947250244,-0.32517270218443561,-0.048120418850813647,0.94442953100996085,-0.079467750940932808,0.99656238770114336,0.023415464543462976,-0.94230971040017508,-0.06743762087305985,-0.3278789059645637,8.7486665703735825e-05,3.0078339913973524e-05
1.5399949550628662,1790952589.339735,0.00060009956359863281,0.034609879067047558,0.034801865284766934,0,-0.024609142453120049,0.38664278919430384,-0.045430920429412401,0.054320999999999994,0.0010349999999999999,0.176649,-2.9386806747529324,1.2294448316898456,-2.9018367742433324,0.054292709581692175,0.0010329350553878285,0.17656623947250244,-0.32517270218443561,-0.048120418850813647,0.94442953100996085,-0.079467750940932808,0.99656238770114336,0.023415464543462976,-0.94230971040017508,-0.06743762087305985,-0.3278789059645637,8.7486665703735825e-05,3.0078339913973524e-05
1.5450189113616943,1790952589.344759,0.00059604644775390625,0.034609879067047558,0.034801865284766934,0,-0.024609142453120049,0.38664278919430384,-0.045430920429412401,0.054320999999999994,0.0010349999999999999,0.176649,-2.9386806747529324,1.2294448316898456,-2.9018367742433324,0.054292709581692175,0.0010329350553878285,0.17656623947250244,-0.32517270218443561,-0.048120418850813647,0.94442953100996085,-0.079467750940932808,0.99656238770114336,0.023415464543462976,-0.94230971040017508,-0.06743762087305985,-0.3278789059645637,8.7486665703735825e-05,3.0078339913973524e-05
1.5499939918518066,1790952589.3497341,0.00060105323791503906,0.034609879067047558,0.034801865284766934,0,-0.024609142453120049,0.38664278919430384,-0.045430920429412401,0.054320999999999994,0.0010349999999999999,0.176649,-2.9386806747529324,1.2294448316898456,-2.9018367742433324,0.054292709581692175,0.0010329350553878285,0.17656623947250244,-0.32517270218443561,-0.048120418850813647,0.94442953100996085,-0.079467750940932808,0.99656238770114336,0.023415464543462976,-0.94230971040017508,-0.06743762087305985,-0.3278789059645637,8.7486665703735825e-05,3.0078339913973524e-05
1.5550198554992676,1790952589.3547599,0.00060296058654785156,0.034609879067047558,0.034801865284766934,0,-0.024609142453120049,0.38664278919430384,-0.045430920429412401,0.054320999999999994,0.0010349999999999999,0.176649,-2.9386806747529324,1.2294448316898456,-2.9018367742433324,0.054292709581692175,0.0010329350553878285,0.17656623947250244,-0.32517270218443561,-0.048120418850813647,0.94442953100996085,-0.079467750940932808,0.99656238770114336,0.023415464543462976,-0.94230971040017508,-0.06743762087305985,-0.3278789059645637,8.7486665703735825e-05,3.0078339913973524e-05
1.5599930286407471,1790952589.3597331,0.00060009956359863281,0.034609879067047558,0.034801865284766934,0,-0.024609142453120049,0.38664278919430384,-0.045430920429412401,0.054320999999999994,0.0010349999999999999,0.176649,-2.9386806747529324,1.2294448316898456,-2.9018367742433324,0.054292709581692175,0.0010329350553878285,0.17656623947250244,-0.32517270218443561,-0.048120418850813647,0.94442953100996085,-0.079467750940932808,0.99656238770114336,0.023415464543462976,-0.94230971040017508,-0.06743762087305985,-0.3278789059645637,8.7486665703735825e-05,3.0078339913973524e-05
1.565018892288208,1790952589.364759,0.00060105323791503906,0.034609879067047558,0.034801865284766934,0,-0.024609142453120049,0.38664278919430384,-0.045430920429412401,0.054320999999999994,0.0010349999999999999,0.176649,-2.9386806747529324,1.2294448316898456,-2.9018367742433324,0.054292709581692175,0.0010329350553878285,0.17656623947250244,-0.32517270218443561,-0.048120418850813647,0.94442953100996085,-0.079467750940932808,0.99656238770114336,0.023415464543462976,-0.94230971040017508,-0.06743762087305985,-0.3278789059645637,8.7486665703735825e-05,3.0078339913973524e-05
1.5699949264526367,1790952589.369735,0.00060200691223144531,0.034609879067047558,0.034801865284766934,0,-0.024609142453120049,0.38664278919430384,-0.045430920429412401,0.054320999999999994,0.0010349999999999999,0.176649,-2.9386806747529324,1.2294448316898456,-2.9018367742433324,0.054292709581692175,0.0010329350553878285,0.17656623947250244,-0.32517270218443561,-0.048120418850813647,0.94442953100996085,-0.079467750940932808,0.99656238770114336,0.023415464543462976,-0.94230971040017508,-0.06743762087305985,-0.3278789059645637,8.7486665703735825e-05,3.0078339913973524e-05
1.5749950408935547,1790952589.3747351,0.00057721138000488281,0.034609879067047558,0.034801865284766934,0,-0.024609142453120049,0.38664278919430384,-0.045430920429412401,0.054320999999999994,0.0010349999999999999,0.176649,-2.9386806747529324,1.2294448316898456,-2.9018367742433324,0.054292709581692175,0.0010329350553878285,0.17656623947250244,-0.32517270218443561,-0.048120418850813647,0.94442953100996085,-0.079467750940932808,0.99656238770114336,0.023415464543462976,-0.94230971040017508,-0.06743762087305985,-0.3278789059645637,8.7486665703735825e-05,3.0078339913973524e-05
1.5799939632415771,1790952589.379734,0.00059914588928222656,0.034609879067047558,0.034801865284766934,0,-0.024609142453120049,0.38664278919430384,-0.045430920429412401,0.054320999999999994,0.0010349999999999999,0.176649,-2.9386806747529324,1.2294448316898456,-2.9018367742433324,0.054292709581692175,0.0010329350553878285,0.17656623947250244,-0.32517270218443561,-0.048120418850813647,0.94442953100996085,-0.079467750940932808,0.99656238770114336,0.023415464543462976,-0.94230971040017508,-0.06743762087305985,-0.3278789059645637,8.7486665703735825e-05,3.0078339913973524e-05
1.5850188732147217,1790952589.3847589,0.00062084197998046875,0.034609879067047558,0.034801865284766934,0,-0.024609142453120049,0.38664278919430384,-0.045430920429412401,0.054320999999999994,0.0010349999999999999,0.176649,-2.9386806747529324,1.2294448316898456,-2.9018367742433324,0.054292709581692175,0.0010329350553878285,0.17656623947250244,-0.32517270218443561,-0.048120418850813647,0.94442953100996085,-0.079467750940932808,0.99656238770114336,0.023415464543462976,-0.94230971040017508,-0.06743762087305985,-0.3278789059645637,8.7486665703735825e-05,3.0078339913973524e-05
1.5899949073791504,1790952589.389735,0.00060200691223144531,0.034609879067047558,0.034801865284766934,0,-0.024609142453120049,0.38664278919430384,-0.045430920429412401,0.054320999999999994,0.0010349999999999999,0.176649,-2.9386806747529324,1.2294448316898456,-2.9018367742433324,0.054292709581692175,0.0010329350553878285,0.17656623947250244,-0.32517270218443561,-0.048120418850813647,0.94442953100996085,-0.079467750940932808,0.99656238770114336,0.023415464543462976,-0.94230971040017508,-0.06743762087305985,-0.3278789059645637,8.7486665703735825e-05,3.0078339913973524e-05
1.5950248241424561,1790952589.3947649,0.00060486793518066406,0.034609879067047558,0.034801865284766934,0,-0.024609142453120049,0.38664278919430384,-0.045430920429412401,0.054320999999999994,0.0010349999999999999,0.176649,-2.9386806747529324,1.2294448316898456,-2.9018367742433324,0.054292709581692175,0.0010329350553878285,0.17656623947250244,-0.32517270218443561,-0.048120418850813647,0.94442953100996085,-0.079467750940932808,0.99656238770114336,0.023415464543462976,-0.94230971040017508,-0.06743762087305985,-0.3278789059645637,8.7486665703735825e-05,3.0078339913973524e-05
1.5999939441680908,1790952589.399734,0.00060009956359863281,0.034609879067047558,0.034801865284766934,0,-0.024609142453120049,0.38664278919430384,-0.045430920429412401,0.054320999999999994,0.0010349999999999999,0.176649,-2.9386806747529324,1.2294448316898456,-2.9018367742433324,0.054292709581692175,0.0010329350553878285,0.17656623947250244,-0.32517270218443561,-0.048120418850813647,0.94442953100996085,-0.079467750940932808,0.99656238770114336,0.023415464543462976,-0.94230971040017508,-0.06743762087305985,-0.3278789059645637,8.7486665703735825e-05,3.0078339913973524e-05
1.6050188541412354,1790952589.4047589,0.00059986114501953125,0.034609879067047558,0.034801865284766934,0,-0.024609142453120049,0.38664278919430384,-0.045430920429412401,0.054320999999999994,0.0010349999999999999,0.176649,-2.9386806747529324,1.2294448316898456,-2.9018367742433324,0.054292709581692175,0.0010329350553878285,0.17656623947250244,-0.32517270218443561,-0.048120418850813647,0.94442953100996085,-0.079467750940932808,0.99656238770114336,0.023415464543462976,-0.94230971040017508,-0.06743762087305985,-0.3278789059645637,8.7486665703735825e-05,3.0078339913973524e-05
1.6099939346313477,1790952589.409734,0.00059294700622558594,0.034609879067047558,0.034801865284766934,0,-0.024609142453120049,0.38664278919430384,-0.045430920429412401,0.054320999999999994,0.0010349999999999999,0.176649,-2.9386806747529324,1.2294448316898456,-2.9018367742433324,0.054292709581692175,0.0010329350553878285,0.17656623947250244,-0.32517270218443561,-0.048120418850813647,0.94442953100996085,-0.079467750940932808,0.99656238770114336,0.023415464543462976,-0.94230971040017508,-0.06743762087305985,-0.3278789059645637,8.7486665703735825e-05,3.0078339913973524e-05
1.6150209903717041,1790952589.4147611,0.00060296058654785156,0.034609879067047558,0.034801865284766934,0,-0.024609142453120049,0.38664278919430384,-0.045430920429412401,0.054320999999999994,0.0010349999999999999,0.176649,-2.9386806747529324,1.2294448316898456,-2.9018367742433324,0.054292709581692175,0.0010329350553878285,0.17656623947250244,-0.32517270218443561,-0.048120418850813647,0.94442953100996085,-0.079467750940932808,0.99656238770114336,0.023415464543462976,-0.94230971040017508,-0.06743762087305985,-0.3278789059645637,8.7486665703735825e-05,3.0078339913973524e-05
1.620020866394043,1790952589.4197609,0.00062799453735351562,0.034609879067047558,0.034801865284766934,0,-0.024609142453120049,0.38664278919430384,-0.045430920429412401,0.054320999999999994,0.0010349999999999999,0.176649,-2.9386806747529324,1.2294448316898456,-2.9018367742433324,0.054292709581692175,0.0010329350553878285,0.17656623947250244,-0.32517270218443561,-0.048120418850813647,0.94442953100996085,-0.079467750940932808,0.99656238770114336,0.023415464543462976,-0.94230971040017508,-0.06743762087305985,-0.3278789059645637,8.7486665703735825e-05,3.0078339913973524e-05
1.6250209808349609,1790952589.4247611,0.00060296058654785156,0.034609879067047558,0.034801865284766934,0,-0.024609142453120049,0.38664278919430384,-0.045430920429412401,0.054320999999999994,0.0010349999999999999,0.176649,-2.9386806747529324,1.2294448316898456,-2.9018367742433324,0.054292709581692175,0.0010329350553878285,0.17656623947250244,-0.32517270218443561,-0.048120418850813647,0.94442953100996085,-0.079467750940932808,0.99656238770114336,0.023415464543462976,-0.94230971040017508,-0.06743762087305985,-0.3278789059645637,8.7486665703735825e-05,3.0078339913973524e-05
1.6299948692321777,1790952589.4297349,0.00060200691223144531,0.034609879067047558,0.034801865284766934,0,-0.024609142453120049,0.38664278919430384,-0.045430920429412401,0.054320999999999994,0.0010349999999999999,0.176649,-2.9386806747529324,1.2294448316898456,-2.9018367742433324,0.054292709581692175,0.0010329350553878285,0.17656623947250244,-0.32517270218443561,-0.048120418850813647,0.94442953100996085,-0.079467750940932808,0.99656238770114336,0.023415464543462976,-0.94230971040017508,-0.06743762087305985,-0.3278789059645637,8.7486665703735825e-05,3.0078339913973524e-05
1.6350209712982178,1790952589.434761,0.00060296058654785156,0.034609879067047558,0.034801865284766934,0,-0.024609142453120049,0.38664278919430384,-0.045430920429412401,0.054320999999999994,0.0010349999999999999,0.176649,-2.9386806747529324,1.2294448316898456,-2.9018367742433324,0.054292709581692175,0.0010329350553878285,0.17656623947250244,-0.32517270218443561,-0.048120418850813647,0.94442953100996085,-0.079467750940932808,0.99656238770114336,0.023415464543462976,-0.94230971040017508,-0.06743762087305985,-0.3278789059645637,8.7486665703735825e-05,3.0078339913973524e-05
1.6399970054626465,1790952589.4397371,0.00060105323791503906,0.034609879067047558,0.034801865284766934,0,-0.024609142453120049,0.38664278919430384,-0.045430920429412401,0.054320999999999994,0.0010349999999999999,0.176649,-2.9386806747529324,1.2294448316898456,-2.9018367742433324,0.054292709581692175,0.0010329350553878285,0.17656623947250244,-0.32517270218443561,-0.048120418850813647,0.94442953100996085,-0.079467750940932808,0.99656238770114336,0.023415464543462976,-0.94230971040017508,-0.06743762087305985,-0.3278789059645637,8.7486665703735825e-05,3.0078339913973524e-05
1.6450200080871582,1790952589.4447601,0.00060009956359863281,0.034609879067047558,0.034801865284766934,0,-0.024609142453120049,0.38664278919430384,-0.045430920429412401,0.054320999999999994,0.0010349999999999999,0.176649,-2.9386806747529324,1.2294448316898456,-2.9018367742433324,0.054292709581692175,0.0010329350553878285,0.17656623947250244,-0.32517270218443561,-0.048120418850813647,0.94442953100996085,-0.079467750940932808,0.99656238770114336,0.023415464543462976,-0.94230971040017508,-0.06743762087305985,-0.3278789059645637,8.7486665703735825e-05,3.0078339913973524e-05
1.6500198841094971,1790952589.44976,0.00062799453735351562,0.034609879067047558,0.034801865284766934,0,-0.024609142453120049,0.38664278919430384,-0.045430920429412401,0.054320999999999994,0.0010349999999999999,0.176649,-2.9386806747529324,1.2294448316898456,-2.9018367742433324,0.054292709581692175,0.0010329350553878285,0.17656623947250244,-0.32517270218443561,-0.048120418850813647,0.94442953100996085,-0.079467750940932808,0.99656238770114336,0.023415464543462976,-0.94230971040017508,-0.06743762087305985,-0.3278789059645637,8.7486665703735825e-05,3.0078339913973524e-05
1.655019998550415,1790952589.4547601,0.00060296058654785156,0.034609879067047558,0.034801865284766934,0,-0.024609142453120049,0.38664278919430384,-0.045430920429412401,0.054320999999999994,0.0010349999999999999,0.176649,-2.9386806747529324,1.2294448316898456,-2.9018367742433324,0.054292709581692175,0.0010329350553878285,0.17656623947250244,-0.32517270218443561,-0.048120418850813647,0.94442953100996085,-0.079467750940932808,0.99656238770114336,0.023415464543462976,-0.94230971040017508,-0.06743762087305985,-0.3278789059645637,8.7486665703735825e-05,3.0078339913973524e-05
1.6599948406219482,1790952589.4597349,0.0006008148193359375,0.034609879067047558,0.034801865284766934,0,-0.024609142453120049,0.38664278919430384,-0.045430920429412401,0.054320999999999994,0.0010349999999999999,0.176649,-2.9386806747529324,1.2294448316898456,-2.9018367742433324,0.054292709581692175,0.0010329350553878285,0.17656623947250244,-0.32517270218443561,-0.048120418850813647,0.94442953100996085,-0.079467750940932808,0.99656238770114336,0.023415464543462976,-0.94230971040017508,-0.06743762087305985,-0.3278789059645637,8.7486665703735825e-05,3.0078339913973524e-05
1.6650190353393555,1790952589.4647591,0.00060105323791503906,0.034609879067047558,0.034801865284766934,0,-0.024609142453120049,0.38664278919430384,-0.045430920429412401,0.054320999999999994,0.0010349999999999999,0.176649,-2.9386806747529324,1.2294448316898456,-2.9018367742433324,0.054292709581692175,0.0010329350553878285,0.17656623947250244,-0.32517270218443561,-0.048120418850813647,0.94442953100996085,-0.079467750940932808,0.99656238770114336,0.023415464543462976,-0.94230971040017508,-0.06743762087305985,-0.3278789059645637,8.7486665703735825e-05,3.0078339913973524e-05
1.6699938774108887,1790952589.469734,0.00060105323791503906,0.034609879067047558,0.034801865284766934,0,-0.024609142453120049,0.38664278919430384,-0.045430920429412401,0.054320999999999994,0.0010349999999999999,0.176649,-2.9386806747529324,1.2294448316898456,-2.9018367742433324,0.054292709581692175,0.0010329350553878285,0.17656623947250244,-0.32517270218443561,-0.048120418850813647,0.94442953100996085,-0.079467750940932808,0.99656238770114336,0.023415464543462976,-0.94230971040017508,-0.06743762087305985,-0.3278789059645637,8.7486665703735825e-05,3.0078339913973524e-05
1.6750190258026123,1790952589.4747591,0.00059819221496582031,0.034609879067047558,0.034801865284766934,0,-0.024609142453120049,0.38664278919430384,-0.045430920429412401,0.054320999999999994,0.0010349999999999999,0.176649,-2.9386806747529324,1.2294448316898456,-2.9018367742433324,0.054292709581692175,0.0010329350553878285,0.17656623947250244,-0.32517270218443561,-0.048120418850813647,0.94442953100996085,-0.079467750940932808,0.99656238770114336,0.023415464543462976,-0.94230971040017508,-0.06743762087305985,-0.3278789059645637,8.7486665703735825e-05,3.0078339913973524e-05
1.6799938678741455,1790952589.4797339,0.00059986114501953125,0.034609879067047558,0.034801865284766934,0,-0.024609142453120049,0.38664278919430384,-0.045430920429412401,0.054320999999999994,0.0010349999999999999,0.176649,-2.9386806747529324,1.2294448316898456,-2.9018367742433324,0.054292709581692175,0.0010329350553878285,0.17656623947250244,-0.32517270218443561,-0.048120418850813647,0.94442953100996085,-0.079467750940932808,0.99656238770114336,0.023415464543462976,-0.94230971040017508,-0.06743762087305985,-0.3278789059645637,8.7486665703735825e-05,3.0078339913973524e-05
1.6849939823150635,1790952589.4847341,0.00057315826416015625,0.034609879067047558,0.034801865284766934,0,-0.024609142453120049,0.38664278919430384,-0.045430920429412401,0.054320999999999994,0.0010349999999999999,0.176649,-2.9386806747529324,1.2294448316898456,-2.9018367742433324,0.054292709581692175,0.0010329350553878285,0.17656623947250244,-0.32517270218443561,-0.048120418850813647,0.94442953100996085,-0.079467750940932808,0.99656238770114336,0.023415464543462976,-0.94230971040017508,-0.06743762087305985,-0.3278789059645637,8.7486665703735825e-05,3.0078339913973524e-05
1.6899919509887695,1790952589.489732,0.00060009956359863281,0.034609879067047558,0.034801865284766934,0,-0.024609142453120049,0.38664278919430384,-0.045430920429412401,0.054320999999999994,0.0010349999999999999,0.176649,-2.9386806747529324,1.2294448316898456,-2.9018367742433324,0.054292709581692175,0.0010329350553878285,0.17656623947250244,-0.32517270218443561,-0.048120418850813647,0.94442953100996085,-0.079467750940932808,0.99656238770114336,0.023415464543462976,-0.94230971040017508,-0.06743762087305985,-0.3278789059645637,8.7486665703735825e-05,3.0078339913973524e-05
1.6956889629364014,1790952589.495429,0.0012719631195068359,0.034609879067047558,0.034801865284766934,0,-0.024609142453120049,0.38664278919430384,-0.045430920429412401,0.054320999999999994,0.0010349999999999999,0.176649,-2.9386806747529324,1.2294448316898456,-2.9018367742433324,0.054292709581692175,0.0010329350553878285,0.17656623947250244,-0.32517270218443561,-0.048120418850813647,0.94442953100996085,-0.079467750940932808,0.99656238770114336,0.023415464543462976,-0.94230971040017508,-0.06743762087305985,-0.3278789059645637,8.7486665703735825e-05,3.0078339913973524e-05
1.6999938488006592,1790952589.4997339,0.00059795379638671875,0.034609879067047558,0.034801865284766934,0,-0.024609142453120049,0.38664278919430384,-0.045430920429412401,0.054320999999999994,0.0010349999999999999,0.176649,-2.9386806747529324,1.2294448316898456,-2.9018367742433324,0.054292709581692175,0.0010329350553878285,0.17656623947250244,-0.32517270218443561,-0.048120418850813647,0.94442953100996085,-0.079467750940932808,0.99656238770114336,0.023415464543462976,-0.94230971040017508,-0.06743762087305985,-0.3278789059645637,8.7486665703735825e-05,3.0078339913973524e-05
1.7050199508666992,1790952589.50476,0.00060296058654785156,0.034609879067047558,0.034801865284766934,0,-0.024609142453120049,0.38664278919430384,-0.045430920429412401,0.054320999999999994,0.0010349999999999999,0.176649,-2.9386806747529324,1.2294448316898456,-2.9018367742433324,0.054292709581692175,0.0010329350553878285,0.17656623947250244,-0.32517270218443561,-0.048120418850813647,0.94442953100996085,-0.079467750940932808,0.99656238770114336,0.023415464543462976,-0.94230971040017508,-0.06743762087305985,-0.3278789059645637,8.7486665703735825e-05,3.0078339913973524e-05
1.709993839263916,1790952589.5097339,0.00059986114501953125,0.034609879067047558,0.034801865284766934,0,-0.024609142453120049,0.38664278919430384,-0.045430920429412401,0.054320999999999994,0.0010349999999999999,0.176649,-2.9386806747529324,1.2294448316898456,-2.9018367742433324,0.054292709581692175,0.0010329350553878285,0.17656623947250244,-0.32517270218443561,-0.048120418850813647,0.94442953100996085,-0.079467750940932808,0.99656238770114336,0.023415464543462976,-0.94230971040017508,-0.06743762087305985,-0.3278789059645637,8.7486665703735825e-05,3.0078339913973524e-05
1.7150189876556396,1790952589.5147591,0.00060105323791503906,0.034609879067047558,0.034801865284766934,0,-0.024609142453120049,0.38664278919430384,-0.045430920429412401,0.054320999999999994,0.0010349999999999999,0.176649,-2.9386806747529324,1.2294448316898456,-2.9018367742433324,0.054292709581692175,0.0010329350553878285,0.17656623947250244,-0.32517270218443561,-0.048120418850813647,0.94442953100996085,-0.079467750940932808,0.99656238770114336,0.023415464543462976,-0.94230971040017508,-0.06743762087305985,-0.3278789059645637,8.7486665703735825e-05,3.0078339913973524e-05
1.7199938297271729,1790952589.5197339,0.00060200691223144531,0.034609879067047558,0.034801865284766934,0,-0.024609142453120049,0.38664278919430384,-0.045430920429412401,0.054320999999999994,0.0010349999999999999,0.176649,-2.9386806747529324,1.2294448316898456,-2.9018367742433324,0.054292709581692175,0.0010329350553878285,0.17656623947250244,-0.32517270218443561,-0.048120418850813647,0.94442953100996085,-0.079467750940932808,0.99656238770114336,0.023415464543462976,-0.94230971040017508,-0.06743762087305985,-0.3278789059645637,8.7486665703735825e-05,3.0078339913973524e-05
1.7250180244445801,1790952589.5247581,0.00062108039855957031,0.034609879067047558,0.034801865284766934,0,-0.024609142453120049,0.38664278919430384,-0.045430920429412401,0.054320999999999994,0.0010349999999999999,0.176649,-2.9386806747529324,1.2294448316898456,-2.9018367742433324,0.054292709581692175,0.0010329350553878285,0.17656623947250244,-0.32517270218443561,-0.048120418850813647,0.94442953100996085,-0.079467750940932808,0.99656238770114336,0.023415464543462976,-0.94230971040017508,-0.06743762087305985,-0.3278789059645637,8.7486665703735825e-05,3.0078339913973524e-05
1.7299950122833252,1790952589.5297351,0.000576019287109375,0.034609879067047558,0.034801865284766934,0,-0.024609142453120049,0.38664278919430384,-0.045430920429412401,0.054320999999999994,0.0010349999999999999,0.176649,-2.9386806747529324,1.2294448316898456,-2.9018367742433324,0.054292709581692175,0.0010329350553878285,0.17656623947250244,-0.32517270218443561,-0.048120418850813647,0.94442953100996085,-0.079467750940932808,0.99656238770114336,0.023415464543462976,-0.94230971040017508,-0.06743762087305985,-0.3278789059645637,8.7486665703735825e-05,3.0078339913973524e-05
1.7350189685821533,1790952589.534759,0.00060200691223144531,0.034609879067047558,0.034801865284766934,0,-0.024609142453120049,0.38664278919430384,-0.045430920429412401,0.054320999999999994,0.0010349999999999999,0.176649,-2.9386806747529324,1.2294448316898456,-2.9018367742433324,0.054292709581692175,0.0010329350553878285,0.17656623947250244,-0.32517270218443561,-0.048120418850813647,0.94442953100996085,-0.079467750940932808,0.99656238770114336,0.023415464543462976,-0.94230971040017508,-0.06743762087305985,-0.3278789059645637,8.7486665703735825e-05,3.0078339913973524e-05
1.7400188446044922,1790952589.5397589,0.00062489509582519531,0.034609879067047558,0.034801865284766934,0,-0.024609142453120049,0.38664278919430384,-0.045430920429412401,0.054320999999999994,0.0010349999999999999,0.176649,-2.9386806747529324,1.2294448316898456,-2.9018367742433324,0.054292709581692175,0.0010329350553878285,0.17656623947250244,-0.32517270218443561,-0.048120418850813647,0.94442953100996085,-0.079467750940932808,0.99656238770114336,0.023415464543462976,-0.94230971040017508,-0.06743762087305985,-0.3278789059645637,8.7486665703735825e-05,3.0078339913973524e-05
1.7450189590454102,1790952589.544759,0.00059914588928222656,0.034609879067047558,0.034801865284766934,0,-0.024609142453120049,0.38664278919430384,-0.045430920429412401,0.054320999999999994,0.0010349999999999999,0.176649,-2.9386806747529324,1.2294448316898456,-2.9018367742433324,0.054292709581692175,0.0010329350553878285,0.17656623947250244,-0.32517270218443561,-0.048120418850813647,0.94442953100996085,-0.079467750940932808,0.99656238770114336,0.023415464543462976,-0.94230971040017508,-0.06743762087305985,-0.3278789059645637,8.7486665703735825e-05,3.0078339913973524e-05
1.7499940395355225,1790952589.5497341,0.00059819221496582031,0.034609879067047558,0.034801865284766934,0,-0.024609142453120049,0.38664278919430384,-0.045430920429412401,0.054320999999999994,0.0010349999999999999,0.176649,-2.9386806747529324,1.2294448316898456,-2.9018367742433324,0.054292709581692175,0.0010329350553878285,0.17656623947250244,-0.32517270218443561,-0.048120418850813647,0.94442953100996085,-0.079467750940932808,0.99656238770114336,0.023415464543462976,-0.94230971040017508,-0.06743762087305985,-0.3278789059645637,8.7486665703735825e-05,3.0078339913973524e-05
1.755018949508667,1790952589.554759,0.00060200691223144531,0.034609879067047558,0.034801865284766934,0,-0.024609142453120049,0.38664278919430384,-0.045430920429412401,0.054320999999999994,0.0010349999999999999,0.176649,-2.9386806747529324,1.2294448316898456,-2.9018367742433324,0.054292709581692175,0.0010329350553878285,0.17656623947250244,-0.32517270218443561,-0.048120418850813647,0.94442953100996085,-0.079467750940932808,0.99656238770114336,0.023415464543462976,-0.94230971040017508,-0.06743762087305985,-0.3278789059645637,8.7486665703735825e-05,3.0078339913973524e-05
1.7600188255310059,1790952589.5597589,0.00062680244445800781,0.034609879067047558,0.034801865284766934,0,-0.024609142453120049,0.38664278919430384,-0.045430920429412401,0.054320999999999994,0.0010349999999999999,0.176649,-2.9386806747529324,1.2294448316898456,-2.9018367742433324,0.054292709581692175,0.0010329350553878285,0.17656623947250244,-0.32517270218443561,-0.048120418850813647,0.94442953100996085,-0.079467750940932808,0.99656238770114336,0.023415464543462976,-0.94230971040017508,-0.06743762087305985,-0.3278789059645637,8.7486665703735825e-05,3.0078339913973524e-05
1.7650189399719238,1790952589.564759,0.00060105323791503906,0.034609879067047558,0.034801865284766934,0,-0.024609142453120049,0.38664278919430384,-0.045430920429412401,0.054320999999999994,0.0010349999999999999,0.176649,-2.9386806747529324,1.2294448316898456,-2.9018367742433324,0.054292709581692175,0.0010329350553878285,0.17656623947250244,-0.32517270218443561,-0.048120418850813647,0.94442953100996085,-0.079467750940932808,0.99656238770114336,0.023415464543462976,-0.94230971040017508,-0.06743762087305985,-0.3278789059645637,8.7486665703735825e-05,3.0078339913973524e-05
1.7700169086456299,1790952589.569757,0.00062489509582519531,0.034609879067047558,0.034801865284766934,0,-0.024609142453120049,0.38664278919430384,-0.045430920429412401,0.054320999999999994,0.0010349999999999999,0.176649,-2.9386806747529324,1.2294448316898456,-2.9018367742433324,0.054292709581692175,0.0010329350553878285,0.17656623947250244,-0.32517270218443561,-0.048120418850813647,0.94442953100996085,-0.079467750940932808,0.99656238770114336,0.023415464543462976,-0.94230971040017508,-0.06743762087305985,-0.3278789059645637,8.7486665703735825e-05,3.0078339913973524e-05
1.7750189304351807,1790952589.574759,0.00062704086303710938,0.034609879067047558,0.034801865284766934,0,-0.024609142453120049,0.38664278919430384,-0.045430920429412401,0.054320999999999994,0.0010349999999999999,0.176649,-2.9386806747529324,1.2294448316898456,-2.9018367742433324,0.054292709581692175,0.0010329350553878285,0.17656623947250244,-0.32517270218443561,-0.048120418850813647,0.94442953100996085,-0.079467750940932808,0.99656238770114336,0.023415464543462976,-0.94230971040017508,-0.06743762087305985,-0.3278789059645637,8.7486665703735825e-05,3.0078339913973524e-05
1.779994010925293,1790952589.5797341,0.00060105323791503906,0.034609879067047558,0.034801865284766934,0,-0.024609142453120049,0.38664278919430384,-0.045430920429412401,0.054320999999999994,0.0010349999999999999,0.176649,-2.9386806747529324,1.2294448316898456,-2.9018367742433324,0.054292709581692175,0.0010329350553878285,0.17656623947250244,-0.32517270218443561,-0.048120418850813647,0.94442953100996085,-0.079467750940932808,0.99656238770114336,0.023415464543462976,-0.94230971040017508,-0.06743762087305985,-0.3278789059645637,8.7486665703735825e-05,3.0078339913973524e-05
1.7850189208984375,1790952589.584759,0.00060200691223144531,0.034609879067047558,0.034801865284766934,0,-0.024609142453120049,0.38664278919430384,-0.045430920429412401,0.054320999999999994,0.0010349999999999999,0.176649,-2.9386806747529324,1.2294448316898456,-2.9018367742433324,0.054292709581692175,0.0010329350553878285,0.17656623947250244,-0.32517270218443561,-0.048120418850813647,0.94442953100996085,-0.079467750940932808,0.99656238770114336,0.023415464543462976,-0.94230971040017508,-0.06743762087305985,-0.3278789059645637,8.7486665703735825e-05,3.0078339913973524e-05
1.7899940013885498,1790952589.5897341,0.00060009956359863281,0.034609879067047558,0.034801865284766934,0,-0.024609142453120049,0.38664278919430384,-0.045430920429412401,0.054320999999999994,0.0010349999999999999,0.176649,-2.9386806747529324,1.2294448316898456,-2.9018367742433324,0.054292709581692175,0.0010329350553878285,0.17656623947250244,-0.32517270218443561,-0.048120418850813647,0.94442953100996085,-0.079467750940932808,0.99656238770114336,0.023415464543462976,-0.94230971040017508,-0.06743762087305985,-0.3278789059645637,8.7486665703735825e-05,3.0078339913973524e-05
1.7950189113616943,1790952589.594759,0.00060200691223144531,0.034609879067047558,0.034801865284766934,0,-0.024609142453120049,0.38664278919430384,-0.045430920429412401,0.054320999999999994,0.0010349999999999999,0.176649,-2.9386806747529324,1.2294448316898456,-2.9018367742433324,0.054292709581692175,0.0010329350553878285,0.17656623947250244,-0.32517270218443561,-0.048120418850813647,0.94442953100996085,-0.079467750940932808,0.99656238770114336,0.023415464543462976,-0.94230971040017508,-0.06743762087305985,-0.3278789059645637,8.7486665703735825e-05,3.0078339913973524e-05
1.799994945526123,1790952589.599735,0.00059604644775390625,0.034609879067047558,0.034801865284766934,0,-0.024609142453120049,0.38664278919430384,-0.045430920429412401,0.054320999999999994,0.0010349999999999999,0.176649,-2.9386806747529324,1.2294448316898456,-2.9018367742433324,0.054292709581692175,0.0010329350553878285,0.17656623947250244,-0.32517270218443561,-0.048120418850813647,0.94442953100996085,-0.079467750940932808,0.99656238770114336,0.023415464543462976,-0.94230971040017508,-0.06743762087305985,-0.3278789059645637,8.7486665703735825e-05,3.0078339913973524e-05
1.8050189018249512,1790952589.604759,0.00060105323791503906,0.034609879067047558,0.034801865284766934,0,-0.024609142453120049,0.38664278919430384,-0.045430920429412401,0.054320999999999994,0.0010349999999999999,0.176649,-2.9386806747529324,1.2294448316898456,-2.9018367742433324,0.054292709581692175,0.0010329350553878285,0.17656623947250244,-0.32517270218443561,-0.048120418850813647,0.94442953100996085,-0.079467750940932808,0.99656238770114336,0.023415464543462976,-0.94230971040017508,-0.06743762087305985,-0.3278789059645637,8.7486665703735825e-05,3.0078339913973524e-05
1.8099949359893799,1790952589.609735,0.00060009956359863281,0.034609879067047558,0.034801865284766934,0,-0.024609142453120049,0.38664278919430384,-0.045430920429412401,0.054320999999999994,0.0010349999999999999,0.176649,-2.9386806747529324,1.2294448316898456,-2.9018367742433324,0.054292709581692175,0.0010329350553878285,0.17656623947250244,-0.32517270218443561,-0.048120418850813647,0.94442953100996085,-0.079467750940932808,0.99656238770114336,0.023415464543462976,-0.94230971040017508,-0.06743762087305985,-0.3278789059645637,8.7486665703735825e-05,3.0078339913973524e-05
1.815018892288208,1790952589.614759,0.00060105323791503906,0.034609879067047558,0.034801865284766934,0,-0.024609142453120049,0.38664278919430384,-0.045430920429412401,0.054320999999999994,0.0010349999999999999,0.176649,-2.9386806747529324,1.2294448316898456,-2.9018367742433324,0.054292709581692175,0.0010329350553878285,0.17656623947250244,-0.32517270218443561,-0.048120418850813647,0.94442953100996085,-0.079467750940932808,0.99656238770114336,0.023415464543462976,-0.94230971040017508,-0.06743762087305985,-0.3278789059645637,8.7486665703735825e-05,3.0078339913973524e-05
1.8199958801269531,1790952589.619736,0.00060200691223144531,0.034609879067047558,0.034801865284766934,0,-0.024609142453120049,0.38664278919430384,-0.045430920429412401,0.054320999999999994,0.0010349999999999999,0.176649,-2.9386806747529324,1.2294448316898456,-2.9018367742433324,0.054292709581692175,0.0010329350553878285,0.17656623947250244,-0.32517270218443561,-0.048120418850813647,0.94442953100996085,-0.079467750940932808,0.99656238770114336,0.023415464543462976,-0.94230971040017508,-0.06743762087305985,-0.3278789059645637,8.7486665703735825e-05,3.0078339913973524e-05
1.8250188827514648,1790952589.624759,0.00060105323791503906,0.034609879067047558,0.034801865284766934,0,-0.024609142453120049,0.38664278919430384,-0.045430920429412401,0.054320999999999994,0.0010349999999999999,0.176649,-2.9386806747529324,1.2294448316898456,-2.9018367742433324,0.054292709581692175,0.0010329350553878285,0.17656623947250244,-0.32517270218443561,-0.048120418850813647,0.94442953100996085,-0.079467750940932808,0.99656238770114336,0.023415464543462976,-0.94230971040017508,-0.06743762087305985,-0.3278789059645637,8.7486665703735825e-05,3.0078339913973524e-05
1.8299939632415771,1790952589.629734,0.00060009956359863281,0.034609879067047558,0.034801865284766934,0,-0.024609142453120049,0.38664278919430384,-0.045430920429412401,0.054320999999999994,0.0010349999999999999,0.176649,-2.9386806747529324,1.2294448316898456,-2.9018367742433324,0.054292709581692175,0.0010329350553878285,0.17656623947250244,-0.32517270218443561,-0.048120418850813647,0.94442953100996085,-0.079467750940932808,0.99656238770114336,0.023415464543462976,-0.94230971040017508,-0.06743762087305985,-0.3278789059645637,8.7486665703735825e-05,3.0078339913973524e-05
1.8350198268890381,1790952589.6347599,0.0006008148193359375,0.034609879067047558,0.034801865284766934,0,-0.024609142453120049,0.38664278919430384,-0.045430920429412401,0.054320999999999994,0.0010349999999999999,0.176649,-2.9386806747529324,1.2294448316898456,-2.9018367742433324,0.054292709581692175,0.0010329350553878285,0.17656623947250244,-0.32517270218443561,-0.048120418850813647,0.94442953100996085,-0.079467750940932808,0.99656238770114336,0.023415464543462976,-0.94230971040017508,-0.06743762087305985,-0.3278789059645637,8.7486665703735825e-05,3.0078339913973524e-05
1.8400189876556396,1790952589.6397591,0.00062608718872070312,0.034609879067047558,0.034801865284766934,0,-0.024609142453120049,0.38664278919430384,-0.045430920429412401,0.054320999999999994,0.0010349999999999999,0.176649,-2.9386806747529324,1.2294448316898456,-2.9018367742433324,0.054292709581692175,0.0010329350553878285,0.17656623947250244,-0.32517270218443561,-0.048120418850813647,0.94442953100996085,-0.079467750940932808,0.99656238770114336,0.023415464543462976,-0.94230971040017508,-0.06743762087305985,-0.3278789059645637,8.7486665703735825e-05,3.0078339913973524e-05
1.8450188636779785,1790952589.6447589,0.00062704086303710938,0.034609879067047558,0.034801865284766934,0,-0.024609142453120049,0.38664278919430384,-0.045430920429412401,0.054320999999999994,0.0010349999999999999,0.176649,-2.9386806747529324,1.2294448316898456,-2.9018367742433324,0.054292709581692175,0.0010329350553878285,0.17656623947250244,-0.32517270218443561,-0.048120418850813647,0.94442953100996085,-0.079467750940932808,0.99656238770114336,0.023415464543462976,-0.94230971040017508,-0.06743762087305985,-0.3278789059645637,8.7486665703735825e-05,3.0078339913973524e-05
1.8500208854675293,1790952589.649761,0.00062894821166992188,0.034609879067047558,0.034801865284766934,0,-0.024609142453120049,0.38664278919430384,-0.045430920429412401,0.054320999999999994,0.0010349999999999999,0.176649,-2.9386806747529324,1.2294448316898456,-2.9018367742433324,0.054292709581692175,0.0010329350553878285,0.17656623947250244,-0.32517270218443561,-0.048120418850813647,0.94442953100996085,-0.079467750940932808,0.99656238770114336,0.023415464543462976,-0.94230971040017508,-0.06743762087305985,-0.3278789059645637,8.7486665703735825e-05,3.0078339913973524e-05
1.8550188541412354,1790952589.6547589,0.00062298774719238281,0.034609879067047558,0.034801865284766934,0,-0.024609142453120049,0.38664278919430384,-0.045430920429412401,0.054320999999999994,0.0010349999999999999,0.176649,-2.9386806747529324,1.2294448316898456,-2.9018367742433324,0.054292709581692175,0.0010329350553878285,0.17656623947250244,-0.32517270218443561,-0.048120418850813647,0.94442953100996085,-0.079467750940932808,0.99656238770114336,0.023415464543462976,-0.94230971040017508,-0.06743762087305985,-0.3278789059645637,8.7486665703735825e-05,3.0078339913973524e-05
1.8599939346313477,1790952589.659734,0.00060200691223144531,0.034609879067047558,0.034801865284766934,0,-0.024609142453120049,0.38664278919430384,-0.045430920429412401,0.054320999999999994,0.0010349999999999999,0.176649,-2.9386806747529324,1.2294448316898456,-2.9018367742433324,0.054292709581692175,0.0010329350553878285,0.17656623947250244,-0.32517270218443561,-0.048120418850813647,0.94442953100996085,-0.079467750940932808,0.99656238770114336,0.023415464543462976,-0.94230971040017508,-0.06743762087305985,-0.3278789059645637,8.7486665703735825e-05,3.0078339913973524e-05
1.8650188446044922,1790952589.6647589,0.00060296058654785156,0.034609879067047558,0.034801865284766934,0,-0.024609142453120049,0.38664278919430384,-0.045430920429412401,0.054320999999999994,0.0010349999999999999,0.176649,-2.9386806747529324,1.2294448316898456,-2.9018367742433324,0.054292709581692175,0.0010329350553878285,0.17656623947250244,-0.32517270218443561,-0.048120418850813647,0.94442953100996085,-0.079467750940932808,0.99656238770114336,0.023415464543462976,-0.94230971040017508,-0.06743762087305985,-0.3278789059645637,8.7486665703735825e-05,3.0078339913973524e-05
1.8699929714202881,1790952589.669733,0.00060105323791503906,0.034609879067047558,0.034801865284766934,0,-0.024609142453120049,0.38664278919430384,-0.045430920429412401,0.054320999999999994,0.0010349999999999999,0.176649,-2.9386806747529324,1.2294448316898456,-2.9018367742433324,0.054292709581692175,0.0010329350553878285,0.17656623947250244,-0.32517270218443561,-0.048120418850813647,0.94442953100996085,-0.079467750940932808,0.99656238770114336,0.023415464543462976,-0.94230971040017508,-0.06743762087305985,-0.3278789059645637,8.7486665703735825e-05,3.0078339913973524e-05
1.8750178813934326,1790952589.674758,0.000598907470703125,0.034609879067047558,0.034801865284766934,0,-0.024609142453120049,0.38664278919430384,-0.045430920429412401,0.054320999999999994,0.0010349999999999999,0.176649,-2.9386806747529324,1.2294448316898456,-2.9018367742433324,0.054292709581692175,0.0010329350553878285,0.17656623947250244,-0.32517270218443561,-0.048120418850813647,0.94442953100996085,-0.079467750940932808,0.99656238770114336,0.023415464543462976,-0.94230971040017508,-0.06743762087305985,-0.3278789059645637,8.7486665703735825e-05,3.0078339913973524e-05
1.880018949508667,1790952589.679759,0.00062799453735351562,0.034609879067047558,0.034801865284766934,0,-0.024609142453120049,0.38664278919430384,-0.045430920429412401,0.054320999999999994,0.0010349999999999999,0.176649,-2.9386806747529324,1.2294448316898456,-2.9018367742433324,0.054292709581692175,0.0010329350553878285,0.17656623947250244,-0.32517270218443561,-0.048120418850813647,0.94442953100996085,-0.079467750940932808,0.99656238770114336,0.023415464543462976,-0.94230971040017508,-0.06743762087305985,-0.3278789059645637,8.7486665703735825e-05,3.0078339913973524e-05
1.885016918182373,1790952589.684757,0.00060009956359863281,0.034609879067047558,0.034801865284766934,0,-0.024609142453120049,0.38664278919430384,-0.045430920429412401,0.054320999999999994,0.0010349999999999999,0.176649,-2.9386806747529324,1.2294448316898456,-2.9018367742433324,0.054292709581692175,0.0010329350553878285,0.17656623947250244,-0.32517270218443561,-0.048120418850813647,0.94442953100996085,-0.079467750940932808,0.99656238770114336,0.023415464543462976,-0.94230971040017508,-0.06743762087305985,-0.3278789059645637,8.7486665703735825e-05,3.0078339913973524e-05
1.8899929523468018,1790952589.689733,0.00060200691223144531,0.034609879067047558,0.034801865284766934,0,-0.024609142453120049,0.38664278919430384,-0.045430920429412401,0.054320999999999994,0.0010349999999999999,0.176649,-2.9386806747529324,1.2294448316898456,-2.9018367742433324,0.054292709581692175,0.0010329350553878285,0.17656623947250244,-0.32517270218443561,-0.048120418850813647,0.94442953100996085,-0.079467750940932808,0.99656238770114336,0.023415464543462976,-0.94230971040017508,-0.06743762087305985,-0.3278789059645637,8.7486665703735825e-05,3.0078339913973524e-05
1.8950178623199463,1790952589.6947579,0.00059986114501953125,0.034609879067047558,0.034801865284766934,0,-0.024609142453120049,0.38664278919430384,-0.045430920429412401,0.054320999999999994,0.0010349999999999999,0.176649,-2.9386806747529324,1.2294448316898456,-2.9018367742433324,0.054292709581692175,0.0010329350553878285,0.17656623947250244,-0.32517270218443561,-0.048120418850813647,0.94442953100996085,-0.079467750940932808,0.99656238770114336,0.023415464543462976,-0.94230971040017508,-0.06743762087305985,-0.3278789059645637,8.7486665703735825e-05,3.0078339913973524e-05
1.9000179767608643,1790952589.6997581,0.00062704086303710938,0.034609879067047558,0.034801865284766934,0,-0.024609142453120049,0.38664278919430384,-0.045430920429412401,0.054320999999999994,0.0010349999999999999,0.176649,-2.9386806747529324,1.2294448316898456,-2.9018367742433324,0.054292709581692175,0.0010329350553878285,0.17656623947250244,-0.32517270218443561,-0.048120418850813647,0.94442953100996085,-0.079467750940932808,0.99656238770114336,0.023415464543462976,-0.94230971040017508,-0.06743762087305985,-0.3278789059645637,8.7486665703735825e-05,3.0078339913973524e-05
1.9050178527832031,1790952589.7047579,0.00062704086303710938,0.034609879067047558,0.034801865284766934,0,-0.024609142453120049,0.38664278919430384,-0.045430920429412401,0.054320999999999994,0.0010349999999999999,0.176649,-2.9386806747529324,1.2294448316898456,-2.9018367742433324,0.054292709581692175,0.0010329350553878285,0.17656623947250244,-0.32517270218443561,-0.048120418850813647,0.94442953100996085,-0.079467750940932808,0.99656238770114336,0.023415464543462976,-0.94230971040017508,-0.06743762087305985,-0.3278789059645637,8.7486665703735825e-05,3.0078339913973524e-05
1.9099929332733154,1790952589.709733,0.00060009956359863281,0.034609879067047558,0.034801865284766934,0,-0.024609142453120049,0.38664278919430384,-0.045430920429412401,0.054320999999999994,0.0010349999999999999,0.176649,-2.9386806747529324,1.2294448316898456,-2.9018367742433324,0.054292709581692175,0.0010329350553878285,0.17656623947250244,-0.32517270218443561,-0.048120418850813647,0.94442953100996085,-0.079467750940932808,0.99656238770114336,0.023415464543462976,-0.94230971040017508,-0.06743762087305985,-0.3278789059645637,8.7486665703735825e-05,3.0078339913973524e-05
1.91501784324646,1790952589.7147579,0.00059986114501953125,0.034609879067047558,0.034801865284766934,0,-0.024609142453120049,0.38664278919430384,-0.045430920429412401,0.054320999999999994,0.0010349999999999999,0.176649,-2.9386806747529324,1.2294448316898456,-2.9018367742433324,0.054292709581692175,0.0010329350553878285,0.17656623947250244,-0.32517270218443561,-0.048120418850813647,0.94442953100996085,-0.079467750940932808,0.99656238770114336,0.023415464543462976,-0.94230971040017508,-0.06743762087305985,-0.3278789059645637,8.7486665703735825e-05,3.0078339913973524e-05
1.9200179576873779,1790952589.719758,0.00062203407287597656,0.034609879067047558,0.034801865284766934,0,-0.024609142453120049,0.38664278919430384,-0.045430920429412401,0.054320999999999994,0.0010349999999999999,0.176649,-2.9386806747529324,1.2294448316898456,-2.9018367742433324,0.054292709581692175,0.0010329350553878285,0.17656623947250244,-0.32517270218443561,-0.048120418850813647,0.94442953100996085,-0.079467750940932808,0.99656238770114336,0.023415464543462976,-0.94230971040017508,-0.06743762087305985,-0.3278789059645637,8.7486665703735825e-05,3.0078339913973524e-05
1.9250190258026123,1790952589.7247591,0.00060200691223144531,0.034609879067047558,0.034801865284766934,0,-0.024609142453120049,0.38664278919430384,-0.045430920429412401,0.054320999999999994,0.0010349999999999999,0.176649,-2.9386806747529324,1.2294448316898456,-2.9018367742433324,0.054292709581692175,0.0010329350553878285,0.17656623947250244,-0.32517270218443561,-0.048120418850813647,0.94442953100996085,-0.079467750940932808,0.99656238770114336,0.023415464543462976,-0.94230971040017508,-0.06743762087305985,-0.3278789059645637,8.7486665703735825e-05,3.0078339913973524e-05
1.9299919605255127,1790952589.729732,0.00057506561279296875,0.034609879067047558,0.034801865284766934,0,-0.024609142453120049,0.38664278919430384,-0.045430920429412401,0.054320999999999994,0.0010349999999999999,0.176649,-2.9386806747529324,1.2294448316898456,-2.9018367742433324,0.054292709581692175,0.0010329350553878285,0.17656623947250244,-0.32517270218443561,-0.048120418850813647,0.94442953100996085,-0.079467750940932808,0.99656238770114336,0.023415464543462976,-0.94230971040017508,-0.06743762087305985,-0.3278789059645637,8.7486665703735825e-05,3.0078339913973524e-05
1.9350190162658691,1790952589.7347591,0.00060319900512695312,0.034609879067047558,0.034801865284766934,0,-0.024609142453120049,0.38664278919430384,-0.045430920429412401,0.054320999999999994,0.0010349999999999999,0.176649,-2.9386806747529324,1.2294448316898456,-2.9018367742433324,0.054292709581692175,0.0010329350553878285,0.17656623947250244,-0.32517270218443561,-0.048120418850813647,0.94442953100996085,-0.079467750940932808,0.99656238770114336,0.023415464543462976,-0.94230971040017508,-0.06743762087305985,-0.3278789059645637,8.7486665703735825e-05,3.0078339913973524e-05
1.9400038719177246,1790952589.7397439,0.00061202049255371094,0.034609879067047558,0.034801865284766934,0,-0.024609142453120049,0.38664278919430384,-0.045430920429412401,0.054320999999999994,0.0010349999999999999,0.176649,-2.9386806747529324,1.2294448316898456,-2.9018367742433324,0.054292709581692175,0.0010329350553878285,0.17656623947250244,-0.32517270218443561,-0.048120418850813647,0.94442953100996085,-0.079467750940932808,0.99656238770114336,0.023415464543462976,-0.94230971040017508,-0.06743762087305985,-0.3278789059645637,8.7486665703735825e-05,3.0078339913973524e-05
1.9450178146362305,1790952589.7447579,0.0006008148193359375,0.034609879067047558,0.034801865284766934,0,-0.024609142453120049,0.38664278919430384,-0.045430920429412401,0.054320999999999994,0.0010349999999999999,0.176649,-2.9386806747529324,1.2294448316898456,-2.9018367742433324,0.054292709581692175,0.0010329350553878285,0.17656623947250244,-0.32517270218443561,-0.048120418850813647,0.94442953100996085,-0.079467750940932808,0.99656238770114336,0.023415464543462976,-0.94230971040017508,-0.06743762087305985,-0.3278789059645637,8.7486665703735825e-05,3.0078339913973524e-05
1.9499928951263428,1790952589.749733,0.00059294700622558594,0.034609879067047558,0.034801865284766934,0,-0.024609142453120049,0.38664278919430384,-0.045430920429412401,0.054320999999999994,0.0010349999999999999,0.176649,-2.9386806747529324,1.2294448316898456,-2.9018367742433324,0.054292709581692175,0.0010329350553878285,0.17656623947250244,-0.32517270218443561,-0.048120418850813647,0.94442953100996085,-0.079467750940932808,0.99656238770114336,0.023415464543462976,-0.94230971040017508,-0.06743762087305985,-0.3278789059645637,8.7486665703735825e-05,3.0078339913973524e-05
1.9549908638000488,1790952589.7547309,0.00057482719421386719,0.034609879067047558,0.034801865284766934,0,-0.024609142453120049,0.38664278919430384,-0.045430920429412401,0.054320999999999994,0.0010349999999999999,0.176649,-2.9386806747529324,1.2294448316898456,-2.9018367742433324,0.054292709581692175,0.0010329350553878285,0.17656623947250244,-0.32517270218443561,-0.048120418850813647,0.94442953100996085,-0.079467750940932808,0.99656238770114336,0.023415464543462976,-0.94230971040017508,-0.06743762087305985,-0.3278789059645637,8.7486665703735825e-05,3.0078339913973524e-05
1.9599928855895996,1790952589.759733,0.00057506561279296875,0.034609879067047558,0.034801865284766934,0,-0.024609142453120049,0.38664278919430384,-0.045430920429412401,0.054320999999999994,0.0010349999999999999,0.176649,-2.9386806747529324,1.2294448316898456,-2.9018367742433324,0.054292709581692175,0.0010329350553878285,0.17656623947250244,-0.32517270218443561,-0.048120418850813647,0.94442953100996085,-0.079467750940932808,0.99656238770114336,0.023415464543462976,-0.94230971040017508,-0.06743762087305985,-0.3278789059645637,8.7486665703735825e-05,3.0078339913973524e-05
1.9650180339813232,1790952589.7647581,0.00059819221496582031,0.034609879067047558,0.034801865284766934,0,-0.024609142453120049,0.38664278919430384,-0.045430920429412401,0.054320999999999994,0.0010349999999999999,0.176649,-2.9386806747529324,1.2294448316898456,-2.9018367742433324,0.054292709581692175,0.0010329350553878285,0.17656623947250244,-0.32517270218443561,-0.048120418850813647,0.94442953100996085,-0.079467750940932808,0.99656238770114336,0.023415464543462976,-0.94230971040017508,-0.06743762087305985,-0.3278789059645637,8.7486665703735825e-05,3.0078339913973524e-05
1.9699928760528564,1790952589.769733,0.00059986114501953125,0.034609879067047558,0.034801865284766934,0,-0.024609142453120049,0.38664278919430384,-0.045430920429412401,0.054320999999999994,0.0010349999999999999,0.176649,-2.9386806747529324,1.2294448316898456,-2.9018367742433324,0.054292709581692175,0.0010329350553878285,0.17656623947250244,-0.32517270218443561,-0.048120418850813647,0.94442953100996085,-0.079467750940932808,0.99656238770114336,0.023415464543462976,-0.94230971040017508,-0.06743762087305985,-0.3278789059645637,8.7486665703735825e-05,3.0078339913973524e-05
1.9750158786773682,1790952589.774756,0.00059485435485839844,0.034609879067047558,0.034801865284766934,0,-0.024609142453120049,0.38664278919430384,-0.045430920429412401,0.054320999999999994,0.0010349999999999999,0.176649,-2.9386806747529324,1.2294448316898456,-2.9018367742433324,0.054292709581692175,0.0010329350553878285,0.17656623947250244,-0.32517270218443561,-0.048120418850813647,0.94442953100996085,-0.079467750940932808,0.99656238770114336,0.023415464543462976,-0.94230971040017508,-0.06743762087305985,-0.3278789059645637,8.7486665703735825e-05,3.0078339913973524e-05
1.9799928665161133,1790952589.7797329,0.0005970001220703125,0.034609879067047558,0.034801865284766934,0,-0.024609142453120049,0.38664278919430384,-0.045430920429412401,0.054320999999999994,0.0010349999999999999,0.176649,-2.9386806747529324,1.2294448316898456,-2.9018367742433324,0.054292709581692175,0.0010329350553878285,0.17656623947250244,-0.32517270218443561,-0.048120418850813647,0.94442953100996085,-0.079467750940932808,0.99656238770114336,0.023415464543462976,-0.94230971040017508,-0.06743762087305985,-0.3278789059645637,8.7486665703735825e-05,3.0078339913973524e-05
1.9850180149078369,1790952589.7847581,0.00062012672424316406,0.034609879067047558,0.034801865284766934,0,-0.024609142453120049,0.38664278919430384,-0.045430920429412401,0.054320999999999994,0.0010349999999999999,0.176649,-2.9386806747529324,1.2294448316898456,-2.9018367742433324,0.054292709581692175,0.0010329350553878285,0.17656623947250244,-0.32517270218443561,-0.048120418850813647,0.94442953100996085,-0.079467750940932808,0.99656238770114336,0.023415464543462976,-0.94230971040017508,-0.06743762087305985,-0.3278789059645637,8.7486665703735825e-05,3.0078339913973524e-05
1.9899919033050537,1790952589.789732,0.00059604644775390625,0.034609879067047558,0.034801865284766934,0,-0.024609142453120049,0.38664278919430384,-0.045430920429412401,0.054320999999999994,0.0010349999999999999,0.176649,-2.9386806747529324,1.2294448316898456,-2.9018367742433324,0.054292709581692175,0.0010329350553878285,0.17656623947250244,-0.32517270218443561,-0.048120418850813647,0.94442953100996085,-0.079467750940932808,0.99656238770114336,0.023415464543462976,-0.94230971040017508,-0.06743762087305985,-0.3278789059645637,8.7486665703735825e-05,3.0078339913973524e-05
1.9950180053710938,1790952589.7947581,0.00059819221496582031,0.034609879067047558,0.034801865284766934,0,-0.024609142453120049,0.38664278919430384,-0.045430920429412401,0.054320999999999994,0.0010349999999999999,0.176649,-2.9386806747529324,1.2294448316898456,-2.9018367742433324,0.054292709581692175,0.0010329350553878285,0.17656623947250244,-0.32517270218443561,-0.048120418850813647,0.94442953100996085,-0.079467750940932808,0.99656238770114336,0.023415464543462976,-0.94230971040017508,-0.06743762087305985,-0.3278789059645637,8.7486665703735825e-05,3.0078339913973524e-05
1.9999909400939941,1790952589.799731,0.000598907470703125,0.034609879067047558,0.034801865284766934,0,-0.024609142453120049,0.38664278919430384,-0.045430920429412401,0.054320999999999994,0.0010349999999999999,0.176649,-2.9386806747529324,1.2294448316898456,-2.9018367742433324,0.054292709581692175,0.0010329350553878285,0.17656623947250244,-0.32517270218443561,-0.048120418850813647,0.94442953100996085,-0.079467750940932808,0.99656238770114336,0.023415464543462976,-0.94230971040017508,-0.06743762087305985,-0.3278789059645637,8.7486665703735825e-05,3.0078339913973524e-05
2.0050179958343506,1790952589.8047581,0.00060200691223144531,0.034609879067047558,0.034801865284766934,0,-0.024609142453120049,0.38664278919430384,-0.045430920429412401,0.054320999999999994,0.0010349999999999999,0.176649,-2.9386806747529324,1.2294448316898456,-2.9018367742433324,0.054292709581692175,0.0010329350553878285,0.17656623947250244,-0.32517270218443561,-0.048120418850813647,0.94442953100996085,-0.079467750940932808,0.99656238770114336,0.023415464543462976,-0.94230971040017508,-0.06743762087305985,-0.3278789059645637,8.7486665703735825e-05,3.0078339913973524e-05
2.0100178718566895,1790952589.8097579,0.00062203407287597656,0.034609879067047558,0.034801865284766934,0,-0.024609142453120049,0.38664278919430384,-0.045430920429412401,0.054320999999999994,0.0010349999999999999,0.176649,-2.9386806747529324,1.2294448316898456,-2.9018367742433324,0.054292709581692175,0.0010329350553878285,0.17656623947250244,-0.32517270218443561,-0.048120418850813647,0.94442953100996085,-0.079467750940932808,0.99656238770114336,0.023415464543462976,-0.94230971040017508,-0.06743762087305985,-0.3278789059645637,8.7486665703735825e-05,3.0078339913973524e-05
2.0150179862976074,1790952589.8147581,0.00059914588928222656,0.034609879067047558,0.034801865284766934,0,-0.024609142453120049,0.38664278919430384,-0.045430920429412401,0.054320999999999994,0.0010349999999999999,0.176649,-2.9386806747529324,1.2294448316898456,-2.9018367742433324,0.054292709581692175,0.0010329350553878285,0.17656623947250244,-0.32517270218443561,-0.048120418850813647,0.94442953100996085,-0.079467750940932808,0.99656238770114336,0.023415464543462976,-0.94230971040017508,-0.06743762087305985,-0.3278789059645637,8.7486665703735825e-05,3.0078339913973524e-05
2.0200209617614746,1790952589.819761,0.00062704086303710938,0.034609879067047558,0.034801865284766934,0,-0.024609142453120049,0.38664278919430384,-0.045430920429412401,0.054320999999999994,0.0010349999999999999,0.176649,-2.9386806747529324,1.2294448316898456,-2.9018367742433324,0.054292709581692175,0.0010329350553878285,0.17656623947250244,-0.32517270218443561,-0.048120418850813647,0.94442953100996085,-0.079467750940932808,0.99656238770114336,0.023415464543462976,-0.94230971040017508,-0.06743762087305985,-0.3278789059645637,8.7486665703735825e-05,3.0078339913973524e-05
2.0250179767608643,1790952589.8247581,0.00060009956359863281,0.034609879067047558,0.034801865284766934,0,-0.024609142453120049,0.38664278919430384,-0.045430920429412401,0.054320999999999994,0.0010349999999999999,0.176649,-2.9386806747529324,1.2294448316898456,-2.9018367742433324,0.054292709581692175,0.0010329350553878285,0.17656623947250244,-0.32517270218443561,-0.048120418850813647,0.94442953100996085,-0.079467750940932808,0.99656238770114336,0.023415464543462976,-0.94230971040017508,-0.06743762087305985,-0.3278789059645637,8.7486665703735825e-05,3.0078339913973524e-05
2.0299918651580811,1790952589.8297319,0.00059390068054199219,0.034609879067047558,0.034801865284766934,0,-0.024609142453120049,0.38664278919430384,-0.045430920429412401,0.054320999999999994,0.0010349999999999999,0.176649,-2.9386806747529324,1.2294448316898456,-2.9018367742433324,0.054292709581692175,0.0010329350553878285,0.17656623947250244,-0.32517270218443561,-0.048120418850813647,0.94442953100996085,-0.079467750940932808,0.99656238770114336,0.023415464543462976,-0.94230971040017508,-0.06743762087305985,-0.3278789059645637,8.7486665703735825e-05,3.0078339913973524e-05
2.0350179672241211,1790952589.834758,0.00060009956359863281,0.034609879067047558,0.034801865284766934,0,-0.024609142453120049,0.38664278919430384,-0.045430920429412401,0.054320999999999994,0.0010349999999999999,0.176649,-2.9386806747529324,1.2294448316898456,-2.9018367742433324,0.054292709581692175,0.0010329350553878285,0.17656623947250244,-0.32517270218443561,-0.048120418850813647,0.94442953100996085,-0.079467750940932808,0.99656238770114336,0.023415464543462976,-0.94230971040017508,-0.06743762087305985,-0.3278789059645637,8.7486665703735825e-05,3.0078339913973524e-05
2.0399928092956543,1790952589.8397329,0.00057291984558105469,0.034609879067047558,0.034801865284766934,0,-0.024609142453120049,0.38664278919430384,-0.045430920429412401,0.054320999999999994,0.0010349999999999999,0.176649,-2.9386806747529324,1.2294448316898456,-2.9018367742433324,0.054292709581692175,0.0010329350553878285,0.17656623947250244,-0.32517270218443561,-0.048120418850813647,0.94442953100996085,-0.079467750940932808,0.99656238770114336,0.023415464543462976,-0.94230971040017508,-0.06743762087305985,-0.3278789059645637,8.7486665703735825e-05,3.0078339913973524e-05
2.0450170040130615,1790952589.8447571,0.00059914588928222656,0.034609879067047558,0.034801865284766934,0,-0.024609142453120049,0.38664278919430384,-0.045430920429412401,0.054320999999999994,0.0010349999999999999,0.176649,-2.9386806747529324,1.2294448316898456,-2.9018367742433324,0.054292709581692175,0.0010329350553878285,0.17656623947250244,-0.32517270218443561,-0.048120418850813647,0.94442953100996085,-0.079467750940932808,0.99656238770114336,0.023415464543462976,-0.94230971040017508,-0.06743762087305985,-0.3278789059645637,8.7486665703735825e-05,3.0078339913973524e-05
2.049994945526123,1790952589.849735,0.00057506561279296875,0.034609879067047558,0.034801865284766934,0,-0.024609142453120049,0.38664278919430384,-0.045430920429412401,0.054320999999999994,0.0010349999999999999,0.176649,-2.9386806747529324,1.2294448316898456,-2.9018367742433324,0.054292709581692175,0.0010329350553878285,0.17656623947250244,-0.32517270218443561,-0.048120418850813647,0.94442953100996085,-0.079467750940932808,0.99656238770114336,0.023415464543462976,-0.94230971040017508,-0.06743762087305985,-0.3278789059645637,8.7486665703735825e-05,3.0078339913973524e-05
2.0550198554992676,1790952589.8547599,0.00059986114501953125,0.034609879067047558,0.034801865284766934,0,-0.024609142453120049,0.38664278919430384,-0.045430920429412401,0.054320999999999994,0.0010349999999999999,0.176649,-2.9386806747529324,1.2294448316898456,-2.9018367742433324,0.054292709581692175,0.0010329350553878285,0.17656623947250244,-0.32517270218443561,-0.048120418850813647,0.94442953100996085,-0.079467750940932808,0.99656238770114336,0.023415464543462976,-0.94230971040017508,-0.06743762087305985,-0.3278789059645637,8.7486665703735825e-05,3.0078339913973524e-05
2.0599918365478516,1790952589.8597319,0.00059795379638671875,0.034609879067047558,0.034801865284766934,0,-0.024609142453120049,0.38664278919430384,-0.045430920429412401,0.054320999999999994,0.0010349999999999999,0.176649,-2.9386806747529324,1.2294448316898456,-2.9018367742433324,0.054292709581692175,0.0010329350553878285,0.17656623947250244,-0.32517270218443561,-0.048120418850813647,0.94442953100996085,-0.079467750940932808,0.99656238770114336,0.023415464543462976,-0.94230971040017508,-0.06743762087305985,-0.3278789059645637,8.7486665703735825e-05,3.0078339913973524e-05
2.0650169849395752,1790952589.8647571,0.00060009956359863281,0.034609879067047558,0.034801865284766934,0,-0.024609142453120049,0.38664278919430384,-0.045430920429412401,0.054320999999999994,0.0010349999999999999,0.176649,-2.9386806747529324,1.2294448316898456,-2.9018367742433324,0.054292709581692175,0.0010329350553878285,0.17656623947250244,-0.32517270218443561,-0.048120418850813647,0.94442953100996085,-0.079467750940932808,0.99656238770114336,0.023415464543462976,-0.94230971040017508,-0.06743762087305985,-0.3278789059645637,8.7486665703735825e-05,3.0078339913973524e-05
2.0700178146362305,1790952589.8697579,0.00062394142150878906,0.034609879067047558,0.034801865284766934,0,-0.024609142453120049,0.38664278919430384,-0.045430920429412401,0.054320999999999994,0.0010349999999999999,0.176649,-2.9386806747529324,1.2294448316898456,-2.9018367742433324,0.054292709581692175,0.0010329350553878285,0.17656623947250244,-0.32517270218443561,-0.048120418850813647,0.94442953100996085,-0.079467750940932808,0.99656238770114336,0.023415464543462976,-0.94230971040017508,-0.06743762087305985,-0.3278789059645637,8.7486665703735825e-05,3.0078339913973524e-05
2.0750179290771484,1790952589.874758,0.00060009956359863281,0.034609879067047558,0.034801865284766934,0,-0.024609142453120049,0.38664278919430384,-0.045430920429412401,0.054320999999999994,0.0010349999999999999,0.176649,-2.9386806747529324,1.2294448316898456,-2.9018367742433324,0.054292709581692175,0.0010329350553878285,0.17656623947250244,-0.32517270218443561,-0.048120418850813647,0.94442953100996085,-0.079467750940932808,0.99656238770114336,0.023415464543462976,-0.94230971040017508,-0.06743762087305985,-0.3278789059645637,8.7486665703735825e-05,3.0078339913973524e-05
2.0800168514251709,1790952589.8797569,0.00062489509582519531,0.034609879067047558,0.034801865284766934,0,-0.024609142453120049,0.38664278919430384,-0.045430920429412401,0.054320999999999994,0.0010349999999999999,0.176649,-2.9386806747529324,1.2294448316898456,-2.9018367742433324,0.054292709581692175,0.0010329350553878285,0.17656623947250244,-0.32517270218443561,-0.048120418850813647,0.94442953100996085,-0.079467750940932808,0.99656238770114336,0.023415464543462976,-0.94230971040017508,-0.06743762087305985,-0.3278789059645637,8.7486665703735825e-05,3.0078339913973524e-05
2.0850169658660889,1790952589.884757,0.00060105323791503906,0.034609879067047558,0.034801865284766934,0,-0.024609142453120049,0.38664278919430384,-0.045430920429412401,0.054320999999999994,0.0010349999999999999,0.176649,-2.9386806747529324,1.2294448316898456,-2.9018367742433324,0.054292709581692175,0.0010329350553878285,0.17656623947250244,-0.32517270218443561,-0.048120418850813647,0.94442953100996085,-0.079467750940932808,0.99656238770114336,0.023415464543462976,-0.94230971040017508,-0.06743762087305985,-0.3278789059645637,8.7486665703735825e-05,3.0078339913973524e-05
2.089993953704834,1790952589.889734,0.00056910514831542969,0.034609879067047558,0.034801865284766934,0,-0.024609142453120049,0.38664278919430384,-0.045430920429412401,0.054320999999999994,0.0010349999999999999,0.176649,-2.9386806747529324,1.2294448316898456,-2.9018367742433324,0.054292709581692175,0.0010329350553878285,0.17656623947250244,-0.32517270218443561,-0.048120418850813647,0.94442953100996085,-0.079467750940932808,0.99656238770114336,0.023415464543462976,-0.94230971040017508,-0.06743762087305985,-0.3278789059645637,8.7486665703735825e-05,3.0078339913973524e-05
2.0950179100036621,1790952589.894758,0.00060009956359863281,0.034609879067047558,0.034801865284766934,0,-0.024609142453120049,0.38664278919430384,-0.045430920429412401,0.054320999999999994,0.0010349999999999999,0.176649,-2.9386806747529324,1.2294448316898456,-2.9018367742433324,0.054292709581692175,0.0010329350553878285,0.17656623947250244,-0.32517270218443561,-0.048120418850813647,0.94442953100996085,-0.079467750940932808,0.99656238770114336,0.023415464543462976,-0.94230971040017508,-0.06743762087305985,-0.3278789059645637,8.7486665703735825e-05,3.0078339913973524e-05
2.0999948978424072,1790952589.899735,0.00060105323791503906,0.034609879067047558,0.034801865284766934,0,-0.024609142453120049,0.38664278919430384,-0.045430920429412401,0.054320999999999994,0.0010349999999999999,0.176649,-2.9386806747529324,1.2294448316898456,-2.9018367742433324,0.054292709581692175,0.0010329350553878285,0.17656623947250244,-0.32517270218443561,-0.048120418850813647,0.94442953100996085,-0.079467750940932808,0.99656238770114336,0.023415464543462976,-0.94230971040017508,-0.06743762087305985,-0.3278789059645637,8.7486665703735825e-05,3.0078339913973524e-05
2.1050169467926025,1790952589.904757,0.00059795379638671875,0.034609879067047558,0.034801865284766934,0,-0.024609142453120049,0.38664278919430384,-0.045430920429412401,0.054320999999999994,0.0010349999999999999,0.176649,-2.9386806747529324,1.2294448316898456,-2.9018367742433324,0.054292709581692175,0.0010329350553878285,0.17656623947250244,-0.32517270218443561,-0.048120418850813647,0.94442953100996085,-0.079467750940932808,0.99656238770114336,0.023415464543462976,-0.94230971040017508,-0.06743762087305985,-0.3278789059645637,8.7486665703735825e-05,3.0078339913973524e-05
2.1100168228149414,1790952589.9097569,0.000621795654296875,0.034609879067047558,0.034801865284766934,0,-0.024609142453120049,0.38664278919430384,-0.045430920429412401,0.054320999999999994,0.0010349999999999999,0.176649,-2.9386806747529324,1.2294448316898456,-2.9018367742433324,0.054292709581692175,0.0010329350553878285,0.17656623947250244,-0.32517270218443561,-0.048120418850813647,0.94442953100996085,-0.079467750940932808,0.99656238770114336,0.023415464543462976,-0.94230971040017508,-0.06743762087305985,-0.3278789059645637,8.7486665703735825e-05,3.0078339913973524e-05
2.1150169372558594,1790952589.914757,0.00059795379638671875,0.034609879067047558,0.034801865284766934,0,-0.024609142453120049,0.38664278919430384,-0.045430920429412401,0.054320999999999994,0.0010349999999999999,0.176649,-2.9386806747529324,1.2294448316898456,-2.9018367742433324,0.054292709581692175,0.0010329350553878285,0.17656623947250244,-0.32517270218443561,-0.048120418850813647,0.94442953100996085,-0.079467750940932808,0.99656238770114336,0.023415464543462976,-0.94230971040017508,-0.06743762087305985,-0.3278789059645637,8.7486665703735825e-05,3.0078339913973524e-05
2.1200168132781982,1790952589.9197569,0.00062394142150878906,0.034609879067047558,0.034801865284766934,0,-0.024609142453120049,0.38664278919430384,-0.045430920429412401,0.054320999999999994,0.0010349999999999999,0.176649,-2.9386806747529324,1.2294448316898456,-2.9018367742433324,0.054292709581692175,0.0010329350553878285,0.17656623947250244,-0.32517270218443561,-0.048120418850813647,0.94442953100996085,-0.079467750940932808,0.99656238770114336,0.023415464543462976,-0.94230971040017508,-0.06743762087305985,-0.3278789059645637,8.7486665703735825e-05,3.0078339913973524e-05
2.1250178813934326,1790952589.924758,0.00060105323791503906,0.034609879067047558,0.034801865284766934,0,-0.024609142453120049,0.38664278919430384,-0.045430920429412401,0.054320999999999994,0.0010349999999999999,0.176649,-2.9386806747529324,1.2294448316898456,-2.9018367742433324,0.054292709581692175,0.0010329350553878285,0.17656623947250244,-0.32517270218443561,-0.048120418850813647,0.94442953100996085,-0.079467750940932808,0.99656238770114336,0.023415464543462976,-0.94230971040017508,-0.06743762087305985,-0.3278789059645637,8.7486665703735825e-05,3.0078339913973524e-05
2.130018949508667,1790952589.929759,0.00062513351440429688,0.034609879067047558,0.034801865284766934,0,-0.024609142453120049,0.38664278919430384,-0.045430920429412401,0.054320999999999994,0.0010349999999999999,0.176649,-2.9386806747529324,1.2294448316898456,-2.9018367742433324,0.054292709581692175,0.0010329350553878285,0.17656623947250244,-0.32517270218443561,-0.048120418850813647,0.94442953100996085,-0.079467750940932808,0.99656238770114336,0.023415464543462976,-0.94230971040017508,-0.06743762087305985,-0.3278789059645637,8.7486665703735825e-05,3.0078339913973524e-05
2.1350178718566895,1790952589.9347579,0.00062203407287597656,0.034609879067047558,0.034801865284766934,0,-0.024609142453120049,0.38664278919430384,-0.045430920429412401,0.054320999999999994,0.0010349999999999999,0.176649,-2.9386806747529324,1.2294448316898456,-2.9018367742433324,0.054292709581692175,0.0010329350553878285,0.17656623947250244,-0.32517270218443561,-0.048120418850813647,0.94442953100996085,-0.079467750940932808,0.99656238770114336,0.023415464543462976,-0.94230971040017508,-0.06743762087305985,-0.3278789059645637,8.7486665703735825e-05,3.0078339913973524e-05
2.140017032623291,1790952589.9397571,0.00059819221496582031,0.034609879067047558,0.034801865284766934,0,-0.024609142453120049,0.38664278919430384,-0.045430920429412401,0.054320999999999994,0.0010349999999999999,0.176649,-2.9386806747529324,1.2294448316898456,-2.9018367742433324,0.054292709581692175,0.0010329350553878285,0.17656623947250244,-0.32517270218443561,-0.048120418850813647,0.94442953100996085,-0.079467750940932808,0.99656238770114336,0.023415464543462976,-0.94230971040017508,-0.06743762087305985,-0.3278789059645637,8.7486665703735825e-05,3.0078339913973524e-05
2.1450169086456299,1790952589.944757,0.00060009956359863281,0.034609879067047558,0.034801865284766934,0,-0.024609142453120049,0.38664278919430384,-0.045430920429412401,0.054320999999999994,0.0010349999999999999,0.176649,-2.9386806747529324,1.2294448316898456,-2.9018367742433324,0.054292709581692175,0.0010329350553878285,0.17656623947250244,-0.32517270218443561,-0.048120418850813647,0.94442953100996085,-0.079467750940932808,0.99656238770114336,0.023415464543462976,-0.94230971040017508,-0.06743762087305985,-0.3278789059645637,8.7486665703735825e-05,3.0078339913973524e-05
2.1500170230865479,1790952589.9497571,0.00061798095703125,0.034609879067047558,0.034801865284766934,0,-0.024609142453120049,0.38664278919430384,-0.045430920429412401,0.054320999999999994,0.0010349999999999999,0.176649,-2.9386806747529324,1.2294448316898456,-2.9018367742433324,0.054292709581692175,0.0010329350553878285,0.17656623947250244,-0.32517270218443561,-0.048120418850813647,0.94442953100996085,-0.079467750940932808,0.99656238770114336,0.023415464543462976,-0.94230971040017508,-0.06743762087305985,-0.3278789059645637,8.7486665703735825e-05,3.0078339913973524e-05
2.155019998550415,1790952589.9547601,0.00059413909912109375,0.034609879067047558,0.034801865284766934,0,-0.024609142453120049,0.38664278919430384,-0.045430920429412401,0.054320999999999994,0.0010349999999999999,0.176649,-2.9386806747529324,1.2294448316898456,-2.9018367742433324,0.054292709581692175,0.0010329350553878285,0.17656623947250244,-0.32517270218443561,-0.048120418850813647,0.94442953100996085,-0.079467750940932808,0.99656238770114336,0.023415464543462976,-0.94230971040017508,-0.06743762087305985,-0.3278789059645637,8.7486665703735825e-05,3.0078339913973524e-05
2.1599938869476318,1790952589.959734,0.00060200691223144531,0.034609879067047558,0.034801865284766934,0,-0.024609142453120049,0.38664278919430384,-0.045430920429412401,0.054320999999999994,0.0010349999999999999,0.176649,-2.9386806747529324,1.2294448316898456,-2.9018367742433324,0.054292709581692175,0.0010329350553878285,0.17656623947250244,-0.32517270218443561,-0.048120418850813647,0.94442953100996085,-0.079467750940932808,0.99656238770114336,0.023415464543462976,-0.94230971040017508,-0.06743762087305985,-0.3278789059645637,8.7486665703735825e-05,3.0078339913973524e-05
2.1650199890136719,1790952589.9647601,0.00060296058654785156,0.034609879067047558,0.034801865284766934,0,-0.024609142453120049,0.38664278919430384,-0.045430920429412401,0.054320999999999994,0.0010349999999999999,0.176649,-2.9386806747529324,1.2294448316898456,-2.9018367742433324,0.054292709581692175,0.0010329350553878285,0.17656623947250244,-0.32517270218443561,-0.048120418850813647,0.94442953100996085,-0.079467750940932808,0.99656238770114336,0.023415464543462976,-0.94230971040017508,-0.06743762087305985,-0.3278789059645637,8.7486665703735825e-05,3.0078339913973524e-05
2.1699919700622559,1790952589.969732,0.0005970001220703125,0.034609879067047558,0.034801865284766934,0,-0.024609142453120049,0.38664278919430384,-0.045430920429412401,0.054320999999999994,0.0010349999999999999,0.176649,-2.9386806747529324,1.2294448316898456,-2.9018367742433324,0.054292709581692175,0.0010329350553878285,0.17656623947250244,-0.32517270218443561,-0.048120418850813647,0.94442953100996085,-0.079467750940932808,0.99656238770114336,0.023415464543462976,-0.94230971040017508,-0.06743762087305985,-0.3278789059645637,8.7486665703735825e-05,3.0078339913973524e-05
2.1750199794769287,1790952589.9747601,0.00060296058654785156,0.034609879067047558,0.034801865284766934,0,-0.024609142453120049,0.38664278919430384,-0.045430920429412401,0.054320999999999994,0.0010349999999999999,0.176649,-2.9386806747529324,1.2294448316898456,-2.9018367742433324,0.054292709581692175,0.0010329350553878285,0.17656623947250244,-0.32517270218443561,-0.048120418850813647,0.94442953100996085,-0.079467750940932808,0.99656238770114336,0.023415464543462976,-0.94230971040017508,-0.06743762087305985,-0.3278789059645637,8.7486665703735825e-05,3.0078339913973524e-05
2.180016040802002,1790952589.9797561,0.00062012672424316406,0.034609879067047558,0.034801865284766934,0,-0.024609142453120049,0.38664278919430384,-0.045430920429412401,0.054320999999999994,0.0010349999999999999,0.176649,-2.9386806747529324,1.2294448316898456,-2.9018367742433324,0.054292709581692175,0.0010329350553878285,0.17656623947250244,-0.32517270218443561,-0.048120418850813647,0.94442953100996085,-0.079467750940932808,0.99656238770114336,0.023415464543462976,-0.94230971040017508,-0.06743762087305985,-0.3278789059645637,8.7486665703735825e-05,3.0078339913973524e-05
2.1850168704986572,1790952589.9847569,0.0005970001220703125,0.034609879067047558,0.034801865284766934,0,-0.024609142453120049,0.38664278919430384,-0.045430920429412401,0.054320999999999994,0.0010349999999999999,0.176649,-2.9386806747529324,1.2294448316898456,-2.9018367742433324,0.054292709581692175,0.0010329350553878285,0.17656623947250244,-0.32517270218443561,-0.048120418850813647,0.94442953100996085,-0.079467750940932808,0.99656238770114336,0.023415464543462976,-0.94230971040017508,-0.06743762087305985,-0.3278789059645637,8.7486665703735825e-05,3.0078339913973524e-05
2.190018892288208,1790952589.989759,0.00062489509582519531,0.034609879067047558,0.034801865284766934,0,-0.024609142453120049,0.38664278919430384,-0.045430920429412401,0.054320999999999994,0.0010349999999999999,0.176649,-2.9386806747529324,1.2294448316898456,-2.9018367742433324,0.054292709581692175,0.0010329350553878285,0.17656623947250244,-0.32517270218443561,-0.048120418850813647,0.94442953100996085,-0.079467750940932808,0.99656238770114336,0.023415464543462976,-0.94230971040017508,-0.06743762087305985,-0.3278789059645637,8.7486665703735825e-05,3.0078339913973524e-05
2.1950178146362305,1790952589.9947579,0.000598907470703125,0.034609879067047558,0.034801865284766934,0,-0.024609142453120049,0.38664278919430384,-0.045430920429412401,0.054320999999999994,0.0010349999999999999,0.176649,-2.9386806747529324,1.2294448316898456,-2.9018367742433324,0.054292709581692175,0.0010329350553878285,0.17656623947250244,-0.32517270218443561,-0.048120418850813647,0.94442953100996085,-0.079467750940932808,0.99656238770114336,0.023415464543462976,-0.94230971040017508,-0.06743762087305985,-0.3278789059645637,8.7486665703735825e-05,3.0078339913973524e-05
2.2000160217285156,1790952589.9997561,0.00062417984008789062,0.034609879067047558,0.034801865284766934,0,-0.024609142453120049,0.38664278919430384,-0.045430920429412401,0.054320999999999994,0.0010349999999999999,0.176649,-2.9386806747529324,1.2294448316898456,-2.9018367742433324,0.054292709581692175,0.0010329350553878285,0.17656623947250244,-0.32517270218443561,-0.048120418850813647,0.94442953100996085,-0.079467750940932808,0.99656238770114336,0.023415464543462976,-0.94230971040017508,-0.06743762087305985,-0.3278789059645637,8.7486665703735825e-05,3.0078339913973524e-05
2.2050189971923828,1790952590.0047591,0.00060009956359863281,0.034609879067047558,0.034801865284766934,0,-0.024609142453120049,0.38664278919430384,-0.045430920429412401,0.054320999999999994,0.0010349999999999999,0.176649,-2.9386806747529324,1.2294448316898456,-2.9018367742433324,0.054292709581692175,0.0010329350553878285,0.17656623947250244,-0.32517270218443561,-0.048120418850813647,0.94442953100996085,-0.079467750940932808,0.99656238770114336,0.023415464543462976,-0.94230971040017508,-0.06743762087305985,-0.3278789059645637,8.7486665703735825e-05,3.0078339913973524e-05
2.209993839263916,1790952590.0097339,0.00057482719421386719,0.034609879067047558,0.034801865284766934,0,-0.024609142453120049,0.38664278919430384,-0.045430920429412401,0.054320999999999994,0.0010349999999999999,0.176649,-2.9386806747529324,1.2294448316898456,-2.9018367742433324,0.054292709581692175,0.0010329350553878285,0.17656623947250244,-0.32517270218443561,-0.048120418850813647,0.94442953100996085,-0.079467750940932808,0.99656238770114336,0.023415464543462976,-0.94230971040017508,-0.06743762087305985,-0.3278789059645637,8.7486665703735825e-05,3.0078339913973524e-05
2.2150199413299561,1790952590.01476,0.00059199333190917969,0.034609879067047558,0.034801865284766934,0,-0.024609142453120049,0.38664278919430384,-0.045430920429412401,0.054320999999999994,0.0010349999999999999,0.176649,-2.9386806747529324,1.2294448316898456,-2.9018367742433324,0.054292709581692175,0.0010329350553878285,0.17656623947250244,-0.32517270218443561,-0.048120418850813647,0.94442953100996085,-0.079467750940932808,0.99656238770114336,0.023415464543462976,-0.94230971040017508,-0.06743762087305985,-0.3278789059645637,8.7486665703735825e-05,3.0078339913973524e-05
2.2199928760528564,1790952590.019733,0.00060200691223144531,0.034609879067047558,0.034801865284766934,0,-0.024609142453120049,0.38664278919430384,-0.045430920429412401,0.054320999999999994,0.0010349999999999999,0.176649,-2.9386806747529324,1.2294448316898456,-2.9018367742433324,0.054292709581692175,0.0010329350553878285,0.17656623947250244,-0.32517270218443561,-0.048120418850813647,0.94442953100996085,-0.079467750940932808,0.99656238770114336,0.023415464543462976,-0.94230971040017508,-0.06743762087305985,-0.3278789059645637,8.7486665703735825e-05,3.0078339913973524e-05
2.2250180244445801,1790952590.0247581,0.00060319900512695312,0.034609879067047558,0.034801865284766934,0,-0.024609142453120049,0.38664278919430384,-0.045430920429412401,0.054320999999999994,0.0010349999999999999,0.176649,-2.9386806747529324,1.2294448316898456,-2.9018367742433324,0.054292709581692175,0.0010329350553878285,0.17656623947250244,-0.32517270218443561,-0.048120418850813647,0.94442953100996085,-0.079467750940932808,0.99656238770114336,0.023415464543462976,-0.94230971040017508,-0.06743762087305985,-0.3278789059645637,8.7486665703735825e-05,3.0078339913973524e-05
2.2300159931182861,1790952590.0297561,0.00062298774719238281,0.034609879067047558,0.034801865284766934,0,-0.024609142453120049,0.38664278919430384,-0.045430920429412401,0.054320999999999994,0.0010349999999999999,0.176649,-2.9386806747529324,1.2294448316898456,-2.9018367742433324,0.054292709581692175,0.0010329350553878285,0.17656623947250244,-0.32517270218443561,-0.048120418850813647,0.94442953100996085,-0.079467750940932808,0.99656238770114336,0.023415464543462976,-0.94230971040017508,-0.06743762087305985,-0.3278789059645637,8.7486665703735825e-05,3.0078339913973524e-05
2.2350168228149414,1790952590.0347569,0.000598907470703125,0.034609879067047558,0.034801865284766934,0,-0.024609142453120049,0.38664278919430384,-0.045430920429412401,0.054320999999999994,0.0010349999999999999,0.176649,-2.9386806747529324,1.2294448316898456,-2.9018367742433324,0.054292709581692175,0.0010329350553878285,0.17656623947250244,-0.32517270218443561,-0.048120418850813647,0.94442953100996085,-0.079467750940932808,0.99656238770114336,0.023415464543462976,-0.94230971040017508,-0.06743762087305985,-0.3278789059645637,8.7486665703735825e-05,3.0078339913973524e-05
2.2399928569793701,1790952590.0397329,0.0005779266357421875,0.034609879067047558,0.034801865284766934,0,-0.024609142453120049,0.38664278919430384,-0.045430920429412401,0.054320999999999994,0.0010349999999999999,0.176649,-2.9386806747529324,1.2294448316898456,-2.9018367742433324,0.054292709581692175,0.0010329350553878285,0.17656623947250244,-0.32517270218443561,-0.048120418850813647,0.94442953100996085,-0.079467750940932808,0.99656238770114336,0.023415464543462976,-0.94230971040017508,-0.06743762087305985,-0.3278789059645637,8.7486665703735825e-05,3.0078339913973524e-05
2.2450180053710938,1790952590.0447581,0.00060319900512695312,0.034609879067047558,0.034801865284766934,0,-0.024609142453120049,0.38664278919430384,-0.045430920429412401,0.054320999999999994,0.0010349999999999999,0.176649,-2.9386806747529324,1.2294448316898456,-2.9018367742433324,0.054292709581692175,0.0010329350553878285,0.17656623947250244,-0.32517270218443561,-0.048120418850813647,0.94442953100996085,-0.079467750940932808,0.99656238770114336,0.023415464543462976,-0.94230971040017508,-0.06743762087305985,-0.3278789059645637,8.7486665703735825e-05,3.0078339913973524e-05
2.2499909400939941,1790952590.049731,0.00060105323791503906,0.034609879067047558,0.034801865284766934,0,-0.024609142453120049,0.38664278919430384,-0.045430920429412401,0.054320999999999994,0.0010349999999999999,0.176649,-2.9386806747529324,1.2294448316898456,-2.9018367742433324,0.054292709581692175,0.0010329350553878285,0.17656623947250244,-0.32517270218443561,-0.048120418850813647,0.94442953100996085,-0.079467750940932808,0.99656238770114336,0.023415464543462976,-0.94230971040017508,-0.06743762087305985,-0.3278789059645637,8.7486665703735825e-05,3.0078339913973524e-05
2.2550179958343506,1790952590.0547581,0.00060009956359863281,0.034609879067047558,0.034801865284766934,0,-0.024609142453120049,0.38664278919430384,-0.045430920429412401,0.054320999999999994,0.0010349999999999999,0.176649,-2.9386806747529324,1.2294448316898456,-2.9018367742433324,0.054292709581692175,0.0010329350553878285,0.17656623947250244,-0.32517270218443561,-0.048120418850813647,0.94442953100996085,-0.079467750940932808,0.99656238770114336,0.023415464543462976,-0.94230971040017508,-0.06743762087305985,-0.3278789059645637,8.7486665703735825e-05,3.0078339913973524e-05
2.2600178718566895,1790952590.0597579,0.00062704086303710938,0.034609879067047558,0.034801865284766934,0,-0.024609142453120049,0.38664278919430384,-0.045430920429412401,0.054320999999999994,0.0010349999999999999,0.176649,-2.9386806747529324,1.2294448316898456,-2.9018367742433324,0.054292709581692175,0.0010329350553878285,0.17656623947250244,-0.32517270218443561,-0.048120418850813647,0.94442953100996085,-0.079467750940932808,0.99656238770114336,0.023415464543462976,-0.94230971040017508,-0.06743762087305985,-0.3278789059645637,8.7486665703735825e-05,3.0078339913973524e-05
2.2650189399719238,1790952590.064759,0.00060296058654785156,0.034609879067047558,0.034801865284766934,0,-0.024609142453120049,0.38664278919430384,-0.045430920429412401,0.054320999999999994,0.0010349999999999999,0.176649,-2.9386806747529324,1.2294448316898456,-2.9018367742433324,0.054292709581692175,0.0010329350553878285,0.17656623947250244,-0.32517270218443561,-0.048120418850813647,0.94442953100996085,-0.079467750940932808,0.99656238770114336,0.023415464543462976,-0.94230971040017508,-0.06743762087305985,-0.3278789059645637,8.7486665703735825e-05,3.0078339913973524e-05
2.2700169086456299,1790952590.069757,0.00062203407287597656,0.034609879067047558,0.034801865284766934,0,-0.024609142453120049,0.38664278919430384,-0.045430920429412401,0.054320999999999994,0.0010349999999999999,0.176649,-2.9386806747529324,1.2294448316898456,-2.9018367742433324,0.054292709581692175,0.0010329350553878285,0.17656623947250244,-0.32517270218443561,-0.048120418850813647,0.94442953100996085,-0.079467750940932808,0.99656238770114336,0.023415464543462976,-0.94230971040017508,-0.06743762087305985,-0.3278789059645637,8.7486665703735825e-05,3.0078339913973524e-05
2.2750158309936523,1790952590.0747559,0.00059986114501953125,0.034609879067047558,0.034801865284766934,0,-0.024609142453120049,0.38664278919430384,-0.045430920429412401,0.054320999999999994,0.0010349999999999999,0.176649,-2.9386806747529324,1.2294448316898456,-2.9018367742433324,0.054292709581692175,0.0010329350553878285,0.17656623947250244,-0.32517270218443561,-0.048120418850813647,0.94442953100996085,-0.079467750940932808,0.99656238770114336,0.023415464543462976,-0.94230971040017508,-0.06743762087305985,-0.3278789059645637,8.7486665703735825e-05,3.0078339913973524e-05
2.2800159454345703,1790952590.079756,0.00062608718872070312,0.034609879067047558,0.034801865284766934,0,-0.024609142453120049,0.38664278919430384,-0.045430920429412401,0.054320999999999994,0.0010349999999999999,0.176649,-2.9386806747529324,1.2294448316898456,-2.9018367742433324,0.054292709581692175,0.0010329350553878285,0.17656623947250244,-0.32517270218443561,-0.048120418850813647,0.94442953100996085,-0.079467750940932808,0.99656238770114336,0.023415464543462976,-0.94230971040017508,-0.06743762087305985,-0.3278789059645637,8.7486665703735825e-05,3.0078339913973524e-05
2.2850170135498047,1790952590.0847571,0.00060009956359863281,0.034609879067047558,0.034801865284766934,0,-0.024609142453120049,0.38664278919430384,-0.045430920429412401,0.054320999999999994,0.0010349999999999999,0.176649,-2.9386806747529324,1.2294448316898456,-2.9018367742433324,0.054292709581692175,0.0010329350553878285,0.17656623947250244,-0.32517270218443561,-0.048120418850813647,0.94442953100996085,-0.079467750940932808,0.99656238770114336,0.023415464543462976,-0.94230971040017508,-0.06743762087305985,-0.3278789059645637,8.7486665703735825e-05,3.0078339913973524e-05
2.29001784324646,1790952590.0897579,0.00062203407287597656,0.034609879067047558,0.034801865284766934,0,-0.024609142453120049,0.38664278919430384,-0.045430920429412401,0.054320999999999994,0.0010349999999999999,0.176649,-2.9386806747529324,1.2294448316898456,-2.9018367742433324,0.054292709581692175,0.0010329350553878285,0.17656623947250244,-0.32517270218443561,-0.048120418850813647,0.94442953100996085,-0.079467750940932808,0.99656238770114336,0.023415464543462976,-0.94230971040017508,-0.06743762087305985,-0.3278789059645637,8.7486665703735825e-05,3.0078339913973524e-05
2.2950189113616943,1790952590.094759,0.00060105323791503906,0.034609879067047558,0.034801865284766934,0,-0.024609142453120049,0.38664278919430384,-0.045430920429412401,0.054320999999999994,0.0010349999999999999,0.176649,-2.9386806747529324,1.2294448316898456,-2.9018367742433324,0.054292709581692175,0.0010329350553878285,0.17656623947250244,-0.32517270218443561,-0.048120418850813647,0.94442953100996085,-0.079467750940932808,0.99656238770114336,0.023415464543462976,-0.94230971040017508,-0.06743762087305985,-0.3278789059645637,8.7486665703735825e-05,3.0078339913973524e-05
2.3000178337097168,1790952590.0997579,0.00061893463134765625,0.034609879067047558,0.034801865284766934,0,-0.024609142453120049,0.38664278919430384,-0.045430920429412401,0.054320999999999994,0.0010349999999999999,0.176649,-2.9386806747529324,1.2294448316898456,-2.9018367742433324,0.054292709581692175,0.0010329350553878285,0.17656623947250244,-0.32517270218443561,-0.048120418850813647,0.94442953100996085,-0.079467750940932808,0.99656238770114336,0.023415464543462976,-0.94230971040017508,-0.06743762087305985,-0.3278789059645637,8.7486665703735825e-05,3.0078339913973524e-05
2.3050179481506348,1790952590.104758,0.00060200691223144531,0.034609879067047558,0.034801865284766934,0,-0.024609142453120049,0.38664278919430384,-0.045430920429412401,0.054320999999999994,0.0010349999999999999,0.176649,-2.9386806747529324,1.2294448316898456,-2.9018367742433324,0.054292709581692175,0.0010329350553878285,0.17656623947250244,-0.32517270218443561,-0.048120418850813647,0.94442953100996085,-0.079467750940932808,0.99656238770114336,0.023415464543462976,-0.94230971040017508,-0.06743762087305985,-0.3278789059645637,8.7486665703735825e-05,3.0078339913973524e-05
2.3099908828735352,1790952590.109731,0.00057291984558105469,0.034609879067047558,0.034801865284766934,0,-0.024609142453120049,0.38664278919430384,-0.045430920429412401,0.054320999999999994,0.0010349999999999999,0.176649,-2.9386806747529324,1.2294448316898456,-2.9018367742433324,0.054292709581692175,0.0010329350553878285,0.17656623947250244,-0.32517270218443561,-0.048120418850813647,0.94442953100996085,-0.079467750940932808,0.99656238770114336,0.023415464543462976,-0.94230971040017508,-0.06743762087305985,-0.3278789059645637,8.7486665703735825e-05,3.0078339913973524e-05
2.3150179386138916,1790952590.114758,0.00059604644775390625,0.034609879067047558,0.034801865284766934,0,-0.024609142453120049,0.38664278919430384,-0.045430920429412401,0.054320999999999994,0.0010349999999999999,0.176649,-2.9386806747529324,1.2294448316898456,-2.9018367742433324,0.054292709581692175,0.0010329350553878285,0.17656623947250244,-0.32517270218443561,-0.048120418850813647,0.94442953100996085,-0.079467750940932808,0.99656238770114336,0.023415464543462976,-0.94230971040017508,-0.06743762087305985,-0.3278789059645637,8.7486665703735825e-05,3.0078339913973524e-05
2.3199930191040039,1790952590.1197331,0.00060200691223144531,0.034609879067047558,0.034801865284766934,0,-0.024609142453120049,0.38664278919430384,-0.045430920429412401,0.054320999999999994,0.0010349999999999999,0.176649,-2.9386806747529324,1.2294448316898456,-2.9018367742433324,0.054292709581692175,0.0010329350553878285,0.17656623947250244,-0.32517270218443561,-0.048120418850813647,0.94442953100996085,-0.079467750940932808,0.99656238770114336,0.023415464543462976,-0.94230971040017508,-0.06743762087305985,-0.3278789059645637,8.7486665703735825e-05,3.0078339913973524e-05
2.3250160217285156,1790952590.1247561,0.00060009956359863281,0.034609879067047558,0.034801865284766934,0,-0.024609142453120049,0.38664278919430384,-0.045430920429412401,0.054320999999999994,0.0010349999999999999,0.176649,-2.9386806747529324,1.2294448316898456,-2.9018367742433324,0.054292709581692175,0.0010329350553878285,0.17656623947250244,-0.32517270218443561,-0.048120418850813647,0.94442953100996085,-0.079467750940932808,0.99656238770114336,0.023415464543462976,-0.94230971040017508,-0.06743762087305985,-0.3278789059645637,8.7486665703735825e-05,3.0078339913973524e-05
2.3299908638000488,1790952590.1297309,0.00057482719421386719,0.034609879067047558,0.034801865284766934,0,-0.024609142453120049,0.38664278919430384,-0.045430920429412401,0.054320999999999994,0.0010349999999999999,0.176649,-2.9386806747529324,1.2294448316898456,-2.9018367742433324,0.054292709581692175,0.0010329350553878285,0.17656623947250244,-0.32517270218443561,-0.048120418850813647,0.94442953100996085,-0.079467750940932808,0.99656238770114336,0.023415464543462976,-0.94230971040017508,-0.06743762087305985,-0.3278789059645637,8.7486665703735825e-05,3.0078339913973524e-05
2.3350169658660889,1790952590.134757,0.00060200691223144531,0.034609879067047558,0.034801865284766934,0,-0.024609142453120049,0.38664278919430384,-0.045430920429412401,0.054320999999999994,0.0010349999999999999,0.176649,-2.9386806747529324,1.2294448316898456,-2.9018367742433324,0.054292709581692175,0.0010329350553878285,0.17656623947250244,-0.32517270218443561,-0.048120418850813647,0.94442953100996085,-0.079467750940932808,0.99656238770114336,0.023415464543462976,-0.94230971040017508,-0.06743762087305985,-0.3278789059645637,8.7486665703735825e-05,3.0078339913973524e-05
2.3399908542633057,1790952590.1397309,0.0006008148193359375,0.034609879067047558,0.034801865284766934,0,-0.024609142453120049,0.38664278919430384,-0.045430920429412401,0.054320999999999994,0.0010349999999999999,0.176649,-2.9386806747529324,1.2294448316898456,-2.9018367742433324,0.054292709581692175,0.0010329350553878285,0.17656623947250244,-0.32517270218443561,-0.048120418850813647,0.94442953100996085,-0.079467750940932808,0.99656238770114336,0.023415464543462976,-0.94230971040017508,-0.06743762087305985,-0.3278789059645637,8.7486665703735825e-05,3.0078339913973524e-05
2.3450160026550293,1790952590.1447561,0.00060105323791503906,0.034609879067047558,0.034801865284766934,0,-0.024609142453120049,0.38664278919430384,-0.045430920429412401,0.054320999999999994,0.0010349999999999999,0.176649,-2.9386806747529324,1.2294448316898456,-2.9018367742433324,0.054292709581692175,0.0010329350553878285,0.17656623947250244,-0.32517270218443561,-0.048120418850813647,0.94442953100996085,-0.079467750940932808,0.99656238770114336,0.023415464543462976,-0.94230971040017508,-0.06743762087305985,-0.3278789059645637,8.7486665703735825e-05,3.0078339913973524e-05
2.349992036819458,1790952590.1497321,0.00059914588928222656,0.034609879067047558,0.034801865284766934,0,-0.024609142453120049,0.38664278919430384,-0.045430920429412401,0.054320999999999994,0.0010349999999999999,0.176649,-2.9386806747529324,1.2294448316898456,-2.9018367742433324,0.054292709581692175,0.0010329350553878285,0.17656623947250244,-0.32517270218443561,-0.048120418850813647,0.94442953100996085,-0.079467750940932808,0.99656238770114336,0.023415464543462976,-0.94230971040017508,-0.06743762087305985,-0.3278789059645637,8.7486665703735825e-05,3.0078339913973524e-05
2.3550150394439697,1790952590.1547551,0.00060009956359863281,0.034609879067047558,0.034801865284766934,0,-0.024609142453120049,0.38664278919430384,-0.045430920429412401,0.054320999999999994,0.0010349999999999999,0.176649,-2.9386806747529324,1.2294448316898456,-2.9018367742433324,0.054292709581692175,0.0010329350553878285,0.17656623947250244,-0.32517270218443561,-0.048120418850813647,0.94442953100996085,-0.079467750940932808,0.99656238770114336,0.023415464543462976,-0.94230971040017508,-0.06743762087305985,-0.3278789059645637,8.7486665703735825e-05,3.0078339913973524e-05
2.3599908351898193,1790952590.1597309,0.00057196617126464844,0.034609879067047558,0.034801865284766934,0,-0.024609142453120049,0.38664278919430384,-0.045430920429412401,0.054320999999999994,0.0010349999999999999,0.176649,-2.9386806747529324,1.2294448316898456,-2.9018367742433324,0.054292709581692175,0.0010329350553878285,0.17656623947250244,-0.32517270218443561,-0.048120418850813647,0.94442953100996085,-0.079467750940932808,0.99656238770114336,0.023415464543462976,-0.94230971040017508,-0.06743762087305985,-0.3278789059645637,8.7486665703735825e-05,3.0078339913973524e-05
2.3650169372558594,1790952590.164757,0.00060296058654785156,0.034609879067047558,0.034801865284766934,0,-0.024609142453120049,0.38664278919430384,-0.045430920429412401,0.054320999999999994,0.0010349999999999999,0.176649,-2.9386806747529324,1.2294448316898456,-2.9018367742433324,0.054292709581692175,0.0010329350553878285,0.17656623947250244,-0.32517270218443561,-0.048120418850813647,0.94442953100996085,-0.079467750940932808,0.99656238770114336,0.023415464543462976,-0.94230971040017508,-0.06743762087305985,-0.3278789059645637,8.7486665703735825e-05,3.0078339913973524e-05
2.370013952255249,1790952590.169754,0.00062203407287597656,0.034609879067047558,0.034801865284766934,0,-0.024609142453120049,0.38664278919430384,-0.045430920429412401,0.054320999999999994,0.0010349999999999999,0.176649,-2.9386806747529324,1.2294448316898456,-2.9018367742433324,0.054292709581692175,0.0010329350553878285,0.17656623947250244,-0.32517270218443561,-0.048120418850813647,0.94442953100996085,-0.079467750940932808,0.99656238770114336,0.023415464543462976,-0.94230971040017508,-0.06743762087305985,-0.3278789059645637,8.7486665703735825e-05,3.0078339913973524e-05
2.3750159740447998,1790952590.1747561,0.00060200691223144531,0.034609879067047558,0.034801865284766934,0,-0.024609142453120049,0.38664278919430384,-0.045430920429412401,0.054320999999999994,0.0010349999999999999,0.176649,-2.9386806747529324,1.2294448316898456,-2.9018367742433324,0.054292709581692175,0.0010329350553878285,0.17656623947250244,-0.32517270218443561,-0.048120418850813647,0.94442953100996085,-0.079467750940932808,0.99656238770114336,0.023415464543462976,-0.94230971040017508,-0.06743762087305985,-0.3278789059645637,8.7486665703735825e-05,3.0078339913973524e-05
2.3800158500671387,1790952590.1797559,0.00062084197998046875,0.034609879067047558,0.034801865284766934,0,-0.024609142453120049,0.38664278919430384,-0.045430920429412401,0.054320999999999994,0.0010349999999999999,0.176649,-2.9386806747529324,1.2294448316898456,-2.9018367742433324,0.054292709581692175,0.0010329350553878285,0.17656623947250244,-0.32517270218443561,-0.048120418850813647,0.94442953100996085,-0.079467750940932808,0.99656238770114336,0.023415464543462976,-0.94230971040017508,-0.06743762087305985,-0.3278789059645637,8.7486665703735825e-05,3.0078339913973524e-05
2.3850138187408447,1790952590.1847539,0.000598907470703125,0.034609879067047558,0.034801865284766934,0,-0.024609142453120049,0.38664278919430384,-0.045430920429412401,0.054320999999999994,0.0010349999999999999,0.176649,-2.9386806747529324,1.2294448316898456,-2.9018367742433324,0.054292709581692175,0.0010329350553878285,0.17656623947250244,-0.32517270218443561,-0.048120418850813647,0.94442953100996085,-0.079467750940932808,0.99656238770114336,0.023415464543462976,-0.94230971040017508,-0.06743762087305985,-0.3278789059645637,8.7486665703735825e-05,3.0078339913973524e-05
2.3900158405303955,1790952590.1897559,0.00061798095703125,0.034609879067047558,0.034801865284766934,0,-0.024609142453120049,0.38664278919430384,-0.045430920429412401,0.054320999999999994,0.0010349999999999999,0.176649,-2.9386806747529324,1.2294448316898456,-2.9018367742433324,0.054292709581692175,0.0010329350553878285,0.17656623947250244,-0.32517270218443561,-0.048120418850813647,0.94442953100996085,-0.079467750940932808,0.99656238770114336,0.023415464543462976,-0.94230971040017508,-0.06743762087305985,-0.3278789059645637,8.7486665703735825e-05,3.0078339913973524e-05
2.3950178623199463,1790952590.1947579,0.00060105323791503906,0.034609879067047558,0.034801865284766934,0,-0.024609142453120049,0.38664278919430384,-0.045430920429412401,0.054320999999999994,0.0010349999999999999,0.176649,-2.9386806747529324,1.2294448316898456,-2.9018367742433324,0.054292709581692175,0.0010329350553878285,0.17656623947250244,-0.32517270218443561,-0.048120418850813647,0.94442953100996085,-0.079467750940932808,0.99656238770114336,0.023415464543462976,-0.94230971040017508,-0.06743762087305985,-0.3278789059645637,8.7486665703735825e-05,3.0078339913973524e-05
2.3999898433685303,1790952590.1997299,0.00057482719421386719,0.034609879067047558,0.034801865284766934,0,-0.024609142453120049,0.38664278919430384,-0.045430920429412401,0.054320999999999994,0.0010349999999999999,0.176649,-2.9386806747529324,1.2294448316898456,-2.9018367742433324,0.054292709581692175,0.0010329350553878285,0.17656623947250244,-0.32517270218443561,-0.048120418850813647,0.94442953100996085,-0.079467750940932808,0.99656238770114336,0.023415464543462976,-0.94230971040017508,-0.06743762087305985,-0.3278789059645637,8.7486665703735825e-05,3.0078339913973524e-05
2.4050140380859375,1790952590.2047541,0.00059604644775390625,0.034609879067047558,0.034801865284766934,0,-0.024609142453120049,0.38664278919430384,-0.045430920429412401,0.054320999999999994,0.0010349999999999999,0.176649,-2.9386806747529324,1.2294448316898456,-2.9018367742433324,0.054292709581692175,0.0010329350553878285,0.17656623947250244,-0.32517270218443561,-0.048120418850813647,0.94442953100996085,-0.079467750940932808,0.99656238770114336,0.023415464543462976,-0.94230971040017508,-0.06743762087305985,-0.3278789059645637,8.7486665703735825e-05,3.0078339913973524e-05
2.4099910259246826,1790952590.2097311,0.000576019287109375,0.034609879067047558,0.034801865284766934,0,-0.024609142453120049,0.38664278919430384,-0.045430920429412401,0.054320999999999994,0.0010349999999999999,0.176649,-2.9386806747529324,1.2294448316898456,-2.9018367742433324,0.054292709581692175,0.0010329350553878285,0.17656623947250244,-0.32517270218443561,-0.048120418850813647,0.94442953100996085,-0.079467750940932808,0.99656238770114336,0.023415464543462976,-0.94230971040017508,-0.06743762087305985,-0.3278789059645637,8.7486665703735825e-05,3.0078339913973524e-05
2.4150168895721436,1790952590.214757,0.00060296058654785156,0.034609879067047558,0.034801865284766934,0,-0.024609142453120049,0.38664278919430384,-0.045430920429412401,0.054320999999999994,0.0010349999999999999,0.176649,-2.9386806747529324,1.2294448316898456,-2.9018367742433324,0.054292709581692175,0.0010329350553878285,0.17656623947250244,-0.32517270218443561,-0.048120418850813647,0.94442953100996085,-0.079467750940932808,0.99656238770114336,0.023415464543462976,-0.94230971040017508,-0.06743762087305985,-0.3278789059645637,8.7486665703735825e-05,3.0078339913973524e-05
2.4199910163879395,1790952590.2197311,0.00057506561279296875,0.034609879067047558,0.034801865284766934,0,-0.024609142453120049,0.38664278919430384,-0.045430920429412401,0.054320999999999994,0.0010349999999999999,0.176649,-2.9386806747529324,1.2294448316898456,-2.9018367742433324,0.054292709581692175,0.0010329350553878285,0.17656623947250244,-0.32517270218443561,-0.048120418850813647,0.94442953100996085,-0.079467750940932808,0.99656238770114336,0.023415464543462976,-0.94230971040017508,-0.06743762087305985,-0.3278789059645637,8.7486665703735825e-05,3.0078339913973524e-05
2.425015926361084,1790952590.224756,0.000598907470703125,0.034609879067047558,0.034801865284766934,0,-0.024609142453120049,0.38664278919430384,-0.045430920429412401,0.054320999999999994,0.0010349999999999999,0.176649,-2.9386806747529324,1.2294448316898456,-2.9018367742433324,0.054292709581692175,0.0010329350553878285,0.17656623947250244,-0.32517270218443561,-0.048120418850813647,0.94442953100996085,-0.079467750940932808,0.99656238770114336,0.023415464543462976,-0.94230971040017508,-0.06743762087305985,-0.3278789059645637,8.7486665703735825e-05,3.0078339913973524e-05
2.4300148487091064,1790952590.2297549,0.00059986114501953125,0.034609879067047558,0.034801865284766934,0,-0.024609142453120049,0.38664278919430384,-0.045430920429412401,0.054320999999999994,0.0010349999999999999,0.176649,-2.9386806747529324,1.2294448316898456,-2.9018367742433324,0.054292709581692175,0.0010329350553878285,0.17656623947250244,-0.32517270218443561,-0.048120418850813647,0.94442953100996085,-0.079467750940932808,0.99656238770114336,0.023415464543462976,-0.94230971040017508,-0.06743762087305985,-0.3278789059645637,8.7486665703735825e-05,3.0078339913973524e-05
2.4350190162658691,1790952590.2347591,0.00060415267944335938,0.034609879067047558,0.034801865284766934,0,-0.024609142453120049,0.38664278919430384,-0.045430920429412401,0.054320999999999994,0.0010349999999999999,0.176649,-2.9386806747529324,1.2294448316898456,-2.9018367742433324,0.054292709581692175,0.0010329350553878285,0.17656623947250244,-0.32517270218443561,-0.048120418850813647,0.94442953100996085,-0.079467750940932808,0.99656238770114336,0.023415464543462976,-0.94230971040017508,-0.06743762087305985,-0.3278789059645637,8.7486665703735825e-05,3.0078339913973524e-05
2.4399909973144531,1790952590.2397311,0.00060105323791503906,0.034609879067047558,0.034801865284766934,0,-0.024609142453120049,0.38664278919430384,-0.045430920429412401,0.054320999999999994,0.0010349999999999999,0.176649,-2.9386806747529324,1.2294448316898456,-2.9018367742433324,0.054292709581692175,0.0010329350553878285,0.17656623947250244,-0.32517270218443561,-0.048120418850813647,0.94442953100996085,-0.079467750940932808,0.99656238770114336,0.023415464543462976,-0.94230971040017508,-0.06743762087305985,-0.3278789059645637,8.7486665703735825e-05,3.0078339913973524e-05
2.4450178146362305,1790952590.2447579,0.00060200691223144531,0.034609879067047558,0.034801865284766934,0,-0.024609142453120049,0.38664278919430384,-0.045430920429412401,0.054320999999999994,0.0010349999999999999,0.176649,-2.9386806747529324,1.2294448316898456,-2.9018367742433324,0.054292709581692175,0.0010329350553878285,0.17656623947250244,-0.32517270218443561,-0.048120418850813647,0.94442953100996085,-0.079467750940932808,0.99656238770114336,0.023415464543462976,-0.94230971040017508,-0.06743762087305985,-0.3278789059645637,8.7486665703735825e-05,3.0078339913973524e-05
2.4500160217285156,1790952590.2497561,0.00061917304992675781,0.034609879067047558,0.034801865284766934,0,-0.024609142453120049,0.38664278919430384,-0.045430920429412401,0.054320999999999994,0.0010349999999999999,0.176649,-2.9386806747529324,1.2294448316898456,-2.9018367742433324,0.054292709581692175,0.0010329350553878285,0.17656623947250244,-0.32517270218443561,-0.048120418850813647,0.94442953100996085,-0.079467750940932808,0.99656238770114336,0.023415464543462976,-0.94230971040017508,-0.06743762087305985,-0.3278789059645637,8.7486665703735825e-05,3.0078339913973524e-05
2.4550149440765381,1790952590.254755,0.00060009956359863281,0.034609879067047558,0.034801865284766934,0,-0.024609142453120049,0.38664278919430384,-0.045430920429412401,0.054320999999999994,0.0010349999999999999,0.176649,-2.9386806747529324,1.2294448316898456,-2.9018367742433324,0.054292709581692175,0.0010329350553878285,0.17656623947250244,-0.32517270218443561,-0.048120418850813647,0.94442953100996085,-0.079467750940932808,0.99656238770114336,0.023415464543462976,-0.94230971040017508,-0.06743762087305985,-0.3278789059645637,8.7486665703735825e-05,3.0078339913973524e-05
2.4599900245666504,1790952590.2597301,0.00057506561279296875,0.034609879067047558,0.034801865284766934,0,-0.024609142453120049,0.38664278919430384,-0.045430920429412401,0.054320999999999994,0.0010349999999999999,0.176649,-2.9386806747529324,1.2294448316898456,-2.9018367742433324,0.054292709581692175,0.0010329350553878285,0.17656623947250244,-0.32517270218443561,-0.048120418850813647,0.94442953100996085,-0.079467750940932808,0.99656238770114336,0.023415464543462976,-0.94230971040017508,-0.06743762087305985,-0.3278789059645637,8.7486665703735825e-05,3.0078339913973524e-05
2.4650180339813232,1790952590.2647581,0.00060105323791503906,0.034609879067047558,0.034801865284766934,0,-0.024609142453120049,0.38664278919430384,-0.045430920429412401,0.054320999999999994,0.0010349999999999999,0.176649,-2.9386806747529324,1.2294448316898456,-2.9018367742433324,0.054292709581692175,0.0010329350553878285,0.17656623947250244,-0.32517270218443561,-0.048120418850813647,0.94442953100996085,-0.079467750940932808,0.99656238770114336,0.023415464543462976,-0.94230971040017508,-0.06743762087305985,-0.3278789059645637,8.7486665703735825e-05,3.0078339913973524e-05
2.46999192237854,1790952590.269732,0.00057101249694824219,0.034609879067047558,0.034801865284766934,0,-0.024609142453120049,0.38664278919430384,-0.045430920429412401,0.054320999999999994,0.0010349999999999999,0.176649,-2.9386806747529324,1.2294448316898456,-2.9018367742433324,0.054292709581692175,0.0010329350553878285,0.17656623947250244,-0.32517270218443561,-0.048120418850813647,0.94442953100996085,-0.079467750940932808,0.99656238770114336,0.023415464543462976,-0.94230971040017508,-0.06743762087305985,-0.3278789059645637,8.7486665703735825e-05,3.0078339913973524e-05
2.4750158786773682,1790952590.274756,0.00060105323791503906,0.034609879067047558,0.034801865284766934,0,-0.024609142453120049,0.38664278919430384,-0.045430920429412401,0.054320999999999994,0.0010349999999999999,0.176649,-2.9386806747529324,1.2294448316898456,-2.9018367742433324,0.054292709581692175,0.0010329350553878285,0.17656623947250244,-0.32517270218443561,-0.048120418850813647,0.94442953100996085,-0.079467750940932808,0.99656238770114336,0.023415464543462976,-0.94230971040017508,-0.06743762087305985,-0.3278789059645637,8.7486665703735825e-05,3.0078339913973524e-05
2.4799909591674805,1790952590.279731,0.000576019287109375,0.034609879067047558,0.034801865284766934,0,-0.024609142453120049,0.38664278919430384,-0.045430920429412401,0.054320999999999994,0.0010349999999999999,0.176649,-2.9386806747529324,1.2294448316898456,-2.9018367742433324,0.054292709581692175,0.0010329350553878285,0.17656623947250244,-0.32517270218443561,-0.048120418850813647,0.94442953100996085,-0.079467750940932808,0.99656238770114336,0.023415464543462976,-0.94230971040017508,-0.06743762087305985,-0.3278789059645637,8.7486665703735825e-05,3.0078339913973524e-05
2.485015869140625,1790952590.2847559,0.00060200691223144531,0.034609879067047558,0.034801865284766934,0,-0.024609142453120049,0.38664278919430384,-0.045430920429412401,0.054320999999999994,0.0010349999999999999,0.176649,-2.9386806747529324,1.2294448316898456,-2.9018367742433324,0.054292709581692175,0.0010329350553878285,0.17656623947250244,-0.32517270218443561,-0.048120418850813647,0.94442953100996085,-0.079467750940932808,0.99656238770114336,0.023415464543462976,-0.94230971040017508,-0.06743762087305985,-0.3278789059645637,8.7486665703735825e-05,3.0078339913973524e-05
2.4900150299072266,1790952590.2897551,0.00059914588928222656,0.034609879067047558,0.034801865284766934,0,-0.024609142453120049,0.38664278919430384,-0.045430920429412401,0.054320999999999994,0.0010349999999999999,0.176649,-2.9386806747529324,1.2294448316898456,-2.9018367742433324,0.054292709581692175,0.0010329350553878285,0.17656623947250244,-0.32517270218443561,-0.048120418850813647,0.94442953100996085,-0.079467750940932808,0.99656238770114336,0.023415464543462976,-0.94230971040017508,-0.06743762087305985,-0.3278789059645637,8.7486665703735825e-05,3.0078339913973524e-05
2.4950180053710938,1790952590.2947581,0.00059819221496582031,0.034609879067047558,0.034801865284766934,0,-0.024609142453120049,0.38664278919430384,-0.045430920429412401,0.054320999999999994,0.0010349999999999999,0.176649,-2.9386806747529324,1.2294448316898456,-2.9018367742433324,0.054292709581692175,0.0010329350553878285,0.17656623947250244,-0.32517270218443561,-0.048120418850813647,0.94442953100996085,-0.079467750940932808,0.99656238770114336,0.023415464543462976,-0.94230971040017508,-0.06743762087305985,-0.3278789059645637,8.7486665703735825e-05,3.0078339913973524e-05
2.4999918937683105,1790952590.299732,0.00057697296142578125,0.034609879067047558,0.034801865284766934,0,-0.024609142453120049,0.38664278919430384,-0.045430920429412401,0.054320999999999994,0.0010349999999999999,0.176649,-2.9386806747529324,1.2294448316898456,-2.9018367742433324,0.054292709581692175,0.0010329350553878285,0.17656623947250244,-0.32517270218443561,-0.048120418850813647,0.94442953100996085,-0.079467750940932808,0.99656238770114336,0.023415464543462976,-0.94230971040017508,-0.06743762087305985,-0.3278789059645637,8.7486665703735825e-05,3.0078339913973524e-05
2.5050170421600342,1790952590.3047571,0.00060200691223144531,0.034609879067047558,0.034801865284766934,0,-0.024609142453120049,0.38664278919430384,-0.045430920429412401,0.054320999999999994,0.0010349999999999999,0.176649,-2.9386806747529324,1.2294448316898456,-2.9018367742433324,0.054292709581692175,0.0010329350553878285,0.17656623947250244,-0.32517270218443561,-0.048120418850813647,0.94442953100996085,-0.079467750940932808,0.99656238770114336,0.023415464543462976,-0.94230971040017508,-0.06743762087305985,-0.3278789059645637,8.7486665703735825e-05,3.0078339913973524e-05
2.510016918182373,1790952590.309757,0.00062203407287597656,0.034609879067047558,0.034801865284766934,0,-0.024609142453120049,0.38664278919430384,-0.045430920429412401,0.054320999999999994,0.0010349999999999999,0.176649,-2.9386806747529324,1.2294448316898456,-2.9018367742433324,0.054292709581692175,0.0010329350553878285,0.17656623947250244,-0.32517270218443561,-0.048120418850813647,0.94442953100996085,-0.079467750940932808,0.99656238770114336,0.023415464543462976,-0.94230971040017508,-0.06743762087305985,-0.3278789059645637,8.7486665703735825e-05,3.0078339913973524e-05
2.5150158405303955,1790952590.3147559,0.00059986114501953125,0.034609879067047558,0.034801865284766934,0,-0.024609142453120049,0.38664278919430384,-0.045430920429412401,0.054320999999999994,0.0010349999999999999,0.176649,-2.9386806747529324,1.2294448316898456,-2.9018367742433324,0.054292709581692175,0.0010329350553878285,0.17656623947250244,-0.32517270218443561,-0.048120418850813647,0.94442953100996085,-0.079467750940932808,0.99656238770114336,0.023415464543462976,-0.94230971040017508,-0.06743762087305985,-0.3278789059645637,8.7486665703735825e-05,3.0078339913973524e-05
2.5200169086456299,1790952590.319757,0.00062108039855957031,0.034609879067047558,0.034801865284766934,0,-0.024609142453120049,0.38664278919430384,-0.045430920429412401,0.054320999999999994,0.0010349999999999999,0.176649,-2.9386806747529324,1.2294448316898456,-2.9018367742433324,0.054292709581692175,0.0010329350553878285,0.17656623947250244,-0.32517270218443561,-0.048120418850813647,0.94442953100996085,-0.079467750940932808,0.99656238770114336,0.023415464543462976,-0.94230971040017508,-0.06743762087305985,-0.3278789059645637,8.7486665703735825e-05,3.0078339913973524e-05
2.5250179767608643,1790952590.3247581,0.00060296058654785156,0.034609879067047558,0.034801865284766934,0,-0.024609142453120049,0.38664278919430384,-0.045430920429412401,0.054320999999999994,0.0010349999999999999,0.176649,-2.9386806747529324,1.2294448316898456,-2.9018367742433324,0.054292709581692175,0.0010329350553878285,0.17656623947250244,-0.32517270218443561,-0.048120418850813647,0.94442953100996085,-0.079467750940932808,0.99656238770114336,0.023415464543462976,-0.94230971040017508,-0.06743762087305985,-0.3278789059645637,8.7486665703735825e-05,3.0078339913973524e-05
2.5299918651580811,1790952590.3297319,0.0005779266357421875,0.034609879067047558,0.034801865284766934,0,-0.024609142453120049,0.38664278919430384,-0.045430920429412401,0.054320999999999994,0.0010349999999999999,0.176649,-2.9386806747529324,1.2294448316898456,-2.9018367742433324,0.054292709581692175,0.0010329350553878285,0.17656623947250244,-0.32517270218443561,-0.048120418850813647,0.94442953100996085,-0.079467750940932808,0.99656238770114336,0.023415464543462976,-0.94230971040017508,-0.06743762087305985,-0.3278789059645637,8.7486665703735825e-05,3.0078339913973524e-05
2.5350170135498047,1790952590.3347571,0.0005970001220703125,0.034609879067047558,0.034801865284766934,0,-0.024609142453120049,0.38664278919430384,-0.045430920429412401,0.054320999999999994,0.0010349999999999999,0.176649,-2.9386806747529324,1.2294448316898456,-2.9018367742433324,0.054292709581692175,0.0010329350553878285,0.17656623947250244,-0.32517270218443561,-0.048120418850813647,0.94442953100996085,-0.079467750940932808,0.99656238770114336,0.023415464543462976,-0.94230971040017508,-0.06743762087305985,-0.3278789059645637,8.7486665703735825e-05,3.0078339913973524e-05
2.54001784324646,1790952590.3397579,0.00062584877014160156,0.034609879067047558,0.034801865284766934,0,-0.024609142453120049,0.38664278919430384,-0.045430920429412401,0.054320999999999994,0.0010349999999999999,0.176649,-2.9386806747529324,1.2294448316898456,-2.9018367742433324,0.054292709581692175,0.0010329350553878285,0.17656623947250244,-0.32517270218443561,-0.048120418850813647,0.94442953100996085,-0.079467750940932808,0.99656238770114336,0.023415464543462976,-0.94230971040017508,-0.06743762087305985,-0.3278789059645637,8.7486665703735825e-05,3.0078339913973524e-05
2.5450170040130615,1790952590.3447571,0.00060200691223144531,0.034609879067047558,0.034801865284766934,0,-0.024609142453120049,0.38664278919430384,-0.045430920429412401,0.054320999999999994,0.0010349999999999999,0.176649,-2.9386806747529324,1.2294448316898456,-2.9018367742433324,0.054292709581692175,0.0010329350553878285,0.17656623947250244,-0.32517270218443561,-0.048120418850813647,0.94442953100996085,-0.079467750940932808,0.99656238770114336,0.023415464543462976,-0.94230971040017508,-0.06743762087305985,-0.3278789059645637,8.7486665703735825e-05,3.0078339913973524e-05
2.5499908924102783,1790952590.349731,0.00060200691223144531,0.034609879067047558,0.034801865284766934,0,-0.024609142453120049,0.38664278919430384,-0.045430920429412401,0.054320999999999994,0.0010349999999999999,0.176649,-2.9386806747529324,1.2294448316898456,-2.9018367742433324,0.054292709581692175,0.0010329350553878285,0.17656623947250244,-0.32517270218443561,-0.048120418850813647,0.94442953100996085,-0.079467750940932808,0.99656238770114336,0.023415464543462976,-0.94230971040017508,-0.06743762087305985,-0.3278789059645637,8.7486665703735825e-05,3.0078339913973524e-05
2.555016040802002,1790952590.3547561,0.00059604644775390625,0.034609879067047558,0.034801865284766934,0,-0.024609142453120049,0.38664278919430384,-0.045430920429412401,0.054320999999999994,0.0010349999999999999,0.176649,-2.9386806747529324,1.2294448316898456,-2.9018367742433324,0.054292709581692175,0.0010329350553878285,0.17656623947250244,-0.32517270218443561,-0.048120418850813647,0.94442953100996085,-0.079467750940932808,0.99656238770114336,0.023415464543462976,-0.94230971040017508,-0.06743762087305985,-0.3278789059645637,8.7486665703735825e-05,3.0078339913973524e-05
2.5600190162658691,1790952590.3597591,0.00062417984008789062,0.034609879067047558,0.034801865284766934,0,-0.024609142453120049,0.38664278919430384,-0.045430920429412401,0.054320999999999994,0.0010349999999999999,0.176649,-2.9386806747529324,1.2294448316898456,-2.9018367742433324,0.054292709581692175,0.0010329350553878285,0.17656623947250244,-0.32517270218443561,-0.048120418850813647,0.94442953100996085,-0.079467750940932808,0.99656238770114336,0.023415464543462976,-0.94230971040017508,-0.06743762087305985,-0.3278789059645637,8.7486665703735825e-05,3.0078339913973524e-05
2.5650160312652588,1790952590.3647561,0.00060200691223144531,0.034609879067047558,0.034801865284766934,0,-0.024609142453120049,0.38664278919430384,-0.045430920429412401,0.054320999999999994,0.0010349999999999999,0.176649,-2.9386806747529324,1.2294448316898456,-2.9018367742433324,0.054292709581692175,0.0010329350553878285,0.17656623947250244,-0.32517270218443561,-0.048120418850813647,0.94442953100996085,-0.079467750940932808,0.99656238770114336,0.023415464543462976,-0.94230971040017508,-0.06743762087305985,-0.3278789059645637,8.7486665703735825e-05,3.0078339913973524e-05
2.5700159072875977,1790952590.369756,0.00062608718872070312,0.034609879067047558,0.034801865284766934,0,-0.024609142453120049,0.38664278919430384,-0.045430920429412401,0.054320999999999994,0.0010349999999999999,0.176649,-2.9386806747529324,1.2294448316898456,-2.9018367742433324,0.054292709581692175,0.0010329350553878285,0.17656623947250244,-0.32517270218443561,-0.048120418850813647,0.94442953100996085,-0.079467750940932808,0.99656238770114336,0.023415464543462976,-0.94230971040017508,-0.06743762087305985,-0.3278789059645637,8.7486665703735825e-05,3.0078339913973524e-05
2.5750138759613037,1790952590.374754,0.00059986114501953125,0.034609879067047558,0.034801865284766934,0,-0.024609142453120049,0.38664278919430384,-0.045430920429412401,0.054320999999999994,0.0010349999999999999,0.176649,-2.9386806747529324,1.2294448316898456,-2.9018367742433324,0.054292709581692175,0.0010329350553878285,0.17656623947250244,-0.32517270218443561,-0.048120418850813647,0.94442953100996085,-0.079467750940932808,0.99656238770114336,0.023415464543462976,-0.94230971040017508,-0.06743762087305985,-0.3278789059645637,8.7486665703735825e-05,3.0078339913973524e-05
2.5800168514251709,1790952590.3797569,0.00060200691223144531,0.034609879067047558,0.034801865284766934,0,-0.024609142453120049,0.38664278919430384,-0.045430920429412401,0.054320999999999994,0.0010349999999999999,0.176649,-2.9386806747529324,1.2294448316898456,-2.9018367742433324,0.054292709581692175,0.0010329350553878285,0.17656623947250244,-0.32517270218443561,-0.048120418850813647,0.94442953100996085,-0.079467750940932808,0.99656238770114336,0.023415464543462976,-0.94230971040017508,-0.06743762087305985,-0.3278789059645637,8.7486665703735825e-05,3.0078339913973524e-05
2.5850138664245605,1790952590.3847539,0.00059986114501953125,0.034609879067047558,0.034801865284766934,0,-0.024609142453120049,0.38664278919430384,-0.045430920429412401,0.054320999999999994,0.0010349999999999999,0.176649,-2.9386806747529324,1.2294448316898456,-2.9018367742433324,0.054292709581692175,0.0010329350553878285,0.17656623947250244,-0.32517270218443561,-0.048120418850813647,0.94442953100996085,-0.079467750940932808,0.99656238770114336,0.023415464543462976,-0.94230971040017508,-0.06743762087305985,-0.3278789059645637,8.7486665703735825e-05,3.0078339913973524e-05
2.5899918079376221,1790952590.3897319,0.00057196617126464844,0.034609879067047558,0.034801865284766934,0,-0.024609142453120049,0.38664278919430384,-0.045430920429412401,0.054320999999999994,0.0010349999999999999,0.176649,-2.9386806747529324,1.2294448316898456,-2.9018367742433324,0.054292709581692175,0.0010329350553878285,0.17656623947250244,-0.32517270218443561,-0.048120418850813647,0.94442953100996085,-0.079467750940932808,0.99656238770114336,0.023415464543462976,-0.94230971040017508,-0.06743762087305985,-0.3278789059645637,8.7486665703735825e-05,3.0078339913973524e-05
2.5950148105621338,1790952590.3947549,0.00059485435485839844,0.034609879067047558,0.034801865284766934,0,-0.024609142453120049,0.38664278919430384,-0.045430920429412401,0.054320999999999994,0.0010349999999999999,0.176649,-2.9386806747529324,1.2294448316898456,-2.9018367742433324,0.054292709581692175,0.0010329350553878285,0.17656623947250244,-0.32517270218443561,-0.048120418850813647,0.94442953100996085,-0.079467750940932808,0.99656238770114336,0.023415464543462976,-0.94230971040017508,-0.06743762087305985,-0.3278789059645637,8.7486665703735825e-05,3.0078339913973524e-05
2.6000149250030518,1790952590.399755,0.00062489509582519531,0.034609879067047558,0.034801865284766934,0,-0.024609142453120049,0.38664278919430384,-0.045430920429412401,0.054320999999999994,0.0010349999999999999,0.176649,-2.9386806747529324,1.2294448316898456,-2.9018367742433324,0.054292709581692175,0.0010329350553878285,0.17656623947250244,-0.32517270218443561,-0.048120418850813647,0.94442953100996085,-0.079467750940932808,0.99656238770114336,0.023415464543462976,-0.94230971040017508,-0.06743762087305985,-0.3278789059645637,8.7486665703735825e-05,3.0078339913973524e-05
2.6050150394439697,1790952590.4047551,0.00059914588928222656,0.034609879067047558,0.034801865284766934,0,-0.024609142453120049,0.38664278919430384,-0.045430920429412401,0.054320999999999994,0.0010349999999999999,0.176649,-2.9386806747529324,1.2294448316898456,-2.9018367742433324,0.054292709581692175,0.0010329350553878285,0.17656623947250244,-0.32517270218443561,-0.048120418850813647,0.94442953100996085,-0.079467750940932808,0.99656238770114336,0.023415464543462976,-0.94230971040017508,-0.06743762087305985,-0.3278789059645637,8.7486665703735825e-05,3.0078339913973524e-05
2.6099898815155029,1790952590.40973,0.00057506561279296875,0.034609879067047558,0.034801865284766934,0,-0.024609142453120049,0.38664278919430384,-0.045430920429412401,0.054320999999999994,0.0010349999999999999,0.176649,-2.9386806747529324,1.2294448316898456,-2.9018367742433324,0.054292709581692175,0.0010329350553878285,0.17656623947250244,-0.32517270218443561,-0.048120418850813647,0.94442953100996085,-0.079467750940932808,0.99656238770114336,0.023415464543462976,-0.94230971040017508,-0.06743762087305985,-0.3278789059645637,8.7486665703735825e-05,3.0078339913973524e-05
2.6150219440460205,1790952590.414762,0.00060606002807617188,0.034609879067047558,0.034801865284766934,0,-0.024609142453120049,0.38664278919430384,-0.045430920429412401,0.054320999999999994,0.0010349999999999999,0.176649,-2.9386806747529324,1.2294448316898456,-2.9018367742433324,0.054292709581692175,0.0010329350553878285,0.17656623947250244,-0.32517270218443561,-0.048120418850813647,0.94442953100996085,-0.079467750940932808,0.99656238770114336,0.023415464543462976,-0.94230971040017508,-0.06743762087305985,-0.3278789059645637,8.7486665703735825e-05,3.0078339913973524e-05
2.6200149059295654,1790952590.419755,0.00061893463134765625,0.034609879067047558,0.034801865284766934,0,-0.024609142453120049,0.38664278919430384,-0.045430920429412401,0.054320999999999994,0.0010349999999999999,0.176649,-2.9386806747529324,1.2294448316898456,-2.9018367742433324,0.054292709581692175,0.0010329350553878285,0.17656623947250244,-0.32517270218443561,-0.048120418850813647,0.94442953100996085,-0.079467750940932808,0.99656238770114336,0.023415464543462976,-0.94230971040017508,-0.06743762087305985,-0.3278789059645637,8.7486665703735825e-05,3.0078339913973524e-05
2.6250150203704834,1790952590.4247551,0.00060009956359863281,0.034609879067047558,0.034801865284766934,0,-0.024609142453120049,0.38664278919430384,-0.045430920429412401,0.054320999999999994,0.0010349999999999999,0.176649,-2.9386806747529324,1.2294448316898456,-2.9018367742433324,0.054292709581692175,0.0010329350553878285,0.17656623947250244,-0.32517270218443561,-0.048120418850813647,0.94442953100996085,-0.079467750940932808,0.99656238770114336,0.023415464543462976,-0.94230971040017508,-0.06743762087305985,-0.3278789059645637,8.7486665703735825e-05,3.0078339913973524e-05
2.6300129890441895,1790952590.4297531,0.00059795379638671875,0.034609879067047558,0.034801865284766934,0,-0.024609142453120049,0.38664278919430384,-0.045430920429412401,0.054320999999999994,0.0010349999999999999,0.176649,-2.9386806747529324,1.2294448316898456,-2.9018367742433324,0.054292709581692175,0.0010329350553878285,0.17656623947250244,-0.32517270218443561,-0.048120418850813647,0.94442953100996085,-0.079467750940932808,0.99656238770114336,0.023415464543462976,-0.94230971040017508,-0.06743762087305985,-0.3278789059645637,8.7486665703735825e-05,3.0078339913973524e-05
2.6350150108337402,1790952590.4347551,0.00060105323791503906,0.034609879067047558,0.034801865284766934,0,-0.024609142453120049,0.38664278919430384,-0.045430920429412401,0.054320999999999994,0.0010349999999999999,0.176649,-2.9386806747529324,1.2294448316898456,-2.9018367742433324,0.054292709581692175,0.0010329350553878285,0.17656623947250244,-0.32517270218443561,-0.048120418850813647,0.94442953100996085,-0.079467750940932808,0.99656238770114336,0.023415464543462976,-0.94230971040017508,-0.06743762087305985,-0.3278789059645637,8.7486665703735825e-05,3.0078339913973524e-05
2.6399929523468018,1790952590.439733,0.000576019287109375,0.034609879067047558,0.034801865284766934,0,-0.024609142453120049,0.38664278919430384,-0.045430920429412401,0.054320999999999994,0.0010349999999999999,0.176649,-2.9386806747529324,1.2294448316898456,-2.9018367742433324,0.054292709581692175,0.0010329350553878285,0.17656623947250244,-0.32517270218443561,-0.048120418850813647,0.94442953100996085,-0.079467750940932808,0.99656238770114336,0.023415464543462976,-0.94230971040017508,-0.06743762087305985,-0.3278789059645637,8.7486665703735825e-05,3.0078339913973524e-05
2.6450150012969971,1790952590.4447551,0.00060105323791503906,0.034609879067047558,0.034801865284766934,0,-0.024609142453120049,0.38664278919430384,-0.045430920429412401,0.054320999999999994,0.0010349999999999999,0.176649,-2.9386806747529324,1.2294448316898456,-2.9018367742433324,0.054292709581692175,0.0010329350553878285,0.17656623947250244,-0.32517270218443561,-0.048120418850813647,0.94442953100996085,-0.079467750940932808,0.99656238770114336,0.023415464543462976,-0.94230971040017508,-0.06743762087305985,-0.3278789059645637,8.7486665703735825e-05,3.0078339913973524e-05
2.6499919891357422,1790952590.4497321,0.00057697296142578125,0.034609879067047558,0.034801865284766934,0,-0.024609142453120049,0.38664278919430384,-0.045430920429412401,0.054320999999999994,0.0010349999999999999,0.176649,-2.9386806747529324,1.2294448316898456,-2.9018367742433324,0.054292709581692175,0.0010329350553878285,0.17656623947250244,-0.32517270218443561,-0.048120418850813647,0.94442953100996085,-0.079467750940932808,0.99656238770114336,0.023415464543462976,-0.94230971040017508,-0.06743762087305985,-0.3278789059645637,8.7486665703735825e-05,3.0078339913973524e-05
2.6550149917602539,1790952590.4547551,0.00059795379638671875,0.034609879067047558,0.034801865284766934,0,-0.024609142453120049,0.38664278919430384,-0.045430920429412401,0.054320999999999994,0.0010349999999999999,0.176649,-2.9386806747529324,1.2294448316898456,-2.9018367742433324,0.054292709581692175,0.0010329350553878285,0.17656623947250244,-0.32517270218443561,-0.048120418850813647,0.94442953100996085,-0.079467750940932808,0.99656238770114336,0.023415464543462976,-0.94230971040017508,-0.06743762087305985,-0.3278789059645637,8.7486665703735825e-05,3.0078339913973524e-05
2.6600158214569092,1790952590.4597559,0.00062584877014160156,0.034609879067047558,0.034801865284766934,0,-0.024609142453120049,0.38664278919430384,-0.045430920429412401,0.054320999999999994,0.0010349999999999999,0.176649,-2.9386806747529324,1.2294448316898456,-2.9018367742433324,0.054292709581692175,0.0010329350553878285,0.17656623947250244,-0.32517270218443561,-0.048120418850813647,0.94442953100996085,-0.079467750940932808,0.99656238770114336,0.023415464543462976,-0.94230971040017508,-0.06743762087305985,-0.3278789059645637,8.7486665703735825e-05,3.0078339913973524e-05
2.6650149822235107,1790952590.4647551,0.00059914588928222656,0.034609879067047558,0.034801865284766934,0,-0.024609142453120049,0.38664278919430384,-0.045430920429412401,0.054320999999999994,0.0010349999999999999,0.176649,-2.9386806747529324,1.2294448316898456,-2.9018367742433324,0.054292709581692175,0.0010329350553878285,0.17656623947250244,-0.32517270218443561,-0.048120418850813647,0.94442953100996085,-0.079467750940932808,0.99656238770114336,0.023415464543462976,-0.94230971040017508,-0.06743762087305985,-0.3278789059645637,8.7486665703735825e-05,3.0078339913973524e-05
2.6699910163879395,1790952590.4697311,0.000576019287109375,0.034609879067047558,0.034801865284766934,0,-0.024609142453120049,0.38664278919430384,-0.045430920429412401,0.054320999999999994,0.0010349999999999999,0.176649,-2.9386806747529324,1.2294448316898456,-2.9018367742433324,0.054292709581692175,0.0010329350553878285,0.17656623947250244,-0.32517270218443561,-0.048120418850813647,0.94442953100996085,-0.079467750940932808,0.99656238770114336,0.023415464543462976,-0.94230971040017508,-0.06743762087305985,-0.3278789059645637,8.7486665703735825e-05,3.0078339913973524e-05
2.6750149726867676,1790952590.474755,0.00060009956359863281,0.034609879067047558,0.034801865284766934,0,-0.024609142453120049,0.38664278919430384,-0.045430920429412401,0.054320999999999994,0.0010349999999999999,0.176649,-2.9386806747529324,1.2294448316898456,-2.9018367742433324,0.054292709581692175,0.0010329350553878285,0.17656623947250244,-0.32517270218443561,-0.048120418850813647,0.94442953100996085,-0.079467750940932808,0.99656238770114336,0.023415464543462976,-0.94230971040017508,-0.06743762087305985,-0.3278789059645637,8.7486665703735825e-05,3.0078339913973524e-05
2.680016040802002,1790952590.4797561,0.00060009956359863281,0.034609879067047558,0.034801865284766934,0,-0.024609142453120049,0.38664278919430384,-0.045430920429412401,0.054320999999999994,0.0010349999999999999,0.176649,-2.9386806747529324,1.2294448316898456,-2.9018367742433324,0.054292709581692175,0.0010329350553878285,0.17656623947250244,-0.32517270218443561,-0.048120418850813647,0.94442953100996085,-0.079467750940932808,0.99656238770114336,0.023415464543462976,-0.94230971040017508,-0.06743762087305985,-0.3278789059645637,8.7486665703735825e-05,3.0078339913973524e-05
2.6850159168243408,1790952590.484756,0.00060200691223144531,0.034609879067047558,0.034801865284766934,0,-0.024609142453120049,0.38664278919430384,-0.045430920429412401,0.054320999999999994,0.0010349999999999999,0.176649,-2.9386806747529324,1.2294448316898456,-2.9018367742433324,0.054292709581692175,0.0010329350553878285,0.17656623947250244,-0.32517270218443561,-0.048120418850813647,0.94442953100996085,-0.079467750940932808,0.99656238770114336,0.023415464543462976,-0.94230971040017508,-0.06743762087305985,-0.3278789059645637,8.7486665703735825e-05,3.0078339913973524e-05
2.6900179386138916,1790952590.489758,0.00060105323791503906,0.034609879067047558,0.034801865284766934,0,-0.024609142453120049,0.38664278919430384,-0.045430920429412401,0.054320999999999994,0.0010349999999999999,0.176649,-2.9386806747529324,1.2294448316898456,-2.9018367742433324,0.054292709581692175,0.0010329350553878285,0.17656623947250244,-0.32517270218443561,-0.048120418850813647,0.94442953100996085,-0.079467750940932808,0.99656238770114336,0.023415464543462976,-0.94230971040017508,-0.06743762087305985,-0.3278789059645637,8.7486665703735825e-05,3.0078339913973524e-05
2.6950178146362305,1790952590.4947579,0.000598907470703125,0.034609879067047558,0.034801865284766934,0,-0.024609142453120049,0.38664278919430384,-0.045430920429412401,0.054320999999999994,0.0010349999999999999,0.176649,-2.9386806747529324,1.2294448316898456,-2.9018367742433324,0.054292709581692175,0.0010329350553878285,0.17656623947250244,-0.32517270218443561,-0.048120418850813647,0.94442953100996085,-0.079467750940932808,0.99656238770114336,0.023415464543462976,-0.94230971040017508,-0.06743762087305985,-0.3278789059645637,8.7486665703735825e-05,3.0078339913973524e-05
2.700016975402832,1790952590.4997571,0.00062108039855957031,0.034609879067047558,0.034801865284766934,0,-0.024609142453120049,0.38664278919430384,-0.045430920429412401,0.054320999999999994,0.0010349999999999999,0.176649,-2.9386806747529324,1.2294448316898456,-2.9018367742433324,0.054292709581692175,0.0010329350553878285,0.17656623947250244,-0.32517270218443561,-0.048120418850813647,0.94442953100996085,-0.079467750940932808,0.99656238770114336,0.023415464543462976,-0.94230971040017508,-0.06743762087305985,-0.3278789059645637,8.7486665703735825e-05,3.0078339913973524e-05
2.7050149440765381,1790952590.504755,0.00059795379638671875,0.034609879067047558,0.034801865284766934,0,-0.024609142453120049,0.38664278919430384,-0.045430920429412401,0.054320999999999994,0.0010349999999999999,0.176649,-2.9386806747529324,1.2294448316898456,-2.9018367742433324,0.054292709581692175,0.0010329350553878285,0.17656623947250244,-0.32517270218443561,-0.048120418850813647,0.94442953100996085,-0.079467750940932808,0.99656238770114336,0.023415464543462976,-0.94230971040017508,-0.06743762087305985,-0.3278789059645637,8.7486665703735825e-05,3.0078339913973524e-05
2.710014820098877,1790952590.5097549,0.00062394142150878906,0.034609879067047558,0.034801865284766934,0,-0.024609142453120049,0.38664278919430384,-0.045430920429412401,0.054320999999999994,0.0010349999999999999,0.176649,-2.9386806747529324,1.2294448316898456,-2.9018367742433324,0.054292709581692175,0.0010329350553878285,0.17656623947250244,-0.32517270218443561,-0.048120418850813647,0.94442953100996085,-0.079467750940932808,0.99656238770114336,0.023415464543462976,-0.94230971040017508,-0.06743762087305985,-0.3278789059645637,8.7486665703735825e-05,3.0078339913973524e-05
2.7150139808654785,1790952590.5147541,0.00059914588928222656,0.034609879067047558,0.034801865284766934,0,-0.024609142453120049,0.38664278919430384,-0.045430920429412401,0.054320999999999994,0.0010349999999999999,0.176649,-2.9386806747529324,1.2294448316898456,-2.9018367742433324,0.054292709581692175,0.0010329350553878285,0.17656623947250244,-0.32517270218443561,-0.048120418850813647,0.94442953100996085,-0.079467750940932808,0.99656238770114336,0.023415464543462976,-0.94230971040017508,-0.06743762087305985,-0.3278789059645637,8.7486665703735825e-05,3.0078339913973524e-05
2.7200169563293457,1790952590.519757,0.00060391426086425781,0.034609879067047558,0.034801865284766934,0,-0.024609142453120049,0.38664278919430384,-0.045430920429412401,0.054320999999999994,0.0010349999999999999,0.176649,-2.9386806747529324,1.2294448316898456,-2.9018367742433324,0.054292709581692175,0.0010329350553878285,0.17656623947250244,-0.32517270218443561,-0.048120418850813647,0.94442953100996085,-0.079467750940932808,0.99656238770114336,0.023415464543462976,-0.94230971040017508,-0.06743762087305985,-0.3278789059645637,8.7486665703735825e-05,3.0078339913973524e-05
2.7250180244445801,1790952590.5247581,0.00060319900512695312,0.034609879067047558,0.034801865284766934,0,-0.024609142453120049,0.38664278919430384,-0.045430920429412401,0.054320999999999994,0.0010349999999999999,0.176649,-2.9386806747529324,1.2294448316898456,-2.9018367742433324,0.054292709581692175,0.0010329350553878285,0.17656623947250244,-0.32517270218443561,-0.048120418850813647,0.94442953100996085,-0.079467750940932808,0.99656238770114336,0.023415464543462976,-0.94230971040017508,-0.06743762087305985,-0.3278789059645637,8.7486665703735825e-05,3.0078339913973524e-05
2.7300138473510742,1790952590.5297539,0.00062298774719238281,0.034609879067047558,0.034801865284766934,0,-0.024609142453120049,0.38664278919430384,-0.045430920429412401,0.054320999999999994,0.0010349999999999999,0.176649,-2.9386806747529324,1.2294448316898456,-2.9018367742433324,0.054292709581692175,0.0010329350553878285,0.17656623947250244,-0.32517270218443561,-0.048120418850813647,0.94442953100996085,-0.079467750940932808,0.99656238770114336,0.023415464543462976,-0.94230971040017508,-0.06743762087305985,-0.3278789059645637,8.7486665703735825e-05,3.0078339913973524e-05
2.7350180149078369,1790952590.5347581,0.00060319900512695312,0.034609879067047558,0.034801865284766934,0,-0.024609142453120049,0.38664278919430384,-0.045430920429412401,0.054320999999999994,0.0010349999999999999,0.176649,-2.9386806747529324,1.2294448316898456,-2.9018367742433324,0.054292709581692175,0.0010329350553878285,0.17656623947250244,-0.32517270218443561,-0.048120418850813647,0.94442953100996085,-0.079467750940932808,0.99656238770114336,0.023415464543462976,-0.94230971040017508,-0.06743762087305985,-0.3278789059645637,8.7486665703735825e-05,3.0078339913973524e-05
2.7400138378143311,1790952590.5397539,0.000598907470703125,0.034609879067047558,0.034801865284766934,0,-0.024609142453120049,0.38664278919430384,-0.045430920429412401,0.054320999999999994,0.0010349999999999999,0.176649,-2.9386806747529324,1.2294448316898456,-2.9018367742433324,0.054292709581692175,0.0010329350553878285,0.17656623947250244,-0.32517270218443561,-0.048120418850813647,0.94442953100996085,-0.079467750940932808,0.99656238770114336,0.023415464543462976,-0.94230971040017508,-0.06743762087305985,-0.3278789059645637,8.7486665703735825e-05,3.0078339913973524e-05
2.7450149059295654,1790952590.544755,0.00060200691223144531,0.034609879067047558,0.034801865284766934,0,-0.024609142453120049,0.38664278919430384,-0.045430920429412401,0.054320999999999994,0.0010349999999999999,0.176649,-2.9386806747529324,1.2294448316898456,-2.9018367742433324,0.054292709581692175,0.0010329350553878285,0.17656623947250244,-0.32517270218443561,-0.048120418850813647,0.94442953100996085,-0.079467750940932808,0.99656238770114336,0.023415464543462976,-0.94230971040017508,-0.06743762087305985,-0.3278789059645637,8.7486665703735825e-05,3.0078339913973524e-05
2.7499899864196777,1790952590.5497301,0.00057315826416015625,0.034609879067047558,0.034801865284766934,0,-0.024609142453120049,0.38664278919430384,-0.045430920429412401,0.054320999999999994,0.0010349999999999999,0.176649,-2.9386806747529324,1.2294448316898456,-2.9018367742433324,0.054292709581692175,0.0010329350553878285,0.17656623947250244,-0.32517270218443561,-0.048120418850813647,0.94442953100996085,-0.079467750940932808,0.99656238770114336,0.023415464543462976,-0.94230971040017508,-0.06743762087305985,-0.3278789059645637,8.7486665703735825e-05,3.0078339913973524e-05
2.7550148963928223,1790952590.554755,0.00059986114501953125,0.034609879067047558,0.034801865284766934,0,-0.024609142453120049,0.38664278919430384,-0.045430920429412401,0.054320999999999994,0.0010349999999999999,0.176649,-2.9386806747529324,1.2294448316898456,-2.9018367742433324,0.054292709581692175,0.0010329350553878285,0.17656623947250244,-0.32517270218443561,-0.048120418850813647,0.94442953100996085,-0.079467750940932808,0.99656238770114336,0.023415464543462976,-0.94230971040017508,-0.06743762087305985,-0.3278789059645637,8.7486665703735825e-05,3.0078339913973524e-05
2.7599899768829346,1790952590.5597301,0.0005741119384765625,0.034609879067047558,0.034801865284766934,0,-0.024609142453120049,0.38664278919430384,-0.045430920429412401,0.054320999999999994,0.0010349999999999999,0.176649,-2.9386806747529324,1.2294448316898456,-2.9018367742433324,0.054292709581692175,0.0010329350553878285,0.17656623947250244,-0.32517270218443561,-0.048120418850813647,0.94442953100996085,-0.079467750940932808,0.99656238770114336,0.023415464543462976,-0.94230971040017508,-0.06743762087305985,-0.3278789059645637,8.7486665703735825e-05,3.0078339913973524e-05
2.7650139331817627,1790952590.564754,0.00060009956359863281,0.034609879067047558,0.034801865284766934,0,-0.024609142453120049,0.38664278919430384,-0.045430920429412401,0.054320999999999994,0.0010349999999999999,0.176649,-2.9386806747529324,1.2294448316898456,-2.9018367742433324,0.054292709581692175,0.0010329350553878285,0.17656623947250244,-0.32517270218443561,-0.048120418850813647,0.94442953100996085,-0.079467750940932808,0.99656238770114336,0.023415464543462976,-0.94230971040017508,-0.06743762087305985,-0.3278789059645637,8.7486665703735825e-05,3.0078339913973524e-05
2.769989013671875,1790952590.5697291,0.00056719779968261719,0.034609879067047558,0.034801865284766934,0,-0.024609142453120049,0.38664278919430384,-0.045430920429412401,0.054320999999999994,0.0010349999999999999,0.176649,-2.9386806747529324,1.2294448316898456,-2.9018367742433324,0.054292709581692175,0.0010329350553878285,0.17656623947250244,-0.32517270218443561,-0.048120418850813647,0.94442953100996085,-0.079467750940932808,0.99656238770114336,0.023415464543462976,-0.94230971040017508,-0.06743762087305985,-0.3278789059645637,8.7486665703735825e-05,3.0078339913973524e-05
2.7750148773193359,1790952590.574755,0.000598907470703125,0.034609879067047558,0.034801865284766934,0,-0.024609142453120049,0.38664278919430384,-0.045430920429412401,0.054320999999999994,0.0010349999999999999,0.176649,-2.9386806747529324,1.2294448316898456,-2.9018367742433324,0.054292709581692175,0.0010329350553878285,0.17656623947250244,-0.32517270218443561,-0.048120418850813647,0.94442953100996085,-0.079467750940932808,0.99656238770114336,0.023415464543462976,-0.94230971040017508,-0.06743762087305985,-0.3278789059645637,8.7486665703735825e-05,3.0078339913973524e-05
2.7800140380859375,1790952590.5797541,0.00060009956359863281,0.034609879067047558,0.034801865284766934,0,-0.024609142453120049,0.38664278919430384,-0.045430920429412401,0.054320999999999994,0.0010349999999999999,0.176649,-2.9386806747529324,1.2294448316898456,-2.9018367742433324,0.054292709581692175,0.0010329350553878285,0.17656623947250244,-0.32517270218443561,-0.048120418850813647,0.94442953100996085,-0.079467750940932808,0.99656238770114336,0.023415464543462976,-0.94230971040017508,-0.06743762087305985,-0.3278789059645637,8.7486665703735825e-05,3.0078339913973524e-05
2.7850139141082764,1790952590.584754,0.00060009956359863281,0.034609879067047558,0.034801865284766934,0,-0.024609142453120049,0.38664278919430384,-0.045430920429412401,0.054320999999999994,0.0010349999999999999,0.176649,-2.9386806747529324,1.2294448316898456,-2.9018367742433324,0.054292709581692175,0.0010329350553878285,0.17656623947250244,-0.32517270218443561,-0.048120418850813647,0.94442953100996085,-0.079467750940932808,0.99656238770114336,0.023415464543462976,-0.94230971040017508,-0.06743762087305985,-0.3278789059645637,8.7486665703735825e-05,3.0078339913973524e-05
2.7900140285491943,1790952590.5897541,0.00062513351440429688,0.034609879067047558,0.034801865284766934,0,-0.024609142453120049,0.38664278919430384,-0.045430920429412401,0.054320999999999994,0.0010349999999999999,0.176649,-2.9386806747529324,1.2294448316898456,-2.9018367742433324,0.054292709581692175,0.0010329350553878285,0.17656623947250244,-0.32517270218443561,-0.048120418850813647,0.94442953100996085,-0.079467750940932808,0.99656238770114336,0.023415464543462976,-0.94230971040017508,-0.06743762087305985,-0.3278789059645637,8.7486665703735825e-05,3.0078339913973524e-05
2.7950139045715332,1790952590.594754,0.00060009956359863281,0.034609879067047558,0.034801865284766934,0,-0.024609142453120049,0.38664278919430384,-0.045430920429412401,0.054320999999999994,0.0010349999999999999,0.176649,-2.9386806747529324,1.2294448316898456,-2.9018367742433324,0.054292709581692175,0.0010329350553878285,0.17656623947250244,-0.32517270218443561,-0.048120418850813647,0.94442953100996085,-0.079467750940932808,0.99656238770114336,0.023415464543462976,-0.94230971040017508,-0.06743762087305985,-0.3278789059645637,8.7486665703735825e-05,3.0078339913973524e-05
2.8000140190124512,1790952590.5997541,0.00059819221496582031,0.034609879067047558,0.034801865284766934,0,-0.024609142453120049,0.38664278919430384,-0.045430920429412401,0.054320999999999994,0.0010349999999999999,0.176649,-2.9386806747529324,1.2294448316898456,-2.9018367742433324,0.054292709581692175,0.0010329350553878285,0.17656623947250244,-0.32517270218443561,-0.048120418850813647,0.94442953100996085,-0.079467750940932808,0.99656238770114336,0.023415464543462976,-0.94230971040017508,-0.06743762087305985,-0.3278789059645637,8.7486665703735825e-05,3.0078339913973524e-05
2.80501389503479,1790952590.604754,0.00060105323791503906,0.034609879067047558,0.034801865284766934,0,-0.024609142453120049,0.38664278919430384,-0.045430920429412401,0.054320999999999994,0.0010349999999999999,0.176649,-2.9386806747529324,1.2294448316898456,-2.9018367742433324,0.054292709581692175,0.0010329350553878285,0.17656623947250244,-0.32517270218443561,-0.048120418850813647,0.94442953100996085,-0.079467750940932808,0.99656238770114336,0.023415464543462976,-0.94230971040017508,-0.06743762087305985,-0.3278789059645637,8.7486665703735825e-05,3.0078339913973524e-05
2.810014009475708,1790952590.6097541,0.00061798095703125,0.034609879067047558,0.034801865284766934,0,-0.024609142453120049,0.38664278919430384,-0.045430920429412401,0.054320999999999994,0.0010349999999999999,0.176649,-2.9386806747529324,1.2294448316898456,-2.9018367742433324,0.054292709581692175,0.0010329350553878285,0.17656623947250244,-0.32517270218443561,-0.048120418850813647,0.94442953100996085,-0.079467750940932808,0.99656238770114336,0.023415464543462976,-0.94230971040017508,-0.06743762087305985,-0.3278789059645637,8.7486665703735825e-05,3.0078339913973524e-05
2.8150148391723633,1790952590.6147549,0.0006008148193359375,0.034609879067047558,0.034801865284766934,0,-0.024609142453120049,0.38664278919430384,-0.045430920429412401,0.054320999999999994,0.0010349999999999999,0.176649,-2.9386806747529324,1.2294448316898456,-2.9018367742433324,0.054292709581692175,0.0010329350553878285,0.17656623947250244,-0.32517270218443561,-0.048120418850813647,0.94442953100996085,-0.079467750940932808,0.99656238770114336,0.023415464543462976,-0.94230971040017508,-0.06743762087305985,-0.3278789059645637,8.7486665703735825e-05,3.0078339913973524e-05
2.8199889659881592,1790952590.619729,0.0005741119384765625,0.034609879067047558,0.034801865284766934,0,-0.024609142453120049,0.38664278919430384,-0.045430920429412401,0.054320999999999994,0.0010349999999999999,0.176649,-2.9386806747529324,1.2294448316898456,-2.9018367742433324,0.054292709581692175,0.0010329350553878285,0.17656623947250244,-0.32517270218443561,-0.048120418850813647,0.94442953100996085,-0.079467750940932808,0.99656238770114336,0.023415464543462976,-0.94230971040017508,-0.06743762087305985,-0.3278789059645637,8.7486665703735825e-05,3.0078339913973524e-05
2.8250148296356201,1790952590.6247549,0.00059390068054199219,0.034609879067047558,0.034801865284766934,0,-0.024609142453120049,0.38664278919430384,-0.045430920429412401,0.054320999999999994,0.0010349999999999999,0.176649,-2.9386806747529324,1.2294448316898456,-2.9018367742433324,0.054292709581692175,0.0010329350553878285,0.17656623947250244,-0.32517270218443561,-0.048120418850813647,0.94442953100996085,-0.079467750940932808,0.99656238770114336,0.023415464543462976,-0.94230971040017508,-0.06743762087305985,-0.3278789059645637,8.7486665703735825e-05,3.0078339913973524e-05
2.829988956451416,1790952590.629729,0.00057506561279296875,0.034609879067047558,0.034801865284766934,0,-0.024609142453120049,0.38664278919430384,-0.045430920429412401,0.054320999999999994,0.0010349999999999999,0.176649,-2.9386806747529324,1.2294448316898456,-2.9018367742433324,0.054292709581692175,0.0010329350553878285,0.17656623947250244,-0.32517270218443561,-0.048120418850813647,0.94442953100996085,-0.079467750940932808,0.99656238770114336,0.023415464543462976,-0.94230971040017508,-0.06743762087305985,-0.3278789059645637,8.7486665703735825e-05,3.0078339913973524e-05
2.8350188732147217,1790952590.6347589,0.00059986114501953125,0.034609879067047558,0.034801865284766934,0,-0.024609142453120049,0.38664278919430384,-0.045430920429412401,0.054320999999999994,0.0010349999999999999,0.176649,-2.9386806747529324,1.2294448316898456,-2.9018367742433324,0.054292709581692175,0.0010329350553878285,0.17656623947250244,-0.32517270218443561,-0.048120418850813647,0.94442953100996085,-0.079467750940932808,0.99656238770114336,0.023415464543462976,-0.94230971040017508,-0.06743762087305985,-0.3278789059645637,8.7486665703735825e-05,3.0078339913973524e-05
2.8400130271911621,1790952590.6397531,0.00062203407287597656,0.034609879067047558,0.034801865284766934,0,-0.024609142453120049,0.38664278919430384,-0.045430920429412401,0.054320999999999994,0.0010349999999999999,0.176649,-2.9386806747529324,1.2294448316898456,-2.9018367742433324,0.054292709581692175,0.0010329350553878285,0.17656623947250244,-0.32517270218443561,-0.048120418850813647,0.94442953100996085,-0.079467750940932808,0.99656238770114336,0.023415464543462976,-0.94230971040017508,-0.06743762087305985,-0.3278789059645637,8.7486665703735825e-05,3.0078339913973524e-05
2.8450138568878174,1790952590.6447539,0.0006008148193359375,0.034609879067047558,0.034801865284766934,0,-0.024609142453120049,0.38664278919430384,-0.045430920429412401,0.054320999999999994,0.0010349999999999999,0.176649,-2.9386806747529324,1.2294448316898456,-2.9018367742433324,0.054292709581692175,0.0010329350553878285,0.17656623947250244,-0.32517270218443561,-0.048120418850813647,0.94442953100996085,-0.079467750940932808,0.99656238770114336,0.023415464543462976,-0.94230971040017508,-0.06743762087305985,-0.3278789059645637,8.7486665703735825e-05,3.0078339913973524e-05
2.8500139713287354,1790952590.649754,0.00060009956359863281,0.034609879067047558,0.034801865284766934,0,-0.024609142453120049,0.38664278919430384,-0.045430920429412401,0.054320999999999994,0.0010349999999999999,0.176649,-2.9386806747529324,1.2294448316898456,-2.9018367742433324,0.054292709581692175,0.0010329350553878285,0.17656623947250244,-0.32517270218443561,-0.048120418850813647,0.94442953100996085,-0.079467750940932808,0.99656238770114336,0.023415464543462976,-0.94230971040017508,-0.06743762087305985,-0.3278789059645637,8.7486665703735825e-05,3.0078339913973524e-05
2.8550159931182861,1790952590.6547561,0.00060200691223144531,0.034609879067047558,0.034801865284766934,0,-0.024609142453120049,0.38664278919430384,-0.045430920429412401,0.054320999999999994,0.0010349999999999999,0.176649,-2.9386806747529324,1.2294448316898456,-2.9018367742433324,0.054292709581692175,0.0010329350553878285,0.17656623947250244,-0.32517270218443561,-0.048120418850813647,0.94442953100996085,-0.079467750940932808,0.99656238770114336,0.023415464543462976,-0.94230971040017508,-0.06743762087305985,-0.3278789059645637,8.7486665703735825e-05,3.0078339913973524e-05
2.8599898815155029,1790952590.65973,0.000576019287109375,0.034609879067047558,0.034801865284766934,0,-0.024609142453120049,0.38664278919430384,-0.045430920429412401,0.054320999999999994,0.0010349999999999999,0.176649,-2.9386806747529324,1.2294448316898456,-2.9018367742433324,0.054292709581692175,0.0010329350553878285,0.17656623947250244,-0.32517270218443561,-0.048120418850813647,0.94442953100996085,-0.079467750940932808,0.99656238770114336,0.023415464543462976,-0.94230971040017508,-0.06743762087305985,-0.3278789059645637,8.7486665703735825e-05,3.0078339913973524e-05
2.8650138378143311,1790952590.6647539,0.00059986114501953125,0.034609879067047558,0.034801865284766934,0,-0.024609142453120049,0.38664278919430384,-0.045430920429412401,0.054320999999999994,0.0010349999999999999,0.176649,-2.9386806747529324,1.2294448316898456,-2.9018367742433324,0.054292709581692175,0.0010329350553878285,0.17656623947250244,-0.32517270218443561,-0.048120418850813647,0.94442953100996085,-0.079467750940932808,0.99656238770114336,0.023415464543462976,-0.94230971040017508,-0.06743762087305985,-0.3278789059645637,8.7486665703735825e-05,3.0078339913973524e-05
2.870013952255249,1790952590.669754,0.00062012672424316406,0.034609879067047558,0.034801865284766934,0,-0.024609142453120049,0.38664278919430384,-0.045430920429412401,0.054320999999999994,0.0010349999999999999,0.176649,-2.9386806747529324,1.2294448316898456,-2.9018367742433324,0.054292709581692175,0.0010329350553878285,0.17656623947250244,-0.32517270218443561,-0.048120418850813647,0.94442953100996085,-0.079467750940932808,0.99656238770114336,0.023415464543462976,-0.94230971040017508,-0.06743762087305985,-0.3278789059645637,8.7486665703735825e-05,3.0078339913973524e-05
2.8750159740447998,1790952590.6747561,0.00060200691223144531,0.034609879067047558,0.034801865284766934,0,-0.024609142453120049,0.38664278919430384,-0.045430920429412401,0.054320999999999994,0.0010349999999999999,0.176649,-2.9386806747529324,1.2294448316898456,-2.9018367742433324,0.054292709581692175,0.0010329350553878285,0.17656623947250244,-0.32517270218443561,-0.048120418850813647,0.94442953100996085,-0.079467750940932808,0.99656238770114336,0.023415464543462976,-0.94230971040017508,-0.06743762087305985,-0.3278789059645637,8.7486665703735825e-05,3.0078339913973524e-05
2.8800158500671387,1790952590.6797559,0.00060296058654785156,0.034609879067047558,0.034801865284766934,0,-0.024609142453120049,0.38664278919430384,-0.045430920429412401,0.054320999999999994,0.0010349999999999999,0.176649,-2.9386806747529324,1.2294448316898456,-2.9018367742433324,0.054292709581692175,0.0010329350553878285,0.17656623947250244,-0.32517270218443561,-0.048120418850813647,0.94442953100996085,-0.079467750940932808,0.99656238770114336,0.023415464543462976,-0.94230971040017508,-0.06743762087305985,-0.3278789059645637,8.7486665703735825e-05,3.0078339913973524e-05
2.8850138187408447,1790952590.6847539,0.00059199333190917969,0.034609879067047558,0.034801865284766934,0,-0.024609142453120049,0.38664278919430384,-0.045430920429412401,0.054320999999999994,0.0010349999999999999,0.176649,-2.9386806747529324,1.2294448316898456,-2.9018367742433324,0.054292709581692175,0.0010329350553878285,0.17656623947250244,-0.32517270218443561,-0.048120418850813647,0.94442953100996085,-0.079467750940932808,0.99656238770114336,0.023415464543462976,-0.94230971040017508,-0.06743762087305985,-0.3278789059645637,8.7486665703735825e-05,3.0078339913973524e-05
2.8900139331817627,1790952590.689754,0.00062704086303710938,0.034609879067047558,0.034801865284766934,0,-0.024609142453120049,0.38664278919430384,-0.045430920429412401,0.054320999999999994,0.0010349999999999999,0.176649,-2.9386806747529324,1.2294448316898456,-2.9018367742433324,0.054292709581692175,0.0010329350553878285,0.17656623947250244,-0.32517270218443561,-0.048120418850813647,0.94442953100996085,-0.079467750940932808,0.99656238770114336,0.023415464543462976,-0.94230971040017508,-0.06743762087305985,-0.3278789059645637,8.7486665703735825e-05,3.0078339913973524e-05
2.8950128555297852,1790952590.6947529,0.00058984756469726562,0.034609879067047558,0.034801865284766934,0,-0.024609142453120049,0.38664278919430384,-0.045430920429412401,0.054320999999999994,0.0010349999999999999,0.176649,-2.9386806747529324,1.2294448316898456,-2.9018367742433324,0.054292709581692175,0.0010329350553878285,0.17656623947250244,-0.32517270218443561,-0.048120418850813647,0.94442953100996085,-0.079467750940932808,0.99656238770114336,0.023415464543462976,-0.94230971040017508,-0.06743762087305985,-0.3278789059645637,8.7486665703735825e-05,3.0078339913973524e-05
2.9000148773193359,1790952590.699755,0.00060200691223144531,0.034609879067047558,0.034801865284766934,0,-0.024609142453120049,0.38664278919430384,-0.045430920429412401,0.054320999999999994,0.0010349999999999999,0.176649,-2.9386806747529324,1.2294448316898456,-2.9018367742433324,0.054292709581692175,0.0010329350553878285,0.17656623947250244,-0.32517270218443561,-0.048120418850813647,0.94442953100996085,-0.079467750940932808,0.99656238770114336,0.023415464543462976,-0.94230971040017508,-0.06743762087305985,-0.3278789059645637,8.7486665703735825e-05,3.0078339913973524e-05
2.905012845993042,1790952590.7047529,0.0006008148193359375,0.034609879067047558,0.034801865284766934,0,-0.024609142453120049,0.38664278919430384,-0.045430920429412401,0.054320999999999994,0.0010349999999999999,0.176649,-2.9386806747529324,1.2294448316898456,-2.9018367742433324,0.054292709581692175,0.0010329350553878285,0.17656623947250244,-0.32517270218443561,-0.048120418850813647,0.94442953100996085,-0.079467750940932808,0.99656238770114336,0.023415464543462976,-0.94230971040017508,-0.06743762087305985,-0.3278789059645637,8.7486665703735825e-05,3.0078339913973524e-05
2.9099888801574707,1790952590.709729,0.000576019287109375,0.034609879067047558,0.034801865284766934,0,-0.024609142453120049,0.38664278919430384,-0.045430920429412401,0.054320999999999994,0.0010349999999999999,0.176649,-2.9386806747529324,1.2294448316898456,-2.9018367742433324,0.054292709581692175,0.0010329350553878285,0.17656623947250244,-0.32517270218443561,-0.048120418850813647,0.94442953100996085,-0.079467750940932808,0.99656238770114336,0.023415464543462976,-0.94230971040017508,-0.06743762087305985,-0.3278789059645637,8.7486665703735825e-05,3.0078339913973524e-05
2.915010929107666,1790952590.714751,0.0005950927734375,0.034609879067047558,0.034801865284766934,0,-0.024609142453120049,0.38664278919430384,-0.045430920429412401,0.054320999999999994,0.0010349999999999999,0.176649,-2.9386806747529324,1.2294448316898456,-2.9018367742433324,0.054292709581692175,0.0010329350553878285,0.17656623947250244,-0.32517270218443561,-0.048120418850813647,0.94442953100996085,-0.079467750940932808,0.99656238770114336,0.023415464543462976,-0.94230971040017508,-0.06743762087305985,-0.3278789059645637,8.7486665703735825e-05,3.0078339913973524e-05
2.9199898242950439,1790952590.7197299,0.00056695938110351562,0.034609879067047558,0.034801865284766934,0,-0.024609142453120049,0.38664278919430384,-0.045430920429412401,0.054320999999999994,0.0010349999999999999,0.176649,-2.9386806747529324,1.2294448316898456,-2.9018367742433324,0.054292709581692175,0.0010329350553878285,0.17656623947250244,-0.32517270218443561,-0.048120418850813647,0.94442953100996085,-0.079467750940932808,0.99656238770114336,0.023415464543462976,-0.94230971040017508,-0.06743762087305985,-0.3278789059645637,8.7486665703735825e-05,3.0078339913973524e-05
2.9250140190124512,1790952590.7247541,0.00060200691223144531,0.034609879067047558,0.034801865284766934,0,-0.024609142453120049,0.38664278919430384,-0.045430920429412401,0.054320999999999994,0.0010349999999999999,0.176649,-2.9386806747529324,1.2294448316898456,-2.9018367742433324,0.054292709581692175,0.0010329350553878285,0.17656623947250244,-0.32517270218443561,-0.048120418850813647,0.94442953100996085,-0.079467750940932808,0.99656238770114336,0.023415464543462976,-0.94230971040017508,-0.06743762087305985,-0.3278789059645637,8.7486665703735825e-05,3.0078339913973524e-05
2.930016040802002,1790952590.7297561,0.00060319900512695312,0.034609879067047558,0.034801865284766934,0,-0.024609142453120049,0.38664278919430384,-0.045430920429412401,0.054320999999999994,0.0010349999999999999,0.176649,-2.9386806747529324,1.2294448316898456,-2.9018367742433324,0.054292709581692175,0.0010329350553878285,0.17656623947250244,-0.32517270218443561,-0.048120418850813647,0.94442953100996085,-0.079467750940932808,0.99656238770114336,0.023415464543462976,-0.94230971040017508,-0.06743762087305985,-0.3278789059645637,8.7486665703735825e-05,3.0078339913973524e-05
2.9350128173828125,1790952590.7347529,0.00059390068054199219,0.034609879067047558,0.034801865284766934,0,-0.024609142453120049,0.38664278919430384,-0.045430920429412401,0.054320999999999994,0.0010349999999999999,0.176649,-2.9386806747529324,1.2294448316898456,-2.9018367742433324,0.054292709581692175,0.0010329350553878285,0.17656623947250244,-0.32517270218443561,-0.048120418850813647,0.94442953100996085,-0.079467750940932808,0.99656238770114336,0.023415464543462976,-0.94230971040017508,-0.06743762087305985,-0.3278789059645637,8.7486665703735825e-05,3.0078339913973524e-05
2.9400129318237305,1790952590.739753,0.00062012672424316406,0.034609879067047558,0.034801865284766934,0,-0.024609142453120049,0.38664278919430384,-0.045430920429412401,0.054320999999999994,0.0010349999999999999,0.176649,-2.9386806747529324,1.2294448316898456,-2.9018367742433324,0.054292709581692175,0.0010329350553878285,0.17656623947250244,-0.32517270218443561,-0.048120418850813647,0.94442953100996085,-0.079467750940932808,0.99656238770114336,0.023415464543462976,-0.94230971040017508,-0.06743762087305985,-0.3278789059645637,8.7486665703735825e-05,3.0078339913973524e-05
2.9450128078460693,1790952590.7447529,0.000598907470703125,0.034609879067047558,0.034801865284766934,0,-0.024609142453120049,0.38664278919430384,-0.045430920429412401,0.054320999999999994,0.0010349999999999999,0.176649,-2.9386806747529324,1.2294448316898456,-2.9018367742433324,0.054292709581692175,0.0010329350553878285,0.17656623947250244,-0.32517270218443561,-0.048120418850813647,0.94442953100996085,-0.079467750940932808,0.99656238770114336,0.023415464543462976,-0.94230971040017508,-0.06743762087305985,-0.3278789059645637,8.7486665703735825e-05,3.0078339913973524e-05
2.9500129222869873,1790952590.749753,0.00060009956359863281,0.034609879067047558,0.034801865284766934,0,-0.024609142453120049,0.38664278919430384,-0.045430920429412401,0.054320999999999994,0.0010349999999999999,0.176649,-2.9386806747529324,1.2294448316898456,-2.9018367742433324,0.054292709581692175,0.0010329350553878285,0.17656623947250244,-0.32517270218443561,-0.048120418850813647,0.94442953100996085,-0.079467750940932808,0.99656238770114336,0.023415464543462976,-0.94230971040017508,-0.06743762087305985,-0.3278789059645637,8.7486665703735825e-05,3.0078339913973524e-05
2.9550139904022217,1790952590.7547541,0.0005931854248046875,0.034609879067047558,0.034801865284766934,0,-0.024609142453120049,0.38664278919430384,-0.045430920429412401,0.054320999999999994,0.0010349999999999999,0.176649,-2.9386806747529324,1.2294448316898456,-2.9018367742433324,0.054292709581692175,0.0010329350553878285,0.17656623947250244,-0.32517270218443561,-0.048120418850813647,0.94442953100996085,-0.079467750940932808,0.99656238770114336,0.023415464543462976,-0.94230971040017508,-0.06743762087305985,-0.3278789059645637,8.7486665703735825e-05,3.0078339913973524e-05
2.9600138664245605,1790952590.7597539,0.00060200691223144531,0.034609879067047558,0.034801865284766934,0,-0.024609142453120049,0.38664278919430384,-0.045430920429412401,0.054320999999999994,0.0010349999999999999,0.176649,-2.9386806747529324,1.2294448316898456,-2.9018367742433324,0.054292709581692175,0.0010329350553878285,0.17656623947250244,-0.32517270218443561,-0.048120418850813647,0.94442953100996085,-0.079467750940932808,0.99656238770114336,0.023415464543462976,-0.94230971040017508,-0.06743762087305985,-0.3278789059645637,8.7486665703735825e-05,3.0078339913973524e-05
2.9650118350982666,1790952590.7647519,0.000598907470703125,0.034609879067047558,0.034801865284766934,0,-0.024609142453120049,0.38664278919430384,-0.045430920429412401,0.054320999999999994,0.0010349999999999999,0.176649,-2.9386806747529324,1.2294448316898456,-2.9018367742433324,0.054292709581692175,0.0010329350553878285,0.17656623947250244,-0.32517270218443561,-0.048120418850813647,0.94442953100996085,-0.079467750940932808,0.99656238770114336,0.023415464543462976,-0.94230971040017508,-0.06743762087305985,-0.3278789059645637,8.7486665703735825e-05,3.0078339913973524e-05
2.9700119495391846,1790952590.769752,0.00060009956359863281,0.034609879067047558,0.034801865284766934,0,-0.024609142453120049,0.38664278919430384,-0.045430920429412401,0.054320999999999994,0.0010349999999999999,0.176649,-2.9386806747529324,1.2294448316898456,-2.9018367742433324,0.054292709581692175,0.0010329350553878285,0.17656623947250244,-0.32517270218443561,-0.048120418850813647,0.94442953100996085,-0.079467750940932808,0.99656238770114336,0.023415464543462976,-0.94230971040017508,-0.06743762087305985,-0.3278789059645637,8.7486665703735825e-05,3.0078339913973524e-05
2.9750118255615234,1790952590.7747519,0.00059986114501953125,0.034609879067047558,0.034801865284766934,0,-0.024609142453120049,0.38664278919430384,-0.045430920429412401,0.054320999999999994,0.0010349999999999999,0.176649,-2.9386806747529324,1.2294448316898456,-2.9018367742433324,0.054292709581692175,0.0010329350553878285,0.17656623947250244,-0.32517270218443561,-0.048120418850813647,0.94442953100996085,-0.079467750940932808,0.99656238770114336,0.023415464543462976,-0.94230971040017508,-0.06743762087305985,-0.3278789059645637,8.7486665703735825e-05,3.0078339913973524e-05
2.9799878597259521,1790952590.7797279,0.000576019287109375,0.034609879067047558,0.034801865284766934,0,-0.024609142453120049,0.38664278919430384,-0.045430920429412401,0.054320999999999994,0.0010349999999999999,0.176649,-2.9386806747529324,1.2294448316898456,-2.9018367742433324,0.054292709581692175,0.0010329350553878285,0.17656623947250244,-0.32517270218443561,-0.048120418850813647,0.94442953100996085,-0.079467750940932808,0.99656238770114336,0.023415464543462976,-0.94230971040017508,-0.06743762087305985,-0.3278789059645637,8.7486665703735825e-05,3.0078339913973524e-05
2.9850139617919922,1790952590.784754,0.00060200691223144531,0.034609879067047558,0.034801865284766934,0,-0.024609142453120049,0.38664278919430384,-0.045430920429412401,0.054320999999999994,0.0010349999999999999,0.176649,-2.9386806747529324,1.2294448316898456,-2.9018367742433324,0.054292709581692175,0.0010329350553878285,0.17656623947250244,-0.32517270218443561,-0.048120418850813647,0.94442953100996085,-0.079467750940932808,0.99656238770114336,0.023415464543462976,-0.94230971040017508,-0.06743762087305985,-0.3278789059645637,8.7486665703735825e-05,3.0078339913973524e-05
2.9900119304656982,1790952590.789752,0.00062489509582519531,0.034609879067047558,0.034801865284766934,0,-0.024609142453120049,0.38664278919430384,-0.045430920429412401,0.054320999999999994,0.0010349999999999999,0.176649,-2.9386806747529324,1.2294448316898456,-2.9018367742433324,0.054292709581692175,0.0010329350553878285,0.17656623947250244,-0.32517270218443561,-0.048120418850813647,0.94442953100996085,-0.079467750940932808,0.99656238770114336,0.023415464543462976,-0.94230971040017508,-0.06743762087305985,-0.3278789059645637,8.7486665703735825e-05,3.0078339913973524e-05
2.9950118064880371,1790952590.7947519,0.00059986114501953125,0.034609879067047558,0.034801865284766934,0,-0.024609142453120049,0.38664278919430384,-0.045430920429412401,0.054320999999999994,0.0010349999999999999,0.176649,-2.9386806747529324,1.2294448316898456,-2.9018367742433324,0.054292709581692175,0.0010329350553878285,0.17656623947250244,-0.32517270218443561,-0.048120418850813647,0.94442953100996085,-0.079467750940932808,0.99656238770114336,0.023415464543462976,-0.94230971040017508,-0.06743762087305985,-0.3278789059645637,8.7486665703735825e-05,3.0078339913973524e-05
3.0000128746032715,1790952590.799753,0.00062394142150878906,0.034609879067047558,0.034801865284766934,0,-0.024609142453120049,0.38664278919430384,-0.045430920429412401,0.054320999999999994,0.0010349999999999999,0.176649,-2.9386806747529324,1.2294448316898456,-2.9018367742433324,0.054292709581692175,0.0010329350553878285,0.17656623947250244,-0.32517270218443561,-0.048120418850813647,0.94442953100996085,-0.079467750940932808,0.99656238770114336,0.023415464543462976,-0.94230971040017508,-0.06743762087305985,-0.3278789059645637,8.7486665703735825e-05,3.0078339913973524e-05
3.0050148963928223,1790952590.804755,0.00060200691223144531,0.034609879067047558,0.034801865284766934,0,-0.024609142453120049,0.38664278919430384,-0.045430920429412401,0.054320999999999994,0.0010349999999999999,0.176649,-2.9386806747529324,1.2294448316898456,-2.9018367742433324,0.054292709581692175,0.0010329350553878285,0.17656623947250244,-0.32517270218443561,-0.048120418850813647,0.94442953100996085,-0.079467750940932808,0.99656238770114336,0.023415464543462976,-0.94230971040017508,-0.06743762087305985,-0.3278789059645637,8.7486665703735825e-05,3.0078339913973524e-05
3.0100128650665283,1790952590.8097529,0.00060105323791503906,0.034609879067047558,0.034801865284766934,0,-0.024609142453120049,0.38664278919430384,-0.045430920429412401,0.054320999999999994,0.0010349999999999999,0.176649,-2.9386806747529324,1.2294448316898456,-2.9018367742433324,0.054292709581692175,0.0010329350553878285,0.17656623947250244,-0.32517270218443561,-0.048120418850813647,0.94442953100996085,-0.079467750940932808,0.99656238770114336,0.023415464543462976,-0.94230971040017508,-0.06743762087305985,-0.3278789059645637,8.7486665703735825e-05,3.0078339913973524e-05
3.0150139331817627,1790952590.814754,0.000598907470703125,0.034609879067047558,0.034801865284766934,0,-0.024609142453120049,0.38664278919430384,-0.045430920429412401,0.054320999999999994,0.0010349999999999999,0.176649,-2.9386806747529324,1.2294448316898456,-2.9018367742433324,0.054292709581692175,0.0010329350553878285,0.17656623947250244,-0.32517270218443561,-0.048120418850813647,0.94442953100996085,-0.079467750940932808,0.99656238770114336,0.023415464543462976,-0.94230971040017508,-0.06743762087305985,-0.3278789059645637,8.7486665703735825e-05,3.0078339913973524e-05
3.0200128555297852,1790952590.8197529,0.00062394142150878906,0.034609879067047558,0.034801865284766934,0,-0.024609142453120049,0.38664278919430384,-0.045430920429412401,0.054320999999999994,0.0010349999999999999,0.176649,-2.9386806747529324,1.2294448316898456,-2.9018367742433324,0.054292709581692175,0.0010329350553878285,0.17656623947250244,-0.32517270218443561,-0.048120418850813647,0.94442953100996085,-0.079467750940932808,0.99656238770114336,0.023415464543462976,-0.94230971040017508,-0.06743762087305985,-0.3278789059645637,8.7486665703735825e-05,3.0078339913973524e-05
3.0250139236450195,1790952590.824754,0.00060009956359863281,0.034609879067047558,0.034801865284766934,0,-0.024609142453120049,0.38664278919430384,-0.045430920429412401,0.054320999999999994,0.0010349999999999999,0.176649,-2.9386806747529324,1.2294448316898456,-2.9018367742433324,0.054292709581692175,0.0010329350553878285,0.17656623947250244,-0.32517270218443561,-0.048120418850813647,0.94442953100996085,-0.079467750940932808,0.99656238770114336,0.023415464543462976,-0.94230971040017508,-0.06743762087305985,-0.3278789059645637,8.7486665703735825e-05,3.0078339913973524e-05
3.030012845993042,1790952590.8297529,0.00059986114501953125,0.034609879067047558,0.034801865284766934,0,-0.024609142453120049,0.38664278919430384,-0.045430920429412401,0.054320999999999994,0.0010349999999999999,0.176649,-2.9386806747529324,1.2294448316898456,-2.9018367742433324,0.054292709581692175,0.0010329350553878285,0.17656623947250244,-0.32517270218443561,-0.048120418850813647,0.94442953100996085,-0.079467750940932808,0.99656238770114336,0.023415464543462976,-0.94230971040017508,-0.06743762087305985,-0.3278789059645637,8.7486665703735825e-05,3.0078339913973524e-05
3.03501296043396,1790952590.834753,0.00060009956359863281,0.034609879067047558,0.034801865284766934,0,-0.024609142453120049,0.38664278919430384,-0.045430920429412401,0.054320999999999994,0.0010349999999999999,0.176649,-2.9386806747529324,1.2294448316898456,-2.9018367742433324,0.054292709581692175,0.0010329350553878285,0.17656623947250244,-0.32517270218443561,-0.048120418850813647,0.94442953100996085,-0.079467750940932808,0.99656238770114336,0.023415464543462976,-0.94230971040017508,-0.06743762087305985,-0.3278789059645637,8.7486665703735825e-05,3.0078339913973524e-05
3.0400128364562988,1790952590.8397529,0.00059795379638671875,0.034609879067047558,0.034801865284766934,0,-0.024609142453120049,0.38664278919430384,-0.045430920429412401,0.054320999999999994,0.0010349999999999999,0.176649,-2.9386806747529324,1.2294448316898456,-2.9018367742433324,0.054292709581692175,0.0010329350553878285,0.17656623947250244,-0.32517270218443561,-0.048120418850813647,0.94442953100996085,-0.079467750940932808,0.99656238770114336,0.023415464543462976,-0.94230971040017508,-0.06743762087305985,-0.3278789059645637,8.7486665703735825e-05,3.0078339913973524e-05
3.045015811920166,1790952590.8447559,0.00060391426086425781,0.034609879067047558,0.034801865284766934,0,-0.024609142453120049,0.38664278919430384,-0.045430920429412401,0.054320999999999994,0.0010349999999999999,0.176649,-2.9386806747529324,1.2294448316898456,-2.9018367742433324,0.054292709581692175,0.0010329350553878285,0.17656623947250244,-0.32517270218443561,-0.048120418850813647,0.94442953100996085,-0.079467750940932808,0.99656238770114336,0.023415464543462976,-0.94230971040017508,-0.06743762087305985,-0.3278789059645637,8.7486665703735825e-05,3.0078339913973524e-05
3.0500128269195557,1790952590.8497529,0.00059986114501953125,0.034609879067047558,0.034801865284766934,0,-0.024609142453120049,0.38664278919430384,-0.045430920429412401,0.054320999999999994,0.0010349999999999999,0.176649,-2.9386806747529324,1.2294448316898456,-2.9018367742433324,0.054292709581692175,0.0010329350553878285,0.17656623947250244,-0.32517270218443561,-0.048120418850813647,0.94442953100996085,-0.079467750940932808,0.99656238770114336,0.023415464543462976,-0.94230971040017508,-0.06743762087305985,-0.3278789059645637,8.7486665703735825e-05,3.0078339913973524e-05
3.0550129413604736,1790952590.854753,0.00060105323791503906,0.034609879067047558,0.034801865284766934,0,-0.024609142453120049,0.38664278919430384,-0.045430920429412401,0.054320999999999994,0.0010349999999999999,0.176649,-2.9386806747529324,1.2294448316898456,-2.9018367742433324,0.054292709581692175,0.0010329350553878285,0.17656623947250244,-0.32517270218443561,-0.048120418850813647,0.94442953100996085,-0.079467750940932808,0.99656238770114336,0.023415464543462976,-0.94230971040017508,-0.06743762087305985,-0.3278789059645637,8.7486665703735825e-05,3.0078339913973524e-05
3.0600159168243408,1790952590.859756,0.00062608718872070312,0.034609879067047558,0.034801865284766934,0,-0.024609142453120049,0.38664278919430384,-0.045430920429412401,0.054320999999999994,0.0010349999999999999,0.176649,-2.9386806747529324,1.2294448316898456,-2.9018367742433324,0.054292709581692175,0.0010329350553878285,0.17656623947250244,-0.32517270218443561,-0.048120418850813647,0.94442953100996085,-0.079467750940932808,0.99656238770114336,0.023415464543462976,-0.94230971040017508,-0.06743762087305985,-0.3278789059645637,8.7486665703735825e-05,3.0078339913973524e-05
3.0650129318237305,1790952590.864753,0.00059294700622558594,0.034609879067047558,0.034801865284766934,0,-0.024609142453120049,0.38664278919430384,-0.045430920429412401,0.054320999999999994,0.0010349999999999999,0.176649,-2.9386806747529324,1.2294448316898456,-2.9018367742433324,0.054292709581692175,0.0010329350553878285,0.17656623947250244,-0.32517270218443561,-0.048120418850813647,0.94442953100996085,-0.079467750940932808,0.99656238770114336,0.023415464543462976,-0.94230971040017508,-0.06743762087305985,-0.3278789059645637,8.7486665703735825e-05,3.0078339913973524e-05
3.0700128078460693,1790952590.8697529,0.00059986114501953125,0.034609879067047558,0.034801865284766934,0,-0.024609142453120049,0.38664278919430384,-0.045430920429412401,0.054320999999999994,0.0010349999999999999,0.176649,-2.9386806747529324,1.2294448316898456,-2.9018367742433324,0.054292709581692175,0.0010329350553878285,0.17656623947250244,-0.32517270218443561,-0.048120418850813647,0.94442953100996085,-0.079467750940932808,0.99656238770114336,0.023415464543462976,-0.94230971040017508,-0.06743762087305985,-0.3278789059645637,8.7486665703735825e-05,3.0078339913973524e-05
3.0750129222869873,1790952590.874753,0.00059390068054199219,0.034609879067047558,0.034801865284766934,0,-0.024609142453120049,0.38664278919430384,-0.045430920429412401,0.054320999999999994,0.0010349999999999999,0.176649,-2.9386806747529324,1.2294448316898456,-2.9018367742433324,0.054292709581692175,0.0010329350553878285,0.17656623947250244,-0.32517270218443561,-0.048120418850813647,0.94442953100996085,-0.079467750940932808,0.99656238770114336,0.023415464543462976,-0.94230971040017508,-0.06743762087305985,-0.3278789059645637,8.7486665703735825e-05,3.0078339913973524e-05
3.0800149440765381,1790952590.879755,0.00060200691223144531,0.034609879067047558,0.034801865284766934,0,-0.024609142453120049,0.38664278919430384,-0.045430920429412401,0.054320999999999994,0.0010349999999999999,0.176649,-2.9386806747529324,1.2294448316898456,-2.9018367742433324,0.054292709581692175,0.0010329350553878285,0.17656623947250244,-0.32517270218443561,-0.048120418850813647,0.94442953100996085,-0.079467750940932808,0.99656238770114336,0.023415464543462976,-0.94230971040017508,-0.06743762087305985,-0.3278789059645637,8.7486665703735825e-05,3.0078339913973524e-05
3.0850129127502441,1790952590.884753,0.00059795379638671875,0.034609879067047558,0.034801865284766934,0,-0.024609142453120049,0.38664278919430384,-0.045430920429412401,0.054320999999999994,0.0010349999999999999,0.176649,-2.9386806747529324,1.2294448316898456,-2.9018367742433324,0.054292709581692175,0.0010329350553878285,0.17656623947250244,-0.32517270218443561,-0.048120418850813647,0.94442953100996085,-0.079467750940932808,0.99656238770114336,0.023415464543462976,-0.94230971040017508,-0.06743762087305985,-0.3278789059645637,8.7486665703735825e-05,3.0078339913973524e-05
3.0900130271911621,1790952590.8897531,0.00060009956359863281,0.034609879067047558,0.034801865284766934,0,-0.024609142453120049,0.38664278919430384,-0.045430920429412401,0.054320999999999994,0.0010349999999999999,0.176649,-2.9386806747529324,1.2294448316898456,-2.9018367742433324,0.054292709581692175,0.0010329350553878285,0.17656623947250244,-0.32517270218443561,-0.048120418850813647,0.94442953100996085,-0.079467750940932808,0.99656238770114336,0.023415464543462976,-0.94230971040017508,-0.06743762087305985,-0.3278789059645637,8.7486665703735825e-05,3.0078339913973524e-05
3.095012903213501,1790952590.894753,0.00060105323791503906,0.034609879067047558,0.034801865284766934,0,-0.024609142453120049,0.38664278919430384,-0.045430920429412401,0.054320999999999994,0.0010349999999999999,0.176649,-2.9386806747529324,1.2294448316898456,-2.9018367742433324,0.054292709581692175,0.0010329350553878285,0.17656623947250244,-0.32517270218443561,-0.048120418850813647,0.94442953100996085,-0.079467750940932808,0.99656238770114336,0.023415464543462976,-0.94230971040017508,-0.06743762087305985,-0.3278789059645637,8.7486665703735825e-05,3.0078339913973524e-05
3.1000130176544189,1790952590.8997531,0.00062608718872070312,0.034609879067047558,0.034801865284766934,0,-0.024609142453120049,0.38664278919430384,-0.045430920429412401,0.054320999999999994,0.0010349999999999999,0.176649,-2.9386806747529324,1.2294448316898456,-2.9018367742433324,0.054292709581692175,0.0010329350553878285,0.17656623947250244,-0.32517270218443561,-0.048120418850813647,0.94442953100996085,-0.079467750940932808,0.99656238770114336,0.023415464543462976,-0.94230971040017508,-0.06743762087305985,-0.3278789059645637,8.7486665703735825e-05,3.0078339913973524e-05
3.1050150394439697,1790952590.9047551,0.00060200691223144531,0.034609879067047558,0.034801865284766934,0,-0.024609142453120049,0.38664278919430384,-0.045430920429412401,0.054320999999999994,0.0010349999999999999,0.176649,-2.9386806747529324,1.2294448316898456,-2.9018367742433324,0.054292709581692175,0.0010329350553878285,0.17656623947250244,-0.32517270218443561,-0.048120418850813647,0.94442953100996085,-0.079467750940932808,0.99656238770114336,0.023415464543462976,-0.94230971040017508,-0.06743762087305985,-0.3278789059645637,8.7486665703735825e-05,3.0078339913973524e-05
3.1100130081176758,1790952590.9097531,0.00062298774719238281,0.034609879067047558,0.034801865284766934,0,-0.024609142453120049,0.38664278919430384,-0.045430920429412401,0.054320999999999994,0.0010349999999999999,0.176649,-2.9386806747529324,1.2294448316898456,-2.9018367742433324,0.054292709581692175,0.0010329350553878285,0.17656623947250244,-0.32517270218443561,-0.048120418850813647,0.94442953100996085,-0.079467750940932808,0.99656238770114336,0.023415464543462976,-0.94230971040017508,-0.06743762087305985,-0.3278789059645637,8.7486665703735825e-05,3.0078339913973524e-05
3.1150128841400146,1790952590.914753,0.000598907470703125,0.034609879067047558,0.034801865284766934,0,-0.024609142453120049,0.38664278919430384,-0.045430920429412401,0.054320999999999994,0.0010349999999999999,0.176649,-2.9386806747529324,1.2294448316898456,-2.9018367742433324,0.054292709581692175,0.0010329350553878285,0.17656623947250244,-0.32517270218443561,-0.048120418850813647,0.94442953100996085,-0.079467750940932808,0.99656238770114336,0.023415464543462976,-0.94230971040017508,-0.06743762087305985,-0.3278789059645637,8.7486665703735825e-05,3.0078339913973524e-05
3.120013952255249,1790952590.919754,0.00060009956359863281,0.034609879067047558,0.034801865284766934,0,-0.024609142453120049,0.38664278919430384,-0.045430920429412401,0.054320999999999994,0.0010349999999999999,0.176649,-2.9386806747529324,1.2294448316898456,-2.9018367742433324,0.054292709581692175,0.0010329350553878285,0.17656623947250244,-0.32517270218443561,-0.048120418850813647,0.94442953100996085,-0.079467750940932808,0.99656238770114336,0.023415464543462976,-0.94230971040017508,-0.06743762087305985,-0.3278789059645637,8.7486665703735825e-05,3.0078339913973524e-05
3.1250138282775879,1790952590.9247539,0.0006008148193359375,0.034609879067047558,0.034801865284766934,0,-0.024609142453120049,0.38664278919430384,-0.045430920429412401,0.054320999999999994,0.0010349999999999999,0.176649,-2.9386806747529324,1.2294448316898456,-2.9018367742433324,0.054292709581692175,0.0010329350553878285,0.17656623947250244,-0.32517270218443561,-0.048120418850813647,0.94442953100996085,-0.079467750940932808,0.99656238770114336,0.023415464543462976,-0.94230971040017508,-0.06743762087305985,-0.3278789059645637,8.7486665703735825e-05,3.0078339913973524e-05
3.1300158500671387,1790952590.9297559,0.00060200691223144531,0.034609879067047558,0.034801865284766934,0,-0.024609142453120049,0.38664278919430384,-0.045430920429412401,0.054320999999999994,0.0010349999999999999,0.176649,-2.9386806747529324,1.2294448316898456,-2.9018367742433324,0.054292709581692175,0.0010329350553878285,0.17656623947250244,-0.32517270218443561,-0.048120418850813647,0.94442953100996085,-0.079467750940932808,0.99656238770114336,0.023415464543462976,-0.94230971040017508,-0.06743762087305985,-0.3278789059645637,8.7486665703735825e-05,3.0078339913973524e-05
3.1350119113922119,1790952590.934752,0.0005950927734375,0.034609879067047558,0.034801865284766934,0,-0.024609142453120049,0.38664278919430384,-0.045430920429412401,0.054320999999999994,0.0010349999999999999,0.176649,-2.9386806747529324,1.2294448316898456,-2.9018367742433324,0.054292709581692175,0.0010329350553878285,0.17656623947250244,-0.32517270218443561,-0.048120418850813647,0.94442953100996085,-0.079467750940932808,0.99656238770114336,0.023415464543462976,-0.94230971040017508,-0.06743762087305985,-0.3278789059645637,8.7486665703735825e-05,3.0078339913973524e-05
3.1400129795074463,1790952590.9397531,0.00062513351440429688,0.034609879067047558,0.034801865284766934,0,-0.024609142453120049,0.38664278919430384,-0.045430920429412401,0.054320999999999994,0.0010349999999999999,0.176649,-2.9386806747529324,1.2294448316898456,-2.9018367742433324,0.054292709581692175,0.0010329350553878285,0.17656623947250244,-0.32517270218443561,-0.048120418850813647,0.94442953100996085,-0.079467750940932808,0.99656238770114336,0.023415464543462976,-0.94230971040017508,-0.06743762087305985,-0.3278789059645637,8.7486665703735825e-05,3.0078339913973524e-05
3.1450128555297852,1790952590.9447529,0.000598907470703125,0.034609879067047558,0.034801865284766934,0,-0.024609142453120049,0.38664278919430384,-0.045430920429412401,0.054320999999999994,0.0010349999999999999,0.176649,-2.9386806747529324,1.2294448316898456,-2.9018367742433324,0.054292709581692175,0.0010329350553878285,0.17656623947250244,-0.32517270218443561,-0.048120418850813647,0.94442953100996085,-0.079467750940932808,0.99656238770114336,0.023415464543462976,-0.94230971040017508,-0.06743762087305985,-0.3278789059645637,8.7486665703735825e-05,3.0078339913973524e-05
3.1500120162963867,1790952590.9497521,0.0005970001220703125,0.034609879067047558,0.034801865284766934,0,-0.024609142453120049,0.38664278919430384,-0.045430920429412401,0.054320999999999994,0.0010349999999999999,0.176649,-2.9386806747529324,1.2294448316898456,-2.9018367742433324,0.054292709581692175,0.0010329350553878285,0.17656623947250244,-0.32517270218443561,-0.048120418850813647,0.94442953100996085,-0.079467750940932808,0.99656238770114336,0.023415464543462976,-0.94230971040017508,-0.06743762087305985,-0.3278789059645637,8.7486665703735825e-05,3.0078339913973524e-05
3.155012845993042,1790952590.9547529,0.000598907470703125,0.034609879067047558,0.034801865284766934,0,-0.024609142453120049,0.38664278919430384,-0.045430920429412401,0.054320999999999994,0.0010349999999999999,0.176649,-2.9386806747529324,1.2294448316898456,-2.9018367742433324,0.054292709581692175,0.0010329350553878285,0.17656623947250244,-0.32517270218443561,-0.048120418850813647,0.94442953100996085,-0.079467750940932808,0.99656238770114336,0.023415464543462976,-0.94230971040017508,-0.06743762087305985,-0.3278789059645637,8.7486665703735825e-05,3.0078339913973524e-05
3.1600139141082764,1790952590.959754,0.00060105323791503906,0.034609879067047558,0.034801865284766934,0,-0.024609142453120049,0.38664278919430384,-0.045430920429412401,0.054320999999999994,0.0010349999999999999,0.176649,-2.9386806747529324,1.2294448316898456,-2.9018367742433324,0.054292709581692175,0.0010329350553878285,0.17656623947250244,-0.32517270218443561,-0.048120418850813647,0.94442953100996085,-0.079467750940932808,0.99656238770114336,0.023415464543462976,-0.94230971040017508,-0.06743762087305985,-0.3278789059645637,8.7486665703735825e-05,3.0078339913973524e-05
3.1650140285491943,1790952590.9647541,0.00060200691223144531,0.034609879067047558,0.034801865284766934,0,-0.024609142453120049,0.38664278919430384,-0.045430920429412401,0.054320999999999994,0.0010349999999999999,0.176649,-2.9386806747529324,1.2294448316898456,-2.9018367742433324,0.054292709581692175,0.0010329350553878285,0.17656623947250244,-0.32517270218443561,-0.048120418850813647,0.94442953100996085,-0.079467750940932808,0.99656238770114336,0.023415464543462976,-0.94230971040017508,-0.06743762087305985,-0.3278789059645637,8.7486665703735825e-05,3.0078339913973524e-05
3.1700129508972168,1790952590.969753,0.00059604644775390625,0.034609879067047558,0.034801865284766934,0,-0.024609142453120049,0.38664278919430384,-0.045430920429412401,0.054320999999999994,0.0010349999999999999,0.176649,-2.9386806747529324,1.2294448316898456,-2.9018367742433324,0.054292709581692175,0.0010329350553878285,0.17656623947250244,-0.32517270218443561,-0.048120418850813647,0.94442953100996085,-0.079467750940932808,0.99656238770114336,0.023415464543462976,-0.94230971040017508,-0.06743762087305985,-0.3278789059645637,8.7486665703735825e-05,3.0078339913973524e-05
3.1750128269195557,1790952590.9747529,0.00060200691223144531,0.034609879067047558,0.034801865284766934,0,-0.024609142453120049,0.38664278919430384,-0.045430920429412401,0.054320999999999994,0.0010349999999999999,0.176649,-2.9386806747529324,1.2294448316898456,-2.9018367742433324,0.054292709581692175,0.0010329350553878285,0.17656623947250244,-0.32517270218443561,-0.048120418850813647,0.94442953100996085,-0.079467750940932808,0.99656238770114336,0.023415464543462976,-0.94230971040017508,-0.06743762087305985,-0.3278789059645637,8.7486665703735825e-05,3.0078339913973524e-05
3.1800129413604736,1790952590.979753,0.00060200691223144531,0.034609879067047558,0.034801865284766934,0,-0.024609142453120049,0.38664278919430384,-0.045430920429412401,0.054320999999999994,0.0010349999999999999,0.176649,-2.9386806747529324,1.2294448316898456,-2.9018367742433324,0.054292709581692175,0.0010329350553878285,0.17656623947250244,-0.32517270218443561,-0.048120418850813647,0.94442953100996085,-0.079467750940932808,0.99656238770114336,0.023415464543462976,-0.94230971040017508,-0.06743762087305985,-0.3278789059645637,8.7486665703735825e-05,3.0078339913973524e-05
3.1850128173828125,1790952590.9847529,0.00060200691223144531,0.034609879067047558,0.034801865284766934,0,-0.024609142453120049,0.38664278919430384,-0.045430920429412401,0.054320999999999994,0.0010349999999999999,0.176649,-2.9386806747529324,1.2294448316898456,-2.9018367742433324,0.054292709581692175,0.0010329350553878285,0.17656623947250244,-0.32517270218443561,-0.048120418850813647,0.94442953100996085,-0.079467750940932808,0.99656238770114336,0.023415464543462976,-0.94230971040017508,-0.06743762087305985,-0.3278789059645637,8.7486665703735825e-05,3.0078339913973524e-05
3.1900129318237305,1790952590.989753,0.00062489509582519531,0.034609879067047558,0.034801865284766934,0,-0.024609142453120049,0.38664278919430384,-0.045430920429412401,0.054320999999999994,0.0010349999999999999,0.176649,-2.9386806747529324,1.2294448316898456,-2.9018367742433324,0.054292709581692175,0.0010329350553878285,0.17656623947250244,-0.32517270218443561,-0.048120418850813647,0.94442953100996085,-0.079467750940932808,0.99656238770114336,0.023415464543462976,-0.94230971040017508,-0.06743762087305985,-0.3278789059645637,8.7486665703735825e-05,3.0078339913973524e-05
3.1950128078460693,1790952590.9947529,0.0006008148193359375,0.034609879067047558,0.034801865284766934,0,-0.024609142453120049,0.38664278919430384,-0.045430920429412401,0.054320999999999994,0.0010349999999999999,0.176649,-2.9386806747529324,1.2294448316898456,-2.9018367742433324,0.054292709581692175,0.0010329350553878285,0.17656623947250244,-0.32517270218443561,-0.048120418850813647,0.94442953100996085,-0.079467750940932808,0.99656238770114336,0.023415464543462976,-0.94230971040017508,-0.06743762087305985,-0.3278789059645637,8.7486665703735825e-05,3.0078339913973524e-05
3.2000148296356201,1790952590.9997549,0.00060200691223144531,0.034609879067047558,0.034801865284766934,0,-0.024609142453120049,0.38664278919430384,-0.045430920429412401,0.054320999999999994,0.0010349999999999999,0.176649,-2.9386806747529324,1.2294448316898456,-2.9018367742433324,0.054292709581692175,0.0010329350553878285,0.17656623947250244,-0.32517270218443561,-0.048120418850813647,0.94442953100996085,-0.079467750940932808,0.99656238770114336,0.023415464543462976,-0.94230971040017508,-0.06743762087305985,-0.3278789059645637,8.7486665703735825e-05,3.0078339913973524e-05
3.2050368785858154,1790952591.004777,0.00062584877014160156,0.034609879067047558,0.034801865284766934,0,-0.024609142453120049,0.38664278919430384,-0.045430920429412401,0.054320999999999994,0.0010349999999999999,0.176649,-2.9386806747529324,1.2294448316898456,-2.9018367742433324,0.054292709581692175,0.0010329350553878285,0.17656623947250244,-0.32517270218443561,-0.048120418850813647,0.94442953100996085,-0.079467750940932808,0.99656238770114336,0.023415464543462976,-0.94230971040017508,-0.06743762087305985,-0.3278789059645637,8.7486665703735825e-05,3.0078339913973524e-05
3.2100129127502441,1790952591.009753,0.00060200691223144531,0.034609879067047558,0.034801865284766934,0,-0.024609142453120049,0.38664278919430384,-0.045430920429412401,0.054320999999999994,0.0010349999999999999,0.176649,-2.9386806747529324,1.2294448316898456,-2.9018367742433324,0.054292709581692175,0.0010329350553878285,0.17656623947250244,-0.32517270218443561,-0.048120418850813647,0.94442953100996085,-0.079467750940932808,0.99656238770114336,0.023415464543462976,-0.94230971040017508,-0.06743762087305985,-0.3278789059645637,8.7486665703735825e-05,3.0078339913973524e-05
3.2150130271911621,1790952591.0147531,0.00059914588928222656,0.034609879067047558,0.034801865284766934,0,-0.024609142453120049,0.38664278919430384,-0.045430920429412401,0.054320999999999994,0.0010349999999999999,0.176649,-2.9386806747529324,1.2294448316898456,-2.9018367742433324,0.054292709581692175,0.0010329350553878285,0.17656623947250244,-0.32517270218443561,-0.048120418850813647,0.94442953100996085,-0.079467750940932808,0.99656238770114336,0.023415464543462976,-0.94230971040017508,-0.06743762087305985,-0.3278789059645637,8.7486665703735825e-05,3.0078339913973524e-05
3.2200160026550293,1790952591.0197561,0.00060296058654785156,0.034609879067047558,0.034801865284766934,0,-0.024609142453120049,0.38664278919430384,-0.045430920429412401,0.054320999999999994,0.0010349999999999999,0.176649,-2.9386806747529324,1.2294448316898456,-2.9018367742433324,0.054292709581692175,0.0010329350553878285,0.17656623947250244,-0.32517270218443561,-0.048120418850813647,0.94442953100996085,-0.079467750940932808,0.99656238770114336,0.023415464543462976,-0.94230971040017508,-0.06743762087305985,-0.3278789059645637,8.7486665703735825e-05,3.0078339913973524e-05
3.2250399589538574,1790952591.02478,0.00062298774719238281,0.034609879067047558,0.034801865284766934,0,-0.024609142453120049,0.38664278919430384,-0.045430920429412401,0.054320999999999994,0.0010349999999999999,0.176649,-2.9386806747529324,1.2294448316898456,-2.9018367742433324,0.054292709581692175,0.0010329350553878285,0.17656623947250244,-0.32517270218443561,-0.048120418850813647,0.94442953100996085,-0.079467750940932808,0.99656238770114336,0.023415464543462976,-0.94230971040017508,-0.06743762087305985,-0.3278789059645637,8.7486665703735825e-05,3.0078339913973524e-05
3.2300119400024414,1790952591.029752,0.00060009956359863281,0.034609879067047558,0.034801865284766934,0,-0.024609142453120049,0.38664278919430384,-0.045430920429412401,0.054320999999999994,0.0010349999999999999,0.176649,-2.9386806747529324,1.2294448316898456,-2.9018367742433324,0.054292709581692175,0.0010329350553878285,0.17656623947250244,-0.32517270218443561,-0.048120418850813647,0.94442953100996085,-0.079467750940932808,0.99656238770114336,0.023415464543462976,-0.94230971040017508,-0.06743762087305985,-0.3278789059645637,8.7486665703735825e-05,3.0078339913973524e-05
3.2350149154663086,1790952591.034755,0.000576019287109375,0.034609879067047558,0.034801865284766934,0,-0.024609142453120049,0.38664278919430384,-0.045430920429412401,0.054320999999999994,0.0010349999999999999,0.176649,-2.9386806747529324,1.2294448316898456,-2.9018367742433324,0.054292709581692175,0.0010329350553878285,0.17656623947250244,-0.32517270218443561,-0.048120418850813647,0.94442953100996085,-0.079467750940932808,0.99656238770114336,0.023415464543462976,-0.94230971040017508,-0.06743762087305985,-0.3278789059645637,8.7486665703735825e-05,3.0078339913973524e-05
3.2400150299072266,1790952591.0397551,0.00062203407287597656,0.034609879067047558,0.034801865284766934,0,-0.024609142453120049,0.38664278919430384,-0.045430920429412401,0.054320999999999994,0.0010349999999999999,0.176649,-2.9386806747529324,1.2294448316898456,-2.9018367742433324,0.054292709581692175,0.0010329350553878285,0.17656623947250244,-0.32517270218443561,-0.048120418850813647,0.94442953100996085,-0.079467750940932808,0.99656238770114336,0.023415464543462976,-0.94230971040017508,-0.06743762087305985,-0.3278789059645637,8.7486665703735825e-05,3.0078339913973524e-05
3.2450368404388428,1790952591.0447769,0.00062584877014160156,0.034609879067047558,0.034801865284766934,0,-0.024609142453120049,0.38664278919430384,-0.045430920429412401,0.054320999999999994,0.0010349999999999999,0.176649,-2.9386806747529324,1.2294448316898456,-2.9018367742433324,0.054292709581692175,0.0010329350553878285,0.17656623947250244,-0.32517270218443561,-0.048120418850813647,0.94442953100996085,-0.079467750940932808,0.99656238770114336,0.023415464543462976,-0.94230971040017508,-0.06743762087305985,-0.3278789059645637,8.7486665703735825e-05,3.0078339913973524e-05
3.2500138282775879,1790952591.0497539,0.00060200691223144531,0.034609879067047558,0.034801865284766934,0,-0.024609142453120049,0.38664278919430384,-0.045430920429412401,0.054320999999999994,0.0010349999999999999,0.176649,-2.9386806747529324,1.2294448316898456,-2.9018367742433324,0.054292709581692175,0.0010329350553878285,0.17656623947250244,-0.32517270218443561,-0.048120418850813647,0.94442953100996085,-0.079467750940932808,0.99656238770114336,0.023415464543462976,-0.94230971040017508,-0.06743762087305985,-0.3278789059645637,8.7486665703735825e-05,3.0078339913973524e-05
3.2550139427185059,1790952591.054754,0.00059604644775390625,0.034609879067047558,0.034801865284766934,0,-0.024609142453120049,0.38664278919430384,-0.045430920429412401,0.054320999999999994,0.0010349999999999999,0.176649,-2.9386806747529324,1.2294448316898456,-2.9018367742433324,0.054292709581692175,0.0010329350553878285,0.17656623947250244,-0.32517270218443561,-0.048120418850813647,0.94442953100996085,-0.079467750940932808,0.99656238770114336,0.023415464543462976,-0.94230971040017508,-0.06743762087305985,-0.3278789059645637,8.7486665703735825e-05,3.0078339913973524e-05
3.2600128650665283,1790952591.0597529,0.00060105323791503906,0.034609879067047558,0.034801865284766934,0,-0.024609142453120049,0.38664278919430384,-0.045430920429412401,0.054320999999999994,0.0010349999999999999,0.176649,-2.9386806747529324,1.2294448316898456,-2.9018367742433324,0.054292709581692175,0.0010329350553878285,0.17656623947250244,-0.32517270218443561,-0.048120418850813647,0.94442953100996085,-0.079467750940932808,0.99656238770114336,0.023415464543462976,-0.94230971040017508,-0.06743762087305985,-0.3278789059645637,8.7486665703735825e-05,3.0078339913973524e-05
3.2650139331817627,1790952591.064754,0.0005970001220703125,0.034609879067047558,0.034801865284766934,0,-0.024609142453120049,0.38664278919430384,-0.045430920429412401,0.054320999999999994,0.0010349999999999999,0.176649,-2.9386806747529324,1.2294448316898456,-2.9018367742433324,0.054292709581692175,0.0010329350553878285,0.17656623947250244,-0.32517270218443561,-0.048120418850813647,0.94442953100996085,-0.079467750940932808,0.99656238770114336,0.023415464543462976,-0.94230971040017508,-0.06743762087305985,-0.3278789059645637,8.7486665703735825e-05,3.0078339913973524e-05
3.2700119018554688,1790952591.069752,0.00059986114501953125,0.034609879067047558,0.034801865284766934,0,-0.024609142453120049,0.38664278919430384,-0.045430920429412401,0.054320999999999994,0.0010349999999999999,0.176649,-2.9386806747529324,1.2294448316898456,-2.9018367742433324,0.054292709581692175,0.0010329350553878285,0.17656623947250244,-0.32517270218443561,-0.048120418850813647,0.94442953100996085,-0.079467750940932808,0.99656238770114336,0.023415464543462976,-0.94230971040017508,-0.06743762087305985,-0.3278789059645637,8.7486665703735825e-05,3.0078339913973524e-05
3.2750139236450195,1790952591.074754,0.00059390068054199219,0.034609879067047558,0.034801865284766934,0,-0.024609142453120049,0.38664278919430384,-0.045430920429412401,0.054320999999999994,0.0010349999999999999,0.176649,-2.9386806747529324,1.2294448316898456,-2.9018367742433324,0.054292709581692175,0.0010329350553878285,0.17656623947250244,-0.32517270218443561,-0.048120418850813647,0.94442953100996085,-0.079467750940932808,0.99656238770114336,0.023415464543462976,-0.94230971040017508,-0.06743762087305985,-0.3278789059645637,8.7486665703735825e-05,3.0078339913973524e-05
3.280012845993042,1790952591.0797529,0.0006008148193359375,0.034609879067047558,0.034801865284766934,0,-0.024609142453120049,0.38664278919430384,-0.045430920429412401,0.054320999999999994,0.0010349999999999999,0.176649,-2.9386806747529324,1.2294448316898456,-2.9018367742433324,0.054292709581692175,0.0010329350553878285,0.17656623947250244,-0.32517270218443561,-0.048120418850813647,0.94442953100996085,-0.079467750940932808,0.99656238770114336,0.023415464543462976,-0.94230971040017508,-0.06743762087305985,-0.3278789059645637,8.7486665703735825e-05,3.0078339913973524e-05
3.2850139141082764,1790952591.084754,0.00060200691223144531,0.034609879067047558,0.034801865284766934,0,-0.024609142453120049,0.38664278919430384,-0.045430920429412401,0.054320999999999994,0.0010349999999999999,0.176649,-2.9386806747529324,1.2294448316898456,-2.9018367742433324,0.054292709581692175,0.0010329350553878285,0.17656623947250244,-0.32517270218443561,-0.048120418850813647,0.94442953100996085,-0.079467750940932808,0.99656238770114336,0.023415464543462976,-0.94230971040017508,-0.06743762087305985,-0.3278789059645637,8.7486665703735825e-05,3.0078339913973524e-05
3.2900118827819824,1790952591.089752,0.0006198883056640625,0.034609879067047558,0.034801865284766934,0,-0.024609142453120049,0.38664278919430384,-0.045430920429412401,0.054320999999999994,0.0010349999999999999,0.176649,-2.9386806747529324,1.2294448316898456,-2.9018367742433324,0.054292709581692175,0.0010329350553878285,0.17656623947250244,-0.32517270218443561,-0.048120418850813647,0.94442953100996085,-0.079467750940932808,0.99656238770114336,0.023415464543462976,-0.94230971040017508,-0.06743762087305985,-0.3278789059645637,8.7486665703735825e-05,3.0078339913973524e-05
3.2950148582458496,1790952591.0947549,0.00060105323791503906,0.034609879067047558,0.034801865284766934,0,-0.024609142453120049,0.38664278919430384,-0.045430920429412401,0.054320999999999994,0.0010349999999999999,0.176649,-2.9386806747529324,1.2294448316898456,-2.9018367742433324,0.054292709581692175,0.0010329350553878285,0.17656623947250244,-0.32517270218443561,-0.048120418850813647,0.94442953100996085,-0.079467750940932808,0.99656238770114336,0.023415464543462976,-0.94230971040017508,-0.06743762087305985,-0.3278789059645637,8.7486665703735825e-05,3.0078339913973524e-05
3.3000149726867676,1790952591.099755,0.00060105323791503906,0.034609879067047558,0.034801865284766934,0,-0.024609142453120049,0.38664278919430384,-0.045430920429412401,0.054320999999999994,0.0010349999999999999,0.176649,-2.9386806747529324,1.2294448316898456,-2.9018367742433324,0.054292709581692175,0.0010329350553878285,0.17656623947250244,-0.32517270218443561,-0.048120418850813647,0.94442953100996085,-0.079467750940932808,0.99656238770114336,0.023415464543462976,-0.94230971040017508,-0.06743762087305985,-0.3278789059645637,8.7486665703735825e-05,3.0078339913973524e-05
3.3050119876861572,1790952591.1047521,0.00057506561279296875,0.034609879067047558,0.034801865284766934,0,-0.024609142453120049,0.38664278919430384,-0.045430920429412401,0.054320999999999994,0.0010349999999999999,0.176649,-2.9386806747529324,1.2294448316898456,-2.9018367742433324,0.054292709581692175,0.0010329350553878285,0.17656623947250244,-0.32517270218443561,-0.048120418850813647,0.94442953100996085,-0.079467750940932808,0.99656238770114336,0.023415464543462976,-0.94230971040017508,-0.06743762087305985,-0.3278789059645637,8.7486665703735825e-05,3.0078339913973524e-05
3.3100118637084961,1790952591.1097519,0.00059986114501953125,0.034609879067047558,0.034801865284766934,0,-0.024609142453120049,0.38664278919430384,-0.045430920429412401,0.054320999999999994,0.0010349999999999999,0.176649,-2.9386806747529324,1.2294448316898456,-2.9018367742433324,0.054292709581692175,0.0010329350553878285,0.17656623947250244,-0.32517270218443561,-0.048120418850813647,0.94442953100996085,-0.079467750940932808,0.99656238770114336,0.023415464543462976,-0.94230971040017508,-0.06743762087305985,-0.3278789059645637,8.7486665703735825e-05,3.0078339913973524e-05
3.3150119781494141,1790952591.1147521,0.0005970001220703125,0.034609879067047558,0.034801865284766934,0,-0.024609142453120049,0.38664278919430384,-0.045430920429412401,0.054320999999999994,0.0010349999999999999,0.176649,-2.9386806747529324,1.2294448316898456,-2.9018367742433324,0.054292709581692175,0.0010329350553878285,0.17656623947250244,-0.32517270218443561,-0.048120418850813647,0.94442953100996085,-0.079467750940932808,0.99656238770114336,0.023415464543462976,-0.94230971040017508,-0.06743762087305985,-0.3278789059645637,8.7486665703735825e-05,3.0078339913973524e-05
3.3200118541717529,1790952591.1197519,0.00059986114501953125,0.034609879067047558,0.034801865284766934,0,-0.024609142453120049,0.38664278919430384,-0.045430920429412401,0.054320999999999994,0.0010349999999999999,0.176649,-2.9386806747529324,1.2294448316898456,-2.9018367742433324,0.054292709581692175,0.0010329350553878285,0.17656623947250244,-0.32517270218443561,-0.048120418850813647,0.94442953100996085,-0.079467750940932808,0.99656238770114336,0.023415464543462976,-0.94230971040017508,-0.06743762087305985,-0.3278789059645637,8.7486665703735825e-05,3.0078339913973524e-05
3.3250129222869873,1790952591.124753,0.00059294700622558594,0.034609879067047558,0.034801865284766934,0,-0.024609142453120049,0.38664278919430384,-0.045430920429412401,0.054320999999999994,0.0010349999999999999,0.176649,-2.9386806747529324,1.2294448316898456,-2.9018367742433324,0.054292709581692175,0.0010329350553878285,0.17656623947250244,-0.32517270218443561,-0.048120418850813647,0.94442953100996085,-0.079467750940932808,0.99656238770114336,0.023415464543462976,-0.94230971040017508,-0.06743762087305985,-0.3278789059645637,8.7486665703735825e-05,3.0078339913973524e-05
3.3300118446350098,1790952591.1297519,0.0006008148193359375,0.034609879067047558,0.034801865284766934,0,-0.024609142453120049,0.38664278919430384,-0.045430920429412401,0.054320999999999994,0.0010349999999999999,0.176649,-2.9386806747529324,1.2294448316898456,-2.9018367742433324,0.054292709581692175,0.0010329350553878285,0.17656623947250244,-0.32517270218443561,-0.048120418850813647,0.94442953100996085,-0.079467750940932808,0.99656238770114336,0.023415464543462976,-0.94230971040017508,-0.06743762087305985,-0.3278789059645637,8.7486665703735825e-05,3.0078339913973524e-05
3.3350119590759277,1790952591.134752,0.0005970001220703125,0.034609879067047558,0.034801865284766934,0,-0.024609142453120049,0.38664278919430384,-0.045430920429412401,0.054320999999999994,0.0010349999999999999,0.176649,-2.9386806747529324,1.2294448316898456,-2.9018367742433324,0.054292709581692175,0.0010329350553878285,0.17656623947250244,-0.32517270218443561,-0.048120418850813647,0.94442953100996085,-0.079467750940932808,0.99656238770114336,0.023415464543462976,-0.94230971040017508,-0.06743762087305985,-0.3278789059645637,8.7486665703735825e-05,3.0078339913973524e-05
3.3400118350982666,1790952591.1397519,0.000621795654296875,0.034609879067047558,0.034801865284766934,0,-0.024609142453120049,0.38664278919430384,-0.045430920429412401,0.054320999999999994,0.0010349999999999999,0.176649,-2.9386806747529324,1.2294448316898456,-2.9018367742433324,0.054292709581692175,0.0010329350553878285,0.17656623947250244,-0.32517270218443561,-0.048120418850813647,0.94442953100996085,-0.079467750940932808,0.99656238770114336,0.023415464543462976,-0.94230971040017508,-0.06743762087305985,-0.3278789059645637,8.7486665703735825e-05,3.0078339913973524e-05
3.3450119495391846,1790952591.144752,0.00060105323791503906,0.034609879067047558,0.034801865284766934,0,-0.024609142453120049,0.38664278919430384,-0.045430920429412401,0.054320999999999994,0.0010349999999999999,0.176649,-2.9386806747529324,1.2294448316898456,-2.9018367742433324,0.054292709581692175,0.0010329350553878285,0.17656623947250244,-0.32517270218443561,-0.048120418850813647,0.94442953100996085,-0.079467750940932808,0.99656238770114336,0.023415464543462976,-0.94230971040017508,-0.06743762087305985,-0.3278789059645637,8.7486665703735825e-05,3.0078339913973524e-05
3.3500118255615234,1790952591.1497519,0.00059986114501953125,0.034609879067047558,0.034801865284766934,0,-0.024609142453120049,0.38664278919430384,-0.045430920429412401,0.054320999999999994,0.0010349999999999999,0.176649,-2.9386806747529324,1.2294448316898456,-2.9018367742433324,0.054292709581692175,0.0010329350553878285,0.17656623947250244,-0.32517270218443561,-0.048120418850813647,0.94442953100996085,-0.079467750940932808,0.99656238770114336,0.023415464543462976,-0.94230971040017508,-0.06743762087305985,-0.3278789059645637,8.7486665703735825e-05,3.0078339913973524e-05
3.3550138473510742,1790952591.1547539,0.0005779266357421875,0.034609879067047558,0.034801865284766934,0,-0.024609142453120049,0.38664278919430384,-0.045430920429412401,0.054320999999999994,0.0010349999999999999,0.176649,-2.9386806747529324,1.2294448316898456,-2.9018367742433324,0.054292709581692175,0.0010329350553878285,0.17656623947250244,-0.32517270218443561,-0.048120418850813647,0.94442953100996085,-0.079467750940932808,0.99656238770114336,0.023415464543462976,-0.94230971040017508,-0.06743762087305985,-0.3278789059645637,8.7486665703735825e-05,3.0078339913973524e-05
3.3599870204925537,1790952591.1597271,0.00057506561279296875,0.034609879067047558,0.034801865284766934,0,-0.024609142453120049,0.38664278919430384,-0.045430920429412401,0.054320999999999994,0.0010349999999999999,0.176649,-2.9386806747529324,1.2294448316898456,-2.9018367742433324,0.054292709581692175,0.0010329350553878285,0.17656623947250244,-0.32517270218443561,-0.048120418850813647,0.94442953100996085,-0.079467750940932808,0.99656238770114336,0.023415464543462976,-0.94230971040017508,-0.06743762087305985,-0.3278789059645637,8.7486665703735825e-05,3.0078339913973524e-05
3.3650119304656982,1790952591.164752,0.00057291984558105469,0.034609879067047558,0.034801865284766934,0,-0.024609142453120049,0.38664278919430384,-0.045430920429412401,0.054320999999999994,0.0010349999999999999,0.176649,-2.9386806747529324,1.2294448316898456,-2.9018367742433324,0.054292709581692175,0.0010329350553878285,0.17656623947250244,-0.32517270218443561,-0.048120418850813647,0.94442953100996085,-0.079467750940932808,0.99656238770114336,0.023415464543462976,-0.94230971040017508,-0.06743762087305985,-0.3278789059645637,8.7486665703735825e-05,3.0078339913973524e-05
3.370013952255249,1790952591.169754,0.00060296058654785156,0.034609879067047558,0.034801865284766934,0,-0.024609142453120049,0.38664278919430384,-0.045430920429412401,0.054320999999999994,0.0010349999999999999,0.176649,-2.9386806747529324,1.2294448316898456,-2.9018367742433324,0.054292709581692175,0.0010329350553878285,0.17656623947250244,-0.32517270218443561,-0.048120418850813647,0.94442953100996085,-0.079467750940932808,0.99656238770114336,0.023415464543462976,-0.94230971040017508,-0.06743762087305985,-0.3278789059645637,8.7486665703735825e-05,3.0078339913973524e-05
3.3750119209289551,1790952591.174752,0.00059199333190917969,0.034609879067047558,0.034801865284766934,0,-0.024609142453120049,0.38664278919430384,-0.045430920429412401,0.054320999999999994,0.0010349999999999999,0.176649,-2.9386806747529324,1.2294448316898456,-2.9018367742433324,0.054292709581692175,0.0010329350553878285,0.17656623947250244,-0.32517270218443561,-0.048120418850813647,0.94442953100996085,-0.079467750940932808,0.99656238770114336,0.023415464543462976,-0.94230971040017508,-0.06743762087305985,-0.3278789059645637,8.7486665703735825e-05,3.0078339913973524e-05
3.3800139427185059,1790952591.179754,0.00060009956359863281,0.034609879067047558,0.034801865284766934,0,-0.024609142453120049,0.38664278919430384,-0.045430920429412401,0.054320999999999994,0.0010349999999999999,0.176649,-2.9386806747529324,1.2294448316898456,-2.9018367742433324,0.054292709581692175,0.0010329350553878285,0.17656623947250244,-0.32517270218443561,-0.048120418850813647,0.94442953100996085,-0.079467750940932808,0.99656238770114336,0.023415464543462976,-0.94230971040017508,-0.06743762087305985,-0.3278789059645637,8.7486665703735825e-05,3.0078339913973524e-05
3.3850138187408447,1790952591.1847539,0.00060296058654785156,0.034609879067047558,0.034801865284766934,0,-0.024609142453120049,0.38664278919430384,-0.045430920429412401,0.054320999999999994,0.0010349999999999999,0.176649,-2.9386806747529324,1.2294448316898456,-2.9018367742433324,0.054292709581692175,0.0010329350553878285,0.17656623947250244,-0.32517270218443561,-0.048120418850813647,0.94442953100996085,-0.079467750940932808,0.99656238770114336,0.023415464543462976,-0.94230971040017508,-0.06743762087305985,-0.3278789059645637,8.7486665703735825e-05,3.0078339913973524e-05
3.3900120258331299,1790952591.1897521,0.00060105323791503906,0.034609879067047558,0.034801865284766934,0,-0.024609142453120049,0.38664278919430384,-0.045430920429412401,0.054320999999999994,0.0010349999999999999,0.176649,-2.9386806747529324,1.2294448316898456,-2.9018367742433324,0.054292709581692175,0.0010329350553878285,0.17656623947250244,-0.32517270218443561,-0.048120418850813647,0.94442953100996085,-0.079467750940932808,0.99656238770114336,0.023415464543462976,-0.94230971040017508,-0.06743762087305985,-0.3278789059645637,8.7486665703735825e-05,3.0078339913973524e-05
3.3950388431549072,1790952591.1947789,0.00062084197998046875,0.034609879067047558,0.034801865284766934,0,-0.024609142453120049,0.38664278919430384,-0.045430920429412401,0.054320999999999994,0.0010349999999999999,0.176649,-2.9386806747529324,1.2294448316898456,-2.9018367742433324,0.054292709581692175,0.0010329350553878285,0.17656623947250244,-0.32517270218443561,-0.048120418850813647,0.94442953100996085,-0.079467750940932808,0.99656238770114336,0.023415464543462976,-0.94230971040017508,-0.06743762087305985,-0.3278789059645637,8.7486665703735825e-05,3.0078339913973524e-05
3.4000139236450195,1790952591.199754,0.00058603286743164062,0.034609879067047558,0.034801865284766934,0,-0.024609142453120049,0.38664278919430384,-0.045430920429412401,0.054320999999999994,0.0010349999999999999,0.176649,-2.9386806747529324,1.2294448316898456,-2.9018367742433324,0.054292709581692175,0.0010329350553878285,0.17656623947250244,-0.32517270218443561,-0.048120418850813647,0.94442953100996085,-0.079467750940932808,0.99656238770114336,0.023415464543462976,-0.94230971040017508,-0.06743762087305985,-0.3278789059645637,8.7486665703735825e-05,3.0078339913973524e-05
3.4050109386444092,1790952591.204751,0.00059604644775390625,0.034609879067047558,0.034801865284766934,0,-0.024609142453120049,0.38664278919430384,-0.045430920429412401,0.054320999999999994,0.0010349999999999999,0.176649,-2.9386806747529324,1.2294448316898456,-2.9018367742433324,0.054292709581692175,0.0010329350553878285,0.17656623947250244,-0.32517270218443561,-0.048120418850813647,0.94442953100996085,-0.079467750940932808,0.99656238770114336,0.023415464543462976,-0.94230971040017508,-0.06743762087305985,-0.3278789059645637,8.7486665703735825e-05,3.0078339913973524e-05
3.4100139141082764,1790952591.209754,0.00060296058654785156,0.034609879067047558,0.034801865284766934,0,-0.024609142453120049,0.38664278919430384,-0.045430920429412401,0.054320999999999994,0.0010349999999999999,0.176649,-2.9386806747529324,1.2294448316898456,-2.9018367742433324,0.054292709581692175,0.0010329350553878285,0.17656623947250244,-0.32517270218443561,-0.048120418850813647,0.94442953100996085,-0.079467750940932808,0.99656238770114336,0.023415464543462976,-0.94230971040017508,-0.06743762087305985,-0.3278789059645637,8.7486665703735825e-05,3.0078339913973524e-05
3.4150118827819824,1790952591.214752,0.00057291984558105469,0.034609879067047558,0.034801865284766934,0,-0.024609142453120049,0.38664278919430384,-0.045430920429412401,0.054320999999999994,0.0010349999999999999,0.176649,-2.9386806747529324,1.2294448316898456,-2.9018367742433324,0.054292709581692175,0.0010329350553878285,0.17656623947250244,-0.32517270218443561,-0.048120418850813647,0.94442953100996085,-0.079467750940932808,0.99656238770114336,0.023415464543462976,-0.94230971040017508,-0.06743762087305985,-0.3278789059645637,8.7486665703735825e-05,3.0078339913973524e-05
3.4200108051300049,1790952591.2197509,0.00059986114501953125,0.034609879067047558,0.034801865284766934,0,-0.024609142453120049,0.38664278919430384,-0.045430920429412401,0.054320999999999994,0.0010349999999999999,0.176649,-2.9386806747529324,1.2294448316898456,-2.9018367742433324,0.054292709581692175,0.0010329350553878285,0.17656623947250244,-0.32517270218443561,-0.048120418850813647,0.94442953100996085,-0.079467750940932808,0.99656238770114336,0.023415464543462976,-0.94230971040017508,-0.06743762087305985,-0.3278789059645637,8.7486665703735825e-05,3.0078339913973524e-05
3.4250109195709229,1790952591.224751,0.000598907470703125,0.034609879067047558,0.034801865284766934,0,-0.024609142453120049,0.38664278919430384,-0.045430920429412401,0.054320999999999994,0.0010349999999999999,0.176649,-2.9386806747529324,1.2294448316898456,-2.9018367742433324,0.054292709581692175,0.0010329350553878285,0.17656623947250244,-0.32517270218443561,-0.048120418850813647,0.94442953100996085,-0.079467750940932808,0.99656238770114336,0.023415464543462976,-0.94230971040017508,-0.06743762087305985,-0.3278789059645637,8.7486665703735825e-05,3.0078339913973524e-05
3.4300110340118408,1790952591.2297511,0.00059199333190917969,0.034609879067047558,0.034801865284766934,0,-0.024609142453120049,0.38664278919430384,-0.045430920429412401,0.054320999999999994,0.0010349999999999999,0.176649,-2.9386806747529324,1.2294448316898456,-2.9018367742433324,0.054292709581692175,0.0010329350553878285,0.17656623947250244,-0.32517270218443561,-0.048120418850813647,0.94442953100996085,-0.079467750940932808,0.99656238770114336,0.023415464543462976,-0.94230971040017508,-0.06743762087305985,-0.3278789059645637,8.7486665703735825e-05,3.0078339913973524e-05
3.4350118637084961,1790952591.2347519,0.00059986114501953125,0.034609879067047558,0.034801865284766934,0,-0.024609142453120049,0.38664278919430384,-0.045430920429412401,0.054320999999999994,0.0010349999999999999,0.176649,-2.9386806747529324,1.2294448316898456,-2.9018367742433324,0.054292709581692175,0.0010329350553878285,0.17656623947250244,-0.32517270218443561,-0.048120418850813647,0.94442953100996085,-0.079467750940932808,0.99656238770114336,0.023415464543462976,-0.94230971040017508,-0.06743762087305985,-0.3278789059645637,8.7486665703735825e-05,3.0078339913973524e-05
3.4400119781494141,1790952591.2397521,0.00060105323791503906,0.034609879067047558,0.034801865284766934,0,-0.024609142453120049,0.38664278919430384,-0.045430920429412401,0.054320999999999994,0.0010349999999999999,0.176649,-2.9386806747529324,1.2294448316898456,-2.9018367742433324,0.054292709581692175,0.0010329350553878285,0.17656623947250244,-0.32517270218443561,-0.048120418850813647,0.94442953100996085,-0.079467750940932808,0.99656238770114336,0.023415464543462976,-0.94230971040017508,-0.06743762087305985,-0.3278789059645637,8.7486665703735825e-05,3.0078339913973524e-05
3.4450399875640869,1790952591.2447801,0.00062513351440429688,0.034609879067047558,0.034801865284766934,0,-0.024609142453120049,0.38664278919430384,-0.045430920429412401,0.054320999999999994,0.0010349999999999999,0.176649,-2.9386806747529324,1.2294448316898456,-2.9018367742433324,0.054292709581692175,0.0010329350553878285,0.17656623947250244,-0.32517270218443561,-0.048120418850813647,0.94442953100996085,-0.079467750940932808,0.99656238770114336,0.023415464543462976,-0.94230971040017508,-0.06743762087305985,-0.3278789059645637,8.7486665703735825e-05,3.0078339913973524e-05
3.4500119686126709,1790952591.249752,0.00062108039855957031,0.034609879067047558,0.034801865284766934,0,-0.024609142453120049,0.38664278919430384,-0.045430920429412401,0.054320999999999994,0.0010349999999999999,0.176649,-2.9386806747529324,1.2294448316898456,-2.9018367742433324,0.054292709581692175,0.0010329350553878285,0.17656623947250244,-0.32517270218443561,-0.048120418850813647,0.94442953100996085,-0.079467750940932808,0.99656238770114336,0.023415464543462976,-0.94230971040017508,-0.06743762087305985,-0.3278789059645637,8.7486665703735825e-05,3.0078339913973524e-05
3.4550108909606934,1790952591.254751,0.00059986114501953125,0.034609879067047558,0.034801865284766934,0,-0.024609142453120049,0.38664278919430384,-0.045430920429412401,0.054320999999999994,0.0010349999999999999,0.176649,-2.9386806747529324,1.2294448316898456,-2.9018367742433324,0.054292709581692175,0.0010329350553878285,0.17656623947250244,-0.32517270218443561,-0.048120418850813647,0.94442953100996085,-0.079467750940932808,0.99656238770114336,0.023415464543462976,-0.94230971040017508,-0.06743762087305985,-0.3278789059645637,8.7486665703735825e-05,3.0078339913973524e-05
3.4600110054016113,1790952591.2597511,0.00061702728271484375,0.034609879067047558,0.034801865284766934,0,-0.024609142453120049,0.38664278919430384,-0.045430920429412401,0.054320999999999994,0.0010349999999999999,0.176649,-2.9386806747529324,1.2294448316898456,-2.9018367742433324,0.054292709581692175,0.0010329350553878285,0.17656623947250244,-0.32517270218443561,-0.048120418850813647,0.94442953100996085,-0.079467750940932808,0.99656238770114336,0.023415464543462976,-0.94230971040017508,-0.06743762087305985,-0.3278789059645637,8.7486665703735825e-05,3.0078339913973524e-05
3.4650108814239502,1790952591.264751,0.00059795379638671875,0.034609879067047558,0.034801865284766934,0,-0.024609142453120049,0.38664278919430384,-0.045430920429412401,0.054320999999999994,0.0010349999999999999,0.176649,-2.9386806747529324,1.2294448316898456,-2.9018367742433324,0.054292709581692175,0.0010329350553878285,0.17656623947250244,-0.32517270218443561,-0.048120418850813647,0.94442953100996085,-0.079467750940932808,0.99656238770114336,0.023415464543462976,-0.94230971040017508,-0.06743762087305985,-0.3278789059645637,8.7486665703735825e-05,3.0078339913973524e-05
3.4700138568878174,1790952591.2697539,0.00060296058654785156,0.034609879067047558,0.034801865284766934,0,-0.024609142453120049,0.38664278919430384,-0.045430920429412401,0.054320999999999994,0.0010349999999999999,0.176649,-2.9386806747529324,1.2294448316898456,-2.9018367742433324,0.054292709581692175,0.0010329350553878285,0.17656623947250244,-0.32517270218443561,-0.048120418850813647,0.94442953100996085,-0.079467750940932808,0.99656238770114336,0.023415464543462976,-0.94230971040017508,-0.06743762087305985,-0.3278789059645637,8.7486665703735825e-05,3.0078339913973524e-05
3.475010871887207,1790952591.2747509,0.00059294700622558594,0.034609879067047558,0.034801865284766934,0,-0.024609142453120049,0.38664278919430384,-0.045430920429412401,0.054320999999999994,0.0010349999999999999,0.176649,-2.9386806747529324,1.2294448316898456,-2.9018367742433324,0.054292709581692175,0.0010329350553878285,0.17656623947250244,-0.32517270218443561,-0.048120418850813647,0.94442953100996085,-0.079467750940932808,0.99656238770114336,0.023415464543462976,-0.94230971040017508,-0.06743762087305985,-0.3278789059645637,8.7486665703735825e-05,3.0078339913973524e-05
3.480010986328125,1790952591.2797511,0.00060009956359863281,0.034609879067047558,0.034801865284766934,0,-0.024609142453120049,0.38664278919430384,-0.045430920429412401,0.054320999999999994,0.0010349999999999999,0.176649,-2.9386806747529324,1.2294448316898456,-2.9018367742433324,0.054292709581692175,0.0010329350553878285,0.17656623947250244,-0.32517270218443561,-0.048120418850813647,0.94442953100996085,-0.079467750940932808,0.99656238770114336,0.023415464543462976,-0.94230971040017508,-0.06743762087305985,-0.3278789059645637,8.7486665703735825e-05,3.0078339913973524e-05
3.4850108623504639,1790952591.2847509,0.000598907470703125,0.034609879067047558,0.034801865284766934,0,-0.024609142453120049,0.38664278919430384,-0.045430920429412401,0.054320999999999994,0.0010349999999999999,0.176649,-2.9386806747529324,1.2294448316898456,-2.9018367742433324,0.054292709581692175,0.0010329350553878285,0.17656623947250244,-0.32517270218443561,-0.048120418850813647,0.94442953100996085,-0.079467750940932808,0.99656238770114336,0.023415464543462976,-0.94230971040017508,-0.06743762087305985,-0.3278789059645637,8.7486665703735825e-05,3.0078339913973524e-05
3.4900109767913818,1790952591.2897511,0.00060009956359863281,0.034609879067047558,0.034801865284766934,0,-0.024609142453120049,0.38664278919430384,-0.045430920429412401,0.054320999999999994,0.0010349999999999999,0.176649,-2.9386806747529324,1.2294448316898456,-2.9018367742433324,0.054292709581692175,0.0010329350553878285,0.17656623947250244,-0.32517270218443561,-0.048120418850813647,0.94442953100996085,-0.079467750940932808,0.99656238770114336,0.023415464543462976,-0.94230971040017508,-0.06743762087305985,-0.3278789059645637,8.7486665703735825e-05,3.0078339913973524e-05
3.4950108528137207,1790952591.2947509,0.00059986114501953125,0.034609879067047558,0.034801865284766934,0,-0.024609142453120049,0.38664278919430384,-0.045430920429412401,0.054320999999999994,0.0010349999999999999,0.176649,-2.9386806747529324,1.2294448316898456,-2.9018367742433324,0.054292709581692175,0.0010329350553878285,0.17656623947250244,-0.32517270218443561,-0.048120418850813647,0.94442953100996085,-0.079467750940932808,0.99656238770114336,0.023415464543462976,-0.94230971040017508,-0.06743762087305985,-0.3278789059645637,8.7486665703735825e-05,3.0078339913973524e-05
3.5000109672546387,1790952591.299751,0.00061798095703125,0.034609879067047558,0.034801865284766934,0,-0.024609142453120049,0.38664278919430384,-0.045430920429412401,0.054320999999999994,0.0010349999999999999,0.176649,-2.9386806747529324,1.2294448316898456,-2.9018367742433324,0.054292709581692175,0.0010329350553878285,0.17656623947250244,-0.32517270218443561,-0.048120418850813647,0.94442953100996085,-0.079467750940932808,0.99656238770114336,0.023415464543462976,-0.94230971040017508,-0.06743762087305985,-0.3278789059645637,8.7486665703735825e-05,3.0078339913973524e-05
3.5050108432769775,1790952591.3047509,0.000598907470703125,0.034609879067047558,0.034801865284766934,0,-0.024609142453120049,0.38664278919430384,-0.045430920429412401,0.054320999999999994,0.0010349999999999999,0.176649,-2.9386806747529324,1.2294448316898456,-2.9018367742433324,0.054292709581692175,0.0010329350553878285,0.17656623947250244,-0.32517270218443561,-0.048120418850813647,0.94442953100996085,-0.079467750940932808,0.99656238770114336,0.023415464543462976,-0.94230971040017508,-0.06743762087305985,-0.3278789059645637,8.7486665703735825e-05,3.0078339913973524e-05
3.5100128650665283,1790952591.3097529,0.00060105323791503906,0.034609879067047558,0.034801865284766934,0,-0.024609142453120049,0.38664278919430384,-0.045430920429412401,0.054320999999999994,0.0010349999999999999,0.176649,-2.9386806747529324,1.2294448316898456,-2.9018367742433324,0.054292709581692175,0.0010329350553878285,0.17656623947250244,-0.32517270218443561,-0.048120418850813647,0.94442953100996085,-0.079467750940932808,0.99656238770114336,0.023415464543462976,-0.94230971040017508,-0.06743762087305985,-0.3278789059645637,8.7486665703735825e-05,3.0078339913973524e-05
3.5150108337402344,1790952591.3147509,0.00059485435485839844,0.034609879067047558,0.034801865284766934,0,-0.024609142453120049,0.38664278919430384,-0.045430920429412401,0.054320999999999994,0.0010349999999999999,0.176649,-2.9386806747529324,1.2294448316898456,-2.9018367742433324,0.054292709581692175,0.0010329350553878285,0.17656623947250244,-0.32517270218443561,-0.048120418850813647,0.94442953100996085,-0.079467750940932808,0.99656238770114336,0.023415464543462976,-0.94230971040017508,-0.06743762087305985,-0.3278789059645637,8.7486665703735825e-05,3.0078339913973524e-05
3.5200138092041016,1790952591.3197539,0.00060176849365234375,0.034609879067047558,0.034801865284766934,0,-0.024609142453120049,0.38664278919430384,-0.045430920429412401,0.054320999999999994,0.0010349999999999999,0.176649,-2.9386806747529324,1.2294448316898456,-2.9018367742433324,0.054292709581692175,0.0010329350553878285,0.17656623947250244,-0.32517270218443561,-0.048120418850813647,0.94442953100996085,-0.079467750940932808,0.99656238770114336,0.023415464543462976,-0.94230971040017508,-0.06743762087305985,-0.3278789059645637,8.7486665703735825e-05,3.0078339913973524e-05
3.5250108242034912,1790952591.3247509,0.00057482719421386719,0.034609879067047558,0.034801865284766934,0,-0.024609142453120049,0.38664278919430384,-0.045430920429412401,0.054320999999999994,0.0010349999999999999,0.176649,-2.9386806747529324,1.2294448316898456,-2.9018367742433324,0.054292709581692175,0.0010329350553878285,0.17656623947250244,-0.32517270218443561,-0.048120418850813647,0.94442953100996085,-0.079467750940932808,0.99656238770114336,0.023415464543462976,-0.94230971040017508,-0.06743762087305985,-0.3278789059645637,8.7486665703735825e-05,3.0078339913973524e-05
3.5300109386444092,1790952591.329751,0.00059795379638671875,0.034609879067047558,0.034801865284766934,0,-0.024609142453120049,0.38664278919430384,-0.045430920429412401,0.054320999999999994,0.0010349999999999999,0.176649,-2.9386806747529324,1.2294448316898456,-2.9018367742433324,0.054292709581692175,0.0010329350553878285,0.17656623947250244,-0.32517270218443561,-0.048120418850813647,0.94442953100996085,-0.079467750940932808,0.99656238770114336,0.023415464543462976,-0.94230971040017508,-0.06743762087305985,-0.3278789059645637,8.7486665703735825e-05,3.0078339913973524e-05
3.5350139141082764,1790952591.334754,0.0005779266357421875,0.034609879067047558,0.034801865284766934,0,-0.024609142453120049,0.38664278919430384,-0.045430920429412401,0.054320999999999994,0.0010349999999999999,0.176649,-2.9386806747529324,1.2294448316898456,-2.9018367742433324,0.054292709581692175,0.0010329350553878285,0.17656623947250244,-0.32517270218443561,-0.048120418850813647,0.94442953100996085,-0.079467750940932808,0.99656238770114336,0.023415464543462976,-0.94230971040017508,-0.06743762087305985,-0.3278789059645637,8.7486665703735825e-05,3.0078339913973524e-05
3.540010929107666,1790952591.339751,0.00059795379638671875,0.034609879067047558,0.034801865284766934,0,-0.024609142453120049,0.38664278919430384,-0.045430920429412401,0.054320999999999994,0.0010349999999999999,0.176649,-2.9386806747529324,1.2294448316898456,-2.9018367742433324,0.054292709581692175,0.0010329350553878285,0.17656623947250244,-0.32517270218443561,-0.048120418850813647,0.94442953100996085,-0.079467750940932808,0.99656238770114336,0.023415464543462976,-0.94230971040017508,-0.06743762087305985,-0.3278789059645637,8.7486665703735825e-05,3.0078339913973524e-05
3.5450108051300049,1790952591.3447509,0.00057482719421386719,0.034609879067047558,0.034801865284766934,0,-0.024609142453120049,0.38664278919430384,-0.045430920429412401,0.054320999999999994,0.0010349999999999999,0.176649,-2.9386806747529324,1.2294448316898456,-2.9018367742433324,0.054292709581692175,0.0010329350553878285,0.17656623947250244,-0.32517270218443561,-0.048120418850813647,0.94442953100996085,-0.079467750940932808,0.99656238770114336,0.023415464543462976,-0.94230971040017508,-0.06743762087305985,-0.3278789059645637,8.7486665703735825e-05,3.0078339913973524e-05
3.5500128269195557,1790952591.3497529,0.00060200691223144531,0.034609879067047558,0.034801865284766934,0,-0.024609142453120049,0.38664278919430384,-0.045430920429412401,0.054320999999999994,0.0010349999999999999,0.176649,-2.9386806747529324,1.2294448316898456,-2.9018367742433324,0.054292709581692175,0.0010329350553878285,0.17656623947250244,-0.32517270218443561,-0.048120418850813647,0.94442953100996085,-0.079467750940932808,0.99656238770114336,0.023415464543462976,-0.94230971040017508,-0.06743762087305985,-0.3278789059645637,8.7486665703735825e-05,3.0078339913973524e-05
3.5550119876861572,1790952591.3547521,0.00060009956359863281,0.034609879067047558,0.034801865284766934,0,-0.024609142453120049,0.38664278919430384,-0.045430920429412401,0.054320999999999994,0.0010349999999999999,0.176649,-2.9386806747529324,1.2294448316898456,-2.9018367742433324,0.054292709581692175,0.0010329350553878285,0.17656623947250244,-0.32517270218443561,-0.048120418850813647,0.94442953100996085,-0.079467750940932808,0.99656238770114336,0.023415464543462976,-0.94230971040017508,-0.06743762087305985,-0.3278789059645637,8.7486665703735825e-05,3.0078339913973524e-05
3.5600109100341797,1790952591.359751,0.00060009956359863281,0.034609879067047558,0.034801865284766934,0,-0.024609142453120049,0.38664278919430384,-0.045430920429412401,0.054320999999999994,0.0010349999999999999,0.176649,-2.9386806747529324,1.2294448316898456,-2.9018367742433324,0.054292709581692175,0.0010329350553878285,0.17656623947250244,-0.32517270218443561,-0.048120418850813647,0.94442953100996085,-0.079467750940932808,0.99656238770114336,0.023415464543462976,-0.94230971040017508,-0.06743762087305985,-0.3278789059645637,8.7486665703735825e-05,3.0078339913973524e-05
3.5650110244750977,1790952591.3647511,0.00060009956359863281,0.034609879067047558,0.034801865284766934,0,-0.024609142453120049,0.38664278919430384,-0.045430920429412401,0.054320999999999994,0.0010349999999999999,0.176649,-2.9386806747529324,1.2294448316898456,-2.9018367742433324,0.054292709581692175,0.0010329350553878285,0.17656623947250244,-0.32517270218443561,-0.048120418850813647,0.94442953100996085,-0.079467750940932808,0.99656238770114336,0.023415464543462976,-0.94230971040017508,-0.06743762087305985,-0.3278789059645637,8.7486665703735825e-05,3.0078339913973524e-05
3.5700109004974365,1790952591.369751,0.0005970001220703125,0.034609879067047558,0.034801865284766934,0,-0.024609142453120049,0.38664278919430384,-0.045430920429412401,0.054320999999999994,0.0010349999999999999,0.176649,-2.9386806747529324,1.2294448316898456,-2.9018367742433324,0.054292709581692175,0.0010329350553878285,0.17656623947250244,-0.32517270218443561,-0.048120418850813647,0.94442953100996085,-0.079467750940932808,0.99656238770114336,0.023415464543462976,-0.94230971040017508,-0.06743762087305985,-0.3278789059645637,8.7486665703735825e-05,3.0078339913973524e-05
3.5750138759613037,1790952591.374754,0.00060105323791503906,0.034609879067047558,0.034801865284766934,0,-0.024609142453120049,0.38664278919430384,-0.045430920429412401,0.054320999999999994,0.0010349999999999999,0.176649,-2.9386806747529324,1.2294448316898456,-2.9018367742433324,0.054292709581692175,0.0010329350553878285,0.17656623947250244,-0.32517270218443561,-0.048120418850813647,0.94442953100996085,-0.079467750940932808,0.99656238770114336,0.023415464543462976,-0.94230971040017508,-0.06743762087305985,-0.3278789059645637,8.7486665703735825e-05,3.0078339913973524e-05
3.5800118446350098,1790952591.3797519,0.000598907470703125,0.034609879067047558,0.034801865284766934,0,-0.024609142453120049,0.38664278919430384,-0.045430920429412401,0.054320999999999994,0.0010349999999999999,0.176649,-2.9386806747529324,1.2294448316898456,-2.9018367742433324,0.054292709581692175,0.0010329350553878285,0.17656623947250244,-0.32517270218443561,-0.048120418850813647,0.94442953100996085,-0.079467750940932808,0.99656238770114336,0.023415464543462976,-0.94230971040017508,-0.06743762087305985,-0.3278789059645637,8.7486665703735825e-05,3.0078339913973524e-05
3.5850119590759277,1790952591.384752,0.00057697296142578125,0.034609879067047558,0.034801865284766934,0,-0.024609142453120049,0.38664278919430384,-0.045430920429412401,0.054320999999999994,0.0010349999999999999,0.176649,-2.9386806747529324,1.2294448316898456,-2.9018367742433324,0.054292709581692175,0.0010329350553878285,0.17656623947250244,-0.32517270218443561,-0.048120418850813647,0.94442953100996085,-0.079467750940932808,0.99656238770114336,0.023415464543462976,-0.94230971040017508,-0.06743762087305985,-0.3278789059645637,8.7486665703735825e-05,3.0078339913973524e-05
3.5900130271911621,1790952591.3897531,0.00060105323791503906,0.034609879067047558,0.034801865284766934,0,-0.024609142453120049,0.38664278919430384,-0.045430920429412401,0.054320999999999994,0.0010349999999999999,0.176649,-2.9386806747529324,1.2294448316898456,-2.9018367742433324,0.054292709581692175,0.0010329350553878285,0.17656623947250244,-0.32517270218443561,-0.048120418850813647,0.94442953100996085,-0.079467750940932808,0.99656238770114336,0.023415464543462976,-0.94230971040017508,-0.06743762087305985,-0.3278789059645637,8.7486665703735825e-05,3.0078339913973524e-05
3.595012903213501,1790952591.394753,0.0005779266357421875,0.034609879067047558,0.034801865284766934,0,-0.024609142453120049,0.38664278919430384,-0.045430920429412401,0.054320999999999994,0.0010349999999999999,0.176649,-2.9386806747529324,1.2294448316898456,-2.9018367742433324,0.054292709581692175,0.0010329350553878285,0.17656623947250244,-0.32517270218443561,-0.048120418850813647,0.94442953100996085,-0.079467750940932808,0.99656238770114336,0.023415464543462976,-0.94230971040017508,-0.06743762087305985,-0.3278789059645637,8.7486665703735825e-05,3.0078339913973524e-05
3.6000118255615234,1790952591.3997519,0.00060200691223144531,0.034609879067047558,0.034801865284766934,0,-0.024609142453120049,0.38664278919430384,-0.045430920429412401,0.054320999999999994,0.0010349999999999999,0.176649,-2.9386806747529324,1.2294448316898456,-2.9018367742433324,0.054292709581692175,0.0010329350553878285,0.17656623947250244,-0.32517270218443561,-0.048120418850813647,0.94442953100996085,-0.079467750940932808,0.99656238770114336,0.023415464543462976,-0.94230971040017508,-0.06743762087305985,-0.3278789059645637,8.7486665703735825e-05,3.0078339913973524e-05
3.6050128936767578,1790952591.404753,0.00060200691223144531,0.034609879067047558,0.034801865284766934,0,-0.024609142453120049,0.38664278919430384,-0.045430920429412401,0.054320999999999994,0.0010349999999999999,0.176649,-2.9386806747529324,1.2294448316898456,-2.9018367742433324,0.054292709581692175,0.0010329350553878285,0.17656623947250244,-0.32517270218443561,-0.048120418850813647,0.94442953100996085,-0.079467750940932808,0.99656238770114336,0.023415464543462976,-0.94230971040017508,-0.06743762087305985,-0.3278789059645637,8.7486665703735825e-05,3.0078339913973524e-05
3.6100118160247803,1790952591.4097519,0.00060200691223144531,0.034609879067047558,0.034801865284766934,0,-0.024609142453120049,0.38664278919430384,-0.045430920429412401,0.054320999999999994,0.0010349999999999999,0.176649,-2.9386806747529324,1.2294448316898456,-2.9018367742433324,0.054292709581692175,0.0010329350553878285,0.17656623947250244,-0.32517270218443561,-0.048120418850813647,0.94442953100996085,-0.079467750940932808,0.99656238770114336,0.023415464543462976,-0.94230971040017508,-0.06743762087305985,-0.3278789059645637,8.7486665703735825e-05,3.0078339913973524e-05
3.6150119304656982,1790952591.414752,0.00057697296142578125,0.034609879067047558,0.034801865284766934,0,-0.024609142453120049,0.38664278919430384,-0.045430920429412401,0.054320999999999994,0.0010349999999999999,0.176649,-2.9386806747529324,1.2294448316898456,-2.9018367742433324,0.054292709581692175,0.0010329350553878285,0.17656623947250244,-0.32517270218443561,-0.048120418850813647,0.94442953100996085,-0.079467750940932808,0.99656238770114336,0.023415464543462976,-0.94230971040017508,-0.06743762087305985,-0.3278789059645637,8.7486665703735825e-05,3.0078339913973524e-05
3.6200118064880371,1790952591.4197519,0.00060296058654785156,0.034609879067047558,0.034801865284766934,0,-0.024609142453120049,0.38664278919430384,-0.045430920429412401,0.054320999999999994,0.0010349999999999999,0.176649,-2.9386806747529324,1.2294448316898456,-2.9018367742433324,0.054292709581692175,0.0010329350553878285,0.17656623947250244,-0.32517270218443561,-0.048120418850813647,0.94442953100996085,-0.079467750940932808,0.99656238770114336,0.023415464543462976,-0.94230971040017508,-0.06743762087305985,-0.3278789059645637,8.7486665703735825e-05,3.0078339913973524e-05
3.6250109672546387,1790952591.424751,0.00060105323791503906,0.034609879067047558,0.034801865284766934,0,-0.024609142453120049,0.38664278919430384,-0.045430920429412401,0.054320999999999994,0.0010349999999999999,0.176649,-2.9386806747529324,1.2294448316898456,-2.9018367742433324,0.054292709581692175,0.0010329350553878285,0.17656623947250244,-0.32517270218443561,-0.048120418850813647,0.94442953100996085,-0.079467750940932808,0.99656238770114336,0.023415464543462976,-0.94230971040017508,-0.06743762087305985,-0.3278789059645637,8.7486665703735825e-05,3.0078339913973524e-05
3.6300108432769775,1790952591.4297509,0.0005970001220703125,0.034609879067047558,0.034801865284766934,0,-0.024609142453120049,0.38664278919430384,-0.045430920429412401,0.054320999999999994,0.0010349999999999999,0.176649,-2.9386806747529324,1.2294448316898456,-2.9018367742433324,0.054292709581692175,0.0010329350553878285,0.17656623947250244,-0.32517270218443561,-0.048120418850813647,0.94442953100996085,-0.079467750940932808,0.99656238770114336,0.023415464543462976,-0.94230971040017508,-0.06743762087305985,-0.3278789059645637,8.7486665703735825e-05,3.0078339913973524e-05
3.6350109577178955,1790952591.434751,0.000576019287109375,0.034609879067047558,0.034801865284766934,0,-0.024609142453120049,0.38664278919430384,-0.045430920429412401,0.054320999999999994,0.0010349999999999999,0.176649,-2.9386806747529324,1.2294448316898456,-2.9018367742433324,0.054292709581692175,0.0010329350553878285,0.17656623947250244,-0.32517270218443561,-0.048120418850813647,0.94442953100996085,-0.079467750940932808,0.99656238770114336,0.023415464543462976,-0.94230971040017508,-0.06743762087305985,-0.3278789059645637,8.7486665703735825e-05,3.0078339913973524e-05
3.6400120258331299,1790952591.4397521,0.00060105323791503906,0.034609879067047558,0.034801865284766934,0,-0.024609142453120049,0.38664278919430384,-0.045430920429412401,0.054320999999999994,0.0010349999999999999,0.176649,-2.9386806747529324,1.2294448316898456,-2.9018367742433324,0.054292709581692175,0.0010329350553878285,0.17656623947250244,-0.32517270218443561,-0.048120418850813647,0.94442953100996085,-0.079467750940932808,0.99656238770114336,0.023415464543462976,-0.94230971040017508,-0.06743762087305985,-0.3278789059645637,8.7486665703735825e-05,3.0078339913973524e-05
3.6450119018554688,1790952591.444752,0.00060200691223144531,0.034609879067047558,0.034801865284766934,0,-0.024609142453120049,0.38664278919430384,-0.045430920429412401,0.054320999999999994,0.0010349999999999999,0.176649,-2.9386806747529324,1.2294448316898456,-2.9018367742433324,0.054292709581692175,0.0010329350553878285,0.17656623947250244,-0.32517270218443561,-0.048120418850813647,0.94442953100996085,-0.079467750940932808,0.99656238770114336,0.023415464543462976,-0.94230971040017508,-0.06743762087305985,-0.3278789059645637,8.7486665703735825e-05,3.0078339913973524e-05
3.6500098705291748,1790952591.4497499,0.00060105323791503906,0.034609879067047558,0.034801865284766934,0,-0.024609142453120049,0.38664278919430384,-0.045430920429412401,0.054320999999999994,0.0010349999999999999,0.176649,-2.9386806747529324,1.2294448316898456,-2.9018367742433324,0.054292709581692175,0.0010329350553878285,0.17656623947250244,-0.32517270218443561,-0.048120418850813647,0.94442953100996085,-0.079467750940932808,0.99656238770114336,0.023415464543462976,-0.94230971040017508,-0.06743762087305985,-0.3278789059645637,8.7486665703735825e-05,3.0078339913973524e-05
3.6550359725952148,1790952591.454776,0.00062394142150878906,0.034609879067047558,0.034801865284766934,0,-0.024609142453120049,0.38664278919430384,-0.045430920429412401,0.054320999999999994,0.0010349999999999999,0.176649,-2.9386806747529324,1.2294448316898456,-2.9018367742433324,0.054292709581692175,0.0010329350553878285,0.17656623947250244,-0.32517270218443561,-0.048120418850813647,0.94442953100996085,-0.079467750940932808,0.99656238770114336,0.023415464543462976,-0.94230971040017508,-0.06743762087305985,-0.3278789059645637,8.7486665703735825e-05,3.0078339913973524e-05
3.660010814666748,1790952591.4597509,0.0006008148193359375,0.034609879067047558,0.034801865284766934,0,-0.024609142453120049,0.38664278919430384,-0.045430920429412401,0.054320999999999994,0.0010349999999999999,0.176649,-2.9386806747529324,1.2294448316898456,-2.9018367742433324,0.054292709581692175,0.0010329350553878285,0.17656623947250244,-0.32517270218443561,-0.048120418850813647,0.94442953100996085,-0.079467750940932808,0.99656238770114336,0.023415464543462976,-0.94230971040017508,-0.06743762087305985,-0.3278789059645637,8.7486665703735825e-05,3.0078339913973524e-05
3.665010929107666,1790952591.464751,0.00060200691223144531,0.034609879067047558,0.034801865284766934,0,-0.024609142453120049,0.38664278919430384,-0.045430920429412401,0.054320999999999994,0.0010349999999999999,0.176649,-2.9386806747529324,1.2294448316898456,-2.9018367742433324,0.054292709581692175,0.0010329350553878285,0.17656623947250244,-0.32517270218443561,-0.048120418850813647,0.94442953100996085,-0.079467750940932808,0.99656238770114336,0.023415464543462976,-0.94230971040017508,-0.06743762087305985,-0.3278789059645637,8.7486665703735825e-05,3.0078339913973524e-05
3.6700108051300049,1790952591.4697509,0.0005970001220703125,0.034609879067047558,0.034801865284766934,0,-0.024609142453120049,0.38664278919430384,-0.045430920429412401,0.054320999999999994,0.0010349999999999999,0.176649,-2.9386806747529324,1.2294448316898456,-2.9018367742433324,0.054292709581692175,0.0010329350553878285,0.17656623947250244,-0.32517270218443561,-0.048120418850813647,0.94442953100996085,-0.079467750940932808,0.99656238770114336,0.023415464543462976,-0.94230971040017508,-0.06743762087305985,-0.3278789059645637,8.7486665703735825e-05,3.0078339913973524e-05
3.6750109195709229,1790952591.474751,0.00060200691223144531,0.034609879067047558,0.034801865284766934,0,-0.024609142453120049,0.38664278919430384,-0.045430920429412401,0.054320999999999994,0.0010349999999999999,0.176649,-2.9386806747529324,1.2294448316898456,-2.9018367742433324,0.054292709581692175,0.0010329350553878285,0.17656623947250244,-0.32517270218443561,-0.048120418850813647,0.94442953100996085,-0.079467750940932808,0.99656238770114336,0.023415464543462976,-0.94230971040017508,-0.06743762087305985,-0.3278789059645637,8.7486665703735825e-05,3.0078339913973524e-05
3.6800110340118408,1790952591.4797511,0.00060200691223144531,0.034609879067047558,0.034801865284766934,0,-0.024609142453120049,0.38664278919430384,-0.045430920429412401,0.054320999999999994,0.0010349999999999999,0.176649,-2.9386806747529324,1.2294448316898456,-2.9018367742433324,0.054292709581692175,0.0010329350553878285,0.17656623947250244,-0.32517270218443561,-0.048120418850813647,0.94442953100996085,-0.079467750940932808,0.99656238770114336,0.023415464543462976,-0.94230971040017508,-0.06743762087305985,-0.3278789059645637,8.7486665703735825e-05,3.0078339913973524e-05
3.6850109100341797,1790952591.484751,0.000576019287109375,0.034609879067047558,0.034801865284766934,0,-0.024609142453120049,0.38664278919430384,-0.045430920429412401,0.054320999999999994,0.0010349999999999999,0.176649,-2.9386806747529324,1.2294448316898456,-2.9018367742433324,0.054292709581692175,0.0010329350553878285,0.17656623947250244,-0.32517270218443561,-0.048120418850813647,0.94442953100996085,-0.079467750940932808,0.99656238770114336,0.023415464543462976,-0.94230971040017508,-0.06743762087305985,-0.3278789059645637,8.7486665703735825e-05,3.0078339913973524e-05
3.6900110244750977,1790952591.4897511,0.00060200691223144531,0.034609879067047558,0.034801865284766934,0,-0.024609142453120049,0.38664278919430384,-0.045430920429412401,0.054320999999999994,0.0010349999999999999,0.176649,-2.9386806747529324,1.2294448316898456,-2.9018367742433324,0.054292709581692175,0.0010329350553878285,0.17656623947250244,-0.32517270218443561,-0.048120418850813647,0.94442953100996085,-0.079467750940932808,0.99656238770114336,0.023415464543462976,-0.94230971040017508,-0.06743762087305985,-0.3278789059645637,8.7486665703735825e-05,3.0078339913973524e-05
3.6950089931488037,1790952591.4947491,0.0005931854248046875,0.034609879067047558,0.034801865284766934,0,-0.024609142453120049,0.38664278919430384,-0.045430920429412401,0.054320999999999994,0.0010349999999999999,0.176649,-2.9386806747529324,1.2294448316898456,-2.9018367742433324,0.054292709581692175,0.0010329350553878285,0.17656623947250244,-0.32517270218443561,-0.048120418850813647,0.94442953100996085,-0.079467750940932808,0.99656238770114336,0.023415464543462976,-0.94230971040017508,-0.06743762087305985,-0.3278789059645637,8.7486665703735825e-05,3.0078339913973524e-05
3.7000110149383545,1790952591.4997511,0.00060200691223144531,0.034609879067047558,0.034801865284766934,0,-0.024609142453120049,0.38664278919430384,-0.045430920429412401,0.054320999999999994,0.0010349999999999999,0.176649,-2.9386806747529324,1.2294448316898456,-2.9018367742433324,0.054292709581692175,0.0010329350553878285,0.17656623947250244,-0.32517270218443561,-0.048120418850813647,0.94442953100996085,-0.079467750940932808,0.99656238770114336,0.023415464543462976,-0.94230971040017508,-0.06743762087305985,-0.3278789059645637,8.7486665703735825e-05,3.0078339913973524e-05
3.7050089836120605,1790952591.5047491,0.00059914588928222656,0.034609879067047558,0.034801865284766934,0,-0.024609142453120049,0.38664278919430384,-0.045430920429412401,0.054320999999999994,0.0010349999999999999,0.176649,-2.9386806747529324,1.2294448316898456,-2.9018367742433324,0.054292709581692175,0.0010329350553878285,0.17656623947250244,-0.32517270218443561,-0.048120418850813647,0.94442953100996085,-0.079467750940932808,0.99656238770114336,0.023415464543462976,-0.94230971040017508,-0.06743762087305985,-0.3278789059645637,8.7486665703735825e-05,3.0078339913973524e-05
3.7100088596343994,1790952591.5097489,0.00059986114501953125,0.034609879067047558,0.034801865284766934,0,-0.024609142453120049,0.38664278919430384,-0.045430920429412401,0.054320999999999994,0.0010349999999999999,0.176649,-2.9386806747529324,1.2294448316898456,-2.9018367742433324,0.054292709581692175,0.0010329350553878285,0.17656623947250244,-0.32517270218443561,-0.048120418850813647,0.94442953100996085,-0.079467750940932808,0.99656238770114336,0.023415464543462976,-0.94230971040017508,-0.06743762087305985,-0.3278789059645637,8.7486665703735825e-05,3.0078339913973524e-05
3.7150089740753174,1790952591.5147491,0.00059795379638671875,0.034609879067047558,0.034801865284766934,0,-0.024609142453120049,0.38664278919430384,-0.045430920429412401,0.054320999999999994,0.0010349999999999999,0.176649,-2.9386806747529324,1.2294448316898456,-2.9018367742433324,0.054292709581692175,0.0010329350553878285,0.17656623947250244,-0.32517270218443561,-0.048120418850813647,0.94442953100996085,-0.079467750940932808,0.99656238770114336,0.023415464543462976,-0.94230971040017508,-0.06743762087305985,-0.3278789059645637,8.7486665703735825e-05,3.0078339913973524e-05
3.7200100421905518,1790952591.5197501,0.00060009956359863281,0.034609879067047558,0.034801865284766934,0,-0.024609142453120049,0.38664278919430384,-0.045430920429412401,0.054320999999999994,0.0010349999999999999,0.176649,-2.9386806747529324,1.2294448316898456,-2.9018367742433324,0.054292709581692175,0.0010329350553878285,0.17656623947250244,-0.32517270218443561,-0.048120418850813647,0.94442953100996085,-0.079467750940932808,0.99656238770114336,0.023415464543462976,-0.94230971040017508,-0.06743762087305985,-0.3278789059645637,8.7486665703735825e-05,3.0078339913973524e-05
3.7250099182128906,1790952591.52475,0.00060105323791503906,0.034609879067047558,0.034801865284766934,0,-0.024609142453120049,0.38664278919430384,-0.045430920429412401,0.054320999999999994,0.0010349999999999999,0.176649,-2.9386806747529324,1.2294448316898456,-2.9018367742433324,0.054292709581692175,0.0010329350553878285,0.17656623947250244,-0.32517270218443561,-0.048120418850813647,0.94442953100996085,-0.079467750940932808,0.99656238770114336,0.023415464543462976,-0.94230971040017508,-0.06743762087305985,-0.3278789059645637,8.7486665703735825e-05,3.0078339913973524e-05
3.7300088405609131,1790952591.5297489,0.00059485435485839844,0.034609879067047558,0.034801865284766934,0,-0.024609142453120049,0.38664278919430384,-0.045430920429412401,0.054320999999999994,0.0010349999999999999,0.176649,-2.9386806747529324,1.2294448316898456,-2.9018367742433324,0.054292709581692175,0.0010329350553878285,0.17656623947250244,-0.32517270218443561,-0.048120418850813647,0.94442953100996085,-0.079467750940932808,0.99656238770114336,0.023415464543462976,-0.94230971040017508,-0.06743762087305985,-0.3278789059645637,8.7486665703735825e-05,3.0078339913973524e-05
3.7350089550018311,1790952591.534749,0.00060009956359863281,0.034609879067047558,0.034801865284766934,0,-0.024609142453120049,0.38664278919430384,-0.045430920429412401,0.054320999999999994,0.0010349999999999999,0.176649,-2.9386806747529324,1.2294448316898456,-2.9018367742433324,0.054292709581692175,0.0010329350553878285,0.17656623947250244,-0.32517270218443561,-0.048120418850813647,0.94442953100996085,-0.079467750940932808,0.99656238770114336,0.023415464543462976,-0.94230971040017508,-0.06743762087305985,-0.3278789059645637,8.7486665703735825e-05,3.0078339913973524e-05
3.7400088310241699,1790952591.5397489,0.00059986114501953125,0.034609879067047558,0.034801865284766934,0,-0.024609142453120049,0.38664278919430384,-0.045430920429412401,0.054320999999999994,0.0010349999999999999,0.176649,-2.9386806747529324,1.2294448316898456,-2.9018367742433324,0.054292709581692175,0.0010329350553878285,0.17656623947250244,-0.32517270218443561,-0.048120418850813647,0.94442953100996085,-0.079467750940932808,0.99656238770114336,0.023415464543462976,-0.94230971040017508,-0.06743762087305985,-0.3278789059645637,8.7486665703735825e-05,3.0078339913973524e-05
3.7450339794158936,1790952591.5447741,0.00062012672424316406,0.034609879067047558,0.034801865284766934,0,-0.024609142453120049,0.38664278919430384,-0.045430920429412401,0.054320999999999994,0.0010349999999999999,0.176649,-2.9386806747529324,1.2294448316898456,-2.9018367742433324,0.054292709581692175,0.0010329350553878285,0.17656623947250244,-0.32517270218443561,-0.048120418850813647,0.94442953100996085,-0.079467750940932808,0.99656238770114336,0.023415464543462976,-0.94230971040017508,-0.06743762087305985,-0.3278789059645637,8.7486665703735825e-05,3.0078339913973524e-05
3.7500138282775879,1790952591.5497539,0.00060486793518066406,0.034609879067047558,0.034801865284766934,0,-0.024609142453120049,0.38664278919430384,-0.045430920429412401,0.054320999999999994,0.0010349999999999999,0.176649,-2.9386806747529324,1.2294448316898456,-2.9018367742433324,0.054292709581692175,0.0010329350553878285,0.17656623947250244,-0.32517270218443561,-0.048120418850813647,0.94442953100996085,-0.079467750940932808,0.99656238770114336,0.023415464543462976,-0.94230971040017508,-0.06743762087305985,-0.3278789059645637,8.7486665703735825e-05,3.0078339913973524e-05
3.7550089359283447,1790952591.554749,0.0005970001220703125,0.034609879067047558,0.034801865284766934,0,-0.024609142453120049,0.38664278919430384,-0.045430920429412401,0.054320999999999994,0.0010349999999999999,0.176649,-2.9386806747529324,1.2294448316898456,-2.9018367742433324,0.054292709581692175,0.0010329350553878285,0.17656623947250244,-0.32517270218443561,-0.048120418850813647,0.94442953100996085,-0.079467750940932808,0.99656238770114336,0.023415464543462976,-0.94230971040017508,-0.06743762087305985,-0.3278789059645637,8.7486665703735825e-05,3.0078339913973524e-05
3.7600138187408447,1790952591.5597539,0.00060486793518066406,0.034609879067047558,0.034801865284766934,0,-0.024609142453120049,0.38664278919430384,-0.045430920429412401,0.054320999999999994,0.0010349999999999999,0.176649,-2.9386806747529324,1.2294448316898456,-2.9018367742433324,0.054292709581692175,0.0010329350553878285,0.17656623947250244,-0.32517270218443561,-0.048120418850813647,0.94442953100996085,-0.079467750940932808,0.99656238770114336,0.023415464543462976,-0.94230971040017508,-0.06743762087305985,-0.3278789059645637,8.7486665703735825e-05,3.0078339913973524e-05
3.7650089263916016,1790952591.564749,0.00060009956359863281,0.034609879067047558,0.034801865284766934,0,-0.024609142453120049,0.38664278919430384,-0.045430920429412401,0.054320999999999994,0.0010349999999999999,0.176649,-2.9386806747529324,1.2294448316898456,-2.9018367742433324,0.054292709581692175,0.0010329350553878285,0.17656623947250244,-0.32517270218443561,-0.048120418850813647,0.94442953100996085,-0.079467750940932808,0.99656238770114336,0.023415464543462976,-0.94230971040017508,-0.06743762087305985,-0.3278789059645637,8.7486665703735825e-05,3.0078339913973524e-05
3.7700099945068359,1790952591.5697501,0.00060009956359863281,0.034609879067047558,0.034801865284766934,0,-0.024609142453120049,0.38664278919430384,-0.045430920429412401,0.054320999999999994,0.0010349999999999999,0.176649,-2.9386806747529324,1.2294448316898456,-2.9018367742433324,0.054292709581692175,0.0010329350553878285,0.17656623947250244,-0.32517270218443561,-0.048120418850813647,0.94442953100996085,-0.079467750940932808,0.99656238770114336,0.023415464543462976,-0.94230971040017508,-0.06743762087305985,-0.3278789059645637,8.7486665703735825e-05,3.0078339913973524e-05
3.7750098705291748,1790952591.5747499,0.00060105323791503906,0.034609879067047558,0.034801865284766934,0,-0.024609142453120049,0.38664278919430384,-0.045430920429412401,0.054320999999999994,0.0010349999999999999,0.176649,-2.9386806747529324,1.2294448316898456,-2.9018367742433324,0.054292709581692175,0.0010329350553878285,0.17656623947250244,-0.32517270218443561,-0.048120418850813647,0.94442953100996085,-0.079467750940932808,0.99656238770114336,0.023415464543462976,-0.94230971040017508,-0.06743762087305985,-0.3278789059645637,8.7486665703735825e-05,3.0078339913973524e-05
3.7800090312957764,1790952591.5797491,0.00060009956359863281,0.034609879067047558,0.034801865284766934,0,-0.024609142453120049,0.38664278919430384,-0.045430920429412401,0.054320999999999994,0.0010349999999999999,0.176649,-2.9386806747529324,1.2294448316898456,-2.9018367742433324,0.054292709581692175,0.0010329350553878285,0.17656623947250244,-0.32517270218443561,-0.048120418850813647,0.94442953100996085,-0.079467750940932808,0.99656238770114336,0.023415464543462976,-0.94230971040017508,-0.06743762087305985,-0.3278789059645637,8.7486665703735825e-05,3.0078339913973524e-05
3.7850089073181152,1790952591.584749,0.00060009956359863281,0.034609879067047558,0.034801865284766934,0,-0.024609142453120049,0.38664278919430384,-0.045430920429412401,0.054320999999999994,0.0010349999999999999,0.176649,-2.9386806747529324,1.2294448316898456,-2.9018367742433324,0.054292709581692175,0.0010329350553878285,0.17656623947250244,-0.32517270218443561,-0.048120418850813647,0.94442953100996085,-0.079467750940932808,0.99656238770114336,0.023415464543462976,-0.94230971040017508,-0.06743762087305985,-0.3278789059645637,8.7486665703735825e-05,3.0078339913973524e-05
3.7900118827819824,1790952591.589752,0.00060200691223144531,0.034609879067047558,0.034801865284766934,0,-0.024609142453120049,0.38664278919430384,-0.045430920429412401,0.054320999999999994,0.0010349999999999999,0.176649,-2.9386806747529324,1.2294448316898456,-2.9018367742433324,0.054292709581692175,0.0010329350553878285,0.17656623947250244,-0.32517270218443561,-0.048120418850813647,0.94442953100996085,-0.079467750940932808,0.99656238770114336,0.023415464543462976,-0.94230971040017508,-0.06743762087305985,-0.3278789059645637,8.7486665703735825e-05,3.0078339913973524e-05
3.7950119972229004,1790952591.5947521,0.00060200691223144531,0.034609879067047558,0.034801865284766934,0,-0.024609142453120049,0.38664278919430384,-0.045430920429412401,0.054320999999999994,0.0010349999999999999,0.176649,-2.9386806747529324,1.2294448316898456,-2.9018367742433324,0.054292709581692175,0.0010329350553878285,0.17656623947250244,-0.32517270218443561,-0.048120418850813647,0.94442953100996085,-0.079467750940932808,0.99656238770114336,0.023415464543462976,-0.94230971040017508,-0.06743762087305985,-0.3278789059645637,8.7486665703735825e-05,3.0078339913973524e-05
3.8000118732452393,1790952591.5997519,0.00060200691223144531,0.034609879067047558,0.034801865284766934,0,-0.024609142453120049,0.38664278919430384,-0.045430920429412401,0.054320999999999994,0.0010349999999999999,0.176649,-2.9386806747529324,1.2294448316898456,-2.9018367742433324,0.054292709581692175,0.0010329350553878285,0.17656623947250244,-0.32517270218443561,-0.048120418850813647,0.94442953100996085,-0.079467750940932808,0.99656238770114336,0.023415464543462976,-0.94230971040017508,-0.06743762087305985,-0.3278789059645637,8.7486665703735825e-05,3.0078339913973524e-05
3.8050119876861572,1790952591.6047521,0.00060200691223144531,0.034609879067047558,0.034801865284766934,0,-0.024609142453120049,0.38664278919430384,-0.045430920429412401,0.054320999999999994,0.0010349999999999999,0.176649,-2.9386806747529324,1.2294448316898456,-2.9018367742433324,0.054292709581692175,0.0010329350553878285,0.17656623947250244,-0.32517270218443561,-0.048120418850813647,0.94442953100996085,-0.079467750940932808,0.99656238770114336,0.023415464543462976,-0.94230971040017508,-0.06743762087305985,-0.3278789059645637,8.7486665703735825e-05,3.0078339913973524e-05
3.8100118637084961,1790952591.6097519,0.00060200691223144531,0.034609879067047558,0.034801865284766934,0,-0.024609142453120049,0.38664278919430384,-0.045430920429412401,0.054320999999999994,0.0010349999999999999,0.176649,-2.9386806747529324,1.2294448316898456,-2.9018367742433324,0.054292709581692175,0.0010329350553878285,0.17656623947250244,-0.32517270218443561,-0.048120418850813647,0.94442953100996085,-0.079467750940932808,0.99656238770114336,0.023415464543462976,-0.94230971040017508,-0.06743762087305985,-0.3278789059645637,8.7486665703735825e-05,3.0078339913973524e-05
3.8150358200073242,1790952591.6147759,0.00062394142150878906,0.034609879067047558,0.034801865284766934,0,-0.024609142453120049,0.38664278919430384,-0.045430920429412401,0.054320999999999994,0.0010349999999999999,0.176649,-2.9386806747529324,1.2294448316898456,-2.9018367742433324,0.054292709581692175,0.0010329350553878285,0.17656623947250244,-0.32517270218443561,-0.048120418850813647,0.94442953100996085,-0.079467750940932808,0.99656238770114336,0.023415464543462976,-0.94230971040017508,-0.06743762087305985,-0.3278789059645637,8.7486665703735825e-05,3.0078339913973524e-05
3.8200109004974365,1790952591.619751,0.00060200691223144531,0.034609879067047558,0.034801865284766934,0,-0.024609142453120049,0.38664278919430384,-0.045430920429412401,0.054320999999999994,0.0010349999999999999,0.176649,-2.9386806747529324,1.2294448316898456,-2.9018367742433324,0.054292709581692175,0.0010329350553878285,0.17656623947250244,-0.32517270218443561,-0.048120418850813647,0.94442953100996085,-0.079467750940932808,0.99656238770114336,0.023415464543462976,-0.94230971040017508,-0.06743762087305985,-0.3278789059645637,8.7486665703735825e-05,3.0078339913973524e-05
3.8250119686126709,1790952591.624752,0.00056600570678710938,0.034609879067047558,0.034801865284766934,0,-0.024609142453120049,0.38664278919430384,-0.045430920429412401,0.054320999999999994,0.0010349999999999999,0.176649,-2.9386806747529324,1.2294448316898456,-2.9018367742433324,0.054292709581692175,0.0010329350553878285,0.17656623947250244,-0.32517270218443561,-0.048120418850813647,0.94442953100996085,-0.079467750940932808,0.99656238770114336,0.023415464543462976,-0.94230971040017508,-0.06743762087305985,-0.3278789059645637,8.7486665703735825e-05,3.0078339913973524e-05
3.8300108909606934,1790952591.629751,0.000598907470703125,0.034609879067047558,0.034801865284766934,0,-0.024609142453120049,0.38664278919430384,-0.045430920429412401,0.054320999999999994,0.0010349999999999999,0.176649,-2.9386806747529324,1.2294448316898456,-2.9018367742433324,0.054292709581692175,0.0010329350553878285,0.17656623947250244,-0.32517270218443561,-0.048120418850813647,0.94442953100996085,-0.079467750940932808,0.99656238770114336,0.023415464543462976,-0.94230971040017508,-0.06743762087305985,-0.3278789059645637,8.7486665703735825e-05,3.0078339913973524e-05
3.8350119590759277,1790952591.634752,0.00057697296142578125,0.034609879067047558,0.034801865284766934,0,-0.024609142453120049,0.38664278919430384,-0.045430920429412401,0.054320999999999994,0.0010349999999999999,0.176649,-2.9386806747529324,1.2294448316898456,-2.9018367742433324,0.054292709581692175,0.0010329350553878285,0.17656623947250244,-0.32517270218443561,-0.048120418850813647,0.94442953100996085,-0.079467750940932808,0.99656238770114336,0.023415464543462976,-0.94230971040017508,-0.06743762087305985,-0.3278789059645637,8.7486665703735825e-05,3.0078339913973524e-05
3.8400108814239502,1790952591.639751,0.00060105323791503906,0.034609879067047558,0.034801865284766934,0,-0.024609142453120049,0.38664278919430384,-0.045430920429412401,0.054320999999999994,0.0010349999999999999,0.176649,-2.9386806747529324,1.2294448316898456,-2.9018367742433324,0.054292709581692175,0.0010329350553878285,0.17656623947250244,-0.32517270218443561,-0.048120418850813647,0.94442953100996085,-0.079467750940932808,0.99656238770114336,0.023415464543462976,-0.94230971040017508,-0.06743762087305985,-0.3278789059645637,8.7486665703735825e-05,3.0078339913973524e-05
3.8450119495391846,1790952591.644752,0.00060200691223144531,0.034609879067047558,0.034801865284766934,0,-0.024609142453120049,0.38664278919430384,-0.045430920429412401,0.054320999999999994,0.0010349999999999999,0.176649,-2.9386806747529324,1.2294448316898456,-2.9018367742433324,0.054292709581692175,0.0010329350553878285,0.17656623947250244,-0.32517270218443561,-0.048120418850813647,0.94442953100996085,-0.079467750940932808,0.99656238770114336,0.023415464543462976,-0.94230971040017508,-0.06743762087305985,-0.3278789059645637,8.7486665703735825e-05,3.0078339913973524e-05
3.850010871887207,1790952591.6497509,0.00060200691223144531,0.034609879067047558,0.034801865284766934,0,-0.024609142453120049,0.38664278919430384,-0.045430920429412401,0.054320999999999994,0.0010349999999999999,0.176649,-2.9386806747529324,1.2294448316898456,-2.9018367742433324,0.054292709581692175,0.0010329350553878285,0.17656623947250244,-0.32517270218443561,-0.048120418850813647,0.94442953100996085,-0.079467750940932808,0.99656238770114336,0.023415464543462976,-0.94230971040017508,-0.06743762087305985,-0.3278789059645637,8.7486665703735825e-05,3.0078339913973524e-05
3.8550119400024414,1790952591.654752,0.00060105323791503906,0.034609879067047558,0.034801865284766934,0,-0.024609142453120049,0.38664278919430384,-0.045430920429412401,0.054320999999999994,0.0010349999999999999,0.176649,-2.9386806747529324,1.2294448316898456,-2.9018367742433324,0.054292709581692175,0.0010329350553878285,0.17656623947250244,-0.32517270218443561,-0.048120418850813647,0.94442953100996085,-0.079467750940932808,0.99656238770114336,0.023415464543462976,-0.94230971040017508,-0.06743762087305985,-0.3278789059645637,8.7486665703735825e-05,3.0078339913973524e-05
3.8600118160247803,1790952591.6597519,0.00060200691223144531,0.034609879067047558,0.034801865284766934,0,-0.024609142453120049,0.38664278919430384,-0.045430920429412401,0.054320999999999994,0.0010349999999999999,0.176649,-2.9386806747529324,1.2294448316898456,-2.9018367742433324,0.054292709581692175,0.0010329350553878285,0.17656623947250244,-0.32517270218443561,-0.048120418850813647,0.94442953100996085,-0.079467750940932808,0.99656238770114336,0.023415464543462976,-0.94230971040017508,-0.06743762087305985,-0.3278789059645637,8.7486665703735825e-05,3.0078339913973524e-05
3.8650109767913818,1790952591.6647511,0.00056910514831542969,0.034609879067047558,0.034801865284766934,0,-0.024609142453120049,0.38664278919430384,-0.045430920429412401,0.054320999999999994,0.0010349999999999999,0.176649,-2.9386806747529324,1.2294448316898456,-2.9018367742433324,0.054292709581692175,0.0010329350553878285,0.17656623947250244,-0.32517270218443561,-0.048120418850813647,0.94442953100996085,-0.079467750940932808,0.99656238770114336,0.023415464543462976,-0.94230971040017508,-0.06743762087305985,-0.3278789059645637,8.7486665703735825e-05,3.0078339913973524e-05
3.8700118064880371,1790952591.6697519,0.000598907470703125,0.034609879067047558,0.034801865284766934,0,-0.024609142453120049,0.38664278919430384,-0.045430920429412401,0.054320999999999994,0.0010349999999999999,0.176649,-2.9386806747529324,1.2294448316898456,-2.9018367742433324,0.054292709581692175,0.0010329350553878285,0.17656623947250244,-0.32517270218443561,-0.048120418850813647,0.94442953100996085,-0.079467750940932808,0.99656238770114336,0.023415464543462976,-0.94230971040017508,-0.06743762087305985,-0.3278789059645637,8.7486665703735825e-05,3.0078339913973524e-05
3.8750109672546387,1790952591.674751,0.00060009956359863281,0.034609879067047558,0.034801865284766934,0,-0.024609142453120049,0.38664278919430384,-0.045430920429412401,0.054320999999999994,0.0010349999999999999,0.176649,-2.9386806747529324,1.2294448316898456,-2.9018367742433324,0.054292709581692175,0.0010329350553878285,0.17656623947250244,-0.32517270218443561,-0.048120418850813647,0.94442953100996085,-0.079467750940932808,0.99656238770114336,0.023415464543462976,-0.94230971040017508,-0.06743762087305985,-0.3278789059645637,8.7486665703735825e-05,3.0078339913973524e-05
3.880012035369873,1790952591.6797521,0.00060319900512695312,0.034609879067047558,0.034801865284766934,0,-0.024609142453120049,0.38664278919430384,-0.045430920429412401,0.054320999999999994,0.0010349999999999999,0.176649,-2.9386806747529324,1.2294448316898456,-2.9018367742433324,0.054292709581692175,0.0010329350553878285,0.17656623947250244,-0.32517270218443561,-0.048120418850813647,0.94442953100996085,-0.079467750940932808,0.99656238770114336,0.023415464543462976,-0.94230971040017508,-0.06743762087305985,-0.3278789059645637,8.7486665703735825e-05,3.0078339913973524e-05
3.8850109577178955,1790952591.684751,0.00057697296142578125,0.034609879067047558,0.034801865284766934,0,-0.024609142453120049,0.38664278919430384,-0.045430920429412401,0.054320999999999994,0.0010349999999999999,0.176649,-2.9386806747529324,1.2294448316898456,-2.9018367742433324,0.054292709581692175,0.0010329350553878285,0.17656623947250244,-0.32517270218443561,-0.048120418850813647,0.94442953100996085,-0.079467750940932808,0.99656238770114336,0.023415464543462976,-0.94230971040017508,-0.06743762087305985,-0.3278789059645637,8.7486665703735825e-05,3.0078339913973524e-05
3.890009880065918,1790952591.68975,0.000598907470703125,0.034609879067047558,0.034801865284766934,0,-0.024609142453120049,0.38664278919430384,-0.045430920429412401,0.054320999999999994,0.0010349999999999999,0.176649,-2.9386806747529324,1.2294448316898456,-2.9018367742433324,0.054292709581692175,0.0010329350553878285,0.17656623947250244,-0.32517270218443561,-0.048120418850813647,0.94442953100996085,-0.079467750940932808,0.99656238770114336,0.023415464543462976,-0.94230971040017508,-0.06743762087305985,-0.3278789059645637,8.7486665703735825e-05,3.0078339913973524e-05
3.8950109481811523,1790952591.694751,0.00060296058654785156,0.034609879067047558,0.034801865284766934,0,-0.024609142453120049,0.38664278919430384,-0.045430920429412401,0.054320999999999994,0.0010349999999999999,0.176649,-2.9386806747529324,1.2294448316898456,-2.9018367742433324,0.054292709581692175,0.0010329350553878285,0.17656623947250244,-0.32517270218443561,-0.048120418850813647,0.94442953100996085,-0.079467750940932808,0.99656238770114336,0.023415464543462976,-0.94230971040017508,-0.06743762087305985,-0.3278789059645637,8.7486665703735825e-05,3.0078339913973524e-05
3.9000089168548584,1790952591.699749,0.00060009956359863281,0.034609879067047558,0.034801865284766934,0,-0.024609142453120049,0.38664278919430384,-0.045430920429412401,0.054320999999999994,0.0010349999999999999,0.176649,-2.9386806747529324,1.2294448316898456,-2.9018367742433324,0.054292709581692175,0.0010329350553878285,0.17656623947250244,-0.32517270218443561,-0.048120418850813647,0.94442953100996085,-0.079467750940932808,0.99656238770114336,0.023415464543462976,-0.94230971040017508,-0.06743762087305985,-0.3278789059645637,8.7486665703735825e-05,3.0078339913973524e-05
3.9050099849700928,1790952591.7047501,0.00060105323791503906,0.034609879067047558,0.034801865284766934,0,-0.024609142453120049,0.38664278919430384,-0.045430920429412401,0.054320999999999994,0.0010349999999999999,0.176649,-2.9386806747529324,1.2294448316898456,-2.9018367742433324,0.054292709581692175,0.0010329350553878285,0.17656623947250244,-0.32517270218443561,-0.048120418850813647,0.94442953100996085,-0.079467750940932808,0.99656238770114336,0.023415464543462976,-0.94230971040017508,-0.06743762087305985,-0.3278789059645637,8.7486665703735825e-05,3.0078339913973524e-05
3.910010814666748,1790952591.7097509,0.00060296058654785156,0.034609879067047558,0.034801865284766934,0,-0.024609142453120049,0.38664278919430384,-0.045430920429412401,0.054320999999999994,0.0010349999999999999,0.176649,-2.9386806747529324,1.2294448316898456,-2.9018367742433324,0.054292709581692175,0.0010329350553878285,0.17656623947250244,-0.32517270218443561,-0.048120418850813647,0.94442953100996085,-0.079467750940932808,0.99656238770114336,0.023415464543462976,-0.94230971040017508,-0.06743762087305985,-0.3278789059645637,8.7486665703735825e-05,3.0078339913973524e-05
3.9150090217590332,1790952591.7147491,0.00059604644775390625,0.034609879067047558,0.034801865284766934,0,-0.024609142453120049,0.38664278919430384,-0.045430920429412401,0.054320999999999994,0.0010349999999999999,0.176649,-2.9386806747529324,1.2294448316898456,-2.9018367742433324,0.054292709581692175,0.0010329350553878285,0.17656623947250244,-0.32517270218443561,-0.048120418850813647,0.94442953100996085,-0.079467750940932808,0.99656238770114336,0.023415464543462976,-0.94230971040017508,-0.06743762087305985,-0.3278789059645637,8.7486665703735825e-05,3.0078339913973524e-05
3.9200108051300049,1790952591.7197509,0.00060176849365234375,0.034609879067047558,0.034801865284766934,0,-0.024609142453120049,0.38664278919430384,-0.045430920429412401,0.054320999999999994,0.0010349999999999999,0.176649,-2.9386806747529324,1.2294448316898456,-2.9018367742433324,0.054292709581692175,0.0010329350553878285,0.17656623947250244,-0.32517270218443561,-0.048120418850813647,0.94442953100996085,-0.079467750940932808,0.99656238770114336,0.023415464543462976,-0.94230971040017508,-0.06743762087305985,-0.3278789059645637,8.7486665703735825e-05,3.0078339913973524e-05
3.9250359535217285,1790952591.724776,0.00062394142150878906,0.034609879067047558,0.034801865284766934,0,-0.024609142453120049,0.38664278919430384,-0.045430920429412401,0.054320999999999994,0.0010349999999999999,0.176649,-2.9386806747529324,1.2294448316898456,-2.9018367742433324,0.054292709581692175,0.0010329350553878285,0.17656623947250244,-0.32517270218443561,-0.048120418850813647,0.94442953100996085,-0.079467750940932808,0.99656238770114336,0.023415464543462976,-0.94230971040017508,-0.06743762087305985,-0.3278789059645637,8.7486665703735825e-05,3.0078339913973524e-05
3.9300098419189453,1790952591.7297499,0.000598907470703125,0.034609879067047558,0.034801865284766934,0,-0.024609142453120049,0.38664278919430384,-0.045430920429412401,0.054320999999999994,0.0010349999999999999,0.176649,-2.9386806747529324,1.2294448316898456,-2.9018367742433324,0.054292709581692175,0.0010329350553878285,0.17656623947250244,-0.32517270218443561,-0.048120418850813647,0.94442953100996085,-0.079467750940932808,0.99656238770114336,0.023415464543462976,-0.94230971040017508,-0.06743762087305985,-0.3278789059645637,8.7486665703735825e-05,3.0078339913973524e-05
3.9350090026855469,1790952591.7347491,0.00060009956359863281,0.034609879067047558,0.034801865284766934,0,-0.024609142453120049,0.38664278919430384,-0.045430920429412401,0.054320999999999994,0.0010349999999999999,0.176649,-2.9386806747529324,1.2294448316898456,-2.9018367742433324,0.054292709581692175,0.0010329350553878285,0.17656623947250244,-0.32517270218443561,-0.048120418850813647,0.94442953100996085,-0.079467750940932808,0.99656238770114336,0.023415464543462976,-0.94230971040017508,-0.06743762087305985,-0.3278789059645637,8.7486665703735825e-05,3.0078339913973524e-05
3.9400098323822021,1790952591.7397499,0.00059580802917480469,0.034609879067047558,0.034801865284766934,0,-0.024609142453120049,0.38664278919430384,-0.045430920429412401,0.054320999999999994,0.0010349999999999999,0.176649,-2.9386806747529324,1.2294448316898456,-2.9018367742433324,0.054292709581692175,0.0010329350553878285,0.17656623947250244,-0.32517270218443561,-0.048120418850813647,0.94442953100996085,-0.079467750940932808,0.99656238770114336,0.023415464543462976,-0.94230971040017508,-0.06743762087305985,-0.3278789059645637,8.7486665703735825e-05,3.0078339913973524e-05
3.9450099468231201,1790952591.74475,0.00057697296142578125,0.034609879067047558,0.034801865284766934,0,-0.024609142453120049,0.38664278919430384,-0.045430920429412401,0.054320999999999994,0.0010349999999999999,0.176649,-2.9386806747529324,1.2294448316898456,-2.9018367742433324,0.054292709581692175,0.0010329350553878285,0.17656623947250244,-0.32517270218443561,-0.048120418850813647,0.94442953100996085,-0.079467750940932808,0.99656238770114336,0.023415464543462976,-0.94230971040017508,-0.06743762087305985,-0.3278789059645637,8.7486665703735825e-05,3.0078339913973524e-05
3.950009822845459,1790952591.7497499,0.00060200691223144531,0.034609879067047558,0.034801865284766934,0,-0.024609142453120049,0.38664278919430384,-0.045430920429412401,0.054320999999999994,0.0010349999999999999,0.176649,-2.9386806747529324,1.2294448316898456,-2.9018367742433324,0.054292709581692175,0.0010329350553878285,0.17656623947250244,-0.32517270218443561,-0.048120418850813647,0.94442953100996085,-0.079467750940932808,0.99656238770114336,0.023415464543462976,-0.94230971040017508,-0.06743762087305985,-0.3278789059645637,8.7486665703735825e-05,3.0078339913973524e-05
3.9550368785858154,1790952591.754777,0.00062799453735351562,0.034609879067047558,0.034801865284766934,0,-0.024609142453120049,0.38664278919430384,-0.045430920429412401,0.054320999999999994,0.0010349999999999999,0.176649,-2.9386806747529324,1.2294448316898456,-2.9018367742433324,0.054292709581692175,0.0010329350553878285,0.17656623947250244,-0.32517270218443561,-0.048120418850813647,0.94442953100996085,-0.079467750940932808,0.99656238770114336,0.023415464543462976,-0.94230971040017508,-0.06743762087305985,-0.3278789059645637,8.7486665703735825e-05,3.0078339913973524e-05
3.9600098133087158,1790952591.7597499,0.000598907470703125,0.034609879067047558,0.034801865284766934,0,-0.024609142453120049,0.38664278919430384,-0.045430920429412401,0.054320999999999994,0.0010349999999999999,0.176649,-2.9386806747529324,1.2294448316898456,-2.9018367742433324,0.054292709581692175,0.0010329350553878285,0.17656623947250244,-0.32517270218443561,-0.048120418850813647,0.94442953100996085,-0.079467750940932808,0.99656238770114336,0.023415464543462976,-0.94230971040017508,-0.06743762087305985,-0.3278789059645637,8.7486665703735825e-05,3.0078339913973524e-05
3.9650089740753174,1790952591.7647491,0.00057101249694824219,0.034609879067047558,0.034801865284766934,0,-0.024609142453120049,0.38664278919430384,-0.045430920429412401,0.054320999999999994,0.0010349999999999999,0.176649,-2.9386806747529324,1.2294448316898456,-2.9018367742433324,0.054292709581692175,0.0010329350553878285,0.17656623947250244,-0.32517270218443561,-0.048120418850813647,0.94442953100996085,-0.079467750940932808,0.99656238770114336,0.023415464543462976,-0.94230971040017508,-0.06743762087305985,-0.3278789059645637,8.7486665703735825e-05,3.0078339913973524e-05
3.9700088500976562,1790952591.7697489,0.000598907470703125,0.034609879067047558,0.034801865284766934,0,-0.024609142453120049,0.38664278919430384,-0.045430920429412401,0.054320999999999994,0.0010349999999999999,0.176649,-2.9386806747529324,1.2294448316898456,-2.9018367742433324,0.054292709581692175,0.0010329350553878285,0.17656623947250244,-0.32517270218443561,-0.048120418850813647,0.94442953100996085,-0.079467750940932808,0.99656238770114336,0.023415464543462976,-0.94230971040017508,-0.06743762087305985,-0.3278789059645637,8.7486665703735825e-05,3.0078339913973524e-05
3.9750339984893799,1790952591.7747741,0.00062298774719238281,0.034609879067047558,0.034801865284766934,0,-0.024609142453120049,0.38664278919430384,-0.045430920429412401,0.054320999999999994,0.0010349999999999999,0.176649,-2.9386806747529324,1.2294448316898456,-2.9018367742433324,0.054292709581692175,0.0010329350553878285,0.17656623947250244,-0.32517270218443561,-0.048120418850813647,0.94442953100996085,-0.079467750940932808,0.99656238770114336,0.023415464543462976,-0.94230971040017508,-0.06743762087305985,-0.3278789059645637,8.7486665703735825e-05,3.0078339913973524e-05
3.9800100326538086,1790952591.7797501,0.00059914588928222656,0.034609879067047558,0.034801865284766934,0,-0.024609142453120049,0.38664278919430384,-0.045430920429412401,0.054320999999999994,0.0010349999999999999,0.176649,-2.9386806747529324,1.2294448316898456,-2.9018367742433324,0.054292709581692175,0.0010329350553878285,0.17656623947250244,-0.32517270218443561,-0.048120418850813647,0.94442953100996085,-0.079467750940932808,0.99656238770114336,0.023415464543462976,-0.94230971040017508,-0.06743762087305985,-0.3278789059645637,8.7486665703735825e-05,3.0078339913973524e-05
3.9850099086761475,1790952591.78475,0.00060009956359863281,0.034609879067047558,0.034801865284766934,0,-0.024609142453120049,0.38664278919430384,-0.045430920429412401,0.054320999999999994,0.0010349999999999999,0.176649,-2.9386806747529324,1.2294448316898456,-2.9018367742433324,0.054292709581692175,0.0010329350553878285,0.17656623947250244,-0.32517270218443561,-0.048120418850813647,0.94442953100996085,-0.079467750940932808,0.99656238770114336,0.023415464543462976,-0.94230971040017508,-0.06743762087305985,-0.3278789059645637,8.7486665703735825e-05,3.0078339913973524e-05
3.9900100231170654,1790952591.7897501,0.00059604644775390625,0.034609879067047558,0.034801865284766934,0,-0.024609142453120049,0.38664278919430384,-0.045430920429412401,0.054320999999999994,0.0010349999999999999,0.176649,-2.9386806747529324,1.2294448316898456,-2.9018367742433324,0.054292709581692175,0.0010329350553878285,0.17656623947250244,-0.32517270218443561,-0.048120418850813647,0.94442953100996085,-0.079467750940932808,0.99656238770114336,0.023415464543462976,-0.94230971040017508,-0.06743762087305985,-0.3278789059645637,8.7486665703735825e-05,3.0078339913973524e-05
3.9950089454650879,1790952591.794749,0.00057506561279296875,0.034609879067047558,0.034801865284766934,0,-0.024609142453120049,0.38664278919430384,-0.045430920429412401,0.054320999999999994,0.0010349999999999999,0.176649,-2.9386806747529324,1.2294448316898456,-2.9018367742433324,0.054292709581692175,0.0010329350553878285,0.17656623947250244,-0.32517270218443561,-0.048120418850813647,0.94442953100996085,-0.079467750940932808,0.99656238770114336,0.023415464543462976,-0.94230971040017508,-0.06743762087305985,-0.3278789059645637,8.7486665703735825e-05,3.0078339913973524e-05
4.0000088214874268,1790952591.7997489,0.000598907470703125,0.034609879067047558,0.034801865284766934,0,-0.024609142453120049,0.38664278919430384,-0.045430920429412401,0.054320999999999994,0.0010349999999999999,0.176649,-2.9386806747529324,1.2294448316898456,-2.9018367742433324,0.054292709581692175,0.0010329350553878285,0.17656623947250244,-0.32517270218443561,-0.048120418850813647,0.94442953100996085,-0.079467750940932808,0.99656238770114336,0.023415464543462976,-0.94230971040017508,-0.06743762087305985,-0.3278789059645637,8.7486665703735825e-05,3.0078339913973524e-05
4.0050089359283447,1790952591.804749,0.00057506561279296875,0.034609879067047558,0.034801865284766934,0,-0.024609142453120049,0.38664278919430384,-0.045430920429412401,0.054320999999999994,0.0010349999999999999,0.176649,-2.9386806747529324,1.2294448316898456,-2.9018367742433324,0.054292709581692175,0.0010329350553878285,0.17656623947250244,-0.32517270218443561,-0.048120418850813647,0.94442953100996085,-0.079467750940932808,0.99656238770114336,0.023415464543462976,-0.94230971040017508,-0.06743762087305985,-0.3278789059645637,8.7486665703735825e-05,3.0078339913973524e-05
4.0100088119506836,1790952591.8097489,0.00059294700622558594,0.034609879067047558,0.034801865284766934,0,-0.024609142453120049,0.38664278919430384,-0.045430920429412401,0.054320999999999994,0.0010349999999999999,0.176649,-2.9386806747529324,1.2294448316898456,-2.9018367742433324,0.054292709581692175,0.0010329350553878285,0.17656623947250244,-0.32517270218443561,-0.048120418850813647,0.94442953100996085,-0.079467750940932808,0.99656238770114336,0.023415464543462976,-0.94230971040017508,-0.06743762087305985,-0.3278789059645637,8.7486665703735825e-05,3.0078339913973524e-05
4.0150089263916016,1790952591.814749,0.00060009956359863281,0.034609879067047558,0.034801865284766934,0,-0.024609142453120049,0.38664278919430384,-0.045430920429412401,0.054320999999999994,0.0010349999999999999,0.176649,-2.9386806747529324,1.2294448316898456,-2.9018367742433324,0.054292709581692175,0.0010329350553878285,0.17656623947250244,-0.32517270218443561,-0.048120418850813647,0.94442953100996085,-0.079467750940932808,0.99656238770114336,0.023415464543462976,-0.94230971040017508,-0.06743762087305985,-0.3278789059645637,8.7486665703735825e-05,3.0078339913973524e-05
4.0200109481811523,1790952591.819751,0.00060200691223144531,0.034609879067047558,0.034801865284766934,0,-0.024609142453120049,0.38664278919430384,-0.045430920429412401,0.054320999999999994,0.0010349999999999999,0.176649,-2.9386806747529324,1.2294448316898456,-2.9018367742433324,0.054292709581692175,0.0010329350553878285,0.17656623947250244,-0.32517270218443561,-0.048120418850813647,0.94442953100996085,-0.079467750940932808,0.99656238770114336,0.023415464543462976,-0.94230971040017508,-0.06743762087305985,-0.3278789059645637,8.7486665703735825e-05,3.0078339913973524e-05
4.0250339508056641,1790952591.824774,0.00062394142150878906,0.034609879067047558,0.034801865284766934,0,-0.024609142453120049,0.38664278919430384,-0.045430920429412401,0.054320999999999994,0.0010349999999999999,0.176649,-2.9386806747529324,1.2294448316898456,-2.9018367742433324,0.054292709581692175,0.0010329350553878285,0.17656623947250244,-0.32517270218443561,-0.048120418850813647,0.94442953100996085,-0.079467750940932808,0.99656238770114336,0.023415464543462976,-0.94230971040017508,-0.06743762087305985,-0.3278789059645637,8.7486665703735825e-05,3.0078339913973524e-05
4.0300090312957764,1790952591.8297491,0.00060009956359863281,0.034609879067047558,0.034801865284766934,0,-0.024609142453120049,0.38664278919430384,-0.045430920429412401,0.054320999999999994,0.0010349999999999999,0.176649,-2.9386806747529324,1.2294448316898456,-2.9018367742433324,0.054292709581692175,0.0010329350553878285,0.17656623947250244,-0.32517270218443561,-0.048120418850813647,0.94442953100996085,-0.079467750940932808,0.99656238770114336,0.023415464543462976,-0.94230971040017508,-0.06743762087305985,-0.3278789059645637,8.7486665703735825e-05,3.0078339913973524e-05
4.0350358486175537,1790952591.8347759,0.00062704086303710938,0.034609879067047558,0.034801865284766934,0,-0.024609142453120049,0.38664278919430384,-0.045430920429412401,0.054320999999999994,0.0010349999999999999,0.176649,-2.9386806747529324,1.2294448316898456,-2.9018367742433324,0.054292709581692175,0.0010329350553878285,0.17656623947250244,-0.32517270218443561,-0.048120418850813647,0.94442953100996085,-0.079467750940932808,0.99656238770114336,0.023415464543462976,-0.94230971040017508,-0.06743762087305985,-0.3278789059645637,8.7486665703735825e-05,3.0078339913973524e-05
4.0400090217590332,1790952591.8397491,0.00059914588928222656,0.034609879067047558,0.034801865284766934,0,-0.024609142453120049,0.38664278919430384,-0.045430920429412401,0.054320999999999994,0.0010349999999999999,0.176649,-2.9386806747529324,1.2294448316898456,-2.9018367742433324,0.054292709581692175,0.0010329350553878285,0.17656623947250244,-0.32517270218443561,-0.048120418850813647,0.94442953100996085,-0.079467750940932808,0.99656238770114336,0.023415464543462976,-0.94230971040017508,-0.06743762087305985,-0.3278789059645637,8.7486665703735825e-05,3.0078339913973524e-05
4.0450088977813721,1790952591.844749,0.00057506561279296875,0.034609879067047558,0.034801865284766934,0,-0.024609142453120049,0.38664278919430384,-0.045430920429412401,0.054320999999999994,0.0010349999999999999,0.176649,-2.9386806747529324,1.2294448316898456,-2.9018367742433324,0.054292709581692175,0.0010329350553878285,0.17656623947250244,-0.32517270218443561,-0.048120418850813647,0.94442953100996085,-0.079467750940932808,0.99656238770114336,0.023415464543462976,-0.94230971040017508,-0.06743762087305985,-0.3278789059645637,8.7486665703735825e-05,3.0078339913973524e-05
4.05000901222229,1790952591.8497491,0.00059914588928222656,0.034609879067047558,0.034801865284766934,0,-0.024609142453120049,0.38664278919430384,-0.045430920429412401,0.054320999999999994,0.0010349999999999999,0.176649,-2.9386806747529324,1.2294448316898456,-2.9018367742433324,0.054292709581692175,0.0010329350553878285,0.17656623947250244,-0.32517270218443561,-0.048120418850813647,0.94442953100996085,-0.079467750940932808,0.99656238770114336,0.023415464543462976,-0.94230971040017508,-0.06743762087305985,-0.3278789059645637,8.7486665703735825e-05,3.0078339913973524e-05
4.0550339221954346,1790952591.854774,0.00062394142150878906,0.034609879067047558,0.034801865284766934,0,-0.024609142453120049,0.38664278919430384,-0.045430920429412401,0.054320999999999994,0.0010349999999999999,0.176649,-2.9386806747529324,1.2294448316898456,-2.9018367742433324,0.054292709581692175,0.0010329350553878285,0.17656623947250244,-0.32517270218443561,-0.048120418850813647,0.94442953100996085,-0.079467750940932808,0.99656238770114336,0.023415464543462976,-0.94230971040017508,-0.06743762087305985,-0.3278789059645637,8.7486665703735825e-05,3.0078339913973524e-05
4.0600090026855469,1790952591.8597491,0.00060105323791503906,0.034609879067047558,0.034801865284766934,0,-0.024609142453120049,0.38664278919430384,-0.045430920429412401,0.054320999999999994,0.0010349999999999999,0.176649,-2.9386806747529324,1.2294448316898456,-2.9018367742433324,0.054292709581692175,0.0010329350553878285,0.17656623947250244,-0.32517270218443561,-0.048120418850813647,0.94442953100996085,-0.079467750940932808,0.99656238770114336,0.023415464543462976,-0.94230971040017508,-0.06743762087305985,-0.3278789059645637,8.7486665703735825e-05,3.0078339913973524e-05
4.0650119781494141,1790952591.8647521,0.00057697296142578125,0.034609879067047558,0.034801865284766934,0,-0.024609142453120049,0.38664278919430384,-0.045430920429412401,0.054320999999999994,0.0010349999999999999,0.176649,-2.9386806747529324,1.2294448316898456,-2.9018367742433324,0.054292709581692175,0.0010329350553878285,0.17656623947250244,-0.32517270218443561,-0.048120418850813647,0.94442953100996085,-0.079467750940932808,0.99656238770114336,0.023415464543462976,-0.94230971040017508,-0.06743762087305985,-0.3278789059645637,8.7486665703735825e-05,3.0078339913973524e-05
4.0700109004974365,1790952591.869751,0.00060105323791503906,0.034609879067047558,0.034801865284766934,0,-0.024609142453120049,0.38664278919430384,-0.045430920429412401,0.054320999999999994,0.0010349999999999999,0.176649,-2.9386806747529324,1.2294448316898456,-2.9018367742433324,0.054292709581692175,0.0010329350553878285,0.17656623947250244,-0.32517270218443561,-0.048120418850813647,0.94442953100996085,-0.079467750940932808,0.99656238770114336,0.023415464543462976,-0.94230971040017508,-0.06743762087305985,-0.3278789059645637,8.7486665703735825e-05,3.0078339913973524e-05
4.075009822845459,1790952591.8747499,0.0006008148193359375,0.034609879067047558,0.034801865284766934,0,-0.024609142453120049,0.38664278919430384,-0.045430920429412401,0.054320999999999994,0.0010349999999999999,0.176649,-2.9386806747529324,1.2294448316898456,-2.9018367742433324,0.054292709581692175,0.0010329350553878285,0.17656623947250244,-0.32517270218443561,-0.048120418850813647,0.94442953100996085,-0.079467750940932808,0.99656238770114336,0.023415464543462976,-0.94230971040017508,-0.06743762087305985,-0.3278789059645637,8.7486665703735825e-05,3.0078339913973524e-05
4.080009937286377,1790952591.87975,0.00060009956359863281,0.034609879067047558,0.034801865284766934,0,-0.024609142453120049,0.38664278919430384,-0.045430920429412401,0.054320999999999994,0.0010349999999999999,0.176649,-2.9386806747529324,1.2294448316898456,-2.9018367742433324,0.054292709581692175,0.0010329350553878285,0.17656623947250244,-0.32517270218443561,-0.048120418850813647,0.94442953100996085,-0.079467750940932808,0.99656238770114336,0.023415464543462976,-0.94230971040017508,-0.06743762087305985,-0.3278789059645637,8.7486665703735825e-05,3.0078339913973524e-05
4.0850098133087158,1790952591.8847499,0.00057578086853027344,0.034609879067047558,0.034801865284766934,0,-0.024609142453120049,0.38664278919430384,-0.045430920429412401,0.054320999999999994,0.0010349999999999999,0.176649,-2.9386806747529324,1.2294448316898456,-2.9018367742433324,0.054292709581692175,0.0010329350553878285,0.17656623947250244,-0.32517270218443561,-0.048120418850813647,0.94442953100996085,-0.079467750940932808,0.99656238770114336,0.023415464543462976,-0.94230971040017508,-0.06743762087305985,-0.3278789059645637,8.7486665703735825e-05,3.0078339913973524e-05
4.0900099277496338,1790952591.88975,0.000598907470703125,0.034609879067047558,0.034801865284766934,0,-0.024609142453120049,0.38664278919430384,-0.045430920429412401,0.054320999999999994,0.0010349999999999999,0.176649,-2.9386806747529324,1.2294448316898456,-2.9018367742433324,0.054292709581692175,0.0010329350553878285,0.17656623947250244,-0.32517270218443561,-0.048120418850813647,0.94442953100996085,-0.079467750940932808,0.99656238770114336,0.023415464543462976,-0.94230971040017508,-0.06743762087305985,-0.3278789059645637,8.7486665703735825e-05,3.0078339913973524e-05
4.0950100421905518,1790952591.8947501,0.00060009956359863281,0.034609879067047558,0.034801865284766934,0,-0.024609142453120049,0.38664278919430384,-0.045430920429412401,0.054320999999999994,0.0010349999999999999,0.176649,-2.9386806747529324,1.2294448316898456,-2.9018367742433324,0.054292709581692175,0.0010329350553878285,0.17656623947250244,-0.32517270218443561,-0.048120418850813647,0.94442953100996085,-0.079467750940932808,0.99656238770114336,0.023415464543462976,-0.94230971040017508,-0.06743762087305985,-0.3278789059645637,8.7486665703735825e-05,3.0078339913973524e-05
4.1000089645385742,1790952591.899749,0.00060105323791503906,0.034609879067047558,0.034801865284766934,0,-0.024609142453120049,0.38664278919430384,-0.045430920429412401,0.054320999999999994,0.0010349999999999999,0.176649,-2.9386806747529324,1.2294448316898456,-2.9018367742433324,0.054292709581692175,0.0010329350553878285,0.17656623947250244,-0.32517270218443561,-0.048120418850813647,0.94442953100996085,-0.079467750940932808,0.99656238770114336,0.023415464543462976,-0.94230971040017508,-0.06743762087305985,-0.3278789059645637,8.7486665703735825e-05,3.0078339913973524e-05
4.1050348281860352,1790952591.9047749,0.00062680244445800781,0.034609879067047558,0.034801865284766934,0,-0.024609142453120049,0.38664278919430384,-0.045430920429412401,0.054320999999999994,0.0010349999999999999,0.176649,-2.9386806747529324,1.2294448316898456,-2.9018367742433324,0.054292709581692175,0.0010329350553878285,0.17656623947250244,-0.32517270218443561,-0.048120418850813647,0.94442953100996085,-0.079467750940932808,0.99656238770114336,0.023415464543462976,-0.94230971040017508,-0.06743762087305985,-0.3278789059645637,8.7486665703735825e-05,3.0078339913973524e-05
4.1100099086761475,1790952591.90975,0.00060200691223144531,0.034609879067047558,0.034801865284766934,0,-0.024609142453120049,0.38664278919430384,-0.045430920429412401,0.054320999999999994,0.0010349999999999999,0.176649,-2.9386806747529324,1.2294448316898456,-2.9018367742433324,0.054292709581692175,0.0010329350553878285,0.17656623947250244,-0.32517270218443561,-0.048120418850813647,0.94442953100996085,-0.079467750940932808,0.99656238770114336,0.023415464543462976,-0.94230971040017508,-0.06743762087305985,-0.3278789059645637,8.7486665703735825e-05,3.0078339913973524e-05
4.115034818649292,1790952591.9147749,0.00062584877014160156,0.034609879067047558,0.034801865284766934,0,-0.024609142453120049,0.38664278919430384,-0.045430920429412401,0.054320999999999994,0.0010349999999999999,0.176649,-2.9386806747529324,1.2294448316898456,-2.9018367742433324,0.054292709581692175,0.0010329350553878285,0.17656623947250244,-0.32517270218443561,-0.048120418850813647,0.94442953100996085,-0.079467750940932808,0.99656238770114336,0.023415464543462976,-0.94230971040017508,-0.06743762087305985,-0.3278789059645637,8.7486665703735825e-05,3.0078339913973524e-05
4.1200079917907715,1790952591.9197481,0.00059914588928222656,0.034609879067047558,0.034801865284766934,0,-0.024609142453120049,0.38664278919430384,-0.045430920429412401,0.054320999999999994,0.0010349999999999999,0.176649,-2.9386806747529324,1.2294448316898456,-2.9018367742433324,0.054292709581692175,0.0010329350553878285,0.17656623947250244,-0.32517270218443561,-0.048120418850813647,0.94442953100996085,-0.079467750940932808,0.99656238770114336,0.023415464543462976,-0.94230971040017508,-0.06743762087305985,-0.3278789059645637,8.7486665703735825e-05,3.0078339913973524e-05
4.1250109672546387,1790952591.924751,0.000576019287109375,0.034609879067047558,0.034801865284766934,0,-0.024609142453120049,0.38664278919430384,-0.045430920429412401,0.054320999999999994,0.0010349999999999999,0.176649,-2.9386806747529324,1.2294448316898456,-2.9018367742433324,0.054292709581692175,0.0010329350553878285,0.17656623947250244,-0.32517270218443561,-0.048120418850813647,0.94442953100996085,-0.079467750940932808,0.99656238770114336,0.023415464543462976,-0.94230971040017508,-0.06743762087305985,-0.3278789059645637,8.7486665703735825e-05,3.0078339913973524e-05
4.1300089359283447,1790952591.929749,0.00060009956359863281,0.034609879067047558,0.034801865284766934,0,-0.024609142453120049,0.38664278919430384,-0.045430920429412401,0.054320999999999994,0.0010349999999999999,0.176649,-2.9386806747529324,1.2294448316898456,-2.9018367742433324,0.054292709581692175,0.0010329350553878285,0.17656623947250244,-0.32517270218443561,-0.048120418850813647,0.94442953100996085,-0.079467750940932808,0.99656238770114336,0.023415464543462976,-0.94230971040017508,-0.06743762087305985,-0.3278789059645637,8.7486665703735825e-05,3.0078339913973524e-05
4.1350388526916504,1790952591.9347789,0.00062298774719238281,0.034609879067047558,0.034801865284766934,0,-0.024609142453120049,0.38664278919430384,-0.045430920429412401,0.054320999999999994,0.0010349999999999999,0.176649,-2.9386806747529324,1.2294448316898456,-2.9018367742433324,0.054292709581692175,0.0010329350553878285,0.17656623947250244,-0.32517270218443561,-0.048120418850813647,0.94442953100996085,-0.079467750940932808,0.99656238770114336,0.023415464543462976,-0.94230971040017508,-0.06743762087305985,-0.3278789059645637,8.7486665703735825e-05,3.0078339913973524e-05
4.1400079727172852,1790952591.939748,0.00059914588928222656,0.034609879067047558,0.034801865284766934,0,-0.024609142453120049,0.38664278919430384,-0.045430920429412401,0.054320999999999994,0.0010349999999999999,0.176649,-2.9386806747529324,1.2294448316898456,-2.9018367742433324,0.054292709581692175,0.0010329350553878285,0.17656623947250244,-0.32517270218443561,-0.048120418850813647,0.94442953100996085,-0.079467750940932808,0.99656238770114336,0.023415464543462976,-0.94230971040017508,-0.06743762087305985,-0.3278789059645637,8.7486665703735825e-05,3.0078339913973524e-05
4.1450328826904297,1790952591.944773,0.00062489509582519531,0.034609879067047558,0.034801865284766934,0,-0.024609142453120049,0.38664278919430384,-0.045430920429412401,0.054320999999999994,0.0010349999999999999,0.176649,-2.9386806747529324,1.2294448316898456,-2.9018367742433324,0.054292709581692175,0.0010329350553878285,0.17656623947250244,-0.32517270218443561,-0.048120418850813647,0.94442953100996085,-0.079467750940932808,0.99656238770114336,0.023415464543462976,-0.94230971040017508,-0.06743762087305985,-0.3278789059645637,8.7486665703735825e-05,3.0078339913973524e-05
4.150007963180542,1790952591.949748,0.00060009956359863281,0.034609879067047558,0.034801865284766934,0,-0.024609142453120049,0.38664278919430384,-0.045430920429412401,0.054320999999999994,0.0010349999999999999,0.176649,-2.9386806747529324,1.2294448316898456,-2.9018367742433324,0.054292709581692175,0.0010329350553878285,0.17656623947250244,-0.32517270218443561,-0.048120418850813647,0.94442953100996085,-0.079467750940932808,0.99656238770114336,0.023415464543462976,-0.94230971040017508,-0.06743762087305985,-0.3278789059645637,8.7486665703735825e-05,3.0078339913973524e-05
4.1550078392028809,1790952591.9547479,0.000598907470703125,0.034609879067047558,0.034801865284766934,0,-0.024609142453120049,0.38664278919430384,-0.045430920429412401,0.054320999999999994,0.0010349999999999999,0.176649,-2.9386806747529324,1.2294448316898456,-2.9018367742433324,0.054292709581692175,0.0010329350553878285,0.17656623947250244,-0.32517270218443561,-0.048120418850813647,0.94442953100996085,-0.079467750940932808,0.99656238770114336,0.023415464543462976,-0.94230971040017508,-0.06743762087305985,-0.3278789059645637,8.7486665703735825e-05,3.0078339913973524e-05
4.1600079536437988,1790952591.959748,0.00060009956359863281,0.034609879067047558,0.034801865284766934,0,-0.024609142453120049,0.38664278919430384,-0.045430920429412401,0.054320999999999994,0.0010349999999999999,0.176649,-2.9386806747529324,1.2294448316898456,-2.9018367742433324,0.054292709581692175,0.0010329350553878285,0.17656623947250244,-0.32517270218443561,-0.048120418850813647,0.94442953100996085,-0.079467750940932808,0.99656238770114336,0.023415464543462976,-0.94230971040017508,-0.06743762087305985,-0.3278789059645637,8.7486665703735825e-05,3.0078339913973524e-05
4.1650338172912598,1790952591.9647739,0.0006008148193359375,0.034609879067047558,0.034801865284766934,0,-0.024609142453120049,0.38664278919430384,-0.045430920429412401,0.054320999999999994,0.0010349999999999999,0.176649,-2.9386806747529324,1.2294448316898456,-2.9018367742433324,0.054292709581692175,0.0010329350553878285,0.17656623947250244,-0.32517270218443561,-0.048120418850813647,0.94442953100996085,-0.079467750940932808,0.99656238770114336,0.023415464543462976,-0.94230971040017508,-0.06743762087305985,-0.3278789059645637,8.7486665703735825e-05,3.0078339913973524e-05
4.1700079441070557,1790952591.969748,0.000598907470703125,0.034609879067047558,0.034801865284766934,0,-0.024609142453120049,0.38664278919430384,-0.045430920429412401,0.054320999999999994,0.0010349999999999999,0.176649,-2.9386806747529324,1.2294448316898456,-2.9018367742433324,0.054292709581692175,0.0010329350553878285,0.17656623947250244,-0.32517270218443561,-0.048120418850813647,0.94442953100996085,-0.079467750940932808,0.99656238770114336,0.023415464543462976,-0.94230971040017508,-0.06743762087305985,-0.3278789059645637,8.7486665703735825e-05,3.0078339913973524e-05
4.1750078201293945,1790952591.9747479,0.00057482719421386719,0.034609879067047558,0.034801865284766934,0,-0.024609142453120049,0.38664278919430384,-0.045430920429412401,0.054320999999999994,0.0010349999999999999,0.176649,-2.9386806747529324,1.2294448316898456,-2.9018367742433324,0.054292709581692175,0.0010329350553878285,0.17656623947250244,-0.32517270218443561,-0.048120418850813647,0.94442953100996085,-0.079467750940932808,0.99656238770114336,0.023415464543462976,-0.94230971040017508,-0.06743762087305985,-0.3278789059645637,8.7486665703735825e-05,3.0078339913973524e-05
4.1800079345703125,1790952591.979748,0.0005970001220703125,0.034609879067047558,0.034801865284766934,0,-0.024609142453120049,0.38664278919430384,-0.045430920429412401,0.054320999999999994,0.0010349999999999999,0.176649,-2.9386806747529324,1.2294448316898456,-2.9018367742433324,0.054292709581692175,0.0010329350553878285,0.17656623947250244,-0.32517270218443561,-0.048120418850813647,0.94442953100996085,-0.079467750940932808,0.99656238770114336,0.023415464543462976,-0.94230971040017508,-0.06743762087305985,-0.3278789059645637,8.7486665703735825e-05,3.0078339913973524e-05
4.1850078105926514,1790952591.9847479,0.00057387351989746094,0.034609879067047558,0.034801865284766934,0,-0.024609142453120049,0.38664278919430384,-0.045430920429412401,0.054320999999999994,0.0010349999999999999,0.176649,-2.9386806747529324,1.2294448316898456,-2.9018367742433324,0.054292709581692175,0.0010329350553878285,0.17656623947250244,-0.32517270218443561,-0.048120418850813647,0.94442953100996085,-0.079467750940932808,0.99656238770114336,0.023415464543462976,-0.94230971040017508,-0.06743762087305985,-0.3278789059645637,8.7486665703735825e-05,3.0078339913973524e-05
4.1900079250335693,1790952591.989748,0.00060009956359863281,0.034609879067047558,0.034801865284766934,0,-0.024609142453120049,0.38664278919430384,-0.045430920429412401,0.054320999999999994,0.0010349999999999999,0.176649,-2.9386806747529324,1.2294448316898456,-2.9018367742433324,0.054292709581692175,0.0010329350553878285,0.17656623947250244,-0.32517270218443561,-0.048120418850813647,0.94442953100996085,-0.079467750940932808,0.99656238770114336,0.023415464543462976,-0.94230971040017508,-0.06743762087305985,-0.3278789059645637,8.7486665703735825e-05,3.0078339913973524e-05
4.1950349807739258,1790952591.9947751,0.00062513351440429688,0.034609879067047558,0.034801865284766934,0,-0.024609142453120049,0.38664278919430384,-0.045430920429412401,0.054320999999999994,0.0010349999999999999,0.176649,-2.9386806747529324,1.2294448316898456,-2.9018367742433324,0.054292709581692175,0.0010329350553878285,0.17656623947250244,-0.32517270218443561,-0.048120418850813647,0.94442953100996085,-0.079467750940932808,0.99656238770114336,0.023415464543462976,-0.94230971040017508,-0.06743762087305985,-0.3278789059645637,8.7486665703735825e-05,3.0078339913973524e-05
4.2000079154968262,1790952591.999748,0.00059795379638671875,0.034609879067047558,0.034801865284766934,0,-0.024609142453120049,0.38664278919430384,-0.045430920429412401,0.054320999999999994,0.0010349999999999999,0.176649,-2.9386806747529324,1.2294448316898456,-2.9018367742433324,0.054292709581692175,0.0010329350553878285,0.17656623947250244,-0.32517270218443561,-0.048120418850813647,0.94442953100996085,-0.079467750940932808,0.99656238770114336,0.023415464543462976,-0.94230971040017508,-0.06743762087305985,-0.3278789059645637,8.7486665703735825e-05,3.0078339913973524e-05
4.2050089836120605,1790952592.0047491,0.00057506561279296875,0.034609879067047558,0.034801865284766934,0,-0.024609142453120049,0.38664278919430384,-0.045430920429412401,0.054320999999999994,0.0010349999999999999,0.176649,-2.9386806747529324,1.2294448316898456,-2.9018367742433324,0.054292709581692175,0.0010329350553878285,0.17656623947250244,-0.32517270218443561,-0.048120418850813647,0.94442953100996085,-0.079467750940932808,0.99656238770114336,0.023415464543462976,-0.94230971040017508,-0.06743762087305985,-0.3278789059645637,8.7486665703735825e-05,3.0078339913973524e-05
4.210007905960083,1790952592.009748,0.00060009956359863281,0.034609879067047558,0.034801865284766934,0,-0.024609142453120049,0.38664278919430384,-0.045430920429412401,0.054320999999999994,0.0010349999999999999,0.176649,-2.9386806747529324,1.2294448316898456,-2.9018367742433324,0.054292709581692175,0.0010329350553878285,0.17656623947250244,-0.32517270218443561,-0.048120418850813647,0.94442953100996085,-0.079467750940932808,0.99656238770114336,0.023415464543462976,-0.94230971040017508,-0.06743762087305985,-0.3278789059645637,8.7486665703735825e-05,3.0078339913973524e-05
4.215034008026123,1790952592.0147741,0.00060009956359863281,0.034609879067047558,0.034801865284766934,0,-0.024609142453120049,0.38664278919430384,-0.045430920429412401,0.054320999999999994,0.0010349999999999999,0.176649,-2.9386806747529324,1.2294448316898456,-2.9018367742433324,0.054292709581692175,0.0010329350553878285,0.17656623947250244,-0.32517270218443561,-0.048120418850813647,0.94442953100996085,-0.079467750940932808,0.99656238770114336,0.023415464543462976,-0.94230971040017508,-0.06743762087305985,-0.3278789059645637,8.7486665703735825e-05,3.0078339913973524e-05
4.2200078964233398,1790952592.019748,0.00059986114501953125,0.034609879067047558,0.034801865284766934,0,-0.024609142453120049,0.38664278919430384,-0.045430920429412401,0.054320999999999994,0.0010349999999999999,0.176649,-2.9386806747529324,1.2294448316898456,-2.9018367742433324,0.054292709581692175,0.0010329350553878285,0.17656623947250244,-0.32517270218443561,-0.048120418850813647,0.94442953100996085,-0.079467750940932808,0.99656238770114336,0.023415464543462976,-0.94230971040017508,-0.06743762087305985,-0.3278789059645637,8.7486665703735825e-05,3.0078339913973524e-05
4.2250080108642578,1790952592.0247481,0.00057315826416015625,0.034609879067047558,0.034801865284766934,0,-0.024609142453120049,0.38664278919430384,-0.045430920429412401,0.054320999999999994,0.0010349999999999999,0.176649,-2.9386806747529324,1.2294448316898456,-2.9018367742433324,0.054292709581692175,0.0010329350553878285,0.17656623947250244,-0.32517270218443561,-0.048120418850813647,0.94442953100996085,-0.079467750940932808,0.99656238770114336,0.023415464543462976,-0.94230971040017508,-0.06743762087305985,-0.3278789059645637,8.7486665703735825e-05,3.0078339913973524e-05
4.2300078868865967,1790952592.029748,0.00059986114501953125,0.034609879067047558,0.034801865284766934,0,-0.024609142453120049,0.38664278919430384,-0.045430920429412401,0.054320999999999994,0.0010349999999999999,0.176649,-2.9386806747529324,1.2294448316898456,-2.9018367742433324,0.054292709581692175,0.0010329350553878285,0.17656623947250244,-0.32517270218443561,-0.048120418850813647,0.94442953100996085,-0.079467750940932808,0.99656238770114336,0.023415464543462976,-0.94230971040017508,-0.06743762087305985,-0.3278789059645637,8.7486665703735825e-05,3.0078339913973524e-05
4.2350080013275146,1790952592.0347481,0.0005741119384765625,0.034609879067047558,0.034801865284766934,0,-0.024609142453120049,0.38664278919430384,-0.045430920429412401,0.054320999999999994,0.0010349999999999999,0.176649,-2.9386806747529324,1.2294448316898456,-2.9018367742433324,0.054292709581692175,0.0010329350553878285,0.17656623947250244,-0.32517270218443561,-0.048120418850813647,0.94442953100996085,-0.079467750940932808,0.99656238770114336,0.023415464543462976,-0.94230971040017508,-0.06743762087305985,-0.3278789059645637,8.7486665703735825e-05,3.0078339913973524e-05
4.2400078773498535,1790952592.039748,0.00059986114501953125,0.034609879067047558,0.034801865284766934,0,-0.024609142453120049,0.38664278919430384,-0.045430920429412401,0.054320999999999994,0.0010349999999999999,0.176649,-2.9386806747529324,1.2294448316898456,-2.9018367742433324,0.054292709581692175,0.0010329350553878285,0.17656623947250244,-0.32517270218443561,-0.048120418850813647,0.94442953100996085,-0.079467750940932808,0.99656238770114336,0.023415464543462976,-0.94230971040017508,-0.06743762087305985,-0.3278789059645637,8.7486665703735825e-05,3.0078339913973524e-05
4.2450079917907715,1790952592.0447481,0.00057506561279296875,0.034609879067047558,0.034801865284766934,0,-0.024609142453120049,0.38664278919430384,-0.045430920429412401,0.054320999999999994,0.0010349999999999999,0.176649,-2.9386806747529324,1.2294448316898456,-2.9018367742433324,0.054292709581692175,0.0010329350553878285,0.17656623947250244,-0.32517270218443561,-0.048120418850813647,0.94442953100996085,-0.079467750940932808,0.99656238770114336,0.023415464543462976,-0.94230971040017508,-0.06743762087305985,-0.3278789059645637,8.7486665703735825e-05,3.0078339913973524e-05
4.2500069141387939,1790952592.049747,0.00060009956359863281,0.034609879067047558,0.034801865284766934,0,-0.024609142453120049,0.38664278919430384,-0.045430920429412401,0.054320999999999994,0.0010349999999999999,0.176649,-2.9386806747529324,1.2294448316898456,-2.9018367742433324,0.054292709581692175,0.0010329350553878285,0.17656623947250244,-0.32517270218443561,-0.048120418850813647,0.94442953100996085,-0.079467750940932808,0.99656238770114336,0.023415464543462976,-0.94230971040017508,-0.06743762087305985,-0.3278789059645637,8.7486665703735825e-05,3.0078339913973524e-05
4.255033016204834,1790952592.0547731,0.00060105323791503906,0.034609879067047558,0.034801865284766934,0,-0.024609142453120049,0.38664278919430384,-0.045430920429412401,0.054320999999999994,0.0010349999999999999,0.176649,-2.9386806747529324,1.2294448316898456,-2.9018367742433324,0.054292709581692175,0.0010329350553878285,0.17656623947250244,-0.32517270218443561,-0.048120418850813647,0.94442953100996085,-0.079467750940932808,0.99656238770114336,0.023415464543462976,-0.94230971040017508,-0.06743762087305985,-0.3278789059645637,8.7486665703735825e-05,3.0078339913973524e-05
4.2600078582763672,1790952592.0597479,0.00060105323791503906,0.034609879067047558,0.034801865284766934,0,-0.024609142453120049,0.38664278919430384,-0.045430920429412401,0.054320999999999994,0.0010349999999999999,0.176649,-2.9386806747529324,1.2294448316898456,-2.9018367742433324,0.054292709581692175,0.0010329350553878285,0.17656623947250244,-0.32517270218443561,-0.048120418850813647,0.94442953100996085,-0.079467750940932808,0.99656238770114336,0.023415464543462976,-0.94230971040017508,-0.06743762087305985,-0.3278789059645637,8.7486665703735825e-05,3.0078339913973524e-05
4.2650079727172852,1790952592.064748,0.00057506561279296875,0.034609879067047558,0.034801865284766934,0,-0.024609142453120049,0.38664278919430384,-0.045430920429412401,0.054320999999999994,0.0010349999999999999,0.176649,-2.9386806747529324,1.2294448316898456,-2.9018367742433324,0.054292709581692175,0.0010329350553878285,0.17656623947250244,-0.32517270218443561,-0.048120418850813647,0.94442953100996085,-0.079467750940932808,0.99656238770114336,0.023415464543462976,-0.94230971040017508,-0.06743762087305985,-0.3278789059645637,8.7486665703735825e-05,3.0078339913973524e-05
4.270007848739624,1790952592.0697479,0.00059986114501953125,0.034609879067047558,0.034801865284766934,0,-0.024609142453120049,0.38664278919430384,-0.045430920429412401,0.054320999999999994,0.0010349999999999999,0.176649,-2.9386806747529324,1.2294448316898456,-2.9018367742433324,0.054292709581692175,0.0010329350553878285,0.17656623947250244,-0.32517270218443561,-0.048120418850813647,0.94442953100996085,-0.079467750940932808,0.99656238770114336,0.023415464543462976,-0.94230971040017508,-0.06743762087305985,-0.3278789059645637,8.7486665703735825e-05,3.0078339913973524e-05
4.275007963180542,1790952592.074748,0.00057315826416015625,0.034609879067047558,0.034801865284766934,0,-0.024609142453120049,0.38664278919430384,-0.045430920429412401,0.054320999999999994,0.0010349999999999999,0.176649,-2.9386806747529324,1.2294448316898456,-2.9018367742433324,0.054292709581692175,0.0010329350553878285,0.17656623947250244,-0.32517270218443561,-0.048120418850813647,0.94442953100996085,-0.079467750940932808,0.99656238770114336,0.023415464543462976,-0.94230971040017508,-0.06743762087305985,-0.3278789059645637,8.7486665703735825e-05,3.0078339913973524e-05
4.2800078392028809,1790952592.0797479,0.000598907470703125,0.034609879067047558,0.034801865284766934,0,-0.024609142453120049,0.38664278919430384,-0.045430920429412401,0.054320999999999994,0.0010349999999999999,0.176649,-2.9386806747529324,1.2294448316898456,-2.9018367742433324,0.054292709581692175,0.0010329350553878285,0.17656623947250244,-0.32517270218443561,-0.048120418850813647,0.94442953100996085,-0.079467750940932808,0.99656238770114336,0.023415464543462976,-0.94230971040017508,-0.06743762087305985,-0.3278789059645637,8.7486665703735825e-05,3.0078339913973524e-05
4.2850320339202881,1790952592.0847721,0.00062513351440429688,0.034609879067047558,0.034801865284766934,0,-0.024609142453120049,0.38664278919430384,-0.045430920429412401,0.054320999999999994,0.0010349999999999999,0.176649,-2.9386806747529324,1.2294448316898456,-2.9018367742433324,0.054292709581692175,0.0010329350553878285,0.17656623947250244,-0.32517270218443561,-0.048120418850813647,0.94442953100996085,-0.079467750940932808,0.99656238770114336,0.023415464543462976,-0.94230971040017508,-0.06743762087305985,-0.3278789059645637,8.7486665703735825e-05,3.0078339913973524e-05
4.2900099754333496,1790952592.0897501,0.00060105323791503906,0.034609879067047558,0.034801865284766934,0,-0.024609142453120049,0.38664278919430384,-0.045430920429412401,0.054320999999999994,0.0010349999999999999,0.176649,-2.9386806747529324,1.2294448316898456,-2.9018367742433324,0.054292709581692175,0.0010329350553878285,0.17656623947250244,-0.32517270218443561,-0.048120418850813647,0.94442953100996085,-0.079467750940932808,0.99656238770114336,0.023415464543462976,-0.94230971040017508,-0.06743762087305985,-0.3278789059645637,8.7486665703735825e-05,3.0078339913973524e-05
4.2950329780578613,1790952592.0947731,0.00060009956359863281,0.034609879067047558,0.034801865284766934,0,-0.024609142453120049,0.38664278919430384,-0.045430920429412401,0.054320999999999994,0.0010349999999999999,0.176649,-2.9386806747529324,1.2294448316898456,-2.9018367742433324,0.054292709581692175,0.0010329350553878285,0.17656623947250244,-0.32517270218443561,-0.048120418850813647,0.94442953100996085,-0.079467750940932808,0.99656238770114336,0.023415464543462976,-0.94230971040017508,-0.06743762087305985,-0.3278789059645637,8.7486665703735825e-05,3.0078339913973524e-05
4.3000078201293945,1790952592.0997479,0.00059795379638671875,0.034609879067047558,0.034801865284766934,0,-0.024609142453120049,0.38664278919430384,-0.045430920429412401,0.054320999999999994,0.0010349999999999999,0.176649,-2.9386806747529324,1.2294448316898456,-2.9018367742433324,0.054292709581692175,0.0010329350553878285,0.17656623947250244,-0.32517270218443561,-0.048120418850813647,0.94442953100996085,-0.079467750940932808,0.99656238770114336,0.023415464543462976,-0.94230971040017508,-0.06743762087305985,-0.3278789059645637,8.7486665703735825e-05,3.0078339913973524e-05
4.30501389503479,1790952592.104754,0.00060606002807617188,0.034609879067047558,0.034801865284766934,0,-0.024609142453120049,0.38664278919430384,-0.045430920429412401,0.054320999999999994,0.0010349999999999999,0.176649,-2.9386806747529324,1.2294448316898456,-2.9018367742433324,0.054292709581692175,0.0010329350553878285,0.17656623947250244,-0.32517270218443561,-0.048120418850813647,0.94442953100996085,-0.079467750940932808,0.99656238770114336,0.023415464543462976,-0.94230971040017508,-0.06743762087305985,-0.3278789059645637,8.7486665703735825e-05,3.0078339913973524e-05
4.310006856918335,1790952592.1097469,0.00059986114501953125,0.034609879067047558,0.034801865284766934,0,-0.024609142453120049,0.38664278919430384,-0.045430920429412401,0.054320999999999994,0.0010349999999999999,0.176649,-2.9386806747529324,1.2294448316898456,-2.9018367742433324,0.054292709581692175,0.0010329350553878285,0.17656623947250244,-0.32517270218443561,-0.048120418850813647,0.94442953100996085,-0.079467750940932808,0.99656238770114336,0.023415464543462976,-0.94230971040017508,-0.06743762087305985,-0.3278789059645637,8.7486665703735825e-05,3.0078339913973524e-05
4.315032958984375,1790952592.114773,0.00062298774719238281,0.034609879067047558,0.034801865284766934,0,-0.024609142453120049,0.38664278919430384,-0.045430920429412401,0.054320999999999994,0.0010349999999999999,0.176649,-2.9386806747529324,1.2294448316898456,-2.9018367742433324,0.054292709581692175,0.0010329350553878285,0.17656623947250244,-0.32517270218443561,-0.048120418850813647,0.94442953100996085,-0.079467750940932808,0.99656238770114336,0.023415464543462976,-0.94230971040017508,-0.06743762087305985,-0.3278789059645637,8.7486665703735825e-05,3.0078339913973524e-05
4.3200080394744873,1790952592.1197481,0.00060009956359863281,0.034609879067047558,0.034801865284766934,0,-0.024609142453120049,0.38664278919430384,-0.045430920429412401,0.054320999999999994,0.0010349999999999999,0.176649,-2.9386806747529324,1.2294448316898456,-2.9018367742433324,0.054292709581692175,0.0010329350553878285,0.17656623947250244,-0.32517270218443561,-0.048120418850813647,0.94442953100996085,-0.079467750940932808,0.99656238770114336,0.023415464543462976,-0.94230971040017508,-0.06743762087305985,-0.3278789059645637,8.7486665703735825e-05,3.0078339913973524e-05
4.3250348567962646,1790952592.1247749,0.00062799453735351562,0.034609879067047558,0.034801865284766934,0,-0.024609142453120049,0.38664278919430384,-0.045430920429412401,0.054320999999999994,0.0010349999999999999,0.176649,-2.9386806747529324,1.2294448316898456,-2.9018367742433324,0.054292709581692175,0.0010329350553878285,0.17656623947250244,-0.32517270218443561,-0.048120418850813647,0.94442953100996085,-0.079467750940932808,0.99656238770114336,0.023415464543462976,-0.94230971040017508,-0.06743762087305985,-0.3278789059645637,8.7486665703735825e-05,3.0078339913973524e-05
4.3300080299377441,1790952592.1297481,0.00060009956359863281,0.034609879067047558,0.034801865284766934,0,-0.024609142453120049,0.38664278919430384,-0.045430920429412401,0.054320999999999994,0.0010349999999999999,0.176649,-2.9386806747529324,1.2294448316898456,-2.9018367742433324,0.054292709581692175,0.0010329350553878285,0.17656623947250244,-0.32517270218443561,-0.048120418850813647,0.94442953100996085,-0.079467750940932808,0.99656238770114336,0.023415464543462976,-0.94230971040017508,-0.06743762087305985,-0.3278789059645637,8.7486665703735825e-05,3.0078339913973524e-05
4.3350319862365723,1790952592.1347721,0.00061798095703125,0.034609879067047558,0.034801865284766934,0,-0.024609142453120049,0.38664278919430384,-0.045430920429412401,0.054320999999999994,0.0010349999999999999,0.176649,-2.9386806747529324,1.2294448316898456,-2.9018367742433324,0.054292709581692175,0.0010329350553878285,0.17656623947250244,-0.32517270218443561,-0.048120418850813647,0.94442953100996085,-0.079467750940932808,0.99656238770114336,0.023415464543462976,-0.94230971040017508,-0.06743762087305985,-0.3278789059645637,8.7486665703735825e-05,3.0078339913973524e-05
4.3400068283081055,1790952592.1397469,0.00059580802917480469,0.034609879067047558,0.034801865284766934,0,-0.024609142453120049,0.38664278919430384,-0.045430920429412401,0.054320999999999994,0.0010349999999999999,0.176649,-2.9386806747529324,1.2294448316898456,-2.9018367742433324,0.054292709581692175,0.0010329350553878285,0.17656623947250244,-0.32517270218443561,-0.048120418850813647,0.94442953100996085,-0.079467750940932808,0.99656238770114336,0.023415464543462976,-0.94230971040017508,-0.06743762087305985,-0.3278789059645637,8.7486665703735825e-05,3.0078339913973524e-05
4.3450319766998291,1790952592.1447721,0.00062513351440429688,0.034609879067047558,0.034801865284766934,0,-0.024609142453120049,0.38664278919430384,-0.045430920429412401,0.054320999999999994,0.0010349999999999999,0.176649,-2.9386806747529324,1.2294448316898456,-2.9018367742433324,0.054292709581692175,0.0010329350553878285,0.17656623947250244,-0.32517270218443561,-0.048120418850813647,0.94442953100996085,-0.079467750940932808,0.99656238770114336,0.023415464543462976,-0.94230971040017508,-0.06743762087305985,-0.3278789059645637,8.7486665703735825e-05,3.0078339913973524e-05
4.3500068187713623,1790952592.1497469,0.000598907470703125,0.034609879067047558,0.034801865284766934,0,-0.024609142453120049,0.38664278919430384,-0.045430920429412401,0.054320999999999994,0.0010349999999999999,0.176649,-2.9386806747529324,1.2294448316898456,-2.9018367742433324,0.054292709581692175,0.0010329350553878285,0.17656623947250244,-0.32517270218443561,-0.048120418850813647,0.94442953100996085,-0.079467750940932808,0.99656238770114336,0.023415464543462976,-0.94230971040017508,-0.06743762087305985,-0.3278789059645637,8.7486665703735825e-05,3.0078339913973524e-05
4.3550338745117188,1790952592.154774,0.000598907470703125,0.034609879067047558,0.034801865284766934,0,-0.024609142453120049,0.38664278919430384,-0.045430920429412401,0.054320999999999994,0.0010349999999999999,0.176649,-2.9386806747529324,1.2294448316898456,-2.9018367742433324,0.054292709581692175,0.0010329350553878285,0.17656623947250244,-0.32517270218443561,-0.048120418850813647,0.94442953100996085,-0.079467750940932808,0.99656238770114336,0.023415464543462976,-0.94230971040017508,-0.06743762087305985,-0.3278789059645637,8.7486665703735825e-05,3.0078339913973524e-05
4.3600068092346191,1790952592.1597469,0.000598907470703125,0.034609879067047558,0.034801865284766934,0,-0.024609142453120049,0.38664278919430384,-0.045430920429412401,0.054320999999999994,0.0010349999999999999,0.176649,-2.9386806747529324,1.2294448316898456,-2.9018367742433324,0.054292709581692175,0.0010329350553878285,0.17656623947250244,-0.32517270218443561,-0.048120418850813647,0.94442953100996085,-0.079467750940932808,0.99656238770114336,0.023415464543462976,-0.94230971040017508,-0.06743762087305985,-0.3278789059645637,8.7486665703735825e-05,3.0078339913973524e-05
4.3650338649749756,1790952592.1647739,0.000598907470703125,0.034609879067047558,0.034801865284766934,0,-0.024609142453120049,0.38664278919430384,-0.045430920429412401,0.054320999999999994,0.0010349999999999999,0.176649,-2.9386806747529324,1.2294448316898456,-2.9018367742433324,0.054292709581692175,0.0010329350553878285,0.17656623947250244,-0.32517270218443561,-0.048120418850813647,0.94442953100996085,-0.079467750940932808,0.99656238770114336,0.023415464543462976,-0.94230971040017508,-0.06743762087305985,-0.3278789059645637,8.7486665703735825e-05,3.0078339913973524e-05
4.3700089454650879,1790952592.169749,0.00060200691223144531,0.034609879067047558,0.034801865284766934,0,-0.024609142453120049,0.38664278919430384,-0.045430920429412401,0.054320999999999994,0.0010349999999999999,0.176649,-2.9386806747529324,1.2294448316898456,-2.9018367742433324,0.054292709581692175,0.0010329350553878285,0.17656623947250244,-0.32517270218443561,-0.048120418850813647,0.94442953100996085,-0.079467750940932808,0.99656238770114336,0.023415464543462976,-0.94230971040017508,-0.06743762087305985,-0.3278789059645637,8.7486665703735825e-05,3.0078339913973524e-05
4.375032901763916,1790952592.174773,0.00062489509582519531,0.034609879067047558,0.034801865284766934,0,-0.024609142453120049,0.38664278919430384,-0.045430920429412401,0.054320999999999994,0.0010349999999999999,0.176649,-2.9386806747529324,1.2294448316898456,-2.9018367742433324,0.054292709581692175,0.0010329350553878285,0.17656623947250244,-0.32517270218443561,-0.048120418850813647,0.94442953100996085,-0.079467750940932808,0.99656238770114336,0.023415464543462976,-0.94230971040017508,-0.06743762087305985,-0.3278789059645637,8.7486665703735825e-05,3.0078339913973524e-05
4.3800079822540283,1790952592.1797481,0.00060105323791503906,0.034609879067047558,0.034801865284766934,0,-0.024609142453120049,0.38664278919430384,-0.045430920429412401,0.054320999999999994,0.0010349999999999999,0.176649,-2.9386806747529324,1.2294448316898456,-2.9018367742433324,0.054292709581692175,0.0010329350553878285,0.17656623947250244,-0.32517270218443561,-0.048120418850813647,0.94442953100996085,-0.079467750940932808,0.99656238770114336,0.023415464543462976,-0.94230971040017508,-0.06743762087305985,-0.3278789059645637,8.7486665703735825e-05,3.0078339913973524e-05
4.3850069046020508,1790952592.184747,0.00059795379638671875,0.034609879067047558,0.034801865284766934,0,-0.024609142453120049,0.38664278919430384,-0.045430920429412401,0.054320999999999994,0.0010349999999999999,0.176649,-2.9386806747529324,1.2294448316898456,-2.9018367742433324,0.054292709581692175,0.0010329350553878285,0.17656623947250244,-0.32517270218443561,-0.048120418850813647,0.94442953100996085,-0.079467750940932808,0.99656238770114336,0.023415464543462976,-0.94230971040017508,-0.06743762087305985,-0.3278789059645637,8.7486665703735825e-05,3.0078339913973524e-05
4.3900089263916016,1790952592.189749,0.00060009956359863281,0.034609879067047558,0.034801865284766934,0,-0.024609142453120049,0.38664278919430384,-0.045430920429412401,0.054320999999999994,0.0010349999999999999,0.176649,-2.9386806747529324,1.2294448316898456,-2.9018367742433324,0.054292709581692175,0.0010329350553878285,0.17656623947250244,-0.32517270218443561,-0.048120418850813647,0.94442953100996085,-0.079467750940932808,0.99656238770114336,0.023415464543462976,-0.94230971040017508,-0.06743762087305985,-0.3278789059645637,8.7486665703735825e-05,3.0078339913973524e-05
4.3950319290161133,1790952592.194772,0.000598907470703125,0.034609879067047558,0.034801865284766934,0,-0.024609142453120049,0.38664278919430384,-0.045430920429412401,0.054320999999999994,0.0010349999999999999,0.176649,-2.9386806747529324,1.2294448316898456,-2.9018367742433324,0.054292709581692175,0.0010329350553878285,0.17656623947250244,-0.32517270218443561,-0.048120418850813647,0.94442953100996085,-0.079467750940932808,0.99656238770114336,0.023415464543462976,-0.94230971040017508,-0.06743762087305985,-0.3278789059645637,8.7486665703735825e-05,3.0078339913973524e-05
4.400007963180542,1790952592.199748,0.00060105323791503906,0.034609879067047558,0.034801865284766934,0,-0.024609142453120049,0.38664278919430384,-0.045430920429412401,0.054320999999999994,0.0010349999999999999,0.176649,-2.9386806747529324,1.2294448316898456,-2.9018367742433324,0.054292709581692175,0.0010329350553878285,0.17656623947250244,-0.32517270218443561,-0.048120418850813647,0.94442953100996085,-0.079467750940932808,0.99656238770114336,0.023415464543462976,-0.94230971040017508,-0.06743762087305985,-0.3278789059645637,8.7486665703735825e-05,3.0078339913973524e-05
4.4050090312957764,1790952592.2047491,0.000576019287109375,0.034609879067047558,0.034801865284766934,0,-0.024609142453120049,0.38664278919430384,-0.045430920429412401,0.054320999999999994,0.0010349999999999999,0.176649,-2.9386806747529324,1.2294448316898456,-2.9018367742433324,0.054292709581692175,0.0010329350553878285,0.17656623947250244,-0.32517270218443561,-0.048120418850813647,0.94442953100996085,-0.079467750940932808,0.99656238770114336,0.023415464543462976,-0.94230971040017508,-0.06743762087305985,-0.3278789059645637,8.7486665703735825e-05,3.0078339913973524e-05
4.4100089073181152,1790952592.209749,0.00059795379638671875,0.034609879067047558,0.034801865284766934,0,-0.024609142453120049,0.38664278919430384,-0.045430920429412401,0.054320999999999994,0.0010349999999999999,0.176649,-2.9386806747529324,1.2294448316898456,-2.9018367742433324,0.054292709581692175,0.0010329350553878285,0.17656623947250244,-0.32517270218443561,-0.048120418850813647,0.94442953100996085,-0.079467750940932808,0.99656238770114336,0.023415464543462976,-0.94230971040017508,-0.06743762087305985,-0.3278789059645637,8.7486665703735825e-05,3.0078339913973524e-05
4.4150328636169434,1790952592.2147729,0.00059604644775390625,0.034609879067047558,0.034801865284766934,0,-0.024609142453120049,0.38664278919430384,-0.045430920429412401,0.054320999999999994,0.0010349999999999999,0.176649,-2.9386806747529324,1.2294448316898456,-2.9018367742433324,0.054292709581692175,0.0010329350553878285,0.17656623947250244,-0.32517270218443561,-0.048120418850813647,0.94442953100996085,-0.079467750940932808,0.99656238770114336,0.023415464543462976,-0.94230971040017508,-0.06743762087305985,-0.3278789059645637,8.7486665703735825e-05,3.0078339913973524e-05
4.4200088977813721,1790952592.219749,0.00059986114501953125,0.034609879067047558,0.034801865284766934,0,-0.024609142453120049,0.38664278919430384,-0.045430920429412401,0.054320999999999994,0.0010349999999999999,0.176649,-2.9386806747529324,1.2294448316898456,-2.9018367742433324,0.054292709581692175,0.0010329350553878285,0.17656623947250244,-0.32517270218443561,-0.048120418850813647,0.94442953100996085,-0.079467750940932808,0.99656238770114336,0.023415464543462976,-0.94230971040017508,-0.06743762087305985,-0.3278789059645637,8.7486665703735825e-05,3.0078339913973524e-05
4.4250319004058838,1790952592.224772,0.00062298774719238281,0.034609879067047558,0.034801865284766934,0,-0.024609142453120049,0.38664278919430384,-0.045430920429412401,0.054320999999999994,0.0010349999999999999,0.176649,-2.9386806747529324,1.2294448316898456,-2.9018367742433324,0.054292709581692175,0.0010329350553878285,0.17656623947250244,-0.32517270218443561,-0.048120418850813647,0.94442953100996085,-0.079467750940932808,0.99656238770114336,0.023415464543462976,-0.94230971040017508,-0.06743762087305985,-0.3278789059645637,8.7486665703735825e-05,3.0078339913973524e-05
4.4300088882446289,1790952592.229749,0.00060105323791503906,0.034609879067047558,0.034801865284766934,0,-0.024609142453120049,0.38664278919430384,-0.045430920429412401,0.054320999999999994,0.0010349999999999999,0.176649,-2.9386806747529324,1.2294448316898456,-2.9018367742433324,0.054292709581692175,0.0010329350553878285,0.17656623947250244,-0.32517270218443561,-0.048120418850813647,0.94442953100996085,-0.079467750940932808,0.99656238770114336,0.023415464543462976,-0.94230971040017508,-0.06743762087305985,-0.3278789059645637,8.7486665703735825e-05,3.0078339913973524e-05
4.4350340366363525,1790952592.2347741,0.00060200691223144531,0.034609879067047558,0.034801865284766934,0,-0.024609142453120049,0.38664278919430384,-0.045430920429412401,0.054320999999999994,0.0010349999999999999,0.176649,-2.9386806747529324,1.2294448316898456,-2.9018367742433324,0.054292709581692175,0.0010329350553878285,0.17656623947250244,-0.32517270218443561,-0.048120418850813647,0.94442953100996085,-0.079467750940932808,0.99656238770114336,0.023415464543462976,-0.94230971040017508,-0.06743762087305985,-0.3278789059645637,8.7486665703735825e-05,3.0078339913973524e-05
4.4400079250335693,1790952592.239748,0.00060009956359863281,0.034609879067047558,0.034801865284766934,0,-0.024609142453120049,0.38664278919430384,-0.045430920429412401,0.054320999999999994,0.0010349999999999999,0.176649,-2.9386806747529324,1.2294448316898456,-2.9018367742433324,0.054292709581692175,0.0010329350553878285,0.17656623947250244,-0.32517270218443561,-0.048120418850813647,0.94442953100996085,-0.079467750940932808,0.99656238770114336,0.023415464543462976,-0.94230971040017508,-0.06743762087305985,-0.3278789059645637,8.7486665703735825e-05,3.0078339913973524e-05
4.4450089931488037,1790952592.2447491,0.000576019287109375,0.034609879067047558,0.034801865284766934,0,-0.024609142453120049,0.38664278919430384,-0.045430920429412401,0.054320999999999994,0.0010349999999999999,0.176649,-2.9386806747529324,1.2294448316898456,-2.9018367742433324,0.054292709581692175,0.0010329350553878285,0.17656623947250244,-0.32517270218443561,-0.048120418850813647,0.94442953100996085,-0.079467750940932808,0.99656238770114336,0.023415464543462976,-0.94230971040017508,-0.06743762087305985,-0.3278789059645637,8.7486665703735825e-05,3.0078339913973524e-05
4.4500069618225098,1790952592.249747,0.00060296058654785156,0.034609879067047558,0.034801865284766934,0,-0.024609142453120049,0.38664278919430384,-0.045430920429412401,0.054320999999999994,0.0010349999999999999,0.176649,-2.9386806747529324,1.2294448316898456,-2.9018367742433324,0.054292709581692175,0.0010329350553878285,0.17656623947250244,-0.32517270218443561,-0.048120418850813647,0.94442953100996085,-0.079467750940932808,0.99656238770114336,0.023415464543462976,-0.94230971040017508,-0.06743762087305985,-0.3278789059645637,8.7486665703735825e-05,3.0078339913973524e-05
4.4550328254699707,1790952592.2547729,0.0006008148193359375,0.034609879067047558,0.034801865284766934,0,-0.024609142453120049,0.38664278919430384,-0.045430920429412401,0.054320999999999994,0.0010349999999999999,0.176649,-2.9386806747529324,1.2294448316898456,-2.9018367742433324,0.054292709581692175,0.0010329350553878285,0.17656623947250244,-0.32517270218443561,-0.048120418850813647,0.94442953100996085,-0.079467750940932808,0.99656238770114336,0.023415464543462976,-0.94230971040017508,-0.06743762087305985,-0.3278789059645637,8.7486665703735825e-05,3.0078339913973524e-05
4.4600088596343994,1790952592.2597489,0.00060296058654785156,0.034609879067047558,0.034801865284766934,0,-0.024609142453120049,0.38664278919430384,-0.045430920429412401,0.054320999999999994,0.0010349999999999999,0.176649,-2.9386806747529324,1.2294448316898456,-2.9018367742433324,0.054292709581692175,0.0010329350553878285,0.17656623947250244,-0.32517270218443561,-0.048120418850813647,0.94442953100996085,-0.079467750940932808,0.99656238770114336,0.023415464543462976,-0.94230971040017508,-0.06743762087305985,-0.3278789059645637,8.7486665703735825e-05,3.0078339913973524e-05
4.465034008026123,1790952592.2647741,0.00062704086303710938,0.034609879067047558,0.034801865284766934,0,-0.024609142453120049,0.38664278919430384,-0.045430920429412401,0.054320999999999994,0.0010349999999999999,0.176649,-2.9386806747529324,1.2294448316898456,-2.9018367742433324,0.054292709581692175,0.0010329350553878285,0.17656623947250244,-0.32517270218443561,-0.048120418850813647,0.94442953100996085,-0.079467750940932808,0.99656238770114336,0.023415464543462976,-0.94230971040017508,-0.06743762087305985,-0.3278789059645637,8.7486665703735825e-05,3.0078339913973524e-05
4.4700078964233398,1790952592.269748,0.0005970001220703125,0.034609879067047558,0.034801865284766934,0,-0.024609142453120049,0.38664278919430384,-0.045430920429412401,0.054320999999999994,0.0010349999999999999,0.176649,-2.9386806747529324,1.2294448316898456,-2.9018367742433324,0.054292709581692175,0.0010329350553878285,0.17656623947250244,-0.32517270218443561,-0.048120418850813647,0.94442953100996085,-0.079467750940932808,0.99656238770114336,0.023415464543462976,-0.94230971040017508,-0.06743762087305985,-0.3278789059645637,8.7486665703735825e-05,3.0078339913973524e-05
4.4750328063964844,1790952592.2747729,0.00062680244445800781,0.034609879067047558,0.034801865284766934,0,-0.024609142453120049,0.38664278919430384,-0.045430920429412401,0.054320999999999994,0.0010349999999999999,0.176649,-2.9386806747529324,1.2294448316898456,-2.9018367742433324,0.054292709581692175,0.0010329350553878285,0.17656623947250244,-0.32517270218443561,-0.048120418850813647,0.94442953100996085,-0.079467750940932808,0.99656238770114336,0.023415464543462976,-0.94230971040017508,-0.06743762087305985,-0.3278789059645637,8.7486665703735825e-05,3.0078339913973524e-05
4.4800069332122803,1790952592.279747,0.00060105323791503906,0.034609879067047558,0.034801865284766934,0,-0.024609142453120049,0.38664278919430384,-0.045430920429412401,0.054320999999999994,0.0010349999999999999,0.176649,-2.9386806747529324,1.2294448316898456,-2.9018367742433324,0.054292709581692175,0.0010329350553878285,0.17656623947250244,-0.32517270218443561,-0.048120418850813647,0.94442953100996085,-0.079467750940932808,0.99656238770114336,0.023415464543462976,-0.94230971040017508,-0.06743762087305985,-0.3278789059645637,8.7486665703735825e-05,3.0078339913973524e-05
4.4850068092346191,1790952592.2847469,0.00059986114501953125,0.034609879067047558,0.034801865284766934,0,-0.024609142453120049,0.38664278919430384,-0.045430920429412401,0.054320999999999994,0.0010349999999999999,0.176649,-2.9386806747529324,1.2294448316898456,-2.9018367742433324,0.054292709581692175,0.0010329350553878285,0.17656623947250244,-0.32517270218443561,-0.048120418850813647,0.94442953100996085,-0.079467750940932808,0.99656238770114336,0.023415464543462976,-0.94230971040017508,-0.06743762087305985,-0.3278789059645637,8.7486665703735825e-05,3.0078339913973524e-05
4.4900100231170654,1790952592.2897501,0.00060105323791503906,0.034609879067047558,0.034801865284766934,0,-0.024609142453120049,0.38664278919430384,-0.045430920429412401,0.054320999999999994,0.0010349999999999999,0.176649,-2.9386806747529324,1.2294448316898456,-2.9018367742433324,0.054292709581692175,0.0010329350553878285,0.17656623947250244,-0.32517270218443561,-0.048120418850813647,0.94442953100996085,-0.079467750940932808,0.99656238770114336,0.023415464543462976,-0.94230971040017508,-0.06743762087305985,-0.3278789059645637,8.7486665703735825e-05,3.0078339913973524e-05
4.4950358867645264,1790952592.294776,0.00060391426086425781,0.034609879067047558,0.034801865284766934,0,-0.024609142453120049,0.38664278919430384,-0.045430920429412401,0.054320999999999994,0.0010349999999999999,0.176649,-2.9386806747529324,1.2294448316898456,-2.9018367742433324,0.054292709581692175,0.0010329350553878285,0.17656623947250244,-0.32517270218443561,-0.048120418850813647,0.94442953100996085,-0.079467750940932808,0.99656238770114336,0.023415464543462976,-0.94230971040017508,-0.06743762087305985,-0.3278789059645637,8.7486665703735825e-05,3.0078339913973524e-05
4.5000088214874268,1790952592.2997489,0.00059986114501953125,0.034609879067047558,0.034801865284766934,0,-0.024609142453120049,0.38664278919430384,-0.045430920429412401,0.054320999999999994,0.0010349999999999999,0.176649,-2.9386806747529324,1.2294448316898456,-2.9018367742433324,0.054292709581692175,0.0010329350553878285,0.17656623947250244,-0.32517270218443561,-0.048120418850813647,0.94442953100996085,-0.079467750940932808,0.99656238770114336,0.023415464543462976,-0.94230971040017508,-0.06743762087305985,-0.3278789059645637,8.7486665703735825e-05,3.0078339913973524e-05
4.505033016204834,1790952592.3047731,0.00060009956359863281,0.034609879067047558,0.034801865284766934,0,-0.024609142453120049,0.38664278919430384,-0.045430920429412401,0.054320999999999994,0.0010349999999999999,0.176649,-2.9386806747529324,1.2294448316898456,-2.9018367742433324,0.054292709581692175,0.0010329350553878285,0.17656623947250244,-0.32517270218443561,-0.048120418850813647,0.94442953100996085,-0.079467750940932808,0.99656238770114336,0.023415464543462976,-0.94230971040017508,-0.06743762087305985,-0.3278789059645637,8.7486665703735825e-05,3.0078339913973524e-05
4.5100069046020508,1790952592.309747,0.00059604644775390625,0.034609879067047558,0.034801865284766934,0,-0.024609142453120049,0.38664278919430384,-0.045430920429412401,0.054320999999999994,0.0010349999999999999,0.176649,-2.9386806747529324,1.2294448316898456,-2.9018367742433324,0.054292709581692175,0.0010329350553878285,0.17656623947250244,-0.32517270218443561,-0.048120418850813647,0.94442953100996085,-0.079467750940932808,0.99656238770114336,0.023415464543462976,-0.94230971040017508,-0.06743762087305985,-0.3278789059645637,8.7486665703735825e-05,3.0078339913973524e-05
4.5150318145751953,1790952592.3147719,0.00062298774719238281,0.034609879067047558,0.034801865284766934,0,-0.024609142453120049,0.38664278919430384,-0.045430920429412401,0.054320999999999994,0.0010349999999999999,0.176649,-2.9386806747529324,1.2294448316898456,-2.9018367742433324,0.054292709581692175,0.0010329350553878285,0.17656623947250244,-0.32517270218443561,-0.048120418850813647,0.94442953100996085,-0.079467750940932808,0.99656238770114336,0.023415464543462976,-0.94230971040017508,-0.06743762087305985,-0.3278789059645637,8.7486665703735825e-05,3.0078339913973524e-05
4.5200128555297852,1790952592.3197529,0.00060582160949707031,0.034609879067047558,0.034801865284766934,0,-0.024609142453120049,0.38664278919430384,-0.045430920429412401,0.054320999999999994,0.0010349999999999999,0.176649,-2.9386806747529324,1.2294448316898456,-2.9018367742433324,0.054292709581692175,0.0010329350553878285,0.17656623947250244,-0.32517270218443561,-0.048120418850813647,0.94442953100996085,-0.079467750940932808,0.99656238770114336,0.023415464543462976,-0.94230971040017508,-0.06743762087305985,-0.3278789059645637,8.7486665703735825e-05,3.0078339913973524e-05
4.5250318050384521,1790952592.3247719,0.00059986114501953125,0.034609879067047558,0.034801865284766934,0,-0.024609142453120049,0.38664278919430384,-0.045430920429412401,0.054320999999999994,0.0010349999999999999,0.176649,-2.9386806747529324,1.2294448316898456,-2.9018367742433324,0.054292709581692175,0.0010329350553878285,0.17656623947250244,-0.32517270218443561,-0.048120418850813647,0.94442953100996085,-0.079467750940932808,0.99656238770114336,0.023415464543462976,-0.94230971040017508,-0.06743762087305985,-0.3278789059645637,8.7486665703735825e-05,3.0078339913973524e-05
4.5300068855285645,1790952592.329747,0.00060105323791503906,0.034609879067047558,0.034801865284766934,0,-0.024609142453120049,0.38664278919430384,-0.045430920429412401,0.054320999999999994,0.0010349999999999999,0.176649,-2.9386806747529324,1.2294448316898456,-2.9018367742433324,0.054292709581692175,0.0010329350553878285,0.17656623947250244,-0.32517270218443561,-0.048120418850813647,0.94442953100996085,-0.079467750940932808,0.99656238770114336,0.023415464543462976,-0.94230971040017508,-0.06743762087305985,-0.3278789059645637,8.7486665703735825e-05,3.0078339913973524e-05
4.5350308418273926,1790952592.3347709,0.00059795379638671875,0.034609879067047558,0.034801865284766934,0,-0.024609142453120049,0.38664278919430384,-0.045430920429412401,0.054320999999999994,0.0010349999999999999,0.176649,-2.9386806747529324,1.2294448316898456,-2.9018367742433324,0.054292709581692175,0.0010329350553878285,0.17656623947250244,-0.32517270218443561,-0.048120418850813647,0.94442953100996085,-0.079467750940932808,0.99656238770114336,0.023415464543462976,-0.94230971040017508,-0.06743762087305985,-0.3278789059645637,8.7486665703735825e-05,3.0078339913973524e-05
4.5400068759918213,1790952592.339747,0.00059485435485839844,0.034609879067047558,0.034801865284766934,0,-0.024609142453120049,0.38664278919430384,-0.045430920429412401,0.054320999999999994,0.0010349999999999999,0.176649,-2.9386806747529324,1.2294448316898456,-2.9018367742433324,0.054292709581692175,0.0010329350553878285,0.17656623947250244,-0.32517270218443561,-0.048120418850813647,0.94442953100996085,-0.079467750940932808,0.99656238770114336,0.023415464543462976,-0.94230971040017508,-0.06743762087305985,-0.3278789059645637,8.7486665703735825e-05,3.0078339913973524e-05
4.5450320243835449,1790952592.3447721,0.00060009956359863281,0.034609879067047558,0.034801865284766934,0,-0.024609142453120049,0.38664278919430384,-0.045430920429412401,0.054320999999999994,0.0010349999999999999,0.176649,-2.9386806747529324,1.2294448316898456,-2.9018367742433324,0.054292709581692175,0.0010329350553878285,0.17656623947250244,-0.32517270218443561,-0.048120418850813647,0.94442953100996085,-0.079467750940932808,0.99656238770114336,0.023415464543462976,-0.94230971040017508,-0.06743762087305985,-0.3278789059645637,8.7486665703735825e-05,3.0078339913973524e-05
4.5500068664550781,1790952592.3497469,0.00059986114501953125,0.034609879067047558,0.034801865284766934,0,-0.024609142453120049,0.38664278919430384,-0.045430920429412401,0.054320999999999994,0.0010349999999999999,0.176649,-2.9386806747529324,1.2294448316898456,-2.9018367742433324,0.054292709581692175,0.0010329350553878285,0.17656623947250244,-0.32517270218443561,-0.048120418850813647,0.94442953100996085,-0.079467750940932808,0.99656238770114336,0.023415464543462976,-0.94230971040017508,-0.06743762087305985,-0.3278789059645637,8.7486665703735825e-05,3.0078339913973524e-05
4.5550060272216797,1790952592.3547461,0.00057506561279296875,0.034609879067047558,0.034801865284766934,0,-0.024609142453120049,0.38664278919430384,-0.045430920429412401,0.054320999999999994,0.0010349999999999999,0.176649,-2.9386806747529324,1.2294448316898456,-2.9018367742433324,0.054292709581692175,0.0010329350553878285,0.17656623947250244,-0.32517270218443561,-0.048120418850813647,0.94442953100996085,-0.079467750940932808,0.99656238770114336,0.023415464543462976,-0.94230971040017508,-0.06743762087305985,-0.3278789059645637,8.7486665703735825e-05,3.0078339913973524e-05
4.5600059032440186,1790952592.359746,0.00059986114501953125,0.034609879067047558,0.034801865284766934,0,-0.024609142453120049,0.38664278919430384,-0.045430920429412401,0.054320999999999994,0.0010349999999999999,0.176649,-2.9386806747529324,1.2294448316898456,-2.9018367742433324,0.054292709581692175,0.0010329350553878285,0.17656623947250244,-0.32517270218443561,-0.048120418850813647,0.94442953100996085,-0.079467750940932808,0.99656238770114336,0.023415464543462976,-0.94230971040017508,-0.06743762087305985,-0.3278789059645637,8.7486665703735825e-05,3.0078339913973524e-05
4.5650308132171631,1790952592.3647709,0.00059986114501953125,0.034609879067047558,0.034801865284766934,0,-0.024609142453120049,0.38664278919430384,-0.045430920429412401,0.054320999999999994,0.0010349999999999999,0.176649,-2.9386806747529324,1.2294448316898456,-2.9018367742433324,0.054292709581692175,0.0010329350553878285,0.17656623947250244,-0.32517270218443561,-0.048120418850813647,0.94442953100996085,-0.079467750940932808,0.99656238770114336,0.023415464543462976,-0.94230971040017508,-0.06743762087305985,-0.3278789059645637,8.7486665703735825e-05,3.0078339913973524e-05
4.5700080394744873,1790952592.3697481,0.0005950927734375,0.034609879067047558,0.034801865284766934,0,-0.024609142453120049,0.38664278919430384,-0.045430920429412401,0.054320999999999994,0.0010349999999999999,0.176649,-2.9386806747529324,1.2294448316898456,-2.9018367742433324,0.054292709581692175,0.0010329350553878285,0.17656623947250244,-0.32517270218443561,-0.048120418850813647,0.94442953100996085,-0.079467750940932808,0.99656238770114336,0.023415464543462976,-0.94230971040017508,-0.06743762087305985,-0.3278789059645637,8.7486665703735825e-05,3.0078339913973524e-05
4.5750348567962646,1790952592.3747749,0.00060200691223144531,0.034609879067047558,0.034801865284766934,0,-0.024609142453120049,0.38664278919430384,-0.045430920429412401,0.054320999999999994,0.0010349999999999999,0.176649,-2.9386806747529324,1.2294448316898456,-2.9018367742433324,0.054292709581692175,0.0010329350553878285,0.17656623947250244,-0.32517270218443561,-0.048120418850813647,0.94442953100996085,-0.079467750940932808,0.99656238770114336,0.023415464543462976,-0.94230971040017508,-0.06743762087305985,-0.3278789059645637,8.7486665703735825e-05,3.0078339913973524e-05
4.5800068378448486,1790952592.3797469,0.00059795379638671875,0.034609879067047558,0.034801865284766934,0,-0.024609142453120049,0.38664278919430384,-0.045430920429412401,0.054320999999999994,0.0010349999999999999,0.176649,-2.9386806747529324,1.2294448316898456,-2.9018367742433324,0.054292709581692175,0.0010329350553878285,0.17656623947250244,-0.32517270218443561,-0.048120418850813647,0.94442953100996085,-0.079467750940932808,0.99656238770114336,0.023415464543462976,-0.94230971040017508,-0.06743762087305985,-0.3278789059645637,8.7486665703735825e-05,3.0078339913973524e-05
4.5850319862365723,1790952592.3847721,0.00060009956359863281,0.034609879067047558,0.034801865284766934,0,-0.024609142453120049,0.38664278919430384,-0.045430920429412401,0.054320999999999994,0.0010349999999999999,0.176649,-2.9386806747529324,1.2294448316898456,-2.9018367742433324,0.054292709581692175,0.0010329350553878285,0.17656623947250244,-0.32517270218443561,-0.048120418850813647,0.94442953100996085,-0.079467750940932808,0.99656238770114336,0.023415464543462976,-0.94230971040017508,-0.06743762087305985,-0.3278789059645637,8.7486665703735825e-05,3.0078339913973524e-05
4.5900089740753174,1790952592.3897491,0.00060200691223144531,0.034609879067047558,0.034801865284766934,0,-0.024609142453120049,0.38664278919430384,-0.045430920429412401,0.054320999999999994,0.0010349999999999999,0.176649,-2.9386806747529324,1.2294448316898456,-2.9018367742433324,0.054292709581692175,0.0010329350553878285,0.17656623947250244,-0.32517270218443561,-0.048120418850813647,0.94442953100996085,-0.079467750940932808,0.99656238770114336,0.023415464543462976,-0.94230971040017508,-0.06743762087305985,-0.3278789059645637,8.7486665703735825e-05,3.0078339913973524e-05
4.5950319766998291,1790952592.3947721,0.00060009956359863281,0.034609879067047558,0.034801865284766934,0,-0.024609142453120049,0.38664278919430384,-0.045430920429412401,0.054320999999999994,0.0010349999999999999,0.176649,-2.9386806747529324,1.2294448316898456,-2.9018367742433324,0.054292709581692175,0.0010329350553878285,0.17656623947250244,-0.32517270218443561,-0.048120418850813647,0.94442953100996085,-0.079467750940932808,0.99656238770114336,0.023415464543462976,-0.94230971040017508,-0.06743762087305985,-0.3278789059645637,8.7486665703735825e-05,3.0078339913973524e-05
4.6000080108642578,1790952592.3997481,0.00059819221496582031,0.034609879067047558,0.034801865284766934,0,-0.024609142453120049,0.38664278919430384,-0.045430920429412401,0.054320999999999994,0.0010349999999999999,0.176649,-2.9386806747529324,1.2294448316898456,-2.9018367742433324,0.054292709581692175,0.0010329350553878285,0.17656623947250244,-0.32517270218443561,-0.048120418850813647,0.94442953100996085,-0.079467750940932808,0.99656238770114336,0.023415464543462976,-0.94230971040017508,-0.06743762087305985,-0.3278789059645637,8.7486665703735825e-05,3.0078339913973524e-05
4.6050059795379639,1790952592.4047461,0.00057506561279296875,0.034609879067047558,0.034801865284766934,0,-0.024609142453120049,0.38664278919430384,-0.045430920429412401,0.054320999999999994,0.0010349999999999999,0.176649,-2.9386806747529324,1.2294448316898456,-2.9018367742433324,0.054292709581692175,0.0010329350553878285,0.17656623947250244,-0.32517270218443561,-0.048120418850813647,0.94442953100996085,-0.079467750940932808,0.99656238770114336,0.023415464543462976,-0.94230971040017508,-0.06743762087305985,-0.3278789059645637,8.7486665703735825e-05,3.0078339913973524e-05
4.6100080013275146,1790952592.4097481,0.00060200691223144531,0.034609879067047558,0.034801865284766934,0,-0.024609142453120049,0.38664278919430384,-0.045430920429412401,0.054320999999999994,0.0010349999999999999,0.176649,-2.9386806747529324,1.2294448316898456,-2.9018367742433324,0.054292709581692175,0.0010329350553878285,0.17656623947250244,-0.32517270218443561,-0.048120418850813647,0.94442953100996085,-0.079467750940932808,0.99656238770114336,0.023415464543462976,-0.94230971040017508,-0.06743762087305985,-0.3278789059645637,8.7486665703735825e-05,3.0078339913973524e-05
4.6150329113006592,1790952592.414773,0.00060105323791503906,0.034609879067047558,0.034801865284766934,0,-0.024609142453120049,0.38664278919430384,-0.045430920429412401,0.054320999999999994,0.0010349999999999999,0.176649,-2.9386806747529324,1.2294448316898456,-2.9018367742433324,0.054292709581692175,0.0010329350553878285,0.17656623947250244,-0.32517270218443561,-0.048120418850813647,0.94442953100996085,-0.079467750940932808,0.99656238770114336,0.023415464543462976,-0.94230971040017508,-0.06743762087305985,-0.3278789059645637,8.7486665703735825e-05,3.0078339913973524e-05
4.6200070381164551,1790952592.4197471,0.00059604644775390625,0.034609879067047558,0.034801865284766934,0,-0.024609142453120049,0.38664278919430384,-0.045430920429412401,0.054320999999999994,0.0010349999999999999,0.176649,-2.9386806747529324,1.2294448316898456,-2.9018367742433324,0.054292709581692175,0.0010329350553878285,0.17656623947250244,-0.32517270218443561,-0.048120418850813647,0.94442953100996085,-0.079467750940932808,0.99656238770114336,0.023415464543462976,-0.94230971040017508,-0.06743762087305985,-0.3278789059645637,8.7486665703735825e-05,3.0078339913973524e-05
4.6250309944152832,1790952592.4247711,0.00059413909912109375,0.034609879067047558,0.034801865284766934,0,-0.024609142453120049,0.38664278919430384,-0.045430920429412401,0.054320999999999994,0.0010349999999999999,0.176649,-2.9386806747529324,1.2294448316898456,-2.9018367742433324,0.054292709581692175,0.0010329350553878285,0.17656623947250244,-0.32517270218443561,-0.048120418850813647,0.94442953100996085,-0.079467750940932808,0.99656238770114336,0.023415464543462976,-0.94230971040017508,-0.06743762087305985,-0.3278789059645637,8.7486665703735825e-05,3.0078339913973524e-05
4.6300058364868164,1790952592.4297459,0.00059795379638671875,0.034609879067047558,0.034801865284766934,0,-0.024609142453120049,0.38664278919430384,-0.045430920429412401,0.054320999999999994,0.0010349999999999999,0.176649,-2.9386806747529324,1.2294448316898456,-2.9018367742433324,0.054292709581692175,0.0010329350553878285,0.17656623947250244,-0.32517270218443561,-0.048120418850813647,0.94442953100996085,-0.079467750940932808,0.99656238770114336,0.023415464543462976,-0.94230971040017508,-0.06743762087305985,-0.3278789059645637,8.7486665703735825e-05,3.0078339913973524e-05
4.6350328922271729,1790952592.434773,0.00062704086303710938,0.034609879067047558,0.034801865284766934,0,-0.024609142453120049,0.38664278919430384,-0.045430920429412401,0.054320999999999994,0.0010349999999999999,0.176649,-2.9386806747529324,1.2294448316898456,-2.9018367742433324,0.054292709581692175,0.0010329350553878285,0.17656623947250244,-0.32517270218443561,-0.048120418850813647,0.94442953100996085,-0.079467750940932808,0.99656238770114336,0.023415464543462976,-0.94230971040017508,-0.06743762087305985,-0.3278789059645637,8.7486665703735825e-05,3.0078339913973524e-05
4.6400079727172852,1790952592.439748,0.00059795379638671875,0.034609879067047558,0.034801865284766934,0,-0.024609142453120049,0.38664278919430384,-0.045430920429412401,0.054320999999999994,0.0010349999999999999,0.176649,-2.9386806747529324,1.2294448316898456,-2.9018367742433324,0.054292709581692175,0.0010329350553878285,0.17656623947250244,-0.32517270218443561,-0.048120418850813647,0.94442953100996085,-0.079467750940932808,0.99656238770114336,0.023415464543462976,-0.94230971040017508,-0.06743762087305985,-0.3278789059645637,8.7486665703735825e-05,3.0078339913973524e-05
4.6450319290161133,1790952592.444772,0.000598907470703125,0.034609879067047558,0.034801865284766934,0,-0.024609142453120049,0.38664278919430384,-0.045430920429412401,0.054320999999999994,0.0010349999999999999,0.176649,-2.9386806747529324,1.2294448316898456,-2.9018367742433324,0.054292709581692175,0.0010329350553878285,0.17656623947250244,-0.32517270218443561,-0.048120418850813647,0.94442953100996085,-0.079467750940932808,0.99656238770114336,0.023415464543462976,-0.94230971040017508,-0.06743762087305985,-0.3278789059645637,8.7486665703735825e-05,3.0078339913973524e-05
4.6500048637390137,1790952592.4497449,0.00059986114501953125,0.034609879067047558,0.034801865284766934,0,-0.024609142453120049,0.38664278919430384,-0.045430920429412401,0.054320999999999994,0.0010349999999999999,0.176649,-2.9386806747529324,1.2294448316898456,-2.9018367742433324,0.054292709581692175,0.0010329350553878285,0.17656623947250244,-0.32517270218443561,-0.048120418850813647,0.94442953100996085,-0.079467750940932808,0.99656238770114336,0.023415464543462976,-0.94230971040017508,-0.06743762087305985,-0.3278789059645637,8.7486665703735825e-05,3.0078339913973524e-05
4.6550319194793701,1790952592.454772,0.00060009956359863281,0.034609879067047558,0.034801865284766934,0,-0.024609142453120049,0.38664278919430384,-0.045430920429412401,0.054320999999999994,0.0010349999999999999,0.176649,-2.9386806747529324,1.2294448316898456,-2.9018367742433324,0.054292709581692175,0.0010329350553878285,0.17656623947250244,-0.32517270218443561,-0.048120418850813647,0.94442953100996085,-0.079467750940932808,0.99656238770114336,0.023415464543462976,-0.94230971040017508,-0.06743762087305985,-0.3278789059645637,8.7486665703735825e-05,3.0078339913973524e-05
4.6600320339202881,1790952592.4597721,0.00062513351440429688,0.034609879067047558,0.034801865284766934,0,-0.024609142453120049,0.38664278919430384,-0.045430920429412401,0.054320999999999994,0.0010349999999999999,0.176649,-2.9386806747529324,1.2294448316898456,-2.9018367742433324,0.054292709581692175,0.0010329350553878285,0.17656623947250244,-0.32517270218443561,-0.048120418850813647,0.94442953100996085,-0.079467750940932808,0.99656238770114336,0.023415464543462976,-0.94230971040017508,-0.06743762087305985,-0.3278789059645637,8.7486665703735825e-05,3.0078339913973524e-05
4.665031909942627,1790952592.464772,0.00059294700622558594,0.034609879067047558,0.034801865284766934,0,-0.024609142453120049,0.38664278919430384,-0.045430920429412401,0.054320999999999994,0.0010349999999999999,0.176649,-2.9386806747529324,1.2294448316898456,-2.9018367742433324,0.054292709581692175,0.0010329350553878285,0.17656623947250244,-0.32517270218443561,-0.048120418850813647,0.94442953100996085,-0.079467750940932808,0.99656238770114336,0.023415464543462976,-0.94230971040017508,-0.06743762087305985,-0.3278789059645637,8.7486665703735825e-05,3.0078339913973524e-05
4.6700088977813721,1790952592.469749,0.0005779266357421875,0.034609879067047558,0.034801865284766934,0,-0.024609142453120049,0.38664278919430384,-0.045430920429412401,0.054320999999999994,0.0010349999999999999,0.176649,-2.9386806747529324,1.2294448316898456,-2.9018367742433324,0.054292709581692175,0.0010329350553878285,0.17656623947250244,-0.32517270218443561,-0.048120418850813647,0.94442953100996085,-0.079467750940932808,0.99656238770114336,0.023415464543462976,-0.94230971040017508,-0.06743762087305985,-0.3278789059645637,8.7486665703735825e-05,3.0078339913973524e-05
4.6750338077545166,1790952592.4747739,0.0006008148193359375,0.034609879067047558,0.034801865284766934,0,-0.024609142453120049,0.38664278919430384,-0.045430920429412401,0.054320999999999994,0.0010349999999999999,0.176649,-2.9386806747529324,1.2294448316898456,-2.9018367742433324,0.054292709581692175,0.0010329350553878285,0.17656623947250244,-0.32517270218443561,-0.048120418850813647,0.94442953100996085,-0.079467750940932808,0.99656238770114336,0.023415464543462976,-0.94230971040017508,-0.06743762087305985,-0.3278789059645637,8.7486665703735825e-05,3.0078339913973524e-05
4.6800079345703125,1790952592.479748,0.00060200691223144531,0.034609879067047558,0.034801865284766934,0,-0.024609142453120049,0.38664278919430384,-0.045430920429412401,0.054320999999999994,0.0010349999999999999,0.176649,-2.9386806747529324,1.2294448316898456,-2.9018367742433324,0.054292709581692175,0.0010329350553878285,0.17656623947250244,-0.32517270218443561,-0.048120418850813647,0.94442953100996085,-0.079467750940932808,0.99656238770114336,0.023415464543462976,-0.94230971040017508,-0.06743762087305985,-0.3278789059645637,8.7486665703735825e-05,3.0078339913973524e-05
4.6850318908691406,1790952592.484772,0.00060105323791503906,0.034609879067047558,0.034801865284766934,0,-0.024609142453120049,0.38664278919430384,-0.045430920429412401,0.054320999999999994,0.0010349999999999999,0.176649,-2.9386806747529324,1.2294448316898456,-2.9018367742433324,0.054292709581692175,0.0010329350553878285,0.17656623947250244,-0.32517270218443561,-0.048120418850813647,0.94442953100996085,-0.079467750940932808,0.99656238770114336,0.023415464543462976,-0.94230971040017508,-0.06743762087305985,-0.3278789059645637,8.7486665703735825e-05,3.0078339913973524e-05
4.6900079250335693,1790952592.489748,0.0005779266357421875,0.034609879067047558,0.034801865284766934,0,-0.024609142453120049,0.38664278919430384,-0.045430920429412401,0.054320999999999994,0.0010349999999999999,0.176649,-2.9386806747529324,1.2294448316898456,-2.9018367742433324,0.054292709581692175,0.0010329350553878285,0.17656623947250244,-0.32517270218443561,-0.048120418850813647,0.94442953100996085,-0.079467750940932808,0.99656238770114336,0.023415464543462976,-0.94230971040017508,-0.06743762087305985,-0.3278789059645637,8.7486665703735825e-05,3.0078339913973524e-05
4.6950409412384033,1790952592.494781,0.00061011314392089844,0.034609879067047558,0.034801865284766934,0,-0.024609142453120049,0.38664278919430384,-0.045430920429412401,0.054320999999999994,0.0010349999999999999,0.176649,-2.9386806747529324,1.2294448316898456,-2.9018367742433324,0.054292709581692175,0.0010329350553878285,0.17656623947250244,-0.32517270218443561,-0.048120418850813647,0.94442953100996085,-0.079467750940932808,0.99656238770114336,0.023415464543462976,-0.94230971040017508,-0.06743762087305985,-0.3278789059645637,8.7486665703735825e-05,3.0078339913973524e-05
4.7000069618225098,1790952592.499747,0.00059604644775390625,0.034609879067047558,0.034801865284766934,0,-0.024609142453120049,0.38664278919430384,-0.045430920429412401,0.054320999999999994,0.0010349999999999999,0.176649,-2.9386806747529324,1.2294448316898456,-2.9018367742433324,0.054292709581692175,0.0010329350553878285,0.17656623947250244,-0.32517270218443561,-0.048120418850813647,0.94442953100996085,-0.079467750940932808,0.99656238770114336,0.023415464543462976,-0.94230971040017508,-0.06743762087305985,-0.3278789059645637,8.7486665703735825e-05,3.0078339913973524e-05
4.7050340175628662,1790952592.5047741,0.00060105323791503906,0.034609879067047558,0.034801865284766934,0,-0.024609142453120049,0.38664278919430384,-0.045430920429412401,0.054320999999999994,0.0010349999999999999,0.176649,-2.9386806747529324,1.2294448316898456,-2.9018367742433324,0.054292709581692175,0.0010329350553878285,0.17656623947250244,-0.32517270218443561,-0.048120418850813647,0.94442953100996085,-0.079467750940932808,0.99656238770114336,0.023415464543462976,-0.94230971040017508,-0.06743762087305985,-0.3278789059645637,8.7486665703735825e-05,3.0078339913973524e-05
4.710007905960083,1790952592.509748,0.0005970001220703125,0.034609879067047558,0.034801865284766934,0,-0.024609142453120049,0.38664278919430384,-0.045430920429412401,0.054320999999999994,0.0010349999999999999,0.176649,-2.9386806747529324,1.2294448316898456,-2.9018367742433324,0.054292709581692175,0.0010329350553878285,0.17656623947250244,-0.32517270218443561,-0.048120418850813647,0.94442953100996085,-0.079467750940932808,0.99656238770114336,0.023415464543462976,-0.94230971040017508,-0.06743762087305985,-0.3278789059645637,8.7486665703735825e-05,3.0078339913973524e-05
4.7150068283081055,1790952592.5147469,0.00057196617126464844,0.034609879067047558,0.034801865284766934,0,-0.024609142453120049,0.38664278919430384,-0.045430920429412401,0.054320999999999994,0.0010349999999999999,0.176649,-2.9386806747529324,1.2294448316898456,-2.9018367742433324,0.054292709581692175,0.0010329350553878285,0.17656623947250244,-0.32517270218443561,-0.048120418850813647,0.94442953100996085,-0.079467750940932808,0.99656238770114336,0.023415464543462976,-0.94230971040017508,-0.06743762087305985,-0.3278789059645637,8.7486665703735825e-05,3.0078339913973524e-05
4.7200078964233398,1790952592.519748,0.00060105323791503906,0.034609879067047558,0.034801865284766934,0,-0.024609142453120049,0.38664278919430384,-0.045430920429412401,0.054320999999999994,0.0010349999999999999,0.176649,-2.9386806747529324,1.2294448316898456,-2.9018367742433324,0.054292709581692175,0.0010329350553878285,0.17656623947250244,-0.32517270218443561,-0.048120418850813647,0.94442953100996085,-0.079467750940932808,0.99656238770114336,0.023415464543462976,-0.94230971040017508,-0.06743762087305985,-0.3278789059645637,8.7486665703735825e-05,3.0078339913973524e-05
4.7250328063964844,1790952592.5247729,0.0006008148193359375,0.034609879067047558,0.034801865284766934,0,-0.024609142453120049,0.38664278919430384,-0.045430920429412401,0.054320999999999994,0.0010349999999999999,0.176649,-2.9386806747529324,1.2294448316898456,-2.9018367742433324,0.054292709581692175,0.0010329350553878285,0.17656623947250244,-0.32517270218443561,-0.048120418850813647,0.94442953100996085,-0.079467750940932808,0.99656238770114336,0.023415464543462976,-0.94230971040017508,-0.06743762087305985,-0.3278789059645637,8.7486665703735825e-05,3.0078339913973524e-05
4.7300078868865967,1790952592.529748,0.00059795379638671875,0.034609879067047558,0.034801865284766934,0,-0.024609142453120049,0.38664278919430384,-0.045430920429412401,0.054320999999999994,0.0010349999999999999,0.176649,-2.9386806747529324,1.2294448316898456,-2.9018367742433324,0.054292709581692175,0.0010329350553878285,0.17656623947250244,-0.32517270218443561,-0.048120418850813647,0.94442953100996085,-0.079467750940932808,0.99656238770114336,0.023415464543462976,-0.94230971040017508,-0.06743762087305985,-0.3278789059645637,8.7486665703735825e-05,3.0078339913973524e-05
4.7350330352783203,1790952592.5347731,0.00060200691223144531,0.034609879067047558,0.034801865284766934,0,-0.024609142453120049,0.38664278919430384,-0.045430920429412401,0.054320999999999994,0.0010349999999999999,0.176649,-2.9386806747529324,1.2294448316898456,-2.9018367742433324,0.054292709581692175,0.0010329350553878285,0.17656623947250244,-0.32517270218443561,-0.048120418850813647,0.94442953100996085,-0.079467750940932808,0.99656238770114336,0.023415464543462976,-0.94230971040017508,-0.06743762087305985,-0.3278789059645637,8.7486665703735825e-05,3.0078339913973524e-05
4.7400088310241699,1790952592.5397489,0.00059795379638671875,0.034609879067047558,0.034801865284766934,0,-0.024609142453120049,0.38664278919430384,-0.045430920429412401,0.054320999999999994,0.0010349999999999999,0.176649,-2.9386806747529324,1.2294448316898456,-2.9018367742433324,0.054292709581692175,0.0010329350553878285,0.17656623947250244,-0.32517270218443561,-0.048120418850813647,0.94442953100996085,-0.079467750940932808,0.99656238770114336,0.023415464543462976,-0.94230971040017508,-0.06743762087305985,-0.3278789059645637,8.7486665703735825e-05,3.0078339913973524e-05
4.7450330257415771,1790952592.5447731,0.00060009956359863281,0.034609879067047558,0.034801865284766934,0,-0.024609142453120049,0.38664278919430384,-0.045430920429412401,0.054320999999999994,0.0010349999999999999,0.176649,-2.9386806747529324,1.2294448316898456,-2.9018367742433324,0.054292709581692175,0.0010329350553878285,0.17656623947250244,-0.32517270218443561,-0.048120418850813647,0.94442953100996085,-0.079467750940932808,0.99656238770114336,0.023415464543462976,-0.94230971040017508,-0.06743762087305985,-0.3278789059645637,8.7486665703735825e-05,3.0078339913973524e-05
4.7500078678131104,1790952592.5497479,0.00057697296142578125,0.034609879067047558,0.034801865284766934,0,-0.024609142453120049,0.38664278919430384,-0.045430920429412401,0.054320999999999994,0.0010349999999999999,0.176649,-2.9386806747529324,1.2294448316898456,-2.9018367742433324,0.054292709581692175,0.0010329350553878285,0.17656623947250244,-0.32517270218443561,-0.048120418850813647,0.94442953100996085,-0.079467750940932808,0.99656238770114336,0.023415464543462976,-0.94230971040017508,-0.06743762087305985,-0.3278789059645637,8.7486665703735825e-05,3.0078339913973524e-05
4.755033016204834,1790952592.5547731,0.00059819221496582031,0.034609879067047558,0.034801865284766934,0,-0.024609142453120049,0.38664278919430384,-0.045430920429412401,0.054320999999999994,0.0010349999999999999,0.176649,-2.9386806747529324,1.2294448316898456,-2.9018367742433324,0.054292709581692175,0.0010329350553878285,0.17656623947250244,-0.32517270218443561,-0.048120418850813647,0.94442953100996085,-0.079467750940932808,0.99656238770114336,0.023415464543462976,-0.94230971040017508,-0.06743762087305985,-0.3278789059645637,8.7486665703735825e-05,3.0078339913973524e-05
4.7600069046020508,1790952592.559747,0.00060009956359863281,0.034609879067047558,0.034801865284766934,0,-0.024609142453120049,0.38664278919430384,-0.045430920429412401,0.054320999999999994,0.0010349999999999999,0.176649,-2.9386806747529324,1.2294448316898456,-2.9018367742433324,0.054292709581692175,0.0010329350553878285,0.17656623947250244,-0.32517270218443561,-0.048120418850813647,0.94442953100996085,-0.079467750940932808,0.99656238770114336,0.023415464543462976,-0.94230971040017508,-0.06743762087305985,-0.3278789059645637,8.7486665703735825e-05,3.0078339913973524e-05
4.7650330066680908,1790952592.5647731,0.00060105323791503906,0.034609879067047558,0.034801865284766934,0,-0.024609142453120049,0.38664278919430384,-0.045430920429412401,0.054320999999999994,0.0010349999999999999,0.176649,-2.9386806747529324,1.2294448316898456,-2.9018367742433324,0.054292709581692175,0.0010329350553878285,0.17656623947250244,-0.32517270218443561,-0.048120418850813647,0.94442953100996085,-0.079467750940932808,0.99656238770114336,0.023415464543462976,-0.94230971040017508,-0.06743762087305985,-0.3278789059645637,8.7486665703735825e-05,3.0078339913973524e-05
4.7700068950653076,1790952592.569747,0.00060200691223144531,0.034609879067047558,0.034801865284766934,0,-0.024609142453120049,0.38664278919430384,-0.045430920429412401,0.054320999999999994,0.0010349999999999999,0.176649,-2.9386806747529324,1.2294448316898456,-2.9018367742433324,0.054292709581692175,0.0010329350553878285,0.17656623947250244,-0.32517270218443561,-0.048120418850813647,0.94442953100996085,-0.079467750940932808,0.99656238770114336,0.023415464543462976,-0.94230971040017508,-0.06743762087305985,-0.3278789059645637,8.7486665703735825e-05,3.0078339913973524e-05
4.7750298976898193,1790952592.57477,0.00059986114501953125,0.034609879067047558,0.034801865284766934,0,-0.024609142453120049,0.38664278919430384,-0.045430920429412401,0.054320999999999994,0.0010349999999999999,0.176649,-2.9386806747529324,1.2294448316898456,-2.9018367742433324,0.054292709581692175,0.0010329350553878285,0.17656623947250244,-0.32517270218443561,-0.048120418850813647,0.94442953100996085,-0.079467750940932808,0.99656238770114336,0.023415464543462976,-0.94230971040017508,-0.06743762087305985,-0.3278789059645637,8.7486665703735825e-05,3.0078339913973524e-05
4.7800068855285645,1790952592.579747,0.00059795379638671875,0.034609879067047558,0.034801865284766934,0,-0.024609142453120049,0.38664278919430384,-0.045430920429412401,0.054320999999999994,0.0010349999999999999,0.176649,-2.9386806747529324,1.2294448316898456,-2.9018367742433324,0.054292709581692175,0.0010329350553878285,0.17656623947250244,-0.32517270218443561,-0.048120418850813647,0.94442953100996085,-0.079467750940932808,0.99656238770114336,0.023415464543462976,-0.94230971040017508,-0.06743762087305985,-0.3278789059645637,8.7486665703735825e-05,3.0078339913973524e-05
4.7850320339202881,1790952592.5847721,0.00060200691223144531,0.034609879067047558,0.034801865284766934,0,-0.024609142453120049,0.38664278919430384,-0.045430920429412401,0.054320999999999994,0.0010349999999999999,0.176649,-2.9386806747529324,1.2294448316898456,-2.9018367742433324,0.054292709581692175,0.0010329350553878285,0.17656623947250244,-0.32517270218443561,-0.048120418850813647,0.94442953100996085,-0.079467750940932808,0.99656238770114336,0.023415464543462976,-0.94230971040017508,-0.06743762087305985,-0.3278789059645637,8.7486665703735825e-05,3.0078339913973524e-05
4.7900068759918213,1790952592.589747,0.00060200691223144531,0.034609879067047558,0.034801865284766934,0,-0.024609142453120049,0.38664278919430384,-0.045430920429412401,0.054320999999999994,0.0010349999999999999,0.176649,-2.9386806747529324,1.2294448316898456,-2.9018367742433324,0.054292709581692175,0.0010329350553878285,0.17656623947250244,-0.32517270218443561,-0.048120418850813647,0.94442953100996085,-0.079467750940932808,0.99656238770114336,0.023415464543462976,-0.94230971040017508,-0.06743762087305985,-0.3278789059645637,8.7486665703735825e-05,3.0078339913973524e-05
4.7950320243835449,1790952592.5947721,0.00060105323791503906,0.034609879067047558,0.034801865284766934,0,-0.024609142453120049,0.38664278919430384,-0.045430920429412401,0.054320999999999994,0.0010349999999999999,0.176649,-2.9386806747529324,1.2294448316898456,-2.9018367742433324,0.054292709581692175,0.0010329350553878285,0.17656623947250244,-0.32517270218443561,-0.048120418850813647,0.94442953100996085,-0.079467750940932808,0.99656238770114336,0.023415464543462976,-0.94230971040017508,-0.06743762087305985,-0.3278789059645637,8.7486665703735825e-05,3.0078339913973524e-05
4.8000068664550781,1790952592.5997469,0.00057387351989746094,0.034609879067047558,0.034801865284766934,0,-0.024609142453120049,0.38664278919430384,-0.045430920429412401,0.054320999999999994,0.0010349999999999999,0.176649,-2.9386806747529324,1.2294448316898456,-2.9018367742433324,0.054292709581692175,0.0010329350553878285,0.17656623947250244,-0.32517270218443561,-0.048120418850813647,0.94442953100996085,-0.079467750940932808,0.99656238770114336,0.023415464543462976,-0.94230971040017508,-0.06743762087305985,-0.3278789059645637,8.7486665703735825e-05,3.0078339913973524e-05
4.8050320148468018,1790952592.6047721,0.00045704841613769531,0.034609879067047558,0.034801865284766934,0,-0.024609142453120049,0.38664278919430384,-0.045430920429412401,0.054320999999999994,0.0010349999999999999,0.176649,-2.9386806747529324,1.2294448316898456,-2.9018367742433324,0.054292709581692175,0.0010329350553878285,0.17656623947250244,-0.32517270218443561,-0.048120418850813647,0.94442953100996085,-0.079467750940932808,0.99656238770114336,0.023415464543462976,-0.94230971040017508,-0.06743762087305985,-0.3278789059645637,8.7486665703735825e-05,3.0078339913973524e-05
4.810006856918335,1790952592.6097469,0.00060200691223144531,0.034609879067047558,0.034801865284766934,0,-0.024609142453120049,0.38664278919430384,-0.045430920429412401,0.054320999999999994,0.0010349999999999999,0.176649,-2.9386806747529324,1.2294448316898456,-2.9018367742433324,0.054292709581692175,0.0010329350553878285,0.17656623947250244,-0.32517270218443561,-0.048120418850813647,0.94442953100996085,-0.079467750940932808,0.99656238770114336,0.023415464543462976,-0.94230971040017508,-0.06743762087305985,-0.3278789059645637,8.7486665703735825e-05,3.0078339913973524e-05
4.8150308132171631,1790952592.6147709,0.00059795379638671875,0.034609879067047558,0.034801865284766934,0,-0.024609142453120049,0.38664278919430384,-0.045430920429412401,0.054320999999999994,0.0010349999999999999,0.176649,-2.9386806747529324,1.2294448316898456,-2.9018367742433324,0.054292709581692175,0.0010329350553878285,0.17656623947250244,-0.32517270218443561,-0.048120418850813647,0.94442953100996085,-0.079467750940932808,0.99656238770114336,0.023415464543462976,-0.94230971040017508,-0.06743762087305985,-0.3278789059645637,8.7486665703735825e-05,3.0078339913973524e-05
4.8200068473815918,1790952592.6197469,0.00059986114501953125,0.034609879067047558,0.034801865284766934,0,-0.024609142453120049,0.38664278919430384,-0.045430920429412401,0.054320999999999994,0.0010349999999999999,0.176649,-2.9386806747529324,1.2294448316898456,-2.9018367742433324,0.054292709581692175,0.0010329350553878285,0.17656623947250244,-0.32517270218443561,-0.048120418850813647,0.94442953100996085,-0.079467750940932808,0.99656238770114336,0.023415464543462976,-0.94230971040017508,-0.06743762087305985,-0.3278789059645637,8.7486665703735825e-05,3.0078339913973524e-05
4.825031042098999,1790952592.6247711,0.00060009956359863281,0.034609879067047558,0.034801865284766934,0,-0.024609142453120049,0.38664278919430384,-0.045430920429412401,0.054320999999999994,0.0010349999999999999,0.176649,-2.9386806747529324,1.2294448316898456,-2.9018367742433324,0.054292709581692175,0.0010329350553878285,0.17656623947250244,-0.32517270218443561,-0.048120418850813647,0.94442953100996085,-0.079467750940932808,0.99656238770114336,0.023415464543462976,-0.94230971040017508,-0.06743762087305985,-0.3278789059645637,8.7486665703735825e-05,3.0078339913973524e-05
4.8300068378448486,1790952592.6297469,0.0006008148193359375,0.034609879067047558,0.034801865284766934,0,-0.024609142453120049,0.38664278919430384,-0.045430920429412401,0.054320999999999994,0.0010349999999999999,0.176649,-2.9386806747529324,1.2294448316898456,-2.9018367742433324,0.054292709581692175,0.0010329350553878285,0.17656623947250244,-0.32517270218443561,-0.048120418850813647,0.94442953100996085,-0.079467750940932808,0.99656238770114336,0.023415464543462976,-0.94230971040017508,-0.06743762087305985,-0.3278789059645637,8.7486665703735825e-05,3.0078339913973524e-05
4.8350329399108887,1790952592.634773,0.00060296058654785156,0.034609879067047558,0.034801865284766934,0,-0.024609142453120049,0.38664278919430384,-0.045430920429412401,0.054320999999999994,0.0010349999999999999,0.176649,-2.9386806747529324,1.2294448316898456,-2.9018367742433324,0.054292709581692175,0.0010329350553878285,0.17656623947250244,-0.32517270218443561,-0.048120418850813647,0.94442953100996085,-0.079467750940932808,0.99656238770114336,0.023415464543462976,-0.94230971040017508,-0.06743762087305985,-0.3278789059645637,8.7486665703735825e-05,3.0078339913973524e-05
4.840008020401001,1790952592.6397481,0.0005741119384765625,0.034609879067047558,0.034801865284766934,0,-0.024609142453120049,0.38664278919430384,-0.045430920429412401,0.054320999999999994,0.0010349999999999999,0.176649,-2.9386806747529324,1.2294448316898456,-2.9018367742433324,0.054292709581692175,0.0010329350553878285,0.17656623947250244,-0.32517270218443561,-0.048120418850813647,0.94442953100996085,-0.079467750940932808,0.99656238770114336,0.023415464543462976,-0.94230971040017508,-0.06743762087305985,-0.3278789059645637,8.7486665703735825e-05,3.0078339913973524e-05
4.8450329303741455,1790952592.644773,0.000598907470703125,0.034609879067047558,0.034801865284766934,0,-0.024609142453120049,0.38664278919430384,-0.045430920429412401,0.054320999999999994,0.0010349999999999999,0.176649,-2.9386806747529324,1.2294448316898456,-2.9018367742433324,0.054292709581692175,0.0010329350553878285,0.17656623947250244,-0.32517270218443561,-0.048120418850813647,0.94442953100996085,-0.079467750940932808,0.99656238770114336,0.023415464543462976,-0.94230971040017508,-0.06743762087305985,-0.3278789059645637,8.7486665703735825e-05,3.0078339913973524e-05
4.8500080108642578,1790952592.6497481,0.00059914588928222656,0.034609879067047558,0.034801865284766934,0,-0.024609142453120049,0.38664278919430384,-0.045430920429412401,0.054320999999999994,0.0010349999999999999,0.176649,-2.9386806747529324,1.2294448316898456,-2.9018367742433324,0.054292709581692175,0.0010329350553878285,0.17656623947250244,-0.32517270218443561,-0.048120418850813647,0.94442953100996085,-0.079467750940932808,0.99656238770114336,0.023415464543462976,-0.94230971040017508,-0.06743762087305985,-0.3278789059645637,8.7486665703735825e-05,3.0078339913973524e-05
4.8550360202789307,1790952592.6547761,0.00060510635375976562,0.034609879067047558,0.034801865284766934,0,-0.024609142453120049,0.38664278919430384,-0.045430920429412401,0.054320999999999994,0.0010349999999999999,0.176649,-2.9386806747529324,1.2294448316898456,-2.9018367742433324,0.054292709581692175,0.0010329350553878285,0.17656623947250244,-0.32517270218443561,-0.048120418850813647,0.94442953100996085,-0.079467750940932808,0.99656238770114336,0.023415464543462976,-0.94230971040017508,-0.06743762087305985,-0.3278789059645637,8.7486665703735825e-05,3.0078339913973524e-05
4.8600080013275146,1790952592.6597481,0.00060105323791503906,0.034609879067047558,0.034801865284766934,0,-0.024609142453120049,0.38664278919430384,-0.045430920429412401,0.054320999999999994,0.0010349999999999999,0.176649,-2.9386806747529324,1.2294448316898456,-2.9018367742433324,0.054292709581692175,0.0010329350553878285,0.17656623947250244,-0.32517270218443561,-0.048120418850813647,0.94442953100996085,-0.079467750940932808,0.99656238770114336,0.023415464543462976,-0.94230971040017508,-0.06743762087305985,-0.3278789059645637,8.7486665703735825e-05,3.0078339913973524e-05
4.865034818649292,1790952592.6647749,0.00060391426086425781,0.034609879067047558,0.034801865284766934,0,-0.024609142453120049,0.38664278919430384,-0.045430920429412401,0.054320999999999994,0.0010349999999999999,0.176649,-2.9386806747529324,1.2294448316898456,-2.9018367742433324,0.054292709581692175,0.0010329350553878285,0.17656623947250244,-0.32517270218443561,-0.048120418850813647,0.94442953100996085,-0.079467750940932808,0.99656238770114336,0.023415464543462976,-0.94230971040017508,-0.06743762087305985,-0.3278789059645637,8.7486665703735825e-05,3.0078339913973524e-05
4.8700070381164551,1790952592.6697471,0.00057220458984375,0.034609879067047558,0.034801865284766934,0,-0.024609142453120049,0.38664278919430384,-0.045430920429412401,0.054320999999999994,0.0010349999999999999,0.176649,-2.9386806747529324,1.2294448316898456,-2.9018367742433324,0.054292709581692175,0.0010329350553878285,0.17656623947250244,-0.32517270218443561,-0.048120418850813647,0.94442953100996085,-0.079467750940932808,0.99656238770114336,0.023415464543462976,-0.94230971040017508,-0.06743762087305985,-0.3278789059645637,8.7486665703735825e-05,3.0078339913973524e-05
4.8750319480895996,1790952592.674772,0.00060009956359863281,0.034609879067047558,0.034801865284766934,0,-0.024609142453120049,0.38664278919430384,-0.045430920429412401,0.054320999999999994,0.0010349999999999999,0.176649,-2.9386806747529324,1.2294448316898456,-2.9018367742433324,0.054292709581692175,0.0010329350553878285,0.17656623947250244,-0.32517270218443561,-0.048120418850813647,0.94442953100996085,-0.079467750940932808,0.99656238770114336,0.023415464543462976,-0.94230971040017508,-0.06743762087305985,-0.3278789059645637,8.7486665703735825e-05,3.0078339913973524e-05
4.8800098896026611,1790952592.67975,0.00060391426086425781,0.034609879067047558,0.034801865284766934,0,-0.024609142453120049,0.38664278919430384,-0.045430920429412401,0.054320999999999994,0.0010349999999999999,0.176649,-2.9386806747529324,1.2294448316898456,-2.9018367742433324,0.054292709581692175,0.0010329350553878285,0.17656623947250244,-0.32517270218443561,-0.048120418850813647,0.94442953100996085,-0.079467750940932808,0.99656238770114336,0.023415464543462976,-0.94230971040017508,-0.06743762087305985,-0.3278789059645637,8.7486665703735825e-05,3.0078339913973524e-05
4.8850350379943848,1790952592.6847751,0.00060415267944335938,0.034609879067047558,0.034801865284766934,0,-0.024609142453120049,0.38664278919430384,-0.045430920429412401,0.054320999999999994,0.0010349999999999999,0.176649,-2.9386806747529324,1.2294448316898456,-2.9018367742433324,0.054292709581692175,0.0010329350553878285,0.17656623947250244,-0.32517270218443561,-0.048120418850813647,0.94442953100996085,-0.079467750940932808,0.99656238770114336,0.023415464543462976,-0.94230971040017508,-0.06743762087305985,-0.3278789059645637,8.7486665703735825e-05,3.0078339913973524e-05
4.8900079727172852,1790952592.689748,0.00059795379638671875,0.034609879067047558,0.034801865284766934,0,-0.024609142453120049,0.38664278919430384,-0.045430920429412401,0.054320999999999994,0.0010349999999999999,0.176649,-2.9386806747529324,1.2294448316898456,-2.9018367742433324,0.054292709581692175,0.0010329350553878285,0.17656623947250244,-0.32517270218443561,-0.048120418850813647,0.94442953100996085,-0.079467750940932808,0.99656238770114336,0.023415464543462976,-0.94230971040017508,-0.06743762087305985,-0.3278789059645637,8.7486665703735825e-05,3.0078339913973524e-05
4.8950338363647461,1790952592.6947739,0.000598907470703125,0.034609879067047558,0.034801865284766934,0,-0.024609142453120049,0.38664278919430384,-0.045430920429412401,0.054320999999999994,0.0010349999999999999,0.176649,-2.9386806747529324,1.2294448316898456,-2.9018367742433324,0.054292709581692175,0.0010329350553878285,0.17656623947250244,-0.32517270218443561,-0.048120418850813647,0.94442953100996085,-0.079467750940932808,0.99656238770114336,0.023415464543462976,-0.94230971040017508,-0.06743762087305985,-0.3278789059645637,8.7486665703735825e-05,3.0078339913973524e-05
4.900007963180542,1790952592.699748,0.00060200691223144531,0.034609879067047558,0.034801865284766934,0,-0.024609142453120049,0.38664278919430384,-0.045430920429412401,0.054320999999999994,0.0010349999999999999,0.176649,-2.9386806747529324,1.2294448316898456,-2.9018367742433324,0.054292709581692175,0.0010329350553878285,0.17656623947250244,-0.32517270218443561,-0.048120418850813647,0.94442953100996085,-0.079467750940932808,0.99656238770114336,0.023415464543462976,-0.94230971040017508,-0.06743762087305985,-0.3278789059645637,8.7486665703735825e-05,3.0078339913973524e-05
4.9050319194793701,1790952592.704772,0.00060105323791503906,0.034609879067047558,0.034801865284766934,0,-0.024609142453120049,0.38664278919430384,-0.045430920429412401,0.054320999999999994,0.0010349999999999999,0.176649,-2.9386806747529324,1.2294448316898456,-2.9018367742433324,0.054292709581692175,0.0010329350553878285,0.17656623947250244,-0.32517270218443561,-0.048120418850813647,0.94442953100996085,-0.079467750940932808,0.99656238770114336,0.023415464543462976,-0.94230971040017508,-0.06743762087305985,-0.3278789059645637,8.7486665703735825e-05,3.0078339913973524e-05
4.9100079536437988,1790952592.709748,0.00060296058654785156,0.034609879067047558,0.034801865284766934,0,-0.024609142453120049,0.38664278919430384,-0.045430920429412401,0.054320999999999994,0.0010349999999999999,0.176649,-2.9386806747529324,1.2294448316898456,-2.9018367742433324,0.054292709581692175,0.0010329350553878285,0.17656623947250244,-0.32517270218443561,-0.048120418850813647,0.94442953100996085,-0.079467750940932808,0.99656238770114336,0.023415464543462976,-0.94230971040017508,-0.06743762087305985,-0.3278789059645637,8.7486665703735825e-05,3.0078339913973524e-05
4.9150328636169434,1790952592.7147729,0.000598907470703125,0.034609879067047558,0.034801865284766934,0,-0.024609142453120049,0.38664278919430384,-0.045430920429412401,0.054320999999999994,0.0010349999999999999,0.176649,-2.9386806747529324,1.2294448316898456,-2.9018367742433324,0.054292709581692175,0.0010329350553878285,0.17656623947250244,-0.32517270218443561,-0.048120418850813647,0.94442953100996085,-0.079467750940932808,0.99656238770114336,0.023415464543462976,-0.94230971040017508,-0.06743762087305985,-0.3278789059645637,8.7486665703735825e-05,3.0078339913973524e-05
4.9200069904327393,1790952592.7197471,0.0005970001220703125,0.034609879067047558,0.034801865284766934,0,-0.024609142453120049,0.38664278919430384,-0.045430920429412401,0.054320999999999994,0.0010349999999999999,0.176649,-2.9386806747529324,1.2294448316898456,-2.9018367742433324,0.054292709581692175,0.0010329350553878285,0.17656623947250244,-0.32517270218443561,-0.048120418850813647,0.94442953100996085,-0.079467750940932808,0.99656238770114336,0.023415464543462976,-0.94230971040017508,-0.06743762087305985,-0.3278789059645637,8.7486665703735825e-05,3.0078339913973524e-05
4.925029993057251,1790952592.7247701,0.00059914588928222656,0.034609879067047558,0.034801865284766934,0,-0.024609142453120049,0.38664278919430384,-0.045430920429412401,0.054320999999999994,0.0010349999999999999,0.176649,-2.9386806747529324,1.2294448316898456,-2.9018367742433324,0.054292709581692175,0.0010329350553878285,0.17656623947250244,-0.32517270218443561,-0.048120418850813647,0.94442953100996085,-0.079467750940932808,0.99656238770114336,0.023415464543462976,-0.94230971040017508,-0.06743762087305985,-0.3278789059645637,8.7486665703735825e-05,3.0078339913973524e-05
4.9300048351287842,1790952592.7297449,0.00059795379638671875,0.034609879067047558,0.034801865284766934,0,-0.024609142453120049,0.38664278919430384,-0.045430920429412401,0.054320999999999994,0.0010349999999999999,0.176649,-2.9386806747529324,1.2294448316898456,-2.9018367742433324,0.054292709581692175,0.0010329350553878285,0.17656623947250244,-0.32517270218443561,-0.048120418850813647,0.94442953100996085,-0.079467750940932808,0.99656238770114336,0.023415464543462976,-0.94230971040017508,-0.06743762087305985,-0.3278789059645637,8.7486665703735825e-05,3.0078339913973524e-05
4.9350299835205078,1790952592.7347701,0.00060009956359863281,0.034609879067047558,0.034801865284766934,0,-0.024609142453120049,0.38664278919430384,-0.045430920429412401,0.054320999999999994,0.0010349999999999999,0.176649,-2.9386806747529324,1.2294448316898456,-2.9018367742433324,0.054292709581692175,0.0010329350553878285,0.17656623947250244,-0.32517270218443561,-0.048120418850813647,0.94442953100996085,-0.079467750940932808,0.99656238770114336,0.023415464543462976,-0.94230971040017508,-0.06743762087305985,-0.3278789059645637,8.7486665703735825e-05,3.0078339913973524e-05
4.940004825592041,1790952592.7397449,0.000598907470703125,0.034609879067047558,0.034801865284766934,0,-0.024609142453120049,0.38664278919430384,-0.045430920429412401,0.054320999999999994,0.0010349999999999999,0.176649,-2.9386806747529324,1.2294448316898456,-2.9018367742433324,0.054292709581692175,0.0010329350553878285,0.17656623947250244,-0.32517270218443561,-0.048120418850813647,0.94442953100996085,-0.079467750940932808,0.99656238770114336,0.023415464543462976,-0.94230971040017508,-0.06743762087305985,-0.3278789059645637,8.7486665703735825e-05,3.0078339913973524e-05
4.9450299739837646,1790952592.7447701,0.00060009956359863281,0.034609879067047558,0.034801865284766934,0,-0.024609142453120049,0.38664278919430384,-0.045430920429412401,0.054320999999999994,0.0010349999999999999,0.176649,-2.9386806747529324,1.2294448316898456,-2.9018367742433324,0.054292709581692175,0.0010329350553878285,0.17656623947250244,-0.32517270218443561,-0.048120418850813647,0.94442953100996085,-0.079467750940932808,0.99656238770114336,0.023415464543462976,-0.94230971040017508,-0.06743762087305985,-0.3278789059645637,8.7486665703735825e-05,3.0078339913973524e-05
4.9500048160552979,1790952592.7497449,0.00059986114501953125,0.034609879067047558,0.034801865284766934,0,-0.024609142453120049,0.38664278919430384,-0.045430920429412401,0.054320999999999994,0.0010349999999999999,0.176649,-2.9386806747529324,1.2294448316898456,-2.9018367742433324,0.054292709581692175,0.0010329350553878285,0.17656623947250244,-0.32517270218443561,-0.048120418850813647,0.94442953100996085,-0.079467750940932808,0.99656238770114336,0.023415464543462976,-0.94230971040017508,-0.06743762087305985,-0.3278789059645637,8.7486665703735825e-05,3.0078339913973524e-05
4.9550290107727051,1790952592.7547691,0.00059914588928222656,0.034609879067047558,0.034801865284766934,0,-0.024609142453120049,0.38664278919430384,-0.045430920429412401,0.054320999999999994,0.0010349999999999999,0.176649,-2.9386806747529324,1.2294448316898456,-2.9018367742433324,0.054292709581692175,0.0010329350553878285,0.17656623947250244,-0.32517270218443561,-0.048120418850813647,0.94442953100996085,-0.079467750940932808,0.99656238770114336,0.023415464543462976,-0.94230971040017508,-0.06743762087305985,-0.3278789059645637,8.7486665703735825e-05,3.0078339913973524e-05
4.9600059986114502,1790952592.7597461,0.00060105323791503906,0.034609879067047558,0.034801865284766934,0,-0.024609142453120049,0.38664278919430384,-0.045430920429412401,0.054320999999999994,0.0010349999999999999,0.176649,-2.9386806747529324,1.2294448316898456,-2.9018367742433324,0.054292709581692175,0.0010329350553878285,0.17656623947250244,-0.32517270218443561,-0.048120418850813647,0.94442953100996085,-0.079467750940932808,0.99656238770114336,0.023415464543462976,-0.94230971040017508,-0.06743762087305985,-0.3278789059645637,8.7486665703735825e-05,3.0078339913973524e-05
4.9650049209594727,1790952592.764745,0.00057506561279296875,0.034609879067047558,0.034801865284766934,0,-0.024609142453120049,0.38664278919430384,-0.045430920429412401,0.054320999999999994,0.0010349999999999999,0.176649,-2.9386806747529324,1.2294448316898456,-2.9018367742433324,0.054292709581692175,0.0010329350553878285,0.17656623947250244,-0.32517270218443561,-0.048120418850813647,0.94442953100996085,-0.079467750940932808,0.99656238770114336,0.023415464543462976,-0.94230971040017508,-0.06743762087305985,-0.3278789059645637,8.7486665703735825e-05,3.0078339913973524e-05
4.970005989074707,1790952592.7697461,0.00059795379638671875,0.034609879067047558,0.034801865284766934,0,-0.024609142453120049,0.38664278919430384,-0.045430920429412401,0.054320999999999994,0.0010349999999999999,0.176649,-2.9386806747529324,1.2294448316898456,-2.9018367742433324,0.054292709581692175,0.0010329350553878285,0.17656623947250244,-0.32517270218443561,-0.048120418850813647,0.94442953100996085,-0.079467750940932808,0.99656238770114336,0.023415464543462976,-0.94230971040017508,-0.06743762087305985,-0.3278789059645637,8.7486665703735825e-05,3.0078339913973524e-05
4.975031852722168,1790952592.7747719,0.00060200691223144531,0.034609879067047558,0.034801865284766934,0,-0.024609142453120049,0.38664278919430384,-0.045430920429412401,0.054320999999999994,0.0010349999999999999,0.176649,-2.9386806747529324,1.2294448316898456,-2.9018367742433324,0.054292709581692175,0.0010329350553878285,0.17656623947250244,-0.32517270218443561,-0.048120418850813647,0.94442953100996085,-0.079467750940932808,0.99656238770114336,0.023415464543462976,-0.94230971040017508,-0.06743762087305985,-0.3278789059645637,8.7486665703735825e-05,3.0078339913973524e-05
4.9800078868865967,1790952592.779748,0.0005779266357421875,0.034609879067047558,0.034801865284766934,0,-0.024609142453120049,0.38664278919430384,-0.045430920429412401,0.054320999999999994,0.0010349999999999999,0.176649,-2.9386806747529324,1.2294448316898456,-2.9018367742433324,0.054292709581692175,0.0010329350553878285,0.17656623947250244,-0.32517270218443561,-0.048120418850813647,0.94442953100996085,-0.079467750940932808,0.99656238770114336,0.023415464543462976,-0.94230971040017508,-0.06743762087305985,-0.3278789059645637,8.7486665703735825e-05,3.0078339913973524e-05
4.9850308895111084,1790952592.784771,0.000598907470703125,0.034609879067047558,0.034801865284766934,0,-0.024609142453120049,0.38664278919430384,-0.045430920429412401,0.054320999999999994,0.0010349999999999999,0.176649,-2.9386806747529324,1.2294448316898456,-2.9018367742433324,0.054292709581692175,0.0010329350553878285,0.17656623947250244,-0.32517270218443561,-0.048120418850813647,0.94442953100996085,-0.079467750940932808,0.99656238770114336,0.023415464543462976,-0.94230971040017508,-0.06743762087305985,-0.3278789059645637,8.7486665703735825e-05,3.0078339913973524e-05
4.9900069236755371,1790952592.789747,0.00059795379638671875,0.034609879067047558,0.034801865284766934,0,-0.024609142453120049,0.38664278919430384,-0.045430920429412401,0.054320999999999994,0.0010349999999999999,0.176649,-2.9386806747529324,1.2294448316898456,-2.9018367742433324,0.054292709581692175,0.0010329350553878285,0.17656623947250244,-0.32517270218443561,-0.048120418850813647,0.94442953100996085,-0.079467750940932808,0.99656238770114336,0.023415464543462976,-0.94230971040017508,-0.06743762087305985,-0.3278789059645637,8.7486665703735825e-05,3.0078339913973524e-05
4.9950318336486816,1790952592.7947719,0.0006008148193359375,0.034609879067047558,0.034801865284766934,0,-0.024609142453120049,0.38664278919430384,-0.045430920429412401,0.054320999999999994,0.0010349999999999999,0.176649,-2.9386806747529324,1.2294448316898456,-2.9018367742433324,0.054292709581692175,0.0010329350553878285,0.17656623947250244,-0.32517270218443561,-0.048120418850813647,0.94442953100996085,-0.079467750940932808,0.99656238770114336,0.023415464543462976,-0.94230971040017508,-0.06743762087305985,-0.3278789059645637,8.7486665703735825e-05,3.0078339913973524e-05
