(1790861307.566420) can0 2A1#0000000000000000
(1790861307.566511) can0 2A2#0000C83EFFFFFCB4
(1790861307.566634) can0 2A3#0002939CFFFD73D3
(1790861307.566758) can0 2A4#00011B0AFFFD740B
(1790861307.566883) can0 2A5#00000000FFFFF831
(1790861307.567008) can0 2A6#000007B3FFFFFA7C
(1790861307.567134) can0 2A7#0000565EFFFFF5D0
(1790861307.567257) can0 2A8#0000000000000000
(1790861307.567358) can0 251#0000000000000000
(1790861307.567482) can0 252#00000000FFFFFFDE
(1790861307.567608) can0 253#0000000000000022
(1790861307.567758) can0 254#00000000FFFFFFE8
(1790861307.567883) can0 264#00E600211C000000
(1790861307.568007) can0 255#0000000000000182
(1790861307.568132) can0 256#00000000FFFFFFD3
(1790861307.571460) can0 2A1#0000000000000000
(1790861307.571634) can0 2A2#0000C83EFFFFFCB4
(1790861307.571638) can0 2A3#0002939CFFFD73D3
(1790861307.571843) can0 2A4#00011B0AFFFD740B
(1790861307.572019) can0 2A5#00000000FFFFF831
(1790861307.572023) can0 2A6#000007B3FFFFFA7C
(1790861307.572182) can0 2A7#0000565EFFFFF5D0
(1790861307.572342) can0 2A8#0000000000000000
(1790861307.576503) can0 2A1#0000000000000000
(1790861307.576663) can0 2A2#0000C83EFFFFFCB4
(1790861307.576667) can0 2A3#0002939CFFFD73D3
(1790861307.576868) can0 2A4#00011B0AFFFD740B
(1790861307.576882) can0 2A5#00000000FFFFF831
(1790861307.577076) can0 2A6#000007B3FFFFFA7C
(1790861307.577141) can0 2A7#0000565EFFFFF5D0
(1790861307.577261) can0 2A8#0000000000000000
(1790861307.577483) can0 251#0000000000000000
(1790861307.577510) can0 252#00000000FFFFFFDE
(1790861307.577729) can0 253#0000000000000022
(1790861307.577914) can0 263#00E600201B000000
(1790861307.577918) can0 254#00000000FFFFFFE8
(1790861307.578173) can0 255#0000000000000182
(1790861307.578178) can0 256#00000000FFFFFFD3
(1790861307.581397) can0 2A1#0000000000000000
(1790861307.581508) can0 2A2#0000C83EFFFFFCB4
(1790861307.581632) can0 2A3#0002939CFFFD73D3
(1790861307.581760) can0 2A4#00011B0AFFFD740B
(1790861307.581883) can0 2A5#00000000FFFFF831
(1790861307.582007) can0 2A6#000007B3FFFFFA7C
(1790861307.582109) can0 2A7#0000565EFFFFF5D0
(1790861307.582233) can0 2A8#0000000000000000
(1790861307.586508) can0 2A1#0000000000000000
(1790861307.586533) can0 2A2#0000C83EFFFFFCB4
(1790861307.586733) can0 2A3#0002939CFFFD73D3
(1790861307.586759) can0 2A4#00011B0AFFFD740B
(1790861307.587041) can0 2A5#00000000FFFFF831
(1790861307.587045) can0 2A6#000007B3FFFFFA7C
(1790861307.587137) can0 2A7#0000565EFFFFF5D0
(1790861307.587260) can0 2A8#0000000000000000
(1790861307.587560) can0 251#0000000000000000
(1790861307.587564) can0 252#00000000FFFFFFDE
(1790861307.587640) can0 262#00E6001F1A000000
(1790861307.587841) can0 253#0000000000000022
(1790861307.587885) can0 254#00000000FFFFFFE8
(1790861307.588117) can0 255#0000000000000182
(1790861307.588121) can0 256#00000000FFFFFFD3
(1790861307.591477) can0 2A1#0000000000000000
(1790861307.591618) can0 2A2#0000C83EFFFFFCB4
(1790861307.591634) can0 2A3#0002939CFFFD73D3
(1790861307.591874) can0 2A4#00011B0AFFFD740B
(1790861307.591878) can0 2A5#00000000FFFFF831
(1790861307.592128) can0 2A6#000007B3FFFFFA7C
(1790861307.592133) can0 2A7#0000565EFFFFF5D0
(1790861307.592349) can0 2A8#0000000000000000
(1790861307.596473) can0 2A1#0000000000000000
(1790861307.596681) can0 2A2#0000C83EFFFFFCB4
(1790861307.596685) can0 2A3#0002939CFFFD73D3
(1790861307.596847) can0 2A4#00011B0AFFFD740B
(1790861307.596884) can0 2A5#00000000FFFFF831
(1790861307.597010) can0 2A6#000007B3FFFFFA7C
(1790861307.597134) can0 2A7#0000565EFFFFF5D0
(1790861307.597260) can0 2A8#0000000000000000
(1790861307.597385) can0 251#0000000000000000
(1790861307.597509) can0 261#00E600211B000000
(1790861307.597635) can0 252#00000000FFFFFFDE
(1790861307.597761) can0 253#0000000000000022
(1790861307.597884) can0 254#00000000FFFFFFE8
(1790861307.598172) can0 255#0000000000000182
(1790861307.598174) can0 256#00000000FFFFFFD3
(1790861307.598239) can0 266#00E600221C000000
(1790861307.601471) can0 2A1#0000000000000000
(1790861307.601616) can0 2A2#0000C83EFFFFFCB4
(1790861307.601630) can0 2A3#0002939CFFFD73D3
(1790861307.601856) can0 2A4#00011B0AFFFD740B
(1790861307.602066) can0 2A5#00000000FFFFF831
(1790861307.602070) can0 2A6#000007B3FFFFFA7C
(1790861307.602238) can0 2A7#0000565EFFFFF5D0
(1790861307.602242) can0 2A8#0000000000000000
(1790861307.606548) can0 2A1#0000000000000000
(1790861307.606558) can0 2A2#0000C83EFFFFFCB4
(1790861307.606757) can0 2A3#0002939CFFFD73D3
(1790861307.606760) can0 2A4#00011B0AFFFD740B
(1790861307.606990) can0 2A5#00000000FFFFF831
(1790861307.607014) can0 2A6#000007B3FFFFFA7C
(1790861307.607229) can0 2A7#0000565EFFFFF5D0
(1790861307.607420) can0 2A8#0000000000000000
(1790861307.607424) can0 251#0000000000000000
(1790861307.607614) can0 252#00000000FFFFFFDE
(1790861307.607618) can0 253#0000000000000022
(1790861307.607828) can0 254#00000000FFFFFFE8
(1790861307.608016) can0 255#0000000000000182
(1790861307.608020) can0 265#00E600221D000000
(1790861307.608134) can0 256#00000000FFFFFFD3
(1790861307.611495) can0 2A1#0000000000000000
(1790861307.611514) can0 2A2#0000C83EFFFFFCB4
(1790861307.611721) can0 2A3#0002939CFFFD73D3
(1790861307.611759) can0 2A4#00011B0AFFFD740B
(1790861307.612001) can0 2A5#00000000FFFFF831
(1790861307.612011) can0 2A6#000007B3FFFFFA7C
(1790861307.612235) can0 2A7#0000565EFFFFF5D0
(1790861307.612242) can0 2A8#0000000000000000
(1790861307.616455) can0 2A1#0000000000000000
(1790861307.616535) can0 2A2#0000C83EFFFFFCB4
(1790861307.616657) can0 2A3#0002939CFFFD73D3
(1790861307.616758) can0 2A4#00011B0AFFFD740B
(1790861307.616883) can0 2A5#00000000FFFFF831
(1790861307.617008) can0 2A6#000007B3FFFFFA7C
(1790861307.617134) can0 2A7#0000565EFFFFF5D0
(1790861307.617258) can0 2A8#0000000000000000
(1790861307.617358) can0 251#0000000000000000
(1790861307.617483) can0 252#00000000FFFFFFDE
(1790861307.617633) can0 253#0000000000000022
(1790861307.617755) can0 254#00000000FFFFFFE8
(1790861307.617881) can0 264#00E600211C000000
(1790861307.618006) can0 255#0000000000000182
(1790861307.618214) can0 256#00000000FFFFFFD3
(1790861307.621487) can0 2A1#0000000000000000
(1790861307.621505) can0 2A2#0000C83EFFFFFCB4
(1790861307.621722) can0 2A3#0002939CFFFD73D3
(1790861307.621869) can0 2A4#00011B0AFFFD740B
(1790861307.621883) can0 2A5#00000000FFFFF831
(1790861307.622086) can0 2A6#000007B3FFFFFA7C
(1790861307.622106) can0 2A7#0000565EFFFFF5D0
(1790861307.622232) can0 2A8#0000000000000000
(1790861307.626546) can0 2A1#0000000000000000
(1790861307.626554) can0 2A2#0000C83EFFFFFCB4
(1790861307.626753) can0 2A3#0002939CFFFD73D3
(1790861307.626762) can0 2A4#00011B0AFFFD740B
(1790861307.627032) can0 2A5#00000000FFFFF831
(1790861307.627036) can0 2A6#000007B3FFFFFA7C
(1790861307.627134) can0 2A7#0000565EFFFFF5D0
(1790861307.627259) can0 2A8#0000000000000000
(1790861307.627569) can0 251#0000000000000000
(1790861307.627573) can0 252#00000000FFFFFFDE
(1790861307.627633) can0 253#0000000000000022
(1790861307.627758) can0 263#00E600201B000000
(1790861307.627885) can0 254#00000000FFFFFFE8
(1790861307.628008) can0 255#0000000000000182
(1790861307.628109) can0 256#00000000FFFFFFD3
(1790861307.631493) can0 2A1#0000000000000000
(1790861307.631512) can0 2A2#0000C83EFFFFFCB4
(1790861307.631698) can0 2A3#0002939CFFFD73D3
(1790861307.631888) can0 2A4#00011B0AFFFD740B
(1790861307.631892) can0 2A5#00000000FFFFF831
(1790861307.632085) can0 2A6#000007B3FFFFFA7C
(1790861307.632217) can0 2A7#0000565EFFFFF5D0
(1790861307.632231) can0 2A8#0000000000000000
(1790861307.636520) can0 2A1#0000000000000000
(1790861307.636537) can0 2A2#0000C83EFFFFFCB4
(1790861307.636700) can0 2A3#0002939CFFFD73D3
(1790861307.636906) can0 2A4#00011B0AFFFD740B
(1790861307.636910) can0 2A5#00000000FFFFF831
(1790861307.637012) can0 2A6#000007B3FFFFFA7C
(1790861307.637134) can0 2A7#0000565EFFFFF5D0
(1790861307.637260) can0 2A8#0000000000000000
(1790861307.637389) can0 251#0000000000000000
(1790861307.637510) can0 252#00000000FFFFFFDE
(1790861307.637633) can0 262#00E6001F1A000000
(1790861307.637760) can0 253#0000000000000022
(1790861307.637893) can0 254#00000000FFFFFFE8
(1790861307.638008) can0 255#0000000000000182
(1790861307.638108) can0 256#00000000FFFFFFD3
(1790861307.641514) can0 2A1#0000000000000000
(1790861307.641523) can0 2A2#0000C83EFFFFFCB4
(1790861307.641770) can0 2A3#0002939CFFFD73D3
(1790861307.641773) can0 2A4#00011B0AFFFD740B
(1790861307.641969) can0 2A5#00000000FFFFF831
(1790861307.641983) can0 2A6#000007B3FFFFFA7C
(1790861307.642145) can0 2A7#0000565EFFFFF5D0
(1790861307.642344) can0 2A8#0000000000000000
(1790861307.646563) can0 2A1#0000000000000000
(1790861307.646571) can0 2A2#0000C83EFFFFFCB4
(1790861307.646718) can0 2A3#0002939CFFFD73D3
(1790861307.646958) can0 2A4#00011B0AFFFD740B
(1790861307.646962) can0 2A5#00000000FFFFF831
(1790861307.647010) can0 2A6#000007B3FFFFFA7C
(1790861307.647140) can0 2A7#0000565EFFFFF5D0
(1790861307.647261) can0 2A8#0000000000000000
(1790861307.647385) can0 251#0000000000000000
(1790861307.647510) can0 261#00E600211B000000
(1790861307.647635) can0 252#00000000FFFFFFDE
(1790861307.647759) can0 253#0000000000000022
(1790861307.647885) can0 254#00000000FFFFFFE8
(1790861307.648019) can0 255#0000000000000182
(1790861307.648110) can0 256#00000000FFFFFFD3
(1790861307.648234) can0 266#00E600221C000000
(1790861307.651558) can0 2A1#0000000000000000
(1790861307.651567) can0 2A2#0000C83EFFFFFCB4
(1790861307.651786) can0 2A3#0002939CFFFD73D3
(1790861307.651789) can0 2A4#00011B0AFFFD740B
(1790861307.652007) can0 2A5#00000000FFFFF831
(1790861307.652010) can0 2A6#000007B3FFFFFA7C
(1790861307.652243) can0 2A7#0000565EFFFFF5D0
(1790861307.652250) can0 2A8#0000000000000000
(1790861307.656507) can0 2A1#0000000000000000
(1790861307.656539) can0 2A2#0000C83EFFFFFCB4
(1790861307.656797) can0 2A3#0002939CFFFD73D3
(1790861307.656801) can0 2A4#00011B0AFFFD740B
(1790861307.656888) can0 2A5#00000000FFFFF831
(1790861307.657035) can0 2A6#000007B3FFFFFA7C
(1790861307.657226) can0 2A7#0000565EFFFFF5D0
(1790861307.657260) can0 2A8#0000000000000000
(1790861307.657362) can0 251#0000000000000000
(1790861307.657608) can0 252#00000000FFFFFFDE
(1790861307.657634) can0 253#0000000000000022
(1790861307.657839) can0 254#00000000FFFFFFE8
(1790861307.658001) can0 255#0000000000000182
(1790861307.658016) can0 265#00E600221D000000
(1790861307.658143) can0 256#00000000FFFFFFD3
(1790861307.661400) can0 2A1#0000000000000000
(1790861307.661508) can0 2A2#0000C83EFFFFFCB4
(1790861307.661633) can0 2A3#0002939CFFFD73D3
(1790861307.661758) can0 2A4#00011B0AFFFD740B
(1790861307.661884) can0 2A5#00000000FFFFF831
(1790861307.662009) can0 2A6#000007B3FFFFFA7C
(1790861307.662115) can0 2A7#0000565EFFFFF5D0
(1790861307.662234) can0 2A8#0000000000000000
(1790861307.666435) can0 2A1#0000000000000000
(1790861307.666534) can0 2A2#0000C83EFFFFFCB4
(1790861307.666669) can0 2A3#0002939CFFFD73D3
(1790861307.666760) can0 2A4#00011B0AFFFD740B
(1790861307.667028) can0 2A5#00000000FFFFF831
(1790861307.667032) can0 2A6#000007B3FFFFFA7C
(1790861307.667136) can0 2A7#0000565EFFFFF5D0
(1790861307.667258) can0 2A8#0000000000000000
(1790861307.667385) can0 251#0000000000000000
(1790861307.667508) can0 252#00000000FFFFFFDE
(1790861307.667634) can0 253#0000000000000022
(1790861307.667759) can0 254#00000000FFFFFFE8
(1790861307.667883) can0 264#00E600211C000000
(1790861307.668187) can0 255#0000000000000182
(1790861307.668191) can0 256#00000000FFFFFFD3
(1790861307.671543) can0 2A1#0000000000000000
(1790861307.671566) can0 2A2#0000C83EFFFFFCB4
(1790861307.671701) can0 2A3#0002939CFFFD73D3
(1790861307.671841) can0 2A4#00011B0AFFFD740B
(1790861307.672010) can0 2A5#00000000FFFFF831
(1790861307.672013) can0 2A6#000007B3FFFFFA7C
(1790861307.672110) can0 2A7#0000565EFFFFF5D0
(1790861307.672261) can0 2A8#0000000000000000
(1790861307.676566) can0 2A1#0000000000000000
(1790861307.676592) can0 2A2#0000C83EFFFFFCB4
(1790861307.676844) can0 2A3#0002939CFFFD73D3
(1790861307.676849) can0 2A4#00011B0AFFFD740B
(1790861307.676888) can0 2A5#00000000FFFFF831
(1790861307.677013) can0 2A6#000007B3FFFFFA7C
(1790861307.677149) can0 2A7#0000565EFFFFF5D0
(1790861307.677262) can0 2A8#0000000000000000
(1790861307.677388) can0 251#0000000000000000
(1790861307.677659) can0 252#00000000FFFFFFDE
(1790861307.677665) can0 253#0000000000000022
(1790861307.677878) can0 263#00E600201B000000
(1790861307.677899) can0 254#00000000FFFFFFE8
(1790861307.678014) can0 255#0000000000000182
(1790861307.678138) can0 256#00000000FFFFFFD3
(1790861307.681494) can0 2A1#0000000000000000
(1790861307.681516) can0 2A2#0000C83EFFFFFCB4
(1790861307.681703) can0 2A3#0002939CFFFD73D3
(1790861307.681761) can0 2A4#00011B0AFFFD740B
(1790861307.681983) can0 2A5#00000000FFFFF831
(1790861307.681987) can0 2A6#000007B3FFFFFA7C
(1790861307.682195) can0 2A7#0000565EFFFFF5D0
(1790861307.682265) can0 2A8#0000000000000000
(1790861307.686557) can0 2A1#0000000000000000
(1790861307.686565) can0 2A2#0000C83EFFFFFCB4
(1790861307.686725) can0 2A3#0002939CFFFD73D3
(1790861307.686761) can0 2A4#00011B0AFFFD740B
(1790861307.687042) can0 2A5#00000000FFFFF831
(1790861307.687047) can0 2A6#000007B3FFFFFA7C
(1790861307.687223) can0 2A7#0000565EFFFFF5D0
(1790861307.687259) can0 2A8#0000000000000000
(1790861307.687386) can0 251#0000000000000000
(1790861307.687511) can0 252#00000000FFFFFFDE
(1790861307.687636) can0 262#00E6001F1A000000
(1790861307.687762) can0 253#0000000000000022
(1790861307.687887) can0 254#00000000FFFFFFE8
(1790861307.688010) can0 255#0000000000000182
(1790861307.688135) can0 256#00000000FFFFFFD3
(1790861307.691523) can0 2A1#0000000000000000
(1790861307.691533) can0 2A2#0000C83EFFFFFCB4
(1790861307.691768) can0 2A3#0002939CFFFD73D3
(1790861307.691776) can0 2A4#00011B0AFFFD740B
(1790861307.692042) can0 2A5#00000000FFFFF831
(1790861307.692050) can0 2A6#000007B3FFFFFA7C
(1790861307.692256) can0 2A7#0000565EFFFFF5D0
(1790861307.692263) can0 2A8#0000000000000000
(1790861307.696506) can0 2A1#0000000000000000
(1790861307.696548) can0 2A2#0000C83EFFFFFCB4
(1790861307.696763) can0 2A3#0002939CFFFD73D3
(1790861307.696770) can0 2A4#00011B0AFFFD740B
(1790861307.696990) can0 2A5#00000000FFFFF831
(1790861307.697015) can0 2A6#000007B3FFFFFA7C
(1790861307.697218) can0 2A7#0000565EFFFFF5D0
(1790861307.697262) can0 2A8#0000000000000000
(1790861307.697457) can0 251#0000000000000000
(1790861307.697481) can0 261#00E600211B000000
(1790861307.697698) can0 252#00000000FFFFFFDE
(1790861307.697733) can0 253#0000000000000022
(1790861307.697970) can0 254#00000000FFFFFFE8
(1790861307.698013) can0 255#0000000000000182
(1790861307.698109) can0 256#00000000FFFFFFD3
(1790861307.698233) can0 266#00E600221C000000
(1790861307.701478) can0 2A1#0000000000000000
(1790861307.701535) can0 2A2#0000C83EFFFFFCB4
(1790861307.701633) can0 2A3#0002939CFFFD73D3
(1790861307.701763) can0 2A4#00011B0AFFFD740B
(1790861307.701883) can0 2A5#00000000FFFFF831
(1790861307.701983) can0 2A6#000007B3FFFFFA7C
(1790861307.702107) can0 2A7#0000565EFFFFF5D0
(1790861307.702232) can0 2A8#0000000000000000
(1790861307.706483) can0 2A1#0000000000000000
(1790861307.706535) can0 2A2#0000C83EFFFFFCB4
(1790861307.706786) can0 2A3#0002939CFFFD73D3
(1790861307.706793) can0 2A4#00011B0AFFFD740B
(1790861307.707029) can0 2A5#00000000FFFFF831
(1790861307.707036) can0 2A6#000007B3FFFFFA7C
(1790861307.707278) can0 2A7#0000565EFFFFF5D0
(1790861307.707284) can0 2A8#0000000000000000
(1790861307.707549) can0 251#0000000000000000
(1790861307.707557) can0 252#00000000FFFFFFDE
(1790861307.707814) can0 253#0000000000000022
(1790861307.707823) can0 254#00000000FFFFFFE8
(1790861307.708052) can0 255#0000000000000182
(1790861307.708059) can0 265#00E600221D000000
(1790861307.708134) can0 256#00000000FFFFFFD3
(1790861307.711529) can0 2A1#0000000000000000
(1790861307.711539) can0 2A2#0000C83EFFFFFCB4
(1790861307.711766) can0 2A3#0002939CFFFD73D3
(1790861307.711773) can0 2A4#00011B0AFFFD740B
(1790861307.712034) can0 2A5#00000000FFFFF831
(1790861307.712041) can0 2A6#000007B3FFFFFA7C
(1790861307.712212) can0 2A7#0000565EFFFFF5D0
(1790861307.712237) can0 2A8#0000000000000000
(1790861307.716558) can0 2A1#0000000000000000
(1790861307.716570) can0 2A2#0000C83EFFFFFCB4
(1790861307.716634) can0 2A3#0002939CFFFD73D3
(1790861307.716758) can0 2A4#00011B0AFFFD740B
(1790861307.716883) can0 2A5#00000000FFFFF831
(1790861307.717008) can0 2A6#000007B3FFFFFA7C
(1790861307.717133) can0 2A7#0000565EFFFFF5D0
(1790861307.717258) can0 2A8#0000000000000000
(1790861307.717384) can0 251#0000000000000000
(1790861307.717509) can0 252#00000000FFFFFFDE
(1790861307.717633) can0 253#0000000000000022
(1790861307.717758) can0 254#00000000FFFFFFE8
(1790861307.717883) can0 264#00E600211C000000
(1790861307.718007) can0 255#0000000000000182
(1790861307.718134) can0 256#00000000FFFFFFD3
(1790861307.721543) can0 2A1#0000000000000000
(1790861307.721555) can0 2A2#0000C83EFFFFFCB4
(1790861307.721715) can0 2A3#0002939CFFFD73D3
(1790861307.721767) can0 2A4#00011B0AFFFD740B
(1790861307.721968) can0 2A5#00000000FFFFF831
(1790861307.721993) can0 2A6#000007B3FFFFFA7C
(1790861307.722134) can0 2A7#0000565EFFFFF5D0
(1790861307.722233) can0 2A8#0000000000000000
(1790861307.726508) can0 2A1#0000000000000000
(1790861307.726538) can0 2A2#0000C83EFFFFFCB4
(1790861307.726643) can0 2A3#0002939CFFFD73D3
(1790861307.726935) can0 2A4#00011B0AFFFD740B
(1790861307.726938) can0 2A5#00000000FFFFF831
(1790861307.727157) can0 2A6#000007B3FFFFFA7C
(1790861307.727160) can0 2A7#0000565EFFFFF5D0
(1790861307.727375) can0 2A8#0000000000000000
(1790861307.727388) can0 251#0000000000000000
(1790861307.727510) can0 252#00000000FFFFFFDE
(1790861307.727634) can0 253#0000000000000022
(1790861307.727758) can0 263#00E600201B000000
(1790861307.727883) can0 254#00000000FFFFFFE8
(1790861307.728009) can0 255#0000000000000182
(1790861307.728134) can0 256#00000000FFFFFFD3
(1790861307.731456) can0 2A1#0000000000000000
(1790861307.731620) can0 2A2#0000C83EFFFFFCB4
(1790861307.731638) can0 2A3#0002939CFFFD73D3
(1790861307.731900) can0 2A4#00011B0AFFFD740B
(1790861307.731904) can0 2A5#00000000FFFFF831
(1790861307.732155) can0 2A6#000007B3FFFFFA7C
(1790861307.732159) can0 2A7#0000565EFFFFF5D0
(1790861307.732335) can0 2A8#0000000000000000
(1790861307.736515) can0 2A1#0000000000000000
(1790861307.736531) can0 2A2#0000C83EFFFFFCB4
(1790861307.736701) can0 2A3#0002939CFFFD73D3
(1790861307.736760) can0 2A4#00011B0AFFFD740B
(1790861307.736959) can0 2A5#00000000FFFFF831
(1790861307.737011) can0 2A6#000007B3FFFFFA7C
(1790861307.737283) can0 2A7#0000565EFFFFF5D0
(1790861307.737286) can0 2A8#0000000000000000
(1790861307.737472) can0 251#0000000000000000
(1790861307.737509) can0 252#00000000FFFFFFDE
(1790861307.737751) can0 262#00E6001F1A000000
(1790861307.737765) can0 253#0000000000000022
(1790861307.737994) can0 254#00000000FFFFFFE8
(1790861307.738012) can0 255#0000000000000182
(1790861307.738238) can0 256#00000000FFFFFFD3
(1790861307.741473) can0 2A1#0000000000000000
(1790861307.741609) can0 2A2#0000C83EFFFFFCB4
(1790861307.741634) can0 2A3#0002939CFFFD73D3
(1790861307.741761) can0 2A4#00011B0AFFFD740B
(1790861307.741883) can0 2A5#00000000FFFFF831
(1790861307.742011) can0 2A6#000007B3FFFFFA7C
(1790861307.742107) can0 2A7#0000565EFFFFF5D0
(1790861307.742233) can0 2A8#0000000000000000
(1790861307.746554) can0 2A1#0000000000000000
(1790861307.746563) can0 2A2#0000C83EFFFFFCB4
(1790861307.746752) can0 2A3#0002939CFFFD73D3
(1790861307.746767) can0 2A4#00011B0AFFFD740B
(1790861307.747030) can0 2A5#00000000FFFFF831
(1790861307.747034) can0 2A6#000007B3FFFFFA7C
(1790861307.747228) can0 2A7#0000565EFFFFF5D0
(1790861307.747258) can0 2A8#0000000000000000
(1790861307.747494) can0 251#0000000000000000
(1790861307.747498) can0 261#00E600211B000000
(1790861307.747614) can0 252#00000000FFFFFFDE
(1790861307.747759) can0 253#0000000000000022
(1790861307.747927) can0 254#00000000FFFFFFE8
(1790861307.748017) can0 255#0000000000000182
(1790861307.748135) can0 256#00000000FFFFFFD3
(1790861307.748234) can0 266#00E600221C000000
(1790861307.751578) can0 2A1#0000000000000000
(1790861307.751601) can0 2A2#0000C83EFFFFFCB4
(1790861307.751758) can0 2A3#0002939CFFFD73D3
(1790861307.751786) can0 2A4#00011B0AFFFD740B
(1790861307.751891) can0 2A5#00000000FFFFF831
(1790861307.752044) can0 2A6#000007B3FFFFFA7C
(1790861307.752241) can0 2A7#0000565EFFFFF5D0
(1790861307.752245) can0 2A8#0000000000000000
(1790861307.756551) can0 2A1#0000000000000000
(1790861307.756559) can0 2A2#0000C83EFFFFFCB4
(1790861307.756739) can0 2A3#0002939CFFFD73D3
(1790861307.756756) can0 2A4#00011B0AFFFD740B
(1790861307.756886) can0 2A5#00000000FFFFF831
(1790861307.757014) can0 2A6#000007B3FFFFFA7C
(1790861307.757135) can0 2A7#0000565EFFFFF5D0
(1790861307.757259) can0 2A8#0000000000000000
(1790861307.757521) can0 251#0000000000000000
(1790861307.757525) can0 252#00000000FFFFFFDE
(1790861307.757636) can0 253#0000000000000022
(1790861307.757762) can0 254#00000000FFFFFFE8
(1790861307.757884) can0 255#0000000000000182
(1790861307.757984) can0 265#00E600221D000000
(1790861307.758110) can0 256#00000000FFFFFFD3
(1790861307.761487) can0 2A1#0000000000000000
(1790861307.761506) can0 2A2#0000C83EFFFFFCB4
(1790861307.761667) can0 2A3#0002939CFFFD73D3
(1790861307.761761) can0 2A4#00011B0AFFFD740B
(1790861307.761885) can0 2A5#00000000FFFFF831
(1790861307.762010) can0 2A6#000007B3FFFFFA7C
(1790861307.762137) can0 2A7#0000565EFFFFF5D0
(1790861307.762259) can0 2A8#0000000000000000
(1790861307.766510) can0 2A1#0000000000000000
(1790861307.766540) can0 2A2#0000C83EFFFFFCB4
(1790861307.766678) can0 2A3#0002939CFFFD73D3
(1790861307.766760) can0 2A4#00011B0AFFFD740B
(1790861307.767015) can0 2A5#00000000FFFFF831
(1790861307.767019) can0 2A6#000007B3FFFFFA7C
(1790861307.767143) can0 2A7#0000565EFFFFF5D0
(1790861307.767260) can0 2A8#0000000000000000
(1790861307.767385) can0 251#0000000000000000
(1790861307.767508) can0 252#00000000FFFFFFDE
(1790861307.767637) can0 253#0000000000000022
(1790861307.767760) can0 254#00000000FFFFFFE8
(1790861307.767883) can0 264#00E600211C000000
(1790861307.768010) can0 255#0000000000000182
(1790861307.768136) can0 256#00000000FFFFFFD3
(1790861307.771518) can0 2A1#0000000000000000
(1790861307.771524) can0 2A2#0000C83EFFFFFCB4
(1790861307.771700) can0 2A3#0002939CFFFD73D3
(1790861307.771866) can0 2A4#00011B0AFFFD740B
(1790861307.771882) can0 2A5#00000000FFFFF831
(1790861307.772078) can0 2A6#000007B3FFFFFA7C
(1790861307.772114) can0 2A7#0000565EFFFFF5D0
(1790861307.772382) can0 2A8#0000000000000000
(1790861307.776613) can0 2A1#0000000000000000
(1790861307.776639) can0 2A2#0000C83EFFFFFCB4
(1790861307.776649) can0 2A3#0002939CFFFD73D3
(1790861307.776800) can0 2A4#00011B0AFFFD740B
(1790861307.776957) can0 2A5#00000000FFFFF831
(1790861307.777023) can0 2A6#000007B3FFFFFA7C
(1790861307.777136) can0 2A7#0000565EFFFFF5D0
(1790861307.777259) can0 2A8#0000000000000000
(1790861307.777386) can0 251#0000000000000000
(1790861307.777638) can0 252#00000000FFFFFFDE
(1790861307.777643) can0 253#0000000000000022
(1790861307.777759) can0 263#00E600201B000000
(1790861307.777884) can0 254#00000000FFFFFFE8
(1790861307.778101) can0 255#0000000000000182
(1790861307.778134) can0 256#00000000FFFFFFD3
(1790861307.781408) can0 2A1#0000000000000000
(1790861307.781556) can0 2A2#0000C83EFFFFFCB4
(1790861307.781633) can0 2A3#0002939CFFFD73D3
(1790861307.781758) can0 2A4#00011B0AFFFD740B
(1790861307.781883) can0 2A5#00000000FFFFF831
(1790861307.781983) can0 2A6#000007B3FFFFFA7C
(1790861307.782133) can0 2A7#0000565EFFFFF5D0
(1790861307.782233) can0 2A8#0000000000000000
(1790861307.786511) can0 2A1#0000000000000000
(1790861307.786536) can0 2A2#0000C83EFFFFFCB4
(1790861307.786740) can0 2A3#0002939CFFFD73D3
(1790861307.786764) can0 2A4#00011B0AFFFD740B
(1790861307.787017) can0 2A5#00000000FFFFF831
(1790861307.787021) can0 2A6#000007B3FFFFFA7C
(1790861307.787240) can0 2A7#0000565EFFFFF5D0
(1790861307.787255) can0 2A8#0000000000000000
(1790861307.787466) can0 251#0000000000000000
(1790861307.787659) can0 252#00000000FFFFFFDE
(1790861307.787663) can0 262#00E6001F1A000000
(1790861307.787867) can0 253#0000000000000022
(1790861307.787871) can0 254#00000000FFFFFFE8
(1790861307.788113) can0 255#0000000000000182
(1790861307.788138) can0 256#00000000FFFFFFD3
(1790861307.791455) can0 2A1#0000000000000000
(1790861307.791510) can0 2A2#0000C83EFFFFFCB4
(1790861307.791714) can0 2A3#0002939CFFFD73D3
(1790861307.791762) can0 2A4#00011B0AFFFD740B
(1790861307.792012) can0 2A5#00000000FFFFF831
(1790861307.792021) can0 2A6#000007B3FFFFFA7C
(1790861307.792242) can0 2A7#0000565EFFFFF5D0
(1790861307.792249) can0 2A8#0000000000000000
(1790861307.796430) can0 2A1#0000000000000000
(1790861307.796543) can0 2A2#0000C83EFFFFFCB4
(1790861307.796660) can0 2A3#0002939CFFFD73D3
(1790861307.796760) can0 2A4#00011B0AFFFD740B
(1790861307.796883) can0 2A5#00000000FFFFF831
(1790861307.797007) can0 2A6#000007B3FFFFFA7C
(1790861307.797133) can0 2A7#0000565EFFFFF5D0
(1790861307.797257) can0 2A8#0000000000000000
(1790861307.797361) can0 251#0000000000000000
(1790861307.797554) can0 261#00E600211B000000
(1790861307.797768) can0 252#00000000FFFFFFDE
(1790861307.797772) can0 253#0000000000000022
(1790861307.797886) can0 254#00000000FFFFFFE8
(1790861307.798010) can0 255#0000000000000182
(1790861307.798134) can0 256#00000000FFFFFFD3
(1790861307.798234) can0 266#00E600221C000000
(1790861307.801483) can0 2A1#0000000000000000
(1790861307.801534) can0 2A2#0000C83EFFFFFCB4
(1790861307.801633) can0 2A3#0002939CFFFD73D3
(1790861307.801758) can0 2A4#00011B0AFFFD740B
(1790861307.801883) can0 2A5#00000000FFFFF831
(1790861307.802008) can0 2A6#000007B3FFFFFA7C
(1790861307.802108) can0 2A7#0000565EFFFFF5D0
(1790861307.802233) can0 2A8#0000000000000000
(1790861307.806445) can0 2A1#0000000000000000
(1790861307.806616) can0 2A2#0000C83EFFFFFCB4
(1790861307.806834) can0 2A3#0002939CFFFD73D3
(1790861307.806837) can0 2A4#00011B0AFFFD740B
(1790861307.807018) can0 2A5#00000000FFFFF831
(1790861307.807021) can0 2A6#000007B3FFFFFA7C
(1790861307.807193) can0 2A7#0000565EFFFFF5D0
(1790861307.807259) can0 2A8#0000000000000000
(1790861307.807383) can0 251#0000000000000000
(1790861307.807507) can0 252#00000000FFFFFFDE
(1790861307.807633) can0 253#0000000000000022
(1790861307.807760) can0 254#00000000FFFFFFE8
(1790861307.807884) can0 255#0000000000000182
(1790861307.808008) can0 265#00E600221D000000
(1790861307.808133) can0 256#00000000FFFFFFD3
(1790861307.811394) can0 2A1#0000000000000000
(1790861307.811512) can0 2A2#0000C83EFFFFFCB4
(1790861307.811635) can0 2A3#0002939CFFFD73D3
(1790861307.811983) can0 2A4#00011B0AFFFD740B
(1790861307.811989) can0 2A5#00000000FFFFF831
(1790861307.812006) can0 2A6#000007B3FFFFFA7C
(1790861307.812110) can0 2A7#0000565EFFFFF5D0
(1790861307.812260) can0 2A8#0000000000000000
(1790861307.816483) can0 2A1#0000000000000000
(1790861307.816643) can0 2A2#0000C83EFFFFFCB4
(1790861307.816653) can0 2A3#0002939CFFFD73D3
(1790861307.816853) can0 2A4#00011B0AFFFD740B
(1790861307.816885) can0 2A5#00000000FFFFF831
(1790861307.817009) can0 2A6#000007B3FFFFFA7C
(1790861307.817134) can0 2A7#0000565EFFFFF5D0
(1790861307.817258) can0 2A8#0000000000000000
(1790861307.817384) can0 251#0000000000000000
(1790861307.817509) can0 252#00000000FFFFFFDE
(1790861307.817633) can0 253#0000000000000022
(1790861307.817759) can0 254#00000000FFFFFFE8
(1790861307.817883) can0 264#00E600211C000000
(1790861307.817983) can0 255#0000000000000182
(1790861307.818108) can0 256#00000000FFFFFFD3
(1790861307.821512) can0 2A1#0000000000000000
(1790861307.821522) can0 2A2#0000C83EFFFFFCB4
(1790861307.821634) can0 2A3#0002939CFFFD73D3
(1790861307.821759) can0 2A4#00011B0AFFFD740B
(1790861307.821883) can0 2A5#00000000FFFFF831
(1790861307.821983) can0 2A6#000007B3FFFFFA7C
(1790861307.822133) can0 2A7#0000565EFFFFF5D0
(1790861307.822233) can0 2A8#0000000000000000
(1790861307.826502) can0 2A1#0000000000000000
(1790861307.826543) can0 2A2#0000C83EFFFFFCB4
(1790861307.826636) can0 2A3#0002939CFFFD73D3
(1790861307.826929) can0 2A4#00011B0AFFFD740B
(1790861307.826934) can0 2A5#00000000FFFFF831
(1790861307.827010) can0 2A6#000007B3FFFFFA7C
(1790861307.827135) can0 2A7#0000565EFFFFF5D0
(1790861307.827266) can0 2A8#0000000000000000
(1790861307.827385) can0 251#0000000000000000
(1790861307.827509) can0 252#00000000FFFFFFDE
(1790861307.827717) can0 253#0000000000000022
(1790861307.827760) can0 263#00E600201B000000
(1790861307.827886) can0 254#00000000FFFFFFE8
(1790861307.828010) can0 255#0000000000000182
(1790861307.828249) can0 256#00000000FFFFFFD3
(1790861307.831493) can0 2A1#0000000000000000
(1790861307.831519) can0 2A2#0000C83EFFFFFCB4
(1790861307.831699) can0 2A3#0002939CFFFD73D3
(1790861307.831859) can0 2A4#00011B0AFFFD740B
(1790861307.831885) can0 2A5#00000000FFFFF831
(1790861307.832164) can0 2A6#000007B3FFFFFA7C
(1790861307.832168) can0 2A7#0000565EFFFFF5D0
(1790861307.832356) can0 2A8#0000000000000000
(1790861307.836491) can0 2A1#0000000000000000
(1790861307.836659) can0 2A2#0000C83EFFFFFCB4
(1790861307.836663) can0 2A3#0002939CFFFD73D3
(1790861307.836838) can0 2A4#00011B0AFFFD740B
(1790861307.836885) can0 2A5#00000000FFFFF831
(1790861307.837011) can0 2A6#000007B3FFFFFA7C
(1790861307.837134) can0 2A7#0000565EFFFFF5D0
(1790861307.837263) can0 2A8#0000000000000000
(1790861307.837386) can0 251#0000000000000000
(1790861307.837544) can0 252#00000000FFFFFFDE
(1790861307.837610) can0 262#00E6001F1A000000
(1790861307.837827) can0 253#0000000000000022
(1790861307.837890) can0 254#00000000FFFFFFE8
(1790861307.838009) can0 255#0000000000000182
(1790861307.838134) can0 256#00000000FFFFFFD3
(1790861307.841470) can0 2A1#0000000000000000
(1790861307.841615) can0 2A2#0000C83EFFFFFCB4
(1790861307.841637) can0 2A3#0002939CFFFD73D3
(1790861307.841853) can0 2A4#00011B0AFFFD740B
(1790861307.841888) can0 2A5#00000000FFFFF831
(1790861307.842088) can0 2A6#000007B3FFFFFA7C
(1790861307.842108) can0 2A7#0000565EFFFFF5D0
(1790861307.842346) can0 2A8#0000000000000000
(1790861307.846508) can0 2A1#0000000000000000
(1790861307.846538) can0 2A2#0000C83EFFFFFCB4
(1790861307.846719) can0 2A3#0002939CFFFD73D3
(1790861307.846758) can0 2A4#00011B0AFFFD740B
(1790861307.846993) can0 2A5#00000000FFFFF831
(1790861307.847011) can0 2A6#000007B3FFFFFA7C
(1790861307.847133) can0 2A7#0000565EFFFFF5D0
(1790861307.847259) can0 2A8#0000000000000000
(1790861307.847385) can0 251#0000000000000000
(1790861307.847509) can0 261#00E600211B000000
(1790861307.847634) can0 252#00000000FFFFFFDE
(1790861307.847758) can0 253#0000000000000022
(1790861307.847883) can0 254#00000000FFFFFFE8
(1790861307.847983) can0 255#0000000000000182
(1790861307.848108) can0 256#00000000FFFFFFD3
(1790861307.848233) can0 266#00E600221C000000
(1790861307.851512) can0 2A1#0000000000000000
(1790861307.851522) can0 2A2#0000C83EFFFFFCB4
(1790861307.851772) can0 2A3#0002939CFFFD73D3
(1790861307.851778) can0 2A4#00011B0AFFFD740B
(1790861307.852012) can0 2A5#00000000FFFFF831
(1790861307.852019) can0 2A6#000007B3FFFFFA7C
(1790861307.852226) can0 2A7#0000565EFFFFF5D0
(1790861307.852258) can0 2A8#0000000000000000
(1790861307.856497) can0 2A1#0000000000000000
(1790861307.856534) can0 2A2#0000C83EFFFFFCB4
(1790861307.856681) can0 2A3#0002939CFFFD73D3
(1790861307.856922) can0 2A4#00011B0AFFFD740B
(1790861307.856926) can0 2A5#00000000FFFFF831
(1790861307.857009) can0 2A6#000007B3FFFFFA7C
(1790861307.857132) can0 2A7#0000565EFFFFF5D0
(1790861307.857352) can0 2A8#0000000000000000
(1790861307.857544) can0 251#0000000000000000
(1790861307.857547) can0 252#00000000FFFFFFDE
(1790861307.857724) can0 253#0000000000000022
(1790861307.857759) can0 254#00000000FFFFFFE8
(1790861307.857976) can0 255#0000000000000182
(1790861307.858009) can0 265#00E600221D000000
(1790861307.858132) can0 256#00000000FFFFFFD3
(1790861307.861399) can0 2A1#0000000000000000
(1790861307.861523) can0 2A2#0000C83EFFFFFCB4
(1790861307.861636) can0 2A3#0002939CFFFD73D3
(1790861307.861767) can0 2A4#00011B0AFFFD740B
(1790861307.861860) can0 2A5#00000000FFFFF831
(1790861307.862010) can0 2A6#000007B3FFFFFA7C
(1790861307.862109) can0 2A7#0000565EFFFFF5D0
(1790861307.862233) can0 2A8#0000000000000000
(1790861307.866515) can0 2A1#0000000000000000
(1790861307.866533) can0 2A2#0000C83EFFFFFCB4
(1790861307.866734) can0 2A3#0002939CFFFD73D3
(1790861307.866761) can0 2A4#00011B0AFFFD740B
(1790861307.866948) can0 2A5#00000000FFFFF831
(1790861307.867010) can0 2A6#000007B3FFFFFA7C
(1790861307.867134) can0 2A7#0000565EFFFFF5D0
(1790861307.867258) can0 2A8#0000000000000000
(1790861307.867383) can0 251#0000000000000000
(1790861307.867509) can0 252#00000000FFFFFFDE
(1790861307.867633) can0 253#0000000000000022
(1790861307.867759) can0 254#00000000FFFFFFE8
(1790861307.867884) can0 264#00E600211C000000
(1790861307.868008) can0 255#0000000000000182
(1790861307.868134) can0 256#00000000FFFFFFD3
(1790861307.871391) can0 2A1#0000000000000000
(1790861307.871508) can0 2A2#0000C83EFFFFFCB4
(1790861307.871633) can0 2A3#0002939CFFFD73D3
(1790861307.871759) can0 2A4#00011B0AFFFD740B
(1790861307.871858) can0 2A5#00000000FFFFF831
(1790861307.872008) can0 2A6#000007B3FFFFFA7C
(1790861307.872108) can0 2A7#0000565EFFFFF5D0
(1790861307.872257) can0 2A8#0000000000000000
(1790861307.876413) can0 2A1#0000000000000000
(1790861307.876540) can0 2A2#0000C83EFFFFFCB4
(1790861307.876658) can0 2A3#0002939CFFFD73D3
(1790861307.876758) can0 2A4#00011B0AFFFD740B
(1790861307.876883) can0 2A5#00000000FFFFF831
(1790861307.877008) can0 2A6#000007B3FFFFFA7C
(1790861307.877133) can0 2A7#0000565EFFFFF5D0
(1790861307.877258) can0 2A8#0000000000000000
(1790861307.877384) can0 251#0000000000000000
(1790861307.877484) can0 252#00000000FFFFFFDE
(1790861307.877607) can0 253#0000000000000022
(1790861307.877758) can0 263#00E600201B000000
(1790861307.877859) can0 254#00000000FFFFFFE8
(1790861307.878008) can0 255#0000000000000182
(1790861307.878133) can0 256#00000000FFFFFFD3
(1790861307.881390) can0 2A1#0000000000000000
(1790861307.881511) can0 2A2#0000C83EFFFFFCB4
(1790861307.881634) can0 2A3#0002939CFFFD73D3
(1790861307.881764) can0 2A4#00011B0AFFFD740B
(1790861307.881884) can0 2A5#00000000FFFFF831
(1790861307.881983) can0 2A6#000007B3FFFFFA7C
(1790861307.882108) can0 2A7#0000565EFFFFF5D0
(1790861307.882233) can0 2A8#0000000000000000
(1790861307.886413) can0 2A1#0000000000000000
(1790861307.886532) can0 2A2#0000C83EFFFFFCB4
(1790861307.886661) can0 2A3#0002939CFFFD73D3
(1790861307.886758) can0 2A4#00011B0AFFFD740B
(1790861307.886889) can0 2A5#00000000FFFFF831
(1790861307.887009) can0 2A6#000007B3FFFFFA7C
(1790861307.887136) can0 2A7#0000565EFFFFF5D0
(1790861307.887258) can0 2A8#0000000000000000
(1790861307.887358) can0 251#0000000000000000
(1790861307.887484) can0 252#00000000FFFFFFDE
(1790861307.887633) can0 262#00E6001F1A000000
(1790861307.887758) can0 253#0000000000000022
(1790861307.887884) can0 254#00000000FFFFFFE8
(1790861307.888007) can0 255#0000000000000182
(1790861307.888140) can0 256#00000000FFFFFFD3
(1790861307.891392) can0 2A1#0000000000000000
(1790861307.891508) can0 2A2#0000C83EFFFFFCB4
(1790861307.891634) can0 2A3#0002939CFFFD73D3
(1790861307.891759) can0 2A4#00011B0AFFFD740B
(1790861307.891884) can0 2A5#00000000FFFFF831
(1790861307.892008) can0 2A6#000007B3FFFFFA7C
(1790861307.892109) can0 2A7#0000565EFFFFF5D0
(1790861307.892258) can0 2A8#0000000000000000
(1790861307.896422) can0 2A1#0000000000000000
(1790861307.896508) can0 2A2#0000C83EFFFFFCB4
(1790861307.896634) can0 2A3#0002939CFFFD73D3
(1790861307.896783) can0 2A4#00011B0AFFFD740B
(1790861307.896883) can0 2A5#00000000FFFFF831
(1790861307.897009) can0 2A6#000007B3FFFFFA7C
(1790861307.897135) can0 2A7#0000565EFFFFF5D0
(1790861307.897258) can0 2A8#0000000000000000
(1790861307.897389) can0 251#0000000000000000
(1790861307.897508) can0 261#00E600211B000000
(1790861307.897634) can0 252#00000000FFFFFFDE
(1790861307.897759) can0 253#0000000000000022
(1790861307.897884) can0 254#00000000FFFFFFE8
(1790861307.898009) can0 255#0000000000000182
(1790861307.898134) can0 256#00000000FFFFFFD3
(1790861307.898233) can0 266#00E600221C000000
(1790861307.901387) can0 2A1#0000000000000000
(1790861307.901514) can0 2A2#0000C83EFFFFFCB4
(1790861307.901634) can0 2A3#0002939CFFFD73D3
(1790861307.901757) can0 2A4#00011B0AFFFD740B
(1790861307.901886) can0 2A5#00000000FFFFF831
(1790861307.902012) can0 2A6#000007B3FFFFFA7C
(1790861307.902133) can0 2A7#0000565EFFFFF5D0
(1790861307.902259) can0 2A8#0000000000000000
(1790861307.906419) can0 2A1#0000000000000000
(1790861307.906535) can0 2A2#0000C83EFFFFFCB4
(1790861307.906634) can0 2A3#0002939CFFFD73D3
(1790861307.906757) can0 2A4#00011B0AFFFD740B
(1790861307.906884) can0 2A5#00000000FFFFF831
(1790861307.907013) can0 2A6#000007B3FFFFFA7C
(1790861307.907133) can0 2A7#0000565EFFFFF5D0
(1790861307.907262) can0 2A8#0000000000000000
(1790861307.907383) can0 251#0000000000000000
(1790861307.907508) can0 252#00000000FFFFFFDE
(1790861307.907634) can0 253#0000000000000022
(1790861307.907757) can0 254#00000000FFFFFFE8
(1790861307.907883) can0 255#0000000000000182
(1790861307.908008) can0 265#00E600221D000000
(1790861307.908133) can0 256#00000000FFFFFFD3
(1790861307.911402) can0 2A1#0000000000000000
(1790861307.911508) can0 2A2#0000C83EFFFFFCB4
(1790861307.911634) can0 2A3#0002939CFFFD73D3
(1790861307.911759) can0 2A4#00011B0AFFFD740B
(1790861307.911884) can0 2A5#00000000FFFFF831
(1790861307.911983) can0 2A6#000007B3FFFFFA7C
(1790861307.912133) can0 2A7#0000565EFFFFF5D0
(1790861307.912233) can0 2A8#0000000000000000
(1790861307.916420) can0 2A1#0000000000000000
(1790861307.916533) can0 2A2#0000C83EFFFFFCB4
(1790861307.916633) can0 2A3#0002939CFFFD73D3
(1790861307.916759) can0 2A4#00011B0AFFFD740B
(1790861307.916886) can0 2A5#00000000FFFFF831
(1790861307.917009) can0 2A6#000007B3FFFFFA7C
(1790861307.917133) can0 2A7#0000565EFFFFF5D0
(1790861307.917259) can0 2A8#0000000000000000
(1790861307.917385) can0 251#0000000000000000
(1790861307.917509) can0 252#00000000FFFFFFDE
(1790861307.917633) can0 253#0000000000000022
(1790861307.917758) can0 254#00000000FFFFFFE8
(1790861307.917883) can0 264#00E600211C000000
(1790861307.918008) can0 255#0000000000000182
(1790861307.918133) can0 256#00000000FFFFFFD3
(1790861307.921391) can0 2A1#0000000000000000
(1790861307.921509) can0 2A2#0000C83EFFFFFCB4
(1790861307.921634) can0 2A3#0002939CFFFD73D3
(1790861307.921758) can0 2A4#00011B0AFFFD740B
(1790861307.921883) can0 2A5#00000000FFFFF831
(1790861307.922008) can0 2A6#000007B3FFFFFA7C
(1790861307.922108) can0 2A7#0000565EFFFFF5D0
(1790861307.922233) can0 2A8#0000000000000000
(1790861307.926416) can0 2A1#0000000000000000
(1790861307.926535) can0 2A2#0000C83EFFFFFCB4
(1790861307.926660) can0 2A3#0002939CFFFD73D3
(1790861307.926759) can0 2A4#00011B0AFFFD740B
(1790861307.926885) can0 2A5#00000000FFFFF831
(1790861307.927009) can0 2A6#000007B3FFFFFA7C
(1790861307.927149) can0 2A7#0000565EFFFFF5D0
(1790861307.927259) can0 2A8#0000000000000000
(1790861307.927383) can0 251#0000000000000000
(1790861307.927482) can0 252#00000000FFFFFFDE
(1790861307.927634) can0 253#0000000000000022
(1790861307.927758) can0 263#00E600201B000000
(1790861307.927883) can0 254#00000000FFFFFFE8
(1790861307.928009) can0 255#0000000000000182
(1790861307.928134) can0 256#00000000FFFFFFD3
(1790861307.931392) can0 2A1#0000000000000000
(1790861307.931508) can0 2A2#0000C83EFFFFFCB4
(1790861307.931633) can0 2A3#0002939CFFFD73D3
(1790861307.931759) can0 2A4#00011B0AFFFD740B
(1790861307.931883) can0 2A5#00000000FFFFF831
(1790861307.931983) can0 2A6#000007B3FFFFFA7C
(1790861307.932109) can0 2A7#0000565EFFFFF5D0
(1790861307.932234) can0 2A8#0000000000000000
(1790861307.936409) can0 2A1#0000000000000000
(1790861307.936534) can0 2A2#0000C83EFFFFFCB4
(1790861307.936659) can0 2A3#0002939CFFFD73D3
(1790861307.936765) can0 2A4#00011B0AFFFD740B
(1790861307.936884) can0 2A5#00000000FFFFF831
(1790861307.937009) can0 2A6#000007B3FFFFFA7C
(1790861307.937134) can0 2A7#0000565EFFFFF5D0
(1790861307.937258) can0 2A8#0000000000000000
(1790861307.937384) can0 251#0000000000000000
(1790861307.937509) can0 252#00000000FFFFFFDE
(1790861307.937634) can0 262#00E6001F1A000000
(1790861307.937758) can0 253#0000000000000022
(1790861307.937884) can0 254#00000000FFFFFFE8
(1790861307.938008) can0 255#0000000000000182
(1790861307.938134) can0 256#00000000FFFFFFD3
(1790861307.941391) can0 2A1#0000000000000000
(1790861307.941508) can0 2A2#0000C83EFFFFFCB4
(1790861307.941634) can0 2A3#0002939CFFFD73D3
(1790861307.941758) can0 2A4#00011B0AFFFD740B
(1790861307.941884) can0 2A5#00000000FFFFF831
(1790861307.942009) can0 2A6#000007B3FFFFFA7C
(1790861307.942110) can0 2A7#0000565EFFFFF5D0
(1790861307.942259) can0 2A8#0000000000000000
(1790861307.946413) can0 2A1#0000000000000000
(1790861307.946535) can0 2A2#0000C83EFFFFFCB4
(1790861307.946636) can0 2A3#0002939CFFFD73D3
(1790861307.946759) can0 2A4#00011B0AFFFD740B
(1790861307.946885) can0 2A5#00000000FFFFF831
(1790861307.947010) can0 2A6#000007B3FFFFFA7C
(1790861307.947133) can0 2A7#0000565EFFFFF5D0
(1790861307.947259) can0 2A8#0000000000000000
(1790861307.947385) can0 251#0000000000000000
(1790861307.947510) can0 261#00E600211B000000
(1790861307.947635) can0 252#00000000FFFFFFDE
(1790861307.947759) can0 253#0000000000000022
(1790861307.947885) can0 254#00000000FFFFFFE8
(1790861307.948008) can0 255#0000000000000182
(1790861307.948108) can0 256#00000000FFFFFFD3
(1790861307.948234) can0 266#00E600221C000000
(1790861307.951387) can0 2A1#0000000000000000
(1790861307.951511) can0 2A2#0000C83EFFFFFCB4
(1790861307.951634) can0 2A3#0002939CFFFD73D3
(1790861307.951758) can0 2A4#00011B0AFFFD740B
(1790861307.951887) can0 2A5#00000000FFFFF831
(1790861307.952009) can0 2A6#000007B3FFFFFA7C
(1790861307.952136) can0 2A7#0000565EFFFFF5D0
(1790861307.952259) can0 2A8#0000000000000000
(1790861307.956417) can0 2A1#0000000000000000
(1790861307.956534) can0 2A2#0000C83EFFFFFCB4
(1790861307.956635) can0 2A3#0002939CFFFD73D3
(1790861307.956759) can0 2A4#00011B0AFFFD740B
(1790861307.956884) can0 2A5#00000000FFFFF831
(1790861307.957015) can0 2A6#000007B3FFFFFA7C
(1790861307.957135) can0 2A7#0000565EFFFFF5D0
(1790861307.957257) can0 2A8#0000000000000000
(1790861307.957386) can0 251#0000000000000000
(1790861307.957509) can0 252#00000000FFFFFFDE
(1790861307.957634) can0 253#0000000000000022
(1790861307.957758) can0 254#00000000FFFFFFE8
(1790861307.957884) can0 255#0000000000000182
(1790861307.958009) can0 265#00E600221D000000
(1790861307.958135) can0 256#00000000FFFFFFD3
(1790861307.961389) can0 2A1#0000000000000000
(1790861307.961509) can0 2A2#0000C83EFFFFFCB4
(1790861307.961635) can0 2A3#0002939CFFFD73D3
(1790861307.961759) can0 2A4#00011B0AFFFD740B
(1790861307.961888) can0 2A5#00000000FFFFF831
(1790861307.961984) can0 2A6#000007B3FFFFFA7C
(1790861307.962134) can0 2A7#0000565EFFFFF5D0
(1790861307.962234) can0 2A8#0000000000000000
(1790861307.966427) can0 2A1#0000000000000000
(1790861307.966534) can0 2A2#0000C83EFFFFFCB4
(1790861307.966666) can0 2A3#0002939CFFFD73D3
(1790861307.966759) can0 2A4#00011B0AFFFD740B
(1790861307.966885) can0 2A5#00000000FFFFF831
(1790861307.967009) can0 2A6#000007B3FFFFFA7C
(1790861307.967133) can0 2A7#0000565EFFFFF5D0
(1790861307.967258) can0 2A8#0000000000000000
(1790861307.967358) can0 251#0000000000000000
(1790861307.967489) can0 252#00000000FFFFFFDE
(1790861307.967634) can0 253#0000000000000022
(1790861307.967757) can0 254#00000000FFFFFFE8
(1790861307.967884) can0 264#00E600211C000000
(1790861307.968009) can0 255#0000000000000182
(1790861307.968134) can0 256#00000000FFFFFFD3
(1790861307.971395) can0 2A1#0000000000000000
(1790861307.971535) can0 2A2#0000C83EFFFFFCB4
(1790861307.971633) can0 2A3#0002939CFFFD73D3
(1790861307.971759) can0 2A4#00011B0AFFFD740B
(1790861307.971884) can0 2A5#00000000FFFFF831
(1790861307.972008) can0 2A6#000007B3FFFFFA7C
(1790861307.972108) can0 2A7#0000565EFFFFF5D0
(1790861307.972234) can0 2A8#0000000000000000
(1790861307.976415) can0 2A1#0000000000000000
(1790861307.976533) can0 2A2#0000C83EFFFFFCB4
(1790861307.976659) can0 2A3#0002939CFFFD73D3
(1790861307.976759) can0 2A4#00011B0AFFFD740B
(1790861307.976883) can0 2A5#00000000FFFFF831
(1790861307.977008) can0 2A6#000007B3FFFFFA7C
(1790861307.977134) can0 2A7#0000565EFFFFF5D0
(1790861307.977262) can0 2A8#0000000000000000
(1790861307.977384) can0 251#0000000000000000
(1790861307.977483) can0 252#00000000FFFFFFDE
(1790861307.977634) can0 253#0000000000000022
(1790861307.977757) can0 263#00E600201B000000
(1790861307.977884) can0 254#00000000FFFFFFE8
(1790861307.978007) can0 255#0000000000000182
(1790861307.978134) can0 256#00000000FFFFFFD3
(1790861307.981385) can0 2A1#0000000000000000
(1790861307.981512) can0 2A2#0000C83EFFFFFCB4
(1790861307.981634) can0 2A3#0002939CFFFD73D3
(1790861307.981757) can0 2A4#00011B0AFFFD740B
(1790861307.981884) can0 2A5#00000000FFFFF831
(1790861307.982007) can0 2A6#000007B3FFFFFA7C
(1790861307.982134) can0 2A7#0000565EFFFFF5D0
(1790861307.982258) can0 2A8#0000000000000000
(1790861307.986415) can0 2A1#0000000000000000
(1790861307.986532) can0 2A2#0000C83EFFFFFCB4
(1790861307.986634) can0 2A3#0002939CFFFD73D3
(1790861307.986760) can0 2A4#00011B0AFFFD740B
(1790861307.986884) can0 2A5#00000000FFFFF831
(1790861307.987009) can0 2A6#000007B3FFFFFA7C
(1790861307.987133) can0 2A7#0000565EFFFFF5D0
(1790861307.987258) can0 2A8#0000000000000000
(1790861307.987384) can0 251#0000000000000000
(1790861307.987507) can0 252#00000000FFFFFFDE
(1790861307.987634) can0 262#00E6001F1A000000
(1790861307.987758) can0 253#0000000000000022
(1790861307.987884) can0 254#00000000FFFFFFE8
(1790861307.988008) can0 255#0000000000000182
(1790861307.988134) can0 256#00000000FFFFFFD3
(1790861307.991414) can0 2A1#0000000000000000
(1790861307.991533) can0 2A2#0000C83EFFFFFCB4
(1790861307.991633) can0 2A3#0002939CFFFD73D3
(1790861307.991759) can0 2A4#00011B0AFFFD740B
(1790861307.991882) can0 2A5#00000000FFFFF831
(1790861307.992008) can0 2A6#000007B3FFFFFA7C
(1790861307.992133) can0 2A7#0000565EFFFFF5D0
(1790861307.992232) can0 2A8#0000000000000000
(1790861307.996422) can0 2A1#0000000000000000
(1790861307.996533) can0 2A2#0000C83EFFFFFCB4
(1790861307.996659) can0 2A3#0002939CFFFD73D3
(1790861307.996760) can0 2A4#00011B0AFFFD740B
(1790861307.996884) can0 2A5#00000000FFFFF831
(1790861307.997014) can0 2A6#000007B3FFFFFA7C
(1790861307.997134) can0 2A7#0000565EFFFFF5D0
(1790861307.997259) can0 2A8#0000000000000000
(1790861307.997385) can0 251#0000000000000000
(1790861307.997508) can0 261#00E600211B000000
(1790861307.997634) can0 252#00000000FFFFFFDE
(1790861307.997758) can0 253#0000000000000022
(1790861307.997885) can0 254#00000000FFFFFFE8
(1790861307.998010) can0 255#0000000000000182
(1790861307.998134) can0 256#00000000FFFFFFD3
(1790861307.998259) can0 266#00E600221C000000
(1790861308.001384) can0 2A1#0000000000000000
(1790861308.001509) can0 2A2#0000C83EFFFFFCB4
(1790861308.001634) can0 2A3#0002939CFFFD73D3
(1790861308.001758) can0 2A4#00011B0AFFFD740B
(1790861308.001884) can0 2A5#00000000FFFFF831
(1790861308.002008) can0 2A6#000007B3FFFFFA7C
(1790861308.002134) can0 2A7#0000565EFFFFF5D0
(1790861308.002258) can0 2A8#0000000000000000
(1790861308.006416) can0 2A1#0000000000000000
(1790861308.006533) can0 2A2#0000C83EFFFFFCB4
(1790861308.006637) can0 2A3#0002939CFFFD73D3
(1790861308.006759) can0 2A4#00011B0AFFFD740B
(1790861308.006907) can0 2A5#00000000FFFFF831
(1790861308.007009) can0 2A6#000007B3FFFFFA7C
(1790861308.007133) can0 2A7#0000565EFFFFF5D0
(1790861308.007260) can0 2A8#0000000000000000
(1790861308.007384) can0 251#0000000000000000
(1790861308.007511) can0 252#00000000FFFFFFDE
(1790861308.007634) can0 253#0000000000000022
(1790861308.007760) can0 254#00000000FFFFFFE8
(1790861308.007884) can0 255#0000000000000182
(1790861308.008010) can0 265#00E600221D000000
(1790861308.008132) can0 256#00000000FFFFFFD3
(1790861308.011416) can0 2A1#0000000000000000
(1790861308.011537) can0 2A2#0000C83EFFFFFCB4
(1790861308.011660) can0 2A3#0002939CFFFD73D3
(1790861308.011759) can0 2A4#00011B0AFFFD740B
(1790861308.011883) can0 2A5#00000000FFFFF831
(1790861308.012009) can0 2A6#000007B3FFFFFA7C
(1790861308.012138) can0 2A7#0000565EFFFFF5D0
(1790861308.012259) can0 2A8#0000000000000000
(1790861308.016432) can0 2A1#0000000000000000
(1790861308.016542) can0 2A2#0000C83EFFFFFCB4
(1790861308.016660) can0 2A3#0002939CFFFD73D3
(1790861308.016783) can0 2A4#00011B0AFFFD740B
(1790861308.016911) can0 2A5#00000000FFFFF831
(1790861308.017009) can0 2A6#000007B3FFFFFA7C
(1790861308.017134) can0 2A7#0000565EFFFFF5D0
(1790861308.017259) can0 2A8#0000000000000000
(1790861308.017385) can0 251#0000000000000000
(1790861308.017512) can0 252#00000000FFFFFFDE
(1790861308.017634) can0 253#0000000000000022
(1790861308.017758) can0 254#00000000FFFFFFE8
(1790861308.017884) can0 264#00E600211C000000
(1790861308.017984) can0 255#0000000000000182
(1790861308.018108) can0 256#00000000FFFFFFD3
(1790861308.021390) can0 2A1#0000000000000000
(1790861308.021519) can0 2A2#0000C83EFFFFFCB4
(1790861308.021634) can0 2A3#0002939CFFFD73D3
(1790861308.021760) can0 2A4#00011B0AFFFD740B
(1790861308.021884) can0 2A5#00000000FFFFF831
(1790861308.022010) can0 2A6#000007B3FFFFFA7C
(1790861308.022108) can0 2A7#0000565EFFFFF5D0
(1790861308.022234) can0 2A8#0000000000000000
(1790861308.026417) can0 2A1#0000000000000000
(1790861308.026537) can0 2A2#0000C83EFFFFFCB4
(1790861308.026635) can0 2A3#0002939CFFFD73D3
(1790861308.026765) can0 2A4#00011B0AFFFD740B
(1790861308.026884) can0 2A5#00000000FFFFF831
(1790861308.027008) can0 2A6#000007B3FFFFFA7C
(1790861308.027134) can0 2A7#0000565EFFFFF5D0
(1790861308.027257) can0 2A8#0000000000000000
(1790861308.027384) can0 251#0000000000000000
(1790861308.027513) can0 252#00000000FFFFFFDE
(1790861308.027634) can0 253#0000000000000022
(1790861308.027759) can0 263#00E600201B000000
(1790861308.027882) can0 254#00000000FFFFFFE8
(1790861308.028008) can0 255#0000000000000182
(1790861308.028133) can0 256#00000000FFFFFFD3
(1790861308.031385) can0 2A1#0000000000000000
(1790861308.031508) can0 2A2#0000C83EFFFFFCB4
(1790861308.031633) can0 2A3#0002939CFFFD73D3
(1790861308.031759) can0 2A4#00011B0AFFFD740B
(1790861308.031885) can0 2A5#00000000FFFFF831
(1790861308.031984) can0 2A6#000007B3FFFFFA7C
(1790861308.032134) can0 2A7#0000565EFFFFF5D0
(1790861308.032232) can0 2A8#0000000000000000
(1790861308.036414) can0 2A1#0000000000000000
(1790861308.036533) can0 2A2#0000C83EFFFFFCB4
(1790861308.036634) can0 2A3#0002939CFFFD73D3
(1790861308.036761) can0 2A4#00011B0AFFFD740B
(1790861308.036884) can0 2A5#00000000FFFFF831
(1790861308.037009) can0 2A6#000007B3FFFFFA7C
(1790861308.037134) can0 2A7#0000565EFFFFF5D0
(1790861308.037259) can0 2A8#0000000000000000
(1790861308.037386) can0 251#0000000000000000
(1790861308.037509) can0 252#00000000FFFFFFDE
(1790861308.037634) can0 262#00E6001F1A000000
(1790861308.037759) can0 253#0000000000000022
(1790861308.037882) can0 254#00000000FFFFFFE8
(1790861308.038008) can0 255#0000000000000182
(1790861308.038109) can0 256#00000000FFFFFFD3
(1790861308.041400) can0 2A1#0000000000000000
(1790861308.041514) can0 2A2#0000C83EFFFFFCB4
(1790861308.041635) can0 2A3#0002939CFFFD73D3
(1790861308.041760) can0 2A4#00011B0AFFFD740B
(1790861308.041888) can0 2A5#00000000FFFFF831
(1790861308.042009) can0 2A6#000007B3FFFFFA7C
(1790861308.042109) can0 2A7#0000565EFFFFF5D0
(1790861308.042234) can0 2A8#0000000000000000
(1790861308.046416) can0 2A1#0000000000000000
(1790861308.046534) can0 2A2#0000C83EFFFFFCB4
(1790861308.046634) can0 2A3#0002939CFFFD73D3
(1790861308.046759) can0 2A4#00011B0AFFFD740B
(1790861308.046884) can0 2A5#00000000FFFFF831
(1790861308.047007) can0 2A6#000007B3FFFFFA7C
(1790861308.047133) can0 2A7#0000565EFFFFF5D0
(1790861308.047259) can0 2A8#0000000000000000
(1790861308.047384) can0 251#0000000000000000
(1790861308.047508) can0 261#00E600211B000000
(1790861308.047634) can0 252#00000000FFFFFFDE
(1790861308.047759) can0 253#0000000000000022
(1790861308.047884) can0 254#00000000FFFFFFE8
(1790861308.048008) can0 255#0000000000000182
(1790861308.048133) can0 256#00000000FFFFFFD3
(1790861308.048234) can0 266#00E600221C000000
(1790861308.051389) can0 2A1#0000000000000000
(1790861308.051511) can0 2A2#0000C83EFFFFFCB4
(1790861308.051634) can0 2A3#0002939CFFFD73D3
(1790861308.051758) can0 2A4#00011B0AFFFD740B
(1790861308.051884) can0 2A5#00000000FFFFF831
(1790861308.052009) can0 2A6#000007B3FFFFFA7C
(1790861308.052134) can0 2A7#0000565EFFFFF5D0
(1790861308.052259) can0 2A8#0000000000000000
(1790861308.056415) can0 2A1#0000000000000000
(1790861308.056536) can0 2A2#0000C83EFFFFFCB4
(1790861308.056659) can0 2A3#0002939CFFFD73D3
(1790861308.056758) can0 2A4#00011B0AFFFD740B
(1790861308.056884) can0 2A5#00000000FFFFF831
(1790861308.057019) can0 2A6#000007B3FFFFFA7C
(1790861308.057134) can0 2A7#0000565EFFFFF5D0
(1790861308.057258) can0 2A8#0000000000000000
(1790861308.057383) can0 251#0000000000000000
(1790861308.057485) can0 252#00000000FFFFFFDE
(1790861308.057632) can0 253#0000000000000022
(1790861308.057759) can0 254#00000000FFFFFFE8
(1790861308.057883) can0 255#0000000000000182
(1790861308.058009) can0 265#00E600221D000000
(1790861308.058134) can0 256#00000000FFFFFFD3
(1790861308.061387) can0 2A1#0000000000000000
(1790861308.061508) can0 2A2#0000C83EFFFFFCB4
(1790861308.061635) can0 2A3#0002939CFFFD73D3
(1790861308.061758) can0 2A4#00011B0AFFFD740B
(1790861308.061883) can0 2A5#00000000FFFFF831
(1790861308.062014) can0 2A6#000007B3FFFFFA7C
(1790861308.062109) can0 2A7#0000565EFFFFF5D0
(1790861308.062233) can0 2A8#0000000000000000
(1790861308.066428) can0 2A1#0000000000000000
(1790861308.066534) can0 2A2#0000C83EFFFFFCB4
(1790861308.066659) can0 2A3#0002939CFFFD73D3
(1790861308.066758) can0 2A4#00011B0AFFFD740B
(1790861308.066884) can0 2A5#00000000FFFFF831
(1790861308.067007) can0 2A6#000007B3FFFFFA7C
(1790861308.067134) can0 2A7#0000565EFFFFF5D0
(1790861308.067258) can0 2A8#0000000000000000
(1790861308.067383) can0 251#0000000000000000
(1790861308.067485) can0 252#00000000FFFFFFDE
(1790861308.067636) can0 253#0000000000000022
(1790861308.067760) can0 254#00000000FFFFFFE8
(1790861308.067883) can0 264#00E600211C000000
(1790861308.068009) can0 255#0000000000000182
(1790861308.068133) can0 256#00000000FFFFFFD3
(1790861308.071393) can0 2A1#0000000000000000
(1790861308.071509) can0 2A2#0000C83EFFFFFCB4
(1790861308.071635) can0 2A3#0002939CFFFD73D3
(1790861308.071759) can0 2A4#00011B0AFFFD740B
(1790861308.071883) can0 2A5#00000000FFFFF831
(1790861308.072009) can0 2A6#000007B3FFFFFA7C
(1790861308.072133) can0 2A7#0000565EFFFFF5D0
(1790861308.072258) can0 2A8#0000000000000000
(1790861308.076425) can0 2A1#0000000000000000
(1790861308.076533) can0 2A2#0000C83EFFFFFCB4
(1790861308.076633) can0 2A3#0002939CFFFD73D3
(1790861308.076761) can0 2A4#00011B0AFFFD740B
(1790861308.076886) can0 2A5#00000000FFFFF831
(1790861308.077008) can0 2A6#000007B3FFFFFA7C
(1790861308.077136) can0 2A7#0000565EFFFFF5D0
(1790861308.077258) can0 2A8#0000000000000000
(1790861308.077386) can0 251#0000000000000000
(1790861308.077509) can0 252#00000000FFFFFFDE
(1790861308.077635) can0 253#0000000000000022
(1790861308.077758) can0 263#00E600201B000000
(1790861308.077883) can0 254#00000000FFFFFFE8
(1790861308.078016) can0 255#0000000000000182
(1790861308.078134) can0 256#00000000FFFFFFD3
(1790861308.081415) can0 2A1#0000000000000000
(1790861308.081508) can0 2A2#0000C83EFFFFFCB4
(1790861308.081634) can0 2A3#0002939CFFFD73D3
(1790861308.081735) can0 2A4#00011B0AFFFD740B
(1790861308.081883) can0 2A5#00000000FFFFF831
(1790861308.081984) can0 2A6#000007B3FFFFFA7C
(1790861308.082133) can0 2A7#0000565EFFFFF5D0
(1790861308.082233) can0 2A8#0000000000000000
(1790861308.086409) can0 2A1#0000000000000000
(1790861308.086533) can0 2A2#0000C83EFFFFFCB4
(1790861308.086633) can0 2A3#0002939CFFFD73D3
(1790861308.086759) can0 2A4#00011B0AFFFD740B
(1790861308.086883) can0 2A5#00000000FFFFF831
(1790861308.087007) can0 2A6#000007B3FFFFFA7C
(1790861308.087133) can0 2A7#0000565EFFFFF5D0
(1790861308.087258) can0 2A8#0000000000000000
(1790861308.087383) can0 251#0000000000000000
(1790861308.087507) can0 252#00000000FFFFFFDE
(1790861308.087633) can0 262#00E6001F1A000000
(1790861308.087759) can0 253#0000000000000022
(1790861308.087883) can0 254#00000000FFFFFFE8
(1790861308.088008) can0 255#0000000000000182
(1790861308.088134) can0 256#00000000FFFFFFD3
(1790861308.091421) can0 2A1#0000000000000000
(1790861308.091510) can0 2A2#0000C83EFFFFFCB4
(1790861308.091633) can0 2A3#0002939CFFFD73D3
(1790861308.091757) can0 2A4#00011B0AFFFD740B
(1790861308.091858) can0 2A5#00000000FFFFF831
(1790861308.092007) can0 2A6#000007B3FFFFFA7C
(1790861308.092108) can0 2A7#0000565EFFFFF5D0
(1790861308.092232) can0 2A8#0000000000000000
(1790861308.096424) can0 2A1#0000000000000000
(1790861308.096534) can0 2A2#0000C83EFFFFFCB4
(1790861308.096633) can0 2A3#0002939CFFFD73D3
(1790861308.096758) can0 2A4#00011B0AFFFD740B
(1790861308.096883) can0 2A5#00000000FFFFF831
(1790861308.097008) can0 2A6#000007B3FFFFFA7C
(1790861308.097133) can0 2A7#0000565EFFFFF5D0
(1790861308.097257) can0 2A8#0000000000000000
(1790861308.097386) can0 251#0000000000000000
(1790861308.097510) can0 261#00E600211B000000
(1790861308.097633) can0 252#00000000FFFFFFDE
(1790861308.097758) can0 253#0000000000000022
(1790861308.097884) can0 254#00000000FFFFFFE8
(1790861308.098008) can0 255#0000000000000182
(1790861308.098133) can0 256#00000000FFFFFFD3
(1790861308.098232) can0 266#00E600221C000000
(1790861308.101411) can0 2A1#0000000000000000
(1790861308.101533) can0 2A2#0000C83EFFFFFCB4
(1790861308.101633) can0 2A3#0002939CFFFD73D3
(1790861308.101758) can0 2A4#00011B0AFFFD740B
(1790861308.101883) can0 2A5#00000000FFFFF831
(1790861308.102008) can0 2A6#000007B3FFFFFA7C
(1790861308.102108) can0 2A7#0000565EFFFFF5D0
(1790861308.102233) can0 2A8#0000000000000000
(1790861308.106415) can0 2A1#0000000000000000
(1790861308.106536) can0 2A2#0000C83EFFFFFCB4
(1790861308.106658) can0 2A3#0002939CFFFD73D3
(1790861308.106758) can0 2A4#00011B0AFFFD740B
(1790861308.106884) can0 2A5#00000000FFFFF831
(1790861308.107008) can0 2A6#000007B3FFFFFA7C
(1790861308.107133) can0 2A7#0000565EFFFFF5D0
(1790861308.107257) can0 2A8#0000000000000000
(1790861308.107383) can0 251#0000000000000000
(1790861308.107483) can0 252#00000000FFFFFFDE
(1790861308.107632) can0 253#0000000000000022
(1790861308.107758) can0 254#00000000FFFFFFE8
(1790861308.107883) can0 255#0000000000000182
(1790861308.108007) can0 265#00E600221D000000
(1790861308.108133) can0 256#00000000FFFFFFD3
(1790861308.111388) can0 2A1#0000000000000000
(1790861308.111508) can0 2A2#0000C83EFFFFFCB4
(1790861308.111633) can0 2A3#0002939CFFFD73D3
(1790861308.111758) can0 2A4#00011B0AFFFD740B
(1790861308.111883) can0 2A5#00000000FFFFF831
(1790861308.112010) can0 2A6#000007B3FFFFFA7C
(1790861308.112107) can0 2A7#0000565EFFFFF5D0
(1790861308.112234) can0 2A8#0000000000000000
(1790861308.116414) can0 2A1#0000000000000000
(1790861308.116545) can0 2A2#0000C83EFFFFFCB4
(1790861308.116660) can0 2A3#0002939CFFFD73D3
(1790861308.116784) can0 2A4#00011B0AFFFD740B
(1790861308.116909) can0 2A5#00000000FFFFF831
(1790861308.117009) can0 2A6#000007B3FFFFFA7C
(1790861308.117135) can0 2A7#0000565EFFFFF5D0
(1790861308.117258) can0 2A8#0000000000000000
(1790861308.117384) can0 251#0000000000000000
(1790861308.117510) can0 252#00000000FFFFFFDE
(1790861308.117634) can0 253#0000000000000022
(1790861308.117759) can0 254#00000000FFFFFFE8
(1790861308.117883) can0 264#00E600211C000000
(1790861308.118008) can0 255#0000000000000182
(1790861308.118134) can0 256#00000000FFFFFFD3
(1790861308.121392) can0 2A1#0000000000000000
(1790861308.121509) can0 2A2#0000C83EFFFFFCB4
(1790861308.121634) can0 2A3#0002939CFFFD73D3
(1790861308.121759) can0 2A4#00011B0AFFFD740B
(1790861308.121884) can0 2A5#00000000FFFFF831
(1790861308.122008) can0 2A6#000007B3FFFFFA7C
(1790861308.122109) can0 2A7#0000565EFFFFF5D0
(1790861308.122258) can0 2A8#0000000000000000
(1790861308.126415) can0 2A1#0000000000000000
(1790861308.126535) can0 2A2#0000C83EFFFFFCB4
(1790861308.126635) can0 2A3#0002939CFFFD73D3
(1790861308.126760) can0 2A4#00011B0AFFFD740B
(1790861308.126884) can0 2A5#00000000FFFFF831
(1790861308.127010) can0 2A6#000007B3FFFFFA7C
(1790861308.127134) can0 2A7#0000565EFFFFF5D0
(1790861308.127259) can0 2A8#0000000000000000
(1790861308.127384) can0 251#0000000000000000
(1790861308.127509) can0 252#00000000FFFFFFDE
(1790861308.127634) can0 253#0000000000000022
(1790861308.127759) can0 263#00E600201B000000
(1790861308.127884) can0 254#00000000FFFFFFE8
(1790861308.128009) can0 255#0000000000000182
(1790861308.128133) can0 256#00000000FFFFFFD3
(1790861308.131414) can0 2A1#0000000000000000
(1790861308.131508) can0 2A2#0000C83EFFFFFCB4
(1790861308.131633) can0 2A3#0002939CFFFD73D3
(1790861308.131734) can0 2A4#00011B0AFFFD740B
(1790861308.131859) can0 2A5#00000000FFFFF831
(1790861308.132009) can0 2A6#000007B3FFFFFA7C
(1790861308.132108) can0 2A7#0000565EFFFFF5D0
(1790861308.132233) can0 2A8#0000000000000000
(1790861308.136414) can0 2A1#0000000000000000
(1790861308.136533) can0 2A2#0000C83EFFFFFCB4
(1790861308.136634) can0 2A3#0002939CFFFD73D3
(1790861308.136758) can0 2A4#00011B0AFFFD740B
(1790861308.136884) can0 2A5#00000000FFFFF831
(1790861308.137008) can0 2A6#000007B3FFFFFA7C
(1790861308.137135) can0 2A7#0000565EFFFFF5D0
(1790861308.137259) can0 2A8#0000000000000000
(1790861308.137383) can0 251#0000000000000000
(1790861308.137509) can0 252#00000000FFFFFFDE
(1790861308.137635) can0 262#00E6001F1A000000
(1790861308.137759) can0 253#0000000000000022
(1790861308.137885) can0 254#00000000FFFFFFE8
(1790861308.138009) can0 255#0000000000000182
(1790861308.138134) can0 256#00000000FFFFFFD3
(1790861308.141416) can0 2A1#0000000000000000
(1790861308.141509) can0 2A2#0000C83EFFFFFCB4
(1790861308.141634) can0 2A3#0002939CFFFD73D3
(1790861308.141733) can0 2A4#00011B0AFFFD740B
(1790861308.141858) can0 2A5#00000000FFFFF831
(1790861308.142009) can0 2A6#000007B3FFFFFA7C
(1790861308.142108) can0 2A7#0000565EFFFFF5D0
(1790861308.142233) can0 2A8#0000000000000000
(1790861308.146419) can0 2A1#0000000000000000
(1790861308.146534) can0 2A2#0000C83EFFFFFCB4
(1790861308.146659) can0 2A3#0002939CFFFD73D3
(1790861308.146759) can0 2A4#00011B0AFFFD740B
(1790861308.146884) can0 2A5#00000000FFFFF831
(1790861308.147008) can0 2A6#000007B3FFFFFA7C
(1790861308.147134) can0 2A7#0000565EFFFFF5D0
(1790861308.147258) can0 2A8#0000000000000000
(1790861308.147383) can0 251#0000000000000000
(1790861308.147508) can0 261#00E600211B000000
(1790861308.147633) can0 252#00000000FFFFFFDE
(1790861308.147758) can0 253#0000000000000022
(1790861308.147883) can0 254#00000000FFFFFFE8
(1790861308.148008) can0 255#0000000000000182
(1790861308.148133) can0 256#00000000FFFFFFD3
(1790861308.148257) can0 266#00E600221C000000
(1790861308.151409) can0 2A1#0000000000000000
(1790861308.151533) can0 2A2#0000C83EFFFFFCB4
(1790861308.151634) can0 2A3#0002939CFFFD73D3
(1790861308.151758) can0 2A4#00011B0AFFFD740B
(1790861308.151883) can0 2A5#00000000FFFFF831
(1790861308.152008) can0 2A6#000007B3FFFFFA7C
(1790861308.152109) can0 2A7#0000565EFFFFF5D0
(1790861308.152233) can0 2A8#0000000000000000
(1790861308.156416) can0 2A1#0000000000000000
(1790861308.156544) can0 2A2#0000C83EFFFFFCB4
(1790861308.156660) can0 2A3#0002939CFFFD73D3
(1790861308.156784) can0 2A4#00011B0AFFFD740B
(1790861308.156884) can0 2A5#00000000FFFFF831
(1790861308.157008) can0 2A6#000007B3FFFFFA7C
(1790861308.157134) can0 2A7#0000565EFFFFF5D0
(1790861308.157259) can0 2A8#0000000000000000
(1790861308.157385) can0 251#0000000000000000
(1790861308.157509) can0 252#00000000FFFFFFDE
(1790861308.157634) can0 253#0000000000000022
(1790861308.157734) can0 254#00000000FFFFFFE8
(1790861308.157859) can0 255#0000000000000182
(1790861308.158008) can0 265#00E600221D000000
(1790861308.158135) can0 256#00000000FFFFFFD3
(1790861308.161393) can0 2A1#0000000000000000
(1790861308.161509) can0 2A2#0000C83EFFFFFCB4
(1790861308.161634) can0 2A3#0002939CFFFD73D3
(1790861308.161759) can0 2A4#00011B0AFFFD740B
(1790861308.161883) can0 2A5#00000000FFFFF831
(1790861308.162010) can0 2A6#000007B3FFFFFA7C
(1790861308.162133) can0 2A7#0000565EFFFFF5D0
(1790861308.162259) can0 2A8#0000000000000000
(1790861308.166411) can0 2A1#0000000000000000
(1790861308.166543) can0 2A2#0000C83EFFFFFCB4
(1790861308.166660) can0 2A3#0002939CFFFD73D3
(1790861308.166757) can0 2A4#00011B0AFFFD740B
(1790861308.166883) can0 2A5#00000000FFFFF831
(1790861308.167008) can0 2A6#000007B3FFFFFA7C
(1790861308.167133) can0 2A7#0000565EFFFFF5D0
(1790861308.167258) can0 2A8#0000000000000000
(1790861308.167383) can0 251#0000000000000000
(1790861308.167508) can0 252#00000000FFFFFFDE
(1790861308.167633) can0 253#0000000000000022
(1790861308.167758) can0 254#00000000FFFFFFE8
(1790861308.167885) can0 264#00E600211C000000
(1790861308.168015) can0 255#0000000000000182
(1790861308.168135) can0 256#00000000FFFFFFD3
(1790861308.171390) can0 2A1#0000000000000000
(1790861308.171508) can0 2A2#0000C83EFFFFFCB4
(1790861308.171634) can0 2A3#0002939CFFFD73D3
(1790861308.171758) can0 2A4#00011B0AFFFD740B
(1790861308.171883) can0 2A5#00000000FFFFF831
(1790861308.172017) can0 2A6#000007B3FFFFFA7C
(1790861308.172134) can0 2A7#0000565EFFFFF5D0
(1790861308.172232) can0 2A8#0000000000000000
(1790861308.176414) can0 2A1#0000000000000000
(1790861308.176533) can0 2A2#0000C83EFFFFFCB4
(1790861308.176641) can0 2A3#0002939CFFFD73D3
(1790861308.176758) can0 2A4#00011B0AFFFD740B
(1790861308.176883) can0 2A5#00000000FFFFF831
(1790861308.177008) can0 2A6#000007B3FFFFFA7C
(1790861308.177138) can0 2A7#0000565EFFFFF5D0
(1790861308.177258) can0 2A8#0000000000000000
(1790861308.177386) can0 251#0000000000000000
(1790861308.177514) can0 252#00000000FFFFFFDE
(1790861308.177633) can0 253#0000000000000022
(1790861308.177758) can0 263#00E600201B000000
(1790861308.177883) can0 254#00000000FFFFFFE8
(1790861308.178008) can0 255#0000000000000182
(1790861308.178133) can0 256#00000000FFFFFFD3
(1790861308.181412) can0 2A1#0000000000000000
(1790861308.181508) can0 2A2#0000C83EFFFFFCB4
(1790861308.181638) can0 2A3#0002939CFFFD73D3
(1790861308.181758) can0 2A4#00011B0AFFFD740B
(1790861308.181858) can0 2A5#00000000FFFFF831
(1790861308.182008) can0 2A6#000007B3FFFFFA7C
(1790861308.182108) can0 2A7#0000565EFFFFF5D0
(1790861308.182234) can0 2A8#0000000000000000
(1790861308.186445) can0 2A1#0000000000000000
(1790861308.186533) can0 2A2#0000C83EFFFFFCB4
(1790861308.186633) can0 2A3#0002939CFFFD73D3
(1790861308.186758) can0 2A4#00011B0AFFFD740B
(1790861308.186883) can0 2A5#00000000FFFFF831
(1790861308.187008) can0 2A6#000007B3FFFFFA7C
(1790861308.187133) can0 2A7#0000565EFFFFF5D0
(1790861308.187258) can0 2A8#0000000000000000
(1790861308.187383) can0 251#0000000000000000
(1790861308.187507) can0 252#00000000FFFFFFDE
(1790861308.187632) can0 262#00E6001F1A000000
(1790861308.187757) can0 253#0000000000000022
(1790861308.187883) can0 254#00000000FFFFFFE8
(1790861308.188008) can0 255#0000000000000182
(1790861308.188133) can0 256#00000000FFFFFFD3
(1790861308.191390) can0 2A1#0000000000000000
(1790861308.191508) can0 2A2#0000C83EFFFFFCB4
(1790861308.191633) can0 2A3#0002939CFFFD73D3
(1790861308.191757) can0 2A4#00011B0AFFFD740B
(1790861308.191883) can0 2A5#00000000FFFFF831
(1790861308.192008) can0 2A6#000007B3FFFFFA7C
(1790861308.192108) can0 2A7#0000565EFFFFF5D0
(1790861308.192233) can0 2A8#0000000000000000
(1790861308.196430) can0 2A1#0000000000000000
(1790861308.196533) can0 2A2#0000C83EFFFFFCB4
(1790861308.196662) can0 2A3#0002939CFFFD73D3
(1790861308.196760) can0 2A4#00011B0AFFFD740B
(1790861308.197089) can0 2A5#00000000FFFFF831
(1790861308.197091) can0 2A6#000007B3FFFFFA7C
(1790861308.197133) can0 2A7#0000565EFFFFF5D0
(1790861308.197259) can0 2A8#0000000000000000
(1790861308.197384) can0 251#0000000000000000
(1790861308.197482) can0 261#00E600211B000000
(1790861308.197633) can0 252#00000000FFFFFFDE
(1790861308.197759) can0 253#0000000000000022
(1790861308.197882) can0 254#00000000FFFFFFE8
(1790861308.198008) can0 255#0000000000000182
(1790861308.198109) can0 256#00000000FFFFFFD3
(1790861308.198233) can0 266#00E600221C000000
(1790861308.201408) can0 2A1#0000000000000000
(1790861308.201532) can0 2A2#0000C83EFFFFFCB4
(1790861308.201642) can0 2A3#0002939CFFFD73D3
(1790861308.201761) can0 2A4#00011B0AFFFD740B
(1790861308.201888) can0 2A5#00000000FFFFF831
(1790861308.202011) can0 2A6#000007B3FFFFFA7C
(1790861308.202109) can0 2A7#0000565EFFFFF5D0
(1790861308.202234) can0 2A8#0000000000000000
(1790861308.206419) can0 2A1#0000000000000000
(1790861308.206534) can0 2A2#0000C83EFFFFFCB4
(1790861308.206660) can0 2A3#0002939CFFFD73D3
(1790861308.206784) can0 2A4#00011B0AFFFD740B
(1790861308.206910) can0 2A5#00000000FFFFF831
(1790861308.207009) can0 2A6#000007B3FFFFFA7C
(1790861308.207134) can0 2A7#0000565EFFFFF5D0
(1790861308.207258) can0 2A8#0000000000000000
(1790861308.207384) can0 251#0000000000000000
(1790861308.207509) can0 252#00000000FFFFFFDE
(1790861308.207634) can0 253#0000000000000022
(1790861308.207760) can0 254#00000000FFFFFFE8
(1790861308.207884) can0 255#0000000000000182
(1790861308.208009) can0 265#00E600221D000000
(1790861308.208134) can0 256#00000000FFFFFFD3
(1790861308.208209) can0 212#04010F02
(1790861308.211390) can0 2A1#0000000000000000
(1790861308.211542) can0 2A2#0000C83EFFFFFCB4
(1790861308.211635) can0 2A3#0002939CFFFD73D3
(1790861308.211758) can0 2A4#00011B0AFFFD740B
(1790861308.211884) can0 2A5#00000000FFFFF831
(1790861308.212009) can0 2A6#000007B3FFFFFA7C
(1790861308.212133) can0 2A7#0000565EFFFFF5D0
(1790861308.212259) can0 2A8#0000000000000000
(1790861308.216414) can0 2A1#0000000000000000
(1790861308.216533) can0 2A2#0000C83EFFFFFCB4
(1790861308.216632) can0 2A3#0002939CFFFD73D3
(1790861308.216759) can0 2A4#00011B0AFFFD740B
(1790861308.216889) can0 2A5#00000000FFFFF831
(1790861308.217009) can0 2A6#000007B3FFFFFA7C
(1790861308.217133) can0 2A7#0000565EFFFFF5D0
(1790861308.217258) can0 2A8#0000000000000000
(1790861308.217385) can0 251#0000000000000000
(1790861308.217509) can0 252#00000000FFFFFFDE
(1790861308.217632) can0 253#0000000000000022
(1790861308.217759) can0 254#00000000FFFFFFE8
(1790861308.217883) can0 264#00E600211C000000
(1790861308.218008) can0 255#0000000000000182
(1790861308.218134) can0 256#00000000FFFFFFD3
(1790861308.221416) can0 2A1#0000000000000000
(1790861308.221508) can0 2A2#0000C83EFFFFFCB4
(1790861308.221633) can0 2A3#0002939CFFFD73D3
(1790861308.221759) can0 2A4#00011B0AFFFD740B
(1790861308.221885) can0 2A5#00000000FFFFF831
(1790861308.221984) can0 2A6#000007B3FFFFFA7C
(1790861308.222108) can0 2A7#0000565EFFFFF5D0
(1790861308.222259) can0 2A8#0000000000000000
(1790861308.226416) can0 2A1#0000000000000000
(1790861308.226534) can0 2A2#0000C83EFFFFFCB4
(1790861308.226633) can0 2A3#0002939CFFFD73D3
(1790861308.226761) can0 2A4#00011B0AFFFD740B
(1790861308.226887) can0 2A5#00000000FFFFF831
(1790861308.227009) can0 2A6#000007B3FFFFFA7C
(1790861308.227135) can0 2A7#0000565EFFFFF5D0
(1790861308.227260) can0 2A8#0000000000000000
(1790861308.227384) can0 251#0000000000000000
(1790861308.227508) can0 252#00000000FFFFFFDE
(1790861308.227634) can0 253#0000000000000022
(1790861308.227758) can0 263#00E600201B000000
(1790861308.227884) can0 254#00000000FFFFFFE8
(1790861308.228008) can0 255#0000000000000182
(1790861308.228133) can0 256#00000000FFFFFFD3
(1790861308.231415) can0 2A1#0000000000000000
(1790861308.231509) can0 2A2#0000C83EFFFFFCB4
(1790861308.231633) can0 2A3#0002939CFFFD73D3
(1790861308.231757) can0 2A4#00011B0AFFFD740B
(1790861308.231858) can0 2A5#00000000FFFFF831
(1790861308.231983) can0 2A6#000007B3FFFFFA7C
(1790861308.232132) can0 2A7#0000565EFFFFF5D0
(1790861308.232233) can0 2A8#0000000000000000
(1790861308.236426) can0 2A1#0000000000000000
(1790861308.236534) can0 2A2#0000C83EFFFFFCB4
(1790861308.236658) can0 2A3#0002939CFFFD73D3
(1790861308.236758) can0 2A4#00011B0AFFFD740B
(1790861308.236883) can0 2A5#00000000FFFFF831
(1790861308.237008) can0 2A6#000007B3FFFFFA7C
(1790861308.237133) can0 2A7#0000565EFFFFF5D0
(1790861308.237258) can0 2A8#0000000000000000
(1790861308.237382) can0 251#0000000000000000
(1790861308.237508) can0 252#00000000FFFFFFDE
(1790861308.237633) can0 262#00E6001F1A000000
(1790861308.237758) can0 253#0000000000000022
(1790861308.237883) can0 254#00000000FFFFFFE8
(1790861308.238008) can0 255#0000000000000182
(1790861308.238133) can0 256#00000000FFFFFFD3
(1790861308.241387) can0 2A1#0000000000000000
(1790861308.241508) can0 2A2#0000C83EFFFFFCB4
(1790861308.241633) can0 2A3#0002939CFFFD73D3
(1790861308.241758) can0 2A4#00011B0AFFFD740B
(1790861308.241883) can0 2A5#00000000FFFFF831
(1790861308.242007) can0 2A6#000007B3FFFFFA7C
(1790861308.242108) can0 2A7#0000565EFFFFF5D0
(1790861308.242232) can0 2A8#0000000000000000
(1790861308.246415) can0 2A1#0000000000000000
(1790861308.246534) can0 2A2#0000C83EFFFFFCB4
(1790861308.246658) can0 2A3#0002939CFFFD73D3
(1790861308.246785) can0 2A4#00011B0AFFFD740B
(1790861308.246908) can0 2A5#00000000FFFFF831
(1790861308.247009) can0 2A6#000007B3FFFFFA7C
(1790861308.247134) can0 2A7#0000565EFFFFF5D0
(1790861308.247259) can0 2A8#0000000000000000
(1790861308.247384) can0 251#0000000000000000
(1790861308.247484) can0 261#00E600211B000000
(1790861308.247610) can0 252#00000000FFFFFFDE
(1790861308.247735) can0 253#0000000000000022
(1790861308.247884) can0 254#00000000FFFFFFE8
(1790861308.248008) can0 255#0000000000000182
(1790861308.248136) can0 256#00000000FFFFFFD3
(1790861308.248280) can0 266#00E600221C000000
(1790861308.251417) can0 2A1#0000000000000000
(1790861308.251533) can0 2A2#0000C83EFFFFFCB4
(1790861308.251634) can0 2A3#0002939CFFFD73D3
(1790861308.251760) can0 2A4#00011B0AFFFD740B
(1790861308.251886) can0 2A5#00000000FFFFF831
(1790861308.252008) can0 2A6#000007B3FFFFFA7C
(1790861308.252135) can0 2A7#0000565EFFFFF5D0
(1790861308.252259) can0 2A8#0000000000000000
(1790861308.256416) can0 2A1#0000000000000000
(1790861308.256533) can0 2A2#0000C83EFFFFFCB4
(1790861308.256633) can0 2A3#0002939CFFFD73D3
(1790861308.256784) can0 2A4#00011B0AFFFD740B
(1790861308.256884) can0 2A5#00000000FFFFF831
(1790861308.257010) can0 2A6#000007B3FFFFFA7C
(1790861308.257142) can0 2A7#0000565EFFFFF5D0
(1790861308.257260) can0 2A8#0000000000000000
(1790861308.257385) can0 251#0000000000000000
(1790861308.257509) can0 252#00000000FFFFFFDE
(1790861308.257634) can0 253#0000000000000022
(1790861308.257760) can0 254#00000000FFFFFFE8
(1790861308.257884) can0 255#0000000000000182
(1790861308.258012) can0 265#00E600221D000000
(1790861308.258138) can0 256#00000000FFFFFFD3
(1790861308.261417) can0 2A1#0000000000000000
(1790861308.261514) can0 2A2#0000C83EFFFFFCB4
(1790861308.261635) can0 2A3#0002939CFFFD73D3
(1790861308.261761) can0 2A4#00011B0AFFFD740B
(1790861308.261885) can0 2A5#00000000FFFFF831
(1790861308.262009) can0 2A6#000007B3FFFFFA7C
(1790861308.262133) can0 2A7#0000565EFFFFF5D0
(1790861308.262234) can0 2A8#0000000000000000
(1790861308.266416) can0 2A1#0000000000000000
(1790861308.266535) can0 2A2#0000C83EFFFFFCB4
(1790861308.266642) can0 2A3#0002939CFFFD73D3
(1790861308.266760) can0 2A4#00011B0AFFFD740B
(1790861308.266884) can0 2A5#00000000FFFFF831
(1790861308.267008) can0 2A6#000007B3FFFFFA7C
(1790861308.267134) can0 2A7#0000565EFFFFF5D0
(1790861308.267259) can0 2A8#0000000000000000
(1790861308.267384) can0 251#0000000000000000
(1790861308.267508) can0 252#00000000FFFFFFDE
(1790861308.267634) can0 253#0000000000000022
(1790861308.267759) can0 254#00000000FFFFFFE8
(1790861308.267883) can0 264#00E600211C000000
(1790861308.268011) can0 255#0000000000000182
(1790861308.268137) can0 256#00000000FFFFFFD3
(1790861308.271416) can0 2A1#0000000000000000
(1790861308.271508) can0 2A2#0000C83EFFFFFCB4
(1790861308.271633) can0 2A3#0002939CFFFD73D3
(1790861308.271760) can0 2A4#00011B0AFFFD740B
(1790861308.271883) can0 2A5#00000000FFFFF831
(1790861308.271983) can0 2A6#000007B3FFFFFA7C
(1790861308.272134) can0 2A7#0000565EFFFFF5D0
(1790861308.272233) can0 2A8#0000000000000000
(1790861308.276417) can0 2A1#0000000000000000
(1790861308.276533) can0 2A2#0000C83EFFFFFCB4
(1790861308.276633) can0 2A3#0002939CFFFD73D3
(1790861308.276759) can0 2A4#00011B0AFFFD740B
(1790861308.276883) can0 2A5#00000000FFFFF831
(1790861308.277009) can0 2A6#000007B3FFFFFA7C
(1790861308.277136) can0 2A7#0000565EFFFFF5D0
(1790861308.277259) can0 2A8#0000000000000000
(1790861308.277384) can0 251#0000000000000000
(1790861308.277511) can0 252#00000000FFFFFFDE
(1790861308.277634) can0 253#0000000000000022
(1790861308.277763) can0 263#00E600201B000000
(1790861308.277885) can0 254#00000000FFFFFFE8
(1790861308.278010) can0 255#0000000000000182
(1790861308.278134) can0 256#00000000FFFFFFD3
(1790861308.281384) can0 2A1#0000000000000000
(1790861308.281535) can0 2A2#0000C83EFFFFFCB4
(1790861308.281633) can0 2A3#0002939CFFFD73D3
(1790861308.281759) can0 2A4#00011B0AFFFD740B
(1790861308.281884) can0 2A5#00000000FFFFF831
(1790861308.282008) can0 2A6#000007B3FFFFFA7C
(1790861308.282109) can0 2A7#0000565EFFFFF5D0
(1790861308.282234) can0 2A8#0000000000000000
(1790861308.286418) can0 2A1#0000000000000000
(1790861308.286538) can0 2A2#0000C83EFFFFFCB4
(1790861308.286659) can0 2A3#0002939CFFFD73D3
(1790861308.286783) can0 2A4#00011B0AFFFD740B
(1790861308.286883) can0 2A5#00000000FFFFF831
(1790861308.287009) can0 2A6#000007B3FFFFFA7C
(1790861308.287133) can0 2A7#0000565EFFFFF5D0
(1790861308.287258) can0 2A8#0000000000000000
(1790861308.287385) can0 251#0000000000000000
(1790861308.287510) can0 252#00000000FFFFFFDE
(1790861308.287609) can0 262#00E6001F1A000000
(1790861308.287758) can0 253#0000000000000022
(1790861308.287859) can0 254#00000000FFFFFFE8
(1790861308.288009) can0 255#0000000000000182
(1790861308.288133) can0 256#00000000FFFFFFD3
(1790861308.291390) can0 2A1#0000000000000000
(1790861308.291535) can0 2A2#0000C83EFFFFFCB4
(1790861308.291634) can0 2A3#0002939CFFFD73D3
(1790861308.291760) can0 2A4#00011B0AFFFD740B
(1790861308.291883) can0 2A5#00000000FFFFF831
(1790861308.292009) can0 2A6#000007B3FFFFFA7C
(1790861308.292109) can0 2A7#0000565EFFFFF5D0
(1790861308.292235) can0 2A8#0000000000000000
(1790861308.296417) can0 2A1#0000000000000000
(1790861308.296545) can0 2A2#0000C83EFFFFFCB4
(1790861308.296660) can0 2A3#0002939CFFFD73D3
(1790861308.296783) can0 2A4#00011B0AFFFD740B
(1790861308.296885) can0 2A5#00000000FFFFF831
(1790861308.297012) can0 2A6#000007B3FFFFFA7C
(1790861308.297135) can0 2A7#0000565EFFFFF5D0
(1790861308.297258) can0 2A8#0000000000000000
(1790861308.297384) can0 251#0000000000000000
(1790861308.297511) can0 261#00E600211B000000
(1790861308.297635) can0 252#00000000FFFFFFDE
(1790861308.297759) can0 253#0000000000000022
(1790861308.297884) can0 254#00000000FFFFFFE8
(1790861308.298010) can0 255#0000000000000182
(1790861308.298136) can0 256#00000000FFFFFFD3
(1790861308.298233) can0 266#00E600221C000000
(1790861308.301385) can0 2A1#0000000000000000
(1790861308.301510) can0 2A2#0000C83EFFFFFCB4
(1790861308.301633) can0 2A3#0002939CFFFD73D3
(1790861308.301759) can0 2A4#00011B0AFFFD740B
(1790861308.301884) can0 2A5#00000000FFFFF831
(1790861308.302008) can0 2A6#000007B3FFFFFA7C
(1790861308.302136) can0 2A7#0000565EFFFFF5D0
(1790861308.302264) can0 2A8#0000000000000000
(1790861308.306418) can0 2A1#0000000000000000
(1790861308.306534) can0 2A2#0000C83EFFFFFCB4
(1790861308.306633) can0 2A3#0002939CFFFD73D3
(1790861308.306786) can0 2A4#00011B0AFFFD740B
(1790861308.306889) can0 2A5#00000000FFFFF831
(1790861308.307009) can0 2A6#000007B3FFFFFA7C
(1790861308.307139) can0 2A7#0000565EFFFFF5D0
(1790861308.307260) can0 2A8#0000000000000000
(1790861308.307385) can0 251#0000000000000000
(1790861308.307510) can0 252#00000000FFFFFFDE
(1790861308.307633) can0 253#0000000000000022
(1790861308.307758) can0 254#00000000FFFFFFE8
(1790861308.307889) can0 255#0000000000000182
(1790861308.308014) can0 265#00E600221D000000
(1790861308.308134) can0 256#00000000FFFFFFD3
(1790861308.311390) can0 2A1#0000000000000000
(1790861308.311514) can0 2A2#0000C83EFFFFFCB4
(1790861308.311635) can0 2A3#0002939CFFFD73D3
(1790861308.311759) can0 2A4#00011B0AFFFD740B
(1790861308.311885) can0 2A5#00000000FFFFF831
(1790861308.312009) can0 2A6#000007B3FFFFFA7C
(1790861308.312134) can0 2A7#0000565EFFFFF5D0
(1790861308.312259) can0 2A8#0000000000000000
(1790861308.316417) can0 2A1#0000000000000000
(1790861308.316539) can0 2A2#0000C83EFFFFFCB4
(1790861308.316635) can0 2A3#0002939CFFFD73D3
(1790861308.316760) can0 2A4#00011B0AFFFD740B
(1790861308.316883) can0 2A5#00000000FFFFF831
(1790861308.317009) can0 2A6#000007B3FFFFFA7C
(1790861308.317135) can0 2A7#0000565EFFFFF5D0
(1790861308.317257) can0 2A8#0000000000000000
(1790861308.317385) can0 251#0000000000000000
(1790861308.317509) can0 252#00000000FFFFFFDE
(1790861308.317634) can0 253#0000000000000022
(1790861308.317760) can0 254#00000000FFFFFFE8
(1790861308.317885) can0 264#00E600211C000000
(1790861308.318009) can0 255#0000000000000182
(1790861308.318134) can0 256#00000000FFFFFFD3
(1790861308.321460) can0 2A1#0000000000000000
(1790861308.321517) can0 2A2#0000C83EFFFFFCB4
(1790861308.321643) can0 2A3#0002939CFFFD73D3
(1790861308.321762) can0 2A4#00011B0AFFFD740B
(1790861308.321887) can0 2A5#00000000FFFFF831
(1790861308.321985) can0 2A6#000007B3FFFFFA7C
(1790861308.322135) can0 2A7#0000565EFFFFF5D0
(1790861308.322235) can0 2A8#0000000000000000
(1790861308.326424) can0 2A1#0000000000000000
(1790861308.326538) can0 2A2#0000C83EFFFFFCB4
(1790861308.326658) can0 2A3#0002939CFFFD73D3
(1790861308.326759) can0 2A4#00011B0AFFFD740B
(1790861308.326884) can0 2A5#00000000FFFFF831
(1790861308.327007) can0 2A6#000007B3FFFFFA7C
(1790861308.327132) can0 2A7#0000565EFFFFF5D0
(1790861308.327261) can0 2A8#0000000000000000
(1790861308.327383) can0 251#0000000000000000
(1790861308.327507) can0 252#00000000FFFFFFDE
(1790861308.327632) can0 253#0000000000000022
(1790861308.327757) can0 263#00E600201B000000
(1790861308.327882) can0 254#00000000FFFFFFE8
(1790861308.328007) can0 255#0000000000000182
(1790861308.328132) can0 256#00000000FFFFFFD3
(1790861308.331410) can0 2A1#0000000000000000
(1790861308.331511) can0 2A2#0000C83EFFFFFCB4
(1790861308.331634) can0 2A3#0002939CFFFD73D3
(1790861308.331758) can0 2A4#00011B0AFFFD740B
(1790861308.331884) can0 2A5#00000000FFFFF831
(1790861308.332009) can0 2A6#000007B3FFFFFA7C
(1790861308.332109) can0 2A7#0000565EFFFFF5D0
(1790861308.332234) can0 2A8#0000000000000000
(1790861308.336441) can0 2A1#0000000000000000
(1790861308.336537) can0 2A2#0000C83EFFFFFCB4
(1790861308.336661) can0 2A3#0002939CFFFD73D3
(1790861308.336784) can0 2A4#00011B0AFFFD740B
(1790861308.336884) can0 2A5#00000000FFFFF831
(1790861308.337009) can0 2A6#000007B3FFFFFA7C
(1790861308.337134) can0 2A7#0000565EFFFFF5D0
(1790861308.337258) can0 2A8#0000000000000000
(1790861308.337384) can0 251#0000000000000000
(1790861308.337511) can0 252#00000000FFFFFFDE
(1790861308.337634) can0 262#00E6001F1A000000
(1790861308.337759) can0 253#0000000000000022
(1790861308.337884) can0 254#00000000FFFFFFE8
(1790861308.338009) can0 255#0000000000000182
(1790861308.338134) can0 256#00000000FFFFFFD3
(1790861308.341401) can0 2A1#0000000000000000
(1790861308.341509) can0 2A2#0000C83EFFFFFCB4
(1790861308.341633) can0 2A3#0002939CFFFD73D3
(1790861308.341758) can0 2A4#00011B0AFFFD740B
(1790861308.341882) can0 2A5#00000000FFFFF831
(1790861308.342007) can0 2A6#000007B3FFFFFA7C
(1790861308.342132) can0 2A7#0000565EFFFFF5D0
(1790861308.342256) can0 2A8#0000000000000000
(1790861308.346432) can0 2A1#0000000000000000
(1790861308.346532) can0 2A2#0000C83EFFFFFCB4
(1790861308.346633) can0 2A3#0002939CFFFD73D3
(1790861308.346758) can0 2A4#00011B0AFFFD740B
(1790861308.346907) can0 2A5#00000000FFFFF831
(1790861308.347007) can0 2A6#000007B3FFFFFA7C
(1790861308.347132) can0 2A7#0000565EFFFFF5D0
(1790861308.347257) can0 2A8#0000000000000000
(1790861308.347383) can0 251#0000000000000000
(1790861308.347507) can0 261#00E600211B000000
(1790861308.347633) can0 252#00000000FFFFFFDE
(1790861308.347756) can0 253#0000000000000022
(1790861308.347883) can0 254#00000000FFFFFFE8
(1790861308.348006) can0 255#0000000000000182
(1790861308.348132) can0 256#00000000FFFFFFD3
(1790861308.348256) can0 266#00E600221C000000
(1790861308.351400) can0 2A1#0000000000000000
(1790861308.351509) can0 2A2#0000C83EFFFFFCB4
(1790861308.351633) can0 2A3#0002939CFFFD73D3
(1790861308.351758) can0 2A4#00011B0AFFFD740B
(1790861308.351882) can0 2A5#00000000FFFFF831
(1790861308.352007) can0 2A6#000007B3FFFFFA7C
(1790861308.352135) can0 2A7#0000565EFFFFF5D0
(1790861308.352257) can0 2A8#0000000000000000
(1790861308.356427) can0 2A1#0000000000000000
(1790861308.356533) can0 2A2#0000C83EFFFFFCB4
(1790861308.356632) can0 2A3#0002939CFFFD73D3
(1790861308.356757) can0 2A4#00011B0AFFFD740B
(1790861308.356907) can0 2A5#00000000FFFFF831
(1790861308.357007) can0 2A6#000007B3FFFFFA7C
(1790861308.357132) can0 2A7#0000565EFFFFF5D0
(1790861308.357257) can0 2A8#0000000000000000
(1790861308.357382) can0 251#0000000000000000
(1790861308.357507) can0 252#00000000FFFFFFDE
(1790861308.357632) can0 253#0000000000000022
(1790861308.357758) can0 254#00000000FFFFFFE8
(1790861308.357882) can0 255#0000000000000182
(1790861308.358008) can0 265#00E600221D000000
(1790861308.358132) can0 256#00000000FFFFFFD3
(1790861308.361434) can0 2A1#0000000000000000
(1790861308.361509) can0 2A2#0000C83EFFFFFCB4
(1790861308.361634) can0 2A3#0002939CFFFD73D3
(1790861308.361760) can0 2A4#00011B0AFFFD740B
(1790861308.361884) can0 2A5#00000000FFFFF831
(1790861308.362008) can0 2A6#000007B3FFFFFA7C
(1790861308.362109) can0 2A7#0000565EFFFFF5D0
(1790861308.362233) can0 2A8#0000000000000000
(1790861308.366437) can0 2A1#0000000000000000
(1790861308.366539) can0 2A2#0000C83EFFFFFCB4
(1790861308.366635) can0 2A3#0002939CFFFD73D3
(1790861308.366759) can0 2A4#00011B0AFFFD740B
(1790861308.366884) can0 2A5#00000000FFFFF831
(1790861308.367009) can0 2A6#000007B3FFFFFA7C
(1790861308.367134) can0 2A7#0000565EFFFFF5D0
(1790861308.367258) can0 2A8#0000000000000000
(1790861308.367386) can0 251#0000000000000000
(1790861308.367509) can0 252#00000000FFFFFFDE
(1790861308.367633) can0 253#0000000000000022
(1790861308.367759) can0 254#00000000FFFFFFE8
(1790861308.367883) can0 264#00E600211C000000
(1790861308.368008) can0 255#0000000000000182
(1790861308.368134) can0 256#00000000FFFFFFD3
(1790861308.371437) can0 2A1#0000000000000000
(1790861308.371536) can0 2A2#0000C83EFFFFFCB4
(1790861308.371633) can0 2A3#0002939CFFFD73D3
(1790861308.371760) can0 2A4#00011B0AFFFD740B
(1790861308.371883) can0 2A5#00000000FFFFF831
(1790861308.372009) can0 2A6#000007B3FFFFFA7C
(1790861308.372108) can0 2A7#0000565EFFFFF5D0
(1790861308.372233) can0 2A8#0000000000000000
(1790861308.376424) can0 2A1#0000000000000000
(1790861308.376535) can0 2A2#0000C83EFFFFFCB4
(1790861308.376658) can0 2A3#0002939CFFFD73D3
(1790861308.376784) can0 2A4#00011B0AFFFD740B
(1790861308.376883) can0 2A5#00000000FFFFF831
(1790861308.377009) can0 2A6#000007B3FFFFFA7C
(1790861308.377134) can0 2A7#0000565EFFFFF5D0
(1790861308.377260) can0 2A8#0000000000000000
(1790861308.377384) can0 251#0000000000000000
(1790861308.377509) can0 252#00000000FFFFFFDE
(1790861308.377635) can0 253#0000000000000022
(1790861308.377758) can0 263#00E600201B000000
(1790861308.377884) can0 254#00000000FFFFFFE8
(1790861308.377984) can0 255#0000000000000182
(1790861308.378135) can0 256#00000000FFFFFFD3
(1790861308.381401) can0 2A1#0000000000000000
(1790861308.381534) can0 2A2#0000C83EFFFFFCB4
(1790861308.381633) can0 2A3#0002939CFFFD73D3
(1790861308.381889) can0 2A4#00011B0AFFFD740B
(1790861308.381894) can0 2A5#00000000FFFFF831
(1790861308.382144) can0 2A6#000007B3FFFFFA7C
(1790861308.382148) can0 2A7#0000565EFFFFF5D0
(1790861308.382295) can0 2A8#0000000000000000
(1790861308.386547) can0 2A1#0000000000000000
(1790861308.386554) can0 2A2#0000C83EFFFFFCB4
(1790861308.386734) can0 2A3#0002939CFFFD73D3
(1790861308.386953) can0 2A4#00011B0AFFFD740B
(1790861308.386958) can0 2A5#00000000FFFFF831
(1790861308.387012) can0 2A6#000007B3FFFFFA7C
(1790861308.387138) can0 2A7#0000565EFFFFF5D0
(1790861308.387259) can0 2A8#0000000000000000
(1790861308.387385) can0 251#0000000000000000
(1790861308.387508) can0 252#00000000FFFFFFDE
(1790861308.387633) can0 262#00E6001F1A000000
(1790861308.387758) can0 253#0000000000000022
(1790861308.387883) can0 254#00000000FFFFFFE8
(1790861308.388007) can0 255#0000000000000182
(1790861308.388135) can0 256#00000000FFFFFFD3
(1790861308.391538) can0 2A1#0000000000000000
(1790861308.391548) can0 2A2#0000C83EFFFFFCB4
(1790861308.391717) can0 2A3#0002939CFFFD73D3
(1790861308.391909) can0 2A4#00011B0AFFFD740B
(1790861308.391913) can0 2A5#00000000FFFFF831
(1790861308.392021) can0 2A6#000007B3FFFFFA7C
(1790861308.392142) can0 2A7#0000565EFFFFF5D0
(1790861308.392259) can0 2A8#0000000000000000
(1790861308.396431) can0 2A1#0000000000000000
(1790861308.396535) can0 2A2#0000C83EFFFFFCB4
(1790861308.396633) can0 2A3#0002939CFFFD73D3
(1790861308.396757) can0 2A4#00011B0AFFFD740B
(1790861308.396883) can0 2A5#00000000FFFFF831
(1790861308.397008) can0 2A6#000007B3FFFFFA7C
(1790861308.397133) can0 2A7#0000565EFFFFF5D0
(1790861308.397258) can0 2A8#0000000000000000
(1790861308.397383) can0 251#0000000000000000
(1790861308.397509) can0 261#00E600211B000000
(1790861308.397633) can0 252#00000000FFFFFFDE
(1790861308.397757) can0 253#0000000000000022
(1790861308.397882) can0 254#00000000FFFFFFE8
(1790861308.398007) can0 255#0000000000000182
(1790861308.398143) can0 256#00000000FFFFFFD3
(1790861308.398257) can0 266#00E600221C000000
(1790861308.401393) can0 2A1#0000000000000000
(1790861308.401508) can0 2A2#0000C83EFFFFFCB4
(1790861308.401632) can0 2A3#0002939CFFFD73D3
(1790861308.401760) can0 2A4#00011B0AFFFD740B
(1790861308.401886) can0 2A5#00000000FFFFF831
(1790861308.402007) can0 2A6#000007B3FFFFFA7C
(1790861308.402132) can0 2A7#0000565EFFFFF5D0
(1790861308.402256) can0 2A8#0000000000000000
(1790861308.406544) can0 2A1#0000000000000000
(1790861308.406555) can0 2A2#0000C83EFFFFFCB4
(1790861308.406726) can0 2A3#0002939CFFFD73D3
(1790861308.406902) can0 2A4#00011B0AFFFD740B
(1790861308.406917) can0 2A5#00000000FFFFF831
(1790861308.407015) can0 2A6#000007B3FFFFFA7C
(1790861308.407136) can0 2A7#0000565EFFFFF5D0
(1790861308.407260) can0 2A8#0000000000000000
(1790861308.407558) can0 251#0000000000000000
(1790861308.407566) can0 252#00000000FFFFFFDE
(1790861308.407774) can0 253#0000000000000022
(1790861308.407779) can0 254#00000000FFFFFFE8
(1790861308.407977) can0 255#0000000000000182
(1790861308.408010) can0 265#00E600221D000000
(1790861308.408141) can0 256#00000000FFFFFFD3
(1790861308.411511) can0 2A1#0000000000000000
(1790861308.411520) can0 2A2#0000C83EFFFFFCB4
(1790861308.411729) can0 2A3#0002939CFFFD73D3
(1790861308.411760) can0 2A4#00011B0AFFFD740B
(1790861308.412018) can0 2A5#00000000FFFFF831
(1790861308.412022) can0 2A6#000007B3FFFFFA7C
(1790861308.412204) can0 2A7#0000565EFFFFF5D0
(1790861308.412235) can0 2A8#0000000000000000
(1790861308.416515) can0 2A1#0000000000000000
(1790861308.416538) can0 2A2#0000C83EFFFFFCB4
(1790861308.416711) can0 2A3#0002939CFFFD73D3
(1790861308.416761) can0 2A4#00011B0AFFFD740B
(1790861308.416994) can0 2A5#00000000FFFFF831
(1790861308.417016) can0 2A6#000007B3FFFFFA7C
(1790861308.417231) can0 2A7#0000565EFFFFF5D0
(1790861308.417260) can0 2A8#0000000000000000
(1790861308.417388) can0 251#0000000000000000
(1790861308.417514) can0 252#00000000FFFFFFDE
(1790861308.417636) can0 253#0000000000000022
(1790861308.417761) can0 254#00000000FFFFFFE8
(1790861308.417885) can0 264#00E600211C000000
(1790861308.418010) can0 255#0000000000000182
(1790861308.418135) can0 256#00000000FFFFFFD3
(1790861308.421474) can0 2A1#0000000000000000
(1790861308.421620) can0 2A2#0000C83EFFFFFCB4
(1790861308.421643) can0 2A3#0002939CFFFD73D3
(1790861308.421930) can0 2A4#00011B0AFFFD740B
(1790861308.421934) can0 2A5#00000000FFFFF831
(1790861308.422018) can0 2A6#000007B3FFFFFA7C
(1790861308.422282) can0 2A7#0000565EFFFFF5D0
(1790861308.422287) can0 2A8#0000000000000000
(1790861308.426518) can0 2A1#0000000000000000
(1790861308.426535) can0 2A2#0000C83EFFFFFCB4
(1790861308.426727) can0 2A3#0002939CFFFD73D3
(1790861308.426785) can0 2A4#00011B0AFFFD740B
(1790861308.427048) can0 2A5#00000000FFFFF831
(1790861308.427052) can0 2A6#000007B3FFFFFA7C
(1790861308.427137) can0 2A7#0000565EFFFFF5D0
(1790861308.427260) can0 2A8#0000000000000000
(1790861308.427524) can0 251#0000000000000000
(1790861308.427532) can0 252#00000000FFFFFFDE
(1790861308.427786) can0 253#0000000000000022
(1790861308.427790) can0 263#00E600201B000000
(1790861308.428015) can0 254#00000000FFFFFFE8
(1790861308.428019) can0 255#0000000000000182
(1790861308.428274) can0 256#00000000FFFFFFD3
(1790861308.431549) can0 2A1#0000000000000000
(1790861308.431554) can0 2A2#0000C83EFFFFFCB4
(1790861308.431637) can0 2A3#0002939CFFFD73D3
(1790861308.431760) can0 2A4#00011B0AFFFD740B
(1790861308.431885) can0 2A5#00000000FFFFF831
(1790861308.432010) can0 2A6#000007B3FFFFFA7C
(1790861308.432134) can0 2A7#0000565EFFFFF5D0
(1790861308.432260) can0 2A8#0000000000000000
(1790861308.436520) can0 2A1#0000000000000000
(1790861308.436556) can0 2A2#0000C83EFFFFFCB4
(1790861308.436805) can0 2A3#0002939CFFFD73D3
(1790861308.436810) can0 2A4#00011B0AFFFD740B
(1790861308.436886) can0 2A5#00000000FFFFF831
(1790861308.437151) can0 2A6#000007B3FFFFFA7C
(1790861308.437157) can0 2A7#0000565EFFFFF5D0
(1790861308.437402) can0 2A8#0000000000000000
(1790861308.437406) can0 251#0000000000000000
(1790861308.437621) can0 252#00000000FFFFFFDE
(1790861308.437639) can0 262#00E6001F1A000000
(1790861308.437887) can0 253#0000000000000022
(1790861308.437895) can0 254#00000000FFFFFFE8
(1790861308.438121) can0 255#0000000000000182
(1790861308.438139) can0 256#00000000FFFFFFD3
(1790861308.441533) can0 2A1#0000000000000000
(1790861308.441539) can0 2A2#0000C83EFFFFFCB4
(1790861308.441729) can0 2A3#0002939CFFFD73D3
(1790861308.441762) can0 2A4#00011B0AFFFD740B
(1790861308.441971) can0 2A5#00000000FFFFF831
(1790861308.442012) can0 2A6#000007B3FFFFFA7C
(1790861308.442221) can0 2A7#0000565EFFFFF5D0
(1790861308.442239) can0 2A8#0000000000000000
(1790861308.446501) can0 2A1#0000000000000000
(1790861308.446659) can0 2A2#0000C83EFFFFFCB4
(1790861308.446663) can0 2A3#0002939CFFFD73D3
(1790861308.446769) can0 2A4#00011B0AFFFD740B
(1790861308.446885) can0 2A5#00000000FFFFF831
(1790861308.447011) can0 2A6#000007B3FFFFFA7C
(1790861308.447134) can0 2A7#0000565EFFFFF5D0
(1790861308.447258) can0 2A8#0000000000000000
(1790861308.447536) can0 251#0000000000000000
(1790861308.447539) can0 261#00E600211B000000
(1790861308.447642) can0 252#00000000FFFFFFDE
(1790861308.447829) can0 253#0000000000000022
(1790861308.448025) can0 254#00000000FFFFFFE8
(1790861308.448029) can0 255#0000000000000182
(1790861308.448136) can0 256#00000000FFFFFFD3
(1790861308.448259) can0 266#00E600221C000000
(1790861308.451495) can0 2A1#0000000000000000
(1790861308.451519) can0 2A2#0000C83EFFFFFCB4
(1790861308.451723) can0 2A3#0002939CFFFD73D3
(1790861308.451759) can0 2A4#00011B0AFFFD740B
(1790861308.451937) can0 2A5#00000000FFFFF831
(1790861308.452179) can0 2A6#000007B3FFFFFA7C
(1790861308.452183) can0 2A7#0000565EFFFFF5D0
(1790861308.452376) can0 2A8#0000000000000000
(1790861308.456505) can0 2A1#0000000000000000
(1790861308.456546) can0 2A2#0000C83EFFFFFCB4
(1790861308.456698) can0 2A3#0002939CFFFD73D3
(1790861308.456791) can0 2A4#00011B0AFFFD740B
(1790861308.456927) can0 2A5#00000000FFFFF831
(1790861308.457158) can0 2A6#000007B3FFFFFA7C
(1790861308.457162) can0 2A7#0000565EFFFFF5D0
(1790861308.457391) can0 2A8#0000000000000000
(1790861308.457396) can0 251#0000000000000000
(1790861308.457512) can0 252#00000000FFFFFFDE
(1790861308.457642) can0 253#0000000000000022
(1790861308.457761) can0 254#00000000FFFFFFE8
(1790861308.457889) can0 255#0000000000000182
(1790861308.458010) can0 265#00E600221D000000
(1790861308.458138) can0 256#00000000FFFFFFD3
(1790861308.461513) can0 2A1#0000000000000000
(1790861308.461533) can0 2A2#0000C83EFFFFFCB4
(1790861308.461718) can0 2A3#0002939CFFFD73D3
(1790861308.461760) can0 2A4#00011B0AFFFD740B
(1790861308.461946) can0 2A5#00000000FFFFF831
(1790861308.462139) can0 2A6#000007B3FFFFFA7C
(1790861308.462143) can0 2A7#0000565EFFFFF5D0
(1790861308.462236) can0 2A8#0000000000000000
(1790861308.466511) can0 2A1#0000000000000000
(1790861308.466540) can0 2A2#0000C83EFFFFFCB4
(1790861308.466664) can0 2A3#0002939CFFFD73D3
(1790861308.466942) can0 2A4#00011B0AFFFD740B
(1790861308.466945) can0 2A5#00000000FFFFF831
(1790861308.467128) can0 2A6#000007B3FFFFFA7C
(1790861308.467140) can0 2A7#0000565EFFFFF5D0
(1790861308.467336) can0 2A8#0000000000000000
(1790861308.467532) can0 251#0000000000000000
(1790861308.467535) can0 252#00000000FFFFFFDE
(1790861308.467744) can0 253#0000000000000022
(1790861308.467761) can0 254#00000000FFFFFFE8
(1790861308.467891) can0 264#00E600211C000000
(1790861308.468010) can0 255#0000000000000182
(1790861308.468135) can0 256#00000000FFFFFFD3
(1790861308.471448) can0 2A1#0000000000000000
(1790861308.471640) can0 2A2#0000C83EFFFFFCB4
(1790861308.471644) can0 2A3#0002939CFFFD73D3
(1790861308.471761) can0 2A4#00011B0AFFFD740B
(1790861308.471884) can0 2A5#00000000FFFFF831
(1790861308.472009) can0 2A6#000007B3FFFFFA7C
(1790861308.472110) can0 2A7#0000565EFFFFF5D0
(1790861308.472234) can0 2A8#0000000000000000
(1790861308.476499) can0 2A1#0000000000000000
(1790861308.476686) can0 2A2#0000C83EFFFFFCB4
(1790861308.476690) can0 2A3#0002939CFFFD73D3
(1790861308.476914) can0 2A4#00011B0AFFFD740B
(1790861308.476917) can0 2A5#00000000FFFFF831
(1790861308.477139) can0 2A6#000007B3FFFFFA7C
(1790861308.477143) can0 2A7#0000565EFFFFF5D0
(1790861308.477359) can0 2A8#0000000000000000
(1790861308.477383) can0 251#0000000000000000
(1790861308.477510) can0 252#00000000FFFFFFDE
(1790861308.477633) can0 253#0000000000000022
(1790861308.477783) can0 263#00E600201B000000
(1790861308.477889) can0 254#00000000FFFFFFE8
(1790861308.478009) can0 255#0000000000000182
(1790861308.478136) can0 256#00000000FFFFFFD3
(1790861308.481513) can0 2A1#0000000000000000
(1790861308.481519) can0 2A2#0000C83EFFFFFCB4
(1790861308.481676) can0 2A3#0002939CFFFD73D3
(1790861308.481901) can0 2A4#00011B0AFFFD740B
(1790861308.481905) can0 2A5#00000000FFFFF831
(1790861308.482141) can0 2A6#000007B3FFFFFA7C
(1790861308.482145) can0 2A7#0000565EFFFFF5D0
(1790861308.482453) can0 2A8#0000000000000000
(1790861308.486502) can0 2A1#0000000000000000
(1790861308.486676) can0 2A2#0000C83EFFFFFCB4
(1790861308.486680) can0 2A3#0002939CFFFD73D3
(1790861308.486761) can0 2A4#00011B0AFFFD740B
(1790861308.486885) can0 2A5#00000000FFFFF831
(1790861308.487010) can0 2A6#000007B3FFFFFA7C
(1790861308.487134) can0 2A7#0000565EFFFFF5D0
(1790861308.487259) can0 2A8#0000000000000000
(1790861308.487385) can0 251#0000000000000000
(1790861308.487579) can0 252#00000000FFFFFFDE
(1790861308.487642) can0 262#00E6001F1A000000
(1790861308.487759) can0 253#0000000000000022
(1790861308.487904) can0 254#00000000FFFFFFE8
(1790861308.488086) can0 255#0000000000000182
(1790861308.488135) can0 256#00000000FFFFFFD3
(1790861308.491520) can0 2A1#0000000000000000
(1790861308.491527) can0 2A2#0000C83EFFFFFCB4
(1790861308.491692) can0 2A3#0002939CFFFD73D3
(1790861308.491763) can0 2A4#00011B0AFFFD740B
(1790861308.491973) can0 2A5#00000000FFFFF831
(1790861308.492180) can0 2A6#000007B3FFFFFA7C
(1790861308.492184) can0 2A7#0000565EFFFFF5D0
(1790861308.492235) can0 2A8#0000000000000000
(1790861308.496502) can0 2A1#0000000000000000
(1790861308.496656) can0 2A2#0000C83EFFFFFCB4
(1790861308.496660) can0 2A3#0002939CFFFD73D3
(1790861308.496910) can0 2A4#00011B0AFFFD740B
(1790861308.496914) can0 2A5#00000000FFFFF831
(1790861308.497128) can0 2A6#000007B3FFFFFA7C
(1790861308.497143) can0 2A7#0000565EFFFFF5D0
(1790861308.497419) can0 2A8#0000000000000000
(1790861308.497424) can0 251#0000000000000000
(1790861308.497511) can0 261#00E600211B000000
(1790861308.497635) can0 252#00000000FFFFFFDE
(1790861308.497759) can0 253#0000000000000022
(1790861308.497885) can0 254#00000000FFFFFFE8
(1790861308.498009) can0 255#0000000000000182
(1790861308.498135) can0 256#00000000FFFFFFD3
(1790861308.498259) can0 266#00E600221C000000
(1790861308.501494) can0 2A1#0000000000000000
(1790861308.501513) can0 2A2#0000C83EFFFFFCB4
(1790861308.501675) can0 2A3#0002939CFFFD73D3
(1790861308.501928) can0 2A4#00011B0AFFFD740B
(1790861308.501932) can0 2A5#00000000FFFFF831
(1790861308.502012) can0 2A6#000007B3FFFFFA7C
(1790861308.502135) can0 2A7#0000565EFFFFF5D0
(1790861308.502260) can0 2A8#0000000000000000
(1790861308.506501) can0 2A1#0000000000000000
(1790861308.506534) can0 2A2#0000C83EFFFFFCB4
(1790861308.506755) can0 2A3#0002939CFFFD73D3
(1790861308.506781) can0 2A4#00011B0AFFFD740B
(1790861308.507009) can0 2A5#00000000FFFFF831
(1790861308.507016) can0 2A6#000007B3FFFFFA7C
(1790861308.507264) can0 2A7#0000565EFFFFF5D0
(1790861308.507271) can0 2A8#0000000000000000
(1790861308.507532) can0 251#0000000000000000
(1790861308.507541) can0 252#00000000FFFFFFDE
(1790861308.507795) can0 253#0000000000000022
(1790861308.507802) can0 254#00000000FFFFFFE8
(1790861308.507885) can0 255#0000000000000182
(1790861308.508111) can0 265#00E600221D000000
(1790861308.508136) can0 256#00000000FFFFFFD3
(1790861308.511501) can0 2A1#0000000000000000
(1790861308.511535) can0 2A2#0000C83EFFFFFCB4
(1790861308.511660) can0 2A3#0002939CFFFD73D3
(1790861308.511761) can0 2A4#00011B0AFFFD740B
(1790861308.511884) can0 2A5#00000000FFFFF831
(1790861308.512011) can0 2A6#000007B3FFFFFA7C
(1790861308.512134) can0 2A7#0000565EFFFFF5D0
(1790861308.512263) can0 2A8#0000000000000000
(1790861308.516550) can0 2A1#0000000000000000
(1790861308.516562) can0 2A2#0000C83EFFFFFCB4
(1790861308.516733) can0 2A3#0002939CFFFD73D3
(1790861308.516789) can0 2A4#00011B0AFFFD740B
(1790861308.517018) can0 2A5#00000000FFFFF831
(1790861308.517026) can0 2A6#000007B3FFFFFA7C
(1790861308.517193) can0 2A7#0000565EFFFFF5D0
(1790861308.517393) can0 2A8#0000000000000000
(1790861308.517400) can0 251#0000000000000000
(1790861308.517637) can0 252#00000000FFFFFFDE
(1790861308.517644) can0 253#0000000000000022
(1790861308.517883) can0 254#00000000FFFFFFE8
(1790861308.517890) can0 264#00E600211C000000
(1790861308.517987) can0 255#0000000000000182
(1790861308.518110) can0 256#00000000FFFFFFD3
(1790861308.521494) can0 2A1#0000000000000000
(1790861308.521521) can0 2A2#0000C83EFFFFFCB4
(1790861308.521711) can0 2A3#0002939CFFFD73D3
(1790861308.521767) can0 2A4#00011B0AFFFD740B
(1790861308.521989) can0 2A5#00000000FFFFF831
(1790861308.522013) can0 2A6#000007B3FFFFFA7C
(1790861308.522314) can0 2A7#0000565EFFFFF5D0
(1790861308.522322) can0 2A8#0000000000000000
(1790861308.526541) can0 2A1#0000000000000000
(1790861308.526555) can0 2A2#0000C83EFFFFFCB4
(1790861308.526637) can0 2A3#0002939CFFFD73D3
(1790861308.526761) can0 2A4#00011B0AFFFD740B
(1790861308.526910) can0 2A5#00000000FFFFF831
(1790861308.527014) can0 2A6#000007B3FFFFFA7C
(1790861308.527135) can0 2A7#0000565EFFFFF5D0
(1790861308.527267) can0 2A8#0000000000000000
(1790861308.527385) can0 251#0000000000000000
(1790861308.527510) can0 252#00000000FFFFFFDE
(1790861308.527633) can0 253#0000000000000022
(1790861308.527761) can0 263#00E600201B000000
(1790861308.527889) can0 254#00000000FFFFFFE8
(1790861308.528010) can0 255#0000000000000182
(1790861308.528136) can0 256#00000000FFFFFFD3
(1790861308.531467) can0 2A1#0000000000000000
(1790861308.531510) can0 2A2#0000C83EFFFFFCB4
(1790861308.531751) can0 2A3#0002939CFFFD73D3
(1790861308.531769) can0 2A4#00011B0AFFFD740B
(1790861308.532025) can0 2A5#00000000FFFFF831
(1790861308.532029) can0 2A6#000007B3FFFFFA7C
(1790861308.532220) can0 2A7#0000565EFFFFF5D0
(1790861308.532260) can0 2A8#0000000000000000
(1790861308.536516) can0 2A1#0000000000000000
(1790861308.536534) can0 2A2#0000C83EFFFFFCB4
(1790861308.536727) can0 2A3#0002939CFFFD73D3
(1790861308.536760) can0 2A4#00011B0AFFFD740B
(1790861308.537052) can0 2A5#00000000FFFFF831
(1790861308.537056) can0 2A6#000007B3FFFFFA7C
(1790861308.537137) can0 2A7#0000565EFFFFF5D0
(1790861308.537396) can0 2A8#0000000000000000
(1790861308.537400) can0 251#0000000000000000
(1790861308.537650) can0 252#00000000FFFFFFDE
(1790861308.537655) can0 262#00E6001F1A000000
(1790861308.537908) can0 253#0000000000000022
(1790861308.537918) can0 254#00000000FFFFFFE8
(1790861308.538140) can0 255#0000000000000182
(1790861308.538144) can0 256#00000000FFFFFFD3
(1790861308.541519) can0 2A1#0000000000000000
(1790861308.541524) can0 2A2#0000C83EFFFFFCB4
(1790861308.541728) can0 2A3#0002939CFFFD73D3
(1790861308.541759) can0 2A4#00011B0AFFFD740B
(1790861308.541886) can0 2A5#00000000FFFFF831
(1790861308.542010) can0 2A6#000007B3FFFFFA7C
(1790861308.542109) can0 2A7#0000565EFFFFF5D0
(1790861308.542260) can0 2A8#0000000000000000
(1790861308.546493) can0 2A1#0000000000000000
(1790861308.546641) can0 2A2#0000C83EFFFFFCB4
(1790861308.546678) can0 2A3#0002939CFFFD73D3
(1790861308.546936) can0 2A4#00011B0AFFFD740B
(1790861308.546942) can0 2A5#00000000FFFFF831
(1790861308.547020) can0 2A6#000007B3FFFFFA7C
(1790861308.547209) can0 2A7#0000565EFFFFF5D0
(1790861308.547260) can0 2A8#0000000000000000
(1790861308.547410) can0 251#0000000000000000
(1790861308.547511) can0 261#00E600211B000000
(1790861308.547644) can0 252#00000000FFFFFFDE
(1790861308.547832) can0 253#0000000000000022
(1790861308.547885) can0 254#00000000FFFFFFE8
(1790861308.548010) can0 255#0000000000000182
(1790861308.548135) can0 256#00000000FFFFFFD3
(1790861308.548258) can0 266#00E600221C000000
(1790861308.551478) can0 2A1#0000000000000000
(1790861308.551511) can0 2A2#0000C83EFFFFFCB4
(1790861308.551731) can0 2A3#0002939CFFFD73D3
(1790861308.551759) can0 2A4#00011B0AFFFD740B
(1790861308.551970) can0 2A5#00000000FFFFF831
(1790861308.552010) can0 2A6#000007B3FFFFFA7C
(1790861308.552135) can0 2A7#0000565EFFFFF5D0
(1790861308.552259) can0 2A8#0000000000000000
(1790861308.556510) can0 2A1#0000000000000000
(1790861308.556543) can0 2A2#0000C83EFFFFFCB4
(1790861308.556741) can0 2A3#0002939CFFFD73D3
(1790861308.556786) can0 2A4#00011B0AFFFD740B
(1790861308.556912) can0 2A5#00000000FFFFF831
(1790861308.557010) can0 2A6#000007B3FFFFFA7C
(1790861308.557134) can0 2A7#0000565EFFFFF5D0
(1790861308.557260) can0 2A8#0000000000000000
(1790861308.557385) can0 251#0000000000000000
(1790861308.557511) can0 252#00000000FFFFFFDE
(1790861308.557633) can0 253#0000000000000022
(1790861308.557761) can0 254#00000000FFFFFFE8
(1790861308.557884) can0 255#0000000000000182
(1790861308.558009) can0 265#00E600221D000000
(1790861308.558136) can0 256#00000000FFFFFFD3
(1790861308.561422) can0 2A1#0000000000000000
(1790861308.561536) can0 2A2#0000C83EFFFFFCB4
(1790861308.561661) can0 2A3#0002939CFFFD73D3
(1790861308.561786) can0 2A4#00011B0AFFFD740B
(1790861308.562193) can0 2A5#00000000FFFFF831
(1790861308.562195) can0 2A6#000007B3FFFFFA7C
(1790861308.562197) can0 2A7#0000565EFFFFF5D0
(1790861308.562260) can0 2A8#0000000000000000
(1790861308.566450) can0 2A1#0000000000000000
(1790861308.566637) can0 2A2#0000C83EFFFFFCB4
(1790861308.566670) can0 2A3#0002939CFFFD73D3
(1790861308.566909) can0 2A4#00011B0AFFFD740B
(1790861308.566918) can0 2A5#00000000FFFFF831
(1790861308.567128) can0 2A6#000007B3FFFFFA7C
(1790861308.567143) can0 2A7#0000565EFFFFF5D0
(1790861308.567357) can0 2A8#0000000000000000
(1790861308.567385) can0 251#0000000000000000
(1790861308.567640) can0 252#00000000FFFFFFDE
(1790861308.567644) can0 253#0000000000000022
(1790861308.567820) can0 254#00000000FFFFFFE8
(1790861308.567986) can0 264#00E600211C000000
(1790861308.568015) can0 255#0000000000000182
(1790861308.568135) can0 256#00000000FFFFFFD3
(1790861308.571531) can0 2A1#0000000000000000
(1790861308.571537) can0 2A2#0000C83EFFFFFCB4
(1790861308.571729) can0 2A3#0002939CFFFD73D3
(1790861308.571762) can0 2A4#00011B0AFFFD740B
(1790861308.571978) can0 2A5#00000000FFFFF831
(1790861308.572021) can0 2A6#000007B3FFFFFA7C
(1790861308.572229) can0 2A7#0000565EFFFFF5D0
(1790861308.572273) can0 2A8#0000000000000000
(1790861308.576508) can0 2A1#0000000000000000
(1790861308.576543) can0 2A2#0000C83EFFFFFCB4
(1790861308.576721) can0 2A3#0002939CFFFD73D3
(1790861308.576952) can0 2A4#00011B0AFFFD740B
(1790861308.576957) can0 2A5#00000000FFFFF831
(1790861308.577011) can0 2A6#000007B3FFFFFA7C
(1790861308.577271) can0 2A7#0000565EFFFFF5D0
(1790861308.577275) can0 2A8#0000000000000000
(1790861308.577512) can0 251#0000000000000000
(1790861308.577523) can0 252#00000000FFFFFFDE
(1790861308.577738) can0 253#0000000000000022
(1790861308.577758) can0 263#00E600201B000000
(1790861308.578022) can0 254#00000000FFFFFFE8
(1790861308.578026) can0 255#0000000000000182
(1790861308.578136) can0 256#00000000FFFFFFD3
(1790861308.581437) can0 2A1#0000000000000000
(1790861308.581581) can0 2A2#0000C83EFFFFFCB4
(1790861308.581769) can0 2A3#0002939CFFFD73D3
(1790861308.581773) can0 2A4#00011B0AFFFD740B
(1790861308.581886) can0 2A5#00000000FFFFF831
(1790861308.582010) can0 2A6#000007B3FFFFFA7C
(1790861308.582112) can0 2A7#0000565EFFFFF5D0
(1790861308.582263) can0 2A8#0000000000000000
(1790861308.586514) can0 2A1#0000000000000000
(1790861308.586537) can0 2A2#0000C83EFFFFFCB4
(1790861308.586736) can0 2A3#0002939CFFFD73D3
(1790861308.586759) can0 2A4#00011B0AFFFD740B
(1790861308.586977) can0 2A5#00000000FFFFF831
(1790861308.587010) can0 2A6#000007B3FFFFFA7C
(1790861308.587225) can0 2A7#0000565EFFFFF5D0
(1790861308.587400) can0 2A8#0000000000000000
(1790861308.587404) can0 251#0000000000000000
(1790861308.587642) can0 252#00000000FFFFFFDE
(1790861308.587645) can0 262#00E6001F1A000000
(1790861308.587761) can0 253#0000000000000022
(1790861308.587884) can0 254#00000000FFFFFFE8
(1790861308.588010) can0 255#0000000000000182
(1790861308.588135) can0 256#00000000FFFFFFD3
(1790861308.591518) can0 2A1#0000000000000000
(1790861308.591559) can0 2A2#0000C83EFFFFFCB4
(1790861308.591752) can0 2A3#0002939CFFFD73D3
(1790861308.591767) can0 2A4#00011B0AFFFD740B
(1790861308.591989) can0 2A5#00000000FFFFF831
(1790861308.592021) can0 2A6#000007B3FFFFFA7C
(1790861308.592204) can0 2A7#0000565EFFFFF5D0
(1790861308.592260) can0 2A8#0000000000000000
(1790861308.596431) can0 2A1#0000000000000000
(1790861308.596536) can0 2A2#0000C83EFFFFFCB4
(1790861308.596636) can0 2A3#0002939CFFFD73D3
(1790861308.596761) can0 2A4#00011B0AFFFD740B
(1790861308.596884) can0 2A5#00000000FFFFF831
(1790861308.597009) can0 2A6#000007B3FFFFFA7C
(1790861308.597134) can0 2A7#0000565EFFFFF5D0
(1790861308.597258) can0 2A8#0000000000000000
(1790861308.597491) can0 251#0000000000000000
(1790861308.597507) can0 261#00E600211B000000
(1790861308.597743) can0 252#00000000FFFFFFDE
(1790861308.597758) can0 253#0000000000000022
(1790861308.597983) can0 254#00000000FFFFFFE8
(1790861308.597988) can0 255#0000000000000182
(1790861308.598196) can0 256#00000000FFFFFFD3
(1790861308.598343) can0 266#00E600221C000000
(1790861308.601490) can0 2A1#0000000000000000
(1790861308.601655) can0 2A2#0000C83EFFFFFCB4
(1790861308.601660) can0 2A3#0002939CFFFD73D3
(1790861308.601884) can0 2A4#00011B0AFFFD740B
(1790861308.601889) can0 2A5#00000000FFFFF831
(1790861308.602101) can0 2A6#000007B3FFFFFA7C
(1790861308.602134) can0 2A7#0000565EFFFFF5D0
(1790861308.602259) can0 2A8#0000000000000000
(1790861308.606534) can0 2A1#0000000000000000
(1790861308.606544) can0 2A2#0000C83EFFFFFCB4
(1790861308.606769) can0 2A3#0002939CFFFD73D3
(1790861308.606796) can0 2A4#00011B0AFFFD740B
(1790861308.606983) can0 2A5#00000000FFFFF831
(1790861308.607007) can0 2A6#000007B3FFFFFA7C
(1790861308.607135) can0 2A7#0000565EFFFFF5D0
(1790861308.607259) can0 2A8#0000000000000000
(1790861308.607384) can0 251#0000000000000000
(1790861308.607509) can0 252#00000000FFFFFFDE
(1790861308.607634) can0 253#0000000000000022
(1790861308.607759) can0 254#00000000FFFFFFE8
(1790861308.607884) can0 255#0000000000000182
(1790861308.608009) can0 265#00E600221D000000
(1790861308.608134) can0 256#00000000FFFFFFD3
(1790861308.611457) can0 2A1#0000000000000000
(1790861308.611512) can0 2A2#0000C83EFFFFFCB4
(1790861308.611697) can0 2A3#0002939CFFFD73D3
(1790861308.611759) can0 2A4#00011B0AFFFD740B
(1790861308.612016) can0 2A5#00000000FFFFF831
(1790861308.612020) can0 2A6#000007B3FFFFFA7C
(1790861308.612136) can0 2A7#0000565EFFFFF5D0
(1790861308.612338) can0 2A8#0000000000000000
(1790861308.616450) can0 2A1#0000000000000000
(1790861308.616613) can0 2A2#0000C83EFFFFFCB4
(1790861308.616838) can0 2A3#0002939CFFFD73D3
(1790861308.616842) can0 2A4#00011B0AFFFD740B
(1790861308.617027) can0 2A5#00000000FFFFF831
(1790861308.617038) can0 2A6#000007B3FFFFFA7C
(1790861308.617208) can0 2A7#0000565EFFFFF5D0
(1790861308.617260) can0 2A8#0000000000000000
(1790861308.617472) can0 251#0000000000000000
(1790861308.617664) can0 252#00000000FFFFFFDE
(1790861308.617667) can0 253#0000000000000022
(1790861308.617760) can0 254#00000000FFFFFFE8
(1790861308.617884) can0 264#00E600211C000000
(1790861308.618008) can0 255#0000000000000182
(1790861308.618134) can0 256#00000000FFFFFFD3
(1790861308.621532) can0 2A1#0000000000000000
(1790861308.621541) can0 2A2#0000C83EFFFFFCB4
(1790861308.621722) can0 2A3#0002939CFFFD73D3
(1790861308.621893) can0 2A4#00011B0AFFFD740B
(1790861308.621896) can0 2A5#00000000FFFFF831
(1790861308.622011) can0 2A6#000007B3FFFFFA7C
(1790861308.622136) can0 2A7#0000565EFFFFF5D0
(1790861308.622235) can0 2A8#0000000000000000
(1790861308.626513) can0 2A1#0000000000000000
(1790861308.626532) can0 2A2#0000C83EFFFFFCB4
(1790861308.626772) can0 2A3#0002939CFFFD73D3
(1790861308.626777) can0 2A4#00011B0AFFFD740B
(1790861308.626958) can0 2A5#00000000FFFFF831
(1790861308.627012) can0 2A6#000007B3FFFFFA7C
(1790861308.627137) can0 2A7#0000565EFFFFF5D0
(1790861308.627313) can0 2A8#0000000000000000
(1790861308.627408) can0 251#0000000000000000
(1790861308.627646) can0 252#00000000FFFFFFDE
(1790861308.627650) can0 253#0000000000000022
(1790861308.627869) can0 263#00E600201B000000
(1790861308.627887) can0 254#00000000FFFFFFE8
(1790861308.628089) can0 255#0000000000000182
(1790861308.628136) can0 256#00000000FFFFFFD3
(1790861308.631485) can0 2A1#0000000000000000
(1790861308.631655) can0 2A2#0000C83EFFFFFCB4
(1790861308.631659) can0 2A3#0002939CFFFD73D3
(1790861308.631762) can0 2A4#00011B0AFFFD740B
(1790861308.631886) can0 2A5#00000000FFFFF831
(1790861308.631985) can0 2A6#000007B3FFFFFA7C
(1790861308.632136) can0 2A7#0000565EFFFFF5D0
(1790861308.632234) can0 2A8#0000000000000000
(1790861308.636498) can0 2A1#0000000000000000
(1790861308.636534) can0 2A2#0000C83EFFFFFCB4
(1790861308.636660) can0 2A3#0002939CFFFD73D3
(1790861308.636759) can0 2A4#00011B0AFFFD740B
(1790861308.636884) can0 2A5#00000000FFFFF831
(1790861308.637009) can0 2A6#000007B3FFFFFA7C
(1790861308.637134) can0 2A7#0000565EFFFFF5D0
(1790861308.637259) can0 2A8#0000000000000000
(1790861308.637515) can0 251#0000000000000000
(1790861308.637523) can0 252#00000000FFFFFFDE
(1790861308.637733) can0 262#00E6001F1A000000
(1790861308.637757) can0 253#0000000000000022
(1790861308.638012) can0 254#00000000FFFFFFE8
(1790861308.638019) can0 255#0000000000000182
(1790861308.638135) can0 256#00000000FFFFFFD3
(1790861308.641512) can0 2A1#0000000000000000
(1790861308.641524) can0 2A2#0000C83EFFFFFCB4
(1790861308.641733) can0 2A3#0002939CFFFD73D3
(1790861308.641758) can0 2A4#00011B0AFFFD740B
(1790861308.641963) can0 2A5#00000000FFFFF831
(1790861308.642019) can0 2A6#000007B3FFFFFA7C
(1790861308.642264) can0 2A7#0000565EFFFFF5D0
(1790861308.642271) can0 2A8#0000000000000000
(1790861308.646548) can0 2A1#0000000000000000
(1790861308.646560) can0 2A2#0000C83EFFFFFCB4
(1790861308.646798) can0 2A3#0002939CFFFD73D3
(1790861308.646802) can0 2A4#00011B0AFFFD740B
(1790861308.647026) can0 2A5#00000000FFFFF831
(1790861308.647030) can0 2A6#000007B3FFFFFA7C
(1790861308.647279) can0 2A7#0000565EFFFFF5D0
(1790861308.647282) can0 2A8#0000000000000000
(1790861308.647492) can0 251#0000000000000000
(1790861308.647510) can0 261#00E600211B000000
(1790861308.647637) can0 252#00000000FFFFFFDE
(1790861308.647761) can0 253#0000000000000022
(1790861308.647885) can0 254#00000000FFFFFFE8
(1790861308.647984) can0 255#0000000000000182
(1790861308.648110) can0 256#00000000FFFFFFD3
(1790861308.648233) can0 266#00E600221C000000
(1790861308.651558) can0 2A1#0000000000000000
(1790861308.651564) can0 2A2#0000C83EFFFFFCB4
(1790861308.651766) can0 2A3#0002939CFFFD73D3
(1790861308.651769) can0 2A4#00011B0AFFFD740B
(1790861308.652003) can0 2A5#00000000FFFFF831
(1790861308.652016) can0 2A6#000007B3FFFFFA7C
(1790861308.652217) can0 2A7#0000565EFFFFF5D0
(1790861308.652425) can0 2A8#0000000000000000
(1790861308.656519) can0 2A1#0000000000000000
(1790861308.656538) can0 2A2#0000C83EFFFFFCB4
(1790861308.656710) can0 2A3#0002939CFFFD73D3
(1790861308.656787) can0 2A4#00011B0AFFFD740B
(1790861308.656887) can0 2A5#00000000FFFFF831
(1790861308.657068) can0 2A6#000007B3FFFFFA7C
(1790861308.657139) can0 2A7#0000565EFFFFF5D0
(1790861308.657272) can0 2A8#0000000000000000
(1790861308.657511) can0 251#0000000000000000
(1790861308.657521) can0 252#00000000FFFFFFDE
(1790861308.657708) can0 253#0000000000000022
(1790861308.657764) can0 254#00000000FFFFFFE8
(1790861308.657967) can0 255#0000000000000182
(1790861308.658009) can0 265#00E600221D000000
(1790861308.658135) can0 256#00000000FFFFFFD3
(1790861308.661540) can0 2A1#0000000000000000
(1790861308.661547) can0 2A2#0000C83EFFFFFCB4
(1790861308.661704) can0 2A3#0002939CFFFD73D3
(1790861308.661919) can0 2A4#00011B0AFFFD740B
(1790861308.661923) can0 2A5#00000000FFFFF831
(1790861308.662011) can0 2A6#000007B3FFFFFA7C
(1790861308.662136) can0 2A7#0000565EFFFFF5D0
(1790861308.662234) can0 2A8#0000000000000000
(1790861308.666519) can0 2A1#0000000000000000
(1790861308.666541) can0 2A2#0000C83EFFFFFCB4
(1790861308.666780) can0 2A3#0002939CFFFD73D3
(1790861308.666784) can0 2A4#00011B0AFFFD740B
(1790861308.666950) can0 2A5#00000000FFFFF831
(1790861308.667106) can0 2A6#000007B3FFFFFA7C
(1790861308.667137) can0 2A7#0000565EFFFFF5D0
(1790861308.667259) can0 2A8#0000000000000000
(1790861308.667535) can0 251#0000000000000000
(1790861308.667538) can0 252#00000000FFFFFFDE
(1790861308.667637) can0 253#0000000000000022
(1790861308.667861) can0 254#00000000FFFFFFE8
(1790861308.667887) can0 264#00E600211C000000
(1790861308.668120) can0 255#0000000000000182
(1790861308.668137) can0 256#00000000FFFFFFD3
(1790861308.671501) can0 2A1#0000000000000000
(1790861308.671644) can0 2A2#0000C83EFFFFFCB4
(1790861308.671648) can0 2A3#0002939CFFFD73D3
(1790861308.671775) can0 2A4#00011B0AFFFD740B
(1790861308.671996) can0 2A5#00000000FFFFF831
(1790861308.672000) can0 2A6#000007B3FFFFFA7C
(1790861308.672251) can0 2A7#0000565EFFFFF5D0
(1790861308.672257) can0 2A8#0000000000000000
(1790861308.676504) can0 2A1#0000000000000000
(1790861308.676696) can0 2A2#0000C83EFFFFFCB4
(1790861308.676699) can0 2A3#0002939CFFFD73D3
(1790861308.676760) can0 2A4#00011B0AFFFD740B
(1790861308.676904) can0 2A5#00000000FFFFF831
(1790861308.677009) can0 2A6#000007B3FFFFFA7C
(1790861308.677134) can0 2A7#0000565EFFFFF5D0
(1790861308.677259) can0 2A8#0000000000000000
(1790861308.677387) can0 251#0000000000000000
(1790861308.677509) can0 252#00000000FFFFFFDE
(1790861308.677662) can0 253#0000000000000022
(1790861308.677860) can0 263#00E600201B000000
(1790861308.677897) can0 254#00000000FFFFFFE8
(1790861308.678141) can0 255#0000000000000182
(1790861308.678145) can0 256#00000000FFFFFFD3
(1790861308.681520) can0 2A1#0000000000000000
(1790861308.681543) can0 2A2#0000C83EFFFFFCB4
(1790861308.681666) can0 2A3#0002939CFFFD73D3
(1790861308.681845) can0 2A4#00011B0AFFFD740B
(1790861308.681891) can0 2A5#00000000FFFFF831
(1790861308.682091) can0 2A6#000007B3FFFFFA7C
(1790861308.682107) can0 2A7#0000565EFFFFF5D0
(1790861308.682296) can0 2A8#0000000000000000
(1790861308.686508) can0 2A1#0000000000000000
(1790861308.686536) can0 2A2#0000C83EFFFFFCB4
(1790861308.686704) can0 2A3#0002939CFFFD73D3
(1790861308.686798) can0 2A4#00011B0AFFFD740B
(1790861308.686986) can0 2A5#00000000FFFFF831
(1790861308.687036) can0 2A6#000007B3FFFFFA7C
(1790861308.687213) can0 2A7#0000565EFFFFF5D0
(1790861308.687260) can0 2A8#0000000000000000
(1790861308.687521) can0 251#0000000000000000
(1790861308.687525) can0 252#00000000FFFFFFDE
(1790861308.687637) can0 262#00E6001F1A000000
(1790861308.687760) can0 253#0000000000000022
(1790861308.687885) can0 254#00000000FFFFFFE8
(1790861308.688010) can0 255#0000000000000182
(1790861308.688109) can0 256#00000000FFFFFFD3
(1790861308.691539) can0 2A1#0000000000000000
(1790861308.691545) can0 2A2#0000C83EFFFFFCB4
(1790861308.691724) can0 2A3#0002939CFFFD73D3
(1790861308.691761) can0 2A4#00011B0AFFFD740B
(1790861308.692022) can0 2A5#00000000FFFFF831
(1790861308.692027) can0 2A6#000007B3FFFFFA7C
(1790861308.692218) can0 2A7#0000565EFFFFF5D0
(1790861308.692260) can0 2A8#0000000000000000
(1790861308.696443) can0 2A1#0000000000000000
(1790861308.696536) can0 2A2#0000C83EFFFFFCB4
(1790861308.696666) can0 2A3#0002939CFFFD73D3
(1790861308.696894) can0 2A4#00011B0AFFFD740B
(1790861308.696902) can0 2A5#00000000FFFFF831
(1790861308.697172) can0 2A6#000007B3FFFFFA7C
(1790861308.697179) can0 2A7#0000565EFFFFF5D0
(1790861308.697396) can0 2A8#0000000000000000
(1790861308.697404) can0 251#0000000000000000
(1790861308.697645) can0 261#00E600211B000000
(1790861308.697653) can0 252#00000000FFFFFFDE
(1790861308.697891) can0 253#0000000000000022
(1790861308.697899) can0 254#00000000FFFFFFE8
(1790861308.698109) can0 255#0000000000000182
(1790861308.698154) can0 256#00000000FFFFFFD3
(1790861308.698235) can0 266#00E600221C000000
(1790861308.701411) can0 2A1#0000000000000000
(1790861308.701535) can0 2A2#0000C83EFFFFFCB4
(1790861308.701635) can0 2A3#0002939CFFFD73D3
(1790861308.701760) can0 2A4#00011B0AFFFD740B
(1790861308.701886) can0 2A5#00000000FFFFF831
(1790861308.702013) can0 2A6#000007B3FFFFFA7C
(1790861308.702136) can0 2A7#0000565EFFFFF5D0
(1790861308.702234) can0 2A8#0000000000000000
(1790861308.706541) can0 2A1#0000000000000000
(1790861308.706552) can0 2A2#0000C83EFFFFFCB4
(1790861308.706692) can0 2A3#0002939CFFFD73D3
(1790861308.706849) can0 2A4#00011B0AFFFD740B
(1790861308.706886) can0 2A5#00000000FFFFF831
(1790861308.707068) can0 2A6#000007B3FFFFFA7C
(1790861308.707138) can0 2A7#0000565EFFFFF5D0
(1790861308.707292) can0 2A8#0000000000000000
(1790861308.707577) can0 251#0000000000000000
(1790861308.707581) can0 252#00000000FFFFFFDE
(1790861308.707641) can0 253#0000000000000022
(1790861308.707831) can0 254#00000000FFFFFFE8
(1790861308.707888) can0 255#0000000000000182
(1790861308.708010) can0 265#00E600221D000000
(1790861308.708136) can0 256#00000000FFFFFFD3
(1790861308.711517) can0 2A1#0000000000000000
(1790861308.711529) can0 2A2#0000C83EFFFFFCB4
(1790861308.711706) can0 2A3#0002939CFFFD73D3
(1790861308.711850) can0 2A4#00011B0AFFFD740B
(1790861308.712085) can0 2A5#00000000FFFFF831
(1790861308.712089) can0 2A6#000007B3FFFFFA7C
(1790861308.712275) can0 2A7#0000565EFFFFF5D0
(1790861308.712279) can0 2A8#0000000000000000
(1790861308.716495) can0 2A1#0000000000000000
(1790861308.716660) can0 2A2#0000C83EFFFFFCB4
(1790861308.716664) can0 2A3#0002939CFFFD73D3
(1790861308.716809) can0 2A4#00011B0AFFFD740B
(1790861308.716886) can0 2A5#00000000FFFFF831
(1790861308.717009) can0 2A6#000007B3FFFFFA7C
(1790861308.717135) can0 2A7#0000565EFFFFF5D0
(1790861308.717259) can0 2A8#0000000000000000
(1790861308.717520) can0 251#0000000000000000
(1790861308.717524) can0 252#00000000FFFFFFDE
(1790861308.717709) can0 253#0000000000000022
(1790861308.717920) can0 254#00000000FFFFFFE8
(1790861308.717924) can0 264#00E600211C000000
(1790861308.718090) can0 255#0000000000000182
(1790861308.718136) can0 256#00000000FFFFFFD3
(1790861308.721496) can0 2A1#0000000000000000
(1790861308.721651) can0 2A2#0000C83EFFFFFCB4
(1790861308.721655) can0 2A3#0002939CFFFD73D3
(1790861308.721859) can0 2A4#00011B0AFFFD740B
(1790861308.721888) can0 2A5#00000000FFFFF831
(1790861308.722084) can0 2A6#000007B3FFFFFA7C
(1790861308.722114) can0 2A7#0000565EFFFFF5D0
(1790861308.722284) can0 2A8#0000000000000000
(1790861308.726516) can0 2A1#0000000000000000
(1790861308.726535) can0 2A2#0000C83EFFFFFCB4
(1790861308.726776) can0 2A3#0002939CFFFD73D3
(1790861308.726781) can0 2A4#00011B0AFFFD740B
(1790861308.726966) can0 2A5#00000000FFFFF831
(1790861308.727010) can0 2A6#000007B3FFFFFA7C
(1790861308.727258) can0 2A7#0000565EFFFFF5D0
(1790861308.727263) can0 2A8#0000000000000000
(1790861308.727450) can0 251#0000000000000000
(1790861308.727512) can0 252#00000000FFFFFFDE
(1790861308.727636) can0 253#0000000000000022
(1790861308.727761) can0 263#00E600201B000000
(1790861308.727885) can0 254#00000000FFFFFFE8
(1790861308.728010) can0 255#0000000000000182
(1790861308.728134) can0 256#00000000FFFFFFD3
(1790861308.731528) can0 2A1#0000000000000000
(1790861308.731535) can0 2A2#0000C83EFFFFFCB4
(1790861308.731721) can0 2A3#0002939CFFFD73D3
(1790861308.731761) can0 2A4#00011B0AFFFD740B
(1790861308.732018) can0 2A5#00000000FFFFF831
(1790861308.732024) can0 2A6#000007B3FFFFFA7C
(1790861308.732229) can0 2A7#0000565EFFFFF5D0
(1790861308.732261) can0 2A8#0000000000000000
(1790861308.736445) can0 2A1#0000000000000000
(1790861308.736643) can0 2A2#0000C83EFFFFFCB4
(1790861308.736646) can0 2A3#0002939CFFFD73D3
(1790861308.736877) can0 2A4#00011B0AFFFD740B
(1790861308.736891) can0 2A5#00000000FFFFF831
(1790861308.737119) can0 2A6#000007B3FFFFFA7C
(1790861308.737137) can0 2A7#0000565EFFFFF5D0
(1790861308.737362) can0 2A8#0000000000000000
(1790861308.737384) can0 251#0000000000000000
(1790861308.737649) can0 252#00000000FFFFFFDE
(1790861308.737653) can0 262#00E6001F1A000000
(1790861308.737878) can0 253#0000000000000022
(1790861308.737891) can0 254#00000000FFFFFFE8
(1790861308.738013) can0 255#0000000000000182
(1790861308.738109) can0 256#00000000FFFFFFD3
(1790861308.741469) can0 2A1#0000000000000000
(1790861308.741601) can0 2A2#0000C83EFFFFFCB4
(1790861308.741635) can0 2A3#0002939CFFFD73D3
(1790861308.741761) can0 2A4#00011B0AFFFD740B
(1790861308.741885) can0 2A5#00000000FFFFF831
(1790861308.742010) can0 2A6#000007B3FFFFFA7C
(1790861308.742137) can0 2A7#0000565EFFFFF5D0
(1790861308.742259) can0 2A8#0000000000000000
(1790861308.746538) can0 2A1#0000000000000000
(1790861308.746544) can0 2A2#0000C83EFFFFFCB4
(1790861308.746763) can0 2A3#0002939CFFFD73D3
(1790861308.746788) can0 2A4#00011B0AFFFD740B
(1790861308.746886) can0 2A5#00000000FFFFF831
(1790861308.747120) can0 2A6#000007B3FFFFFA7C
(1790861308.747135) can0 2A7#0000565EFFFFF5D0
(1790861308.747344) can0 2A8#0000000000000000
(1790861308.747385) can0 251#0000000000000000
(1790861308.747588) can0 261#00E600211B000000
(1790861308.747636) can0 252#00000000FFFFFFDE
(1790861308.747879) can0 253#0000000000000022
(1790861308.747893) can0 254#00000000FFFFFFE8
(1790861308.748099) can0 255#0000000000000182
(1790861308.748135) can0 256#00000000FFFFFFD3
(1790861308.748267) can0 266#00E600221C000000
(1790861308.751555) can0 2A1#0000000000000000
(1790861308.751564) can0 2A2#0000C83EFFFFFCB4
(1790861308.751824) can0 2A3#0002939CFFFD73D3
(1790861308.751828) can0 2A4#00011B0AFFFD740B
(1790861308.751888) can0 2A5#00000000FFFFF831
(1790861308.752073) can0 2A6#000007B3FFFFFA7C
(1790861308.752323) can0 2A7#0000565EFFFFF5D0
(1790861308.752327) can0 2A8#0000000000000000
(1790861308.756517) can0 2A1#0000000000000000
(1790861308.756536) can0 2A2#0000C83EFFFFFCB4
(1790861308.756729) can0 2A3#0002939CFFFD73D3
(1790861308.756761) can0 2A4#00011B0AFFFD740B
(1790861308.756887) can0 2A5#00000000FFFFF831
(1790861308.757010) can0 2A6#000007B3FFFFFA7C
(1790861308.757135) can0 2A7#0000565EFFFFF5D0
(1790861308.757260) can0 2A8#0000000000000000
(1790861308.757605) can0 251#0000000000000000
(1790861308.757609) can0 252#00000000FFFFFFDE
(1790861308.757635) can0 253#0000000000000022
(1790861308.757850) can0 254#00000000FFFFFFE8
(1790861308.757885) can0 255#0000000000000182
(1790861308.758075) can0 265#00E600221D000000
(1790861308.758142) can0 256#00000000FFFFFFD3
(1790861308.761540) can0 2A1#0000000000000000
(1790861308.761549) can0 2A2#0000C83EFFFFFCB4
(1790861308.761714) can0 2A3#0002939CFFFD73D3
(1790861308.761897) can0 2A4#00011B0AFFFD740B
(1790861308.761901) can0 2A5#00000000FFFFF831
(1790861308.762182) can0 2A6#000007B3FFFFFA7C
(1790861308.762185) can0 2A7#0000565EFFFFF5D0
(1790861308.762238) can0 2A8#0000000000000000
(1790861308.766561) can0 2A1#0000000000000000
(1790861308.766571) can0 2A2#0000C83EFFFFFCB4
(1790861308.766724) can0 2A3#0002939CFFFD73D3
(1790861308.766923) can0 2A4#00011B0AFFFD740B
(1790861308.766927) can0 2A5#00000000FFFFF831
(1790861308.767020) can0 2A6#000007B3FFFFFA7C
(1790861308.767238) can0 2A7#0000565EFFFFF5D0
(1790861308.767264) can0 2A8#0000000000000000
(1790861308.767450) can0 251#0000000000000000
(1790861308.767517) can0 252#00000000FFFFFFDE
(1790861308.767635) can0 253#0000000000000022
(1790861308.767762) can0 254#00000000FFFFFFE8
(1790861308.767886) can0 264#00E600211C000000
(1790861308.768010) can0 255#0000000000000182
(1790861308.768137) can0 256#00000000FFFFFFD3
(1790861308.771488) can0 2A1#0000000000000000
(1790861308.771541) can0 2A2#0000C83EFFFFFCB4
(1790861308.771740) can0 2A3#0002939CFFFD73D3
(1790861308.771757) can0 2A4#00011B0AFFFD740B
(1790861308.771971) can0 2A5#00000000FFFFF831
(1790861308.772010) can0 2A6#000007B3FFFFFA7C
(1790861308.772216) can0 2A7#0000565EFFFFF5D0
(1790861308.772240) can0 2A8#0000000000000000
(1790861308.776418) can0 2A1#0000000000000000
(1790861308.776567) can0 2A2#0000C83EFFFFFCB4
(1790861308.776770) can0 2A3#0002939CFFFD73D3
(1790861308.776787) can0 2A4#00011B0AFFFD740B
(1790861308.777028) can0 2A5#00000000FFFFF831
(1790861308.777040) can0 2A6#000007B3FFFFFA7C
(1790861308.777252) can0 2A7#0000565EFFFFF5D0
(1790861308.777266) can0 2A8#0000000000000000
(1790861308.777461) can0 251#0000000000000000
(1790861308.777515) can0 252#00000000FFFFFFDE
(1790861308.777698) can0 253#0000000000000022
(1790861308.777761) can0 263#00E600201B000000
(1790861308.777885) can0 254#00000000FFFFFFE8
(1790861308.777983) can0 255#0000000000000182
(1790861308.778109) can0 256#00000000FFFFFFD3
(1790861308.781490) can0 2A1#0000000000000000
(1790861308.781507) can0 2A2#0000C83EFFFFFCB4
(1790861308.781680) can0 2A3#0002939CFFFD73D3
(1790861308.781764) can0 2A4#00011B0AFFFD740B
(1790861308.781886) can0 2A5#00000000FFFFF831
(1790861308.782009) can0 2A6#000007B3FFFFFA7C
(1790861308.782136) can0 2A7#0000565EFFFFF5D0
(1790861308.782260) can0 2A8#0000000000000000
(1790861308.786561) can0 2A1#0000000000000000
(1790861308.786570) can0 2A2#0000C83EFFFFFCB4
(1790861308.786726) can0 2A3#0002939CFFFD73D3
(1790861308.786759) can0 2A4#00011B0AFFFD740B
(1790861308.786984) can0 2A5#00000000FFFFF831
(1790861308.787180) can0 2A6#000007B3FFFFFA7C
(1790861308.787183) can0 2A7#0000565EFFFFF5D0
(1790861308.787428) can0 2A8#0000000000000000
(1790861308.787432) can0 251#0000000000000000
(1790861308.787680) can0 252#00000000FFFFFFDE
(1790861308.787684) can0 262#00E6001F1A000000
(1790861308.787761) can0 253#0000000000000022
(1790861308.788038) can0 254#00000000FFFFFFE8
(1790861308.788042) can0 255#0000000000000182
(1790861308.788264) can0 256#00000000FFFFFFD3
(1790861308.791514) can0 2A1#0000000000000000
(1790861308.791538) can0 2A2#0000C83EFFFFFCB4
(1790861308.791734) can0 2A3#0002939CFFFD73D3
(1790861308.791762) can0 2A4#00011B0AFFFD740B
(1790861308.791995) can0 2A5#00000000FFFFF831
(1790861308.792023) can0 2A6#000007B3FFFFFA7C
(1790861308.792272) can0 2A7#0000565EFFFFF5D0
(1790861308.792277) can0 2A8#0000000000000000
(1790861308.796429) can0 2A1#0000000000000000
(1790861308.796536) can0 2A2#0000C83EFFFFFCB4
(1790861308.796662) can0 2A3#0002939CFFFD73D3
(1790861308.796760) can0 2A4#00011B0AFFFD740B
(1790861308.796885) can0 2A5#00000000FFFFF831
(1790861308.797010) can0 2A6#000007B3FFFFFA7C
(1790861308.797135) can0 2A7#0000565EFFFFF5D0
(1790861308.797260) can0 2A8#0000000000000000
(1790861308.797386) can0 251#0000000000000000
(1790861308.797510) can0 261#00E600211B000000
(1790861308.797635) can0 252#00000000FFFFFFDE
(1790861308.797760) can0 253#0000000000000022
(1790861308.797885) can0 254#00000000FFFFFFE8
(1790861308.798009) can0 255#0000000000000182
(1790861308.798135) can0 256#00000000FFFFFFD3
(1790861308.798259) can0 266#00E600221C000000
(1790861308.801412) can0 2A1#0000000000000000
(1790861308.801614) can0 2A2#0000C83EFFFFFCB4
(1790861308.801640) can0 2A3#0002939CFFFD73D3
(1790861308.801866) can0 2A4#00011B0AFFFD740B
(1790861308.801890) can0 2A5#00000000FFFFF831
(1790861308.802143) can0 2A6#000007B3FFFFFA7C
(1790861308.802148) can0 2A7#0000565EFFFFF5D0
(1790861308.802338) can0 2A8#0000000000000000
(1790861308.806538) can0 2A1#0000000000000000
(1790861308.806546) can0 2A2#0000C83EFFFFFCB4
(1790861308.806720) can0 2A3#0002939CFFFD73D3
(1790861308.806903) can0 2A4#00011B0AFFFD740B
(1790861308.806907) can0 2A5#00000000FFFFF831
(1790861308.807039) can0 2A6#000007B3FFFFFA7C
(1790861308.807223) can0 2A7#0000565EFFFFF5D0
(1790861308.807261) can0 2A8#0000000000000000
(1790861308.807519) can0 251#0000000000000000
(1790861308.807523) can0 252#00000000FFFFFFDE
(1790861308.807639) can0 253#0000000000000022
(1790861308.807763) can0 254#00000000FFFFFFE8
(1790861308.807885) can0 255#0000000000000182
(1790861308.808011) can0 265#00E600221D000000
(1790861308.808136) can0 256#00000000FFFFFFD3
(1790861308.811515) can0 2A1#0000000000000000
(1790861308.811535) can0 2A2#0000C83EFFFFFCB4
(1790861308.811694) can0 2A3#0002939CFFFD73D3
(1790861308.811906) can0 2A4#00011B0AFFFD740B
(1790861308.811910) can0 2A5#00000000FFFFF831
(1790861308.812012) can0 2A6#000007B3FFFFFA7C
(1790861308.812238) can0 2A7#0000565EFFFFF5D0
(1790861308.812262) can0 2A8#0000000000000000
(1790861308.816421) can0 2A1#0000000000000000
(1790861308.816623) can0 2A2#0000C83EFFFFFCB4
(1790861308.816660) can0 2A3#0002939CFFFD73D3
(1790861308.816845) can0 2A4#00011B0AFFFD740B
(1790861308.816890) can0 2A5#00000000FFFFF831
(1790861308.817086) can0 2A6#000007B3FFFFFA7C
(1790861308.817136) can0 2A7#0000565EFFFFF5D0
(1790861308.817260) can0 2A8#0000000000000000
(1790861308.817609) can0 251#0000000000000000
(1790861308.817621) can0 252#00000000FFFFFFDE
(1790861308.817640) can0 253#0000000000000022
(1790861308.817924) can0 254#00000000FFFFFFE8
(1790861308.817932) can0 264#00E600211C000000
(1790861308.818174) can0 255#0000000000000182
(1790861308.818181) can0 256#00000000FFFFFFD3
(1790861308.821537) can0 2A1#0000000000000000
(1790861308.821549) can0 2A2#0000C83EFFFFFCB4
(1790861308.821636) can0 2A3#0002939CFFFD73D3
(1790861308.821760) can0 2A4#00011B0AFFFD740B
(1790861308.821884) can0 2A5#00000000FFFFF831
(1790861308.822011) can0 2A6#000007B3FFFFFA7C
(1790861308.822134) can0 2A7#0000565EFFFFF5D0
(1790861308.822260) can0 2A8#0000000000000000
(1790861308.826538) can0 2A1#0000000000000000
(1790861308.826553) can0 2A2#0000C83EFFFFFCB4
(1790861308.826803) can0 2A3#0002939CFFFD73D3
(1790861308.826808) can0 2A4#00011B0AFFFD740B
(1790861308.826899) can0 2A5#00000000FFFFF831
(1790861308.827105) can0 2A6#000007B3FFFFFA7C
(1790861308.827136) can0 2A7#0000565EFFFFF5D0
(1790861308.827400) can0 2A8#0000000000000000
(1790861308.827404) can0 251#0000000000000000
(1790861308.827640) can0 252#00000000FFFFFFDE
(1790861308.827645) can0 253#0000000000000022
(1790861308.827893) can0 263#00E600201B000000
(1790861308.827899) can0 254#00000000FFFFFFE8
(1790861308.828104) can0 255#0000000000000182
(1790861308.828136) can0 256#00000000FFFFFFD3
(1790861308.831501) can0 2A1#0000000000000000
(1790861308.831535) can0 2A2#0000C83EFFFFFCB4
(1790861308.831792) can0 2A3#0002939CFFFD73D3
(1790861308.831800) can0 2A4#00011B0AFFFD740B
(1790861308.831984) can0 2A5#00000000FFFFF831
(1790861308.832011) can0 2A6#000007B3FFFFFA7C
(1790861308.832275) can0 2A7#0000565EFFFFF5D0
(1790861308.832279) can0 2A8#0000000000000000
(1790861308.836558) can0 2A1#0000000000000000
(1790861308.836565) can0 2A2#0000C83EFFFFFCB4
(1790861308.836795) can0 2A3#0002939CFFFD73D3
(1790861308.836799) can0 2A4#00011B0AFFFD740B
(1790861308.836944) can0 2A5#00000000FFFFF831
(1790861308.837011) can0 2A6#000007B3FFFFFA7C
(1790861308.837137) can0 2A7#0000565EFFFFF5D0
(1790861308.837259) can0 2A8#0000000000000000
(1790861308.837386) can0 251#0000000000000000
(1790861308.837580) can0 252#00000000FFFFFFDE
(1790861308.837791) can0 262#00E6001F1A000000
(1790861308.837795) can0 253#0000000000000022
(1790861308.838043) can0 254#00000000FFFFFFE8
(1790861308.838047) can0 255#0000000000000182
(1790861308.838274) can0 256#00000000FFFFFFD3
(1790861308.841394) can0 2A1#0000000000000000
(1790861308.841587) can0 2A2#0000C83EFFFFFCB4
(1790861308.841637) can0 2A3#0002939CFFFD73D3
(1790861308.841894) can0 2A4#00011B0AFFFD740B
(1790861308.841898) can0 2A5#00000000FFFFF831
(1790861308.842105) can0 2A6#000007B3FFFFFA7C
(1790861308.842317) can0 2A7#0000565EFFFFF5D0
(1790861308.842321) can0 2A8#0000000000000000
(1790861308.846519) can0 2A1#0000000000000000
(1790861308.846540) can0 2A2#0000C83EFFFFFCB4
(1790861308.846758) can0 2A3#0002939CFFFD73D3
(1790861308.846927) can0 2A4#00011B0AFFFD740B
(1790861308.846931) can0 2A5#00000000FFFFF831
(1790861308.847038) can0 2A6#000007B3FFFFFA7C
(1790861308.847215) can0 2A7#0000565EFFFFF5D0
(1790861308.847397) can0 2A8#0000000000000000
(1790861308.847401) can0 251#0000000000000000
(1790861308.847513) can0 261#00E600211B000000
(1790861308.847635) can0 252#00000000FFFFFFDE
(1790861308.847761) can0 253#0000000000000022
(1790861308.847885) can0 254#00000000FFFFFFE8
(1790861308.848011) can0 255#0000000000000182
(1790861308.848136) can0 256#00000000FFFFFFD3
(1790861308.848260) can0 266#00E600221C000000
(1790861308.851523) can0 2A1#0000000000000000
(1790861308.851531) can0 2A2#0000C83EFFFFFCB4
(1790861308.851731) can0 2A3#0002939CFFFD73D3
(1790861308.851929) can0 2A4#00011B0AFFFD740B
(1790861308.851934) can0 2A5#00000000FFFFF831
(1790861308.852020) can0 2A6#000007B3FFFFFA7C
(1790861308.852224) can0 2A7#0000565EFFFFF5D0
(1790861308.852260) can0 2A8#0000000000000000
(1790861308.856509) can0 2A1#0000000000000000
(1790861308.856540) can0 2A2#0000C83EFFFFFCB4
(1790861308.856755) can0 2A3#0002939CFFFD73D3
(1790861308.856772) can0 2A4#00011B0AFFFD740B
(1790861308.857002) can0 2A5#00000000FFFFF831
(1790861308.857018) can0 2A6#000007B3FFFFFA7C
(1790861308.857137) can0 2A7#0000565EFFFFF5D0
(1790861308.857261) can0 2A8#0000000000000000
(1790861308.857519) can0 251#0000000000000000
(1790861308.857523) can0 252#00000000FFFFFFDE
(1790861308.857635) can0 253#0000000000000022
(1790861308.857760) can0 254#00000000FFFFFFE8
(1790861308.857887) can0 255#0000000000000182
(1790861308.858010) can0 265#00E600221D000000
(1790861308.858135) can0 256#00000000FFFFFFD3
(1790861308.861531) can0 2A1#0000000000000000
(1790861308.861539) can0 2A2#0000C83EFFFFFCB4
(1790861308.861711) can0 2A3#0002939CFFFD73D3
(1790861308.861904) can0 2A4#00011B0AFFFD740B
(1790861308.861908) can0 2A5#00000000FFFFF831
(1790861308.862012) can0 2A6#000007B3FFFFFA7C
(1790861308.862134) can0 2A7#0000565EFFFFF5D0
(1790861308.862260) can0 2A8#0000000000000000
(1790861308.866511) can0 2A1#0000000000000000
(1790861308.866535) can0 2A2#0000C83EFFFFFCB4
(1790861308.866751) can0 2A3#0002939CFFFD73D3
(1790861308.866761) can0 2A4#00011B0AFFFD740B
(1790861308.866983) can0 2A5#00000000FFFFF831
(1790861308.867040) can0 2A6#000007B3FFFFFA7C
(1790861308.867238) can0 2A7#0000565EFFFFF5D0
(1790861308.867260) can0 2A8#0000000000000000
(1790861308.867479) can0 251#0000000000000000
(1790861308.867507) can0 252#00000000FFFFFFDE
(1790861308.867753) can0 253#0000000000000022
(1790861308.867767) can0 254#00000000FFFFFFE8
(1790861308.868008) can0 264#00E600211C000000
(1790861308.868012) can0 255#0000000000000182
(1790861308.868217) can0 256#00000000FFFFFFD3
(1790861308.871496) can0 2A1#0000000000000000
(1790861308.871640) can0 2A2#0000C83EFFFFFCB4
(1790861308.871643) can0 2A3#0002939CFFFD73D3
(1790861308.871816) can0 2A4#00011B0AFFFD740B
(1790861308.871897) can0 2A5#00000000FFFFF831
(1790861308.872112) can0 2A6#000007B3FFFFFA7C
(1790861308.872136) can0 2A7#0000565EFFFFF5D0
(1790861308.872306) can0 2A8#0000000000000000
(1790861308.876496) can0 2A1#0000000000000000
(1790861308.876614) can0 2A2#0000C83EFFFFFCB4
(1790861308.876815) can0 2A3#0002939CFFFD73D3
(1790861308.876818) can0 2A4#00011B0AFFFD740B
(1790861308.876886) can0 2A5#00000000FFFFF831
(1790861308.877010) can0 2A6#000007B3FFFFFA7C
(1790861308.877135) can0 2A7#0000565EFFFFF5D0
(1790861308.877260) can0 2A8#0000000000000000
(1790861308.877540) can0 251#0000000000000000
(1790861308.877544) can0 252#00000000FFFFFFDE
(1790861308.877724) can0 253#0000000000000022
(1790861308.877900) can0 263#00E600201B000000
(1790861308.877904) can0 254#00000000FFFFFFE8
(1790861308.878011) can0 255#0000000000000182
(1790861308.878214) can0 256#00000000FFFFFFD3
(1790861308.881507) can0 2A1#0000000000000000
(1790861308.881544) can0 2A2#0000C83EFFFFFCB4
(1790861308.881694) can0 2A3#0002939CFFFD73D3
(1790861308.881764) can0 2A4#00011B0AFFFD740B
(1790861308.882013) can0 2A5#00000000FFFFF831
(1790861308.882016) can0 2A6#000007B3FFFFFA7C
(1790861308.882111) can0 2A7#0000565EFFFFF5D0
(1790861308.882259) can0 2A8#0000000000000000
(1790861308.886504) can0 2A1#0000000000000000
(1790861308.886629) can0 2A2#0000C83EFFFFFCB4
(1790861308.886746) can0 2A3#0002939CFFFD73D3
(1790861308.886762) can0 2A4#00011B0AFFFD740B
(1790861308.886942) can0 2A5#00000000FFFFF831
(1790861308.887108) can0 2A6#000007B3FFFFFA7C
(1790861308.887270) can0 2A7#0000565EFFFFF5D0
(1790861308.887274) can0 2A8#0000000000000000
(1790861308.887386) can0 251#0000000000000000
(1790861308.887509) can0 252#00000000FFFFFFDE
(1790861308.887634) can0 262#00E6001F1A000000
(1790861308.887760) can0 253#0000000000000022
(1790861308.887885) can0 254#00000000FFFFFFE8
(1790861308.888008) can0 255#0000000000000182
(1790861308.888134) can0 256#00000000FFFFFFD3
(1790861308.891536) can0 2A1#0000000000000000
(1790861308.891542) can0 2A2#0000C83EFFFFFCB4
(1790861308.891738) can0 2A3#0002939CFFFD73D3
(1790861308.891758) can0 2A4#00011B0AFFFD740B
(1790861308.891990) can0 2A5#00000000FFFFF831
(1790861308.891994) can0 2A6#000007B3FFFFFA7C
(1790861308.892213) can0 2A7#0000565EFFFFF5D0
(1790861308.892261) can0 2A8#0000000000000000
(1790861308.896492) can0 2A1#0000000000000000
(1790861308.896655) can0 2A2#0000C83EFFFFFCB4
(1790861308.896667) can0 2A3#0002939CFFFD73D3
(1790861308.896892) can0 2A4#00011B0AFFFD740B
(1790861308.896896) can0 2A5#00000000FFFFF831
(1790861308.897075) can0 2A6#000007B3FFFFFA7C
(1790861308.897265) can0 2A7#0000565EFFFFF5D0
(1790861308.897268) can0 2A8#0000000000000000
(1790861308.897526) can0 251#0000000000000000
(1790861308.897530) can0 261#00E600211A000000
(1790861308.897635) can0 252#00000000FFFFFFDE
(1790861308.897759) can0 253#0000000000000022
(1790861308.897983) can0 254#00000000FFFFFFE8
(1790861308.898006) can0 255#0000000000000182
(1790861308.898136) can0 256#00000000FFFFFFD3
(1790861308.898260) can0 266#00E600221C000000
(1790861308.901495) can0 2A1#0000000000000000
(1790861308.901518) can0 2A2#0000C83EFFFFFCB4
(1790861308.901667) can0 2A3#0002939CFFFD73D3
(1790861308.901762) can0 2A4#00011B0AFFFD740B
(1790861308.901885) can0 2A5#00000000FFFFF831
(1790861308.902010) can0 2A6#000007B3FFFFFA7C
(1790861308.902135) can0 2A7#0000565EFFFFF5D0
(1790861308.902258) can0 2A8#0000000000000000
(1790861308.906499) can0 2A1#0000000000000000
(1790861308.906651) can0 2A2#0000C83EFFFFFCB4
(1790861308.906666) can0 2A3#0002939CFFFD73D3
(1790861308.906859) can0 2A4#00011B0AFFFD740B
(1790861308.907020) can0 2A5#00000000FFFFF831
(1790861308.907036) can0 2A6#000007B3FFFFFA7C
(1790861308.907204) can0 2A7#0000565EFFFFF5D0
(1790861308.907265) can0 2A8#0000000000000000
(1790861308.907394) can0 251#0000000000000000
(1790861308.907512) can0 252#00000000FFFFFFDE
(1790861308.907635) can0 253#0000000000000022
(1790861308.907761) can0 254#00000000FFFFFFE8
(1790861308.907970) can0 255#0000000000000182
(1790861308.908010) can0 265#00E600221D000000
(1790861308.908238) can0 256#00000000FFFFFFD3
(1790861308.911527) can0 2A1#0000000000000000
(1790861308.911532) can0 2A2#0000C83EFFFFFCB4
(1790861308.911715) can0 2A3#0002939CFFFD73D3
(1790861308.911760) can0 2A4#00011B0AFFFD740B
(1790861308.911978) can0 2A5#00000000FFFFF831
(1790861308.912009) can0 2A6#000007B3FFFFFA7C
(1790861308.912135) can0 2A7#0000565EFFFFF5D0
(1790861308.912259) can0 2A8#0000000000000000
(1790861308.916510) can0 2A1#0000000000000000
(1790861308.916541) can0 2A2#0000C83EFFFFFCB4
(1790861308.916676) can0 2A3#0002939CFFFD73D3
(1790861308.916788) can0 2A4#00011B0AFFFD740B
(1790861308.916910) can0 2A5#00000000FFFFF831
(1790861308.917035) can0 2A6#000007B3FFFFFA7C
(1790861308.917141) can0 2A7#0000565EFFFFF5D0
(1790861308.917260) can0 2A8#0000000000000000
(1790861308.917386) can0 251#0000000000000000
(1790861308.917510) can0 252#00000000FFFFFFDE
(1790861308.917636) can0 253#0000000000000022
(1790861308.917762) can0 254#00000000FFFFFFE8
(1790861308.917885) can0 264#00E600211C000000
(1790861308.918012) can0 255#0000000000000182
(1790861308.918136) can0 256#00000000FFFFFFD3
(1790861308.921498) can0 2A1#0000000000000000
(1790861308.921674) can0 2A2#0000C83EFFFFFCB4
(1790861308.921677) can0 2A3#0002939CFFFD73D3
(1790861308.921844) can0 2A4#00011B0AFFFD740B
(1790861308.921884) can0 2A5#00000000FFFFF831
(1790861308.922081) can0 2A6#000007B3FFFFFA7C
(1790861308.922135) can0 2A7#0000565EFFFFF5D0
(1790861308.922259) can0 2A8#0000000000000000
(1790861308.926495) can0 2A1#0000000000000000
(1790861308.926630) can0 2A2#0000C83EFFFFFCB4
(1790861308.926679) can0 2A3#0002939CFFFD73D3
(1790861308.926886) can0 2A4#00011B0AFFFD740B
(1790861308.926889) can0 2A5#00000000FFFFF831
(1790861308.927089) can0 2A6#000007B3FFFFFA7C
(1790861308.927135) can0 2A7#0000565EFFFFF5D0
(1790861308.927341) can0 2A8#0000000000000000
(1790861308.927401) can0 251#0000000000000000
(1790861308.927510) can0 252#00000000FFFFFFDE
(1790861308.927634) can0 253#0000000000000022
(1790861308.927758) can0 263#00E600201B000000
(1790861308.927883) can0 254#00000000FFFFFFE8
(1790861308.928008) can0 255#0000000000000182
(1790861308.928133) can0 256#00000000FFFFFFD3
(1790861308.931466) can0 2A1#0000000000000000
(1790861308.931611) can0 2A2#0000C83EFFFFFCB4
(1790861308.931634) can0 2A3#0002939CFFFD73D3
(1790861308.931849) can0 2A4#00011B0AFFFD740B
(1790861308.932024) can0 2A5#00000000FFFFF831
(1790861308.932028) can0 2A6#000007B3FFFFFA7C
(1790861308.932238) can0 2A7#0000565EFFFFF5D0
(1790861308.932261) can0 2A8#0000000000000000
(1790861308.936509) can0 2A1#0000000000000000
(1790861308.936542) can0 2A2#0000C83EFFFFFCB4
(1790861308.936743) can0 2A3#0002939CFFFD73D3
(1790861308.936760) can0 2A4#00011B0AFFFD740B
(1790861308.937000) can0 2A5#00000000FFFFF831
(1790861308.937229) can0 2A6#000007B3FFFFFA7C
(1790861308.937234) can0 2A7#0000565EFFFFF5D0
(1790861308.937442) can0 2A8#0000000000000000
(1790861308.937447) can0 251#0000000000000000
(1790861308.937611) can0 252#00000000FFFFFFDE
(1790861308.937641) can0 262#00E6001F1A000000
(1790861308.937838) can0 253#0000000000000022
(1790861308.938022) can0 254#00000000FFFFFFE8
(1790861308.938027) can0 255#0000000000000182
(1790861308.938223) can0 256#00000000FFFFFFD3
(1790861308.941537) can0 2A1#0000000000000000
(1790861308.941542) can0 2A2#0000C83EFFFFFCB4
(1790861308.941727) can0 2A3#0002939CFFFD73D3
(1790861308.941886) can0 2A4#00011B0AFFFD740B
(1790861308.941890) can0 2A5#00000000FFFFF831
(1790861308.942084) can0 2A6#000007B3FFFFFA7C
(1790861308.942135) can0 2A7#0000565EFFFFF5D0
(1790861308.942258) can0 2A8#0000000000000000
(1790861308.946520) can0 2A1#0000000000000000
(1790861308.946536) can0 2A2#0000C83EFFFFFCB4
(1790861308.946714) can0 2A3#0002939CFFFD73D3
(1790861308.946760) can0 2A4#00011B0AFFFD740B
(1790861308.946986) can0 2A5#00000000FFFFF831
(1790861308.947009) can0 2A6#000007B3FFFFFA7C
(1790861308.947284) can0 2A7#0000565EFFFFF5D0
(1790861308.947288) can0 2A8#0000000000000000
(1790861308.947451) can0 251#0000000000000000
(1790861308.947605) can0 261#00E600211A000000
(1790861308.947833) can0 252#00000000FFFFFFDE
(1790861308.947836) can0 253#0000000000000022
(1790861308.947886) can0 254#00000000FFFFFFE8
(1790861308.948009) can0 255#0000000000000182
(1790861308.948134) can0 256#00000000FFFFFFD3
(1790861308.948258) can0 266#00E600221C000000
(1790861308.951494) can0 2A1#0000000000000000
(1790861308.951512) can0 2A2#0000C83EFFFFFCB4
(1790861308.951782) can0 2A3#0002939CFFFD73D3
(1790861308.951786) can0 2A4#00011B0AFFFD740B
(1790861308.951950) can0 2A5#00000000FFFFF831
(1790861308.952099) can0 2A6#000007B3FFFFFA7C
(1790861308.952336) can0 2A7#0000565EFFFFF5D0
(1790861308.952340) can0 2A8#0000000000000000
(1790861308.956518) can0 2A1#0000000000000000
(1790861308.956535) can0 2A2#0000C83EFFFFFCB4
(1790861308.956733) can0 2A3#0002939CFFFD73D3
(1790861308.956786) can0 2A4#00011B0AFFFD740B
(1790861308.956910) can0 2A5#00000000FFFFF831
(1790861308.957035) can0 2A6#000007B3FFFFFA7C
(1790861308.957135) can0 2A7#0000565EFFFFF5D0
(1790861308.957258) can0 2A8#0000000000000000
(1790861308.957385) can0 251#0000000000000000
(1790861308.957601) can0 252#00000000FFFFFFDE
(1790861308.957775) can0 253#0000000000000022
(1790861308.957779) can0 254#00000000FFFFFFE8
(1790861308.958023) can0 255#0000000000000182
(1790861308.958027) can0 265#00E600221D000000
(1790861308.958240) can0 256#00000000FFFFFFD3
(1790861308.961552) can0 2A1#0000000000000000
(1790861308.961557) can0 2A2#0000C83EFFFFFCB4
(1790861308.961814) can0 2A3#0002939CFFFD73D3
(1790861308.961817) can0 2A4#00011B0AFFFD740B
(1790861308.962069) can0 2A5#00000000FFFFF831
(1790861308.962072) can0 2A6#000007B3FFFFFA7C
(1790861308.962299) can0 2A7#0000565EFFFFF5D0
(1790861308.962302) can0 2A8#0000000000000000
(1790861308.966498) can0 2A1#0000000000000000
(1790861308.966639) can0 2A2#0000C83EFFFFFCB4
(1790861308.966662) can0 2A3#0002939CFFFD73D3
(1790861308.966840) can0 2A4#00011B0AFFFD740B
(1790861308.966915) can0 2A5#00000000FFFFF831
(1790861308.967096) can0 2A6#000007B3FFFFFA7C
(1790861308.967134) can0 2A7#0000565EFFFFF5D0
(1790861308.967371) can0 2A8#0000000000000000
(1790861308.967388) can0 251#0000000000000000
(1790861308.967511) can0 252#00000000FFFFFFDE
(1790861308.967633) can0 253#0000000000000022
(1790861308.967763) can0 254#00000000FFFFFFE8
(1790861308.967883) can0 264#00E600211C000000
(1790861308.968008) can0 255#0000000000000182
(1790861308.968134) can0 256#00000000FFFFFFD3
(1790861308.971508) can0 2A1#0000000000000000
(1790861308.971536) can0 2A2#0000C83EFFFFFCB4
(1790861308.971766) can0 2A3#0002939CFFFD73D3
(1790861308.971769) can0 2A4#00011B0AFFFD740B
(1790861308.972020) can0 2A5#00000000FFFFF831
(1790861308.972023) can0 2A6#000007B3FFFFFA7C
(1790861308.972111) can0 2A7#0000565EFFFFF5D0
(1790861308.972260) can0 2A8#0000000000000000
(1790861308.976507) can0 2A1#0000000000000000
(1790861308.976536) can0 2A2#0000C83EFFFFFCB4
(1790861308.976784) can0 2A3#0002939CFFFD73D3
(1790861308.976787) can0 2A4#00011B0AFFFD740B
(1790861308.977071) can0 2A5#00000000FFFFF831
(1790861308.977076) can0 2A6#000007B3FFFFFA7C
(1790861308.977135) can0 2A7#0000565EFFFFF5D0
(1790861308.977346) can0 2A8#0000000000000000
(1790861308.977385) can0 251#0000000000000000
(1790861308.977588) can0 252#00000000FFFFFFDE
(1790861308.977638) can0 253#0000000000000022
(1790861308.977822) can0 263#00E600201B000000
(1790861308.977886) can0 254#00000000FFFFFFE8
(1790861308.978082) can0 255#0000000000000182
(1790861308.978136) can0 256#00000000FFFFFFD3
(1790861308.981545) can0 2A1#0000000000000000
(1790861308.981554) can0 2A2#0000C83EFFFFFCB4
(1790861308.981692) can0 2A3#0002939CFFFD73D3
(1790861308.981763) can0 2A4#00011B0AFFFD740B
(1790861308.981891) can0 2A5#00000000FFFFF831
(1790861308.982010) can0 2A6#000007B3FFFFFA7C
(1790861308.982135) can0 2A7#0000565EFFFFF5D0
(1790861308.982258) can0 2A8#0000000000000000
(1790861308.986521) can0 2A1#0000000000000000
(1790861308.986544) can0 2A2#0000C83EFFFFFCB4
(1790861308.986726) can0 2A3#0002939CFFFD73D3
(1790861308.986759) can0 2A4#00011B0AFFFD740B
(1790861308.986959) can0 2A5#00000000FFFFF831
(1790861308.987086) can0 2A6#000007B3FFFFFA7C
(1790861308.987135) can0 2A7#0000565EFFFFF5D0
(1790861308.987296) can0 2A8#0000000000000000
(1790861308.987485) can0 251#0000000000000000
(1790861308.987509) can0 252#00000000FFFFFFDE
(1790861308.987713) can0 262#00E6001F1A000000
(1790861308.987759) can0 253#0000000000000022
(1790861308.987887) can0 254#00000000FFFFFFE8
(1790861308.988010) can0 255#0000000000000182
(1790861308.988201) can0 256#00000000FFFFFFD3
(1790861308.991502) can0 2A1#0000000000000000
(1790861308.991662) can0 2A2#0000C83EFFFFFCB4
(1790861308.991665) can0 2A3#0002939CFFFD73D3
(1790861308.991891) can0 2A4#00011B0AFFFD740B
(1790861308.991895) can0 2A5#00000000FFFFF831
(1790861308.992128) can0 2A6#000007B3FFFFFA7C
(1790861308.992139) can0 2A7#0000565EFFFFF5D0
(1790861308.992366) can0 2A8#0000000000000000
(1790861308.996497) can0 2A1#0000000000000000
(1790861308.996632) can0 2A2#0000C83EFFFFFCB4
(1790861308.996659) can0 2A3#0002939CFFFD73D3
(1790861308.996761) can0 2A4#00011B0AFFFD740B
(1790861308.996888) can0 2A5#00000000FFFFF831
(1790861308.997009) can0 2A6#000007B3FFFFFA7C
(1790861308.997135) can0 2A7#0000565EFFFFF5D0
(1790861308.997258) can0 2A8#0000000000000000
(1790861308.997489) can0 251#0000000000000000
(1790861308.997513) can0 261#00E600211B000000
(1790861308.997696) can0 252#00000000FFFFFFDE
(1790861308.997879) can0 253#0000000000000022
(1790861308.997891) can0 254#00000000FFFFFFE8
(1790861308.998086) can0 255#0000000000000182
(1790861308.998136) can0 256#00000000FFFFFFD3
(1790861308.998303) can0 266#00E600221C000000
(1790861309.001476) can0 2A1#0000000000000000
(1790861309.001627) can0 2A2#0000C83EFFFFFCB4
(1790861309.001660) can0 2A3#0002939CFFFD73D3
(1790861309.001864) can0 2A4#00011B0AFFFD740B
(1790861309.001894) can0 2A5#00000000FFFFF831
(1790861309.002011) can0 2A6#000007B3FFFFFA7C
(1790861309.002135) can0 2A7#0000565EFFFFF5D0
(1790861309.002259) can0 2A8#0000000000000000
(1790861309.006427) can0 2A1#0000000000000000
(1790861309.006535) can0 2A2#0000C83EFFFFFCB4
(1790861309.006659) can0 2A3#0002939CFFFD73D3
(1790861309.006784) can0 2A4#00011B0AFFFD740B
(1790861309.006908) can0 2A5#00000000FFFFF831
(1790861309.007033) can0 2A6#000007B3FFFFFA7C
(1790861309.007133) can0 2A7#0000565EFFFFF5D0
(1790861309.007258) can0 2A8#0000000000000000
(1790861309.007383) can0 251#0000000000000000
(1790861309.007508) can0 252#00000000FFFFFFDE
(1790861309.007633) can0 253#0000000000000022
(1790861309.007758) can0 254#00000000FFFFFFE8
(1790861309.007882) can0 255#0000000000000182
(1790861309.008008) can0 265#00E600221D000000
(1790861309.008133) can0 256#00000000FFFFFFD3
(1790861309.011425) can0 2A1#0000000000000000
(1790861309.011534) can0 2A2#0000C83EFFFFFCB4
(1790861309.011658) can0 2A3#0002939CFFFD73D3
(1790861309.011757) can0 2A4#00011B0AFFFD740B
(1790861309.011883) can0 2A5#00000000FFFFF831
(1790861309.012007) can0 2A6#000007B3FFFFFA7C
(1790861309.012136) can0 2A7#0000565EFFFFF5D0
(1790861309.012258) can0 2A8#0000000000000000
(1790861309.016431) can0 2A1#0000000000000000
(1790861309.016534) can0 2A2#0000C83EFFFFFCB4
(1790861309.016633) can0 2A3#0002939CFFFD73D3
(1790861309.016783) can0 2A4#00011B0AFFFD740B
(1790861309.016883) can0 2A5#00000000FFFFF831
(1790861309.017009) can0 2A6#000007B3FFFFFA7C
(1790861309.017133) can0 2A7#0000565EFFFFF5D0
(1790861309.017258) can0 2A8#0000000000000000
(1790861309.017383) can0 251#0000000000000000
(1790861309.017507) can0 252#00000000FFFFFFDE
(1790861309.017632) can0 253#0000000000000022
(1790861309.017757) can0 254#00000000FFFFFFE8
(1790861309.017882) can0 264#00E600211C000000
(1790861309.018007) can0 255#0000000000000182
(1790861309.018133) can0 256#00000000FFFFFFD3
(1790861309.021423) can0 2A1#0000000000000000
(1790861309.021533) can0 2A2#0000C83EFFFFFCB4
(1790861309.021633) can0 2A3#0002939CFFFD73D3
(1790861309.021759) can0 2A4#00011B0AFFFD740B
(1790861309.021885) can0 2A5#00000000FFFFF831
(1790861309.022008) can0 2A6#000007B3FFFFFA7C
(1790861309.022133) can0 2A7#0000565EFFFFF5D0
(1790861309.022258) can0 2A8#0000000000000000
(1790861309.026428) can0 2A1#0000000000000000
(1790861309.026534) can0 2A2#0000C83EFFFFFCB4
(1790861309.026689) can0 2A3#0002939CFFFD73D3
(1790861309.026758) can0 2A4#00011B0AFFFD740B
(1790861309.026883) can0 2A5#00000000FFFFF831
(1790861309.027008) can0 2A6#000007B3FFFFFA7C
(1790861309.027133) can0 2A7#0000565EFFFFF5D0
(1790861309.027257) can0 2A8#0000000000000000
(1790861309.027383) can0 251#0000000000000000
(1790861309.027508) can0 252#00000000FFFFFFDE
(1790861309.027633) can0 253#0000000000000022
(1790861309.027758) can0 263#00E600201B000000
(1790861309.027883) can0 254#00000000FFFFFFE8
(1790861309.028007) can0 255#0000000000000182
(1790861309.028132) can0 256#00000000FFFFFFD3
(1790861309.031430) can0 2A1#0000000000000000
(1790861309.031534) can0 2A2#0000C83EFFFFFCB4
(1790861309.031633) can0 2A3#0002939CFFFD73D3
(1790861309.031758) can0 2A4#00011B0AFFFD740B
(1790861309.031883) can0 2A5#00000000FFFFF831
(1790861309.032008) can0 2A6#000007B3FFFFFA7C
(1790861309.032134) can0 2A7#0000565EFFFFF5D0
(1790861309.032258) can0 2A8#0000000000000000
(1790861309.036433) can0 2A1#0000000000000000
(1790861309.036534) can0 2A2#0000C83EFFFFFCB4
(1790861309.036659) can0 2A3#0002939CFFFD73D3
(1790861309.036757) can0 2A4#00011B0AFFFD740B
(1790861309.036883) can0 2A5#00000000FFFFF831
(1790861309.037008) can0 2A6#000007B3FFFFFA7C
(1790861309.037133) can0 2A7#0000565EFFFFF5D0
(1790861309.037258) can0 2A8#0000000000000000
(1790861309.037384) can0 251#0000000000000000
(1790861309.037509) can0 252#00000000FFFFFFDE
(1790861309.037632) can0 262#00E6001F1A000000
(1790861309.037758) can0 253#0000000000000022
(1790861309.037883) can0 254#00000000FFFFFFE8
(1790861309.038008) can0 255#0000000000000182
(1790861309.038131) can0 256#00000000FFFFFFD3
(1790861309.041433) can0 2A1#0000000000000000
(1790861309.041534) can0 2A2#0000C83EFFFFFCB4
(1790861309.041634) can0 2A3#0002939CFFFD73D3
(1790861309.041758) can0 2A4#00011B0AFFFD740B
(1790861309.041883) can0 2A5#00000000FFFFF831
(1790861309.042008) can0 2A6#000007B3FFFFFA7C
(1790861309.042108) can0 2A7#0000565EFFFFF5D0
(1790861309.042258) can0 2A8#0000000000000000
(1790861309.046430) can0 2A1#0000000000000000
(1790861309.046534) can0 2A2#0000C83EFFFFFCB4
(1790861309.046658) can0 2A3#0002939CFFFD73D3
(1790861309.046783) can0 2A4#00011B0AFFFD740B
(1790861309.046908) can0 2A5#00000000FFFFF831
(1790861309.047034) can0 2A6#000007B3FFFFFA7C
(1790861309.047133) can0 2A7#0000565EFFFFF5D0
(1790861309.047257) can0 2A8#0000000000000000
(1790861309.047383) can0 251#0000000000000000
(1790861309.047507) can0 261#00E600211B000000
(1790861309.047634) can0 252#00000000FFFFFFDE
(1790861309.047960) can0 253#0000000000000022
(1790861309.047965) can0 254#00000000FFFFFFE8
(1790861309.048017) can0 255#0000000000000182
(1790861309.048250) can0 256#00000000FFFFFFD3
(1790861309.048267) can0 266#00E600221C000000
(1790861309.051533) can0 2A1#0000000000000000
(1790861309.051543) can0 2A2#0000C83EFFFFFCB4
(1790861309.051660) can0 2A3#0002939CFFFD73D3
(1790861309.051758) can0 2A4#00011B0AFFFD740B
(1790861309.051883) can0 2A5#00000000FFFFF831
(1790861309.052008) can0 2A6#000007B3FFFFFA7C
(1790861309.052132) can0 2A7#0000565EFFFFF5D0
(1790861309.052264) can0 2A8#0000000000000000
(1790861309.056429) can0 2A1#0000000000000000
(1790861309.056629) can0 2A2#0000C83EFFFFFCB4
(1790861309.056668) can0 2A3#0002939CFFFD73D3
(1790861309.056890) can0 2A4#00011B0AFFFD740B
(1790861309.056906) can0 2A5#00000000FFFFF831
(1790861309.057099) can0 2A6#000007B3FFFFFA7C
(1790861309.057317) can0 2A7#0000565EFFFFF5D0
(1790861309.057322) can0 2A8#0000000000000000
(1790861309.057536) can0 251#0000000000000000
(1790861309.057542) can0 252#00000000FFFFFFDE
(1790861309.057742) can0 253#0000000000000022
(1790861309.057759) can0 254#00000000FFFFFFE8
(1790861309.058012) can0 255#0000000000000182
(1790861309.058017) can0 265#00E600221D000000
(1790861309.058222) can0 256#00000000FFFFFFD3
(1790861309.061427) can0 2A1#0000000000000000
(1790861309.061534) can0 2A2#0000C83EFFFFFCB4
(1790861309.061634) can0 2A3#0002939CFFFD73D3
(1790861309.061758) can0 2A4#00011B0AFFFD740B
(1790861309.061884) can0 2A5#00000000FFFFF831
(1790861309.062009) can0 2A6#000007B3FFFFFA7C
(1790861309.062108) can0 2A7#0000565EFFFFF5D0
(1790861309.062258) can0 2A8#0000000000000000
(1790861309.066417) can0 2A1#0000000000000000
(1790861309.066533) can0 2A2#0000C83EFFFFFCB4
(1790861309.066657) can0 2A3#0002939CFFFD73D3
(1790861309.066782) can0 2A4#00011B0AFFFD740B
(1790861309.066882) can0 2A5#00000000FFFFF831
(1790861309.067007) can0 2A6#000007B3FFFFFA7C
(1790861309.067132) can0 2A7#0000565EFFFFF5D0
(1790861309.067258) can0 2A8#0000000000000000
(1790861309.067382) can0 251#0000000000000000
(1790861309.067507) can0 252#00000000FFFFFFDE
(1790861309.067632) can0 253#0000000000000022
(1790861309.067757) can0 254#00000000FFFFFFE8
(1790861309.067882) can0 264#00E600211C000000
(1790861309.068007) can0 255#0000000000000182
(1790861309.068132) can0 256#00000000FFFFFFD3
(1790861309.071421) can0 2A1#0000000000000000
(1790861309.071535) can0 2A2#0000C83EFFFFFCB4
(1790861309.071634) can0 2A3#0002939CFFFD73D3
(1790861309.071758) can0 2A4#00011B0AFFFD740B
(1790861309.071887) can0 2A5#00000000FFFFF831
(1790861309.072009) can0 2A6#000007B3FFFFFA7C
(1790861309.072135) can0 2A7#0000565EFFFFF5D0
(1790861309.072259) can0 2A8#0000000000000000
(1790861309.076852) can0 2A1#0000000000000000
(1790861309.076870) can0 2A2#0000C83EFFFFFCB4
(1790861309.076872) can0 2A3#0002939CFFFD73D3
(1790861309.076873) can0 2A4#00011B0AFFFD740B
(1790861309.077039) can0 2A5#00000000FFFFF831
(1790861309.077043) can0 2A6#000007B3FFFFFA7C
(1790861309.077245) can0 2A7#0000565EFFFFF5D0
(1790861309.077296) can0 2A8#0000000000000000
(1790861309.077396) can0 251#0000000000000000
(1790861309.077592) can0 252#00000000FFFFFFDE
(1790861309.077640) can0 253#0000000000000022
(1790861309.077839) can0 263#00E600201B000000
(1790861309.077886) can0 254#00000000FFFFFFE8
(1790861309.078144) can0 255#0000000000000182
(1790861309.078171) can0 256#00000000FFFFFFD3
(1790861309.081512) can0 2A1#0000000000000000
(1790861309.081545) can0 2A2#0000C83EFFFFFCB4
(1790861309.081636) can0 2A3#0002939CFFFD73D3
(1790861309.081761) can0 2A4#00011B0AFFFD740B
(1790861309.081885) can0 2A5#00000000FFFFF831
(1790861309.082012) can0 2A6#000007B3FFFFFA7C
(1790861309.082135) can0 2A7#0000565EFFFFF5D0
(1790861309.082260) can0 2A8#0000000000000000
(1790861309.086489) can0 2A1#0000000000000000
(1790861309.086538) can0 2A2#0000C83EFFFFFCB4
(1790861309.086695) can0 2A3#0002939CFFFD73D3
(1790861309.086789) can0 2A4#00011B0AFFFD740B
(1790861309.087002) can0 2A5#00000000FFFFF831
(1790861309.087015) can0 2A6#000007B3FFFFFA7C
(1790861309.087239) can0 2A7#0000565EFFFFF5D0
(1790861309.087260) can0 2A8#0000000000000000
(1790861309.087475) can0 251#0000000000000000
(1790861309.087663) can0 252#00000000FFFFFFDE
(1790861309.087666) can0 262#00E6001F1A000000
(1790861309.087850) can0 253#0000000000000022
(1790861309.088032) can0 254#00000000FFFFFFE8
(1790861309.088036) can0 255#0000000000000182
(1790861309.088258) can0 256#00000000FFFFFFD3
(1790861309.091528) can0 2A1#0000000000000000
(1790861309.091538) can0 2A2#0000C83EFFFFFCB4
(1790861309.091735) can0 2A3#0002939CFFFD73D3
(1790861309.091759) can0 2A4#00011B0AFFFD740B
(1790861309.091965) can0 2A5#00000000FFFFF831
(1790861309.092142) can0 2A6#000007B3FFFFFA7C
(1790861309.092146) can0 2A7#0000565EFFFFF5D0
(1790861309.092331) can0 2A8#0000000000000000
(1790861309.096563) can0 2A1#0000000000000000
(1790861309.096573) can0 2A2#0000C83EFFFFFCB4
(1790861309.096763) can0 2A3#0002939CFFFD73D3
(1790861309.096786) can0 2A4#00011B0AFFFD740B
(1790861309.096991) can0 2A5#00000000FFFFF831
(1790861309.097034) can0 2A6#000007B3FFFFFA7C
(1790861309.097159) can0 2A7#0000565EFFFFF5D0
(1790861309.097309) can0 2A8#0000000000000000
(1790861309.097561) can0 251#0000000000000000
(1790861309.097565) can0 261#00E600211B000000
(1790861309.097720) can0 252#00000000FFFFFFDE
(1790861309.097917) can0 253#0000000000000022
(1790861309.097921) can0 254#00000000FFFFFFE8
(1790861309.098083) can0 255#0000000000000182
(1790861309.098262) can0 256#00000000FFFFFFD3
(1790861309.098266) can0 266#00E600221C000000
(1790861309.101518) can0 2A1#0000000000000000
(1790861309.101536) can0 2A2#0000C83EFFFFFCB4
(1790861309.101736) can0 2A3#0002939CFFFD73D3
(1790861309.101759) can0 2A4#00011B0AFFFD740B
(1790861309.102020) can0 2A5#00000000FFFFF831
(1790861309.102023) can0 2A6#000007B3FFFFFA7C
(1790861309.102202) can0 2A7#0000565EFFFFF5D0
(1790861309.102398) can0 2A8#0000000000000000
(1790861309.106538) can0 2A1#0000000000000000
(1790861309.106544) can0 2A2#0000C83EFFFFFCB4
(1790861309.106746) can0 2A3#0002939CFFFD73D3
(1790861309.106909) can0 2A4#00011B0AFFFD740B
(1790861309.106913) can0 2A5#00000000FFFFF831
(1790861309.107096) can0 2A6#000007B3FFFFFA7C
(1790861309.107261) can0 2A7#0000565EFFFFF5D0
(1790861309.107266) can0 2A8#0000000000000000
(1790861309.107443) can0 251#0000000000000000
(1790861309.107611) can0 252#00000000FFFFFFDE
(1790861309.107636) can0 253#0000000000000022
(1790861309.107867) can0 254#00000000FFFFFFE8
(1790861309.107883) can0 255#0000000000000182
(1790861309.108107) can0 265#00E600221D000000
(1790861309.108133) can0 256#00000000FFFFFFD3
(1790861309.111511) can0 2A1#0000000000000000
(1790861309.111535) can0 2A2#0000C83EFFFFFCB4
(1790861309.111634) can0 2A3#0002939CFFFD73D3
(1790861309.111759) can0 2A4#00011B0AFFFD740B
(1790861309.111884) can0 2A5#00000000FFFFF831
(1790861309.112008) can0 2A6#000007B3FFFFFA7C
(1790861309.112134) can0 2A7#0000565EFFFFF5D0
(1790861309.112259) can0 2A8#0000000000000000
(1790861309.116589) can0 2A1#0000000000000000
(1790861309.116617) can0 2A2#0000C83EFFFFFCB4
(1790861309.116750) can0 2A3#0002939CFFFD73D3
(1790861309.116894) can0 2A4#00011B0AFFFD740B
(1790861309.116911) can0 2A5#00000000FFFFF831
(1790861309.117104) can0 2A6#000007B3FFFFFA7C
(1790861309.117263) can0 2A7#0000565EFFFFF5D0
(1790861309.117268) can0 2A8#0000000000000000
(1790861309.117493) can0 251#0000000000000000
(1790861309.117510) can0 252#00000000FFFFFFDE
(1790861309.117736) can0 253#0000000000000022
(1790861309.117767) can0 254#00000000FFFFFFE8
(1790861309.117965) can0 264#00E600211C000000
(1790861309.118150) can0 255#0000000000000182
(1790861309.118156) can0 256#00000000FFFFFFD3
(1790861309.121542) can0 2A1#0000000000000000
(1790861309.121550) can0 2A2#0000C83EFFFFFCB4
(1790861309.121710) can0 2A3#0002939CFFFD73D3
(1790861309.121912) can0 2A4#00011B0AFFFD740B
(1790861309.121917) can0 2A5#00000000FFFFF831
(1790861309.122011) can0 2A6#000007B3FFFFFA7C
(1790861309.122135) can0 2A7#0000565EFFFFF5D0
(1790861309.122235) can0 2A8#0000000000000000
(1790861309.126535) can0 2A1#0000000000000000
(1790861309.126543) can0 2A2#0000C83EFFFFFCB4
(1790861309.126795) can0 2A3#0002939CFFFD73D3
(1790861309.126798) can0 2A4#00011B0AFFFD740B
(1790861309.127040) can0 2A5#00000000FFFFF831
(1790861309.127043) can0 2A6#000007B3FFFFFA7C
(1790861309.127263) can0 2A7#0000565EFFFFF5D0
(1790861309.127275) can0 2A8#0000000000000000
(1790861309.127386) can0 251#0000000000000000
(1790861309.127511) can0 252#00000000FFFFFFDE
(1790861309.127635) can0 253#0000000000000022
(1790861309.127760) can0 263#00E600201B000000
(1790861309.127884) can0 254#00000000FFFFFFE8
(1790861309.128009) can0 255#0000000000000182
(1790861309.128135) can0 256#00000000FFFFFFD3
(1790861309.131530) can0 2A1#0000000000000000
(1790861309.131549) can0 2A2#0000C83EFFFFFCB4
(1790861309.131759) can0 2A3#0002939CFFFD73D3
(1790861309.131762) can0 2A4#00011B0AFFFD740B
(1790861309.131959) can0 2A5#00000000FFFFF831
(1790861309.132203) can0 2A6#000007B3FFFFFA7C
(1790861309.132207) can0 2A7#0000565EFFFFF5D0
(1790861309.132388) can0 2A8#0000000000000000
(1790861309.136518) can0 2A1#0000000000000000
(1790861309.136537) can0 2A2#0000C83EFFFFFCB4
(1790861309.136734) can0 2A3#0002939CFFFD73D3
(1790861309.136881) can0 2A4#00011B0AFFFD740B
(1790861309.137089) can0 2A5#00000000FFFFF831
(1790861309.137093) can0 2A6#000007B3FFFFFA7C
(1790861309.137134) can0 2A7#0000565EFFFFF5D0
(1790861309.137259) can0 2A8#0000000000000000
(1790861309.137579) can0 251#0000000000000000
(1790861309.137583) can0 252#00000000FFFFFFDE
(1790861309.137767) can0 262#00E6001F1A000000
(1790861309.137771) can0 253#0000000000000022
(1790861309.138002) can0 254#00000000FFFFFFE8
(1790861309.138018) can0 255#0000000000000182
(1790861309.138144) can0 256#00000000FFFFFFD3
(1790861309.141537) can0 2A1#0000000000000000
(1790861309.141543) can0 2A2#0000C83EFFFFFCB4
(1790861309.141745) can0 2A3#0002939CFFFD73D3
(1790861309.141760) can0 2A4#00011B0AFFFD740B
(1790861309.142024) can0 2A5#00000000FFFFF831
(1790861309.142028) can0 2A6#000007B3FFFFFA7C
(1790861309.142227) can0 2A7#0000565EFFFFF5D0
(1790861309.142260) can0 2A8#0000000000000000
(1790861309.146538) can0 2A1#0000000000000000
(1790861309.146548) can0 2A2#0000C83EFFFFFCB4
(1790861309.146763) can0 2A3#0002939CFFFD73D3
(1790861309.146767) can0 2A4#00011B0AFFFD740B
(1790861309.147029) can0 2A5#00000000FFFFF831
(1790861309.147033) can0 2A6#000007B3FFFFFA7C
(1790861309.147206) can0 2A7#0000565EFFFFF5D0
(1790861309.147404) can0 2A8#0000000000000000
(1790861309.147408) can0 251#0000000000000000
(1790861309.147512) can0 261#00E600211B000000
(1790861309.147637) can0 252#00000000FFFFFFDE
(1790861309.147761) can0 253#0000000000000022
(1790861309.147886) can0 254#00000000FFFFFFE8
(1790861309.148009) can0 255#0000000000000182
(1790861309.148137) can0 256#00000000FFFFFFD3
(1790861309.148235) can0 266#00E600221C000000
(1790861309.151519) can0 2A1#0000000000000000
(1790861309.151539) can0 2A2#0000C83EFFFFFCB4
(1790861309.151733) can0 2A3#0002939CFFFD73D3
(1790861309.151767) can0 2A4#00011B0AFFFD740B
(1790861309.151978) can0 2A5#00000000FFFFF831
(1790861309.152010) can0 2A6#000007B3FFFFFA7C
(1790861309.152266) can0 2A7#0000565EFFFFF5D0
(1790861309.152270) can0 2A8#0000000000000000
(1790861309.156512) can0 2A1#0000000000000000
(1790861309.156539) can0 2A2#0000C83EFFFFFCB4
(1790861309.156745) can0 2A3#0002939CFFFD73D3
(1790861309.156762) can0 2A4#00011B0AFFFD740B
(1790861309.156983) can0 2A5#00000000FFFFF831
(1790861309.157011) can0 2A6#000007B3FFFFFA7C
(1790861309.157192) can0 2A7#0000565EFFFFF5D0
(1790861309.157428) can0 2A8#0000000000000000
(1790861309.157432) can0 251#0000000000000000
(1790861309.157646) can0 252#00000000FFFFFFDE
(1790861309.157650) can0 253#0000000000000022
(1790861309.157844) can0 254#00000000FFFFFFE8
(1790861309.157884) can0 255#0000000000000182
(1790861309.158010) can0 265#00E600221D000000
(1790861309.158135) can0 256#00000000FFFFFFD3
(1790861309.161538) can0 2A1#0000000000000000
(1790861309.161545) can0 2A2#0000C83EFFFFFCB4
(1790861309.161718) can0 2A3#0002939CFFFD73D3
(1790861309.161760) can0 2A4#00011B0AFFFD740B
(1790861309.161886) can0 2A5#00000000FFFFF831
(1790861309.162012) can0 2A6#000007B3FFFFFA7C
(1790861309.162135) can0 2A7#0000565EFFFFF5D0
(1790861309.162259) can0 2A8#0000000000000000
(1790861309.166515) can0 2A1#0000000000000000
(1790861309.166539) can0 2A2#0000C83EFFFFFCB4
(1790861309.166735) can0 2A3#0002939CFFFD73D3
(1790861309.166760) can0 2A4#00011B0AFFFD740B
(1790861309.166959) can0 2A5#00000000FFFFF831
(1790861309.167158) can0 2A6#000007B3FFFFFA7C
(1790861309.167162) can0 2A7#0000565EFFFFF5D0
(1790861309.167386) can0 2A8#0000000000000000
(1790861309.167390) can0 251#0000000000000000
(1790861309.167627) can0 252#00000000FFFFFFDE
(1790861309.167639) can0 253#0000000000000022
(1790861309.167907) can0 254#00000000FFFFFFE8
(1790861309.167911) can0 264#00E600211C000000
(1790861309.168011) can0 255#0000000000000182
(1790861309.168244) can0 256#00000000FFFFFFD3
(1790861309.171499) can0 2A1#0000000000000000
(1790861309.171538) can0 2A2#0000C83EFFFFFCB4
(1790861309.171674) can0 2A3#0002939CFFFD73D3
(1790861309.171764) can0 2A4#00011B0AFFFD740B
(1790861309.172031) can0 2A5#00000000FFFFF831
(1790861309.172035) can0 2A6#000007B3FFFFFA7C
(1790861309.172211) can0 2A7#0000565EFFFFF5D0
(1790861309.172267) can0 2A8#0000000000000000
(1790861309.176539) can0 2A1#0000000000000000
(1790861309.176547) can0 2A2#0000C83EFFFFFCB4
(1790861309.176737) can0 2A3#0002939CFFFD73D3
(1790861309.176759) can0 2A4#00011B0AFFFD740B
(1790861309.176886) can0 2A5#00000000FFFFF831
(1790861309.177039) can0 2A6#000007B3FFFFFA7C
(1790861309.177135) can0 2A7#0000565EFFFFF5D0
(1790861309.177260) can0 2A8#0000000000000000
(1790861309.177571) can0 251#0000000000000000
(1790861309.177576) can0 252#00000000FFFFFFDE
(1790861309.177824) can0 253#0000000000000022
(1790861309.177828) can0 263#00E600201B000000
(1790861309.178064) can0 254#00000000FFFFFFE8
(1790861309.178068) can0 255#0000000000000182
(1790861309.178262) can0 256#00000000FFFFFFD3
(1790861309.181479) can0 2A1#0000000000000000
(1790861309.181629) can0 2A2#0000C83EFFFFFCB4
(1790861309.181762) can0 2A3#0002939CFFFD73D3
(1790861309.181766) can0 2A4#00011B0AFFFD740B
(1790861309.182023) can0 2A5#00000000FFFFF831
(1790861309.182027) can0 2A6#000007B3FFFFFA7C
(1790861309.182220) can0 2A7#0000565EFFFFF5D0
(1790861309.182412) can0 2A8#0000000000000000
(1790861309.186473) can0 2A1#0000000000000000
(1790861309.186611) can0 2A2#0000C83EFFFFFCB4
(1790861309.186809) can0 2A3#0002939CFFFD73D3
(1790861309.186813) can0 2A4#00011B0AFFFD740B
(1790861309.187028) can0 2A5#00000000FFFFF831
(1790861309.187040) can0 2A6#000007B3FFFFFA7C
(1790861309.187213) can0 2A7#0000565EFFFFF5D0
(1790861309.187260) can0 2A8#0000000000000000
(1790861309.187467) can0 251#0000000000000000
(1790861309.187511) can0 252#00000000FFFFFFDE
(1790861309.187635) can0 262#00E6001F1A000000
(1790861309.187759) can0 253#0000000000000022
(1790861309.187885) can0 254#00000000FFFFFFE8
(1790861309.188008) can0 255#0000000000000182
(1790861309.188134) can0 256#00000000FFFFFFD3
(1790861309.191537) can0 2A1#0000000000000000
(1790861309.191544) can0 2A2#0000C83EFFFFFCB4
(1790861309.191717) can0 2A3#0002939CFFFD73D3
(1790861309.191954) can0 2A4#00011B0AFFFD740B
(1790861309.191959) can0 2A5#00000000FFFFF831
(1790861309.192113) can0 2A6#000007B3FFFFFA7C
(1790861309.192135) can0 2A7#0000565EFFFFF5D0
(1790861309.192418) can0 2A8#0000000000000000
(1790861309.196561) can0 2A1#0000000000000000
(1790861309.196568) can0 2A2#0000C83EFFFFFCB4
(1790861309.196749) can0 2A3#0002939CFFFD73D3
(1790861309.197004) can0 2A4#00011B0AFFFD740B
(1790861309.197008) can0 2A5#00000000FFFFF831
(1790861309.197021) can0 2A6#000007B3FFFFFA7C
(1790861309.197141) can0 2A7#0000565EFFFFF5D0
(1790861309.197368) can0 2A8#0000000000000000
(1790861309.197387) can0 251#0000000000000000
(1790861309.197575) can0 261#00E600211B000000
(1790861309.197799) can0 252#00000000FFFFFFDE
(1790861309.197803) can0 253#0000000000000022
(1790861309.198004) can0 254#00000000FFFFFFE8
(1790861309.198017) can0 255#0000000000000182
(1790861309.198136) can0 256#00000000FFFFFFD3
(1790861309.198237) can0 266#00E600221C000000
(1790861309.201547) can0 2A1#0000000000000000
(1790861309.201553) can0 2A2#0000C83EFFFFFCB4
(1790861309.201716) can0 2A3#0002939CFFFD73D3
(1790861309.201898) can0 2A4#00011B0AFFFD740B
(1790861309.201902) can0 2A5#00000000FFFFF831
(1790861309.202013) can0 2A6#000007B3FFFFFA7C
(1790861309.202135) can0 2A7#0000565EFFFFF5D0
(1790861309.202259) can0 2A8#0000000000000000
(1790861309.206514) can0 2A1#0000000000000000
(1790861309.206538) can0 2A2#0000C83EFFFFFCB4
(1790861309.206728) can0 2A3#0002939CFFFD73D3
(1790861309.206890) can0 2A4#00011B0AFFFD740B
(1790861309.206894) can0 2A5#00000000FFFFF831
(1790861309.207058) can0 2A6#000007B3FFFFFA7C
(1790861309.207139) can0 2A7#0000565EFFFFF5D0
(1790861309.207417) can0 2A8#0000000000000000
(1790861309.207421) can0 251#0000000000000000
(1790861309.207607) can0 252#00000000FFFFFFDE
(1790861309.207820) can0 253#0000000000000022
(1790861309.207825) can0 254#00000000FFFFFFE8
(1790861309.207887) can0 255#0000000000000182
(1790861309.208119) can0 265#00E600221D000000
(1790861309.208134) can0 256#00000000FFFFFFD3
(1790861309.208211) can0 212#04010F02
(1790861309.211568) can0 2A1#0000000000000000
(1790861309.211577) can0 2A2#0000C83EFFFFFCB4
(1790861309.211763) can0 2A3#0002939CFFFD73D3
(1790861309.211767) can0 2A4#00011B0AFFFD740B
(1790861309.211971) can0 2A5#00000000FFFFF831
(1790861309.212117) can0 2A6#000007B3FFFFFA7C
(1790861309.212135) can0 2A7#0000565EFFFFF5D0
(1790861309.212413) can0 2A8#0000000000000000
(1790861309.216539) can0 2A1#0000000000000000
(1790861309.216546) can0 2A2#0000C83EFFFFFCB4
(1790861309.216726) can0 2A3#0002939CFFFD73D3
(1790861309.216923) can0 2A4#00011B0AFFFD740B
(1790861309.216928) can0 2A5#00000000FFFFF831
(1790861309.217011) can0 2A6#000007B3FFFFFA7C
(1790861309.217161) can0 2A7#0000565EFFFFF5D0
(1790861309.217261) can0 2A8#0000000000000000
(1790861309.217389) can0 251#0000000000000000
(1790861309.217575) can0 252#00000000FFFFFFDE
(1790861309.217765) can0 253#0000000000000022
(1790861309.217770) can0 254#00000000FFFFFFE8
(1790861309.217958) can0 264#00E600211C000000
(1790861309.218175) can0 255#0000000000000182
(1790861309.218180) can0 256#00000000FFFFFFD3
(1790861309.221501) can0 2A1#0000000000000000
(1790861309.221644) can0 2A2#0000C83EFFFFFCB4
(1790861309.221648) can0 2A3#0002939CFFFD73D3
(1790861309.221851) can0 2A4#00011B0AFFFD740B
(1790861309.222062) can0 2A5#00000000FFFFF831
(1790861309.222066) can0 2A6#000007B3FFFFFA7C
(1790861309.222258) can0 2A7#0000565EFFFFF5D0
(1790861309.222263) can0 2A8#0000000000000000
(1790861309.226506) can0 2A1#0000000000000000
(1790861309.226546) can0 2A2#0000C83EFFFFFCB4
(1790861309.226703) can0 2A3#0002939CFFFD73D3
(1790861309.226791) can0 2A4#00011B0AFFFD740B
(1790861309.227045) can0 2A5#00000000FFFFF831
(1790861309.227049) can0 2A6#000007B3FFFFFA7C
(1790861309.227139) can0 2A7#0000565EFFFFF5D0
(1790861309.227261) can0 2A8#0000000000000000
(1790861309.227385) can0 251#0000000000000000
(1790861309.227512) can0 252#00000000FFFFFFDE
(1790861309.227636) can0 253#0000000000000022
(1790861309.227761) can0 263#00E600201B000000
(1790861309.227887) can0 254#00000000FFFFFFE8
(1790861309.228011) can0 255#0000000000000182
(1790861309.228135) can0 256#00000000FFFFFFD3
(1790861309.231504) can0 2A1#0000000000000000
(1790861309.231659) can0 2A2#0000C83EFFFFFCB4
(1790861309.231663) can0 2A3#0002939CFFFD73D3
(1790861309.231855) can0 2A4#00011B0AFFFD740B
(1790861309.231993) can0 2A5#00000000FFFFF831
(1790861309.232013) can0 2A6#000007B3FFFFFA7C
(1790861309.232252) can0 2A7#0000565EFFFFF5D0
(1790861309.232316) can0 2A8#0000000000000000
(1790861309.236511) can0 2A1#0000000000000000
(1790861309.236535) can0 2A2#0000C83EFFFFFCB4
(1790861309.236744) can0 2A3#0002939CFFFD73D3
(1790861309.236888) can0 2A4#00011B0AFFFD740B
(1790861309.236909) can0 2A5#00000000FFFFF831
(1790861309.237113) can0 2A6#000007B3FFFFFA7C
(1790861309.237133) can0 2A7#0000565EFFFFF5D0
(1790861309.237306) can0 2A8#0000000000000000
(1790861309.237555) can0 251#0000000000000000
(1790861309.237559) can0 252#00000000FFFFFFDE
(1790861309.237637) can0 262#00E6001F1A000000
(1790861309.237762) can0 253#0000000000000022
(1790861309.237954) can0 254#00000000FFFFFFE8
(1790861309.238173) can0 255#0000000000000182
(1790861309.238177) can0 256#00000000FFFFFFD3
(1790861309.241563) can0 2A1#0000000000000000
(1790861309.241572) can0 2A2#0000C83EFFFFFCB4
(1790861309.241743) can0 2A3#0002939CFFFD73D3
(1790861309.241758) can0 2A4#00011B0AFFFD740B
(1790861309.241957) can0 2A5#00000000FFFFF831
(1790861309.242011) can0 2A6#000007B3FFFFFA7C
(1790861309.242136) can0 2A7#0000565EFFFFF5D0
(1790861309.242261) can0 2A8#0000000000000000
(1790861309.246462) can0 2A1#0000000000000000
(1790861309.246536) can0 2A2#0000C83EFFFFFCB4
(1790861309.246661) can0 2A3#0002939CFFFD73D3
(1790861309.246858) can0 2A4#00011B0AFFFD740B
(1790861309.247060) can0 2A5#00000000FFFFF831
(1790861309.247064) can0 2A6#000007B3FFFFFA7C
(1790861309.247230) can0 2A7#0000565EFFFFF5D0
(1790861309.247403) can0 2A8#0000000000000000
(1790861309.247407) can0 251#0000000000000000
(1790861309.247592) can0 261#00E600211A000000
(1790861309.247813) can0 252#00000000FFFFFFDE
(1790861309.247817) can0 253#0000000000000022
(1790861309.247960) can0 254#00000000FFFFFFE8
(1790861309.248150) can0 255#0000000000000182
(1790861309.248153) can0 256#00000000FFFFFFD3
(1790861309.248350) can0 266#00E600221C000000
(1790861309.251544) can0 2A1#0000000000000000
(1790861309.251550) can0 2A2#0000C83EFFFFFCB4
(1790861309.251792) can0 2A3#0002939CFFFD73D3
(1790861309.251796) can0 2A4#00011B0AFFFD740B
(1790861309.252010) can0 2A5#00000000FFFFF831
(1790861309.252013) can0 2A6#000007B3FFFFFA7C
(1790861309.252217) can0 2A7#0000565EFFFFF5D0
(1790861309.252435) can0 2A8#0000000000000000
(1790861309.256521) can0 2A1#0000000000000000
(1790861309.256544) can0 2A2#0000C83EFFFFFCB4
(1790861309.256744) can0 2A3#0002939CFFFD73D3
(1790861309.256921) can0 2A4#00011B0AFFFD740B
(1790861309.256924) can0 2A5#00000000FFFFF831
(1790861309.257010) can0 2A6#000007B3FFFFFA7C
(1790861309.257159) can0 2A7#0000565EFFFFF5D0
(1790861309.257309) can0 2A8#0000000000000000
(1790861309.257548) can0 251#0000000000000000
(1790861309.257552) can0 252#00000000FFFFFFDE
(1790861309.257737) can0 253#0000000000000022
(1790861309.257760) can0 254#00000000FFFFFFE8
(1790861309.257982) can0 255#0000000000000182
(1790861309.258171) can0 265#00E600221D000000
(1790861309.258175) can0 256#00000000FFFFFFD3
(1790861309.261576) can0 2A1#0000000000000000
(1790861309.261582) can0 2A2#0000C83EFFFFFCB4
(1790861309.261729) can0 2A3#0002939CFFFD73D3
(1790861309.261936) can0 2A4#00011B0AFFFD740B
(1790861309.261940) can0 2A5#00000000FFFFF831
(1790861309.262180) can0 2A6#000007B3FFFFFA7C
(1790861309.262183) can0 2A7#0000565EFFFFF5D0
(1790861309.262359) can0 2A8#0000000000000000
(1790861309.266538) can0 2A1#0000000000000000
(1790861309.266547) can0 2A2#0000C83EFFFFFCB4
(1790861309.266744) can0 2A3#0002939CFFFD73D3
(1790861309.266950) can0 2A4#00011B0AFFFD740B
(1790861309.266954) can0 2A5#00000000FFFFF831
(1790861309.267138) can0 2A6#000007B3FFFFFA7C
(1790861309.267143) can0 2A7#0000565EFFFFF5D0
(1790861309.267401) can0 2A8#0000000000000000
(1790861309.267405) can0 251#0000000000000000
(1790861309.267590) can0 252#00000000FFFFFFDE
(1790861309.267784) can0 253#0000000000000022
(1790861309.267787) can0 254#00000000FFFFFFE8
(1790861309.268027) can0 264#00E600211C000000
(1790861309.268031) can0 255#0000000000000182
(1790861309.268135) can0 256#00000000FFFFFFD3
(1790861309.271602) can0 2A1#0000000000000000
(1790861309.271632) can0 2A2#0000C83EFFFFFCB4
(1790861309.271640) can0 2A3#0002939CFFFD73D3
(1790861309.271815) can0 2A4#00011B0AFFFD740B
(1790861309.271952) can0 2A5#00000000FFFFF831
(1790861309.272010) can0 2A6#000007B3FFFFFA7C
(1790861309.272136) can0 2A7#0000565EFFFFF5D0
(1790861309.272260) can0 2A8#0000000000000000
(1790861309.276793) can0 2A1#0000000000000000
(1790861309.276810) can0 2A2#0000C83EFFFFFCB4
(1790861309.276812) can0 2A3#0002939CFFFD73D3
(1790861309.276813) can0 2A4#00011B0AFFFD740B
(1790861309.276971) can0 2A5#00000000FFFFF831
(1790861309.277138) can0 2A6#000007B3FFFFFA7C
(1790861309.277142) can0 2A7#0000565EFFFFF5D0
(1790861309.277371) can0 2A8#0000000000000000
(1790861309.277386) can0 251#0000000000000000
(1790861309.277602) can0 252#00000000FFFFFFDE
(1790861309.277843) can0 253#0000000000000022
(1790861309.277847) can0 263#00E600201B000000
(1790861309.278024) can0 254#00000000FFFFFFE8
(1790861309.278028) can0 255#0000000000000182
(1790861309.278138) can0 256#00000000FFFFFFD3
(1790861309.281471) can0 2A1#0000000000000000
(1790861309.281617) can0 2A2#0000C83EFFFFFCB4
(1790861309.281632) can0 2A3#0002939CFFFD73D3
(1790861309.281798) can0 2A4#00011B0AFFFD740B
(1790861309.281893) can0 2A5#00000000FFFFF831
(1790861309.282013) can0 2A6#000007B3FFFFFA7C
(1790861309.282142) can0 2A7#0000565EFFFFF5D0
(1790861309.282262) can0 2A8#0000000000000000
(1790861309.286573) can0 2A1#0000000000000000
(1790861309.286581) can0 2A2#0000C83EFFFFFCB4
(1790861309.286744) can0 2A3#0002939CFFFD73D3
(1790861309.286931) can0 2A4#00011B0AFFFD740B
(1790861309.286935) can0 2A5#00000000FFFFF831
(1790861309.287014) can0 2A6#000007B3FFFFFA7C
(1790861309.287138) can0 2A7#0000565EFFFFF5D0
(1790861309.287261) can0 2A8#0000000000000000
(1790861309.287528) can0 251#0000000000000000
(1790861309.287532) can0 252#00000000FFFFFFDE
(1790861309.287730) can0 262#00E6001F1A000000
(1790861309.287759) can0 253#0000000000000022
(1790861309.287981) can0 254#00000000FFFFFFE8
(1790861309.288010) can0 255#0000000000000182
(1790861309.288136) can0 256#00000000FFFFFFD3
(1790861309.291548) can0 2A1#0000000000000000
(1790861309.291555) can0 2A2#0000C83EFFFFFCB4
(1790861309.291699) can0 2A3#0002939CFFFD73D3
(1790861309.291854) can0 2A4#00011B0AFFFD740B
(1790861309.291885) can0 2A5#00000000FFFFF831
(1790861309.292012) can0 2A6#000007B3FFFFFA7C
(1790861309.292135) can0 2A7#0000565EFFFFF5D0
(1790861309.292260) can0 2A8#0000000000000000
(1790861309.296537) can0 2A1#0000000000000000
(1790861309.296546) can0 2A2#0000C83EFFFFFCB4
(1790861309.296738) can0 2A3#0002939CFFFD73D3
(1790861309.296926) can0 2A4#00011B0AFFFD740B
(1790861309.296930) can0 2A5#00000000FFFFF831
(1790861309.297047) can0 2A6#000007B3FFFFFA7C
(1790861309.297136) can0 2A7#0000565EFFFFF5D0
(1790861309.297262) can0 2A8#0000000000000000
(1790861309.297388) can0 251#0000000000000000
(1790861309.297511) can0 261#00E600211A000000
(1790861309.297636) can0 252#00000000FFFFFFDE
(1790861309.297761) can0 253#0000000000000022
(1790861309.297886) can0 254#00000000FFFFFFE8
(1790861309.298011) can0 255#0000000000000182
(1790861309.298137) can0 256#00000000FFFFFFD3
(1790861309.298260) can0 266#00E600221C000000
(1790861309.301549) can0 2A1#0000000000000000
(1790861309.301557) can0 2A2#0000C83EFFFFFCB4
(1790861309.301753) can0 2A3#0002939CFFFD73D3
(1790861309.301765) can0 2A4#00011B0AFFFD740B
(1790861309.301962) can0 2A5#00000000FFFFF831
(1790861309.302011) can0 2A6#000007B3FFFFFA7C
(1790861309.302277) can0 2A7#0000565EFFFFF5D0
(1790861309.302281) can0 2A8#0000000000000000
(1790861309.306555) can0 2A1#0000000000000000
(1790861309.306562) can0 2A2#0000C83EFFFFFCB4
(1790861309.306745) can0 2A3#0002939CFFFD73D3
(1790861309.306786) can0 2A4#00011B0AFFFD740B
(1790861309.307009) can0 2A5#00000000FFFFF831
(1790861309.307037) can0 2A6#000007B3FFFFFA7C
(1790861309.307162) can0 2A7#0000565EFFFFF5D0
(1790861309.307263) can0 2A8#0000000000000000
(1790861309.307385) can0 251#0000000000000000
(1790861309.307512) can0 252#00000000FFFFFFDE
(1790861309.307636) can0 253#0000000000000022
(1790861309.307761) can0 254#00000000FFFFFFE8
(1790861309.307886) can0 255#0000000000000182
(1790861309.308011) can0 265#00E600221D000000
(1790861309.308136) can0 256#00000000FFFFFFD3
(1790861309.311513) can0 2A1#0000000000000000
(1790861309.311533) can0 2A2#0000C83EFFFFFCB4
(1790861309.311677) can0 2A3#0002939CFFFD73D3
(1790861309.311778) can0 2A4#00011B0AFFFD740B
(1790861309.311986) can0 2A5#00000000FFFFF831
(1790861309.312011) can0 2A6#000007B3FFFFFA7C
(1790861309.312160) can0 2A7#0000565EFFFFF5D0
(1790861309.312262) can0 2A8#0000000000000000
(1790861309.316521) can0 2A1#0000000000000000
(1790861309.316542) can0 2A2#0000C83EFFFFFCB4
(1790861309.316711) can0 2A3#0002939CFFFD73D3
(1790861309.316786) can0 2A4#00011B0AFFFD740B
(1790861309.317000) can0 2A5#00000000FFFFF831
(1790861309.317166) can0 2A6#000007B3FFFFFA7C
(1790861309.317170) can0 2A7#0000565EFFFFF5D0
(1790861309.317414) can0 2A8#0000000000000000
(1790861309.317418) can0 251#0000000000000000
(1790861309.317583) can0 252#00000000FFFFFFDE
(1790861309.317636) can0 253#0000000000000022
(1790861309.317765) can0 254#00000000FFFFFFE8
(1790861309.317885) can0 264#00E600211C000000
(1790861309.318009) can0 255#0000000000000182
(1790861309.318136) can0 256#00000000FFFFFFD3
(1790861309.321557) can0 2A1#0000000000000000
(1790861309.321564) can0 2A2#0000C83EFFFFFCB4
(1790861309.321768) can0 2A3#0002939CFFFD73D3
(1790861309.321771) can0 2A4#00011B0AFFFD740B
(1790861309.321910) can0 2A5#00000000FFFFF831
(1790861309.322014) can0 2A6#000007B3FFFFFA7C
(1790861309.322134) can0 2A7#0000565EFFFFF5D0
(1790861309.322261) can0 2A8#0000000000000000
(1790861309.326538) can0 2A1#0000000000000000
(1790861309.326549) can0 2A2#0000C83EFFFFFCB4
(1790861309.326744) can0 2A3#0002939CFFFD73D3
(1790861309.326921) can0 2A4#00011B0AFFFD740B
(1790861309.326925) can0 2A5#00000000FFFFF831
(1790861309.327140) can0 2A6#000007B3FFFFFA7C
(1790861309.327143) can0 2A7#0000565EFFFFF5D0
(1790861309.327362) can0 2A8#0000000000000000
(1790861309.327384) can0 251#0000000000000000
(1790861309.327597) can0 252#00000000FFFFFFDE
(1790861309.327635) can0 253#0000000000000022
(1790861309.327823) can0 263#00E600201B000000
(1790861309.327887) can0 254#00000000FFFFFFE8
(1790861309.328019) can0 255#0000000000000182
(1790861309.328113) can0 256#00000000FFFFFFD3
(1790861309.331579) can0 2A1#0000000000000000
(1790861309.331591) can0 2A2#0000C83EFFFFFCB4
(1790861309.331635) can0 2A3#0002939CFFFD73D3
(1790861309.331892) can0 2A4#00011B0AFFFD740B
(1790861309.331900) can0 2A5#00000000FFFFF831
(1790861309.332171) can0 2A6#000007B3FFFFFA7C
(1790861309.332175) can0 2A7#0000565EFFFFF5D0
(1790861309.332343) can0 2A8#0000000000000000
(1790861309.336506) can0 2A1#0000000000000000
(1790861309.336536) can0 2A2#0000C83EFFFFFCB4
(1790861309.336774) can0 2A3#0002939CFFFD73D3
(1790861309.336778) can0 2A4#00011B0AFFFD740B
(1790861309.336923) can0 2A5#00000000FFFFF831
(1790861309.337013) can0 2A6#000007B3FFFFFA7C
(1790861309.337160) can0 2A7#0000565EFFFFF5D0
(1790861309.337260) can0 2A8#0000000000000000
(1790861309.337387) can0 251#0000000000000000
(1790861309.337510) can0 252#00000000FFFFFFDE
(1790861309.337690) can0 262#00E6001F1A000000
(1790861309.337916) can0 253#0000000000000022
(1790861309.337920) can0 254#00000000FFFFFFE8
(1790861309.338013) can0 255#0000000000000182
(1790861309.338140) can0 256#00000000FFFFFFD3
(1790861309.341486) can0 2A1#0000000000000000
(1790861309.341612) can0 2A2#0000C83EFFFFFCB4
(1790861309.341636) can0 2A3#0002939CFFFD73D3
(1790861309.341901) can0 2A4#00011B0AFFFD740B
(1790861309.341905) can0 2A5#00000000FFFFF831
(1790861309.342160) can0 2A6#000007B3FFFFFA7C
(1790861309.342164) can0 2A7#0000565EFFFFF5D0
(1790861309.342359) can0 2A8#0000000000000000
(1790861309.346505) can0 2A1#0000000000000000
(1790861309.346536) can0 2A2#0000C83EFFFFFCB4
(1790861309.346670) can0 2A3#0002939CFFFD73D3
(1790861309.346923) can0 2A4#00011B0AFFFD740B
(1790861309.346928) can0 2A5#00000000FFFFF831
(1790861309.347140) can0 2A6#000007B3FFFFFA7C
(1790861309.347165) can0 2A7#0000565EFFFFF5D0
(1790861309.347425) can0 2A8#0000000000000000
(1790861309.347430) can0 251#0000000000000000
(1790861309.347517) can0 261#00E600211B000000
(1790861309.347637) can0 252#00000000FFFFFFDE
(1790861309.347762) can0 253#0000000000000022
(1790861309.347886) can0 254#00000000FFFFFFE8
(1790861309.348011) can0 255#0000000000000182
(1790861309.348136) can0 256#00000000FFFFFFD3
(1790861309.348261) can0 266#00E600221C000000
(1790861309.351475) can0 2A1#0000000000000000
(1790861309.351653) can0 2A2#0000C83EFFFFFCB4
(1790861309.351664) can0 2A3#0002939CFFFD73D3
(1790861309.351854) can0 2A4#00011B0AFFFD740B
(1790861309.351885) can0 2A5#00000000FFFFF831
(1790861309.352081) can0 2A6#000007B3FFFFFA7C
(1790861309.352137) can0 2A7#0000565EFFFFF5D0
(1790861309.352260) can0 2A8#0000000000000000
(1790861309.356582) can0 2A1#0000000000000000
(1790861309.356608) can0 2A2#0000C83EFFFFFCB4
(1790861309.356738) can0 2A3#0002939CFFFD73D3
(1790861309.356886) can0 2A4#00011B0AFFFD740B
(1790861309.356910) can0 2A5#00000000FFFFF831
(1790861309.357043) can0 2A6#000007B3FFFFFA7C
(1790861309.357244) can0 2A7#0000565EFFFFF5D0
(1790861309.357317) can0 2A8#0000000000000000
(1790861309.357550) can0 251#0000000000000000
(1790861309.357555) can0 252#00000000FFFFFFDE
(1790861309.357652) can0 253#0000000000000022
(1790861309.357871) can0 254#00000000FFFFFFE8
(1790861309.357889) can0 255#0000000000000182
(1790861309.358147) can0 265#00E600221D000000
(1790861309.358152) can0 256#00000000FFFFFFD3
(1790861309.361443) can0 2A1#0000000000000000
(1790861309.361514) can0 2A2#0000C83EFFFFFCB4
(1790861309.361663) can0 2A3#0002939CFFFD73D3
(1790861309.361787) can0 2A4#00011B0AFFFD740B
(1790861309.361888) can0 2A5#00000000FFFFF831
(1790861309.362011) can0 2A6#000007B3FFFFFA7C
(1790861309.362136) can0 2A7#0000565EFFFFF5D0
(1790861309.362261) can0 2A8#0000000000000000
(1790861309.366535) can0 2A1#0000000000000000
(1790861309.366542) can0 2A2#0000C83EFFFFFCB4
(1790861309.366738) can0 2A3#0002939CFFFD73D3
(1790861309.366962) can0 2A4#00011B0AFFFD740B
(1790861309.366966) can0 2A5#00000000FFFFF831
(1790861309.367182) can0 2A6#000007B3FFFFFA7C
(1790861309.367186) can0 2A7#0000565EFFFFF5D0
(1790861309.367261) can0 2A8#0000000000000000
(1790861309.367430) can0 251#0000000000000000
(1790861309.367714) can0 252#00000000FFFFFFDE
(1790861309.367719) can0 253#0000000000000022
(1790861309.367904) can0 254#00000000FFFFFFE8
(1790861309.367908) can0 264#00E600211C000000
(1790861309.368014) can0 255#0000000000000182
(1790861309.368136) can0 256#00000000FFFFFFD3
(1790861309.371718) can0 2A1#0000000000000000
(1790861309.371743) can0 2A2#0000C83EFFFFFCB4
(1790861309.371744) can0 2A3#0002939CFFFD73D3
(1790861309.371760) can0 2A4#00011B0AFFFD740B
(1790861309.371933) can0 2A5#00000000FFFFF831
(1790861309.372065) can0 2A6#000007B3FFFFFA7C
(1790861309.372388) can0 2A7#0000565EFFFFF5D0
(1790861309.372392) can0 2A8#0000000000000000
(1790861309.376522) can0 2A1#0000000000000000
(1790861309.376548) can0 2A2#0000C83EFFFFFCB4
(1790861309.376761) can0 2A3#0002939CFFFD73D3
(1790861309.376790) can0 2A4#00011B0AFFFD740B
(1790861309.376913) can0 2A5#00000000FFFFF831
(1790861309.377016) can0 2A6#000007B3FFFFFA7C
(1790861309.377136) can0 2A7#0000565EFFFFF5D0
(1790861309.377261) can0 2A8#0000000000000000
(1790861309.377387) can0 251#0000000000000000
(1790861309.377579) can0 252#00000000FFFFFFDE
(1790861309.377637) can0 253#0000000000000022
(1790861309.377828) can0 263#00E600201B000000
(1790861309.377896) can0 254#00000000FFFFFFE8
(1790861309.378047) can0 255#0000000000000182
(1790861309.378340) can0 256#00000000FFFFFFD3
(1790861309.381489) can0 2A1#0000000000000000
(1790861309.381686) can0 2A2#0000C83EFFFFFCB4
(1790861309.381690) can0 2A3#0002939CFFFD73D3
(1790861309.381892) can0 2A4#00011B0AFFFD740B
(1790861309.381896) can0 2A5#00000000FFFFF831
(1790861309.382153) can0 2A6#000007B3FFFFFA7C
(1790861309.382157) can0 2A7#0000565EFFFFF5D0
(1790861309.382372) can0 2A8#0000000000000000
(1790861309.386477) can0 2A1#0000000000000000
(1790861309.386619) can0 2A2#0000C83EFFFFFCB4
(1790861309.386796) can0 2A3#0002939CFFFD73D3
(1790861309.386801) can0 2A4#00011B0AFFFD740B
(1790861309.386911) can0 2A5#00000000FFFFF831
(1790861309.387012) can0 2A6#000007B3FFFFFA7C
(1790861309.387208) can0 2A7#0000565EFFFFF5D0
(1790861309.387261) can0 2A8#0000000000000000
(1790861309.387489) can0 251#0000000000000000
(1790861309.387514) can0 252#00000000FFFFFFDE
(1790861309.387641) can0 262#00E6001F1A000000
(1790861309.387766) can0 253#0000000000000022
(1790861309.387887) can0 254#00000000FFFFFFE8
(1790861309.388011) can0 255#0000000000000182
(1790861309.388138) can0 256#00000000FFFFFFD3
(1790861309.391487) can0 2A1#0000000000000000
(1790861309.391644) can0 2A2#0000C83EFFFFFCB4
(1790861309.391647) can0 2A3#0002939CFFFD73D3
(1790861309.391931) can0 2A4#00011B0AFFFD740B
(1790861309.391934) can0 2A5#00000000FFFFF831
(1790861309.392079) can0 2A6#000007B3FFFFFA7C
(1790861309.392137) can0 2A7#0000565EFFFFF5D0
(1790861309.392342) can0 2A8#0000000000000000
(1790861309.396548) can0 2A1#0000000000000000
(1790861309.396555) can0 2A2#0000C83EFFFFFCB4
(1790861309.396746) can0 2A3#0002939CFFFD73D3
(1790861309.396786) can0 2A4#00011B0AFFFD740B
(1790861309.397049) can0 2A5#00000000FFFFF831
(1790861309.397053) can0 2A6#000007B3FFFFFA7C
(1790861309.397137) can0 2A7#0000565EFFFFF5D0
(1790861309.397260) can0 2A8#0000000000000000
(1790861309.397532) can0 251#0000000000000000
(1790861309.397535) can0 261#00E600211B000000
(1790861309.397729) can0 252#00000000FFFFFFDE
(1790861309.397761) can0 253#0000000000000022
(1790861309.397991) can0 254#00000000FFFFFFE8
(1790861309.398007) can0 255#0000000000000182
(1790861309.398217) can0 256#00000000FFFFFFD3
(1790861309.398260) can0 266#00E600221C000000
(1790861309.401471) can0 2A1#0000000000000000
(1790861309.401628) can0 2A2#0000C83EFFFFFCB4
(1790861309.401644) can0 2A3#0002939CFFFD73D3
(1790861309.401762) can0 2A4#00011B0AFFFD740B
(1790861309.401886) can0 2A5#00000000FFFFF831
(1790861309.402015) can0 2A6#000007B3FFFFFA7C
(1790861309.402135) can0 2A7#0000565EFFFFF5D0
(1790861309.402260) can0 2A8#0000000000000000
(1790861309.406717) can0 2A1#0000000000000000
(1790861309.406741) can0 2A2#0000C83EFFFFFCB4
(1790861309.406743) can0 2A3#0002939CFFFD73D3
(1790861309.406879) can0 2A4#00011B0AFFFD740B
(1790861309.407013) can0 2A5#00000000FFFFF831
(1790861309.407042) can0 2A6#000007B3FFFFFA7C
(1790861309.407135) can0 2A7#0000565EFFFFF5D0
(1790861309.407398) can0 2A8#0000000000000000
(1790861309.407402) can0 251#0000000000000000
(1790861309.407616) can0 252#00000000FFFFFFDE
(1790861309.407633) can0 253#0000000000000022
(1790861309.407763) can0 254#00000000FFFFFFE8
(1790861309.407884) can0 255#0000000000000182
(1790861309.408011) can0 265#00E600221D000000
(1790861309.408197) can0 256#00000000FFFFFFD3
(1790861309.411538) can0 2A1#0000000000000000
(1790861309.411545) can0 2A2#0000C83EFFFFFCB4
(1790861309.411697) can0 2A3#0002939CFFFD73D3
(1790861309.411762) can0 2A4#00011B0AFFFD740B
(1790861309.411952) can0 2A5#00000000FFFFF831
(1790861309.412015) can0 2A6#000007B3FFFFFA7C
(1790861309.412242) can0 2A7#0000565EFFFFF5D0
(1790861309.412257) can0 2A8#0000000000000000
(1790861309.416539) can0 2A1#0000000000000000
(1790861309.416546) can0 2A2#0000C83EFFFFFCB4
(1790861309.416779) can0 2A3#0002939CFFFD73D3
(1790861309.416793) can0 2A4#00011B0AFFFD740B
(1790861309.416912) can0 2A5#00000000FFFFF831
(1790861309.417011) can0 2A6#000007B3FFFFFA7C
(1790861309.417137) can0 2A7#0000565EFFFFF5D0
(1790861309.417259) can0 2A8#0000000000000000
(1790861309.417532) can0 251#0000000000000000
(1790861309.417536) can0 252#00000000FFFFFFDE
(1790861309.417695) can0 253#0000000000000022
(1790861309.417763) can0 254#00000000FFFFFFE8
(1790861309.417944) can0 264#00E600211C000000
(1790861309.418013) can0 255#0000000000000182
(1790861309.418182) can0 256#00000000FFFFFFD3
(1790861309.421819) can0 2A1#0000000000000000
(1790861309.421844) can0 2A2#0000C83EFFFFFCB4
(1790861309.421845) can0 2A3#0002939CFFFD73D3
(1790861309.421847) can0 2A4#00011B0AFFFD740B
(1790861309.422019) can0 2A5#00000000FFFFF831
(1790861309.422022) can0 2A6#000007B3FFFFFA7C
(1790861309.422136) can0 2A7#0000565EFFFFF5D0
(1790861309.422369) can0 2A8#0000000000000000
(1790861309.426542) can0 2A1#0000000000000000
(1790861309.426561) can0 2A2#0000C83EFFFFFCB4
(1790861309.426765) can0 2A3#0002939CFFFD73D3
(1790861309.426786) can0 2A4#00011B0AFFFD740B
(1790861309.426912) can0 2A5#00000000FFFFF831
(1790861309.427148) can0 2A6#000007B3FFFFFA7C
(1790861309.427152) can0 2A7#0000565EFFFFF5D0
(1790861309.427369) can0 2A8#0000000000000000
(1790861309.427411) can0 251#0000000000000000
(1790861309.427538) can0 252#00000000FFFFFFDE
(1790861309.427641) can0 253#0000000000000022
(1790861309.427762) can0 263#00E600201B000000
(1790861309.427886) can0 254#00000000FFFFFFE8
(1790861309.428011) can0 255#0000000000000182
(1790861309.428136) can0 256#00000000FFFFFFD3
(1790861309.431542) can0 2A1#0000000000000000
(1790861309.431551) can0 2A2#0000C83EFFFFFCB4
(1790861309.431700) can0 2A3#0002939CFFFD73D3
(1790861309.431763) can0 2A4#00011B0AFFFD740B
(1790861309.431953) can0 2A5#00000000FFFFF831
(1790861309.432167) can0 2A6#000007B3FFFFFA7C
(1790861309.432174) can0 2A7#0000565EFFFFF5D0
(1790861309.432383) can0 2A8#0000000000000000
(1790861309.436513) can0 2A1#0000000000000000
(1790861309.436544) can0 2A2#0000C83EFFFFFCB4
(1790861309.436697) can0 2A3#0002939CFFFD73D3
(1790861309.436797) can0 2A4#00011B0AFFFD740B
(1790861309.437005) can0 2A5#00000000FFFFF831
(1790861309.437019) can0 2A6#000007B3FFFFFA7C
(1790861309.437139) can0 2A7#0000565EFFFFF5D0
(1790861309.437262) can0 2A8#0000000000000000
(1790861309.437488) can0 251#0000000000000000
(1790861309.437511) can0 252#00000000FFFFFFDE
(1790861309.437637) can0 262#00E6001F1A000000
(1790861309.437761) can0 253#0000000000000022
(1790861309.437942) can0 254#00000000FFFFFFE8
(1790861309.438019) can0 255#0000000000000182
(1790861309.438228) can0 256#00000000FFFFFFD3
(1790861309.441548) can0 2A1#0000000000000000
(1790861309.441553) can0 2A2#0000C83EFFFFFCB4
(1790861309.441715) can0 2A3#0002939CFFFD73D3
(1790861309.441883) can0 2A4#00011B0AFFFD740B
(1790861309.441887) can0 2A5#00000000FFFFF831
(1790861309.442139) can0 2A6#000007B3FFFFFA7C
(1790861309.442143) can0 2A7#0000565EFFFFF5D0
(1790861309.442259) can0 2A8#0000000000000000
(1790861309.446536) can0 2A1#0000000000000000
(1790861309.446542) can0 2A2#0000C83EFFFFFCB4
(1790861309.446757) can0 2A3#0002939CFFFD73D3
(1790861309.446976) can0 2A4#00011B0AFFFD740B
(1790861309.446980) can0 2A5#00000000FFFFF831
(1790861309.447141) can0 2A6#000007B3FFFFFA7C
(1790861309.447145) can0 2A7#0000565EFFFFF5D0
(1790861309.447314) can0 2A8#0000000000000000
(1790861309.447487) can0 251#0000000000000000
(1790861309.447511) can0 261#00E600211B000000
(1790861309.447736) can0 252#00000000FFFFFFDE
(1790861309.447759) can0 253#0000000000000022
(1790861309.447976) can0 254#00000000FFFFFFE8
(1790861309.448146) can0 255#0000000000000182
(1790861309.448150) can0 256#00000000FFFFFFD3
(1790861309.448329) can0 266#00E600221C000000
(1790861309.451809) can0 2A1#0000000000000000
(1790861309.451829) can0 2A2#0000C83EFFFFFCB4
(1790861309.451831) can0 2A3#0002939CFFFD73D3
(1790861309.451832) can0 2A4#00011B0AFFFD740B
(1790861309.451981) can0 2A5#00000000FFFFF831
(1790861309.452090) can0 2A6#000007B3FFFFFA7C
(1790861309.452235) can0 2A7#0000565EFFFFF5D0
(1790861309.452407) can0 2A8#0000000000000000
(1790861309.456739) can0 2A1#0000000000000000
(1790861309.456763) can0 2A2#0000C83EFFFFFCB4
(1790861309.456764) can0 2A3#0002939CFFFD73D3
(1790861309.456808) can0 2A4#00011B0AFFFD740B
(1790861309.456983) can0 2A5#00000000FFFFF831
(1790861309.457037) can0 2A6#000007B3FFFFFA7C
(1790861309.457135) can0 2A7#0000565EFFFFF5D0
(1790861309.457260) can0 2A8#0000000000000000
(1790861309.457396) can0 251#0000000000000000
(1790861309.457628) can0 252#00000000FFFFFFDE
(1790861309.457638) can0 253#0000000000000022
(1790861309.457848) can0 254#00000000FFFFFFE8
(1790861309.458021) can0 255#0000000000000182
(1790861309.458026) can0 265#00E600221D000000
(1790861309.458256) can0 256#00000000FFFFFFD3
(1790861309.461465) can0 2A1#0000000000000000
(1790861309.461661) can0 2A2#0000C83EFFFFFCB4
(1790861309.461665) can0 2A3#0002939CFFFD73D3
(1790861309.461830) can0 2A4#00011B0AFFFD740B
(1790861309.462018) can0 2A5#00000000FFFFF831
(1790861309.462022) can0 2A6#000007B3FFFFFA7C
(1790861309.462231) can0 2A7#0000565EFFFFF5D0
(1790861309.462404) can0 2A8#0000000000000000
(1790861309.466568) can0 2A1#0000000000000000
(1790861309.466576) can0 2A2#0000C83EFFFFFCB4
(1790861309.466709) can0 2A3#0002939CFFFD73D3
(1790861309.466928) can0 2A4#00011B0AFFFD740B
(1790861309.466932) can0 2A5#00000000FFFFF831
(1790861309.467100) can0 2A6#000007B3FFFFFA7C
(1790861309.467246) can0 2A7#0000565EFFFFF5D0
(1790861309.467261) can0 2A8#0000000000000000
(1790861309.467482) can0 251#0000000000000000
(1790861309.467654) can0 252#00000000FFFFFFDE
(1790861309.467659) can0 253#0000000000000022
(1790861309.467925) can0 254#00000000FFFFFFE8
(1790861309.467930) can0 264#00E600211C000000
(1790861309.468010) can0 255#0000000000000182
(1790861309.468135) can0 256#00000000FFFFFFD3
(1790861309.471564) can0 2A1#0000000000000000
(1790861309.471575) can0 2A2#0000C83EFFFFFCB4
(1790861309.471722) can0 2A3#0002939CFFFD73D3
(1790861309.471928) can0 2A4#00011B0AFFFD740B
(1790861309.471932) can0 2A5#00000000FFFFF831
(1790861309.472100) can0 2A6#000007B3FFFFFA7C
(1790861309.472241) can0 2A7#0000565EFFFFF5D0
(1790861309.472264) can0 2A8#0000000000000000
(1790861309.476505) can0 2A1#0000000000000000
(1790861309.476536) can0 2A2#0000C83EFFFFFCB4
(1790861309.476810) can0 2A3#0002939CFFFD73D3
(1790861309.476815) can0 2A4#00011B0AFFFD740B
(1790861309.476888) can0 2A5#00000000FFFFF831
(1790861309.477038) can0 2A6#000007B3FFFFFA7C
(1790861309.477164) can0 2A7#0000565EFFFFF5D0
(1790861309.477261) can0 2A8#0000000000000000
(1790861309.477396) can0 251#0000000000000000
(1790861309.477511) can0 252#00000000FFFFFFDE
(1790861309.477636) can0 253#0000000000000022
(1790861309.477761) can0 263#00E600201B000000
(1790861309.477886) can0 254#00000000FFFFFFE8
(1790861309.478016) can0 255#0000000000000182
(1790861309.478137) can0 256#00000000FFFFFFD3