(1790954063.300605) can0 2A1#0100010000000000
(1790954063.300716) can0 2A2#0000E0760000149B
(1790954063.300814) can0 2A3#00032431FFFD410D
(1790954063.300940) can0 2A4#00012473FFFD551E
(1790954063.301062) can0 2A5#0000133A0000135D
(1790954063.301189) can0 2A6#FFFFEC9B00000253
(1790954063.301290) can0 2A7#00004EADFFFFFD8E
(1790954063.305617) can0 2A1#0100010000000000
(1790954063.305714) can0 2A2#0000E0760000149B
(1790954063.305837) can0 2A3#00032431FFFD410D
(1790954063.305965) can0 2A4#00012473FFFD551E
(1790954063.306062) can0 2A5#0000133A0000135D
(1790954063.306190) can0 2A6#FFFFEC9B00000253
(1790954063.306315) can0 2A7#00004EADFFFFFD8E
(1790954063.310599) can0 2A1#0100010000000000
(1790954063.310713) can0 2A2#0000E0760000149B
(1790954063.310812) can0 2A3#00032431FFFD410D
(1790954063.310937) can0 2A4#00012473FFFD551E
(1790954063.311061) can0 2A5#0000133A0000135D
(1790954063.311186) can0 2A6#FFFFEC9B00000253
(1790954063.311290) can0 2A7#00004EADFFFFFD8E
(1790954063.315653) can0 2A1#0100010000000000
(1790954063.315715) can0 2A2#0000E0760000149B
(1790954063.315838) can0 2A3#00032431FFFD410D
(1790954063.315963) can0 2A4#00012473FFFD551E
(1790954063.316062) can0 2A5#0000133A0000135D
(1790954063.316187) can0 2A6#FFFFEC9B00000253
(1790954063.316312) can0 2A7#00004EADFFFFFD8E
(1790954063.320597) can0 2A1#0100010000000000
(1790954063.320715) can0 2A2#0000E0760000149B
(1790954063.320814) can0 2A3#00032431FFFD410D
(1790954063.320937) can0 2A4#00012473FFFD551E
(1790954063.321065) can0 2A5#0000133A0000135D
(1790954063.321187) can0 2A6#FFFFEC9B00000253
(1790954063.321287) can0 2A7#00004EADFFFFFD8E
(1790954063.325625) can0 2A1#0100010000000000
(1790954063.325716) can0 2A2#0000E0760000149B
(1790954063.325838) can0 2A3#00032431FFFD410D
(1790954063.325962) can0 2A4#00012473FFFD551E
(1790954063.326062) can0 2A5#0000133A0000135D
(1790954063.326188) can0 2A6#FFFFEC9B00000253
(1790954063.326313) can0 2A7#00004EADFFFFFD8E
(1790954063.330596) can0 2A1#0100010000000000
(1790954063.330687) can0 2A2#0000E0760000149B
(1790954063.330813) can0 2A3#00032431FFFD410D
(1790954063.330937) can0 2A4#00012473FFFD551E
(1790954063.331063) can0 2A5#0000133A0000135D
(1790954063.331188) can0 2A6#FFFFEC9B00000253
(1790954063.331287) can0 2A7#00004EADFFFFFD8E
(1790954063.335605) can0 2A1#0100010000000000
(1790954063.335717) can0 2A2#0000E0760000149B
(1790954063.335837) can0 2A3#00032431FFFD410D
(1790954063.335966) can0 2A4#00012473FFFD551E
(1790954063.336064) can0 2A5#0000133A0000135D
(1790954063.336188) can0 2A6#FFFFEC9B00000253
(1790954063.336313) can0 2A7#00004EADFFFFFD8E
(1790954063.340616) can0 2A1#0100010000000000
(1790954063.340712) can0 2A2#0000E0760000149B
(1790954063.340814) can0 2A3#00032431FFFD410D
(1790954063.340937) can0 2A4#00012473FFFD551E
(1790954063.341062) can0 2A5#0000133A0000135D
(1790954063.341189) can0 2A6#FFFFEC9B00000253
(1790954063.341314) can0 2A7#00004EADFFFFFD8E
(1790954063.345603) can0 2A1#0100010000000000
(1790954063.345716) can0 2A2#0000E0760000149B
(1790954063.345839) can0 2A3#00032431FFFD410D
(1790954063.345973) can0 2A4#00012473FFFD551E
(1790954063.346087) can0 2A5#0000133A0000135D
(1790954063.346192) can0 2A6#FFFFEC9B00000253
(1790954063.346315) can0 2A7#00004EADFFFFFD8E
(1790954063.350600) can0 2A1#0100010000000000
(1790954063.350714) can0 2A2#0000E0760000149B
(1790954063.350813) can0 2A3#00032431FFFD410D
(1790954063.350938) can0 2A4#00012473FFFD551E
(1790954063.351063) can0 2A5#0000133A0000135D
(1790954063.351188) can0 2A6#FFFFEC9B00000253
(1790954063.351316) can0 2A7#00004EADFFFFFD8E
(1790954063.355600) can0 2A1#0100010000000000
(1790954063.355713) can0 2A2#0000E0760000149B
(1790954063.355838) can0 2A3#00032431FFFD410D
(1790954063.355963) can0 2A4#00012473FFFD551E
(1790954063.356089) can0 2A5#0000133A0000135D
(1790954063.356190) can0 2A6#FFFFEC9B00000253
(1790954063.356314) can0 2A7#00004EADFFFFFD8E
(1790954063.360590) can0 2A1#0100010000000000
(1790954063.360712) can0 2A2#0000E0760000149B
(1790954063.360841) can0 2A3#00032431FFFD410D
(1790954063.360938) can0 2A4#00012473FFFD551E
(1790954063.361063) can0 2A5#0000133A0000135D
(1790954063.361164) can0 2A6#FFFFEC9B00000253
(1790954063.361288) can0 2A7#00004EADFFFFFD8E
(1790954063.365621) can0 2A1#0100010000000000
(1790954063.365713) can0 2A2#0000E0760000149B
(1790954063.365840) can0 2A3#00032431FFFD410D
(1790954063.365962) can0 2A4#00012473FFFD551E
(1790954063.366064) can0 2A5#0000133A0000135D
(1790954063.366187) can0 2A6#FFFFEC9B00000253
(1790954063.366314) can0 2A7#00004EADFFFFFD8E
(1790954063.370595) can0 2A1#0100010000000000
(1790954063.370711) can0 2A2#0000E0760000149B
(1790954063.370839) can0 2A3#00032431FFFD410D
(1790954063.370953) can0 2A4#00012473FFFD551E
(1790954063.371060) can0 2A5#0000133A0000135D
(1790954063.371186) can0 2A6#FFFFEC9B00000253
(1790954063.371290) can0 2A7#00004EADFFFFFD8E
(1790954063.375593) can0 2A1#0100010000000000
(1790954063.375714) can0 2A2#0000E0760000149B
(1790954063.375838) can0 2A3#00032431FFFD410D
(1790954063.375963) can0 2A4#00012473FFFD551E
(1790954063.376064) can0 2A5#0000133A0000135D
(1790954063.376186) can0 2A6#FFFFEC9B00000253
(1790954063.376312) can0 2A7#00004EADFFFFFD8E
(1790954063.380595) can0 2A1#0100010000000000
(1790954063.380714) can0 2A2#0000E0760000149B
(1790954063.380813) can0 2A3#00032431FFFD410D
(1790954063.380938) can0 2A4#00012473FFFD551E
(1790954063.381062) can0 2A5#0000133A0000135D
(1790954063.381190) can0 2A6#FFFFEC9B00000253
(1790954063.381314) can0 2A7#00004EADFFFFFD8E
(1790954063.385618) can0 2A1#0100010000000000
(1790954063.385709) can0 2A2#0000E0760000149B
(1790954063.385834) can0 2A3#00032431FFFD410D
(1790954063.385959) can0 2A4#00012473FFFD551E
(1790954063.386062) can0 2A5#0000133A0000135D
(1790954063.386187) can0 2A6#FFFFEC9B00000253
(1790954063.386313) can0 2A7#00004EADFFFFFD8E
(1790954063.390590) can0 2A1#0100010000000000
(1790954063.390710) can0 2A2#0000E0760000149B
(1790954063.390834) can0 2A3#00032431FFFD410D
(1790954063.390934) can0 2A4#00012473FFFD551E
(1790954063.391059) can0 2A5#0000133A0000135D
(1790954063.391162) can0 2A6#FFFFEC9B00000253
(1790954063.391313) can0 2A7#00004EADFFFFFD8E
(1790954063.395632) can0 2A1#0100010000000000
(1790954063.395711) can0 2A2#0000E0760000149B
(1790954063.395837) can0 2A3#00032431FFFD410D
(1790954063.395962) can0 2A4#00012473FFFD551E
(1790954063.396059) can0 2A5#0000133A0000135D
(1790954063.396186) can0 2A6#FFFFEC9B00000253
(1790954063.396312) can0 2A7#00004EADFFFFFD8E
(1790954063.400601) can0 2A1#0100010000000000
(1790954063.400715) can0 2A2#0000E0760000149B
(1790954063.400813) can0 2A3#00032431FFFD410D
(1790954063.400941) can0 2A4#00012473FFFD551E
(1790954063.401064) can0 2A5#0000133A0000135D
(1790954063.401188) can0 2A6#FFFFEC9B00000253
(1790954063.401314) can0 2A7#00004EADFFFFFD8E
(1790954063.405647) can0 2A1#0100010000000000
(1790954063.405716) can0 2A2#0000E0760000149B
(1790954063.405842) can0 2A3#00032431FFFD410D
(1790954063.405963) can0 2A4#00012473FFFD551E
(1790954063.406064) can0 2A5#0000133A0000135D
(1790954063.406188) can0 2A6#FFFFEC9B00000253
(1790954063.406314) can0 2A7#00004EADFFFFFD8E
(1790954063.410606) can0 2A1#0100010000000000
(1790954063.410715) can0 2A2#0000E0760000149B
(1790954063.410815) can0 2A3#00032431FFFD410D
(1790954063.410940) can0 2A4#00012473FFFD551E
(1790954063.411063) can0 2A5#0000133A0000135D
(1790954063.411189) can0 2A6#FFFFEC9B00000253
(1790954063.411315) can0 2A7#00004EADFFFFFD8E
(1790954063.415625) can0 2A1#0100010000000000
(1790954063.415714) can0 2A2#0000E0760000149B
(1790954063.415839) can0 2A3#00032431FFFD410D
(1790954063.416065) can0 2A4#00012473FFFD551E
(1790954063.416086) can0 2A5#0000133A0000135D
(1790954063.416190) can0 2A6#FFFFEC9B00000253
(1790954063.416315) can0 2A7#00004EADFFFFFD8E
(1790954063.420598) can0 2A1#0100010000000000
(1790954063.420715) can0 2A2#0000E0760000149B
(1790954063.420838) can0 2A3#00032431FFFD410D
(1790954063.420939) can0 2A4#00012473FFFD551E
(1790954063.421063) can0 2A5#0000133A0000135D
(1790954063.421191) can0 2A6#FFFFEC9B00000253
(1790954063.421288) can0 2A7#00004EADFFFFFD8E
(1790954063.425615) can0 2A1#0100010000000000
(1790954063.425712) can0 2A2#0000E0760000149B
(1790954063.425838) can0 2A3#00032431FFFD410D
(1790954063.425963) can0 2A4#00012473FFFD551E
(1790954063.426062) can0 2A5#0000133A0000135D
(1790954063.426187) can0 2A6#FFFFEC9B00000253
(1790954063.426314) can0 2A7#00004EADFFFFFD8E
(1790954063.430603) can0 2A1#0100010000000000
(1790954063.430712) can0 2A2#0000E0760000149B
(1790954063.430811) can0 2A3#00032431FFFD410D
(1790954063.430936) can0 2A4#00012473FFFD551E
(1790954063.431061) can0 2A5#0000133A0000135D
(1790954063.431186) can0 2A6#FFFFEC9B00000253
(1790954063.431311) can0 2A7#00004EADFFFFFD8E
(1790954063.435631) can0 2A1#0100010000000000
(1790954063.435717) can0 2A2#0000E0760000149B
(1790954063.435839) can0 2A3#00032431FFFD410D
(1790954063.435966) can0 2A4#00012473FFFD551E
(1790954063.436064) can0 2A5#0000133A0000135D
(1790954063.436189) can0 2A6#FFFFEC9B00000253
(1790954063.436313) can0 2A7#00004EADFFFFFD8E
(1790954063.440612) can0 2A1#0100010000000000
(1790954063.440715) can0 2A2#0000E0760000149B
(1790954063.440838) can0 2A3#00032431FFFD410D
(1790954063.440941) can0 2A4#00012473FFFD551E
(1790954063.441063) can0 2A5#0000133A0000135D
(1790954063.441187) can0 2A6#FFFFEC9B00000253
(1790954063.441288) can0 2A7#00004EADFFFFFD8E
(1790954063.445625) can0 2A1#0100010000000000
(1790954063.445712) can0 2A2#0000E0760000149B
(1790954063.445840) can0 2A3#00032431FFFD410D
(1790954063.445965) can0 2A4#00012473FFFD551E
(1790954063.446065) can0 2A5#0000133A0000135D
(1790954063.446191) can0 2A6#FFFFEC9B00000253
(1790954063.446312) can0 2A7#00004EADFFFFFD8E
(1790954063.450600) can0 2A1#0100010000000000
(1790954063.450717) can0 2A2#0000E0760000149B
(1790954063.450815) can0 2A3#00032431FFFD410D
(1790954063.450942) can0 2A4#00012473FFFD551E
(1790954063.451066) can0 2A5#0000133A0000135D
(1790954063.451189) can0 2A6#FFFFEC9B00000253
(1790954063.451315) can0 2A7#00004EADFFFFFD8E
(1790954063.455639) can0 2A1#0100010000000000
(1790954063.455715) can0 2A2#0000E0760000149B
(1790954063.455839) can0 2A3#00032431FFFD410D
(1790954063.455963) can0 2A4#00012473FFFD551E
(1790954063.456062) can0 2A5#0000133A0000135D
(1790954063.456189) can0 2A6#FFFFEC9B00000253
(1790954063.456314) can0 2A7#00004EADFFFFFD8E
(1790954063.460604) can0 2A1#0100010000000000
(1790954063.460715) can0 2A2#0000E0760000149B
(1790954063.460812) can0 2A3#00032431FFFD410D
(1790954063.460940) can0 2A4#00012473FFFD551E
(1790954063.461063) can0 2A5#0000133A0000135D
(1790954063.461187) can0 2A6#FFFFEC9B00000253
(1790954063.461312) can0 2A7#00004EADFFFFFD8E
(1790954063.465620) can0 2A1#0100010000000000
(1790954063.465714) can0 2A2#0000E0760000149B
(1790954063.465838) can0 2A3#00032431FFFD410D
(1790954063.465967) can0 2A4#00012473FFFD551E
(1790954063.466065) can0 2A5#0000133A0000135D
(1790954063.466214) can0 2A6#FFFFEC9B00000253
(1790954063.466316) can0 2A7#00004EADFFFFFD8E
(1790954063.470602) can0 2A1#0100010000000000
(1790954063.470712) can0 2A2#0000E0760000149B
(1790954063.470838) can0 2A3#00032431FFFD410D
(1790954063.470940) can0 2A4#00012473FFFD551E
(1790954063.471063) can0 2A5#0000133A0000135D
(1790954063.471188) can0 2A6#FFFFEC9B00000253
(1790954063.471313) can0 2A7#00004EADFFFFFD8E
(1790954063.475598) can0 2A1#0100010000000000
(1790954063.475712) can0 2A2#0000E0760000149B
(1790954063.475839) can0 2A3#00032431FFFD410D
(1790954063.475964) can0 2A4#00012473FFFD551E
(1790954063.476065) can0 2A5#0000133A0000135D
(1790954063.476189) can0 2A6#FFFFEC9B00000253
(1790954063.476312) can0 2A7#00004EADFFFFFD8E
(1790954063.480592) can0 2A1#0100010000000000
(1790954063.480711) can0 2A2#0000E0760000149B
(1790954063.480814) can0 2A3#00032431FFFD410D
(1790954063.480939) can0 2A4#00012473FFFD551E
(1790954063.481062) can0 2A5#0000133A0000135D
(1790954063.481189) can0 2A6#FFFFEC9B00000253
(1790954063.481312) can0 2A7#00004EADFFFFFD8E
(1790954063.485620) can0 2A1#0100010000000000
(1790954063.485712) can0 2A2#0000E0760000149B
(1790954063.485839) can0 2A3#00032431FFFD410D
(1790954063.485964) can0 2A4#00012473FFFD551E
(1790954063.486063) can0 2A5#0000133A0000135D
(1790954063.486189) can0 2A6#FFFFEC9B00000253
(1790954063.486313) can0 2A7#00004EADFFFFFD8E
(1790954063.490595) can0 2A1#0100010000000000
(1790954063.490712) can0 2A2#0000E0760000149B
(1790954063.490840) can0 2A3#00032431FFFD410D
(1790954063.490939) can0 2A4#00012473FFFD551E
(1790954063.491061) can0 2A5#0000133A0000135D
(1790954063.491189) can0 2A6#FFFFEC9B00000253
(1790954063.491316) can0 2A7#00004EADFFFFFD8E
(1790954063.495597) can0 2A1#0100010000000000
(1790954063.495715) can0 2A2#0000E0760000149B
(1790954063.495839) can0 2A3#00032431FFFD410D
(1790954063.495964) can0 2A4#00012473FFFD551E
(1790954063.496087) can0 2A5#0000133A0000135D
(1790954063.496189) can0 2A6#FFFFEC9B00000253
(1790954063.496313) can0 2A7#00004EADFFFFFD8E
(1790954063.500594) can0 2A1#0100010000000000
(1790954063.500714) can0 2A2#0000E0760000149B
(1790954063.500813) can0 2A3#00032431FFFD410D
(1790954063.500938) can0 2A4#00012473FFFD551E
(1790954063.501067) can0 2A5#0000133A0000135D
(1790954063.501188) can0 2A6#FFFFEC9B00000253
(1790954063.501312) can0 2A7#00004EADFFFFFD8E
(1790954063.505597) can0 2A1#0100010000000000
(1790954063.505714) can0 2A2#0000E0760000149B
(1790954063.505838) can0 2A3#00032431FFFD410D
(1790954063.505963) can0 2A4#00012473FFFD551E
(1790954063.506064) can0 2A5#0000133A0000135D
(1790954063.506188) can0 2A6#FFFFEC9B00000253
(1790954063.506312) can0 2A7#00004EADFFFFFD8E
(1790954063.510592) can0 2A1#0100010000000000
(1790954063.510714) can0 2A2#0000E0760000149B
(1790954063.510838) can0 2A3#00032431FFFD410D
(1790954063.510939) can0 2A4#00012473FFFD551E
(1790954063.511063) can0 2A5#0000133A0000135D
(1790954063.511188) can0 2A6#FFFFEC9B00000253
(1790954063.511288) can0 2A7#00004EADFFFFFD8E
(1790954063.515601) can0 2A1#0100010000000000
(1790954063.515720) can0 2A2#0000E0760000149B
(1790954063.515841) can0 2A3#00032431FFFD410D
(1790954063.515967) can0 2A4#00012473FFFD551E
(1790954063.516090) can0 2A5#0000133A0000135D
(1790954063.516191) can0 2A6#FFFFEC9B00000253
(1790954063.516315) can0 2A7#00004EADFFFFFD8E
(1790954063.520590) can0 2A1#0100010000000000
(1790954063.520692) can0 2A2#0000E0760000149B
(1790954063.520815) can0 2A3#00032431FFFD410D
(1790954063.520941) can0 2A4#00012473FFFD551E
(1790954063.521065) can0 2A5#0000133A0000135D
(1790954063.521188) can0 2A6#FFFFEC9B00000253
(1790954063.521314) can0 2A7#00004EADFFFFFD8E
(1790954063.525597) can0 2A1#0100010000000000
(1790954063.525719) can0 2A2#0000E0760000149B
(1790954063.525839) can0 2A3#00032431FFFD410D
(1790954063.525966) can0 2A4#00012473FFFD551E
(1790954063.526091) can0 2A5#0000133A0000135D
(1790954063.526189) can0 2A6#FFFFEC9B00000253
(1790954063.526315) can0 2A7#00004EADFFFFFD8E
(1790954063.530588) can0 2A1#0100010000000000
(1790954063.530714) can0 2A2#0000E0760000149B
(1790954063.530839) can0 2A3#00032431FFFD410D
(1790954063.530964) can0 2A4#00012473FFFD551E
(1790954063.531062) can0 2A5#0000133A0000135D
(1790954063.531189) can0 2A6#FFFFEC9B00000253
(1790954063.531315) can0 2A7#00004EADFFFFFD8E
(1790954063.535589) can0 2A1#0100010000000000
(1790954063.535713) can0 2A2#0000E0760000149B
(1790954063.535840) can0 2A3#00032431FFFD410D
(1790954063.535964) can0 2A4#00012473FFFD551E
(1790954063.536090) can0 2A5#0000133A0000135D
(1790954063.536188) can0 2A6#FFFFEC9B00000253
(1790954063.536312) can0 2A7#00004EADFFFFFD8E
(1790954063.540589) can0 2A1#0100010000000000
(1790954063.540716) can0 2A2#0000E0760000149B
(1790954063.540839) can0 2A3#00032431FFFD410D
(1790954063.540964) can0 2A4#00012473FFFD551E
(1790954063.541064) can0 2A5#0000133A0000135D
(1790954063.541187) can0 2A6#FFFFEC9B00000253
(1790954063.541313) can0 2A7#00004EADFFFFFD8E
(1790954063.545597) can0 2A1#0100010000000000
(1790954063.545711) can0 2A2#0000E0760000149B
(1790954063.545838) can0 2A3#00032431FFFD410D
(1790954063.545963) can0 2A4#00012473FFFD551E
(1790954063.546090) can0 2A5#0000133A0000135D
(1790954063.546191) can0 2A6#FFFFEC9B00000253
(1790954063.546314) can0 2A7#00004EADFFFFFD8E
(1790954063.550594) can0 2A1#0100010000000000
(1790954063.550716) can0 2A2#0000E0760000149B
(1790954063.550814) can0 2A3#00032431FFFD410D
(1790954063.550937) can0 2A4#00012473FFFD551E
(1790954063.551064) can0 2A5#0000133A0000135D
(1790954063.551190) can0 2A6#FFFFEC9B00000253
(1790954063.551312) can0 2A7#00004EADFFFFFD8E
(1790954063.555593) can0 2A1#0100010000000000
(1790954063.555709) can0 2A2#0000E0760000149B
(1790954063.555837) can0 2A3#00032431FFFD410D
(1790954063.555964) can0 2A4#00012473FFFD551E
(1790954063.556088) can0 2A5#0000133A0000135D
(1790954063.556187) can0 2A6#FFFFEC9B00000253
(1790954063.556309) can0 2A7#00004EADFFFFFD8E
(1790954063.560590) can0 2A1#0100010000000000
(1790954063.560686) can0 2A2#0000E0760000149B
(1790954063.560812) can0 2A3#00032431FFFD410D
(1790954063.560936) can0 2A4#00012473FFFD551E
(1790954063.561059) can0 2A5#0000133A0000135D
(1790954063.561185) can0 2A6#FFFFEC9B00000253
(1790954063.561289) can0 2A7#00004EADFFFFFD8E
(1790954063.565614) can0 2A1#0100010000000000
(1790954063.565711) can0 2A2#0000E0760000149B
(1790954063.565836) can0 2A3#00032431FFFD410D
(1790954063.565961) can0 2A4#00012473FFFD551E
(1790954063.566061) can0 2A5#0000133A0000135D
(1790954063.566186) can0 2A6#FFFFEC9B00000253
(1790954063.566309) can0 2A7#00004EADFFFFFD8E
(1790954063.570588) can0 2A1#0100010000000000
(1790954063.570711) can0 2A2#0000E0760000149B
(1790954063.570838) can0 2A3#00032431FFFD410D
(1790954063.570963) can0 2A4#00012473FFFD551E
(1790954063.571061) can0 2A5#0000133A0000135D
(1790954063.571186) can0 2A6#FFFFEC9B00000253
(1790954063.571311) can0 2A7#00004EADFFFFFD8E
(1790954063.575589) can0 2A1#0100010000000000
(1790954063.575712) can0 2A2#0000E0760000149B
(1790954063.575838) can0 2A3#00032431FFFD410D
(1790954063.575963) can0 2A4#00012473FFFD551E
(1790954063.576088) can0 2A5#0000133A0000135D
(1790954063.576186) can0 2A6#FFFFEC9B00000253
(1790954063.576313) can0 2A7#00004EADFFFFFD8E
(1790954063.580590) can0 2A1#0100010000000000
(1790954063.580714) can0 2A2#0000E0760000149B
(1790954063.580838) can0 2A3#00032431FFFD410D
(1790954063.580938) can0 2A4#00012473FFFD551E
(1790954063.581063) can0 2A5#0000133A0000135D
(1790954063.581188) can0 2A6#FFFFEC9B00000253
(1790954063.581288) can0 2A7#00004EADFFFFFD8E
(1790954063.585615) can0 2A1#0100010000000000
(1790954063.585712) can0 2A2#0000E0760000149B
(1790954063.585837) can0 2A3#00032431FFFD410D
(1790954063.585961) can0 2A4#00012473FFFD551E
(1790954063.586062) can0 2A5#0000133A0000135D
(1790954063.586187) can0 2A6#FFFFEC9B00000253
(1790954063.586313) can0 2A7#00004EADFFFFFD8E
(1790954063.590592) can0 2A1#0100010000000000
(1790954063.590713) can0 2A2#0000E0760000149B
(1790954063.590838) can0 2A3#00032431FFFD410D
(1790954063.590963) can0 2A4#00012473FFFD551E
(1790954063.591063) can0 2A5#0000133A0000135D
(1790954063.591187) can0 2A6#FFFFEC9B00000253
(1790954063.591313) can0 2A7#00004EADFFFFFD8E
(1790954063.595595) can0 2A1#0100010000000000
(1790954063.595713) can0 2A2#0000E0760000149B
(1790954063.595838) can0 2A3#00032431FFFD410D
(1790954063.595964) can0 2A4#00012473FFFD551E
(1790954063.596063) can0 2A5#0000133A0000135D
(1790954063.596188) can0 2A6#FFFFEC9B00000253
(1790954063.596312) can0 2A7#00004EADFFFFFD8E
(1790954063.600591) can0 2A1#0100010000000000
(1790954063.600688) can0 2A2#0000E0760000149B
(1790954063.600813) can0 2A3#00032431FFFD410D
(1790954063.600963) can0 2A4#00012473FFFD551E
(1790954063.601061) can0 2A5#0000133A0000135D
(1790954063.601187) can0 2A6#FFFFEC9B00000253
(1790954063.601288) can0 2A7#00004EADFFFFFD8E
(1790954063.605588) can0 2A1#0100010000000000
(1790954063.605712) can0 2A2#0000E0760000149B
(1790954063.605838) can0 2A3#00032431FFFD410D
(1790954063.605963) can0 2A4#00012473FFFD551E
(1790954063.606087) can0 2A5#0000133A0000135D
(1790954063.606186) can0 2A6#FFFFEC9B00000253
(1790954063.606311) can0 2A7#00004EADFFFFFD8E
(1790954063.610590) can0 2A1#0100010000000000
(1790954063.610714) can0 2A2#0000E0760000149B
(1790954063.610813) can0 2A3#00032431FFFD410D
(1790954063.610938) can0 2A4#00012473FFFD551E
(1790954063.611063) can0 2A5#0000133A0000135D
(1790954063.611194) can0 2A6#FFFFEC9B00000253
(1790954063.611314) can0 2A7#00004EADFFFFFD8E
(1790954063.615624) can0 2A1#0100010000000000
(1790954063.615718) can0 2A2#0000E0760000149B
(1790954063.615839) can0 2A3#00032431FFFD410D
(1790954063.615961) can0 2A4#00012473FFFD551E
(1790954063.616063) can0 2A5#0000133A0000135D
(1790954063.616188) can0 2A6#FFFFEC9B00000253
(1790954063.616313) can0 2A7#00004EADFFFFFD8E
(1790954063.620594) can0 2A1#0100010000000000
(1790954063.620711) can0 2A2#0000E0760000149B
(1790954063.620813) can0 2A3#00032431FFFD410D
(1790954063.620938) can0 2A4#00012473FFFD551E
(1790954063.621061) can0 2A5#0000133A0000135D
(1790954063.621187) can0 2A6#FFFFEC9B00000253
(1790954063.621314) can0 2A7#00004EADFFFFFD8E
(1790954063.625633) can0 2A1#0100010000000000
(1790954063.625724) can0 2A2#0000E0760000149B
(1790954063.625840) can0 2A3#00032431FFFD410D
(1790954063.625963) can0 2A4#00012473FFFD551E
(1790954063.626065) can0 2A5#0000133A0000135D
(1790954063.626188) can0 2A6#FFFFEC9B00000253
(1790954063.626314) can0 2A7#00004EADFFFFFD8E
(1790954063.630599) can0 2A1#0100010000000000
(1790954063.630712) can0 2A2#0000E0760000149B
(1790954063.630838) can0 2A3#00032431FFFD410D
(1790954063.630938) can0 2A4#00012473FFFD551E
(1790954063.631062) can0 2A5#0000133A0000135D
(1790954063.631189) can0 2A6#FFFFEC9B00000253
(1790954063.631312) can0 2A7#00004EADFFFFFD8E
(1790954063.635596) can0 2A1#0100010000000000
(1790954063.635714) can0 2A2#0000E0760000149B
(1790954063.635837) can0 2A3#00032431FFFD410D
(1790954063.635962) can0 2A4#00012473FFFD551E
(1790954063.636086) can0 2A5#0000133A0000135D
(1790954063.636187) can0 2A6#FFFFEC9B00000253
(1790954063.636313) can0 2A7#00004EADFFFFFD8E
(1790954063.640594) can0 2A1#0100010000000000
(1790954063.640711) can0 2A2#0000E0760000149B
(1790954063.640837) can0 2A3#00032431FFFD410D
(1790954063.640963) can0 2A4#00012473FFFD551E
(1790954063.641062) can0 2A5#0000133A0000135D
(1790954063.641191) can0 2A6#FFFFEC9B00000253
(1790954063.641288) can0 2A7#00004EADFFFFFD8E
(1790954063.645598) can0 2A1#0100010000000000
(1790954063.645711) can0 2A2#0000E0760000149B
(1790954063.645838) can0 2A3#00032431FFFD410D
(1790954063.645961) can0 2A4#00012473FFFD551E
(1790954063.646088) can0 2A5#0000133A0000135D
(1790954063.646188) can0 2A6#FFFFEC9B00000253
(1790954063.646312) can0 2A7#00004EADFFFFFD8E
(1790954063.650598) can0 2A1#0100010000000000
(1790954063.650689) can0 2A2#0000E0760000149B
(1790954063.650838) can0 2A3#00032431FFFD410D
(1790954063.650963) can0 2A4#00012473FFFD551E
(1790954063.651063) can0 2A5#0000133A0000135D
(1790954063.651186) can0 2A6#FFFFEC9B00000253
(1790954063.651313) can0 2A7#00004EADFFFFFD8E
(1790954063.655591) can0 2A1#0100010000000000
(1790954063.655716) can0 2A2#0000E0760000149B
(1790954063.655838) can0 2A3#00032431FFFD410D
(1790954063.655962) can0 2A4#00012473FFFD551E
(1790954063.656088) can0 2A5#0000133A0000135D
(1790954063.656188) can0 2A6#FFFFEC9B00000253
(1790954063.656312) can0 2A7#00004EADFFFFFD8E
(1790954063.660595) can0 2A1#0100010000000000
(1790954063.660713) can0 2A2#0000E0760000149B
(1790954063.660839) can0 2A3#00032431FFFD410D
(1790954063.660962) can0 2A4#00012473FFFD551E
(1790954063.661063) can0 2A5#0000133A0000135D
(1790954063.661188) can0 2A6#FFFFEC9B00000253
(1790954063.661313) can0 2A7#00004EADFFFFFD8E
(1790954063.665591) can0 2A1#0100010000000000
(1790954063.665712) can0 2A2#0000E0760000149B
(1790954063.665838) can0 2A3#00032431FFFD410D
(1790954063.665963) can0 2A4#00012473FFFD551E
(1790954063.666087) can0 2A5#0000133A0000135D
(1790954063.666188) can0 2A6#FFFFEC9B00000253
(1790954063.666313) can0 2A7#00004EADFFFFFD8E
(1790954063.670591) can0 2A1#0100010000000000
(1790954063.670716) can0 2A2#0000E0760000149B
(1790954063.670813) can0 2A3#00032431FFFD410D
(1790954063.670939) can0 2A4#00012473FFFD551E
(1790954063.671063) can0 2A5#0000133A0000135D
(1790954063.671188) can0 2A6#FFFFEC9B00000253
(1790954063.671312) can0 2A7#00004EADFFFFFD8E
(1790954063.675621) can0 2A1#0100010000000000
(1790954063.675714) can0 2A2#0000E0760000149B
(1790954063.675836) can0 2A3#00032431FFFD410D
(1790954063.675974) can0 2A4#00012473FFFD551E
(1790954063.676065) can0 2A5#0000133A0000135D
(1790954063.676187) can0 2A6#FFFFEC9B00000253
(1790954063.676314) can0 2A7#00004EADFFFFFD8E
(1790954063.680591) can0 2A1#0100010000000000
(1790954063.680713) can0 2A2#0000E0760000149B
(1790954063.680814) can0 2A3#00032431FFFD410D
(1790954063.680937) can0 2A4#00012473FFFD551E
(1790954063.681062) can0 2A5#0000133A0000135D
(1790954063.681189) can0 2A6#FFFFEC9B00000253
(1790954063.681314) can0 2A7#00004EADFFFFFD8E
(1790954063.685621) can0 2A1#0100010000000000
(1790954063.685712) can0 2A2#0000E0760000149B
(1790954063.685837) can0 2A3#00032431FFFD410D
(1790954063.685964) can0 2A4#00012473FFFD551E
(1790954063.686087) can0 2A5#0000133A0000135D
(1790954063.686213) can0 2A6#FFFFEC9B00000253
(1790954063.686315) can0 2A7#00004EADFFFFFD8E
(1790954063.690591) can0 2A1#0100010000000000
(1790954063.690715) can0 2A2#0000E0760000149B
(1790954063.690837) can0 2A3#00032431FFFD410D
(1790954063.690936) can0 2A4#00012473FFFD551E
(1790954063.691061) can0 2A5#0000133A0000135D
(1790954063.691188) can0 2A6#FFFFEC9B00000253
(1790954063.691314) can0 2A7#00004EADFFFFFD8E
(1790954063.695622) can0 2A1#0100010000000000
(1790954063.695741) can0 2A2#0000E0760000149B
(1790954063.695839) can0 2A3#00032431FFFD410D
(1790954063.695962) can0 2A4#00012473FFFD551E
(1790954063.696061) can0 2A5#0000133A0000135D
(1790954063.696188) can0 2A6#FFFFEC9B00000253
(1790954063.696314) can0 2A7#00004EADFFFFFD8E
(1790954063.700587) can0 2A1#0100010000000000
(1790954063.700714) can0 2A2#0000E0760000149B
(1790954063.700814) can0 2A3#00032431FFFD410D
(1790954063.700939) can0 2A4#00012473FFFD551E
(1790954063.701062) can0 2A5#0000133A0000135D
(1790954063.701187) can0 2A6#FFFFEC9B00000253
(1790954063.701314) can0 2A7#00004EADFFFFFD8E
(1790954063.705588) can0 2A1#0100010000000000
(1790954063.705712) can0 2A2#0000E0760000149B
(1790954063.705839) can0 2A3#00032431FFFD410D
(1790954063.705962) can0 2A4#00012473FFFD551E
(1790954063.706086) can0 2A5#0000133A0000135D
(1790954063.706186) can0 2A6#FFFFEC9B00000253
(1790954063.706314) can0 2A7#00004EADFFFFFD8E
(1790954063.710594) can0 2A1#0100010000000000
(1790954063.710712) can0 2A2#0000E0760000149B
(1790954063.710837) can0 2A3#00032431FFFD410D
(1790954063.710963) can0 2A4#00012473FFFD551E
(1790954063.711062) can0 2A5#0000133A0000135D
(1790954063.711189) can0 2A6#FFFFEC9B00000253
(1790954063.711314) can0 2A7#00004EADFFFFFD8E
(1790954063.715588) can0 2A1#0100010000000000
(1790954063.715713) can0 2A2#0000E0760000149B
(1790954063.715839) can0 2A3#00032431FFFD410D
(1790954063.715963) can0 2A4#00012473FFFD551E
(1790954063.716086) can0 2A5#0000133A0000135D
(1790954063.716186) can0 2A6#FFFFEC9B00000253
(1790954063.716314) can0 2A7#00004EADFFFFFD8E
(1790954063.720592) can0 2A1#0100010000000000
(1790954063.720712) can0 2A2#0000E0760000149B
(1790954063.720814) can0 2A3#00032431FFFD410D
(1790954063.720937) can0 2A4#00012473FFFD551E
(1790954063.721062) can0 2A5#0000133A0000135D
(1790954063.721187) can0 2A6#FFFFEC9B00000253
(1790954063.721312) can0 2A7#00004EADFFFFFD8E
(1790954063.725616) can0 2A1#0100010000000000
(1790954063.725715) can0 2A2#0000E0760000149B
(1790954063.725839) can0 2A3#00032431FFFD410D
(1790954063.725964) can0 2A4#00012473FFFD551E
(1790954063.726062) can0 2A5#0000133A0000135D
(1790954063.726187) can0 2A6#FFFFEC9B00000253
(1790954063.726314) can0 2A7#00004EADFFFFFD8E
(1790954063.730591) can0 2A1#0100010000000000
(1790954063.730716) can0 2A2#0000E0760000149B
(1790954063.730814) can0 2A3#00032431FFFD410D
(1790954063.730938) can0 2A4#00012473FFFD551E
(1790954063.731062) can0 2A5#0000133A0000135D
(1790954063.731187) can0 2A6#FFFFEC9B00000253
(1790954063.731312) can0 2A7#00004EADFFFFFD8E
(1790954063.735618) can0 2A1#0100010000000000
(1790954063.735719) can0 2A2#0000E0760000149B
(1790954063.735839) can0 2A3#00032431FFFD410D
(1790954063.735962) can0 2A4#00012473FFFD551E
(1790954063.736087) can0 2A5#0000133A0000135D
(1790954063.736214) can0 2A6#FFFFEC9B00000253
(1790954063.736314) can0 2A7#00004EADFFFFFD8E
(1790954063.740591) can0 2A1#0100010000000000
(1790954063.740712) can0 2A2#0000E0760000149B
(1790954063.740814) can0 2A3#00032431FFFD410D
(1790954063.740937) can0 2A4#00012473FFFD551E
(1790954063.741062) can0 2A5#0000133A0000135D
(1790954063.741187) can0 2A6#FFFFEC9B00000253
(1790954063.741312) can0 2A7#00004EADFFFFFD8E
(1790954063.745618) can0 2A1#0100010000000000
(1790954063.745737) can0 2A2#0000E0760000149B
(1790954063.745837) can0 2A3#00032431FFFD410D
(1790954063.745963) can0 2A4#00012473FFFD551E
(1790954063.746062) can0 2A5#0000133A0000135D
(1790954063.746187) can0 2A6#FFFFEC9B00000253
(1790954063.746313) can0 2A7#00004EADFFFFFD8E
(1790954063.750591) can0 2A1#0100010000000000
(1790954063.750712) can0 2A2#0000E0760000149B
(1790954063.750814) can0 2A3#00032431FFFD410D
(1790954063.750936) can0 2A4#00012473FFFD551E
(1790954063.751062) can0 2A5#0000133A0000135D
(1790954063.751186) can0 2A6#FFFFEC9B00000253
(1790954063.751312) can0 2A7#00004EADFFFFFD8E
(1790954063.755616) can0 2A1#0100010000000000
(1790954063.755714) can0 2A2#0000E0760000149B
(1790954063.755838) can0 2A3#00032431FFFD410D
(1790954063.755962) can0 2A4#00012473FFFD551E
(1790954063.756062) can0 2A5#0000133A0000135D
(1790954063.756188) can0 2A6#FFFFEC9B00000253
(1790954063.756313) can0 2A7#00004EADFFFFFD8E
(1790954063.760590) can0 2A1#0100010000000000
(1790954063.760687) can0 2A2#0000E0760000149B
(1790954063.760813) can0 2A3#00032431FFFD410D
(1790954063.760963) can0 2A4#00012473FFFD551E
(1790954063.761063) can0 2A5#0000133A0000135D
(1790954063.761188) can0 2A6#FFFFEC9B00000253
(1790954063.761313) can0 2A7#00004EADFFFFFD8E
(1790954063.765590) can0 2A1#0100010000000000
(1790954063.765714) can0 2A2#0000E0760000149B
(1790954063.765838) can0 2A3#00032431FFFD410D
(1790954063.765961) can0 2A4#00012473FFFD551E
(1790954063.766088) can0 2A5#0000133A0000135D
(1790954063.766215) can0 2A6#FFFFEC9B00000253
(1790954063.766315) can0 2A7#00004EADFFFFFD8E
(1790954063.770590) can0 2A1#0100010000000000
(1790954063.770712) can0 2A2#0000E0760000149B
(1790954063.770839) can0 2A3#00032431FFFD410D
(1790954063.770937) can0 2A4#00012473FFFD551E
(1790954063.771063) can0 2A5#0000133A0000135D
(1790954063.771188) can0 2A6#FFFFEC9B00000253
(1790954063.771288) can0 2A7#00004EADFFFFFD8E
(1790954063.775616) can0 2A1#0100010000000000
(1790954063.775712) can0 2A2#0000E0760000149B
(1790954063.775838) can0 2A3#00032431FFFD410D
(1790954063.775963) can0 2A4#00012473FFFD551E
(1790954063.776063) can0 2A5#0000133A0000135D
(1790954063.776188) can0 2A6#FFFFEC9B00000253
(1790954063.776314) can0 2A7#00004EADFFFFFD8E
(1790954063.780593) can0 2A1#0100010000000000
(1790954063.780714) can0 2A2#0000E0760000149B
(1790954063.780814) can0 2A3#00032431FFFD410D
(1790954063.780937) can0 2A4#00012473FFFD551E
(1790954063.781063) can0 2A5#0000133A0000135D
(1790954063.781188) can0 2A6#FFFFEC9B00000253
(1790954063.781313) can0 2A7#00004EADFFFFFD8E
(1790954063.785615) can0 2A1#0100010000000000
(1790954063.785712) can0 2A2#0000E0760000149B
(1790954063.785838) can0 2A3#00032431FFFD410D
(1790954063.785973) can0 2A4#00012473FFFD551E
(1790954063.786088) can0 2A5#0000133A0000135D
(1790954063.786188) can0 2A6#FFFFEC9B00000253
(1790954063.786313) can0 2A7#00004EADFFFFFD8E
(1790954063.790591) can0 2A1#0100010000000000
(1790954063.790713) can0 2A2#0000E0760000149B
(1790954063.790838) can0 2A3#00032431FFFD410D
(1790954063.790938) can0 2A4#00012473FFFD551E
(1790954063.791062) can0 2A5#0000133A0000135D
(1790954063.791188) can0 2A6#FFFFEC9B00000253
(1790954063.791313) can0 2A7#00004EADFFFFFD8E
(1790954063.795617) can0 2A1#0100010000000000
(1790954063.795739) can0 2A2#0000E0760000149B
(1790954063.795837) can0 2A3#00032431FFFD410D
(1790954063.795963) can0 2A4#00012473FFFD551E
(1790954063.796086) can0 2A5#0000133A0000135D
(1790954063.796188) can0 2A6#FFFFEC9B00000253
(1790954063.796314) can0 2A7#00004EADFFFFFD8E
(1790954063.800589) can0 2A1#0100010000000000
(1790954063.800714) can0 2A2#0000E0760000149B
(1790954063.800811) can0 2A3#00032431FFFD410D
(1790954063.800938) can0 2A4#00012473FFFD551E
(1790954063.801061) can0 2A5#0000133A0000135D
(1790954063.801188) can0 2A6#FFFFEC9B00000253
(1790954063.801313) can0 2A7#00004EADFFFFFD8E
(1790954063.805618) can0 2A1#0100010000000000
(1790954063.805713) can0 2A2#0000E0760000149B
(1790954063.805838) can0 2A3#00032431FFFD410D
(1790954063.805963) can0 2A4#00012473FFFD551E
(1790954063.806063) can0 2A5#0000133A0000135D
(1790954063.806189) can0 2A6#FFFFEC9B00000253
(1790954063.806313) can0 2A7#00004EADFFFFFD8E
(1790954063.810596) can0 2A1#0100010000000000
(1790954063.810714) can0 2A2#0000E0760000149B
(1790954063.810838) can0 2A3#00032431FFFD410D
(1790954063.810963) can0 2A4#00012473FFFD551E
(1790954063.811063) can0 2A5#0000133A0000135D
(1790954063.811189) can0 2A6#FFFFEC9B00000253
(1790954063.811313) can0 2A7#00004EADFFFFFD8E
(1790954063.815592) can0 2A1#0100010000000000
(1790954063.815714) can0 2A2#0000E0760000149B
(1790954063.815838) can0 2A3#00032431FFFD410D
(1790954063.815962) can0 2A4#00012473FFFD551E
(1790954063.816090) can0 2A5#0000133A0000135D
(1790954063.816214) can0 2A6#FFFFEC9B00000253
(1790954063.816315) can0 2A7#00004EADFFFFFD8E
(1790954063.820596) can0 2A1#0100010000000000
(1790954063.820714) can0 2A2#0000E0760000149B
(1790954063.820813) can0 2A3#00032431FFFD410D
(1790954063.820939) can0 2A4#00012473FFFD551E
(1790954063.821063) can0 2A5#0000133A0000135D
(1790954063.821190) can0 2A6#FFFFEC9B00000253
(1790954063.821313) can0 2A7#00004EADFFFFFD8E
(1790954063.825616) can0 2A1#0100010000000000
(1790954063.825714) can0 2A2#0000E0760000149B
(1790954063.825838) can0 2A3#00032431FFFD410D
(1790954063.825968) can0 2A4#00012473FFFD551E
(1790954063.826062) can0 2A5#0000133A0000135D
(1790954063.826189) can0 2A6#FFFFEC9B00000253
(1790954063.826313) can0 2A7#00004EADFFFFFD8E
(1790954063.830595) can0 2A1#0100010000000000
(1790954063.830714) can0 2A2#0000E0760000149B
(1790954063.830812) can0 2A3#00032431FFFD410D
(1790954063.830937) can0 2A4#00012473FFFD551E
(1790954063.831064) can0 2A5#0000133A0000135D
(1790954063.831188) can0 2A6#FFFFEC9B00000253
(1790954063.831316) can0 2A7#00004EADFFFFFD8E
(1790954063.835626) can0 2A1#0100010000000000
(1790954063.835715) can0 2A2#0000E0760000149B
(1790954063.835837) can0 2A3#00032431FFFD410D
(1790954063.835964) can0 2A4#00012473FFFD551E
(1790954063.836062) can0 2A5#0000133A0000135D
(1790954063.836186) can0 2A6#FFFFEC9B00000253
(1790954063.836312) can0 2A7#00004EADFFFFFD8E
(1790954063.840592) can0 2A1#0100010000000000
(1790954063.840716) can0 2A2#0000E0760000149B
(1790954063.840813) can0 2A3#00032431FFFD410D
(1790954063.840937) can0 2A4#00012473FFFD551E
(1790954063.841064) can0 2A5#0000133A0000135D
(1790954063.841186) can0 2A6#FFFFEC9B00000253
(1790954063.841312) can0 2A7#00004EADFFFFFD8E
(1790954063.845621) can0 2A1#0100010000000000
(1790954063.845718) can0 2A2#0000E0760000149B
(1790954063.845839) can0 2A3#00032431FFFD410D
(1790954063.845964) can0 2A4#00012473FFFD551E
(1790954063.846063) can0 2A5#0000133A0000135D
(1790954063.846188) can0 2A6#FFFFEC9B00000253
(1790954063.846314) can0 2A7#00004EADFFFFFD8E
(1790954063.850594) can0 2A1#0100010000000000
(1790954063.850712) can0 2A2#0000E0760000149B
(1790954063.850838) can0 2A3#00032431FFFD410D
(1790954063.850937) can0 2A4#00012473FFFD551E
(1790954063.851061) can0 2A5#0000133A0000135D
(1790954063.851187) can0 2A6#FFFFEC9B00000253
(1790954063.851313) can0 2A7#00004EADFFFFFD8E
(1790954063.855622) can0 2A1#0100010000000000
(1790954063.855713) can0 2A2#0000E0760000149B
(1790954063.855839) can0 2A3#00032431FFFD410D
(1790954063.855962) can0 2A4#00012473FFFD551E
(1790954063.856088) can0 2A5#0000133A0000135D
(1790954063.856187) can0 2A6#FFFFEC9B00000253
(1790954063.856312) can0 2A7#00004EADFFFFFD8E
(1790954063.860598) can0 2A1#0100010000000000
(1790954063.860713) can0 2A2#0000E0760000149B
(1790954063.860839) can0 2A3#00032431FFFD410D
(1790954063.860938) can0 2A4#00012473FFFD551E
(1790954063.861064) can0 2A5#0000133A0000135D
(1790954063.861188) can0 2A6#FFFFEC9B00000253
(1790954063.861314) can0 2A7#00004EADFFFFFD8E
(1790954063.865596) can0 2A1#0100010000000000
(1790954063.865713) can0 2A2#0000E0760000149B
(1790954063.865838) can0 2A3#00032431FFFD410D
(1790954063.865964) can0 2A4#00012473FFFD551E
(1790954063.866089) can0 2A5#0000133A0000135D
(1790954063.866193) can0 2A6#FFFFEC9B00000253
(1790954063.866315) can0 2A7#00004EADFFFFFD8E
(1790954063.870607) can0 2A1#0100010000000000
(1790954063.870724) can0 2A2#0000E0760000149B
(1790954063.870840) can0 2A3#00032431FFFD410D
(1790954063.870966) can0 2A4#00012473FFFD551E
(1790954063.871064) can0 2A5#0000133A0000135D
(1790954063.871187) can0 2A6#FFFFEC9B00000253
(1790954063.871316) can0 2A7#00004EADFFFFFD8E
(1790954063.875603) can0 2A1#0100010000000000
(1790954063.875739) can0 2A2#0000E0760000149B
(1790954063.875840) can0 2A3#00032431FFFD410D
(1790954063.875969) can0 2A4#00012473FFFD551E
(1790954063.876065) can0 2A5#0000133A0000135D
(1790954063.876191) can0 2A6#FFFFEC9B00000253
(1790954063.876314) can0 2A7#00004EADFFFFFD8E
(1790954063.880598) can0 2A1#0100010000000000
(1790954063.880719) can0 2A2#0000E0760000149B
(1790954063.880813) can0 2A3#00032431FFFD410D
(1790954063.880963) can0 2A4#00012473FFFD551E
(1790954063.881064) can0 2A5#0000133A0000135D
(1790954063.881190) can0 2A6#FFFFEC9B00000253
(1790954063.881313) can0 2A7#00004EADFFFFFD8E
(1790954063.885597) can0 2A1#0100010000000000
(1790954063.885714) can0 2A2#0000E0760000149B
(1790954063.885839) can0 2A3#00032431FFFD410D
(1790954063.885965) can0 2A4#00012473FFFD551E
(1790954063.886088) can0 2A5#0000133A0000135D
(1790954063.886187) can0 2A6#FFFFEC9B00000253
(1790954063.886315) can0 2A7#00004EADFFFFFD8E
(1790954063.890592) can0 2A1#0100010000000000
(1790954063.890713) can0 2A2#0000E0760000149B
(1790954063.890812) can0 2A3#00032431FFFD410D
(1790954063.890962) can0 2A4#00012473FFFD551E
(1790954063.891062) can0 2A5#0000133A0000135D
(1790954063.891187) can0 2A6#FFFFEC9B00000253
(1790954063.891314) can0 2A7#00004EADFFFFFD8E
(1790954063.895606) can0 2A1#0100010000000000
(1790954063.895719) can0 2A2#0000E0760000149B
(1790954063.895839) can0 2A3#00032431FFFD410D
(1790954063.895964) can0 2A4#00012473FFFD551E
(1790954063.896088) can0 2A5#0000133A0000135D
(1790954063.896214) can0 2A6#FFFFEC9B00000253
(1790954063.896314) can0 2A7#00004EADFFFFFD8E
(1790954063.900610) can0 2A1#0100010000000000
(1790954063.900713) can0 2A2#0000E0760000149B
(1790954063.900838) can0 2A3#00032431FFFD410D
(1790954063.900937) can0 2A4#00012473FFFD551E
(1790954063.901062) can0 2A5#0000133A0000135D
(1790954063.901188) can0 2A6#FFFFEC9B00000253
(1790954063.901319) can0 2A7#00004EADFFFFFD8E
(1790954063.905628) can0 2A1#0100010000000000
(1790954063.905739) can0 2A2#0000E0760000149B
(1790954063.905861) can0 2A3#00032431FFFD410D
(1790954063.905974) can0 2A4#00012473FFFD551E
(1790954063.906085) can0 2A5#0000133A0000135D
(1790954063.906187) can0 2A6#FFFFEC9B00000253
(1790954063.906313) can0 2A7#00004EADFFFFFD8E
(1790954063.910593) can0 2A1#0100010000000000
(1790954063.910714) can0 2A2#0000E0760000149B
(1790954063.910814) can0 2A3#00032431FFFD410D
(1790954063.910940) can0 2A4#00012473FFFD551E
(1790954063.911071) can0 2A5#0000133A0000135D
(1790954063.911191) can0 2A6#FFFFEC9B00000253
(1790954063.911316) can0 2A7#00004EADFFFFFD8E
(1790954063.915639) can0 2A1#0100010000000000
(1790954063.915715) can0 2A2#0000E0760000149B
(1790954063.915840) can0 2A3#00032431FFFD410D
(1790954063.915974) can0 2A4#00012473FFFD551E
(1790954063.916094) can0 2A5#0000133A0000135D
(1790954063.916217) can0 2A6#FFFFEC9B00000253
(1790954063.916315) can0 2A7#00004EADFFFFFD8E
(1790954063.920593) can0 2A1#0100010000000000
(1790954063.920713) can0 2A2#0000E0760000149B
(1790954063.920837) can0 2A3#00032431FFFD410D
(1790954063.920968) can0 2A4#00012473FFFD551E
(1790954063.921066) can0 2A5#0000133A0000135D
(1790954063.921193) can0 2A6#FFFFEC9B00000253
(1790954063.921320) can0 2A7#00004EADFFFFFD8E
(1790954063.925595) can0 2A1#0100010000000000
(1790954063.925712) can0 2A2#0000E0760000149B
(1790954063.925838) can0 2A3#00032431FFFD410D
(1790954063.925963) can0 2A4#00012473FFFD551E
(1790954063.926087) can0 2A5#0000133A0000135D
(1790954063.926187) can0 2A6#FFFFEC9B00000253
(1790954063.926312) can0 2A7#00004EADFFFFFD8E
(1790954063.930604) can0 2A1#0100010000000000
(1790954063.930730) can0 2A2#0000E0760000149B
(1790954063.930841) can0 2A3#00032431FFFD410D
(1790954063.930969) can0 2A4#00012473FFFD551E
(1790954063.931068) can0 2A5#0000133A0000135D
(1790954063.931188) can0 2A6#FFFFEC9B00000253
(1790954063.931288) can0 2A7#00004EADFFFFFD8E
(1790954063.935639) can0 2A1#0100010000000000
(1790954063.935739) can0 2A2#0000E0760000149B
(1790954063.935840) can0 2A3#00032431FFFD410D
(1790954063.935963) can0 2A4#00012473FFFD551E
(1790954063.936088) can0 2A5#0000133A0000135D
(1790954063.936187) can0 2A6#FFFFEC9B00000253
(1790954063.936315) can0 2A7#00004EADFFFFFD8E
(1790954063.940589) can0 2A1#0100010000000000
(1790954063.940713) can0 2A2#0000E0760000149B
(1790954063.940837) can0 2A3#00032431FFFD410D
(1790954063.940963) can0 2A4#00012473FFFD551E
(1790954063.941062) can0 2A5#0000133A0000135D
(1790954063.941185) can0 2A6#FFFFEC9B00000253
(1790954063.941313) can0 2A7#00004EADFFFFFD8E
(1790954063.945623) can0 2A1#0100010000000000
(1790954063.945740) can0 2A2#0000E0760000149B
(1790954063.945839) can0 2A3#00032431FFFD410D
(1790954063.945963) can0 2A4#00012473FFFD551E
(1790954063.946091) can0 2A5#0000133A0000135D
(1790954063.946187) can0 2A6#FFFFEC9B00000253
(1790954063.946315) can0 2A7#00004EADFFFFFD8E
(1790954063.950610) can0 2A1#0100010000000000
(1790954063.950716) can0 2A2#0000E0760000149B
(1790954063.950840) can0 2A3#00032431FFFD410D
(1790954063.950938) can0 2A4#00012473FFFD551E
(1790954063.951063) can0 2A5#0000133A0000135D
(1790954063.951190) can0 2A6#FFFFEC9B00000253
(1790954063.951314) can0 2A7#00004EADFFFFFD8E
(1790954063.955630) can0 2A1#0100010000000000
(1790954063.955715) can0 2A2#0000E0760000149B
(1790954063.955841) can0 2A3#00032431FFFD410D
(1790954063.955962) can0 2A4#00012473FFFD551E
(1790954063.956087) can0 2A5#0000133A0000135D
(1790954063.956212) can0 2A6#FFFFEC9B00000253
(1790954063.956313) can0 2A7#00004EADFFFFFD8E
(1790954063.960598) can0 2A1#0100010000000000
(1790954063.960716) can0 2A2#0000E0760000149B
(1790954063.960840) can0 2A3#00032431FFFD410D
(1790954063.960962) can0 2A4#00012473FFFD551E
(1790954063.961070) can0 2A5#0000133A0000135D
(1790954063.961189) can0 2A6#FFFFEC9B00000253
(1790954063.961313) can0 2A7#00004EADFFFFFD8E
(1790954063.965630) can0 2A1#0100010000000000
(1790954063.965722) can0 2A2#0000E0760000149B
(1790954063.965838) can0 2A3#00032431FFFD410D
(1790954063.965970) can0 2A4#00012473FFFD551E
(1790954063.966089) can0 2A5#0000133A0000135D
(1790954063.966213) can0 2A6#FFFFEC9B00000253
(1790954063.966313) can0 2A7#00004EADFFFFFD8E
(1790954063.970614) can0 2A1#0100010000000000
(1790954063.970712) can0 2A2#0000E0760000149B
(1790954063.970839) can0 2A3#00032431FFFD410D
(1790954063.970964) can0 2A4#00012473FFFD551E
(1790954063.971063) can0 2A5#0000133A0000135D
(1790954063.971188) can0 2A6#FFFFEC9B00000253
(1790954063.971313) can0 2A7#00004EADFFFFFD8E
(1790954063.975601) can0 2A1#0100010000000000
(1790954063.975715) can0 2A2#0000E0760000149B
(1790954063.975839) can0 2A3#00032431FFFD410D
(1790954063.975961) can0 2A4#00012473FFFD551E
(1790954063.976086) can0 2A5#0000133A0000135D
(1790954063.976212) can0 2A6#FFFFEC9B00000253
(1790954063.976313) can0 2A7#00004EADFFFFFD8E
(1790954063.980592) can0 2A1#0100010000000000
(1790954063.980713) can0 2A2#0000E0760000149B
(1790954063.980840) can0 2A3#00032431FFFD410D
(1790954063.980966) can0 2A4#00012473FFFD551E
(1790954063.981063) can0 2A5#0000133A0000135D
(1790954063.981189) can0 2A6#FFFFEC9B00000253
(1790954063.981318) can0 2A7#00004EADFFFFFD8E
(1790954063.985607) can0 2A1#0100010000000000
(1790954063.985717) can0 2A2#0000E0760000149B
(1790954063.985841) can0 2A3#00032431FFFD410D
(1790954063.985965) can0 2A4#00012473FFFD551E
(1790954063.986090) can0 2A5#0000133A0000135D
(1790954063.986215) can0 2A6#FFFFEC9B00000253
(1790954063.986317) can0 2A7#00004EADFFFFFD8E
(1790954063.990598) can0 2A1#0100010000000000
(1790954063.990713) can0 2A2#0000E0760000149B
(1790954063.990813) can0 2A3#00032431FFFD410D
(1790954063.990937) can0 2A4#00012473FFFD551E
(1790954063.991063) can0 2A5#0000133A0000135D
(1790954063.991188) can0 2A6#FFFFEC9B00000253
(1790954063.991315) can0 2A7#00004EADFFFFFD8E
(1790954063.995657) can0 2A1#0100010000000000
(1790954063.995717) can0 2A2#0000E0760000149B
(1790954063.995839) can0 2A3#00032431FFFD410D
(1790954063.995965) can0 2A4#00012473FFFD551E
(1790954063.996092) can0 2A5#0000133A0000135D
(1790954063.996213) can0 2A6#FFFFEC9B00000253
(1790954063.996312) can0 2A7#00004EADFFFFFD8E
(1790954064.000604) can0 2A1#0100010000000000
(1790954064.000724) can0 2A2#0000E0760000149B
(1790954064.000840) can0 2A3#00032431FFFD410D
(1790954064.000935) can0 2A4#00012473FFFD551E
(1790954064.001065) can0 2A5#0000133A0000135D
(1790954064.001193) can0 2A6#FFFFEC9B00000253
(1790954064.001312) can0 2A7#00004EADFFFFFD8E
(1790954064.005630) can0 2A1#0100010000000000
(1790954064.005739) can0 2A2#0000E0760000149B
(1790954064.005840) can0 2A3#00032431FFFD410D
(1790954064.005969) can0 2A4#00012473FFFD551E
(1790954064.006064) can0 2A5#0000133A0000135D
(1790954064.006190) can0 2A6#FFFFEC9B00000253
(1790954064.006339) can0 2A7#00004EADFFFFFD8E
(1790954064.010597) can0 2A1#0100010000000000
(1790954064.010713) can0 2A2#0000E0760000149B
(1790954064.010821) can0 2A3#00032431FFFD410D
(1790954064.010938) can0 2A4#00012473FFFD551E
(1790954064.011065) can0 2A5#0000133A0000135D
(1790954064.011189) can0 2A6#FFFFEC9B00000253
(1790954064.011315) can0 2A7#00004EADFFFFFD8E
(1790954064.015628) can0 2A1#0100010000000000
(1790954064.015712) can0 2A2#0000E0760000149B
(1790954064.015839) can0 2A3#00032431FFFD410D
(1790954064.015964) can0 2A4#00012473FFFD551E
(1790954064.016062) can0 2A5#0000133A0000135D
(1790954064.016189) can0 2A6#FFFFEC9B00000253
(1790954064.016312) can0 2A7#00004EADFFFFFD8E
(1790954064.020600) can0 2A1#0100010000000000
(1790954064.020713) can0 2A2#0000E0760000149B
(1790954064.020838) can0 2A3#00032431FFFD410D
(1790954064.020937) can0 2A4#00012473FFFD551E
(1790954064.021064) can0 2A5#0000133A0000135D
(1790954064.021189) can0 2A6#FFFFEC9B00000253
(1790954064.021314) can0 2A7#00004EADFFFFFD8E
(1790954064.025597) can0 2A1#0100010000000000
(1790954064.025715) can0 2A2#0000E0760000149B
(1790954064.025837) can0 2A3#00032431FFFD410D
(1790954064.025967) can0 2A4#00012473FFFD551E
(1790954064.026087) can0 2A5#0000133A0000135D
(1790954064.026185) can0 2A6#FFFFEC9B00000253
(1790954064.026312) can0 2A7#00004EADFFFFFD8E
(1790954064.030589) can0 2A1#0100010000000000
(1790954064.030710) can0 2A2#0000E0760000149B
(1790954064.030813) can0 2A3#00032431FFFD410D
(1790954064.030937) can0 2A4#00012473FFFD551E
(1790954064.031062) can0 2A5#0000133A0000135D
(1790954064.031187) can0 2A6#FFFFEC9B00000253
(1790954064.031311) can0 2A7#00004EADFFFFFD8E
(1790954064.035606) can0 2A1#0100010000000000
(1790954064.035711) can0 2A2#0000E0760000149B
(1790954064.035838) can0 2A3#00032431FFFD410D
(1790954064.035962) can0 2A4#00012473FFFD551E
(1790954064.036087) can0 2A5#0000133A0000135D
(1790954064.036187) can0 2A6#FFFFEC9B00000253
(1790954064.036313) can0 2A7#00004EADFFFFFD8E
(1790954064.040594) can0 2A1#0100010000000000
(1790954064.040711) can0 2A2#0000E0760000149B
(1790954064.040837) can0 2A3#00032431FFFD410D
(1790954064.040935) can0 2A4#00012473FFFD551E
(1790954064.041062) can0 2A5#0000133A0000135D
(1790954064.041187) can0 2A6#FFFFEC9B00000253
(1790954064.041312) can0 2A7#00004EADFFFFFD8E
(1790954064.045603) can0 2A1#0100010000000000
(1790954064.045712) can0 2A2#0000E0760000149B
(1790954064.045838) can0 2A3#00032431FFFD410D
(1790954064.045968) can0 2A4#00012473FFFD551E
(1790954064.046087) can0 2A5#0000133A0000135D
(1790954064.046187) can0 2A6#FFFFEC9B00000253
(1790954064.046312) can0 2A7#00004EADFFFFFD8E
(1790954064.050615) can0 2A1#0100010000000000
(1790954064.050711) can0 2A2#0000E0760000149B
(1790954064.050838) can0 2A3#00032431FFFD410D
(1790954064.050962) can0 2A4#00012473FFFD551E
(1790954064.051062) can0 2A5#0000133A0000135D
(1790954064.051187) can0 2A6#FFFFEC9B00000253
(1790954064.051312) can0 2A7#00004EADFFFFFD8E
(1790954064.055594) can0 2A1#0100010000000000
(1790954064.055712) can0 2A2#0000E0760000149B
(1790954064.055841) can0 2A3#00032431FFFD410D
(1790954064.055969) can0 2A4#00012473FFFD551E
(1790954064.056089) can0 2A5#0000133A0000135D
(1790954064.056189) can0 2A6#FFFFEC9B00000253
(1790954064.056314) can0 2A7#00004EADFFFFFD8E
(1790954064.060605) can0 2A1#0100010000000000
(1790954064.060713) can0 2A2#0000E0760000149B
(1790954064.060814) can0 2A3#00032431FFFD410D
(1790954064.060964) can0 2A4#00012473FFFD551E
(1790954064.061063) can0 2A5#0000133A0000135D
(1790954064.061189) can0 2A6#FFFFEC9B00000253
(1790954064.061314) can0 2A7#00004EADFFFFFD8E
(1790954064.065622) can0 2A1#0100010000000000
(1790954064.065713) can0 2A2#0000E0760000149B
(1790954064.065841) can0 2A3#00032431FFFD410D
(1790954064.065967) can0 2A4#00012473FFFD551E
(1790954064.066090) can0 2A5#0000133A0000135D
(1790954064.066215) can0 2A6#FFFFEC9B00000253
(1790954064.066342) can0 2A7#00004EADFFFFFD8E
(1790954064.070601) can0 2A1#0100010000000000
(1790954064.070719) can0 2A2#0000E0760000149B
(1790954064.070838) can0 2A3#00032431FFFD410D
(1790954064.070938) can0 2A4#00012473FFFD551E
(1790954064.071064) can0 2A5#0000133A0000135D
(1790954064.071187) can0 2A6#FFFFEC9B00000253
(1790954064.071313) can0 2A7#00004EADFFFFFD8E
(1790954064.075619) can0 2A1#0100010000000000
(1790954064.075711) can0 2A2#0000E0760000149B
(1790954064.075836) can0 2A3#00032431FFFD410D
(1790954064.075961) can0 2A4#00012473FFFD551E
(1790954064.076085) can0 2A5#0000133A0000135D
(1790954064.076211) can0 2A6#FFFFEC9B00000253
(1790954064.076311) can0 2A7#00004EADFFFFFD8E
(1790954064.080592) can0 2A1#0100010000000000
(1790954064.080719) can0 2A2#0000E0760000149B
(1790954064.080840) can0 2A3#00032431FFFD410D
(1790954064.080971) can0 2A4#00012473FFFD551E
(1790954064.081064) can0 2A5#0000133A0000135D
(1790954064.081188) can0 2A6#FFFFEC9B00000253
(1790954064.081311) can0 2A7#00004EADFFFFFD8E
(1790954064.085599) can0 2A1#0100010000000000
(1790954064.085714) can0 2A2#0000E0760000149B
(1790954064.085836) can0 2A3#00032431FFFD410D
(1790954064.085963) can0 2A4#00012473FFFD551E
(1790954064.086086) can0 2A5#0000133A0000135D
(1790954064.086186) can0 2A6#FFFFEC9B00000253
(1790954064.086313) can0 2A7#00004EADFFFFFD8E
(1790954064.090593) can0 2A1#0100010000000000
(1790954064.090712) can0 2A2#0000E0760000149B
(1790954064.090837) can0 2A3#00032431FFFD410D
(1790954064.090935) can0 2A4#00012473FFFD551E
(1790954064.091061) can0 2A5#0000133A0000135D
(1790954064.091186) can0 2A6#FFFFEC9B00000253
(1790954064.091312) can0 2A7#00004EADFFFFFD8E
(1790954064.095625) can0 2A1#0100010000000000
(1790954064.095738) can0 2A2#0000E0760000149B
(1790954064.095836) can0 2A3#00032431FFFD410D
(1790954064.095980) can0 2A4#00012473FFFD551E
(1790954064.096087) can0 2A5#0000133A0000135D
(1790954064.096186) can0 2A6#FFFFEC9B00000253
(1790954064.096313) can0 2A7#00004EADFFFFFD8E
(1790954064.100599) can0 2A1#0100010000000000
(1790954064.100711) can0 2A2#0000E0760000149B
(1790954064.100837) can0 2A3#00032431FFFD410D
(1790954064.100962) can0 2A4#00012473FFFD551E
(1790954064.101061) can0 2A5#0000133A0000135D
(1790954064.101187) can0 2A6#FFFFEC9B00000253
(1790954064.101314) can0 2A7#00004EADFFFFFD8E
(1790954064.105619) can0 2A1#0100010000000000
(1790954064.105738) can0 2A2#0000E0760000149B
(1790954064.105837) can0 2A3#00032431FFFD410D
(1790954064.105963) can0 2A4#00012473FFFD551E
(1790954064.106089) can0 2A5#0000133A0000135D
(1790954064.106189) can0 2A6#FFFFEC9B00000253
(1790954064.106314) can0 2A7#00004EADFFFFFD8E
(1790954064.110598) can0 2A1#0100010000000000
(1790954064.110718) can0 2A2#0000E0760000149B
(1790954064.110839) can0 2A3#00032431FFFD410D
(1790954064.110941) can0 2A4#00012473FFFD551E
(1790954064.111065) can0 2A5#0000133A0000135D
(1790954064.111189) can0 2A6#FFFFEC9B00000253
(1790954064.111314) can0 2A7#00004EADFFFFFD8E
(1790954064.115631) can0 2A1#0100010000000000
(1790954064.115752) can0 2A2#0000E0760000149B
(1790954064.115842) can0 2A3#00032431FFFD410D
(1790954064.115965) can0 2A4#00012473FFFD551E
(1790954064.116100) can0 2A5#0000133A0000135D
(1790954064.116189) can0 2A6#FFFFEC9B00000253
(1790954064.116315) can0 2A7#00004EADFFFFFD8E
(1790954064.120605) can0 2A1#0100010000000000
(1790954064.120726) can0 2A2#0000E0760000149B
(1790954064.120816) can0 2A3#00032431FFFD410D
(1790954064.120939) can0 2A4#00012473FFFD551E
(1790954064.121062) can0 2A5#0000133A0000135D
(1790954064.121196) can0 2A6#FFFFEC9B00000253
(1790954064.121315) can0 2A7#00004EADFFFFFD8E
(1790954064.125630) can0 2A1#0100010000000000
(1790954064.125712) can0 2A2#0000E0760000149B
(1790954064.125837) can0 2A3#00032431FFFD410D
(1790954064.125963) can0 2A4#00012473FFFD551E
(1790954064.126088) can0 2A5#0000133A0000135D
(1790954064.126212) can0 2A6#FFFFEC9B00000253
(1790954064.126337) can0 2A7#00004EADFFFFFD8E
(1790954064.130596) can0 2A1#0100010000000000
(1790954064.130717) can0 2A2#0000E0760000149B
(1790954064.130838) can0 2A3#00032431FFFD410D
(1790954064.130963) can0 2A4#00012473FFFD551E
(1790954064.131061) can0 2A5#0000133A0000135D
(1790954064.131193) can0 2A6#FFFFEC9B00000253
(1790954064.131313) can0 2A7#00004EADFFFFFD8E
(1790954064.135605) can0 2A1#0100010000000000
(1790954064.135718) can0 2A2#0000E0760000149B
(1790954064.135839) can0 2A3#00032431FFFD410D
(1790954064.135970) can0 2A4#00012473FFFD551E
(1790954064.136094) can0 2A5#0000133A0000135D
(1790954064.136187) can0 2A6#FFFFEC9B00000253
(1790954064.136311) can0 2A7#00004EADFFFFFD8E
(1790954064.140592) can0 2A1#0100010000000000
(1790954064.140710) can0 2A2#0000E0760000149B
(1790954064.140837) can0 2A3#00032431FFFD410D
(1790954064.140937) can0 2A4#00012473FFFD551E
(1790954064.141061) can0 2A5#0000133A0000135D
(1790954064.141187) can0 2A6#FFFFEC9B00000253
(1790954064.141312) can0 2A7#00004EADFFFFFD8E
(1790954064.145621) can0 2A1#0100010000000000
(1790954064.145736) can0 2A2#0000E0760000149B
(1790954064.145838) can0 2A3#00032431FFFD410D
(1790954064.145963) can0 2A4#00012473FFFD551E
(1790954064.146085) can0 2A5#0000133A0000135D
(1790954064.146187) can0 2A6#FFFFEC9B00000253
(1790954064.146312) can0 2A7#00004EADFFFFFD8E
(1790954064.150610) can0 2A1#0100010000000000
(1790954064.150716) can0 2A2#0000E0760000149B
(1790954064.150840) can0 2A3#00032431FFFD410D
(1790954064.150964) can0 2A4#00012473FFFD551E
(1790954064.151061) can0 2A5#0000133A0000135D
(1790954064.151188) can0 2A6#FFFFEC9B00000253
(1790954064.151311) can0 2A7#00004EADFFFFFD8E
(1790954064.155634) can0 2A1#0100010000000000
(1790954064.155711) can0 2A2#0000E0760000149B
(1790954064.155837) can0 2A3#00032431FFFD410D
(1790954064.155961) can0 2A4#00012473FFFD551E
(1790954064.156088) can0 2A5#0000133A0000135D
(1790954064.156211) can0 2A6#FFFFEC9B00000253
(1790954064.156337) can0 2A7#00004EADFFFFFD8E
(1790954064.160596) can0 2A1#0100010000000000
(1790954064.160712) can0 2A2#0000E0760000149B
(1790954064.160812) can0 2A3#00032431FFFD410D
(1790954064.160935) can0 2A4#00012473FFFD551E
(1790954064.161060) can0 2A5#0000133A0000135D
(1790954064.161186) can0 2A6#FFFFEC9B00000253
(1790954064.161312) can0 2A7#00004EADFFFFFD8E
(1790954064.165637) can0 2A1#0100010000000000
(1790954064.165714) can0 2A2#0000E0760000149B
(1790954064.165838) can0 2A3#00032431FFFD410D
(1790954064.165961) can0 2A4#00012473FFFD551E
(1790954064.166060) can0 2A5#0000133A0000135D
(1790954064.166186) can0 2A6#FFFFEC9B00000253
(1790954064.166336) can0 2A7#00004EADFFFFFD8E
(1790954064.170607) can0 2A1#0100010000000000
(1790954064.170714) can0 2A2#0000E0760000149B
(1790954064.170840) can0 2A3#00032431FFFD410D
(1790954064.170964) can0 2A4#00012473FFFD551E
(1790954064.171089) can0 2A5#0000133A0000135D
(1790954064.171188) can0 2A6#FFFFEC9B00000253
(1790954064.171314) can0 2A7#00004EADFFFFFD8E
(1790954064.175618) can0 2A1#0100010000000000
(1790954064.175716) can0 2A2#0000E0760000149B
(1790954064.175839) can0 2A3#00032431FFFD410D
(1790954064.175965) can0 2A4#00012473FFFD551E
(1790954064.176090) can0 2A5#0000133A0000135D
(1790954064.176214) can0 2A6#FFFFEC9B00000253
(1790954064.176314) can0 2A7#00004EADFFFFFD8E
(1790954064.180590) can0 2A1#0100010000000000
(1790954064.180712) can0 2A2#0000E0760000149B
(1790954064.180837) can0 2A3#00032431FFFD410D
(1790954064.180963) can0 2A4#00012473FFFD551E
(1790954064.181068) can0 2A5#0000133A0000135D
(1790954064.181185) can0 2A6#FFFFEC9B00000253
(1790954064.181310) can0 2A7#00004EADFFFFFD8E
(1790954064.185602) can0 2A1#0100010000000000
(1790954064.185711) can0 2A2#0000E0760000149B
(1790954064.185837) can0 2A3#00032431FFFD410D
(1790954064.185969) can0 2A4#00012473FFFD551E
(1790954064.186085) can0 2A5#0000133A0000135D
(1790954064.186185) can0 2A6#FFFFEC9B00000253
(1790954064.186312) can0 2A7#00004EADFFFFFD8E
(1790954064.190590) can0 2A1#0100010000000000
(1790954064.190711) can0 2A2#0000E0760000149B
(1790954064.190837) can0 2A3#00032431FFFD410D
(1790954064.190935) can0 2A4#00012473FFFD551E
(1790954064.191062) can0 2A5#0000133A0000135D
(1790954064.191187) can0 2A6#FFFFEC9B00000253
(1790954064.191315) can0 2A7#00004EADFFFFFD8E
(1790954064.195619) can0 2A1#0100010000000000
(1790954064.195717) can0 2A2#0000E0760000149B
(1790954064.195838) can0 2A3#00032431FFFD410D
(1790954064.195964) can0 2A4#00012473FFFD551E
(1790954064.196063) can0 2A5#0000133A0000135D
(1790954064.196213) can0 2A6#FFFFEC9B00000253
(1790954064.196314) can0 2A7#00004EADFFFFFD8E
(1790954064.200599) can0 2A1#0100010000000000
(1790954064.200723) can0 2A2#0000E0760000149B
(1790954064.200841) can0 2A3#00032431FFFD410D
(1790954064.200966) can0 2A4#00012473FFFD551E
(1790954064.201063) can0 2A5#0000133A0000135D
(1790954064.201492) can0 2A6#FFFFEC9B00000253
(1790954064.201494) can0 2A7#00004EADFFFFFD8E
(1790954064.205606) can0 2A1#0100010000000000
(1790954064.205741) can0 2A2#0000E0760000149B
(1790954064.205839) can0 2A3#00032431FFFD410D
(1790954064.205965) can0 2A4#00012473FFFD551E
(1790954064.206089) can0 2A5#0000133A0000135D
(1790954064.206215) can0 2A6#FFFFEC9B00000253
(1790954064.206316) can0 2A7#00004EADFFFFFD8E
(1790954064.210588) can0 2A1#0100010000000000
(1790954064.210712) can0 2A2#0000E0760000149B
(1790954064.210836) can0 2A3#00032431FFFD410D
(1790954064.210936) can0 2A4#00012473FFFD551E
(1790954064.211063) can0 2A5#0000133A0000135D
(1790954064.211189) can0 2A6#FFFFEC9B00000253
(1790954064.211313) can0 2A7#00004EADFFFFFD8E
(1790954064.215642) can0 2A1#0100010000000000
(1790954064.215738) can0 2A2#0000E0760000149B
(1790954064.215839) can0 2A3#00032431FFFD410D
(1790954064.215964) can0 2A4#00012473FFFD551E
(1790954064.216095) can0 2A5#0000133A0000135D
(1790954064.216190) can0 2A6#FFFFEC9B00000253
(1790954064.216315) can0 2A7#00004EADFFFFFD8E
(1790954064.220603) can0 2A1#0100010000000000
(1790954064.220717) can0 2A2#0000E0760000149B
(1790954064.220838) can0 2A3#00032431FFFD410D
(1790954064.220940) can0 2A4#00012473FFFD551E
(1790954064.221063) can0 2A5#0000133A0000135D
(1790954064.221188) can0 2A6#FFFFEC9B00000253
(1790954064.221314) can0 2A7#00004EADFFFFFD8E
(1790954064.225592) can0 2A1#0100010000000000
(1790954064.225712) can0 2A2#0000E0760000149B
(1790954064.225836) can0 2A3#00032431FFFD410D
(1790954064.225968) can0 2A4#00012473FFFD551E
(1790954064.226087) can0 2A5#0000133A0000135D
(1790954064.226186) can0 2A6#FFFFEC9B00000253
(1790954064.226314) can0 2A7#00004EADFFFFFD8E
(1790954064.230623) can0 2A1#0100010000000000
(1790954064.230712) can0 2A2#0000E0760000149B
(1790954064.230812) can0 2A3#00032431FFFD410D
(1790954064.230936) can0 2A4#00012473FFFD551E
(1790954064.231060) can0 2A5#0000133A0000135D
(1790954064.231185) can0 2A6#FFFFEC9B00000253
(1790954064.231311) can0 2A7#00004EADFFFFFD8E
(1790954064.235627) can0 2A1#0100010000000000
(1790954064.235739) can0 2A2#0000E0760000149B
(1790954064.235837) can0 2A3#00032431FFFD410D
(1790954064.235961) can0 2A4#00012473FFFD551E
(1790954064.236086) can0 2A5#0000133A0000135D
(1790954064.236213) can0 2A6#FFFFEC9B00000253
(1790954064.236338) can0 2A7#00004EADFFFFFD8E
(1790954064.240615) can0 2A1#0100010000000000
(1790954064.240713) can0 2A2#0000E0760000149B
(1790954064.240838) can0 2A3#00032431FFFD410D
(1790954064.240961) can0 2A4#00012473FFFD551E
(1790954064.241061) can0 2A5#0000133A0000135D
(1790954064.241186) can0 2A6#FFFFEC9B00000253
(1790954064.241311) can0 2A7#00004EADFFFFFD8E
(1790954064.245630) can0 2A1#0100010000000000
(1790954064.245740) can0 2A2#0000E0760000149B
(1790954064.245841) can0 2A3#00032431FFFD410D
(1790954064.245965) can0 2A4#00012473FFFD551E
(1790954064.246065) can0 2A5#0000133A0000135D
(1790954064.246190) can0 2A6#FFFFEC9B00000253
(1790954064.246340) can0 2A7#00004EADFFFFFD8E
(1790954064.250603) can0 2A1#0100010000000000
(1790954064.250715) can0 2A2#0000E0760000149B
(1790954064.250841) can0 2A3#00032431FFFD410D
(1790954064.250965) can0 2A4#00012473FFFD551E
(1790954064.251065) can0 2A5#0000133A0000135D
(1790954064.251190) can0 2A6#FFFFEC9B00000253
(1790954064.251315) can0 2A7#00004EADFFFFFD8E
(1790954064.255637) can0 2A1#0100010000000000
(1790954064.255742) can0 2A2#0000E0760000149B
(1790954064.255840) can0 2A3#00032431FFFD410D
(1790954064.255966) can0 2A4#00012473FFFD551E
(1790954064.256088) can0 2A5#0000133A0000135D
(1790954064.256189) can0 2A6#FFFFEC9B00000253
(1790954064.256315) can0 2A7#00004EADFFFFFD8E
(1790954064.260593) can0 2A1#0100010000000000
(1790954064.260713) can0 2A2#0000E0760000149B
(1790954064.260838) can0 2A3#00032431FFFD410D
(1790954064.260961) can0 2A4#00012473FFFD551E
(1790954064.261063) can0 2A5#0000133A0000135D
(1790954064.261190) can0 2A6#FFFFEC9B00000253
(1790954064.261312) can0 2A7#00004EADFFFFFD8E
(1790954064.265626) can0 2A1#0100010000000000
(1790954064.265713) can0 2A2#0000E0760000149B
(1790954064.265837) can0 2A3#00032431FFFD410D
(1790954064.265970) can0 2A4#00012473FFFD551E
(1790954064.266094) can0 2A5#0000133A0000135D
(1790954064.266215) can0 2A6#FFFFEC9B00000253
(1790954064.266337) can0 2A7#00004EADFFFFFD8E
(1790954064.270605) can0 2A1#0100010000000000
(1790954064.270718) can0 2A2#0000E0760000149B
(1790954064.270839) can0 2A3#00032431FFFD410D
(1790954064.270941) can0 2A4#00012473FFFD551E
(1790954064.271063) can0 2A5#0000133A0000135D
(1790954064.271189) can0 2A6#FFFFEC9B00000253
(1790954064.271314) can0 2A7#00004EADFFFFFD8E
(1790954064.275633) can0 2A1#0100010000000000
(1790954064.275738) can0 2A2#0000E0760000149B
(1790954064.275841) can0 2A3#00032431FFFD410D
(1790954064.275965) can0 2A4#00012473FFFD551E
(1790954064.276089) can0 2A5#0000133A0000135D
(1790954064.276215) can0 2A6#FFFFEC9B00000253
(1790954064.276340) can0 2A7#00004EADFFFFFD8E
(1790954064.280590) can0 2A1#0100010000000000
(1790954064.281033) can0 2A2#0000E0760000149B
(1790954064.281035) can0 2A3#00032431FFFD410D
(1790954064.281036) can0 2A4#00012473FFFD551E
(1790954064.281063) can0 2A5#0000133A0000135D
(1790954064.281195) can0 2A6#FFFFEC9B00000253
(1790954064.281317) can0 2A7#00004EADFFFFFD8E
(1790954064.285626) can0 2A1#0100010000000000
(1790954064.285714) can0 2A2#0000E0760000149B
(1790954064.285839) can0 2A3#00032431FFFD410D
(1790954064.285964) can0 2A4#00012473FFFD551E
(1790954064.286091) can0 2A5#0000133A0000135D
(1790954064.286214) can0 2A6#FFFFEC9B00000253
(1790954064.286316) can0 2A7#00004EADFFFFFD8E
(1790954064.290594) can0 2A1#0100010000000000
(1790954064.290715) can0 2A2#0000E0760000149B
(1790954064.290839) can0 2A3#00032431FFFD410D
(1790954064.290964) can0 2A4#00012473FFFD551E
(1790954064.291064) can0 2A5#0000133A0000135D
(1790954064.291189) can0 2A6#FFFFEC9B00000253
(1790954064.291314) can0 2A7#00004EADFFFFFD8E
(1790954064.295624) can0 2A1#0100010000000000
(1790954064.295738) can0 2A2#0000E0760000149B
(1790954064.295838) can0 2A3#00032431FFFD410D
(1790954064.296032) can0 2A4#00012473FFFD551E
(1790954064.296087) can0 2A5#0000133A0000135D
(1790954064.296187) can0 2A6#FFFFEC9B00000253
(1790954064.296312) can0 2A7#00004EADFFFFFD8E
(1790954064.300604) can0 2A1#0100010000000000
(1790954064.300717) can0 2A2#0000E0760000149B
(1790954064.300841) can0 2A3#00032431FFFD410D
(1790954064.300966) can0 2A4#00012473FFFD551E
(1790954064.301064) can0 2A5#0000133A0000135D
(1790954064.301191) can0 2A6#FFFFEC9B00000253
(1790954064.301316) can0 2A7#00004EADFFFFFD8E
(1790954064.305650) can0 2A1#0100010000000000
(1790954064.305714) can0 2A2#0000E0760000149B
(1790954064.305839) can0 2A3#00032431FFFD410D
(1790954064.305968) can0 2A4#00012473FFFD551E
(1790954064.306089) can0 2A5#0000133A0000135D
(1790954064.306211) can0 2A6#FFFFEC9B00000253
(1790954064.306338) can0 2A7#00004EADFFFFFD8E
(1790954064.310599) can0 2A1#0100010000000000
(1790954064.310720) can0 2A2#0000E0760000149B
(1790954064.310840) can0 2A3#00032431FFFD410D
(1790954064.310964) can0 2A4#00012473FFFD551E
(1790954064.311061) can0 2A5#0000133A0000135D
(1790954064.311186) can0 2A6#FFFFEC9B00000253
(1790954064.311311) can0 2A7#00004EADFFFFFD8E
(1790954064.315605) can0 2A1#0100010000000000
(1790954064.315716) can0 2A2#0000E0760000149B
(1790954064.315842) can0 2A3#00032431FFFD410D
(1790954064.315969) can0 2A4#00012473FFFD551E
(1790954064.316089) can0 2A5#0000133A0000135D
(1790954064.316198) can0 2A6#FFFFEC9B00000253
(1790954064.316315) can0 2A7#00004EADFFFFFD8E
(1790954064.320610) can0 2A1#0100010000000000
(1790954064.320717) can0 2A2#0000E0760000149B
(1790954064.320840) can0 2A3#00032431FFFD410D
(1790954064.320968) can0 2A4#00012473FFFD551E
(1790954064.321065) can0 2A5#0000133A0000135D
(1790954064.321189) can0 2A6#FFFFEC9B00000253
(1790954064.321316) can0 2A7#00004EADFFFFFD8E
(1790954064.325629) can0 2A1#0100010000000000
(1790954064.325740) can0 2A2#0000E0760000149B
(1790954064.325845) can0 2A3#00032431FFFD410D
(1790954064.325969) can0 2A4#00012473FFFD551E
(1790954064.326091) can0 2A5#0000133A0000135D
(1790954064.326213) can0 2A6#FFFFEC9B00000253
(1790954064.326341) can0 2A7#00004EADFFFFFD8E
(1790954064.330594) can0 2A1#0100010000000000
(1790954064.330714) can0 2A2#0000E0760000149B
(1790954064.330841) can0 2A3#00032431FFFD410D
(1790954064.330964) can0 2A4#00012473FFFD551E
(1790954064.331066) can0 2A5#0000133A0000135D
(1790954064.331194) can0 2A6#FFFFEC9B00000253
(1790954064.331315) can0 2A7#00004EADFFFFFD8E
(1790954064.335657) can0 2A1#0100010000000000
(1790954064.335714) can0 2A2#0000E0760000149B
(1790954064.335840) can0 2A3#00032431FFFD410D
(1790954064.335990) can0 2A4#00012473FFFD551E
(1790954064.336090) can0 2A5#0000133A0000135D
(1790954064.336214) can0 2A6#FFFFEC9B00000253
(1790954064.336352) can0 2A7#00004EADFFFFFD8E
(1790954064.340592) can0 2A1#0100010000000000
(1790954064.340713) can0 2A2#0000E0760000149B
(1790954064.340838) can0 2A3#00032431FFFD410D
(1790954064.340937) can0 2A4#00012473FFFD551E
(1790954064.341061) can0 2A5#0000133A0000135D
(1790954064.341188) can0 2A6#FFFFEC9B00000253
(1790954064.341313) can0 2A7#00004EADFFFFFD8E
(1790954064.345643) can0 2A1#0100010000000000
(1790954064.345711) can0 2A2#0000E0760000149B
(1790954064.345840) can0 2A3#00032431FFFD410D
(1790954064.345963) can0 2A4#00012473FFFD551E
(1790954064.346086) can0 2A5#0000133A0000135D
(1790954064.346212) can0 2A6#FFFFEC9B00000253
(1790954064.346338) can0 2A7#00004EADFFFFFD8E
(1790954064.350611) can0 2A1#0100010000000000
(1790954064.350715) can0 2A2#0000E0760000149B
(1790954064.350839) can0 2A3#00032431FFFD410D
(1790954064.350938) can0 2A4#00012473FFFD551E
(1790954064.351062) can0 2A5#0000133A0000135D
(1790954064.351188) can0 2A6#FFFFEC9B00000253
(1790954064.351313) can0 2A7#00004EADFFFFFD8E
(1790954064.355628) can0 2A1#0100010000000000
(1790954064.355741) can0 2A2#0000E0760000149B
(1790954064.355838) can0 2A3#00032431FFFD410D
(1790954064.355961) can0 2A4#00012473FFFD551E
(1790954064.356062) can0 2A5#0000133A0000135D
(1790954064.356187) can0 2A6#FFFFEC9B00000253
(1790954064.356339) can0 2A7#00004EADFFFFFD8E
(1790954064.360599) can0 2A1#0100010000000000
(1790954064.360714) can0 2A2#0000E0760000149B
(1790954064.360837) can0 2A3#00032431FFFD410D
(1790954064.360964) can0 2A4#00012473FFFD551E
(1790954064.361061) can0 2A5#0000133A0000135D
(1790954064.361190) can0 2A6#FFFFEC9B00000253
(1790954064.361312) can0 2A7#00004EADFFFFFD8E
(1790954064.365597) can0 2A1#0100010000000000
(1790954064.365740) can0 2A2#0000E0760000149B
(1790954064.365866) can0 2A3#00032431FFFD410D
(1790954064.365964) can0 2A4#00012473FFFD551E
(1790954064.366089) can0 2A5#0000133A0000135D
(1790954064.366188) can0 2A6#FFFFEC9B00000253
(1790954064.366314) can0 2A7#00004EADFFFFFD8E
(1790954064.370624) can0 2A1#0100010000000000
(1790954064.370713) can0 2A2#0000E0760000149B
(1790954064.370837) can0 2A3#00032431FFFD410D
(1790954064.370971) can0 2A4#00012473FFFD551E
(1790954064.371062) can0 2A5#0000133A0000135D
(1790954064.371187) can0 2A6#FFFFEC9B00000253
(1790954064.371314) can0 2A7#00004EADFFFFFD8E
(1790954064.375605) can0 2A1#0100010000000000
(1790954064.375714) can0 2A2#0000E0760000149B
(1790954064.375839) can0 2A3#00032431FFFD410D
(1790954064.375969) can0 2A4#00012473FFFD551E
(1790954064.376089) can0 2A5#0000133A0000135D
(1790954064.376187) can0 2A6#FFFFEC9B00000253
(1790954064.376313) can0 2A7#00004EADFFFFFD8E
(1790954064.380592) can0 2A1#0100010000000000
(1790954064.380715) can0 2A2#0000E0760000149B
(1790954064.380838) can0 2A3#00032431FFFD410D
(1790954064.380939) can0 2A4#00012473FFFD551E
(1790954064.381063) can0 2A5#0000133A0000135D
(1790954064.381188) can0 2A6#FFFFEC9B00000253
(1790954064.381314) can0 2A7#00004EADFFFFFD8E
(1790954064.385639) can0 2A1#0100010000000000
(1790954064.385748) can0 2A2#0000E0760000149B
(1790954064.385839) can0 2A3#00032431FFFD410D
(1790954064.385964) can0 2A4#00012473FFFD551E
(1790954064.386089) can0 2A5#0000133A0000135D
(1790954064.386188) can0 2A6#FFFFEC9B00000253
(1790954064.386313) can0 2A7#00004EADFFFFFD8E
(1790954064.390596) can0 2A1#0100010000000000
(1790954064.390715) can0 2A2#0000E0760000149B
(1790954064.390839) can0 2A3#00032431FFFD410D
(1790954064.390962) can0 2A4#00012473FFFD551E
(1790954064.391065) can0 2A5#0000133A0000135D
(1790954064.391188) can0 2A6#FFFFEC9B00000253
(1790954064.391314) can0 2A7#00004EADFFFFFD8E
(1790954064.395624) can0 2A1#0100010000000000
(1790954064.395712) can0 2A2#0000E0760000149B
(1790954064.395838) can0 2A3#00032431FFFD410D
(1790954064.395963) can0 2A4#00012473FFFD551E
(1790954064.396087) can0 2A5#0000133A0000135D
(1790954064.396187) can0 2A6#FFFFEC9B00000253
(1790954064.396313) can0 2A7#00004EADFFFFFD8E
(1790954064.400614) can0 2A1#0100010000000000
(1790954064.400724) can0 2A2#0000E0760000149B
(1790954064.400840) can0 2A3#00032431FFFD410D
(1790954064.400941) can0 2A4#00012473FFFD551E
(1790954064.401064) can0 2A5#0000133A0000135D
(1790954064.401192) can0 2A6#FFFFEC9B00000253
(1790954064.401313) can0 2A7#00004EADFFFFFD8E
(1790954064.405612) can0 2A1#0100010000000000
(1790954064.405714) can0 2A2#0000E0760000149B
(1790954064.405838) can0 2A3#00032431FFFD410D
(1790954064.405966) can0 2A4#00012473FFFD551E
(1790954064.406087) can0 2A5#0000133A0000135D
(1790954064.406188) can0 2A6#FFFFEC9B00000253
(1790954064.406314) can0 2A7#00004EADFFFFFD8E
(1790954064.410603) can0 2A1#0100010000000000
(1790954064.410716) can0 2A2#0000E0760000149B
(1790954064.410842) can0 2A3#00032431FFFD410D
(1790954064.410940) can0 2A4#00012473FFFD551E
(1790954064.411089) can0 2A5#0000133A0000135D
(1790954064.411189) can0 2A6#FFFFEC9B00000253
(1790954064.411315) can0 2A7#00004EADFFFFFD8E
(1790954064.415629) can0 2A1#0100010000000000
(1790954064.415740) can0 2A2#0000E0760000149B
(1790954064.415839) can0 2A3#00032431FFFD410D
(1790954064.415970) can0 2A4#00012473FFFD551E
(1790954064.416088) can0 2A5#0000133A0000135D
(1790954064.416214) can0 2A6#FFFFEC9B00000253
(1790954064.416339) can0 2A7#00004EADFFFFFD8E
(1790954064.420629) can0 2A1#0100010000000000
(1790954064.420716) can0 2A2#0000E0760000149B
(1790954064.420851) can0 2A3#00032431FFFD410D
(1790954064.420962) can0 2A4#00012473FFFD551E
(1790954064.421087) can0 2A5#0000133A0000135D
(1790954064.421201) can0 2A6#FFFFEC9B00000253
(1790954064.421315) can0 2A7#00004EADFFFFFD8E
(1790954064.425621) can0 2A1#0100010000000000
(1790954064.425712) can0 2A2#0000E0760000149B
(1790954064.425838) can0 2A3#00032431FFFD410D
(1790954064.425961) can0 2A4#00012473FFFD551E
(1790954064.426088) can0 2A5#0000133A0000135D
(1790954064.426211) can0 2A6#FFFFEC9B00000253
(1790954064.426337) can0 2A7#00004EADFFFFFD8E
(1790954064.430596) can0 2A1#0100010000000000
(1790954064.430712) can0 2A2#0000E0760000149B
(1790954064.430838) can0 2A3#00032431FFFD410D
(1790954064.430967) can0 2A4#00012473FFFD551E
(1790954064.431063) can0 2A5#0000133A0000135D
(1790954064.431187) can0 2A6#FFFFEC9B00000253
(1790954064.431311) can0 2A7#00004EADFFFFFD8E
(1790954064.435642) can0 2A1#0100010000000000
(1790954064.435712) can0 2A2#0000E0760000149B
(1790954064.435838) can0 2A3#00032431FFFD410D
(1790954064.435963) can0 2A4#00012473FFFD551E
(1790954064.436086) can0 2A5#0000133A0000135D
(1790954064.436213) can0 2A6#FFFFEC9B00000253
(1790954064.436338) can0 2A7#00004EADFFFFFD8E
(1790954064.440612) can0 2A1#0100010000000000
(1790954064.440716) can0 2A2#0000E0760000149B
(1790954064.440812) can0 2A3#00032431FFFD410D
(1790954064.440937) can0 2A4#00012473FFFD551E
(1790954064.441088) can0 2A5#0000133A0000135D
(1790954064.441188) can0 2A6#FFFFEC9B00000253
(1790954064.441312) can0 2A7#00004EADFFFFFD8E
(1790954064.445616) can0 2A1#0100010000000000
(1790954064.445713) can0 2A2#0000E0760000149B
(1790954064.445837) can0 2A3#00032431FFFD410D
(1790954064.445964) can0 2A4#00012473FFFD551E
(1790954064.446088) can0 2A5#0000133A0000135D
(1790954064.446211) can0 2A6#FFFFEC9B00000253
(1790954064.446336) can0 2A7#00004EADFFFFFD8E
(1790954064.450600) can0 2A1#0100010000000000
(1790954064.450716) can0 2A2#0000E0760000149B
(1790954064.450838) can0 2A3#00032431FFFD410D
(1790954064.450938) can0 2A4#00012473FFFD551E
(1790954064.451089) can0 2A5#0000133A0000135D
(1790954064.451187) can0 2A6#FFFFEC9B00000253
(1790954064.451313) can0 2A7#00004EADFFFFFD8E
(1790954064.455627) can0 2A1#0100010000000000
(1790954064.455738) can0 2A2#0000E0760000149B
(1790954064.455871) can0 2A3#00032431FFFD410D
(1790954064.455966) can0 2A4#00012473FFFD551E
(1790954064.456090) can0 2A5#0000133A0000135D
(1790954064.456190) can0 2A6#FFFFEC9B00000253
(1790954064.456342) can0 2A7#00004EADFFFFFD8E
(1790954064.460646) can0 2A1#0100010000000000
(1790954064.460734) can0 2A2#0000E0760000149B
(1790954064.460869) can0 2A3#00032431FFFD410D
(1790954064.460965) can0 2A4#00012473FFFD551E
(1790954064.461064) can0 2A5#0000133A0000135D
(1790954064.461191) can0 2A6#FFFFEC9B00000253
(1790954064.461317) can0 2A7#00004EADFFFFFD8E
(1790954064.465618) can0 2A1#0100010000000000
(1790954064.465741) can0 2A2#0000E0760000149B
(1790954064.465838) can0 2A3#00032431FFFD410D
(1790954064.465966) can0 2A4#00012473FFFD551E
(1790954064.466090) can0 2A5#0000133A0000135D
(1790954064.466190) can0 2A6#FFFFEC9B00000253
(1790954064.466315) can0 2A7#00004EADFFFFFD8E
(1790954064.470604) can0 2A1#0100010000000000
(1790954064.470720) can0 2A2#0000E0760000149B
(1790954064.470840) can0 2A3#00032431FFFD410D
(1790954064.470966) can0 2A4#00012473FFFD551E
(1790954064.471090) can0 2A5#0000133A0000135D
(1790954064.471189) can0 2A6#FFFFEC9B00000253
(1790954064.471314) can0 2A7#00004EADFFFFFD8E
(1790954064.475626) can0 2A1#0100010000000000
(1790954064.475713) can0 2A2#0000E0760000149B
(1790954064.475839) can0 2A3#00032431FFFD410D
(1790954064.475997) can0 2A4#00012473FFFD551E
(1790954064.476089) can0 2A5#0000133A0000135D
(1790954064.476217) can0 2A6#FFFFEC9B00000253
(1790954064.476341) can0 2A7#00004EADFFFFFD8E
(1790954064.480591) can0 2A1#0100010000000000
(1790954064.480712) can0 2A2#0000E0760000149B
(1790954064.480836) can0 2A3#00032431FFFD410D
(1790954064.480936) can0 2A4#00012473FFFD551E
(1790954064.481074) can0 2A5#0000133A0000135D
(1790954064.481189) can0 2A6#FFFFEC9B00000253
(1790954064.481313) can0 2A7#00004EADFFFFFD8E
(1790954064.485643) can0 2A1#0100010000000000
(1790954064.485737) can0 2A2#0000E0760000149B
(1790954064.485837) can0 2A3#00032431FFFD410D
(1790954064.485964) can0 2A4#00012473FFFD551E
(1790954064.486087) can0 2A5#0000133A0000135D
(1790954064.486187) can0 2A6#FFFFEC9B00000253
(1790954064.486314) can0 2A7#00004EADFFFFFD8E
(1790954064.490594) can0 2A1#0100010000000000
(1790954064.490712) can0 2A2#0000E0760000149B
(1790954064.490836) can0 2A3#00032431FFFD410D
(1790954064.490963) can0 2A4#00012473FFFD551E
(1790954064.491061) can0 2A5#0000133A0000135D
(1790954064.491187) can0 2A6#FFFFEC9B00000253
(1790954064.491312) can0 2A7#00004EADFFFFFD8E
(1790954064.495624) can0 2A1#0100010000000000
(1790954064.495737) can0 2A2#0000E0760000149B
(1790954064.495838) can0 2A3#00032431FFFD410D
(1790954064.495962) can0 2A4#00012473FFFD551E
(1790954064.496086) can0 2A5#0000133A0000135D
(1790954064.496211) can0 2A6#FFFFEC9B00000253
(1790954064.496336) can0 2A7#00004EADFFFFFD8E
(1790954064.500598) can0 2A1#0100010000000000
(1790954064.500716) can0 2A2#0000E0760000149B
(1790954064.500844) can0 2A3#00032431FFFD410D
(1790954064.500965) can0 2A4#00012473FFFD551E
(1790954064.501065) can0 2A5#0000133A0000135D
(1790954064.501192) can0 2A6#FFFFEC9B00000253
(1790954064.501315) can0 2A7#00004EADFFFFFD8E
(1790954064.505626) can0 2A1#0100010000000000
(1790954064.505713) can0 2A2#0000E0760000149B
(1790954064.505865) can0 2A3#00032431FFFD410D
(1790954064.505988) can0 2A4#00012473FFFD551E
(1790954064.506090) can0 2A5#0000133A0000135D
(1790954064.506216) can0 2A6#FFFFEC9B00000253
(1790954064.506316) can0 2A7#00004EADFFFFFD8E
(1790954064.510596) can0 2A1#0100010000000000
(1790954064.510715) can0 2A2#0000E0760000149B
(1790954064.510839) can0 2A3#00032431FFFD410D
(1790954064.510938) can0 2A4#00012473FFFD551E
(1790954064.511065) can0 2A5#0000133A0000135D
(1790954064.511188) can0 2A6#FFFFEC9B00000253
(1790954064.511312) can0 2A7#00004EADFFFFFD8E
(1790954064.515633) can0 2A1#0100010000000000
(1790954064.515741) can0 2A2#0000E0760000149B
(1790954064.515874) can0 2A3#00032431FFFD410D
(1790954064.515972) can0 2A4#00012473FFFD551E
(1790954064.516090) can0 2A5#0000133A0000135D
(1790954064.516215) can0 2A6#FFFFEC9B00000253
(1790954064.516317) can0 2A7#00004EADFFFFFD8E
(1790954064.520601) can0 2A1#0100010000000000
(1790954064.520717) can0 2A2#0000E0760000149B
(1790954064.520841) can0 2A3#00032431FFFD410D
(1790954064.520963) can0 2A4#00012473FFFD551E
(1790954064.521088) can0 2A5#0000133A0000135D
(1790954064.521191) can0 2A6#FFFFEC9B00000253
(1790954064.521318) can0 2A7#00004EADFFFFFD8E
(1790954064.525617) can0 2A1#0100010000000000
(1790954064.525727) can0 2A2#0000E0760000149B
(1790954064.525839) can0 2A3#00032431FFFD410D
(1790954064.525965) can0 2A4#00012473FFFD551E
(1790954064.526088) can0 2A5#0000133A0000135D
(1790954064.526211) can0 2A6#FFFFEC9B00000253
(1790954064.526339) can0 2A7#00004EADFFFFFD8E
(1790954064.530593) can0 2A1#0100010000000000
(1790954064.530716) can0 2A2#0000E0760000149B
(1790954064.530814) can0 2A3#00032431FFFD410D
(1790954064.530941) can0 2A4#00012473FFFD551E
(1790954064.531064) can0 2A5#0000133A0000135D
(1790954064.531192) can0 2A6#FFFFEC9B00000253
(1790954064.531315) can0 2A7#00004EADFFFFFD8E
(1790954064.535624) can0 2A1#0100010000000000
(1790954064.535713) can0 2A2#0000E0760000149B
(1790954064.535838) can0 2A3#00032431FFFD410D
(1790954064.535963) can0 2A4#00012473FFFD551E
(1790954064.536089) can0 2A5#0000133A0000135D
(1790954064.536212) can0 2A6#FFFFEC9B00000253
(1790954064.536342) can0 2A7#00004EADFFFFFD8E
(1790954064.540600) can0 2A1#0100010000000000
(1790954064.540719) can0 2A2#0000E0760000149B
(1790954064.540838) can0 2A3#00032431FFFD410D
(1790954064.540965) can0 2A4#00012473FFFD551E
(1790954064.541062) can0 2A5#0000133A0000135D
(1790954064.541189) can0 2A6#FFFFEC9B00000253
(1790954064.541315) can0 2A7#00004EADFFFFFD8E
(1790954064.545604) can0 2A1#0100010000000000
(1790954064.545741) can0 2A2#0000E0760000149B
(1790954064.545869) can0 2A3#00032431FFFD410D
(1790954064.545976) can0 2A4#00012473FFFD551E
(1790954064.546090) can0 2A5#0000133A0000135D
(1790954064.546192) can0 2A6#FFFFEC9B00000253
(1790954064.546315) can0 2A7#00004EADFFFFFD8E
(1790954064.550603) can0 2A1#0100010000000000
(1790954064.550718) can0 2A2#0000E0760000149B
(1790954064.550842) can0 2A3#00032431FFFD410D
(1790954064.550963) can0 2A4#00012473FFFD551E
(1790954064.551063) can0 2A5#0000133A0000135D
(1790954064.551192) can0 2A6#FFFFEC9B00000253
(1790954064.551314) can0 2A7#00004EADFFFFFD8E
(1790954064.555629) can0 2A1#0100010000000000
(1790954064.555716) can0 2A2#0000E0760000149B
(1790954064.555838) can0 2A3#00032431FFFD410D
(1790954064.555972) can0 2A4#00012473FFFD551E
(1790954064.556089) can0 2A5#0000133A0000135D
(1790954064.556187) can0 2A6#FFFFEC9B00000253
(1790954064.556313) can0 2A7#00004EADFFFFFD8E
(1790954064.560598) can0 2A1#0100010000000000
(1790954064.560715) can0 2A2#0000E0760000149B
(1790954064.560813) can0 2A3#00032431FFFD410D
(1790954064.560937) can0 2A4#00012473FFFD551E
(1790954064.561090) can0 2A5#0000133A0000135D
(1790954064.561191) can0 2A6#FFFFEC9B00000253
(1790954064.561314) can0 2A7#00004EADFFFFFD8E
(1790954064.565619) can0 2A1#0100010000000000
(1790954064.565714) can0 2A2#0000E0760000149B
(1790954064.565838) can0 2A3#00032431FFFD410D
(1790954064.565964) can0 2A4#00012473FFFD551E
(1790954064.566088) can0 2A5#0000133A0000135D
(1790954064.566216) can0 2A6#FFFFEC9B00000253
(1790954064.566339) can0 2A7#00004EADFFFFFD8E
(1790954064.570595) can0 2A1#0100010000000000
(1790954064.570714) can0 2A2#0000E0760000149B
(1790954064.570838) can0 2A3#00032431FFFD410D
(1790954064.570964) can0 2A4#00012473FFFD551E
(1790954064.571066) can0 2A5#0000133A0000135D
(1790954064.571189) can0 2A6#FFFFEC9B00000253
(1790954064.571313) can0 2A7#00004EADFFFFFD8E
(1790954064.575621) can0 2A1#0100010000000000
(1790954064.575738) can0 2A2#0000E0760000149B
(1790954064.575867) can0 2A3#00032431FFFD410D
(1790954064.575965) can0 2A4#00012473FFFD551E
(1790954064.576089) can0 2A5#0000133A0000135D
(1790954064.576188) can0 2A6#FFFFEC9B00000253
(1790954064.576314) can0 2A7#00004EADFFFFFD8E
(1790954064.580598) can0 2A1#0100010000000000
(1790954064.580715) can0 2A2#0000E0760000149B
(1790954064.580839) can0 2A3#00032431FFFD410D
(1790954064.580964) can0 2A4#00012473FFFD551E
(1790954064.581064) can0 2A5#0000133A0000135D
(1790954064.581187) can0 2A6#FFFFEC9B00000253
(1790954064.581313) can0 2A7#00004EADFFFFFD8E
(1790954064.585627) can0 2A1#0100010000000000
(1790954064.585745) can0 2A2#0000E0760000149B
(1790954064.585840) can0 2A3#00032431FFFD410D
(1790954064.585966) can0 2A4#00012473FFFD551E
(1790954064.586090) can0 2A5#0000133A0000135D
(1790954064.586214) can0 2A6#FFFFEC9B00000253
(1790954064.586338) can0 2A7#00004EADFFFFFD8E
(1790954064.590591) can0 2A1#0100010000000000
(1790954064.590715) can0 2A2#0000E0760000149B
(1790954064.590839) can0 2A3#00032431FFFD410D
(1790954064.590966) can0 2A4#00012473FFFD551E
(1790954064.591063) can0 2A5#0000133A0000135D
(1790954064.591189) can0 2A6#FFFFEC9B00000253
(1790954064.591312) can0 2A7#00004EADFFFFFD8E
(1790954064.595624) can0 2A1#0100010000000000
(1790954064.595739) can0 2A2#0000E0760000149B
(1790954064.595840) can0 2A3#00032431FFFD410D
(1790954064.595965) can0 2A4#00012473FFFD551E
(1790954064.596089) can0 2A5#0000133A0000135D
(1790954064.596214) can0 2A6#FFFFEC9B00000253
(1790954064.596338) can0 2A7#00004EADFFFFFD8E
(1790954064.600616) can0 2A1#0100010000000000
(1790954064.600719) can0 2A2#0000E0760000149B
(1790954064.600841) can0 2A3#00032431FFFD410D
(1790954064.600970) can0 2A4#00012473FFFD551E
(1790954064.601064) can0 2A5#0000133A0000135D
(1790954064.601191) can0 2A6#FFFFEC9B00000253
(1790954064.601319) can0 2A7#00004EADFFFFFD8E
(1790954064.605620) can0 2A1#0100010000000000
(1790954064.605712) can0 2A2#0000E0760000149B
(1790954064.605837) can0 2A3#00032431FFFD410D
(1790954064.605964) can0 2A4#00012473FFFD551E
(1790954064.606087) can0 2A5#0000133A0000135D
(1790954064.606213) can0 2A6#FFFFEC9B00000253
(1790954064.606338) can0 2A7#00004EADFFFFFD8E
(1790954064.610600) can0 2A1#0100010000000000
(1790954064.610716) can0 2A2#0000E0760000149B
(1790954064.610814) can0 2A3#00032431FFFD410D
(1790954064.610940) can0 2A4#00012473FFFD551E
(1790954064.611089) can0 2A5#0000133A0000135D
(1790954064.611192) can0 2A6#FFFFEC9B00000253
(1790954064.611314) can0 2A7#00004EADFFFFFD8E
(1790954064.615622) can0 2A1#0100010000000000
(1790954064.615744) can0 2A2#0000E0760000149B
(1790954064.615839) can0 2A3#00032431FFFD410D
(1790954064.615962) can0 2A4#00012473FFFD551E
(1790954064.616087) can0 2A5#0000133A0000135D
(1790954064.616213) can0 2A6#FFFFEC9B00000253
(1790954064.616338) can0 2A7#00004EADFFFFFD8E
(1790954064.620627) can0 2A1#0100010000000000
(1790954064.620712) can0 2A2#0000E0760000149B
(1790954064.620839) can0 2A3#00032431FFFD410D
(1790954064.620965) can0 2A4#00012473FFFD551E
(1790954064.621064) can0 2A5#0000133A0000135D
(1790954064.621189) can0 2A6#FFFFEC9B00000253
(1790954064.621314) can0 2A7#00004EADFFFFFD8E
(1790954064.625623) can0 2A1#0100010000000000
(1790954064.625737) can0 2A2#0000E0760000149B
(1790954064.625865) can0 2A3#00032431FFFD410D
(1790954064.625972) can0 2A4#00012473FFFD551E
(1790954064.626091) can0 2A5#0000133A0000135D
(1790954064.626189) can0 2A6#FFFFEC9B00000253
(1790954064.626315) can0 2A7#00004EADFFFFFD8E
(1790954064.630617) can0 2A1#0100010000000000
(1790954064.630714) can0 2A2#0000E0760000149B
(1790954064.630838) can0 2A3#00032431FFFD410D
(1790954064.630964) can0 2A4#00012473FFFD551E
(1790954064.631064) can0 2A5#0000133A0000135D
(1790954064.631200) can0 2A6#FFFFEC9B00000253
(1790954064.631316) can0 2A7#00004EADFFFFFD8E
(1790954064.635631) can0 2A1#0100010000000000
(1790954064.635738) can0 2A2#0000E0760000149B
(1790954064.635839) can0 2A3#00032431FFFD410D
(1790954064.635965) can0 2A4#00012473FFFD551E
(1790954064.636089) can0 2A5#0000133A0000135D
(1790954064.636215) can0 2A6#FFFFEC9B00000253
(1790954064.636340) can0 2A7#00004EADFFFFFD8E
(1790954064.640622) can0 2A1#0100010000000000
(1790954064.640718) can0 2A2#0000E0760000149B
(1790954064.640838) can0 2A3#00032431FFFD410D
(1790954064.640966) can0 2A4#00012473FFFD551E
(1790954064.641064) can0 2A5#0000133A0000135D
(1790954064.641189) can0 2A6#FFFFEC9B00000253
(1790954064.641313) can0 2A7#00004EADFFFFFD8E
(1790954064.645618) can0 2A1#0100010000000000
(1790954064.645737) can0 2A2#0000E0760000149B
(1790954064.645840) can0 2A3#00032431FFFD410D
(1790954064.645965) can0 2A4#00012473FFFD551E
(1790954064.646089) can0 2A5#0000133A0000135D
(1790954064.646215) can0 2A6#FFFFEC9B00000253
(1790954064.646315) can0 2A7#00004EADFFFFFD8E
(1790954064.650598) can0 2A1#0100010000000000
(1790954064.650714) can0 2A2#0000E0760000149B
(1790954064.650838) can0 2A3#00032431FFFD410D
(1790954064.650963) can0 2A4#00012473FFFD551E
(1790954064.651089) can0 2A5#0000133A0000135D
(1790954064.651189) can0 2A6#FFFFEC9B00000253
(1790954064.651316) can0 2A7#00004EADFFFFFD8E
(1790954064.655624) can0 2A1#0100010000000000
(1790954064.655744) can0 2A2#0000E0760000149B
(1790954064.655839) can0 2A3#00032431FFFD410D
(1790954064.655963) can0 2A4#00012473FFFD551E
(1790954064.656088) can0 2A5#0000133A0000135D
(1790954064.656213) can0 2A6#FFFFEC9B00000253
(1790954064.656317) can0 2A7#00004EADFFFFFD8E
(1790954064.660590) can0 2A1#0100010000000000
(1790954064.660713) can0 2A2#0000E0760000149B
(1790954064.660840) can0 2A3#00032431FFFD410D
(1790954064.660939) can0 2A4#00012473FFFD551E
(1790954064.661090) can0 2A5#0000133A0000135D
(1790954064.661188) can0 2A6#FFFFEC9B00000253
(1790954064.661313) can0 2A7#00004EADFFFFFD8E
(1790954064.665618) can0 2A1#0100010000000000
(1790954064.665740) can0 2A2#0000E0760000149B
(1790954064.665840) can0 2A3#00032431FFFD410D
(1790954064.665972) can0 2A4#00012473FFFD551E
(1790954064.666090) can0 2A5#0000133A0000135D
(1790954064.666215) can0 2A6#FFFFEC9B00000253
(1790954064.666340) can0 2A7#00004EADFFFFFD8E
(1790954064.670601) can0 2A1#0100010000000000
(1790954064.670713) can0 2A2#0000E0760000149B
(1790954064.670840) can0 2A3#00032431FFFD410D
(1790954064.670965) can0 2A4#00012473FFFD551E
(1790954064.671087) can0 2A5#0000133A0000135D
(1790954064.671190) can0 2A6#FFFFEC9B00000253
(1790954064.671315) can0 2A7#00004EADFFFFFD8E
(1790954064.675622) can0 2A1#0100010000000000
(1790954064.675713) can0 2A2#0000E0760000149B
(1790954064.675865) can0 2A3#00032431FFFD410D
(1790954064.675963) can0 2A4#00012473FFFD551E
(1790954064.676090) can0 2A5#0000133A0000135D
(1790954064.676189) can0 2A6#FFFFEC9B00000253
(1790954064.676315) can0 2A7#00004EADFFFFFD8E
(1790954064.680593) can0 2A1#0100010000000000
(1790954064.680712) can0 2A2#0000E0760000149B
(1790954064.680840) can0 2A3#00032431FFFD410D
(1790954064.680965) can0 2A4#00012473FFFD551E
(1790954064.681092) can0 2A5#0000133A0000135D
(1790954064.681189) can0 2A6#FFFFEC9B00000253
(1790954064.681316) can0 2A7#00004EADFFFFFD8E
(1790954064.685641) can0 2A1#0100010000000000
(1790954064.685738) can0 2A2#0000E0760000149B
(1790954064.685853) can0 2A3#00032431FFFD410D
(1790954064.685962) can0 2A4#00012473FFFD551E
(1790954064.686091) can0 2A5#0000133A0000135D
(1790954064.686215) can0 2A6#FFFFEC9B00000253
(1790954064.686340) can0 2A7#00004EADFFFFFD8E
(1790954064.690596) can0 2A1#0100010000000000
(1790954064.690713) can0 2A2#0000E0760000149B
(1790954064.690840) can0 2A3#00032431FFFD410D
(1790954064.690964) can0 2A4#00012473FFFD551E
(1790954064.691062) can0 2A5#0000133A0000135D
(1790954064.691189) can0 2A6#FFFFEC9B00000253
(1790954064.691316) can0 2A7#00004EADFFFFFD8E
(1790954064.695617) can0 2A1#0100010000000000
(1790954064.695737) can0 2A2#0000E0760000149B
(1790954064.695866) can0 2A3#00032431FFFD410D
(1790954064.695964) can0 2A4#00012473FFFD551E
(1790954064.696088) can0 2A5#0000133A0000135D
(1790954064.696189) can0 2A6#FFFFEC9B00000253
(1790954064.696314) can0 2A7#00004EADFFFFFD8E
(1790954064.700596) can0 2A1#0100010000000000
(1790954064.700714) can0 2A2#0000E0760000149B
(1790954064.700841) can0 2A3#00032431FFFD410D
(1790954064.701002) can0 2A4#00012473FFFD551E
(1790954064.701064) can0 2A5#0000133A0000135D
(1790954064.701192) can0 2A6#FFFFEC9B00000253
(1790954064.701313) can0 2A7#00004EADFFFFFD8E
(1790954064.705600) can0 2A1#0100010000000000
(1790954064.705718) can0 2A2#0000E0760000149B
(1790954064.705866) can0 2A3#00032431FFFD410D
(1790954064.705966) can0 2A4#00012473FFFD551E
(1790954064.706087) can0 2A5#0000133A0000135D
(1790954064.706215) can0 2A6#FFFFEC9B00000253
(1790954064.706316) can0 2A7#00004EADFFFFFD8E
(1790954064.710594) can0 2A1#0100010000000000
(1790954064.710718) can0 2A2#0000E0760000149B
(1790954064.710840) can0 2A3#00032431FFFD410D
(1790954064.710965) can0 2A4#00012473FFFD551E
(1790954064.711089) can0 2A5#0000133A0000135D
(1790954064.711188) can0 2A6#FFFFEC9B00000253
(1790954064.711314) can0 2A7#00004EADFFFFFD8E
(1790954064.715620) can0 2A1#0100010000000000
(1790954064.715719) can0 2A2#0000E0760000149B
(1790954064.715840) can0 2A3#00032431FFFD410D
(1790954064.715988) can0 2A4#00012473FFFD551E
(1790954064.716089) can0 2A5#0000133A0000135D
(1790954064.716214) can0 2A6#FFFFEC9B00000253
(1790954064.716338) can0 2A7#00004EADFFFFFD8E
(1790954064.720593) can0 2A1#0100010000000000
(1790954064.720720) can0 2A2#0000E0760000149B
(1790954064.720841) can0 2A3#00032431FFFD410D
(1790954064.720963) can0 2A4#00012473FFFD551E
(1790954064.721063) can0 2A5#0000133A0000135D
(1790954064.721188) can0 2A6#FFFFEC9B00000253
(1790954064.721313) can0 2A7#00004EADFFFFFD8E
(1790954064.725620) can0 2A1#0100010000000000
(1790954064.725738) can0 2A2#0000E0760000149B
(1790954064.725864) can0 2A3#00032431FFFD410D
(1790954064.725963) can0 2A4#00012473FFFD551E
(1790954064.726090) can0 2A5#0000133A0000135D
(1790954064.726190) can0 2A6#FFFFEC9B00000253
(1790954064.726315) can0 2A7#00004EADFFFFFD8E
(1790954064.730589) can0 2A1#0100010000000000
(1790954064.730713) can0 2A2#0000E0760000149B
(1790954064.730839) can0 2A3#00032431FFFD410D
(1790954064.730964) can0 2A4#00012473FFFD551E
(1790954064.731322) can0 2A5#0000133A0000135D
(1790954064.731326) can0 2A6#FFFFEC9B00000253
(1790954064.731327) can0 2A7#00004EADFFFFFD8E
(1790954064.735645) can0 2A1#0100010000000000
(1790954064.735724) can0 2A2#0000E0760000149B
(1790954064.735838) can0 2A3#00032431FFFD410D
(1790954064.735988) can0 2A4#00012473FFFD551E
(1790954064.736090) can0 2A5#0000133A0000135D
(1790954064.736214) can0 2A6#FFFFEC9B00000253
(1790954064.736339) can0 2A7#00004EADFFFFFD8E
(1790954064.740599) can0 2A1#0100010000000000
(1790954064.740720) can0 2A2#0000E0760000149B
(1790954064.740840) can0 2A3#00032431FFFD410D
(1790954064.740966) can0 2A4#00012473FFFD551E
(1790954064.741088) can0 2A5#0000133A0000135D
(1790954064.741189) can0 2A6#FFFFEC9B00000253
(1790954064.741315) can0 2A7#00004EADFFFFFD8E
(1790954064.745621) can0 2A1#0100010000000000
(1790954064.745745) can0 2A2#0000E0760000149B
(1790954064.745848) can0 2A3#00032431FFFD410D
(1790954064.745965) can0 2A4#00012473FFFD551E
(1790954064.746093) can0 2A5#0000133A0000135D
(1790954064.746212) can0 2A6#FFFFEC9B00000253
(1790954064.746318) can0 2A7#00004EADFFFFFD8E
(1790954064.750609) can0 2A1#0100010000000000
(1790954064.750716) can0 2A2#0000E0760000149B
(1790954064.750840) can0 2A3#00032431FFFD410D
(1790954064.750968) can0 2A4#00012473FFFD551E
(1790954064.751065) can0 2A5#0000133A0000135D
(1790954064.751189) can0 2A6#FFFFEC9B00000253
(1790954064.751316) can0 2A7#00004EADFFFFFD8E
(1790954064.755678) can0 2A1#0100010000000000
(1790954064.755744) can0 2A2#0000E0760000149B
(1790954064.755839) can0 2A3#00032431FFFD410D
(1790954064.755968) can0 2A4#00012473FFFD551E
(1790954064.756090) can0 2A5#0000133A0000135D
(1790954064.756216) can0 2A6#FFFFEC9B00000253
(1790954064.756316) can0 2A7#00004EADFFFFFD8E
(1790954064.760613) can0 2A1#0100010000000000
(1790954064.760716) can0 2A2#0000E0760000149B
(1790954064.760841) can0 2A3#00032431FFFD410D
(1790954064.760965) can0 2A4#00012473FFFD551E
(1790954064.761064) can0 2A5#0000133A0000135D
(1790954064.761191) can0 2A6#FFFFEC9B00000253
(1790954064.761315) can0 2A7#00004EADFFFFFD8E
(1790954064.765632) can0 2A1#0100010000000000
(1790954064.765717) can0 2A2#0000E0760000149B
(1790954064.765877) can0 2A3#00032431FFFD410D
(1790954064.765966) can0 2A4#00012473FFFD551E
(1790954064.766092) can0 2A5#0000133A0000135D
(1790954064.766190) can0 2A6#FFFFEC9B00000253
(1790954064.766321) can0 2A7#00004EADFFFFFD8E
(1790954064.770600) can0 2A1#0100010000000000
(1790954064.770715) can0 2A2#0000E0760000149B
(1790954064.770839) can0 2A3#00032431FFFD410D
(1790954064.770964) can0 2A4#00012473FFFD551E
(1790954064.771063) can0 2A5#0000133A0000135D
(1790954064.771188) can0 2A6#FFFFEC9B00000253
(1790954064.771313) can0 2A7#00004EADFFFFFD8E
(1790954064.775623) can0 2A1#0100010000000000
(1790954064.775739) can0 2A2#0000E0760000149B
(1790954064.775838) can0 2A3#00032431FFFD410D
(1790954064.775971) can0 2A4#00012473FFFD551E
(1790954064.776088) can0 2A5#0000133A0000135D
(1790954064.776213) can0 2A6#FFFFEC9B00000253
(1790954064.776340) can0 2A7#00004EADFFFFFD8E
(1790954064.780589) can0 2A1#0100010000000000
(1790954064.780715) can0 2A2#0000E0760000149B
(1790954064.780838) can0 2A3#00032431FFFD410D
(1790954064.780963) can0 2A4#00012473FFFD551E
(1790954064.781063) can0 2A5#0000133A0000135D
(1790954064.781186) can0 2A6#FFFFEC9B00000253
(1790954064.781313) can0 2A7#00004EADFFFFFD8E
(1790954064.785625) can0 2A1#0100010000000000
(1790954064.785739) can0 2A2#0000E0760000149B
(1790954064.785837) can0 2A3#00032431FFFD410D
(1790954064.785962) can0 2A4#00012473FFFD551E
(1790954064.786086) can0 2A5#0000133A0000135D
(1790954064.786212) can0 2A6#FFFFEC9B00000253
(1790954064.786337) can0 2A7#00004EADFFFFFD8E
(1790954064.790603) can0 2A1#0100010000000000
(1790954064.790718) can0 2A2#0000E0760000149B
(1790954064.790840) can0 2A3#00032431FFFD410D
(1790954064.790964) can0 2A4#00012473FFFD551E
(1790954064.791065) can0 2A5#0000133A0000135D
(1790954064.791188) can0 2A6#FFFFEC9B00000253
(1790954064.791313) can0 2A7#00004EADFFFFFD8E
(1790954064.795624) can0 2A1#0100010000000000
(1790954064.795739) can0 2A2#0000E0760000149B
(1790954064.795838) can0 2A3#00032431FFFD410D
(1790954064.795963) can0 2A4#00012473FFFD551E
(1790954064.796088) can0 2A5#0000133A0000135D
(1790954064.796212) can0 2A6#FFFFEC9B00000253
(1790954064.796339) can0 2A7#00004EADFFFFFD8E
(1790954064.800605) can0 2A1#0100010000000000
(1790954064.800715) can0 2A2#0000E0760000149B
(1790954064.800841) can0 2A3#00032431FFFD410D
(1790954064.800965) can0 2A4#00012473FFFD551E
(1790954064.801064) can0 2A5#0000133A0000135D
(1790954064.801190) can0 2A6#FFFFEC9B00000253
(1790954064.801313) can0 2A7#00004EADFFFFFD8E
(1790954064.805643) can0 2A1#0100010000000000
(1790954064.805744) can0 2A2#0000E0760000149B
(1790954064.805839) can0 2A3#00032431FFFD410D
(1790954064.805969) can0 2A4#00012473FFFD551E
(1790954064.806089) can0 2A5#0000133A0000135D
(1790954064.806221) can0 2A6#FFFFEC9B00000253
(1790954064.806317) can0 2A7#00004EADFFFFFD8E
(1790954064.810609) can0 2A1#0100010000000000
(1790954064.810715) can0 2A2#0000E0760000149B
(1790954064.810839) can0 2A3#00032431FFFD410D
(1790954064.810968) can0 2A4#00012473FFFD551E
(1790954064.811066) can0 2A5#0000133A0000135D
(1790954064.811190) can0 2A6#FFFFEC9B00000253
(1790954064.811315) can0 2A7#00004EADFFFFFD8E
(1790954064.815631) can0 2A1#0100010000000000
(1790954064.815741) can0 2A2#0000E0760000149B
(1790954064.815871) can0 2A3#00032431FFFD410D
(1790954064.815971) can0 2A4#00012473FFFD551E
(1790954064.816089) can0 2A5#0000133A0000135D
(1790954064.816216) can0 2A6#FFFFEC9B00000253
(1790954064.816341) can0 2A7#00004EADFFFFFD8E
(1790954064.820605) can0 2A1#0100010000000000
(1790954064.820942) can0 2A2#0000E0760000149B
(1790954064.820945) can0 2A3#00032431FFFD410D
(1790954064.820959) can0 2A4#00012473FFFD551E
(1790954064.821062) can0 2A5#0000133A0000135D
(1790954064.821188) can0 2A6#FFFFEC9B00000253
(1790954064.821315) can0 2A7#00004EADFFFFFD8E
(1790954064.825648) can0 2A1#0100010000000000
(1790954064.825748) can0 2A2#0000E0760000149B
(1790954064.825841) can0 2A3#00032431FFFD410D
(1790954064.825969) can0 2A4#00012473FFFD551E
(1790954064.826090) can0 2A5#0000133A0000135D
(1790954064.826215) can0 2A6#FFFFEC9B00000253
(1790954064.826315) can0 2A7#00004EADFFFFFD8E
(1790954064.830603) can0 2A1#0100010000000000
(1790954064.830716) can0 2A2#0000E0760000149B
(1790954064.830842) can0 2A3#00032431FFFD410D
(1790954064.830962) can0 2A4#00012473FFFD551E
(1790954064.831088) can0 2A5#0000133A0000135D
(1790954064.831188) can0 2A6#FFFFEC9B00000253
(1790954064.831312) can0 2A7#00004EADFFFFFD8E
(1790954064.835639) can0 2A1#0100010000000000
(1790954064.835715) can0 2A2#0000E0760000149B
(1790954064.835837) can0 2A3#00032431FFFD410D
(1790954064.835965) can0 2A4#00012473FFFD551E
(1790954064.836087) can0 2A5#0000133A0000135D
(1790954064.836216) can0 2A6#FFFFEC9B00000253
(1790954064.836317) can0 2A7#00004EADFFFFFD8E
(1790954064.840743) can0 2A1#0100010000000000
(1790954064.840761) can0 2A2#0000E0760000149B
(1790954064.840936) can0 2A3#00032431FFFD410D
(1790954064.841097) can0 2A4#00012473FFFD551E
(1790954064.841103) can0 2A5#0000133A0000135D
(1790954064.841192) can0 2A6#FFFFEC9B00000253
(1790954064.841392) can0 2A7#00004EADFFFFFD8E
(1790954064.845683) can0 2A1#0100010000000000
(1790954064.845739) can0 2A2#0000E0760000149B
(1790954064.845838) can0 2A3#00032431FFFD410D
(1790954064.845964) can0 2A4#00012473FFFD551E
(1790954064.846090) can0 2A5#0000133A0000135D
(1790954064.846214) can0 2A6#FFFFEC9B00000253
(1790954064.846340) can0 2A7#00004EADFFFFFD8E
(1790954064.850629) can0 2A1#0100010000000000
(1790954064.850717) can0 2A2#0000E0760000149B
(1790954064.850838) can0 2A3#00032431FFFD410D
(1790954064.850972) can0 2A4#00012473FFFD551E
(1790954064.851065) can0 2A5#0000133A0000135D
(1790954064.851195) can0 2A6#FFFFEC9B00000253
(1790954064.851317) can0 2A7#00004EADFFFFFD8E
(1790954064.855627) can0 2A1#0100010000000000
(1790954064.855715) can0 2A2#0000E0760000149B
(1790954064.855870) can0 2A3#00032431FFFD410D
(1790954064.855963) can0 2A4#00012473FFFD551E
(1790954064.856100) can0 2A5#0000133A0000135D
(1790954064.856213) can0 2A6#FFFFEC9B00000253
(1790954064.856313) can0 2A7#00004EADFFFFFD8E
(1790954064.860623) can0 2A1#0100010000000000
(1790954064.860714) can0 2A2#0000E0760000149B
(1790954064.860839) can0 2A3#00032431FFFD410D
(1790954064.860965) can0 2A4#00012473FFFD551E
(1790954064.861122) can0 2A5#0000133A0000135D
(1790954064.861238) can0 2A6#FFFFEC9B00000253
(1790954064.861312) can0 2A7#00004EADFFFFFD8E
(1790954064.865700) can0 2A1#0100010000000000
(1790954064.865737) can0 2A2#0000E0760000149B
(1790954064.865913) can0 2A3#00032431FFFD410D
(1790954064.866136) can0 2A4#00012473FFFD551E
(1790954064.866140) can0 2A5#0000133A0000135D
(1790954064.866319) can0 2A6#FFFFEC9B00000253
(1790954064.866339) can0 2A7#00004EADFFFFFD8E
(1790954064.870622) can0 2A1#0100010000000000
(1790954064.870714) can0 2A2#0000E0760000149B
(1790954064.870839) can0 2A3#00032431FFFD410D
(1790954064.870963) can0 2A4#00012473FFFD551E
(1790954064.871062) can0 2A5#0000133A0000135D
(1790954064.871189) can0 2A6#FFFFEC9B00000253
(1790954064.871314) can0 2A7#00004EADFFFFFD8E
(1790954064.875631) can0 2A1#0100010000000000
(1790954064.875739) can0 2A2#0000E0760000149B
(1790954064.875837) can0 2A3#00032431FFFD410D
(1790954064.875966) can0 2A4#00012473FFFD551E
(1790954064.876087) can0 2A5#0000133A0000135D
(1790954064.876212) can0 2A6#FFFFEC9B00000253
(1790954064.876338) can0 2A7#00004EADFFFFFD8E
(1790954064.880657) can0 2A1#0100010000000000
(1790954064.880714) can0 2A2#0000E0760000149B
(1790954064.880839) can0 2A3#00032431FFFD410D
(1790954064.881021) can0 2A4#00012473FFFD551E
(1790954064.881199) can0 2A5#0000133A0000135D
(1790954064.881205) can0 2A6#FFFFEC9B00000253
(1790954064.881364) can0 2A7#00004EADFFFFFD8E
(1790954064.885676) can0 2A1#0100010000000000
(1790954064.885740) can0 2A2#0000E0760000149B
(1790954064.885915) can0 2A3#00032431FFFD410D
(1790954064.886089) can0 2A4#00012473FFFD551E
(1790954064.886094) can0 2A5#0000133A0000135D
(1790954064.886292) can0 2A6#FFFFEC9B00000253
(1790954064.886315) can0 2A7#00004EADFFFFFD8E
(1790954064.890675) can0 2A1#0100010000000000
(1790954064.890712) can0 2A2#0000E0760000149B
(1790954064.890838) can0 2A3#00032431FFFD410D
(1790954064.890964) can0 2A4#00012473FFFD551E
(1790954064.891063) can0 2A5#0000133A0000135D
(1790954064.891189) can0 2A6#FFFFEC9B00000253
(1790954064.891312) can0 2A7#00004EADFFFFFD8E
(1790954064.895628) can0 2A1#0100010000000000
(1790954064.895739) can0 2A2#0000E0760000149B
(1790954064.895837) can0 2A3#00032431FFFD410D
(1790954064.895962) can0 2A4#00012473FFFD551E
(1790954064.896093) can0 2A5#0000133A0000135D
(1790954064.896294) can0 2A6#FFFFEC9B00000253
(1790954064.896467) can0 2A7#00004EADFFFFFD8E
(1790954064.900722) can0 2A1#0100010000000000
(1790954064.900746) can0 2A2#0000E0760000149B
(1790954064.900840) can0 2A3#00032431FFFD410D
(1790954064.901073) can0 2A4#00012473FFFD551E
(1790954064.901083) can0 2A5#0000133A0000135D
(1790954064.901566) can0 2A6#FFFFEC9B00000253
(1790954064.901571) can0 2A7#00004EADFFFFFD8E
(1790954064.905709) can0 2A1#0100010000000000
(1790954064.905744) can0 2A2#0000E0760000149B
(1790954064.905836) can0 2A3#00032431FFFD410D
(1790954064.905961) can0 2A4#00012473FFFD551E
(1790954064.906090) can0 2A5#0000133A0000135D
(1790954064.906211) can0 2A6#FFFFEC9B00000253
(1790954064.906337) can0 2A7#00004EADFFFFFD8E
(1790954064.910593) can0 2A1#0100010000000000
(1790954064.910711) can0 2A2#0000E0760000149B
(1790954064.910835) can0 2A3#00032431FFFD410D
(1790954064.910960) can0 2A4#00012473FFFD551E
(1790954064.911061) can0 2A5#0000133A0000135D
(1790954064.911185) can0 2A6#FFFFEC9B00000253
(1790954064.911310) can0 2A7#00004EADFFFFFD8E
(1790954064.915780) can0 2A1#0100010000000000
(1790954064.915784) can0 2A2#0000E0760000149B
(1790954064.915869) can0 2A3#00032431FFFD410D
(1790954064.916065) can0 2A4#00012473FFFD551E
(1790954064.916096) can0 2A5#0000133A0000135D
(1790954064.916191) can0 2A6#FFFFEC9B00000253
(1790954064.916339) can0 2A7#00004EADFFFFFD8E
(1790954064.920599) can0 2A1#0100010000000000
(1790954064.920715) can0 2A2#0000E0760000149B
(1790954064.920838) can0 2A3#00032431FFFD410D
(1790954064.920967) can0 2A4#00012473FFFD551E
(1790954064.921122) can0 2A5#0000133A0000135D
(1790954064.921454) can0 2A6#FFFFEC9B00000253
(1790954064.921456) can0 2A7#00004EADFFFFFD8E
(1790954064.925694) can0 2A1#0100010000000000
(1790954064.925747) can0 2A2#0000E0760000149B
(1790954064.925846) can0 2A3#00032431FFFD410D
(1790954064.926027) can0 2A4#00012473FFFD551E
(1790954064.926296) can0 2A5#0000133A0000135D
(1790954064.926301) can0 2A6#FFFFEC9B00000253
(1790954064.926339) can0 2A7#00004EADFFFFFD8E
(1790954064.930603) can0 2A1#0100010000000000
(1790954064.930716) can0 2A2#0000E0760000149B
(1790954064.930839) can0 2A3#00032431FFFD410D
(1790954064.930964) can0 2A4#00012473FFFD551E
(1790954064.931089) can0 2A5#0000133A0000135D
(1790954064.931189) can0 2A6#FFFFEC9B00000253
(1790954064.931387) can0 2A7#00004EADFFFFFD8E
(1790954064.935680) can0 2A1#0100010000000000
(1790954064.935726) can0 2A2#0000E0760000149B
(1790954064.935950) can0 2A3#00032431FFFD410D
(1790954064.936127) can0 2A4#00012473FFFD551E
(1790954064.936131) can0 2A5#0000133A0000135D
(1790954064.936272) can0 2A6#FFFFEC9B00000253
(1790954064.936402) can0 2A7#00004EADFFFFFD8E
(1790954064.940720) can0 2A1#0100010000000000
(1790954064.940731) can0 2A2#0000E0760000149B
(1790954064.940920) can0 2A3#00032431FFFD410D
(1790954064.941066) can0 2A4#00012473FFFD551E
(1790954064.941069) can0 2A5#0000133A0000135D
(1790954064.941248) can0 2A6#FFFFEC9B00000253
(1790954064.941388) can0 2A7#00004EADFFFFFD8E
(1790954064.945722) can0 2A1#0100010000000000
(1790954064.945732) can0 2A2#0000E0760000149B
(1790954064.945874) can0 2A3#00032431FFFD410D
(1790954064.946131) can0 2A4#00012473FFFD551E
(1790954064.946138) can0 2A5#0000133A0000135D
(1790954064.946217) can0 2A6#FFFFEC9B00000253
(1790954064.946455) can0 2A7#00004EADFFFFFD8E
(1790954064.950661) can0 2A1#0100010000000000
(1790954064.950729) can0 2A2#0000E0760000149B
(1790954064.950905) can0 2A3#00032431FFFD410D
(1790954064.950972) can0 2A4#00012473FFFD551E
(1790954064.951132) can0 2A5#0000133A0000135D
(1790954064.951337) can0 2A6#FFFFEC9B00000253
(1790954064.951342) can0 2A7#00004EADFFFFFD8E
(1790954064.955632) can0 2A1#0100010000000000
(1790954064.955742) can0 2A2#0000E0760000149B
(1790954064.955842) can0 2A3#00032431FFFD410D
(1790954064.955992) can0 2A4#00012473FFFD551E
(1790954064.956107) can0 2A5#0000133A0000135D
(1790954064.956215) can0 2A6#FFFFEC9B00000253
(1790954064.956341) can0 2A7#00004EADFFFFFD8E
(1790954064.960687) can0 2A1#0100010000000000
(1790954064.960711) can0 2A2#0000E0760000149B
(1790954064.960839) can0 2A3#00032431FFFD410D
(1790954064.961051) can0 2A4#00012473FFFD551E
(1790954064.961065) can0 2A5#0000133A0000135D
(1790954064.961235) can0 2A6#FFFFEC9B00000253
(1790954064.961419) can0 2A7#00004EADFFFFFD8E
(1790954064.965778) can0 2A1#0100010000000000
(1790954064.965794) can0 2A2#0000E0760000149B
(1790954064.965848) can0 2A3#00032431FFFD410D
(1790954064.966044) can0 2A4#00012473FFFD551E
(1790954064.966232) can0 2A5#0000133A0000135D
(1790954064.966237) can0 2A6#FFFFEC9B00000253
(1790954064.966346) can0 2A7#00004EADFFFFFD8E
(1790954064.970714) can0 2A1#0100010000000000
(1790954064.970725) can0 2A2#0000E0760000149B
(1790954064.970950) can0 2A3#00032431FFFD410D
(1790954064.970966) can0 2A4#00012473FFFD551E
(1790954064.971163) can0 2A5#0000133A0000135D
(1790954064.971336) can0 2A6#FFFFEC9B00000253
(1790954064.971341) can0 2A7#00004EADFFFFFD8E
(1790954064.975628) can0 2A1#0100010000000000
(1790954064.975741) can0 2A2#0000E0760000149B
(1790954064.975969) can0 2A3#00032431FFFD410D
(1790954064.975994) can0 2A4#00012473FFFD551E
(1790954064.976159) can0 2A5#0000133A0000135D
(1790954064.976312) can0 2A6#FFFFEC9B00000253
(1790954064.976447) can0 2A7#00004EADFFFFFD8E
(1790954064.980761) can0 2A1#0100010000000000
(1790954064.980800) can0 2A2#0000E0760000149B
(1790954064.980842) can0 2A3#00032431FFFD410D
(1790954064.980979) can0 2A4#00012473FFFD551E
(1790954064.981066) can0 2A5#0000133A0000135D
(1790954064.981191) can0 2A6#FFFFEC9B00000253
(1790954064.981407) can0 2A7#00004EADFFFFFD8E
(1790954064.985687) can0 2A1#0100010000000000
(1790954064.985747) can0 2A2#0000E0760000149B
(1790954064.985891) can0 2A3#00032431FFFD410D
(1790954064.986099) can0 2A4#00012473FFFD551E
(1790954064.986109) can0 2A5#0000133A0000135D
(1790954064.986218) can0 2A6#FFFFEC9B00000253
(1790954064.986318) can0 2A7#00004EADFFFFFD8E
(1790954064.990631) can0 2A1#0100010000000000
(1790954064.990721) can0 2A2#0000E0760000149B
(1790954064.990843) can0 2A3#00032431FFFD410D
(1790954064.990966) can0 2A4#00012473FFFD551E
(1790954064.991091) can0 2A5#0000133A0000135D
(1790954064.991220) can0 2A6#FFFFEC9B00000253
(1790954064.991319) can0 2A7#00004EADFFFFFD8E
(1790954064.995641) can0 2A1#0100010000000000
(1790954064.995743) can0 2A2#0000E0760000149B
(1790954064.995873) can0 2A3#00032431FFFD410D
(1790954064.995966) can0 2A4#00012473FFFD551E
(1790954064.996091) can0 2A5#0000133A0000135D
(1790954064.996218) can0 2A6#FFFFEC9B00000253
(1790954064.996341) can0 2A7#00004EADFFFFFD8E
(1790954065.000613) can0 2A1#0100010000000000
(1790954065.000718) can0 2A2#0000E0760000149B
(1790954065.000842) can0 2A3#00032431FFFD410D
(1790954065.000967) can0 2A4#00012473FFFD551E
(1790954065.001090) can0 2A5#0000133A0000135D
(1790954065.001190) can0 2A6#FFFFEC9B00000253
(1790954065.001319) can0 2A7#00004EADFFFFFD8E
(1790954065.005737) can0 2A1#0100010000000000
(1790954065.005750) can0 2A2#0000E0760000149B
(1790954065.005911) can0 2A3#00032431FFFD410D
(1790954065.006131) can0 2A4#00012473FFFD551E
(1790954065.006136) can0 2A5#0000133A0000135D
(1790954065.006334) can0 2A6#FFFFEC9B00000253
(1790954065.006350) can0 2A7#00004EADFFFFFD8E
(1790954065.010681) can0 2A1#0100010000000000
(1790954065.010741) can0 2A2#0000E0760000149B
(1790954065.010840) can0 2A3#00032431FFFD410D
(1790954065.010964) can0 2A4#00012473FFFD551E
(1790954065.011064) can0 2A5#0000133A0000135D
(1790954065.011189) can0 2A6#FFFFEC9B00000253
(1790954065.011314) can0 2A7#00004EADFFFFFD8E
(1790954065.015754) can0 2A1#0100010000000000
(1790954065.015768) can0 2A2#0000E0760000149B
(1790954065.015870) can0 2A3#00032431FFFD410D
(1790954065.016017) can0 2A4#00012473FFFD551E
(1790954065.016177) can0 2A5#0000133A0000135D
(1790954065.016217) can0 2A6#FFFFEC9B00000253
(1790954065.016382) can0 2A7#00004EADFFFFFD8E
(1790954065.020740) can0 2A1#0100010000000000
(1790954065.020753) can0 2A2#0000E0760000149B
(1790954065.020840) can0 2A3#00032431FFFD410D
(1790954065.021059) can0 2A4#00012473FFFD551E
(1790954065.021195) can0 2A5#0000133A0000135D
(1790954065.021199) can0 2A6#FFFFEC9B00000253
(1790954065.021370) can0 2A7#00004EADFFFFFD8E
(1790954065.025755) can0 2A1#0100010000000000
(1790954065.025793) can0 2A2#0000E0760000149B
(1790954065.025841) can0 2A3#00032431FFFD410D
(1790954065.026037) can0 2A4#00012473FFFD551E
(1790954065.026092) can0 2A5#0000133A0000135D
(1790954065.026349) can0 2A6#FFFFEC9B00000253
(1790954065.026354) can0 2A7#00004EADFFFFFD8E
(1790954065.030612) can0 2A1#0100010000000000
(1790954065.030717) can0 2A2#0000E0760000149B
(1790954065.030842) can0 2A3#00032431FFFD410D
(1790954065.031106) can0 2A4#00012473FFFD551E
(1790954065.031112) can0 2A5#0000133A0000135D
(1790954065.031195) can0 2A6#FFFFEC9B00000253
(1790954065.031317) can0 2A7#00004EADFFFFFD8E
(1790954065.035698) can0 2A1#0100010000000000
(1790954065.035880) can0 2A2#0000E0760000149B
(1790954065.035885) can0 2A3#00032431FFFD410D
(1790954065.036094) can0 2A4#00012473FFFD551E
(1790954065.036099) can0 2A5#0000133A0000135D
(1790954065.036299) can0 2A6#FFFFEC9B00000253
(1790954065.036327) can0 2A7#00004EADFFFFFD8E
(1790954065.040626) can0 2A1#0100010000000000
(1790954065.040741) can0 2A2#0000E0760000149B
(1790954065.040841) can0 2A3#00032431FFFD410D
(1790954065.040965) can0 2A4#00012473FFFD551E
(1790954065.041089) can0 2A5#0000133A0000135D
(1790954065.041189) can0 2A6#FFFFEC9B00000253
(1790954065.041340) can0 2A7#00004EADFFFFFD8E
(1790954065.045756) can0 2A1#0100010000000000
(1790954065.045765) can0 2A2#0000E0760000149B
(1790954065.045958) can0 2A3#00032431FFFD410D
(1790954065.045969) can0 2A4#00012473FFFD551E
(1790954065.046182) can0 2A5#0000133A0000135D
(1790954065.046350) can0 2A6#FFFFEC9B00000253
(1790954065.046355) can0 2A7#00004EADFFFFFD8E
(1790954065.050622) can0 2A1#0100010000000000
(1790954065.050813) can0 2A2#0000E0760000149B
(1790954065.050841) can0 2A3#00032431FFFD410D
(1790954065.051054) can0 2A4#00012473FFFD551E
(1790954065.051224) can0 2A5#0000133A0000135D
(1790954065.051229) can0 2A6#FFFFEC9B00000253
(1790954065.051415) can0 2A7#00004EADFFFFFD8E
(1790954065.055669) can0 2A1#0100010000000000
(1790954065.055802) can0 2A2#0000E0760000149B
(1790954065.055968) can0 2A3#00032431FFFD410D
(1790954065.055994) can0 2A4#00012473FFFD551E
(1790954065.056180) can0 2A5#0000133A0000135D
(1790954065.056216) can0 2A6#FFFFEC9B00000253
(1790954065.056346) can0 2A7#00004EADFFFFFD8E
(1790954065.060744) can0 2A1#0100010000000000
(1790954065.060752) can0 2A2#0000E0760000149B
(1790954065.060841) can0 2A3#00032431FFFD410D
(1790954065.061079) can0 2A4#00012473FFFD551E
(1790954065.061084) can0 2A5#0000133A0000135D
(1790954065.061245) can0 2A6#FFFFEC9B00000253
(1790954065.061398) can0 2A7#00004EADFFFFFD8E
(1790954065.065709) can0 2A1#0100010000000000
(1790954065.065743) can0 2A2#0000E0760000149B
(1790954065.065874) can0 2A3#00032431FFFD410D
(1790954065.066085) can0 2A4#00012473FFFD551E
(1790954065.066100) can0 2A5#0000133A0000135D
(1790954065.066218) can0 2A6#FFFFEC9B00000253
(1790954065.066342) can0 2A7#00004EADFFFFFD8E
(1790954065.070680) can0 2A1#0100010000000000
(1790954065.070718) can0 2A2#0000E0760000149B
(1790954065.070842) can0 2A3#00032431FFFD410D
(1790954065.070940) can0 2A4#00012473FFFD551E
(1790954065.071092) can0 2A5#0000133A0000135D
(1790954065.071192) can0 2A6#FFFFEC9B00000253
(1790954065.071317) can0 2A7#00004EADFFFFFD8E
(1790954065.075763) can0 2A1#0100010000000000
(1790954065.075784) can0 2A2#0000E0760000149B
(1790954065.076008) can0 2A3#00032431FFFD410D
(1790954065.076014) can0 2A4#00012473FFFD551E
(1790954065.076174) can0 2A5#0000133A0000135D
(1790954065.076358) can0 2A6#FFFFEC9B00000253
(1790954065.076364) can0 2A7#00004EADFFFFFD8E
(1790954065.080607) can0 2A1#0100010000000000
(1790954065.080716) can0 2A2#0000E0760000149B
(1790954065.080843) can0 2A3#00032431FFFD410D
(1790954065.080968) can0 2A4#00012473FFFD551E
(1790954065.081067) can0 2A5#0000133A0000135D
(1790954065.081275) can0 2A6#FFFFEC9B00000253
(1790954065.081317) can0 2A7#00004EADFFFFFD8E
(1790954065.085627) can0 2A1#0100010000000000
(1790954065.085741) can0 2A2#0000E0760000149B
(1790954065.085888) can0 2A3#00032431FFFD410D
(1790954065.085966) can0 2A4#00012473FFFD551E
(1790954065.086093) can0 2A5#0000133A0000135D
(1790954065.086217) can0 2A6#FFFFEC9B00000253
(1790954065.086317) can0 2A7#00004EADFFFFFD8E
(1790954065.090631) can0 2A1#0100010000000000
(1790954065.090821) can0 2A2#0000E0760000149B
(1790954065.090841) can0 2A3#00032431FFFD410D
(1790954065.090967) can0 2A4#00012473FFFD551E
(1790954065.091067) can0 2A5#0000133A0000135D
(1790954065.091194) can0 2A6#FFFFEC9B00000253
(1790954065.091319) can0 2A7#00004EADFFFFFD8E
(1790954065.095687) can0 2A1#0100010000000000
(1790954065.095742) can0 2A2#0000E0760000149B
(1790954065.095903) can0 2A3#00032431FFFD410D
(1790954065.096074) can0 2A4#00012473FFFD551E
(1790954065.096095) can0 2A5#0000133A0000135D
(1790954065.096219) can0 2A6#FFFFEC9B00000253
(1790954065.096341) can0 2A7#00004EADFFFFFD8E
(1790954065.100711) can0 2A1#0100010000000000
(1790954065.100743) can0 2A2#0000E0760000149B
(1790954065.100948) can0 2A3#00032431FFFD410D
(1790954065.100970) can0 2A4#00012473FFFD551E
(1790954065.101068) can0 2A5#0000133A0000135D
(1790954065.101193) can0 2A6#FFFFEC9B00000253
(1790954065.101318) can0 2A7#00004EADFFFFFD8E
(1790954065.105629) can0 2A1#0100010000000000
(1790954065.105743) can0 2A2#0000E0760000149B
(1790954065.105875) can0 2A3#00032431FFFD410D
(1790954065.105967) can0 2A4#00012473FFFD551E
(1790954065.106093) can0 2A5#0000133A0000135D
(1790954065.106218) can0 2A6#FFFFEC9B00000253
(1790954065.106343) can0 2A7#00004EADFFFFFD8E
(1790954065.110603) can0 2A1#0100010000000000
(1790954065.110716) can0 2A2#0000E0760000149B
(1790954065.110842) can0 2A3#00032431FFFD410D
(1790954065.110969) can0 2A4#00012473FFFD551E
(1790954065.111091) can0 2A5#0000133A0000135D
(1790954065.111215) can0 2A6#FFFFEC9B00000253
(1790954065.111316) can0 2A7#00004EADFFFFFD8E
(1790954065.115626) can0 2A1#0100010000000000
(1790954065.115740) can0 2A2#0000E0760000149B
(1790954065.115838) can0 2A3#00032431FFFD410D
(1790954065.116057) can0 2A4#00012473FFFD551E
(1790954065.116088) can0 2A5#0000133A0000135D
(1790954065.116280) can0 2A6#FFFFEC9B00000253
(1790954065.116343) can0 2A7#00004EADFFFFFD8E
(1790954065.120598) can0 2A1#0100010000000000
(1790954065.120716) can0 2A2#0000E0760000149B
(1790954065.120839) can0 2A3#00032431FFFD410D
(1790954065.121023) can0 2A4#00012473FFFD551E
(1790954065.121205) can0 2A5#0000133A0000135D
(1790954065.121212) can0 2A6#FFFFEC9B00000253
(1790954065.121373) can0 2A7#00004EADFFFFFD8E
(1790954065.125661) can0 2A1#0100010000000000
(1790954065.125739) can0 2A2#0000E0760000149B
(1790954065.125866) can0 2A3#00032431FFFD410D
(1790954065.126052) can0 2A4#00012473FFFD551E
(1790954065.126230) can0 2A5#0000133A0000135D
(1790954065.126234) can0 2A6#FFFFEC9B00000253
(1790954065.126315) can0 2A7#00004EADFFFFFD8E
(1790954065.130652) can0 2A1#0100010000000000
(1790954065.130716) can0 2A2#0000E0760000149B
(1790954065.130844) can0 2A3#00032431FFFD410D
(1790954065.130966) can0 2A4#00012473FFFD551E
(1790954065.131094) can0 2A5#0000133A0000135D
(1790954065.131216) can0 2A6#FFFFEC9B00000253
(1790954065.131317) can0 2A7#00004EADFFFFFD8E
(1790954065.135697) can0 2A1#0100010000000000
(1790954065.135888) can0 2A2#0000E0760000149B
(1790954065.135898) can0 2A3#00032431FFFD410D
(1790954065.136110) can0 2A4#00012473FFFD551E
(1790954065.136119) can0 2A5#0000133A0000135D
(1790954065.136332) can0 2A6#FFFFEC9B00000253
(1790954065.136340) can0 2A7#00004EADFFFFFD8E
(1790954065.140689) can0 2A1#0100010000000000
(1790954065.140729) can0 2A2#0000E0760000149B
(1790954065.140926) can0 2A3#00032431FFFD410D
(1790954065.140966) can0 2A4#00012473FFFD551E
(1790954065.141118) can0 2A5#0000133A0000135D
(1790954065.141268) can0 2A6#FFFFEC9B00000253
(1790954065.141328) can0 2A7#00004EADFFFFFD8E
(1790954065.145625) can0 2A1#0100010000000000
(1790954065.145741) can0 2A2#0000E0760000149B
(1790954065.145877) can0 2A3#00032431FFFD410D
(1790954065.146055) can0 2A4#00012473FFFD551E
(1790954065.146089) can0 2A5#0000133A0000135D
(1790954065.146264) can0 2A6#FFFFEC9B00000253
(1790954065.146320) can0 2A7#00004EADFFFFFD8E
(1790954065.150590) can0 2A1#0100010000000000
(1790954065.150712) can0 2A2#0000E0760000149B
(1790954065.150837) can0 2A3#00032431FFFD410D
(1790954065.150962) can0 2A4#00012473FFFD551E
(1790954065.151062) can0 2A5#0000133A0000135D
(1790954065.151289) can0 2A6#FFFFEC9B00000253
(1790954065.151403) can0 2A7#00004EADFFFFFD8E
(1790954065.155669) can0 2A1#0100010000000000
(1790954065.155799) can0 2A2#0000E0760000149B
(1790954065.155938) can0 2A3#00032431FFFD410D
(1790954065.156060) can0 2A4#00012473FFFD551E
(1790954065.156218) can0 2A5#0000133A0000135D
(1790954065.156223) can0 2A6#FFFFEC9B00000253
(1790954065.156368) can0 2A7#00004EADFFFFFD8E
(1790954065.160644) can0 2A1#0100010000000000
(1790954065.160818) can0 2A2#0000E0760000149B
(1790954065.160841) can0 2A3#00032431FFFD410D
(1790954065.161065) can0 2A4#00012473FFFD551E
(1790954065.161226) can0 2A5#0000133A0000135D
(1790954065.161230) can0 2A6#FFFFEC9B00000253
(1790954065.161389) can0 2A7#00004EADFFFFFD8E
(1790954065.165760) can0 2A1#0100010000000000
(1790954065.165771) can0 2A2#0000E0760000149B
(1790954065.165868) can0 2A3#00032431FFFD410D
(1790954065.166051) can0 2A4#00012473FFFD551E
(1790954065.166088) can0 2A5#0000133A0000135D
(1790954065.166213) can0 2A6#FFFFEC9B00000253
(1790954065.166338) can0 2A7#00004EADFFFFFD8E
(1790954065.170705) can0 2A1#0100010000000000
(1790954065.170892) can0 2A2#0000E0760000149B
(1790954065.170896) can0 2A3#00032431FFFD410D
(1790954065.171053) can0 2A4#00012473FFFD551E
(1790954065.171068) can0 2A5#0000133A0000135D
(1790954065.171267) can0 2A6#FFFFEC9B00000253
(1790954065.171438) can0 2A7#00004EADFFFFFD8E
(1790954065.175719) can0 2A1#0100010000000000
(1790954065.175758) can0 2A2#0000E0760000149B
(1790954065.176013) can0 2A3#00032431FFFD410D
(1790954065.176018) can0 2A4#00012473FFFD551E
(1790954065.176092) can0 2A5#0000133A0000135D
(1790954065.176217) can0 2A6#FFFFEC9B00000253
(1790954065.176476) can0 2A7#00004EADFFFFFD8E
(1790954065.180626) can0 2A1#0100010000000000
(1790954065.180740) can0 2A2#0000E0760000149B
(1790954065.180839) can0 2A3#00032431FFFD410D
(1790954065.181022) can0 2A4#00012473FFFD551E
(1790954065.181194) can0 2A5#0000133A0000135D
(1790954065.181198) can0 2A6#FFFFEC9B00000253
(1790954065.181443) can0 2A7#00004EADFFFFFD8E
(1790954065.185715) can0 2A1#0100010000000000
(1790954065.185739) can0 2A2#0000E0760000149B
(1790954065.185880) can0 2A3#00032431FFFD410D
(1790954065.186044) can0 2A4#00012473FFFD551E
(1790954065.186122) can0 2A5#0000133A0000135D
(1790954065.186223) can0 2A6#FFFFEC9B00000253
(1790954065.186409) can0 2A7#00004EADFFFFFD8E
(1790954065.190606) can0 2A1#0100010000000000
(1790954065.190720) can0 2A2#0000E0760000149B
(1790954065.190843) can0 2A3#00032431FFFD410D
(1790954065.190967) can0 2A4#00012473FFFD551E
(1790954065.191093) can0 2A5#0000133A0000135D
(1790954065.191192) can0 2A6#FFFFEC9B00000253
(1790954065.191318) can0 2A7#00004EADFFFFFD8E
(1790954065.195712) can0 2A1#0100010000000000
(1790954065.195752) can0 2A2#0000E0760000149B
(1790954065.195914) can0 2A3#00032431FFFD410D
(1790954065.196109) can0 2A4#00012473FFFD551E
(1790954065.196114) can0 2A5#0000133A0000135D
(1790954065.196277) can0 2A6#FFFFEC9B00000253
(1790954065.196397) can0 2A7#00004EADFFFFFD8E
(1790954065.200721) can0 2A1#0100010000000000
(1790954065.200733) can0 2A2#0000E0760000149B
(1790954065.200849) can0 2A3#00032431FFFD410D
(1790954065.200968) can0 2A4#00012473FFFD551E
(1790954065.201091) can0 2A5#0000133A0000135D
(1790954065.201191) can0 2A6#FFFFEC9B00000253
(1790954065.201314) can0 2A7#00004EADFFFFFD8E
(1790954065.205627) can0 2A1#0100010000000000
(1790954065.205744) can0 2A2#0000E0760000149B
(1790954065.205883) can0 2A3#00032431FFFD410D
(1790954065.205966) can0 2A4#00012473FFFD551E
(1790954065.206368) can0 2A5#0000133A0000135D
(1790954065.206371) can0 2A6#FFFFEC9B00000253
(1790954065.206372) can0 2A7#00004EADFFFFFD8E
(1790954065.210618) can0 2A1#0100010000000000
(1790954065.210789) can0 2A2#0000E0760000149B
(1790954065.210849) can0 2A3#00032431FFFD410D
(1790954065.211049) can0 2A4#00012473FFFD551E
(1790954065.211094) can0 2A5#0000133A0000135D
(1790954065.211270) can0 2A6#FFFFEC9B00000253
(1790954065.211328) can0 2A7#00004EADFFFFFD8E
(1790954065.215631) can0 2A1#0100010000000000
(1790954065.215918) can0 2A2#0000E0760000149B
(1790954065.215927) can0 2A3#00032431FFFD410D
(1790954065.215992) can0 2A4#00012473FFFD551E
(1790954065.216091) can0 2A5#0000133A0000135D
(1790954065.216216) can0 2A6#FFFFEC9B00000253
(1790954065.216341) can0 2A7#00004EADFFFFFD8E
(1790954065.220630) can0 2A1#0100010000000000
(1790954065.220741) can0 2A2#0000E0760000149B
(1790954065.220839) can0 2A3#00032431FFFD410D
(1790954065.220964) can0 2A4#00012473FFFD551E
(1790954065.221064) can0 2A5#0000133A0000135D
(1790954065.221189) can0 2A6#FFFFEC9B00000253
(1790954065.221314) can0 2A7#00004EADFFFFFD8E
(1790954065.225627) can0 2A1#0100010000000000
(1790954065.225741) can0 2A2#0000E0760000149B
(1790954065.225866) can0 2A3#00032431FFFD410D
(1790954065.225966) can0 2A4#00012473FFFD551E
(1790954065.226090) can0 2A5#0000133A0000135D
(1790954065.226215) can0 2A6#FFFFEC9B00000253
(1790954065.226341) can0 2A7#00004EADFFFFFD8E
(1790954065.230622) can0 2A1#0100010000000000
(1790954065.230716) can0 2A2#0000E0760000149B
(1790954065.230844) can0 2A3#00032431FFFD410D
(1790954065.230965) can0 2A4#00012473FFFD551E
(1790954065.231065) can0 2A5#0000133A0000135D
(1790954065.231190) can0 2A6#FFFFEC9B00000253
(1790954065.231315) can0 2A7#00004EADFFFFFD8E
(1790954065.235623) can0 2A1#0100010000000000
(1790954065.235741) can0 2A2#0000E0760000149B
(1790954065.235870) can0 2A3#00032431FFFD410D
(1790954065.235970) can0 2A4#00012473FFFD551E
(1790954065.236089) can0 2A5#0000133A0000135D
(1790954065.236188) can0 2A6#FFFFEC9B00000253
(1790954065.236314) can0 2A7#00004EADFFFFFD8E
(1790954065.240626) can0 2A1#0100010000000000
(1790954065.240715) can0 2A2#0000E0760000149B
(1790954065.240840) can0 2A3#00032431FFFD410D
(1790954065.240967) can0 2A4#00012473FFFD551E
(1790954065.241065) can0 2A5#0000133A0000135D
(1790954065.241188) can0 2A6#FFFFEC9B00000253
(1790954065.241313) can0 2A7#00004EADFFFFFD8E
(1790954065.245619) can0 2A1#0100010000000000
(1790954065.245818) can0 2A2#0000E0760000149B
(1790954065.246003) can0 2A3#00032431FFFD410D
(1790954065.246007) can0 2A4#00012473FFFD551E
(1790954065.246167) can0 2A5#0000133A0000135D
(1790954065.246371) can0 2A6#FFFFEC9B00000253
(1790954065.246376) can0 2A7#00004EADFFFFFD8E
(1790954065.250595) can0 2A1#0100010000000000
(1790954065.250716) can0 2A2#0000E0760000149B
(1790954065.250840) can0 2A3#00032431FFFD410D
(1790954065.250965) can0 2A4#00012473FFFD551E
(1790954065.251089) can0 2A5#0000133A0000135D
(1790954065.251203) can0 2A6#FFFFEC9B00000253
(1790954065.251318) can0 2A7#00004EADFFFFFD8E
(1790954065.255624) can0 2A1#0100010000000000
(1790954065.255739) can0 2A2#0000E0760000149B
(1790954065.255839) can0 2A3#00032431FFFD410D
(1790954065.255963) can0 2A4#00012473FFFD551E
(1790954065.256088) can0 2A5#0000133A0000135D
(1790954065.256213) can0 2A6#FFFFEC9B00000253
(1790954065.256339) can0 2A7#00004EADFFFFFD8E
(1790954065.260603) can0 2A1#0100010000000000
(1790954065.260716) can0 2A2#0000E0760000149B
(1790954065.260841) can0 2A3#00032431FFFD410D
(1790954065.260964) can0 2A4#00012473FFFD551E
(1790954065.261063) can0 2A5#0000133A0000135D
(1790954065.261188) can0 2A6#FFFFEC9B00000253
(1790954065.261313) can0 2A7#00004EADFFFFFD8E
(1790954065.265622) can0 2A1#0100010000000000
(1790954065.265740) can0 2A2#0000E0760000149B
(1790954065.265868) can0 2A3#00032431FFFD410D
(1790954065.265966) can0 2A4#00012473FFFD551E
(1790954065.266089) can0 2A5#0000133A0000135D
(1790954065.266215) can0 2A6#FFFFEC9B00000253
(1790954065.266340) can0 2A7#00004EADFFFFFD8E
(1790954065.270597) can0 2A1#0100010000000000
(1790954065.270716) can0 2A2#0000E0760000149B
(1790954065.270842) can0 2A3#00032431FFFD410D
(1790954065.270966) can0 2A4#00012473FFFD551E
(1790954065.271090) can0 2A5#0000133A0000135D
(1790954065.271190) can0 2A6#FFFFEC9B00000253
(1790954065.271316) can0 2A7#00004EADFFFFFD8E
(1790954065.275635) can0 2A1#0100010000000000
(1790954065.275739) can0 2A2#0000E0760000149B
(1790954065.275838) can0 2A3#00032431FFFD410D
(1790954065.275988) can0 2A4#00012473FFFD551E
(1790954065.276091) can0 2A5#0000133A0000135D
(1790954065.276215) can0 2A6#FFFFEC9B00000253
(1790954065.276340) can0 2A7#00004EADFFFFFD8E
(1790954065.280647) can0 2A1#0100010000000000
(1790954065.280723) can0 2A2#0000E0760000149B
(1790954065.280845) can0 2A3#00032431FFFD410D
(1790954065.280969) can0 2A4#00012473FFFD551E
(1790954065.281093) can0 2A5#0000133A0000135D
(1790954065.281192) can0 2A6#FFFFEC9B00000253
(1790954065.281318) can0 2A7#00004EADFFFFFD8E
(1790954065.285650) can0 2A1#0100010000000000
(1790954065.285747) can0 2A2#0000E0760000149B
(1790954065.285879) can0 2A3#00032431FFFD410D
(1790954065.286001) can0 2A4#00012473FFFD551E
(1790954065.286097) can0 2A5#0000133A0000135D
(1790954065.286224) can0 2A6#FFFFEC9B00000253
(1790954065.286350) can0 2A7#00004EADFFFFFD8E
(1790954065.290602) can0 2A1#0100010000000000
(1790954065.290717) can0 2A2#0000E0760000149B
(1790954065.290840) can0 2A3#00032431FFFD410D
(1790954065.290966) can0 2A4#00012473FFFD551E
(1790954065.291089) can0 2A5#0000133A0000135D
(1790954065.291192) can0 2A6#FFFFEC9B00000253
(1790954065.291314) can0 2A7#00004EADFFFFFD8E
(1790954065.295714) can0 2A1#0100010000000000
(1790954065.295745) can0 2A2#0000E0760000149B
(1790954065.295915) can0 2A3#00032431FFFD410D
(1790954065.296089) can0 2A4#00012473FFFD551E
(1790954065.296093) can0 2A5#0000133A0000135D
(1790954065.296286) can0 2A6#FFFFEC9B00000253
(1790954065.296340) can0 2A7#00004EADFFFFFD8E
(1790954065.300623) can0 2A1#0100010000000000
(1790954065.300723) can0 2A2#0000E0760000149B
(1790954065.300843) can0 2A3#00032431FFFD410D
(1790954065.300979) can0 2A4#00012473FFFD551E
(1790954065.301192) can0 2A5#0000133A0000135D
(1790954065.301198) can0 2A6#FFFFEC9B00000253
(1790954065.301390) can0 2A7#00004EADFFFFFD8E
(1790954065.305681) can0 2A1#0100010000000000
(1790954065.305741) can0 2A2#0000E0760000149B
(1790954065.305844) can0 2A3#00032431FFFD410D
(1790954065.306100) can0 2A4#00012473FFFD551E
(1790954065.306108) can0 2A5#0000133A0000135D
(1790954065.306310) can0 2A6#FFFFEC9B00000253
(1790954065.306341) can0 2A7#00004EADFFFFFD8E
(1790954065.310609) can0 2A1#0100010000000000
(1790954065.310719) can0 2A2#0000E0760000149B
(1790954065.310843) can0 2A3#00032431FFFD410D
(1790954065.310979) can0 2A4#00012473FFFD551E
(1790954065.311067) can0 2A5#0000133A0000135D
(1790954065.311193) can0 2A6#FFFFEC9B00000253
(1790954065.311320) can0 2A7#00004EADFFFFFD8E
(1790954065.315622) can0 2A1#0100010000000000
(1790954065.315846) can0 2A2#0000E0760000149B
(1790954065.315862) can0 2A3#00032431FFFD410D
(1790954065.316096) can0 2A4#00012473FFFD551E
(1790954065.316101) can0 2A5#0000133A0000135D
(1790954065.316342) can0 2A6#FFFFEC9B00000253
(1790954065.316347) can0 2A7#00004EADFFFFFD8E
(1790954065.320619) can0 2A1#0100010000000000
(1790954065.320714) can0 2A2#0000E0760000149B
(1790954065.320838) can0 2A3#00032431FFFD410D
(1790954065.320963) can0 2A4#00012473FFFD551E
(1790954065.321063) can0 2A5#0000133A0000135D
(1790954065.321188) can0 2A6#FFFFEC9B00000253
(1790954065.321319) can0 2A7#00004EADFFFFFD8E
(1790954065.325618) can0 2A1#0100010000000000
(1790954065.325741) can0 2A2#0000E0760000149B
(1790954065.325878) can0 2A3#00032431FFFD410D
(1790954065.325968) can0 2A4#00012473FFFD551E
(1790954065.326091) can0 2A5#0000133A0000135D
(1790954065.326217) can0 2A6#FFFFEC9B00000253
(1790954065.326317) can0 2A7#00004EADFFFFFD8E
(1790954065.330618) can0 2A1#0100010000000000
(1790954065.330717) can0 2A2#0000E0760000149B
(1790954065.330844) can0 2A3#00032431FFFD410D
(1790954065.330968) can0 2A4#00012473FFFD551E
(1790954065.331092) can0 2A5#0000133A0000135D
(1790954065.331218) can0 2A6#FFFFEC9B00000253
(1790954065.331315) can0 2A7#00004EADFFFFFD8E
(1790954065.335628) can0 2A1#0100010000000000
(1790954065.335741) can0 2A2#0000E0760000149B
(1790954065.335873) can0 2A3#00032431FFFD410D
(1790954065.335971) can0 2A4#00012473FFFD551E
(1790954065.336091) can0 2A5#0000133A0000135D
(1790954065.336217) can0 2A6#FFFFEC9B00000253
(1790954065.336343) can0 2A7#00004EADFFFFFD8E
(1790954065.340617) can0 2A1#0100010000000000
(1790954065.340743) can0 2A2#0000E0760000149B
(1790954065.340842) can0 2A3#00032431FFFD410D
(1790954065.340967) can0 2A4#00012473FFFD551E
(1790954065.341092) can0 2A5#0000133A0000135D
(1790954065.341193) can0 2A6#FFFFEC9B00000253
(1790954065.341315) can0 2A7#00004EADFFFFFD8E
(1790954065.345616) can0 2A1#0100010000000000
(1790954065.345739) can0 2A2#0000E0760000149B
(1790954065.345872) can0 2A3#00032431FFFD410D
(1790954065.345965) can0 2A4#00012473FFFD551E
(1790954065.346090) can0 2A5#0000133A0000135D
(1790954065.346215) can0 2A6#FFFFEC9B00000253
(1790954065.346313) can0 2A7#00004EADFFFFFD8E
(1790954065.350624) can0 2A1#0100010000000000
(1790954065.350743) can0 2A2#0000E0760000149B
(1790954065.350842) can0 2A3#00032431FFFD410D
(1790954065.350966) can0 2A4#00012473FFFD551E
(1790954065.351067) can0 2A5#0000133A0000135D
(1790954065.351191) can0 2A6#FFFFEC9B00000253
(1790954065.351316) can0 2A7#00004EADFFFFFD8E
(1790954065.355636) can0 2A1#0100010000000000
(1790954065.355746) can0 2A2#0000E0760000149B
(1790954065.355874) can0 2A3#00032431FFFD410D
(1790954065.355970) can0 2A4#00012473FFFD551E
(1790954065.356094) can0 2A5#0000133A0000135D
(1790954065.356221) can0 2A6#FFFFEC9B00000253
(1790954065.356341) can0 2A7#00004EADFFFFFD8E
(1790954065.360620) can0 2A1#0100010000000000
(1790954065.360741) can0 2A2#0000E0760000149B
(1790954065.360840) can0 2A3#00032431FFFD410D
(1790954065.360971) can0 2A4#00012473FFFD551E
(1790954065.361066) can0 2A5#0000133A0000135D
(1790954065.361214) can0 2A6#FFFFEC9B00000253
(1790954065.361340) can0 2A7#00004EADFFFFFD8E
(1790954065.365631) can0 2A1#0100010000000000
(1790954065.365744) can0 2A2#0000E0760000149B
(1790954065.365873) can0 2A3#00032431FFFD410D
(1790954065.365991) can0 2A4#00012473FFFD551E
(1790954065.366090) can0 2A5#0000133A0000135D
(1790954065.366215) can0 2A6#FFFFEC9B00000253
(1790954065.366352) can0 2A7#00004EADFFFFFD8E
(1790954065.370646) can0 2A1#0100010000000000
(1790954065.370717) can0 2A2#0000E0760000149B
(1790954065.370843) can0 2A3#00032431FFFD410D
(1790954065.370978) can0 2A4#00012473FFFD551E
(1790954065.371067) can0 2A5#0000133A0000135D
(1790954065.371192) can0 2A6#FFFFEC9B00000253
(1790954065.371318) can0 2A7#00004EADFFFFFD8E
(1790954065.375650) can0 2A1#0100010000000000
(1790954065.375740) can0 2A2#0000E0760000149B
(1790954065.375872) can0 2A3#00032431FFFD410D
(1790954065.375989) can0 2A4#00012473FFFD551E
(1790954065.376090) can0 2A5#0000133A0000135D
(1790954065.376216) can0 2A6#FFFFEC9B00000253
(1790954065.376339) can0 2A7#00004EADFFFFFD8E
(1790954065.380596) can0 2A1#0100010000000000
(1790954065.380717) can0 2A2#0000E0760000149B
(1790954065.380842) can0 2A3#00032431FFFD410D
(1790954065.380966) can0 2A4#00012473FFFD551E
(1790954065.381090) can0 2A5#0000133A0000135D
(1790954065.381191) can0 2A6#FFFFEC9B00000253
(1790954065.381317) can0 2A7#00004EADFFFFFD8E
(1790954065.385630) can0 2A1#0100010000000000
(1790954065.385717) can0 2A2#0000E0760000149B
(1790954065.385891) can0 2A3#00032431FFFD410D
(1790954065.385971) can0 2A4#00012473FFFD551E
(1790954065.386096) can0 2A5#0000133A0000135D
(1790954065.386222) can0 2A6#FFFFEC9B00000253
(1790954065.386347) can0 2A7#00004EADFFFFFD8E
(1790954065.390607) can0 2A1#0100010000000000
(1790954065.390718) can0 2A2#0000E0760000149B
(1790954065.390841) can0 2A3#00032431FFFD410D
(1790954065.390966) can0 2A4#00012473FFFD551E
(1790954065.391091) can0 2A5#0000133A0000135D
(1790954065.391190) can0 2A6#FFFFEC9B00000253
(1790954065.391316) can0 2A7#00004EADFFFFFD8E
(1790954065.395624) can0 2A1#0100010000000000
(1790954065.395739) can0 2A2#0000E0760000149B
(1790954065.395864) can0 2A3#00032431FFFD410D
(1790954065.395964) can0 2A4#00012473FFFD551E
(1790954065.396088) can0 2A5#0000133A0000135D
(1790954065.396214) can0 2A6#FFFFEC9B00000253
(1790954065.396339) can0 2A7#00004EADFFFFFD8E
(1790954065.400604) can0 2A1#0100010000000000
(1790954065.400717) can0 2A2#0000E0760000149B
(1790954065.400841) can0 2A3#00032431FFFD410D
(1790954065.400974) can0 2A4#00012473FFFD551E
(1790954065.401093) can0 2A5#0000133A0000135D
(1790954065.401191) can0 2A6#FFFFEC9B00000253
(1790954065.401318) can0 2A7#00004EADFFFFFD8E
(1790954065.405629) can0 2A1#0100010000000000
(1790954065.405743) can0 2A2#0000E0760000149B
(1790954065.405869) can0 2A3#00032431FFFD410D
(1790954065.405991) can0 2A4#00012473FFFD551E
(1790954065.406091) can0 2A5#0000133A0000135D
(1790954065.406214) can0 2A6#FFFFEC9B00000253
(1790954065.406340) can0 2A7#00004EADFFFFFD8E
(1790954065.410615) can0 2A1#0100010000000000
(1790954065.410714) can0 2A2#0000E0760000149B
(1790954065.410838) can0 2A3#00032431FFFD410D
(1790954065.410963) can0 2A4#00012473FFFD551E
(1790954065.411088) can0 2A5#0000133A0000135D
(1790954065.411188) can0 2A6#FFFFEC9B00000253
(1790954065.411313) can0 2A7#00004EADFFFFFD8E
(1790954065.415630) can0 2A1#0100010000000000
(1790954065.415744) can0 2A2#0000E0760000149B
(1790954065.415877) can0 2A3#00032431FFFD410D
(1790954065.415991) can0 2A4#00012473FFFD551E
(1790954065.416090) can0 2A5#0000133A0000135D
(1790954065.416216) can0 2A6#FFFFEC9B00000253
(1790954065.416342) can0 2A7#00004EADFFFFFD8E
(1790954065.420629) can0 2A1#0100010000000000
(1790954065.420717) can0 2A2#0000E0760000149B
(1790954065.420840) can0 2A3#00032431FFFD410D
(1790954065.420967) can0 2A4#00012473FFFD551E
(1790954065.421066) can0 2A5#0000133A0000135D
(1790954065.421218) can0 2A6#FFFFEC9B00000253
(1790954065.421317) can0 2A7#00004EADFFFFFD8E
(1790954065.425626) can0 2A1#0100010000000000
(1790954065.425744) can0 2A2#0000E0760000149B
(1790954065.425876) can0 2A3#00032431FFFD410D
(1790954065.425964) can0 2A4#00012473FFFD551E
(1790954065.426089) can0 2A5#0000133A0000135D
(1790954065.426213) can0 2A6#FFFFEC9B00000253
(1790954065.426339) can0 2A7#00004EADFFFFFD8E
(1790954065.430620) can0 2A1#0100010000000000
(1790954065.430714) can0 2A2#0000E0760000149B
(1790954065.430838) can0 2A3#00032431FFFD410D
(1790954065.430963) can0 2A4#00012473FFFD551E
(1790954065.431087) can0 2A5#0000133A0000135D
(1790954065.431187) can0 2A6#FFFFEC9B00000253
(1790954065.431339) can0 2A7#00004EADFFFFFD8E
(1790954065.435641) can0 2A1#0100010000000000
(1790954065.435743) can0 2A2#0000E0760000149B
(1790954065.435881) can0 2A3#00032431FFFD410D
(1790954065.435972) can0 2A4#00012473FFFD551E
(1790954065.436097) can0 2A5#0000133A0000135D
(1790954065.436221) can0 2A6#FFFFEC9B00000253
(1790954065.436321) can0 2A7#00004EADFFFFFD8E
(1790954065.440599) can0 2A1#0100010000000000
(1790954065.440714) can0 2A2#0000E0760000149B
(1790954065.440838) can0 2A3#00032431FFFD410D
(1790954065.440963) can0 2A4#00012473FFFD551E
(1790954065.441088) can0 2A5#0000133A0000135D
(1790954065.441189) can0 2A6#FFFFEC9B00000253
(1790954065.441319) can0 2A7#00004EADFFFFFD8E
(1790954065.445622) can0 2A1#0100010000000000
(1790954065.445741) can0 2A2#0000E0760000149B
(1790954065.445867) can0 2A3#00032431FFFD410D
(1790954065.445991) can0 2A4#00012473FFFD551E
(1790954065.446092) can0 2A5#0000133A0000135D
(1790954065.446216) can0 2A6#FFFFEC9B00000253
(1790954065.446341) can0 2A7#00004EADFFFFFD8E
(1790954065.450636) can0 2A1#0100010000000000
(1790954065.450742) can0 2A2#0000E0760000149B
(1790954065.450841) can0 2A3#00032431FFFD410D
(1790954065.450965) can0 2A4#00012473FFFD551E
(1790954065.451090) can0 2A5#0000133A0000135D
(1790954065.451215) can0 2A6#FFFFEC9B00000253
(1790954065.451316) can0 2A7#00004EADFFFFFD8E
(1790954065.455626) can0 2A1#0100010000000000
(1790954065.455739) can0 2A2#0000E0760000149B
(1790954065.455866) can0 2A3#00032431FFFD410D
(1790954065.455988) can0 2A4#00012473FFFD551E
(1790954065.456088) can0 2A5#0000133A0000135D
(1790954065.456214) can0 2A6#FFFFEC9B00000253
(1790954065.456340) can0 2A7#00004EADFFFFFD8E
(1790954065.460622) can0 2A1#0100010000000000
(1790954065.460739) can0 2A2#0000E0760000149B
(1790954065.460838) can0 2A3#00032431FFFD410D
(1790954065.460965) can0 2A4#00012473FFFD551E
(1790954065.461063) can0 2A5#0000133A0000135D
(1790954065.461189) can0 2A6#FFFFEC9B00000253
(1790954065.461315) can0 2A7#00004EADFFFFFD8E
(1790954065.465624) can0 2A1#0100010000000000
(1790954065.465741) can0 2A2#0000E0760000149B
(1790954065.465877) can0 2A3#00032431FFFD410D
(1790954065.465971) can0 2A4#00012473FFFD551E
(1790954065.466089) can0 2A5#0000133A0000135D
(1790954065.466191) can0 2A6#FFFFEC9B00000253
(1790954065.466341) can0 2A7#00004EADFFFFFD8E
(1790954065.470597) can0 2A1#0100010000000000
(1790954065.470718) can0 2A2#0000E0760000149B
(1790954065.470841) can0 2A3#00032431FFFD410D
(1790954065.470970) can0 2A4#00012473FFFD551E
(1790954065.471091) can0 2A5#0000133A0000135D
(1790954065.471191) can0 2A6#FFFFEC9B00000253
(1790954065.471316) can0 2A7#00004EADFFFFFD8E
(1790954065.475624) can0 2A1#0100010000000000
(1790954065.475741) can0 2A2#0000E0760000149B
(1790954065.475866) can0 2A3#00032431FFFD410D
(1790954065.475991) can0 2A4#00012473FFFD551E
(1790954065.476089) can0 2A5#0000133A0000135D
(1790954065.476214) can0 2A6#FFFFEC9B00000253
(1790954065.476339) can0 2A7#00004EADFFFFFD8E
(1790954065.480619) can0 2A1#0100010000000000
(1790954065.480716) can0 2A2#0000E0760000149B
(1790954065.480840) can0 2A3#00032431FFFD410D
(1790954065.480965) can0 2A4#00012473FFFD551E
(1790954065.481091) can0 2A5#0000133A0000135D
(1790954065.481191) can0 2A6#FFFFEC9B00000253
(1790954065.481315) can0 2A7#00004EADFFFFFD8E
(1790954065.485625) can0 2A1#0100010000000000
(1790954065.485741) can0 2A2#0000E0760000149B
(1790954065.485869) can0 2A3#00032431FFFD410D
(1790954065.485966) can0 2A4#00012473FFFD551E
(1790954065.486088) can0 2A5#0000133A0000135D
(1790954065.486213) can0 2A6#FFFFEC9B00000253
(1790954065.486338) can0 2A7#00004EADFFFFFD8E
(1790954065.490617) can0 2A1#0100010000000000
(1790954065.490717) can0 2A2#0000E0760000149B
(1790954065.490838) can0 2A3#00032431FFFD410D
(1790954065.490963) can0 2A4#00012473FFFD551E
(1790954065.491088) can0 2A5#0000133A0000135D
(1790954065.491213) can0 2A6#FFFFEC9B00000253
(1790954065.491314) can0 2A7#00004EADFFFFFD8E
(1790954065.495619) can0 2A1#0100010000000000
(1790954065.495740) can0 2A2#0000E0760000149B
(1790954065.495887) can0 2A3#00032431FFFD410D
(1790954065.495971) can0 2A4#00012473FFFD551E
(1790954065.496095) can0 2A5#0000133A0000135D
(1790954065.496220) can0 2A6#FFFFEC9B00000253
(1790954065.496345) can0 2A7#00004EADFFFFFD8E
(1790954065.500597) can0 2A1#0100010000000000
(1790954065.500714) can0 2A2#0000E0760000149B
(1790954065.500840) can0 2A3#00032431FFFD410D
(1790954065.500964) can0 2A4#00012473FFFD551E
(1790954065.501090) can0 2A5#0000133A0000135D
(1790954065.501192) can0 2A6#FFFFEC9B00000253
(1790954065.501316) can0 2A7#00004EADFFFFFD8E
(1790954065.505619) can0 2A1#0100010000000000
(1790954065.505740) can0 2A2#0000E0760000149B
(1790954065.505874) can0 2A3#00032431FFFD410D
(1790954065.505990) can0 2A4#00012473FFFD551E
(1790954065.506091) can0 2A5#0000133A0000135D
(1790954065.506215) can0 2A6#FFFFEC9B00000253
(1790954065.506341) can0 2A7#00004EADFFFFFD8E
(1790954065.510614) can0 2A1#0100010000000000
(1790954065.510713) can0 2A2#0000E0760000149B
(1790954065.510838) can0 2A3#00032431FFFD410D
(1790954065.510963) can0 2A4#00012473FFFD551E
(1790954065.511087) can0 2A5#0000133A0000135D
(1790954065.511215) can0 2A6#FFFFEC9B00000253
(1790954065.511340) can0 2A7#00004EADFFFFFD8E
(1790954065.515621) can0 2A1#0100010000000000
(1790954065.515740) can0 2A2#0000E0760000149B
(1790954065.515868) can0 2A3#00032431FFFD410D
(1790954065.515965) can0 2A4#00012473FFFD551E
(1790954065.516090) can0 2A5#0000133A0000135D
(1790954065.516220) can0 2A6#FFFFEC9B00000253
(1790954065.516343) can0 2A7#00004EADFFFFFD8E
(1790954065.520605) can0 2A1#0100010000000000
(1790954065.520715) can0 2A2#0000E0760000149B
(1790954065.520838) can0 2A3#00032431FFFD410D
(1790954065.520964) can0 2A4#00012473FFFD551E
(1790954065.521088) can0 2A5#0000133A0000135D
(1790954065.521188) can0 2A6#FFFFEC9B00000253
(1790954065.521314) can0 2A7#00004EADFFFFFD8E
(1790954065.525621) can0 2A1#0100010000000000
(1790954065.525738) can0 2A2#0000E0760000149B
(1790954065.525866) can0 2A3#00032431FFFD410D
(1790954065.525988) can0 2A4#00012473FFFD551E
(1790954065.526088) can0 2A5#0000133A0000135D
(1790954065.526212) can0 2A6#FFFFEC9B00000253
(1790954065.526342) can0 2A7#00004EADFFFFFD8E
(1790954065.530593) can0 2A1#0100010000000000
(1790954065.530716) can0 2A2#0000E0760000149B
(1790954065.530841) can0 2A3#00032431FFFD410D
(1790954065.530966) can0 2A4#00012473FFFD551E
(1790954065.531090) can0 2A5#0000133A0000135D
(1790954065.531190) can0 2A6#FFFFEC9B00000253
(1790954065.531315) can0 2A7#00004EADFFFFFD8E
(1790954065.535627) can0 2A1#0100010000000000
(1790954065.535742) can0 2A2#0000E0760000149B
(1790954065.535871) can0 2A3#00032431FFFD410D
(1790954065.535993) can0 2A4#00012473FFFD551E
(1790954065.536090) can0 2A5#0000133A0000135D
(1790954065.536215) can0 2A6#FFFFEC9B00000253
(1790954065.536341) can0 2A7#00004EADFFFFFD8E
(1790954065.540622) can0 2A1#0100010000000000
(1790954065.540740) can0 2A2#0000E0760000149B
(1790954065.540838) can0 2A3#00032431FFFD410D
(1790954065.540963) can0 2A4#00012473FFFD551E
(1790954065.541064) can0 2A5#0000133A0000135D
(1790954065.541189) can0 2A6#FFFFEC9B00000253
(1790954065.541315) can0 2A7#00004EADFFFFFD8E
(1790954065.545621) can0 2A1#0100010000000000
(1790954065.545741) can0 2A2#0000E0760000149B
(1790954065.545881) can0 2A3#00032431FFFD410D
(1790954065.545965) can0 2A4#00012473FFFD551E
(1790954065.546091) can0 2A5#0000133A0000135D
(1790954065.546216) can0 2A6#FFFFEC9B00000253
(1790954065.546342) can0 2A7#00004EADFFFFFD8E
(1790954065.550598) can0 2A1#0100010000000000
(1790954065.550716) can0 2A2#0000E0760000149B
(1790954065.550840) can0 2A3#00032431FFFD410D
(1790954065.550966) can0 2A4#00012473FFFD551E
(1790954065.551089) can0 2A5#0000133A0000135D
(1790954065.551191) can0 2A6#FFFFEC9B00000253
(1790954065.551315) can0 2A7#00004EADFFFFFD8E
(1790954065.555616) can0 2A1#0100010000000000
(1790954065.555740) can0 2A2#0000E0760000149B
(1790954065.555869) can0 2A3#00032431FFFD410D
(1790954065.555988) can0 2A4#00012473FFFD551E
(1790954065.556088) can0 2A5#0000133A0000135D
(1790954065.556213) can0 2A6#FFFFEC9B00000253
(1790954065.556314) can0 2A7#00004EADFFFFFD8E
(1790954065.560619) can0 2A1#0100010000000000
(1790954065.560715) can0 2A2#0000E0760000149B
(1790954065.560840) can0 2A3#00032431FFFD410D
(1790954065.560965) can0 2A4#00012473FFFD551E
(1790954065.561089) can0 2A5#0000133A0000135D
(1790954065.561215) can0 2A6#FFFFEC9B00000253
(1790954065.561340) can0 2A7#00004EADFFFFFD8E
(1790954065.565621) can0 2A1#0100010000000000
(1790954065.565741) can0 2A2#0000E0760000149B
(1790954065.565878) can0 2A3#00032431FFFD410D
(1790954065.565972) can0 2A4#00012473FFFD551E
(1790954065.566090) can0 2A5#0000133A0000135D
(1790954065.566216) can0 2A6#FFFFEC9B00000253
(1790954065.566342) can0 2A7#00004EADFFFFFD8E
(1790954065.570595) can0 2A1#0100010000000000
(1790954065.570715) can0 2A2#0000E0760000149B
(1790954065.570839) can0 2A3#00032431FFFD410D
(1790954065.570964) can0 2A4#00012473FFFD551E
(1790954065.571089) can0 2A5#0000133A0000135D
(1790954065.571193) can0 2A6#FFFFEC9B00000253
(1790954065.571314) can0 2A7#00004EADFFFFFD8E
(1790954065.575617) can0 2A1#0100010000000000
(1790954065.575739) can0 2A2#0000E0760000149B
(1790954065.575872) can0 2A3#00032431FFFD410D
(1790954065.575989) can0 2A4#00012473FFFD551E
(1790954065.576088) can0 2A5#0000133A0000135D
(1790954065.576214) can0 2A6#FFFFEC9B00000253
(1790954065.576339) can0 2A7#00004EADFFFFFD8E
(1790954065.580618) can0 2A1#0100010000000000
(1790954065.580740) can0 2A2#0000E0760000149B
(1790954065.580840) can0 2A3#00032431FFFD410D
(1790954065.580966) can0 2A4#00012473FFFD551E
(1790954065.581090) can0 2A5#0000133A0000135D
(1790954065.581190) can0 2A6#FFFFEC9B00000253
(1790954065.581315) can0 2A7#00004EADFFFFFD8E
(1790954065.585627) can0 2A1#0100010000000000
(1790954065.585741) can0 2A2#0000E0760000149B
(1790954065.585871) can0 2A3#00032431FFFD410D
(1790954065.585966) can0 2A4#00012473FFFD551E
(1790954065.586090) can0 2A5#0000133A0000135D
(1790954065.586227) can0 2A6#FFFFEC9B00000253
(1790954065.586339) can0 2A7#00004EADFFFFFD8E
(1790954065.590626) can0 2A1#0100010000000000
(1790954065.590745) can0 2A2#0000E0760000149B
(1790954065.590842) can0 2A3#00032431FFFD410D
(1790954065.590965) can0 2A4#00012473FFFD551E
(1790954065.591090) can0 2A5#0000133A0000135D
(1790954065.591190) can0 2A6#FFFFEC9B00000253
(1790954065.591316) can0 2A7#00004EADFFFFFD8E
(1790954065.595760) can0 2A1#0100010000000000
(1790954065.595773) can0 2A2#0000E0760000149B
(1790954065.595994) can0 2A3#00032431FFFD410D
(1790954065.596002) can0 2A4#00012473FFFD551E
(1790954065.596194) can0 2A5#0000133A0000135D
(1790954065.596219) can0 2A6#FFFFEC9B00000253
(1790954065.596389) can0 2A7#00004EADFFFFFD8E
(1790954065.600669) can0 2A1#0100010000000000
(1790954065.600716) can0 2A2#0000E0760000149B
(1790954065.600843) can0 2A3#00032431FFFD410D
(1790954065.600967) can0 2A4#00012473FFFD551E
(1790954065.601092) can0 2A5#0000133A0000135D
(1790954065.601192) can0 2A6#FFFFEC9B00000253
(1790954065.601317) can0 2A7#00004EADFFFFFD8E
(1790954065.605720) can0 2A1#0100010000000000
(1790954065.605754) can0 2A2#0000E0760000149B
(1790954065.605883) can0 2A3#00032431FFFD410D
(1790954065.606082) can0 2A4#00012473FFFD551E
(1790954065.606109) can0 2A5#0000133A0000135D
(1790954065.606283) can0 2A6#FFFFEC9B00000253
(1790954065.606457) can0 2A7#00004EADFFFFFD8E
(1790954065.610720) can0 2A1#0100010000000000
(1790954065.610753) can0 2A2#0000E0760000149B
(1790954065.610841) can0 2A3#00032431FFFD410D
(1790954065.610964) can0 2A4#00012473FFFD551E
(1790954065.611089) can0 2A5#0000133A0000135D
(1790954065.611189) can0 2A6#FFFFEC9B00000253
(1790954065.611314) can0 2A7#00004EADFFFFFD8E
(1790954065.615718) can0 2A1#0100010000000000
(1790954065.615746) can0 2A2#0000E0760000149B
(1790954065.615998) can0 2A3#00032431FFFD410D
(1790954065.616005) can0 2A4#00012473FFFD551E
(1790954065.616093) can0 2A5#0000133A0000135D
(1790954065.616216) can0 2A6#FFFFEC9B00000253
(1790954065.616341) can0 2A7#00004EADFFFFFD8E
(1790954065.620701) can0 2A1#0100010000000000
(1790954065.620736) can0 2A2#0000E0760000149B
(1790954065.620935) can0 2A3#00032431FFFD410D
(1790954065.620966) can0 2A4#00012473FFFD551E
(1790954065.621092) can0 2A5#0000133A0000135D
(1790954065.621327) can0 2A6#FFFFEC9B00000253
(1790954065.621334) can0 2A7#00004EADFFFFFD8E
(1790954065.625710) can0 2A1#0100010000000000
(1790954065.625744) can0 2A2#0000E0760000149B
(1790954065.625879) can0 2A3#00032431FFFD410D
(1790954065.626117) can0 2A4#00012473FFFD551E
(1790954065.626125) can0 2A5#0000133A0000135D
(1790954065.626273) can0 2A6#FFFFEC9B00000253
(1790954065.626403) can0 2A7#00004EADFFFFFD8E
(1790954065.630723) can0 2A1#0100010000000000
(1790954065.630735) can0 2A2#0000E0760000149B
(1790954065.630931) can0 2A3#00032431FFFD410D
(1790954065.630966) can0 2A4#00012473FFFD551E
(1790954065.631195) can0 2A5#0000133A0000135D
(1790954065.631219) can0 2A6#FFFFEC9B00000253
(1790954065.631415) can0 2A7#00004EADFFFFFD8E
(1790954065.635712) can0 2A1#0100010000000000
(1790954065.635747) can0 2A2#0000E0760000149B
(1790954065.635873) can0 2A3#00032431FFFD410D
(1790954065.636063) can0 2A4#00012473FFFD551E
(1790954065.636092) can0 2A5#0000133A0000135D
(1790954065.636219) can0 2A6#FFFFEC9B00000253
(1790954065.636342) can0 2A7#00004EADFFFFFD8E
(1790954065.640683) can0 2A1#0100010000000000
(1790954065.640740) can0 2A2#0000E0760000149B
(1790954065.640838) can0 2A3#00032431FFFD410D
(1790954065.641068) can0 2A4#00012473FFFD551E
(1790954065.641094) can0 2A5#0000133A0000135D
(1790954065.641262) can0 2A6#FFFFEC9B00000253
(1790954065.641419) can0 2A7#00004EADFFFFFD8E
(1790954065.645723) can0 2A1#0100010000000000
(1790954065.645754) can0 2A2#0000E0760000149B
(1790954065.645918) can0 2A3#00032431FFFD410D
(1790954065.646090) can0 2A4#00012473FFFD551E
(1790954065.646094) can0 2A5#0000133A0000135D
(1790954065.646266) can0 2A6#FFFFEC9B00000253
(1790954065.646438) can0 2A7#00004EADFFFFFD8E
(1790954065.650767) can0 2A1#0100010000000000
(1790954065.650782) can0 2A2#0000E0760000149B
(1790954065.650930) can0 2A3#00032431FFFD410D
(1790954065.651104) can0 2A4#00012473FFFD551E
(1790954065.651110) can0 2A5#0000133A0000135D
(1790954065.651292) can0 2A6#FFFFEC9B00000253
(1790954065.651448) can0 2A7#00004EADFFFFFD8E
(1790954065.655718) can0 2A1#0100010000000000
(1790954065.655741) can0 2A2#0000E0760000149B
(1790954065.655938) can0 2A3#00032431FFFD410D
(1790954065.655966) can0 2A4#00012473FFFD551E
(1790954065.656167) can0 2A5#0000133A0000135D
(1790954065.656345) can0 2A6#FFFFEC9B00000253
(1790954065.656350) can0 2A7#00004EADFFFFFD8E
(1790954065.660739) can0 2A1#0100010000000000
(1790954065.660747) can0 2A2#0000E0760000149B
(1790954065.660917) can0 2A3#00032431FFFD410D
(1790954065.661090) can0 2A4#00012473FFFD551E
(1790954065.661095) can0 2A5#0000133A0000135D
(1790954065.661278) can0 2A6#FFFFEC9B00000253
(1790954065.661472) can0 2A7#00004EADFFFFFD8E
(1790954065.665746) can0 2A1#0100010000000000
(1790954065.665753) can0 2A2#0000E0760000149B
(1790954065.665871) can0 2A3#00032431FFFD410D
(1790954065.666061) can0 2A4#00012473FFFD551E
(1790954065.666090) can0 2A5#0000133A0000135D
(1790954065.666297) can0 2A6#FFFFEC9B00000253
(1790954065.666473) can0 2A7#00004EADFFFFFD8E
(1790954065.670631) can0 2A1#0100010000000000
(1790954065.670741) can0 2A2#0000E0760000149B
(1790954065.670840) can0 2A3#00032431FFFD410D
(1790954065.671035) can0 2A4#00012473FFFD551E
(1790954065.671170) can0 2A5#0000133A0000135D
(1790954065.671203) can0 2A6#FFFFEC9B00000253
(1790954065.671409) can0 2A7#00004EADFFFFFD8E
(1790954065.675702) can0 2A1#0100010000000000
(1790954065.675743) can0 2A2#0000E0760000149B
(1790954065.675875) can0 2A3#00032431FFFD410D
(1790954065.675971) can0 2A4#00012473FFFD551E
(1790954065.676089) can0 2A5#0000133A0000135D
(1790954065.676214) can0 2A6#FFFFEC9B00000253
(1790954065.676340) can0 2A7#00004EADFFFFFD8E
(1790954065.680755) can0 2A1#0100010000000000
(1790954065.680768) can0 2A2#0000E0760000149B
(1790954065.680940) can0 2A3#00032431FFFD410D
(1790954065.680969) can0 2A4#00012473FFFD551E
(1790954065.681159) can0 2A5#0000133A0000135D
(1790954065.681327) can0 2A6#FFFFEC9B00000253
(1790954065.681332) can0 2A7#00004EADFFFFFD8E
(1790954065.685680) can0 2A1#0100010000000000
(1790954065.685744) can0 2A2#0000E0760000149B
(1790954065.685938) can0 2A3#00032431FFFD410D
(1790954065.686100) can0 2A4#00012473FFFD551E
(1790954065.686105) can0 2A5#0000133A0000135D
(1790954065.686286) can0 2A6#FFFFEC9B00000253
(1790954065.686342) can0 2A7#00004EADFFFFFD8E
(1790954065.690603) can0 2A1#0100010000000000
(1790954065.690718) can0 2A2#0000E0760000149B
(1790954065.690840) can0 2A3#00032431FFFD410D
(1790954065.690965) can0 2A4#00012473FFFD551E
(1790954065.691089) can0 2A5#0000133A0000135D
(1790954065.691189) can0 2A6#FFFFEC9B00000253
(1790954065.691315) can0 2A7#00004EADFFFFFD8E
(1790954065.695709) can0 2A1#0100010000000000
(1790954065.695744) can0 2A2#0000E0760000149B
(1790954065.695871) can0 2A3#00032431FFFD410D
(1790954065.696074) can0 2A4#00012473FFFD551E
(1790954065.696088) can0 2A5#0000133A0000135D
(1790954065.696216) can0 2A6#FFFFEC9B00000253
(1790954065.696341) can0 2A7#00004EADFFFFFD8E
(1790954065.700631) can0 2A1#0100010000000000
(1790954065.700745) can0 2A2#0000E0760000149B
(1790954065.700840) can0 2A3#00032431FFFD410D
(1790954065.700968) can0 2A4#00012473FFFD551E
(1790954065.701065) can0 2A5#0000133A0000135D
(1790954065.701190) can0 2A6#FFFFEC9B00000253
(1790954065.701315) can0 2A7#00004EADFFFFFD8E
(1790954065.705710) can0 2A1#0100010000000000
(1790954065.705741) can0 2A2#0000E0760000149B
(1790954065.705941) can0 2A3#00032431FFFD410D
(1790954065.705966) can0 2A4#00012473FFFD551E
(1790954065.706172) can0 2A5#0000133A0000135D
(1790954065.706505) can0 2A6#FFFFEC9B00000253
(1790954065.706510) can0 2A7#00004EADFFFFFD8E
(1790954065.710727) can0 2A1#0100010000000000
(1790954065.710734) can0 2A2#0000E0760000149B
(1790954065.710839) can0 2A3#00032431FFFD410D
(1790954065.710964) can0 2A4#00012473FFFD551E
(1790954065.711088) can0 2A5#0000133A0000135D
(1790954065.711188) can0 2A6#FFFFEC9B00000253
(1790954065.711313) can0 2A7#00004EADFFFFFD8E
(1790954065.715625) can0 2A1#0100010000000000
(1790954065.715741) can0 2A2#0000E0760000149B
(1790954065.715865) can0 2A3#00032431FFFD410D
(1790954065.715991) can0 2A4#00012473FFFD551E
(1790954065.716090) can0 2A5#0000133A0000135D
(1790954065.716215) can0 2A6#FFFFEC9B00000253
(1790954065.716341) can0 2A7#00004EADFFFFFD8E
(1790954065.720621) can0 2A1#0100010000000000
(1790954065.720715) can0 2A2#0000E0760000149B
(1790954065.720841) can0 2A3#00032431FFFD410D
(1790954065.720966) can0 2A4#00012473FFFD551E
(1790954065.721091) can0 2A5#0000133A0000135D
(1790954065.721216) can0 2A6#FFFFEC9B00000253
(1790954065.721316) can0 2A7#00004EADFFFFFD8E
(1790954065.725624) can0 2A1#0100010000000000
(1790954065.725741) can0 2A2#0000E0760000149B
(1790954065.725875) can0 2A3#00032431FFFD410D
(1790954065.725989) can0 2A4#00012473FFFD551E
(1790954065.726088) can0 2A5#0000133A0000135D
(1790954065.726213) can0 2A6#FFFFEC9B00000253
(1790954065.726339) can0 2A7#00004EADFFFFFD8E
(1790954065.730593) can0 2A1#0100010000000000
(1790954065.730716) can0 2A2#0000E0760000149B
(1790954065.730840) can0 2A3#00032431FFFD410D
(1790954065.730965) can0 2A4#00012473FFFD551E
(1790954065.731090) can0 2A5#0000133A0000135D
(1790954065.731190) can0 2A6#FFFFEC9B00000253
(1790954065.731315) can0 2A7#00004EADFFFFFD8E
(1790954065.735620) can0 2A1#0100010000000000
(1790954065.735740) can0 2A2#0000E0760000149B
(1790954065.735866) can0 2A3#00032431FFFD410D
(1790954065.735991) can0 2A4#00012473FFFD551E
(1790954065.736090) can0 2A5#0000133A0000135D
(1790954065.736215) can0 2A6#FFFFEC9B00000253
(1790954065.736317) can0 2A7#00004EADFFFFFD8E
(1790954065.740621) can0 2A1#0100010000000000
(1790954065.740738) can0 2A2#0000E0760000149B
(1790954065.740839) can0 2A3#00032431FFFD410D
(1790954065.740963) can0 2A4#00012473FFFD551E
(1790954065.741063) can0 2A5#0000133A0000135D
(1790954065.741217) can0 2A6#FFFFEC9B00000253
(1790954065.741314) can0 2A7#00004EADFFFFFD8E
(1790954065.745619) can0 2A1#0100010000000000
(1790954065.745742) can0 2A2#0000E0760000149B
(1790954065.745864) can0 2A3#00032431FFFD410D
(1790954065.745970) can0 2A4#00012473FFFD551E
(1790954065.746092) can0 2A5#0000133A0000135D
(1790954065.746215) can0 2A6#FFFFEC9B00000253
(1790954065.746352) can0 2A7#00004EADFFFFFD8E
(1790954065.750640) can0 2A1#0100010000000000
(1790954065.750741) can0 2A2#0000E0760000149B
(1790954065.750873) can0 2A3#00032431FFFD410D
(1790954065.750966) can0 2A4#00012473FFFD551E
(1790954065.751092) can0 2A5#0000133A0000135D
(1790954065.751192) can0 2A6#FFFFEC9B00000253
(1790954065.751316) can0 2A7#00004EADFFFFFD8E
(1790954065.755662) can0 2A1#0100010000000000
(1790954065.755746) can0 2A2#0000E0760000149B
(1790954065.755882) can0 2A3#00032431FFFD410D
(1790954065.755993) can0 2A4#00012473FFFD551E
(1790954065.756093) can0 2A5#0000133A0000135D
(1790954065.756301) can0 2A6#FFFFEC9B00000253
(1790954065.756341) can0 2A7#00004EADFFFFFD8E
(1790954065.760648) can0 2A1#0100010000000000
(1790954065.760743) can0 2A2#0000E0760000149B
(1790954065.760840) can0 2A3#00032431FFFD410D
(1790954065.760966) can0 2A4#00012473FFFD551E
(1790954065.761065) can0 2A5#0000133A0000135D
(1790954065.761217) can0 2A6#FFFFEC9B00000253
(1790954065.761341) can0 2A7#00004EADFFFFFD8E
(1790954065.765649) can0 2A1#0100010000000000
(1790954065.765749) can0 2A2#0000E0760000149B
(1790954065.765885) can0 2A3#00032431FFFD410D
(1790954065.765999) can0 2A4#00012473FFFD551E
(1790954065.766096) can0 2A5#0000133A0000135D
(1790954065.766246) can0 2A6#FFFFEC9B00000253
(1790954065.766322) can0 2A7#00004EADFFFFFD8E
(1790954065.770622) can0 2A1#0100010000000000
(1790954065.770717) can0 2A2#0000E0760000149B
(1790954065.770839) can0 2A3#00032431FFFD410D
(1790954065.770965) can0 2A4#00012473FFFD551E
(1790954065.771089) can0 2A5#0000133A0000135D
(1790954065.771214) can0 2A6#FFFFEC9B00000253
(1790954065.771315) can0 2A7#00004EADFFFFFD8E
(1790954065.775629) can0 2A1#0100010000000000
(1790954065.775742) can0 2A2#0000E0760000149B
(1790954065.775870) can0 2A3#00032431FFFD410D
(1790954065.775990) can0 2A4#00012473FFFD551E
(1790954065.776090) can0 2A5#0000133A0000135D
(1790954065.776214) can0 2A6#FFFFEC9B00000253
(1790954065.776340) can0 2A7#00004EADFFFFFD8E
(1790954065.780638) can0 2A1#0100010000000000
(1790954065.780742) can0 2A2#0000E0760000149B
(1790954065.780840) can0 2A3#00032431FFFD410D
(1790954065.780965) can0 2A4#00012473FFFD551E
(1790954065.781090) can0 2A5#0000133A0000135D
(1790954065.781190) can0 2A6#FFFFEC9B00000253
(1790954065.781315) can0 2A7#00004EADFFFFFD8E
(1790954065.785629) can0 2A1#0100010000000000
(1790954065.785746) can0 2A2#0000E0760000149B
(1790954065.785881) can0 2A3#00032431FFFD410D
(1790954065.785992) can0 2A4#00012473FFFD551E
(1790954065.786090) can0 2A5#0000133A0000135D
(1790954065.786215) can0 2A6#FFFFEC9B00000253
(1790954065.786340) can0 2A7#00004EADFFFFFD8E
(1790954065.790626) can0 2A1#0100010000000000
(1790954065.790717) can0 2A2#0000E0760000149B
(1790954065.790841) can0 2A3#00032431FFFD410D
(1790954065.790967) can0 2A4#00012473FFFD551E
(1790954065.791092) can0 2A5#0000133A0000135D
(1790954065.791217) can0 2A6#FFFFEC9B00000253
(1790954065.791341) can0 2A7#00004EADFFFFFD8E
(1790954065.795627) can0 2A1#0100010000000000
(1790954065.795741) can0 2A2#0000E0760000149B
(1790954065.795839) can0 2A3#00032431FFFD410D
(1790954065.795989) can0 2A4#00012473FFFD551E
(1790954065.796120) can0 2A5#0000133A0000135D
(1790954065.796215) can0 2A6#FFFFEC9B00000253
(1790954065.796341) can0 2A7#00004EADFFFFFD8E
(1790954065.800635) can0 2A1#0100010000000000
(1790954065.800717) can0 2A2#0000E0760000149B
(1790954065.800841) can0 2A3#00032431FFFD410D
(1790954065.800966) can0 2A4#00012473FFFD551E
(1790954065.801107) can0 2A5#0000133A0000135D
(1790954065.801219) can0 2A6#FFFFEC9B00000253
(1790954065.801318) can0 2A7#00004EADFFFFFD8E
(1790954065.805652) can0 2A1#0100010000000000
(1790954065.805749) can0 2A2#0000E0760000149B
(1790954065.805871) can0 2A3#00032431FFFD410D
(1790954065.806057) can0 2A4#00012473FFFD551E
(1790954065.806091) can0 2A5#0000133A0000135D
(1790954065.806217) can0 2A6#FFFFEC9B00000253
(1790954065.806342) can0 2A7#00004EADFFFFFD8E
(1790954065.810626) can0 2A1#0100010000000000
(1790954065.810740) can0 2A2#0000E0760000149B
(1790954065.810839) can0 2A3#00032431FFFD410D
(1790954065.810965) can0 2A4#00012473FFFD551E
(1790954065.811089) can0 2A5#0000133A0000135D
(1790954065.811214) can0 2A6#FFFFEC9B00000253
(1790954065.811339) can0 2A7#00004EADFFFFFD8E
(1790954065.815649) can0 2A1#0100010000000000
(1790954065.815743) can0 2A2#0000E0760000149B
(1790954065.815874) can0 2A3#00032431FFFD410D
(1790954065.815965) can0 2A4#00012473FFFD551E
(1790954065.816091) can0 2A5#0000133A0000135D
(1790954065.816214) can0 2A6#FFFFEC9B00000253
(1790954065.816340) can0 2A7#00004EADFFFFFD8E
(1790954065.820634) can0 2A1#0100010000000000
(1790954065.820751) can0 2A2#0000E0760000149B
(1790954065.820842) can0 2A3#00032431FFFD410D
(1790954065.820970) can0 2A4#00012473FFFD551E
(1790954065.821094) can0 2A5#0000133A0000135D
(1790954065.821191) can0 2A6#FFFFEC9B00000253
(1790954065.821320) can0 2A7#00004EADFFFFFD8E
(1790954065.825630) can0 2A1#0100010000000000
(1790954065.825743) can0 2A2#0000E0760000149B
(1790954065.825881) can0 2A3#00032431FFFD410D
(1790954065.825965) can0 2A4#00012473FFFD551E
(1790954065.826091) can0 2A5#0000133A0000135D
(1790954065.826224) can0 2A6#FFFFEC9B00000253
(1790954065.826341) can0 2A7#00004EADFFFFFD8E
(1790954065.830624) can0 2A1#0100010000000000
(1790954065.830718) can0 2A2#0000E0760000149B
(1790954065.830842) can0 2A3#00032431FFFD410D
(1790954065.830968) can0 2A4#00012473FFFD551E
(1790954065.831094) can0 2A5#0000133A0000135D
(1790954065.831219) can0 2A6#FFFFEC9B00000253
(1790954065.831316) can0 2A7#00004EADFFFFFD8E
(1790954065.835648) can0 2A1#0100010000000000
(1790954065.835745) can0 2A2#0000E0760000149B
(1790954065.835875) can0 2A3#00032431FFFD410D
(1790954065.835992) can0 2A4#00012473FFFD551E
(1790954065.836091) can0 2A5#0000133A0000135D
(1790954065.836220) can0 2A6#FFFFEC9B00000253
(1790954065.836342) can0 2A7#00004EADFFFFFD8E
(1790954065.840617) can0 2A1#0100010000000000
(1790954065.840739) can0 2A2#0000E0760000149B
(1790954065.840866) can0 2A3#00032431FFFD410D
(1790954065.840965) can0 2A4#00012473FFFD551E
(1790954065.841090) can0 2A5#0000133A0000135D
(1790954065.841191) can0 2A6#FFFFEC9B00000253
(1790954065.841319) can0 2A7#00004EADFFFFFD8E
(1790954065.845637) can0 2A1#0100010000000000
(1790954065.845739) can0 2A2#0000E0760000149B
(1790954065.845868) can0 2A3#00032431FFFD410D
(1790954065.845963) can0 2A4#00012473FFFD551E
(1790954065.846088) can0 2A5#0000133A0000135D
(1790954065.846213) can0 2A6#FFFFEC9B00000253
(1790954065.846339) can0 2A7#00004EADFFFFFD8E
(1790954065.850625) can0 2A1#0100010000000000
(1790954065.850747) can0 2A2#0000E0760000149B
(1790954065.850843) can0 2A3#00032431FFFD410D
(1790954065.850967) can0 2A4#00012473FFFD551E
(1790954065.851067) can0 2A5#0000133A0000135D
(1790954065.851217) can0 2A6#FFFFEC9B00000253
(1790954065.851343) can0 2A7#00004EADFFFFFD8E
(1790954065.855624) can0 2A1#0100010000000000
(1790954065.855743) can0 2A2#0000E0760000149B
(1790954065.855871) can0 2A3#00032431FFFD410D
(1790954065.855967) can0 2A4#00012473FFFD551E
(1790954065.856092) can0 2A5#0000133A0000135D
(1790954065.856217) can0 2A6#FFFFEC9B00000253
(1790954065.856342) can0 2A7#00004EADFFFFFD8E
(1790954065.860625) can0 2A1#0100010000000000
(1790954065.860718) can0 2A2#0000E0760000149B
(1790954065.860842) can0 2A3#00032431FFFD410D
(1790954065.860967) can0 2A4#00012473FFFD551E
(1790954065.861093) can0 2A5#0000133A0000135D
(1790954065.861217) can0 2A6#FFFFEC9B00000253
(1790954065.861342) can0 2A7#00004EADFFFFFD8E
(1790954065.865639) can0 2A1#0100010000000000
(1790954065.865744) can0 2A2#0000E0760000149B
(1790954065.865868) can0 2A3#00032431FFFD410D
(1790954065.865991) can0 2A4#00012473FFFD551E
(1790954065.866093) can0 2A5#0000133A0000135D
(1790954065.866217) can0 2A6#FFFFEC9B00000253
(1790954065.866343) can0 2A7#00004EADFFFFFD8E
(1790954065.870639) can0 2A1#0100010000000000
(1790954065.870719) can0 2A2#0000E0760000149B
(1790954065.870843) can0 2A3#00032431FFFD410D
(1790954065.870968) can0 2A4#00012473FFFD551E
(1790954065.871094) can0 2A5#0000133A0000135D
(1790954065.871218) can0 2A6#FFFFEC9B00000253
(1790954065.871344) can0 2A7#00004EADFFFFFD8E
(1790954065.875625) can0 2A1#0100010000000000
(1790954065.875743) can0 2A2#0000E0760000149B
(1790954065.875874) can0 2A3#00032431FFFD410D
(1790954065.875994) can0 2A4#00012473FFFD551E
(1790954065.876093) can0 2A5#0000133A0000135D
(1790954065.876216) can0 2A6#FFFFEC9B00000253
(1790954065.876363) can0 2A7#00004EADFFFFFD8E
(1790954065.880681) can0 2A1#0100010000000000
(1790954065.880741) can0 2A2#0000E0760000149B
(1790954065.880839) can0 2A3#00032431FFFD410D
(1790954065.880966) can0 2A4#00012473FFFD551E
(1790954065.881065) can0 2A5#0000133A0000135D
(1790954065.881194) can0 2A6#FFFFEC9B00000253
(1790954065.881315) can0 2A7#00004EADFFFFFD8E
(1790954065.885640) can0 2A1#0100010000000000
(1790954065.885740) can0 2A2#0000E0760000149B
(1790954065.885878) can0 2A3#00032431FFFD410D
(1790954065.885991) can0 2A4#00012473FFFD551E
(1790954065.886090) can0 2A5#0000133A0000135D
(1790954065.886215) can0 2A6#FFFFEC9B00000253
(1790954065.886341) can0 2A7#00004EADFFFFFD8E
(1790954065.890617) can0 2A1#0100010000000000
(1790954065.890714) can0 2A2#0000E0760000149B
(1790954065.890839) can0 2A3#00032431FFFD410D
(1790954065.890964) can0 2A4#00012473FFFD551E
(1790954065.891088) can0 2A5#0000133A0000135D
(1790954065.891213) can0 2A6#FFFFEC9B00000253
(1790954065.891314) can0 2A7#00004EADFFFFFD8E
(1790954065.895626) can0 2A1#0100010000000000
(1790954065.895741) can0 2A2#0000E0760000149B
(1790954065.895869) can0 2A3#00032431FFFD410D
(1790954065.895990) can0 2A4#00012473FFFD551E
(1790954065.896091) can0 2A5#0000133A0000135D
(1790954065.896216) can0 2A6#FFFFEC9B00000253
(1790954065.896342) can0 2A7#00004EADFFFFFD8E
(1790954065.900641) can0 2A1#0100010000000000
(1790954065.900717) can0 2A2#0000E0760000149B
(1790954065.900842) can0 2A3#00032431FFFD410D
(1790954065.900966) can0 2A4#00012473FFFD551E
(1790954065.901091) can0 2A5#0000133A0000135D
(1790954065.901215) can0 2A6#FFFFEC9B00000253
(1790954065.901315) can0 2A7#00004EADFFFFFD8E
(1790954065.905643) can0 2A1#0100010000000000
(1790954065.905742) can0 2A2#0000E0760000149B
(1790954065.905871) can0 2A3#00032431FFFD410D
(1790954065.905992) can0 2A4#00012473FFFD551E
(1790954065.906094) can0 2A5#0000133A0000135D
(1790954065.906218) can0 2A6#FFFFEC9B00000253
(1790954065.906343) can0 2A7#00004EADFFFFFD8E
(1790954065.910623) can0 2A1#0100010000000000
(1790954065.910744) can0 2A2#0000E0760000149B
(1790954065.910842) can0 2A3#00032431FFFD410D
(1790954065.910968) can0 2A4#00012473FFFD551E
(1790954065.911090) can0 2A5#0000133A0000135D
(1790954065.911216) can0 2A6#FFFFEC9B00000253
(1790954065.911316) can0 2A7#00004EADFFFFFD8E
(1790954065.915633) can0 2A1#0100010000000000
(1790954065.915743) can0 2A2#0000E0760000149B
(1790954065.915873) can0 2A3#00032431FFFD410D
(1790954065.915972) can0 2A4#00012473FFFD551E
(1790954065.916093) can0 2A5#0000133A0000135D
(1790954065.916216) can0 2A6#FFFFEC9B00000253
(1790954065.916347) can0 2A7#00004EADFFFFFD8E
(1790954065.920641) can0 2A1#0100010000000000
(1790954065.920744) can0 2A2#0000E0760000149B
(1790954065.920841) can0 2A3#00032431FFFD410D
(1790954065.920966) can0 2A4#00012473FFFD551E
(1790954065.921090) can0 2A5#0000133A0000135D
(1790954065.921190) can0 2A6#FFFFEC9B00000253
(1790954065.921341) can0 2A7#00004EADFFFFFD8E
(1790954065.925620) can0 2A1#0100010000000000
(1790954065.925742) can0 2A2#0000E0760000149B
(1790954065.925868) can0 2A3#00032431FFFD410D
(1790954065.925966) can0 2A4#00012473FFFD551E
(1790954065.926090) can0 2A5#0000133A0000135D
(1790954065.926215) can0 2A6#FFFFEC9B00000253
(1790954065.926340) can0 2A7#00004EADFFFFFD8E
(1790954065.930630) can0 2A1#0100010000000000
(1790954065.930821) can0 2A2#0000E0760000149B
(1790954065.930850) can0 2A3#00032431FFFD410D
(1790954065.930972) can0 2A4#00012473FFFD551E
(1790954065.931092) can0 2A5#0000133A0000135D
(1790954065.931220) can0 2A6#FFFFEC9B00000253
(1790954065.931347) can0 2A7#00004EADFFFFFD8E
(1790954065.935647) can0 2A1#0100010000000000
(1790954065.935745) can0 2A2#0000E0760000149B
(1790954065.935874) can0 2A3#00032431FFFD410D
(1790954065.935996) can0 2A4#00012473FFFD551E
(1790954065.936117) can0 2A5#0000133A0000135D
(1790954065.936216) can0 2A6#FFFFEC9B00000253
(1790954065.936355) can0 2A7#00004EADFFFFFD8E
(1790954065.940628) can0 2A1#0100010000000000
(1790954065.940740) can0 2A2#0000E0760000149B
(1790954065.940842) can0 2A3#00032431FFFD410D
(1790954065.940964) can0 2A4#00012473FFFD551E
(1790954065.941089) can0 2A5#0000133A0000135D
(1790954065.941214) can0 2A6#FFFFEC9B00000253
(1790954065.941340) can0 2A7#00004EADFFFFFD8E
(1790954065.945622) can0 2A1#0100010000000000
(1790954065.945740) can0 2A2#0000E0760000149B
(1790954065.945870) can0 2A3#00032431FFFD410D
(1790954065.945966) can0 2A4#00012473FFFD551E
(1790954065.946090) can0 2A5#0000133A0000135D
(1790954065.946215) can0 2A6#FFFFEC9B00000253
(1790954065.946340) can0 2A7#00004EADFFFFFD8E
(1790954065.950643) can0 2A1#0100010000000000
(1790954065.950716) can0 2A2#0000E0760000149B
(1790954065.950843) can0 2A3#00032431FFFD410D
(1790954065.950967) can0 2A4#00012473FFFD551E
(1790954065.951091) can0 2A5#0000133A0000135D
(1790954065.951215) can0 2A6#FFFFEC9B00000253
(1790954065.951341) can0 2A7#00004EADFFFFFD8E
(1790954065.955632) can0 2A1#0100010000000000
(1790954065.955743) can0 2A2#0000E0760000149B
(1790954065.955876) can0 2A3#00032431FFFD410D
(1790954065.955995) can0 2A4#00012473FFFD551E
(1790954065.956094) can0 2A5#0000133A0000135D
(1790954065.956218) can0 2A6#FFFFEC9B00000253
(1790954065.956344) can0 2A7#00004EADFFFFFD8E
(1790954065.960620) can0 2A1#0100010000000000
(1790954065.960714) can0 2A2#0000E0760000149B
(1790954065.960840) can0 2A3#00032431FFFD410D
(1790954065.960965) can0 2A4#00012473FFFD551E
(1790954065.961089) can0 2A5#0000133A0000135D
(1790954065.961214) can0 2A6#FFFFEC9B00000253
(1790954065.961340) can0 2A7#00004EADFFFFFD8E
(1790954065.965623) can0 2A1#0100010000000000
(1790954065.965741) can0 2A2#0000E0760000149B
(1790954065.965865) can0 2A3#00032431FFFD410D
(1790954065.965964) can0 2A4#00012473FFFD551E
(1790954065.966089) can0 2A5#0000133A0000135D
(1790954065.966216) can0 2A6#FFFFEC9B00000253
(1790954065.966341) can0 2A7#00004EADFFFFFD8E
(1790954065.970620) can0 2A1#0100010000000000
(1790954065.970716) can0 2A2#0000E0760000149B
(1790954065.970840) can0 2A3#00032431FFFD410D
(1790954065.970966) can0 2A4#00012473FFFD551E
(1790954065.971090) can0 2A5#0000133A0000135D
(1790954065.971215) can0 2A6#FFFFEC9B00000253
(1790954065.971316) can0 2A7#00004EADFFFFFD8E
(1790954065.975623) can0 2A1#0100010000000000
(1790954065.975743) can0 2A2#0000E0760000149B
(1790954065.975869) can0 2A3#00032431FFFD410D
(1790954065.975991) can0 2A4#00012473FFFD551E
(1790954065.976091) can0 2A5#0000133A0000135D
(1790954065.976216) can0 2A6#FFFFEC9B00000253
(1790954065.976343) can0 2A7#00004EADFFFFFD8E
(1790954065.980625) can0 2A1#0100010000000000
(1790954065.980743) can0 2A2#0000E0760000149B
(1790954065.980870) can0 2A3#00032431FFFD410D
(1790954065.980965) can0 2A4#00012473FFFD551E
(1790954065.981090) can0 2A5#0000133A0000135D
(1790954065.981215) can0 2A6#FFFFEC9B00000253
(1790954065.981341) can0 2A7#00004EADFFFFFD8E
(1790954065.985639) can0 2A1#0100010000000000
(1790954065.985743) can0 2A2#0000E0760000149B
(1790954065.985889) can0 2A3#00032431FFFD410D
(1790954065.985974) can0 2A4#00012473FFFD551E
(1790954065.986098) can0 2A5#0000133A0000135D
(1790954065.986222) can0 2A6#FFFFEC9B00000253
(1790954065.986323) can0 2A7#00004EADFFFFFD8E
(1790954065.990622) can0 2A1#0100010000000000
(1790954065.990742) can0 2A2#0000E0760000149B
(1790954065.990839) can0 2A3#00032431FFFD410D
(1790954065.990966) can0 2A4#00012473FFFD551E
(1790954065.991089) can0 2A5#0000133A0000135D
(1790954065.991214) can0 2A6#FFFFEC9B00000253
(1790954065.991341) can0 2A7#00004EADFFFFFD8E
(1790954065.995639) can0 2A1#0100010000000000
(1790954065.995739) can0 2A2#0000E0760000149B
(1790954065.995874) can0 2A3#00032431FFFD410D
(1790954065.995970) can0 2A4#00012473FFFD551E
(1790954065.996088) can0 2A5#0000133A0000135D
(1790954065.996215) can0 2A6#FFFFEC9B00000253
(1790954065.996346) can0 2A7#00004EADFFFFFD8E
(1790954066.000629) can0 2A1#0100010000000000
(1790954066.000741) can0 2A2#0000E0760000149B
(1790954066.000873) can0 2A3#00032431FFFD410D
(1790954066.000964) can0 2A4#00012473FFFD551E
(1790954066.001092) can0 2A5#0000133A0000135D
(1790954066.001190) can0 2A6#FFFFEC9B00000253
(1790954066.001316) can0 2A7#00004EADFFFFFD8E
(1790954066.005664) can0 2A1#0100010000000000
(1790954066.005739) can0 2A2#0000E0760000149B
(1790954066.005876) can0 2A3#00032431FFFD410D
(1790954066.005990) can0 2A4#00012473FFFD551E
(1790954066.006089) can0 2A5#0000133A0000135D
(1790954066.006215) can0 2A6#FFFFEC9B00000253
(1790954066.006339) can0 2A7#00004EADFFFFFD8E
(1790954066.010636) can0 2A1#0100010000000000
(1790954066.010718) can0 2A2#0000E0760000149B
(1790954066.010841) can0 2A3#00032431FFFD410D
(1790954066.010966) can0 2A4#00012473FFFD551E
(1790954066.011092) can0 2A5#0000133A0000135D
(1790954066.011216) can0 2A6#FFFFEC9B00000253
(1790954066.011347) can0 2A7#00004EADFFFFFD8E
(1790954066.015631) can0 2A1#0100010000000000
(1790954066.015744) can0 2A2#0000E0760000149B
(1790954066.015870) can0 2A3#00032431FFFD410D
(1790954066.015970) can0 2A4#00012473FFFD551E
(1790954066.016092) can0 2A5#0000133A0000135D
(1790954066.016216) can0 2A6#FFFFEC9B00000253
(1790954066.016344) can0 2A7#00004EADFFFFFD8E
(1790954066.020630) can0 2A1#0100010000000000
(1790954066.020743) can0 2A2#0000E0760000149B
(1790954066.020890) can0 2A3#00032431FFFD410D
(1790954066.020967) can0 2A4#00012473FFFD551E
(1790954066.021091) can0 2A5#0000133A0000135D
(1790954066.021216) can0 2A6#FFFFEC9B00000253
(1790954066.021315) can0 2A7#00004EADFFFFFD8E
(1790954066.025627) can0 2A1#0100010000000000
(1790954066.025743) can0 2A2#0000E0760000149B
(1790954066.025873) can0 2A3#00032431FFFD410D
(1790954066.025968) can0 2A4#00012473FFFD551E
(1790954066.026116) can0 2A5#0000133A0000135D
(1790954066.026216) can0 2A6#FFFFEC9B00000253
(1790954066.026340) can0 2A7#00004EADFFFFFD8E
(1790954066.030624) can0 2A1#0100010000000000
(1790954066.030741) can0 2A2#0000E0760000149B
(1790954066.030876) can0 2A3#00032431FFFD410D
(1790954066.030967) can0 2A4#00012473FFFD551E
(1790954066.031091) can0 2A5#0000133A0000135D
(1790954066.031198) can0 2A6#FFFFEC9B00000253
(1790954066.031318) can0 2A7#00004EADFFFFFD8E
(1790954066.035664) can0 2A1#0100010000000000
(1790954066.035741) can0 2A2#0000E0760000149B
(1790954066.035874) can0 2A3#00032431FFFD410D
(1790954066.035994) can0 2A4#00012473FFFD551E
(1790954066.036090) can0 2A5#0000133A0000135D
(1790954066.036215) can0 2A6#FFFFEC9B00000253
(1790954066.036345) can0 2A7#00004EADFFFFFD8E
(1790954066.040636) can0 2A1#0100010000000000
(1790954066.040742) can0 2A2#0000E0760000149B
(1790954066.040840) can0 2A3#00032431FFFD410D
(1790954066.040964) can0 2A4#00012473FFFD551E
(1790954066.041089) can0 2A5#0000133A0000135D
(1790954066.041214) can0 2A6#FFFFEC9B00000253
(1790954066.041339) can0 2A7#00004EADFFFFFD8E
(1790954066.045627) can0 2A1#0100010000000000
(1790954066.045740) can0 2A2#0000E0760000149B
(1790954066.045881) can0 2A3#00032431FFFD410D
(1790954066.045970) can0 2A4#00012473FFFD551E
(1790954066.046095) can0 2A5#0000133A0000135D
(1790954066.046220) can0 2A6#FFFFEC9B00000253
(1790954066.046346) can0 2A7#00004EADFFFFFD8E
(1790954066.050631) can0 2A1#0100010000000000
(1790954066.050744) can0 2A2#0000E0760000149B
(1790954066.050841) can0 2A3#00032431FFFD410D
(1790954066.050965) can0 2A4#00012473FFFD551E
(1790954066.051090) can0 2A5#0000133A0000135D
(1790954066.051217) can0 2A6#FFFFEC9B00000253
(1790954066.051340) can0 2A7#00004EADFFFFFD8E
(1790954066.055626) can0 2A1#0100010000000000
(1790954066.055741) can0 2A2#0000E0760000149B
(1790954066.056093) can0 2A3#00032431FFFD410D
(1790954066.056098) can0 2A4#00012473FFFD551E
(1790954066.056099) can0 2A5#0000133A0000135D
(1790954066.056216) can0 2A6#FFFFEC9B00000253
(1790954066.056339) can0 2A7#00004EADFFFFFD8E
(1790954066.060623) can0 2A1#0100010000000000
(1790954066.060741) can0 2A2#0000E0760000149B
(1790954066.060840) can0 2A3#00032431FFFD410D
(1790954066.060966) can0 2A4#00012473FFFD551E
(1790954066.061091) can0 2A5#0000133A0000135D
(1790954066.061216) can0 2A6#FFFFEC9B00000253
(1790954066.061340) can0 2A7#00004EADFFFFFD8E
(1790954066.065658) can0 2A1#0100010000000000
(1790954066.065743) can0 2A2#0000E0760000149B
(1790954066.065869) can0 2A3#00032431FFFD410D
(1790954066.065991) can0 2A4#00012473FFFD551E
(1790954066.066091) can0 2A5#0000133A0000135D
(1790954066.066216) can0 2A6#FFFFEC9B00000253
(1790954066.066341) can0 2A7#00004EADFFFFFD8E
(1790954066.070664) can0 2A1#0100010000000000
(1790954066.070753) can0 2A2#0000E0760000149B
(1790954066.070910) can0 2A3#00032431FFFD410D
(1790954066.070969) can0 2A4#00012473FFFD551E
(1790954066.071092) can0 2A5#0000133A0000135D
(1790954066.071194) can0 2A6#FFFFEC9B00000253
(1790954066.071326) can0 2A7#00004EADFFFFFD8E
(1790954066.075651) can0 2A1#0100010000000000
(1790954066.075741) can0 2A2#0000E0760000149B
(1790954066.075873) can0 2A3#00032431FFFD410D
(1790954066.075990) can0 2A4#00012473FFFD551E
(1790954066.076089) can0 2A5#0000133A0000135D
(1790954066.076215) can0 2A6#FFFFEC9B00000253
(1790954066.076340) can0 2A7#00004EADFFFFFD8E
(1790954066.080627) can0 2A1#0100010000000000
(1790954066.080716) can0 2A2#0000E0760000149B
(1790954066.080840) can0 2A3#00032431FFFD410D
(1790954066.080990) can0 2A4#00012473FFFD551E
(1790954066.081090) can0 2A5#0000133A0000135D
(1790954066.081214) can0 2A6#FFFFEC9B00000253
(1790954066.081314) can0 2A7#00004EADFFFFFD8E
(1790954066.085657) can0 2A1#0100010000000000
(1790954066.085744) can0 2A2#0000E0760000149B
(1790954066.085841) can0 2A3#00032431FFFD410D
(1790954066.085992) can0 2A4#00012473FFFD551E
(1790954066.086116) can0 2A5#0000133A0000135D
(1790954066.086216) can0 2A6#FFFFEC9B00000253
(1790954066.086343) can0 2A7#00004EADFFFFFD8E
(1790954066.090642) can0 2A1#0100010000000000
(1790954066.090743) can0 2A2#0000E0760000149B
(1790954066.090873) can0 2A3#00032431FFFD410D
(1790954066.090965) can0 2A4#00012473FFFD551E
(1790954066.091090) can0 2A5#0000133A0000135D
(1790954066.091190) can0 2A6#FFFFEC9B00000253
(1790954066.091315) can0 2A7#00004EADFFFFFD8E
(1790954066.095638) can0 2A1#0100010000000000
(1790954066.095740) can0 2A2#0000E0760000149B
(1790954066.095892) can0 2A3#00032431FFFD410D
(1790954066.095995) can0 2A4#00012473FFFD551E
(1790954066.096095) can0 2A5#0000133A0000135D
(1790954066.096220) can0 2A6#FFFFEC9B00000253
(1790954066.096345) can0 2A7#00004EADFFFFFD8E
(1790954066.100637) can0 2A1#0100010000000000
(1790954066.100741) can0 2A2#0000E0760000149B
(1790954066.100840) can0 2A3#00032431FFFD410D
(1790954066.100966) can0 2A4#00012473FFFD551E
(1790954066.101090) can0 2A5#0000133A0000135D
(1790954066.101189) can0 2A6#FFFFEC9B00000253
(1790954066.101341) can0 2A7#00004EADFFFFFD8E
(1790954066.105667) can0 2A1#0100010000000000
(1790954066.105742) can0 2A2#0000E0760000149B
(1790954066.105876) can0 2A3#00032431FFFD410D
(1790954066.105991) can0 2A4#00012473FFFD551E
(1790954066.106090) can0 2A5#0000133A0000135D
(1790954066.106217) can0 2A6#FFFFEC9B00000253
(1790954066.106340) can0 2A7#00004EADFFFFFD8E
(1790954066.110642) can0 2A1#0100010000000000
(1790954066.110742) can0 2A2#0000E0760000149B
(1790954066.110840) can0 2A3#00032431FFFD410D
(1790954066.110965) can0 2A4#00012473FFFD551E
(1790954066.111091) can0 2A5#0000133A0000135D
(1790954066.111214) can0 2A6#FFFFEC9B00000253
(1790954066.111316) can0 2A7#00004EADFFFFFD8E
(1790954066.115647) can0 2A1#0100010000000000
(1790954066.115740) can0 2A2#0000E0760000149B
(1790954066.115873) can0 2A3#00032431FFFD410D
(1790954066.115990) can0 2A4#00012473FFFD551E
(1790954066.116089) can0 2A5#0000133A0000135D
(1790954066.116215) can0 2A6#FFFFEC9B00000253
(1790954066.116339) can0 2A7#00004EADFFFFFD8E
(1790954066.120632) can0 2A1#0100010000000000
(1790954066.120741) can0 2A2#0000E0760000149B
(1790954066.120841) can0 2A3#00032431FFFD410D
(1790954066.120965) can0 2A4#00012473FFFD551E
(1790954066.121173) can0 2A5#0000133A0000135D
(1790954066.121216) can0 2A6#FFFFEC9B00000253
(1790954066.121341) can0 2A7#00004EADFFFFFD8E
(1790954066.125722) can0 2A1#0100010000000000
(1790954066.125762) can0 2A2#0000E0760000149B
(1790954066.125881) can0 2A3#00032431FFFD410D
(1790954066.125966) can0 2A4#00012473FFFD551E
(1790954066.126114) can0 2A5#0000133A0000135D
(1790954066.126216) can0 2A6#FFFFEC9B00000253
(1790954066.126430) can0 2A7#00004EADFFFFFD8E
(1790954066.130666) can0 2A1#0100010000000000
(1790954066.130880) can0 2A2#0000E0760000149B
(1790954066.130884) can0 2A3#00032431FFFD410D
(1790954066.131084) can0 2A4#00012473FFFD551E
(1790954066.131094) can0 2A5#0000133A0000135D
(1790954066.131288) can0 2A6#FFFFEC9B00000253
(1790954066.131490) can0 2A7#00004EADFFFFFD8E
(1790954066.135629) can0 2A1#0100010000000000
(1790954066.135741) can0 2A2#0000E0760000149B
(1790954066.135889) can0 2A3#00032431FFFD410D
(1790954066.136074) can0 2A4#00012473FFFD551E
(1790954066.136091) can0 2A5#0000133A0000135D
(1790954066.136216) can0 2A6#FFFFEC9B00000253
(1790954066.136341) can0 2A7#00004EADFFFFFD8E
(1790954066.140628) can0 2A1#0100010000000000
(1790954066.140741) can0 2A2#0000E0760000149B
(1790954066.140853) can0 2A3#00032431FFFD410D
(1790954066.140974) can0 2A4#00012473FFFD551E
(1790954066.141095) can0 2A5#0000133A0000135D
(1790954066.141190) can0 2A6#FFFFEC9B00000253
(1790954066.141317) can0 2A7#00004EADFFFFFD8E
(1790954066.145626) can0 2A1#0100010000000000
(1790954066.145740) can0 2A2#0000E0760000149B
(1790954066.145873) can0 2A3#00032431FFFD410D
(1790954066.145991) can0 2A4#00012473FFFD551E
(1790954066.146090) can0 2A5#0000133A0000135D
(1790954066.146214) can0 2A6#FFFFEC9B00000253
(1790954066.146339) can0 2A7#00004EADFFFFFD8E
(1790954066.150625) can0 2A1#0100010000000000
(1790954066.150719) can0 2A2#0000E0760000149B
(1790954066.150842) can0 2A3#00032431FFFD410D
(1790954066.150968) can0 2A4#00012473FFFD551E
(1790954066.151090) can0 2A5#0000133A0000135D
(1790954066.151216) can0 2A6#FFFFEC9B00000253
(1790954066.151317) can0 2A7#00004EADFFFFFD8E
(1790954066.155748) can0 2A1#0100010000000000
(1790954066.155764) can0 2A2#0000E0760000149B
(1790954066.155930) can0 2A3#00032431FFFD410D
(1790954066.156072) can0 2A4#00012473FFFD551E
(1790954066.156099) can0 2A5#0000133A0000135D
(1790954066.156289) can0 2A6#FFFFEC9B00000253
(1790954066.156470) can0 2A7#00004EADFFFFFD8E
(1790954066.160695) can0 2A1#0100010000000000
(1790954066.160943) can0 2A2#0000E0760000149B
(1790954066.160948) can0 2A3#00032431FFFD410D
(1790954066.160967) can0 2A4#00012473FFFD551E
(1790954066.161184) can0 2A5#0000133A0000135D
(1790954066.161353) can0 2A6#FFFFEC9B00000253
(1790954066.161357) can0 2A7#00004EADFFFFFD8E
(1790954066.165759) can0 2A1#0100010000000000
(1790954066.165769) can0 2A2#0000E0760000149B
(1790954066.165926) can0 2A3#00032431FFFD410D
(1790954066.166137) can0 2A4#00012473FFFD551E
(1790954066.166143) can0 2A5#0000133A0000135D
(1790954066.166307) can0 2A6#FFFFEC9B00000253
(1790954066.166479) can0 2A7#00004EADFFFFFD8E
(1790954066.170709) can0 2A1#0100010000000000
(1790954066.170745) can0 2A2#0000E0760000149B
(1790954066.170842) can0 2A3#00032431FFFD410D
(1790954066.171064) can0 2A4#00012473FFFD551E
(1790954066.171092) can0 2A5#0000133A0000135D
(1790954066.171308) can0 2A6#FFFFEC9B00000253
(1790954066.171448) can0 2A7#00004EADFFFFFD8E
(1790954066.175627) can0 2A1#0100010000000000
(1790954066.175743) can0 2A2#0000E0760000149B
(1790954066.175871) can0 2A3#00032431FFFD410D
(1790954066.175992) can0 2A4#00012473FFFD551E
(1790954066.176091) can0 2A5#0000133A0000135D
(1790954066.176216) can0 2A6#FFFFEC9B00000253
(1790954066.176345) can0 2A7#00004EADFFFFFD8E
(1790954066.180636) can0 2A1#0100010000000000
(1790954066.180823) can0 2A2#0000E0760000149B
(1790954066.180838) can0 2A3#00032431FFFD410D
(1790954066.180989) can0 2A4#00012473FFFD551E
(1790954066.181093) can0 2A5#0000133A0000135D
(1790954066.181216) can0 2A6#FFFFEC9B00000253
(1790954066.181341) can0 2A7#00004EADFFFFFD8E
(1790954066.185755) can0 2A1#0100010000000000
(1790954066.185762) can0 2A2#0000E0760000149B
(1790954066.185954) can0 2A3#00032431FFFD410D
(1790954066.186098) can0 2A4#00012473FFFD551E
(1790954066.186102) can0 2A5#0000133A0000135D
(1790954066.186277) can0 2A6#FFFFEC9B00000253
(1790954066.186434) can0 2A7#00004EADFFFFFD8E
(1790954066.190726) can0 2A1#0100010000000000
(1790954066.190745) can0 2A2#0000E0760000149B
(1790954066.190998) can0 2A3#00032431FFFD410D
(1790954066.191004) can0 2A4#00012473FFFD551E
(1790954066.191169) can0 2A5#0000133A0000135D
(1790954066.191194) can0 2A6#FFFFEC9B00000253
(1790954066.191375) can0 2A7#00004EADFFFFFD8E
(1790954066.195640) can0 2A1#0100010000000000
(1790954066.195741) can0 2A2#0000E0760000149B
(1790954066.195875) can0 2A3#00032431FFFD410D
(1790954066.196060) can0 2A4#00012473FFFD551E
(1790954066.196194) can0 2A5#0000133A0000135D
(1790954066.196218) can0 2A6#FFFFEC9B00000253
(1790954066.196431) can0 2A7#00004EADFFFFFD8E
(1790954066.200751) can0 2A1#0100010000000000
(1790954066.200766) can0 2A2#0000E0760000149B
(1790954066.200920) can0 2A3#00032431FFFD410D
(1790954066.201089) can0 2A4#00012473FFFD551E
(1790954066.201093) can0 2A5#0000133A0000135D
(1790954066.201345) can0 2A6#FFFFEC9B00000253
(1790954066.201353) can0 2A7#00004EADFFFFFD8E
(1790954066.205752) can0 2A1#0100010000000000
(1790954066.205783) can0 2A2#0000E0760000149B
(1790954066.205971) can0 2A3#00032431FFFD410D
(1790954066.206003) can0 2A4#00012473FFFD551E
(1790954066.206189) can0 2A5#0000133A0000135D
(1790954066.206219) can0 2A6#FFFFEC9B00000253
(1790954066.206445) can0 2A7#00004EADFFFFFD8E
(1790954066.210707) can0 2A1#0100010000000000
(1790954066.210744) can0 2A2#0000E0760000149B
(1790954066.210848) can0 2A3#00032431FFFD410D
(1790954066.211092) can0 2A4#00012473FFFD551E
(1790954066.211098) can0 2A5#0000133A0000135D
(1790954066.211320) can0 2A6#FFFFEC9B00000253
(1790954066.211349) can0 2A7#00004EADFFFFFD8E
(1790954066.215753) can0 2A1#0100010000000000
(1790954066.215761) can0 2A2#0000E0760000149B
(1790954066.215997) can0 2A3#00032431FFFD410D
(1790954066.216002) can0 2A4#00012473FFFD551E
(1790954066.216160) can0 2A5#0000133A0000135D
(1790954066.216310) can0 2A6#FFFFEC9B00000253
(1790954066.216472) can0 2A7#00004EADFFFFFD8E
(1790954066.220679) can0 2A1#0100010000000000
(1790954066.220846) can0 2A2#0000E0760000149B
(1790954066.220872) can0 2A3#00032431FFFD410D
(1790954066.221048) can0 2A4#00012473FFFD551E
(1790954066.221186) can0 2A5#0000133A0000135D
(1790954066.221327) can0 2A6#FFFFEC9B00000253
(1790954066.221342) can0 2A7#00004EADFFFFFD8E
(1790954066.225659) can0 2A1#0100010000000000
(1790954066.225742) can0 2A2#0000E0760000149B
(1790954066.225895) can0 2A3#00032431FFFD410D
(1790954066.225967) can0 2A4#00012473FFFD551E
(1790954066.226092) can0 2A5#0000133A0000135D
(1790954066.226292) can0 2A6#FFFFEC9B00000253
(1790954066.226481) can0 2A7#00004EADFFFFFD8E
(1790954066.230624) can0 2A1#0100010000000000
(1790954066.230716) can0 2A2#0000E0760000149B
(1790954066.230841) can0 2A3#00032431FFFD410D
(1790954066.231092) can0 2A4#00012473FFFD551E
(1790954066.231097) can0 2A5#0000133A0000135D
(1790954066.231306) can0 2A6#FFFFEC9B00000253
(1790954066.231446) can0 2A7#00004EADFFFFFD8E
(1790954066.235783) can0 2A1#0100010000000000
(1790954066.235806) can0 2A2#0000E0760000149B
(1790954066.235976) can0 2A3#00032431FFFD410D
(1790954066.235981) can0 2A4#00012473FFFD551E
(1790954066.236148) can0 2A5#0000133A0000135D
(1790954066.236313) can0 2A6#FFFFEC9B00000253
(1790954066.236424) can0 2A7#00004EADFFFFFD8E
(1790954066.240634) can0 2A1#0100010000000000
(1790954066.240743) can0 2A2#0000E0760000149B
(1790954066.240877) can0 2A3#00032431FFFD410D
(1790954066.241090) can0 2A4#00012473FFFD551E
(1790954066.241095) can0 2A5#0000133A0000135D
(1790954066.241192) can0 2A6#FFFFEC9B00000253
(1790954066.241316) can0 2A7#00004EADFFFFFD8E
(1790954066.245746) can0 2A1#0100010000000000
(1790954066.245754) can0 2A2#0000E0760000149B
(1790954066.245934) can0 2A3#00032431FFFD410D
(1790954066.246095) can0 2A4#00012473FFFD551E
(1790954066.246100) can0 2A5#0000133A0000135D
(1790954066.246340) can0 2A6#FFFFEC9B00000253
(1790954066.246344) can0 2A7#00004EADFFFFFD8E
(1790954066.250718) can0 2A1#0100010000000000
(1790954066.250741) can0 2A2#0000E0760000149B
(1790954066.250890) can0 2A3#00032431FFFD410D
(1790954066.251038) can0 2A4#00012473FFFD551E
(1790954066.251204) can0 2A5#0000133A0000135D
(1790954066.251209) can0 2A6#FFFFEC9B00000253
(1790954066.251388) can0 2A7#00004EADFFFFFD8E
(1790954066.255752) can0 2A1#0100010000000000
(1790954066.255778) can0 2A2#0000E0760000149B
(1790954066.255879) can0 2A3#00032431FFFD410D
(1790954066.255991) can0 2A4#00012473FFFD551E
(1790954066.256091) can0 2A5#0000133A0000135D
(1790954066.256225) can0 2A6#FFFFEC9B00000253
(1790954066.256343) can0 2A7#00004EADFFFFFD8E
(1790954066.260731) can0 2A1#0100010000000000
(1790954066.260738) can0 2A2#0000E0760000149B
(1790954066.260897) can0 2A3#00032431FFFD410D
(1790954066.261096) can0 2A4#00012473FFFD551E
(1790954066.261100) can0 2A5#0000133A0000135D
(1790954066.261273) can0 2A6#FFFFEC9B00000253
(1790954066.261416) can0 2A7#00004EADFFFFFD8E
(1790954066.265711) can0 2A1#0100010000000000
(1790954066.265750) can0 2A2#0000E0760000149B
(1790954066.265940) can0 2A3#00032431FFFD410D
(1790954066.266104) can0 2A4#00012473FFFD551E
(1790954066.266109) can0 2A5#0000133A0000135D
(1790954066.266275) can0 2A6#FFFFEC9B00000253
(1790954066.266441) can0 2A7#00004EADFFFFFD8E
(1790954066.270712) can0 2A1#0100010000000000
(1790954066.270915) can0 2A2#0000E0760000149B
(1790954066.270920) can0 2A3#00032431FFFD410D
(1790954066.271096) can0 2A4#00012473FFFD551E
(1790954066.271101) can0 2A5#0000133A0000135D
(1790954066.271279) can0 2A6#FFFFEC9B00000253
(1790954066.271452) can0 2A7#00004EADFFFFFD8E
(1790954066.275749) can0 2A1#0100010000000000
(1790954066.275767) can0 2A2#0000E0760000149B
(1790954066.275969) can0 2A3#00032431FFFD410D
(1790954066.275989) can0 2A4#00012473FFFD551E
(1790954066.276116) can0 2A5#0000133A0000135D
(1790954066.276216) can0 2A6#FFFFEC9B00000253
(1790954066.276341) can0 2A7#00004EADFFFFFD8E
(1790954066.280630) can0 2A1#0100010000000000
(1790954066.280716) can0 2A2#0000E0760000149B
(1790954066.280841) can0 2A3#00032431FFFD410D
(1790954066.280991) can0 2A4#00012473FFFD551E
(1790954066.281091) can0 2A5#0000133A0000135D
(1790954066.281216) can0 2A6#FFFFEC9B00000253
(1790954066.281341) can0 2A7#00004EADFFFFFD8E
(1790954066.285713) can0 2A1#0100010000000000
(1790954066.285748) can0 2A2#0000E0760000149B
(1790954066.285962) can0 2A3#00032431FFFD410D
(1790954066.286124) can0 2A4#00012473FFFD551E
(1790954066.286129) can0 2A5#0000133A0000135D
(1790954066.286258) can0 2A6#FFFFEC9B00000253
(1790954066.286413) can0 2A7#00004EADFFFFFD8E
(1790954066.290783) can0 2A1#0100010000000000
(1790954066.290810) can0 2A2#0000E0760000149B
(1790954066.290842) can0 2A3#00032431FFFD410D
(1790954066.291044) can0 2A4#00012473FFFD551E
(1790954066.291193) can0 2A5#0000133A0000135D
(1790954066.291217) can0 2A6#FFFFEC9B00000253
(1790954066.291395) can0 2A7#00004EADFFFFFD8E
(1790954066.295688) can0 2A1#0100010000000000
(1790954066.295747) can0 2A2#0000E0760000149B
(1790954066.295959) can0 2A3#00032431FFFD410D
(1790954066.296178) can0 2A4#00012473FFFD551E
(1790954066.296184) can0 2A5#0000133A0000135D
(1790954066.296219) can0 2A6#FFFFEC9B00000253
(1790954066.296345) can0 2A7#00004EADFFFFFD8E
(1790954066.300753) can0 2A1#0100010000000000
(1790954066.300766) can0 2A2#0000E0760000149B
(1790954066.300872) can0 2A3#00032431FFFD410D
(1790954066.300967) can0 2A4#00012473FFFD551E
(1790954066.301091) can0 2A5#0000133A0000135D
(1790954066.301191) can0 2A6#FFFFEC9B00000253
(1790954066.301317) can0 2A7#00004EADFFFFFD8E
(1790954066.305702) can0 2A1#0100010000000000
(1790954066.305742) can0 2A2#0000E0760000149B
(1790954066.306008) can0 2A3#00032431FFFD410D
(1790954066.306012) can0 2A4#00012473FFFD551E
(1790954066.306093) can0 2A5#0000133A0000135D
(1790954066.306220) can0 2A6#FFFFEC9B00000253
(1790954066.306343) can0 2A7#00004EADFFFFFD8E
(1790954066.310630) can0 2A1#0100010000000000
(1790954066.310743) can0 2A2#0000E0760000149B
(1790954066.310876) can0 2A3#00032431FFFD410D
(1790954066.310967) can0 2A4#00012473FFFD551E
(1790954066.311095) can0 2A5#0000133A0000135D
(1790954066.311258) can0 2A6#FFFFEC9B00000253
(1790954066.311444) can0 2A7#00004EADFFFFFD8E
(1790954066.315699) can0 2A1#0100010000000000
(1790954066.315744) can0 2A2#0000E0760000149B
(1790954066.315886) can0 2A3#00032431FFFD410D
(1790954066.316066) can0 2A4#00012473FFFD551E
(1790954066.316178) can0 2A5#0000133A0000135D
(1790954066.316376) can0 2A6#FFFFEC9B00000253
(1790954066.316381) can0 2A7#00004EADFFFFFD8E
(1790954066.320716) can0 2A1#0100010000000000
(1790954066.320748) can0 2A2#0000E0760000149B
(1790954066.320982) can0 2A3#00032431FFFD410D
(1790954066.320990) can0 2A4#00012473FFFD551E
(1790954066.321139) can0 2A5#0000133A0000135D
(1790954066.321320) can0 2A6#FFFFEC9B00000253
(1790954066.321327) can0 2A7#00004EADFFFFFD8E
(1790954066.325727) can0 2A1#0100010000000000
(1790954066.325763) can0 2A2#0000E0760000149B
(1790954066.325872) can0 2A3#00032431FFFD410D
(1790954066.326100) can0 2A4#00012473FFFD551E
(1790954066.326104) can0 2A5#0000133A0000135D
(1790954066.326219) can0 2A6#FFFFEC9B00000253
(1790954066.326344) can0 2A7#00004EADFFFFFD8E
(1790954066.330671) can0 2A1#0100010000000000
(1790954066.330856) can0 2A2#0000E0760000149B
(1790954066.330861) can0 2A3#00032431FFFD410D
(1790954066.331044) can0 2A4#00012473FFFD551E
(1790954066.331197) can0 2A5#0000133A0000135D
(1790954066.331221) can0 2A6#FFFFEC9B00000253
(1790954066.331466) can0 2A7#00004EADFFFFFD8E
(1790954066.335656) can0 2A1#0100010000000000
(1790954066.335745) can0 2A2#0000E0760000149B
(1790954066.335874) can0 2A3#00032431FFFD410D
(1790954066.336078) can0 2A4#00012473FFFD551E
(1790954066.336105) can0 2A5#0000133A0000135D
(1790954066.336305) can0 2A6#FFFFEC9B00000253
(1790954066.336342) can0 2A7#00004EADFFFFFD8E
(1790954066.340721) can0 2A1#0100010000000000
(1790954066.340753) can0 2A2#0000E0760000149B
(1790954066.340844) can0 2A3#00032431FFFD410D
(1790954066.341035) can0 2A4#00012473FFFD551E
(1790954066.341095) can0 2A5#0000133A0000135D
(1790954066.341302) can0 2A6#FFFFEC9B00000253
(1790954066.341347) can0 2A7#00004EADFFFFFD8E
(1790954066.345780) can0 2A1#0100010000000000
(1790954066.345804) can0 2A2#0000E0760000149B
(1790954066.345878) can0 2A3#00032431FFFD410D
(1790954066.346148) can0 2A4#00012473FFFD551E
(1790954066.346157) can0 2A5#0000133A0000135D
(1790954066.346391) can0 2A6#FFFFEC9B00000253
(1790954066.346398) can0 2A7#00004EADFFFFFD8E
(1790954066.350630) can0 2A1#0100010000000000
(1790954066.350745) can0 2A2#0000E0760000149B
(1790954066.350871) can0 2A3#00032431FFFD410D
(1790954066.350968) can0 2A4#00012473FFFD551E
(1790954066.351093) can0 2A5#0000133A0000135D
(1790954066.351219) can0 2A6#FFFFEC9B00000253
(1790954066.351343) can0 2A7#00004EADFFFFFD8E
(1790954066.355768) can0 2A1#0100010000000000
(1790954066.355782) can0 2A2#0000E0760000149B
(1790954066.356045) can0 2A3#00032431FFFD410D
(1790954066.356052) can0 2A4#00012473FFFD551E
(1790954066.356094) can0 2A5#0000133A0000135D
(1790954066.356288) can0 2A6#FFFFEC9B00000253
(1790954066.356481) can0 2A7#00004EADFFFFFD8E
(1790954066.360777) can0 2A1#0100010000000000
(1790954066.360789) can0 2A2#0000E0760000149B
(1790954066.360844) can0 2A3#00032431FFFD410D
(1790954066.361049) can0 2A4#00012473FFFD551E
(1790954066.361094) can0 2A5#0000133A0000135D
(1790954066.361340) can0 2A6#FFFFEC9B00000253
(1790954066.361344) can0 2A7#00004EADFFFFFD8E
(1790954066.365779) can0 2A1#0100010000000000
(1790954066.365793) can0 2A2#0000E0760000149B
(1790954066.365896) can0 2A3#00032431FFFD410D
(1790954066.365995) can0 2A4#00012473FFFD551E
(1790954066.366092) can0 2A5#0000133A0000135D
(1790954066.366219) can0 2A6#FFFFEC9B00000253
(1790954066.366343) can0 2A7#00004EADFFFFFD8E
(1790954066.370754) can0 2A1#0100010000000000
(1790954066.370766) can0 2A2#0000E0760000149B
(1790954066.370939) can0 2A3#00032431FFFD410D
(1790954066.371115) can0 2A4#00012473FFFD551E
(1790954066.371120) can0 2A5#0000133A0000135D
(1790954066.371252) can0 2A6#FFFFEC9B00000253
(1790954066.371426) can0 2A7#00004EADFFFFFD8E
(1790954066.375706) can0 2A1#0100010000000000
(1790954066.375741) can0 2A2#0000E0760000149B
(1790954066.375871) can0 2A3#00032431FFFD410D
(1790954066.375991) can0 2A4#00012473FFFD551E
(1790954066.376116) can0 2A5#0000133A0000135D
(1790954066.376217) can0 2A6#FFFFEC9B00000253
(1790954066.376344) can0 2A7#00004EADFFFFFD8E
(1790954066.380763) can0 2A1#0100010000000000
(1790954066.380772) can0 2A2#0000E0760000149B
(1790954066.380990) can0 2A3#00032431FFFD410D
(1790954066.380995) can0 2A4#00012473FFFD551E
(1790954066.381175) can0 2A5#0000133A0000135D
(1790954066.381349) can0 2A6#FFFFEC9B00000253
(1790954066.381354) can0 2A7#00004EADFFFFFD8E
(1790954066.385693) can0 2A1#0100010000000000
(1790954066.385874) can0 2A2#0000E0760000149B
(1790954066.385882) can0 2A3#00032431FFFD410D
(1790954066.386139) can0 2A4#00012473FFFD551E
(1790954066.386144) can0 2A5#0000133A0000135D
(1790954066.386311) can0 2A6#FFFFEC9B00000253
(1790954066.386453) can0 2A7#00004EADFFFFFD8E
(1790954066.390751) can0 2A1#0100010000000000
(1790954066.390757) can0 2A2#0000E0760000149B
(1790954066.390842) can0 2A3#00032431FFFD410D
(1790954066.391064) can0 2A4#00012473FFFD551E
(1790954066.391225) can0 2A5#0000133A0000135D
(1790954066.391230) can0 2A6#FFFFEC9B00000253
(1790954066.391398) can0 2A7#00004EADFFFFFD8E
(1790954066.395723) can0 2A1#0100010000000000
(1790954066.395767) can0 2A2#0000E0760000149B
(1790954066.395883) can0 2A3#00032431FFFD410D
(1790954066.396101) can0 2A4#00012473FFFD551E
(1790954066.396110) can0 2A5#0000133A0000135D
(1790954066.396354) can0 2A6#FFFFEC9B00000253
(1790954066.396361) can0 2A7#00004EADFFFFFD8E
(1790954066.400713) can0 2A1#0100010000000000
(1790954066.400751) can0 2A2#0000E0760000149B
(1790954066.400843) can0 2A3#00032431FFFD410D
(1790954066.400967) can0 2A4#00012473FFFD551E
(1790954066.401091) can0 2A5#0000133A0000135D
(1790954066.401219) can0 2A6#FFFFEC9B00000253
(1790954066.401318) can0 2A7#00004EADFFFFFD8E
(1790954066.405712) can0 2A1#0100010000000000
(1790954066.405751) can0 2A2#0000E0760000149B
(1790954066.405936) can0 2A3#00032431FFFD410D
(1790954066.406093) can0 2A4#00012473FFFD551E
(1790954066.406098) can0 2A5#0000133A0000135D
(1790954066.406289) can0 2A6#FFFFEC9B00000253
(1790954066.406438) can0 2A7#00004EADFFFFFD8E
(1790954066.410689) can0 2A1#0100010000000000
(1790954066.410727) can0 2A2#0000E0760000149B
(1790954066.410844) can0 2A3#00032431FFFD410D
(1790954066.410995) can0 2A4#00012473FFFD551E
(1790954066.411093) can0 2A5#0000133A0000135D
(1790954066.411340) can0 2A6#FFFFEC9B00000253
(1790954066.411356) can0 2A7#00004EADFFFFFD8E
(1790954066.415634) can0 2A1#0100010000000000
(1790954066.415746) can0 2A2#0000E0760000149B
(1790954066.415894) can0 2A3#00032431FFFD410D
(1790954066.415975) can0 2A4#00012473FFFD551E
(1790954066.416099) can0 2A5#0000133A0000135D
(1790954066.416281) can0 2A6#FFFFEC9B00000253
(1790954066.416354) can0 2A7#00004EADFFFFFD8E
(1790954066.420690) can0 2A1#0100010000000000
(1790954066.420749) can0 2A2#0000E0760000149B
(1790954066.420842) can0 2A3#00032431FFFD410D
(1790954066.421027) can0 2A4#00012473FFFD551E
(1790954066.421176) can0 2A5#0000133A0000135D
(1790954066.421279) can0 2A6#FFFFEC9B00000253
(1790954066.421452) can0 2A7#00004EADFFFFFD8E
(1790954066.425753) can0 2A1#0100010000000000
(1790954066.425765) can0 2A2#0000E0760000149B
(1790954066.425873) can0 2A3#00032431FFFD410D
(1790954066.425991) can0 2A4#00012473FFFD551E
(1790954066.426098) can0 2A5#0000133A0000135D
(1790954066.426218) can0 2A6#FFFFEC9B00000253
(1790954066.426344) can0 2A7#00004EADFFFFFD8E
(1790954066.430716) can0 2A1#0100010000000000
(1790954066.430743) can0 2A2#0000E0760000149B
(1790954066.430976) can0 2A3#00032431FFFD410D
(1790954066.430980) can0 2A4#00012473FFFD551E
(1790954066.431170) can0 2A5#0000133A0000135D
(1790954066.431315) can0 2A6#FFFFEC9B00000253
(1790954066.431320) can0 2A7#00004EADFFFFFD8E
(1790954066.435741) can0 2A1#0100010000000000
(1790954066.435750) can0 2A2#0000E0760000149B
(1790954066.436000) can0 2A3#00032431FFFD410D
(1790954066.436005) can0 2A4#00012473FFFD551E
(1790954066.436167) can0 2A5#0000133A0000135D
(1790954066.436379) can0 2A6#FFFFEC9B00000253
(1790954066.436384) can0 2A7#00004EADFFFFFD8E
(1790954066.440649) can0 2A1#0100010000000000
(1790954066.440743) can0 2A2#0000E0760000149B
(1790954066.440841) can0 2A3#00032431FFFD410D
(1790954066.440967) can0 2A4#00012473FFFD551E
(1790954066.441092) can0 2A5#0000133A0000135D
(1790954066.441216) can0 2A6#FFFFEC9B00000253
(1790954066.441341) can0 2A7#00004EADFFFFFD8E
(1790954066.445656) can0 2A1#0100010000000000
(1790954066.445742) can0 2A2#0000E0760000149B
(1790954066.445873) can0 2A3#00032431FFFD410D
(1790954066.445991) can0 2A4#00012473FFFD551E
(1790954066.446092) can0 2A5#0000133A0000135D
(1790954066.446217) can0 2A6#FFFFEC9B00000253
(1790954066.446341) can0 2A7#00004EADFFFFFD8E
(1790954066.450627) can0 2A1#0100010000000000
(1790954066.450742) can0 2A2#0000E0760000149B
(1790954066.450872) can0 2A3#00032431FFFD410D
(1790954066.450966) can0 2A4#00012473FFFD551E
(1790954066.451091) can0 2A5#0000133A0000135D
(1790954066.451216) can0 2A6#FFFFEC9B00000253
(1790954066.451341) can0 2A7#00004EADFFFFFD8E
(1790954066.455655) can0 2A1#0100010000000000
(1790954066.455742) can0 2A2#0000E0760000149B
(1790954066.455896) can0 2A3#00032431FFFD410D
(1790954066.456059) can0 2A4#00012473FFFD551E
(1790954066.456220) can0 2A5#0000133A0000135D
(1790954066.456224) can0 2A6#FFFFEC9B00000253
(1790954066.456416) can0 2A7#00004EADFFFFFD8E
(1790954066.460626) can0 2A1#0100010000000000
(1790954066.460745) can0 2A2#0000E0760000149B
(1790954066.460842) can0 2A3#00032431FFFD410D
(1790954066.460966) can0 2A4#00012473FFFD551E
(1790954066.461091) can0 2A5#0000133A0000135D
(1790954066.461216) can0 2A6#FFFFEC9B00000253
(1790954066.461341) can0 2A7#00004EADFFFFFD8E
(1790954066.465635) can0 2A1#0100010000000000
(1790954066.465744) can0 2A2#0000E0760000149B
(1790954066.465894) can0 2A3#00032431FFFD410D
(1790954066.465993) can0 2A4#00012473FFFD551E
(1790954066.466091) can0 2A5#0000133A0000135D
(1790954066.466217) can0 2A6#FFFFEC9B00000253
(1790954066.466342) can0 2A7#00004EADFFFFFD8E
(1790954066.470748) can0 2A1#0100010000000000
(1790954066.470766) can0 2A2#0000E0760000149B
(1790954066.470918) can0 2A3#00032431FFFD410D
(1790954066.471144) can0 2A4#00012473FFFD551E
(1790954066.471149) can0 2A5#0000133A0000135D
(1790954066.471371) can0 2A6#FFFFEC9B00000253
(1790954066.471375) can0 2A7#00004EADFFFFFD8E
(1790954066.475634) can0 2A1#0100010000000000
(1790954066.475743) can0 2A2#0000E0760000149B
(1790954066.475972) can0 2A3#00032431FFFD410D
(1790954066.475990) can0 2A4#00012473FFFD551E
(1790954066.476096) can0 2A5#0000133A0000135D
(1790954066.476219) can0 2A6#FFFFEC9B00000253
(1790954066.476344) can0 2A7#00004EADFFFFFD8E
(1790954066.480642) can0 2A1#0100010000000000
(1790954066.480719) can0 2A2#0000E0760000149B
(1790954066.480868) can0 2A3#00032431FFFD410D
(1790954066.481047) can0 2A4#00012473FFFD551E
(1790954066.481092) can0 2A5#0000133A0000135D
(1790954066.481217) can0 2A6#FFFFEC9B00000253
(1790954066.481316) can0 2A7#00004EADFFFFFD8E
(1790954066.485622) can0 2A1#0100010000000000
(1790954066.485743) can0 2A2#0000E0760000149B
(1790954066.485868) can0 2A3#00032431FFFD410D
(1790954066.486061) can0 2A4#00012473FFFD551E
(1790954066.486092) can0 2A5#0000133A0000135D
(1790954066.486218) can0 2A6#FFFFEC9B00000253
(1790954066.486343) can0 2A7#00004EADFFFFFD8E
(1790954066.490719) can0 2A1#0100010000000000
(1790954066.490751) can0 2A2#0000E0760000149B
(1790954066.490871) can0 2A3#00032431FFFD410D
(1790954066.491049) can0 2A4#00012473FFFD551E
(1790954066.491091) can0 2A5#0000133A0000135D
(1790954066.491199) can0 2A6#FFFFEC9B00000253
(1790954066.491319) can0 2A7#00004EADFFFFFD8E
(1790954066.495716) can0 2A1#0100010000000000
(1790954066.495745) can0 2A2#0000E0760000149B
(1790954066.496227) can0 2A3#00032431FFFD410D
(1790954066.496230) can0 2A4#00012473FFFD551E
(1790954066.496231) can0 2A5#0000133A0000135D
(1790954066.496232) can0 2A6#FFFFEC9B00000253
(1790954066.496343) can0 2A7#00004EADFFFFFD8E
(1790954066.500754) can0 2A1#0100010000000000
(1790954066.500767) can0 2A2#0000E0760000149B
(1790954066.500843) can0 2A3#00032431FFFD410D
(1790954066.501046) can0 2A4#00012473FFFD551E
(1790954066.501220) can0 2A5#0000133A0000135D
(1790954066.501225) can0 2A6#FFFFEC9B00000253
(1790954066.501343) can0 2A7#00004EADFFFFFD8E
(1790954066.505705) can0 2A1#0100010000000000
(1790954066.505747) can0 2A2#0000E0760000149B
(1790954066.505876) can0 2A3#00032431FFFD410D
(1790954066.505994) can0 2A4#00012473FFFD551E
(1790954066.506094) can0 2A5#0000133A0000135D
(1790954066.506219) can0 2A6#FFFFEC9B00000253
(1790954066.506344) can0 2A7#00004EADFFFFFD8E
(1790954066.510633) can0 2A1#0100010000000000
(1790954066.510743) can0 2A2#0000E0760000149B
(1790954066.510873) can0 2A3#00032431FFFD410D
(1790954066.511044) can0 2A4#00012473FFFD551E
(1790954066.511092) can0 2A5#0000133A0000135D
(1790954066.511218) can0 2A6#FFFFEC9B00000253
(1790954066.511343) can0 2A7#00004EADFFFFFD8E
(1790954066.515637) can0 2A1#0100010000000000
(1790954066.515743) can0 2A2#0000E0760000149B
(1790954066.515878) can0 2A3#00032431FFFD410D
(1790954066.515989) can0 2A4#00012473FFFD551E
(1790954066.516116) can0 2A5#0000133A0000135D
(1790954066.516216) can0 2A6#FFFFEC9B00000253
(1790954066.516342) can0 2A7#00004EADFFFFFD8E
(1790954066.520643) can0 2A1#0100010000000000
(1790954066.520884) can0 2A2#0000E0760000149B
(1790954066.520890) can0 2A3#00032431FFFD410D
(1790954066.520995) can0 2A4#00012473FFFD551E
(1790954066.521093) can0 2A5#0000133A0000135D
(1790954066.521219) can0 2A6#FFFFEC9B00000253
(1790954066.521318) can0 2A7#00004EADFFFFFD8E
(1790954066.525629) can0 2A1#0100010000000000
(1790954066.525802) can0 2A2#0000E0760000149B
(1790954066.525973) can0 2A3#00032431FFFD410D
(1790954066.525998) can0 2A4#00012473FFFD551E
(1790954066.526191) can0 2A5#0000133A0000135D
(1790954066.526217) can0 2A6#FFFFEC9B00000253
(1790954066.526421) can0 2A7#00004EADFFFFFD8E
(1790954066.530631) can0 2A1#0100010000000000
(1790954066.530742) can0 2A2#0000E0760000149B
(1790954066.530844) can0 2A3#00032431FFFD410D
(1790954066.531071) can0 2A4#00012473FFFD551E
(1790954066.531090) can0 2A5#0000133A0000135D
(1790954066.531367) can0 2A6#FFFFEC9B00000253
(1790954066.531374) can0 2A7#00004EADFFFFFD8E
(1790954066.535668) can0 2A1#0100010000000000
(1790954066.535743) can0 2A2#0000E0760000149B
(1790954066.535876) can0 2A3#00032431FFFD410D
(1790954066.535994) can0 2A4#00012473FFFD551E
(1790954066.536093) can0 2A5#0000133A0000135D
(1790954066.536217) can0 2A6#FFFFEC9B00000253
(1790954066.536349) can0 2A7#00004EADFFFFFD8E
(1790954066.540682) can0 2A1#0100010000000000
(1790954066.540855) can0 2A2#0000E0760000149B
(1790954066.540861) can0 2A3#00032431FFFD410D
(1790954066.541047) can0 2A4#00012473FFFD551E
(1790954066.541199) can0 2A5#0000133A0000135D
(1790954066.541214) can0 2A6#FFFFEC9B00000253
(1790954066.541417) can0 2A7#00004EADFFFFFD8E
(1790954066.545772) can0 2A1#0100010000000000
(1790954066.545780) can0 2A2#0000E0760000149B
(1790954066.545942) can0 2A3#00032431FFFD410D
(1790954066.546113) can0 2A4#00012473FFFD551E
(1790954066.546118) can0 2A5#0000133A0000135D
(1790954066.546287) can0 2A6#FFFFEC9B00000253
(1790954066.546467) can0 2A7#00004EADFFFFFD8E
(1790954066.550757) can0 2A1#0100010000000000
(1790954066.550765) can0 2A2#0000E0760000149B
(1790954066.550991) can0 2A3#00032431FFFD410D
(1790954066.550995) can0 2A4#00012473FFFD551E
(1790954066.551168) can0 2A5#0000133A0000135D
(1790954066.551326) can0 2A6#FFFFEC9B00000253
(1790954066.551342) can0 2A7#00004EADFFFFFD8E
(1790954066.555702) can0 2A1#0100010000000000
(1790954066.555743) can0 2A2#0000E0760000149B
(1790954066.555881) can0 2A3#00032431FFFD410D
(1790954066.555994) can0 2A4#00012473FFFD551E
(1790954066.556118) can0 2A5#0000133A0000135D
(1790954066.556217) can0 2A6#FFFFEC9B00000253
(1790954066.556344) can0 2A7#00004EADFFFFFD8E
(1790954066.560631) can0 2A1#0100010000000000
(1790954066.560743) can0 2A2#0000E0760000149B
(1790954066.560842) can0 2A3#00032431FFFD410D
(1790954066.561029) can0 2A4#00012473FFFD551E
(1790954066.561225) can0 2A5#0000133A0000135D
(1790954066.561229) can0 2A6#FFFFEC9B00000253
(1790954066.561439) can0 2A7#00004EADFFFFFD8E
(1790954066.565760) can0 2A1#0100010000000000
(1790954066.565776) can0 2A2#0000E0760000149B
(1790954066.565960) can0 2A3#00032431FFFD410D
(1790954066.566108) can0 2A4#00012473FFFD551E
(1790954066.566114) can0 2A5#0000133A0000135D
(1790954066.566221) can0 2A6#FFFFEC9B00000253
(1790954066.566345) can0 2A7#00004EADFFFFFD8E
(1790954066.570709) can0 2A1#0100010000000000
(1790954066.570752) can0 2A2#0000E0760000149B
(1790954066.570871) can0 2A3#00032431FFFD410D
(1790954066.571073) can0 2A4#00012473FFFD551E
(1790954066.571097) can0 2A5#0000133A0000135D
(1790954066.571342) can0 2A6#FFFFEC9B00000253
(1790954066.571347) can0 2A7#00004EADFFFFFD8E
(1790954066.575705) can0 2A1#0100010000000000
(1790954066.575742) can0 2A2#0000E0760000149B
(1790954066.575879) can0 2A3#00032431FFFD410D
(1790954066.575994) can0 2A4#00012473FFFD551E
(1790954066.576116) can0 2A5#0000133A0000135D
(1790954066.576253) can0 2A6#FFFFEC9B00000253
(1790954066.576425) can0 2A7#00004EADFFFFFD8E
(1790954066.580704) can0 2A1#0100010000000000
(1790954066.580743) can0 2A2#0000E0760000149B
(1790954066.580842) can0 2A3#00032431FFFD410D
(1790954066.581094) can0 2A4#00012473FFFD551E
(1790954066.581101) can0 2A5#0000133A0000135D
(1790954066.581286) can0 2A6#FFFFEC9B00000253
(1790954066.581490) can0 2A7#00004EADFFFFFD8E
(1790954066.585689) can0 2A1#0100010000000000
(1790954066.585744) can0 2A2#0000E0760000149B
(1790954066.585877) can0 2A3#00032431FFFD410D
(1790954066.586071) can0 2A4#00012473FFFD551E
(1790954066.586247) can0 2A5#0000133A0000135D
(1790954066.586252) can0 2A6#FFFFEC9B00000253
(1790954066.586447) can0 2A7#00004EADFFFFFD8E
(1790954066.590748) can0 2A1#0100010000000000
(1790954066.590763) can0 2A2#0000E0760000149B
(1790954066.590937) can0 2A3#00032431FFFD410D
(1790954066.591101) can0 2A4#00012473FFFD551E
(1790954066.591111) can0 2A5#0000133A0000135D
(1790954066.591219) can0 2A6#FFFFEC9B00000253
(1790954066.591343) can0 2A7#00004EADFFFFFD8E
(1790954066.595773) can0 2A1#0100010000000000
(1790954066.595805) can0 2A2#0000E0760000149B
(1790954066.595878) can0 2A3#00032431FFFD410D
(1790954066.596076) can0 2A4#00012473FFFD551E
(1790954066.596118) can0 2A5#0000133A0000135D
(1790954066.596272) can0 2A6#FFFFEC9B00000253
(1790954066.596475) can0 2A7#00004EADFFFFFD8E
(1790954066.600744) can0 2A1#0100010000000000
(1790954066.600762) can0 2A2#0000E0760000149B
(1790954066.600849) can0 2A3#00032431FFFD410D
(1790954066.601054) can0 2A4#00012473FFFD551E
(1790954066.601093) can0 2A5#0000133A0000135D
(1790954066.601230) can0 2A6#FFFFEC9B00000253
(1790954066.601344) can0 2A7#00004EADFFFFFD8E
(1790954066.605720) can0 2A1#0100010000000000
(1790954066.605763) can0 2A2#0000E0760000149B
(1790954066.605891) can0 2A3#00032431FFFD410D
(1790954066.606094) can0 2A4#00012473FFFD551E
(1790954066.606104) can0 2A5#0000133A0000135D
(1790954066.606352) can0 2A6#FFFFEC9B00000253
(1790954066.606362) can0 2A7#00004EADFFFFFD8E
(1790954066.610723) can0 2A1#0100010000000000
(1790954066.610766) can0 2A2#0000E0760000149B
(1790954066.610857) can0 2A3#00032431FFFD410D
(1790954066.611063) can0 2A4#00012473FFFD551E
(1790954066.611090) can0 2A5#0000133A0000135D
(1790954066.611283) can0 2A6#FFFFEC9B00000253
(1790954066.611352) can0 2A7#00004EADFFFFFD8E
(1790954066.615759) can0 2A1#0100010000000000
(1790954066.615788) can0 2A2#0000E0760000149B
(1790954066.615876) can0 2A3#00032431FFFD410D
(1790954066.616118) can0 2A4#00012473FFFD551E
(1790954066.616127) can0 2A5#0000133A0000135D
(1790954066.616220) can0 2A6#FFFFEC9B00000253
(1790954066.616344) can0 2A7#00004EADFFFFFD8E
(1790954066.620703) can0 2A1#0100010000000000
(1790954066.620742) can0 2A2#0000E0760000149B
(1790954066.620926) can0 2A3#00032431FFFD410D
(1790954066.620968) can0 2A4#00012473FFFD551E
(1790954066.621173) can0 2A5#0000133A0000135D
(1790954066.621222) can0 2A6#FFFFEC9B00000253
(1790954066.621411) can0 2A7#00004EADFFFFFD8E
(1790954066.625807) can0 2A1#0100010000000000
(1790954066.625843) can0 2A2#0000E0760000149B
(1790954066.625880) can0 2A3#00032431FFFD410D
(1790954066.625996) can0 2A4#00012473FFFD551E
(1790954066.626180) can0 2A5#0000133A0000135D
(1790954066.626218) can0 2A6#FFFFEC9B00000253
(1790954066.626469) can0 2A7#00004EADFFFFFD8E
(1790954066.630743) can0 2A1#0100010000000000
(1790954066.630752) can0 2A2#0000E0760000149B
(1790954066.630977) can0 2A3#00032431FFFD410D
(1790954066.630982) can0 2A4#00012473FFFD551E
(1790954066.631174) can0 2A5#0000133A0000135D
(1790954066.631316) can0 2A6#FFFFEC9B00000253
(1790954066.631321) can0 2A7#00004EADFFFFFD8E
(1790954066.635778) can0 2A1#0100010000000000
(1790954066.635802) can0 2A2#0000E0760000149B
(1790954066.635938) can0 2A3#00032431FFFD410D
(1790954066.636097) can0 2A4#00012473FFFD551E
(1790954066.636103) can0 2A5#0000133A0000135D
(1790954066.636297) can0 2A6#FFFFEC9B00000253
(1790954066.636469) can0 2A7#00004EADFFFFFD8E
(1790954066.640656) can0 2A1#0100010000000000
(1790954066.640745) can0 2A2#0000E0760000149B
(1790954066.640892) can0 2A3#00032431FFFD410D
(1790954066.641097) can0 2A4#00012473FFFD551E
(1790954066.641102) can0 2A5#0000133A0000135D
(1790954066.641283) can0 2A6#FFFFEC9B00000253
(1790954066.641475) can0 2A7#00004EADFFFFFD8E
(1790954066.645724) can0 2A1#0100010000000000
(1790954066.645767) can0 2A2#0000E0760000149B
(1790954066.645870) can0 2A3#00032431FFFD410D
(1790954066.646049) can0 2A4#00012473FFFD551E
(1790954066.646221) can0 2A5#0000133A0000135D
(1790954066.646234) can0 2A6#FFFFEC9B00000253
(1790954066.646407) can0 2A7#00004EADFFFFFD8E
(1790954066.650777) can0 2A1#0100010000000000
(1790954066.650814) can0 2A2#0000E0760000149B
(1790954066.650844) can0 2A3#00032431FFFD410D
(1790954066.651035) can0 2A4#00012473FFFD551E
(1790954066.651093) can0 2A5#0000133A0000135D
(1790954066.651217) can0 2A6#FFFFEC9B00000253
(1790954066.651343) can0 2A7#00004EADFFFFFD8E
(1790954066.655723) can0 2A1#0100010000000000
(1790954066.655769) can0 2A2#0000E0760000149B
(1790954066.655974) can0 2A3#00032431FFFD410D
(1790954066.655990) can0 2A4#00012473FFFD551E
(1790954066.656228) can0 2A5#0000133A0000135D
(1790954066.656234) can0 2A6#FFFFEC9B00000253
(1790954066.656435) can0 2A7#00004EADFFFFFD8E
(1790954066.660746) can0 2A1#0100010000000000
(1790954066.660760) can0 2A2#0000E0760000149B
(1790954066.660872) can0 2A3#00032431FFFD410D
(1790954066.661059) can0 2A4#00012473FFFD551E
(1790954066.661093) can0 2A5#0000133A0000135D
(1790954066.661359) can0 2A6#FFFFEC9B00000253
(1790954066.661364) can0 2A7#00004EADFFFFFD8E
(1790954066.665710) can0 2A1#0100010000000000
(1790954066.665770) can0 2A2#0000E0760000149B
(1790954066.665887) can0 2A3#00032431FFFD410D
(1790954066.666071) can0 2A4#00012473FFFD551E
(1790954066.666100) can0 2A5#0000133A0000135D
(1790954066.666300) can0 2A6#FFFFEC9B00000253
(1790954066.666355) can0 2A7#00004EADFFFFFD8E
(1790954066.670636) can0 2A1#0100010000000000
(1790954066.670743) can0 2A2#0000E0760000149B
(1790954066.670871) can0 2A3#00032431FFFD410D
(1790954066.671052) can0 2A4#00012473FFFD551E
(1790954066.671183) can0 2A5#0000133A0000135D
(1790954066.671218) can0 2A6#FFFFEC9B00000253
(1790954066.671411) can0 2A7#00004EADFFFFFD8E
(1790954066.675704) can0 2A1#0100010000000000
(1790954066.675745) can0 2A2#0000E0760000149B
(1790954066.675874) can0 2A3#00032431FFFD410D
(1790954066.675991) can0 2A4#00012473FFFD551E
(1790954066.676091) can0 2A5#0000133A0000135D
(1790954066.676244) can0 2A6#FFFFEC9B00000253
(1790954066.676341) can0 2A7#00004EADFFFFFD8E
(1790954066.680753) can0 2A1#0100010000000000
(1790954066.680775) can0 2A2#0000E0760000149B
(1790954066.680977) can0 2A3#00032431FFFD410D
(1790954066.680982) can0 2A4#00012473FFFD551E
(1790954066.681164) can0 2A5#0000133A0000135D
(1790954066.681218) can0 2A6#FFFFEC9B00000253
(1790954066.681318) can0 2A7#00004EADFFFFFD8E
(1790954066.685744) can0 2A1#0100010000000000
(1790954066.685780) can0 2A2#0000E0760000149B
(1790954066.685876) can0 2A3#00032431FFFD410D
(1790954066.685994) can0 2A4#00012473FFFD551E
(1790954066.686221) can0 2A5#0000133A0000135D
(1790954066.686229) can0 2A6#FFFFEC9B00000253
(1790954066.686343) can0 2A7#00004EADFFFFFD8E
(1790954066.690706) can0 2A1#0100010000000000
(1790954066.690885) can0 2A2#0000E0760000149B
(1790954066.690889) can0 2A3#00032431FFFD410D
(1790954066.691061) can0 2A4#00012473FFFD551E
(1790954066.691224) can0 2A5#0000133A0000135D
(1790954066.691229) can0 2A6#FFFFEC9B00000253
(1790954066.691418) can0 2A7#00004EADFFFFFD8E
(1790954066.695742) can0 2A1#0100010000000000
(1790954066.695751) can0 2A2#0000E0760000149B
(1790954066.695951) can0 2A3#00032431FFFD410D
(1790954066.696127) can0 2A4#00012473FFFD551E
(1790954066.696132) can0 2A5#0000133A0000135D
(1790954066.696280) can0 2A6#FFFFEC9B00000253
(1790954066.696429) can0 2A7#00004EADFFFFFD8E
(1790954066.700717) can0 2A1#0100010000000000
(1790954066.700738) can0 2A2#0000E0760000149B
(1790954066.700878) can0 2A3#00032431FFFD410D
(1790954066.701090) can0 2A4#00012473FFFD551E
(1790954066.701095) can0 2A5#0000133A0000135D
(1790954066.701303) can0 2A6#FFFFEC9B00000253
(1790954066.701472) can0 2A7#00004EADFFFFFD8E
(1790954066.705723) can0 2A1#0100010000000000
(1790954066.705742) can0 2A2#0000E0760000149B
(1790954066.705935) can0 2A3#00032431FFFD410D
(1790954066.706102) can0 2A4#00012473FFFD551E
(1790954066.706106) can0 2A5#0000133A0000135D
(1790954066.706277) can0 2A6#FFFFEC9B00000253
(1790954066.706426) can0 2A7#00004EADFFFFFD8E
(1790954066.710708) can0 2A1#0100010000000000
(1790954066.710749) can0 2A2#0000E0760000149B
(1790954066.710929) can0 2A3#00032431FFFD410D
(1790954066.711097) can0 2A4#00012473FFFD551E
(1790954066.711103) can0 2A5#0000133A0000135D
(1790954066.711280) can0 2A6#FFFFEC9B00000253
(1790954066.711430) can0 2A7#00004EADFFFFFD8E
(1790954066.715774) can0 2A1#0100010000000000
(1790954066.715782) can0 2A2#0000E0760000149B
(1790954066.715937) can0 2A3#00032431FFFD410D
(1790954066.716109) can0 2A4#00012473FFFD551E
(1790954066.716119) can0 2A5#0000133A0000135D
(1790954066.716312) can0 2A6#FFFFEC9B00000253
(1790954066.716437) can0 2A7#00004EADFFFFFD8E
(1790954066.720725) can0 2A1#0100010000000000
(1790954066.720734) can0 2A2#0000E0760000149B
(1790954066.720935) can0 2A3#00032431FFFD410D
(1790954066.721184) can0 2A4#00012473FFFD551E
(1790954066.721188) can0 2A5#0000133A0000135D
(1790954066.721324) can0 2A6#FFFFEC9B00000253
(1790954066.721347) can0 2A7#00004EADFFFFFD8E
(1790954066.725712) can0 2A1#0100010000000000
(1790954066.725747) can0 2A2#0000E0760000149B
(1790954066.725880) can0 2A3#00032431FFFD410D
(1790954066.726036) can0 2A4#00012473FFFD551E
(1790954066.726202) can0 2A5#0000133A0000135D
(1790954066.726226) can0 2A6#FFFFEC9B00000253
(1790954066.726451) can0 2A7#00004EADFFFFFD8E
(1790954066.730707) can0 2A1#0100010000000000
(1790954066.730932) can0 2A2#0000E0760000149B
(1790954066.730937) can0 2A3#00032431FFFD410D
(1790954066.731103) can0 2A4#00012473FFFD551E
(1790954066.731108) can0 2A5#0000133A0000135D
(1790954066.731289) can0 2A6#FFFFEC9B00000253
(1790954066.731431) can0 2A7#00004EADFFFFFD8E
(1790954066.735709) can0 2A1#0100010000000000
(1790954066.735833) can0 2A2#0000E0760000149B
(1790954066.736034) can0 2A3#00032431FFFD410D
(1790954066.736039) can0 2A4#00012473FFFD551E
(1790954066.736188) can0 2A5#0000133A0000135D
(1790954066.736364) can0 2A6#FFFFEC9B00000253
(1790954066.736369) can0 2A7#00004EADFFFFFD8E
(1790954066.740681) can0 2A1#0100010000000000
(1790954066.740741) can0 2A2#0000E0760000149B
(1790954066.740873) can0 2A3#00032431FFFD410D
(1790954066.741068) can0 2A4#00012473FFFD551E
(1790954066.741092) can0 2A5#0000133A0000135D
(1790954066.741293) can0 2A6#FFFFEC9B00000253
(1790954066.741427) can0 2A7#00004EADFFFFFD8E
(1790954066.745707) can0 2A1#0100010000000000
(1790954066.745897) can0 2A2#0000E0760000149B
(1790954066.745901) can0 2A3#00032431FFFD410D
(1790954066.746076) can0 2A4#00012473FFFD551E
(1790954066.746101) can0 2A5#0000133A0000135D
(1790954066.746329) can0 2A6#FFFFEC9B00000253
(1790954066.746353) can0 2A7#00004EADFFFFFD8E
(1790954066.750684) can0 2A1#0100010000000000
(1790954066.750845) can0 2A2#0000E0760000149B
(1790954066.750870) can0 2A3#00032431FFFD410D
(1790954066.751064) can0 2A4#00012473FFFD551E
(1790954066.751256) can0 2A5#0000133A0000135D
(1790954066.751260) can0 2A6#FFFFEC9B00000253
(1790954066.751391) can0 2A7#00004EADFFFFFD8E
(1790954066.755676) can0 2A1#0100010000000000
(1790954066.755850) can0 2A2#0000E0760000149B
(1790954066.755865) can0 2A3#00032431FFFD410D
(1790954066.756081) can0 2A4#00012473FFFD551E
(1790954066.756232) can0 2A5#0000133A0000135D
(1790954066.756237) can0 2A6#FFFFEC9B00000253
(1790954066.756408) can0 2A7#00004EADFFFFFD8E
(1790954066.760703) can0 2A1#0100010000000000
(1790954066.760727) can0 2A2#0000E0760000149B
(1790954066.760887) can0 2A3#00032431FFFD410D
(1790954066.760973) can0 2A4#00012473FFFD551E
(1790954066.761096) can0 2A5#0000133A0000135D
(1790954066.761228) can0 2A6#FFFFEC9B00000253
(1790954066.761405) can0 2A7#00004EADFFFFFD8E
(1790954066.765728) can0 2A1#0100010000000000
(1790954066.765746) can0 2A2#0000E0760000149B
(1790954066.765963) can0 2A3#00032431FFFD410D
(1790954066.766147) can0 2A4#00012473FFFD551E
(1790954066.766152) can0 2A5#0000133A0000135D
(1790954066.766298) can0 2A6#FFFFEC9B00000253
(1790954066.766432) can0 2A7#00004EADFFFFFD8E
(1790954066.770627) can0 2A1#0100010000000000
(1790954066.770741) can0 2A2#0000E0760000149B
(1790954066.770842) can0 2A3#00032431FFFD410D
(1790954066.771057) can0 2A4#00012473FFFD551E
(1790954066.771092) can0 2A5#0000133A0000135D
(1790954066.771216) can0 2A6#FFFFEC9B00000253
(1790954066.771341) can0 2A7#00004EADFFFFFD8E
(1790954066.775682) can0 2A1#0100010000000000
(1790954066.775841) can0 2A2#0000E0760000149B
(1790954066.775975) can0 2A3#00032431FFFD410D
(1790954066.775989) can0 2A4#00012473FFFD551E
(1790954066.776195) can0 2A5#0000133A0000135D
(1790954066.776219) can0 2A6#FFFFEC9B00000253
(1790954066.776404) can0 2A7#00004EADFFFFFD8E
(1790954066.780751) can0 2A1#0100010000000000
(1790954066.780762) can0 2A2#0000E0760000149B
(1790954066.780921) can0 2A3#00032431FFFD410D
(1790954066.781091) can0 2A4#00012473FFFD551E
(1790954066.781096) can0 2A5#0000133A0000135D
(1790954066.781312) can0 2A6#FFFFEC9B00000253
(1790954066.781474) can0 2A7#00004EADFFFFFD8E
(1790954066.785772) can0 2A1#0100010000000000
(1790954066.785791) can0 2A2#0000E0760000149B
(1790954066.785889) can0 2A3#00032431FFFD410D
(1790954066.786067) can0 2A4#00012473FFFD551E
(1790954066.786123) can0 2A5#0000133A0000135D
(1790954066.786270) can0 2A6#FFFFEC9B00000253
(1790954066.786354) can0 2A7#00004EADFFFFFD8E
(1790954066.790685) can0 2A1#0100010000000000
(1790954066.790747) can0 2A2#0000E0760000149B
(1790954066.790871) can0 2A3#00032431FFFD410D
(1790954066.791026) can0 2A4#00012473FFFD551E
(1790954066.791185) can0 2A5#0000133A0000135D
(1790954066.791218) can0 2A6#FFFFEC9B00000253
(1790954066.791412) can0 2A7#00004EADFFFFFD8E
(1790954066.795697) can0 2A1#0100010000000000
(1790954066.795742) can0 2A2#0000E0760000149B
(1790954066.795871) can0 2A3#00032431FFFD410D
(1790954066.795993) can0 2A4#00012473FFFD551E
(1790954066.796092) can0 2A5#0000133A0000135D
(1790954066.796217) can0 2A6#FFFFEC9B00000253
(1790954066.796342) can0 2A7#00004EADFFFFFD8E
(1790954066.800719) can0 2A1#0100010000000000
(1790954066.800764) can0 2A2#0000E0760000149B
(1790954066.800890) can0 2A3#00032431FFFD410D
(1790954066.801034) can0 2A4#00012473FFFD551E
(1790954066.801221) can0 2A5#0000133A0000135D
(1790954066.801229) can0 2A6#FFFFEC9B00000253
(1790954066.801411) can0 2A7#00004EADFFFFFD8E
(1790954066.805679) can0 2A1#0100010000000000
(1790954066.805883) can0 2A2#0000E0760000149B
(1790954066.805890) can0 2A3#00032431FFFD410D
(1790954066.806096) can0 2A4#00012473FFFD551E
(1790954066.806119) can0 2A5#0000133A0000135D
(1790954066.806295) can0 2A6#FFFFEC9B00000253
(1790954066.806356) can0 2A7#00004EADFFFFFD8E
(1790954066.810709) can0 2A1#0100010000000000
(1790954066.810742) can0 2A2#0000E0760000149B
(1790954066.810925) can0 2A3#00032431FFFD410D
(1790954066.810968) can0 2A4#00012473FFFD551E
(1790954066.811170) can0 2A5#0000133A0000135D
(1790954066.811227) can0 2A6#FFFFEC9B00000253
(1790954066.811431) can0 2A7#00004EADFFFFFD8E
(1790954066.815715) can0 2A1#0100010000000000
(1790954066.815752) can0 2A2#0000E0760000149B
(1790954066.815873) can0 2A3#00032431FFFD410D
(1790954066.816063) can0 2A4#00012473FFFD551E
(1790954066.816090) can0 2A5#0000133A0000135D
(1790954066.816306) can0 2A6#FFFFEC9B00000253
(1790954066.816343) can0 2A7#00004EADFFFFFD8E
(1790954066.820635) can0 2A1#0100010000000000
(1790954066.820745) can0 2A2#0000E0760000149B
(1790954066.820844) can0 2A3#00032431FFFD410D
(1790954066.820969) can0 2A4#00012473FFFD551E
(1790954066.821093) can0 2A5#0000133A0000135D
(1790954066.821219) can0 2A6#FFFFEC9B00000253
(1790954066.821343) can0 2A7#00004EADFFFFFD8E
(1790954066.825628) can0 2A1#0100010000000000
(1790954066.825741) can0 2A2#0000E0760000149B
(1790954066.825875) can0 2A3#00032431FFFD410D
(1790954066.825991) can0 2A4#00012473FFFD551E
(1790954066.826117) can0 2A5#0000133A0000135D
(1790954066.826216) can0 2A6#FFFFEC9B00000253
(1790954066.826341) can0 2A7#00004EADFFFFFD8E
(1790954066.830682) can0 2A1#0100010000000000
(1790954066.830747) can0 2A2#0000E0760000149B
(1790954066.830976) can0 2A3#00032431FFFD410D
(1790954066.830984) can0 2A4#00012473FFFD551E
(1790954066.831193) can0 2A5#0000133A0000135D
(1790954066.831216) can0 2A6#FFFFEC9B00000253
(1790954066.831409) can0 2A7#00004EADFFFFFD8E
(1790954066.835710) can0 2A1#0100010000000000
(1790954066.835741) can0 2A2#0000E0760000149B
(1790954066.835888) can0 2A3#00032431FFFD410D
(1790954066.836080) can0 2A4#00012473FFFD551E
(1790954066.836121) can0 2A5#0000133A0000135D
(1790954066.836307) can0 2A6#FFFFEC9B00000253
(1790954066.836347) can0 2A7#00004EADFFFFFD8E
(1790954066.840689) can0 2A1#0100010000000000
(1790954066.840741) can0 2A2#0000E0760000149B
(1790954066.840940) can0 2A3#00032431FFFD410D
(1790954066.841001) can0 2A4#00012473FFFD551E
(1790954066.841164) can0 2A5#0000133A0000135D
(1790954066.841222) can0 2A6#FFFFEC9B00000253
(1790954066.841396) can0 2A7#00004EADFFFFFD8E
(1790954066.845674) can0 2A1#0100010000000000
(1790954066.845744) can0 2A2#0000E0760000149B
(1790954066.845871) can0 2A3#00032431FFFD410D
(1790954066.846061) can0 2A4#00012473FFFD551E
(1790954066.846119) can0 2A5#0000133A0000135D
(1790954066.846218) can0 2A6#FFFFEC9B00000253
(1790954066.846343) can0 2A7#00004EADFFFFFD8E
(1790954066.850719) can0 2A1#0100010000000000
(1790954066.850759) can0 2A2#0000E0760000149B
(1790954066.850990) can0 2A3#00032431FFFD410D
(1790954066.850998) can0 2A4#00012473FFFD551E
(1790954066.851165) can0 2A5#0000133A0000135D
(1790954066.851222) can0 2A6#FFFFEC9B00000253
(1790954066.851410) can0 2A7#00004EADFFFFFD8E
(1790954066.855691) can0 2A1#0100010000000000
(1790954066.855740) can0 2A2#0000E0760000149B
(1790954066.855921) can0 2A3#00032431FFFD410D
(1790954066.856123) can0 2A4#00012473FFFD551E
(1790954066.856149) can0 2A5#0000133A0000135D
(1790954066.856216) can0 2A6#FFFFEC9B00000253
(1790954066.856340) can0 2A7#00004EADFFFFFD8E
(1790954066.860684) can0 2A1#0100010000000000
(1790954066.860740) can0 2A2#0000E0760000149B
(1790954066.860875) can0 2A3#00032431FFFD410D
(1790954066.860965) can0 2A4#00012473FFFD551E
(1790954066.861090) can0 2A5#0000133A0000135D
(1790954066.861215) can0 2A6#FFFFEC9B00000253
(1790954066.861402) can0 2A7#00004EADFFFFFD8E
(1790954066.865749) can0 2A1#0100010000000000
(1790954066.865766) can0 2A2#0000E0760000149B
(1790954066.865950) can0 2A3#00032431FFFD410D
(1790954066.866101) can0 2A4#00012473FFFD551E
(1790954066.866117) can0 2A5#0000133A0000135D
(1790954066.866313) can0 2A6#FFFFEC9B00000253
(1790954066.866497) can0 2A7#00004EADFFFFFD8E
(1790954066.870691) can0 2A1#0100010000000000
(1790954066.870820) can0 2A2#0000E0760000149B
(1790954066.870966) can0 2A3#00032431FFFD410D
(1790954066.871146) can0 2A4#00012473FFFD551E
(1790954066.871151) can0 2A5#0000133A0000135D
(1790954066.871261) can0 2A6#FFFFEC9B00000253
(1790954066.871389) can0 2A7#00004EADFFFFFD8E
(1790954066.875681) can0 2A1#0100010000000000
(1790954066.875823) can0 2A2#0000E0760000149B
(1790954066.875976) can0 2A3#00032431FFFD410D
(1790954066.875990) can0 2A4#00012473FFFD551E
(1790954066.876191) can0 2A5#0000133A0000135D
(1790954066.876302) can0 2A6#FFFFEC9B00000253
(1790954066.876452) can0 2A7#00004EADFFFFFD8E
(1790954066.880746) can0 2A1#0100010000000000
(1790954066.880770) can0 2A2#0000E0760000149B
(1790954066.880933) can0 2A3#00032431FFFD410D
(1790954066.880980) can0 2A4#00012473FFFD551E
(1790954066.881095) can0 2A5#0000133A0000135D
(1790954066.881218) can0 2A6#FFFFEC9B00000253
(1790954066.881342) can0 2A7#00004EADFFFFFD8E
(1790954066.885801) can0 2A1#0100010000000000
(1790954066.885813) can0 2A2#0000E0760000149B
(1790954066.885888) can0 2A3#00032431FFFD410D
(1790954066.886063) can0 2A4#00012473FFFD551E
(1790954066.886220) can0 2A5#0000133A0000135D
(1790954066.886225) can0 2A6#FFFFEC9B00000253
(1790954066.886401) can0 2A7#00004EADFFFFFD8E
(1790954066.890751) can0 2A1#0100010000000000
(1790954066.890780) can0 2A2#0000E0760000149B
(1790954066.890843) can0 2A3#00032431FFFD410D
(1790954066.891038) can0 2A4#00012473FFFD551E
(1790954066.891159) can0 2A5#0000133A0000135D
(1790954066.891319) can0 2A6#FFFFEC9B00000253
(1790954066.891344) can0 2A7#00004EADFFFFFD8E
(1790954066.895771) can0 2A1#0100010000000000
(1790954066.895782) can0 2A2#0000E0760000149B
(1790954066.895934) can0 2A3#00032431FFFD410D
(1790954066.896142) can0 2A4#00012473FFFD551E
(1790954066.896147) can0 2A5#0000133A0000135D
(1790954066.896303) can0 2A6#FFFFEC9B00000253
(1790954066.896443) can0 2A7#00004EADFFFFFD8E
(1790954066.900765) can0 2A1#0100010000000000
(1790954066.900791) can0 2A2#0000E0760000149B
(1790954066.900997) can0 2A3#00032431FFFD410D
(1790954066.901001) can0 2A4#00012473FFFD551E
(1790954066.901179) can0 2A5#0000133A0000135D
(1790954066.901326) can0 2A6#FFFFEC9B00000253
(1790954066.901344) can0 2A7#00004EADFFFFFD8E
(1790954066.905753) can0 2A1#0100010000000000
(1790954066.905781) can0 2A2#0000E0760000149B
(1790954066.905961) can0 2A3#00032431FFFD410D
(1790954066.906149) can0 2A4#00012473FFFD551E
(1790954066.906155) can0 2A5#0000133A0000135D
(1790954066.906298) can0 2A6#FFFFEC9B00000253
(1790954066.906478) can0 2A7#00004EADFFFFFD8E
(1790954066.910632) can0 2A1#0100010000000000
(1790954066.910747) can0 2A2#0000E0760000149B
(1790954066.910876) can0 2A3#00032431FFFD410D
(1790954066.911065) can0 2A4#00012473FFFD551E
(1790954066.911107) can0 2A5#0000133A0000135D
(1790954066.911221) can0 2A6#FFFFEC9B00000253
(1790954066.911343) can0 2A7#00004EADFFFFFD8E
(1790954066.915721) can0 2A1#0100010000000000
(1790954066.915745) can0 2A2#0000E0760000149B
(1790954066.915959) can0 2A3#00032431FFFD410D
(1790954066.916126) can0 2A4#00012473FFFD551E
(1790954066.916132) can0 2A5#0000133A0000135D
(1790954066.916306) can0 2A6#FFFFEC9B00000253
(1790954066.916473) can0 2A7#00004EADFFFFFD8E
(1790954066.920747) can0 2A1#0100010000000000
(1790954066.920755) can0 2A2#0000E0760000149B
(1790954066.920842) can0 2A3#00032431FFFD410D
(1790954066.921034) can0 2A4#00012473FFFD551E
(1790954066.921147) can0 2A5#0000133A0000135D
(1790954066.921298) can0 2A6#FFFFEC9B00000253
(1790954066.921420) can0 2A7#00004EADFFFFFD8E
(1790954066.925728) can0 2A1#0100010000000000
(1790954066.925793) can0 2A2#0000E0760000149B
(1790954066.925880) can0 2A3#00032431FFFD410D
(1790954066.925996) can0 2A4#00012473FFFD551E
(1790954066.926093) can0 2A5#0000133A0000135D
(1790954066.926218) can0 2A6#FFFFEC9B00000253
(1790954066.926343) can0 2A7#00004EADFFFFFD8E
(1790954066.930729) can0 2A1#0100010000000000
(1790954066.930774) can0 2A2#0000E0760000149B
(1790954066.930844) can0 2A3#00032431FFFD410D
(1790954066.930996) can0 2A4#00012473FFFD551E
(1790954066.931094) can0 2A5#0000133A0000135D
(1790954066.931219) can0 2A6#FFFFEC9B00000253
(1790954066.931344) can0 2A7#00004EADFFFFFD8E
(1790954066.935768) can0 2A1#0100010000000000
(1790954066.935787) can0 2A2#0000E0760000149B
(1790954066.935877) can0 2A3#00032431FFFD410D
(1790954066.936070) can0 2A4#00012473FFFD551E
(1790954066.936202) can0 2A5#0000133A0000135D
(1790954066.936218) can0 2A6#FFFFEC9B00000253
(1790954066.936417) can0 2A7#00004EADFFFFFD8E
(1790954066.940761) can0 2A1#0100010000000000
(1790954066.940773) can0 2A2#0000E0760000149B
(1790954066.940940) can0 2A3#00032431FFFD410D
(1790954066.941070) can0 2A4#00012473FFFD551E
(1790954066.941094) can0 2A5#0000133A0000135D
(1790954066.941230) can0 2A6#FFFFEC9B00000253
(1790954066.941401) can0 2A7#00004EADFFFFFD8E
(1790954066.945666) can0 2A1#0100010000000000
(1790954066.945743) can0 2A2#0000E0760000149B
(1790954066.945887) can0 2A3#00032431FFFD410D
(1790954066.945992) can0 2A4#00012473FFFD551E
(1790954066.946117) can0 2A5#0000133A0000135D
(1790954066.946323) can0 2A6#FFFFEC9B00000253
(1790954066.946341) can0 2A7#00004EADFFFFFD8E
(1790954066.950746) can0 2A1#0100010000000000
(1790954066.950755) can0 2A2#0000E0760000149B
(1790954066.950934) can0 2A3#00032431FFFD410D
(1790954066.951100) can0 2A4#00012473FFFD551E
(1790954066.951105) can0 2A5#0000133A0000135D
(1790954066.951280) can0 2A6#FFFFEC9B00000253
(1790954066.951480) can0 2A7#00004EADFFFFFD8E
(1790954066.955660) can0 2A1#0100010000000000
(1790954066.955769) can0 2A2#0000E0760000149B
(1790954066.955878) can0 2A3#00032431FFFD410D
(1790954066.955994) can0 2A4#00012473FFFD551E
(1790954066.956118) can0 2A5#0000133A0000135D
(1790954066.956537) can0 2A6#FFFFEC9B00000253
(1790954066.956539) can0 2A7#00004EADFFFFFD8E
(1790954066.960632) can0 2A1#0100010000000000
(1790954066.960743) can0 2A2#0000E0760000149B
(1790954066.960843) can0 2A3#00032431FFFD410D
(1790954066.960969) can0 2A4#00012473FFFD551E
(1790954066.961092) can0 2A5#0000133A0000135D
(1790954066.961217) can0 2A6#FFFFEC9B00000253
(1790954066.961352) can0 2A7#00004EADFFFFFD8E
(1790954066.965758) can0 2A1#0100010000000000
(1790954066.965765) can0 2A2#0000E0760000149B
(1790954066.965963) can0 2A3#00032431FFFD410D
(1790954066.966116) can0 2A4#00012473FFFD551E
(1790954066.966120) can0 2A5#0000133A0000135D
(1790954066.966285) can0 2A6#FFFFEC9B00000253
(1790954066.966475) can0 2A7#00004EADFFFFFD8E
(1790954066.970709) can0 2A1#0100010000000000
(1790954066.970742) can0 2A2#0000E0760000149B
(1790954066.970842) can0 2A3#00032431FFFD410D
(1790954066.971041) can0 2A4#00012473FFFD551E
(1790954066.971196) can0 2A5#0000133A0000135D
(1790954066.971220) can0 2A6#FFFFEC9B00000253
(1790954066.971450) can0 2A7#00004EADFFFFFD8E
(1790954066.975712) can0 2A1#0100010000000000
(1790954066.975769) can0 2A2#0000E0760000149B
(1790954066.975876) can0 2A3#00032431FFFD410D
(1790954066.976054) can0 2A4#00012473FFFD551E
(1790954066.976092) can0 2A5#0000133A0000135D
(1790954066.976309) can0 2A6#FFFFEC9B00000253
(1790954066.976462) can0 2A7#00004EADFFFFFD8E
(1790954066.980676) can0 2A1#0100010000000000
(1790954066.980747) can0 2A2#0000E0760000149B
(1790954066.980873) can0 2A3#00032431FFFD410D
(1790954066.980992) can0 2A4#00012473FFFD551E
(1790954066.981092) can0 2A5#0000133A0000135D
(1790954066.981220) can0 2A6#FFFFEC9B00000253
(1790954066.981343) can0 2A7#00004EADFFFFFD8E
(1790954066.985767) can0 2A1#0100010000000000
(1790954066.985805) can0 2A2#0000E0760000149B
(1790954066.985882) can0 2A3#00032431FFFD410D
(1790954066.985990) can0 2A4#00012473FFFD551E
(1790954066.986178) can0 2A5#0000133A0000135D
(1790954066.986218) can0 2A6#FFFFEC9B00000253
(1790954066.986345) can0 2A7#00004EADFFFFFD8E
(1790954066.990721) can0 2A1#0100010000000000
(1790954066.990764) can0 2A2#0000E0760000149B
(1790954066.990950) can0 2A3#00032431FFFD410D
(1790954066.991103) can0 2A4#00012473FFFD551E
(1790954066.991110) can0 2A5#0000133A0000135D
(1790954066.991306) can0 2A6#FFFFEC9B00000253
(1790954066.991479) can0 2A7#00004EADFFFFFD8E
(1790954066.995673) can0 2A1#0100010000000000
(1790954066.995745) can0 2A2#0000E0760000149B
(1790954066.995895) can0 2A3#00032431FFFD410D
(1790954066.995974) can0 2A4#00012473FFFD551E
(1790954066.996097) can0 2A5#0000133A0000135D
(1790954066.996231) can0 2A6#FFFFEC9B00000253
(1790954066.996414) can0 2A7#00004EADFFFFFD8E
(1790954067.000757) can0 2A1#0100010000000000
(1790954067.000779) can0 2A2#0000E0760000149B
(1790954067.000970) can0 2A3#00032431FFFD410D
(1790954067.000975) can0 2A4#00012473FFFD551E
(1790954067.001156) can0 2A5#0000133A0000135D
(1790954067.001361) can0 2A6#FFFFEC9B00000253
(1790954067.001367) can0 2A7#00004EADFFFFFD8E
(1790954067.005764) can0 2A1#0100010000000000
(1790954067.005774) can0 2A2#0000E0760000149B
(1790954067.005978) can0 2A3#00032431FFFD410D
(1790954067.005995) can0 2A4#00012473FFFD551E
(1790954067.006204) can0 2A5#0000133A0000135D
(1790954067.006368) can0 2A6#FFFFEC9B00000253
(1790954067.006373) can0 2A7#00004EADFFFFFD8E
(1790954067.010651) can0 2A1#0100010000000000
(1790954067.010744) can0 2A2#0000E0760000149B
(1790954067.010878) can0 2A3#00032431FFFD410D
(1790954067.010970) can0 2A4#00012473FFFD551E
(1790954067.011092) can0 2A5#0000133A0000135D
(1790954067.011219) can0 2A6#FFFFEC9B00000253
(1790954067.011344) can0 2A7#00004EADFFFFFD8E
(1790954067.015790) can0 2A1#0100010000000000
(1790954067.015817) can0 2A2#0000E0760000149B
(1790954067.015977) can0 2A3#00032431FFFD410D
(1790954067.015996) can0 2A4#00012473FFFD551E
(1790954067.016243) can0 2A5#0000133A0000135D
(1790954067.016250) can0 2A6#FFFFEC9B00000253
(1790954067.016398) can0 2A7#00004EADFFFFFD8E
(1790954067.020640) can0 2A1#0100010000000000
(1790954067.020741) can0 2A2#0000E0760000149B
(1790954067.020867) can0 2A3#00032431FFFD410D
(1790954067.021056) can0 2A4#00012473FFFD551E
(1790954067.021215) can0 2A5#0000133A0000135D
(1790954067.021220) can0 2A6#FFFFEC9B00000253
(1790954067.021438) can0 2A7#00004EADFFFFFD8E
(1790954067.025785) can0 2A1#0100010000000000
(1790954067.025814) can0 2A2#0000E0760000149B
(1790954067.026059) can0 2A3#00032431FFFD410D
(1790954067.026066) can0 2A4#00012473FFFD551E
(1790954067.026097) can0 2A5#0000133A0000135D
(1790954067.026218) can0 2A6#FFFFEC9B00000253
(1790954067.026346) can0 2A7#00004EADFFFFFD8E
(1790954067.030728) can0 2A1#0100010000000000
(1790954067.030751) can0 2A2#0000E0760000149B
(1790954067.030844) can0 2A3#00032431FFFD410D
(1790954067.031058) can0 2A4#00012473FFFD551E
(1790954067.031252) can0 2A5#0000133A0000135D
(1790954067.031257) can0 2A6#FFFFEC9B00000253
(1790954067.031410) can0 2A7#00004EADFFFFFD8E
(1790954067.035789) can0 2A1#0100010000000000
(1790954067.035815) can0 2A2#0000E0760000149B
(1790954067.036013) can0 2A3#00032431FFFD410D
(1790954067.036020) can0 2A4#00012473FFFD551E
(1790954067.036176) can0 2A5#0000133A0000135D
(1790954067.036317) can0 2A6#FFFFEC9B00000253
(1790954067.036348) can0 2A7#00004EADFFFFFD8E
(1790954067.040716) can0 2A1#0100010000000000
(1790954067.040751) can0 2A2#0000E0760000149B
(1790954067.040985) can0 2A3#00032431FFFD410D
(1790954067.040990) can0 2A4#00012473FFFD551E
(1790954067.041143) can0 2A5#0000133A0000135D
(1790954067.041287) can0 2A6#FFFFEC9B00000253
(1790954067.041484) can0 2A7#00004EADFFFFFD8E
(1790954067.045767) can0 2A1#0100010000000000
(1790954067.045777) can0 2A2#0000E0760000149B
(1790954067.045931) can0 2A3#00032431FFFD410D
(1790954067.046101) can0 2A4#00012473FFFD551E
(1790954067.046106) can0 2A5#0000133A0000135D
(1790954067.046278) can0 2A6#FFFFEC9B00000253
(1790954067.046454) can0 2A7#00004EADFFFFFD8E
(1790954067.050653) can0 2A1#0100010000000000
(1790954067.050745) can0 2A2#0000E0760000149B
(1790954067.050879) can0 2A3#00032431FFFD410D
(1790954067.051074) can0 2A4#00012473FFFD551E
(1790954067.051092) can0 2A5#0000133A0000135D
(1790954067.051287) can0 2A6#FFFFEC9B00000253
(1790954067.051409) can0 2A7#00004EADFFFFFD8E
(1790954067.055778) can0 2A1#0100010000000000
(1790954067.055788) can0 2A2#0000E0760000149B
(1790954067.055875) can0 2A3#00032431FFFD410D
(1790954067.056093) can0 2A4#00012473FFFD551E
(1790954067.056122) can0 2A5#0000133A0000135D
(1790954067.056296) can0 2A6#FFFFEC9B00000253
(1790954067.056460) can0 2A7#00004EADFFFFFD8E
(1790954067.060679) can0 2A1#0100010000000000
(1790954067.060742) can0 2A2#0000E0760000149B
(1790954067.060870) can0 2A3#00032431FFFD410D
(1790954067.060992) can0 2A4#00012473FFFD551E
(1790954067.061092) can0 2A5#0000133A0000135D
(1790954067.061216) can0 2A6#FFFFEC9B00000253
(1790954067.061342) can0 2A7#00004EADFFFFFD8E
(1790954067.065720) can0 2A1#0100010000000000
(1790954067.065742) can0 2A2#0000E0760000149B
(1790954067.065978) can0 2A3#00032431FFFD410D
(1790954067.065994) can0 2A4#00012473FFFD551E
(1790954067.066121) can0 2A5#0000133A0000135D
(1790954067.066217) can0 2A6#FFFFEC9B00000253
(1790954067.066342) can0 2A7#00004EADFFFFFD8E
(1790954067.070715) can0 2A1#0100010000000000
(1790954067.070748) can0 2A2#0000E0760000149B
(1790954067.070955) can0 2A3#00032431FFFD410D
(1790954067.071100) can0 2A4#00012473FFFD551E
(1790954067.071104) can0 2A5#0000133A0000135D
(1790954067.071302) can0 2A6#FFFFEC9B00000253
(1790954067.071448) can0 2A7#00004EADFFFFFD8E
(1790954067.075773) can0 2A1#0100010000000000
(1790954067.075796) can0 2A2#0000E0760000149B
(1790954067.075953) can0 2A3#00032431FFFD410D
(1790954067.076132) can0 2A4#00012473FFFD551E
(1790954067.076137) can0 2A5#0000133A0000135D
(1790954067.076260) can0 2A6#FFFFEC9B00000253
(1790954067.076449) can0 2A7#00004EADFFFFFD8E
(1790954067.080769) can0 2A1#0100010000000000
(1790954067.080779) can0 2A2#0000E0760000149B
(1790954067.080969) can0 2A3#00032431FFFD410D
(1790954067.080974) can0 2A4#00012473FFFD551E
(1790954067.081140) can0 2A5#0000133A0000135D
(1790954067.081289) can0 2A6#FFFFEC9B00000253
(1790954067.081442) can0 2A7#00004EADFFFFFD8E
(1790954067.085713) can0 2A1#0100010000000000
(1790954067.085918) can0 2A2#0000E0760000149B
(1790954067.085923) can0 2A3#00032431FFFD410D
(1790954067.086079) can0 2A4#00012473FFFD551E
(1790954067.086251) can0 2A5#0000133A0000135D
(1790954067.086255) can0 2A6#FFFFEC9B00000253
(1790954067.086432) can0 2A7#00004EADFFFFFD8E
(1790954067.090622) can0 2A1#0100010000000000
(1790954067.090740) can0 2A2#0000E0760000149B
(1790954067.090884) can0 2A3#00032431FFFD410D
(1790954067.091071) can0 2A4#00012473FFFD551E
(1790954067.091260) can0 2A5#0000133A0000135D
(1790954067.091264) can0 2A6#FFFFEC9B00000253
(1790954067.091409) can0 2A7#00004EADFFFFFD8E
(1790954067.095771) can0 2A1#0100010000000000
(1790954067.095784) can0 2A2#0000E0760000149B
(1790954067.095961) can0 2A3#00032431FFFD410D
(1790954067.096095) can0 2A4#00012473FFFD551E
(1790954067.096118) can0 2A5#0000133A0000135D
(1790954067.096292) can0 2A6#FFFFEC9B00000253
(1790954067.096447) can0 2A7#00004EADFFFFFD8E
(1790954067.100745) can0 2A1#0100010000000000
(1790954067.100764) can0 2A2#0000E0760000149B
(1790954067.100871) can0 2A3#00032431FFFD410D
(1790954067.101023) can0 2A4#00012473FFFD551E
(1790954067.101092) can0 2A5#0000133A0000135D
(1790954067.101216) can0 2A6#FFFFEC9B00000253
(1790954067.101344) can0 2A7#00004EADFFFFFD8E
(1790954067.105725) can0 2A1#0100010000000000
(1790954067.105766) can0 2A2#0000E0760000149B
(1790954067.105879) can0 2A3#00032431FFFD410D
(1790954067.105993) can0 2A4#00012473FFFD551E
(1790954067.106253) can0 2A5#0000133A0000135D
(1790954067.106259) can0 2A6#FFFFEC9B00000253
(1790954067.106344) can0 2A7#00004EADFFFFFD8E
(1790954067.110722) can0 2A1#0100010000000000
(1790954067.110747) can0 2A2#0000E0760000149B
(1790954067.110938) can0 2A3#00032431FFFD410D
(1790954067.111141) can0 2A4#00012473FFFD551E
(1790954067.111145) can0 2A5#0000133A0000135D
(1790954067.111304) can0 2A6#FFFFEC9B00000253
(1790954067.111480) can0 2A7#00004EADFFFFFD8E
(1790954067.115686) can0 2A1#0100010000000000
(1790954067.115768) can0 2A2#0000E0760000149B
(1790954067.115893) can0 2A3#00032431FFFD410D
(1790954067.115993) can0 2A4#00012473FFFD551E
(1790954067.116092) can0 2A5#0000133A0000135D
(1790954067.116282) can0 2A6#FFFFEC9B00000253
(1790954067.116469) can0 2A7#00004EADFFFFFD8E
(1790954067.120711) can0 2A1#0100010000000000
(1790954067.120894) can0 2A2#0000E0760000149B
(1790954067.120899) can0 2A3#00032431FFFD410D
(1790954067.121067) can0 2A4#00012473FFFD551E
(1790954067.121282) can0 2A5#0000133A0000135D
(1790954067.121288) can0 2A6#FFFFEC9B00000253
(1790954067.121480) can0 2A7#00004EADFFFFFD8E
(1790954067.125759) can0 2A1#0100010000000000
(1790954067.125771) can0 2A2#0000E0760000149B
(1790954067.126003) can0 2A3#00032431FFFD410D
(1790954067.126008) can0 2A4#00012473FFFD551E
(1790954067.126189) can0 2A5#0000133A0000135D
(1790954067.126301) can0 2A6#FFFFEC9B00000253
(1790954067.126469) can0 2A7#00004EADFFFFFD8E
(1790954067.130755) can0 2A1#0100010000000000
(1790954067.130784) can0 2A2#0000E0760000149B
(1790954067.130967) can0 2A3#00032431FFFD410D
(1790954067.131104) can0 2A4#00012473FFFD551E
(1790954067.131108) can0 2A5#0000133A0000135D
(1790954067.131325) can0 2A6#FFFFEC9B00000253
(1790954067.131340) can0 2A7#00004EADFFFFFD8E
(1790954067.135735) can0 2A1#0100010000000000
(1790954067.135751) can0 2A2#0000E0760000149B
(1790954067.135923) can0 2A3#00032431FFFD410D
(1790954067.136079) can0 2A4#00012473FFFD551E
(1790954067.136228) can0 2A5#0000133A0000135D
(1790954067.136244) can0 2A6#FFFFEC9B00000253
(1790954067.136447) can0 2A7#00004EADFFFFFD8E
(1790954067.140644) can0 2A1#0100010000000000
(1790954067.140743) can0 2A2#0000E0760000149B
(1790954067.140855) can0 2A3#00032431FFFD410D
(1790954067.141040) can0 2A4#00012473FFFD551E
(1790954067.141216) can0 2A5#0000133A0000135D
(1790954067.141221) can0 2A6#FFFFEC9B00000253
(1790954067.141410) can0 2A7#00004EADFFFFFD8E
(1790954067.145796) can0 2A1#0100010000000000
(1790954067.145824) can0 2A2#0000E0760000149B
(1790954067.146009) can0 2A3#00032431FFFD410D
(1790954067.146014) can0 2A4#00012473FFFD551E
(1790954067.146164) can0 2A5#0000133A0000135D
(1790954067.146299) can0 2A6#FFFFEC9B00000253
(1790954067.146422) can0 2A7#00004EADFFFFFD8E
(1790954067.150724) can0 2A1#0100010000000000
(1790954067.150749) can0 2A2#0000E0760000149B
(1790954067.150843) can0 2A3#00032431FFFD410D
(1790954067.151106) can0 2A4#00012473FFFD551E
(1790954067.151112) can0 2A5#0000133A0000135D
(1790954067.151309) can0 2A6#FFFFEC9B00000253
(1790954067.151483) can0 2A7#00004EADFFFFFD8E
(1790954067.155765) can0 2A1#0100010000000000
(1790954067.155774) can0 2A2#0000E0760000149B
(1790954067.155933) can0 2A3#00032431FFFD410D
(1790954067.156097) can0 2A4#00012473FFFD551E
(1790954067.156122) can0 2A5#0000133A0000135D
(1790954067.156324) can0 2A6#FFFFEC9B00000253
(1790954067.156340) can0 2A7#00004EADFFFFFD8E
(1790954067.160701) can0 2A1#0100010000000000
(1790954067.160838) can0 2A2#0000E0760000149B
(1790954067.160965) can0 2A3#00032431FFFD410D
(1790954067.161100) can0 2A4#00012473FFFD551E
(1790954067.161105) can0 2A5#0000133A0000135D
(1790954067.161311) can0 2A6#FFFFEC9B00000253
(1790954067.161343) can0 2A7#00004EADFFFFFD8E
(1790954067.165749) can0 2A1#0100010000000000
(1790954067.165761) can0 2A2#0000E0760000149B
(1790954067.166000) can0 2A3#00032431FFFD410D
(1790954067.166003) can0 2A4#00012473FFFD551E
(1790954067.166175) can0 2A5#0000133A0000135D
(1790954067.166305) can0 2A6#FFFFEC9B00000253
(1790954067.166369) can0 2A7#00004EADFFFFFD8E
(1790954067.170705) can0 2A1#0100010000000000
(1790954067.170877) can0 2A2#0000E0760000149B
(1790954067.170881) can0 2A3#00032431FFFD410D
(1790954067.171090) can0 2A4#00012473FFFD551E
(1790954067.171095) can0 2A5#0000133A0000135D
(1790954067.171277) can0 2A6#FFFFEC9B00000253
(1790954067.171399) can0 2A7#00004EADFFFFFD8E
(1790954067.175754) can0 2A1#0100010000000000
(1790954067.175796) can0 2A2#0000E0760000149B
(1790954067.175904) can0 2A3#00032431FFFD410D
(1790954067.176073) can0 2A4#00012473FFFD551E
(1790954067.176263) can0 2A5#0000133A0000135D
(1790954067.176268) can0 2A6#FFFFEC9B00000253
(1790954067.176407) can0 2A7#00004EADFFFFFD8E
(1790954067.180729) can0 2A1#0100010000000000
(1790954067.180759) can0 2A2#0000E0760000149B
(1790954067.180949) can0 2A3#00032431FFFD410D
(1790954067.180969) can0 2A4#00012473FFFD551E
(1790954067.181179) can0 2A5#0000133A0000135D
(1790954067.181350) can0 2A6#FFFFEC9B00000253
(1790954067.181356) can0 2A7#00004EADFFFFFD8E
(1790954067.185738) can0 2A1#0100010000000000
(1790954067.185926) can0 2A2#0000E0760000149B
(1790954067.185931) can0 2A3#00032431FFFD410D
(1790954067.186072) can0 2A4#00012473FFFD551E
(1790954067.186226) can0 2A5#0000133A0000135D
(1790954067.186231) can0 2A6#FFFFEC9B00000253
(1790954067.186409) can0 2A7#00004EADFFFFFD8E
(1790954067.190638) can0 2A1#0100010000000000
(1790954067.190745) can0 2A2#0000E0760000149B
(1790954067.190869) can0 2A3#00032431FFFD410D
(1790954067.190992) can0 2A4#00012473FFFD551E
(1790954067.191091) can0 2A5#0000133A0000135D
(1790954067.191216) can0 2A6#FFFFEC9B00000253
(1790954067.191317) can0 2A7#00004EADFFFFFD8E
(1790954067.195792) can0 2A1#0100010000000000
(1790954067.195820) can0 2A2#0000E0760000149B
(1790954067.195995) can0 2A3#00032431FFFD410D
(1790954067.195999) can0 2A4#00012473FFFD551E
(1790954067.196217) can0 2A5#0000133A0000135D
(1790954067.196242) can0 2A6#FFFFEC9B00000253
(1790954067.196512) can0 2A7#00004EADFFFFFD8E
(1790954067.200750) can0 2A1#0100010000000000
(1790954067.200762) can0 2A2#0000E0760000149B
(1790954067.200948) can0 2A3#00032431FFFD410D
(1790954067.201126) can0 2A4#00012473FFFD551E
(1790954067.201131) can0 2A5#0000133A0000135D
(1790954067.201297) can0 2A6#FFFFEC9B00000253
(1790954067.201446) can0 2A7#00004EADFFFFFD8E
(1790954067.205710) can0 2A1#0100010000000000
(1790954067.205870) can0 2A2#0000E0760000149B
(1790954067.205875) can0 2A3#00032431FFFD410D
(1790954067.206042) can0 2A4#00012473FFFD551E
(1790954067.206193) can0 2A5#0000133A0000135D
(1790954067.206217) can0 2A6#FFFFEC9B00000253
(1790954067.206417) can0 2A7#00004EADFFFFFD8E
(1790954067.210717) can0 2A1#0100010000000000
(1790954067.210767) can0 2A2#0000E0760000149B
(1790954067.210847) can0 2A3#00032431FFFD410D
(1790954067.211103) can0 2A4#00012473FFFD551E
(1790954067.211109) can0 2A5#0000133A0000135D
(1790954067.211285) can0 2A6#FFFFEC9B00000253
(1790954067.211462) can0 2A7#00004EADFFFFFD8E
(1790954067.215772) can0 2A1#0100010000000000
(1790954067.215810) can0 2A2#0000E0760000149B
(1790954067.215880) can0 2A3#00032431FFFD410D
(1790954067.216068) can0 2A4#00012473FFFD551E
(1790954067.216224) can0 2A5#0000133A0000135D
(1790954067.216246) can0 2A6#FFFFEC9B00000253
(1790954067.216371) can0 2A7#00004EADFFFFFD8E
(1790954067.220629) can0 2A1#0100010000000000
(1790954067.220812) can0 2A2#0000E0760000149B
(1790954067.220938) can0 2A3#00032431FFFD410D
(1790954067.221102) can0 2A4#00012473FFFD551E
(1790954067.221107) can0 2A5#0000133A0000135D
(1790954067.221302) can0 2A6#FFFFEC9B00000253
(1790954067.221467) can0 2A7#00004EADFFFFFD8E
(1790954067.225735) can0 2A1#0100010000000000
(1790954067.225774) can0 2A2#0000E0760000149B
(1790954067.225930) can0 2A3#00032431FFFD410D
(1790954067.226082) can0 2A4#00012473FFFD551E
(1790954067.226262) can0 2A5#0000133A0000135D
(1790954067.226267) can0 2A6#FFFFEC9B00000253
(1790954067.226430) can0 2A7#00004EADFFFFFD8E
(1790954067.230708) can0 2A1#0100010000000000
(1790954067.230745) can0 2A2#0000E0760000149B
(1790954067.230926) can0 2A3#00032431FFFD410D
(1790954067.231130) can0 2A4#00012473FFFD551E
(1790954067.231135) can0 2A5#0000133A0000135D
(1790954067.231304) can0 2A6#FFFFEC9B00000253
(1790954067.231476) can0 2A7#00004EADFFFFFD8E
(1790954067.235729) can0 2A1#0100010000000000
(1790954067.235770) can0 2A2#0000E0760000149B
(1790954067.235896) can0 2A3#00032431FFFD410D
(1790954067.236060) can0 2A4#00012473FFFD551E
(1790954067.236123) can0 2A5#0000133A0000135D
(1790954067.236223) can0 2A6#FFFFEC9B00000253
(1790954067.236434) can0 2A7#00004EADFFFFFD8E
(1790954067.240709) can0 2A1#0100010000000000
(1790954067.240742) can0 2A2#0000E0760000149B
(1790954067.240875) can0 2A3#00032431FFFD410D
(1790954067.240967) can0 2A4#00012473FFFD551E
(1790954067.241210) can0 2A5#0000133A0000135D
(1790954067.241225) can0 2A6#FFFFEC9B00000253
(1790954067.241345) can0 2A7#00004EADFFFFFD8E
(1790954067.245772) can0 2A1#0100010000000000
(1790954067.245783) can0 2A2#0000E0760000149B
(1790954067.246023) can0 2A3#00032431FFFD410D
(1790954067.246028) can0 2A4#00012473FFFD551E
(1790954067.246148) can0 2A5#0000133A0000135D
(1790954067.246247) can0 2A6#FFFFEC9B00000253
(1790954067.246369) can0 2A7#00004EADFFFFFD8E
(1790954067.250789) can0 2A1#0100010000000000
(1790954067.250835) can0 2A2#0000E0760000149B
(1790954067.250878) can0 2A3#00032431FFFD410D
(1790954067.251039) can0 2A4#00012473FFFD551E
(1790954067.251200) can0 2A5#0000133A0000135D
(1790954067.251215) can0 2A6#FFFFEC9B00000253
(1790954067.251476) can0 2A7#00004EADFFFFFD8E
(1790954067.255778) can0 2A1#0100010000000000
(1790954067.255798) can0 2A2#0000E0760000149B
(1790954067.255899) can0 2A3#00032431FFFD410D
(1790954067.256102) can0 2A4#00012473FFFD551E
(1790954067.256131) can0 2A5#0000133A0000135D
(1790954067.256297) can0 2A6#FFFFEC9B00000253
(1790954067.256354) can0 2A7#00004EADFFFFFD8E
(1790954067.260632) can0 2A1#0100010000000000
(1790954067.260746) can0 2A2#0000E0760000149B
(1790954067.260873) can0 2A3#00032431FFFD410D
(1790954067.260994) can0 2A4#00012473FFFD551E
(1790954067.261092) can0 2A5#0000133A0000135D
(1790954067.261217) can0 2A6#FFFFEC9B00000253
(1790954067.261341) can0 2A7#00004EADFFFFFD8E
(1790954067.265744) can0 2A1#0100010000000000
(1790954067.265790) can0 2A2#0000E0760000149B
(1790954067.265960) can0 2A3#00032431FFFD410D
(1790954067.266125) can0 2A4#00012473FFFD551E
(1790954067.266132) can0 2A5#0000133A0000135D
(1790954067.266321) can0 2A6#FFFFEC9B00000253
(1790954067.266344) can0 2A7#00004EADFFFFFD8E
(1790954067.270619) can0 2A1#0100010000000000
(1790954067.270742) can0 2A2#0000E0760000149B
(1790954067.270889) can0 2A3#00032431FFFD410D
(1790954067.271018) can0 2A4#00012473FFFD551E
(1790954067.271152) can0 2A5#0000133A0000135D
(1790954067.271300) can0 2A6#FFFFEC9B00000253
(1790954067.271481) can0 2A7#00004EADFFFFFD8E
(1790954067.275790) can0 2A1#0100010000000000
(1790954067.275830) can0 2A2#0000E0760000149B
(1790954067.275892) can0 2A3#00032431FFFD410D
(1790954067.276067) can0 2A4#00012473FFFD551E
(1790954067.276249) can0 2A5#0000133A0000135D
(1790954067.276255) can0 2A6#FFFFEC9B00000253
(1790954067.276424) can0 2A7#00004EADFFFFFD8E
(1790954067.280754) can0 2A1#0100010000000000
(1790954067.280797) can0 2A2#0000E0760000149B
(1790954067.280877) can0 2A3#00032431FFFD410D
(1790954067.281039) can0 2A4#00012473FFFD551E
(1790954067.281093) can0 2A5#0000133A0000135D
(1790954067.281218) can0 2A6#FFFFEC9B00000253
(1790954067.281343) can0 2A7#00004EADFFFFFD8E
(1790954067.285771) can0 2A1#0100010000000000
(1790954067.285812) can0 2A2#0000E0760000149B
(1790954067.285886) can0 2A3#00032431FFFD410D
(1790954067.286089) can0 2A4#00012473FFFD551E
(1790954067.286120) can0 2A5#0000133A0000135D
(1790954067.286309) can0 2A6#FFFFEC9B00000253
(1790954067.286346) can0 2A7#00004EADFFFFFD8E
(1790954067.290759) can0 2A1#0100010000000000
(1790954067.290800) can0 2A2#0000E0760000149B
(1790954067.290880) can0 2A3#00032431FFFD410D
(1790954067.291041) can0 2A4#00012473FFFD551E
(1790954067.291186) can0 2A5#0000133A0000135D
(1790954067.291332) can0 2A6#FFFFEC9B00000253
(1790954067.291337) can0 2A7#00004EADFFFFFD8E
(1790954067.295729) can0 2A1#0100010000000000
(1790954067.295757) can0 2A2#0000E0760000149B
(1790954067.295899) can0 2A3#00032431FFFD410D
(1790954067.296068) can0 2A4#00012473FFFD551E
(1790954067.296199) can0 2A5#0000133A0000135D
(1790954067.296218) can0 2A6#FFFFEC9B00000253
(1790954067.296412) can0 2A7#00004EADFFFFFD8E
(1790954067.300684) can0 2A1#0100010000000000
(1790954067.300876) can0 2A2#0000E0760000149B
(1790954067.300881) can0 2A3#00032431FFFD410D
(1790954067.301046) can0 2A4#00012473FFFD551E
(1790954067.301194) can0 2A5#0000133A0000135D
(1790954067.301218) can0 2A6#FFFFEC9B00000253
(1790954067.301423) can0 2A7#00004EADFFFFFD8E
(1790954067.305703) can0 2A1#0100010000000000
(1790954067.305836) can0 2A2#0000E0760000149B
(1790954067.306008) can0 2A3#00032431FFFD410D
(1790954067.306013) can0 2A4#00012473FFFD551E
(1790954067.306217) can0 2A5#0000133A0000135D
(1790954067.306257) can0 2A6#FFFFEC9B00000253
(1790954067.306456) can0 2A7#00004EADFFFFFD8E
(1790954067.310689) can0 2A1#0100010000000000
(1790954067.310831) can0 2A2#0000E0760000149B
(1790954067.311002) can0 2A3#00032431FFFD410D
(1790954067.311006) can0 2A4#00012473FFFD551E
(1790954067.311171) can0 2A5#0000133A0000135D
(1790954067.311306) can0 2A6#FFFFEC9B00000253
(1790954067.311439) can0 2A7#00004EADFFFFFD8E
(1790954067.315780) can0 2A1#0100010000000000
(1790954067.315811) can0 2A2#0000E0760000149B
(1790954067.316002) can0 2A3#00032431FFFD410D
(1790954067.316007) can0 2A4#00012473FFFD551E
(1790954067.316159) can0 2A5#0000133A0000135D
(1790954067.316325) can0 2A6#FFFFEC9B00000253
(1790954067.316340) can0 2A7#00004EADFFFFFD8E
(1790954067.320680) can0 2A1#0100010000000000
(1790954067.320827) can0 2A2#0000E0760000149B
(1790954067.321000) can0 2A3#00032431FFFD410D
(1790954067.321005) can0 2A4#00012473FFFD551E
(1790954067.321146) can0 2A5#0000133A0000135D
(1790954067.321301) can0 2A6#FFFFEC9B00000253
(1790954067.321430) can0 2A7#00004EADFFFFFD8E
(1790954067.325833) can0 2A1#0100010000000000
(1790954067.325870) can0 2A2#0000E0760000149B
(1790954067.325882) can0 2A3#00032431FFFD410D
(1790954067.326124) can0 2A4#00012473FFFD551E
(1790954067.326131) can0 2A5#0000133A0000135D
(1790954067.326349) can0 2A6#FFFFEC9B00000253
(1790954067.326357) can0 2A7#00004EADFFFFFD8E
(1790954067.330688) can0 2A1#0100010000000000
(1790954067.330745) can0 2A2#0000E0760000149B
(1790954067.330909) can0 2A3#00032431FFFD410D
(1790954067.331098) can0 2A4#00012473FFFD551E
(1790954067.331103) can0 2A5#0000133A0000135D
(1790954067.331294) can0 2A6#FFFFEC9B00000253
(1790954067.331447) can0 2A7#00004EADFFFFFD8E
(1790954067.335726) can0 2A1#0100010000000000
(1790954067.335904) can0 2A2#0000E0760000149B
(1790954067.335908) can0 2A3#00032431FFFD410D
(1790954067.336057) can0 2A4#00012473FFFD551E
(1790954067.336197) can0 2A5#0000133A0000135D
(1790954067.336355) can0 2A6#FFFFEC9B00000253
(1790954067.336360) can0 2A7#00004EADFFFFFD8E
(1790954067.340736) can0 2A1#0100010000000000
(1790954067.340750) can0 2A2#0000E0760000149B
(1790954067.340868) can0 2A3#00032431FFFD410D
(1790954067.340967) can0 2A4#00012473FFFD551E
(1790954067.341094) can0 2A5#0000133A0000135D
(1790954067.341217) can0 2A6#FFFFEC9B00000253
(1790954067.341343) can0 2A7#00004EADFFFFFD8E
(1790954067.345738) can0 2A1#0100010000000000
(1790954067.345772) can0 2A2#0000E0760000149B
(1790954067.345941) can0 2A3#00032431FFFD410D
(1790954067.346121) can0 2A4#00012473FFFD551E
(1790954067.346126) can0 2A5#0000133A0000135D
(1790954067.346328) can0 2A6#FFFFEC9B00000253
(1790954067.346344) can0 2A7#00004EADFFFFFD8E
(1790954067.350679) can0 2A1#0100010000000000
(1790954067.350804) can0 2A2#0000E0760000149B
(1790954067.351028) can0 2A3#00032431FFFD410D
(1790954067.351033) can0 2A4#00012473FFFD551E
(1790954067.351217) can0 2A5#0000133A0000135D
(1790954067.351223) can0 2A6#FFFFEC9B00000253
(1790954067.351412) can0 2A7#00004EADFFFFFD8E
(1790954067.355722) can0 2A1#0100010000000000
(1790954067.355768) can0 2A2#0000E0760000149B
(1790954067.355888) can0 2A3#00032431FFFD410D
(1790954067.356082) can0 2A4#00012473FFFD551E
(1790954067.356109) can0 2A5#0000133A0000135D
(1790954067.356225) can0 2A6#FFFFEC9B00000253
(1790954067.356349) can0 2A7#00004EADFFFFFD8E
(1790954067.360628) can0 2A1#0100010000000000
(1790954067.360742) can0 2A2#0000E0760000149B
(1790954067.360873) can0 2A3#00032431FFFD410D
(1790954067.360992) can0 2A4#00012473FFFD551E
(1790954067.361112) can0 2A5#0000133A0000135D
(1790954067.361217) can0 2A6#FFFFEC9B00000253
(1790954067.361361) can0 2A7#00004EADFFFFFD8E
(1790954067.365658) can0 2A1#0100010000000000
(1790954067.365745) can0 2A2#0000E0760000149B
(1790954067.365872) can0 2A3#00032431FFFD410D
(1790954067.366038) can0 2A4#00012473FFFD551E
(1790954067.366118) can0 2A5#0000133A0000135D
(1790954067.366243) can0 2A6#FFFFEC9B00000253
(1790954067.366368) can0 2A7#00004EADFFFFFD8E
(1790954067.370631) can0 2A1#0100010000000000
(1790954067.370745) can0 2A2#0000E0760000149B
(1790954067.370877) can0 2A3#00032431FFFD410D
(1790954067.371106) can0 2A4#00012473FFFD551E
(1790954067.371116) can0 2A5#0000133A0000135D
(1790954067.371220) can0 2A6#FFFFEC9B00000253
(1790954067.371344) can0 2A7#00004EADFFFFFD8E
(1790954067.375653) can0 2A1#0100010000000000
(1790954067.375744) can0 2A2#0000E0760000149B
(1790954067.375876) can0 2A3#00032431FFFD410D
(1790954067.376074) can0 2A4#00012473FFFD551E
(1790954067.376119) can0 2A5#0000133A0000135D
(1790954067.376218) can0 2A6#FFFFEC9B00000253
(1790954067.376465) can0 2A7#00004EADFFFFFD8E
(1790954067.380777) can0 2A1#0100010000000000
(1790954067.380814) can0 2A2#0000E0760000149B
(1790954067.380886) can0 2A3#00032431FFFD410D
(1790954067.380968) can0 2A4#00012473FFFD551E
(1790954067.381220) can0 2A5#0000133A0000135D
(1790954067.381230) can0 2A6#FFFFEC9B00000253
(1790954067.381423) can0 2A7#00004EADFFFFFD8E
(1790954067.385772) can0 2A1#0100010000000000
(1790954067.385781) can0 2A2#0000E0760000149B
(1790954067.385949) can0 2A3#00032431FFFD410D
(1790954067.386120) can0 2A4#00012473FFFD551E
(1790954067.386125) can0 2A5#0000133A0000135D
(1790954067.386302) can0 2A6#FFFFEC9B00000253
(1790954067.386448) can0 2A7#00004EADFFFFFD8E
(1790954067.390787) can0 2A1#0100010000000000
(1790954067.390826) can0 2A2#0000E0760000149B
(1790954067.390904) can0 2A3#00032431FFFD410D
(1790954067.390995) can0 2A4#00012473FFFD551E
(1790954067.391094) can0 2A5#0000133A0000135D
(1790954067.391219) can0 2A6#FFFFEC9B00000253
(1790954067.391344) can0 2A7#00004EADFFFFFD8E
(1790954067.395770) can0 2A1#0100010000000000
(1790954067.395787) can0 2A2#0000E0760000149B
(1790954067.395881) can0 2A3#00032431FFFD410D
(1790954067.396126) can0 2A4#00012473FFFD551E
(1790954067.396135) can0 2A5#0000133A0000135D
(1790954067.396305) can0 2A6#FFFFEC9B00000253
(1790954067.396354) can0 2A7#00004EADFFFFFD8E
(1790954067.400736) can0 2A1#0100010000000000
(1790954067.400775) can0 2A2#0000E0760000149B
(1790954067.400874) can0 2A3#00032431FFFD410D
(1790954067.400969) can0 2A4#00012473FFFD551E
(1790954067.401093) can0 2A5#0000133A0000135D
(1790954067.401219) can0 2A6#FFFFEC9B00000253
(1790954067.401344) can0 2A7#00004EADFFFFFD8E
(1790954067.405771) can0 2A1#0100010000000000
(1790954067.405786) can0 2A2#0000E0760000149B
(1790954067.405874) can0 2A3#00032431FFFD410D
(1790954067.406086) can0 2A4#00012473FFFD551E
(1790954067.406118) can0 2A5#0000133A0000135D
(1790954067.406300) can0 2A6#FFFFEC9B00000253
(1790954067.406343) can0 2A7#00004EADFFFFFD8E
(1790954067.410705) can0 2A1#0100010000000000
(1790954067.410745) can0 2A2#0000E0760000149B
(1790954067.410934) can0 2A3#00032431FFFD410D
(1790954067.410998) can0 2A4#00012473FFFD551E
(1790954067.411148) can0 2A5#0000133A0000135D
(1790954067.411305) can0 2A6#FFFFEC9B00000253
(1790954067.411344) can0 2A7#00004EADFFFFFD8E
(1790954067.415781) can0 2A1#0100010000000000
(1790954067.415818) can0 2A2#0000E0760000149B
(1790954067.415902) can0 2A3#00032431FFFD410D
(1790954067.415997) can0 2A4#00012473FFFD551E
(1790954067.416226) can0 2A5#0000133A0000135D
(1790954067.416242) can0 2A6#FFFFEC9B00000253
(1790954067.416442) can0 2A7#00004EADFFFFFD8E
(1790954067.420694) can0 2A1#0100010000000000
(1790954067.420743) can0 2A2#0000E0760000149B
(1790954067.420873) can0 2A3#00032431FFFD410D
(1790954067.420995) can0 2A4#00012473FFFD551E
(1790954067.421094) can0 2A5#0000133A0000135D
(1790954067.421218) can0 2A6#FFFFEC9B00000253
(1790954067.421343) can0 2A7#00004EADFFFFFD8E
(1790954067.425654) can0 2A1#0100010000000000
(1790954067.425759) can0 2A2#0000E0760000149B
(1790954067.425971) can0 2A3#00032431FFFD410D
(1790954067.425992) can0 2A4#00012473FFFD551E
(1790954067.426208) can0 2A5#0000133A0000135D
(1790954067.426243) can0 2A6#FFFFEC9B00000253
(1790954067.426345) can0 2A7#00004EADFFFFFD8E
(1790954067.430698) can0 2A1#0100010000000000
(1790954067.430874) can0 2A2#0000E0760000149B
(1790954067.430879) can0 2A3#00032431FFFD410D
(1790954067.431073) can0 2A4#00012473FFFD551E
(1790954067.431097) can0 2A5#0000133A0000135D
(1790954067.431298) can0 2A6#FFFFEC9B00000253
(1790954067.431446) can0 2A7#00004EADFFFFFD8E
(1790954067.435712) can0 2A1#0100010000000000
(1790954067.435837) can0 2A2#0000E0760000149B
(1790954067.435966) can0 2A3#00032431FFFD410D
(1790954067.436152) can0 2A4#00012473FFFD551E
(1790954067.436156) can0 2A5#0000133A0000135D
(1790954067.436305) can0 2A6#FFFFEC9B00000253
(1790954067.436441) can0 2A7#00004EADFFFFFD8E
(1790954067.440707) can0 2A1#0100010000000000
(1790954067.440743) can0 2A2#0000E0760000149B
(1790954067.440868) can0 2A3#00032431FFFD410D
(1790954067.440992) can0 2A4#00012473FFFD551E
(1790954067.441092) can0 2A5#0000133A0000135D
(1790954067.441218) can0 2A6#FFFFEC9B00000253
(1790954067.441342) can0 2A7#00004EADFFFFFD8E
(1790954067.445743) can0 2A1#0100010000000000
(1790954067.445766) can0 2A2#0000E0760000149B
(1790954067.445954) can0 2A3#00032431FFFD410D
(1790954067.446076) can0 2A4#00012473FFFD551E
(1790954067.446184) can0 2A5#0000133A0000135D
(1790954067.446346) can0 2A6#FFFFEC9B00000253
(1790954067.446351) can0 2A7#00004EADFFFFFD8E
(1790954067.450777) can0 2A1#0100010000000000
(1790954067.450806) can0 2A2#0000E0760000149B
(1790954067.450894) can0 2A3#00032431FFFD410D
(1790954067.451051) can0 2A4#00012473FFFD551E
(1790954067.451171) can0 2A5#0000133A0000135D
(1790954067.451298) can0 2A6#FFFFEC9B00000253
(1790954067.451454) can0 2A7#00004EADFFFFFD8E
(1790954067.455758) can0 2A1#0100010000000000
(1790954067.455771) can0 2A2#0000E0760000149B
(1790954067.455937) can0 2A3#00032431FFFD410D
(1790954067.456086) can0 2A4#00012473FFFD551E
(1790954067.456242) can0 2A5#0000133A0000135D
(1790954067.456248) can0 2A6#FFFFEC9B00000253
(1790954067.456432) can0 2A7#00004EADFFFFFD8E
(1790954067.460730) can0 2A1#0100010000000000
(1790954067.460750) can0 2A2#0000E0760000149B
(1790954067.460937) can0 2A3#00032431FFFD410D
(1790954067.461095) can0 2A4#00012473FFFD551E
(1790954067.461100) can0 2A5#0000133A0000135D
(1790954067.461283) can0 2A6#FFFFEC9B00000253
(1790954067.461407) can0 2A7#00004EADFFFFFD8E
(1790954067.465769) can0 2A1#0100010000000000
(1790954067.465783) can0 2A2#0000E0760000149B
(1790954067.465930) can0 2A3#00032431FFFD410D
(1790954067.466095) can0 2A4#00012473FFFD551E
(1790954067.466125) can0 2A5#0000133A0000135D
(1790954067.466321) can0 2A6#FFFFEC9B00000253
(1790954067.466352) can0 2A7#00004EADFFFFFD8E
(1790954067.470758) can0 2A1#0100010000000000
(1790954067.470786) can0 2A2#0000E0760000149B
(1790954067.470979) can0 2A3#00032431FFFD410D
(1790954067.470997) can0 2A4#00012473FFFD551E
(1790954067.471200) can0 2A5#0000133A0000135D
(1790954067.471219) can0 2A6#FFFFEC9B00000253
(1790954067.471447) can0 2A7#00004EADFFFFFD8E
(1790954067.475773) can0 2A1#0100010000000000
(1790954067.475784) can0 2A2#0000E0760000149B
(1790954067.475897) can0 2A3#00032431FFFD410D
(1790954067.476071) can0 2A4#00012473FFFD551E
(1790954067.476260) can0 2A5#0000133A0000135D
(1790954067.476265) can0 2A6#FFFFEC9B00000253
(1790954067.476451) can0 2A7#00004EADFFFFFD8E
(1790954067.480703) can0 2A1#0100010000000000
(1790954067.480865) can0 2A2#0000E0760000149B
(1790954067.480870) can0 2A3#00032431FFFD410D
(1790954067.481046) can0 2A4#00012473FFFD551E
(1790954067.481176) can0 2A5#0000133A0000135D
(1790954067.481300) can0 2A6#FFFFEC9B00000253
(1790954067.481449) can0 2A7#00004EADFFFFFD8E
(1790954067.485796) can0 2A1#0100010000000000
(1790954067.485824) can0 2A2#0000E0760000149B
(1790954067.486059) can0 2A3#00032431FFFD410D
(1790954067.486066) can0 2A4#00012473FFFD551E
(1790954067.486105) can0 2A5#0000133A0000135D
(1790954067.486249) can0 2A6#FFFFEC9B00000253
(1790954067.486345) can0 2A7#00004EADFFFFFD8E
(1790954067.490751) can0 2A1#0100010000000000
(1790954067.490778) can0 2A2#0000E0760000149B
(1790954067.490921) can0 2A3#00032431FFFD410D
(1790954067.491101) can0 2A4#00012473FFFD551E
(1790954067.491107) can0 2A5#0000133A0000135D
(1790954067.491272) can0 2A6#FFFFEC9B00000253
(1790954067.491442) can0 2A7#00004EADFFFFFD8E
(1790954067.495739) can0 2A1#0100010000000000
(1790954067.495773) can0 2A2#0000E0760000149B
(1790954067.495967) can0 2A3#00032431FFFD410D
(1790954067.495994) can0 2A4#00012473FFFD551E
(1790954067.496181) can0 2A5#0000133A0000135D
(1790954067.496299) can0 2A6#FFFFEC9B00000253
(1790954067.496416) can0 2A7#00004EADFFFFFD8E
(1790954067.500774) can0 2A1#0100010000000000
(1790954067.500800) can0 2A2#0000E0760000149B
(1790954067.500967) can0 2A3#00032431FFFD410D
(1790954067.501130) can0 2A4#00012473FFFD551E
(1790954067.501136) can0 2A5#0000133A0000135D
(1790954067.501271) can0 2A6#FFFFEC9B00000253
(1790954067.501397) can0 2A7#00004EADFFFFFD8E
(1790954067.505836) can0 2A1#0100010000000000
(1790954067.505871) can0 2A2#0000E0760000149B
(1790954067.505882) can0 2A3#00032431FFFD410D
(1790954067.506075) can0 2A4#00012473FFFD551E
(1790954067.506092) can0 2A5#0000133A0000135D
(1790954067.506393) can0 2A6#FFFFEC9B00000253
(1790954067.506405) can0 2A7#00004EADFFFFFD8E
(1790954067.510625) can0 2A1#0100010000000000
(1790954067.510745) can0 2A2#0000E0760000149B
(1790954067.510897) can0 2A3#00032431FFFD410D
(1790954067.511001) can0 2A4#00012473FFFD551E
(1790954067.511193) can0 2A5#0000133A0000135D
(1790954067.511368) can0 2A6#FFFFEC9B00000253
(1790954067.511373) can0 2A7#00004EADFFFFFD8E
(1790954067.515793) can0 2A1#0100010000000000
(1790954067.515834) can0 2A2#0000E0760000149B
(1790954067.515882) can0 2A3#00032431FFFD410D
(1790954067.516057) can0 2A4#00012473FFFD551E
(1790954067.516254) can0 2A5#0000133A0000135D
(1790954067.516258) can0 2A6#FFFFEC9B00000253
(1790954067.516349) can0 2A7#00004EADFFFFFD8E
(1790954067.520726) can0 2A1#0100010000000000
(1790954067.520770) can0 2A2#0000E0760000149B
(1790954067.520878) can0 2A3#00032431FFFD410D
(1790954067.520993) can0 2A4#00012473FFFD551E
(1790954067.521093) can0 2A5#0000133A0000135D
(1790954067.521218) can0 2A6#FFFFEC9B00000253
(1790954067.521344) can0 2A7#00004EADFFFFFD8E
(1790954067.525718) can0 2A1#0100010000000000
(1790954067.525915) can0 2A2#0000E0760000149B
(1790954067.525919) can0 2A3#00032431FFFD410D
(1790954067.525996) can0 2A4#00012473FFFD551E
(1790954067.526118) can0 2A5#0000133A0000135D
(1790954067.526221) can0 2A6#FFFFEC9B00000253
(1790954067.526342) can0 2A7#00004EADFFFFFD8E
(1790954067.530688) can0 2A1#0100010000000000
(1790954067.530743) can0 2A2#0000E0760000149B
(1790954067.530959) can0 2A3#00032431FFFD410D
(1790954067.530993) can0 2A4#00012473FFFD551E
(1790954067.531223) can0 2A5#0000133A0000135D
(1790954067.531232) can0 2A6#FFFFEC9B00000253
(1790954067.531345) can0 2A7#00004EADFFFFFD8E
(1790954067.535771) can0 2A1#0100010000000000
(1790954067.535805) can0 2A2#0000E0760000149B
(1790954067.535897) can0 2A3#00032431FFFD410D
(1790954067.536001) can0 2A4#00012473FFFD551E
(1790954067.536242) can0 2A5#0000133A0000135D
(1790954067.536253) can0 2A6#FFFFEC9B00000253
(1790954067.536443) can0 2A7#00004EADFFFFFD8E
(1790954067.540705) can0 2A1#0100010000000000
(1790954067.540744) can0 2A2#0000E0760000149B
(1790954067.540879) can0 2A3#00032431FFFD410D
(1790954067.540970) can0 2A4#00012473FFFD551E
(1790954067.541095) can0 2A5#0000133A0000135D
(1790954067.541219) can0 2A6#FFFFEC9B00000253
(1790954067.541345) can0 2A7#00004EADFFFFFD8E
(1790954067.545730) can0 2A1#0100010000000000
(1790954067.545768) can0 2A2#0000E0760000149B
(1790954067.545991) can0 2A3#00032431FFFD410D
(1790954067.545995) can0 2A4#00012473FFFD551E
(1790954067.546177) can0 2A5#0000133A0000135D
(1790954067.546220) can0 2A6#FFFFEC9B00000253
(1790954067.546346) can0 2A7#00004EADFFFFFD8E
(1790954067.550715) can0 2A1#0100010000000000
(1790954067.550746) can0 2A2#0000E0760000149B
(1790954067.550871) can0 2A3#00032431FFFD410D
(1790954067.551069) can0 2A4#00012473FFFD551E
(1790954067.551104) can0 2A5#0000133A0000135D
(1790954067.551280) can0 2A6#FFFFEC9B00000253
(1790954067.551345) can0 2A7#00004EADFFFFFD8E
(1790954067.555802) can0 2A1#0100010000000000
(1790954067.555840) can0 2A2#0000E0760000149B
(1790954067.555889) can0 2A3#00032431FFFD410D
(1790954067.556145) can0 2A4#00012473FFFD551E
(1790954067.556151) can0 2A5#0000133A0000135D
(1790954067.556342) can0 2A6#FFFFEC9B00000253
(1790954067.556364) can0 2A7#00004EADFFFFFD8E
(1790954067.560677) can0 2A1#0100010000000000
(1790954067.560758) can0 2A2#0000E0760000149B
(1790954067.560899) can0 2A3#00032431FFFD410D
(1790954067.561000) can0 2A4#00012473FFFD551E
(1790954067.561098) can0 2A5#0000133A0000135D
(1790954067.561224) can0 2A6#FFFFEC9B00000253
(1790954067.561349) can0 2A7#00004EADFFFFFD8E
(1790954067.565682) can0 2A1#0100010000000000
(1790954067.565773) can0 2A2#0000E0760000149B
(1790954067.565906) can0 2A3#00032431FFFD410D
(1790954067.565993) can0 2A4#00012473FFFD551E
(1790954067.566127) can0 2A5#0000133A0000135D
(1790954067.566243) can0 2A6#FFFFEC9B00000253
(1790954067.566369) can0 2A7#00004EADFFFFFD8E
(1790954067.570621) can0 2A1#0100010000000000
(1790954067.570743) can0 2A2#0000E0760000149B
(1790954067.570867) can0 2A3#00032431FFFD410D
(1790954067.570992) can0 2A4#00012473FFFD551E
(1790954067.571092) can0 2A5#0000133A0000135D
(1790954067.571217) can0 2A6#FFFFEC9B00000253
(1790954067.571343) can0 2A7#00004EADFFFFFD8E
(1790954067.575647) can0 2A1#0100010000000000
(1790954067.575743) can0 2A2#0000E0760000149B
(1790954067.575867) can0 2A3#00032431FFFD410D
(1790954067.575992) can0 2A4#00012473FFFD551E
(1790954067.576117) can0 2A5#0000133A0000135D
(1790954067.576243) can0 2A6#FFFFEC9B00000253
(1790954067.576369) can0 2A7#00004EADFFFFFD8E
(1790954067.580617) can0 2A1#0100010000000000
(1790954067.580742) can0 2A2#0000E0760000149B
(1790954067.580872) can0 2A3#00032431FFFD410D
(1790954067.580992) can0 2A4#00012473FFFD551E
(1790954067.581092) can0 2A5#0000133A0000135D
(1790954067.581217) can0 2A6#FFFFEC9B00000253
(1790954067.581342) can0 2A7#00004EADFFFFFD8E
(1790954067.585622) can0 2A1#0100010000000000
(1790954067.585742) can0 2A2#0000E0760000149B
(1790954067.585893) can0 2A3#00032431FFFD410D
(1790954067.585992) can0 2A4#00012473FFFD551E
(1790954067.586117) can0 2A5#0000133A0000135D
(1790954067.586246) can0 2A6#FFFFEC9B00000253
(1790954067.586342) can0 2A7#00004EADFFFFFD8E
(1790954067.590629) can0 2A1#0100010000000000
(1790954067.590743) can0 2A2#0000E0760000149B
(1790954067.590868) can0 2A3#00032431FFFD410D
(1790954067.590992) can0 2A4#00012473FFFD551E
(1790954067.591092) can0 2A5#0000133A0000135D
(1790954067.591217) can0 2A6#FFFFEC9B00000253
(1790954067.591344) can0 2A7#00004EADFFFFFD8E
(1790954067.595673) can0 2A1#0100010000000000
(1790954067.595769) can0 2A2#0000E0760000149B
(1790954067.595870) can0 2A3#00032431FFFD410D
(1790954067.595993) can0 2A4#00012473FFFD551E
(1790954067.596117) can0 2A5#0000133A0000135D
(1790954067.596218) can0 2A6#FFFFEC9B00000253
(1790954067.596343) can0 2A7#00004EADFFFFFD8E
(1790954067.600627) can0 2A1#0100010000000000
(1790954067.600744) can0 2A2#0000E0760000149B
(1790954067.600869) can0 2A3#00032431FFFD410D
(1790954067.600994) can0 2A4#00012473FFFD551E
(1790954067.601093) can0 2A5#0000133A0000135D
(1790954067.601218) can0 2A6#FFFFEC9B00000253
(1790954067.601344) can0 2A7#00004EADFFFFFD8E
(1790954067.605654) can0 2A1#0100010000000000
(1790954067.605769) can0 2A2#0000E0760000149B
(1790954067.605894) can0 2A3#00032431FFFD410D
(1790954067.605994) can0 2A4#00012473FFFD551E
(1790954067.606118) can0 2A5#0000133A0000135D
(1790954067.606218) can0 2A6#FFFFEC9B00000253
(1790954067.606344) can0 2A7#00004EADFFFFFD8E
(1790954067.610655) can0 2A1#0100010000000000
(1790954067.610743) can0 2A2#0000E0760000149B
(1790954067.610887) can0 2A3#00032431FFFD410D
(1790954067.610998) can0 2A4#00012473FFFD551E
(1790954067.611098) can0 2A5#0000133A0000135D
(1790954067.611222) can0 2A6#FFFFEC9B00000253
(1790954067.611344) can0 2A7#00004EADFFFFFD8E
(1790954067.615655) can0 2A1#0100010000000000
(1790954067.615771) can0 2A2#0000E0760000149B
(1790954067.615902) can0 2A3#00032431FFFD410D
(1790954067.615994) can0 2A4#00012473FFFD551E
(1790954067.616119) can0 2A5#0000133A0000135D
(1790954067.616241) can0 2A6#FFFFEC9B00000253
(1790954067.616345) can0 2A7#00004EADFFFFFD8E
(1790954067.620635) can0 2A1#0100010000000000
(1790954067.620746) can0 2A2#0000E0760000149B
(1790954067.620922) can0 2A3#00032431FFFD410D
(1790954067.620974) can0 2A4#00012473FFFD551E
(1790954067.621098) can0 2A5#0000133A0000135D
(1790954067.621223) can0 2A6#FFFFEC9B00000253
(1790954067.621348) can0 2A7#00004EADFFFFFD8E
(1790954067.625655) can0 2A1#0100010000000000
(1790954067.625770) can0 2A2#0000E0760000149B
(1790954067.625895) can0 2A3#00032431FFFD410D
(1790954067.625995) can0 2A4#00012473FFFD551E
(1790954067.626120) can0 2A5#0000133A0000135D
(1790954067.626245) can0 2A6#FFFFEC9B00000253
(1790954067.626344) can0 2A7#00004EADFFFFFD8E
(1790954067.630625) can0 2A1#0100010000000000
(1790954067.630745) can0 2A2#0000E0760000149B
(1790954067.630842) can0 2A3#00032431FFFD410D
(1790954067.630995) can0 2A4#00012473FFFD551E
(1790954067.631122) can0 2A5#0000133A0000135D
(1790954067.631218) can0 2A6#FFFFEC9B00000253
(1790954067.631347) can0 2A7#00004EADFFFFFD8E
(1790954067.635651) can0 2A1#0100010000000000
(1790954067.635772) can0 2A2#0000E0760000149B
(1790954067.635869) can0 2A3#00032431FFFD410D
(1790954067.635995) can0 2A4#00012473FFFD551E
(1790954067.636121) can0 2A5#0000133A0000135D
(1790954067.636218) can0 2A6#FFFFEC9B00000253
(1790954067.636370) can0 2A7#00004EADFFFFFD8E
(1790954067.640633) can0 2A1#0100010000000000
(1790954067.640743) can0 2A2#0000E0760000149B
(1790954067.640872) can0 2A3#00032431FFFD410D
(1790954067.640968) can0 2A4#00012473FFFD551E
(1790954067.641095) can0 2A5#0000133A0000135D
(1790954067.641219) can0 2A6#FFFFEC9B00000253
(1790954067.641345) can0 2A7#00004EADFFFFFD8E
(1790954067.645667) can0 2A1#0100010000000000
(1790954067.645769) can0 2A2#0000E0760000149B
(1790954067.645876) can0 2A3#00032431FFFD410D
(1790954067.645993) can0 2A4#00012473FFFD551E
(1790954067.646117) can0 2A5#0000133A0000135D
(1790954067.646243) can0 2A6#FFFFEC9B00000253
(1790954067.646375) can0 2A7#00004EADFFFFFD8E
(1790954067.650633) can0 2A1#0100010000000000
(1790954067.650744) can0 2A2#0000E0760000149B
(1790954067.650868) can0 2A3#00032431FFFD410D
(1790954067.650993) can0 2A4#00012473FFFD551E
(1790954067.651104) can0 2A5#0000133A0000135D
(1790954067.651219) can0 2A6#FFFFEC9B00000253
(1790954067.651344) can0 2A7#00004EADFFFFFD8E
(1790954067.655633) can0 2A1#0100010000000000
(1790954067.655768) can0 2A2#0000E0760000149B
(1790954067.655896) can0 2A3#00032431FFFD410D
(1790954067.655992) can0 2A4#00012473FFFD551E
(1790954067.656118) can0 2A5#0000133A0000135D
(1790954067.656243) can0 2A6#FFFFEC9B00000253
(1790954067.656344) can0 2A7#00004EADFFFFFD8E
(1790954067.660653) can0 2A1#0100010000000000
(1790954067.660743) can0 2A2#0000E0760000149B
(1790954067.660867) can0 2A3#00032431FFFD410D
(1790954067.660993) can0 2A4#00012473FFFD551E
(1790954067.661093) can0 2A5#0000133A0000135D
(1790954067.661218) can0 2A6#FFFFEC9B00000253
(1790954067.661344) can0 2A7#00004EADFFFFFD8E
(1790954067.665664) can0 2A1#0100010000000000
(1790954067.665769) can0 2A2#0000E0760000149B
(1790954067.665894) can0 2A3#00032431FFFD410D
(1790954067.665992) can0 2A4#00012473FFFD551E
(1790954067.666120) can0 2A5#0000133A0000135D
(1790954067.666218) can0 2A6#FFFFEC9B00000253
(1790954067.666344) can0 2A7#00004EADFFFFFD8E
(1790954067.670623) can0 2A1#0100010000000000
(1790954067.670742) can0 2A2#0000E0760000149B
(1790954067.670868) can0 2A3#00032431FFFD410D
(1790954067.670992) can0 2A4#00012473FFFD551E
(1790954067.671118) can0 2A5#0000133A0000135D
(1790954067.671217) can0 2A6#FFFFEC9B00000253
(1790954067.671342) can0 2A7#00004EADFFFFFD8E
(1790954067.675647) can0 2A1#0100010000000000
(1790954067.675767) can0 2A2#0000E0760000149B
(1790954067.675870) can0 2A3#00032431FFFD410D
(1790954067.675992) can0 2A4#00012473FFFD551E
(1790954067.676117) can0 2A5#0000133A0000135D
(1790954067.676217) can0 2A6#FFFFEC9B00000253
(1790954067.676342) can0 2A7#00004EADFFFFFD8E
(1790954067.680620) can0 2A1#0100010000000000
(1790954067.680744) can0 2A2#0000E0760000149B
(1790954067.680876) can0 2A3#00032431FFFD410D
(1790954067.680994) can0 2A4#00012473FFFD551E
(1790954067.681118) can0 2A5#0000133A0000135D
(1790954067.681218) can0 2A6#FFFFEC9B00000253
(1790954067.681344) can0 2A7#00004EADFFFFFD8E
(1790954067.685625) can0 2A1#0100010000000000
(1790954067.685743) can0 2A2#0000E0760000149B
(1790954067.685869) can0 2A3#00032431FFFD410D
(1790954067.685993) can0 2A4#00012473FFFD551E
(1790954067.686118) can0 2A5#0000133A0000135D
(1790954067.686243) can0 2A6#FFFFEC9B00000253
(1790954067.686344) can0 2A7#00004EADFFFFFD8E
(1790954067.690624) can0 2A1#0100010000000000
(1790954067.690743) can0 2A2#0000E0760000149B
(1790954067.690868) can0 2A3#00032431FFFD410D
(1790954067.690993) can0 2A4#00012473FFFD551E
(1790954067.691093) can0 2A5#0000133A0000135D
(1790954067.691219) can0 2A6#FFFFEC9B00000253
(1790954067.691343) can0 2A7#00004EADFFFFFD8E
(1790954067.695650) can0 2A1#0100010000000000
(1790954067.695768) can0 2A2#0000E0760000149B
(1790954067.695894) can0 2A3#00032431FFFD410D
(1790954067.695993) can0 2A4#00012473FFFD551E
(1790954067.696118) can0 2A5#0000133A0000135D
(1790954067.696218) can0 2A6#FFFFEC9B00000253
(1790954067.696346) can0 2A7#00004EADFFFFFD8E
(1790954067.700624) can0 2A1#0100010000000000
(1790954067.700744) can0 2A2#0000E0760000149B
(1790954067.700869) can0 2A3#00032431FFFD410D
(1790954067.700993) can0 2A4#00012473FFFD551E
(1790954067.701093) can0 2A5#0000133A0000135D
(1790954067.701218) can0 2A6#FFFFEC9B00000253
(1790954067.701343) can0 2A7#00004EADFFFFFD8E
(1790954067.705623) can0 2A1#0100010000000000
(1790954067.705768) can0 2A2#0000E0760000149B
(1790954067.705870) can0 2A3#00032431FFFD410D
(1790954067.705993) can0 2A4#00012473FFFD551E
(1790954067.706118) can0 2A5#0000133A0000135D
(1790954067.706243) can0 2A6#FFFFEC9B00000253
(1790954067.706344) can0 2A7#00004EADFFFFFD8E
(1790954067.710620) can0 2A1#0100010000000000
(1790954067.710743) can0 2A2#0000E0760000149B
(1790954067.710877) can0 2A3#00032431FFFD410D
(1790954067.710993) can0 2A4#00012473FFFD551E
(1790954067.711093) can0 2A5#0000133A0000135D
(1790954067.711217) can0 2A6#FFFFEC9B00000253
(1790954067.711344) can0 2A7#00004EADFFFFFD8E
(1790954067.715653) can0 2A1#0100010000000000
(1790954067.715768) can0 2A2#0000E0760000149B
(1790954067.715893) can0 2A3#00032431FFFD410D
(1790954067.715993) can0 2A4#00012473FFFD551E
(1790954067.716118) can0 2A5#0000133A0000135D
(1790954067.716243) can0 2A6#FFFFEC9B00000253
(1790954067.716343) can0 2A7#00004EADFFFFFD8E
(1790954067.720625) can0 2A1#0100010000000000
(1790954067.720744) can0 2A2#0000E0760000149B
(1790954067.720869) can0 2A3#00032431FFFD410D
(1790954067.720993) can0 2A4#00012473FFFD551E
(1790954067.721117) can0 2A5#0000133A0000135D
(1790954067.721218) can0 2A6#FFFFEC9B00000253
(1790954067.721343) can0 2A7#00004EADFFFFFD8E
(1790954067.725653) can0 2A1#0100010000000000
(1790954067.725768) can0 2A2#0000E0760000149B
(1790954067.725867) can0 2A3#00032431FFFD410D
(1790954067.725992) can0 2A4#00012473FFFD551E
(1790954067.726117) can0 2A5#0000133A0000135D
(1790954067.726244) can0 2A6#FFFFEC9B00000253
(1790954067.726343) can0 2A7#00004EADFFFFFD8E
(1790954067.730631) can0 2A1#0100010000000000
(1790954067.730743) can0 2A2#0000E0760000149B
(1790954067.730842) can0 2A3#00032431FFFD410D
(1790954067.730994) can0 2A4#00012473FFFD551E
(1790954067.731120) can0 2A5#0000133A0000135D
(1790954067.731217) can0 2A6#FFFFEC9B00000253
(1790954067.731342) can0 2A7#00004EADFFFFFD8E
(1790954067.735657) can0 2A1#0100010000000000
(1790954067.735779) can0 2A2#0000E0760000149B
(1790954067.735890) can0 2A3#00032431FFFD410D
(1790954067.735999) can0 2A4#00012473FFFD551E
(1790954067.736122) can0 2A5#0000133A0000135D
(1790954067.736247) can0 2A6#FFFFEC9B00000253
(1790954067.736374) can0 2A7#00004EADFFFFFD8E
(1790954067.740638) can0 2A1#0100010000000000
(1790954067.740746) can0 2A2#0000E0760000149B
(1790954067.740869) can0 2A3#00032431FFFD410D
(1790954067.740969) can0 2A4#00012473FFFD551E
(1790954067.741118) can0 2A5#0000133A0000135D
(1790954067.741219) can0 2A6#FFFFEC9B00000253
(1790954067.741343) can0 2A7#00004EADFFFFFD8E
(1790954067.745656) can0 2A1#0100010000000000
(1790954067.745769) can0 2A2#0000E0760000149B
(1790954067.745869) can0 2A3#00032431FFFD410D
(1790954067.745994) can0 2A4#00012473FFFD551E
(1790954067.746119) can0 2A5#0000133A0000135D
(1790954067.746243) can0 2A6#FFFFEC9B00000253
(1790954067.746369) can0 2A7#00004EADFFFFFD8E
(1790954067.750818) can0 2A1#0100010000000000
(1790954067.750824) can0 2A2#0000E0760000149B
(1790954067.750874) can0 2A3#00032431FFFD410D
(1790954067.750995) can0 2A4#00012473FFFD551E
(1790954067.751092) can0 2A5#0000133A0000135D
(1790954067.751220) can0 2A6#FFFFEC9B00000253
(1790954067.751344) can0 2A7#00004EADFFFFFD8E
(1790954067.755652) can0 2A1#0100010000000000
(1790954067.755769) can0 2A2#0000E0760000149B
(1790954067.755893) can0 2A3#00032431FFFD410D
(1790954067.755993) can0 2A4#00012473FFFD551E
(1790954067.756118) can0 2A5#0000133A0000135D
(1790954067.756243) can0 2A6#FFFFEC9B00000253
(1790954067.756368) can0 2A7#00004EADFFFFFD8E
(1790954067.760644) can0 2A1#0100010000000000
(1790954067.760743) can0 2A2#0000E0760000149B
(1790954067.760869) can0 2A3#00032431FFFD410D
(1790954067.760993) can0 2A4#00012473FFFD551E
(1790954067.761093) can0 2A5#0000133A0000135D
(1790954067.761217) can0 2A6#FFFFEC9B00000253
(1790954067.761343) can0 2A7#00004EADFFFFFD8E
(1790954067.765648) can0 2A1#0100010000000000
(1790954067.765767) can0 2A2#0000E0760000149B
(1790954067.765893) can0 2A3#00032431FFFD410D
(1790954067.765992) can0 2A4#00012473FFFD551E
(1790954067.766118) can0 2A5#0000133A0000135D
(1790954067.766242) can0 2A6#FFFFEC9B00000253
(1790954067.766343) can0 2A7#00004EADFFFFFD8E
(1790954067.770622) can0 2A1#0100010000000000
(1790954067.770745) can0 2A2#0000E0760000149B
(1790954067.770878) can0 2A3#00032431FFFD410D
(1790954067.770996) can0 2A4#00012473FFFD551E
(1790954067.771120) can0 2A5#0000133A0000135D
(1790954067.771219) can0 2A6#FFFFEC9B00000253
(1790954067.771343) can0 2A7#00004EADFFFFFD8E
(1790954067.775653) can0 2A1#0100010000000000
(1790954067.775769) can0 2A2#0000E0760000149B
(1790954067.775870) can0 2A3#00032431FFFD410D
(1790954067.775994) can0 2A4#00012473FFFD551E
(1790954067.776119) can0 2A5#0000133A0000135D
(1790954067.776244) can0 2A6#FFFFEC9B00000253
(1790954067.776344) can0 2A7#00004EADFFFFFD8E
(1790954067.780620) can0 2A1#0100010000000000
(1790954067.780743) can0 2A2#0000E0760000149B
(1790954067.780869) can0 2A3#00032431FFFD410D
(1790954067.780994) can0 2A4#00012473FFFD551E
(1790954067.781119) can0 2A5#0000133A0000135D
(1790954067.781218) can0 2A6#FFFFEC9B00000253
(1790954067.781343) can0 2A7#00004EADFFFFFD8E
(1790954067.785644) can0 2A1#0100010000000000
(1790954067.785741) can0 2A2#0000E0760000149B
(1790954067.785871) can0 2A3#00032431FFFD410D
(1790954067.785991) can0 2A4#00012473FFFD551E
(1790954067.786118) can0 2A5#0000133A0000135D
(1790954067.786241) can0 2A6#FFFFEC9B00000253
(1790954067.786365) can0 2A7#00004EADFFFFFD8E
(1790954067.790621) can0 2A1#0100010000000000
(1790954067.790743) can0 2A2#0000E0760000149B
(1790954067.790867) can0 2A3#00032431FFFD410D
(1790954067.790992) can0 2A4#00012473FFFD551E
(1790954067.791093) can0 2A5#0000133A0000135D
(1790954067.791217) can0 2A6#FFFFEC9B00000253
(1790954067.791342) can0 2A7#00004EADFFFFFD8E
(1790954067.795660) can0 2A1#0100010000000000
(1790954067.795769) can0 2A2#0000E0760000149B
(1790954067.795868) can0 2A3#00032431FFFD410D
(1790954067.795993) can0 2A4#00012473FFFD551E
(1790954067.796118) can0 2A5#0000133A0000135D
(1790954067.796243) can0 2A6#FFFFEC9B00000253
(1790954067.796368) can0 2A7#00004EADFFFFFD8E
(1790954067.800625) can0 2A1#0100010000000000
(1790954067.800744) can0 2A2#0000E0760000149B
(1790954067.800870) can0 2A3#00032431FFFD410D
(1790954067.800993) can0 2A4#00012473FFFD551E
(1790954067.801093) can0 2A5#0000133A0000135D
(1790954067.801219) can0 2A6#FFFFEC9B00000253
(1790954067.801344) can0 2A7#00004EADFFFFFD8E
(1790954067.805672) can0 2A1#0100010000000000
(1790954067.805768) can0 2A2#0000E0760000149B
(1790954067.805893) can0 2A3#00032431FFFD410D
(1790954067.805992) can0 2A4#00012473FFFD551E
(1790954067.806117) can0 2A5#0000133A0000135D
(1790954067.806218) can0 2A6#FFFFEC9B00000253
(1790954067.806344) can0 2A7#00004EADFFFFFD8E
(1790954067.810639) can0 2A1#0100010000000000
(1790954067.810743) can0 2A2#0000E0760000149B
(1790954067.810886) can0 2A3#00032431FFFD410D
(1790954067.810999) can0 2A4#00012473FFFD551E
(1790954067.811097) can0 2A5#0000133A0000135D
(1790954067.811224) can0 2A6#FFFFEC9B00000253
(1790954067.811323) can0 2A7#00004EADFFFFFD8E
(1790954067.815654) can0 2A1#0100010000000000
(1790954067.815769) can0 2A2#0000E0760000149B
(1790954067.815893) can0 2A3#00032431FFFD410D
(1790954067.815992) can0 2A4#00012473FFFD551E
(1790954067.816117) can0 2A5#0000133A0000135D
(1790954067.816253) can0 2A6#FFFFEC9B00000253
(1790954067.816344) can0 2A7#00004EADFFFFFD8E
(1790954067.820641) can0 2A1#0100010000000000
(1790954067.820746) can0 2A2#0000E0760000149B
(1790954067.820877) can0 2A3#00032431FFFD410D
(1790954067.820996) can0 2A4#00012473FFFD551E
(1790954067.821118) can0 2A5#0000133A0000135D
(1790954067.821218) can0 2A6#FFFFEC9B00000253
(1790954067.821343) can0 2A7#00004EADFFFFFD8E
(1790954067.825654) can0 2A1#0100010000000000
(1790954067.825769) can0 2A2#0000E0760000149B
(1790954067.825868) can0 2A3#00032431FFFD410D
(1790954067.825992) can0 2A4#00012473FFFD551E
(1790954067.826119) can0 2A5#0000133A0000135D
(1790954067.826243) can0 2A6#FFFFEC9B00000253
(1790954067.826370) can0 2A7#00004EADFFFFFD8E
(1790954067.830625) can0 2A1#0100010000000000
(1790954067.830744) can0 2A2#0000E0760000149B
(1790954067.830869) can0 2A3#00032431FFFD410D
(1790954067.831001) can0 2A4#00012473FFFD551E
(1790954067.831094) can0 2A5#0000133A0000135D
(1790954067.831221) can0 2A6#FFFFEC9B00000253
(1790954067.831344) can0 2A7#00004EADFFFFFD8E
(1790954067.835666) can0 2A1#0100010000000000
(1790954067.835769) can0 2A2#0000E0760000149B
(1790954067.835869) can0 2A3#00032431FFFD410D
(1790954067.835992) can0 2A4#00012473FFFD551E
(1790954067.836118) can0 2A5#0000133A0000135D
(1790954067.836243) can0 2A6#FFFFEC9B00000253
(1790954067.836369) can0 2A7#00004EADFFFFFD8E
(1790954067.840654) can0 2A1#0100010000000000
(1790954067.840744) can0 2A2#0000E0760000149B
(1790954067.840871) can0 2A3#00032431FFFD410D
(1790954067.840992) can0 2A4#00012473FFFD551E
(1790954067.841092) can0 2A5#0000133A0000135D
(1790954067.841217) can0 2A6#FFFFEC9B00000253
(1790954067.841348) can0 2A7#00004EADFFFFFD8E
(1790954067.845672) can0 2A1#0100010000000000
(1790954067.845771) can0 2A2#0000E0760000149B
(1790954067.845896) can0 2A3#00032431FFFD410D
(1790954067.845994) can0 2A4#00012473FFFD551E
(1790954067.846118) can0 2A5#0000133A0000135D
(1790954067.846243) can0 2A6#FFFFEC9B00000253
(1790954067.846343) can0 2A7#00004EADFFFFFD8E
(1790954067.850626) can0 2A1#0100010000000000
(1790954067.850744) can0 2A2#0000E0760000149B
(1790954067.850869) can0 2A3#00032431FFFD410D
(1790954067.850993) can0 2A4#00012473FFFD551E
(1790954067.851118) can0 2A5#0000133A0000135D
(1790954067.851218) can0 2A6#FFFFEC9B00000253
(1790954067.851344) can0 2A7#00004EADFFFFFD8E
(1790954067.855661) can0 2A1#0100010000000000
(1790954067.855770) can0 2A2#0000E0760000149B
(1790954067.855870) can0 2A3#00032431FFFD410D
(1790954067.855994) can0 2A4#00012473FFFD551E
(1790954067.856121) can0 2A5#0000133A0000135D
(1790954067.856244) can0 2A6#FFFFEC9B00000253
(1790954067.856382) can0 2A7#00004EADFFFFFD8E
(1790954067.860626) can0 2A1#0100010000000000
(1790954067.860745) can0 2A2#0000E0760000149B
(1790954067.860870) can0 2A3#00032431FFFD410D
(1790954067.860993) can0 2A4#00012473FFFD551E
(1790954067.861093) can0 2A5#0000133A0000135D
(1790954067.861218) can0 2A6#FFFFEC9B00000253
(1790954067.861344) can0 2A7#00004EADFFFFFD8E
(1790954067.865655) can0 2A1#0100010000000000
(1790954067.865769) can0 2A2#0000E0760000149B
(1790954067.865872) can0 2A3#00032431FFFD410D
(1790954067.865994) can0 2A4#00012473FFFD551E
(1790954067.866120) can0 2A5#0000133A0000135D
(1790954067.866243) can0 2A6#FFFFEC9B00000253
(1790954067.866346) can0 2A7#00004EADFFFFFD8E
(1790954067.870634) can0 2A1#0100010000000000
(1790954067.870743) can0 2A2#0000E0760000149B
(1790954067.870870) can0 2A3#00032431FFFD410D
(1790954067.870994) can0 2A4#00012473FFFD551E
(1790954067.871093) can0 2A5#0000133A0000135D
(1790954067.871217) can0 2A6#FFFFEC9B00000253
(1790954067.871343) can0 2A7#00004EADFFFFFD8E
(1790954067.875649) can0 2A1#0100010000000000
(1790954067.875771) can0 2A2#0000E0760000149B
(1790954067.875895) can0 2A3#00032431FFFD410D
(1790954067.875993) can0 2A4#00012473FFFD551E
(1790954067.876118) can0 2A5#0000133A0000135D
(1790954067.876218) can0 2A6#FFFFEC9B00000253
(1790954067.876343) can0 2A7#00004EADFFFFFD8E
(1790954067.880644) can0 2A1#0100010000000000
(1790954067.880744) can0 2A2#0000E0760000149B
(1790954067.880884) can0 2A3#00032431FFFD410D
(1790954067.880969) can0 2A4#00012473FFFD551E
(1790954067.881118) can0 2A5#0000133A0000135D
(1790954067.881244) can0 2A6#FFFFEC9B00000253
(1790954067.881343) can0 2A7#00004EADFFFFFD8E
(1790954067.885646) can0 2A1#0100010000000000
(1790954067.885767) can0 2A2#0000E0760000149B
(1790954067.885893) can0 2A3#00032431FFFD410D
(1790954067.885993) can0 2A4#00012473FFFD551E
(1790954067.886117) can0 2A5#0000133A0000135D
(1790954067.886242) can0 2A6#FFFFEC9B00000253
(1790954067.886342) can0 2A7#00004EADFFFFFD8E
(1790954067.890647) can0 2A1#0100010000000000
(1790954067.890745) can0 2A2#0000E0760000149B
(1790954067.890868) can0 2A3#00032431FFFD410D
(1790954067.890992) can0 2A4#00012473FFFD551E
(1790954067.891092) can0 2A5#0000133A0000135D
(1790954067.891217) can0 2A6#FFFFEC9B00000253
(1790954067.891342) can0 2A7#00004EADFFFFFD8E
(1790954067.895668) can0 2A1#0100010000000000
(1790954067.895769) can0 2A2#0000E0760000149B
(1790954067.895893) can0 2A3#00032431FFFD410D
(1790954067.895992) can0 2A4#00012473FFFD551E
(1790954067.896118) can0 2A5#0000133A0000135D
(1790954067.896242) can0 2A6#FFFFEC9B00000253
(1790954067.896355) can0 2A7#00004EADFFFFFD8E
(1790954067.900624) can0 2A1#0100010000000000
(1790954067.900742) can0 2A2#0000E0760000149B
(1790954067.900869) can0 2A3#00032431FFFD410D
(1790954067.900993) can0 2A4#00012473FFFD551E
(1790954067.901118) can0 2A5#0000133A0000135D
(1790954067.901218) can0 2A6#FFFFEC9B00000253
(1790954067.901344) can0 2A7#00004EADFFFFFD8E
(1790954067.905660) can0 2A1#0100010000000000
(1790954067.905768) can0 2A2#0000E0760000149B
(1790954067.905876) can0 2A3#00032431FFFD410D
(1790954067.905993) can0 2A4#00012473FFFD551E
(1790954067.906118) can0 2A5#0000133A0000135D
(1790954067.906244) can0 2A6#FFFFEC9B00000253
(1790954067.906369) can0 2A7#00004EADFFFFFD8E
(1790954067.910624) can0 2A1#0100010000000000
(1790954067.910745) can0 2A2#0000E0760000149B
(1790954067.910885) can0 2A3#00032431FFFD410D
(1790954067.910974) can0 2A4#00012473FFFD551E
(1790954067.911098) can0 2A5#0000133A0000135D
(1790954067.911223) can0 2A6#FFFFEC9B00000253
(1790954067.911348) can0 2A7#00004EADFFFFFD8E
(1790954067.915663) can0 2A1#0100010000000000
(1790954067.915752) can0 2A2#0000E0760000149B
(1790954067.915873) can0 2A3#00032431FFFD410D
(1790954067.915992) can0 2A4#00012473FFFD551E
(1790954067.916124) can0 2A5#0000133A0000135D
(1790954067.916218) can0 2A6#FFFFEC9B00000253
(1790954067.916343) can0 2A7#00004EADFFFFFD8E
(1790954067.920628) can0 2A1#0100010000000000
(1790954067.920743) can0 2A2#0000E0760000149B
(1790954067.920871) can0 2A3#00032431FFFD410D
(1790954067.920992) can0 2A4#00012473FFFD551E
(1790954067.921117) can0 2A5#0000133A0000135D
(1790954067.921217) can0 2A6#FFFFEC9B00000253
(1790954067.921343) can0 2A7#00004EADFFFFFD8E
(1790954067.925670) can0 2A1#0100010000000000
(1790954067.925746) can0 2A2#0000E0760000149B
(1790954067.925871) can0 2A3#00032431FFFD410D
(1790954067.925994) can0 2A4#00012473FFFD551E
(1790954067.926119) can0 2A5#0000133A0000135D
(1790954067.926244) can0 2A6#FFFFEC9B00000253
(1790954067.926344) can0 2A7#00004EADFFFFFD8E
(1790954067.930650) can0 2A1#0100010000000000
(1790954067.930744) can0 2A2#0000E0760000149B
(1790954067.930871) can0 2A3#00032431FFFD410D
(1790954067.930994) can0 2A4#00012473FFFD551E
(1790954067.931094) can0 2A5#0000133A0000135D
(1790954067.931218) can0 2A6#FFFFEC9B00000253
(1790954067.931344) can0 2A7#00004EADFFFFFD8E
(1790954067.935663) can0 2A1#0100010000000000
(1790954067.935772) can0 2A2#0000E0760000149B
(1790954067.935894) can0 2A3#00032431FFFD410D
(1790954067.935994) can0 2A4#00012473FFFD551E
(1790954067.936119) can0 2A5#0000133A0000135D
(1790954067.936219) can0 2A6#FFFFEC9B00000253
(1790954067.936370) can0 2A7#00004EADFFFFFD8E
(1790954067.940662) can0 2A1#0100010000000000
(1790954067.940745) can0 2A2#0000E0760000149B
(1790954067.940869) can0 2A3#00032431FFFD410D
(1790954067.940994) can0 2A4#00012473FFFD551E
(1790954067.941093) can0 2A5#0000133A0000135D
(1790954067.941219) can0 2A6#FFFFEC9B00000253
(1790954067.941344) can0 2A7#00004EADFFFFFD8E
(1790954067.945650) can0 2A1#0100010000000000
(1790954067.945770) can0 2A2#0000E0760000149B
(1790954067.945894) can0 2A3#00032431FFFD410D
(1790954067.945993) can0 2A4#00012473FFFD551E
(1790954067.946119) can0 2A5#0000133A0000135D
(1790954067.946219) can0 2A6#FFFFEC9B00000253
(1790954067.946344) can0 2A7#00004EADFFFFFD8E
(1790954067.950632) can0 2A1#0100010000000000
(1790954067.950746) can0 2A2#0000E0760000149B
(1790954067.950878) can0 2A3#00032431FFFD410D
(1790954067.950994) can0 2A4#00012473FFFD551E
(1790954067.951119) can0 2A5#0000133A0000135D
(1790954067.951219) can0 2A6#FFFFEC9B00000253
(1790954067.951344) can0 2A7#00004EADFFFFFD8E
(1790954067.955649) can0 2A1#0100010000000000
(1790954067.955769) can0 2A2#0000E0760000149B
(1790954067.955876) can0 2A3#00032431FFFD410D
(1790954067.955995) can0 2A4#00012473FFFD551E
(1790954067.956119) can0 2A5#0000133A0000135D
(1790954067.956245) can0 2A6#FFFFEC9B00000253
(1790954067.956370) can0 2A7#00004EADFFFFFD8E
(1790954067.960621) can0 2A1#0100010000000000
(1790954067.960745) can0 2A2#0000E0760000149B
(1790954067.960881) can0 2A3#00032431FFFD410D
(1790954067.960995) can0 2A4#00012473FFFD551E
(1790954067.961118) can0 2A5#0000133A0000135D
(1790954067.961219) can0 2A6#FFFFEC9B00000253
(1790954067.961344) can0 2A7#00004EADFFFFFD8E
(1790954067.965654) can0 2A1#0100010000000000
(1790954067.965769) can0 2A2#0000E0760000149B
(1790954067.965894) can0 2A3#00032431FFFD410D
(1790954067.965994) can0 2A4#00012473FFFD551E
(1790954067.966119) can0 2A5#0000133A0000135D
(1790954067.966244) can0 2A6#FFFFEC9B00000253
(1790954067.966344) can0 2A7#00004EADFFFFFD8E
(1790954067.970646) can0 2A1#0100010000000000
(1790954067.970744) can0 2A2#0000E0760000149B
(1790954067.970868) can0 2A3#00032431FFFD410D
(1790954067.970993) can0 2A4#00012473FFFD551E
(1790954067.971092) can0 2A5#0000133A0000135D
(1790954067.971244) can0 2A6#FFFFEC9B00000253
(1790954067.971343) can0 2A7#00004EADFFFFFD8E
(1790954067.975646) can0 2A1#0100010000000000
(1790954067.975768) can0 2A2#0000E0760000149B
(1790954067.975895) can0 2A3#00032431FFFD410D
(1790954067.975994) can0 2A4#00012473FFFD551E
(1790954067.976117) can0 2A5#0000133A0000135D
(1790954067.976243) can0 2A6#FFFFEC9B00000253
(1790954067.976343) can0 2A7#00004EADFFFFFD8E
(1790954067.980650) can0 2A1#0100010000000000
(1790954067.980744) can0 2A2#0000E0760000149B
(1790954067.980881) can0 2A3#00032431FFFD410D
(1790954067.980996) can0 2A4#00012473FFFD551E
(1790954067.981093) can0 2A5#0000133A0000135D
(1790954067.981217) can0 2A6#FFFFEC9B00000253
(1790954067.981343) can0 2A7#00004EADFFFFFD8E
(1790954067.985648) can0 2A1#0100010000000000
(1790954067.985768) can0 2A2#0000E0760000149B
(1790954067.985895) can0 2A3#00032431FFFD410D
(1790954067.985993) can0 2A4#00012473FFFD551E
(1790954067.986118) can0 2A5#0000133A0000135D
(1790954067.986219) can0 2A6#FFFFEC9B00000253
(1790954067.986368) can0 2A7#00004EADFFFFFD8E
(1790954067.990645) can0 2A1#0100010000000000
(1790954067.990745) can0 2A2#0000E0760000149B
(1790954067.990867) can0 2A3#00032431FFFD410D
(1790954067.990993) can0 2A4#00012473FFFD551E
(1790954067.991092) can0 2A5#0000133A0000135D
(1790954067.991217) can0 2A6#FFFFEC9B00000253
(1790954067.991343) can0 2A7#00004EADFFFFFD8E
(1790954067.995651) can0 2A1#0100010000000000
(1790954067.995768) can0 2A2#0000E0760000149B
(1790954067.995895) can0 2A3#00032431FFFD410D
(1790954067.995992) can0 2A4#00012473FFFD551E
(1790954067.996117) can0 2A5#0000133A0000135D
(1790954067.996242) can0 2A6#FFFFEC9B00000253
(1790954067.996343) can0 2A7#00004EADFFFFFD8E
(1790954068.000625) can0 2A1#0100010000000000
(1790954068.000744) can0 2A2#0000E0760000149B
(1790954068.000870) can0 2A3#00032431FFFD410D
(1790954068.000993) can0 2A4#00012473FFFD551E
(1790954068.001117) can0 2A5#0000133A0000135D
(1790954068.001217) can0 2A6#FFFFEC9B00000253
(1790954068.001343) can0 2A7#00004EADFFFFFD8E
(1790954068.005649) can0 2A1#0100010000000000
(1790954068.005743) can0 2A2#0000E0760000149B
(1790954068.005887) can0 2A3#00032431FFFD410D
(1790954068.005993) can0 2A4#00012473FFFD551E
(1790954068.006118) can0 2A5#0000133A0000135D
(1790954068.006243) can0 2A6#FFFFEC9B00000253
(1790954068.006343) can0 2A7#00004EADFFFFFD8E
(1790954068.010648) can0 2A1#0100010000000000
(1790954068.010743) can0 2A2#0000E0760000149B
(1790954068.010868) can0 2A3#00032431FFFD410D
(1790954068.010993) can0 2A4#00012473FFFD551E
(1790954068.011092) can0 2A5#0000133A0000135D
(1790954068.011217) can0 2A6#FFFFEC9B00000253
(1790954068.011343) can0 2A7#00004EADFFFFFD8E
(1790954068.015648) can0 2A1#0100010000000000
(1790954068.015768) can0 2A2#0000E0760000149B
(1790954068.015893) can0 2A3#00032431FFFD410D
(1790954068.015993) can0 2A4#00012473FFFD551E
(1790954068.016117) can0 2A5#0000133A0000135D
(1790954068.016242) can0 2A6#FFFFEC9B00000253
(1790954068.016368) can0 2A7#00004EADFFFFFD8E
(1790954068.020648) can0 2A1#0100010000000000
(1790954068.020743) can0 2A2#0000E0760000149B
(1790954068.020867) can0 2A3#00032431FFFD410D
(1790954068.020992) can0 2A4#00012473FFFD551E
(1790954068.021092) can0 2A5#0000133A0000135D
(1790954068.021217) can0 2A6#FFFFEC9B00000253
(1790954068.021343) can0 2A7#00004EADFFFFFD8E
(1790954068.025649) can0 2A1#0100010000000000
(1790954068.025768) can0 2A2#0000E0760000149B
(1790954068.025893) can0 2A3#00032431FFFD410D
(1790954068.025993) can0 2A4#00012473FFFD551E
(1790954068.026118) can0 2A5#0000133A0000135D
(1790954068.026243) can0 2A6#FFFFEC9B00000253
(1790954068.026343) can0 2A7#00004EADFFFFFD8E
(1790954068.030624) can0 2A1#0100010000000000
(1790954068.030743) can0 2A2#0000E0760000149B
(1790954068.030869) can0 2A3#00032431FFFD410D
(1790954068.030993) can0 2A4#00012473FFFD551E
(1790954068.031092) can0 2A5#0000133A0000135D
(1790954068.031217) can0 2A6#FFFFEC9B00000253
(1790954068.031343) can0 2A7#00004EADFFFFFD8E
(1790954068.035650) can0 2A1#0100010000000000
(1790954068.035768) can0 2A2#0000E0760000149B
(1790954068.035894) can0 2A3#00032431FFFD410D
(1790954068.035992) can0 2A4#00012473FFFD551E
(1790954068.036118) can0 2A5#0000133A0000135D
(1790954068.036218) can0 2A6#FFFFEC9B00000253
(1790954068.036368) can0 2A7#00004EADFFFFFD8E
(1790954068.040647) can0 2A1#0100010000000000
(1790954068.040743) can0 2A2#0000E0760000149B
(1790954068.040877) can0 2A3#00032431FFFD410D
(1790954068.040993) can0 2A4#00012473FFFD551E
(1790954068.041092) can0 2A5#0000133A0000135D
(1790954068.041218) can0 2A6#FFFFEC9B00000253
(1790954068.041343) can0 2A7#00004EADFFFFFD8E
(1790954068.045659) can0 2A1#0100010000000000
(1790954068.045769) can0 2A2#0000E0760000149B
(1790954068.045893) can0 2A3#00032431FFFD410D
(1790954068.045994) can0 2A4#00012473FFFD551E
(1790954068.046119) can0 2A5#0000133A0000135D
(1790954068.046245) can0 2A6#FFFFEC9B00000253
(1790954068.046345) can0 2A7#00004EADFFFFFD8E
(1790954068.050624) can0 2A1#0100010000000000
(1790954068.050744) can0 2A2#0000E0760000149B
(1790954068.050871) can0 2A3#00032431FFFD410D
(1790954068.050994) can0 2A4#00012473FFFD551E
(1790954068.051094) can0 2A5#0000133A0000135D
(1790954068.051219) can0 2A6#FFFFEC9B00000253
(1790954068.051344) can0 2A7#00004EADFFFFFD8E
(1790954068.055651) can0 2A1#0100010000000000
(1790954068.055769) can0 2A2#0000E0760000149B
(1790954068.055894) can0 2A3#00032431FFFD410D
(1790954068.055993) can0 2A4#00012473FFFD551E
(1790954068.056118) can0 2A5#0000133A0000135D
(1790954068.056243) can0 2A6#FFFFEC9B00000253
(1790954068.056344) can0 2A7#00004EADFFFFFD8E
(1790954068.060657) can0 2A1#0100010000000000
(1790954068.060744) can0 2A2#0000E0760000149B
(1790954068.060894) can0 2A3#00032431FFFD410D
(1790954068.060995) can0 2A4#00012473FFFD551E
(1790954068.061094) can0 2A5#0000133A0000135D
(1790954068.061222) can0 2A6#FFFFEC9B00000253
(1790954068.061346) can0 2A7#00004EADFFFFFD8E
(1790954068.065655) can0 2A1#0100010000000000
(1790954068.065769) can0 2A2#0000E0760000149B
(1790954068.065895) can0 2A3#00032431FFFD410D
(1790954068.065993) can0 2A4#00012473FFFD551E
(1790954068.066117) can0 2A5#0000133A0000135D
(1790954068.066243) can0 2A6#FFFFEC9B00000253
(1790954068.066370) can0 2A7#00004EADFFFFFD8E
(1790954068.070627) can0 2A1#0100010000000000
(1790954068.070744) can0 2A2#0000E0760000149B
(1790954068.070885) can0 2A3#00032431FFFD410D
(1790954068.071000) can0 2A4#00012473FFFD551E
(1790954068.071100) can0 2A5#0000133A0000135D
(1790954068.071223) can0 2A6#FFFFEC9B00000253
(1790954068.071348) can0 2A7#00004EADFFFFFD8E
(1790954068.075654) can0 2A1#0100010000000000
(1790954068.075768) can0 2A2#0000E0760000149B
(1790954068.075894) can0 2A3#00032431FFFD410D
(1790954068.075993) can0 2A4#00012473FFFD551E
(1790954068.076118) can0 2A5#0000133A0000135D
(1790954068.076219) can0 2A6#FFFFEC9B00000253
(1790954068.076369) can0 2A7#00004EADFFFFFD8E
(1790954068.080628) can0 2A1#0100010000000000
(1790954068.080745) can0 2A2#0000E0760000149B
(1790954068.080884) can0 2A3#00032431FFFD410D
(1790954068.080994) can0 2A4#00012473FFFD551E
(1790954068.081118) can0 2A5#0000133A0000135D
(1790954068.081219) can0 2A6#FFFFEC9B00000253
(1790954068.081345) can0 2A7#00004EADFFFFFD8E
(1790954068.085650) can0 2A1#0100010000000000
(1790954068.085769) can0 2A2#0000E0760000149B
(1790954068.085885) can0 2A3#00032431FFFD410D
(1790954068.085995) can0 2A4#00012473FFFD551E
(1790954068.086119) can0 2A5#0000133A0000135D
(1790954068.086244) can0 2A6#FFFFEC9B00000253
(1790954068.086344) can0 2A7#00004EADFFFFFD8E
(1790954068.090649) can0 2A1#0100010000000000
(1790954068.090744) can0 2A2#0000E0760000149B
(1790954068.090869) can0 2A3#00032431FFFD410D
(1790954068.090994) can0 2A4#00012473FFFD551E
(1790954068.091094) can0 2A5#0000133A0000135D
(1790954068.091218) can0 2A6#FFFFEC9B00000253
(1790954068.091343) can0 2A7#00004EADFFFFFD8E
(1790954068.095657) can0 2A1#0100010000000000
(1790954068.095744) can0 2A2#0000E0760000149B
(1790954068.095894) can0 2A3#00032431FFFD410D
(1790954068.095994) can0 2A4#00012473FFFD551E
(1790954068.096118) can0 2A5#0000133A0000135D
(1790954068.096244) can0 2A6#FFFFEC9B00000253
(1790954068.096344) can0 2A7#00004EADFFFFFD8E
(1790954068.100652) can0 2A1#0100010000000000
(1790954068.100745) can0 2A2#0000E0760000149B
(1790954068.100869) can0 2A3#00032431FFFD410D
(1790954068.100994) can0 2A4#00012473FFFD551E
(1790954068.101119) can0 2A5#0000133A0000135D
(1790954068.101219) can0 2A6#FFFFEC9B00000253
(1790954068.101344) can0 2A7#00004EADFFFFFD8E
(1790954068.105646) can0 2A1#0100010000000000
(1790954068.105770) can0 2A2#0000E0760000149B
(1790954068.105868) can0 2A3#00032431FFFD410D
(1790954068.105993) can0 2A4#00012473FFFD551E
(1790954068.106118) can0 2A5#0000133A0000135D
(1790954068.106243) can0 2A6#FFFFEC9B00000253
(1790954068.106368) can0 2A7#00004EADFFFFFD8E
(1790954068.110650) can0 2A1#0100010000000000
(1790954068.110769) can0 2A2#0000E0760000149B
(1790954068.110892) can0 2A3#00032431FFFD410D
(1790954068.110995) can0 2A4#00012473FFFD551E
(1790954068.111093) can0 2A5#0000133A0000135D
(1790954068.111218) can0 2A6#FFFFEC9B00000253
(1790954068.111345) can0 2A7#00004EADFFFFFD8E
(1790954068.115647) can0 2A1#0100010000000000
(1790954068.115769) can0 2A2#0000E0760000149B
(1790954068.115886) can0 2A3#00032431FFFD410D
(1790954068.115994) can0 2A4#00012473FFFD551E
(1790954068.116118) can0 2A5#0000133A0000135D
(1790954068.116243) can0 2A6#FFFFEC9B00000253
(1790954068.116369) can0 2A7#00004EADFFFFFD8E
(1790954068.120623) can0 2A1#0100010000000000
(1790954068.120743) can0 2A2#0000E0760000149B
(1790954068.120873) can0 2A3#00032431FFFD410D
(1790954068.121000) can0 2A4#00012473FFFD551E
(1790954068.121119) can0 2A5#0000133A0000135D
(1790954068.121218) can0 2A6#FFFFEC9B00000253
(1790954068.121343) can0 2A7#00004EADFFFFFD8E
(1790954068.125653) can0 2A1#0100010000000000
(1790954068.125770) can0 2A2#0000E0760000149B
(1790954068.125893) can0 2A3#00032431FFFD410D
(1790954068.125993) can0 2A4#00012473FFFD551E
(1790954068.126118) can0 2A5#0000133A0000135D
(1790954068.126244) can0 2A6#FFFFEC9B00000253
(1790954068.126368) can0 2A7#00004EADFFFFFD8E
(1790954068.130657) can0 2A1#0100010000000000
(1790954068.130778) can0 2A2#0000E0760000149B
(1790954068.130879) can0 2A3#00032431FFFD410D
(1790954068.130995) can0 2A4#00012473FFFD551E
(1790954068.131093) can0 2A5#0000133A0000135D
(1790954068.131222) can0 2A6#FFFFEC9B00000253
(1790954068.131344) can0 2A7#00004EADFFFFFD8E
(1790954068.135650) can0 2A1#0100010000000000
(1790954068.135768) can0 2A2#0000E0760000149B
(1790954068.135895) can0 2A3#00032431FFFD410D
(1790954068.135993) can0 2A4#00012473FFFD551E
(1790954068.136119) can0 2A5#0000133A0000135D
(1790954068.136241) can0 2A6#FFFFEC9B00000253
(1790954068.136344) can0 2A7#00004EADFFFFFD8E
(1790954068.140646) can0 2A1#0100010000000000
(1790954068.140743) can0 2A2#0000E0760000149B
(1790954068.140868) can0 2A3#00032431FFFD410D
(1790954068.140993) can0 2A4#00012473FFFD551E
(1790954068.141093) can0 2A5#0000133A0000135D
(1790954068.141244) can0 2A6#FFFFEC9B00000253
(1790954068.141343) can0 2A7#00004EADFFFFFD8E
(1790954068.145650) can0 2A1#0100010000000000
(1790954068.145768) can0 2A2#0000E0760000149B
(1790954068.145895) can0 2A3#00032431FFFD410D
(1790954068.145993) can0 2A4#00012473FFFD551E
(1790954068.146118) can0 2A5#0000133A0000135D
(1790954068.146244) can0 2A6#FFFFEC9B00000253
(1790954068.146370) can0 2A7#00004EADFFFFFD8E
(1790954068.150623) can0 2A1#0100010000000000
(1790954068.150743) can0 2A2#0000E0760000149B
(1790954068.150870) can0 2A3#00032431FFFD410D
(1790954068.150993) can0 2A4#00012473FFFD551E
(1790954068.151118) can0 2A5#0000133A0000135D
(1790954068.151218) can0 2A6#FFFFEC9B00000253
(1790954068.151344) can0 2A7#00004EADFFFFFD8E
(1790954068.155649) can0 2A1#0100010000000000
(1790954068.155743) can0 2A2#0000E0760000149B
(1790954068.155868) can0 2A3#00032431FFFD410D
(1790954068.155993) can0 2A4#00012473FFFD551E
(1790954068.156117) can0 2A5#0000133A0000135D
(1790954068.156243) can0 2A6#FFFFEC9B00000253
(1790954068.156372) can0 2A7#00004EADFFFFFD8E
(1790954068.160776) can0 2A1#0100010000000000
(1790954068.160787) can0 2A2#0000E0760000149B
(1790954068.160885) can0 2A3#00032431FFFD410D
(1790954068.160994) can0 2A4#00012473FFFD551E
(1790954068.161119) can0 2A5#0000133A0000135D
(1790954068.161219) can0 2A6#FFFFEC9B00000253
(1790954068.161343) can0 2A7#00004EADFFFFFD8E
(1790954068.165649) can0 2A1#0100010000000000
(1790954068.165768) can0 2A2#0000E0760000149B
(1790954068.165893) can0 2A3#00032431FFFD410D
(1790954068.165993) can0 2A4#00012473FFFD551E
(1790954068.166118) can0 2A5#0000133A0000135D
(1790954068.166243) can0 2A6#FFFFEC9B00000253
(1790954068.166368) can0 2A7#00004EADFFFFFD8E
(1790954068.170647) can0 2A1#0100010000000000
(1790954068.170743) can0 2A2#0000E0760000149B
(1790954068.170869) can0 2A3#00032431FFFD410D
(1790954068.170993) can0 2A4#00012473FFFD551E
(1790954068.171093) can0 2A5#0000133A0000135D
(1790954068.171218) can0 2A6#FFFFEC9B00000253
(1790954068.171343) can0 2A7#00004EADFFFFFD8E
(1790954068.175648) can0 2A1#0100010000000000
(1790954068.175769) can0 2A2#0000E0760000149B
(1790954068.175896) can0 2A3#00032431FFFD410D
(1790954068.175993) can0 2A4#00012473FFFD551E
(1790954068.176118) can0 2A5#0000133A0000135D
(1790954068.176243) can0 2A6#FFFFEC9B00000253
(1790954068.176368) can0 2A7#00004EADFFFFFD8E
(1790954068.180626) can0 2A1#0100010000000000
(1790954068.180743) can0 2A2#0000E0760000149B
(1790954068.180869) can0 2A3#00032431FFFD410D
(1790954068.180992) can0 2A4#00012473FFFD551E
(1790954068.181117) can0 2A5#0000133A0000135D
(1790954068.181243) can0 2A6#FFFFEC9B00000253
(1790954068.181343) can0 2A7#00004EADFFFFFD8E
(1790954068.185647) can0 2A1#0100010000000000
(1790954068.185768) can0 2A2#0000E0760000149B
(1790954068.185884) can0 2A3#00032431FFFD410D
(1790954068.185999) can0 2A4#00012473FFFD551E
(1790954068.186122) can0 2A5#0000133A0000135D
(1790954068.186249) can0 2A6#FFFFEC9B00000253
(1790954068.186373) can0 2A7#00004EADFFFFFD8E
(1790954068.190646) can0 2A1#0100010000000000
(1790954068.190742) can0 2A2#0000E0760000149B
(1790954068.190868) can0 2A3#00032431FFFD410D
(1790954068.190993) can0 2A4#00012473FFFD551E
(1790954068.191119) can0 2A5#0000133A0000135D
(1790954068.191242) can0 2A6#FFFFEC9B00000253
(1790954068.191343) can0 2A7#00004EADFFFFFD8E
(1790954068.195648) can0 2A1#0100010000000000
(1790954068.195770) can0 2A2#0000E0760000149B
(1790954068.195893) can0 2A3#00032431FFFD410D
(1790954068.195992) can0 2A4#00012473FFFD551E
(1790954068.196117) can0 2A5#0000133A0000135D
(1790954068.196243) can0 2A6#FFFFEC9B00000253
(1790954068.196368) can0 2A7#00004EADFFFFFD8E
(1790954068.200622) can0 2A1#0100010000000000
(1790954068.200743) can0 2A2#0000E0760000149B
(1790954068.200870) can0 2A3#00032431FFFD410D
(1790954068.200994) can0 2A4#00012473FFFD551E
(1790954068.201118) can0 2A5#0000133A0000135D
(1790954068.201217) can0 2A6#FFFFEC9B00000253
(1790954068.201343) can0 2A7#00004EADFFFFFD8E
(1790954068.205663) can0 2A1#0100010000000000
(1790954068.205744) can0 2A2#0000E0760000149B
(1790954068.205871) can0 2A3#00032431FFFD410D
(1790954068.205993) can0 2A4#00012473FFFD551E
(1790954068.206118) can0 2A5#0000133A0000135D
(1790954068.206244) can0 2A6#FFFFEC9B00000253
(1790954068.206368) can0 2A7#00004EADFFFFFD8E
(1790954068.210655) can0 2A1#0100010000000000
(1790954068.210769) can0 2A2#0000E0760000149B
(1790954068.210868) can0 2A3#00032431FFFD410D
(1790954068.210995) can0 2A4#00012473FFFD551E
(1790954068.211120) can0 2A5#0000133A0000135D
(1790954068.211218) can0 2A6#FFFFEC9B00000253
(1790954068.211344) can0 2A7#00004EADFFFFFD8E
(1790954068.215654) can0 2A1#0100010000000000
(1790954068.215769) can0 2A2#0000E0760000149B
(1790954068.215893) can0 2A3#00032431FFFD410D
(1790954068.215993) can0 2A4#00012473FFFD551E
(1790954068.216117) can0 2A5#0000133A0000135D
(1790954068.216243) can0 2A6#FFFFEC9B00000253
(1790954068.216369) can0 2A7#00004EADFFFFFD8E
(1790954068.220662) can0 2A1#0100010000000000
(1790954068.220744) can0 2A2#0000E0760000149B
(1790954068.220870) can0 2A3#00032431FFFD410D
(1790954068.220995) can0 2A4#00012473FFFD551E
(1790954068.221094) can0 2A5#0000133A0000135D
(1790954068.221220) can0 2A6#FFFFEC9B00000253
(1790954068.221344) can0 2A7#00004EADFFFFFD8E
(1790954068.225648) can0 2A1#0100010000000000
(1790954068.225769) can0 2A2#0000E0760000149B
(1790954068.225894) can0 2A3#00032431FFFD410D
(1790954068.225993) can0 2A4#00012473FFFD551E
(1790954068.226119) can0 2A5#0000133A0000135D
(1790954068.226244) can0 2A6#FFFFEC9B00000253
(1790954068.226370) can0 2A7#00004EADFFFFFD8E
(1790954068.230627) can0 2A1#0100010000000000
(1790954068.230744) can0 2A2#0000E0760000149B
(1790954068.230868) can0 2A3#00032431FFFD410D
(1790954068.230993) can0 2A4#00012473FFFD551E
(1790954068.231118) can0 2A5#0000133A0000135D
(1790954068.231219) can0 2A6#FFFFEC9B00000253
(1790954068.231352) can0 2A7#00004EADFFFFFD8E
(1790954068.235652) can0 2A1#0100010000000000
(1790954068.235769) can0 2A2#0000E0760000149B
(1790954068.235894) can0 2A3#00032431FFFD410D
(1790954068.235993) can0 2A4#00012473FFFD551E
(1790954068.236118) can0 2A5#0000133A0000135D
(1790954068.236243) can0 2A6#FFFFEC9B00000253
(1790954068.236344) can0 2A7#00004EADFFFFFD8E
(1790954068.240632) can0 2A1#0100010000000000
(1790954068.240770) can0 2A2#0000E0760000149B
(1790954068.240869) can0 2A3#00032431FFFD410D
(1790954068.240993) can0 2A4#00012473FFFD551E
(1790954068.241093) can0 2A5#0000133A0000135D
(1790954068.241218) can0 2A6#FFFFEC9B00000253
(1790954068.241343) can0 2A7#00004EADFFFFFD8E
(1790954068.245655) can0 2A1#0100010000000000
(1790954068.245769) can0 2A2#0000E0760000149B
(1790954068.245893) can0 2A3#00032431FFFD410D
(1790954068.245993) can0 2A4#00012473FFFD551E
(1790954068.246118) can0 2A5#0000133A0000135D
(1790954068.246243) can0 2A6#FFFFEC9B00000253
(1790954068.246343) can0 2A7#00004EADFFFFFD8E
(1790954068.250628) can0 2A1#0100010000000000
(1790954068.250744) can0 2A2#0000E0760000149B
(1790954068.250869) can0 2A3#00032431FFFD410D
(1790954068.250992) can0 2A4#00012473FFFD551E
(1790954068.251118) can0 2A5#0000133A0000135D
(1790954068.251218) can0 2A6#FFFFEC9B00000253
(1790954068.251344) can0 2A7#00004EADFFFFFD8E
(1790954068.255653) can0 2A1#0100010000000000
(1790954068.255769) can0 2A2#0000E0760000149B
(1790954068.255868) can0 2A3#00032431FFFD410D
(1790954068.255993) can0 2A4#00012473FFFD551E
(1790954068.256118) can0 2A5#0000133A0000135D
(1790954068.256244) can0 2A6#FFFFEC9B00000253
(1790954068.256368) can0 2A7#00004EADFFFFFD8E
(1790954068.260624) can0 2A1#0100010000000000
(1790954068.260743) can0 2A2#0000E0760000149B
(1790954068.260877) can0 2A3#00032431FFFD410D
(1790954068.260994) can0 2A4#00012473FFFD551E
(1790954068.261118) can0 2A5#0000133A0000135D
(1790954068.261218) can0 2A6#FFFFEC9B00000253
(1790954068.261344) can0 2A7#00004EADFFFFFD8E
(1790954068.265653) can0 2A1#0100010000000000
(1790954068.265769) can0 2A2#0000E0760000149B
(1790954068.265874) can0 2A3#00032431FFFD410D
(1790954068.265997) can0 2A4#00012473FFFD551E
(1790954068.266118) can0 2A5#0000133A0000135D
(1790954068.266243) can0 2A6#FFFFEC9B00000253
(1790954068.266369) can0 2A7#00004EADFFFFFD8E
(1790954068.270650) can0 2A1#0100010000000000
(1790954068.270747) can0 2A2#0000E0760000149B
(1790954068.270893) can0 2A3#00032431FFFD410D
(1790954068.270993) can0 2A4#00012473FFFD551E
(1790954068.271118) can0 2A5#0000133A0000135D
(1790954068.271218) can0 2A6#FFFFEC9B00000253
(1790954068.271343) can0 2A7#00004EADFFFFFD8E
(1790954068.275651) can0 2A1#0100010000000000
(1790954068.275768) can0 2A2#0000E0760000149B
(1790954068.275868) can0 2A3#00032431FFFD410D
(1790954068.276018) can0 2A4#00012473FFFD551E
(1790954068.276117) can0 2A5#0000133A0000135D
(1790954068.276242) can0 2A6#FFFFEC9B00000253
(1790954068.276368) can0 2A7#00004EADFFFFFD8E
(1790954068.280624) can0 2A1#0100010000000000
(1790954068.280749) can0 2A2#0000E0760000149B
(1790954068.280873) can0 2A3#00032431FFFD410D
(1790954068.280993) can0 2A4#00012473FFFD551E
(1790954068.281093) can0 2A5#0000133A0000135D
(1790954068.281218) can0 2A6#FFFFEC9B00000253
(1790954068.281343) can0 2A7#00004EADFFFFFD8E
(1790954068.285648) can0 2A1#0100010000000000
(1790954068.285768) can0 2A2#0000E0760000149B
(1790954068.285894) can0 2A3#00032431FFFD410D
(1790954068.285993) can0 2A4#00012473FFFD551E
(1790954068.286118) can0 2A5#0000133A0000135D
(1790954068.286243) can0 2A6#FFFFEC9B00000253
(1790954068.286368) can0 2A7#00004EADFFFFFD8E
(1790954068.290656) can0 2A1#0100010000000000
(1790954068.290743) can0 2A2#0000E0760000149B
(1790954068.290868) can0 2A3#00032431FFFD410D
(1790954068.290993) can0 2A4#00012473FFFD551E
(1790954068.291118) can0 2A5#0000133A0000135D
(1790954068.291218) can0 2A6#FFFFEC9B00000253
(1790954068.291343) can0 2A7#00004EADFFFFFD8E
(1790954068.295651) can0 2A1#0100010000000000
(1790954068.295769) can0 2A2#0000E0760000149B
(1790954068.295892) can0 2A3#00032431FFFD410D
(1790954068.295991) can0 2A4#00012473FFFD551E
(1790954068.296116) can0 2A5#0000133A0000135D
(1790954068.296241) can0 2A6#FFFFEC9B00000253
(1790954068.296367) can0 2A7#00004EADFFFFFD8E
