(1790953085.207086) can0 2A1#0100010000000000
(1790953085.207199) can0 2A2#0000D28B000008AE
(1790953085.207326) can0 2A3#0002DF2CFFFD59D8
(1790953085.207425) can0 2A4#00011C10FFFD63AE
(1790953085.207550) can0 2A5#000007BF000007CA
(1790953085.207675) can0 2A6#FFFFF84700000253
(1790953085.207801) can0 2A7#00005689FFFFF5D5
(1790953085.212084) can0 2A1#0100010000000000
(1790953085.212176) can0 2A2#0000D28B000008AE
(1790953085.212301) can0 2A3#0002DF2CFFFD59D8
(1790953085.212425) can0 2A4#00011C10FFFD63AE
(1790953085.212551) can0 2A5#000007BF000007CA
(1790953085.212652) can0 2A6#FFFFF84700000253
(1790953085.212776) can0 2A7#00005689FFFFF5D5
(1790953085.217077) can0 2A1#0100010000000000
(1790953085.217201) can0 2A2#0000D28B000008AE
(1790953085.217326) can0 2A3#0002DF2CFFFD59D8
(1790953085.217426) can0 2A4#00011C10FFFD63AE
(1790953085.217550) can0 2A5#000007BF000007CA
(1790953085.217676) can0 2A6#FFFFF84700000253
(1790953085.217801) can0 2A7#00005689FFFFF5D5
(1790953085.222075) can0 2A1#0100010000000000
(1790953085.222175) can0 2A2#0000D28B000008AE
(1790953085.222300) can0 2A3#0002DF2CFFFD59D8
(1790953085.222425) can0 2A4#00011C10FFFD63AE
(1790953085.222550) can0 2A5#000007BF000007CA
(1790953085.222676) can0 2A6#FFFFF84700000253
(1790953085.222775) can0 2A7#00005689FFFFF5D5
(1790953085.227075) can0 2A1#0100010000000000
(1790953085.227200) can0 2A2#0000D28B000008AE
(1790953085.227300) can0 2A3#0002DF2CFFFD59D8
(1790953085.227450) can0 2A4#00011C10FFFD63AE
(1790953085.227550) can0 2A5#000007BF000007CA
(1790953085.227675) can0 2A6#FFFFF84700000253
(1790953085.227800) can0 2A7#00005689FFFFF5D5
(1790953085.232081) can0 2A1#0100010000000000
(1790953085.232198) can0 2A2#0000D28B000008AE
(1790953085.232301) can0 2A3#0002DF2CFFFD59D8
(1790953085.232425) can0 2A4#00011C10FFFD63AE
(1790953085.232549) can0 2A5#000007BF000007CA
(1790953085.232650) can0 2A6#FFFFF84700000253
(1790953085.232774) can0 2A7#00005689FFFFF5D5
(1790953085.237079) can0 2A1#0100010000000000
(1790953085.237199) can0 2A2#0000D28B000008AE
(1790953085.237326) can0 2A3#0002DF2CFFFD59D8
(1790953085.237425) can0 2A4#00011C10FFFD63AE
(1790953085.237550) can0 2A5#000007BF000007CA
(1790953085.237675) can0 2A6#FFFFF84700000253
(1790953085.237799) can0 2A7#00005689FFFFF5D5
(1790953085.242058) can0 2A1#0100010000000000
(1790953085.242201) can0 2A2#0000D28B000008AE
(1790953085.242301) can0 2A3#0002DF2CFFFD59D8
(1790953085.242425) can0 2A4#00011C10FFFD63AE
(1790953085.242550) can0 2A5#000007BF000007CA
(1790953085.242650) can0 2A6#FFFFF84700000253
(1790953085.242775) can0 2A7#00005689FFFFF5D5
(1790953085.247085) can0 2A1#0100010000000000
(1790953085.247199) can0 2A2#0000D28B000008AE
(1790953085.247325) can0 2A3#0002DF2CFFFD59D8
(1790953085.247425) can0 2A4#00011C10FFFD63AE
(1790953085.247552) can0 2A5#000007BF000007CA
(1790953085.247675) can0 2A6#FFFFF84700000253
(1790953085.247800) can0 2A7#00005689FFFFF5D5
(1790953085.252060) can0 2A1#0100010000000000
(1790953085.252178) can0 2A2#0000D28B000008AE
(1790953085.252301) can0 2A3#0002DF2CFFFD59D8
(1790953085.252433) can0 2A4#00011C10FFFD63AE
(1790953085.252554) can0 2A5#000007BF000007CA
(1790953085.252678) can0 2A6#FFFFF84700000253
(1790953085.252775) can0 2A7#00005689FFFFF5D5
(1790953085.257077) can0 2A1#0100010000000000
(1790953085.257199) can0 2A2#0000D28B000008AE
(1790953085.257325) can0 2A3#0002DF2CFFFD59D8
(1790953085.257449) can0 2A4#00011C10FFFD63AE
(1790953085.257552) can0 2A5#000007BF000007CA
(1790953085.257680) can0 2A6#FFFFF84700000253
(1790953085.257775) can0 2A7#00005689FFFFF5D5
(1790953085.262056) can0 2A1#0100010000000000
(1790953085.262198) can0 2A2#0000D28B000008AE
(1790953085.262300) can0 2A3#0002DF2CFFFD59D8
(1790953085.262425) can0 2A4#00011C10FFFD63AE
(1790953085.262551) can0 2A5#000007BF000007CA
(1790953085.262675) can0 2A6#FFFFF84700000253
(1790953085.262774) can0 2A7#00005689FFFFF5D5
(1790953085.267082) can0 2A1#0100010000000000
(1790953085.267201) can0 2A2#0000D28B000008AE
(1790953085.267326) can0 2A3#0002DF2CFFFD59D8
(1790953085.267450) can0 2A4#00011C10FFFD63AE
(1790953085.267550) can0 2A5#000007BF000007CA
(1790953085.267675) can0 2A6#FFFFF84700000253
(1790953085.267776) can0 2A7#00005689FFFFF5D5
(1790953085.272058) can0 2A1#0100010000000000
(1790953085.272176) can0 2A2#0000D28B000008AE
(1790953085.272301) can0 2A3#0002DF2CFFFD59D8
(1790953085.272426) can0 2A4#00011C10FFFD63AE
(1790953085.272550) can0 2A5#000007BF000007CA
(1790953085.272675) can0 2A6#FFFFF84700000253
(1790953085.272776) can0 2A7#00005689FFFFF5D5
(1790953085.277082) can0 2A1#0100010000000000
(1790953085.277199) can0 2A2#0000D28B000008AE
(1790953085.277325) can0 2A3#0002DF2CFFFD59D8
(1790953085.277425) can0 2A4#00011C10FFFD63AE
(1790953085.277550) can0 2A5#000007BF000007CA
(1790953085.277676) can0 2A6#FFFFF84700000253
(1790953085.277801) can0 2A7#00005689FFFFF5D5
(1790953085.282058) can0 2A1#0100010000000000
(1790953085.282174) can0 2A2#0000D28B000008AE
(1790953085.282300) can0 2A3#0002DF2CFFFD59D8
(1790953085.282425) can0 2A4#00011C10FFFD63AE
(1790953085.282550) can0 2A5#000007BF000007CA
(1790953085.282651) can0 2A6#FFFFF84700000253
(1790953085.282774) can0 2A7#00005689FFFFF5D5
(1790953085.287078) can0 2A1#0100010000000000
(1790953085.287211) can0 2A2#0000D28B000008AE
(1790953085.287324) can0 2A3#0002DF2CFFFD59D8
(1790953085.287426) can0 2A4#00011C10FFFD63AE
(1790953085.287550) can0 2A5#000007BF000007CA
(1790953085.287676) can0 2A6#FFFFF84700000253
(1790953085.287801) can0 2A7#00005689FFFFF5D5
(1790953085.292079) can0 2A1#0100010000000000
(1790953085.292200) can0 2A2#0000D28B000008AE
(1790953085.292305) can0 2A3#0002DF2CFFFD59D8
(1790953085.292425) can0 2A4#00011C10FFFD63AE
(1790953085.292549) can0 2A5#000007BF000007CA
(1790953085.292649) can0 2A6#FFFFF84700000253
(1790953085.292775) can0 2A7#00005689FFFFF5D5
(1790953085.297085) can0 2A1#0100010000000000
(1790953085.297198) can0 2A2#0000D28B000008AE
(1790953085.297326) can0 2A3#0002DF2CFFFD59D8
(1790953085.297424) can0 2A4#00011C10FFFD63AE
(1790953085.297550) can0 2A5#000007BF000007CA
(1790953085.297675) can0 2A6#FFFFF84700000253
(1790953085.297800) can0 2A7#00005689FFFFF5D5
(1790953085.302050) can0 2A1#0100010000000000
(1790953085.302175) can0 2A2#0000D28B000008AE
(1790953085.302300) can0 2A3#0002DF2CFFFD59D8
(1790953085.302425) can0 2A4#00011C10FFFD63AE
(1790953085.302550) can0 2A5#000007BF000007CA
(1790953085.302674) can0 2A6#FFFFF84700000253
(1790953085.302775) can0 2A7#00005689FFFFF5D5
(1790953085.307085) can0 2A1#0100010000000000
(1790953085.307198) can0 2A2#0000D28B000008AE
(1790953085.307325) can0 2A3#0002DF2CFFFD59D8
(1790953085.307450) can0 2A4#00011C10FFFD63AE
(1790953085.307559) can0 2A5#000007BF000007CA
(1790953085.307675) can0 2A6#FFFFF84700000253
(1790953085.307776) can0 2A7#00005689FFFFF5D5
(1790953085.312076) can0 2A1#0100010000000000
(1790953085.312176) can0 2A2#0000D28B000008AE
(1790953085.312301) can0 2A3#0002DF2CFFFD59D8
(1790953085.312427) can0 2A4#00011C10FFFD63AE
(1790953085.312551) can0 2A5#000007BF000007CA
(1790953085.312676) can0 2A6#FFFFF84700000253
(1790953085.312774) can0 2A7#00005689FFFFF5D5
(1790953085.317080) can0 2A1#0100010000000000
(1790953085.317202) can0 2A2#0000D28B000008AE
(1790953085.317327) can0 2A3#0002DF2CFFFD59D8
(1790953085.317452) can0 2A4#00011C10FFFD63AE
(1790953085.317549) can0 2A5#000007BF000007CA
(1790953085.317677) can0 2A6#FFFFF84700000253
(1790953085.317777) can0 2A7#00005689FFFFF5D5
(1790953085.322079) can0 2A1#0100010000000000
(1790953085.322176) can0 2A2#0000D28B000008AE
(1790953085.322301) can0 2A3#0002DF2CFFFD59D8
(1790953085.322426) can0 2A4#00011C10FFFD63AE
(1790953085.322551) can0 2A5#000007BF000007CA
(1790953085.322677) can0 2A6#FFFFF84700000253
(1790953085.322776) can0 2A7#00005689FFFFF5D5
(1790953085.327084) can0 2A1#0100010000000000
(1790953085.327199) can0 2A2#0000D28B000008AE
(1790953085.327301) can0 2A3#0002DF2CFFFD59D8
(1790953085.327426) can0 2A4#00011C10FFFD63AE
(1790953085.327551) can0 2A5#000007BF000007CA
(1790953085.327676) can0 2A6#FFFFF84700000253
(1790953085.327801) can0 2A7#00005689FFFFF5D5
(1790953085.332053) can0 2A1#0100010000000000
(1790953085.332174) can0 2A2#0000D28B000008AE
(1790953085.332301) can0 2A3#0002DF2CFFFD59D8
(1790953085.332426) can0 2A4#00011C10FFFD63AE
(1790953085.332552) can0 2A5#000007BF000007CA
(1790953085.332651) can0 2A6#FFFFF84700000253
(1790953085.332776) can0 2A7#00005689FFFFF5D5
(1790953085.337089) can0 2A1#0100010000000000
(1790953085.337199) can0 2A2#0000D28B000008AE
(1790953085.337326) can0 2A3#0002DF2CFFFD59D8
(1790953085.337426) can0 2A4#00011C10FFFD63AE
(1790953085.337556) can0 2A5#000007BF000007CA
(1790953085.337676) can0 2A6#FFFFF84700000253
(1790953085.337802) can0 2A7#00005689FFFFF5D5
(1790953085.342086) can0 2A1#0100010000000000
(1790953085.342201) can0 2A2#0000D28B000008AE
(1790953085.342301) can0 2A3#0002DF2CFFFD59D8
(1790953085.342426) can0 2A4#00011C10FFFD63AE
(1790953085.342552) can0 2A5#000007BF000007CA
(1790953085.342651) can0 2A6#FFFFF84700000253
(1790953085.342774) can0 2A7#00005689FFFFF5D5
(1790953085.347127) can0 2A1#0100010000000000
(1790953085.347202) can0 2A2#0000D28B000008AE
(1790953085.347327) can0 2A3#0002DF2CFFFD59D8
(1790953085.347451) can0 2A4#00011C10FFFD63AE
(1790953085.347551) can0 2A5#000007BF000007CA
(1790953085.347677) can0 2A6#FFFFF84700000253
(1790953085.347801) can0 2A7#00005689FFFFF5D5
(1790953085.352066) can0 2A1#0100010000000000
(1790953085.352178) can0 2A2#0000D28B000008AE
(1790953085.352301) can0 2A3#0002DF2CFFFD59D8
(1790953085.352425) can0 2A4#00011C10FFFD63AE
(1790953085.352550) can0 2A5#000007BF000007CA
(1790953085.352675) can0 2A6#FFFFF84700000253
(1790953085.352776) can0 2A7#00005689FFFFF5D5
(1790953085.357083) can0 2A1#0100010000000000
(1790953085.357202) can0 2A2#0000D28B000008AE
(1790953085.357326) can0 2A3#0002DF2CFFFD59D8
(1790953085.357452) can0 2A4#00011C10FFFD63AE
(1790953085.357551) can0 2A5#000007BF000007CA
(1790953085.357676) can0 2A6#FFFFF84700000253
(1790953085.357777) can0 2A7#00005689FFFFF5D5
(1790953085.362059) can0 2A1#0100010000000000
(1790953085.362200) can0 2A2#0000D28B000008AE
(1790953085.362300) can0 2A3#0002DF2CFFFD59D8
(1790953085.362426) can0 2A4#00011C10FFFD63AE
(1790953085.362550) can0 2A5#000007BF000007CA
(1790953085.362651) can0 2A6#FFFFF84700000253
(1790953085.362775) can0 2A7#00005689FFFFF5D5
(1790953085.367091) can0 2A1#0100010000000000
(1790953085.367200) can0 2A2#0000D28B000008AE
(1790953085.367325) can0 2A3#0002DF2CFFFD59D8
(1790953085.367426) can0 2A4#00011C10FFFD63AE
(1790953085.367550) can0 2A5#000007BF000007CA
(1790953085.367676) can0 2A6#FFFFF84700000253
(1790953085.367800) can0 2A7#00005689FFFFF5D5
(1790953085.372082) can0 2A1#0100010000000000
(1790953085.372174) can0 2A2#0000D28B000008AE
(1790953085.372300) can0 2A3#0002DF2CFFFD59D8
(1790953085.372425) can0 2A4#00011C10FFFD63AE
(1790953085.372548) can0 2A5#000007BF000007CA
(1790953085.372675) can0 2A6#FFFFF84700000253
(1790953085.372775) can0 2A7#00005689FFFFF5D5
(1790953085.377079) can0 2A1#0100010000000000
(1790953085.377199) can0 2A2#0000D28B000008AE
(1790953085.377301) can0 2A3#0002DF2CFFFD59D8
(1790953085.377426) can0 2A4#00011C10FFFD63AE
(1790953085.377550) can0 2A5#000007BF000007CA
(1790953085.377675) can0 2A6#FFFFF84700000253
(1790953085.377800) can0 2A7#00005689FFFFF5D5
(1790953085.382077) can0 2A1#0100010000000000
(1790953085.382196) can0 2A2#0000D28B000008AE
(1790953085.382299) can0 2A3#0002DF2CFFFD59D8
(1790953085.382423) can0 2A4#00011C10FFFD63AE
(1790953085.382548) can0 2A5#000007BF000007CA
(1790953085.382648) can0 2A6#FFFFF84700000253
(1790953085.382774) can0 2A7#00005689FFFFF5D5
(1790953085.387087) can0 2A1#0100010000000000
(1790953085.387198) can0 2A2#0000D28B000008AE
(1790953085.387326) can0 2A3#0002DF2CFFFD59D8
(1790953085.387424) can0 2A4#00011C10FFFD63AE
(1790953085.387550) can0 2A5#000007BF000007CA
(1790953085.387675) can0 2A6#FFFFF84700000253
(1790953085.387800) can0 2A7#00005689FFFFF5D5
(1790953085.392056) can0 2A1#0100010000000000
(1790953085.392174) can0 2A2#0000D28B000008AE
(1790953085.392301) can0 2A3#0002DF2CFFFD59D8
(1790953085.392425) can0 2A4#00011C10FFFD63AE
(1790953085.392550) can0 2A5#000007BF000007CA
(1790953085.392650) can0 2A6#FFFFF84700000253
(1790953085.392775) can0 2A7#00005689FFFFF5D5
(1790953085.397087) can0 2A1#0100010000000000
(1790953085.397199) can0 2A2#0000D28B000008AE
(1790953085.397325) can0 2A3#0002DF2CFFFD59D8
(1790953085.397425) can0 2A4#00011C10FFFD63AE
(1790953085.397548) can0 2A5#000007BF000007CA
(1790953085.397676) can0 2A6#FFFFF84700000253
(1790953085.397800) can0 2A7#00005689FFFFF5D5
(1790953085.402060) can0 2A1#0100010000000000
(1790953085.402178) can0 2A2#0000D28B000008AE
(1790953085.402301) can0 2A3#0002DF2CFFFD59D8
(1790953085.402426) can0 2A4#00011C10FFFD63AE
(1790953085.402551) can0 2A5#000007BF000007CA
(1790953085.402676) can0 2A6#FFFFF84700000253
(1790953085.402776) can0 2A7#00005689FFFFF5D5
(1790953085.407079) can0 2A1#0100010000000000
(1790953085.407204) can0 2A2#0000D28B000008AE
(1790953085.407327) can0 2A3#0002DF2CFFFD59D8
(1790953085.407426) can0 2A4#00011C10FFFD63AE
(1790953085.407551) can0 2A5#000007BF000007CA
(1790953085.407676) can0 2A6#FFFFF84700000253
(1790953085.407802) can0 2A7#00005689FFFFF5D5
(1790953085.412077) can0 2A1#0100010000000000
(1790953085.412174) can0 2A2#0000D28B000008AE
(1790953085.412327) can0 2A3#0002DF2CFFFD59D8
(1790953085.412424) can0 2A4#00011C10FFFD63AE
(1790953085.412551) can0 2A5#000007BF000007CA
(1790953085.412675) can0 2A6#FFFFF84700000253
(1790953085.412776) can0 2A7#00005689FFFFF5D5
(1790953085.417083) can0 2A1#0100010000000000
(1790953085.417199) can0 2A2#0000D28B000008AE
(1790953085.417326) can0 2A3#0002DF2CFFFD59D8
(1790953085.417426) can0 2A4#00011C10FFFD63AE
(1790953085.417557) can0 2A5#000007BF000007CA
(1790953085.417677) can0 2A6#FFFFF84700000253
(1790953085.417802) can0 2A7#00005689FFFFF5D5
(1790953085.422084) can0 2A1#0100010000000000
(1790953085.422202) can0 2A2#0000D28B000008AE
(1790953085.422327) can0 2A3#0002DF2CFFFD59D8
(1790953085.422426) can0 2A4#00011C10FFFD63AE
(1790953085.422550) can0 2A5#000007BF000007CA
(1790953085.422652) can0 2A6#FFFFF84700000253
(1790953085.422776) can0 2A7#00005689FFFFF5D5
(1790953085.427081) can0 2A1#0100010000000000
(1790953085.427198) can0 2A2#0000D28B000008AE
(1790953085.427326) can0 2A3#0002DF2CFFFD59D8
(1790953085.427424) can0 2A4#00011C10FFFD63AE
(1790953085.427552) can0 2A5#000007BF000007CA
(1790953085.427676) can0 2A6#FFFFF84700000253
(1790953085.427801) can0 2A7#00005689FFFFF5D5
(1790953085.432076) can0 2A1#0100010000000000
(1790953085.432176) can0 2A2#0000D28B000008AE
(1790953085.432300) can0 2A3#0002DF2CFFFD59D8
(1790953085.432426) can0 2A4#00011C10FFFD63AE
(1790953085.432551) can0 2A5#000007BF000007CA
(1790953085.432675) can0 2A6#FFFFF84700000253
(1790953085.432775) can0 2A7#00005689FFFFF5D5
(1790953085.437082) can0 2A1#0100010000000000
(1790953085.437200) can0 2A2#0000D28B000008AE
(1790953085.437327) can0 2A3#0002DF2CFFFD59D8
(1790953085.437426) can0 2A4#00011C10FFFD63AE
(1790953085.437551) can0 2A5#000007BF000007CA
(1790953085.437676) can0 2A6#FFFFF84700000253
(1790953085.437801) can0 2A7#00005689FFFFF5D5
(1790953085.442081) can0 2A1#0100010000000000
(1790953085.442175) can0 2A2#0000D28B000008AE
(1790953085.442302) can0 2A3#0002DF2CFFFD59D8
(1790953085.442425) can0 2A4#00011C10FFFD63AE
(1790953085.442550) can0 2A5#000007BF000007CA
(1790953085.442675) can0 2A6#FFFFF84700000253
(1790953085.442776) can0 2A7#00005689FFFFF5D5
(1790953085.447081) can0 2A1#0100010000000000
(1790953085.447199) can0 2A2#0000D28B000008AE
(1790953085.447326) can0 2A3#0002DF2CFFFD59D8
(1790953085.447449) can0 2A4#00011C10FFFD63AE
(1790953085.447550) can0 2A5#000007BF000007CA
(1790953085.447676) can0 2A6#FFFFF84700000253
(1790953085.447801) can0 2A7#00005689FFFFF5D5
(1790953085.452082) can0 2A1#0100010000000000
(1790953085.452203) can0 2A2#0000D28B000008AE
(1790953085.452302) can0 2A3#0002DF2CFFFD59D8
(1790953085.452427) can0 2A4#00011C10FFFD63AE
(1790953085.452551) can0 2A5#000007BF000007CA
(1790953085.452651) can0 2A6#FFFFF84700000253
(1790953085.452776) can0 2A7#00005689FFFFF5D5
(1790953085.457080) can0 2A1#0100010000000000
(1790953085.457203) can0 2A2#0000D28B000008AE
(1790953085.457326) can0 2A3#0002DF2CFFFD59D8
(1790953085.457425) can0 2A4#00011C10FFFD63AE
(1790953085.457550) can0 2A5#000007BF000007CA
(1790953085.457676) can0 2A6#FFFFF84700000253
(1790953085.457801) can0 2A7#00005689FFFFF5D5
(1790953085.462080) can0 2A1#0100010000000000
(1790953085.462200) can0 2A2#0000D28B000008AE
(1790953085.462326) can0 2A3#0002DF2CFFFD59D8
(1790953085.462427) can0 2A4#00011C10FFFD63AE
(1790953085.462550) can0 2A5#000007BF000007CA
(1790953085.462649) can0 2A6#FFFFF84700000253
(1790953085.462775) can0 2A7#00005689FFFFF5D5
(1790953085.467103) can0 2A1#0100010000000000
(1790953085.467198) can0 2A2#0000D28B000008AE
(1790953085.467326) can0 2A3#0002DF2CFFFD59D8
(1790953085.467425) can0 2A4#00011C10FFFD63AE
(1790953085.467550) can0 2A5#000007BF000007CA
(1790953085.467675) can0 2A6#FFFFF84700000253
(1790953085.467799) can0 2A7#00005689FFFFF5D5
(1790953085.472085) can0 2A1#0100010000000000
(1790953085.472179) can0 2A2#0000D28B000008AE
(1790953085.472301) can0 2A3#0002DF2CFFFD59D8
(1790953085.472425) can0 2A4#00011C10FFFD63AE
(1790953085.472550) can0 2A5#000007BF000007CA
(1790953085.472675) can0 2A6#FFFFF84700000253
(1790953085.472773) can0 2A7#00005689FFFFF5D5
(1790953085.477081) can0 2A1#0100010000000000
(1790953085.477200) can0 2A2#0000D28B000008AE
(1790953085.477325) can0 2A3#0002DF2CFFFD59D8
(1790953085.477450) can0 2A4#00011C10FFFD63AE
(1790953085.477548) can0 2A5#000007BF000007CA
(1790953085.477675) can0 2A6#FFFFF84700000253
(1790953085.477801) can0 2A7#00005689FFFFF5D5
(1790953085.482079) can0 2A1#0100010000000000
(1790953085.482203) can0 2A2#0000D28B000008AE
(1790953085.482301) can0 2A3#0002DF2CFFFD59D8
(1790953085.482428) can0 2A4#00011C10FFFD63AE
(1790953085.482552) can0 2A5#000007BF000007CA
(1790953085.482675) can0 2A6#FFFFF84700000253
(1790953085.482773) can0 2A7#00005689FFFFF5D5
(1790953085.487096) can0 2A1#0100010000000000
(1790953085.487200) can0 2A2#0000D28B000008AE
(1790953085.487325) can0 2A3#0002DF2CFFFD59D8
(1790953085.487449) can0 2A4#00011C10FFFD63AE
(1790953085.487549) can0 2A5#000007BF000007CA
(1790953085.487675) can0 2A6#FFFFF84700000253
(1790953085.487801) can0 2A7#00005689FFFFF5D5
(1790953085.492076) can0 2A1#0100010000000000
(1790953085.492199) can0 2A2#0000D28B000008AE
(1790953085.492301) can0 2A3#0002DF2CFFFD59D8
(1790953085.492425) can0 2A4#00011C10FFFD63AE
(1790953085.492550) can0 2A5#000007BF000007CA
(1790953085.492674) can0 2A6#FFFFF84700000253
(1790953085.492775) can0 2A7#00005689FFFFF5D5
(1790953085.497079) can0 2A1#0100010000000000
(1790953085.497198) can0 2A2#0000D28B000008AE
(1790953085.497325) can0 2A3#0002DF2CFFFD59D8
(1790953085.497450) can0 2A4#00011C10FFFD63AE
(1790953085.497550) can0 2A5#000007BF000007CA
(1790953085.497675) can0 2A6#FFFFF84700000253
(1790953085.497801) can0 2A7#00005689FFFFF5D5
(1790953085.502086) can0 2A1#0100010000000000
(1790953085.502174) can0 2A2#0000D28B000008AE
(1790953085.502326) can0 2A3#0002DF2CFFFD59D8
(1790953085.502425) can0 2A4#00011C10FFFD63AE
(1790953085.502550) can0 2A5#000007BF000007CA
(1790953085.502676) can0 2A6#FFFFF84700000253
(1790953085.502773) can0 2A7#00005689FFFFF5D5
(1790953085.507088) can0 2A1#0100010000000000
(1790953085.507214) can0 2A2#0000D28B000008AE
(1790953085.507326) can0 2A3#0002DF2CFFFD59D8
(1790953085.507426) can0 2A4#00011C10FFFD63AE
(1790953085.507550) can0 2A5#000007BF000007CA
(1790953085.507675) can0 2A6#FFFFF84700000253
(1790953085.507801) can0 2A7#00005689FFFFF5D5
(1790953085.512056) can0 2A1#0100010000000000
(1790953085.512199) can0 2A2#0000D28B000008AE
(1790953085.512298) can0 2A3#0002DF2CFFFD59D8
(1790953085.512423) can0 2A4#00011C10FFFD63AE
(1790953085.512548) can0 2A5#000007BF000007CA
(1790953085.512648) can0 2A6#FFFFF84700000253
(1790953085.512771) can0 2A7#00005689FFFFF5D5
(1790953085.517101) can0 2A1#0100010000000000
(1790953085.517198) can0 2A2#0000D28B000008AE
(1790953085.517325) can0 2A3#0002DF2CFFFD59D8
(1790953085.517425) can0 2A4#00011C10FFFD63AE
(1790953085.517550) can0 2A5#000007BF000007CA
(1790953085.517675) can0 2A6#FFFFF84700000253
(1790953085.517803) can0 2A7#00005689FFFFF5D5
(1790953085.522074) can0 2A1#0100010000000000
(1790953085.522174) can0 2A2#0000D28B000008AE
(1790953085.522300) can0 2A3#0002DF2CFFFD59D8
(1790953085.522425) can0 2A4#00011C10FFFD63AE
(1790953085.522550) can0 2A5#000007BF000007CA
(1790953085.522674) can0 2A6#FFFFF84700000253
(1790953085.522802) can0 2A7#00005689FFFFF5D5
(1790953085.527076) can0 2A1#0100010000000000
(1790953085.527199) can0 2A2#0000D28B000008AE
(1790953085.527326) can0 2A3#0002DF2CFFFD59D8
(1790953085.527426) can0 2A4#00011C10FFFD63AE
(1790953085.527551) can0 2A5#000007BF000007CA
(1790953085.527676) can0 2A6#FFFFF84700000253
(1790953085.527799) can0 2A7#00005689FFFFF5D5
(1790953085.532074) can0 2A1#0100010000000000
(1790953085.532199) can0 2A2#0000D28B000008AE
(1790953085.532328) can0 2A3#0002DF2CFFFD59D8
(1790953085.532425) can0 2A4#00011C10FFFD63AE
(1790953085.532551) can0 2A5#000007BF000007CA
(1790953085.532673) can0 2A6#FFFFF84700000253
(1790953085.532774) can0 2A7#00005689FFFFF5D5
(1790953085.537083) can0 2A1#0100010000000000
(1790953085.537199) can0 2A2#0000D28B000008AE
(1790953085.537326) can0 2A3#0002DF2CFFFD59D8
(1790953085.537426) can0 2A4#00011C10FFFD63AE
(1790953085.537549) can0 2A5#000007BF000007CA
(1790953085.537678) can0 2A6#FFFFF84700000253
(1790953085.537801) can0 2A7#00005689FFFFF5D5
(1790953085.542068) can0 2A1#0100010000000000
(1790953085.542201) can0 2A2#0000D28B000008AE
(1790953085.542300) can0 2A3#0002DF2CFFFD59D8
(1790953085.542425) can0 2A4#00011C10FFFD63AE
(1790953085.542551) can0 2A5#000007BF000007CA
(1790953085.542676) can0 2A6#FFFFF84700000253
(1790953085.542775) can0 2A7#00005689FFFFF5D5
(1790953085.547076) can0 2A1#0100010000000000
(1790953085.547199) can0 2A2#0000D28B000008AE
(1790953085.547326) can0 2A3#0002DF2CFFFD59D8
(1790953085.547451) can0 2A4#00011C10FFFD63AE
(1790953085.547552) can0 2A5#000007BF000007CA
(1790953085.547676) can0 2A6#FFFFF84700000253
(1790953085.547801) can0 2A7#00005689FFFFF5D5
(1790953085.552078) can0 2A1#0100010000000000
(1790953085.552181) can0 2A2#0000D28B000008AE
(1790953085.552326) can0 2A3#0002DF2CFFFD59D8
(1790953085.552426) can0 2A4#00011C10FFFD63AE
(1790953085.552551) can0 2A5#000007BF000007CA
(1790953085.552651) can0 2A6#FFFFF84700000253
(1790953085.552776) can0 2A7#00005689FFFFF5D5
(1790953085.557099) can0 2A1#0100010000000000
(1790953085.557199) can0 2A2#0000D28B000008AE
(1790953085.557326) can0 2A3#0002DF2CFFFD59D8
(1790953085.557425) can0 2A4#00011C10FFFD63AE
(1790953085.557552) can0 2A5#000007BF000007CA
(1790953085.557674) can0 2A6#FFFFF84700000253
(1790953085.557799) can0 2A7#00005689FFFFF5D5
(1790953085.562080) can0 2A1#0100010000000000
(1790953085.562198) can0 2A2#0000D28B000008AE
(1790953085.562325) can0 2A3#0002DF2CFFFD59D8
(1790953085.562425) can0 2A4#00011C10FFFD63AE
(1790953085.562549) can0 2A5#000007BF000007CA
(1790953085.562649) can0 2A6#FFFFF84700000253
(1790953085.562775) can0 2A7#00005689FFFFF5D5
(1790953085.567104) can0 2A1#0100010000000000
(1790953085.567200) can0 2A2#0000D28B000008AE
(1790953085.567325) can0 2A3#0002DF2CFFFD59D8
(1790953085.567450) can0 2A4#00011C10FFFD63AE
(1790953085.567550) can0 2A5#000007BF000007CA
(1790953085.567674) can0 2A6#FFFFF84700000253
(1790953085.567800) can0 2A7#00005689FFFFF5D5
(1790953085.572084) can0 2A1#0100010000000000
(1790953085.572180) can0 2A2#0000D28B000008AE
(1790953085.572300) can0 2A3#0002DF2CFFFD59D8
(1790953085.572424) can0 2A4#00011C10FFFD63AE
(1790953085.572549) can0 2A5#000007BF000007CA
(1790953085.572675) can0 2A6#FFFFF84700000253
(1790953085.572800) can0 2A7#00005689FFFFF5D5
(1790953085.577082) can0 2A1#0100010000000000
(1790953085.577198) can0 2A2#0000D28B000008AE
(1790953085.577324) can0 2A3#0002DF2CFFFD59D8
(1790953085.577424) can0 2A4#00011C10FFFD63AE
(1790953085.577549) can0 2A5#000007BF000007CA
(1790953085.577674) can0 2A6#FFFFF84700000253
(1790953085.577799) can0 2A7#00005689FFFFF5D5
(1790953085.582082) can0 2A1#0100010000000000
(1790953085.582198) can0 2A2#0000D28B000008AE
(1790953085.582300) can0 2A3#0002DF2CFFFD59D8
(1790953085.582424) can0 2A4#00011C10FFFD63AE
(1790953085.582548) can0 2A5#000007BF000007CA
(1790953085.582675) can0 2A6#FFFFF84700000253
(1790953085.582774) can0 2A7#00005689FFFFF5D5
(1790953085.587079) can0 2A1#0100010000000000
(1790953085.587198) can0 2A2#0000D28B000008AE
(1790953085.587324) can0 2A3#0002DF2CFFFD59D8
(1790953085.587449) can0 2A4#00011C10FFFD63AE
(1790953085.587549) can0 2A5#000007BF000007CA
(1790953085.587675) can0 2A6#FFFFF84700000253
(1790953085.587800) can0 2A7#00005689FFFFF5D5
(1790953085.592075) can0 2A1#0100010000000000
(1790953085.592173) can0 2A2#0000D28B000008AE
(1790953085.592300) can0 2A3#0002DF2CFFFD59D8
(1790953085.592425) can0 2A4#00011C10FFFD63AE
(1790953085.592550) can0 2A5#000007BF000007CA
(1790953085.592674) can0 2A6#FFFFF84700000253
(1790953085.592773) can0 2A7#00005689FFFFF5D5
(1790953085.597102) can0 2A1#0100010000000000
(1790953085.597197) can0 2A2#0000D28B000008AE
(1790953085.597325) can0 2A3#0002DF2CFFFD59D8
(1790953085.597424) can0 2A4#00011C10FFFD63AE
(1790953085.597549) can0 2A5#000007BF000007CA
(1790953085.597674) can0 2A6#FFFFF84700000253
(1790953085.597800) can0 2A7#00005689FFFFF5D5
(1790953085.602075) can0 2A1#0100010000000000
(1790953085.602173) can0 2A2#0000D28B000008AE
(1790953085.602300) can0 2A3#0002DF2CFFFD59D8
(1790953085.602426) can0 2A4#00011C10FFFD63AE
(1790953085.602550) can0 2A5#000007BF000007CA
(1790953085.602675) can0 2A6#FFFFF84700000253
(1790953085.602773) can0 2A7#00005689FFFFF5D5
(1790953085.607075) can0 2A1#0100010000000000
(1790953085.607201) can0 2A2#0000D28B000008AE
(1790953085.607326) can0 2A3#0002DF2CFFFD59D8
(1790953085.607451) can0 2A4#00011C10FFFD63AE
(1790953085.607571) can0 2A5#000007BF000007CA
(1790953085.607674) can0 2A6#FFFFF84700000253
(1790953085.607800) can0 2A7#00005689FFFFF5D5
(1790953085.612079) can0 2A1#0100010000000000
(1790953085.612198) can0 2A2#0000D28B000008AE
(1790953085.612325) can0 2A3#0002DF2CFFFD59D8
(1790953085.612425) can0 2A4#00011C10FFFD63AE
(1790953085.612549) can0 2A5#000007BF000007CA
(1790953085.612675) can0 2A6#FFFFF84700000253
(1790953085.612775) can0 2A7#00005689FFFFF5D5
(1790953085.617079) can0 2A1#0100010000000000
(1790953085.617198) can0 2A2#0000D28B000008AE
(1790953085.617324) can0 2A3#0002DF2CFFFD59D8
(1790953085.617449) can0 2A4#00011C10FFFD63AE
(1790953085.617550) can0 2A5#000007BF000007CA
(1790953085.617675) can0 2A6#FFFFF84700000253
(1790953085.617800) can0 2A7#00005689FFFFF5D5
(1790953085.622081) can0 2A1#0100010000000000
(1790953085.622179) can0 2A2#0000D28B000008AE
(1790953085.622299) can0 2A3#0002DF2CFFFD59D8
(1790953085.622425) can0 2A4#00011C10FFFD63AE
(1790953085.622550) can0 2A5#000007BF000007CA
(1790953085.622674) can0 2A6#FFFFF84700000253
(1790953085.622775) can0 2A7#00005689FFFFF5D5
(1790953085.627080) can0 2A1#0100010000000000
(1790953085.627198) can0 2A2#0000D28B000008AE
(1790953085.627324) can0 2A3#0002DF2CFFFD59D8
(1790953085.627451) can0 2A4#00011C10FFFD63AE
(1790953085.627549) can0 2A5#000007BF000007CA
(1790953085.627675) can0 2A6#FFFFF84700000253
(1790953085.627799) can0 2A7#00005689FFFFF5D5
(1790953085.632079) can0 2A1#0100010000000000
(1790953085.632178) can0 2A2#0000D28B000008AE
(1790953085.632299) can0 2A3#0002DF2CFFFD59D8
(1790953085.632424) can0 2A4#00011C10FFFD63AE
(1790953085.632548) can0 2A5#000007BF000007CA
(1790953085.632675) can0 2A6#FFFFF84700000253
(1790953085.632800) can0 2A7#00005689FFFFF5D5
(1790953085.637079) can0 2A1#0100010000000000
(1790953085.637197) can0 2A2#0000D28B000008AE
(1790953085.637325) can0 2A3#0002DF2CFFFD59D8
(1790953085.637423) can0 2A4#00011C10FFFD63AE
(1790953085.637550) can0 2A5#000007BF000007CA
(1790953085.637674) can0 2A6#FFFFF84700000253
(1790953085.637800) can0 2A7#00005689FFFFF5D5
(1790953085.642078) can0 2A1#0100010000000000
(1790953085.642203) can0 2A2#0000D28B000008AE
(1790953085.642327) can0 2A3#0002DF2CFFFD59D8
(1790953085.642425) can0 2A4#00011C10FFFD63AE
(1790953085.642550) can0 2A5#000007BF000007CA
(1790953085.642650) can0 2A6#FFFFF84700000253
(1790953085.642774) can0 2A7#00005689FFFFF5D5
(1790953085.647108) can0 2A1#0100010000000000
(1790953085.647202) can0 2A2#0000D28B000008AE
(1790953085.647324) can0 2A3#0002DF2CFFFD59D8
(1790953085.647425) can0 2A4#00011C10FFFD63AE
(1790953085.647550) can0 2A5#000007BF000007CA
(1790953085.647675) can0 2A6#FFFFF84700000253
(1790953085.647799) can0 2A7#00005689FFFFF5D5
(1790953085.652081) can0 2A1#0100010000000000
(1790953085.652198) can0 2A2#0000D28B000008AE
(1790953085.652324) can0 2A3#0002DF2CFFFD59D8
(1790953085.652425) can0 2A4#00011C10FFFD63AE
(1790953085.652549) can0 2A5#000007BF000007CA
(1790953085.652674) can0 2A6#FFFFF84700000253
(1790953085.652773) can0 2A7#00005689FFFFF5D5
(1790953085.657081) can0 2A1#0100010000000000
(1790953085.657198) can0 2A2#0000D28B000008AE
(1790953085.657325) can0 2A3#0002DF2CFFFD59D8
(1790953085.657450) can0 2A4#00011C10FFFD63AE
(1790953085.657548) can0 2A5#000007BF000007CA
(1790953085.657674) can0 2A6#FFFFF84700000253
(1790953085.657802) can0 2A7#00005689FFFFF5D5
(1790953085.662078) can0 2A1#0100010000000000
(1790953085.662203) can0 2A2#0000D28B000008AE
(1790953085.662299) can0 2A3#0002DF2CFFFD59D8
(1790953085.662424) can0 2A4#00011C10FFFD63AE
(1790953085.662548) can0 2A5#000007BF000007CA
(1790953085.662674) can0 2A6#FFFFF84700000253
(1790953085.662775) can0 2A7#00005689FFFFF5D5
(1790953085.667078) can0 2A1#0100010000000000
(1790953085.667198) can0 2A2#0000D28B000008AE
(1790953085.667325) can0 2A3#0002DF2CFFFD59D8
(1790953085.667449) can0 2A4#00011C10FFFD63AE
(1790953085.667549) can0 2A5#000007BF000007CA
(1790953085.667675) can0 2A6#FFFFF84700000253
(1790953085.667800) can0 2A7#00005689FFFFF5D5
(1790953085.672079) can0 2A1#0100010000000000
(1790953085.672177) can0 2A2#0000D28B000008AE
(1790953085.672300) can0 2A3#0002DF2CFFFD59D8
(1790953085.672424) can0 2A4#00011C10FFFD63AE
(1790953085.672549) can0 2A5#000007BF000007CA
(1790953085.672674) can0 2A6#FFFFF84700000253
(1790953085.672800) can0 2A7#00005689FFFFF5D5
(1790953085.677079) can0 2A1#0100010000000000
(1790953085.677200) can0 2A2#0000D28B000008AE
(1790953085.677324) can0 2A3#0002DF2CFFFD59D8
(1790953085.677450) can0 2A4#00011C10FFFD63AE
(1790953085.677549) can0 2A5#000007BF000007CA
(1790953085.677677) can0 2A6#FFFFF84700000253
(1790953085.677799) can0 2A7#00005689FFFFF5D5
(1790953085.682082) can0 2A1#0100010000000000
(1790953085.682198) can0 2A2#0000D28B000008AE
(1790953085.682325) can0 2A3#0002DF2CFFFD59D8
(1790953085.682425) can0 2A4#00011C10FFFD63AE
(1790953085.682549) can0 2A5#000007BF000007CA
(1790953085.682676) can0 2A6#FFFFF84700000253
(1790953085.682775) can0 2A7#00005689FFFFF5D5
(1790953085.687112) can0 2A1#0100010000000000
(1790953085.687199) can0 2A2#0000D28B000008AE
(1790953085.687326) can0 2A3#0002DF2CFFFD59D8
(1790953085.687425) can0 2A4#00011C10FFFD63AE
(1790953085.687555) can0 2A5#000007BF000007CA
(1790953085.687678) can0 2A6#FFFFF84700000253
(1790953085.687799) can0 2A7#00005689FFFFF5D5
(1790953085.692083) can0 2A1#0100010000000000
(1790953085.692199) can0 2A2#0000D28B000008AE
(1790953085.692300) can0 2A3#0002DF2CFFFD59D8
(1790953085.692425) can0 2A4#00011C10FFFD63AE
(1790953085.692549) can0 2A5#000007BF000007CA
(1790953085.692650) can0 2A6#FFFFF84700000253
(1790953085.692800) can0 2A7#00005689FFFFF5D5
(1790953085.697097) can0 2A1#0100010000000000
(1790953085.697199) can0 2A2#0000D28B000008AE
(1790953085.697325) can0 2A3#0002DF2CFFFD59D8
(1790953085.697450) can0 2A4#00011C10FFFD63AE
(1790953085.697548) can0 2A5#000007BF000007CA
(1790953085.697675) can0 2A6#FFFFF84700000253
(1790953085.697799) can0 2A7#00005689FFFFF5D5
(1790953085.702084) can0 2A1#0100010000000000
(1790953085.702180) can0 2A2#0000D28B000008AE
(1790953085.702301) can0 2A3#0002DF2CFFFD59D8
(1790953085.702425) can0 2A4#00011C10FFFD63AE
(1790953085.702550) can0 2A5#000007BF000007CA
(1790953085.702675) can0 2A6#FFFFF84700000253
(1790953085.702800) can0 2A7#00005689FFFFF5D5
(1790953085.707082) can0 2A1#0100010000000000
(1790953085.707198) can0 2A2#0000D28B000008AE
(1790953085.707325) can0 2A3#0002DF2CFFFD59D8
(1790953085.707425) can0 2A4#00011C10FFFD63AE
(1790953085.707551) can0 2A5#000007BF000007CA
(1790953085.707675) can0 2A6#FFFFF84700000253
(1790953085.707801) can0 2A7#00005689FFFFF5D5
(1790953085.712080) can0 2A1#0100010000000000
(1790953085.712174) can0 2A2#0000D28B000008AE
(1790953085.712302) can0 2A3#0002DF2CFFFD59D8
(1790953085.712426) can0 2A4#00011C10FFFD63AE
(1790953085.712549) can0 2A5#000007BF000007CA
(1790953085.712675) can0 2A6#FFFFF84700000253
(1790953085.712800) can0 2A7#00005689FFFFF5D5
(1790953085.717080) can0 2A1#0100010000000000
(1790953085.717198) can0 2A2#0000D28B000008AE
(1790953085.717326) can0 2A3#0002DF2CFFFD59D8
(1790953085.717449) can0 2A4#00011C10FFFD63AE
(1790953085.717549) can0 2A5#000007BF000007CA
(1790953085.717675) can0 2A6#FFFFF84700000253
(1790953085.717800) can0 2A7#00005689FFFFF5D5
(1790953085.722079) can0 2A1#0100010000000000
(1790953085.722198) can0 2A2#0000D28B000008AE
(1790953085.722300) can0 2A3#0002DF2CFFFD59D8
(1790953085.722425) can0 2A4#00011C10FFFD63AE
(1790953085.722548) can0 2A5#000007BF000007CA
(1790953085.722650) can0 2A6#FFFFF84700000253
(1790953085.722800) can0 2A7#00005689FFFFF5D5
(1790953085.727078) can0 2A1#0100010000000000
(1790953085.727197) can0 2A2#0000D28B000008AE
(1790953085.727325) can0 2A3#0002DF2CFFFD59D8
(1790953085.727425) can0 2A4#00011C10FFFD63AE
(1790953085.727548) can0 2A5#000007BF000007CA
(1790953085.727673) can0 2A6#FFFFF84700000253
(1790953085.727800) can0 2A7#00005689FFFFF5D5
(1790953085.732076) can0 2A1#0100010000000000
(1790953085.732177) can0 2A2#0000D28B000008AE
(1790953085.732300) can0 2A3#0002DF2CFFFD59D8
(1790953085.732424) can0 2A4#00011C10FFFD63AE
(1790953085.732550) can0 2A5#000007BF000007CA
(1790953085.732684) can0 2A6#FFFFF84700000253
(1790953085.732775) can0 2A7#00005689FFFFF5D5
(1790953085.737080) can0 2A1#0100010000000000
(1790953085.737199) can0 2A2#0000D28B000008AE
(1790953085.737324) can0 2A3#0002DF2CFFFD59D8
(1790953085.737449) can0 2A4#00011C10FFFD63AE
(1790953085.737548) can0 2A5#000007BF000007CA
(1790953085.737674) can0 2A6#FFFFF84700000253
(1790953085.737798) can0 2A7#00005689FFFFF5D5
(1790953085.742087) can0 2A1#0100010000000000
(1790953085.742204) can0 2A2#0000D28B000008AE
(1790953085.742302) can0 2A3#0002DF2CFFFD59D8
(1790953085.742426) can0 2A4#00011C10FFFD63AE
(1790953085.742551) can0 2A5#000007BF000007CA
(1790953085.742676) can0 2A6#FFFFF84700000253
(1790953085.742775) can0 2A7#00005689FFFFF5D5
(1790953085.747081) can0 2A1#0100010000000000
(1790953085.747198) can0 2A2#0000D28B000008AE
(1790953085.747326) can0 2A3#0002DF2CFFFD59D8
(1790953085.747450) can0 2A4#00011C10FFFD63AE
(1790953085.747548) can0 2A5#000007BF000007CA
(1790953085.747675) can0 2A6#FFFFF84700000253
(1790953085.747801) can0 2A7#00005689FFFFF5D5
(1790953085.752082) can0 2A1#0100010000000000
(1790953085.752174) can0 2A2#0000D28B000008AE
(1790953085.752302) can0 2A3#0002DF2CFFFD59D8
(1790953085.752426) can0 2A4#00011C10FFFD63AE
(1790953085.752551) can0 2A5#000007BF000007CA
(1790953085.752675) can0 2A6#FFFFF84700000253
(1790953085.752802) can0 2A7#00005689FFFFF5D5
(1790953085.757082) can0 2A1#0100010000000000
(1790953085.757201) can0 2A2#0000D28B000008AE
(1790953085.757326) can0 2A3#0002DF2CFFFD59D8
(1790953085.757450) can0 2A4#00011C10FFFD63AE
(1790953085.757575) can0 2A5#000007BF000007CA
(1790953085.757676) can0 2A6#FFFFF84700000253
(1790953085.757801) can0 2A7#00005689FFFFF5D5
(1790953085.762086) can0 2A1#0100010000000000
(1790953085.762178) can0 2A2#0000D28B000008AE
(1790953085.762300) can0 2A3#0002DF2CFFFD59D8
(1790953085.762425) can0 2A4#00011C10FFFD63AE
(1790953085.762550) can0 2A5#000007BF000007CA
(1790953085.762675) can0 2A6#FFFFF84700000253
(1790953085.762800) can0 2A7#00005689FFFFF5D5
(1790953085.767088) can0 2A1#0100010000000000
(1790953085.767200) can0 2A2#0000D28B000008AE
(1790953085.767327) can0 2A3#0002DF2CFFFD59D8
(1790953085.767451) can0 2A4#00011C10FFFD63AE
(1790953085.767576) can0 2A5#000007BF000007CA
(1790953085.767676) can0 2A6#FFFFF84700000253
(1790953085.767801) can0 2A7#00005689FFFFF5D5
(1790953085.772082) can0 2A1#0100010000000000
(1790953085.772199) can0 2A2#0000D28B000008AE
(1790953085.772299) can0 2A3#0002DF2CFFFD59D8
(1790953085.772426) can0 2A4#00011C10FFFD63AE
(1790953085.772548) can0 2A5#000007BF000007CA
(1790953085.772648) can0 2A6#FFFFF84700000253
(1790953085.772775) can0 2A7#00005689FFFFF5D5
(1790953085.777108) can0 2A1#0100010000000000
(1790953085.777198) can0 2A2#0000D28B000008AE
(1790953085.777323) can0 2A3#0002DF2CFFFD59D8
(1790953085.777424) can0 2A4#00011C10FFFD63AE
(1790953085.777549) can0 2A5#000007BF000007CA
(1790953085.777674) can0 2A6#FFFFF84700000253
(1790953085.777799) can0 2A7#00005689FFFFF5D5
(1790953085.782102) can0 2A1#0100010000000000
(1790953085.782177) can0 2A2#0000D28B000008AE
(1790953085.782303) can0 2A3#0002DF2CFFFD59D8
(1790953085.782428) can0 2A4#00011C10FFFD63AE
(1790953085.782551) can0 2A5#000007BF000007CA
(1790953085.782676) can0 2A6#FFFFF84700000253
(1790953085.782775) can0 2A7#00005689FFFFF5D5
(1790953085.787083) can0 2A1#0100010000000000
(1790953085.787200) can0 2A2#0000D28B000008AE
(1790953085.787325) can0 2A3#0002DF2CFFFD59D8
(1790953085.787449) can0 2A4#00011C10FFFD63AE
(1790953085.787553) can0 2A5#000007BF000007CA
(1790953085.787677) can0 2A6#FFFFF84700000253
(1790953085.787804) can0 2A7#00005689FFFFF5D5
(1790953085.792089) can0 2A1#0100010000000000
(1790953085.792206) can0 2A2#0000D28B000008AE
(1790953085.792300) can0 2A3#0002DF2CFFFD59D8
(1790953085.792496) can0 2A4#00011C10FFFD63AE
(1790953085.792548) can0 2A5#000007BF000007CA
(1790953085.792675) can0 2A6#FFFFF84700000253
(1790953085.792782) can0 2A7#00005689FFFFF5D5
(1790953085.797089) can0 2A1#0100010000000000
(1790953085.797205) can0 2A2#0000D28B000008AE
(1790953085.797327) can0 2A3#0002DF2CFFFD59D8
(1790953085.797452) can0 2A4#00011C10FFFD63AE
(1790953085.797549) can0 2A5#000007BF000007CA
(1790953085.797674) can0 2A6#FFFFF84700000253
(1790953085.797801) can0 2A7#00005689FFFFF5D5
(1790953085.802159) can0 2A1#0100010000000000
(1790953085.802173) can0 2A2#0000D28B000008AE
(1790953085.802297) can0 2A3#0002DF2CFFFD59D8
(1790953085.802421) can0 2A4#00011C10FFFD63AE
(1790953085.802549) can0 2A5#000007BF000007CA
(1790953085.802674) can0 2A6#FFFFF84700000253
(1790953085.802798) can0 2A7#00005689FFFFF5D5
(1790953085.807076) can0 2A1#0100010000000000
(1790953085.807204) can0 2A2#0000D28B000008AE
(1790953085.807323) can0 2A3#0002DF2CFFFD59D8
(1790953085.807448) can0 2A4#00011C10FFFD63AE
(1790953085.807548) can0 2A5#000007BF000007CA
(1790953085.807673) can0 2A6#FFFFF84700000253
(1790953085.807798) can0 2A7#00005689FFFFF5D5
(1790953085.812089) can0 2A1#0100010000000000
(1790953085.812173) can0 2A2#0000D28B000008AE
(1790953085.812301) can0 2A3#0002DF2CFFFD59D8
(1790953085.812425) can0 2A4#00011C10FFFD63AE
(1790953085.812549) can0 2A5#000007BF000007CA
(1790953085.812674) can0 2A6#FFFFF84700000253
(1790953085.812799) can0 2A7#00005689FFFFF5D5
(1790953085.817079) can0 2A1#0100010000000000
(1790953085.817201) can0 2A2#0000D28B000008AE
(1790953085.817325) can0 2A3#0002DF2CFFFD59D8
(1790953085.817449) can0 2A4#00011C10FFFD63AE
(1790953085.817579) can0 2A5#000007BF000007CA
(1790953085.817672) can0 2A6#FFFFF84700000253
(1790953085.817798) can0 2A7#00005689FFFFF5D5
(1790953085.822077) can0 2A1#0100010000000000
(1790953085.822196) can0 2A2#0000D28B000008AE
(1790953085.822301) can0 2A3#0002DF2CFFFD59D8
(1790953085.822423) can0 2A4#00011C10FFFD63AE
(1790953085.822548) can0 2A5#000007BF000007CA
(1790953085.822671) can0 2A6#FFFFF84700000253
(1790953085.822798) can0 2A7#00005689FFFFF5D5
(1790953085.827104) can0 2A1#0100010000000000
(1790953085.827200) can0 2A2#0000D28B000008AE
(1790953085.827325) can0 2A3#0002DF2CFFFD59D8
(1790953085.827425) can0 2A4#00011C10FFFD63AE
(1790953085.827550) can0 2A5#000007BF000007CA
(1790953085.827675) can0 2A6#FFFFF84700000253
(1790953085.827800) can0 2A7#00005689FFFFF5D5
(1790953085.832083) can0 2A1#0100010000000000
(1790953085.832173) can0 2A2#0000D28B000008AE
(1790953085.832301) can0 2A3#0002DF2CFFFD59D8
(1790953085.832426) can0 2A4#00011C10FFFD63AE
(1790953085.832550) can0 2A5#000007BF000007CA
(1790953085.832678) can0 2A6#FFFFF84700000253
(1790953085.832775) can0 2A7#00005689FFFFF5D5
(1790953085.837098) can0 2A1#0100010000000000
(1790953085.837202) can0 2A2#0000D28B000008AE
(1790953085.837335) can0 2A3#0002DF2CFFFD59D8
(1790953085.837448) can0 2A4#00011C10FFFD63AE
(1790953085.837555) can0 2A5#000007BF000007CA
(1790953085.837675) can0 2A6#FFFFF84700000253
(1790953085.837800) can0 2A7#00005689FFFFF5D5
(1790953085.842055) can0 2A1#0100010000000000
(1790953085.842199) can0 2A2#0000D28B000008AE
(1790953085.842327) can0 2A3#0002DF2CFFFD59D8
(1790953085.842426) can0 2A4#00011C10FFFD63AE
(1790953085.842552) can0 2A5#000007BF000007CA
(1790953085.842676) can0 2A6#FFFFF84700000253
(1790953085.842776) can0 2A7#00005689FFFFF5D5
(1790953085.847088) can0 2A1#0100010000000000
(1790953085.847199) can0 2A2#0000D28B000008AE
(1790953085.847327) can0 2A3#0002DF2CFFFD59D8
(1790953085.847450) can0 2A4#00011C10FFFD63AE
(1790953085.847548) can0 2A5#000007BF000007CA
(1790953085.847675) can0 2A6#FFFFF84700000253
(1790953085.847800) can0 2A7#00005689FFFFF5D5
(1790953085.852099) can0 2A1#0100010000000000
(1790953085.852176) can0 2A2#0000D28B000008AE
(1790953085.852300) can0 2A3#0002DF2CFFFD59D8
(1790953085.852426) can0 2A4#00011C10FFFD63AE
(1790953085.852551) can0 2A5#000007BF000007CA
(1790953085.852676) can0 2A6#FFFFF84700000253
(1790953085.852802) can0 2A7#00005689FFFFF5D5
(1790953085.857113) can0 2A1#0100010000000000
(1790953085.857201) can0 2A2#0000D28B000008AE
(1790953085.857326) can0 2A3#0002DF2CFFFD59D8
(1790953085.857451) can0 2A4#00011C10FFFD63AE
(1790953085.857552) can0 2A5#000007BF000007CA
(1790953085.857676) can0 2A6#FFFFF84700000253
(1790953085.857802) can0 2A7#00005689FFFFF5D5
(1790953085.862078) can0 2A1#0100010000000000
(1790953085.862171) can0 2A2#0000D28B000008AE
(1790953085.862298) can0 2A3#0002DF2CFFFD59D8
(1790953085.862423) can0 2A4#00011C10FFFD63AE
(1790953085.862548) can0 2A5#000007BF000007CA
(1790953085.862673) can0 2A6#FFFFF84700000253
(1790953085.862798) can0 2A7#00005689FFFFF5D5
(1790953085.867092) can0 2A1#0100010000000000
(1790953085.867201) can0 2A2#0000D28B000008AE
(1790953085.867323) can0 2A3#0002DF2CFFFD59D8
(1790953085.867448) can0 2A4#00011C10FFFD63AE
(1790953085.867548) can0 2A5#000007BF000007CA
(1790953085.867673) can0 2A6#FFFFF84700000253
(1790953085.867798) can0 2A7#00005689FFFFF5D5
(1790953085.872085) can0 2A1#0100010000000000
(1790953085.872174) can0 2A2#0000D28B000008AE
(1790953085.872298) can0 2A3#0002DF2CFFFD59D8
(1790953085.872422) can0 2A4#00011C10FFFD63AE
(1790953085.872547) can0 2A5#000007BF000007CA
(1790953085.872672) can0 2A6#FFFFF84700000253
(1790953085.872772) can0 2A7#00005689FFFFF5D5
(1790953085.877077) can0 2A1#0100010000000000
(1790953085.877198) can0 2A2#0000D28B000008AE
(1790953085.877322) can0 2A3#0002DF2CFFFD59D8
(1790953085.877447) can0 2A4#00011C10FFFD63AE
(1790953085.877547) can0 2A5#000007BF000007CA
(1790953085.877674) can0 2A6#FFFFF84700000253
(1790953085.877797) can0 2A7#00005689FFFFF5D5
(1790953085.882077) can0 2A1#0100010000000000
(1790953085.882199) can0 2A2#0000D28B000008AE
(1790953085.882299) can0 2A3#0002DF2CFFFD59D8
(1790953085.882424) can0 2A4#00011C10FFFD63AE
(1790953085.882549) can0 2A5#000007BF000007CA
(1790953085.882673) can0 2A6#FFFFF84700000253
(1790953085.882799) can0 2A7#00005689FFFFF5D5
(1790953085.887087) can0 2A1#0100010000000000
(1790953085.887198) can0 2A2#0000D28B000008AE
(1790953085.887297) can0 2A3#0002DF2CFFFD59D8
(1790953085.887447) can0 2A4#00011C10FFFD63AE
(1790953085.887571) can0 2A5#000007BF000007CA
(1790953085.887672) can0 2A6#FFFFF84700000253
(1790953085.887799) can0 2A7#00005689FFFFF5D5
(1790953085.892076) can0 2A1#0100010000000000
(1790953085.892198) can0 2A2#0000D28B000008AE
(1790953085.892297) can0 2A3#0002DF2CFFFD59D8
(1790953085.892422) can0 2A4#00011C10FFFD63AE
(1790953085.892547) can0 2A5#000007BF000007CA
(1790953085.892672) can0 2A6#FFFFF84700000253
(1790953085.892797) can0 2A7#00005689FFFFF5D5
(1790953085.897079) can0 2A1#0100010000000000
(1790953085.897197) can0 2A2#0000D28B000008AE
(1790953085.897322) can0 2A3#0002DF2CFFFD59D8
(1790953085.897422) can0 2A4#00011C10FFFD63AE
(1790953085.897572) can0 2A5#000007BF000007CA
(1790953085.897672) can0 2A6#FFFFF84700000253
(1790953085.897797) can0 2A7#00005689FFFFF5D5
(1790953085.902086) can0 2A1#0100010000000000
(1790953085.902200) can0 2A2#0000D28B000008AE
(1790953085.902323) can0 2A3#0002DF2CFFFD59D8
(1790953085.902424) can0 2A4#00011C10FFFD63AE
(1790953085.902549) can0 2A5#000007BF000007CA
(1790953085.902675) can0 2A6#FFFFF84700000253
(1790953085.902773) can0 2A7#00005689FFFFF5D5
(1790953085.907116) can0 2A1#0100010000000000
(1790953085.907198) can0 2A2#0000D28B000008AE
(1790953085.907323) can0 2A3#0002DF2CFFFD59D8
(1790953085.907450) can0 2A4#00011C10FFFD63AE
(1790953085.907546) can0 2A5#000007BF000007CA
(1790953085.907672) can0 2A6#FFFFF84700000253
(1790953085.907799) can0 2A7#00005689FFFFF5D5
(1790953085.912076) can0 2A1#0100010000000000
(1790953085.912198) can0 2A2#0000D28B000008AE
(1790953085.912323) can0 2A3#0002DF2CFFFD59D8
(1790953085.912423) can0 2A4#00011C10FFFD63AE
(1790953085.912548) can0 2A5#000007BF000007CA
(1790953085.912672) can0 2A6#FFFFF84700000253
(1790953085.912771) can0 2A7#00005689FFFFF5D5
(1790953085.917080) can0 2A1#0100010000000000
(1790953085.917198) can0 2A2#0000D28B000008AE
(1790953085.917323) can0 2A3#0002DF2CFFFD59D8
(1790953085.917448) can0 2A4#00011C10FFFD63AE
(1790953085.917547) can0 2A5#000007BF000007CA
(1790953085.917673) can0 2A6#FFFFF84700000253
(1790953085.917798) can0 2A7#00005689FFFFF5D5
(1790953085.922081) can0 2A1#0100010000000000
(1790953085.922177) can0 2A2#0000D28B000008AE
(1790953085.922301) can0 2A3#0002DF2CFFFD59D8
(1790953085.922425) can0 2A4#00011C10FFFD63AE
(1790953085.922549) can0 2A5#000007BF000007CA
(1790953085.922674) can0 2A6#FFFFF84700000253
(1790953085.922773) can0 2A7#00005689FFFFF5D5
(1790953085.927080) can0 2A1#0100010000000000
(1790953085.927200) can0 2A2#0000D28B000008AE
(1790953085.927325) can0 2A3#0002DF2CFFFD59D8
(1790953085.927450) can0 2A4#00011C10FFFD63AE
(1790953085.927550) can0 2A5#000007BF000007CA
(1790953085.927674) can0 2A6#FFFFF84700000253
(1790953085.927800) can0 2A7#00005689FFFFF5D5
(1790953085.932086) can0 2A1#0100010000000000
(1790953085.932201) can0 2A2#0000D28B000008AE
(1790953085.932301) can0 2A3#0002DF2CFFFD59D8
(1790953085.932426) can0 2A4#00011C10FFFD63AE
(1790953085.932551) can0 2A5#000007BF000007CA
(1790953085.932678) can0 2A6#FFFFF84700000253
(1790953085.932800) can0 2A7#00005689FFFFF5D5
(1790953085.937107) can0 2A1#0100010000000000
(1790953085.937199) can0 2A2#0000D28B000008AE
(1790953085.937299) can0 2A3#0002DF2CFFFD59D8
(1790953085.937448) can0 2A4#00011C10FFFD63AE
(1790953085.937572) can0 2A5#000007BF000007CA
(1790953085.937673) can0 2A6#FFFFF84700000253
(1790953085.937800) can0 2A7#00005689FFFFF5D5
(1790953085.942077) can0 2A1#0100010000000000
(1790953085.942196) can0 2A2#0000D28B000008AE
(1790953085.942296) can0 2A3#0002DF2CFFFD59D8
(1790953085.942420) can0 2A4#00011C10FFFD63AE
(1790953085.942549) can0 2A5#000007BF000007CA
(1790953085.942675) can0 2A6#FFFFF84700000253
(1790953085.942797) can0 2A7#00005689FFFFF5D5
(1790953085.947076) can0 2A1#0100010000000000
(1790953085.947197) can0 2A2#0000D28B000008AE
(1790953085.947323) can0 2A3#0002DF2CFFFD59D8
(1790953085.947423) can0 2A4#00011C10FFFD63AE
(1790953085.947573) can0 2A5#000007BF000007CA
(1790953085.947673) can0 2A6#FFFFF84700000253
(1790953085.947798) can0 2A7#00005689FFFFF5D5
(1790953085.952096) can0 2A1#0100010000000000
(1790953085.952202) can0 2A2#0000D28B000008AE
(1790953085.952298) can0 2A3#0002DF2CFFFD59D8
(1790953085.952427) can0 2A4#00011C10FFFD63AE
(1790953085.952548) can0 2A5#000007BF000007CA
(1790953085.952648) can0 2A6#FFFFF84700000253
(1790953085.952801) can0 2A7#00005689FFFFF5D5
(1790953085.957081) can0 2A1#0100010000000000
(1790953085.957197) can0 2A2#0000D28B000008AE
(1790953085.957325) can0 2A3#0002DF2CFFFD59D8
(1790953085.957424) can0 2A4#00011C10FFFD63AE
(1790953085.957575) can0 2A5#000007BF000007CA
(1790953085.957672) can0 2A6#FFFFF84700000253
(1790953085.957797) can0 2A7#00005689FFFFF5D5
(1790953085.962074) can0 2A1#0100010000000000
(1790953085.962197) can0 2A2#0000D28B000008AE
(1790953085.962322) can0 2A3#0002DF2CFFFD59D8
(1790953085.962422) can0 2A4#00011C10FFFD63AE
(1790953085.962547) can0 2A5#000007BF000007CA
(1790953085.962672) can0 2A6#FFFFF84700000253
(1790953085.962797) can0 2A7#00005689FFFFF5D5
(1790953085.967116) can0 2A1#0100010000000000
(1790953085.967203) can0 2A2#0000D28B000008AE
(1790953085.967325) can0 2A3#0002DF2CFFFD59D8
(1790953085.967426) can0 2A4#00011C10FFFD63AE
(1790953085.967550) can0 2A5#000007BF000007CA
(1790953085.967701) can0 2A6#FFFFF84700000253
(1790953085.967800) can0 2A7#00005689FFFFF5D5
(1790953085.972102) can0 2A1#0100010000000000
(1790953085.972171) can0 2A2#0000D28B000008AE
(1790953085.972335) can0 2A3#0002DF2CFFFD59D8
(1790953085.972423) can0 2A4#00011C10FFFD63AE
(1790953085.972547) can0 2A5#000007BF000007CA
(1790953085.972671) can0 2A6#FFFFF84700000253
(1790953085.972772) can0 2A7#00005689FFFFF5D5
(1790953085.977096) can0 2A1#0100010000000000
(1790953085.977198) can0 2A2#0000D28B000008AE
(1790953085.977321) can0 2A3#0002DF2CFFFD59D8
(1790953085.977446) can0 2A4#00011C10FFFD63AE
(1790953085.977546) can0 2A5#000007BF000007CA
(1790953085.977672) can0 2A6#FFFFF84700000253
(1790953085.977796) can0 2A7#00005689FFFFF5D5
(1790953085.982084) can0 2A1#0100010000000000
(1790953085.982200) can0 2A2#0000D28B000008AE
(1790953085.982298) can0 2A3#0002DF2CFFFD59D8
(1790953085.982423) can0 2A4#00011C10FFFD63AE
(1790953085.982547) can0 2A5#000007BF000007CA
(1790953085.982671) can0 2A6#FFFFF84700000253
(1790953085.982799) can0 2A7#00005689FFFFF5D5
(1790953085.987086) can0 2A1#0100010000000000
(1790953085.987199) can0 2A2#0000D28B000008AE
(1790953085.987322) can0 2A3#0002DF2CFFFD59D8
(1790953085.987422) can0 2A4#00011C10FFFD63AE
(1790953085.987571) can0 2A5#000007BF000007CA
(1790953085.987672) can0 2A6#FFFFF84700000253
(1790953085.987797) can0 2A7#00005689FFFFF5D5
(1790953085.992082) can0 2A1#0100010000000000
(1790953085.992200) can0 2A2#0000D28B000008AE
(1790953085.992299) can0 2A3#0002DF2CFFFD59D8
(1790953085.992424) can0 2A4#00011C10FFFD63AE
(1790953085.992549) can0 2A5#000007BF000007CA
(1790953085.992674) can0 2A6#FFFFF84700000253
(1790953085.992798) can0 2A7#00005689FFFFF5D5
(1790953085.997086) can0 2A1#0100010000000000
(1790953085.997196) can0 2A2#0000D28B000008AE
(1790953085.997298) can0 2A3#0002DF2CFFFD59D8
(1790953085.997447) can0 2A4#00011C10FFFD63AE
(1790953085.997573) can0 2A5#000007BF000007CA
(1790953085.997671) can0 2A6#FFFFF84700000253
(1790953085.997799) can0 2A7#00005689FFFFF5D5
(1790953086.002089) can0 2A1#0100010000000000
(1790953086.002199) can0 2A2#0000D28B000008AE
(1790953086.002323) can0 2A3#0002DF2CFFFD59D8
(1790953086.002421) can0 2A4#00011C10FFFD63AE
(1790953086.002547) can0 2A5#000007BF000007CA
(1790953086.002647) can0 2A6#FFFFF84700000253
(1790953086.002797) can0 2A7#00005689FFFFF5D5
(1790953086.007118) can0 2A1#0100010000000000
(1790953086.007200) can0 2A2#0000D28B000008AE
(1790953086.007322) can0 2A3#0002DF2CFFFD59D8
(1790953086.007447) can0 2A4#00011C10FFFD63AE
(1790953086.007547) can0 2A5#000007BF000007CA
(1790953086.007672) can0 2A6#FFFFF84700000253
(1790953086.007797) can0 2A7#00005689FFFFF5D5
(1790953086.012080) can0 2A1#0100010000000000
(1790953086.012197) can0 2A2#0000D28B000008AE
(1790953086.012323) can0 2A3#0002DF2CFFFD59D8
(1790953086.012423) can0 2A4#00011C10FFFD63AE
(1790953086.012549) can0 2A5#000007BF000007CA
(1790953086.012648) can0 2A6#FFFFF84700000253
(1790953086.012799) can0 2A7#00005689FFFFF5D5
(1790953086.017112) can0 2A1#0100010000000000
(1790953086.017197) can0 2A2#0000D28B000008AE
(1790953086.017323) can0 2A3#0002DF2CFFFD59D8
(1790953086.017448) can0 2A4#00011C10FFFD63AE
(1790953086.017548) can0 2A5#000007BF000007CA
(1790953086.017671) can0 2A6#FFFFF84700000253
(1790953086.017798) can0 2A7#00005689FFFFF5D5
(1790953086.022079) can0 2A1#0100010000000000
(1790953086.022175) can0 2A2#0000D28B000008AE
(1790953086.022300) can0 2A3#0002DF2CFFFD59D8
(1790953086.022425) can0 2A4#00011C10FFFD63AE
(1790953086.022549) can0 2A5#000007BF000007CA
(1790953086.022675) can0 2A6#FFFFF84700000253
(1790953086.022800) can0 2A7#00005689FFFFF5D5
(1790953086.027079) can0 2A1#0100010000000000
(1790953086.027198) can0 2A2#0000D28B000008AE
(1790953086.027325) can0 2A3#0002DF2CFFFD59D8
(1790953086.027449) can0 2A4#00011C10FFFD63AE
(1790953086.027551) can0 2A5#000007BF000007CA
(1790953086.027675) can0 2A6#FFFFF84700000253
(1790953086.027801) can0 2A7#00005689FFFFF5D5
(1790953086.032084) can0 2A1#0100010000000000
(1790953086.032203) can0 2A2#0000D28B000008AE
(1790953086.032302) can0 2A3#0002DF2CFFFD59D8
(1790953086.032425) can0 2A4#00011C10FFFD63AE
(1790953086.032550) can0 2A5#000007BF000007CA
(1790953086.032675) can0 2A6#FFFFF84700000253
(1790953086.032801) can0 2A7#00005689FFFFF5D5
(1790953086.037106) can0 2A1#0100010000000000
(1790953086.037204) can0 2A2#0000D28B000008AE
(1790953086.037328) can0 2A3#0002DF2CFFFD59D8
(1790953086.037425) can0 2A4#00011C10FFFD63AE
(1790953086.037577) can0 2A5#000007BF000007CA
(1790953086.037676) can0 2A6#FFFFF84700000253
(1790953086.037801) can0 2A7#00005689FFFFF5D5
(1790953086.042079) can0 2A1#0100010000000000
(1790953086.042199) can0 2A2#0000D28B000008AE
(1790953086.042297) can0 2A3#0002DF2CFFFD59D8
(1790953086.042421) can0 2A4#00011C10FFFD63AE
(1790953086.042547) can0 2A5#000007BF000007CA
(1790953086.042673) can0 2A6#FFFFF84700000253
(1790953086.042796) can0 2A7#00005689FFFFF5D5
(1790953086.047082) can0 2A1#0100010000000000
(1790953086.047196) can0 2A2#0000D28B000008AE
(1790953086.047321) can0 2A3#0002DF2CFFFD59D8
(1790953086.047448) can0 2A4#00011C10FFFD63AE
(1790953086.047571) can0 2A5#000007BF000007CA
(1790953086.047671) can0 2A6#FFFFF84700000253
(1790953086.047802) can0 2A7#00005689FFFFF5D5
(1790953086.052098) can0 2A1#0100010000000000
(1790953086.052199) can0 2A2#0000D28B000008AE
(1790953086.052323) can0 2A3#0002DF2CFFFD59D8
(1790953086.052422) can0 2A4#00011C10FFFD63AE
(1790953086.052547) can0 2A5#000007BF000007CA
(1790953086.052647) can0 2A6#FFFFF84700000253
(1790953086.052797) can0 2A7#00005689FFFFF5D5
(1790953086.057103) can0 2A1#0100010000000000
(1790953086.057203) can0 2A2#0000D28B000008AE
(1790953086.057323) can0 2A3#0002DF2CFFFD59D8
(1790953086.057447) can0 2A4#00011C10FFFD63AE
(1790953086.057546) can0 2A5#000007BF000007CA
(1790953086.057674) can0 2A6#FFFFF84700000253
(1790953086.057799) can0 2A7#00005689FFFFF5D5
(1790953086.062077) can0 2A1#0100010000000000
(1790953086.062199) can0 2A2#0000D28B000008AE
(1790953086.062323) can0 2A3#0002DF2CFFFD59D8
(1790953086.062425) can0 2A4#00011C10FFFD63AE
(1790953086.062548) can0 2A5#000007BF000007CA
(1790953086.062673) can0 2A6#FFFFF84700000253
(1790953086.062775) can0 2A7#00005689FFFFF5D5
(1790953086.067111) can0 2A1#0100010000000000
(1790953086.067199) can0 2A2#0000D28B000008AE
(1790953086.067325) can0 2A3#0002DF2CFFFD59D8
(1790953086.067451) can0 2A4#00011C10FFFD63AE
(1790953086.067551) can0 2A5#000007BF000007CA
(1790953086.067676) can0 2A6#FFFFF84700000253
(1790953086.067800) can0 2A7#00005689FFFFF5D5
(1790953086.072079) can0 2A1#0100010000000000
(1790953086.072200) can0 2A2#0000D28B000008AE
(1790953086.072301) can0 2A3#0002DF2CFFFD59D8
(1790953086.072425) can0 2A4#00011C10FFFD63AE
(1790953086.072550) can0 2A5#000007BF000007CA
(1790953086.072675) can0 2A6#FFFFF84700000253
(1790953086.072799) can0 2A7#00005689FFFFF5D5
(1790953086.077082) can0 2A1#0100010000000000
(1790953086.077198) can0 2A2#0000D28B000008AE
(1790953086.077326) can0 2A3#0002DF2CFFFD59D8
(1790953086.077451) can0 2A4#00011C10FFFD63AE
(1790953086.077576) can0 2A5#000007BF000007CA
(1790953086.077676) can0 2A6#FFFFF84700000253
(1790953086.077800) can0 2A7#00005689FFFFF5D5
(1790953086.082080) can0 2A1#0100010000000000
(1790953086.082204) can0 2A2#0000D28B000008AE
(1790953086.082323) can0 2A3#0002DF2CFFFD59D8
(1790953086.082425) can0 2A4#00011C10FFFD63AE
(1790953086.082551) can0 2A5#000007BF000007CA
(1790953086.082675) can0 2A6#FFFFF84700000253
(1790953086.082800) can0 2A7#00005689FFFFF5D5
(1790953086.087093) can0 2A1#0100010000000000
(1790953086.087200) can0 2A2#0000D28B000008AE
(1790953086.087327) can0 2A3#0002DF2CFFFD59D8
(1790953086.087451) can0 2A4#00011C10FFFD63AE
(1790953086.087576) can0 2A5#000007BF000007CA
(1790953086.087676) can0 2A6#FFFFF84700000253
(1790953086.087799) can0 2A7#00005689FFFFF5D5
(1790953086.092080) can0 2A1#0100010000000000
(1790953086.092197) can0 2A2#0000D28B000008AE
(1790953086.092297) can0 2A3#0002DF2CFFFD59D8
(1790953086.092421) can0 2A4#00011C10FFFD63AE
(1790953086.092546) can0 2A5#000007BF000007CA
(1790953086.092671) can0 2A6#FFFFF84700000253
(1790953086.092796) can0 2A7#00005689FFFFF5D5
(1790953086.097077) can0 2A1#0100010000000000
(1790953086.097197) can0 2A2#0000D28B000008AE
(1790953086.097322) can0 2A3#0002DF2CFFFD59D8
(1790953086.097446) can0 2A4#00011C10FFFD63AE
(1790953086.097546) can0 2A5#000007BF000007CA
(1790953086.097671) can0 2A6#FFFFF84700000253
(1790953086.097796) can0 2A7#00005689FFFFF5D5
(1790953086.102083) can0 2A1#0100010000000000
(1790953086.102174) can0 2A2#0000D28B000008AE
(1790953086.102299) can0 2A3#0002DF2CFFFD59D8
(1790953086.102423) can0 2A4#00011C10FFFD63AE
(1790953086.102549) can0 2A5#000007BF000007CA
(1790953086.102673) can0 2A6#FFFFF84700000253
(1790953086.102773) can0 2A7#00005689FFFFF5D5
(1790953086.107077) can0 2A1#0100010000000000
(1790953086.107196) can0 2A2#0000D28B000008AE
(1790953086.107321) can0 2A3#0002DF2CFFFD59D8
(1790953086.107446) can0 2A4#00011C10FFFD63AE
(1790953086.107546) can0 2A5#000007BF000007CA
(1790953086.107671) can0 2A6#FFFFF84700000253
(1790953086.107796) can0 2A7#00005689FFFFF5D5
(1790953086.112073) can0 2A1#0100010000000000
(1790953086.112200) can0 2A2#0000D28B000008AE
(1790953086.112323) can0 2A3#0002DF2CFFFD59D8
(1790953086.112423) can0 2A4#00011C10FFFD63AE
(1790953086.112548) can0 2A5#000007BF000007CA
(1790953086.112675) can0 2A6#FFFFF84700000253
(1790953086.112773) can0 2A7#00005689FFFFF5D5
(1790953086.117076) can0 2A1#0100010000000000
(1790953086.117198) can0 2A2#0000D28B000008AE
(1790953086.117323) can0 2A3#0002DF2CFFFD59D8
(1790953086.117450) can0 2A4#00011C10FFFD63AE
(1790953086.117548) can0 2A5#000007BF000007CA
(1790953086.117673) can0 2A6#FFFFF84700000253
(1790953086.117798) can0 2A7#00005689FFFFF5D5
(1790953086.122080) can0 2A1#0100010000000000
(1790953086.122177) can0 2A2#0000D28B000008AE
(1790953086.122298) can0 2A3#0002DF2CFFFD59D8
(1790953086.122424) can0 2A4#00011C10FFFD63AE
(1790953086.122548) can0 2A5#000007BF000007CA
(1790953086.122673) can0 2A6#FFFFF84700000253
(1790953086.122799) can0 2A7#00005689FFFFF5D5
(1790953086.127086) can0 2A1#0100010000000000
(1790953086.127198) can0 2A2#0000D28B000008AE
(1790953086.127324) can0 2A3#0002DF2CFFFD59D8
(1790953086.127448) can0 2A4#00011C10FFFD63AE
(1790953086.127574) can0 2A5#000007BF000007CA
(1790953086.127678) can0 2A6#FFFFF84700000253
(1790953086.127798) can0 2A7#00005689FFFFF5D5
(1790953086.132079) can0 2A1#0100010000000000
(1790953086.132199) can0 2A2#0000D28B000008AE
(1790953086.132326) can0 2A3#0002DF2CFFFD59D8
(1790953086.132425) can0 2A4#00011C10FFFD63AE
(1790953086.132549) can0 2A5#000007BF000007CA
(1790953086.132675) can0 2A6#FFFFF84700000253
(1790953086.132775) can0 2A7#00005689FFFFF5D5
(1790953086.137111) can0 2A1#0100010000000000
(1790953086.137207) can0 2A2#0000D28B000008AE
(1790953086.137324) can0 2A3#0002DF2CFFFD59D8
(1790953086.137449) can0 2A4#00011C10FFFD63AE
(1790953086.137548) can0 2A5#000007BF000007CA
(1790953086.137673) can0 2A6#FFFFF84700000253
(1790953086.137798) can0 2A7#00005689FFFFF5D5
(1790953086.142072) can0 2A1#0100010000000000
(1790953086.142199) can0 2A2#0000D28B000008AE
(1790953086.142322) can0 2A3#0002DF2CFFFD59D8
(1790953086.142422) can0 2A4#00011C10FFFD63AE
(1790953086.142546) can0 2A5#000007BF000007CA
(1790953086.142671) can0 2A6#FFFFF84700000253
(1790953086.142771) can0 2A7#00005689FFFFF5D5
(1790953086.147079) can0 2A1#0100010000000000
(1790953086.147196) can0 2A2#0000D28B000008AE
(1790953086.147326) can0 2A3#0002DF2CFFFD59D8
(1790953086.147448) can0 2A4#00011C10FFFD63AE
(1790953086.147546) can0 2A5#000007BF000007CA
(1790953086.147672) can0 2A6#FFFFF84700000253
(1790953086.147796) can0 2A7#00005689FFFFF5D5
(1790953086.152073) can0 2A1#0100010000000000
(1790953086.152171) can0 2A2#0000D28B000008AE
(1790953086.152328) can0 2A3#0002DF2CFFFD59D8
(1790953086.152422) can0 2A4#00011C10FFFD63AE
(1790953086.152547) can0 2A5#000007BF000007CA
(1790953086.152672) can0 2A6#FFFFF84700000253
(1790953086.152779) can0 2A7#00005689FFFFF5D5
(1790953086.157075) can0 2A1#0100010000000000
(1790953086.157197) can0 2A2#0000D28B000008AE
(1790953086.157323) can0 2A3#0002DF2CFFFD59D8
(1790953086.157447) can0 2A4#00011C10FFFD63AE
(1790953086.157546) can0 2A5#000007BF000007CA
(1790953086.157672) can0 2A6#FFFFF84700000253
(1790953086.157797) can0 2A7#00005689FFFFF5D5
(1790953086.162076) can0 2A1#0100010000000000
(1790953086.162196) can0 2A2#0000D28B000008AE
(1790953086.162323) can0 2A3#0002DF2CFFFD59D8
(1790953086.162422) can0 2A4#00011C10FFFD63AE
(1790953086.162546) can0 2A5#000007BF000007CA
(1790953086.162671) can0 2A6#FFFFF84700000253
(1790953086.162796) can0 2A7#00005689FFFFF5D5
(1790953086.167079) can0 2A1#0100010000000000
(1790953086.167202) can0 2A2#0000D28B000008AE
(1790953086.167325) can0 2A3#0002DF2CFFFD59D8
(1790953086.167450) can0 2A4#00011C10FFFD63AE
(1790953086.167550) can0 2A5#000007BF000007CA
(1790953086.167675) can0 2A6#FFFFF84700000253
(1790953086.167800) can0 2A7#00005689FFFFF5D5
(1790953086.172076) can0 2A1#0100010000000000
(1790953086.172198) can0 2A2#0000D28B000008AE
(1790953086.172298) can0 2A3#0002DF2CFFFD59D8
(1790953086.172423) can0 2A4#00011C10FFFD63AE
(1790953086.172548) can0 2A5#000007BF000007CA
(1790953086.172673) can0 2A6#FFFFF84700000253
(1790953086.172798) can0 2A7#00005689FFFFF5D5
(1790953086.177071) can0 2A1#0100010000000000
(1790953086.177196) can0 2A2#0000D28B000008AE
(1790953086.177321) can0 2A3#0002DF2CFFFD59D8
(1790953086.177446) can0 2A4#00011C10FFFD63AE
(1790953086.177571) can0 2A5#000007BF000007CA
(1790953086.177671) can0 2A6#FFFFF84700000253
(1790953086.177796) can0 2A7#00005689FFFFF5D5
(1790953086.182079) can0 2A1#0100010000000000
(1790953086.182198) can0 2A2#0000D28B000008AE
(1790953086.182324) can0 2A3#0002DF2CFFFD59D8
(1790953086.182423) can0 2A4#00011C10FFFD63AE
(1790953086.182548) can0 2A5#000007BF000007CA
(1790953086.182673) can0 2A6#FFFFF84700000253
(1790953086.182774) can0 2A7#00005689FFFFF5D5
(1790953086.187098) can0 2A1#0100010000000000
(1790953086.187201) can0 2A2#0000D28B000008AE
(1790953086.187323) can0 2A3#0002DF2CFFFD59D8
(1790953086.187448) can0 2A4#00011C10FFFD63AE
(1790953086.187548) can0 2A5#000007BF000007CA
(1790953086.187678) can0 2A6#FFFFF84700000253
(1790953086.187798) can0 2A7#00005689FFFFF5D5
(1790953086.192079) can0 2A1#0100010000000000
(1790953086.192196) can0 2A2#0000D28B000008AE
(1790953086.192321) can0 2A3#0002DF2CFFFD59D8
(1790953086.192421) can0 2A4#00011C10FFFD63AE
(1790953086.192546) can0 2A5#000007BF000007CA
(1790953086.192671) can0 2A6#FFFFF84700000253
(1790953086.192796) can0 2A7#00005689FFFFF5D5
(1790953086.197080) can0 2A1#0100010000000000
(1790953086.197198) can0 2A2#0000D28B000008AE
(1790953086.197324) can0 2A3#0002DF2CFFFD59D8
(1790953086.197448) can0 2A4#00011C10FFFD63AE
(1790953086.197548) can0 2A5#000007BF000007CA
(1790953086.197673) can0 2A6#FFFFF84700000253
(1790953086.197798) can0 2A7#00005689FFFFF5D5
(1790953086.202088) can0 2A1#0100010000000000
(1790953086.202176) can0 2A2#0000D28B000008AE
(1790953086.202324) can0 2A3#0002DF2CFFFD59D8
(1790953086.202423) can0 2A4#00011C10FFFD63AE
(1790953086.202554) can0 2A5#000007BF000007CA
(1790953086.202673) can0 2A6#FFFFF84700000253
(1790953086.202798) can0 2A7#00005689FFFFF5D5
(1790953086.207081) can0 2A1#0100010000000000
(1790953086.207198) can0 2A2#0000D28B000008AE
(1790953086.207323) can0 2A3#0002DF2CFFFD59D8
(1790953086.207448) can0 2A4#00011C10FFFD63AE
(1790953086.207573) can0 2A5#000007BF000007CA
(1790953086.207673) can0 2A6#FFFFF84700000253
(1790953086.207798) can0 2A7#00005689FFFFF5D5
(1790953086.212077) can0 2A1#0100010000000000
(1790953086.212197) can0 2A2#0000D28B000008AE
(1790953086.212296) can0 2A3#0002DF2CFFFD59D8
(1790953086.212423) can0 2A4#00011C10FFFD63AE
(1790953086.212546) can0 2A5#000007BF000007CA
(1790953086.212673) can0 2A6#FFFFF84700000253
(1790953086.212799) can0 2A7#00005689FFFFF5D5
(1790953086.217088) can0 2A1#0100010000000000
(1790953086.217199) can0 2A2#0000D28B000008AE
(1790953086.217323) can0 2A3#0002DF2CFFFD59D8
(1790953086.217448) can0 2A4#00011C10FFFD63AE
(1790953086.217573) can0 2A5#000007BF000007CA
(1790953086.217673) can0 2A6#FFFFF84700000253
(1790953086.217798) can0 2A7#00005689FFFFF5D5
(1790953086.222082) can0 2A1#0100010000000000
(1790953086.222199) can0 2A2#0000D28B000008AE
(1790953086.222323) can0 2A3#0002DF2CFFFD59D8
(1790953086.222421) can0 2A4#00011C10FFFD63AE
(1790953086.222547) can0 2A5#000007BF000007CA
(1790953086.222671) can0 2A6#FFFFF84700000253
(1790953086.222772) can0 2A7#00005689FFFFF5D5
(1790953086.227112) can0 2A1#0100010000000000
(1790953086.227202) can0 2A2#0000D28B000008AE
(1790953086.227322) can0 2A3#0002DF2CFFFD59D8
(1790953086.227446) can0 2A4#00011C10FFFD63AE
(1790953086.227546) can0 2A5#000007BF000007CA
(1790953086.227671) can0 2A6#FFFFF84700000253
(1790953086.227796) can0 2A7#00005689FFFFF5D5
(1790953086.232081) can0 2A1#0100010000000000
(1790953086.232197) can0 2A2#0000D28B000008AE
(1790953086.232299) can0 2A3#0002DF2CFFFD59D8
(1790953086.232423) can0 2A4#00011C10FFFD63AE
(1790953086.232548) can0 2A5#000007BF000007CA
(1790953086.232671) can0 2A6#FFFFF84700000253
(1790953086.232798) can0 2A7#00005689FFFFF5D5
(1790953086.237084) can0 2A1#0100010000000000
(1790953086.237197) can0 2A2#0000D28B000008AE
(1790953086.237324) can0 2A3#0002DF2CFFFD59D8
(1790953086.237449) can0 2A4#00011C10FFFD63AE
(1790953086.237547) can0 2A5#000007BF000007CA
(1790953086.237674) can0 2A6#FFFFF84700000253
(1790953086.237799) can0 2A7#00005689FFFFF5D5
(1790953086.242079) can0 2A1#0100010000000000
(1790953086.242197) can0 2A2#0000D28B000008AE
(1790953086.242324) can0 2A3#0002DF2CFFFD59D8
(1790953086.242424) can0 2A4#00011C10FFFD63AE
(1790953086.242548) can0 2A5#000007BF000007CA
(1790953086.242674) can0 2A6#FFFFF84700000253
(1790953086.242799) can0 2A7#00005689FFFFF5D5
(1790953086.247075) can0 2A1#0100010000000000
(1790953086.247197) can0 2A2#0000D28B000008AE
(1790953086.247324) can0 2A3#0002DF2CFFFD59D8
(1790953086.247449) can0 2A4#00011C10FFFD63AE
(1790953086.247574) can0 2A5#000007BF000007CA
(1790953086.247674) can0 2A6#FFFFF84700000253
(1790953086.247799) can0 2A7#00005689FFFFF5D5
(1790953086.252076) can0 2A1#0100010000000000
(1790953086.252197) can0 2A2#0000D28B000008AE
(1790953086.252297) can0 2A3#0002DF2CFFFD59D8
(1790953086.252423) can0 2A4#00011C10FFFD63AE
(1790953086.252546) can0 2A5#000007BF000007CA
(1790953086.252671) can0 2A6#FFFFF84700000253
(1790953086.252797) can0 2A7#00005689FFFFF5D5
(1790953086.257076) can0 2A1#0100010000000000
(1790953086.257199) can0 2A2#0000D28B000008AE
(1790953086.257321) can0 2A3#0002DF2CFFFD59D8
(1790953086.257446) can0 2A4#00011C10FFFD63AE
(1790953086.257571) can0 2A5#000007BF000007CA
(1790953086.257671) can0 2A6#FFFFF84700000253
(1790953086.257796) can0 2A7#00005689FFFFF5D5
(1790953086.262076) can0 2A1#0100010000000000
(1790953086.262198) can0 2A2#0000D28B000008AE
(1790953086.262300) can0 2A3#0002DF2CFFFD59D8
(1790953086.262423) can0 2A4#00011C10FFFD63AE
(1790953086.262550) can0 2A5#000007BF000007CA
(1790953086.262673) can0 2A6#FFFFF84700000253
(1790953086.262798) can0 2A7#00005689FFFFF5D5
(1790953086.267077) can0 2A1#0100010000000000
(1790953086.267198) can0 2A2#0000D28B000008AE
(1790953086.267323) can0 2A3#0002DF2CFFFD59D8
(1790953086.267450) can0 2A4#00011C10FFFD63AE
(1790953086.267573) can0 2A5#000007BF000007CA
(1790953086.267673) can0 2A6#FFFFF84700000253
(1790953086.267798) can0 2A7#00005689FFFFF5D5
(1790953086.272077) can0 2A1#0100010000000000
(1790953086.272198) can0 2A2#0000D28B000008AE
(1790953086.272323) can0 2A3#0002DF2CFFFD59D8
(1790953086.272423) can0 2A4#00011C10FFFD63AE
(1790953086.272550) can0 2A5#000007BF000007CA
(1790953086.272673) can0 2A6#FFFFF84700000253
(1790953086.272798) can0 2A7#00005689FFFFF5D5
(1790953086.277102) can0 2A1#0100010000000000
(1790953086.277201) can0 2A2#0000D28B000008AE
(1790953086.277323) can0 2A3#0002DF2CFFFD59D8
(1790953086.277448) can0 2A4#00011C10FFFD63AE
(1790953086.277548) can0 2A5#000007BF000007CA
(1790953086.277673) can0 2A6#FFFFF84700000253
(1790953086.277798) can0 2A7#00005689FFFFF5D5
(1790953086.282075) can0 2A1#0100010000000000
(1790953086.282198) can0 2A2#0000D28B000008AE
(1790953086.282299) can0 2A3#0002DF2CFFFD59D8
(1790953086.282422) can0 2A4#00011C10FFFD63AE
(1790953086.282554) can0 2A5#000007BF000007CA
(1790953086.282675) can0 2A6#FFFFF84700000253
(1790953086.282800) can0 2A7#00005689FFFFF5D5
(1790953086.287082) can0 2A1#0100010000000000
(1790953086.287198) can0 2A2#0000D28B000008AE
(1790953086.287323) can0 2A3#0002DF2CFFFD59D8
(1790953086.287448) can0 2A4#00011C10FFFD63AE
(1790953086.287572) can0 2A5#000007BF000007CA
(1790953086.287673) can0 2A6#FFFFF84700000253
(1790953086.287801) can0 2A7#00005689FFFFF5D5
(1790953086.292074) can0 2A1#0100010000000000
(1790953086.292198) can0 2A2#0000D28B000008AE
(1790953086.292298) can0 2A3#0002DF2CFFFD59D8
(1790953086.292423) can0 2A4#00011C10FFFD63AE
(1790953086.292548) can0 2A5#000007BF000007CA
(1790953086.292672) can0 2A6#FFFFF84700000253
(1790953086.292798) can0 2A7#00005689FFFFF5D5
(1790953086.297077) can0 2A1#0100010000000000
(1790953086.297198) can0 2A2#0000D28B000008AE
(1790953086.297322) can0 2A3#0002DF2CFFFD59D8
(1790953086.297447) can0 2A4#00011C10FFFD63AE
(1790953086.297573) can0 2A5#000007BF000007CA
(1790953086.297672) can0 2A6#FFFFF84700000253
(1790953086.297798) can0 2A7#00005689FFFFF5D5
(1790953086.302082) can0 2A1#0100010000000000
(1790953086.302200) can0 2A2#0000D28B000008AE
(1790953086.302323) can0 2A3#0002DF2CFFFD59D8
(1790953086.302426) can0 2A4#00011C10FFFD63AE
(1790953086.302548) can0 2A5#000007BF000007CA
(1790953086.302673) can0 2A6#FFFFF84700000253
(1790953086.302773) can0 2A7#00005689FFFFF5D5
(1790953086.307102) can0 2A1#0100010000000000
(1790953086.307204) can0 2A2#0000D28B000008AE
(1790953086.307325) can0 2A3#0002DF2CFFFD59D8
(1790953086.307449) can0 2A4#00011C10FFFD63AE
(1790953086.307548) can0 2A5#000007BF000007CA
(1790953086.307673) can0 2A6#FFFFF84700000253
(1790953086.307797) can0 2A7#00005689FFFFF5D5
(1790953086.312082) can0 2A1#0100010000000000
(1790953086.312198) can0 2A2#0000D28B000008AE
(1790953086.312329) can0 2A3#0002DF2CFFFD59D8
(1790953086.312422) can0 2A4#00011C10FFFD63AE
(1790953086.312548) can0 2A5#000007BF000007CA
(1790953086.312675) can0 2A6#FFFFF84700000253
(1790953086.312773) can0 2A7#00005689FFFFF5D5
(1790953086.317102) can0 2A1#0100010000000000
(1790953086.317198) can0 2A2#0000D28B000008AE
(1790953086.317327) can0 2A3#0002DF2CFFFD59D8
(1790953086.317447) can0 2A4#00011C10FFFD63AE
(1790953086.317547) can0 2A5#000007BF000007CA
(1790953086.317672) can0 2A6#FFFFF84700000253
(1790953086.317797) can0 2A7#00005689FFFFF5D5
(1790953086.322087) can0 2A1#0100010000000000
(1790953086.322197) can0 2A2#0000D28B000008AE
(1790953086.322298) can0 2A3#0002DF2CFFFD59D8
(1790953086.322423) can0 2A4#00011C10FFFD63AE
(1790953086.322547) can0 2A5#000007BF000007CA
(1790953086.322672) can0 2A6#FFFFF84700000253
(1790953086.322772) can0 2A7#00005689FFFFF5D5
(1790953086.327080) can0 2A1#0100010000000000
(1790953086.327197) can0 2A2#0000D28B000008AE
(1790953086.327322) can0 2A3#0002DF2CFFFD59D8
(1790953086.327452) can0 2A4#00011C10FFFD63AE
(1790953086.327552) can0 2A5#000007BF000007CA
(1790953086.327673) can0 2A6#FFFFF84700000253
(1790953086.327798) can0 2A7#00005689FFFFF5D5
(1790953086.332078) can0 2A1#0100010000000000
(1790953086.332206) can0 2A2#0000D28B000008AE
(1790953086.332297) can0 2A3#0002DF2CFFFD59D8
(1790953086.332424) can0 2A4#00011C10FFFD63AE
(1790953086.332547) can0 2A5#000007BF000007CA
(1790953086.332672) can0 2A6#FFFFF84700000253
(1790953086.332798) can0 2A7#00005689FFFFF5D5
(1790953086.337084) can0 2A1#0100010000000000
(1790953086.337198) can0 2A2#0000D28B000008AE
(1790953086.337323) can0 2A3#0002DF2CFFFD59D8
(1790953086.337448) can0 2A4#00011C10FFFD63AE
(1790953086.337573) can0 2A5#000007BF000007CA
(1790953086.337673) can0 2A6#FFFFF84700000253
(1790953086.337798) can0 2A7#00005689FFFFF5D5
(1790953086.342079) can0 2A1#0100010000000000
(1790953086.342197) can0 2A2#0000D28B000008AE
(1790953086.342298) can0 2A3#0002DF2CFFFD59D8
(1790953086.342423) can0 2A4#00011C10FFFD63AE
(1790953086.342548) can0 2A5#000007BF000007CA
(1790953086.342672) can0 2A6#FFFFF84700000253
(1790953086.342798) can0 2A7#00005689FFFFF5D5
(1790953086.347079) can0 2A1#0100010000000000
(1790953086.347197) can0 2A2#0000D28B000008AE
(1790953086.347323) can0 2A3#0002DF2CFFFD59D8
(1790953086.347448) can0 2A4#00011C10FFFD63AE
(1790953086.347572) can0 2A5#000007BF000007CA
(1790953086.347673) can0 2A6#FFFFF84700000253
(1790953086.347798) can0 2A7#00005689FFFFF5D5
(1790953086.352073) can0 2A1#0100010000000000
(1790953086.352198) can0 2A2#0000D28B000008AE
(1790953086.352323) can0 2A3#0002DF2CFFFD59D8
(1790953086.352423) can0 2A4#00011C10FFFD63AE
(1790953086.352547) can0 2A5#000007BF000007CA
(1790953086.352673) can0 2A6#FFFFF84700000253
(1790953086.352797) can0 2A7#00005689FFFFF5D5
(1790953086.357106) can0 2A1#0100010000000000
(1790953086.357198) can0 2A2#0000D28B000008AE
(1790953086.357323) can0 2A3#0002DF2CFFFD59D8
(1790953086.357448) can0 2A4#00011C10FFFD63AE
(1790953086.357547) can0 2A5#000007BF000007CA
(1790953086.357672) can0 2A6#FFFFF84700000253
(1790953086.357797) can0 2A7#00005689FFFFF5D5
(1790953086.362078) can0 2A1#0100010000000000
(1790953086.362198) can0 2A2#0000D28B000008AE
(1790953086.362323) can0 2A3#0002DF2CFFFD59D8
(1790953086.362428) can0 2A4#00011C10FFFD63AE
(1790953086.362548) can0 2A5#000007BF000007CA
(1790953086.362675) can0 2A6#FFFFF84700000253
(1790953086.362798) can0 2A7#00005689FFFFF5D5
(1790953086.367081) can0 2A1#0100010000000000
(1790953086.367197) can0 2A2#0000D28B000008AE
(1790953086.367323) can0 2A3#0002DF2CFFFD59D8
(1790953086.367447) can0 2A4#00011C10FFFD63AE
(1790953086.367548) can0 2A5#000007BF000007CA
(1790953086.367673) can0 2A6#FFFFF84700000253
(1790953086.367798) can0 2A7#00005689FFFFF5D5
(1790953086.372079) can0 2A1#0100010000000000
(1790953086.372179) can0 2A2#0000D28B000008AE
(1790953086.372323) can0 2A3#0002DF2CFFFD59D8
(1790953086.372447) can0 2A4#00011C10FFFD63AE
(1790953086.372547) can0 2A5#000007BF000007CA
(1790953086.372673) can0 2A6#FFFFF84700000253
(1790953086.372773) can0 2A7#00005689FFFFF5D5
(1790953086.377076) can0 2A1#0100010000000000
(1790953086.377224) can0 2A2#0000D28B000008AE
(1790953086.377325) can0 2A3#0002DF2CFFFD59D8
(1790953086.377450) can0 2A4#00011C10FFFD63AE
(1790953086.377574) can0 2A5#000007BF000007CA
(1790953086.377674) can0 2A6#FFFFF84700000253
(1790953086.377798) can0 2A7#00005689FFFFF5D5
(1790953086.382078) can0 2A1#0100010000000000
(1790953086.382198) can0 2A2#0000D28B000008AE
(1790953086.382321) can0 2A3#0002DF2CFFFD59D8
(1790953086.382423) can0 2A4#00011C10FFFD63AE
(1790953086.382550) can0 2A5#000007BF000007CA
(1790953086.382675) can0 2A6#FFFFF84700000253
(1790953086.382799) can0 2A7#00005689FFFFF5D5
(1790953086.387112) can0 2A1#0100010000000000
(1790953086.387204) can0 2A2#0000D28B000008AE
(1790953086.387325) can0 2A3#0002DF2CFFFD59D8
(1790953086.387449) can0 2A4#00011C10FFFD63AE
(1790953086.387575) can0 2A5#000007BF000007CA
(1790953086.387699) can0 2A6#FFFFF84700000253
(1790953086.387825) can0 2A7#00005689FFFFF5D5
(1790953086.392078) can0 2A1#0100010000000000
(1790953086.392208) can0 2A2#0000D28B000008AE
(1790953086.392327) can0 2A3#0002DF2CFFFD59D8
(1790953086.392424) can0 2A4#00011C10FFFD63AE
(1790953086.392550) can0 2A5#000007BF000007CA
(1790953086.392675) can0 2A6#FFFFF84700000253
(1790953086.392800) can0 2A7#00005689FFFFF5D5
(1790953086.397116) can0 2A1#0100010000000000
(1790953086.397199) can0 2A2#0000D28B000008AE
(1790953086.397325) can0 2A3#0002DF2CFFFD59D8
(1790953086.397425) can0 2A4#00011C10FFFD63AE
(1790953086.397575) can0 2A5#000007BF000007CA
(1790953086.397701) can0 2A6#FFFFF84700000253
(1790953086.397800) can0 2A7#00005689FFFFF5D5
(1790953086.402088) can0 2A1#0100010000000000
(1790953086.402202) can0 2A2#0000D28B000008AE
(1790953086.402326) can0 2A3#0002DF2CFFFD59D8
(1790953086.402425) can0 2A4#00011C10FFFD63AE
(1790953086.402550) can0 2A5#000007BF000007CA
(1790953086.402675) can0 2A6#FFFFF84700000253
(1790953086.402779) can0 2A7#00005689FFFFF5D5
(1790953086.407109) can0 2A1#0100010000000000
(1790953086.407223) can0 2A2#0000D28B000008AE
(1790953086.407328) can0 2A3#0002DF2CFFFD59D8
(1790953086.407450) can0 2A4#00011C10FFFD63AE
(1790953086.407548) can0 2A5#000007BF000007CA
(1790953086.407675) can0 2A6#FFFFF84700000253
(1790953086.407824) can0 2A7#00005689FFFFF5D5
(1790953086.412076) can0 2A1#0100010000000000
(1790953086.412198) can0 2A2#0000D28B000008AE
(1790953086.412323) can0 2A3#0002DF2CFFFD59D8
(1790953086.412423) can0 2A4#00011C10FFFD63AE
(1790953086.412545) can0 2A5#000007BF000007CA
(1790953086.412671) can0 2A6#FFFFF84700000253
(1790953086.412798) can0 2A7#00005689FFFFF5D5
(1790953086.417108) can0 2A1#0100010000000000
(1790953086.417199) can0 2A2#0000D28B000008AE
(1790953086.417325) can0 2A3#0002DF2CFFFD59D8
(1790953086.417450) can0 2A4#00011C10FFFD63AE
(1790953086.417550) can0 2A5#000007BF000007CA
(1790953086.417702) can0 2A6#FFFFF84700000253
(1790953086.417798) can0 2A7#00005689FFFFF5D5
(1790953086.422083) can0 2A1#0100010000000000
(1790953086.422198) can0 2A2#0000D28B000008AE
(1790953086.422324) can0 2A3#0002DF2CFFFD59D8
(1790953086.422449) can0 2A4#00011C10FFFD63AE
(1790953086.422548) can0 2A5#000007BF000007CA
(1790953086.422674) can0 2A6#FFFFF84700000253
(1790953086.422797) can0 2A7#00005689FFFFF5D5
(1790953086.427077) can0 2A1#0100010000000000
(1790953086.427198) can0 2A2#0000D28B000008AE
(1790953086.427324) can0 2A3#0002DF2CFFFD59D8
(1790953086.427449) can0 2A4#00011C10FFFD63AE
(1790953086.427573) can0 2A5#000007BF000007CA
(1790953086.427674) can0 2A6#FFFFF84700000253
(1790953086.427799) can0 2A7#00005689FFFFF5D5
(1790953086.432085) can0 2A1#0100010000000000
(1790953086.432202) can0 2A2#0000D28B000008AE
(1790953086.432301) can0 2A3#0002DF2CFFFD59D8
(1790953086.432425) can0 2A4#00011C10FFFD63AE
(1790953086.432550) can0 2A5#000007BF000007CA
(1790953086.432676) can0 2A6#FFFFF84700000253
(1790953086.432801) can0 2A7#00005689FFFFF5D5
(1790953086.437089) can0 2A1#0100010000000000
(1790953086.437199) can0 2A2#0000D28B000008AE
(1790953086.437326) can0 2A3#0002DF2CFFFD59D8
(1790953086.437450) can0 2A4#00011C10FFFD63AE
(1790953086.437574) can0 2A5#000007BF000007CA
(1790953086.437700) can0 2A6#FFFFF84700000253
(1790953086.437800) can0 2A7#00005689FFFFF5D5
(1790953086.442083) can0 2A1#0100010000000000
(1790953086.442199) can0 2A2#0000D28B000008AE
(1790953086.442301) can0 2A3#0002DF2CFFFD59D8
(1790953086.442425) can0 2A4#00011C10FFFD63AE
(1790953086.442550) can0 2A5#000007BF000007CA
(1790953086.442675) can0 2A6#FFFFF84700000253
(1790953086.442798) can0 2A7#00005689FFFFF5D5
(1790953086.447107) can0 2A1#0100010000000000
(1790953086.447202) can0 2A2#0000D28B000008AE
(1790953086.447328) can0 2A3#0002DF2CFFFD59D8
(1790953086.447452) can0 2A4#00011C10FFFD63AE
(1790953086.447576) can0 2A5#000007BF000007CA
(1790953086.447701) can0 2A6#FFFFF84700000253
(1790953086.447801) can0 2A7#00005689FFFFF5D5
(1790953086.452110) can0 2A1#0100010000000000
(1790953086.452202) can0 2A2#0000D28B000008AE
(1790953086.452327) can0 2A3#0002DF2CFFFD59D8
(1790953086.452426) can0 2A4#00011C10FFFD63AE
(1790953086.452550) can0 2A5#000007BF000007CA
(1790953086.452676) can0 2A6#FFFFF84700000253
(1790953086.452801) can0 2A7#00005689FFFFF5D5
(1790953086.457102) can0 2A1#0100010000000000
(1790953086.457224) can0 2A2#0000D28B000008AE
(1790953086.457326) can0 2A3#0002DF2CFFFD59D8
(1790953086.457451) can0 2A4#00011C10FFFD63AE
(1790953086.457547) can0 2A5#000007BF000007CA
(1790953086.457675) can0 2A6#FFFFF84700000253
(1790953086.457799) can0 2A7#00005689FFFFF5D5
(1790953086.462089) can0 2A1#0100010000000000
(1790953086.462199) can0 2A2#0000D28B000008AE
(1790953086.462325) can0 2A3#0002DF2CFFFD59D8
(1790953086.462425) can0 2A4#00011C10FFFD63AE
(1790953086.462548) can0 2A5#000007BF000007CA
(1790953086.462675) can0 2A6#FFFFF84700000253
(1790953086.462798) can0 2A7#00005689FFFFF5D5
(1790953086.467112) can0 2A1#0100010000000000
(1790953086.467201) can0 2A2#0000D28B000008AE
(1790953086.467325) can0 2A3#0002DF2CFFFD59D8
(1790953086.467449) can0 2A4#00011C10FFFD63AE
(1790953086.467550) can0 2A5#000007BF000007CA
(1790953086.467674) can0 2A6#FFFFF84700000253
(1790953086.467798) can0 2A7#00005689FFFFF5D5
(1790953086.472086) can0 2A1#0100010000000000
(1790953086.472197) can0 2A2#0000D28B000008AE
(1790953086.472324) can0 2A3#0002DF2CFFFD59D8
(1790953086.472425) can0 2A4#00011C10FFFD63AE
(1790953086.472549) can0 2A5#000007BF000007CA
(1790953086.472674) can0 2A6#FFFFF84700000253
(1790953086.472800) can0 2A7#00005689FFFFF5D5
(1790953086.477113) can0 2A1#0100010000000000
(1790953086.477198) can0 2A2#0000D28B000008AE
(1790953086.477325) can0 2A3#0002DF2CFFFD59D8
(1790953086.477450) can0 2A4#00011C10FFFD63AE
(1790953086.477550) can0 2A5#000007BF000007CA
(1790953086.477674) can0 2A6#FFFFF84700000253
(1790953086.477800) can0 2A7#00005689FFFFF5D5
(1790953086.482083) can0 2A1#0100010000000000
(1790953086.482200) can0 2A2#0000D28B000008AE
(1790953086.482325) can0 2A3#0002DF2CFFFD59D8
(1790953086.482425) can0 2A4#00011C10FFFD63AE
(1790953086.482549) can0 2A5#000007BF000007CA
(1790953086.482675) can0 2A6#FFFFF84700000253
(1790953086.482804) can0 2A7#00005689FFFFF5D5
(1790953086.487112) can0 2A1#0100010000000000
(1790953086.487199) can0 2A2#0000D28B000008AE
(1790953086.487325) can0 2A3#0002DF2CFFFD59D8
(1790953086.487451) can0 2A4#00011C10FFFD63AE
(1790953086.487550) can0 2A5#000007BF000007CA
(1790953086.487675) can0 2A6#FFFFF84700000253
(1790953086.487800) can0 2A7#00005689FFFFF5D5
(1790953086.492084) can0 2A1#0100010000000000
(1790953086.492198) can0 2A2#0000D28B000008AE
(1790953086.492325) can0 2A3#0002DF2CFFFD59D8
(1790953086.492426) can0 2A4#00011C10FFFD63AE
(1790953086.492549) can0 2A5#000007BF000007CA
(1790953086.492674) can0 2A6#FFFFF84700000253
(1790953086.492799) can0 2A7#00005689FFFFF5D5
(1790953086.497105) can0 2A1#0100010000000000
(1790953086.497224) can0 2A2#0000D28B000008AE
(1790953086.497328) can0 2A3#0002DF2CFFFD59D8
(1790953086.497452) can0 2A4#00011C10FFFD63AE
(1790953086.497574) can0 2A5#000007BF000007CA
(1790953086.497702) can0 2A6#FFFFF84700000253
(1790953086.497853) can0 2A7#00005689FFFFF5D5
(1790953086.502092) can0 2A1#0100010000000000
(1790953086.502200) can0 2A2#0000D28B000008AE
(1790953086.502327) can0 2A3#0002DF2CFFFD59D8
(1790953086.502451) can0 2A4#00011C10FFFD63AE
(1790953086.502548) can0 2A5#000007BF000007CA
(1790953086.502677) can0 2A6#FFFFF84700000253
(1790953086.502801) can0 2A7#00005689FFFFF5D5
(1790953086.507123) can0 2A1#0100010000000000
(1790953086.507199) can0 2A2#0000D28B000008AE
(1790953086.507324) can0 2A3#0002DF2CFFFD59D8
(1790953086.507452) can0 2A4#00011C10FFFD63AE
(1790953086.507578) can0 2A5#000007BF000007CA
(1790953086.507702) can0 2A6#FFFFF84700000253
(1790953086.507803) can0 2A7#00005689FFFFF5D5
(1790953086.512081) can0 2A1#0100010000000000
(1790953086.512200) can0 2A2#0000D28B000008AE
(1790953086.512326) can0 2A3#0002DF2CFFFD59D8
(1790953086.512427) can0 2A4#00011C10FFFD63AE
(1790953086.512551) can0 2A5#000007BF000007CA
(1790953086.512676) can0 2A6#FFFFF84700000253
(1790953086.512801) can0 2A7#00005689FFFFF5D5
(1790953086.517107) can0 2A1#0100010000000000
(1790953086.517199) can0 2A2#0000D28B000008AE
(1790953086.517329) can0 2A3#0002DF2CFFFD59D8
(1790953086.517450) can0 2A4#00011C10FFFD63AE
(1790953086.517550) can0 2A5#000007BF000007CA
(1790953086.517675) can0 2A6#FFFFF84700000253
(1790953086.517798) can0 2A7#00005689FFFFF5D5
(1790953086.522077) can0 2A1#0100010000000000
(1790953086.522201) can0 2A2#0000D28B000008AE
(1790953086.522330) can0 2A3#0002DF2CFFFD59D8
(1790953086.522423) can0 2A4#00011C10FFFD63AE
(1790953086.522549) can0 2A5#000007BF000007CA
(1790953086.522675) can0 2A6#FFFFF84700000253
(1790953086.522775) can0 2A7#00005689FFFFF5D5
(1790953086.527112) can0 2A1#0100010000000000
(1790953086.527204) can0 2A2#0000D28B000008AE
(1790953086.527325) can0 2A3#0002DF2CFFFD59D8
(1790953086.527449) can0 2A4#00011C10FFFD63AE
(1790953086.527548) can0 2A5#000007BF000007CA
(1790953086.527674) can0 2A6#FFFFF84700000253
(1790953086.527800) can0 2A7#00005689FFFFF5D5
(1790953086.532091) can0 2A1#0100010000000000
(1790953086.532179) can0 2A2#0000D28B000008AE
(1790953086.532299) can0 2A3#0002DF2CFFFD59D8
(1790953086.532449) can0 2A4#00011C10FFFD63AE
(1790953086.532549) can0 2A5#000007BF000007CA
(1790953086.532674) can0 2A6#FFFFF84700000253
(1790953086.532801) can0 2A7#00005689FFFFF5D5
(1790953086.537081) can0 2A1#0100010000000000
(1790953086.537196) can0 2A2#0000D28B000008AE
(1790953086.537324) can0 2A3#0002DF2CFFFD59D8
(1790953086.537448) can0 2A4#00011C10FFFD63AE
(1790953086.537573) can0 2A5#000007BF000007CA
(1790953086.537673) can0 2A6#FFFFF84700000253
(1790953086.537797) can0 2A7#00005689FFFFF5D5
(1790953086.542075) can0 2A1#0100010000000000
(1790953086.542199) can0 2A2#0000D28B000008AE
(1790953086.542300) can0 2A3#0002DF2CFFFD59D8
(1790953086.542453) can0 2A4#00011C10FFFD63AE
(1790953086.542548) can0 2A5#000007BF000007CA
(1790953086.542675) can0 2A6#FFFFF84700000253
(1790953086.542801) can0 2A7#00005689FFFFF5D5
(1790953086.547086) can0 2A1#0100010000000000
(1790953086.547205) can0 2A2#0000D28B000008AE
(1790953086.547326) can0 2A3#0002DF2CFFFD59D8
(1790953086.547450) can0 2A4#00011C10FFFD63AE
(1790953086.547575) can0 2A5#000007BF000007CA
(1790953086.547675) can0 2A6#FFFFF84700000253
(1790953086.547800) can0 2A7#00005689FFFFF5D5
(1790953086.552100) can0 2A1#0100010000000000
(1790953086.552181) can0 2A2#0000D28B000008AE
(1790953086.552326) can0 2A3#0002DF2CFFFD59D8
(1790953086.552450) can0 2A4#00011C10FFFD63AE
(1790953086.552548) can0 2A5#000007BF000007CA
(1790953086.552675) can0 2A6#FFFFF84700000253
(1790953086.552799) can0 2A7#00005689FFFFF5D5
(1790953086.557091) can0 2A1#0100010000000000
(1790953086.557199) can0 2A2#0000D28B000008AE
(1790953086.557326) can0 2A3#0002DF2CFFFD59D8
(1790953086.557450) can0 2A4#00011C10FFFD63AE
(1790953086.557548) can0 2A5#000007BF000007CA
(1790953086.557681) can0 2A6#FFFFF84700000253
(1790953086.557800) can0 2A7#00005689FFFFF5D5
(1790953086.562078) can0 2A1#0100010000000000
(1790953086.562202) can0 2A2#0000D28B000008AE
(1790953086.562326) can0 2A3#0002DF2CFFFD59D8
(1790953086.562451) can0 2A4#00011C10FFFD63AE
(1790953086.562548) can0 2A5#000007BF000007CA
(1790953086.562675) can0 2A6#FFFFF84700000253
(1790953086.562800) can0 2A7#00005689FFFFF5D5
(1790953086.567099) can0 2A1#0100010000000000
(1790953086.567204) can0 2A2#0000D28B000008AE
(1790953086.567326) can0 2A3#0002DF2CFFFD59D8
(1790953086.567451) can0 2A4#00011C10FFFD63AE
(1790953086.567575) can0 2A5#000007BF000007CA
(1790953086.567675) can0 2A6#FFFFF84700000253
(1790953086.567801) can0 2A7#00005689FFFFF5D5
(1790953086.572092) can0 2A1#0100010000000000
(1790953086.572199) can0 2A2#0000D28B000008AE
(1790953086.572301) can0 2A3#0002DF2CFFFD59D8
(1790953086.572425) can0 2A4#00011C10FFFD63AE
(1790953086.572550) can0 2A5#000007BF000007CA
(1790953086.572675) can0 2A6#FFFFF84700000253
(1790953086.572800) can0 2A7#00005689FFFFF5D5
(1790953086.577081) can0 2A1#0100010000000000
(1790953086.577198) can0 2A2#0000D28B000008AE
(1790953086.577326) can0 2A3#0002DF2CFFFD59D8
(1790953086.577450) can0 2A4#00011C10FFFD63AE
(1790953086.577578) can0 2A5#000007BF000007CA
(1790953086.577676) can0 2A6#FFFFF84700000253
(1790953086.577801) can0 2A7#00005689FFFFF5D5
(1790953086.582083) can0 2A1#0100010000000000
(1790953086.582203) can0 2A2#0000D28B000008AE
(1790953086.582325) can0 2A3#0002DF2CFFFD59D8
(1790953086.582449) can0 2A4#00011C10FFFD63AE
(1790953086.582550) can0 2A5#000007BF000007CA
(1790953086.582675) can0 2A6#FFFFF84700000253
(1790953086.582799) can0 2A7#00005689FFFFF5D5
(1790953086.587086) can0 2A1#0100010000000000
(1790953086.587203) can0 2A2#0000D28B000008AE
(1790953086.587324) can0 2A3#0002DF2CFFFD59D8
(1790953086.587450) can0 2A4#00011C10FFFD63AE
(1790953086.587550) can0 2A5#000007BF000007CA
(1790953086.587676) can0 2A6#FFFFF84700000253
(1790953086.587802) can0 2A7#00005689FFFFF5D5
(1790953086.592078) can0 2A1#0100010000000000
(1790953086.592202) can0 2A2#0000D28B000008AE
(1790953086.592326) can0 2A3#0002DF2CFFFD59D8
(1790953086.592425) can0 2A4#00011C10FFFD63AE
(1790953086.592550) can0 2A5#000007BF000007CA
(1790953086.592675) can0 2A6#FFFFF84700000253
(1790953086.592800) can0 2A7#00005689FFFFF5D5
(1790953086.597131) can0 2A1#0100010000000000
(1790953086.597233) can0 2A2#0000D28B000008AE
(1790953086.597328) can0 2A3#0002DF2CFFFD59D8
(1790953086.597450) can0 2A4#00011C10FFFD63AE
(1790953086.597548) can0 2A5#000007BF000007CA
(1790953086.597675) can0 2A6#FFFFF84700000253
(1790953086.597800) can0 2A7#00005689FFFFF5D5
(1790953086.602088) can0 2A1#0100010000000000
(1790953086.602174) can0 2A2#0000D28B000008AE
(1790953086.602328) can0 2A3#0002DF2CFFFD59D8
(1790953086.602451) can0 2A4#00011C10FFFD63AE
(1790953086.602552) can0 2A5#000007BF000007CA
(1790953086.602677) can0 2A6#FFFFF84700000253
(1790953086.602802) can0 2A7#00005689FFFFF5D5
(1790953086.607091) can0 2A1#0100010000000000
(1790953086.607200) can0 2A2#0000D28B000008AE
(1790953086.607327) can0 2A3#0002DF2CFFFD59D8
(1790953086.607453) can0 2A4#00011C10FFFD63AE
(1790953086.607575) can0 2A5#000007BF000007CA
(1790953086.607676) can0 2A6#FFFFF84700000253
(1790953086.607809) can0 2A7#00005689FFFFF5D5
(1790953086.612090) can0 2A1#0100010000000000
(1790953086.612203) can0 2A2#0000D28B000008AE
(1790953086.612326) can0 2A3#0002DF2CFFFD59D8
(1790953086.612451) can0 2A4#00011C10FFFD63AE
(1790953086.612551) can0 2A5#000007BF000007CA
(1790953086.612676) can0 2A6#FFFFF84700000253
(1790953086.612802) can0 2A7#00005689FFFFF5D5
(1790953086.617080) can0 2A1#0100010000000000
(1790953086.617201) can0 2A2#0000D28B000008AE
(1790953086.617325) can0 2A3#0002DF2CFFFD59D8
(1790953086.617449) can0 2A4#00011C10FFFD63AE
(1790953086.617571) can0 2A5#000007BF000007CA
(1790953086.617673) can0 2A6#FFFFF84700000253
(1790953086.617798) can0 2A7#00005689FFFFF5D5
(1790953086.622083) can0 2A1#0100010000000000
(1790953086.622201) can0 2A2#0000D28B000008AE
(1790953086.622301) can0 2A3#0002DF2CFFFD59D8
(1790953086.622424) can0 2A4#00011C10FFFD63AE
(1790953086.622550) can0 2A5#000007BF000007CA
(1790953086.622675) can0 2A6#FFFFF84700000253
(1790953086.622798) can0 2A7#00005689FFFFF5D5
(1790953086.627099) can0 2A1#0100010000000000
(1790953086.627200) can0 2A2#0000D28B000008AE
(1790953086.627325) can0 2A3#0002DF2CFFFD59D8
(1790953086.627425) can0 2A4#00011C10FFFD63AE
(1790953086.627575) can0 2A5#000007BF000007CA
(1790953086.627701) can0 2A6#FFFFF84700000253
(1790953086.627800) can0 2A7#00005689FFFFF5D5
(1790953086.632082) can0 2A1#0100010000000000
(1790953086.632204) can0 2A2#0000D28B000008AE
(1790953086.632325) can0 2A3#0002DF2CFFFD59D8
(1790953086.632450) can0 2A4#00011C10FFFD63AE
(1790953086.632550) can0 2A5#000007BF000007CA
(1790953086.632674) can0 2A6#FFFFF84700000253
(1790953086.632799) can0 2A7#00005689FFFFF5D5
(1790953086.637113) can0 2A1#0100010000000000
(1790953086.637198) can0 2A2#0000D28B000008AE
(1790953086.637324) can0 2A3#0002DF2CFFFD59D8
(1790953086.637449) can0 2A4#00011C10FFFD63AE
(1790953086.637573) can0 2A5#000007BF000007CA
(1790953086.637674) can0 2A6#FFFFF84700000253
(1790953086.637800) can0 2A7#00005689FFFFF5D5
(1790953086.642078) can0 2A1#0100010000000000
(1790953086.642197) can0 2A2#0000D28B000008AE
(1790953086.642324) can0 2A3#0002DF2CFFFD59D8
(1790953086.642422) can0 2A4#00011C10FFFD63AE
(1790953086.642549) can0 2A5#000007BF000007CA
(1790953086.642674) can0 2A6#FFFFF84700000253
(1790953086.642799) can0 2A7#00005689FFFFF5D5
(1790953086.647108) can0 2A1#0100010000000000
(1790953086.647222) can0 2A2#0000D28B000008AE
(1790953086.647324) can0 2A3#0002DF2CFFFD59D8
(1790953086.647449) can0 2A4#00011C10FFFD63AE
(1790953086.647549) can0 2A5#000007BF000007CA
(1790953086.647674) can0 2A6#FFFFF84700000253
(1790953086.647801) can0 2A7#00005689FFFFF5D5
(1790953086.652106) can0 2A1#0100010000000000
(1790953086.652199) can0 2A2#0000D28B000008AE
(1790953086.652325) can0 2A3#0002DF2CFFFD59D8
(1790953086.652453) can0 2A4#00011C10FFFD63AE
(1790953086.652552) can0 2A5#000007BF000007CA
(1790953086.652674) can0 2A6#FFFFF84700000253
(1790953086.652799) can0 2A7#00005689FFFFF5D5
(1790953086.657109) can0 2A1#0100010000000000
(1790953086.657199) can0 2A2#0000D28B000008AE
(1790953086.657327) can0 2A3#0002DF2CFFFD59D8
(1790953086.657451) can0 2A4#00011C10FFFD63AE
(1790953086.657549) can0 2A5#000007BF000007CA
(1790953086.657675) can0 2A6#FFFFF84700000253
(1790953086.657800) can0 2A7#00005689FFFFF5D5
(1790953086.662090) can0 2A1#0100010000000000
(1790953086.662200) can0 2A2#0000D28B000008AE
(1790953086.662325) can0 2A3#0002DF2CFFFD59D8
(1790953086.662424) can0 2A4#00011C10FFFD63AE
(1790953086.662549) can0 2A5#000007BF000007CA
(1790953086.662675) can0 2A6#FFFFF84700000253
(1790953086.662802) can0 2A7#00005689FFFFF5D5
(1790953086.667112) can0 2A1#0100010000000000
(1790953086.667198) can0 2A2#0000D28B000008AE
(1790953086.667325) can0 2A3#0002DF2CFFFD59D8
(1790953086.667450) can0 2A4#00011C10FFFD63AE
(1790953086.667550) can0 2A5#000007BF000007CA
(1790953086.667700) can0 2A6#FFFFF84700000253
(1790953086.667799) can0 2A7#00005689FFFFF5D5
(1790953086.672077) can0 2A1#0100010000000000
(1790953086.672198) can0 2A2#0000D28B000008AE
(1790953086.672325) can0 2A3#0002DF2CFFFD59D8
(1790953086.672425) can0 2A4#00011C10FFFD63AE
(1790953086.672550) can0 2A5#000007BF000007CA
(1790953086.672674) can0 2A6#FFFFF84700000253
(1790953086.672802) can0 2A7#00005689FFFFF5D5
(1790953086.677104) can0 2A1#0100010000000000
(1790953086.677202) can0 2A2#0000D28B000008AE
(1790953086.677324) can0 2A3#0002DF2CFFFD59D8
(1790953086.677450) can0 2A4#00011C10FFFD63AE
(1790953086.677548) can0 2A5#000007BF000007CA
(1790953086.677675) can0 2A6#FFFFF84700000253
(1790953086.677799) can0 2A7#00005689FFFFF5D5
(1790953086.682093) can0 2A1#0100010000000000
(1790953086.682205) can0 2A2#0000D28B000008AE
(1790953086.682301) can0 2A3#0002DF2CFFFD59D8
(1790953086.682425) can0 2A4#00011C10FFFD63AE
(1790953086.682552) can0 2A5#000007BF000007CA
(1790953086.682676) can0 2A6#FFFFF84700000253
(1790953086.682799) can0 2A7#00005689FFFFF5D5
(1790953086.687077) can0 2A1#0100010000000000
(1790953086.687203) can0 2A2#0000D28B000008AE
(1790953086.687326) can0 2A3#0002DF2CFFFD59D8
(1790953086.687450) can0 2A4#00011C10FFFD63AE
(1790953086.687576) can0 2A5#000007BF000007CA
(1790953086.687676) can0 2A6#FFFFF84700000253
(1790953086.687801) can0 2A7#00005689FFFFF5D5
(1790953086.692082) can0 2A1#0100010000000000
(1790953086.692200) can0 2A2#0000D28B000008AE
(1790953086.692328) can0 2A3#0002DF2CFFFD59D8
(1790953086.692426) can0 2A4#00011C10FFFD63AE
(1790953086.692551) can0 2A5#000007BF000007CA
(1790953086.692676) can0 2A6#FFFFF84700000253
(1790953086.692801) can0 2A7#00005689FFFFF5D5
(1790953086.697114) can0 2A1#0100010000000000
(1790953086.697199) can0 2A2#0000D28B000008AE
(1790953086.697326) can0 2A3#0002DF2CFFFD59D8
(1790953086.697451) can0 2A4#00011C10FFFD63AE
(1790953086.697549) can0 2A5#000007BF000007CA
(1790953086.697675) can0 2A6#FFFFF84700000253
(1790953086.697798) can0 2A7#00005689FFFFF5D5
(1790953086.702078) can0 2A1#0100010000000000
(1790953086.702202) can0 2A2#0000D28B000008AE
(1790953086.702325) can0 2A3#0002DF2CFFFD59D8
(1790953086.702426) can0 2A4#00011C10FFFD63AE
(1790953086.702548) can0 2A5#000007BF000007CA
(1790953086.702673) can0 2A6#FFFFF84700000253
(1790953086.702800) can0 2A7#00005689FFFFF5D5
(1790953086.707108) can0 2A1#0100010000000000
(1790953086.707200) can0 2A2#0000D28B000008AE
(1790953086.707323) can0 2A3#0002DF2CFFFD59D8
(1790953086.707448) can0 2A4#00011C10FFFD63AE
(1790953086.707548) can0 2A5#000007BF000007CA
(1790953086.707673) can0 2A6#FFFFF84700000253
(1790953086.707798) can0 2A7#00005689FFFFF5D5
(1790953086.712078) can0 2A1#0100010000000000
(1790953086.712198) can0 2A2#0000D28B000008AE
(1790953086.712323) can0 2A3#0002DF2CFFFD59D8
(1790953086.712422) can0 2A4#00011C10FFFD63AE
(1790953086.712548) can0 2A5#000007BF000007CA
(1790953086.712672) can0 2A6#FFFFF84700000253
(1790953086.712798) can0 2A7#00005689FFFFF5D5
(1790953086.717104) can0 2A1#0100010000000000
(1790953086.717206) can0 2A2#0000D28B000008AE
(1790953086.717323) can0 2A3#0002DF2CFFFD59D8
(1790953086.717448) can0 2A4#00011C10FFFD63AE
(1790953086.717547) can0 2A5#000007BF000007CA
(1790953086.717673) can0 2A6#FFFFF84700000253
(1790953086.717823) can0 2A7#00005689FFFFF5D5
(1790953086.722081) can0 2A1#0100010000000000
(1790953086.722198) can0 2A2#0000D28B000008AE
(1790953086.722323) can0 2A3#0002DF2CFFFD59D8
(1790953086.722422) can0 2A4#00011C10FFFD63AE
(1790953086.722548) can0 2A5#000007BF000007CA
(1790953086.722673) can0 2A6#FFFFF84700000253
(1790953086.722798) can0 2A7#00005689FFFFF5D5
(1790953086.727102) can0 2A1#0100010000000000
(1790953086.727224) can0 2A2#0000D28B000008AE
(1790953086.727323) can0 2A3#0002DF2CFFFD59D8
(1790953086.727453) can0 2A4#00011C10FFFD63AE
(1790953086.727548) can0 2A5#000007BF000007CA
(1790953086.727675) can0 2A6#FFFFF84700000253
(1790953086.727799) can0 2A7#00005689FFFFF5D5
(1790953086.732077) can0 2A1#0100010000000000
(1790953086.732197) can0 2A2#0000D28B000008AE
(1790953086.732298) can0 2A3#0002DF2CFFFD59D8
(1790953086.732423) can0 2A4#00011C10FFFD63AE
(1790953086.732548) can0 2A5#000007BF000007CA
(1790953086.732674) can0 2A6#FFFFF84700000253
(1790953086.732799) can0 2A7#00005689FFFFF5D5
(1790953086.737108) can0 2A1#0100010000000000
(1790953086.737205) can0 2A2#0000D28B000008AE
(1790953086.737323) can0 2A3#0002DF2CFFFD59D8
(1790953086.737448) can0 2A4#00011C10FFFD63AE
(1790953086.737573) can0 2A5#000007BF000007CA
(1790953086.737672) can0 2A6#FFFFF84700000253
(1790953086.737798) can0 2A7#00005689FFFFF5D5
(1790953086.742080) can0 2A1#0100010000000000
(1790953086.742205) can0 2A2#0000D28B000008AE
(1790953086.742298) can0 2A3#0002DF2CFFFD59D8
(1790953086.742448) can0 2A4#00011C10FFFD63AE
(1790953086.742548) can0 2A5#000007BF000007CA
(1790953086.742673) can0 2A6#FFFFF84700000253
(1790953086.742798) can0 2A7#00005689FFFFF5D5
(1790953086.747084) can0 2A1#0100010000000000
(1790953086.747198) can0 2A2#0000D28B000008AE
(1790953086.747323) can0 2A3#0002DF2CFFFD59D8
(1790953086.747448) can0 2A4#00011C10FFFD63AE
(1790953086.747573) can0 2A5#000007BF000007CA
(1790953086.747673) can0 2A6#FFFFF84700000253
(1790953086.747803) can0 2A7#00005689FFFFF5D5
(1790953086.752085) can0 2A1#0100010000000000
(1790953086.752199) can0 2A2#0000D28B000008AE
(1790953086.752300) can0 2A3#0002DF2CFFFD59D8
(1790953086.752426) can0 2A4#00011C10FFFD63AE
(1790953086.752550) can0 2A5#000007BF000007CA
(1790953086.752676) can0 2A6#FFFFF84700000253
(1790953086.752800) can0 2A7#00005689FFFFF5D5
(1790953086.757082) can0 2A1#0100010000000000
(1790953086.757199) can0 2A2#0000D28B000008AE
(1790953086.757323) can0 2A3#0002DF2CFFFD59D8
(1790953086.757448) can0 2A4#00011C10FFFD63AE
(1790953086.757573) can0 2A5#000007BF000007CA
(1790953086.757673) can0 2A6#FFFFF84700000253
(1790953086.757798) can0 2A7#00005689FFFFF5D5
(1790953086.762099) can0 2A1#0100010000000000
(1790953086.762200) can0 2A2#0000D28B000008AE
(1790953086.762301) can0 2A3#0002DF2CFFFD59D8
(1790953086.762451) can0 2A4#00011C10FFFD63AE
(1790953086.762551) can0 2A5#000007BF000007CA
(1790953086.762677) can0 2A6#FFFFF84700000253
(1790953086.762801) can0 2A7#00005689FFFFF5D5
(1790953086.767089) can0 2A1#0100010000000000
(1790953086.767199) can0 2A2#0000D28B000008AE
(1790953086.767325) can0 2A3#0002DF2CFFFD59D8
(1790953086.767450) can0 2A4#00011C10FFFD63AE
(1790953086.767573) can0 2A5#000007BF000007CA
(1790953086.767674) can0 2A6#FFFFF84700000253
(1790953086.767801) can0 2A7#00005689FFFFF5D5
(1790953086.772083) can0 2A1#0100010000000000
(1790953086.772197) can0 2A2#0000D28B000008AE
(1790953086.772297) can0 2A3#0002DF2CFFFD59D8
(1790953086.772422) can0 2A4#00011C10FFFD63AE
(1790953086.772547) can0 2A5#000007BF000007CA
(1790953086.772672) can0 2A6#FFFFF84700000253
(1790953086.772799) can0 2A7#00005689FFFFF5D5
(1790953086.777117) can0 2A1#0100010000000000
(1790953086.777198) can0 2A2#0000D28B000008AE
(1790953086.777324) can0 2A3#0002DF2CFFFD59D8
(1790953086.777449) can0 2A4#00011C10FFFD63AE
(1790953086.777572) can0 2A5#000007BF000007CA
(1790953086.777700) can0 2A6#FFFFF84700000253
(1790953086.777800) can0 2A7#00005689FFFFF5D5
(1790953086.782096) can0 2A1#0100010000000000
(1790953086.782200) can0 2A2#0000D28B000008AE
(1790953086.782325) can0 2A3#0002DF2CFFFD59D8
(1790953086.782425) can0 2A4#00011C10FFFD63AE
(1790953086.782550) can0 2A5#000007BF000007CA
(1790953086.782674) can0 2A6#FFFFF84700000253
(1790953086.782801) can0 2A7#00005689FFFFF5D5
(1790953086.787081) can0 2A1#0100010000000000
(1790953086.787200) can0 2A2#0000D28B000008AE
(1790953086.787325) can0 2A3#0002DF2CFFFD59D8
(1790953086.787452) can0 2A4#00011C10FFFD63AE
(1790953086.787573) can0 2A5#000007BF000007CA
(1790953086.787699) can0 2A6#FFFFF84700000253
(1790953086.787800) can0 2A7#00005689FFFFF5D5
(1790953086.792080) can0 2A1#0100010000000000
(1790953086.792197) can0 2A2#0000D28B000008AE
(1790953086.792300) can0 2A3#0002DF2CFFFD59D8
(1790953086.792424) can0 2A4#00011C10FFFD63AE
(1790953086.792548) can0 2A5#000007BF000007CA
(1790953086.792676) can0 2A6#FFFFF84700000253
(1790953086.792798) can0 2A7#00005689FFFFF5D5
(1790953086.797083) can0 2A1#0100010000000000
(1790953086.797197) can0 2A2#0000D28B000008AE
(1790953086.797325) can0 2A3#0002DF2CFFFD59D8
(1790953086.797449) can0 2A4#00011C10FFFD63AE
(1790953086.797575) can0 2A5#000007BF000007CA
(1790953086.797700) can0 2A6#FFFFF84700000253
(1790953086.797798) can0 2A7#00005689FFFFF5D5
(1790953086.802086) can0 2A1#0100010000000000
(1790953086.802198) can0 2A2#0000D28B000008AE
(1790953086.802325) can0 2A3#0002DF2CFFFD59D8
(1790953086.802425) can0 2A4#00011C10FFFD63AE
(1790953086.802548) can0 2A5#000007BF000007CA
(1790953086.802673) can0 2A6#FFFFF84700000253
(1790953086.802799) can0 2A7#00005689FFFFF5D5
(1790953086.807108) can0 2A1#0100010000000000
(1790953086.807225) can0 2A2#0000D28B000008AE
(1790953086.807325) can0 2A3#0002DF2CFFFD59D8
(1790953086.807449) can0 2A4#00011C10FFFD63AE
(1790953086.807549) can0 2A5#000007BF000007CA
(1790953086.807675) can0 2A6#FFFFF84700000253
(1790953086.807800) can0 2A7#00005689FFFFF5D5
(1790953086.812078) can0 2A1#0100010000000000
(1790953086.812208) can0 2A2#0000D28B000008AE
(1790953086.812325) can0 2A3#0002DF2CFFFD59D8
(1790953086.812424) can0 2A4#00011C10FFFD63AE
(1790953086.812548) can0 2A5#000007BF000007CA
(1790953086.812673) can0 2A6#FFFFF84700000253
(1790953086.812800) can0 2A7#00005689FFFFF5D5
(1790953086.817109) can0 2A1#0100010000000000
(1790953086.817225) can0 2A2#0000D28B000008AE
(1790953086.817327) can0 2A3#0002DF2CFFFD59D8
(1790953086.817452) can0 2A4#00011C10FFFD63AE
(1790953086.817548) can0 2A5#000007BF000007CA
(1790953086.817702) can0 2A6#FFFFF84700000253
(1790953086.817825) can0 2A7#00005689FFFFF5D5
(1790953086.822084) can0 2A1#0100010000000000
(1790953086.822197) can0 2A2#0000D28B000008AE
(1790953086.822324) can0 2A3#0002DF2CFFFD59D8
(1790953086.822449) can0 2A4#00011C10FFFD63AE
(1790953086.822549) can0 2A5#000007BF000007CA
(1790953086.822672) can0 2A6#FFFFF84700000253
(1790953086.822775) can0 2A7#00005689FFFFF5D5
(1790953086.827101) can0 2A1#0100010000000000
(1790953086.827223) can0 2A2#0000D28B000008AE
(1790953086.827325) can0 2A3#0002DF2CFFFD59D8
(1790953086.827452) can0 2A4#00011C10FFFD63AE
(1790953086.827572) can0 2A5#000007BF000007CA
(1790953086.827675) can0 2A6#FFFFF84700000253
(1790953086.827799) can0 2A7#00005689FFFFF5D5
(1790953086.832073) can0 2A1#0100010000000000
(1790953086.832197) can0 2A2#0000D28B000008AE
(1790953086.832322) can0 2A3#0002DF2CFFFD59D8
(1790953086.832422) can0 2A4#00011C10FFFD63AE
(1790953086.832546) can0 2A5#000007BF000007CA
(1790953086.832672) can0 2A6#FFFFF84700000253
(1790953086.832797) can0 2A7#00005689FFFFF5D5
(1790953086.837105) can0 2A1#0100010000000000
(1790953086.837216) can0 2A2#0000D28B000008AE
(1790953086.837325) can0 2A3#0002DF2CFFFD59D8
(1790953086.837425) can0 2A4#00011C10FFFD63AE
(1790953086.837574) can0 2A5#000007BF000007CA
(1790953086.837699) can0 2A6#FFFFF84700000253
(1790953086.837799) can0 2A7#00005689FFFFF5D5
(1790953086.842079) can0 2A1#0100010000000000
(1790953086.842198) can0 2A2#0000D28B000008AE
(1790953086.842326) can0 2A3#0002DF2CFFFD59D8
(1790953086.842425) can0 2A4#00011C10FFFD63AE
(1790953086.842550) can0 2A5#000007BF000007CA
(1790953086.842675) can0 2A6#FFFFF84700000253
(1790953086.842799) can0 2A7#00005689FFFFF5D5
(1790953086.847106) can0 2A1#0100010000000000
(1790953086.847201) can0 2A2#0000D28B000008AE
(1790953086.847324) can0 2A3#0002DF2CFFFD59D8
(1790953086.847449) can0 2A4#00011C10FFFD63AE
(1790953086.847574) can0 2A5#000007BF000007CA
(1790953086.847699) can0 2A6#FFFFF84700000253
(1790953086.847846) can0 2A7#00005689FFFFF5D5
(1790953086.852079) can0 2A1#0100010000000000
(1790953086.852197) can0 2A2#0000D28B000008AE
(1790953086.852324) can0 2A3#0002DF2CFFFD59D8
(1790953086.852423) can0 2A4#00011C10FFFD63AE
(1790953086.852549) can0 2A5#000007BF000007CA
(1790953086.852674) can0 2A6#FFFFF84700000253
(1790953086.852800) can0 2A7#00005689FFFFF5D5
(1790953086.857106) can0 2A1#0100010000000000
(1790953086.857198) can0 2A2#0000D28B000008AE
(1790953086.857325) can0 2A3#0002DF2CFFFD59D8
(1790953086.857449) can0 2A4#00011C10FFFD63AE
(1790953086.857573) can0 2A5#000007BF000007CA
(1790953086.857674) can0 2A6#FFFFF84700000253
(1790953086.857799) can0 2A7#00005689FFFFF5D5
(1790953086.862079) can0 2A1#0100010000000000
(1790953086.862203) can0 2A2#0000D28B000008AE
(1790953086.862324) can0 2A3#0002DF2CFFFD59D8
(1790953086.862449) can0 2A4#00011C10FFFD63AE
(1790953086.862550) can0 2A5#000007BF000007CA
(1790953086.862674) can0 2A6#FFFFF84700000253
(1790953086.862774) can0 2A7#00005689FFFFF5D5
(1790953086.867119) can0 2A1#0100010000000000
(1790953086.867223) can0 2A2#0000D28B000008AE
(1790953086.867324) can0 2A3#0002DF2CFFFD59D8
(1790953086.867449) can0 2A4#00011C10FFFD63AE
(1790953086.867574) can0 2A5#000007BF000007CA
(1790953086.867674) can0 2A6#FFFFF84700000253
(1790953086.867799) can0 2A7#00005689FFFFF5D5
(1790953086.872078) can0 2A1#0100010000000000
(1790953086.872197) can0 2A2#0000D28B000008AE
(1790953086.872323) can0 2A3#0002DF2CFFFD59D8
(1790953086.872450) can0 2A4#00011C10FFFD63AE
(1790953086.872551) can0 2A5#000007BF000007CA
(1790953086.872677) can0 2A6#FFFFF84700000253
(1790953086.872799) can0 2A7#00005689FFFFF5D5
(1790953086.877101) can0 2A1#0100010000000000
(1790953086.877225) can0 2A2#0000D28B000008AE
(1790953086.877325) can0 2A3#0002DF2CFFFD59D8
(1790953086.877450) can0 2A4#00011C10FFFD63AE
(1790953086.877574) can0 2A5#000007BF000007CA
(1790953086.877672) can0 2A6#FFFFF84700000253
(1790953086.877799) can0 2A7#00005689FFFFF5D5
(1790953086.882078) can0 2A1#0100010000000000
(1790953086.882197) can0 2A2#0000D28B000008AE
(1790953086.882298) can0 2A3#0002DF2CFFFD59D8
(1790953086.882423) can0 2A4#00011C10FFFD63AE
(1790953086.882549) can0 2A5#000007BF000007CA
(1790953086.882674) can0 2A6#FFFFF84700000253
(1790953086.882799) can0 2A7#00005689FFFFF5D5
(1790953086.887116) can0 2A1#0100010000000000
(1790953086.887198) can0 2A2#0000D28B000008AE
(1790953086.887324) can0 2A3#0002DF2CFFFD59D8
(1790953086.887447) can0 2A4#00011C10FFFD63AE
(1790953086.887572) can0 2A5#000007BF000007CA
(1790953086.887699) can0 2A6#FFFFF84700000253
(1790953086.887797) can0 2A7#00005689FFFFF5D5
(1790953086.892078) can0 2A1#0100010000000000
(1790953086.892197) can0 2A2#0000D28B000008AE
(1790953086.892299) can0 2A3#0002DF2CFFFD59D8
(1790953086.892424) can0 2A4#00011C10FFFD63AE
(1790953086.892572) can0 2A5#000007BF000007CA
(1790953086.892672) can0 2A6#FFFFF84700000253
(1790953086.892798) can0 2A7#00005689FFFFF5D5
(1790953086.897107) can0 2A1#0100010000000000
(1790953086.897201) can0 2A2#0000D28B000008AE
(1790953086.897324) can0 2A3#0002DF2CFFFD59D8
(1790953086.897449) can0 2A4#00011C10FFFD63AE
(1790953086.897574) can0 2A5#000007BF000007CA
(1790953086.897699) can0 2A6#FFFFF84700000253
(1790953086.897798) can0 2A7#00005689FFFFF5D5
(1790953086.902077) can0 2A1#0100010000000000
(1790953086.902199) can0 2A2#0000D28B000008AE
(1790953086.902324) can0 2A3#0002DF2CFFFD59D8
(1790953086.902425) can0 2A4#00011C10FFFD63AE
(1790953086.902549) can0 2A5#000007BF000007CA
(1790953086.902675) can0 2A6#FFFFF84700000253
(1790953086.902798) can0 2A7#00005689FFFFF5D5
(1790953086.907104) can0 2A1#0100010000000000
(1790953086.907222) can0 2A2#0000D28B000008AE
(1790953086.907324) can0 2A3#0002DF2CFFFD59D8
(1790953086.907449) can0 2A4#00011C10FFFD63AE
(1790953086.907549) can0 2A5#000007BF000007CA
(1790953086.907674) can0 2A6#FFFFF84700000253
(1790953086.907823) can0 2A7#00005689FFFFF5D5
(1790953086.912077) can0 2A1#0100010000000000
(1790953086.912197) can0 2A2#0000D28B000008AE
(1790953086.912324) can0 2A3#0002DF2CFFFD59D8
(1790953086.912423) can0 2A4#00011C10FFFD63AE
(1790953086.912547) can0 2A5#000007BF000007CA
(1790953086.912672) can0 2A6#FFFFF84700000253
(1790953086.912799) can0 2A7#00005689FFFFF5D5
(1790953086.917106) can0 2A1#0100010000000000
(1790953086.917199) can0 2A2#0000D28B000008AE
(1790953086.917324) can0 2A3#0002DF2CFFFD59D8
(1790953086.917448) can0 2A4#00011C10FFFD63AE
(1790953086.917572) can0 2A5#000007BF000007CA
(1790953086.917699) can0 2A6#FFFFF84700000253
(1790953086.917823) can0 2A7#00005689FFFFF5D5
(1790953086.922073) can0 2A1#0100010000000000
(1790953086.922195) can0 2A2#0000D28B000008AE
(1790953086.922321) can0 2A3#0002DF2CFFFD59D8
(1790953086.922446) can0 2A4#00011C10FFFD63AE
(1790953086.922545) can0 2A5#000007BF000007CA
(1790953086.922671) can0 2A6#FFFFF84700000253
(1790953086.922795) can0 2A7#00005689FFFFF5D5
(1790953086.927103) can0 2A1#0100010000000000
(1790953086.927202) can0 2A2#0000D28B000008AE
(1790953086.927322) can0 2A3#0002DF2CFFFD59D8
(1790953086.927448) can0 2A4#00011C10FFFD63AE
(1790953086.927547) can0 2A5#000007BF000007CA
(1790953086.927672) can0 2A6#FFFFF84700000253
(1790953086.927797) can0 2A7#00005689FFFFF5D5
(1790953086.932079) can0 2A1#0100010000000000
(1790953086.932197) can0 2A2#0000D28B000008AE
(1790953086.932322) can0 2A3#0002DF2CFFFD59D8
(1790953086.932447) can0 2A4#00011C10FFFD63AE
(1790953086.932548) can0 2A5#000007BF000007CA
(1790953086.932675) can0 2A6#FFFFF84700000253
(1790953086.932800) can0 2A7#00005689FFFFF5D5
(1790953086.937080) can0 2A1#0100010000000000
(1790953086.937198) can0 2A2#0000D28B000008AE
(1790953086.937323) can0 2A3#0002DF2CFFFD59D8
(1790953086.937448) can0 2A4#00011C10FFFD63AE
(1790953086.937573) can0 2A5#000007BF000007CA
(1790953086.937673) can0 2A6#FFFFF84700000253
(1790953086.937798) can0 2A7#00005689FFFFF5D5
(1790953086.942080) can0 2A1#0100010000000000
(1790953086.942199) can0 2A2#0000D28B000008AE
(1790953086.942324) can0 2A3#0002DF2CFFFD59D8
(1790953086.942448) can0 2A4#00011C10FFFD63AE
(1790953086.942547) can0 2A5#000007BF000007CA
(1790953086.942673) can0 2A6#FFFFF84700000253
(1790953086.942798) can0 2A7#00005689FFFFF5D5
(1790953086.947089) can0 2A1#0100010000000000
(1790953086.947198) can0 2A2#0000D28B000008AE
(1790953086.947323) can0 2A3#0002DF2CFFFD59D8
(1790953086.947448) can0 2A4#00011C10FFFD63AE
(1790953086.947573) can0 2A5#000007BF000007CA
(1790953086.947698) can0 2A6#FFFFF84700000253
(1790953086.947799) can0 2A7#00005689FFFFF5D5
(1790953086.952079) can0 2A1#0100010000000000
(1790953086.952198) can0 2A2#0000D28B000008AE
(1790953086.952323) can0 2A3#0002DF2CFFFD59D8
(1790953086.952447) can0 2A4#00011C10FFFD63AE
(1790953086.952549) can0 2A5#000007BF000007CA
(1790953086.952672) can0 2A6#FFFFF84700000253
(1790953086.952798) can0 2A7#00005689FFFFF5D5
(1790953086.957077) can0 2A1#0100010000000000
(1790953086.957198) can0 2A2#0000D28B000008AE
(1790953086.957323) can0 2A3#0002DF2CFFFD59D8
(1790953086.957448) can0 2A4#00011C10FFFD63AE
(1790953086.957575) can0 2A5#000007BF000007CA
(1790953086.957674) can0 2A6#FFFFF84700000253
(1790953086.957799) can0 2A7#00005689FFFFF5D5
(1790953086.962080) can0 2A1#0100010000000000
(1790953086.962198) can0 2A2#0000D28B000008AE
(1790953086.962323) can0 2A3#0002DF2CFFFD59D8
(1790953086.962423) can0 2A4#00011C10FFFD63AE
(1790953086.962547) can0 2A5#000007BF000007CA
(1790953086.962672) can0 2A6#FFFFF84700000253
(1790953086.962798) can0 2A7#00005689FFFFF5D5
(1790953086.967134) can0 2A1#0100010000000000
(1790953086.967222) can0 2A2#0000D28B000008AE
(1790953086.967331) can0 2A3#0002DF2CFFFD59D8
(1790953086.967451) can0 2A4#00011C10FFFD63AE
(1790953086.967575) can0 2A5#000007BF000007CA
(1790953086.967700) can0 2A6#FFFFF84700000253
(1790953086.967800) can0 2A7#00005689FFFFF5D5
(1790953086.972096) can0 2A1#0100010000000000
(1790953086.972206) can0 2A2#0000D28B000008AE
(1790953086.972325) can0 2A3#0002DF2CFFFD59D8
(1790953086.972451) can0 2A4#00011C10FFFD63AE
(1790953086.972551) can0 2A5#000007BF000007CA
(1790953086.972680) can0 2A6#FFFFF84700000253
(1790953086.972800) can0 2A7#00005689FFFFF5D5
(1790953086.977141) can0 2A1#0100010000000000
(1790953086.977228) can0 2A2#0000D28B000008AE
(1790953086.977325) can0 2A3#0002DF2CFFFD59D8
(1790953086.977449) can0 2A4#00011C10FFFD63AE
(1790953086.977576) can0 2A5#000007BF000007CA
(1790953086.977675) can0 2A6#FFFFF84700000253
(1790953086.977799) can0 2A7#00005689FFFFF5D5
(1790953086.982101) can0 2A1#0100010000000000
(1790953086.982201) can0 2A2#0000D28B000008AE
(1790953086.982325) can0 2A3#0002DF2CFFFD59D8
(1790953086.982424) can0 2A4#00011C10FFFD63AE
(1790953086.982553) can0 2A5#000007BF000007CA
(1790953086.982675) can0 2A6#FFFFF84700000253
(1790953086.982800) can0 2A7#00005689FFFFF5D5
(1790953086.987118) can0 2A1#0100010000000000
(1790953086.987198) can0 2A2#0000D28B000008AE
(1790953086.987321) can0 2A3#0002DF2CFFFD59D8
(1790953086.987421) can0 2A4#00011C10FFFD63AE
(1790953086.987572) can0 2A5#000007BF000007CA
(1790953086.987697) can0 2A6#FFFFF84700000253
(1790953086.987797) can0 2A7#00005689FFFFF5D5
(1790953086.992090) can0 2A1#0100010000000000
(1790953086.992199) can0 2A2#0000D28B000008AE
(1790953086.992324) can0 2A3#0002DF2CFFFD59D8
(1790953086.992423) can0 2A4#00011C10FFFD63AE
(1790953086.992548) can0 2A5#000007BF000007CA
(1790953086.992671) can0 2A6#FFFFF84700000253
(1790953086.992798) can0 2A7#00005689FFFFF5D5
(1790953086.997266) can0 2A1#0100010000000000
(1790953086.997277) can0 2A2#0000D28B000008AE
(1790953086.997424) can0 2A3#0002DF2CFFFD59D8
(1790953086.997449) can0 2A4#00011C10FFFD63AE
(1790953086.997627) can0 2A5#000007BF000007CA
(1790953086.997807) can0 2A6#FFFFF84700000253
(1790953086.997827) can0 2A7#00005689FFFFF5D5
(1790953087.002102) can0 2A1#0100010000000000
(1790953087.002200) can0 2A2#0000D28B000008AE
(1790953087.002324) can0 2A3#0002DF2CFFFD59D8
(1790953087.002449) can0 2A4#00011C10FFFD63AE
(1790953087.002548) can0 2A5#000007BF000007CA
(1790953087.002673) can0 2A6#FFFFF84700000253
(1790953087.002798) can0 2A7#00005689FFFFF5D5
(1790953087.007373) can0 2A1#0100010000000000
(1790953087.007380) can0 2A2#0000D28B000008AE
(1790953087.007381) can0 2A3#0002DF2CFFFD59D8
(1790953087.007449) can0 2A4#00011C10FFFD63AE
(1790953087.007573) can0 2A5#000007BF000007CA
(1790953087.007673) can0 2A6#FFFFF84700000253
(1790953087.007799) can0 2A7#00005689FFFFF5D5
(1790953087.012176) can0 2A1#0100010000000000
(1790953087.012202) can0 2A2#0000D28B000008AE
(1790953087.012323) can0 2A3#0002DF2CFFFD59D8
(1790953087.012423) can0 2A4#00011C10FFFD63AE
(1790953087.012547) can0 2A5#000007BF000007CA
(1790953087.012672) can0 2A6#FFFFF84700000253
(1790953087.012797) can0 2A7#00005689FFFFF5D5
(1790953087.017204) can0 2A1#0100010000000000
(1790953087.017217) can0 2A2#0000D28B000008AE
(1790953087.017427) can0 2A3#0002DF2CFFFD59D8
(1790953087.017452) can0 2A4#00011C10FFFD63AE
(1790953087.017667) can0 2A5#000007BF000007CA
(1790953087.017805) can0 2A6#FFFFF84700000253
(1790953087.017810) can0 2A7#00005689FFFFF5D5
(1790953087.022152) can0 2A1#0100010000000000
(1790953087.022329) can0 2A2#0000D28B000008AE
(1790953087.022334) can0 2A3#0002DF2CFFFD59D8
(1790953087.022578) can0 2A4#00011C10FFFD63AE
(1790953087.022583) can0 2A5#000007BF000007CA
(1790953087.022745) can0 2A6#FFFFF84700000253
(1790953087.022923) can0 2A7#00005689FFFFF5D5
(1790953087.027206) can0 2A1#0100010000000000
(1790953087.027224) can0 2A2#0000D28B000008AE
(1790953087.027381) can0 2A3#0002DF2CFFFD59D8
(1790953087.027551) can0 2A4#00011C10FFFD63AE
(1790953087.027577) can0 2A5#000007BF000007CA
(1790953087.027703) can0 2A6#FFFFF84700000253
(1790953087.027872) can0 2A7#00005689FFFFF5D5
(1790953087.032097) can0 2A1#0100010000000000
(1790953087.032203) can0 2A2#0000D28B000008AE
(1790953087.032325) can0 2A3#0002DF2CFFFD59D8
(1790953087.032425) can0 2A4#00011C10FFFD63AE
(1790953087.032549) can0 2A5#000007BF000007CA
(1790953087.032674) can0 2A6#FFFFF84700000253
(1790953087.032801) can0 2A7#00005689FFFFF5D5
(1790953087.037204) can0 2A1#0100010000000000
(1790953087.037239) can0 2A2#0000D28B000008AE
(1790953087.037444) can0 2A3#0002DF2CFFFD59D8
(1790953087.037472) can0 2A4#00011C10FFFD63AE
(1790953087.037633) can0 2A5#000007BF000007CA
(1790953087.037833) can0 2A6#FFFFF84700000253
(1790953087.037852) can0 2A7#00005689FFFFF5D5
(1790953087.042137) can0 2A1#0100010000000000
(1790953087.042200) can0 2A2#0000D28B000008AE
(1790953087.042327) can0 2A3#0002DF2CFFFD59D8
(1790953087.042433) can0 2A4#00011C10FFFD63AE
(1790953087.042551) can0 2A5#000007BF000007CA
(1790953087.042683) can0 2A6#FFFFF84700000253
(1790953087.042809) can0 2A7#00005689FFFFF5D5
(1790953087.047220) can0 2A1#0100010000000000
(1790953087.047253) can0 2A2#0000D28B000008AE
(1790953087.047326) can0 2A3#0002DF2CFFFD59D8
(1790953087.047449) can0 2A4#00011C10FFFD63AE
(1790953087.047576) can0 2A5#000007BF000007CA
(1790953087.047701) can0 2A6#FFFFF84700000253
(1790953087.047823) can0 2A7#00005689FFFFF5D5
(1790953087.052102) can0 2A1#0100010000000000
(1790953087.052202) can0 2A2#0000D28B000008AE
(1790953087.052326) can0 2A3#0002DF2CFFFD59D8
(1790953087.052450) can0 2A4#00011C10FFFD63AE
(1790953087.052551) can0 2A5#000007BF000007CA
(1790953087.052676) can0 2A6#FFFFF84700000253
(1790953087.052800) can0 2A7#00005689FFFFF5D5
(1790953087.057128) can0 2A1#0100010000000000
(1790953087.057229) can0 2A2#0000D28B000008AE
(1790953087.057324) can0 2A3#0002DF2CFFFD59D8
(1790953087.057451) can0 2A4#00011C10FFFD63AE
(1790953087.057575) can0 2A5#000007BF000007CA
(1790953087.057674) can0 2A6#FFFFF84700000253
(1790953087.057799) can0 2A7#00005689FFFFF5D5
(1790953087.062098) can0 2A1#0100010000000000
(1790953087.062203) can0 2A2#0000D28B000008AE
(1790953087.062329) can0 2A3#0002DF2CFFFD59D8
(1790953087.062457) can0 2A4#00011C10FFFD63AE
(1790953087.062548) can0 2A5#000007BF000007CA
(1790953087.062673) can0 2A6#FFFFF84700000253
(1790953087.062798) can0 2A7#00005689FFFFF5D5
(1790953087.067095) can0 2A1#0100010000000000
(1790953087.067201) can0 2A2#0000D28B000008AE
(1790953087.067325) can0 2A3#0002DF2CFFFD59D8
(1790953087.067448) can0 2A4#00011C10FFFD63AE
(1790953087.067572) can0 2A5#000007BF000007CA
(1790953087.067673) can0 2A6#FFFFF84700000253
(1790953087.067798) can0 2A7#00005689FFFFF5D5
(1790953087.072080) can0 2A1#0100010000000000
(1790953087.072200) can0 2A2#0000D28B000008AE
(1790953087.072322) can0 2A3#0002DF2CFFFD59D8
(1790953087.072422) can0 2A4#00011C10FFFD63AE
(1790953087.072547) can0 2A5#000007BF000007CA
(1790953087.072672) can0 2A6#FFFFF84700000253
(1790953087.072797) can0 2A7#00005689FFFFF5D5
(1790953087.077092) can0 2A1#0100010000000000
(1790953087.077204) can0 2A2#0000D28B000008AE
(1790953087.077327) can0 2A3#0002DF2CFFFD59D8
(1790953087.077452) can0 2A4#00011C10FFFD63AE
(1790953087.077577) can0 2A5#000007BF000007CA
(1790953087.077700) can0 2A6#FFFFF84700000253
(1790953087.077797) can0 2A7#00005689FFFFF5D5
(1790953087.082089) can0 2A1#0100010000000000
(1790953087.082200) can0 2A2#0000D28B000008AE
(1790953087.082324) can0 2A3#0002DF2CFFFD59D8
(1790953087.082424) can0 2A4#00011C10FFFD63AE
(1790953087.082549) can0 2A5#000007BF000007CA
(1790953087.082674) can0 2A6#FFFFF84700000253
(1790953087.082799) can0 2A7#00005689FFFFF5D5
(1790953087.087123) can0 2A1#0100010000000000
(1790953087.087228) can0 2A2#0000D28B000008AE
(1790953087.087325) can0 2A3#0002DF2CFFFD59D8
(1790953087.087450) can0 2A4#00011C10FFFD63AE
(1790953087.087550) can0 2A5#000007BF000007CA
(1790953087.087701) can0 2A6#FFFFF84700000253
(1790953087.087824) can0 2A7#00005689FFFFF5D5
(1790953087.092096) can0 2A1#0100010000000000
(1790953087.092202) can0 2A2#0000D28B000008AE
(1790953087.092325) can0 2A3#0002DF2CFFFD59D8
(1790953087.092448) can0 2A4#00011C10FFFD63AE
(1790953087.092548) can0 2A5#000007BF000007CA
(1790953087.092674) can0 2A6#FFFFF84700000253
(1790953087.092798) can0 2A7#00005689FFFFF5D5
(1790953087.097158) can0 2A1#0100010000000000
(1790953087.097229) can0 2A2#0000D28B000008AE
(1790953087.097456) can0 2A3#0002DF2CFFFD59D8
(1790953087.097462) can0 2A4#00011C10FFFD63AE
(1790953087.097737) can0 2A5#000007BF000007CA
(1790953087.097742) can0 2A6#FFFFF84700000253
(1790953087.097827) can0 2A7#00005689FFFFF5D5
(1790953087.102167) can0 2A1#0100010000000000
(1790953087.102200) can0 2A2#0000D28B000008AE
(1790953087.102428) can0 2A3#0002DF2CFFFD59D8
(1790953087.102453) can0 2A4#00011C10FFFD63AE
(1790953087.102683) can0 2A5#000007BF000007CA
(1790953087.102691) can0 2A6#FFFFF84700000253
(1790953087.102799) can0 2A7#00005689FFFFF5D5
(1790953087.107095) can0 2A1#0100010000000000
(1790953087.107201) can0 2A2#0000D28B000008AE
(1790953087.107324) can0 2A3#0002DF2CFFFD59D8
(1790953087.107448) can0 2A4#00011C10FFFD63AE
(1790953087.107573) can0 2A5#000007BF000007CA
(1790953087.107698) can0 2A6#FFFFF84700000253
(1790953087.107799) can0 2A7#00005689FFFFF5D5
(1790953087.112089) can0 2A1#0100010000000000
(1790953087.112201) can0 2A2#0000D28B000008AE
(1790953087.112325) can0 2A3#0002DF2CFFFD59D8
(1790953087.112451) can0 2A4#00011C10FFFD63AE
(1790953087.112550) can0 2A5#000007BF000007CA
(1790953087.112674) can0 2A6#FFFFF84700000253
(1790953087.112799) can0 2A7#00005689FFFFF5D5
(1790953087.117210) can0 2A1#0100010000000000
(1790953087.117232) can0 2A2#0000D28B000008AE
(1790953087.117326) can0 2A3#0002DF2CFFFD59D8
(1790953087.117452) can0 2A4#00011C10FFFD63AE
(1790953087.117588) can0 2A5#000007BF000007CA
(1790953087.117701) can0 2A6#FFFFF84700000253
(1790953087.117798) can0 2A7#00005689FFFFF5D5
(1790953087.122130) can0 2A1#0100010000000000
(1790953087.122303) can0 2A2#0000D28B000008AE
(1790953087.122307) can0 2A3#0002DF2CFFFD59D8
(1790953087.122473) can0 2A4#00011C10FFFD63AE
(1790953087.122547) can0 2A5#000007BF000007CA
(1790953087.122672) can0 2A6#FFFFF84700000253
(1790953087.122799) can0 2A7#00005689FFFFF5D5
(1790953087.127105) can0 2A1#0100010000000000
(1790953087.127202) can0 2A2#0000D28B000008AE
(1790953087.127324) can0 2A3#0002DF2CFFFD59D8
(1790953087.127448) can0 2A4#00011C10FFFD63AE
(1790953087.127573) can0 2A5#000007BF000007CA
(1790953087.127699) can0 2A6#FFFFF84700000253
(1790953087.127798) can0 2A7#00005689FFFFF5D5
(1790953087.132282) can0 2A1#0100010000000000
(1790953087.132298) can0 2A2#0000D28B000008AE
(1790953087.132326) can0 2A3#0002DF2CFFFD59D8
(1790953087.132422) can0 2A4#00011C10FFFD63AE
(1790953087.132547) can0 2A5#000007BF000007CA
(1790953087.132673) can0 2A6#FFFFF84700000253
(1790953087.132797) can0 2A7#00005689FFFFF5D5
(1790953087.137197) can0 2A1#0100010000000000
(1790953087.137232) can0 2A2#0000D28B000008AE
(1790953087.137325) can0 2A3#0002DF2CFFFD59D8
(1790953087.137450) can0 2A4#00011C10FFFD63AE
(1790953087.137573) can0 2A5#000007BF000007CA
(1790953087.137698) can0 2A6#FFFFF84700000253
(1790953087.137826) can0 2A7#00005689FFFFF5D5
(1790953087.142087) can0 2A1#0100010000000000
(1790953087.142200) can0 2A2#0000D28B000008AE
(1790953087.142324) can0 2A3#0002DF2CFFFD59D8
(1790953087.142449) can0 2A4#00011C10FFFD63AE
(1790953087.142548) can0 2A5#000007BF000007CA
(1790953087.142674) can0 2A6#FFFFF84700000253
(1790953087.142798) can0 2A7#00005689FFFFF5D5
(1790953087.147249) can0 2A1#0100010000000000
(1790953087.147258) can0 2A2#0000D28B000008AE
(1790953087.147325) can0 2A3#0002DF2CFFFD59D8
(1790953087.147553) can0 2A4#00011C10FFFD63AE
(1790953087.147580) can0 2A5#000007BF000007CA
(1790953087.147760) can0 2A6#FFFFF84700000253
(1790953087.147903) can0 2A7#00005689FFFFF5D5
(1790953087.152138) can0 2A1#0100010000000000
(1790953087.152205) can0 2A2#0000D28B000008AE
(1790953087.152398) can0 2A3#0002DF2CFFFD59D8
(1790953087.152451) can0 2A4#00011C10FFFD63AE
(1790953087.152608) can0 2A5#000007BF000007CA
(1790953087.152757) can0 2A6#FFFFF84700000253
(1790953087.152800) can0 2A7#00005689FFFFF5D5
(1790953087.157169) can0 2A1#0100010000000000
(1790953087.157226) can0 2A2#0000D28B000008AE
(1790953087.157397) can0 2A3#0002DF2CFFFD59D8
(1790953087.157451) can0 2A4#00011C10FFFD63AE
(1790953087.157675) can0 2A5#000007BF000007CA
(1790953087.157688) can0 2A6#FFFFF84700000253
(1790953087.157929) can0 2A7#00005689FFFFF5D5
(1790953087.162166) can0 2A1#0100010000000000
(1790953087.162200) can0 2A2#0000D28B000008AE
(1790953087.162410) can0 2A3#0002DF2CFFFD59D8
(1790953087.162450) can0 2A4#00011C10FFFD63AE
(1790953087.162550) can0 2A5#000007BF000007CA
(1790953087.162676) can0 2A6#FFFFF84700000253
(1790953087.162801) can0 2A7#00005689FFFFF5D5
(1790953087.167089) can0 2A1#0100010000000000
(1790953087.167205) can0 2A2#0000D28B000008AE
(1790953087.167328) can0 2A3#0002DF2CFFFD59D8
(1790953087.167449) can0 2A4#00011C10FFFD63AE
(1790953087.167575) can0 2A5#000007BF000007CA
(1790953087.167675) can0 2A6#FFFFF84700000253
(1790953087.167800) can0 2A7#00005689FFFFF5D5
(1790953087.172084) can0 2A1#0100010000000000
(1790953087.172202) can0 2A2#0000D28B000008AE
(1790953087.172326) can0 2A3#0002DF2CFFFD59D8
(1790953087.172425) can0 2A4#00011C10FFFD63AE
(1790953087.172550) can0 2A5#000007BF000007CA
(1790953087.172676) can0 2A6#FFFFF84700000253
(1790953087.172800) can0 2A7#00005689FFFFF5D5
(1790953087.177099) can0 2A1#0100010000000000
(1790953087.177198) can0 2A2#0000D28B000008AE
(1790953087.177323) can0 2A3#0002DF2CFFFD59D8
(1790953087.177448) can0 2A4#00011C10FFFD63AE
(1790953087.177647) can0 2A5#000007BF000007CA
(1790953087.177699) can0 2A6#FFFFF84700000253
(1790953087.177798) can0 2A7#00005689FFFFF5D5
(1790953087.182109) can0 2A1#0100010000000000
(1790953087.182201) can0 2A2#0000D28B000008AE
(1790953087.182325) can0 2A3#0002DF2CFFFD59D8
(1790953087.182425) can0 2A4#00011C10FFFD63AE
(1790953087.182549) can0 2A5#000007BF000007CA
(1790953087.182675) can0 2A6#FFFFF84700000253
(1790953087.182800) can0 2A7#00005689FFFFF5D5
(1790953087.187098) can0 2A1#0100010000000000
(1790953087.187198) can0 2A2#0000D28B000008AE
(1790953087.187324) can0 2A3#0002DF2CFFFD59D8
(1790953087.187451) can0 2A4#00011C10FFFD63AE
(1790953087.187575) can0 2A5#000007BF000007CA
(1790953087.187698) can0 2A6#FFFFF84700000253
(1790953087.187798) can0 2A7#00005689FFFFF5D5
(1790953087.192075) can0 2A1#0100010000000000
(1790953087.192198) can0 2A2#0000D28B000008AE
(1790953087.192323) can0 2A3#0002DF2CFFFD59D8
(1790953087.192447) can0 2A4#00011C10FFFD63AE
(1790953087.192572) can0 2A5#000007BF000007CA
(1790953087.192672) can0 2A6#FFFFF84700000253
(1790953087.192797) can0 2A7#00005689FFFFF5D5
(1790953087.197105) can0 2A1#0100010000000000
(1790953087.197200) can0 2A2#0000D28B000008AE
(1790953087.197325) can0 2A3#0002DF2CFFFD59D8
(1790953087.197449) can0 2A4#00011C10FFFD63AE
(1790953087.197575) can0 2A5#000007BF000007CA
(1790953087.197700) can0 2A6#FFFFF84700000253
(1790953087.197800) can0 2A7#00005689FFFFF5D5
(1790953087.202078) can0 2A1#0100010000000000
(1790953087.202201) can0 2A2#0000D28B000008AE
(1790953087.202299) can0 2A3#0002DF2CFFFD59D8
(1790953087.202450) can0 2A4#00011C10FFFD63AE
(1790953087.202575) can0 2A5#000007BF000007CA
(1790953087.202674) can0 2A6#FFFFF84700000253
(1790953087.202800) can0 2A7#00005689FFFFF5D5
(1790953087.207077) can0 2A1#0100010000000000
(1790953087.207200) can0 2A2#0000D28B000008AE
(1790953087.207324) can0 2A3#0002DF2CFFFD59D8
(1790953087.207449) can0 2A4#00011C10FFFD63AE
(1790953087.207575) can0 2A5#000007BF000007CA
(1790953087.207700) can0 2A6#FFFFF84700000253
(1790953087.207800) can0 2A7#00005689FFFFF5D5
(1790953087.212075) can0 2A1#0100010000000000
(1790953087.212200) can0 2A2#0000D28B000008AE
(1790953087.212324) can0 2A3#0002DF2CFFFD59D8
(1790953087.212449) can0 2A4#00011C10FFFD63AE
(1790953087.212549) can0 2A5#000007BF000007CA
(1790953087.212675) can0 2A6#FFFFF84700000253
(1790953087.212799) can0 2A7#00005689FFFFF5D5
(1790953087.217077) can0 2A1#0100010000000000
(1790953087.217225) can0 2A2#0000D28B000008AE
(1790953087.217323) can0 2A3#0002DF2CFFFD59D8
(1790953087.217448) can0 2A4#00011C10FFFD63AE
(1790953087.217573) can0 2A5#000007BF000007CA
(1790953087.217698) can0 2A6#FFFFF84700000253
(1790953087.217797) can0 2A7#00005689FFFFF5D5
(1790953087.222079) can0 2A1#0100010000000000
(1790953087.222199) can0 2A2#0000D28B000008AE
(1790953087.222323) can0 2A3#0002DF2CFFFD59D8
(1790953087.222448) can0 2A4#00011C10FFFD63AE
(1790953087.222548) can0 2A5#000007BF000007CA
(1790953087.222673) can0 2A6#FFFFF84700000253
(1790953087.222797) can0 2A7#00005689FFFFF5D5
(1790953087.227105) can0 2A1#0100010000000000
(1790953087.227200) can0 2A2#0000D28B000008AE
(1790953087.227324) can0 2A3#0002DF2CFFFD59D8
(1790953087.227449) can0 2A4#00011C10FFFD63AE
(1790953087.227574) can0 2A5#000007BF000007CA
(1790953087.227699) can0 2A6#FFFFF84700000253
(1790953087.227799) can0 2A7#00005689FFFFF5D5
(1790953087.232088) can0 2A1#0100010000000000
(1790953087.232202) can0 2A2#0000D28B000008AE
(1790953087.232327) can0 2A3#0002DF2CFFFD59D8
(1790953087.232452) can0 2A4#00011C10FFFD63AE
(1790953087.232550) can0 2A5#000007BF000007CA
(1790953087.232676) can0 2A6#FFFFF84700000253
(1790953087.232800) can0 2A7#00005689FFFFF5D5
(1790953087.237106) can0 2A1#0100010000000000
(1790953087.237223) can0 2A2#0000D28B000008AE
(1790953087.237324) can0 2A3#0002DF2CFFFD59D8
(1790953087.237449) can0 2A4#00011C10FFFD63AE
(1790953087.237572) can0 2A5#000007BF000007CA
(1790953087.237674) can0 2A6#FFFFF84700000253
(1790953087.237797) can0 2A7#00005689FFFFF5D5
(1790953087.242123) can0 2A1#0100010000000000
(1790953087.242200) can0 2A2#0000D28B000008AE
(1790953087.242324) can0 2A3#0002DF2CFFFD59D8
(1790953087.242449) can0 2A4#00011C10FFFD63AE
(1790953087.242549) can0 2A5#000007BF000007CA
(1790953087.242675) can0 2A6#FFFFF84700000253
(1790953087.242799) can0 2A7#00005689FFFFF5D5
(1790953087.247117) can0 2A1#0100010000000000
(1790953087.247227) can0 2A2#0000D28B000008AE
(1790953087.247325) can0 2A3#0002DF2CFFFD59D8
(1790953087.247450) can0 2A4#00011C10FFFD63AE
(1790953087.247575) can0 2A5#000007BF000007CA
(1790953087.247675) can0 2A6#FFFFF84700000253
(1790953087.247800) can0 2A7#00005689FFFFF5D5
(1790953087.252097) can0 2A1#0100010000000000
(1790953087.252200) can0 2A2#0000D28B000008AE
(1790953087.252324) can0 2A3#0002DF2CFFFD59D8
(1790953087.252448) can0 2A4#00011C10FFFD63AE
(1790953087.252549) can0 2A5#000007BF000007CA
(1790953087.252674) can0 2A6#FFFFF84700000253
(1790953087.252800) can0 2A7#00005689FFFFF5D5
(1790953087.257104) can0 2A1#0100010000000000
(1790953087.257227) can0 2A2#0000D28B000008AE
(1790953087.257322) can0 2A3#0002DF2CFFFD59D8
(1790953087.257448) can0 2A4#00011C10FFFD63AE
(1790953087.257573) can0 2A5#000007BF000007CA
(1790953087.257673) can0 2A6#FFFFF84700000253
(1790953087.257799) can0 2A7#00005689FFFFF5D5
(1790953087.262072) can0 2A1#0100010000000000
(1790953087.262198) can0 2A2#0000D28B000008AE
(1790953087.262322) can0 2A3#0002DF2CFFFD59D8
(1790953087.262423) can0 2A4#00011C10FFFD63AE
(1790953087.262547) can0 2A5#000007BF000007CA
(1790953087.262673) can0 2A6#FFFFF84700000253
(1790953087.262798) can0 2A7#00005689FFFFF5D5
(1790953087.267112) can0 2A1#0100010000000000
(1790953087.267234) can0 2A2#0000D28B000008AE
(1790953087.267324) can0 2A3#0002DF2CFFFD59D8
(1790953087.267449) can0 2A4#00011C10FFFD63AE
(1790953087.267574) can0 2A5#000007BF000007CA
(1790953087.267697) can0 2A6#FFFFF84700000253
(1790953087.267822) can0 2A7#00005689FFFFF5D5
(1790953087.272074) can0 2A1#0100010000000000
(1790953087.272198) can0 2A2#0000D28B000008AE
(1790953087.272322) can0 2A3#0002DF2CFFFD59D8
(1790953087.272447) can0 2A4#00011C10FFFD63AE
(1790953087.272547) can0 2A5#000007BF000007CA
(1790953087.272672) can0 2A6#FFFFF84700000253
(1790953087.272797) can0 2A7#00005689FFFFF5D5
(1790953087.277104) can0 2A1#0100010000000000
(1790953087.277224) can0 2A2#0000D28B000008AE
(1790953087.277324) can0 2A3#0002DF2CFFFD59D8
(1790953087.277449) can0 2A4#00011C10FFFD63AE
(1790953087.277573) can0 2A5#000007BF000007CA
(1790953087.277674) can0 2A6#FFFFF84700000253
(1790953087.277799) can0 2A7#00005689FFFFF5D5
(1790953087.282092) can0 2A1#0100010000000000
(1790953087.282201) can0 2A2#0000D28B000008AE
(1790953087.282328) can0 2A3#0002DF2CFFFD59D8
(1790953087.282424) can0 2A4#00011C10FFFD63AE
(1790953087.282549) can0 2A5#000007BF000007CA
(1790953087.282677) can0 2A6#FFFFF84700000253
(1790953087.282803) can0 2A7#00005689FFFFF5D5
(1790953087.287113) can0 2A1#0100010000000000
(1790953087.287227) can0 2A2#0000D28B000008AE
(1790953087.287326) can0 2A3#0002DF2CFFFD59D8
(1790953087.287451) can0 2A4#00011C10FFFD63AE
(1790953087.287576) can0 2A5#000007BF000007CA
(1790953087.287675) can0 2A6#FFFFF84700000253
(1790953087.287800) can0 2A7#00005689FFFFF5D5
(1790953087.292082) can0 2A1#0100010000000000
(1790953087.292200) can0 2A2#0000D28B000008AE
(1790953087.292325) can0 2A3#0002DF2CFFFD59D8
(1790953087.292450) can0 2A4#00011C10FFFD63AE
(1790953087.292574) can0 2A5#000007BF000007CA
(1790953087.292673) can0 2A6#FFFFF84700000253
(1790953087.292799) can0 2A7#00005689FFFFF5D5
(1790953087.297101) can0 2A1#0100010000000000
(1790953087.297226) can0 2A2#0000D28B000008AE
(1790953087.297324) can0 2A3#0002DF2CFFFD59D8
(1790953087.297449) can0 2A4#00011C10FFFD63AE
(1790953087.297573) can0 2A5#000007BF000007CA
(1790953087.297676) can0 2A6#FFFFF84700000253
(1790953087.297800) can0 2A7#00005689FFFFF5D5
(1790953087.302081) can0 2A1#0100010000000000
(1790953087.302201) can0 2A2#0000D28B000008AE
(1790953087.302325) can0 2A3#0002DF2CFFFD59D8
(1790953087.302450) can0 2A4#00011C10FFFD63AE
(1790953087.302550) can0 2A5#000007BF000007CA
(1790953087.302675) can0 2A6#FFFFF84700000253
(1790953087.302800) can0 2A7#00005689FFFFF5D5
(1790953087.307103) can0 2A1#0100010000000000
(1790953087.307198) can0 2A2#0000D28B000008AE
(1790953087.307323) can0 2A3#0002DF2CFFFD59D8
(1790953087.307447) can0 2A4#00011C10FFFD63AE
(1790953087.307572) can0 2A5#000007BF000007CA
(1790953087.307698) can0 2A6#FFFFF84700000253
(1790953087.307822) can0 2A7#00005689FFFFF5D5
(1790953087.312080) can0 2A1#0100010000000000
(1790953087.312200) can0 2A2#0000D28B000008AE
(1790953087.312325) can0 2A3#0002DF2CFFFD59D8
(1790953087.312449) can0 2A4#00011C10FFFD63AE
(1790953087.312550) can0 2A5#000007BF000007CA
(1790953087.312675) can0 2A6#FFFFF84700000253
(1790953087.312800) can0 2A7#00005689FFFFF5D5
(1790953087.317131) can0 2A1#0100010000000000
(1790953087.317229) can0 2A2#0000D28B000008AE
(1790953087.317330) can0 2A3#0002DF2CFFFD59D8
(1790953087.317452) can0 2A4#00011C10FFFD63AE
(1790953087.317552) can0 2A5#000007BF000007CA
(1790953087.317701) can0 2A6#FFFFF84700000253
(1790953087.317882) can0 2A7#00005689FFFFF5D5
(1790953087.322086) can0 2A1#0100010000000000
(1790953087.322200) can0 2A2#0000D28B000008AE
(1790953087.322322) can0 2A3#0002DF2CFFFD59D8
(1790953087.322447) can0 2A4#00011C10FFFD63AE
(1790953087.322547) can0 2A5#000007BF000007CA
(1790953087.322672) can0 2A6#FFFFF84700000253
(1790953087.322797) can0 2A7#00005689FFFFF5D5
(1790953087.327110) can0 2A1#0100010000000000
(1790953087.327225) can0 2A2#0000D28B000008AE
(1790953087.327324) can0 2A3#0002DF2CFFFD59D8
(1790953087.327448) can0 2A4#00011C10FFFD63AE
(1790953087.327574) can0 2A5#000007BF000007CA
(1790953087.327673) can0 2A6#FFFFF84700000253
(1790953087.327798) can0 2A7#00005689FFFFF5D5
(1790953087.332082) can0 2A1#0100010000000000
(1790953087.332202) can0 2A2#0000D28B000008AE
(1790953087.332326) can0 2A3#0002DF2CFFFD59D8
(1790953087.332745) can0 2A4#00011C10FFFD63AE
(1790953087.332748) can0 2A5#000007BF000007CA
(1790953087.332750) can0 2A6#FFFFF84700000253
(1790953087.332799) can0 2A7#00005689FFFFF5D5
(1790953087.337109) can0 2A1#0100010000000000
(1790953087.337199) can0 2A2#0000D28B000008AE
(1790953087.337324) can0 2A3#0002DF2CFFFD59D8
(1790953087.337449) can0 2A4#00011C10FFFD63AE
(1790953087.337574) can0 2A5#000007BF000007CA
(1790953087.337699) can0 2A6#FFFFF84700000253
(1790953087.337799) can0 2A7#00005689FFFFF5D5
(1790953087.342084) can0 2A1#0100010000000000
(1790953087.342200) can0 2A2#0000D28B000008AE
(1790953087.342324) can0 2A3#0002DF2CFFFD59D8
(1790953087.342449) can0 2A4#00011C10FFFD63AE
(1790953087.342574) can0 2A5#000007BF000007CA
(1790953087.342674) can0 2A6#FFFFF84700000253
(1790953087.342798) can0 2A7#00005689FFFFF5D5
(1790953087.347108) can0 2A1#0100010000000000
(1790953087.347200) can0 2A2#0000D28B000008AE
(1790953087.347325) can0 2A3#0002DF2CFFFD59D8
(1790953087.347449) can0 2A4#00011C10FFFD63AE
(1790953087.347575) can0 2A5#000007BF000007CA
(1790953087.347702) can0 2A6#FFFFF84700000253
(1790953087.347800) can0 2A7#00005689FFFFF5D5
(1790953087.352080) can0 2A1#0100010000000000
(1790953087.352199) can0 2A2#0000D28B000008AE
(1790953087.352299) can0 2A3#0002DF2CFFFD59D8
(1790953087.352450) can0 2A4#00011C10FFFD63AE
(1790953087.352574) can0 2A5#000007BF000007CA
(1790953087.352674) can0 2A6#FFFFF84700000253
(1790953087.352800) can0 2A7#00005689FFFFF5D5
(1790953087.357106) can0 2A1#0100010000000000
(1790953087.357200) can0 2A2#0000D28B000008AE
(1790953087.357324) can0 2A3#0002DF2CFFFD59D8
(1790953087.357449) can0 2A4#00011C10FFFD63AE
(1790953087.357574) can0 2A5#000007BF000007CA
(1790953087.357699) can0 2A6#FFFFF84700000253
(1790953087.357799) can0 2A7#00005689FFFFF5D5
(1790953087.362078) can0 2A1#0100010000000000
(1790953087.362199) can0 2A2#0000D28B000008AE
(1790953087.362324) can0 2A3#0002DF2CFFFD59D8
(1790953087.362423) can0 2A4#00011C10FFFD63AE
(1790953087.362573) can0 2A5#000007BF000007CA
(1790953087.362674) can0 2A6#FFFFF84700000253
(1790953087.362799) can0 2A7#00005689FFFFF5D5
(1790953087.367123) can0 2A1#0100010000000000
(1790953087.367200) can0 2A2#0000D28B000008AE
(1790953087.367324) can0 2A3#0002DF2CFFFD59D8
(1790953087.367449) can0 2A4#00011C10FFFD63AE
(1790953087.367574) can0 2A5#000007BF000007CA
(1790953087.367699) can0 2A6#FFFFF84700000253
(1790953087.367799) can0 2A7#00005689FFFFF5D5
(1790953087.372087) can0 2A1#0100010000000000
(1790953087.372205) can0 2A2#0000D28B000008AE
(1790953087.372301) can0 2A3#0002DF2CFFFD59D8
(1790953087.372424) can0 2A4#00011C10FFFD63AE
(1790953087.372574) can0 2A5#000007BF000007CA
(1790953087.372674) can0 2A6#FFFFF84700000253
(1790953087.372799) can0 2A7#00005689FFFFF5D5
(1790953087.377112) can0 2A1#0100010000000000
(1790953087.377199) can0 2A2#0000D28B000008AE
(1790953087.377323) can0 2A3#0002DF2CFFFD59D8
(1790953087.377450) can0 2A4#00011C10FFFD63AE
(1790953087.377574) can0 2A5#000007BF000007CA
(1790953087.377699) can0 2A6#FFFFF84700000253
(1790953087.377824) can0 2A7#00005689FFFFF5D5
(1790953087.382091) can0 2A1#0100010000000000
(1790953087.382201) can0 2A2#0000D28B000008AE
(1790953087.382324) can0 2A3#0002DF2CFFFD59D8
(1790953087.382449) can0 2A4#00011C10FFFD63AE
(1790953087.382576) can0 2A5#000007BF000007CA
(1790953087.382680) can0 2A6#FFFFF84700000253
(1790953087.382802) can0 2A7#00005689FFFFF5D5
(1790953087.387113) can0 2A1#0100010000000000
(1790953087.387199) can0 2A2#0000D28B000008AE
(1790953087.387325) can0 2A3#0002DF2CFFFD59D8
(1790953087.387448) can0 2A4#00011C10FFFD63AE
(1790953087.387573) can0 2A5#000007BF000007CA
(1790953087.387698) can0 2A6#FFFFF84700000253
(1790953087.387823) can0 2A7#00005689FFFFF5D5
(1790953087.392079) can0 2A1#0100010000000000
(1790953087.392198) can0 2A2#0000D28B000008AE
(1790953087.392323) can0 2A3#0002DF2CFFFD59D8
(1790953087.392447) can0 2A4#00011C10FFFD63AE
(1790953087.392547) can0 2A5#000007BF000007CA
(1790953087.392672) can0 2A6#FFFFF84700000253
(1790953087.392798) can0 2A7#00005689FFFFF5D5
(1790953087.397103) can0 2A1#0100010000000000
(1790953087.397223) can0 2A2#0000D28B000008AE
(1790953087.397323) can0 2A3#0002DF2CFFFD59D8
(1790953087.397455) can0 2A4#00011C10FFFD63AE
(1790953087.397575) can0 2A5#000007BF000007CA
(1790953087.397675) can0 2A6#FFFFF84700000253
(1790953087.397799) can0 2A7#00005689FFFFF5D5
(1790953087.402106) can0 2A1#0100010000000000
(1790953087.402202) can0 2A2#0000D28B000008AE
(1790953087.402325) can0 2A3#0002DF2CFFFD59D8
(1790953087.402450) can0 2A4#00011C10FFFD63AE
(1790953087.402550) can0 2A5#000007BF000007CA
(1790953087.402676) can0 2A6#FFFFF84700000253
(1790953087.402799) can0 2A7#00005689FFFFF5D5
(1790953087.407113) can0 2A1#0100010000000000
(1790953087.407197) can0 2A2#0000D28B000008AE
(1790953087.407322) can0 2A3#0002DF2CFFFD59D8
(1790953087.407447) can0 2A4#00011C10FFFD63AE
(1790953087.407572) can0 2A5#000007BF000007CA
(1790953087.407697) can0 2A6#FFFFF84700000253
(1790953087.407797) can0 2A7#00005689FFFFF5D5
(1790953087.412074) can0 2A1#0100010000000000
(1790953087.412197) can0 2A2#0000D28B000008AE
(1790953087.412322) can0 2A3#0002DF2CFFFD59D8
(1790953087.412449) can0 2A4#00011C10FFFD63AE
(1790953087.412546) can0 2A5#000007BF000007CA
(1790953087.412672) can0 2A6#FFFFF84700000253
(1790953087.412797) can0 2A7#00005689FFFFF5D5
(1790953087.417114) can0 2A1#0100010000000000
(1790953087.417224) can0 2A2#0000D28B000008AE
(1790953087.417324) can0 2A3#0002DF2CFFFD59D8
(1790953087.417448) can0 2A4#00011C10FFFD63AE
(1790953087.417574) can0 2A5#000007BF000007CA
(1790953087.417673) can0 2A6#FFFFF84700000253
(1790953087.417798) can0 2A7#00005689FFFFF5D5
(1790953087.422081) can0 2A1#0100010000000000
(1790953087.422199) can0 2A2#0000D28B000008AE
(1790953087.422323) can0 2A3#0002DF2CFFFD59D8
(1790953087.422448) can0 2A4#00011C10FFFD63AE
(1790953087.422549) can0 2A5#000007BF000007CA
(1790953087.422674) can0 2A6#FFFFF84700000253
(1790953087.422799) can0 2A7#00005689FFFFF5D5
(1790953087.427103) can0 2A1#0100010000000000
(1790953087.427223) can0 2A2#0000D28B000008AE
(1790953087.427323) can0 2A3#0002DF2CFFFD59D8
(1790953087.427449) can0 2A4#00011C10FFFD63AE
(1790953087.427573) can0 2A5#000007BF000007CA
(1790953087.427699) can0 2A6#FFFFF84700000253
(1790953087.427799) can0 2A7#00005689FFFFF5D5
(1790953087.432080) can0 2A1#0100010000000000
(1790953087.432199) can0 2A2#0000D28B000008AE
(1790953087.432323) can0 2A3#0002DF2CFFFD59D8
(1790953087.432423) can0 2A4#00011C10FFFD63AE
(1790953087.432548) can0 2A5#000007BF000007CA
(1790953087.432674) can0 2A6#FFFFF84700000253
(1790953087.432798) can0 2A7#00005689FFFFF5D5
(1790953087.437117) can0 2A1#0100010000000000
(1790953087.437225) can0 2A2#0000D28B000008AE
(1790953087.437324) can0 2A3#0002DF2CFFFD59D8
(1790953087.437453) can0 2A4#00011C10FFFD63AE
(1790953087.437575) can0 2A5#000007BF000007CA
(1790953087.437675) can0 2A6#FFFFF84700000253
(1790953087.437799) can0 2A7#00005689FFFFF5D5
(1790953087.442074) can0 2A1#0100010000000000
(1790953087.442196) can0 2A2#0000D28B000008AE
(1790953087.442321) can0 2A3#0002DF2CFFFD59D8
(1790953087.442446) can0 2A4#00011C10FFFD63AE
(1790953087.442546) can0 2A5#000007BF000007CA
(1790953087.442671) can0 2A6#FFFFF84700000253
(1790953087.442797) can0 2A7#00005689FFFFF5D5
(1790953087.447105) can0 2A1#0100010000000000
(1790953087.447197) can0 2A2#0000D28B000008AE
(1790953087.447323) can0 2A3#0002DF2CFFFD59D8
(1790953087.447448) can0 2A4#00011C10FFFD63AE
(1790953087.447571) can0 2A5#000007BF000007CA
(1790953087.447697) can0 2A6#FFFFF84700000253
(1790953087.447796) can0 2A7#00005689FFFFF5D5
(1790953087.452105) can0 2A1#0100010000000000
(1790953087.452202) can0 2A2#0000D28B000008AE
(1790953087.452326) can0 2A3#0002DF2CFFFD59D8
(1790953087.452424) can0 2A4#00011C10FFFD63AE
(1790953087.452574) can0 2A5#000007BF000007CA
(1790953087.452699) can0 2A6#FFFFF84700000253
(1790953087.452800) can0 2A7#00005689FFFFF5D5
(1790953087.457104) can0 2A1#0100010000000000
(1790953087.457199) can0 2A2#0000D28B000008AE
(1790953087.457324) can0 2A3#0002DF2CFFFD59D8
(1790953087.457448) can0 2A4#00011C10FFFD63AE
(1790953087.457573) can0 2A5#000007BF000007CA
(1790953087.457698) can0 2A6#FFFFF84700000253
(1790953087.457798) can0 2A7#00005689FFFFF5D5
(1790953087.462078) can0 2A1#0100010000000000
(1790953087.462198) can0 2A2#0000D28B000008AE
(1790953087.462323) can0 2A3#0002DF2CFFFD59D8
(1790953087.462447) can0 2A4#00011C10FFFD63AE
(1790953087.462572) can0 2A5#000007BF000007CA
(1790953087.462672) can0 2A6#FFFFF84700000253
(1790953087.462798) can0 2A7#00005689FFFFF5D5
(1790953087.467107) can0 2A1#0100010000000000
(1790953087.467198) can0 2A2#0000D28B000008AE
(1790953087.467323) can0 2A3#0002DF2CFFFD59D8
(1790953087.467448) can0 2A4#00011C10FFFD63AE
(1790953087.467573) can0 2A5#000007BF000007CA
(1790953087.467698) can0 2A6#FFFFF84700000253
(1790953087.467823) can0 2A7#00005689FFFFF5D5
(1790953087.472109) can0 2A1#0100010000000000
(1790953087.472198) can0 2A2#0000D28B000008AE
(1790953087.472323) can0 2A3#0002DF2CFFFD59D8
(1790953087.472447) can0 2A4#00011C10FFFD63AE
(1790953087.472547) can0 2A5#000007BF000007CA
(1790953087.472672) can0 2A6#FFFFF84700000253
(1790953087.472798) can0 2A7#00005689FFFFF5D5
(1790953087.477101) can0 2A1#0100010000000000
(1790953087.477223) can0 2A2#0000D28B000008AE
(1790953087.477323) can0 2A3#0002DF2CFFFD59D8
(1790953087.477448) can0 2A4#00011C10FFFD63AE
(1790953087.477573) can0 2A5#000007BF000007CA
(1790953087.477698) can0 2A6#FFFFF84700000253
(1790953087.477797) can0 2A7#00005689FFFFF5D5
(1790953087.482077) can0 2A1#0100010000000000
(1790953087.482200) can0 2A2#0000D28B000008AE
(1790953087.482329) can0 2A3#0002DF2CFFFD59D8
(1790953087.482426) can0 2A4#00011C10FFFD63AE
(1790953087.482551) can0 2A5#000007BF000007CA
(1790953087.482673) can0 2A6#FFFFF84700000253
(1790953087.482798) can0 2A7#00005689FFFFF5D5
(1790953087.487102) can0 2A1#0100010000000000
(1790953087.487222) can0 2A2#0000D28B000008AE
(1790953087.487346) can0 2A3#0002DF2CFFFD59D8
(1790953087.487452) can0 2A4#00011C10FFFD63AE
(1790953087.487573) can0 2A5#000007BF000007CA
(1790953087.487698) can0 2A6#FFFFF84700000253
(1790953087.487797) can0 2A7#00005689FFFFF5D5
(1790953087.492076) can0 2A1#0100010000000000
(1790953087.492198) can0 2A2#0000D28B000008AE
(1790953087.492323) can0 2A3#0002DF2CFFFD59D8
(1790953087.492447) can0 2A4#00011C10FFFD63AE
(1790953087.492547) can0 2A5#000007BF000007CA
(1790953087.492673) can0 2A6#FFFFF84700000253
(1790953087.492797) can0 2A7#00005689FFFFF5D5
(1790953087.497158) can0 2A1#0100010000000000
(1790953087.497226) can0 2A2#0000D28B000008AE
(1790953087.497325) can0 2A3#0002DF2CFFFD59D8
(1790953087.497449) can0 2A4#00011C10FFFD63AE
(1790953087.497574) can0 2A5#000007BF000007CA
(1790953087.497701) can0 2A6#FFFFF84700000253
(1790953087.497824) can0 2A7#00005689FFFFF5D5
(1790953087.502080) can0 2A1#0100010000000000
(1790953087.502199) can0 2A2#0000D28B000008AE
(1790953087.502324) can0 2A3#0002DF2CFFFD59D8
(1790953087.502449) can0 2A4#00011C10FFFD63AE
(1790953087.502549) can0 2A5#000007BF000007CA
(1790953087.502674) can0 2A6#FFFFF84700000253
(1790953087.502799) can0 2A7#00005689FFFFF5D5
(1790953087.507128) can0 2A1#0100010000000000
(1790953087.507197) can0 2A2#0000D28B000008AE
(1790953087.507322) can0 2A3#0002DF2CFFFD59D8
(1790953087.507447) can0 2A4#00011C10FFFD63AE
(1790953087.507575) can0 2A5#000007BF000007CA
(1790953087.507697) can0 2A6#FFFFF84700000253
(1790953087.507822) can0 2A7#00005689FFFFF5D5
(1790953087.512078) can0 2A1#0100010000000000
(1790953087.512198) can0 2A2#0000D28B000008AE
(1790953087.512324) can0 2A3#0002DF2CFFFD59D8
(1790953087.512423) can0 2A4#00011C10FFFD63AE
(1790953087.512548) can0 2A5#000007BF000007CA
(1790953087.512673) can0 2A6#FFFFF84700000253
(1790953087.512799) can0 2A7#00005689FFFFF5D5
(1790953087.517127) can0 2A1#0100010000000000
(1790953087.517200) can0 2A2#0000D28B000008AE
(1790953087.517329) can0 2A3#0002DF2CFFFD59D8
(1790953087.517451) can0 2A4#00011C10FFFD63AE
(1790953087.517574) can0 2A5#000007BF000007CA
(1790953087.517699) can0 2A6#FFFFF84700000253
(1790953087.517825) can0 2A7#00005689FFFFF5D5
(1790953087.522102) can0 2A1#0100010000000000
(1790953087.522201) can0 2A2#0000D28B000008AE
(1790953087.522325) can0 2A3#0002DF2CFFFD59D8
(1790953087.522449) can0 2A4#00011C10FFFD63AE
(1790953087.522550) can0 2A5#000007BF000007CA
(1790953087.522675) can0 2A6#FFFFF84700000253
(1790953087.522800) can0 2A7#00005689FFFFF5D5
(1790953087.527099) can0 2A1#0100010000000000
(1790953087.527223) can0 2A2#0000D28B000008AE
(1790953087.527322) can0 2A3#0002DF2CFFFD59D8
(1790953087.527447) can0 2A4#00011C10FFFD63AE
(1790953087.527571) can0 2A5#000007BF000007CA
(1790953087.527698) can0 2A6#FFFFF84700000253
(1790953087.527822) can0 2A7#00005689FFFFF5D5
(1790953087.532086) can0 2A1#0100010000000000
(1790953087.532207) can0 2A2#0000D28B000008AE
(1790953087.532327) can0 2A3#0002DF2CFFFD59D8
(1790953087.532450) can0 2A4#00011C10FFFD63AE
(1790953087.532575) can0 2A5#000007BF000007CA
(1790953087.532674) can0 2A6#FFFFF84700000253
(1790953087.532800) can0 2A7#00005689FFFFF5D5
(1790953087.537106) can0 2A1#0100010000000000
(1790953087.537226) can0 2A2#0000D28B000008AE
(1790953087.537326) can0 2A3#0002DF2CFFFD59D8
(1790953087.537449) can0 2A4#00011C10FFFD63AE
(1790953087.537575) can0 2A5#000007BF000007CA
(1790953087.537699) can0 2A6#FFFFF84700000253
(1790953087.537824) can0 2A7#00005689FFFFF5D5
(1790953087.542077) can0 2A1#0100010000000000
(1790953087.542206) can0 2A2#0000D28B000008AE
(1790953087.542326) can0 2A3#0002DF2CFFFD59D8
(1790953087.542473) can0 2A4#00011C10FFFD63AE
(1790953087.542549) can0 2A5#000007BF000007CA
(1790953087.542676) can0 2A6#FFFFF84700000253
(1790953087.542798) can0 2A7#00005689FFFFF5D5
(1790953087.547098) can0 2A1#0100010000000000
(1790953087.547228) can0 2A2#0000D28B000008AE
(1790953087.547324) can0 2A3#0002DF2CFFFD59D8
(1790953087.547447) can0 2A4#00011C10FFFD63AE
(1790953087.547583) can0 2A5#000007BF000007CA
(1790953087.547699) can0 2A6#FFFFF84700000253
(1790953087.547825) can0 2A7#00005689FFFFF5D5
(1790953087.552095) can0 2A1#0100010000000000
(1790953087.552204) can0 2A2#0000D28B000008AE
(1790953087.552326) can0 2A3#0002DF2CFFFD59D8
(1790953087.552453) can0 2A4#00011C10FFFD63AE
(1790953087.552551) can0 2A5#000007BF000007CA
(1790953087.552676) can0 2A6#FFFFF84700000253
(1790953087.552801) can0 2A7#00005689FFFFF5D5
(1790953087.557104) can0 2A1#0100010000000000
(1790953087.557227) can0 2A2#0000D28B000008AE
(1790953087.557326) can0 2A3#0002DF2CFFFD59D8
(1790953087.557449) can0 2A4#00011C10FFFD63AE
(1790953087.557574) can0 2A5#000007BF000007CA
(1790953087.557699) can0 2A6#FFFFF84700000253
(1790953087.557799) can0 2A7#00005689FFFFF5D5
(1790953087.562084) can0 2A1#0100010000000000
(1790953087.562201) can0 2A2#0000D28B000008AE
(1790953087.562324) can0 2A3#0002DF2CFFFD59D8
(1790953087.562449) can0 2A4#00011C10FFFD63AE
(1790953087.562549) can0 2A5#000007BF000007CA
(1790953087.562675) can0 2A6#FFFFF84700000253
(1790953087.562799) can0 2A7#00005689FFFFF5D5
(1790953087.567127) can0 2A1#0100010000000000
(1790953087.567227) can0 2A2#0000D28B000008AE
(1790953087.567325) can0 2A3#0002DF2CFFFD59D8
(1790953087.567449) can0 2A4#00011C10FFFD63AE
(1790953087.567574) can0 2A5#000007BF000007CA
(1790953087.567675) can0 2A6#FFFFF84700000253
(1790953087.567799) can0 2A7#00005689FFFFF5D5
(1790953087.572116) can0 2A1#0100010000000000
(1790953087.572199) can0 2A2#0000D28B000008AE
(1790953087.572324) can0 2A3#0002DF2CFFFD59D8
(1790953087.572450) can0 2A4#00011C10FFFD63AE
(1790953087.572548) can0 2A5#000007BF000007CA
(1790953087.572675) can0 2A6#FFFFF84700000253
(1790953087.572799) can0 2A7#00005689FFFFF5D5
(1790953087.577100) can0 2A1#0100010000000000
(1790953087.577228) can0 2A2#0000D28B000008AE
(1790953087.577327) can0 2A3#0002DF2CFFFD59D8
(1790953087.577451) can0 2A4#00011C10FFFD63AE
(1790953087.577576) can0 2A5#000007BF000007CA
(1790953087.577701) can0 2A6#FFFFF84700000253
(1790953087.577801) can0 2A7#00005689FFFFF5D5
(1790953087.582078) can0 2A1#0100010000000000
(1790953087.582197) can0 2A2#0000D28B000008AE
(1790953087.582322) can0 2A3#0002DF2CFFFD59D8
(1790953087.582447) can0 2A4#00011C10FFFD63AE
(1790953087.582547) can0 2A5#000007BF000007CA
(1790953087.582672) can0 2A6#FFFFF84700000253
(1790953087.582808) can0 2A7#00005689FFFFF5D5
(1790953087.587127) can0 2A1#0100010000000000
(1790953087.587222) can0 2A2#0000D28B000008AE
(1790953087.587322) can0 2A3#0002DF2CFFFD59D8
(1790953087.587447) can0 2A4#00011C10FFFD63AE
(1790953087.587572) can0 2A5#000007BF000007CA
(1790953087.587697) can0 2A6#FFFFF84700000253
(1790953087.587823) can0 2A7#00005689FFFFF5D5
(1790953087.592076) can0 2A1#0100010000000000
(1790953087.592197) can0 2A2#0000D28B000008AE
(1790953087.592327) can0 2A3#0002DF2CFFFD59D8
(1790953087.592449) can0 2A4#00011C10FFFD63AE
(1790953087.592549) can0 2A5#000007BF000007CA
(1790953087.592673) can0 2A6#FFFFF84700000253
(1790953087.592798) can0 2A7#00005689FFFFF5D5
(1790953087.597102) can0 2A1#0100010000000000
(1790953087.597225) can0 2A2#0000D28B000008AE
(1790953087.597347) can0 2A3#0002DF2CFFFD59D8
(1790953087.597447) can0 2A4#00011C10FFFD63AE
(1790953087.597572) can0 2A5#000007BF000007CA
(1790953087.597697) can0 2A6#FFFFF84700000253
(1790953087.597797) can0 2A7#00005689FFFFF5D5
(1790953087.602081) can0 2A1#0100010000000000
(1790953087.602197) can0 2A2#0000D28B000008AE
(1790953087.602322) can0 2A3#0002DF2CFFFD59D8
(1790953087.602447) can0 2A4#00011C10FFFD63AE
(1790953087.602571) can0 2A5#000007BF000007CA
(1790953087.602697) can0 2A6#FFFFF84700000253
(1790953087.602797) can0 2A7#00005689FFFFF5D5
(1790953087.607099) can0 2A1#0100010000000000
(1790953087.607197) can0 2A2#0000D28B000008AE
(1790953087.607322) can0 2A3#0002DF2CFFFD59D8
(1790953087.607447) can0 2A4#00011C10FFFD63AE
(1790953087.607572) can0 2A5#000007BF000007CA
(1790953087.607697) can0 2A6#FFFFF84700000253
(1790953087.607797) can0 2A7#00005689FFFFF5D5
(1790953087.612080) can0 2A1#0100010000000000
(1790953087.612198) can0 2A2#0000D28B000008AE
(1790953087.612324) can0 2A3#0002DF2CFFFD59D8
(1790953087.612448) can0 2A4#00011C10FFFD63AE
(1790953087.612548) can0 2A5#000007BF000007CA
(1790953087.612673) can0 2A6#FFFFF84700000253
(1790953087.612798) can0 2A7#00005689FFFFF5D5
(1790953087.617107) can0 2A1#0100010000000000
(1790953087.617225) can0 2A2#0000D28B000008AE
(1790953087.617324) can0 2A3#0002DF2CFFFD59D8
(1790953087.617448) can0 2A4#00011C10FFFD63AE
(1790953087.617573) can0 2A5#000007BF000007CA
(1790953087.617673) can0 2A6#FFFFF84700000253
(1790953087.617824) can0 2A7#00005689FFFFF5D5
(1790953087.622084) can0 2A1#0100010000000000
(1790953087.622200) can0 2A2#0000D28B000008AE
(1790953087.622324) can0 2A3#0002DF2CFFFD59D8
(1790953087.622449) can0 2A4#00011C10FFFD63AE
(1790953087.622549) can0 2A5#000007BF000007CA
(1790953087.622674) can0 2A6#FFFFF84700000253
(1790953087.622798) can0 2A7#00005689FFFFF5D5
(1790953087.627120) can0 2A1#0100010000000000
(1790953087.627226) can0 2A2#0000D28B000008AE
(1790953087.627336) can0 2A3#0002DF2CFFFD59D8
(1790953087.627449) can0 2A4#00011C10FFFD63AE
(1790953087.627573) can0 2A5#000007BF000007CA
(1790953087.627711) can0 2A6#FFFFF84700000253
(1790953087.627825) can0 2A7#00005689FFFFF5D5
(1790953087.632082) can0 2A1#0100010000000000
(1790953087.632200) can0 2A2#0000D28B000008AE
(1790953087.632325) can0 2A3#0002DF2CFFFD59D8
(1790953087.632449) can0 2A4#00011C10FFFD63AE
(1790953087.632549) can0 2A5#000007BF000007CA
(1790953087.632675) can0 2A6#FFFFF84700000253
(1790953087.632800) can0 2A7#00005689FFFFF5D5
(1790953087.637113) can0 2A1#0100010000000000
(1790953087.637226) can0 2A2#0000D28B000008AE
(1790953087.637324) can0 2A3#0002DF2CFFFD59D8
(1790953087.637450) can0 2A4#00011C10FFFD63AE
(1790953087.637574) can0 2A5#000007BF000007CA
(1790953087.637733) can0 2A6#FFFFF84700000253
(1790953087.637825) can0 2A7#00005689FFFFF5D5
(1790953087.642077) can0 2A1#0100010000000000
(1790953087.642197) can0 2A2#0000D28B000008AE
(1790953087.642321) can0 2A3#0002DF2CFFFD59D8
(1790953087.642446) can0 2A4#00011C10FFFD63AE
(1790953087.642546) can0 2A5#000007BF000007CA
(1790953087.642671) can0 2A6#FFFFF84700000253
(1790953087.642797) can0 2A7#00005689FFFFF5D5
(1790953087.647103) can0 2A1#0100010000000000
(1790953087.647228) can0 2A2#0000D28B000008AE
(1790953087.647325) can0 2A3#0002DF2CFFFD59D8
(1790953087.647450) can0 2A4#00011C10FFFD63AE
(1790953087.647574) can0 2A5#000007BF000007CA
(1790953087.647674) can0 2A6#FFFFF84700000253
(1790953087.647824) can0 2A7#00005689FFFFF5D5
(1790953087.652097) can0 2A1#0100010000000000
(1790953087.652199) can0 2A2#0000D28B000008AE
(1790953087.652323) can0 2A3#0002DF2CFFFD59D8
(1790953087.652450) can0 2A4#00011C10FFFD63AE
(1790953087.652549) can0 2A5#000007BF000007CA
(1790953087.652674) can0 2A6#FFFFF84700000253
(1790953087.652799) can0 2A7#00005689FFFFF5D5
(1790953087.657111) can0 2A1#0100010000000000
(1790953087.657226) can0 2A2#0000D28B000008AE
(1790953087.657325) can0 2A3#0002DF2CFFFD59D8
(1790953087.657450) can0 2A4#00011C10FFFD63AE
(1790953087.657573) can0 2A5#000007BF000007CA
(1790953087.657698) can0 2A6#FFFFF84700000253
(1790953087.657799) can0 2A7#00005689FFFFF5D5
(1790953087.662101) can0 2A1#0100010000000000
(1790953087.662198) can0 2A2#0000D28B000008AE
(1790953087.662324) can0 2A3#0002DF2CFFFD59D8
(1790953087.662448) can0 2A4#00011C10FFFD63AE
(1790953087.662548) can0 2A5#000007BF000007CA
(1790953087.662673) can0 2A6#FFFFF84700000253
(1790953087.662798) can0 2A7#00005689FFFFF5D5
(1790953087.667112) can0 2A1#0100010000000000
(1790953087.667225) can0 2A2#0000D28B000008AE
(1790953087.667324) can0 2A3#0002DF2CFFFD59D8
(1790953087.667448) can0 2A4#00011C10FFFD63AE
(1790953087.667573) can0 2A5#000007BF000007CA
(1790953087.667698) can0 2A6#FFFFF84700000253
(1790953087.667824) can0 2A7#00005689FFFFF5D5
(1790953087.672077) can0 2A1#0100010000000000
(1790953087.672202) can0 2A2#0000D28B000008AE
(1790953087.672325) can0 2A3#0002DF2CFFFD59D8
(1790953087.672449) can0 2A4#00011C10FFFD63AE
(1790953087.672575) can0 2A5#000007BF000007CA
(1790953087.672674) can0 2A6#FFFFF84700000253
(1790953087.672798) can0 2A7#00005689FFFFF5D5
(1790953087.677108) can0 2A1#0100010000000000
(1790953087.677225) can0 2A2#0000D28B000008AE
(1790953087.677323) can0 2A3#0002DF2CFFFD59D8
(1790953087.677447) can0 2A4#00011C10FFFD63AE
(1790953087.677573) can0 2A5#000007BF000007CA
(1790953087.677698) can0 2A6#FFFFF84700000253
(1790953087.677824) can0 2A7#00005689FFFFF5D5
(1790953087.682080) can0 2A1#0100010000000000
(1790953087.682201) can0 2A2#0000D28B000008AE
(1790953087.682325) can0 2A3#0002DF2CFFFD59D8
(1790953087.682450) can0 2A4#00011C10FFFD63AE
(1790953087.682574) can0 2A5#000007BF000007CA
(1790953087.682675) can0 2A6#FFFFF84700000253
(1790953087.682800) can0 2A7#00005689FFFFF5D5
(1790953087.687124) can0 2A1#0100010000000000
(1790953087.687197) can0 2A2#0000D28B000008AE
(1790953087.687326) can0 2A3#0002DF2CFFFD59D8
(1790953087.687451) can0 2A4#00011C10FFFD63AE
(1790953087.687576) can0 2A5#000007BF000007CA
(1790953087.687698) can0 2A6#FFFFF84700000253
(1790953087.687823) can0 2A7#00005689FFFFF5D5
(1790953087.692080) can0 2A1#0100010000000000
(1790953087.692196) can0 2A2#0000D28B000008AE
(1790953087.692321) can0 2A3#0002DF2CFFFD59D8
(1790953087.692446) can0 2A4#00011C10FFFD63AE
(1790953087.692570) can0 2A5#000007BF000007CA
(1790953087.692670) can0 2A6#FFFFF84700000253
(1790953087.692795) can0 2A7#00005689FFFFF5D5
(1790953087.697193) can0 2A1#0100010000000000
(1790953087.697209) can0 2A2#0000D28B000008AE
(1790953087.697324) can0 2A3#0002DF2CFFFD59D8
(1790953087.697447) can0 2A4#00011C10FFFD63AE
(1790953087.697579) can0 2A5#000007BF000007CA
(1790953087.697699) can0 2A6#FFFFF84700000253
(1790953087.697823) can0 2A7#00005689FFFFF5D5
(1790953087.702107) can0 2A1#0100010000000000
(1790953087.702197) can0 2A2#0000D28B000008AE
(1790953087.702323) can0 2A3#0002DF2CFFFD59D8
(1790953087.702449) can0 2A4#00011C10FFFD63AE
(1790953087.702546) can0 2A5#000007BF000007CA
(1790953087.702671) can0 2A6#FFFFF84700000253
(1790953087.702801) can0 2A7#00005689FFFFF5D5
(1790953087.707110) can0 2A1#0100010000000000
(1790953087.707223) can0 2A2#0000D28B000008AE
(1790953087.707322) can0 2A3#0002DF2CFFFD59D8
(1790953087.707447) can0 2A4#00011C10FFFD63AE
(1790953087.707573) can0 2A5#000007BF000007CA
(1790953087.707696) can0 2A6#FFFFF84700000253
(1790953087.707821) can0 2A7#00005689FFFFF5D5
(1790953087.712097) can0 2A1#0100010000000000
(1790953087.712195) can0 2A2#0000D28B000008AE
(1790953087.712321) can0 2A3#0002DF2CFFFD59D8
(1790953087.712446) can0 2A4#00011C10FFFD63AE
(1790953087.712546) can0 2A5#000007BF000007CA
(1790953087.712672) can0 2A6#FFFFF84700000253
(1790953087.712796) can0 2A7#00005689FFFFF5D5
(1790953087.717107) can0 2A1#0100010000000000
(1790953087.717224) can0 2A2#0000D28B000008AE
(1790953087.717323) can0 2A3#0002DF2CFFFD59D8
(1790953087.717447) can0 2A4#00011C10FFFD63AE
(1790953087.717572) can0 2A5#000007BF000007CA
(1790953087.717697) can0 2A6#FFFFF84700000253
(1790953087.717824) can0 2A7#00005689FFFFF5D5
(1790953087.722080) can0 2A1#0100010000000000
(1790953087.722197) can0 2A2#0000D28B000008AE
(1790953087.722322) can0 2A3#0002DF2CFFFD59D8
(1790953087.722447) can0 2A4#00011C10FFFD63AE
(1790953087.722548) can0 2A5#000007BF000007CA
(1790953087.722672) can0 2A6#FFFFF84700000253
(1790953087.722796) can0 2A7#00005689FFFFF5D5
(1790953087.727103) can0 2A1#0100010000000000
(1790953087.727221) can0 2A2#0000D28B000008AE
(1790953087.727322) can0 2A3#0002DF2CFFFD59D8
(1790953087.727447) can0 2A4#00011C10FFFD63AE
(1790953087.727572) can0 2A5#000007BF000007CA
(1790953087.727697) can0 2A6#FFFFF84700000253
(1790953087.727820) can0 2A7#00005689FFFFF5D5
(1790953087.732100) can0 2A1#0100010000000000
(1790953087.732198) can0 2A2#0000D28B000008AE
(1790953087.732323) can0 2A3#0002DF2CFFFD59D8
(1790953087.732423) can0 2A4#00011C10FFFD63AE
(1790953087.732547) can0 2A5#000007BF000007CA
(1790953087.732674) can0 2A6#FFFFF84700000253
(1790953087.732801) can0 2A7#00005689FFFFF5D5
(1790953087.737126) can0 2A1#0100010000000000
(1790953087.737223) can0 2A2#0000D28B000008AE
(1790953087.737321) can0 2A3#0002DF2CFFFD59D8
(1790953087.737446) can0 2A4#00011C10FFFD63AE
(1790953087.737571) can0 2A5#000007BF000007CA
(1790953087.737698) can0 2A6#FFFFF84700000253
(1790953087.737822) can0 2A7#00005689FFFFF5D5
(1790953087.742074) can0 2A1#0100010000000000
(1790953087.742196) can0 2A2#0000D28B000008AE
(1790953087.742321) can0 2A3#0002DF2CFFFD59D8
(1790953087.742449) can0 2A4#00011C10FFFD63AE
(1790953087.742546) can0 2A5#000007BF000007CA
(1790953087.742671) can0 2A6#FFFFF84700000253
(1790953087.742799) can0 2A7#00005689FFFFF5D5
(1790953087.747131) can0 2A1#0100010000000000
(1790953087.747221) can0 2A2#0000D28B000008AE
(1790953087.747324) can0 2A3#0002DF2CFFFD59D8
(1790953087.747446) can0 2A4#00011C10FFFD63AE
(1790953087.747571) can0 2A5#000007BF000007CA
(1790953087.747696) can0 2A6#FFFFF84700000253
(1790953087.747797) can0 2A7#00005689FFFFF5D5
(1790953087.752081) can0 2A1#0100010000000000
(1790953087.752198) can0 2A2#0000D28B000008AE
(1790953087.752325) can0 2A3#0002DF2CFFFD59D8
(1790953087.752450) can0 2A4#00011C10FFFD63AE
(1790953087.752575) can0 2A5#000007BF000007CA
(1790953087.752673) can0 2A6#FFFFF84700000253
(1790953087.752798) can0 2A7#00005689FFFFF5D5
(1790953087.757108) can0 2A1#0100010000000000
(1790953087.757203) can0 2A2#0000D28B000008AE
(1790953087.757326) can0 2A3#0002DF2CFFFD59D8
(1790953087.757450) can0 2A4#00011C10FFFD63AE
(1790953087.757575) can0 2A5#000007BF000007CA
(1790953087.757698) can0 2A6#FFFFF84700000253
(1790953087.757798) can0 2A7#00005689FFFFF5D5
(1790953087.762084) can0 2A1#0100010000000000
(1790953087.762197) can0 2A2#0000D28B000008AE
(1790953087.762325) can0 2A3#0002DF2CFFFD59D8
(1790953087.762450) can0 2A4#00011C10FFFD63AE
(1790953087.762547) can0 2A5#000007BF000007CA
(1790953087.762672) can0 2A6#FFFFF84700000253
(1790953087.762800) can0 2A7#00005689FFFFF5D5
(1790953087.767105) can0 2A1#0100010000000000
(1790953087.767223) can0 2A2#0000D28B000008AE
(1790953087.767323) can0 2A3#0002DF2CFFFD59D8
(1790953087.767451) can0 2A4#00011C10FFFD63AE
(1790953087.767573) can0 2A5#000007BF000007CA
(1790953087.767699) can0 2A6#FFFFF84700000253
(1790953087.767823) can0 2A7#00005689FFFFF5D5
(1790953087.772075) can0 2A1#0100010000000000
(1790953087.772201) can0 2A2#0000D28B000008AE
(1790953087.772324) can0 2A3#0002DF2CFFFD59D8
(1790953087.772449) can0 2A4#00011C10FFFD63AE
(1790953087.772574) can0 2A5#000007BF000007CA
(1790953087.772673) can0 2A6#FFFFF84700000253
(1790953087.772800) can0 2A7#00005689FFFFF5D5
(1790953087.777100) can0 2A1#0100010000000000
(1790953087.777222) can0 2A2#0000D28B000008AE
(1790953087.777350) can0 2A3#0002DF2CFFFD59D8
(1790953087.777449) can0 2A4#00011C10FFFD63AE
(1790953087.777606) can0 2A5#000007BF000007CA
(1790953087.777698) can0 2A6#FFFFF84700000253
(1790953087.777797) can0 2A7#00005689FFFFF5D5
(1790953087.782100) can0 2A1#0100010000000000
(1790953087.782198) can0 2A2#0000D28B000008AE
(1790953087.782323) can0 2A3#0002DF2CFFFD59D8
(1790953087.782448) can0 2A4#00011C10FFFD63AE
(1790953087.782548) can0 2A5#000007BF000007CA
(1790953087.782673) can0 2A6#FFFFF84700000253
(1790953087.782798) can0 2A7#00005689FFFFF5D5
(1790953087.787105) can0 2A1#0100010000000000
(1790953087.787221) can0 2A2#0000D28B000008AE
(1790953087.787323) can0 2A3#0002DF2CFFFD59D8
(1790953087.787447) can0 2A4#00011C10FFFD63AE
(1790953087.787573) can0 2A5#000007BF000007CA
(1790953087.787698) can0 2A6#FFFFF84700000253
(1790953087.787823) can0 2A7#00005689FFFFF5D5
(1790953087.792103) can0 2A1#0100010000000000
(1790953087.792202) can0 2A2#0000D28B000008AE
(1790953087.792322) can0 2A3#0002DF2CFFFD59D8
(1790953087.792447) can0 2A4#00011C10FFFD63AE
(1790953087.792547) can0 2A5#000007BF000007CA
(1790953087.792672) can0 2A6#FFFFF84700000253
(1790953087.792795) can0 2A7#00005689FFFFF5D5
(1790953087.797097) can0 2A1#0100010000000000
(1790953087.797222) can0 2A2#0000D28B000008AE
(1790953087.797322) can0 2A3#0002DF2CFFFD59D8
(1790953087.797447) can0 2A4#00011C10FFFD63AE
(1790953087.797572) can0 2A5#000007BF000007CA
(1790953087.797696) can0 2A6#FFFFF84700000253
(1790953087.797822) can0 2A7#00005689FFFFF5D5
(1790953087.802095) can0 2A1#0100010000000000
(1790953087.802197) can0 2A2#0000D28B000008AE
(1790953087.802323) can0 2A3#0002DF2CFFFD59D8
(1790953087.802450) can0 2A4#00011C10FFFD63AE
(1790953087.802573) can0 2A5#000007BF000007CA
(1790953087.802674) can0 2A6#FFFFF84700000253
(1790953087.802798) can0 2A7#00005689FFFFF5D5
(1790953087.807105) can0 2A1#0100010000000000
(1790953087.807222) can0 2A2#0000D28B000008AE
(1790953087.807349) can0 2A3#0002DF2CFFFD59D8
(1790953087.807448) can0 2A4#00011C10FFFD63AE
(1790953087.807573) can0 2A5#000007BF000007CA
(1790953087.807699) can0 2A6#FFFFF84700000253
(1790953087.807798) can0 2A7#00005689FFFFF5D5
(1790953087.812080) can0 2A1#0100010000000000
(1790953087.812197) can0 2A2#0000D28B000008AE
(1790953087.812324) can0 2A3#0002DF2CFFFD59D8
(1790953087.812448) can0 2A4#00011C10FFFD63AE
(1790953087.812574) can0 2A5#000007BF000007CA
(1790953087.812673) can0 2A6#FFFFF84700000253
(1790953087.812799) can0 2A7#00005689FFFFF5D5
(1790953087.817110) can0 2A1#0100010000000000
(1790953087.817222) can0 2A2#0000D28B000008AE
(1790953087.817323) can0 2A3#0002DF2CFFFD59D8
(1790953087.817449) can0 2A4#00011C10FFFD63AE
(1790953087.817574) can0 2A5#000007BF000007CA
(1790953087.817698) can0 2A6#FFFFF84700000253
(1790953087.817822) can0 2A7#00005689FFFFF5D5
(1790953087.822089) can0 2A1#0100010000000000
(1790953087.822200) can0 2A2#0000D28B000008AE
(1790953087.822326) can0 2A3#0002DF2CFFFD59D8
(1790953087.822455) can0 2A4#00011C10FFFD63AE
(1790953087.822572) can0 2A5#000007BF000007CA
(1790953087.822697) can0 2A6#FFFFF84700000253
(1790953087.822797) can0 2A7#00005689FFFFF5D5
(1790953087.827105) can0 2A1#0100010000000000
(1790953087.827199) can0 2A2#0000D28B000008AE
(1790953087.827331) can0 2A3#0002DF2CFFFD59D8
(1790953087.827448) can0 2A4#00011C10FFFD63AE
(1790953087.827572) can0 2A5#000007BF000007CA
(1790953087.827697) can0 2A6#FFFFF84700000253
(1790953087.827821) can0 2A7#00005689FFFFF5D5
(1790953087.832073) can0 2A1#0100010000000000
(1790953087.832199) can0 2A2#0000D28B000008AE
(1790953087.832323) can0 2A3#0002DF2CFFFD59D8
(1790953087.832448) can0 2A4#00011C10FFFD63AE
(1790953087.832547) can0 2A5#000007BF000007CA
(1790953087.832672) can0 2A6#FFFFF84700000253
(1790953087.832797) can0 2A7#00005689FFFFF5D5
(1790953087.837107) can0 2A1#0100010000000000
(1790953087.837221) can0 2A2#0000D28B000008AE
(1790953087.837322) can0 2A3#0002DF2CFFFD59D8
(1790953087.837448) can0 2A4#00011C10FFFD63AE
(1790953087.837573) can0 2A5#000007BF000007CA
(1790953087.837696) can0 2A6#FFFFF84700000253
(1790953087.837797) can0 2A7#00005689FFFFF5D5
(1790953087.842070) can0 2A1#0100010000000000
(1790953087.842198) can0 2A2#0000D28B000008AE
(1790953087.842323) can0 2A3#0002DF2CFFFD59D8
(1790953087.842447) can0 2A4#00011C10FFFD63AE
(1790953087.842572) can0 2A5#000007BF000007CA
(1790953087.842672) can0 2A6#FFFFF84700000253
(1790953087.842798) can0 2A7#00005689FFFFF5D5
(1790953087.847122) can0 2A1#0100010000000000
(1790953087.847221) can0 2A2#0000D28B000008AE
(1790953087.847347) can0 2A3#0002DF2CFFFD59D8
(1790953087.847447) can0 2A4#00011C10FFFD63AE
(1790953087.847572) can0 2A5#000007BF000007CA
(1790953087.847672) can0 2A6#FFFFF84700000253
(1790953087.847798) can0 2A7#00005689FFFFF5D5
(1790953087.852084) can0 2A1#0100010000000000
(1790953087.852197) can0 2A2#0000D28B000008AE
(1790953087.852326) can0 2A3#0002DF2CFFFD59D8
(1790953087.852449) can0 2A4#00011C10FFFD63AE
(1790953087.852547) can0 2A5#000007BF000007CA
(1790953087.852674) can0 2A6#FFFFF84700000253
(1790953087.852799) can0 2A7#00005689FFFFF5D5
(1790953087.857099) can0 2A1#0100010000000000
(1790953087.857222) can0 2A2#0000D28B000008AE
(1790953087.857325) can0 2A3#0002DF2CFFFD59D8
(1790953087.857449) can0 2A4#00011C10FFFD63AE
(1790953087.857574) can0 2A5#000007BF000007CA
(1790953087.857699) can0 2A6#FFFFF84700000253
(1790953087.857824) can0 2A7#00005689FFFFF5D5
(1790953087.862076) can0 2A1#0100010000000000
(1790953087.862199) can0 2A2#0000D28B000008AE
(1790953087.862324) can0 2A3#0002DF2CFFFD59D8
(1790953087.862449) can0 2A4#00011C10FFFD63AE
(1790953087.862549) can0 2A5#000007BF000007CA
(1790953087.862675) can0 2A6#FFFFF84700000253
(1790953087.862799) can0 2A7#00005689FFFFF5D5
(1790953087.867116) can0 2A1#0100010000000000
(1790953087.867225) can0 2A2#0000D28B000008AE
(1790953087.867324) can0 2A3#0002DF2CFFFD59D8
(1790953087.867449) can0 2A4#00011C10FFFD63AE
(1790953087.867572) can0 2A5#000007BF000007CA
(1790953087.867674) can0 2A6#FFFFF84700000253
(1790953087.867799) can0 2A7#00005689FFFFF5D5
(1790953087.872083) can0 2A1#0100010000000000
(1790953087.872201) can0 2A2#0000D28B000008AE
(1790953087.872325) can0 2A3#0002DF2CFFFD59D8
(1790953087.872450) can0 2A4#00011C10FFFD63AE
(1790953087.872575) can0 2A5#000007BF000007CA
(1790953087.872674) can0 2A6#FFFFF84700000253
(1790953087.872799) can0 2A7#00005689FFFFF5D5
(1790953087.877095) can0 2A1#0100010000000000
(1790953087.877197) can0 2A2#0000D28B000008AE
(1790953087.877323) can0 2A3#0002DF2CFFFD59D8
(1790953087.877447) can0 2A4#00011C10FFFD63AE
(1790953087.877569) can0 2A5#000007BF000007CA
(1790953087.877697) can0 2A6#FFFFF84700000253
(1790953087.877822) can0 2A7#00005689FFFFF5D5
(1790953087.882095) can0 2A1#0100010000000000
(1790953087.882195) can0 2A2#0000D28B000008AE
(1790953087.882321) can0 2A3#0002DF2CFFFD59D8
(1790953087.882448) can0 2A4#00011C10FFFD63AE
(1790953087.882547) can0 2A5#000007BF000007CA
(1790953087.882672) can0 2A6#FFFFF84700000253
(1790953087.882797) can0 2A7#00005689FFFFF5D5
(1790953087.887109) can0 2A1#0100010000000000
(1790953087.887223) can0 2A2#0000D28B000008AE
(1790953087.887322) can0 2A3#0002DF2CFFFD59D8
(1790953087.887448) can0 2A4#00011C10FFFD63AE
(1790953087.887572) can0 2A5#000007BF000007CA
(1790953087.887697) can0 2A6#FFFFF84700000253
(1790953087.887820) can0 2A7#00005689FFFFF5D5
(1790953087.892070) can0 2A1#0100010000000000
(1790953087.892198) can0 2A2#0000D28B000008AE
(1790953087.892323) can0 2A3#0002DF2CFFFD59D8
(1790953087.892447) can0 2A4#00011C10FFFD63AE
(1790953087.892572) can0 2A5#000007BF000007CA
(1790953087.892679) can0 2A6#FFFFF84700000253
(1790953087.892797) can0 2A7#00005689FFFFF5D5
(1790953087.897096) can0 2A1#0100010000000000
(1790953087.897221) can0 2A2#0000D28B000008AE
(1790953087.897321) can0 2A3#0002DF2CFFFD59D8
(1790953087.897447) can0 2A4#00011C10FFFD63AE
(1790953087.897571) can0 2A5#000007BF000007CA
(1790953087.897696) can0 2A6#FFFFF84700000253
(1790953087.897821) can0 2A7#00005689FFFFF5D5
(1790953087.902086) can0 2A1#0100010000000000
(1790953087.902199) can0 2A2#0000D28B000008AE
(1790953087.902324) can0 2A3#0002DF2CFFFD59D8
(1790953087.902449) can0 2A4#00011C10FFFD63AE
(1790953087.902549) can0 2A5#000007BF000007CA
(1790953087.902674) can0 2A6#FFFFF84700000253
(1790953087.902799) can0 2A7#00005689FFFFF5D5
(1790953087.907101) can0 2A1#0100010000000000
(1790953087.907222) can0 2A2#0000D28B000008AE
(1790953087.907322) can0 2A3#0002DF2CFFFD59D8
(1790953087.907447) can0 2A4#00011C10FFFD63AE
(1790953087.907572) can0 2A5#000007BF000007CA
(1790953087.907697) can0 2A6#FFFFF84700000253
(1790953087.907820) can0 2A7#00005689FFFFF5D5
(1790953087.912073) can0 2A1#0100010000000000
(1790953087.912198) can0 2A2#0000D28B000008AE
(1790953087.912323) can0 2A3#0002DF2CFFFD59D8
(1790953087.912446) can0 2A4#00011C10FFFD63AE
(1790953087.912547) can0 2A5#000007BF000007CA
(1790953087.912673) can0 2A6#FFFFF84700000253
(1790953087.912798) can0 2A7#00005689FFFFF5D5
(1790953087.917106) can0 2A1#0100010000000000
(1790953087.917223) can0 2A2#0000D28B000008AE
(1790953087.917324) can0 2A3#0002DF2CFFFD59D8
(1790953087.917448) can0 2A4#00011C10FFFD63AE
(1790953087.917574) can0 2A5#000007BF000007CA
(1790953087.917700) can0 2A6#FFFFF84700000253
(1790953087.917798) can0 2A7#00005689FFFFF5D5
(1790953087.922084) can0 2A1#0100010000000000
(1790953087.922198) can0 2A2#0000D28B000008AE
(1790953087.922324) can0 2A3#0002DF2CFFFD59D8
(1790953087.922448) can0 2A4#00011C10FFFD63AE
(1790953087.922572) can0 2A5#000007BF000007CA
(1790953087.922673) can0 2A6#FFFFF84700000253
(1790953087.922798) can0 2A7#00005689FFFFF5D5
(1790953087.927096) can0 2A1#0100010000000000
(1790953087.927222) can0 2A2#0000D28B000008AE
(1790953087.927322) can0 2A3#0002DF2CFFFD59D8
(1790953087.927447) can0 2A4#00011C10FFFD63AE
(1790953087.927572) can0 2A5#000007BF000007CA
(1790953087.927696) can0 2A6#FFFFF84700000253
(1790953087.927821) can0 2A7#00005689FFFFF5D5
(1790953087.932103) can0 2A1#0100010000000000
(1790953087.932201) can0 2A2#0000D28B000008AE
(1790953087.932323) can0 2A3#0002DF2CFFFD59D8
(1790953087.932448) can0 2A4#00011C10FFFD63AE
(1790953087.932548) can0 2A5#000007BF000007CA
(1790953087.932673) can0 2A6#FFFFF84700000253
(1790953087.932798) can0 2A7#00005689FFFFF5D5
(1790953087.937105) can0 2A1#0100010000000000
(1790953087.937222) can0 2A2#0000D28B000008AE
(1790953087.937324) can0 2A3#0002DF2CFFFD59D8
(1790953087.937448) can0 2A4#00011C10FFFD63AE
(1790953087.937573) can0 2A5#000007BF000007CA
(1790953087.937698) can0 2A6#FFFFF84700000253
(1790953087.937824) can0 2A7#00005689FFFFF5D5
(1790953087.942074) can0 2A1#0100010000000000
(1790953087.942198) can0 2A2#0000D28B000008AE
(1790953087.942324) can0 2A3#0002DF2CFFFD59D8
(1790953087.942448) can0 2A4#00011C10FFFD63AE
(1790953087.942548) can0 2A5#000007BF000007CA
(1790953087.942673) can0 2A6#FFFFF84700000253
(1790953087.942798) can0 2A7#00005689FFFFF5D5
(1790953087.947127) can0 2A1#0100010000000000
(1790953087.947221) can0 2A2#0000D28B000008AE
(1790953087.947348) can0 2A3#0002DF2CFFFD59D8
(1790953087.947448) can0 2A4#00011C10FFFD63AE
(1790953087.947573) can0 2A5#000007BF000007CA
(1790953087.947698) can0 2A6#FFFFF84700000253
(1790953087.947823) can0 2A7#00005689FFFFF5D5
(1790953087.952085) can0 2A1#0100010000000000
(1790953087.952197) can0 2A2#0000D28B000008AE
(1790953087.952322) can0 2A3#0002DF2CFFFD59D8
(1790953087.952499) can0 2A4#00011C10FFFD63AE
(1790953087.952573) can0 2A5#000007BF000007CA
(1790953087.952672) can0 2A6#FFFFF84700000253
(1790953087.952796) can0 2A7#00005689FFFFF5D5
(1790953087.957098) can0 2A1#0100010000000000
(1790953087.957194) can0 2A2#0000D28B000008AE
(1790953087.957321) can0 2A3#0002DF2CFFFD59D8
(1790953087.957446) can0 2A4#00011C10FFFD63AE
(1790953087.957571) can0 2A5#000007BF000007CA
(1790953087.957696) can0 2A6#FFFFF84700000253
(1790953087.957820) can0 2A7#00005689FFFFF5D5
(1790953087.962079) can0 2A1#0100010000000000
(1790953087.962198) can0 2A2#0000D28B000008AE
(1790953087.962321) can0 2A3#0002DF2CFFFD59D8
(1790953087.962446) can0 2A4#00011C10FFFD63AE
(1790953087.962570) can0 2A5#000007BF000007CA
(1790953087.962671) can0 2A6#FFFFF84700000253
(1790953087.962794) can0 2A7#00005689FFFFF5D5
(1790953087.967102) can0 2A1#0100010000000000
(1790953087.967199) can0 2A2#0000D28B000008AE
(1790953087.967345) can0 2A3#0002DF2CFFFD59D8
(1790953087.967445) can0 2A4#00011C10FFFD63AE
(1790953087.967570) can0 2A5#000007BF000007CA
(1790953087.967695) can0 2A6#FFFFF84700000253
(1790953087.967820) can0 2A7#00005689FFFFF5D5
(1790953087.972103) can0 2A1#0100010000000000
(1790953087.972196) can0 2A2#0000D28B000008AE
(1790953087.972322) can0 2A3#0002DF2CFFFD59D8
(1790953087.972420) can0 2A4#00011C10FFFD63AE
(1790953087.972570) can0 2A5#000007BF000007CA
(1790953087.972695) can0 2A6#FFFFF84700000253
(1790953087.972795) can0 2A7#00005689FFFFF5D5
(1790953087.977104) can0 2A1#0100010000000000
(1790953087.977220) can0 2A2#0000D28B000008AE
(1790953087.977320) can0 2A3#0002DF2CFFFD59D8
(1790953087.977446) can0 2A4#00011C10FFFD63AE
(1790953087.977570) can0 2A5#000007BF000007CA
(1790953087.977696) can0 2A6#FFFFF84700000253
(1790953087.977820) can0 2A7#00005689FFFFF5D5
(1790953087.982081) can0 2A1#0100010000000000
(1790953087.982200) can0 2A2#0000D28B000008AE
(1790953087.982324) can0 2A3#0002DF2CFFFD59D8
(1790953087.982449) can0 2A4#00011C10FFFD63AE
(1790953087.982574) can0 2A5#000007BF000007CA
(1790953087.982674) can0 2A6#FFFFF84700000253
(1790953087.982797) can0 2A7#00005689FFFFF5D5
(1790953087.987106) can0 2A1#0100010000000000
(1790953087.987223) can0 2A2#0000D28B000008AE
(1790953087.987349) can0 2A3#0002DF2CFFFD59D8
(1790953087.987449) can0 2A4#00011C10FFFD63AE
(1790953087.987574) can0 2A5#000007BF000007CA
(1790953087.987699) can0 2A6#FFFFF84700000253
(1790953087.987824) can0 2A7#00005689FFFFF5D5
(1790953087.992075) can0 2A1#0100010000000000
(1790953087.992201) can0 2A2#0000D28B000008AE
(1790953087.992323) can0 2A3#0002DF2CFFFD59D8
(1790953087.992447) can0 2A4#00011C10FFFD63AE
(1790953087.992547) can0 2A5#000007BF000007CA
(1790953087.992672) can0 2A6#FFFFF84700000253
(1790953087.992797) can0 2A7#00005689FFFFF5D5
(1790953087.997157) can0 2A1#0100010000000000
(1790953087.997223) can0 2A2#0000D28B000008AE
(1790953087.997323) can0 2A3#0002DF2CFFFD59D8
(1790953087.997450) can0 2A4#00011C10FFFD63AE
(1790953087.997573) can0 2A5#000007BF000007CA
(1790953087.997698) can0 2A6#FFFFF84700000253
(1790953087.997822) can0 2A7#00005689FFFFF5D5
(1790953088.002081) can0 2A1#0100010000000000
(1790953088.002197) can0 2A2#0000D28B000008AE
(1790953088.002321) can0 2A3#0002DF2CFFFD59D8
(1790953088.002448) can0 2A4#00011C10FFFD63AE
(1790953088.002573) can0 2A5#000007BF000007CA
(1790953088.002673) can0 2A6#FFFFF84700000253
(1790953088.002798) can0 2A7#00005689FFFFF5D5
(1790953088.007104) can0 2A1#0100010000000000
(1790953088.007196) can0 2A2#0000D28B000008AE
(1790953088.007323) can0 2A3#0002DF2CFFFD59D8
(1790953088.007448) can0 2A4#00011C10FFFD63AE
(1790953088.007573) can0 2A5#000007BF000007CA
(1790953088.007696) can0 2A6#FFFFF84700000253
(1790953088.007823) can0 2A7#00005689FFFFF5D5
(1790953088.012080) can0 2A1#0100010000000000
(1790953088.012194) can0 2A2#0000D28B000008AE
(1790953088.012321) can0 2A3#0002DF2CFFFD59D8
(1790953088.012445) can0 2A4#00011C10FFFD63AE
(1790953088.012571) can0 2A5#000007BF000007CA
(1790953088.012695) can0 2A6#FFFFF84700000253
(1790953088.012795) can0 2A7#00005689FFFFF5D5
(1790953088.017116) can0 2A1#0100010000000000
(1790953088.017201) can0 2A2#0000D28B000008AE
(1790953088.017324) can0 2A3#0002DF2CFFFD59D8
(1790953088.017449) can0 2A4#00011C10FFFD63AE
(1790953088.017572) can0 2A5#000007BF000007CA
(1790953088.017701) can0 2A6#FFFFF84700000253
(1790953088.017828) can0 2A7#00005689FFFFF5D5
(1790953088.022099) can0 2A1#0100010000000000
(1790953088.022197) can0 2A2#0000D28B000008AE
(1790953088.022322) can0 2A3#0002DF2CFFFD59D8
(1790953088.022446) can0 2A4#00011C10FFFD63AE
(1790953088.022547) can0 2A5#000007BF000007CA
(1790953088.022674) can0 2A6#FFFFF84700000253
(1790953088.022797) can0 2A7#00005689FFFFF5D5
(1790953088.027103) can0 2A1#0100010000000000
(1790953088.027220) can0 2A2#0000D28B000008AE
(1790953088.027322) can0 2A3#0002DF2CFFFD59D8
(1790953088.027446) can0 2A4#00011C10FFFD63AE
(1790953088.027571) can0 2A5#000007BF000007CA
(1790953088.027696) can0 2A6#FFFFF84700000253
(1790953088.027822) can0 2A7#00005689FFFFF5D5
(1790953088.032107) can0 2A1#0100010000000000
(1790953088.032196) can0 2A2#0000D28B000008AE
(1790953088.032323) can0 2A3#0002DF2CFFFD59D8
(1790953088.032448) can0 2A4#00011C10FFFD63AE
(1790953088.032573) can0 2A5#000007BF000007CA
(1790953088.032673) can0 2A6#FFFFF84700000253
(1790953088.032798) can0 2A7#00005689FFFFF5D5
(1790953088.037103) can0 2A1#0100010000000000
(1790953088.037197) can0 2A2#0000D28B000008AE
(1790953088.037324) can0 2A3#0002DF2CFFFD59D8
(1790953088.037449) can0 2A4#00011C10FFFD63AE
(1790953088.037571) can0 2A5#000007BF000007CA
(1790953088.037699) can0 2A6#FFFFF84700000253
(1790953088.037798) can0 2A7#00005689FFFFF5D5
(1790953088.042075) can0 2A1#0100010000000000
(1790953088.042197) can0 2A2#0000D28B000008AE
(1790953088.042322) can0 2A3#0002DF2CFFFD59D8
(1790953088.042445) can0 2A4#00011C10FFFD63AE
(1790953088.042545) can0 2A5#000007BF000007CA
(1790953088.042671) can0 2A6#FFFFF84700000253
(1790953088.042796) can0 2A7#00005689FFFFF5D5
(1790953088.047187) can0 2A1#0100010000000000
(1790953088.047226) can0 2A2#0000D28B000008AE
(1790953088.047349) can0 2A3#0002DF2CFFFD59D8
(1790953088.047446) can0 2A4#00011C10FFFD63AE
(1790953088.047574) can0 2A5#000007BF000007CA
(1790953088.047698) can0 2A6#FFFFF84700000253
(1790953088.047823) can0 2A7#00005689FFFFF5D5
(1790953088.052086) can0 2A1#0100010000000000
(1790953088.052198) can0 2A2#0000D28B000008AE
(1790953088.052324) can0 2A3#0002DF2CFFFD59D8
(1790953088.052447) can0 2A4#00011C10FFFD63AE
(1790953088.052575) can0 2A5#000007BF000007CA
(1790953088.052699) can0 2A6#FFFFF84700000253
(1790953088.052800) can0 2A7#00005689FFFFF5D5
(1790953088.057102) can0 2A1#0100010000000000
(1790953088.057197) can0 2A2#0000D28B000008AE
(1790953088.057347) can0 2A3#0002DF2CFFFD59D8
(1790953088.057447) can0 2A4#00011C10FFFD63AE
(1790953088.057571) can0 2A5#000007BF000007CA
(1790953088.057697) can0 2A6#FFFFF84700000253
(1790953088.057821) can0 2A7#00005689FFFFF5D5
(1790953088.062077) can0 2A1#0100010000000000
(1790953088.062196) can0 2A2#0000D28B000008AE
(1790953088.062323) can0 2A3#0002DF2CFFFD59D8
(1790953088.062445) can0 2A4#00011C10FFFD63AE
(1790953088.062572) can0 2A5#000007BF000007CA
(1790953088.062672) can0 2A6#FFFFF84700000253
(1790953088.062797) can0 2A7#00005689FFFFF5D5
(1790953088.067110) can0 2A1#0100010000000000
(1790953088.067197) can0 2A2#0000D28B000008AE
(1790953088.067324) can0 2A3#0002DF2CFFFD59D8
(1790953088.067450) can0 2A4#00011C10FFFD63AE
(1790953088.067573) can0 2A5#000007BF000007CA
(1790953088.067699) can0 2A6#FFFFF84700000253
(1790953088.067822) can0 2A7#00005689FFFFF5D5
(1790953088.072105) can0 2A1#0100010000000000
(1790953088.072200) can0 2A2#0000D28B000008AE
(1790953088.072324) can0 2A3#0002DF2CFFFD59D8
(1790953088.072449) can0 2A4#00011C10FFFD63AE
(1790953088.072574) can0 2A5#000007BF000007CA
(1790953088.072698) can0 2A6#FFFFF84700000253
(1790953088.072797) can0 2A7#00005689FFFFF5D5
(1790953088.077102) can0 2A1#0100010000000000
(1790953088.077221) can0 2A2#0000D28B000008AE
(1790953088.077322) can0 2A3#0002DF2CFFFD59D8
(1790953088.077448) can0 2A4#00011C10FFFD63AE
(1790953088.077572) can0 2A5#000007BF000007CA
(1790953088.077697) can0 2A6#FFFFF84700000253
(1790953088.077820) can0 2A7#00005689FFFFF5D5
(1790953088.082082) can0 2A1#0100010000000000
(1790953088.082200) can0 2A2#0000D28B000008AE
(1790953088.082324) can0 2A3#0002DF2CFFFD59D8
(1790953088.082449) can0 2A4#00011C10FFFD63AE
(1790953088.082549) can0 2A5#000007BF000007CA
(1790953088.082674) can0 2A6#FFFFF84700000253
(1790953088.082802) can0 2A7#00005689FFFFF5D5
(1790953088.087105) can0 2A1#0100010000000000
(1790953088.087222) can0 2A2#0000D28B000008AE
(1790953088.087323) can0 2A3#0002DF2CFFFD59D8
(1790953088.087448) can0 2A4#00011C10FFFD63AE
(1790953088.087573) can0 2A5#000007BF000007CA
(1790953088.087698) can0 2A6#FFFFF84700000253
(1790953088.087823) can0 2A7#00005689FFFFF5D5
(1790953088.092097) can0 2A1#0100010000000000
(1790953088.092197) can0 2A2#0000D28B000008AE
(1790953088.092320) can0 2A3#0002DF2CFFFD59D8
(1790953088.092446) can0 2A4#00011C10FFFD63AE
(1790953088.092546) can0 2A5#000007BF000007CA
(1790953088.092671) can0 2A6#FFFFF84700000253
(1790953088.092796) can0 2A7#00005689FFFFF5D5
(1790953088.097130) can0 2A1#0100010000000000
(1790953088.097221) can0 2A2#0000D28B000008AE
(1790953088.097322) can0 2A3#0002DF2CFFFD59D8
(1790953088.097447) can0 2A4#00011C10FFFD63AE
(1790953088.097573) can0 2A5#000007BF000007CA
(1790953088.097697) can0 2A6#FFFFF84700000253
(1790953088.097822) can0 2A7#00005689FFFFF5D5
(1790953088.102089) can0 2A1#0100010000000000
(1790953088.102223) can0 2A2#0000D28B000008AE
(1790953088.102324) can0 2A3#0002DF2CFFFD59D8
(1790953088.102448) can0 2A4#00011C10FFFD63AE
(1790953088.102548) can0 2A5#000007BF000007CA
(1790953088.102674) can0 2A6#FFFFF84700000253
(1790953088.102797) can0 2A7#00005689FFFFF5D5
(1790953088.107102) can0 2A1#0100010000000000
(1790953088.107219) can0 2A2#0000D28B000008AE
(1790953088.107322) can0 2A3#0002DF2CFFFD59D8
(1790953088.107446) can0 2A4#00011C10FFFD63AE
(1790953088.107571) can0 2A5#000007BF000007CA
(1790953088.107697) can0 2A6#FFFFF84700000253
(1790953088.107820) can0 2A7#00005689FFFFF5D5
(1790953088.112074) can0 2A1#0100010000000000
(1790953088.112197) can0 2A2#0000D28B000008AE
(1790953088.112324) can0 2A3#0002DF2CFFFD59D8
(1790953088.112449) can0 2A4#00011C10FFFD63AE
(1790953088.112574) can0 2A5#000007BF000007CA
(1790953088.112672) can0 2A6#FFFFF84700000253
(1790953088.112798) can0 2A7#00005689FFFFF5D5
(1790953088.117123) can0 2A1#0100010000000000
(1790953088.117223) can0 2A2#0000D28B000008AE
(1790953088.117349) can0 2A3#0002DF2CFFFD59D8
(1790953088.117449) can0 2A4#00011C10FFFD63AE
(1790953088.117572) can0 2A5#000007BF000007CA
(1790953088.117697) can0 2A6#FFFFF84700000253
(1790953088.117824) can0 2A7#00005689FFFFF5D5
(1790953088.122076) can0 2A1#0100010000000000
(1790953088.122197) can0 2A2#0000D28B000008AE
(1790953088.122324) can0 2A3#0002DF2CFFFD59D8
(1790953088.122451) can0 2A4#00011C10FFFD63AE
(1790953088.122548) can0 2A5#000007BF000007CA
(1790953088.122674) can0 2A6#FFFFF84700000253
(1790953088.122831) can0 2A7#00005689FFFFF5D5
(1790953088.127102) can0 2A1#0100010000000000
(1790953088.127220) can0 2A2#0000D28B000008AE
(1790953088.127321) can0 2A3#0002DF2CFFFD59D8
(1790953088.127446) can0 2A4#00011C10FFFD63AE
(1790953088.127572) can0 2A5#000007BF000007CA
(1790953088.127696) can0 2A6#FFFFF84700000253
(1790953088.127821) can0 2A7#00005689FFFFF5D5
(1790953088.132079) can0 2A1#0100010000000000
(1790953088.132197) can0 2A2#0000D28B000008AE
(1790953088.132322) can0 2A3#0002DF2CFFFD59D8
(1790953088.132447) can0 2A4#00011C10FFFD63AE
(1790953088.132571) can0 2A5#000007BF000007CA
(1790953088.132670) can0 2A6#FFFFF84700000253
(1790953088.132796) can0 2A7#00005689FFFFF5D5
(1790953088.137097) can0 2A1#0100010000000000
(1790953088.137222) can0 2A2#0000D28B000008AE
(1790953088.137347) can0 2A3#0002DF2CFFFD59D8
(1790953088.137446) can0 2A4#00011C10FFFD63AE
(1790953088.137572) can0 2A5#000007BF000007CA
(1790953088.137697) can0 2A6#FFFFF84700000253
(1790953088.137797) can0 2A7#00005689FFFFF5D5
(1790953088.142070) can0 2A1#0100010000000000
(1790953088.142196) can0 2A2#0000D28B000008AE
(1790953088.142320) can0 2A3#0002DF2CFFFD59D8
(1790953088.142445) can0 2A4#00011C10FFFD63AE
(1790953088.142545) can0 2A5#000007BF000007CA
(1790953088.142670) can0 2A6#FFFFF84700000253
(1790953088.142795) can0 2A7#00005689FFFFF5D5
(1790953088.147177) can0 2A1#0100010000000000
(1790953088.147221) can0 2A2#0000D28B000008AE
(1790953088.147348) can0 2A3#0002DF2CFFFD59D8
(1790953088.147451) can0 2A4#00011C10FFFD63AE
(1790953088.147570) can0 2A5#000007BF000007CA
(1790953088.147695) can0 2A6#FFFFF84700000253
(1790953088.147798) can0 2A7#00005689FFFFF5D5
(1790953088.152090) can0 2A1#0100010000000000
(1790953088.152198) can0 2A2#0000D28B000008AE
(1790953088.152325) can0 2A3#0002DF2CFFFD59D8
(1790953088.152448) can0 2A4#00011C10FFFD63AE
(1790953088.152577) can0 2A5#000007BF000007CA
(1790953088.152673) can0 2A6#FFFFF84700000253
(1790953088.152798) can0 2A7#00005689FFFFF5D5
(1790953088.157113) can0 2A1#0100010000000000
(1790953088.157224) can0 2A2#0000D28B000008AE
(1790953088.157355) can0 2A3#0002DF2CFFFD59D8
(1790953088.157446) can0 2A4#00011C10FFFD63AE
(1790953088.157579) can0 2A5#000007BF000007CA
(1790953088.157701) can0 2A6#FFFFF84700000253
(1790953088.157823) can0 2A7#00005689FFFFF5D5
(1790953088.162080) can0 2A1#0100010000000000
(1790953088.162195) can0 2A2#0000D28B000008AE
(1790953088.162321) can0 2A3#0002DF2CFFFD59D8
(1790953088.162447) can0 2A4#00011C10FFFD63AE
(1790953088.162571) can0 2A5#000007BF000007CA
(1790953088.162696) can0 2A6#FFFFF84700000253
(1790953088.162795) can0 2A7#00005689FFFFF5D5
(1790953088.167109) can0 2A1#0100010000000000
(1790953088.167197) can0 2A2#0000D28B000008AE
(1790953088.167348) can0 2A3#0002DF2CFFFD59D8
(1790953088.167507) can0 2A4#00011C10FFFD63AE
(1790953088.167601) can0 2A5#000007BF000007CA
(1790953088.167700) can0 2A6#FFFFF84700000253
(1790953088.167823) can0 2A7#00005689FFFFF5D5
(1790953088.172104) can0 2A1#0100010000000000
(1790953088.172222) can0 2A2#0000D28B000008AE
(1790953088.172324) can0 2A3#0002DF2CFFFD59D8
(1790953088.172449) can0 2A4#00011C10FFFD63AE
(1790953088.172548) can0 2A5#000007BF000007CA
(1790953088.172674) can0 2A6#FFFFF84700000253
(1790953088.172799) can0 2A7#00005689FFFFF5D5
(1790953088.177103) can0 2A1#0100010000000000
(1790953088.177221) can0 2A2#0000D28B000008AE
(1790953088.177348) can0 2A3#0002DF2CFFFD59D8
(1790953088.177445) can0 2A4#00011C10FFFD63AE
(1790953088.177570) can0 2A5#000007BF000007CA
(1790953088.177696) can0 2A6#FFFFF84700000253
(1790953088.177822) can0 2A7#00005689FFFFF5D5
(1790953088.182102) can0 2A1#0100010000000000
(1790953088.182196) can0 2A2#0000D28B000008AE
(1790953088.182324) can0 2A3#0002DF2CFFFD59D8
(1790953088.182423) can0 2A4#00011C10FFFD63AE
(1790953088.182573) can0 2A5#000007BF000007CA
(1790953088.182699) can0 2A6#FFFFF84700000253
(1790953088.182797) can0 2A7#00005689FFFFF5D5
(1790953088.187112) can0 2A1#0100010000000000
(1790953088.187222) can0 2A2#0000D28B000008AE
(1790953088.187325) can0 2A3#0002DF2CFFFD59D8
(1790953088.187450) can0 2A4#00011C10FFFD63AE
(1790953088.187575) can0 2A5#000007BF000007CA
(1790953088.187697) can0 2A6#FFFFF84700000253
(1790953088.187822) can0 2A7#00005689FFFFF5D5
(1790953088.192095) can0 2A1#0100010000000000
(1790953088.192198) can0 2A2#0000D28B000008AE
(1790953088.192321) can0 2A3#0002DF2CFFFD59D8
(1790953088.192445) can0 2A4#00011C10FFFD63AE
(1790953088.192545) can0 2A5#000007BF000007CA
(1790953088.192670) can0 2A6#FFFFF84700000253
(1790953088.192798) can0 2A7#00005689FFFFF5D5
(1790953088.197142) can0 2A1#0100010000000000
(1790953088.197220) can0 2A2#0000D28B000008AE
(1790953088.197322) can0 2A3#0002DF2CFFFD59D8
(1790953088.197485) can0 2A4#00011C10FFFD63AE
(1790953088.197578) can0 2A5#000007BF000007CA
(1790953088.197697) can0 2A6#FFFFF84700000253
(1790953088.197820) can0 2A7#00005689FFFFF5D5
(1790953088.202106) can0 2A1#0100010000000000
(1790953088.202221) can0 2A2#0000D28B000008AE
(1790953088.202323) can0 2A3#0002DF2CFFFD59D8
(1790953088.202447) can0 2A4#00011C10FFFD63AE
(1790953088.202572) can0 2A5#000007BF000007CA
(1790953088.202671) can0 2A6#FFFFF84700000253
(1790953088.202799) can0 2A7#00005689FFFFF5D5
(1790953088.207105) can0 2A1#0100010000000000
(1790953088.207220) can0 2A2#0000D28B000008AE
(1790953088.207347) can0 2A3#0002DF2CFFFD59D8
(1790953088.207447) can0 2A4#00011C10FFFD63AE
(1790953088.207571) can0 2A5#000007BF000007CA
(1790953088.207697) can0 2A6#FFFFF84700000253
(1790953088.207797) can0 2A7#00005689FFFFF5D5
(1790953088.212074) can0 2A1#0100010000000000
(1790953088.212222) can0 2A2#0000D28B000008AE
(1790953088.212322) can0 2A3#0002DF2CFFFD59D8
(1790953088.212447) can0 2A4#00011C10FFFD63AE
(1790953088.212546) can0 2A5#000007BF000007CA
(1790953088.212670) can0 2A6#FFFFF84700000253
(1790953088.212797) can0 2A7#00005689FFFFF5D5
(1790953088.217109) can0 2A1#0100010000000000
(1790953088.217221) can0 2A2#0000D28B000008AE
(1790953088.217323) can0 2A3#0002DF2CFFFD59D8
(1790953088.217449) can0 2A4#00011C10FFFD63AE
(1790953088.217573) can0 2A5#000007BF000007CA
(1790953088.217698) can0 2A6#FFFFF84700000253
(1790953088.217824) can0 2A7#00005689FFFFF5D5
(1790953088.222108) can0 2A1#0100010000000000
(1790953088.222204) can0 2A2#0000D28B000008AE
(1790953088.222325) can0 2A3#0002DF2CFFFD59D8
(1790953088.222450) can0 2A4#00011C10FFFD63AE
(1790953088.222547) can0 2A5#000007BF000007CA
(1790953088.222676) can0 2A6#FFFFF84700000253
(1790953088.222801) can0 2A7#00005689FFFFF5D5
(1790953088.227124) can0 2A1#0100010000000000
(1790953088.227227) can0 2A2#0000D28B000008AE
(1790953088.227324) can0 2A3#0002DF2CFFFD59D8
(1790953088.227447) can0 2A4#00011C10FFFD63AE
(1790953088.227571) can0 2A5#000007BF000007CA
(1790953088.227696) can0 2A6#FFFFF84700000253
(1790953088.227822) can0 2A7#00005689FFFFF5D5
(1790953088.232110) can0 2A1#0100010000000000
(1790953088.232216) can0 2A2#0000D28B000008AE
(1790953088.232325) can0 2A3#0002DF2CFFFD59D8
(1790953088.232449) can0 2A4#00011C10FFFD63AE
(1790953088.232575) can0 2A5#000007BF000007CA
(1790953088.232699) can0 2A6#FFFFF84700000253
(1790953088.232799) can0 2A7#00005689FFFFF5D5
(1790953088.237134) can0 2A1#0100010000000000
(1790953088.237227) can0 2A2#0000D28B000008AE
(1790953088.237324) can0 2A3#0002DF2CFFFD59D8
(1790953088.237450) can0 2A4#00011C10FFFD63AE
(1790953088.237579) can0 2A5#000007BF000007CA
(1790953088.237700) can0 2A6#FFFFF84700000253
(1790953088.237824) can0 2A7#00005689FFFFF5D5
(1790953088.242103) can0 2A1#0100010000000000
(1790953088.242196) can0 2A2#0000D28B000008AE
(1790953088.242324) can0 2A3#0002DF2CFFFD59D8
(1790953088.242448) can0 2A4#00011C10FFFD63AE
(1790953088.242549) can0 2A5#000007BF000007CA
(1790953088.242673) can0 2A6#FFFFF84700000253
(1790953088.242798) can0 2A7#00005689FFFFF5D5
(1790953088.247145) can0 2A1#0100010000000000
(1790953088.247222) can0 2A2#0000D28B000008AE
(1790953088.247322) can0 2A3#0002DF2CFFFD59D8
(1790953088.247447) can0 2A4#00011C10FFFD63AE
(1790953088.247572) can0 2A5#000007BF000007CA
(1790953088.247697) can0 2A6#FFFFF84700000253
(1790953088.247822) can0 2A7#00005689FFFFF5D5
(1790953088.252077) can0 2A1#0100010000000000
(1790953088.252222) can0 2A2#0000D28B000008AE
(1790953088.252322) can0 2A3#0002DF2CFFFD59D8
(1790953088.252447) can0 2A4#00011C10FFFD63AE
(1790953088.252572) can0 2A5#000007BF000007CA
(1790953088.252672) can0 2A6#FFFFF84700000253
(1790953088.252796) can0 2A7#00005689FFFFF5D5
(1790953088.257107) can0 2A1#0100010000000000
(1790953088.257224) can0 2A2#0000D28B000008AE
(1790953088.257346) can0 2A3#0002DF2CFFFD59D8
(1790953088.257446) can0 2A4#00011C10FFFD63AE
(1790953088.257571) can0 2A5#000007BF000007CA
(1790953088.257696) can0 2A6#FFFFF84700000253
(1790953088.257822) can0 2A7#00005689FFFFF5D5
(1790953088.262076) can0 2A1#0100010000000000
(1790953088.262196) can0 2A2#0000D28B000008AE
(1790953088.262321) can0 2A3#0002DF2CFFFD59D8
(1790953088.262446) can0 2A4#00011C10FFFD63AE
(1790953088.262568) can0 2A5#000007BF000007CA
(1790953088.262671) can0 2A6#FFFFF84700000253
(1790953088.262796) can0 2A7#00005689FFFFF5D5
(1790953088.267113) can0 2A1#0100010000000000
(1790953088.267223) can0 2A2#0000D28B000008AE
(1790953088.267346) can0 2A3#0002DF2CFFFD59D8
(1790953088.267446) can0 2A4#00011C10FFFD63AE
(1790953088.267571) can0 2A5#000007BF000007CA
(1790953088.267696) can0 2A6#FFFFF84700000253
(1790953088.267821) can0 2A7#00005689FFFFF5D5
(1790953088.272103) can0 2A1#0100010000000000
(1790953088.272196) can0 2A2#0000D28B000008AE
(1790953088.272322) can0 2A3#0002DF2CFFFD59D8
(1790953088.272446) can0 2A4#00011C10FFFD63AE
(1790953088.272572) can0 2A5#000007BF000007CA
(1790953088.272695) can0 2A6#FFFFF84700000253
(1790953088.272796) can0 2A7#00005689FFFFF5D5
(1790953088.277102) can0 2A1#0100010000000000
(1790953088.277222) can0 2A2#0000D28B000008AE
(1790953088.277322) can0 2A3#0002DF2CFFFD59D8
(1790953088.277449) can0 2A4#00011C10FFFD63AE
(1790953088.277571) can0 2A5#000007BF000007CA
(1790953088.277695) can0 2A6#FFFFF84700000253
(1790953088.277819) can0 2A7#00005689FFFFF5D5
(1790953088.282089) can0 2A1#0100010000000000
(1790953088.282223) can0 2A2#0000D28B000008AE
(1790953088.282323) can0 2A3#0002DF2CFFFD59D8
(1790953088.282447) can0 2A4#00011C10FFFD63AE
(1790953088.282575) can0 2A5#000007BF000007CA
(1790953088.282673) can0 2A6#FFFFF84700000253
(1790953088.282798) can0 2A7#00005689FFFFF5D5
(1790953088.287114) can0 2A1#0100010000000000
(1790953088.287225) can0 2A2#0000D28B000008AE
(1790953088.287349) can0 2A3#0002DF2CFFFD59D8
(1790953088.287449) can0 2A4#00011C10FFFD63AE
(1790953088.287575) can0 2A5#000007BF000007CA
(1790953088.287699) can0 2A6#FFFFF84700000253
(1790953088.287824) can0 2A7#00005689FFFFF5D5
(1790953088.292074) can0 2A1#0100010000000000
(1790953088.292197) can0 2A2#0000D28B000008AE
(1790953088.292323) can0 2A3#0002DF2CFFFD59D8
(1790953088.292448) can0 2A4#00011C10FFFD63AE
(1790953088.292573) can0 2A5#000007BF000007CA
(1790953088.292673) can0 2A6#FFFFF84700000253
(1790953088.292799) can0 2A7#00005689FFFFF5D5
(1790953088.297135) can0 2A1#0100010000000000
(1790953088.297221) can0 2A2#0000D28B000008AE
(1790953088.297348) can0 2A3#0002DF2CFFFD59D8
(1790953088.297448) can0 2A4#00011C10FFFD63AE
(1790953088.297573) can0 2A5#000007BF000007CA
(1790953088.297699) can0 2A6#FFFFF84700000253
(1790953088.297823) can0 2A7#00005689FFFFF5D5
(1790953088.302080) can0 2A1#0100010000000000
(1790953088.302197) can0 2A2#0000D28B000008AE
(1790953088.302324) can0 2A3#0002DF2CFFFD59D8
(1790953088.302450) can0 2A4#00011C10FFFD63AE
(1790953088.302574) can0 2A5#000007BF000007CA
(1790953088.302672) can0 2A6#FFFFF84700000253
(1790953088.302799) can0 2A7#00005689FFFFF5D5
(1790953088.307122) can0 2A1#0100010000000000
(1790953088.307220) can0 2A2#0000D28B000008AE
(1790953088.307347) can0 2A3#0002DF2CFFFD59D8
(1790953088.307447) can0 2A4#00011C10FFFD63AE
(1790953088.307572) can0 2A5#000007BF000007CA
(1790953088.307697) can0 2A6#FFFFF84700000253
(1790953088.307822) can0 2A7#00005689FFFFF5D5
(1790953088.312108) can0 2A1#0100010000000000
(1790953088.312195) can0 2A2#0000D28B000008AE
(1790953088.312321) can0 2A3#0002DF2CFFFD59D8
(1790953088.312446) can0 2A4#00011C10FFFD63AE
(1790953088.312571) can0 2A5#000007BF000007CA
(1790953088.312697) can0 2A6#FFFFF84700000253
(1790953088.312797) can0 2A7#00005689FFFFF5D5
(1790953088.317126) can0 2A1#0100010000000000
(1790953088.317200) can0 2A2#0000D28B000008AE
(1790953088.317347) can0 2A3#0002DF2CFFFD59D8
(1790953088.317496) can0 2A4#00011C10FFFD63AE
(1790953088.317596) can0 2A5#000007BF000007CA
(1790953088.317696) can0 2A6#FFFFF84700000253
(1790953088.317822) can0 2A7#00005689FFFFF5D5
(1790953088.322115) can0 2A1#0100010000000000
(1790953088.322197) can0 2A2#0000D28B000008AE
(1790953088.322323) can0 2A3#0002DF2CFFFD59D8
(1790953088.322449) can0 2A4#00011C10FFFD63AE
(1790953088.322547) can0 2A5#000007BF000007CA
(1790953088.322670) can0 2A6#FFFFF84700000253
(1790953088.322798) can0 2A7#00005689FFFFF5D5
(1790953088.327100) can0 2A1#0100010000000000
(1790953088.327221) can0 2A2#0000D28B000008AE
(1790953088.327323) can0 2A3#0002DF2CFFFD59D8
(1790953088.327447) can0 2A4#00011C10FFFD63AE
(1790953088.327570) can0 2A5#000007BF000007CA
(1790953088.327697) can0 2A6#FFFFF84700000253
(1790953088.327820) can0 2A7#00005689FFFFF5D5
(1790953088.332083) can0 2A1#0100010000000000
(1790953088.332198) can0 2A2#0000D28B000008AE
(1790953088.332324) can0 2A3#0002DF2CFFFD59D8
(1790953088.332451) can0 2A4#00011C10FFFD63AE
(1790953088.332573) can0 2A5#000007BF000007CA
(1790953088.332671) can0 2A6#FFFFF84700000253
(1790953088.332799) can0 2A7#00005689FFFFF5D5
(1790953088.337118) can0 2A1#0100010000000000
(1790953088.337222) can0 2A2#0000D28B000008AE
(1790953088.337347) can0 2A3#0002DF2CFFFD59D8
(1790953088.337446) can0 2A4#00011C10FFFD63AE
(1790953088.337571) can0 2A5#000007BF000007CA
(1790953088.337696) can0 2A6#FFFFF84700000253
(1790953088.337821) can0 2A7#00005689FFFFF5D5
(1790953088.342072) can0 2A1#0100010000000000
(1790953088.342219) can0 2A2#0000D28B000008AE
(1790953088.342321) can0 2A3#0002DF2CFFFD59D8
(1790953088.342446) can0 2A4#00011C10FFFD63AE
(1790953088.342571) can0 2A5#000007BF000007CA
(1790953088.342671) can0 2A6#FFFFF84700000253
(1790953088.342796) can0 2A7#00005689FFFFF5D5
(1790953088.347202) can0 2A1#0100010000000000
(1790953088.347225) can0 2A2#0000D28B000008AE
(1790953088.347349) can0 2A3#0002DF2CFFFD59D8
(1790953088.347448) can0 2A4#00011C10FFFD63AE
(1790953088.347574) can0 2A5#000007BF000007CA
(1790953088.347700) can0 2A6#FFFFF84700000253
(1790953088.347824) can0 2A7#00005689FFFFF5D5
(1790953088.352120) can0 2A1#0100010000000000
(1790953088.352199) can0 2A2#0000D28B000008AE
(1790953088.352323) can0 2A3#0002DF2CFFFD59D8
(1790953088.352448) can0 2A4#00011C10FFFD63AE
(1790953088.352572) can0 2A5#000007BF000007CA
(1790953088.352672) can0 2A6#FFFFF84700000253
(1790953088.352797) can0 2A7#00005689FFFFF5D5
(1790953088.357118) can0 2A1#0100010000000000
(1790953088.357227) can0 2A2#0000D28B000008AE
(1790953088.357350) can0 2A3#0002DF2CFFFD59D8
(1790953088.357445) can0 2A4#00011C10FFFD63AE
(1790953088.357576) can0 2A5#000007BF000007CA
(1790953088.357697) can0 2A6#FFFFF84700000253
(1790953088.357822) can0 2A7#00005689FFFFF5D5
(1790953088.362098) can0 2A1#0100010000000000
(1790953088.362194) can0 2A2#0000D28B000008AE
(1790953088.362346) can0 2A3#0002DF2CFFFD59D8
(1790953088.362446) can0 2A4#00011C10FFFD63AE
(1790953088.362571) can0 2A5#000007BF000007CA
(1790953088.362696) can0 2A6#FFFFF84700000253
(1790953088.362794) can0 2A7#00005689FFFFF5D5
(1790953088.367109) can0 2A1#0100010000000000
(1790953088.367224) can0 2A2#0000D28B000008AE
(1790953088.367349) can0 2A3#0002DF2CFFFD59D8
(1790953088.367448) can0 2A4#00011C10FFFD63AE
(1790953088.367573) can0 2A5#000007BF000007CA
(1790953088.367698) can0 2A6#FFFFF84700000253
(1790953088.367797) can0 2A7#00005689FFFFF5D5
(1790953088.372095) can0 2A1#0100010000000000
(1790953088.372197) can0 2A2#0000D28B000008AE
(1790953088.372324) can0 2A3#0002DF2CFFFD59D8
(1790953088.372448) can0 2A4#00011C10FFFD63AE
(1790953088.372574) can0 2A5#000007BF000007CA
(1790953088.372698) can0 2A6#FFFFF84700000253
(1790953088.372798) can0 2A7#00005689FFFFF5D5
(1790953088.377109) can0 2A1#0100010000000000
(1790953088.377223) can0 2A2#0000D28B000008AE
(1790953088.377349) can0 2A3#0002DF2CFFFD59D8
(1790953088.377448) can0 2A4#00011C10FFFD63AE
(1790953088.377573) can0 2A5#000007BF000007CA
(1790953088.377698) can0 2A6#FFFFF84700000253
(1790953088.377823) can0 2A7#00005689FFFFF5D5
(1790953088.382127) can0 2A1#0100010000000000
(1790953088.382226) can0 2A2#0000D28B000008AE
(1790953088.382324) can0 2A3#0002DF2CFFFD59D8
(1790953088.382450) can0 2A4#00011C10FFFD63AE
(1790953088.382549) can0 2A5#000007BF000007CA
(1790953088.382676) can0 2A6#FFFFF84700000253
(1790953088.382800) can0 2A7#00005689FFFFF5D5
(1790953088.387253) can0 2A1#0100010000000000
(1790953088.387283) can0 2A2#0000D28B000008AE
(1790953088.387323) can0 2A3#0002DF2CFFFD59D8
(1790953088.387449) can0 2A4#00011C10FFFD63AE
(1790953088.387576) can0 2A5#000007BF000007CA
(1790953088.387701) can0 2A6#FFFFF84700000253
(1790953088.387824) can0 2A7#00005689FFFFF5D5
(1790953088.392104) can0 2A1#0100010000000000
(1790953088.392228) can0 2A2#0000D28B000008AE
(1790953088.392326) can0 2A3#0002DF2CFFFD59D8
(1790953088.392449) can0 2A4#00011C10FFFD63AE
(1790953088.392548) can0 2A5#000007BF000007CA
(1790953088.392675) can0 2A6#FFFFF84700000253
(1790953088.392799) can0 2A7#00005689FFFFF5D5
(1790953088.397174) can0 2A1#0100010000000000
(1790953088.397223) can0 2A2#0000D28B000008AE
(1790953088.397322) can0 2A3#0002DF2CFFFD59D8
(1790953088.397449) can0 2A4#00011C10FFFD63AE
(1790953088.397574) can0 2A5#000007BF000007CA
(1790953088.397699) can0 2A6#FFFFF84700000253
(1790953088.397822) can0 2A7#00005689FFFFF5D5
(1790953088.402086) can0 2A1#0100010000000000
(1790953088.402225) can0 2A2#0000D28B000008AE
(1790953088.402321) can0 2A3#0002DF2CFFFD59D8
(1790953088.402447) can0 2A4#00011C10FFFD63AE
(1790953088.402546) can0 2A5#000007BF000007CA
(1790953088.402671) can0 2A6#FFFFF84700000253
(1790953088.402798) can0 2A7#00005689FFFFF5D5
(1790953088.407101) can0 2A1#0100010000000000
(1790953088.407221) can0 2A2#0000D28B000008AE
(1790953088.407321) can0 2A3#0002DF2CFFFD59D8
(1790953088.407447) can0 2A4#00011C10FFFD63AE
(1790953088.407570) can0 2A5#000007BF000007CA
(1790953088.407697) can0 2A6#FFFFF84700000253
(1790953088.407822) can0 2A7#00005689FFFFF5D5
(1790953088.412107) can0 2A1#0100010000000000
(1790953088.412227) can0 2A2#0000D28B000008AE
(1790953088.412324) can0 2A3#0002DF2CFFFD59D8
(1790953088.412449) can0 2A4#00011C10FFFD63AE
(1790953088.412573) can0 2A5#000007BF000007CA
(1790953088.412673) can0 2A6#FFFFF84700000253
(1790953088.412799) can0 2A7#00005689FFFFF5D5
(1790953088.417125) can0 2A1#0100010000000000
(1790953088.417224) can0 2A2#0000D28B000008AE
(1790953088.417349) can0 2A3#0002DF2CFFFD59D8
(1790953088.417449) can0 2A4#00011C10FFFD63AE
(1790953088.417572) can0 2A5#000007BF000007CA
(1790953088.417699) can0 2A6#FFFFF84700000253
(1790953088.417824) can0 2A7#00005689FFFFF5D5
(1790953088.422082) can0 2A1#0100010000000000
(1790953088.422198) can0 2A2#0000D28B000008AE
(1790953088.422323) can0 2A3#0002DF2CFFFD59D8
(1790953088.422449) can0 2A4#00011C10FFFD63AE
(1790953088.422574) can0 2A5#000007BF000007CA
(1790953088.422699) can0 2A6#FFFFF84700000253
(1790953088.422799) can0 2A7#00005689FFFFF5D5
(1790953088.427101) can0 2A1#0100010000000000
(1790953088.427223) can0 2A2#0000D28B000008AE
(1790953088.427347) can0 2A3#0002DF2CFFFD59D8
(1790953088.427497) can0 2A4#00011C10FFFD63AE
(1790953088.427595) can0 2A5#000007BF000007CA
(1790953088.427698) can0 2A6#FFFFF84700000253
(1790953088.427822) can0 2A7#00005689FFFFF5D5
(1790953088.432111) can0 2A1#0100010000000000
(1790953088.432199) can0 2A2#0000D28B000008AE
(1790953088.432325) can0 2A3#0002DF2CFFFD59D8
(1790953088.432450) can0 2A4#00011C10FFFD63AE
(1790953088.432573) can0 2A5#000007BF000007CA
(1790953088.432698) can0 2A6#FFFFF84700000253
(1790953088.432798) can0 2A7#00005689FFFFF5D5
(1790953088.437126) can0 2A1#0100010000000000
(1790953088.437223) can0 2A2#0000D28B000008AE
(1790953088.437349) can0 2A3#0002DF2CFFFD59D8
(1790953088.437498) can0 2A4#00011C10FFFD63AE
(1790953088.437598) can0 2A5#000007BF000007CA
(1790953088.437699) can0 2A6#FFFFF84700000253
(1790953088.437823) can0 2A7#00005689FFFFF5D5
(1790953088.442104) can0 2A1#0100010000000000
(1790953088.442222) can0 2A2#0000D28B000008AE
(1790953088.442324) can0 2A3#0002DF2CFFFD59D8
(1790953088.442448) can0 2A4#00011C10FFFD63AE
(1790953088.442572) can0 2A5#000007BF000007CA
(1790953088.442698) can0 2A6#FFFFF84700000253
(1790953088.442823) can0 2A7#00005689FFFFF5D5
(1790953088.447128) can0 2A1#0100010000000000
(1790953088.447224) can0 2A2#0000D28B000008AE
(1790953088.447350) can0 2A3#0002DF2CFFFD59D8
(1790953088.447449) can0 2A4#00011C10FFFD63AE
(1790953088.447574) can0 2A5#000007BF000007CA
(1790953088.447699) can0 2A6#FFFFF84700000253
(1790953088.447823) can0 2A7#00005689FFFFF5D5
(1790953088.452120) can0 2A1#0100010000000000
(1790953088.452202) can0 2A2#0000D28B000008AE
(1790953088.452325) can0 2A3#0002DF2CFFFD59D8
(1790953088.452454) can0 2A4#00011C10FFFD63AE
(1790953088.452575) can0 2A5#000007BF000007CA
(1790953088.452672) can0 2A6#FFFFF84700000253
(1790953088.452799) can0 2A7#00005689FFFFF5D5
(1790953088.457108) can0 2A1#0100010000000000
(1790953088.457223) can0 2A2#0000D28B000008AE
(1790953088.457347) can0 2A3#0002DF2CFFFD59D8
(1790953088.457447) can0 2A4#00011C10FFFD63AE
(1790953088.457572) can0 2A5#000007BF000007CA
(1790953088.457697) can0 2A6#FFFFF84700000253
(1790953088.457823) can0 2A7#00005689FFFFF5D5
(1790953088.462125) can0 2A1#0100010000000000
(1790953088.462199) can0 2A2#0000D28B000008AE
(1790953088.462323) can0 2A3#0002DF2CFFFD59D8
(1790953088.462453) can0 2A4#00011C10FFFD63AE
(1790953088.462574) can0 2A5#000007BF000007CA
(1790953088.462674) can0 2A6#FFFFF84700000253
(1790953088.462798) can0 2A7#00005689FFFFF5D5
(1790953088.467134) can0 2A1#0100010000000000
(1790953088.467225) can0 2A2#0000D28B000008AE
(1790953088.467348) can0 2A3#0002DF2CFFFD59D8
(1790953088.467449) can0 2A4#00011C10FFFD63AE
(1790953088.467574) can0 2A5#000007BF000007CA
(1790953088.467699) can0 2A6#FFFFF84700000253
(1790953088.467824) can0 2A7#00005689FFFFF5D5
(1790953088.472090) can0 2A1#0100010000000000
(1790953088.472200) can0 2A2#0000D28B000008AE
(1790953088.472326) can0 2A3#0002DF2CFFFD59D8
(1790953088.472451) can0 2A4#00011C10FFFD63AE
(1790953088.472580) can0 2A5#000007BF000007CA
(1790953088.472673) can0 2A6#FFFFF84700000253
(1790953088.472799) can0 2A7#00005689FFFFF5D5
(1790953088.477138) can0 2A1#0100010000000000
(1790953088.477228) can0 2A2#0000D28B000008AE
(1790953088.477350) can0 2A3#0002DF2CFFFD59D8
(1790953088.477449) can0 2A4#00011C10FFFD63AE
(1790953088.477574) can0 2A5#000007BF000007CA
(1790953088.477698) can0 2A6#FFFFF84700000253
(1790953088.477797) can0 2A7#00005689FFFFF5D5
(1790953088.482108) can0 2A1#0100010000000000
(1790953088.482196) can0 2A2#0000D28B000008AE
(1790953088.482323) can0 2A3#0002DF2CFFFD59D8
(1790953088.482448) can0 2A4#00011C10FFFD63AE
(1790953088.482571) can0 2A5#000007BF000007CA
(1790953088.482695) can0 2A6#FFFFF84700000253
(1790953088.482797) can0 2A7#00005689FFFFF5D5
(1790953088.487113) can0 2A1#0100010000000000
(1790953088.487223) can0 2A2#0000D28B000008AE
(1790953088.487324) can0 2A3#0002DF2CFFFD59D8
(1790953088.487448) can0 2A4#00011C10FFFD63AE
(1790953088.487574) can0 2A5#000007BF000007CA
(1790953088.487698) can0 2A6#FFFFF84700000253
(1790953088.487823) can0 2A7#00005689FFFFF5D5
(1790953088.492101) can0 2A1#0100010000000000
(1790953088.492201) can0 2A2#0000D28B000008AE
(1790953088.492323) can0 2A3#0002DF2CFFFD59D8
(1790953088.492448) can0 2A4#00011C10FFFD63AE
(1790953088.492573) can0 2A5#000007BF000007CA
(1790953088.492673) can0 2A6#FFFFF84700000253
(1790953088.492798) can0 2A7#00005689FFFFF5D5
(1790953088.497206) can0 2A1#0100010000000000
(1790953088.497224) can0 2A2#0000D28B000008AE
(1790953088.497348) can0 2A3#0002DF2CFFFD59D8
(1790953088.497449) can0 2A4#00011C10FFFD63AE
(1790953088.497574) can0 2A5#000007BF000007CA
(1790953088.497698) can0 2A6#FFFFF84700000253
(1790953088.497823) can0 2A7#00005689FFFFF5D5
(1790953088.502113) can0 2A1#0100010000000000
(1790953088.502200) can0 2A2#0000D28B000008AE
(1790953088.502325) can0 2A3#0002DF2CFFFD59D8
(1790953088.502448) can0 2A4#00011C10FFFD63AE
(1790953088.502574) can0 2A5#000007BF000007CA
(1790953088.502674) can0 2A6#FFFFF84700000253
(1790953088.502798) can0 2A7#00005689FFFFF5D5
(1790953088.507130) can0 2A1#0100010000000000
(1790953088.507228) can0 2A2#0000D28B000008AE
(1790953088.507351) can0 2A3#0002DF2CFFFD59D8
(1790953088.507450) can0 2A4#00011C10FFFD63AE
(1790953088.507579) can0 2A5#000007BF000007CA
(1790953088.507700) can0 2A6#FFFFF84700000253
(1790953088.507825) can0 2A7#00005689FFFFF5D5
(1790953088.512091) can0 2A1#0100010000000000
(1790953088.512196) can0 2A2#0000D28B000008AE
(1790953088.512321) can0 2A3#0002DF2CFFFD59D8
(1790953088.512448) can0 2A4#00011C10FFFD63AE
(1790953088.512572) can0 2A5#000007BF000007CA
(1790953088.512671) can0 2A6#FFFFF84700000253
(1790953088.512797) can0 2A7#00005689FFFFF5D5
(1790953088.517107) can0 2A1#0100010000000000
(1790953088.517224) can0 2A2#0000D28B000008AE
(1790953088.517347) can0 2A3#0002DF2CFFFD59D8
(1790953088.517446) can0 2A4#00011C10FFFD63AE
(1790953088.517570) can0 2A5#000007BF000007CA
(1790953088.517695) can0 2A6#FFFFF84700000253
(1790953088.517821) can0 2A7#00005689FFFFF5D5
(1790953088.522075) can0 2A1#0100010000000000
(1790953088.522198) can0 2A2#0000D28B000008AE
(1790953088.522321) can0 2A3#0002DF2CFFFD59D8
(1790953088.522446) can0 2A4#00011C10FFFD63AE
(1790953088.522569) can0 2A5#000007BF000007CA
(1790953088.522669) can0 2A6#FFFFF84700000253
(1790953088.522800) can0 2A7#00005689FFFFF5D5
(1790953088.527103) can0 2A1#0100010000000000
(1790953088.527223) can0 2A2#0000D28B000008AE
(1790953088.527345) can0 2A3#0002DF2CFFFD59D8
(1790953088.527445) can0 2A4#00011C10FFFD63AE
(1790953088.527571) can0 2A5#000007BF000007CA
(1790953088.527695) can0 2A6#FFFFF84700000253
(1790953088.527821) can0 2A7#00005689FFFFF5D5
(1790953088.532117) can0 2A1#0100010000000000
(1790953088.532225) can0 2A2#0000D28B000008AE
(1790953088.532324) can0 2A3#0002DF2CFFFD59D8
(1790953088.532448) can0 2A4#00011C10FFFD63AE
(1790953088.532573) can0 2A5#000007BF000007CA
(1790953088.532699) can0 2A6#FFFFF84700000253
(1790953088.532798) can0 2A7#00005689FFFFF5D5
(1790953088.537115) can0 2A1#0100010000000000
(1790953088.537222) can0 2A2#0000D28B000008AE
(1790953088.537323) can0 2A3#0002DF2CFFFD59D8
(1790953088.537448) can0 2A4#00011C10FFFD63AE
(1790953088.537571) can0 2A5#000007BF000007CA
(1790953088.537698) can0 2A6#FFFFF84700000253
(1790953088.537823) can0 2A7#00005689FFFFF5D5
(1790953088.542110) can0 2A1#0100010000000000
(1790953088.542199) can0 2A2#0000D28B000008AE
(1790953088.542323) can0 2A3#0002DF2CFFFD59D8
(1790953088.542448) can0 2A4#00011C10FFFD63AE
(1790953088.542573) can0 2A5#000007BF000007CA
(1790953088.542672) can0 2A6#FFFFF84700000253
(1790953088.542797) can0 2A7#00005689FFFFF5D5
(1790953088.547210) can0 2A1#0100010000000000
(1790953088.547225) can0 2A2#0000D28B000008AE
(1790953088.547348) can0 2A3#0002DF2CFFFD59D8
(1790953088.547447) can0 2A4#00011C10FFFD63AE
(1790953088.547573) can0 2A5#000007BF000007CA
(1790953088.547701) can0 2A6#FFFFF84700000253
(1790953088.547826) can0 2A7#00005689FFFFF5D5
(1790953088.552100) can0 2A1#0100010000000000
(1790953088.552200) can0 2A2#0000D28B000008AE
(1790953088.552326) can0 2A3#0002DF2CFFFD59D8
(1790953088.552447) can0 2A4#00011C10FFFD63AE
(1790953088.552572) can0 2A5#000007BF000007CA
(1790953088.552675) can0 2A6#FFFFF84700000253
(1790953088.552804) can0 2A7#00005689FFFFF5D5
(1790953088.557125) can0 2A1#0100010000000000
(1790953088.557226) can0 2A2#0000D28B000008AE
(1790953088.557353) can0 2A3#0002DF2CFFFD59D8
(1790953088.557451) can0 2A4#00011C10FFFD63AE
(1790953088.557572) can0 2A5#000007BF000007CA
(1790953088.557697) can0 2A6#FFFFF84700000253
(1790953088.557822) can0 2A7#00005689FFFFF5D5
(1790953088.562079) can0 2A1#0100010000000000
(1790953088.562194) can0 2A2#0000D28B000008AE
(1790953088.562321) can0 2A3#0002DF2CFFFD59D8
(1790953088.562446) can0 2A4#00011C10FFFD63AE
(1790953088.562570) can0 2A5#000007BF000007CA
(1790953088.562695) can0 2A6#FFFFF84700000253
(1790953088.562795) can0 2A7#00005689FFFFF5D5
(1790953088.567113) can0 2A1#0100010000000000
(1790953088.567221) can0 2A2#0000D28B000008AE
(1790953088.567346) can0 2A3#0002DF2CFFFD59D8
(1790953088.567444) can0 2A4#00011C10FFFD63AE
(1790953088.567571) can0 2A5#000007BF000007CA
(1790953088.567696) can0 2A6#FFFFF84700000253
(1790953088.567820) can0 2A7#00005689FFFFF5D5
(1790953088.572073) can0 2A1#0100010000000000
(1790953088.572195) can0 2A2#0000D28B000008AE
(1790953088.572322) can0 2A3#0002DF2CFFFD59D8
(1790953088.572446) can0 2A4#00011C10FFFD63AE
(1790953088.572647) can0 2A5#000007BF000007CA
(1790953088.572671) can0 2A6#FFFFF84700000253
(1790953088.572796) can0 2A7#00005689FFFFF5D5
(1790953088.577102) can0 2A1#0100010000000000
(1790953088.577219) can0 2A2#0000D28B000008AE
(1790953088.577346) can0 2A3#0002DF2CFFFD59D8
(1790953088.577496) can0 2A4#00011C10FFFD63AE
(1790953088.577571) can0 2A5#000007BF000007CA
(1790953088.577696) can0 2A6#FFFFF84700000253
(1790953088.577821) can0 2A7#00005689FFFFF5D5
(1790953088.582108) can0 2A1#0100010000000000
(1790953088.582200) can0 2A2#0000D28B000008AE
(1790953088.582324) can0 2A3#0002DF2CFFFD59D8
(1790953088.582448) can0 2A4#00011C10FFFD63AE
(1790953088.582578) can0 2A5#000007BF000007CA
(1790953088.582698) can0 2A6#FFFFF84700000253
(1790953088.582798) can0 2A7#00005689FFFFF5D5
(1790953088.587117) can0 2A1#0100010000000000
(1790953088.587223) can0 2A2#0000D28B000008AE
(1790953088.587350) can0 2A3#0002DF2CFFFD59D8
(1790953088.587518) can0 2A4#00011C10FFFD63AE
(1790953088.587572) can0 2A5#000007BF000007CA
(1790953088.587699) can0 2A6#FFFFF84700000253
(1790953088.587824) can0 2A7#00005689FFFFF5D5
(1790953088.592103) can0 2A1#0100010000000000
(1790953088.592222) can0 2A2#0000D28B000008AE
(1790953088.592323) can0 2A3#0002DF2CFFFD59D8
(1790953088.592449) can0 2A4#00011C10FFFD63AE
(1790953088.592573) can0 2A5#000007BF000007CA
(1790953088.592697) can0 2A6#FFFFF84700000253
(1790953088.592824) can0 2A7#00005689FFFFF5D5
(1790953088.597150) can0 2A1#0100010000000000
(1790953088.597223) can0 2A2#0000D28B000008AE
(1790953088.597324) can0 2A3#0002DF2CFFFD59D8
(1790953088.597448) can0 2A4#00011C10FFFD63AE
(1790953088.597598) can0 2A5#000007BF000007CA
(1790953088.597699) can0 2A6#FFFFF84700000253
(1790953088.597823) can0 2A7#00005689FFFFF5D5
(1790953088.602085) can0 2A1#0100010000000000
(1790953088.602197) can0 2A2#0000D28B000008AE
(1790953088.602323) can0 2A3#0002DF2CFFFD59D8
(1790953088.602448) can0 2A4#00011C10FFFD63AE
(1790953088.602573) can0 2A5#000007BF000007CA
(1790953088.602673) can0 2A6#FFFFF84700000253
(1790953088.602799) can0 2A7#00005689FFFFF5D5
(1790953088.607102) can0 2A1#0100010000000000
(1790953088.607451) can0 2A2#0000D28B000008AE
(1790953088.607454) can0 2A3#0002DF2CFFFD59D8
(1790953088.607455) can0 2A4#00011C10FFFD63AE
(1790953088.607574) can0 2A5#000007BF000007CA
(1790953088.607698) can0 2A6#FFFFF84700000253
(1790953088.607797) can0 2A7#00005689FFFFF5D5
(1790953088.612080) can0 2A1#0100010000000000
(1790953088.612196) can0 2A2#0000D28B000008AE
(1790953088.612323) can0 2A3#0002DF2CFFFD59D8
(1790953088.612448) can0 2A4#00011C10FFFD63AE
(1790953088.612573) can0 2A5#000007BF000007CA
(1790953088.612673) can0 2A6#FFFFF84700000253
(1790953088.612798) can0 2A7#00005689FFFFF5D5
(1790953088.617130) can0 2A1#0100010000000000
(1790953088.617223) can0 2A2#0000D28B000008AE
(1790953088.617349) can0 2A3#0002DF2CFFFD59D8
(1790953088.617449) can0 2A4#00011C10FFFD63AE
(1790953088.617574) can0 2A5#000007BF000007CA
(1790953088.617699) can0 2A6#FFFFF84700000253
(1790953088.617824) can0 2A7#00005689FFFFF5D5
(1790953088.622099) can0 2A1#0100010000000000
(1790953088.622200) can0 2A2#0000D28B000008AE
(1790953088.622324) can0 2A3#0002DF2CFFFD59D8
(1790953088.622449) can0 2A4#00011C10FFFD63AE
(1790953088.622574) can0 2A5#000007BF000007CA
(1790953088.622673) can0 2A6#FFFFF84700000253
(1790953088.622799) can0 2A7#00005689FFFFF5D5
(1790953088.627105) can0 2A1#0100010000000000
(1790953088.627223) can0 2A2#0000D28B000008AE
(1790953088.627349) can0 2A3#0002DF2CFFFD59D8
(1790953088.627499) can0 2A4#00011C10FFFD63AE
(1790953088.627572) can0 2A5#000007BF000007CA
(1790953088.627698) can0 2A6#FFFFF84700000253
(1790953088.627821) can0 2A7#00005689FFFFF5D5
(1790953088.632104) can0 2A1#0100010000000000
(1790953088.632222) can0 2A2#0000D28B000008AE
(1790953088.632324) can0 2A3#0002DF2CFFFD59D8
(1790953088.632449) can0 2A4#00011C10FFFD63AE
(1790953088.632574) can0 2A5#000007BF000007CA
(1790953088.632699) can0 2A6#FFFFF84700000253
(1790953088.632823) can0 2A7#00005689FFFFF5D5
(1790953088.637099) can0 2A1#0100010000000000
(1790953088.637225) can0 2A2#0000D28B000008AE
(1790953088.637325) can0 2A3#0002DF2CFFFD59D8
(1790953088.637446) can0 2A4#00011C10FFFD63AE
(1790953088.637597) can0 2A5#000007BF000007CA
(1790953088.637699) can0 2A6#FFFFF84700000253
(1790953088.637824) can0 2A7#00005689FFFFF5D5
(1790953088.642103) can0 2A1#0100010000000000
(1790953088.642223) can0 2A2#0000D28B000008AE
(1790953088.642325) can0 2A3#0002DF2CFFFD59D8
(1790953088.642449) can0 2A4#00011C10FFFD63AE
(1790953088.642574) can0 2A5#000007BF000007CA
(1790953088.642675) can0 2A6#FFFFF84700000253
(1790953088.642799) can0 2A7#00005689FFFFF5D5
(1790953088.647116) can0 2A1#0100010000000000
(1790953088.647225) can0 2A2#0000D28B000008AE
(1790953088.647349) can0 2A3#0002DF2CFFFD59D8
(1790953088.647449) can0 2A4#00011C10FFFD63AE
(1790953088.647573) can0 2A5#000007BF000007CA
(1790953088.647699) can0 2A6#FFFFF84700000253
(1790953088.647825) can0 2A7#00005689FFFFF5D5
(1790953088.652113) can0 2A1#0100010000000000
(1790953088.652199) can0 2A2#0000D28B000008AE
(1790953088.652325) can0 2A3#0002DF2CFFFD59D8
(1790953088.652449) can0 2A4#00011C10FFFD63AE
(1790953088.652573) can0 2A5#000007BF000007CA
(1790953088.652699) can0 2A6#FFFFF84700000253
(1790953088.652797) can0 2A7#00005689FFFFF5D5
(1790953088.657103) can0 2A1#0100010000000000
(1790953088.657222) can0 2A2#0000D28B000008AE
(1790953088.657349) can0 2A3#0002DF2CFFFD59D8
(1790953088.657499) can0 2A4#00011C10FFFD63AE
(1790953088.657597) can0 2A5#000007BF000007CA
(1790953088.657698) can0 2A6#FFFFF84700000253
(1790953088.657824) can0 2A7#00005689FFFFF5D5
(1790953088.662107) can0 2A1#0100010000000000
(1790953088.662226) can0 2A2#0000D28B000008AE
(1790953088.662324) can0 2A3#0002DF2CFFFD59D8
(1790953088.662449) can0 2A4#00011C10FFFD63AE
(1790953088.662575) can0 2A5#000007BF000007CA
(1790953088.662674) can0 2A6#FFFFF84700000253
(1790953088.662798) can0 2A7#00005689FFFFF5D5
(1790953088.667111) can0 2A1#0100010000000000
(1790953088.667223) can0 2A2#0000D28B000008AE
(1790953088.667350) can0 2A3#0002DF2CFFFD59D8
(1790953088.667447) can0 2A4#00011C10FFFD63AE
(1790953088.667574) can0 2A5#000007BF000007CA
(1790953088.667699) can0 2A6#FFFFF84700000253
(1790953088.667824) can0 2A7#00005689FFFFF5D5
(1790953088.672103) can0 2A1#0100010000000000
(1790953088.672201) can0 2A2#0000D28B000008AE
(1790953088.672324) can0 2A3#0002DF2CFFFD59D8
(1790953088.672447) can0 2A4#00011C10FFFD63AE
(1790953088.672574) can0 2A5#000007BF000007CA
(1790953088.672672) can0 2A6#FFFFF84700000253
(1790953088.672799) can0 2A7#00005689FFFFF5D5
(1790953088.677111) can0 2A1#0100010000000000
(1790953088.677223) can0 2A2#0000D28B000008AE
(1790953088.677350) can0 2A3#0002DF2CFFFD59D8
(1790953088.677449) can0 2A4#00011C10FFFD63AE
(1790953088.677573) can0 2A5#000007BF000007CA
(1790953088.677698) can0 2A6#FFFFF84700000253
(1790953088.677824) can0 2A7#00005689FFFFF5D5
(1790953088.682100) can0 2A1#0100010000000000
(1790953088.682199) can0 2A2#0000D28B000008AE
(1790953088.682324) can0 2A3#0002DF2CFFFD59D8
(1790953088.682449) can0 2A4#00011C10FFFD63AE
(1790953088.682574) can0 2A5#000007BF000007CA
(1790953088.682699) can0 2A6#FFFFF84700000253
(1790953088.682824) can0 2A7#00005689FFFFF5D5
(1790953088.687103) can0 2A1#0100010000000000
(1790953088.687225) can0 2A2#0000D28B000008AE
(1790953088.687324) can0 2A3#0002DF2CFFFD59D8
(1790953088.687449) can0 2A4#00011C10FFFD63AE
(1790953088.687599) can0 2A5#000007BF000007CA
(1790953088.687699) can0 2A6#FFFFF84700000253
(1790953088.687824) can0 2A7#00005689FFFFF5D5
(1790953088.692102) can0 2A1#0100010000000000
(1790953088.692222) can0 2A2#0000D28B000008AE
(1790953088.692324) can0 2A3#0002DF2CFFFD59D8
(1790953088.692447) can0 2A4#00011C10FFFD63AE
(1790953088.692574) can0 2A5#000007BF000007CA
(1790953088.692674) can0 2A6#FFFFF84700000253
(1790953088.692798) can0 2A7#00005689FFFFF5D5
(1790953088.697107) can0 2A1#0100010000000000
(1790953088.697229) can0 2A2#0000D28B000008AE
(1790953088.697349) can0 2A3#0002DF2CFFFD59D8
(1790953088.697449) can0 2A4#00011C10FFFD63AE
(1790953088.697574) can0 2A5#000007BF000007CA
(1790953088.697699) can0 2A6#FFFFF84700000253
(1790953088.697824) can0 2A7#00005689FFFFF5D5
(1790953088.702074) can0 2A1#0100010000000000
(1790953088.702200) can0 2A2#0000D28B000008AE
(1790953088.702324) can0 2A3#0002DF2CFFFD59D8
(1790953088.702449) can0 2A4#00011C10FFFD63AE
(1790953088.702574) can0 2A5#000007BF000007CA
(1790953088.702699) can0 2A6#FFFFF84700000253
(1790953088.702798) can0 2A7#00005689FFFFF5D5
(1790953088.707098) can0 2A1#0100010000000000
(1790953088.707222) can0 2A2#0000D28B000008AE
(1790953088.707347) can0 2A3#0002DF2CFFFD59D8
(1790953088.707496) can0 2A4#00011C10FFFD63AE
(1790953088.707577) can0 2A5#000007BF000007CA
(1790953088.707696) can0 2A6#FFFFF84700000253
(1790953088.707821) can0 2A7#00005689FFFFF5D5
(1790953088.712104) can0 2A1#0100010000000000
(1790953088.712222) can0 2A2#0000D28B000008AE
(1790953088.712322) can0 2A3#0002DF2CFFFD59D8
(1790953088.712447) can0 2A4#00011C10FFFD63AE
(1790953088.712546) can0 2A5#000007BF000007CA
(1790953088.712696) can0 2A6#FFFFF84700000253
(1790953088.712822) can0 2A7#00005689FFFFF5D5
(1790953088.717139) can0 2A1#0100010000000000
(1790953088.717225) can0 2A2#0000D28B000008AE
(1790953088.717348) can0 2A3#0002DF2CFFFD59D8
(1790953088.717448) can0 2A4#00011C10FFFD63AE
(1790953088.717573) can0 2A5#000007BF000007CA
(1790953088.717696) can0 2A6#FFFFF84700000253
(1790953088.717822) can0 2A7#00005689FFFFF5D5
(1790953088.722099) can0 2A1#0100010000000000
(1790953088.722196) can0 2A2#0000D28B000008AE
(1790953088.722322) can0 2A3#0002DF2CFFFD59D8
(1790953088.722446) can0 2A4#00011C10FFFD63AE
(1790953088.722571) can0 2A5#000007BF000007CA
(1790953088.722696) can0 2A6#FFFFF84700000253
(1790953088.722796) can0 2A7#00005689FFFFF5D5
(1790953088.727113) can0 2A1#0100010000000000
(1790953088.727224) can0 2A2#0000D28B000008AE
(1790953088.727348) can0 2A3#0002DF2CFFFD59D8
(1790953088.727446) can0 2A4#00011C10FFFD63AE
(1790953088.727572) can0 2A5#000007BF000007CA
(1790953088.727698) can0 2A6#FFFFF84700000253
(1790953088.727823) can0 2A7#00005689FFFFF5D5
(1790953088.732102) can0 2A1#0100010000000000
(1790953088.732196) can0 2A2#0000D28B000008AE
(1790953088.732321) can0 2A3#0002DF2CFFFD59D8
(1790953088.732448) can0 2A4#00011C10FFFD63AE
(1790953088.732571) can0 2A5#000007BF000007CA
(1790953088.732697) can0 2A6#FFFFF84700000253
(1790953088.732822) can0 2A7#00005689FFFFF5D5
(1790953088.737102) can0 2A1#0100010000000000
(1790953088.737221) can0 2A2#0000D28B000008AE
(1790953088.737321) can0 2A3#0002DF2CFFFD59D8
(1790953088.737446) can0 2A4#00011C10FFFD63AE
(1790953088.737572) can0 2A5#000007BF000007CA
(1790953088.737696) can0 2A6#FFFFF84700000253
(1790953088.737821) can0 2A7#00005689FFFFF5D5
(1790953088.742100) can0 2A1#0100010000000000
(1790953088.742197) can0 2A2#0000D28B000008AE
(1790953088.742321) can0 2A3#0002DF2CFFFD59D8
(1790953088.742446) can0 2A4#00011C10FFFD63AE
(1790953088.742571) can0 2A5#000007BF000007CA
(1790953088.742696) can0 2A6#FFFFF84700000253
(1790953088.742796) can0 2A7#00005689FFFFF5D5
(1790953088.747108) can0 2A1#0100010000000000
(1790953088.747224) can0 2A2#0000D28B000008AE
(1790953088.747348) can0 2A3#0002DF2CFFFD59D8
(1790953088.747445) can0 2A4#00011C10FFFD63AE
(1790953088.747573) can0 2A5#000007BF000007CA
(1790953088.747697) can0 2A6#FFFFF84700000253
(1790953088.747823) can0 2A7#00005689FFFFF5D5
(1790953088.752103) can0 2A1#0100010000000000
(1790953088.752225) can0 2A2#0000D28B000008AE
(1790953088.752324) can0 2A3#0002DF2CFFFD59D8
(1790953088.752449) can0 2A4#00011C10FFFD63AE
(1790953088.752549) can0 2A5#000007BF000007CA
(1790953088.752699) can0 2A6#FFFFF84700000253
(1790953088.752824) can0 2A7#00005689FFFFF5D5
(1790953088.757152) can0 2A1#0100010000000000
(1790953088.757225) can0 2A2#0000D28B000008AE
(1790953088.757348) can0 2A3#0002DF2CFFFD59D8
(1790953088.757448) can0 2A4#00011C10FFFD63AE
(1790953088.757573) can0 2A5#000007BF000007CA
(1790953088.757698) can0 2A6#FFFFF84700000253
(1790953088.757823) can0 2A7#00005689FFFFF5D5
(1790953088.762101) can0 2A1#0100010000000000
(1790953088.762221) can0 2A2#0000D28B000008AE
(1790953088.762323) can0 2A3#0002DF2CFFFD59D8
(1790953088.762448) can0 2A4#00011C10FFFD63AE
(1790953088.762572) can0 2A5#000007BF000007CA
(1790953088.762673) can0 2A6#FFFFF84700000253
(1790953088.762798) can0 2A7#00005689FFFFF5D5
(1790953088.767128) can0 2A1#0100010000000000
(1790953088.767226) can0 2A2#0000D28B000008AE
(1790953088.767348) can0 2A3#0002DF2CFFFD59D8
(1790953088.767447) can0 2A4#00011C10FFFD63AE
(1790953088.767573) can0 2A5#000007BF000007CA
(1790953088.767700) can0 2A6#FFFFF84700000253
(1790953088.767821) can0 2A7#00005689FFFFF5D5
(1790953088.772076) can0 2A1#0100010000000000
(1790953088.772198) can0 2A2#0000D28B000008AE
(1790953088.772321) can0 2A3#0002DF2CFFFD59D8
(1790953088.772448) can0 2A4#00011C10FFFD63AE
(1790953088.772574) can0 2A5#000007BF000007CA
(1790953088.772697) can0 2A6#FFFFF84700000253
(1790953088.772798) can0 2A7#00005689FFFFF5D5
(1790953088.777105) can0 2A1#0100010000000000
(1790953088.777223) can0 2A2#0000D28B000008AE
(1790953088.777349) can0 2A3#0002DF2CFFFD59D8
(1790953088.777519) can0 2A4#00011C10FFFD63AE
(1790953088.777572) can0 2A5#000007BF000007CA
(1790953088.777698) can0 2A6#FFFFF84700000253
(1790953088.777798) can0 2A7#00005689FFFFF5D5
(1790953088.782108) can0 2A1#0100010000000000
(1790953088.782198) can0 2A2#0000D28B000008AE
(1790953088.782325) can0 2A3#0002DF2CFFFD59D8
(1790953088.782447) can0 2A4#00011C10FFFD63AE
(1790953088.782572) can0 2A5#000007BF000007CA
(1790953088.782697) can0 2A6#FFFFF84700000253
(1790953088.782822) can0 2A7#00005689FFFFF5D5
(1790953088.787108) can0 2A1#0100010000000000
(1790953088.787223) can0 2A2#0000D28B000008AE
(1790953088.787322) can0 2A3#0002DF2CFFFD59D8
(1790953088.787497) can0 2A4#00011C10FFFD63AE
(1790953088.787596) can0 2A5#000007BF000007CA
(1790953088.787696) can0 2A6#FFFFF84700000253
(1790953088.787823) can0 2A7#00005689FFFFF5D5
(1790953088.792105) can0 2A1#0100010000000000
(1790953088.792197) can0 2A2#0000D28B000008AE
(1790953088.792322) can0 2A3#0002DF2CFFFD59D8
(1790953088.792447) can0 2A4#00011C10FFFD63AE
(1790953088.792572) can0 2A5#000007BF000007CA
(1790953088.792698) can0 2A6#FFFFF84700000253
(1790953088.792823) can0 2A7#00005689FFFFF5D5
(1790953088.797135) can0 2A1#0100010000000000
(1790953088.797227) can0 2A2#0000D28B000008AE
(1790953088.797327) can0 2A3#0002DF2CFFFD59D8
(1790953088.797450) can0 2A4#00011C10FFFD63AE
(1790953088.797575) can0 2A5#000007BF000007CA
(1790953088.797699) can0 2A6#FFFFF84700000253
(1790953088.797824) can0 2A7#00005689FFFFF5D5
(1790953088.802080) can0 2A1#0100010000000000
(1790953088.802225) can0 2A2#0000D28B000008AE
(1790953088.802322) can0 2A3#0002DF2CFFFD59D8
(1790953088.802446) can0 2A4#00011C10FFFD63AE
(1790953088.802571) can0 2A5#000007BF000007CA
(1790953088.802675) can0 2A6#FFFFF84700000253
(1790953088.802800) can0 2A7#00005689FFFFF5D5
(1790953088.807125) can0 2A1#0100010000000000
(1790953088.807223) can0 2A2#0000D28B000008AE
(1790953088.807346) can0 2A3#0002DF2CFFFD59D8
(1790953088.807448) can0 2A4#00011C10FFFD63AE
(1790953088.807572) can0 2A5#000007BF000007CA
(1790953088.807701) can0 2A6#FFFFF84700000253
(1790953088.807822) can0 2A7#00005689FFFFF5D5
(1790953088.812097) can0 2A1#0100010000000000
(1790953088.812221) can0 2A2#0000D28B000008AE
(1790953088.812346) can0 2A3#0002DF2CFFFD59D8
(1790953088.812446) can0 2A4#00011C10FFFD63AE
(1790953088.812572) can0 2A5#000007BF000007CA
(1790953088.812671) can0 2A6#FFFFF84700000253
(1790953088.812796) can0 2A7#00005689FFFFF5D5
(1790953088.817105) can0 2A1#0100010000000000
(1790953088.817222) can0 2A2#0000D28B000008AE
(1790953088.817347) can0 2A3#0002DF2CFFFD59D8
(1790953088.817447) can0 2A4#00011C10FFFD63AE
(1790953088.817572) can0 2A5#000007BF000007CA
(1790953088.817697) can0 2A6#FFFFF84700000253
(1790953088.817821) can0 2A7#00005689FFFFF5D5
(1790953088.822102) can0 2A1#0100010000000000
(1790953088.822199) can0 2A2#0000D28B000008AE
(1790953088.822321) can0 2A3#0002DF2CFFFD59D8
(1790953088.822447) can0 2A4#00011C10FFFD63AE
(1790953088.822571) can0 2A5#000007BF000007CA
(1790953088.822697) can0 2A6#FFFFF84700000253
(1790953088.822796) can0 2A7#00005689FFFFF5D5
(1790953088.827112) can0 2A1#0100010000000000
(1790953088.827222) can0 2A2#0000D28B000008AE
(1790953088.827347) can0 2A3#0002DF2CFFFD59D8
(1790953088.827496) can0 2A4#00011C10FFFD63AE
(1790953088.827596) can0 2A5#000007BF000007CA
(1790953088.827697) can0 2A6#FFFFF84700000253
(1790953088.827822) can0 2A7#00005689FFFFF5D5
(1790953088.832086) can0 2A1#0100010000000000
(1790953088.832198) can0 2A2#0000D28B000008AE
(1790953088.832349) can0 2A3#0002DF2CFFFD59D8
(1790953088.832447) can0 2A4#00011C10FFFD63AE
(1790953088.832574) can0 2A5#000007BF000007CA
(1790953088.832699) can0 2A6#FFFFF84700000253
(1790953088.832798) can0 2A7#00005689FFFFF5D5
(1790953088.837106) can0 2A1#0100010000000000
(1790953088.837222) can0 2A2#0000D28B000008AE
(1790953088.837348) can0 2A3#0002DF2CFFFD59D8
(1790953088.837497) can0 2A4#00011C10FFFD63AE
(1790953088.837572) can0 2A5#000007BF000007CA
(1790953088.837699) can0 2A6#FFFFF84700000253
(1790953088.837824) can0 2A7#00005689FFFFF5D5
(1790953088.842083) can0 2A1#0100010000000000
(1790953088.842197) can0 2A2#0000D28B000008AE
(1790953088.842347) can0 2A3#0002DF2CFFFD59D8
(1790953088.842454) can0 2A4#00011C10FFFD63AE
(1790953088.842572) can0 2A5#000007BF000007CA
(1790953088.842696) can0 2A6#FFFFF84700000253
(1790953088.842797) can0 2A7#00005689FFFFF5D5
(1790953088.847106) can0 2A1#0100010000000000
(1790953088.847222) can0 2A2#0000D28B000008AE
(1790953088.847350) can0 2A3#0002DF2CFFFD59D8
(1790953088.847499) can0 2A4#00011C10FFFD63AE
(1790953088.847573) can0 2A5#000007BF000007CA
(1790953088.847698) can0 2A6#FFFFF84700000253
(1790953088.847824) can0 2A7#00005689FFFFF5D5
(1790953088.852102) can0 2A1#0100010000000000
(1790953088.852196) can0 2A2#0000D28B000008AE
(1790953088.852323) can0 2A3#0002DF2CFFFD59D8
(1790953088.852447) can0 2A4#00011C10FFFD63AE
(1790953088.852572) can0 2A5#000007BF000007CA
(1790953088.852697) can0 2A6#FFFFF84700000253
(1790953088.852799) can0 2A7#00005689FFFFF5D5
(1790953088.857109) can0 2A1#0100010000000000
(1790953088.857223) can0 2A2#0000D28B000008AE
(1790953088.857349) can0 2A3#0002DF2CFFFD59D8
(1790953088.857525) can0 2A4#00011C10FFFD63AE
(1790953088.857572) can0 2A5#000007BF000007CA
(1790953088.857700) can0 2A6#FFFFF84700000253
(1790953088.857824) can0 2A7#00005689FFFFF5D5
(1790953088.862104) can0 2A1#0100010000000000
(1790953088.862201) can0 2A2#0000D28B000008AE
(1790953088.862323) can0 2A3#0002DF2CFFFD59D8
(1790953088.862448) can0 2A4#00011C10FFFD63AE
(1790953088.862573) can0 2A5#000007BF000007CA
(1790953088.862698) can0 2A6#FFFFF84700000253
(1790953088.862798) can0 2A7#00005689FFFFF5D5
(1790953088.867102) can0 2A1#0100010000000000
(1790953088.867221) can0 2A2#0000D28B000008AE
(1790953088.867348) can0 2A3#0002DF2CFFFD59D8
(1790953088.867447) can0 2A4#00011C10FFFD63AE
(1790953088.867573) can0 2A5#000007BF000007CA
(1790953088.867700) can0 2A6#FFFFF84700000253
(1790953088.867823) can0 2A7#00005689FFFFF5D5
(1790953088.872102) can0 2A1#0100010000000000
(1790953088.872221) can0 2A2#0000D28B000008AE
(1790953088.872323) can0 2A3#0002DF2CFFFD59D8
(1790953088.872448) can0 2A4#00011C10FFFD63AE
(1790953088.872548) can0 2A5#000007BF000007CA
(1790953088.872672) can0 2A6#FFFFF84700000253
(1790953088.872798) can0 2A7#00005689FFFFF5D5
(1790953088.877101) can0 2A1#0100010000000000
(1790953088.877221) can0 2A2#0000D28B000008AE
(1790953088.877348) can0 2A3#0002DF2CFFFD59D8
(1790953088.877447) can0 2A4#00011C10FFFD63AE
(1790953088.877573) can0 2A5#000007BF000007CA
(1790953088.877698) can0 2A6#FFFFF84700000253
(1790953088.877821) can0 2A7#00005689FFFFF5D5
(1790953088.882121) can0 2A1#0100010000000000
(1790953088.882196) can0 2A2#0000D28B000008AE
(1790953088.882323) can0 2A3#0002DF2CFFFD59D8
(1790953088.882448) can0 2A4#00011C10FFFD63AE
(1790953088.882572) can0 2A5#000007BF000007CA
(1790953088.882698) can0 2A6#FFFFF84700000253
(1790953088.882822) can0 2A7#00005689FFFFF5D5
(1790953088.887106) can0 2A1#0100010000000000
(1790953088.887221) can0 2A2#0000D28B000008AE
(1790953088.887348) can0 2A3#0002DF2CFFFD59D8
(1790953088.887448) can0 2A4#00011C10FFFD63AE
(1790953088.887572) can0 2A5#000007BF000007CA
(1790953088.887701) can0 2A6#FFFFF84700000253
(1790953088.887824) can0 2A7#00005689FFFFF5D5
(1790953088.892122) can0 2A1#0100010000000000
(1790953088.892222) can0 2A2#0000D28B000008AE
(1790953088.892324) can0 2A3#0002DF2CFFFD59D8
(1790953088.892448) can0 2A4#00011C10FFFD63AE
(1790953088.892571) can0 2A5#000007BF000007CA
(1790953088.892698) can0 2A6#FFFFF84700000253
(1790953088.892798) can0 2A7#00005689FFFFF5D5
(1790953088.897110) can0 2A1#0100010000000000
(1790953088.897221) can0 2A2#0000D28B000008AE
(1790953088.897350) can0 2A3#0002DF2CFFFD59D8
(1790953088.897518) can0 2A4#00011C10FFFD63AE
(1790953088.897597) can0 2A5#000007BF000007CA
(1790953088.897697) can0 2A6#FFFFF84700000253
(1790953088.897823) can0 2A7#00005689FFFFF5D5
(1790953088.902104) can0 2A1#0100010000000000
(1790953088.902226) can0 2A2#0000D28B000008AE
(1790953088.902346) can0 2A3#0002DF2CFFFD59D8
(1790953088.902446) can0 2A4#00011C10FFFD63AE
(1790953088.902573) can0 2A5#000007BF000007CA
(1790953088.902674) can0 2A6#FFFFF84700000253
(1790953088.902798) can0 2A7#00005689FFFFF5D5
(1790953088.907126) can0 2A1#0100010000000000
(1790953088.907223) can0 2A2#0000D28B000008AE
(1790953088.907347) can0 2A3#0002DF2CFFFD59D8
(1790953088.907448) can0 2A4#00011C10FFFD63AE
(1790953088.907573) can0 2A5#000007BF000007CA
(1790953088.907698) can0 2A6#FFFFF84700000253
(1790953088.907823) can0 2A7#00005689FFFFF5D5
(1790953088.912104) can0 2A1#0100010000000000
(1790953088.912196) can0 2A2#0000D28B000008AE
(1790953088.912348) can0 2A3#0002DF2CFFFD59D8
(1790953088.912449) can0 2A4#00011C10FFFD63AE
(1790953088.912571) can0 2A5#000007BF000007CA
(1790953088.912698) can0 2A6#FFFFF84700000253
(1790953088.912796) can0 2A7#00005689FFFFF5D5
(1790953088.917104) can0 2A1#0100010000000000
(1790953088.917221) can0 2A2#0000D28B000008AE
(1790953088.917348) can0 2A3#0002DF2CFFFD59D8
(1790953088.917497) can0 2A4#00011C10FFFD63AE
(1790953088.917572) can0 2A5#000007BF000007CA
(1790953088.917707) can0 2A6#FFFFF84700000253
(1790953088.917822) can0 2A7#00005689FFFFF5D5
(1790953088.922099) can0 2A1#0100010000000000
(1790953088.922198) can0 2A2#0000D28B000008AE
(1790953088.922324) can0 2A3#0002DF2CFFFD59D8
(1790953088.922448) can0 2A4#00011C10FFFD63AE
(1790953088.922574) can0 2A5#000007BF000007CA
(1790953088.922696) can0 2A6#FFFFF84700000253
(1790953088.922796) can0 2A7#00005689FFFFF5D5
(1790953088.927098) can0 2A1#0100010000000000
(1790953088.927223) can0 2A2#0000D28B000008AE
(1790953088.927348) can0 2A3#0002DF2CFFFD59D8
(1790953088.927499) can0 2A4#00011C10FFFD63AE
(1790953088.927598) can0 2A5#000007BF000007CA
(1790953088.927698) can0 2A6#FFFFF84700000253
(1790953088.927824) can0 2A7#00005689FFFFF5D5
(1790953088.932076) can0 2A1#0100010000000000
(1790953088.932202) can0 2A2#0000D28B000008AE
(1790953088.932351) can0 2A3#0002DF2CFFFD59D8
(1790953088.932448) can0 2A4#00011C10FFFD63AE
(1790953088.932574) can0 2A5#000007BF000007CA
(1790953088.932698) can0 2A6#FFFFF84700000253
(1790953088.932798) can0 2A7#00005689FFFFF5D5
(1790953088.937106) can0 2A1#0100010000000000
(1790953088.937223) can0 2A2#0000D28B000008AE
(1790953088.937348) can0 2A3#0002DF2CFFFD59D8
(1790953088.937516) can0 2A4#00011C10FFFD63AE
(1790953088.937571) can0 2A5#000007BF000007CA
(1790953088.937698) can0 2A6#FFFFF84700000253
(1790953088.937824) can0 2A7#00005689FFFFF5D5
(1790953088.942100) can0 2A1#0100010000000000
(1790953088.942196) can0 2A2#0000D28B000008AE
(1790953088.942324) can0 2A3#0002DF2CFFFD59D8
(1790953088.942448) can0 2A4#00011C10FFFD63AE
(1790953088.942573) can0 2A5#000007BF000007CA
(1790953088.942698) can0 2A6#FFFFF84700000253
(1790953088.942797) can0 2A7#00005689FFFFF5D5
(1790953088.947098) can0 2A1#0100010000000000
(1790953088.947224) can0 2A2#0000D28B000008AE
(1790953088.947348) can0 2A3#0002DF2CFFFD59D8
(1790953088.947498) can0 2A4#00011C10FFFD63AE
(1790953088.947576) can0 2A5#000007BF000007CA
(1790953088.947698) can0 2A6#FFFFF84700000253
(1790953088.947823) can0 2A7#00005689FFFFF5D5
(1790953088.952115) can0 2A1#0100010000000000
(1790953088.952200) can0 2A2#0000D28B000008AE
(1790953088.952322) can0 2A3#0002DF2CFFFD59D8
(1790953088.952447) can0 2A4#00011C10FFFD63AE
(1790953088.952580) can0 2A5#000007BF000007CA
(1790953088.952698) can0 2A6#FFFFF84700000253
(1790953088.952797) can0 2A7#00005689FFFFF5D5
(1790953088.957106) can0 2A1#0100010000000000
(1790953088.957222) can0 2A2#0000D28B000008AE
(1790953088.957350) can0 2A3#0002DF2CFFFD59D8
(1790953088.957500) can0 2A4#00011C10FFFD63AE
(1790953088.957597) can0 2A5#000007BF000007CA
(1790953088.957697) can0 2A6#FFFFF84700000253
(1790953088.957825) can0 2A7#00005689FFFFF5D5
(1790953088.962100) can0 2A1#0100010000000000
(1790953088.962223) can0 2A2#0000D28B000008AE
(1790953088.962322) can0 2A3#0002DF2CFFFD59D8
(1790953088.962450) can0 2A4#00011C10FFFD63AE
(1790953088.962547) can0 2A5#000007BF000007CA
(1790953088.962697) can0 2A6#FFFFF84700000253
(1790953088.962824) can0 2A7#00005689FFFFF5D5
(1790953088.967107) can0 2A1#0100010000000000
(1790953088.967225) can0 2A2#0000D28B000008AE
(1790953088.967350) can0 2A3#0002DF2CFFFD59D8
(1790953088.967447) can0 2A4#00011C10FFFD63AE
(1790953088.967572) can0 2A5#000007BF000007CA
(1790953088.967697) can0 2A6#FFFFF84700000253
(1790953088.967821) can0 2A7#00005689FFFFF5D5
(1790953088.972103) can0 2A1#0100010000000000
(1790953088.972221) can0 2A2#0000D28B000008AE
(1790953088.972323) can0 2A3#0002DF2CFFFD59D8
(1790953088.972448) can0 2A4#00011C10FFFD63AE
(1790953088.972572) can0 2A5#000007BF000007CA
(1790953088.972673) can0 2A6#FFFFF84700000253
(1790953088.972798) can0 2A7#00005689FFFFF5D5
(1790953088.977129) can0 2A1#0100010000000000
(1790953088.977223) can0 2A2#0000D28B000008AE
(1790953088.977349) can0 2A3#0002DF2CFFFD59D8
(1790953088.977511) can0 2A4#00011C10FFFD63AE
(1790953088.977572) can0 2A5#000007BF000007CA
(1790953088.977698) can0 2A6#FFFFF84700000253
(1790953088.977823) can0 2A7#00005689FFFFF5D5
(1790953088.982104) can0 2A1#0100010000000000
(1790953088.982222) can0 2A2#0000D28B000008AE
(1790953088.982325) can0 2A3#0002DF2CFFFD59D8
(1790953088.982448) can0 2A4#00011C10FFFD63AE
(1790953088.982573) can0 2A5#000007BF000007CA
(1790953088.982701) can0 2A6#FFFFF84700000253
(1790953088.982824) can0 2A7#00005689FFFFF5D5
(1790953088.987110) can0 2A1#0100010000000000
(1790953088.987222) can0 2A2#0000D28B000008AE
(1790953088.987349) can0 2A3#0002DF2CFFFD59D8
(1790953088.987448) can0 2A4#00011C10FFFD63AE
(1790953088.987599) can0 2A5#000007BF000007CA
(1790953088.987699) can0 2A6#FFFFF84700000253
(1790953088.987824) can0 2A7#00005689FFFFF5D5
(1790953088.992099) can0 2A1#0100010000000000
(1790953088.992223) can0 2A2#0000D28B000008AE
(1790953088.992325) can0 2A3#0002DF2CFFFD59D8
(1790953088.992449) can0 2A4#00011C10FFFD63AE
(1790953088.992548) can0 2A5#000007BF000007CA
(1790953088.992698) can0 2A6#FFFFF84700000253
(1790953088.992825) can0 2A7#00005689FFFFF5D5
(1790953088.997104) can0 2A1#0100010000000000
(1790953088.997221) can0 2A2#0000D28B000008AE
(1790953088.997348) can0 2A3#0002DF2CFFFD59D8
(1790953088.997448) can0 2A4#00011C10FFFD63AE
(1790953088.997573) can0 2A5#000007BF000007CA
(1790953088.997705) can0 2A6#FFFFF84700000253
(1790953088.997824) can0 2A7#00005689FFFFF5D5
(1790953089.002103) can0 2A1#0100010000000000
(1790953089.002197) can0 2A2#0000D28B000008AE
(1790953089.002323) can0 2A3#0002DF2CFFFD59D8
(1790953089.002448) can0 2A4#00011C10FFFD63AE
(1790953089.002573) can0 2A5#000007BF000007CA
(1790953089.002698) can0 2A6#FFFFF84700000253
(1790953089.002823) can0 2A7#00005689FFFFF5D5
(1790953089.007098) can0 2A1#0100010000000000
(1790953089.007223) can0 2A2#0000D28B000008AE
(1790953089.007348) can0 2A3#0002DF2CFFFD59D8
(1790953089.007452) can0 2A4#00011C10FFFD63AE
(1790953089.007575) can0 2A5#000007BF000007CA
(1790953089.007697) can0 2A6#FFFFF84700000253
(1790953089.007825) can0 2A7#00005689FFFFF5D5
(1790953089.012106) can0 2A1#0100010000000000
(1790953089.012203) can0 2A2#0000D28B000008AE
(1790953089.012325) can0 2A3#0002DF2CFFFD59D8
(1790953089.012449) can0 2A4#00011C10FFFD63AE
(1790953089.012572) can0 2A5#000007BF000007CA
(1790953089.012698) can0 2A6#FFFFF84700000253
(1790953089.012797) can0 2A7#00005689FFFFF5D5
(1790953089.017103) can0 2A1#0100010000000000
(1790953089.017222) can0 2A2#0000D28B000008AE
(1790953089.017350) can0 2A3#0002DF2CFFFD59D8
(1790953089.017512) can0 2A4#00011C10FFFD63AE
(1790953089.017572) can0 2A5#000007BF000007CA
(1790953089.017701) can0 2A6#FFFFF84700000253
(1790953089.017822) can0 2A7#00005689FFFFF5D5
(1790953089.022103) can0 2A1#0100010000000000
(1790953089.022222) can0 2A2#0000D28B000008AE
(1790953089.022324) can0 2A3#0002DF2CFFFD59D8
(1790953089.022449) can0 2A4#00011C10FFFD63AE
(1790953089.022573) can0 2A5#000007BF000007CA
(1790953089.022674) can0 2A6#FFFFF84700000253
(1790953089.022799) can0 2A7#00005689FFFFF5D5
(1790953089.027130) can0 2A1#0100010000000000
(1790953089.027229) can0 2A2#0000D28B000008AE
(1790953089.027352) can0 2A3#0002DF2CFFFD59D8
(1790953089.027447) can0 2A4#00011C10FFFD63AE
(1790953089.027572) can0 2A5#000007BF000007CA
(1790953089.027697) can0 2A6#FFFFF84700000253
(1790953089.027822) can0 2A7#00005689FFFFF5D5
(1790953089.032100) can0 2A1#0100010000000000
(1790953089.032200) can0 2A2#0000D28B000008AE
(1790953089.032327) can0 2A3#0002DF2CFFFD59D8
(1790953089.032447) can0 2A4#00011C10FFFD63AE
(1790953089.032577) can0 2A5#000007BF000007CA
(1790953089.032696) can0 2A6#FFFFF84700000253
(1790953089.032799) can0 2A7#00005689FFFFF5D5
(1790953089.037133) can0 2A1#0100010000000000
(1790953089.037224) can0 2A2#0000D28B000008AE
(1790953089.037348) can0 2A3#0002DF2CFFFD59D8
(1790953089.037500) can0 2A4#00011C10FFFD63AE
(1790953089.037572) can0 2A5#000007BF000007CA
(1790953089.037697) can0 2A6#FFFFF84700000253
(1790953089.037825) can0 2A7#00005689FFFFF5D5
(1790953089.042075) can0 2A1#0100010000000000
(1790953089.042225) can0 2A2#0000D28B000008AE
(1790953089.042322) can0 2A3#0002DF2CFFFD59D8
(1790953089.042453) can0 2A4#00011C10FFFD63AE
(1790953089.042572) can0 2A5#000007BF000007CA
(1790953089.042697) can0 2A6#FFFFF84700000253
(1790953089.042797) can0 2A7#00005689FFFFF5D5
(1790953089.047112) can0 2A1#0100010000000000
(1790953089.047225) can0 2A2#0000D28B000008AE
(1790953089.047348) can0 2A3#0002DF2CFFFD59D8
(1790953089.047497) can0 2A4#00011C10FFFD63AE
(1790953089.047573) can0 2A5#000007BF000007CA
(1790953089.047698) can0 2A6#FFFFF84700000253
(1790953089.047824) can0 2A7#00005689FFFFF5D5
(1790953089.052108) can0 2A1#0100010000000000
(1790953089.052199) can0 2A2#0000D28B000008AE
(1790953089.052324) can0 2A3#0002DF2CFFFD59D8
(1790953089.052448) can0 2A4#00011C10FFFD63AE
(1790953089.052574) can0 2A5#000007BF000007CA
(1790953089.052698) can0 2A6#FFFFF84700000253
(1790953089.052800) can0 2A7#00005689FFFFF5D5
(1790953089.057110) can0 2A1#0100010000000000
(1790953089.057223) can0 2A2#0000D28B000008AE
(1790953089.057348) can0 2A3#0002DF2CFFFD59D8
(1790953089.057526) can0 2A4#00011C10FFFD63AE
(1790953089.057572) can0 2A5#000007BF000007CA
(1790953089.057703) can0 2A6#FFFFF84700000253
(1790953089.057824) can0 2A7#00005689FFFFF5D5
(1790953089.062095) can0 2A1#0100010000000000
(1790953089.062223) can0 2A2#0000D28B000008AE
(1790953089.062322) can0 2A3#0002DF2CFFFD59D8
(1790953089.062446) can0 2A4#00011C10FFFD63AE
(1790953089.062572) can0 2A5#000007BF000007CA
(1790953089.062697) can0 2A6#FFFFF84700000253
(1790953089.062797) can0 2A7#00005689FFFFF5D5
(1790953089.067106) can0 2A1#0100010000000000
(1790953089.067222) can0 2A2#0000D28B000008AE
(1790953089.067348) can0 2A3#0002DF2CFFFD59D8
(1790953089.067496) can0 2A4#00011C10FFFD63AE
(1790953089.067572) can0 2A5#000007BF000007CA
(1790953089.067695) can0 2A6#FFFFF84700000253
(1790953089.067822) can0 2A7#00005689FFFFF5D5
(1790953089.072106) can0 2A1#0100010000000000
(1790953089.072229) can0 2A2#0000D28B000008AE
(1790953089.072350) can0 2A3#0002DF2CFFFD59D8
(1790953089.072447) can0 2A4#00011C10FFFD63AE
(1790953089.072572) can0 2A5#000007BF000007CA
(1790953089.072672) can0 2A6#FFFFF84700000253
(1790953089.072797) can0 2A7#00005689FFFFF5D5
(1790953089.077136) can0 2A1#0100010000000000
(1790953089.077231) can0 2A2#0000D28B000008AE
(1790953089.077351) can0 2A3#0002DF2CFFFD59D8
(1790953089.077447) can0 2A4#00011C10FFFD63AE
(1790953089.077572) can0 2A5#000007BF000007CA
(1790953089.077697) can0 2A6#FFFFF84700000253
(1790953089.077822) can0 2A7#00005689FFFFF5D5
(1790953089.082101) can0 2A1#0100010000000000
(1790953089.082197) can0 2A2#0000D28B000008AE
(1790953089.082325) can0 2A3#0002DF2CFFFD59D8
(1790953089.082450) can0 2A4#00011C10FFFD63AE
(1790953089.082572) can0 2A5#000007BF000007CA
(1790953089.082698) can0 2A6#FFFFF84700000253
(1790953089.082798) can0 2A7#00005689FFFFF5D5
(1790953089.087126) can0 2A1#0100010000000000
(1790953089.087221) can0 2A2#0000D28B000008AE
(1790953089.087349) can0 2A3#0002DF2CFFFD59D8
(1790953089.087529) can0 2A4#00011C10FFFD63AE
(1790953089.087572) can0 2A5#000007BF000007CA
(1790953089.087698) can0 2A6#FFFFF84700000253
(1790953089.087823) can0 2A7#00005689FFFFF5D5
(1790953089.092108) can0 2A1#0100010000000000
(1790953089.092221) can0 2A2#0000D28B000008AE
(1790953089.092323) can0 2A3#0002DF2CFFFD59D8
(1790953089.092449) can0 2A4#00011C10FFFD63AE
(1790953089.092573) can0 2A5#000007BF000007CA
(1790953089.092698) can0 2A6#FFFFF84700000253
(1790953089.092799) can0 2A7#00005689FFFFF5D5
(1790953089.097098) can0 2A1#0100010000000000
(1790953089.097223) can0 2A2#0000D28B000008AE
(1790953089.097348) can0 2A3#0002DF2CFFFD59D8
(1790953089.097498) can0 2A4#00011C10FFFD63AE
(1790953089.097573) can0 2A5#000007BF000007CA
(1790953089.097698) can0 2A6#FFFFF84700000253
(1790953089.097824) can0 2A7#00005689FFFFF5D5
(1790953089.102126) can0 2A1#0100010000000000
(1790953089.102196) can0 2A2#0000D28B000008AE
(1790953089.102323) can0 2A3#0002DF2CFFFD59D8
(1790953089.102448) can0 2A4#00011C10FFFD63AE
(1790953089.102573) can0 2A5#000007BF000007CA
(1790953089.102697) can0 2A6#FFFFF84700000253
(1790953089.102825) can0 2A7#00005689FFFFF5D5
(1790953089.107101) can0 2A1#0100010000000000
(1790953089.107223) can0 2A2#0000D28B000008AE
(1790953089.107349) can0 2A3#0002DF2CFFFD59D8
(1790953089.107498) can0 2A4#00011C10FFFD63AE
(1790953089.107597) can0 2A5#000007BF000007CA
(1790953089.107700) can0 2A6#FFFFF84700000253
(1790953089.107825) can0 2A7#00005689FFFFF5D5
(1790953089.112103) can0 2A1#0100010000000000
(1790953089.112202) can0 2A2#0000D28B000008AE
(1790953089.112324) can0 2A3#0002DF2CFFFD59D8
(1790953089.112449) can0 2A4#00011C10FFFD63AE
(1790953089.112574) can0 2A5#000007BF000007CA
(1790953089.112698) can0 2A6#FFFFF84700000253
(1790953089.112799) can0 2A7#00005689FFFFF5D5
(1790953089.117126) can0 2A1#0100010000000000
(1790953089.117226) can0 2A2#0000D28B000008AE
(1790953089.117349) can0 2A3#0002DF2CFFFD59D8
(1790953089.117499) can0 2A4#00011C10FFFD63AE
(1790953089.117572) can0 2A5#000007BF000007CA
(1790953089.117696) can0 2A6#FFFFF84700000253
(1790953089.117822) can0 2A7#00005689FFFFF5D5
(1790953089.122097) can0 2A1#0100010000000000
(1790953089.122196) can0 2A2#0000D28B000008AE
(1790953089.122323) can0 2A3#0002DF2CFFFD59D8
(1790953089.122448) can0 2A4#00011C10FFFD63AE
(1790953089.122573) can0 2A5#000007BF000007CA
(1790953089.122698) can0 2A6#FFFFF84700000253
(1790953089.122797) can0 2A7#00005689FFFFF5D5
(1790953089.127103) can0 2A1#0100010000000000
(1790953089.127221) can0 2A2#0000D28B000008AE
(1790953089.127349) can0 2A3#0002DF2CFFFD59D8
(1790953089.127497) can0 2A4#00011C10FFFD63AE
(1790953089.127571) can0 2A5#000007BF000007CA
(1790953089.127698) can0 2A6#FFFFF84700000253
(1790953089.127823) can0 2A7#00005689FFFFF5D5
(1790953089.132115) can0 2A1#0100010000000000
(1790953089.132222) can0 2A2#0000D28B000008AE
(1790953089.132322) can0 2A3#0002DF2CFFFD59D8
(1790953089.132447) can0 2A4#00011C10FFFD63AE
(1790953089.132572) can0 2A5#000007BF000007CA
(1790953089.132698) can0 2A6#FFFFF84700000253
(1790953089.132822) can0 2A7#00005689FFFFF5D5
(1790953089.137098) can0 2A1#0100010000000000
(1790953089.137222) can0 2A2#0000D28B000008AE
(1790953089.137347) can0 2A3#0002DF2CFFFD59D8
(1790953089.137446) can0 2A4#00011C10FFFD63AE
(1790953089.137572) can0 2A5#000007BF000007CA
(1790953089.137697) can0 2A6#FFFFF84700000253
(1790953089.137822) can0 2A7#00005689FFFFF5D5
(1790953089.142097) can0 2A1#0100010000000000
(1790953089.142220) can0 2A2#0000D28B000008AE
(1790953089.142323) can0 2A3#0002DF2CFFFD59D8
(1790953089.142447) can0 2A4#00011C10FFFD63AE
(1790953089.142572) can0 2A5#000007BF000007CA
(1790953089.142697) can0 2A6#FFFFF84700000253
(1790953089.142795) can0 2A7#00005689FFFFF5D5
(1790953089.147109) can0 2A1#0100010000000000
(1790953089.147220) can0 2A2#0000D28B000008AE
(1790953089.147347) can0 2A3#0002DF2CFFFD59D8
(1790953089.147495) can0 2A4#00011C10FFFD63AE
(1790953089.147572) can0 2A5#000007BF000007CA
(1790953089.147697) can0 2A6#FFFFF84700000253
(1790953089.147822) can0 2A7#00005689FFFFF5D5
(1790953089.152102) can0 2A1#0100010000000000
(1790953089.152200) can0 2A2#0000D28B000008AE
(1790953089.152324) can0 2A3#0002DF2CFFFD59D8
(1790953089.152449) can0 2A4#00011C10FFFD63AE
(1790953089.152572) can0 2A5#000007BF000007CA
(1790953089.152698) can0 2A6#FFFFF84700000253
(1790953089.152799) can0 2A7#00005689FFFFF5D5
(1790953089.157102) can0 2A1#0100010000000000
(1790953089.157221) can0 2A2#0000D28B000008AE
(1790953089.157348) can0 2A3#0002DF2CFFFD59D8
(1790953089.157498) can0 2A4#00011C10FFFD63AE
(1790953089.157573) can0 2A5#000007BF000007CA
(1790953089.157698) can0 2A6#FFFFF84700000253
(1790953089.157823) can0 2A7#00005689FFFFF5D5
(1790953089.162103) can0 2A1#0100010000000000
(1790953089.162221) can0 2A2#0000D28B000008AE
(1790953089.162323) can0 2A3#0002DF2CFFFD59D8
(1790953089.162448) can0 2A4#00011C10FFFD63AE
(1790953089.162573) can0 2A5#000007BF000007CA
(1790953089.162698) can0 2A6#FFFFF84700000253
(1790953089.162823) can0 2A7#00005689FFFFF5D5
(1790953089.167124) can0 2A1#0100010000000000
(1790953089.167222) can0 2A2#0000D28B000008AE
(1790953089.167348) can0 2A3#0002DF2CFFFD59D8
(1790953089.167498) can0 2A4#00011C10FFFD63AE
(1790953089.167597) can0 2A5#000007BF000007CA
(1790953089.167698) can0 2A6#FFFFF84700000253
(1790953089.167821) can0 2A7#00005689FFFFF5D5
(1790953089.172100) can0 2A1#0100010000000000
(1790953089.172221) can0 2A2#0000D28B000008AE
(1790953089.172348) can0 2A3#0002DF2CFFFD59D8
(1790953089.172448) can0 2A4#00011C10FFFD63AE
(1790953089.172573) can0 2A5#000007BF000007CA
(1790953089.172698) can0 2A6#FFFFF84700000253
(1790953089.172798) can0 2A7#00005689FFFFF5D5
(1790953089.177126) can0 2A1#0100010000000000
(1790953089.177223) can0 2A2#0000D28B000008AE
(1790953089.177348) can0 2A3#0002DF2CFFFD59D8
(1790953089.177498) can0 2A4#00011C10FFFD63AE
(1790953089.177571) can0 2A5#000007BF000007CA
(1790953089.177698) can0 2A6#FFFFF84700000253
(1790953089.177823) can0 2A7#00005689FFFFF5D5
(1790953089.182097) can0 2A1#0100010000000000
(1790953089.182221) can0 2A2#0000D28B000008AE
(1790953089.182323) can0 2A3#0002DF2CFFFD59D8
(1790953089.182446) can0 2A4#00011C10FFFD63AE
(1790953089.182572) can0 2A5#000007BF000007CA
(1790953089.182699) can0 2A6#FFFFF84700000253
(1790953089.182823) can0 2A7#00005689FFFFF5D5
(1790953089.187103) can0 2A1#0100010000000000
(1790953089.187221) can0 2A2#0000D28B000008AE
(1790953089.187348) can0 2A3#0002DF2CFFFD59D8
(1790953089.187446) can0 2A4#00011C10FFFD63AE
(1790953089.187573) can0 2A5#000007BF000007CA
(1790953089.187723) can0 2A6#FFFFF84700000253
(1790953089.187821) can0 2A7#00005689FFFFF5D5
(1790953089.192099) can0 2A1#0100010000000000
(1790953089.192221) can0 2A2#0000D28B000008AE
(1790953089.192323) can0 2A3#0002DF2CFFFD59D8
(1790953089.192448) can0 2A4#00011C10FFFD63AE
(1790953089.192572) can0 2A5#000007BF000007CA
(1790953089.192698) can0 2A6#FFFFF84700000253
(1790953089.192796) can0 2A7#00005689FFFFF5D5
(1790953089.197102) can0 2A1#0100010000000000
(1790953089.197227) can0 2A2#0000D28B000008AE
(1790953089.197348) can0 2A3#0002DF2CFFFD59D8
(1790953089.197498) can0 2A4#00011C10FFFD63AE
(1790953089.197570) can0 2A5#000007BF000007CA
(1790953089.197698) can0 2A6#FFFFF84700000253
(1790953089.197823) can0 2A7#00005689FFFFF5D5
(1790953089.202106) can0 2A1#0100010000000000
(1790953089.202201) can0 2A2#0000D28B000008AE
(1790953089.202323) can0 2A3#0002DF2CFFFD59D8
(1790953089.202448) can0 2A4#00011C10FFFD63AE
(1790953089.202573) can0 2A5#000007BF000007CA
(1790953089.202698) can0 2A6#FFFFF84700000253
(1790953089.202798) can0 2A7#00005689FFFFF5D5
(1790953089.207097) can0 2A1#0100010000000000
(1790953089.207223) can0 2A2#0000D28B000008AE
(1790953089.207348) can0 2A3#0002DF2CFFFD59D8
(1790953089.207498) can0 2A4#00011C10FFFD63AE
(1790953089.207573) can0 2A5#000007BF000007CA
(1790953089.207698) can0 2A6#FFFFF84700000253
(1790953089.207821) can0 2A7#00005689FFFFF5D5
(1790953089.212101) can0 2A1#0100010000000000
(1790953089.212221) can0 2A2#0000D28B000008AE
(1790953089.212323) can0 2A3#0002DF2CFFFD59D8
(1790953089.212446) can0 2A4#00011C10FFFD63AE
(1790953089.212573) can0 2A5#000007BF000007CA
(1790953089.212696) can0 2A6#FFFFF84700000253
(1790953089.212823) can0 2A7#00005689FFFFF5D5
(1790953089.217131) can0 2A1#0100010000000000
(1790953089.217221) can0 2A2#0000D28B000008AE
(1790953089.217348) can0 2A3#0002DF2CFFFD59D8
(1790953089.217448) can0 2A4#00011C10FFFD63AE
(1790953089.217573) can0 2A5#000007BF000007CA
(1790953089.217698) can0 2A6#FFFFF84700000253
(1790953089.217821) can0 2A7#00005689FFFFF5D5
(1790953089.222103) can0 2A1#0100010000000000
(1790953089.222221) can0 2A2#0000D28B000008AE
(1790953089.222348) can0 2A3#0002DF2CFFFD59D8
(1790953089.222448) can0 2A4#00011C10FFFD63AE
(1790953089.222573) can0 2A5#000007BF000007CA
(1790953089.222698) can0 2A6#FFFFF84700000253
(1790953089.222798) can0 2A7#00005689FFFFF5D5
(1790953089.227128) can0 2A1#0100010000000000
(1790953089.227227) can0 2A2#0000D28B000008AE
(1790953089.227348) can0 2A3#0002DF2CFFFD59D8
(1790953089.227498) can0 2A4#00011C10FFFD63AE
(1790953089.227571) can0 2A5#000007BF000007CA
(1790953089.227698) can0 2A6#FFFFF84700000253
(1790953089.227823) can0 2A7#00005689FFFFF5D5
(1790953089.232100) can0 2A1#0100010000000000
(1790953089.232228) can0 2A2#0000D28B000008AE
(1790953089.232323) can0 2A3#0002DF2CFFFD59D8
(1790953089.232448) can0 2A4#00011C10FFFD63AE
(1790953089.232574) can0 2A5#000007BF000007CA
(1790953089.232698) can0 2A6#FFFFF84700000253
(1790953089.232823) can0 2A7#00005689FFFFF5D5
(1790953089.237100) can0 2A1#0100010000000000
(1790953089.237221) can0 2A2#0000D28B000008AE
(1790953089.237348) can0 2A3#0002DF2CFFFD59D8
(1790953089.237448) can0 2A4#00011C10FFFD63AE
(1790953089.237573) can0 2A5#000007BF000007CA
(1790953089.237699) can0 2A6#FFFFF84700000253
(1790953089.237823) can0 2A7#00005689FFFFF5D5
(1790953089.242100) can0 2A1#0100010000000000
(1790953089.242221) can0 2A2#0000D28B000008AE
(1790953089.242323) can0 2A3#0002DF2CFFFD59D8
(1790953089.242448) can0 2A4#00011C10FFFD63AE
(1790953089.242573) can0 2A5#000007BF000007CA
(1790953089.242698) can0 2A6#FFFFF84700000253
(1790953089.242823) can0 2A7#00005689FFFFF5D5
(1790953089.247098) can0 2A1#0100010000000000
(1790953089.247221) can0 2A2#0000D28B000008AE
(1790953089.247349) can0 2A3#0002DF2CFFFD59D8
(1790953089.247448) can0 2A4#00011C10FFFD63AE
(1790953089.247575) can0 2A5#000007BF000007CA
(1790953089.247698) can0 2A6#FFFFF84700000253
(1790953089.247823) can0 2A7#00005689FFFFF5D5
(1790953089.252112) can0 2A1#0100010000000000
(1790953089.252221) can0 2A2#0000D28B000008AE
(1790953089.252348) can0 2A3#0002DF2CFFFD59D8
(1790953089.252446) can0 2A4#00011C10FFFD63AE
(1790953089.252573) can0 2A5#000007BF000007CA
(1790953089.252698) can0 2A6#FFFFF84700000253
(1790953089.252796) can0 2A7#00005689FFFFF5D5
(1790953089.257101) can0 2A1#0100010000000000
(1790953089.257221) can0 2A2#0000D28B000008AE
(1790953089.257347) can0 2A3#0002DF2CFFFD59D8
(1790953089.257498) can0 2A4#00011C10FFFD63AE
(1790953089.257573) can0 2A5#000007BF000007CA
(1790953089.257698) can0 2A6#FFFFF84700000253
(1790953089.257823) can0 2A7#00005689FFFFF5D5
(1790953089.262102) can0 2A1#0100010000000000
(1790953089.262197) can0 2A2#0000D28B000008AE
(1790953089.262348) can0 2A3#0002DF2CFFFD59D8
(1790953089.262446) can0 2A4#00011C10FFFD63AE
(1790953089.262573) can0 2A5#000007BF000007CA
(1790953089.262696) can0 2A6#FFFFF84700000253
(1790953089.262798) can0 2A7#00005689FFFFF5D5
(1790953089.267139) can0 2A1#0100010000000000
(1790953089.267223) can0 2A2#0000D28B000008AE
(1790953089.267348) can0 2A3#0002DF2CFFFD59D8
(1790953089.267498) can0 2A4#00011C10FFFD63AE
(1790953089.267571) can0 2A5#000007BF000007CA
(1790953089.267698) can0 2A6#FFFFF84700000253
(1790953089.267824) can0 2A7#00005689FFFFF5D5
(1790953089.272102) can0 2A1#0100010000000000
(1790953089.272196) can0 2A2#0000D28B000008AE
(1790953089.272323) can0 2A3#0002DF2CFFFD59D8
(1790953089.272448) can0 2A4#00011C10FFFD63AE
(1790953089.272573) can0 2A5#000007BF000007CA
(1790953089.272697) can0 2A6#FFFFF84700000253
(1790953089.272821) can0 2A7#00005689FFFFF5D5
(1790953089.277102) can0 2A1#0100010000000000
(1790953089.277221) can0 2A2#0000D28B000008AE
(1790953089.277348) can0 2A3#0002DF2CFFFD59D8
(1790953089.277497) can0 2A4#00011C10FFFD63AE
(1790953089.277598) can0 2A5#000007BF000007CA
(1790953089.277698) can0 2A6#FFFFF84700000253
(1790953089.277823) can0 2A7#00005689FFFFF5D5
(1790953089.282103) can0 2A1#0100010000000000
(1790953089.282198) can0 2A2#0000D28B000008AE
(1790953089.282348) can0 2A3#0002DF2CFFFD59D8
(1790953089.282448) can0 2A4#00011C10FFFD63AE
(1790953089.282573) can0 2A5#000007BF000007CA
(1790953089.282697) can0 2A6#FFFFF84700000253
(1790953089.282798) can0 2A7#00005689FFFFF5D5
(1790953089.287100) can0 2A1#0100010000000000
(1790953089.287224) can0 2A2#0000D28B000008AE
(1790953089.287348) can0 2A3#0002DF2CFFFD59D8
(1790953089.287498) can0 2A4#00011C10FFFD63AE
(1790953089.287573) can0 2A5#000007BF000007CA
(1790953089.287697) can0 2A6#FFFFF84700000253
(1790953089.287825) can0 2A7#00005689FFFFF5D5
(1790953089.292097) can0 2A1#0100010000000000
(1790953089.292196) can0 2A2#0000D28B000008AE
(1790953089.292348) can0 2A3#0002DF2CFFFD59D8
(1790953089.292448) can0 2A4#00011C10FFFD63AE
(1790953089.292573) can0 2A5#000007BF000007CA
(1790953089.292698) can0 2A6#FFFFF84700000253
(1790953089.292798) can0 2A7#00005689FFFFF5D5
(1790953089.297096) can0 2A1#0100010000000000
(1790953089.297223) can0 2A2#0000D28B000008AE
(1790953089.297348) can0 2A3#0002DF2CFFFD59D8
(1790953089.297497) can0 2A4#00011C10FFFD63AE
(1790953089.297570) can0 2A5#000007BF000007CA
(1790953089.297697) can0 2A6#FFFFF84700000253
(1790953089.297822) can0 2A7#00005689FFFFF5D5
(1790953089.302101) can0 2A1#0100010000000000
(1790953089.302202) can0 2A2#0000D28B000008AE
(1790953089.302323) can0 2A3#0002DF2CFFFD59D8
(1790953089.302448) can0 2A4#00011C10FFFD63AE
(1790953089.302572) can0 2A5#000007BF000007CA
(1790953089.302698) can0 2A6#FFFFF84700000253
(1790953089.302798) can0 2A7#00005689FFFFF5D5
(1790953089.307097) can0 2A1#0100010000000000
(1790953089.307223) can0 2A2#0000D28B000008AE
(1790953089.307348) can0 2A3#0002DF2CFFFD59D8
(1790953089.307498) can0 2A4#00011C10FFFD63AE
(1790953089.307573) can0 2A5#000007BF000007CA
(1790953089.307698) can0 2A6#FFFFF84700000253
(1790953089.307823) can0 2A7#00005689FFFFF5D5
(1790953089.312100) can0 2A1#0100010000000000
(1790953089.312204) can0 2A2#0000D28B000008AE
(1790953089.312323) can0 2A3#0002DF2CFFFD59D8
(1790953089.312446) can0 2A4#00011C10FFFD63AE
(1790953089.312568) can0 2A5#000007BF000007CA
(1790953089.312694) can0 2A6#FFFFF84700000253
(1790953089.312799) can0 2A7#00005689FFFFF5D5
(1790953089.317115) can0 2A1#0100010000000000
(1790953089.317221) can0 2A2#0000D28B000008AE
(1790953089.317348) can0 2A3#0002DF2CFFFD59D8
(1790953089.317498) can0 2A4#00011C10FFFD63AE
(1790953089.317571) can0 2A5#000007BF000007CA
(1790953089.317698) can0 2A6#FFFFF84700000253
(1790953089.317823) can0 2A7#00005689FFFFF5D5
(1790953089.322096) can0 2A1#0100010000000000
(1790953089.322196) can0 2A2#0000D28B000008AE
(1790953089.322323) can0 2A3#0002DF2CFFFD59D8
(1790953089.322448) can0 2A4#00011C10FFFD63AE
(1790953089.322573) can0 2A5#000007BF000007CA
(1790953089.322697) can0 2A6#FFFFF84700000253
(1790953089.322823) can0 2A7#00005689FFFFF5D5
(1790953089.327104) can0 2A1#0100010000000000
(1790953089.327221) can0 2A2#0000D28B000008AE
(1790953089.327348) can0 2A3#0002DF2CFFFD59D8
(1790953089.327498) can0 2A4#00011C10FFFD63AE
(1790953089.327596) can0 2A5#000007BF000007CA
(1790953089.327723) can0 2A6#FFFFF84700000253
(1790953089.327820) can0 2A7#00005689FFFFF5D5
(1790953089.332100) can0 2A1#0100010000000000
(1790953089.332229) can0 2A2#0000D28B000008AE
(1790953089.332349) can0 2A3#0002DF2CFFFD59D8
(1790953089.332457) can0 2A4#00011C10FFFD63AE
(1790953089.332571) can0 2A5#000007BF000007CA
(1790953089.332698) can0 2A6#FFFFF84700000253
(1790953089.332796) can0 2A7#00005689FFFFF5D5
(1790953089.337101) can0 2A1#0100010000000000
(1790953089.337221) can0 2A2#0000D28B000008AE
(1790953089.337349) can0 2A3#0002DF2CFFFD59D8
(1790953089.337498) can0 2A4#00011C10FFFD63AE
(1790953089.337571) can0 2A5#000007BF000007CA
(1790953089.337698) can0 2A6#FFFFF84700000253
(1790953089.337823) can0 2A7#00005689FFFFF5D5
(1790953089.342100) can0 2A1#0100010000000000
(1790953089.342221) can0 2A2#0000D28B000008AE
(1790953089.342348) can0 2A3#0002DF2CFFFD59D8
(1790953089.342446) can0 2A4#00011C10FFFD63AE
(1790953089.342572) can0 2A5#000007BF000007CA
(1790953089.342698) can0 2A6#FFFFF84700000253
(1790953089.342798) can0 2A7#00005689FFFFF5D5
(1790953089.347099) can0 2A1#0100010000000000
(1790953089.347221) can0 2A2#0000D28B000008AE
(1790953089.347348) can0 2A3#0002DF2CFFFD59D8
(1790953089.347498) can0 2A4#00011C10FFFD63AE
(1790953089.347570) can0 2A5#000007BF000007CA
(1790953089.347698) can0 2A6#FFFFF84700000253
(1790953089.347823) can0 2A7#00005689FFFFF5D5
(1790953089.352101) can0 2A1#0100010000000000
(1790953089.352202) can0 2A2#0000D28B000008AE
(1790953089.352322) can0 2A3#0002DF2CFFFD59D8
(1790953089.352448) can0 2A4#00011C10FFFD63AE
(1790953089.352573) can0 2A5#000007BF000007CA
(1790953089.352698) can0 2A6#FFFFF84700000253
(1790953089.352797) can0 2A7#00005689FFFFF5D5
(1790953089.357138) can0 2A1#0100010000000000
(1790953089.357222) can0 2A2#0000D28B000008AE
(1790953089.357348) can0 2A3#0002DF2CFFFD59D8
(1790953089.357497) can0 2A4#00011C10FFFD63AE
(1790953089.357571) can0 2A5#000007BF000007CA
(1790953089.357698) can0 2A6#FFFFF84700000253
(1790953089.357824) can0 2A7#00005689FFFFF5D5
(1790953089.362101) can0 2A1#0100010000000000
(1790953089.362223) can0 2A2#0000D28B000008AE
(1790953089.362323) can0 2A3#0002DF2CFFFD59D8
(1790953089.362448) can0 2A4#00011C10FFFD63AE
(1790953089.362573) can0 2A5#000007BF000007CA
(1790953089.362698) can0 2A6#FFFFF84700000253
(1790953089.362798) can0 2A7#00005689FFFFF5D5
(1790953089.367101) can0 2A1#0100010000000000
(1790953089.367221) can0 2A2#0000D28B000008AE
(1790953089.367348) can0 2A3#0002DF2CFFFD59D8
(1790953089.367511) can0 2A4#00011C10FFFD63AE
(1790953089.367572) can0 2A5#000007BF000007CA
(1790953089.367698) can0 2A6#FFFFF84700000253
(1790953089.367822) can0 2A7#00005689FFFFF5D5
(1790953089.372101) can0 2A1#0100010000000000
(1790953089.372197) can0 2A2#0000D28B000008AE
(1790953089.372322) can0 2A3#0002DF2CFFFD59D8
(1790953089.372447) can0 2A4#00011C10FFFD63AE
(1790953089.372572) can0 2A5#000007BF000007CA
(1790953089.372695) can0 2A6#FFFFF84700000253
(1790953089.372822) can0 2A7#00005689FFFFF5D5
(1790953089.377099) can0 2A1#0100010000000000
(1790953089.377220) can0 2A2#0000D28B000008AE
(1790953089.377347) can0 2A3#0002DF2CFFFD59D8
(1790953089.377497) can0 2A4#00011C10FFFD63AE
(1790953089.377595) can0 2A5#000007BF000007CA
(1790953089.377697) can0 2A6#FFFFF84700000253
(1790953089.377822) can0 2A7#00005689FFFFF5D5
(1790953089.382103) can0 2A1#0100010000000000
(1790953089.382223) can0 2A2#0000D28B000008AE
(1790953089.382322) can0 2A3#0002DF2CFFFD59D8
(1790953089.382448) can0 2A4#00011C10FFFD63AE
(1790953089.382570) can0 2A5#000007BF000007CA
(1790953089.382697) can0 2A6#FFFFF84700000253
(1790953089.382798) can0 2A7#00005689FFFFF5D5
(1790953089.387102) can0 2A1#0100010000000000
(1790953089.387223) can0 2A2#0000D28B000008AE
(1790953089.387348) can0 2A3#0002DF2CFFFD59D8
(1790953089.387496) can0 2A4#00011C10FFFD63AE
(1790953089.387571) can0 2A5#000007BF000007CA
(1790953089.387698) can0 2A6#FFFFF84700000253
(1790953089.387822) can0 2A7#00005689FFFFF5D5
(1790953089.392101) can0 2A1#0100010000000000
(1790953089.392222) can0 2A2#0000D28B000008AE
(1790953089.392347) can0 2A3#0002DF2CFFFD59D8
(1790953089.392448) can0 2A4#00011C10FFFD63AE
(1790953089.392573) can0 2A5#000007BF000007CA
(1790953089.392696) can0 2A6#FFFFF84700000253
(1790953089.392796) can0 2A7#00005689FFFFF5D5
(1790953089.397113) can0 2A1#0100010000000000
(1790953089.397245) can0 2A2#0000D28B000008AE
(1790953089.397347) can0 2A3#0002DF2CFFFD59D8
(1790953089.397498) can0 2A4#00011C10FFFD63AE
(1790953089.397597) can0 2A5#000007BF000007CA
(1790953089.397695) can0 2A6#FFFFF84700000253
(1790953089.397822) can0 2A7#00005689FFFFF5D5
(1790953089.402098) can0 2A1#0100010000000000
(1790953089.402226) can0 2A2#0000D28B000008AE
(1790953089.402321) can0 2A3#0002DF2CFFFD59D8
(1790953089.402447) can0 2A4#00011C10FFFD63AE
(1790953089.402573) can0 2A5#000007BF000007CA
(1790953089.402697) can0 2A6#FFFFF84700000253
(1790953089.402820) can0 2A7#00005689FFFFF5D5
(1790953089.407096) can0 2A1#0100010000000000
(1790953089.407221) can0 2A2#0000D28B000008AE
(1790953089.407347) can0 2A3#0002DF2CFFFD59D8
(1790953089.407497) can0 2A4#00011C10FFFD63AE
(1790953089.407597) can0 2A5#000007BF000007CA
(1790953089.407697) can0 2A6#FFFFF84700000253
(1790953089.407822) can0 2A7#00005689FFFFF5D5
(1790953089.412112) can0 2A1#0100010000000000
(1790953089.412200) can0 2A2#0000D28B000008AE
(1790953089.412322) can0 2A3#0002DF2CFFFD59D8
(1790953089.412446) can0 2A4#00011C10FFFD63AE
(1790953089.412572) can0 2A5#000007BF000007CA
(1790953089.412697) can0 2A6#FFFFF84700000253
(1790953089.412796) can0 2A7#00005689FFFFF5D5
(1790953089.417131) can0 2A1#0100010000000000
(1790953089.417220) can0 2A2#0000D28B000008AE
(1790953089.417347) can0 2A3#0002DF2CFFFD59D8
(1790953089.417510) can0 2A4#00011C10FFFD63AE
(1790953089.417571) can0 2A5#000007BF000007CA
(1790953089.417701) can0 2A6#FFFFF84700000253
(1790953089.417822) can0 2A7#00005689FFFFF5D5
(1790953089.422108) can0 2A1#0100010000000000
(1790953089.422222) can0 2A2#0000D28B000008AE
(1790953089.422324) can0 2A3#0002DF2CFFFD59D8
(1790953089.422449) can0 2A4#00011C10FFFD63AE
(1790953089.422571) can0 2A5#000007BF000007CA
(1790953089.422699) can0 2A6#FFFFF84700000253
(1790953089.422821) can0 2A7#00005689FFFFF5D5
(1790953089.427105) can0 2A1#0100010000000000
(1790953089.427221) can0 2A2#0000D28B000008AE
(1790953089.427349) can0 2A3#0002DF2CFFFD59D8
(1790953089.427496) can0 2A4#00011C10FFFD63AE
(1790953089.427598) can0 2A5#000007BF000007CA
(1790953089.427721) can0 2A6#FFFFF84700000253
(1790953089.427822) can0 2A7#00005689FFFFF5D5
(1790953089.432108) can0 2A1#0100010000000000
(1790953089.432196) can0 2A2#0000D28B000008AE
(1790953089.432321) can0 2A3#0002DF2CFFFD59D8
(1790953089.432446) can0 2A4#00011C10FFFD63AE
(1790953089.432570) can0 2A5#000007BF000007CA
(1790953089.432699) can0 2A6#FFFFF84700000253
(1790953089.432796) can0 2A7#00005689FFFFF5D5
(1790953089.437102) can0 2A1#0100010000000000
(1790953089.437223) can0 2A2#0000D28B000008AE
(1790953089.437346) can0 2A3#0002DF2CFFFD59D8
(1790953089.437496) can0 2A4#00011C10FFFD63AE
(1790953089.437571) can0 2A5#000007BF000007CA
(1790953089.437696) can0 2A6#FFFFF84700000253
(1790953089.437821) can0 2A7#00005689FFFFF5D5
(1790953089.442110) can0 2A1#0100010000000000
(1790953089.442221) can0 2A2#0000D28B000008AE
(1790953089.442347) can0 2A3#0002DF2CFFFD59D8
(1790953089.442446) can0 2A4#00011C10FFFD63AE
(1790953089.442571) can0 2A5#000007BF000007CA
(1790953089.442696) can0 2A6#FFFFF84700000253
(1790953089.442796) can0 2A7#00005689FFFFF5D5
(1790953089.447130) can0 2A1#0100010000000000
(1790953089.447225) can0 2A2#0000D28B000008AE
(1790953089.447350) can0 2A3#0002DF2CFFFD59D8
(1790953089.447499) can0 2A4#00011C10FFFD63AE
(1790953089.447571) can0 2A5#000007BF000007CA
(1790953089.447698) can0 2A6#FFFFF84700000253
(1790953089.447822) can0 2A7#00005689FFFFF5D5
(1790953089.452102) can0 2A1#0100010000000000
(1790953089.452221) can0 2A2#0000D28B000008AE
(1790953089.452321) can0 2A3#0002DF2CFFFD59D8
(1790953089.452445) can0 2A4#00011C10FFFD63AE
(1790953089.452571) can0 2A5#000007BF000007CA
(1790953089.452696) can0 2A6#FFFFF84700000253
(1790953089.452821) can0 2A7#00005689FFFFF5D5
(1790953089.457098) can0 2A1#0100010000000000
(1790953089.457221) can0 2A2#0000D28B000008AE
(1790953089.457346) can0 2A3#0002DF2CFFFD59D8
(1790953089.457446) can0 2A4#00011C10FFFD63AE
(1790953089.457596) can0 2A5#000007BF000007CA
(1790953089.457696) can0 2A6#FFFFF84700000253
(1790953089.457820) can0 2A7#00005689FFFFF5D5
(1790953089.462097) can0 2A1#0100010000000000
(1790953089.462220) can0 2A2#0000D28B000008AE
(1790953089.462346) can0 2A3#0002DF2CFFFD59D8
(1790953089.462446) can0 2A4#00011C10FFFD63AE
(1790953089.462571) can0 2A5#000007BF000007CA
(1790953089.462695) can0 2A6#FFFFF84700000253
(1790953089.462820) can0 2A7#00005689FFFFF5D5
(1790953089.467110) can0 2A1#0100010000000000
(1790953089.467221) can0 2A2#0000D28B000008AE
(1790953089.467347) can0 2A3#0002DF2CFFFD59D8
(1790953089.467495) can0 2A4#00011C10FFFD63AE
(1790953089.467595) can0 2A5#000007BF000007CA
(1790953089.467696) can0 2A6#FFFFF84700000253
(1790953089.467821) can0 2A7#00005689FFFFF5D5
(1790953089.472101) can0 2A1#0100010000000000
(1790953089.472223) can0 2A2#0000D28B000008AE
(1790953089.472321) can0 2A3#0002DF2CFFFD59D8
(1790953089.472445) can0 2A4#00011C10FFFD63AE
(1790953089.472571) can0 2A5#000007BF000007CA
(1790953089.472696) can0 2A6#FFFFF84700000253
(1790953089.472796) can0 2A7#00005689FFFFF5D5
(1790953089.477131) can0 2A1#0100010000000000
(1790953089.477227) can0 2A2#0000D28B000008AE
(1790953089.477346) can0 2A3#0002DF2CFFFD59D8
(1790953089.477495) can0 2A4#00011C10FFFD63AE
(1790953089.477570) can0 2A5#000007BF000007CA
(1790953089.477696) can0 2A6#FFFFF84700000253
(1790953089.477821) can0 2A7#00005689FFFFF5D5
(1790953089.482102) can0 2A1#0100010000000000
(1790953089.482221) can0 2A2#0000D28B000008AE
(1790953089.482320) can0 2A3#0002DF2CFFFD59D8
(1790953089.482446) can0 2A4#00011C10FFFD63AE
(1790953089.482573) can0 2A5#000007BF000007CA
(1790953089.482696) can0 2A6#FFFFF84700000253
(1790953089.482820) can0 2A7#00005689FFFFF5D5
(1790953089.487108) can0 2A1#0100010000000000
(1790953089.487221) can0 2A2#0000D28B000008AE
(1790953089.487346) can0 2A3#0002DF2CFFFD59D8
(1790953089.487496) can0 2A4#00011C10FFFD63AE
(1790953089.487596) can0 2A5#000007BF000007CA
(1790953089.487722) can0 2A6#FFFFF84700000253
(1790953089.487821) can0 2A7#00005689FFFFF5D5
(1790953089.492097) can0 2A1#0100010000000000
(1790953089.492222) can0 2A2#0000D28B000008AE
(1790953089.492321) can0 2A3#0002DF2CFFFD59D8
(1790953089.492446) can0 2A4#00011C10FFFD63AE
(1790953089.492571) can0 2A5#000007BF000007CA
(1790953089.492701) can0 2A6#FFFFF84700000253
(1790953089.492823) can0 2A7#00005689FFFFF5D5
(1790953089.497110) can0 2A1#0100010000000000
(1790953089.497224) can0 2A2#0000D28B000008AE
(1790953089.497346) can0 2A3#0002DF2CFFFD59D8
(1790953089.497496) can0 2A4#00011C10FFFD63AE
(1790953089.497598) can0 2A5#000007BF000007CA
(1790953089.497697) can0 2A6#FFFFF84700000253
(1790953089.497822) can0 2A7#00005689FFFFF5D5
(1790953089.502112) can0 2A1#0100010000000000
(1790953089.502222) can0 2A2#0000D28B000008AE
(1790953089.502347) can0 2A3#0002DF2CFFFD59D8
(1790953089.502448) can0 2A4#00011C10FFFD63AE
(1790953089.502571) can0 2A5#000007BF000007CA
(1790953089.502697) can0 2A6#FFFFF84700000253
(1790953089.502821) can0 2A7#00005689FFFFF5D5
(1790953089.507106) can0 2A1#0100010000000000
(1790953089.507223) can0 2A2#0000D28B000008AE
(1790953089.507349) can0 2A3#0002DF2CFFFD59D8
(1790953089.507504) can0 2A4#00011C10FFFD63AE
(1790953089.507596) can0 2A5#000007BF000007CA
(1790953089.507697) can0 2A6#FFFFF84700000253
(1790953089.507822) can0 2A7#00005689FFFFF5D5
(1790953089.512102) can0 2A1#0100010000000000
(1790953089.512224) can0 2A2#0000D28B000008AE
(1790953089.512321) can0 2A3#0002DF2CFFFD59D8
(1790953089.512451) can0 2A4#00011C10FFFD63AE
(1790953089.512571) can0 2A5#000007BF000007CA
(1790953089.512696) can0 2A6#FFFFF84700000253
(1790953089.512822) can0 2A7#00005689FFFFF5D5
(1790953089.517105) can0 2A1#0100010000000000
(1790953089.517221) can0 2A2#0000D28B000008AE
(1790953089.517346) can0 2A3#0002DF2CFFFD59D8
(1790953089.517496) can0 2A4#00011C10FFFD63AE
(1790953089.517596) can0 2A5#000007BF000007CA
(1790953089.517696) can0 2A6#FFFFF84700000253
(1790953089.517822) can0 2A7#00005689FFFFF5D5
(1790953089.522099) can0 2A1#0100010000000000
(1790953089.522221) can0 2A2#0000D28B000008AE
(1790953089.522346) can0 2A3#0002DF2CFFFD59D8
(1790953089.522446) can0 2A4#00011C10FFFD63AE
(1790953089.522570) can0 2A5#000007BF000007CA
(1790953089.522670) can0 2A6#FFFFF84700000253
(1790953089.522821) can0 2A7#00005689FFFFF5D5
(1790953089.527129) can0 2A1#0100010000000000
(1790953089.527221) can0 2A2#0000D28B000008AE
(1790953089.527346) can0 2A3#0002DF2CFFFD59D8
(1790953089.527496) can0 2A4#00011C10FFFD63AE
(1790953089.527570) can0 2A5#000007BF000007CA
(1790953089.527696) can0 2A6#FFFFF84700000253
(1790953089.527820) can0 2A7#00005689FFFFF5D5
(1790953089.532098) can0 2A1#0100010000000000
(1790953089.532223) can0 2A2#0000D28B000008AE
(1790953089.532321) can0 2A3#0002DF2CFFFD59D8
(1790953089.532446) can0 2A4#00011C10FFFD63AE
(1790953089.532572) can0 2A5#000007BF000007CA
(1790953089.532698) can0 2A6#FFFFF84700000253
(1790953089.532823) can0 2A7#00005689FFFFF5D5
(1790953089.537097) can0 2A1#0100010000000000
(1790953089.537221) can0 2A2#0000D28B000008AE
(1790953089.537346) can0 2A3#0002DF2CFFFD59D8
(1790953089.537496) can0 2A4#00011C10FFFD63AE
(1790953089.537595) can0 2A5#000007BF000007CA
(1790953089.537721) can0 2A6#FFFFF84700000253
(1790953089.537821) can0 2A7#00005689FFFFF5D5
(1790953089.542101) can0 2A1#0100010000000000
(1790953089.542221) can0 2A2#0000D28B000008AE
(1790953089.542321) can0 2A3#0002DF2CFFFD59D8
(1790953089.542446) can0 2A4#00011C10FFFD63AE
(1790953089.542571) can0 2A5#000007BF000007CA
(1790953089.542696) can0 2A6#FFFFF84700000253
(1790953089.542820) can0 2A7#00005689FFFFF5D5
(1790953089.547124) can0 2A1#0100010000000000
(1790953089.547222) can0 2A2#0000D28B000008AE
(1790953089.547346) can0 2A3#0002DF2CFFFD59D8
(1790953089.547496) can0 2A4#00011C10FFFD63AE
(1790953089.547570) can0 2A5#000007BF000007CA
(1790953089.547696) can0 2A6#FFFFF84700000253
(1790953089.547821) can0 2A7#00005689FFFFF5D5
(1790953089.552101) can0 2A1#0100010000000000
(1790953089.552222) can0 2A2#0000D28B000008AE
(1790953089.552322) can0 2A3#0002DF2CFFFD59D8
(1790953089.552446) can0 2A4#00011C10FFFD63AE
(1790953089.552571) can0 2A5#000007BF000007CA
(1790953089.552696) can0 2A6#FFFFF84700000253
(1790953089.552821) can0 2A7#00005689FFFFF5D5
(1790953089.557131) can0 2A1#0100010000000000
(1790953089.557224) can0 2A2#0000D28B000008AE
(1790953089.557345) can0 2A3#0002DF2CFFFD59D8
(1790953089.557448) can0 2A4#00011C10FFFD63AE
(1790953089.557571) can0 2A5#000007BF000007CA
(1790953089.557696) can0 2A6#FFFFF84700000253
(1790953089.557821) can0 2A7#00005689FFFFF5D5
(1790953089.562100) can0 2A1#0100010000000000
(1790953089.562233) can0 2A2#0000D28B000008AE
(1790953089.562320) can0 2A3#0002DF2CFFFD59D8
(1790953089.562496) can0 2A4#00011C10FFFD63AE
(1790953089.562595) can0 2A5#000007BF000007CA
(1790953089.562696) can0 2A6#FFFFF84700000253
(1790953089.562821) can0 2A7#00005689FFFFF5D5
(1790953089.567128) can0 2A1#0100010000000000
(1790953089.567223) can0 2A2#0000D28B000008AE
(1790953089.567346) can0 2A3#0002DF2CFFFD59D8
(1790953089.567446) can0 2A4#00011C10FFFD63AE
(1790953089.567596) can0 2A5#000007BF000007CA
(1790953089.567726) can0 2A6#FFFFF84700000253
(1790953089.567821) can0 2A7#00005689FFFFF5D5
(1790953089.572101) can0 2A1#0100010000000000
(1790953089.572220) can0 2A2#0000D28B000008AE
(1790953089.572345) can0 2A3#0002DF2CFFFD59D8
(1790953089.572446) can0 2A4#00011C10FFFD63AE
(1790953089.572570) can0 2A5#000007BF000007CA
(1790953089.572695) can0 2A6#FFFFF84700000253
(1790953089.572795) can0 2A7#00005689FFFFF5D5
(1790953089.577128) can0 2A1#0100010000000000
(1790953089.577222) can0 2A2#0000D28B000008AE
(1790953089.577347) can0 2A3#0002DF2CFFFD59D8
(1790953089.577496) can0 2A4#00011C10FFFD63AE
(1790953089.577571) can0 2A5#000007BF000007CA
(1790953089.577696) can0 2A6#FFFFF84700000253
(1790953089.577820) can0 2A7#00005689FFFFF5D5
(1790953089.582099) can0 2A1#0100010000000000
(1790953089.582223) can0 2A2#0000D28B000008AE
(1790953089.582323) can0 2A3#0002DF2CFFFD59D8
(1790953089.582449) can0 2A4#00011C10FFFD63AE
(1790953089.582570) can0 2A5#000007BF000007CA
(1790953089.582698) can0 2A6#FFFFF84700000253
(1790953089.582823) can0 2A7#00005689FFFFF5D5
(1790953089.587102) can0 2A1#0100010000000000
(1790953089.587221) can0 2A2#0000D28B000008AE
(1790953089.587348) can0 2A3#0002DF2CFFFD59D8
(1790953089.587449) can0 2A4#00011C10FFFD63AE
(1790953089.587596) can0 2A5#000007BF000007CA
(1790953089.587696) can0 2A6#FFFFF84700000253
(1790953089.587821) can0 2A7#00005689FFFFF5D5
(1790953089.592103) can0 2A1#0100010000000000
(1790953089.592226) can0 2A2#0000D28B000008AE
(1790953089.592323) can0 2A3#0002DF2CFFFD59D8
(1790953089.592446) can0 2A4#00011C10FFFD63AE
(1790953089.592572) can0 2A5#000007BF000007CA
(1790953089.592696) can0 2A6#FFFFF84700000253
(1790953089.592821) can0 2A7#00005689FFFFF5D5
(1790953089.597126) can0 2A1#0100010000000000
(1790953089.597222) can0 2A2#0000D28B000008AE
(1790953089.597347) can0 2A3#0002DF2CFFFD59D8
(1790953089.597498) can0 2A4#00011C10FFFD63AE
(1790953089.597570) can0 2A5#000007BF000007CA
(1790953089.597698) can0 2A6#FFFFF84700000253
(1790953089.597823) can0 2A7#00005689FFFFF5D5
(1790953089.602108) can0 2A1#0100010000000000
(1790953089.602221) can0 2A2#0000D28B000008AE
(1790953089.602321) can0 2A3#0002DF2CFFFD59D8
(1790953089.602450) can0 2A4#00011C10FFFD63AE
(1790953089.602573) can0 2A5#000007BF000007CA
(1790953089.602702) can0 2A6#FFFFF84700000253
(1790953089.602826) can0 2A7#00005689FFFFF5D5
(1790953089.607099) can0 2A1#0100010000000000
(1790953089.607221) can0 2A2#0000D28B000008AE
(1790953089.607348) can0 2A3#0002DF2CFFFD59D8
(1790953089.607497) can0 2A4#00011C10FFFD63AE
(1790953089.607598) can0 2A5#000007BF000007CA
(1790953089.607720) can0 2A6#FFFFF84700000253
(1790953089.607820) can0 2A7#00005689FFFFF5D5
(1790953089.612100) can0 2A1#0100010000000000
(1790953089.612221) can0 2A2#0000D28B000008AE
(1790953089.612348) can0 2A3#0002DF2CFFFD59D8
(1790953089.612446) can0 2A4#00011C10FFFD63AE
(1790953089.612570) can0 2A5#000007BF000007CA
(1790953089.612698) can0 2A6#FFFFF84700000253
(1790953089.612823) can0 2A7#00005689FFFFF5D5
(1790953089.617129) can0 2A1#0100010000000000
(1790953089.617221) can0 2A2#0000D28B000008AE
(1790953089.617348) can0 2A3#0002DF2CFFFD59D8
(1790953089.617499) can0 2A4#00011C10FFFD63AE
(1790953089.617571) can0 2A5#000007BF000007CA
(1790953089.617698) can0 2A6#FFFFF84700000253
(1790953089.617823) can0 2A7#00005689FFFFF5D5
(1790953089.622101) can0 2A1#0100010000000000
(1790953089.622221) can0 2A2#0000D28B000008AE
(1790953089.622323) can0 2A3#0002DF2CFFFD59D8
(1790953089.622448) can0 2A4#00011C10FFFD63AE
(1790953089.622573) can0 2A5#000007BF000007CA
(1790953089.622698) can0 2A6#FFFFF84700000253
(1790953089.622822) can0 2A7#00005689FFFFF5D5
(1790953089.627102) can0 2A1#0100010000000000
(1790953089.627221) can0 2A2#0000D28B000008AE
(1790953089.627348) can0 2A3#0002DF2CFFFD59D8
(1790953089.627498) can0 2A4#00011C10FFFD63AE
(1790953089.627597) can0 2A5#000007BF000007CA
(1790953089.627722) can0 2A6#FFFFF84700000253
(1790953089.627823) can0 2A7#00005689FFFFF5D5
(1790953089.632104) can0 2A1#0100010000000000
(1790953089.632220) can0 2A2#0000D28B000008AE
(1790953089.632335) can0 2A3#0002DF2CFFFD59D8
(1790953089.632448) can0 2A4#00011C10FFFD63AE
(1790953089.632572) can0 2A5#000007BF000007CA
(1790953089.632697) can0 2A6#FFFFF84700000253
(1790953089.632822) can0 2A7#00005689FFFFF5D5
(1790953089.637125) can0 2A1#0100010000000000
(1790953089.637223) can0 2A2#0000D28B000008AE
(1790953089.637347) can0 2A3#0002DF2CFFFD59D8
(1790953089.637447) can0 2A4#00011C10FFFD63AE
(1790953089.637597) can0 2A5#000007BF000007CA
(1790953089.637721) can0 2A6#FFFFF84700000253
(1790953089.637822) can0 2A7#00005689FFFFF5D5
(1790953089.642100) can0 2A1#0100010000000000
(1790953089.642220) can0 2A2#0000D28B000008AE
(1790953089.642322) can0 2A3#0002DF2CFFFD59D8
(1790953089.642447) can0 2A4#00011C10FFFD63AE
(1790953089.642572) can0 2A5#000007BF000007CA
(1790953089.642696) can0 2A6#FFFFF84700000253
(1790953089.642822) can0 2A7#00005689FFFFF5D5
(1790953089.647101) can0 2A1#0100010000000000
(1790953089.647223) can0 2A2#0000D28B000008AE
(1790953089.647347) can0 2A3#0002DF2CFFFD59D8
(1790953089.647497) can0 2A4#00011C10FFFD63AE
(1790953089.647595) can0 2A5#000007BF000007CA
(1790953089.647722) can0 2A6#FFFFF84700000253
(1790953089.647822) can0 2A7#00005689FFFFF5D5
(1790953089.652110) can0 2A1#0100010000000000
(1790953089.652221) can0 2A2#0000D28B000008AE
(1790953089.652322) can0 2A3#0002DF2CFFFD59D8
(1790953089.652447) can0 2A4#00011C10FFFD63AE
(1790953089.652572) can0 2A5#000007BF000007CA
(1790953089.652697) can0 2A6#FFFFF84700000253
(1790953089.652820) can0 2A7#00005689FFFFF5D5
(1790953089.657128) can0 2A1#0100010000000000
(1790953089.657225) can0 2A2#0000D28B000008AE
(1790953089.657347) can0 2A3#0002DF2CFFFD59D8
(1790953089.657497) can0 2A4#00011C10FFFD63AE
(1790953089.657571) can0 2A5#000007BF000007CA
(1790953089.657697) can0 2A6#FFFFF84700000253
(1790953089.657824) can0 2A7#00005689FFFFF5D5
(1790953089.662103) can0 2A1#0100010000000000
(1790953089.662221) can0 2A2#0000D28B000008AE
(1790953089.662348) can0 2A3#0002DF2CFFFD59D8
(1790953089.662448) can0 2A4#00011C10FFFD63AE
(1790953089.662571) can0 2A5#000007BF000007CA
(1790953089.662698) can0 2A6#FFFFF84700000253
(1790953089.662822) can0 2A7#00005689FFFFF5D5
(1790953089.667140) can0 2A1#0100010000000000
(1790953089.667246) can0 2A2#0000D28B000008AE
(1790953089.667348) can0 2A3#0002DF2CFFFD59D8
(1790953089.667498) can0 2A4#00011C10FFFD63AE
(1790953089.667570) can0 2A5#000007BF000007CA
(1790953089.667698) can0 2A6#FFFFF84700000253
(1790953089.667822) can0 2A7#00005689FFFFF5D5
(1790953089.672103) can0 2A1#0100010000000000
(1790953089.672219) can0 2A2#0000D28B000008AE
(1790953089.672321) can0 2A3#0002DF2CFFFD59D8
(1790953089.672446) can0 2A4#00011C10FFFD63AE
(1790953089.672571) can0 2A5#000007BF000007CA
(1790953089.672696) can0 2A6#FFFFF84700000253
(1790953089.672820) can0 2A7#00005689FFFFF5D5
(1790953089.677102) can0 2A1#0100010000000000
(1790953089.677223) can0 2A2#0000D28B000008AE
(1790953089.677348) can0 2A3#0002DF2CFFFD59D8
(1790953089.677497) can0 2A4#00011C10FFFD63AE
(1790953089.677600) can0 2A5#000007BF000007CA
(1790953089.677697) can0 2A6#FFFFF84700000253
(1790953089.677823) can0 2A7#00005689FFFFF5D5
(1790953089.682105) can0 2A1#0100010000000000
(1790953089.682223) can0 2A2#0000D28B000008AE
(1790953089.682350) can0 2A3#0002DF2CFFFD59D8
(1790953089.682448) can0 2A4#00011C10FFFD63AE
(1790953089.682572) can0 2A5#000007BF000007CA
(1790953089.682697) can0 2A6#FFFFF84700000253
(1790953089.682798) can0 2A7#00005689FFFFF5D5
(1790953089.687127) can0 2A1#0100010000000000
(1790953089.687227) can0 2A2#0000D28B000008AE
(1790953089.687348) can0 2A3#0002DF2CFFFD59D8
(1790953089.687497) can0 2A4#00011C10FFFD63AE
(1790953089.687571) can0 2A5#000007BF000007CA
(1790953089.687700) can0 2A6#FFFFF84700000253
(1790953089.687822) can0 2A7#00005689FFFFF5D5
(1790953089.692100) can0 2A1#0100010000000000
(1790953089.692225) can0 2A2#0000D28B000008AE
(1790953089.692323) can0 2A3#0002DF2CFFFD59D8
(1790953089.692497) can0 2A4#00011C10FFFD63AE
(1790953089.692572) can0 2A5#000007BF000007CA
(1790953089.692697) can0 2A6#FFFFF84700000253
(1790953089.692823) can0 2A7#00005689FFFFF5D5
(1790953089.697101) can0 2A1#0100010000000000
(1790953089.697223) can0 2A2#0000D28B000008AE
(1790953089.697348) can0 2A3#0002DF2CFFFD59D8
(1790953089.697497) can0 2A4#00011C10FFFD63AE
(1790953089.697598) can0 2A5#000007BF000007CA
(1790953089.697722) can0 2A6#FFFFF84700000253
(1790953089.697822) can0 2A7#00005689FFFFF5D5
(1790953089.702101) can0 2A1#0100010000000000
(1790953089.702221) can0 2A2#0000D28B000008AE
(1790953089.702323) can0 2A3#0002DF2CFFFD59D8
(1790953089.702448) can0 2A4#00011C10FFFD63AE
(1790953089.702575) can0 2A5#000007BF000007CA
(1790953089.702698) can0 2A6#FFFFF84700000253
(1790953089.702822) can0 2A7#00005689FFFFF5D5
(1790953089.707102) can0 2A1#0100010000000000
(1790953089.707221) can0 2A2#0000D28B000008AE
(1790953089.707347) can0 2A3#0002DF2CFFFD59D8
(1790953089.707497) can0 2A4#00011C10FFFD63AE
(1790953089.707597) can0 2A5#000007BF000007CA
(1790953089.707699) can0 2A6#FFFFF84700000253
(1790953089.707820) can0 2A7#00005689FFFFF5D5
(1790953089.712103) can0 2A1#0100010000000000
(1790953089.712230) can0 2A2#0000D28B000008AE
(1790953089.712326) can0 2A3#0002DF2CFFFD59D8
(1790953089.712447) can0 2A4#00011C10FFFD63AE
(1790953089.712573) can0 2A5#000007BF000007CA
(1790953089.712698) can0 2A6#FFFFF84700000253
(1790953089.712823) can0 2A7#00005689FFFFF5D5
(1790953089.717139) can0 2A1#0100010000000000
(1790953089.717222) can0 2A2#0000D28B000008AE
(1790953089.717349) can0 2A3#0002DF2CFFFD59D8
(1790953089.717498) can0 2A4#00011C10FFFD63AE
(1790953089.717572) can0 2A5#000007BF000007CA
(1790953089.717698) can0 2A6#FFFFF84700000253
(1790953089.717824) can0 2A7#00005689FFFFF5D5
(1790953089.722101) can0 2A1#0100010000000000
(1790953089.722221) can0 2A2#0000D28B000008AE
(1790953089.722324) can0 2A3#0002DF2CFFFD59D8
(1790953089.722448) can0 2A4#00011C10FFFD63AE
(1790953089.722573) can0 2A5#000007BF000007CA
(1790953089.722699) can0 2A6#FFFFF84700000253
(1790953089.722821) can0 2A7#00005689FFFFF5D5
(1790953089.727110) can0 2A1#0100010000000000
(1790953089.727228) can0 2A2#0000D28B000008AE
(1790953089.727350) can0 2A3#0002DF2CFFFD59D8
(1790953089.727498) can0 2A4#00011C10FFFD63AE
(1790953089.727599) can0 2A5#000007BF000007CA
(1790953089.727723) can0 2A6#FFFFF84700000253
(1790953089.727823) can0 2A7#00005689FFFFF5D5
(1790953089.732101) can0 2A1#0100010000000000
(1790953089.732224) can0 2A2#0000D28B000008AE
(1790953089.732345) can0 2A3#0002DF2CFFFD59D8
(1790953089.732449) can0 2A4#00011C10FFFD63AE
(1790953089.732572) can0 2A5#000007BF000007CA
(1790953089.732695) can0 2A6#FFFFF84700000253
(1790953089.732824) can0 2A7#00005689FFFFF5D5
(1790953089.737106) can0 2A1#0100010000000000
(1790953089.737224) can0 2A2#0000D28B000008AE
(1790953089.737347) can0 2A3#0002DF2CFFFD59D8
(1790953089.737497) can0 2A4#00011C10FFFD63AE
(1790953089.737597) can0 2A5#000007BF000007CA
(1790953089.737697) can0 2A6#FFFFF84700000253
(1790953089.737822) can0 2A7#00005689FFFFF5D5
(1790953089.742101) can0 2A1#0100010000000000
(1790953089.742220) can0 2A2#0000D28B000008AE
(1790953089.742322) can0 2A3#0002DF2CFFFD59D8
(1790953089.742446) can0 2A4#00011C10FFFD63AE
(1790953089.742572) can0 2A5#000007BF000007CA
(1790953089.742697) can0 2A6#FFFFF84700000253
(1790953089.742822) can0 2A7#00005689FFFFF5D5
(1790953089.747099) can0 2A1#0100010000000000
(1790953089.747221) can0 2A2#0000D28B000008AE
(1790953089.747347) can0 2A3#0002DF2CFFFD59D8
(1790953089.747497) can0 2A4#00011C10FFFD63AE
(1790953089.747595) can0 2A5#000007BF000007CA
(1790953089.747697) can0 2A6#FFFFF84700000253
(1790953089.747822) can0 2A7#00005689FFFFF5D5
(1790953089.752108) can0 2A1#0100010000000000
(1790953089.752220) can0 2A2#0000D28B000008AE
(1790953089.752348) can0 2A3#0002DF2CFFFD59D8
(1790953089.752447) can0 2A4#00011C10FFFD63AE
(1790953089.752572) can0 2A5#000007BF000007CA
(1790953089.752697) can0 2A6#FFFFF84700000253
(1790953089.752822) can0 2A7#00005689FFFFF5D5
(1790953089.757129) can0 2A1#0100010000000000
(1790953089.757224) can0 2A2#0000D28B000008AE
(1790953089.757348) can0 2A3#0002DF2CFFFD59D8
(1790953089.757498) can0 2A4#00011C10FFFD63AE
(1790953089.757575) can0 2A5#000007BF000007CA
(1790953089.757698) can0 2A6#FFFFF84700000253
(1790953089.757822) can0 2A7#00005689FFFFF5D5
(1790953089.762101) can0 2A1#0100010000000000
(1790953089.762220) can0 2A2#0000D28B000008AE
(1790953089.762347) can0 2A3#0002DF2CFFFD59D8
(1790953089.762448) can0 2A4#00011C10FFFD63AE
(1790953089.762571) can0 2A5#000007BF000007CA
(1790953089.762697) can0 2A6#FFFFF84700000253
(1790953089.762822) can0 2A7#00005689FFFFF5D5
(1790953089.767099) can0 2A1#0100010000000000
(1790953089.767220) can0 2A2#0000D28B000008AE
(1790953089.767347) can0 2A3#0002DF2CFFFD59D8
(1790953089.767496) can0 2A4#00011C10FFFD63AE
(1790953089.767596) can0 2A5#000007BF000007CA
(1790953089.767697) can0 2A6#FFFFF84700000253
(1790953089.767822) can0 2A7#00005689FFFFF5D5
(1790953089.772100) can0 2A1#0100010000000000
(1790953089.772220) can0 2A2#0000D28B000008AE
(1790953089.772347) can0 2A3#0002DF2CFFFD59D8
(1790953089.772447) can0 2A4#00011C10FFFD63AE
(1790953089.772571) can0 2A5#000007BF000007CA
(1790953089.772697) can0 2A6#FFFFF84700000253
(1790953089.772822) can0 2A7#00005689FFFFF5D5
(1790953089.777128) can0 2A1#0100010000000000
(1790953089.777224) can0 2A2#0000D28B000008AE
(1790953089.777347) can0 2A3#0002DF2CFFFD59D8
(1790953089.777496) can0 2A4#00011C10FFFD63AE
(1790953089.777571) can0 2A5#000007BF000007CA
(1790953089.777697) can0 2A6#FFFFF84700000253
(1790953089.777821) can0 2A7#00005689FFFFF5D5
(1790953089.782099) can0 2A1#0100010000000000
(1790953089.782220) can0 2A2#0000D28B000008AE
(1790953089.782356) can0 2A3#0002DF2CFFFD59D8
(1790953089.782446) can0 2A4#00011C10FFFD63AE
(1790953089.782572) can0 2A5#000007BF000007CA
(1790953089.782697) can0 2A6#FFFFF84700000253
(1790953089.782820) can0 2A7#00005689FFFFF5D5
(1790953089.787101) can0 2A1#0100010000000000
(1790953089.787220) can0 2A2#0000D28B000008AE
(1790953089.787347) can0 2A3#0002DF2CFFFD59D8
(1790953089.787496) can0 2A4#00011C10FFFD63AE
(1790953089.787595) can0 2A5#000007BF000007CA
(1790953089.787697) can0 2A6#FFFFF84700000253
(1790953089.787822) can0 2A7#00005689FFFFF5D5
(1790953089.792100) can0 2A1#0100010000000000
(1790953089.792220) can0 2A2#0000D28B000008AE
(1790953089.792322) can0 2A3#0002DF2CFFFD59D8
(1790953089.792446) can0 2A4#00011C10FFFD63AE
(1790953089.792572) can0 2A5#000007BF000007CA
(1790953089.792696) can0 2A6#FFFFF84700000253
(1790953089.792821) can0 2A7#00005689FFFFF5D5
(1790953089.797103) can0 2A1#0100010000000000
(1790953089.797224) can0 2A2#0000D28B000008AE
(1790953089.797347) can0 2A3#0002DF2CFFFD59D8
(1790953089.797496) can0 2A4#00011C10FFFD63AE
(1790953089.797597) can0 2A5#000007BF000007CA
(1790953089.797696) can0 2A6#FFFFF84700000253
(1790953089.797822) can0 2A7#00005689FFFFF5D5
(1790953089.802108) can0 2A1#0100010000000000
(1790953089.802220) can0 2A2#0000D28B000008AE
(1790953089.802322) can0 2A3#0002DF2CFFFD59D8
(1790953089.802447) can0 2A4#00011C10FFFD63AE
(1790953089.802572) can0 2A5#000007BF000007CA
(1790953089.802696) can0 2A6#FFFFF84700000253
(1790953089.802821) can0 2A7#00005689FFFFF5D5
(1790953089.807105) can0 2A1#0100010000000000
(1790953089.807220) can0 2A2#0000D28B000008AE
(1790953089.807346) can0 2A3#0002DF2CFFFD59D8
(1790953089.807499) can0 2A4#00011C10FFFD63AE
(1790953089.807597) can0 2A5#000007BF000007CA
(1790953089.807722) can0 2A6#FFFFF84700000253
(1790953089.807822) can0 2A7#00005689FFFFF5D5
(1790953089.812099) can0 2A1#0100010000000000
(1790953089.812220) can0 2A2#0000D28B000008AE
(1790953089.812322) can0 2A3#0002DF2CFFFD59D8
(1790953089.812447) can0 2A4#00011C10FFFD63AE
(1790953089.812570) can0 2A5#000007BF000007CA
(1790953089.812697) can0 2A6#FFFFF84700000253
(1790953089.812820) can0 2A7#00005689FFFFF5D5
(1790953089.817099) can0 2A1#0100010000000000
(1790953089.817222) can0 2A2#0000D28B000008AE
(1790953089.817346) can0 2A3#0002DF2CFFFD59D8
(1790953089.817496) can0 2A4#00011C10FFFD63AE
(1790953089.817597) can0 2A5#000007BF000007CA
(1790953089.817721) can0 2A6#FFFFF84700000253
(1790953089.817823) can0 2A7#00005689FFFFF5D5
(1790953089.822101) can0 2A1#0100010000000000
(1790953089.822222) can0 2A2#0000D28B000008AE
(1790953089.822322) can0 2A3#0002DF2CFFFD59D8
(1790953089.822447) can0 2A4#00011C10FFFD63AE
(1790953089.822572) can0 2A5#000007BF000007CA
(1790953089.822697) can0 2A6#FFFFF84700000253
(1790953089.822822) can0 2A7#00005689FFFFF5D5
(1790953089.827103) can0 2A1#0100010000000000
(1790953089.827228) can0 2A2#0000D28B000008AE
(1790953089.827346) can0 2A3#0002DF2CFFFD59D8
(1790953089.827495) can0 2A4#00011C10FFFD63AE
(1790953089.827595) can0 2A5#000007BF000007CA
(1790953089.827720) can0 2A6#FFFFF84700000253
(1790953089.827821) can0 2A7#00005689FFFFF5D5
(1790953089.832102) can0 2A1#0100010000000000
(1790953089.832221) can0 2A2#0000D28B000008AE
(1790953089.832320) can0 2A3#0002DF2CFFFD59D8
(1790953089.832496) can0 2A4#00011C10FFFD63AE
(1790953089.832596) can0 2A5#000007BF000007CA
(1790953089.832696) can0 2A6#FFFFF84700000253
(1790953089.832822) can0 2A7#00005689FFFFF5D5
(1790953089.837102) can0 2A1#0100010000000000
(1790953089.837221) can0 2A2#0000D28B000008AE
(1790953089.837346) can0 2A3#0002DF2CFFFD59D8
(1790953089.837495) can0 2A4#00011C10FFFD63AE
(1790953089.837597) can0 2A5#000007BF000007CA
(1790953089.837695) can0 2A6#FFFFF84700000253
(1790953089.837821) can0 2A7#00005689FFFFF5D5
(1790953089.842100) can0 2A1#0100010000000000
(1790953089.842220) can0 2A2#0000D28B000008AE
(1790953089.842345) can0 2A3#0002DF2CFFFD59D8
(1790953089.842445) can0 2A4#00011C10FFFD63AE
(1790953089.842570) can0 2A5#000007BF000007CA
(1790953089.842696) can0 2A6#FFFFF84700000253
(1790953089.842820) can0 2A7#00005689FFFFF5D5
(1790953089.847129) can0 2A1#0100010000000000
(1790953089.847246) can0 2A2#0000D28B000008AE
(1790953089.847371) can0 2A3#0002DF2CFFFD59D8
(1790953089.847498) can0 2A4#00011C10FFFD63AE
(1790953089.847595) can0 2A5#000007BF000007CA
(1790953089.847721) can0 2A6#FFFFF84700000253
(1790953089.847821) can0 2A7#00005689FFFFF5D5
(1790953089.852103) can0 2A1#0100010000000000
(1790953089.852224) can0 2A2#0000D28B000008AE
(1790953089.852345) can0 2A3#0002DF2CFFFD59D8
(1790953089.852446) can0 2A4#00011C10FFFD63AE
(1790953089.852570) can0 2A5#000007BF000007CA
(1790953089.852696) can0 2A6#FFFFF84700000253
(1790953089.852821) can0 2A7#00005689FFFFF5D5
(1790953089.857096) can0 2A1#0100010000000000
(1790953089.857221) can0 2A2#0000D28B000008AE
(1790953089.857345) can0 2A3#0002DF2CFFFD59D8
(1790953089.857495) can0 2A4#00011C10FFFD63AE
(1790953089.857605) can0 2A5#000007BF000007CA
(1790953089.857697) can0 2A6#FFFFF84700000253
(1790953089.857822) can0 2A7#00005689FFFFF5D5
(1790953089.862102) can0 2A1#0100010000000000
(1790953089.862220) can0 2A2#0000D28B000008AE
(1790953089.862346) can0 2A3#0002DF2CFFFD59D8
(1790953089.862447) can0 2A4#00011C10FFFD63AE
(1790953089.862572) can0 2A5#000007BF000007CA
(1790953089.862696) can0 2A6#FFFFF84700000253
(1790953089.862822) can0 2A7#00005689FFFFF5D5
(1790953089.867101) can0 2A1#0100010000000000
(1790953089.867220) can0 2A2#0000D28B000008AE
(1790953089.867346) can0 2A3#0002DF2CFFFD59D8
(1790953089.867496) can0 2A4#00011C10FFFD63AE
(1790953089.867597) can0 2A5#000007BF000007CA
(1790953089.867696) can0 2A6#FFFFF84700000253
(1790953089.867823) can0 2A7#00005689FFFFF5D5
(1790953089.872100) can0 2A1#0100010000000000
(1790953089.872220) can0 2A2#0000D28B000008AE
(1790953089.872346) can0 2A3#0002DF2CFFFD59D8
(1790953089.872445) can0 2A4#00011C10FFFD63AE
(1790953089.872570) can0 2A5#000007BF000007CA
(1790953089.872695) can0 2A6#FFFFF84700000253
(1790953089.872820) can0 2A7#00005689FFFFF5D5
(1790953089.877124) can0 2A1#0100010000000000
(1790953089.877219) can0 2A2#0000D28B000008AE
(1790953089.877347) can0 2A3#0002DF2CFFFD59D8
(1790953089.877496) can0 2A4#00011C10FFFD63AE
(1790953089.877571) can0 2A5#000007BF000007CA
(1790953089.877696) can0 2A6#FFFFF84700000253
(1790953089.877821) can0 2A7#00005689FFFFF5D5
(1790953089.882100) can0 2A1#0100010000000000
(1790953089.882220) can0 2A2#0000D28B000008AE
(1790953089.882346) can0 2A3#0002DF2CFFFD59D8
(1790953089.882448) can0 2A4#00011C10FFFD63AE
(1790953089.882571) can0 2A5#000007BF000007CA
(1790953089.882696) can0 2A6#FFFFF84700000253
(1790953089.882820) can0 2A7#00005689FFFFF5D5
(1790953089.887126) can0 2A1#0100010000000000
(1790953089.887246) can0 2A2#0000D28B000008AE
(1790953089.887346) can0 2A3#0002DF2CFFFD59D8
(1790953089.887496) can0 2A4#00011C10FFFD63AE
(1790953089.887570) can0 2A5#000007BF000007CA
(1790953089.887695) can0 2A6#FFFFF84700000253
(1790953089.887821) can0 2A7#00005689FFFFF5D5
(1790953089.892100) can0 2A1#0100010000000000
(1790953089.892219) can0 2A2#0000D28B000008AE
(1790953089.892347) can0 2A3#0002DF2CFFFD59D8
(1790953089.892445) can0 2A4#00011C10FFFD63AE
(1790953089.892572) can0 2A5#000007BF000007CA
(1790953089.892695) can0 2A6#FFFFF84700000253
(1790953089.892822) can0 2A7#00005689FFFFF5D5
(1790953089.897127) can0 2A1#0100010000000000
(1790953089.897224) can0 2A2#0000D28B000008AE
(1790953089.897347) can0 2A3#0002DF2CFFFD59D8
(1790953089.897496) can0 2A4#00011C10FFFD63AE
(1790953089.897570) can0 2A5#000007BF000007CA
(1790953089.897695) can0 2A6#FFFFF84700000253
(1790953089.897821) can0 2A7#00005689FFFFF5D5
(1790953089.902106) can0 2A1#0100010000000000
(1790953089.902222) can0 2A2#0000D28B000008AE
(1790953089.902321) can0 2A3#0002DF2CFFFD59D8
(1790953089.902445) can0 2A4#00011C10FFFD63AE
(1790953089.902572) can0 2A5#000007BF000007CA
(1790953089.902698) can0 2A6#FFFFF84700000253
(1790953089.902822) can0 2A7#00005689FFFFF5D5
(1790953089.907112) can0 2A1#0100010000000000
(1790953089.907220) can0 2A2#0000D28B000008AE
(1790953089.907347) can0 2A3#0002DF2CFFFD59D8
(1790953089.907497) can0 2A4#00011C10FFFD63AE
(1790953089.907602) can0 2A5#000007BF000007CA
(1790953089.907721) can0 2A6#FFFFF84700000253
(1790953089.907820) can0 2A7#00005689FFFFF5D5
(1790953089.912101) can0 2A1#0100010000000000
(1790953089.912220) can0 2A2#0000D28B000008AE
(1790953089.912322) can0 2A3#0002DF2CFFFD59D8
(1790953089.912446) can0 2A4#00011C10FFFD63AE
(1790953089.912571) can0 2A5#000007BF000007CA
(1790953089.912695) can0 2A6#FFFFF84700000253
(1790953089.912822) can0 2A7#00005689FFFFF5D5
(1790953089.917100) can0 2A1#0100010000000000
(1790953089.917220) can0 2A2#0000D28B000008AE
(1790953089.917345) can0 2A3#0002DF2CFFFD59D8
(1790953089.917496) can0 2A4#00011C10FFFD63AE
(1790953089.917596) can0 2A5#000007BF000007CA
(1790953089.917720) can0 2A6#FFFFF84700000253
(1790953089.917820) can0 2A7#00005689FFFFF5D5
(1790953089.922101) can0 2A1#0100010000000000
(1790953089.922219) can0 2A2#0000D28B000008AE
(1790953089.922322) can0 2A3#0002DF2CFFFD59D8
(1790953089.922446) can0 2A4#00011C10FFFD63AE
(1790953089.922572) can0 2A5#000007BF000007CA
(1790953089.922695) can0 2A6#FFFFF84700000253
(1790953089.922820) can0 2A7#00005689FFFFF5D5
(1790953089.927102) can0 2A1#0100010000000000
(1790953089.927220) can0 2A2#0000D28B000008AE
(1790953089.927347) can0 2A3#0002DF2CFFFD59D8
(1790953089.927496) can0 2A4#00011C10FFFD63AE
(1790953089.927570) can0 2A5#000007BF000007CA
(1790953089.927697) can0 2A6#FFFFF84700000253
(1790953089.927822) can0 2A7#00005689FFFFF5D5
(1790953089.932102) can0 2A1#0100010000000000
(1790953089.932223) can0 2A2#0000D28B000008AE
(1790953089.932324) can0 2A3#0002DF2CFFFD59D8
(1790953089.932448) can0 2A4#00011C10FFFD63AE
(1790953089.932570) can0 2A5#000007BF000007CA
(1790953089.932698) can0 2A6#FFFFF84700000253
(1790953089.932825) can0 2A7#00005689FFFFF5D5
(1790953089.937103) can0 2A1#0100010000000000
(1790953089.937221) can0 2A2#0000D28B000008AE
(1790953089.937349) can0 2A3#0002DF2CFFFD59D8
(1790953089.937498) can0 2A4#00011C10FFFD63AE
(1790953089.937596) can0 2A5#000007BF000007CA
(1790953089.937697) can0 2A6#FFFFF84700000253
(1790953089.937820) can0 2A7#00005689FFFFF5D5
(1790953089.942101) can0 2A1#0100010000000000
(1790953089.942223) can0 2A2#0000D28B000008AE
(1790953089.942323) can0 2A3#0002DF2CFFFD59D8
(1790953089.942497) can0 2A4#00011C10FFFD63AE
(1790953089.942598) can0 2A5#000007BF000007CA
(1790953089.942697) can0 2A6#FFFFF84700000253
(1790953089.942821) can0 2A7#00005689FFFFF5D5
(1790953089.947125) can0 2A1#0100010000000000
(1790953089.947223) can0 2A2#0000D28B000008AE
(1790953089.947349) can0 2A3#0002DF2CFFFD59D8
(1790953089.947498) can0 2A4#00011C10FFFD63AE
(1790953089.947598) can0 2A5#000007BF000007CA
(1790953089.947723) can0 2A6#FFFFF84700000253
(1790953089.947823) can0 2A7#00005689FFFFF5D5
(1790953089.952102) can0 2A1#0100010000000000
(1790953089.952225) can0 2A2#0000D28B000008AE
(1790953089.952324) can0 2A3#0002DF2CFFFD59D8
(1790953089.952448) can0 2A4#00011C10FFFD63AE
(1790953089.952572) can0 2A5#000007BF000007CA
(1790953089.952697) can0 2A6#FFFFF84700000253
(1790953089.952823) can0 2A7#00005689FFFFF5D5
(1790953089.957101) can0 2A1#0100010000000000
(1790953089.957221) can0 2A2#0000D28B000008AE
(1790953089.957348) can0 2A3#0002DF2CFFFD59D8
(1790953089.957497) can0 2A4#00011C10FFFD63AE
(1790953089.957597) can0 2A5#000007BF000007CA
(1790953089.957722) can0 2A6#FFFFF84700000253
(1790953089.957821) can0 2A7#00005689FFFFF5D5
(1790953089.962101) can0 2A1#0100010000000000
(1790953089.962221) can0 2A2#0000D28B000008AE
(1790953089.962348) can0 2A3#0002DF2CFFFD59D8
(1790953089.962447) can0 2A4#00011C10FFFD63AE
(1790953089.962572) can0 2A5#000007BF000007CA
(1790953089.962698) can0 2A6#FFFFF84700000253
(1790953089.962821) can0 2A7#00005689FFFFF5D5
(1790953089.967102) can0 2A1#0100010000000000
(1790953089.967221) can0 2A2#0000D28B000008AE
(1790953089.967347) can0 2A3#0002DF2CFFFD59D8
(1790953089.967497) can0 2A4#00011C10FFFD63AE
(1790953089.967595) can0 2A5#000007BF000007CA
(1790953089.967698) can0 2A6#FFFFF84700000253
(1790953089.967823) can0 2A7#00005689FFFFF5D5
(1790953089.972104) can0 2A1#0100010000000000
(1790953089.972221) can0 2A2#0000D28B000008AE
(1790953089.972323) can0 2A3#0002DF2CFFFD59D8
(1790953089.972448) can0 2A4#00011C10FFFD63AE
(1790953089.972573) can0 2A5#000007BF000007CA
(1790953089.972699) can0 2A6#FFFFF84700000253
(1790953089.972821) can0 2A7#00005689FFFFF5D5
(1790953089.977126) can0 2A1#0100010000000000
(1790953089.977245) can0 2A2#0000D28B000008AE
(1790953089.977348) can0 2A3#0002DF2CFFFD59D8
(1790953089.977498) can0 2A4#00011C10FFFD63AE
(1790953089.977571) can0 2A5#000007BF000007CA
(1790953089.977698) can0 2A6#FFFFF84700000253
(1790953089.977821) can0 2A7#00005689FFFFF5D5
(1790953089.982101) can0 2A1#0100010000000000
(1790953089.982221) can0 2A2#0000D28B000008AE
(1790953089.982323) can0 2A3#0002DF2CFFFD59D8
(1790953089.982447) can0 2A4#00011C10FFFD63AE
(1790953089.982572) can0 2A5#000007BF000007CA
(1790953089.982697) can0 2A6#FFFFF84700000253
(1790953089.982820) can0 2A7#00005689FFFFF5D5
(1790953089.987101) can0 2A1#0100010000000000
(1790953089.987220) can0 2A2#0000D28B000008AE
(1790953089.987348) can0 2A3#0002DF2CFFFD59D8
(1790953089.987496) can0 2A4#00011C10FFFD63AE
(1790953089.987597) can0 2A5#000007BF000007CA
(1790953089.987722) can0 2A6#FFFFF84700000253
(1790953089.987822) can0 2A7#00005689FFFFF5D5
(1790953089.992096) can0 2A1#0100010000000000
(1790953089.992220) can0 2A2#0000D28B000008AE
(1790953089.992348) can0 2A3#0002DF2CFFFD59D8
(1790953089.992447) can0 2A4#00011C10FFFD63AE
(1790953089.992572) can0 2A5#000007BF000007CA
(1790953089.992697) can0 2A6#FFFFF84700000253
(1790953089.992822) can0 2A7#00005689FFFFF5D5
(1790953089.997125) can0 2A1#0100010000000000
(1790953089.997223) can0 2A2#0000D28B000008AE
(1790953089.997345) can0 2A3#0002DF2CFFFD59D8
(1790953089.997445) can0 2A4#00011C10FFFD63AE
(1790953089.997595) can0 2A5#000007BF000007CA
(1790953089.997720) can0 2A6#FFFFF84700000253
(1790953089.997820) can0 2A7#00005689FFFFF5D5
(1790953090.002099) can0 2A1#0100010000000000
(1790953090.002220) can0 2A2#0000D28B000008AE
(1790953090.002322) can0 2A3#0002DF2CFFFD59D8
(1790953090.002447) can0 2A4#00011C10FFFD63AE
(1790953090.002571) can0 2A5#000007BF000007CA
(1790953090.002697) can0 2A6#FFFFF84700000253
(1790953090.002821) can0 2A7#00005689FFFFF5D5
(1790953090.007098) can0 2A1#0100010000000000
(1790953090.007222) can0 2A2#0000D28B000008AE
(1790953090.007348) can0 2A3#0002DF2CFFFD59D8
(1790953090.007498) can0 2A4#00011C10FFFD63AE
(1790953090.007597) can0 2A5#000007BF000007CA
(1790953090.007720) can0 2A6#FFFFF84700000253
(1790953090.007823) can0 2A7#00005689FFFFF5D5
(1790953090.012100) can0 2A1#0100010000000000
(1790953090.012221) can0 2A2#0000D28B000008AE
(1790953090.012322) can0 2A3#0002DF2CFFFD59D8
(1790953090.012448) can0 2A4#00011C10FFFD63AE
(1790953090.012573) can0 2A5#000007BF000007CA
(1790953090.012699) can0 2A6#FFFFF84700000253
(1790953090.012822) can0 2A7#00005689FFFFF5D5
(1790953090.017126) can0 2A1#0100010000000000
(1790953090.017221) can0 2A2#0000D28B000008AE
(1790953090.017348) can0 2A3#0002DF2CFFFD59D8
(1790953090.017498) can0 2A4#00011C10FFFD63AE
(1790953090.017597) can0 2A5#000007BF000007CA
(1790953090.017724) can0 2A6#FFFFF84700000253
(1790953090.017823) can0 2A7#00005689FFFFF5D5
(1790953090.022101) can0 2A1#0100010000000000
(1790953090.022221) can0 2A2#0000D28B000008AE
(1790953090.022348) can0 2A3#0002DF2CFFFD59D8
(1790953090.022497) can0 2A4#00011C10FFFD63AE
(1790953090.022597) can0 2A5#000007BF000007CA
(1790953090.022695) can0 2A6#FFFFF84700000253
(1790953090.022823) can0 2A7#00005689FFFFF5D5
(1790953090.027134) can0 2A1#0100010000000000
(1790953090.027225) can0 2A2#0000D28B000008AE
(1790953090.027346) can0 2A3#0002DF2CFFFD59D8
(1790953090.027508) can0 2A4#00011C10FFFD63AE
(1790953090.027596) can0 2A5#000007BF000007CA
(1790953090.027721) can0 2A6#FFFFF84700000253
(1790953090.027831) can0 2A7#00005689FFFFF5D5
(1790953090.032100) can0 2A1#0100010000000000
(1790953090.032221) can0 2A2#0000D28B000008AE
(1790953090.032350) can0 2A3#0002DF2CFFFD59D8
(1790953090.032448) can0 2A4#00011C10FFFD63AE
(1790953090.032573) can0 2A5#000007BF000007CA
(1790953090.032697) can0 2A6#FFFFF84700000253
(1790953090.032824) can0 2A7#00005689FFFFF5D5
(1790953090.037105) can0 2A1#0100010000000000
(1790953090.037221) can0 2A2#0000D28B000008AE
(1790953090.037347) can0 2A3#0002DF2CFFFD59D8
(1790953090.037498) can0 2A4#00011C10FFFD63AE
(1790953090.037595) can0 2A5#000007BF000007CA
(1790953090.037698) can0 2A6#FFFFF84700000253
(1790953090.037820) can0 2A7#00005689FFFFF5D5
(1790953090.042098) can0 2A1#0100010000000000
(1790953090.042221) can0 2A2#0000D28B000008AE
(1790953090.042322) can0 2A3#0002DF2CFFFD59D8
(1790953090.042448) can0 2A4#00011C10FFFD63AE
(1790953090.042571) can0 2A5#000007BF000007CA
(1790953090.042697) can0 2A6#FFFFF84700000253
(1790953090.042824) can0 2A7#00005689FFFFF5D5
(1790953090.047122) can0 2A1#0100010000000000
(1790953090.047225) can0 2A2#0000D28B000008AE
(1790953090.047347) can0 2A3#0002DF2CFFFD59D8
(1790953090.047497) can0 2A4#00011C10FFFD63AE
(1790953090.047597) can0 2A5#000007BF000007CA
(1790953090.047722) can0 2A6#FFFFF84700000253
(1790953090.047846) can0 2A7#00005689FFFFF5D5
(1790953090.052102) can0 2A1#0100010000000000
(1790953090.052226) can0 2A2#0000D28B000008AE
(1790953090.052323) can0 2A3#0002DF2CFFFD59D8
(1790953090.052448) can0 2A4#00011C10FFFD63AE
(1790953090.052570) can0 2A5#000007BF000007CA
(1790953090.052698) can0 2A6#FFFFF84700000253
(1790953090.052821) can0 2A7#00005689FFFFF5D5
(1790953090.057125) can0 2A1#0100010000000000
(1790953090.057223) can0 2A2#0000D28B000008AE
(1790953090.057348) can0 2A3#0002DF2CFFFD59D8
(1790953090.057495) can0 2A4#00011C10FFFD63AE
(1790953090.057596) can0 2A5#000007BF000007CA
(1790953090.057721) can0 2A6#FFFFF84700000253
(1790953090.057821) can0 2A7#00005689FFFFF5D5
(1790953090.062105) can0 2A1#0100010000000000
(1790953090.062222) can0 2A2#0000D28B000008AE
(1790953090.062349) can0 2A3#0002DF2CFFFD59D8
(1790953090.062497) can0 2A4#00011C10FFFD63AE
(1790953090.062598) can0 2A5#000007BF000007CA
(1790953090.062698) can0 2A6#FFFFF84700000253
(1790953090.062822) can0 2A7#00005689FFFFF5D5
(1790953090.067135) can0 2A1#0100010000000000
(1790953090.067225) can0 2A2#0000D28B000008AE
(1790953090.067349) can0 2A3#0002DF2CFFFD59D8
(1790953090.067497) can0 2A4#00011C10FFFD63AE
(1790953090.067595) can0 2A5#000007BF000007CA
(1790953090.067698) can0 2A6#FFFFF84700000253
(1790953090.067823) can0 2A7#00005689FFFFF5D5
(1790953090.072101) can0 2A1#0100010000000000
(1790953090.072220) can0 2A2#0000D28B000008AE
(1790953090.072348) can0 2A3#0002DF2CFFFD59D8
(1790953090.072448) can0 2A4#00011C10FFFD63AE
(1790953090.072572) can0 2A5#000007BF000007CA
(1790953090.072698) can0 2A6#FFFFF84700000253
(1790953090.072842) can0 2A7#00005689FFFFF5D5
(1790953090.077128) can0 2A1#0100010000000000
(1790953090.077221) can0 2A2#0000D28B000008AE
(1790953090.077348) can0 2A3#0002DF2CFFFD59D8
(1790953090.077497) can0 2A4#00011C10FFFD63AE
(1790953090.077572) can0 2A5#000007BF000007CA
(1790953090.077698) can0 2A6#FFFFF84700000253
(1790953090.077842) can0 2A7#00005689FFFFF5D5
(1790953090.082104) can0 2A1#0100010000000000
(1790953090.082223) can0 2A2#0000D28B000008AE
(1790953090.082323) can0 2A3#0002DF2CFFFD59D8
(1790953090.082497) can0 2A4#00011C10FFFD63AE
(1790953090.082595) can0 2A5#000007BF000007CA
(1790953090.082697) can0 2A6#FFFFF84700000253
(1790953090.082824) can0 2A7#00005689FFFFF5D5
(1790953090.087128) can0 2A1#0100010000000000
(1790953090.087222) can0 2A2#0000D28B000008AE
(1790953090.087348) can0 2A3#0002DF2CFFFD59D8
(1790953090.087498) can0 2A4#00011C10FFFD63AE
(1790953090.087596) can0 2A5#000007BF000007CA
(1790953090.087723) can0 2A6#FFFFF84700000253
(1790953090.087848) can0 2A7#00005689FFFFF5D5
(1790953090.092104) can0 2A1#0100010000000000
(1790953090.092224) can0 2A2#0000D28B000008AE
(1790953090.092348) can0 2A3#0002DF2CFFFD59D8
(1790953090.092447) can0 2A4#00011C10FFFD63AE
(1790953090.092572) can0 2A5#000007BF000007CA
(1790953090.092698) can0 2A6#FFFFF84700000253
(1790953090.092821) can0 2A7#00005689FFFFF5D5
(1790953090.097138) can0 2A1#0100010000000000
(1790953090.097221) can0 2A2#0000D28B000008AE
(1790953090.097349) can0 2A3#0002DF2CFFFD59D8
(1790953090.097498) can0 2A4#00011C10FFFD63AE
(1790953090.097595) can0 2A5#000007BF000007CA
(1790953090.097699) can0 2A6#FFFFF84700000253
(1790953090.097848) can0 2A7#00005689FFFFF5D5
(1790953090.102102) can0 2A1#0100010000000000
(1790953090.102230) can0 2A2#0000D28B000008AE
(1790953090.102321) can0 2A3#0002DF2CFFFD59D8
(1790953090.102446) can0 2A4#00011C10FFFD63AE
(1790953090.102571) can0 2A5#000007BF000007CA
(1790953090.102696) can0 2A6#FFFFF84700000253
(1790953090.102821) can0 2A7#00005689FFFFF5D5
(1790953090.107126) can0 2A1#0100010000000000
(1790953090.107224) can0 2A2#0000D28B000008AE
(1790953090.107346) can0 2A3#0002DF2CFFFD59D8
(1790953090.107497) can0 2A4#00011C10FFFD63AE
(1790953090.107596) can0 2A5#000007BF000007CA
(1790953090.107721) can0 2A6#FFFFF84700000253
(1790953090.107821) can0 2A7#00005689FFFFF5D5
(1790953090.112100) can0 2A1#0100010000000000
(1790953090.112220) can0 2A2#0000D28B000008AE
(1790953090.112346) can0 2A3#0002DF2CFFFD59D8
(1790953090.112446) can0 2A4#00011C10FFFD63AE
(1790953090.112572) can0 2A5#000007BF000007CA
(1790953090.112697) can0 2A6#FFFFF84700000253
(1790953090.112821) can0 2A7#00005689FFFFF5D5
(1790953090.117126) can0 2A1#0100010000000000
(1790953090.117222) can0 2A2#0000D28B000008AE
(1790953090.117346) can0 2A3#0002DF2CFFFD59D8
(1790953090.117495) can0 2A4#00011C10FFFD63AE
(1790953090.117577) can0 2A5#000007BF000007CA
(1790953090.117695) can0 2A6#FFFFF84700000253
(1790953090.117845) can0 2A7#00005689FFFFF5D5
(1790953090.122103) can0 2A1#0100010000000000
(1790953090.122221) can0 2A2#0000D28B000008AE
(1790953090.122321) can0 2A3#0002DF2CFFFD59D8
(1790953090.122445) can0 2A4#00011C10FFFD63AE
(1790953090.122570) can0 2A5#000007BF000007CA
(1790953090.122695) can0 2A6#FFFFF84700000253
(1790953090.122821) can0 2A7#00005689FFFFF5D5
(1790953090.127102) can0 2A1#0100010000000000
(1790953090.127221) can0 2A2#0000D28B000008AE
(1790953090.127345) can0 2A3#0002DF2CFFFD59D8
(1790953090.127495) can0 2A4#00011C10FFFD63AE
(1790953090.127596) can0 2A5#000007BF000007CA
(1790953090.127720) can0 2A6#FFFFF84700000253
(1790953090.127821) can0 2A7#00005689FFFFF5D5
(1790953090.132101) can0 2A1#0100010000000000
(1790953090.132220) can0 2A2#0000D28B000008AE
(1790953090.132345) can0 2A3#0002DF2CFFFD59D8
(1790953090.132445) can0 2A4#00011C10FFFD63AE
(1790953090.132576) can0 2A5#000007BF000007CA
(1790953090.132695) can0 2A6#FFFFF84700000253
(1790953090.132795) can0 2A7#00005689FFFFF5D5
(1790953090.137122) can0 2A1#0100010000000000
(1790953090.137222) can0 2A2#0000D28B000008AE
(1790953090.137345) can0 2A3#0002DF2CFFFD59D8
(1790953090.137495) can0 2A4#00011C10FFFD63AE
(1790953090.137572) can0 2A5#000007BF000007CA
(1790953090.137699) can0 2A6#FFFFF84700000253
(1790953090.137822) can0 2A7#00005689FFFFF5D5
(1790953090.142101) can0 2A1#0100010000000000
(1790953090.142226) can0 2A2#0000D28B000008AE
(1790953090.142346) can0 2A3#0002DF2CFFFD59D8
(1790953090.142445) can0 2A4#00011C10FFFD63AE
(1790953090.142570) can0 2A5#000007BF000007CA
(1790953090.142695) can0 2A6#FFFFF84700000253
(1790953090.142820) can0 2A7#00005689FFFFF5D5
(1790953090.147128) can0 2A1#0100010000000000
(1790953090.147223) can0 2A2#0000D28B000008AE
(1790953090.147345) can0 2A3#0002DF2CFFFD59D8
(1790953090.147495) can0 2A4#00011C10FFFD63AE
(1790953090.147570) can0 2A5#000007BF000007CA
(1790953090.147695) can0 2A6#FFFFF84700000253
(1790953090.147823) can0 2A7#00005689FFFFF5D5
(1790953090.152104) can0 2A1#0100010000000000
(1790953090.152221) can0 2A2#0000D28B000008AE
(1790953090.152321) can0 2A3#0002DF2CFFFD59D8
(1790953090.152445) can0 2A4#00011C10FFFD63AE
(1790953090.152571) can0 2A5#000007BF000007CA
(1790953090.152696) can0 2A6#FFFFF84700000253
(1790953090.152821) can0 2A7#00005689FFFFF5D5
(1790953090.157103) can0 2A1#0100010000000000
(1790953090.157221) can0 2A2#0000D28B000008AE
(1790953090.157346) can0 2A3#0002DF2CFFFD59D8
(1790953090.157496) can0 2A4#00011C10FFFD63AE
(1790953090.157596) can0 2A5#000007BF000007CA
(1790953090.157698) can0 2A6#FFFFF84700000253
(1790953090.157823) can0 2A7#00005689FFFFF5D5
(1790953090.162105) can0 2A1#0100010000000000
(1790953090.162220) can0 2A2#0000D28B000008AE
(1790953090.162346) can0 2A3#0002DF2CFFFD59D8
(1790953090.162445) can0 2A4#00011C10FFFD63AE
(1790953090.162570) can0 2A5#000007BF000007CA
(1790953090.162696) can0 2A6#FFFFF84700000253
(1790953090.162820) can0 2A7#00005689FFFFF5D5
(1790953090.167125) can0 2A1#0100010000000000
(1790953090.167223) can0 2A2#0000D28B000008AE
(1790953090.167346) can0 2A3#0002DF2CFFFD59D8
(1790953090.167445) can0 2A4#00011C10FFFD63AE
(1790953090.167595) can0 2A5#000007BF000007CA
(1790953090.167721) can0 2A6#FFFFF84700000253
(1790953090.167821) can0 2A7#00005689FFFFF5D5
(1790953090.172103) can0 2A1#0100010000000000
(1790953090.172220) can0 2A2#0000D28B000008AE
(1790953090.172346) can0 2A3#0002DF2CFFFD59D8
(1790953090.172446) can0 2A4#00011C10FFFD63AE
(1790953090.172570) can0 2A5#000007BF000007CA
(1790953090.172696) can0 2A6#FFFFF84700000253
(1790953090.172821) can0 2A7#00005689FFFFF5D5
(1790953090.177127) can0 2A1#0100010000000000
(1790953090.177220) can0 2A2#0000D28B000008AE
(1790953090.177346) can0 2A3#0002DF2CFFFD59D8
(1790953090.177495) can0 2A4#00011C10FFFD63AE
(1790953090.177570) can0 2A5#000007BF000007CA
(1790953090.177695) can0 2A6#FFFFF84700000253
(1790953090.177820) can0 2A7#00005689FFFFF5D5
(1790953090.182100) can0 2A1#0100010000000000
(1790953090.182222) can0 2A2#0000D28B000008AE
(1790953090.182320) can0 2A3#0002DF2CFFFD59D8
(1790953090.182497) can0 2A4#00011C10FFFD63AE
(1790953090.182596) can0 2A5#000007BF000007CA
(1790953090.182697) can0 2A6#FFFFF84700000253
(1790953090.182823) can0 2A7#00005689FFFFF5D5
(1790953090.187130) can0 2A1#0100010000000000
(1790953090.187224) can0 2A2#0000D28B000008AE
(1790953090.187345) can0 2A3#0002DF2CFFFD59D8
(1790953090.187495) can0 2A4#00011C10FFFD63AE
(1790953090.187596) can0 2A5#000007BF000007CA
(1790953090.187721) can0 2A6#FFFFF84700000253
(1790953090.187821) can0 2A7#00005689FFFFF5D5
(1790953090.192099) can0 2A1#0100010000000000
(1790953090.192220) can0 2A2#0000D28B000008AE
(1790953090.192345) can0 2A3#0002DF2CFFFD59D8
(1790953090.192446) can0 2A4#00011C10FFFD63AE
(1790953090.192576) can0 2A5#000007BF000007CA
(1790953090.192696) can0 2A6#FFFFF84700000253
(1790953090.192820) can0 2A7#00005689FFFFF5D5
(1790953090.197128) can0 2A1#0100010000000000
(1790953090.197223) can0 2A2#0000D28B000008AE
(1790953090.197345) can0 2A3#0002DF2CFFFD59D8
(1790953090.197495) can0 2A4#00011C10FFFD63AE
(1790953090.197595) can0 2A5#000007BF000007CA
(1790953090.197720) can0 2A6#FFFFF84700000253
(1790953090.197846) can0 2A7#00005689FFFFF5D5
