(1790953864.883771) can0 2A1#0100010000000000
(1790953864.883845) can0 2A2#0000D54B000013A5
(1790953864.883966) can0 2A3#0002EB29FFFD410D
(1790953864.884091) can0 2A4#0001245BFFFD551E
(1790953864.884217) can0 2A5#0000133A000007CA
(1790953864.884341) can0 2A6#FFFFF84700000253
(1790953864.884466) can0 2A7#00004EADFFFFFD8E
(1790953864.888753) can0 2A1#0100010000000000
(1790953864.888848) can0 2A2#0000D54B000013A5
(1790953864.888967) can0 2A3#0002EB29FFFD410D
(1790953864.889069) can0 2A4#0001245BFFFD551E
(1790953864.889197) can0 2A5#0000133A000007CA
(1790953864.889319) can0 2A6#FFFFF84700000253
(1790953864.889444) can0 2A7#00004EADFFFFFD8E
(1790953864.893768) can0 2A1#0100010000000000
(1790953864.893841) can0 2A2#0000D54B000013A5
(1790953864.893968) can0 2A3#0002EB29FFFD410D
(1790953864.894095) can0 2A4#0001245BFFFD551E
(1790953864.894217) can0 2A5#0000133A000007CA
(1790953864.894316) can0 2A6#FFFFF84700000253
(1790953864.894445) can0 2A7#00004EADFFFFFD8E
(1790953864.898767) can0 2A1#0100010000000000
(1790953864.898843) can0 2A2#0000D54B000013A5
(1790953864.898943) can0 2A3#0002EB29FFFD410D
(1790953864.899066) can0 2A4#0001245BFFFD551E
(1790953864.899191) can0 2A5#0000133A000007CA
(1790953864.899316) can0 2A6#FFFFF84700000253
(1790953864.899441) can0 2A7#00004EADFFFFFD8E
(1790953864.903745) can0 2A1#0100010000000000
(1790953864.903849) can0 2A2#0000D54B000013A5
(1790953864.903966) can0 2A3#0002EB29FFFD410D
(1790953864.904090) can0 2A4#0001245BFFFD551E
(1790953864.904215) can0 2A5#0000133A000007CA
(1790953864.904341) can0 2A6#FFFFF84700000253
(1790953864.904441) can0 2A7#00004EADFFFFFD8E
(1790953864.908749) can0 2A1#0100010000000000
(1790953864.908842) can0 2A2#0000D54B000013A5
(1790953864.908970) can0 2A3#0002EB29FFFD410D
(1790953864.909068) can0 2A4#0001245BFFFD551E
(1790953864.909194) can0 2A5#0000133A000007CA
(1790953864.909317) can0 2A6#FFFFF84700000253
(1790953864.909444) can0 2A7#00004EADFFFFFD8E
(1790953864.913751) can0 2A1#0100010000000000
(1790953864.913842) can0 2A2#0000D54B000013A5
(1790953864.913969) can0 2A3#0002EB29FFFD410D
(1790953864.914091) can0 2A4#0001245BFFFD551E
(1790953864.914193) can0 2A5#0000133A000007CA
(1790953864.914344) can0 2A6#FFFFF84700000253
(1790953864.914441) can0 2A7#00004EADFFFFFD8E
(1790953864.918750) can0 2A1#0100010000000000
(1790953864.918840) can0 2A2#0000D54B000013A5
(1790953864.918966) can0 2A3#0002EB29FFFD410D
(1790953864.919068) can0 2A4#0001245BFFFD551E
(1790953864.919191) can0 2A5#0000133A000007CA
(1790953864.919316) can0 2A6#FFFFF84700000253
(1790953864.919441) can0 2A7#00004EADFFFFFD8E
(1790953864.923743) can0 2A1#0100010000000000
(1790953864.923844) can0 2A2#0000D54B000013A5
(1790953864.923969) can0 2A3#0002EB29FFFD410D
(1790953864.924092) can0 2A4#0001245BFFFD551E
(1790953864.924217) can0 2A5#0000133A000007CA
(1790953864.924318) can0 2A6#FFFFF84700000253
(1790953864.924468) can0 2A7#00004EADFFFFFD8E
(1790953864.928746) can0 2A1#0100010000000000
(1790953864.928845) can0 2A2#0000D54B000013A5
(1790953864.928967) can0 2A3#0002EB29FFFD410D
(1790953864.929067) can0 2A4#0001245BFFFD551E
(1790953864.929192) can0 2A5#0000133A000007CA
(1790953864.929317) can0 2A6#FFFFF84700000253
(1790953864.929440) can0 2A7#00004EADFFFFFD8E
(1790953864.933750) can0 2A1#0100010000000000
(1790953864.933840) can0 2A2#0000D54B000013A5
(1790953864.933968) can0 2A3#0002EB29FFFD410D
(1790953864.934092) can0 2A4#0001245BFFFD551E
(1790953864.934216) can0 2A5#0000133A000007CA
(1790953864.934342) can0 2A6#FFFFF84700000253
(1790953864.934467) can0 2A7#00004EADFFFFFD8E
(1790953864.938747) can0 2A1#0100010000000000
(1790953864.938843) can0 2A2#0000D54B000013A5
(1790953864.938966) can0 2A3#0002EB29FFFD410D
(1790953864.939092) can0 2A4#0001245BFFFD551E
(1790953864.939192) can0 2A5#0000133A000007CA
(1790953864.939317) can0 2A6#FFFFF84700000253
(1790953864.939444) can0 2A7#00004EADFFFFFD8E
(1790953864.943744) can0 2A1#0100010000000000
(1790953864.943869) can0 2A2#0000D54B000013A5
(1790953864.943994) can0 2A3#0002EB29FFFD410D
(1790953864.944093) can0 2A4#0001245BFFFD551E
(1790953864.944218) can0 2A5#0000133A000007CA
(1790953864.944344) can0 2A6#FFFFF84700000253
(1790953864.944469) can0 2A7#00004EADFFFFFD8E
(1790953864.948746) can0 2A1#0100010000000000
(1790953864.948846) can0 2A2#0000D54B000013A5
(1790953864.948943) can0 2A3#0002EB29FFFD410D
(1790953864.949068) can0 2A4#0001245BFFFD551E
(1790953864.949217) can0 2A5#0000133A000007CA
(1790953864.949316) can0 2A6#FFFFF84700000253
(1790953864.949443) can0 2A7#00004EADFFFFFD8E
(1790953864.953758) can0 2A1#0100010000000000
(1790953864.953842) can0 2A2#0000D54B000013A5
(1790953864.953967) can0 2A3#0002EB29FFFD410D
(1790953864.954091) can0 2A4#0001245BFFFD551E
(1790953864.954218) can0 2A5#0000133A000007CA
(1790953864.954342) can0 2A6#FFFFF84700000253
(1790953864.954441) can0 2A7#00004EADFFFFFD8E
(1790953864.958753) can0 2A1#0100010000000000
(1790953864.958841) can0 2A2#0000D54B000013A5
(1790953864.958970) can0 2A3#0002EB29FFFD410D
(1790953864.959066) can0 2A4#0001245BFFFD551E
(1790953864.959194) can0 2A5#0000133A000007CA
(1790953864.959317) can0 2A6#FFFFF84700000253
(1790953864.959441) can0 2A7#00004EADFFFFFD8E
(1790953864.963755) can0 2A1#0100010000000000
(1790953864.963841) can0 2A2#0000D54B000013A5
(1790953864.963967) can0 2A3#0002EB29FFFD410D
(1790953864.964092) can0 2A4#0001245BFFFD551E
(1790953864.964192) can0 2A5#0000133A000007CA
(1790953864.964344) can0 2A6#FFFFF84700000253
(1790953864.964441) can0 2A7#00004EADFFFFFD8E
(1790953864.968751) can0 2A1#0100010000000000
(1790953864.968840) can0 2A2#0000D54B000013A5
(1790953864.968942) can0 2A3#0002EB29FFFD410D
(1790953864.969093) can0 2A4#0001245BFFFD551E
(1790953864.969191) can0 2A5#0000133A000007CA
(1790953864.969319) can0 2A6#FFFFF84700000253
(1790953864.969442) can0 2A7#00004EADFFFFFD8E
(1790953864.973769) can0 2A1#0100010000000000
(1790953864.973842) can0 2A2#0000D54B000013A5
(1790953864.973967) can0 2A3#0002EB29FFFD410D
(1790953864.974092) can0 2A4#0001245BFFFD551E
(1790953864.974216) can0 2A5#0000133A000007CA
(1790953864.974344) can0 2A6#FFFFF84700000253
(1790953864.974494) can0 2A7#00004EADFFFFFD8E
(1790953864.978749) can0 2A1#0100010000000000
(1790953864.978841) can0 2A2#0000D54B000013A5
(1790953864.978967) can0 2A3#0002EB29FFFD410D
(1790953864.979092) can0 2A4#0001245BFFFD551E
(1790953864.979217) can0 2A5#0000133A000007CA
(1790953864.979317) can0 2A6#FFFFF84700000253
(1790953864.979442) can0 2A7#00004EADFFFFFD8E
(1790953864.983753) can0 2A1#0100010000000000
(1790953864.983840) can0 2A2#0000D54B000013A5
(1790953864.983969) can0 2A3#0002EB29FFFD410D
(1790953864.984091) can0 2A4#0001245BFFFD551E
(1790953864.984215) can0 2A5#0000133A000007CA
(1790953864.984340) can0 2A6#FFFFF84700000253
(1790953864.984467) can0 2A7#00004EADFFFFFD8E
(1790953864.988754) can0 2A1#0100010000000000
(1790953864.988841) can0 2A2#0000D54B000013A5
(1790953864.988968) can0 2A3#0002EB29FFFD410D
(1790953864.989068) can0 2A4#0001245BFFFD551E
(1790953864.989237) can0 2A5#0000133A000007CA
(1790953864.989318) can0 2A6#FFFFF84700000253
(1790953864.989443) can0 2A7#00004EADFFFFFD8E
(1790953864.993752) can0 2A1#0100010000000000
(1790953864.993843) can0 2A2#0000D54B000013A5
(1790953864.993970) can0 2A3#0002EB29FFFD410D
(1790953864.994092) can0 2A4#0001245BFFFD551E
(1790953864.994217) can0 2A5#0000133A000007CA
(1790953864.994342) can0 2A6#FFFFF84700000253
(1790953864.994443) can0 2A7#00004EADFFFFFD8E
(1790953864.998756) can0 2A1#0100010000000000
(1790953864.998841) can0 2A2#0000D54B000013A5
(1790953864.999172) can0 2A3#0002EB29FFFD410D
(1790953864.999174) can0 2A4#0001245BFFFD551E
(1790953864.999189) can0 2A5#0000133A000007CA
(1790953864.999317) can0 2A6#FFFFF84700000253
(1790953864.999442) can0 2A7#00004EADFFFFFD8E
(1790953865.003752) can0 2A1#0100010000000000
(1790953865.003840) can0 2A2#0000D54B000013A5
(1790953865.003967) can0 2A3#0002EB29FFFD410D
(1790953865.004092) can0 2A4#0001245BFFFD551E
(1790953865.004218) can0 2A5#0000133A000007CA
(1790953865.004343) can0 2A6#FFFFF84700000253
(1790953865.004441) can0 2A7#00004EADFFFFFD8E
(1790953865.008751) can0 2A1#0100010000000000
(1790953865.008840) can0 2A2#0000D54B000013A5
(1790953865.008968) can0 2A3#0002EB29FFFD410D
(1790953865.009067) can0 2A4#0001245BFFFD551E
(1790953865.009190) can0 2A5#0000133A000007CA
(1790953865.009317) can0 2A6#FFFFF84700000253
(1790953865.009442) can0 2A7#00004EADFFFFFD8E
(1790953865.013753) can0 2A1#0100010000000000
(1790953865.013841) can0 2A2#0000D54B000013A5
(1790953865.013968) can0 2A3#0002EB29FFFD410D
(1790953865.014092) can0 2A4#0001245BFFFD551E
(1790953865.014218) can0 2A5#0000133A000007CA
(1790953865.014318) can0 2A6#FFFFF84700000253
(1790953865.014465) can0 2A7#00004EADFFFFFD8E
(1790953865.018745) can0 2A1#0100010000000000
(1790953865.018843) can0 2A2#0000D54B000013A5
(1790953865.018969) can0 2A3#0002EB29FFFD410D
(1790953865.019065) can0 2A4#0001245BFFFD551E
(1790953865.019190) can0 2A5#0000133A000007CA
(1790953865.019316) can0 2A6#FFFFF84700000253
(1790953865.019442) can0 2A7#00004EADFFFFFD8E
(1790953865.023743) can0 2A1#0100010000000000
(1790953865.023876) can0 2A2#0000D54B000013A5
(1790953865.024199) can0 2A3#0002EB29FFFD410D
(1790953865.024202) can0 2A4#0001245BFFFD551E
(1790953865.024214) can0 2A5#0000133A000007CA
(1790953865.024343) can0 2A6#FFFFF84700000253
(1790953865.024467) can0 2A7#00004EADFFFFFD8E
(1790953865.028747) can0 2A1#0100010000000000
(1790953865.028841) can0 2A2#0000D54B000013A5
(1790953865.028967) can0 2A3#0002EB29FFFD410D
(1790953865.029066) can0 2A4#0001245BFFFD551E
(1790953865.029192) can0 2A5#0000133A000007CA
(1790953865.029316) can0 2A6#FFFFF84700000253
(1790953865.029440) can0 2A7#00004EADFFFFFD8E
(1790953865.033744) can0 2A1#0100010000000000
(1790953865.033865) can0 2A2#0000D54B000013A5
(1790953865.033965) can0 2A3#0002EB29FFFD410D
(1790953865.034090) can0 2A4#0001245BFFFD551E
(1790953865.034222) can0 2A5#0000133A000007CA
(1790953865.034341) can0 2A6#FFFFF84700000253
(1790953865.034441) can0 2A7#00004EADFFFFFD8E
(1790953865.038752) can0 2A1#0100010000000000
(1790953865.038850) can0 2A2#0000D54B000013A5
(1790953865.038967) can0 2A3#0002EB29FFFD410D
(1790953865.039094) can0 2A4#0001245BFFFD551E
(1790953865.039191) can0 2A5#0000133A000007CA
(1790953865.039317) can0 2A6#FFFFF84700000253
(1790953865.039441) can0 2A7#00004EADFFFFFD8E
(1790953865.043750) can0 2A1#0100010000000000
(1790953865.043843) can0 2A2#0000D54B000013A5
(1790953865.043968) can0 2A3#0002EB29FFFD410D
(1790953865.044092) can0 2A4#0001245BFFFD551E
(1790953865.044216) can0 2A5#0000133A000007CA
(1790953865.044341) can0 2A6#FFFFF84700000253
(1790953865.044467) can0 2A7#00004EADFFFFFD8E
(1790953865.048753) can0 2A1#0100010000000000
(1790953865.048847) can0 2A2#0000D54B000013A5
(1790953865.048969) can0 2A3#0002EB29FFFD410D
(1790953865.049093) can0 2A4#0001245BFFFD551E
(1790953865.049218) can0 2A5#0000133A000007CA
(1790953865.049341) can0 2A6#FFFFF84700000253
(1790953865.049442) can0 2A7#00004EADFFFFFD8E
(1790953865.053750) can0 2A1#0100010000000000
(1790953865.053847) can0 2A2#0000D54B000013A5
(1790953865.053969) can0 2A3#0002EB29FFFD410D
(1790953865.054094) can0 2A4#0001245BFFFD551E
(1790953865.054216) can0 2A5#0000133A000007CA
(1790953865.054343) can0 2A6#FFFFF84700000253
(1790953865.054466) can0 2A7#00004EADFFFFFD8E
(1790953865.058751) can0 2A1#0100010000000000
(1790953865.058848) can0 2A2#0000D54B000013A5
(1790953865.058969) can0 2A3#0002EB29FFFD410D
(1790953865.059066) can0 2A4#0001245BFFFD551E
(1790953865.059193) can0 2A5#0000133A000007CA
(1790953865.059319) can0 2A6#FFFFF84700000253
(1790953865.059444) can0 2A7#00004EADFFFFFD8E
(1790953865.063752) can0 2A1#0100010000000000
(1790953865.063842) can0 2A2#0000D54B000013A5
(1790953865.063969) can0 2A3#0002EB29FFFD410D
(1790953865.064091) can0 2A4#0001245BFFFD551E
(1790953865.064219) can0 2A5#0000133A000007CA
(1790953865.064344) can0 2A6#FFFFF84700000253
(1790953865.064469) can0 2A7#00004EADFFFFFD8E
(1790953865.068748) can0 2A1#0100010000000000
(1790953865.068843) can0 2A2#0000D54B000013A5
(1790953865.068970) can0 2A3#0002EB29FFFD410D
(1790953865.069094) can0 2A4#0001245BFFFD551E
(1790953865.069196) can0 2A5#0000133A000007CA
(1790953865.069318) can0 2A6#FFFFF84700000253
(1790953865.069444) can0 2A7#00004EADFFFFFD8E
(1790953865.073763) can0 2A1#0100010000000000
(1790953865.073871) can0 2A2#0000D54B000013A5
(1790953865.073967) can0 2A3#0002EB29FFFD410D
(1790953865.074091) can0 2A4#0001245BFFFD551E
(1790953865.074216) can0 2A5#0000133A000007CA
(1790953865.074316) can0 2A6#FFFFF84700000253
(1790953865.074441) can0 2A7#00004EADFFFFFD8E
(1790953865.078744) can0 2A1#0100010000000000
(1790953865.078843) can0 2A2#0000D54B000013A5
(1790953865.078943) can0 2A3#0002EB29FFFD410D
(1790953865.079067) can0 2A4#0001245BFFFD551E
(1790953865.079217) can0 2A5#0000133A000007CA
(1790953865.079317) can0 2A6#FFFFF84700000253
(1790953865.079443) can0 2A7#00004EADFFFFFD8E
(1790953865.083747) can0 2A1#0100010000000000
(1790953865.083845) can0 2A2#0000D54B000013A5
(1790953865.083969) can0 2A3#0002EB29FFFD410D
(1790953865.084092) can0 2A4#0001245BFFFD551E
(1790953865.084217) can0 2A5#0000133A000007CA
(1790953865.084342) can0 2A6#FFFFF84700000253
(1790953865.084466) can0 2A7#00004EADFFFFFD8E
(1790953865.088745) can0 2A1#0100010000000000
(1790953865.088840) can0 2A2#0000D54B000013A5
(1790953865.088967) can0 2A3#0002EB29FFFD410D
(1790953865.089093) can0 2A4#0001245BFFFD551E
(1790953865.089192) can0 2A5#0000133A000007CA
(1790953865.089317) can0 2A6#FFFFF84700000253
(1790953865.089443) can0 2A7#00004EADFFFFFD8E
(1790953865.093744) can0 2A1#0100010000000000
(1790953865.093868) can0 2A2#0000D54B000013A5
(1790953865.093969) can0 2A3#0002EB29FFFD410D
(1790953865.094093) can0 2A4#0001245BFFFD551E
(1790953865.094218) can0 2A5#0000133A000007CA
(1790953865.094343) can0 2A6#FFFFF84700000253
(1790953865.094443) can0 2A7#00004EADFFFFFD8E
(1790953865.098750) can0 2A1#0100010000000000
(1790953865.098841) can0 2A2#0000D54B000013A5
(1790953865.098969) can0 2A3#0002EB29FFFD410D
(1790953865.099068) can0 2A4#0001245BFFFD551E
(1790953865.099192) can0 2A5#0000133A000007CA
(1790953865.099317) can0 2A6#FFFFF84700000253
(1790953865.099442) can0 2A7#00004EADFFFFFD8E
(1790953865.103746) can0 2A1#0100010000000000
(1790953865.103842) can0 2A2#0000D54B000013A5
(1790953865.103969) can0 2A3#0002EB29FFFD410D
(1790953865.104093) can0 2A4#0001245BFFFD551E
(1790953865.104218) can0 2A5#0000133A000007CA
(1790953865.104343) can0 2A6#FFFFF84700000253
(1790953865.104468) can0 2A7#00004EADFFFFFD8E
(1790953865.108747) can0 2A1#0100010000000000
(1790953865.108841) can0 2A2#0000D54B000013A5
(1790953865.108943) can0 2A3#0002EB29FFFD410D
(1790953865.109069) can0 2A4#0001245BFFFD551E
(1790953865.109218) can0 2A5#0000133A000007CA
(1790953865.109316) can0 2A6#FFFFF84700000253
(1790953865.109443) can0 2A7#00004EADFFFFFD8E
(1790953865.113748) can0 2A1#0100010000000000
(1790953865.113841) can0 2A2#0000D54B000013A5
(1790953865.113967) can0 2A3#0002EB29FFFD410D
(1790953865.114093) can0 2A4#0001245BFFFD551E
(1790953865.114217) can0 2A5#0000133A000007CA
(1790953865.114343) can0 2A6#FFFFF84700000253
(1790953865.114469) can0 2A7#00004EADFFFFFD8E
(1790953865.118745) can0 2A1#0100010000000000
(1790953865.118847) can0 2A2#0000D54B000013A5
(1790953865.118968) can0 2A3#0002EB29FFFD410D
(1790953865.119090) can0 2A4#0001245BFFFD551E
(1790953865.119217) can0 2A5#0000133A000007CA
(1790953865.119318) can0 2A6#FFFFF84700000253
(1790953865.119443) can0 2A7#00004EADFFFFFD8E
(1790953865.123747) can0 2A1#0100010000000000
(1790953865.123842) can0 2A2#0000D54B000013A5
(1790953865.123969) can0 2A3#0002EB29FFFD410D
(1790953865.124093) can0 2A4#0001245BFFFD551E
(1790953865.124217) can0 2A5#0000133A000007CA
(1790953865.124341) can0 2A6#FFFFF84700000253
(1790953865.124443) can0 2A7#00004EADFFFFFD8E
(1790953865.128745) can0 2A1#0100010000000000
(1790953865.128843) can0 2A2#0000D54B000013A5
(1790953865.128941) can0 2A3#0002EB29FFFD410D
(1790953865.129090) can0 2A4#0001245BFFFD551E
(1790953865.129190) can0 2A5#0000133A000007CA
(1790953865.129315) can0 2A6#FFFFF84700000253
(1790953865.129441) can0 2A7#00004EADFFFFFD8E
(1790953865.133741) can0 2A1#0100010000000000
(1790953865.133842) can0 2A2#0000D54B000013A5
(1790953865.133967) can0 2A3#0002EB29FFFD410D
(1790953865.134091) can0 2A4#0001245BFFFD551E
(1790953865.134215) can0 2A5#0000133A000007CA
(1790953865.134344) can0 2A6#FFFFF84700000253
(1790953865.134466) can0 2A7#00004EADFFFFFD8E
(1790953865.138751) can0 2A1#0100010000000000
(1790953865.138840) can0 2A2#0000D54B000013A5
(1790953865.138967) can0 2A3#0002EB29FFFD410D
(1790953865.139093) can0 2A4#0001245BFFFD551E
(1790953865.139191) can0 2A5#0000133A000007CA
(1790953865.139316) can0 2A6#FFFFF84700000253
(1790953865.139441) can0 2A7#00004EADFFFFFD8E
(1790953865.143749) can0 2A1#0100010000000000
(1790953865.143872) can0 2A2#0000D54B000013A5
(1790953865.143967) can0 2A3#0002EB29FFFD410D
(1790953865.144095) can0 2A4#0001245BFFFD551E
(1790953865.144217) can0 2A5#0000133A000007CA
(1790953865.144341) can0 2A6#FFFFF84700000253
(1790953865.144441) can0 2A7#00004EADFFFFFD8E
(1790953865.148751) can0 2A1#0100010000000000
(1790953865.148842) can0 2A2#0000D54B000013A5
(1790953865.148967) can0 2A3#0002EB29FFFD410D
(1790953865.149066) can0 2A4#0001245BFFFD551E
(1790953865.149191) can0 2A5#0000133A000007CA
(1790953865.149317) can0 2A6#FFFFF84700000253
(1790953865.149440) can0 2A7#00004EADFFFFFD8E
(1790953865.153746) can0 2A1#0100010000000000
(1790953865.153844) can0 2A2#0000D54B000013A5
(1790953865.153967) can0 2A3#0002EB29FFFD410D
(1790953865.154092) can0 2A4#0001245BFFFD551E
(1790953865.154216) can0 2A5#0000133A000007CA
(1790953865.154342) can0 2A6#FFFFF84700000253
(1790953865.154465) can0 2A7#00004EADFFFFFD8E
(1790953865.158745) can0 2A1#0100010000000000
(1790953865.158841) can0 2A2#0000D54B000013A5
(1790953865.158968) can0 2A3#0002EB29FFFD410D
(1790953865.159092) can0 2A4#0001245BFFFD551E
(1790953865.159215) can0 2A5#0000133A000007CA
(1790953865.159316) can0 2A6#FFFFF84700000253
(1790953865.159442) can0 2A7#00004EADFFFFFD8E
(1790953865.163745) can0 2A1#0100010000000000
(1790953865.163844) can0 2A2#0000D54B000013A5
(1790953865.163967) can0 2A3#0002EB29FFFD410D
(1790953865.164091) can0 2A4#0001245BFFFD551E
(1790953865.164216) can0 2A5#0000133A000007CA
(1790953865.164344) can0 2A6#FFFFF84700000253
(1790953865.164469) can0 2A7#00004EADFFFFFD8E
(1790953865.168750) can0 2A1#0100010000000000
(1790953865.168841) can0 2A2#0000D54B000013A5
(1790953865.168968) can0 2A3#0002EB29FFFD410D
(1790953865.169093) can0 2A4#0001245BFFFD551E
(1790953865.169216) can0 2A5#0000133A000007CA
(1790953865.169315) can0 2A6#FFFFF84700000253
(1790953865.169441) can0 2A7#00004EADFFFFFD8E
(1790953865.173750) can0 2A1#0100010000000000
(1790953865.173840) can0 2A2#0000D54B000013A5
(1790953865.173970) can0 2A3#0002EB29FFFD410D
(1790953865.174091) can0 2A4#0001245BFFFD551E
(1790953865.174216) can0 2A5#0000133A000007CA
(1790953865.174341) can0 2A6#FFFFF84700000253
(1790953865.174466) can0 2A7#00004EADFFFFFD8E
(1790953865.178750) can0 2A1#0100010000000000
(1790953865.178842) can0 2A2#0000D54B000013A5
(1790953865.178969) can0 2A3#0002EB29FFFD410D
(1790953865.179066) can0 2A4#0001245BFFFD551E
(1790953865.179191) can0 2A5#0000133A000007CA
(1790953865.179316) can0 2A6#FFFFF84700000253
(1790953865.179444) can0 2A7#00004EADFFFFFD8E
(1790953865.183748) can0 2A1#0100010000000000
(1790953865.183846) can0 2A2#0000D54B000013A5
(1790953865.183967) can0 2A3#0002EB29FFFD410D
(1790953865.184091) can0 2A4#0001245BFFFD551E
(1790953865.184216) can0 2A5#0000133A000007CA
(1790953865.184341) can0 2A6#FFFFF84700000253
(1790953865.184466) can0 2A7#00004EADFFFFFD8E
(1790953865.188749) can0 2A1#0100010000000000
(1790953865.188847) can0 2A2#0000D54B000013A5
(1790953865.188966) can0 2A3#0002EB29FFFD410D
(1790953865.189094) can0 2A4#0001245BFFFD551E
(1790953865.189193) can0 2A5#0000133A000007CA
(1790953865.189316) can0 2A6#FFFFF84700000253
(1790953865.189445) can0 2A7#00004EADFFFFFD8E
(1790953865.193744) can0 2A1#0100010000000000
(1790953865.193867) can0 2A2#0000D54B000013A5
(1790953865.193966) can0 2A3#0002EB29FFFD410D
(1790953865.194095) can0 2A4#0001245BFFFD551E
(1790953865.194216) can0 2A5#0000133A000007CA
(1790953865.194341) can0 2A6#FFFFF84700000253
(1790953865.194466) can0 2A7#00004EADFFFFFD8E
(1790953865.198752) can0 2A1#0100010000000000
(1790953865.198847) can0 2A2#0000D54B000013A5
(1790953865.198966) can0 2A3#0002EB29FFFD410D
(1790953865.199092) can0 2A4#0001245BFFFD551E
(1790953865.199217) can0 2A5#0000133A000007CA
(1790953865.199317) can0 2A6#FFFFF84700000253
(1790953865.199440) can0 2A7#00004EADFFFFFD8E
(1790953865.203746) can0 2A1#0100010000000000
(1790953865.203845) can0 2A2#0000D54B000013A5
(1790953865.203965) can0 2A3#0002EB29FFFD410D
(1790953865.204092) can0 2A4#0001245BFFFD551E
(1790953865.204217) can0 2A5#0000133A000007CA
(1790953865.204342) can0 2A6#FFFFF84700000253
(1790953865.204467) can0 2A7#00004EADFFFFFD8E
(1790953865.208750) can0 2A1#0100010000000000
(1790953865.208842) can0 2A2#0000D54B000013A5
(1790953865.208968) can0 2A3#0002EB29FFFD410D
(1790953865.209094) can0 2A4#0001245BFFFD551E
(1790953865.209216) can0 2A5#0000133A000007CA
(1790953865.209343) can0 2A6#FFFFF84700000253
(1790953865.209443) can0 2A7#00004EADFFFFFD8E
(1790953865.213750) can0 2A1#0100010000000000
(1790953865.213866) can0 2A2#0000D54B000013A5
(1790953865.213968) can0 2A3#0002EB29FFFD410D
(1790953865.214093) can0 2A4#0001245BFFFD551E
(1790953865.214218) can0 2A5#0000133A000007CA
(1790953865.214316) can0 2A6#FFFFF84700000253
(1790953865.214441) can0 2A7#00004EADFFFFFD8E
(1790953865.218749) can0 2A1#0100010000000000
(1790953865.218842) can0 2A2#0000D54B000013A5
(1790953865.218968) can0 2A3#0002EB29FFFD410D
(1790953865.219066) can0 2A4#0001245BFFFD551E
(1790953865.219191) can0 2A5#0000133A000007CA
(1790953865.219319) can0 2A6#FFFFF84700000253
(1790953865.219443) can0 2A7#00004EADFFFFFD8E
(1790953865.223749) can0 2A1#0100010000000000
(1790953865.223841) can0 2A2#0000D54B000013A5
(1790953865.223967) can0 2A3#0002EB29FFFD410D
(1790953865.224094) can0 2A4#0001245BFFFD551E
(1790953865.224219) can0 2A5#0000133A000007CA
(1790953865.224342) can0 2A6#FFFFF84700000253
(1790953865.224466) can0 2A7#00004EADFFFFFD8E
(1790953865.228755) can0 2A1#0100010000000000
(1790953865.228846) can0 2A2#0000D54B000013A5
(1790953865.228967) can0 2A3#0002EB29FFFD410D
(1790953865.229067) can0 2A4#0001245BFFFD551E
(1790953865.229192) can0 2A5#0000133A000007CA
(1790953865.229317) can0 2A6#FFFFF84700000253
(1790953865.229442) can0 2A7#00004EADFFFFFD8E
(1790953865.233741) can0 2A1#0100010000000000
(1790953865.233841) can0 2A2#0000D54B000013A5
(1790953865.233967) can0 2A3#0002EB29FFFD410D
(1790953865.234093) can0 2A4#0001245BFFFD551E
(1790953865.234216) can0 2A5#0000133A000007CA
(1790953865.234343) can0 2A6#FFFFF84700000253
(1790953865.234441) can0 2A7#00004EADFFFFFD8E
(1790953865.238749) can0 2A1#0100010000000000
(1790953865.238847) can0 2A2#0000D54B000013A5
(1790953865.238969) can0 2A3#0002EB29FFFD410D
(1790953865.239067) can0 2A4#0001245BFFFD551E
(1790953865.239191) can0 2A5#0000133A000007CA
(1790953865.239316) can0 2A6#FFFFF84700000253
(1790953865.239444) can0 2A7#00004EADFFFFFD8E
(1790953865.243750) can0 2A1#0100010000000000
(1790953865.243841) can0 2A2#0000D54B000013A5
(1790953865.243966) can0 2A3#0002EB29FFFD410D
(1790953865.244091) can0 2A4#0001245BFFFD551E
(1790953865.244216) can0 2A5#0000133A000007CA
(1790953865.244344) can0 2A6#FFFFF84700000253
(1790953865.244466) can0 2A7#00004EADFFFFFD8E
(1790953865.248752) can0 2A1#0100010000000000
(1790953865.248848) can0 2A2#0000D54B000013A5
(1790953865.248969) can0 2A3#0002EB29FFFD410D
(1790953865.249091) can0 2A4#0001245BFFFD551E
(1790953865.249218) can0 2A5#0000133A000007CA
(1790953865.249316) can0 2A6#FFFFF84700000253
(1790953865.249444) can0 2A7#00004EADFFFFFD8E
(1790953865.253749) can0 2A1#0100010000000000
(1790953865.253865) can0 2A2#0000D54B000013A5
(1790953865.253995) can0 2A3#0002EB29FFFD410D
(1790953865.254091) can0 2A4#0001245BFFFD551E
(1790953865.254216) can0 2A5#0000133A000007CA
(1790953865.254344) can0 2A6#FFFFF84700000253
(1790953865.254469) can0 2A7#00004EADFFFFFD8E
(1790953865.258751) can0 2A1#0100010000000000
(1790953865.258843) can0 2A2#0000D54B000013A5
(1790953865.258968) can0 2A3#0002EB29FFFD410D
(1790953865.259091) can0 2A4#0001245BFFFD551E
(1790953865.259216) can0 2A5#0000133A000007CA
(1790953865.259316) can0 2A6#FFFFF84700000253
(1790953865.259442) can0 2A7#00004EADFFFFFD8E
(1790953865.263753) can0 2A1#0100010000000000
(1790953865.263849) can0 2A2#0000D54B000013A5
(1790953865.263969) can0 2A3#0002EB29FFFD410D
(1790953865.264091) can0 2A4#0001245BFFFD551E
(1790953865.264219) can0 2A5#0000133A000007CA
(1790953865.264343) can0 2A6#FFFFF84700000253
(1790953865.264469) can0 2A7#00004EADFFFFFD8E
(1790953865.268749) can0 2A1#0100010000000000
(1790953865.268847) can0 2A2#0000D54B000013A5
(1790953865.268969) can0 2A3#0002EB29FFFD410D
(1790953865.269091) can0 2A4#0001245BFFFD551E
(1790953865.269216) can0 2A5#0000133A000007CA
(1790953865.269341) can0 2A6#FFFFF84700000253
(1790953865.269441) can0 2A7#00004EADFFFFFD8E
(1790953865.273748) can0 2A1#0100010000000000
(1790953865.273876) can0 2A2#0000D54B000013A5
(1790953865.273968) can0 2A3#0002EB29FFFD410D
(1790953865.274091) can0 2A4#0001245BFFFD551E
(1790953865.274216) can0 2A5#0000133A000007CA
(1790953865.274341) can0 2A6#FFFFF84700000253
(1790953865.274466) can0 2A7#00004EADFFFFFD8E
(1790953865.278749) can0 2A1#0100010000000000
(1790953865.278842) can0 2A2#0000D54B000013A5
(1790953865.278967) can0 2A3#0002EB29FFFD410D
(1790953865.279067) can0 2A4#0001245BFFFD551E
(1790953865.279215) can0 2A5#0000133A000007CA
(1790953865.279315) can0 2A6#FFFFF84700000253
(1790953865.279442) can0 2A7#00004EADFFFFFD8E
(1790953865.283745) can0 2A1#0100010000000000
(1790953865.283846) can0 2A2#0000D54B000013A5
(1790953865.283969) can0 2A3#0002EB29FFFD410D
(1790953865.284091) can0 2A4#0001245BFFFD551E
(1790953865.284216) can0 2A5#0000133A000007CA
(1790953865.284341) can0 2A6#FFFFF84700000253
(1790953865.284466) can0 2A7#00004EADFFFFFD8E
(1790953865.288753) can0 2A1#0100010000000000
(1790953865.288841) can0 2A2#0000D54B000013A5
(1790953865.288966) can0 2A3#0002EB29FFFD410D
(1790953865.289066) can0 2A4#0001245BFFFD551E
(1790953865.289192) can0 2A5#0000133A000007CA
(1790953865.289316) can0 2A6#FFFFF84700000253
(1790953865.289444) can0 2A7#00004EADFFFFFD8E
(1790953865.293751) can0 2A1#0100010000000000
(1790953865.293870) can0 2A2#0000D54B000013A5
(1790953865.293968) can0 2A3#0002EB29FFFD410D
(1790953865.294095) can0 2A4#0001245BFFFD551E
(1790953865.294216) can0 2A5#0000133A000007CA
(1790953865.294341) can0 2A6#FFFFF84700000253
(1790953865.294466) can0 2A7#00004EADFFFFFD8E
(1790953865.298751) can0 2A1#0100010000000000
(1790953865.298849) can0 2A2#0000D54B000013A5
(1790953865.298968) can0 2A3#0002EB29FFFD410D
(1790953865.299066) can0 2A4#0001245BFFFD551E
(1790953865.299216) can0 2A5#0000133A000007CA
(1790953865.299344) can0 2A6#FFFFF84700000253
(1790953865.299442) can0 2A7#00004EADFFFFFD8E
(1790953865.303752) can0 2A1#0100010000000000
(1790953865.303867) can0 2A2#0000D54B000013A5
(1790953865.303966) can0 2A3#0002EB29FFFD410D
(1790953865.304091) can0 2A4#0001245BFFFD551E
(1790953865.304217) can0 2A5#0000133A000007CA
(1790953865.304316) can0 2A6#FFFFF84700000253
(1790953865.304443) can0 2A7#00004EADFFFFFD8E
(1790953865.308751) can0 2A1#0100010000000000
(1790953865.308841) can0 2A2#0000D54B000013A5
(1790953865.308969) can0 2A3#0002EB29FFFD410D
(1790953865.309066) can0 2A4#0001245BFFFD551E
(1790953865.309194) can0 2A5#0000133A000007CA
(1790953865.309344) can0 2A6#FFFFF84700000253
(1790953865.309442) can0 2A7#00004EADFFFFFD8E
(1790953865.313751) can0 2A1#0100010000000000
(1790953865.313842) can0 2A2#0000D54B000013A5
(1790953865.313968) can0 2A3#0002EB29FFFD410D
(1790953865.314094) can0 2A4#0001245BFFFD551E
(1790953865.314218) can0 2A5#0000133A000007CA
(1790953865.314344) can0 2A6#FFFFF84700000253
(1790953865.314466) can0 2A7#00004EADFFFFFD8E
(1790953865.318749) can0 2A1#0100010000000000
(1790953865.318849) can0 2A2#0000D54B000013A5
(1790953865.318969) can0 2A3#0002EB29FFFD410D
(1790953865.319066) can0 2A4#0001245BFFFD551E
(1790953865.319194) can0 2A5#0000133A000007CA
(1790953865.319317) can0 2A6#FFFFF84700000253
(1790953865.319443) can0 2A7#00004EADFFFFFD8E
(1790953865.323750) can0 2A1#0100010000000000
(1790953865.323841) can0 2A2#0000D54B000013A5
(1790953865.323966) can0 2A3#0002EB29FFFD410D
(1790953865.324094) can0 2A4#0001245BFFFD551E
(1790953865.324218) can0 2A5#0000133A000007CA
(1790953865.324341) can0 2A6#FFFFF84700000253
(1790953865.324466) can0 2A7#00004EADFFFFFD8E
(1790953865.328756) can0 2A1#0100010000000000
(1790953865.328850) can0 2A2#0000D54B000013A5
(1790953865.328969) can0 2A3#0002EB29FFFD410D
(1790953865.329091) can0 2A4#0001245BFFFD551E
(1790953865.329193) can0 2A5#0000133A000007CA
(1790953865.329319) can0 2A6#FFFFF84700000253
(1790953865.329443) can0 2A7#00004EADFFFFFD8E
(1790953865.333741) can0 2A1#0100010000000000
(1790953865.333841) can0 2A2#0000D54B000013A5
(1790953865.333966) can0 2A3#0002EB29FFFD410D
(1790953865.334091) can0 2A4#0001245BFFFD551E
(1790953865.334215) can0 2A5#0000133A000007CA
(1790953865.334341) can0 2A6#FFFFF84700000253
(1790953865.334466) can0 2A7#00004EADFFFFFD8E
(1790953865.338754) can0 2A1#0100010000000000
(1790953865.338839) can0 2A2#0000D54B000013A5
(1790953865.338965) can0 2A3#0002EB29FFFD410D
(1790953865.339089) can0 2A4#0001245BFFFD551E
(1790953865.339214) can0 2A5#0000133A000007CA
(1790953865.339340) can0 2A6#FFFFF84700000253
(1790953865.339439) can0 2A7#00004EADFFFFFD8E
(1790953865.343762) can0 2A1#0100010000000000
(1790953865.343868) can0 2A2#0000D54B000013A5
(1790953865.343970) can0 2A3#0002EB29FFFD410D
(1790953865.344093) can0 2A4#0001245BFFFD551E
(1790953865.344218) can0 2A5#0000133A000007CA
(1790953865.344342) can0 2A6#FFFFF84700000253
(1790953865.344468) can0 2A7#00004EADFFFFFD8E
(1790953865.348772) can0 2A1#0100010000000000
(1790953865.348842) can0 2A2#0000D54B000013A5
(1790953865.348969) can0 2A3#0002EB29FFFD410D
(1790953865.349067) can0 2A4#0001245BFFFD551E
(1790953865.349193) can0 2A5#0000133A000007CA
(1790953865.349346) can0 2A6#FFFFF84700000253
(1790953865.349443) can0 2A7#00004EADFFFFFD8E
(1790953865.353758) can0 2A1#0100010000000000
(1790953865.353842) can0 2A2#0000D54B000013A5
(1790953865.353967) can0 2A3#0002EB29FFFD410D
(1790953865.354095) can0 2A4#0001245BFFFD551E
(1790953865.354216) can0 2A5#0000133A000007CA
(1790953865.354343) can0 2A6#FFFFF84700000253
(1790953865.354468) can0 2A7#00004EADFFFFFD8E
(1790953865.358759) can0 2A1#0100010000000000
(1790953865.358841) can0 2A2#0000D54B000013A5
(1790953865.358966) can0 2A3#0002EB29FFFD410D
(1790953865.359066) can0 2A4#0001245BFFFD551E
(1790953865.359192) can0 2A5#0000133A000007CA
(1790953865.359322) can0 2A6#FFFFF84700000253
(1790953865.359445) can0 2A7#00004EADFFFFFD8E
(1790953865.363757) can0 2A1#0100010000000000
(1790953865.363842) can0 2A2#0000D54B000013A5
(1790953865.363968) can0 2A3#0002EB29FFFD410D
(1790953865.364091) can0 2A4#0001245BFFFD551E
(1790953865.364217) can0 2A5#0000133A000007CA
(1790953865.364343) can0 2A6#FFFFF84700000253
(1790953865.364469) can0 2A7#00004EADFFFFFD8E
(1790953865.368755) can0 2A1#0100010000000000
(1790953865.368848) can0 2A2#0000D54B000013A5
(1790953865.368970) can0 2A3#0002EB29FFFD410D
(1790953865.369067) can0 2A4#0001245BFFFD551E
(1790953865.369195) can0 2A5#0000133A000007CA
(1790953865.369320) can0 2A6#FFFFF84700000253
(1790953865.369445) can0 2A7#00004EADFFFFFD8E
(1790953865.373753) can0 2A1#0100010000000000
(1790953865.373842) can0 2A2#0000D54B000013A5
(1790953865.373970) can0 2A3#0002EB29FFFD410D
(1790953865.374092) can0 2A4#0001245BFFFD551E
(1790953865.374219) can0 2A5#0000133A000007CA
(1790953865.374342) can0 2A6#FFFFF84700000253
(1790953865.374468) can0 2A7#00004EADFFFFFD8E
(1790953865.378748) can0 2A1#0100010000000000
(1790953865.378844) can0 2A2#0000D54B000013A5
(1790953865.378968) can0 2A3#0002EB29FFFD410D
(1790953865.379091) can0 2A4#0001245BFFFD551E
(1790953865.379218) can0 2A5#0000133A000007CA
(1790953865.379342) can0 2A6#FFFFF84700000253
(1790953865.379443) can0 2A7#00004EADFFFFFD8E
(1790953865.383746) can0 2A1#0100010000000000
(1790953865.383873) can0 2A2#0000D54B000013A5
(1790953865.383969) can0 2A3#0002EB29FFFD410D
(1790953865.384093) can0 2A4#0001245BFFFD551E
(1790953865.384217) can0 2A5#0000133A000007CA
(1790953865.384341) can0 2A6#FFFFF84700000253
(1790953865.384469) can0 2A7#00004EADFFFFFD8E
(1790953865.388758) can0 2A1#0100010000000000
(1790953865.388848) can0 2A2#0000D54B000013A5
(1790953865.388967) can0 2A3#0002EB29FFFD410D
(1790953865.389097) can0 2A4#0001245BFFFD551E
(1790953865.389218) can0 2A5#0000133A000007CA
(1790953865.389318) can0 2A6#FFFFF84700000253
(1790953865.389443) can0 2A7#00004EADFFFFFD8E
(1790953865.393754) can0 2A1#0100010000000000
(1790953865.393846) can0 2A2#0000D54B000013A5
(1790953865.393967) can0 2A3#0002EB29FFFD410D
(1790953865.394092) can0 2A4#0001245BFFFD551E
(1790953865.394219) can0 2A5#0000133A000007CA
(1790953865.394341) can0 2A6#FFFFF84700000253
(1790953865.394467) can0 2A7#00004EADFFFFFD8E
(1790953865.398754) can0 2A1#0100010000000000
(1790953865.398847) can0 2A2#0000D54B000013A5
(1790953865.398970) can0 2A3#0002EB29FFFD410D
(1790953865.399093) can0 2A4#0001245BFFFD551E
(1790953865.399191) can0 2A5#0000133A000007CA
(1790953865.399318) can0 2A6#FFFFF84700000253
(1790953865.399443) can0 2A7#00004EADFFFFFD8E
(1790953865.403756) can0 2A1#0100010000000000
(1790953865.403868) can0 2A2#0000D54B000013A5
(1790953865.403968) can0 2A3#0002EB29FFFD410D
(1790953865.404093) can0 2A4#0001245BFFFD551E
(1790953865.404218) can0 2A5#0000133A000007CA
(1790953865.404318) can0 2A6#FFFFF84700000253
(1790953865.404468) can0 2A7#00004EADFFFFFD8E
(1790953865.408746) can0 2A1#0100010000000000
(1790953865.408842) can0 2A2#0000D54B000013A5
(1790953865.408968) can0 2A3#0002EB29FFFD410D
(1790953865.409068) can0 2A4#0001245BFFFD551E
(1790953865.409192) can0 2A5#0000133A000007CA
(1790953865.409343) can0 2A6#FFFFF84700000253
(1790953865.409443) can0 2A7#00004EADFFFFFD8E
(1790953865.413755) can0 2A1#0100010000000000
(1790953865.413867) can0 2A2#0000D54B000013A5
(1790953865.413968) can0 2A3#0002EB29FFFD410D
(1790953865.414093) can0 2A4#0001245BFFFD551E
(1790953865.414217) can0 2A5#0000133A000007CA
(1790953865.414342) can0 2A6#FFFFF84700000253
(1790953865.414468) can0 2A7#00004EADFFFFFD8E
(1790953865.418748) can0 2A1#0100010000000000
(1790953865.418846) can0 2A2#0000D54B000013A5
(1790953865.418967) can0 2A3#0002EB29FFFD410D
(1790953865.419092) can0 2A4#0001245BFFFD551E
(1790953865.419192) can0 2A5#0000133A000007CA
(1790953865.419315) can0 2A6#FFFFF84700000253
(1790953865.419443) can0 2A7#00004EADFFFFFD8E
(1790953865.423750) can0 2A1#0100010000000000
(1790953865.423840) can0 2A2#0000D54B000013A5
(1790953865.423967) can0 2A3#0002EB29FFFD410D
(1790953865.424092) can0 2A4#0001245BFFFD551E
(1790953865.424217) can0 2A5#0000133A000007CA
(1790953865.424341) can0 2A6#FFFFF84700000253
(1790953865.424468) can0 2A7#00004EADFFFFFD8E
(1790953865.428750) can0 2A1#0100010000000000
(1790953865.428843) can0 2A2#0000D54B000013A5
(1790953865.428967) can0 2A3#0002EB29FFFD410D
(1790953865.429092) can0 2A4#0001245BFFFD551E
(1790953865.429217) can0 2A5#0000133A000007CA
(1790953865.429317) can0 2A6#FFFFF84700000253
(1790953865.429442) can0 2A7#00004EADFFFFFD8E
(1790953865.433748) can0 2A1#0100010000000000
(1790953865.433866) can0 2A2#0000D54B000013A5
(1790953865.433967) can0 2A3#0002EB29FFFD410D
(1790953865.434092) can0 2A4#0001245BFFFD551E
(1790953865.434217) can0 2A5#0000133A000007CA
(1790953865.434342) can0 2A6#FFFFF84700000253
(1790953865.434468) can0 2A7#00004EADFFFFFD8E
(1790953865.438750) can0 2A1#0100010000000000
(1790953865.438842) can0 2A2#0000D54B000013A5
(1790953865.438967) can0 2A3#0002EB29FFFD410D
(1790953865.439092) can0 2A4#0001245BFFFD551E
(1790953865.439216) can0 2A5#0000133A000007CA
(1790953865.439317) can0 2A6#FFFFF84700000253
(1790953865.439445) can0 2A7#00004EADFFFFFD8E
(1790953865.443762) can0 2A1#0100010000000000
(1790953865.443849) can0 2A2#0000D54B000013A5
(1790953865.443967) can0 2A3#0002EB29FFFD410D
(1790953865.444094) can0 2A4#0001245BFFFD551E
(1790953865.444218) can0 2A5#0000133A000007CA
(1790953865.444341) can0 2A6#FFFFF84700000253
(1790953865.444467) can0 2A7#00004EADFFFFFD8E
(1790953865.448750) can0 2A1#0100010000000000
(1790953865.448841) can0 2A2#0000D54B000013A5
(1790953865.448966) can0 2A3#0002EB29FFFD410D
(1790953865.449094) can0 2A4#0001245BFFFD551E
(1790953865.449191) can0 2A5#0000133A000007CA
(1790953865.449342) can0 2A6#FFFFF84700000253
(1790953865.449442) can0 2A7#00004EADFFFFFD8E
(1790953865.453755) can0 2A1#0100010000000000
(1790953865.453869) can0 2A2#0000D54B000013A5
(1790953865.453967) can0 2A3#0002EB29FFFD410D
(1790953865.454094) can0 2A4#0001245BFFFD551E
(1790953865.454218) can0 2A5#0000133A000007CA
(1790953865.454345) can0 2A6#FFFFF84700000253
(1790953865.454466) can0 2A7#00004EADFFFFFD8E
(1790953865.458753) can0 2A1#0100010000000000
(1790953865.458841) can0 2A2#0000D54B000013A5
(1790953865.458966) can0 2A3#0002EB29FFFD410D
(1790953865.459095) can0 2A4#0001245BFFFD551E
(1790953865.459216) can0 2A5#0000133A000007CA
(1790953865.459316) can0 2A6#FFFFF84700000253
(1790953865.459445) can0 2A7#00004EADFFFFFD8E
(1790953865.463771) can0 2A1#0100010000000000
(1790953865.463842) can0 2A2#0000D54B000013A5
(1790953865.463966) can0 2A3#0002EB29FFFD410D
(1790953865.464092) can0 2A4#0001245BFFFD551E
(1790953865.464217) can0 2A5#0000133A000007CA
(1790953865.464344) can0 2A6#FFFFF84700000253
(1790953865.464467) can0 2A7#00004EADFFFFFD8E
(1790953865.468755) can0 2A1#0100010000000000
(1790953865.468843) can0 2A2#0000D54B000013A5
(1790953865.468968) can0 2A3#0002EB29FFFD410D
(1790953865.469094) can0 2A4#0001245BFFFD551E
(1790953865.469216) can0 2A5#0000133A000007CA
(1790953865.469341) can0 2A6#FFFFF84700000253
(1790953865.469444) can0 2A7#00004EADFFFFFD8E
(1790953865.473754) can0 2A1#0100010000000000
(1790953865.473867) can0 2A2#0000D54B000013A5
(1790953865.473970) can0 2A3#0002EB29FFFD410D
(1790953865.474095) can0 2A4#0001245BFFFD551E
(1790953865.474217) can0 2A5#0000133A000007CA
(1790953865.474342) can0 2A6#FFFFF84700000253
(1790953865.474466) can0 2A7#00004EADFFFFFD8E
(1790953865.478751) can0 2A1#0100010000000000
(1790953865.478841) can0 2A2#0000D54B000013A5
(1790953865.478970) can0 2A3#0002EB29FFFD410D
(1790953865.479093) can0 2A4#0001245BFFFD551E
(1790953865.479218) can0 2A5#0000133A000007CA
(1790953865.479343) can0 2A6#FFFFF84700000253
(1790953865.479443) can0 2A7#00004EADFFFFFD8E
(1790953865.483769) can0 2A1#0100010000000000
(1790953865.483869) can0 2A2#0000D54B000013A5
(1790953865.483967) can0 2A3#0002EB29FFFD410D
(1790953865.484103) can0 2A4#0001245BFFFD551E
(1790953865.484216) can0 2A5#0000133A000007CA
(1790953865.484343) can0 2A6#FFFFF84700000253
(1790953865.484441) can0 2A7#00004EADFFFFFD8E
(1790953865.488755) can0 2A1#0100010000000000
(1790953865.488841) can0 2A2#0000D54B000013A5
(1790953865.488968) can0 2A3#0002EB29FFFD410D
(1790953865.489093) can0 2A4#0001245BFFFD551E
(1790953865.489191) can0 2A5#0000133A000007CA
(1790953865.489318) can0 2A6#FFFFF84700000253
(1790953865.489443) can0 2A7#00004EADFFFFFD8E
(1790953865.493754) can0 2A1#0100010000000000
(1790953865.493867) can0 2A2#0000D54B000013A5
(1790953865.493968) can0 2A3#0002EB29FFFD410D
(1790953865.494095) can0 2A4#0001245BFFFD551E
(1790953865.494224) can0 2A5#0000133A000007CA
(1790953865.494323) can0 2A6#FFFFF84700000253
(1790953865.494467) can0 2A7#00004EADFFFFFD8E
(1790953865.498769) can0 2A1#0100010000000000
(1790953865.498850) can0 2A2#0000D54B000013A5
(1790953865.498970) can0 2A3#0002EB29FFFD410D
(1790953865.499091) can0 2A4#0001245BFFFD551E
(1790953865.499194) can0 2A5#0000133A000007CA
(1790953865.499319) can0 2A6#FFFFF84700000253
(1790953865.499444) can0 2A7#00004EADFFFFFD8E
(1790953865.503761) can0 2A1#0100010000000000
(1790953865.503843) can0 2A2#0000D54B000013A5
(1790953865.503967) can0 2A3#0002EB29FFFD410D
(1790953865.504094) can0 2A4#0001245BFFFD551E
(1790953865.504217) can0 2A5#0000133A000007CA
(1790953865.504342) can0 2A6#FFFFF84700000253
(1790953865.504467) can0 2A7#00004EADFFFFFD8E
(1790953865.508756) can0 2A1#0100010000000000
(1790953865.508843) can0 2A2#0000D54B000013A5
(1790953865.508967) can0 2A3#0002EB29FFFD410D
(1790953865.509095) can0 2A4#0001245BFFFD551E
(1790953865.509216) can0 2A5#0000133A000007CA
(1790953865.509342) can0 2A6#FFFFF84700000253
(1790953865.509469) can0 2A7#00004EADFFFFFD8E
(1790953865.513752) can0 2A1#0100010000000000
(1790953865.513841) can0 2A2#0000D54B000013A5
(1790953865.513995) can0 2A3#0002EB29FFFD410D
(1790953865.514091) can0 2A4#0001245BFFFD551E
(1790953865.514217) can0 2A5#0000133A000007CA
(1790953865.514344) can0 2A6#FFFFF84700000253
(1790953865.514469) can0 2A7#00004EADFFFFFD8E
(1790953865.518762) can0 2A1#0100010000000000
(1790953865.518845) can0 2A2#0000D54B000013A5
(1790953865.518970) can0 2A3#0002EB29FFFD410D
(1790953865.519092) can0 2A4#0001245BFFFD551E
(1790953865.519192) can0 2A5#0000133A000007CA
(1790953865.519317) can0 2A6#FFFFF84700000253
(1790953865.519445) can0 2A7#00004EADFFFFFD8E
(1790953865.523770) can0 2A1#0100010000000000
(1790953865.523868) can0 2A2#0000D54B000013A5
(1790953865.523970) can0 2A3#0002EB29FFFD410D
(1790953865.524092) can0 2A4#0001245BFFFD551E
(1790953865.524219) can0 2A5#0000133A000007CA
(1790953865.524341) can0 2A6#FFFFF84700000253
(1790953865.524468) can0 2A7#00004EADFFFFFD8E
(1790953865.528742) can0 2A1#0100010000000000
(1790953865.528840) can0 2A2#0000D54B000013A5
(1790953865.528970) can0 2A3#0002EB29FFFD410D
(1790953865.529066) can0 2A4#0001245BFFFD551E
(1790953865.529192) can0 2A5#0000133A000007CA
(1790953865.529343) can0 2A6#FFFFF84700000253
(1790953865.529443) can0 2A7#00004EADFFFFFD8E
(1790953865.533753) can0 2A1#0100010000000000
(1790953865.533870) can0 2A2#0000D54B000013A5
(1790953865.533968) can0 2A3#0002EB29FFFD410D
(1790953865.534092) can0 2A4#0001245BFFFD551E
(1790953865.534217) can0 2A5#0000133A000007CA
(1790953865.534342) can0 2A6#FFFFF84700000253
(1790953865.534466) can0 2A7#00004EADFFFFFD8E
(1790953865.538747) can0 2A1#0100010000000000
(1790953865.538845) can0 2A2#0000D54B000013A5
(1790953865.538967) can0 2A3#0002EB29FFFD410D
(1790953865.539093) can0 2A4#0001245BFFFD551E
(1790953865.539193) can0 2A5#0000133A000007CA
(1790953865.539318) can0 2A6#FFFFF84700000253
(1790953865.539443) can0 2A7#00004EADFFFFFD8E
(1790953865.543766) can0 2A1#0100010000000000
(1790953865.543867) can0 2A2#0000D54B000013A5
(1790953865.543968) can0 2A3#0002EB29FFFD410D
(1790953865.544094) can0 2A4#0001245BFFFD551E
(1790953865.544217) can0 2A5#0000133A000007CA
(1790953865.544342) can0 2A6#FFFFF84700000253
(1790953865.544468) can0 2A7#00004EADFFFFFD8E
(1790953865.548754) can0 2A1#0100010000000000
(1790953865.548842) can0 2A2#0000D54B000013A5
(1790953865.548968) can0 2A3#0002EB29FFFD410D
(1790953865.549093) can0 2A4#0001245BFFFD551E
(1790953865.549190) can0 2A5#0000133A000007CA
(1790953865.549343) can0 2A6#FFFFF84700000253
(1790953865.549468) can0 2A7#00004EADFFFFFD8E
(1790953865.553757) can0 2A1#0100010000000000
(1790953865.553872) can0 2A2#0000D54B000013A5
(1790953865.553967) can0 2A3#0002EB29FFFD410D
(1790953865.554092) can0 2A4#0001245BFFFD551E
(1790953865.554216) can0 2A5#0000133A000007CA
(1790953865.554341) can0 2A6#FFFFF84700000253
(1790953865.554470) can0 2A7#00004EADFFFFFD8E
(1790953865.558759) can0 2A1#0100010000000000
(1790953865.558843) can0 2A2#0000D54B000013A5
(1790953865.558978) can0 2A3#0002EB29FFFD410D
(1790953865.559091) can0 2A4#0001245BFFFD551E
(1790953865.559217) can0 2A5#0000133A000007CA
(1790953865.559343) can0 2A6#FFFFF84700000253
(1790953865.559442) can0 2A7#00004EADFFFFFD8E
(1790953865.563786) can0 2A1#0100010000000000
(1790953865.563874) can0 2A2#0000D54B000013A5
(1790953865.563970) can0 2A3#0002EB29FFFD410D
(1790953865.564098) can0 2A4#0001245BFFFD551E
(1790953865.564219) can0 2A5#0000133A000007CA
(1790953865.564340) can0 2A6#FFFFF84700000253
(1790953865.564466) can0 2A7#00004EADFFFFFD8E
(1790953865.568751) can0 2A1#0100010000000000
(1790953865.568840) can0 2A2#0000D54B000013A5
(1790953865.568967) can0 2A3#0002EB29FFFD410D
(1790953865.569092) can0 2A4#0001245BFFFD551E
(1790953865.569217) can0 2A5#0000133A000007CA
(1790953865.569342) can0 2A6#FFFFF84700000253
(1790953865.569440) can0 2A7#00004EADFFFFFD8E
(1790953865.573743) can0 2A1#0100010000000000
(1790953865.573867) can0 2A2#0000D54B000013A5
(1790953865.573965) can0 2A3#0002EB29FFFD410D
(1790953865.574096) can0 2A4#0001245BFFFD551E
(1790953865.574215) can0 2A5#0000133A000007CA
(1790953865.574340) can0 2A6#FFFFF84700000253
(1790953865.574465) can0 2A7#00004EADFFFFFD8E
(1790953865.578745) can0 2A1#0100010000000000
(1790953865.578843) can0 2A2#0000D54B000013A5
(1790953865.578968) can0 2A3#0002EB29FFFD410D
(1790953865.579093) can0 2A4#0001245BFFFD551E
(1790953865.579192) can0 2A5#0000133A000007CA
(1790953865.579317) can0 2A6#FFFFF84700000253
(1790953865.579443) can0 2A7#00004EADFFFFFD8E
(1790953865.583766) can0 2A1#0100010000000000
(1790953865.583870) can0 2A2#0000D54B000013A5
(1790953865.583969) can0 2A3#0002EB29FFFD410D
(1790953865.584094) can0 2A4#0001245BFFFD551E
(1790953865.584218) can0 2A5#0000133A000007CA
(1790953865.584343) can0 2A6#FFFFF84700000253
(1790953865.584468) can0 2A7#00004EADFFFFFD8E
(1790953865.588748) can0 2A1#0100010000000000
(1790953865.588840) can0 2A2#0000D54B000013A5
(1790953865.588969) can0 2A3#0002EB29FFFD410D
(1790953865.589092) can0 2A4#0001245BFFFD551E
(1790953865.589193) can0 2A5#0000133A000007CA
(1790953865.589317) can0 2A6#FFFFF84700000253
(1790953865.589442) can0 2A7#00004EADFFFFFD8E
(1790953865.593743) can0 2A1#0100010000000000
(1790953865.593868) can0 2A2#0000D54B000013A5
(1790953865.593967) can0 2A3#0002EB29FFFD410D
(1790953865.594092) can0 2A4#0001245BFFFD551E
(1790953865.594217) can0 2A5#0000133A000007CA
(1790953865.594341) can0 2A6#FFFFF84700000253
(1790953865.594468) can0 2A7#00004EADFFFFFD8E
(1790953865.598743) can0 2A1#0100010000000000
(1790953865.598843) can0 2A2#0000D54B000013A5
(1790953865.598969) can0 2A3#0002EB29FFFD410D
(1790953865.599092) can0 2A4#0001245BFFFD551E
(1790953865.599191) can0 2A5#0000133A000007CA
(1790953865.599319) can0 2A6#FFFFF84700000253
(1790953865.599442) can0 2A7#00004EADFFFFFD8E
(1790953865.603772) can0 2A1#0100010000000000
(1790953865.603867) can0 2A2#0000D54B000013A5
(1790953865.603991) can0 2A3#0002EB29FFFD410D
(1790953865.604092) can0 2A4#0001245BFFFD551E
(1790953865.604220) can0 2A5#0000133A000007CA
(1790953865.604343) can0 2A6#FFFFF84700000253
(1790953865.604467) can0 2A7#00004EADFFFFFD8E
(1790953865.608754) can0 2A1#0100010000000000
(1790953865.608844) can0 2A2#0000D54B000013A5
(1790953865.608970) can0 2A3#0002EB29FFFD410D
(1790953865.609095) can0 2A4#0001245BFFFD551E
(1790953865.609192) can0 2A5#0000133A000007CA
(1790953865.609317) can0 2A6#FFFFF84700000253
(1790953865.609442) can0 2A7#00004EADFFFFFD8E
(1790953865.613784) can0 2A1#0100010000000000
(1790953865.613877) can0 2A2#0000D54B000013A5
(1790953865.613993) can0 2A3#0002EB29FFFD410D
(1790953865.614093) can0 2A4#0001245BFFFD551E
(1790953865.614217) can0 2A5#0000133A000007CA
(1790953865.614345) can0 2A6#FFFFF84700000253
(1790953865.614443) can0 2A7#00004EADFFFFFD8E
(1790953865.618753) can0 2A1#0100010000000000
(1790953865.618843) can0 2A2#0000D54B000013A5
(1790953865.618970) can0 2A3#0002EB29FFFD410D
(1790953865.619091) can0 2A4#0001245BFFFD551E
(1790953865.619219) can0 2A5#0000133A000007CA
(1790953865.619318) can0 2A6#FFFFF84700000253
(1790953865.619443) can0 2A7#00004EADFFFFFD8E
(1790953865.623750) can0 2A1#0100010000000000
(1790953865.623873) can0 2A2#0000D54B000013A5
(1790953865.623966) can0 2A3#0002EB29FFFD410D
(1790953865.624091) can0 2A4#0001245BFFFD551E
(1790953865.624216) can0 2A5#0000133A000007CA
(1790953865.624342) can0 2A6#FFFFF84700000253
(1790953865.624467) can0 2A7#00004EADFFFFFD8E
(1790953865.628744) can0 2A1#0100010000000000
(1790953865.628839) can0 2A2#0000D54B000013A5
(1790953865.628966) can0 2A3#0002EB29FFFD410D
(1790953865.629066) can0 2A4#0001245BFFFD551E
(1790953865.629215) can0 2A5#0000133A000007CA
(1790953865.629315) can0 2A6#FFFFF84700000253
(1790953865.629466) can0 2A7#00004EADFFFFFD8E
(1790953865.633753) can0 2A1#0100010000000000
(1790953865.633874) can0 2A2#0000D54B000013A5
(1790953865.633967) can0 2A3#0002EB29FFFD410D
(1790953865.634091) can0 2A4#0001245BFFFD551E
(1790953865.634216) can0 2A5#0000133A000007CA
(1790953865.634342) can0 2A6#FFFFF84700000253
(1790953865.634465) can0 2A7#00004EADFFFFFD8E
(1790953865.638745) can0 2A1#0100010000000000
(1790953865.638840) can0 2A2#0000D54B000013A5
(1790953865.638966) can0 2A3#0002EB29FFFD410D
(1790953865.639090) can0 2A4#0001245BFFFD551E
(1790953865.639215) can0 2A5#0000133A000007CA
(1790953865.639314) can0 2A6#FFFFF84700000253
(1790953865.639440) can0 2A7#00004EADFFFFFD8E
(1790953865.643766) can0 2A1#0100010000000000
(1790953865.643876) can0 2A2#0000D54B000013A5
(1790953865.643991) can0 2A3#0002EB29FFFD410D
(1790953865.644091) can0 2A4#0001245BFFFD551E
(1790953865.644215) can0 2A5#0000133A000007CA
(1790953865.644342) can0 2A6#FFFFF84700000253
(1790953865.644503) can0 2A7#00004EADFFFFFD8E
(1790953865.648753) can0 2A1#0100010000000000
(1790953865.648839) can0 2A2#0000D54B000013A5
(1790953865.648966) can0 2A3#0002EB29FFFD410D
(1790953865.649091) can0 2A4#0001245BFFFD551E
(1790953865.649214) can0 2A5#0000133A000007CA
(1790953865.649341) can0 2A6#FFFFF84700000253
(1790953865.649441) can0 2A7#00004EADFFFFFD8E
(1790953865.653787) can0 2A1#0100010000000000
(1790953865.653870) can0 2A2#0000D54B000013A5
(1790953865.653971) can0 2A3#0002EB29FFFD410D
(1790953865.654093) can0 2A4#0001245BFFFD551E
(1790953865.654218) can0 2A5#0000133A000007CA
(1790953865.654342) can0 2A6#FFFFF84700000253
(1790953865.654468) can0 2A7#00004EADFFFFFD8E
(1790953865.658743) can0 2A1#0100010000000000
(1790953865.658840) can0 2A2#0000D54B000013A5
(1790953865.658968) can0 2A3#0002EB29FFFD410D
(1790953865.659093) can0 2A4#0001245BFFFD551E
(1790953865.659218) can0 2A5#0000133A000007CA
(1790953865.659343) can0 2A6#FFFFF84700000253
(1790953865.659442) can0 2A7#00004EADFFFFFD8E
(1790953865.663757) can0 2A1#0100010000000000
(1790953865.663875) can0 2A2#0000D54B000013A5
(1790953865.663967) can0 2A3#0002EB29FFFD410D
(1790953865.664095) can0 2A4#0001245BFFFD551E
(1790953865.664218) can0 2A5#0000133A000007CA
(1790953865.664344) can0 2A6#FFFFF84700000253
(1790953865.664468) can0 2A7#00004EADFFFFFD8E
(1790953865.668761) can0 2A1#0100010000000000
(1790953865.668844) can0 2A2#0000D54B000013A5
(1790953865.668970) can0 2A3#0002EB29FFFD410D
(1790953865.669093) can0 2A4#0001245BFFFD551E
(1790953865.669219) can0 2A5#0000133A000007CA
(1790953865.669342) can0 2A6#FFFFF84700000253
(1790953865.669469) can0 2A7#00004EADFFFFFD8E
(1790953865.673751) can0 2A1#0100010000000000
(1790953865.673874) can0 2A2#0000D54B000013A5
(1790953865.673967) can0 2A3#0002EB29FFFD410D
(1790953865.674092) can0 2A4#0001245BFFFD551E
(1790953865.674222) can0 2A5#0000133A000007CA
(1790953865.674342) can0 2A6#FFFFF84700000253
(1790953865.674467) can0 2A7#00004EADFFFFFD8E
(1790953865.678742) can0 2A1#0100010000000000
(1790953865.678839) can0 2A2#0000D54B000013A5
(1790953865.678967) can0 2A3#0002EB29FFFD410D
(1790953865.679067) can0 2A4#0001245BFFFD551E
(1790953865.679215) can0 2A5#0000133A000007CA
(1790953865.679314) can0 2A6#FFFFF84700000253
(1790953865.679464) can0 2A7#00004EADFFFFFD8E
(1790953865.683758) can0 2A1#0100010000000000
(1790953865.683867) can0 2A2#0000D54B000013A5
(1790953865.683965) can0 2A3#0002EB29FFFD410D
(1790953865.684090) can0 2A4#0001245BFFFD551E
(1790953865.684214) can0 2A5#0000133A000007CA
(1790953865.684339) can0 2A6#FFFFF84700000253
(1790953865.684469) can0 2A7#00004EADFFFFFD8E
(1790953865.688748) can0 2A1#0100010000000000
(1790953865.688839) can0 2A2#0000D54B000013A5
(1790953865.688968) can0 2A3#0002EB29FFFD410D
(1790953865.689093) can0 2A4#0001245BFFFD551E
(1790953865.689216) can0 2A5#0000133A000007CA
(1790953865.689316) can0 2A6#FFFFF84700000253
(1790953865.689441) can0 2A7#00004EADFFFFFD8E
(1790953865.693745) can0 2A1#0100010000000000
(1790953865.693868) can0 2A2#0000D54B000013A5
(1790953865.693992) can0 2A3#0002EB29FFFD410D
(1790953865.694091) can0 2A4#0001245BFFFD551E
(1790953865.694218) can0 2A5#0000133A000007CA
(1790953865.694342) can0 2A6#FFFFF84700000253
(1790953865.694466) can0 2A7#00004EADFFFFFD8E
(1790953865.698749) can0 2A1#0100010000000000
(1790953865.698840) can0 2A2#0000D54B000013A5
(1790953865.698966) can0 2A3#0002EB29FFFD410D
(1790953865.699091) can0 2A4#0001245BFFFD551E
(1790953865.699191) can0 2A5#0000133A000007CA
(1790953865.699316) can0 2A6#FFFFF84700000253
(1790953865.699441) can0 2A7#00004EADFFFFFD8E
(1790953865.703746) can0 2A1#0100010000000000
(1790953865.703867) can0 2A2#0000D54B000013A5
(1790953865.703969) can0 2A3#0002EB29FFFD410D
(1790953865.704092) can0 2A4#0001245BFFFD551E
(1790953865.704217) can0 2A5#0000133A000007CA
(1790953865.704344) can0 2A6#FFFFF84700000253
(1790953865.704467) can0 2A7#00004EADFFFFFD8E
(1790953865.708752) can0 2A1#0100010000000000
(1790953865.708842) can0 2A2#0000D54B000013A5
(1790953865.708968) can0 2A3#0002EB29FFFD410D
(1790953865.709093) can0 2A4#0001245BFFFD551E
(1790953865.709216) can0 2A5#0000133A000007CA
(1790953865.709318) can0 2A6#FFFFF84700000253
(1790953865.709443) can0 2A7#00004EADFFFFFD8E
(1790953865.713805) can0 2A1#0100010000000000
(1790953865.713870) can0 2A2#0000D54B000013A5
(1790953865.713996) can0 2A3#0002EB29FFFD410D
(1790953865.714094) can0 2A4#0001245BFFFD551E
(1790953865.714220) can0 2A5#0000133A000007CA
(1790953865.714347) can0 2A6#FFFFF84700000253
(1790953865.714469) can0 2A7#00004EADFFFFFD8E
(1790953865.718762) can0 2A1#0100010000000000
(1790953865.718845) can0 2A2#0000D54B000013A5
(1790953865.718971) can0 2A3#0002EB29FFFD410D
(1790953865.719096) can0 2A4#0001245BFFFD551E
(1790953865.719219) can0 2A5#0000133A000007CA
(1790953865.719318) can0 2A6#FFFFF84700000253
(1790953865.719468) can0 2A7#00004EADFFFFFD8E
(1790953865.723747) can0 2A1#0100010000000000
(1790953865.723865) can0 2A2#0000D54B000013A5
(1790953865.723966) can0 2A3#0002EB29FFFD410D
(1790953865.724090) can0 2A4#0001245BFFFD551E
(1790953865.724216) can0 2A5#0000133A000007CA
(1790953865.724341) can0 2A6#FFFFF84700000253
(1790953865.724465) can0 2A7#00004EADFFFFFD8E
(1790953865.728741) can0 2A1#0100010000000000
(1790953865.728839) can0 2A2#0000D54B000013A5
(1790953865.728966) can0 2A3#0002EB29FFFD410D
(1790953865.729066) can0 2A4#0001245BFFFD551E
(1790953865.729191) can0 2A5#0000133A000007CA
(1790953865.729342) can0 2A6#FFFFF84700000253
(1790953865.729466) can0 2A7#00004EADFFFFFD8E
(1790953865.733758) can0 2A1#0100010000000000
(1790953865.733871) can0 2A2#0000D54B000013A5
(1790953865.733966) can0 2A3#0002EB29FFFD410D
(1790953865.734090) can0 2A4#0001245BFFFD551E
(1790953865.734216) can0 2A5#0000133A000007CA
(1790953865.734340) can0 2A6#FFFFF84700000253
(1790953865.734468) can0 2A7#00004EADFFFFFD8E
(1790953865.738745) can0 2A1#0100010000000000
(1790953865.738844) can0 2A2#0000D54B000013A5
(1790953865.738968) can0 2A3#0002EB29FFFD410D
(1790953865.739090) can0 2A4#0001245BFFFD551E
(1790953865.739217) can0 2A5#0000133A000007CA
(1790953865.739343) can0 2A6#FFFFF84700000253
(1790953865.739440) can0 2A7#00004EADFFFFFD8E
(1790953865.743743) can0 2A1#0100010000000000
(1790953865.743865) can0 2A2#0000D54B000013A5
(1790953865.743968) can0 2A3#0002EB29FFFD410D
(1790953865.744092) can0 2A4#0001245BFFFD551E
(1790953865.744217) can0 2A5#0000133A000007CA
(1790953865.744340) can0 2A6#FFFFF84700000253
(1790953865.744487) can0 2A7#00004EADFFFFFD8E
(1790953865.748755) can0 2A1#0100010000000000
(1790953865.748842) can0 2A2#0000D54B000013A5
(1790953865.748967) can0 2A3#0002EB29FFFD410D
(1790953865.749095) can0 2A4#0001245BFFFD551E
(1790953865.749218) can0 2A5#0000133A000007CA
(1790953865.749344) can0 2A6#FFFFF84700000253
(1790953865.749442) can0 2A7#00004EADFFFFFD8E
(1790953865.753761) can0 2A1#0100010000000000
(1790953865.753869) can0 2A2#0000D54B000013A5
(1790953865.753969) can0 2A3#0002EB29FFFD410D
(1790953865.754094) can0 2A4#0001245BFFFD551E
(1790953865.754219) can0 2A5#0000133A000007CA
(1790953865.754344) can0 2A6#FFFFF84700000253
(1790953865.754469) can0 2A7#00004EADFFFFFD8E
(1790953865.758746) can0 2A1#0100010000000000
(1790953865.758848) can0 2A2#0000D54B000013A5
(1790953865.758970) can0 2A3#0002EB29FFFD410D
(1790953865.759093) can0 2A4#0001245BFFFD551E
(1790953865.759193) can0 2A5#0000133A000007CA
(1790953865.759343) can0 2A6#FFFFF84700000253
(1790953865.759443) can0 2A7#00004EADFFFFFD8E
(1790953865.763756) can0 2A1#0100010000000000
(1790953865.763868) can0 2A2#0000D54B000013A5
(1790953865.763968) can0 2A3#0002EB29FFFD410D
(1790953865.764092) can0 2A4#0001245BFFFD551E
(1790953865.764219) can0 2A5#0000133A000007CA
(1790953865.764342) can0 2A6#FFFFF84700000253
(1790953865.764469) can0 2A7#00004EADFFFFFD8E
(1790953865.768751) can0 2A1#0100010000000000
(1790953865.768849) can0 2A2#0000D54B000013A5
(1790953865.768969) can0 2A3#0002EB29FFFD410D
(1790953865.769093) can0 2A4#0001245BFFFD551E
(1790953865.769219) can0 2A5#0000133A000007CA
(1790953865.769341) can0 2A6#FFFFF84700000253
(1790953865.769469) can0 2A7#00004EADFFFFFD8E
(1790953865.773756) can0 2A1#0100010000000000
(1790953865.773864) can0 2A2#0000D54B000013A5
(1790953865.773966) can0 2A3#0002EB29FFFD410D
(1790953865.774091) can0 2A4#0001245BFFFD551E
(1790953865.774216) can0 2A5#0000133A000007CA
(1790953865.774341) can0 2A6#FFFFF84700000253
(1790953865.774466) can0 2A7#00004EADFFFFFD8E
(1790953865.778743) can0 2A1#0100010000000000
(1790953865.778842) can0 2A2#0000D54B000013A5
(1790953865.778969) can0 2A3#0002EB29FFFD410D
(1790953865.779066) can0 2A4#0001245BFFFD551E
(1790953865.779218) can0 2A5#0000133A000007CA
(1790953865.779343) can0 2A6#FFFFF84700000253
(1790953865.779441) can0 2A7#00004EADFFFFFD8E
(1790953865.783792) can0 2A1#0100010000000000
(1790953865.783870) can0 2A2#0000D54B000013A5
(1790953865.783992) can0 2A3#0002EB29FFFD410D
(1790953865.784116) can0 2A4#0001245BFFFD551E
(1790953865.784217) can0 2A5#0000133A000007CA
(1790953865.784343) can0 2A6#FFFFF84700000253
(1790953865.784466) can0 2A7#00004EADFFFFFD8E
(1790953865.788751) can0 2A1#0100010000000000
(1790953865.788841) can0 2A2#0000D54B000013A5
(1790953865.788966) can0 2A3#0002EB29FFFD410D
(1790953865.789093) can0 2A4#0001245BFFFD551E
(1790953865.789218) can0 2A5#0000133A000007CA
(1790953865.789342) can0 2A6#FFFFF84700000253
(1790953865.789441) can0 2A7#00004EADFFFFFD8E
(1790953865.793746) can0 2A1#0100010000000000
(1790953865.793864) can0 2A2#0000D54B000013A5
(1790953865.793966) can0 2A3#0002EB29FFFD410D
(1790953865.794090) can0 2A4#0001245BFFFD551E
(1790953865.794216) can0 2A5#0000133A000007CA
(1790953865.794340) can0 2A6#FFFFF84700000253
(1790953865.794466) can0 2A7#00004EADFFFFFD8E
(1790953865.798753) can0 2A1#0100010000000000
(1790953865.798869) can0 2A2#0000D54B000013A5
(1790953865.798966) can0 2A3#0002EB29FFFD410D
(1790953865.799093) can0 2A4#0001245BFFFD551E
(1790953865.799218) can0 2A5#0000133A000007CA
(1790953865.799341) can0 2A6#FFFFF84700000253
(1790953865.799440) can0 2A7#00004EADFFFFFD8E
(1790953865.803782) can0 2A1#0100010000000000
(1790953865.803850) can0 2A2#0000D54B000013A5
(1790953865.803970) can0 2A3#0002EB29FFFD410D
(1790953865.804120) can0 2A4#0001245BFFFD551E
(1790953865.804219) can0 2A5#0000133A000007CA
(1790953865.804342) can0 2A6#FFFFF84700000253
(1790953865.804467) can0 2A7#00004EADFFFFFD8E
(1790953865.808746) can0 2A1#0100010000000000
(1790953865.808843) can0 2A2#0000D54B000013A5
(1790953865.808970) can0 2A3#0002EB29FFFD410D
(1790953865.809093) can0 2A4#0001245BFFFD551E
(1790953865.809217) can0 2A5#0000133A000007CA
(1790953865.809317) can0 2A6#FFFFF84700000253
(1790953865.809468) can0 2A7#00004EADFFFFFD8E
(1790953865.813747) can0 2A1#0100010000000000
(1790953865.813870) can0 2A2#0000D54B000013A5
(1790953865.813970) can0 2A3#0002EB29FFFD410D
(1790953865.814097) can0 2A4#0001245BFFFD551E
(1790953865.814218) can0 2A5#0000133A000007CA
(1790953865.814342) can0 2A6#FFFFF84700000253
(1790953865.814468) can0 2A7#00004EADFFFFFD8E
(1790953865.818750) can0 2A1#0100010000000000
(1790953865.818842) can0 2A2#0000D54B000013A5
(1790953865.818969) can0 2A3#0002EB29FFFD410D
(1790953865.819094) can0 2A4#0001245BFFFD551E
(1790953865.819218) can0 2A5#0000133A000007CA
(1790953865.819343) can0 2A6#FFFFF84700000253
(1790953865.819469) can0 2A7#00004EADFFFFFD8E
(1790953865.823754) can0 2A1#0100010000000000
(1790953865.823864) can0 2A2#0000D54B000013A5
(1790953865.823966) can0 2A3#0002EB29FFFD410D
(1790953865.824090) can0 2A4#0001245BFFFD551E
(1790953865.824215) can0 2A5#0000133A000007CA
(1790953865.824341) can0 2A6#FFFFF84700000253
(1790953865.824468) can0 2A7#00004EADFFFFFD8E
(1790953865.828741) can0 2A1#0100010000000000
(1790953865.828863) can0 2A2#0000D54B000013A5
(1790953865.828966) can0 2A3#0002EB29FFFD410D
(1790953865.829091) can0 2A4#0001245BFFFD551E
(1790953865.829214) can0 2A5#0000133A000007CA
(1790953865.829340) can0 2A6#FFFFF84700000253
(1790953865.829440) can0 2A7#00004EADFFFFFD8E
(1790953865.833759) can0 2A1#0100010000000000
(1790953865.833869) can0 2A2#0000D54B000013A5
(1790953865.833966) can0 2A3#0002EB29FFFD410D
(1790953865.834092) can0 2A4#0001245BFFFD551E
(1790953865.834215) can0 2A5#0000133A000007CA
(1790953865.834338) can0 2A6#FFFFF84700000253
(1790953865.834463) can0 2A7#00004EADFFFFFD8E
(1790953865.838754) can0 2A1#0100010000000000
(1790953865.838841) can0 2A2#0000D54B000013A5
(1790953865.838968) can0 2A3#0002EB29FFFD410D
(1790953865.839090) can0 2A4#0001245BFFFD551E
(1790953865.839218) can0 2A5#0000133A000007CA
(1790953865.839343) can0 2A6#FFFFF84700000253
(1790953865.839443) can0 2A7#00004EADFFFFFD8E
(1790953865.843777) can0 2A1#0100010000000000
(1790953865.843867) can0 2A2#0000D54B000013A5
(1790953865.843967) can0 2A3#0002EB29FFFD410D
(1790953865.844094) can0 2A4#0001245BFFFD551E
(1790953865.844219) can0 2A5#0000133A000007CA
(1790953865.844342) can0 2A6#FFFFF84700000253
(1790953865.844467) can0 2A7#00004EADFFFFFD8E
(1790953865.848753) can0 2A1#0100010000000000
(1790953865.848841) can0 2A2#0000D54B000013A5
(1790953865.848968) can0 2A3#0002EB29FFFD410D
(1790953865.849092) can0 2A4#0001245BFFFD551E
(1790953865.849191) can0 2A5#0000133A000007CA
(1790953865.849343) can0 2A6#FFFFF84700000253
(1790953865.849467) can0 2A7#00004EADFFFFFD8E
(1790953865.853751) can0 2A1#0100010000000000
(1790953865.853866) can0 2A2#0000D54B000013A5
(1790953865.853968) can0 2A3#0002EB29FFFD410D
(1790953865.854093) can0 2A4#0001245BFFFD551E
(1790953865.854218) can0 2A5#0000133A000007CA
(1790953865.854344) can0 2A6#FFFFF84700000253
(1790953865.854468) can0 2A7#00004EADFFFFFD8E
(1790953865.858751) can0 2A1#0100010000000000
(1790953865.858847) can0 2A2#0000D54B000013A5
(1790953865.858969) can0 2A3#0002EB29FFFD410D
(1790953865.859093) can0 2A4#0001245BFFFD551E
(1790953865.859217) can0 2A5#0000133A000007CA
(1790953865.859343) can0 2A6#FFFFF84700000253
(1790953865.859441) can0 2A7#00004EADFFFFFD8E
(1790953865.863766) can0 2A1#0100010000000000
(1790953865.863867) can0 2A2#0000D54B000013A5
(1790953865.863968) can0 2A3#0002EB29FFFD410D
(1790953865.864093) can0 2A4#0001245BFFFD551E
(1790953865.864218) can0 2A5#0000133A000007CA
(1790953865.864345) can0 2A6#FFFFF84700000253
(1790953865.864470) can0 2A7#00004EADFFFFFD8E
(1790953865.868757) can0 2A1#0100010000000000
(1790953865.868845) can0 2A2#0000D54B000013A5
(1790953865.868969) can0 2A3#0002EB29FFFD410D
(1790953865.869094) can0 2A4#0001245BFFFD551E
(1790953865.869218) can0 2A5#0000133A000007CA
(1790953865.869343) can0 2A6#FFFFF84700000253
(1790953865.869468) can0 2A7#00004EADFFFFFD8E
(1790953865.873765) can0 2A1#0100010000000000
(1790953865.873872) can0 2A2#0000D54B000013A5
(1790953865.873994) can0 2A3#0002EB29FFFD410D
(1790953865.874115) can0 2A4#0001245BFFFD551E
(1790953865.874215) can0 2A5#0000133A000007CA
(1790953865.874341) can0 2A6#FFFFF84700000253
(1790953865.874469) can0 2A7#00004EADFFFFFD8E
(1790953865.878747) can0 2A1#0100010000000000
(1790953865.878875) can0 2A2#0000D54B000013A5
(1790953865.878966) can0 2A3#0002EB29FFFD410D
(1790953865.879091) can0 2A4#0001245BFFFD551E
(1790953865.879216) can0 2A5#0000133A000007CA
(1790953865.879316) can0 2A6#FFFFF84700000253
(1790953865.879441) can0 2A7#00004EADFFFFFD8E
(1790953865.883786) can0 2A1#0100010000000000
(1790953865.883895) can0 2A2#0000D54B000013A5
(1790953865.883994) can0 2A3#0002EB29FFFD410D
(1790953865.884092) can0 2A4#0001245BFFFD551E
(1790953865.884216) can0 2A5#0000133A000007CA
(1790953865.884341) can0 2A6#FFFFF84700000253
(1790953865.884466) can0 2A7#00004EADFFFFFD8E
(1790953865.888747) can0 2A1#0100010000000000
(1790953865.888844) can0 2A2#0000D54B000013A5
(1790953865.888964) can0 2A3#0002EB29FFFD410D
(1790953865.889090) can0 2A4#0001245BFFFD551E
(1790953865.889216) can0 2A5#0000133A000007CA
(1790953865.889341) can0 2A6#FFFFF84700000253
(1790953865.889470) can0 2A7#00004EADFFFFFD8E
(1790953865.893752) can0 2A1#0100010000000000
(1790953865.893867) can0 2A2#0000D54B000013A5
(1790953865.893966) can0 2A3#0002EB29FFFD410D
(1790953865.894093) can0 2A4#0001245BFFFD551E
(1790953865.894216) can0 2A5#0000133A000007CA
(1790953865.894343) can0 2A6#FFFFF84700000253
(1790953865.894474) can0 2A7#00004EADFFFFFD8E
(1790953865.898759) can0 2A1#0100010000000000
(1790953865.898842) can0 2A2#0000D54B000013A5
(1790953865.898970) can0 2A3#0002EB29FFFD410D
(1790953865.899094) can0 2A4#0001245BFFFD551E
(1790953865.899216) can0 2A5#0000133A000007CA
(1790953865.899343) can0 2A6#FFFFF84700000253
(1790953865.899466) can0 2A7#00004EADFFFFFD8E
(1790953865.903748) can0 2A1#0100010000000000
(1790953865.903869) can0 2A2#0000D54B000013A5
(1790953865.903970) can0 2A3#0002EB29FFFD410D
(1790953865.904093) can0 2A4#0001245BFFFD551E
(1790953865.904216) can0 2A5#0000133A000007CA
(1790953865.904341) can0 2A6#FFFFF84700000253
(1790953865.904466) can0 2A7#00004EADFFFFFD8E
(1790953865.908744) can0 2A1#0100010000000000
(1790953865.908840) can0 2A2#0000D54B000013A5
(1790953865.908966) can0 2A3#0002EB29FFFD410D
(1790953865.909091) can0 2A4#0001245BFFFD551E
(1790953865.909217) can0 2A5#0000133A000007CA
(1790953865.909341) can0 2A6#FFFFF84700000253
(1790953865.909442) can0 2A7#00004EADFFFFFD8E
(1790953865.913755) can0 2A1#0100010000000000
(1790953865.913883) can0 2A2#0000D54B000013A5
(1790953865.913970) can0 2A3#0002EB29FFFD410D
(1790953865.914097) can0 2A4#0001245BFFFD551E
(1790953865.914219) can0 2A5#0000133A000007CA
(1790953865.914343) can0 2A6#FFFFF84700000253
(1790953865.914469) can0 2A7#00004EADFFFFFD8E
(1790953865.918770) can0 2A1#0100010000000000
(1790953865.918895) can0 2A2#0000D54B000013A5
(1790953865.918966) can0 2A3#0002EB29FFFD410D
(1790953865.919094) can0 2A4#0001245BFFFD551E
(1790953865.919220) can0 2A5#0000133A000007CA
(1790953865.919319) can0 2A6#FFFFF84700000253
(1790953865.919442) can0 2A7#00004EADFFFFFD8E
(1790953865.923753) can0 2A1#0100010000000000
(1790953865.923866) can0 2A2#0000D54B000013A5
(1790953865.923993) can0 2A3#0002EB29FFFD410D
(1790953865.924093) can0 2A4#0001245BFFFD551E
(1790953865.924216) can0 2A5#0000133A000007CA
(1790953865.924342) can0 2A6#FFFFF84700000253
(1790953865.924469) can0 2A7#00004EADFFFFFD8E
(1790953865.928746) can0 2A1#0100010000000000
(1790953865.928868) can0 2A2#0000D54B000013A5
(1790953865.928967) can0 2A3#0002EB29FFFD410D
(1790953865.929092) can0 2A4#0001245BFFFD551E
(1790953865.929218) can0 2A5#0000133A000007CA
(1790953865.929317) can0 2A6#FFFFF84700000253
(1790953865.929444) can0 2A7#00004EADFFFFFD8E
(1790953865.933776) can0 2A1#0100010000000000
(1790953865.933872) can0 2A2#0000D54B000013A5
(1790953865.933994) can0 2A3#0002EB29FFFD410D
(1790953865.934118) can0 2A4#0001245BFFFD551E
(1790953865.934217) can0 2A5#0000133A000007CA
(1790953865.934343) can0 2A6#FFFFF84700000253
(1790953865.934468) can0 2A7#00004EADFFFFFD8E
(1790953865.938743) can0 2A1#0100010000000000
(1790953865.938841) can0 2A2#0000D54B000013A5
(1790953865.938969) can0 2A3#0002EB29FFFD410D
(1790953865.939093) can0 2A4#0001245BFFFD551E
(1790953865.939218) can0 2A5#0000133A000007CA
(1790953865.939317) can0 2A6#FFFFF84700000253
(1790953865.939468) can0 2A7#00004EADFFFFFD8E
(1790953865.943754) can0 2A1#0100010000000000
(1790953865.943891) can0 2A2#0000D54B000013A5
(1790953865.943969) can0 2A3#0002EB29FFFD410D
(1790953865.944094) can0 2A4#0001245BFFFD551E
(1790953865.944217) can0 2A5#0000133A000007CA
(1790953865.944343) can0 2A6#FFFFF84700000253
(1790953865.944467) can0 2A7#00004EADFFFFFD8E
(1790953865.948758) can0 2A1#0100010000000000
(1790953865.948846) can0 2A2#0000D54B000013A5
(1790953865.948968) can0 2A3#0002EB29FFFD410D
(1790953865.949096) can0 2A4#0001245BFFFD551E
(1790953865.949217) can0 2A5#0000133A000007CA
(1790953865.949345) can0 2A6#FFFFF84700000253
(1790953865.949469) can0 2A7#00004EADFFFFFD8E
(1790953865.953754) can0 2A1#0100010000000000
(1790953865.953880) can0 2A2#0000D54B000013A5
(1790953865.953965) can0 2A3#0002EB29FFFD410D
(1790953865.954094) can0 2A4#0001245BFFFD551E
(1790953865.954217) can0 2A5#0000133A000007CA
(1790953865.954344) can0 2A6#FFFFF84700000253
(1790953865.954469) can0 2A7#00004EADFFFFFD8E
(1790953865.958748) can0 2A1#0100010000000000
(1790953865.958842) can0 2A2#0000D54B000013A5
(1790953865.958969) can0 2A3#0002EB29FFFD410D
(1790953865.959094) can0 2A4#0001245BFFFD551E
(1790953865.959215) can0 2A5#0000133A000007CA
(1790953865.959343) can0 2A6#FFFFF84700000253
(1790953865.959467) can0 2A7#00004EADFFFFFD8E
(1790953865.963751) can0 2A1#0100010000000000
(1790953865.963878) can0 2A2#0000D54B000013A5
(1790953865.963990) can0 2A3#0002EB29FFFD410D
(1790953865.964116) can0 2A4#0001245BFFFD551E
(1790953865.964215) can0 2A5#0000133A000007CA
(1790953865.964341) can0 2A6#FFFFF84700000253
(1790953865.964466) can0 2A7#00004EADFFFFFD8E
(1790953865.968749) can0 2A1#0100010000000000
(1790953865.968869) can0 2A2#0000D54B000013A5
(1790953865.968966) can0 2A3#0002EB29FFFD410D
(1790953865.969091) can0 2A4#0001245BFFFD551E
(1790953865.969216) can0 2A5#0000133A000007CA
(1790953865.969316) can0 2A6#FFFFF84700000253
(1790953865.969439) can0 2A7#00004EADFFFFFD8E
(1790953865.973783) can0 2A1#0100010000000000
(1790953865.973869) can0 2A2#0000D54B000013A5
(1790953865.973990) can0 2A3#0002EB29FFFD410D
(1790953865.974091) can0 2A4#0001245BFFFD551E
(1790953865.974214) can0 2A5#0000133A000007CA
(1790953865.974341) can0 2A6#FFFFF84700000253
(1790953865.974466) can0 2A7#00004EADFFFFFD8E
(1790953865.978750) can0 2A1#0100010000000000
(1790953865.978870) can0 2A2#0000D54B000013A5
(1790953865.978968) can0 2A3#0002EB29FFFD410D
(1790953865.979094) can0 2A4#0001245BFFFD551E
(1790953865.979217) can0 2A5#0000133A000007CA
(1790953865.979343) can0 2A6#FFFFF84700000253
(1790953865.979443) can0 2A7#00004EADFFFFFD8E
(1790953865.983765) can0 2A1#0100010000000000
(1790953865.983845) can0 2A2#0000D54B000013A5
(1790953865.983993) can0 2A3#0002EB29FFFD410D
(1790953865.984093) can0 2A4#0001245BFFFD551E
(1790953865.984217) can0 2A5#0000133A000007CA
(1790953865.984345) can0 2A6#FFFFF84700000253
(1790953865.984468) can0 2A7#00004EADFFFFFD8E
(1790953865.988761) can0 2A1#0100010000000000
(1790953865.988841) can0 2A2#0000D54B000013A5
(1790953865.988966) can0 2A3#0002EB29FFFD410D
(1790953865.989066) can0 2A4#0001245BFFFD551E
(1790953865.989215) can0 2A5#0000133A000007CA
(1790953865.989343) can0 2A6#FFFFF84700000253
(1790953865.989441) can0 2A7#00004EADFFFFFD8E
(1790953865.993755) can0 2A1#0100010000000000
(1790953865.993871) can0 2A2#0000D54B000013A5
(1790953865.993966) can0 2A3#0002EB29FFFD410D
(1790953865.994090) can0 2A4#0001245BFFFD551E
(1790953865.994215) can0 2A5#0000133A000007CA
(1790953865.994344) can0 2A6#FFFFF84700000253
(1790953865.994466) can0 2A7#00004EADFFFFFD8E
(1790953865.998766) can0 2A1#0100010000000000
(1790953865.998841) can0 2A2#0000D54B000013A5
(1790953865.998968) can0 2A3#0002EB29FFFD410D
(1790953865.999092) can0 2A4#0001245BFFFD551E
(1790953865.999215) can0 2A5#0000133A000007CA
(1790953865.999343) can0 2A6#FFFFF84700000253
(1790953865.999470) can0 2A7#00004EADFFFFFD8E
(1790953866.003748) can0 2A1#0100010000000000
(1790953866.003870) can0 2A2#0000D54B000013A5
(1790953866.003968) can0 2A3#0002EB29FFFD410D
(1790953866.004090) can0 2A4#0001245BFFFD551E
(1790953866.004214) can0 2A5#0000133A000007CA
(1790953866.004340) can0 2A6#FFFFF84700000253
(1790953866.004465) can0 2A7#00004EADFFFFFD8E
(1790953866.008750) can0 2A1#0100010000000000
(1790953866.008840) can0 2A2#0000D54B000013A5
(1790953866.008965) can0 2A3#0002EB29FFFD410D
(1790953866.009090) can0 2A4#0001245BFFFD551E
(1790953866.009214) can0 2A5#0000133A000007CA
(1790953866.009340) can0 2A6#FFFFF84700000253
(1790953866.009440) can0 2A7#00004EADFFFFFD8E
(1790953866.013799) can0 2A1#0100010000000000
(1790953866.013878) can0 2A2#0000D54B000013A5
(1790953866.013993) can0 2A3#0002EB29FFFD410D
(1790953866.014119) can0 2A4#0001245BFFFD551E
(1790953866.014245) can0 2A5#0000133A000007CA
(1790953866.014342) can0 2A6#FFFFF84700000253
(1790953866.014469) can0 2A7#00004EADFFFFFD8E
(1790953866.018755) can0 2A1#0100010000000000
(1790953866.018866) can0 2A2#0000D54B000013A5
(1790953866.018968) can0 2A3#0002EB29FFFD410D
(1790953866.019093) can0 2A4#0001245BFFFD551E
(1790953866.019218) can0 2A5#0000133A000007CA
(1790953866.019342) can0 2A6#FFFFF84700000253
(1790953866.019445) can0 2A7#00004EADFFFFFD8E
(1790953866.023768) can0 2A1#0100010000000000
(1790953866.023867) can0 2A2#0000D54B000013A5
(1790953866.023994) can0 2A3#0002EB29FFFD410D
(1790953866.024118) can0 2A4#0001245BFFFD551E
(1790953866.024218) can0 2A5#0000133A000007CA
(1790953866.024343) can0 2A6#FFFFF84700000253
(1790953866.024469) can0 2A7#00004EADFFFFFD8E
(1790953866.028745) can0 2A1#0100010000000000
(1790953866.028842) can0 2A2#0000D54B000013A5
(1790953866.028969) can0 2A3#0002EB29FFFD410D
(1790953866.029091) can0 2A4#0001245BFFFD551E
(1790953866.029217) can0 2A5#0000133A000007CA
(1790953866.029343) can0 2A6#FFFFF84700000253
(1790953866.029468) can0 2A7#00004EADFFFFFD8E
(1790953866.033755) can0 2A1#0100010000000000
(1790953866.033871) can0 2A2#0000D54B000013A5
(1790953866.033968) can0 2A3#0002EB29FFFD410D
(1790953866.034096) can0 2A4#0001245BFFFD551E
(1790953866.034220) can0 2A5#0000133A000007CA
(1790953866.034343) can0 2A6#FFFFF84700000253
(1790953866.034472) can0 2A7#00004EADFFFFFD8E
(1790953866.038758) can0 2A1#0100010000000000
(1790953866.038849) can0 2A2#0000D54B000013A5
(1790953866.038967) can0 2A3#0002EB29FFFD410D
(1790953866.039093) can0 2A4#0001245BFFFD551E
(1790953866.039217) can0 2A5#0000133A000007CA
(1790953866.039320) can0 2A6#FFFFF84700000253
(1790953866.039444) can0 2A7#00004EADFFFFFD8E
(1790953866.043758) can0 2A1#0100010000000000
(1790953866.043867) can0 2A2#0000D54B000013A5
(1790953866.043996) can0 2A3#0002EB29FFFD410D
(1790953866.044092) can0 2A4#0001245BFFFD551E
(1790953866.044217) can0 2A5#0000133A000007CA
(1790953866.044345) can0 2A6#FFFFF84700000253
(1790953866.044469) can0 2A7#00004EADFFFFFD8E
(1790953866.048758) can0 2A1#0100010000000000
(1790953866.048843) can0 2A2#0000D54B000013A5
(1790953866.048968) can0 2A3#0002EB29FFFD410D
(1790953866.049092) can0 2A4#0001245BFFFD551E
(1790953866.049217) can0 2A5#0000133A000007CA
(1790953866.049345) can0 2A6#FFFFF84700000253
(1790953866.049470) can0 2A7#00004EADFFFFFD8E
(1790953866.053781) can0 2A1#0100010000000000
(1790953866.053869) can0 2A2#0000D54B000013A5
(1790953866.053995) can0 2A3#0002EB29FFFD410D
(1790953866.054118) can0 2A4#0001245BFFFD551E
(1790953866.054220) can0 2A5#0000133A000007CA
(1790953866.054346) can0 2A6#FFFFF84700000253
(1790953866.054471) can0 2A7#00004EADFFFFFD8E
(1790953866.058744) can0 2A1#0100010000000000
(1790953866.058842) can0 2A2#0000D54B000013A5
(1790953866.058967) can0 2A3#0002EB29FFFD410D
(1790953866.059095) can0 2A4#0001245BFFFD551E
(1790953866.059220) can0 2A5#0000133A000007CA
(1790953866.059317) can0 2A6#FFFFF84700000253
(1790953866.059443) can0 2A7#00004EADFFFFFD8E
(1790953866.063745) can0 2A1#0100010000000000
(1790953866.063869) can0 2A2#0000D54B000013A5
(1790953866.063993) can0 2A3#0002EB29FFFD410D
(1790953866.064117) can0 2A4#0001245BFFFD551E
(1790953866.064217) can0 2A5#0000133A000007CA
(1790953866.064343) can0 2A6#FFFFF84700000253
(1790953866.064470) can0 2A7#00004EADFFFFFD8E
(1790953866.068751) can0 2A1#0100010000000000
(1790953866.068868) can0 2A2#0000D54B000013A5
(1790953866.068969) can0 2A3#0002EB29FFFD410D
(1790953866.069093) can0 2A4#0001245BFFFD551E
(1790953866.069216) can0 2A5#0000133A000007CA
(1790953866.069318) can0 2A6#FFFFF84700000253
(1790953866.069443) can0 2A7#00004EADFFFFFD8E
(1790953866.073767) can0 2A1#0100010000000000
(1790953866.073873) can0 2A2#0000D54B000013A5
(1790953866.073993) can0 2A3#0002EB29FFFD410D
(1790953866.074118) can0 2A4#0001245BFFFD551E
(1790953866.074218) can0 2A5#0000133A000007CA
(1790953866.074344) can0 2A6#FFFFF84700000253
(1790953866.074469) can0 2A7#00004EADFFFFFD8E
(1790953866.078752) can0 2A1#0100010000000000
(1790953866.078843) can0 2A2#0000D54B000013A5
(1790953866.078970) can0 2A3#0002EB29FFFD410D
(1790953866.079092) can0 2A4#0001245BFFFD551E
(1790953866.079195) can0 2A5#0000133A000007CA
(1790953866.079346) can0 2A6#FFFFF84700000253
(1790953866.079444) can0 2A7#00004EADFFFFFD8E
(1790953866.083759) can0 2A1#0100010000000000
(1790953866.083873) can0 2A2#0000D54B000013A5
(1790953866.083969) can0 2A3#0002EB29FFFD410D
(1790953866.084095) can0 2A4#0001245BFFFD551E
(1790953866.084217) can0 2A5#0000133A000007CA
(1790953866.084345) can0 2A6#FFFFF84700000253
(1790953866.084470) can0 2A7#00004EADFFFFFD8E
(1790953866.088751) can0 2A1#0100010000000000
(1790953866.088841) can0 2A2#0000D54B000013A5
(1790953866.088968) can0 2A3#0002EB29FFFD410D
(1790953866.089093) can0 2A4#0001245BFFFD551E
(1790953866.089217) can0 2A5#0000133A000007CA
(1790953866.089318) can0 2A6#FFFFF84700000253
(1790953866.089444) can0 2A7#00004EADFFFFFD8E
(1790953866.093772) can0 2A1#0100010000000000
(1790953866.093867) can0 2A2#0000D54B000013A5
(1790953866.093994) can0 2A3#0002EB29FFFD410D
(1790953866.094093) can0 2A4#0001245BFFFD551E
(1790953866.094218) can0 2A5#0000133A000007CA
(1790953866.094343) can0 2A6#FFFFF84700000253
(1790953866.094444) can0 2A7#00004EADFFFFFD8E
(1790953866.098755) can0 2A1#0100010000000000
(1790953866.098885) can0 2A2#0000D54B000013A5
(1790953866.098969) can0 2A3#0002EB29FFFD410D
(1790953866.099093) can0 2A4#0001245BFFFD551E
(1790953866.099221) can0 2A5#0000133A000007CA
(1790953866.099318) can0 2A6#FFFFF84700000253
(1790953866.099442) can0 2A7#00004EADFFFFFD8E
(1790953866.103756) can0 2A1#0100010000000000
(1790953866.103867) can0 2A2#0000D54B000013A5
(1790953866.103994) can0 2A3#0002EB29FFFD410D
(1790953866.104094) can0 2A4#0001245BFFFD551E
(1790953866.104219) can0 2A5#0000133A000007CA
(1790953866.104344) can0 2A6#FFFFF84700000253
(1790953866.104444) can0 2A7#00004EADFFFFFD8E
(1790953866.108745) can0 2A1#0100010000000000
(1790953866.108867) can0 2A2#0000D54B000013A5
(1790953866.108969) can0 2A3#0002EB29FFFD410D
(1790953866.109094) can0 2A4#0001245BFFFD551E
(1790953866.109218) can0 2A5#0000133A000007CA
(1790953866.109318) can0 2A6#FFFFF84700000253
(1790953866.109443) can0 2A7#00004EADFFFFFD8E
(1790953866.113765) can0 2A1#0100010000000000
(1790953866.113868) can0 2A2#0000D54B000013A5
(1790953866.113993) can0 2A3#0002EB29FFFD410D
(1790953866.114118) can0 2A4#0001245BFFFD551E
(1790953866.114218) can0 2A5#0000133A000007CA
(1790953866.114343) can0 2A6#FFFFF84700000253
(1790953866.114468) can0 2A7#00004EADFFFFFD8E
(1790953866.118753) can0 2A1#0100010000000000
(1790953866.118843) can0 2A2#0000D54B000013A5
(1790953866.118967) can0 2A3#0002EB29FFFD410D
(1790953866.119092) can0 2A4#0001245BFFFD551E
(1790953866.119220) can0 2A5#0000133A000007CA
(1790953866.119343) can0 2A6#FFFFF84700000253
(1790953866.119468) can0 2A7#00004EADFFFFFD8E
(1790953866.123758) can0 2A1#0100010000000000
(1790953866.123883) can0 2A2#0000D54B000013A5
(1790953866.123994) can0 2A3#0002EB29FFFD410D
(1790953866.124093) can0 2A4#0001245BFFFD551E
(1790953866.124218) can0 2A5#0000133A000007CA
(1790953866.124343) can0 2A6#FFFFF84700000253
(1790953866.124466) can0 2A7#00004EADFFFFFD8E
(1790953866.128749) can0 2A1#0100010000000000
(1790953866.128843) can0 2A2#0000D54B000013A5
(1790953866.128968) can0 2A3#0002EB29FFFD410D
(1790953866.129093) can0 2A4#0001245BFFFD551E
(1790953866.129219) can0 2A5#0000133A000007CA
(1790953866.129344) can0 2A6#FFFFF84700000253
(1790953866.129468) can0 2A7#00004EADFFFFFD8E
(1790953866.133800) can0 2A1#0100010000000000
(1790953866.133869) can0 2A2#0000D54B000013A5
(1790953866.133969) can0 2A3#0002EB29FFFD410D
(1790953866.134093) can0 2A4#0001245BFFFD551E
(1790953866.134216) can0 2A5#0000133A000007CA
(1790953866.134343) can0 2A6#FFFFF84700000253
(1790953866.134468) can0 2A7#00004EADFFFFFD8E
(1790953866.138755) can0 2A1#0100010000000000
(1790953866.138868) can0 2A2#0000D54B000013A5
(1790953866.138970) can0 2A3#0002EB29FFFD410D
(1790953866.139094) can0 2A4#0001245BFFFD551E
(1790953866.139216) can0 2A5#0000133A000007CA
(1790953866.139344) can0 2A6#FFFFF84700000253
(1790953866.139444) can0 2A7#00004EADFFFFFD8E
(1790953866.143750) can0 2A1#0100010000000000
(1790953866.143867) can0 2A2#0000D54B000013A5
(1790953866.143993) can0 2A3#0002EB29FFFD410D
(1790953866.144093) can0 2A4#0001245BFFFD551E
(1790953866.144217) can0 2A5#0000133A000007CA
(1790953866.144344) can0 2A6#FFFFF84700000253
(1790953866.144468) can0 2A7#00004EADFFFFFD8E
(1790953866.148753) can0 2A1#0100010000000000
(1790953866.148844) can0 2A2#0000D54B000013A5
(1790953866.148970) can0 2A3#0002EB29FFFD410D
(1790953866.149094) can0 2A4#0001245BFFFD551E
(1790953866.149218) can0 2A5#0000133A000007CA
(1790953866.149344) can0 2A6#FFFFF84700000253
(1790953866.149442) can0 2A7#00004EADFFFFFD8E
(1790953866.153780) can0 2A1#0100010000000000
(1790953866.153869) can0 2A2#0000D54B000013A5
(1790953866.153971) can0 2A3#0002EB29FFFD410D
(1790953866.154096) can0 2A4#0001245BFFFD551E
(1790953866.154220) can0 2A5#0000133A000007CA
(1790953866.154344) can0 2A6#FFFFF84700000253
(1790953866.154470) can0 2A7#00004EADFFFFFD8E
(1790953866.158749) can0 2A1#0100010000000000
(1790953866.158843) can0 2A2#0000D54B000013A5
(1790953866.158972) can0 2A3#0002EB29FFFD410D
(1790953866.159096) can0 2A4#0001245BFFFD551E
(1790953866.159219) can0 2A5#0000133A000007CA
(1790953866.159345) can0 2A6#FFFFF84700000253
(1790953866.159471) can0 2A7#00004EADFFFFFD8E
(1790953866.163749) can0 2A1#0100010000000000
(1790953866.163871) can0 2A2#0000D54B000013A5
(1790953866.163966) can0 2A3#0002EB29FFFD410D
(1790953866.164092) can0 2A4#0001245BFFFD551E
(1790953866.164216) can0 2A5#0000133A000007CA
(1790953866.164340) can0 2A6#FFFFF84700000253
(1790953866.164467) can0 2A7#00004EADFFFFFD8E
(1790953866.168756) can0 2A1#0100010000000000
(1790953866.168843) can0 2A2#0000D54B000013A5
(1790953866.168969) can0 2A3#0002EB29FFFD410D
(1790953866.169093) can0 2A4#0001245BFFFD551E
(1790953866.169219) can0 2A5#0000133A000007CA
(1790953866.169344) can0 2A6#FFFFF84700000253
(1790953866.169469) can0 2A7#00004EADFFFFFD8E
(1790953866.173775) can0 2A1#0100010000000000
(1790953866.173876) can0 2A2#0000D54B000013A5
(1790953866.173994) can0 2A3#0002EB29FFFD410D
(1790953866.174096) can0 2A4#0001245BFFFD551E
(1790953866.174219) can0 2A5#0000133A000007CA
(1790953866.174344) can0 2A6#FFFFF84700000253
(1790953866.174469) can0 2A7#00004EADFFFFFD8E
(1790953866.178753) can0 2A1#0100010000000000
(1790953866.178843) can0 2A2#0000D54B000013A5
(1790953866.178969) can0 2A3#0002EB29FFFD410D
(1790953866.179095) can0 2A4#0001245BFFFD551E
(1790953866.179218) can0 2A5#0000133A000007CA
(1790953866.179344) can0 2A6#FFFFF84700000253
(1790953866.179468) can0 2A7#00004EADFFFFFD8E
(1790953866.183807) can0 2A1#0100010000000000
(1790953866.183883) can0 2A2#0000D54B000013A5
(1790953866.183969) can0 2A3#0002EB29FFFD410D
(1790953866.184119) can0 2A4#0001245BFFFD551E
(1790953866.184248) can0 2A5#0000133A000007CA
(1790953866.184349) can0 2A6#FFFFF84700000253
(1790953866.184470) can0 2A7#00004EADFFFFFD8E
(1790953866.188754) can0 2A1#0100010000000000
(1790953866.188846) can0 2A2#0000D54B000013A5
(1790953866.188968) can0 2A3#0002EB29FFFD410D
(1790953866.189093) can0 2A4#0001245BFFFD551E
(1790953866.189219) can0 2A5#0000133A000007CA
(1790953866.189343) can0 2A6#FFFFF84700000253
(1790953866.189468) can0 2A7#00004EADFFFFFD8E
(1790953866.193769) can0 2A1#0100010000000000
(1790953866.193866) can0 2A2#0000D54B000013A5
(1790953866.193967) can0 2A3#0002EB29FFFD410D
(1790953866.194093) can0 2A4#0001245BFFFD551E
(1790953866.194219) can0 2A5#0000133A000007CA
(1790953866.194342) can0 2A6#FFFFF84700000253
(1790953866.194468) can0 2A7#00004EADFFFFFD8E
(1790953866.198750) can0 2A1#0100010000000000
(1790953866.198843) can0 2A2#0000D54B000013A5
(1790953866.198968) can0 2A3#0002EB29FFFD410D
(1790953866.199093) can0 2A4#0001245BFFFD551E
(1790953866.199217) can0 2A5#0000133A000007CA
(1790953866.199343) can0 2A6#FFFFF84700000253
(1790953866.199441) can0 2A7#00004EADFFFFFD8E
(1790953866.203757) can0 2A1#0100010000000000
(1790953866.203868) can0 2A2#0000D54B000013A5
(1790953866.203968) can0 2A3#0002EB29FFFD410D
(1790953866.204118) can0 2A4#0001245BFFFD551E
(1790953866.204242) can0 2A5#0000133A000007CA
(1790953866.204343) can0 2A6#FFFFF84700000253
(1790953866.204468) can0 2A7#00004EADFFFFFD8E
(1790953866.208750) can0 2A1#0100010000000000
(1790953866.208841) can0 2A2#0000D54B000013A5
(1790953866.208966) can0 2A3#0002EB29FFFD410D
(1790953866.209093) can0 2A4#0001245BFFFD551E
(1790953866.209220) can0 2A5#0000133A000007CA
(1790953866.209346) can0 2A6#FFFFF84700000253
(1790953866.209468) can0 2A7#00004EADFFFFFD8E
(1790953866.213746) can0 2A1#0100010000000000
(1790953866.213867) can0 2A2#0000D54B000013A5
(1790953866.213992) can0 2A3#0002EB29FFFD410D
(1790953866.214097) can0 2A4#0001245BFFFD551E
(1790953866.214221) can0 2A5#0000133A000007CA
(1790953866.214343) can0 2A6#FFFFF84700000253
(1790953866.214471) can0 2A7#00004EADFFFFFD8E
(1790953866.218770) can0 2A1#0100010000000000
(1790953866.218850) can0 2A2#0000D54B000013A5
(1790953866.218969) can0 2A3#0002EB29FFFD410D
(1790953866.219093) can0 2A4#0001245BFFFD551E
(1790953866.219219) can0 2A5#0000133A000007CA
(1790953866.219343) can0 2A6#FFFFF84700000253
(1790953866.219444) can0 2A7#00004EADFFFFFD8E
(1790953866.223747) can0 2A1#0100010000000000
(1790953866.223866) can0 2A2#0000D54B000013A5
(1790953866.223993) can0 2A3#0002EB29FFFD410D
(1790953866.224092) can0 2A4#0001245BFFFD551E
(1790953866.224217) can0 2A5#0000133A000007CA
(1790953866.224341) can0 2A6#FFFFF84700000253
(1790953866.224468) can0 2A7#00004EADFFFFFD8E
(1790953866.228741) can0 2A1#0100010000000000
(1790953866.228841) can0 2A2#0000D54B000013A5
(1790953866.228968) can0 2A3#0002EB29FFFD410D
(1790953866.229093) can0 2A4#0001245BFFFD551E
(1790953866.229218) can0 2A5#0000133A000007CA
(1790953866.229343) can0 2A6#FFFFF84700000253
(1790953866.229468) can0 2A7#00004EADFFFFFD8E
(1790953866.233755) can0 2A1#0100010000000000
(1790953866.233874) can0 2A2#0000D54B000013A5
(1790953866.233992) can0 2A3#0002EB29FFFD410D
(1790953866.234118) can0 2A4#0001245BFFFD551E
(1790953866.234217) can0 2A5#0000133A000007CA
(1790953866.234341) can0 2A6#FFFFF84700000253
(1790953866.234467) can0 2A7#00004EADFFFFFD8E
(1790953866.238742) can0 2A1#0100010000000000
(1790953866.238841) can0 2A2#0000D54B000013A5
(1790953866.238968) can0 2A3#0002EB29FFFD410D
(1790953866.239094) can0 2A4#0001245BFFFD551E
(1790953866.239216) can0 2A5#0000133A000007CA
(1790953866.239343) can0 2A6#FFFFF84700000253
(1790953866.239441) can0 2A7#00004EADFFFFFD8E
(1790953866.243753) can0 2A1#0100010000000000
(1790953866.243884) can0 2A2#0000D54B000013A5
(1790953866.243993) can0 2A3#0002EB29FFFD410D
(1790953866.244118) can0 2A4#0001245BFFFD551E
(1790953866.244217) can0 2A5#0000133A000007CA
(1790953866.244343) can0 2A6#FFFFF84700000253
(1790953866.244466) can0 2A7#00004EADFFFFFD8E
(1790953866.248749) can0 2A1#0100010000000000
(1790953866.248869) can0 2A2#0000D54B000013A5
(1790953866.248968) can0 2A3#0002EB29FFFD410D
(1790953866.249093) can0 2A4#0001245BFFFD551E
(1790953866.249217) can0 2A5#0000133A000007CA
(1790953866.249341) can0 2A6#FFFFF84700000253
(1790953866.249443) can0 2A7#00004EADFFFFFD8E
(1790953866.253745) can0 2A1#0100010000000000
(1790953866.253866) can0 2A2#0000D54B000013A5
(1790953866.253993) can0 2A3#0002EB29FFFD410D
(1790953866.254118) can0 2A4#0001245BFFFD551E
(1790953866.254218) can0 2A5#0000133A000007CA
(1790953866.254342) can0 2A6#FFFFF84700000253
(1790953866.254468) can0 2A7#00004EADFFFFFD8E
(1790953866.258746) can0 2A1#0100010000000000
(1790953866.258866) can0 2A2#0000D54B000013A5
(1790953866.258968) can0 2A3#0002EB29FFFD410D
(1790953866.259092) can0 2A4#0001245BFFFD551E
(1790953866.259217) can0 2A5#0000133A000007CA
(1790953866.259341) can0 2A6#FFFFF84700000253
(1790953866.259443) can0 2A7#00004EADFFFFFD8E
(1790953866.263746) can0 2A1#0100010000000000
(1790953866.263867) can0 2A2#0000D54B000013A5
(1790953866.263993) can0 2A3#0002EB29FFFD410D
(1790953866.264116) can0 2A4#0001245BFFFD551E
(1790953866.264216) can0 2A5#0000133A000007CA
(1790953866.264343) can0 2A6#FFFFF84700000253
(1790953866.264467) can0 2A7#00004EADFFFFFD8E
(1790953866.268771) can0 2A1#0100010000000000
(1790953866.268842) can0 2A2#0000D54B000013A5
(1790953866.268967) can0 2A3#0002EB29FFFD410D
(1790953866.269091) can0 2A4#0001245BFFFD551E
(1790953866.269217) can0 2A5#0000133A000007CA
(1790953866.269316) can0 2A6#FFFFF84700000253
(1790953866.269469) can0 2A7#00004EADFFFFFD8E
(1790953866.273768) can0 2A1#0100010000000000
(1790953866.273866) can0 2A2#0000D54B000013A5
(1790953866.273994) can0 2A3#0002EB29FFFD410D
(1790953866.274093) can0 2A4#0001245BFFFD551E
(1790953866.274218) can0 2A5#0000133A000007CA
(1790953866.274346) can0 2A6#FFFFF84700000253
(1790953866.274467) can0 2A7#00004EADFFFFFD8E
(1790953866.278741) can0 2A1#0100010000000000
(1790953866.278847) can0 2A2#0000D54B000013A5
(1790953866.278970) can0 2A3#0002EB29FFFD410D
(1790953866.279093) can0 2A4#0001245BFFFD551E
(1790953866.279218) can0 2A5#0000133A000007CA
(1790953866.279341) can0 2A6#FFFFF84700000253
(1790953866.279443) can0 2A7#00004EADFFFFFD8E
(1790953866.283768) can0 2A1#0100010000000000
(1790953866.283870) can0 2A2#0000D54B000013A5
(1790953866.283994) can0 2A3#0002EB29FFFD410D
(1790953866.284117) can0 2A4#0001245BFFFD551E
(1790953866.284220) can0 2A5#0000133A000007CA
(1790953866.284343) can0 2A6#FFFFF84700000253
(1790953866.284467) can0 2A7#00004EADFFFFFD8E
(1790953866.288751) can0 2A1#0100010000000000
(1790953866.288841) can0 2A2#0000D54B000013A5
(1790953866.288967) can0 2A3#0002EB29FFFD410D
(1790953866.289095) can0 2A4#0001245BFFFD551E
(1790953866.289217) can0 2A5#0000133A000007CA
(1790953866.289342) can0 2A6#FFFFF84700000253
(1790953866.289470) can0 2A7#00004EADFFFFFD8E
(1790953866.293754) can0 2A1#0100010000000000
(1790953866.293873) can0 2A2#0000D54B000013A5
(1790953866.293970) can0 2A3#0002EB29FFFD410D
(1790953866.294092) can0 2A4#0001245BFFFD551E
(1790953866.294242) can0 2A5#0000133A000007CA
(1790953866.294342) can0 2A6#FFFFF84700000253
(1790953866.294467) can0 2A7#00004EADFFFFFD8E
(1790953866.298751) can0 2A1#0100010000000000
(1790953866.298844) can0 2A2#0000D54B000013A5
(1790953866.298968) can0 2A3#0002EB29FFFD410D
(1790953866.299091) can0 2A4#0001245BFFFD551E
(1790953866.299217) can0 2A5#0000133A000007CA
(1790953866.299344) can0 2A6#FFFFF84700000253
(1790953866.299467) can0 2A7#00004EADFFFFFD8E
(1790953866.303754) can0 2A1#0100010000000000
(1790953866.303871) can0 2A2#0000D54B000013A5
(1790953866.303993) can0 2A3#0002EB29FFFD410D
(1790953866.304092) can0 2A4#0001245BFFFD551E
(1790953866.304242) can0 2A5#0000133A000007CA
(1790953866.304342) can0 2A6#FFFFF84700000253
(1790953866.304467) can0 2A7#00004EADFFFFFD8E
(1790953866.308754) can0 2A1#0100010000000000
(1790953866.308852) can0 2A2#0000D54B000013A5
(1790953866.308967) can0 2A3#0002EB29FFFD410D
(1790953866.309093) can0 2A4#0001245BFFFD551E
(1790953866.309219) can0 2A5#0000133A000007CA
(1790953866.309344) can0 2A6#FFFFF84700000253
(1790953866.309469) can0 2A7#00004EADFFFFFD8E
(1790953866.313751) can0 2A1#0100010000000000
(1790953866.313867) can0 2A2#0000D54B000013A5
(1790953866.313992) can0 2A3#0002EB29FFFD410D
(1790953866.314092) can0 2A4#0001245BFFFD551E
(1790953866.314217) can0 2A5#0000133A000007CA
(1790953866.314342) can0 2A6#FFFFF84700000253
(1790953866.314468) can0 2A7#00004EADFFFFFD8E
(1790953866.318745) can0 2A1#0100010000000000
(1790953866.318841) can0 2A2#0000D54B000013A5
(1790953866.318968) can0 2A3#0002EB29FFFD410D
(1790953866.319093) can0 2A4#0001245BFFFD551E
(1790953866.319217) can0 2A5#0000133A000007CA
(1790953866.319343) can0 2A6#FFFFF84700000253
(1790953866.319468) can0 2A7#00004EADFFFFFD8E
(1790953866.323748) can0 2A1#0100010000000000
(1790953866.323866) can0 2A2#0000D54B000013A5
(1790953866.323993) can0 2A3#0002EB29FFFD410D
(1790953866.324117) can0 2A4#0001245BFFFD551E
(1790953866.324218) can0 2A5#0000133A000007CA
(1790953866.324343) can0 2A6#FFFFF84700000253
(1790953866.324468) can0 2A7#00004EADFFFFFD8E
(1790953866.328748) can0 2A1#0100010000000000
(1790953866.328866) can0 2A2#0000D54B000013A5
(1790953866.328993) can0 2A3#0002EB29FFFD410D
(1790953866.329093) can0 2A4#0001245BFFFD551E
(1790953866.329216) can0 2A5#0000133A000007CA
(1790953866.329343) can0 2A6#FFFFF84700000253
(1790953866.329441) can0 2A7#00004EADFFFFFD8E
(1790953866.333745) can0 2A1#0100010000000000
(1790953866.333867) can0 2A2#0000D54B000013A5
(1790953866.333992) can0 2A3#0002EB29FFFD410D
(1790953866.334118) can0 2A4#0001245BFFFD551E
(1790953866.334217) can0 2A5#0000133A000007CA
(1790953866.334343) can0 2A6#FFFFF84700000253
(1790953866.334477) can0 2A7#00004EADFFFFFD8E
(1790953866.338750) can0 2A1#0100010000000000
(1790953866.338842) can0 2A2#0000D54B000013A5
(1790953866.338970) can0 2A3#0002EB29FFFD410D
(1790953866.339092) can0 2A4#0001245BFFFD551E
(1790953866.339219) can0 2A5#0000133A000007CA
(1790953866.339353) can0 2A6#FFFFF84700000253
(1790953866.339469) can0 2A7#00004EADFFFFFD8E
(1790953866.343750) can0 2A1#0100010000000000
(1790953866.343867) can0 2A2#0000D54B000013A5
(1790953866.343993) can0 2A3#0002EB29FFFD410D
(1790953866.344093) can0 2A4#0001245BFFFD551E
(1790953866.344219) can0 2A5#0000133A000007CA
(1790953866.344343) can0 2A6#FFFFF84700000253
(1790953866.344469) can0 2A7#00004EADFFFFFD8E
(1790953866.348748) can0 2A1#0100010000000000
(1790953866.348846) can0 2A2#0000D54B000013A5
(1790953866.348967) can0 2A3#0002EB29FFFD410D
(1790953866.349093) can0 2A4#0001245BFFFD551E
(1790953866.349218) can0 2A5#0000133A000007CA
(1790953866.349341) can0 2A6#FFFFF84700000253
(1790953866.349468) can0 2A7#00004EADFFFFFD8E
(1790953866.353749) can0 2A1#0100010000000000
(1790953866.353882) can0 2A2#0000D54B000013A5
(1790953866.353995) can0 2A3#0002EB29FFFD410D
(1790953866.354093) can0 2A4#0001245BFFFD551E
(1790953866.354218) can0 2A5#0000133A000007CA
(1790953866.354342) can0 2A6#FFFFF84700000253
(1790953866.354469) can0 2A7#00004EADFFFFFD8E
(1790953866.358776) can0 2A1#0100010000000000
(1790953866.358842) can0 2A2#0000D54B000013A5
(1790953866.358968) can0 2A3#0002EB29FFFD410D
(1790953866.359093) can0 2A4#0001245BFFFD551E
(1790953866.359219) can0 2A5#0000133A000007CA
(1790953866.359347) can0 2A6#FFFFF84700000253
(1790953866.359472) can0 2A7#00004EADFFFFFD8E
(1790953866.363762) can0 2A1#0100010000000000
(1790953866.363869) can0 2A2#0000D54B000013A5
(1790953866.363995) can0 2A3#0002EB29FFFD410D
(1790953866.364095) can0 2A4#0001245BFFFD551E
(1790953866.364220) can0 2A5#0000133A000007CA
(1790953866.364344) can0 2A6#FFFFF84700000253
(1790953866.364470) can0 2A7#00004EADFFFFFD8E
(1790953866.368748) can0 2A1#0100010000000000
(1790953866.368875) can0 2A2#0000D54B000013A5
(1790953866.368968) can0 2A3#0002EB29FFFD410D
(1790953866.369094) can0 2A4#0001245BFFFD551E
(1790953866.369221) can0 2A5#0000133A000007CA
(1790953866.369320) can0 2A6#FFFFF84700000253
(1790953866.369447) can0 2A7#00004EADFFFFFD8E
(1790953866.373750) can0 2A1#0100010000000000
(1790953866.373868) can0 2A2#0000D54B000013A5
(1790953866.373996) can0 2A3#0002EB29FFFD410D
(1790953866.374096) can0 2A4#0001245BFFFD551E
(1790953866.374220) can0 2A5#0000133A000007CA
(1790953866.374344) can0 2A6#FFFFF84700000253
(1790953866.374470) can0 2A7#00004EADFFFFFD8E
(1790953866.378751) can0 2A1#0100010000000000
(1790953866.378867) can0 2A2#0000D54B000013A5
(1790953866.378966) can0 2A3#0002EB29FFFD410D
(1790953866.379093) can0 2A4#0001245BFFFD551E
(1790953866.379216) can0 2A5#0000133A000007CA
(1790953866.379341) can0 2A6#FFFFF84700000253
(1790953866.379442) can0 2A7#00004EADFFFFFD8E
(1790953866.383752) can0 2A1#0100010000000000
(1790953866.383868) can0 2A2#0000D54B000013A5
(1790953866.383995) can0 2A3#0002EB29FFFD410D
(1790953866.384118) can0 2A4#0001245BFFFD551E
(1790953866.384217) can0 2A5#0000133A000007CA
(1790953866.384345) can0 2A6#FFFFF84700000253
(1790953866.384468) can0 2A7#00004EADFFFFFD8E
(1790953866.388758) can0 2A1#0100010000000000
(1790953866.388845) can0 2A2#0000D54B000013A5
(1790953866.388997) can0 2A3#0002EB29FFFD410D
(1790953866.389092) can0 2A4#0001245BFFFD551E
(1790953866.389219) can0 2A5#0000133A000007CA
(1790953866.389345) can0 2A6#FFFFF84700000253
(1790953866.389470) can0 2A7#00004EADFFFFFD8E
(1790953866.393777) can0 2A1#0100010000000000
(1790953866.393881) can0 2A2#0000D54B000013A5
(1790953866.393969) can0 2A3#0002EB29FFFD410D
(1790953866.394119) can0 2A4#0001245BFFFD551E
(1790953866.394247) can0 2A5#0000133A000007CA
(1790953866.394343) can0 2A6#FFFFF84700000253
(1790953866.394471) can0 2A7#00004EADFFFFFD8E
(1790953866.398771) can0 2A1#0100010000000000
(1790953866.398845) can0 2A2#0000D54B000013A5
(1790953866.398968) can0 2A3#0002EB29FFFD410D
(1790953866.399095) can0 2A4#0001245BFFFD551E
(1790953866.399220) can0 2A5#0000133A000007CA
(1790953866.399346) can0 2A6#FFFFF84700000253
(1790953866.399443) can0 2A7#00004EADFFFFFD8E
(1790953866.403799) can0 2A1#0100010000000000
(1790953866.403873) can0 2A2#0000D54B000013A5
(1790953866.403991) can0 2A3#0002EB29FFFD410D
(1790953866.404092) can0 2A4#0001245BFFFD551E
(1790953866.404216) can0 2A5#0000133A000007CA
(1790953866.404344) can0 2A6#FFFFF84700000253
(1790953866.404467) can0 2A7#00004EADFFFFFD8E
(1790953866.408759) can0 2A1#0100010000000000
(1790953866.408845) can0 2A2#0000D54B000013A5
(1790953866.408970) can0 2A3#0002EB29FFFD410D
(1790953866.409096) can0 2A4#0001245BFFFD551E
(1790953866.409219) can0 2A5#0000133A000007CA
(1790953866.409344) can0 2A6#FFFFF84700000253
(1790953866.409469) can0 2A7#00004EADFFFFFD8E
(1790953866.413778) can0 2A1#0100010000000000
(1790953866.413880) can0 2A2#0000D54B000013A5
(1790953866.413992) can0 2A3#0002EB29FFFD410D
(1790953866.414121) can0 2A4#0001245BFFFD551E
(1790953866.414245) can0 2A5#0000133A000007CA
(1790953866.414342) can0 2A6#FFFFF84700000253
(1790953866.414469) can0 2A7#00004EADFFFFFD8E
(1790953866.418749) can0 2A1#0100010000000000
(1790953866.418871) can0 2A2#0000D54B000013A5
(1790953866.418967) can0 2A3#0002EB29FFFD410D
(1790953866.419094) can0 2A4#0001245BFFFD551E
(1790953866.419218) can0 2A5#0000133A000007CA
(1790953866.419341) can0 2A6#FFFFF84700000253
(1790953866.419441) can0 2A7#00004EADFFFFFD8E
(1790953866.423755) can0 2A1#0100010000000000
(1790953866.423867) can0 2A2#0000D54B000013A5
(1790953866.423991) can0 2A3#0002EB29FFFD410D
(1790953866.424119) can0 2A4#0001245BFFFD551E
(1790953866.424216) can0 2A5#0000133A000007CA
(1790953866.424340) can0 2A6#FFFFF84700000253
(1790953866.424469) can0 2A7#00004EADFFFFFD8E
(1790953866.428751) can0 2A1#0100010000000000
(1790953866.428869) can0 2A2#0000D54B000013A5
(1790953866.428991) can0 2A3#0002EB29FFFD410D
(1790953866.429092) can0 2A4#0001245BFFFD551E
(1790953866.429216) can0 2A5#0000133A000007CA
(1790953866.429341) can0 2A6#FFFFF84700000253
(1790953866.429466) can0 2A7#00004EADFFFFFD8E
(1790953866.433761) can0 2A1#0100010000000000
(1790953866.433869) can0 2A2#0000D54B000013A5
(1790953866.433967) can0 2A3#0002EB29FFFD410D
(1790953866.434118) can0 2A4#0001245BFFFD551E
(1790953866.434216) can0 2A5#0000133A000007CA
(1790953866.434341) can0 2A6#FFFFF84700000253
(1790953866.434466) can0 2A7#00004EADFFFFFD8E
(1790953866.438760) can0 2A1#0100010000000000
(1790953866.438843) can0 2A2#0000D54B000013A5
(1790953866.438968) can0 2A3#0002EB29FFFD410D
(1790953866.439093) can0 2A4#0001245BFFFD551E
(1790953866.439218) can0 2A5#0000133A000007CA
(1790953866.439344) can0 2A6#FFFFF84700000253
(1790953866.439453) can0 2A7#00004EADFFFFFD8E
(1790953866.443804) can0 2A1#0100010000000000
(1790953866.443889) can0 2A2#0000D54B000013A5
(1790953866.444000) can0 2A3#0002EB29FFFD410D
(1790953866.444094) can0 2A4#0001245BFFFD551E
(1790953866.444220) can0 2A5#0000133A000007CA
(1790953866.444346) can0 2A6#FFFFF84700000253
(1790953866.444468) can0 2A7#00004EADFFFFFD8E
(1790953866.448772) can0 2A1#0100010000000000
(1790953866.448889) can0 2A2#0000D54B000013A5
(1790953866.448969) can0 2A3#0002EB29FFFD410D
(1790953866.449093) can0 2A4#0001245BFFFD551E
(1790953866.449216) can0 2A5#0000133A000007CA
(1790953866.449342) can0 2A6#FFFFF84700000253
(1790953866.449466) can0 2A7#00004EADFFFFFD8E
(1790953866.453800) can0 2A1#0100010000000000
(1790953866.453879) can0 2A2#0000D54B000013A5
(1790953866.453995) can0 2A3#0002EB29FFFD410D
(1790953866.454092) can0 2A4#0001245BFFFD551E
(1790953866.454216) can0 2A5#0000133A000007CA
(1790953866.454343) can0 2A6#FFFFF84700000253
(1790953866.454467) can0 2A7#00004EADFFFFFD8E
(1790953866.458774) can0 2A1#0100010000000000
(1790953866.458879) can0 2A2#0000D54B000013A5
(1790953866.458993) can0 2A3#0002EB29FFFD410D
(1790953866.459092) can0 2A4#0001245BFFFD551E
(1790953866.459216) can0 2A5#0000133A000007CA
(1790953866.459344) can0 2A6#FFFFF84700000253
(1790953866.459441) can0 2A7#00004EADFFFFFD8E
(1790953866.463781) can0 2A1#0100010000000000
(1790953866.463878) can0 2A2#0000D54B000013A5
(1790953866.463995) can0 2A3#0002EB29FFFD410D
(1790953866.464117) can0 2A4#0001245BFFFD551E
(1790953866.464221) can0 2A5#0000133A000007CA
(1790953866.464345) can0 2A6#FFFFF84700000253
(1790953866.464469) can0 2A7#00004EADFFFFFD8E
(1790953866.468757) can0 2A1#0100010000000000
(1790953866.468872) can0 2A2#0000D54B000013A5
(1790953866.468967) can0 2A3#0002EB29FFFD410D
(1790953866.469100) can0 2A4#0001245BFFFD551E
(1790953866.469221) can0 2A5#0000133A000007CA
(1790953866.469353) can0 2A6#FFFFF84700000253
(1790953866.469443) can0 2A7#00004EADFFFFFD8E
(1790953866.473777) can0 2A1#0100010000000000
(1790953866.473893) can0 2A2#0000D54B000013A5
(1790953866.474001) can0 2A3#0002EB29FFFD410D
(1790953866.474116) can0 2A4#0001245BFFFD551E
(1790953866.474216) can0 2A5#0000133A000007CA
(1790953866.474349) can0 2A6#FFFFF84700000253
(1790953866.474466) can0 2A7#00004EADFFFFFD8E
(1790953866.478768) can0 2A1#0100010000000000
(1790953866.478895) can0 2A2#0000D54B000013A5
(1790953866.478967) can0 2A3#0002EB29FFFD410D
(1790953866.479096) can0 2A4#0001245BFFFD551E
(1790953866.479217) can0 2A5#0000133A000007CA
(1790953866.479341) can0 2A6#FFFFF84700000253
(1790953866.479466) can0 2A7#00004EADFFFFFD8E
(1790953866.483759) can0 2A1#0100010000000000
(1790953866.483870) can0 2A2#0000D54B000013A5
(1790953866.483993) can0 2A3#0002EB29FFFD410D
(1790953866.484116) can0 2A4#0001245BFFFD551E
(1790953866.484217) can0 2A5#0000133A000007CA
(1790953866.484342) can0 2A6#FFFFF84700000253
(1790953866.484467) can0 2A7#00004EADFFFFFD8E
(1790953866.488768) can0 2A1#0100010000000000
(1790953866.488845) can0 2A2#0000D54B000013A5
(1790953866.488968) can0 2A3#0002EB29FFFD410D
(1790953866.489092) can0 2A4#0001245BFFFD551E
(1790953866.489217) can0 2A5#0000133A000007CA
(1790953866.489343) can0 2A6#FFFFF84700000253
(1790953866.489467) can0 2A7#00004EADFFFFFD8E
(1790953866.493786) can0 2A1#0100010000000000
(1790953866.493883) can0 2A2#0000D54B000013A5
(1790953866.493990) can0 2A3#0002EB29FFFD410D
(1790953866.494092) can0 2A4#0001245BFFFD551E
(1790953866.494215) can0 2A5#0000133A000007CA
(1790953866.494343) can0 2A6#FFFFF84700000253
(1790953866.494466) can0 2A7#00004EADFFFFFD8E
(1790953866.498752) can0 2A1#0100010000000000
(1790953866.498844) can0 2A2#0000D54B000013A5
(1790953866.498979) can0 2A3#0002EB29FFFD410D
(1790953866.499090) can0 2A4#0001245BFFFD551E
(1790953866.499217) can0 2A5#0000133A000007CA
(1790953866.499342) can0 2A6#FFFFF84700000253
(1790953866.499469) can0 2A7#00004EADFFFFFD8E
(1790953866.503768) can0 2A1#0100010000000000
(1790953866.503875) can0 2A2#0000D54B000013A5
(1790953866.503992) can0 2A3#0002EB29FFFD410D
(1790953866.504119) can0 2A4#0001245BFFFD551E
(1790953866.504216) can0 2A5#0000133A000007CA
(1790953866.504347) can0 2A6#FFFFF84700000253
(1790953866.504469) can0 2A7#00004EADFFFFFD8E
(1790953866.508767) can0 2A1#0100010000000000
(1790953866.508877) can0 2A2#0000D54B000013A5
(1790953866.508969) can0 2A3#0002EB29FFFD410D
(1790953866.509093) can0 2A4#0001245BFFFD551E
(1790953866.509218) can0 2A5#0000133A000007CA
(1790953866.509342) can0 2A6#FFFFF84700000253
(1790953866.509468) can0 2A7#00004EADFFFFFD8E
(1790953866.513758) can0 2A1#0100010000000000
(1790953866.513874) can0 2A2#0000D54B000013A5
(1790953866.513992) can0 2A3#0002EB29FFFD410D
(1790953866.514091) can0 2A4#0001245BFFFD551E
(1790953866.514218) can0 2A5#0000133A000007CA
(1790953866.514342) can0 2A6#FFFFF84700000253
(1790953866.514467) can0 2A7#00004EADFFFFFD8E
(1790953866.518768) can0 2A1#0100010000000000
(1790953866.518847) can0 2A2#0000D54B000013A5
(1790953866.518971) can0 2A3#0002EB29FFFD410D
(1790953866.519092) can0 2A4#0001245BFFFD551E
(1790953866.519218) can0 2A5#0000133A000007CA
(1790953866.519343) can0 2A6#FFFFF84700000253
(1790953866.519470) can0 2A7#00004EADFFFFFD8E
(1790953866.523761) can0 2A1#0100010000000000
(1790953866.523876) can0 2A2#0000D54B000013A5
(1790953866.523967) can0 2A3#0002EB29FFFD410D
(1790953866.524121) can0 2A4#0001245BFFFD551E
(1790953866.524218) can0 2A5#0000133A000007CA
(1790953866.524345) can0 2A6#FFFFF84700000253
(1790953866.524469) can0 2A7#00004EADFFFFFD8E
(1790953866.528755) can0 2A1#0100010000000000
(1790953866.528842) can0 2A2#0000D54B000013A5
(1790953866.528968) can0 2A3#0002EB29FFFD410D
(1790953866.529095) can0 2A4#0001245BFFFD551E
(1790953866.529220) can0 2A5#0000133A000007CA
(1790953866.529345) can0 2A6#FFFFF84700000253
(1790953866.529472) can0 2A7#00004EADFFFFFD8E
(1790953866.533821) can0 2A1#0100010000000000
(1790953866.533890) can0 2A2#0000D54B000013A5
(1790953866.533995) can0 2A3#0002EB29FFFD410D
(1790953866.534092) can0 2A4#0001245BFFFD551E
(1790953866.534220) can0 2A5#0000133A000007CA
(1790953866.534344) can0 2A6#FFFFF84700000253
(1790953866.534469) can0 2A7#00004EADFFFFFD8E
(1790953866.538781) can0 2A1#0100010000000000
(1790953866.538871) can0 2A2#0000D54B000013A5
(1790953866.539016) can0 2A3#0002EB29FFFD410D
(1790953866.539093) can0 2A4#0001245BFFFD551E
(1790953866.539218) can0 2A5#0000133A000007CA
(1790953866.539346) can0 2A6#FFFFF84700000253
(1790953866.539442) can0 2A7#00004EADFFFFFD8E
(1790953866.543779) can0 2A1#0100010000000000
(1790953866.543869) can0 2A2#0000D54B000013A5
(1790953866.543992) can0 2A3#0002EB29FFFD410D
(1790953866.544120) can0 2A4#0001245BFFFD551E
(1790953866.544244) can0 2A5#0000133A000007CA
(1790953866.544344) can0 2A6#FFFFF84700000253
(1790953866.544469) can0 2A7#00004EADFFFFFD8E
(1790953866.548768) can0 2A1#0100010000000000
(1790953866.548882) can0 2A2#0000D54B000013A5
(1790953866.548994) can0 2A3#0002EB29FFFD410D
(1790953866.549094) can0 2A4#0001245BFFFD551E
(1790953866.549220) can0 2A5#0000133A000007CA
(1790953866.549344) can0 2A6#FFFFF84700000253
(1790953866.549470) can0 2A7#00004EADFFFFFD8E
(1790953866.553802) can0 2A1#0100010000000000
(1790953866.553868) can0 2A2#0000D54B000013A5
(1790953866.553994) can0 2A3#0002EB29FFFD410D
(1790953866.554119) can0 2A4#0001245BFFFD551E
(1790953866.554244) can0 2A5#0000133A000007CA
(1790953866.554343) can0 2A6#FFFFF84700000253
(1790953866.554469) can0 2A7#00004EADFFFFFD8E
(1790953866.558761) can0 2A1#0100010000000000
(1790953866.558884) can0 2A2#0000D54B000013A5
(1790953866.558969) can0 2A3#0002EB29FFFD410D
(1790953866.559093) can0 2A4#0001245BFFFD551E
(1790953866.559219) can0 2A5#0000133A000007CA
(1790953866.559343) can0 2A6#FFFFF84700000253
(1790953866.559444) can0 2A7#00004EADFFFFFD8E
(1790953866.563753) can0 2A1#0100010000000000
(1790953866.563869) can0 2A2#0000D54B000013A5
(1790953866.563994) can0 2A3#0002EB29FFFD410D
(1790953866.564119) can0 2A4#0001245BFFFD551E
(1790953866.564246) can0 2A5#0000133A000007CA
(1790953866.564343) can0 2A6#FFFFF84700000253
(1790953866.564467) can0 2A7#00004EADFFFFFD8E
(1790953866.568756) can0 2A1#0100010000000000
(1790953866.568845) can0 2A2#0000D54B000013A5
(1790953866.568996) can0 2A3#0002EB29FFFD410D
(1790953866.569095) can0 2A4#0001245BFFFD551E
(1790953866.569220) can0 2A5#0000133A000007CA
(1790953866.569346) can0 2A6#FFFFF84700000253
(1790953866.569470) can0 2A7#00004EADFFFFFD8E
(1790953866.573785) can0 2A1#0100010000000000
(1790953866.573868) can0 2A2#0000D54B000013A5
(1790953866.573969) can0 2A3#0002EB29FFFD410D
(1790953866.574118) can0 2A4#0001245BFFFD551E
(1790953866.574218) can0 2A5#0000133A000007CA
(1790953866.574343) can0 2A6#FFFFF84700000253
(1790953866.574469) can0 2A7#00004EADFFFFFD8E
(1790953866.578746) can0 2A1#0100010000000000
(1790953866.578841) can0 2A2#0000D54B000013A5
(1790953866.578969) can0 2A3#0002EB29FFFD410D
(1790953866.579091) can0 2A4#0001245BFFFD551E
(1790953866.579219) can0 2A5#0000133A000007CA
(1790953866.579342) can0 2A6#FFFFF84700000253
(1790953866.579468) can0 2A7#00004EADFFFFFD8E
(1790953866.583793) can0 2A1#0100010000000000
(1790953866.583876) can0 2A2#0000D54B000013A5
(1790953866.583997) can0 2A3#0002EB29FFFD410D
(1790953866.584092) can0 2A4#0001245BFFFD551E
(1790953866.584217) can0 2A5#0000133A000007CA
(1790953866.584343) can0 2A6#FFFFF84700000253
(1790953866.584468) can0 2A7#00004EADFFFFFD8E
(1790953866.588758) can0 2A1#0100010000000000
(1790953866.588843) can0 2A2#0000D54B000013A5
(1790953866.588970) can0 2A3#0002EB29FFFD410D
(1790953866.589092) can0 2A4#0001245BFFFD551E
(1790953866.589218) can0 2A5#0000133A000007CA
(1790953866.589343) can0 2A6#FFFFF84700000253
(1790953866.589467) can0 2A7#00004EADFFFFFD8E
(1790953866.593796) can0 2A1#0100010000000000
(1790953866.593868) can0 2A2#0000D54B000013A5
(1790953866.593993) can0 2A3#0002EB29FFFD410D
(1790953866.594118) can0 2A4#0001245BFFFD551E
(1790953866.594242) can0 2A5#0000133A000007CA
(1790953866.594344) can0 2A6#FFFFF84700000253
(1790953866.594468) can0 2A7#00004EADFFFFFD8E
(1790953866.598760) can0 2A1#0100010000000000
(1790953866.598915) can0 2A2#0000D54B000013A5
(1790953866.598966) can0 2A3#0002EB29FFFD410D
(1790953866.599091) can0 2A4#0001245BFFFD551E
(1790953866.599218) can0 2A5#0000133A000007CA
(1790953866.599344) can0 2A6#FFFFF84700000253
(1790953866.599443) can0 2A7#00004EADFFFFFD8E
(1790953866.603752) can0 2A1#0100010000000000
(1790953866.603873) can0 2A2#0000D54B000013A5
(1790953866.603996) can0 2A3#0002EB29FFFD410D
(1790953866.604117) can0 2A4#0001245BFFFD551E
(1790953866.604217) can0 2A5#0000133A000007CA
(1790953866.604343) can0 2A6#FFFFF84700000253
(1790953866.604469) can0 2A7#00004EADFFFFFD8E
(1790953866.608749) can0 2A1#0100010000000000
(1790953866.608876) can0 2A2#0000D54B000013A5
(1790953866.608994) can0 2A3#0002EB29FFFD410D
(1790953866.609093) can0 2A4#0001245BFFFD551E
(1790953866.609219) can0 2A5#0000133A000007CA
(1790953866.609343) can0 2A6#FFFFF84700000253
(1790953866.609469) can0 2A7#00004EADFFFFFD8E
(1790953866.613757) can0 2A1#0100010000000000
(1790953866.613871) can0 2A2#0000D54B000013A5
(1790953866.613994) can0 2A3#0002EB29FFFD410D
(1790953866.614119) can0 2A4#0001245BFFFD551E
(1790953866.614244) can0 2A5#0000133A000007CA
(1790953866.614341) can0 2A6#FFFFF84700000253
(1790953866.614470) can0 2A7#00004EADFFFFFD8E
(1790953866.618754) can0 2A1#0100010000000000
(1790953866.618847) can0 2A2#0000D54B000013A5
(1790953866.618995) can0 2A3#0002EB29FFFD410D
(1790953866.619096) can0 2A4#0001245BFFFD551E
(1790953866.619221) can0 2A5#0000133A000007CA
(1790953866.619346) can0 2A6#FFFFF84700000253
(1790953866.619471) can0 2A7#00004EADFFFFFD8E
(1790953866.623788) can0 2A1#0100010000000000
(1790953866.623871) can0 2A2#0000D54B000013A5
(1790953866.623995) can0 2A3#0002EB29FFFD410D
(1790953866.624092) can0 2A4#0001245BFFFD551E
(1790953866.624218) can0 2A5#0000133A000007CA
(1790953866.624342) can0 2A6#FFFFF84700000253
(1790953866.624469) can0 2A7#00004EADFFFFFD8E
(1790953866.628745) can0 2A1#0100010000000000
(1790953866.628842) can0 2A2#0000D54B000013A5
(1790953866.628967) can0 2A3#0002EB29FFFD410D
(1790953866.629093) can0 2A4#0001245BFFFD551E
(1790953866.629219) can0 2A5#0000133A000007CA
(1790953866.629348) can0 2A6#FFFFF84700000253
(1790953866.629471) can0 2A7#00004EADFFFFFD8E
(1790953866.633767) can0 2A1#0100010000000000
(1790953866.633871) can0 2A2#0000D54B000013A5
(1790953866.633993) can0 2A3#0002EB29FFFD410D
(1790953866.634120) can0 2A4#0001245BFFFD551E
(1790953866.634218) can0 2A5#0000133A000007CA
(1790953866.634343) can0 2A6#FFFFF84700000253
(1790953866.634469) can0 2A7#00004EADFFFFFD8E
(1790953866.638755) can0 2A1#0100010000000000
(1790953866.638869) can0 2A2#0000D54B000013A5
(1790953866.638995) can0 2A3#0002EB29FFFD410D
(1790953866.639091) can0 2A4#0001245BFFFD551E
(1790953866.639218) can0 2A5#0000133A000007CA
(1790953866.639343) can0 2A6#FFFFF84700000253
(1790953866.639443) can0 2A7#00004EADFFFFFD8E
(1790953866.643783) can0 2A1#0100010000000000
(1790953866.643869) can0 2A2#0000D54B000013A5
(1790953866.643993) can0 2A3#0002EB29FFFD410D
(1790953866.644121) can0 2A4#0001245BFFFD551E
(1790953866.644218) can0 2A5#0000133A000007CA
(1790953866.644343) can0 2A6#FFFFF84700000253
(1790953866.644469) can0 2A7#00004EADFFFFFD8E
(1790953866.648771) can0 2A1#0100010000000000
(1790953866.648868) can0 2A2#0000D54B000013A5
(1790953866.648995) can0 2A3#0002EB29FFFD410D
(1790953866.649092) can0 2A4#0001245BFFFD551E
(1790953866.649218) can0 2A5#0000133A000007CA
(1790953866.649342) can0 2A6#FFFFF84700000253
(1790953866.649445) can0 2A7#00004EADFFFFFD8E
(1790953866.653762) can0 2A1#0100010000000000
(1790953866.653869) can0 2A2#0000D54B000013A5
(1790953866.653994) can0 2A3#0002EB29FFFD410D
(1790953866.654119) can0 2A4#0001245BFFFD551E
(1790953866.654246) can0 2A5#0000133A000007CA
(1790953866.654346) can0 2A6#FFFFF84700000253
(1790953866.654471) can0 2A7#00004EADFFFFFD8E
(1790953866.658788) can0 2A1#0100010000000000
(1790953866.658843) can0 2A2#0000D54B000013A5
(1790953866.658969) can0 2A3#0002EB29FFFD410D
(1790953866.659092) can0 2A4#0001245BFFFD551E
(1790953866.659219) can0 2A5#0000133A000007CA
(1790953866.659344) can0 2A6#FFFFF84700000253
(1790953866.659467) can0 2A7#00004EADFFFFFD8E
(1790953866.663810) can0 2A1#0100010000000000
(1790953866.663876) can0 2A2#0000D54B000013A5
(1790953866.663994) can0 2A3#0002EB29FFFD410D
(1790953866.664095) can0 2A4#0001245BFFFD551E
(1790953866.664218) can0 2A5#0000133A000007CA
(1790953866.664343) can0 2A6#FFFFF84700000253
(1790953866.664468) can0 2A7#00004EADFFFFFD8E
(1790953866.668752) can0 2A1#0100010000000000
(1790953866.668869) can0 2A2#0000D54B000013A5
(1790953866.668995) can0 2A3#0002EB29FFFD410D
(1790953866.669091) can0 2A4#0001245BFFFD551E
(1790953866.669216) can0 2A5#0000133A000007CA
(1790953866.669341) can0 2A6#FFFFF84700000253
(1790953866.669470) can0 2A7#00004EADFFFFFD8E
(1790953866.673753) can0 2A1#0100010000000000
(1790953866.673870) can0 2A2#0000D54B000013A5
(1790953866.673993) can0 2A3#0002EB29FFFD410D
(1790953866.674121) can0 2A4#0001245BFFFD551E
(1790953866.674246) can0 2A5#0000133A000007CA
(1790953866.674344) can0 2A6#FFFFF84700000253
(1790953866.674469) can0 2A7#00004EADFFFFFD8E
(1790953866.678747) can0 2A1#0100010000000000
(1790953866.678867) can0 2A2#0000D54B000013A5
(1790953866.678993) can0 2A3#0002EB29FFFD410D
(1790953866.679094) can0 2A4#0001245BFFFD551E
(1790953866.679220) can0 2A5#0000133A000007CA
(1790953866.679343) can0 2A6#FFFFF84700000253
(1790953866.679468) can0 2A7#00004EADFFFFFD8E
(1790953866.683777) can0 2A1#0100010000000000
(1790953866.683868) can0 2A2#0000D54B000013A5
(1790953866.683993) can0 2A3#0002EB29FFFD410D
(1790953866.684116) can0 2A4#0001245BFFFD551E
(1790953866.684216) can0 2A5#0000133A000007CA
(1790953866.684341) can0 2A6#FFFFF84700000253
(1790953866.684466) can0 2A7#00004EADFFFFFD8E
(1790953866.688769) can0 2A1#0100010000000000
(1790953866.688869) can0 2A2#0000D54B000013A5
(1790953866.688994) can0 2A3#0002EB29FFFD410D
(1790953866.689092) can0 2A4#0001245BFFFD551E
(1790953866.689218) can0 2A5#0000133A000007CA
(1790953866.689343) can0 2A6#FFFFF84700000253
(1790953866.689468) can0 2A7#00004EADFFFFFD8E
(1790953866.693747) can0 2A1#0100010000000000
(1790953866.693867) can0 2A2#0000D54B000013A5
(1790953866.693993) can0 2A3#0002EB29FFFD410D
(1790953866.694119) can0 2A4#0001245BFFFD551E
(1790953866.694243) can0 2A5#0000133A000007CA
(1790953866.694342) can0 2A6#FFFFF84700000253
(1790953866.694467) can0 2A7#00004EADFFFFFD8E
(1790953866.698744) can0 2A1#0100010000000000
(1790953866.698843) can0 2A2#0000D54B000013A5
(1790953866.698995) can0 2A3#0002EB29FFFD410D
(1790953866.699095) can0 2A4#0001245BFFFD551E
(1790953866.699218) can0 2A5#0000133A000007CA
(1790953866.699343) can0 2A6#FFFFF84700000253
(1790953866.699466) can0 2A7#00004EADFFFFFD8E
(1790953866.703773) can0 2A1#0100010000000000
(1790953866.703879) can0 2A2#0000D54B000013A5
(1790953866.703996) can0 2A3#0002EB29FFFD410D
(1790953866.704101) can0 2A4#0001245BFFFD551E
(1790953866.704217) can0 2A5#0000133A000007CA
(1790953866.704369) can0 2A6#FFFFF84700000253
(1790953866.704467) can0 2A7#00004EADFFFFFD8E
(1790953866.708759) can0 2A1#0100010000000000
(1790953866.708846) can0 2A2#0000D54B000013A5
(1790953866.708975) can0 2A3#0002EB29FFFD410D
(1790953866.709095) can0 2A4#0001245BFFFD551E
(1790953866.709225) can0 2A5#0000133A000007CA
(1790953866.709349) can0 2A6#FFFFF84700000253
(1790953866.709472) can0 2A7#00004EADFFFFFD8E
(1790953866.713804) can0 2A1#0100010000000000
(1790953866.713875) can0 2A2#0000D54B000013A5
(1790953866.713998) can0 2A3#0002EB29FFFD410D
(1790953866.714095) can0 2A4#0001245BFFFD551E
(1790953866.714220) can0 2A5#0000133A000007CA
(1790953866.714342) can0 2A6#FFFFF84700000253
(1790953866.714469) can0 2A7#00004EADFFFFFD8E
(1790953866.718751) can0 2A1#0100010000000000
(1790953866.718841) can0 2A2#0000D54B000013A5
(1790953866.718966) can0 2A3#0002EB29FFFD410D
(1790953866.719089) can0 2A4#0001245BFFFD551E
(1790953866.719220) can0 2A5#0000133A000007CA
(1790953866.719342) can0 2A6#FFFFF84700000253
(1790953866.719467) can0 2A7#00004EADFFFFFD8E
(1790953866.723780) can0 2A1#0100010000000000
(1790953866.723877) can0 2A2#0000D54B000013A5
(1790953866.723997) can0 2A3#0002EB29FFFD410D
(1790953866.724095) can0 2A4#0001245BFFFD551E
(1790953866.724218) can0 2A5#0000133A000007CA
(1790953866.724344) can0 2A6#FFFFF84700000253
(1790953866.724469) can0 2A7#00004EADFFFFFD8E
(1790953866.728745) can0 2A1#0100010000000000
(1790953866.728870) can0 2A2#0000D54B000013A5
(1790953866.728966) can0 2A3#0002EB29FFFD410D
(1790953866.729093) can0 2A4#0001245BFFFD551E
(1790953866.729216) can0 2A5#0000133A000007CA
(1790953866.729341) can0 2A6#FFFFF84700000253
(1790953866.729442) can0 2A7#00004EADFFFFFD8E
(1790953866.733759) can0 2A1#0100010000000000
(1790953866.733873) can0 2A2#0000D54B000013A5
(1790953866.733995) can0 2A3#0002EB29FFFD410D
(1790953866.734119) can0 2A4#0001245BFFFD551E
(1790953866.734216) can0 2A5#0000133A000007CA
(1790953866.734348) can0 2A6#FFFFF84700000253
(1790953866.734468) can0 2A7#00004EADFFFFFD8E
(1790953866.738755) can0 2A1#0100010000000000
(1790953866.738867) can0 2A2#0000D54B000013A5
(1790953866.738993) can0 2A3#0002EB29FFFD410D
(1790953866.739092) can0 2A4#0001245BFFFD551E
(1790953866.739217) can0 2A5#0000133A000007CA
(1790953866.739342) can0 2A6#FFFFF84700000253
(1790953866.739467) can0 2A7#00004EADFFFFFD8E
(1790953866.743745) can0 2A1#0100010000000000
(1790953866.743869) can0 2A2#0000D54B000013A5
(1790953866.743994) can0 2A3#0002EB29FFFD410D
(1790953866.744119) can0 2A4#0001245BFFFD551E
(1790953866.744219) can0 2A5#0000133A000007CA
(1790953866.744344) can0 2A6#FFFFF84700000253
(1790953866.744470) can0 2A7#00004EADFFFFFD8E
(1790953866.748757) can0 2A1#0100010000000000
(1790953866.748871) can0 2A2#0000D54B000013A5
(1790953866.748996) can0 2A3#0002EB29FFFD410D
(1790953866.749101) can0 2A4#0001245BFFFD551E
(1790953866.749221) can0 2A5#0000133A000007CA
(1790953866.749345) can0 2A6#FFFFF84700000253
(1790953866.749469) can0 2A7#00004EADFFFFFD8E
(1790953866.753804) can0 2A1#0100010000000000
(1790953866.753870) can0 2A2#0000D54B000013A5
(1790953866.753999) can0 2A3#0002EB29FFFD410D
(1790953866.754095) can0 2A4#0001245BFFFD551E
(1790953866.754245) can0 2A5#0000133A000007CA
(1790953866.754344) can0 2A6#FFFFF84700000253
(1790953866.754470) can0 2A7#00004EADFFFFFD8E
(1790953866.758749) can0 2A1#0100010000000000
(1790953866.758842) can0 2A2#0000D54B000013A5
(1790953866.758997) can0 2A3#0002EB29FFFD410D
(1790953866.759093) can0 2A4#0001245BFFFD551E
(1790953866.759221) can0 2A5#0000133A000007CA
(1790953866.759346) can0 2A6#FFFFF84700000253
(1790953866.759470) can0 2A7#00004EADFFFFFD8E
(1790953866.763828) can0 2A1#0100010000000000
(1790953866.763875) can0 2A2#0000D54B000013A5
(1790953866.763994) can0 2A3#0002EB29FFFD410D
(1790953866.764096) can0 2A4#0001245BFFFD551E
(1790953866.764220) can0 2A5#0000133A000007CA
(1790953866.764369) can0 2A6#FFFFF84700000253
(1790953866.764470) can0 2A7#00004EADFFFFFD8E
(1790953866.768768) can0 2A1#0100010000000000
(1790953866.768845) can0 2A2#0000D54B000013A5
(1790953866.768969) can0 2A3#0002EB29FFFD410D
(1790953866.769095) can0 2A4#0001245BFFFD551E
(1790953866.769218) can0 2A5#0000133A000007CA
(1790953866.769346) can0 2A6#FFFFF84700000253
(1790953866.769468) can0 2A7#00004EADFFFFFD8E
(1790953866.773819) can0 2A1#0100010000000000
(1790953866.773872) can0 2A2#0000D54B000013A5
(1790953866.773993) can0 2A3#0002EB29FFFD410D
(1790953866.774121) can0 2A4#0001245BFFFD551E
(1790953866.774220) can0 2A5#0000133A000007CA
(1790953866.774345) can0 2A6#FFFFF84700000253
(1790953866.774467) can0 2A7#00004EADFFFFFD8E
(1790953866.778756) can0 2A1#0100010000000000
(1790953866.778869) can0 2A2#0000D54B000013A5
(1790953866.778968) can0 2A3#0002EB29FFFD410D
(1790953866.779093) can0 2A4#0001245BFFFD551E
(1790953866.779218) can0 2A5#0000133A000007CA
(1790953866.779343) can0 2A6#FFFFF84700000253
(1790953866.779444) can0 2A7#00004EADFFFFFD8E
(1790953866.783776) can0 2A1#0100010000000000
(1790953866.783880) can0 2A2#0000D54B000013A5
(1790953866.783995) can0 2A3#0002EB29FFFD410D
(1790953866.784131) can0 2A4#0001245BFFFD551E
(1790953866.784221) can0 2A5#0000133A000007CA
(1790953866.784345) can0 2A6#FFFFF84700000253
(1790953866.784470) can0 2A7#00004EADFFFFFD8E
(1790953866.788750) can0 2A1#0100010000000000
(1790953866.788871) can0 2A2#0000D54B000013A5
(1790953866.788996) can0 2A3#0002EB29FFFD410D
(1790953866.789095) can0 2A4#0001245BFFFD551E
(1790953866.789217) can0 2A5#0000133A000007CA
(1790953866.789342) can0 2A6#FFFFF84700000253
(1790953866.789468) can0 2A7#00004EADFFFFFD8E
(1790953866.793791) can0 2A1#0100010000000000
(1790953866.793867) can0 2A2#0000D54B000013A5
(1790953866.793992) can0 2A3#0002EB29FFFD410D
(1790953866.794092) can0 2A4#0001245BFFFD551E
(1790953866.794217) can0 2A5#0000133A000007CA
(1790953866.794343) can0 2A6#FFFFF84700000253
(1790953866.794467) can0 2A7#00004EADFFFFFD8E
(1790953866.798754) can0 2A1#0100010000000000
(1790953866.798848) can0 2A2#0000D54B000013A5
(1790953866.798969) can0 2A3#0002EB29FFFD410D
(1790953866.799092) can0 2A4#0001245BFFFD551E
(1790953866.799218) can0 2A5#0000133A000007CA
(1790953866.799344) can0 2A6#FFFFF84700000253
(1790953866.799469) can0 2A7#00004EADFFFFFD8E
(1790953866.803777) can0 2A1#0100010000000000
(1790953866.803869) can0 2A2#0000D54B000013A5
(1790953866.803994) can0 2A3#0002EB29FFFD410D
(1790953866.804094) can0 2A4#0001245BFFFD551E
(1790953866.804219) can0 2A5#0000133A000007CA
(1790953866.804343) can0 2A6#FFFFF84700000253
(1790953866.804469) can0 2A7#00004EADFFFFFD8E
(1790953866.808755) can0 2A1#0100010000000000
(1790953866.808842) can0 2A2#0000D54B000013A5
(1790953866.808967) can0 2A3#0002EB29FFFD410D
(1790953866.809092) can0 2A4#0001245BFFFD551E
(1790953866.809221) can0 2A5#0000133A000007CA
(1790953866.809342) can0 2A6#FFFFF84700000253
(1790953866.809467) can0 2A7#00004EADFFFFFD8E
(1790953866.813790) can0 2A1#0100010000000000
(1790953866.813871) can0 2A2#0000D54B000013A5
(1790953866.813994) can0 2A3#0002EB29FFFD410D
(1790953866.814094) can0 2A4#0001245BFFFD551E
(1790953866.814218) can0 2A5#0000133A000007CA
(1790953866.814346) can0 2A6#FFFFF84700000253
(1790953866.814470) can0 2A7#00004EADFFFFFD8E
(1790953866.818753) can0 2A1#0100010000000000
(1790953866.818872) can0 2A2#0000D54B000013A5
(1790953866.818970) can0 2A3#0002EB29FFFD410D
(1790953866.819094) can0 2A4#0001245BFFFD551E
(1790953866.819219) can0 2A5#0000133A000007CA
(1790953866.819345) can0 2A6#FFFFF84700000253
(1790953866.819444) can0 2A7#00004EADFFFFFD8E
(1790953866.823756) can0 2A1#0100010000000000
(1790953866.823905) can0 2A2#0000D54B000013A5
(1790953866.823997) can0 2A3#0002EB29FFFD410D
(1790953866.824120) can0 2A4#0001245BFFFD551E
(1790953866.824217) can0 2A5#0000133A000007CA
(1790953866.824345) can0 2A6#FFFFF84700000253
(1790953866.824469) can0 2A7#00004EADFFFFFD8E
(1790953866.828744) can0 2A1#0100010000000000
(1790953866.828870) can0 2A2#0000D54B000013A5
(1790953866.828968) can0 2A3#0002EB29FFFD410D
(1790953866.829093) can0 2A4#0001245BFFFD551E
(1790953866.829219) can0 2A5#0000133A000007CA
(1790953866.829344) can0 2A6#FFFFF84700000253
(1790953866.829444) can0 2A7#00004EADFFFFFD8E
(1790953866.833755) can0 2A1#0100010000000000
(1790953866.833872) can0 2A2#0000D54B000013A5
(1790953866.833996) can0 2A3#0002EB29FFFD410D
(1790953866.834121) can0 2A4#0001245BFFFD551E
(1790953866.834245) can0 2A5#0000133A000007CA
(1790953866.834345) can0 2A6#FFFFF84700000253
(1790953866.834470) can0 2A7#00004EADFFFFFD8E
(1790953866.838750) can0 2A1#0100010000000000
(1790953866.838842) can0 2A2#0000D54B000013A5
(1790953866.838970) can0 2A3#0002EB29FFFD410D
(1790953866.839094) can0 2A4#0001245BFFFD551E
(1790953866.839218) can0 2A5#0000133A000007CA
(1790953866.839344) can0 2A6#FFFFF84700000253
(1790953866.839470) can0 2A7#00004EADFFFFFD8E
(1790953866.843776) can0 2A1#0100010000000000
(1790953866.843867) can0 2A2#0000D54B000013A5
(1790953866.843994) can0 2A3#0002EB29FFFD410D
(1790953866.844118) can0 2A4#0001245BFFFD551E
(1790953866.844219) can0 2A5#0000133A000007CA
(1790953866.844344) can0 2A6#FFFFF84700000253
(1790953866.844469) can0 2A7#00004EADFFFFFD8E
(1790953866.848757) can0 2A1#0100010000000000
(1790953866.848870) can0 2A2#0000D54B000013A5
(1790953866.848971) can0 2A3#0002EB29FFFD410D
(1790953866.849093) can0 2A4#0001245BFFFD551E
(1790953866.849218) can0 2A5#0000133A000007CA
(1790953866.849343) can0 2A6#FFFFF84700000253
(1790953866.849468) can0 2A7#00004EADFFFFFD8E
(1790953866.853776) can0 2A1#0100010000000000
(1790953866.853868) can0 2A2#0000D54B000013A5
(1790953866.853994) can0 2A3#0002EB29FFFD410D
(1790953866.854093) can0 2A4#0001245BFFFD551E
(1790953866.854218) can0 2A5#0000133A000007CA
(1790953866.854369) can0 2A6#FFFFF84700000253
(1790953866.854468) can0 2A7#00004EADFFFFFD8E
(1790953866.858756) can0 2A1#0100010000000000
(1790953866.858842) can0 2A2#0000D54B000013A5
(1790953866.858994) can0 2A3#0002EB29FFFD410D
(1790953866.859092) can0 2A4#0001245BFFFD551E
(1790953866.859220) can0 2A5#0000133A000007CA
(1790953866.859344) can0 2A6#FFFFF84700000253
(1790953866.859468) can0 2A7#00004EADFFFFFD8E
(1790953866.863769) can0 2A1#0100010000000000
(1790953866.863868) can0 2A2#0000D54B000013A5
(1790953866.863993) can0 2A3#0002EB29FFFD410D
(1790953866.864121) can0 2A4#0001245BFFFD551E
(1790953866.864219) can0 2A5#0000133A000007CA
(1790953866.864344) can0 2A6#FFFFF84700000253
(1790953866.864469) can0 2A7#00004EADFFFFFD8E
(1790953866.868746) can0 2A1#0100010000000000
(1790953866.868867) can0 2A2#0000D54B000013A5
(1790953866.868967) can0 2A3#0002EB29FFFD410D
(1790953866.869092) can0 2A4#0001245BFFFD551E
(1790953866.869217) can0 2A5#0000133A000007CA
(1790953866.869347) can0 2A6#FFFFF84700000253
(1790953866.869469) can0 2A7#00004EADFFFFFD8E
(1790953866.873754) can0 2A1#0100010000000000
(1790953866.873873) can0 2A2#0000D54B000013A5
(1790953866.873994) can0 2A3#0002EB29FFFD410D
(1790953866.874117) can0 2A4#0001245BFFFD551E
(1790953866.874217) can0 2A5#0000133A000007CA
(1790953866.874343) can0 2A6#FFFFF84700000253
(1790953866.874470) can0 2A7#00004EADFFFFFD8E
(1790953866.878744) can0 2A1#0100010000000000
(1790953866.878872) can0 2A2#0000D54B000013A5
(1790953866.878994) can0 2A3#0002EB29FFFD410D
(1790953866.879092) can0 2A4#0001245BFFFD551E
(1790953866.879219) can0 2A5#0000133A000007CA
(1790953866.879344) can0 2A6#FFFFF84700000253
(1790953866.879469) can0 2A7#00004EADFFFFFD8E
(1790953866.883757) can0 2A1#0100010000000000
(1790953866.883867) can0 2A2#0000D54B000013A5
(1790953866.883994) can0 2A3#0002EB29FFFD410D
(1790953866.884119) can0 2A4#0001245BFFFD551E
(1790953866.884244) can0 2A5#0000133A000007CA
(1790953866.884344) can0 2A6#FFFFF84700000253
(1790953866.884467) can0 2A7#00004EADFFFFFD8E
(1790953866.888750) can0 2A1#0100010000000000
(1790953866.888870) can0 2A2#0000D54B000013A5
(1790953866.888969) can0 2A3#0002EB29FFFD410D
(1790953866.889093) can0 2A4#0001245BFFFD551E
(1790953866.889219) can0 2A5#0000133A000007CA
(1790953866.889342) can0 2A6#FFFFF84700000253
(1790953866.889467) can0 2A7#00004EADFFFFFD8E
(1790953866.893774) can0 2A1#0100010000000000
(1790953866.893875) can0 2A2#0000D54B000013A5
(1790953866.893994) can0 2A3#0002EB29FFFD410D
(1790953866.894118) can0 2A4#0001245BFFFD551E
(1790953866.894220) can0 2A5#0000133A000007CA
(1790953866.894346) can0 2A6#FFFFF84700000253
(1790953866.894468) can0 2A7#00004EADFFFFFD8E
(1790953866.898764) can0 2A1#0100010000000000
(1790953866.898842) can0 2A2#0000D54B000013A5
(1790953866.898968) can0 2A3#0002EB29FFFD410D
(1790953866.899093) can0 2A4#0001245BFFFD551E
(1790953866.899218) can0 2A5#0000133A000007CA
(1790953866.899345) can0 2A6#FFFFF84700000253
(1790953866.899471) can0 2A7#00004EADFFFFFD8E
(1790953866.903839) can0 2A1#0100010000000000
(1790953866.903904) can0 2A2#0000D54B000013A5
(1790953866.903994) can0 2A3#0002EB29FFFD410D
(1790953866.904093) can0 2A4#0001245BFFFD551E
(1790953866.904222) can0 2A5#0000133A000007CA
(1790953866.904349) can0 2A6#FFFFF84700000253
(1790953866.904483) can0 2A7#00004EADFFFFFD8E
(1790953866.908748) can0 2A1#0100010000000000
(1790953866.908869) can0 2A2#0000D54B000013A5
(1790953866.908970) can0 2A3#0002EB29FFFD410D
(1790953866.909093) can0 2A4#0001245BFFFD551E
(1790953866.909219) can0 2A5#0000133A000007CA
(1790953866.909344) can0 2A6#FFFFF84700000253
(1790953866.909445) can0 2A7#00004EADFFFFFD8E
(1790953866.913747) can0 2A1#0100010000000000
(1790953866.913870) can0 2A2#0000D54B000013A5
(1790953866.913991) can0 2A3#0002EB29FFFD410D
(1790953866.914115) can0 2A4#0001245BFFFD551E
(1790953866.914215) can0 2A5#0000133A000007CA
(1790953866.914340) can0 2A6#FFFFF84700000253
(1790953866.914466) can0 2A7#00004EADFFFFFD8E
(1790953866.918757) can0 2A1#0100010000000000
(1790953866.918846) can0 2A2#0000D54B000013A5
(1790953866.918994) can0 2A3#0002EB29FFFD410D
(1790953866.919094) can0 2A4#0001245BFFFD551E
(1790953866.919219) can0 2A5#0000133A000007CA
(1790953866.919368) can0 2A6#FFFFF84700000253
(1790953866.919468) can0 2A7#00004EADFFFFFD8E
(1790953866.923773) can0 2A1#0100010000000000
(1790953866.923884) can0 2A2#0000D54B000013A5
(1790953866.923992) can0 2A3#0002EB29FFFD410D
(1790953866.924091) can0 2A4#0001245BFFFD551E
(1790953866.924241) can0 2A5#0000133A000007CA
(1790953866.924342) can0 2A6#FFFFF84700000253
(1790953866.924466) can0 2A7#00004EADFFFFFD8E
(1790953866.928747) can0 2A1#0100010000000000
(1790953866.928842) can0 2A2#0000D54B000013A5
(1790953866.928992) can0 2A3#0002EB29FFFD410D
(1790953866.929091) can0 2A4#0001245BFFFD551E
(1790953866.929217) can0 2A5#0000133A000007CA
(1790953866.929342) can0 2A6#FFFFF84700000253
(1790953866.929465) can0 2A7#00004EADFFFFFD8E
(1790953866.933779) can0 2A1#0100010000000000
(1790953866.933872) can0 2A2#0000D54B000013A5
(1790953866.933993) can0 2A3#0002EB29FFFD410D
(1790953866.934119) can0 2A4#0001245BFFFD551E
(1790953866.934220) can0 2A5#0000133A000007CA
(1790953866.934369) can0 2A6#FFFFF84700000253
(1790953866.934468) can0 2A7#00004EADFFFFFD8E
(1790953866.938750) can0 2A1#0100010000000000
(1790953866.938872) can0 2A2#0000D54B000013A5
(1790953866.938969) can0 2A3#0002EB29FFFD410D
(1790953866.939095) can0 2A4#0001245BFFFD551E
(1790953866.939218) can0 2A5#0000133A000007CA
(1790953866.939343) can0 2A6#FFFFF84700000253
(1790953866.939472) can0 2A7#00004EADFFFFFD8E
(1790953866.943780) can0 2A1#0100010000000000
(1790953866.943881) can0 2A2#0000D54B000013A5
(1790953866.943996) can0 2A3#0002EB29FFFD410D
(1790953866.944120) can0 2A4#0001245BFFFD551E
(1790953866.944245) can0 2A5#0000133A000007CA
(1790953866.944344) can0 2A6#FFFFF84700000253
(1790953866.944470) can0 2A7#00004EADFFFFFD8E
(1790953866.948763) can0 2A1#0100010000000000
(1790953866.948842) can0 2A2#0000D54B000013A5
(1790953866.948993) can0 2A3#0002EB29FFFD410D
(1790953866.949093) can0 2A4#0001245BFFFD551E
(1790953866.949218) can0 2A5#0000133A000007CA
(1790953866.949346) can0 2A6#FFFFF84700000253
(1790953866.949471) can0 2A7#00004EADFFFFFD8E
(1790953866.953775) can0 2A1#0100010000000000
(1790953866.953869) can0 2A2#0000D54B000013A5
(1790953866.953993) can0 2A3#0002EB29FFFD410D
(1790953866.954118) can0 2A4#0001245BFFFD551E
(1790953866.954245) can0 2A5#0000133A000007CA
(1790953866.954343) can0 2A6#FFFFF84700000253
(1790953866.954468) can0 2A7#00004EADFFFFFD8E
(1790953866.958755) can0 2A1#0100010000000000
(1790953866.958844) can0 2A2#0000D54B000013A5
(1790953866.958969) can0 2A3#0002EB29FFFD410D
(1790953866.959094) can0 2A4#0001245BFFFD551E
(1790953866.959220) can0 2A5#0000133A000007CA
(1790953866.959345) can0 2A6#FFFFF84700000253
(1790953866.959471) can0 2A7#00004EADFFFFFD8E
(1790953866.963789) can0 2A1#0100010000000000
(1790953866.963879) can0 2A2#0000D54B000013A5
(1790953866.963998) can0 2A3#0002EB29FFFD410D
(1790953866.964126) can0 2A4#0001245BFFFD551E
(1790953866.964260) can0 2A5#0000133A000007CA
(1790953866.964373) can0 2A6#FFFFF84700000253
(1790953866.964472) can0 2A7#00004EADFFFFFD8E
(1790953866.968753) can0 2A1#0100010000000000
(1790953866.968868) can0 2A2#0000D54B000013A5
(1790953866.968991) can0 2A3#0002EB29FFFD410D
(1790953866.969091) can0 2A4#0001245BFFFD551E
(1790953866.969217) can0 2A5#0000133A000007CA
(1790953866.969345) can0 2A6#FFFFF84700000253
(1790953866.969468) can0 2A7#00004EADFFFFFD8E
(1790953866.973758) can0 2A1#0100010000000000
(1790953866.973877) can0 2A2#0000D54B000013A5
(1790953866.974002) can0 2A3#0002EB29FFFD410D
(1790953866.974116) can0 2A4#0001245BFFFD551E
(1790953866.974240) can0 2A5#0000133A000007CA
(1790953866.974377) can0 2A6#FFFFF84700000253
(1790953866.974468) can0 2A7#00004EADFFFFFD8E
(1790953866.978749) can0 2A1#0100010000000000
(1790953866.978842) can0 2A2#0000D54B000013A5
(1790953866.978970) can0 2A3#0002EB29FFFD410D
(1790953866.979119) can0 2A4#0001245BFFFD551E
(1790953866.979216) can0 2A5#0000133A000007CA
(1790953866.979344) can0 2A6#FFFFF84700000253
(1790953866.979466) can0 2A7#00004EADFFFFFD8E
(1790953866.983806) can0 2A1#0100010000000000
(1790953866.983875) can0 2A2#0000D54B000013A5
(1790953866.983997) can0 2A3#0002EB29FFFD410D
(1790953866.984095) can0 2A4#0001245BFFFD551E
(1790953866.984244) can0 2A5#0000133A000007CA
(1790953866.984345) can0 2A6#FFFFF84700000253
(1790953866.984468) can0 2A7#00004EADFFFFFD8E
(1790953866.988774) can0 2A1#0100010000000000
(1790953866.988878) can0 2A2#0000D54B000013A5
(1790953866.988969) can0 2A3#0002EB29FFFD410D
(1790953866.989093) can0 2A4#0001245BFFFD551E
(1790953866.989217) can0 2A5#0000133A000007CA
(1790953866.989342) can0 2A6#FFFFF84700000253
(1790953866.989468) can0 2A7#00004EADFFFFFD8E
(1790953866.993802) can0 2A1#0100010000000000
(1790953866.993877) can0 2A2#0000D54B000013A5
(1790953866.993995) can0 2A3#0002EB29FFFD410D
(1790953866.994122) can0 2A4#0001245BFFFD551E
(1790953866.994218) can0 2A5#0000133A000007CA
(1790953866.994353) can0 2A6#FFFFF84700000253
(1790953866.994469) can0 2A7#00004EADFFFFFD8E
(1790953866.998786) can0 2A1#0100010000000000
(1790953866.998873) can0 2A2#0000D54B000013A5
(1790953866.998994) can0 2A3#0002EB29FFFD410D
(1790953866.999092) can0 2A4#0001245BFFFD551E
(1790953866.999218) can0 2A5#0000133A000007CA
(1790953866.999343) can0 2A6#FFFFF84700000253
(1790953866.999468) can0 2A7#00004EADFFFFFD8E
(1790953867.003775) can0 2A1#0100010000000000
(1790953867.003872) can0 2A2#0000D54B000013A5
(1790953867.003994) can0 2A3#0002EB29FFFD410D
(1790953867.004118) can0 2A4#0001245BFFFD551E
(1790953867.004242) can0 2A5#0000133A000007CA
(1790953867.004343) can0 2A6#FFFFF84700000253
(1790953867.004468) can0 2A7#00004EADFFFFFD8E
(1790953867.008762) can0 2A1#0100010000000000
(1790953867.008890) can0 2A2#0000D54B000013A5
(1790953867.008994) can0 2A3#0002EB29FFFD410D
(1790953867.009093) can0 2A4#0001245BFFFD551E
(1790953867.009217) can0 2A5#0000133A000007CA
(1790953867.009343) can0 2A6#FFFFF84700000253
(1790953867.009468) can0 2A7#00004EADFFFFFD8E
(1790953867.013797) can0 2A1#0100010000000000
(1790953867.013875) can0 2A2#0000D54B000013A5
(1790953867.013997) can0 2A3#0002EB29FFFD410D
(1790953867.014117) can0 2A4#0001245BFFFD551E
(1790953867.014244) can0 2A5#0000133A000007CA
(1790953867.014343) can0 2A6#FFFFF84700000253
(1790953867.014468) can0 2A7#00004EADFFFFFD8E
(1790953867.018771) can0 2A1#0100010000000000
(1790953867.018889) can0 2A2#0000D54B000013A5
(1790953867.018994) can0 2A3#0002EB29FFFD410D
(1790953867.019118) can0 2A4#0001245BFFFD551E
(1790953867.019218) can0 2A5#0000133A000007CA
(1790953867.019343) can0 2A6#FFFFF84700000253
(1790953867.019468) can0 2A7#00004EADFFFFFD8E
(1790953867.023785) can0 2A1#0100010000000000
(1790953867.023874) can0 2A2#0000D54B000013A5
(1790953867.023992) can0 2A3#0002EB29FFFD410D
(1790953867.024119) can0 2A4#0001245BFFFD551E
(1790953867.024244) can0 2A5#0000133A000007CA
(1790953867.024344) can0 2A6#FFFFF84700000253
(1790953867.024470) can0 2A7#00004EADFFFFFD8E
(1790953867.028761) can0 2A1#0100010000000000
(1790953867.028875) can0 2A2#0000D54B000013A5
(1790953867.028993) can0 2A3#0002EB29FFFD410D
(1790953867.029094) can0 2A4#0001245BFFFD551E
(1790953867.029233) can0 2A5#0000133A000007CA
(1790953867.029344) can0 2A6#FFFFF84700000253
(1790953867.029467) can0 2A7#00004EADFFFFFD8E
(1790953867.033785) can0 2A1#0100010000000000
(1790953867.033879) can0 2A2#0000D54B000013A5
(1790953867.033995) can0 2A3#0002EB29FFFD410D
(1790953867.034119) can0 2A4#0001245BFFFD551E
(1790953867.034219) can0 2A5#0000133A000007CA
(1790953867.034343) can0 2A6#FFFFF84700000253
(1790953867.034469) can0 2A7#00004EADFFFFFD8E
(1790953867.038754) can0 2A1#0100010000000000
(1790953867.038881) can0 2A2#0000D54B000013A5
(1790953867.038980) can0 2A3#0002EB29FFFD410D
(1790953867.039120) can0 2A4#0001245BFFFD551E
(1790953867.039217) can0 2A5#0000133A000007CA
(1790953867.039343) can0 2A6#FFFFF84700000253
(1790953867.039468) can0 2A7#00004EADFFFFFD8E
(1790953867.043780) can0 2A1#0100010000000000
(1790953867.043871) can0 2A2#0000D54B000013A5
(1790953867.043991) can0 2A3#0002EB29FFFD410D
(1790953867.044116) can0 2A4#0001245BFFFD551E
(1790953867.044240) can0 2A5#0000133A000007CA
(1790953867.044365) can0 2A6#FFFFF84700000253
(1790953867.044491) can0 2A7#00004EADFFFFFD8E
(1790953867.048753) can0 2A1#0100010000000000
(1790953867.048873) can0 2A2#0000D54B000013A5
(1790953867.048993) can0 2A3#0002EB29FFFD410D
(1790953867.049091) can0 2A4#0001245BFFFD551E
(1790953867.049216) can0 2A5#0000133A000007CA
(1790953867.049341) can0 2A6#FFFFF84700000253
(1790953867.049466) can0 2A7#00004EADFFFFFD8E
(1790953867.053781) can0 2A1#0100010000000000
(1790953867.053871) can0 2A2#0000D54B000013A5
(1790953867.053992) can0 2A3#0002EB29FFFD410D
(1790953867.054117) can0 2A4#0001245BFFFD551E
(1790953867.054242) can0 2A5#0000133A000007CA
(1790953867.054367) can0 2A6#FFFFF84700000253
(1790953867.054468) can0 2A7#00004EADFFFFFD8E
(1790953867.058751) can0 2A1#0100010000000000
(1790953867.058866) can0 2A2#0000D54B000013A5
(1790953867.058992) can0 2A3#0002EB29FFFD410D
(1790953867.059094) can0 2A4#0001245BFFFD551E
(1790953867.059216) can0 2A5#0000133A000007CA
(1790953867.059340) can0 2A6#FFFFF84700000253
(1790953867.059470) can0 2A7#00004EADFFFFFD8E
(1790953867.063774) can0 2A1#0100010000000000
(1790953867.063871) can0 2A2#0000D54B000013A5
(1790953867.063993) can0 2A3#0002EB29FFFD410D
(1790953867.064119) can0 2A4#0001245BFFFD551E
(1790953867.064218) can0 2A5#0000133A000007CA
(1790953867.064367) can0 2A6#FFFFF84700000253
(1790953867.064467) can0 2A7#00004EADFFFFFD8E
(1790953867.068760) can0 2A1#0100010000000000
(1790953867.068889) can0 2A2#0000D54B000013A5
(1790953867.068998) can0 2A3#0002EB29FFFD410D
(1790953867.069122) can0 2A4#0001245BFFFD551E
(1790953867.069219) can0 2A5#0000133A000007CA
(1790953867.069346) can0 2A6#FFFFF84700000253
(1790953867.069472) can0 2A7#00004EADFFFFFD8E
(1790953867.073776) can0 2A1#0100010000000000
(1790953867.073882) can0 2A2#0000D54B000013A5
(1790953867.073995) can0 2A3#0002EB29FFFD410D
(1790953867.074119) can0 2A4#0001245BFFFD551E
(1790953867.074217) can0 2A5#0000133A000007CA
(1790953867.074368) can0 2A6#FFFFF84700000253
(1790953867.074467) can0 2A7#00004EADFFFFFD8E
(1790953867.078749) can0 2A1#0100010000000000
(1790953867.078870) can0 2A2#0000D54B000013A5
(1790953867.078971) can0 2A3#0002EB29FFFD410D
(1790953867.079126) can0 2A4#0001245BFFFD551E
(1790953867.079218) can0 2A5#0000133A000007CA
(1790953867.079347) can0 2A6#FFFFF84700000253
(1790953867.079472) can0 2A7#00004EADFFFFFD8E
(1790953867.083797) can0 2A1#0100010000000000
(1790953867.083872) can0 2A2#0000D54B000013A5
(1790953867.083995) can0 2A3#0002EB29FFFD410D
(1790953867.084119) can0 2A4#0001245BFFFD551E
(1790953867.084244) can0 2A5#0000133A000007CA
(1790953867.084342) can0 2A6#FFFFF84700000253
(1790953867.084469) can0 2A7#00004EADFFFFFD8E
(1790953867.088751) can0 2A1#0100010000000000
(1790953867.088843) can0 2A2#0000D54B000013A5
(1790953867.088995) can0 2A3#0002EB29FFFD410D
(1790953867.089119) can0 2A4#0001245BFFFD551E
(1790953867.089219) can0 2A5#0000133A000007CA
(1790953867.089344) can0 2A6#FFFFF84700000253
(1790953867.089471) can0 2A7#00004EADFFFFFD8E
(1790953867.093780) can0 2A1#0100010000000000
(1790953867.093880) can0 2A2#0000D54B000013A5
(1790953867.093993) can0 2A3#0002EB29FFFD410D
(1790953867.094119) can0 2A4#0001245BFFFD551E
(1790953867.094241) can0 2A5#0000133A000007CA
(1790953867.094368) can0 2A6#FFFFF84700000253
(1790953867.094466) can0 2A7#00004EADFFFFFD8E
(1790953867.098754) can0 2A1#0100010000000000
(1790953867.098869) can0 2A2#0000D54B000013A5
(1790953867.098996) can0 2A3#0002EB29FFFD410D
(1790953867.099095) can0 2A4#0001245BFFFD551E
(1790953867.099225) can0 2A5#0000133A000007CA
(1790953867.099343) can0 2A6#FFFFF84700000253
(1790953867.099470) can0 2A7#00004EADFFFFFD8E
(1790953867.103745) can0 2A1#0100010000000000
(1790953867.103889) can0 2A2#0000D54B000013A5
(1790953867.103996) can0 2A3#0002EB29FFFD410D
(1790953867.104131) can0 2A4#0001245BFFFD551E
(1790953867.104244) can0 2A5#0000133A000007CA
(1790953867.104345) can0 2A6#FFFFF84700000253
(1790953867.104471) can0 2A7#00004EADFFFFFD8E
(1790953867.108749) can0 2A1#0100010000000000
(1790953867.108867) can0 2A2#0000D54B000013A5
(1790953867.108992) can0 2A3#0002EB29FFFD410D
(1790953867.109092) can0 2A4#0001245BFFFD551E
(1790953867.109217) can0 2A5#0000133A000007CA
(1790953867.109342) can0 2A6#FFFFF84700000253
(1790953867.109466) can0 2A7#00004EADFFFFFD8E
(1790953867.113752) can0 2A1#0100010000000000
(1790953867.113874) can0 2A2#0000D54B000013A5
(1790953867.113998) can0 2A3#0002EB29FFFD410D
(1790953867.114123) can0 2A4#0001245BFFFD551E
(1790953867.114244) can0 2A5#0000133A000007CA
(1790953867.114371) can0 2A6#FFFFF84700000253
(1790953867.114471) can0 2A7#00004EADFFFFFD8E
(1790953867.118761) can0 2A1#0100010000000000
(1790953867.118871) can0 2A2#0000D54B000013A5
(1790953867.118970) can0 2A3#0002EB29FFFD410D
(1790953867.119122) can0 2A4#0001245BFFFD551E
(1790953867.119218) can0 2A5#0000133A000007CA
(1790953867.119344) can0 2A6#FFFFF84700000253
(1790953867.119471) can0 2A7#00004EADFFFFFD8E
(1790953867.123775) can0 2A1#0100010000000000
(1790953867.123871) can0 2A2#0000D54B000013A5
(1790953867.123993) can0 2A3#0002EB29FFFD410D
(1790953867.124117) can0 2A4#0001245BFFFD551E
(1790953867.124217) can0 2A5#0000133A000007CA
(1790953867.124342) can0 2A6#FFFFF84700000253
(1790953867.124492) can0 2A7#00004EADFFFFFD8E
(1790953867.128743) can0 2A1#0100010000000000
(1790953867.128844) can0 2A2#0000D54B000013A5
(1790953867.128996) can0 2A3#0002EB29FFFD410D
(1790953867.129094) can0 2A4#0001245BFFFD551E
(1790953867.129219) can0 2A5#0000133A000007CA
(1790953867.129351) can0 2A6#FFFFF84700000253
(1790953867.129471) can0 2A7#00004EADFFFFFD8E
(1790953867.133784) can0 2A1#0100010000000000
(1790953867.133885) can0 2A2#0000D54B000013A5
(1790953867.134009) can0 2A3#0002EB29FFFD410D
(1790953867.134119) can0 2A4#0001245BFFFD551E
(1790953867.134244) can0 2A5#0000133A000007CA
(1790953867.134369) can0 2A6#FFFFF84700000253
(1790953867.134472) can0 2A7#00004EADFFFFFD8E
(1790953867.138756) can0 2A1#0100010000000000
(1790953867.138847) can0 2A2#0000D54B000013A5
(1790953867.138996) can0 2A3#0002EB29FFFD410D
(1790953867.139120) can0 2A4#0001245BFFFD551E
(1790953867.139221) can0 2A5#0000133A000007CA
(1790953867.139345) can0 2A6#FFFFF84700000253
(1790953867.139471) can0 2A7#00004EADFFFFFD8E
(1790953867.143786) can0 2A1#0100010000000000
(1790953867.143880) can0 2A2#0000D54B000013A5
(1790953867.143993) can0 2A3#0002EB29FFFD410D
(1790953867.144118) can0 2A4#0001245BFFFD551E
(1790953867.144243) can0 2A5#0000133A000007CA
(1790953867.144368) can0 2A6#FFFFF84700000253
(1790953867.144468) can0 2A7#00004EADFFFFFD8E
(1790953867.148757) can0 2A1#0100010000000000
(1790953867.148874) can0 2A2#0000D54B000013A5
(1790953867.148995) can0 2A3#0002EB29FFFD410D
(1790953867.149095) can0 2A4#0001245BFFFD551E
(1790953867.149222) can0 2A5#0000133A000007CA
(1790953867.149344) can0 2A6#FFFFF84700000253
(1790953867.149469) can0 2A7#00004EADFFFFFD8E
(1790953867.153783) can0 2A1#0100010000000000
(1790953867.153876) can0 2A2#0000D54B000013A5
(1790953867.153996) can0 2A3#0002EB29FFFD410D
(1790953867.154120) can0 2A4#0001245BFFFD551E
(1790953867.154244) can0 2A5#0000133A000007CA
(1790953867.154369) can0 2A6#FFFFF84700000253
(1790953867.154469) can0 2A7#00004EADFFFFFD8E
(1790953867.158758) can0 2A1#0100010000000000
(1790953867.158877) can0 2A2#0000D54B000013A5
(1790953867.158992) can0 2A3#0002EB29FFFD410D
(1790953867.159091) can0 2A4#0001245BFFFD551E
(1790953867.159216) can0 2A5#0000133A000007CA
(1790953867.159341) can0 2A6#FFFFF84700000253
(1790953867.159470) can0 2A7#00004EADFFFFFD8E
(1790953867.163780) can0 2A1#0100010000000000
(1790953867.163874) can0 2A2#0000D54B000013A5
(1790953867.163996) can0 2A3#0002EB29FFFD410D
(1790953867.164120) can0 2A4#0001245BFFFD551E
(1790953867.164243) can0 2A5#0000133A000007CA
(1790953867.164370) can0 2A6#FFFFF84700000253
(1790953867.164468) can0 2A7#00004EADFFFFFD8E
(1790953867.168745) can0 2A1#0100010000000000
(1790953867.168844) can0 2A2#0000D54B000013A5
(1790953867.168995) can0 2A3#0002EB29FFFD410D
(1790953867.169095) can0 2A4#0001245BFFFD551E
(1790953867.169220) can0 2A5#0000133A000007CA
(1790953867.169345) can0 2A6#FFFFF84700000253
(1790953867.169469) can0 2A7#00004EADFFFFFD8E
(1790953867.173778) can0 2A1#0100010000000000
(1790953867.173875) can0 2A2#0000D54B000013A5
(1790953867.174005) can0 2A3#0002EB29FFFD410D
(1790953867.174118) can0 2A4#0001245BFFFD551E
(1790953867.174224) can0 2A5#0000133A000007CA
(1790953867.174345) can0 2A6#FFFFF84700000253
(1790953867.174496) can0 2A7#00004EADFFFFFD8E
(1790953867.178749) can0 2A1#0100010000000000
(1790953867.178870) can0 2A2#0000D54B000013A5
(1790953867.178996) can0 2A3#0002EB29FFFD410D
(1790953867.179122) can0 2A4#0001245BFFFD551E
(1790953867.179218) can0 2A5#0000133A000007CA
(1790953867.179346) can0 2A6#FFFFF84700000253
(1790953867.179471) can0 2A7#00004EADFFFFFD8E
(1790953867.183790) can0 2A1#0100010000000000
(1790953867.183882) can0 2A2#0000D54B000013A5
(1790953867.183996) can0 2A3#0002EB29FFFD410D
(1790953867.184121) can0 2A4#0001245BFFFD551E
(1790953867.184245) can0 2A5#0000133A000007CA
(1790953867.184369) can0 2A6#FFFFF84700000253
(1790953867.184472) can0 2A7#00004EADFFFFFD8E
(1790953867.188754) can0 2A1#0100010000000000
(1790953867.188844) can0 2A2#0000D54B000013A5
(1790953867.188997) can0 2A3#0002EB29FFFD410D
(1790953867.189120) can0 2A4#0001245BFFFD551E
(1790953867.189219) can0 2A5#0000133A000007CA
(1790953867.189344) can0 2A6#FFFFF84700000253
(1790953867.189469) can0 2A7#00004EADFFFFFD8E
(1790953867.193784) can0 2A1#0100010000000000
(1790953867.193917) can0 2A2#0000D54B000013A5
(1790953867.193991) can0 2A3#0002EB29FFFD410D
(1790953867.194092) can0 2A4#0001245BFFFD551E
(1790953867.194217) can0 2A5#0000133A000007CA
(1790953867.194343) can0 2A6#FFFFF84700000253
(1790953867.194494) can0 2A7#00004EADFFFFFD8E
(1790953867.198750) can0 2A1#0100010000000000
(1790953867.198868) can0 2A2#0000D54B000013A5
(1790953867.198992) can0 2A3#0002EB29FFFD410D
(1790953867.199092) can0 2A4#0001245BFFFD551E
(1790953867.199220) can0 2A5#0000133A000007CA
(1790953867.199343) can0 2A6#FFFFF84700000253
(1790953867.199467) can0 2A7#00004EADFFFFFD8E
(1790953867.203791) can0 2A1#0100010000000000
(1790953867.203869) can0 2A2#0000D54B000013A5
(1790953867.203995) can0 2A3#0002EB29FFFD410D
(1790953867.204119) can0 2A4#0001245BFFFD551E
(1790953867.204244) can0 2A5#0000133A000007CA
(1790953867.204367) can0 2A6#FFFFF84700000253
(1790953867.204470) can0 2A7#00004EADFFFFFD8E
(1790953867.208752) can0 2A1#0100010000000000
(1790953867.208879) can0 2A2#0000D54B000013A5
(1790953867.208968) can0 2A3#0002EB29FFFD410D
(1790953867.209117) can0 2A4#0001245BFFFD551E
(1790953867.209216) can0 2A5#0000133A000007CA
(1790953867.209342) can0 2A6#FFFFF84700000253
(1790953867.209467) can0 2A7#00004EADFFFFFD8E
(1790953867.213782) can0 2A1#0100010000000000
(1790953867.213872) can0 2A2#0000D54B000013A5
(1790953867.213995) can0 2A3#0002EB29FFFD410D
(1790953867.214120) can0 2A4#0001245BFFFD551E
(1790953867.214244) can0 2A5#0000133A000007CA
(1790953867.214345) can0 2A6#FFFFF84700000253
(1790953867.214494) can0 2A7#00004EADFFFFFD8E
(1790953867.218758) can0 2A1#0100010000000000
(1790953867.218872) can0 2A2#0000D54B000013A5
(1790953867.218969) can0 2A3#0002EB29FFFD410D
(1790953867.219120) can0 2A4#0001245BFFFD551E
(1790953867.219219) can0 2A5#0000133A000007CA
(1790953867.219344) can0 2A6#FFFFF84700000253
(1790953867.219469) can0 2A7#00004EADFFFFFD8E
(1790953867.223783) can0 2A1#0100010000000000
(1790953867.223877) can0 2A2#0000D54B000013A5
(1790953867.223995) can0 2A3#0002EB29FFFD410D
(1790953867.224118) can0 2A4#0001245BFFFD551E
(1790953867.224242) can0 2A5#0000133A000007CA
(1790953867.224367) can0 2A6#FFFFF84700000253
(1790953867.224466) can0 2A7#00004EADFFFFFD8E
(1790953867.228742) can0 2A1#0100010000000000
(1790953867.228874) can0 2A2#0000D54B000013A5
(1790953867.228993) can0 2A3#0002EB29FFFD410D
(1790953867.229105) can0 2A4#0001245BFFFD551E
(1790953867.229217) can0 2A5#0000133A000007CA
(1790953867.229360) can0 2A6#FFFFF84700000253
(1790953867.229470) can0 2A7#00004EADFFFFFD8E
(1790953867.233782) can0 2A1#0100010000000000
(1790953867.233892) can0 2A2#0000D54B000013A5
(1790953867.233993) can0 2A3#0002EB29FFFD410D
(1790953867.234121) can0 2A4#0001245BFFFD551E
(1790953867.234243) can0 2A5#0000133A000007CA
(1790953867.234369) can0 2A6#FFFFF84700000253
(1790953867.234468) can0 2A7#00004EADFFFFFD8E
(1790953867.238749) can0 2A1#0100010000000000
(1790953867.238843) can0 2A2#0000D54B000013A5
(1790953867.238995) can0 2A3#0002EB29FFFD410D
(1790953867.239096) can0 2A4#0001245BFFFD551E
(1790953867.239220) can0 2A5#0000133A000007CA
(1790953867.239348) can0 2A6#FFFFF84700000253
(1790953867.239468) can0 2A7#00004EADFFFFFD8E
(1790953867.243776) can0 2A1#0100010000000000
(1790953867.243869) can0 2A2#0000D54B000013A5
(1790953867.243994) can0 2A3#0002EB29FFFD410D
(1790953867.244120) can0 2A4#0001245BFFFD551E
(1790953867.244221) can0 2A5#0000133A000007CA
(1790953867.244346) can0 2A6#FFFFF84700000253
(1790953867.244495) can0 2A7#00004EADFFFFFD8E
(1790953867.248755) can0 2A1#0100010000000000
(1790953867.248876) can0 2A2#0000D54B000013A5
(1790953867.248995) can0 2A3#0002EB29FFFD410D
(1790953867.249095) can0 2A4#0001245BFFFD551E
(1790953867.249219) can0 2A5#0000133A000007CA
(1790953867.249344) can0 2A6#FFFFF84700000253
(1790953867.249468) can0 2A7#00004EADFFFFFD8E
(1790953867.253816) can0 2A1#0100010000000000
(1790953867.253876) can0 2A2#0000D54B000013A5
(1790953867.253999) can0 2A3#0002EB29FFFD410D
(1790953867.254125) can0 2A4#0001245BFFFD551E
(1790953867.254250) can0 2A5#0000133A000007CA
(1790953867.254348) can0 2A6#FFFFF84700000253
(1790953867.254496) can0 2A7#00004EADFFFFFD8E
(1790953867.258753) can0 2A1#0100010000000000
(1790953867.258876) can0 2A2#0000D54B000013A5
(1790953867.258966) can0 2A3#0002EB29FFFD410D
(1790953867.259091) can0 2A4#0001245BFFFD551E
(1790953867.259216) can0 2A5#0000133A000007CA
(1790953867.259345) can0 2A6#FFFFF84700000253
(1790953867.259482) can0 2A7#00004EADFFFFFD8E
(1790953867.263779) can0 2A1#0100010000000000
(1790953867.263870) can0 2A2#0000D54B000013A5
(1790953867.263992) can0 2A3#0002EB29FFFD410D
(1790953867.264117) can0 2A4#0001245BFFFD551E
(1790953867.264216) can0 2A5#0000133A000007CA
(1790953867.264368) can0 2A6#FFFFF84700000253
(1790953867.264468) can0 2A7#00004EADFFFFFD8E
(1790953867.268754) can0 2A1#0100010000000000
(1790953867.268874) can0 2A2#0000D54B000013A5
(1790953867.268992) can0 2A3#0002EB29FFFD410D
(1790953867.269175) can0 2A4#0001245BFFFD551E
(1790953867.269216) can0 2A5#0000133A000007CA
(1790953867.269342) can0 2A6#FFFFF84700000253
(1790953867.269468) can0 2A7#00004EADFFFFFD8E
(1790953867.273781) can0 2A1#0100010000000000
(1790953867.273873) can0 2A2#0000D54B000013A5
(1790953867.273994) can0 2A3#0002EB29FFFD410D
(1790953867.274117) can0 2A4#0001245BFFFD551E
(1790953867.274242) can0 2A5#0000133A000007CA
(1790953867.274370) can0 2A6#FFFFF84700000253
(1790953867.274468) can0 2A7#00004EADFFFFFD8E
(1790953867.278745) can0 2A1#0100010000000000
(1790953867.278871) can0 2A2#0000D54B000013A5
(1790953867.278994) can0 2A3#0002EB29FFFD410D
(1790953867.279094) can0 2A4#0001245BFFFD551E
(1790953867.279219) can0 2A5#0000133A000007CA
(1790953867.279344) can0 2A6#FFFFF84700000253
(1790953867.279468) can0 2A7#00004EADFFFFFD8E
(1790953867.283793) can0 2A1#0100010000000000
(1790953867.283879) can0 2A2#0000D54B000013A5
(1790953867.283995) can0 2A3#0002EB29FFFD410D
(1790953867.284118) can0 2A4#0001245BFFFD551E
(1790953867.284246) can0 2A5#0000133A000007CA
(1790953867.284384) can0 2A6#FFFFF84700000253
(1790953867.284468) can0 2A7#00004EADFFFFFD8E
(1790953867.288755) can0 2A1#0100010000000000
(1790953867.288872) can0 2A2#0000D54B000013A5
(1790953867.288970) can0 2A3#0002EB29FFFD410D
(1790953867.289096) can0 2A4#0001245BFFFD551E
(1790953867.289217) can0 2A5#0000133A000007CA
(1790953867.289344) can0 2A6#FFFFF84700000253
(1790953867.289469) can0 2A7#00004EADFFFFFD8E
(1790953867.293781) can0 2A1#0100010000000000
(1790953867.293869) can0 2A2#0000D54B000013A5
(1790953867.293992) can0 2A3#0002EB29FFFD410D
(1790953867.294119) can0 2A4#0001245BFFFD551E
(1790953867.294241) can0 2A5#0000133A000007CA
(1790953867.294342) can0 2A6#FFFFF84700000253
(1790953867.294467) can0 2A7#00004EADFFFFFD8E
(1790953867.298768) can0 2A1#0100010000000000
(1790953867.298846) can0 2A2#0000D54B000013A5
(1790953867.298973) can0 2A3#0002EB29FFFD410D
(1790953867.299122) can0 2A4#0001245BFFFD551E
(1790953867.299218) can0 2A5#0000133A000007CA
(1790953867.299346) can0 2A6#FFFFF84700000253
(1790953867.299471) can0 2A7#00004EADFFFFFD8E
(1790953867.303810) can0 2A1#0100010000000000
(1790953867.303871) can0 2A2#0000D54B000013A5
(1790953867.303994) can0 2A3#0002EB29FFFD410D
(1790953867.304097) can0 2A4#0001245BFFFD551E
(1790953867.304297) can0 2A5#0000133A000007CA
(1790953867.304370) can0 2A6#FFFFF84700000253
(1790953867.304470) can0 2A7#00004EADFFFFFD8E
(1790953867.308752) can0 2A1#0100010000000000
(1790953867.308841) can0 2A2#0000D54B000013A5
(1790953867.308970) can0 2A3#0002EB29FFFD410D
(1790953867.309093) can0 2A4#0001245BFFFD551E
(1790953867.309217) can0 2A5#0000133A000007CA
(1790953867.309344) can0 2A6#FFFFF84700000253
(1790953867.309468) can0 2A7#00004EADFFFFFD8E
(1790953867.313797) can0 2A1#0100010000000000
(1790953867.313871) can0 2A2#0000D54B000013A5
(1790953867.313995) can0 2A3#0002EB29FFFD410D
(1790953867.314122) can0 2A4#0001245BFFFD551E
(1790953867.314243) can0 2A5#0000133A000007CA
(1790953867.314370) can0 2A6#FFFFF84700000253
(1790953867.314468) can0 2A7#00004EADFFFFFD8E
(1790953867.318757) can0 2A1#0100010000000000
(1790953867.318873) can0 2A2#0000D54B000013A5
(1790953867.318995) can0 2A3#0002EB29FFFD410D
(1790953867.319119) can0 2A4#0001245BFFFD551E
(1790953867.319219) can0 2A5#0000133A000007CA
(1790953867.319344) can0 2A6#FFFFF84700000253
(1790953867.319469) can0 2A7#00004EADFFFFFD8E
(1790953867.323783) can0 2A1#0100010000000000
(1790953867.323883) can0 2A2#0000D54B000013A5
(1790953867.323997) can0 2A3#0002EB29FFFD410D
(1790953867.324118) can0 2A4#0001245BFFFD551E
(1790953867.324242) can0 2A5#0000133A000007CA
(1790953867.324367) can0 2A6#FFFFF84700000253
(1790953867.324467) can0 2A7#00004EADFFFFFD8E
(1790953867.328744) can0 2A1#0100010000000000
(1790953867.328869) can0 2A2#0000D54B000013A5
(1790953867.328991) can0 2A3#0002EB29FFFD410D
(1790953867.329120) can0 2A4#0001245BFFFD551E
(1790953867.329218) can0 2A5#0000133A000007CA
(1790953867.329344) can0 2A6#FFFFF84700000253
(1790953867.329467) can0 2A7#00004EADFFFFFD8E
(1790953867.333780) can0 2A1#0100010000000000
(1790953867.333891) can0 2A2#0000D54B000013A5
(1790953867.333994) can0 2A3#0002EB29FFFD410D
(1790953867.334121) can0 2A4#0001245BFFFD551E
(1790953867.334219) can0 2A5#0000133A000007CA
(1790953867.334371) can0 2A6#FFFFF84700000253
(1790953867.334469) can0 2A7#00004EADFFFFFD8E
(1790953867.338765) can0 2A1#0100010000000000
(1790953867.338869) can0 2A2#0000D54B000013A5
(1790953867.338975) can0 2A3#0002EB29FFFD410D
(1790953867.339094) can0 2A4#0001245BFFFD551E
(1790953867.339221) can0 2A5#0000133A000007CA
(1790953867.339345) can0 2A6#FFFFF84700000253
(1790953867.339469) can0 2A7#00004EADFFFFFD8E
(1790953867.343781) can0 2A1#0100010000000000
(1790953867.343868) can0 2A2#0000D54B000013A5
(1790953867.343994) can0 2A3#0002EB29FFFD410D
(1790953867.344119) can0 2A4#0001245BFFFD551E
(1790953867.344243) can0 2A5#0000133A000007CA
(1790953867.344343) can0 2A6#FFFFF84700000253
(1790953867.344469) can0 2A7#00004EADFFFFFD8E
(1790953867.348761) can0 2A1#0100010000000000
(1790953867.348884) can0 2A2#0000D54B000013A5
(1790953867.348967) can0 2A3#0002EB29FFFD410D
(1790953867.349094) can0 2A4#0001245BFFFD551E
(1790953867.349221) can0 2A5#0000133A000007CA
(1790953867.349343) can0 2A6#FFFFF84700000253
(1790953867.349468) can0 2A7#00004EADFFFFFD8E
(1790953867.353787) can0 2A1#0100010000000000
(1790953867.353873) can0 2A2#0000D54B000013A5
(1790953867.353995) can0 2A3#0002EB29FFFD410D
(1790953867.354118) can0 2A4#0001245BFFFD551E
(1790953867.354221) can0 2A5#0000133A000007CA
(1790953867.354346) can0 2A6#FFFFF84700000253
(1790953867.354494) can0 2A7#00004EADFFFFFD8E
(1790953867.358747) can0 2A1#0100010000000000
(1790953867.358868) can0 2A2#0000D54B000013A5
(1790953867.358992) can0 2A3#0002EB29FFFD410D
(1790953867.359117) can0 2A4#0001245BFFFD551E
(1790953867.359217) can0 2A5#0000133A000007CA
(1790953867.359342) can0 2A6#FFFFF84700000253
(1790953867.359467) can0 2A7#00004EADFFFFFD8E
(1790953867.363781) can0 2A1#0100010000000000
(1790953867.363868) can0 2A2#0000D54B000013A5
(1790953867.363996) can0 2A3#0002EB29FFFD410D
(1790953867.364119) can0 2A4#0001245BFFFD551E
(1790953867.364245) can0 2A5#0000133A000007CA
(1790953867.364369) can0 2A6#FFFFF84700000253
(1790953867.364469) can0 2A7#00004EADFFFFFD8E
(1790953867.368774) can0 2A1#0100010000000000
(1790953867.368884) can0 2A2#0000D54B000013A5
(1790953867.368998) can0 2A3#0002EB29FFFD410D
(1790953867.369120) can0 2A4#0001245BFFFD551E
(1790953867.369218) can0 2A5#0000133A000007CA
(1790953867.369344) can0 2A6#FFFFF84700000253
(1790953867.369468) can0 2A7#00004EADFFFFFD8E
(1790953867.373777) can0 2A1#0100010000000000
(1790953867.373867) can0 2A2#0000D54B000013A5
(1790953867.373992) can0 2A3#0002EB29FFFD410D
(1790953867.374117) can0 2A4#0001245BFFFD551E
(1790953867.374244) can0 2A5#0000133A000007CA
(1790953867.374345) can0 2A6#FFFFF84700000253
(1790953867.374490) can0 2A7#00004EADFFFFFD8E
(1790953867.378757) can0 2A1#0100010000000000
(1790953867.378870) can0 2A2#0000D54B000013A5
(1790953867.378969) can0 2A3#0002EB29FFFD410D
(1790953867.379097) can0 2A4#0001245BFFFD551E
(1790953867.379220) can0 2A5#0000133A000007CA
(1790953867.379344) can0 2A6#FFFFF84700000253
(1790953867.379469) can0 2A7#00004EADFFFFFD8E
(1790953867.383775) can0 2A1#0100010000000000
(1790953867.383870) can0 2A2#0000D54B000013A5
(1790953867.383994) can0 2A3#0002EB29FFFD410D
(1790953867.384122) can0 2A4#0001245BFFFD551E
(1790953867.384218) can0 2A5#0000133A000007CA
(1790953867.384368) can0 2A6#FFFFF84700000253
(1790953867.384471) can0 2A7#00004EADFFFFFD8E
(1790953867.388744) can0 2A1#0100010000000000
(1790953867.388866) can0 2A2#0000D54B000013A5
(1790953867.388969) can0 2A3#0002EB29FFFD410D
(1790953867.389095) can0 2A4#0001245BFFFD551E
(1790953867.389218) can0 2A5#0000133A000007CA
(1790953867.389343) can0 2A6#FFFFF84700000253
(1790953867.389465) can0 2A7#00004EADFFFFFD8E
(1790953867.393777) can0 2A1#0100010000000000
(1790953867.393876) can0 2A2#0000D54B000013A5
(1790953867.393994) can0 2A3#0002EB29FFFD410D
(1790953867.394117) can0 2A4#0001245BFFFD551E
(1790953867.394218) can0 2A5#0000133A000007CA
(1790953867.394342) can0 2A6#FFFFF84700000253
(1790953867.394467) can0 2A7#00004EADFFFFFD8E
(1790953867.398763) can0 2A1#0100010000000000
(1790953867.398843) can0 2A2#0000D54B000013A5
(1790953867.398971) can0 2A3#0002EB29FFFD410D
(1790953867.399121) can0 2A4#0001245BFFFD551E
(1790953867.399217) can0 2A5#0000133A000007CA
(1790953867.399345) can0 2A6#FFFFF84700000253
(1790953867.399471) can0 2A7#00004EADFFFFFD8E
(1790953867.403799) can0 2A1#0100010000000000
(1790953867.403871) can0 2A2#0000D54B000013A5
(1790953867.403994) can0 2A3#0002EB29FFFD410D
(1790953867.404122) can0 2A4#0001245BFFFD551E
(1790953867.404246) can0 2A5#0000133A000007CA
(1790953867.404372) can0 2A6#FFFFF84700000253
(1790953867.404472) can0 2A7#00004EADFFFFFD8E
(1790953867.408749) can0 2A1#0100010000000000
(1790953867.408867) can0 2A2#0000D54B000013A5
(1790953867.408995) can0 2A3#0002EB29FFFD410D
(1790953867.409117) can0 2A4#0001245BFFFD551E
(1790953867.409216) can0 2A5#0000133A000007CA
(1790953867.409345) can0 2A6#FFFFF84700000253
(1790953867.409470) can0 2A7#00004EADFFFFFD8E
(1790953867.413783) can0 2A1#0100010000000000
(1790953867.413870) can0 2A2#0000D54B000013A5
(1790953867.413995) can0 2A3#0002EB29FFFD410D
(1790953867.414120) can0 2A4#0001245BFFFD551E
(1790953867.414244) can0 2A5#0000133A000007CA
(1790953867.414372) can0 2A6#FFFFF84700000253
(1790953867.414471) can0 2A7#00004EADFFFFFD8E
(1790953867.418772) can0 2A1#0100010000000000
(1790953867.418897) can0 2A2#0000D54B000013A5
(1790953867.418994) can0 2A3#0002EB29FFFD410D
(1790953867.419122) can0 2A4#0001245BFFFD551E
(1790953867.419219) can0 2A5#0000133A000007CA
(1790953867.419344) can0 2A6#FFFFF84700000253
(1790953867.419469) can0 2A7#00004EADFFFFFD8E
(1790953867.423779) can0 2A1#0100010000000000
(1790953867.423878) can0 2A2#0000D54B000013A5
(1790953867.423994) can0 2A3#0002EB29FFFD410D
(1790953867.424117) can0 2A4#0001245BFFFD551E
(1790953867.424243) can0 2A5#0000133A000007CA
(1790953867.424343) can0 2A6#FFFFF84700000253
(1790953867.424492) can0 2A7#00004EADFFFFFD8E
(1790953867.428743) can0 2A1#0100010000000000
(1790953867.428844) can0 2A2#0000D54B000013A5
(1790953867.429189) can0 2A3#0002EB29FFFD410D
(1790953867.429191) can0 2A4#0001245BFFFD551E
(1790953867.429217) can0 2A5#0000133A000007CA
(1790953867.429344) can0 2A6#FFFFF84700000253
(1790953867.429469) can0 2A7#00004EADFFFFFD8E
(1790953867.433784) can0 2A1#0100010000000000
(1790953867.433875) can0 2A2#0000D54B000013A5
(1790953867.433992) can0 2A3#0002EB29FFFD410D
(1790953867.434092) can0 2A4#0001245BFFFD551E
(1790953867.434244) can0 2A5#0000133A000007CA
(1790953867.434342) can0 2A6#FFFFF84700000253
(1790953867.434468) can0 2A7#00004EADFFFFFD8E
(1790953867.438752) can0 2A1#0100010000000000
(1790953867.438869) can0 2A2#0000D54B000013A5
(1790953867.438968) can0 2A3#0002EB29FFFD410D
(1790953867.439092) can0 2A4#0001245BFFFD551E
(1790953867.439218) can0 2A5#0000133A000007CA
(1790953867.439343) can0 2A6#FFFFF84700000253
(1790953867.439467) can0 2A7#00004EADFFFFFD8E
(1790953867.443796) can0 2A1#0100010000000000
(1790953867.443869) can0 2A2#0000D54B000013A5
(1790953867.443996) can0 2A3#0002EB29FFFD410D
(1790953867.444120) can0 2A4#0001245BFFFD551E
(1790953867.444244) can0 2A5#0000133A000007CA
(1790953867.444344) can0 2A6#FFFFF84700000253
(1790953867.444468) can0 2A7#00004EADFFFFFD8E
(1790953867.448749) can0 2A1#0100010000000000
(1790953867.448868) can0 2A2#0000D54B000013A5
(1790953867.449000) can0 2A3#0002EB29FFFD410D
(1790953867.449122) can0 2A4#0001245BFFFD551E
(1790953867.449247) can0 2A5#0000133A000007CA
(1790953867.449346) can0 2A6#FFFFF84700000253
(1790953867.449470) can0 2A7#00004EADFFFFFD8E
(1790953867.453777) can0 2A1#0100010000000000
(1790953867.453881) can0 2A2#0000D54B000013A5
(1790953867.453993) can0 2A3#0002EB29FFFD410D
(1790953867.454121) can0 2A4#0001245BFFFD551E
(1790953867.454245) can0 2A5#0000133A000007CA
(1790953867.454370) can0 2A6#FFFFF84700000253
(1790953867.454470) can0 2A7#00004EADFFFFFD8E
(1790953867.458754) can0 2A1#0100010000000000
(1790953867.458868) can0 2A2#0000D54B000013A5
(1790953867.458992) can0 2A3#0002EB29FFFD410D
(1790953867.459118) can0 2A4#0001245BFFFD551E
(1790953867.459217) can0 2A5#0000133A000007CA
(1790953867.459341) can0 2A6#FFFFF84700000253
(1790953867.459468) can0 2A7#00004EADFFFFFD8E
(1790953867.463800) can0 2A1#0100010000000000
(1790953867.463879) can0 2A2#0000D54B000013A5
(1790953867.463996) can0 2A3#0002EB29FFFD410D
(1790953867.464121) can0 2A4#0001245BFFFD551E
(1790953867.464245) can0 2A5#0000133A000007CA
(1790953867.464370) can0 2A6#FFFFF84700000253
(1790953867.464494) can0 2A7#00004EADFFFFFD8E
(1790953867.468752) can0 2A1#0100010000000000
(1790953867.468869) can0 2A2#0000D54B000013A5
(1790953867.468968) can0 2A3#0002EB29FFFD410D
(1790953867.469122) can0 2A4#0001245BFFFD551E
(1790953867.469218) can0 2A5#0000133A000007CA
(1790953867.469344) can0 2A6#FFFFF84700000253
(1790953867.469468) can0 2A7#00004EADFFFFFD8E
(1790953867.473781) can0 2A1#0100010000000000
(1790953867.473868) can0 2A2#0000D54B000013A5
(1790953867.473992) can0 2A3#0002EB29FFFD410D
(1790953867.474119) can0 2A4#0001245BFFFD551E
(1790953867.474244) can0 2A5#0000133A000007CA
(1790953867.474342) can0 2A6#FFFFF84700000253
(1790953867.474494) can0 2A7#00004EADFFFFFD8E
(1790953867.478746) can0 2A1#0100010000000000
(1790953867.478903) can0 2A2#0000D54B000013A5
(1790953867.478969) can0 2A3#0002EB29FFFD410D
(1790953867.479093) can0 2A4#0001245BFFFD551E
(1790953867.479217) can0 2A5#0000133A000007CA
(1790953867.479343) can0 2A6#FFFFF84700000253
(1790953867.479468) can0 2A7#00004EADFFFFFD8E
(1790953867.483780) can0 2A1#0100010000000000
(1790953867.483872) can0 2A2#0000D54B000013A5
(1790953867.483993) can0 2A3#0002EB29FFFD410D
(1790953867.484117) can0 2A4#0001245BFFFD551E
(1790953867.484217) can0 2A5#0000133A000007CA
(1790953867.484369) can0 2A6#FFFFF84700000253
(1790953867.484468) can0 2A7#00004EADFFFFFD8E
(1790953867.488750) can0 2A1#0100010000000000
(1790953867.488893) can0 2A2#0000D54B000013A5
(1790953867.488970) can0 2A3#0002EB29FFFD410D
(1790953867.489093) can0 2A4#0001245BFFFD551E
(1790953867.489216) can0 2A5#0000133A000007CA
(1790953867.489344) can0 2A6#FFFFF84700000253
(1790953867.489466) can0 2A7#00004EADFFFFFD8E
(1790953867.493784) can0 2A1#0100010000000000
(1790953867.493871) can0 2A2#0000D54B000013A5
(1790953867.493996) can0 2A3#0002EB29FFFD410D
(1790953867.494121) can0 2A4#0001245BFFFD551E
(1790953867.494245) can0 2A5#0000133A000007CA
(1790953867.494370) can0 2A6#FFFFF84700000253
(1790953867.494495) can0 2A7#00004EADFFFFFD8E
(1790953867.498756) can0 2A1#0100010000000000
(1790953867.498871) can0 2A2#0000D54B000013A5
(1790953867.498996) can0 2A3#0002EB29FFFD410D
(1790953867.499120) can0 2A4#0001245BFFFD551E
(1790953867.499220) can0 2A5#0000133A000007CA
(1790953867.499345) can0 2A6#FFFFF84700000253
(1790953867.499471) can0 2A7#00004EADFFFFFD8E
(1790953867.503795) can0 2A1#0100010000000000
(1790953867.503880) can0 2A2#0000D54B000013A5
(1790953867.503998) can0 2A3#0002EB29FFFD410D
(1790953867.504118) can0 2A4#0001245BFFFD551E
(1790953867.504243) can0 2A5#0000133A000007CA
(1790953867.504368) can0 2A6#FFFFF84700000253
(1790953867.504468) can0 2A7#00004EADFFFFFD8E
(1790953867.508750) can0 2A1#0100010000000000
(1790953867.508866) can0 2A2#0000D54B000013A5
(1790953867.508992) can0 2A3#0002EB29FFFD410D
(1790953867.509093) can0 2A4#0001245BFFFD551E
(1790953867.509216) can0 2A5#0000133A000007CA
(1790953867.509341) can0 2A6#FFFFF84700000253
(1790953867.509465) can0 2A7#00004EADFFFFFD8E
(1790953867.513792) can0 2A1#0100010000000000
(1790953867.513878) can0 2A2#0000D54B000013A5
(1790953867.514000) can0 2A3#0002EB29FFFD410D
(1790953867.514124) can0 2A4#0001245BFFFD551E
(1790953867.514247) can0 2A5#0000133A000007CA
(1790953867.514373) can0 2A6#FFFFF84700000253
(1790953867.514469) can0 2A7#00004EADFFFFFD8E
(1790953867.518780) can0 2A1#0100010000000000
(1790953867.518871) can0 2A2#0000D54B000013A5
(1790953867.518997) can0 2A3#0002EB29FFFD410D
(1790953867.519095) can0 2A4#0001245BFFFD551E
(1790953867.519218) can0 2A5#0000133A000007CA
(1790953867.519345) can0 2A6#FFFFF84700000253
(1790953867.519446) can0 2A7#00004EADFFFFFD8E
(1790953867.523774) can0 2A1#0100010000000000
(1790953867.523866) can0 2A2#0000D54B000013A5
(1790953867.523992) can0 2A3#0002EB29FFFD410D
(1790953867.524117) can0 2A4#0001245BFFFD551E
(1790953867.524241) can0 2A5#0000133A000007CA
(1790953867.524340) can0 2A6#FFFFF84700000253
(1790953867.524467) can0 2A7#00004EADFFFFFD8E
(1790953867.528748) can0 2A1#0100010000000000
(1790953867.528870) can0 2A2#0000D54B000013A5
(1790953867.528969) can0 2A3#0002EB29FFFD410D
(1790953867.529094) can0 2A4#0001245BFFFD551E
(1790953867.529219) can0 2A5#0000133A000007CA
(1790953867.529345) can0 2A6#FFFFF84700000253
(1790953867.529469) can0 2A7#00004EADFFFFFD8E
(1790953867.533781) can0 2A1#0100010000000000
(1790953867.533871) can0 2A2#0000D54B000013A5
(1790953867.533993) can0 2A3#0002EB29FFFD410D
(1790953867.534118) can0 2A4#0001245BFFFD551E
(1790953867.534258) can0 2A5#0000133A000007CA
(1790953867.534347) can0 2A6#FFFFF84700000253
(1790953867.534471) can0 2A7#00004EADFFFFFD8E
(1790953867.538750) can0 2A1#0100010000000000
(1790953867.538897) can0 2A2#0000D54B000013A5
(1790953867.538968) can0 2A3#0002EB29FFFD410D
(1790953867.539094) can0 2A4#0001245BFFFD551E
(1790953867.539218) can0 2A5#0000133A000007CA
(1790953867.539344) can0 2A6#FFFFF84700000253
(1790953867.539466) can0 2A7#00004EADFFFFFD8E
(1790953867.543780) can0 2A1#0100010000000000
(1790953867.543872) can0 2A2#0000D54B000013A5
(1790953867.543994) can0 2A3#0002EB29FFFD410D
(1790953867.544118) can0 2A4#0001245BFFFD551E
(1790953867.544244) can0 2A5#0000133A000007CA
(1790953867.544367) can0 2A6#FFFFF84700000253
(1790953867.544494) can0 2A7#00004EADFFFFFD8E
(1790953867.548758) can0 2A1#0100010000000000
(1790953867.548878) can0 2A2#0000D54B000013A5
(1790953867.548996) can0 2A3#0002EB29FFFD410D
(1790953867.549094) can0 2A4#0001245BFFFD551E
(1790953867.549220) can0 2A5#0000133A000007CA
(1790953867.549345) can0 2A6#FFFFF84700000253
(1790953867.549470) can0 2A7#00004EADFFFFFD8E
(1790953867.553820) can0 2A1#0100010000000000
(1790953867.553875) can0 2A2#0000D54B000013A5
(1790953867.553995) can0 2A3#0002EB29FFFD410D
(1790953867.554121) can0 2A4#0001245BFFFD551E
(1790953867.554246) can0 2A5#0000133A000007CA
(1790953867.554371) can0 2A6#FFFFF84700000253
(1790953867.554495) can0 2A7#00004EADFFFFFD8E
(1790953867.558748) can0 2A1#0100010000000000
(1790953867.558868) can0 2A2#0000D54B000013A5
(1790953867.558969) can0 2A3#0002EB29FFFD410D
(1790953867.559094) can0 2A4#0001245BFFFD551E
(1790953867.559241) can0 2A5#0000133A000007CA
(1790953867.559341) can0 2A6#FFFFF84700000253
(1790953867.559467) can0 2A7#00004EADFFFFFD8E
(1790953867.563784) can0 2A1#0100010000000000
(1790953867.563873) can0 2A2#0000D54B000013A5
(1790953867.563995) can0 2A3#0002EB29FFFD410D
(1790953867.564121) can0 2A4#0001245BFFFD551E
(1790953867.564221) can0 2A5#0000133A000007CA
(1790953867.564371) can0 2A6#FFFFF84700000253
(1790953867.564471) can0 2A7#00004EADFFFFFD8E
(1790953867.568760) can0 2A1#0100010000000000
(1790953867.568873) can0 2A2#0000D54B000013A5
(1790953867.568995) can0 2A3#0002EB29FFFD410D
(1790953867.569119) can0 2A4#0001245BFFFD551E
(1790953867.569245) can0 2A5#0000133A000007CA
(1790953867.569344) can0 2A6#FFFFF84700000253
(1790953867.569471) can0 2A7#00004EADFFFFFD8E
(1790953867.573778) can0 2A1#0100010000000000
(1790953867.573866) can0 2A2#0000D54B000013A5
(1790953867.573993) can0 2A3#0002EB29FFFD410D
(1790953867.574117) can0 2A4#0001245BFFFD551E
(1790953867.574243) can0 2A5#0000133A000007CA
(1790953867.574342) can0 2A6#FFFFF84700000253
(1790953867.574492) can0 2A7#00004EADFFFFFD8E
(1790953867.578755) can0 2A1#0100010000000000
(1790953867.578873) can0 2A2#0000D54B000013A5
(1790953867.578971) can0 2A3#0002EB29FFFD410D
(1790953867.579122) can0 2A4#0001245BFFFD551E
(1790953867.579219) can0 2A5#0000133A000007CA
(1790953867.579344) can0 2A6#FFFFF84700000253
(1790953867.579469) can0 2A7#00004EADFFFFFD8E
(1790953867.583783) can0 2A1#0100010000000000
(1790953867.583874) can0 2A2#0000D54B000013A5
(1790953867.583996) can0 2A3#0002EB29FFFD410D
(1790953867.584122) can0 2A4#0001245BFFFD551E
(1790953867.584245) can0 2A5#0000133A000007CA
(1790953867.584370) can0 2A6#FFFFF84700000253
(1790953867.584473) can0 2A7#00004EADFFFFFD8E
(1790953867.588842) can0 2A1#0100010000000000
(1790953867.588868) can0 2A2#0000D54B000013A5
(1790953867.588991) can0 2A3#0002EB29FFFD410D
(1790953867.589117) can0 2A4#0001245BFFFD551E
(1790953867.589216) can0 2A5#0000133A000007CA
(1790953867.589342) can0 2A6#FFFFF84700000253
(1790953867.589466) can0 2A7#00004EADFFFFFD8E
(1790953867.593784) can0 2A1#0100010000000000
(1790953867.593867) can0 2A2#0000D54B000013A5
(1790953867.593993) can0 2A3#0002EB29FFFD410D
(1790953867.594118) can0 2A4#0001245BFFFD551E
(1790953867.594241) can0 2A5#0000133A000007CA
(1790953867.594367) can0 2A6#FFFFF84700000253
(1790953867.594495) can0 2A7#00004EADFFFFFD8E
(1790953867.598758) can0 2A1#0100010000000000
(1790953867.598873) can0 2A2#0000D54B000013A5
(1790953867.598995) can0 2A3#0002EB29FFFD410D
(1790953867.599095) can0 2A4#0001245BFFFD551E
(1790953867.599220) can0 2A5#0000133A000007CA
(1790953867.599345) can0 2A6#FFFFF84700000253
(1790953867.599470) can0 2A7#00004EADFFFFFD8E
(1790953867.603790) can0 2A1#0100010000000000
(1790953867.603891) can0 2A2#0000D54B000013A5
(1790953867.603998) can0 2A3#0002EB29FFFD410D
(1790953867.604120) can0 2A4#0001245BFFFD551E
(1790953867.604251) can0 2A5#0000133A000007CA
(1790953867.604371) can0 2A6#FFFFF84700000253
(1790953867.604499) can0 2A7#00004EADFFFFFD8E
(1790953867.608758) can0 2A1#0100010000000000
(1790953867.608872) can0 2A2#0000D54B000013A5
(1790953867.608970) can0 2A3#0002EB29FFFD410D
(1790953867.609117) can0 2A4#0001245BFFFD551E
(1790953867.609216) can0 2A5#0000133A000007CA
(1790953867.609342) can0 2A6#FFFFF84700000253
(1790953867.609470) can0 2A7#00004EADFFFFFD8E
(1790953867.613783) can0 2A1#0100010000000000
(1790953867.613872) can0 2A2#0000D54B000013A5
(1790953867.613995) can0 2A3#0002EB29FFFD410D
(1790953867.614119) can0 2A4#0001245BFFFD551E
(1790953867.614244) can0 2A5#0000133A000007CA
(1790953867.614343) can0 2A6#FFFFF84700000253
(1790953867.614494) can0 2A7#00004EADFFFFFD8E
(1790953867.618760) can0 2A1#0100010000000000
(1790953867.618870) can0 2A2#0000D54B000013A5
(1790953867.618998) can0 2A3#0002EB29FFFD410D
(1790953867.619120) can0 2A4#0001245BFFFD551E
(1790953867.619222) can0 2A5#0000133A000007CA
(1790953867.619345) can0 2A6#FFFFF84700000253
(1790953867.619469) can0 2A7#00004EADFFFFFD8E
(1790953867.623767) can0 2A1#0100010000000000
(1790953867.623869) can0 2A2#0000D54B000013A5
(1790953867.623992) can0 2A3#0002EB29FFFD410D
(1790953867.624119) can0 2A4#0001245BFFFD551E
(1790953867.624242) can0 2A5#0000133A000007CA
(1790953867.624341) can0 2A6#FFFFF84700000253
(1790953867.624491) can0 2A7#00004EADFFFFFD8E
(1790953867.628747) can0 2A1#0100010000000000
(1790953867.628892) can0 2A2#0000D54B000013A5
(1790953867.628996) can0 2A3#0002EB29FFFD410D
(1790953867.629119) can0 2A4#0001245BFFFD551E
(1790953867.629244) can0 2A5#0000133A000007CA
(1790953867.629344) can0 2A6#FFFFF84700000253
(1790953867.629470) can0 2A7#00004EADFFFFFD8E
(1790953867.633788) can0 2A1#0100010000000000
(1790953867.633872) can0 2A2#0000D54B000013A5
(1790953867.633995) can0 2A3#0002EB29FFFD410D
(1790953867.634120) can0 2A4#0001245BFFFD551E
(1790953867.634244) can0 2A5#0000133A000007CA
(1790953867.634370) can0 2A6#FFFFF84700000253
(1790953867.634470) can0 2A7#00004EADFFFFFD8E
(1790953867.638748) can0 2A1#0100010000000000
(1790953867.638902) can0 2A2#0000D54B000013A5
(1790953867.638991) can0 2A3#0002EB29FFFD410D
(1790953867.639117) can0 2A4#0001245BFFFD551E
(1790953867.639217) can0 2A5#0000133A000007CA
(1790953867.639343) can0 2A6#FFFFF84700000253
(1790953867.639467) can0 2A7#00004EADFFFFFD8E
(1790953867.643776) can0 2A1#0100010000000000
(1790953867.643872) can0 2A2#0000D54B000013A5
(1790953867.643993) can0 2A3#0002EB29FFFD410D
(1790953867.644118) can0 2A4#0001245BFFFD551E
(1790953867.644244) can0 2A5#0000133A000007CA
(1790953867.644342) can0 2A6#FFFFF84700000253
(1790953867.644492) can0 2A7#00004EADFFFFFD8E
(1790953867.648763) can0 2A1#0100010000000000
(1790953867.648871) can0 2A2#0000D54B000013A5
(1790953867.648997) can0 2A3#0002EB29FFFD410D
(1790953867.649094) can0 2A4#0001245BFFFD551E
(1790953867.649246) can0 2A5#0000133A000007CA
(1790953867.649347) can0 2A6#FFFFF84700000253
(1790953867.649469) can0 2A7#00004EADFFFFFD8E
(1790953867.653791) can0 2A1#0100010000000000
(1790953867.653884) can0 2A2#0000D54B000013A5
(1790953867.653996) can0 2A3#0002EB29FFFD410D
(1790953867.654119) can0 2A4#0001245BFFFD551E
(1790953867.654245) can0 2A5#0000133A000007CA
(1790953867.654370) can0 2A6#FFFFF84700000253
(1790953867.654495) can0 2A7#00004EADFFFFFD8E
(1790953867.658747) can0 2A1#0100010000000000
(1790953867.658868) can0 2A2#0000D54B000013A5
(1790953867.658993) can0 2A3#0002EB29FFFD410D
(1790953867.659117) can0 2A4#0001245BFFFD551E
(1790953867.659219) can0 2A5#0000133A000007CA
(1790953867.659344) can0 2A6#FFFFF84700000253
(1790953867.659470) can0 2A7#00004EADFFFFFD8E
(1790953867.663777) can0 2A1#0100010000000000
(1790953867.663870) can0 2A2#0000D54B000013A5
(1790953867.663996) can0 2A3#0002EB29FFFD410D
(1790953867.664119) can0 2A4#0001245BFFFD551E
(1790953867.664245) can0 2A5#0000133A000007CA
(1790953867.664370) can0 2A6#FFFFF84700000253
(1790953867.664495) can0 2A7#00004EADFFFFFD8E
(1790953867.668768) can0 2A1#0100010000000000
(1790953867.668868) can0 2A2#0000D54B000013A5
(1790953867.668994) can0 2A3#0002EB29FFFD410D
(1790953867.669119) can0 2A4#0001245BFFFD551E
(1790953867.669242) can0 2A5#0000133A000007CA
(1790953867.669345) can0 2A6#FFFFF84700000253
(1790953867.669468) can0 2A7#00004EADFFFFFD8E
(1790953867.673781) can0 2A1#0100010000000000
(1790953867.673871) can0 2A2#0000D54B000013A5
(1790953867.674032) can0 2A3#0002EB29FFFD410D
(1790953867.674122) can0 2A4#0001245BFFFD551E
(1790953867.674246) can0 2A5#0000133A000007CA
(1790953867.674370) can0 2A6#FFFFF84700000253
(1790953867.674470) can0 2A7#00004EADFFFFFD8E
(1790953867.678751) can0 2A1#0100010000000000
(1790953867.678880) can0 2A2#0000D54B000013A5
(1790953867.678994) can0 2A3#0002EB29FFFD410D
(1790953867.679117) can0 2A4#0001245BFFFD551E
(1790953867.679217) can0 2A5#0000133A000007CA
(1790953867.679342) can0 2A6#FFFFF84700000253
(1790953867.679468) can0 2A7#00004EADFFFFFD8E
(1790953867.683789) can0 2A1#0100010000000000
(1790953867.683874) can0 2A2#0000D54B000013A5
(1790953867.683996) can0 2A3#0002EB29FFFD410D
(1790953867.684134) can0 2A4#0001245BFFFD551E
(1790953867.684249) can0 2A5#0000133A000007CA
(1790953867.684383) can0 2A6#FFFFF84700000253
(1790953867.684470) can0 2A7#00004EADFFFFFD8E
(1790953867.688792) can0 2A1#0100010000000000
(1790953867.688887) can0 2A2#0000D54B000013A5
(1790953867.688972) can0 2A3#0002EB29FFFD410D
(1790953867.689096) can0 2A4#0001245BFFFD551E
(1790953867.689248) can0 2A5#0000133A000007CA
(1790953867.689347) can0 2A6#FFFFF84700000253
(1790953867.689472) can0 2A7#00004EADFFFFFD8E
(1790953867.693796) can0 2A1#0100010000000000
(1790953867.693878) can0 2A2#0000D54B000013A5
(1790953867.693994) can0 2A3#0002EB29FFFD410D
(1790953867.694118) can0 2A4#0001245BFFFD551E
(1790953867.694245) can0 2A5#0000133A000007CA
(1790953867.694343) can0 2A6#FFFFF84700000253
(1790953867.694494) can0 2A7#00004EADFFFFFD8E
(1790953867.698765) can0 2A1#0100010000000000
(1790953867.698879) can0 2A2#0000D54B000013A5
(1790953867.698995) can0 2A3#0002EB29FFFD410D
(1790953867.699118) can0 2A4#0001245BFFFD551E
(1790953867.699242) can0 2A5#0000133A000007CA
(1790953867.699344) can0 2A6#FFFFF84700000253
(1790953867.699468) can0 2A7#00004EADFFFFFD8E
(1790953867.703795) can0 2A1#0100010000000000
(1790953867.703888) can0 2A2#0000D54B000013A5
(1790953867.703994) can0 2A3#0002EB29FFFD410D
(1790953867.704118) can0 2A4#0001245BFFFD551E
(1790953867.704246) can0 2A5#0000133A000007CA
(1790953867.704344) can0 2A6#FFFFF84700000253
(1790953867.704493) can0 2A7#00004EADFFFFFD8E
(1790953867.708756) can0 2A1#0100010000000000
(1790953867.708877) can0 2A2#0000D54B000013A5
(1790953867.708998) can0 2A3#0002EB29FFFD410D
(1790953867.709094) can0 2A4#0001245BFFFD551E
(1790953867.709221) can0 2A5#0000133A000007CA
(1790953867.709346) can0 2A6#FFFFF84700000253
(1790953867.709471) can0 2A7#00004EADFFFFFD8E
(1790953867.713792) can0 2A1#0100010000000000
(1790953867.713876) can0 2A2#0000D54B000013A5
(1790953867.714000) can0 2A3#0002EB29FFFD410D
(1790953867.714122) can0 2A4#0001245BFFFD551E
(1790953867.714246) can0 2A5#0000133A000007CA
(1790953867.714346) can0 2A6#FFFFF84700000253
(1790953867.714496) can0 2A7#00004EADFFFFFD8E
(1790953867.718773) can0 2A1#0100010000000000
(1790953867.718879) can0 2A2#0000D54B000013A5
(1790953867.718994) can0 2A3#0002EB29FFFD410D
(1790953867.719096) can0 2A4#0001245BFFFD551E
(1790953867.719220) can0 2A5#0000133A000007CA
(1790953867.719345) can0 2A6#FFFFF84700000253
(1790953867.719470) can0 2A7#00004EADFFFFFD8E
(1790953867.723780) can0 2A1#0100010000000000
(1790953867.723872) can0 2A2#0000D54B000013A5
(1790953867.723999) can0 2A3#0002EB29FFFD410D
(1790953867.724122) can0 2A4#0001245BFFFD551E
(1790953867.724250) can0 2A5#0000133A000007CA
(1790953867.724347) can0 2A6#FFFFF84700000253
(1790953867.724473) can0 2A7#00004EADFFFFFD8E
(1790953867.728749) can0 2A1#0100010000000000
(1790953867.728873) can0 2A2#0000D54B000013A5
(1790953867.728993) can0 2A3#0002EB29FFFD410D
(1790953867.729116) can0 2A4#0001245BFFFD551E
(1790953867.729265) can0 2A5#0000133A000007CA
(1790953867.729342) can0 2A6#FFFFF84700000253
(1790953867.729467) can0 2A7#00004EADFFFFFD8E
(1790953867.733786) can0 2A1#0100010000000000
(1790953867.733875) can0 2A2#0000D54B000013A5
(1790953867.733997) can0 2A3#0002EB29FFFD410D
(1790953867.734121) can0 2A4#0001245BFFFD551E
(1790953867.734220) can0 2A5#0000133A000007CA
(1790953867.734370) can0 2A6#FFFFF84700000253
(1790953867.734469) can0 2A7#00004EADFFFFFD8E
(1790953867.738753) can0 2A1#0100010000000000
(1790953867.738879) can0 2A2#0000D54B000013A5
(1790953867.738996) can0 2A3#0002EB29FFFD410D
(1790953867.739095) can0 2A4#0001245BFFFD551E
(1790953867.739221) can0 2A5#0000133A000007CA
(1790953867.739344) can0 2A6#FFFFF84700000253
(1790953867.739468) can0 2A7#00004EADFFFFFD8E
(1790953867.743776) can0 2A1#0100010000000000
(1790953867.743871) can0 2A2#0000D54B000013A5
(1790953867.743993) can0 2A3#0002EB29FFFD410D
(1790953867.744117) can0 2A4#0001245BFFFD551E
(1790953867.744240) can0 2A5#0000133A000007CA
(1790953867.744367) can0 2A6#FFFFF84700000253
(1790953867.744466) can0 2A7#00004EADFFFFFD8E
(1790953867.748756) can0 2A1#0100010000000000
(1790953867.748869) can0 2A2#0000D54B000013A5
(1790953867.748996) can0 2A3#0002EB29FFFD410D
(1790953867.749094) can0 2A4#0001245BFFFD551E
(1790953867.749220) can0 2A5#0000133A000007CA
(1790953867.749345) can0 2A6#FFFFF84700000253
(1790953867.749470) can0 2A7#00004EADFFFFFD8E
(1790953867.753797) can0 2A1#0100010000000000
(1790953867.753897) can0 2A2#0000D54B000013A5
(1790953867.753994) can0 2A3#0002EB29FFFD410D
(1790953867.754120) can0 2A4#0001245BFFFD551E
(1790953867.754244) can0 2A5#0000133A000007CA
(1790953867.754371) can0 2A6#FFFFF84700000253
(1790953867.754469) can0 2A7#00004EADFFFFFD8E
(1790953867.758772) can0 2A1#0100010000000000
(1790953867.758877) can0 2A2#0000D54B000013A5
(1790953867.758968) can0 2A3#0002EB29FFFD410D
(1790953867.759095) can0 2A4#0001245BFFFD551E
(1790953867.759220) can0 2A5#0000133A000007CA
(1790953867.759344) can0 2A6#FFFFF84700000253
(1790953867.759470) can0 2A7#00004EADFFFFFD8E
(1790953867.763774) can0 2A1#0100010000000000
(1790953867.763877) can0 2A2#0000D54B000013A5
(1790953867.763992) can0 2A3#0002EB29FFFD410D
(1790953867.764117) can0 2A4#0001245BFFFD551E
(1790953867.764242) can0 2A5#0000133A000007CA
(1790953867.764371) can0 2A6#FFFFF84700000253
(1790953867.764467) can0 2A7#00004EADFFFFFD8E
(1790953867.768769) can0 2A1#0100010000000000
(1790953867.768869) can0 2A2#0000D54B000013A5
(1790953867.768995) can0 2A3#0002EB29FFFD410D
(1790953867.769092) can0 2A4#0001245BFFFD551E
(1790953867.769219) can0 2A5#0000133A000007CA
(1790953867.769343) can0 2A6#FFFFF84700000253
(1790953867.769469) can0 2A7#00004EADFFFFFD8E
(1790953867.773780) can0 2A1#0100010000000000
(1790953867.773892) can0 2A2#0000D54B000013A5
(1790953867.773994) can0 2A3#0002EB29FFFD410D
(1790953867.774119) can0 2A4#0001245BFFFD551E
(1790953867.774244) can0 2A5#0000133A000007CA
(1790953867.774343) can0 2A6#FFFFF84700000253
(1790953867.774466) can0 2A7#00004EADFFFFFD8E
(1790953867.778745) can0 2A1#0100010000000000
(1790953867.778869) can0 2A2#0000D54B000013A5
(1790953867.778994) can0 2A3#0002EB29FFFD410D
(1790953867.779094) can0 2A4#0001245BFFFD551E
(1790953867.779219) can0 2A5#0000133A000007CA
(1790953867.779347) can0 2A6#FFFFF84700000253
(1790953867.779470) can0 2A7#00004EADFFFFFD8E
(1790953867.783787) can0 2A1#0100010000000000
(1790953867.783894) can0 2A2#0000D54B000013A5
(1790953867.784042) can0 2A3#0002EB29FFFD410D
(1790953867.784120) can0 2A4#0001245BFFFD551E
(1790953867.784245) can0 2A5#0000133A000007CA
(1790953867.784370) can0 2A6#FFFFF84700000253
(1790953867.784470) can0 2A7#00004EADFFFFFD8E
(1790953867.788767) can0 2A1#0100010000000000
(1790953867.788873) can0 2A2#0000D54B000013A5
(1790953867.789059) can0 2A3#0002EB29FFFD410D
(1790953867.789116) can0 2A4#0001245BFFFD551E
(1790953867.789215) can0 2A5#0000133A000007CA
(1790953867.789343) can0 2A6#FFFFF84700000253
(1790953867.789468) can0 2A7#00004EADFFFFFD8E
(1790953867.793790) can0 2A1#0100010000000000
(1790953867.793872) can0 2A2#0000D54B000013A5
(1790953867.793995) can0 2A3#0002EB29FFFD410D
(1790953867.794120) can0 2A4#0001245BFFFD551E
(1790953867.794244) can0 2A5#0000133A000007CA
(1790953867.794370) can0 2A6#FFFFF84700000253
(1790953867.794493) can0 2A7#00004EADFFFFFD8E
(1790953867.798753) can0 2A1#0100010000000000
(1790953867.798870) can0 2A2#0000D54B000013A5
(1790953867.798998) can0 2A3#0002EB29FFFD410D
(1790953867.799119) can0 2A4#0001245BFFFD551E
(1790953867.799244) can0 2A5#0000133A000007CA
(1790953867.799344) can0 2A6#FFFFF84700000253
(1790953867.799469) can0 2A7#00004EADFFFFFD8E
(1790953867.803786) can0 2A1#0100010000000000
(1790953867.803895) can0 2A2#0000D54B000013A5
(1790953867.803995) can0 2A3#0002EB29FFFD410D
(1790953867.804123) can0 2A4#0001245BFFFD551E
(1790953867.804247) can0 2A5#0000133A000007CA
(1790953867.804370) can0 2A6#FFFFF84700000253
(1790953867.804495) can0 2A7#00004EADFFFFFD8E
(1790953867.808762) can0 2A1#0100010000000000
(1790953867.808867) can0 2A2#0000D54B000013A5
(1790953867.808995) can0 2A3#0002EB29FFFD410D
(1790953867.809117) can0 2A4#0001245BFFFD551E
(1790953867.809220) can0 2A5#0000133A000007CA
(1790953867.809345) can0 2A6#FFFFF84700000253
(1790953867.809469) can0 2A7#00004EADFFFFFD8E
(1790953867.813779) can0 2A1#0100010000000000
(1790953867.813875) can0 2A2#0000D54B000013A5
(1790953867.813995) can0 2A3#0002EB29FFFD410D
(1790953867.814119) can0 2A4#0001245BFFFD551E
(1790953867.814244) can0 2A5#0000133A000007CA
(1790953867.814369) can0 2A6#FFFFF84700000253
(1790953867.814494) can0 2A7#00004EADFFFFFD8E
(1790953867.818753) can0 2A1#0100010000000000
(1790953867.818869) can0 2A2#0000D54B000013A5
(1790953867.818995) can0 2A3#0002EB29FFFD410D
(1790953867.819120) can0 2A4#0001245BFFFD551E
(1790953867.819221) can0 2A5#0000133A000007CA
(1790953867.819345) can0 2A6#FFFFF84700000253
(1790953867.819471) can0 2A7#00004EADFFFFFD8E
(1790953867.823776) can0 2A1#0100010000000000
(1790953867.823876) can0 2A2#0000D54B000013A5
(1790953867.823996) can0 2A3#0002EB29FFFD410D
(1790953867.824120) can0 2A4#0001245BFFFD551E
(1790953867.824245) can0 2A5#0000133A000007CA
(1790953867.824370) can0 2A6#FFFFF84700000253
(1790953867.824514) can0 2A7#00004EADFFFFFD8E
(1790953867.828744) can0 2A1#0100010000000000
(1790953867.828872) can0 2A2#0000D54B000013A5
(1790953867.828993) can0 2A3#0002EB29FFFD410D
(1790953867.829094) can0 2A4#0001245BFFFD551E
(1790953867.829245) can0 2A5#0000133A000007CA
(1790953867.829346) can0 2A6#FFFFF84700000253
(1790953867.829470) can0 2A7#00004EADFFFFFD8E
(1790953867.833826) can0 2A1#0100010000000000
(1790953867.833868) can0 2A2#0000D54B000013A5
(1790953867.833997) can0 2A3#0002EB29FFFD410D
(1790953867.834122) can0 2A4#0001245BFFFD551E
(1790953867.834246) can0 2A5#0000133A000007CA
(1790953867.834347) can0 2A6#FFFFF84700000253
(1790953867.834497) can0 2A7#00004EADFFFFFD8E
(1790953867.838749) can0 2A1#0100010000000000
(1790953867.838866) can0 2A2#0000D54B000013A5
(1790953867.838994) can0 2A3#0002EB29FFFD410D
(1790953867.839094) can0 2A4#0001245BFFFD551E
(1790953867.839218) can0 2A5#0000133A000007CA
(1790953867.839344) can0 2A6#FFFFF84700000253
(1790953867.839469) can0 2A7#00004EADFFFFFD8E
(1790953867.843772) can0 2A1#0100010000000000
(1790953867.843892) can0 2A2#0000D54B000013A5
(1790953867.843994) can0 2A3#0002EB29FFFD410D
(1790953867.844118) can0 2A4#0001245BFFFD551E
(1790953867.844243) can0 2A5#0000133A000007CA
(1790953867.844368) can0 2A6#FFFFF84700000253
(1790953867.844469) can0 2A7#00004EADFFFFFD8E
(1790953867.848743) can0 2A1#0100010000000000
(1790953867.848875) can0 2A2#0000D54B000013A5
(1790953867.848995) can0 2A3#0002EB29FFFD410D
(1790953867.849091) can0 2A4#0001245BFFFD551E
(1790953867.849216) can0 2A5#0000133A000007CA
(1790953867.849343) can0 2A6#FFFFF84700000253
(1790953867.849469) can0 2A7#00004EADFFFFFD8E
(1790953867.853848) can0 2A1#0100010000000000
(1790953867.853875) can0 2A2#0000D54B000013A5
(1790953867.853992) can0 2A3#0002EB29FFFD410D
(1790953867.854118) can0 2A4#0001245BFFFD551E
(1790953867.854243) can0 2A5#0000133A000007CA
(1790953867.854368) can0 2A6#FFFFF84700000253
(1790953867.854494) can0 2A7#00004EADFFFFFD8E
(1790953867.858744) can0 2A1#0100010000000000
(1790953867.858976) can0 2A2#0000D54B000013A5
(1790953867.858991) can0 2A3#0002EB29FFFD410D
(1790953867.859118) can0 2A4#0001245BFFFD551E
(1790953867.859219) can0 2A5#0000133A000007CA
(1790953867.859343) can0 2A6#FFFFF84700000253
(1790953867.859468) can0 2A7#00004EADFFFFFD8E
(1790953867.863774) can0 2A1#0100010000000000
(1790953867.863891) can0 2A2#0000D54B000013A5
(1790953867.863993) can0 2A3#0002EB29FFFD410D
(1790953867.864118) can0 2A4#0001245BFFFD551E
(1790953867.864243) can0 2A5#0000133A000007CA
(1790953867.864368) can0 2A6#FFFFF84700000253
(1790953867.864491) can0 2A7#00004EADFFFFFD8E
(1790953867.868757) can0 2A1#0100010000000000
(1790953867.868878) can0 2A2#0000D54B000013A5
(1790953867.868994) can0 2A3#0002EB29FFFD410D
(1790953867.869118) can0 2A4#0001245BFFFD551E
(1790953867.869242) can0 2A5#0000133A000007CA
(1790953867.869343) can0 2A6#FFFFF84700000253
(1790953867.869468) can0 2A7#00004EADFFFFFD8E
(1790953867.873771) can0 2A1#0100010000000000
(1790953867.873872) can0 2A2#0000D54B000013A5
(1790953867.873994) can0 2A3#0002EB29FFFD410D
(1790953867.874118) can0 2A4#0001245BFFFD551E
(1790953867.874243) can0 2A5#0000133A000007CA
(1790953867.874368) can0 2A6#FFFFF84700000253
(1790953867.874493) can0 2A7#00004EADFFFFFD8E
(1790953867.878771) can0 2A1#0100010000000000
(1790953867.878866) can0 2A2#0000D54B000013A5
(1790953867.878993) can0 2A3#0002EB29FFFD410D
(1790953867.879094) can0 2A4#0001245BFFFD551E
(1790953867.879218) can0 2A5#0000133A000007CA
(1790953867.879368) can0 2A6#FFFFF84700000253
(1790953867.879468) can0 2A7#00004EADFFFFFD8E
(1790953867.883792) can0 2A1#0100010000000000
(1790953867.883869) can0 2A2#0000D54B000013A5
(1790953867.883993) can0 2A3#0002EB29FFFD410D
(1790953867.884118) can0 2A4#0001245BFFFD551E
(1790953867.884243) can0 2A5#0000133A000007CA
(1790953867.884371) can0 2A6#FFFFF84700000253
(1790953867.884494) can0 2A7#00004EADFFFFFD8E
(1790953867.888753) can0 2A1#0100010000000000
(1790953867.888877) can0 2A2#0000D54B000013A5
(1790953867.888996) can0 2A3#0002EB29FFFD410D
(1790953867.889121) can0 2A4#0001245BFFFD551E
(1790953867.889220) can0 2A5#0000133A000007CA
(1790953867.889345) can0 2A6#FFFFF84700000253
(1790953867.889471) can0 2A7#00004EADFFFFFD8E
(1790953867.893777) can0 2A1#0100010000000000
(1790953867.893869) can0 2A2#0000D54B000013A5
(1790953867.893996) can0 2A3#0002EB29FFFD410D
(1790953867.894118) can0 2A4#0001245BFFFD551E
(1790953867.894245) can0 2A5#0000133A000007CA
(1790953867.894368) can0 2A6#FFFFF84700000253
(1790953867.894496) can0 2A7#00004EADFFFFFD8E
(1790953867.898760) can0 2A1#0100010000000000
(1790953867.898875) can0 2A2#0000D54B000013A5
(1790953867.899296) can0 2A3#0002EB29FFFD410D
(1790953867.899300) can0 2A4#0001245BFFFD551E
(1790953867.899302) can0 2A5#0000133A000007CA
(1790953867.899344) can0 2A6#FFFFF84700000253
(1790953867.899472) can0 2A7#00004EADFFFFFD8E
(1790953867.903797) can0 2A1#0100010000000000
(1790953867.903881) can0 2A2#0000D54B000013A5
(1790953867.903992) can0 2A3#0002EB29FFFD410D
(1790953867.904121) can0 2A4#0001245BFFFD551E
(1790953867.904242) can0 2A5#0000133A000007CA
(1790953867.904367) can0 2A6#FFFFF84700000253
(1790953867.904467) can0 2A7#00004EADFFFFFD8E
(1790953867.908751) can0 2A1#0100010000000000
(1790953867.908867) can0 2A2#0000D54B000013A5
(1790953867.908992) can0 2A3#0002EB29FFFD410D
(1790953867.909117) can0 2A4#0001245BFFFD551E
(1790953867.909217) can0 2A5#0000133A000007CA
(1790953867.909342) can0 2A6#FFFFF84700000253
(1790953867.909467) can0 2A7#00004EADFFFFFD8E
(1790953867.913781) can0 2A1#0100010000000000
(1790953867.913871) can0 2A2#0000D54B000013A5
(1790953867.913997) can0 2A3#0002EB29FFFD410D
(1790953867.914120) can0 2A4#0001245BFFFD551E
(1790953867.914244) can0 2A5#0000133A000007CA
(1790953867.914370) can0 2A6#FFFFF84700000253
(1790953867.914494) can0 2A7#00004EADFFFFFD8E
(1790953867.918750) can0 2A1#0100010000000000
(1790953867.918871) can0 2A2#0000D54B000013A5
(1790953867.918994) can0 2A3#0002EB29FFFD410D
(1790953867.919119) can0 2A4#0001245BFFFD551E
(1790953867.919246) can0 2A5#0000133A000007CA
(1790953867.919344) can0 2A6#FFFFF84700000253
(1790953867.919470) can0 2A7#00004EADFFFFFD8E
(1790953867.923791) can0 2A1#0100010000000000
(1790953867.923870) can0 2A2#0000D54B000013A5
(1790953867.923998) can0 2A3#0002EB29FFFD410D
(1790953867.924121) can0 2A4#0001245BFFFD551E
(1790953867.924245) can0 2A5#0000133A000007CA
(1790953867.924370) can0 2A6#FFFFF84700000253
(1790953867.924495) can0 2A7#00004EADFFFFFD8E
(1790953867.928747) can0 2A1#0100010000000000
(1790953867.928870) can0 2A2#0000D54B000013A5
(1790953867.928994) can0 2A3#0002EB29FFFD410D
(1790953867.929091) can0 2A4#0001245BFFFD551E
(1790953867.929244) can0 2A5#0000133A000007CA
(1790953867.929341) can0 2A6#FFFFF84700000253
(1790953867.929468) can0 2A7#00004EADFFFFFD8E
(1790953867.933777) can0 2A1#0100010000000000
(1790953867.933871) can0 2A2#0000D54B000013A5
(1790953867.933992) can0 2A3#0002EB29FFFD410D
(1790953867.934120) can0 2A4#0001245BFFFD551E
(1790953867.934242) can0 2A5#0000133A000007CA
(1790953867.934370) can0 2A6#FFFFF84700000253
(1790953867.934468) can0 2A7#00004EADFFFFFD8E
(1790953867.938783) can0 2A1#0100010000000000
(1790953867.938874) can0 2A2#0000D54B000013A5
(1790953867.938993) can0 2A3#0002EB29FFFD410D
(1790953867.939092) can0 2A4#0001245BFFFD551E
(1790953867.939217) can0 2A5#0000133A000007CA
(1790953867.939342) can0 2A6#FFFFF84700000253
(1790953867.939469) can0 2A7#00004EADFFFFFD8E
(1790953867.943786) can0 2A1#0100010000000000
(1790953867.943868) can0 2A2#0000D54B000013A5
(1790953867.943994) can0 2A3#0002EB29FFFD410D
(1790953867.944122) can0 2A4#0001245BFFFD551E
(1790953867.944245) can0 2A5#0000133A000007CA
(1790953867.944371) can0 2A6#FFFFF84700000253
(1790953867.944497) can0 2A7#00004EADFFFFFD8E
(1790953867.948752) can0 2A1#0100010000000000
(1790953867.948868) can0 2A2#0000D54B000013A5
(1790953867.948995) can0 2A3#0002EB29FFFD410D
(1790953867.949119) can0 2A4#0001245BFFFD551E
(1790953867.949219) can0 2A5#0000133A000007CA
(1790953867.949344) can0 2A6#FFFFF84700000253
(1790953867.949468) can0 2A7#00004EADFFFFFD8E
(1790953867.953785) can0 2A1#0100010000000000
(1790953867.953868) can0 2A2#0000D54B000013A5
(1790953867.953995) can0 2A3#0002EB29FFFD410D
(1790953867.954120) can0 2A4#0001245BFFFD551E
(1790953867.954244) can0 2A5#0000133A000007CA
(1790953867.954370) can0 2A6#FFFFF84700000253
(1790953867.954494) can0 2A7#00004EADFFFFFD8E
(1790953867.958751) can0 2A1#0100010000000000
(1790953867.958867) can0 2A2#0000D54B000013A5
(1790953867.958994) can0 2A3#0002EB29FFFD410D
(1790953867.959118) can0 2A4#0001245BFFFD551E
(1790953867.959219) can0 2A5#0000133A000007CA
(1790953867.959343) can0 2A6#FFFFF84700000253
(1790953867.959469) can0 2A7#00004EADFFFFFD8E
(1790953867.963784) can0 2A1#0100010000000000
(1790953867.963888) can0 2A2#0000D54B000013A5
(1790953867.963995) can0 2A3#0002EB29FFFD410D
(1790953867.964124) can0 2A4#0001245BFFFD551E
(1790953867.964247) can0 2A5#0000133A000007CA
(1790953867.964374) can0 2A6#FFFFF84700000253
(1790953867.964495) can0 2A7#00004EADFFFFFD8E
(1790953867.968773) can0 2A1#0100010000000000
(1790953867.968883) can0 2A2#0000D54B000013A5
(1790953867.968997) can0 2A3#0002EB29FFFD410D
(1790953867.969123) can0 2A4#0001245BFFFD551E
(1790953867.969247) can0 2A5#0000133A000007CA
(1790953867.969346) can0 2A6#FFFFF84700000253
(1790953867.969472) can0 2A7#00004EADFFFFFD8E
(1790953867.973789) can0 2A1#0100010000000000
(1790953867.973868) can0 2A2#0000D54B000013A5
(1790953867.973992) can0 2A3#0002EB29FFFD410D
(1790953867.974120) can0 2A4#0001245BFFFD551E
(1790953867.974244) can0 2A5#0000133A000007CA
(1790953867.974369) can0 2A6#FFFFF84700000253
(1790953867.974494) can0 2A7#00004EADFFFFFD8E
(1790953867.978751) can0 2A1#0100010000000000
(1790953867.978874) can0 2A2#0000D54B000013A5
(1790953867.978997) can0 2A3#0002EB29FFFD410D
(1790953867.979121) can0 2A4#0001245BFFFD551E
(1790953867.979220) can0 2A5#0000133A000007CA
(1790953867.979347) can0 2A6#FFFFF84700000253
(1790953867.979472) can0 2A7#00004EADFFFFFD8E
(1790953867.983777) can0 2A1#0100010000000000
(1790953867.983876) can0 2A2#0000D54B000013A5
(1790953867.983994) can0 2A3#0002EB29FFFD410D
(1790953867.984119) can0 2A4#0001245BFFFD551E
(1790953867.984246) can0 2A5#0000133A000007CA
(1790953867.984369) can0 2A6#FFFFF84700000253
(1790953867.984494) can0 2A7#00004EADFFFFFD8E
(1790953867.988754) can0 2A1#0100010000000000
(1790953867.988872) can0 2A2#0000D54B000013A5
(1790953867.988994) can0 2A3#0002EB29FFFD410D
(1790953867.989120) can0 2A4#0001245BFFFD551E
(1790953867.989244) can0 2A5#0000133A000007CA
(1790953867.989344) can0 2A6#FFFFF84700000253
(1790953867.989469) can0 2A7#00004EADFFFFFD8E
(1790953867.993800) can0 2A1#0100010000000000
(1790953867.993881) can0 2A2#0000D54B000013A5
(1790953867.993997) can0 2A3#0002EB29FFFD410D
(1790953867.994122) can0 2A4#0001245BFFFD551E
(1790953867.994245) can0 2A5#0000133A000007CA
(1790953867.994371) can0 2A6#FFFFF84700000253
(1790953867.994496) can0 2A7#00004EADFFFFFD8E
(1790953867.998768) can0 2A1#0100010000000000
(1790953867.998877) can0 2A2#0000D54B000013A5
(1790953867.998999) can0 2A3#0002EB29FFFD410D
(1790953867.999122) can0 2A4#0001245BFFFD551E
(1790953867.999247) can0 2A5#0000133A000007CA
(1790953867.999347) can0 2A6#FFFFF84700000253
(1790953867.999471) can0 2A7#00004EADFFFFFD8E
(1790953868.003782) can0 2A1#0100010000000000
(1790953868.003889) can0 2A2#0000D54B000013A5
(1790953868.003998) can0 2A3#0002EB29FFFD410D
(1790953868.004121) can0 2A4#0001245BFFFD551E
(1790953868.004244) can0 2A5#0000133A000007CA
(1790953868.004371) can0 2A6#FFFFF84700000253
(1790953868.004494) can0 2A7#00004EADFFFFFD8E
(1790953868.008765) can0 2A1#0100010000000000
(1790953868.008870) can0 2A2#0000D54B000013A5
(1790953868.008995) can0 2A3#0002EB29FFFD410D
(1790953868.009121) can0 2A4#0001245BFFFD551E
(1790953868.009245) can0 2A5#0000133A000007CA
(1790953868.009345) can0 2A6#FFFFF84700000253
(1790953868.009470) can0 2A7#00004EADFFFFFD8E
(1790953868.013780) can0 2A1#0100010000000000
(1790953868.013873) can0 2A2#0000D54B000013A5
(1790953868.013996) can0 2A3#0002EB29FFFD410D
(1790953868.014126) can0 2A4#0001245BFFFD551E
(1790953868.014250) can0 2A5#0000133A000007CA
(1790953868.014371) can0 2A6#FFFFF84700000253
(1790953868.014494) can0 2A7#00004EADFFFFFD8E
(1790953868.018750) can0 2A1#0100010000000000
(1790953868.018872) can0 2A2#0000D54B000013A5
(1790953868.018994) can0 2A3#0002EB29FFFD410D
(1790953868.019122) can0 2A4#0001245BFFFD551E
(1790953868.019244) can0 2A5#0000133A000007CA
(1790953868.019344) can0 2A6#FFFFF84700000253
(1790953868.019471) can0 2A7#00004EADFFFFFD8E
(1790953868.023776) can0 2A1#0100010000000000
(1790953868.023873) can0 2A2#0000D54B000013A5
(1790953868.023995) can0 2A3#0002EB29FFFD410D
(1790953868.024119) can0 2A4#0001245BFFFD551E
(1790953868.024242) can0 2A5#0000133A000007CA
(1790953868.024371) can0 2A6#FFFFF84700000253
(1790953868.024493) can0 2A7#00004EADFFFFFD8E
(1790953868.028746) can0 2A1#0100010000000000
(1790953868.028895) can0 2A2#0000D54B000013A5
(1790953868.028996) can0 2A3#0002EB29FFFD410D
(1790953868.029123) can0 2A4#0001245BFFFD551E
(1790953868.029219) can0 2A5#0000133A000007CA
(1790953868.029347) can0 2A6#FFFFF84700000253
(1790953868.029470) can0 2A7#00004EADFFFFFD8E
(1790953868.033796) can0 2A1#0100010000000000
(1790953868.033873) can0 2A2#0000D54B000013A5
(1790953868.034020) can0 2A3#0002EB29FFFD410D
(1790953868.034120) can0 2A4#0001245BFFFD551E
(1790953868.034246) can0 2A5#0000133A000007CA
(1790953868.034369) can0 2A6#FFFFF84700000253
(1790953868.034470) can0 2A7#00004EADFFFFFD8E
(1790953868.038755) can0 2A1#0100010000000000
(1790953868.038873) can0 2A2#0000D54B000013A5
(1790953868.038993) can0 2A3#0002EB29FFFD410D
(1790953868.039120) can0 2A4#0001245BFFFD551E
(1790953868.039218) can0 2A5#0000133A000007CA
(1790953868.039345) can0 2A6#FFFFF84700000253
(1790953868.039470) can0 2A7#00004EADFFFFFD8E
(1790953868.043790) can0 2A1#0100010000000000
(1790953868.043868) can0 2A2#0000D54B000013A5
(1790953868.043995) can0 2A3#0002EB29FFFD410D
(1790953868.044119) can0 2A4#0001245BFFFD551E
(1790953868.044245) can0 2A5#0000133A000007CA
(1790953868.044369) can0 2A6#FFFFF84700000253
(1790953868.044495) can0 2A7#00004EADFFFFFD8E
(1790953868.048757) can0 2A1#0100010000000000
(1790953868.048878) can0 2A2#0000D54B000013A5
(1790953868.049001) can0 2A3#0002EB29FFFD410D
(1790953868.049119) can0 2A4#0001245BFFFD551E
(1790953868.049245) can0 2A5#0000133A000007CA
(1790953868.049345) can0 2A6#FFFFF84700000253
(1790953868.049468) can0 2A7#00004EADFFFFFD8E
(1790953868.053800) can0 2A1#0100010000000000
(1790953868.053870) can0 2A2#0000D54B000013A5
(1790953868.053996) can0 2A3#0002EB29FFFD410D
(1790953868.054121) can0 2A4#0001245BFFFD551E
(1790953868.054244) can0 2A5#0000133A000007CA
(1790953868.054369) can0 2A6#FFFFF84700000253
(1790953868.054495) can0 2A7#00004EADFFFFFD8E
(1790953868.058772) can0 2A1#0100010000000000
(1790953868.058867) can0 2A2#0000D54B000013A5
(1790953868.058994) can0 2A3#0002EB29FFFD410D
(1790953868.059094) can0 2A4#0001245BFFFD551E
(1790953868.059244) can0 2A5#0000133A000007CA
(1790953868.059344) can0 2A6#FFFFF84700000253
(1790953868.059470) can0 2A7#00004EADFFFFFD8E
(1790953868.063782) can0 2A1#0100010000000000
(1790953868.063874) can0 2A2#0000D54B000013A5
(1790953868.063999) can0 2A3#0002EB29FFFD410D
(1790953868.064118) can0 2A4#0001245BFFFD551E
(1790953868.064242) can0 2A5#0000133A000007CA
(1790953868.064368) can0 2A6#FFFFF84700000253
(1790953868.064467) can0 2A7#00004EADFFFFFD8E
(1790953868.068756) can0 2A1#0100010000000000
(1790953868.068870) can0 2A2#0000D54B000013A5
(1790953868.068995) can0 2A3#0002EB29FFFD410D
(1790953868.069120) can0 2A4#0001245BFFFD551E
(1790953868.069245) can0 2A5#0000133A000007CA
(1790953868.069344) can0 2A6#FFFFF84700000253
(1790953868.069470) can0 2A7#00004EADFFFFFD8E
(1790953868.073776) can0 2A1#0100010000000000
(1790953868.073876) can0 2A2#0000D54B000013A5
(1790953868.073994) can0 2A3#0002EB29FFFD410D
(1790953868.074120) can0 2A4#0001245BFFFD551E
(1790953868.074244) can0 2A5#0000133A000007CA
(1790953868.074369) can0 2A6#FFFFF84700000253
(1790953868.074498) can0 2A7#00004EADFFFFFD8E
(1790953868.078748) can0 2A1#0100010000000000
(1790953868.078877) can0 2A2#0000D54B000013A5
(1790953868.078995) can0 2A3#0002EB29FFFD410D
(1790953868.079119) can0 2A4#0001245BFFFD551E
(1790953868.079220) can0 2A5#0000133A000007CA
(1790953868.079345) can0 2A6#FFFFF84700000253
(1790953868.079472) can0 2A7#00004EADFFFFFD8E
(1790953868.083784) can0 2A1#0100010000000000
(1790953868.083872) can0 2A2#0000D54B000013A5
(1790953868.083995) can0 2A3#0002EB29FFFD410D
(1790953868.084123) can0 2A4#0001245BFFFD551E
(1790953868.084248) can0 2A5#0000133A000007CA
(1790953868.084369) can0 2A6#FFFFF84700000253
(1790953868.084494) can0 2A7#00004EADFFFFFD8E
(1790953868.088747) can0 2A1#0100010000000000
(1790953868.088868) can0 2A2#0000D54B000013A5
(1790953868.088995) can0 2A3#0002EB29FFFD410D
(1790953868.089120) can0 2A4#0001245BFFFD551E
(1790953868.089244) can0 2A5#0000133A000007CA
(1790953868.089345) can0 2A6#FFFFF84700000253
(1790953868.089470) can0 2A7#00004EADFFFFFD8E
(1790953868.093781) can0 2A1#0100010000000000
(1790953868.093893) can0 2A2#0000D54B000013A5
(1790953868.093993) can0 2A3#0002EB29FFFD410D
(1790953868.094118) can0 2A4#0001245BFFFD551E
(1790953868.094245) can0 2A5#0000133A000007CA
(1790953868.094342) can0 2A6#FFFFF84700000253
(1790953868.094470) can0 2A7#00004EADFFFFFD8E
(1790953868.098759) can0 2A1#0100010000000000
(1790953868.098867) can0 2A2#0000D54B000013A5
(1790953868.098968) can0 2A3#0002EB29FFFD410D
(1790953868.099118) can0 2A4#0001245BFFFD551E
(1790953868.099241) can0 2A5#0000133A000007CA
(1790953868.099343) can0 2A6#FFFFF84700000253
(1790953868.099468) can0 2A7#00004EADFFFFFD8E
(1790953868.103782) can0 2A1#0100010000000000
(1790953868.103886) can0 2A2#0000D54B000013A5
(1790953868.103996) can0 2A3#0002EB29FFFD410D
(1790953868.104120) can0 2A4#0001245BFFFD551E
(1790953868.104244) can0 2A5#0000133A000007CA
(1790953868.104369) can0 2A6#FFFFF84700000253
(1790953868.104494) can0 2A7#00004EADFFFFFD8E
(1790953868.108751) can0 2A1#0100010000000000
(1790953868.108870) can0 2A2#0000D54B000013A5
(1790953868.108994) can0 2A3#0002EB29FFFD410D
(1790953868.109119) can0 2A4#0001245BFFFD551E
(1790953868.109244) can0 2A5#0000133A000007CA
(1790953868.109344) can0 2A6#FFFFF84700000253
(1790953868.109469) can0 2A7#00004EADFFFFFD8E
(1790953868.113787) can0 2A1#0100010000000000
(1790953868.113870) can0 2A2#0000D54B000013A5
(1790953868.113997) can0 2A3#0002EB29FFFD410D
(1790953868.114122) can0 2A4#0001245BFFFD551E
(1790953868.114248) can0 2A5#0000133A000007CA
(1790953868.114371) can0 2A6#FFFFF84700000253
(1790953868.114494) can0 2A7#00004EADFFFFFD8E
(1790953868.118746) can0 2A1#0100010000000000
(1790953868.118873) can0 2A2#0000D54B000013A5
(1790953868.118994) can0 2A3#0002EB29FFFD410D
(1790953868.119122) can0 2A4#0001245BFFFD551E
(1790953868.119219) can0 2A5#0000133A000007CA
(1790953868.119346) can0 2A6#FFFFF84700000253
(1790953868.119472) can0 2A7#00004EADFFFFFD8E
(1790953868.123777) can0 2A1#0100010000000000
(1790953868.123885) can0 2A2#0000D54B000013A5
(1790953868.124023) can0 2A3#0002EB29FFFD410D
(1790953868.124119) can0 2A4#0001245BFFFD551E
(1790953868.124247) can0 2A5#0000133A000007CA
(1790953868.124377) can0 2A6#FFFFF84700000253
(1790953868.124497) can0 2A7#00004EADFFFFFD8E
(1790953868.128746) can0 2A1#0100010000000000
(1790953868.128872) can0 2A2#0000D54B000013A5
(1790953868.129001) can0 2A3#0002EB29FFFD410D
(1790953868.129119) can0 2A4#0001245BFFFD551E
(1790953868.129219) can0 2A5#0000133A000007CA
(1790953868.129347) can0 2A6#FFFFF84700000253
(1790953868.129470) can0 2A7#00004EADFFFFFD8E
(1790953868.133776) can0 2A1#0100010000000000
(1790953868.133870) can0 2A2#0000D54B000013A5
(1790953868.133996) can0 2A3#0002EB29FFFD410D
(1790953868.134121) can0 2A4#0001245BFFFD551E
(1790953868.134245) can0 2A5#0000133A000007CA
(1790953868.134369) can0 2A6#FFFFF84700000253
(1790953868.134496) can0 2A7#00004EADFFFFFD8E
(1790953868.138748) can0 2A1#0100010000000000
(1790953868.138881) can0 2A2#0000D54B000013A5
(1790953868.138996) can0 2A3#0002EB29FFFD410D
(1790953868.139095) can0 2A4#0001245BFFFD551E
(1790953868.139244) can0 2A5#0000133A000007CA
(1790953868.139370) can0 2A6#FFFFF84700000253
(1790953868.139470) can0 2A7#00004EADFFFFFD8E
(1790953868.143779) can0 2A1#0100010000000000
(1790953868.143880) can0 2A2#0000D54B000013A5
(1790953868.143997) can0 2A3#0002EB29FFFD410D
(1790953868.144122) can0 2A4#0001245BFFFD551E
(1790953868.144246) can0 2A5#0000133A000007CA
(1790953868.144373) can0 2A6#FFFFF84700000253
(1790953868.144469) can0 2A7#00004EADFFFFFD8E
(1790953868.148747) can0 2A1#0100010000000000
(1790953868.148874) can0 2A2#0000D54B000013A5
(1790953868.148994) can0 2A3#0002EB29FFFD410D
(1790953868.149122) can0 2A4#0001245BFFFD551E
(1790953868.149220) can0 2A5#0000133A000007CA
(1790953868.149370) can0 2A6#FFFFF84700000253
(1790953868.149469) can0 2A7#00004EADFFFFFD8E
(1790953868.153773) can0 2A1#0100010000000000
(1790953868.153869) can0 2A2#0000D54B000013A5
(1790953868.153995) can0 2A3#0002EB29FFFD410D
(1790953868.154120) can0 2A4#0001245BFFFD551E
(1790953868.154243) can0 2A5#0000133A000007CA
(1790953868.154370) can0 2A6#FFFFF84700000253
(1790953868.154495) can0 2A7#00004EADFFFFFD8E
(1790953868.158746) can0 2A1#0100010000000000
(1790953868.158873) can0 2A2#0000D54B000013A5
(1790953868.158995) can0 2A3#0002EB29FFFD410D
(1790953868.159120) can0 2A4#0001245BFFFD551E
(1790953868.159245) can0 2A5#0000133A000007CA
(1790953868.159347) can0 2A6#FFFFF84700000253
(1790953868.159470) can0 2A7#00004EADFFFFFD8E
(1790953868.163774) can0 2A1#0100010000000000
(1790953868.163877) can0 2A2#0000D54B000013A5
(1790953868.163997) can0 2A3#0002EB29FFFD410D
(1790953868.164120) can0 2A4#0001245BFFFD551E
(1790953868.164244) can0 2A5#0000133A000007CA
(1790953868.164370) can0 2A6#FFFFF84700000253
(1790953868.164495) can0 2A7#00004EADFFFFFD8E
(1790953868.168746) can0 2A1#0100010000000000
(1790953868.168868) can0 2A2#0000D54B000013A5
(1790953868.168995) can0 2A3#0002EB29FFFD410D
(1790953868.169120) can0 2A4#0001245BFFFD551E
(1790953868.169219) can0 2A5#0000133A000007CA
(1790953868.169345) can0 2A6#FFFFF84700000253
(1790953868.169471) can0 2A7#00004EADFFFFFD8E
(1790953868.173772) can0 2A1#0100010000000000
(1790953868.173893) can0 2A2#0000D54B000013A5
(1790953868.174019) can0 2A3#0002EB29FFFD410D
(1790953868.174119) can0 2A4#0001245BFFFD551E
(1790953868.174255) can0 2A5#0000133A000007CA
(1790953868.174368) can0 2A6#FFFFF84700000253
(1790953868.174496) can0 2A7#00004EADFFFFFD8E
(1790953868.178750) can0 2A1#0100010000000000
(1790953868.178873) can0 2A2#0000D54B000013A5
(1790953868.178995) can0 2A3#0002EB29FFFD410D
(1790953868.179118) can0 2A4#0001245BFFFD551E
(1790953868.179219) can0 2A5#0000133A000007CA
(1790953868.179345) can0 2A6#FFFFF84700000253
(1790953868.179470) can0 2A7#00004EADFFFFFD8E
(1790953868.183770) can0 2A1#0100010000000000
(1790953868.183894) can0 2A2#0000D54B000013A5
(1790953868.183995) can0 2A3#0002EB29FFFD410D
(1790953868.184120) can0 2A4#0001245BFFFD551E
(1790953868.184244) can0 2A5#0000133A000007CA
(1790953868.184369) can0 2A6#FFFFF84700000253
(1790953868.184468) can0 2A7#00004EADFFFFFD8E
(1790953868.188759) can0 2A1#0100010000000000
(1790953868.188872) can0 2A2#0000D54B000013A5
(1790953868.188997) can0 2A3#0002EB29FFFD410D
(1790953868.189121) can0 2A4#0001245BFFFD551E
(1790953868.189221) can0 2A5#0000133A000007CA
(1790953868.189346) can0 2A6#FFFFF84700000253
(1790953868.189471) can0 2A7#00004EADFFFFFD8E
(1790953868.193793) can0 2A1#0100010000000000
(1790953868.193895) can0 2A2#0000D54B000013A5
(1790953868.194021) can0 2A3#0002EB29FFFD410D
(1790953868.194121) can0 2A4#0001245BFFFD551E
(1790953868.194246) can0 2A5#0000133A000007CA
(1790953868.194371) can0 2A6#FFFFF84700000253
(1790953868.194494) can0 2A7#00004EADFFFFFD8E
(1790953868.198748) can0 2A1#0100010000000000
(1790953868.198875) can0 2A2#0000D54B000013A5
(1790953868.198996) can0 2A3#0002EB29FFFD410D
(1790953868.199121) can0 2A4#0001245BFFFD551E
(1790953868.199218) can0 2A5#0000133A000007CA
(1790953868.199371) can0 2A6#FFFFF84700000253
(1790953868.199470) can0 2A7#00004EADFFFFFD8E
(1790953868.203776) can0 2A1#0100010000000000
(1790953868.203873) can0 2A2#0000D54B000013A5
(1790953868.203998) can0 2A3#0002EB29FFFD410D
(1790953868.204120) can0 2A4#0001245BFFFD551E
(1790953868.204244) can0 2A5#0000133A000007CA
(1790953868.204369) can0 2A6#FFFFF84700000253
(1790953868.204497) can0 2A7#00004EADFFFFFD8E
(1790953868.208754) can0 2A1#0100010000000000
(1790953868.208868) can0 2A2#0000D54B000013A5
(1790953868.208996) can0 2A3#0002EB29FFFD410D
(1790953868.209095) can0 2A4#0001245BFFFD551E
(1790953868.209245) can0 2A5#0000133A000007CA
(1790953868.209371) can0 2A6#FFFFF84700000253
(1790953868.209470) can0 2A7#00004EADFFFFFD8E
(1790953868.213778) can0 2A1#0100010000000000
(1790953868.213870) can0 2A2#0000D54B000013A5
(1790953868.214019) can0 2A3#0002EB29FFFD410D
(1790953868.214121) can0 2A4#0001245BFFFD551E
(1790953868.214246) can0 2A5#0000133A000007CA
(1790953868.214369) can0 2A6#FFFFF84700000253
(1790953868.214497) can0 2A7#00004EADFFFFFD8E
(1790953868.218745) can0 2A1#0100010000000000
(1790953868.218872) can0 2A2#0000D54B000013A5
(1790953868.218995) can0 2A3#0002EB29FFFD410D
(1790953868.219119) can0 2A4#0001245BFFFD551E
(1790953868.219219) can0 2A5#0000133A000007CA
(1790953868.219344) can0 2A6#FFFFF84700000253
(1790953868.219473) can0 2A7#00004EADFFFFFD8E
(1790953868.223778) can0 2A1#0100010000000000
(1790953868.223898) can0 2A2#0000D54B000013A5
(1790953868.223995) can0 2A3#0002EB29FFFD410D
(1790953868.224122) can0 2A4#0001245BFFFD551E
(1790953868.224247) can0 2A5#0000133A000007CA
(1790953868.224372) can0 2A6#FFFFF84700000253
(1790953868.224471) can0 2A7#00004EADFFFFFD8E
(1790953868.228747) can0 2A1#0100010000000000
(1790953868.228869) can0 2A2#0000D54B000013A5
(1790953868.228995) can0 2A3#0002EB29FFFD410D
(1790953868.229122) can0 2A4#0001245BFFFD551E
(1790953868.229220) can0 2A5#0000133A000007CA
(1790953868.229345) can0 2A6#FFFFF84700000253
(1790953868.229470) can0 2A7#00004EADFFFFFD8E
(1790953868.233782) can0 2A1#0100010000000000
(1790953868.233894) can0 2A2#0000D54B000013A5
(1790953868.233995) can0 2A3#0002EB29FFFD410D
(1790953868.234120) can0 2A4#0001245BFFFD551E
(1790953868.234247) can0 2A5#0000133A000007CA
(1790953868.234372) can0 2A6#FFFFF84700000253
(1790953868.234469) can0 2A7#00004EADFFFFFD8E
(1790953868.238765) can0 2A1#0100010000000000
(1790953868.238880) can0 2A2#0000D54B000013A5
(1790953868.238995) can0 2A3#0002EB29FFFD410D
(1790953868.239122) can0 2A4#0001245BFFFD551E
(1790953868.239219) can0 2A5#0000133A000007CA
(1790953868.239344) can0 2A6#FFFFF84700000253
(1790953868.239469) can0 2A7#00004EADFFFFFD8E
(1790953868.243777) can0 2A1#0100010000000000
(1790953868.243896) can0 2A2#0000D54B000013A5
(1790953868.244022) can0 2A3#0002EB29FFFD410D
(1790953868.244122) can0 2A4#0001245BFFFD551E
(1790953868.244247) can0 2A5#0000133A000007CA
(1790953868.244372) can0 2A6#FFFFF84700000253
(1790953868.244494) can0 2A7#00004EADFFFFFD8E
(1790953868.248779) can0 2A1#0100010000000000
(1790953868.248869) can0 2A2#0000D54B000013A5
(1790953868.248995) can0 2A3#0002EB29FFFD410D
(1790953868.249094) can0 2A4#0001245BFFFD551E
(1790953868.249221) can0 2A5#0000133A000007CA
(1790953868.249345) can0 2A6#FFFFF84700000253
(1790953868.249469) can0 2A7#00004EADFFFFFD8E
(1790953868.253776) can0 2A1#0100010000000000
(1790953868.253895) can0 2A2#0000D54B000013A5
(1790953868.253998) can0 2A3#0002EB29FFFD410D
(1790953868.254120) can0 2A4#0001245BFFFD551E
(1790953868.254246) can0 2A5#0000133A000007CA
(1790953868.254371) can0 2A6#FFFFF84700000253
(1790953868.254493) can0 2A7#00004EADFFFFFD8E
(1790953868.258753) can0 2A1#0100010000000000
(1790953868.258872) can0 2A2#0000D54B000013A5
(1790953868.258996) can0 2A3#0002EB29FFFD410D
(1790953868.259121) can0 2A4#0001245BFFFD551E
(1790953868.259248) can0 2A5#0000133A000007CA
(1790953868.259345) can0 2A6#FFFFF84700000253
(1790953868.259469) can0 2A7#00004EADFFFFFD8E
(1790953868.263781) can0 2A1#0100010000000000
(1790953868.263880) can0 2A2#0000D54B000013A5
(1790953868.264021) can0 2A3#0002EB29FFFD410D
(1790953868.264120) can0 2A4#0001245BFFFD551E
(1790953868.264244) can0 2A5#0000133A000007CA
(1790953868.264369) can0 2A6#FFFFF84700000253
(1790953868.264495) can0 2A7#00004EADFFFFFD8E
(1790953868.268752) can0 2A1#0100010000000000
(1790953868.268870) can0 2A2#0000D54B000013A5
(1790953868.268996) can0 2A3#0002EB29FFFD410D
(1790953868.269121) can0 2A4#0001245BFFFD551E
(1790953868.269218) can0 2A5#0000133A000007CA
(1790953868.269345) can0 2A6#FFFFF84700000253
(1790953868.269471) can0 2A7#00004EADFFFFFD8E
(1790953868.273774) can0 2A1#0100010000000000
(1790953868.273898) can0 2A2#0000D54B000013A5
(1790953868.273994) can0 2A3#0002EB29FFFD410D
(1790953868.274121) can0 2A4#0001245BFFFD551E
(1790953868.274245) can0 2A5#0000133A000007CA
(1790953868.274369) can0 2A6#FFFFF84700000253
(1790953868.274495) can0 2A7#00004EADFFFFFD8E
(1790953868.278777) can0 2A1#0100010000000000
(1790953868.278868) can0 2A2#0000D54B000013A5
(1790953868.278995) can0 2A3#0002EB29FFFD410D
(1790953868.279142) can0 2A4#0001245BFFFD551E
(1790953868.279220) can0 2A5#0000133A000007CA
(1790953868.279344) can0 2A6#FFFFF84700000253
(1790953868.279469) can0 2A7#00004EADFFFFFD8E
(1790953868.283777) can0 2A1#0100010000000000
(1790953868.283894) can0 2A2#0000D54B000013A5
(1790953868.283996) can0 2A3#0002EB29FFFD410D
(1790953868.284120) can0 2A4#0001245BFFFD551E
(1790953868.284245) can0 2A5#0000133A000007CA
(1790953868.284371) can0 2A6#FFFFF84700000253
(1790953868.284477) can0 2A7#00004EADFFFFFD8E
(1790953868.288756) can0 2A1#0100010000000000
(1790953868.288876) can0 2A2#0000D54B000013A5
(1790953868.288993) can0 2A3#0002EB29FFFD410D
(1790953868.289120) can0 2A4#0001245BFFFD551E
(1790953868.289218) can0 2A5#0000133A000007CA
(1790953868.289345) can0 2A6#FFFFF84700000253
(1790953868.289470) can0 2A7#00004EADFFFFFD8E
(1790953868.293777) can0 2A1#0100010000000000
(1790953868.293894) can0 2A2#0000D54B000013A5
(1790953868.293995) can0 2A3#0002EB29FFFD410D
(1790953868.294119) can0 2A4#0001245BFFFD551E
(1790953868.294244) can0 2A5#0000133A000007CA
(1790953868.294368) can0 2A6#FFFFF84700000253
(1790953868.294494) can0 2A7#00004EADFFFFFD8E
(1790953868.298752) can0 2A1#0100010000000000
(1790953868.298874) can0 2A2#0000D54B000013A5
(1790953868.298996) can0 2A3#0002EB29FFFD410D
(1790953868.299120) can0 2A4#0001245BFFFD551E
(1790953868.299244) can0 2A5#0000133A000007CA
(1790953868.299344) can0 2A6#FFFFF84700000253
(1790953868.299469) can0 2A7#00004EADFFFFFD8E
(1790953868.303781) can0 2A1#0100010000000000
(1790953868.303868) can0 2A2#0000D54B000013A5
(1790953868.304020) can0 2A3#0002EB29FFFD410D
(1790953868.304120) can0 2A4#0001245BFFFD551E
(1790953868.304244) can0 2A5#0000133A000007CA
(1790953868.304370) can0 2A6#FFFFF84700000253
(1790953868.304495) can0 2A7#00004EADFFFFFD8E
(1790953868.308764) can0 2A1#0100010000000000
(1790953868.308869) can0 2A2#0000D54B000013A5
(1790953868.308995) can0 2A3#0002EB29FFFD410D
(1790953868.309120) can0 2A4#0001245BFFFD551E
(1790953868.309218) can0 2A5#0000133A000007CA
(1790953868.309344) can0 2A6#FFFFF84700000253
(1790953868.309468) can0 2A7#00004EADFFFFFD8E
(1790953868.313772) can0 2A1#0100010000000000
(1790953868.313899) can0 2A2#0000D54B000013A5
(1790953868.314018) can0 2A3#0002EB29FFFD410D
(1790953868.314119) can0 2A4#0001245BFFFD551E
(1790953868.314243) can0 2A5#0000133A000007CA
(1790953868.314370) can0 2A6#FFFFF84700000253
(1790953868.314470) can0 2A7#00004EADFFFFFD8E
(1790953868.318786) can0 2A1#0100010000000000
(1790953868.318869) can0 2A2#0000D54B000013A5
(1790953868.318997) can0 2A3#0002EB29FFFD410D
(1790953868.319120) can0 2A4#0001245BFFFD551E
(1790953868.319218) can0 2A5#0000133A000007CA
(1790953868.319343) can0 2A6#FFFFF84700000253
(1790953868.319469) can0 2A7#00004EADFFFFFD8E
(1790953868.323773) can0 2A1#0100010000000000
(1790953868.323902) can0 2A2#0000D54B000013A5
(1790953868.323994) can0 2A3#0002EB29FFFD410D
(1790953868.324119) can0 2A4#0001245BFFFD551E
(1790953868.324245) can0 2A5#0000133A000007CA
(1790953868.324369) can0 2A6#FFFFF84700000253
(1790953868.324495) can0 2A7#00004EADFFFFFD8E
(1790953868.328772) can0 2A1#0100010000000000
(1790953868.328869) can0 2A2#0000D54B000013A5
(1790953868.328995) can0 2A3#0002EB29FFFD410D
(1790953868.329119) can0 2A4#0001245BFFFD551E
(1790953868.329220) can0 2A5#0000133A000007CA
(1790953868.329344) can0 2A6#FFFFF84700000253
(1790953868.329470) can0 2A7#00004EADFFFFFD8E
(1790953868.333776) can0 2A1#0100010000000000
(1790953868.333894) can0 2A2#0000D54B000013A5
(1790953868.333994) can0 2A3#0002EB29FFFD410D
(1790953868.334118) can0 2A4#0001245BFFFD551E
(1790953868.334244) can0 2A5#0000133A000007CA
(1790953868.334367) can0 2A6#FFFFF84700000253
(1790953868.334469) can0 2A7#00004EADFFFFFD8E
(1790953868.338746) can0 2A1#0100010000000000
(1790953868.338872) can0 2A2#0000D54B000013A5
(1790953868.338993) can0 2A3#0002EB29FFFD410D
(1790953868.339118) can0 2A4#0001245BFFFD551E
(1790953868.339218) can0 2A5#0000133A000007CA
(1790953868.339343) can0 2A6#FFFFF84700000253
(1790953868.339468) can0 2A7#00004EADFFFFFD8E
(1790953868.343772) can0 2A1#0100010000000000
(1790953868.343894) can0 2A2#0000D54B000013A5
(1790953868.343994) can0 2A3#0002EB29FFFD410D
(1790953868.344119) can0 2A4#0001245BFFFD551E
(1790953868.344243) can0 2A5#0000133A000007CA
(1790953868.344369) can0 2A6#FFFFF84700000253
(1790953868.344494) can0 2A7#00004EADFFFFFD8E
(1790953868.348747) can0 2A1#0100010000000000
(1790953868.348871) can0 2A2#0000D54B000013A5
(1790953868.348993) can0 2A3#0002EB29FFFD410D
(1790953868.349117) can0 2A4#0001245BFFFD551E
(1790953868.349243) can0 2A5#0000133A000007CA
(1790953868.349343) can0 2A6#FFFFF84700000253
(1790953868.349467) can0 2A7#00004EADFFFFFD8E
(1790953868.353773) can0 2A1#0100010000000000
(1790953868.353869) can0 2A2#0000D54B000013A5
(1790953868.353994) can0 2A3#0002EB29FFFD410D
(1790953868.354118) can0 2A4#0001245BFFFD551E
(1790953868.354242) can0 2A5#0000133A000007CA
(1790953868.354368) can0 2A6#FFFFF84700000253
(1790953868.354494) can0 2A7#00004EADFFFFFD8E
(1790953868.358744) can0 2A1#0100010000000000
(1790953868.358876) can0 2A2#0000D54B000013A5
(1790953868.358994) can0 2A3#0002EB29FFFD410D
(1790953868.359117) can0 2A4#0001245BFFFD551E
(1790953868.359217) can0 2A5#0000133A000007CA
(1790953868.359343) can0 2A6#FFFFF84700000253
(1790953868.359470) can0 2A7#00004EADFFFFFD8E
(1790953868.363773) can0 2A1#0100010000000000
(1790953868.363892) can0 2A2#0000D54B000013A5
(1790953868.364019) can0 2A3#0002EB29FFFD410D
(1790953868.364118) can0 2A4#0001245BFFFD551E
(1790953868.364243) can0 2A5#0000133A000007CA
(1790953868.364366) can0 2A6#FFFFF84700000253
(1790953868.364493) can0 2A7#00004EADFFFFFD8E
(1790953868.368778) can0 2A1#0100010000000000
(1790953868.368868) can0 2A2#0000D54B000013A5
(1790953868.368997) can0 2A3#0002EB29FFFD410D
(1790953868.369121) can0 2A4#0001245BFFFD551E
(1790953868.369220) can0 2A5#0000133A000007CA
(1790953868.369345) can0 2A6#FFFFF84700000253
(1790953868.369471) can0 2A7#00004EADFFFFFD8E
(1790953868.373777) can0 2A1#0100010000000000
(1790953868.373898) can0 2A2#0000D54B000013A5
(1790953868.373995) can0 2A3#0002EB29FFFD410D
(1790953868.374120) can0 2A4#0001245BFFFD551E
(1790953868.374243) can0 2A5#0000133A000007CA
(1790953868.374370) can0 2A6#FFFFF84700000253
(1790953868.374495) can0 2A7#00004EADFFFFFD8E
(1790953868.378773) can0 2A1#0100010000000000
(1790953868.378870) can0 2A2#0000D54B000013A5
(1790953868.378995) can0 2A3#0002EB29FFFD410D
(1790953868.379118) can0 2A4#0001245BFFFD551E
(1790953868.379219) can0 2A5#0000133A000007CA
(1790953868.379369) can0 2A6#FFFFF84700000253
(1790953868.379470) can0 2A7#00004EADFFFFFD8E
(1790953868.383780) can0 2A1#0100010000000000
(1790953868.383876) can0 2A2#0000D54B000013A5
(1790953868.383998) can0 2A3#0002EB29FFFD410D
(1790953868.384120) can0 2A4#0001245BFFFD551E
(1790953868.384244) can0 2A5#0000133A000007CA
(1790953868.384369) can0 2A6#FFFFF84700000253
(1790953868.384497) can0 2A7#00004EADFFFFFD8E
(1790953868.388784) can0 2A1#0100010000000000
(1790953868.388883) can0 2A2#0000D54B000013A5
(1790953868.388997) can0 2A3#0002EB29FFFD410D
(1790953868.389121) can0 2A4#0001245BFFFD551E
(1790953868.389218) can0 2A5#0000133A000007CA
(1790953868.389344) can0 2A6#FFFFF84700000253
(1790953868.389472) can0 2A7#00004EADFFFFFD8E
(1790953868.393778) can0 2A1#0100010000000000
(1790953868.393882) can0 2A2#0000D54B000013A5
(1790953868.394022) can0 2A3#0002EB29FFFD410D
(1790953868.394119) can0 2A4#0001245BFFFD551E
(1790953868.394244) can0 2A5#0000133A000007CA
(1790953868.394370) can0 2A6#FFFFF84700000253
(1790953868.394497) can0 2A7#00004EADFFFFFD8E
(1790953868.398755) can0 2A1#0100010000000000
(1790953868.398869) can0 2A2#0000D54B000013A5
(1790953868.398994) can0 2A3#0002EB29FFFD410D
(1790953868.399121) can0 2A4#0001245BFFFD551E
(1790953868.399219) can0 2A5#0000133A000007CA
(1790953868.399344) can0 2A6#FFFFF84700000253
(1790953868.399472) can0 2A7#00004EADFFFFFD8E
(1790953868.403783) can0 2A1#0100010000000000
(1790953868.403902) can0 2A2#0000D54B000013A5
(1790953868.403996) can0 2A3#0002EB29FFFD410D
(1790953868.404121) can0 2A4#0001245BFFFD551E
(1790953868.404244) can0 2A5#0000133A000007CA
(1790953868.404372) can0 2A6#FFFFF84700000253
(1790953868.404497) can0 2A7#00004EADFFFFFD8E
(1790953868.408755) can0 2A1#0100010000000000
(1790953868.408869) can0 2A2#0000D54B000013A5
(1790953868.408994) can0 2A3#0002EB29FFFD410D
(1790953868.409119) can0 2A4#0001245BFFFD551E
(1790953868.409244) can0 2A5#0000133A000007CA
(1790953868.409344) can0 2A6#FFFFF84700000253
(1790953868.409469) can0 2A7#00004EADFFFFFD8E
(1790953868.413778) can0 2A1#0100010000000000
(1790953868.413894) can0 2A2#0000D54B000013A5
(1790953868.413997) can0 2A3#0002EB29FFFD410D
(1790953868.414122) can0 2A4#0001245BFFFD551E
(1790953868.414244) can0 2A5#0000133A000007CA
(1790953868.414371) can0 2A6#FFFFF84700000253
(1790953868.414497) can0 2A7#00004EADFFFFFD8E
(1790953868.418750) can0 2A1#0100010000000000
(1790953868.418875) can0 2A2#0000D54B000013A5
(1790953868.418994) can0 2A3#0002EB29FFFD410D
(1790953868.419119) can0 2A4#0001245BFFFD551E
(1790953868.419244) can0 2A5#0000133A000007CA
(1790953868.419344) can0 2A6#FFFFF84700000253
(1790953868.419469) can0 2A7#00004EADFFFFFD8E
(1790953868.423778) can0 2A1#0100010000000000
(1790953868.423877) can0 2A2#0000D54B000013A5
(1790953868.423996) can0 2A3#0002EB29FFFD410D
(1790953868.424122) can0 2A4#0001245BFFFD551E
(1790953868.424247) can0 2A5#0000133A000007CA
(1790953868.424373) can0 2A6#FFFFF84700000253
(1790953868.424497) can0 2A7#00004EADFFFFFD8E
(1790953868.428754) can0 2A1#0100010000000000
(1790953868.428869) can0 2A2#0000D54B000013A5
(1790953868.428997) can0 2A3#0002EB29FFFD410D
(1790953868.429121) can0 2A4#0001245BFFFD551E
(1790953868.429244) can0 2A5#0000133A000007CA
(1790953868.429369) can0 2A6#FFFFF84700000253
(1790953868.429469) can0 2A7#00004EADFFFFFD8E
(1790953868.433778) can0 2A1#0100010000000000
(1790953868.433873) can0 2A2#0000D54B000013A5
(1790953868.433994) can0 2A3#0002EB29FFFD410D
(1790953868.434119) can0 2A4#0001245BFFFD551E
(1790953868.434244) can0 2A5#0000133A000007CA
(1790953868.434369) can0 2A6#FFFFF84700000253
(1790953868.434494) can0 2A7#00004EADFFFFFD8E
(1790953868.438755) can0 2A1#0100010000000000
(1790953868.438869) can0 2A2#0000D54B000013A5
(1790953868.438995) can0 2A3#0002EB29FFFD410D
(1790953868.439119) can0 2A4#0001245BFFFD551E
(1790953868.439244) can0 2A5#0000133A000007CA
(1790953868.439344) can0 2A6#FFFFF84700000253
(1790953868.439469) can0 2A7#00004EADFFFFFD8E
(1790953868.443780) can0 2A1#0100010000000000
(1790953868.443894) can0 2A2#0000D54B000013A5
(1790953868.444018) can0 2A3#0002EB29FFFD410D
(1790953868.444122) can0 2A4#0001245BFFFD551E
(1790953868.444246) can0 2A5#0000133A000007CA
(1790953868.444369) can0 2A6#FFFFF84700000253
(1790953868.444494) can0 2A7#00004EADFFFFFD8E
(1790953868.448754) can0 2A1#0100010000000000
(1790953868.448896) can0 2A2#0000D54B000013A5
(1790953868.448994) can0 2A3#0002EB29FFFD410D
(1790953868.449119) can0 2A4#0001245BFFFD551E
(1790953868.449244) can0 2A5#0000133A000007CA
(1790953868.449346) can0 2A6#FFFFF84700000253
(1790953868.449469) can0 2A7#00004EADFFFFFD8E
(1790953868.453777) can0 2A1#0100010000000000
(1790953868.453894) can0 2A2#0000D54B000013A5
(1790953868.454022) can0 2A3#0002EB29FFFD410D
(1790953868.454119) can0 2A4#0001245BFFFD551E
(1790953868.454246) can0 2A5#0000133A000007CA
(1790953868.454369) can0 2A6#FFFFF84700000253
(1790953868.454494) can0 2A7#00004EADFFFFFD8E
(1790953868.458800) can0 2A1#0100010000000000
(1790953868.458873) can0 2A2#0000D54B000013A5
(1790953868.458995) can0 2A3#0002EB29FFFD410D
(1790953868.459120) can0 2A4#0001245BFFFD551E
(1790953868.459219) can0 2A5#0000133A000007CA
(1790953868.459346) can0 2A6#FFFFF84700000253
(1790953868.459473) can0 2A7#00004EADFFFFFD8E
(1790953868.463785) can0 2A1#0100010000000000
(1790953868.463867) can0 2A2#0000D54B000013A5
(1790953868.463994) can0 2A3#0002EB29FFFD410D
(1790953868.464119) can0 2A4#0001245BFFFD551E
(1790953868.464241) can0 2A5#0000133A000007CA
(1790953868.464369) can0 2A6#FFFFF84700000253
(1790953868.464492) can0 2A7#00004EADFFFFFD8E
(1790953868.468757) can0 2A1#0100010000000000
(1790953868.468873) can0 2A2#0000D54B000013A5
(1790953868.469001) can0 2A3#0002EB29FFFD410D
(1790953868.469130) can0 2A4#0001245BFFFD551E
(1790953868.469251) can0 2A5#0000133A000007CA
(1790953868.469347) can0 2A6#FFFFF84700000253
(1790953868.469471) can0 2A7#00004EADFFFFFD8E
(1790953868.473777) can0 2A1#0100010000000000
(1790953868.473872) can0 2A2#0000D54B000013A5
(1790953868.473993) can0 2A3#0002EB29FFFD410D
(1790953868.474118) can0 2A4#0001245BFFFD551E
(1790953868.474243) can0 2A5#0000133A000007CA
(1790953868.474368) can0 2A6#FFFFF84700000253
(1790953868.474492) can0 2A7#00004EADFFFFFD8E
(1790953868.478747) can0 2A1#0100010000000000
(1790953868.478868) can0 2A2#0000D54B000013A5
(1790953868.478994) can0 2A3#0002EB29FFFD410D
(1790953868.479120) can0 2A4#0001245BFFFD551E
(1790953868.479245) can0 2A5#0000133A000007CA
(1790953868.479370) can0 2A6#FFFFF84700000253
(1790953868.479470) can0 2A7#00004EADFFFFFD8E
(1790953868.483777) can0 2A1#0100010000000000
(1790953868.483898) can0 2A2#0000D54B000013A5
(1790953868.484021) can0 2A3#0002EB29FFFD410D
(1790953868.484122) can0 2A4#0001245BFFFD551E
(1790953868.484245) can0 2A5#0000133A000007CA
(1790953868.484372) can0 2A6#FFFFF84700000253
(1790953868.484496) can0 2A7#00004EADFFFFFD8E
(1790953868.488750) can0 2A1#0100010000000000
(1790953868.488869) can0 2A2#0000D54B000013A5
(1790953868.488995) can0 2A3#0002EB29FFFD410D
(1790953868.489118) can0 2A4#0001245BFFFD551E
(1790953868.489245) can0 2A5#0000133A000007CA
(1790953868.489345) can0 2A6#FFFFF84700000253
(1790953868.489470) can0 2A7#00004EADFFFFFD8E
(1790953868.493777) can0 2A1#0100010000000000
(1790953868.493873) can0 2A2#0000D54B000013A5
(1790953868.493995) can0 2A3#0002EB29FFFD410D
(1790953868.494120) can0 2A4#0001245BFFFD551E
(1790953868.494244) can0 2A5#0000133A000007CA
(1790953868.494368) can0 2A6#FFFFF84700000253
(1790953868.494496) can0 2A7#00004EADFFFFFD8E
(1790953868.498756) can0 2A1#0100010000000000
(1790953868.498868) can0 2A2#0000D54B000013A5
(1790953868.498995) can0 2A3#0002EB29FFFD410D
(1790953868.499120) can0 2A4#0001245BFFFD551E
(1790953868.499219) can0 2A5#0000133A000007CA
(1790953868.499345) can0 2A6#FFFFF84700000253
(1790953868.499469) can0 2A7#00004EADFFFFFD8E
(1790953868.503774) can0 2A1#0100010000000000
(1790953868.503894) can0 2A2#0000D54B000013A5
(1790953868.503995) can0 2A3#0002EB29FFFD410D
(1790953868.504118) can0 2A4#0001245BFFFD551E
(1790953868.504243) can0 2A5#0000133A000007CA
(1790953868.504370) can0 2A6#FFFFF84700000253
(1790953868.504495) can0 2A7#00004EADFFFFFD8E
(1790953868.508744) can0 2A1#0100010000000000
(1790953868.508898) can0 2A2#0000D54B000013A5
(1790953868.508996) can0 2A3#0002EB29FFFD410D
(1790953868.509118) can0 2A4#0001245BFFFD551E
(1790953868.509243) can0 2A5#0000133A000007CA
(1790953868.509368) can0 2A6#FFFFF84700000253
(1790953868.509470) can0 2A7#00004EADFFFFFD8E
(1790953868.513777) can0 2A1#0100010000000000
(1790953868.513871) can0 2A2#0000D54B000013A5
(1790953868.513998) can0 2A3#0002EB29FFFD410D
(1790953868.514123) can0 2A4#0001245BFFFD551E
(1790953868.514244) can0 2A5#0000133A000007CA
(1790953868.514372) can0 2A6#FFFFF84700000253
(1790953868.514495) can0 2A7#00004EADFFFFFD8E
(1790953868.518747) can0 2A1#0100010000000000
(1790953868.518869) can0 2A2#0000D54B000013A5
(1790953868.518994) can0 2A3#0002EB29FFFD410D
(1790953868.519122) can0 2A4#0001245BFFFD551E
(1790953868.519245) can0 2A5#0000133A000007CA
(1790953868.519371) can0 2A6#FFFFF84700000253
(1790953868.519472) can0 2A7#00004EADFFFFFD8E
(1790953868.523773) can0 2A1#0100010000000000
(1790953868.523870) can0 2A2#0000D54B000013A5
(1790953868.523993) can0 2A3#0002EB29FFFD410D
(1790953868.524121) can0 2A4#0001245BFFFD551E
(1790953868.524245) can0 2A5#0000133A000007CA
(1790953868.524370) can0 2A6#FFFFF84700000253
(1790953868.524495) can0 2A7#00004EADFFFFFD8E
(1790953868.528745) can0 2A1#0100010000000000
(1790953868.528873) can0 2A2#0000D54B000013A5
(1790953868.528997) can0 2A3#0002EB29FFFD410D
(1790953868.529122) can0 2A4#0001245BFFFD551E
(1790953868.529246) can0 2A5#0000133A000007CA
(1790953868.529344) can0 2A6#FFFFF84700000253
(1790953868.529470) can0 2A7#00004EADFFFFFD8E
(1790953868.533775) can0 2A1#0100010000000000
(1790953868.533894) can0 2A2#0000D54B000013A5
(1790953868.534021) can0 2A3#0002EB29FFFD410D
(1790953868.534119) can0 2A4#0001245BFFFD551E
(1790953868.534244) can0 2A5#0000133A000007CA
(1790953868.534369) can0 2A6#FFFFF84700000253
(1790953868.534469) can0 2A7#00004EADFFFFFD8E
(1790953868.538755) can0 2A1#0100010000000000
(1790953868.538874) can0 2A2#0000D54B000013A5
(1790953868.538997) can0 2A3#0002EB29FFFD410D
(1790953868.539119) can0 2A4#0001245BFFFD551E
(1790953868.539221) can0 2A5#0000133A000007CA
(1790953868.539346) can0 2A6#FFFFF84700000253
(1790953868.539471) can0 2A7#00004EADFFFFFD8E
(1790953868.543777) can0 2A1#0100010000000000
(1790953868.543894) can0 2A2#0000D54B000013A5
(1790953868.544022) can0 2A3#0002EB29FFFD410D
(1790953868.544122) can0 2A4#0001245BFFFD551E
(1790953868.544247) can0 2A5#0000133A000007CA
(1790953868.544372) can0 2A6#FFFFF84700000253
(1790953868.544497) can0 2A7#00004EADFFFFFD8E
(1790953868.548753) can0 2A1#0100010000000000
(1790953868.548869) can0 2A2#0000D54B000013A5
(1790953868.548994) can0 2A3#0002EB29FFFD410D
(1790953868.549122) can0 2A4#0001245BFFFD551E
(1790953868.549247) can0 2A5#0000133A000007CA
(1790953868.549369) can0 2A6#FFFFF84700000253
(1790953868.549471) can0 2A7#00004EADFFFFFD8E
(1790953868.553778) can0 2A1#0100010000000000
(1790953868.553875) can0 2A2#0000D54B000013A5
(1790953868.553994) can0 2A3#0002EB29FFFD410D
(1790953868.554120) can0 2A4#0001245BFFFD551E
(1790953868.554244) can0 2A5#0000133A000007CA
(1790953868.554370) can0 2A6#FFFFF84700000253
(1790953868.554495) can0 2A7#00004EADFFFFFD8E
(1790953868.558752) can0 2A1#0100010000000000
(1790953868.558871) can0 2A2#0000D54B000013A5
(1790953868.558995) can0 2A3#0002EB29FFFD410D
(1790953868.559120) can0 2A4#0001245BFFFD551E
(1790953868.559243) can0 2A5#0000133A000007CA
(1790953868.559370) can0 2A6#FFFFF84700000253
(1790953868.559495) can0 2A7#00004EADFFFFFD8E
(1790953868.563775) can0 2A1#0100010000000000
(1790953868.563895) can0 2A2#0000D54B000013A5
(1790953868.563995) can0 2A3#0002EB29FFFD410D
(1790953868.564120) can0 2A4#0001245BFFFD551E
(1790953868.564244) can0 2A5#0000133A000007CA
(1790953868.564370) can0 2A6#FFFFF84700000253
(1790953868.564493) can0 2A7#00004EADFFFFFD8E
(1790953868.568747) can0 2A1#0100010000000000
(1790953868.568869) can0 2A2#0000D54B000013A5
(1790953868.568995) can0 2A3#0002EB29FFFD410D
(1790953868.569120) can0 2A4#0001245BFFFD551E
(1790953868.569243) can0 2A5#0000133A000007CA
(1790953868.569369) can0 2A6#FFFFF84700000253
(1790953868.569470) can0 2A7#00004EADFFFFFD8E
(1790953868.573780) can0 2A1#0100010000000000
(1790953868.573900) can0 2A2#0000D54B000013A5
(1790953868.574019) can0 2A3#0002EB29FFFD410D
(1790953868.574120) can0 2A4#0001245BFFFD551E
(1790953868.574244) can0 2A5#0000133A000007CA
(1790953868.574370) can0 2A6#FFFFF84700000253
(1790953868.574495) can0 2A7#00004EADFFFFFD8E
(1790953868.578751) can0 2A1#0100010000000000
(1790953868.578868) can0 2A2#0000D54B000013A5
(1790953868.578995) can0 2A3#0002EB29FFFD410D
(1790953868.579118) can0 2A4#0001245BFFFD551E
(1790953868.579219) can0 2A5#0000133A000007CA
(1790953868.579344) can0 2A6#FFFFF84700000253
(1790953868.579470) can0 2A7#00004EADFFFFFD8E
(1790953868.583772) can0 2A1#0100010000000000
(1790953868.583894) can0 2A2#0000D54B000013A5
(1790953868.583995) can0 2A3#0002EB29FFFD410D
(1790953868.584118) can0 2A4#0001245BFFFD551E
(1790953868.584244) can0 2A5#0000133A000007CA
(1790953868.584370) can0 2A6#FFFFF84700000253
(1790953868.584494) can0 2A7#00004EADFFFFFD8E
(1790953868.588774) can0 2A1#0100010000000000
(1790953868.588873) can0 2A2#0000D54B000013A5
(1790953868.588995) can0 2A3#0002EB29FFFD410D
(1790953868.589120) can0 2A4#0001245BFFFD551E
(1790953868.589219) can0 2A5#0000133A000007CA
(1790953868.589345) can0 2A6#FFFFF84700000253
(1790953868.589495) can0 2A7#00004EADFFFFFD8E
(1790953868.593777) can0 2A1#0100010000000000
(1790953868.593880) can0 2A2#0000D54B000013A5
(1790953868.593995) can0 2A3#0002EB29FFFD410D
(1790953868.594119) can0 2A4#0001245BFFFD551E
(1790953868.594244) can0 2A5#0000133A000007CA
(1790953868.594369) can0 2A6#FFFFF84700000253
(1790953868.594495) can0 2A7#00004EADFFFFFD8E
(1790953868.598751) can0 2A1#0100010000000000
(1790953868.598868) can0 2A2#0000D54B000013A5
(1790953868.598995) can0 2A3#0002EB29FFFD410D
(1790953868.599120) can0 2A4#0001245BFFFD551E
(1790953868.599244) can0 2A5#0000133A000007CA
(1790953868.599344) can0 2A6#FFFFF84700000253
(1790953868.599470) can0 2A7#00004EADFFFFFD8E
(1790953868.603774) can0 2A1#0100010000000000
(1790953868.603871) can0 2A2#0000D54B000013A5
(1790953868.603995) can0 2A3#0002EB29FFFD410D
(1790953868.604120) can0 2A4#0001245BFFFD551E
(1790953868.604243) can0 2A5#0000133A000007CA
(1790953868.604370) can0 2A6#FFFFF84700000253
(1790953868.604495) can0 2A7#00004EADFFFFFD8E
(1790953868.608772) can0 2A1#0100010000000000
(1790953868.608868) can0 2A2#0000D54B000013A5
(1790953868.608996) can0 2A3#0002EB29FFFD410D
(1790953868.609120) can0 2A4#0001245BFFFD551E
(1790953868.609218) can0 2A5#0000133A000007CA
(1790953868.609345) can0 2A6#FFFFF84700000253
(1790953868.609468) can0 2A7#00004EADFFFFFD8E
(1790953868.613772) can0 2A1#0100010000000000
(1790953868.613893) can0 2A2#0000D54B000013A5
(1790953868.613995) can0 2A3#0002EB29FFFD410D
(1790953868.614120) can0 2A4#0001245BFFFD551E
(1790953868.614244) can0 2A5#0000133A000007CA
(1790953868.614370) can0 2A6#FFFFF84700000253
(1790953868.614470) can0 2A7#00004EADFFFFFD8E
(1790953868.618748) can0 2A1#0100010000000000
(1790953868.618874) can0 2A2#0000D54B000013A5
(1790953868.618994) can0 2A3#0002EB29FFFD410D
(1790953868.619118) can0 2A4#0001245BFFFD551E
(1790953868.619220) can0 2A5#0000133A000007CA
(1790953868.619343) can0 2A6#FFFFF84700000253
(1790953868.619469) can0 2A7#00004EADFFFFFD8E
(1790953868.623775) can0 2A1#0100010000000000
(1790953868.623894) can0 2A2#0000D54B000013A5
(1790953868.624019) can0 2A3#0002EB29FFFD410D
(1790953868.624118) can0 2A4#0001245BFFFD551E
(1790953868.624243) can0 2A5#0000133A000007CA
(1790953868.624374) can0 2A6#FFFFF84700000253
(1790953868.624494) can0 2A7#00004EADFFFFFD8E
(1790953868.628775) can0 2A1#0100010000000000
(1790953868.628870) can0 2A2#0000D54B000013A5
(1790953868.628994) can0 2A3#0002EB29FFFD410D
(1790953868.629119) can0 2A4#0001245BFFFD551E
(1790953868.629218) can0 2A5#0000133A000007CA
(1790953868.629343) can0 2A6#FFFFF84700000253
(1790953868.629469) can0 2A7#00004EADFFFFFD8E
(1790953868.633776) can0 2A1#0100010000000000
(1790953868.633893) can0 2A2#0000D54B000013A5
(1790953868.634019) can0 2A3#0002EB29FFFD410D
(1790953868.634119) can0 2A4#0001245BFFFD551E
(1790953868.634244) can0 2A5#0000133A000007CA
(1790953868.634368) can0 2A6#FFFFF84700000253
(1790953868.634494) can0 2A7#00004EADFFFFFD8E
(1790953868.638745) can0 2A1#0100010000000000
(1790953868.638869) can0 2A2#0000D54B000013A5
(1790953868.638994) can0 2A3#0002EB29FFFD410D
(1790953868.639119) can0 2A4#0001245BFFFD551E
(1790953868.639244) can0 2A5#0000133A000007CA
(1790953868.639343) can0 2A6#FFFFF84700000253
(1790953868.639469) can0 2A7#00004EADFFFFFD8E
(1790953868.643774) can0 2A1#0100010000000000
(1790953868.643899) can0 2A2#0000D54B000013A5
(1790953868.644019) can0 2A3#0002EB29FFFD410D
(1790953868.644118) can0 2A4#0001245BFFFD551E
(1790953868.644243) can0 2A5#0000133A000007CA
(1790953868.644368) can0 2A6#FFFFF84700000253
(1790953868.644493) can0 2A7#00004EADFFFFFD8E
(1790953868.648778) can0 2A1#0100010000000000
(1790953868.648879) can0 2A2#0000D54B000013A5
(1790953868.648997) can0 2A3#0002EB29FFFD410D
(1790953868.649119) can0 2A4#0001245BFFFD551E
(1790953868.649222) can0 2A5#0000133A000007CA
(1790953868.649345) can0 2A6#FFFFF84700000253
(1790953868.649469) can0 2A7#00004EADFFFFFD8E
(1790953868.653773) can0 2A1#0100010000000000
(1790953868.653894) can0 2A2#0000D54B000013A5
(1790953868.654022) can0 2A3#0002EB29FFFD410D
(1790953868.654119) can0 2A4#0001245BFFFD551E
(1790953868.654244) can0 2A5#0000133A000007CA
(1790953868.654371) can0 2A6#FFFFF84700000253
(1790953868.654494) can0 2A7#00004EADFFFFFD8E
(1790953868.658773) can0 2A1#0100010000000000
(1790953868.658883) can0 2A2#0000D54B000013A5
(1790953868.658998) can0 2A3#0002EB29FFFD410D
(1790953868.659121) can0 2A4#0001245BFFFD551E
(1790953868.659220) can0 2A5#0000133A000007CA
(1790953868.659345) can0 2A6#FFFFF84700000253
(1790953868.659470) can0 2A7#00004EADFFFFFD8E
(1790953868.663773) can0 2A1#0100010000000000
(1790953868.663873) can0 2A2#0000D54B000013A5
(1790953868.664021) can0 2A3#0002EB29FFFD410D
(1790953868.664120) can0 2A4#0001245BFFFD551E
(1790953868.664245) can0 2A5#0000133A000007CA
(1790953868.664370) can0 2A6#FFFFF84700000253
(1790953868.664493) can0 2A7#00004EADFFFFFD8E
(1790953868.668748) can0 2A1#0100010000000000
(1790953868.668871) can0 2A2#0000D54B000013A5
(1790953868.668996) can0 2A3#0002EB29FFFD410D
(1790953868.669120) can0 2A4#0001245BFFFD551E
(1790953868.669218) can0 2A5#0000133A000007CA
(1790953868.669345) can0 2A6#FFFFF84700000253
(1790953868.669483) can0 2A7#00004EADFFFFFD8E
(1790953868.673777) can0 2A1#0100010000000000
(1790953868.673893) can0 2A2#0000D54B000013A5
(1790953868.673995) can0 2A3#0002EB29FFFD410D
(1790953868.674120) can0 2A4#0001245BFFFD551E
(1790953868.674245) can0 2A5#0000133A000007CA
(1790953868.674370) can0 2A6#FFFFF84700000253
(1790953868.674495) can0 2A7#00004EADFFFFFD8E
(1790953868.678774) can0 2A1#0100010000000000
(1790953868.678871) can0 2A2#0000D54B000013A5
(1790953868.678995) can0 2A3#0002EB29FFFD410D
(1790953868.679120) can0 2A4#0001245BFFFD551E
(1790953868.679245) can0 2A5#0000133A000007CA
(1790953868.679370) can0 2A6#FFFFF84700000253
(1790953868.679470) can0 2A7#00004EADFFFFFD8E
(1790953868.683776) can0 2A1#0100010000000000
(1790953868.683893) can0 2A2#0000D54B000013A5
(1790953868.683995) can0 2A3#0002EB29FFFD410D
(1790953868.684120) can0 2A4#0001245BFFFD551E
(1790953868.684245) can0 2A5#0000133A000007CA
(1790953868.684370) can0 2A6#FFFFF84700000253
(1790953868.684495) can0 2A7#00004EADFFFFFD8E
(1790953868.688774) can0 2A1#0100010000000000
(1790953868.688873) can0 2A2#0000D54B000013A5
(1790953868.688994) can0 2A3#0002EB29FFFD410D
(1790953868.689120) can0 2A4#0001245BFFFD551E
(1790953868.689219) can0 2A5#0000133A000007CA
(1790953868.689345) can0 2A6#FFFFF84700000253
(1790953868.689470) can0 2A7#00004EADFFFFFD8E
(1790953868.693775) can0 2A1#0100010000000000
(1790953868.693900) can0 2A2#0000D54B000013A5
(1790953868.693995) can0 2A3#0002EB29FFFD410D
(1790953868.694120) can0 2A4#0001245BFFFD551E
(1790953868.694243) can0 2A5#0000133A000007CA
(1790953868.694370) can0 2A6#FFFFF84700000253
(1790953868.694494) can0 2A7#00004EADFFFFFD8E
(1790953868.698780) can0 2A1#0100010000000000
(1790953868.698873) can0 2A2#0000D54B000013A5
(1790953868.698995) can0 2A3#0002EB29FFFD410D
(1790953868.699119) can0 2A4#0001245BFFFD551E
(1790953868.699245) can0 2A5#0000133A000007CA
(1790953868.699368) can0 2A6#FFFFF84700000253
(1790953868.699471) can0 2A7#00004EADFFFFFD8E
(1790953868.703774) can0 2A1#0100010000000000
(1790953868.703893) can0 2A2#0000D54B000013A5
(1790953868.703995) can0 2A3#0002EB29FFFD410D
(1790953868.704119) can0 2A4#0001245BFFFD551E
(1790953868.704245) can0 2A5#0000133A000007CA
(1790953868.704370) can0 2A6#FFFFF84700000253
(1790953868.704495) can0 2A7#00004EADFFFFFD8E
(1790953868.708752) can0 2A1#0100010000000000
(1790953868.708896) can0 2A2#0000D54B000013A5
(1790953868.708997) can0 2A3#0002EB29FFFD410D
(1790953868.709120) can0 2A4#0001245BFFFD551E
(1790953868.709245) can0 2A5#0000133A000007CA
(1790953868.709345) can0 2A6#FFFFF84700000253
(1790953868.709470) can0 2A7#00004EADFFFFFD8E
(1790953868.713774) can0 2A1#0100010000000000
(1790953868.713893) can0 2A2#0000D54B000013A5
(1790953868.714020) can0 2A3#0002EB29FFFD410D
(1790953868.714120) can0 2A4#0001245BFFFD551E
(1790953868.714245) can0 2A5#0000133A000007CA
(1790953868.714370) can0 2A6#FFFFF84700000253
(1790953868.714496) can0 2A7#00004EADFFFFFD8E
(1790953868.718746) can0 2A1#0100010000000000
(1790953868.718869) can0 2A2#0000D54B000013A5
(1790953868.718995) can0 2A3#0002EB29FFFD410D
(1790953868.719120) can0 2A4#0001245BFFFD551E
(1790953868.719220) can0 2A5#0000133A000007CA
(1790953868.719345) can0 2A6#FFFFF84700000253
(1790953868.719470) can0 2A7#00004EADFFFFFD8E
(1790953868.723772) can0 2A1#0100010000000000
(1790953868.723893) can0 2A2#0000D54B000013A5
(1790953868.723995) can0 2A3#0002EB29FFFD410D
(1790953868.724120) can0 2A4#0001245BFFFD551E
(1790953868.724245) can0 2A5#0000133A000007CA
(1790953868.724370) can0 2A6#FFFFF84700000253
(1790953868.724470) can0 2A7#00004EADFFFFFD8E
(1790953868.728770) can0 2A1#0100010000000000
(1790953868.728877) can0 2A2#0000D54B000013A5
(1790953868.728997) can0 2A3#0002EB29FFFD410D
(1790953868.729122) can0 2A4#0001245BFFFD551E
(1790953868.729246) can0 2A5#0000133A000007CA
(1790953868.729346) can0 2A6#FFFFF84700000253
(1790953868.729496) can0 2A7#00004EADFFFFFD8E
(1790953868.733770) can0 2A1#0100010000000000
(1790953868.733894) can0 2A2#0000D54B000013A5
(1790953868.733994) can0 2A3#0002EB29FFFD410D
(1790953868.734121) can0 2A4#0001245BFFFD551E
(1790953868.734246) can0 2A5#0000133A000007CA
(1790953868.734370) can0 2A6#FFFFF84700000253
(1790953868.734496) can0 2A7#00004EADFFFFFD8E
(1790953868.738772) can0 2A1#0100010000000000
(1790953868.738875) can0 2A2#0000D54B000013A5
(1790953868.738997) can0 2A3#0002EB29FFFD410D
(1790953868.739121) can0 2A4#0001245BFFFD551E
(1790953868.739219) can0 2A5#0000133A000007CA
(1790953868.739346) can0 2A6#FFFFF84700000253
(1790953868.739470) can0 2A7#00004EADFFFFFD8E
(1790953868.743778) can0 2A1#0100010000000000
(1790953868.743894) can0 2A2#0000D54B000013A5
(1790953868.744021) can0 2A3#0002EB29FFFD410D
(1790953868.744121) can0 2A4#0001245BFFFD551E
(1790953868.744246) can0 2A5#0000133A000007CA
(1790953868.744371) can0 2A6#FFFFF84700000253
(1790953868.744496) can0 2A7#00004EADFFFFFD8E
(1790953868.748770) can0 2A1#0100010000000000
(1790953868.748871) can0 2A2#0000D54B000013A5
(1790953868.748996) can0 2A3#0002EB29FFFD410D
(1790953868.749121) can0 2A4#0001245BFFFD551E
(1790953868.749220) can0 2A5#0000133A000007CA
(1790953868.749346) can0 2A6#FFFFF84700000253
(1790953868.749471) can0 2A7#00004EADFFFFFD8E
(1790953868.753791) can0 2A1#0100010000000000
(1790953868.753871) can0 2A2#0000D54B000013A5
(1790953868.754021) can0 2A3#0002EB29FFFD410D
(1790953868.754146) can0 2A4#0001245BFFFD551E
(1790953868.754245) can0 2A5#0000133A000007CA
(1790953868.754372) can0 2A6#FFFFF84700000253
(1790953868.754496) can0 2A7#00004EADFFFFFD8E
(1790953868.758753) can0 2A1#0100010000000000
(1790953868.758894) can0 2A2#0000D54B000013A5
(1790953868.758994) can0 2A3#0002EB29FFFD410D
(1790953868.759119) can0 2A4#0001245BFFFD551E
(1790953868.759246) can0 2A5#0000133A000007CA
(1790953868.759346) can0 2A6#FFFFF84700000253
(1790953868.759470) can0 2A7#00004EADFFFFFD8E
(1790953868.763774) can0 2A1#0100010000000000
(1790953868.763893) can0 2A2#0000D54B000013A5
(1790953868.764019) can0 2A3#0002EB29FFFD410D
(1790953868.764120) can0 2A4#0001245BFFFD551E
(1790953868.764245) can0 2A5#0000133A000007CA
(1790953868.764372) can0 2A6#FFFFF84700000253
(1790953868.764498) can0 2A7#00004EADFFFFFD8E
(1790953868.768750) can0 2A1#0100010000000000
(1790953868.768895) can0 2A2#0000D54B000013A5
(1790953868.768996) can0 2A3#0002EB29FFFD410D
(1790953868.769120) can0 2A4#0001245BFFFD551E
(1790953868.769245) can0 2A5#0000133A000007CA
(1790953868.769370) can0 2A6#FFFFF84700000253
(1790953868.769509) can0 2A7#00004EADFFFFFD8E
(1790953868.773775) can0 2A1#0100010000000000
(1790953868.773895) can0 2A2#0000D54B000013A5
(1790953868.774021) can0 2A3#0002EB29FFFD410D
(1790953868.774145) can0 2A4#0001245BFFFD551E
(1790953868.774245) can0 2A5#0000133A000007CA
(1790953868.774370) can0 2A6#FFFFF84700000253
(1790953868.774495) can0 2A7#00004EADFFFFFD8E
(1790953868.778744) can0 2A1#0100010000000000
(1790953868.778881) can0 2A2#0000D54B000013A5
(1790953868.778995) can0 2A3#0002EB29FFFD410D
(1790953868.779120) can0 2A4#0001245BFFFD551E
(1790953868.779245) can0 2A5#0000133A000007CA
(1790953868.779370) can0 2A6#FFFFF84700000253
(1790953868.779495) can0 2A7#00004EADFFFFFD8E
(1790953868.783780) can0 2A1#0100010000000000
(1790953868.783894) can0 2A2#0000D54B000013A5
(1790953868.783995) can0 2A3#0002EB29FFFD410D
(1790953868.784120) can0 2A4#0001245BFFFD551E
(1790953868.784244) can0 2A5#0000133A000007CA
(1790953868.784370) can0 2A6#FFFFF84700000253
(1790953868.784494) can0 2A7#00004EADFFFFFD8E
(1790953868.788777) can0 2A1#0100010000000000
(1790953868.788881) can0 2A2#0000D54B000013A5
(1790953868.788996) can0 2A3#0002EB29FFFD410D
(1790953868.789118) can0 2A4#0001245BFFFD551E
(1790953868.789220) can0 2A5#0000133A000007CA
(1790953868.789345) can0 2A6#FFFFF84700000253
(1790953868.789470) can0 2A7#00004EADFFFFFD8E
(1790953868.793784) can0 2A1#0100010000000000
(1790953868.793903) can0 2A2#0000D54B000013A5
(1790953868.793997) can0 2A3#0002EB29FFFD410D
(1790953868.794120) can0 2A4#0001245BFFFD551E
(1790953868.794244) can0 2A5#0000133A000007CA
(1790953868.794368) can0 2A6#FFFFF84700000253
(1790953868.794469) can0 2A7#00004EADFFFFFD8E
(1790953868.798752) can0 2A1#0100010000000000
(1790953868.798868) can0 2A2#0000D54B000013A5
(1790953868.798995) can0 2A3#0002EB29FFFD410D
(1790953868.799120) can0 2A4#0001245BFFFD551E
(1790953868.799220) can0 2A5#0000133A000007CA
(1790953868.799345) can0 2A6#FFFFF84700000253
(1790953868.799470) can0 2A7#00004EADFFFFFD8E
(1790953868.803774) can0 2A1#0100010000000000
(1790953868.803898) can0 2A2#0000D54B000013A5
(1790953868.803999) can0 2A3#0002EB29FFFD410D
(1790953868.804118) can0 2A4#0001245BFFFD551E
(1790953868.804244) can0 2A5#0000133A000007CA
(1790953868.804368) can0 2A6#FFFFF84700000253
(1790953868.804495) can0 2A7#00004EADFFFFFD8E
(1790953868.808762) can0 2A1#0100010000000000
(1790953868.808894) can0 2A2#0000D54B000013A5
(1790953868.808995) can0 2A3#0002EB29FFFD410D
(1790953868.809120) can0 2A4#0001245BFFFD551E
(1790953868.809245) can0 2A5#0000133A000007CA
(1790953868.809344) can0 2A6#FFFFF84700000253
(1790953868.809468) can0 2A7#00004EADFFFFFD8E
(1790953868.813773) can0 2A1#0100010000000000
(1790953868.813895) can0 2A2#0000D54B000013A5
(1790953868.814020) can0 2A3#0002EB29FFFD410D
(1790953868.814119) can0 2A4#0001245BFFFD551E
(1790953868.814244) can0 2A5#0000133A000007CA
(1790953868.814370) can0 2A6#FFFFF84700000253
(1790953868.814495) can0 2A7#00004EADFFFFFD8E
(1790953868.818773) can0 2A1#0100010000000000
(1790953868.818874) can0 2A2#0000D54B000013A5
(1790953868.818995) can0 2A3#0002EB29FFFD410D
(1790953868.819120) can0 2A4#0001245BFFFD551E
(1790953868.819244) can0 2A5#0000133A000007CA
(1790953868.819343) can0 2A6#FFFFF84700000253
(1790953868.819468) can0 2A7#00004EADFFFFFD8E
(1790953868.823781) can0 2A1#0100010000000000
(1790953868.823894) can0 2A2#0000D54B000013A5
(1790953868.823995) can0 2A3#0002EB29FFFD410D
(1790953868.824118) can0 2A4#0001245BFFFD551E
(1790953868.824243) can0 2A5#0000133A000007CA
(1790953868.824370) can0 2A6#FFFFF84700000253
(1790953868.824495) can0 2A7#00004EADFFFFFD8E
(1790953868.828773) can0 2A1#0100010000000000
(1790953868.828871) can0 2A2#0000D54B000013A5
(1790953868.828992) can0 2A3#0002EB29FFFD410D
(1790953868.829118) can0 2A4#0001245BFFFD551E
(1790953868.829243) can0 2A5#0000133A000007CA
(1790953868.829343) can0 2A6#FFFFF84700000253
(1790953868.829493) can0 2A7#00004EADFFFFFD8E
(1790953868.833780) can0 2A1#0100010000000000
(1790953868.833893) can0 2A2#0000D54B000013A5
(1790953868.833995) can0 2A3#0002EB29FFFD410D
(1790953868.834120) can0 2A4#0001245BFFFD551E
(1790953868.834245) can0 2A5#0000133A000007CA
(1790953868.834369) can0 2A6#FFFFF84700000253
(1790953868.834495) can0 2A7#00004EADFFFFFD8E
(1790953868.838776) can0 2A1#0100010000000000
(1790953868.838868) can0 2A2#0000D54B000013A5
(1790953868.838995) can0 2A3#0002EB29FFFD410D
(1790953868.839120) can0 2A4#0001245BFFFD551E
(1790953868.839218) can0 2A5#0000133A000007CA
(1790953868.839370) can0 2A6#FFFFF84700000253
(1790953868.839470) can0 2A7#00004EADFFFFFD8E
(1790953868.843773) can0 2A1#0100010000000000
(1790953868.843898) can0 2A2#0000D54B000013A5
(1790953868.844020) can0 2A3#0002EB29FFFD410D
(1790953868.844120) can0 2A4#0001245BFFFD551E
(1790953868.844245) can0 2A5#0000133A000007CA
(1790953868.844370) can0 2A6#FFFFF84700000253
(1790953868.844496) can0 2A7#00004EADFFFFFD8E
(1790953868.848748) can0 2A1#0100010000000000
(1790953868.848874) can0 2A2#0000D54B000013A5
(1790953868.848996) can0 2A3#0002EB29FFFD410D
(1790953868.849120) can0 2A4#0001245BFFFD551E
(1790953868.849220) can0 2A5#0000133A000007CA
(1790953868.849345) can0 2A6#FFFFF84700000253
(1790953868.849470) can0 2A7#00004EADFFFFFD8E
(1790953868.853781) can0 2A1#0100010000000000
(1790953868.853894) can0 2A2#0000D54B000013A5
(1790953868.854020) can0 2A3#0002EB29FFFD410D
(1790953868.854120) can0 2A4#0001245BFFFD551E
(1790953868.854244) can0 2A5#0000133A000007CA
(1790953868.854370) can0 2A6#FFFFF84700000253
(1790953868.854495) can0 2A7#00004EADFFFFFD8E
(1790953868.858774) can0 2A1#0100010000000000
(1790953868.858868) can0 2A2#0000D54B000013A5
(1790953868.858995) can0 2A3#0002EB29FFFD410D
(1790953868.859120) can0 2A4#0001245BFFFD551E
(1790953868.859245) can0 2A5#0000133A000007CA
(1790953868.859344) can0 2A6#FFFFF84700000253
(1790953868.859470) can0 2A7#00004EADFFFFFD8E
(1790953868.863782) can0 2A1#0100010000000000
(1790953868.863894) can0 2A2#0000D54B000013A5
(1790953868.864022) can0 2A3#0002EB29FFFD410D
(1790953868.864121) can0 2A4#0001245BFFFD551E
(1790953868.864246) can0 2A5#0000133A000007CA
(1790953868.864371) can0 2A6#FFFFF84700000253
(1790953868.864471) can0 2A7#00004EADFFFFFD8E
(1790953868.868748) can0 2A1#0100010000000000
(1790953868.868871) can0 2A2#0000D54B000013A5
(1790953868.868996) can0 2A3#0002EB29FFFD410D
(1790953868.869119) can0 2A4#0001245BFFFD551E
(1790953868.869243) can0 2A5#0000133A000007CA
(1790953868.869369) can0 2A6#FFFFF84700000253
(1790953868.869494) can0 2A7#00004EADFFFFFD8E
(1790953868.873775) can0 2A1#0100010000000000
(1790953868.873895) can0 2A2#0000D54B000013A5
(1790953868.873994) can0 2A3#0002EB29FFFD410D
(1790953868.874119) can0 2A4#0001245BFFFD551E
(1790953868.874246) can0 2A5#0000133A000007CA
(1790953868.874371) can0 2A6#FFFFF84700000253
(1790953868.874502) can0 2A7#00004EADFFFFFD8E
(1790953868.878767) can0 2A1#0100010000000000
(1790953868.878869) can0 2A2#0000D54B000013A5
(1790953868.878993) can0 2A3#0002EB29FFFD410D
(1790953868.879116) can0 2A4#0001245BFFFD551E
(1790953868.879243) can0 2A5#0000133A000007CA
(1790953868.879368) can0 2A6#FFFFF84700000253
(1790953868.879492) can0 2A7#00004EADFFFFFD8E
(1790953868.883768) can0 2A1#0100010000000000
(1790953868.883891) can0 2A2#0000D54B000013A5
(1790953868.883991) can0 2A3#0002EB29FFFD410D
(1790953868.884122) can0 2A4#0001245BFFFD551E
(1790953868.884241) can0 2A5#0000133A000007CA
(1790953868.884366) can0 2A6#FFFFF84700000253
(1790953868.884492) can0 2A7#00004EADFFFFFD8E
(1790953868.888776) can0 2A1#0100010000000000
(1790953868.888869) can0 2A2#0000D54B000013A5
(1790953868.888992) can0 2A3#0002EB29FFFD410D
(1790953868.889119) can0 2A4#0001245BFFFD551E
(1790953868.889243) can0 2A5#0000133A000007CA
(1790953868.889370) can0 2A6#FFFFF84700000253
(1790953868.889466) can0 2A7#00004EADFFFFFD8E
(1790953868.893779) can0 2A1#0100010000000000
(1790953868.893898) can0 2A2#0000D54B000013A5
(1790953868.893995) can0 2A3#0002EB29FFFD410D
(1790953868.894119) can0 2A4#0001245BFFFD551E
(1790953868.894244) can0 2A5#0000133A000007CA
(1790953868.894369) can0 2A6#FFFFF84700000253
(1790953868.894495) can0 2A7#00004EADFFFFFD8E
(1790953868.898752) can0 2A1#0100010000000000
(1790953868.898870) can0 2A2#0000D54B000013A5
(1790953868.898995) can0 2A3#0002EB29FFFD410D
(1790953868.899119) can0 2A4#0001245BFFFD551E
(1790953868.899244) can0 2A5#0000133A000007CA
(1790953868.899345) can0 2A6#FFFFF84700000253
(1790953868.899470) can0 2A7#00004EADFFFFFD8E
(1790953868.903774) can0 2A1#0100010000000000
(1790953868.903895) can0 2A2#0000D54B000013A5
(1790953868.904020) can0 2A3#0002EB29FFFD410D
(1790953868.904120) can0 2A4#0001245BFFFD551E
(1790953868.904244) can0 2A5#0000133A000007CA
(1790953868.904370) can0 2A6#FFFFF84700000253
(1790953868.904495) can0 2A7#00004EADFFFFFD8E
(1790953868.908777) can0 2A1#0100010000000000
(1790953868.908870) can0 2A2#0000D54B000013A5
(1790953868.908995) can0 2A3#0002EB29FFFD410D
(1790953868.909120) can0 2A4#0001245BFFFD551E
(1790953868.909244) can0 2A5#0000133A000007CA
(1790953868.909344) can0 2A6#FFFFF84700000253
(1790953868.909471) can0 2A7#00004EADFFFFFD8E
(1790953868.913777) can0 2A1#0100010000000000
(1790953868.913898) can0 2A2#0000D54B000013A5
(1790953868.914021) can0 2A3#0002EB29FFFD410D
(1790953868.914121) can0 2A4#0001245BFFFD551E
(1790953868.914245) can0 2A5#0000133A000007CA
(1790953868.914371) can0 2A6#FFFFF84700000253
(1790953868.914496) can0 2A7#00004EADFFFFFD8E
(1790953868.918777) can0 2A1#0100010000000000
(1790953868.918869) can0 2A2#0000D54B000013A5
(1790953868.918997) can0 2A3#0002EB29FFFD410D
(1790953868.919121) can0 2A4#0001245BFFFD551E
(1790953868.919245) can0 2A5#0000133A000007CA
(1790953868.919371) can0 2A6#FFFFF84700000253
(1790953868.919496) can0 2A7#00004EADFFFFFD8E
(1790953868.923783) can0 2A1#0100010000000000
(1790953868.923896) can0 2A2#0000D54B000013A5
(1790953868.923997) can0 2A3#0002EB29FFFD410D
(1790953868.924121) can0 2A4#0001245BFFFD551E
(1790953868.924244) can0 2A5#0000133A000007CA
(1790953868.924371) can0 2A6#FFFFF84700000253
(1790953868.924496) can0 2A7#00004EADFFFFFD8E
(1790953868.928782) can0 2A1#0100010000000000
(1790953868.928878) can0 2A2#0000D54B000013A5
(1790953868.928995) can0 2A3#0002EB29FFFD410D
(1790953868.929121) can0 2A4#0001245BFFFD551E
(1790953868.929245) can0 2A5#0000133A000007CA
(1790953868.929345) can0 2A6#FFFFF84700000253
(1790953868.929471) can0 2A7#00004EADFFFFFD8E
(1790953868.933781) can0 2A1#0100010000000000
(1790953868.933894) can0 2A2#0000D54B000013A5
(1790953868.934021) can0 2A3#0002EB29FFFD410D
(1790953868.934119) can0 2A4#0001245BFFFD551E
(1790953868.934244) can0 2A5#0000133A000007CA
(1790953868.934371) can0 2A6#FFFFF84700000253
(1790953868.934496) can0 2A7#00004EADFFFFFD8E
(1790953868.938757) can0 2A1#0100010000000000
(1790953868.938871) can0 2A2#0000D54B000013A5
(1790953868.938995) can0 2A3#0002EB29FFFD410D
(1790953868.939123) can0 2A4#0001245BFFFD551E
(1790953868.939245) can0 2A5#0000133A000007CA
(1790953868.939347) can0 2A6#FFFFF84700000253
(1790953868.939470) can0 2A7#00004EADFFFFFD8E
(1790953868.943780) can0 2A1#0100010000000000
(1790953868.943894) can0 2A2#0000D54B000013A5
(1790953868.944022) can0 2A3#0002EB29FFFD410D
(1790953868.944119) can0 2A4#0001245BFFFD551E
(1790953868.944244) can0 2A5#0000133A000007CA
(1790953868.944372) can0 2A6#FFFFF84700000253
(1790953868.944497) can0 2A7#00004EADFFFFFD8E
(1790953868.948757) can0 2A1#0100010000000000
(1790953868.948869) can0 2A2#0000D54B000013A5
(1790953868.948994) can0 2A3#0002EB29FFFD410D
(1790953868.949121) can0 2A4#0001245BFFFD551E
(1790953868.949247) can0 2A5#0000133A000007CA
(1790953868.949344) can0 2A6#FFFFF84700000253
(1790953868.949472) can0 2A7#00004EADFFFFFD8E
(1790953868.953782) can0 2A1#0100010000000000
(1790953868.953895) can0 2A2#0000D54B000013A5
(1790953868.954022) can0 2A3#0002EB29FFFD410D
(1790953868.954119) can0 2A4#0001245BFFFD551E
(1790953868.954247) can0 2A5#0000133A000007CA
(1790953868.954370) can0 2A6#FFFFF84700000253
(1790953868.954497) can0 2A7#00004EADFFFFFD8E
(1790953868.958778) can0 2A1#0100010000000000
(1790953868.958874) can0 2A2#0000D54B000013A5
(1790953868.958997) can0 2A3#0002EB29FFFD410D
(1790953868.959119) can0 2A4#0001245BFFFD551E
(1790953868.959247) can0 2A5#0000133A000007CA
(1790953868.959372) can0 2A6#FFFFF84700000253
(1790953868.959470) can0 2A7#00004EADFFFFFD8E
(1790953868.963770) can0 2A1#0100010000000000
(1790953868.963895) can0 2A2#0000D54B000013A5
(1790953868.963995) can0 2A3#0002EB29FFFD410D
(1790953868.964120) can0 2A4#0001245BFFFD551E
(1790953868.964245) can0 2A5#0000133A000007CA
(1790953868.964370) can0 2A6#FFFFF84700000253
(1790953868.964495) can0 2A7#00004EADFFFFFD8E
(1790953868.968780) can0 2A1#0100010000000000
(1790953868.968868) can0 2A2#0000D54B000013A5
(1790953868.968997) can0 2A3#0002EB29FFFD410D
(1790953868.969122) can0 2A4#0001245BFFFD551E
(1790953868.969244) can0 2A5#0000133A000007CA
(1790953868.969372) can0 2A6#FFFFF84700000253
(1790953868.969500) can0 2A7#00004EADFFFFFD8E
(1790953868.973785) can0 2A1#0100010000000000
(1790953868.973898) can0 2A2#0000D54B000013A5
(1790953868.973995) can0 2A3#0002EB29FFFD410D
(1790953868.974120) can0 2A4#0001245BFFFD551E
(1790953868.974244) can0 2A5#0000133A000007CA
(1790953868.974372) can0 2A6#FFFFF84700000253
(1790953868.974498) can0 2A7#00004EADFFFFFD8E
(1790953868.978749) can0 2A1#0100010000000000
(1790953868.978897) can0 2A2#0000D54B000013A5
(1790953868.978994) can0 2A3#0002EB29FFFD410D
(1790953868.979120) can0 2A4#0001245BFFFD551E
(1790953868.979246) can0 2A5#0000133A000007CA
(1790953868.979345) can0 2A6#FFFFF84700000253
(1790953868.979471) can0 2A7#00004EADFFFFFD8E
(1790953868.983778) can0 2A1#0100010000000000
(1790953868.983898) can0 2A2#0000D54B000013A5
(1790953868.984022) can0 2A3#0002EB29FFFD410D
(1790953868.984121) can0 2A4#0001245BFFFD551E
(1790953868.984246) can0 2A5#0000133A000007CA
(1790953868.984371) can0 2A6#FFFFF84700000253
(1790953868.984497) can0 2A7#00004EADFFFFFD8E
(1790953868.988780) can0 2A1#0100010000000000
(1790953868.988870) can0 2A2#0000D54B000013A5
(1790953868.988994) can0 2A3#0002EB29FFFD410D
(1790953868.989120) can0 2A4#0001245BFFFD551E
(1790953868.989244) can0 2A5#0000133A000007CA
(1790953868.989370) can0 2A6#FFFFF84700000253
(1790953868.989470) can0 2A7#00004EADFFFFFD8E
(1790953868.993783) can0 2A1#0100010000000000
(1790953868.993896) can0 2A2#0000D54B000013A5
(1790953868.994022) can0 2A3#0002EB29FFFD410D
(1790953868.994120) can0 2A4#0001245BFFFD551E
(1790953868.994247) can0 2A5#0000133A000007CA
(1790953868.994370) can0 2A6#FFFFF84700000253
(1790953868.994497) can0 2A7#00004EADFFFFFD8E
(1790953868.998755) can0 2A1#0100010000000000
(1790953868.998869) can0 2A2#0000D54B000013A5
(1790953868.998996) can0 2A3#0002EB29FFFD410D
(1790953868.999122) can0 2A4#0001245BFFFD551E
(1790953868.999245) can0 2A5#0000133A000007CA
(1790953868.999370) can0 2A6#FFFFF84700000253
(1790953868.999497) can0 2A7#00004EADFFFFFD8E
(1790953869.003773) can0 2A1#0100010000000000
(1790953869.003871) can0 2A2#0000D54B000013A5
(1790953869.003997) can0 2A3#0002EB29FFFD410D
(1790953869.004122) can0 2A4#0001245BFFFD551E
(1790953869.004247) can0 2A5#0000133A000007CA
(1790953869.004369) can0 2A6#FFFFF84700000253
(1790953869.004495) can0 2A7#00004EADFFFFFD8E
(1790953869.008783) can0 2A1#0100010000000000
(1790953869.008880) can0 2A2#0000D54B000013A5
(1790953869.008995) can0 2A3#0002EB29FFFD410D
(1790953869.009122) can0 2A4#0001245BFFFD551E
(1790953869.009247) can0 2A5#0000133A000007CA
(1790953869.009370) can0 2A6#FFFFF84700000253
(1790953869.009495) can0 2A7#00004EADFFFFFD8E
(1790953869.013779) can0 2A1#0100010000000000
(1790953869.013895) can0 2A2#0000D54B000013A5
(1790953869.013995) can0 2A3#0002EB29FFFD410D
(1790953869.014120) can0 2A4#0001245BFFFD551E
(1790953869.014244) can0 2A5#0000133A000007CA
(1790953869.014372) can0 2A6#FFFFF84700000253
(1790953869.014498) can0 2A7#00004EADFFFFFD8E
(1790953869.018773) can0 2A1#0100010000000000
(1790953869.018887) can0 2A2#0000D54B000013A5
(1790953869.018995) can0 2A3#0002EB29FFFD410D
(1790953869.019122) can0 2A4#0001245BFFFD551E
(1790953869.019245) can0 2A5#0000133A000007CA
(1790953869.019370) can0 2A6#FFFFF84700000253
(1790953869.019498) can0 2A7#00004EADFFFFFD8E
(1790953869.023779) can0 2A1#0100010000000000
(1790953869.023895) can0 2A2#0000D54B000013A5
(1790953869.024020) can0 2A3#0002EB29FFFD410D
(1790953869.024121) can0 2A4#0001245BFFFD551E
(1790953869.024247) can0 2A5#0000133A000007CA
(1790953869.024370) can0 2A6#FFFFF84700000253
(1790953869.024495) can0 2A7#00004EADFFFFFD8E
(1790953869.028763) can0 2A1#0100010000000000
(1790953869.028894) can0 2A2#0000D54B000013A5
(1790953869.029003) can0 2A3#0002EB29FFFD410D
(1790953869.029119) can0 2A4#0001245BFFFD551E
(1790953869.029245) can0 2A5#0000133A000007CA
(1790953869.029345) can0 2A6#FFFFF84700000253
(1790953869.029472) can0 2A7#00004EADFFFFFD8E
(1790953869.033782) can0 2A1#0100010000000000
(1790953869.033898) can0 2A2#0000D54B000013A5
(1790953869.034020) can0 2A3#0002EB29FFFD410D
(1790953869.034124) can0 2A4#0001245BFFFD551E
(1790953869.034249) can0 2A5#0000133A000007CA
(1790953869.034372) can0 2A6#FFFFF84700000253
(1790953869.034496) can0 2A7#00004EADFFFFFD8E
(1790953869.038755) can0 2A1#0100010000000000
(1790953869.038875) can0 2A2#0000D54B000013A5
(1790953869.038995) can0 2A3#0002EB29FFFD410D
(1790953869.039122) can0 2A4#0001245BFFFD551E
(1790953869.039246) can0 2A5#0000133A000007CA
(1790953869.039370) can0 2A6#FFFFF84700000253
(1790953869.039497) can0 2A7#00004EADFFFFFD8E
(1790953869.043774) can0 2A1#0100010000000000
(1790953869.043895) can0 2A2#0000D54B000013A5
(1790953869.043998) can0 2A3#0002EB29FFFD410D
(1790953869.044122) can0 2A4#0001245BFFFD551E
(1790953869.044245) can0 2A5#0000133A000007CA
(1790953869.044370) can0 2A6#FFFFF84700000253
(1790953869.044495) can0 2A7#00004EADFFFFFD8E
(1790953869.048781) can0 2A1#0100010000000000
(1790953869.048881) can0 2A2#0000D54B000013A5
(1790953869.048995) can0 2A3#0002EB29FFFD410D
(1790953869.049122) can0 2A4#0001245BFFFD551E
(1790953869.049220) can0 2A5#0000133A000007CA
(1790953869.049370) can0 2A6#FFFFF84700000253
(1790953869.049470) can0 2A7#00004EADFFFFFD8E
(1790953869.053779) can0 2A1#0100010000000000
(1790953869.053898) can0 2A2#0000D54B000013A5
(1790953869.053995) can0 2A3#0002EB29FFFD410D
(1790953869.054120) can0 2A4#0001245BFFFD551E
(1790953869.054244) can0 2A5#0000133A000007CA
(1790953869.054372) can0 2A6#FFFFF84700000253
(1790953869.054495) can0 2A7#00004EADFFFFFD8E
(1790953869.058788) can0 2A1#0100010000000000
(1790953869.058871) can0 2A2#0000D54B000013A5
(1790953869.058996) can0 2A3#0002EB29FFFD410D
(1790953869.059120) can0 2A4#0001245BFFFD551E
(1790953869.059245) can0 2A5#0000133A000007CA
(1790953869.059370) can0 2A6#FFFFF84700000253
(1790953869.059470) can0 2A7#00004EADFFFFFD8E
(1790953869.063779) can0 2A1#0100010000000000
(1790953869.063895) can0 2A2#0000D54B000013A5
(1790953869.063997) can0 2A3#0002EB29FFFD410D
(1790953869.064122) can0 2A4#0001245BFFFD551E
(1790953869.064244) can0 2A5#0000133A000007CA
(1790953869.064370) can0 2A6#FFFFF84700000253
(1790953869.064495) can0 2A7#00004EADFFFFFD8E
(1790953869.068775) can0 2A1#0100010000000000
(1790953869.068880) can0 2A2#0000D54B000013A5
(1790953869.068998) can0 2A3#0002EB29FFFD410D
(1790953869.069120) can0 2A4#0001245BFFFD551E
(1790953869.069247) can0 2A5#0000133A000007CA
(1790953869.069372) can0 2A6#FFFFF84700000253
(1790953869.069497) can0 2A7#00004EADFFFFFD8E
(1790953869.073801) can0 2A1#0100010000000000
(1790953869.073895) can0 2A2#0000D54B000013A5
(1790953869.074023) can0 2A3#0002EB29FFFD410D
(1790953869.074120) can0 2A4#0001245BFFFD551E
(1790953869.074248) can0 2A5#0000133A000007CA
(1790953869.074370) can0 2A6#FFFFF84700000253
(1790953869.074497) can0 2A7#00004EADFFFFFD8E
(1790953869.078783) can0 2A1#0100010000000000
(1790953869.078878) can0 2A2#0000D54B000013A5
(1790953869.078996) can0 2A3#0002EB29FFFD410D
(1790953869.079121) can0 2A4#0001245BFFFD551E
(1790953869.079246) can0 2A5#0000133A000007CA
(1790953869.079371) can0 2A6#FFFFF84700000253
(1790953869.079471) can0 2A7#00004EADFFFFFD8E
(1790953869.083778) can0 2A1#0100010000000000
(1790953869.083895) can0 2A2#0000D54B000013A5
(1790953869.083996) can0 2A3#0002EB29FFFD410D
(1790953869.084121) can0 2A4#0001245BFFFD551E
(1790953869.084246) can0 2A5#0000133A000007CA
(1790953869.084371) can0 2A6#FFFFF84700000253
(1790953869.084497) can0 2A7#00004EADFFFFFD8E
(1790953869.088774) can0 2A1#0100010000000000
(1790953869.088871) can0 2A2#0000D54B000013A5
(1790953869.088996) can0 2A3#0002EB29FFFD410D
(1790953869.089121) can0 2A4#0001245BFFFD551E
(1790953869.089247) can0 2A5#0000133A000007CA
(1790953869.089346) can0 2A6#FFFFF84700000253
(1790953869.089471) can0 2A7#00004EADFFFFFD8E
(1790953869.093802) can0 2A1#0100010000000000
(1790953869.093900) can0 2A2#0000D54B000013A5
(1790953869.094023) can0 2A3#0002EB29FFFD410D
(1790953869.094121) can0 2A4#0001245BFFFD551E
(1790953869.094246) can0 2A5#0000133A000007CA
(1790953869.094371) can0 2A6#FFFFF84700000253
(1790953869.094496) can0 2A7#00004EADFFFFFD8E
(1790953869.098782) can0 2A1#0100010000000000
(1790953869.098869) can0 2A2#0000D54B000013A5
(1790953869.098997) can0 2A3#0002EB29FFFD410D
(1790953869.099121) can0 2A4#0001245BFFFD551E
(1790953869.099246) can0 2A5#0000133A000007CA
(1790953869.099345) can0 2A6#FFFFF84700000253
(1790953869.099495) can0 2A7#00004EADFFFFFD8E
(1790953869.103782) can0 2A1#0100010000000000
(1790953869.103894) can0 2A2#0000D54B000013A5
(1790953869.103996) can0 2A3#0002EB29FFFD410D
(1790953869.104121) can0 2A4#0001245BFFFD551E
(1790953869.104244) can0 2A5#0000133A000007CA
(1790953869.104371) can0 2A6#FFFFF84700000253
(1790953869.104496) can0 2A7#00004EADFFFFFD8E
(1790953869.108782) can0 2A1#0100010000000000
(1790953869.108869) can0 2A2#0000D54B000013A5
(1790953869.108997) can0 2A3#0002EB29FFFD410D
(1790953869.109121) can0 2A4#0001245BFFFD551E
(1790953869.109245) can0 2A5#0000133A000007CA
(1790953869.109371) can0 2A6#FFFFF84700000253
(1790953869.109471) can0 2A7#00004EADFFFFFD8E
(1790953869.113786) can0 2A1#0100010000000000
(1790953869.113894) can0 2A2#0000D54B000013A5
(1790953869.114021) can0 2A3#0002EB29FFFD410D
(1790953869.114145) can0 2A4#0001245BFFFD551E
(1790953869.114244) can0 2A5#0000133A000007CA
(1790953869.114373) can0 2A6#FFFFF84700000253
(1790953869.114497) can0 2A7#00004EADFFFFFD8E
(1790953869.118775) can0 2A1#0100010000000000
(1790953869.118897) can0 2A2#0000D54B000013A5
(1790953869.118996) can0 2A3#0002EB29FFFD410D
(1790953869.119121) can0 2A4#0001245BFFFD551E
(1790953869.119245) can0 2A5#0000133A000007CA
(1790953869.119345) can0 2A6#FFFFF84700000253
(1790953869.119471) can0 2A7#00004EADFFFFFD8E
(1790953869.123783) can0 2A1#0100010000000000
(1790953869.123894) can0 2A2#0000D54B000013A5
(1790953869.124020) can0 2A3#0002EB29FFFD410D
(1790953869.124121) can0 2A4#0001245BFFFD551E
(1790953869.124245) can0 2A5#0000133A000007CA
(1790953869.124371) can0 2A6#FFFFF84700000253
(1790953869.124495) can0 2A7#00004EADFFFFFD8E
(1790953869.128781) can0 2A1#0100010000000000
(1790953869.128889) can0 2A2#0000D54B000013A5
(1790953869.128994) can0 2A3#0002EB29FFFD410D
(1790953869.129121) can0 2A4#0001245BFFFD551E
(1790953869.129245) can0 2A5#0000133A000007CA
(1790953869.129346) can0 2A6#FFFFF84700000253
(1790953869.129470) can0 2A7#00004EADFFFFFD8E
(1790953869.133800) can0 2A1#0100010000000000
(1790953869.133896) can0 2A2#0000D54B000013A5
(1790953869.134021) can0 2A3#0002EB29FFFD410D
(1790953869.134145) can0 2A4#0001245BFFFD551E
(1790953869.134245) can0 2A5#0000133A000007CA
(1790953869.134371) can0 2A6#FFFFF84700000253
(1790953869.134494) can0 2A7#00004EADFFFFFD8E
(1790953869.138772) can0 2A1#0100010000000000
(1790953869.138894) can0 2A2#0000D54B000013A5
(1790953869.138995) can0 2A3#0002EB29FFFD410D
(1790953869.139120) can0 2A4#0001245BFFFD551E
(1790953869.139246) can0 2A5#0000133A000007CA
(1790953869.139370) can0 2A6#FFFFF84700000253
(1790953869.139470) can0 2A7#00004EADFFFFFD8E
(1790953869.143780) can0 2A1#0100010000000000
(1790953869.143893) can0 2A2#0000D54B000013A5
(1790953869.144021) can0 2A3#0002EB29FFFD410D
(1790953869.144120) can0 2A4#0001245BFFFD551E
(1790953869.144245) can0 2A5#0000133A000007CA
(1790953869.144370) can0 2A6#FFFFF84700000253
(1790953869.144496) can0 2A7#00004EADFFFFFD8E
(1790953869.148787) can0 2A1#0100010000000000
(1790953869.148880) can0 2A2#0000D54B000013A5
(1790953869.148998) can0 2A3#0002EB29FFFD410D
(1790953869.149120) can0 2A4#0001245BFFFD551E
(1790953869.149247) can0 2A5#0000133A000007CA
(1790953869.149345) can0 2A6#FFFFF84700000253
(1790953869.149497) can0 2A7#00004EADFFFFFD8E
(1790953869.153781) can0 2A1#0100010000000000
(1790953869.153904) can0 2A2#0000D54B000013A5
(1790953869.154023) can0 2A3#0002EB29FFFD410D
(1790953869.154121) can0 2A4#0001245BFFFD551E
(1790953869.154245) can0 2A5#0000133A000007CA
(1790953869.154370) can0 2A6#FFFFF84700000253
(1790953869.154498) can0 2A7#00004EADFFFFFD8E
(1790953869.158783) can0 2A1#0100010000000000
(1790953869.158873) can0 2A2#0000D54B000013A5
(1790953869.158996) can0 2A3#0002EB29FFFD410D
(1790953869.159120) can0 2A4#0001245BFFFD551E
(1790953869.159247) can0 2A5#0000133A000007CA
(1790953869.159372) can0 2A6#FFFFF84700000253
(1790953869.159495) can0 2A7#00004EADFFFFFD8E
(1790953869.163789) can0 2A1#0100010000000000
(1790953869.163895) can0 2A2#0000D54B000013A5
(1790953869.163996) can0 2A3#0002EB29FFFD410D
(1790953869.164120) can0 2A4#0001245BFFFD551E
(1790953869.164247) can0 2A5#0000133A000007CA
(1790953869.164370) can0 2A6#FFFFF84700000253
(1790953869.164495) can0 2A7#00004EADFFFFFD8E
(1790953869.168785) can0 2A1#0100010000000000
(1790953869.168894) can0 2A2#0000D54B000013A5
(1790953869.168997) can0 2A3#0002EB29FFFD410D
(1790953869.169122) can0 2A4#0001245BFFFD551E
(1790953869.169245) can0 2A5#0000133A000007CA
(1790953869.169346) can0 2A6#FFFFF84700000253
(1790953869.169470) can0 2A7#00004EADFFFFFD8E
(1790953869.173783) can0 2A1#0100010000000000
(1790953869.173902) can0 2A2#0000D54B000013A5
(1790953869.174025) can0 2A3#0002EB29FFFD410D
(1790953869.174120) can0 2A4#0001245BFFFD551E
(1790953869.174246) can0 2A5#0000133A000007CA
(1790953869.174371) can0 2A6#FFFFF84700000253
(1790953869.174498) can0 2A7#00004EADFFFFFD8E
(1790953869.178778) can0 2A1#0100010000000000
(1790953869.178876) can0 2A2#0000D54B000013A5
(1790953869.178998) can0 2A3#0002EB29FFFD410D
(1790953869.179121) can0 2A4#0001245BFFFD551E
(1790953869.179246) can0 2A5#0000133A000007CA
(1790953869.179369) can0 2A6#FFFFF84700000253
(1790953869.179470) can0 2A7#00004EADFFFFFD8E
(1790953869.183775) can0 2A1#0100010000000000
(1790953869.183894) can0 2A2#0000D54B000013A5
(1790953869.183996) can0 2A3#0002EB29FFFD410D
(1790953869.184120) can0 2A4#0001245BFFFD551E
(1790953869.184246) can0 2A5#0000133A000007CA
(1790953869.184370) can0 2A6#FFFFF84700000253
(1790953869.184494) can0 2A7#00004EADFFFFFD8E
(1790953869.188752) can0 2A1#0100010000000000
(1790953869.188897) can0 2A2#0000D54B000013A5
(1790953869.188996) can0 2A3#0002EB29FFFD410D
(1790953869.189121) can0 2A4#0001245BFFFD551E
(1790953869.189245) can0 2A5#0000133A000007CA
(1790953869.189371) can0 2A6#FFFFF84700000253
(1790953869.189495) can0 2A7#00004EADFFFFFD8E
(1790953869.193782) can0 2A1#0100010000000000
(1790953869.193895) can0 2A2#0000D54B000013A5
(1790953869.193994) can0 2A3#0002EB29FFFD410D
(1790953869.194123) can0 2A4#0001245BFFFD551E
(1790953869.194270) can0 2A5#0000133A000007CA
(1790953869.194369) can0 2A6#FFFFF84700000253
(1790953869.194496) can0 2A7#00004EADFFFFFD8E
(1790953869.198754) can0 2A1#0100010000000000
(1790953869.198894) can0 2A2#0000D54B000013A5
(1790953869.198994) can0 2A3#0002EB29FFFD410D
(1790953869.199121) can0 2A4#0001245BFFFD551E
(1790953869.199246) can0 2A5#0000133A000007CA
(1790953869.199371) can0 2A6#FFFFF84700000253
(1790953869.199496) can0 2A7#00004EADFFFFFD8E
(1790953869.203779) can0 2A1#0100010000000000
(1790953869.203901) can0 2A2#0000D54B000013A5
(1790953869.204020) can0 2A3#0002EB29FFFD410D
(1790953869.204144) can0 2A4#0001245BFFFD551E
(1790953869.204273) can0 2A5#0000133A000007CA
(1790953869.204371) can0 2A6#FFFFF84700000253
(1790953869.204496) can0 2A7#00004EADFFFFFD8E
(1790953869.208750) can0 2A1#0100010000000000
(1790953869.208894) can0 2A2#0000D54B000013A5
(1790953869.208996) can0 2A3#0002EB29FFFD410D
(1790953869.209119) can0 2A4#0001245BFFFD551E
(1790953869.209247) can0 2A5#0000133A000007CA
(1790953869.209371) can0 2A6#FFFFF84700000253
(1790953869.209470) can0 2A7#00004EADFFFFFD8E
(1790953869.213780) can0 2A1#0100010000000000
(1790953869.213896) can0 2A2#0000D54B000013A5
(1790953869.214021) can0 2A3#0002EB29FFFD410D
(1790953869.214120) can0 2A4#0001245BFFFD551E
(1790953869.214244) can0 2A5#0000133A000007CA
(1790953869.214371) can0 2A6#FFFFF84700000253
(1790953869.214496) can0 2A7#00004EADFFFFFD8E
(1790953869.218776) can0 2A1#0100010000000000
(1790953869.218894) can0 2A2#0000D54B000013A5
(1790953869.218996) can0 2A3#0002EB29FFFD410D
(1790953869.219119) can0 2A4#0001245BFFFD551E
(1790953869.219245) can0 2A5#0000133A000007CA
(1790953869.219372) can0 2A6#FFFFF84700000253
(1790953869.219471) can0 2A7#00004EADFFFFFD8E
(1790953869.223784) can0 2A1#0100010000000000
(1790953869.223894) can0 2A2#0000D54B000013A5
(1790953869.224020) can0 2A3#0002EB29FFFD410D
(1790953869.224120) can0 2A4#0001245BFFFD551E
(1790953869.224269) can0 2A5#0000133A000007CA
(1790953869.224371) can0 2A6#FFFFF84700000253
(1790953869.224496) can0 2A7#00004EADFFFFFD8E
(1790953869.228787) can0 2A1#0100010000000000
(1790953869.228872) can0 2A2#0000D54B000013A5
(1790953869.228997) can0 2A3#0002EB29FFFD410D
(1790953869.229123) can0 2A4#0001245BFFFD551E
(1790953869.229244) can0 2A5#0000133A000007CA
(1790953869.229372) can0 2A6#FFFFF84700000253
(1790953869.229498) can0 2A7#00004EADFFFFFD8E
(1790953869.233783) can0 2A1#0100010000000000
(1790953869.233895) can0 2A2#0000D54B000013A5
(1790953869.233998) can0 2A3#0002EB29FFFD410D
(1790953869.234148) can0 2A4#0001245BFFFD551E
(1790953869.234244) can0 2A5#0000133A000007CA
(1790953869.234370) can0 2A6#FFFFF84700000253
(1790953869.234495) can0 2A7#00004EADFFFFFD8E
(1790953869.238758) can0 2A1#0100010000000000
(1790953869.238900) can0 2A2#0000D54B000013A5
(1790953869.239023) can0 2A3#0002EB29FFFD410D
(1790953869.239123) can0 2A4#0001245BFFFD551E
(1790953869.239248) can0 2A5#0000133A000007CA
(1790953869.239373) can0 2A6#FFFFF84700000253
(1790953869.239497) can0 2A7#00004EADFFFFFD8E
(1790953869.243777) can0 2A1#0100010000000000
(1790953869.243894) can0 2A2#0000D54B000013A5
(1790953869.244022) can0 2A3#0002EB29FFFD410D
(1790953869.244120) can0 2A4#0001245BFFFD551E
(1790953869.244270) can0 2A5#0000133A000007CA
(1790953869.244370) can0 2A6#FFFFF84700000253
(1790953869.244495) can0 2A7#00004EADFFFFFD8E
(1790953869.248776) can0 2A1#0100010000000000
(1790953869.248872) can0 2A2#0000D54B000013A5
(1790953869.248997) can0 2A3#0002EB29FFFD410D
(1790953869.249120) can0 2A4#0001245BFFFD551E
(1790953869.249245) can0 2A5#0000133A000007CA
(1790953869.249347) can0 2A6#FFFFF84700000253
(1790953869.249473) can0 2A7#00004EADFFFFFD8E
(1790953869.253801) can0 2A1#0100010000000000
(1790953869.253895) can0 2A2#0000D54B000013A5
(1790953869.254020) can0 2A3#0002EB29FFFD410D
(1790953869.254122) can0 2A4#0001245BFFFD551E
(1790953869.254245) can0 2A5#0000133A000007CA
(1790953869.254370) can0 2A6#FFFFF84700000253
(1790953869.254495) can0 2A7#00004EADFFFFFD8E
(1790953869.258778) can0 2A1#0100010000000000
(1790953869.258870) can0 2A2#0000D54B000013A5
(1790953869.258997) can0 2A3#0002EB29FFFD410D
(1790953869.259120) can0 2A4#0001245BFFFD551E
(1790953869.259246) can0 2A5#0000133A000007CA
(1790953869.259371) can0 2A6#FFFFF84700000253
(1790953869.259471) can0 2A7#00004EADFFFFFD8E
(1790953869.263780) can0 2A1#0100010000000000
(1790953869.263897) can0 2A2#0000D54B000013A5
(1790953869.264021) can0 2A3#0002EB29FFFD410D
(1790953869.264123) can0 2A4#0001245BFFFD551E
(1790953869.264271) can0 2A5#0000133A000007CA
(1790953869.264371) can0 2A6#FFFFF84700000253
(1790953869.264496) can0 2A7#00004EADFFFFFD8E
(1790953869.268776) can0 2A1#0100010000000000
(1790953869.268904) can0 2A2#0000D54B000013A5
(1790953869.268996) can0 2A3#0002EB29FFFD410D
(1790953869.269121) can0 2A4#0001245BFFFD551E
(1790953869.269245) can0 2A5#0000133A000007CA
(1790953869.269370) can0 2A6#FFFFF84700000253
(1790953869.269497) can0 2A7#00004EADFFFFFD8E
(1790953869.273786) can0 2A1#0100010000000000
(1790953869.273895) can0 2A2#0000D54B000013A5
(1790953869.273996) can0 2A3#0002EB29FFFD410D
(1790953869.274121) can0 2A4#0001245BFFFD551E
(1790953869.274271) can0 2A5#0000133A000007CA
(1790953869.274371) can0 2A6#FFFFF84700000253
(1790953869.274496) can0 2A7#00004EADFFFFFD8E
(1790953869.278779) can0 2A1#0100010000000000
(1790953869.278875) can0 2A2#0000D54B000013A5
(1790953869.278999) can0 2A3#0002EB29FFFD410D
(1790953869.279123) can0 2A4#0001245BFFFD551E
(1790953869.279244) can0 2A5#0000133A000007CA
(1790953869.279369) can0 2A6#FFFFF84700000253
(1790953869.279495) can0 2A7#00004EADFFFFFD8E
(1790953869.283775) can0 2A1#0100010000000000
(1790953869.283897) can0 2A2#0000D54B000013A5
(1790953869.284021) can0 2A3#0002EB29FFFD410D
(1790953869.284120) can0 2A4#0001245BFFFD551E
(1790953869.284247) can0 2A5#0000133A000007CA
(1790953869.284372) can0 2A6#FFFFF84700000253
(1790953869.284495) can0 2A7#00004EADFFFFFD8E
(1790953869.288785) can0 2A1#0100010000000000
(1790953869.288870) can0 2A2#0000D54B000013A5
(1790953869.288995) can0 2A3#0002EB29FFFD410D
(1790953869.289123) can0 2A4#0001245BFFFD551E
(1790953869.289245) can0 2A5#0000133A000007CA
(1790953869.289345) can0 2A6#FFFFF84700000253
(1790953869.289472) can0 2A7#00004EADFFFFFD8E
(1790953869.293804) can0 2A1#0100010000000000
(1790953869.293895) can0 2A2#0000D54B000013A5
(1790953869.294023) can0 2A3#0002EB29FFFD410D
(1790953869.294120) can0 2A4#0001245BFFFD551E
(1790953869.294245) can0 2A5#0000133A000007CA
(1790953869.294372) can0 2A6#FFFFF84700000253
(1790953869.294495) can0 2A7#00004EADFFFFFD8E
(1790953869.298754) can0 2A1#0100010000000000
(1790953869.298894) can0 2A2#0000D54B000013A5
(1790953869.298993) can0 2A3#0002EB29FFFD410D
(1790953869.299118) can0 2A4#0001245BFFFD551E
(1790953869.299244) can0 2A5#0000133A000007CA
(1790953869.299372) can0 2A6#FFFFF84700000253
(1790953869.299468) can0 2A7#00004EADFFFFFD8E
(1790953869.303791) can0 2A1#0100010000000000
(1790953869.303899) can0 2A2#0000D54B000013A5
(1790953869.304024) can0 2A3#0002EB29FFFD410D
(1790953869.304148) can0 2A4#0001245BFFFD551E
(1790953869.304248) can0 2A5#0000133A000007CA
(1790953869.304375) can0 2A6#FFFFF84700000253
(1790953869.304498) can0 2A7#00004EADFFFFFD8E
(1790953869.308777) can0 2A1#0100010000000000
(1790953869.308895) can0 2A2#0000D54B000013A5
(1790953869.309019) can0 2A3#0002EB29FFFD410D
(1790953869.309119) can0 2A4#0001245BFFFD551E
(1790953869.309244) can0 2A5#0000133A000007CA
(1790953869.309371) can0 2A6#FFFFF84700000253
(1790953869.309498) can0 2A7#00004EADFFFFFD8E
(1790953869.313785) can0 2A1#0100010000000000
(1790953869.313899) can0 2A2#0000D54B000013A5
(1790953869.314021) can0 2A3#0002EB29FFFD410D
(1790953869.314122) can0 2A4#0001245BFFFD551E
(1790953869.314269) can0 2A5#0000133A000007CA
(1790953869.314374) can0 2A6#FFFFF84700000253
(1790953869.314501) can0 2A7#00004EADFFFFFD8E
(1790953869.318753) can0 2A1#0100010000000000
(1790953869.318897) can0 2A2#0000D54B000013A5
(1790953869.318996) can0 2A3#0002EB29FFFD410D
(1790953869.319119) can0 2A4#0001245BFFFD551E
(1790953869.319250) can0 2A5#0000133A000007CA
(1790953869.319370) can0 2A6#FFFFF84700000253
(1790953869.319494) can0 2A7#00004EADFFFFFD8E
(1790953869.323785) can0 2A1#0100010000000000
(1790953869.323896) can0 2A2#0000D54B000013A5
(1790953869.323996) can0 2A3#0002EB29FFFD410D
(1790953869.324144) can0 2A4#0001245BFFFD551E
(1790953869.324244) can0 2A5#0000133A000007CA
(1790953869.324370) can0 2A6#FFFFF84700000253
(1790953869.324494) can0 2A7#00004EADFFFFFD8E
(1790953869.328782) can0 2A1#0100010000000000
(1790953869.328876) can0 2A2#0000D54B000013A5
(1790953869.328995) can0 2A3#0002EB29FFFD410D
(1790953869.329119) can0 2A4#0001245BFFFD551E
(1790953869.329244) can0 2A5#0000133A000007CA
(1790953869.329369) can0 2A6#FFFFF84700000253
(1790953869.329494) can0 2A7#00004EADFFFFFD8E
(1790953869.333788) can0 2A1#0100010000000000
(1790953869.333895) can0 2A2#0000D54B000013A5
(1790953869.334019) can0 2A3#0002EB29FFFD410D
(1790953869.334120) can0 2A4#0001245BFFFD551E
(1790953869.334244) can0 2A5#0000133A000007CA
(1790953869.334369) can0 2A6#FFFFF84700000253
(1790953869.334500) can0 2A7#00004EADFFFFFD8E
(1790953869.338757) can0 2A1#0100010000000000
(1790953869.338897) can0 2A2#0000D54B000013A5
(1790953869.338995) can0 2A3#0002EB29FFFD410D
(1790953869.339119) can0 2A4#0001245BFFFD551E
(1790953869.339244) can0 2A5#0000133A000007CA
(1790953869.339344) can0 2A6#FFFFF84700000253
(1790953869.339470) can0 2A7#00004EADFFFFFD8E
(1790953869.343777) can0 2A1#0100010000000000
(1790953869.343894) can0 2A2#0000D54B000013A5
(1790953869.344019) can0 2A3#0002EB29FFFD410D
(1790953869.344119) can0 2A4#0001245BFFFD551E
(1790953869.344243) can0 2A5#0000133A000007CA
(1790953869.344371) can0 2A6#FFFFF84700000253
(1790953869.344495) can0 2A7#00004EADFFFFFD8E
(1790953869.348778) can0 2A1#0100010000000000
(1790953869.348874) can0 2A2#0000D54B000013A5
(1790953869.349020) can0 2A3#0002EB29FFFD410D
(1790953869.349119) can0 2A4#0001245BFFFD551E
(1790953869.349243) can0 2A5#0000133A000007CA
(1790953869.349369) can0 2A6#FFFFF84700000253
(1790953869.349494) can0 2A7#00004EADFFFFFD8E
(1790953869.353784) can0 2A1#0100010000000000
(1790953869.353903) can0 2A2#0000D54B000013A5
(1790953869.353993) can0 2A3#0002EB29FFFD410D
(1790953869.354145) can0 2A4#0001245BFFFD551E
(1790953869.354243) can0 2A5#0000133A000007CA
(1790953869.354369) can0 2A6#FFFFF84700000253
(1790953869.354494) can0 2A7#00004EADFFFFFD8E
(1790953869.358777) can0 2A1#0100010000000000
(1790953869.358876) can0 2A2#0000D54B000013A5
(1790953869.358994) can0 2A3#0002EB29FFFD410D
(1790953869.359119) can0 2A4#0001245BFFFD551E
(1790953869.359243) can0 2A5#0000133A000007CA
(1790953869.359369) can0 2A6#FFFFF84700000253
(1790953869.359494) can0 2A7#00004EADFFFFFD8E
(1790953869.363782) can0 2A1#0100010000000000
(1790953869.363898) can0 2A2#0000D54B000013A5
(1790953869.363994) can0 2A3#0002EB29FFFD410D
(1790953869.364144) can0 2A4#0001245BFFFD551E
(1790953869.364243) can0 2A5#0000133A000007CA
(1790953869.364373) can0 2A6#FFFFF84700000253
(1790953869.364494) can0 2A7#00004EADFFFFFD8E
(1790953869.368770) can0 2A1#0100010000000000
(1790953869.368895) can0 2A2#0000D54B000013A5
(1790953869.368995) can0 2A3#0002EB29FFFD410D
(1790953869.369119) can0 2A4#0001245BFFFD551E
(1790953869.369244) can0 2A5#0000133A000007CA
(1790953869.369372) can0 2A6#FFFFF84700000253
(1790953869.369494) can0 2A7#00004EADFFFFFD8E
(1790953869.373772) can0 2A1#0100010000000000
(1790953869.373895) can0 2A2#0000D54B000013A5
(1790953869.374020) can0 2A3#0002EB29FFFD410D
(1790953869.374119) can0 2A4#0001245BFFFD551E
(1790953869.374269) can0 2A5#0000133A000007CA
(1790953869.374369) can0 2A6#FFFFF84700000253
(1790953869.374495) can0 2A7#00004EADFFFFFD8E
(1790953869.378785) can0 2A1#0100010000000000
(1790953869.378879) can0 2A2#0000D54B000013A5
(1790953869.378998) can0 2A3#0002EB29FFFD410D
(1790953869.379119) can0 2A4#0001245BFFFD551E
(1790953869.379247) can0 2A5#0000133A000007CA
(1790953869.379371) can0 2A6#FFFFF84700000253
(1790953869.379496) can0 2A7#00004EADFFFFFD8E
(1790953869.383774) can0 2A1#0100010000000000
(1790953869.383897) can0 2A2#0000D54B000013A5
(1790953869.384021) can0 2A3#0002EB29FFFD410D
(1790953869.384146) can0 2A4#0001245BFFFD551E
(1790953869.384270) can0 2A5#0000133A000007CA
(1790953869.384370) can0 2A6#FFFFF84700000253
(1790953869.384494) can0 2A7#00004EADFFFFFD8E
(1790953869.388772) can0 2A1#0100010000000000
(1790953869.388870) can0 2A2#0000D54B000013A5
(1790953869.389021) can0 2A3#0002EB29FFFD410D
(1790953869.389119) can0 2A4#0001245BFFFD551E
(1790953869.389244) can0 2A5#0000133A000007CA
(1790953869.389371) can0 2A6#FFFFF84700000253
(1790953869.389469) can0 2A7#00004EADFFFFFD8E
(1790953869.393774) can0 2A1#0100010000000000
(1790953869.393894) can0 2A2#0000D54B000013A5
(1790953869.394021) can0 2A3#0002EB29FFFD410D
(1790953869.394144) can0 2A4#0001245BFFFD551E
(1790953869.394270) can0 2A5#0000133A000007CA
(1790953869.394370) can0 2A6#FFFFF84700000253
(1790953869.394496) can0 2A7#00004EADFFFFFD8E
(1790953869.398763) can0 2A1#0100010000000000
(1790953869.398897) can0 2A2#0000D54B000013A5
(1790953869.398996) can0 2A3#0002EB29FFFD410D
(1790953869.399120) can0 2A4#0001245BFFFD551E
(1790953869.399245) can0 2A5#0000133A000007CA
(1790953869.399370) can0 2A6#FFFFF84700000253
(1790953869.399494) can0 2A7#00004EADFFFFFD8E
(1790953869.403780) can0 2A1#0100010000000000
(1790953869.403894) can0 2A2#0000D54B000013A5
(1790953869.404021) can0 2A3#0002EB29FFFD410D
(1790953869.404119) can0 2A4#0001245BFFFD551E
(1790953869.404270) can0 2A5#0000133A000007CA
(1790953869.404370) can0 2A6#FFFFF84700000253
(1790953869.404494) can0 2A7#00004EADFFFFFD8E
(1790953869.408777) can0 2A1#0100010000000000
(1790953869.408869) can0 2A2#0000D54B000013A5
(1790953869.408995) can0 2A3#0002EB29FFFD410D
(1790953869.409120) can0 2A4#0001245BFFFD551E
(1790953869.409245) can0 2A5#0000133A000007CA
(1790953869.409370) can0 2A6#FFFFF84700000253
(1790953869.409494) can0 2A7#00004EADFFFFFD8E
(1790953869.413773) can0 2A1#0100010000000000
(1790953869.413895) can0 2A2#0000D54B000013A5
(1790953869.413997) can0 2A3#0002EB29FFFD410D
(1790953869.414146) can0 2A4#0001245BFFFD551E
(1790953869.414246) can0 2A5#0000133A000007CA
(1790953869.414371) can0 2A6#FFFFF84700000253
(1790953869.414498) can0 2A7#00004EADFFFFFD8E
(1790953869.418773) can0 2A1#0100010000000000
(1790953869.418894) can0 2A2#0000D54B000013A5
(1790953869.418995) can0 2A3#0002EB29FFFD410D
(1790953869.419119) can0 2A4#0001245BFFFD551E
(1790953869.419244) can0 2A5#0000133A000007CA
(1790953869.419369) can0 2A6#FFFFF84700000253
(1790953869.419494) can0 2A7#00004EADFFFFFD8E
(1790953869.423776) can0 2A1#0100010000000000
(1790953869.423895) can0 2A2#0000D54B000013A5
(1790953869.424020) can0 2A3#0002EB29FFFD410D
(1790953869.424119) can0 2A4#0001245BFFFD551E
(1790953869.424269) can0 2A5#0000133A000007CA
(1790953869.424370) can0 2A6#FFFFF84700000253
(1790953869.424495) can0 2A7#00004EADFFFFFD8E
(1790953869.428772) can0 2A1#0100010000000000
(1790953869.428896) can0 2A2#0000D54B000013A5
(1790953869.429022) can0 2A3#0002EB29FFFD410D
(1790953869.429121) can0 2A4#0001245BFFFD551E
(1790953869.429245) can0 2A5#0000133A000007CA
(1790953869.429370) can0 2A6#FFFFF84700000253
(1790953869.429469) can0 2A7#00004EADFFFFFD8E
(1790953869.433774) can0 2A1#0100010000000000
(1790953869.433894) can0 2A2#0000D54B000013A5
(1790953869.434020) can0 2A3#0002EB29FFFD410D
(1790953869.434144) can0 2A4#0001245BFFFD551E
(1790953869.434245) can0 2A5#0000133A000007CA
(1790953869.434368) can0 2A6#FFFFF84700000253
(1790953869.434494) can0 2A7#00004EADFFFFFD8E
(1790953869.438778) can0 2A1#0100010000000000
(1790953869.438894) can0 2A2#0000D54B000013A5
(1790953869.439019) can0 2A3#0002EB29FFFD410D
(1790953869.439122) can0 2A4#0001245BFFFD551E
(1790953869.439244) can0 2A5#0000133A000007CA
(1790953869.439371) can0 2A6#FFFFF84700000253
(1790953869.439496) can0 2A7#00004EADFFFFFD8E
(1790953869.443775) can0 2A1#0100010000000000
(1790953869.443898) can0 2A2#0000D54B000013A5
(1790953869.443996) can0 2A3#0002EB29FFFD410D
(1790953869.444119) can0 2A4#0001245BFFFD551E
(1790953869.444272) can0 2A5#0000133A000007CA
(1790953869.444371) can0 2A6#FFFFF84700000253
(1790953869.444496) can0 2A7#00004EADFFFFFD8E
(1790953869.448778) can0 2A1#0100010000000000
(1790953869.448875) can0 2A2#0000D54B000013A5
(1790953869.449021) can0 2A3#0002EB29FFFD410D
(1790953869.449121) can0 2A4#0001245BFFFD551E
(1790953869.449246) can0 2A5#0000133A000007CA
(1790953869.449370) can0 2A6#FFFFF84700000253
(1790953869.449497) can0 2A7#00004EADFFFFFD8E
(1790953869.453775) can0 2A1#0100010000000000
(1790953869.453894) can0 2A2#0000D54B000013A5
(1790953869.453996) can0 2A3#0002EB29FFFD410D
(1790953869.454145) can0 2A4#0001245BFFFD551E
(1790953869.454247) can0 2A5#0000133A000007CA
(1790953869.454370) can0 2A6#FFFFF84700000253
(1790953869.454497) can0 2A7#00004EADFFFFFD8E
(1790953869.458779) can0 2A1#0100010000000000
(1790953869.458888) can0 2A2#0000D54B000013A5
(1790953869.459021) can0 2A3#0002EB29FFFD410D
(1790953869.459121) can0 2A4#0001245BFFFD551E
(1790953869.459249) can0 2A5#0000133A000007CA
(1790953869.459371) can0 2A6#FFFFF84700000253
(1790953869.459497) can0 2A7#00004EADFFFFFD8E
(1790953869.463783) can0 2A1#0100010000000000
(1790953869.463895) can0 2A2#0000D54B000013A5
(1790953869.463995) can0 2A3#0002EB29FFFD410D
(1790953869.464121) can0 2A4#0001245BFFFD551E
(1790953869.464271) can0 2A5#0000133A000007CA
(1790953869.464370) can0 2A6#FFFFF84700000253
(1790953869.464496) can0 2A7#00004EADFFFFFD8E
(1790953869.468775) can0 2A1#0100010000000000
(1790953869.468895) can0 2A2#0000D54B000013A5
(1790953869.468996) can0 2A3#0002EB29FFFD410D
(1790953869.469121) can0 2A4#0001245BFFFD551E
(1790953869.469245) can0 2A5#0000133A000007CA
(1790953869.469371) can0 2A6#FFFFF84700000253
(1790953869.469496) can0 2A7#00004EADFFFFFD8E
(1790953869.473788) can0 2A1#0100010000000000
(1790953869.473895) can0 2A2#0000D54B000013A5
(1790953869.474021) can0 2A3#0002EB29FFFD410D
(1790953869.474146) can0 2A4#0001245BFFFD551E
(1790953869.474270) can0 2A5#0000133A000007CA
(1790953869.474371) can0 2A6#FFFFF84700000253
(1790953869.474497) can0 2A7#00004EADFFFFFD8E
(1790953869.478779) can0 2A1#0100010000000000
(1790953869.478894) can0 2A2#0000D54B000013A5
(1790953869.479021) can0 2A3#0002EB29FFFD410D
(1790953869.479121) can0 2A4#0001245BFFFD551E
(1790953869.479246) can0 2A5#0000133A000007CA
(1790953869.479370) can0 2A6#FFFFF84700000253
(1790953869.479472) can0 2A7#00004EADFFFFFD8E
(1790953869.483779) can0 2A1#0100010000000000
(1790953869.483898) can0 2A2#0000D54B000013A5
(1790953869.484022) can0 2A3#0002EB29FFFD410D
(1790953869.484146) can0 2A4#0001245BFFFD551E
(1790953869.484271) can0 2A5#0000133A000007CA
(1790953869.484369) can0 2A6#FFFFF84700000253
(1790953869.484496) can0 2A7#00004EADFFFFFD8E
(1790953869.488772) can0 2A1#0100010000000000
(1790953869.488871) can0 2A2#0000D54B000013A5
(1790953869.488996) can0 2A3#0002EB29FFFD410D
(1790953869.489146) can0 2A4#0001245BFFFD551E
(1790953869.489252) can0 2A5#0000133A000007CA
(1790953869.489375) can0 2A6#FFFFF84700000253
(1790953869.489501) can0 2A7#00004EADFFFFFD8E
(1790953869.493810) can0 2A1#0100010000000000
(1790953869.493896) can0 2A2#0000D54B000013A5
(1790953869.494020) can0 2A3#0002EB29FFFD410D
(1790953869.494125) can0 2A4#0001245BFFFD551E
(1790953869.494246) can0 2A5#0000133A000007CA
(1790953869.494371) can0 2A6#FFFFF84700000253
(1790953869.494496) can0 2A7#00004EADFFFFFD8E
(1790953869.498773) can0 2A1#0100010000000000
(1790953869.498960) can0 2A2#0000D54B000013A5
(1790953869.499020) can0 2A3#0002EB29FFFD410D
(1790953869.499119) can0 2A4#0001245BFFFD551E
(1790953869.499244) can0 2A5#0000133A000007CA
(1790953869.499370) can0 2A6#FFFFF84700000253
(1790953869.499496) can0 2A7#00004EADFFFFFD8E
(1790953869.503798) can0 2A1#0100010000000000
(1790953869.503896) can0 2A2#0000D54B000013A5
(1790953869.504021) can0 2A3#0002EB29FFFD410D
(1790953869.504121) can0 2A4#0001245BFFFD551E
(1790953869.504244) can0 2A5#0000133A000007CA
(1790953869.504371) can0 2A6#FFFFF84700000253
(1790953869.504496) can0 2A7#00004EADFFFFFD8E
(1790953869.508752) can0 2A1#0100010000000000
(1790953869.508896) can0 2A2#0000D54B000013A5
(1790953869.508996) can0 2A3#0002EB29FFFD410D
(1790953869.509121) can0 2A4#0001245BFFFD551E
(1790953869.509246) can0 2A5#0000133A000007CA
(1790953869.509372) can0 2A6#FFFFF84700000253
(1790953869.509498) can0 2A7#00004EADFFFFFD8E
(1790953869.513786) can0 2A1#0100010000000000
(1790953869.513904) can0 2A2#0000D54B000013A5
(1790953869.514027) can0 2A3#0002EB29FFFD410D
(1790953869.514157) can0 2A4#0001245BFFFD551E
(1790953869.514253) can0 2A5#0000133A000007CA
(1790953869.514376) can0 2A6#FFFFF84700000253
(1790953869.514500) can0 2A7#00004EADFFFFFD8E
(1790953869.518751) can0 2A1#0100010000000000
(1790953869.518894) can0 2A2#0000D54B000013A5
(1790953869.518996) can0 2A3#0002EB29FFFD410D
(1790953869.519122) can0 2A4#0001245BFFFD551E
(1790953869.519246) can0 2A5#0000133A000007CA
(1790953869.519371) can0 2A6#FFFFF84700000253
(1790953869.519470) can0 2A7#00004EADFFFFFD8E
(1790953869.523779) can0 2A1#0100010000000000
(1790953869.523896) can0 2A2#0000D54B000013A5
(1790953869.524021) can0 2A3#0002EB29FFFD410D
(1790953869.524145) can0 2A4#0001245BFFFD551E
(1790953869.524246) can0 2A5#0000133A000007CA
(1790953869.524370) can0 2A6#FFFFF84700000253
(1790953869.524496) can0 2A7#00004EADFFFFFD8E
(1790953869.528757) can0 2A1#0100010000000000
(1790953869.528896) can0 2A2#0000D54B000013A5
(1790953869.528997) can0 2A3#0002EB29FFFD410D
(1790953869.529122) can0 2A4#0001245BFFFD551E
(1790953869.529246) can0 2A5#0000133A000007CA
(1790953869.529369) can0 2A6#FFFFF84700000253
(1790953869.529473) can0 2A7#00004EADFFFFFD8E
(1790953869.533775) can0 2A1#0100010000000000
(1790953869.533894) can0 2A2#0000D54B000013A5
(1790953869.534022) can0 2A3#0002EB29FFFD410D
(1790953869.534146) can0 2A4#0001245BFFFD551E
(1790953869.534274) can0 2A5#0000133A000007CA
(1790953869.534370) can0 2A6#FFFFF84700000253
(1790953869.534495) can0 2A7#00004EADFFFFFD8E
(1790953869.538769) can0 2A1#0100010000000000
(1790953869.538896) can0 2A2#0000D54B000013A5
(1790953869.539023) can0 2A3#0002EB29FFFD410D
(1790953869.539121) can0 2A4#0001245BFFFD551E
(1790953869.539245) can0 2A5#0000133A000007CA
(1790953869.539371) can0 2A6#FFFFF84700000253
(1790953869.539499) can0 2A7#00004EADFFFFFD8E
(1790953869.543781) can0 2A1#0100010000000000
(1790953869.543899) can0 2A2#0000D54B000013A5
(1790953869.543998) can0 2A3#0002EB29FFFD410D
(1790953869.544145) can0 2A4#0001245BFFFD551E
(1790953869.544245) can0 2A5#0000133A000007CA
(1790953869.544371) can0 2A6#FFFFF84700000253
(1790953869.544496) can0 2A7#00004EADFFFFFD8E
(1790953869.548784) can0 2A1#0100010000000000
(1790953869.548895) can0 2A2#0000D54B000013A5
(1790953869.549023) can0 2A3#0002EB29FFFD410D
(1790953869.549120) can0 2A4#0001245BFFFD551E
(1790953869.549245) can0 2A5#0000133A000007CA
(1790953869.549373) can0 2A6#FFFFF84700000253
(1790953869.549496) can0 2A7#00004EADFFFFFD8E
(1790953869.553779) can0 2A1#0100010000000000
(1790953869.553897) can0 2A2#0000D54B000013A5
(1790953869.553998) can0 2A3#0002EB29FFFD410D
(1790953869.554120) can0 2A4#0001245BFFFD551E
(1790953869.554272) can0 2A5#0000133A000007CA
(1790953869.554371) can0 2A6#FFFFF84700000253
(1790953869.554496) can0 2A7#00004EADFFFFFD8E
(1790953869.558775) can0 2A1#0100010000000000
(1790953869.558873) can0 2A2#0000D54B000013A5
(1790953869.558997) can0 2A3#0002EB29FFFD410D
(1790953869.559121) can0 2A4#0001245BFFFD551E
(1790953869.559246) can0 2A5#0000133A000007CA
(1790953869.559372) can0 2A6#FFFFF84700000253
(1790953869.559499) can0 2A7#00004EADFFFFFD8E
(1790953869.563787) can0 2A1#0100010000000000
(1790953869.563896) can0 2A2#0000D54B000013A5
(1790953869.564021) can0 2A3#0002EB29FFFD410D
(1790953869.564148) can0 2A4#0001245BFFFD551E
(1790953869.564272) can0 2A5#0000133A000007CA
(1790953869.564371) can0 2A6#FFFFF84700000253
(1790953869.564496) can0 2A7#00004EADFFFFFD8E
(1790953869.568760) can0 2A1#0100010000000000
(1790953869.568904) can0 2A2#0000D54B000013A5
(1790953869.568996) can0 2A3#0002EB29FFFD410D
(1790953869.569122) can0 2A4#0001245BFFFD551E
(1790953869.569244) can0 2A5#0000133A000007CA
(1790953869.569351) can0 2A6#FFFFF84700000253
(1790953869.569478) can0 2A7#00004EADFFFFFD8E
(1790953869.573810) can0 2A1#0100010000000000
(1790953869.573899) can0 2A2#0000D54B000013A5
(1790953869.574020) can0 2A3#0002EB29FFFD410D
(1790953869.574122) can0 2A4#0001245BFFFD551E
(1790953869.574245) can0 2A5#0000133A000007CA
(1790953869.574371) can0 2A6#FFFFF84700000253
(1790953869.574495) can0 2A7#00004EADFFFFFD8E
(1790953869.578778) can0 2A1#0100010000000000
(1790953869.578897) can0 2A2#0000D54B000013A5
(1790953869.578996) can0 2A3#0002EB29FFFD410D
(1790953869.579121) can0 2A4#0001245BFFFD551E
(1790953869.579247) can0 2A5#0000133A000007CA
(1790953869.579388) can0 2A6#FFFFF84700000253
(1790953869.579497) can0 2A7#00004EADFFFFFD8E
(1790953869.583786) can0 2A1#0100010000000000
(1790953869.583895) can0 2A2#0000D54B000013A5
(1790953869.584023) can0 2A3#0002EB29FFFD410D
(1790953869.584121) can0 2A4#0001245BFFFD551E
(1790953869.584270) can0 2A5#0000133A000007CA
(1790953869.584370) can0 2A6#FFFFF84700000253
(1790953869.584496) can0 2A7#00004EADFFFFFD8E
(1790953869.588783) can0 2A1#0100010000000000
(1790953869.588895) can0 2A2#0000D54B000013A5
(1790953869.589020) can0 2A3#0002EB29FFFD410D
(1790953869.589122) can0 2A4#0001245BFFFD551E
(1790953869.589246) can0 2A5#0000133A000007CA
(1790953869.589373) can0 2A6#FFFFF84700000253
(1790953869.589496) can0 2A7#00004EADFFFFFD8E
(1790953869.593783) can0 2A1#0100010000000000
(1790953869.593897) can0 2A2#0000D54B000013A5
(1790953869.593997) can0 2A3#0002EB29FFFD410D
(1790953869.594120) can0 2A4#0001245BFFFD551E
(1790953869.594274) can0 2A5#0000133A000007CA
(1790953869.594370) can0 2A6#FFFFF84700000253
(1790953869.594496) can0 2A7#00004EADFFFFFD8E
(1790953869.598787) can0 2A1#0100010000000000
(1790953869.598897) can0 2A2#0000D54B000013A5
(1790953869.598995) can0 2A3#0002EB29FFFD410D
(1790953869.599121) can0 2A4#0001245BFFFD551E
(1790953869.599247) can0 2A5#0000133A000007CA
(1790953869.599371) can0 2A6#FFFFF84700000253
(1790953869.599472) can0 2A7#00004EADFFFFFD8E
(1790953869.603799) can0 2A1#0100010000000000
(1790953869.603898) can0 2A2#0000D54B000013A5
(1790953869.604027) can0 2A3#0002EB29FFFD410D
(1790953869.604146) can0 2A4#0001245BFFFD551E
(1790953869.604248) can0 2A5#0000133A000007CA
(1790953869.604370) can0 2A6#FFFFF84700000253
(1790953869.604496) can0 2A7#00004EADFFFFFD8E
(1790953869.608775) can0 2A1#0100010000000000
(1790953869.608871) can0 2A2#0000D54B000013A5
(1790953869.609020) can0 2A3#0002EB29FFFD410D
(1790953869.609120) can0 2A4#0001245BFFFD551E
(1790953869.609245) can0 2A5#0000133A000007CA
(1790953869.609371) can0 2A6#FFFFF84700000253
(1790953869.609496) can0 2A7#00004EADFFFFFD8E
(1790953869.613810) can0 2A1#0100010000000000
(1790953869.613899) can0 2A2#0000D54B000013A5
(1790953869.614023) can0 2A3#0002EB29FFFD410D
(1790953869.614148) can0 2A4#0001245BFFFD551E
(1790953869.614271) can0 2A5#0000133A000007CA
(1790953869.614372) can0 2A6#FFFFF84700000253
(1790953869.614497) can0 2A7#00004EADFFFFFD8E
(1790953869.618774) can0 2A1#0100010000000000
(1790953869.618874) can0 2A2#0000D54B000013A5
(1790953869.618997) can0 2A3#0002EB29FFFD410D
(1790953869.619120) can0 2A4#0001245BFFFD551E
(1790953869.619247) can0 2A5#0000133A000007CA
(1790953869.619372) can0 2A6#FFFFF84700000253
(1790953869.619496) can0 2A7#00004EADFFFFFD8E
(1790953869.623782) can0 2A1#0100010000000000
(1790953869.623896) can0 2A2#0000D54B000013A5
(1790953869.624021) can0 2A3#0002EB29FFFD410D
(1790953869.624121) can0 2A4#0001245BFFFD551E
(1790953869.624245) can0 2A5#0000133A000007CA
(1790953869.624371) can0 2A6#FFFFF84700000253
(1790953869.624495) can0 2A7#00004EADFFFFFD8E
(1790953869.628776) can0 2A1#0100010000000000
(1790953869.628869) can0 2A2#0000D54B000013A5
(1790953869.628996) can0 2A3#0002EB29FFFD410D
(1790953869.629121) can0 2A4#0001245BFFFD551E
(1790953869.629252) can0 2A5#0000133A000007CA
(1790953869.629373) can0 2A6#FFFFF84700000253
(1790953869.629496) can0 2A7#00004EADFFFFFD8E
(1790953869.633775) can0 2A1#0100010000000000
(1790953869.633894) can0 2A2#0000D54B000013A5
(1790953869.633996) can0 2A3#0002EB29FFFD410D
(1790953869.634146) can0 2A4#0001245BFFFD551E
(1790953869.634245) can0 2A5#0000133A000007CA
(1790953869.634371) can0 2A6#FFFFF84700000253
(1790953869.634495) can0 2A7#00004EADFFFFFD8E
(1790953869.638777) can0 2A1#0100010000000000
(1790953869.638872) can0 2A2#0000D54B000013A5
(1790953869.638996) can0 2A3#0002EB29FFFD410D
(1790953869.639120) can0 2A4#0001245BFFFD551E
(1790953869.639246) can0 2A5#0000133A000007CA
(1790953869.639371) can0 2A6#FFFFF84700000253
(1790953869.639480) can0 2A7#00004EADFFFFFD8E
(1790953869.643801) can0 2A1#0100010000000000
(1790953869.643899) can0 2A2#0000D54B000013A5
(1790953869.644022) can0 2A3#0002EB29FFFD410D
(1790953869.644146) can0 2A4#0001245BFFFD551E
(1790953869.644244) can0 2A5#0000133A000007CA
(1790953869.644371) can0 2A6#FFFFF84700000253
(1790953869.644496) can0 2A7#00004EADFFFFFD8E
(1790953869.648779) can0 2A1#0100010000000000
(1790953869.648895) can0 2A2#0000D54B000013A5
(1790953869.648996) can0 2A3#0002EB29FFFD410D
(1790953869.649121) can0 2A4#0001245BFFFD551E
(1790953869.649247) can0 2A5#0000133A000007CA
(1790953869.649371) can0 2A6#FFFFF84700000253
(1790953869.649496) can0 2A7#00004EADFFFFFD8E
(1790953869.653781) can0 2A1#0100010000000000
(1790953869.653900) can0 2A2#0000D54B000013A5
(1790953869.654019) can0 2A3#0002EB29FFFD410D
(1790953869.654143) can0 2A4#0001245BFFFD551E
(1790953869.654245) can0 2A5#0000133A000007CA
(1790953869.654370) can0 2A6#FFFFF84700000253
(1790953869.654495) can0 2A7#00004EADFFFFFD8E
(1790953869.658779) can0 2A1#0100010000000000
(1790953869.658870) can0 2A2#0000D54B000013A5
(1790953869.658995) can0 2A3#0002EB29FFFD410D
(1790953869.659122) can0 2A4#0001245BFFFD551E
(1790953869.659247) can0 2A5#0000133A000007CA
(1790953869.659372) can0 2A6#FFFFF84700000253
(1790953869.659497) can0 2A7#00004EADFFFFFD8E
(1790953869.663829) can0 2A1#0100010000000000
(1790953869.663898) can0 2A2#0000D54B000013A5
(1790953869.664022) can0 2A3#0002EB29FFFD410D
(1790953869.664121) can0 2A4#0001245BFFFD551E
(1790953869.664246) can0 2A5#0000133A000007CA
(1790953869.664372) can0 2A6#FFFFF84700000253
(1790953869.664496) can0 2A7#00004EADFFFFFD8E
(1790953869.668774) can0 2A1#0100010000000000
(1790953869.668895) can0 2A2#0000D54B000013A5
(1790953869.668995) can0 2A3#0002EB29FFFD410D
(1790953869.669121) can0 2A4#0001245BFFFD551E
(1790953869.669246) can0 2A5#0000133A000007CA
(1790953869.669371) can0 2A6#FFFFF84700000253
(1790953869.669496) can0 2A7#00004EADFFFFFD8E
(1790953869.673785) can0 2A1#0100010000000000
(1790953869.673895) can0 2A2#0000D54B000013A5
(1790953869.674022) can0 2A3#0002EB29FFFD410D
(1790953869.674147) can0 2A4#0001245BFFFD551E
(1790953869.674271) can0 2A5#0000133A000007CA
(1790953869.674371) can0 2A6#FFFFF84700000253
(1790953869.674496) can0 2A7#00004EADFFFFFD8E
(1790953869.678782) can0 2A1#0100010000000000
(1790953869.678895) can0 2A2#0000D54B000013A5
(1790953869.678996) can0 2A3#0002EB29FFFD410D
(1790953869.679121) can0 2A4#0001245BFFFD551E
(1790953869.679246) can0 2A5#0000133A000007CA
(1790953869.679371) can0 2A6#FFFFF84700000253
(1790953869.679509) can0 2A7#00004EADFFFFFD8E
(1790953869.683779) can0 2A1#0100010000000000
(1790953869.683895) can0 2A2#0000D54B000013A5
(1790953869.684022) can0 2A3#0002EB29FFFD410D
(1790953869.684146) can0 2A4#0001245BFFFD551E
(1790953869.684271) can0 2A5#0000133A000007CA
(1790953869.684371) can0 2A6#FFFFF84700000253
(1790953869.684497) can0 2A7#00004EADFFFFFD8E
(1790953869.688781) can0 2A1#0100010000000000
(1790953869.688895) can0 2A2#0000D54B000013A5
(1790953869.688996) can0 2A3#0002EB29FFFD410D
(1790953869.689121) can0 2A4#0001245BFFFD551E
(1790953869.689244) can0 2A5#0000133A000007CA
(1790953869.689372) can0 2A6#FFFFF84700000253
(1790953869.689496) can0 2A7#00004EADFFFFFD8E
(1790953869.693781) can0 2A1#0100010000000000
(1790953869.693895) can0 2A2#0000D54B000013A5
(1790953869.694021) can0 2A3#0002EB29FFFD410D
(1790953869.694146) can0 2A4#0001245BFFFD551E
(1790953869.694271) can0 2A5#0000133A000007CA
(1790953869.694374) can0 2A6#FFFFF84700000253
(1790953869.694498) can0 2A7#00004EADFFFFFD8E
(1790953869.698787) can0 2A1#0100010000000000
(1790953869.698882) can0 2A2#0000D54B000013A5
(1790953869.698998) can0 2A3#0002EB29FFFD410D
(1790953869.699123) can0 2A4#0001245BFFFD551E
(1790953869.699244) can0 2A5#0000133A000007CA
(1790953869.699372) can0 2A6#FFFFF84700000253
(1790953869.699497) can0 2A7#00004EADFFFFFD8E
(1790953869.703814) can0 2A1#0100010000000000
(1790953869.703896) can0 2A2#0000D54B000013A5
(1790953869.704023) can0 2A3#0002EB29FFFD410D
(1790953869.704123) can0 2A4#0001245BFFFD551E
(1790953869.704247) can0 2A5#0000133A000007CA
(1790953869.704373) can0 2A6#FFFFF84700000253
(1790953869.704498) can0 2A7#00004EADFFFFFD8E
(1790953869.708779) can0 2A1#0100010000000000
(1790953869.708899) can0 2A2#0000D54B000013A5
(1790953869.709023) can0 2A3#0002EB29FFFD410D
(1790953869.709122) can0 2A4#0001245BFFFD551E
(1790953869.709248) can0 2A5#0000133A000007CA
(1790953869.709373) can0 2A6#FFFFF84700000253
(1790953869.709497) can0 2A7#00004EADFFFFFD8E
(1790953869.713785) can0 2A1#0100010000000000
(1790953869.713896) can0 2A2#0000D54B000013A5
(1790953869.714022) can0 2A3#0002EB29FFFD410D
(1790953869.714147) can0 2A4#0001245BFFFD551E
(1790953869.714272) can0 2A5#0000133A000007CA
(1790953869.714372) can0 2A6#FFFFF84700000253
(1790953869.714498) can0 2A7#00004EADFFFFFD8E
(1790953869.718780) can0 2A1#0100010000000000
(1790953869.718887) can0 2A2#0000D54B000013A5
(1790953869.718997) can0 2A3#0002EB29FFFD410D
(1790953869.719122) can0 2A4#0001245BFFFD551E
(1790953869.719247) can0 2A5#0000133A000007CA
(1790953869.719372) can0 2A6#FFFFF84700000253
(1790953869.719497) can0 2A7#00004EADFFFFFD8E
(1790953869.723783) can0 2A1#0100010000000000
(1790953869.723896) can0 2A2#0000D54B000013A5
(1790953869.724023) can0 2A3#0002EB29FFFD410D
(1790953869.724147) can0 2A4#0001245BFFFD551E
(1790953869.724272) can0 2A5#0000133A000007CA
(1790953869.724372) can0 2A6#FFFFF84700000253
(1790953869.724497) can0 2A7#00004EADFFFFFD8E
(1790953869.728783) can0 2A1#0100010000000000
(1790953869.728895) can0 2A2#0000D54B000013A5
(1790953869.728997) can0 2A3#0002EB29FFFD410D
(1790953869.729122) can0 2A4#0001245BFFFD551E
(1790953869.729247) can0 2A5#0000133A000007CA
(1790953869.729372) can0 2A6#FFFFF84700000253
(1790953869.729497) can0 2A7#00004EADFFFFFD8E
(1790953869.733778) can0 2A1#0100010000000000
(1790953869.733895) can0 2A2#0000D54B000013A5
(1790953869.734022) can0 2A3#0002EB29FFFD410D
(1790953869.734119) can0 2A4#0001245BFFFD551E
(1790953869.734272) can0 2A5#0000133A000007CA
(1790953869.734373) can0 2A6#FFFFF84700000253
(1790953869.734499) can0 2A7#00004EADFFFFFD8E
(1790953869.738786) can0 2A1#0100010000000000
(1790953869.738894) can0 2A2#0000D54B000013A5
(1790953869.738997) can0 2A3#0002EB29FFFD410D
(1790953869.739121) can0 2A4#0001245BFFFD551E
(1790953869.739246) can0 2A5#0000133A000007CA
(1790953869.739371) can0 2A6#FFFFF84700000253
(1790953869.739497) can0 2A7#00004EADFFFFFD8E
(1790953869.743807) can0 2A1#0100010000000000
(1790953869.743896) can0 2A2#0000D54B000013A5
(1790953869.744022) can0 2A3#0002EB29FFFD410D
(1790953869.744122) can0 2A4#0001245BFFFD551E
(1790953869.744246) can0 2A5#0000133A000007CA
(1790953869.744371) can0 2A6#FFFFF84700000253
(1790953869.744497) can0 2A7#00004EADFFFFFD8E
(1790953869.748782) can0 2A1#0100010000000000
(1790953869.748899) can0 2A2#0000D54B000013A5
(1790953869.748999) can0 2A3#0002EB29FFFD410D
(1790953869.749123) can0 2A4#0001245BFFFD551E
(1790953869.749248) can0 2A5#0000133A000007CA
(1790953869.749373) can0 2A6#FFFFF84700000253
(1790953869.749495) can0 2A7#00004EADFFFFFD8E
(1790953869.753815) can0 2A1#0100010000000000
(1790953869.753895) can0 2A2#0000D54B000013A5
(1790953869.754021) can0 2A3#0002EB29FFFD410D
(1790953869.754146) can0 2A4#0001245BFFFD551E
(1790953869.754273) can0 2A5#0000133A000007CA
(1790953869.754370) can0 2A6#FFFFF84700000253
(1790953869.754496) can0 2A7#00004EADFFFFFD8E
(1790953869.758783) can0 2A1#0100010000000000
(1790953869.758895) can0 2A2#0000D54B000013A5
(1790953869.759021) can0 2A3#0002EB29FFFD410D
(1790953869.759122) can0 2A4#0001245BFFFD551E
(1790953869.759249) can0 2A5#0000133A000007CA
(1790953869.759373) can0 2A6#FFFFF84700000253
(1790953869.759496) can0 2A7#00004EADFFFFFD8E
(1790953869.763803) can0 2A1#0100010000000000
(1790953869.763898) can0 2A2#0000D54B000013A5
(1790953869.764022) can0 2A3#0002EB29FFFD410D
(1790953869.764145) can0 2A4#0001245BFFFD551E
(1790953869.764273) can0 2A5#0000133A000007CA
(1790953869.764373) can0 2A6#FFFFF84700000253
(1790953869.764498) can0 2A7#00004EADFFFFFD8E
(1790953869.768786) can0 2A1#0100010000000000
(1790953869.768872) can0 2A2#0000D54B000013A5
(1790953869.768997) can0 2A3#0002EB29FFFD410D
(1790953869.769122) can0 2A4#0001245BFFFD551E
(1790953869.769245) can0 2A5#0000133A000007CA
(1790953869.769372) can0 2A6#FFFFF84700000253
(1790953869.769497) can0 2A7#00004EADFFFFFD8E
(1790953869.773804) can0 2A1#0100010000000000
(1790953869.773896) can0 2A2#0000D54B000013A5
(1790953869.774021) can0 2A3#0002EB29FFFD410D
(1790953869.774146) can0 2A4#0001245BFFFD551E
(1790953869.774246) can0 2A5#0000133A000007CA
(1790953869.774372) can0 2A6#FFFFF84700000253
(1790953869.774496) can0 2A7#00004EADFFFFFD8E
(1790953869.778783) can0 2A1#0100010000000000
(1790953869.778896) can0 2A2#0000D54B000013A5
(1790953869.779021) can0 2A3#0002EB29FFFD410D
(1790953869.779121) can0 2A4#0001245BFFFD551E
(1790953869.779244) can0 2A5#0000133A000007CA
(1790953869.779372) can0 2A6#FFFFF84700000253
(1790953869.779496) can0 2A7#00004EADFFFFFD8E
(1790953869.783797) can0 2A1#0100010000000000
(1790953869.783896) can0 2A2#0000D54B000013A5
(1790953869.784021) can0 2A3#0002EB29FFFD410D
(1790953869.784121) can0 2A4#0001245BFFFD551E
(1790953869.784246) can0 2A5#0000133A000007CA
(1790953869.784372) can0 2A6#FFFFF84700000253
(1790953869.784496) can0 2A7#00004EADFFFFFD8E
(1790953869.788780) can0 2A1#0100010000000000
(1790953869.788869) can0 2A2#0000D54B000013A5
(1790953869.789021) can0 2A3#0002EB29FFFD410D
(1790953869.789120) can0 2A4#0001245BFFFD551E
(1790953869.789246) can0 2A5#0000133A000007CA
(1790953869.789371) can0 2A6#FFFFF84700000253
(1790953869.789496) can0 2A7#00004EADFFFFFD8E
(1790953869.793796) can0 2A1#0100010000000000
(1790953869.793894) can0 2A2#0000D54B000013A5
(1790953869.793997) can0 2A3#0002EB29FFFD410D
(1790953869.794146) can0 2A4#0001245BFFFD551E
(1790953869.794271) can0 2A5#0000133A000007CA
(1790953869.794396) can0 2A6#FFFFF84700000253
(1790953869.794495) can0 2A7#00004EADFFFFFD8E
(1790953869.798772) can0 2A1#0100010000000000
(1790953869.798896) can0 2A2#0000D54B000013A5
(1790953869.799020) can0 2A3#0002EB29FFFD410D
(1790953869.799121) can0 2A4#0001245BFFFD551E
(1790953869.799245) can0 2A5#0000133A000007CA
(1790953869.799371) can0 2A6#FFFFF84700000253
(1790953869.799471) can0 2A7#00004EADFFFFFD8E
(1790953869.803779) can0 2A1#0100010000000000
(1790953869.803898) can0 2A2#0000D54B000013A5
(1790953869.804020) can0 2A3#0002EB29FFFD410D
(1790953869.804146) can0 2A4#0001245BFFFD551E
(1790953869.804271) can0 2A5#0000133A000007CA
(1790953869.804371) can0 2A6#FFFFF84700000253
(1790953869.804496) can0 2A7#00004EADFFFFFD8E
(1790953869.808786) can0 2A1#0100010000000000
(1790953869.808895) can0 2A2#0000D54B000013A5
(1790953869.809000) can0 2A3#0002EB29FFFD410D
(1790953869.809120) can0 2A4#0001245BFFFD551E
(1790953869.809245) can0 2A5#0000133A000007CA
(1790953869.809370) can0 2A6#FFFFF84700000253
(1790953869.809495) can0 2A7#00004EADFFFFFD8E
(1790953869.813781) can0 2A1#0100010000000000
(1790953869.813895) can0 2A2#0000D54B000013A5
(1790953869.814023) can0 2A3#0002EB29FFFD410D
(1790953869.814122) can0 2A4#0001245BFFFD551E
(1790953869.814248) can0 2A5#0000133A000007CA
(1790953869.814371) can0 2A6#FFFFF84700000253
(1790953869.814498) can0 2A7#00004EADFFFFFD8E
(1790953869.818782) can0 2A1#0100010000000000
(1790953869.818894) can0 2A2#0000D54B000013A5
(1790953869.819021) can0 2A3#0002EB29FFFD410D
(1790953869.819123) can0 2A4#0001245BFFFD551E
(1790953869.819248) can0 2A5#0000133A000007CA
(1790953869.819373) can0 2A6#FFFFF84700000253
(1790953869.819495) can0 2A7#00004EADFFFFFD8E
(1790953869.823782) can0 2A1#0100010000000000
(1790953869.823895) can0 2A2#0000D54B000013A5
(1790953869.824023) can0 2A3#0002EB29FFFD410D
(1790953869.824123) can0 2A4#0001245BFFFD551E
(1790953869.824245) can0 2A5#0000133A000007CA
(1790953869.824398) can0 2A6#FFFFF84700000253
(1790953869.824496) can0 2A7#00004EADFFFFFD8E
(1790953869.828781) can0 2A1#0100010000000000
(1790953869.828898) can0 2A2#0000D54B000013A5
(1790953869.829023) can0 2A3#0002EB29FFFD410D
(1790953869.829121) can0 2A4#0001245BFFFD551E
(1790953869.829245) can0 2A5#0000133A000007CA
(1790953869.829370) can0 2A6#FFFFF84700000253
(1790953869.829498) can0 2A7#00004EADFFFFFD8E
(1790953869.833779) can0 2A1#0100010000000000
(1790953869.833896) can0 2A2#0000D54B000013A5
(1790953869.834023) can0 2A3#0002EB29FFFD410D
(1790953869.834146) can0 2A4#0001245BFFFD551E
(1790953869.834271) can0 2A5#0000133A000007CA
(1790953869.834370) can0 2A6#FFFFF84700000253
(1790953869.834499) can0 2A7#00004EADFFFFFD8E
(1790953869.838780) can0 2A1#0100010000000000
(1790953869.838895) can0 2A2#0000D54B000013A5
(1790953869.839023) can0 2A3#0002EB29FFFD410D
(1790953869.839122) can0 2A4#0001245BFFFD551E
(1790953869.839248) can0 2A5#0000133A000007CA
(1790953869.839370) can0 2A6#FFFFF84700000253
(1790953869.839496) can0 2A7#00004EADFFFFFD8E
(1790953869.843779) can0 2A1#0100010000000000
(1790953869.843895) can0 2A2#0000D54B000013A5
(1790953869.844023) can0 2A3#0002EB29FFFD410D
(1790953869.844145) can0 2A4#0001245BFFFD551E
(1790953869.844245) can0 2A5#0000133A000007CA
(1790953869.844373) can0 2A6#FFFFF84700000253
(1790953869.844498) can0 2A7#00004EADFFFFFD8E
(1790953869.848781) can0 2A1#0100010000000000
(1790953869.848895) can0 2A2#0000D54B000013A5
(1790953869.849023) can0 2A3#0002EB29FFFD410D
(1790953869.849120) can0 2A4#0001245BFFFD551E
(1790953869.849245) can0 2A5#0000133A000007CA
(1790953869.849371) can0 2A6#FFFFF84700000253
(1790953869.849495) can0 2A7#00004EADFFFFFD8E
(1790953869.853782) can0 2A1#0100010000000000
(1790953869.853902) can0 2A2#0000D54B000013A5
(1790953869.854023) can0 2A3#0002EB29FFFD410D
(1790953869.854148) can0 2A4#0001245BFFFD551E
(1790953869.854273) can0 2A5#0000133A000007CA
(1790953869.854370) can0 2A6#FFFFF84700000253
(1790953869.854496) can0 2A7#00004EADFFFFFD8E
(1790953869.858783) can0 2A1#0100010000000000
(1790953869.858901) can0 2A2#0000D54B000013A5
(1790953869.858998) can0 2A3#0002EB29FFFD410D
(1790953869.859123) can0 2A4#0001245BFFFD551E
(1790953869.859248) can0 2A5#0000133A000007CA
(1790953869.859373) can0 2A6#FFFFF84700000253
(1790953869.859471) can0 2A7#00004EADFFFFFD8E
(1790953869.863799) can0 2A1#0100010000000000
(1790953869.863896) can0 2A2#0000D54B000013A5
(1790953869.864023) can0 2A3#0002EB29FFFD410D
(1790953869.864148) can0 2A4#0001245BFFFD551E
(1790953869.864246) can0 2A5#0000133A000007CA
(1790953869.864370) can0 2A6#FFFFF84700000253
(1790953869.864498) can0 2A7#00004EADFFFFFD8E
(1790953869.868778) can0 2A1#0100010000000000
(1790953869.868887) can0 2A2#0000D54B000013A5
(1790953869.869024) can0 2A3#0002EB29FFFD410D
(1790953869.869123) can0 2A4#0001245BFFFD551E
(1790953869.869245) can0 2A5#0000133A000007CA
(1790953869.869370) can0 2A6#FFFFF84700000253
(1790953869.869498) can0 2A7#00004EADFFFFFD8E
(1790953869.873808) can0 2A1#0100010000000000
(1790953869.873902) can0 2A2#0000D54B000013A5
(1790953869.874023) can0 2A3#0002EB29FFFD410D
(1790953869.874120) can0 2A4#0001245BFFFD551E
(1790953869.874271) can0 2A5#0000133A000007CA
(1790953869.874373) can0 2A6#FFFFF84700000253
(1790953869.874498) can0 2A7#00004EADFFFFFD8E
(1790953869.878783) can0 2A1#0100010000000000
(1790953869.878902) can0 2A2#0000D54B000013A5
(1790953869.879022) can0 2A3#0002EB29FFFD410D
(1790953869.879119) can0 2A4#0001245BFFFD551E
(1790953869.879245) can0 2A5#0000133A000007CA
(1790953869.879369) can0 2A6#FFFFF84700000253
(1790953869.879471) can0 2A7#00004EADFFFFFD8E
